net,length_um
net448,690.255µm
clknet_0_clk,592.97µm
net534,574.48µm
net153,533.88µm
net719,515.02µm
net543,510.32µm
net482,492.14µm
net635,485.895µm
net559,481.39µm
net551,472.43µm
net491,470.87µm
net147,451.66µm
_00436_,447.7µm
net441,446.41µm
net261,445.62µm
net460,436.62µm
net146,436.32µm
net563,431.34µm
net626,423.75µm
_00342_,412.22µm
net473,407.09µm
net265,396.34µm
_01355_,394.09µm
net456,393.32µm
net452,388.49µm
net525,386.4µm
net432,382.65µm
net562,379.415µm
net469,373.85µm
net532,373.815µm
net263,373.32µm
net262,360.61µm
net641,360.53µm
net528,355.65µm
net587,354.38µm
net533,349.675µm
net564,347.94µm
net137,342.48µm
net617,339.7µm
_06762_,333.54µm
net552,331.42µm
_01376_,330.35µm
net542,329.755µm
clk,329.56µm
net555,325.2µm
net560,323.87µm
net636,323.12µm
net601,320.76µm
net259,317.38µm
net566,317.09µm
net499,316.91µm
net653,315.91µm
net715,314.6µm
clknet_3_5__leaf_clk,313.53µm
net440,307.93µm
net1027,307.075µm
net550,302.34µm
net751,298.06µm
net522,297.275µm
net558,296.65µm
net486,295.81µm
_00259_,295.46µm
net119,295.26µm
net141,289.76µm
net576,288.82µm
net567,288.62µm
net718,285.25µm
net546,283.7µm
net597,283.45µm
net521,282.4µm
net940,281.78µm
net657,281.24µm
net1,280.9µm
net541,280.775µm
net513,279.85µm
net612,275.45µm
net427,273.59µm
net650,272.6µm
net506,271.86µm
net531,271.82µm
net31,269.34µm
net652,268.36µm
net502,265.3µm
net420,264.57µm
net70,264.07µm
net4,262.2µm
net461,261.89µm
net72,261.81µm
net606,259.515µm
clknet_3_0__leaf_clk,258.94µm
net457,255.76µm
net554,255.35µm
net523,254.18µm
net472,253.83µm
net453,253.79µm
net592,253.46µm
net535,253.45µm
net257,252.24µm
net149,251.74µm
net599,251.665µm
net466,250.8µm
net411,250.79µm
net598,249.625µm
net416,247.9µm
net639,247.21µm
net638,246.8µm
net435,245.24µm
net338,243.37µm
net607,242.03µm
_00108_,241.83µm
net615,240.74µm
net593,240.41µm
net516,240.03µm
net449,239.7µm
net510,238.44µm
net102,238.17µm
net264,237.025µm
net600,236.925µm
net509,235.74µm
net485,235.06µm
net489,234.24µm
net443,233.63µm
net476,233.175µm
net548,232.92µm
net714,232.23µm
net494,232.005µm
net320,231.955µm
net6,231.74µm
net160,231.72µm
clknet_3_1__leaf_clk,231.18µm
net439,230.88µm
net266,230.11µm
net478,228.73µm
net547,228.46µm
net104,228.08µm
net117,227.76µm
net445,227.6µm
net520,227.19µm
net370,227.005µm
net410,226.82µm
net602,226.15µm
net539,225.22µm
net161,224.4µm
net677,223.04µm
net383,222.68µm
net634,222.19µm
net708,222.105µm
net669,221.735µm
net303,221.67µm
net613,221.485µm
net583,221.26µm
net71,221.01µm
net5,220.47µm
net279,220.23µm
net620,219.85µm
net30,219.48µm
net553,219.42µm
clknet_3_4__leaf_clk,218.77µm
net428,218.59µm
net256,218.38µm
net709,218.2µm
net397,218.045µm
net418,217.195µm
net604,216.995µm
net333,216.905µm
net706,216.33µm
net317,215.135µm
net537,214.945µm
net101,214.6µm
net629,213.49µm
net125,213.37µm
net322,213.37µm
net480,212.76µm
net527,211.74µm
net507,211.52µm
net113,211.515µm
net319,210.87µm
net69,210.78µm
net611,210.18µm
net561,210.06µm
net381,209.41µm
net335,209.4µm
net446,208.14µm
net477,207.42µm
net511,207.28µm
net353,207.11µm
net422,206.73µm
_05315_,206.35µm
net388,206.25µm
net667,206.225µm
net114,205.455µm
net276,205.25µm
net498,205.21µm
net464,204.94µm
net90,204.92µm
net671,204.595µm
net442,204.57µm
net710,204.23µm
net23,204.14µm
net336,203.88µm
net112,203.75µm
net281,203.1µm
net103,202.96µm
net398,202.17µm
_06694_,201.99µm
net497,201.26µm
_00104_,201.025µm
net574,200.86µm
net471,200.8µm
net132,200.63µm
net323,200.59µm
net66,200.51µm
_00261_,199.31µm
net672,199.26µm
net25,199.06µm
net24,199.04µm
net658,198.53µm
net430,197.7µm
net505,197.65µm
net316,197.54µm
net356,197.5µm
net7,195.78µm
net529,195.625µm
net688,195.105µm
net408,194.86µm
net278,194.595µm
net384,194.36µm
net568,193.8µm
net110,193.73µm
clknet_3_7__leaf_clk,193.6µm
net368,193.585µm
net369,193.48µm
net413,193.4µm
net622,193.3µm
net666,192.74µm
net414,192.73µm
net627,192.64µm
net156,192.54µm
net544,192.28µm
net415,192.2µm
net421,192.18µm
net389,192.14µm
net304,192.02µm
net344,191.77µm
net581,191.77µm
net632,191.685µm
net339,190.86µm
net68,190.7µm
net565,190µm
net633,189.66µm
net393,189.64µm
_00685_,189.24µm
net689,188.325µm
net618,187.96µm
net500,187.95µm
net572,187.95µm
net29,187.89µm
net275,187.81µm
net308,187.32µm
net354,187µm
_00231_,186.75µm
net283,186.66µm
net659,186.62µm
net404,185.76µm
net93,185.43µm
net341,185.28µm
net288,185.06µm
_05316_,184.85µm
net8,184.78µm
net681,184.69µm
net357,184.64µm
net605,184.37µm
net591,183.29µm
net372,182.21µm
net17,181.93µm
net105,180.92µm
clknet_3_2__leaf_clk,180.92µm
net693,180.775µm
net73,180.3µm
net121,179.96µm
net22,179.74µm
net717,179.51µm
net269,178.95µm
net391,178.93µm
net41,178.89µm
net301,178.335µm
net373,177.8µm
net120,176.94µm
net674,176.94µm
net293,176.41µm
net32,176.2µm
net377,175.805µm
net640,175.59µm
net503,175.4µm
net100,175.19µm
net330,174.845µm
net853,174.6µm
net396,174.425µm
net684,174.33µm
net571,174.02µm
net325,173.94µm
net109,173.73µm
net412,173.46µm
net514,173.43µm
net290,173.42µm
net664,173.35µm
net624,173.225µm
net363,172.8µm
net327,170.76µm
net656,170.54µm
net295,170.19µm
net631,169.76µm
net569,169.715µm
net426,168.7µm
net347,167.97µm
net118,167.87µm
net675,167.7µm
net682,167.01µm
_06658_,165.86µm
net608,164.7µm
net691,164.43µm
net465,164.16µm
net704,163.715µm
net695,163.3µm
net346,163.17µm
net130,162.96µm
net299,162.74µm
net310,162.735µm
net111,162.65µm
net406,161.92µm
net402,161.79µm
net417,160.94µm
net297,160.76µm
net38,160.74µm
net400,160.62µm
net686,159.9µm
net272,159.315µm
net258,159.15µm
net364,158.92µm
net291,158.745µm
_06659_,158.64µm
_03455_,158µm
net395,157.92µm
net352,156.73µm
net630,156.4µm
net556,156.39µm
_06633_,156.04µm
net247,155.89µm
net355,155.78µm
_03457_,155.64µm
net712,155.07µm
_01610_,155µm
net40,154.9µm
net311,154.64µm
net407,154.625µm
net298,154.175µm
net92,153.69µm
net351,153.5µm
net267,153.275µm
net255,152.96µm
net96,152.7µm
net58,152.57µm
net582,152.14µm
net136,151.54µm
net621,151.45µm
net856,151.17µm
net374,150.81µm
net37,150.69µm
_05285_,150.46µm
net623,149.96µm
net637,149.34µm
net697,148.17µm
net375,148µm
net680,147.21µm
net437,146.86µm
net254,146.66µm
net36,145.95µm
net619,145.82µm
_01611_,145.2µm
net252,143.98µm
_04303_,142.86µm
net649,142.71µm
net249,142.45µm
net687,140.93µm
net349,140.75µm
net126,140.21µm
net348,139.81µm
net61,139.4µm
net524,139.34µm
net628,139.3µm
net702,138.93µm
net83,138.66µm
net651,138.52µm
net329,138.47µm
net654,138.38µm
net487,137.97µm
net578,137.81µm
net852,137.66µm
net647,137.44µm
net19,137.42µm
net74,137.4µm
net588,136.96µm
net302,136.035µm
net366,135.955µm
net332,135.9µm
net64,135.75µm
net250,135.52µm
net595,135.42µm
net484,135.05µm
_03427_,134.73µm
net33,134.72µm
net76,134.56µm
net579,134.555µm
_06174_,134.32µm
net26,134.16µm
net361,133.955µm
net313,132.965µm
net625,132.44µm
net307,132.24µm
net519,131.82µm
net670,131.4µm
net589,131.17µm
net386,131.14µm
_05476_,131.04µm
net711,130.255µm
net65,130.18µm
net106,129.66µm
net248,129.46µm
net34,129.41µm
net379,129.19µm
net54,128.385µm
clknet_3_3__leaf_clk,128.26µm
net470,127.92µm
net580,127.7µm
net85,126.8µm
net251,126.64µm
net459,126.14µm
net129,125.85µm
_03426_,125.72µm
net462,125.38µm
net87,124.54µm
net260,123.95µm
net545,123.44µm
net122,123.095µm
net458,122.98µm
net116,122.59µm
net661,121.69µm
net97,121.48µm
net665,121.32µm
net82,121.08µm
net343,121.01µm
net463,120.4µm
_01581_,120.11µm
_06803_,120.04µm
net28,119.71µm
net454,119.59µm
net610,119.52µm
net705,119.275µm
net286,119.02µm
net13,118.78µm
net88,118.6µm
net609,118.54µm
net585,117.76µm
net270,117.75µm
net990,117.66µm
_01768_,117.22µm
net59,117.08µm
net67,116.87µm
net642,116.62µm
net495,116.6µm
net700,116.08µm
_00676_,115.84µm
net91,115.82µm
net18,115.595µm
net14,115.54µm
net488,115.49µm
net360,115.4µm
net21,115.37µm
_03617_,115.16µm
net39,114.91µm
net35,114.78µm
net483,114.58µm
net474,114.33µm
net713,114.31µm
net16,114.18µm
net15,114.1µm
net493,113.92µm
net359,112.425µm
net367,112.12µm
net51,111.67µm
net10,111.46µm
net467,111.3µm
net690,111.26µm
_06164_,111.22µm
_02056_,110.74µm
net701,110.415µm
net274,110.16µm
net438,110.11µm
net526,110.02µm
clknet_3_6__leaf_clk,109.78µm
net557,109.4µm
net123,109.26µm
net434,109.18µm
net62,109.06µm
net9,109.04µm
net433,108.98µm
net246,108.59µm
net49,108.25µm
net475,108.14µm
net455,108.12µm
_00553_,108.04µm
net98,108.04µm
net81,107.98µm
_01365_,107.96µm
net305,107.69µm
net166,107.44µm
net451,107.44µm
net496,107.38µm
net115,107.36µm
net450,107.36µm
_06804_,107.14µm
net501,107.07µm
net60,106.74µm
net540,106.625µm
net169,106.48µm
_00377_,106.16µm
_00044_,105.76µm
_04298_,105.59µm
_05826_,105.48µm
net424,105.3µm
net99,105.2µm
net423,105.2µm
_01387_,105.16µm
net549,104.62µm
net362,103.89µm
net124,103.82µm
net168,103.6µm
net219,103.26µm
net492,102.82µm
_02057_,102.6µm
net331,102.59µm
net108,102.54µm
_01726_,102.42µm
_06026_,102.24µm
net444,100.62µm
net394,100.355µm
net167,99.62µm
net306,99.565µm
net663,99.355µm
net3,98.98µm
net2,98.74µm
net77,98.36µm
net287,98.22µm
net53,97.5µm
net573,97.5µm
net590,97.155µm
net218,96.94µm
net220,96.86µm
net131,96.74µm
net515,96.58µm
net55,96.28µm
net447,96.07µm
net324,94.88µm
net94,94.55µm
_06801_,94.16µm
net127,94.1µm
net577,93.32µm
net596,92.9µm
net57,92.44µm
net481,92.2µm
_03964_,91.94µm
net504,91.84µm
net385,91.2µm
net284,90.82µm
net80,90.56µm
net158,89.42µm
net570,89.27µm
net431,88.88µm
net530,88.33µm
net342,88.16µm
net79,87.93µm
_06408_,87.9µm
net337,87.27µm
net89,86.82µm
_01893_,86.24µm
net425,85.515µm
net159,85.26µm
net27,84.48µm
net575,84.12µm
net277,84.03µm
net157,84µm
net716,83.28µm
_02454_,81µm
net703,80.675µm
net683,80.22µm
net42,80.16µm
net326,80.15µm
net679,79.695µm
net1031,79.64µm
net678,79.6µm
net296,79.2µm
net314,79.2µm
net50,79.12µm
net490,78.46µm
net285,77.54µm
net699,77.525µm
net63,76.86µm
net128,76.3µm
net766,76.24µm
net468,76.2µm
net334,76.05µm
_00258_,76.02µm
_05946_,75.86µm
net345,75.13µm
net280,74.78µm
net52,74.3µm
net84,73.74µm
net594,73.66µm
net358,73.65µm
net584,73.435µm
_02122_,72.72µm
net382,72.68µm
_00482_,72.46µm
_05603_,72.43µm
net135,72.16µm
_02682_,72.08µm
_02235_,72.06µm
net429,72.06µm
net20,71.96µm
_05971_,71.88µm
net289,71.3µm
net312,70.92µm
_03836_,70.82µm
net614,70.715µm
net56,70.1µm
_00174_,70.04µm
net392,69.92µm
net409,69.78µm
net536,69.585µm
net134,68.9µm
net643,68.74µm
net692,68.74µm
_01508_,68.22µm
net944,67.34µm
net673,67.3µm
net148,67.12µm
net292,66.88µm
net698,66.86µm
_00423_,66.72µm
net655,66.72µm
_01857_,66.48µm
net318,66.08µm
net11,65.28µm
net300,65.2µm
net309,65.04µm
net508,64.56µm
_00504_,64.44µm
net282,64.11µm
_05887_,63.84µm
net646,63.82µm
_02519_,63.74µm
_00260_,63.62µm
_02447_,63.61µm
net95,63.42µm
net778,63.38µm
net517,63.28µm
_02336_,63.22µm
net12,63.2µm
_04080_,63.16µm
net133,63.08µm
net321,63.02µm
_03745_,62.87µm
net662,62.56µm
net660,62.295µm
_05528_,62.28µm
_04105_,62.2µm
net154,62.1µm
_05877_,61.66µm
_02317_,61.6µm
net365,61.205µm
_04369_,61.1µm
_03901_,60.56µm
net512,60.325µm
net155,59.98µm
_00429_,59.32µm
net350,59.12µm
_01051_,58.66µm
_00675_,58.04µm
net380,57.94µm
net694,57.78µm
_01285_,57.44µm
net371,57.14µm
net86,57.1µm
net43,57.05µm
_04685_,57.03µm
_06293_,56.72µm
_01991_,56.68µm
net479,56.35µm
net668,56.26µm
net399,56.13µm
_00783_,56µm
net685,55.84µm
net150,55.56µm
net45,55.32µm
net340,55.09µm
net676,54.98µm
_03428_,54.76µm
net315,54.54µm
_05226_,54.38µm
_04147_,54.26µm
_00959_,54.18µm
_02363_,53.96µm
_03669_,53.85µm
_06013_,53.78µm
_04695_,53.495µm
net151,53.32µm
_01989_,53.22µm
net387,53.06µm
_05761_,52.62µm
_04725_,52.48µm
_04160_,52.38µm
net390,52.22µm
net268,51.98µm
net403,51.96µm
net273,51.9µm
_04212_,51.88µm
_00568_,51.66µm
_06327_,51.535µm
_02887_,51.48µm
_03612_,51.2µm
_00446_,51.04µm
_02492_,51.02µm
_00319_,50.93µm
_03108_,50.64µm
_06239_,50.5µm
_05714_,50.34µm
_02493_,50.28µm
_06798_,50.24µm
_02951_,49.9µm
net376,49.9µm
_05354_,49.88µm
_04350_,49.74µm
net294,49.67µm
net271,49.56µm
_03332_,49.51µm
_00925_,49.42µm
_05531_,49.34µm
_03365_,49.325µm
_00481_,49.18µm
_04078_,49.18µm
_00851_,49.165µm
_06522_,49.16µm
_06670_,49.06µm
_00304_,48.94µm
_04529_,48.9µm
_00125_,48.88µm
_06146_,48.78µm
_02913_,48.68µm
_05722_,48.6µm
_02596_,48.58µm
_05945_,48.46µm
net401,48.4µm
_06076_,48.38µm
net586,48.36µm
_04610_,48.3µm
_06215_,48.22µm
net47,47.97µm
_05329_,47.86µm
_06549_,47.72µm
_00750_,47.56µm
net707,47.4µm
_00126_,47.24µm
_06046_,47.22µm
_01222_,47.12µm
_02859_,46.88µm
_06392_,46.88µm
_02629_,46.78µm
_02335_,46.66µm
_00598_,46.5µm
_02829_,46.34µm
_00996_,46.32µm
_03508_,46.3µm
_00884_,46.23µm
_05072_,46.12µm
net645,46.1µm
net538,45.9µm
_01490_,45.8µm
_02262_,45.62µm
_06634_,45.4µm
_06695_,45.3µm
_04492_,45.24µm
_02844_,45.16µm
_03462_,45.14µm
_06420_,45.08µm
_01894_,45.04µm
_04467_,44.98µm
_02520_,44.94µm
net419,44.78µm
_02007_,44.76µm
_06316_,44.76µm
_06708_,44.74µm
net152,44.72µm
_05193_,44.66µm
_06548_,44.61µm
_03854_,44.325µm
_03982_,43.9µm
_06179_,43.86µm
_03690_,43.74µm
_04461_,43.66µm
_00411_,43.64µm
_02747_,43.54µm
_01489_,43.49µm
net44,43.48µm
_01763_,43.46µm
_04370_,43.38µm
_00743_,43.18µm
_03048_,43.14µm
_02720_,43.08µm
_01624_,43.04µm
_06357_,42.5µm
_00299_,42.4µm
_04543_,42.39µm
_05288_,42.36µm
_02515_,42.12µm
_06635_,41.92µm
_00660_,41.86µm
_04142_,41.82µm
_01100_,41.72µm
_00924_,41.56µm
_05225_,41.56µm
_03738_,41.54µm
_03879_,41.52µm
_04659_,41.26µm
_05368_,41.06µm
net436,41.02µm
_04163_,40.86µm
_06442_,40.8µm
_04664_,40.77µm
_05859_,40.68µm
net616,40.58µm
_04577_,40.48µm
_00537_,40.44µm
_02033_,40.375µm
_06009_,40.36µm
_02190_,40.22µm
_01828_,40.18µm
_03331_,40.18µm
_05552_,40.16µm
_05739_,40.14µm
_06244_,39.97µm
_02302_,39.82µm
_03123_,39.8µm
_03470_,39.8µm
net941,39.78µm
_06307_,39.62µm
_05548_,39.44µm
_04615_,39.325µm
_01703_,39.17µm
_03997_,39.14µm
_06216_,39µm
_05507_,38.86µm
_02466_,38.84µm
_06597_,38.84µm
_05570_,38.82µm
_05718_,38.48µm
_03181_,38.45µm
_01832_,38.42µm
_05373_,38.4µm
_01273_,38.34µm
_03676_,38.34µm
net942,38.28µm
_02792_,38.26µm
_05553_,38.22µm
_00117_,38.16µm
_01522_,38.08µm
_04279_,38.08µm
_01919_,38.04µm
_00298_,38.02µm
_04773_,38.02µm
_06315_,38.02µm
_01993_,37.96µm
_04908_,37.93µm
_00450_,37.92µm
_05844_,37.88µm
_06474_,37.88µm
_04161_,37.78µm
_01178_,37.775µm
_06151_,37.76µm
_02303_,37.745µm
_01841_,37.74µm
_04058_,37.74µm
_06182_,37.64µm
_05705_,37.54µm
_03391_,37.52µm
_01584_,37.515µm
_06035_,37.48µm
_01648_,37.32µm
_06360_,37.32µm
_00813_,37.24µm
_00995_,37.22µm
_00116_,37.17µm
_04986_,36.98µm
net776,36.88µm
_02739_,36.86µm
_05541_,36.86µm
_01547_,36.82µm
_03691_,36.78µm
_05872_,36.78µm
_00999_,36.68µm
_04454_,36.68µm
_03082_,36.66µm
_01373_,36.625µm
_06333_,36.62µm
_01820_,36.49µm
_00399_,36.44µm
_06331_,36.44µm
_03894_,36.4µm
_02427_,36.34µm
_04491_,36.34µm
_00091_,36.24µm
_00419_,36.22µm
_04541_,36.21µm
_05540_,36.16µm
_05534_,36.09µm
_01869_,36.06µm
_01680_,36.04µm
_06288_,36.04µm
_03049_,36.02µm
_04010_,35.98µm
_01349_,35.94µm
_01827_,35.84µm
_02168_,35.84µm
_05592_,35.8µm
_00128_,35.76µm
net107,35.74µm
_02769_,35.72µm
_05194_,35.68µm
_00852_,35.67µm
_04964_,35.64µm
_05112_,35.64µm
_05425_,35.64µm
_02082_,35.6µm
_05211_,35.52µm
_00823_,35.48µm
net696,35.465µm
_01608_,35.44µm
_02798_,35.4µm
_03858_,35.3µm
_01027_,35.24µm
_05056_,35.24µm
_00435_,35.2µm
_04576_,35.18µm
_05863_,35.1µm
_00084_,35.04µm
_01228_,35.04µm
_06558_,35.02µm
_02556_,35µm
_05184_,35µm
_02819_,34.95µm
_02462_,34.86µm
_06735_,34.84µm
_02527_,34.82µm
_01663_,34.8µm
_04452_,34.78µm
_06559_,34.74µm
_01543_,34.72µm
_00403_,34.69µm
_01130_,34.68µm
_00723_,34.66µm
_04283_,34.54µm
_03340_,34.52µm
_04496_,34.505µm
_00541_,34.44µm
_05695_,34.44µm
net905,34.44µm
_05470_,34.36µm
_00107_,34.32µm
_00407_,34.28µm
_05535_,34.2µm
_05357_,34.18µm
_00112_,34.16µm
_01616_,34.16µm
_04497_,34.16µm
_02828_,34.14µm
_04569_,34.14µm
_05251_,34.14µm
_06444_,34.1µm
_00239_,34.08µm
_06809_,34.08µm
_02187_,34.04µm
_01861_,34.02µm
_02975_,34.02µm
_01140_,33.96µm
_04650_,33.96µm
_06017_,33.9µm
_00236_,33.88µm
_06577_,33.86µm
_03308_,33.84µm
_04742_,33.82µm
_05550_,33.82µm
_00215_,33.815µm
_05506_,33.74µm
_05424_,33.66µm
_06757_,33.6µm
_01990_,33.52µm
_04311_,33.52µm
_03364_,33.48µm
_04745_,33.46µm
_00819_,33.42µm
_00127_,33.32µm
_05514_,33.32µm
_03672_,33.3µm
net378,33.235µm
_01270_,33.2µm
_04374_,33.14µm
_02570_,33.1µm
_04578_,33.1µm
_00690_,33.08µm
_05045_,33.05µm
_01583_,33.04µm
_00279_,32.98µm
_04972_,32.88µm
_04663_,32.82µm
_03840_,32.78µm
_02172_,32.72µm
_05709_,32.7µm
_04401_,32.68µm
_04812_,32.66µm
_04414_,32.62µm
_00263_,32.58µm
_04264_,32.58µm
_03453_,32.56µm
_00955_,32.485µm
_01464_,32.46µm
_00111_,32.44µm
_00461_,32.44µm
_01367_,32.42µm
_04644_,32.42µm
_01807_,32.36µm
_05896_,32.36µm
_04987_,32.34µm
_06601_,32.34µm
_00083_,32.32µm
_03937_,32.32µm
_01833_,32.28µm
_01668_,32.26µm
_03382_,32.19µm
_03720_,32.16µm
_01880_,32.12µm
_00979_,32µm
_00726_,31.96µm
_03845_,31.92µm
_01722_,31.86µm
_04419_,31.86µm
_05433_,31.835µm
_04694_,31.76µm
_02426_,31.73µm
_04673_,31.68µm
_04028_,31.66µm
net75,31.62µm
_01521_,31.58µm
_03540_,31.58µm
_04968_,31.56µm
_05530_,31.56µm
_06095_,31.56µm
_03692_,31.54µm
_05363_,31.54µm
_00751_,31.52µm
_03993_,31.48µm
_02635_,31.46µm
_01018_,31.42µm
_06251_,31.42µm
_03083_,31.4µm
_04730_,31.36µm
_03725_,31.355µm
_05577_,31.34µm
_02146_,31.3µm
_02012_,31.26µm
_06716_,31.26µm
_03948_,31.22µm
_05385_,31.18µm
_03631_,31.16µm
_02016_,31.14µm
_02718_,31.14µm
_03992_,31.1µm
_04817_,31.1µm
_03147_,31.08µm
_00424_,31.04µm
_01842_,31µm
_05701_,30.92µm
_06698_,30.9µm
_03681_,30.88µm
_04274_,30.845µm
_02606_,30.84µm
net405,30.835µm
_03677_,30.8µm
_01119_,30.78µm
_04465_,30.78µm
_05200_,30.76µm
_02494_,30.73µm
_04434_,30.72µm
_04313_,30.68µm
_00978_,30.66µm
_04001_,30.62µm
_06123_,30.62µm
_06662_,30.6µm
_00567_,30.52µm
_00926_,30.52µm
_05129_,30.52µm
_04347_,30.46µm
_00267_,30.32µm
_02225_,30.32µm
_06063_,30.315µm
_06494_,30.28µm
_00106_,30.26µm
_01500_,30.24µm
_00283_,30.2µm
_06155_,30.12µm
_05549_,30.1µm
_04381_,30.08µm
_04718_,30.08µm
_06319_,30.08µm
_03117_,30.04µm
_06753_,30.03µm
_00691_,30.02µm
_05437_,30.02µm
_02659_,29.95µm
_00287_,29.94µm
_01999_,29.94µm
_04573_,29.92µm
_05480_,29.88µm
_05843_,29.86µm
_02647_,29.83µm
_04073_,29.82µm
_04920_,29.8µm
_00848_,29.78µm
_02425_,29.76µm
_05243_,29.715µm
_04296_,29.68µm
_02437_,29.66µm
_01506_,29.62µm
_03429_,29.61µm
_00588_,29.6µm
_04493_,29.56µm
_04686_,29.52µm
_04768_,29.52µm
_02450_,29.475µm
_05428_,29.46µm
_02008_,29.44µm
_00042_,29.42µm
_02063_,29.4µm
_01341_,29.39µm
_03055_,29.38µm
_03343_,29.38µm
_06770_,29.36µm
_04958_,29.32µm
_06220_,29.3µm
_04779_,29.28µm
_00271_,29.26µm
_04299_,29.24µm
_04005_,29.21µm
_04410_,29.18µm
_01975_,29.16µm
_05747_,29.16µm
_06330_,29.16µm
_01000_,29.13µm
_01843_,29.04µm
_03643_,29.02µm
_01223_,29µm
_06613_,28.98µm
_03770_,28.97µm
_01262_,28.94µm
_05386_,28.92µm
_03622_,28.9µm
_04138_,28.9µm
_04278_,28.84µm
_02609_,28.82µm
_05855_,28.82µm
_02155_,28.78µm
_02483_,28.76µm
net765,28.76µm
_01159_,28.68µm
net328,28.665µm
_00754_,28.62µm
_00151_,28.58µm
_01339_,28.57µm
_00847_,28.56µm
_01251_,28.56µm
_05287_,28.56µm
_02150_,28.54µm
_01501_,28.53µm
_05893_,28.49µm
_02879_,28.48µm
_02294_,28.44µm
_02449_,28.44µm
_02163_,28.4µm
_01774_,28.38µm
_01069_,28.36µm
_00710_,28.34µm
_01192_,28.34µm
_01652_,28.34µm
_00383_,28.32µm
_02333_,28.32µm
_05879_,28.32µm
_05512_,28.3µm
_05085_,28.26µm
_06247_,28.215µm
_01394_,28.19µm
_02174_,28.16µm
_04016_,28.14µm
_06593_,28.1µm
_00969_,28.08µm
_03182_,28.08µm
_00822_,28.04µm
_02716_,28.02µm
_06782_,28.02µm
_03342_,27.98µm
net196,27.94µm
_03929_,27.88µm
_03653_,27.86µm
_01081_,27.84µm
_01693_,27.84µm
_06808_,27.835µm
_06180_,27.82µm
_01968_,27.76µm
_03682_,27.76µm
_04151_,27.76µm
_06657_,27.76µm
_00471_,27.72µm
_00064_,27.68µm
_05988_,27.64µm
_01805_,27.58µm
_01335_,27.56µm
_02159_,27.56µm
_06693_,27.56µm
_02066_,27.54µm
_05674_,27.54µm
_06534_,27.54µm
_05062_,27.52µm
_06099_,27.52µm
_02785_,27.48µm
_06318_,27.48µm
_00755_,27.46µm
_02080_,27.42µm
_05924_,27.42µm
_03208_,27.38µm
_04376_,27.38µm
_06437_,27.38µm
_03519_,27.375µm
_00225_,27.32µm
_01854_,27.32µm
_05047_,27.32µm
_05584_,27.32µm
_00722_,27.3µm
_02132_,27.2µm
_03169_,27.2µm
_05868_,27.2µm
_05099_,27.19µm
_03593_,27.18µm
_02528_,27.16µm
_02704_,27.145µm
_01334_,27.14µm
_04911_,27.14µm
_02180_,27.12µm
_02326_,27.12µm
_06715_,27.12µm
_00475_,27.1µm
_03267_,27.1µm
_03341_,27.1µm
_03710_,27.1µm
_03887_,27.1µm
_01374_,27.06µm
_03328_,27.06µm
_03189_,27.055µm
_04825_,27.02µm
_06737_,27µm
_04201_,26.995µm
_03493_,26.98µm
_01941_,26.97µm
_01452_,26.96µm
_03514_,26.96µm
_05596_,26.84µm
_00545_,26.82µm
_03753_,26.82µm
_02261_,26.74µm
_01007_,26.735µm
_04792_,26.68µm
_04621_,26.66µm
_00740_,26.64µm
_01952_,26.64µm
_03820_,26.64µm
_04258_,26.64µm
_04649_,26.64µm
_01852_,26.62µm
_01602_,26.59µm
_06359_,26.585µm
_01798_,26.58µm
_03076_,26.58µm
_00043_,26.56µm
_01026_,26.56µm
_03045_,26.56µm
_03497_,26.52µm
_03487_,26.5µm
_02308_,26.46µm
_01427_,26.42µm
_00202_,26.38µm
_05961_,26.36µm
_02496_,26.34µm
_01121_,26.32µm
_06404_,26.285µm
_00434_,26.28µm
_01353_,26.26µm
_00835_,26.24µm
_04069_,26.21µm
_03815_,26.2µm
_01494_,26.16µm
_02549_,26.16µm
_06279_,26.16µm
_05894_,26.14µm
_00770_,26.12µm
_02654_,26.12µm
_00142_,26.11µm
_04717_,26.085µm
_03096_,26.08µm
_01135_,26.04µm
_01179_,26.04µm
_04913_,26µm
_02618_,25.965µm
_06085_,25.96µm
_01340_,25.94µm
_05567_,25.94µm
_01887_,25.92µm
_02740_,25.92µm
_00130_,25.82µm
_02049_,25.82µm
_05263_,25.82µm
_03198_,25.78µm
_06160_,25.74µm
_06014_,25.69µm
_05678_,25.6µm
_06355_,25.58µm
_05394_,25.52µm
_01297_,25.44µm
_05393_,25.4µm
_04970_,25.39µm
_01847_,25.38µm
_05063_,25.38µm
_00132_,25.36µm
_03275_,25.32µm
_03898_,25.32µm
_02416_,25.28µm
_01160_,25.24µm
_03221_,25.23µm
_03379_,25.22µm
_04549_,25.22µm
_00820_,25.18µm
_01279_,25.18µm
_03386_,25.16µm
_04533_,25.16µm
_02678_,25.14µm
_05970_,25.14µm
_00168_,25.1µm
_02428_,25.1µm
_03647_,25.1µm
_05551_,25.1µm
_01232_,25.08µm
_05715_,25.08µm
_05308_,24.98µm
_06094_,24.97µm
_02423_,24.94µm
_00664_,24.92µm
_01493_,24.9µm
_01190_,24.88µm
_05473_,24.88µm
_05275_,24.86µm
_04253_,24.84µm
_04922_,24.84µm
_01773_,24.8µm
_05546_,24.8µm
_05626_,24.8µm
_06526_,24.79µm
_00029_,24.78µm
_02128_,24.78µm
_03121_,24.76µm
_03114_,24.72µm
_06574_,24.72µm
_00669_,24.71µm
_06511_,24.7µm
_06062_,24.66µm
_03184_,24.605µm
_00316_,24.6µm
_01963_,24.6µm
_02234_,24.6µm
_05558_,24.6µm
_06320_,24.6µm
_04183_,24.59µm
_02286_,24.56µm
_01200_,24.54µm
_01764_,24.54µm
_01582_,24.52µm
_05016_,24.48µm
_00345_,24.44µm
_05247_,24.44µm
_02161_,24.38µm
_03696_,24.38µm
_01010_,24.36µm
_04345_,24.34µm
_04795_,24.3µm
_06466_,24.3µm
_06799_,24.3µm
_02232_,24.28µm
_02616_,24.28µm
_00243_,24.26µm
_06498_,24.26µm
_02797_,24.24µm
_03644_,24.24µm
_05166_,24.24µm
_01184_,24.23µm
_05472_,24.22µm
_00002_,24.2µm
_03863_,24.2µm
_04029_,24.2µm
_05792_,24.2µm
_03693_,24.18µm
_03855_,24.18µm
_02512_,24.14µm
_02895_,24.11µm
_02215_,24.1µm
_05353_,24.06µm
_00697_,24.035µm
_02076_,24.03µm
_01084_,24.02µm
_01526_,24.02µm
_05699_,24.02µm
_00779_,24µm
_03849_,24µm
_01337_,23.98µm
_04148_,23.98µm
_04955_,23.98µm
_05128_,23.96µm
_02298_,23.94µm
_03035_,23.94µm
_04041_,23.9µm
_00614_,23.88µm
_05867_,23.88µm
_02777_,23.875µm
_05201_,23.84µm
_02224_,23.82µm
_04903_,23.82µm
_00672_,23.79µm
_01872_,23.78µm
_01271_,23.765µm
_04379_,23.76µm
_04486_,23.76µm
_04413_,23.74µm
_02557_,23.72µm
_04122_,23.72µm
_04211_,23.72µm
_06489_,23.72µm
_02340_,23.7µm
_02960_,23.7µm
net240,23.69µm
_01358_,23.685µm
_02667_,23.66µm
_05375_,23.65µm
_00428_,23.64µm
_03176_,23.64µm
_02587_,23.62µm
_05048_,23.62µm
_05177_,23.62µm
_01789_,23.58µm
_00277_,23.56µm
_05334_,23.56µm
_00001_,23.54µm
_04361_,23.54µm
_01233_,23.52µm
_02259_,23.52µm
_02783_,23.52µm
_05544_,23.52µm
_01686_,23.5µm
_02983_,23.5µm
_04172_,23.5µm
_01839_,23.46µm
_04277_,23.46µm
_04459_,23.42µm
_02463_,23.4µm
_06034_,23.4µm
_02807_,23.38µm
_05399_,23.38µm
_02511_,23.36µm
_03060_,23.36µm
_00682_,23.34µm
_02003_,23.3µm
_06496_,23.26µm
_00693_,23.24µm
_05011_,23.22µm
_01844_,23.2µm
_03322_,23.2µm
_04632_,23.2µm
_01799_,23.16µm
_03095_,23.14µm
_01191_,23.1µm
_05165_,23.1µm
_03689_,23.09µm
_04574_,23.08µm
_00561_,23.04µm
_03199_,23.025µm
_06564_,23.02µm
_04933_,23.01µm
_01182_,22.98µm
_02099_,22.98µm
_03920_,22.96µm
_03642_,22.94µm
_04560_,22.94µm
_00533_,22.92µm
_03698_,22.92µm
_00275_,22.88µm
_03880_,22.88µm
_03707_,22.87µm
_00880_,22.86µm
_03791_,22.85µm
_05407_,22.84µm
_06124_,22.82µm
_00361_,22.8µm
_04282_,22.8µm
_03623_,22.74µm
_00597_,22.72µm
_02139_,22.72µm
_02351_,22.72µm
_01959_,22.71µm
_01082_,22.66µm
_01399_,22.66µm
_02603_,22.64µm
_05502_,22.64µm
_05418_,22.62µm
_05892_,22.62µm
_05609_,22.6µm
_06042_,22.6µm
_00122_,22.58µm
_04562_,22.58µm
_03352_,22.54µm
_01220_,22.52µm
_02407_,22.5µm
_05401_,22.5µm
_00673_,22.48µm
_04900_,22.48µm
_01860_,22.46µm
_03525_,22.46µm
_04910_,22.45µm
_02230_,22.4µm
_02547_,22.4µm
_05947_,22.4µm
_03695_,22.38µm
_03515_,22.34µm
_02381_,22.26µm
_04580_,22.26µm
_04948_,22.26µm
_06428_,22.26µm
_06674_,22.26µm
_03104_,22.24µm
_04873_,22.24µm
_00560_,22.22µm
_01210_,22.22µm
_02816_,22.22µm
_02996_,22.22µm
_03599_,22.22µm
_00207_,22.2µm
_01015_,22.2µm
_03859_,22.2µm
_00998_,22.16µm
_06718_,22.16µm
_00412_,22.15µm
_04112_,22.14µm
_05598_,22.14µm
_06738_,22.14µm
_01219_,22.12µm
_03027_,22.12µm
_04181_,22.1µm
_04940_,22.1µm
_00678_,22.04µm
_02598_,22.04µm
_04004_,22.04µm
_06128_,22.04µm
_06281_,22.04µm
_04470_,22.02µm
_00946_,21.98µm
_04000_,21.96µm
_06592_,21.95µm
_02181_,21.93µm
_00414_,21.92µm
_04879_,21.905µm
_00278_,21.88µm
_03256_,21.88µm
_01244_,21.8µm
_04156_,21.8µm
_00063_,21.78µm
_01044_,21.78µm
_02712_,21.7µm
_02743_,21.7µm
_03351_,21.7µm
_04878_,21.7µm
net234,21.7µm
_03195_,21.68µm
_02021_,21.66µm
_06554_,21.66µm
_02652_,21.62µm
_03059_,21.62µm
_03570_,21.62µm
_01795_,21.6µm
_01221_,21.58µm
_00724_,21.56µm
_02979_,21.54µm
_06639_,21.54µm
_06691_,21.54µm
_04019_,21.52µm
_04530_,21.52µm
_06807_,21.52µm
_01823_,21.5µm
_00656_,21.49µm
_05190_,21.48µm
_05202_,21.48µm
_03235_,21.47µm
_00915_,21.46µm
_00393_,21.44µm
_00366_,21.43µm
_03334_,21.38µm
_01468_,21.37µm
_03861_,21.36µm
_05212_,21.36µm
_06713_,21.36µm
_01931_,21.34µm
_00163_,21.32µm
_05178_,21.32µm
_02947_,21.3µm
_03652_,21.3µm
_04348_,21.3µm
_00326_,21.28µm
_01862_,21.28µm
_04333_,21.28µm
_06422_,21.28µm
_00494_,21.26µm
_01266_,21.24µm
_04545_,21.24µm
_05634_,21.23µm
_01559_,21.22µm
_02771_,21.2µm
_05244_,21.2µm
_03290_,21.18µm
_03781_,21.16µm
_05055_,21.16µm
_04924_,21.15µm
_02188_,21.13µm
_00502_,21.12µm
_01629_,21.12µm
_04654_,21.12µm
_05911_,21.12µm
_06575_,21.12µm
_04231_,21.1µm
_05231_,21.06µm
_00089_,21.02µm
_03041_,21.02µm
_04329_,21µm
_04382_,20.97µm
_00343_,20.92µm
_00896_,20.92µm
_01286_,20.92µm
_01683_,20.92µm
_03479_,20.92µm
_06562_,20.92µm
_02044_,20.9µm
_06445_,20.9µm
_05224_,20.88µm
_02318_,20.865µm
_03261_,20.86µm
_04312_,20.84µm
_06261_,20.84µm
_06513_,20.84µm
_01538_,20.835µm
_01765_,20.8µm
_04851_,20.8µm
_03029_,20.795µm
_00986_,20.78µm
_02414_,20.78µm
_01497_,20.76µm
_03006_,20.76µm
_05384_,20.76µm
_03191_,20.74µm
_06550_,20.74µm
_00075_,20.71µm
_00659_,20.7µm
_01603_,20.7µm
_02055_,20.7µm
_02657_,20.68µm
_05170_,20.68µm
_05935_,20.66µm
_01372_,20.62µm
_03988_,20.62µm
_01419_,20.6µm
_03001_,20.6µm
net209,20.58µm
_00639_,20.56µm
_02688_,20.545µm
_01408_,20.54µm
_04586_,20.54µm
_06147_,20.54µm
_02906_,20.52µm
_03685_,20.52µm
_02919_,20.5µm
_00308_,20.48µm
_02461_,20.46µm
_03303_,20.46µm
_00801_,20.44µm
_01480_,20.42µm
_04666_,20.42µm
_01245_,20.4µm
_02204_,20.4µm
_02719_,20.4µm
_04539_,20.4µm
_05380_,20.4µm
_05402_,20.4µm
_02672_,20.38µm
_03542_,20.38µm
_04892_,20.38µm
_05985_,20.36µm
net145,20.36µm
_01718_,20.34µm
_00556_,20.3µm
_01845_,20.3µm
_04442_,20.3µm
_05561_,20.3µm
_06238_,20.29µm
_04368_,20.28µm
_01926_,20.27µm
_02361_,20.24µm
_03057_,20.2µm
_03566_,20.2µm
_03910_,20.2µm
_05132_,20.2µm
_01298_,20.18µm
_03014_,20.16µm
_05655_,20.16µm
_00636_,20.12µm
_02991_,20.12µm
_01096_,20.1µm
_00129_,20.08µm
_02902_,20.06µm
_00894_,20.04µm
_03225_,20.04µm
_03613_,20.04µm
_05661_,20.04µm
net603,20.02µm
_01485_,20µm
_03359_,20µm
_02681_,19.99µm
_03250_,19.98µm
_06184_,19.97µm
_05027_,19.96µm
_02182_,19.94µm
_01291_,19.92µm
_01758_,19.92µm
_04991_,19.92µm
_00203_,19.89µm
_04449_,19.88µm
_01064_,19.84µm
_01231_,19.84µm
_02278_,19.84µm
_05780_,19.84µm
_06414_,19.84µm
_03321_,19.79µm
_00911_,19.78µm
_06567_,19.78µm
_04189_,19.765µm
_00968_,19.76µm
_02200_,19.76µm
_03579_,19.76µm
_01834_,19.72µm
_06043_,19.72µm
_02456_,19.7µm
_01868_,19.695µm
_01840_,19.68µm
_05864_,19.665µm
_02499_,19.64µm
_02604_,19.64µm
_00540_,19.62µm
_06447_,19.62µm
_00518_,19.58µm
_01762_,19.58µm
_00825_,19.56µm
_03238_,19.54µm
_01090_,19.5µm
_06741_,19.5µm
_00643_,19.495µm
_05033_,19.48µm
_01347_,19.44µm
_01185_,19.4µm
_03339_,19.38µm
_01615_,19.36µm
_02032_,19.36µm
_05222_,19.36µm
_03338_,19.34µm
_04318_,19.32µm
_02075_,19.3µm
_02164_,19.28µm
_05650_,19.255µm
_06230_,19.23µm
_06075_,19.2µm
_04330_,19.19µm
_00544_,19.16µm
_06300_,19.16µm
_00134_,19.14µm
_00637_,19.12µm
_04232_,19.12µm
_05053_,19.12µm
_00737_,19.1µm
_03091_,19.06µm
_05295_,19.06µm
_02151_,19.04µm
_03350_,19.04µm
_03872_,19.04µm
_04772_,19.04µm
_04895_,19.04µm
_05398_,19.04µm
_06561_,19.04µm
_01384_,19.02µm
_01972_,19.02µm
_02372_,19.02µm
_03177_,19.01µm
_06324_,19.005µm
_00897_,18.96µm
_03526_,18.94µm
_04281_,18.94µm
_04302_,18.94µm
_06101_,18.94µm
_06351_,18.94µm
_06133_,18.92µm
_05049_,18.9µm
_06682_,18.88µm
_02958_,18.86µm
_01319_,18.8µm
_01710_,18.8µm
_03996_,18.8µm
_02923_,18.78µm
_03320_,18.78µm
_02250_,18.77µm
_00152_,18.76µm
_01003_,18.76µm
_01822_,18.75µm
_06439_,18.745µm
_03129_,18.74µm
_05934_,18.74µm
_04002_,18.735µm
_05264_,18.725µm
_00828_,18.72µm
_04003_,18.7µm
_01406_,18.66µm
_01902_,18.66µm
_03393_,18.66µm
_05862_,18.66µm
_02123_,18.64µm
_06389_,18.64µm
_02560_,18.6µm
_05441_,18.6µm
_00788_,18.58µm
_04266_,18.54µm
_03867_,18.52µm
_02272_,18.5µm
_02605_,18.5µm
_05670_,18.5µm
net855,18.5µm
_05880_,18.48µm
_06010_,18.48µm
_01060_,18.46µm
_01165_,18.46µm
_01504_,18.46µm
_01688_,18.46µm
_01515_,18.44µm
_03034_,18.44µm
_03802_,18.44µm
_04121_,18.44µm
_05547_,18.44µm
net143,18.44µm
_01491_,18.42µm
_00922_,18.4µm
_01326_,18.4µm
_01357_,18.4µm
_05090_,18.4µm
_03869_,18.38µm
_06505_,18.38µm
_01669_,18.36µm
_04155_,18.36µm
_05545_,18.36µm
_03714_,18.35µm
_03971_,18.34µm
_05077_,18.3µm
_05254_,18.28µm
_00596_,18.26µm
_04912_,18.24µm
_01731_,18.22µm
_02526_,18.22µm
_05015_,18.22µm
_01142_,18.215µm
_00290_,18.2µm
_04263_,18.2µm
_05503_,18.2µm
_02554_,18.185µm
_02990_,18.18µm
_05349_,18.18µm
_01217_,18.16µm
_02115_,18.16µm
net236,18.16µm
x2[3],18.14µm
net229,18.14µm
_06218_,18.12µm
_06734_,18.12µm
_04431_,18.1µm
_04786_,18.1µm
_06652_,18.1µm
_03170_,18.08µm
_03632_,18.08µm
_03850_,18.08µm
_02994_,18.06µm
_06270_,18.06µm
_01473_,18.05µm
_00170_,18.04µm
_03835_,18.04µm
_06388_,18.04µm
_00947_,18.02µm
_01295_,18.02µm
_01744_,18µm
_01745_,18µm
_04042_,18µm
_06557_,18µm
_04857_,17.98µm
_05309_,17.98µm
_05505_,17.96µm
_04391_,17.94µm
_06052_,17.925µm
_01520_,17.92µm
_01258_,17.9µm
_03943_,17.9µm
_05059_,17.9µm
_01162_,17.89µm
_00794_,17.86µm
_03731_,17.86µm
_04180_,17.86µm
_06457_,17.86µm
_04603_,17.84µm
_06644_,17.825µm
_00900_,17.82µm
_03164_,17.82µm
_04847_,17.82µm
_04872_,17.82µm
_05744_,17.82µm
_06551_,17.82µm
_04853_,17.8µm
_01499_,17.78µm
_01927_,17.76µm
_04021_,17.76µm
_00793_,17.74µm
_06773_,17.74µm
_06766_,17.73µm
_01094_,17.72µm
_01849_,17.72µm
_02087_,17.72µm
_00080_,17.7µm
_03047_,17.7µm
_05559_,17.7µm
_00131_,17.695µm
_01627_,17.68µm
_05124_,17.68µm
_05724_,17.68µm
_03043_,17.66µm
_03517_,17.66µm
_04027_,17.66µm
_06364_,17.65µm
_03122_,17.64µm
_03148_,17.64µm
_04983_,17.64µm
_02824_,17.62µm
_04022_,17.62µm
_05490_,17.62µm
_04505_,17.6µm
_04775_,17.6µm
_04899_,17.6µm
_05453_,17.6µm
_00866_,17.56µm
_05466_,17.56µm
_00341_,17.54µm
_05878_,17.54µm
_00004_,17.52µm
_01211_,17.52µm
_03857_,17.52µm
_04556_,17.52µm
_06456_,17.52µm
_00923_,17.5µm
_01858_,17.5µm
_00542_,17.48µm
_02443_,17.48µm
_03520_,17.48µm
_06464_,17.47µm
_04430_,17.46µm
_05157_,17.46µm
_01283_,17.45µm
_01687_,17.44µm
_03768_,17.44µm
_04564_,17.44µm
_05297_,17.44µm
_04473_,17.42µm
_04377_,17.4µm
_05566_,17.4µm
_05750_,17.4µm
_05969_,17.4µm
_00232_,17.38µm
_05028_,17.38µm
_03291_,17.36µm
_04032_,17.36µm
_04852_,17.36µm
_05313_,17.36µm
_02380_,17.34µm
_02475_,17.34µm
_02002_,17.32µm
_02636_,17.32µm
_04551_,17.32µm
_04601_,17.3µm
_05784_,17.3µm
x1[4],17.3µm
_00094_,17.28µm
_01700_,17.28µm
_02273_,17.28µm
_06134_,17.28µm
_01150_,17.26µm
_06122_,17.26µm
_02301_,17.24µm
_06524_,17.22µm
_06368_,17.21µm
_01836_,17.2µm
_02324_,17.2µm
_02696_,17.2µm
_03383_,17.2µm
_01203_,17.18µm
_03314_,17.16µm
_03953_,17.16µm
_06553_,17.16µm
_01634_,17.14µm
_03135_,17.14µm
_03688_,17.14µm
_03719_,17.105µm
_03548_,17.1µm
_05633_,17.1µm
_06129_,17.1µm
_02686_,17.085µm
_00859_,17.08µm
net138,17.08µm
_06730_,17.07µm
_01727_,17.065µm
_00124_,17.06µm
_03179_,17.06µm
_05889_,17.06µm
_04756_,17.04µm
_05040_,17.04µm
_05114_,17.04µm
_01548_,17.02µm
_01888_,17.02µm
_01983_,17.02µm
_02177_,17.02µm
_03064_,17.02µm
_00150_,17µm
_03641_,17µm
x2[6],17µm
_05790_,16.98µm
_06027_,16.98µm
_05289_,16.95µm
_01154_,16.94µm
_05137_,16.94µm
_00195_,16.92µm
_03138_,16.92µm
_03305_,16.92µm
_00634_,16.9µm
_00663_,16.9µm
_01647_,16.9µm
_04045_,16.9µm
_05000_,16.9µm
_06250_,16.9µm
net214,16.9µm
net725,16.9µm
_01924_,16.88µm
_03152_,16.88µm
_05023_,16.88µm
_00646_,16.86µm
_02934_,16.86µm
_04925_,16.86µm
_05013_,16.86µm
_05628_,16.86µm
_06223_,16.86µm
_06555_,16.86µm
net738,16.86µm
_00966_,16.84µm
_03413_,16.84µm
_03333_,16.82µm
_03528_,16.78µm
_05734_,16.78µm
_00426_,16.74µm
_01110_,16.74µm
_01783_,16.74µm
_04796_,16.74µm
_05025_,16.74µm
_01209_,16.72µm
_01216_,16.72µm
_02537_,16.72µm
_05599_,16.72µm
_06724_,16.72µm
_03133_,16.7µm
_04870_,16.7µm
_06733_,16.7µm
_01194_,16.66µm
_01505_,16.66µm
_00644_,16.62µm
_01666_,16.62µm
_02634_,16.62µm
_03587_,16.62µm
_04905_,16.62µm
_03036_,16.58µm
_04710_,16.58µm
_06540_,16.58µm
_01747_,16.56µm
_02698_,16.56µm
_03713_,16.56µm
_04146_,16.56µm
_04428_,16.56µm
net210,16.56µm
_01115_,16.54µm
_01498_,16.52µm
_03700_,16.52µm
_01072_,16.5µm
_01424_,16.5µm
_03404_,16.5µm
_00557_,16.48µm
_02297_,16.48µm
_03890_,16.48µm
_04359_,16.48µm
_05204_,16.48µm
_03288_,16.44µm
_04177_,16.44µm
_04412_,16.44µm
_06363_,16.44µm
_00973_,16.42µm
_01138_,16.42µm
_02770_,16.42µm
_04360_,16.405µm
_03694_,16.4µm
_04127_,16.4µm
_05469_,16.4µm
_05833_,16.4µm
_00121_,16.38µm
_00333_,16.38µm
_06093_,16.38µm
net206,16.38µm
net227,16.38µm
_01059_,16.36µm
_03532_,16.36µm
_04739_,16.36µm
_06137_,16.36µm
_00658_,16.34µm
_03474_,16.32µm
_03609_,16.32µm
_03915_,16.32µm
_04675_,16.32µm
_04854_,16.32µm
_01163_,16.3µm
_01396_,16.3µm
_05041_,16.3µm
_00534_,16.28µm
_02024_,16.28µm
_02186_,16.28µm
_02445_,16.28µm
_00549_,16.26µm
_04838_,16.26µm
_05312_,16.26µm
_05044_,16.24µm
_00413_,16.22µm
_01278_,16.22µm
_05488_,16.22µm
_06603_,16.22µm
_00138_,16.2µm
_05043_,16.2µm
_00657_,16.18µm
_00780_,16.18µm
_01331_,16.18µm
_03013_,16.18µm
_03433_,16.18µm
_04389_,16.18µm
_04859_,16.18µm
net140,16.18µm
_03136_,16.16µm
_06519_,16.16µm
_00981_,16.14µm
_01304_,16.14µm
_06700_,16.11µm
_04378_,16.1µm
_05376_,16.1µm
_02908_,16.08µm
_02956_,16.08µm
_03105_,16.06µm
_05640_,16.06µm
net734,16.06µm
_01488_,16.04µm
_01794_,16.04µm
_01657_,16.02µm
_04173_,16.02µm
_04803_,16.01µm
_01166_,16µm
_01679_,16µm
_03904_,15.98µm
_00133_,15.96µm
_04289_,15.96µm
_05171_,15.96µm
_05347_,15.96µm
_02371_,15.94µm
_04946_,15.94µm
_03809_,15.935µm
_03452_,15.92µm
net178,15.92µm
_05576_,15.915µm
_02160_,15.9µm
_03874_,15.9µm
_05501_,15.9µm
_06761_,15.9µm
_05629_,15.88µm
_00648_,15.86µm
_06278_,15.86µm
_02873_,15.84µm
_05738_,15.83µm
_06339_,15.825µm
_00920_,15.82µm
_02390_,15.82µm
_01448_,15.8µm
_04157_,15.8µm
_05125_,15.8µm
_05223_,15.8µm
_05914_,15.8µm
_05084_,15.79µm
_02619_,15.78µm
_03877_,15.78µm
_06393_,15.78µm
_06500_,15.78µm
_00539_,15.76µm
_00842_,15.76µm
_01093_,15.76µm
_02468_,15.76µm
_03040_,15.76µm
_03762_,15.76µm
_05866_,15.76µm
_01181_,15.75µm
_00149_,15.74µm
_06469_,15.74µm
_00952_,15.72µm
_04103_,15.72µm
_04683_,15.72µm
_04849_,15.72µm
_06566_,15.72µm
_01804_,15.7µm
_04880_,15.7µm
_05789_,15.7µm
y1[9],15.7µm
_01267_,15.68µm
_02700_,15.68µm
_02779_,15.68µm
_02853_,15.68µm
_03025_,15.68µm
_03317_,15.68µm
_04867_,15.68µm
_05167_,15.68µm
_05809_,15.68µm
_00692_,15.66µm
_05749_,15.64µm
_05993_,15.64µm
_01759_,15.62µm
_04171_,15.6µm
_03881_,15.59µm
_01379_,15.58µm
_01637_,15.58µm
_03503_,15.58µm
_05036_,15.58µm
y0[13],15.58µm
_04517_,15.56µm
_04935_,15.56µm
_05907_,15.56µm
_01330_,15.555µm
_06313_,15.54µm
_02903_,15.52µm
_04858_,15.52µm
_06072_,15.5µm
_01156_,15.48µm
_03594_,15.48µm
_04365_,15.48µm
_04722_,15.48µm
_05341_,15.48µm
_04009_,15.46µm
w11[4],15.46µm
_01134_,15.44µm
_03606_,15.44µm
_04425_,15.44µm
_05068_,15.44µm
_05741_,15.44µm
_01704_,15.42µm
_03999_,15.42µm
_00806_,15.4µm
_03119_,15.4µm
_05152_,15.38µm
net213,15.38µm
_03346_,15.36µm
_03648_,15.36µm
_06479_,15.36µm
_01549_,15.34µm
_01694_,15.32µm
_01106_,15.3µm
_01356_,15.3µm
_04455_,15.3µm
_04513_,15.3µm
_01380_,15.28µm
_06289_,15.28µm
_06481_,15.27µm
_02694_,15.26µm
_02993_,15.26µm
_06509_,15.26µm
_02582_,15.24µm
_03559_,15.24µm
_03711_,15.24µm
_04871_,15.24µm
_05214_,15.24µm
_05667_,15.24µm
_05815_,15.24µm
_05442_,15.23µm
_02300_,15.22µm
_03841_,15.22µm
_05600_,15.22µm
w12[6],15.22µm
_01998_,15.2µm
_01796_,15.16µm
_03358_,15.16µm
y2[10],15.16µm
_02341_,15.14µm
_03058_,15.14µm
_03107_,15.14µm
_05417_,15.14µm
_06425_,15.14µm
_00753_,15.12µm
_01227_,15.12µm
_03830_,15.12µm
_01571_,15.1µm
_02104_,15.1µm
_05588_,15.08µm
_06074_,15.06µm
_02307_,15.04µm
_04324_,15.04µm
_05416_,15.04µm
_02753_,15.025µm
_01883_,15.02µm
_02555_,15.02µm
_02685_,15.02µm
_04807_,15µm
_00069_,14.98µm
_04224_,14.98µm
w10[1],14.98µm
_00662_,14.96µm
_00687_,14.96µm
_01681_,14.96µm
_03196_,14.96µm
_05814_,14.955µm
_01446_,14.94µm
_03436_,14.94µm
_04384_,14.94µm
_04420_,14.94µm
_06144_,14.94µm
net177,14.94µm
_04626_,14.92µm
net208,14.92µm
_00181_,14.9µm
_01328_,14.9µm
_02591_,14.9µm
_05748_,14.9µm
_00135_,14.88µm
_01361_,14.88µm
_02711_,14.88µm
_03166_,14.88µm
_03930_,14.88µm
_05198_,14.88µm
_06353_,14.88µm
_06729_,14.88µm
_00443_,14.86µm
_05940_,14.86µm
_01715_,14.84µm
_02028_,14.84µm
_02949_,14.84µm
_01754_,14.82µm
_03529_,14.82µm
_05753_,14.82µm
_06763_,14.8µm
y2[12],14.8µm
_03748_,14.79µm
_00145_,14.78µm
_01695_,14.78µm
_04048_,14.78µm
_04447_,14.78µm
_05779_,14.78µm
_04498_,14.76µm
_02176_,14.74µm
_04191_,14.74µm
_01022_,14.72µm
_02402_,14.72µm
_01366_,14.7µm
_03042_,14.7µm
_05869_,14.7µm
_02851_,14.68µm
_03568_,14.68µm
_04818_,14.68µm
_06525_,14.68µm
_00139_,14.66µm
_03165_,14.66µm
_00297_,14.64µm
_00427_,14.64µm
_01465_,14.64µm
_02722_,14.64µm
_02806_,14.64µm
_03214_,14.63µm
_00177_,14.61µm
_01487_,14.6µm
_06168_,14.6µm
net228,14.6µm
_03298_,14.58µm
_04616_,14.58µm
_02396_,14.56µm
_03000_,14.56µm
_04566_,14.56µm
_05421_,14.56µm
_00079_,14.54µm
_03784_,14.54µm
net164,14.54µm
_00186_,14.52µm
_03776_,14.52µm
_05781_,14.51µm
_02754_,14.5µm
_04662_,14.5µm
_00579_,14.48µm
_01449_,14.48µm
_03678_,14.48µm
_03959_,14.48µm
_05330_,14.48µm
_00470_,14.46µm
_02283_,14.46µm
_03097_,14.46µm
_03947_,14.46µm
_04762_,14.46µm
_04960_,14.46µm
_06528_,14.46µm
_00570_,14.44µm
_02109_,14.44µm
_04969_,14.44µm
_06119_,14.44µm
_01596_,14.42µm
_01690_,14.42µm
_04295_,14.42µm
_05806_,14.42µm
net245,14.42µm
_00097_,14.4µm
_00437_,14.4µm
_05253_,14.4µm
_04056_,14.38µm
_04424_,14.36µm
_04780_,14.36µm
_04997_,14.36µm
_05888_,14.36µm
_04844_,14.35µm
_00415_,14.34µm
_01661_,14.34µm
_06547_,14.34µm
net932,14.34µm
_02321_,14.32µm
_02964_,14.32µm
_03186_,14.32µm
_04526_,14.32µm
_04656_,14.32µm
_05257_,14.31µm
_00709_,14.3µm
_00837_,14.3µm
_00907_,14.3µm
_01422_,14.3µm
_03360_,14.3µm
_00869_,14.28µm
_02438_,14.28µm
_05735_,14.28µm
_00760_,14.26µm
net722,14.26µm
_01205_,14.24µm
_04752_,14.24µm
_01338_,14.22µm
_01721_,14.22µm
_02061_,14.22µm
_02507_,14.22µm
_02929_,14.22µm
_02950_,14.22µm
_04816_,14.22µm
_04889_,14.22µm
_01037_,14.215µm
_02514_,14.2µm
_02727_,14.2µm
_03683_,14.2µm
_04504_,14.2µm
_05912_,14.195µm
_00577_,14.185µm
_03573_,14.18µm
_04746_,14.18µm
_05901_,14.18µm
_06131_,14.18µm
_04607_,14.16µm
_04887_,14.16µm
_01129_,14.14µm
_01674_,14.14µm
_02580_,14.14µm
_03729_,14.14µm
_04547_,14.14µm
_06416_,14.14µm
_01770_,14.13µm
_04067_,14.12µm
_00881_,14.1µm
_01362_,14.1µm
_05012_,14.1µm
_05319_,14.1µm
net48,14.1µm
_00844_,14.08µm
_02589_,14.08µm
_02924_,14.08µm
_00171_,14.06µm
_01277_,14.06µm
_03634_,14.06µm
x1[0],14.06µm
_00050_,14.02µm
_01055_,14.02µm
_03671_,14.02µm
_04689_,14.005µm
_01958_,14µm
_03159_,14µm
_03562_,14µm
_03970_,14µm
_04305_,14µm
net190,14µm
_02043_,13.99µm
_03101_,13.99µm
_02444_,13.98µm
_02864_,13.98µm
_03304_,13.98µm
_03662_,13.98µm
_03902_,13.98µm
_04209_,13.98µm
_04248_,13.98µm
_05379_,13.98µm
_05511_,13.98µm
_00554_,13.96µm
_04104_,13.96µm
_04814_,13.96µm
_06059_,13.96µm
_00731_,13.945µm
_01001_,13.94µm
_05147_,13.94µm
_05183_,13.94µm
_05651_,13.94µm
_05717_,13.94µm
_00460_,13.92µm
_01132_,13.92µm
_01662_,13.92µm
_04306_,13.92µm
_04861_,13.92µm
_05371_,13.92µm
_02227_,13.905µm
_00154_,13.9µm
_04107_,13.9µm
_00220_,13.88µm
_01016_,13.88µm
_02191_,13.88µm
_03201_,13.88µm
_03536_,13.88µm
_03673_,13.88µm
_03895_,13.88µm
_04310_,13.88µm
_04380_,13.88µm
_04720_,13.88µm
_05098_,13.88µm
_05543_,13.88µm
_06386_,13.88µm
_00201_,13.86µm
_02701_,13.86µm
_06647_,13.86µm
_02114_,13.84µm
_03571_,13.84µm
_04426_,13.84µm
_04901_,13.84µm
_05242_,13.84µm
net173,13.84µm
_00090_,13.82µm
_00963_,13.82µm
_01186_,13.82µm
_01175_,13.8µm
_05770_,13.8µm
_03697_,13.78µm
_03987_,13.78µm
_04150_,13.78µm
x1[7],13.78µm
_02013_,13.76µm
_02216_,13.76µm
_02268_,13.76µm
_02738_,13.76µm
_04613_,13.76µm
_00160_,13.74µm
_01617_,13.74µm
_04398_,13.74µm
_04670_,13.74µm
_06385_,13.74µm
w12[0],13.74µm
w12[1],13.74µm
_01846_,13.72µm
_02153_,13.72µm
_04594_,13.72µm
_05489_,13.72µm
_06482_,13.72µm
_03266_,13.7µm
_05636_,13.7µm
_04523_,13.69µm
_03817_,13.68µm
_03868_,13.68µm
_04723_,13.68µm
net739,13.68µm
_04198_,13.675µm
_03702_,13.67µm
_01109_,13.66µm
_01256_,13.66µm
_02360_,13.66µm
_05195_,13.66µm
_06501_,13.66µm
_00357_,13.64µm
_00686_,13.64µm
_01201_,13.64µm
_01838_,13.64µm
_06758_,13.64µm
_05564_,13.62µm
w01[6],13.62µm
net931,13.62µm
_01225_,13.6µm
_02847_,13.6µm
_03483_,13.6µm
_05066_,13.6µm
_05516_,13.6µm
net644,13.6µm
_04974_,13.58µm
_06413_,13.58µm
_06778_,13.58µm
_01443_,13.56µm
_01268_,13.54µm
_01719_,13.54µm
_02017_,13.54µm
_02054_,13.54µm
_02100_,13.54µm
_02458_,13.54µm
_04845_,13.54µm
_05362_,13.54µm
_01287_,13.52µm
_05101_,13.52µm
y1[8],13.52µm
_00336_,13.5µm
_01462_,13.5µm
_06283_,13.5µm
_06284_,13.5µm
_01482_,13.48µm
_05205_,13.48µm
_00812_,13.46µm
_01058_,13.46µm
_05149_,13.46µm
_01825_,13.45µm
_00146_,13.44µm
_00373_,13.44µm
_01098_,13.44µm
_02842_,13.44µm
_04435_,13.44µm
_04777_,13.44µm
_05208_,13.44µm
_05694_,13.44µm
_00529_,13.42µm
_01105_,13.42µm
_01250_,13.42µm
_01519_,13.42µm
_01810_,13.42µm
_03595_,13.42µm
_04790_,13.42µm
_06004_,13.42µm
_06556_,13.42µm
_00811_,13.4µm
_02140_,13.4µm
_02803_,13.4µm
_03701_,13.4µm
_03934_,13.4µm
_05054_,13.4µm
_06587_,13.4µm
_05060_,13.385µm
_00902_,13.38µm
_00974_,13.38µm
_02141_,13.38µm
_02430_,13.38µm
_02782_,13.38µm
_02786_,13.38µm
_03741_,13.38µm
_04093_,13.38µm
_04697_,13.38µm
_04929_,13.38µm
net78,13.38µm
_03839_,13.36µm
_00792_,13.35µm
_02802_,13.345µm
_01309_,13.34µm
_03234_,13.34µm
_03680_,13.34µm
_05391_,13.34µm
_06624_,13.34µm
_01183_,13.335µm
_00550_,13.33µm
_01161_,13.32µm
_01332_,13.32µm
_02980_,13.32µm
_04262_,13.32µm
_05203_,13.32µm
_00188_,13.31µm
_01917_,13.3µm
_04800_,13.3µm
_05071_,13.3µm
_01737_,13.28µm
_00031_,13.26µm
_00757_,13.26µm
_01317_,13.26µm
_05906_,13.26µm
_06306_,13.26µm
_06358_,13.26µm
_05537_,13.24µm
_00103_,13.23µm
_00451_,13.22µm
_01720_,13.22µm
_02679_,13.22µm
_03806_,13.22µm
_06545_,13.22µm
_06699_,13.2µm
_00110_,13.18µm
_03546_,13.18µm
_01035_,13.16µm
_02761_,13.16µm
_02985_,13.16µm
_03232_,13.16µm
_04985_,13.16µm
_05089_,13.16µm
w10[2],13.16µm
w10[3],13.16µm
_02734_,13.14µm
_04860_,13.14µm
_05740_,13.14µm
_02721_,13.12µm
_02760_,13.12µm
_02891_,13.12µm
_05235_,13.11µm
_05989_,13.1µm
net207,13.1µm
_01260_,13.08µm
_02583_,13.08µm
_03410_,13.08µm
_05018_,13.08µm
_06806_,13.08µm
w31[2],13.08µm
_03009_,13.06µm
_03541_,13.06µm
_03687_,13.06µm
_06749_,13.06µm
_01046_,13.04µm
_04101_,13.04µm
_04629_,13.04µm
_06507_,13.04µm
_01350_,13.02µm
_01848_,13.02µm
_03213_,13.02µm
_06539_,13.02µm
_05932_,13.01µm
_00733_,12.99µm
_03556_,12.985µm
_00985_,12.98µm
_02772_,12.98µm
_04143_,12.98µm
_04241_,12.98µm
_05172_,12.98µm
_05858_,12.98µm
w32[4],12.98µm
_00956_,12.96µm
_01897_,12.96µm
_02649_,12.96µm
_03909_,12.96µm
_04084_,12.96µm
_05273_,12.96µm
_05572_,12.96µm
_05929_,12.96µm
_00318_,12.94µm
_04220_,12.94µm
_06304_,12.94µm
_06023_,12.93µm
_02023_,12.92µm
_02546_,12.92µm
_04144_,12.92µm
_04690_,12.92µm
_04785_,12.92µm
_05526_,12.92µm
_06143_,12.92µm
_06470_,12.92µm
net172,12.92µm
_00804_,12.9µm
_01454_,12.9µm
_00320_,12.88µm
_02397_,12.88µm
_02775_,12.88µm
_02992_,12.88µm
_03439_,12.88µm
_05052_,12.88µm
_06706_,12.88µm
net724,12.88µm
_00235_,12.86µm
_05388_,12.86µm
_06703_,12.845µm
_00606_,12.84µm
_01237_,12.84µm
_01314_,12.84µm
_02158_,12.84µm
_04006_,12.84µm
_05276_,12.84µm
_05477_,12.84µm
_06576_,12.84µm
_05850_,12.825µm
_00728_,12.82µm
_01342_,12.82µm
_03280_,12.82µm
_03639_,12.82µm
_04866_,12.82µm
_05119_,12.82µm
_00730_,12.81µm
_06641_,12.81µm
_01327_,12.8µm
_01433_,12.8µm
_01769_,12.8µm
_02890_,12.8µm
_04476_,12.8µm
_04760_,12.8µm
_05021_,12.8µm
_05286_,12.8µm
_05951_,12.8µm
_01176_,12.78µm
_05508_,12.78µm
_01102_,12.76µm
_04126_,12.76µm
_04145_,12.76µm
_05461_,12.76µm
net179,12.76µm
_01439_,12.74µm
_04301_,12.74µm
_02817_,12.72µm
_04755_,12.71µm
_01920_,12.7µm
_02697_,12.7µm
_03477_,12.7µm
_03498_,12.7µm
_04949_,12.7µm
w01[3],12.7µm
w11[3],12.7µm
w12[7],12.7µm
w13[3],12.7µm
x1[1],12.7µm
_04684_,12.68µm
_04864_,12.68µm
_04934_,12.68µm
_05497_,12.68µm
_05562_,12.68µm
_05973_,12.68µm
_05986_,12.68µm
_03848_,12.66µm
_06711_,12.66µm
_01108_,12.64µm
_03024_,12.64µm
_03512_,12.64µm
_06672_,12.64µm
_05769_,12.62µm
_00288_,12.6µm
_00717_,12.6µm
_00798_,12.6µm
_03187_,12.6µm
_03494_,12.6µm
_06701_,12.6µm
y2[14],12.6µm
_00543_,12.58µm
_01321_,12.58µm
_02347_,12.58µm
_03769_,12.58µm
_04923_,12.58µm
_05597_,12.58µm
_05861_,12.58µm
_06686_,12.58µm
_03870_,12.56µm
_04119_,12.56µm
_03684_,12.54µm
_05963_,12.54µm
_06797_,12.54µm
_03345_,12.52µm
_04902_,12.52µm
_05343_,12.52µm
w31[6],12.52µm
_04611_,12.515µm
_01642_,12.51µm
_00276_,12.5µm
_00928_,12.5µm
_04627_,12.5µm
_05450_,12.5µm
_06138_,12.5µm
_00431_,12.48µm
_00954_,12.48µm
_01067_,12.48µm
_02815_,12.48µm
_04988_,12.48µm
_05197_,12.48µm
_06552_,12.48µm
_01322_,12.46µm
_01901_,12.46µm
_02218_,12.46µm
_02867_,12.46µm
_04999_,12.46µm
_03739_,12.45µm
_03124_,12.44µm
_04874_,12.44µm
_00015_,12.42µm
_02610_,12.42µm
_03110_,12.42µm
_03764_,12.42µm
_04446_,12.42µm
_05832_,12.42µm
_00906_,12.4µm
_05865_,12.4µm
_06167_,12.4µm
_06455_,12.4µm
_00891_,12.38µm
_01570_,12.38µm
_02248_,12.38µm
_04736_,12.38µm
_06463_,12.38µm
_06775_,12.38µm
w21[1],12.38µm
_00205_,12.37µm
_04411_,12.37µm
_01921_,12.36µm
_02145_,12.36µm
_02365_,12.345µm
_01189_,12.34µm
_01351_,12.34µm
_02671_,12.34µm
_03160_,12.34µm
_03500_,12.34µm
_04602_,12.34µm
_05331_,12.34µm
_06667_,12.34µm
_01042_,12.3µm
_03654_,12.3µm
_04317_,12.3µm
_05186_,12.3µm
_06371_,12.3µm
_03020_,12.28µm
_04643_,12.28µm
_04757_,12.28µm
_06459_,12.28µm
_03777_,12.275µm
_00914_,12.26µm
_02110_,12.26µm
_04014_,12.26µm
_04406_,12.26µm
_05583_,12.26µm
_00514_,12.24µm
_01236_,12.24µm
_03373_,12.24µm
_05521_,12.24µm
w01[7],12.24µm
w02[4],12.24µm
w10[4],12.24µm
w10[6],12.24µm
w11[7],12.24µm
w12[3],12.24µm
w12[4],12.24µm
w13[0],12.24µm
w13[6],12.24µm
w13[7],12.24µm
net221,12.24µm
_01149_,12.22µm
_04034_,12.22µm
_05300_,12.22µm
_06309_,12.22µm
_06450_,12.22µm
_02822_,12.205µm
_00756_,12.2µm
_02631_,12.2µm
_02643_,12.2µm
_03022_,12.2µm
_05220_,12.2µm
_05429_,12.2µm
_06219_,12.2µm
_05395_,12.19µm
_01274_,12.18µm
_01466_,12.18µm
_02089_,12.18µm
_03554_,12.18µm
_06257_,12.18µm
_02313_,12.17µm
_00910_,12.16µm
_02020_,12.16µm
_06380_,12.16µm
_06468_,12.16µm
_06560_,12.16µm
_02154_,12.14µm
_02987_,12.14µm
_03589_,12.14µm
_04789_,12.14µm
_05180_,12.14µm
_06721_,12.14µm
_06731_,12.14µm
_03721_,12.13µm
_00074_,12.12µm
_00371_,12.12µm
_02173_,12.12µm
_03361_,12.12µm
_03919_,12.12µm
_04265_,12.12µm
_04979_,12.12µm
_05389_,12.12µm
net163,12.12µm
_02162_,12.1µm
_03100_,12.1µm
_03717_,12.1µm
_05944_,12.1µm
_06688_,12.1µm
_03185_,12.08µm
_03760_,12.08µm
_03899_,12.08µm
_05498_,12.08µm
_06291_,12.08µm
_06653_,12.08µm
_00349_,12.04µm
_01665_,12.04µm
_03621_,12.04µm
_03995_,12.04µm
_05758_,12.04µm
_02809_,12.035µm
_00102_,12.02µm
_02238_,12.02µm
_03093_,12.02µm
_03908_,12.02µm
_04222_,12.02µm
_05079_,12.015µm
_01743_,12µm
_02091_,12µm
_02147_,12µm
_02471_,12µm
_05397_,12µm
_06175_,12µm
_06723_,12µm
_01079_,11.98µm
_05943_,11.98µm
_06407_,11.97µm
_01169_,11.96µm
_04506_,11.96µm
_04797_,11.96µm
_06623_,11.96µm
_00123_,11.94µm
_00346_,11.92µm
_02124_,11.92µm
_03140_,11.92µm
_03838_,11.92µm
_05485_,11.92µm
_05555_,11.91µm
_05038_,11.9µm
_01638_,11.895µm
_01239_,11.88µm
_01320_,11.88µm
_02327_,11.88µm
_03889_,11.88µm
_03752_,11.87µm
_00340_,11.86µm
_06104_,11.86µm
_01174_,11.84µm
_01393_,11.84µm
_01512_,11.84µm
_02295_,11.84µm
_03033_,11.84µm
_04716_,11.84µm
net943,11.84µm
_00375_,11.82µm
net927,11.82µm
_00572_,11.8µm
_00602_,11.8µm
_00870_,11.8µm
_01325_,11.8µm
_03162_,11.8µm
_03203_,11.8µm
_05127_,11.8µm
_00289_,11.78µm
_00430_,11.78µm
_01171_,11.78µm
_01333_,11.78µm
_02464_,11.78µm
_04842_,11.78µm
_05026_,11.78µm
_05730_,11.78µm
w01[4],11.78µm
w01[5],11.78µm
w10[0],11.78µm
w10[5],11.78µm
w11[1],11.78µm
w11[2],11.78µm
w11[5],11.78µm
w11[6],11.78µm
w12[5],11.78µm
w13[1],11.78µm
w13[2],11.78µm
w13[4],11.78µm
w13[5],11.78µm
w21[5],11.78µm
w22[4],11.78µm
w23[2],11.78µm
x1[2],11.78µm
_00313_,11.76µm
_01114_,11.76µm
_02357_,11.76µm
_02457_,11.76µm
_02111_,11.74µm
_05930_,11.74µm
_06051_,11.74µm
_06668_,11.74µm
_06679_,11.74µm
_00516_,11.72µm
_01188_,11.72µm
_02039_,11.72µm
_03392_,11.72µm
_03480_,11.72µm
_04152_,11.72µm
_05571_,11.72µm
_06546_,11.72µm
_01438_,11.7µm
_01456_,11.7µm
_03237_,11.7µm
_04128_,11.7µm
_04489_,11.7µm
w22[2],11.7µm
_00180_,11.68µm
_00400_,11.68µm
_01802_,11.68µm
_05067_,11.68µm
y1[10],11.68µm
y1[14],11.68µm
y1[15],11.68µm
y1[16],11.68µm
_01953_,11.67µm
_00826_,11.66µm
_01056_,11.66µm
_01300_,11.66µm
_01477_,11.66µm
_01481_,11.66µm
_01492_,11.66µm
_04581_,11.66µm
_06208_,11.66µm
_06660_,11.66µm
_05509_,11.64µm
_00216_,11.62µm
_00989_,11.62µm
_01240_,11.62µm
_04682_,11.62µm
_06209_,11.62µm
_01034_,11.6µm
_03797_,11.6µm
_03885_,11.6µm
_05196_,11.6µm
_00136_,11.58µm
_00725_,11.58µm
_01083_,11.58µm
_01928_,11.58µm
_04090_,11.58µm
_04094_,11.58µm
_06249_,11.58µm
_01971_,11.56µm
_00457_,11.555µm
_00076_,11.54µm
_01207_,11.54µm
_01653_,11.54µm
_04563_,11.54µm
_06183_,11.54µm
net740,11.54µm
_01312_,11.5µm
_02207_,11.5µm
_04083_,11.5µm
_05082_,11.5µm
_06630_,11.5µm
_06690_,11.5µm
_04501_,11.495µm
_06536_,11.49µm
_01909_,11.48µm
w21[3],11.48µm
_04961_,11.47µm
_01214_,11.46µm
_01837_,11.46µm
_01988_,11.46µm
_03966_,11.46µm
_04477_,11.46µm
_04915_,11.46µm
_00172_,11.44µm
_01922_,11.44µm
_05339_,11.44µm
w11[0],11.44µm
_00670_,11.435µm
_00229_,11.42µm
_00749_,11.42µm
_01569_,11.42µm
_02615_,11.42µm
_02941_,11.42µm
_03510_,11.42µm
_03917_,11.42µm
_04976_,11.42µm
_05078_,11.42µm
_05451_,11.42µm
_06728_,11.42µm
_05191_,11.4µm
_02156_,11.39µm
_00638_,11.38µm
_02930_,11.38µm
_02995_,11.38µm
_03309_,11.38µm
_03935_,11.38µm
_05427_,11.38µm
_06485_,11.38µm
_03259_,11.36µm
_04288_,11.36µm
_04953_,11.36µm
_00519_,11.34µm
_00620_,11.34µm
_01354_,11.34µm
_02622_,11.34µm
_02690_,11.34µm
_03362_,11.34µm
_03533_,11.34µm
_06031_,11.34µm
_05265_,11.33µm
_00156_,11.32µm
_01539_,11.32µm
_01595_,11.32µm
_02025_,11.32µm
_02195_,11.32µm
_02590_,11.32µm
_02876_,11.32µm
_05020_,11.32µm
w12[2],11.32µm
_00600_,11.305µm
_00871_,11.3µm
_03163_,11.3µm
_03285_,11.3µm
_03722_,11.3µm
_05065_,11.3µm
_06367_,11.3µm
_02355_,11.28µm
_02684_,11.28µm
_02793_,11.28µm
_04276_,11.28µm
_06162_,11.28µm
_03511_,11.265µm
_01146_,11.26µm
_02040_,11.26µm
_02367_,11.26µm
_03811_,11.26µm
_06783_,11.26µm
y2[11],11.26µm
_00187_,11.24µm
_00524_,11.24µm
_01496_,11.24µm
_05621_,11.24µm
_06086_,11.24µm
_06157_,11.24µm
_01299_,11.23µm
_04927_,11.225µm
_04458_,11.22µm
y0[14],11.22µm
y0[15],11.22µm
y0[16],11.22µm
y1[11],11.22µm
y1[12],11.22µm
y1[13],11.22µm
y1[6],11.22µm
y1[7],11.22µm
y3[14],11.22µm
_03061_,11.205µm
_00162_,11.2µm
_01047_,11.2µm
_01151_,11.2µm
_01235_,11.2µm
_01588_,11.2µm
_01913_,11.2µm
_03054_,11.2µm
_03157_,11.2µm
_03188_,11.2µm
_04841_,11.2µm
_06347_,11.2µm
_03171_,11.19µm
_02870_,11.18µm
_05727_,11.18µm
_05745_,11.18µm
_06185_,11.18µm
_00927_,11.16µm
_02149_,11.16µm
_04457_,11.16µm
_04906_,11.16µm
_05209_,11.16µm
_05849_,11.16µm
_04830_,11.14µm
x2[0],11.14µm
_01819_,11.12µm
_02309_,11.12µm
_02778_,11.12µm
_03216_,11.12µm
_04993_,11.12µm
_05518_,11.12µm
_06060_,11.12µm
_00674_,11.1µm
_00855_,11.1µm
_01801_,11.1µm
_02673_,11.1µm
_02952_,11.1µm
_03324_,11.1µm
_03544_,11.1µm
_04481_,11.1µm
_05352_,11.1µm
_00023_,11.08µm
_01359_,11.08µm
_02320_,11.08µm
_03012_,11.08µm
_03070_,11.08µm
_03538_,11.08µm
_04876_,11.08µm
_05454_,11.08µm
_06193_,11.08µm
_06305_,11.08µm
_01654_,11.075µm
_01677_,11.06µm
_04749_,11.06µm
_04769_,11.06µm
_01507_,11.04µm
_01907_,11.04µm
_04868_,11.04µm
_05029_,11.04µm
_05977_,11.03µm
_00562_,11.02µm
_03363_,11.02µm
_04524_,11.02µm
_06529_,11.02µm
w20[1],11.02µm
w22[5],11.02µm
w31[3],11.02µm
_06342_,11.005µm
_00935_,11µm
_01107_,11µm
_01750_,11µm
_05606_,11µm
_06326_,11µm
_06628_,11µm
_00294_,10.98µm
_01197_,10.98µm
_03925_,10.98µm
_04057_,10.98µm
_00354_,10.96µm
_00834_,10.96µm
_01208_,10.96µm
_01696_,10.96µm
_02070_,10.96µm
_02976_,10.96µm
_04346_,10.96µm
_05100_,10.96µm
_05192_,10.96µm
_06443_,10.96µm
_00702_,10.94µm
_03240_,10.94µm
_05301_,10.94µm
_00270_,10.92µm
_01713_,10.92µm
_01964_,10.92µm
_02474_,10.92µm
_03271_,10.92µm
_03535_,10.92µm
_05133_,10.92µm
_05671_,10.92µm
_05733_,10.92µm
_05842_,10.92µm
net231,10.92µm
_03167_,10.905µm
_02249_,10.9µm
_02473_,10.9µm
_04018_,10.9µm
_04856_,10.9µm
_05050_,10.9µm
_06080_,10.9µm
_01567_,10.88µm
_01576_,10.88µm
_02805_,10.88µm
_03037_,10.88µm
_03183_,10.88µm
_03335_,10.88µm
_04729_,10.88µm
_00036_,10.86µm
_00157_,10.86µm
_00254_,10.86µm
_00872_,10.86µm
_01103_,10.86µm
_01301_,10.86µm
_01630_,10.86µm
_01740_,10.86µm
_03401_,10.86µm
_03664_,10.86µm
_05539_,10.86µm
_02422_,10.84µm
_03476_,10.84µm
_05898_,10.84µm
_05983_,10.84µm
_02646_,10.82µm
_02856_,10.82µm
_02894_,10.82µm
_03002_,10.82µm
_04468_,10.82µm
_05883_,10.82µm
_06402_,10.82µm
_06774_,10.805µm
_03028_,10.8µm
_03126_,10.8µm
_03244_,10.8µm
_03761_,10.8µm
_04553_,10.8µm
_06068_,10.8µm
_06140_,10.8µm
y3[15],10.8µm
_03376_,10.795µm
_01725_,10.79µm
_00191_,10.78µm
_00244_,10.78µm
_00860_,10.78µm
_02412_,10.78µm
_03003_,10.78µm
_03567_,10.78µm
_04527_,10.78µm
_06054_,10.78µm
_06120_,10.78µm
_06299_,10.78µm
_06426_,10.78µm
_02069_,10.765µm
_00472_,10.76µm
_01453_,10.76µm
_01599_,10.76µm
_03154_,10.76µm
_04731_,10.76µm
_06781_,10.76µm
_00032_,10.74µm
_00838_,10.74µm
_01423_,10.74µm
_01892_,10.74µm
_02241_,10.74µm
_02910_,10.74µm
_02916_,10.74µm
_03226_,10.74µm
_04023_,10.74µm
_04748_,10.74µm
_05460_,10.74µm
_05885_,10.74µm
_06390_,10.725µm
_01198_,10.72µm
_02440_,10.72µm
_02885_,10.72µm
_03313_,10.72µm
_02839_,10.71µm
_05154_,10.71µm
_01942_,10.7µm
_02226_,10.7µm
_03375_,10.7µm
_03679_,10.7µm
_03758_,10.7µm
_04559_,10.7µm
_05575_,10.7µm
_05913_,10.7µm
_06506_,10.7µm
net814,10.7µm
_04393_,10.68µm
_05299_,10.68µm
_05782_,10.675µm
_03318_,10.66µm
_05802_,10.66µm
_05965_,10.66µm
_06285_,10.66µm
_06614_,10.66µm
_01343_,10.64µm
_01757_,10.64µm
_03137_,10.64µm
_03151_,10.64µm
_03273_,10.64µm
_04117_,10.64µm
_04445_,10.64µm
_02551_,10.62µm
_03247_,10.62µm
_03730_,10.62µm
_04120_,10.62µm
_04931_,10.62µm
_06030_,10.62µm
_01735_,10.615µm
_00391_,10.6µm
_02942_,10.6µm
_00515_,10.58µm
_02239_,10.58µm
_02971_,10.58µm
_03900_,10.58µm
_04809_,10.58µm
_04835_,10.58µm
_05481_,10.58µm
_02356_,10.56µm
_03435_,10.56µm
_06432_,10.56µm
_00776_,10.54µm
_01767_,10.54µm
_02277_,10.54µm
_02506_,10.54µm
_02838_,10.54µm
_02868_,10.54µm
_04743_,10.54µm
_05142_,10.54µm
_06176_,10.54µm
net845,10.54µm
_01814_,10.52µm
_00712_,10.5µm
_01030_,10.5µm
_01112_,10.5µm
_01560_,10.5µm
_01707_,10.5µm
_02006_,10.5µm
_05706_,10.5µm
_05728_,10.5µm
_06337_,10.5µm
_05311_,10.49µm
_00351_,10.48µm
_01510_,10.48µm
_04047_,10.48µm
_04862_,10.48µm
_05579_,10.465µm
_00054_,10.46µm
_02120_,10.46µm
_02534_,10.46µm
_02578_,10.46µm
_04149_,10.46µm
_05797_,10.46µm
_06008_,10.46µm
_04599_,10.455µm
_01691_,10.44µm
_05322_,10.44µm
_01685_,10.43µm
_00937_,10.42µm
_01781_,10.42µm
_02274_,10.42µm
_02730_,10.42µm
_02820_,10.42µm
_05160_,10.42µm
_05187_,10.42µm
_05280_,10.42µm
_05377_,10.42µm
_05443_,10.42µm
_06070_,10.42µm
_04886_,10.4µm
_05922_,10.4µm
_06260_,10.4µm
_02046_,10.38µm
_04591_,10.38µm
_05004_,10.38µm
_05113_,10.38µm
_05816_,10.38µm
_06537_,10.38µm
_01711_,10.37µm
_00109_,10.36µm
_03743_,10.36µm
_01890_,10.34µm
_02346_,10.34µm
_02928_,10.34µm
_04031_,10.34µm
_00523_,10.32µm
_00729_,10.32µm
_01041_,10.32µm
_01821_,10.32µm
_02157_,10.32µm
_02477_,10.32µm
_02765_,10.32µm
_04167_,10.32µm
_04440_,10.32µm
_04885_,10.32µm
_05413_,10.32µm
_06170_,10.32µm
_02889_,10.31µm
_01224_,10.3µm
_01863_,10.3µm
_03390_,10.3µm
_03423_,10.3µm
_03434_,10.3µm
_04623_,10.3µm
_05024_,10.3µm
_05131_,10.3µm
_05158_,10.3µm
_05210_,10.3µm
_06111_,10.3µm
_00282_,10.28µm
_00771_,10.28µm
_01855_,10.28µm
_01974_,10.28µm
_01986_,10.28µm
_02571_,10.28µm
_04877_,10.28µm
_06282_,10.28µm
_06760_,10.28µm
_00114_,10.26µm
_00703_,10.26µm
_01816_,10.26µm
_02620_,10.26µm
_02794_,10.26µm
_02854_,10.26µm
_05708_,10.26µm
_06071_,10.26µm
_00230_,10.24µm
_00272_,10.24µm
_03516_,10.24µm
_04837_,10.24µm
_06248_,10.24µm
_04460_,10.23µm
_00610_,10.22µm
_03699_,10.22µm
w21[2],10.22µm
w31[4],10.22µm
_00960_,10.21µm
_01054_,10.21µm
_00226_,10.2µm
_00490_,10.2µm
_00608_,10.2µm
_02058_,10.2µm
_03202_,10.2µm
_03584_,10.2µm
_04704_,10.2µm
_01078_,10.19µm
_02896_,10.19µm
_00485_,10.18µm
_00499_,10.18µm
_06720_,10.18µm
_00378_,10.16µm
_01348_,10.16µm
_01600_,10.16µm
_02695_,10.16µm
_02914_,10.16µm
_04437_,10.16µm
_04696_,10.16µm
_04914_,10.16µm
_05199_,10.16µm
_06000_,10.16µm
_06626_,10.16µm
_06710_,10.16µm
_02841_,10.14µm
_03706_,10.14µm
_05213_,10.14µm
_05641_,10.14µm
_06136_,10.14µm
_00633_,10.135µm
_01670_,10.12µm
_03071_,10.12µm
_05542_,10.12µm
_01702_,10.11µm
_00040_,10.1µm
_02175_,10.1µm
_03668_,10.1µm
_06192_,10.1µm
w22[7],10.1µm
_00335_,10.08µm
_01148_,10.08µm
_02487_,10.08µm
_02731_,10.08µm
_03733_,10.08µm
_03994_,10.08µm
_05533_,10.08µm
_00833_,10.06µm
_01414_,10.06µm
_01593_,10.06µm
_02064_,10.06µm
_03017_,10.06µm
_04687_,10.06µm
_06400_,10.06µm
net144,10.06µm
_02472_,10.04µm
_02833_,10.04µm
_03418_,10.04µm
_03458_,10.04µm
_05483_,10.04µm
_05646_,10.04µm
_06361_,10.04µm
_03268_,10.02µm
_03330_,10.02µm
_01195_,10.015µm
_01851_,10µm
_02395_,10µm
_03174_,10µm
_03873_,10µm
_05370_,10µm
_05348_,9.98µm
_05764_,9.98µm
_06465_,9.98µm
_00546_,9.97µm
_00830_,9.96µm
_01153_,9.96µm
_01187_,9.96µm
_01607_,9.96µm
_02880_,9.96µm
_03489_,9.96µm
_03629_,9.96µm
_03637_,9.96µm
_05487_,9.96µm
_06222_,9.96µm
_06805_,9.96µm
_00890_,9.95µm
_01070_,9.94µm
_01518_,9.94µm
_01806_,9.94µm
_03310_,9.94µm
_03808_,9.94µm
_05785_,9.94µm
_06142_,9.94µm
_06411_,9.94µm
_06709_,9.94µm
net737,9.94µm
_02036_,9.925µm
_01323_,9.92µm
_01876_,9.92µm
_01918_,9.92µm
_03109_,9.92µm
_04436_,9.92µm
_04822_,9.92µm
_05032_,9.92µm
_05777_,9.92µm
_00739_,9.9µm
_01202_,9.9µm
_02997_,9.9µm
_03180_,9.9µm
_05471_,9.9µm
_06727_,9.9µm
_00293_,9.88µm
_00763_,9.88µm
_01404_,9.88µm
_02608_,9.88µm
_02875_,9.88µm
_03344_,9.88µm
_03422_,9.88µm
y3[16],9.88µm
_06579_,9.875µm
_04322_,9.87µm
_01004_,9.86µm
_01405_,9.86µm
_03828_,9.86µm
_04051_,9.86µm
_04592_,9.86µm
_04787_,9.86µm
_05447_,9.86µm
_06813_,9.86µm
_00140_,9.84µm
_00447_,9.84µm
_00905_,9.84µm
_01734_,9.84µm
_02724_,9.84µm
_03490_,9.84µm
_03583_,9.84µm
_04013_,9.84µm
_05690_,9.84µm
_06165_,9.84µm
_06417_,9.84µm
_01172_,9.82µm
_02263_,9.82µm
_02467_,9.82µm
_03018_,9.82µm
_03265_,9.82µm
_03329_,9.82µm
_03611_,9.82µm
_04205_,9.82µm
_05207_,9.82µm
_06790_,9.82µm
_06816_,9.82µm
_00856_,9.8µm
_01275_,9.8µm
_04017_,9.8µm
_04280_,9.8µm
_05873_,9.8µm
_00328_,9.78µm
_00578_,9.78µm
_01170_,9.78µm
_01193_,9.78µm
_01467_,9.78µm
_02408_,9.78µm
_02857_,9.78µm
_03965_,9.78µm
_01308_,9.76µm
_03969_,9.76µm
_05121_,9.76µm
_05557_,9.76µm
_00113_,9.74µm
_01080_,9.74µm
_01976_,9.74µm
_02030_,9.74µm
_02206_,9.74µm
_02988_,9.74µm
_03580_,9.74µm
_04483_,9.74µm
_04804_,9.74µm
_05122_,9.74µm
_06369_,9.74µm
_04582_,9.73µm
_01168_,9.72µm
_01254_,9.72µm
_02548_,9.72µm
_02911_,9.72µm
_03004_,9.72µm
_03336_,9.72µm
_04801_,9.72µm
_05237_,9.72µm
_05920_,9.72µm
_06573_,9.72µm
_05623_,9.705µm
_00394_,9.7µm
_01495_,9.7µm
_03468_,9.7µm
_03763_,9.7µm
_03795_,9.7µm
_05144_,9.7µm
_05278_,9.7µm
_05619_,9.7µm
_05995_,9.7µm
_06016_,9.7µm
_06102_,9.7µm
_06195_,9.7µm
_02810_,9.68µm
net939,9.68µm
_00410_,9.66µm
_03416_,9.66µm
_02264_,9.64µm
x0[1],9.64µm
x1[5],9.64µm
net846,9.64µm
_03574_,9.625µm
_00088_,9.62µm
_00583_,9.62µm
_00940_,9.62µm
_01212_,9.62µm
_02379_,9.62µm
_03190_,9.62µm
_03522_,9.62µm
_03989_,9.62µm
_04197_,9.62µm
_04270_,9.62µm
_04907_,9.62µm
_05688_,9.62µm
_05700_,9.62µm
_06029_,9.62µm
_06205_,9.62µm
_06542_,9.62µm
_01155_,9.61µm
_06081_,9.605µm
_02178_,9.6µm
_03818_,9.6µm
_04433_,9.6µm
_05117_,9.6µm
_05270_,9.6µm
_06401_,9.6µm
_06646_,9.6µm
_00885_,9.59µm
_00520_,9.58µm
_01416_,9.58µm
_01633_,9.58µm
_01797_,9.58µm
_03412_,9.58µm
_03576_,9.58µm
_03771_,9.58µm
_03778_,9.58µm
_04965_,9.58µm
_05031_,9.58µm
_05776_,9.58µm
_06568_,9.58µm
_06661_,9.58µm
_06689_,9.58µm
_01066_,9.56µm
_03417_,9.56µm
_01061_,9.54µm
_02566_,9.54µm
_02933_,9.54µm
_03168_,9.54µm
_03726_,9.54µm
_04821_,9.54µm
_05310_,9.54µm
_00317_,9.52µm
_03670_,9.52µm
_05805_,9.52µm
_06745_,9.505µm
_00477_,9.5µm
_01196_,9.5µm
_01421_,9.5µm
_01431_,9.5µm
_01622_,9.5µm
_04672_,9.5µm
_04823_,9.5µm
_05565_,9.5µm
_05691_,9.5µm
_05729_,9.5µm
_06294_,9.5µm
_00337_,9.48µm
_00677_,9.48µm
_00982_,9.48µm
_01398_,9.48µm
_01418_,9.48µm
_01723_,9.48µm
_02342_,9.48µm
_02999_,9.48µm
_03038_,9.48µm
_03144_,9.48µm
_03481_,9.48µm
_03565_,9.48µm
_04619_,9.48µm
_05860_,9.48µm
_06163_,9.48µm
_06446_,9.48µm
net239,9.48µm
_00119_,9.46µm
_00190_,9.46µm
_00199_,9.46µm
_01006_,9.46µm
_02946_,9.46µm
_02984_,9.46µm
_03367_,9.46µm
_03443_,9.46µm
_04981_,9.46µm
net750,9.46µm
_00398_,9.44µm
_00782_,9.44µm
_06483_,9.44µm
_06726_,9.44µm
_00452_,9.42µm
_00625_,9.42µm
_01850_,9.42µm
_02510_,9.42µm
_03077_,9.42µm
_06663_,9.42µm
_04971_,9.41µm
_06341_,9.41µm
_00988_,9.4µm
_01947_,9.4µm
_03316_,9.4µm
_04097_,9.4µm
_04252_,9.4µm
_04942_,9.4µm
_05358_,9.4µm
_01137_,9.38µm
_01644_,9.38µm
_01673_,9.38µm
_01692_,9.38µm
_06125_,9.38µm
_05593_,9.375µm
_01486_,9.36µm
_01554_,9.36µm
_03312_,9.36µm
_03792_,9.36µm
_03799_,9.36µm
_04555_,9.36µm
_05560_,9.36µm
_06073_,9.36µm
net237,9.36µm
_00066_,9.34µm
_01516_,9.34µm
_02410_,9.34µm
_02898_,9.34µm
_04036_,9.34µm
_04709_,9.34µm
_06585_,9.34µm
_04815_,9.33µm
_00406_,9.32µm
_00976_,9.32µm
_01145_,9.32µm
_02152_,9.32µm
_02165_,9.32µm
_02576_,9.32µm
_05058_,9.32µm
_03323_,9.31µm
_00197_,9.3µm
_00898_,9.3µm
_01533_,9.3µm
_05005_,9.29µm
_00310_,9.28µm
_01788_,9.28µm
_01943_,9.28µm
_01992_,9.28µm
_02315_,9.28µm
_02717_,9.28µm
_04407_,9.28µm
_06022_,9.28µm
_06019_,9.27µm
_01019_,9.26µm
_01896_,9.26µm
_02254_,9.26µm
_02411_,9.26µm
_03197_,9.26µm
_04540_,9.26µm
_06033_,9.26µm
_06645_,9.26µm
_00784_,9.24µm
_01517_,9.24µm
_01672_,9.24µm
_03194_,9.24µm
_03645_,9.24µm
_03740_,9.24µm
_03983_,9.24µm
_03998_,9.24µm
_04139_,9.24µm
_04802_,9.24µm
_05680_,9.24µm
_05689_,9.24µm
_06154_,9.24µm
_02843_,9.22µm
_04046_,9.22µm
_04439_,9.22µm
_06121_,9.22µm
_06640_,9.22µm
_00284_,9.2µm
_00331_,9.2µm
_00532_,9.2µm
_01655_,9.2µm
_02001_,9.2µm
_03112_,9.2µm
_06012_,9.2µm
_00363_,9.19µm
_00068_,9.18µm
_02455_,9.18µm
_03724_,9.18µm
_03826_,9.18µm
_05387_,9.18µm
_06656_,9.18µm
w22[0],9.18µm
w23[0],9.18µm
_01040_,9.16µm
_01411_,9.16µm
_01675_,9.16µm
_01874_,9.16µm
_01981_,9.16µm
_02536_,9.16µm
_03598_,9.16µm
_04294_,9.16µm
_04386_,9.16µm
_05326_,9.16µm
_05765_,9.16µm
_06787_,9.16µm
net783,9.16µm
_02481_,9.14µm
_04242_,9.14µm
_00332_,9.125µm
_00238_,9.12µm
_01400_,9.12µm
_02343_,9.12µm
_03864_,9.12µm
_03924_,9.12µm
_04086_,9.12µm
_04287_,9.12µm
_04980_,9.12µm
_06105_,9.12µm
_06382_,9.12µm
_06631_,9.12µm
_06748_,9.12µm
net742,9.115µm
_06678_,9.1µm
_03812_,9.08µm
_03951_,9.08µm
_00486_,9.06µm
_00939_,9.06µm
_01962_,9.06µm
_02715_,9.06µm
_04323_,9.06µm
_04647_,9.06µm
_02699_,9.05µm
_00478_,9.04µm
_01204_,9.04µm
_01246_,9.04µm
_02442_,9.04µm
_03030_,9.04µm
_04888_,9.04µm
_04952_,9.04µm
_06578_,9.04µm
_06582_,9.04µm
_06156_,9.03µm
_00618_,9.02µm
_00762_,9.02µm
_01509_,9.02µm
_02022_,9.02µm
_02296_,9.02µm
_02329_,9.02µm
_02505_,9.02µm
_03146_,9.02µm
_03374_,9.02µm
_03506_,9.02µm
_03751_,9.02µm
_04464_,9.02µm
_05293_,9.02µm
_05822_,9.02µm
_06375_,9.02µm
_06405_,9.02µm
_06541_,9.02µm
_06780_,9.02µm
_01269_,9µm
_02683_,9µm
_00649_,8.98µm
_00694_,8.98µm
_03933_,8.98µm
_04579_,8.98µm
_05618_,8.98µm
_06504_,8.98µm
_06705_,8.98µm
_00169_,8.96µm
_00176_,8.96µm
_00787_,8.96µm
_00807_,8.96µm
_00875_,8.96µm
_01621_,8.96µm
_03245_,8.96µm
_03420_,8.96µm
_03735_,8.96µm
_06237_,8.96µm
y2[13],8.96µm
y2[15],8.96µm
y2[16],8.96µm
y2[7],8.96µm
y2[8],8.96µm
y2[9],8.96µm
y3[13],8.96µm
_05990_,8.95µm
_00510_,8.94µm
_01391_,8.94µm
_01698_,8.94µm
_01961_,8.94µm
_02065_,8.94µm
_02240_,8.94µm
_02431_,8.94µm
_02602_,8.94µm
_02967_,8.94µm
_03085_,8.94µm
_04705_,8.94µm
_04832_,8.94µm
_05432_,8.94µm
_05532_,8.94µm
_06356_,8.94µm
y0[6],8.93µm
_00480_,8.92µm
_00695_,8.92µm
_01173_,8.92µm
_01199_,8.92µm
_01226_,8.92µm
_01409_,8.92µm
_02866_,8.92µm
_03558_,8.92µm
_04669_,8.92µm
_04776_,8.92µm
_04882_,8.92µm
_04941_,8.92µm
_05080_,8.92µm
_05449_,8.92µm
_06796_,8.92µm
_03005_,8.915µm
_00099_,8.9µm
_00654_,8.9µm
_01478_,8.9µm
_02305_,8.9µm
_02795_,8.9µm
_03224_,8.9µm
_03284_,8.9µm
_03430_,8.9µm
_03603_,8.9µm
_03911_,8.9µm
_04123_,8.9µm
_04668_,8.9µm
_04734_,8.9µm
_04884_,8.9µm
_05081_,8.9µm
_05903_,8.9µm
_06245_,8.9µm
_06399_,8.9µm
_06650_,8.9µm
_00744_,8.88µm
_00987_,8.88µm
_01276_,8.88µm
_03814_,8.88µm
_04793_,8.88µm
_02284_,8.86µm
_03853_,8.86µm
_05366_,8.86µm
_05984_,8.86µm
_00522_,8.84µm
w20[0],8.84µm
w20[2],8.84µm
w20[4],8.84µm
w20[5],8.84µm
w20[7],8.84µm
w21[0],8.84µm
w22[1],8.84µm
w23[3],8.84µm
w31[7],8.84µm
w32[3],8.84µm
x2[1],8.84µm
x3[7],8.84µm
_00329_,8.825µm
_01800_,8.82µm
_03456_,8.82µm
_03788_,8.82µm
_05381_,8.82µm
_05520_,8.82µm
_05796_,8.82µm
_05835_,8.82µm
_06161_,8.82µm
_06253_,8.82µm
_06619_,8.82µm
_06648_,8.82µm
_00586_,8.8µm
_00631_,8.8µm
_02081_,8.8µm
_02266_,8.8µm
_02362_,8.8µm
_02989_,8.8µm
_04339_,8.8µm
_05367_,8.8µm
_01831_,8.78µm
_01879_,8.78µm
_02135_,8.78µm
_02369_,8.78µm
_03387_,8.78µm
_04558_,8.78µm
_04587_,8.78µm
_04641_,8.78µm
_04898_,8.78µm
_05179_,8.78µm
_05939_,8.78µm
_06323_,8.78µm
_03079_,8.76µm
_03111_,8.76µm
_03746_,8.76µm
_04218_,8.76µm
_04721_,8.76µm
_00619_,8.75µm
_00945_,8.74µm
_05102_,8.72µm
_05232_,8.72µm
rst_n,8.72µm
w20[3],8.72µm
w20[6],8.72µm
w21[4],8.72µm
w21[6],8.72µm
w21[7],8.72µm
w22[3],8.72µm
w22[6],8.72µm
w23[1],8.72µm
w23[4],8.72µm
w23[5],8.72µm
w23[6],8.72µm
w23[7],8.72µm
w31[5],8.72µm
w32[5],8.72µm
x1[3],8.72µm
x1[6],8.72µm
x2[2],8.72µm
x2[4],8.72µm
x2[5],8.72µm
x3[3],8.72µm
_00262_,8.7µm
_00311_,8.7µm
_00453_,8.7µm
_00635_,8.7µm
_01101_,8.7µm
_01329_,8.7µm
_02260_,8.7µm
_02577_,8.7µm
_02586_,8.7µm
_03353_,8.7µm
_03467_,8.7µm
_03774_,8.7µm
_03905_,8.7µm
_04124_,8.7µm
_04216_,8.7µm
_05088_,8.7µm
_05181_,8.7µm
_05457_,8.7µm
_05828_,8.7µm
_06397_,8.7µm
_00972_,8.68µm
_02799_,8.68µm
_04116_,8.68µm
_05468_,8.68µm
_06344_,8.68µm
_00734_,8.66µm
_00909_,8.66µm
_01886_,8.66µm
_04462_,8.66µm
_04783_,8.66µm
_05426_,8.66µm
_05642_,8.66µm
_05657_,8.66µm
_05659_,8.66µm
_06159_,8.66µm
_00408_,8.64µm
_00808_,8.64µm
_01281_,8.64µm
_02796_,8.64µm
_04225_,8.64µm
_06625_,8.64µm
_01461_,8.62µm
_05787_,8.62µm
_06118_,8.62µm
_00528_,8.6µm
_02312_,8.6µm
_03630_,8.6µm
_03823_,8.6µm
_06793_,8.6µm
_06152_,8.59µm
_00735_,8.58µm
_02041_,8.58µm
_02574_,8.58µm
_02663_,8.58µm
_02757_,8.58µm
_02893_,8.58µm
_03007_,8.58µm
_03015_,8.58µm
_03229_,8.58µm
_03296_,8.58µm
_03665_,8.58µm
_03921_,8.58µm
_04176_,8.58µm
_04373_,8.58µm
_04421_,8.58µm
_04510_,8.58µm
_04538_,8.58µm
_04794_,8.58µm
_04811_,8.58µm
_05039_,8.58µm
_05139_,8.58µm
_00005_,8.56µm
_00850_,8.56µm
_01053_,8.56µm
_02118_,8.56µm
_02432_,8.56µm
_02737_,8.56µm
_04081_,8.56µm
_04230_,8.56µm
_04606_,8.56µm
_05003_,8.56µm
_05241_,8.56µm
_06259_,8.56µm
_06441_,8.56µm
_06604_,8.56µm
net224,8.56µm
_04243_,8.555µm
_06334_,8.545µm
_00189_,8.54µm
_01071_,8.54µm
_03258_,8.54µm
_04020_,8.54µm
_04272_,8.54µm
_04349_,8.54µm
_04534_,8.54µm
_05504_,8.54µm
_06684_,8.54µm
y0[2],8.53µm
_00797_,8.52µm
_00805_,8.52µm
_01180_,8.52µm
_03505_,8.52µm
_03675_,8.52µm
_06572_,8.52µm
w30[1],8.51µm
_00736_,8.5µm
_01793_,8.5µm
_04708_,8.5µm
_05303_,8.5µm
_05556_,8.5µm
_05742_,8.5µm
_00305_,8.48µm
_01451_,8.48µm
_01658_,8.48µm
_03295_,8.48µm
_03618_,8.48µm
_03659_,8.48µm
_03709_,8.48µm
_05169_,8.48µm
_05698_,8.48µm
_05956_,8.48µm
_00323_,8.46µm
_02376_,8.46µm
_02389_,8.46µm
_02687_,8.46µm
_02830_,8.46µm
_03088_,8.46µm
_03270_,8.46µm
_03319_,8.46µm
_03592_,8.46µm
_04247_,8.46µm
_04309_,8.46µm
_04677_,8.46µm
_04820_,8.46µm
_05162_,8.46µm
_05645_,8.46µm
_06201_,8.46µm
_06538_,8.46µm
_06740_,8.46µm
_00416_,8.45µm
_00493_,8.44µm
_00569_,8.44µm
_00809_,8.44µm
_00934_,8.44µm
_01143_,8.44µm
_01973_,8.44µm
_02502_,8.44µm
_02973_,8.44µm
_03150_,8.44µm
_03466_,8.44µm
_04531_,8.44µm
_04554_,8.44µm
_04883_,8.44µm
_05108_,8.44µm
_05637_,8.44µm
_05827_,8.44µm
_06150_,8.44µm
_06189_,8.44µm
_06438_,8.44µm
_06702_,8.44µm
net211,8.44µm
_00701_,8.42µm
_01748_,8.42µm
_02575_,8.42µm
_01113_,8.4µm
_02117_,8.4µm
_05037_,8.4µm
_05713_,8.4µm
_05760_,8.4µm
_06006_,8.4µm
_06622_,8.4µm
net174,8.4µm
_01095_,8.38µm
_04528_,8.38µm
x2[7],8.38µm
_06429_,8.365µm
_00013_,8.36µm
_00466_,8.36µm
_00473_,8.36µm
_00707_,8.36µm
_01537_,8.36µm
_02377_,8.36µm
_03116_,8.36µm
_03415_,8.36µm
_04293_,8.36µm
_04702_,8.36µm
_05841_,8.36µm
_05918_,8.36µm
_05959_,8.36µm
_06565_,8.36µm
_03449_,8.34µm
_03821_,8.34µm
_04500_,8.33µm
_00143_,8.32µm
_00175_,8.32µm
_00306_,8.32µm
_00841_,8.32µm
_00845_,8.32µm
_01097_,8.32µm
_02011_,8.32µm
_02072_,8.32µm
_02932_,8.32µm
_03846_,8.32µm
_04012_,8.32µm
_04357_,8.32µm
_05536_,8.32µm
_05587_,8.32µm
_05751_,8.32µm
_06440_,8.32µm
_06714_,8.32µm
_05638_,8.315µm
_04472_,8.3µm
_04937_,8.3µm
net777,8.3µm
_06181_,8.295µm
y3[10],8.29µm
_00003_,8.28µm
_03068_,8.28µm
_05252_,8.28µm
_05876_,8.28µm
_06275_,8.28µm
_05445_,8.27µm
_00846_,8.26µm
_02185_,8.26µm
_03127_,8.26µm
_03220_,8.26µm
_03370_,8.26µm
y0[9],8.25µm
_00209_,8.24µm
_00247_,8.24µm
_01177_,8.24µm
_01889_,8.24µm
_01994_,8.24µm
_02706_,8.24µm
_02865_,8.24µm
_02931_,8.24µm
_04321_,8.24µm
_05683_,8.24µm
_05831_,8.24µm
_05900_,8.24µm
_05942_,8.24µm
_05997_,8.24µm
_06098_,8.24µm
_06172_,8.24µm
_06178_,8.24µm
_06460_,8.24µm
_06677_,8.24µm
_01643_,8.22µm
_02289_,8.22µm
_03942_,8.22µm
_06340_,8.22µm
_01884_,8.215µm
_00622_,8.2µm
_01900_,8.2µm
_02219_,8.2µm
_02559_,8.2µm
_02572_,8.2µm
_02899_,8.2µm
_03207_,8.2µm
_03377_,8.2µm
_03405_,8.2µm
_03521_,8.2µm
_05097_,8.2µm
_05317_,8.2µm
_05649_,8.2µm
_06036_,8.2µm
_06381_,8.2µm
_06394_,8.2µm
_01263_,8.17µm
_01682_,8.16µm
_03888_,8.16µm
_04897_,8.16µm
_05333_,8.16µm
_06475_,8.155µm
_04699_,8.15µm
_01457_,8.14µm
_03539_,8.14µm
_03550_,8.14µm
_04132_,8.14µm
_04325_,8.14µm
_04896_,8.14µm
_04973_,8.14µm
_05754_,8.14µm
_06325_,8.14µm
_06424_,8.14µm
net815,8.14µm
_00665_,8.13µm
_05602_,8.13µm
_06078_,8.125µm
_00159_,8.12µm
_00246_,8.12µm
_00395_,8.12µm
_01352_,8.12µm
_02194_,8.12µm
_02668_,8.12µm
_02691_,8.12µm
_03143_,8.12µm
_03502_,8.12µm
_03518_,8.12µm
_03596_,8.12µm
_03715_,8.12µm
_03914_,8.12µm
_04604_,8.12µm
_04636_,8.12µm
_04869_,8.12µm
_05030_,8.12µm
_06234_,8.12µm
_06295_,8.12µm
_06387_,8.12µm
net730,8.12µm
_05635_,8.11µm
_00488_,8.1µm
_01344_,8.1µm
_01530_,8.1µm
_03484_,8.1µm
_03973_,8.1µm
_04257_,8.1µm
_04355_,8.1µm
_05219_,8.1µm
_05631_,8.1µm
_05772_,8.1µm
_06050_,8.1µm
_06338_,8.1µm
_06486_,8.1µm
_04217_,8.085µm
_00854_,8.08µm
_01590_,8.08µm
_02015_,8.08µm
_02370_,8.08µm
_02538_,8.08µm
_03307_,8.08µm
_04328_,8.08µm
_04571_,8.08µm
_05185_,8.08µm
_06789_,8.08µm
_03607_,8.06µm
_05458_,8.06µm
_06224_,8.06µm
_01812_,8.05µm
y2[3],8.05µm
_03927_,8.045µm
_02026_,8.04µm
_02095_,8.04µm
_02319_,8.04µm
_03734_,8.04µm
_04204_,8.04µm
_05109_,8.04µm
_05967_,8.04µm
_06771_,8.04µm
net926,8.04µm
_00612_,8.02µm
_01420_,8.02µm
_01513_,8.02µm
_01951_,8.02µm
_02085_,8.02µm
_02210_,8.02µm
_02628_,8.02µm
_02645_,8.02µm
_02814_,8.02µm
_03783_,8.02µm
_04153_,8.02µm
_04341_,8.02µm
_04865_,8.02µm
_05061_,8.02µm
_05554_,8.02µm
_05783_,8.02µm
_05810_,8.02µm
_06231_,8.02µm
_00641_,8µm
_00719_,8µm
_01120_,8µm
_02387_,8µm
_02521_,8µm
_02768_,8µm
_02883_,8µm
_03023_,8µm
_04565_,8µm
_05794_,8µm
_06751_,8µm
_04214_,7.985µm
_00200_,7.98µm
_00204_,7.98µm
_00613_,7.98µm
_00752_,7.98µm
_01116_,7.98µm
_01248_,7.98µm
_01293_,7.98µm
_01529_,7.98µm
_01751_,7.98µm
_01784_,7.98µm
_01866_,7.98µm
_02677_,7.98µm
_03300_,7.98µm
_03425_,7.98µm
_03991_,7.98µm
_04507_,7.98µm
_04701_,7.98µm
_04805_,7.98µm
_05390_,7.98µm
_05499_,7.98µm
_06229_,7.98µm
_06532_,7.98µm
_06543_,7.98µm
_06743_,7.98µm
net222,7.98µm
_01371_,7.96µm
_02169_,7.96µm
_05455_,7.96µm
_06262_,7.96µm
_00908_,7.94µm
_01441_,7.94µm
_03471_,7.93µm
_05409_,7.93µm
w33[2],7.93µm
_02531_,7.92µm
_03661_,7.92µm
_05677_,7.92µm
_06252_,7.92µm
_02279_,7.91µm
_01955_,7.905µm
_00280_,7.9µm
_01311_,7.9µm
_01381_,7.9µm
_01412_,7.9µm
_01938_,7.9µm
_02060_,7.9µm
_02484_,7.9µm
_02579_,7.9µm
_03355_,7.9µm
_03451_,7.9µm
_04063_,7.9µm
_04478_,7.9µm
_05126_,7.9µm
_06403_,7.9µm
net761,7.9µm
net762,7.9µm
net764,7.9µm
_02723_,7.88µm
_03831_,7.88µm
_04159_,7.88µm
_05337_,7.88µm
_06090_,7.88µm
_03073_,7.875µm
_03409_,7.875µm
_05369_,7.865µm
_00623_,7.86µm
_00786_,7.86µm
_01017_,7.86µm
_01152_,7.86µm
_01280_,7.86µm
_01407_,7.86µm
_02368_,7.86µm
_02497_,7.86µm
_02592_,7.86µm
_04286_,7.86µm
_04385_,7.86µm
_06149_,7.86µm
_06563_,7.86µm
_06584_,7.86µm
_06602_,7.86µm
net945,7.86µm
_01853_,7.85µm
_00370_,7.84µm
_01028_,7.84µm
_05351_,7.82µm
_06177_,7.82µm
_06199_,7.82µm
_01167_,7.8µm
_01426_,7.8µm
_04099_,7.8µm
_02183_,7.795µm
_00592_,7.78µm
_01574_,7.78µm
_01937_,7.78µm
_03759_,7.78µm
_03773_,7.78µm
_03816_,7.78µm
_04072_,7.78µm
_04963_,7.78µm
_05168_,7.78µm
_05630_,7.78µm
_06744_,7.78µm
_00034_,7.76µm
_04237_,7.76µm
_04499_,7.76µm
_05359_,7.76µm
_03509_,7.745µm
_00141_,7.74µm
_00605_,7.74µm
_01578_,7.74µm
_01934_,7.74µm
_02077_,7.74µm
_03011_,7.74µm
_04700_,7.74µm
net139,7.72µm
_04089_,7.7µm
_05839_,7.7µm
_01527_,7.68µm
_02359_,7.68µm
_02460_,7.68µm
_02469_,7.68µm
_02641_,7.68µm
_03115_,7.68µm
_03543_,7.68µm
_03627_,7.68µm
_04706_,7.68µm
_06303_,7.68µm
_00379_,7.66µm
_00886_,7.66µm
_01383_,7.66µm
_01891_,7.66µm
_02045_,7.66µm
_02142_,7.66µm
_02270_,7.66µm
_04068_,7.66µm
_04170_,7.66µm
_04227_,7.66µm
_04863_,7.66µm
_04919_,7.66µm
_04994_,7.66µm
_05206_,7.66µm
_05277_,7.66µm
_05382_,7.66µm
_05937_,7.66µm
_05999_,7.66µm
_00799_,7.64µm
_01206_,7.64µm
_01701_,7.64µm
_01782_,7.64µm
_04179_,7.64µm
_04363_,7.64µm
_05274_,7.64µm
_05568_,7.64µm
_05795_,7.64µm
_06130_,7.64µm
_06166_,7.64µm
_06228_,7.64µm
_06454_,7.64µm
net171,7.64µm
_00266_,7.62µm
_01388_,7.62µm
_02133_,7.62µm
_03464_,7.62µm
_05115_,7.62µm
_05150_,7.62µm
_05484_,7.62µm
_06535_,7.62µm
_06596_,7.62µm
_00603_,7.615µm
_00265_,7.6µm
_00645_,7.6µm
net185,7.6µm
net935,7.6µm
_02607_,7.59µm
_01565_,7.585µm
_00078_,7.58µm
_00525_,7.58µm
_01573_,7.58µm
_01870_,7.58µm
_02211_,7.58µm
_04638_,7.58µm
_05111_,7.58µm
_05419_,7.58µm
_05465_,7.58µm
_00081_,7.56µm
_00817_,7.56µm
_00942_,7.56µm
_01476_,7.56µm
_01954_,7.56µm
_02540_,7.56µm
_02936_,7.56µm
_03069_,7.56µm
_03754_,7.56µm
_03952_,7.56µm
_04957_,7.56µm
_05006_,7.56µm
_05851_,7.56µm
_05964_,7.56µm
_06069_,7.56µm
_06521_,7.56µm
_01967_,7.555µm
_00640_,7.54µm
_00789_,7.54µm
_01540_,7.54µm
_02529_,7.54µm
_03299_,7.54µm
_04082_,7.54µm
_04255_,7.54µm
_04977_,7.54µm
_05423_,7.54µm
_05439_,7.54µm
_05817_,7.54µm
_05921_,7.54µm
_05987_,7.54µm
_01984_,7.535µm
_00071_,7.52µm
_00487_,7.52µm
_00503_,7.52µm
_00853_,7.52µm
_01471_,7.52µm
_02337_,7.52µm
_03066_,7.52µm
_03708_,7.52µm
_04260_,7.52µm
_04343_,7.52µm
_04375_,7.52µm
_04390_,7.52µm
_04429_,7.52µm
_04441_,7.52µm
_04519_,7.52µm
_04585_,7.52µm
_04846_,7.52µm
_05093_,7.52µm
_05262_,7.52µm
_05365_,7.52µm
_05616_,7.52µm
_05752_,7.52µm
_05821_,7.52µm
_06194_,7.52µm
_06610_,7.52µm
_00713_,7.5µm
_05462_,7.5µm
_06531_,7.5µm
_03454_,7.48µm
_04642_,7.48µm
net756,7.48µm
net934,7.48µm
_01292_,7.46µm
_03074_,7.46µm
_03277_,7.46µm
_04210_,7.46µm
_05475_,7.46µm
_05854_,7.46µm
_06106_,7.46µm
_00420_,7.45µm
_03912_,7.45µm
_00062_,7.44µm
_00307_,7.44µm
_00350_,7.44µm
_01561_,7.44µm
_01676_,7.44µm
_02027_,7.44µm
_02448_,7.44µm
_02869_,7.44µm
_03349_,7.44µm
_03445_,7.44µm
_03638_,7.44µm
_03674_,7.44µm
_03718_,7.44µm
_04059_,7.44µm
_04712_,7.44µm
_04765_,7.44µm
_04881_,7.44µm
_05189_,7.44µm
_06263_,7.44µm
_06419_,7.44µm
_06433_,7.44µm
_04735_,7.43µm
_00327_,7.42µm
_01062_,7.42µm
_01635_,7.42µm
_02391_,7.42µm
_05248_,7.42µm
_05928_,7.42µm
_04053_,7.415µm
_00120_,7.4µm
_01699_,7.4µm
_02306_,7.4µm
_02435_,7.4µm
_02938_,7.4µm
_03602_,7.4µm
_04233_,7.4µm
_05086_,7.4µm
_06096_,7.4µm
_02517_,7.395µm
_06588_,7.39µm
_03884_,7.36µm
_04829_,7.36µm
y0[5],7.35µm
_06383_,7.345µm
_01436_,7.34µm
_03246_,7.34µm
_06421_,7.34µm
net142,7.34µm
net907,7.34µm
_00153_,7.32µm
_00196_,7.32µm
_00365_,7.32µm
_00449_,7.32µm
_00883_,7.32µm
_01158_,7.32µm
_01430_,7.32µm
_01632_,7.32µm
_02059_,7.32µm
_02094_,7.32µm
_02364_,7.32µm
_02393_,7.32µm
_02532_,7.32µm
_02600_,7.32µm
_02818_,7.32µm
_03090_,7.32µm
_03200_,7.32µm
_04035_,7.32µm
_04102_,7.32µm
_04134_,7.32µm
_04315_,7.32µm
_04319_,7.32µm
_04392_,7.32µm
_05135_,7.32µm
_05256_,7.32µm
_05271_,7.32µm
_05902_,7.32µm
_06108_,7.32µm
_06206_,7.32µm
_06473_,7.32µm
_01012_,7.3µm
_01979_,7.3µm
_02937_,7.3µm
_02541_,7.285µm
_06116_,7.285µm
_00667_,7.28µm
_01091_,7.28µm
_02035_,7.28µm
_03727_,7.28µm
_03977_,7.28µm
_04418_,7.28µm
_05155_,7.28µm
_05968_,7.28µm
_06632_,7.28µm
_06687_,7.28µm
_00705_,7.25µm
w00[1],7.25µm
_01021_,7.245µm
_00497_,7.24µm
_00964_,7.24µm
_01036_,7.24µm
_02486_,7.24µm
_04474_,7.24µm
_05420_,7.24µm
_05486_,7.24µm
net188,7.24µm
w32[2],7.23µm
y1[4],7.23µm
_00021_,7.22µm
_00257_,7.22µm
_02214_,7.22µm
_02751_,7.22µm
_03875_,7.22µm
_04995_,7.22µm
_05156_,7.22µm
_06267_,7.22µm
_00599_,7.2µm
_00629_,7.2µm
_00919_,7.2µm
_01324_,7.2µm
_01428_,7.2µm
_02354_,7.2µm
_02675_,7.2µm
_02726_,7.2µm
_03398_,7.2µm
_03437_,7.2µm
_03633_,7.2µm
_03891_,7.2µm
_04727_,7.2µm
_04944_,7.2µm
_05182_,7.2µm
_05336_,7.2µm
_05496_,7.2µm
_05923_,7.2µm
_06255_,7.2µm
net244,7.2µm
_04397_,7.195µm
_00607_,7.18µm
_00895_,7.18µm
_01502_,7.18µm
_02288_,7.18µm
_02848_,7.18µm
_03062_,7.18µm
_03113_,7.18µm
_03614_,7.18µm
_03832_,7.18µm
_04079_,7.18µm
_04168_,7.18µm
_05936_,7.18µm
_06087_,7.18µm
_06200_,7.18µm
_06203_,7.18µm
_06398_,7.18µm
_01785_,7.16µm
_05001_,7.16µm
_01562_,7.14µm
_00249_,7.13µm
_02256_,7.13µm
_01542_,7.12µm
_01579_,7.12µm
_01732_,7.12µm
_02112_,7.12µm
_03557_,7.12µm
_04195_,7.12µm
_05221_,7.12µm
_05438_,7.12µm
_06462_,7.115µm
net844,7.11µm
_00147_,7.1µm
_01238_,7.1µm
_01272_,7.1µm
_02086_,7.1µm
_02787_,7.1µm
_03215_,7.1µm
_03249_,7.1µm
_03366_,7.1µm
_03531_,7.1µm
_04200_,7.1µm
_04415_,7.1µm
_04890_,7.1µm
_04917_,7.1µm
_05116_,7.1µm
_05392_,7.1µm
_05605_,7.1µm
_06467_,7.1µm
_00086_,7.08µm
_01377_,7.08µm
_01474_,7.08µm
_01556_,7.08µm
_01867_,7.08µm
_01912_,7.08µm
_01940_,7.08µm
_03560_,7.08µm
_03610_,7.08µm
_04118_,7.08µm
_04362_,7.08µm
_04525_,7.08µm
_04724_,7.08µm
_05046_,7.08µm
_05230_,7.08µm
_05338_,7.08µm
_00358_,7.06µm
_00384_,7.06µm
_00661_,7.06µm
_00814_,7.06µm
_00893_,7.06µm
_01639_,7.06µm
_01640_,7.06µm
_01706_,7.06µm
_01985_,7.06µm
_02222_,7.06µm
_02599_,7.06µm
_03524_,7.06µm
_04453_,7.06µm
_04719_,7.06µm
_04891_,7.06µm
_05146_,7.06µm
_05766_,7.06µm
_05837_,7.06µm
_05948_,7.06µm
_06061_,7.06µm
_06272_,7.06µm
_06759_,7.06µm
_06800_,7.06µm
net202,7.06µm
_04240_,7.04µm
_04634_,7.04µm
_06480_,7.01µm
_03765_,7µm
_06058_,7µm
_00051_,6.98µm
_00105_,6.98µm
_00861_,6.98µm
_01039_,6.98µm
_01074_,6.98µm
_01605_,6.98µm
_01678_,6.98µm
_02244_,6.98µm
_02488_,6.98µm
_02637_,6.98µm
_02905_,6.98µm
_03050_,6.98µm
_03302_,6.98µm
_03411_,6.98µm
_03414_,6.98µm
_03569_,6.98µm
_03936_,6.98µm
_04490_,6.98µm
_04692_,6.98µm
_05188_,6.98µm
_05622_,6.98µm
_05801_,6.98µm
_06620_,6.98µm
_06755_,6.98µm
net745,6.98µm
_02171_,6.96µm
_03463_,6.96µm
_03482_,6.96µm
_05768_,6.96µm
_05875_,6.96µm
_06067_,6.96µm
_06712_,6.96µm
_00194_,6.94µm
_00253_,6.94µm
_00325_,6.94µm
_00877_,6.94µm
_01594_,6.94µm
_01746_,6.94µm
_01856_,6.94µm
_04140_,6.94µm
_04936_,6.94µm
_04978_,6.94µm
_05153_,6.94µm
net843,6.94µm
net994,6.94µm
_05979_,6.91µm
w01[1],6.91µm
_00006_,6.88µm
_00049_,6.88µm
_00584_,6.88µm
_02083_,6.88µm
_02470_,6.88µm
_05284_,6.88µm
_05974_,6.88µm
_06002_,6.87µm
_00296_,6.86µm
_00374_,6.86µm
_00455_,6.86µm
_00632_,6.86µm
_00829_,6.86µm
_01125_,6.86µm
_01601_,6.86µm
_01659_,6.86µm
_01776_,6.86µm
_01982_,6.86µm
_02692_,6.86µm
_02748_,6.86µm
_03078_,6.86µm
_03087_,6.86µm
_03156_,6.86µm
_03205_,6.86µm
_03922_,6.86µm
_04011_,6.86µm
_04037_,6.86µm
_04251_,6.86µm
_04267_,6.86µm
_04482_,6.86µm
_04713_,6.86µm
_04943_,6.86µm
_05328_,6.86µm
_05405_,6.86µm
_06107_,6.86µm
net197,6.86µm
_00025_,6.84µm
_00951_,6.84µm
_03081_,6.84µm
_04356_,6.84µm
_06132_,6.825µm
_00274_,6.82µm
_00552_,6.82µm
_04024_,6.82µm
_04106_,6.82µm
_04480_,6.82µm
_04561_,6.82µm
_04771_,6.82µm
_04848_,6.82µm
_05585_,6.82µm
_06003_,6.82µm
_06594_,6.82µm
_02729_,6.8µm
_00222_,6.79µm
_05916_,6.79µm
_00818_,6.785µm
_00389_,6.78µm
_01950_,6.78µm
_02071_,6.78µm
_03347_,6.78µm
_04660_,6.78µm
_05834_,6.78µm
_06581_,6.78µm
_06609_,6.78µm
w02[2],6.77µm
w03[5],6.77µm
_00056_,6.76µm
_00559_,6.76µm
_01118_,6.76µm
_02780_,6.76µm
_03448_,6.76µm
_05891_,6.76µm
_06665_,6.76µm
_04261_,6.745µm
_00292_,6.74µm
_00442_,6.74µm
_00505_,6.74µm
_00965_,6.74µm
_01088_,6.74µm
_01403_,6.74µm
_02167_,6.74µm
_02405_,6.74µm
_02662_,6.74µm
_02982_,6.74µm
_03218_,6.74µm
_03394_,6.74µm
_03530_,6.74µm
_03600_,6.74µm
_03650_,6.74µm
_03750_,6.74µm
_04515_,6.74µm
_04518_,6.74µm
_05074_,6.74µm
_05075_,6.74µm
_05406_,6.74µm
_05522_,6.74µm
_05523_,6.74µm
_06268_,6.74µm
_06277_,6.74µm
_00388_,6.72µm
_00507_,6.72µm
_00617_,6.72µm
_00624_,6.72µm
_00903_,6.72µm
_01684_,6.72µm
_02500_,6.72µm
_02650_,6.72µm
_03103_,6.72µm
_03424_,6.72µm
_03893_,6.72µm
_04085_,6.72µm
_04190_,6.72µm
_04259_,6.72µm
_04788_,6.72µm
_04799_,6.72µm
_05430_,6.72µm
_05820_,6.72µm
_06005_,6.72µm
_06084_,6.72µm
_06346_,6.72µm
_04967_,6.7µm
_06484_,6.7µm
y0[4],6.67µm
y1[5],6.67µm
_00212_,6.66µm
_00256_,6.66µm
_00433_,6.66µm
_01014_,6.66µm
_01085_,6.66µm
_02415_,6.66µm
_05096_,6.66µm
_05615_,6.66µm
_00309_,6.655µm
_00800_,6.64µm
_01087_,6.64µm
_01313_,6.64µm
_02004_,6.64µm
_02197_,6.64µm
_02339_,6.64µm
_02424_,6.64µm
_03737_,6.64µm
_04202_,6.64µm
_05400_,6.64µm
_05838_,6.64µm
_06055_,6.64µm
_06605_,6.64µm
_06815_,6.64µm
_01631_,6.62µm
_02614_,6.62µm
_02640_,6.62µm
_02849_,6.62µm
_03649_,6.62µm
_03822_,6.62µm
_04113_,6.62µm
_04990_,6.62µm
_05064_,6.62µm
_05712_,6.62µm
_06227_,6.62µm
_02862_,6.615µm
_02228_,6.605µm
_04007_,6.605µm
_00417_,6.6µm
_00440_,6.6µm
_00576_,6.6µm
_00764_,6.6µm
_00917_,6.6µm
_02136_,6.6µm
_02220_,6.6µm
_02394_,6.6µm
_02621_,6.6µm
_03233_,6.6µm
_03944_,6.6µm
_03955_,6.6µm
_04071_,6.6µm
_04926_,6.6µm
_05344_,6.6µm
_05590_,6.6µm
_06039_,6.6µm
_06044_,6.6µm
_06212_,6.6µm
_06352_,6.6µm
net726,6.6µm
_04741_,6.58µm
_05994_,6.58µm
w00[0],6.57µm
_00803_,6.565µm
w02[0],6.55µm
w03[0],6.55µm
w30[2],6.55µm
w32[0],6.55µm
x3[2],6.55µm
_01736_,6.54µm
_01925_,6.54µm
_02846_,6.54µm
_03142_,6.54µm
_03236_,6.54µm
_03940_,6.54µm
_00045_,6.52µm
_00382_,6.52µm
_01075_,6.52µm
_01316_,6.52µm
_01395_,6.52µm
_02271_,6.52µm
_02392_,6.52µm
_02623_,6.52µm
_02639_,6.52µm
_02705_,6.52µm
_03039_,6.52µm
_03287_,6.52µm
_04196_,6.52µm
_04292_,6.52µm
_04732_,6.52µm
_04751_,6.52µm
_05008_,6.52µm
_05307_,6.52µm
_05374_,6.52µm
_05624_,6.52µm
_05685_,6.52µm
_05788_,6.52µm
_05846_,6.52µm
_06211_,6.52µm
net760,6.52µm
_00465_,6.5µm
_00467_,6.5µm
_04290_,6.5µm
_05452_,6.5µm
_05743_,6.5µm
_00055_,6.48µm
_00517_,6.48µm
_01346_,6.48µm
_01815_,6.48µm
_05981_,6.48µm
_06204_,6.48µm
_06476_,6.435µm
w03[1],6.43µm
w31[1],6.43µm
_00285_,6.42µm
_01930_,6.42µm
_02922_,6.42µm
_03865_,6.42µm
_04750_,6.42µm
_04766_,6.42µm
_06409_,6.42µm
_06666_,6.42µm
_02299_,6.41µm
_00512_,6.4µm
_00889_,6.4µm
_01032_,6.4µm
_01127_,6.4µm
_01213_,6.4µm
_01375_,6.4µm
_01777_,6.4µm
_01875_,6.4µm
_02375_,6.4µm
_02581_,6.4µm
_02970_,6.4µm
_03262_,6.4µm
_03400_,6.4µm
_03446_,6.4µm
_03787_,6.4µm
_04136_,6.4µm
_04358_,6.4µm
_04945_,6.4µm
_05120_,6.4µm
_05217_,6.4µm
_05494_,6.4µm
_05976_,6.4µm
_06135_,6.4µm
_06373_,6.4µm
_06453_,6.4µm
_00228_,6.38µm
_01063_,6.38µm
_01859_,6.38µm
_03102_,6.38µm
_03241_,6.38µm
_03440_,6.38µm
_06113_,6.38µm
_03779_,6.365µm
_03804_,6.365µm
_05259_,6.36µm
_05871_,6.36µm
net648,6.36µm
net779,6.355µm
_01970_,6.35µm
_03957_,6.335µm
_06197_,6.33µm
y0[12],6.33µm
_00716_,6.32µm
_00768_,6.32µm
_02245_,6.32µm
_02535_,6.32µm
_03450_,6.32µm
_03926_,6.32µm
_03938_,6.32µm
_04609_,6.32µm
_04733_,6.32µm
_06243_,6.32µm
net176,6.32µm
w00[4],6.31µm
w02[6],6.31µm
w33[7],6.31µm
x0[5],6.31µm
_01126_,6.3µm
_01525_,6.3µm
_01566_,6.3µm
_01705_,6.3µm
_01809_,6.3µm
_02350_,6.3µm
_02522_,6.3µm
_03504_,6.3µm
_03555_,6.3µm
_04075_,6.3µm
_05175_,6.3µm
_05218_,6.3µm
_05290_,6.3µm
_05696_,6.3µm
_06173_,6.3µm
_06276_,6.3µm
_06461_,6.3µm
_06518_,6.3µm
_06606_,6.3µm
_00250_,6.28µm
_00251_,6.28µm
_00513_,6.28µm
_00587_,6.28µm
_00651_,6.28µm
_00699_,6.28µm
_00892_,6.28µm
_01048_,6.28µm
_01646_,6.28µm
_02388_,6.28µm
_02436_,6.28µm
_02504_,6.28µm
_02617_,6.28µm
_02736_,6.28µm
_03130_,6.28µm
_03431_,6.28µm
_03819_,6.28µm
_04038_,6.28µm
_04207_,6.28µm
_04213_,6.28µm
_05140_,6.28µm
_05320_,6.28µm
_05360_,6.28µm
_05658_,6.28µm
_05778_,6.28µm
_06673_,6.28µm
_01050_,6.275µm
_00269_,6.26µm
_01049_,6.26µm
_01305_,6.26µm
_01619_,6.26µm
_01878_,6.26µm
_02750_,6.26µm
_03175_,6.26µm
_04244_,6.26µm
_04337_,6.26µm
_04488_,6.26µm
_05692_,6.26µm
_05786_,6.26µm
_05982_,6.26µm
_06226_,6.26µm
_06497_,6.26µm
_06750_,6.26µm
net195,6.26µm
_04383_,6.24µm
w03[2],6.23µm
y0[10],6.21µm
y1[0],6.21µm
y2[4],6.21µm
_00899_,6.2µm
_01230_,6.2µm
_01612_,6.2µm
_02648_,6.2µm
_02977_,6.2µm
_03153_,6.2µm
_04655_,6.2µm
_04759_,6.2µm
_02196_,6.185µm
_00888_,6.18µm
_00997_,6.18µm
_01033_,6.18µm
_01580_,6.18µm
_01791_,6.18µm
_01957_,6.18µm
_01977_,6.18µm
_02231_,6.18µm
_02281_,6.18µm
_02353_,6.18µm
_02585_,6.18µm
_02972_,6.18µm
_03008_,6.18µm
_03065_,6.18µm
_03537_,6.18µm
_03582_,6.18µm
_04025_,6.18µm
_04062_,6.18µm
_04336_,6.18µm
_04597_,6.18µm
_04645_,6.18µm
_06241_,6.18µm
_06296_,6.18µm
_06487_,6.18µm
_00198_,6.16µm
_00338_,6.16µm
_00496_,6.16µm
_01345_,6.16µm
_01597_,6.16µm
_02311_,6.16µm
_03016_,6.16µm
_03046_,6.16µm
_03257_,6.16µm
_03572_,6.16µm
_03892_,6.16µm
_04364_,6.16µm
_00314_,6.14µm
_00390_,6.14µm
_00680_,6.14µm
_00732_,6.14µm
_02053_,6.14µm
_02304_,6.14µm
_03475_,6.14µm
_03978_,6.14µm
_03984_,6.14µm
_04187_,6.14µm
_04620_,6.14µm
_04904_,6.14µm
_05811_,6.14µm
_05992_,6.14µm
_02813_,6.12µm
w30[7],6.09µm
w32[7],6.09µm
x0[2],6.09µm
x3[6],6.09µm
_04110_,6.085µm
_01139_,6.08µm
_01598_,6.08µm
_01645_,6.08µm
_02184_,6.08µm
_02800_,6.08µm
_02957_,6.08µm
_03294_,6.08µm
_03782_,6.08µm
_03906_,6.08µm
_04166_,6.08µm
_04199_,6.08µm
_05130_,6.08µm
_05246_,6.08µm
_06655_,6.08µm
_01826_,6.06µm
_01882_,6.06µm
_02229_,6.06µm
_02291_,6.06µm
_02545_,6.06µm
_02553_,6.06µm
_02588_,6.06µm
_02834_,6.06µm
_03282_,6.06µm
_03337_,6.06µm
_04206_,6.06µm
_04335_,6.06µm
_04548_,6.06µm
_04575_,6.06µm
_05216_,6.06µm
_05383_,6.06µm
_06273_,6.06µm
_06332_,6.06µm
_06765_,6.06µm
net238,6.06µm
_00115_,6.04µm
_00144_,6.04µm
_00214_,6.04µm
_01470_,6.04µm
_05007_,6.04µm
_05762_,6.04µm
_06018_,6.04µm
_03586_,6.035µm
_00564_,6.02µm
_00876_,6.02µm
_02539_,6.02µm
_03757_,6.02µm
_04833_,6.02µm
_05092_,6.02µm
_03251_,6.005µm
_02316_,5.99µm
_00020_,5.985µm
_06191_,5.985µm
_04516_,5.98µm
_05314_,5.98µm
_05684_,5.98µm
_06379_,5.98µm
w00[7],5.97µm
w30[4],5.97µm
_00039_,5.96µm
_02420_,5.96µm
_02998_,5.96µm
_03723_,5.96µm
_06810_,5.96µm
_00368_,5.94µm
_00445_,5.94µm
_00832_,5.94µm
_00958_,5.94µm
_01284_,5.94µm
_01455_,5.94µm
_01555_,5.94µm
_01871_,5.94µm
_02031_,5.94µm
_02050_,5.94µm
_02406_,5.94µm
_02490_,5.94µm
_02708_,5.94µm
_02921_,5.94µm
_02944_,5.94µm
_03193_,5.94µm
_03385_,5.94µm
_03862_,5.94µm
_03979_,5.94µm
_04065_,5.94µm
_04235_,5.94µm
_04550_,5.94µm
_04715_,5.94µm
_05010_,5.94µm
_05258_,5.94µm
_05610_,5.94µm
_05881_,5.94µm
_06021_,5.94µm
_06115_,5.94µm
net933,5.94µm
_02119_,5.92µm
_02221_,5.92µm
_04372_,5.9µm
_06784_,5.9µm
_01708_,5.89µm
w01[0],5.87µm
w02[1],5.87µm
_01144_,5.86µm
_02385_,5.86µm
_02434_,5.86µm
_02764_,5.86µm
_04158_,5.86µm
_04448_,5.86µm
_04535_,5.86µm
_04646_,5.86µm
_04918_,5.86µm
_05282_,5.86µm
_05732_,5.86µm
_05925_,5.86µm
net187,5.86µm
_00392_,5.84µm
_00933_,5.84µm
_00992_,5.84µm
_01916_,5.84µm
_02345_,5.84µm
_03396_,5.84µm
_03523_,5.84µm
_03615_,5.84µm
_03755_,5.84µm
_03801_,5.84µm
_03842_,5.84µm
_04338_,5.84µm
_04511_,5.84µm
_04680_,5.84µm
_05364_,5.84µm
_05410_,5.84µm
_05517_,5.84µm
_06264_,5.84µm
_06321_,5.84µm
_06349_,5.84µm
_06615_,5.84µm
_06802_,5.84µm
net857,5.84µm
_00077_,5.82µm
_00242_,5.82µm
_00439_,5.82µm
_00506_,5.82µm
_00590_,5.82µm
_00668_,5.82µm
_01761_,5.82µm
_02116_,5.82µm
_02419_,5.82µm
_02707_,5.82µm
_03472_,5.82µm
_03492_,5.82µm
_03742_,5.82µm
_04070_,5.82µm
_04133_,5.82µm
_04203_,5.82µm
_04314_,5.82µm
_04605_,5.82µm
_04843_,5.82µm
_05260_,5.82µm
_05591_,5.82µm
_05931_,5.82µm
_05972_,5.82µm
_06126_,5.82µm
_06616_,5.82µm
_00650_,5.8µm
_01402_,5.8µm
_01483_,5.8µm
_02130_,5.8µm
_02429_,5.8µm
_03051_,5.8µm
_03499_,5.8µm
_03856_,5.8µm
_03878_,5.8µm
_03954_,5.8µm
_04671_,5.8µm
_04782_,5.8µm
_04855_,5.8µm
_05240_,5.8µm
_05960_,5.8µm
_06671_,5.8µm
net186,5.8µm
_00418_,5.78µm
_01005_,5.78µm
_02978_,5.76µm
_05238_,5.76µm
w03[3],5.75µm
_06618_,5.745µm
_00591_,5.74µm
_02073_,5.74µm
_02732_,5.74µm
_02766_,5.74µm
_03866_,5.74µm
_04066_,5.74µm
_04894_,5.74µm
_05647_,5.74µm
_05813_,5.74µm
_00468_,5.72µm
_00594_,5.72µm
_00700_,5.72µm
_01511_,5.72µm
_01528_,5.72µm
_01898_,5.72µm
_01956_,5.72µm
_02597_,5.72µm
_02714_,5.72µm
_02918_,5.72µm
_02943_,5.72µm
_03021_,5.72µm
_03534_,5.72µm
_03660_,5.72µm
_04466_,5.72µm
_04693_,5.72µm
_04808_,5.72µm
_05143_,5.72µm
_05716_,5.72µm
_05774_,5.72µm
_06077_,5.72µm
_06117_,5.72µm
_06669_,5.72µm
_06680_,5.72µm
net744,5.72µm
_00573_,5.7µm
_00864_,5.7µm
_01289_,5.7µm
_01444_,5.7µm
_01742_,5.7µm
_01824_,5.7µm
_03628_,5.7µm
_03790_,5.7µm
_03897_,5.7µm
_03975_,5.7µm
_05233_,5.7µm
_06109_,5.7µm
_06314_,5.7µm
_00441_,5.68µm
_00535_,5.68µm
_01386_,5.68µm
_02014_,5.68µm
_02105_,5.68µm
_02334_,5.68µm
_02882_,5.68µm
_04164_,5.68µm
_04568_,5.68µm
_06354_,5.68µm
_06412_,5.68µm
_06431_,5.68µm
_06696_,5.68µm
net226,5.68µm
net841,5.68µm
_06427_,5.66µm
y0[3],5.65µm
y3[12],5.65µm
y3[6],5.65µm
w00[2],5.63µm
_02330_,5.625µm
_00563_,5.62µm
_00912_,5.62µm
_01651_,5.62µm
_02403_,5.62µm
_00538_,5.61µm
_00241_,5.6µm
_00252_,5.6µm
_00489_,5.6µm
_00748_,5.6µm
_00816_,5.6µm
_00821_,5.6µm
_01392_,5.6µm
_01656_,5.6µm
_01753_,5.6µm
_01829_,5.6µm
_01835_,5.6µm
_01903_,5.6µm
_01914_,5.6µm
_02108_,5.6µm
_02293_,5.6µm
_02749_,5.6µm
_02835_,5.6µm
_03210_,5.6µm
_03616_,5.6µm
_03829_,5.6µm
_03918_,5.6µm
_04092_,5.6µm
_04402_,5.6µm
_04595_,5.6µm
_04839_,5.6µm
_04975_,5.6µm
_05491_,5.6µm
_05582_,5.6µm
_05856_,5.6µm
_06186_,5.6µm
_06591_,5.6µm
_06707_,5.6µm
net906,5.6µm
_01606_,5.595µm
_01712_,5.58µm
_01830_,5.58µm
_02005_,5.58µm
_02247_,5.58µm
_00364_,5.56µm
_00402_,5.56µm
_01432_,5.56µm
_03248_,5.56µm
_04332_,5.56µm
y0[11],5.53µm
y0[8],5.53µm
y2[5],5.53µm
y3[2],5.53µm
y3[4],5.53µm
y3[7],5.53µm
y3[9],5.53µm
_00010_,5.52µm
_00993_,5.52µm
_02282_,5.52µm
_02322_,5.52µm
_02826_,5.52µm
_04747_,5.52µm
net930,5.52µm
_00028_,5.5µm
_00158_,5.5µm
_00879_,5.5µm
_02314_,5.5µm
_04503_,5.5µm
_06451_,5.5µm
_06739_,5.5µm
net786,5.5µm
_05773_,5.485µm
_05775_,5.485µm
_00137_,5.48µm
_00164_,5.48µm
_00166_,5.48µm
_00268_,5.48µm
_00348_,5.48µm
_00474_,5.48µm
_01242_,5.48µm
_01592_,5.48µm
_02292_,5.48µm
_02509_,5.48µm
_02544_,5.48µm
_02852_,5.48µm
_03099_,5.48µm
_03549_,5.48µm
_03551_,5.48µm
_04115_,5.48µm
_04342_,5.48µm
_05107_,5.48µm
_05342_,5.48µm
_05721_,5.48µm
_06362_,5.48µm
_06410_,5.48µm
_06794_,5.48µm
_00372_,5.46µm
_01479_,5.46µm
_02068_,5.46µm
_02325_,5.46µm
_03478_,5.46µm
_03485_,5.46µm
_03608_,5.46µm
_05829_,5.46µm
w00[5],5.41µm
w00[6],5.41µm
w01[2],5.41µm
w03[4],5.41µm
w03[6],5.41µm
w10[7],5.41µm
w32[6],5.41µm
x3[1],5.41µm
_00234_,5.4µm
_00300_,5.4µm
_00425_,5.4µm
_00774_,5.4µm
_01336_,5.4µm
_01895_,5.4µm
_02090_,5.4µm
_02275_,5.4µm
_02530_,5.4µm
_02565_,5.4µm
_03131_,5.4µm
_03796_,5.4µm
_05957_,5.4µm
net848,5.4µm
_04340_,5.39µm
_00008_,5.38µm
_00037_,5.38µm
_00082_,5.38µm
_00689_,5.38µm
_02131_,5.38µm
_02661_,5.38µm
_02832_,5.38µm
_02965_,5.38µm
_04095_,5.38µm
_04520_,5.38µm
_05446_,5.38µm
_05672_,5.38µm
_06047_,5.38µm
_06436_,5.38µm
_06756_,5.38µm
net162,5.38µm
net191,5.38µm
net204,5.38µm
_00566_,5.36µm
_01503_,5.36µm
_01910_,5.36µm
_02651_,5.36µm
_02670_,5.36µm
_02900_,5.36µm
_02974_,5.36µm
_03063_,5.36µm
_03591_,5.36µm
_05034_,5.36µm
_05515_,5.36µm
_05617_,5.36µm
_06265_,5.36µm
_06329_,5.36µm
_06642_,5.36µm
_06664_,5.36µm
_01553_,5.355µm
_05996_,5.355µm
_04938_,5.345µm
_00741_,5.34µm
_00836_,5.34µm
_00839_,5.34µm
_01572_,5.34µm
_01586_,5.34µm
_02383_,5.34µm
_02495_,5.34µm
_02658_,5.34µm
_02660_,5.34µm
_02744_,5.34µm
_02781_,5.34µm
_03419_,5.34µm
_03507_,5.34µm
_03655_,5.34µm
_04219_,5.34µm
_04456_,5.34µm
_05057_,5.34µm
_05215_,5.34µm
_05857_,5.34µm
_05949_,5.34µm
_05980_,5.34µm
_06097_,5.34µm
_06571_,5.34µm
_06719_,5.34µm
net192,5.34µm
net936,5.34µm
y0[0],5.31µm
y0[1],5.31µm
y2[1],5.31µm
y2[2],5.31µm
y3[3],5.31µm
_03263_,5.29µm
_06025_,5.29µm
_06435_,5.29µm
w00[3],5.29µm
w33[6],5.29µm
x0[4],5.29µm
_05269_,5.285µm
_00286_,5.28µm
_00385_,5.28µm
_00653_,5.28µm
_01969_,5.28µm
_02446_,5.28µm
_02625_,5.28µm
_02804_,5.28µm
_04269_,5.28µm
_05305_,5.28µm
_05500_,5.28µm
_05905_,5.28µm
_06736_,5.28µm
_05710_,5.265µm
_00096_,5.26µm
_00711_,5.26µm
_00840_,5.26µm
_00931_,5.26µm
_00936_,5.26µm
_00961_,5.26µm
_01002_,5.26µm
_01623_,5.26µm
_01636_,5.26µm
_01714_,5.26µm
_01790_,5.26µm
_01948_,5.26µm
_02000_,5.26µm
_02127_,5.26µm
_02251_,5.26µm
_02476_,5.26µm
_02563_,5.26µm
_02573_,5.26µm
_03086_,5.26µm
_03128_,5.26µm
_03473_,5.26µm
_03491_,5.26µm
_04193_,5.26µm
_04653_,5.26µm
_04951_,5.26µm
_05159_,5.26µm
_05479_,5.26µm
_05804_,5.26µm
_05824_,5.26µm
_05884_,5.26µm
_06064_,5.26µm
_06141_,5.26µm
_06377_,5.26µm
_06477_,5.26µm
net755,5.26µm
_01122_,5.24µm
_02858_,5.24µm
_03053_,5.24µm
_03211_,5.24µm
_03824_,5.24µm
_04584_,5.24µm
_04679_,5.24µm
_06350_,5.24µm
_00218_,5.22µm
_00359_,5.22µm
_00483_,5.22µm
_00810_,5.22µm
_01068_,5.22µm
_01294_,5.22µm
_01709_,5.22µm
_01760_,5.22µm
_02664_,5.22µm
_02861_,5.22µm
_02901_,5.22µm
_02907_,5.22µm
_03369_,5.22µm
_03564_,5.22µm
_03620_,5.22µm
_03813_,5.22µm
_04567_,5.22µm
_05250_,5.22µm
_05720_,5.22µm
_05818_,5.22µm
_06515_,5.22µm
net225,5.22µm
w33[0],5.19µm
y2[6],5.19µm
_00208_,5.16µm
_00938_,5.16µm
_01043_,5.16µm
_01425_,5.16µm
_01904_,5.16µm
_02378_,5.16µm
_02465_,5.16µm
_02489_,5.16µm
_02756_,5.16µm
_03438_,5.16µm
_00227_,5.14µm
_00367_,5.14µm
_00575_,5.14µm
_00593_,5.14µm
_01123_,5.14µm
_01369_,5.14µm
_01415_,5.14µm
_01442_,5.14µm
_02097_,5.14µm
_02453_,5.14µm
_02561_,5.14µm
_02562_,5.14µm
_02567_,5.14µm
_03084_,5.14µm
_03161_,5.14µm
_03834_,5.14µm
_04049_,5.14µm
_04175_,5.14µm
_04275_,5.14µm
_04432_,5.14µm
_05283_,5.14µm
_05291_,5.14µm
_05897_,5.14µm
_06089_,5.14µm
_06292_,5.14µm
_06704_,5.14µm
_06786_,5.14µm
_06814_,5.14µm
_06112_,5.135µm
_03640_,5.12µm
_04077_,5.12µm
_04300_,5.12µm
_00070_,5.1µm
net847,5.1µm
w02[5],5.07µm
w02[7],5.07µm
w30[5],5.07µm
w33[1],5.07µm
w33[4],5.07µm
x0[0],5.07µm
_00642_,5.06µm
_00765_,5.06µm
_02401_,5.06µm
_05267_,5.06µm
_00178_,5.04µm
_02052_,5.04µm
_02884_,5.04µm
_03704_,5.04µm
_06202_,5.04µm
net991,5.04µm
_00721_,5.02µm
_00777_,5.02µm
_00791_,5.02µm
_01164_,5.02µm
_01249_,5.02µm
_01458_,5.02µm
_01544_,5.02µm
_01628_,5.02µm
_01808_,5.02µm
_01906_,5.02µm
_01949_,5.02µm
_02203_,5.02µm
_02349_,5.02µm
_02417_,5.02µm
_02418_,5.02µm
_02441_,5.02µm
_02498_,5.02µm
_02518_,5.02µm
_02611_,5.02µm
_03120_,5.02µm
_03657_,5.02µm
_03932_,5.02µm
_04409_,5.02µm
_04840_,5.02µm
_05361_,5.02µm
_05608_,5.02µm
_05611_,5.02µm
_05682_,5.02µm
_05830_,5.02µm
_05882_,5.02µm
_05910_,5.02µm
_06258_,5.02µm
_06322_,5.02µm
_06544_,5.02µm
_06598_,5.02µm
_06681_,5.02µm
_06717_,5.02µm
_00237_,5µm
_00565_,5µm
_00849_,5µm
_02632_,5µm
_03465_,5µm
_04125_,5µm
_06148_,5µm
_06569_,5µm
_00422_,4.99µm
w30[3],4.95µm
w33[5],4.95µm
x0[3],4.95µm
x3[4],4.95µm
x3[5],4.95µm
_00052_,4.94µm
_00167_,4.94µm
_00459_,4.94µm
_00778_,4.94µm
_01057_,4.94µm
_01739_,4.94µm
_01766_,4.94µm
_02051_,4.94µm
_03403_,4.94µm
_03980_,4.94µm
_04055_,4.94µm
_04129_,4.94µm
_04354_,4.94µm
_04909_,4.94µm
_05444_,4.94µm
_06478_,4.94µm
_06725_,4.94µm
_00012_,4.92µm
_00053_,4.92µm
_00183_,4.92µm
_00334_,4.92µm
_00476_,4.92µm
_00746_,4.92µm
_00868_,4.92µm
_00990_,4.92µm
_01717_,4.92µm
_01933_,4.92µm
_02042_,4.92µm
_02179_,4.92µm
_02669_,4.92µm
_02713_,4.92µm
_02845_,4.92µm
_03513_,4.92µm
_04008_,4.92µm
_04039_,4.92µm
_04060_,4.92µm
_04637_,4.92µm
_04661_,4.92µm
_05151_,4.92µm
_05255_,4.92µm
_05620_,4.92µm
_05668_,4.92µm
_05953_,4.92µm
_06024_,4.92µm
_06053_,4.92µm
_06636_,4.92µm
_06649_,4.92µm
net181,4.92µm
net741,4.92µm
net998,4.92µm
net1026,4.92µm
_02078_,4.91µm
_04137_,4.91µm
_00397_,4.9µm
_00469_,4.9µm
_00495_,4.9µm
_00595_,4.9µm
_00616_,4.9µm
_00742_,4.9µm
_01157_,4.9µm
_01259_,4.9µm
_01667_,4.9µm
_01987_,4.9µm
_02742_,4.9µm
_03072_,4.9µm
_03253_,4.9µm
_03501_,4.9µm
_04131_,4.9µm
_04268_,4.9µm
_05148_,4.9µm
_05578_,4.9µm
_05812_,4.9µm
_06158_,4.9µm
_06452_,4.9µm
_06595_,4.895µm
_00404_,4.88µm
_00409_,4.88µm
_00589_,4.88µm
_01531_,4.88µm
_02088_,4.88µm
_02107_,4.88µm
_02121_,4.88µm
_02252_,4.88µm
_02558_,4.88µm
_02710_,4.88µm
_03264_,4.88µm
_03381_,4.88µm
_03495_,4.88µm
_03972_,4.88µm
_04109_,4.88µm
_04327_,4.88µm
_04714_,4.88µm
_05261_,4.88µm
_05955_,4.88µm
_06274_,4.88µm
_06302_,4.88µm
_06311_,4.88µm
_06637_,4.88µm
_06722_,4.88µm
_06788_,4.88µm
net193,4.88µm
net241,4.88µm
_00944_,4.85µm
w30[0],4.85µm
w31[0],4.85µm
y0[7],4.85µm
y1[1],4.85µm
y1[2],4.85µm
y1[3],4.85µm
y2[0],4.85µm
y3[0],4.85µm
y3[11],4.85µm
y3[1],4.85µm
y3[5],4.85µm
y3[8],4.85µm
_02106_,4.83µm
_02126_,4.83µm
_01303_,4.825µm
_05414_,4.825µm
_01020_,4.82µm
_01460_,4.82µm
_02084_,4.82µm
_04026_,4.82µm
_04208_,4.82µm
_04512_,4.82µm
_04916_,4.82µm
_05294_,4.82µm
_05663_,4.805µm
_00060_,4.8µm
_00095_,4.8µm
_00509_,4.8µm
_00769_,4.8µm
_00887_,4.8µm
_00916_,4.8µm
_01128_,4.8µm
_01215_,4.8µm
_01306_,4.8µm
_01923_,4.8µm
_02019_,4.8µm
_02382_,4.8µm
_02479_,4.8µm
_02482_,4.8µm
_02784_,4.8µm
_02827_,4.8µm
_02871_,4.8µm
_02939_,4.8µm
_03178_,4.8µm
_03228_,4.8µm
_03395_,4.8µm
_03577_,4.8µm
_03578_,4.8µm
_03883_,4.8µm
_03945_,4.8µm
_04064_,4.8µm
_04367_,4.8µm
_04423_,4.8µm
_04463_,4.8µm
_04784_,4.8µm
_05229_,4.8µm
_05236_,4.8µm
_05245_,4.8µm
_05298_,4.8µm
_05345_,4.8µm
_05372_,4.8µm
_05411_,4.8µm
_05581_,4.8µm
_05737_,4.8µm
_05853_,4.8µm
_05962_,4.8µm
_06225_,4.8µm
_06372_,4.8µm
_06395_,4.8µm
_06508_,4.8µm
_06777_,4.8µm
_00626_,4.78µm
_01255_,4.78µm
_03260_,4.78µm
_04826_,4.78µm
_06287_,4.78µm
_06210_,4.765µm
_06785_,4.765µm
_00369_,4.76µm
_00484_,4.76µm
_00508_,4.76µm
_01253_,4.76µm
_01729_,4.76µm
_02233_,4.76µm
_02255_,4.76µm
_03805_,4.76µm
_03931_,4.76µm
_03963_,4.76µm
_04417_,4.76µm
_04427_,4.76µm
_05355_,4.76µm
_05607_,4.76µm
_05652_,4.76µm
_05707_,4.76µm
_06308_,4.76µm
_06675_,4.76µm
net165,4.76µm
net223,4.76µm
net753,4.76µm
net787,4.76µm
_00085_,4.755µm
_01534_,4.74µm
_00179_,4.73µm
w02[3],4.73µm
x0[7],4.73µm
x3[0],4.73µm
_01568_,4.7µm
_03626_,4.7µm
_03663_,4.7µm
_03766_,4.7µm
_06643_,4.7µm
_04074_,4.69µm
_01929_,4.685µm
_03851_,4.685µm
_06056_,4.685µm
_00009_,4.68µm
_00026_,4.68µm
_00647_,4.68µm
_00666_,4.68µm
_00758_,4.68µm
_01445_,4.68µm
_01613_,4.68µm
_02037_,4.68µm
_02193_,4.68µm
_02223_,4.68µm
_02812_,4.68µm
_03243_,4.68µm
_03789_,4.68µm
_04088_,4.68µm
_04184_,4.68µm
_04284_,4.68µm
_04404_,4.68µm
_04508_,4.68µm
_04635_,4.68µm
_04836_,4.68µm
_05035_,4.68µm
_05296_,4.68µm
_05332_,4.68µm
_05919_,4.68µm
_05933_,4.68µm
_06232_,4.68µm
_03807_,4.66µm
_06607_,4.66µm
_03913_,4.655µm
_06448_,4.655µm
_00381_,4.61µm
w03[7],4.61µm
w30[6],4.61µm
x0[6],4.61µm
_00527_,4.6µm
_01535_,4.6µm
_06207_,4.6µm
_01792_,4.58µm
_04285_,4.58µm
_04416_,4.58µm
_04737_,4.58µm
_05110_,4.58µm
_06171_,4.58µm
net997,4.58µm
_04763_,4.565µm
_00092_,4.56µm
_00185_,4.56µm
_00531_,4.56µm
_00582_,4.56µm
_01009_,4.56µm
_01117_,4.56µm
_01265_,4.56µm
_01541_,4.56µm
_01614_,4.56µm
_01899_,4.56µm
_02047_,4.56µm
_02287_,4.56µm
_02398_,4.56µm
_02601_,4.56µm
_02926_,4.56µm
_03269_,4.56µm
_03306_,4.56µm
_03800_,4.56µm
_04096_,4.56µm
_04229_,4.56µm
_04256_,4.56µm
_04495_,4.56µm
_04532_,4.56µm
_05836_,4.56µm
_05954_,4.56µm
_06236_,4.56µm
_06266_,4.56µm
_06583_,4.56µm
_06676_,4.56µm
_00118_,4.54µm
_01620_,4.54µm
_02290_,4.54µm
_03441_,4.54µm
_03646_,4.54µm
_05767_,4.54µm
_06246_,4.54µm
_06366_,4.54µm
_06651_,4.54µm
_01315_,4.48µm
_02366_,4.48µm
_02961_,4.48µm
_03406_,4.48µm
_03561_,4.48µm
_03728_,4.48µm
_03843_,4.48µm
_03968_,4.48µm
_03981_,4.48µm
_04215_,4.48µm
_04624_,4.48µm
_04992_,4.48µm
_05164_,4.48µm
_05404_,4.48µm
_05825_,4.48µm
_05966_,4.48µm
_06100_,4.48µm
_06580_,4.48µm
_06769_,4.48µm
_01908_,4.475µm
_00161_,4.46µm
_00301_,4.46µm
_00360_,4.46µm
_00615_,4.46µm
_01013_,4.46µm
_01290_,4.46µm
_02048_,4.46µm
_02170_,4.46µm
_02491_,4.46µm
_02633_,4.46µm
_03217_,4.46µm
_03278_,4.46µm
_03956_,4.46µm
_04178_,4.46µm
_04570_,4.46µm
_04589_,4.46µm
_04738_,4.46µm
_04813_,4.46µm
_05266_,4.46µm
_05474_,4.46µm
_05513_,4.46µm
_05524_,4.46µm
_05627_,4.46µm
_05703_,4.46µm
_05763_,4.46µm
_06038_,4.46µm
_06217_,4.46µm
_06527_,4.46µm
net723,4.46µm
_00087_,4.44µm
_00211_,4.44µm
_00501_,4.44µm
_01247_,4.44µm
_01779_,4.44µm
_02400_,4.44µm
_04676_,4.44µm
_05279_,4.44µm
_05340_,4.44µm
_05927_,4.44µm
_00405_,4.42µm
_00421_,4.42µm
_00536_,4.42µm
_01536_,4.42µm
_01604_,4.42µm
_03656_,4.42µm
_03847_,4.42µm
_03876_,4.42µm
_04234_,4.42µm
_04828_,4.42µm
_05019_,4.42µm
_05095_,4.42µm
_05589_,4.42µm
_06488_,4.42µm
_06600_,4.42µm
w32[1],4.39µm
w33[3],4.39µm
_00264_,4.37µm
_02137_,4.37µm
_00193_,4.365µm
_00943_,4.36µm
_01881_,4.36µm
_02746_,4.36µm
_03289_,4.36µm
_03368_,4.36µm
_03371_,4.36µm
_03460_,4.36µm
_03547_,4.36µm
_03775_,4.36µm
_03833_,4.36µm
_04040_,4.36µm
_04100_,4.36µm
_04249_,4.36µm
_05408_,4.36µm
_05632_,4.36µm
_06235_,4.36µm
_06317_,4.36µm
_06374_,4.36µm
_06493_,4.36µm
net199,4.36µm
_01664_,4.345µm
_00291_,4.34µm
_00448_,4.34µm
_00492_,4.34µm
_00628_,4.34µm
_00761_,4.34µm
_00901_,4.34µm
_01024_,4.34µm
_01031_,4.34µm
_01234_,4.34µm
_01252_,4.34µm
_01360_,4.34µm
_01557_,4.34µm
_01591_,4.34µm
_02102_,4.34µm
_02134_,4.34µm
_02209_,4.34µm
_02267_,4.34µm
_02791_,4.34µm
_02808_,4.34µm
_02925_,4.34µm
_02927_,4.34µm
_03032_,4.34µm
_03209_,4.34µm
_03222_,4.34µm
_03255_,4.34µm
_03286_,4.34µm
_03388_,4.34µm
_03488_,4.34µm
_03974_,4.34µm
_04194_,4.34µm
_04443_,4.34µm
_04471_,4.34µm
_04494_,4.34µm
_04521_,4.34µm
_04819_,4.34µm
_05492_,4.34µm
_05595_,4.34µm
_05660_,4.34µm
_05676_,4.34µm
_05687_,4.34µm
_05757_,4.34µm
_05926_,4.34µm
_05975_,4.34µm
_06139_,4.34µm
_06301_,4.34µm
_06310_,4.34µm
_06779_,4.34µm
net212,4.34µm
net721,4.34µm
net732,4.34µm
net937,4.34µm
_02421_,4.32µm
_02613_,4.32µm
_05350_,4.32µm
_02285_,4.315µm
_04326_,4.25µm
_00356_,4.24µm
_04475_,4.24µm
_04667_,4.24µm
_06621_,4.24µm
_06752_,4.24µm
_00048_,4.22µm
_00526_,4.22µm
_00873_,4.22µm
_01045_,4.22µm
_01660_,4.22µm
_02144_,4.22µm
_02257_,4.22µm
_02656_,4.22µm
_03141_,4.22µm
_03402_,4.22µm
_03624_,4.22µm
_03882_,4.22µm
_04254_,4.22µm
_04307_,4.22µm
_04422_,4.22µm
_04893_,4.22µm
_05042_,4.22µm
_05051_,4.22µm
_05378_,4.22µm
_06110_,4.22µm
_06190_,4.22µm
_06370_,4.22µm
net735,4.22µm
net842,4.22µm
net1025,4.22µm
_00781_,4.2µm
_02258_,4.2µm
_05435_,4.2µm
_06066_,4.2µm
_01546_,4.14µm
_02009_,4.14µm
_03408_,4.14µm
_03553_,4.14µm
_05227_,4.14µm
_05675_,4.14µm
net754,4.14µm
_00007_,4.12µm
_01073_,4.12µm
_01302_,4.12µm
_01771_,4.12µm
_02199_,4.12µm
_02741_,4.12µm
_03132_,4.12µm
_03860_,4.12µm
_04169_,4.12µm
_04781_,4.11µm
_04728_,4.105µm
_01370_,4.1µm
_01558_,4.1µm
_01865_,4.1µm
_02192_,4.1µm
_02212_,4.1µm
_03496_,4.1µm
_03939_,4.1µm
_04614_,4.1µm
_05161_,4.1µm
_05574_,4.1µm
_05693_,4.1µm
_06254_,4.1µm
_06683_,4.1µm
_01741_,4.08µm
_02638_,4.08µm
_03242_,4.08µm
_03852_,4.08µm
_04228_,4.08µm
_05711_,4.08µm
_05852_,4.08µm
_05909_,4.08µm
_06768_,4.08µm
_00148_,4.02µm
_00233_,4.02µm
_00302_,4.02µm
_00456_,4.02µm
_00767_,4.02µm
_00975_,4.02µm
_01136_,4.02µm
_01885_,4.02µm
_01995_,4.02µm
_02323_,4.02µm
_02332_,4.02µm
_02790_,4.02µm
_03357_,4.02µm
_03716_,4.02µm
_04484_,4.02µm
_04928_,4.02µm
_05076_,4.02µm
_05436_,4.02µm
_06523_,4.02µm
net727,4.02µm
_00046_,4.005µm
_00041_,4µm
_00059_,4µm
_00182_,4µm
_00223_,4µm
_00245_,4µm
_00322_,4µm
_01229_,4µm
_01389_,4µm
_01469_,4µm
_01472_,4µm
_01965_,4µm
_01978_,4µm
_02034_,4µm
_02202_,4µm
_02338_,4µm
_02399_,4µm
_02626_,4µm
_02823_,4µm
_02878_,4µm
_02915_,4µm
_03067_,4µm
_04239_,4µm
_04297_,4µm
_04400_,4µm
_04678_,4µm
_04774_,4µm
_04834_,4µm
_05272_,4µm
_05324_,4µm
_05759_,4µm
_06049_,4µm
_06297_,4µm
net180,4µm
net183,4µm
net731,4µm
net938,4µm
_00464_,3.98µm
_00913_,3.98µm
_01241_,3.98µm
_02755_,3.98µm
_02920_,3.98µm
_03173_,3.98µm
_05009_,3.98µm
_05529_,3.98µm
_06491_,3.98µm
_00330_,3.975µm
net758,3.93µm
_03916_,3.91µm
_02801_,3.905µm
_00865_,3.9µm
_01463_,3.9µm
_02413_,3.9µm
_02653_,3.9µm
_02981_,3.9µm
_03149_,3.9µm
_03292_,3.9µm
_03732_,3.9µm
_04226_,3.9µm
_04824_,3.9µm
_05002_,3.9µm
_05908_,3.9µm
_06499_,3.9µm
_06599_,3.9µm
_02836_,3.895µm
_00386_,3.88µm
_00463_,3.88µm
_00581_,3.88µm
_00621_,3.88µm
_00708_,3.88µm
_00994_,3.88µm
_01435_,3.88µm
_01618_,3.88µm
_01650_,3.88µm
_01966_,3.88µm
_02096_,3.88µm
_02098_,3.88µm
_02533_,3.88µm
_02733_,3.88µm
_02763_,3.88µm
_02955_,3.88µm
_02966_,3.88µm
_03297_,3.88µm
_03461_,3.88µm
_03780_,3.88µm
_03946_,3.88µm
_04450_,3.88µm
_04921_,3.88µm
_04950_,3.88µm
_05094_,3.88µm
_05304_,3.88µm
_05323_,3.88µm
_05396_,3.88µm
_05569_,3.88µm
_05613_,3.88µm
_05662_,3.88µm
_05697_,3.88µm
_05808_,3.88µm
_05952_,3.88µm
_06020_,3.88µm
_06345_,3.88µm
_06430_,3.88µm
_06791_,3.88µm
_06795_,3.88µm
net198,3.88µm
net200,3.88µm
net203,3.88µm
net253,3.88µm
net743,3.88µm
net752,3.88µm
net928,3.88µm
net929,3.88µm
_02276_,3.86µm
_04648_,3.86µm
_05563_,3.84µm
_06612_,3.81µm
_05644_,3.79µm
_02962_,3.78µm
_03019_,3.78µm
_03134_,3.78µm
_03399_,3.78µm
_04015_,3.78µm
_05173_,3.78µm
_05228_,3.78µm
_06092_,3.78µm
_06280_,3.78µm
_00065_,3.76µm
_00339_,3.76µm
_00353_,3.76µm
_01716_,3.76µm
_02208_,3.76µm
_02213_,3.76µm
_02459_,3.76µm
_03327_,3.76µm
_03625_,3.76µm
_03686_,3.76µm
_03736_,3.76µm
_04154_,3.76µm
_04387_,3.76µm
_04932_,3.76µm
_05105_,3.76µm
_06415_,3.76µm
net518,3.76µm
net785,3.76µm
_00224_,3.74µm
_05998_,3.74µm
_06083_,3.74µm
_00024_,3.685µm
_00011_,3.68µm
_00155_,3.68µm
_03794_,3.68µm
_03907_,3.68µm
_05069_,3.68µm
_05845_,3.68µm
_00213_,3.66µm
_01724_,3.66µm
_04485_,3.66µm
_05519_,3.66µm
net784,3.66µm
_00098_,3.64µm
_01307_,3.64µm
_02478_,3.64µm
_02569_,3.64µm
_02665_,3.64µm
_03026_,3.64µm
_03772_,3.64µm
_03803_,3.64µm
_04536_,3.64µm
_04798_,3.64µm
_05356_,3.64µm
_05679_,3.64µm
_06697_,3.64µm
_04188_,3.6µm
_00929_,3.565µm
_00498_,3.56µm
_01029_,3.56µm
_01052_,3.56µm
_01141_,3.56µm
_01772_,3.56µm
_02709_,3.56µm
_02888_,3.56µm
_03928_,3.56µm
_04600_,3.56µm
_04707_,3.56µm
_00255_,3.54µm
_00904_,3.54µm
_00941_,3.54µm
_00948_,3.54µm
_01038_,3.54µm
_01133_,3.54µm
_02138_,3.54µm
_02595_,3.54µm
_02752_,3.54µm
_02909_,3.54µm
_03092_,3.54µm
_03785_,3.54µm
_04246_,3.54µm
_04250_,3.54µm
_04344_,3.54µm
_04396_,3.54µm
_04590_,3.54µm
_04657_,3.54µm
_05440_,3.54µm
_05456_,3.54µm
_05510_,3.54µm
_05601_,3.54µm
_05666_,3.54µm
_05681_,3.54µm
_05731_,3.54µm
_05950_,3.54µm
_06213_,3.54µm
_06335_,3.54µm
_06512_,3.54µm
_06570_,3.54µm
_06754_,3.54µm
net749,3.54µm
_04052_,3.53µm
_00184_,3.52µm
_01625_,3.52µm
_01626_,3.52µm
_02253_,3.52µm
_02384_,3.52µm
_05163_,3.52µm
_00609_,3.44µm
_02969_,3.44µm
_03950_,3.44µm
_05726_,3.44µm
_05736_,3.44µm
_06510_,3.44µm
net1030,3.44µm
_00376_,3.42µm
_00462_,3.42µm
_00479_,3.42µm
_00548_,3.42µm
_00574_,3.42µm
_00611_,3.42µm
_00681_,3.42µm
_00766_,3.42µm
_00773_,3.42µm
_00802_,3.42µm
_00878_,3.42µm
_01131_,3.42µm
_01264_,3.42µm
_01397_,3.42µm
_01434_,3.42µm
_01524_,3.42µm
_01609_,3.42µm
_01671_,3.42µm
_01728_,3.42µm
_01803_,3.42µm
_01944_,3.42µm
_01980_,3.42µm
_02205_,3.42µm
_02433_,3.42µm
_02452_,3.42µm
_02503_,3.42µm
_02552_,3.42µm
_02594_,3.42µm
_02881_,3.42µm
_03389_,3.42µm
_03469_,3.42µm
_03575_,3.42µm
_03619_,3.42µm
_03635_,3.42µm
_03923_,3.42µm
_03949_,3.42µm
_03960_,3.42µm
_03986_,3.42µm
_04221_,3.42µm
_04394_,3.42µm
_04403_,3.42µm
_04479_,3.42µm
_04552_,3.42µm
_05141_,3.42µm
_05482_,3.42µm
_05580_,3.42µm
_05586_,3.42µm
_05664_,3.42µm
_05807_,3.42µm
_05840_,3.42µm
_05886_,3.42µm
_05958_,3.42µm
_06233_,3.42µm
_06290_,3.42µm
_06503_,3.42µm
net767,3.4µm
_01738_,3.32µm
_02236_,3.32µm
_05612_,3.32µm
_00030_,3.3µm
_00585_,3.3µm
_00627_,3.3µm
_01811_,3.3µm
_02348_,3.3µm
_02666_,3.3µm
_05625_,3.3µm
_06269_,3.3µm
_00022_,3.225µm
_01564_,3.22µm
_02189_,3.22µm
_03605_,3.22µm
_05459_,3.22µm
_00019_,3.2µm
_02280_,3.2µm
_02523_,3.2µm
_02872_,3.2µm
_04966_,3.2µm
_06286_,3.2µm
net46,3.2µm
net849,3.2µm
net996,3.2µm
_00671_,3.18µm
_00857_,3.18µm
_00038_,3.125µm
_00971_,3.1µm
_00984_,3.1µm
_01261_,3.1µm
_01589_,3.1µm
_01813_,3.1µm
_02811_,3.1µm
_03094_,3.1µm
_03139_,3.1µm
_03155_,3.1µm
_03283_,3.1µm
_03380_,3.1µm
_03552_,3.1µm
_04617_,3.1µm
_04658_,3.1µm
_04665_,3.1µm
_05073_,3.1µm
_05118_,3.1µm
_05573_,3.1µm
_05755_,3.1µm
_06378_,3.1µm
_06530_,3.1µm
_06629_,3.1µm
_01915_,3.085µm
_00192_,3.08µm
_00387_,3.08µm
_00696_,3.08µm
_00704_,3.08µm
_00862_,3.08µm
_00863_,3.08µm
_00957_,3.08µm
_01104_,3.08µm
_01390_,3.08µm
_01440_,3.08µm
_01484_,3.08µm
_01550_,3.08µm
_01749_,3.08µm
_01873_,3.08µm
_02067_,3.08µm
_02074_,3.08µm
_02439_,3.08µm
_02513_,3.08µm
_02860_,3.08µm
_02963_,3.08µm
_03372_,3.08µm
_03767_,3.08µm
_03961_,3.08µm
_04186_,3.08µm
_04353_,3.08µm
_04596_,3.08µm
_04625_,3.08µm
_04740_,3.08µm
_04778_,3.08µm
_04806_,3.08µm
_04875_,3.08µm
_04947_,3.08µm
_05014_,3.08µm
_05104_,3.08µm
_05174_,3.08µm
_05234_,3.08µm
_05594_,3.08µm
_05673_,3.08µm
_05771_,3.08µm
_05791_,3.08µm
_05874_,3.08µm
_06187_,3.08µm
net720,3.08µm
net729,3.08µm
_01459_,3.06µm
_03301_,3.06µm
_03886_,3.06µm
_04514_,3.06µm
_00438_,2.98µm
_00983_,2.98µm
_01099_,2.98µm
_01385_,2.98µm
_03192_,2.98µm
_03810_,2.98µm
_05145_,2.98µm
_05495_,2.98µm
net736,2.98µm
net763,2.98µm
net1029,2.98µm
_00432_,2.96µm
_00521_,2.96µm
_00714_,2.96µm
_00715_,2.96µm
_00738_,2.96µm
_00785_,2.96µm
_00795_,2.96µm
_00815_,2.96µm
_00824_,2.96µm
_00843_,2.96µm
_00858_,2.96µm
_00874_,2.96µm
_01413_,2.96µm
_01755_,2.96µm
_01997_,2.96µm
_02344_,2.96µm
_02508_,2.96µm
_02593_,2.96µm
_02774_,2.96µm
_02821_,2.96µm
_03080_,2.96µm
_03158_,2.96µm
_03227_,2.96µm
_03293_,2.96µm
_03442_,2.96µm
_03581_,2.96µm
_03585_,2.96µm
_03666_,2.96µm
_03825_,2.96µm
_03827_,2.96µm
_03903_,2.96µm
_04044_,2.96µm
_04091_,2.96µm
_04098_,2.96µm
_04371_,2.96µm
_04469_,2.96µm
_04633_,2.96µm
_04651_,2.96µm
_04698_,2.96µm
_04939_,2.96µm
_05017_,2.96µm
_05325_,2.96µm
_05604_,2.96µm
_05819_,2.96µm
_06041_,2.96µm
_06196_,2.96µm
_06365_,2.96µm
_06471_,2.96µm
_06811_,2.96µm
net215,2.96µm
_00698_,2.86µm
_02542_,2.86µm
_00067_,2.84µm
_00558_,2.84µm
_00601_,2.84µm
_00688_,2.84µm
_01450_,2.84µm
_02079_,2.84µm
_02863_,2.84µm
_03354_,2.84µm
_03597_,2.84µm
_04827_,2.84µm
_05719_,2.84µm
_05941_,2.84µm
_05978_,2.84µm
_06608_,2.84µm
_00000_,2.76µm
_00571_,2.76µm
_03588_,2.76µm
_04061_,2.76µm
_04618_,2.76µm
_05639_,2.76µm
_06088_,2.76µm
net851,2.76µm
_00035_,2.74µm
_00491_,2.74µm
_01733_,2.74µm
_02246_,2.74µm
_03239_,2.74µm
_05327_,2.74µm
_05403_,2.74µm
_05527_,2.74µm
_05648_,2.74µm
_06406_,2.74µm
net993,2.74µm
net757,2.72µm
_00027_,2.64µm
_00217_,2.64µm
_00454_,2.64µm
_00977_,2.64µm
_01077_,2.64µm
_01296_,2.64µm
_01778_,2.64µm
_02543_,2.64µm
_02831_,2.64µm
_02837_,2.64µm
_02874_,2.64µm
_04640_,2.64µm
_04959_,2.64µm
_04984_,2.64µm
_06145_,2.64µm
_06692_,2.64µm
_06764_,2.64µm
_00530_,2.62µm
_00547_,2.62µm
_01282_,2.62µm
_01288_,2.62µm
_01310_,2.62µm
_01363_,2.62µm
_01475_,2.62µm
_01552_,2.62µm
_01960_,2.62µm
_02103_,2.62µm
_02201_,2.62µm
_02217_,2.62µm
_02480_,2.62µm
_02968_,2.62µm
_03056_,2.62µm
_03125_,2.62µm
_03172_,2.62µm
_03230_,2.62µm
_03254_,2.62µm
_03276_,2.62µm
_03279_,2.62µm
_03326_,2.62µm
_03384_,2.62µm
_03844_,2.62µm
_03962_,2.62µm
_04111_,2.62µm
_04245_,2.62µm
_04444_,2.62µm
_04451_,2.62µm
_04628_,2.62µm
_04703_,2.62µm
_04711_,2.62µm
_04770_,2.62µm
_05136_,2.62µm
_05321_,2.62µm
_05493_,2.62µm
_05614_,2.62µm
_05643_,2.62µm
_05653_,2.62µm
_05870_,2.62µm
_05895_,2.62µm
_05938_,2.62µm
_06240_,2.62µm
_06242_,2.62µm
_06328_,2.62µm
_06472_,2.62µm
_06514_,2.62µm
_06533_,2.62µm
_06685_,2.62µm
_06746_,2.62µm
_06812_,2.62µm
net194,2.62µm
net733,2.62µm
net992,2.62µm
_00790_,2.52µm
_02904_,2.52µm
_03212_,2.52µm
_03252_,2.52µm
_05746_,2.52µm
_06007_,2.52µm
_00219_,2.5µm
_00281_,2.5µm
_00312_,2.5µm
_00352_,2.5µm
_00580_,2.5µm
_00679_,2.5µm
_00720_,2.5µm
_00918_,2.5µm
_00930_,2.5µm
_00949_,2.5µm
_01023_,2.5µm
_01429_,2.5µm
_01935_,2.5µm
_02092_,2.5µm
_02129_,2.5µm
_02143_,2.5µm
_02568_,2.5µm
_02642_,2.5µm
_02689_,2.5µm
_02703_,2.5µm
_02758_,2.5µm
_02762_,2.5µm
_02776_,2.5µm
_02917_,2.5µm
_02935_,2.5µm
_02948_,2.5µm
_02954_,2.5µm
_03075_,2.5µm
_03089_,2.5µm
_03311_,2.5µm
_03315_,2.5µm
_03348_,2.5µm
_03378_,2.5µm
_03527_,2.5µm
_03658_,2.5µm
_03744_,2.5µm
_03837_,2.5µm
_04238_,2.5µm
_04438_,2.5µm
_04522_,2.5µm
_04544_,2.5µm
_04598_,2.5µm
_04652_,2.5µm
_04758_,2.5µm
_04982_,2.5µm
_05302_,2.5µm
_05346_,2.5µm
_05478_,2.5µm
_05704_,2.5µm
_05725_,2.5µm
_05756_,2.5µm
_05799_,2.5µm
_05803_,2.5µm
_05915_,2.5µm
_06082_,2.5µm
_06127_,2.5µm
_06221_,2.5µm
_06312_,2.5µm
_06348_,2.5µm
_06376_,2.5µm
_06434_,2.5µm
_06492_,2.5µm
_06502_,2.5µm
_06586_,2.5µm
_06627_,2.5µm
_06742_,2.5µm
net175,2.5µm
net243,2.5µm
_06520_,2.4µm
_01417_,2.38µm
_02166_,2.38µm
_03985_,2.38µm
_05917_,2.38µm
_00061_,2.305µm
_00017_,2.3µm
_00101_,2.3µm
_00303_,2.3µm
_00344_,2.3µm
_00347_,2.3µm
_01008_,2.3µm
_01523_,2.3µm
_01787_,2.3µm
_01818_,2.3µm
_02198_,2.3µm
_02612_,2.3µm
_02624_,2.3µm
_02693_,2.3µm
_02745_,2.3µm
_02953_,2.3µm
_03231_,2.3µm
_03667_,2.3µm
_04030_,2.3µm
_04588_,2.3µm
_04622_,2.3µm
_04674_,2.3µm
_04956_,2.3µm
_04962_,2.3µm
_05268_,2.3µm
_05464_,2.3µm
_05538_,2.3µm
_05665_,2.3µm
_05904_,2.3µm
_06040_,2.3µm
_06103_,2.3µm
_06298_,2.3µm
_06747_,2.3µm
_06776_,2.3µm
_06792_,2.3µm
net1028,2.3µm
_00014_,2.28µm
_00018_,2.28µm
_00867_,2.28µm
_02018_,2.28µm
_02310_,2.28µm
_02485_,2.28µm
_02735_,2.28µm
_03204_,2.28µm
_03967_,2.28µm
_04043_,2.28µm
_04308_,2.28µm
_05106_,2.28µm
_06418_,2.28µm
_06772_,2.28µm
_04681_,2.19µm
_00057_,2.18µm
_00058_,2.18µm
_01124_,2.18µm
_01730_,2.18µm
_01775_,2.18µm
_01780_,2.18µm
_01864_,2.18µm
_01911_,2.18µm
_02525_,2.18µm
_02644_,2.18µm
_02767_,2.18µm
_02773_,2.18µm
_02788_,2.18µm
_03031_,2.18µm
_03397_,2.18µm
_03747_,2.18µm
_04162_,2.18µm
_04291_,2.18µm
_04509_,2.18µm
_04761_,2.18µm
_04850_,2.18µm
_05091_,2.18µm
_05656_,2.18µm
_05847_,2.18µm
net217,2.18µm
_00093_,2.16µm
_00206_,2.16µm
_00210_,2.16µm
_00458_,2.16µm
_00511_,2.16µm
_00555_,2.16µm
_00684_,2.16µm
_00827_,2.16µm
_00967_,2.16µm
_01025_,2.16µm
_01086_,2.16µm
_01218_,2.16µm
_01243_,2.16µm
_01257_,2.16µm
_01318_,2.16µm
_01817_,2.16µm
_01932_,2.16µm
_02352_,2.16µm
_02825_,2.16µm
_03010_,2.16µm
_03118_,2.16µm
_03274_,2.16µm
_03421_,2.16µm
_03432_,2.16µm
_03459_,2.16µm
_03712_,2.16µm
_03749_,2.16µm
_03958_,2.16µm
_04054_,2.16µm
_04130_,2.16µm
_04165_,2.16µm
_04316_,2.16µm
_04572_,2.16µm
_04989_,2.16µm
_05306_,2.16µm
_05318_,2.16µm
_05335_,2.16µm
_05415_,2.16µm
_05434_,2.16µm
_05463_,2.16µm
_06015_,2.16µm
_06045_,2.16µm
_06048_,2.16µm
_06065_,2.16µm
_06214_,2.16µm
_06611_,2.16µm
_06732_,2.16µm
_06767_,2.16µm
net182,2.16µm
net728,2.16µm
net850,2.16µm
net854,2.16µm
_00396_,2.06µm
_00953_,2.06µm
_00970_,2.06µm
_01092_,2.06µm
_01514_,2.06µm
_02029_,2.06µm
_02113_,2.06µm
_02265_,2.06µm
_02331_,2.06µm
_03281_,2.06µm
_04366_,2.06µm
_04502_,2.06µm
_06654_,2.06µm
_00165_,2.04µm
_00173_,2.04µm
_00652_,2.04µm
_00882_,2.04µm
_00980_,2.04µm
_01382_,2.04µm
_01545_,2.04µm
_01551_,2.04µm
_01575_,2.04µm
_01577_,2.04µm
_02237_,2.04µm
_02564_,2.04µm
_02584_,2.04µm
_02655_,2.04µm
_02728_,2.04µm
_02940_,2.04µm
_03052_,2.04µm
_03098_,2.04µm
_03223_,2.04µm
_03272_,2.04µm
_03563_,2.04µm
_04033_,2.04µm
_04141_,2.04µm
_04182_,2.04µm
_04351_,2.04µm
_04395_,2.04µm
_04399_,2.04µm
_04487_,2.04µm
_04831_,2.04µm
_04930_,2.04µm
_05134_,2.04µm
_05292_,2.04µm
_05431_,2.04µm
_05448_,2.04µm
_05525_,2.04µm
_05669_,2.04µm
_05686_,2.04µm
_05848_,2.04µm
_06153_,2.04µm
_06188_,2.04µm
net170,2.04µm
net232,2.04µm
net242,2.04µm
net746,2.04µm
net759,2.04µm
_01585_,1.94µm
_01756_,1.94µm
_00047_,1.845µm
_00551_,1.84µm
_00796_,1.84µm
_01532_,1.84µm
_02676_,1.84µm
_02725_,1.84µm
_03044_,1.84µm
_03356_,1.84µm
_03407_,1.84µm
_03651_,1.84µm
_03705_,1.84µm
_04135_,1.84µm
_04557_,1.84µm
_05070_,1.84µm
_05793_,1.84µm
_06001_,1.84µm
_06011_,1.84µm
_06028_,1.84µm
_06617_,1.84µm
net747,1.84µm
net995,1.84µm
_00033_,1.82µm
_00324_,1.82µm
_01364_,1.82µm
_01939_,1.82µm
_02010_,1.82µm
_02386_,1.82µm
_02627_,1.82µm
_02630_,1.82µm
_02959_,1.82µm
_03941_,1.82µm
_03976_,1.82µm
_03990_,1.82µm
_05991_,1.82µm
_06032_,1.82µm
_06091_,1.82µm
_00072_,1.72µm
_00100_,1.72µm
_00273_,1.72µm
_00315_,1.72µm
_00500_,1.72µm
_00991_,1.72µm
_01076_,1.72µm
_01410_,1.72µm
_01437_,1.72µm
_01945_,1.72µm
_02702_,1.72µm
_02789_,1.72µm
_02897_,1.72µm
_03219_,1.72µm
_03604_,1.72µm
_04726_,1.72µm
_04754_,1.72µm
_04764_,1.72µm
_05083_,1.72µm
_05138_,1.72µm
_05823_,1.72µm
_06495_,1.72µm
_06517_,1.72µm
net189,1.72µm
_00073_,1.7µm
_00295_,1.7µm
_00745_,1.7µm
_00772_,1.7µm
_00831_,1.7µm
_00921_,1.7µm
_00950_,1.7µm
_01011_,1.7µm
_01368_,1.7µm
_01447_,1.7µm
_01786_,1.7µm
_01905_,1.7µm
_02373_,1.7µm
_02516_,1.7µm
_02524_,1.7µm
_02674_,1.7µm
_02680_,1.7µm
_02840_,1.7µm
_02886_,1.7µm
_02912_,1.7µm
_03636_,1.7µm
_03896_,1.7µm
_04050_,1.7µm
_04108_,1.7µm
_04185_,1.7µm
_04223_,1.7µm
_04612_,1.7µm
_04631_,1.7µm
_04691_,1.7µm
_04744_,1.7µm
_04753_,1.7µm
_05022_,1.7µm
_05281_,1.7µm
_05422_,1.7µm
_05702_,1.7µm
_06079_,1.7µm
_06271_,1.7µm
_06336_,1.7µm
_06343_,1.7µm
_06391_,1.7µm
_06516_,1.7µm
net184,1.7µm
net201,1.7µm
net205,1.7µm
net216,1.7µm
_01936_,1.61µm
_02093_,1.61µm
_02243_,1.61µm
_02374_,1.61µm
_05800_,1.61µm
_00444_,1.6µm
_03703_,1.6µm
_04688_,1.6µm
_04791_,1.6µm
_05249_,1.6µm
net925,1.6µm
_03786_,1.49µm
_02328_,1.48µm
_00221_,1.38µm
_00655_,1.38µm
_00962_,1.38µm
_01563_,1.38µm
_01752_,1.38µm
_02038_,1.38µm
_02242_,1.38µm
_03325_,1.38µm
_03601_,1.38µm
_03756_,1.38µm
_04076_,1.38µm
_04273_,1.38µm
_04546_,1.38µm
_04593_,1.38µm
_04954_,1.38µm
_05103_,1.38µm
_05123_,1.38µm
_05176_,1.38µm
_05239_,1.38µm
_05412_,1.38µm
_06589_,1.38µm
_00016_,1.36µm
_00355_,1.36µm
_02101_,1.36µm
_02404_,1.36µm
_02409_,1.36µm
_04331_,1.36µm
_05467_,1.36µm
_06423_,1.36µm
net235,1.31µm
_00248_,1.26µm
_00775_,1.26µm
_01089_,1.26µm
_01111_,1.26µm
_01587_,1.26µm
_01877_,1.26µm
_01946_,1.26µm
_01996_,1.26µm
_02125_,1.26µm
_02148_,1.26µm
_02358_,1.26µm
_02451_,1.26µm
_02877_,1.26µm
_02892_,1.26µm
_03444_,1.26µm
_04320_,1.26µm
_04408_,1.26µm
_04639_,1.26µm
_04767_,1.26µm
_05654_,1.26µm
_06490_,1.26µm
_06590_,1.26µm
_06638_,1.26µm
net788,1.26µm
_00630_,1.14µm
_00727_,1.14µm
_01689_,1.14µm
_03145_,1.14µm
_04174_,1.14µm
_04192_,1.14µm
_04352_,1.14µm
_04608_,1.14µm
_05890_,1.14µm
_05899_,1.14µm
_06037_,1.14µm
_00683_,0.92µm
_01147_,0.92µm
_01641_,0.92µm
_01649_,0.92µm
_02501_,0.92µm
_02550_,0.92µm
_02759_,0.92µm
_02945_,0.92µm
_02986_,0.92µm
_03106_,0.92µm
_03206_,0.92µm
_03447_,0.92µm
_03486_,0.92µm
_03871_,0.92µm
_04087_,0.92µm
_04114_,0.92µm
_04304_,0.92µm
_04583_,0.92µm
_04630_,0.92µm
_04810_,0.92µm
_05798_,0.92µm
_06114_,0.92µm
_06396_,0.92µm
_06449_,0.92µm
_06458_,0.92µm
_00240_,0.8µm
_00362_,0.8µm
_00401_,0.8µm
_00718_,0.8µm
_00747_,0.8µm
_00932_,0.8µm
_01065_,0.8µm
_01401_,0.8µm
_02269_,0.8µm
_02850_,0.8µm
_02855_,0.8µm
_03590_,0.8µm
_03798_,0.8µm
_04236_,0.8µm
_04334_,0.8µm
_04405_,0.8µm
_04996_,0.8µm
_04998_,0.8µm
_06169_,0.8µm
_06384_,0.8µm
net233,0.8µm
net748,0.8µm
net858,0.8µm
_00321_,0.46µm
_00380_,0.46µm
_00604_,0.46µm
_00706_,0.46µm
_00759_,0.46µm
_01378_,0.46µm
_01697_,0.46µm
_02062_,0.46µm
_03545_,0.46µm
_03793_,0.46µm
_04271_,0.46µm
_04388_,0.46µm
_04537_,0.46µm
_04542_,0.46µm
_05087_,0.46µm
_05723_,0.46µm
_06057_,0.46µm
_06198_,0.46µm
_06256_,0.46µm
