
===========================================================================
report_checks -path_delay min (Hold)
============================================================================
======================= nom_ff_n40C_1v95 Corner ===================================

Startpoint: w31[0] (input port clocked by clk)
Endpoint: _13685_ (rising edge-triggered flip-flop clocked by clk)
Path Group: clk
Path Type: min

Fanout         Cap        Slew       Delay        Time   Description
---------------------------------------------------------------------------------------------
                      0.150000    0.000000    0.000000   clock clk (rise edge)
                                  0.000000    0.000000   clock network delay (ideal)
                                  2.000000    2.000000 v input external delay
    13    0.039433    0.061159    0.042500    2.042500 v w31[0] (in)
                                                         w31[0] (net)
                      0.061159    0.000000    2.042500 v _06837_/B (sky130_fd_sc_hd__nand2_2)
     2    0.009951    0.055669    0.070874    2.113374 ^ _06837_/Y (sky130_fd_sc_hd__nand2_2)
                                                         _01562_ (net)
                      0.055669    0.000000    2.113374 ^ _06839_/B (sky130_fd_sc_hd__xnor2_2)
     1    0.002059    0.019149    0.030624    2.143998 v _06839_/Y (sky130_fd_sc_hd__xnor2_2)
                                                         _00006_ (net)
                      0.019149    0.000000    2.143998 v _13685_/D (sky130_fd_sc_hd__dfrtp_2)
                                              2.143998   data arrival time

                      0.150000    0.000000    0.000000   clock clk (rise edge)
                                  0.000000    0.000000   clock network delay (ideal)
                                  0.250000    0.250000   clock uncertainty
                                  0.000000    0.250000   clock reconvergence pessimism
                                              0.250000 ^ _13685_/CLK (sky130_fd_sc_hd__dfrtp_2)
                                 -0.013668    0.236332   library hold time
                                              0.236332   data required time
---------------------------------------------------------------------------------------------
                                              0.236332   data required time
                                             -2.143998   data arrival time
---------------------------------------------------------------------------------------------
                                              1.907666   slack (MET)


Startpoint: rst_n (input port clocked by clk)
Endpoint: _13634_ (removal check against rising-edge clock clk)
Path Group: asynchronous
Path Type: min

Fanout         Cap        Slew       Delay        Time   Description
---------------------------------------------------------------------------------------------
                      0.150000    0.000000    0.000000   clock clk (rise edge)
                                  0.000000    0.000000   clock network delay (ideal)
                                  2.000000    2.000000 ^ input external delay
    68    0.245956    0.828233    0.573902    2.573902 ^ rst_n (in)
                                                         rst_n (net)
                      0.828233    0.000000    2.573902 ^ _13634_/RESET_B (sky130_fd_sc_hd__dfrtp_2)
                                              2.573902   data arrival time

                      0.150000    0.000000    0.000000   clock clk (rise edge)
                                  0.000000    0.000000   clock network delay (ideal)
                                  0.250000    0.250000   clock uncertainty
                                  0.000000    0.250000   clock reconvergence pessimism
                                              0.250000 ^ _13634_/CLK (sky130_fd_sc_hd__dfrtp_2)
                                  0.407380    0.657380   library removal time
                                              0.657380   data required time
---------------------------------------------------------------------------------------------
                                              0.657380   data required time
                                             -2.573902   data arrival time
---------------------------------------------------------------------------------------------
                                              1.916522   slack (MET)


Startpoint: rst_n (input port clocked by clk)
Endpoint: _13635_ (removal check against rising-edge clock clk)
Path Group: asynchronous
Path Type: min

Fanout         Cap        Slew       Delay        Time   Description
---------------------------------------------------------------------------------------------
                      0.150000    0.000000    0.000000   clock clk (rise edge)
                                  0.000000    0.000000   clock network delay (ideal)
                                  2.000000    2.000000 ^ input external delay
    68    0.245956    0.828233    0.573902    2.573902 ^ rst_n (in)
                                                         rst_n (net)
                      0.828233    0.000000    2.573902 ^ _13635_/RESET_B (sky130_fd_sc_hd__dfrtp_2)
                                              2.573902   data arrival time

                      0.150000    0.000000    0.000000   clock clk (rise edge)
                                  0.000000    0.000000   clock network delay (ideal)
                                  0.250000    0.250000   clock uncertainty
                                  0.000000    0.250000   clock reconvergence pessimism
                                              0.250000 ^ _13635_/CLK (sky130_fd_sc_hd__dfrtp_2)
                                  0.407380    0.657380   library removal time
                                              0.657380   data required time
---------------------------------------------------------------------------------------------
                                              0.657380   data required time
                                             -2.573902   data arrival time
---------------------------------------------------------------------------------------------
                                              1.916522   slack (MET)


Startpoint: rst_n (input port clocked by clk)
Endpoint: _13636_ (removal check against rising-edge clock clk)
Path Group: asynchronous
Path Type: min

Fanout         Cap        Slew       Delay        Time   Description
---------------------------------------------------------------------------------------------
                      0.150000    0.000000    0.000000   clock clk (rise edge)
                                  0.000000    0.000000   clock network delay (ideal)
                                  2.000000    2.000000 ^ input external delay
    68    0.245956    0.828233    0.573902    2.573902 ^ rst_n (in)
                                                         rst_n (net)
                      0.828233    0.000000    2.573902 ^ _13636_/RESET_B (sky130_fd_sc_hd__dfrtp_2)
                                              2.573902   data arrival time

                      0.150000    0.000000    0.000000   clock clk (rise edge)
                                  0.000000    0.000000   clock network delay (ideal)
                                  0.250000    0.250000   clock uncertainty
                                  0.000000    0.250000   clock reconvergence pessimism
                                              0.250000 ^ _13636_/CLK (sky130_fd_sc_hd__dfrtp_2)
                                  0.407380    0.657380   library removal time
                                              0.657380   data required time
---------------------------------------------------------------------------------------------
                                              0.657380   data required time
                                             -2.573902   data arrival time
---------------------------------------------------------------------------------------------
                                              1.916522   slack (MET)


Startpoint: rst_n (input port clocked by clk)
Endpoint: _13637_ (removal check against rising-edge clock clk)
Path Group: asynchronous
Path Type: min

Fanout         Cap        Slew       Delay        Time   Description
---------------------------------------------------------------------------------------------
                      0.150000    0.000000    0.000000   clock clk (rise edge)
                                  0.000000    0.000000   clock network delay (ideal)
                                  2.000000    2.000000 ^ input external delay
    68    0.245956    0.828233    0.573902    2.573902 ^ rst_n (in)
                                                         rst_n (net)
                      0.828233    0.000000    2.573902 ^ _13637_/RESET_B (sky130_fd_sc_hd__dfrtp_2)
                                              2.573902   data arrival time

                      0.150000    0.000000    0.000000   clock clk (rise edge)
                                  0.000000    0.000000   clock network delay (ideal)
                                  0.250000    0.250000   clock uncertainty
                                  0.000000    0.250000   clock reconvergence pessimism
                                              0.250000 ^ _13637_/CLK (sky130_fd_sc_hd__dfrtp_2)
                                  0.407380    0.657380   library removal time
                                              0.657380   data required time
---------------------------------------------------------------------------------------------
                                              0.657380   data required time
                                             -2.573902   data arrival time
---------------------------------------------------------------------------------------------
                                              1.916522   slack (MET)


Startpoint: rst_n (input port clocked by clk)
Endpoint: _13638_ (removal check against rising-edge clock clk)
Path Group: asynchronous
Path Type: min

Fanout         Cap        Slew       Delay        Time   Description
---------------------------------------------------------------------------------------------
                      0.150000    0.000000    0.000000   clock clk (rise edge)
                                  0.000000    0.000000   clock network delay (ideal)
                                  2.000000    2.000000 ^ input external delay
    68    0.245956    0.828233    0.573902    2.573902 ^ rst_n (in)
                                                         rst_n (net)
                      0.828233    0.000000    2.573902 ^ _13638_/RESET_B (sky130_fd_sc_hd__dfrtp_2)
                                              2.573902   data arrival time

                      0.150000    0.000000    0.000000   clock clk (rise edge)
                                  0.000000    0.000000   clock network delay (ideal)
                                  0.250000    0.250000   clock uncertainty
                                  0.000000    0.250000   clock reconvergence pessimism
                                              0.250000 ^ _13638_/CLK (sky130_fd_sc_hd__dfrtp_2)
                                  0.407380    0.657380   library removal time
                                              0.657380   data required time
---------------------------------------------------------------------------------------------
                                              0.657380   data required time
                                             -2.573902   data arrival time
---------------------------------------------------------------------------------------------
                                              1.916522   slack (MET)


Startpoint: rst_n (input port clocked by clk)
Endpoint: _13639_ (removal check against rising-edge clock clk)
Path Group: asynchronous
Path Type: min

Fanout         Cap        Slew       Delay        Time   Description
---------------------------------------------------------------------------------------------
                      0.150000    0.000000    0.000000   clock clk (rise edge)
                                  0.000000    0.000000   clock network delay (ideal)
                                  2.000000    2.000000 ^ input external delay
    68    0.245956    0.828233    0.573902    2.573902 ^ rst_n (in)
                                                         rst_n (net)
                      0.828233    0.000000    2.573902 ^ _13639_/RESET_B (sky130_fd_sc_hd__dfrtp_2)
                                              2.573902   data arrival time

                      0.150000    0.000000    0.000000   clock clk (rise edge)
                                  0.000000    0.000000   clock network delay (ideal)
                                  0.250000    0.250000   clock uncertainty
                                  0.000000    0.250000   clock reconvergence pessimism
                                              0.250000 ^ _13639_/CLK (sky130_fd_sc_hd__dfrtp_2)
                                  0.407380    0.657380   library removal time
                                              0.657380   data required time
---------------------------------------------------------------------------------------------
                                              0.657380   data required time
                                             -2.573902   data arrival time
---------------------------------------------------------------------------------------------
                                              1.916522   slack (MET)


Startpoint: rst_n (input port clocked by clk)
Endpoint: _13640_ (removal check against rising-edge clock clk)
Path Group: asynchronous
Path Type: min

Fanout         Cap        Slew       Delay        Time   Description
---------------------------------------------------------------------------------------------
                      0.150000    0.000000    0.000000   clock clk (rise edge)
                                  0.000000    0.000000   clock network delay (ideal)
                                  2.000000    2.000000 ^ input external delay
    68    0.245956    0.828233    0.573902    2.573902 ^ rst_n (in)
                                                         rst_n (net)
                      0.828233    0.000000    2.573902 ^ _13640_/RESET_B (sky130_fd_sc_hd__dfrtp_2)
                                              2.573902   data arrival time

                      0.150000    0.000000    0.000000   clock clk (rise edge)
                                  0.000000    0.000000   clock network delay (ideal)
                                  0.250000    0.250000   clock uncertainty
                                  0.000000    0.250000   clock reconvergence pessimism
                                              0.250000 ^ _13640_/CLK (sky130_fd_sc_hd__dfrtp_2)
                                  0.407380    0.657380   library removal time
                                              0.657380   data required time
---------------------------------------------------------------------------------------------
                                              0.657380   data required time
                                             -2.573902   data arrival time
---------------------------------------------------------------------------------------------
                                              1.916522   slack (MET)


Startpoint: rst_n (input port clocked by clk)
Endpoint: _13641_ (removal check against rising-edge clock clk)
Path Group: asynchronous
Path Type: min

Fanout         Cap        Slew       Delay        Time   Description
---------------------------------------------------------------------------------------------
                      0.150000    0.000000    0.000000   clock clk (rise edge)
                                  0.000000    0.000000   clock network delay (ideal)
                                  2.000000    2.000000 ^ input external delay
    68    0.245956    0.828233    0.573902    2.573902 ^ rst_n (in)
                                                         rst_n (net)
                      0.828233    0.000000    2.573902 ^ _13641_/RESET_B (sky130_fd_sc_hd__dfrtp_2)
                                              2.573902   data arrival time

                      0.150000    0.000000    0.000000   clock clk (rise edge)
                                  0.000000    0.000000   clock network delay (ideal)
                                  0.250000    0.250000   clock uncertainty
                                  0.000000    0.250000   clock reconvergence pessimism
                                              0.250000 ^ _13641_/CLK (sky130_fd_sc_hd__dfrtp_2)
                                  0.407380    0.657380   library removal time
                                              0.657380   data required time
---------------------------------------------------------------------------------------------
                                              0.657380   data required time
                                             -2.573902   data arrival time
---------------------------------------------------------------------------------------------
                                              1.916522   slack (MET)


Startpoint: rst_n (input port clocked by clk)
Endpoint: _13642_ (removal check against rising-edge clock clk)
Path Group: asynchronous
Path Type: min

Fanout         Cap        Slew       Delay        Time   Description
---------------------------------------------------------------------------------------------
                      0.150000    0.000000    0.000000   clock clk (rise edge)
                                  0.000000    0.000000   clock network delay (ideal)
                                  2.000000    2.000000 ^ input external delay
    68    0.245956    0.828233    0.573902    2.573902 ^ rst_n (in)
                                                         rst_n (net)
                      0.828233    0.000000    2.573902 ^ _13642_/RESET_B (sky130_fd_sc_hd__dfrtp_2)
                                              2.573902   data arrival time

                      0.150000    0.000000    0.000000   clock clk (rise edge)
                                  0.000000    0.000000   clock network delay (ideal)
                                  0.250000    0.250000   clock uncertainty
                                  0.000000    0.250000   clock reconvergence pessimism
                                              0.250000 ^ _13642_/CLK (sky130_fd_sc_hd__dfrtp_2)
                                  0.407380    0.657380   library removal time
                                              0.657380   data required time
---------------------------------------------------------------------------------------------
                                              0.657380   data required time
                                             -2.573902   data arrival time
---------------------------------------------------------------------------------------------
                                              1.916522   slack (MET)


Startpoint: rst_n (input port clocked by clk)
Endpoint: _13643_ (removal check against rising-edge clock clk)
Path Group: asynchronous
Path Type: min

Fanout         Cap        Slew       Delay        Time   Description
---------------------------------------------------------------------------------------------
                      0.150000    0.000000    0.000000   clock clk (rise edge)
                                  0.000000    0.000000   clock network delay (ideal)
                                  2.000000    2.000000 ^ input external delay
    68    0.245956    0.828233    0.573902    2.573902 ^ rst_n (in)
                                                         rst_n (net)
                      0.828233    0.000000    2.573902 ^ _13643_/RESET_B (sky130_fd_sc_hd__dfrtp_2)
                                              2.573902   data arrival time

                      0.150000    0.000000    0.000000   clock clk (rise edge)
                                  0.000000    0.000000   clock network delay (ideal)
                                  0.250000    0.250000   clock uncertainty
                                  0.000000    0.250000   clock reconvergence pessimism
                                              0.250000 ^ _13643_/CLK (sky130_fd_sc_hd__dfrtp_2)
                                  0.407380    0.657380   library removal time
                                              0.657380   data required time
---------------------------------------------------------------------------------------------
                                              0.657380   data required time
                                             -2.573902   data arrival time
---------------------------------------------------------------------------------------------
                                              1.916522   slack (MET)


Startpoint: rst_n (input port clocked by clk)
Endpoint: _13644_ (removal check against rising-edge clock clk)
Path Group: asynchronous
Path Type: min

Fanout         Cap        Slew       Delay        Time   Description
---------------------------------------------------------------------------------------------
                      0.150000    0.000000    0.000000   clock clk (rise edge)
                                  0.000000    0.000000   clock network delay (ideal)
                                  2.000000    2.000000 ^ input external delay
    68    0.245956    0.828233    0.573902    2.573902 ^ rst_n (in)
                                                         rst_n (net)
                      0.828233    0.000000    2.573902 ^ _13644_/RESET_B (sky130_fd_sc_hd__dfrtp_2)
                                              2.573902   data arrival time

                      0.150000    0.000000    0.000000   clock clk (rise edge)
                                  0.000000    0.000000   clock network delay (ideal)
                                  0.250000    0.250000   clock uncertainty
                                  0.000000    0.250000   clock reconvergence pessimism
                                              0.250000 ^ _13644_/CLK (sky130_fd_sc_hd__dfrtp_2)
                                  0.407380    0.657380   library removal time
                                              0.657380   data required time
---------------------------------------------------------------------------------------------
                                              0.657380   data required time
                                             -2.573902   data arrival time
---------------------------------------------------------------------------------------------
                                              1.916522   slack (MET)


Startpoint: rst_n (input port clocked by clk)
Endpoint: _13645_ (removal check against rising-edge clock clk)
Path Group: asynchronous
Path Type: min

Fanout         Cap        Slew       Delay        Time   Description
---------------------------------------------------------------------------------------------
                      0.150000    0.000000    0.000000   clock clk (rise edge)
                                  0.000000    0.000000   clock network delay (ideal)
                                  2.000000    2.000000 ^ input external delay
    68    0.245956    0.828233    0.573902    2.573902 ^ rst_n (in)
                                                         rst_n (net)
                      0.828233    0.000000    2.573902 ^ _13645_/RESET_B (sky130_fd_sc_hd__dfrtp_2)
                                              2.573902   data arrival time

                      0.150000    0.000000    0.000000   clock clk (rise edge)
                                  0.000000    0.000000   clock network delay (ideal)
                                  0.250000    0.250000   clock uncertainty
                                  0.000000    0.250000   clock reconvergence pessimism
                                              0.250000 ^ _13645_/CLK (sky130_fd_sc_hd__dfrtp_2)
                                  0.407380    0.657380   library removal time
                                              0.657380   data required time
---------------------------------------------------------------------------------------------
                                              0.657380   data required time
                                             -2.573902   data arrival time
---------------------------------------------------------------------------------------------
                                              1.916522   slack (MET)


Startpoint: rst_n (input port clocked by clk)
Endpoint: _13646_ (removal check against rising-edge clock clk)
Path Group: asynchronous
Path Type: min

Fanout         Cap        Slew       Delay        Time   Description
---------------------------------------------------------------------------------------------
                      0.150000    0.000000    0.000000   clock clk (rise edge)
                                  0.000000    0.000000   clock network delay (ideal)
                                  2.000000    2.000000 ^ input external delay
    68    0.245956    0.828233    0.573902    2.573902 ^ rst_n (in)
                                                         rst_n (net)
                      0.828233    0.000000    2.573902 ^ _13646_/RESET_B (sky130_fd_sc_hd__dfrtp_2)
                                              2.573902   data arrival time

                      0.150000    0.000000    0.000000   clock clk (rise edge)
                                  0.000000    0.000000   clock network delay (ideal)
                                  0.250000    0.250000   clock uncertainty
                                  0.000000    0.250000   clock reconvergence pessimism
                                              0.250000 ^ _13646_/CLK (sky130_fd_sc_hd__dfrtp_2)
                                  0.407380    0.657380   library removal time
                                              0.657380   data required time
---------------------------------------------------------------------------------------------
                                              0.657380   data required time
                                             -2.573902   data arrival time
---------------------------------------------------------------------------------------------
                                              1.916522   slack (MET)


Startpoint: rst_n (input port clocked by clk)
Endpoint: _13647_ (removal check against rising-edge clock clk)
Path Group: asynchronous
Path Type: min

Fanout         Cap        Slew       Delay        Time   Description
---------------------------------------------------------------------------------------------
                      0.150000    0.000000    0.000000   clock clk (rise edge)
                                  0.000000    0.000000   clock network delay (ideal)
                                  2.000000    2.000000 ^ input external delay
    68    0.245956    0.828233    0.573902    2.573902 ^ rst_n (in)
                                                         rst_n (net)
                      0.828233    0.000000    2.573902 ^ _13647_/RESET_B (sky130_fd_sc_hd__dfrtp_2)
                                              2.573902   data arrival time

                      0.150000    0.000000    0.000000   clock clk (rise edge)
                                  0.000000    0.000000   clock network delay (ideal)
                                  0.250000    0.250000   clock uncertainty
                                  0.000000    0.250000   clock reconvergence pessimism
                                              0.250000 ^ _13647_/CLK (sky130_fd_sc_hd__dfrtp_2)
                                  0.407380    0.657380   library removal time
                                              0.657380   data required time
---------------------------------------------------------------------------------------------
                                              0.657380   data required time
                                             -2.573902   data arrival time
---------------------------------------------------------------------------------------------
                                              1.916522   slack (MET)


Startpoint: rst_n (input port clocked by clk)
Endpoint: _13648_ (removal check against rising-edge clock clk)
Path Group: asynchronous
Path Type: min

Fanout         Cap        Slew       Delay        Time   Description
---------------------------------------------------------------------------------------------
                      0.150000    0.000000    0.000000   clock clk (rise edge)
                                  0.000000    0.000000   clock network delay (ideal)
                                  2.000000    2.000000 ^ input external delay
    68    0.245956    0.828233    0.573902    2.573902 ^ rst_n (in)
                                                         rst_n (net)
                      0.828233    0.000000    2.573902 ^ _13648_/RESET_B (sky130_fd_sc_hd__dfrtp_2)
                                              2.573902   data arrival time

                      0.150000    0.000000    0.000000   clock clk (rise edge)
                                  0.000000    0.000000   clock network delay (ideal)
                                  0.250000    0.250000   clock uncertainty
                                  0.000000    0.250000   clock reconvergence pessimism
                                              0.250000 ^ _13648_/CLK (sky130_fd_sc_hd__dfrtp_2)
                                  0.407380    0.657380   library removal time
                                              0.657380   data required time
---------------------------------------------------------------------------------------------
                                              0.657380   data required time
                                             -2.573902   data arrival time
---------------------------------------------------------------------------------------------
                                              1.916522   slack (MET)


Startpoint: rst_n (input port clocked by clk)
Endpoint: _13649_ (removal check against rising-edge clock clk)
Path Group: asynchronous
Path Type: min

Fanout         Cap        Slew       Delay        Time   Description
---------------------------------------------------------------------------------------------
                      0.150000    0.000000    0.000000   clock clk (rise edge)
                                  0.000000    0.000000   clock network delay (ideal)
                                  2.000000    2.000000 ^ input external delay
    68    0.245956    0.828233    0.573902    2.573902 ^ rst_n (in)
                                                         rst_n (net)
                      0.828233    0.000000    2.573902 ^ _13649_/RESET_B (sky130_fd_sc_hd__dfrtp_2)
                                              2.573902   data arrival time

                      0.150000    0.000000    0.000000   clock clk (rise edge)
                                  0.000000    0.000000   clock network delay (ideal)
                                  0.250000    0.250000   clock uncertainty
                                  0.000000    0.250000   clock reconvergence pessimism
                                              0.250000 ^ _13649_/CLK (sky130_fd_sc_hd__dfrtp_2)
                                  0.407380    0.657380   library removal time
                                              0.657380   data required time
---------------------------------------------------------------------------------------------
                                              0.657380   data required time
                                             -2.573902   data arrival time
---------------------------------------------------------------------------------------------
                                              1.916522   slack (MET)


Startpoint: rst_n (input port clocked by clk)
Endpoint: _13650_ (removal check against rising-edge clock clk)
Path Group: asynchronous
Path Type: min

Fanout         Cap        Slew       Delay        Time   Description
---------------------------------------------------------------------------------------------
                      0.150000    0.000000    0.000000   clock clk (rise edge)
                                  0.000000    0.000000   clock network delay (ideal)
                                  2.000000    2.000000 ^ input external delay
    68    0.245956    0.828233    0.573902    2.573902 ^ rst_n (in)
                                                         rst_n (net)
                      0.828233    0.000000    2.573902 ^ _13650_/RESET_B (sky130_fd_sc_hd__dfrtp_2)
                                              2.573902   data arrival time

                      0.150000    0.000000    0.000000   clock clk (rise edge)
                                  0.000000    0.000000   clock network delay (ideal)
                                  0.250000    0.250000   clock uncertainty
                                  0.000000    0.250000   clock reconvergence pessimism
                                              0.250000 ^ _13650_/CLK (sky130_fd_sc_hd__dfrtp_2)
                                  0.407380    0.657380   library removal time
                                              0.657380   data required time
---------------------------------------------------------------------------------------------
                                              0.657380   data required time
                                             -2.573902   data arrival time
---------------------------------------------------------------------------------------------
                                              1.916522   slack (MET)


Startpoint: rst_n (input port clocked by clk)
Endpoint: _13651_ (removal check against rising-edge clock clk)
Path Group: asynchronous
Path Type: min

Fanout         Cap        Slew       Delay        Time   Description
---------------------------------------------------------------------------------------------
                      0.150000    0.000000    0.000000   clock clk (rise edge)
                                  0.000000    0.000000   clock network delay (ideal)
                                  2.000000    2.000000 ^ input external delay
    68    0.245956    0.828233    0.573902    2.573902 ^ rst_n (in)
                                                         rst_n (net)
                      0.828233    0.000000    2.573902 ^ _13651_/RESET_B (sky130_fd_sc_hd__dfrtp_2)
                                              2.573902   data arrival time

                      0.150000    0.000000    0.000000   clock clk (rise edge)
                                  0.000000    0.000000   clock network delay (ideal)
                                  0.250000    0.250000   clock uncertainty
                                  0.000000    0.250000   clock reconvergence pessimism
                                              0.250000 ^ _13651_/CLK (sky130_fd_sc_hd__dfrtp_2)
                                  0.407380    0.657380   library removal time
                                              0.657380   data required time
---------------------------------------------------------------------------------------------
                                              0.657380   data required time
                                             -2.573902   data arrival time
---------------------------------------------------------------------------------------------
                                              1.916522   slack (MET)


Startpoint: rst_n (input port clocked by clk)
Endpoint: _13652_ (removal check against rising-edge clock clk)
Path Group: asynchronous
Path Type: min

Fanout         Cap        Slew       Delay        Time   Description
---------------------------------------------------------------------------------------------
                      0.150000    0.000000    0.000000   clock clk (rise edge)
                                  0.000000    0.000000   clock network delay (ideal)
                                  2.000000    2.000000 ^ input external delay
    68    0.245956    0.828233    0.573902    2.573902 ^ rst_n (in)
                                                         rst_n (net)
                      0.828233    0.000000    2.573902 ^ _13652_/RESET_B (sky130_fd_sc_hd__dfrtp_2)
                                              2.573902   data arrival time

                      0.150000    0.000000    0.000000   clock clk (rise edge)
                                  0.000000    0.000000   clock network delay (ideal)
                                  0.250000    0.250000   clock uncertainty
                                  0.000000    0.250000   clock reconvergence pessimism
                                              0.250000 ^ _13652_/CLK (sky130_fd_sc_hd__dfrtp_2)
                                  0.407380    0.657380   library removal time
                                              0.657380   data required time
---------------------------------------------------------------------------------------------
                                              0.657380   data required time
                                             -2.573902   data arrival time
---------------------------------------------------------------------------------------------
                                              1.916522   slack (MET)


Startpoint: rst_n (input port clocked by clk)
Endpoint: _13653_ (removal check against rising-edge clock clk)
Path Group: asynchronous
Path Type: min

Fanout         Cap        Slew       Delay        Time   Description
---------------------------------------------------------------------------------------------
                      0.150000    0.000000    0.000000   clock clk (rise edge)
                                  0.000000    0.000000   clock network delay (ideal)
                                  2.000000    2.000000 ^ input external delay
    68    0.245956    0.828233    0.573902    2.573902 ^ rst_n (in)
                                                         rst_n (net)
                      0.828233    0.000000    2.573902 ^ _13653_/RESET_B (sky130_fd_sc_hd__dfrtp_2)
                                              2.573902   data arrival time

                      0.150000    0.000000    0.000000   clock clk (rise edge)
                                  0.000000    0.000000   clock network delay (ideal)
                                  0.250000    0.250000   clock uncertainty
                                  0.000000    0.250000   clock reconvergence pessimism
                                              0.250000 ^ _13653_/CLK (sky130_fd_sc_hd__dfrtp_2)
                                  0.407380    0.657380   library removal time
                                              0.657380   data required time
---------------------------------------------------------------------------------------------
                                              0.657380   data required time
                                             -2.573902   data arrival time
---------------------------------------------------------------------------------------------
                                              1.916522   slack (MET)


Startpoint: rst_n (input port clocked by clk)
Endpoint: _13654_ (removal check against rising-edge clock clk)
Path Group: asynchronous
Path Type: min

Fanout         Cap        Slew       Delay        Time   Description
---------------------------------------------------------------------------------------------
                      0.150000    0.000000    0.000000   clock clk (rise edge)
                                  0.000000    0.000000   clock network delay (ideal)
                                  2.000000    2.000000 ^ input external delay
    68    0.245956    0.828233    0.573902    2.573902 ^ rst_n (in)
                                                         rst_n (net)
                      0.828233    0.000000    2.573902 ^ _13654_/RESET_B (sky130_fd_sc_hd__dfrtp_2)
                                              2.573902   data arrival time

                      0.150000    0.000000    0.000000   clock clk (rise edge)
                                  0.000000    0.000000   clock network delay (ideal)
                                  0.250000    0.250000   clock uncertainty
                                  0.000000    0.250000   clock reconvergence pessimism
                                              0.250000 ^ _13654_/CLK (sky130_fd_sc_hd__dfrtp_2)
                                  0.407380    0.657380   library removal time
                                              0.657380   data required time
---------------------------------------------------------------------------------------------
                                              0.657380   data required time
                                             -2.573902   data arrival time
---------------------------------------------------------------------------------------------
                                              1.916522   slack (MET)


Startpoint: rst_n (input port clocked by clk)
Endpoint: _13655_ (removal check against rising-edge clock clk)
Path Group: asynchronous
Path Type: min

Fanout         Cap        Slew       Delay        Time   Description
---------------------------------------------------------------------------------------------
                      0.150000    0.000000    0.000000   clock clk (rise edge)
                                  0.000000    0.000000   clock network delay (ideal)
                                  2.000000    2.000000 ^ input external delay
    68    0.245956    0.828233    0.573902    2.573902 ^ rst_n (in)
                                                         rst_n (net)
                      0.828233    0.000000    2.573902 ^ _13655_/RESET_B (sky130_fd_sc_hd__dfrtp_2)
                                              2.573902   data arrival time

                      0.150000    0.000000    0.000000   clock clk (rise edge)
                                  0.000000    0.000000   clock network delay (ideal)
                                  0.250000    0.250000   clock uncertainty
                                  0.000000    0.250000   clock reconvergence pessimism
                                              0.250000 ^ _13655_/CLK (sky130_fd_sc_hd__dfrtp_2)
                                  0.407380    0.657380   library removal time
                                              0.657380   data required time
---------------------------------------------------------------------------------------------
                                              0.657380   data required time
                                             -2.573902   data arrival time
---------------------------------------------------------------------------------------------
                                              1.916522   slack (MET)


Startpoint: rst_n (input port clocked by clk)
Endpoint: _13656_ (removal check against rising-edge clock clk)
Path Group: asynchronous
Path Type: min

Fanout         Cap        Slew       Delay        Time   Description
---------------------------------------------------------------------------------------------
                      0.150000    0.000000    0.000000   clock clk (rise edge)
                                  0.000000    0.000000   clock network delay (ideal)
                                  2.000000    2.000000 ^ input external delay
    68    0.245956    0.828233    0.573902    2.573902 ^ rst_n (in)
                                                         rst_n (net)
                      0.828233    0.000000    2.573902 ^ _13656_/RESET_B (sky130_fd_sc_hd__dfrtp_2)
                                              2.573902   data arrival time

                      0.150000    0.000000    0.000000   clock clk (rise edge)
                                  0.000000    0.000000   clock network delay (ideal)
                                  0.250000    0.250000   clock uncertainty
                                  0.000000    0.250000   clock reconvergence pessimism
                                              0.250000 ^ _13656_/CLK (sky130_fd_sc_hd__dfrtp_2)
                                  0.407380    0.657380   library removal time
                                              0.657380   data required time
---------------------------------------------------------------------------------------------
                                              0.657380   data required time
                                             -2.573902   data arrival time
---------------------------------------------------------------------------------------------
                                              1.916522   slack (MET)


Startpoint: rst_n (input port clocked by clk)
Endpoint: _13657_ (removal check against rising-edge clock clk)
Path Group: asynchronous
Path Type: min

Fanout         Cap        Slew       Delay        Time   Description
---------------------------------------------------------------------------------------------
                      0.150000    0.000000    0.000000   clock clk (rise edge)
                                  0.000000    0.000000   clock network delay (ideal)
                                  2.000000    2.000000 ^ input external delay
    68    0.245956    0.828233    0.573902    2.573902 ^ rst_n (in)
                                                         rst_n (net)
                      0.828233    0.000000    2.573902 ^ _13657_/RESET_B (sky130_fd_sc_hd__dfrtp_2)
                                              2.573902   data arrival time

                      0.150000    0.000000    0.000000   clock clk (rise edge)
                                  0.000000    0.000000   clock network delay (ideal)
                                  0.250000    0.250000   clock uncertainty
                                  0.000000    0.250000   clock reconvergence pessimism
                                              0.250000 ^ _13657_/CLK (sky130_fd_sc_hd__dfrtp_2)
                                  0.407380    0.657380   library removal time
                                              0.657380   data required time
---------------------------------------------------------------------------------------------
                                              0.657380   data required time
                                             -2.573902   data arrival time
---------------------------------------------------------------------------------------------
                                              1.916522   slack (MET)


Startpoint: rst_n (input port clocked by clk)
Endpoint: _13658_ (removal check against rising-edge clock clk)
Path Group: asynchronous
Path Type: min

Fanout         Cap        Slew       Delay        Time   Description
---------------------------------------------------------------------------------------------
                      0.150000    0.000000    0.000000   clock clk (rise edge)
                                  0.000000    0.000000   clock network delay (ideal)
                                  2.000000    2.000000 ^ input external delay
    68    0.245956    0.828233    0.573902    2.573902 ^ rst_n (in)
                                                         rst_n (net)
                      0.828233    0.000000    2.573902 ^ _13658_/RESET_B (sky130_fd_sc_hd__dfrtp_2)
                                              2.573902   data arrival time

                      0.150000    0.000000    0.000000   clock clk (rise edge)
                                  0.000000    0.000000   clock network delay (ideal)
                                  0.250000    0.250000   clock uncertainty
                                  0.000000    0.250000   clock reconvergence pessimism
                                              0.250000 ^ _13658_/CLK (sky130_fd_sc_hd__dfrtp_2)
                                  0.407380    0.657380   library removal time
                                              0.657380   data required time
---------------------------------------------------------------------------------------------
                                              0.657380   data required time
                                             -2.573902   data arrival time
---------------------------------------------------------------------------------------------
                                              1.916522   slack (MET)


Startpoint: rst_n (input port clocked by clk)
Endpoint: _13659_ (removal check against rising-edge clock clk)
Path Group: asynchronous
Path Type: min

Fanout         Cap        Slew       Delay        Time   Description
---------------------------------------------------------------------------------------------
                      0.150000    0.000000    0.000000   clock clk (rise edge)
                                  0.000000    0.000000   clock network delay (ideal)
                                  2.000000    2.000000 ^ input external delay
    68    0.245956    0.828233    0.573902    2.573902 ^ rst_n (in)
                                                         rst_n (net)
                      0.828233    0.000000    2.573902 ^ _13659_/RESET_B (sky130_fd_sc_hd__dfrtp_2)
                                              2.573902   data arrival time

                      0.150000    0.000000    0.000000   clock clk (rise edge)
                                  0.000000    0.000000   clock network delay (ideal)
                                  0.250000    0.250000   clock uncertainty
                                  0.000000    0.250000   clock reconvergence pessimism
                                              0.250000 ^ _13659_/CLK (sky130_fd_sc_hd__dfrtp_2)
                                  0.407380    0.657380   library removal time
                                              0.657380   data required time
---------------------------------------------------------------------------------------------
                                              0.657380   data required time
                                             -2.573902   data arrival time
---------------------------------------------------------------------------------------------
                                              1.916522   slack (MET)


Startpoint: rst_n (input port clocked by clk)
Endpoint: _13660_ (removal check against rising-edge clock clk)
Path Group: asynchronous
Path Type: min

Fanout         Cap        Slew       Delay        Time   Description
---------------------------------------------------------------------------------------------
                      0.150000    0.000000    0.000000   clock clk (rise edge)
                                  0.000000    0.000000   clock network delay (ideal)
                                  2.000000    2.000000 ^ input external delay
    68    0.245956    0.828233    0.573902    2.573902 ^ rst_n (in)
                                                         rst_n (net)
                      0.828233    0.000000    2.573902 ^ _13660_/RESET_B (sky130_fd_sc_hd__dfrtp_2)
                                              2.573902   data arrival time

                      0.150000    0.000000    0.000000   clock clk (rise edge)
                                  0.000000    0.000000   clock network delay (ideal)
                                  0.250000    0.250000   clock uncertainty
                                  0.000000    0.250000   clock reconvergence pessimism
                                              0.250000 ^ _13660_/CLK (sky130_fd_sc_hd__dfrtp_2)
                                  0.407380    0.657380   library removal time
                                              0.657380   data required time
---------------------------------------------------------------------------------------------
                                              0.657380   data required time
                                             -2.573902   data arrival time
---------------------------------------------------------------------------------------------
                                              1.916522   slack (MET)


Startpoint: rst_n (input port clocked by clk)
Endpoint: _13661_ (removal check against rising-edge clock clk)
Path Group: asynchronous
Path Type: min

Fanout         Cap        Slew       Delay        Time   Description
---------------------------------------------------------------------------------------------
                      0.150000    0.000000    0.000000   clock clk (rise edge)
                                  0.000000    0.000000   clock network delay (ideal)
                                  2.000000    2.000000 ^ input external delay
    68    0.245956    0.828233    0.573902    2.573902 ^ rst_n (in)
                                                         rst_n (net)
                      0.828233    0.000000    2.573902 ^ _13661_/RESET_B (sky130_fd_sc_hd__dfrtp_2)
                                              2.573902   data arrival time

                      0.150000    0.000000    0.000000   clock clk (rise edge)
                                  0.000000    0.000000   clock network delay (ideal)
                                  0.250000    0.250000   clock uncertainty
                                  0.000000    0.250000   clock reconvergence pessimism
                                              0.250000 ^ _13661_/CLK (sky130_fd_sc_hd__dfrtp_2)
                                  0.407380    0.657380   library removal time
                                              0.657380   data required time
---------------------------------------------------------------------------------------------
                                              0.657380   data required time
                                             -2.573902   data arrival time
---------------------------------------------------------------------------------------------
                                              1.916522   slack (MET)


Startpoint: rst_n (input port clocked by clk)
Endpoint: _13662_ (removal check against rising-edge clock clk)
Path Group: asynchronous
Path Type: min

Fanout         Cap        Slew       Delay        Time   Description
---------------------------------------------------------------------------------------------
                      0.150000    0.000000    0.000000   clock clk (rise edge)
                                  0.000000    0.000000   clock network delay (ideal)
                                  2.000000    2.000000 ^ input external delay
    68    0.245956    0.828233    0.573902    2.573902 ^ rst_n (in)
                                                         rst_n (net)
                      0.828233    0.000000    2.573902 ^ _13662_/RESET_B (sky130_fd_sc_hd__dfrtp_2)
                                              2.573902   data arrival time

                      0.150000    0.000000    0.000000   clock clk (rise edge)
                                  0.000000    0.000000   clock network delay (ideal)
                                  0.250000    0.250000   clock uncertainty
                                  0.000000    0.250000   clock reconvergence pessimism
                                              0.250000 ^ _13662_/CLK (sky130_fd_sc_hd__dfrtp_2)
                                  0.407380    0.657380   library removal time
                                              0.657380   data required time
---------------------------------------------------------------------------------------------
                                              0.657380   data required time
                                             -2.573902   data arrival time
---------------------------------------------------------------------------------------------
                                              1.916522   slack (MET)


Startpoint: rst_n (input port clocked by clk)
Endpoint: _13663_ (removal check against rising-edge clock clk)
Path Group: asynchronous
Path Type: min

Fanout         Cap        Slew       Delay        Time   Description
---------------------------------------------------------------------------------------------
                      0.150000    0.000000    0.000000   clock clk (rise edge)
                                  0.000000    0.000000   clock network delay (ideal)
                                  2.000000    2.000000 ^ input external delay
    68    0.245956    0.828233    0.573902    2.573902 ^ rst_n (in)
                                                         rst_n (net)
                      0.828233    0.000000    2.573902 ^ _13663_/RESET_B (sky130_fd_sc_hd__dfrtp_2)
                                              2.573902   data arrival time

                      0.150000    0.000000    0.000000   clock clk (rise edge)
                                  0.000000    0.000000   clock network delay (ideal)
                                  0.250000    0.250000   clock uncertainty
                                  0.000000    0.250000   clock reconvergence pessimism
                                              0.250000 ^ _13663_/CLK (sky130_fd_sc_hd__dfrtp_2)
                                  0.407380    0.657380   library removal time
                                              0.657380   data required time
---------------------------------------------------------------------------------------------
                                              0.657380   data required time
                                             -2.573902   data arrival time
---------------------------------------------------------------------------------------------
                                              1.916522   slack (MET)


Startpoint: rst_n (input port clocked by clk)
Endpoint: _13664_ (removal check against rising-edge clock clk)
Path Group: asynchronous
Path Type: min

Fanout         Cap        Slew       Delay        Time   Description
---------------------------------------------------------------------------------------------
                      0.150000    0.000000    0.000000   clock clk (rise edge)
                                  0.000000    0.000000   clock network delay (ideal)
                                  2.000000    2.000000 ^ input external delay
    68    0.245956    0.828233    0.573902    2.573902 ^ rst_n (in)
                                                         rst_n (net)
                      0.828233    0.000000    2.573902 ^ _13664_/RESET_B (sky130_fd_sc_hd__dfrtp_2)
                                              2.573902   data arrival time

                      0.150000    0.000000    0.000000   clock clk (rise edge)
                                  0.000000    0.000000   clock network delay (ideal)
                                  0.250000    0.250000   clock uncertainty
                                  0.000000    0.250000   clock reconvergence pessimism
                                              0.250000 ^ _13664_/CLK (sky130_fd_sc_hd__dfrtp_2)
                                  0.407380    0.657380   library removal time
                                              0.657380   data required time
---------------------------------------------------------------------------------------------
                                              0.657380   data required time
                                             -2.573902   data arrival time
---------------------------------------------------------------------------------------------
                                              1.916522   slack (MET)


Startpoint: rst_n (input port clocked by clk)
Endpoint: _13665_ (removal check against rising-edge clock clk)
Path Group: asynchronous
Path Type: min

Fanout         Cap        Slew       Delay        Time   Description
---------------------------------------------------------------------------------------------
                      0.150000    0.000000    0.000000   clock clk (rise edge)
                                  0.000000    0.000000   clock network delay (ideal)
                                  2.000000    2.000000 ^ input external delay
    68    0.245956    0.828233    0.573902    2.573902 ^ rst_n (in)
                                                         rst_n (net)
                      0.828233    0.000000    2.573902 ^ _13665_/RESET_B (sky130_fd_sc_hd__dfrtp_2)
                                              2.573902   data arrival time

                      0.150000    0.000000    0.000000   clock clk (rise edge)
                                  0.000000    0.000000   clock network delay (ideal)
                                  0.250000    0.250000   clock uncertainty
                                  0.000000    0.250000   clock reconvergence pessimism
                                              0.250000 ^ _13665_/CLK (sky130_fd_sc_hd__dfrtp_2)
                                  0.407380    0.657380   library removal time
                                              0.657380   data required time
---------------------------------------------------------------------------------------------
                                              0.657380   data required time
                                             -2.573902   data arrival time
---------------------------------------------------------------------------------------------
                                              1.916522   slack (MET)


Startpoint: rst_n (input port clocked by clk)
Endpoint: _13666_ (removal check against rising-edge clock clk)
Path Group: asynchronous
Path Type: min

Fanout         Cap        Slew       Delay        Time   Description
---------------------------------------------------------------------------------------------
                      0.150000    0.000000    0.000000   clock clk (rise edge)
                                  0.000000    0.000000   clock network delay (ideal)
                                  2.000000    2.000000 ^ input external delay
    68    0.245956    0.828233    0.573902    2.573902 ^ rst_n (in)
                                                         rst_n (net)
                      0.828233    0.000000    2.573902 ^ _13666_/RESET_B (sky130_fd_sc_hd__dfrtp_2)
                                              2.573902   data arrival time

                      0.150000    0.000000    0.000000   clock clk (rise edge)
                                  0.000000    0.000000   clock network delay (ideal)
                                  0.250000    0.250000   clock uncertainty
                                  0.000000    0.250000   clock reconvergence pessimism
                                              0.250000 ^ _13666_/CLK (sky130_fd_sc_hd__dfrtp_2)
                                  0.407380    0.657380   library removal time
                                              0.657380   data required time
---------------------------------------------------------------------------------------------
                                              0.657380   data required time
                                             -2.573902   data arrival time
---------------------------------------------------------------------------------------------
                                              1.916522   slack (MET)


Startpoint: rst_n (input port clocked by clk)
Endpoint: _13667_ (removal check against rising-edge clock clk)
Path Group: asynchronous
Path Type: min

Fanout         Cap        Slew       Delay        Time   Description
---------------------------------------------------------------------------------------------
                      0.150000    0.000000    0.000000   clock clk (rise edge)
                                  0.000000    0.000000   clock network delay (ideal)
                                  2.000000    2.000000 ^ input external delay
    68    0.245956    0.828233    0.573902    2.573902 ^ rst_n (in)
                                                         rst_n (net)
                      0.828233    0.000000    2.573902 ^ _13667_/RESET_B (sky130_fd_sc_hd__dfrtp_2)
                                              2.573902   data arrival time

                      0.150000    0.000000    0.000000   clock clk (rise edge)
                                  0.000000    0.000000   clock network delay (ideal)
                                  0.250000    0.250000   clock uncertainty
                                  0.000000    0.250000   clock reconvergence pessimism
                                              0.250000 ^ _13667_/CLK (sky130_fd_sc_hd__dfrtp_2)
                                  0.407380    0.657380   library removal time
                                              0.657380   data required time
---------------------------------------------------------------------------------------------
                                              0.657380   data required time
                                             -2.573902   data arrival time
---------------------------------------------------------------------------------------------
                                              1.916522   slack (MET)


Startpoint: rst_n (input port clocked by clk)
Endpoint: _13668_ (removal check against rising-edge clock clk)
Path Group: asynchronous
Path Type: min

Fanout         Cap        Slew       Delay        Time   Description
---------------------------------------------------------------------------------------------
                      0.150000    0.000000    0.000000   clock clk (rise edge)
                                  0.000000    0.000000   clock network delay (ideal)
                                  2.000000    2.000000 ^ input external delay
    68    0.245956    0.828233    0.573902    2.573902 ^ rst_n (in)
                                                         rst_n (net)
                      0.828233    0.000000    2.573902 ^ _13668_/RESET_B (sky130_fd_sc_hd__dfrtp_2)
                                              2.573902   data arrival time

                      0.150000    0.000000    0.000000   clock clk (rise edge)
                                  0.000000    0.000000   clock network delay (ideal)
                                  0.250000    0.250000   clock uncertainty
                                  0.000000    0.250000   clock reconvergence pessimism
                                              0.250000 ^ _13668_/CLK (sky130_fd_sc_hd__dfrtp_2)
                                  0.407380    0.657380   library removal time
                                              0.657380   data required time
---------------------------------------------------------------------------------------------
                                              0.657380   data required time
                                             -2.573902   data arrival time
---------------------------------------------------------------------------------------------
                                              1.916522   slack (MET)


Startpoint: rst_n (input port clocked by clk)
Endpoint: _13669_ (removal check against rising-edge clock clk)
Path Group: asynchronous
Path Type: min

Fanout         Cap        Slew       Delay        Time   Description
---------------------------------------------------------------------------------------------
                      0.150000    0.000000    0.000000   clock clk (rise edge)
                                  0.000000    0.000000   clock network delay (ideal)
                                  2.000000    2.000000 ^ input external delay
    68    0.245956    0.828233    0.573902    2.573902 ^ rst_n (in)
                                                         rst_n (net)
                      0.828233    0.000000    2.573902 ^ _13669_/RESET_B (sky130_fd_sc_hd__dfrtp_2)
                                              2.573902   data arrival time

                      0.150000    0.000000    0.000000   clock clk (rise edge)
                                  0.000000    0.000000   clock network delay (ideal)
                                  0.250000    0.250000   clock uncertainty
                                  0.000000    0.250000   clock reconvergence pessimism
                                              0.250000 ^ _13669_/CLK (sky130_fd_sc_hd__dfrtp_2)
                                  0.407380    0.657380   library removal time
                                              0.657380   data required time
---------------------------------------------------------------------------------------------
                                              0.657380   data required time
                                             -2.573902   data arrival time
---------------------------------------------------------------------------------------------
                                              1.916522   slack (MET)


Startpoint: rst_n (input port clocked by clk)
Endpoint: _13670_ (removal check against rising-edge clock clk)
Path Group: asynchronous
Path Type: min

Fanout         Cap        Slew       Delay        Time   Description
---------------------------------------------------------------------------------------------
                      0.150000    0.000000    0.000000   clock clk (rise edge)
                                  0.000000    0.000000   clock network delay (ideal)
                                  2.000000    2.000000 ^ input external delay
    68    0.245956    0.828233    0.573902    2.573902 ^ rst_n (in)
                                                         rst_n (net)
                      0.828233    0.000000    2.573902 ^ _13670_/RESET_B (sky130_fd_sc_hd__dfrtp_2)
                                              2.573902   data arrival time

                      0.150000    0.000000    0.000000   clock clk (rise edge)
                                  0.000000    0.000000   clock network delay (ideal)
                                  0.250000    0.250000   clock uncertainty
                                  0.000000    0.250000   clock reconvergence pessimism
                                              0.250000 ^ _13670_/CLK (sky130_fd_sc_hd__dfrtp_2)
                                  0.407380    0.657380   library removal time
                                              0.657380   data required time
---------------------------------------------------------------------------------------------
                                              0.657380   data required time
                                             -2.573902   data arrival time
---------------------------------------------------------------------------------------------
                                              1.916522   slack (MET)


Startpoint: rst_n (input port clocked by clk)
Endpoint: _13671_ (removal check against rising-edge clock clk)
Path Group: asynchronous
Path Type: min

Fanout         Cap        Slew       Delay        Time   Description
---------------------------------------------------------------------------------------------
                      0.150000    0.000000    0.000000   clock clk (rise edge)
                                  0.000000    0.000000   clock network delay (ideal)
                                  2.000000    2.000000 ^ input external delay
    68    0.245956    0.828233    0.573902    2.573902 ^ rst_n (in)
                                                         rst_n (net)
                      0.828233    0.000000    2.573902 ^ _13671_/RESET_B (sky130_fd_sc_hd__dfrtp_2)
                                              2.573902   data arrival time

                      0.150000    0.000000    0.000000   clock clk (rise edge)
                                  0.000000    0.000000   clock network delay (ideal)
                                  0.250000    0.250000   clock uncertainty
                                  0.000000    0.250000   clock reconvergence pessimism
                                              0.250000 ^ _13671_/CLK (sky130_fd_sc_hd__dfrtp_2)
                                  0.407380    0.657380   library removal time
                                              0.657380   data required time
---------------------------------------------------------------------------------------------
                                              0.657380   data required time
                                             -2.573902   data arrival time
---------------------------------------------------------------------------------------------
                                              1.916522   slack (MET)


Startpoint: rst_n (input port clocked by clk)
Endpoint: _13672_ (removal check against rising-edge clock clk)
Path Group: asynchronous
Path Type: min

Fanout         Cap        Slew       Delay        Time   Description
---------------------------------------------------------------------------------------------
                      0.150000    0.000000    0.000000   clock clk (rise edge)
                                  0.000000    0.000000   clock network delay (ideal)
                                  2.000000    2.000000 ^ input external delay
    68    0.245956    0.828233    0.573902    2.573902 ^ rst_n (in)
                                                         rst_n (net)
                      0.828233    0.000000    2.573902 ^ _13672_/RESET_B (sky130_fd_sc_hd__dfrtp_2)
                                              2.573902   data arrival time

                      0.150000    0.000000    0.000000   clock clk (rise edge)
                                  0.000000    0.000000   clock network delay (ideal)
                                  0.250000    0.250000   clock uncertainty
                                  0.000000    0.250000   clock reconvergence pessimism
                                              0.250000 ^ _13672_/CLK (sky130_fd_sc_hd__dfrtp_2)
                                  0.407380    0.657380   library removal time
                                              0.657380   data required time
---------------------------------------------------------------------------------------------
                                              0.657380   data required time
                                             -2.573902   data arrival time
---------------------------------------------------------------------------------------------
                                              1.916522   slack (MET)


Startpoint: rst_n (input port clocked by clk)
Endpoint: _13673_ (removal check against rising-edge clock clk)
Path Group: asynchronous
Path Type: min

Fanout         Cap        Slew       Delay        Time   Description
---------------------------------------------------------------------------------------------
                      0.150000    0.000000    0.000000   clock clk (rise edge)
                                  0.000000    0.000000   clock network delay (ideal)
                                  2.000000    2.000000 ^ input external delay
    68    0.245956    0.828233    0.573902    2.573902 ^ rst_n (in)
                                                         rst_n (net)
                      0.828233    0.000000    2.573902 ^ _13673_/RESET_B (sky130_fd_sc_hd__dfrtp_2)
                                              2.573902   data arrival time

                      0.150000    0.000000    0.000000   clock clk (rise edge)
                                  0.000000    0.000000   clock network delay (ideal)
                                  0.250000    0.250000   clock uncertainty
                                  0.000000    0.250000   clock reconvergence pessimism
                                              0.250000 ^ _13673_/CLK (sky130_fd_sc_hd__dfrtp_2)
                                  0.407380    0.657380   library removal time
                                              0.657380   data required time
---------------------------------------------------------------------------------------------
                                              0.657380   data required time
                                             -2.573902   data arrival time
---------------------------------------------------------------------------------------------
                                              1.916522   slack (MET)


Startpoint: rst_n (input port clocked by clk)
Endpoint: _13674_ (removal check against rising-edge clock clk)
Path Group: asynchronous
Path Type: min

Fanout         Cap        Slew       Delay        Time   Description
---------------------------------------------------------------------------------------------
                      0.150000    0.000000    0.000000   clock clk (rise edge)
                                  0.000000    0.000000   clock network delay (ideal)
                                  2.000000    2.000000 ^ input external delay
    68    0.245956    0.828233    0.573902    2.573902 ^ rst_n (in)
                                                         rst_n (net)
                      0.828233    0.000000    2.573902 ^ _13674_/RESET_B (sky130_fd_sc_hd__dfrtp_2)
                                              2.573902   data arrival time

                      0.150000    0.000000    0.000000   clock clk (rise edge)
                                  0.000000    0.000000   clock network delay (ideal)
                                  0.250000    0.250000   clock uncertainty
                                  0.000000    0.250000   clock reconvergence pessimism
                                              0.250000 ^ _13674_/CLK (sky130_fd_sc_hd__dfrtp_2)
                                  0.407380    0.657380   library removal time
                                              0.657380   data required time
---------------------------------------------------------------------------------------------
                                              0.657380   data required time
                                             -2.573902   data arrival time
---------------------------------------------------------------------------------------------
                                              1.916522   slack (MET)


Startpoint: rst_n (input port clocked by clk)
Endpoint: _13675_ (removal check against rising-edge clock clk)
Path Group: asynchronous
Path Type: min

Fanout         Cap        Slew       Delay        Time   Description
---------------------------------------------------------------------------------------------
                      0.150000    0.000000    0.000000   clock clk (rise edge)
                                  0.000000    0.000000   clock network delay (ideal)
                                  2.000000    2.000000 ^ input external delay
    68    0.245956    0.828233    0.573902    2.573902 ^ rst_n (in)
                                                         rst_n (net)
                      0.828233    0.000000    2.573902 ^ _13675_/RESET_B (sky130_fd_sc_hd__dfrtp_2)
                                              2.573902   data arrival time

                      0.150000    0.000000    0.000000   clock clk (rise edge)
                                  0.000000    0.000000   clock network delay (ideal)
                                  0.250000    0.250000   clock uncertainty
                                  0.000000    0.250000   clock reconvergence pessimism
                                              0.250000 ^ _13675_/CLK (sky130_fd_sc_hd__dfrtp_2)
                                  0.407380    0.657380   library removal time
                                              0.657380   data required time
---------------------------------------------------------------------------------------------
                                              0.657380   data required time
                                             -2.573902   data arrival time
---------------------------------------------------------------------------------------------
                                              1.916522   slack (MET)


Startpoint: rst_n (input port clocked by clk)
Endpoint: _13676_ (removal check against rising-edge clock clk)
Path Group: asynchronous
Path Type: min

Fanout         Cap        Slew       Delay        Time   Description
---------------------------------------------------------------------------------------------
                      0.150000    0.000000    0.000000   clock clk (rise edge)
                                  0.000000    0.000000   clock network delay (ideal)
                                  2.000000    2.000000 ^ input external delay
    68    0.245956    0.828233    0.573902    2.573902 ^ rst_n (in)
                                                         rst_n (net)
                      0.828233    0.000000    2.573902 ^ _13676_/RESET_B (sky130_fd_sc_hd__dfrtp_2)
                                              2.573902   data arrival time

                      0.150000    0.000000    0.000000   clock clk (rise edge)
                                  0.000000    0.000000   clock network delay (ideal)
                                  0.250000    0.250000   clock uncertainty
                                  0.000000    0.250000   clock reconvergence pessimism
                                              0.250000 ^ _13676_/CLK (sky130_fd_sc_hd__dfrtp_2)
                                  0.407380    0.657380   library removal time
                                              0.657380   data required time
---------------------------------------------------------------------------------------------
                                              0.657380   data required time
                                             -2.573902   data arrival time
---------------------------------------------------------------------------------------------
                                              1.916522   slack (MET)


Startpoint: rst_n (input port clocked by clk)
Endpoint: _13677_ (removal check against rising-edge clock clk)
Path Group: asynchronous
Path Type: min

Fanout         Cap        Slew       Delay        Time   Description
---------------------------------------------------------------------------------------------
                      0.150000    0.000000    0.000000   clock clk (rise edge)
                                  0.000000    0.000000   clock network delay (ideal)
                                  2.000000    2.000000 ^ input external delay
    68    0.245956    0.828233    0.573902    2.573902 ^ rst_n (in)
                                                         rst_n (net)
                      0.828233    0.000000    2.573902 ^ _13677_/RESET_B (sky130_fd_sc_hd__dfrtp_2)
                                              2.573902   data arrival time

                      0.150000    0.000000    0.000000   clock clk (rise edge)
                                  0.000000    0.000000   clock network delay (ideal)
                                  0.250000    0.250000   clock uncertainty
                                  0.000000    0.250000   clock reconvergence pessimism
                                              0.250000 ^ _13677_/CLK (sky130_fd_sc_hd__dfrtp_2)
                                  0.407380    0.657380   library removal time
                                              0.657380   data required time
---------------------------------------------------------------------------------------------
                                              0.657380   data required time
                                             -2.573902   data arrival time
---------------------------------------------------------------------------------------------
                                              1.916522   slack (MET)


Startpoint: rst_n (input port clocked by clk)
Endpoint: _13678_ (removal check against rising-edge clock clk)
Path Group: asynchronous
Path Type: min

Fanout         Cap        Slew       Delay        Time   Description
---------------------------------------------------------------------------------------------
                      0.150000    0.000000    0.000000   clock clk (rise edge)
                                  0.000000    0.000000   clock network delay (ideal)
                                  2.000000    2.000000 ^ input external delay
    68    0.245956    0.828233    0.573902    2.573902 ^ rst_n (in)
                                                         rst_n (net)
                      0.828233    0.000000    2.573902 ^ _13678_/RESET_B (sky130_fd_sc_hd__dfrtp_2)
                                              2.573902   data arrival time

                      0.150000    0.000000    0.000000   clock clk (rise edge)
                                  0.000000    0.000000   clock network delay (ideal)
                                  0.250000    0.250000   clock uncertainty
                                  0.000000    0.250000   clock reconvergence pessimism
                                              0.250000 ^ _13678_/CLK (sky130_fd_sc_hd__dfrtp_2)
                                  0.407380    0.657380   library removal time
                                              0.657380   data required time
---------------------------------------------------------------------------------------------
                                              0.657380   data required time
                                             -2.573902   data arrival time
---------------------------------------------------------------------------------------------
                                              1.916522   slack (MET)


Startpoint: rst_n (input port clocked by clk)
Endpoint: _13679_ (removal check against rising-edge clock clk)
Path Group: asynchronous
Path Type: min

Fanout         Cap        Slew       Delay        Time   Description
---------------------------------------------------------------------------------------------
                      0.150000    0.000000    0.000000   clock clk (rise edge)
                                  0.000000    0.000000   clock network delay (ideal)
                                  2.000000    2.000000 ^ input external delay
    68    0.245956    0.828233    0.573902    2.573902 ^ rst_n (in)
                                                         rst_n (net)
                      0.828233    0.000000    2.573902 ^ _13679_/RESET_B (sky130_fd_sc_hd__dfrtp_2)
                                              2.573902   data arrival time

                      0.150000    0.000000    0.000000   clock clk (rise edge)
                                  0.000000    0.000000   clock network delay (ideal)
                                  0.250000    0.250000   clock uncertainty
                                  0.000000    0.250000   clock reconvergence pessimism
                                              0.250000 ^ _13679_/CLK (sky130_fd_sc_hd__dfrtp_2)
                                  0.407380    0.657380   library removal time
                                              0.657380   data required time
---------------------------------------------------------------------------------------------
                                              0.657380   data required time
                                             -2.573902   data arrival time
---------------------------------------------------------------------------------------------
                                              1.916522   slack (MET)


Startpoint: rst_n (input port clocked by clk)
Endpoint: _13680_ (removal check against rising-edge clock clk)
Path Group: asynchronous
Path Type: min

Fanout         Cap        Slew       Delay        Time   Description
---------------------------------------------------------------------------------------------
                      0.150000    0.000000    0.000000   clock clk (rise edge)
                                  0.000000    0.000000   clock network delay (ideal)
                                  2.000000    2.000000 ^ input external delay
    68    0.245956    0.828233    0.573902    2.573902 ^ rst_n (in)
                                                         rst_n (net)
                      0.828233    0.000000    2.573902 ^ _13680_/RESET_B (sky130_fd_sc_hd__dfrtp_2)
                                              2.573902   data arrival time

                      0.150000    0.000000    0.000000   clock clk (rise edge)
                                  0.000000    0.000000   clock network delay (ideal)
                                  0.250000    0.250000   clock uncertainty
                                  0.000000    0.250000   clock reconvergence pessimism
                                              0.250000 ^ _13680_/CLK (sky130_fd_sc_hd__dfrtp_2)
                                  0.407380    0.657380   library removal time
                                              0.657380   data required time
---------------------------------------------------------------------------------------------
                                              0.657380   data required time
                                             -2.573902   data arrival time
---------------------------------------------------------------------------------------------
                                              1.916522   slack (MET)


Startpoint: rst_n (input port clocked by clk)
Endpoint: _13681_ (removal check against rising-edge clock clk)
Path Group: asynchronous
Path Type: min

Fanout         Cap        Slew       Delay        Time   Description
---------------------------------------------------------------------------------------------
                      0.150000    0.000000    0.000000   clock clk (rise edge)
                                  0.000000    0.000000   clock network delay (ideal)
                                  2.000000    2.000000 ^ input external delay
    68    0.245956    0.828233    0.573902    2.573902 ^ rst_n (in)
                                                         rst_n (net)
                      0.828233    0.000000    2.573902 ^ _13681_/RESET_B (sky130_fd_sc_hd__dfrtp_2)
                                              2.573902   data arrival time

                      0.150000    0.000000    0.000000   clock clk (rise edge)
                                  0.000000    0.000000   clock network delay (ideal)
                                  0.250000    0.250000   clock uncertainty
                                  0.000000    0.250000   clock reconvergence pessimism
                                              0.250000 ^ _13681_/CLK (sky130_fd_sc_hd__dfrtp_2)
                                  0.407380    0.657380   library removal time
                                              0.657380   data required time
---------------------------------------------------------------------------------------------
                                              0.657380   data required time
                                             -2.573902   data arrival time
---------------------------------------------------------------------------------------------
                                              1.916522   slack (MET)


Startpoint: rst_n (input port clocked by clk)
Endpoint: _13682_ (removal check against rising-edge clock clk)
Path Group: asynchronous
Path Type: min

Fanout         Cap        Slew       Delay        Time   Description
---------------------------------------------------------------------------------------------
                      0.150000    0.000000    0.000000   clock clk (rise edge)
                                  0.000000    0.000000   clock network delay (ideal)
                                  2.000000    2.000000 ^ input external delay
    68    0.245956    0.828233    0.573902    2.573902 ^ rst_n (in)
                                                         rst_n (net)
                      0.828233    0.000000    2.573902 ^ _13682_/RESET_B (sky130_fd_sc_hd__dfrtp_2)
                                              2.573902   data arrival time

                      0.150000    0.000000    0.000000   clock clk (rise edge)
                                  0.000000    0.000000   clock network delay (ideal)
                                  0.250000    0.250000   clock uncertainty
                                  0.000000    0.250000   clock reconvergence pessimism
                                              0.250000 ^ _13682_/CLK (sky130_fd_sc_hd__dfrtp_2)
                                  0.407380    0.657380   library removal time
                                              0.657380   data required time
---------------------------------------------------------------------------------------------
                                              0.657380   data required time
                                             -2.573902   data arrival time
---------------------------------------------------------------------------------------------
                                              1.916522   slack (MET)


Startpoint: rst_n (input port clocked by clk)
Endpoint: _13683_ (removal check against rising-edge clock clk)
Path Group: asynchronous
Path Type: min

Fanout         Cap        Slew       Delay        Time   Description
---------------------------------------------------------------------------------------------
                      0.150000    0.000000    0.000000   clock clk (rise edge)
                                  0.000000    0.000000   clock network delay (ideal)
                                  2.000000    2.000000 ^ input external delay
    68    0.245956    0.828233    0.573902    2.573902 ^ rst_n (in)
                                                         rst_n (net)
                      0.828233    0.000000    2.573902 ^ _13683_/RESET_B (sky130_fd_sc_hd__dfrtp_2)
                                              2.573902   data arrival time

                      0.150000    0.000000    0.000000   clock clk (rise edge)
                                  0.000000    0.000000   clock network delay (ideal)
                                  0.250000    0.250000   clock uncertainty
                                  0.000000    0.250000   clock reconvergence pessimism
                                              0.250000 ^ _13683_/CLK (sky130_fd_sc_hd__dfrtp_2)
                                  0.407380    0.657380   library removal time
                                              0.657380   data required time
---------------------------------------------------------------------------------------------
                                              0.657380   data required time
                                             -2.573902   data arrival time
---------------------------------------------------------------------------------------------
                                              1.916522   slack (MET)


Startpoint: rst_n (input port clocked by clk)
Endpoint: _13684_ (removal check against rising-edge clock clk)
Path Group: asynchronous
Path Type: min

Fanout         Cap        Slew       Delay        Time   Description
---------------------------------------------------------------------------------------------
                      0.150000    0.000000    0.000000   clock clk (rise edge)
                                  0.000000    0.000000   clock network delay (ideal)
                                  2.000000    2.000000 ^ input external delay
    68    0.245956    0.828233    0.573902    2.573902 ^ rst_n (in)
                                                         rst_n (net)
                      0.828233    0.000000    2.573902 ^ _13684_/RESET_B (sky130_fd_sc_hd__dfrtp_2)
                                              2.573902   data arrival time

                      0.150000    0.000000    0.000000   clock clk (rise edge)
                                  0.000000    0.000000   clock network delay (ideal)
                                  0.250000    0.250000   clock uncertainty
                                  0.000000    0.250000   clock reconvergence pessimism
                                              0.250000 ^ _13684_/CLK (sky130_fd_sc_hd__dfrtp_2)
                                  0.407380    0.657380   library removal time
                                              0.657380   data required time
---------------------------------------------------------------------------------------------
                                              0.657380   data required time
                                             -2.573902   data arrival time
---------------------------------------------------------------------------------------------
                                              1.916522   slack (MET)


Startpoint: rst_n (input port clocked by clk)
Endpoint: _13685_ (removal check against rising-edge clock clk)
Path Group: asynchronous
Path Type: min

Fanout         Cap        Slew       Delay        Time   Description
---------------------------------------------------------------------------------------------
                      0.150000    0.000000    0.000000   clock clk (rise edge)
                                  0.000000    0.000000   clock network delay (ideal)
                                  2.000000    2.000000 ^ input external delay
    68    0.245956    0.828233    0.573902    2.573902 ^ rst_n (in)
                                                         rst_n (net)
                      0.828233    0.000000    2.573902 ^ _13685_/RESET_B (sky130_fd_sc_hd__dfrtp_2)
                                              2.573902   data arrival time

                      0.150000    0.000000    0.000000   clock clk (rise edge)
                                  0.000000    0.000000   clock network delay (ideal)
                                  0.250000    0.250000   clock uncertainty
                                  0.000000    0.250000   clock reconvergence pessimism
                                              0.250000 ^ _13685_/CLK (sky130_fd_sc_hd__dfrtp_2)
                                  0.407380    0.657380   library removal time
                                              0.657380   data required time
---------------------------------------------------------------------------------------------
                                              0.657380   data required time
                                             -2.573902   data arrival time
---------------------------------------------------------------------------------------------
                                              1.916522   slack (MET)


Startpoint: rst_n (input port clocked by clk)
Endpoint: _13686_ (removal check against rising-edge clock clk)
Path Group: asynchronous
Path Type: min

Fanout         Cap        Slew       Delay        Time   Description
---------------------------------------------------------------------------------------------
                      0.150000    0.000000    0.000000   clock clk (rise edge)
                                  0.000000    0.000000   clock network delay (ideal)
                                  2.000000    2.000000 ^ input external delay
    68    0.245956    0.828233    0.573902    2.573902 ^ rst_n (in)
                                                         rst_n (net)
                      0.828233    0.000000    2.573902 ^ _13686_/RESET_B (sky130_fd_sc_hd__dfrtp_2)
                                              2.573902   data arrival time

                      0.150000    0.000000    0.000000   clock clk (rise edge)
                                  0.000000    0.000000   clock network delay (ideal)
                                  0.250000    0.250000   clock uncertainty
                                  0.000000    0.250000   clock reconvergence pessimism
                                              0.250000 ^ _13686_/CLK (sky130_fd_sc_hd__dfrtp_2)
                                  0.407380    0.657380   library removal time
                                              0.657380   data required time
---------------------------------------------------------------------------------------------
                                              0.657380   data required time
                                             -2.573902   data arrival time
---------------------------------------------------------------------------------------------
                                              1.916522   slack (MET)


Startpoint: rst_n (input port clocked by clk)
Endpoint: _13687_ (removal check against rising-edge clock clk)
Path Group: asynchronous
Path Type: min

Fanout         Cap        Slew       Delay        Time   Description
---------------------------------------------------------------------------------------------
                      0.150000    0.000000    0.000000   clock clk (rise edge)
                                  0.000000    0.000000   clock network delay (ideal)
                                  2.000000    2.000000 ^ input external delay
    68    0.245956    0.828233    0.573902    2.573902 ^ rst_n (in)
                                                         rst_n (net)
                      0.828233    0.000000    2.573902 ^ _13687_/RESET_B (sky130_fd_sc_hd__dfrtp_2)
                                              2.573902   data arrival time

                      0.150000    0.000000    0.000000   clock clk (rise edge)
                                  0.000000    0.000000   clock network delay (ideal)
                                  0.250000    0.250000   clock uncertainty
                                  0.000000    0.250000   clock reconvergence pessimism
                                              0.250000 ^ _13687_/CLK (sky130_fd_sc_hd__dfrtp_2)
                                  0.407380    0.657380   library removal time
                                              0.657380   data required time
---------------------------------------------------------------------------------------------
                                              0.657380   data required time
                                             -2.573902   data arrival time
---------------------------------------------------------------------------------------------
                                              1.916522   slack (MET)


Startpoint: rst_n (input port clocked by clk)
Endpoint: _13688_ (removal check against rising-edge clock clk)
Path Group: asynchronous
Path Type: min

Fanout         Cap        Slew       Delay        Time   Description
---------------------------------------------------------------------------------------------
                      0.150000    0.000000    0.000000   clock clk (rise edge)
                                  0.000000    0.000000   clock network delay (ideal)
                                  2.000000    2.000000 ^ input external delay
    68    0.245956    0.828233    0.573902    2.573902 ^ rst_n (in)
                                                         rst_n (net)
                      0.828233    0.000000    2.573902 ^ _13688_/RESET_B (sky130_fd_sc_hd__dfrtp_2)
                                              2.573902   data arrival time

                      0.150000    0.000000    0.000000   clock clk (rise edge)
                                  0.000000    0.000000   clock network delay (ideal)
                                  0.250000    0.250000   clock uncertainty
                                  0.000000    0.250000   clock reconvergence pessimism
                                              0.250000 ^ _13688_/CLK (sky130_fd_sc_hd__dfrtp_2)
                                  0.407380    0.657380   library removal time
                                              0.657380   data required time
---------------------------------------------------------------------------------------------
                                              0.657380   data required time
                                             -2.573902   data arrival time
---------------------------------------------------------------------------------------------
                                              1.916522   slack (MET)


Startpoint: rst_n (input port clocked by clk)
Endpoint: _13689_ (removal check against rising-edge clock clk)
Path Group: asynchronous
Path Type: min

Fanout         Cap        Slew       Delay        Time   Description
---------------------------------------------------------------------------------------------
                      0.150000    0.000000    0.000000   clock clk (rise edge)
                                  0.000000    0.000000   clock network delay (ideal)
                                  2.000000    2.000000 ^ input external delay
    68    0.245956    0.828233    0.573902    2.573902 ^ rst_n (in)
                                                         rst_n (net)
                      0.828233    0.000000    2.573902 ^ _13689_/RESET_B (sky130_fd_sc_hd__dfrtp_2)
                                              2.573902   data arrival time

                      0.150000    0.000000    0.000000   clock clk (rise edge)
                                  0.000000    0.000000   clock network delay (ideal)
                                  0.250000    0.250000   clock uncertainty
                                  0.000000    0.250000   clock reconvergence pessimism
                                              0.250000 ^ _13689_/CLK (sky130_fd_sc_hd__dfrtp_2)
                                  0.407380    0.657380   library removal time
                                              0.657380   data required time
---------------------------------------------------------------------------------------------
                                              0.657380   data required time
                                             -2.573902   data arrival time
---------------------------------------------------------------------------------------------
                                              1.916522   slack (MET)


Startpoint: rst_n (input port clocked by clk)
Endpoint: _13690_ (removal check against rising-edge clock clk)
Path Group: asynchronous
Path Type: min

Fanout         Cap        Slew       Delay        Time   Description
---------------------------------------------------------------------------------------------
                      0.150000    0.000000    0.000000   clock clk (rise edge)
                                  0.000000    0.000000   clock network delay (ideal)
                                  2.000000    2.000000 ^ input external delay
    68    0.245956    0.828233    0.573902    2.573902 ^ rst_n (in)
                                                         rst_n (net)
                      0.828233    0.000000    2.573902 ^ _13690_/RESET_B (sky130_fd_sc_hd__dfrtp_2)
                                              2.573902   data arrival time

                      0.150000    0.000000    0.000000   clock clk (rise edge)
                                  0.000000    0.000000   clock network delay (ideal)
                                  0.250000    0.250000   clock uncertainty
                                  0.000000    0.250000   clock reconvergence pessimism
                                              0.250000 ^ _13690_/CLK (sky130_fd_sc_hd__dfrtp_2)
                                  0.407380    0.657380   library removal time
                                              0.657380   data required time
---------------------------------------------------------------------------------------------
                                              0.657380   data required time
                                             -2.573902   data arrival time
---------------------------------------------------------------------------------------------
                                              1.916522   slack (MET)


Startpoint: rst_n (input port clocked by clk)
Endpoint: _13691_ (removal check against rising-edge clock clk)
Path Group: asynchronous
Path Type: min

Fanout         Cap        Slew       Delay        Time   Description
---------------------------------------------------------------------------------------------
                      0.150000    0.000000    0.000000   clock clk (rise edge)
                                  0.000000    0.000000   clock network delay (ideal)
                                  2.000000    2.000000 ^ input external delay
    68    0.245956    0.828233    0.573902    2.573902 ^ rst_n (in)
                                                         rst_n (net)
                      0.828233    0.000000    2.573902 ^ _13691_/RESET_B (sky130_fd_sc_hd__dfrtp_2)
                                              2.573902   data arrival time

                      0.150000    0.000000    0.000000   clock clk (rise edge)
                                  0.000000    0.000000   clock network delay (ideal)
                                  0.250000    0.250000   clock uncertainty
                                  0.000000    0.250000   clock reconvergence pessimism
                                              0.250000 ^ _13691_/CLK (sky130_fd_sc_hd__dfrtp_2)
                                  0.407380    0.657380   library removal time
                                              0.657380   data required time
---------------------------------------------------------------------------------------------
                                              0.657380   data required time
                                             -2.573902   data arrival time
---------------------------------------------------------------------------------------------
                                              1.916522   slack (MET)


Startpoint: rst_n (input port clocked by clk)
Endpoint: _13692_ (removal check against rising-edge clock clk)
Path Group: asynchronous
Path Type: min

Fanout         Cap        Slew       Delay        Time   Description
---------------------------------------------------------------------------------------------
                      0.150000    0.000000    0.000000   clock clk (rise edge)
                                  0.000000    0.000000   clock network delay (ideal)
                                  2.000000    2.000000 ^ input external delay
    68    0.245956    0.828233    0.573902    2.573902 ^ rst_n (in)
                                                         rst_n (net)
                      0.828233    0.000000    2.573902 ^ _13692_/RESET_B (sky130_fd_sc_hd__dfrtp_2)
                                              2.573902   data arrival time

                      0.150000    0.000000    0.000000   clock clk (rise edge)
                                  0.000000    0.000000   clock network delay (ideal)
                                  0.250000    0.250000   clock uncertainty
                                  0.000000    0.250000   clock reconvergence pessimism
                                              0.250000 ^ _13692_/CLK (sky130_fd_sc_hd__dfrtp_2)
                                  0.407380    0.657380   library removal time
                                              0.657380   data required time
---------------------------------------------------------------------------------------------
                                              0.657380   data required time
                                             -2.573902   data arrival time
---------------------------------------------------------------------------------------------
                                              1.916522   slack (MET)


Startpoint: rst_n (input port clocked by clk)
Endpoint: _13693_ (removal check against rising-edge clock clk)
Path Group: asynchronous
Path Type: min

Fanout         Cap        Slew       Delay        Time   Description
---------------------------------------------------------------------------------------------
                      0.150000    0.000000    0.000000   clock clk (rise edge)
                                  0.000000    0.000000   clock network delay (ideal)
                                  2.000000    2.000000 ^ input external delay
    68    0.245956    0.828233    0.573902    2.573902 ^ rst_n (in)
                                                         rst_n (net)
                      0.828233    0.000000    2.573902 ^ _13693_/RESET_B (sky130_fd_sc_hd__dfrtp_2)
                                              2.573902   data arrival time

                      0.150000    0.000000    0.000000   clock clk (rise edge)
                                  0.000000    0.000000   clock network delay (ideal)
                                  0.250000    0.250000   clock uncertainty
                                  0.000000    0.250000   clock reconvergence pessimism
                                              0.250000 ^ _13693_/CLK (sky130_fd_sc_hd__dfrtp_2)
                                  0.407380    0.657380   library removal time
                                              0.657380   data required time
---------------------------------------------------------------------------------------------
                                              0.657380   data required time
                                             -2.573902   data arrival time
---------------------------------------------------------------------------------------------
                                              1.916522   slack (MET)


Startpoint: rst_n (input port clocked by clk)
Endpoint: _13694_ (removal check against rising-edge clock clk)
Path Group: asynchronous
Path Type: min

Fanout         Cap        Slew       Delay        Time   Description
---------------------------------------------------------------------------------------------
                      0.150000    0.000000    0.000000   clock clk (rise edge)
                                  0.000000    0.000000   clock network delay (ideal)
                                  2.000000    2.000000 ^ input external delay
    68    0.245956    0.828233    0.573902    2.573902 ^ rst_n (in)
                                                         rst_n (net)
                      0.828233    0.000000    2.573902 ^ _13694_/RESET_B (sky130_fd_sc_hd__dfrtp_2)
                                              2.573902   data arrival time

                      0.150000    0.000000    0.000000   clock clk (rise edge)
                                  0.000000    0.000000   clock network delay (ideal)
                                  0.250000    0.250000   clock uncertainty
                                  0.000000    0.250000   clock reconvergence pessimism
                                              0.250000 ^ _13694_/CLK (sky130_fd_sc_hd__dfrtp_2)
                                  0.407380    0.657380   library removal time
                                              0.657380   data required time
---------------------------------------------------------------------------------------------
                                              0.657380   data required time
                                             -2.573902   data arrival time
---------------------------------------------------------------------------------------------
                                              1.916522   slack (MET)


Startpoint: rst_n (input port clocked by clk)
Endpoint: _13695_ (removal check against rising-edge clock clk)
Path Group: asynchronous
Path Type: min

Fanout         Cap        Slew       Delay        Time   Description
---------------------------------------------------------------------------------------------
                      0.150000    0.000000    0.000000   clock clk (rise edge)
                                  0.000000    0.000000   clock network delay (ideal)
                                  2.000000    2.000000 ^ input external delay
    68    0.245956    0.828233    0.573902    2.573902 ^ rst_n (in)
                                                         rst_n (net)
                      0.828233    0.000000    2.573902 ^ _13695_/RESET_B (sky130_fd_sc_hd__dfrtp_2)
                                              2.573902   data arrival time

                      0.150000    0.000000    0.000000   clock clk (rise edge)
                                  0.000000    0.000000   clock network delay (ideal)
                                  0.250000    0.250000   clock uncertainty
                                  0.000000    0.250000   clock reconvergence pessimism
                                              0.250000 ^ _13695_/CLK (sky130_fd_sc_hd__dfrtp_2)
                                  0.407380    0.657380   library removal time
                                              0.657380   data required time
---------------------------------------------------------------------------------------------
                                              0.657380   data required time
                                             -2.573902   data arrival time
---------------------------------------------------------------------------------------------
                                              1.916522   slack (MET)


Startpoint: rst_n (input port clocked by clk)
Endpoint: _13696_ (removal check against rising-edge clock clk)
Path Group: asynchronous
Path Type: min

Fanout         Cap        Slew       Delay        Time   Description
---------------------------------------------------------------------------------------------
                      0.150000    0.000000    0.000000   clock clk (rise edge)
                                  0.000000    0.000000   clock network delay (ideal)
                                  2.000000    2.000000 ^ input external delay
    68    0.245956    0.828233    0.573902    2.573902 ^ rst_n (in)
                                                         rst_n (net)
                      0.828233    0.000000    2.573902 ^ _13696_/RESET_B (sky130_fd_sc_hd__dfrtp_2)
                                              2.573902   data arrival time

                      0.150000    0.000000    0.000000   clock clk (rise edge)
                                  0.000000    0.000000   clock network delay (ideal)
                                  0.250000    0.250000   clock uncertainty
                                  0.000000    0.250000   clock reconvergence pessimism
                                              0.250000 ^ _13696_/CLK (sky130_fd_sc_hd__dfrtp_2)
                                  0.407380    0.657380   library removal time
                                              0.657380   data required time
---------------------------------------------------------------------------------------------
                                              0.657380   data required time
                                             -2.573902   data arrival time
---------------------------------------------------------------------------------------------
                                              1.916522   slack (MET)


Startpoint: rst_n (input port clocked by clk)
Endpoint: _13697_ (removal check against rising-edge clock clk)
Path Group: asynchronous
Path Type: min

Fanout         Cap        Slew       Delay        Time   Description
---------------------------------------------------------------------------------------------
                      0.150000    0.000000    0.000000   clock clk (rise edge)
                                  0.000000    0.000000   clock network delay (ideal)
                                  2.000000    2.000000 ^ input external delay
    68    0.245956    0.828233    0.573902    2.573902 ^ rst_n (in)
                                                         rst_n (net)
                      0.828233    0.000000    2.573902 ^ _13697_/RESET_B (sky130_fd_sc_hd__dfrtp_2)
                                              2.573902   data arrival time

                      0.150000    0.000000    0.000000   clock clk (rise edge)
                                  0.000000    0.000000   clock network delay (ideal)
                                  0.250000    0.250000   clock uncertainty
                                  0.000000    0.250000   clock reconvergence pessimism
                                              0.250000 ^ _13697_/CLK (sky130_fd_sc_hd__dfrtp_2)
                                  0.407380    0.657380   library removal time
                                              0.657380   data required time
---------------------------------------------------------------------------------------------
                                              0.657380   data required time
                                             -2.573902   data arrival time
---------------------------------------------------------------------------------------------
                                              1.916522   slack (MET)


Startpoint: rst_n (input port clocked by clk)
Endpoint: _13698_ (removal check against rising-edge clock clk)
Path Group: asynchronous
Path Type: min

Fanout         Cap        Slew       Delay        Time   Description
---------------------------------------------------------------------------------------------
                      0.150000    0.000000    0.000000   clock clk (rise edge)
                                  0.000000    0.000000   clock network delay (ideal)
                                  2.000000    2.000000 ^ input external delay
    68    0.245956    0.828233    0.573902    2.573902 ^ rst_n (in)
                                                         rst_n (net)
                      0.828233    0.000000    2.573902 ^ _13698_/RESET_B (sky130_fd_sc_hd__dfrtp_2)
                                              2.573902   data arrival time

                      0.150000    0.000000    0.000000   clock clk (rise edge)
                                  0.000000    0.000000   clock network delay (ideal)
                                  0.250000    0.250000   clock uncertainty
                                  0.000000    0.250000   clock reconvergence pessimism
                                              0.250000 ^ _13698_/CLK (sky130_fd_sc_hd__dfrtp_2)
                                  0.407380    0.657380   library removal time
                                              0.657380   data required time
---------------------------------------------------------------------------------------------
                                              0.657380   data required time
                                             -2.573902   data arrival time
---------------------------------------------------------------------------------------------
                                              1.916522   slack (MET)


Startpoint: rst_n (input port clocked by clk)
Endpoint: _13699_ (removal check against rising-edge clock clk)
Path Group: asynchronous
Path Type: min

Fanout         Cap        Slew       Delay        Time   Description
---------------------------------------------------------------------------------------------
                      0.150000    0.000000    0.000000   clock clk (rise edge)
                                  0.000000    0.000000   clock network delay (ideal)
                                  2.000000    2.000000 ^ input external delay
    68    0.245956    0.828233    0.573902    2.573902 ^ rst_n (in)
                                                         rst_n (net)
                      0.828233    0.000000    2.573902 ^ _13699_/RESET_B (sky130_fd_sc_hd__dfrtp_2)
                                              2.573902   data arrival time

                      0.150000    0.000000    0.000000   clock clk (rise edge)
                                  0.000000    0.000000   clock network delay (ideal)
                                  0.250000    0.250000   clock uncertainty
                                  0.000000    0.250000   clock reconvergence pessimism
                                              0.250000 ^ _13699_/CLK (sky130_fd_sc_hd__dfrtp_2)
                                  0.407380    0.657380   library removal time
                                              0.657380   data required time
---------------------------------------------------------------------------------------------
                                              0.657380   data required time
                                             -2.573902   data arrival time
---------------------------------------------------------------------------------------------
                                              1.916522   slack (MET)


Startpoint: rst_n (input port clocked by clk)
Endpoint: _13700_ (removal check against rising-edge clock clk)
Path Group: asynchronous
Path Type: min

Fanout         Cap        Slew       Delay        Time   Description
---------------------------------------------------------------------------------------------
                      0.150000    0.000000    0.000000   clock clk (rise edge)
                                  0.000000    0.000000   clock network delay (ideal)
                                  2.000000    2.000000 ^ input external delay
    68    0.245956    0.828233    0.573902    2.573902 ^ rst_n (in)
                                                         rst_n (net)
                      0.828233    0.000000    2.573902 ^ _13700_/RESET_B (sky130_fd_sc_hd__dfrtp_2)
                                              2.573902   data arrival time

                      0.150000    0.000000    0.000000   clock clk (rise edge)
                                  0.000000    0.000000   clock network delay (ideal)
                                  0.250000    0.250000   clock uncertainty
                                  0.000000    0.250000   clock reconvergence pessimism
                                              0.250000 ^ _13700_/CLK (sky130_fd_sc_hd__dfrtp_2)
                                  0.407380    0.657380   library removal time
                                              0.657380   data required time
---------------------------------------------------------------------------------------------
                                              0.657380   data required time
                                             -2.573902   data arrival time
---------------------------------------------------------------------------------------------
                                              1.916522   slack (MET)


Startpoint: rst_n (input port clocked by clk)
Endpoint: _13701_ (removal check against rising-edge clock clk)
Path Group: asynchronous
Path Type: min

Fanout         Cap        Slew       Delay        Time   Description
---------------------------------------------------------------------------------------------
                      0.150000    0.000000    0.000000   clock clk (rise edge)
                                  0.000000    0.000000   clock network delay (ideal)
                                  2.000000    2.000000 ^ input external delay
    68    0.245956    0.828233    0.573902    2.573902 ^ rst_n (in)
                                                         rst_n (net)
                      0.828233    0.000000    2.573902 ^ _13701_/RESET_B (sky130_fd_sc_hd__dfrtp_2)
                                              2.573902   data arrival time

                      0.150000    0.000000    0.000000   clock clk (rise edge)
                                  0.000000    0.000000   clock network delay (ideal)
                                  0.250000    0.250000   clock uncertainty
                                  0.000000    0.250000   clock reconvergence pessimism
                                              0.250000 ^ _13701_/CLK (sky130_fd_sc_hd__dfrtp_2)
                                  0.407380    0.657380   library removal time
                                              0.657380   data required time
---------------------------------------------------------------------------------------------
                                              0.657380   data required time
                                             -2.573902   data arrival time
---------------------------------------------------------------------------------------------
                                              1.916522   slack (MET)


Startpoint: w01[0] (input port clocked by clk)
Endpoint: _13634_ (rising edge-triggered flip-flop clocked by clk)
Path Group: clk
Path Type: min

Fanout         Cap        Slew       Delay        Time   Description
---------------------------------------------------------------------------------------------
                      0.150000    0.000000    0.000000   clock clk (rise edge)
                                  0.000000    0.000000   clock network delay (ideal)
                                  2.000000    2.000000 v input external delay
    13    0.039043    0.060575    0.042068    2.042068 v w01[0] (in)
                                                         w01[0] (net)
                      0.060575    0.000000    2.042068 v _11930_/B (sky130_fd_sc_hd__nand2_2)
     2    0.006150    0.042453    0.060632    2.102700 ^ _11930_/Y (sky130_fd_sc_hd__nand2_2)
                                                         _04668_ (net)
                      0.042453    0.000000    2.102700 ^ _11932_/B1 (sky130_fd_sc_hd__o21ai_2)
     1    0.001495    0.013064    0.016375    2.119075 v _11932_/Y (sky130_fd_sc_hd__o21ai_2)
                                                         _04670_ (net)
                      0.013064    0.000000    2.119075 v _11933_/B (sky130_fd_sc_hd__and2_2)
     1    0.002059    0.023358    0.103952    2.223027 v _11933_/X (sky130_fd_sc_hd__and2_2)
                                                         _00003_ (net)
                      0.023358    0.000000    2.223027 v _13634_/D (sky130_fd_sc_hd__dfrtp_2)
                                              2.223027   data arrival time

                      0.150000    0.000000    0.000000   clock clk (rise edge)
                                  0.000000    0.000000   clock network delay (ideal)
                                  0.250000    0.250000   clock uncertainty
                                  0.000000    0.250000   clock reconvergence pessimism
                                              0.250000 ^ _13634_/CLK (sky130_fd_sc_hd__dfrtp_2)
                                 -0.015018    0.234982   library hold time
                                              0.234982   data required time
---------------------------------------------------------------------------------------------
                                              0.234982   data required time
                                             -2.223027   data arrival time
---------------------------------------------------------------------------------------------
                                              1.988046   slack (MET)


Startpoint: w21[0] (input port clocked by clk)
Endpoint: _13668_ (rising edge-triggered flip-flop clocked by clk)
Path Group: clk
Path Type: min

Fanout         Cap        Slew       Delay        Time   Description
---------------------------------------------------------------------------------------------
                      0.150000    0.000000    0.000000   clock clk (rise edge)
                                  0.000000    0.000000   clock network delay (ideal)
                                  2.000000    2.000000 v input external delay
    13    0.039043    0.060575    0.042068    2.042068 v w21[0] (in)
                                                         w21[0] (net)
                      0.060575    0.000000    2.042068 v _10217_/B (sky130_fd_sc_hd__nand2_2)
     2    0.006150    0.042453    0.060632    2.102700 ^ _10217_/Y (sky130_fd_sc_hd__nand2_2)
                                                         _02801_ (net)
                      0.042453    0.000000    2.102700 ^ _10219_/B1 (sky130_fd_sc_hd__o21ai_2)
     1    0.001495    0.013062    0.016375    2.119075 v _10219_/Y (sky130_fd_sc_hd__o21ai_2)
                                                         _02804_ (net)
                      0.013062    0.000000    2.119075 v _10220_/B (sky130_fd_sc_hd__and2_2)
     1    0.002059    0.023358    0.103952    2.223027 v _10220_/X (sky130_fd_sc_hd__and2_2)
                                                         _00000_ (net)
                      0.023358    0.000000    2.223027 v _13668_/D (sky130_fd_sc_hd__dfrtp_2)
                                              2.223027   data arrival time

                      0.150000    0.000000    0.000000   clock clk (rise edge)
                                  0.000000    0.000000   clock network delay (ideal)
                                  0.250000    0.250000   clock uncertainty
                                  0.000000    0.250000   clock reconvergence pessimism
                                              0.250000 ^ _13668_/CLK (sky130_fd_sc_hd__dfrtp_2)
                                 -0.015018    0.234982   library hold time
                                              0.234982   data required time
---------------------------------------------------------------------------------------------
                                              0.234982   data required time
                                             -2.223027   data arrival time
---------------------------------------------------------------------------------------------
                                              1.988045   slack (MET)


Startpoint: w11[0] (input port clocked by clk)
Endpoint: _13652_ (rising edge-triggered flip-flop clocked by clk)
Path Group: clk
Path Type: min

Fanout         Cap        Slew       Delay        Time   Description
---------------------------------------------------------------------------------------------
                      0.150000    0.000000    0.000000   clock clk (rise edge)
                                  0.000000    0.000000   clock network delay (ideal)
                                  2.000000    2.000000 v input external delay
    14    0.038063    0.059107    0.040983    2.040983 v w11[0] (in)
                                                         w11[0] (net)
                      0.059107    0.000000    2.040983 v _08533_/D_N (sky130_fd_sc_hd__or4bb_2)
     4    0.018062    0.073796    0.160631    2.201614 ^ _08533_/X (sky130_fd_sc_hd__or4bb_2)
                                                         _01003_ (net)
                      0.073796    0.000000    2.201614 ^ _08562_/A (sky130_fd_sc_hd__xor2_2)
     1    0.002059    0.020128    0.038939    2.240553 v _08562_/X (sky130_fd_sc_hd__xor2_2)
                                                         _00010_ (net)
                      0.020128    0.000000    2.240553 v _13652_/D (sky130_fd_sc_hd__dfrtp_2)
                                              2.240553   data arrival time

                      0.150000    0.000000    0.000000   clock clk (rise edge)
                                  0.000000    0.000000   clock network delay (ideal)
                                  0.250000    0.250000   clock uncertainty
                                  0.000000    0.250000   clock reconvergence pessimism
                                              0.250000 ^ _13652_/CLK (sky130_fd_sc_hd__dfrtp_2)
                                 -0.013982    0.236018   library hold time
                                              0.236018   data required time
---------------------------------------------------------------------------------------------
                                              0.236018   data required time
                                             -2.240553   data arrival time
---------------------------------------------------------------------------------------------
                                              2.004535   slack (MET)


Startpoint: w31[0] (input port clocked by clk)
Endpoint: _13686_ (rising edge-triggered flip-flop clocked by clk)
Path Group: clk
Path Type: min

Fanout         Cap        Slew       Delay        Time   Description
---------------------------------------------------------------------------------------------
                      0.150000    0.000000    0.000000   clock clk (rise edge)
                                  0.000000    0.000000   clock network delay (ideal)
                                  2.000000    2.000000 v input external delay
    13    0.039433    0.061159    0.042500    2.042500 v w31[0] (in)
                                                         w31[0] (net)
                      0.061159    0.000000    2.042500 v _06837_/B (sky130_fd_sc_hd__nand2_2)
     2    0.009951    0.055669    0.070874    2.113374 ^ _06837_/Y (sky130_fd_sc_hd__nand2_2)
                                                         _01562_ (net)
                      0.055669    0.000000    2.113374 ^ _06838_/C (sky130_fd_sc_hd__or3_2)
     2    0.006199    0.032090    0.080099    2.193474 ^ _06838_/X (sky130_fd_sc_hd__or3_2)
                                                         _01573_ (net)
                      0.032090    0.000000    2.193474 ^ _06868_/A (sky130_fd_sc_hd__nor2_2)
     3    0.007093    0.019234    0.026299    2.219772 v _06868_/Y (sky130_fd_sc_hd__nor2_2)
                                                         _01900_ (net)
                      0.019234    0.000000    2.219772 v _06870_/A (sky130_fd_sc_hd__nor2_2)
     1    0.002087    0.038865    0.053731    2.273503 ^ _06870_/Y (sky130_fd_sc_hd__nor2_2)
                                                         _00007_ (net)
                      0.038865    0.000000    2.273503 ^ _13686_/D (sky130_fd_sc_hd__dfrtp_2)
                                              2.273503   data arrival time

                      0.150000    0.000000    0.000000   clock clk (rise edge)
                                  0.000000    0.000000   clock network delay (ideal)
                                  0.250000    0.250000   clock uncertainty
                                  0.000000    0.250000   clock reconvergence pessimism
                                              0.250000 ^ _13686_/CLK (sky130_fd_sc_hd__dfrtp_2)
                                 -0.017172    0.232828   library hold time
                                              0.232828   data required time
---------------------------------------------------------------------------------------------
                                              0.232828   data required time
                                             -2.273503   data arrival time
---------------------------------------------------------------------------------------------
                                              2.040675   slack (MET)


Startpoint: w11[0] (input port clocked by clk)
Endpoint: _13651_ (rising edge-triggered flip-flop clocked by clk)
Path Group: clk
Path Type: min

Fanout         Cap        Slew       Delay        Time   Description
---------------------------------------------------------------------------------------------
                      0.150000    0.000000    0.000000   clock clk (rise edge)
                                  0.000000    0.000000   clock network delay (ideal)
                                  2.000000    2.000000 ^ input external delay
    14    0.041418    0.144455    0.098475    2.098475 ^ w11[0] (in)
                                                         w11[0] (net)
                      0.144455    0.000000    2.098475 ^ _08534_/B2 (sky130_fd_sc_hd__a2bb2o_2)
     1    0.001632    0.018498    0.107212    2.205688 ^ _08534_/X (sky130_fd_sc_hd__a2bb2o_2)
                                                         _01004_ (net)
                      0.018498    0.000000    2.205688 ^ _08535_/B (sky130_fd_sc_hd__and2_2)
     1    0.002087    0.022946    0.072702    2.278390 ^ _08535_/X (sky130_fd_sc_hd__and2_2)
                                                         _00009_ (net)
                      0.022946    0.000000    2.278390 ^ _13651_/D (sky130_fd_sc_hd__dfrtp_2)
                                              2.278390   data arrival time

                      0.150000    0.000000    0.000000   clock clk (rise edge)
                                  0.000000    0.000000   clock network delay (ideal)
                                  0.250000    0.250000   clock uncertainty
                                  0.000000    0.250000   clock reconvergence pessimism
                                              0.250000 ^ _13651_/CLK (sky130_fd_sc_hd__dfrtp_2)
                                 -0.016025    0.233975   library hold time
                                              0.233975   data required time
---------------------------------------------------------------------------------------------
                                              0.233975   data required time
                                             -2.278390   data arrival time
---------------------------------------------------------------------------------------------
                                              2.044415   slack (MET)


Startpoint: _13634_ (rising edge-triggered flip-flop clocked by clk)
Endpoint: y0[0] (output port clocked by clk)
Path Group: clk
Path Type: min

Fanout         Cap        Slew       Delay        Time   Description
---------------------------------------------------------------------------------------------
                      0.150000    0.000000    0.000000   clock clk (rise edge)
                                  0.000000    0.000000   clock network delay (ideal)
                      0.150000    0.000000    0.000000 ^ _13634_/CLK (sky130_fd_sc_hd__dfrtp_2)
     1    0.033442    0.128239    0.317535    0.317535 ^ _13634_/Q (sky130_fd_sc_hd__dfrtp_2)
                                                         y0[0] (net)
                      0.128239    0.000000    0.317535 ^ y0[0] (out)
                                              0.317535   data arrival time

                      0.150000    0.000000    0.000000   clock clk (rise edge)
                                  0.000000    0.000000   clock network delay (ideal)
                                  0.250000    0.250000   clock uncertainty
                                  0.000000    0.250000   clock reconvergence pessimism
                                 -2.000000   -1.750000   output external delay
                                             -1.750000   data required time
---------------------------------------------------------------------------------------------
                                             -1.750000   data required time
                                             -0.317535   data arrival time
---------------------------------------------------------------------------------------------
                                              2.067535   slack (MET)


Startpoint: _13644_ (rising edge-triggered flip-flop clocked by clk)
Endpoint: y0[10] (output port clocked by clk)
Path Group: clk
Path Type: min

Fanout         Cap        Slew       Delay        Time   Description
---------------------------------------------------------------------------------------------
                      0.150000    0.000000    0.000000   clock clk (rise edge)
                                  0.000000    0.000000   clock network delay (ideal)
                      0.150000    0.000000    0.000000 ^ _13644_/CLK (sky130_fd_sc_hd__dfrtp_2)
     1    0.033442    0.128239    0.317535    0.317535 ^ _13644_/Q (sky130_fd_sc_hd__dfrtp_2)
                                                         y0[10] (net)
                      0.128239    0.000000    0.317535 ^ y0[10] (out)
                                              0.317535   data arrival time

                      0.150000    0.000000    0.000000   clock clk (rise edge)
                                  0.000000    0.000000   clock network delay (ideal)
                                  0.250000    0.250000   clock uncertainty
                                  0.000000    0.250000   clock reconvergence pessimism
                                 -2.000000   -1.750000   output external delay
                                             -1.750000   data required time
---------------------------------------------------------------------------------------------
                                             -1.750000   data required time
                                             -0.317535   data arrival time
---------------------------------------------------------------------------------------------
                                              2.067535   slack (MET)


Startpoint: _13645_ (rising edge-triggered flip-flop clocked by clk)
Endpoint: y0[11] (output port clocked by clk)
Path Group: clk
Path Type: min

Fanout         Cap        Slew       Delay        Time   Description
---------------------------------------------------------------------------------------------
                      0.150000    0.000000    0.000000   clock clk (rise edge)
                                  0.000000    0.000000   clock network delay (ideal)
                      0.150000    0.000000    0.000000 ^ _13645_/CLK (sky130_fd_sc_hd__dfrtp_2)
     1    0.033442    0.128239    0.317535    0.317535 ^ _13645_/Q (sky130_fd_sc_hd__dfrtp_2)
                                                         y0[11] (net)
                      0.128239    0.000000    0.317535 ^ y0[11] (out)
                                              0.317535   data arrival time

                      0.150000    0.000000    0.000000   clock clk (rise edge)
                                  0.000000    0.000000   clock network delay (ideal)
                                  0.250000    0.250000   clock uncertainty
                                  0.000000    0.250000   clock reconvergence pessimism
                                 -2.000000   -1.750000   output external delay
                                             -1.750000   data required time
---------------------------------------------------------------------------------------------
                                             -1.750000   data required time
                                             -0.317535   data arrival time
---------------------------------------------------------------------------------------------
                                              2.067535   slack (MET)


Startpoint: _13646_ (rising edge-triggered flip-flop clocked by clk)
Endpoint: y0[12] (output port clocked by clk)
Path Group: clk
Path Type: min

Fanout         Cap        Slew       Delay        Time   Description
---------------------------------------------------------------------------------------------
                      0.150000    0.000000    0.000000   clock clk (rise edge)
                                  0.000000    0.000000   clock network delay (ideal)
                      0.150000    0.000000    0.000000 ^ _13646_/CLK (sky130_fd_sc_hd__dfrtp_2)
     1    0.033442    0.128239    0.317535    0.317535 ^ _13646_/Q (sky130_fd_sc_hd__dfrtp_2)
                                                         y0[12] (net)
                      0.128239    0.000000    0.317535 ^ y0[12] (out)
                                              0.317535   data arrival time

                      0.150000    0.000000    0.000000   clock clk (rise edge)
                                  0.000000    0.000000   clock network delay (ideal)
                                  0.250000    0.250000   clock uncertainty
                                  0.000000    0.250000   clock reconvergence pessimism
                                 -2.000000   -1.750000   output external delay
                                             -1.750000   data required time
---------------------------------------------------------------------------------------------
                                             -1.750000   data required time
                                             -0.317535   data arrival time
---------------------------------------------------------------------------------------------
                                              2.067535   slack (MET)


Startpoint: _13647_ (rising edge-triggered flip-flop clocked by clk)
Endpoint: y0[13] (output port clocked by clk)
Path Group: clk
Path Type: min

Fanout         Cap        Slew       Delay        Time   Description
---------------------------------------------------------------------------------------------
                      0.150000    0.000000    0.000000   clock clk (rise edge)
                                  0.000000    0.000000   clock network delay (ideal)
                      0.150000    0.000000    0.000000 ^ _13647_/CLK (sky130_fd_sc_hd__dfrtp_2)
     1    0.033442    0.128239    0.317535    0.317535 ^ _13647_/Q (sky130_fd_sc_hd__dfrtp_2)
                                                         y0[13] (net)
                      0.128239    0.000000    0.317535 ^ y0[13] (out)
                                              0.317535   data arrival time

                      0.150000    0.000000    0.000000   clock clk (rise edge)
                                  0.000000    0.000000   clock network delay (ideal)
                                  0.250000    0.250000   clock uncertainty
                                  0.000000    0.250000   clock reconvergence pessimism
                                 -2.000000   -1.750000   output external delay
                                             -1.750000   data required time
---------------------------------------------------------------------------------------------
                                             -1.750000   data required time
                                             -0.317535   data arrival time
---------------------------------------------------------------------------------------------
                                              2.067535   slack (MET)


Startpoint: _13648_ (rising edge-triggered flip-flop clocked by clk)
Endpoint: y0[14] (output port clocked by clk)
Path Group: clk
Path Type: min

Fanout         Cap        Slew       Delay        Time   Description
---------------------------------------------------------------------------------------------
                      0.150000    0.000000    0.000000   clock clk (rise edge)
                                  0.000000    0.000000   clock network delay (ideal)
                      0.150000    0.000000    0.000000 ^ _13648_/CLK (sky130_fd_sc_hd__dfrtp_2)
     1    0.033442    0.128239    0.317535    0.317535 ^ _13648_/Q (sky130_fd_sc_hd__dfrtp_2)
                                                         y0[14] (net)
                      0.128239    0.000000    0.317535 ^ y0[14] (out)
                                              0.317535   data arrival time

                      0.150000    0.000000    0.000000   clock clk (rise edge)
                                  0.000000    0.000000   clock network delay (ideal)
                                  0.250000    0.250000   clock uncertainty
                                  0.000000    0.250000   clock reconvergence pessimism
                                 -2.000000   -1.750000   output external delay
                                             -1.750000   data required time
---------------------------------------------------------------------------------------------
                                             -1.750000   data required time
                                             -0.317535   data arrival time
---------------------------------------------------------------------------------------------
                                              2.067535   slack (MET)


Startpoint: _13649_ (rising edge-triggered flip-flop clocked by clk)
Endpoint: y0[15] (output port clocked by clk)
Path Group: clk
Path Type: min

Fanout         Cap        Slew       Delay        Time   Description
---------------------------------------------------------------------------------------------
                      0.150000    0.000000    0.000000   clock clk (rise edge)
                                  0.000000    0.000000   clock network delay (ideal)
                      0.150000    0.000000    0.000000 ^ _13649_/CLK (sky130_fd_sc_hd__dfrtp_2)
     1    0.033442    0.128239    0.317535    0.317535 ^ _13649_/Q (sky130_fd_sc_hd__dfrtp_2)
                                                         y0[15] (net)
                      0.128239    0.000000    0.317535 ^ y0[15] (out)
                                              0.317535   data arrival time

                      0.150000    0.000000    0.000000   clock clk (rise edge)
                                  0.000000    0.000000   clock network delay (ideal)
                                  0.250000    0.250000   clock uncertainty
                                  0.000000    0.250000   clock reconvergence pessimism
                                 -2.000000   -1.750000   output external delay
                                             -1.750000   data required time
---------------------------------------------------------------------------------------------
                                             -1.750000   data required time
                                             -0.317535   data arrival time
---------------------------------------------------------------------------------------------
                                              2.067535   slack (MET)


Startpoint: _13650_ (rising edge-triggered flip-flop clocked by clk)
Endpoint: y0[16] (output port clocked by clk)
Path Group: clk
Path Type: min

Fanout         Cap        Slew       Delay        Time   Description
---------------------------------------------------------------------------------------------
                      0.150000    0.000000    0.000000   clock clk (rise edge)
                                  0.000000    0.000000   clock network delay (ideal)
                      0.150000    0.000000    0.000000 ^ _13650_/CLK (sky130_fd_sc_hd__dfrtp_2)
     1    0.033442    0.128239    0.317535    0.317535 ^ _13650_/Q (sky130_fd_sc_hd__dfrtp_2)
                                                         y0[16] (net)
                      0.128239    0.000000    0.317535 ^ y0[16] (out)
                                              0.317535   data arrival time

                      0.150000    0.000000    0.000000   clock clk (rise edge)
                                  0.000000    0.000000   clock network delay (ideal)
                                  0.250000    0.250000   clock uncertainty
                                  0.000000    0.250000   clock reconvergence pessimism
                                 -2.000000   -1.750000   output external delay
                                             -1.750000   data required time
---------------------------------------------------------------------------------------------
                                             -1.750000   data required time
                                             -0.317535   data arrival time
---------------------------------------------------------------------------------------------
                                              2.067535   slack (MET)


Startpoint: _13635_ (rising edge-triggered flip-flop clocked by clk)
Endpoint: y0[1] (output port clocked by clk)
Path Group: clk
Path Type: min

Fanout         Cap        Slew       Delay        Time   Description
---------------------------------------------------------------------------------------------
                      0.150000    0.000000    0.000000   clock clk (rise edge)
                                  0.000000    0.000000   clock network delay (ideal)
                      0.150000    0.000000    0.000000 ^ _13635_/CLK (sky130_fd_sc_hd__dfrtp_2)
     1    0.033442    0.128239    0.317535    0.317535 ^ _13635_/Q (sky130_fd_sc_hd__dfrtp_2)
                                                         y0[1] (net)
                      0.128239    0.000000    0.317535 ^ y0[1] (out)
                                              0.317535   data arrival time

                      0.150000    0.000000    0.000000   clock clk (rise edge)
                                  0.000000    0.000000   clock network delay (ideal)
                                  0.250000    0.250000   clock uncertainty
                                  0.000000    0.250000   clock reconvergence pessimism
                                 -2.000000   -1.750000   output external delay
                                             -1.750000   data required time
---------------------------------------------------------------------------------------------
                                             -1.750000   data required time
                                             -0.317535   data arrival time
---------------------------------------------------------------------------------------------
                                              2.067535   slack (MET)


Startpoint: _13636_ (rising edge-triggered flip-flop clocked by clk)
Endpoint: y0[2] (output port clocked by clk)
Path Group: clk
Path Type: min

Fanout         Cap        Slew       Delay        Time   Description
---------------------------------------------------------------------------------------------
                      0.150000    0.000000    0.000000   clock clk (rise edge)
                                  0.000000    0.000000   clock network delay (ideal)
                      0.150000    0.000000    0.000000 ^ _13636_/CLK (sky130_fd_sc_hd__dfrtp_2)
     1    0.033442    0.128239    0.317535    0.317535 ^ _13636_/Q (sky130_fd_sc_hd__dfrtp_2)
                                                         y0[2] (net)
                      0.128239    0.000000    0.317535 ^ y0[2] (out)
                                              0.317535   data arrival time

                      0.150000    0.000000    0.000000   clock clk (rise edge)
                                  0.000000    0.000000   clock network delay (ideal)
                                  0.250000    0.250000   clock uncertainty
                                  0.000000    0.250000   clock reconvergence pessimism
                                 -2.000000   -1.750000   output external delay
                                             -1.750000   data required time
---------------------------------------------------------------------------------------------
                                             -1.750000   data required time
                                             -0.317535   data arrival time
---------------------------------------------------------------------------------------------
                                              2.067535   slack (MET)


Startpoint: _13637_ (rising edge-triggered flip-flop clocked by clk)
Endpoint: y0[3] (output port clocked by clk)
Path Group: clk
Path Type: min

Fanout         Cap        Slew       Delay        Time   Description
---------------------------------------------------------------------------------------------
                      0.150000    0.000000    0.000000   clock clk (rise edge)
                                  0.000000    0.000000   clock network delay (ideal)
                      0.150000    0.000000    0.000000 ^ _13637_/CLK (sky130_fd_sc_hd__dfrtp_2)
     1    0.033442    0.128239    0.317535    0.317535 ^ _13637_/Q (sky130_fd_sc_hd__dfrtp_2)
                                                         y0[3] (net)
                      0.128239    0.000000    0.317535 ^ y0[3] (out)
                                              0.317535   data arrival time

                      0.150000    0.000000    0.000000   clock clk (rise edge)
                                  0.000000    0.000000   clock network delay (ideal)
                                  0.250000    0.250000   clock uncertainty
                                  0.000000    0.250000   clock reconvergence pessimism
                                 -2.000000   -1.750000   output external delay
                                             -1.750000   data required time
---------------------------------------------------------------------------------------------
                                             -1.750000   data required time
                                             -0.317535   data arrival time
---------------------------------------------------------------------------------------------
                                              2.067535   slack (MET)


Startpoint: _13638_ (rising edge-triggered flip-flop clocked by clk)
Endpoint: y0[4] (output port clocked by clk)
Path Group: clk
Path Type: min

Fanout         Cap        Slew       Delay        Time   Description
---------------------------------------------------------------------------------------------
                      0.150000    0.000000    0.000000   clock clk (rise edge)
                                  0.000000    0.000000   clock network delay (ideal)
                      0.150000    0.000000    0.000000 ^ _13638_/CLK (sky130_fd_sc_hd__dfrtp_2)
     1    0.033442    0.128239    0.317535    0.317535 ^ _13638_/Q (sky130_fd_sc_hd__dfrtp_2)
                                                         y0[4] (net)
                      0.128239    0.000000    0.317535 ^ y0[4] (out)
                                              0.317535   data arrival time

                      0.150000    0.000000    0.000000   clock clk (rise edge)
                                  0.000000    0.000000   clock network delay (ideal)
                                  0.250000    0.250000   clock uncertainty
                                  0.000000    0.250000   clock reconvergence pessimism
                                 -2.000000   -1.750000   output external delay
                                             -1.750000   data required time
---------------------------------------------------------------------------------------------
                                             -1.750000   data required time
                                             -0.317535   data arrival time
---------------------------------------------------------------------------------------------
                                              2.067535   slack (MET)


Startpoint: _13639_ (rising edge-triggered flip-flop clocked by clk)
Endpoint: y0[5] (output port clocked by clk)
Path Group: clk
Path Type: min

Fanout         Cap        Slew       Delay        Time   Description
---------------------------------------------------------------------------------------------
                      0.150000    0.000000    0.000000   clock clk (rise edge)
                                  0.000000    0.000000   clock network delay (ideal)
                      0.150000    0.000000    0.000000 ^ _13639_/CLK (sky130_fd_sc_hd__dfrtp_2)
     1    0.033442    0.128239    0.317535    0.317535 ^ _13639_/Q (sky130_fd_sc_hd__dfrtp_2)
                                                         y0[5] (net)
                      0.128239    0.000000    0.317535 ^ y0[5] (out)
                                              0.317535   data arrival time

                      0.150000    0.000000    0.000000   clock clk (rise edge)
                                  0.000000    0.000000   clock network delay (ideal)
                                  0.250000    0.250000   clock uncertainty
                                  0.000000    0.250000   clock reconvergence pessimism
                                 -2.000000   -1.750000   output external delay
                                             -1.750000   data required time
---------------------------------------------------------------------------------------------
                                             -1.750000   data required time
                                             -0.317535   data arrival time
---------------------------------------------------------------------------------------------
                                              2.067535   slack (MET)


Startpoint: _13640_ (rising edge-triggered flip-flop clocked by clk)
Endpoint: y0[6] (output port clocked by clk)
Path Group: clk
Path Type: min

Fanout         Cap        Slew       Delay        Time   Description
---------------------------------------------------------------------------------------------
                      0.150000    0.000000    0.000000   clock clk (rise edge)
                                  0.000000    0.000000   clock network delay (ideal)
                      0.150000    0.000000    0.000000 ^ _13640_/CLK (sky130_fd_sc_hd__dfrtp_2)
     1    0.033442    0.128239    0.317535    0.317535 ^ _13640_/Q (sky130_fd_sc_hd__dfrtp_2)
                                                         y0[6] (net)
                      0.128239    0.000000    0.317535 ^ y0[6] (out)
                                              0.317535   data arrival time

                      0.150000    0.000000    0.000000   clock clk (rise edge)
                                  0.000000    0.000000   clock network delay (ideal)
                                  0.250000    0.250000   clock uncertainty
                                  0.000000    0.250000   clock reconvergence pessimism
                                 -2.000000   -1.750000   output external delay
                                             -1.750000   data required time
---------------------------------------------------------------------------------------------
                                             -1.750000   data required time
                                             -0.317535   data arrival time
---------------------------------------------------------------------------------------------
                                              2.067535   slack (MET)


Startpoint: _13641_ (rising edge-triggered flip-flop clocked by clk)
Endpoint: y0[7] (output port clocked by clk)
Path Group: clk
Path Type: min

Fanout         Cap        Slew       Delay        Time   Description
---------------------------------------------------------------------------------------------
                      0.150000    0.000000    0.000000   clock clk (rise edge)
                                  0.000000    0.000000   clock network delay (ideal)
                      0.150000    0.000000    0.000000 ^ _13641_/CLK (sky130_fd_sc_hd__dfrtp_2)
     1    0.033442    0.128239    0.317535    0.317535 ^ _13641_/Q (sky130_fd_sc_hd__dfrtp_2)
                                                         y0[7] (net)
                      0.128239    0.000000    0.317535 ^ y0[7] (out)
                                              0.317535   data arrival time

                      0.150000    0.000000    0.000000   clock clk (rise edge)
                                  0.000000    0.000000   clock network delay (ideal)
                                  0.250000    0.250000   clock uncertainty
                                  0.000000    0.250000   clock reconvergence pessimism
                                 -2.000000   -1.750000   output external delay
                                             -1.750000   data required time
---------------------------------------------------------------------------------------------
                                             -1.750000   data required time
                                             -0.317535   data arrival time
---------------------------------------------------------------------------------------------
                                              2.067535   slack (MET)


Startpoint: _13642_ (rising edge-triggered flip-flop clocked by clk)
Endpoint: y0[8] (output port clocked by clk)
Path Group: clk
Path Type: min

Fanout         Cap        Slew       Delay        Time   Description
---------------------------------------------------------------------------------------------
                      0.150000    0.000000    0.000000   clock clk (rise edge)
                                  0.000000    0.000000   clock network delay (ideal)
                      0.150000    0.000000    0.000000 ^ _13642_/CLK (sky130_fd_sc_hd__dfrtp_2)
     1    0.033442    0.128239    0.317535    0.317535 ^ _13642_/Q (sky130_fd_sc_hd__dfrtp_2)
                                                         y0[8] (net)
                      0.128239    0.000000    0.317535 ^ y0[8] (out)
                                              0.317535   data arrival time

                      0.150000    0.000000    0.000000   clock clk (rise edge)
                                  0.000000    0.000000   clock network delay (ideal)
                                  0.250000    0.250000   clock uncertainty
                                  0.000000    0.250000   clock reconvergence pessimism
                                 -2.000000   -1.750000   output external delay
                                             -1.750000   data required time
---------------------------------------------------------------------------------------------
                                             -1.750000   data required time
                                             -0.317535   data arrival time
---------------------------------------------------------------------------------------------
                                              2.067535   slack (MET)


Startpoint: _13643_ (rising edge-triggered flip-flop clocked by clk)
Endpoint: y0[9] (output port clocked by clk)
Path Group: clk
Path Type: min

Fanout         Cap        Slew       Delay        Time   Description
---------------------------------------------------------------------------------------------
                      0.150000    0.000000    0.000000   clock clk (rise edge)
                                  0.000000    0.000000   clock network delay (ideal)
                      0.150000    0.000000    0.000000 ^ _13643_/CLK (sky130_fd_sc_hd__dfrtp_2)
     1    0.033442    0.128239    0.317535    0.317535 ^ _13643_/Q (sky130_fd_sc_hd__dfrtp_2)
                                                         y0[9] (net)
                      0.128239    0.000000    0.317535 ^ y0[9] (out)
                                              0.317535   data arrival time

                      0.150000    0.000000    0.000000   clock clk (rise edge)
                                  0.000000    0.000000   clock network delay (ideal)
                                  0.250000    0.250000   clock uncertainty
                                  0.000000    0.250000   clock reconvergence pessimism
                                 -2.000000   -1.750000   output external delay
                                             -1.750000   data required time
---------------------------------------------------------------------------------------------
                                             -1.750000   data required time
                                             -0.317535   data arrival time
---------------------------------------------------------------------------------------------
                                              2.067535   slack (MET)


Startpoint: _13651_ (rising edge-triggered flip-flop clocked by clk)
Endpoint: y1[0] (output port clocked by clk)
Path Group: clk
Path Type: min

Fanout         Cap        Slew       Delay        Time   Description
---------------------------------------------------------------------------------------------
                      0.150000    0.000000    0.000000   clock clk (rise edge)
                                  0.000000    0.000000   clock network delay (ideal)
                      0.150000    0.000000    0.000000 ^ _13651_/CLK (sky130_fd_sc_hd__dfrtp_2)
     1    0.033442    0.128239    0.317535    0.317535 ^ _13651_/Q (sky130_fd_sc_hd__dfrtp_2)
                                                         y1[0] (net)
                      0.128239    0.000000    0.317535 ^ y1[0] (out)
                                              0.317535   data arrival time

                      0.150000    0.000000    0.000000   clock clk (rise edge)
                                  0.000000    0.000000   clock network delay (ideal)
                                  0.250000    0.250000   clock uncertainty
                                  0.000000    0.250000   clock reconvergence pessimism
                                 -2.000000   -1.750000   output external delay
                                             -1.750000   data required time
---------------------------------------------------------------------------------------------
                                             -1.750000   data required time
                                             -0.317535   data arrival time
---------------------------------------------------------------------------------------------
                                              2.067535   slack (MET)


Startpoint: _13661_ (rising edge-triggered flip-flop clocked by clk)
Endpoint: y1[10] (output port clocked by clk)
Path Group: clk
Path Type: min

Fanout         Cap        Slew       Delay        Time   Description
---------------------------------------------------------------------------------------------
                      0.150000    0.000000    0.000000   clock clk (rise edge)
                                  0.000000    0.000000   clock network delay (ideal)
                      0.150000    0.000000    0.000000 ^ _13661_/CLK (sky130_fd_sc_hd__dfrtp_2)
     1    0.033442    0.128239    0.317535    0.317535 ^ _13661_/Q (sky130_fd_sc_hd__dfrtp_2)
                                                         y1[10] (net)
                      0.128239    0.000000    0.317535 ^ y1[10] (out)
                                              0.317535   data arrival time

                      0.150000    0.000000    0.000000   clock clk (rise edge)
                                  0.000000    0.000000   clock network delay (ideal)
                                  0.250000    0.250000   clock uncertainty
                                  0.000000    0.250000   clock reconvergence pessimism
                                 -2.000000   -1.750000   output external delay
                                             -1.750000   data required time
---------------------------------------------------------------------------------------------
                                             -1.750000   data required time
                                             -0.317535   data arrival time
---------------------------------------------------------------------------------------------
                                              2.067535   slack (MET)


Startpoint: _13662_ (rising edge-triggered flip-flop clocked by clk)
Endpoint: y1[11] (output port clocked by clk)
Path Group: clk
Path Type: min

Fanout         Cap        Slew       Delay        Time   Description
---------------------------------------------------------------------------------------------
                      0.150000    0.000000    0.000000   clock clk (rise edge)
                                  0.000000    0.000000   clock network delay (ideal)
                      0.150000    0.000000    0.000000 ^ _13662_/CLK (sky130_fd_sc_hd__dfrtp_2)
     1    0.033442    0.128239    0.317535    0.317535 ^ _13662_/Q (sky130_fd_sc_hd__dfrtp_2)
                                                         y1[11] (net)
                      0.128239    0.000000    0.317535 ^ y1[11] (out)
                                              0.317535   data arrival time

                      0.150000    0.000000    0.000000   clock clk (rise edge)
                                  0.000000    0.000000   clock network delay (ideal)
                                  0.250000    0.250000   clock uncertainty
                                  0.000000    0.250000   clock reconvergence pessimism
                                 -2.000000   -1.750000   output external delay
                                             -1.750000   data required time
---------------------------------------------------------------------------------------------
                                             -1.750000   data required time
                                             -0.317535   data arrival time
---------------------------------------------------------------------------------------------
                                              2.067535   slack (MET)


Startpoint: _13663_ (rising edge-triggered flip-flop clocked by clk)
Endpoint: y1[12] (output port clocked by clk)
Path Group: clk
Path Type: min

Fanout         Cap        Slew       Delay        Time   Description
---------------------------------------------------------------------------------------------
                      0.150000    0.000000    0.000000   clock clk (rise edge)
                                  0.000000    0.000000   clock network delay (ideal)
                      0.150000    0.000000    0.000000 ^ _13663_/CLK (sky130_fd_sc_hd__dfrtp_2)
     1    0.033442    0.128239    0.317535    0.317535 ^ _13663_/Q (sky130_fd_sc_hd__dfrtp_2)
                                                         y1[12] (net)
                      0.128239    0.000000    0.317535 ^ y1[12] (out)
                                              0.317535   data arrival time

                      0.150000    0.000000    0.000000   clock clk (rise edge)
                                  0.000000    0.000000   clock network delay (ideal)
                                  0.250000    0.250000   clock uncertainty
                                  0.000000    0.250000   clock reconvergence pessimism
                                 -2.000000   -1.750000   output external delay
                                             -1.750000   data required time
---------------------------------------------------------------------------------------------
                                             -1.750000   data required time
                                             -0.317535   data arrival time
---------------------------------------------------------------------------------------------
                                              2.067535   slack (MET)


Startpoint: _13664_ (rising edge-triggered flip-flop clocked by clk)
Endpoint: y1[13] (output port clocked by clk)
Path Group: clk
Path Type: min

Fanout         Cap        Slew       Delay        Time   Description
---------------------------------------------------------------------------------------------
                      0.150000    0.000000    0.000000   clock clk (rise edge)
                                  0.000000    0.000000   clock network delay (ideal)
                      0.150000    0.000000    0.000000 ^ _13664_/CLK (sky130_fd_sc_hd__dfrtp_2)
     1    0.033442    0.128239    0.317535    0.317535 ^ _13664_/Q (sky130_fd_sc_hd__dfrtp_2)
                                                         y1[13] (net)
                      0.128239    0.000000    0.317535 ^ y1[13] (out)
                                              0.317535   data arrival time

                      0.150000    0.000000    0.000000   clock clk (rise edge)
                                  0.000000    0.000000   clock network delay (ideal)
                                  0.250000    0.250000   clock uncertainty
                                  0.000000    0.250000   clock reconvergence pessimism
                                 -2.000000   -1.750000   output external delay
                                             -1.750000   data required time
---------------------------------------------------------------------------------------------
                                             -1.750000   data required time
                                             -0.317535   data arrival time
---------------------------------------------------------------------------------------------
                                              2.067535   slack (MET)


Startpoint: _13665_ (rising edge-triggered flip-flop clocked by clk)
Endpoint: y1[14] (output port clocked by clk)
Path Group: clk
Path Type: min

Fanout         Cap        Slew       Delay        Time   Description
---------------------------------------------------------------------------------------------
                      0.150000    0.000000    0.000000   clock clk (rise edge)
                                  0.000000    0.000000   clock network delay (ideal)
                      0.150000    0.000000    0.000000 ^ _13665_/CLK (sky130_fd_sc_hd__dfrtp_2)
     1    0.033442    0.128239    0.317535    0.317535 ^ _13665_/Q (sky130_fd_sc_hd__dfrtp_2)
                                                         y1[14] (net)
                      0.128239    0.000000    0.317535 ^ y1[14] (out)
                                              0.317535   data arrival time

                      0.150000    0.000000    0.000000   clock clk (rise edge)
                                  0.000000    0.000000   clock network delay (ideal)
                                  0.250000    0.250000   clock uncertainty
                                  0.000000    0.250000   clock reconvergence pessimism
                                 -2.000000   -1.750000   output external delay
                                             -1.750000   data required time
---------------------------------------------------------------------------------------------
                                             -1.750000   data required time
                                             -0.317535   data arrival time
---------------------------------------------------------------------------------------------
                                              2.067535   slack (MET)


Startpoint: _13666_ (rising edge-triggered flip-flop clocked by clk)
Endpoint: y1[15] (output port clocked by clk)
Path Group: clk
Path Type: min

Fanout         Cap        Slew       Delay        Time   Description
---------------------------------------------------------------------------------------------
                      0.150000    0.000000    0.000000   clock clk (rise edge)
                                  0.000000    0.000000   clock network delay (ideal)
                      0.150000    0.000000    0.000000 ^ _13666_/CLK (sky130_fd_sc_hd__dfrtp_2)
     1    0.033442    0.128239    0.317535    0.317535 ^ _13666_/Q (sky130_fd_sc_hd__dfrtp_2)
                                                         y1[15] (net)
                      0.128239    0.000000    0.317535 ^ y1[15] (out)
                                              0.317535   data arrival time

                      0.150000    0.000000    0.000000   clock clk (rise edge)
                                  0.000000    0.000000   clock network delay (ideal)
                                  0.250000    0.250000   clock uncertainty
                                  0.000000    0.250000   clock reconvergence pessimism
                                 -2.000000   -1.750000   output external delay
                                             -1.750000   data required time
---------------------------------------------------------------------------------------------
                                             -1.750000   data required time
                                             -0.317535   data arrival time
---------------------------------------------------------------------------------------------
                                              2.067535   slack (MET)


Startpoint: _13667_ (rising edge-triggered flip-flop clocked by clk)
Endpoint: y1[16] (output port clocked by clk)
Path Group: clk
Path Type: min

Fanout         Cap        Slew       Delay        Time   Description
---------------------------------------------------------------------------------------------
                      0.150000    0.000000    0.000000   clock clk (rise edge)
                                  0.000000    0.000000   clock network delay (ideal)
                      0.150000    0.000000    0.000000 ^ _13667_/CLK (sky130_fd_sc_hd__dfrtp_2)
     1    0.033442    0.128239    0.317535    0.317535 ^ _13667_/Q (sky130_fd_sc_hd__dfrtp_2)
                                                         y1[16] (net)
                      0.128239    0.000000    0.317535 ^ y1[16] (out)
                                              0.317535   data arrival time

                      0.150000    0.000000    0.000000   clock clk (rise edge)
                                  0.000000    0.000000   clock network delay (ideal)
                                  0.250000    0.250000   clock uncertainty
                                  0.000000    0.250000   clock reconvergence pessimism
                                 -2.000000   -1.750000   output external delay
                                             -1.750000   data required time
---------------------------------------------------------------------------------------------
                                             -1.750000   data required time
                                             -0.317535   data arrival time
---------------------------------------------------------------------------------------------
                                              2.067535   slack (MET)


Startpoint: _13652_ (rising edge-triggered flip-flop clocked by clk)
Endpoint: y1[1] (output port clocked by clk)
Path Group: clk
Path Type: min

Fanout         Cap        Slew       Delay        Time   Description
---------------------------------------------------------------------------------------------
                      0.150000    0.000000    0.000000   clock clk (rise edge)
                                  0.000000    0.000000   clock network delay (ideal)
                      0.150000    0.000000    0.000000 ^ _13652_/CLK (sky130_fd_sc_hd__dfrtp_2)
     1    0.033442    0.128239    0.317535    0.317535 ^ _13652_/Q (sky130_fd_sc_hd__dfrtp_2)
                                                         y1[1] (net)
                      0.128239    0.000000    0.317535 ^ y1[1] (out)
                                              0.317535   data arrival time

                      0.150000    0.000000    0.000000   clock clk (rise edge)
                                  0.000000    0.000000   clock network delay (ideal)
                                  0.250000    0.250000   clock uncertainty
                                  0.000000    0.250000   clock reconvergence pessimism
                                 -2.000000   -1.750000   output external delay
                                             -1.750000   data required time
---------------------------------------------------------------------------------------------
                                             -1.750000   data required time
                                             -0.317535   data arrival time
---------------------------------------------------------------------------------------------
                                              2.067535   slack (MET)


Startpoint: _13653_ (rising edge-triggered flip-flop clocked by clk)
Endpoint: y1[2] (output port clocked by clk)
Path Group: clk
Path Type: min

Fanout         Cap        Slew       Delay        Time   Description
---------------------------------------------------------------------------------------------
                      0.150000    0.000000    0.000000   clock clk (rise edge)
                                  0.000000    0.000000   clock network delay (ideal)
                      0.150000    0.000000    0.000000 ^ _13653_/CLK (sky130_fd_sc_hd__dfrtp_2)
     1    0.033442    0.128239    0.317535    0.317535 ^ _13653_/Q (sky130_fd_sc_hd__dfrtp_2)
                                                         y1[2] (net)
                      0.128239    0.000000    0.317535 ^ y1[2] (out)
                                              0.317535   data arrival time

                      0.150000    0.000000    0.000000   clock clk (rise edge)
                                  0.000000    0.000000   clock network delay (ideal)
                                  0.250000    0.250000   clock uncertainty
                                  0.000000    0.250000   clock reconvergence pessimism
                                 -2.000000   -1.750000   output external delay
                                             -1.750000   data required time
---------------------------------------------------------------------------------------------
                                             -1.750000   data required time
                                             -0.317535   data arrival time
---------------------------------------------------------------------------------------------
                                              2.067535   slack (MET)


Startpoint: _13654_ (rising edge-triggered flip-flop clocked by clk)
Endpoint: y1[3] (output port clocked by clk)
Path Group: clk
Path Type: min

Fanout         Cap        Slew       Delay        Time   Description
---------------------------------------------------------------------------------------------
                      0.150000    0.000000    0.000000   clock clk (rise edge)
                                  0.000000    0.000000   clock network delay (ideal)
                      0.150000    0.000000    0.000000 ^ _13654_/CLK (sky130_fd_sc_hd__dfrtp_2)
     1    0.033442    0.128239    0.317535    0.317535 ^ _13654_/Q (sky130_fd_sc_hd__dfrtp_2)
                                                         y1[3] (net)
                      0.128239    0.000000    0.317535 ^ y1[3] (out)
                                              0.317535   data arrival time

                      0.150000    0.000000    0.000000   clock clk (rise edge)
                                  0.000000    0.000000   clock network delay (ideal)
                                  0.250000    0.250000   clock uncertainty
                                  0.000000    0.250000   clock reconvergence pessimism
                                 -2.000000   -1.750000   output external delay
                                             -1.750000   data required time
---------------------------------------------------------------------------------------------
                                             -1.750000   data required time
                                             -0.317535   data arrival time
---------------------------------------------------------------------------------------------
                                              2.067535   slack (MET)


Startpoint: _13655_ (rising edge-triggered flip-flop clocked by clk)
Endpoint: y1[4] (output port clocked by clk)
Path Group: clk
Path Type: min

Fanout         Cap        Slew       Delay        Time   Description
---------------------------------------------------------------------------------------------
                      0.150000    0.000000    0.000000   clock clk (rise edge)
                                  0.000000    0.000000   clock network delay (ideal)
                      0.150000    0.000000    0.000000 ^ _13655_/CLK (sky130_fd_sc_hd__dfrtp_2)
     1    0.033442    0.128239    0.317535    0.317535 ^ _13655_/Q (sky130_fd_sc_hd__dfrtp_2)
                                                         y1[4] (net)
                      0.128239    0.000000    0.317535 ^ y1[4] (out)
                                              0.317535   data arrival time

                      0.150000    0.000000    0.000000   clock clk (rise edge)
                                  0.000000    0.000000   clock network delay (ideal)
                                  0.250000    0.250000   clock uncertainty
                                  0.000000    0.250000   clock reconvergence pessimism
                                 -2.000000   -1.750000   output external delay
                                             -1.750000   data required time
---------------------------------------------------------------------------------------------
                                             -1.750000   data required time
                                             -0.317535   data arrival time
---------------------------------------------------------------------------------------------
                                              2.067535   slack (MET)


Startpoint: _13656_ (rising edge-triggered flip-flop clocked by clk)
Endpoint: y1[5] (output port clocked by clk)
Path Group: clk
Path Type: min

Fanout         Cap        Slew       Delay        Time   Description
---------------------------------------------------------------------------------------------
                      0.150000    0.000000    0.000000   clock clk (rise edge)
                                  0.000000    0.000000   clock network delay (ideal)
                      0.150000    0.000000    0.000000 ^ _13656_/CLK (sky130_fd_sc_hd__dfrtp_2)
     1    0.033442    0.128239    0.317535    0.317535 ^ _13656_/Q (sky130_fd_sc_hd__dfrtp_2)
                                                         y1[5] (net)
                      0.128239    0.000000    0.317535 ^ y1[5] (out)
                                              0.317535   data arrival time

                      0.150000    0.000000    0.000000   clock clk (rise edge)
                                  0.000000    0.000000   clock network delay (ideal)
                                  0.250000    0.250000   clock uncertainty
                                  0.000000    0.250000   clock reconvergence pessimism
                                 -2.000000   -1.750000   output external delay
                                             -1.750000   data required time
---------------------------------------------------------------------------------------------
                                             -1.750000   data required time
                                             -0.317535   data arrival time
---------------------------------------------------------------------------------------------
                                              2.067535   slack (MET)


Startpoint: _13657_ (rising edge-triggered flip-flop clocked by clk)
Endpoint: y1[6] (output port clocked by clk)
Path Group: clk
Path Type: min

Fanout         Cap        Slew       Delay        Time   Description
---------------------------------------------------------------------------------------------
                      0.150000    0.000000    0.000000   clock clk (rise edge)
                                  0.000000    0.000000   clock network delay (ideal)
                      0.150000    0.000000    0.000000 ^ _13657_/CLK (sky130_fd_sc_hd__dfrtp_2)
     1    0.033442    0.128239    0.317535    0.317535 ^ _13657_/Q (sky130_fd_sc_hd__dfrtp_2)
                                                         y1[6] (net)
                      0.128239    0.000000    0.317535 ^ y1[6] (out)
                                              0.317535   data arrival time

                      0.150000    0.000000    0.000000   clock clk (rise edge)
                                  0.000000    0.000000   clock network delay (ideal)
                                  0.250000    0.250000   clock uncertainty
                                  0.000000    0.250000   clock reconvergence pessimism
                                 -2.000000   -1.750000   output external delay
                                             -1.750000   data required time
---------------------------------------------------------------------------------------------
                                             -1.750000   data required time
                                             -0.317535   data arrival time
---------------------------------------------------------------------------------------------
                                              2.067535   slack (MET)


Startpoint: _13658_ (rising edge-triggered flip-flop clocked by clk)
Endpoint: y1[7] (output port clocked by clk)
Path Group: clk
Path Type: min

Fanout         Cap        Slew       Delay        Time   Description
---------------------------------------------------------------------------------------------
                      0.150000    0.000000    0.000000   clock clk (rise edge)
                                  0.000000    0.000000   clock network delay (ideal)
                      0.150000    0.000000    0.000000 ^ _13658_/CLK (sky130_fd_sc_hd__dfrtp_2)
     1    0.033442    0.128239    0.317535    0.317535 ^ _13658_/Q (sky130_fd_sc_hd__dfrtp_2)
                                                         y1[7] (net)
                      0.128239    0.000000    0.317535 ^ y1[7] (out)
                                              0.317535   data arrival time

                      0.150000    0.000000    0.000000   clock clk (rise edge)
                                  0.000000    0.000000   clock network delay (ideal)
                                  0.250000    0.250000   clock uncertainty
                                  0.000000    0.250000   clock reconvergence pessimism
                                 -2.000000   -1.750000   output external delay
                                             -1.750000   data required time
---------------------------------------------------------------------------------------------
                                             -1.750000   data required time
                                             -0.317535   data arrival time
---------------------------------------------------------------------------------------------
                                              2.067535   slack (MET)


Startpoint: _13659_ (rising edge-triggered flip-flop clocked by clk)
Endpoint: y1[8] (output port clocked by clk)
Path Group: clk
Path Type: min

Fanout         Cap        Slew       Delay        Time   Description
---------------------------------------------------------------------------------------------
                      0.150000    0.000000    0.000000   clock clk (rise edge)
                                  0.000000    0.000000   clock network delay (ideal)
                      0.150000    0.000000    0.000000 ^ _13659_/CLK (sky130_fd_sc_hd__dfrtp_2)
     1    0.033442    0.128239    0.317535    0.317535 ^ _13659_/Q (sky130_fd_sc_hd__dfrtp_2)
                                                         y1[8] (net)
                      0.128239    0.000000    0.317535 ^ y1[8] (out)
                                              0.317535   data arrival time

                      0.150000    0.000000    0.000000   clock clk (rise edge)
                                  0.000000    0.000000   clock network delay (ideal)
                                  0.250000    0.250000   clock uncertainty
                                  0.000000    0.250000   clock reconvergence pessimism
                                 -2.000000   -1.750000   output external delay
                                             -1.750000   data required time
---------------------------------------------------------------------------------------------
                                             -1.750000   data required time
                                             -0.317535   data arrival time
---------------------------------------------------------------------------------------------
                                              2.067535   slack (MET)


Startpoint: _13660_ (rising edge-triggered flip-flop clocked by clk)
Endpoint: y1[9] (output port clocked by clk)
Path Group: clk
Path Type: min

Fanout         Cap        Slew       Delay        Time   Description
---------------------------------------------------------------------------------------------
                      0.150000    0.000000    0.000000   clock clk (rise edge)
                                  0.000000    0.000000   clock network delay (ideal)
                      0.150000    0.000000    0.000000 ^ _13660_/CLK (sky130_fd_sc_hd__dfrtp_2)
     1    0.033442    0.128239    0.317535    0.317535 ^ _13660_/Q (sky130_fd_sc_hd__dfrtp_2)
                                                         y1[9] (net)
                      0.128239    0.000000    0.317535 ^ y1[9] (out)
                                              0.317535   data arrival time

                      0.150000    0.000000    0.000000   clock clk (rise edge)
                                  0.000000    0.000000   clock network delay (ideal)
                                  0.250000    0.250000   clock uncertainty
                                  0.000000    0.250000   clock reconvergence pessimism
                                 -2.000000   -1.750000   output external delay
                                             -1.750000   data required time
---------------------------------------------------------------------------------------------
                                             -1.750000   data required time
                                             -0.317535   data arrival time
---------------------------------------------------------------------------------------------
                                              2.067535   slack (MET)


Startpoint: _13668_ (rising edge-triggered flip-flop clocked by clk)
Endpoint: y2[0] (output port clocked by clk)
Path Group: clk
Path Type: min

Fanout         Cap        Slew       Delay        Time   Description
---------------------------------------------------------------------------------------------
                      0.150000    0.000000    0.000000   clock clk (rise edge)
                                  0.000000    0.000000   clock network delay (ideal)
                      0.150000    0.000000    0.000000 ^ _13668_/CLK (sky130_fd_sc_hd__dfrtp_2)
     1    0.033442    0.128239    0.317535    0.317535 ^ _13668_/Q (sky130_fd_sc_hd__dfrtp_2)
                                                         y2[0] (net)
                      0.128239    0.000000    0.317535 ^ y2[0] (out)
                                              0.317535   data arrival time

                      0.150000    0.000000    0.000000   clock clk (rise edge)
                                  0.000000    0.000000   clock network delay (ideal)
                                  0.250000    0.250000   clock uncertainty
                                  0.000000    0.250000   clock reconvergence pessimism
                                 -2.000000   -1.750000   output external delay
                                             -1.750000   data required time
---------------------------------------------------------------------------------------------
                                             -1.750000   data required time
                                             -0.317535   data arrival time
---------------------------------------------------------------------------------------------
                                              2.067535   slack (MET)


Startpoint: _13678_ (rising edge-triggered flip-flop clocked by clk)
Endpoint: y2[10] (output port clocked by clk)
Path Group: clk
Path Type: min

Fanout         Cap        Slew       Delay        Time   Description
---------------------------------------------------------------------------------------------
                      0.150000    0.000000    0.000000   clock clk (rise edge)
                                  0.000000    0.000000   clock network delay (ideal)
                      0.150000    0.000000    0.000000 ^ _13678_/CLK (sky130_fd_sc_hd__dfrtp_2)
     1    0.033442    0.128239    0.317535    0.317535 ^ _13678_/Q (sky130_fd_sc_hd__dfrtp_2)
                                                         y2[10] (net)
                      0.128239    0.000000    0.317535 ^ y2[10] (out)
                                              0.317535   data arrival time

                      0.150000    0.000000    0.000000   clock clk (rise edge)
                                  0.000000    0.000000   clock network delay (ideal)
                                  0.250000    0.250000   clock uncertainty
                                  0.000000    0.250000   clock reconvergence pessimism
                                 -2.000000   -1.750000   output external delay
                                             -1.750000   data required time
---------------------------------------------------------------------------------------------
                                             -1.750000   data required time
                                             -0.317535   data arrival time
---------------------------------------------------------------------------------------------
                                              2.067535   slack (MET)


Startpoint: _13679_ (rising edge-triggered flip-flop clocked by clk)
Endpoint: y2[11] (output port clocked by clk)
Path Group: clk
Path Type: min

Fanout         Cap        Slew       Delay        Time   Description
---------------------------------------------------------------------------------------------
                      0.150000    0.000000    0.000000   clock clk (rise edge)
                                  0.000000    0.000000   clock network delay (ideal)
                      0.150000    0.000000    0.000000 ^ _13679_/CLK (sky130_fd_sc_hd__dfrtp_2)
     1    0.033442    0.128239    0.317535    0.317535 ^ _13679_/Q (sky130_fd_sc_hd__dfrtp_2)
                                                         y2[11] (net)
                      0.128239    0.000000    0.317535 ^ y2[11] (out)
                                              0.317535   data arrival time

                      0.150000    0.000000    0.000000   clock clk (rise edge)
                                  0.000000    0.000000   clock network delay (ideal)
                                  0.250000    0.250000   clock uncertainty
                                  0.000000    0.250000   clock reconvergence pessimism
                                 -2.000000   -1.750000   output external delay
                                             -1.750000   data required time
---------------------------------------------------------------------------------------------
                                             -1.750000   data required time
                                             -0.317535   data arrival time
---------------------------------------------------------------------------------------------
                                              2.067535   slack (MET)


Startpoint: _13680_ (rising edge-triggered flip-flop clocked by clk)
Endpoint: y2[12] (output port clocked by clk)
Path Group: clk
Path Type: min

Fanout         Cap        Slew       Delay        Time   Description
---------------------------------------------------------------------------------------------
                      0.150000    0.000000    0.000000   clock clk (rise edge)
                                  0.000000    0.000000   clock network delay (ideal)
                      0.150000    0.000000    0.000000 ^ _13680_/CLK (sky130_fd_sc_hd__dfrtp_2)
     1    0.033442    0.128239    0.317535    0.317535 ^ _13680_/Q (sky130_fd_sc_hd__dfrtp_2)
                                                         y2[12] (net)
                      0.128239    0.000000    0.317535 ^ y2[12] (out)
                                              0.317535   data arrival time

                      0.150000    0.000000    0.000000   clock clk (rise edge)
                                  0.000000    0.000000   clock network delay (ideal)
                                  0.250000    0.250000   clock uncertainty
                                  0.000000    0.250000   clock reconvergence pessimism
                                 -2.000000   -1.750000   output external delay
                                             -1.750000   data required time
---------------------------------------------------------------------------------------------
                                             -1.750000   data required time
                                             -0.317535   data arrival time
---------------------------------------------------------------------------------------------
                                              2.067535   slack (MET)


Startpoint: _13681_ (rising edge-triggered flip-flop clocked by clk)
Endpoint: y2[13] (output port clocked by clk)
Path Group: clk
Path Type: min

Fanout         Cap        Slew       Delay        Time   Description
---------------------------------------------------------------------------------------------
                      0.150000    0.000000    0.000000   clock clk (rise edge)
                                  0.000000    0.000000   clock network delay (ideal)
                      0.150000    0.000000    0.000000 ^ _13681_/CLK (sky130_fd_sc_hd__dfrtp_2)
     1    0.033442    0.128239    0.317535    0.317535 ^ _13681_/Q (sky130_fd_sc_hd__dfrtp_2)
                                                         y2[13] (net)
                      0.128239    0.000000    0.317535 ^ y2[13] (out)
                                              0.317535   data arrival time

                      0.150000    0.000000    0.000000   clock clk (rise edge)
                                  0.000000    0.000000   clock network delay (ideal)
                                  0.250000    0.250000   clock uncertainty
                                  0.000000    0.250000   clock reconvergence pessimism
                                 -2.000000   -1.750000   output external delay
                                             -1.750000   data required time
---------------------------------------------------------------------------------------------
                                             -1.750000   data required time
                                             -0.317535   data arrival time
---------------------------------------------------------------------------------------------
                                              2.067535   slack (MET)


Startpoint: _13682_ (rising edge-triggered flip-flop clocked by clk)
Endpoint: y2[14] (output port clocked by clk)
Path Group: clk
Path Type: min

Fanout         Cap        Slew       Delay        Time   Description
---------------------------------------------------------------------------------------------
                      0.150000    0.000000    0.000000   clock clk (rise edge)
                                  0.000000    0.000000   clock network delay (ideal)
                      0.150000    0.000000    0.000000 ^ _13682_/CLK (sky130_fd_sc_hd__dfrtp_2)
     1    0.033442    0.128239    0.317535    0.317535 ^ _13682_/Q (sky130_fd_sc_hd__dfrtp_2)
                                                         y2[14] (net)
                      0.128239    0.000000    0.317535 ^ y2[14] (out)
                                              0.317535   data arrival time

                      0.150000    0.000000    0.000000   clock clk (rise edge)
                                  0.000000    0.000000   clock network delay (ideal)
                                  0.250000    0.250000   clock uncertainty
                                  0.000000    0.250000   clock reconvergence pessimism
                                 -2.000000   -1.750000   output external delay
                                             -1.750000   data required time
---------------------------------------------------------------------------------------------
                                             -1.750000   data required time
                                             -0.317535   data arrival time
---------------------------------------------------------------------------------------------
                                              2.067535   slack (MET)


Startpoint: _13683_ (rising edge-triggered flip-flop clocked by clk)
Endpoint: y2[15] (output port clocked by clk)
Path Group: clk
Path Type: min

Fanout         Cap        Slew       Delay        Time   Description
---------------------------------------------------------------------------------------------
                      0.150000    0.000000    0.000000   clock clk (rise edge)
                                  0.000000    0.000000   clock network delay (ideal)
                      0.150000    0.000000    0.000000 ^ _13683_/CLK (sky130_fd_sc_hd__dfrtp_2)
     1    0.033442    0.128239    0.317535    0.317535 ^ _13683_/Q (sky130_fd_sc_hd__dfrtp_2)
                                                         y2[15] (net)
                      0.128239    0.000000    0.317535 ^ y2[15] (out)
                                              0.317535   data arrival time

                      0.150000    0.000000    0.000000   clock clk (rise edge)
                                  0.000000    0.000000   clock network delay (ideal)
                                  0.250000    0.250000   clock uncertainty
                                  0.000000    0.250000   clock reconvergence pessimism
                                 -2.000000   -1.750000   output external delay
                                             -1.750000   data required time
---------------------------------------------------------------------------------------------
                                             -1.750000   data required time
                                             -0.317535   data arrival time
---------------------------------------------------------------------------------------------
                                              2.067535   slack (MET)


Startpoint: _13684_ (rising edge-triggered flip-flop clocked by clk)
Endpoint: y2[16] (output port clocked by clk)
Path Group: clk
Path Type: min

Fanout         Cap        Slew       Delay        Time   Description
---------------------------------------------------------------------------------------------
                      0.150000    0.000000    0.000000   clock clk (rise edge)
                                  0.000000    0.000000   clock network delay (ideal)
                      0.150000    0.000000    0.000000 ^ _13684_/CLK (sky130_fd_sc_hd__dfrtp_2)
     1    0.033442    0.128239    0.317535    0.317535 ^ _13684_/Q (sky130_fd_sc_hd__dfrtp_2)
                                                         y2[16] (net)
                      0.128239    0.000000    0.317535 ^ y2[16] (out)
                                              0.317535   data arrival time

                      0.150000    0.000000    0.000000   clock clk (rise edge)
                                  0.000000    0.000000   clock network delay (ideal)
                                  0.250000    0.250000   clock uncertainty
                                  0.000000    0.250000   clock reconvergence pessimism
                                 -2.000000   -1.750000   output external delay
                                             -1.750000   data required time
---------------------------------------------------------------------------------------------
                                             -1.750000   data required time
                                             -0.317535   data arrival time
---------------------------------------------------------------------------------------------
                                              2.067535   slack (MET)


Startpoint: _13669_ (rising edge-triggered flip-flop clocked by clk)
Endpoint: y2[1] (output port clocked by clk)
Path Group: clk
Path Type: min

Fanout         Cap        Slew       Delay        Time   Description
---------------------------------------------------------------------------------------------
                      0.150000    0.000000    0.000000   clock clk (rise edge)
                                  0.000000    0.000000   clock network delay (ideal)
                      0.150000    0.000000    0.000000 ^ _13669_/CLK (sky130_fd_sc_hd__dfrtp_2)
     1    0.033442    0.128239    0.317535    0.317535 ^ _13669_/Q (sky130_fd_sc_hd__dfrtp_2)
                                                         y2[1] (net)
                      0.128239    0.000000    0.317535 ^ y2[1] (out)
                                              0.317535   data arrival time

                      0.150000    0.000000    0.000000   clock clk (rise edge)
                                  0.000000    0.000000   clock network delay (ideal)
                                  0.250000    0.250000   clock uncertainty
                                  0.000000    0.250000   clock reconvergence pessimism
                                 -2.000000   -1.750000   output external delay
                                             -1.750000   data required time
---------------------------------------------------------------------------------------------
                                             -1.750000   data required time
                                             -0.317535   data arrival time
---------------------------------------------------------------------------------------------
                                              2.067535   slack (MET)


Startpoint: _13670_ (rising edge-triggered flip-flop clocked by clk)
Endpoint: y2[2] (output port clocked by clk)
Path Group: clk
Path Type: min

Fanout         Cap        Slew       Delay        Time   Description
---------------------------------------------------------------------------------------------
                      0.150000    0.000000    0.000000   clock clk (rise edge)
                                  0.000000    0.000000   clock network delay (ideal)
                      0.150000    0.000000    0.000000 ^ _13670_/CLK (sky130_fd_sc_hd__dfrtp_2)
     1    0.033442    0.128239    0.317535    0.317535 ^ _13670_/Q (sky130_fd_sc_hd__dfrtp_2)
                                                         y2[2] (net)
                      0.128239    0.000000    0.317535 ^ y2[2] (out)
                                              0.317535   data arrival time

                      0.150000    0.000000    0.000000   clock clk (rise edge)
                                  0.000000    0.000000   clock network delay (ideal)
                                  0.250000    0.250000   clock uncertainty
                                  0.000000    0.250000   clock reconvergence pessimism
                                 -2.000000   -1.750000   output external delay
                                             -1.750000   data required time
---------------------------------------------------------------------------------------------
                                             -1.750000   data required time
                                             -0.317535   data arrival time
---------------------------------------------------------------------------------------------
                                              2.067535   slack (MET)


Startpoint: _13671_ (rising edge-triggered flip-flop clocked by clk)
Endpoint: y2[3] (output port clocked by clk)
Path Group: clk
Path Type: min

Fanout         Cap        Slew       Delay        Time   Description
---------------------------------------------------------------------------------------------
                      0.150000    0.000000    0.000000   clock clk (rise edge)
                                  0.000000    0.000000   clock network delay (ideal)
                      0.150000    0.000000    0.000000 ^ _13671_/CLK (sky130_fd_sc_hd__dfrtp_2)
     1    0.033442    0.128239    0.317535    0.317535 ^ _13671_/Q (sky130_fd_sc_hd__dfrtp_2)
                                                         y2[3] (net)
                      0.128239    0.000000    0.317535 ^ y2[3] (out)
                                              0.317535   data arrival time

                      0.150000    0.000000    0.000000   clock clk (rise edge)
                                  0.000000    0.000000   clock network delay (ideal)
                                  0.250000    0.250000   clock uncertainty
                                  0.000000    0.250000   clock reconvergence pessimism
                                 -2.000000   -1.750000   output external delay
                                             -1.750000   data required time
---------------------------------------------------------------------------------------------
                                             -1.750000   data required time
                                             -0.317535   data arrival time
---------------------------------------------------------------------------------------------
                                              2.067535   slack (MET)


Startpoint: _13672_ (rising edge-triggered flip-flop clocked by clk)
Endpoint: y2[4] (output port clocked by clk)
Path Group: clk
Path Type: min

Fanout         Cap        Slew       Delay        Time   Description
---------------------------------------------------------------------------------------------
                      0.150000    0.000000    0.000000   clock clk (rise edge)
                                  0.000000    0.000000   clock network delay (ideal)
                      0.150000    0.000000    0.000000 ^ _13672_/CLK (sky130_fd_sc_hd__dfrtp_2)
     1    0.033442    0.128239    0.317535    0.317535 ^ _13672_/Q (sky130_fd_sc_hd__dfrtp_2)
                                                         y2[4] (net)
                      0.128239    0.000000    0.317535 ^ y2[4] (out)
                                              0.317535   data arrival time

                      0.150000    0.000000    0.000000   clock clk (rise edge)
                                  0.000000    0.000000   clock network delay (ideal)
                                  0.250000    0.250000   clock uncertainty
                                  0.000000    0.250000   clock reconvergence pessimism
                                 -2.000000   -1.750000   output external delay
                                             -1.750000   data required time
---------------------------------------------------------------------------------------------
                                             -1.750000   data required time
                                             -0.317535   data arrival time
---------------------------------------------------------------------------------------------
                                              2.067535   slack (MET)


Startpoint: _13673_ (rising edge-triggered flip-flop clocked by clk)
Endpoint: y2[5] (output port clocked by clk)
Path Group: clk
Path Type: min

Fanout         Cap        Slew       Delay        Time   Description
---------------------------------------------------------------------------------------------
                      0.150000    0.000000    0.000000   clock clk (rise edge)
                                  0.000000    0.000000   clock network delay (ideal)
                      0.150000    0.000000    0.000000 ^ _13673_/CLK (sky130_fd_sc_hd__dfrtp_2)
     1    0.033442    0.128239    0.317535    0.317535 ^ _13673_/Q (sky130_fd_sc_hd__dfrtp_2)
                                                         y2[5] (net)
                      0.128239    0.000000    0.317535 ^ y2[5] (out)
                                              0.317535   data arrival time

                      0.150000    0.000000    0.000000   clock clk (rise edge)
                                  0.000000    0.000000   clock network delay (ideal)
                                  0.250000    0.250000   clock uncertainty
                                  0.000000    0.250000   clock reconvergence pessimism
                                 -2.000000   -1.750000   output external delay
                                             -1.750000   data required time
---------------------------------------------------------------------------------------------
                                             -1.750000   data required time
                                             -0.317535   data arrival time
---------------------------------------------------------------------------------------------
                                              2.067535   slack (MET)


Startpoint: _13674_ (rising edge-triggered flip-flop clocked by clk)
Endpoint: y2[6] (output port clocked by clk)
Path Group: clk
Path Type: min

Fanout         Cap        Slew       Delay        Time   Description
---------------------------------------------------------------------------------------------
                      0.150000    0.000000    0.000000   clock clk (rise edge)
                                  0.000000    0.000000   clock network delay (ideal)
                      0.150000    0.000000    0.000000 ^ _13674_/CLK (sky130_fd_sc_hd__dfrtp_2)
     1    0.033442    0.128239    0.317535    0.317535 ^ _13674_/Q (sky130_fd_sc_hd__dfrtp_2)
                                                         y2[6] (net)
                      0.128239    0.000000    0.317535 ^ y2[6] (out)
                                              0.317535   data arrival time

                      0.150000    0.000000    0.000000   clock clk (rise edge)
                                  0.000000    0.000000   clock network delay (ideal)
                                  0.250000    0.250000   clock uncertainty
                                  0.000000    0.250000   clock reconvergence pessimism
                                 -2.000000   -1.750000   output external delay
                                             -1.750000   data required time
---------------------------------------------------------------------------------------------
                                             -1.750000   data required time
                                             -0.317535   data arrival time
---------------------------------------------------------------------------------------------
                                              2.067535   slack (MET)


Startpoint: _13675_ (rising edge-triggered flip-flop clocked by clk)
Endpoint: y2[7] (output port clocked by clk)
Path Group: clk
Path Type: min

Fanout         Cap        Slew       Delay        Time   Description
---------------------------------------------------------------------------------------------
                      0.150000    0.000000    0.000000   clock clk (rise edge)
                                  0.000000    0.000000   clock network delay (ideal)
                      0.150000    0.000000    0.000000 ^ _13675_/CLK (sky130_fd_sc_hd__dfrtp_2)
     1    0.033442    0.128239    0.317535    0.317535 ^ _13675_/Q (sky130_fd_sc_hd__dfrtp_2)
                                                         y2[7] (net)
                      0.128239    0.000000    0.317535 ^ y2[7] (out)
                                              0.317535   data arrival time

                      0.150000    0.000000    0.000000   clock clk (rise edge)
                                  0.000000    0.000000   clock network delay (ideal)
                                  0.250000    0.250000   clock uncertainty
                                  0.000000    0.250000   clock reconvergence pessimism
                                 -2.000000   -1.750000   output external delay
                                             -1.750000   data required time
---------------------------------------------------------------------------------------------
                                             -1.750000   data required time
                                             -0.317535   data arrival time
---------------------------------------------------------------------------------------------
                                              2.067535   slack (MET)


Startpoint: _13676_ (rising edge-triggered flip-flop clocked by clk)
Endpoint: y2[8] (output port clocked by clk)
Path Group: clk
Path Type: min

Fanout         Cap        Slew       Delay        Time   Description
---------------------------------------------------------------------------------------------
                      0.150000    0.000000    0.000000   clock clk (rise edge)
                                  0.000000    0.000000   clock network delay (ideal)
                      0.150000    0.000000    0.000000 ^ _13676_/CLK (sky130_fd_sc_hd__dfrtp_2)
     1    0.033442    0.128239    0.317535    0.317535 ^ _13676_/Q (sky130_fd_sc_hd__dfrtp_2)
                                                         y2[8] (net)
                      0.128239    0.000000    0.317535 ^ y2[8] (out)
                                              0.317535   data arrival time

                      0.150000    0.000000    0.000000   clock clk (rise edge)
                                  0.000000    0.000000   clock network delay (ideal)
                                  0.250000    0.250000   clock uncertainty
                                  0.000000    0.250000   clock reconvergence pessimism
                                 -2.000000   -1.750000   output external delay
                                             -1.750000   data required time
---------------------------------------------------------------------------------------------
                                             -1.750000   data required time
                                             -0.317535   data arrival time
---------------------------------------------------------------------------------------------
                                              2.067535   slack (MET)


Startpoint: _13677_ (rising edge-triggered flip-flop clocked by clk)
Endpoint: y2[9] (output port clocked by clk)
Path Group: clk
Path Type: min

Fanout         Cap        Slew       Delay        Time   Description
---------------------------------------------------------------------------------------------
                      0.150000    0.000000    0.000000   clock clk (rise edge)
                                  0.000000    0.000000   clock network delay (ideal)
                      0.150000    0.000000    0.000000 ^ _13677_/CLK (sky130_fd_sc_hd__dfrtp_2)
     1    0.033442    0.128239    0.317535    0.317535 ^ _13677_/Q (sky130_fd_sc_hd__dfrtp_2)
                                                         y2[9] (net)
                      0.128239    0.000000    0.317535 ^ y2[9] (out)
                                              0.317535   data arrival time

                      0.150000    0.000000    0.000000   clock clk (rise edge)
                                  0.000000    0.000000   clock network delay (ideal)
                                  0.250000    0.250000   clock uncertainty
                                  0.000000    0.250000   clock reconvergence pessimism
                                 -2.000000   -1.750000   output external delay
                                             -1.750000   data required time
---------------------------------------------------------------------------------------------
                                             -1.750000   data required time
                                             -0.317535   data arrival time
---------------------------------------------------------------------------------------------
                                              2.067535   slack (MET)


Startpoint: _13685_ (rising edge-triggered flip-flop clocked by clk)
Endpoint: y3[0] (output port clocked by clk)
Path Group: clk
Path Type: min

Fanout         Cap        Slew       Delay        Time   Description
---------------------------------------------------------------------------------------------
                      0.150000    0.000000    0.000000   clock clk (rise edge)
                                  0.000000    0.000000   clock network delay (ideal)
                      0.150000    0.000000    0.000000 ^ _13685_/CLK (sky130_fd_sc_hd__dfrtp_2)
     1    0.033442    0.128239    0.317535    0.317535 ^ _13685_/Q (sky130_fd_sc_hd__dfrtp_2)
                                                         y3[0] (net)
                      0.128239    0.000000    0.317535 ^ y3[0] (out)
                                              0.317535   data arrival time

                      0.150000    0.000000    0.000000   clock clk (rise edge)
                                  0.000000    0.000000   clock network delay (ideal)
                                  0.250000    0.250000   clock uncertainty
                                  0.000000    0.250000   clock reconvergence pessimism
                                 -2.000000   -1.750000   output external delay
                                             -1.750000   data required time
---------------------------------------------------------------------------------------------
                                             -1.750000   data required time
                                             -0.317535   data arrival time
---------------------------------------------------------------------------------------------
                                              2.067535   slack (MET)


Startpoint: _13695_ (rising edge-triggered flip-flop clocked by clk)
Endpoint: y3[10] (output port clocked by clk)
Path Group: clk
Path Type: min

Fanout         Cap        Slew       Delay        Time   Description
---------------------------------------------------------------------------------------------
                      0.150000    0.000000    0.000000   clock clk (rise edge)
                                  0.000000    0.000000   clock network delay (ideal)
                      0.150000    0.000000    0.000000 ^ _13695_/CLK (sky130_fd_sc_hd__dfrtp_2)
     1    0.033442    0.128239    0.317535    0.317535 ^ _13695_/Q (sky130_fd_sc_hd__dfrtp_2)
                                                         y3[10] (net)
                      0.128239    0.000000    0.317535 ^ y3[10] (out)
                                              0.317535   data arrival time

                      0.150000    0.000000    0.000000   clock clk (rise edge)
                                  0.000000    0.000000   clock network delay (ideal)
                                  0.250000    0.250000   clock uncertainty
                                  0.000000    0.250000   clock reconvergence pessimism
                                 -2.000000   -1.750000   output external delay
                                             -1.750000   data required time
---------------------------------------------------------------------------------------------
                                             -1.750000   data required time
                                             -0.317535   data arrival time
---------------------------------------------------------------------------------------------
                                              2.067535   slack (MET)


Startpoint: _13696_ (rising edge-triggered flip-flop clocked by clk)
Endpoint: y3[11] (output port clocked by clk)
Path Group: clk
Path Type: min

Fanout         Cap        Slew       Delay        Time   Description
---------------------------------------------------------------------------------------------
                      0.150000    0.000000    0.000000   clock clk (rise edge)
                                  0.000000    0.000000   clock network delay (ideal)
                      0.150000    0.000000    0.000000 ^ _13696_/CLK (sky130_fd_sc_hd__dfrtp_2)
     1    0.033442    0.128239    0.317535    0.317535 ^ _13696_/Q (sky130_fd_sc_hd__dfrtp_2)
                                                         y3[11] (net)
                      0.128239    0.000000    0.317535 ^ y3[11] (out)
                                              0.317535   data arrival time

                      0.150000    0.000000    0.000000   clock clk (rise edge)
                                  0.000000    0.000000   clock network delay (ideal)
                                  0.250000    0.250000   clock uncertainty
                                  0.000000    0.250000   clock reconvergence pessimism
                                 -2.000000   -1.750000   output external delay
                                             -1.750000   data required time
---------------------------------------------------------------------------------------------
                                             -1.750000   data required time
                                             -0.317535   data arrival time
---------------------------------------------------------------------------------------------
                                              2.067535   slack (MET)


Startpoint: _13697_ (rising edge-triggered flip-flop clocked by clk)
Endpoint: y3[12] (output port clocked by clk)
Path Group: clk
Path Type: min

Fanout         Cap        Slew       Delay        Time   Description
---------------------------------------------------------------------------------------------
                      0.150000    0.000000    0.000000   clock clk (rise edge)
                                  0.000000    0.000000   clock network delay (ideal)
                      0.150000    0.000000    0.000000 ^ _13697_/CLK (sky130_fd_sc_hd__dfrtp_2)
     1    0.033442    0.128239    0.317535    0.317535 ^ _13697_/Q (sky130_fd_sc_hd__dfrtp_2)
                                                         y3[12] (net)
                      0.128239    0.000000    0.317535 ^ y3[12] (out)
                                              0.317535   data arrival time

                      0.150000    0.000000    0.000000   clock clk (rise edge)
                                  0.000000    0.000000   clock network delay (ideal)
                                  0.250000    0.250000   clock uncertainty
                                  0.000000    0.250000   clock reconvergence pessimism
                                 -2.000000   -1.750000   output external delay
                                             -1.750000   data required time
---------------------------------------------------------------------------------------------
                                             -1.750000   data required time
                                             -0.317535   data arrival time
---------------------------------------------------------------------------------------------
                                              2.067535   slack (MET)


Startpoint: _13698_ (rising edge-triggered flip-flop clocked by clk)
Endpoint: y3[13] (output port clocked by clk)
Path Group: clk
Path Type: min

Fanout         Cap        Slew       Delay        Time   Description
---------------------------------------------------------------------------------------------
                      0.150000    0.000000    0.000000   clock clk (rise edge)
                                  0.000000    0.000000   clock network delay (ideal)
                      0.150000    0.000000    0.000000 ^ _13698_/CLK (sky130_fd_sc_hd__dfrtp_2)
     1    0.033442    0.128239    0.317535    0.317535 ^ _13698_/Q (sky130_fd_sc_hd__dfrtp_2)
                                                         y3[13] (net)
                      0.128239    0.000000    0.317535 ^ y3[13] (out)
                                              0.317535   data arrival time

                      0.150000    0.000000    0.000000   clock clk (rise edge)
                                  0.000000    0.000000   clock network delay (ideal)
                                  0.250000    0.250000   clock uncertainty
                                  0.000000    0.250000   clock reconvergence pessimism
                                 -2.000000   -1.750000   output external delay
                                             -1.750000   data required time
---------------------------------------------------------------------------------------------
                                             -1.750000   data required time
                                             -0.317535   data arrival time
---------------------------------------------------------------------------------------------
                                              2.067535   slack (MET)


Startpoint: _13699_ (rising edge-triggered flip-flop clocked by clk)
Endpoint: y3[14] (output port clocked by clk)
Path Group: clk
Path Type: min

Fanout         Cap        Slew       Delay        Time   Description
---------------------------------------------------------------------------------------------
                      0.150000    0.000000    0.000000   clock clk (rise edge)
                                  0.000000    0.000000   clock network delay (ideal)
                      0.150000    0.000000    0.000000 ^ _13699_/CLK (sky130_fd_sc_hd__dfrtp_2)
     1    0.033442    0.128239    0.317535    0.317535 ^ _13699_/Q (sky130_fd_sc_hd__dfrtp_2)
                                                         y3[14] (net)
                      0.128239    0.000000    0.317535 ^ y3[14] (out)
                                              0.317535   data arrival time

                      0.150000    0.000000    0.000000   clock clk (rise edge)
                                  0.000000    0.000000   clock network delay (ideal)
                                  0.250000    0.250000   clock uncertainty
                                  0.000000    0.250000   clock reconvergence pessimism
                                 -2.000000   -1.750000   output external delay
                                             -1.750000   data required time
---------------------------------------------------------------------------------------------
                                             -1.750000   data required time
                                             -0.317535   data arrival time
---------------------------------------------------------------------------------------------
                                              2.067535   slack (MET)


Startpoint: _13700_ (rising edge-triggered flip-flop clocked by clk)
Endpoint: y3[15] (output port clocked by clk)
Path Group: clk
Path Type: min

Fanout         Cap        Slew       Delay        Time   Description
---------------------------------------------------------------------------------------------
                      0.150000    0.000000    0.000000   clock clk (rise edge)
                                  0.000000    0.000000   clock network delay (ideal)
                      0.150000    0.000000    0.000000 ^ _13700_/CLK (sky130_fd_sc_hd__dfrtp_2)
     1    0.033442    0.128239    0.317535    0.317535 ^ _13700_/Q (sky130_fd_sc_hd__dfrtp_2)
                                                         y3[15] (net)
                      0.128239    0.000000    0.317535 ^ y3[15] (out)
                                              0.317535   data arrival time

                      0.150000    0.000000    0.000000   clock clk (rise edge)
                                  0.000000    0.000000   clock network delay (ideal)
                                  0.250000    0.250000   clock uncertainty
                                  0.000000    0.250000   clock reconvergence pessimism
                                 -2.000000   -1.750000   output external delay
                                             -1.750000   data required time
---------------------------------------------------------------------------------------------
                                             -1.750000   data required time
                                             -0.317535   data arrival time
---------------------------------------------------------------------------------------------
                                              2.067535   slack (MET)


Startpoint: _13701_ (rising edge-triggered flip-flop clocked by clk)
Endpoint: y3[16] (output port clocked by clk)
Path Group: clk
Path Type: min

Fanout         Cap        Slew       Delay        Time   Description
---------------------------------------------------------------------------------------------
                      0.150000    0.000000    0.000000   clock clk (rise edge)
                                  0.000000    0.000000   clock network delay (ideal)
                      0.150000    0.000000    0.000000 ^ _13701_/CLK (sky130_fd_sc_hd__dfrtp_2)
     1    0.033442    0.128239    0.317535    0.317535 ^ _13701_/Q (sky130_fd_sc_hd__dfrtp_2)
                                                         y3[16] (net)
                      0.128239    0.000000    0.317535 ^ y3[16] (out)
                                              0.317535   data arrival time

                      0.150000    0.000000    0.000000   clock clk (rise edge)
                                  0.000000    0.000000   clock network delay (ideal)
                                  0.250000    0.250000   clock uncertainty
                                  0.000000    0.250000   clock reconvergence pessimism
                                 -2.000000   -1.750000   output external delay
                                             -1.750000   data required time
---------------------------------------------------------------------------------------------
                                             -1.750000   data required time
                                             -0.317535   data arrival time
---------------------------------------------------------------------------------------------
                                              2.067535   slack (MET)


Startpoint: _13686_ (rising edge-triggered flip-flop clocked by clk)
Endpoint: y3[1] (output port clocked by clk)
Path Group: clk
Path Type: min

Fanout         Cap        Slew       Delay        Time   Description
---------------------------------------------------------------------------------------------
                      0.150000    0.000000    0.000000   clock clk (rise edge)
                                  0.000000    0.000000   clock network delay (ideal)
                      0.150000    0.000000    0.000000 ^ _13686_/CLK (sky130_fd_sc_hd__dfrtp_2)
     1    0.033442    0.128239    0.317535    0.317535 ^ _13686_/Q (sky130_fd_sc_hd__dfrtp_2)
                                                         y3[1] (net)
                      0.128239    0.000000    0.317535 ^ y3[1] (out)
                                              0.317535   data arrival time

                      0.150000    0.000000    0.000000   clock clk (rise edge)
                                  0.000000    0.000000   clock network delay (ideal)
                                  0.250000    0.250000   clock uncertainty
                                  0.000000    0.250000   clock reconvergence pessimism
                                 -2.000000   -1.750000   output external delay
                                             -1.750000   data required time
---------------------------------------------------------------------------------------------
                                             -1.750000   data required time
                                             -0.317535   data arrival time
---------------------------------------------------------------------------------------------
                                              2.067535   slack (MET)


Startpoint: _13687_ (rising edge-triggered flip-flop clocked by clk)
Endpoint: y3[2] (output port clocked by clk)
Path Group: clk
Path Type: min

Fanout         Cap        Slew       Delay        Time   Description
---------------------------------------------------------------------------------------------
                      0.150000    0.000000    0.000000   clock clk (rise edge)
                                  0.000000    0.000000   clock network delay (ideal)
                      0.150000    0.000000    0.000000 ^ _13687_/CLK (sky130_fd_sc_hd__dfrtp_2)
     1    0.033442    0.128239    0.317535    0.317535 ^ _13687_/Q (sky130_fd_sc_hd__dfrtp_2)
                                                         y3[2] (net)
                      0.128239    0.000000    0.317535 ^ y3[2] (out)
                                              0.317535   data arrival time

                      0.150000    0.000000    0.000000   clock clk (rise edge)
                                  0.000000    0.000000   clock network delay (ideal)
                                  0.250000    0.250000   clock uncertainty
                                  0.000000    0.250000   clock reconvergence pessimism
                                 -2.000000   -1.750000   output external delay
                                             -1.750000   data required time
---------------------------------------------------------------------------------------------
                                             -1.750000   data required time
                                             -0.317535   data arrival time
---------------------------------------------------------------------------------------------
                                              2.067535   slack (MET)


Startpoint: _13688_ (rising edge-triggered flip-flop clocked by clk)
Endpoint: y3[3] (output port clocked by clk)
Path Group: clk
Path Type: min

Fanout         Cap        Slew       Delay        Time   Description
---------------------------------------------------------------------------------------------
                      0.150000    0.000000    0.000000   clock clk (rise edge)
                                  0.000000    0.000000   clock network delay (ideal)
                      0.150000    0.000000    0.000000 ^ _13688_/CLK (sky130_fd_sc_hd__dfrtp_2)
     1    0.033442    0.128239    0.317535    0.317535 ^ _13688_/Q (sky130_fd_sc_hd__dfrtp_2)
                                                         y3[3] (net)
                      0.128239    0.000000    0.317535 ^ y3[3] (out)
                                              0.317535   data arrival time

                      0.150000    0.000000    0.000000   clock clk (rise edge)
                                  0.000000    0.000000   clock network delay (ideal)
                                  0.250000    0.250000   clock uncertainty
                                  0.000000    0.250000   clock reconvergence pessimism
                                 -2.000000   -1.750000   output external delay
                                             -1.750000   data required time
---------------------------------------------------------------------------------------------
                                             -1.750000   data required time
                                             -0.317535   data arrival time
---------------------------------------------------------------------------------------------
                                              2.067535   slack (MET)


Startpoint: _13689_ (rising edge-triggered flip-flop clocked by clk)
Endpoint: y3[4] (output port clocked by clk)
Path Group: clk
Path Type: min

Fanout         Cap        Slew       Delay        Time   Description
---------------------------------------------------------------------------------------------
                      0.150000    0.000000    0.000000   clock clk (rise edge)
                                  0.000000    0.000000   clock network delay (ideal)
                      0.150000    0.000000    0.000000 ^ _13689_/CLK (sky130_fd_sc_hd__dfrtp_2)
     1    0.033442    0.128239    0.317535    0.317535 ^ _13689_/Q (sky130_fd_sc_hd__dfrtp_2)
                                                         y3[4] (net)
                      0.128239    0.000000    0.317535 ^ y3[4] (out)
                                              0.317535   data arrival time

                      0.150000    0.000000    0.000000   clock clk (rise edge)
                                  0.000000    0.000000   clock network delay (ideal)
                                  0.250000    0.250000   clock uncertainty
                                  0.000000    0.250000   clock reconvergence pessimism
                                 -2.000000   -1.750000   output external delay
                                             -1.750000   data required time
---------------------------------------------------------------------------------------------
                                             -1.750000   data required time
                                             -0.317535   data arrival time
---------------------------------------------------------------------------------------------
                                              2.067535   slack (MET)


Startpoint: _13690_ (rising edge-triggered flip-flop clocked by clk)
Endpoint: y3[5] (output port clocked by clk)
Path Group: clk
Path Type: min

Fanout         Cap        Slew       Delay        Time   Description
---------------------------------------------------------------------------------------------
                      0.150000    0.000000    0.000000   clock clk (rise edge)
                                  0.000000    0.000000   clock network delay (ideal)
                      0.150000    0.000000    0.000000 ^ _13690_/CLK (sky130_fd_sc_hd__dfrtp_2)
     1    0.033442    0.128239    0.317535    0.317535 ^ _13690_/Q (sky130_fd_sc_hd__dfrtp_2)
                                                         y3[5] (net)
                      0.128239    0.000000    0.317535 ^ y3[5] (out)
                                              0.317535   data arrival time

                      0.150000    0.000000    0.000000   clock clk (rise edge)
                                  0.000000    0.000000   clock network delay (ideal)
                                  0.250000    0.250000   clock uncertainty
                                  0.000000    0.250000   clock reconvergence pessimism
                                 -2.000000   -1.750000   output external delay
                                             -1.750000   data required time
---------------------------------------------------------------------------------------------
                                             -1.750000   data required time
                                             -0.317535   data arrival time
---------------------------------------------------------------------------------------------
                                              2.067535   slack (MET)


Startpoint: _13691_ (rising edge-triggered flip-flop clocked by clk)
Endpoint: y3[6] (output port clocked by clk)
Path Group: clk
Path Type: min

Fanout         Cap        Slew       Delay        Time   Description
---------------------------------------------------------------------------------------------
                      0.150000    0.000000    0.000000   clock clk (rise edge)
                                  0.000000    0.000000   clock network delay (ideal)
                      0.150000    0.000000    0.000000 ^ _13691_/CLK (sky130_fd_sc_hd__dfrtp_2)
     1    0.033442    0.128239    0.317535    0.317535 ^ _13691_/Q (sky130_fd_sc_hd__dfrtp_2)
                                                         y3[6] (net)
                      0.128239    0.000000    0.317535 ^ y3[6] (out)
                                              0.317535   data arrival time

                      0.150000    0.000000    0.000000   clock clk (rise edge)
                                  0.000000    0.000000   clock network delay (ideal)
                                  0.250000    0.250000   clock uncertainty
                                  0.000000    0.250000   clock reconvergence pessimism
                                 -2.000000   -1.750000   output external delay
                                             -1.750000   data required time
---------------------------------------------------------------------------------------------
                                             -1.750000   data required time
                                             -0.317535   data arrival time
---------------------------------------------------------------------------------------------
                                              2.067535   slack (MET)


Startpoint: _13692_ (rising edge-triggered flip-flop clocked by clk)
Endpoint: y3[7] (output port clocked by clk)
Path Group: clk
Path Type: min

Fanout         Cap        Slew       Delay        Time   Description
---------------------------------------------------------------------------------------------
                      0.150000    0.000000    0.000000   clock clk (rise edge)
                                  0.000000    0.000000   clock network delay (ideal)
                      0.150000    0.000000    0.000000 ^ _13692_/CLK (sky130_fd_sc_hd__dfrtp_2)
     1    0.033442    0.128239    0.317535    0.317535 ^ _13692_/Q (sky130_fd_sc_hd__dfrtp_2)
                                                         y3[7] (net)
                      0.128239    0.000000    0.317535 ^ y3[7] (out)
                                              0.317535   data arrival time

                      0.150000    0.000000    0.000000   clock clk (rise edge)
                                  0.000000    0.000000   clock network delay (ideal)
                                  0.250000    0.250000   clock uncertainty
                                  0.000000    0.250000   clock reconvergence pessimism
                                 -2.000000   -1.750000   output external delay
                                             -1.750000   data required time
---------------------------------------------------------------------------------------------
                                             -1.750000   data required time
                                             -0.317535   data arrival time
---------------------------------------------------------------------------------------------
                                              2.067535   slack (MET)


Startpoint: _13693_ (rising edge-triggered flip-flop clocked by clk)
Endpoint: y3[8] (output port clocked by clk)
Path Group: clk
Path Type: min

Fanout         Cap        Slew       Delay        Time   Description
---------------------------------------------------------------------------------------------
                      0.150000    0.000000    0.000000   clock clk (rise edge)
                                  0.000000    0.000000   clock network delay (ideal)
                      0.150000    0.000000    0.000000 ^ _13693_/CLK (sky130_fd_sc_hd__dfrtp_2)
     1    0.033442    0.128239    0.317535    0.317535 ^ _13693_/Q (sky130_fd_sc_hd__dfrtp_2)
                                                         y3[8] (net)
                      0.128239    0.000000    0.317535 ^ y3[8] (out)
                                              0.317535   data arrival time

                      0.150000    0.000000    0.000000   clock clk (rise edge)
                                  0.000000    0.000000   clock network delay (ideal)
                                  0.250000    0.250000   clock uncertainty
                                  0.000000    0.250000   clock reconvergence pessimism
                                 -2.000000   -1.750000   output external delay
                                             -1.750000   data required time
---------------------------------------------------------------------------------------------
                                             -1.750000   data required time
                                             -0.317535   data arrival time
---------------------------------------------------------------------------------------------
                                              2.067535   slack (MET)


Startpoint: _13694_ (rising edge-triggered flip-flop clocked by clk)
Endpoint: y3[9] (output port clocked by clk)
Path Group: clk
Path Type: min

Fanout         Cap        Slew       Delay        Time   Description
---------------------------------------------------------------------------------------------
                      0.150000    0.000000    0.000000   clock clk (rise edge)
                                  0.000000    0.000000   clock network delay (ideal)
                      0.150000    0.000000    0.000000 ^ _13694_/CLK (sky130_fd_sc_hd__dfrtp_2)
     1    0.033442    0.128239    0.317535    0.317535 ^ _13694_/Q (sky130_fd_sc_hd__dfrtp_2)
                                                         y3[9] (net)
                      0.128239    0.000000    0.317535 ^ y3[9] (out)
                                              0.317535   data arrival time

                      0.150000    0.000000    0.000000   clock clk (rise edge)
                                  0.000000    0.000000   clock network delay (ideal)
                                  0.250000    0.250000   clock uncertainty
                                  0.000000    0.250000   clock reconvergence pessimism
                                 -2.000000   -1.750000   output external delay
                                             -1.750000   data required time
---------------------------------------------------------------------------------------------
                                             -1.750000   data required time
                                             -0.317535   data arrival time
---------------------------------------------------------------------------------------------
                                              2.067535   slack (MET)


Startpoint: w01[0] (input port clocked by clk)
Endpoint: _13635_ (rising edge-triggered flip-flop clocked by clk)
Path Group: clk
Path Type: min

Fanout         Cap        Slew       Delay        Time   Description
---------------------------------------------------------------------------------------------
                      0.150000    0.000000    0.000000   clock clk (rise edge)
                                  0.000000    0.000000   clock network delay (ideal)
                                  2.000000    2.000000 v input external delay
    13    0.039043    0.060575    0.042068    2.042068 v w01[0] (in)
                                                         w01[0] (net)
                      0.060575    0.000000    2.042068 v _11930_/B (sky130_fd_sc_hd__nand2_2)
     2    0.006150    0.042453    0.060632    2.102700 ^ _11930_/Y (sky130_fd_sc_hd__nand2_2)
                                                         _04668_ (net)
                      0.042453    0.000000    2.102700 ^ _11931_/C (sky130_fd_sc_hd__or3_2)
     3    0.007827    0.037710    0.080459    2.183160 ^ _11931_/X (sky130_fd_sc_hd__or3_2)
                                                         _04669_ (net)
                      0.037710    0.000000    2.183160 ^ _11962_/A (sky130_fd_sc_hd__nand2_2)
     1    0.001495    0.014610    0.018564    2.201724 v _11962_/Y (sky130_fd_sc_hd__nand2_2)
                                                         _04702_ (net)
                      0.014610    0.000000    2.201724 v _11963_/B (sky130_fd_sc_hd__and2_2)
     1    0.002059    0.023355    0.104470    2.306194 v _11963_/X (sky130_fd_sc_hd__and2_2)
                                                         _00004_ (net)
                      0.023355    0.000000    2.306194 v _13635_/D (sky130_fd_sc_hd__dfrtp_2)
                                              2.306194   data arrival time

                      0.150000    0.000000    0.000000   clock clk (rise edge)
                                  0.000000    0.000000   clock network delay (ideal)
                                  0.250000    0.250000   clock uncertainty
                                  0.000000    0.250000   clock reconvergence pessimism
                                              0.250000 ^ _13635_/CLK (sky130_fd_sc_hd__dfrtp_2)
                                 -0.015017    0.234983   library hold time
                                              0.234983   data required time
---------------------------------------------------------------------------------------------
                                              0.234983   data required time
                                             -2.306194   data arrival time
---------------------------------------------------------------------------------------------
                                              2.071211   slack (MET)


Startpoint: w21[0] (input port clocked by clk)
Endpoint: _13669_ (rising edge-triggered flip-flop clocked by clk)
Path Group: clk
Path Type: min

Fanout         Cap        Slew       Delay        Time   Description
---------------------------------------------------------------------------------------------
                      0.150000    0.000000    0.000000   clock clk (rise edge)
                                  0.000000    0.000000   clock network delay (ideal)
                                  2.000000    2.000000 v input external delay
    13    0.039043    0.060575    0.042068    2.042068 v w21[0] (in)
                                                         w21[0] (net)
                      0.060575    0.000000    2.042068 v _10217_/B (sky130_fd_sc_hd__nand2_2)
     2    0.006150    0.042453    0.060632    2.102700 ^ _10217_/Y (sky130_fd_sc_hd__nand2_2)
                                                         _02801_ (net)
                      0.042453    0.000000    2.102700 ^ _10218_/C (sky130_fd_sc_hd__or3_2)
     3    0.007827    0.037710    0.080459    2.183160 ^ _10218_/X (sky130_fd_sc_hd__or3_2)
                                                         _02803_ (net)
                      0.037710    0.000000    2.183160 ^ _10249_/A (sky130_fd_sc_hd__nand2_2)
     1    0.001495    0.014610    0.018564    2.201724 v _10249_/Y (sky130_fd_sc_hd__nand2_2)
                                                         _02836_ (net)
                      0.014610    0.000000    2.201724 v _10250_/B (sky130_fd_sc_hd__and2_2)
     1    0.002059    0.023355    0.104470    2.306194 v _10250_/X (sky130_fd_sc_hd__and2_2)
                                                         _00001_ (net)
                      0.023355    0.000000    2.306194 v _13669_/D (sky130_fd_sc_hd__dfrtp_2)
                                              2.306194   data arrival time

                      0.150000    0.000000    0.000000   clock clk (rise edge)
                                  0.000000    0.000000   clock network delay (ideal)
                                  0.250000    0.250000   clock uncertainty
                                  0.000000    0.250000   clock reconvergence pessimism
                                              0.250000 ^ _13669_/CLK (sky130_fd_sc_hd__dfrtp_2)
                                 -0.015017    0.234983   library hold time
                                              0.234983   data required time
---------------------------------------------------------------------------------------------
                                              0.234983   data required time
                                             -2.306194   data arrival time
---------------------------------------------------------------------------------------------
                                              2.071211   slack (MET)


Startpoint: w11[0] (input port clocked by clk)
Endpoint: _13653_ (rising edge-triggered flip-flop clocked by clk)
Path Group: clk
Path Type: min

Fanout         Cap        Slew       Delay        Time   Description
---------------------------------------------------------------------------------------------
                      0.150000    0.000000    0.000000   clock clk (rise edge)
                                  0.000000    0.000000   clock network delay (ideal)
                                  2.000000    2.000000 v input external delay
    14    0.038063    0.059107    0.040983    2.040983 v w11[0] (in)
                                                         w11[0] (net)
                      0.059107    0.000000    2.040983 v _08533_/D_N (sky130_fd_sc_hd__or4bb_2)
     4    0.018062    0.073796    0.160631    2.201614 ^ _08533_/X (sky130_fd_sc_hd__or4bb_2)
                                                         _01003_ (net)
                      0.073796    0.000000    2.201614 ^ _08608_/A1 (sky130_fd_sc_hd__o21ba_2)
     1    0.004773    0.031516    0.093735    2.295350 ^ _08608_/X (sky130_fd_sc_hd__o21ba_2)
                                                         _01076_ (net)
                      0.031516    0.000000    2.295350 ^ _08609_/B (sky130_fd_sc_hd__nor2_2)
     1    0.002059    0.011485    0.015303    2.310653 v _08609_/Y (sky130_fd_sc_hd__nor2_2)
                                                         _00011_ (net)
                      0.011485    0.000000    2.310653 v _13653_/D (sky130_fd_sc_hd__dfrtp_2)
                                              2.310653   data arrival time

                      0.150000    0.000000    0.000000   clock clk (rise edge)
                                  0.000000    0.000000   clock network delay (ideal)
                                  0.250000    0.250000   clock uncertainty
                                  0.000000    0.250000   clock reconvergence pessimism
                                              0.250000 ^ _13653_/CLK (sky130_fd_sc_hd__dfrtp_2)
                                 -0.011209    0.238791   library hold time
                                              0.238791   data required time
---------------------------------------------------------------------------------------------
                                              0.238791   data required time
                                             -2.310653   data arrival time
---------------------------------------------------------------------------------------------
                                              2.071862   slack (MET)


Startpoint: w01[0] (input port clocked by clk)
Endpoint: _13636_ (rising edge-triggered flip-flop clocked by clk)
Path Group: clk
Path Type: min

Fanout         Cap        Slew       Delay        Time   Description
---------------------------------------------------------------------------------------------
                      0.150000    0.000000    0.000000   clock clk (rise edge)
                                  0.000000    0.000000   clock network delay (ideal)
                                  2.000000    2.000000 v input external delay
    13    0.039043    0.060575    0.042068    2.042068 v w01[0] (in)
                                                         w01[0] (net)
                      0.060575    0.000000    2.042068 v _11930_/B (sky130_fd_sc_hd__nand2_2)
     2    0.006150    0.042453    0.060632    2.102700 ^ _11930_/Y (sky130_fd_sc_hd__nand2_2)
                                                         _04668_ (net)
                      0.042453    0.000000    2.102700 ^ _11931_/C (sky130_fd_sc_hd__or3_2)
     3    0.007827    0.037710    0.080459    2.183160 ^ _11931_/X (sky130_fd_sc_hd__or3_2)
                                                         _04669_ (net)
                      0.037710    0.000000    2.183160 ^ _11960_/A (sky130_fd_sc_hd__or2_2)
     3    0.015206    0.066522    0.098859    2.282019 ^ _11960_/X (sky130_fd_sc_hd__or2_2)
                                                         _04700_ (net)
                      0.066522    0.000000    2.282019 ^ _12010_/A (sky130_fd_sc_hd__xnor2_2)
     1    0.002059    0.020643    0.037174    2.319193 v _12010_/Y (sky130_fd_sc_hd__xnor2_2)
                                                         _00005_ (net)
                      0.020643    0.000000    2.319193 v _13636_/D (sky130_fd_sc_hd__dfrtp_2)
                                              2.319193   data arrival time

                      0.150000    0.000000    0.000000   clock clk (rise edge)
                                  0.000000    0.000000   clock network delay (ideal)
                                  0.250000    0.250000   clock uncertainty
                                  0.000000    0.250000   clock reconvergence pessimism
                                              0.250000 ^ _13636_/CLK (sky130_fd_sc_hd__dfrtp_2)
                                 -0.014147    0.235853   library hold time
                                              0.235853   data required time
---------------------------------------------------------------------------------------------
                                              0.235853   data required time
                                             -2.319193   data arrival time
---------------------------------------------------------------------------------------------
                                              2.083340   slack (MET)


Startpoint: w21[0] (input port clocked by clk)
Endpoint: _13670_ (rising edge-triggered flip-flop clocked by clk)
Path Group: clk
Path Type: min

Fanout         Cap        Slew       Delay        Time   Description
---------------------------------------------------------------------------------------------
                      0.150000    0.000000    0.000000   clock clk (rise edge)
                                  0.000000    0.000000   clock network delay (ideal)
                                  2.000000    2.000000 v input external delay
    13    0.039043    0.060575    0.042068    2.042068 v w21[0] (in)
                                                         w21[0] (net)
                      0.060575    0.000000    2.042068 v _10217_/B (sky130_fd_sc_hd__nand2_2)
     2    0.006150    0.042453    0.060632    2.102700 ^ _10217_/Y (sky130_fd_sc_hd__nand2_2)
                                                         _02801_ (net)
                      0.042453    0.000000    2.102700 ^ _10218_/C (sky130_fd_sc_hd__or3_2)
     3    0.007827    0.037710    0.080459    2.183160 ^ _10218_/X (sky130_fd_sc_hd__or3_2)
                                                         _02803_ (net)
                      0.037710    0.000000    2.183160 ^ _10247_/A (sky130_fd_sc_hd__or2_2)
     3    0.015206    0.066522    0.098859    2.282019 ^ _10247_/X (sky130_fd_sc_hd__or2_2)
                                                         _02833_ (net)
                      0.066522    0.000000    2.282019 ^ _10297_/A (sky130_fd_sc_hd__xnor2_2)
     1    0.002059    0.020643    0.037174    2.319193 v _10297_/Y (sky130_fd_sc_hd__xnor2_2)
                                                         _00002_ (net)
                      0.020643    0.000000    2.319193 v _13670_/D (sky130_fd_sc_hd__dfrtp_2)
                                              2.319193   data arrival time

                      0.150000    0.000000    0.000000   clock clk (rise edge)
                                  0.000000    0.000000   clock network delay (ideal)
                                  0.250000    0.250000   clock uncertainty
                                  0.000000    0.250000   clock reconvergence pessimism
                                              0.250000 ^ _13670_/CLK (sky130_fd_sc_hd__dfrtp_2)
                                 -0.014147    0.235853   library hold time
                                              0.235853   data required time
---------------------------------------------------------------------------------------------
                                              0.235853   data required time
                                             -2.319193   data arrival time
---------------------------------------------------------------------------------------------
                                              2.083340   slack (MET)


Startpoint: w11[0] (input port clocked by clk)
Endpoint: _13654_ (rising edge-triggered flip-flop clocked by clk)
Path Group: clk
Path Type: min

Fanout         Cap        Slew       Delay        Time   Description
---------------------------------------------------------------------------------------------
                      0.150000    0.000000    0.000000   clock clk (rise edge)
                                  0.000000    0.000000   clock network delay (ideal)
                                  2.000000    2.000000 v input external delay
    14    0.038063    0.059107    0.040983    2.040983 v w11[0] (in)
                                                         w11[0] (net)
                      0.059107    0.000000    2.040983 v _08533_/D_N (sky130_fd_sc_hd__or4bb_2)
     4    0.018062    0.073796    0.160631    2.201614 ^ _08533_/X (sky130_fd_sc_hd__or4bb_2)
                                                         _01003_ (net)
                      0.073796    0.000000    2.201614 ^ _08607_/A (sky130_fd_sc_hd__nor3b_2)
     3    0.015039    0.041686    0.048236    2.249850 v _08607_/Y (sky130_fd_sc_hd__nor3b_2)
                                                         _01075_ (net)
                      0.041686    0.000000    2.249850 v _10210_/A (sky130_fd_sc_hd__xor2_2)
     1    0.002087    0.045185    0.092904    2.342754 ^ _10210_/X (sky130_fd_sc_hd__xor2_2)
                                                         _00054_ (net)
                      0.045185    0.000000    2.342754 ^ _13654_/D (sky130_fd_sc_hd__dfrtp_2)
                                              2.342754   data arrival time

                      0.150000    0.000000    0.000000   clock clk (rise edge)
                                  0.000000    0.000000   clock network delay (ideal)
                                  0.250000    0.250000   clock uncertainty
                                  0.000000    0.250000   clock reconvergence pessimism
                                              0.250000 ^ _13654_/CLK (sky130_fd_sc_hd__dfrtp_2)
                                 -0.017627    0.232373   library hold time
                                              0.232373   data required time
---------------------------------------------------------------------------------------------
                                              0.232373   data required time
                                             -2.342754   data arrival time
---------------------------------------------------------------------------------------------
                                              2.110382   slack (MET)


Startpoint: w01[0] (input port clocked by clk)
Endpoint: _13637_ (rising edge-triggered flip-flop clocked by clk)
Path Group: clk
Path Type: min

Fanout         Cap        Slew       Delay        Time   Description
---------------------------------------------------------------------------------------------
                      0.150000    0.000000    0.000000   clock clk (rise edge)
                                  0.000000    0.000000   clock network delay (ideal)
                                  2.000000    2.000000 v input external delay
    13    0.039043    0.060575    0.042068    2.042068 v w01[0] (in)
                                                         w01[0] (net)
                      0.060575    0.000000    2.042068 v _11930_/B (sky130_fd_sc_hd__nand2_2)
     2    0.006150    0.042453    0.060632    2.102700 ^ _11930_/Y (sky130_fd_sc_hd__nand2_2)
                                                         _04668_ (net)
                      0.042453    0.000000    2.102700 ^ _11931_/C (sky130_fd_sc_hd__or3_2)
     3    0.007827    0.037710    0.080459    2.183160 ^ _11931_/X (sky130_fd_sc_hd__or3_2)
                                                         _04669_ (net)
                      0.037710    0.000000    2.183160 ^ _11960_/A (sky130_fd_sc_hd__or2_2)
     3    0.015206    0.066522    0.098859    2.282019 ^ _11960_/X (sky130_fd_sc_hd__or2_2)
                                                         _04700_ (net)
                      0.066522    0.000000    2.282019 ^ _11961_/A (sky130_fd_sc_hd__inv_2)
     2    0.006624    0.023263    0.023441    2.305459 v _11961_/Y (sky130_fd_sc_hd__inv_2)
                                                         _04701_ (net)
                      0.023263    0.000000    2.305459 v _12009_/A (sky130_fd_sc_hd__nand2_2)
     1    0.009349    0.044863    0.046801    2.352260 ^ _12009_/Y (sky130_fd_sc_hd__nand2_2)
                                                         _04753_ (net)
                      0.044863    0.000000    2.352260 ^ _13633_/A (sky130_fd_sc_hd__xor2_2)
     1    0.002059    0.020059    0.035100    2.387360 v _13633_/X (sky130_fd_sc_hd__xor2_2)
                                                         _00026_ (net)
                      0.020059    0.000000    2.387360 v _13637_/D (sky130_fd_sc_hd__dfrtp_2)
                                              2.387360   data arrival time

                      0.150000    0.000000    0.000000   clock clk (rise edge)
                                  0.000000    0.000000   clock network delay (ideal)
                                  0.250000    0.250000   clock uncertainty
                                  0.000000    0.250000   clock reconvergence pessimism
                                              0.250000 ^ _13637_/CLK (sky130_fd_sc_hd__dfrtp_2)
                                 -0.013960    0.236040   library hold time
                                              0.236040   data required time
---------------------------------------------------------------------------------------------
                                              0.236040   data required time
                                             -2.387360   data arrival time
---------------------------------------------------------------------------------------------
                                              2.151320   slack (MET)


Startpoint: w21[0] (input port clocked by clk)
Endpoint: _13671_ (rising edge-triggered flip-flop clocked by clk)
Path Group: clk
Path Type: min

Fanout         Cap        Slew       Delay        Time   Description
---------------------------------------------------------------------------------------------
                      0.150000    0.000000    0.000000   clock clk (rise edge)
                                  0.000000    0.000000   clock network delay (ideal)
                                  2.000000    2.000000 v input external delay
    13    0.039043    0.060575    0.042068    2.042068 v w21[0] (in)
                                                         w21[0] (net)
                      0.060575    0.000000    2.042068 v _10217_/B (sky130_fd_sc_hd__nand2_2)
     2    0.006150    0.042453    0.060632    2.102700 ^ _10217_/Y (sky130_fd_sc_hd__nand2_2)
                                                         _02801_ (net)
                      0.042453    0.000000    2.102700 ^ _10218_/C (sky130_fd_sc_hd__or3_2)
     3    0.007827    0.037710    0.080459    2.183160 ^ _10218_/X (sky130_fd_sc_hd__or3_2)
                                                         _02803_ (net)
                      0.037710    0.000000    2.183160 ^ _10247_/A (sky130_fd_sc_hd__or2_2)
     3    0.015206    0.066522    0.098859    2.282019 ^ _10247_/X (sky130_fd_sc_hd__or2_2)
                                                         _02833_ (net)
                      0.066522    0.000000    2.282019 ^ _10248_/A (sky130_fd_sc_hd__inv_2)
     2    0.006624    0.023263    0.023441    2.305459 v _10248_/Y (sky130_fd_sc_hd__inv_2)
                                                         _02835_ (net)
                      0.023263    0.000000    2.305459 v _10296_/A (sky130_fd_sc_hd__nand2_2)
     1    0.009349    0.044863    0.046801    2.352260 ^ _10296_/Y (sky130_fd_sc_hd__nand2_2)
                                                         _02886_ (net)
                      0.044863    0.000000    2.352260 ^ _11923_/A (sky130_fd_sc_hd__xor2_2)
     1    0.002059    0.020059    0.035100    2.387360 v _11923_/X (sky130_fd_sc_hd__xor2_2)
                                                         _00012_ (net)
                      0.020059    0.000000    2.387360 v _13671_/D (sky130_fd_sc_hd__dfrtp_2)
                                              2.387360   data arrival time

                      0.150000    0.000000    0.000000   clock clk (rise edge)
                                  0.000000    0.000000   clock network delay (ideal)
                                  0.250000    0.250000   clock uncertainty
                                  0.000000    0.250000   clock reconvergence pessimism
                                              0.250000 ^ _13671_/CLK (sky130_fd_sc_hd__dfrtp_2)
                                 -0.013960    0.236040   library hold time
                                              0.236040   data required time
---------------------------------------------------------------------------------------------
                                              0.236040   data required time
                                             -2.387360   data arrival time
---------------------------------------------------------------------------------------------
                                              2.151320   slack (MET)


Startpoint: w31[0] (input port clocked by clk)
Endpoint: _13688_ (rising edge-triggered flip-flop clocked by clk)
Path Group: clk
Path Type: min

Fanout         Cap        Slew       Delay        Time   Description
---------------------------------------------------------------------------------------------
                      0.150000    0.000000    0.000000   clock clk (rise edge)
                                  0.000000    0.000000   clock network delay (ideal)
                                  2.000000    2.000000 v input external delay
    13    0.039433    0.061159    0.042500    2.042500 v w31[0] (in)
                                                         w31[0] (net)
                      0.061159    0.000000    2.042500 v _06837_/B (sky130_fd_sc_hd__nand2_2)
     2    0.009951    0.055669    0.070874    2.113374 ^ _06837_/Y (sky130_fd_sc_hd__nand2_2)
                                                         _01562_ (net)
                      0.055669    0.000000    2.113374 ^ _06838_/C (sky130_fd_sc_hd__or3_2)
     2    0.006199    0.032090    0.080099    2.193474 ^ _06838_/X (sky130_fd_sc_hd__or3_2)
                                                         _01573_ (net)
                      0.032090    0.000000    2.193474 ^ _06868_/A (sky130_fd_sc_hd__nor2_2)
     3    0.007093    0.019234    0.026299    2.219772 v _06868_/Y (sky130_fd_sc_hd__nor2_2)
                                                         _01900_ (net)
                      0.019234    0.000000    2.219772 v _06914_/C_N (sky130_fd_sc_hd__or3b_2)
     3    0.015140    0.074217    0.153647    2.373420 ^ _06914_/X (sky130_fd_sc_hd__or3b_2)
                                                         _02402_ (net)
                      0.074217    0.000000    2.373420 ^ _08526_/A (sky130_fd_sc_hd__xnor2_2)
     1    0.002059    0.021458    0.037744    2.411164 v _08526_/Y (sky130_fd_sc_hd__xnor2_2)
                                                         _00040_ (net)
                      0.021458    0.000000    2.411164 v _13688_/D (sky130_fd_sc_hd__dfrtp_2)
                                              2.411164   data arrival time

                      0.150000    0.000000    0.000000   clock clk (rise edge)
                                  0.000000    0.000000   clock network delay (ideal)
                                  0.250000    0.250000   clock uncertainty
                                  0.000000    0.250000   clock reconvergence pessimism
                                              0.250000 ^ _13688_/CLK (sky130_fd_sc_hd__dfrtp_2)
                                 -0.014408    0.235592   library hold time
                                              0.235592   data required time
---------------------------------------------------------------------------------------------
                                              0.235592   data required time
                                             -2.411164   data arrival time
---------------------------------------------------------------------------------------------
                                              2.175572   slack (MET)


Startpoint: w31[0] (input port clocked by clk)
Endpoint: _13687_ (rising edge-triggered flip-flop clocked by clk)
Path Group: clk
Path Type: min

Fanout         Cap        Slew       Delay        Time   Description
---------------------------------------------------------------------------------------------
                      0.150000    0.000000    0.000000   clock clk (rise edge)
                                  0.000000    0.000000   clock network delay (ideal)
                                  2.000000    2.000000 v input external delay
    13    0.039433    0.061159    0.042500    2.042500 v w31[0] (in)
                                                         w31[0] (net)
                      0.061159    0.000000    2.042500 v _06837_/B (sky130_fd_sc_hd__nand2_2)
     2    0.009951    0.055669    0.070874    2.113374 ^ _06837_/Y (sky130_fd_sc_hd__nand2_2)
                                                         _01562_ (net)
                      0.055669    0.000000    2.113374 ^ _06838_/C (sky130_fd_sc_hd__or3_2)
     2    0.006199    0.032090    0.080099    2.193474 ^ _06838_/X (sky130_fd_sc_hd__or3_2)
                                                         _01573_ (net)
                      0.032090    0.000000    2.193474 ^ _06868_/A (sky130_fd_sc_hd__nor2_2)
     3    0.007093    0.019234    0.026299    2.219772 v _06868_/Y (sky130_fd_sc_hd__nor2_2)
                                                         _01900_ (net)
                      0.019234    0.000000    2.219772 v _06915_/B1_N (sky130_fd_sc_hd__o21bai_2)
     1    0.001495    0.014660    0.088078    2.307851 v _06915_/Y (sky130_fd_sc_hd__o21bai_2)
                                                         _02413_ (net)
                      0.014660    0.000000    2.307851 v _06916_/B (sky130_fd_sc_hd__and2_2)
     1    0.002059    0.023389    0.104486    2.412337 v _06916_/X (sky130_fd_sc_hd__and2_2)
                                                         _00008_ (net)
                      0.023389    0.000000    2.412337 v _13687_/D (sky130_fd_sc_hd__dfrtp_2)
                                              2.412337   data arrival time

                      0.150000    0.000000    0.000000   clock clk (rise edge)
                                  0.000000    0.000000   clock network delay (ideal)
                                  0.250000    0.250000   clock uncertainty
                                  0.000000    0.250000   clock reconvergence pessimism
                                              0.250000 ^ _13687_/CLK (sky130_fd_sc_hd__dfrtp_2)
                                 -0.015028    0.234972   library hold time
                                              0.234972   data required time
---------------------------------------------------------------------------------------------
                                              0.234972   data required time
                                             -2.412337   data arrival time
---------------------------------------------------------------------------------------------
                                              2.177365   slack (MET)


Startpoint: w11[0] (input port clocked by clk)
Endpoint: _13655_ (rising edge-triggered flip-flop clocked by clk)
Path Group: clk
Path Type: min

Fanout         Cap        Slew       Delay        Time   Description
---------------------------------------------------------------------------------------------
                      0.150000    0.000000    0.000000   clock clk (rise edge)
                                  0.000000    0.000000   clock network delay (ideal)
                                  2.000000    2.000000 v input external delay
    14    0.038063    0.059107    0.040983    2.040983 v w11[0] (in)
                                                         w11[0] (net)
                      0.059107    0.000000    2.040983 v _08533_/D_N (sky130_fd_sc_hd__or4bb_2)
     4    0.018062    0.073796    0.160631    2.201614 ^ _08533_/X (sky130_fd_sc_hd__or4bb_2)
                                                         _01003_ (net)
                      0.073796    0.000000    2.201614 ^ _08607_/A (sky130_fd_sc_hd__nor3b_2)
     3    0.015039    0.041686    0.048236    2.249850 v _08607_/Y (sky130_fd_sc_hd__nor3b_2)
                                                         _01075_ (net)
                      0.041686    0.000000    2.249850 v _08777_/A1 (sky130_fd_sc_hd__a21o_2)
     4    0.013818    0.038007    0.142217    2.392067 v _08777_/X (sky130_fd_sc_hd__a21o_2)
                                                         _01244_ (net)
                      0.038007    0.000000    2.392067 v _08778_/B (sky130_fd_sc_hd__xor2_2)
     1    0.002087    0.044897    0.071784    2.463852 ^ _08778_/X (sky130_fd_sc_hd__xor2_2)
                                                         _00062_ (net)
                      0.044897    0.000000    2.463852 ^ _13655_/D (sky130_fd_sc_hd__dfrtp_2)
                                              2.463852   data arrival time

                      0.150000    0.000000    0.000000   clock clk (rise edge)
                                  0.000000    0.000000   clock network delay (ideal)
                                  0.250000    0.250000   clock uncertainty
                                  0.000000    0.250000   clock reconvergence pessimism
                                              0.250000 ^ _13655_/CLK (sky130_fd_sc_hd__dfrtp_2)
                                 -0.017607    0.232393   library hold time
                                              0.232393   data required time
---------------------------------------------------------------------------------------------
                                              0.232393   data required time
                                             -2.463852   data arrival time
---------------------------------------------------------------------------------------------
                                              2.231458   slack (MET)


Startpoint: w11[0] (input port clocked by clk)
Endpoint: _13656_ (rising edge-triggered flip-flop clocked by clk)
Path Group: clk
Path Type: min

Fanout         Cap        Slew       Delay        Time   Description
---------------------------------------------------------------------------------------------
                      0.150000    0.000000    0.000000   clock clk (rise edge)
                                  0.000000    0.000000   clock network delay (ideal)
                                  2.000000    2.000000 v input external delay
    14    0.038063    0.059107    0.040983    2.040983 v w11[0] (in)
                                                         w11[0] (net)
                      0.059107    0.000000    2.040983 v _08655_/B (sky130_fd_sc_hd__nand3_2)
     3    0.007778    0.051152    0.067777    2.108760 ^ _08655_/Y (sky130_fd_sc_hd__nand3_2)
                                                         _01122_ (net)
                      0.051152    0.000000    2.108760 ^ _08656_/B (sky130_fd_sc_hd__or2_2)
     2    0.004095    0.025869    0.071167    2.179927 ^ _08656_/X (sky130_fd_sc_hd__or2_2)
                                                         _01123_ (net)
                      0.025869    0.000000    2.179927 ^ _08779_/B1 (sky130_fd_sc_hd__o31a_2)
     3    0.010970    0.052538    0.078986    2.258913 ^ _08779_/X (sky130_fd_sc_hd__o31a_2)
                                                         _01245_ (net)
                      0.052538    0.000000    2.258913 ^ _08890_/B1 (sky130_fd_sc_hd__o21ai_2)
     4    0.012351    0.035142    0.039539    2.298452 v _08890_/Y (sky130_fd_sc_hd__o21ai_2)
                                                         _01358_ (net)
                      0.035142    0.000000    2.298452 v _08893_/B (sky130_fd_sc_hd__nand3_2)
     3    0.006619    0.043067    0.054992    2.353444 ^ _08893_/Y (sky130_fd_sc_hd__nand3_2)
                                                         _01361_ (net)
                      0.043067    0.000000    2.353444 ^ _08896_/B1 (sky130_fd_sc_hd__a22o_2)
     1    0.001786    0.018523    0.064835    2.418280 ^ _08896_/X (sky130_fd_sc_hd__a22o_2)
                                                         _01364_ (net)
                      0.018523    0.000000    2.418280 ^ _08897_/B (sky130_fd_sc_hd__and2b_2)
     1    0.002087    0.021544    0.073151    2.491430 ^ _08897_/X (sky130_fd_sc_hd__and2b_2)
                                                         _00063_ (net)
                      0.021544    0.000000    2.491430 ^ _13656_/D (sky130_fd_sc_hd__dfrtp_2)
                                              2.491430   data arrival time

                      0.150000    0.000000    0.000000   clock clk (rise edge)
                                  0.000000    0.000000   clock network delay (ideal)
                                  0.250000    0.250000   clock uncertainty
                                  0.000000    0.250000   clock reconvergence pessimism
                                              0.250000 ^ _13656_/CLK (sky130_fd_sc_hd__dfrtp_2)
                                 -0.015924    0.234076   library hold time
                                              0.234076   data required time
---------------------------------------------------------------------------------------------
                                              0.234076   data required time
                                             -2.491430   data arrival time
---------------------------------------------------------------------------------------------
                                              2.257354   slack (MET)


Startpoint: w21[0] (input port clocked by clk)
Endpoint: _13673_ (rising edge-triggered flip-flop clocked by clk)
Path Group: clk
Path Type: min

Fanout         Cap        Slew       Delay        Time   Description
---------------------------------------------------------------------------------------------
                      0.150000    0.000000    0.000000   clock clk (rise edge)
                                  0.000000    0.000000   clock network delay (ideal)
                                  2.000000    2.000000 v input external delay
    13    0.039043    0.060575    0.042068    2.042068 v w21[0] (in)
                                                         w21[0] (net)
                      0.060575    0.000000    2.042068 v _10344_/B (sky130_fd_sc_hd__nand3_2)
     3    0.007982    0.052100    0.068932    2.111000 ^ _10344_/Y (sky130_fd_sc_hd__nand3_2)
                                                         _02938_ (net)
                      0.052100    0.000000    2.111000 ^ _10345_/B (sky130_fd_sc_hd__nor2_2)
     2    0.006482    0.021907    0.025470    2.136470 v _10345_/Y (sky130_fd_sc_hd__nor2_2)
                                                         _02939_ (net)
                      0.021907    0.000000    2.136470 v _10471_/B1 (sky130_fd_sc_hd__a21o_2)
     2    0.006554    0.026089    0.085617    2.222087 v _10471_/X (sky130_fd_sc_hd__a21o_2)
                                                         _03077_ (net)
                      0.026089    0.000000    2.222087 v _10582_/B1 (sky130_fd_sc_hd__a21o_2)
     4    0.009623    0.031128    0.093051    2.315138 v _10582_/X (sky130_fd_sc_hd__a21o_2)
                                                         _03199_ (net)
                      0.031128    0.000000    2.315138 v _10585_/B (sky130_fd_sc_hd__nand3_2)
     3    0.006619    0.042181    0.053383    2.368521 ^ _10585_/Y (sky130_fd_sc_hd__nand3_2)
                                                         _03202_ (net)
                      0.042181    0.000000    2.368521 ^ _10588_/B1 (sky130_fd_sc_hd__a22o_2)
     1    0.001786    0.018523    0.064602    2.433124 ^ _10588_/X (sky130_fd_sc_hd__a22o_2)
                                                         _03206_ (net)
                      0.018523    0.000000    2.433124 ^ _10589_/B (sky130_fd_sc_hd__and2b_2)
     1    0.002087    0.021544    0.073151    2.506274 ^ _10589_/X (sky130_fd_sc_hd__and2b_2)
                                                         _00021_ (net)
                      0.021544    0.000000    2.506274 ^ _13673_/D (sky130_fd_sc_hd__dfrtp_2)
                                              2.506274   data arrival time

                      0.150000    0.000000    0.000000   clock clk (rise edge)
                                  0.000000    0.000000   clock network delay (ideal)
                                  0.250000    0.250000   clock uncertainty
                                  0.000000    0.250000   clock reconvergence pessimism
                                              0.250000 ^ _13673_/CLK (sky130_fd_sc_hd__dfrtp_2)
                                 -0.015924    0.234076   library hold time
                                              0.234076   data required time
---------------------------------------------------------------------------------------------
                                              0.234076   data required time
                                             -2.506274   data arrival time
---------------------------------------------------------------------------------------------
                                              2.272198   slack (MET)


Startpoint: w11[0] (input port clocked by clk)
Endpoint: _13657_ (rising edge-triggered flip-flop clocked by clk)
Path Group: clk
Path Type: min

Fanout         Cap        Slew       Delay        Time   Description
---------------------------------------------------------------------------------------------
                      0.150000    0.000000    0.000000   clock clk (rise edge)
                                  0.000000    0.000000   clock network delay (ideal)
                                  2.000000    2.000000 v input external delay
    14    0.038063    0.059107    0.040983    2.040983 v w11[0] (in)
                                                         w11[0] (net)
                      0.059107    0.000000    2.040983 v _08655_/B (sky130_fd_sc_hd__nand3_2)
     3    0.007778    0.051152    0.067777    2.108760 ^ _08655_/Y (sky130_fd_sc_hd__nand3_2)
                                                         _01122_ (net)
                      0.051152    0.000000    2.108760 ^ _08656_/B (sky130_fd_sc_hd__or2_2)
     2    0.004095    0.025869    0.071167    2.179927 ^ _08656_/X (sky130_fd_sc_hd__or2_2)
                                                         _01123_ (net)
                      0.025869    0.000000    2.179927 ^ _08779_/B1 (sky130_fd_sc_hd__o31a_2)
     3    0.010970    0.052538    0.078986    2.258913 ^ _08779_/X (sky130_fd_sc_hd__o31a_2)
                                                         _01245_ (net)
                      0.052538    0.000000    2.258913 ^ _08890_/B1 (sky130_fd_sc_hd__o21ai_2)
     4    0.012351    0.035142    0.039539    2.298452 v _08890_/Y (sky130_fd_sc_hd__o21ai_2)
                                                         _01358_ (net)
                      0.035142    0.000000    2.298452 v _08893_/B (sky130_fd_sc_hd__nand3_2)
     3    0.006619    0.043067    0.054992    2.353444 ^ _08893_/Y (sky130_fd_sc_hd__nand3_2)
                                                         _01361_ (net)
                      0.043067    0.000000    2.353444 ^ _09034_/A3 (sky130_fd_sc_hd__a41o_2)
     2    0.010834    0.044695    0.126094    2.479538 ^ _09034_/X (sky130_fd_sc_hd__a41o_2)
                                                         _01515_ (net)
                      0.044695    0.000000    2.479538 ^ _09035_/B (sky130_fd_sc_hd__xor2_2)
     1    0.002059    0.020044    0.030011    2.509549 v _09035_/X (sky130_fd_sc_hd__xor2_2)
                                                         _00064_ (net)
                      0.020044    0.000000    2.509549 v _13657_/D (sky130_fd_sc_hd__dfrtp_2)
                                              2.509549   data arrival time

                      0.150000    0.000000    0.000000   clock clk (rise edge)
                                  0.000000    0.000000   clock network delay (ideal)
                                  0.250000    0.250000   clock uncertainty
                                  0.000000    0.250000   clock reconvergence pessimism
                                              0.250000 ^ _13657_/CLK (sky130_fd_sc_hd__dfrtp_2)
                                 -0.013955    0.236045   library hold time
                                              0.236045   data required time
---------------------------------------------------------------------------------------------
                                              0.236045   data required time
                                             -2.509549   data arrival time
---------------------------------------------------------------------------------------------
                                              2.273504   slack (MET)


Startpoint: w31[0] (input port clocked by clk)
Endpoint: _13689_ (rising edge-triggered flip-flop clocked by clk)
Path Group: clk
Path Type: min

Fanout         Cap        Slew       Delay        Time   Description
---------------------------------------------------------------------------------------------
                      0.150000    0.000000    0.000000   clock clk (rise edge)
                                  0.000000    0.000000   clock network delay (ideal)
                                  2.000000    2.000000 v input external delay
    13    0.039433    0.061159    0.042500    2.042500 v w31[0] (in)
                                                         w31[0] (net)
                      0.061159    0.000000    2.042500 v _06837_/B (sky130_fd_sc_hd__nand2_2)
     2    0.009951    0.055669    0.070874    2.113374 ^ _06837_/Y (sky130_fd_sc_hd__nand2_2)
                                                         _01562_ (net)
                      0.055669    0.000000    2.113374 ^ _06838_/C (sky130_fd_sc_hd__or3_2)
     2    0.006199    0.032090    0.080099    2.193474 ^ _06838_/X (sky130_fd_sc_hd__or3_2)
                                                         _01573_ (net)
                      0.032090    0.000000    2.193474 ^ _06868_/A (sky130_fd_sc_hd__nor2_2)
     3    0.007093    0.019234    0.026299    2.219772 v _06868_/Y (sky130_fd_sc_hd__nor2_2)
                                                         _01900_ (net)
                      0.019234    0.000000    2.219772 v _06914_/C_N (sky130_fd_sc_hd__or3b_2)
     3    0.015140    0.074217    0.153647    2.373420 ^ _06914_/X (sky130_fd_sc_hd__or3b_2)
                                                         _02402_ (net)
                      0.074217    0.000000    2.373420 ^ _07082_/A1 (sky130_fd_sc_hd__o21bai_2)
     4    0.013818    0.047366    0.066798    2.440218 v _07082_/Y (sky130_fd_sc_hd__o21bai_2)
                                                         _04232_ (net)
                      0.047366    0.000000    2.440218 v _07083_/B (sky130_fd_sc_hd__xor2_2)
     1    0.002087    0.044897    0.075280    2.515498 ^ _07083_/X (sky130_fd_sc_hd__xor2_2)
                                                         _00048_ (net)
                      0.044897    0.000000    2.515498 ^ _13689_/D (sky130_fd_sc_hd__dfrtp_2)
                                              2.515498   data arrival time

                      0.150000    0.000000    0.000000   clock clk (rise edge)
                                  0.000000    0.000000   clock network delay (ideal)
                                  0.250000    0.250000   clock uncertainty
                                  0.000000    0.250000   clock reconvergence pessimism
                                              0.250000 ^ _13689_/CLK (sky130_fd_sc_hd__dfrtp_2)
                                 -0.017607    0.232393   library hold time
                                              0.232393   data required time
---------------------------------------------------------------------------------------------
                                              0.232393   data required time
                                             -2.515498   data arrival time
---------------------------------------------------------------------------------------------
                                              2.283105   slack (MET)


Startpoint: w21[0] (input port clocked by clk)
Endpoint: _13672_ (rising edge-triggered flip-flop clocked by clk)
Path Group: clk
Path Type: min

Fanout         Cap        Slew       Delay        Time   Description
---------------------------------------------------------------------------------------------
                      0.150000    0.000000    0.000000   clock clk (rise edge)
                                  0.000000    0.000000   clock network delay (ideal)
                                  2.000000    2.000000 v input external delay
    13    0.039043    0.060575    0.042068    2.042068 v w21[0] (in)
                                                         w21[0] (net)
                      0.060575    0.000000    2.042068 v _10217_/B (sky130_fd_sc_hd__nand2_2)
     2    0.006150    0.042453    0.060632    2.102700 ^ _10217_/Y (sky130_fd_sc_hd__nand2_2)
                                                         _02801_ (net)
                      0.042453    0.000000    2.102700 ^ _10218_/C (sky130_fd_sc_hd__or3_2)
     3    0.007827    0.037710    0.080459    2.183160 ^ _10218_/X (sky130_fd_sc_hd__or3_2)
                                                         _02803_ (net)
                      0.037710    0.000000    2.183160 ^ _10247_/A (sky130_fd_sc_hd__or2_2)
     3    0.015206    0.066522    0.098859    2.282019 ^ _10247_/X (sky130_fd_sc_hd__or2_2)
                                                         _02833_ (net)
                      0.066522    0.000000    2.282019 ^ _10248_/A (sky130_fd_sc_hd__inv_2)
     2    0.006624    0.023263    0.023441    2.305459 v _10248_/Y (sky130_fd_sc_hd__inv_2)
                                                         _02835_ (net)
                      0.023263    0.000000    2.305459 v _10469_/A1 (sky130_fd_sc_hd__a31o_2)
     4    0.013818    0.036787    0.143387    2.448847 v _10469_/X (sky130_fd_sc_hd__a31o_2)
                                                         _03076_ (net)
                      0.036787    0.000000    2.448847 v _10470_/B (sky130_fd_sc_hd__xor2_2)
     1    0.002087    0.044897    0.071329    2.520175 ^ _10470_/X (sky130_fd_sc_hd__xor2_2)
                                                         _00020_ (net)
                      0.044897    0.000000    2.520175 ^ _13672_/D (sky130_fd_sc_hd__dfrtp_2)
                                              2.520175   data arrival time

                      0.150000    0.000000    0.000000   clock clk (rise edge)
                                  0.000000    0.000000   clock network delay (ideal)
                                  0.250000    0.250000   clock uncertainty
                                  0.000000    0.250000   clock reconvergence pessimism
                                              0.250000 ^ _13672_/CLK (sky130_fd_sc_hd__dfrtp_2)
                                 -0.017607    0.232393   library hold time
                                              0.232393   data required time
---------------------------------------------------------------------------------------------
                                              0.232393   data required time
                                             -2.520175   data arrival time
---------------------------------------------------------------------------------------------
                                              2.287782   slack (MET)


Startpoint: w01[0] (input port clocked by clk)
Endpoint: _13638_ (rising edge-triggered flip-flop clocked by clk)
Path Group: clk
Path Type: min

Fanout         Cap        Slew       Delay        Time   Description
---------------------------------------------------------------------------------------------
                      0.150000    0.000000    0.000000   clock clk (rise edge)
                                  0.000000    0.000000   clock network delay (ideal)
                                  2.000000    2.000000 v input external delay
    13    0.039043    0.060575    0.042068    2.042068 v w01[0] (in)
                                                         w01[0] (net)
                      0.060575    0.000000    2.042068 v _11930_/B (sky130_fd_sc_hd__nand2_2)
     2    0.006150    0.042453    0.060632    2.102700 ^ _11930_/Y (sky130_fd_sc_hd__nand2_2)
                                                         _04668_ (net)
                      0.042453    0.000000    2.102700 ^ _11931_/C (sky130_fd_sc_hd__or3_2)
     3    0.007827    0.037710    0.080459    2.183160 ^ _11931_/X (sky130_fd_sc_hd__or3_2)
                                                         _04669_ (net)
                      0.037710    0.000000    2.183160 ^ _11960_/A (sky130_fd_sc_hd__or2_2)
     3    0.015206    0.066522    0.098859    2.282019 ^ _11960_/X (sky130_fd_sc_hd__or2_2)
                                                         _04700_ (net)
                      0.066522    0.000000    2.282019 ^ _11961_/A (sky130_fd_sc_hd__inv_2)
     2    0.006624    0.023263    0.023441    2.305459 v _11961_/Y (sky130_fd_sc_hd__inv_2)
                                                         _04701_ (net)
                      0.023263    0.000000    2.305459 v _12180_/A1 (sky130_fd_sc_hd__a31o_2)
     4    0.013818    0.036787    0.143387    2.448847 v _12180_/X (sky130_fd_sc_hd__a31o_2)
                                                         _04940_ (net)
                      0.036787    0.000000    2.448847 v _12181_/B (sky130_fd_sc_hd__xor2_2)
     1    0.002087    0.044955    0.071329    2.520175 ^ _12181_/X (sky130_fd_sc_hd__xor2_2)
                                                         _00034_ (net)
                      0.044955    0.000000    2.520175 ^ _13638_/D (sky130_fd_sc_hd__dfrtp_2)
                                              2.520175   data arrival time

                      0.150000    0.000000    0.000000   clock clk (rise edge)
                                  0.000000    0.000000   clock network delay (ideal)
                                  0.250000    0.250000   clock uncertainty
                                  0.000000    0.250000   clock reconvergence pessimism
                                              0.250000 ^ _13638_/CLK (sky130_fd_sc_hd__dfrtp_2)
                                 -0.017611    0.232389   library hold time
                                              0.232389   data required time
---------------------------------------------------------------------------------------------
                                              0.232389   data required time
                                             -2.520175   data arrival time
---------------------------------------------------------------------------------------------
                                              2.287786   slack (MET)


Startpoint: w21[0] (input port clocked by clk)
Endpoint: _13674_ (rising edge-triggered flip-flop clocked by clk)
Path Group: clk
Path Type: min

Fanout         Cap        Slew       Delay        Time   Description
---------------------------------------------------------------------------------------------
                      0.150000    0.000000    0.000000   clock clk (rise edge)
                                  0.000000    0.000000   clock network delay (ideal)
                                  2.000000    2.000000 v input external delay
    13    0.039043    0.060575    0.042068    2.042068 v w21[0] (in)
                                                         w21[0] (net)
                      0.060575    0.000000    2.042068 v _10344_/B (sky130_fd_sc_hd__nand3_2)
     3    0.007982    0.052100    0.068932    2.111000 ^ _10344_/Y (sky130_fd_sc_hd__nand3_2)
                                                         _02938_ (net)
                      0.052100    0.000000    2.111000 ^ _10345_/B (sky130_fd_sc_hd__nor2_2)
     2    0.006482    0.021907    0.025470    2.136470 v _10345_/Y (sky130_fd_sc_hd__nor2_2)
                                                         _02939_ (net)
                      0.021907    0.000000    2.136470 v _10471_/B1 (sky130_fd_sc_hd__a21o_2)
     2    0.006554    0.026089    0.085617    2.222087 v _10471_/X (sky130_fd_sc_hd__a21o_2)
                                                         _03077_ (net)
                      0.026089    0.000000    2.222087 v _10581_/A (sky130_fd_sc_hd__nand3_2)
     6    0.017179    0.075502    0.070194    2.292281 ^ _10581_/Y (sky130_fd_sc_hd__nand3_2)
                                                         _03198_ (net)
                      0.075502    0.000000    2.292281 ^ _10727_/C (sky130_fd_sc_hd__and4b_2)
     1    0.002567    0.031853    0.123662    2.415943 ^ _10727_/X (sky130_fd_sc_hd__and4b_2)
                                                         _03357_ (net)
                      0.031853    0.000000    2.415943 ^ _10728_/B1 (sky130_fd_sc_hd__a41o_2)
     2    0.013457    0.053544    0.077803    2.493746 ^ _10728_/X (sky130_fd_sc_hd__a41o_2)
                                                         _03359_ (net)
                      0.053544    0.000000    2.493746 ^ _10729_/B (sky130_fd_sc_hd__xnor2_2)
     1    0.002059    0.018872    0.030580    2.524326 v _10729_/Y (sky130_fd_sc_hd__xnor2_2)
                                                         _00022_ (net)
                      0.018872    0.000000    2.524326 v _13674_/D (sky130_fd_sc_hd__dfrtp_2)
                                              2.524326   data arrival time

                      0.150000    0.000000    0.000000   clock clk (rise edge)
                                  0.000000    0.000000   clock network delay (ideal)
                                  0.250000    0.250000   clock uncertainty
                                  0.000000    0.250000   clock reconvergence pessimism
                                              0.250000 ^ _13674_/CLK (sky130_fd_sc_hd__dfrtp_2)
                                 -0.013579    0.236421   library hold time
                                              0.236421   data required time
---------------------------------------------------------------------------------------------
                                              0.236421   data required time
                                             -2.524326   data arrival time
---------------------------------------------------------------------------------------------
                                              2.287905   slack (MET)


Startpoint: w01[0] (input port clocked by clk)
Endpoint: _13640_ (rising edge-triggered flip-flop clocked by clk)
Path Group: clk
Path Type: min

Fanout         Cap        Slew       Delay        Time   Description
---------------------------------------------------------------------------------------------
                      0.150000    0.000000    0.000000   clock clk (rise edge)
                                  0.000000    0.000000   clock network delay (ideal)
                                  2.000000    2.000000 v input external delay
    13    0.039043    0.060575    0.042068    2.042068 v w01[0] (in)
                                                         w01[0] (net)
                      0.060575    0.000000    2.042068 v _12056_/B (sky130_fd_sc_hd__nand3_2)
     3    0.007778    0.051376    0.068375    2.110443 ^ _12056_/Y (sky130_fd_sc_hd__nand3_2)
                                                         _04803_ (net)
                      0.051376    0.000000    2.110443 ^ _12057_/B (sky130_fd_sc_hd__or2_2)
     2    0.004095    0.025869    0.071236    2.181679 ^ _12057_/X (sky130_fd_sc_hd__or2_2)
                                                         _04804_ (net)
                      0.025869    0.000000    2.181679 ^ _12182_/B1 (sky130_fd_sc_hd__o31a_2)
     2    0.007218    0.038322    0.068385    2.250063 ^ _12182_/X (sky130_fd_sc_hd__o31a_2)
                                                         _04941_ (net)
                      0.038322    0.000000    2.250063 ^ _12293_/B1 (sky130_fd_sc_hd__o21a_2)
     4    0.015985    0.068834    0.093700    2.343763 ^ _12293_/X (sky130_fd_sc_hd__o21a_2)
                                                         _05063_ (net)
                      0.068834    0.000000    2.343763 ^ _12435_/D (sky130_fd_sc_hd__nor4_2)
     1    0.002291    0.020979    0.021233    2.364996 v _12435_/Y (sky130_fd_sc_hd__nor4_2)
                                                         _05218_ (net)
                      0.020979    0.000000    2.364996 v _12436_/B1 (sky130_fd_sc_hd__a41o_2)
     2    0.012615    0.033943    0.091190    2.456186 v _12436_/X (sky130_fd_sc_hd__a41o_2)
                                                         _05219_ (net)
                      0.033943    0.000000    2.456186 v _12437_/B (sky130_fd_sc_hd__xnor2_2)
     1    0.002087    0.022501    0.071077    2.527263 ^ _12437_/Y (sky130_fd_sc_hd__xnor2_2)
                                                         _00036_ (net)
                      0.022501    0.000000    2.527263 ^ _13640_/D (sky130_fd_sc_hd__dfrtp_2)
                                              2.527263   data arrival time

                      0.150000    0.000000    0.000000   clock clk (rise edge)
                                  0.000000    0.000000   clock network delay (ideal)
                                  0.250000    0.250000   clock uncertainty
                                  0.000000    0.250000   clock reconvergence pessimism
                                              0.250000 ^ _13640_/CLK (sky130_fd_sc_hd__dfrtp_2)
                                 -0.015993    0.234007   library hold time
                                              0.234007   data required time
---------------------------------------------------------------------------------------------
                                              0.234007   data required time
                                             -2.527263   data arrival time
---------------------------------------------------------------------------------------------
                                              2.293256   slack (MET)


Startpoint: w21[0] (input port clocked by clk)
Endpoint: _13675_ (rising edge-triggered flip-flop clocked by clk)
Path Group: clk
Path Type: min

Fanout         Cap        Slew       Delay        Time   Description
---------------------------------------------------------------------------------------------
                      0.150000    0.000000    0.000000   clock clk (rise edge)
                                  0.000000    0.000000   clock network delay (ideal)
                                  2.000000    2.000000 v input external delay
    13    0.039043    0.060575    0.042068    2.042068 v w21[0] (in)
                                                         w21[0] (net)
                      0.060575    0.000000    2.042068 v _10344_/B (sky130_fd_sc_hd__nand3_2)
     3    0.007982    0.052100    0.068932    2.111000 ^ _10344_/Y (sky130_fd_sc_hd__nand3_2)
                                                         _02938_ (net)
                      0.052100    0.000000    2.111000 ^ _10345_/B (sky130_fd_sc_hd__nor2_2)
     2    0.006482    0.021907    0.025470    2.136470 v _10345_/Y (sky130_fd_sc_hd__nor2_2)
                                                         _02939_ (net)
                      0.021907    0.000000    2.136470 v _10471_/B1 (sky130_fd_sc_hd__a21o_2)
     2    0.006554    0.026089    0.085617    2.222087 v _10471_/X (sky130_fd_sc_hd__a21o_2)
                                                         _03077_ (net)
                      0.026089    0.000000    2.222087 v _10581_/A (sky130_fd_sc_hd__nand3_2)
     6    0.017179    0.075502    0.070194    2.292281 ^ _10581_/Y (sky130_fd_sc_hd__nand3_2)
                                                         _03198_ (net)
                      0.075502    0.000000    2.292281 ^ _10722_/A2 (sky130_fd_sc_hd__a211o_2)
     4    0.010384    0.043599    0.100557    2.392838 ^ _10722_/X (sky130_fd_sc_hd__a211o_2)
                                                         _03352_ (net)
                      0.043599    0.000000    2.392838 ^ _10886_/A (sky130_fd_sc_hd__nor2_2)
     2    0.005534    0.017473    0.026517    2.419355 v _10886_/Y (sky130_fd_sc_hd__nor2_2)
                                                         _03531_ (net)
                      0.017473    0.000000    2.419355 v _10888_/A2 (sky130_fd_sc_hd__o21ai_2)
     1    0.002600    0.020496    0.061295    2.480650 ^ _10888_/Y (sky130_fd_sc_hd__o21ai_2)
                                                         _03534_ (net)
                      0.020496    0.000000    2.480650 ^ _10889_/B1 (sky130_fd_sc_hd__o21a_2)
     1    0.002087    0.017486    0.049742    2.530391 ^ _10889_/X (sky130_fd_sc_hd__o21a_2)
                                                         _00023_ (net)
                      0.017486    0.000000    2.530391 ^ _13675_/D (sky130_fd_sc_hd__dfrtp_2)
                                              2.530391   data arrival time

                      0.150000    0.000000    0.000000   clock clk (rise edge)
                                  0.000000    0.000000   clock network delay (ideal)
                                  0.250000    0.250000   clock uncertainty
                                  0.000000    0.250000   clock reconvergence pessimism
                                              0.250000 ^ _13675_/CLK (sky130_fd_sc_hd__dfrtp_2)
                                 -0.015632    0.234368   library hold time
                                              0.234368   data required time
---------------------------------------------------------------------------------------------
                                              0.234368   data required time
                                             -2.530391   data arrival time
---------------------------------------------------------------------------------------------
                                              2.296023   slack (MET)


Startpoint: w31[0] (input port clocked by clk)
Endpoint: _13693_ (rising edge-triggered flip-flop clocked by clk)
Path Group: clk
Path Type: min

Fanout         Cap        Slew       Delay        Time   Description
---------------------------------------------------------------------------------------------
                      0.150000    0.000000    0.000000   clock clk (rise edge)
                                  0.000000    0.000000   clock network delay (ideal)
                                  2.000000    2.000000 v input external delay
    13    0.039433    0.061159    0.042500    2.042500 v w31[0] (in)
                                                         w31[0] (net)
                      0.061159    0.000000    2.042500 v _07215_/A1 (sky130_fd_sc_hd__a21o_2)
     1    0.004320    0.022304    0.128698    2.171198 v _07215_/X (sky130_fd_sc_hd__a21o_2)
                                                         _05679_ (net)
                      0.022304    0.000000    2.171198 v _07217_/A (sky130_fd_sc_hd__nand2_2)
     3    0.008199    0.040513    0.043350    2.214547 ^ _07217_/Y (sky130_fd_sc_hd__nand2_2)
                                                         _05701_ (net)
                      0.040513    0.000000    2.214547 ^ _07344_/B (sky130_fd_sc_hd__or3_2)
     3    0.008863    0.041294    0.084790    2.299337 ^ _07344_/X (sky130_fd_sc_hd__or3_2)
                                                         _06574_ (net)
                      0.041294    0.000000    2.299337 ^ _07657_/A (sky130_fd_sc_hd__or3_2)
     2    0.006248    0.032271    0.079222    2.378559 ^ _07657_/X (sky130_fd_sc_hd__or3_2)
                                                         _00137_ (net)
                      0.032271    0.000000    2.378559 ^ _07660_/A1 (sky130_fd_sc_hd__a21oi_2)
     2    0.005746    0.023472    0.029093    2.407652 v _07660_/Y (sky130_fd_sc_hd__a21oi_2)
                                                         _00140_ (net)
                      0.023472    0.000000    2.407652 v _07661_/B (sky130_fd_sc_hd__nor2_2)
     2    0.010542    0.101736    0.086165    2.493817 ^ _07661_/Y (sky130_fd_sc_hd__nor2_2)
                                                         _00141_ (net)
                      0.101736    0.000000    2.493817 ^ _07664_/A (sky130_fd_sc_hd__xnor2_2)
     1    0.002059    0.021101    0.039782    2.533599 v _07664_/Y (sky130_fd_sc_hd__xnor2_2)
                                                         _00052_ (net)
                      0.021101    0.000000    2.533599 v _13693_/D (sky130_fd_sc_hd__dfrtp_2)
                                              2.533599   data arrival time

                      0.150000    0.000000    0.000000   clock clk (rise edge)
                                  0.000000    0.000000   clock network delay (ideal)
                                  0.250000    0.250000   clock uncertainty
                                  0.000000    0.250000   clock reconvergence pessimism
                                              0.250000 ^ _13693_/CLK (sky130_fd_sc_hd__dfrtp_2)
                                 -0.014294    0.235706   library hold time
                                              0.235706   data required time
---------------------------------------------------------------------------------------------
                                              0.235706   data required time
                                             -2.533599   data arrival time
---------------------------------------------------------------------------------------------
                                              2.297893   slack (MET)


Startpoint: w31[0] (input port clocked by clk)
Endpoint: _13694_ (rising edge-triggered flip-flop clocked by clk)
Path Group: clk
Path Type: min

Fanout         Cap        Slew       Delay        Time   Description
---------------------------------------------------------------------------------------------
                      0.150000    0.000000    0.000000   clock clk (rise edge)
                                  0.000000    0.000000   clock network delay (ideal)
                                  2.000000    2.000000 v input external delay
    13    0.039433    0.061159    0.042500    2.042500 v w31[0] (in)
                                                         w31[0] (net)
                      0.061159    0.000000    2.042500 v _07215_/A1 (sky130_fd_sc_hd__a21o_2)
     1    0.004320    0.022304    0.128698    2.171198 v _07215_/X (sky130_fd_sc_hd__a21o_2)
                                                         _05679_ (net)
                      0.022304    0.000000    2.171198 v _07217_/A (sky130_fd_sc_hd__nand2_2)
     3    0.008199    0.040513    0.043350    2.214547 ^ _07217_/Y (sky130_fd_sc_hd__nand2_2)
                                                         _05701_ (net)
                      0.040513    0.000000    2.214547 ^ _07344_/B (sky130_fd_sc_hd__or3_2)
     3    0.008863    0.041294    0.084790    2.299337 ^ _07344_/X (sky130_fd_sc_hd__or3_2)
                                                         _06574_ (net)
                      0.041294    0.000000    2.299337 ^ _07665_/A1 (sky130_fd_sc_hd__o21ba_2)
     2    0.006250    0.037643    0.092684    2.392022 ^ _07665_/X (sky130_fd_sc_hd__o21ba_2)
                                                         _00144_ (net)
                      0.037643    0.000000    2.392022 ^ _07809_/A (sky130_fd_sc_hd__nand2_2)
     2    0.008895    0.030264    0.034203    2.426224 v _07809_/Y (sky130_fd_sc_hd__nand2_2)
                                                         _00288_ (net)
                      0.030264    0.000000    2.426224 v _07811_/A (sky130_fd_sc_hd__nand2_2)
     3    0.016677    0.072349    0.069178    2.495402 ^ _07811_/Y (sky130_fd_sc_hd__nand2_2)
                                                         _00290_ (net)
                      0.072349    0.000000    2.495402 ^ _07813_/A (sky130_fd_sc_hd__xor2_2)
     1    0.002059    0.020024    0.038797    2.534199 v _07813_/X (sky130_fd_sc_hd__xor2_2)
                                                         _00053_ (net)
                      0.020024    0.000000    2.534199 v _13694_/D (sky130_fd_sc_hd__dfrtp_2)
                                              2.534199   data arrival time

                      0.150000    0.000000    0.000000   clock clk (rise edge)
                                  0.000000    0.000000   clock network delay (ideal)
                                  0.250000    0.250000   clock uncertainty
                                  0.000000    0.250000   clock reconvergence pessimism
                                              0.250000 ^ _13694_/CLK (sky130_fd_sc_hd__dfrtp_2)
                                 -0.013949    0.236051   library hold time
                                              0.236051   data required time
---------------------------------------------------------------------------------------------
                                              0.236051   data required time
                                             -2.534199   data arrival time
---------------------------------------------------------------------------------------------
                                              2.298148   slack (MET)


Startpoint: w01[0] (input port clocked by clk)
Endpoint: _13639_ (rising edge-triggered flip-flop clocked by clk)
Path Group: clk
Path Type: min

Fanout         Cap        Slew       Delay        Time   Description
---------------------------------------------------------------------------------------------
                      0.150000    0.000000    0.000000   clock clk (rise edge)
                                  0.000000    0.000000   clock network delay (ideal)
                                  2.000000    2.000000 v input external delay
    13    0.039043    0.060575    0.042068    2.042068 v w01[0] (in)
                                                         w01[0] (net)
                      0.060575    0.000000    2.042068 v _12056_/B (sky130_fd_sc_hd__nand3_2)
     3    0.007778    0.051376    0.068375    2.110443 ^ _12056_/Y (sky130_fd_sc_hd__nand3_2)
                                                         _04803_ (net)
                      0.051376    0.000000    2.110443 ^ _12057_/B (sky130_fd_sc_hd__or2_2)
     2    0.004095    0.025869    0.071236    2.181679 ^ _12057_/X (sky130_fd_sc_hd__or2_2)
                                                         _04804_ (net)
                      0.025869    0.000000    2.181679 ^ _12182_/B1 (sky130_fd_sc_hd__o31a_2)
     2    0.007218    0.038322    0.068385    2.250063 ^ _12182_/X (sky130_fd_sc_hd__o31a_2)
                                                         _04941_ (net)
                      0.038322    0.000000    2.250063 ^ _12292_/A (sky130_fd_sc_hd__nor3_2)
     6    0.020540    0.039759    0.047417    2.297480 v _12292_/Y (sky130_fd_sc_hd__nor3_2)
                                                         _05062_ (net)
                      0.039759    0.000000    2.297480 v _12297_/A1 (sky130_fd_sc_hd__o21ai_2)
     3    0.006692    0.037737    0.104755    2.402235 ^ _12297_/Y (sky130_fd_sc_hd__o21ai_2)
                                                         _05067_ (net)
                      0.037737    0.000000    2.402235 ^ _12299_/B2 (sky130_fd_sc_hd__a22o_2)
     1    0.001786    0.018514    0.066444    2.468679 ^ _12299_/X (sky130_fd_sc_hd__a22o_2)
                                                         _05070_ (net)
                      0.018514    0.000000    2.468679 ^ _12300_/B (sky130_fd_sc_hd__and2b_2)
     1    0.002087    0.021544    0.073149    2.541828 ^ _12300_/X (sky130_fd_sc_hd__and2b_2)
                                                         _00035_ (net)
                      0.021544    0.000000    2.541828 ^ _13639_/D (sky130_fd_sc_hd__dfrtp_2)
                                              2.541828   data arrival time

                      0.150000    0.000000    0.000000   clock clk (rise edge)
                                  0.000000    0.000000   clock network delay (ideal)
                                  0.250000    0.250000   clock uncertainty
                                  0.000000    0.250000   clock reconvergence pessimism
                                              0.250000 ^ _13639_/CLK (sky130_fd_sc_hd__dfrtp_2)
                                 -0.015924    0.234076   library hold time
                                              0.234076   data required time
---------------------------------------------------------------------------------------------
                                              0.234076   data required time
                                             -2.541828   data arrival time
---------------------------------------------------------------------------------------------
                                              2.307752   slack (MET)


Startpoint: w21[0] (input port clocked by clk)
Endpoint: _13677_ (rising edge-triggered flip-flop clocked by clk)
Path Group: clk
Path Type: min

Fanout         Cap        Slew       Delay        Time   Description
---------------------------------------------------------------------------------------------
                      0.150000    0.000000    0.000000   clock clk (rise edge)
                                  0.000000    0.000000   clock network delay (ideal)
                                  2.000000    2.000000 v input external delay
    13    0.039043    0.060575    0.042068    2.042068 v w21[0] (in)
                                                         w21[0] (net)
                      0.060575    0.000000    2.042068 v _10601_/A2 (sky130_fd_sc_hd__a21o_2)
     1    0.004320    0.022304    0.143668    2.185736 v _10601_/X (sky130_fd_sc_hd__a21o_2)
                                                         _03219_ (net)
                      0.022304    0.000000    2.185736 v _10603_/A (sky130_fd_sc_hd__nand2_2)
     3    0.008199    0.040513    0.043350    2.229086 ^ _10603_/Y (sky130_fd_sc_hd__nand2_2)
                                                         _03221_ (net)
                      0.040513    0.000000    2.229086 ^ _10731_/B (sky130_fd_sc_hd__or3_2)
     2    0.011538    0.050531    0.091843    2.320929 ^ _10731_/X (sky130_fd_sc_hd__or3_2)
                                                         _03361_ (net)
                      0.050531    0.000000    2.320929 ^ _11047_/A (sky130_fd_sc_hd__xnor2_2)
     3    0.015625    0.070838    0.101444    2.422373 ^ _11047_/Y (sky130_fd_sc_hd__xnor2_2)
                                                         _03707_ (net)
                      0.070838    0.000000    2.422373 ^ _11197_/A2 (sky130_fd_sc_hd__o21ba_2)
     1    0.008395    0.046541    0.094700    2.517073 ^ _11197_/X (sky130_fd_sc_hd__o21ba_2)
                                                         _03871_ (net)
                      0.046541    0.000000    2.517073 ^ _11198_/B (sky130_fd_sc_hd__xnor2_2)
     1    0.002059    0.018096    0.029739    2.546812 v _11198_/Y (sky130_fd_sc_hd__xnor2_2)
                                                         _00025_ (net)
                      0.018096    0.000000    2.546812 v _13677_/D (sky130_fd_sc_hd__dfrtp_2)
                                              2.546812   data arrival time

                      0.150000    0.000000    0.000000   clock clk (rise edge)
                                  0.000000    0.000000   clock network delay (ideal)
                                  0.250000    0.250000   clock uncertainty
                                  0.000000    0.250000   clock reconvergence pessimism
                                              0.250000 ^ _13677_/CLK (sky130_fd_sc_hd__dfrtp_2)
                                 -0.013330    0.236670   library hold time
                                              0.236670   data required time
---------------------------------------------------------------------------------------------
                                              0.236670   data required time
                                             -2.546812   data arrival time
---------------------------------------------------------------------------------------------
                                              2.310142   slack (MET)


Startpoint: w11[0] (input port clocked by clk)
Endpoint: _13659_ (rising edge-triggered flip-flop clocked by clk)
Path Group: clk
Path Type: min

Fanout         Cap        Slew       Delay        Time   Description
---------------------------------------------------------------------------------------------
                      0.150000    0.000000    0.000000   clock clk (rise edge)
                                  0.000000    0.000000   clock network delay (ideal)
                                  2.000000    2.000000 v input external delay
    14    0.038063    0.059107    0.040983    2.040983 v w11[0] (in)
                                                         w11[0] (net)
                      0.059107    0.000000    2.040983 v _08909_/A2 (sky130_fd_sc_hd__a21o_2)
     1    0.004320    0.022304    0.143161    2.184144 v _08909_/X (sky130_fd_sc_hd__a21o_2)
                                                         _01378_ (net)
                      0.022304    0.000000    2.184144 v _08911_/A (sky130_fd_sc_hd__nand2_2)
     3    0.008199    0.040513    0.043350    2.227493 ^ _08911_/Y (sky130_fd_sc_hd__nand2_2)
                                                         _01380_ (net)
                      0.040513    0.000000    2.227493 ^ _09037_/B (sky130_fd_sc_hd__or3_2)
     2    0.006352    0.032623    0.078169    2.305662 ^ _09037_/X (sky130_fd_sc_hd__or3_2)
                                                         _01517_ (net)
                      0.032623    0.000000    2.305662 ^ _09347_/B1 (sky130_fd_sc_hd__o21ai_2)
     2    0.006161    0.020624    0.024689    2.330352 v _09347_/Y (sky130_fd_sc_hd__o21ai_2)
                                                         _01856_ (net)
                      0.020624    0.000000    2.330352 v _09349_/A2 (sky130_fd_sc_hd__a21oi_2)
     1    0.001587    0.027658    0.071255    2.401606 ^ _09349_/Y (sky130_fd_sc_hd__a21oi_2)
                                                         _01859_ (net)
                      0.027658    0.000000    2.401606 ^ _09350_/B (sky130_fd_sc_hd__or2_2)
     4    0.020293    0.085898    0.108103    2.509709 ^ _09350_/X (sky130_fd_sc_hd__or2_2)
                                                         _01860_ (net)
                      0.085898    0.000000    2.509709 ^ _09352_/A (sky130_fd_sc_hd__xor2_2)
     1    0.002059    0.020085    0.040125    2.549835 v _09352_/X (sky130_fd_sc_hd__xor2_2)
                                                         _00066_ (net)
                      0.020085    0.000000    2.549835 v _13659_/D (sky130_fd_sc_hd__dfrtp_2)
                                              2.549835   data arrival time

                      0.150000    0.000000    0.000000   clock clk (rise edge)
                                  0.000000    0.000000   clock network delay (ideal)
                                  0.250000    0.250000   clock uncertainty
                                  0.000000    0.250000   clock reconvergence pessimism
                                              0.250000 ^ _13659_/CLK (sky130_fd_sc_hd__dfrtp_2)
                                 -0.013968    0.236032   library hold time
                                              0.236032   data required time
---------------------------------------------------------------------------------------------
                                              0.236032   data required time
                                             -2.549835   data arrival time
---------------------------------------------------------------------------------------------
                                              2.313802   slack (MET)


Startpoint: w31[0] (input port clocked by clk)
Endpoint: _13690_ (rising edge-triggered flip-flop clocked by clk)
Path Group: clk
Path Type: min

Fanout         Cap        Slew       Delay        Time   Description
---------------------------------------------------------------------------------------------
                      0.150000    0.000000    0.000000   clock clk (rise edge)
                                  0.000000    0.000000   clock network delay (ideal)
                                  2.000000    2.000000 v input external delay
    13    0.039433    0.061159    0.042500    2.042500 v w31[0] (in)
                                                         w31[0] (net)
                      0.061159    0.000000    2.042500 v _06960_/A (sky130_fd_sc_hd__and3_2)
     3    0.016808    0.048838    0.145451    2.187951 v _06960_/X (sky130_fd_sc_hd__and3_2)
                                                         _02898_ (net)
                      0.048838    0.000000    2.187951 v _07084_/A2 (sky130_fd_sc_hd__a21oi_2)
     3    0.010970    0.086366    0.134709    2.322661 ^ _07084_/Y (sky130_fd_sc_hd__a21oi_2)
                                                         _04253_ (net)
                      0.086366    0.000000    2.322661 ^ _07196_/B1 (sky130_fd_sc_hd__o21ai_2)
     4    0.009599    0.033853    0.038466    2.361127 v _07196_/Y (sky130_fd_sc_hd__o21ai_2)
                                                         _05472_ (net)
                      0.033853    0.000000    2.361127 v _07199_/B (sky130_fd_sc_hd__nand3_2)
     3    0.006619    0.041777    0.054475    2.415602 ^ _07199_/Y (sky130_fd_sc_hd__nand3_2)
                                                         _05505_ (net)
                      0.041777    0.000000    2.415602 ^ _07202_/B1 (sky130_fd_sc_hd__a22o_2)
     1    0.001786    0.018523    0.064496    2.480098 ^ _07202_/X (sky130_fd_sc_hd__a22o_2)
                                                         _05538_ (net)
                      0.018523    0.000000    2.480098 ^ _07203_/B (sky130_fd_sc_hd__and2b_2)
     1    0.002087    0.021544    0.073151    2.553249 ^ _07203_/X (sky130_fd_sc_hd__and2b_2)
                                                         _00049_ (net)
                      0.021544    0.000000    2.553249 ^ _13690_/D (sky130_fd_sc_hd__dfrtp_2)
                                              2.553249   data arrival time

                      0.150000    0.000000    0.000000   clock clk (rise edge)
                                  0.000000    0.000000   clock network delay (ideal)
                                  0.250000    0.250000   clock uncertainty
                                  0.000000    0.250000   clock reconvergence pessimism
                                              0.250000 ^ _13690_/CLK (sky130_fd_sc_hd__dfrtp_2)
                                 -0.015924    0.234076   library hold time
                                              0.234076   data required time
---------------------------------------------------------------------------------------------
                                              0.234076   data required time
                                             -2.553249   data arrival time
---------------------------------------------------------------------------------------------
                                              2.319173   slack (MET)


Startpoint: w11[0] (input port clocked by clk)
Endpoint: _13662_ (rising edge-triggered flip-flop clocked by clk)
Path Group: clk
Path Type: min

Fanout         Cap        Slew       Delay        Time   Description
---------------------------------------------------------------------------------------------
                      0.150000    0.000000    0.000000   clock clk (rise edge)
                                  0.000000    0.000000   clock network delay (ideal)
                                  2.000000    2.000000 v input external delay
    14    0.038063    0.059107    0.040983    2.040983 v w11[0] (in)
                                                         w11[0] (net)
                      0.059107    0.000000    2.040983 v _08910_/B (sky130_fd_sc_hd__nand3_2)
     3    0.011625    0.064865    0.078269    2.119252 ^ _08910_/Y (sky130_fd_sc_hd__nand3_2)
                                                         _01379_ (net)
                      0.064865    0.000000    2.119252 ^ _09061_/A2 (sky130_fd_sc_hd__a21o_2)
     2    0.007181    0.034250    0.088606    2.207858 ^ _09061_/X (sky130_fd_sc_hd__a21o_2)
                                                         _01544_ (net)
                      0.034250    0.000000    2.207858 ^ _09193_/B1 (sky130_fd_sc_hd__o21a_2)
     2    0.006457    0.033398    0.066451    2.274309 ^ _09193_/X (sky130_fd_sc_hd__o21a_2)
                                                         _01687_ (net)
                      0.033398    0.000000    2.274309 ^ _09194_/B1 (sky130_fd_sc_hd__a21oi_2)
     3    0.016746    0.030662    0.034552    2.308861 v _09194_/Y (sky130_fd_sc_hd__a21oi_2)
                                                         _01688_ (net)
                      0.030662    0.000000    2.308861 v _09638_/A1 (sky130_fd_sc_hd__a21oi_2)
     3    0.012855    0.098054    0.132004    2.440865 ^ _09638_/Y (sky130_fd_sc_hd__a21oi_2)
                                                         _02174_ (net)
                      0.098054    0.000000    2.440865 ^ _09771_/A2 (sky130_fd_sc_hd__o21a_2)
     1    0.008395    0.040478    0.092489    2.533354 ^ _09771_/X (sky130_fd_sc_hd__o21a_2)
                                                         _02319_ (net)
                      0.040478    0.000000    2.533354 ^ _09772_/B (sky130_fd_sc_hd__xnor2_2)
     1    0.002059    0.017432    0.028973    2.562327 v _09772_/Y (sky130_fd_sc_hd__xnor2_2)
                                                         _00056_ (net)
                      0.017432    0.000000    2.562327 v _13662_/D (sky130_fd_sc_hd__dfrtp_2)
                                              2.562327   data arrival time

                      0.150000    0.000000    0.000000   clock clk (rise edge)
                                  0.000000    0.000000   clock network delay (ideal)
                                  0.250000    0.250000   clock uncertainty
                                  0.000000    0.250000   clock reconvergence pessimism
                                              0.250000 ^ _13662_/CLK (sky130_fd_sc_hd__dfrtp_2)
                                 -0.013117    0.236883   library hold time
                                              0.236883   data required time
---------------------------------------------------------------------------------------------
                                              0.236883   data required time
                                             -2.562327   data arrival time
---------------------------------------------------------------------------------------------
                                              2.325444   slack (MET)


Startpoint: w11[0] (input port clocked by clk)
Endpoint: _13660_ (rising edge-triggered flip-flop clocked by clk)
Path Group: clk
Path Type: min

Fanout         Cap        Slew       Delay        Time   Description
---------------------------------------------------------------------------------------------
                      0.150000    0.000000    0.000000   clock clk (rise edge)
                                  0.000000    0.000000   clock network delay (ideal)
                                  2.000000    2.000000 v input external delay
    14    0.038063    0.059107    0.040983    2.040983 v w11[0] (in)
                                                         w11[0] (net)
                      0.059107    0.000000    2.040983 v _08909_/A2 (sky130_fd_sc_hd__a21o_2)
     1    0.004320    0.022304    0.143161    2.184144 v _08909_/X (sky130_fd_sc_hd__a21o_2)
                                                         _01378_ (net)
                      0.022304    0.000000    2.184144 v _08911_/A (sky130_fd_sc_hd__nand2_2)
     3    0.008199    0.040513    0.043350    2.227493 ^ _08911_/Y (sky130_fd_sc_hd__nand2_2)
                                                         _01380_ (net)
                      0.040513    0.000000    2.227493 ^ _09037_/B (sky130_fd_sc_hd__or3_2)
     2    0.006352    0.032623    0.078169    2.305662 ^ _09037_/X (sky130_fd_sc_hd__or3_2)
                                                         _01517_ (net)
                      0.032623    0.000000    2.305662 ^ _09346_/A (sky130_fd_sc_hd__or3_2)
     4    0.013259    0.056583    0.094895    2.400558 ^ _09346_/X (sky130_fd_sc_hd__or3_2)
                                                         _01855_ (net)
                      0.056583    0.000000    2.400558 ^ _09499_/B (sky130_fd_sc_hd__nand3_2)
     2    0.008895    0.045125    0.055761    2.456319 v _09499_/Y (sky130_fd_sc_hd__nand3_2)
                                                         _02022_ (net)
                      0.045125    0.000000    2.456319 v _09501_/A (sky130_fd_sc_hd__nand2_2)
     3    0.015200    0.066709    0.071253    2.527571 ^ _09501_/Y (sky130_fd_sc_hd__nand2_2)
                                                         _02024_ (net)
                      0.066709    0.000000    2.527571 ^ _09503_/A (sky130_fd_sc_hd__xnor2_2)
     1    0.002059    0.017558    0.037188    2.564760 v _09503_/Y (sky130_fd_sc_hd__xnor2_2)
                                                         _00067_ (net)
                      0.017558    0.000000    2.564760 v _13660_/D (sky130_fd_sc_hd__dfrtp_2)
                                              2.564760   data arrival time

                      0.150000    0.000000    0.000000   clock clk (rise edge)
                                  0.000000    0.000000   clock network delay (ideal)
                                  0.250000    0.250000   clock uncertainty
                                  0.000000    0.250000   clock reconvergence pessimism
                                              0.250000 ^ _13660_/CLK (sky130_fd_sc_hd__dfrtp_2)
                                 -0.013157    0.236843   library hold time
                                              0.236843   data required time
---------------------------------------------------------------------------------------------
                                              0.236843   data required time
                                             -2.564760   data arrival time
---------------------------------------------------------------------------------------------
                                              2.327917   slack (MET)


Startpoint: w31[0] (input port clocked by clk)
Endpoint: _13695_ (rising edge-triggered flip-flop clocked by clk)
Path Group: clk
Path Type: min

Fanout         Cap        Slew       Delay        Time   Description
---------------------------------------------------------------------------------------------
                      0.150000    0.000000    0.000000   clock clk (rise edge)
                                  0.000000    0.000000   clock network delay (ideal)
                                  2.000000    2.000000 v input external delay
    13    0.039433    0.061159    0.042500    2.042500 v w31[0] (in)
                                                         w31[0] (net)
                      0.061159    0.000000    2.042500 v _07216_/A (sky130_fd_sc_hd__nand3_2)
     3    0.011625    0.057039    0.070143    2.112643 ^ _07216_/Y (sky130_fd_sc_hd__nand3_2)
                                                         _05690_ (net)
                      0.057039    0.000000    2.112643 ^ _07368_/A2 (sky130_fd_sc_hd__a21o_2)
     2    0.007181    0.034250    0.087085    2.199729 ^ _07368_/X (sky130_fd_sc_hd__a21o_2)
                                                         _06598_ (net)
                      0.034250    0.000000    2.199729 ^ _07501_/B1 (sky130_fd_sc_hd__o21a_2)
     2    0.006457    0.033398    0.066451    2.266180 ^ _07501_/X (sky130_fd_sc_hd__o21a_2)
                                                         _06730_ (net)
                      0.033398    0.000000    2.266180 ^ _07502_/B1 (sky130_fd_sc_hd__a21oi_2)
     3    0.016746    0.030662    0.034552    2.300732 v _07502_/Y (sky130_fd_sc_hd__a21oi_2)
                                                         _06731_ (net)
                      0.030662    0.000000    2.300732 v _07946_/A1 (sky130_fd_sc_hd__a21oi_2)
     3    0.012506    0.095890    0.129901    2.430632 ^ _07946_/Y (sky130_fd_sc_hd__a21oi_2)
                                                         _00424_ (net)
                      0.095890    0.000000    2.430632 ^ _07948_/B (sky130_fd_sc_hd__xnor2_2)
     3    0.013327    0.062591    0.097010    2.527643 ^ _07948_/Y (sky130_fd_sc_hd__xnor2_2)
                                                         _00426_ (net)
                      0.062591    0.000000    2.527643 ^ _07951_/A (sky130_fd_sc_hd__xor2_2)
     1    0.002059    0.020016    0.037841    2.565484 v _07951_/X (sky130_fd_sc_hd__xor2_2)
                                                         _00041_ (net)
                      0.020016    0.000000    2.565484 v _13695_/D (sky130_fd_sc_hd__dfrtp_2)
                                              2.565484   data arrival time

                      0.150000    0.000000    0.000000   clock clk (rise edge)
                                  0.000000    0.000000   clock network delay (ideal)
                                  0.250000    0.250000   clock uncertainty
                                  0.000000    0.250000   clock reconvergence pessimism
                                              0.250000 ^ _13695_/CLK (sky130_fd_sc_hd__dfrtp_2)
                                 -0.013946    0.236054   library hold time
                                              0.236054   data required time
---------------------------------------------------------------------------------------------
                                              0.236054   data required time
                                             -2.565484   data arrival time
---------------------------------------------------------------------------------------------
                                              2.329429   slack (MET)


Startpoint: w01[0] (input port clocked by clk)
Endpoint: _13642_ (rising edge-triggered flip-flop clocked by clk)
Path Group: clk
Path Type: min

Fanout         Cap        Slew       Delay        Time   Description
---------------------------------------------------------------------------------------------
                      0.150000    0.000000    0.000000   clock clk (rise edge)
                                  0.000000    0.000000   clock network delay (ideal)
                                  2.000000    2.000000 v input external delay
    13    0.039043    0.060575    0.042068    2.042068 v w01[0] (in)
                                                         w01[0] (net)
                      0.060575    0.000000    2.042068 v _12312_/A2 (sky130_fd_sc_hd__a21o_2)
     1    0.004320    0.022304    0.143668    2.185736 v _12312_/X (sky130_fd_sc_hd__a21o_2)
                                                         _05083_ (net)
                      0.022304    0.000000    2.185736 v _12314_/A (sky130_fd_sc_hd__nand2_2)
     3    0.008199    0.040513    0.043350    2.229086 ^ _12314_/Y (sky130_fd_sc_hd__nand2_2)
                                                         _05085_ (net)
                      0.040513    0.000000    2.229086 ^ _12439_/B (sky130_fd_sc_hd__or3_2)
     2    0.006352    0.032623    0.078169    2.307255 ^ _12439_/X (sky130_fd_sc_hd__or3_2)
                                                         _05222_ (net)
                      0.032623    0.000000    2.307255 ^ _12751_/B1 (sky130_fd_sc_hd__o21ai_2)
     2    0.006161    0.020624    0.024689    2.331944 v _12751_/Y (sky130_fd_sc_hd__o21ai_2)
                                                         _05563_ (net)
                      0.020624    0.000000    2.331944 v _12753_/A2 (sky130_fd_sc_hd__a21oi_2)
     1    0.001587    0.027658    0.071255    2.403198 ^ _12753_/Y (sky130_fd_sc_hd__a21oi_2)
                                                         _05565_ (net)
                      0.027658    0.000000    2.403198 ^ _12754_/B (sky130_fd_sc_hd__or2_2)
     3    0.007847    0.039473    0.074498    2.477697 ^ _12754_/X (sky130_fd_sc_hd__or2_2)
                                                         _05566_ (net)
                      0.039473    0.000000    2.477697 ^ _12756_/A (sky130_fd_sc_hd__nor2_2)
     3    0.009961    0.024944    0.032009    2.509705 v _12756_/Y (sky130_fd_sc_hd__nor2_2)
                                                         _05568_ (net)
                      0.024944    0.000000    2.509705 v _12758_/A (sky130_fd_sc_hd__nor2_2)
     1    0.002087    0.038863    0.055862    2.565567 ^ _12758_/Y (sky130_fd_sc_hd__nor2_2)
                                                         _00038_ (net)
                      0.038863    0.000000    2.565567 ^ _13642_/D (sky130_fd_sc_hd__dfrtp_2)
                                              2.565567   data arrival time

                      0.150000    0.000000    0.000000   clock clk (rise edge)
                                  0.000000    0.000000   clock network delay (ideal)
                                  0.250000    0.250000   clock uncertainty
                                  0.000000    0.250000   clock reconvergence pessimism
                                              0.250000 ^ _13642_/CLK (sky130_fd_sc_hd__dfrtp_2)
                                 -0.017172    0.232828   library hold time
                                              0.232828   data required time
---------------------------------------------------------------------------------------------
                                              0.232828   data required time
                                             -2.565567   data arrival time
---------------------------------------------------------------------------------------------
                                              2.332739   slack (MET)


Startpoint: w01[3] (input port clocked by clk)
Endpoint: _13647_ (rising edge-triggered flip-flop clocked by clk)
Path Group: clk
Path Type: min

Fanout         Cap        Slew       Delay        Time   Description
---------------------------------------------------------------------------------------------
                      0.150000    0.000000    0.000000   clock clk (rise edge)
                                  0.000000    0.000000   clock network delay (ideal)
                                  2.000000    2.000000 v input external delay
    16    0.043146    0.066718    0.046611    2.046611 v w01[3] (in)
                                                         w01[3] (net)
                      0.066718    0.000000    2.046611 v _12775_/B (sky130_fd_sc_hd__and4b_2)
     3    0.016746    0.051069    0.169101    2.215712 v _12775_/X (sky130_fd_sc_hd__and4b_2)
                                                         _05588_ (net)
                      0.051069    0.000000    2.215712 v _13049_/A1 (sky130_fd_sc_hd__a21oi_2)
     2    0.006457    0.058413    0.100955    2.316667 ^ _13049_/Y (sky130_fd_sc_hd__a21oi_2)
                                                         _05888_ (net)
                      0.058413    0.000000    2.316667 ^ _13050_/B1 (sky130_fd_sc_hd__a21oi_2)
     3    0.016784    0.035434    0.039977    2.356644 v _13050_/Y (sky130_fd_sc_hd__a21oi_2)
                                                         _05889_ (net)
                      0.035434    0.000000    2.356644 v _13297_/A (sky130_fd_sc_hd__nand2_2)
     2    0.006682    0.035857    0.044700    2.401344 ^ _13297_/Y (sky130_fd_sc_hd__nand2_2)
                                                         _06159_ (net)
                      0.035857    0.000000    2.401344 ^ _13420_/A2 (sky130_fd_sc_hd__a21oi_2)
     2    0.008132    0.020527    0.037952    2.439296 v _13420_/Y (sky130_fd_sc_hd__a21oi_2)
                                                         _06294_ (net)
                      0.020527    0.000000    2.439296 v _13423_/A (sky130_fd_sc_hd__nor2_2)
     1    0.008977    0.090126    0.091612    2.530909 ^ _13423_/Y (sky130_fd_sc_hd__nor2_2)
                                                         _06297_ (net)
                      0.090126    0.000000    2.530909 ^ _13425_/A (sky130_fd_sc_hd__xnor2_2)
     1    0.002059    0.021095    0.038922    2.569831 v _13425_/Y (sky130_fd_sc_hd__xnor2_2)
                                                         _00030_ (net)
                      0.021095    0.000000    2.569831 v _13647_/D (sky130_fd_sc_hd__dfrtp_2)
                                              2.569831   data arrival time

                      0.150000    0.000000    0.000000   clock clk (rise edge)
                                  0.000000    0.000000   clock network delay (ideal)
                                  0.250000    0.250000   clock uncertainty
                                  0.000000    0.250000   clock reconvergence pessimism
                                              0.250000 ^ _13647_/CLK (sky130_fd_sc_hd__dfrtp_2)
                                 -0.014292    0.235708   library hold time
                                              0.235708   data required time
---------------------------------------------------------------------------------------------
                                              0.235708   data required time
                                             -2.569831   data arrival time
---------------------------------------------------------------------------------------------
                                              2.334123   slack (MET)


Startpoint: w01[0] (input port clocked by clk)
Endpoint: _13641_ (rising edge-triggered flip-flop clocked by clk)
Path Group: clk
Path Type: min

Fanout         Cap        Slew       Delay        Time   Description
---------------------------------------------------------------------------------------------
                      0.150000    0.000000    0.000000   clock clk (rise edge)
                                  0.000000    0.000000   clock network delay (ideal)
                                  2.000000    2.000000 v input external delay
    13    0.039043    0.060575    0.042068    2.042068 v w01[0] (in)
                                                         w01[0] (net)
                      0.060575    0.000000    2.042068 v _12056_/B (sky130_fd_sc_hd__nand3_2)
     3    0.007778    0.051376    0.068375    2.110443 ^ _12056_/Y (sky130_fd_sc_hd__nand3_2)
                                                         _04803_ (net)
                      0.051376    0.000000    2.110443 ^ _12057_/B (sky130_fd_sc_hd__or2_2)
     2    0.004095    0.025869    0.071236    2.181679 ^ _12057_/X (sky130_fd_sc_hd__or2_2)
                                                         _04804_ (net)
                      0.025869    0.000000    2.181679 ^ _12182_/B1 (sky130_fd_sc_hd__o31a_2)
     2    0.007218    0.038322    0.068385    2.250063 ^ _12182_/X (sky130_fd_sc_hd__o31a_2)
                                                         _04941_ (net)
                      0.038322    0.000000    2.250063 ^ _12292_/A (sky130_fd_sc_hd__nor3_2)
     6    0.020540    0.039759    0.047417    2.297480 v _12292_/Y (sky130_fd_sc_hd__nor3_2)
                                                         _05062_ (net)
                      0.039759    0.000000    2.297480 v _12430_/A2 (sky130_fd_sc_hd__o211ai_2)
     4    0.010384    0.054479    0.131828    2.429308 ^ _12430_/Y (sky130_fd_sc_hd__o211ai_2)
                                                         _05213_ (net)
                      0.054479    0.000000    2.429308 ^ _12592_/A (sky130_fd_sc_hd__nor2_2)
     2    0.005534    0.016669    0.028505    2.457813 v _12592_/Y (sky130_fd_sc_hd__nor2_2)
                                                         _05390_ (net)
                      0.016669    0.000000    2.457813 v _12594_/A2 (sky130_fd_sc_hd__o21ai_2)
     1    0.002600    0.020496    0.061080    2.518893 ^ _12594_/Y (sky130_fd_sc_hd__o21ai_2)
                                                         _05392_ (net)
                      0.020496    0.000000    2.518893 ^ _12595_/B1 (sky130_fd_sc_hd__o21a_2)
     1    0.002087    0.017486    0.049742    2.568634 ^ _12595_/X (sky130_fd_sc_hd__o21a_2)
                                                         _00037_ (net)
                      0.017486    0.000000    2.568634 ^ _13641_/D (sky130_fd_sc_hd__dfrtp_2)
                                              2.568634   data arrival time

                      0.150000    0.000000    0.000000   clock clk (rise edge)
                                  0.000000    0.000000   clock network delay (ideal)
                                  0.250000    0.250000   clock uncertainty
                                  0.000000    0.250000   clock reconvergence pessimism
                                              0.250000 ^ _13641_/CLK (sky130_fd_sc_hd__dfrtp_2)
                                 -0.015632    0.234368   library hold time
                                              0.234368   data required time
---------------------------------------------------------------------------------------------
                                              0.234368   data required time
                                             -2.568634   data arrival time
---------------------------------------------------------------------------------------------
                                              2.334266   slack (MET)


Startpoint: w31[0] (input port clocked by clk)
Endpoint: _13691_ (rising edge-triggered flip-flop clocked by clk)
Path Group: clk
Path Type: min

Fanout         Cap        Slew       Delay        Time   Description
---------------------------------------------------------------------------------------------
                      0.150000    0.000000    0.000000   clock clk (rise edge)
                                  0.000000    0.000000   clock network delay (ideal)
                                  2.000000    2.000000 v input external delay
    13    0.039433    0.061159    0.042500    2.042500 v w31[0] (in)
                                                         w31[0] (net)
                      0.061159    0.000000    2.042500 v _06960_/A (sky130_fd_sc_hd__and3_2)
     3    0.016808    0.048838    0.145451    2.187951 v _06960_/X (sky130_fd_sc_hd__and3_2)
                                                         _02898_ (net)
                      0.048838    0.000000    2.187951 v _07084_/A2 (sky130_fd_sc_hd__a21oi_2)
     3    0.010970    0.086366    0.134709    2.322661 ^ _07084_/Y (sky130_fd_sc_hd__a21oi_2)
                                                         _04253_ (net)
                      0.086366    0.000000    2.322661 ^ _07196_/B1 (sky130_fd_sc_hd__o21ai_2)
     4    0.009599    0.033853    0.038466    2.361127 v _07196_/Y (sky130_fd_sc_hd__o21ai_2)
                                                         _05472_ (net)
                      0.033853    0.000000    2.361127 v _07199_/B (sky130_fd_sc_hd__nand3_2)
     3    0.006619    0.041777    0.054475    2.415602 ^ _07199_/Y (sky130_fd_sc_hd__nand3_2)
                                                         _05505_ (net)
                      0.041777    0.000000    2.415602 ^ _07341_/A3 (sky130_fd_sc_hd__a41o_2)
     2    0.010834    0.044692    0.125859    2.541461 ^ _07341_/X (sky130_fd_sc_hd__a41o_2)
                                                         _06572_ (net)
                      0.044692    0.000000    2.541461 ^ _07342_/B (sky130_fd_sc_hd__xor2_2)
     1    0.002059    0.020044    0.030010    2.571471 v _07342_/X (sky130_fd_sc_hd__xor2_2)
                                                         _00050_ (net)
                      0.020044    0.000000    2.571471 v _13691_/D (sky130_fd_sc_hd__dfrtp_2)
                                              2.571471   data arrival time

                      0.150000    0.000000    0.000000   clock clk (rise edge)
                                  0.000000    0.000000   clock network delay (ideal)
                                  0.250000    0.250000   clock uncertainty
                                  0.000000    0.250000   clock reconvergence pessimism
                                              0.250000 ^ _13691_/CLK (sky130_fd_sc_hd__dfrtp_2)
                                 -0.013955    0.236045   library hold time
                                              0.236045   data required time
---------------------------------------------------------------------------------------------
                                              0.236045   data required time
                                             -2.571471   data arrival time
---------------------------------------------------------------------------------------------
                                              2.335426   slack (MET)


Startpoint: w01[0] (input port clocked by clk)
Endpoint: _13643_ (rising edge-triggered flip-flop clocked by clk)
Path Group: clk
Path Type: min

Fanout         Cap        Slew       Delay        Time   Description
---------------------------------------------------------------------------------------------
                      0.150000    0.000000    0.000000   clock clk (rise edge)
                                  0.000000    0.000000   clock network delay (ideal)
                                  2.000000    2.000000 v input external delay
    13    0.039043    0.060575    0.042068    2.042068 v w01[0] (in)
                                                         w01[0] (net)
                      0.060575    0.000000    2.042068 v _12312_/A2 (sky130_fd_sc_hd__a21o_2)
     1    0.004320    0.022304    0.143668    2.185736 v _12312_/X (sky130_fd_sc_hd__a21o_2)
                                                         _05083_ (net)
                      0.022304    0.000000    2.185736 v _12314_/A (sky130_fd_sc_hd__nand2_2)
     3    0.008199    0.040513    0.043350    2.229086 ^ _12314_/Y (sky130_fd_sc_hd__nand2_2)
                                                         _05085_ (net)
                      0.040513    0.000000    2.229086 ^ _12439_/B (sky130_fd_sc_hd__or3_2)
     2    0.006352    0.032623    0.078169    2.307255 ^ _12439_/X (sky130_fd_sc_hd__or3_2)
                                                         _05222_ (net)
                      0.032623    0.000000    2.307255 ^ _12750_/A (sky130_fd_sc_hd__or3_2)
     4    0.012930    0.055451    0.094034    2.401289 ^ _12750_/X (sky130_fd_sc_hd__or3_2)
                                                         _05562_ (net)
                      0.055451    0.000000    2.401289 ^ _12903_/A2 (sky130_fd_sc_hd__a21oi_2)
     2    0.008290    0.020726    0.042671    2.443960 v _12903_/Y (sky130_fd_sc_hd__a21oi_2)
                                                         _05729_ (net)
                      0.020726    0.000000    2.443960 v _12904_/B (sky130_fd_sc_hd__nor2_2)
     3    0.012462    0.115834    0.095713    2.539673 ^ _12904_/Y (sky130_fd_sc_hd__nor2_2)
                                                         _05730_ (net)
                      0.115834    0.000000    2.539673 ^ _12906_/A (sky130_fd_sc_hd__xnor2_2)
     1    0.002059    0.021109    0.040826    2.580498 v _12906_/Y (sky130_fd_sc_hd__xnor2_2)
                                                         _00039_ (net)
                      0.021109    0.000000    2.580498 v _13643_/D (sky130_fd_sc_hd__dfrtp_2)
                                              2.580498   data arrival time

                      0.150000    0.000000    0.000000   clock clk (rise edge)
                                  0.000000    0.000000   clock network delay (ideal)
                                  0.250000    0.250000   clock uncertainty
                                  0.000000    0.250000   clock reconvergence pessimism
                                              0.250000 ^ _13643_/CLK (sky130_fd_sc_hd__dfrtp_2)
                                 -0.014296    0.235704   library hold time
                                              0.235704   data required time
---------------------------------------------------------------------------------------------
                                              0.235704   data required time
                                             -2.580498   data arrival time
---------------------------------------------------------------------------------------------
                                              2.344795   slack (MET)


Startpoint: w21[0] (input port clocked by clk)
Endpoint: _13678_ (rising edge-triggered flip-flop clocked by clk)
Path Group: clk
Path Type: min

Fanout         Cap        Slew       Delay        Time   Description
---------------------------------------------------------------------------------------------
                      0.150000    0.000000    0.000000   clock clk (rise edge)
                                  0.000000    0.000000   clock network delay (ideal)
                                  2.000000    2.000000 v input external delay
    13    0.039043    0.060575    0.042068    2.042068 v w21[0] (in)
                                                         w21[0] (net)
                      0.060575    0.000000    2.042068 v _10601_/A2 (sky130_fd_sc_hd__a21o_2)
     1    0.004320    0.022304    0.143668    2.185736 v _10601_/X (sky130_fd_sc_hd__a21o_2)
                                                         _03219_ (net)
                      0.022304    0.000000    2.185736 v _10603_/A (sky130_fd_sc_hd__nand2_2)
     3    0.008199    0.040513    0.043350    2.229086 ^ _10603_/Y (sky130_fd_sc_hd__nand2_2)
                                                         _03221_ (net)
                      0.040513    0.000000    2.229086 ^ _10731_/B (sky130_fd_sc_hd__or3_2)
     2    0.011538    0.050531    0.091843    2.320929 ^ _10731_/X (sky130_fd_sc_hd__or3_2)
                                                         _03361_ (net)
                      0.050531    0.000000    2.320929 ^ _11047_/A (sky130_fd_sc_hd__xnor2_2)
     3    0.015625    0.070838    0.101444    2.422373 ^ _11047_/Y (sky130_fd_sc_hd__xnor2_2)
                                                         _03707_ (net)
                      0.070838    0.000000    2.422373 ^ _11333_/A2 (sky130_fd_sc_hd__o31ai_2)
     2    0.008535    0.024112    0.052150    2.474524 v _11333_/Y (sky130_fd_sc_hd__o31ai_2)
                                                         _04020_ (net)
                      0.024112    0.000000    2.474524 v _11334_/B1 (sky130_fd_sc_hd__a21oi_2)
     2    0.010976    0.086425    0.075417    2.549940 ^ _11334_/Y (sky130_fd_sc_hd__a21oi_2)
                                                         _04021_ (net)
                      0.086425    0.000000    2.549940 ^ _11335_/B (sky130_fd_sc_hd__xor2_2)
     1    0.002059    0.020005    0.034822    2.584762 v _11335_/X (sky130_fd_sc_hd__xor2_2)
                                                         _00013_ (net)
                      0.020005    0.000000    2.584762 v _13678_/D (sky130_fd_sc_hd__dfrtp_2)
                                              2.584762   data arrival time

                      0.150000    0.000000    0.000000   clock clk (rise edge)
                                  0.000000    0.000000   clock network delay (ideal)
                                  0.250000    0.250000   clock uncertainty
                                  0.000000    0.250000   clock reconvergence pessimism
                                              0.250000 ^ _13678_/CLK (sky130_fd_sc_hd__dfrtp_2)
                                 -0.013942    0.236058   library hold time
                                              0.236058   data required time
---------------------------------------------------------------------------------------------
                                              0.236058   data required time
                                             -2.584762   data arrival time
---------------------------------------------------------------------------------------------
                                              2.348704   slack (MET)


Startpoint: w31[3] (input port clocked by clk)
Endpoint: _13697_ (rising edge-triggered flip-flop clocked by clk)
Path Group: clk
Path Type: min

Fanout         Cap        Slew       Delay        Time   Description
---------------------------------------------------------------------------------------------
                      0.150000    0.000000    0.000000   clock clk (rise edge)
                                  0.000000    0.000000   clock network delay (ideal)
                                  2.000000    2.000000 v input external delay
    16    0.043624    0.067434    0.047140    2.047140 v w31[3] (in)
                                                         w31[3] (net)
                      0.067434    0.000000    2.047140 v _07518_/A (sky130_fd_sc_hd__nand2_2)
     1    0.008395    0.045729    0.061997    2.109137 ^ _07518_/Y (sky130_fd_sc_hd__nand2_2)
                                                         _06747_ (net)
                      0.045729    0.000000    2.109137 ^ _07519_/B (sky130_fd_sc_hd__xnor2_2)
     2    0.012591    0.045076    0.053212    2.162349 v _07519_/Y (sky130_fd_sc_hd__xnor2_2)
                                                         _06748_ (net)
                      0.045076    0.000000    2.162349 v _07521_/A (sky130_fd_sc_hd__nand2_2)
     2    0.006179    0.034929    0.047406    2.209755 ^ _07521_/Y (sky130_fd_sc_hd__nand2_2)
                                                         _06750_ (net)
                      0.034929    0.000000    2.209755 ^ _07685_/A1 (sky130_fd_sc_hd__a21oi_2)
     2    0.005721    0.017704    0.029651    2.239406 v _07685_/Y (sky130_fd_sc_hd__a21oi_2)
                                                         _00164_ (net)
                      0.017704    0.000000    2.239406 v _07815_/B1 (sky130_fd_sc_hd__a21oi_2)
     2    0.006457    0.058410    0.053249    2.292654 ^ _07815_/Y (sky130_fd_sc_hd__a21oi_2)
                                                         _00293_ (net)
                      0.058410    0.000000    2.292654 ^ _07816_/B1 (sky130_fd_sc_hd__a21oi_2)
     3    0.016746    0.035389    0.039927    2.332582 v _07816_/Y (sky130_fd_sc_hd__a21oi_2)
                                                         _00294_ (net)
                      0.035389    0.000000    2.332582 v _08198_/A1 (sky130_fd_sc_hd__a21oi_2)
     2    0.013168    0.100013    0.135721    2.468302 ^ _08198_/Y (sky130_fd_sc_hd__a21oi_2)
                                                         _00674_ (net)
                      0.100013    0.000000    2.468302 ^ _08200_/B (sky130_fd_sc_hd__xnor2_2)
     1    0.004285    0.026892    0.038780    2.507082 v _08200_/Y (sky130_fd_sc_hd__xnor2_2)
                                                         _00676_ (net)
                      0.026892    0.000000    2.507082 v _08201_/A (sky130_fd_sc_hd__inv_2)
     2    0.011495    0.044632    0.046987    2.554070 ^ _08201_/Y (sky130_fd_sc_hd__inv_2)
                                                         _00677_ (net)
                      0.044632    0.000000    2.554070 ^ _08210_/A (sky130_fd_sc_hd__xnor2_2)
     1    0.002059    0.017439    0.034778    2.588848 v _08210_/Y (sky130_fd_sc_hd__xnor2_2)
                                                         _00043_ (net)
                      0.017439    0.000000    2.588848 v _13697_/D (sky130_fd_sc_hd__dfrtp_2)
                                              2.588848   data arrival time

                      0.150000    0.000000    0.000000   clock clk (rise edge)
                                  0.000000    0.000000   clock network delay (ideal)
                                  0.250000    0.250000   clock uncertainty
                                  0.000000    0.250000   clock reconvergence pessimism
                                              0.250000 ^ _13697_/CLK (sky130_fd_sc_hd__dfrtp_2)
                                 -0.013119    0.236881   library hold time
                                              0.236881   data required time
---------------------------------------------------------------------------------------------
                                              0.236881   data required time
                                             -2.588848   data arrival time
---------------------------------------------------------------------------------------------
                                              2.351967   slack (MET)


Startpoint: w21[0] (input port clocked by clk)
Endpoint: _13676_ (rising edge-triggered flip-flop clocked by clk)
Path Group: clk
Path Type: min

Fanout         Cap        Slew       Delay        Time   Description
---------------------------------------------------------------------------------------------
                      0.150000    0.000000    0.000000   clock clk (rise edge)
                                  0.000000    0.000000   clock network delay (ideal)
                                  2.000000    2.000000 v input external delay
    13    0.039043    0.060575    0.042068    2.042068 v w21[0] (in)
                                                         w21[0] (net)
                      0.060575    0.000000    2.042068 v _10601_/A2 (sky130_fd_sc_hd__a21o_2)
     1    0.004320    0.022304    0.143668    2.185736 v _10601_/X (sky130_fd_sc_hd__a21o_2)
                                                         _03219_ (net)
                      0.022304    0.000000    2.185736 v _10603_/A (sky130_fd_sc_hd__nand2_2)
     3    0.008199    0.040513    0.043350    2.229086 ^ _10603_/Y (sky130_fd_sc_hd__nand2_2)
                                                         _03221_ (net)
                      0.040513    0.000000    2.229086 ^ _10731_/B (sky130_fd_sc_hd__or3_2)
     2    0.011538    0.050531    0.091843    2.320929 ^ _10731_/X (sky130_fd_sc_hd__or3_2)
                                                         _03361_ (net)
                      0.050531    0.000000    2.320929 ^ _11047_/A (sky130_fd_sc_hd__xnor2_2)
     3    0.014311    0.052266    0.062826    2.383755 v _11047_/Y (sky130_fd_sc_hd__xnor2_2)
                                                         _03707_ (net)
                      0.052266    0.000000    2.383755 v _11048_/B (sky130_fd_sc_hd__xnor2_2)
     3    0.007878    0.042912    0.113650    2.497406 ^ _11048_/Y (sky130_fd_sc_hd__xnor2_2)
                                                         _03709_ (net)
                      0.042912    0.000000    2.497406 ^ _11050_/A (sky130_fd_sc_hd__nor2_2)
     3    0.009881    0.024884    0.032790    2.530195 v _11050_/Y (sky130_fd_sc_hd__nor2_2)
                                                         _03711_ (net)
                      0.024884    0.000000    2.530195 v _11052_/A (sky130_fd_sc_hd__nor2_2)
     1    0.002087    0.038863    0.055839    2.586034 ^ _11052_/Y (sky130_fd_sc_hd__nor2_2)
                                                         _00024_ (net)
                      0.038863    0.000000    2.586034 ^ _13676_/D (sky130_fd_sc_hd__dfrtp_2)
                                              2.586034   data arrival time

                      0.150000    0.000000    0.000000   clock clk (rise edge)
                                  0.000000    0.000000   clock network delay (ideal)
                                  0.250000    0.250000   clock uncertainty
                                  0.000000    0.250000   clock reconvergence pessimism
                                              0.250000 ^ _13676_/CLK (sky130_fd_sc_hd__dfrtp_2)
                                 -0.017172    0.232828   library hold time
                                              0.232828   data required time
---------------------------------------------------------------------------------------------
                                              0.232828   data required time
                                             -2.586034   data arrival time
---------------------------------------------------------------------------------------------
                                              2.353206   slack (MET)


Startpoint: w01[1] (input port clocked by clk)
Endpoint: _13646_ (rising edge-triggered flip-flop clocked by clk)
Path Group: clk
Path Type: min

Fanout         Cap        Slew       Delay        Time   Description
---------------------------------------------------------------------------------------------
                      0.150000    0.000000    0.000000   clock clk (rise edge)
                                  0.000000    0.000000   clock network delay (ideal)
                                  2.000000    2.000000 ^ input external delay
    15    0.042138    0.146854    0.100148    2.100148 ^ w01[1] (in)
                                                         w01[1] (net)
                      0.146854    0.000000    2.100148 ^ _12608_/B (sky130_fd_sc_hd__or3_2)
     2    0.011417    0.050750    0.115321    2.215469 ^ _12608_/X (sky130_fd_sc_hd__or3_2)
                                                         _05407_ (net)
                      0.050750    0.000000    2.215469 ^ _12908_/A1 (sky130_fd_sc_hd__o21a_2)
     2    0.006457    0.033329    0.088931    2.304400 ^ _12908_/X (sky130_fd_sc_hd__o21a_2)
                                                         _05734_ (net)
                      0.033329    0.000000    2.304400 ^ _12909_/B1 (sky130_fd_sc_hd__a21oi_2)
     3    0.017037    0.031032    0.034874    2.339274 v _12909_/Y (sky130_fd_sc_hd__a21oi_2)
                                                         _05735_ (net)
                      0.031032    0.000000    2.339274 v _13299_/A1 (sky130_fd_sc_hd__a21oi_2)
     2    0.013168    0.100013    0.134034    2.473308 ^ _13299_/Y (sky130_fd_sc_hd__a21oi_2)
                                                         _06162_ (net)
                      0.100013    0.000000    2.473308 ^ _13301_/B (sky130_fd_sc_hd__xnor2_2)
     1    0.004285    0.026893    0.038780    2.512088 v _13301_/Y (sky130_fd_sc_hd__xnor2_2)
                                                         _06164_ (net)
                      0.026893    0.000000    2.512088 v _13302_/A (sky130_fd_sc_hd__inv_2)
     2    0.011495    0.044632    0.046987    2.559075 ^ _13302_/Y (sky130_fd_sc_hd__inv_2)
                                                         _06165_ (net)
                      0.044632    0.000000    2.559075 ^ _13311_/A (sky130_fd_sc_hd__xnor2_2)
     1    0.002059    0.021091    0.034778    2.593853 v _13311_/Y (sky130_fd_sc_hd__xnor2_2)
                                                         _00029_ (net)
                      0.021091    0.000000    2.593853 v _13646_/D (sky130_fd_sc_hd__dfrtp_2)
                                              2.593853   data arrival time

                      0.150000    0.000000    0.000000   clock clk (rise edge)
                                  0.000000    0.000000   clock network delay (ideal)
                                  0.250000    0.250000   clock uncertainty
                                  0.000000    0.250000   clock reconvergence pessimism
                                              0.250000 ^ _13646_/CLK (sky130_fd_sc_hd__dfrtp_2)
                                 -0.014291    0.235709   library hold time
                                              0.235709   data required time
---------------------------------------------------------------------------------------------
                                              0.235709   data required time
                                             -2.593853   data arrival time
---------------------------------------------------------------------------------------------
                                              2.358144   slack (MET)


Startpoint: w01[6] (input port clocked by clk)
Endpoint: _13650_ (rising edge-triggered flip-flop clocked by clk)
Path Group: clk
Path Type: min

Fanout         Cap        Slew       Delay        Time   Description
---------------------------------------------------------------------------------------------
                      0.150000    0.000000    0.000000   clock clk (rise edge)
                                  0.000000    0.000000   clock network delay (ideal)
                                  2.000000    2.000000 v input external delay
    16    0.043264    0.066895    0.046742    2.046741 v w01[6] (in)
                                                         w01[6] (net)
                      0.066895    0.000000    2.046741 v _13185_/B (sky130_fd_sc_hd__and4b_2)
     3    0.016746    0.051075    0.169175    2.215917 v _13185_/X (sky130_fd_sc_hd__and4b_2)
                                                         _06036_ (net)
                      0.051075    0.000000    2.215917 v _13426_/A1 (sky130_fd_sc_hd__a21oi_2)
     2    0.003148    0.038285    0.080750    2.296667 ^ _13426_/Y (sky130_fd_sc_hd__a21oi_2)
                                                         _06299_ (net)
                      0.038285    0.000000    2.296667 ^ _13427_/B1_N (sky130_fd_sc_hd__o21bai_2)
     3    0.015629    0.067198    0.098288    2.394955 ^ _13427_/Y (sky130_fd_sc_hd__o21bai_2)
                                                         _06300_ (net)
                      0.067198    0.000000    2.394955 ^ _13598_/A1 (sky130_fd_sc_hd__o21ai_2)
     1    0.008271    0.023941    0.047286    2.442242 v _13598_/Y (sky130_fd_sc_hd__o21ai_2)
                                                         _06487_ (net)
                      0.023941    0.000000    2.442242 v _13631_/A (sky130_fd_sc_hd__xnor2_2)
     1    0.008395    0.044602    0.125274    2.567515 ^ _13631_/Y (sky130_fd_sc_hd__xnor2_2)
                                                         _06523_ (net)
                      0.044602    0.000000    2.567515 ^ _13632_/B (sky130_fd_sc_hd__xnor2_2)
     1    0.002059    0.017884    0.029494    2.597009 v _13632_/Y (sky130_fd_sc_hd__xnor2_2)
                                                         _00033_ (net)
                      0.017884    0.000000    2.597009 v _13650_/D (sky130_fd_sc_hd__dfrtp_2)
                                              2.597009   data arrival time

                      0.150000    0.000000    0.000000   clock clk (rise edge)
                                  0.000000    0.000000   clock network delay (ideal)
                                  0.250000    0.250000   clock uncertainty
                                  0.000000    0.250000   clock reconvergence pessimism
                                              0.250000 ^ _13650_/CLK (sky130_fd_sc_hd__dfrtp_2)
                                 -0.013262    0.236738   library hold time
                                              0.236738   data required time
---------------------------------------------------------------------------------------------
                                              0.236738   data required time
                                             -2.597009   data arrival time
---------------------------------------------------------------------------------------------
                                              2.360271   slack (MET)


Startpoint: w21[3] (input port clocked by clk)
Endpoint: _13682_ (rising edge-triggered flip-flop clocked by clk)
Path Group: clk
Path Type: min

Fanout         Cap        Slew       Delay        Time   Description
---------------------------------------------------------------------------------------------
                      0.150000    0.000000    0.000000   clock clk (rise edge)
                                  0.000000    0.000000   clock network delay (ideal)
                                  2.000000    2.000000 v input external delay
    16    0.043146    0.066718    0.046611    2.046611 v w21[3] (in)
                                                         w21[3] (net)
                      0.066718    0.000000    2.046611 v _11069_/B (sky130_fd_sc_hd__and4b_2)
     3    0.016746    0.051069    0.169101    2.215712 v _11069_/X (sky130_fd_sc_hd__and4b_2)
                                                         _03731_ (net)
                      0.051069    0.000000    2.215712 v _11336_/A1 (sky130_fd_sc_hd__a21oi_2)
     2    0.006457    0.058413    0.100955    2.316667 ^ _11336_/Y (sky130_fd_sc_hd__a21oi_2)
                                                         _04022_ (net)
                      0.058413    0.000000    2.316667 ^ _11337_/B1 (sky130_fd_sc_hd__a21oi_2)
     3    0.016784    0.035434    0.039977    2.356644 v _11337_/Y (sky130_fd_sc_hd__a21oi_2)
                                                         _04023_ (net)
                      0.035434    0.000000    2.356644 v _11584_/A (sky130_fd_sc_hd__nand2_2)
     2    0.009648    0.046569    0.052613    2.409258 ^ _11584_/Y (sky130_fd_sc_hd__nand2_2)
                                                         _04293_ (net)
                      0.046569    0.000000    2.409258 ^ _11706_/B (sky130_fd_sc_hd__nand3_2)
     3    0.006240    0.036768    0.047041    2.456299 v _11706_/Y (sky130_fd_sc_hd__nand3_2)
                                                         _04426_ (net)
                      0.036768    0.000000    2.456299 v _11812_/B1 (sky130_fd_sc_hd__o31a_2)
     1    0.004145    0.018411    0.072693    2.528991 v _11812_/X (sky130_fd_sc_hd__o31a_2)
                                                         _04542_ (net)
                      0.018411    0.000000    2.528991 v _11814_/B (sky130_fd_sc_hd__nor2_2)
     1    0.004773    0.058864    0.053192    2.582183 ^ _11814_/Y (sky130_fd_sc_hd__nor2_2)
                                                         _04544_ (net)
                      0.058864    0.000000    2.582183 ^ _11815_/B (sky130_fd_sc_hd__nor2_2)
     1    0.002059    0.016373    0.016260    2.598444 v _11815_/Y (sky130_fd_sc_hd__nor2_2)
                                                         _00017_ (net)
                      0.016373    0.000000    2.598444 v _13682_/D (sky130_fd_sc_hd__dfrtp_2)
                                              2.598444   data arrival time

                      0.150000    0.000000    0.000000   clock clk (rise edge)
                                  0.000000    0.000000   clock network delay (ideal)
                                  0.250000    0.250000   clock uncertainty
                                  0.000000    0.250000   clock reconvergence pessimism
                                              0.250000 ^ _13682_/CLK (sky130_fd_sc_hd__dfrtp_2)
                                 -0.012777    0.237223   library hold time
                                              0.237223   data required time
---------------------------------------------------------------------------------------------
                                              0.237223   data required time
                                             -2.598444   data arrival time
---------------------------------------------------------------------------------------------
                                              2.361220   slack (MET)


Startpoint: w11[0] (input port clocked by clk)
Endpoint: _13661_ (rising edge-triggered flip-flop clocked by clk)
Path Group: clk
Path Type: min

Fanout         Cap        Slew       Delay        Time   Description
---------------------------------------------------------------------------------------------
                      0.150000    0.000000    0.000000   clock clk (rise edge)
                                  0.000000    0.000000   clock network delay (ideal)
                                  2.000000    2.000000 v input external delay
    14    0.038063    0.059107    0.040983    2.040983 v w11[0] (in)
                                                         w11[0] (net)
                      0.059107    0.000000    2.040983 v _08910_/B (sky130_fd_sc_hd__nand3_2)
     3    0.011625    0.064865    0.078269    2.119252 ^ _08910_/Y (sky130_fd_sc_hd__nand3_2)
                                                         _01379_ (net)
                      0.064865    0.000000    2.119252 ^ _09061_/A2 (sky130_fd_sc_hd__a21o_2)
     2    0.007181    0.034250    0.088606    2.207858 ^ _09061_/X (sky130_fd_sc_hd__a21o_2)
                                                         _01544_ (net)
                      0.034250    0.000000    2.207858 ^ _09193_/B1 (sky130_fd_sc_hd__o21a_2)
     2    0.006457    0.033398    0.066451    2.274309 ^ _09193_/X (sky130_fd_sc_hd__o21a_2)
                                                         _01687_ (net)
                      0.033398    0.000000    2.274309 ^ _09194_/B1 (sky130_fd_sc_hd__a21oi_2)
     3    0.016746    0.030662    0.034552    2.308861 v _09194_/Y (sky130_fd_sc_hd__a21oi_2)
                                                         _01688_ (net)
                      0.030662    0.000000    2.308861 v _09638_/A1 (sky130_fd_sc_hd__a21oi_2)
     3    0.012855    0.098054    0.132004    2.440865 ^ _09638_/Y (sky130_fd_sc_hd__a21oi_2)
                                                         _02174_ (net)
                      0.098054    0.000000    2.440865 ^ _09639_/B (sky130_fd_sc_hd__xnor2_2)
     3    0.007962    0.036166    0.049039    2.489903 v _09639_/Y (sky130_fd_sc_hd__xnor2_2)
                                                         _02175_ (net)
                      0.036166    0.000000    2.489903 v _09643_/A (sky130_fd_sc_hd__nand3_2)
     1    0.001632    0.021006    0.033114    2.523017 ^ _09643_/Y (sky130_fd_sc_hd__nand3_2)
                                                         _02179_ (net)
                      0.021006    0.000000    2.523017 ^ _09644_/B (sky130_fd_sc_hd__and2_2)
     1    0.002087    0.022948    0.073368    2.596385 ^ _09644_/X (sky130_fd_sc_hd__and2_2)
                                                         _00055_ (net)
                      0.022948    0.000000    2.596385 ^ _13661_/D (sky130_fd_sc_hd__dfrtp_2)
                                              2.596385   data arrival time

                      0.150000    0.000000    0.000000   clock clk (rise edge)
                                  0.000000    0.000000   clock network delay (ideal)
                                  0.250000    0.250000   clock uncertainty
                                  0.000000    0.250000   clock reconvergence pessimism
                                              0.250000 ^ _13661_/CLK (sky130_fd_sc_hd__dfrtp_2)
                                 -0.016025    0.233975   library hold time
                                              0.233975   data required time
---------------------------------------------------------------------------------------------
                                              0.233975   data required time
                                             -2.596385   data arrival time
---------------------------------------------------------------------------------------------
                                              2.362411   slack (MET)


Startpoint: w31[0] (input port clocked by clk)
Endpoint: _13696_ (rising edge-triggered flip-flop clocked by clk)
Path Group: clk
Path Type: min

Fanout         Cap        Slew       Delay        Time   Description
---------------------------------------------------------------------------------------------
                      0.150000    0.000000    0.000000   clock clk (rise edge)
                                  0.000000    0.000000   clock network delay (ideal)
                                  2.000000    2.000000 v input external delay
    13    0.039433    0.061159    0.042500    2.042500 v w31[0] (in)
                                                         w31[0] (net)
                      0.061159    0.000000    2.042500 v _07216_/A (sky130_fd_sc_hd__nand3_2)
     3    0.011625    0.057039    0.070143    2.112643 ^ _07216_/Y (sky130_fd_sc_hd__nand3_2)
                                                         _05690_ (net)
                      0.057039    0.000000    2.112643 ^ _07368_/A2 (sky130_fd_sc_hd__a21o_2)
     2    0.007181    0.034250    0.087085    2.199729 ^ _07368_/X (sky130_fd_sc_hd__a21o_2)
                                                         _06598_ (net)
                      0.034250    0.000000    2.199729 ^ _07501_/B1 (sky130_fd_sc_hd__o21a_2)
     2    0.006457    0.033398    0.066451    2.266180 ^ _07501_/X (sky130_fd_sc_hd__o21a_2)
                                                         _06730_ (net)
                      0.033398    0.000000    2.266180 ^ _07502_/B1 (sky130_fd_sc_hd__a21oi_2)
     3    0.016746    0.030662    0.034552    2.300732 v _07502_/Y (sky130_fd_sc_hd__a21oi_2)
                                                         _06731_ (net)
                      0.030662    0.000000    2.300732 v _07946_/A1 (sky130_fd_sc_hd__a21oi_2)
     3    0.012506    0.095890    0.129901    2.430632 ^ _07946_/Y (sky130_fd_sc_hd__a21oi_2)
                                                         _00424_ (net)
                      0.095890    0.000000    2.430632 ^ _07947_/B (sky130_fd_sc_hd__or2_2)
     1    0.002600    0.021050    0.076665    2.507297 ^ _07947_/X (sky130_fd_sc_hd__or2_2)
                                                         _00425_ (net)
                      0.021050    0.000000    2.507297 ^ _08078_/B1 (sky130_fd_sc_hd__o21a_2)
     1    0.008395    0.040484    0.068441    2.575738 ^ _08078_/X (sky130_fd_sc_hd__o21a_2)
                                                         _00555_ (net)
                      0.040484    0.000000    2.575738 ^ _08079_/B (sky130_fd_sc_hd__xnor2_2)
     1    0.002059    0.017432    0.028974    2.604712 v _08079_/Y (sky130_fd_sc_hd__xnor2_2)
                                                         _00042_ (net)
                      0.017432    0.000000    2.604712 v _13696_/D (sky130_fd_sc_hd__dfrtp_2)
                                              2.604712   data arrival time

                      0.150000    0.000000    0.000000   clock clk (rise edge)
                                  0.000000    0.000000   clock network delay (ideal)
                                  0.250000    0.250000   clock uncertainty
                                  0.000000    0.250000   clock reconvergence pessimism
                                              0.250000 ^ _13696_/CLK (sky130_fd_sc_hd__dfrtp_2)
                                 -0.013117    0.236883   library hold time
                                              0.236883   data required time
---------------------------------------------------------------------------------------------
                                              0.236883   data required time
                                             -2.604712   data arrival time
---------------------------------------------------------------------------------------------
                                              2.367829   slack (MET)


Startpoint: w31[5] (input port clocked by clk)
Endpoint: _13701_ (rising edge-triggered flip-flop clocked by clk)
Path Group: clk
Path Type: min

Fanout         Cap        Slew       Delay        Time   Description
---------------------------------------------------------------------------------------------
                      0.150000    0.000000    0.000000   clock clk (rise edge)
                                  0.000000    0.000000   clock network delay (ideal)
                                  2.000000    2.000000 v input external delay
    16    0.034305    0.053480    0.036822    2.036822 v w31[5] (in)
                                                         w31[5] (net)
                      0.053480    0.000000    2.036822 v _08086_/A_N (sky130_fd_sc_hd__and4b_2)
     3    0.018227    0.088827    0.214509    2.251331 ^ _08086_/X (sky130_fd_sc_hd__and4b_2)
                                                         _00562_ (net)
                      0.088827    0.000000    2.251331 ^ _08324_/A1 (sky130_fd_sc_hd__a21oi_2)
     2    0.012147    0.027051    0.050292    2.301623 v _08324_/Y (sky130_fd_sc_hd__a21oi_2)
                                                         _00798_ (net)
                      0.027051    0.000000    2.301623 v _08325_/B (sky130_fd_sc_hd__nor2_2)
     2    0.011487    0.108674    0.092401    2.394024 ^ _08325_/Y (sky130_fd_sc_hd__nor2_2)
                                                         _00799_ (net)
                      0.108674    0.000000    2.394024 ^ _08495_/A1 (sky130_fd_sc_hd__a21bo_2)
     1    0.008977    0.045119    0.102808    2.496832 ^ _08495_/X (sky130_fd_sc_hd__a21bo_2)
                                                         _00967_ (net)
                      0.045119    0.000000    2.496832 ^ _08524_/A (sky130_fd_sc_hd__xnor2_2)
     1    0.008395    0.044601    0.081500    2.578332 ^ _08524_/Y (sky130_fd_sc_hd__xnor2_2)
                                                         _00996_ (net)
                      0.044601    0.000000    2.578332 ^ _08525_/B (sky130_fd_sc_hd__xnor2_2)
     1    0.002059    0.017884    0.029494    2.607826 v _08525_/Y (sky130_fd_sc_hd__xnor2_2)
                                                         _00047_ (net)
                      0.017884    0.000000    2.607826 v _13701_/D (sky130_fd_sc_hd__dfrtp_2)
                                              2.607826   data arrival time

                      0.150000    0.000000    0.000000   clock clk (rise edge)
                                  0.000000    0.000000   clock network delay (ideal)
                                  0.250000    0.250000   clock uncertainty
                                  0.000000    0.250000   clock reconvergence pessimism
                                              0.250000 ^ _13701_/CLK (sky130_fd_sc_hd__dfrtp_2)
                                 -0.013262    0.236738   library hold time
                                              0.236738   data required time
---------------------------------------------------------------------------------------------
                                              0.236738   data required time
                                             -2.607826   data arrival time
---------------------------------------------------------------------------------------------
                                              2.371088   slack (MET)


Startpoint: w11[3] (input port clocked by clk)
Endpoint: _13665_ (rising edge-triggered flip-flop clocked by clk)
Path Group: clk
Path Type: min

Fanout         Cap        Slew       Delay        Time   Description
---------------------------------------------------------------------------------------------
                      0.150000    0.000000    0.000000   clock clk (rise edge)
                                  0.000000    0.000000   clock network delay (ideal)
                                  2.000000    2.000000 v input external delay
    16    0.043146    0.066718    0.046611    2.046611 v w11[3] (in)
                                                         w11[3] (net)
                      0.066718    0.000000    2.046611 v _09369_/B (sky130_fd_sc_hd__and4b_2)
     3    0.016784    0.051123    0.169162    2.215773 v _09369_/X (sky130_fd_sc_hd__and4b_2)
                                                         _01880_ (net)
                      0.051123    0.000000    2.215773 v _09527_/A (sky130_fd_sc_hd__nand2_2)
     1    0.002518    0.024497    0.039302    2.255075 ^ _09527_/Y (sky130_fd_sc_hd__nand2_2)
                                                         _02051_ (net)
                      0.024497    0.000000    2.255075 ^ _09646_/B1 (sky130_fd_sc_hd__o31a_2)
     2    0.006457    0.035434    0.065878    2.320953 ^ _09646_/X (sky130_fd_sc_hd__o31a_2)
                                                         _02181_ (net)
                      0.035434    0.000000    2.320953 ^ _09647_/B1 (sky130_fd_sc_hd__a21oi_2)
     3    0.016784    0.031073    0.035083    2.356036 v _09647_/Y (sky130_fd_sc_hd__a21oi_2)
                                                         _02182_ (net)
                      0.031073    0.000000    2.356036 v _09884_/A (sky130_fd_sc_hd__nand2_2)
     2    0.009648    0.046361    0.050820    2.406857 ^ _09884_/Y (sky130_fd_sc_hd__nand2_2)
                                                         _02441_ (net)
                      0.046361    0.000000    2.406857 ^ _10004_/B (sky130_fd_sc_hd__nand3_2)
     2    0.003942    0.029373    0.040894    2.447751 v _10004_/Y (sky130_fd_sc_hd__nand3_2)
                                                         _02572_ (net)
                      0.029373    0.000000    2.447751 v _10105_/B1 (sky130_fd_sc_hd__o31a_2)
     3    0.014591    0.032930    0.086568    2.534319 v _10105_/X (sky130_fd_sc_hd__o31a_2)
                                                         _02682_ (net)
                      0.032930    0.000000    2.534319 v _10106_/B (sky130_fd_sc_hd__xor2_2)
     1    0.002087    0.044914    0.069888    2.604207 ^ _10106_/X (sky130_fd_sc_hd__xor2_2)
                                                         _00059_ (net)
                      0.044914    0.000000    2.604207 ^ _13665_/D (sky130_fd_sc_hd__dfrtp_2)
                                              2.604207   data arrival time

                      0.150000    0.000000    0.000000   clock clk (rise edge)
                                  0.000000    0.000000   clock network delay (ideal)
                                  0.250000    0.250000   clock uncertainty
                                  0.000000    0.250000   clock reconvergence pessimism
                                              0.250000 ^ _13665_/CLK (sky130_fd_sc_hd__dfrtp_2)
                                 -0.017608    0.232392   library hold time
                                              0.232392   data required time
---------------------------------------------------------------------------------------------
                                              0.232392   data required time
                                             -2.604207   data arrival time
---------------------------------------------------------------------------------------------
                                              2.371815   slack (MET)


Startpoint: w31[3] (input port clocked by clk)
Endpoint: _13699_ (rising edge-triggered flip-flop clocked by clk)
Path Group: clk
Path Type: min

Fanout         Cap        Slew       Delay        Time   Description
---------------------------------------------------------------------------------------------
                      0.150000    0.000000    0.000000   clock clk (rise edge)
                                  0.000000    0.000000   clock network delay (ideal)
                                  2.000000    2.000000 v input external delay
    16    0.043624    0.067434    0.047140    2.047140 v w31[3] (in)
                                                         w31[3] (net)
                      0.067434    0.000000    2.047140 v _07681_/B (sky130_fd_sc_hd__and4b_2)
     3    0.016784    0.051131    0.169461    2.216601 v _07681_/X (sky130_fd_sc_hd__and4b_2)
                                                         _00160_ (net)
                      0.051131    0.000000    2.216601 v _07837_/A (sky130_fd_sc_hd__nand2_2)
     1    0.002518    0.024499    0.039305    2.255907 ^ _07837_/Y (sky130_fd_sc_hd__nand2_2)
                                                         _00315_ (net)
                      0.024499    0.000000    2.255907 ^ _07953_/B1 (sky130_fd_sc_hd__o31a_2)
     2    0.006457    0.035434    0.065879    2.321785 ^ _07953_/X (sky130_fd_sc_hd__o31a_2)
                                                         _00430_ (net)
                      0.035434    0.000000    2.321785 ^ _07954_/B1 (sky130_fd_sc_hd__a21oi_2)
     3    0.016784    0.031073    0.035083    2.356869 v _07954_/Y (sky130_fd_sc_hd__a21oi_2)
                                                         _00431_ (net)
                      0.031073    0.000000    2.356869 v _08196_/A (sky130_fd_sc_hd__nand2_2)
     2    0.009648    0.046361    0.050820    2.407689 ^ _08196_/Y (sky130_fd_sc_hd__nand2_2)
                                                         _00672_ (net)
                      0.046361    0.000000    2.407689 ^ _08319_/B (sky130_fd_sc_hd__nand3_2)
     3    0.008321    0.043591    0.052293    2.459982 v _08319_/Y (sky130_fd_sc_hd__nand3_2)
                                                         _00794_ (net)
                      0.043591    0.000000    2.459982 v _08420_/B1 (sky130_fd_sc_hd__o311ai_2)
     3    0.008654    0.053838    0.070205    2.530186 ^ _08420_/Y (sky130_fd_sc_hd__o311ai_2)
                                                         _00894_ (net)
                      0.053838    0.000000    2.530186 ^ _08422_/A (sky130_fd_sc_hd__and2_2)
     1    0.002087    0.022946    0.078645    2.608831 ^ _08422_/X (sky130_fd_sc_hd__and2_2)
                                                         _00045_ (net)
                      0.022946    0.000000    2.608831 ^ _13699_/D (sky130_fd_sc_hd__dfrtp_2)
                                              2.608831   data arrival time

                      0.150000    0.000000    0.000000   clock clk (rise edge)
                                  0.000000    0.000000   clock network delay (ideal)
                                  0.250000    0.250000   clock uncertainty
                                  0.000000    0.250000   clock reconvergence pessimism
                                              0.250000 ^ _13699_/CLK (sky130_fd_sc_hd__dfrtp_2)
                                 -0.016025    0.233975   library hold time
                                              0.233975   data required time
---------------------------------------------------------------------------------------------
                                              0.233975   data required time
                                             -2.608831   data arrival time
---------------------------------------------------------------------------------------------
                                              2.374856   slack (MET)


Startpoint: w11[3] (input port clocked by clk)
Endpoint: _13664_ (rising edge-triggered flip-flop clocked by clk)
Path Group: clk
Path Type: min

Fanout         Cap        Slew       Delay        Time   Description
---------------------------------------------------------------------------------------------
                      0.150000    0.000000    0.000000   clock clk (rise edge)
                                  0.000000    0.000000   clock network delay (ideal)
                                  2.000000    2.000000 v input external delay
    16    0.043146    0.066718    0.046611    2.046611 v w11[3] (in)
                                                         w11[3] (net)
                      0.066718    0.000000    2.046611 v _09369_/B (sky130_fd_sc_hd__and4b_2)
     3    0.016784    0.051123    0.169162    2.215773 v _09369_/X (sky130_fd_sc_hd__and4b_2)
                                                         _01880_ (net)
                      0.051123    0.000000    2.215773 v _09527_/A (sky130_fd_sc_hd__nand2_2)
     1    0.002518    0.024497    0.039302    2.255075 ^ _09527_/Y (sky130_fd_sc_hd__nand2_2)
                                                         _02051_ (net)
                      0.024497    0.000000    2.255075 ^ _09646_/B1 (sky130_fd_sc_hd__o31a_2)
     2    0.006457    0.035434    0.065878    2.320953 ^ _09646_/X (sky130_fd_sc_hd__o31a_2)
                                                         _02181_ (net)
                      0.035434    0.000000    2.320953 ^ _09647_/B1 (sky130_fd_sc_hd__a21oi_2)
     3    0.016784    0.031073    0.035083    2.356036 v _09647_/Y (sky130_fd_sc_hd__a21oi_2)
                                                         _02182_ (net)
                      0.031073    0.000000    2.356036 v _09884_/A (sky130_fd_sc_hd__nand2_2)
     2    0.009648    0.046361    0.050820    2.406857 ^ _09884_/Y (sky130_fd_sc_hd__nand2_2)
                                                         _02441_ (net)
                      0.046361    0.000000    2.406857 ^ _10003_/A2 (sky130_fd_sc_hd__a21oi_2)
     2    0.003736    0.017351    0.032398    2.439255 v _10003_/Y (sky130_fd_sc_hd__a21oi_2)
                                                         _02571_ (net)
                      0.017351    0.000000    2.439255 v _10005_/A_N (sky130_fd_sc_hd__and2b_2)
     1    0.008977    0.044940    0.137940    2.577195 ^ _10005_/X (sky130_fd_sc_hd__and2b_2)
                                                         _02573_ (net)
                      0.044940    0.000000    2.577195 ^ _10007_/A (sky130_fd_sc_hd__xnor2_2)
     1    0.002059    0.021115    0.034829    2.612024 v _10007_/Y (sky130_fd_sc_hd__xnor2_2)
                                                         _00058_ (net)
                      0.021115    0.000000    2.612024 v _13664_/D (sky130_fd_sc_hd__dfrtp_2)
                                              2.612024   data arrival time

                      0.150000    0.000000    0.000000   clock clk (rise edge)
                                  0.000000    0.000000   clock network delay (ideal)
                                  0.250000    0.250000   clock uncertainty
                                  0.000000    0.250000   clock reconvergence pessimism
                                              0.250000 ^ _13664_/CLK (sky130_fd_sc_hd__dfrtp_2)
                                 -0.014298    0.235702   library hold time
                                              0.235702   data required time
---------------------------------------------------------------------------------------------
                                              0.235702   data required time
                                             -2.612024   data arrival time
---------------------------------------------------------------------------------------------
                                              2.376322   slack (MET)


Startpoint: w11[0] (input port clocked by clk)
Endpoint: _13658_ (rising edge-triggered flip-flop clocked by clk)
Path Group: clk
Path Type: min

Fanout         Cap        Slew       Delay        Time   Description
---------------------------------------------------------------------------------------------
                      0.150000    0.000000    0.000000   clock clk (rise edge)
                                  0.000000    0.000000   clock network delay (ideal)
                                  2.000000    2.000000 v input external delay
    14    0.038063    0.059107    0.040983    2.040983 v w11[0] (in)
                                                         w11[0] (net)
                      0.059107    0.000000    2.040983 v _08655_/B (sky130_fd_sc_hd__nand3_2)
     3    0.007778    0.051152    0.067777    2.108760 ^ _08655_/Y (sky130_fd_sc_hd__nand3_2)
                                                         _01122_ (net)
                      0.051152    0.000000    2.108760 ^ _08656_/B (sky130_fd_sc_hd__or2_2)
     2    0.004095    0.025869    0.071167    2.179927 ^ _08656_/X (sky130_fd_sc_hd__or2_2)
                                                         _01123_ (net)
                      0.025869    0.000000    2.179927 ^ _08779_/B1 (sky130_fd_sc_hd__o31a_2)
     3    0.010970    0.052538    0.078986    2.258913 ^ _08779_/X (sky130_fd_sc_hd__o31a_2)
                                                         _01245_ (net)
                      0.052538    0.000000    2.258913 ^ _08890_/B1 (sky130_fd_sc_hd__o21ai_2)
     4    0.012351    0.035142    0.039539    2.298452 v _08890_/Y (sky130_fd_sc_hd__o21ai_2)
                                                         _01358_ (net)
                      0.035142    0.000000    2.298452 v _08893_/B (sky130_fd_sc_hd__nand3_2)
     3    0.006619    0.043067    0.054992    2.353444 ^ _08893_/Y (sky130_fd_sc_hd__nand3_2)
                                                         _01361_ (net)
                      0.043067    0.000000    2.353444 ^ _09034_/A3 (sky130_fd_sc_hd__a41o_2)
     2    0.010834    0.044695    0.126094    2.479538 ^ _09034_/X (sky130_fd_sc_hd__a41o_2)
                                                         _01515_ (net)
                      0.044695    0.000000    2.479538 ^ _09191_/A2 (sky130_fd_sc_hd__a21o_2)
     2    0.013471    0.056826    0.101443    2.580981 ^ _09191_/X (sky130_fd_sc_hd__a21o_2)
                                                         _01686_ (net)
                      0.056826    0.000000    2.580981 ^ _09192_/B (sky130_fd_sc_hd__xor2_2)
     1    0.002059    0.020035    0.032279    2.613260 v _09192_/X (sky130_fd_sc_hd__xor2_2)
                                                         _00065_ (net)
                      0.020035    0.000000    2.613260 v _13658_/D (sky130_fd_sc_hd__dfrtp_2)
                                              2.613260   data arrival time

                      0.150000    0.000000    0.000000   clock clk (rise edge)
                                  0.000000    0.000000   clock network delay (ideal)
                                  0.250000    0.250000   clock uncertainty
                                  0.000000    0.250000   clock reconvergence pessimism
                                              0.250000 ^ _13658_/CLK (sky130_fd_sc_hd__dfrtp_2)
                                 -0.013952    0.236048   library hold time
                                              0.236048   data required time
---------------------------------------------------------------------------------------------
                                              0.236048   data required time
                                             -2.613260   data arrival time
---------------------------------------------------------------------------------------------
                                              2.377212   slack (MET)


Startpoint: w11[6] (input port clocked by clk)
Endpoint: _13667_ (rising edge-triggered flip-flop clocked by clk)
Path Group: clk
Path Type: min

Fanout         Cap        Slew       Delay        Time   Description
---------------------------------------------------------------------------------------------
                      0.150000    0.000000    0.000000   clock clk (rise edge)
                                  0.000000    0.000000   clock network delay (ideal)
                                  2.000000    2.000000 v input external delay
    17    0.041794    0.064694    0.045114    2.045114 v w11[6] (in)
                                                         w11[6] (net)
                      0.064694    0.000000    2.045114 v _09906_/A_N (sky130_fd_sc_hd__and4b_2)
     3    0.010821    0.062405    0.196355    2.241469 ^ _09906_/X (sky130_fd_sc_hd__and4b_2)
                                                         _02464_ (net)
                      0.062405    0.000000    2.241469 ^ _10071_/A (sky130_fd_sc_hd__and2_2)
     3    0.008935    0.046644    0.101669    2.343138 ^ _10071_/X (sky130_fd_sc_hd__and2_2)
                                                         _02645_ (net)
                      0.046644    0.000000    2.343138 ^ _10163_/A2 (sky130_fd_sc_hd__o21a_2)
     1    0.008977    0.042788    0.085365    2.428503 ^ _10163_/X (sky130_fd_sc_hd__o21a_2)
                                                         _02745_ (net)
                      0.042788    0.000000    2.428503 ^ _10207_/A (sky130_fd_sc_hd__xnor2_2)
     1    0.008002    0.033104    0.048166    2.476669 v _10207_/Y (sky130_fd_sc_hd__xnor2_2)
                                                         _02792_ (net)
                      0.033104    0.000000    2.476669 v _10208_/B (sky130_fd_sc_hd__xnor2_2)
     1    0.008395    0.044599    0.110616    2.587285 ^ _10208_/Y (sky130_fd_sc_hd__xnor2_2)
                                                         _02794_ (net)
                      0.044599    0.000000    2.587285 ^ _10209_/B (sky130_fd_sc_hd__xnor2_2)
     1    0.002059    0.017883    0.029494    2.616779 v _10209_/Y (sky130_fd_sc_hd__xnor2_2)
                                                         _00061_ (net)
                      0.017883    0.000000    2.616779 v _13667_/D (sky130_fd_sc_hd__dfrtp_2)
                                              2.616779   data arrival time

                      0.150000    0.000000    0.000000   clock clk (rise edge)
                                  0.000000    0.000000   clock network delay (ideal)
                                  0.250000    0.250000   clock uncertainty
                                  0.000000    0.250000   clock reconvergence pessimism
                                              0.250000 ^ _13667_/CLK (sky130_fd_sc_hd__dfrtp_2)
                                 -0.013262    0.236738   library hold time
                                              0.236738   data required time
---------------------------------------------------------------------------------------------
                                              0.236738   data required time
                                             -2.616779   data arrival time
---------------------------------------------------------------------------------------------
                                              2.380040   slack (MET)


Startpoint: w21[3] (input port clocked by clk)
Endpoint: _13681_ (rising edge-triggered flip-flop clocked by clk)
Path Group: clk
Path Type: min

Fanout         Cap        Slew       Delay        Time   Description
---------------------------------------------------------------------------------------------
                      0.150000    0.000000    0.000000   clock clk (rise edge)
                                  0.000000    0.000000   clock network delay (ideal)
                                  2.000000    2.000000 v input external delay
    16    0.043146    0.066718    0.046611    2.046611 v w21[3] (in)
                                                         w21[3] (net)
                      0.066718    0.000000    2.046611 v _11069_/B (sky130_fd_sc_hd__and4b_2)
     3    0.016746    0.051069    0.169101    2.215712 v _11069_/X (sky130_fd_sc_hd__and4b_2)
                                                         _03731_ (net)
                      0.051069    0.000000    2.215712 v _11336_/A1 (sky130_fd_sc_hd__a21oi_2)
     2    0.006457    0.058413    0.100955    2.316667 ^ _11336_/Y (sky130_fd_sc_hd__a21oi_2)
                                                         _04022_ (net)
                      0.058413    0.000000    2.316667 ^ _11337_/B1 (sky130_fd_sc_hd__a21oi_2)
     3    0.016784    0.035434    0.039977    2.356644 v _11337_/Y (sky130_fd_sc_hd__a21oi_2)
                                                         _04023_ (net)
                      0.035434    0.000000    2.356644 v _11584_/A (sky130_fd_sc_hd__nand2_2)
     2    0.009648    0.046569    0.052613    2.409258 ^ _11584_/Y (sky130_fd_sc_hd__nand2_2)
                                                         _04293_ (net)
                      0.046569    0.000000    2.409258 ^ _11705_/A2 (sky130_fd_sc_hd__a21oi_2)
     3    0.005894    0.020136    0.036399    2.445657 v _11705_/Y (sky130_fd_sc_hd__a21oi_2)
                                                         _04425_ (net)
                      0.020136    0.000000    2.445657 v _11707_/A_N (sky130_fd_sc_hd__and2b_2)
     1    0.008977    0.044934    0.138875    2.584532 ^ _11707_/X (sky130_fd_sc_hd__and2b_2)
                                                         _04427_ (net)
                      0.044934    0.000000    2.584532 ^ _11709_/A (sky130_fd_sc_hd__xnor2_2)
     1    0.002059    0.021115    0.034828    2.619360 v _11709_/Y (sky130_fd_sc_hd__xnor2_2)
                                                         _00016_ (net)
                      0.021115    0.000000    2.619360 v _13681_/D (sky130_fd_sc_hd__dfrtp_2)
                                              2.619360   data arrival time

                      0.150000    0.000000    0.000000   clock clk (rise edge)
                                  0.000000    0.000000   clock network delay (ideal)
                                  0.250000    0.250000   clock uncertainty
                                  0.000000    0.250000   clock reconvergence pessimism
                                              0.250000 ^ _13681_/CLK (sky130_fd_sc_hd__dfrtp_2)
                                 -0.014298    0.235702   library hold time
                                              0.235702   data required time
---------------------------------------------------------------------------------------------
                                              0.235702   data required time
                                             -2.619360   data arrival time
---------------------------------------------------------------------------------------------
                                              2.383658   slack (MET)


Startpoint: w31[3] (input port clocked by clk)
Endpoint: _13698_ (rising edge-triggered flip-flop clocked by clk)
Path Group: clk
Path Type: min

Fanout         Cap        Slew       Delay        Time   Description
---------------------------------------------------------------------------------------------
                      0.150000    0.000000    0.000000   clock clk (rise edge)
                                  0.000000    0.000000   clock network delay (ideal)
                                  2.000000    2.000000 v input external delay
    16    0.043624    0.067434    0.047140    2.047140 v w31[3] (in)
                                                         w31[3] (net)
                      0.067434    0.000000    2.047140 v _07681_/B (sky130_fd_sc_hd__and4b_2)
     3    0.016784    0.051131    0.169461    2.216601 v _07681_/X (sky130_fd_sc_hd__and4b_2)
                                                         _00160_ (net)
                      0.051131    0.000000    2.216601 v _07837_/A (sky130_fd_sc_hd__nand2_2)
     1    0.002518    0.024499    0.039305    2.255907 ^ _07837_/Y (sky130_fd_sc_hd__nand2_2)
                                                         _00315_ (net)
                      0.024499    0.000000    2.255907 ^ _07953_/B1 (sky130_fd_sc_hd__o31a_2)
     2    0.006457    0.035434    0.065879    2.321785 ^ _07953_/X (sky130_fd_sc_hd__o31a_2)
                                                         _00430_ (net)
                      0.035434    0.000000    2.321785 ^ _07954_/B1 (sky130_fd_sc_hd__a21oi_2)
     3    0.016784    0.031073    0.035083    2.356869 v _07954_/Y (sky130_fd_sc_hd__a21oi_2)
                                                         _00431_ (net)
                      0.031073    0.000000    2.356869 v _08196_/A (sky130_fd_sc_hd__nand2_2)
     2    0.009648    0.046361    0.050820    2.407689 ^ _08196_/Y (sky130_fd_sc_hd__nand2_2)
                                                         _00672_ (net)
                      0.046361    0.000000    2.407689 ^ _08318_/A2 (sky130_fd_sc_hd__a21oi_2)
     3    0.007773    0.022561    0.039796    2.447484 v _08318_/Y (sky130_fd_sc_hd__a21oi_2)
                                                         _00793_ (net)
                      0.022561    0.000000    2.447484 v _08320_/A_N (sky130_fd_sc_hd__and2b_2)
     1    0.008977    0.044928    0.139689    2.587174 ^ _08320_/X (sky130_fd_sc_hd__and2b_2)
                                                         _00795_ (net)
                      0.044928    0.000000    2.587174 ^ _08322_/A (sky130_fd_sc_hd__xnor2_2)
     1    0.002059    0.021115    0.034827    2.622001 v _08322_/Y (sky130_fd_sc_hd__xnor2_2)
                                                         _00044_ (net)
                      0.021115    0.000000    2.622001 v _13698_/D (sky130_fd_sc_hd__dfrtp_2)
                                              2.622001   data arrival time

                      0.150000    0.000000    0.000000   clock clk (rise edge)
                                  0.000000    0.000000   clock network delay (ideal)
                                  0.250000    0.250000   clock uncertainty
                                  0.000000    0.250000   clock reconvergence pessimism
                                              0.250000 ^ _13698_/CLK (sky130_fd_sc_hd__dfrtp_2)
                                 -0.014298    0.235702   library hold time
                                              0.235702   data required time
---------------------------------------------------------------------------------------------
                                              0.235702   data required time
                                             -2.622001   data arrival time
---------------------------------------------------------------------------------------------
                                              2.386299   slack (MET)


Startpoint: w21[7] (input port clocked by clk)
Endpoint: _13684_ (rising edge-triggered flip-flop clocked by clk)
Path Group: clk
Path Type: min

Fanout         Cap        Slew       Delay        Time   Description
---------------------------------------------------------------------------------------------
                      0.150000    0.000000    0.000000   clock clk (rise edge)
                                  0.000000    0.000000   clock network delay (ideal)
                                  2.000000    2.000000 v input external delay
    15    0.036072    0.056126    0.038779    2.038779 v w21[7] (in)
                                                         w21[7] (net)
                      0.056126    0.000000    2.038779 v _11602_/C1 (sky130_fd_sc_hd__o211ai_2)
     4    0.017363    0.082498    0.086506    2.125284 ^ _11602_/Y (sky130_fd_sc_hd__o211ai_2)
                                                         _04312_ (net)
                      0.082498    0.000000    2.125284 ^ _11773_/A (sky130_fd_sc_hd__xor2_2)
     2    0.006571    0.028833    0.051245    2.176530 v _11773_/X (sky130_fd_sc_hd__xor2_2)
                                                         _04499_ (net)
                      0.028833    0.000000    2.176530 v _11775_/C (sky130_fd_sc_hd__nand3_2)
     3    0.011780    0.056215    0.066869    2.243399 ^ _11775_/Y (sky130_fd_sc_hd__nand3_2)
                                                         _04501_ (net)
                      0.056215    0.000000    2.243399 ^ _11871_/A2 (sky130_fd_sc_hd__a21boi_2)
     2    0.005763    0.027944    0.037528    2.280927 v _11871_/Y (sky130_fd_sc_hd__a21boi_2)
                                                         _04606_ (net)
                      0.027944    0.000000    2.280927 v _11872_/B1 (sky130_fd_sc_hd__a21oi_2)
     3    0.012203    0.094013    0.082254    2.363182 ^ _11872_/Y (sky130_fd_sc_hd__a21oi_2)
                                                         _04607_ (net)
                      0.094013    0.000000    2.363182 ^ _11919_/A2 (sky130_fd_sc_hd__a21boi_2)
     1    0.008002    0.031553    0.046694    2.409876 v _11919_/Y (sky130_fd_sc_hd__a21boi_2)
                                                         _04658_ (net)
                      0.031553    0.000000    2.409876 v _11920_/B (sky130_fd_sc_hd__xnor2_2)
     1    0.008395    0.044603    0.110109    2.519984 ^ _11920_/Y (sky130_fd_sc_hd__xnor2_2)
                                                         _04659_ (net)
                      0.044603    0.000000    2.519984 ^ _11921_/B (sky130_fd_sc_hd__xnor2_2)
     1    0.008395    0.044601    0.077767    2.597752 ^ _11921_/Y (sky130_fd_sc_hd__xnor2_2)
                                                         _04660_ (net)
                      0.044601    0.000000    2.597752 ^ _11922_/B (sky130_fd_sc_hd__xnor2_2)
     1    0.002059    0.017884    0.029494    2.627246 v _11922_/Y (sky130_fd_sc_hd__xnor2_2)
                                                         _00019_ (net)
                      0.017884    0.000000    2.627246 v _13684_/D (sky130_fd_sc_hd__dfrtp_2)
                                              2.627246   data arrival time

                      0.150000    0.000000    0.000000   clock clk (rise edge)
                                  0.000000    0.000000   clock network delay (ideal)
                                  0.250000    0.250000   clock uncertainty
                                  0.000000    0.250000   clock reconvergence pessimism
                                              0.250000 ^ _13684_/CLK (sky130_fd_sc_hd__dfrtp_2)
                                 -0.013262    0.236738   library hold time
                                              0.236738   data required time
---------------------------------------------------------------------------------------------
                                              0.236738   data required time
                                             -2.627246   data arrival time
---------------------------------------------------------------------------------------------
                                              2.390508   slack (MET)


Startpoint: w01[6] (input port clocked by clk)
Endpoint: _13649_ (rising edge-triggered flip-flop clocked by clk)
Path Group: clk
Path Type: min

Fanout         Cap        Slew       Delay        Time   Description
---------------------------------------------------------------------------------------------
                      0.150000    0.000000    0.000000   clock clk (rise edge)
                                  0.000000    0.000000   clock network delay (ideal)
                                  2.000000    2.000000 v input external delay
    16    0.043264    0.066895    0.046742    2.046741 v w01[6] (in)
                                                         w01[6] (net)
                      0.066895    0.000000    2.046741 v _13185_/B (sky130_fd_sc_hd__and4b_2)
     3    0.016746    0.051075    0.169175    2.215917 v _13185_/X (sky130_fd_sc_hd__and4b_2)
                                                         _06036_ (net)
                      0.051075    0.000000    2.215917 v _13426_/A1 (sky130_fd_sc_hd__a21oi_2)
     2    0.003148    0.038285    0.080750    2.296667 ^ _13426_/Y (sky130_fd_sc_hd__a21oi_2)
                                                         _06299_ (net)
                      0.038285    0.000000    2.296667 ^ _13427_/B1_N (sky130_fd_sc_hd__o21bai_2)
     3    0.015629    0.067198    0.098288    2.394955 ^ _13427_/Y (sky130_fd_sc_hd__o21bai_2)
                                                         _06300_ (net)
                      0.067198    0.000000    2.394955 ^ _13590_/A (sky130_fd_sc_hd__xnor2_2)
     2    0.005763    0.030618    0.046507    2.441463 v _13590_/Y (sky130_fd_sc_hd__xnor2_2)
                                                         _06479_ (net)
                      0.030618    0.000000    2.441463 v _13592_/B1 (sky130_fd_sc_hd__a21oi_2)
     2    0.006360    0.057859    0.057315    2.498778 ^ _13592_/Y (sky130_fd_sc_hd__a21oi_2)
                                                         _06481_ (net)
                      0.057859    0.000000    2.498778 ^ _13593_/B (sky130_fd_sc_hd__or2_2)
     2    0.011460    0.052729    0.093275    2.592052 ^ _13593_/X (sky130_fd_sc_hd__or2_2)
                                                         _06482_ (net)
                      0.052729    0.000000    2.592052 ^ _13595_/A (sky130_fd_sc_hd__xnor2_2)
     1    0.002059    0.017616    0.036117    2.628169 v _13595_/Y (sky130_fd_sc_hd__xnor2_2)
                                                         _00032_ (net)
                      0.017616    0.000000    2.628169 v _13649_/D (sky130_fd_sc_hd__dfrtp_2)
                                              2.628169   data arrival time

                      0.150000    0.000000    0.000000   clock clk (rise edge)
                                  0.000000    0.000000   clock network delay (ideal)
                                  0.250000    0.250000   clock uncertainty
                                  0.000000    0.250000   clock reconvergence pessimism
                                              0.250000 ^ _13649_/CLK (sky130_fd_sc_hd__dfrtp_2)
                                 -0.013176    0.236824   library hold time
                                              0.236824   data required time
---------------------------------------------------------------------------------------------
                                              0.236824   data required time
                                             -2.628169   data arrival time
---------------------------------------------------------------------------------------------
                                              2.391345   slack (MET)


Startpoint: w11[4] (input port clocked by clk)
Endpoint: _13666_ (rising edge-triggered flip-flop clocked by clk)
Path Group: clk
Path Type: min

Fanout         Cap        Slew       Delay        Time   Description
---------------------------------------------------------------------------------------------
                      0.150000    0.000000    0.000000   clock clk (rise edge)
                                  0.000000    0.000000   clock network delay (ideal)
                                  2.000000    2.000000 v input external delay
    17    0.039899    0.061856    0.043016    2.043016 v w11[4] (in)
                                                         w11[4] (net)
                      0.061856    0.000000    2.043016 v _09520_/B (sky130_fd_sc_hd__and4b_2)
     4    0.019017    0.054357    0.170658    2.213674 v _09520_/X (sky130_fd_sc_hd__and4b_2)
                                                         _02044_ (net)
                      0.054357    0.000000    2.213674 v _09773_/A1 (sky130_fd_sc_hd__a21oi_2)
     2    0.003182    0.037937    0.082214    2.295887 ^ _09773_/Y (sky130_fd_sc_hd__a21oi_2)
                                                         _02320_ (net)
                      0.037937    0.000000    2.295887 ^ _09774_/B1_N (sky130_fd_sc_hd__o21ba_2)
     3    0.014142    0.034727    0.112498    2.408385 v _09774_/X (sky130_fd_sc_hd__o21ba_2)
                                                         _02321_ (net)
                      0.034727    0.000000    2.408385 v _10101_/A1 (sky130_fd_sc_hd__a21oi_2)
     2    0.006405    0.058027    0.094352    2.502737 ^ _10101_/Y (sky130_fd_sc_hd__a21oi_2)
                                                         _02678_ (net)
                      0.058027    0.000000    2.502737 ^ _10102_/B (sky130_fd_sc_hd__nor2_2)
     3    0.010637    0.026863    0.033149    2.535887 v _10102_/Y (sky130_fd_sc_hd__nor2_2)
                                                         _02679_ (net)
                      0.026863    0.000000    2.535887 v _10175_/B1 (sky130_fd_sc_hd__a21oi_2)
     1    0.008395    0.070405    0.064984    2.600870 ^ _10175_/Y (sky130_fd_sc_hd__a21oi_2)
                                                         _02758_ (net)
                      0.070405    0.000000    2.600870 ^ _10176_/B (sky130_fd_sc_hd__xnor2_2)
     1    0.002059    0.021070    0.030925    2.631796 v _10176_/Y (sky130_fd_sc_hd__xnor2_2)
                                                         _00060_ (net)
                      0.021070    0.000000    2.631796 v _13666_/D (sky130_fd_sc_hd__dfrtp_2)
                                              2.631796   data arrival time

                      0.150000    0.000000    0.000000   clock clk (rise edge)
                                  0.000000    0.000000   clock network delay (ideal)
                                  0.250000    0.250000   clock uncertainty
                                  0.000000    0.250000   clock reconvergence pessimism
                                              0.250000 ^ _13666_/CLK (sky130_fd_sc_hd__dfrtp_2)
                                 -0.014284    0.235716   library hold time
                                              0.235716   data required time
---------------------------------------------------------------------------------------------
                                              0.235716   data required time
                                             -2.631796   data arrival time
---------------------------------------------------------------------------------------------
                                              2.396080   slack (MET)


Startpoint: w21[1] (input port clocked by clk)
Endpoint: _13679_ (rising edge-triggered flip-flop clocked by clk)
Path Group: clk
Path Type: min

Fanout         Cap        Slew       Delay        Time   Description
---------------------------------------------------------------------------------------------
                      0.150000    0.000000    0.000000   clock clk (rise edge)
                                  0.000000    0.000000   clock network delay (ideal)
                                  2.000000    2.000000 ^ input external delay
    15    0.042138    0.146854    0.100148    2.100148 ^ w21[1] (in)
                                                         w21[1] (net)
                      0.146854    0.000000    2.100148 ^ _10902_/B (sky130_fd_sc_hd__or3_2)
     2    0.011417    0.050750    0.115321    2.215469 ^ _10902_/X (sky130_fd_sc_hd__or3_2)
                                                         _03548_ (net)
                      0.050750    0.000000    2.215469 ^ _11200_/A1 (sky130_fd_sc_hd__o21a_2)
     2    0.006457    0.033329    0.088931    2.304400 ^ _11200_/X (sky130_fd_sc_hd__o21a_2)
                                                         _03874_ (net)
                      0.033329    0.000000    2.304400 ^ _11201_/B1 (sky130_fd_sc_hd__a21oi_2)
     3    0.015039    0.028402    0.032547    2.336947 v _11201_/Y (sky130_fd_sc_hd__a21oi_2)
                                                         _03875_ (net)
                      0.028402    0.000000    2.336947 v _11461_/A (sky130_fd_sc_hd__xor2_2)
     2    0.004156    0.062385    0.100766    2.437714 ^ _11461_/X (sky130_fd_sc_hd__xor2_2)
                                                         _04160_ (net)
                      0.062385    0.000000    2.437714 ^ _11464_/B1 (sky130_fd_sc_hd__o21a_2)
     3    0.014162    0.062049    0.094058    2.531771 ^ _11464_/X (sky130_fd_sc_hd__o21a_2)
                                                         _04163_ (net)
                      0.062049    0.000000    2.531771 ^ _11465_/B (sky130_fd_sc_hd__nor2_2)
     1    0.008271    0.022238    0.029315    2.561087 v _11465_/Y (sky130_fd_sc_hd__nor2_2)
                                                         _04164_ (net)
                      0.022238    0.000000    2.561087 v _11467_/A (sky130_fd_sc_hd__xnor2_2)
     1    0.002059    0.018097    0.076693    2.637780 v _11467_/Y (sky130_fd_sc_hd__xnor2_2)
                                                         _00014_ (net)
                      0.018097    0.000000    2.637780 v _13679_/D (sky130_fd_sc_hd__dfrtp_2)
                                              2.637780   data arrival time

                      0.150000    0.000000    0.000000   clock clk (rise edge)
                                  0.000000    0.000000   clock network delay (ideal)
                                  0.250000    0.250000   clock uncertainty
                                  0.000000    0.250000   clock reconvergence pessimism
                                              0.250000 ^ _13679_/CLK (sky130_fd_sc_hd__dfrtp_2)
                                 -0.013330    0.236670   library hold time
                                              0.236670   data required time
---------------------------------------------------------------------------------------------
                                              0.236670   data required time
                                             -2.637780   data arrival time
---------------------------------------------------------------------------------------------
                                              2.401110   slack (MET)


Startpoint: w01[3] (input port clocked by clk)
Endpoint: _13648_ (rising edge-triggered flip-flop clocked by clk)
Path Group: clk
Path Type: min

Fanout         Cap        Slew       Delay        Time   Description
---------------------------------------------------------------------------------------------
                      0.150000    0.000000    0.000000   clock clk (rise edge)
                                  0.000000    0.000000   clock network delay (ideal)
                                  2.000000    2.000000 v input external delay
    16    0.043146    0.066718    0.046611    2.046611 v w01[3] (in)
                                                         w01[3] (net)
                      0.066718    0.000000    2.046611 v _12775_/B (sky130_fd_sc_hd__and4b_2)
     3    0.016746    0.051069    0.169101    2.215712 v _12775_/X (sky130_fd_sc_hd__and4b_2)
                                                         _05588_ (net)
                      0.051069    0.000000    2.215712 v _13049_/A1 (sky130_fd_sc_hd__a21oi_2)
     2    0.006457    0.058413    0.100955    2.316667 ^ _13049_/Y (sky130_fd_sc_hd__a21oi_2)
                                                         _05888_ (net)
                      0.058413    0.000000    2.316667 ^ _13050_/B1 (sky130_fd_sc_hd__a21oi_2)
     3    0.016784    0.035434    0.039977    2.356644 v _13050_/Y (sky130_fd_sc_hd__a21oi_2)
                                                         _05889_ (net)
                      0.035434    0.000000    2.356644 v _13297_/A (sky130_fd_sc_hd__nand2_2)
     2    0.006682    0.035857    0.044700    2.401344 ^ _13297_/Y (sky130_fd_sc_hd__nand2_2)
                                                         _06159_ (net)
                      0.035857    0.000000    2.401344 ^ _13421_/B (sky130_fd_sc_hd__and3_2)
     2    0.009425    0.050897    0.116650    2.517995 ^ _13421_/X (sky130_fd_sc_hd__and3_2)
                                                         _06295_ (net)
                      0.050897    0.000000    2.517995 ^ _13422_/A (sky130_fd_sc_hd__inv_2)
     1    0.004310    0.017394    0.018768    2.536763 v _13422_/Y (sky130_fd_sc_hd__inv_2)
                                                         _06296_ (net)
                      0.017394    0.000000    2.536763 v _13525_/B1 (sky130_fd_sc_hd__o31ai_2)
     3    0.015579    0.075906    0.067776    2.604539 ^ _13525_/Y (sky130_fd_sc_hd__o31ai_2)
                                                         _06408_ (net)
                      0.075906    0.000000    2.604539 ^ _13526_/B (sky130_fd_sc_hd__xor2_2)
     1    0.002059    0.020054    0.033918    2.638458 v _13526_/X (sky130_fd_sc_hd__xor2_2)
                                                         _00031_ (net)
                      0.020054    0.000000    2.638458 v _13648_/D (sky130_fd_sc_hd__dfrtp_2)
                                              2.638458   data arrival time

                      0.150000    0.000000    0.000000   clock clk (rise edge)
                                  0.000000    0.000000   clock network delay (ideal)
                                  0.250000    0.250000   clock uncertainty
                                  0.000000    0.250000   clock reconvergence pessimism
                                              0.250000 ^ _13648_/CLK (sky130_fd_sc_hd__dfrtp_2)
                                 -0.013958    0.236042   library hold time
                                              0.236042   data required time
---------------------------------------------------------------------------------------------
                                              0.236042   data required time
                                             -2.638458   data arrival time
---------------------------------------------------------------------------------------------
                                              2.402416   slack (MET)


Startpoint: w21[2] (input port clocked by clk)
Endpoint: _13680_ (rising edge-triggered flip-flop clocked by clk)
Path Group: clk
Path Type: min

Fanout         Cap        Slew       Delay        Time   Description
---------------------------------------------------------------------------------------------
                      0.150000    0.000000    0.000000   clock clk (rise edge)
                                  0.000000    0.000000   clock network delay (ideal)
                                  2.000000    2.000000 v input external delay
    14    0.032082    0.050152    0.034361    2.034361 v w21[2] (in)
                                                         w21[2] (net)
                      0.050152    0.000000    2.034361 v _11069_/A_N (sky130_fd_sc_hd__and4b_2)
     3    0.018227    0.088818    0.213169    2.247530 ^ _11069_/X (sky130_fd_sc_hd__and4b_2)
                                                         _03731_ (net)
                      0.088818    0.000000    2.247530 ^ _11336_/A1 (sky130_fd_sc_hd__a21oi_2)
     2    0.005763    0.015820    0.036959    2.284490 v _11336_/Y (sky130_fd_sc_hd__a21oi_2)
                                                         _04022_ (net)
                      0.015820    0.000000    2.284490 v _11337_/B1 (sky130_fd_sc_hd__a21oi_2)
     3    0.018180    0.131182    0.104734    2.389224 ^ _11337_/Y (sky130_fd_sc_hd__a21oi_2)
                                                         _04023_ (net)
                      0.131182    0.000000    2.389224 ^ _11585_/A (sky130_fd_sc_hd__xnor2_2)
     2    0.011070    0.054538    0.098710    2.487934 ^ _11585_/Y (sky130_fd_sc_hd__xnor2_2)
                                                         _04294_ (net)
                      0.054538    0.000000    2.487934 ^ _11588_/A (sky130_fd_sc_hd__xor2_2)
     2    0.005842    0.027463    0.045569    2.533503 v _11588_/X (sky130_fd_sc_hd__xor2_2)
                                                         _04298_ (net)
                      0.027463    0.000000    2.533503 v _11593_/B1 (sky130_fd_sc_hd__a31oi_2)
     4    0.014438    0.096443    0.084615    2.618118 ^ _11593_/Y (sky130_fd_sc_hd__a31oi_2)
                                                         _04303_ (net)
                      0.096443    0.000000    2.618118 ^ _11595_/A (sky130_fd_sc_hd__nor2_2)
     1    0.002059    0.013086    0.022736    2.640854 v _11595_/Y (sky130_fd_sc_hd__nor2_2)
                                                         _00015_ (net)
                      0.013086    0.000000    2.640854 v _13680_/D (sky130_fd_sc_hd__dfrtp_2)
                                              2.640854   data arrival time

                      0.150000    0.000000    0.000000   clock clk (rise edge)
                                  0.000000    0.000000   clock network delay (ideal)
                                  0.250000    0.250000   clock uncertainty
                                  0.000000    0.250000   clock reconvergence pessimism
                                              0.250000 ^ _13680_/CLK (sky130_fd_sc_hd__dfrtp_2)
                                 -0.011723    0.238277   library hold time
                                              0.238277   data required time
---------------------------------------------------------------------------------------------
                                              0.238277   data required time
                                             -2.640854   data arrival time
---------------------------------------------------------------------------------------------
                                              2.402576   slack (MET)


Startpoint: w01[3] (input port clocked by clk)
Endpoint: _13645_ (rising edge-triggered flip-flop clocked by clk)
Path Group: clk
Path Type: min

Fanout         Cap        Slew       Delay        Time   Description
---------------------------------------------------------------------------------------------
                      0.150000    0.000000    0.000000   clock clk (rise edge)
                                  0.000000    0.000000   clock network delay (ideal)
                                  2.000000    2.000000 ^ input external delay
    16    0.047006    0.163091    0.111425    2.111425 ^ w01[3] (in)
                                                         w01[3] (net)
                      0.163091    0.000000    2.111425 ^ _12602_/A2 (sky130_fd_sc_hd__a31oi_2)
     2    0.005694    0.021101    0.066261    2.177685 v _12602_/Y (sky130_fd_sc_hd__a31oi_2)
                                                         _05400_ (net)
                      0.021101    0.000000    2.177685 v _12604_/A (sky130_fd_sc_hd__nor2_2)
     3    0.013485    0.123387    0.115836    2.293521 ^ _12604_/Y (sky130_fd_sc_hd__nor2_2)
                                                         _05402_ (net)
                      0.123387    0.000000    2.293521 ^ _12907_/A1 (sky130_fd_sc_hd__a21o_2)
     2    0.011444    0.049548    0.107302    2.400823 ^ _12907_/X (sky130_fd_sc_hd__a21o_2)
                                                         _05732_ (net)
                      0.049548    0.000000    2.400823 ^ _13048_/A1 (sky130_fd_sc_hd__a21o_2)
     3    0.015884    0.065644    0.105220    2.506043 ^ _13048_/X (sky130_fd_sc_hd__a21o_2)
                                                         _05887_ (net)
                      0.065644    0.000000    2.506043 ^ _13176_/A (sky130_fd_sc_hd__xnor2_2)
     2    0.013793    0.064335    0.098748    2.604792 ^ _13176_/Y (sky130_fd_sc_hd__xnor2_2)
                                                         _06027_ (net)
                      0.064335    0.000000    2.604792 ^ _13178_/A (sky130_fd_sc_hd__xnor2_2)
     1    0.002059    0.017541    0.037013    2.641804 v _13178_/Y (sky130_fd_sc_hd__xnor2_2)
                                                         _00028_ (net)
                      0.017541    0.000000    2.641804 v _13645_/D (sky130_fd_sc_hd__dfrtp_2)
                                              2.641804   data arrival time

                      0.150000    0.000000    0.000000   clock clk (rise edge)
                                  0.000000    0.000000   clock network delay (ideal)
                                  0.250000    0.250000   clock uncertainty
                                  0.000000    0.250000   clock reconvergence pessimism
                                              0.250000 ^ _13645_/CLK (sky130_fd_sc_hd__dfrtp_2)
                                 -0.013152    0.236848   library hold time
                                              0.236848   data required time
---------------------------------------------------------------------------------------------
                                              0.236848   data required time
                                             -2.641804   data arrival time
---------------------------------------------------------------------------------------------
                                              2.404956   slack (MET)


Startpoint: w31[3] (input port clocked by clk)
Endpoint: _13700_ (rising edge-triggered flip-flop clocked by clk)
Path Group: clk
Path Type: min

Fanout         Cap        Slew       Delay        Time   Description
---------------------------------------------------------------------------------------------
                      0.150000    0.000000    0.000000   clock clk (rise edge)
                                  0.000000    0.000000   clock network delay (ideal)
                                  2.000000    2.000000 v input external delay
    16    0.043624    0.067434    0.047140    2.047140 v w31[3] (in)
                                                         w31[3] (net)
                      0.067434    0.000000    2.047140 v _07681_/B (sky130_fd_sc_hd__and4b_2)
     3    0.016784    0.051131    0.169461    2.216601 v _07681_/X (sky130_fd_sc_hd__and4b_2)
                                                         _00160_ (net)
                      0.051131    0.000000    2.216601 v _07837_/A (sky130_fd_sc_hd__nand2_2)
     1    0.002518    0.024499    0.039305    2.255907 ^ _07837_/Y (sky130_fd_sc_hd__nand2_2)
                                                         _00315_ (net)
                      0.024499    0.000000    2.255907 ^ _07953_/B1 (sky130_fd_sc_hd__o31a_2)
     2    0.006457    0.035434    0.065879    2.321785 ^ _07953_/X (sky130_fd_sc_hd__o31a_2)
                                                         _00430_ (net)
                      0.035434    0.000000    2.321785 ^ _07954_/B1 (sky130_fd_sc_hd__a21oi_2)
     3    0.016784    0.031073    0.035083    2.356869 v _07954_/Y (sky130_fd_sc_hd__a21oi_2)
                                                         _00431_ (net)
                      0.031073    0.000000    2.356869 v _08196_/A (sky130_fd_sc_hd__nand2_2)
     2    0.009648    0.046361    0.050820    2.407689 ^ _08196_/Y (sky130_fd_sc_hd__nand2_2)
                                                         _00672_ (net)
                      0.046361    0.000000    2.407689 ^ _08319_/B (sky130_fd_sc_hd__nand3_2)
     3    0.008321    0.043591    0.052293    2.459982 v _08319_/Y (sky130_fd_sc_hd__nand3_2)
                                                         _00794_ (net)
                      0.043591    0.000000    2.459982 v _08420_/B1 (sky130_fd_sc_hd__o311ai_2)
     3    0.008654    0.053838    0.070205    2.530186 ^ _08420_/Y (sky130_fd_sc_hd__o311ai_2)
                                                         _00894_ (net)
                      0.053838    0.000000    2.530186 ^ _08492_/B (sky130_fd_sc_hd__nand2_2)
     1    0.008002    0.029170    0.039911    2.570097 v _08492_/Y (sky130_fd_sc_hd__nand2_2)
                                                         _00965_ (net)
                      0.029170    0.000000    2.570097 v _08493_/B (sky130_fd_sc_hd__xnor2_2)
     1    0.002087    0.022472    0.069450    2.639547 ^ _08493_/Y (sky130_fd_sc_hd__xnor2_2)
                                                         _00046_ (net)
                      0.022472    0.000000    2.639547 ^ _13700_/D (sky130_fd_sc_hd__dfrtp_2)
                                              2.639547   data arrival time

                      0.150000    0.000000    0.000000   clock clk (rise edge)
                                  0.000000    0.000000   clock network delay (ideal)
                                  0.250000    0.250000   clock uncertainty
                                  0.000000    0.250000   clock reconvergence pessimism
                                              0.250000 ^ _13700_/CLK (sky130_fd_sc_hd__dfrtp_2)
                                 -0.015991    0.234009   library hold time
                                              0.234009   data required time
---------------------------------------------------------------------------------------------
                                              0.234009   data required time
                                             -2.639547   data arrival time
---------------------------------------------------------------------------------------------
                                              2.405537   slack (MET)


Startpoint: w21[5] (input port clocked by clk)
Endpoint: _13683_ (rising edge-triggered flip-flop clocked by clk)
Path Group: clk
Path Type: min

Fanout         Cap        Slew       Delay        Time   Description
---------------------------------------------------------------------------------------------
                      0.150000    0.000000    0.000000   clock clk (rise edge)
                                  0.000000    0.000000   clock network delay (ideal)
                                  2.000000    2.000000 v input external delay
    16    0.033847    0.052795    0.036315    2.036315 v w21[5] (in)
                                                         w21[5] (net)
                      0.052795    0.000000    2.036315 v _11474_/A_N (sky130_fd_sc_hd__and4b_2)
     3    0.018227    0.088826    0.214238    2.250554 ^ _11474_/X (sky130_fd_sc_hd__and4b_2)
                                                         _04173_ (net)
                      0.088826    0.000000    2.250554 ^ _11710_/A1 (sky130_fd_sc_hd__a21oi_2)
     2    0.002931    0.016087    0.030097    2.280651 v _11710_/Y (sky130_fd_sc_hd__a21oi_2)
                                                         _04430_ (net)
                      0.016087    0.000000    2.280651 v _11711_/B1_N (sky130_fd_sc_hd__o21ba_2)
     3    0.013208    0.066510    0.151219    2.431870 ^ _11711_/X (sky130_fd_sc_hd__o21ba_2)
                                                         _04431_ (net)
                      0.066510    0.000000    2.431870 ^ _11879_/A (sky130_fd_sc_hd__xnor2_2)
     3    0.015482    0.070390    0.103241    2.535112 ^ _11879_/Y (sky130_fd_sc_hd__xnor2_2)
                                                         _04615_ (net)
                      0.070390    0.000000    2.535112 ^ _11883_/A (sky130_fd_sc_hd__xnor2_2)
     1    0.008977    0.046834    0.086792    2.621904 ^ _11883_/Y (sky130_fd_sc_hd__xnor2_2)
                                                         _04619_ (net)
                      0.046834    0.000000    2.621904 ^ _11885_/A (sky130_fd_sc_hd__xnor2_2)
     1    0.002059    0.021113    0.035142    2.657046 v _11885_/Y (sky130_fd_sc_hd__xnor2_2)
                                                         _00018_ (net)
                      0.021113    0.000000    2.657046 v _13683_/D (sky130_fd_sc_hd__dfrtp_2)
                                              2.657046   data arrival time

                      0.150000    0.000000    0.000000   clock clk (rise edge)
                                  0.000000    0.000000   clock network delay (ideal)
                                  0.250000    0.250000   clock uncertainty
                                  0.000000    0.250000   clock reconvergence pessimism
                                              0.250000 ^ _13683_/CLK (sky130_fd_sc_hd__dfrtp_2)
                                 -0.014298    0.235702   library hold time
                                              0.235702   data required time
---------------------------------------------------------------------------------------------
                                              0.235702   data required time
                                             -2.657046   data arrival time
---------------------------------------------------------------------------------------------
                                              2.421343   slack (MET)


Startpoint: w31[0] (input port clocked by clk)
Endpoint: _13692_ (rising edge-triggered flip-flop clocked by clk)
Path Group: clk
Path Type: min

Fanout         Cap        Slew       Delay        Time   Description
---------------------------------------------------------------------------------------------
                      0.150000    0.000000    0.000000   clock clk (rise edge)
                                  0.000000    0.000000   clock network delay (ideal)
                                  2.000000    2.000000 ^ input external delay
    13    0.042682    0.148667    0.101412    2.101412 ^ w31[0] (in)
                                                         w31[0] (net)
                      0.148667    0.000000    2.101412 ^ _06960_/A (sky130_fd_sc_hd__and3_2)
     3    0.018079    0.080648    0.163715    2.265127 ^ _06960_/X (sky130_fd_sc_hd__and3_2)
                                                         _02898_ (net)
                      0.080648    0.000000    2.265127 ^ _07084_/A2 (sky130_fd_sc_hd__a21oi_2)
     3    0.009987    0.021191    0.049438    2.314565 v _07084_/Y (sky130_fd_sc_hd__a21oi_2)
                                                         _04253_ (net)
                      0.021191    0.000000    2.314565 v _07196_/B1 (sky130_fd_sc_hd__o21ai_2)
     4    0.010319    0.051007    0.050235    2.364800 ^ _07196_/Y (sky130_fd_sc_hd__o21ai_2)
                                                         _05472_ (net)
                      0.051007    0.000000    2.364800 ^ _07197_/B (sky130_fd_sc_hd__and2_2)
     2    0.004187    0.030212    0.088162    2.452962 ^ _07197_/X (sky130_fd_sc_hd__and2_2)
                                                         _05483_ (net)
                      0.030212    0.000000    2.452962 ^ _07338_/A2 (sky130_fd_sc_hd__a22o_2)
     2    0.004253    0.027058    0.079700    2.532661 ^ _07338_/X (sky130_fd_sc_hd__a22o_2)
                                                         _06569_ (net)
                      0.027058    0.000000    2.532661 ^ _07499_/A1 (sky130_fd_sc_hd__a21o_2)
     2    0.013471    0.056832    0.093394    2.626055 ^ _07499_/X (sky130_fd_sc_hd__a21o_2)
                                                         _06729_ (net)
                      0.056832    0.000000    2.626055 ^ _07500_/B (sky130_fd_sc_hd__xor2_2)
     1    0.002059    0.020035    0.032280    2.658334 v _07500_/X (sky130_fd_sc_hd__xor2_2)
                                                         _00051_ (net)
                      0.020035    0.000000    2.658334 v _13692_/D (sky130_fd_sc_hd__dfrtp_2)
                                              2.658334   data arrival time

                      0.150000    0.000000    0.000000   clock clk (rise edge)
                                  0.000000    0.000000   clock network delay (ideal)
                                  0.250000    0.250000   clock uncertainty
                                  0.000000    0.250000   clock reconvergence pessimism
                                              0.250000 ^ _13692_/CLK (sky130_fd_sc_hd__dfrtp_2)
                                 -0.013952    0.236048   library hold time
                                              0.236048   data required time
---------------------------------------------------------------------------------------------
                                              0.236048   data required time
                                             -2.658334   data arrival time
---------------------------------------------------------------------------------------------
                                              2.422287   slack (MET)


Startpoint: w01[3] (input port clocked by clk)
Endpoint: _13644_ (rising edge-triggered flip-flop clocked by clk)
Path Group: clk
Path Type: min

Fanout         Cap        Slew       Delay        Time   Description
---------------------------------------------------------------------------------------------
                      0.150000    0.000000    0.000000   clock clk (rise edge)
                                  0.000000    0.000000   clock network delay (ideal)
                                  2.000000    2.000000 v input external delay
    16    0.043146    0.066718    0.046611    2.046611 v w01[3] (in)
                                                         w01[3] (net)
                      0.066718    0.000000    2.046611 v _12602_/A2 (sky130_fd_sc_hd__a31oi_2)
     2    0.006199    0.051717    0.137772    2.184383 ^ _12602_/Y (sky130_fd_sc_hd__a31oi_2)
                                                         _05400_ (net)
                      0.051717    0.000000    2.184383 ^ _12604_/A (sky130_fd_sc_hd__nor2_2)
     3    0.012352    0.030796    0.038022    2.222405 v _12604_/Y (sky130_fd_sc_hd__nor2_2)
                                                         _05402_ (net)
                      0.030796    0.000000    2.222405 v _12907_/A1 (sky130_fd_sc_hd__a21o_2)
     2    0.010555    0.032664    0.131064    2.353469 v _12907_/X (sky130_fd_sc_hd__a21o_2)
                                                         _05732_ (net)
                      0.032664    0.000000    2.353469 v _13038_/A (sky130_fd_sc_hd__xnor2_2)
     3    0.010126    0.041592    0.100904    2.454373 v _13038_/Y (sky130_fd_sc_hd__xnor2_2)
                                                         _05877_ (net)
                      0.041592    0.000000    2.454373 v _13041_/A (sky130_fd_sc_hd__nand2_2)
     2    0.003185    0.024769    0.037518    2.491891 ^ _13041_/Y (sky130_fd_sc_hd__nand2_2)
                                                         _05880_ (net)
                      0.024769    0.000000    2.491891 ^ _13042_/B (sky130_fd_sc_hd__and2b_2)
     2    0.003507    0.026385    0.079646    2.571537 ^ _13042_/X (sky130_fd_sc_hd__and2b_2)
                                                         _05881_ (net)
                      0.026385    0.000000    2.571537 ^ _13045_/B (sky130_fd_sc_hd__and2b_2)
     2    0.006209    0.035575    0.088415    2.659951 ^ _13045_/X (sky130_fd_sc_hd__and2b_2)
                                                         _05884_ (net)
                      0.035575    0.000000    2.659951 ^ _13047_/A (sky130_fd_sc_hd__nor2_2)
     1    0.002059    0.011333    0.019628    2.679579 v _13047_/Y (sky130_fd_sc_hd__nor2_2)
                                                         _00027_ (net)
                      0.011333    0.000000    2.679579 v _13644_/D (sky130_fd_sc_hd__dfrtp_2)
                                              2.679579   data arrival time

                      0.150000    0.000000    0.000000   clock clk (rise edge)
                                  0.000000    0.000000   clock network delay (ideal)
                                  0.250000    0.250000   clock uncertainty
                                  0.000000    0.250000   clock reconvergence pessimism
                                              0.250000 ^ _13644_/CLK (sky130_fd_sc_hd__dfrtp_2)
                                 -0.011160    0.238840   library hold time
                                              0.238840   data required time
---------------------------------------------------------------------------------------------
                                              0.238840   data required time
                                             -2.679579   data arrival time
---------------------------------------------------------------------------------------------
                                              2.440740   slack (MET)


Startpoint: w11[1] (input port clocked by clk)
Endpoint: _13663_ (rising edge-triggered flip-flop clocked by clk)
Path Group: clk
Path Type: min

Fanout         Cap        Slew       Delay        Time   Description
---------------------------------------------------------------------------------------------
                      0.150000    0.000000    0.000000   clock clk (rise edge)
                                  0.000000    0.000000   clock network delay (ideal)
                                  2.000000    2.000000 ^ input external delay
    15    0.042138    0.146854    0.100148    2.100148 ^ w11[1] (in)
                                                         w11[1] (net)
                      0.146854    0.000000    2.100148 ^ _09205_/B (sky130_fd_sc_hd__or3_2)
     2    0.011417    0.050750    0.115321    2.215469 ^ _09205_/X (sky130_fd_sc_hd__or3_2)
                                                         _01700_ (net)
                      0.050750    0.000000    2.215469 ^ _09505_/A1 (sky130_fd_sc_hd__o21a_2)
     2    0.006457    0.033329    0.088931    2.304400 ^ _09505_/X (sky130_fd_sc_hd__o21a_2)
                                                         _02027_ (net)
                      0.033329    0.000000    2.304400 ^ _09506_/B1 (sky130_fd_sc_hd__a21oi_2)
     3    0.017037    0.031032    0.034874    2.339274 v _09506_/Y (sky130_fd_sc_hd__a21oi_2)
                                                         _02028_ (net)
                      0.031032    0.000000    2.339274 v _09886_/A1 (sky130_fd_sc_hd__a21oi_2)
     2    0.013168    0.100013    0.134034    2.473308 ^ _09886_/Y (sky130_fd_sc_hd__a21oi_2)
                                                         _02443_ (net)
                      0.100013    0.000000    2.473308 ^ _09888_/B (sky130_fd_sc_hd__xnor2_2)
     1    0.004285    0.026892    0.038780    2.512088 v _09888_/Y (sky130_fd_sc_hd__xnor2_2)
                                                         _02446_ (net)
                      0.026892    0.000000    2.512088 v _09889_/A (sky130_fd_sc_hd__inv_2)
     2    0.004121    0.020569    0.029095    2.541182 ^ _09889_/Y (sky130_fd_sc_hd__inv_2)
                                                         _02447_ (net)
                      0.020569    0.000000    2.541182 ^ _09897_/A (sky130_fd_sc_hd__or4_2)
     1    0.001786    0.017651    0.061251    2.602433 ^ _09897_/X (sky130_fd_sc_hd__or4_2)
                                                         _02455_ (net)
                      0.017651    0.000000    2.602433 ^ _09898_/B (sky130_fd_sc_hd__and2b_2)
     1    0.002087    0.021548    0.072938    2.675371 ^ _09898_/X (sky130_fd_sc_hd__and2b_2)
                                                         _00057_ (net)
                      0.021548    0.000000    2.675371 ^ _13663_/D (sky130_fd_sc_hd__dfrtp_2)
                                              2.675371   data arrival time

                      0.150000    0.000000    0.000000   clock clk (rise edge)
                                  0.000000    0.000000   clock network delay (ideal)
                                  0.250000    0.250000   clock uncertainty
                                  0.000000    0.250000   clock reconvergence pessimism
                                              0.250000 ^ _13663_/CLK (sky130_fd_sc_hd__dfrtp_2)
                                 -0.015924    0.234076   library hold time
                                              0.234076   data required time
---------------------------------------------------------------------------------------------
                                              0.234076   data required time
                                             -2.675371   data arrival time
---------------------------------------------------------------------------------------------
                                              2.441296   slack (MET)



