net,length_um
net448,680.7µm
clknet_0_clk,602.32µm
net534,569.765µm
net153,533µm
net543,516.11µm
net719,509.75µm
net482,502.92µm
net551,483.24µm
net559,480.47µm
net635,477.91µm
net465,463.82µm
net491,462.51µm
_00436_,457.63µm
net441,453.22µm
net147,448.635µm
net146,440.07µm
_01355_,437.875µm
net460,436.73µm
net261,432.05µm
net563,429.79µm
net626,416.72µm
net265,403.18µm
_00342_,401.24µm
net456,397.05µm
net525,396.1µm
net473,396.09µm
net452,384.4µm
net562,366.18µm
net469,365.77µm
net262,363.26µm
net518,359.99µm
net432,359.43µm
net533,354.685µm
net641,350.45µm
net528,350.13µm
net263,346.41µm
net587,342.91µm
net532,342.54µm
net137,341.78µm
net617,335.48µm
net552,333.38µm
net564,332.93µm
_06762_,332.415µm
clk,329.56µm
_01376_,328.99µm
net555,327.86µm
net566,327.1µm
net653,324.78µm
net542,322.555µm
net499,319.01µm
net601,316.705µm
net636,316.69µm
net715,314.4µm
net486,310.34µm
net560,308.6µm
clknet_3_5__leaf_clk,307.24µm
net259,303.79µm
net648,303.585µm
net440,302.71µm
net550,300.18µm
net522,299.89µm
net119,298.12µm
net657,292.36µm
net420,290.27µm
net576,289.53µm
net567,289.33µm
net718,289.25µm
_00259_,288.58µm
net597,284.06µm
net141,283.86µm
net546,282.97µm
net1,282.14µm
net427,278.23µm
net612,276.56µm
net513,276.11µm
net650,275.56µm
net521,273.92µm
net541,273.375µm
net457,272.275µm
net652,270.26µm
net70,270.18µm
net599,264.03µm
net502,263.36µm
net531,262.94µm
net4,261.02µm
net461,260.21µm
net72,258.78µm
net31,258.46µm
net439,258.44µm
net411,257.9µm
clknet_3_0__leaf_clk,257.82µm
net592,256.62µm
net606,256.525µm
net416,255.78µm
net506,255.58µm
net149,254.94µm
net554,254.88µm
net558,252.67µm
net466,251.94µm
net257,251.63µm
net593,251.36µm
net535,250.575µm
net547,250.335µm
net607,248.43µm
net472,247.48µm
net453,246.94µm
net714,246.66µm
net644,245.06µm
net655,244.92µm
net638,244.25µm
net485,243.32µm
net449,242.135µm
net476,241.65µm
net615,240.11µm
net102,238.53µm
net510,238.43µm
net320,238.155µm
net602,236.985µm
net639,236.67µm
net598,236.025µm
net516,235.18µm
net523,234.75µm
net600,233.77µm
net708,233.165µm
net160,232.68µm
net264,232.59µm
_00108_,232.04µm
net489,230.57µm
net117,230.42µm
net71,229.56µm
net520,228.4µm
net478,228.35µm
clknet_3_1__leaf_clk,228.22µm
net104,227.94µm
net494,227.455µm
net509,227.42µm
net706,227.385µm
net537,226.935µm
net338,226.82µm
net435,226.11µm
net445,225.66µm
net410,224.94µm
net443,224.81µm
net6,224.55µm
net161,222.68µm
net497,222.18µm
net548,221.32µm
net266,220.92µm
net620,220.71µm
net583,220.44µm
net604,220.12µm
net353,219.95µm
net30,219.48µm
net527,219.25µm
net709,219.09µm
net428,218.425µm
net539,218.4µm
net634,218.19µm
net370,217.985µm
net446,217.62µm
net101,217.32µm
net256,216.7µm
net114,215.62µm
net319,215.24µm
net669,214.815µm
net113,214.725µm
net629,214.18µm
net611,214.125µm
net279,214.06µm
net5,213.92µm
net553,213.56µm
net430,212.18µm
_06694_,211.5µm
net477,211.1µm
net561,210.94µm
net613,210.795µm
net649,210.22µm
clknet_3_4__leaf_clk,209.13µm
net317,209.04µm
net322,208.74µm
net418,207.995µm
net464,207.93µm
net132,207.84µm
net498,207.69µm
net333,207.68µm
net335,207.57µm
net303,207.47µm
net667,207.01µm
net276,206.83µm
net480,206.44µm
net442,206.25µm
net69,206.19µm
net511,205.34µm
net125,205.3µm
net23,204.92µm
net422,204.845µm
net369,204.78µm
net605,204.66µm
net383,204.58µm
net381,204.275µm
net90,204.03µm
_00104_,203.77µm
net507,203.77µm
net618,203.5µm
net505,203.33µm
net112,203.29µm
net389,203.06µm
_00261_,202.77µm
net24,202.27µm
net471,202.14µm
net393,201.99µm
net384,201.845µm
net627,201.72µm
net281,201.37µm
net710,200.78µm
net25,200.73µm
net156,200.56µm
net677,200.26µm
net316,199.96µm
net421,199.91µm
net632,199.845µm
net103,199.78µm
clknet_3_7__leaf_clk,199.74µm
net672,199.34µm
net323,199.22µm
net398,197.53µm
net341,197.43µm
net688,196.005µm
net278,195.82µm
net408,195.75µm
net368,195.405µm
net7,195.32µm
net308,195.02µm
net66,194.82µm
net397,194.82µm
net689,194.395µm
net658,193.52µm
_05315_,193.44µm
net574,193.3µm
net671,192.845µm
net404,192.65µm
net415,192.62µm
net356,192.57µm
net666,191.845µm
net304,191.68µm
net336,191.06µm
net354,190.71µm
net529,190.32µm
net110,189.83µm
net581,189.5µm
net544,189.19µm
net500,189.03µm
net622,188.55µm
_05316_,188.5µm
net275,188µm
net363,187.455µm
net414,186.96µm
net344,186.91µm
_00231_,186.83µm
net633,186.68µm
net377,185.73µm
net301,185.705µm
net325,185.3µm
net357,184.385µm
net659,184.37µm
net568,183.64µm
net105,183.61µm
net339,183.42µm
net717,183.2µm
net22,183.16µm
net624,182.75µm
net413,182.46µm
net372,182.33µm
net572,181.81µm
net293,181.52µm
net41,181µm
net120,180.9µm
net330,180.525µm
net388,180.07µm
net396,180.01µm
_00685_,179.82µm
net693,179.74µm
net391,179.715µm
net8,179.27µm
net73,179.26µm
net93,179.07µm
net591,178.97µm
net681,178.1µm
net288,177.76µm
net514,177.72µm
net695,177.22µm
net68,176.94µm
net674,176.82µm
net109,176.61µm
net121,176.49µm
net269,176.41µm
net503,176.26µm
net631,175.215µm
net327,175.185µm
net299,175.02µm
net373,174.79µm
clknet_3_2__leaf_clk,173.36µm
net100,172.82µm
net654,172.32µm
net346,171.55µm
net569,171.01µm
net640,170.8µm
net608,170.195µm
net374,169.96µm
net412,169.66µm
net310,169.485µm
net29,169.35µm
net290,169.08µm
net675,169.04µm
net17,169µm
net283,168.11µm
net664,168.08µm
net400,167.8µm
net426,167.225µm
_03455_,166.6µm
net682,166.35µm
net406,165.27µm
net111,165.21µm
net267,164.805µm
net571,164.64µm
net258,164.54µm
net691,164.335µm
net686,164.12µm
net58,164µm
net704,163.595µm
net364,163.53µm
net118,163.36µm
net684,162.83µm
net630,162.15µm
net130,161.98µm
net311,161.56µm
net565,161.48µm
net355,160.94µm
net623,160.85µm
net656,160.455µm
net96,159.52µm
net291,158.21µm
net38,158.19µm
net61,157.8µm
_01610_,157.28µm
net295,157.175µm
_05285_,157µm
net417,156.78µm
_06633_,156.5µm
net92,156.3µm
net349,156.25µm
net395,156.04µm
net402,155.86µm
net637,155.48µm
net297,155.37µm
_01611_,155.28µm
net556,155.2µm
net36,155.14µm
net272,153.225µm
net254,153.12µm
net40,153.08µm
net352,152.15µm
net247,152.06µm
net702,151.91µm
net347,151.73µm
_06659_,151.72µm
net351,151.69µm
net136,151.22µm
net697,150.855µm
_03457_,150.64µm
net582,150.42µm
net712,149.63µm
net37,149.34µm
net619,148.41µm
net32,148.4µm
net487,148.15µm
net255,146.94µm
net621,145.84µm
_06658_,145.57µm
net651,144.79µm
net437,143.395µm
net126,143.29µm
net628,142.7µm
net484,142.485µm
_04303_,141.93µm
net252,141.835µm
net661,141.58µm
net407,141.55µm
net687,141.48µm
net578,141.46µm
net83,140.7µm
net462,140.16µm
net116,140.12µm
net251,139.98µm
net595,139.98µm
net588,139.48µm
net249,139.365µm
net379,139.32µm
net375,138.72µm
net680,138.69µm
_01581_,138.36µm
net329,138.34µm
net625,138.24µm
net106,138µm
net386,137.62µm
net298,137.37µm
_05476_,137.31µm
net361,137.26µm
net366,137.225µm
_03427_,137.195µm
net348,137.1µm
net332,136.21µm
net64,136.14µm
net307,135.88µm
net74,135.22µm
net579,134.78µm
net26,134.6µm
net524,133.96µm
net711,132.835µm
net33,131.98µm
net87,131.58µm
net248,131.335µm
net65,131.315µm
net76,130.79µm
net585,130.34µm
_06174_,129.1µm
net129,129µm
net28,128.28µm
net459,127.735µm
net302,127.62µm
net580,127.61µm
net34,127.45µm
net18,126.985µm
net519,126.88µm
net589,126.69µm
net250,125.72µm
net260,125.48µm
net85,125.39µm
net545,125.315µm
net483,125.135µm
_06803_,125.04µm
net313,123.97µm
net343,123.79µm
net19,123.46µm
clknet_3_3__leaf_clk,123.2µm
net463,122.26µm
net647,121.535µm
net67,121.48µm
_03426_,121.32µm
net39,120.77µm
net665,120.7µm
net495,120.55µm
_03617_,120.52µm
net10,120.32µm
net15,120µm
_00676_,119.76µm
net91,119.56µm
net13,119.46µm
net470,118.92µm
net458,118.89µm
net82,118.56µm
net122,118.415µm
net97,117.92µm
net557,117.7µm
net670,117.68µm
net540,117.625µm
net88,117.58µm
net610,117.39µm
_01365_,117.28µm
net81,117.1µm
net54,116.82µm
net701,116.725µm
net274,116.68µm
net488,116.44µm
net609,116.38µm
net700,116.125µm
net270,116.01µm
net467,115.96µm
net451,115.6µm
_01768_,115.54µm
net434,115.1µm
net454,114.37µm
net14,113.84µm
net108,113.13µm
net474,113.02µm
net526,112.61µm
net35,112.6µm
net713,111.79µm
net493,111.62µm
net115,111.27µm
net123,111.18µm
net16,110.96µm
net49,110.72µm
net60,110.56µm
net167,109.74µm
net690,109.67µm
_00044_,109.645µm
net9,109.62µm
net331,109.575µm
net59,108.94µm
net501,108.915µm
net433,108.71µm
net496,108µm
_01726_,107.96µm
net305,107.72µm
net549,107.68µm
_00553_,107.6µm
net286,107.48µm
net98,107.44µm
net21,106.91µm
net359,106.815µm
_06164_,106.68µm
net646,106.68µm
net360,106.55µm
_00377_,106.52µm
net367,106.24µm
net169,106.02µm
_02057_,105.74µm
net246,105.72µm
net642,105.63µm
_04298_,105.59µm
net424,105.44µm
net3,105.095µm
net705,105.04µm
clknet_3_6__leaf_clk,104.59µm
net62,104.12µm
net124,104.08µm
net219,103.92µm
net450,103.68µm
net168,103.6µm
net2,103.52µm
net362,103.46µm
_06804_,103.42µm
_02056_,103.18µm
net306,103.17µm
net663,103.115µm
net51,103.02µm
net423,103µm
net475,102.9µm
net57,102.38µm
net166,102.38µm
net492,102.02µm
net53,100.88µm
net99,100.7µm
_01387_,100.1µm
net131,100.1µm
net438,100.045µm
_06801_,99.86µm
net455,99.1µm
net94,98.82µm
net575,98.615µm
net645,98.41µm
_05826_,98.38µm
net577,98.275µm
net342,98.14µm
net573,98.06µm
net703,97.825µm
net570,97.78µm
_06026_,97.58µm
net127,97.55µm
net444,96.88µm
net530,96.58µm
net287,96.48µm
net220,96.38µm
net284,96.04µm
net218,96.02µm
net55,93.44µm
net447,92.96µm
net77,92.56µm
net643,91.98µm
net80,91.7µm
net596,90.94µm
net515,90.54µm
net79,88.95µm
_03964_,88.9µm
net504,88.86µm
net394,88.66µm
net431,88.5µm
_01893_,88.48µm
net159,88.48µm
_06408_,88.14µm
net277,87.4µm
net590,87.38µm
net337,87.04µm
net158,86.7µm
net425,86.665µm
net481,85.62µm
net50,85.5µm
net385,84.84µm
net27,84.63µm
_02122_,84.53µm
net157,82.62µm
net89,82.12µm
net324,81.51µm
net716,80.71µm
_03836_,80.52µm
net63,80.52µm
_02454_,78.67µm
net42,78.42µm
net52,78.33µm
net285,78.17µm
net679,77.93µm
_00258_,77.88µm
net345,77.86µm
net594,77.6µm
net358,76.925µm
net699,76.635µm
net490,76.61µm
net296,76.6µm
net20,75.7µm
_02235_,75.24µm
net584,74.9µm
net280,74.32µm
_01857_,74µm
_00482_,73.94µm
net135,73.92µm
net128,73.8µm
net56,73.78µm
net334,73.31µm
_05603_,72.965µm
net382,72.66µm
net429,72.28µm
net314,71.51µm
net683,71.29µm
net678,71.11µm
net614,70.775µm
net326,70.58µm
_01508_,70.56µm
_05946_,70.1µm
net392,70.1µm
net312,69.655µm
net134,69.52µm
net11,69.24µm
_05971_,69.1µm
_02682_,68.95µm
net409,68.72µm
net468,68.66µm
_00423_,68.2µm
net282,67.92µm
_00174_,67.805µm
net84,67.48µm
net289,67.04µm
net536,66.935µm
net698,66.54µm
net673,66.4µm
_05528_,66.2µm
net318,66.02µm
net148,65.86µm
net692,65.85µm
_00260_,65.76µm
net479,65.4µm
_02519_,65.12µm
net660,65.02µm
_03745_,64.54µm
net292,63.7µm
net12,63.32µm
net95,62.96µm
_02317_,62.84µm
_02447_,62.81µm
_05887_,62.78µm
_04080_,62.68µm
net508,62.3µm
net694,62.24µm
_02336_,62.19µm
_01051_,62.06µm
net321,61.98µm
_03901_,61.64µm
net676,61.42µm
_02492_,61.26µm
net662,60.94µm
net154,60.88µm
net517,60.7µm
_04725_,60.52µm
_06293_,60.48µm
_05877_,60.4µm
_00504_,60.14µm
net133,59.44µm
_01285_,58.94µm
net403,58.58µm
net86,58.5µm
_01991_,58.34µm
_00319_,58.2µm
net155,57.44µm
_04212_,57.24µm
net300,57.12µm
_04369_,57.1µm
_04105_,57.04µm
net268,56.94µm
net350,56.86µm
net668,56.74µm
_06798_,56.63µm
_06013_,56.5µm
net399,56.36µm
net43,56.28µm
net273,56.26µm
_00429_,55.9µm
_00959_,55.85µm
_00675_,55.62µm
net150,55.56µm
net685,55.56µm
_03108_,55.38µm
_03669_,54.97µm
_03365_,54.86µm
net152,54.8µm
net294,54.7µm
net371,54.04µm
_06327_,53.92µm
net387,53.9µm
_04461_,53.66µm
_03428_,53.4µm
net390,53.1µm
_02887_,52.86µm
net315,52.82µm
_04078_,52.7µm
net340,52.64µm
_04147_,52.56µm
net380,52.56µm
net47,52.42µm
_05714_,52.4µm
_04685_,52.15µm
_00783_,51.92µm
net309,51.89µm
_01989_,51.66µm
_02951_,51.38µm
_05761_,51.22µm
_02913_,51.18µm
net151,51.02µm
net45,50.98µm
_06239_,50.96µm
_02363_,50.78µm
_03508_,50.74µm
_00446_,50.7µm
_04160_,50.68µm
net44,50.56µm
_05373_,50.38µm
_02262_,50.22µm
net512,50.22µm
_06522_,50.08µm
_02829_,50.02µm
net707,49.78µm
net376,49.7µm
_02493_,49.56µm
_04659_,49µm
_06316_,48.92µm
_04529_,48.9µm
net401,48.89µm
_00598_,48.88µm
_02033_,48.8µm
_00851_,48.695µm
_06420_,48.66µm
_06695_,48.5µm
_05722_,48.36µm
_00304_,48.16µm
_05945_,48.12µm
_04695_,47.56µm
_01894_,47.48µm
_06708_,47.4µm
_05226_,47.36µm
net419,47.34µm
_06076_,47.32µm
_01919_,47.05µm
net271,47.02µm
_04350_,46.98µm
_06634_,46.96µm
_02629_,46.9µm
_00884_,46.86µm
_04664_,46.71µm
_02335_,46.66µm
_06442_,46.58µm
_06215_,46.5µm
_02859_,46.37µm
_06670_,46.28µm
_02007_,46.26µm
_04543_,46.22µm
_02520_,46.08µm
_05570_,46µm
_06046_,45.99µm
_03612_,45.92µm
_00568_,45.8µm
_05354_,45.68µm
_06315_,45.68µm
net538,45.68µm
_03690_,45.1µm
_05329_,45.02µm
_00925_,44.88µm
_02844_,44.7µm
_00481_,44.58µm
_06146_,44.58µm
_01624_,44.56µm
net586,44.48µm
_04615_,44.315µm
_06548_,44.18µm
_00537_,44.1µm
_05072_,43.96µm
_03854_,43.865µm
_02720_,43.76µm
_01222_,43.72µm
_05531_,43.72µm
_06549_,43.5µm
_01763_,43.46µm
_03332_,43.23µm
_00083_,43.22µm
_00125_,43.175µm
_05368_,43.1µm
_04610_,43.09µm
_01334_,43.06µm
_06009_,43.02µm
_00743_,42.84µm
_04010_,42.76µm
_02596_,42.74µm
_05288_,42.72µm
_06333_,42.7µm
net365,42.56µm
_00924_,42.36µm
net436,42.315µm
_01869_,42.04µm
_06357_,42.04µm
_03462_,41.94µm
_01547_,41.92µm
_03331_,41.76µm
_04492_,41.72µm
_04142_,41.6µm
_01140_,41.48µm
_02333_,41.48µm
_03894_,41.42µm
_02747_,41.34µm
_06392_,41.24µm
_03470_,41.16µm
_06216_,41.16µm
_05844_,41.1µm
_04370_,41.08µm
_00116_,40.88µm
_04163_,40.86µm
_05548_,40.72µm
_00995_,40.64µm
_05552_,40.62µm
_02798_,40.6µm
_00411_,40.58µm
_02515_,40.52µm
_06635_,40.46µm
_02190_,40.22µm
_04986_,40.18µm
_02302_,40.16µm
_03879_,40.14µm
_01489_,40µm
_04347_,39.82µm
_06151_,39.8µm
_05193_,39.78µm
_05896_,39.72µm
_00999_,39.68µm
_01522_,39.68µm
_03048_,39.64µm
_03982_,39.48µm
_04745_,39.44µm
_06331_,39.42µm
_00750_,39.4µm
_00299_,39.28µm
_04452_,39.14µm
net616,39.02µm
_04467_,38.92µm
_02466_,38.72µm
_00298_,38.48µm
_04161_,38.46µm
_00660_,38.34µm
_03123_,38.32µm
_01820_,38.29µm
_06474_,38.22µm
_03676_,38.2µm
_05506_,38.2µm
_01100_,38.14µm
_02792_,38.04µm
_03391_,37.98µm
_00723_,37.8µm
_01828_,37.8µm
_05739_,37.78µm
_01608_,37.72µm
_03691_,37.68µm
_05718_,37.66µm
_02462_,37.62µm
_03083_,37.62µm
_00996_,37.58µm
_01509_,37.58µm
_04058_,37.4µm
_06288_,37.4µm
_02828_,37.36µm
_00117_,37.26µm
_02427_,37.24µm
_00545_,37.22µm
_06244_,37.16µm
_05507_,37.02µm
_06735_,37µm
_01648_,36.98µm
_03181_,36.92µm
_01680_,36.91µm
_04576_,36.88µm
_05872_,36.86µm
_01027_,36.84µm
_05540_,36.84µm
_01616_,36.82µm
_00107_,36.7µm
_03997_,36.64µm
_06319_,36.62µm
_06558_,36.6µm
_05863_,36.58µm
net75,36.58µm
_03738_,36.48µm
_03858_,36.48µm
_03049_,36.36µm
_04577_,36.34µm
_00112_,36.32µm
_04773_,36.32µm
_06179_,36.3µm
_01273_,36.18µm
_03082_,36.18µm
_01993_,36.14µm
_05112_,36.1µm
_00399_,35.98µm
_04279_,35.98µm
_05709_,35.98µm
_02556_,35.9µm
_01827_,35.84µm
_02168_,35.84µm
_06494_,35.74µm
_00126_,35.72µm
_00726_,35.72µm
_02769_,35.72µm
_01841_,35.7µm
_01228_,35.66µm
_00450_,35.64µm
_01668_,35.58µm
_05047_,35.52µm
_02187_,35.42µm
_05705_,35.38µm
_05045_,35.33µm
_04491_,35.32µm
_04454_,35.3µm
net107,35.28µm
_00819_,35.26µm
_05514_,35.26µm
_05541_,35.26µm
_05194_,35.24µm
_01543_,35.18µm
_02635_,35.08µm
_04663_,35.06µm
_05859_,35.02µm
_04028_,34.99µm
_00239_,34.9µm
_05243_,34.835µm
_00852_,34.75µm
_02303_,34.685µm
_01583_,34.64µm
_01367_,34.6µm
_04972_,34.6µm
_01373_,34.585µm
_01833_,34.58µm
_00823_,34.56µm
_04374_,34.52µm
_01130_,34.44µm
_04812_,34.4µm
_02739_,34.36µm
_05592_,34.34µm
_00751_,34.26µm
_01663_,34.12µm
_04541_,34.1µm
_05424_,34µm
_00978_,33.98µm
_01832_,33.96µm
_00813_,33.94µm
_03992_,33.88µm
_06035_,33.88µm
_01339_,33.86µm
_01521_,33.84µm
_06809_,33.84µm
_00541_,33.76µm
_00084_,33.68µm
_00403_,33.64µm
_02716_,33.62µm
_00435_,33.6µm
_00690_,33.54µm
_05695_,33.54µm
_06597_,33.52µm
_05357_,33.5µm
_05251_,33.46µm
_05225_,33.42µm
_06444_,33.42µm
_01861_,33.38µm
_01652_,33.36µm
_06757_,33.36µm
_00236_,33.3µm
_05129_,33.3µm
_00215_,33.29µm
_00111_,33.26µm
_04987_,33.26µm
_06559_,33.24µm
_06662_,33.24µm
_02704_,33.21µm
_00419_,33.2µm
_06182_,33.19µm
_04694_,33.14µm
_00127_,33.1µm
_00279_,32.98µm
_05553_,32.96µm
_04644_,32.88µm
_02450_,32.8µm
_02816_,32.8µm
_05099_,32.77µm
_01119_,32.62µm
_04414_,32.62µm
_00151_,32.6µm
_03308_,32.6µm
_04964_,32.59µm
_00287_,32.58µm
_02819_,32.57µm
_06251_,32.54µm
_01018_,32.53µm
_01081_,32.42µm
_05549_,32.4µm
_01703_,32.39µm
_01842_,32.36µm
_01852_,32.28µm
_04779_,32.26µm
_02975_,32.22µm
_05363_,32.22µm
_01349_,32.16µm
_05534_,32.16µm
_04311_,32.14µm
_00407_,32.12µm
_04497_,32.12µm
_04549_,32.1µm
_04578_,32.08µm
_04283_,32.04µm
_03681_,32.02µm
_01500_,32.01µm
_02879_,32µm
_02570_,31.96µm
_05425_,31.96µm
_03845_,31.92µm
_00926_,31.9µm
_01722_,31.88µm
_02718_,31.84µm
_05433_,31.785µm
_01999_,31.76µm
_02426_,31.73µm
_00383_,31.72µm
_03540_,31.7µm
_04742_,31.7µm
_06318_,31.66µm
_00128_,31.64µm
_03352_,31.6µm
_03364_,31.58µm
_02326_,31.52µm
_05399_,31.5µm
_03993_,31.48µm
_02082_,31.455µm
_04274_,31.45µm
_03840_,31.4µm
_06360_,31.36µm
_04650_,31.3µm
_06123_,31.3µm
_03493_,31.28µm
_03382_,31.27µm
_04410_,31.24µm
_06307_,31.24µm
_02016_,31.14µm
_01069_,31.12µm
_03221_,31.12µm
_04465_,31.12µm
_01843_,31.08µm
_04001_,31.08µm
_05385_,31.08µm
net405,31.035µm
_00283_,31.005µm
_03692_,30.96µm
_02150_,30.94µm
_06782_,30.84µm
_03677_,30.8µm
_00955_,30.785µm
_01223_,30.76µm
_06017_,30.76µm
_06359_,30.705µm
_06577_,30.7µm
_04496_,30.695µm
_00263_,30.68µm
_00106_,30.66µm
_02527_,30.66µm
_04673_,30.66µm
_06330_,30.66µm
_06155_,30.58µm
_05211_,30.56µm
_02146_,30.55µm
_00664_,30.54µm
_04381_,30.54µm
_04533_,30.54µm
_05470_,30.54µm
_02659_,30.475µm
_05596_,30.46µm
_01880_,30.42µm
_02172_,30.42µm
_00042_,30.34µm
_00461_,30.33µm
_00267_,30.32µm
_05843_,30.315µm
_06063_,30.29µm
_06601_,30.28µm
_04573_,30.26µm
_04958_,30.26µm
_00848_,30.24µm
_06698_,30.2µm
_00979_,30.16µm
_04569_,30.14µm
_02437_,30.1µm
_03453_,30.06µm
_00835_,30µm
_03725_,29.995µm
_02618_,29.965µm
_01262_,29.96µm
_04069_,29.89µm
_05893_,29.87µm
_05375_,29.865µm
_02225_,29.86µm
_01007_,29.84µm
_02012_,29.74µm
_04296_,29.68µm
_06753_,29.64µm
_00091_,29.6µm
_04073_,29.58µm
_01807_,29.54µm
_03720_,29.54µm
_04879_,29.54µm
_00567_,29.5µm
_03698_,29.5µm
_05535_,29.42µm
_04817_,29.38µm
_04151_,29.36µm
_03060_,29.35µm
_00754_,29.3µm
_05855_,29.28µm
_00271_,29.26µm
_01798_,29.26µm
_06657_,29.26µm
_05961_,29.22µm
_02494_,29.2µm
_04278_,29.2µm
_05480_,29.2µm
_00822_,29.18µm
_06737_,29.16µm
_00424_,29.12µm
_05386_,29.08µm
_04016_,29.04µm
_05550_,29.02µm
_02647_,28.985µm
_02425_,28.98µm
_02609_,28.92µm
_04138_,28.9µm
_04201_,28.885µm
_06099_,28.88µm
_04911_,28.86µm
net196,28.86µm
_04908_,28.84µm
_05041_,28.82µm
_00588_,28.8µm
_00755_,28.78µm
_01179_,28.78µm
_04299_,28.78µm
_03059_,28.74µm
_05184_,28.7µm
_01121_,28.62µm
_00847_,28.56µm
_05287_,28.56µm
net696,28.545µm
_01374_,28.54µm
_06716_,28.52µm
_02132_,28.46µm
_01963_,28.4µm
_02163_,28.4µm
_04376_,28.4µm
_04258_,28.36µm
_04718_,28.36µm
_03076_,28.32µm
_03910_,28.32µm
_05577_,28.26µm
_03682_,28.22µm
_05674_,28.2µm
_03643_,28.12µm
net378,28.115µm
_01506_,28.1µm
_02155_,28.1µm
_03929_,28.1µm
_05394_,28.04µm
_01082_,27.94µm
_04401_,27.92µm
_03887_,27.9µm
_03487_,27.89µm
_00710_,27.88µm
_03343_,27.88µm
_03208_,27.84µm
_00123_,27.82µm
_02423_,27.78µm
_03340_,27.76µm
_06593_,27.76µm
_02606_,27.74µm
_03147_,27.72µm
_03386_,27.66µm
_04112_,27.62µm
_00043_,27.58µm
_01279_,27.57µm
_01975_,27.56µm
_02159_,27.56µm
_03849_,27.52µm
_01490_,27.49µm
_01497_,27.48µm
_02294_,27.42µm
_03514_,27.42µm
_01774_,27.36µm
_04686_,27.36µm
_03189_,27.35µm
_03267_,27.32µm
_03820_,27.32µm
_00475_,27.3µm
_01686_,27.28µm
_01887_,27.28µm
_05407_,27.28µm
_05747_,27.2µm
_04459_,27.18µm
_05988_,27.18µm
_05701_,27.14µm
_06592_,27.11µm
_04419_,27.1µm
_02066_,27.08µm
_06014_,27.07µm
_04493_,27.06µm
_02785_,27.02µm
_02528_,27µm
_03710_,26.98µm
_05165_,26.96µm
_01693_,26.92µm
_03519_,26.915µm
_01422_,26.86µm
_01968_,26.86µm
_02080_,26.86µm
_05584_,26.86µm
_01000_,26.83µm
_02719_,26.8µm
_02511_,26.78µm
_02308_,26.76µm
_05512_,26.76µm
_06715_,26.66µm
_04183_,26.64µm
_04649_,26.64µm
_06770_,26.64µm
_01347_,26.62µm
_01872_,26.62µm
_01990_,26.6µm
_02483_,26.565µm
_01026_,26.56µm
_02261_,26.52µm
_04730_,26.52µm
_01251_,26.5µm
_01844_,26.5µm
_05263_,26.38µm
_03593_,26.26µm
_06279_,26.26µm
_02008_,26.22µm
_02234_,26.2µm
_03815_,26.2µm
_04313_,26.19µm
_03182_,26.18µm
_05437_,26.16µm
_00029_,26.14µm
_00946_,26.12µm
_05924_,26.11µm
_04264_,26.1µm
_04792_,26.1µm
_00722_,26.06µm
_06437_,26.02µm
_01358_,25.98µm
_02496_,25.97µm
_01847_,25.94µm
_03091_,25.94µm
_01094_,25.92µm
_05715_,25.92µm
_06085_,25.92µm
_06734_,25.92µm
_01221_,25.9µm
_03770_,25.9µm
_04621_,25.86µm
_05264_,25.86µm
_02003_,25.835µm
_00471_,25.78µm
_01501_,25.78µm
_06220_,25.78µm
_00740_,25.72µm
_02740_,25.7µm
_00770_,25.66µm
_02174_,25.64µm
_02298_,25.64µm
_01464_,25.62µm
_02230_,25.62µm
_03096_,25.62µm
_03672_,25.62µm
_05056_,25.62µm
_00434_,25.6µm
_01764_,25.56µm
_02428_,25.56µm
_03057_,25.56µm
_05551_,25.56µm
_02340_,25.54µm
_06094_,25.5µm
_00896_,25.48µm
_03622_,25.48µm
_06095_,25.465µm
_01584_,25.46µm
_00691_,25.42µm
_06511_,25.4µm
_00130_,25.36µm
_01468_,25.34µm
_03937_,25.34µm
_04970_,25.29µm
_01335_,25.26µm
_05678_,25.26µm
_00697_,25.2µm
_00316_,25.18µm
_04795_,25.18µm
_01232_,25.16µm
_02678_,25.14µm
_04717_,25.14µm
_00168_,25.1µm
_03695_,25.1µm
_04172_,25.1µm
_06799_,25.1µm
_02180_,25.06µm
_03328_,25.04µm
_02049_,25.02µm
_04148_,25.02µm
_06808_,25.02µm
_02128_,25µm
_06034_,24.98µm
_00345_,24.94µm
_00998_,24.92µm
_03497_,24.92µm
_06693_,24.92µm
_00132_,24.9µm
_00080_,24.88µm
_04922_,24.84µm
_05334_,24.8µm
_02063_,24.78µm
_02652_,24.76µm
_03898_,24.74µm
_00820_,24.72µm
_04005_,24.72µm
_04277_,24.72µm
_03671_,24.7µm
_03631_,24.66µm
_02895_,24.655µm
_04211_,24.64µm
_03195_,24.62µm
_05353_,24.62µm
_05792_,24.54µm
_06247_,24.54µm
_04768_,24.52µm
_05609_,24.5µm
_04545_,24.46µm
_00897_,24.44µm
_03176_,24.42µm
_02161_,24.38µm
_05040_,24.38µm
_05699_,24.36µm
_05546_,24.34µm
_01178_,24.32µm
_05530_,24.32µm
_00672_,24.3µm
_01394_,24.29µm
_03869_,24.28µm
_06428_,24.28µm
_06498_,24.26µm
_01582_,24.245µm
_02416_,24.24µm
_04486_,24.22µm
_01135_,24.2µm
_02449_,24.2µm
_03863_,24.2µm
_06534_,24.2µm
_02616_,24.18µm
_06261_,24.18µm
_06466_,24.18µm
_00064_,24.14µm
_01773_,24.12µm
_02667_,24.12µm
_02381_,24.1µm
_00012_,24.085µm
_03753_,24.06µm
_01357_,24.04µm
_03696_,24.04µm
_01526_,24.02µm
_00596_,24µm
_00779_,24µm
_05970_,24µm
_05062_,23.985µm
_03653_,23.98µm
_03045_,23.96µm
_03321_,23.94µm
_04041_,23.9µm
_03342_,23.88µm
_05626_,23.88µm
_02286_,23.86µm
_04413_,23.86µm
_03693_,23.84µm
_00837_,23.82µm
_01602_,23.82µm
_02777_,23.81µm
_00275_,23.8µm
_06526_,23.8µm
_04379_,23.76µm
_05724_,23.74µm
_04968_,23.73µm
_03855_,23.72µm
_04282_,23.72µm
_05203_,23.72µm
_02797_,23.68µm
_05502_,23.66µm
_01200_,23.65µm
_01845_,23.64µm
_03235_,23.64µm
_00533_,23.6µm
_03647_,23.6µm
_05428_,23.6µm
_01805_,23.56µm
_05473_,23.52µm
_05868_,23.52µm
_00561_,23.5µm
_03791_,23.44µm
_00828_,23.42µm
_03322_,23.42µm
_04434_,23.42µm
_04470_,23.38µm
_05670_,23.34µm
_05867_,23.34µm
_00973_,23.32µm
_04910_,23.32µm
_06355_,23.32µm
_01494_,23.28µm
_05200_,23.28µm
_02557_,23.26µm
_02549_,23.22µm
_03114_,23.22µm
_03169_,23.14µm
_03599_,23.14µm
_06320_,23.14µm
_01538_,23.115µm
_03642_,23.11µm
_05011_,23.1µm
_01452_,23.08µm
_01959_,23.08µm
_01244_,23.06µm
_01629_,23.06µm
_02259_,23.06µm
_02351_,23.06µm
_06489_,23.04µm
_02824_,23.02µm
_04029_,23.01µm
_00124_,22.98µm
_00002_,22.96µm
_05231_,22.96µm
_05892_,22.96µm
_00915_,22.94µm
_01270_,22.94µm
_01799_,22.94µm
_02783_,22.94µm
_04940_,22.9µm
_02547_,22.86µm
_05085_,22.86µm
_06613_,22.84µm
net234,22.84µm
_05053_,22.82µm
_06147_,22.82µm
_00361_,22.8µm
_04530_,22.74µm
_04632_,22.74µm
_04772_,22.74µm
_05598_,22.74µm
_02318_,22.73µm
_00063_,22.7µm
_02232_,22.66µm
_02076_,22.65µm
_04933_,22.63µm
_04361_,22.62µm
_04900_,22.62µm
_05297_,22.62µm
_05128_,22.6µm
_02654_,22.58µm
_02906_,22.56µm
_03129_,22.52µm
_02407_,22.5µm
_03689_,22.5µm
_03920_,22.5µm
_04574_,22.5µm
_01084_,22.48µm
_04560_,22.48µm
_04562_,22.46µm
_05894_,22.44µm
_06807_,22.44µm
_00089_,22.38µm
_00413_,22.38µm
_05201_,22.38µm
_06062_,22.38µm
_00366_,22.35µm
_01297_,22.34µm
net603,22.32µm
_03707_,22.31µm
_03351_,22.3µm
_03623_,22.28µm
_00232_,22.24µm
_06218_,22.24µm
_00560_,22.22µm
_02979_,22.22µm
_01159_,22.2µm
_02181_,22.2µm
_01747_,22.16µm
_05744_,22.16µm
_06560_,22.16µm
_01427_,22.14µm
_03177_,22.14µm
_01941_,22.135µm
_04281_,22.12µm
_03095_,22.1µm
_03055_,22.08µm
_00969_,22.06µm
_01854_,22.04µm
_02712_,22.04µm
_06128_,22.04µm
_01493_,22.02µm
_03191_,22µm
_03525_,22µm
_05244_,22µm
_04019_,21.98µm
_05453_,21.96µm
_03644_,21.94µm
_00414_,21.92µm
_06496_,21.9µm
_03515_,21.88µm
_05402_,21.88µm
_01473_,21.86µm
_00308_,21.82µm
w21[2],21.82µm
_02587_,21.8µm
_04348_,21.8µm
_05212_,21.8µm
_05790_,21.8µm
_01090_,21.78µm
_00207_,21.74µm
_00825_,21.74µm
_01862_,21.74µm
_02526_,21.74µm
_05055_,21.74µm
_00614_,21.72µm
_06566_,21.72µm
_02743_,21.7µm
_03429_,21.7µm
_04455_,21.7µm
_06718_,21.7µm
_00502_,21.68µm
_05780_,21.68µm
_06042_,21.68µm
_00163_,21.66µm
_02947_,21.64µm
_04318_,21.62µm
_01353_,21.6µm
_05247_,21.6µm
_01931_,21.58µm
_03121_,21.58µm
_00663_,21.56µm
_01298_,21.56µm
_01559_,21.56µm
_03196_,21.56µm
_04231_,21.56µm
_04878_,21.56µm
_03379_,21.52µm
_01286_,21.5µm
_04329_,21.5µm
_04851_,21.48µm
_00673_,21.46µm
_00393_,21.44µm
_04442_,21.44µm
_05634_,21.44µm
_03198_,21.38µm
_06713_,21.36µm
_01191_,21.34µm
_02139_,21.34µm
_06550_,21.32µm
_03988_,21.3µm
_05222_,21.3µm
_01192_,21.29µm
_00277_,21.28µm
_03117_,21.26µm
_03479_,21.26µm
_01274_,21.25µm
_04181_,21.25µm
_06639_,21.22µm
_01839_,21.2µm
_00494_,21.16µm
_05190_,21.14µm
_02598_,21.12µm
_03290_,21.12µm
_05935_,21.12µm
_06575_,21.12µm
_00724_,21.1µm
_03494_,21.08µm
_04539_,21.08µm
_04969_,21.08µm
_00900_,21.04µm
_04000_,21.04µm
_04253_,21.02µm
_06561_,21.02µm
_01399_,21µm
_01480_,20.98µm
_01627_,20.97µm
_06160_,20.96µm
_04971_,20.94µm
_02160_,20.92µm
_04057_,20.92µm
_03275_,20.9µm
_06445_,20.9µm
_00122_,20.88µm
_01184_,20.87µm
_02919_,20.84µm
_03041_,20.835µm
_03520_,20.8µm
_02188_,20.78µm
_02444_,20.78µm
_00968_,20.76µm
_05253_,20.76µm
_06691_,20.76µm
_03256_,20.74µm
_03579_,20.68µm
_05170_,20.68µm
_00986_,20.66µm
_04654_,20.66µm
_00278_,20.62µm
_00639_,20.56µm
_02688_,20.545µm
_02902_,20.52µm
_01271_,20.51µm
_00037_,20.5µm
_00518_,20.5µm
_02151_,20.5µm
_01015_,20.48µm
_01794_,20.475µm
_02461_,20.46µm
_03213_,20.435µm
_01312_,20.42µm
_03027_,20.42µm
_00656_,20.415µm
_06513_,20.38µm
_06404_,20.37µm
_06124_,20.36µm
net145,20.36µm
_00923_,20.34µm
_01231_,20.3µm
_00243_,20.28µm
_01834_,20.28µm
_04925_,20.28µm
_05060_,20.26µm
_00737_,20.24µm
_00911_,20.24µm
_02021_,20.24µm
_03000_,20.24µm
_03184_,20.24µm
_01823_,20.225µm
_02499_,20.22µm
_01952_,20.21µm
_02960_,20.2µm
_03566_,20.2µm
_01408_,20.18µm
_03025_,20.18µm
_01372_,20.16µm
_00636_,20.12µm
_01765_,20.12µm
_05472_,20.12µm
net209,20.12µm
_03594_,20.1µm
x2[3],20.1µm
_01795_,20.08µm
_03350_,20.08µm
_06674_,20.08µm
_03613_,20.04µm
_04180_,20.02µm
_05862_,20.02µm
_06278_,20.02µm
_05864_,20.005µm
_03773_,20µm
_05911_,20µm
_02204_,19.94µm
_02361_,19.9µm
_04825_,19.9µm
_06270_,19.9µm
_00643_,19.89µm
_01718_,19.88µm
_02605_,19.88µm
_02414_,19.86µm
_04189_,19.845µm
_01745_,19.84µm
_04122_,19.84µm
_01868_,19.825µm
_01499_,19.82µm
_02512_,19.82µm
_03874_,19.82µm
_05661_,19.82µm
_06180_,19.805µm
net328,19.795µm
_01210_,19.79µm
_01044_,19.78µm
_01789_,19.78µm
_04449_,19.76µm
_04948_,19.76µm
_03014_,19.75µm
_04762_,19.75µm
_01219_,19.7µm
_01840_,19.7µm
_04880_,19.7µm
_06230_,19.69µm
_04333_,19.68µm
_03341_,19.66µm
_05289_,19.66µm
_05490_,19.66µm
_00540_,19.62µm
_06300_,19.62µm
_01291_,19.6µm
_02983_,19.6µm
_05063_,19.6µm
_02554_,19.595µm
_05567_,19.58µm
_00830_,19.54µm
_02141_,19.54µm
_03528_,19.54µm
net164,19.52µm
_03029_,19.48µm
_04431_,19.48µm
_06010_,19.47µm
_03338_,19.46µm
_00201_,19.44µm
_01275_,19.44µm
_06134_,19.44µm
_03104_,19.43µm
_04913_,19.42µm
_01669_,19.4µm
_06351_,19.4µm
_06587_,19.4µm
_01309_,19.38µm
_02032_,19.36µm
_02456_,19.36µm
_05204_,19.36µm
_05655_,19.36µm
_00597_,19.32µm
_05197_,19.32µm
_02200_,19.3µm
_02250_,19.3µm
_04710_,19.3µm
_05308_,19.3µm
_06556_,19.3µm
_01704_,19.28µm
_02164_,19.28µm
_04004_,19.28µm
_04345_,19.28µm
_05650_,19.255µm
_02672_,19.24µm
_03522_,19.24µm
_03868_,19.24µm
_04946_,19.24µm
_03861_,19.215µm
_00669_,19.21µm
_03250_,19.2µm
_06075_,19.2µm
_01266_,19.18µm
_04368_,19.17µm
_00129_,19.16µm
_00544_,19.16µm
_02876_,19.16µm
_06144_,19.16µm
_00678_,19.14µm
_04330_,19.14µm
_04601_,19.14µm
_04991_,19.12µm
_01277_,19.1µm
_01485_,19.08µm
_04003_,19.08µm
_06074_,19.08µm
_05441_,19.06µm
_01972_,19.02µm
_03685_,19.02µm
_02603_,19µm
_02782_,18.98µm
_04505_,18.98µm
_06551_,18.98µm
_03035_,18.96µm
_03529_,18.96µm
_04602_,18.96µm
_01233_,18.94µm
_03526_,18.94µm
_05313_,18.94µm
_05380_,18.94µm
_02934_,18.92µm
_01216_,18.915µm
_01245_,18.9µm
_02681_,18.88µm
_02958_,18.86µm
_00801_,18.82µm
_01488_,18.82µm
_04924_,18.82µm
_05545_,18.82µm
_03996_,18.8µm
_03719_,18.795µm
_05815_,18.76µm
_06562_,18.74µm
_04002_,18.735µm
_04232_,18.72µm
_05879_,18.72µm
_01694_,18.7µm
_05544_,18.7µm
_05543_,18.68µm
_01762_,18.66µm
_03393_,18.66µm
_03474_,18.66µm
_00150_,18.615µm
_01217_,18.6µm
_02560_,18.6µm
_03359_,18.6µm
_05934_,18.6µm
_01491_,18.58µm
_03339_,18.58µm
_03806_,18.58µm
_05132_,18.58µm
_05362_,18.58µm
_02991_,18.54µm
_03731_,18.54µm
_03334_,18.52µm
_03748_,18.52µm
_03781_,18.52µm
_06603_,18.52µm
_03135_,18.5µm
_03714_,18.5µm
_05166_,18.5µm
_04666_,18.49µm
_05393_,18.49µm
_04302_,18.48µm
_05571_,18.48µm
_06101_,18.48µm
_06386_,18.48µm
_02686_,18.465µm
_02864_,18.46µm
_04156_,18.46µm
_05384_,18.46µm
_00202_,18.455µm
_00780_,18.445µm
_03802_,18.44µm
_05547_,18.44µm
_06364_,18.44µm
_02853_,18.42µm
_05391_,18.4µm
_00880_,18.38µm
_05401_,18.38µm
_03261_,18.365µm
_05137_,18.32µm
_03573_,18.3µm
_05969_,18.3µm
_06439_,18.285µm
_00225_,18.28µm
_00757_,18.26µm
_04912_,18.26µm
_02463_,18.24µm
_02903_,18.24µm
_03694_,18.24µm
_04786_,18.24µm
_05878_,18.24µm
_06027_,18.24µm
_05750_,18.22µm
_06682_,18.2µm
_00788_,18.12µm
_05398_,18.12µm
_02013_,18.1µm
_03652_,18.1µm
_04803_,18.1µm
_06464_,18.095µm
_06324_,18.085µm
_01003_,18.08µm
_03632_,18.08µm
_03959_,18.08µm
_06122_,18.06µm
_06281_,18.06µm
_00556_,18.04µm
_05142_,18.04µm
net240,18.04µm
_00866_,18.02µm
_00947_,18.02µm
_01258_,18.02µm
_04306_,18.02µm
_00412_,18.01µm
_01185_,18µm
_02775_,18µm
_00180_,17.96µm
_04146_,17.94µm
_04391_,17.94µm
_04905_,17.92µm
_04564_,17.9µm
_05177_,17.9µm
_06238_,17.89µm
_06043_,17.88µm
_01209_,17.86µm
_01603_,17.86µm
_02216_,17.86µm
_03314_,17.86µm
_06457_,17.86µm
_02044_,17.84µm
_03880_,17.82µm
_05029_,17.8µm
_00682_,17.76µm
_01731_,17.76µm
_05157_,17.76µm
_05743_,17.73µm
_04955_,17.72µm
_03238_,17.7µm
net204,17.7µm
_03199_,17.695µm
_03152_,17.68µm
_06184_,17.68µm
_01687_,17.66µm
_03105_,17.66µm
_03148_,17.64µm
_04983_,17.64µm
_05599_,17.64µm
_03179_,17.62µm
_04845_,17.62µm
_04382_,17.6µm
_04739_,17.6µm
_04775_,17.6µm
_05254_,17.6µm
_06052_,17.585µm
_00131_,17.58µm
_02215_,17.58µm
_01615_,17.56µm
_02224_,17.56µm
_03291_,17.56µm
_03433_,17.56µm
_04603_,17.56µm
_04722_,17.56µm
_01055_,17.54µm
_01498_,17.54µm
_03971_,17.54µm
_05048_,17.54µm
_06554_,17.54µm
_06730_,17.53µm
_01142_,17.52µm
_05809_,17.52µm
_06574_,17.5µm
_00542_,17.48µm
_01888_,17.48µm
_03641_,17.46µm
_01804_,17.44µm
_03943_,17.44µm
_04127_,17.44µm
_04324_,17.42µm
_04473_,17.42µm
_00343_,17.4µm
_00557_,17.4µm
_00075_,17.38µm
_02321_,17.38µm
_02990_,17.38µm
_06250_,17.36µm
net229,17.36µm
_01338_,17.32µm
_04027_,17.32µm
_05576_,17.305µm
_02040_,17.3µm
_03609_,17.3µm
net227,17.3µm
_06766_,17.27µm
_03867_,17.26µm
_01060_,17.24µm
_02301_,17.24µm
_01283_,17.23µm
_02475_,17.22µm
_06524_,17.22µm
x1[4],17.22µm
_03517_,17.2µm
_04014_,17.2µm
_05178_,17.2µm
_03452_,17.16µm
_03953_,17.16µm
_04022_,17.16µm
_06368_,17.16µm
_06724_,17.14µm
_00134_,17.1µm
_03013_,17.1µm
_03797_,17.1µm
_04849_,17.1µm
_05418_,17.1µm
_00644_,17.08µm
_01340_,17.08µm
_02634_,17.08µm
_05963_,17.08µm
_01727_,17.065µm
_02546_,17.065µm
_01424_,17.06µm
_06456_,17.06µm
_01504_,17.04µm
_04868_,17.04µm
_01548_,17.02µm
_03043_,17.02µm
_05090_,17.02µm
_06283_,17.02µm
_04430_,17µm
_04895_,17µm
_05526_,17µm
x2[6],17µm
_00375_,16.98µm
_00894_,16.98µm
_01570_,16.98µm
_03768_,16.98µm
_06133_,16.98µm
_04191_,16.97µm
_05202_,16.96µm
_05667_,16.96µm
_02807_,16.94µm
_03122_,16.94µm
_06131_,16.94µm
_02177_,16.92µm
_00634_,16.9µm
_02272_,16.9µm
_03570_,16.9µm
_04045_,16.9µm
_04447_,16.86µm
_03413_,16.84µm
_05738_,16.84µm
w12[6],16.84µm
_03809_,16.82µm
_04312_,16.82µm
_00687_,16.8µm
_02924_,16.8µm
_02153_,16.78µm
_01396_,16.76µm
_03948_,16.76µm
_01337_,16.74µm
_03678_,16.74µm
_04365_,16.74µm
_00549_,16.72µm
_01515_,16.72µm
_04377_,16.72µm
net140,16.72µm
_04173_,16.7µm
_04266_,16.7µm
_02443_,16.68µm
_03688_,16.68µm
_01072_,16.67µm
_03835_,16.66µm
_06031_,16.66µm
_00952_,16.635µm
_00162_,16.62µm
_01203_,16.62µm
_00004_,16.6µm
_01902_,16.6µm
_06553_,16.6µm
_06572_,16.6µm
_03908_,16.58µm
_04914_,16.58µm
_05564_,16.58µm
w32[4],16.58µm
_02055_,16.56µm
_03713_,16.56µm
_04428_,16.56µm
net210,16.56µm
_01341_,16.545µm
_05451_,16.54µm
_03292_,16.52µm
_03700_,16.52µm
_01838_,16.5µm
_03711_,16.5µm
_05016_,16.5µm
_05889_,16.5µm
_00094_,16.48µm
_00160_,16.48µm
_00694_,16.48µm
_02104_,16.48µm
_03890_,16.48µm
_05728_,16.48µm
_00693_,16.44µm
_02799_,16.44µm
net214,16.44µm
_01109_,16.42µm
_03061_,16.41µm
_06023_,16.41µm
_01688_,16.4µm
_05469_,16.4µm
_05833_,16.4µm
_01189_,16.38µm
_02803_,16.38µm
_03320_,16.38µm
w11[4],16.38µm
_06479_,16.37µm
_01172_,16.36µm
_02908_,16.36µm
_01462_,16.34µm
_02697_,16.34µm
_01849_,16.335µm
_00554_,16.33µm
_00428_,16.32µm
_01115_,16.32µm
_01366_,16.32µm
_01822_,16.32µm
_04412_,16.32µm
_03305_,16.305µm
_05633_,16.3µm
net213,16.3µm
_01783_,16.28µm
_02923_,16.28µm
_05558_,16.28µm
_06519_,16.28µm
_04755_,16.27µm
_00637_,16.26µm
_02537_,16.26µm
_00842_,16.22µm
_03480_,16.22µm
_05866_,16.22µm
_03548_,16.2µm
_04903_,16.2µm
_02278_,16.18µm
_03170_,16.18µm
_02581_,16.16µm
_03752_,16.16µm
_04263_,16.16µm
_05779_,16.16µm
_05224_,16.15µm
_02700_,16.14µm
_04858_,16.14µm
_04869_,16.14µm
_05199_,16.14µm
_01715_,16.105µm
_02698_,16.1µm
_04144_,16.1µm
_04378_,16.1µm
_05026_,16.1µm
_02956_,16.08µm
_03022_,16.08µm
_04872_,16.08µm
_06555_,16.08µm
_04689_,16.065µm
_00318_,16.06µm
_05018_,16.06µm
_05556_,16.06µm
_00195_,16.02µm
_01064_,16µm
_01342_,16µm
_03587_,15.98µm
_04126_,15.98µm
_01744_,15.96µm
_03740_,15.96µm
_00341_,15.94µm
_03136_,15.94µm
_05275_,15.94µm
_06389_,15.92µm
_06652_,15.92µm
_04961_,15.915µm
_03133_,15.905µm
_05501_,15.9µm
_01520_,15.88µm
_01681_,15.88µm
_05000_,15.88µm
_05741_,15.88µm
_01758_,15.84µm
_04683_,15.84µm
_05940_,15.84µm
net208,15.84µm
_00152_,15.82µm
_00534_,15.82µm
_00920_,15.82µm
_01700_,15.82µm
_01836_,15.82µm
_00451_,15.8µm
_02814_,15.8µm
_04675_,15.8µm
_05914_,15.8µm
_01926_,15.78µm
_02985_,15.78µm
_00539_,15.76µm
_00922_,15.76µm
_05861_,15.76µm
_00149_,15.74µm
_01796_,15.74µm
_00657_,15.72µm
_01198_,15.72µm
_04103_,15.72µm
_04527_,15.72µm
_05023_,15.72µm
_01406_,15.7µm
_06168_,15.7µm
y1[9],15.7µm
_02604_,15.68µm
_06137_,15.68µm
_06761_,15.68µm
_00138_,15.66µm
_01327_,15.64µm
_02468_,15.64µm
_03112_,15.64µm
_01725_,15.62µm
_01657_,15.6µm
_04067_,15.6µm
_04890_,15.6µm
_00470_,15.58µm
_00753_,15.58µm
_02514_,15.58µm
_02929_,15.58µm
_01384_,15.56µm
_05067_,15.56µm
_05349_,15.54µm
_05213_,15.52µm
_05427_,15.52µm
_00133_,15.5µm
_04289_,15.5µm
_05753_,15.5µm
_06557_,15.5µm
_01211_,15.48µm
_01883_,15.48µm
_04262_,15.48µm
_05640_,15.48µm
_06738_,15.48µm
_02582_,15.46µm
_05505_,15.46µm
_04425_,15.44µm
_00692_,15.42µm
_01158_,15.42µm
_01487_,15.42µm
_03999_,15.42µm
_02273_,15.4µm
_02721_,15.4µm
_04796_,15.39µm
_03097_,15.38µm
_03439_,15.38µm
_03947_,15.38µm
_06339_,15.365µm
_02186_,15.36µm
_02396_,15.36µm
_03159_,15.36µm
_03648_,15.36µm
_05388_,15.36µm
_00333_,15.34µm
_02123_,15.34µm
_03333_,15.34µm
_03930_,15.34µm
_06749_,15.34µm
_01860_,15.32µm
_03070_,15.32µm
_03571_,15.32µm
_05058_,15.32µm
_05559_,15.32µm
_05616_,15.32µm
_05651_,15.32µm
_06304_,15.32µm
_05898_,15.3µm
_01010_,15.28µm
_00050_,15.26µm
_00659_,15.26µm
_02099_,15.26µm
_04867_,15.26µm
_06509_,15.26µm
_06763_,15.26µm
_01695_,15.24µm
_02507_,15.24µm
_02770_,15.24µm
_03542_,15.24µm
_03559_,15.24µm
_05442_,15.23µm
_01160_,15.22µm
_02300_,15.22µm
_02779_,15.22µm
_03225_,15.22µm
_03298_,15.22µm
_04627_,15.22µm
_04866_,15.22µm
_04999_,15.22µm
_05167_,15.22µm
_06068_,15.22µm
_00097_,15.2µm
_00648_,15.2µm
_02786_,15.2µm
_05985_,15.17µm
_01328_,15.16µm
y2[10],15.16µm
_06072_,15.155µm
_00121_,15.14µm
_03107_,15.14µm
_04021_,15.14µm
_04171_,15.14µm
_05205_,15.13µm
_03830_,15.12µm
_04669_,15.12µm
_01295_,15.1µm
_01571_,15.1µm
_04757_,15.1µm
_01644_,15.07µm
_03288_,15.06µm
_05397_,15.06µm
_03020_,15.04µm
_02753_,15.025µm
_01156_,15.02µm
_02711_,15.02µm
_06425_,15.02µm
_02589_,15µm
_04807_,15µm
_05922_,15µm
net178,15µm
_05593_,14.985µm
_05516_,14.98µm
_05597_,14.98µm
_01165_,14.97µm
_03214_,14.97µm
_05461_,14.96µm
_05814_,14.955µm
_04032_,14.94µm
_05043_,14.94µm
_05171_,14.94µm
_00966_,14.92µm
_02997_,14.92µm
_03620_,14.92µm
_04626_,14.92µm
_06797_,14.92µm
_00181_,14.9µm
_00326_,14.9µm
_00426_,14.9µm
_01059_,14.9µm
_02591_,14.9µm
_03404_,14.9µm
_01549_,14.88µm
_06059_,14.88µm
_00203_,14.86µm
_05286_,14.86µm
_06686_,14.86µm
_00646_,14.84µm
_03777_,14.84µm
_04591_,14.82µm
_00010_,14.8µm
_02324_,14.8µm
_02341_,14.8µm
_05013_,14.8µm
_05293_,14.8µm
_06525_,14.8µm
y2[12],14.8µm
_00079_,14.78µm
_00145_,14.78µm
_01666_,14.78µm
_02771_,14.78µm
_02100_,14.76µm
_02992_,14.76µm
_03006_,14.76µm
_03138_,14.76µm
_03850_,14.76µm
_03859_,14.76µm
_06644_,14.74µm
_01743_,14.72µm
_03718_,14.72µm
_04056_,14.72µm
_06567_,14.72µm
_06743_,14.72µm
_02207_,14.68µm
_03683_,14.68µm
_00054_,14.66µm
_02851_,14.66µm
_00297_,14.64µm
_02371_,14.64µm
_04697_,14.64µm
_05071_,14.64µm
_01182_,14.63µm
_04042_,14.63µm
_04117_,14.62µm
_02075_,14.6µm
_02573_,14.6µm
_04177_,14.6µm
_00154_,14.58µm
_04874_,14.58µm
_02182_,14.57µm
_02685_,14.56µm
_05012_,14.56µm
_05347_,14.56µm
_05421_,14.56µm
_05588_,14.56µm
_06700_,14.56µm
_00662_,14.54µm
_01106_,14.54µm
w10[4],14.54µm
_02297_,14.52µm
_02430_,14.52µm
_03881_,14.52µm
_06647_,14.52µm
_06733_,14.52µm
_02690_,14.5µm
_02754_,14.5µm
_03009_,14.5µm
_01647_,14.48µm
_01674_,14.48µm
_04897_,14.48µm
_06129_,14.48µm
_06289_,14.48µm
_03776_,14.47µm
_02857_,14.46µm
_04305_,14.46µm
_04814_,14.46µm
net190,14.46µm
_00177_,14.44µm
_01379_,14.44µm
_03662_,14.44µm
_03758_,14.44µm
_04818_,14.44µm
_04871_,14.44µm
_01465_,14.42µm
_02124_,14.42µm
_04295_,14.42µm
_04838_,14.42µm
_06231_,14.42µm
_06363_,14.42µm
_06385_,14.42µm
_06422_,14.42µm
_00437_,14.4µm
_04857_,14.4µm
_00460_,14.38µm
_02949_,14.38µm
_04785_,14.38µm
_04920_,14.38µm
_05888_,14.36µm
_06741_,14.36µm
_00220_,14.34µm
_00415_,14.34µm
_03503_,14.34µm
_05309_,14.34µm
_05417_,14.34µm
_02964_,14.32µm
_03304_,14.32µm
_06540_,14.32µm
_01683_,14.3µm
_02218_,14.3µm
_04988_,14.3µm
_05600_,14.3µm
_05951_,14.3µm
_01414_,14.28µm
_01998_,14.28µm
_02438_,14.28µm
_05503_,14.28µm
_06723_,14.28µm
_00579_,14.26µm
_01022_,14.26µm
_05947_,14.26µm
_05511_,14.24µm
net236,14.24µm
_00731_,14.22µm
_01721_,14.22µm
_02458_,14.22µm
_04861_,14.22µm
_05059_,14.22µm
_06004_,14.22µm
_06816_,14.22µm
_01354_,14.2µm
_01361_,14.2µm
_06469_,14.2µm
_02115_,14.18µm
_05901_,14.18µm
_03113_,14.16µm
_04935_,14.16µm
_01661_,14.14µm
_03565_,14.14µm
net228,14.14µm
_02307_,14.12µm
_06485_,14.12µm
_06545_,14.12µm
_03319_,14.1µm
_03702_,14.1µm
_05068_,14.1µm
_02793_,14.09µm
_00670_,14.08µm
_00844_,14.08µm
_06353_,14.08µm
_00069_,14.06µm
_00709_,14.06µm
_02390_,14.06µm
_03857_,14.06µm
_06731_,14.06µm
_01138_,14.02µm
_02397_,14.02µm
_06624_,14.02µm
_03562_,14.005µm
_01496_,14µm
_02017_,14µm
_02815_,14µm
_04566_,14µm
_01190_,13.98µm
_02002_,13.98µm
_02140_,13.98µm
_03435_,13.98µm
_05395_,13.98µm
_05842_,13.98µm
_01134_,13.96µm
_01188_,13.96µm
_01324_,13.96µm
_02636_,13.96µm
_02761_,13.96µm
_03017_,13.96µm
_04104_,13.96µm
_04629_,13.96µm
net245,13.96µm
_03285_,13.94µm
_05183_,13.94µm
_01239_,13.935µm
_00881_,13.93µm
_01058_,13.92µm
_01320_,13.92µm
_04934_,13.92µm
_05027_,13.92µm
_05381_,13.92µm
_01617_,13.9µm
_02657_,13.9µm
_02843_,13.9µm
_04424_,13.9µm
_05065_,13.9µm
_00570_,13.88µm
_02283_,13.88µm
_03536_,13.88µm
_03673_,13.88µm
_04310_,13.88µm
_04380_,13.88µm
_04389_,13.88µm
_02820_,13.86µm
_04121_,13.86µm
_06138_,13.86µm
_00186_,13.84µm
_00907_,13.84µm
_00974_,13.84µm
_02085_,13.84µm
_03247_,13.84µm
_03360_,13.84µm
_03466_,13.84µm
_03532_,13.84µm
_04594_,13.84µm
_04687_,13.84µm
_05706_,13.84µm
_06506_,13.84µm
net173,13.84µm
_01331_,13.82µm
_04224_,13.82µm
_05152_,13.82µm
_05299_,13.82µm
_05150_,13.8µm
_05542_,13.8µm
w21[1],13.78µm
x1[7],13.78µm
_01890_,13.76µm
_03568_,13.76µm
_03621_,13.76µm
_04209_,13.76µm
_06119_,13.76µm
_06205_,13.76µm
_01679_,13.75µm
_00811_,13.74µm
_01892_,13.74µm
w12[0],13.74µm
w12[1],13.74µm
_00431_,13.72µm
_00756_,13.72µm
_01319_,13.72µm
_04526_,13.72µm
_03841_,13.715µm
_01096_,13.7µm
_01166_,13.7µm
_05923_,13.7µm
_01205_,13.68µm
_06706_,13.68µm
_04198_,13.675µm
_02360_,13.66µm
_02448_,13.66µm
_02576_,13.66µm
_01037_,13.65µm
_04406_,13.64µm
_04616_,13.64µm
_05416_,13.64µm
_05583_,13.64µm
_03410_,13.62µm
_03489_,13.62µm
w01[6],13.62µm
x1[0],13.62µm
_01560_,13.6µm
_02154_,13.6µm
_03741_,13.6µm
_04420_,13.6µm
_04816_,13.6µm
_05993_,13.6µm
_06773_,13.6µm
_05319_,13.58µm
_05343_,13.58µm
_05789_,13.575µm
_00806_,13.56µm
_05572_,13.56µm
net177,13.56µm
_03686_,13.55µm
_00005_,13.54µm
_01897_,13.54µm
_03987_,13.54µm
_05606_,13.54µm
_00686_,13.52µm
_01070_,13.52µm
_02727_,13.52µm
_02885_,13.52µm
_03739_,13.52µm
_04790_,13.52µm
_06388_,13.52µm
y1[8],13.52µm
_00336_,13.5µm
_00658_,13.5µm
_01332_,13.5µm
_01770_,13.5µm
_04440_,13.5µm
_01848_,13.48µm
_02734_,13.48µm
_05740_,13.48µm
_00146_,13.46µm
_02631_,13.46µm
_03174_,13.46µm
_00373_,13.44µm
_00602_,13.44µm
_00987_,13.44µm
_04143_,13.44µm
_04777_,13.44µm
_06501_,13.44µm
_01163_,13.42µm
_01250_,13.42µm
_02191_,13.42µm
_02694_,13.42µm
_03001_,13.42µm
_03383_,13.42µm
_03546_,13.42µm
_00109_,13.4µm
_03346_,13.4µm
_03541_,13.4µm
_03934_,13.4µm
_04445_,13.4µm
_00490_,13.38µm
_00794_,13.38µm
_04426_,13.38µm
_04690_,13.38µm
_04929_,13.38µm
_05034_,13.38µm
net78,13.38µm
_05749_,13.36µm
_06564_,13.36µm
_03735_,13.35µm
_05638_,13.345µm
_00760_,13.34µm
_01454_,13.34µm
_01492_,13.34µm
_03119_,13.34µm
_03234_,13.34µm
_03680_,13.34µm
_03743_,13.34µm
_04780_,13.34µm
_03751_,13.33µm
_00985_,13.32µm
_02980_,13.32µm
_04607_,13.32µm
_01301_,13.31µm
_02313_,13.31µm
_00606_,13.3µm
_03201_,13.3µm
_05477_,13.3µm
_02157_,13.28µm
_00543_,13.26µm
_01711_,13.26µm
_02006_,13.26µm
_02890_,13.26µm
_04476_,13.26µm
_04504_,13.26µm
_06143_,13.26µm
_03266_,13.24µm
_05003_,13.24µm
_01150_,13.22µm
_04384_,13.22µm
_05025_,13.22µm
net179,13.22µm
_02950_,13.2µm
_03180_,13.2µm
_03895_,13.2µm
_04960_,13.2µm
_06699_,13.2µm
_01851_,13.18µm
_03687_,13.18µm
_05114_,13.18µm
_06758_,13.18µm
_02941_,13.17µm
_02821_,13.16µm
_05489_,13.16µm
_05521_,13.16µm
_06313_,13.16µm
_06426_,13.16µm
w10[3],13.16µm
_01001_,13.14µm
_05004_,13.14µm
_05977_,13.135µm
_00142_,13.12µm
_02760_,13.12µm
_03265_,13.12µm
_03607_,13.12µm
_06671_,13.12µm
_03533_,13.1µm
_04150_,13.1µm
_04953_,13.1µm
_05127_,13.1µm
_06003_,13.1µm
_01719_,13.08µm
_02412_,13.08µm
_02738_,13.08µm
_03828_,13.08µm
_06086_,13.08µm
_06806_,13.08µm
_00717_,13.06µm
_06701_,13.06µm
_03477_,13.04µm
_04123_,13.04µm
_04732_,13.04µm
_05101_,13.04µm
_01380_,13.03µm
_05717_,13.02µm
_02854_,13.005µm
_02580_,13µm
_05371_,13µm
_00550_,12.99µm
_05858_,12.98µm
_06249_,12.98µm
_06614_,12.98µm
_00928_,12.96µm
_04084_,12.96µm
_04094_,12.96µm
_04359_,12.96µm
_05880_,12.96µm
_06414_,12.96µm
_00798_,12.94µm
_00870_,12.94µm
_01213_,12.94µm
_01802_,12.94µm
_03838_,12.94µm
_00486_,12.92µm
_02028_,12.92µm
_02615_,12.92µm
_04746_,12.92µm
_05930_,12.92µm
_06470_,12.92µm
net172,12.92µm
_00139_,12.9µm
_01696_,12.9µm
_02347_,12.9µm
_02833_,12.9µm
_02870_,12.9µm
_00015_,12.88µm
_06291_,12.88µm
_06547_,12.88µm
_00529_,12.86µm
_06703_,12.845µm
_01276_,12.84µm
_01419_,12.84µm
_03721_,12.84µm
_04398_,12.84µm
_05379_,12.84µm
_01737_,12.82µm
_04887_,12.82µm
_00031_,12.8µm
_00826_,12.8µm
_02671_,12.8µm
_02999_,12.8µm
net244,12.78µm
_01042_,12.76µm
_02679_,12.76µm
_03358_,12.76µm
_04222_,12.76µm
_06413_,12.76µm
net207,12.76µm
_04360_,12.75µm
_01181_,12.74µm
_04301_,12.74µm
_04643_,12.74µm
_03574_,12.725µm
_01110_,12.72µm
_03902_,12.72µm
_00850_,12.7µm
_04498_,12.7µm
_04513_,12.7µm
_05084_,12.7µm
_05390_,12.7µm
w01[3],12.7µm
w10[1],12.7µm
w11[3],12.7µm
w12[7],12.7µm
w13[1],12.7µm
w13[3],12.7µm
w13[5],12.7µm
x1[1],12.7µm
_01503_,12.68µm
_03058_,12.68µm
_05300_,12.68µm
_02162_,12.66µm
_02891_,12.66µm
_03848_,12.66µm
_05079_,12.65µm
_01466_,12.64µm
_03556_,12.64µm
_04083_,12.64µm
_06257_,12.64µm
_01519_,12.62µm
_02268_,12.62µm
_03747_,12.62µm
_05769_,12.62µm
_03038_,12.6µm
_04743_,12.6µm
y0[13],12.6µm
y2[14],12.6µm
_00371_,12.58µm
_01046_,12.58µm
_01300_,12.58µm
_03769_,12.58µm
_04093_,12.58µm
_05066_,12.58µm
_05488_,12.58µm
net143,12.58µm
_01333_,12.56µm
_01723_,12.56µm
_02087_,12.56µm
_05903_,12.56µm
_00216_,12.54µm
_00230_,12.54µm
_02695_,12.54µm
_05849_,12.54µm
_01325_,12.53µm
_03583_,12.53µm
_02506_,12.52µm
_02772_,12.52µm
_03345_,12.52µm
_04892_,12.52µm
w31[6],12.52µm
_01642_,12.51µm
_01917_,12.5µm
_05124_,12.5µm
_05273_,12.5µm
_05450_,12.5µm
_05621_,12.5µm
_06529_,12.5µm
_00700_,12.48µm
_01850_,12.48µm
_02730_,12.48µm
_03280_,12.48µm
_03390_,12.48µm
_05429_,12.46µm
_01654_,12.455µm
_04006_,12.445µm
_01920_,12.44µm
_02357_,12.44µm
_03124_,12.44µm
_03717_,12.44µm
_01006_,12.43µm
_00762_,12.42µm
_01304_,12.42µm
_02610_,12.42µm
_00430_,12.41µm
_02156_,12.41µm
_00906_,12.4µm
_01099_,12.4µm
_02175_,12.4µm
_06393_,12.4µm
w31[2],12.4µm
_00914_,12.38µm
_00981_,12.38µm
_01287_,12.38µm
_02158_,12.38µm
_03232_,12.38µm
_05295_,12.38µm
_05748_,12.38µm
_00205_,12.37µm
_05216_,12.355µm
_00730_,12.35µm
_00577_,12.345µm
_02365_,12.345µm
_01511_,12.34µm
_04453_,12.34µm
_05186_,12.34µm
_05628_,12.34µm
_00081_,12.32µm
_03425_,12.32µm
_06104_,12.32µm
_06661_,12.32µm
_00103_,12.31µm
_01393_,12.3µm
_01913_,12.3µm
_03012_,12.3µm
_05694_,12.3µm
_06602_,12.3µm
_00525_,12.28µm
_01439_,12.28µm
_02178_,12.28µm
_02226_,12.28µm
_03654_,12.28µm
_01299_,12.27µm
_02110_,12.26µm
_04865_,12.26µm
_05784_,12.26µm
_06507_,12.26µm
_00027_,12.24µm
_01510_,12.24µm
_01539_,12.24µm
_02445_,12.24µm
_02994_,12.24µm
w01[7],12.24µm
w02[4],12.24µm
w10[2],12.24µm
w10[6],12.24µm
w11[7],12.24µm
w12[3],12.24µm
w12[4],12.24µm
w13[0],12.24µm
w13[6],12.24µm
w13[7],12.24µm
net221,12.24µm
_01129_,12.22µm
_01149_,12.22µm
_01710_,12.22µm
_03064_,12.22µm
_04888_,12.22µm
_00859_,12.2µm
_04705_,12.2µm
_05208_,12.2µm
_06219_,12.2µm
_01227_,12.18µm
_02619_,12.18µm
_03512_,12.18µm
_05832_,12.18µm
_03370_,12.16µm
_04993_,12.16µm
_05312_,12.16µm
_06528_,12.16µm
_00102_,12.14µm
_00400_,12.14µm
_01433_,12.14µm
_02806_,12.14µm
_03318_,12.14µm
_03589_,12.14µm
_05180_,12.14µm
_05566_,12.14µm
_05730_,12.14µm
_06721_,12.14µm
_06781_,12.14µm
_00869_,12.12µm
_01056_,12.12µm
_02673_,12.12µm
_02910_,12.12µm
_03188_,12.12µm
_06438_,12.12µm
net163,12.12µm
_06078_,12.105µm
_00327_,12.1µm
_01621_,12.1µm
_01672_,12.1µm
_01816_,12.1µm
_02279_,12.1µm
_05447_,12.1µm
_06087_,12.1µm
_00172_,12.08µm
_01193_,12.08µm
_02380_,12.08µm
_02555_,12.06µm
_03077_,12.06µm
_06450_,12.06µm
_06653_,12.06µm
_00349_,12.04µm
_00725_,12.04µm
_03995_,12.04µm
_05929_,12.04µm
_01927_,12.035µm
_01035_,12.02µm
_03362_,12.02µm
_01901_,12µm
_02091_,12µm
_02471_,12µm
_02832_,12µm
_05198_,12µm
_06774_,11.99µm
_01028_,11.98µm
_01093_,11.98µm
_02109_,11.98µm
_06538_,11.98µm
_06578_,11.98µm
_06628_,11.97µm
_00320_,11.96µm
_01976_,11.96µm
_06209_,11.96µm
_06323_,11.96µm
_02534_,11.94µm
_06455_,11.94µm
_01837_,11.92µm
_02248_,11.92µm
_04800_,11.92µm
_05485_,11.92µm
_06576_,11.92µm
_03137_,11.915µm
_01314_,11.9µm
_03069_,11.9µm
_03606_,11.9µm
_03759_,11.9µm
_04611_,11.89µm
_02238_,11.88µm
_02327_,11.88µm
_04760_,11.88µm
_06337_,11.88µm
_02875_,11.87µm
_02705_,11.84µm
_03033_,11.84µm
_04580_,11.84µm
_04821_,11.84µm
_05143_,11.84µm
_05733_,11.84µm
_04018_,11.82µm
_06459_,11.82µm
_00135_,11.8µm
_02622_,11.8µm
_04985_,11.8µm
_05160_,11.8µm
_06775_,11.8µm
_02195_,11.78µm
_03047_,11.78µm
_03904_,11.78µm
_04662_,11.78µm
_05220_,11.78µm
w01[4],11.78µm
w01[5],11.78µm
w10[0],11.78µm
w10[5],11.78µm
w11[1],11.78µm
w11[2],11.78µm
w11[5],11.78µm
w11[6],11.78µm
w12[2],11.78µm
w12[5],11.78µm
w13[2],11.78µm
w13[4],11.78µm
w21[5],11.78µm
w22[4],11.78µm
x1[2],11.78µm
_03046_,11.775µm
_05974_,11.775µm
_03344_,11.77µm
_05303_,11.77µm
_00313_,11.76µm
_01114_,11.76µm
_03576_,11.76µm
_04859_,11.76µm
_00119_,11.74µm
_04586_,11.74µm
_01477_,11.73µm
_00357_,11.72µm
_03392_,11.72µm
_03970_,11.72µm
_06546_,11.72µm
_01240_,11.715µm
_01576_,11.71µm
_00170_,11.7µm
_00524_,11.7µm
_00910_,11.7µm
_04128_,11.7µm
_04489_,11.7µm
_04976_,11.7µm
_05223_,11.7µm
_06380_,11.7µm
w22[2],11.7µm
_01781_,11.68µm
_03005_,11.68µm
_03629_,11.68µm
_04804_,11.68µm
_05038_,11.68µm
_05806_,11.68µm
_06783_,11.68µm
y1[10],11.68µm
y1[12],11.68µm
y1[14],11.68µm
y1[15],11.68µm
y1[16],11.68µm
y1[6],11.68µm
y1[7],11.68µm
_04927_,11.675µm
_00156_,11.66µm
_01162_,11.66µm
_01588_,11.66µm
_01659_,11.66µm
_03498_,11.66µm
_04390_,11.66µm
_04563_,11.66µm
_04581_,11.66µm
_05032_,11.66µm
_06361_,11.66µm
_06443_,11.66µm
_06645_,11.66µm
_02987_,11.64µm
_03185_,11.64µm
_03218_,11.64µm
_04974_,11.64µm
_05077_,11.64µm
_05192_,11.64µm
_06610_,11.64µm
_03316_,11.63µm
_00702_,11.62µm
_00927_,11.62µm
_03500_,11.62µm
_03679_,11.62µm
_03684_,11.62µm
_04682_,11.62µm
_03490_,11.61µm
_02802_,11.605µm
_00516_,11.6µm
_04139_,11.6µm
_04517_,11.6µm
_00317_,11.58µm
_00739_,11.58µm
_03216_,11.58µm
_05125_,11.58µm
_05727_,11.58µm
_05758_,11.58µm
_05906_,11.58µm
_01176_,11.56µm
_01921_,11.56µm
_01983_,11.56µm
_03544_,11.56µm
_03870_,11.56µm
_04481_,11.56µm
_05376_,11.56µm
_06342_,11.555µm
_00157_,11.54µm
_01569_,11.54µm
_01942_,11.54µm
_02043_,11.54µm
_02147_,11.54µm
_03024_,11.54µm
_04748_,11.54µm
_05052_,11.54µm
_01735_,11.535µm
_01225_,11.52µm
_01322_,11.52µm
_01482_,11.52µm
_01855_,11.52µm
_05008_,11.52µm
_02089_,11.5µm
_03171_,11.5µm
_06630_,11.5µm
_06536_,11.49µm
w21[3],11.48µm
_00935_,11.46µm
_01153_,11.46µm
_01154_,11.46µm
_01350_,11.46µm
_01988_,11.46µm
_03353_,11.46µm
_03926_,11.46µm
_04477_,11.46µm
_04736_,11.46µm
_06223_,11.46µm
_06505_,11.46µm
_03558_,11.44µm
_04862_,11.44µm
_04907_,11.44µm
_05986_,11.44µm
w11[0],11.44µm
w23[2],11.44µm
_02457_,11.42µm
_03778_,11.42µm
_04590_,11.42µm
_06358_,11.42µm
_01112_,11.4µm
_01174_,11.4µm
_04188_,11.4µm
_06705_,11.4µm
_00638_,11.38µm
_00562_,11.36µm
_04288_,11.36µm
_05217_,11.36µm
_01958_,11.34µm
_01194_,11.335µm
_05265_,11.33µm
_00872_,11.32µm
_01195_,11.32µm
_02893_,11.32µm
_04756_,11.32µm
_00455_,11.315µm
_00600_,11.305µm
_05960_,11.305µm
_00871_,11.3µm
_01177_,11.3µm
_03101_,11.3µm
_03436_,11.3µm
_02355_,11.28µm
_04276_,11.28µm
_05689_,11.28µm
_06162_,11.28µm
_06447_,11.28µm
_00763_,11.26µm
_03244_,11.26µm
_03811_,11.26µm
_05912_,11.26µm
y2[11],11.26µm
_00860_,11.24µm
_02765_,11.24µm
_04149_,11.24µm
_04273_,11.24µm
_06157_,11.24µm
_02675_,11.23µm
_00114_,11.22µm
_01625_,11.22µm
_02861_,11.22µm
_02909_,11.22µm
_04873_,11.22µm
_05487_,11.22µm
_06165_,11.22µm
_06465_,11.22µm
y0[14],11.22µm
y0[15],11.22µm
y0[16],11.22µm
y1[11],11.22µm
y1[13],11.22µm
y3[14],11.22µm
_01151_,11.2µm
_01255_,11.2µm
_01329_,11.2µm
_01593_,11.2µm
_02065_,11.2µm
_03284_,11.2µm
_03361_,11.2µm
_03596_,11.2µm
_05235_,11.2µm
_05242_,11.2µm
_06175_,11.2µm
_00110_,11.18µm
_00204_,11.18µm
_00804_,11.18µm
_01362_,11.18µm
_01512_,11.18µm
_02274_,11.18µm
_04889_,11.18µm
_05339_,11.18µm
_05498_,11.18µm
_01237_,11.16µm
_02930_,11.16µm
_03900_,11.16µm
_05015_,11.16µm
_05575_,11.16µm
_06069_,11.16µm
_06167_,11.16µm
_06623_,11.16µm
_01922_,11.15µm
_00346_,11.14µm
_01034_,11.14µm
_03885_,11.14µm
_05322_,11.14µm
x2[0],11.14µm
_00282_,11.12µm
_00290_,11.12µm
_00572_,11.12µm
_01819_,11.12µm
_02778_,11.12µm
_05518_,11.12µm
_05561_,11.12µm
_06006_,11.12µm
_05996_,11.115µm
_01067_,11.1µm
_01079_,11.1µm
_01201_,11.1µm
_01352_,11.1µm
_01793_,11.1µm
_03329_,11.1µm
_00457_,11.095µm
_01605_,11.08µm
_01858_,11.08µm
_02320_,11.08µm
_03194_,11.08µm
_03538_,11.08µm
_04259_,11.08µm
_04997_,11.08µm
_06193_,11.08µm
_06648_,11.08µm
_02054_,11.06µm
_05770_,11.06µm
_06482_,11.06µm
_05248_,11.04µm
net231,11.04µm
_01909_,11.02µm
_03363_,11.02µm
_04524_,11.02µm
_06463_,11.02µm
w20[1],11.02µm
w22[5],11.02µm
w31[3],11.02µm
net46,11.02µm
_01103_,11µm
_01122_,11µm
_01148_,11µm
_01451_,11µm
_01750_,11µm
_02081_,11µm
_03966_,11µm
_04941_,11µm
_06176_,11µm
_06253_,10.985µm
_00294_,10.98µm
_02630_,10.98µm
_03925_,10.98µm
_04119_,10.98µm
_05677_,10.98µm
_00354_,10.96µm
_00712_,10.96µm
_01208_,10.96µm
_02869_,10.96µm
_02880_,10.96µm
_03456_,10.96µm
_03511_,10.96µm
_03917_,10.96µm
_05256_,10.96µm
_06367_,10.96µm
_00405_,10.94µm
_03240_,10.94µm
_04558_,10.94µm
_05680_,10.94µm
_00514_,10.935µm
_00270_,10.92µm
_03271_,10.92µm
_03535_,10.92µm
_05133_,10.92µm
_05989_,10.92µm
_01495_,10.9µm
_06093_,10.9µm
_03335_,10.88µm
_04500_,10.88µm
_04789_,10.88µm
_01702_,10.87µm
_00254_,10.86µm
_01107_,10.86µm
_01630_,10.86µm
_01740_,10.86µm
_02818_,10.86µm
_02868_,10.86µm
_04157_,10.86µm
_04655_,10.86µm
_01595_,10.84µm
_03110_,10.84µm
_03701_,10.84µm
_04981_,10.84µm
_05776_,10.84µm
_05871_,10.84µm
_05995_,10.84µm
_06407_,10.84µm
_06541_,10.84µm
_02372_,10.82µm
_04468_,10.82µm
_05191_,10.82µm
_06679_,10.82µm
_05745_,10.81µm
_02495_,10.8µm
_03028_,10.8µm
_04241_,10.8µm
_05865_,10.8µm
_06140_,10.8µm
_06222_,10.8µm
y3[15],10.8µm
_04915_,10.79µm
_01016_,10.78µm
_01438_,10.78µm
_02628_,10.78µm
_03567_,10.78µm
_04167_,10.78µm
_04248_,10.78µm
_06022_,10.78µm
_06192_,10.78µm
_06284_,10.78µm
_06468_,10.78µm
_02889_,10.77µm
_02069_,10.765µm
_01567_,10.76µm
_01599_,10.76µm
_01612_,10.76µm
_02431_,10.76µm
_02847_,10.76µm
_02996_,10.76µm
_05457_,10.76µm
_05688_,10.76µm
_00074_,10.74µm
_00628_,10.74µm
_01440_,10.74µm
_03100_,10.74µm
_04034_,10.74µm
_04556_,10.74µm
_06208_,10.74µm
_06282_,10.74µm
_06347_,10.74µm
net222,10.74µm
_02722_,10.72µm
_03309_,10.72µm
_06136_,10.72µm
_06667_,10.72µm
_00578_,10.7µm
_01132_,10.7µm
_01348_,10.7µm
_01720_,10.7µm
_02239_,10.7µm
_03040_,10.7µm
_03375_,10.7µm
_03935_,10.7µm
_04559_,10.7µm
_04837_,10.7µm
_05108_,10.7µm
_05209_,10.7µm
_05913_,10.7µm
_06030_,10.7µm
_00703_,10.68µm
_01759_,10.68µm
_02367_,10.68µm
_04899_,10.67µm
_02149_,10.66µm
_03034_,10.66µm
_03366_,10.66µm
_03799_,10.66µm
_04720_,10.66µm
_05802_,10.66µm
_06060_,10.66µm
_00674_,10.64µm
_01757_,10.64µm
_01867_,10.64µm
_02701_,10.64µm
_04265_,10.64µm
_05735_,10.64µm
_06542_,10.64µm
_06552_,10.64µm
_00090_,10.62µm
_00793_,10.62µm
_02460_,10.62µm
_03730_,10.62µm
_03983_,10.62µm
_04853_,10.62µm
_05725_,10.62µm
_06292_,10.62µm
_04017_,10.6µm
_05301_,10.6µm
_05238_,10.585µm
_01907_,10.58µm
_02284_,10.58µm
_05195_,10.58µm
_05481_,10.58µm
_00792_,10.56µm
_01670_,10.56µm
_03668_,10.56µm
_03726_,10.56µm
_06432_,10.56µm
_00608_,10.54µm
_02061_,10.54µm
_04197_,10.54µm
_05305_,10.54µm
_06290_,10.54µm
_00443_,10.52µm
_01448_,10.52µm
_00238_,10.5µm
_00340_,10.5µm
_00909_,10.5µm
_01360_,10.5µm
_01486_,10.5µm
_04023_,10.5µm
_04346_,10.5µm
_04852_,10.5µm
_04860_,10.5µm
_00047_,10.48µm
_01634_,10.48µm
_02114_,10.48µm
_05869_,10.48µm
_03190_,10.47µm
_04677_,10.47µm
_05369_,10.465µm
_02120_,10.46µm
_02474_,10.46µm
_05797_,10.46µm
_04599_,10.455µm
_01066_,10.44µm
_04670_,10.44µm
_01632_,10.42µm
_02717_,10.42µm
_02916_,10.42µm
_03639_,10.42µm
_04155_,10.42µm
_05377_,10.42µm
_05443_,10.42µm
_05562_,10.42µm
_05973_,10.42µm
_06805_,10.42µm
_05348_,10.415µm
_04582_,10.41µm
_00633_,10.405µm
_00728_,10.4µm
_04923_,10.4µm
_01351_,10.38µm
_03303_,10.38µm
_04723_,10.38µm
_05086_,10.38µm
_05816_,10.38µm
_06537_,10.38µm
_05330_,10.37µm
_05331_,10.37µm
_00398_,10.36µm
_00649_,10.36µm
_00782_,10.36µm
_02856_,10.36µm
_03003_,10.36µm
_03376_,10.36µm
_04579_,10.36µm
_04901_,10.36µm
_01180_,10.34µm
_02566_,10.34µm
_04031_,10.34µm
_04220_,10.34µm
_04752_,10.34µm
_05671_,10.34µm
_01011_,10.32µm
_01456_,10.32µm
_02264_,10.32µm
_03162_,10.32µm
_04315_,10.32µm
_06120_,10.32µm
_04501_,10.315µm
_02590_,10.3µm
_02993_,10.3µm
_03187_,10.3µm
_03324_,10.3µm
_05850_,10.3µm
_06431_,10.3µm
_00032_,10.28µm
_00378_,10.28µm
_00771_,10.28µm
_02241_,10.28µm
_02571_,10.28µm
_03160_,10.28µm
_04411_,10.28µm
_04699_,10.28µm
_04864_,10.28µm
_04979_,10.28µm
_06565_,10.28µm
_06760_,10.28µm
_06778_,10.28µm
_02036_,10.265µm
_02422_,10.26µm
_03140_,10.26µm
_04749_,10.26µm
_05320_,10.26µm
net239,10.26µm
_00472_,10.24µm
_02024_,10.24µm
_02562_,10.24µm
_02563_,10.24µm
_02583_,10.24µm
_03965_,10.24µm
_04844_,10.24µm
_06248_,10.24µm
_06306_,10.24µm
_04393_,10.22µm
_05713_,10.22µm
w31[4],10.22µm
_04280_,10.21µm
_01846_,10.2µm
_02058_,10.2µm
_02988_,10.2µm
_03584_,10.2µm
_05432_,10.2µm
_06656_,10.2µm
_04007_,10.19µm
_00499_,10.18µm
_04832_,10.18µm
_05622_,10.18µm
_05966_,10.18µm
_00076_,10.16µm
_00913_,10.16µm
_01105_,10.16µm
_01171_,10.16µm
_01321_,10.16µm
_01572_,10.16µm
_02796_,10.16µm
_04205_,10.16µm
_04884_,10.16µm
_05560_,10.16µm
_05979_,10.16µm
_06412_,10.16µm
_05623_,10.145µm
_04036_,10.14µm
_04906_,10.14µm
_05001_,10.14µm
_06166_,10.14µm
_01236_,10.12µm
_02971_,10.12µm
_04876_,10.1µm
_06019_,10.1µm
w22[7],10.1µm
_00088_,10.08µm
_00583_,10.08µm
_00937_,10.08µm
_01950_,10.08µm
_02967_,10.08µm
_03434_,10.08µm
_03733_,10.08µm
_04523_,10.08µm
_06172_,10.08µm
_01204_,10.06µm
_01267_,10.06µm
_03415_,10.06µm
_04242_,10.06µm
_05537_,10.06µm
_06309_,10.06µm
_02395_,10.05µm
_02111_,10.04µm
_02127_,10.04µm
_02472_,10.04µm
_03373_,10.04µm
_04436_,10.04µm
_04769_,10.04µm
_05508_,10.04µm
_05983_,10.04µm
_06641_,10.04µm
_03237_,10.02µm
_04086_,10.02µm
_04457_,10.02µm
_06714_,10.02µm
_01637_,10µm
_01964_,10µm
_02260_,10µm
_03873_,10µm
_06500_,10µm
_06672_,10µm
_01691_,9.98µm
_04842_,9.98µm
_05732_,9.98µm
_05414_,9.97µm
_00235_,9.96µm
_00293_,9.96µm
_00477_,9.96µm
_00889_,9.96µm
_01080_,9.96µm
_01992_,9.96µm
_02810_,9.96µm
_03157_,9.96µm
_03183_,9.96µm
_03634_,9.96µm
_04729_,9.96µm
_05187_,9.96µm
_05413_,9.96µm
_06326_,9.96µm
_01278_,9.94µm
_01692_,9.94µm
_02282_,9.94µm
_02865_,9.94µm
_03296_,9.94µm
_03808_,9.94µm
_05089_,9.94µm
_05785_,9.94µm
_06142_,9.94µm
_06260_,9.94µm
_00066_,9.92µm
_00809_,9.92µm
_03313_,9.92µm
_03706_,9.92µm
_04107_,9.92µm
_05078_,9.92µm
_05708_,9.92µm
_00272_,9.9µm
_03764_,9.9µm
_04855_,9.9µm
_01256_,9.88µm
_01655_,9.88µm
_02346_,9.88µm
_02356_,9.88µm
_03042_,9.88µm
_03699_,9.88µm
_04048_,9.88µm
y3[16],9.88µm
y0[2],9.87µm
_00191_,9.86µm
_00276_,9.86µm
_01311_,9.86µm
_01713_,9.86µm
_01821_,9.86µm
_01825_,9.86µm
_02597_,9.86µm
_03336_,9.86µm
_05358_,9.86µm
_06170_,9.86µm
_06183_,9.86µm
_01137_,9.84µm
_01224_,9.84µm
_01863_,9.84µm
_02914_,9.84µm
_03166_,9.84µm
_03273_,9.84µm
_04013_,9.84µm
_04528_,9.84µm
_00661_,9.82µm
_00934_,9.82µm
_00954_,9.82µm
_01125_,9.82µm
_01326_,9.82µm
_02329_,9.82µm
_02417_,9.82µm
_03224_,9.82µm
_03294_,9.82µm
_03506_,9.82µm
_03611_,9.82µm
_04009_,9.82µm
_04252_,9.82µm
_04592_,9.82µm
_05155_,9.82µm
_05207_,9.82µm
_05325_,9.82µm
_05610_,9.82µm
_00171_,9.8µm
_04439_,9.8µm
_04902_,9.8µm
_06417_,9.8µm
_01467_,9.78µm
_04642_,9.78µm
_06710_,9.78µm
_06400_,9.775µm
_02227_,9.765µm
_01308_,9.76µm
_02084_,9.76µm
_03969_,9.76µm
_04848_,9.76µm
_05172_,9.76µm
_05458_,9.76µm
_00310_,9.74µm
_01416_,9.74µm
_01453_,9.74µm
_02206_,9.74µm
_02952_,9.74µm
_03580_,9.74µm
_03909_,9.74µm
_03994_,9.74µm
_05352_,9.74µm
_00833_,9.72µm
_01040_,9.72µm
_02817_,9.72µm
_05147_,9.72µm
_05237_,9.72µm
_06050_,9.72µm
_06000_,9.71µm
_06579_,9.705µm
_01167_,9.7µm
_01173_,9.7µm
_01853_,9.7µm
_02842_,9.7µm
_03502_,9.7µm
_03510_,9.7µm
_04079_,9.7µm
_04286_,9.7µm
_04446_,9.7µm
_04931_,9.7µm
_05294_,9.7µm
_05426_,9.7µm
_05454_,9.7µm
_05936_,9.7µm
_06016_,9.7µm
_00856_,9.68µm
_03268_,9.68µm
_05119_,9.68µm
_04885_,9.67µm
_00410_,9.66µm
_00532_,9.66µm
_02165_,9.66µm
_02928_,9.66µm
_03416_,9.66µm
_00363_,9.65µm
_02467_,9.65µm
_04460_,9.65µm
_00523_,9.64µm
_04210_,9.64µm
x1[5],9.64µm
_00335_,9.62µm
_01431_,9.62µm
_02249_,9.62µm
_02442_,9.62µm
_02536_,9.62µm
_03317_,9.62µm
_03431_,9.62µm
_03989_,9.62µm
_04132_,9.62µm
_04894_,9.62µm
_05050_,9.62µm
_05181_,9.62µm
_06688_,9.62µm
_06787_,9.62µm
net253,9.62µm
_02464_,9.6µm
_03792_,9.6µm
_04433_,9.6µm
_05270_,9.6µm
net238,9.6µm
_00885_,9.59µm
_06390_,9.585µm
_00861_,9.58µm
_01098_,9.58µm
_01633_,9.58µm
_01876_,9.58µm
_03924_,9.58µm
_04672_,9.58µm
_05113_,9.58µm
_05939_,9.58µm
_06154_,9.58µm
_06382_,9.58µm
_00237_,9.56µm
_00522_,9.52µm
_01260_,9.52µm
_01791_,9.52µm
_02473_,9.52µm
_04647_,9.52µm
_05805_,9.52µm
_01323_,9.5µm
_01814_,9.5µm
_01986_,9.5µm
_02379_,9.5µm
_03220_,9.5µm
_05280_,9.5µm
_06669_,9.5µm
_02896_,9.49µm
_01054_,9.485µm
_00188_,9.48µm
_00427_,9.48µm
_01418_,9.48µm
_01436_,9.48µm
_01502_,9.48µm
_02342_,9.48µm
_03763_,9.48µm
_04354_,9.48µm
_05822_,9.48µm
_06084_,9.48µm
_06259_,9.48µm
_06446_,9.48µm
_01505_,9.47µm
_01443_,9.46µm
_02794_,9.46µm
_02894_,9.46µm
_03111_,9.46µm
_03443_,9.46µm
_04046_,9.46µm
_04555_,9.46µm
_04571_,9.46µm
_05629_,9.46µm
_05777_,9.46µm
_06344_,9.46µm
_06752_,9.46µm
_00384_,9.44µm
_01665_,9.44µm
_03933_,9.44µm
_05471_,9.44µm
_06008_,9.44µm
_06051_,9.44µm
_00452_,9.42µm
_00625_,9.42µm
_03905_,9.42µm
_01533_,9.415µm
_00169_,9.4µm
_01391_,9.4µm
_02602_,9.4µm
_02839_,9.4µm
_03203_,9.4µm
_04051_,9.4µm
_04097_,9.4µm
_04731_,9.4µm
_05778_,9.4µm
_05824_,9.4µm
_06054_,9.4µm
y0[6],9.39µm
_00905_,9.38µm
_01673_,9.38µm
_01937_,9.38µm
_02376_,9.38µm
_02487_,9.38µm
_02911_,9.38µm
_04357_,9.38µm
_05007_,9.38µm
_05536_,9.38µm
_05554_,9.38µm
_06125_,9.38µm
_06314_,9.38µm
_06720_,9.38µm
_00190_,9.36µm
_00654_,9.36µm
_01047_,9.36µm
_01344_,9.36µm
_01441_,9.36µm
_01554_,9.36µm
_01797_,9.36µm
_01938_,9.36µm
_03226_,9.36µm
_03312_,9.36µm
_03347_,9.36µm
_03483_,9.36µm
_04554_,9.36µm
_05646_,9.36µm
_06194_,9.36µm
_05466_,9.355µm
_00812_,9.34µm
_02072_,9.34µm
_05455_,9.34µm
_05568_,9.335µm
_01622_,9.33µm
_03109_,9.33µm
_03675_,9.33µm
_01186_,9.32µm
_02047_,9.32µm
_02408_,9.32µm
_05092_,9.32µm
_05276_,9.32µm
_05366_,9.32µm
_06371_,9.32µm
_00197_,9.3µm
_00990_,9.3µm
_00226_,9.28µm
_01083_,9.28µm
_01667_,9.28µm
_02846_,9.28µm
_02955_,9.28µm
_03637_,9.28µm
_03736_,9.28µm
_04407_,9.28µm
_05139_,9.28µm
_06263_,9.28µm
_06789_,9.28µm
_01974_,9.275µm
_00350_,9.26µm
_01019_,9.26µm
_01600_,9.26µm
_01607_,9.26µm
_02254_,9.26µm
_02440_,9.26µm
_02866_,9.26µm
_04706_,9.26µm
_01085_,9.25µm
_00144_,9.24µm
_00394_,9.24µm
_00834_,9.24µm
_01407_,9.24µm
_02620_,9.24µm
_02737_,9.24µm
_03036_,9.24µm
_03116_,9.24µm
_03478_,9.24µm
_03998_,9.24µm
_04120_,9.24µm
_05179_,9.24µm
_06195_,9.24µm
_06399_,9.24µm
_06481_,9.24µm
_01676_,9.22µm
_04973_,9.22µm
_02001_,9.2µm
_02296_,9.2µm
_02402_,9.2µm
_03760_,9.2µm
_04317_,9.2µm
net144,9.2µm
_03724_,9.18µm
_03761_,9.18µm
_03826_,9.18µm
_04358_,9.18µm
_05333_,9.18µm
_06285_,9.18µm
w22[0],9.18µm
w23[0],9.18µm
_00292_,9.16µm
_00620_,9.16µm
_00776_,9.16µm
_00855_,9.16µm
_01330_,9.16µm
_01981_,9.16µm
_03151_,9.16µm
_03412_,9.16µm
_04270_,9.16µm
_04294_,9.16µm
_04472_,9.16µm
_05326_,9.16µm
_05765_,9.16µm
_06178_,9.16µm
_00485_,9.14µm
_03323_,9.14µm
_04606_,9.14µm
_05021_,9.14µm
_05794_,9.14µm
_05992_,9.14µm
_00799_,9.12µm
_01168_,9.12µm
_01400_,9.12µm
_01886_,9.12µm
_02938_,9.12µm
_03771_,9.12µm
_03864_,9.12µm
_04287_,9.12µm
_05082_,9.12µm
_06402_,9.12µm
_00351_,9.1µm
_01108_,9.1µm
_03002_,9.1µm
_03784_,9.1µm
_05649_,9.1µm
_06678_,9.1µm
_00610_,9.08µm
_05557_,9.08µm
_00939_,9.06µm
_02359_,9.06µm
_04619_,9.06µm
net182,9.06µm
_02699_,9.05µm
_03884_,9.05µm
_00505_,9.04µm
_01313_,9.04µm
_02295_,9.04µm
_02608_,9.04µm
_02805_,9.04µm
_03831_,9.04µm
_04373_,9.04µm
_04510_,9.04µm
_04515_,9.04µm
_04540_,9.04µm
_04623_,9.04µm
_04801_,9.04µm
_04952_,9.04µm
_05130_,9.04µm
_05691_,9.04µm
_05828_,9.04µm
_06294_,9.04µm
_06582_,9.04µm
net237,9.04µm
_01478_,9.02µm
_01596_,9.02µm
_01790_,9.02µm
_01831_,9.02µm
_02505_,9.02µm
_03146_,9.02µm
_03374_,9.02µm
_03518_,9.02µm
_04364_,9.02µm
_04464_,9.02µm
_05221_,9.02µm
_05539_,9.02µm
_05618_,9.02µm
_05630_,9.02µm
_06375_,9.02µm
_06411_,9.02µm
_01455_,9µm
_02683_,9µm
_02849_,9µm
_04118_,9µm
_04257_,9µm
_00517_,8.98µm
_03409_,8.965µm
_00787_,8.96µm
_02577_,8.96µm
_03245_,8.96µm
_04458_,8.96µm
_05138_,8.96µm
_06237_,8.96µm
_06299_,8.96µm
_06663_,8.96µm
y2[13],8.96µm
y2[15],8.96µm
y2[16],8.96µm
y2[7],8.96µm
y2[8],8.96µm
y2[9],8.96µm
y3[13],8.96µm
_00305_,8.94µm
_00510_,8.94µm
_01698_,8.94µm
_01810_,8.94µm
_01947_,8.94µm
_02240_,8.94µm
_02293_,8.94µm
_03746_,8.94µm
_04137_,8.94µm
_00209_,8.92µm
_01734_,8.92µm
_02477_,8.92µm
_02531_,8.92µm
_02841_,8.92µm
_03722_,8.92µm
_03833_,8.92µm
_04216_,8.92µm
_04309_,8.92µm
_04847_,8.92µm
_04949_,8.92µm
_05100_,8.92µm
_06201_,8.92µm
_06401_,8.92µm
_06646_,8.92µm
_06796_,8.92µm
_05644_,8.91µm
_00194_,8.9µm
_00989_,8.9µm
_01392_,8.9µm
_01643_,8.9µm
_02334_,8.9µm
_02500_,8.9µm
_03168_,8.9µm
_03516_,8.9µm
_04696_,8.9µm
_05462_,8.9µm
_05949_,8.9µm
_06245_,8.9µm
_06433_,8.9µm
_06453_,8.9µm
_06711_,8.9µm
_00744_,8.88µm
_03081_,8.88µm
_04799_,8.88µm
_05009_,8.88µm
_05093_,8.88µm
_05994_,8.88µm
_04877_,8.87µm
_02130_,8.86µm
_02152_,8.86µm
_03011_,8.86µm
_03853_,8.86µm
_03915_,8.86µm
_05984_,8.86µm
_06649_,8.86µm
_00244_,8.84µm
w20[0],8.84µm
w20[2],8.84µm
w20[4],8.84µm
w20[5],8.84µm
w20[7],8.84µm
w21[0],8.84µm
w23[3],8.84µm
w31[7],8.84µm
w32[3],8.84µm
x2[1],8.84µm
x3[7],8.84µm
_00347_,8.82µm
_00729_,8.82µm
_00960_,8.82µm
_02453_,8.82µm
_02749_,8.82µm
_03788_,8.82µm
_04863_,8.82µm
_05149_,8.82µm
_05796_,8.82µm
_06619_,8.82µm
_00586_,8.8µm
_01269_,8.8µm
_01474_,8.8µm
_01912_,8.8µm
_04339_,8.8µm
_04977_,8.8µm
_05367_,8.8µm
_05555_,8.8µm
_00189_,8.78µm
_00622_,8.78µm
_00632_,8.78µm
_01049_,8.78µm
_01346_,8.78µm
_01530_,8.78µm
_01879_,8.78µm
_02070_,8.78µm
_02970_,8.78µm
_05044_,8.78µm
_06305_,8.78µm
_03530_,8.775µm
_00228_,8.76µm
_02942_,8.76µm
_03638_,8.76µm
_04218_,8.76µm
_06121_,8.76µm
_00023_,8.74µm
_00331_,8.74µm
_04152_,8.74µm
_05907_,8.74µm
_00136_,8.72µm
_03202_,8.72µm
_05102_,8.72µm
_05135_,8.72µm
rst_n,8.72µm
w20[3],8.72µm
w20[6],8.72µm
w21[4],8.72µm
w21[6],8.72µm
w21[7],8.72µm
w22[1],8.72µm
w22[3],8.72µm
w22[6],8.72µm
w23[1],8.72µm
w23[4],8.72µm
w23[5],8.72µm
w23[6],8.72µm
w23[7],8.72µm
w31[5],8.72µm
w32[5],8.72µm
x0[1],8.72µm
x1[3],8.72µm
x1[6],8.72µm
x2[2],8.72µm
x2[4],8.72µm
x2[5],8.72µm
x3[3],8.72µm
_00329_,8.71µm
_00224_,8.7µm
_00311_,8.7µm
_00838_,8.7µm
_01518_,8.7µm
_01874_,8.7µm
_02724_,8.7µm
_02835_,8.7µm
_03030_,8.7µm
_03197_,8.7µm
_03367_,8.7µm
_03423_,8.7µm
_03774_,8.7µm
_04124_,8.7µm
_04715_,8.7µm
_05168_,8.7µm
_05700_,8.7µm
_06397_,8.7µm
_06591_,8.7µm
_06677_,8.7µm
_06726_,8.7µm
_00034_,8.68µm
_00695_,8.68µm
_00972_,8.68µm
_01638_,8.68µm
_02481_,8.68µm
_02521_,8.68µm
_02637_,8.68µm
_02830_,8.68µm
_03087_,8.68µm
_03821_,8.68µm
_04116_,8.68µm
_05532_,8.68µm
_05781_,8.68µm
_00332_,8.665µm
_00199_,8.66µm
_00229_,8.66µm
_00734_,8.66µm
_00749_,8.66µm
_01484_,8.66µm
_02882_,8.66µm
_02898_,8.66µm
_03207_,8.66µm
_03464_,8.66µm
_03729_,8.66µm
_04462_,8.66µm
_04965_,8.66µm
_05657_,8.66µm
_05659_,8.66µm
_05821_,8.66µm
_06029_,8.66µm
_06212_,8.66µm
_06321_,8.66µm
_01254_,8.65µm
_04225_,8.64µm
_00274_,8.62µm
_01461_,8.62µm
_01658_,8.62µm
_03812_,8.62µm
_03951_,8.62µm
_05214_,8.62µm
_02822_,8.615µm
_03823_,8.6µm
_04323_,8.6µm
_04881_,8.6µm
_05754_,8.6µm
_05764_,8.6µm
_05169_,8.595µm
_00665_,8.59µm
_00056_,8.58µm
_00337_,8.58µm
_00735_,8.58µm
_01409_,8.58µm
_01476_,8.58µm
_01801_,8.58µm
_02263_,8.58µm
_02266_,8.58µm
_02731_,8.58µm
_02757_,8.58µm
_03229_,8.58µm
_04321_,8.58µm
_04589_,8.58µm
_04765_,8.58µm
_04919_,8.58µm
_05533_,8.58µm
_05953_,8.58µm
_05409_,8.57µm
_00036_,8.56µm
_01754_,8.56µm
_03504_,8.56µm
_03645_,8.56µm
_03878_,8.56µm
_05483_,8.56µm
_06163_,8.56µm
net224,8.56µm
_00520_,8.54µm
_00854_,8.54µm
_01071_,8.54µm
_02946_,8.54µm
_03258_,8.54µm
_03405_,8.54µm
_06626_,8.54µm
_00420_,8.52µm
_00797_,8.52µm
_01280_,8.52µm
_02393_,8.52µm
_03505_,8.52µm
_03708_,8.52µm
_05642_,8.52µm
_06622_,8.52µm
_01263_,8.51µm
_03709_,8.51µm
w30[1],8.51µm
_00068_,8.5µm
_00736_,8.5µm
_02095_,8.5µm
_03420_,8.5µm
_06771_,8.5µm
_03550_,8.49µm
_00187_,8.48µm
_01426_,8.48µm
_02176_,8.48µm
_03595_,8.48µm
_03618_,8.48µm
_03659_,8.48µm
_03816_,8.48µm
_04341_,8.48µm
_04774_,8.48µm
_04978_,8.48µm
_05751_,8.48µm
_05810_,8.48µm
_05956_,8.48µm
_05964_,8.48µm
_06790_,8.48µm
_00307_,8.46µm
_00323_,8.46µm
_01226_,8.46µm
_02586_,8.46µm
_03794_,8.46µm
_04882_,8.46µm
_05645_,8.46µm
_00416_,8.45µm
_04214_,8.445µm
_00569_,8.44µm
_00613_,8.44µm
_00752_,8.44µm
_00829_,8.44µm
_01398_,8.44µm
_01471_,8.44µm
_01866_,8.44µm
_01973_,8.44µm
_02305_,8.44µm
_02502_,8.44µm
_03066_,8.44µm
_03445_,8.44µm
_03603_,8.44µm
_04531_,8.44µm
_04734_,8.44µm
_04830_,8.44µm
_04891_,8.44µm
_05948_,8.44µm
_06532_,8.44µm
_02228_,8.425µm
_00805_,8.42µm
_00890_,8.42µm
_01220_,8.42µm
_04926_,8.42µm
_05509_,8.42µm
_05942_,8.42µm
_00733_,8.4µm
_00976_,8.4µm
_02117_,8.4µm
_02784_,8.4µm
_04671_,8.4µm
_05098_,8.4µm
_05760_,8.4µm
_05883_,8.4µm
_06148_,8.4µm
_06504_,8.4µm
net174,8.4µm
_01207_,8.38µm
_02873_,8.38µm
_03186_,8.38µm
_04136_,8.38µm
_06419_,8.38µm
x2[7],8.38µm
_00013_,8.36µm
_00466_,8.36µm
_00707_,8.36µm
_01573_,8.36µm
_02691_,8.36µm
_02989_,8.36µm
_03054_,8.36µm
_03310_,8.36µm
_03783_,8.36µm
_03872_,8.36µm
_04047_,8.36µm
_04293_,8.36µm
_05918_,8.36µm
_06018_,8.36µm
_06080_,8.36µm
_06107_,8.36µm
_03053_,8.34µm
_03088_,8.34µm
_03446_,8.34µm
_03449_,8.34µm
_04508_,8.34µm
_04708_,8.34µm
_05636_,8.34µm
_01088_,8.335µm
_00092_,8.32µm
_00784_,8.32µm
_00845_,8.32µm
_01030_,8.32µm
_01977_,8.32µm
_02559_,8.32µm
_03846_,8.32µm
_04012_,8.32µm
_05121_,8.32µm
_05196_,8.32µm
_06308_,8.32µm
_00903_,8.3µm
_00912_,8.3µm
_03079_,8.3µm
_04937_,8.3µm
_02027_,8.295µm
y3[10],8.29µm
_00003_,8.28µm
_02883_,8.28µm
_03068_,8.28µm
_06275_,8.28µm
_01284_,8.27µm
w03[1],8.27µm
_00049_,8.26µm
_02441_,8.26µm
_05387_,8.26µm
_02369_,8.255µm
y0[9],8.25µm
_00141_,8.24µm
_00262_,8.24µm
_00592_,8.24µm
_00635_,8.24µm
_01423_,8.24µm
_02277_,8.24µm
_02419_,8.24µm
_02484_,8.24µm
_02706_,8.24µm
_03818_,8.24µm
_03921_,8.24µm
_04011_,8.24µm
_04072_,8.24µm
_04609_,8.24µm
_04713_,8.24µm
_04771_,8.24µm
_04776_,8.24µm
_04820_,8.24µm
_04870_,8.24µm
_05690_,8.24µm
_05831_,8.24µm
_06070_,8.24µm
_06092_,8.24µm
_06115_,8.24µm
_00140_,8.22µm
_00640_,8.22µm
_02812_,8.22µm
_03465_,8.22µm
_06105_,8.22µm
_06189_,8.22µm
_02106_,8.2µm
_02219_,8.2µm
_02899_,8.2µm
_02998_,8.2µm
_03889_,8.2µm
_03927_,8.2µm
_03977_,8.2µm
_04020_,8.2µm
_05158_,8.2µm
_05317_,8.2µm
_05497_,8.2µm
_06036_,8.2µm
_06083_,8.2µm
_06159_,8.2µm
_06381_,8.2µm
_06405_,8.2µm
_05257_,8.195µm
_00408_,8.18µm
_00808_,8.18µm
_02572_,8.18µm
_00192_,8.17µm
_05937_,8.17µm
_03888_,8.16µm
_06226_,8.16µm
_02078_,8.155µm
_01884_,8.15µm
_02000_,8.15µm
_02715_,8.14µm
_03085_,8.14µm
_05080_,8.14µm
_00137_,8.12µm
_00159_,8.12µm
_02059_,8.12µm
_02270_,8.12µm
_03143_,8.12µm
_03144_,8.12µm
_03715_,8.12µm
_03877_,8.12µm
_03914_,8.12µm
_04247_,8.12µm
_04811_,8.12µm
_05382_,8.12µm
_05999_,8.12µm
_06234_,8.12µm
_06751_,8.115µm
_06156_,8.11µm
_00095_,8.1µm
_00445_,8.1µm
_01967_,8.1µm
_02646_,8.1µm
_02751_,8.1µm
_03259_,8.1µm
_03484_,8.1µm
_03973_,8.1µm
_04081_,8.1µm
_04355_,8.1µm
_05219_,8.1µm
_06033_,8.1µm
_06441_,8.1µm
_06486_,8.1µm
_06631_,8.1µm
_05328_,8.095µm
_00515_,8.08µm
_01891_,8.08µm
_02015_,8.08µm
_02370_,8.08µm
_02538_,8.08µm
_03307_,8.08µm
_03665_,8.08µm
_05594_,8.08µm
_06334_,8.08µm
_00487_,8.06µm
_05097_,8.06µm
_06152_,8.06µm
_06354_,8.06µm
_01197_,8.04µm
_01732_,8.04µm
_02026_,8.04µm
_03007_,8.04µm
_04204_,8.04µm
_00612_,8.02µm
_01004_,8.02µm
_01101_,8.02µm
_01420_,8.02µm
_02210_,8.02µm
_04193_,8.02µm
_04693_,8.02µm
_04787_,8.02µm
_05311_,8.02µm
_05452_,8.02µm
_05698_,8.02µm
_00374_,8µm
_00389_,8µm
_00395_,8µm
_00719_,8µm
_00789_,8µm
_01120_,8µm
_01656_,8µm
_02387_,8µm
_02920_,8µm
_04075_,8µm
_04362_,8µm
_04519_,8µm
_04565_,8µm
_05206_,8µm
_05729_,8µm
_05881_,8µm
_00956_,7.98µm
_01574_,7.98µm
_01690_,7.98µm
_01784_,7.98µm
_02677_,7.98µm
_02852_,7.98µm
_03300_,7.98µm
_03991_,7.98µm
_04641_,7.98µm
_05827_,7.98µm
_05837_,7.98µm
_06012_,7.98µm
_06736_,7.98µm
net211,7.98µm
_06475_,7.975µm
_01169_,7.96µm
_01212_,7.96µm
_01531_,7.96µm
_02169_,7.96µm
_03381_,7.96µm
_05037_,7.96µm
_06640_,7.96µm
_00328_,7.94µm
_00406_,7.94µm
_05252_,7.94µm
_04199_,7.92µm
_00803_,7.915µm
_04645_,7.915µm
_01955_,7.905µm
_00887_,7.9µm
_01381_,7.9µm
_01951_,7.9µm
_02060_,7.9µm
_03451_,7.9µm
_04448_,7.9µm
_04766_,7.9µm
_05042_,7.9µm
_05304_,7.9µm
_05841_,7.9µm
_05882_,7.9µm
_05910_,7.9µm
_05944_,7.9µm
_06161_,7.9µm
_06403_,7.9µm
_05663_,7.885µm
_00548_,7.88µm
_01971_,7.88µm
_02362_,7.88µm
_03697_,7.88µm
_03897_,7.88µm
_04170_,7.88µm
_04634_,7.88µm
_05024_,7.88µm
_05182_,7.88µm
_05846_,7.88µm
_06130_,7.88µm
_06303_,7.88µm
_02862_,7.875µm
_00509_,7.86µm
_00528_,7.86µm
_00623_,7.86µm
_02368_,7.86µm
_03167_,7.86µm
_03233_,7.86µm
_04168_,7.86µm
_04506_,7.86µm
_04700_,7.86µm
_05033_,7.86µm
_05504_,7.86µm
_05641_,7.86µm
_06150_,7.86µm
_06252_,7.86µm
_06440_,7.86µm
_06625_,7.86µm
_05154_,7.84µm
_05351_,7.82µm
_05876_,7.82µm
_06199_,7.82µm
_01214_,7.8µm
_03295_,7.8µm
_03557_,7.8µm
_04099_,7.8µm
_06793_,7.8µm
_01078_,7.79µm
_03073_,7.785µm
_00051_,7.78µm
_00247_,7.78µm
_01412_,7.78µm
_01994_,7.78µm
_02532_,7.78µm
_02693_,7.78µm
_04251_,7.78µm
_04267_,7.78µm
_05054_,7.78µm
_05997_,7.78µm
_04217_,7.77µm
_03942_,7.76µm
_04237_,7.76µm
_05162_,7.76µm
_05359_,7.76µm
_05479_,7.76µm
_03509_,7.745µm
_00605_,7.74µm
_01671_,7.74µm
_01900_,7.74µm
_02035_,7.74µm
_02077_,7.74µm
_02304_,7.74µm
_03531_,7.74µm
_04024_,7.74µm
_04418_,7.74µm
_05637_,7.74µm
net139,7.72µm
_01021_,7.705µm
_04089_,7.7µm
_04386_,7.7µm
_05825_,7.7µm
_05839_,7.7µm
net188,7.7µm
_00433_,7.68µm
_01435_,7.68µm
_02516_,7.68µm
_02574_,7.68µm
_03539_,7.68µm
_03627_,7.68µm
_04349_,7.68µm
_06111_,7.68µm
_06424_,7.68µm
_02309_,7.67µm
_01929_,7.665µm
_01075_,7.66µm
_01383_,7.66µm
_02291_,7.66µm
_02315_,7.66µm
_02668_,7.66µm
_03650_,7.66µm
_04483_,7.66µm
_05030_,7.66µm
_05140_,7.66µm
_05449_,7.66µm
_06295_,7.66µm
_06604_,7.66µm
_04243_,7.655µm
_05591_,7.655µm
_01252_,7.64µm
_01636_,7.64µm
_02011_,7.64µm
_02768_,7.64µm
_02871_,7.64µm
_03018_,7.64µm
_03664_,7.64µm
_04085_,7.64µm
_04179_,7.64µm
_04429_,7.64µm
_04667_,7.64µm
_04898_,7.64µm
_06750_,7.64µm
_01388_,7.62µm
_04967_,7.62µm
_05360_,7.62µm
_05484_,7.62µm
_06535_,7.62µm
_00603_,7.615µm
_06181_,7.615µm
_00645_,7.6µm
_02696_,7.6µm
_06483_,7.6µm
net185,7.6µm
net206,7.6µm
_02607_,7.59µm
_01565_,7.585µm
_00078_,7.58µm
_00256_,7.58µm
_00875_,7.58µm
_01662_,7.58µm
_01870_,7.58µm
_02211_,7.58µm
_03004_,7.58µm
_04090_,7.58µm
_05419_,7.58µm
_05465_,7.58µm
_05787_,7.58µm
_06341_,7.57µm
_00082_,7.56µm
_00147_,7.56µm
_00817_,7.56µm
_01272_,7.56µm
_01359_,7.56µm
_02687_,7.56µm
_02935_,7.56µm
_02976_,7.56µm
_04153_,7.56µm
_04957_,7.56µm
_06813_,7.56µm
_01556_,7.54µm
_02046_,7.54µm
_02411_,7.54µm
_02850_,7.54µm
_03299_,7.54µm
_03385_,7.54µm
_03891_,7.54µm
_04421_,7.54µm
_05987_,7.54µm
_06081_,7.54µm
_05726_,7.53µm
_00071_,7.52µm
_00200_,7.52µm
_00503_,7.52µm
_00701_,7.52µm
_00853_,7.52µm
_01962_,7.52µm
_02023_,7.52µm
_02337_,7.52µm
_02643_,7.52µm
_03417_,7.52µm
_03663_,7.52µm
_03795_,7.52µm
_04372_,7.52µm
_04437_,7.52µm
_04585_,7.52µm
_04793_,7.52µm
_04835_,7.52µm
_04854_,7.52µm
_05361_,7.52µm
_05370_,7.52µm
_05795_,7.52µm
_06061_,7.52µm
_06229_,7.52µm
_06387_,7.52µm
_06394_,7.52µm
_01516_,7.5µm
_01748_,7.5µm
_05259_,7.5µm
_06262_,7.5µm
_05801_,7.49µm
_00908_,7.48µm
_00982_,7.48µm
_06113_,7.48µm
_01157_,7.46µm
_02312_,7.46µm
_03236_,7.46µm
_03277_,7.46µm
_03661_,7.46µm
_05341_,7.46µm
_05475_,7.46µm
_05854_,7.46µm
_06707_,7.46µm
_00062_,7.44µm
_01404_,7.44µm
_01537_,7.44µm
_02244_,7.44µm
_02488_,7.44µm
_02510_,7.44µm
_02579_,7.44µm
_03039_,7.44µm
_03093_,7.44µm
_03401_,7.44µm
_03674_,7.44µm
_04059_,7.44µm
_04063_,7.44µm
_04478_,7.44µm
_05104_,7.44µm
_05159_,7.44µm
_06480_,7.44µm
_04735_,7.43µm
_01062_,7.42µm
_01635_,7.42µm
_01769_,7.42µm
_02171_,7.42µm
_02391_,7.42µm
_04082_,7.42µm
_05762_,7.42µm
_05768_,7.42µm
_05928_,7.42µm
_06268_,7.42µm
_05445_,7.415µm
_02623_,7.405µm
_00120_,7.4µm
_00786_,7.4µm
_01699_,7.4µm
_02306_,7.4µm
_02649_,7.4µm
_03602_,7.4µm
_04233_,7.4µm
_05430_,7.4µm
_01578_,7.38µm
_01155_,7.375µm
_00391_,7.36µm
_05088_,7.36µm
_06322_,7.36µm
_06383_,7.345µm
_02322_,7.34µm
_02415_,7.34µm
_02641_,7.34µm
_03598_,7.34µm
_04843_,7.34µm
_04918_,7.34µm
_05920_,7.34µm
_06058_,7.34µm
_00196_,7.32µm
_00385_,7.32µm
_00818_,7.32µm
_01074_,7.32µm
_01230_,7.32µm
_01601_,7.32µm
_02364_,7.32µm
_02497_,7.32µm
_03543_,7.32µm
_04322_,7.32µm
_04392_,7.32µm
_05271_,7.32µm
_05372_,7.32µm
_05902_,7.32µm
_06206_,7.32µm
_06473_,7.32µm
_06780_,7.32µm
_02020_,7.31µm
_00309_,7.305µm
_01012_,7.3µm
_01830_,7.3µm
_02937_,7.3µm
_03440_,7.3µm
_03491_,7.3µm
_06702_,7.3µm
_00065_,7.28µm
_00631_,7.28µm
_00667_,7.28µm
_00891_,7.28µm
_01449_,7.28µm
_02144_,7.28µm
_03521_,7.28µm
_03727_,7.28µm
_04886_,7.28µm
_05290_,7.28µm
_05406_,7.28µm
_06228_,7.28µm
_00680_,7.26µm
w00[1],7.25µm
_00478_,7.24µm
_00497_,7.24µm
_00519_,7.24µm
_02486_,7.24µm
_03126_,7.24µm
_05420_,7.24µm
_06356_,7.24µm
_06421_,7.24µm
_04053_,7.23µm
w32[2],7.23µm
w33[0],7.23µm
y1[4],7.23µm
_00020_,7.22µm
_01527_,7.22µm
_01682_,7.22µm
_02214_,7.22µm
_02780_,7.22µm
_02936_,7.22µm
_04135_,7.22µm
_04841_,7.22µm
_06055_,7.22µm
_06073_,7.22µm
_05782_,7.205µm
_00249_,7.2µm
_00280_,7.2µm
_00447_,7.2µm
_00641_,7.2µm
_01048_,7.2µm
_01143_,7.2µm
_01164_,7.2µm
_01183_,7.2µm
_01403_,7.2µm
_01457_,7.2µm
_02142_,7.2µm
_02354_,7.2µm
_02405_,7.2µm
_03253_,7.2µm
_03398_,7.2µm
_03481_,7.2µm
_03592_,7.2µm
_03633_,7.2µm
_03862_,7.2µm
_03893_,7.2µm
_04159_,7.2µm
_04255_,7.2µm
_04883_,7.2µm
_05096_,7.2µm
_05210_,7.2µm
_05496_,7.2µm
_05788_,7.2µm
_06277_,7.2µm
_06340_,7.2µm
_01871_,7.195µm
_00488_,7.18µm
_01248_,7.18µm
_01402_,7.18µm
_01918_,7.18µm
_03062_,7.18µm
_03614_,7.18µm
_03630_,7.18µm
_04190_,7.18µm
_04229_,7.18µm
_05595_,7.18µm
_06200_,7.18µm
_06338_,7.18µm
_00473_,7.16µm
_01146_,7.16µm
_01785_,7.16µm
_02105_,7.16µm
_04668_,7.16µm
_05873_,7.16µm
_00265_,7.14µm
_02316_,7.13µm
_00212_,7.12µm
_01542_,7.12µm
_01761_,7.12µm
_02692_,7.12µm
_03074_,7.12µm
_05438_,7.12µm
_00286_,7.1µm
_00289_,7.1µm
_00832_,7.1µm
_00888_,7.1µm
_01033_,7.1µm
_01317_,7.1µm
_01954_,7.1µm
_02310_,7.1µm
_02939_,7.1µm
_03249_,7.1µm
_03882_,7.1µm
_03952_,7.1µm
_04176_,7.1µm
_04186_,7.1µm
_04724_,7.1µm
_05019_,7.1µm
_05227_,7.1µm
_05605_,7.1µm
_05619_,7.1µm
_05683_,7.1µm
_06196_,7.1µm
_06325_,7.1µm
_06539_,7.1µm
_06586_,7.1µm
_06605_,7.1µm
_00421_,7.08µm
_01984_,7.08µm
_02173_,7.08µm
_02504_,7.08µm
_02748_,7.08µm
_03072_,7.08µm
_03560_,7.08µm
_03610_,7.08µm
_04826_,7.08µm
_05817_,7.08µm
_05851_,7.08µm
_06227_,7.08µm
_06487_,7.08µm
_06642_,7.08µm
_00951_,7.06µm
_01639_,7.06µm
_01640_,7.06µm
_01751_,7.06µm
_02222_,7.06µm
_02599_,7.06µm
_02892_,7.06µm
_03524_,7.06µm
_03944_,7.06µm
_04187_,7.06µm
_04244_,7.06µm
_04343_,7.06µm
_04441_,7.06µm
_04604_,7.06µm
_05365_,7.06µm
_05766_,7.06µm
_06416_,7.06µm
_06684_,7.06µm
_06759_,7.06µm
_06800_,7.06µm
net202,7.06µm
_00713_,7.04µm
_01534_,7.04µm
_05579_,7.04µm
_05587_,7.04µm
_00705_,7.01µm
_04840_,7.01µm
_01292_,7µm
_03142_,7µm
_03765_,7µm
_03940_,7µm
_05230_,7µm
_06655_,7µm
_00246_,6.98µm
_00296_,6.98µm
_00358_,6.98µm
_00422_,6.98µm
_01039_,6.98µm
_01238_,6.98µm
_01507_,6.98µm
_02030_,6.98µm
_02585_,6.98µm
_02838_,6.98µm
_02905_,6.98µm
_02982_,6.98µm
_03287_,6.98µm
_03302_,6.98µm
_03411_,6.98µm
_03569_,6.98µm
_03936_,6.98µm
_04275_,6.98µm
_04397_,6.98µm
_04490_,6.98µm
_04538_,6.98µm
_04636_,6.98µm
_05189_,6.98µm
_05494_,6.98µm
_06135_,6.98µm
_06211_,6.98µm
_06569_,6.98µm
_06620_,6.98µm
_00531_,6.96µm
_02311_,6.96µm
_02800_,6.96µm
_03037_,6.96µm
_04614_,6.96µm
_06109_,6.96µm
_06126_,6.96µm
_06573_,6.96µm
_05074_,6.955µm
_02435_,6.94µm
_04140_,6.94µm
_04328_,6.94µm
_05153_,6.94µm
_06584_,6.94µm
_06612_,6.91µm
w01[1],6.91µm
y0[5],6.89µm
_00862_,6.88µm
_02470_,6.88µm
_03246_,6.88µm
_04759_,6.88µm
_05131_,6.88µm
_00153_,6.86µm
_00453_,6.86µm
_00767_,6.86µm
_00919_,6.86µm
_01343_,6.86µm
_01529_,6.86µm
_01776_,6.86µm
_01882_,6.86µm
_01982_,6.86µm
_02094_,6.86µm
_02118_,6.86µm
_02403_,6.86µm
_03078_,6.86µm
_03156_,6.86µm
_03163_,6.86µm
_03178_,6.86µm
_03430_,6.86µm
_03467_,6.86µm
_04037_,6.86µm
_04342_,6.86µm
_04482_,6.86µm
_04499_,6.86µm
_04587_,6.86µm
_04963_,6.86µm
_05049_,6.86µm
_05109_,6.86µm
_05126_,6.86µm
_05405_,6.86µm
_05468_,6.86µm
_06568_,6.86µm
_06709_,6.86µm
net197,6.86µm
_00284_,6.84µm
_01479_,6.84µm
_04175_,6.84µm
_04856_,6.84µm
_05144_,6.84µm
_05310_,6.84µm
_05959_,6.84µm
_00493_,6.835µm
_02541_,6.825µm
_00266_,6.82µm
_00552_,6.82µm
_00764_,6.82µm
_00942_,6.82µm
_02400_,6.82µm
_04106_,6.82µm
_04561_,6.82µm
_05332_,6.82µm
_05585_,6.82µm
_06594_,6.82µm
_06596_,6.82µm
_04823_,6.81µm
_03021_,6.8µm
_00222_,6.79µm
_01029_,6.78µm
_02071_,6.78µm
_03165_,6.78µm
_03283_,6.78µm
_04474_,6.78µm
_04733_,6.78µm
_05965_,6.78µm
_06581_,6.78µm
w02[2],6.77µm
w03[5],6.77µm
x3[0],6.77µm
_00257_,6.76µm
_00898_,6.76µm
_00988_,6.76µm
_01483_,6.76µm
_01707_,6.76µm
_03349_,6.76µm
_03448_,6.76µm
_03555_,6.76µm
_04101_,6.76µm
_00250_,6.74µm
_00379_,6.74µm
_00442_,6.74µm
_00599_,6.74µm
_00629_,6.74µm
_01175_,6.74µm
_01246_,6.74µm
_01767_,6.74µm
_02112_,6.74µm
_02167_,6.74µm
_02662_,6.74µm
_03394_,6.74µm
_03437_,6.74µm
_03600_,6.74µm
_03649_,6.74µm
_04070_,6.74µm
_04207_,6.74µm
_04518_,6.74µm
_05075_,6.74µm
_05389_,6.74µm
_05439_,6.74µm
_05523_,6.74µm
_06255_,6.74µm
_06462_,6.74µm
_06765_,6.74µm
_06767_,6.74µm
_03507_,6.735µm
_00269_,6.72µm
_00388_,6.72µm
_01517_,6.72µm
_01590_,6.72µm
_01619_,6.72µm
_01677_,6.72µm
_01943_,6.72µm
_02548_,6.72µm
_02750_,6.72µm
_03175_,6.72µm
_03289_,6.72µm
_04788_,6.72µm
_04945_,6.72µm
_05374_,6.72µm
_05820_,6.72µm
_06346_,6.72µm
_06398_,6.72µm
_06665_,6.72µm
_06744_,6.72µm
_02518_,6.7µm
_02995_,6.7µm
_03501_,6.7µm
_03955_,6.7µm
_01708_,6.69µm
_03330_,6.68µm
_06588_,6.68µm
y0[4],6.67µm
y1[5],6.67µm
_02039_,6.66µm
_02479_,6.66µm
_04250_,6.66µm
_05240_,6.66µm
_05921_,6.66µm
_02663_,6.65µm
_00883_,6.64µm
_01561_,6.64µm
_01685_,6.64µm
_01806_,6.64µm
_02004_,6.64µm
_02185_,6.64µm
_02197_,6.64µm
_02339_,6.64µm
_02522_,6.64µm
_02600_,6.64µm
_02972_,6.64µm
_03742_,6.64µm
_04200_,6.64µm
_04511_,6.64µm
_05061_,6.64µm
_05731_,6.64µm
_06467_,6.64µm
_06675_,6.64µm
_06689_,6.64µm
_02922_,6.63µm
_04261_,6.625µm
_00086_,6.62µm
_01091_,6.62µm
_01481_,6.62µm
_02614_,6.62µm
_02640_,6.62µm
_02708_,6.62µm
_03063_,6.62µm
_03822_,6.62µm
_04113_,6.62µm
_04990_,6.62µm
_05617_,6.62µm
_06089_,6.62µm
_06254_,6.62µm
_03916_,6.615µm
_00115_,6.6µm
_00417_,6.6µm
_00512_,6.6µm
_00576_,6.6µm
_00814_,6.6µm
_00917_,6.6µm
_00943_,6.6µm
_01985_,6.6µm
_02220_,6.6µm
_02578_,6.6µm
_02621_,6.6µm
_02801_,6.6µm
_02925_,6.6µm
_03051_,6.6µm
_03814_,6.6µm
_04534_,6.6µm
_04658_,6.6µm
_05448_,6.6µm
_06352_,6.6µm
_06563_,6.6µm
_01930_,6.59µm
_00810_,6.58µm
_06585_,6.58µm
w00[0],6.57µm
w02[0],6.55µm
w30[2],6.55µm
w32[0],6.55µm
x3[2],6.55µm
_04110_,6.545µm
_00879_,6.54µm
_01568_,6.54µm
_01925_,6.54µm
_00546_,6.53µm
_01631_,6.52µm
_01788_,6.52µm
_02551_,6.52µm
_02639_,6.52µm
_03337_,6.52µm
_03414_,6.52µm
_04184_,6.52µm
_04196_,6.52µm
_04292_,6.52µm
_04567_,6.52µm
_04712_,6.52µm
_05258_,6.52µm
_05337_,6.52µm
_05522_,6.52µm
_05685_,6.52µm
_06651_,6.52µm
_06106_,6.515µm
_00465_,6.5µm
_00467_,6.5µm
_03032_,6.5µm
_03257_,6.5µm
_03551_,6.5µm
_04290_,6.5µm
_04815_,6.5µm
_05500_,6.49µm
_01061_,6.48µm
_01116_,6.48µm
_01470_,6.48µm
_01815_,6.48µm
_02343_,6.48µm
_04550_,6.48µm
_05981_,6.48µm
_06204_,6.48µm
_06531_,6.48µm
_06632_,6.48µm
_00022_,6.445µm
_01535_,6.44µm
_06379_,6.44µm
w31[1],6.43µm
_00584_,6.42µm
_01924_,6.42µm
_03865_,6.42µm
_00322_,6.4µm
_01032_,6.4µm
_01036_,6.4µm
_01875_,6.4µm
_01896_,6.4µm
_02031_,6.4µm
_02944_,6.4µm
_03262_,6.4µm
_03400_,6.4µm
_03750_,6.4µm
_03787_,6.4µm
_04065_,6.4µm
_04260_,6.4µm
_04809_,6.4µm
_04928_,6.4µm
_04943_,6.4µm
_04994_,6.4µm
_05005_,6.4µm
_05136_,6.4µm
_05338_,6.4µm
_05900_,6.4µm
_06650_,6.4µm
_02068_,6.38µm
_02432_,6.38µm
_03102_,6.38µm
_03241_,6.38µm
_00564_,6.36µm
_04916_,6.36µm
_05291_,6.36µm
_06784_,6.36µm
_05031_,6.35µm
_05916_,6.33µm
y0[12],6.33µm
_02048_,6.32µm
_02289_,6.32µm
_02957_,6.32µm
_03450_,6.32µm
_03938_,6.32µm
_04638_,6.32µm
_05975_,6.32µm
_06090_,6.32µm
_06243_,6.32µm
_06267_,6.32µm
_06521_,6.32µm
_06609_,6.32µm
_05775_,6.31µm
w00[4],6.31µm
w02[6],6.31µm
w33[7],6.31µm
x0[5],6.31µm
_00028_,6.3µm
_00041_,6.3µm
_00559_,6.3µm
_01126_,6.3µm
_01525_,6.3µm
_01653_,6.3µm
_02350_,6.3µm
_03737_,6.3µm
_05486_,6.3µm
_05905_,6.3µm
_06173_,6.3µm
_06276_,6.3µm
_06476_,6.3µm
_06606_,6.3µm
_06611_,6.3µm
_05036_,6.29µm
_00242_,6.28µm
_00506_,6.28µm
_00513_,6.28µm
_00587_,6.28µm
_00590_,6.28µm
_01302_,6.28µm
_01592_,6.28µm
_02388_,6.28µm
_02398_,6.28µm
_03130_,6.28µm
_03463_,6.28µm
_03819_,6.28µm
_03979_,6.28µm
_04213_,6.28µm
_05260_,6.28µm
_05515_,6.28µm
_05635_,6.28µm
_05647_,6.28µm
_05897_,6.28µm
_06690_,6.28µm
_00055_,6.26µm
_00650_,6.26µm
_00677_,6.26µm
_02045_,6.26µm
_02285_,6.26µm
_02592_,6.26µm
_02723_,6.26µm
_03387_,6.26µm
_03972_,6.26µm
_04337_,6.26µm
_04488_,6.26µm
_04507_,6.26µm
_04536_,6.26µm
_05233_,6.26µm
_05692_,6.26µm
_05860_,6.26µm
_05982_,6.26µm
_06497_,6.26µm
_06600_,6.26µm
_06719_,6.26µm
net195,6.26µm
_05602_,6.24µm
w03[2],6.23µm
y0[10],6.21µm
y1[0],6.21µm
y2[3],6.21µm
y2[4],6.21µm
_00846_,6.2µm
_00899_,6.2µm
_01415_,6.2µm
_02083_,6.2µm
_02330_,6.2µm
_02764_,6.2µm
_02766_,6.2µm
_02977_,6.2µm
_02978_,6.2µm
_03153_,6.2µm
_04026_,6.2µm
_04240_,6.2µm
_05813_,6.2µm
_05834_,6.2µm
_02196_,6.185µm
_00425_,6.18µm
_00902_,6.18µm
_00931_,6.18µm
_00933_,6.18µm
_00958_,6.18µm
_01528_,6.18µm
_01957_,6.18µm
_01987_,6.18µm
_02145_,6.18µm
_02205_,6.18µm
_02231_,6.18µm
_02353_,6.18µm
_02943_,6.18µm
_03537_,6.18µm
_03582_,6.18µm
_03980_,6.18µm
_04062_,6.18µm
_04202_,6.18µm
_04336_,6.18µm
_04356_,6.18µm
_04466_,6.18µm
_04597_,6.18µm
_04767_,6.18µm
_05116_,6.18µm
_05383_,6.18µm
_05400_,6.18µm
_05716_,6.18µm
_05774_,6.18µm
_06241_,6.18µm
net223,6.18µm
_00096_,6.16µm
_00440_,6.16µm
_00496_,6.16µm
_02137_,6.16µm
_02567_,6.16µm
_03628_,6.16µm
_03922_,6.16µm
_04272_,6.16µm
_04784_,6.16µm
_05423_,6.16µm
_05712_,6.16µm
_00314_,6.14µm
_01145_,6.14µm
_01229_,6.14µm
_01371_,6.14µm
_01421_,6.14µm
_01513_,6.14µm
_01934_,6.14µm
_02053_,6.14µm
_02517_,6.14µm
_02858_,6.14µm
_03103_,6.14µm
_03150_,6.14µm
_03469_,6.14µm
_03978_,6.14µm
_03984_,6.14µm
_04904_,6.14µm
_05344_,6.14µm
_05811_,6.14µm
_05967_,6.14µm
_06044_,6.14µm
net189,6.14µm
net225,6.14µm
_02813_,6.12µm
_03554_,6.12µm
_04875_,6.12µm
_00368_,6.11µm
_06002_,6.11µm
_03913_,6.09µm
w30[7],6.09µm
w32[7],6.09µm
x0[2],6.09µm
x3[6],6.09µm
_00716_,6.08µm
_01139_,6.08µm
_01196_,6.08µm
_01598_,6.08µm
_02184_,6.08µm
_03906_,6.08µm
_05246_,6.08µm
_00009_,6.06µm
_00382_,6.06µm
_00816_,6.06µm
_01428_,6.06µm
_01777_,6.06µm
_01953_,6.06µm
_02229_,6.06µm
_02256_,6.06µm
_02545_,6.06µm
_02645_,6.06µm
_03161_,6.06µm
_03282_,6.06µm
_04206_,6.06µm
_04335_,6.06µm
_04521_,6.06µm
_04548_,6.06µm
_04575_,6.06µm
_05215_,6.06µm
_05446_,6.06µm
_05972_,6.06µm
_06454_,6.06µm
_06666_,6.06µm
_01063_,6.04µm
_03586_,6.035µm
_00321_,6.02µm
_00876_,6.02µm
_00877_,6.02µm
_01152_,6.02µm
_01746_,6.02µm
_02086_,6.02µm
_04829_,6.02µm
_04833_,6.02µm
_03418_,6.01µm
_06171_,6.01µm
_02509_,5.99µm
y2[2],5.99µm
_04516_,5.98µm
w00[7],5.97µm
w30[4],5.97µm
_00006_,5.96µm
_03734_,5.96µm
_04938_,5.945µm
_00098_,5.94µm
_00302_,5.94µm
_01305_,5.94µm
_01555_,5.94µm
_02108_,5.94µm
_02251_,5.94µm
_02375_,5.94µm
_02410_,5.94µm
_02611_,5.94µm
_02984_,5.94µm
_03023_,5.94µm
_03704_,5.94µm
_04235_,5.94µm
_05681_,5.94µm
_04709_,5.935µm
_00025_,5.92µm
_00085_,5.92µm
_00538_,5.92µm
_02119_,5.92µm
_02221_,5.92µm
_03297_,5.92µm
_04071_,5.92µm
_05120_,5.92µm
_05772_,5.92µm
_03779_,5.905µm
_03899_,5.9µm
_04387_,5.9µm
_05282_,5.9µm
_06191_,5.9µm
_02729_,5.88µm
_05734_,5.88µm
w01[0],5.87µm
w02[1],5.87µm
w03[0],5.87µm
w03[3],5.87µm
x0[0],5.87µm
_00892_,5.86µm
_00993_,5.86µm
_02245_,5.86µm
_02385_,5.86µm
_04145_,5.86µm
_04227_,5.86µm
_04646_,5.86µm
_05675_,5.86µm
_00392_,5.84µm
_00527_,5.84µm
_00689_,5.84µm
_00992_,5.84µm
_01118_,5.84µm
_01566_,5.84µm
_01580_,5.84µm
_01809_,5.84µm
_01916_,5.84µm
_02345_,5.84µm
_02742_,5.84µm
_02804_,5.84µm
_02834_,5.84µm
_03396_,5.84µm
_03615_,5.84µm
_03801_,5.84µm
_03842_,5.84µm
_04102_,5.84µm
_04254_,5.84µm
_04338_,5.84µm
_04363_,5.84µm
_04520_,5.84µm
_04660_,5.84µm
_04665_,5.84µm
_04808_,5.84µm
_05175_,5.84µm
_05364_,5.84µm
_05517_,5.84µm
_05696_,5.84µm
_05891_,5.84µm
_06264_,5.84µm
_06349_,5.84µm
_06116_,5.825µm
_00198_,5.82µm
_00251_,5.82µm
_00356_,5.82µm
_00439_,5.82µm
_00651_,5.82µm
_01377_,5.82µm
_01597_,5.82µm
_02670_,5.82µm
_02707_,5.82µm
_03115_,5.82µm
_03492_,5.82µm
_03950_,5.82µm
_04068_,5.82µm
_04133_,5.82µm
_04314_,5.82µm
_05563_,5.82µm
_05737_,5.82µm
_06077_,5.82µm
_06329_,5.82µm
_06452_,5.82µm
_03875_,5.815µm
_00617_,5.8µm
_00624_,5.8µm
_00748_,5.8µm
_00864_,5.8µm
_00944_,5.8µm
_01234_,5.8µm
_02429_,5.8µm
_02710_,5.8µm
_02744_,5.8µm
_03499_,5.8µm
_04547_,5.8µm
_05786_,5.8µm
_06102_,5.8µm
_06224_,5.8µm
net186,5.8µm
_00418_,5.78µm
_03071_,5.78µm
_00193_,5.745µm
_06618_,5.745µm
_00285_,5.74µm
_00591_,5.74µm
_00807_,5.74µm
_01450_,5.74µm
_01645_,5.74µm
_02073_,5.74µm
_02795_,5.74µm
_03866_,5.74µm
_04794_,5.74µm
_04942_,5.74µm
_04950_,5.74µm
_05111_,5.74µm
_05161_,5.74µm
_00306_,5.72µm
_00468_,5.72µm
_00547_,5.72µm
_00575_,5.72µm
_00666_,5.72µm
_01650_,5.72µm
_01956_,5.72µm
_01979_,5.72µm
_02131_,5.72µm
_02136_,5.72µm
_02436_,5.72µm
_02540_,5.72µm
_02714_,5.72µm
_02826_,5.72µm
_03065_,5.72µm
_03086_,5.72µm
_03482_,5.72µm
_03577_,5.72µm
_03660_,5.72µm
_03907_,5.72µm
_04353_,5.72µm
_05117_,5.72µm
_05298_,5.72µm
_05976_,5.72µm
_06064_,5.72µm
_06117_,5.72µm
_06296_,5.72µm
_06377_,5.72µm
_06434_,5.72µm
_06503_,5.72µm
_06745_,5.72µm
_05800_,5.71µm
_00268_,5.7µm
_00573_,5.7µm
_01170_,5.7µm
_01289_,5.7µm
_01429_,5.7µm
_01742_,5.7µm
_01949_,5.7µm
_02203_,5.7µm
_03790_,5.7µm
_03939_,5.7µm
_03975_,5.7µm
_04525_,5.7µm
_05693_,5.7µm
_06664_,5.7µm
_00699_,5.695µm
_00355_,5.68µm
_00441_,5.68µm
_01113_,5.68µm
_02148_,5.68µm
_02377_,5.68µm
_02901_,5.68µm
_03813_,5.68µm
_03931_,5.68µm
_04164_,5.68µm
_04480_,5.68µm
_04535_,5.68µm
_04704_,5.68µm
_05051_,5.68µm
_06362_,5.68µm
_06792_,5.68µm
_01395_,5.66µm
y0[3],5.65µm
y3[12],5.65µm
w00[2],5.63µm
_01540_,5.62µm
_03782_,5.62µm
_05608_,5.62µm
_05684_,5.62µm
_06427_,5.62µm
_06429_,5.605µm
_00227_,5.6µm
_00821_,5.6µm
_01235_,5.6µm
_01369_,5.6µm
_01752_,5.6µm
_01826_,5.6µm
_01829_,5.6µm
_02135_,5.6µm
_02588_,5.6µm
_02617_,5.6µm
_03616_,5.6µm
_03757_,5.6µm
_03829_,5.6µm
_03918_,5.6µm
_04049_,5.6µm
_04092_,5.6µm
_04307_,5.6µm
_04325_,5.6µm
_04383_,5.6µm
_04402_,5.6µm
_04595_,5.6µm
_04839_,5.6µm
_04893_,5.6µm
_05804_,5.6µm
_05856_,5.6µm
_05931_,5.6µm
_06186_,5.6µm
_06273_,5.6µm
_06369_,5.6µm
_06786_,5.6µm
_00175_,5.58µm
_03461_,5.58µm
_03597_,5.58µm
_03640_,5.58µm
_05185_,5.58µm
_05250_,5.58µm
_03804_,5.575µm
_00364_,5.56µm
_00402_,5.56µm
_00483_,5.56µm
_04332_,5.56µm
y0[11],5.53µm
y0[8],5.53µm
y2[5],5.53µm
y3[2],5.53µm
y3[4],5.53µm
y3[7],5.53µm
y3[9],5.53µm
_00642_,5.52µm
_03459_,5.52µm
_05925_,5.52µm
_06748_,5.52µm
_06118_,5.515µm
_01425_,5.5µm
_01760_,5.5µm
_02314_,5.5µm
_03127_,5.5µm
_04503_,5.5µm
_04750_,5.5µm
_05296_,5.5µm
_06202_,5.5µm
_05773_,5.485µm
_00166_,5.48µm
_00492_,5.48µm
_00721_,5.48µm
_01242_,5.48µm
_01265_,5.48µm
_01678_,5.48µm
_01808_,5.48µm
_01940_,5.48µm
_02064_,5.48µm
_02292_,5.48µm
_02406_,5.48µm
_02498_,5.48µm
_02535_,5.48µm
_02544_,5.48µm
_03099_,5.48µm
_03476_,5.48µm
_04115_,5.48µm
_05336_,5.48µm
_05410_,5.48µm
_05491_,5.48µm
_05529_,5.48µm
_05721_,5.48µm
_05836_,5.48µm
_05962_,5.48µm
_06067_,5.48µm
_06583_,5.48µm
_06681_,5.48µm
_00372_,5.46µm
_01966_,5.46µm
_02703_,5.46µm
_03248_,5.46µm
_03485_,5.46µm
_03608_,5.46µm
_04125_,5.46µm
_02138_,5.44µm
_06491_,5.44µm
w00[5],5.41µm
w00[6],5.41µm
w01[2],5.41µm
w03[4],5.41µm
w10[7],5.41µm
w32[6],5.41µm
w33[2],5.41µm
x3[1],5.41µm
_00052_,5.4µm
_00234_,5.4µm
_00495_,5.4µm
_01628_,5.4µm
_01970_,5.4µm
_02090_,5.4µm
_02275_,5.4µm
_03131_,5.4µm
_03981_,5.4µm
_04656_,5.4µm
_04822_,5.4µm
_06108_,5.4µm
_02113_,5.38µm
_02469_,5.38µm
_02478_,5.38µm
_02661_,5.38µm
_02669_,5.38µm
_02965_,5.38µm
_03523_,5.38µm
_04060_,5.38µm
_04944_,5.38µm
_06028_,5.38µm
_06343_,5.38µm
_06756_,5.38µm
net162,5.38µm
net176,5.38µm
net187,5.38µm
net191,5.38µm
_06785_,5.37µm
_00223_,5.36µm
_00566_,5.36µm
_00595_,5.36µm
_00758_,5.36µm
_01446_,5.36µm
_01906_,5.36µm
_02116_,5.36µm
_02194_,5.36µm
_02271_,5.36µm
_02651_,5.36µm
_02900_,5.36µm
_02974_,5.36µm
_03471_,5.36µm
_03591_,5.36µm
_05046_,5.36µm
_05278_,5.36µm
_05340_,5.36µm
_05578_,5.36µm
_05682_,5.36µm
_05968_,5.36µm
_06203_,5.36µm
_06265_,5.36µm
_01553_,5.355µm
_00253_,5.34µm
_00300_,5.34µm
_00618_,5.34µm
_00836_,5.34µm
_01086_,5.34µm
_01202_,5.34µm
_01536_,5.34µm
_02383_,5.34µm
_02656_,5.34µm
_02684_,5.34µm
_04219_,5.34µm
_04435_,5.34µm
_04456_,5.34µm
_04553_,5.34µm
_04701_,5.34µm
_05057_,5.34µm
_05857_,5.34µm
_05980_,5.34µm
_06332_,5.34µm
y0[0],5.31µm
y0[7],5.31µm
y1[1],5.31µm
y3[11],5.31µm
_03263_,5.29µm
w00[3],5.29µm
w33[6],5.29µm
x0[4],5.29µm
_05269_,5.285µm
_00288_,5.28µm
_00563_,5.28µm
_00653_,5.28µm
_01463_,5.28µm
_01689_,5.28µm
_01736_,5.28µm
_02446_,5.28µm
_02625_,5.28µm
_04066_,5.28µm
_04269_,5.28µm
_04593_,5.28µm
_04605_,5.28µm
_05408_,5.28µm
_00105_,5.26µm
_00360_,5.26µm
_00594_,5.26µm
_00711_,5.26µm
_00766_,5.26µm
_00840_,5.26µm
_00843_,5.26µm
_01002_,5.26µm
_01923_,5.26µm
_02014_,5.26µm
_02051_,5.26µm
_02281_,5.26µm
_02918_,5.26µm
_03193_,5.26µm
_03200_,5.26µm
_03222_,5.26µm
_04055_,5.26µm
_04064_,5.26µm
_04319_,5.26µm
_04415_,5.26µm
_04653_,5.26µm
_04783_,5.26µm
_04951_,5.26µm
_05115_,5.26µm
_05799_,5.26µm
_06097_,5.26µm
_06141_,5.26µm
_06312_,5.26µm
_06477_,5.26µm
_06660_,5.26µm
_06680_,5.26µm
_00480_,5.24µm
_03211_,5.24µm
_03260_,5.24µm
_03824_,5.24µm
_03832_,5.24µm
_04584_,5.24µm
_04676_,5.24µm
_05342_,5.24µm
_05673_,5.24µm
_06071_,5.24µm
_06132_,5.24µm
_00218_,5.22µm
_00273_,5.22µm
_00369_,5.22µm
_00390_,5.22µm
_00511_,5.22µm
_00732_,5.22µm
_01249_,5.22µm
_01282_,5.22µm
_01386_,5.22µm
_01709_,5.22µm
_01712_,5.22µm
_02664_,5.22µm
_03564_,5.22µm
_04620_,5.22µm
_05346_,5.22µm
_05818_,5.22µm
_05932_,5.22µm
_06311_,5.22µm
_06515_,5.22µm
_06712_,5.22µm
_06729_,5.22µm
net138,5.22µm
y2[6],5.19µm
y3[6],5.19µm
_00208_,5.16µm
_00945_,5.16µm
_01124_,5.16µm
_02332_,5.16µm
_02756_,5.16µm
_03154_,5.16µm
_03270_,5.16µm
_03843_,5.16µm
_04074_,5.16µm
_00252_,5.14µm
_00489_,5.14µm
_00593_,5.14µm
_00647_,5.14µm
_01017_,5.14µm
_01127_,5.14µm
_01345_,5.14µm
_01375_,5.14µm
_01411_,5.14µm
_01684_,5.14µm
_01903_,5.14µm
_01914_,5.14µm
_01928_,5.14µm
_02050_,5.14µm
_02223_,5.14µm
_03210_,5.14µm
_03495_,5.14µm
_04432_,5.14µm
_04450_,5.14µm
_04721_,5.14µm
_04896_,5.14µm
_04980_,5.14µm
_05277_,5.14µm
_05284_,5.14µm
_05919_,5.14µm
_06149_,5.14µm
net721,5.14µm
_06047_,5.135µm
_06112_,5.135µm
_03377_,5.12µm
_04077_,5.12µm
_04300_,5.12µm
_05958_,5.12µm
_00070_,5.1µm
_02539_,5.1µm
_02553_,5.1µm
_00241_,5.07µm
_06025_,5.07µm
w02[5],5.07µm
w02[7],5.07µm
w30[5],5.07µm
w33[1],5.07µm
w33[4],5.07µm
_01675_,5.06µm
_04747_,5.06µm
_05267_,5.06µm
_06177_,5.06µm
_00007_,5.04µm
_00158_,5.04µm
_01589_,5.04µm
_02420_,5.04µm
_03325_,5.04µm
_04613_,5.04µm
_00067_,5.02µm
_00338_,5.02µm
_00348_,5.02µm
_00365_,5.02µm
_00777_,5.02µm
_01053_,5.02µm
_01336_,5.02µm
_01458_,5.02µm
_01544_,5.02µm
_01889_,5.02µm
_01899_,5.02µm
_02529_,5.02µm
_02658_,5.02µm
_02926_,5.02µm
_03120_,5.02µm
_03549_,5.02µm
_03657_,5.02µm
_03762_,5.02µm
_03932_,5.02µm
_04038_,5.02µm
_04040_,5.02µm
_04256_,5.02µm
_04340_,5.02µm
_04409_,5.02µm
_04751_,5.02µm
_04802_,5.02µm
_05228_,5.02µm
_05624_,5.02µm
_05812_,5.02µm
_05830_,5.02µm
_06598_,5.02µm
_06717_,5.02µm
_00565_,5µm
_00849_,5µm
_01859_,5µm
_01939_,5µm
_02632_,5µm
_03646_,5µm
_03949_,5µm
_04494_,5µm
_04551_,5µm
_04782_,5µm
_06366_,5µm
_06435_,4.95µm
w30[3],4.95µm
w33[5],4.95µm
x0[3],4.95µm
x3[4],4.95µm
x3[5],4.95µm
_00167_,4.94µm
_00459_,4.94µm
_00774_,4.94µm
_00938_,4.94µm
_01315_,4.94µm
_01739_,4.94µm
_01766_,4.94µm
_02434_,4.94µm
_02867_,4.94µm
_03015_,4.94µm
_03403_,4.94µm
_03723_,4.94µm
_04129_,4.94µm
_04909_,4.94µm
_05218_,4.94µm
_05444_,4.94µm
_05459_,4.94µm
_05620_,4.94µm
_05957_,4.94µm
_05978_,4.94µm
_06478_,4.94µm
_00183_,4.92µm
_00334_,4.92µm
_00607_,4.92µm
_00936_,4.92µm
_00941_,4.92µm
_00965_,4.92µm
_01013_,4.92µm
_01057_,4.92µm
_01104_,4.92µm
_01472_,4.92µm
_01717_,4.92µm
_01933_,4.92µm
_02170_,4.92µm
_03008_,4.92µm
_03919_,4.92µm
_04095_,4.92µm
_04400_,4.92µm
_05081_,4.92µm
_05239_,4.92µm
_05847_,4.92µm
_06373_,4.92µm
_06460_,4.92µm
_06802_,4.92µm
net181,4.92µm
_06210_,4.91µm
_00077_,4.9µm
_00469_,4.9µm
_00616_,4.9µm
_01199_,4.9µm
_01247_,4.9µm
_01792_,4.9µm
_01910_,4.9µm
_02561_,4.9µm
_02968_,4.9µm
_03468_,4.9µm
_04131_,4.9µm
_05148_,4.9µm
_05241_,4.9µm
_05307_,4.9µm
_05835_,4.9µm
_06048_,4.9µm
_06158_,4.9µm
_06197_,4.9µm
_01626_,4.885µm
_00370_,4.88µm
_00432_,4.88µm
_00484_,4.88µm
_00727_,4.88µm
_01041_,4.88µm
_01514_,4.88µm
_01586_,4.88µm
_01706_,4.88µm
_02088_,4.88µm
_02252_,4.88µm
_02392_,4.88µm
_02558_,4.88µm
_02848_,4.88µm
_03264_,4.88µm
_03655_,4.88µm
_03805_,4.88µm
_03856_,4.88µm
_04109_,4.88µm
_04714_,4.88µm
_05261_,4.88µm
_05955_,4.88µm
_06271_,4.88µm
_06395_,4.88µm
_06627_,4.88µm
_06637_,4.88µm
_06722_,4.88µm
_06788_,4.88µm
net192,4.88µm
_03441_,4.855µm
_01009_,4.85µm
_05990_,4.85µm
w30[0],4.85µm
w31[0],4.85µm
y0[1],4.85µm
y1[2],4.85µm
y1[3],4.85µm
y2[0],4.85µm
y2[1],4.85µm
y3[0],4.85µm
y3[1],4.85µm
y3[3],4.85µm
y3[5],4.85µm
y3[8],4.85µm
_01014_,4.845µm
_01087_,4.84µm
_02126_,4.83µm
_04728_,4.825µm
_00233_,4.82µm
_01020_,4.82µm
_01460_,4.82µm
_02465_,4.82µm
_04192_,4.82µm
_04208_,4.82µm
_04512_,4.82µm
_04622_,4.82µm
_05164_,4.82µm
_05274_,4.82µm
_06374_,4.82µm
_06518_,4.82µm
_03786_,4.81µm
_01664_,4.805µm
_00060_,4.8µm
_00113_,4.8µm
_00281_,4.8µm
_00706_,4.8µm
_00769_,4.8µm
_00841_,4.8µm
_00916_,4.8µm
_00997_,4.8µm
_01045_,4.8µm
_01128_,4.8µm
_01206_,4.8µm
_01215_,4.8µm
_01281_,4.8µm
_01306_,4.8µm
_01557_,4.8µm
_01803_,4.8µm
_01961_,4.8µm
_01969_,4.8µm
_02097_,4.8µm
_02267_,4.8µm
_02323_,4.8µm
_02382_,4.8µm
_02482_,4.8µm
_02732_,4.8µm
_02791_,4.8µm
_02931_,4.8µm
_03228_,4.8µm
_03395_,4.8µm
_03578_,4.8µm
_03754_,4.8µm
_03883_,4.8µm
_03956_,4.8µm
_04134_,4.8µm
_04423_,4.8µm
_04463_,4.8µm
_04805_,4.8µm
_04813_,4.8µm
_05236_,4.8µm
_05874_,4.8µm
_05886_,4.8µm
_05926_,4.8µm
_06065_,4.8µm
_06225_,4.8µm
_06269_,4.8µm
_06301_,4.8µm
_06345_,4.8µm
_06508_,4.8µm
_06510_,4.8µm
_06523_,4.8µm
_06777_,4.8µm
_06794_,4.8µm
_00397_,4.78µm
_00626_,4.78µm
_02933_,4.78µm
_03293_,4.78µm
_06595_,4.78µm
_00161_,4.76µm
_00479_,4.76µm
_00491_,4.76µm
_00535_,4.76µm
_00964_,4.76µm
_01068_,4.76µm
_01253_,4.76µm
_01577_,4.76µm
_01729_,4.76µm
_02233_,4.76µm
_03118_,4.76µm
_03963_,4.76µm
_04417_,4.76µm
_04427_,4.76µm
_05355_,4.76µm
_05652_,4.76µm
_05707_,4.76µm
_05719_,4.76µm
_05720_,4.76µm
_05852_,4.76µm
_05895_,4.76µm
_06451_,4.76µm
net165,4.76µm
net205,4.76µm
net226,4.76µm
w02[3],4.73µm
x0[7],4.73µm
_01594_,4.7µm
_01904_,4.7µm
_01908_,4.7µm
_02439_,4.7µm
_02888_,4.7µm
_03438_,4.7µm
_03766_,4.7µm
_04707_,4.7µm
_04798_,4.7µm
_05122_,4.7µm
_06544_,4.7µm
_01606_,4.69µm
_03851_,4.685µm
_04763_,4.685µm
_05710_,4.685µm
_06056_,4.685µm
_00164_,4.68µm
_00963_,4.68µm
_01050_,4.68µm
_01651_,4.68µm
_01812_,4.68µm
_02019_,4.68µm
_02133_,4.68µm
_02193_,4.68µm
_02247_,4.68µm
_02349_,4.68µm
_02601_,4.68µm
_03243_,4.68µm
_03839_,4.68µm
_04088_,4.68µm
_04284_,4.68µm
_04371_,4.68µm
_04404_,4.68µm
_04422_,4.68µm
_04635_,4.68µm
_04836_,4.68µm
_05035_,4.68µm
_05146_,4.68µm
_05345_,4.68µm
_05933_,4.68µm
_06096_,4.68µm
_06190_,4.68µm
_06232_,4.68µm
_06350_,4.68µm
_06704_,4.68µm
_01585_,4.66µm
_02530_,4.66µm
_03016_,4.66µm
_06448_,4.655µm
_00381_,4.61µm
w03[6],4.61µm
w03[7],4.61µm
w30[6],4.61µm
x0[6],4.61µm
_00765_,4.6µm
_00904_,4.6µm
_02565_,4.6µm
_03406_,4.6µm
_04166_,4.6µm
_01948_,4.58µm
_02325_,4.58µm
_02741_,4.58µm
_04416_,4.58µm
_00185_,4.56µm
_00582_,4.56µm
_01117_,4.56µm
_01558_,4.56µm
_01701_,4.56µm
_02418_,4.56µm
_03205_,4.56µm
_03269_,4.56µm
_03306_,4.56µm
_03800_,4.56µm
_03912_,4.56µm
_04375_,4.56µm
_04532_,4.56µm
_04684_,4.56µm
_05853_,4.56µm
_05954_,4.56µm
_06236_,4.56µm
_06272_,4.56µm
_06676_,4.56µm
_06728_,4.56µm
_06815_,4.56µm
_00118_,4.54µm
_00857_,4.54µm
_01620_,4.54µm
_02062_,4.54µm
_02594_,4.54µm
_02638_,4.54µm
_05711_,4.54µm
_05767_,4.54µm
_06246_,4.54µm
_03473_,4.515µm
_00040_,4.48µm
_00454_,4.48µm
_00668_,4.48µm
_00778_,4.48µm
_00975_,4.48µm
_01405_,4.48µm
_01546_,4.48µm
_02366_,4.48µm
_02421_,4.48µm
_02489_,4.48µm
_02733_,4.48µm
_02961_,4.48µm
_03357_,4.48µm
_03561_,4.48µm
_03728_,4.48µm
_03968_,4.48µm
_04215_,4.48µm
_04624_,4.48µm
_04674_,4.48µm
_04992_,4.48µm
_05107_,4.48µm
_05404_,4.48µm
_05875_,4.48µm
_06100_,4.48µm
_06580_,4.48µm
_00021_,4.46µm
_00615_,4.46µm
_00868_,4.46µm
_01290_,4.46µm
_01293_,4.46µm
_01442_,4.46µm
_02042_,4.46µm
_02179_,4.46µm
_02491_,4.46µm
_02595_,4.46µm
_02626_,4.46µm
_02633_,4.46µm
_02904_,4.46µm
_02973_,4.46µm
_03067_,4.46µm
_03217_,4.46µm
_03278_,4.46µm
_03380_,4.46µm
_03458_,4.46µm
_04178_,4.46µm
_04230_,4.46µm
_04396_,4.46µm
_04637_,4.46µm
_04738_,4.46µm
_05255_,4.46µm
_05266_,4.46µm
_05474_,4.46µm
_05513_,4.46µm
_05524_,4.46µm
_05601_,4.46µm
_05627_,4.46µm
_05668_,4.46µm
_05703_,4.46µm
_05759_,4.46µm
_05763_,4.46µm
_06038_,4.46µm
_06053_,4.46µm
_06217_,4.46µm
_06527_,4.46µm
_06754_,4.46µm
_01915_,4.445µm
_00214_,4.44µm
_00501_,4.44µm
_01241_,4.44µm
_02208_,4.44µm
_02287_,4.44µm
_02378_,4.44µm
_03254_,4.44µm
_04203_,4.44µm
_04268_,4.44µm
_05327_,4.44µm
_05499_,4.44µm
_05590_,4.44µm
_06287_,4.44µm
_06493_,4.44µm
_00409_,4.42µm
_00536_,4.42µm
_00589_,4.42µm
_01562_,4.42µm
_02121_,4.42µm
_02781_,4.42µm
_03090_,4.42µm
_03656_,4.42µm
_03847_,4.42µm
_04234_,4.42µm
_04245_,4.42µm
_06274_,4.42µm
_06488_,4.42µm
_00619_,4.39µm
w32[1],4.39µm
w33[3],4.39µm
_02746_,4.36µm
_03371_,4.36µm
_03547_,4.36µm
_03903_,4.36µm
_04100_,4.36µm
_04936_,4.36µm
_05232_,4.36µm
_05632_,4.36µm
_06235_,4.36µm
_06317_,4.36µm
net199,4.36µm
_00099_,4.34µm
_00759_,4.34µm
_00791_,4.34µm
_01024_,4.34µm
_01065_,4.34µm
_01613_,4.34µm
_02074_,4.34µm
_02209_,4.34µm
_02927_,4.34µm
_02954_,4.34µm
_02986_,4.34µm
_03149_,4.34µm
_03209_,4.34µm
_03388_,4.34µm
_03488_,4.34µm
_03945_,4.34µm
_03946_,4.34µm
_03974_,4.34µm
_03986_,4.34µm
_04194_,4.34µm
_04367_,4.34µm
_04443_,4.34µm
_04471_,4.34µm
_04680_,4.34µm
_04702_,4.34µm
_04917_,4.34µm
_04995_,4.34µm
_05010_,4.34µm
_05064_,4.34µm
_05156_,4.34µm
_05245_,4.34µm
_05520_,4.34µm
_05581_,4.34µm
_05669_,4.34µm
_05687_,4.34µm
_05697_,4.34µm
_05757_,4.34µm
_05943_,4.34µm
_06005_,4.34µm
_06139_,4.34µm
_06372_,4.34µm
_06673_,4.34µm
_06687_,4.34µm
net212,4.34µm
_02613_,4.32µm
_06310_,4.32µm
_03422_,4.3µm
_05262_,4.27µm
_01303_,4.24µm
_04035_,4.24µm
_04475_,4.24µm
_06599_,4.24µm
_06621_,4.24µm
_00048_,4.22µm
_00301_,4.22µm
_00367_,4.22µm
_00873_,4.22µm
_00886_,4.22µm
_01097_,4.22µm
_01445_,4.22µm
_01716_,4.22µm
_02257_,4.22µm
_02726_,4.22µm
_03141_,4.22µm
_03206_,4.22µm
_03354_,4.22µm
_03402_,4.22µm
_03624_,4.22µm
_03834_,4.22µm
_03954_,4.22µm
_04096_,4.22µm
_05378_,4.22µm
_05582_,4.22µm
_05660_,4.22µm
_05791_,4.22µm
_06098_,4.22µm
_06370_,4.22µm
_01614_,4.215µm
_04679_,4.2µm
_05435_,4.2µm
_06768_,4.2µm
_00024_,4.145µm
_01318_,4.14µm
_02009_,4.14µm
_03408_,4.14µm
_03553_,4.14µm
_06409_,4.14µm
_01771_,4.12µm
_02884_,4.12µm
_03132_,4.12µm
_03424_,4.12µm
_04285_,4.12µm
_04485_,4.12µm
_05188_,4.12µm
_00211_,4.1µm
_00325_,4.1µm
_00474_,4.1µm
_00508_,4.1µm
_00802_,4.1µm
_00839_,4.1µm
_01779_,4.1µm
_01865_,4.1µm
_02192_,4.1µm
_02212_,4.1µm
_02736_,4.1µm
_02809_,4.1µm
_03215_,4.1µm
_03803_,4.1µm
_05631_,4.1µm
_01741_,4.08µm
_03242_,4.08µm
_03852_,4.08µm
_04537_,4.08µm
_03472_,4.035µm
_00148_,4.02µm
_00977_,4.02µm
_01649_,4.02µm
_01824_,4.02µm
_01885_,4.02µm
_01995_,4.02µm
_02790_,4.02µm
_03626_,4.02µm
_03670_,4.02µm
_03716_,4.02µm
_03775_,4.02µm
_04484_,4.02µm
_05076_,4.02µm
_05415_,4.02µm
_05436_,4.02µm
_06436_,4.02µm
_06643_,4.02µm
_06725_,4.02µm
_06769_,4.02µm
_03251_,4.015µm
_00008_,4µm
_00059_,4µm
_00143_,4µm
_00182_,4µm
_00245_,4µm
_00746_,4µm
_01389_,4µm
_01469_,4µm
_01978_,4µm
_02034_,4µm
_02338_,4µm
_02399_,4µm
_02915_,4µm
_03092_,4µm
_03755_,4µm
_03793_,4µm
_04158_,4µm
_04239_,4µm
_04831_,4µm
_04834_,4µm
_05272_,4µm
_05324_,4µm
_05510_,4µm
_05662_,4µm
_06024_,4µm
_06213_,4µm
net180,4µm
_00464_,3.98µm
_00530_,3.98µm
_02932_,3.98µm
_03976_,3.98µm
_04246_,3.98µm
_04716_,3.98µm
_05574_,3.98µm
_05927_,3.98µm
_06683_,3.98µm
_00330_,3.975µm
_00264_,3.91µm
_00053_,3.9µm
_00507_,3.9µm
_02653_,3.9µm
_03732_,3.9µm
_04226_,3.9µm
_05002_,3.9µm
_05615_,3.9µm
_06258_,3.9µm
_06499_,3.9µm
_06668_,3.9µm
_00948_,3.89µm
_00386_,3.88µm
_00463_,3.88µm
_00574_,3.88µm
_00581_,3.88µm
_00621_,3.88µm
_00761_,3.88µm
_00994_,3.88µm
_01031_,3.88µm
_01264_,3.88µm
_01551_,3.88µm
_01618_,3.88µm
_01623_,3.88µm
_02037_,3.88µm
_02096_,3.88µm
_02098_,3.88µm
_02533_,3.88µm
_02575_,3.88µm
_02674_,3.88µm
_02763_,3.88µm
_02811_,3.88µm
_03780_,3.88µm
_03957_,3.88µm
_03960_,3.88µm
_04154_,3.88µm
_04552_,3.88µm
_04781_,3.88µm
_04819_,3.88µm
_05022_,3.88µm
_05039_,3.88µm
_05094_,3.88µm
_05279_,3.88µm
_05323_,3.88µm
_05396_,3.88µm
_05613_,3.88µm
_05672_,3.88µm
_05808_,3.88µm
_06746_,3.88µm
_06795_,3.88µm
_06811_,3.88µm
net142,3.88µm
net200,3.88µm
net203,3.88µm
_01432_,3.86µm
_05006_,3.83µm
_01410_,3.78µm
_01541_,3.78µm
_03399_,3.78µm
_04015_,3.78µm
_05658_,3.78µm
_06088_,3.78µm
_00339_,3.76µm
_00353_,3.76µm
_00449_,3.76µm
_00940_,3.76µm
_00961_,3.76µm
_01609_,3.76µm
_01800_,3.76µm
_02022_,3.76µm
_02213_,3.76µm
_02459_,3.76µm
_02568_,3.76µm
_03050_,3.76µm
_03173_,3.76µm
_03625_,3.76µm
_04568_,3.76µm
_04692_,3.76µm
_04698_,3.76µm
_04827_,3.76µm
_04932_,3.76µm
_04975_,3.76µm
_05941_,3.76µm
_00781_,3.74µm
_02258_,3.74µm
_02728_,3.74µm
_05998_,3.74µm
_02299_,3.69µm
_00155_,3.68µm
_00376_,3.68µm
_01136_,3.68µm
_01564_,3.68µm
_02501_,3.68µm
_02981_,3.68µm
_05069_,3.68µm
_06207_,3.68µm
_00039_,3.66µm
_00213_,3.66µm
_01073_,3.66µm
_01724_,3.66µm
_02523_,3.66µm
_04737_,3.66µm
_05519_,3.66µm
_06423_,3.66µm
_06779_,3.66µm
_04326_,3.645µm
_00742_,3.64µm
_01005_,3.64µm
_01307_,3.64µm
_01370_,3.64µm
_02569_,3.64µm
_02665_,3.64µm
_03164_,3.64µm
_03496_,3.64µm
_03772_,3.64µm
_05356_,3.64µm
_06021_,3.64µm
_06697_,3.64µm
_06740_,3.64µm
_03355_,3.635µm
_01856_,3.62µm
_04824_,3.62µm
_05392_,3.6µm
_00929_,3.565µm
_00179_,3.56µm
_00498_,3.56µm
_00526_,3.56µm
_00865_,3.56µm
_01141_,3.56µm
_01772_,3.56µm
_01813_,3.56µm
_02709_,3.56µm
_02836_,3.56µm
_02921_,3.56µm
_03311_,3.56µm
_04600_,3.56µm
_04719_,3.56µm
_05783_,3.56µm
_05908_,3.56µm
_00057_,3.54µm
_00255_,3.54µm
_00708_,3.54µm
_00800_,3.54µm
_01133_,3.54µm
_01749_,3.54µm
_01778_,3.54µm
_02005_,3.54µm
_02041_,3.54µm
_02202_,3.54µm
_02490_,3.54µm
_02550_,3.54µm
_02966_,3.54µm
_03084_,3.54µm
_03094_,3.54µm
_03460_,3.54µm
_03513_,3.54µm
_03666_,3.54µm
_03744_,3.54µm
_03785_,3.54µm
_04039_,3.54µm
_04291_,3.54µm
_04327_,3.54µm
_04344_,3.54µm
_04385_,3.54µm
_04639_,3.54µm
_05292_,3.54µm
_05318_,3.54µm
_05440_,3.54µm
_05456_,3.54µm
_05666_,3.54µm
_05771_,3.54µm
_06049_,3.54µm
_06297_,3.54µm
_06335_,3.54µm
_06514_,3.54µm
_06616_,3.54µm
net171,3.54µm
net183,3.54µm
net193,3.54µm
net722,3.54µm
_00184_,3.52µm
_00555_,3.52µm
_00741_,3.52µm
_01356_,3.52µm
_02253_,3.52µm
_02384_,3.52µm
_02758_,3.52µm
_05028_,3.52µm
_00001_,3.44µm
_00698_,3.44µm
_00970_,3.44µm
_01475_,3.44µm
_02199_,3.44µm
_02413_,3.44µm
_03019_,3.44µm
_04502_,3.44µm
_05145_,3.44µm
_05569_,3.44µm
_05899_,3.44µm
_00087_,3.42µm
_00100_,3.42µm
_00462_,3.42µm
_00580_,3.42µm
_00611_,3.42µm
_00681_,3.42µm
_00715_,3.42µm
_00773_,3.42µm
_00878_,3.42µm
_00882_,3.42µm
_01268_,3.42µm
_01524_,3.42µm
_01728_,3.42µm
_01782_,3.42µm
_01980_,3.42µm
_02102_,3.42µm
_02134_,3.42µm
_02236_,3.42µm
_02394_,3.42µm
_02424_,3.42µm
_02433_,3.42µm
_02503_,3.42µm
_02787_,3.42µm
_03128_,3.42µm
_03389_,3.42µm
_03442_,3.42µm
_03619_,3.42µm
_03635_,3.42µm
_03876_,3.42µm
_03923_,3.42µm
_04025_,3.42µm
_04221_,3.42µm
_04223_,3.42µm
_04394_,3.42µm
_04403_,3.42µm
_04479_,3.42µm
_04495_,3.42µm
_04727_,3.42µm
_04764_,3.42µm
_04921_,3.42µm
_04982_,3.42µm
_05017_,3.42µm
_05091_,3.42µm
_05123_,3.42µm
_05151_,3.42µm
_05234_,3.42µm
_05482_,3.42µm
_05492_,3.42µm
_05586_,3.42µm
_05664_,3.42µm
_05884_,3.42µm
_05938_,3.42µm
_05950_,3.42µm
_06185_,3.42µm
_06233_,3.42µm
net198,3.42µm
_01738_,3.32µm
_02542_,3.32µm
_05612_,3.32µm
_00476_,3.3µm
_00585_,3.3µm
_00627_,3.3µm
_01123_,3.3µm
_01898_,3.3µm
_02079_,3.3µm
_02755_,3.3µm
_05625_,3.3µm
_06015_,3.3µm
_06543_,3.3µm
_00011_,3.22µm
_01147_,3.22µm
_03605_,3.22µm
_04962_,3.22µm
_04966_,3.22µm
_00019_,3.2µm
_04169_,3.2µm
_06286_,3.2µm
_00671_,3.18µm
_02874_,3.18µm
_03026_,3.18µm
_05679_,3.18µm
_00683_,3.1µm
_00984_,3.1µm
_01102_,3.1µm
_01144_,3.1µm
_01261_,3.1µm
_02476_,3.1µm
_02543_,3.1µm
_02886_,3.1µm
_02962_,3.1µm
_02969_,3.1µm
_03139_,3.1µm
_03155_,3.1µm
_04195_,3.1µm
_05073_,3.1µm
_05118_,3.1µm
_05173_,3.1µm
_05755_,3.1µm
_06378_,3.1µm
_06747_,3.095µm
_00387_,3.08µm
_00696_,3.08µm
_00895_,3.08µm
_01111_,3.08µm
_01187_,3.08µm
_01390_,3.08µm
_01430_,3.08µm
_01550_,3.08µm
_01945_,3.08µm
_02067_,3.08µm
_02103_,3.08µm
_02183_,3.08µm
_02217_,3.08µm
_02513_,3.08µm
_02650_,3.08µm
_02752_,3.08µm
_02963_,3.08µm
_03172_,3.08µm
_03255_,3.08µm
_03327_,3.08µm
_03372_,3.08µm
_03767_,3.08µm
_03892_,3.08µm
_03961_,3.08µm
_04444_,3.08µm
_04596_,3.08µm
_04628_,3.08µm
_04630_,3.08µm
_04691_,3.08µm
_04778_,3.08µm
_04797_,3.08µm
_04806_,3.08µm
_04947_,3.08µm
_05020_,3.08µm
_05105_,3.08µm
_05174_,3.08µm
_06187_,3.08µm
_06570_,3.08µm
_06727_,3.08µm
_06732_,3.08µm
_03301_,3.06µm
_05746_,3.04µm
_02845_,2.98µm
_03192_,2.98µm
_03212_,2.98µm
_06039_,2.98µm
net720,2.98µm
_00046_,2.96µm
_00404_,2.96µm
_00738_,2.96µm
_00796_,2.96µm
_00815_,2.96µm
_00874_,2.96µm
_00901_,2.96µm
_00991_,2.96µm
_01257_,2.96µm
_01705_,2.96µm
_01755_,2.96µm
_01811_,2.96µm
_01895_,2.96µm
_01935_,2.96µm
_01997_,2.96µm
_02237_,2.96µm
_02331_,2.96µm
_02348_,2.96µm
_02666_,2.96µm
_02713_,2.96µm
_02735_,2.96µm
_02762_,2.96µm
_02827_,2.96µm
_02948_,2.96µm
_03080_,2.96µm
_03158_,2.96µm
_03227_,2.96µm
_03378_,2.96µm
_03475_,2.96µm
_03581_,2.96µm
_03585_,2.96µm
_03825_,2.96µm
_03827_,2.96µm
_04044_,2.96µm
_04091_,2.96µm
_04451_,2.96µm
_04522_,2.96µm
_04633_,2.96µm
_04939_,2.96µm
_05283_,2.96µm
_05604_,2.96µm
_05648_,2.96µm
_05676_,2.96µm
_05704_,2.96µm
_05807_,2.96µm
_05819_,2.96µm
_05840_,2.96µm
_05845_,2.96µm
_06376_,2.96µm
_06415_,2.96µm
_06430_,2.96µm
_06471_,2.96µm
_06492_,2.96µm
net170,2.96µm
_03454_,2.86µm
_00558_,2.84µm
_00601_,2.84µm
_00688_,2.84µm
_02101_,2.84µm
_02863_,2.84µm
_06079_,2.84µm
_06082_,2.84µm
_06608_,2.84µm
_00000_,2.76µm
_00026_,2.76µm
_00571_,2.76µm
_03588_,2.76µm
_04061_,2.76µm
_06615_,2.76µm
_00014_,2.74µm
_00035_,2.74µm
_00893_,2.74µm
_01364_,2.74µm
_02018_,2.74µm
_02280_,2.74µm
_02552_,2.74µm
_02644_,2.74µm
_02872_,2.74µm
_03239_,2.74µm
_03967_,2.74µm
_04308_,2.74µm
_05403_,2.74µm
_05909_,2.74µm
_06032_,2.74µm
_03886_,2.72µm
_05478_,2.72µm
_04052_,2.7µm
_01077_,2.64µm
_01296_,2.64µm
_02052_,2.64µm
_02823_,2.64µm
_02837_,2.64µm
_03326_,2.64µm
_03368_,2.64µm
_03928_,2.64µm
_04640_,2.64µm
_04741_,2.64µm
_04758_,2.64µm
_04959_,2.64µm
_04984_,2.64µm
_05611_,2.64µm
_05742_,2.64µm
_06266_,2.64µm
_06629_,2.64µm
_06692_,2.64µm
_06764_,2.64µm
_00303_,2.62µm
_00444_,2.62µm
_00630_,2.62µm
_00824_,2.62µm
_00950_,2.62µm
_01052_,2.62µm
_01259_,2.62µm
_01288_,2.62µm
_01316_,2.62µm
_01368_,2.62µm
_01413_,2.62µm
_01552_,2.62µm
_01753_,2.62µm
_02389_,2.62µm
_02480_,2.62µm
_03056_,2.62µm
_03276_,2.62µm
_03279_,2.62µm
_03384_,2.62µm
_03844_,2.62µm
_03911_,2.62µm
_03962_,2.62µm
_04008_,2.62µm
_04111_,2.62µm
_04185_,2.62µm
_04625_,2.62µm
_04711_,2.62µm
_04740_,2.62µm
_05014_,2.62µm
_05434_,2.62µm
_05460_,2.62µm
_05493_,2.62µm
_05580_,2.62µm
_05643_,2.62µm
_05653_,2.62µm
_06011_,2.62µm
_06240_,2.62µm
_06242_,2.62µm
_06410_,2.62µm
_06472_,2.62µm
_06533_,2.62µm
_06685_,2.62µm
_06791_,2.62µm
_06812_,2.62µm
net194,2.62µm
_01459_,2.585µm
_00790_,2.52µm
_00953_,2.52µm
_01092_,2.52µm
_02825_,2.52µm
_00165_,2.5µm
_00312_,2.5µm
_00352_,2.5µm
_00684_,2.5µm
_00714_,2.5µm
_00720_,2.5µm
_00768_,2.5µm
_00785_,2.5µm
_00827_,2.5µm
_00863_,2.5µm
_00918_,2.5µm
_00930_,2.5µm
_00949_,2.5µm
_00967_,2.5µm
_01023_,2.5µm
_01382_,2.5µm
_01444_,2.5µm
_01591_,2.5µm
_01660_,2.5µm
_01714_,2.5µm
_02092_,2.5µm
_02107_,2.5µm
_02319_,2.5µm
_02584_,2.5µm
_02593_,2.5µm
_02642_,2.5µm
_02655_,2.5µm
_02689_,2.5µm
_02774_,2.5µm
_02940_,2.5µm
_03052_,2.5µm
_03098_,2.5µm
_03527_,2.5µm
_03575_,2.5µm
_03658_,2.5µm
_03837_,2.5µm
_03985_,2.5µm
_04098_,2.5µm
_04228_,2.5µm
_04238_,2.5µm
_04399_,2.5µm
_04438_,2.5µm
_04487_,2.5µm
_04544_,2.5µm
_04598_,2.5µm
_04608_,2.5µm
_04651_,2.5µm
_04703_,2.5µm
_04954_,2.5µm
_05229_,2.5µm
_05302_,2.5µm
_05756_,2.5µm
_05803_,2.5µm
_05838_,2.5µm
_05917_,2.5µm
_06007_,2.5µm
_06041_,2.5µm
_06302_,2.5µm
_06348_,2.5µm
_06607_,2.5µm
net243,2.5µm
_04754_,2.4µm
_06520_,2.4µm
_02452_,2.38µm
_04617_,2.38µm
_05915_,2.38µm
_00061_,2.305µm
_00017_,2.3µm
_00101_,2.3µm
_00438_,2.3µm
_00521_,2.3µm
_01008_,2.3µm
_01038_,2.3µm
_01523_,2.3µm
_01787_,2.3µm
_01818_,2.3µm
_01944_,2.3µm
_02189_,2.3µm
_02198_,2.3µm
_02612_,2.3µm
_02624_,2.3µm
_02745_,2.3µm
_03231_,2.3µm
_03432_,2.3µm
_03552_,2.3µm
_03636_,2.3µm
_03651_,2.3µm
_03667_,2.3µm
_03756_,2.3µm
_03810_,2.3µm
_04030_,2.3µm
_04054_,2.3µm
_04588_,2.3µm
_04956_,2.3µm
_05095_,2.3µm
_05268_,2.3µm
_05431_,2.3µm
_05464_,2.3µm
_05495_,2.3µm
_05665_,2.3µm
_06001_,2.3µm
_06040_,2.3µm
_06103_,2.3µm
_06153_,2.3µm
_06298_,2.3µm
_06776_,2.3µm
_06810_,2.3µm
_00018_,2.28µm
_00178_,2.28µm
_00867_,2.28µm
_00957_,2.28µm
_01161_,2.28µm
_01294_,2.28µm
_01733_,2.28µm
_02485_,2.28µm
_02627_,2.28µm
_02959_,2.28µm
_04043_,2.28µm
_04846_,2.28µm
_06406_,2.28µm
_06418_,2.28µm
_06739_,2.28µm
_06772_,2.28µm
_04681_,2.19µm
_00033_,2.18µm
_00058_,2.18µm
_01646_,2.18µm
_01730_,2.18µm
_01775_,2.18µm
_01780_,2.18µm
_01835_,2.18µm
_01864_,2.18µm
_01911_,2.18µm
_02525_,2.18µm
_02788_,2.18µm
_02860_,2.18µm
_03031_,2.18µm
_03397_,2.18µm
_04162_,2.18µm
_04509_,2.18µm
_04648_,2.18µm
_04753_,2.18µm
_04761_,2.18µm
_04828_,2.18µm
_04850_,2.18µm
_05281_,2.18µm
_05904_,2.18µm
_05952_,2.18µm
_06696_,2.18µm
_06814_,2.18µm
net217,2.18µm
net241,2.17µm
_00206_,2.16µm
_00210_,2.16µm
_00295_,2.16µm
_00704_,2.16µm
_00795_,2.16µm
_01025_,2.16µm
_01243_,2.16µm
_01310_,2.16µm
_01417_,2.16µm
_01817_,2.16µm
_01905_,2.16µm
_01960_,2.16µm
_01965_,2.16µm
_02025_,2.16µm
_02201_,2.16µm
_02352_,2.16µm
_02358_,2.16µm
_02508_,2.16µm
_02524_,2.16µm
_02660_,2.16µm
_03010_,2.16µm
_03075_,2.16µm
_03125_,2.16µm
_03230_,2.16µm
_03274_,2.16µm
_03281_,2.16µm
_03534_,2.16µm
_03712_,2.16µm
_04108_,2.16µm
_04130_,2.16µm
_04297_,2.16µm
_04316_,2.16µm
_04469_,2.16µm
_04572_,2.16µm
_04791_,2.16µm
_04989_,2.16µm
_05321_,2.16µm
_05412_,2.16µm
_05422_,2.16µm
_05467_,2.16µm
_05639_,2.16µm
_05870_,2.16µm
_06045_,2.16µm
_06145_,2.16µm
_06328_,2.16µm
_06336_,2.16µm
_06391_,2.16µm
_06516_,2.16µm
_06590_,2.16µm
net48,2.16µm
_00396_,2.06µm
_00980_,2.06µm
_00983_,2.06µm
_02029_,2.06µm
_02129_,2.06µm
_02265_,2.06µm
_02776_,2.06µm
_04366_,2.06µm
_05573_,2.06µm
_05736_,2.06µm
_06365_,2.06µm
_06502_,2.06µm
_06638_,2.06µm
_00173_,2.04µm
_00176_,2.04µm
_00219_,2.04µm
_00448_,2.04µm
_00652_,2.04µm
_00679_,2.04µm
_00831_,2.04µm
_00971_,2.04µm
_01095_,2.04µm
_01434_,2.04µm
_01532_,2.04µm
_01545_,2.04µm
_01932_,2.04µm
_02143_,2.04µm
_02564_,2.04µm
_02767_,2.04µm
_02831_,2.04µm
_02907_,2.04µm
_02917_,2.04µm
_03089_,2.04µm
_03252_,2.04µm
_03272_,2.04µm
_03286_,2.04µm
_03315_,2.04µm
_03348_,2.04µm
_03369_,2.04µm
_03563_,2.04µm
_03572_,2.04µm
_03796_,2.04µm
_03807_,2.04µm
_03860_,2.04µm
_04033_,2.04µm
_04141_,2.04µm
_04182_,2.04µm
_04351_,2.04µm
_04395_,2.04µm
_04652_,2.04µm
_04930_,2.04µm
_05249_,2.04µm
_05463_,2.04µm
_05525_,2.04µm
_05589_,2.04µm
_05686_,2.04µm
_05752_,2.04µm
_05848_,2.04µm
_06066_,2.04µm
_06127_,2.04µm
_06188_,2.04µm
_06490_,2.04µm
_06530_,2.04µm
net175,2.04µm
net215,2.04µm
_04612_,1.94µm
_01936_,1.93µm
_05163_,1.915µm
_00551_,1.84µm
_00609_,1.84µm
_01604_,1.84µm
_01873_,1.84µm
_02676_,1.84µm
_02725_,1.84µm
_03044_,1.84µm
_03407_,1.84µm
_03705_,1.84µm
_04546_,1.84µm
_05070_,1.84µm
_05134_,1.84µm
_05314_,1.84µm
_05793_,1.84µm
_06617_,1.84µm
_01397_,1.82µm
_02246_,1.82µm
_02386_,1.82µm
_02404_,1.82µm
_02409_,1.82µm
_02702_,1.82µm
_03789_,1.82µm
_03941_,1.82µm
_04331_,1.82µm
_05106_,1.82µm
_05656_,1.82µm
_00038_,1.745µm
_00072_,1.72µm
_00315_,1.72µm
_00500_,1.72µm
_00775_,1.72µm
_01076_,1.72µm
_01378_,1.72µm
_01437_,1.72µm
_01946_,1.72µm
_02789_,1.72µm
_02897_,1.72µm
_03134_,1.72µm
_03219_,1.72µm
_03604_,1.72µm
_03798_,1.72µm
_04726_,1.72µm
_05083_,1.72µm
_05823_,1.72µm
_06495_,1.72µm
_00030_,1.7µm
_00073_,1.7µm
_00291_,1.7µm
_00359_,1.7µm
_00745_,1.7µm
_00772_,1.7µm
_00921_,1.7µm
_01363_,1.7µm
_01385_,1.7µm
_01447_,1.7µm
_01575_,1.7µm
_01786_,1.7µm
_02166_,1.7µm
_02276_,1.7µm
_02344_,1.7µm
_02373_,1.7µm
_02680_,1.7µm
_02808_,1.7µm
_02840_,1.7µm
_02878_,1.7µm
_02912_,1.7µm
_02953_,1.7µm
_03419_,1.7µm
_03421_,1.7µm
_03958_,1.7µm
_04050_,1.7µm
_04165_,1.7µm
_04320_,1.7µm
_04570_,1.7µm
_04657_,1.7µm
_05335_,1.7µm
_05350_,1.7µm
_05702_,1.7µm
_06214_,1.7µm
_06280_,1.7µm
_06461_,1.7µm
_06755_,1.7µm
net184,1.7µm
net201,1.7µm
net216,1.7µm
net232,1.7µm
net235,1.7µm
net242,1.7µm
_02093_,1.61µm
_02243_,1.61µm
_02374_,1.61µm
_03444_,1.6µm
_03703_,1.6µm
_04688_,1.6µm
_05565_,1.6µm
_00045_,1.545µm
_00458_,1.48µm
_00221_,1.38µm
_00344_,1.38µm
_00655_,1.38µm
_00962_,1.38µm
_01563_,1.38µm
_01756_,1.38µm
_02038_,1.38µm
_02242_,1.38µm
_02288_,1.38µm
_03204_,1.38µm
_03356_,1.38µm
_03601_,1.38µm
_04076_,1.38µm
_04557_,1.38µm
_04618_,1.38µm
_05176_,1.38µm
_05411_,1.38µm
_05538_,1.38µm
_06571_,1.38µm
_06589_,1.38µm
_06654_,1.38µm
_00016_,1.36µm
_00858_,1.36µm
_02010_,1.36µm
_02401_,1.36µm
_04514_,1.36µm
_04996_,1.36µm
_05527_,1.36µm
_02451_,1.265µm
_00093_,1.26µm
_00248_,1.26µm
_01043_,1.26µm
_01089_,1.26µm
_01587_,1.26µm
_01877_,1.26µm
_01878_,1.26µm
_01996_,1.26µm
_02125_,1.26µm
_02773_,1.26µm
_04408_,1.26µm
_04631_,1.26µm
_05141_,1.26µm
_05654_,1.26µm
_06484_,1.26µm
_06512_,1.26µm
_06517_,1.26µm
_04174_,1.17µm
_01579_,1.14µm
_01881_,1.14µm
_02328_,1.14µm
_02877_,1.14µm
_04249_,1.14µm
_04352_,1.14µm
_04661_,1.14µm
_04770_,1.14µm
_05890_,1.14µm
_06037_,1.14µm
_06221_,1.14µm
_06742_,1.14µm
_00380_,0.92µm
_01131_,0.92µm
_01641_,0.92µm
_02455_,0.92µm
_02648_,0.92µm
_02759_,0.92µm
_02945_,0.92µm
_03447_,0.92µm
_03486_,0.92µm
_03749_,0.92µm
_03817_,0.92µm
_03871_,0.92µm
_04087_,0.92µm
_04114_,0.92µm
_04304_,0.92µm
_04583_,0.92µm
_04678_,0.92µm
_04810_,0.92µm
_05306_,0.92µm
_05607_,0.92µm
_05614_,0.92µm
_05798_,0.92µm
_05829_,0.92µm
_06020_,0.92µm
_06110_,0.92µm
_06114_,0.92µm
_06396_,0.92µm
_06449_,0.92µm
_06458_,0.92µm
_03145_,0.825µm
_00240_,0.8µm
_00362_,0.8µm
_00401_,0.8µm
_00718_,0.8µm
_00747_,0.8µm
_00932_,0.8µm
_01401_,0.8µm
_02255_,0.8µm
_02269_,0.8µm
_02290_,0.8µm
_02855_,0.8µm
_03590_,0.8µm
_03990_,0.8µm
_04236_,0.8µm
_04334_,0.8µm
_04405_,0.8µm
_04998_,0.8µm
_05110_,0.8µm
_05885_,0.8µm
_06091_,0.8µm
_06169_,0.8µm
_06384_,0.8µm
net233,0.8µm
_00604_,0.49µm
_00217_,0.46µm
_00324_,0.46µm
_00456_,0.46µm
_01218_,0.46µm
_01697_,0.46µm
_02881_,0.46µm
_03106_,0.46µm
_03223_,0.46µm
_03545_,0.46µm
_03896_,0.46µm
_04271_,0.46µm
_04388_,0.46µm
_04542_,0.46µm
_04744_,0.46µm
_05087_,0.46µm
_05103_,0.46µm
_05723_,0.46µm
_05991_,0.46µm
_06057_,0.46µm
_06198_,0.46µm
_06256_,0.46µm
_06636_,0.46µm
