
===========================================================================
report_checks -path_delay max (Setup)
============================================================================
======================= min_tt_025C_1v80 Corner ===================================

Startpoint: x1[0] (input port clocked by clk)
Endpoint: _13684_ (rising edge-triggered flip-flop clocked by clk)
Path Group: clk
Path Type: max

Fanout         Cap        Slew       Delay        Time   Description
---------------------------------------------------------------------------------------------
                                  0.000000    0.000000   clock clk (rise edge)
                                  0.000000    0.000000   clock network delay (propagated)
                                  3.000000    3.000000 ^ input external delay
     1    0.003421    0.022420    0.012481    3.012481 ^ x1[0] (in)
                                                         x1[0] (net)
                      0.022420    0.000000    3.012481 ^ input138/A (sky130_fd_sc_hd__clkbuf_1)
     1    0.002390    0.039623    0.069366    3.081847 ^ input138/X (sky130_fd_sc_hd__clkbuf_1)
                                                         net138 (net)
                      0.039623    0.000024    3.081872 ^ fanout597/A (sky130_fd_sc_hd__buf_2)
     5    0.048298    0.236214    0.240938    3.322810 ^ fanout597/X (sky130_fd_sc_hd__buf_2)
                                                         net597 (net)
                      0.236292    0.003545    3.326355 ^ fanout592/A (sky130_fd_sc_hd__buf_2)
     7    0.050774    0.247620    0.309268    3.635623 ^ fanout592/X (sky130_fd_sc_hd__buf_2)
                                                         net592 (net)
                      0.247715    0.004038    3.639661 ^ fanout591/A (sky130_fd_sc_hd__clkbuf_2)
     5    0.036526    0.201022    0.276213    3.915874 ^ fanout591/X (sky130_fd_sc_hd__clkbuf_2)
                                                         net591 (net)
                      0.201024    0.001040    3.916914 ^ fanout588/A (sky130_fd_sc_hd__buf_2)
    10    0.041452    0.204102    0.271261    4.188175 ^ fanout588/X (sky130_fd_sc_hd__buf_2)
                                                         net588 (net)
                      0.204112    0.001649    4.189824 ^ _10922_/A (sky130_fd_sc_hd__and3_1)
     4    0.010933    0.120669    0.240485    4.430309 ^ _10922_/X (sky130_fd_sc_hd__and3_1)
                                                         _03570_ (net)
                      0.120669    0.000050    4.430358 ^ _10925_/A_N (sky130_fd_sc_hd__and4b_1)
     3    0.008732    0.064811    0.234635    4.664993 v _10925_/X (sky130_fd_sc_hd__and4b_1)
                                                         _03573_ (net)
                      0.064811    0.000062    4.665055 v _11082_/B1_N (sky130_fd_sc_hd__o21ba_2)
     5    0.027984    0.169185    0.333100    4.998155 ^ _11082_/X (sky130_fd_sc_hd__o21ba_2)
                                                         _03745_ (net)
                      0.169185    0.000396    4.998551 ^ fanout249/A (sky130_fd_sc_hd__clkbuf_4)
    10    0.046616    0.147480    0.254203    5.252754 ^ fanout249/X (sky130_fd_sc_hd__clkbuf_4)
                                                         net249 (net)
                      0.147480    0.000310    5.253064 ^ _11083_/B (sky130_fd_sc_hd__xor2_1)
     2    0.007809    0.199339    0.223094    5.476158 ^ _11083_/X (sky130_fd_sc_hd__xor2_1)
                                                         _03746_ (net)
                      0.199339    0.000079    5.476236 ^ _11085_/B (sky130_fd_sc_hd__xor2_1)
     2    0.009879    0.236755    0.257366    5.733602 ^ _11085_/X (sky130_fd_sc_hd__xor2_1)
                                                         _03748_ (net)
                      0.236755    0.000155    5.733757 ^ _11087_/B (sky130_fd_sc_hd__xor2_1)
     2    0.008095    0.211992    0.238113    5.971870 ^ _11087_/X (sky130_fd_sc_hd__xor2_1)
                                                         _03750_ (net)
                      0.211992    0.000064    5.971934 ^ _11088_/B (sky130_fd_sc_hd__xor2_1)
     3    0.011858    0.272891    0.285549    6.257483 ^ _11088_/X (sky130_fd_sc_hd__xor2_1)
                                                         _03752_ (net)
                      0.272891    0.000153    6.257637 ^ _11092_/A (sky130_fd_sc_hd__xor2_1)
     1    0.004956    0.153826    0.200531    6.458167 ^ _11092_/X (sky130_fd_sc_hd__xor2_1)
                                                         _03756_ (net)
                      0.153826    0.000024    6.458191 ^ _11093_/B (sky130_fd_sc_hd__xnor2_1)
     2    0.007925    0.222411    0.172615    6.630806 ^ _11093_/Y (sky130_fd_sc_hd__xnor2_1)
                                                         _03757_ (net)
                      0.222411    0.000068    6.630874 ^ _11095_/B (sky130_fd_sc_hd__xnor2_1)
     2    0.007910    0.214369    0.184763    6.815638 ^ _11095_/Y (sky130_fd_sc_hd__xnor2_1)
                                                         _03759_ (net)
                      0.214369    0.000133    6.815770 ^ _11097_/B (sky130_fd_sc_hd__xnor2_1)
     2    0.008230    0.087738    0.129993    6.945763 v _11097_/Y (sky130_fd_sc_hd__xnor2_1)
                                                         _03761_ (net)
                      0.087738    0.000036    6.945799 v _11321_/A1 (sky130_fd_sc_hd__a21bo_1)
     2    0.008613    0.060204    0.206483    7.152283 v _11321_/X (sky130_fd_sc_hd__a21bo_1)
                                                         _04007_ (net)
                      0.060204    0.000111    7.152394 v _11323_/B (sky130_fd_sc_hd__xnor2_1)
     2    0.008196    0.092069    0.153963    7.306357 v _11323_/Y (sky130_fd_sc_hd__xnor2_1)
                                                         _04009_ (net)
                      0.092069    0.000065    7.306422 v _11458_/A2 (sky130_fd_sc_hd__a21boi_1)
     2    0.008877    0.214403    0.237367    7.543790 ^ _11458_/Y (sky130_fd_sc_hd__a21boi_1)
                                                         _04157_ (net)
                      0.214403    0.000095    7.543885 ^ _11460_/B (sky130_fd_sc_hd__xor2_1)
     2    0.007841    0.199934    0.231881    7.775766 ^ _11460_/X (sky130_fd_sc_hd__xor2_1)
                                                         _04159_ (net)
                      0.199934    0.000075    7.775841 ^ _11461_/B (sky130_fd_sc_hd__xor2_1)
     2    0.011646    0.269059    0.281146    8.056987 ^ _11461_/X (sky130_fd_sc_hd__xor2_1)
                                                         _04160_ (net)
                      0.269059    0.000286    8.057272 ^ _11462_/C (sky130_fd_sc_hd__or3_2)
     3    0.017386    0.095518    0.220928    8.278200 ^ _11462_/X (sky130_fd_sc_hd__or3_2)
                                                         _04161_ (net)
                      0.095519    0.000504    8.278705 ^ _11589_/C_N (sky130_fd_sc_hd__nor3b_1)
     2    0.008743    0.319247    0.311578    8.590283 ^ _11589_/Y (sky130_fd_sc_hd__nor3b_1)
                                                         _04299_ (net)
                      0.319247    0.000179    8.590462 ^ _11591_/D_N (sky130_fd_sc_hd__or4bb_4)
     2    0.011457    0.097662    0.521434    9.111896 v _11591_/X (sky130_fd_sc_hd__or4bb_4)
                                                         _04301_ (net)
                      0.097662    0.000125    9.112020 v _11593_/A1 (sky130_fd_sc_hd__a31oi_4)
     4    0.034502    0.307301    0.289457    9.401478 ^ _11593_/Y (sky130_fd_sc_hd__a31oi_4)
                                                         _04303_ (net)
                      0.307337    0.002596    9.404075 ^ _11813_/A3 (sky130_fd_sc_hd__o311a_4)
     3    0.014889    0.069440    0.229718    9.633793 ^ _11813_/X (sky130_fd_sc_hd__o311a_4)
                                                         _04543_ (net)
                      0.069440    0.000241    9.634033 ^ _11886_/A2 (sky130_fd_sc_hd__o31a_1)
     1    0.008727    0.102715    0.171707    9.805740 ^ _11886_/X (sky130_fd_sc_hd__o31a_1)
                                                         _04621_ (net)
                      0.102715    0.000173    9.805914 ^ _11922_/A (sky130_fd_sc_hd__xnor2_1)
     1    0.002558    0.113410    0.119232    9.925145 ^ _11922_/Y (sky130_fd_sc_hd__xnor2_1)
                                                         _00019_ (net)
                      0.113410    0.000023    9.925169 ^ _13684_/D (sky130_fd_sc_hd__dfrtp_1)
                                              9.925169   data arrival time

                                 15.000000   15.000000   clock clk (rise edge)
                                  0.000000   15.000000   clock source latency
     1    0.046681    0.214570    0.152157   15.152157 ^ clk (in)
                                                         clk (net)
                      0.215027    0.000000   15.152157 ^ clkbuf_0_clk/A (sky130_fd_sc_hd__clkbuf_16)
     8    0.151713    0.163939    0.277307   15.429464 ^ clkbuf_0_clk/X (sky130_fd_sc_hd__clkbuf_16)
                                                         clknet_0_clk (net)
                      0.164228    0.004722   15.434186 ^ clkbuf_3_0__f_clk/A (sky130_fd_sc_hd__clkbuf_16)
     9    0.057070    0.076225    0.194644   15.628830 ^ clkbuf_3_0__f_clk/X (sky130_fd_sc_hd__clkbuf_16)
                                                         clknet_3_0__leaf_clk (net)
                      0.076534    0.003441   15.632271 ^ _13684_/CLK (sky130_fd_sc_hd__dfrtp_1)
                                 -0.250000   15.382272   clock uncertainty
                                  0.000000   15.382272   clock reconvergence pessimism
                                 -0.070771   15.311500   library setup time
                                             15.311500   data required time
---------------------------------------------------------------------------------------------
                                             15.311500   data required time
                                             -9.925169   data arrival time
---------------------------------------------------------------------------------------------
                                              5.386332   slack (MET)


Startpoint: x1[0] (input port clocked by clk)
Endpoint: _13683_ (rising edge-triggered flip-flop clocked by clk)
Path Group: clk
Path Type: max

Fanout         Cap        Slew       Delay        Time   Description
---------------------------------------------------------------------------------------------
                                  0.000000    0.000000   clock clk (rise edge)
                                  0.000000    0.000000   clock network delay (propagated)
                                  3.000000    3.000000 ^ input external delay
     1    0.003421    0.022420    0.012481    3.012481 ^ x1[0] (in)
                                                         x1[0] (net)
                      0.022420    0.000000    3.012481 ^ input138/A (sky130_fd_sc_hd__clkbuf_1)
     1    0.002390    0.039623    0.069366    3.081847 ^ input138/X (sky130_fd_sc_hd__clkbuf_1)
                                                         net138 (net)
                      0.039623    0.000024    3.081872 ^ fanout597/A (sky130_fd_sc_hd__buf_2)
     5    0.048298    0.236214    0.240938    3.322810 ^ fanout597/X (sky130_fd_sc_hd__buf_2)
                                                         net597 (net)
                      0.236292    0.003545    3.326355 ^ fanout592/A (sky130_fd_sc_hd__buf_2)
     7    0.050774    0.247620    0.309268    3.635623 ^ fanout592/X (sky130_fd_sc_hd__buf_2)
                                                         net592 (net)
                      0.247715    0.004038    3.639661 ^ fanout591/A (sky130_fd_sc_hd__clkbuf_2)
     5    0.036526    0.201022    0.276213    3.915874 ^ fanout591/X (sky130_fd_sc_hd__clkbuf_2)
                                                         net591 (net)
                      0.201024    0.001040    3.916914 ^ fanout588/A (sky130_fd_sc_hd__buf_2)
    10    0.041452    0.204102    0.271261    4.188175 ^ fanout588/X (sky130_fd_sc_hd__buf_2)
                                                         net588 (net)
                      0.204112    0.001649    4.189824 ^ _10922_/A (sky130_fd_sc_hd__and3_1)
     4    0.010933    0.120669    0.240485    4.430309 ^ _10922_/X (sky130_fd_sc_hd__and3_1)
                                                         _03570_ (net)
                      0.120669    0.000050    4.430358 ^ _10925_/A_N (sky130_fd_sc_hd__and4b_1)
     3    0.008732    0.064811    0.234635    4.664993 v _10925_/X (sky130_fd_sc_hd__and4b_1)
                                                         _03573_ (net)
                      0.064811    0.000062    4.665055 v _11082_/B1_N (sky130_fd_sc_hd__o21ba_2)
     5    0.027984    0.169185    0.333100    4.998155 ^ _11082_/X (sky130_fd_sc_hd__o21ba_2)
                                                         _03745_ (net)
                      0.169185    0.000396    4.998551 ^ fanout249/A (sky130_fd_sc_hd__clkbuf_4)
    10    0.046616    0.147480    0.254203    5.252754 ^ fanout249/X (sky130_fd_sc_hd__clkbuf_4)
                                                         net249 (net)
                      0.147480    0.000310    5.253064 ^ _11083_/B (sky130_fd_sc_hd__xor2_1)
     2    0.007809    0.199339    0.223094    5.476158 ^ _11083_/X (sky130_fd_sc_hd__xor2_1)
                                                         _03746_ (net)
                      0.199339    0.000079    5.476236 ^ _11085_/B (sky130_fd_sc_hd__xor2_1)
     2    0.009879    0.236755    0.257366    5.733602 ^ _11085_/X (sky130_fd_sc_hd__xor2_1)
                                                         _03748_ (net)
                      0.236755    0.000155    5.733757 ^ _11087_/B (sky130_fd_sc_hd__xor2_1)
     2    0.008095    0.211992    0.238113    5.971870 ^ _11087_/X (sky130_fd_sc_hd__xor2_1)
                                                         _03750_ (net)
                      0.211992    0.000064    5.971934 ^ _11088_/B (sky130_fd_sc_hd__xor2_1)
     3    0.011858    0.272891    0.285549    6.257483 ^ _11088_/X (sky130_fd_sc_hd__xor2_1)
                                                         _03752_ (net)
                      0.272891    0.000153    6.257637 ^ _11092_/A (sky130_fd_sc_hd__xor2_1)
     1    0.004956    0.153826    0.200531    6.458167 ^ _11092_/X (sky130_fd_sc_hd__xor2_1)
                                                         _03756_ (net)
                      0.153826    0.000024    6.458191 ^ _11093_/B (sky130_fd_sc_hd__xnor2_1)
     2    0.007925    0.222411    0.172615    6.630806 ^ _11093_/Y (sky130_fd_sc_hd__xnor2_1)
                                                         _03757_ (net)
                      0.222411    0.000068    6.630874 ^ _11095_/B (sky130_fd_sc_hd__xnor2_1)
     2    0.007910    0.214369    0.184763    6.815638 ^ _11095_/Y (sky130_fd_sc_hd__xnor2_1)
                                                         _03759_ (net)
                      0.214369    0.000133    6.815770 ^ _11097_/B (sky130_fd_sc_hd__xnor2_1)
     2    0.008230    0.087738    0.129993    6.945763 v _11097_/Y (sky130_fd_sc_hd__xnor2_1)
                                                         _03761_ (net)
                      0.087738    0.000036    6.945799 v _11321_/A1 (sky130_fd_sc_hd__a21bo_1)
     2    0.008613    0.060204    0.206483    7.152283 v _11321_/X (sky130_fd_sc_hd__a21bo_1)
                                                         _04007_ (net)
                      0.060204    0.000111    7.152394 v _11323_/B (sky130_fd_sc_hd__xnor2_1)
     2    0.008196    0.092069    0.153963    7.306357 v _11323_/Y (sky130_fd_sc_hd__xnor2_1)
                                                         _04009_ (net)
                      0.092069    0.000065    7.306422 v _11458_/A2 (sky130_fd_sc_hd__a21boi_1)
     2    0.008877    0.214403    0.237367    7.543790 ^ _11458_/Y (sky130_fd_sc_hd__a21boi_1)
                                                         _04157_ (net)
                      0.214403    0.000095    7.543885 ^ _11460_/B (sky130_fd_sc_hd__xor2_1)
     2    0.007841    0.199934    0.231881    7.775766 ^ _11460_/X (sky130_fd_sc_hd__xor2_1)
                                                         _04159_ (net)
                      0.199934    0.000075    7.775841 ^ _11461_/B (sky130_fd_sc_hd__xor2_1)
     2    0.011646    0.269059    0.281146    8.056987 ^ _11461_/X (sky130_fd_sc_hd__xor2_1)
                                                         _04160_ (net)
                      0.269059    0.000286    8.057272 ^ _11462_/C (sky130_fd_sc_hd__or3_2)
     3    0.017386    0.095518    0.220928    8.278200 ^ _11462_/X (sky130_fd_sc_hd__or3_2)
                                                         _04161_ (net)
                      0.095519    0.000504    8.278705 ^ _11589_/C_N (sky130_fd_sc_hd__nor3b_1)
     2    0.008743    0.319247    0.311578    8.590283 ^ _11589_/Y (sky130_fd_sc_hd__nor3b_1)
                                                         _04299_ (net)
                      0.319247    0.000179    8.590462 ^ _11591_/D_N (sky130_fd_sc_hd__or4bb_4)
     2    0.011457    0.097662    0.521434    9.111896 v _11591_/X (sky130_fd_sc_hd__or4bb_4)
                                                         _04301_ (net)
                      0.097662    0.000125    9.112020 v _11593_/A1 (sky130_fd_sc_hd__a31oi_4)
     4    0.034502    0.307301    0.289457    9.401478 ^ _11593_/Y (sky130_fd_sc_hd__a31oi_4)
                                                         _04303_ (net)
                      0.307337    0.002596    9.404075 ^ _11813_/A3 (sky130_fd_sc_hd__o311a_4)
     3    0.014889    0.069440    0.229718    9.633793 ^ _11813_/X (sky130_fd_sc_hd__o311a_4)
                                                         _04543_ (net)
                      0.069440    0.000215    9.634007 ^ _11884_/B (sky130_fd_sc_hd__nor2_1)
     1    0.005292    0.049483    0.052149    9.686157 v _11884_/Y (sky130_fd_sc_hd__nor2_1)
                                                         _04620_ (net)
                      0.049483    0.000057    9.686213 v _11885_/B (sky130_fd_sc_hd__xnor2_1)
     1    0.002311    0.050603    0.116192    9.802405 v _11885_/Y (sky130_fd_sc_hd__xnor2_1)
                                                         _00018_ (net)
                      0.050603    0.000020    9.802425 v _13683_/D (sky130_fd_sc_hd__dfrtp_1)
                                              9.802425   data arrival time

                                 15.000000   15.000000   clock clk (rise edge)
                                  0.000000   15.000000   clock source latency
     1    0.046681    0.214570    0.152157   15.152157 ^ clk (in)
                                                         clk (net)
                      0.215027    0.000000   15.152157 ^ clkbuf_0_clk/A (sky130_fd_sc_hd__clkbuf_16)
     8    0.151713    0.163939    0.277307   15.429464 ^ clkbuf_0_clk/X (sky130_fd_sc_hd__clkbuf_16)
                                                         clknet_0_clk (net)
                      0.164228    0.004722   15.434186 ^ clkbuf_3_0__f_clk/A (sky130_fd_sc_hd__clkbuf_16)
     9    0.057070    0.076225    0.194644   15.628830 ^ clkbuf_3_0__f_clk/X (sky130_fd_sc_hd__clkbuf_16)
                                                         clknet_3_0__leaf_clk (net)
                      0.076511    0.003281   15.632112 ^ _13683_/CLK (sky130_fd_sc_hd__dfrtp_1)
                                 -0.250000   15.382112   clock uncertainty
                                  0.000000   15.382112   clock reconvergence pessimism
                                 -0.109503   15.272609   library setup time
                                             15.272609   data required time
---------------------------------------------------------------------------------------------
                                             15.272609   data required time
                                             -9.802425   data arrival time
---------------------------------------------------------------------------------------------
                                              5.470183   slack (MET)


Startpoint: x0[4] (input port clocked by clk)
Endpoint: _13666_ (rising edge-triggered flip-flop clocked by clk)
Path Group: clk
Path Type: max

Fanout         Cap        Slew       Delay        Time   Description
---------------------------------------------------------------------------------------------
                                  0.000000    0.000000   clock clk (rise edge)
                                  0.000000    0.000000   clock network delay (propagated)
                                  3.000000    3.000000 ^ input external delay
     1    0.002790    0.019689    0.010262    3.010262 ^ x0[4] (in)
                                                         x0[4] (net)
                      0.019689    0.000000    3.010262 ^ input134/A (sky130_fd_sc_hd__buf_1)
     1    0.012047    0.147881    0.144966    3.155227 ^ input134/X (sky130_fd_sc_hd__buf_1)
                                                         net134 (net)
                      0.147883    0.000424    3.155652 ^ fanout626/A (sky130_fd_sc_hd__buf_4)
     7    0.082821    0.230024    0.280852    3.436504 ^ fanout626/X (sky130_fd_sc_hd__buf_4)
                                                         net626 (net)
                      0.230079    0.002957    3.439460 ^ fanout625/A (sky130_fd_sc_hd__buf_2)
     7    0.035079    0.174443    0.258531    3.697991 ^ fanout625/X (sky130_fd_sc_hd__buf_2)
                                                         net625 (net)
                      0.174443    0.000325    3.698316 ^ fanout624/A (sky130_fd_sc_hd__clkbuf_4)
    10    0.050875    0.157991    0.264746    3.963062 ^ fanout624/X (sky130_fd_sc_hd__clkbuf_4)
                                                         net624 (net)
                      0.157991    0.000170    3.963232 ^ _08850_/B (sky130_fd_sc_hd__and4_1)
     2    0.004557    0.070709    0.215405    4.178637 ^ _08850_/X (sky130_fd_sc_hd__and4_1)
                                                         _01316_ (net)
                      0.070709    0.000035    4.178671 ^ _08852_/A_N (sky130_fd_sc_hd__and2b_1)
     1    0.005165    0.043502    0.187566    4.366238 v _08852_/X (sky130_fd_sc_hd__and2b_1)
                                                         _01318_ (net)
                      0.043502    0.000032    4.366270 v _08853_/B (sky130_fd_sc_hd__xnor2_1)
     3    0.011929    0.303625    0.263758    4.630028 ^ _08853_/Y (sky130_fd_sc_hd__xnor2_1)
                                                         _01319_ (net)
                      0.303625    0.000126    4.630154 ^ _08862_/A (sky130_fd_sc_hd__nand3_2)
     3    0.007882    0.104786    0.126064    4.756218 v _08862_/Y (sky130_fd_sc_hd__nand3_2)
                                                         _01328_ (net)
                      0.104786    0.000044    4.756263 v _08865_/B (sky130_fd_sc_hd__and3_1)
     2    0.006796    0.054092    0.205428    4.961690 v _08865_/X (sky130_fd_sc_hd__and3_1)
                                                         _01331_ (net)
                      0.054092    0.000068    4.961759 v _08868_/A (sky130_fd_sc_hd__or3_4)
     4    0.019957    0.091150    0.424361    5.386119 v _08868_/X (sky130_fd_sc_hd__or3_4)
                                                         _01334_ (net)
                      0.091150    0.000478    5.386598 v _08871_/A (sky130_fd_sc_hd__and3_4)
     4    0.021825    0.053304    0.192405    5.579003 v _08871_/X (sky130_fd_sc_hd__and3_4)
                                                         _01337_ (net)
                      0.053304    0.000236    5.579238 v _08874_/A1 (sky130_fd_sc_hd__o21a_4)
     2    0.012804    0.044646    0.226605    5.805844 v _08874_/X (sky130_fd_sc_hd__o21a_4)
                                                         _01340_ (net)
                      0.044646    0.000142    5.805985 v _08876_/A2 (sky130_fd_sc_hd__o211a_1)
     3    0.009089    0.066651    0.232738    6.038723 v _08876_/X (sky130_fd_sc_hd__o211a_1)
                                                         _01342_ (net)
                      0.066651    0.000121    6.038844 v _08878_/A (sky130_fd_sc_hd__or3_4)
     2    0.007160    0.070174    0.394472    6.433316 v _08878_/X (sky130_fd_sc_hd__or3_4)
                                                         _01345_ (net)
                      0.070174    0.000065    6.433382 v _08880_/B1 (sky130_fd_sc_hd__o211a_4)
     4    0.014443    0.052035    0.162410    6.595791 v _08880_/X (sky130_fd_sc_hd__o211a_4)
                                                         _01347_ (net)
                      0.052035    0.000258    6.596049 v _08884_/B (sky130_fd_sc_hd__or4_4)
     2    0.009983    0.094054    0.527201    7.123250 v _08884_/X (sky130_fd_sc_hd__or4_4)
                                                         _01351_ (net)
                      0.094054    0.000093    7.123343 v _09024_/A1 (sky130_fd_sc_hd__a211o_4)
     4    0.013156    0.062568    0.355077    7.478420 v _09024_/X (sky130_fd_sc_hd__a211o_4)
                                                         _01504_ (net)
                      0.062568    0.000090    7.478509 v _09027_/A2 (sky130_fd_sc_hd__a211o_1)
     2    0.007556    0.070543    0.319947    7.798456 v _09027_/X (sky130_fd_sc_hd__a211o_1)
                                                         _01507_ (net)
                      0.070543    0.000052    7.798509 v _09029_/A1 (sky130_fd_sc_hd__a211o_1)
     2    0.007568    0.070279    0.287519    8.086028 v _09029_/X (sky130_fd_sc_hd__a211o_1)
                                                         _01510_ (net)
                      0.070279    0.000129    8.086157 v _09031_/B2 (sky130_fd_sc_hd__a2bb2o_4)
     2    0.005197    0.035652    0.208335    8.294492 v _09031_/X (sky130_fd_sc_hd__a2bb2o_4)
                                                         _01512_ (net)
                      0.035652    0.000044    8.294535 v _09191_/A2 (sky130_fd_sc_hd__a21o_1)
     2    0.015735    0.085752    0.221665    8.516200 v _09191_/X (sky130_fd_sc_hd__a21o_1)
                                                         _01686_ (net)
                      0.085752    0.000384    8.516584 v _09351_/A1 (sky130_fd_sc_hd__a21oi_4)
     4    0.018366    0.173762    0.192767    8.709351 ^ _09351_/Y (sky130_fd_sc_hd__a21oi_4)
                                                         _01861_ (net)
                      0.173762    0.000419    8.709770 ^ _09892_/D (sky130_fd_sc_hd__nor4_2)
     2    0.008814    0.059185    0.073619    8.783389 v _09892_/Y (sky130_fd_sc_hd__nor4_2)
                                                         _02450_ (net)
                      0.059186    0.000250    8.783640 v _09896_/A3 (sky130_fd_sc_hd__o31a_1)
     3    0.020177    0.122109    0.320777    9.104417 v _09896_/X (sky130_fd_sc_hd__o31a_1)
                                                         _02454_ (net)
                      0.122109    0.000314    9.104732 v _10105_/A3 (sky130_fd_sc_hd__o31a_1)
     3    0.018323    0.113623    0.335758    9.440490 v _10105_/X (sky130_fd_sc_hd__o31a_1)
                                                         _02682_ (net)
                      0.113623    0.000220    9.440710 v rebuffer1/A (sky130_fd_sc_hd__clkbuf_1)
     1    0.004750    0.037133    0.127034    9.567744 v rebuffer1/X (sky130_fd_sc_hd__clkbuf_1)
                                                         net720 (net)
                      0.037133    0.000045    9.567789 v _10175_/A1 (sky130_fd_sc_hd__a21oi_2)
     1    0.005232    0.104034    0.122064    9.689854 ^ _10175_/Y (sky130_fd_sc_hd__a21oi_2)
                                                         _02758_ (net)
                      0.104034    0.000052    9.689905 ^ _10176_/B (sky130_fd_sc_hd__xnor2_1)
     1    0.002926    0.118117    0.122797    9.812702 ^ _10176_/Y (sky130_fd_sc_hd__xnor2_1)
                                                         _00060_ (net)
                      0.118117    0.000030    9.812733 ^ _13666_/D (sky130_fd_sc_hd__dfrtp_1)
                                              9.812733   data arrival time

                                 15.000000   15.000000   clock clk (rise edge)
                                  0.000000   15.000000   clock source latency
     1    0.046681    0.214570    0.152157   15.152157 ^ clk (in)
                                                         clk (net)
                      0.215027    0.000000   15.152157 ^ clkbuf_0_clk/A (sky130_fd_sc_hd__clkbuf_16)
     8    0.151713    0.163939    0.277307   15.429464 ^ clkbuf_0_clk/X (sky130_fd_sc_hd__clkbuf_16)
                                                         clknet_0_clk (net)
                      0.164047    0.001688   15.431152 ^ clkbuf_3_5__f_clk/A (sky130_fd_sc_hd__clkbuf_16)
     9    0.065878    0.084084    0.201426   15.632578 ^ clkbuf_3_5__f_clk/X (sky130_fd_sc_hd__clkbuf_16)
                                                         clknet_3_5__leaf_clk (net)
                      0.084308    0.002949   15.635527 ^ _13666_/CLK (sky130_fd_sc_hd__dfrtp_1)
                                 -0.250000   15.385528   clock uncertainty
                                  0.000000   15.385528   clock reconvergence pessimism
                                 -0.070651   15.314877   library setup time
                                             15.314877   data required time
---------------------------------------------------------------------------------------------
                                             15.314877   data required time
                                             -9.812733   data arrival time
---------------------------------------------------------------------------------------------
                                              5.502145   slack (MET)


Startpoint: x0[4] (input port clocked by clk)
Endpoint: _13667_ (rising edge-triggered flip-flop clocked by clk)
Path Group: clk
Path Type: max

Fanout         Cap        Slew       Delay        Time   Description
---------------------------------------------------------------------------------------------
                                  0.000000    0.000000   clock clk (rise edge)
                                  0.000000    0.000000   clock network delay (propagated)
                                  3.000000    3.000000 ^ input external delay
     1    0.002790    0.019689    0.010262    3.010262 ^ x0[4] (in)
                                                         x0[4] (net)
                      0.019689    0.000000    3.010262 ^ input134/A (sky130_fd_sc_hd__buf_1)
     1    0.012047    0.147881    0.144966    3.155227 ^ input134/X (sky130_fd_sc_hd__buf_1)
                                                         net134 (net)
                      0.147883    0.000424    3.155652 ^ fanout626/A (sky130_fd_sc_hd__buf_4)
     7    0.082821    0.230024    0.280852    3.436504 ^ fanout626/X (sky130_fd_sc_hd__buf_4)
                                                         net626 (net)
                      0.230079    0.002957    3.439460 ^ fanout625/A (sky130_fd_sc_hd__buf_2)
     7    0.035079    0.174443    0.258531    3.697991 ^ fanout625/X (sky130_fd_sc_hd__buf_2)
                                                         net625 (net)
                      0.174443    0.000325    3.698316 ^ fanout624/A (sky130_fd_sc_hd__clkbuf_4)
    10    0.050875    0.157991    0.264746    3.963062 ^ fanout624/X (sky130_fd_sc_hd__clkbuf_4)
                                                         net624 (net)
                      0.157991    0.000170    3.963232 ^ _08850_/B (sky130_fd_sc_hd__and4_1)
     2    0.004557    0.070709    0.215405    4.178637 ^ _08850_/X (sky130_fd_sc_hd__and4_1)
                                                         _01316_ (net)
                      0.070709    0.000035    4.178671 ^ _08852_/A_N (sky130_fd_sc_hd__and2b_1)
     1    0.005165    0.043502    0.187566    4.366238 v _08852_/X (sky130_fd_sc_hd__and2b_1)
                                                         _01318_ (net)
                      0.043502    0.000032    4.366270 v _08853_/B (sky130_fd_sc_hd__xnor2_1)
     3    0.011929    0.303625    0.263758    4.630028 ^ _08853_/Y (sky130_fd_sc_hd__xnor2_1)
                                                         _01319_ (net)
                      0.303625    0.000126    4.630154 ^ _08862_/A (sky130_fd_sc_hd__nand3_2)
     3    0.007882    0.104786    0.126064    4.756218 v _08862_/Y (sky130_fd_sc_hd__nand3_2)
                                                         _01328_ (net)
                      0.104786    0.000044    4.756263 v _08865_/B (sky130_fd_sc_hd__and3_1)
     2    0.006796    0.054092    0.205428    4.961690 v _08865_/X (sky130_fd_sc_hd__and3_1)
                                                         _01331_ (net)
                      0.054092    0.000068    4.961759 v _08868_/A (sky130_fd_sc_hd__or3_4)
     4    0.019957    0.091150    0.424361    5.386119 v _08868_/X (sky130_fd_sc_hd__or3_4)
                                                         _01334_ (net)
                      0.091150    0.000478    5.386598 v _08871_/A (sky130_fd_sc_hd__and3_4)
     4    0.021825    0.053304    0.192405    5.579003 v _08871_/X (sky130_fd_sc_hd__and3_4)
                                                         _01337_ (net)
                      0.053304    0.000236    5.579238 v _08874_/A1 (sky130_fd_sc_hd__o21a_4)
     2    0.012804    0.044646    0.226605    5.805844 v _08874_/X (sky130_fd_sc_hd__o21a_4)
                                                         _01340_ (net)
                      0.044646    0.000142    5.805985 v _08876_/A2 (sky130_fd_sc_hd__o211a_1)
     3    0.009089    0.066651    0.232738    6.038723 v _08876_/X (sky130_fd_sc_hd__o211a_1)
                                                         _01342_ (net)
                      0.066651    0.000121    6.038844 v _08878_/A (sky130_fd_sc_hd__or3_4)
     2    0.007160    0.070174    0.394472    6.433316 v _08878_/X (sky130_fd_sc_hd__or3_4)
                                                         _01345_ (net)
                      0.070174    0.000065    6.433382 v _08880_/B1 (sky130_fd_sc_hd__o211a_4)
     4    0.014443    0.052035    0.162410    6.595791 v _08880_/X (sky130_fd_sc_hd__o211a_4)
                                                         _01347_ (net)
                      0.052035    0.000258    6.596049 v _08884_/B (sky130_fd_sc_hd__or4_4)
     2    0.009983    0.094054    0.527201    7.123250 v _08884_/X (sky130_fd_sc_hd__or4_4)
                                                         _01351_ (net)
                      0.094054    0.000093    7.123343 v _09024_/A1 (sky130_fd_sc_hd__a211o_4)
     4    0.013156    0.062568    0.355077    7.478420 v _09024_/X (sky130_fd_sc_hd__a211o_4)
                                                         _01504_ (net)
                      0.062568    0.000090    7.478509 v _09027_/A2 (sky130_fd_sc_hd__a211o_1)
     2    0.007556    0.070543    0.319947    7.798456 v _09027_/X (sky130_fd_sc_hd__a211o_1)
                                                         _01507_ (net)
                      0.070543    0.000052    7.798509 v _09029_/A1 (sky130_fd_sc_hd__a211o_1)
     2    0.007568    0.070279    0.287519    8.086028 v _09029_/X (sky130_fd_sc_hd__a211o_1)
                                                         _01510_ (net)
                      0.070279    0.000129    8.086157 v _09031_/B2 (sky130_fd_sc_hd__a2bb2o_4)
     2    0.005197    0.035652    0.208335    8.294492 v _09031_/X (sky130_fd_sc_hd__a2bb2o_4)
                                                         _01512_ (net)
                      0.035652    0.000044    8.294535 v _09191_/A2 (sky130_fd_sc_hd__a21o_1)
     2    0.015735    0.085752    0.221665    8.516200 v _09191_/X (sky130_fd_sc_hd__a21o_1)
                                                         _01686_ (net)
                      0.085752    0.000384    8.516584 v _09351_/A1 (sky130_fd_sc_hd__a21oi_4)
     4    0.018366    0.173762    0.192767    8.709351 ^ _09351_/Y (sky130_fd_sc_hd__a21oi_4)
                                                         _01861_ (net)
                      0.173762    0.000419    8.709770 ^ _09892_/D (sky130_fd_sc_hd__nor4_2)
     2    0.008814    0.059185    0.073619    8.783389 v _09892_/Y (sky130_fd_sc_hd__nor4_2)
                                                         _02450_ (net)
                      0.059186    0.000250    8.783640 v _09896_/A3 (sky130_fd_sc_hd__o31a_1)
     3    0.020177    0.122109    0.320777    9.104417 v _09896_/X (sky130_fd_sc_hd__o31a_1)
                                                         _02454_ (net)
                      0.122109    0.000314    9.104732 v _10105_/A3 (sky130_fd_sc_hd__o31a_1)
     3    0.018323    0.113623    0.335758    9.440490 v _10105_/X (sky130_fd_sc_hd__o31a_1)
                                                         _02682_ (net)
                      0.113623    0.000204    9.440694 v _10178_/A1 (sky130_fd_sc_hd__a31o_1)
     1    0.006244    0.052244    0.214725    9.655419 v _10178_/X (sky130_fd_sc_hd__a31o_1)
                                                         _02761_ (net)
                      0.052244    0.000105    9.655523 v _10209_/A (sky130_fd_sc_hd__xnor2_1)
     1    0.002315    0.043492    0.119001    9.774525 v _10209_/Y (sky130_fd_sc_hd__xnor2_1)
                                                         _00061_ (net)
                      0.043492    0.000020    9.774544 v _13667_/D (sky130_fd_sc_hd__dfrtp_1)
                                              9.774544   data arrival time

                                 15.000000   15.000000   clock clk (rise edge)
                                  0.000000   15.000000   clock source latency
     1    0.046681    0.214570    0.152157   15.152157 ^ clk (in)
                                                         clk (net)
                      0.215027    0.000000   15.152157 ^ clkbuf_0_clk/A (sky130_fd_sc_hd__clkbuf_16)
     8    0.151713    0.163939    0.277307   15.429464 ^ clkbuf_0_clk/X (sky130_fd_sc_hd__clkbuf_16)
                                                         clknet_0_clk (net)
                      0.164047    0.001688   15.431152 ^ clkbuf_3_5__f_clk/A (sky130_fd_sc_hd__clkbuf_16)
     9    0.065878    0.084084    0.201426   15.632578 ^ clkbuf_3_5__f_clk/X (sky130_fd_sc_hd__clkbuf_16)
                                                         clknet_3_5__leaf_clk (net)
                      0.084314    0.003000   15.635578 ^ _13667_/CLK (sky130_fd_sc_hd__dfrtp_1)
                                 -0.250000   15.385579   clock uncertainty
                                  0.000000   15.385579   clock reconvergence pessimism
                                 -0.104621   15.280959   library setup time
                                             15.280959   data required time
---------------------------------------------------------------------------------------------
                                             15.280959   data required time
                                             -9.774544   data arrival time
---------------------------------------------------------------------------------------------
                                              5.506415   slack (MET)


Startpoint: x0[4] (input port clocked by clk)
Endpoint: _13650_ (rising edge-triggered flip-flop clocked by clk)
Path Group: clk
Path Type: max

Fanout         Cap        Slew       Delay        Time   Description
---------------------------------------------------------------------------------------------
                                  0.000000    0.000000   clock clk (rise edge)
                                  0.000000    0.000000   clock network delay (propagated)
                                  3.000000    3.000000 ^ input external delay
     1    0.002790    0.019689    0.010262    3.010262 ^ x0[4] (in)
                                                         x0[4] (net)
                      0.019689    0.000000    3.010262 ^ input134/A (sky130_fd_sc_hd__buf_1)
     1    0.012047    0.147881    0.144966    3.155227 ^ input134/X (sky130_fd_sc_hd__buf_1)
                                                         net134 (net)
                      0.147883    0.000424    3.155652 ^ fanout626/A (sky130_fd_sc_hd__buf_4)
     7    0.082821    0.230024    0.280852    3.436504 ^ fanout626/X (sky130_fd_sc_hd__buf_4)
                                                         net626 (net)
                      0.230079    0.002957    3.439460 ^ fanout625/A (sky130_fd_sc_hd__buf_2)
     7    0.035079    0.174443    0.258531    3.697991 ^ fanout625/X (sky130_fd_sc_hd__buf_2)
                                                         net625 (net)
                      0.174443    0.000325    3.698316 ^ fanout624/A (sky130_fd_sc_hd__clkbuf_4)
    10    0.050875    0.157991    0.264746    3.963062 ^ fanout624/X (sky130_fd_sc_hd__clkbuf_4)
                                                         net624 (net)
                      0.158162    0.003237    3.966299 ^ _12254_/B (sky130_fd_sc_hd__and4_1)
     2    0.004661    0.071556    0.216276    4.182575 ^ _12254_/X (sky130_fd_sc_hd__and4_1)
                                                         _05020_ (net)
                      0.071556    0.000036    4.182611 ^ _12256_/A_N (sky130_fd_sc_hd__and2b_1)
     1    0.005131    0.043357    0.187644    4.370255 v _12256_/X (sky130_fd_sc_hd__and2b_1)
                                                         _05022_ (net)
                      0.043357    0.000051    4.370306 v _12257_/B (sky130_fd_sc_hd__xnor2_1)
     3    0.009852    0.253280    0.232392    4.602698 ^ _12257_/Y (sky130_fd_sc_hd__xnor2_1)
                                                         _05023_ (net)
                      0.253280    0.000151    4.602849 ^ _12266_/A (sky130_fd_sc_hd__nand3_1)
     3    0.007289    0.118763    0.150183    4.753031 v _12266_/Y (sky130_fd_sc_hd__nand3_1)
                                                         _05033_ (net)
                      0.118763    0.000048    4.753079 v _12269_/A (sky130_fd_sc_hd__and3_1)
     2    0.005674    0.049033    0.185629    4.938708 v _12269_/X (sky130_fd_sc_hd__and3_1)
                                                         _05037_ (net)
                      0.049033    0.000056    4.938764 v _12272_/A (sky130_fd_sc_hd__or3_4)
     4    0.016983    0.087822    0.416915    5.355679 v _12272_/X (sky130_fd_sc_hd__or3_4)
                                                         _05040_ (net)
                      0.087822    0.000165    5.355844 v _12275_/A (sky130_fd_sc_hd__and3_4)
     4    0.021725    0.053200    0.190836    5.546680 v _12275_/X (sky130_fd_sc_hd__and3_4)
                                                         _05043_ (net)
                      0.053200    0.000052    5.546732 v _12278_/A1 (sky130_fd_sc_hd__o21a_4)
     2    0.015451    0.048027    0.231759    5.778491 v _12278_/X (sky130_fd_sc_hd__o21a_4)
                                                         _05047_ (net)
                      0.048029    0.000415    5.778906 v _12280_/A2 (sky130_fd_sc_hd__o211a_1)
     3    0.007586    0.060532    0.226109    6.005016 v _12280_/X (sky130_fd_sc_hd__o211a_1)
                                                         _05049_ (net)
                      0.060532    0.000028    6.005044 v _12282_/C (sky130_fd_sc_hd__or3_4)
     2    0.008074    0.071568    0.338289    6.343332 v _12282_/X (sky130_fd_sc_hd__or3_4)
                                                         _05051_ (net)
                      0.071568    0.000071    6.343402 v _12284_/B1 (sky130_fd_sc_hd__o211a_4)
     4    0.014656    0.052319    0.163505    6.506907 v _12284_/X (sky130_fd_sc_hd__o211a_4)
                                                         _05053_ (net)
                      0.052319    0.000092    6.506999 v _12288_/B (sky130_fd_sc_hd__or4_4)
     2    0.011017    0.095903    0.531009    7.038008 v _12288_/X (sky130_fd_sc_hd__or4_4)
                                                         _05058_ (net)
                      0.095903    0.000102    7.038110 v _12426_/A1 (sky130_fd_sc_hd__a211o_4)
     4    0.012118    0.060826    0.353108    7.391218 v _12426_/X (sky130_fd_sc_hd__a211o_4)
                                                         _05208_ (net)
                      0.060826    0.000118    7.391336 v _12429_/A2 (sky130_fd_sc_hd__a211o_1)
     2    0.010569    0.082693    0.335381    7.726717 v _12429_/X (sky130_fd_sc_hd__a211o_1)
                                                         _05212_ (net)
                      0.082693    0.000204    7.726922 v _12431_/A1 (sky130_fd_sc_hd__a211o_1)
     2    0.005040    0.057901    0.277461    8.004382 v _12431_/X (sky130_fd_sc_hd__a211o_1)
                                                         _05214_ (net)
                      0.057901    0.000024    8.004406 v _12433_/B2 (sky130_fd_sc_hd__a22o_1)
     2    0.008260    0.065128    0.226911    8.231318 v _12433_/X (sky130_fd_sc_hd__a22o_1)
                                                         _05216_ (net)
                      0.065128    0.000067    8.231384 v _12593_/A1 (sky130_fd_sc_hd__a21oi_2)
     3    0.011579    0.167591    0.187161    8.418545 ^ _12593_/Y (sky130_fd_sc_hd__a21oi_2)
                                                         _05391_ (net)
                      0.167591    0.000123    8.418669 ^ _12755_/A1 (sky130_fd_sc_hd__o21ba_4)
     3    0.008465    0.048069    0.174317    8.592986 ^ _12755_/X (sky130_fd_sc_hd__o21ba_4)
                                                         _05567_ (net)
                      0.048069    0.000115    8.593101 ^ _13305_/A_N (sky130_fd_sc_hd__and4bb_1)
     2    0.008537    0.064509    0.202441    8.795542 v _13305_/X (sky130_fd_sc_hd__and4bb_1)
                                                         _06168_ (net)
                      0.064509    0.000134    8.795675 v _13310_/A3 (sky130_fd_sc_hd__o31a_4)
     2    0.031030    0.085101    0.328855    9.124531 v _13310_/X (sky130_fd_sc_hd__o31a_4)
                                                         _06174_ (net)
                      0.085168    0.002161    9.126692 v _13525_/A3 (sky130_fd_sc_hd__o31ai_4)
     3    0.024470    0.343972    0.319921    9.446612 ^ _13525_/Y (sky130_fd_sc_hd__o31ai_4)
                                                         _06408_ (net)
                      0.343972    0.000405    9.447018 ^ _13597_/A3 (sky130_fd_sc_hd__o32a_1)
     1    0.006797    0.085244    0.220750    9.667768 ^ _13597_/X (sky130_fd_sc_hd__o32a_1)
                                                         _06485_ (net)
                      0.085244    0.000108    9.667875 ^ _13632_/A (sky130_fd_sc_hd__xnor2_1)
     1    0.002350    0.109179    0.112828    9.780704 ^ _13632_/Y (sky130_fd_sc_hd__xnor2_1)
                                                         _00033_ (net)
                      0.109179    0.000012    9.780715 ^ _13650_/D (sky130_fd_sc_hd__dfrtp_1)
                                              9.780715   data arrival time

                                 15.000000   15.000000   clock clk (rise edge)
                                  0.000000   15.000000   clock source latency
     1    0.046681    0.214570    0.152157   15.152157 ^ clk (in)
                                                         clk (net)
                      0.215027    0.000000   15.152157 ^ clkbuf_0_clk/A (sky130_fd_sc_hd__clkbuf_16)
     8    0.151713    0.163939    0.277307   15.429464 ^ clkbuf_0_clk/X (sky130_fd_sc_hd__clkbuf_16)
                                                         clknet_0_clk (net)
                      0.164047    0.001688   15.431152 ^ clkbuf_3_5__f_clk/A (sky130_fd_sc_hd__clkbuf_16)
     9    0.065878    0.084084    0.201426   15.632578 ^ clkbuf_3_5__f_clk/X (sky130_fd_sc_hd__clkbuf_16)
                                                         clknet_3_5__leaf_clk (net)
                      0.084117    0.001679   15.634257 ^ _13650_/CLK (sky130_fd_sc_hd__dfrtp_1)
                                 -0.250000   15.384258   clock uncertainty
                                  0.000000   15.384258   clock reconvergence pessimism
                                 -0.068636   15.315623   library setup time
                                             15.315623   data required time
---------------------------------------------------------------------------------------------
                                             15.315623   data required time
                                             -9.780715   data arrival time
---------------------------------------------------------------------------------------------
                                              5.534908   slack (MET)


Startpoint: x0[4] (input port clocked by clk)
Endpoint: _13649_ (rising edge-triggered flip-flop clocked by clk)
Path Group: clk
Path Type: max

Fanout         Cap        Slew       Delay        Time   Description
---------------------------------------------------------------------------------------------
                                  0.000000    0.000000   clock clk (rise edge)
                                  0.000000    0.000000   clock network delay (propagated)
                                  3.000000    3.000000 ^ input external delay
     1    0.002790    0.019689    0.010262    3.010262 ^ x0[4] (in)
                                                         x0[4] (net)
                      0.019689    0.000000    3.010262 ^ input134/A (sky130_fd_sc_hd__buf_1)
     1    0.012047    0.147881    0.144966    3.155227 ^ input134/X (sky130_fd_sc_hd__buf_1)
                                                         net134 (net)
                      0.147883    0.000424    3.155652 ^ fanout626/A (sky130_fd_sc_hd__buf_4)
     7    0.082821    0.230024    0.280852    3.436504 ^ fanout626/X (sky130_fd_sc_hd__buf_4)
                                                         net626 (net)
                      0.230079    0.002957    3.439460 ^ fanout625/A (sky130_fd_sc_hd__buf_2)
     7    0.035079    0.174443    0.258531    3.697991 ^ fanout625/X (sky130_fd_sc_hd__buf_2)
                                                         net625 (net)
                      0.174443    0.000325    3.698316 ^ fanout624/A (sky130_fd_sc_hd__clkbuf_4)
    10    0.050875    0.157991    0.264746    3.963062 ^ fanout624/X (sky130_fd_sc_hd__clkbuf_4)
                                                         net624 (net)
                      0.158162    0.003237    3.966299 ^ _12254_/B (sky130_fd_sc_hd__and4_1)
     2    0.004661    0.071556    0.216276    4.182575 ^ _12254_/X (sky130_fd_sc_hd__and4_1)
                                                         _05020_ (net)
                      0.071556    0.000036    4.182611 ^ _12256_/A_N (sky130_fd_sc_hd__and2b_1)
     1    0.005131    0.043357    0.187644    4.370255 v _12256_/X (sky130_fd_sc_hd__and2b_1)
                                                         _05022_ (net)
                      0.043357    0.000051    4.370306 v _12257_/B (sky130_fd_sc_hd__xnor2_1)
     3    0.009852    0.253280    0.232392    4.602698 ^ _12257_/Y (sky130_fd_sc_hd__xnor2_1)
                                                         _05023_ (net)
                      0.253280    0.000151    4.602849 ^ _12266_/A (sky130_fd_sc_hd__nand3_1)
     3    0.007289    0.118763    0.150183    4.753031 v _12266_/Y (sky130_fd_sc_hd__nand3_1)
                                                         _05033_ (net)
                      0.118763    0.000048    4.753079 v _12269_/A (sky130_fd_sc_hd__and3_1)
     2    0.005674    0.049033    0.185629    4.938708 v _12269_/X (sky130_fd_sc_hd__and3_1)
                                                         _05037_ (net)
                      0.049033    0.000056    4.938764 v _12272_/A (sky130_fd_sc_hd__or3_4)
     4    0.016983    0.087822    0.416915    5.355679 v _12272_/X (sky130_fd_sc_hd__or3_4)
                                                         _05040_ (net)
                      0.087822    0.000165    5.355844 v _12275_/A (sky130_fd_sc_hd__and3_4)
     4    0.021725    0.053200    0.190836    5.546680 v _12275_/X (sky130_fd_sc_hd__and3_4)
                                                         _05043_ (net)
                      0.053200    0.000052    5.546732 v _12278_/A1 (sky130_fd_sc_hd__o21a_4)
     2    0.015451    0.048027    0.231759    5.778491 v _12278_/X (sky130_fd_sc_hd__o21a_4)
                                                         _05047_ (net)
                      0.048029    0.000415    5.778906 v _12280_/A2 (sky130_fd_sc_hd__o211a_1)
     3    0.007586    0.060532    0.226109    6.005016 v _12280_/X (sky130_fd_sc_hd__o211a_1)
                                                         _05049_ (net)
                      0.060532    0.000028    6.005044 v _12282_/C (sky130_fd_sc_hd__or3_4)
     2    0.008074    0.071568    0.338289    6.343332 v _12282_/X (sky130_fd_sc_hd__or3_4)
                                                         _05051_ (net)
                      0.071568    0.000071    6.343402 v _12284_/B1 (sky130_fd_sc_hd__o211a_4)
     4    0.014656    0.052319    0.163505    6.506907 v _12284_/X (sky130_fd_sc_hd__o211a_4)
                                                         _05053_ (net)
                      0.052319    0.000092    6.506999 v _12288_/B (sky130_fd_sc_hd__or4_4)
     2    0.011017    0.095903    0.531009    7.038008 v _12288_/X (sky130_fd_sc_hd__or4_4)
                                                         _05058_ (net)
                      0.095903    0.000102    7.038110 v _12426_/A1 (sky130_fd_sc_hd__a211o_4)
     4    0.012118    0.060826    0.353108    7.391218 v _12426_/X (sky130_fd_sc_hd__a211o_4)
                                                         _05208_ (net)
                      0.060826    0.000118    7.391336 v _12429_/A2 (sky130_fd_sc_hd__a211o_1)
     2    0.010569    0.082693    0.335381    7.726717 v _12429_/X (sky130_fd_sc_hd__a211o_1)
                                                         _05212_ (net)
                      0.082693    0.000204    7.726922 v _12431_/A1 (sky130_fd_sc_hd__a211o_1)
     2    0.005040    0.057901    0.277461    8.004382 v _12431_/X (sky130_fd_sc_hd__a211o_1)
                                                         _05214_ (net)
                      0.057901    0.000024    8.004406 v _12433_/B2 (sky130_fd_sc_hd__a22o_1)
     2    0.008260    0.065128    0.226911    8.231318 v _12433_/X (sky130_fd_sc_hd__a22o_1)
                                                         _05216_ (net)
                      0.065128    0.000067    8.231384 v _12593_/A1 (sky130_fd_sc_hd__a21oi_2)
     3    0.011579    0.167591    0.187161    8.418545 ^ _12593_/Y (sky130_fd_sc_hd__a21oi_2)
                                                         _05391_ (net)
                      0.167591    0.000123    8.418669 ^ _12755_/A1 (sky130_fd_sc_hd__o21ba_4)
     3    0.008465    0.048069    0.174317    8.592986 ^ _12755_/X (sky130_fd_sc_hd__o21ba_4)
                                                         _05567_ (net)
                      0.048069    0.000115    8.593101 ^ _13305_/A_N (sky130_fd_sc_hd__and4bb_1)
     2    0.008537    0.064509    0.202441    8.795542 v _13305_/X (sky130_fd_sc_hd__and4bb_1)
                                                         _06168_ (net)
                      0.064509    0.000134    8.795675 v _13310_/A3 (sky130_fd_sc_hd__o31a_4)
     2    0.031030    0.085101    0.328855    9.124531 v _13310_/X (sky130_fd_sc_hd__o31a_4)
                                                         _06174_ (net)
                      0.085168    0.002161    9.126692 v _13525_/A3 (sky130_fd_sc_hd__o31ai_4)
     3    0.024470    0.343972    0.319921    9.446612 ^ _13525_/Y (sky130_fd_sc_hd__o31ai_4)
                                                         _06408_ (net)
                      0.343972    0.000417    9.447029 ^ _13594_/A2 (sky130_fd_sc_hd__o21bai_1)
     1    0.005638    0.085202    0.127654    9.574683 v _13594_/Y (sky130_fd_sc_hd__o21bai_1)
                                                         _06483_ (net)
                      0.085202    0.000070    9.574754 v _13595_/B (sky130_fd_sc_hd__xnor2_1)
     1    0.003723    0.051458    0.139886    9.714640 v _13595_/Y (sky130_fd_sc_hd__xnor2_1)
                                                         _00032_ (net)
                      0.051458    0.000048    9.714688 v _13649_/D (sky130_fd_sc_hd__dfrtp_1)
                                              9.714688   data arrival time

                                 15.000000   15.000000   clock clk (rise edge)
                                  0.000000   15.000000   clock source latency
     1    0.046681    0.214570    0.152157   15.152157 ^ clk (in)
                                                         clk (net)
                      0.215027    0.000000   15.152157 ^ clkbuf_0_clk/A (sky130_fd_sc_hd__clkbuf_16)
     8    0.151713    0.163939    0.277307   15.429464 ^ clkbuf_0_clk/X (sky130_fd_sc_hd__clkbuf_16)
                                                         clknet_0_clk (net)
                      0.164047    0.001688   15.431152 ^ clkbuf_3_5__f_clk/A (sky130_fd_sc_hd__clkbuf_16)
     9    0.065878    0.084084    0.201426   15.632578 ^ clkbuf_3_5__f_clk/X (sky130_fd_sc_hd__clkbuf_16)
                                                         clknet_3_5__leaf_clk (net)
                      0.084113    0.001590   15.634169 ^ _13649_/CLK (sky130_fd_sc_hd__dfrtp_1)
                                 -0.250000   15.384169   clock uncertainty
                                  0.000000   15.384169   clock reconvergence pessimism
                                 -0.108135   15.276033   library setup time
                                             15.276033   data required time
---------------------------------------------------------------------------------------------
                                             15.276033   data required time
                                             -9.714688   data arrival time
---------------------------------------------------------------------------------------------
                                              5.561345   slack (MET)


Startpoint: x1[0] (input port clocked by clk)
Endpoint: _13682_ (rising edge-triggered flip-flop clocked by clk)
Path Group: clk
Path Type: max

Fanout         Cap        Slew       Delay        Time   Description
---------------------------------------------------------------------------------------------
                                  0.000000    0.000000   clock clk (rise edge)
                                  0.000000    0.000000   clock network delay (propagated)
                                  3.000000    3.000000 ^ input external delay
     1    0.003421    0.022420    0.012481    3.012481 ^ x1[0] (in)
                                                         x1[0] (net)
                      0.022420    0.000000    3.012481 ^ input138/A (sky130_fd_sc_hd__clkbuf_1)
     1    0.002390    0.039623    0.069366    3.081847 ^ input138/X (sky130_fd_sc_hd__clkbuf_1)
                                                         net138 (net)
                      0.039623    0.000024    3.081872 ^ fanout597/A (sky130_fd_sc_hd__buf_2)
     5    0.048298    0.236214    0.240938    3.322810 ^ fanout597/X (sky130_fd_sc_hd__buf_2)
                                                         net597 (net)
                      0.236292    0.003545    3.326355 ^ fanout592/A (sky130_fd_sc_hd__buf_2)
     7    0.050774    0.247620    0.309268    3.635623 ^ fanout592/X (sky130_fd_sc_hd__buf_2)
                                                         net592 (net)
                      0.247715    0.004038    3.639661 ^ fanout591/A (sky130_fd_sc_hd__clkbuf_2)
     5    0.036526    0.201022    0.276213    3.915874 ^ fanout591/X (sky130_fd_sc_hd__clkbuf_2)
                                                         net591 (net)
                      0.201024    0.001040    3.916914 ^ fanout588/A (sky130_fd_sc_hd__buf_2)
    10    0.041452    0.204102    0.271261    4.188175 ^ fanout588/X (sky130_fd_sc_hd__buf_2)
                                                         net588 (net)
                      0.204112    0.001649    4.189824 ^ _10922_/A (sky130_fd_sc_hd__and3_1)
     4    0.010933    0.120669    0.240485    4.430309 ^ _10922_/X (sky130_fd_sc_hd__and3_1)
                                                         _03570_ (net)
                      0.120669    0.000050    4.430358 ^ _10925_/A_N (sky130_fd_sc_hd__and4b_1)
     3    0.008732    0.064811    0.234635    4.664993 v _10925_/X (sky130_fd_sc_hd__and4b_1)
                                                         _03573_ (net)
                      0.064811    0.000062    4.665055 v _11082_/B1_N (sky130_fd_sc_hd__o21ba_2)
     5    0.027984    0.169185    0.333100    4.998155 ^ _11082_/X (sky130_fd_sc_hd__o21ba_2)
                                                         _03745_ (net)
                      0.169185    0.000396    4.998551 ^ fanout249/A (sky130_fd_sc_hd__clkbuf_4)
    10    0.046616    0.147480    0.254203    5.252754 ^ fanout249/X (sky130_fd_sc_hd__clkbuf_4)
                                                         net249 (net)
                      0.147480    0.000310    5.253064 ^ _11083_/B (sky130_fd_sc_hd__xor2_1)
     2    0.007809    0.199339    0.223094    5.476158 ^ _11083_/X (sky130_fd_sc_hd__xor2_1)
                                                         _03746_ (net)
                      0.199339    0.000079    5.476236 ^ _11085_/B (sky130_fd_sc_hd__xor2_1)
     2    0.009879    0.236755    0.257366    5.733602 ^ _11085_/X (sky130_fd_sc_hd__xor2_1)
                                                         _03748_ (net)
                      0.236755    0.000155    5.733757 ^ _11087_/B (sky130_fd_sc_hd__xor2_1)
     2    0.008095    0.211992    0.238113    5.971870 ^ _11087_/X (sky130_fd_sc_hd__xor2_1)
                                                         _03750_ (net)
                      0.211992    0.000064    5.971934 ^ _11088_/B (sky130_fd_sc_hd__xor2_1)
     3    0.011858    0.272891    0.285549    6.257483 ^ _11088_/X (sky130_fd_sc_hd__xor2_1)
                                                         _03752_ (net)
                      0.272891    0.000153    6.257637 ^ _11092_/A (sky130_fd_sc_hd__xor2_1)
     1    0.004956    0.153826    0.200531    6.458167 ^ _11092_/X (sky130_fd_sc_hd__xor2_1)
                                                         _03756_ (net)
                      0.153826    0.000024    6.458191 ^ _11093_/B (sky130_fd_sc_hd__xnor2_1)
     2    0.007925    0.222411    0.172615    6.630806 ^ _11093_/Y (sky130_fd_sc_hd__xnor2_1)
                                                         _03757_ (net)
                      0.222411    0.000068    6.630874 ^ _11095_/B (sky130_fd_sc_hd__xnor2_1)
     2    0.007910    0.214369    0.184763    6.815638 ^ _11095_/Y (sky130_fd_sc_hd__xnor2_1)
                                                         _03759_ (net)
                      0.214369    0.000133    6.815770 ^ _11097_/B (sky130_fd_sc_hd__xnor2_1)
     2    0.008230    0.087738    0.129993    6.945763 v _11097_/Y (sky130_fd_sc_hd__xnor2_1)
                                                         _03761_ (net)
                      0.087738    0.000036    6.945799 v _11321_/A1 (sky130_fd_sc_hd__a21bo_1)
     2    0.008613    0.060204    0.206483    7.152283 v _11321_/X (sky130_fd_sc_hd__a21bo_1)
                                                         _04007_ (net)
                      0.060204    0.000111    7.152394 v _11323_/B (sky130_fd_sc_hd__xnor2_1)
     2    0.008196    0.092069    0.153963    7.306357 v _11323_/Y (sky130_fd_sc_hd__xnor2_1)
                                                         _04009_ (net)
                      0.092069    0.000065    7.306422 v _11458_/A2 (sky130_fd_sc_hd__a21boi_1)
     2    0.008877    0.214403    0.237367    7.543790 ^ _11458_/Y (sky130_fd_sc_hd__a21boi_1)
                                                         _04157_ (net)
                      0.214403    0.000095    7.543885 ^ _11460_/B (sky130_fd_sc_hd__xor2_1)
     2    0.007841    0.199934    0.231881    7.775766 ^ _11460_/X (sky130_fd_sc_hd__xor2_1)
                                                         _04159_ (net)
                      0.199934    0.000075    7.775841 ^ _11461_/B (sky130_fd_sc_hd__xor2_1)
     2    0.011646    0.269059    0.281146    8.056987 ^ _11461_/X (sky130_fd_sc_hd__xor2_1)
                                                         _04160_ (net)
                      0.269059    0.000286    8.057272 ^ _11462_/C (sky130_fd_sc_hd__or3_2)
     3    0.017386    0.095518    0.220928    8.278200 ^ _11462_/X (sky130_fd_sc_hd__or3_2)
                                                         _04161_ (net)
                      0.095519    0.000504    8.278705 ^ _11589_/C_N (sky130_fd_sc_hd__nor3b_1)
     2    0.008743    0.319247    0.311578    8.590283 ^ _11589_/Y (sky130_fd_sc_hd__nor3b_1)
                                                         _04299_ (net)
                      0.319247    0.000179    8.590462 ^ _11591_/D_N (sky130_fd_sc_hd__or4bb_4)
     2    0.011457    0.097662    0.521434    9.111896 v _11591_/X (sky130_fd_sc_hd__or4bb_4)
                                                         _04301_ (net)
                      0.097662    0.000125    9.112020 v _11593_/A1 (sky130_fd_sc_hd__a31oi_4)
     4    0.034502    0.307301    0.289457    9.401478 ^ _11593_/Y (sky130_fd_sc_hd__a31oi_4)
                                                         _04303_ (net)
                      0.307337    0.002596    9.404075 ^ _11813_/A3 (sky130_fd_sc_hd__o311a_4)
     3    0.014889    0.069440    0.229718    9.633793 ^ _11813_/X (sky130_fd_sc_hd__o311a_4)
                                                         _04543_ (net)
                      0.069440    0.000112    9.633904 ^ _11815_/A (sky130_fd_sc_hd__nor2_1)
     1    0.002337    0.027214    0.045787    9.679692 v _11815_/Y (sky130_fd_sc_hd__nor2_1)
                                                         _00017_ (net)
                      0.027214    0.000012    9.679704 v _13682_/D (sky130_fd_sc_hd__dfrtp_1)
                                              9.679704   data arrival time

                                 15.000000   15.000000   clock clk (rise edge)
                                  0.000000   15.000000   clock source latency
     1    0.046681    0.214570    0.152157   15.152157 ^ clk (in)
                                                         clk (net)
                      0.215027    0.000000   15.152157 ^ clkbuf_0_clk/A (sky130_fd_sc_hd__clkbuf_16)
     8    0.151713    0.163939    0.277307   15.429464 ^ clkbuf_0_clk/X (sky130_fd_sc_hd__clkbuf_16)
                                                         clknet_0_clk (net)
                      0.164228    0.004722   15.434186 ^ clkbuf_3_0__f_clk/A (sky130_fd_sc_hd__clkbuf_16)
     9    0.057070    0.076225    0.194644   15.628830 ^ clkbuf_3_0__f_clk/X (sky130_fd_sc_hd__clkbuf_16)
                                                         clknet_3_0__leaf_clk (net)
                      0.076470    0.002970   15.631801 ^ _13682_/CLK (sky130_fd_sc_hd__dfrtp_1)
                                 -0.250000   15.381802   clock uncertainty
                                  0.000000   15.381802   clock reconvergence pessimism
                                 -0.099327   15.282475   library setup time
                                             15.282475   data required time
---------------------------------------------------------------------------------------------
                                             15.282475   data required time
                                             -9.679704   data arrival time
---------------------------------------------------------------------------------------------
                                              5.602771   slack (MET)


Startpoint: x1[0] (input port clocked by clk)
Endpoint: _13701_ (rising edge-triggered flip-flop clocked by clk)
Path Group: clk
Path Type: max

Fanout         Cap        Slew       Delay        Time   Description
---------------------------------------------------------------------------------------------
                                  0.000000    0.000000   clock clk (rise edge)
                                  0.000000    0.000000   clock network delay (propagated)
                                  3.000000    3.000000 ^ input external delay
     1    0.003421    0.022420    0.012481    3.012481 ^ x1[0] (in)
                                                         x1[0] (net)
                      0.022420    0.000000    3.012481 ^ input138/A (sky130_fd_sc_hd__clkbuf_1)
     1    0.002390    0.039623    0.069366    3.081847 ^ input138/X (sky130_fd_sc_hd__clkbuf_1)
                                                         net138 (net)
                      0.039623    0.000024    3.081872 ^ fanout597/A (sky130_fd_sc_hd__buf_2)
     5    0.048298    0.236214    0.240938    3.322810 ^ fanout597/X (sky130_fd_sc_hd__buf_2)
                                                         net597 (net)
                      0.236292    0.003545    3.326355 ^ fanout592/A (sky130_fd_sc_hd__buf_2)
     7    0.050774    0.247620    0.309268    3.635623 ^ fanout592/X (sky130_fd_sc_hd__buf_2)
                                                         net592 (net)
                      0.247715    0.004038    3.639661 ^ fanout591/A (sky130_fd_sc_hd__clkbuf_2)
     5    0.036526    0.201022    0.276213    3.915874 ^ fanout591/X (sky130_fd_sc_hd__clkbuf_2)
                                                         net591 (net)
                      0.201024    0.001040    3.916914 ^ fanout588/A (sky130_fd_sc_hd__buf_2)
    10    0.041452    0.204102    0.271261    4.188175 ^ fanout588/X (sky130_fd_sc_hd__buf_2)
                                                         net588 (net)
                      0.204112    0.001690    4.189865 ^ _07533_/A (sky130_fd_sc_hd__or2_4)
     9    0.062999    0.194681    0.277076    4.466941 ^ _07533_/X (sky130_fd_sc_hd__or2_4)
                                                         _06762_ (net)
                      0.194767    0.003407    4.470348 ^ _07534_/B (sky130_fd_sc_hd__and3b_1)
     2    0.009680    0.109680    0.233325    4.703673 ^ _07534_/X (sky130_fd_sc_hd__and3b_1)
                                                         _06763_ (net)
                      0.109680    0.000029    4.703703 ^ _07695_/A1 (sky130_fd_sc_hd__o21ba_2)
     5    0.024321    0.149168    0.236414    4.940117 ^ _07695_/X (sky130_fd_sc_hd__o21ba_2)
                                                         _00174_ (net)
                      0.149168    0.000158    4.940275 ^ fanout252/A (sky130_fd_sc_hd__clkbuf_4)
    10    0.048084    0.150974    0.250331    5.190606 ^ fanout252/X (sky130_fd_sc_hd__clkbuf_4)
                                                         net252 (net)
                      0.150974    0.000207    5.190813 ^ _07696_/B (sky130_fd_sc_hd__xor2_1)
     2    0.006935    0.183754    0.211784    5.402597 ^ _07696_/X (sky130_fd_sc_hd__xor2_1)
                                                         _00175_ (net)
                      0.183754    0.000072    5.402669 ^ _07698_/B (sky130_fd_sc_hd__xor2_1)
     2    0.008804    0.217272    0.240998    5.643668 ^ _07698_/X (sky130_fd_sc_hd__xor2_1)
                                                         _00177_ (net)
                      0.217272    0.000113    5.643781 ^ _07700_/B (sky130_fd_sc_hd__xor2_1)
     2    0.007436    0.199777    0.226819    5.870600 ^ _07700_/X (sky130_fd_sc_hd__xor2_1)
                                                         _00179_ (net)
                      0.199777    0.000036    5.870635 ^ _07701_/B (sky130_fd_sc_hd__xor2_1)
     3    0.011714    0.270250    0.282068    6.152703 ^ _07701_/X (sky130_fd_sc_hd__xor2_1)
                                                         _00180_ (net)
                      0.270250    0.000189    6.152892 ^ _07705_/A (sky130_fd_sc_hd__xor2_1)
     1    0.005125    0.151904    0.202439    6.355331 ^ _07705_/X (sky130_fd_sc_hd__xor2_1)
                                                         _00184_ (net)
                      0.151904    0.000050    6.355381 ^ _07706_/B (sky130_fd_sc_hd__xnor2_1)
     2    0.007654    0.216913    0.170258    6.525639 ^ _07706_/Y (sky130_fd_sc_hd__xnor2_1)
                                                         _00185_ (net)
                      0.216913    0.000028    6.525666 ^ _07708_/B (sky130_fd_sc_hd__xnor2_1)
     2    0.007379    0.203900    0.179766    6.705432 ^ _07708_/Y (sky130_fd_sc_hd__xnor2_1)
                                                         _00187_ (net)
                      0.203900    0.000077    6.705509 ^ _07710_/B (sky130_fd_sc_hd__xnor2_1)
     2    0.010560    0.267412    0.201600    6.907109 ^ _07710_/Y (sky130_fd_sc_hd__xnor2_1)
                                                         _00189_ (net)
                      0.267412    0.000126    6.907235 ^ _07800_/A (sky130_fd_sc_hd__xnor2_1)
     2    0.011102    0.116411    0.170588    7.077823 v _07800_/Y (sky130_fd_sc_hd__xnor2_1)
                                                         _00279_ (net)
                      0.116411    0.000275    7.078098 v _07803_/A (sky130_fd_sc_hd__xnor2_1)
     2    0.011519    0.286779    0.304498    7.382596 ^ _07803_/Y (sky130_fd_sc_hd__xnor2_1)
                                                         _00282_ (net)
                      0.286779    0.000115    7.382712 ^ _07804_/B (sky130_fd_sc_hd__xnor2_1)
     2    0.010945    0.275124    0.219026    7.601738 ^ _07804_/Y (sky130_fd_sc_hd__xnor2_1)
                                                         _00283_ (net)
                      0.275124    0.000216    7.601954 ^ _07806_/A_N (sky130_fd_sc_hd__and2b_1)
     1    0.002991    0.034427    0.219411    7.821365 v _07806_/X (sky130_fd_sc_hd__and2b_1)
                                                         _00285_ (net)
                      0.034427    0.000021    7.821386 v _07946_/B1 (sky130_fd_sc_hd__a21oi_1)
     3    0.013366    0.302718    0.257034    8.078421 ^ _07946_/Y (sky130_fd_sc_hd__a21oi_1)
                                                         _00424_ (net)
                      0.302719    0.000324    8.078745 ^ _07948_/B (sky130_fd_sc_hd__xnor2_1)
     3    0.010690    0.270107    0.218530    8.297276 ^ _07948_/Y (sky130_fd_sc_hd__xnor2_1)
                                                         _00426_ (net)
                      0.270107    0.000099    8.297374 ^ _08202_/A_N (sky130_fd_sc_hd__nand2b_1)
     3    0.010419    0.118847    0.199817    8.497190 ^ _08202_/Y (sky130_fd_sc_hd__nand2b_1)
                                                         _00678_ (net)
                      0.118847    0.000122    8.497313 ^ _08203_/B (sky130_fd_sc_hd__nor2_1)
     1    0.002522    0.045288    0.051256    8.548569 v _08203_/Y (sky130_fd_sc_hd__nor2_1)
                                                         _00679_ (net)
                      0.045288    0.000021    8.548590 v _08209_/A1 (sky130_fd_sc_hd__o31a_2)
     3    0.037784    0.125431    0.438183    8.986773 v _08209_/X (sky130_fd_sc_hd__o31a_2)
                                                         _00685_ (net)
                      0.125566    0.003660    8.990433 v _08420_/A2 (sky130_fd_sc_hd__o311ai_2)
     3    0.009262    0.300527    0.346247    9.336680 ^ _08420_/Y (sky130_fd_sc_hd__o311ai_2)
                                                         _00894_ (net)
                      0.300527    0.000137    9.336817 ^ _08494_/A2 (sky130_fd_sc_hd__a31o_1)
     1    0.007019    0.082436    0.221107    9.557923 ^ _08494_/X (sky130_fd_sc_hd__a31o_1)
                                                         _00966_ (net)
                      0.082436    0.000119    9.558043 ^ _08525_/A (sky130_fd_sc_hd__xnor2_1)
     1    0.003614    0.131102    0.122180    9.680223 ^ _08525_/Y (sky130_fd_sc_hd__xnor2_1)
                                                         _00047_ (net)
                      0.131102    0.000049    9.680271 ^ _13701_/D (sky130_fd_sc_hd__dfrtp_1)
                                              9.680271   data arrival time

                                 15.000000   15.000000   clock clk (rise edge)
                                  0.000000   15.000000   clock source latency
     1    0.046681    0.214570    0.152157   15.152157 ^ clk (in)
                                                         clk (net)
                      0.215027    0.000000   15.152157 ^ clkbuf_0_clk/A (sky130_fd_sc_hd__clkbuf_16)
     8    0.151713    0.163939    0.277307   15.429464 ^ clkbuf_0_clk/X (sky130_fd_sc_hd__clkbuf_16)
                                                         clknet_0_clk (net)
                      0.164228    0.004722   15.434186 ^ clkbuf_3_0__f_clk/A (sky130_fd_sc_hd__clkbuf_16)
     9    0.057070    0.076225    0.194644   15.628830 ^ clkbuf_3_0__f_clk/X (sky130_fd_sc_hd__clkbuf_16)
                                                         clknet_3_0__leaf_clk (net)
                      0.076316    0.002368   15.631198 ^ _13701_/CLK (sky130_fd_sc_hd__dfrtp_1)
                                 -0.250000   15.381199   clock uncertainty
                                  0.000000   15.381199   clock reconvergence pessimism
                                 -0.074860   15.306338   library setup time
                                             15.306338   data required time
---------------------------------------------------------------------------------------------
                                             15.306338   data required time
                                             -9.680271   data arrival time
---------------------------------------------------------------------------------------------
                                              5.626067   slack (MET)


Startpoint: x1[0] (input port clocked by clk)
Endpoint: _13681_ (rising edge-triggered flip-flop clocked by clk)
Path Group: clk
Path Type: max

Fanout         Cap        Slew       Delay        Time   Description
---------------------------------------------------------------------------------------------
                                  0.000000    0.000000   clock clk (rise edge)
                                  0.000000    0.000000   clock network delay (propagated)
                                  3.000000    3.000000 ^ input external delay
     1    0.003421    0.022420    0.012481    3.012481 ^ x1[0] (in)
                                                         x1[0] (net)
                      0.022420    0.000000    3.012481 ^ input138/A (sky130_fd_sc_hd__clkbuf_1)
     1    0.002390    0.039623    0.069366    3.081847 ^ input138/X (sky130_fd_sc_hd__clkbuf_1)
                                                         net138 (net)
                      0.039623    0.000024    3.081872 ^ fanout597/A (sky130_fd_sc_hd__buf_2)
     5    0.048298    0.236214    0.240938    3.322810 ^ fanout597/X (sky130_fd_sc_hd__buf_2)
                                                         net597 (net)
                      0.236292    0.003545    3.326355 ^ fanout592/A (sky130_fd_sc_hd__buf_2)
     7    0.050774    0.247620    0.309268    3.635623 ^ fanout592/X (sky130_fd_sc_hd__buf_2)
                                                         net592 (net)
                      0.247715    0.004038    3.639661 ^ fanout591/A (sky130_fd_sc_hd__clkbuf_2)
     5    0.036526    0.201022    0.276213    3.915874 ^ fanout591/X (sky130_fd_sc_hd__clkbuf_2)
                                                         net591 (net)
                      0.201024    0.001040    3.916914 ^ fanout588/A (sky130_fd_sc_hd__buf_2)
    10    0.041452    0.204102    0.271261    4.188175 ^ fanout588/X (sky130_fd_sc_hd__buf_2)
                                                         net588 (net)
                      0.204112    0.001649    4.189824 ^ _10922_/A (sky130_fd_sc_hd__and3_1)
     4    0.010933    0.120669    0.240485    4.430309 ^ _10922_/X (sky130_fd_sc_hd__and3_1)
                                                         _03570_ (net)
                      0.120669    0.000050    4.430358 ^ _10925_/A_N (sky130_fd_sc_hd__and4b_1)
     3    0.008732    0.064811    0.234635    4.664993 v _10925_/X (sky130_fd_sc_hd__and4b_1)
                                                         _03573_ (net)
                      0.064811    0.000062    4.665055 v _11082_/B1_N (sky130_fd_sc_hd__o21ba_2)
     5    0.027984    0.169185    0.333100    4.998155 ^ _11082_/X (sky130_fd_sc_hd__o21ba_2)
                                                         _03745_ (net)
                      0.169185    0.000396    4.998551 ^ fanout249/A (sky130_fd_sc_hd__clkbuf_4)
    10    0.046616    0.147480    0.254203    5.252754 ^ fanout249/X (sky130_fd_sc_hd__clkbuf_4)
                                                         net249 (net)
                      0.147480    0.000310    5.253064 ^ _11083_/B (sky130_fd_sc_hd__xor2_1)
     2    0.007809    0.199339    0.223094    5.476158 ^ _11083_/X (sky130_fd_sc_hd__xor2_1)
                                                         _03746_ (net)
                      0.199339    0.000079    5.476236 ^ _11085_/B (sky130_fd_sc_hd__xor2_1)
     2    0.009879    0.236755    0.257366    5.733602 ^ _11085_/X (sky130_fd_sc_hd__xor2_1)
                                                         _03748_ (net)
                      0.236755    0.000155    5.733757 ^ _11087_/B (sky130_fd_sc_hd__xor2_1)
     2    0.008095    0.211992    0.238113    5.971870 ^ _11087_/X (sky130_fd_sc_hd__xor2_1)
                                                         _03750_ (net)
                      0.211992    0.000064    5.971934 ^ _11088_/B (sky130_fd_sc_hd__xor2_1)
     3    0.011858    0.272891    0.285549    6.257483 ^ _11088_/X (sky130_fd_sc_hd__xor2_1)
                                                         _03752_ (net)
                      0.272891    0.000153    6.257637 ^ _11092_/A (sky130_fd_sc_hd__xor2_1)
     1    0.004956    0.153826    0.200531    6.458167 ^ _11092_/X (sky130_fd_sc_hd__xor2_1)
                                                         _03756_ (net)
                      0.153826    0.000024    6.458191 ^ _11093_/B (sky130_fd_sc_hd__xnor2_1)
     2    0.007925    0.222411    0.172615    6.630806 ^ _11093_/Y (sky130_fd_sc_hd__xnor2_1)
                                                         _03757_ (net)
                      0.222411    0.000068    6.630874 ^ _11095_/B (sky130_fd_sc_hd__xnor2_1)
     2    0.007910    0.214369    0.184763    6.815638 ^ _11095_/Y (sky130_fd_sc_hd__xnor2_1)
                                                         _03759_ (net)
                      0.214369    0.000133    6.815770 ^ _11097_/B (sky130_fd_sc_hd__xnor2_1)
     2    0.008230    0.087738    0.129993    6.945763 v _11097_/Y (sky130_fd_sc_hd__xnor2_1)
                                                         _03761_ (net)
                      0.087738    0.000036    6.945799 v _11321_/A1 (sky130_fd_sc_hd__a21bo_1)
     2    0.008613    0.060204    0.206483    7.152283 v _11321_/X (sky130_fd_sc_hd__a21bo_1)
                                                         _04007_ (net)
                      0.060204    0.000111    7.152394 v _11323_/B (sky130_fd_sc_hd__xnor2_1)
     2    0.008196    0.092069    0.153963    7.306357 v _11323_/Y (sky130_fd_sc_hd__xnor2_1)
                                                         _04009_ (net)
                      0.092069    0.000065    7.306422 v _11458_/A2 (sky130_fd_sc_hd__a21boi_1)
     2    0.008877    0.214403    0.237367    7.543790 ^ _11458_/Y (sky130_fd_sc_hd__a21boi_1)
                                                         _04157_ (net)
                      0.214403    0.000095    7.543885 ^ _11460_/B (sky130_fd_sc_hd__xor2_1)
     2    0.007841    0.199934    0.231881    7.775766 ^ _11460_/X (sky130_fd_sc_hd__xor2_1)
                                                         _04159_ (net)
                      0.199934    0.000075    7.775841 ^ _11461_/B (sky130_fd_sc_hd__xor2_1)
     2    0.011646    0.269059    0.281146    8.056987 ^ _11461_/X (sky130_fd_sc_hd__xor2_1)
                                                         _04160_ (net)
                      0.269059    0.000286    8.057272 ^ _11462_/C (sky130_fd_sc_hd__or3_2)
     3    0.017386    0.095518    0.220928    8.278200 ^ _11462_/X (sky130_fd_sc_hd__or3_2)
                                                         _04161_ (net)
                      0.095519    0.000504    8.278705 ^ _11589_/C_N (sky130_fd_sc_hd__nor3b_1)
     2    0.008743    0.319247    0.311578    8.590283 ^ _11589_/Y (sky130_fd_sc_hd__nor3b_1)
                                                         _04299_ (net)
                      0.319247    0.000179    8.590462 ^ _11591_/D_N (sky130_fd_sc_hd__or4bb_4)
     2    0.011457    0.097662    0.521434    9.111896 v _11591_/X (sky130_fd_sc_hd__or4bb_4)
                                                         _04301_ (net)
                      0.097662    0.000125    9.112020 v _11593_/A1 (sky130_fd_sc_hd__a31oi_4)
     4    0.034502    0.307301    0.289457    9.401478 ^ _11593_/Y (sky130_fd_sc_hd__a31oi_4)
                                                         _04303_ (net)
                      0.307337    0.002579    9.404058 ^ _11708_/B (sky130_fd_sc_hd__nor2_1)
     1    0.005799    0.079694    0.098339    9.502397 v _11708_/Y (sky130_fd_sc_hd__nor2_1)
                                                         _04429_ (net)
                      0.079694    0.000072    9.502468 v _11709_/B (sky130_fd_sc_hd__xnor2_1)
     1    0.002142    0.041118    0.128121    9.630589 v _11709_/Y (sky130_fd_sc_hd__xnor2_1)
                                                         _00016_ (net)
                      0.041118    0.000017    9.630606 v _13681_/D (sky130_fd_sc_hd__dfrtp_1)
                                              9.630606   data arrival time

                                 15.000000   15.000000   clock clk (rise edge)
                                  0.000000   15.000000   clock source latency
     1    0.046681    0.214570    0.152157   15.152157 ^ clk (in)
                                                         clk (net)
                      0.215027    0.000000   15.152157 ^ clkbuf_0_clk/A (sky130_fd_sc_hd__clkbuf_16)
     8    0.151713    0.163939    0.277307   15.429464 ^ clkbuf_0_clk/X (sky130_fd_sc_hd__clkbuf_16)
                                                         clknet_0_clk (net)
                      0.164228    0.004722   15.434186 ^ clkbuf_3_0__f_clk/A (sky130_fd_sc_hd__clkbuf_16)
     9    0.057070    0.076225    0.194644   15.628830 ^ clkbuf_3_0__f_clk/X (sky130_fd_sc_hd__clkbuf_16)
                                                         clknet_3_0__leaf_clk (net)
                      0.076450    0.002810   15.631640 ^ _13681_/CLK (sky130_fd_sc_hd__dfrtp_1)
                                 -0.250000   15.381641   clock uncertainty
                                  0.000000   15.381641   clock reconvergence pessimism
                                 -0.105387   15.276256   library setup time
                                             15.276256   data required time
---------------------------------------------------------------------------------------------
                                             15.276256   data required time
                                             -9.630606   data arrival time
---------------------------------------------------------------------------------------------
                                              5.645649   slack (MET)


Startpoint: x1[0] (input port clocked by clk)
Endpoint: _13699_ (rising edge-triggered flip-flop clocked by clk)
Path Group: clk
Path Type: max

Fanout         Cap        Slew       Delay        Time   Description
---------------------------------------------------------------------------------------------
                                  0.000000    0.000000   clock clk (rise edge)
                                  0.000000    0.000000   clock network delay (propagated)
                                  3.000000    3.000000 ^ input external delay
     1    0.003421    0.022420    0.012481    3.012481 ^ x1[0] (in)
                                                         x1[0] (net)
                      0.022420    0.000000    3.012481 ^ input138/A (sky130_fd_sc_hd__clkbuf_1)
     1    0.002390    0.039623    0.069366    3.081847 ^ input138/X (sky130_fd_sc_hd__clkbuf_1)
                                                         net138 (net)
                      0.039623    0.000024    3.081872 ^ fanout597/A (sky130_fd_sc_hd__buf_2)
     5    0.048298    0.236214    0.240938    3.322810 ^ fanout597/X (sky130_fd_sc_hd__buf_2)
                                                         net597 (net)
                      0.236292    0.003545    3.326355 ^ fanout592/A (sky130_fd_sc_hd__buf_2)
     7    0.050774    0.247620    0.309268    3.635623 ^ fanout592/X (sky130_fd_sc_hd__buf_2)
                                                         net592 (net)
                      0.247715    0.004038    3.639661 ^ fanout591/A (sky130_fd_sc_hd__clkbuf_2)
     5    0.036526    0.201022    0.276213    3.915874 ^ fanout591/X (sky130_fd_sc_hd__clkbuf_2)
                                                         net591 (net)
                      0.201024    0.001040    3.916914 ^ fanout588/A (sky130_fd_sc_hd__buf_2)
    10    0.041452    0.204102    0.271261    4.188175 ^ fanout588/X (sky130_fd_sc_hd__buf_2)
                                                         net588 (net)
                      0.204112    0.001690    4.189865 ^ _07533_/A (sky130_fd_sc_hd__or2_4)
     9    0.062999    0.194681    0.277076    4.466941 ^ _07533_/X (sky130_fd_sc_hd__or2_4)
                                                         _06762_ (net)
                      0.194767    0.003407    4.470348 ^ _07534_/B (sky130_fd_sc_hd__and3b_1)
     2    0.009680    0.109680    0.233325    4.703673 ^ _07534_/X (sky130_fd_sc_hd__and3b_1)
                                                         _06763_ (net)
                      0.109680    0.000029    4.703703 ^ _07695_/A1 (sky130_fd_sc_hd__o21ba_2)
     5    0.024321    0.149168    0.236414    4.940117 ^ _07695_/X (sky130_fd_sc_hd__o21ba_2)
                                                         _00174_ (net)
                      0.149168    0.000158    4.940275 ^ fanout252/A (sky130_fd_sc_hd__clkbuf_4)
    10    0.048084    0.150974    0.250331    5.190606 ^ fanout252/X (sky130_fd_sc_hd__clkbuf_4)
                                                         net252 (net)
                      0.150974    0.000207    5.190813 ^ _07696_/B (sky130_fd_sc_hd__xor2_1)
     2    0.006935    0.183754    0.211784    5.402597 ^ _07696_/X (sky130_fd_sc_hd__xor2_1)
                                                         _00175_ (net)
                      0.183754    0.000072    5.402669 ^ _07698_/B (sky130_fd_sc_hd__xor2_1)
     2    0.008804    0.217272    0.240998    5.643668 ^ _07698_/X (sky130_fd_sc_hd__xor2_1)
                                                         _00177_ (net)
                      0.217272    0.000113    5.643781 ^ _07700_/B (sky130_fd_sc_hd__xor2_1)
     2    0.007436    0.199777    0.226819    5.870600 ^ _07700_/X (sky130_fd_sc_hd__xor2_1)
                                                         _00179_ (net)
                      0.199777    0.000036    5.870635 ^ _07701_/B (sky130_fd_sc_hd__xor2_1)
     3    0.011714    0.270250    0.282068    6.152703 ^ _07701_/X (sky130_fd_sc_hd__xor2_1)
                                                         _00180_ (net)
                      0.270250    0.000189    6.152892 ^ _07705_/A (sky130_fd_sc_hd__xor2_1)
     1    0.005125    0.151904    0.202439    6.355331 ^ _07705_/X (sky130_fd_sc_hd__xor2_1)
                                                         _00184_ (net)
                      0.151904    0.000050    6.355381 ^ _07706_/B (sky130_fd_sc_hd__xnor2_1)
     2    0.007654    0.216913    0.170258    6.525639 ^ _07706_/Y (sky130_fd_sc_hd__xnor2_1)
                                                         _00185_ (net)
                      0.216913    0.000028    6.525666 ^ _07708_/B (sky130_fd_sc_hd__xnor2_1)
     2    0.007379    0.203900    0.179766    6.705432 ^ _07708_/Y (sky130_fd_sc_hd__xnor2_1)
                                                         _00187_ (net)
                      0.203900    0.000077    6.705509 ^ _07710_/B (sky130_fd_sc_hd__xnor2_1)
     2    0.010560    0.267412    0.201600    6.907109 ^ _07710_/Y (sky130_fd_sc_hd__xnor2_1)
                                                         _00189_ (net)
                      0.267412    0.000126    6.907235 ^ _07800_/A (sky130_fd_sc_hd__xnor2_1)
     2    0.011102    0.116411    0.170588    7.077823 v _07800_/Y (sky130_fd_sc_hd__xnor2_1)
                                                         _00279_ (net)
                      0.116411    0.000275    7.078098 v _07803_/A (sky130_fd_sc_hd__xnor2_1)
     2    0.011519    0.286779    0.304498    7.382596 ^ _07803_/Y (sky130_fd_sc_hd__xnor2_1)
                                                         _00282_ (net)
                      0.286779    0.000115    7.382712 ^ _07804_/B (sky130_fd_sc_hd__xnor2_1)
     2    0.010945    0.275124    0.219026    7.601738 ^ _07804_/Y (sky130_fd_sc_hd__xnor2_1)
                                                         _00283_ (net)
                      0.275124    0.000216    7.601954 ^ _07806_/A_N (sky130_fd_sc_hd__and2b_1)
     1    0.002991    0.034427    0.219411    7.821365 v _07806_/X (sky130_fd_sc_hd__and2b_1)
                                                         _00285_ (net)
                      0.034427    0.000021    7.821386 v _07946_/B1 (sky130_fd_sc_hd__a21oi_1)
     3    0.013366    0.302718    0.257034    8.078421 ^ _07946_/Y (sky130_fd_sc_hd__a21oi_1)
                                                         _00424_ (net)
                      0.302719    0.000324    8.078745 ^ _07948_/B (sky130_fd_sc_hd__xnor2_1)
     3    0.010690    0.270107    0.218530    8.297276 ^ _07948_/Y (sky130_fd_sc_hd__xnor2_1)
                                                         _00426_ (net)
                      0.270107    0.000099    8.297374 ^ _08202_/A_N (sky130_fd_sc_hd__nand2b_1)
     3    0.010419    0.118847    0.199817    8.497190 ^ _08202_/Y (sky130_fd_sc_hd__nand2b_1)
                                                         _00678_ (net)
                      0.118847    0.000122    8.497313 ^ _08203_/B (sky130_fd_sc_hd__nor2_1)
     1    0.002522    0.045288    0.051256    8.548569 v _08203_/Y (sky130_fd_sc_hd__nor2_1)
                                                         _00679_ (net)
                      0.045288    0.000021    8.548590 v _08209_/A1 (sky130_fd_sc_hd__o31a_2)
     3    0.037784    0.125431    0.438183    8.986773 v _08209_/X (sky130_fd_sc_hd__o31a_2)
                                                         _00685_ (net)
                      0.125566    0.003666    8.990438 v _08419_/A2 (sky130_fd_sc_hd__o31a_1)
     1    0.001761    0.041612    0.290457    9.280895 v _08419_/X (sky130_fd_sc_hd__o31a_1)
                                                         _00893_ (net)
                      0.041612    0.000015    9.280910 v _08421_/B (sky130_fd_sc_hd__or2_1)
     1    0.001887    0.043013    0.193053    9.473963 v _08421_/X (sky130_fd_sc_hd__or2_1)
                                                         _00895_ (net)
                      0.043013    0.000017    9.473980 v _08422_/B (sky130_fd_sc_hd__and2_1)
     1    0.002226    0.032657    0.145754    9.619734 v _08422_/X (sky130_fd_sc_hd__and2_1)
                                                         _00045_ (net)
                      0.032657    0.000019    9.619752 v _13699_/D (sky130_fd_sc_hd__dfrtp_1)
                                              9.619752   data arrival time

                                 15.000000   15.000000   clock clk (rise edge)
                                  0.000000   15.000000   clock source latency
     1    0.046681    0.214570    0.152157   15.152157 ^ clk (in)
                                                         clk (net)
                      0.215027    0.000000   15.152157 ^ clkbuf_0_clk/A (sky130_fd_sc_hd__clkbuf_16)
     8    0.151713    0.163939    0.277307   15.429464 ^ clkbuf_0_clk/X (sky130_fd_sc_hd__clkbuf_16)
                                                         clknet_0_clk (net)
                      0.164228    0.004722   15.434186 ^ clkbuf_3_0__f_clk/A (sky130_fd_sc_hd__clkbuf_16)
     9    0.057070    0.076225    0.194644   15.628830 ^ clkbuf_3_0__f_clk/X (sky130_fd_sc_hd__clkbuf_16)
                                                         clknet_3_0__leaf_clk (net)
                      0.076306    0.002261   15.631091 ^ _13699_/CLK (sky130_fd_sc_hd__dfrtp_1)
                                 -0.250000   15.381092   clock uncertainty
                                  0.000000   15.381092   clock reconvergence pessimism
                                 -0.101734   15.279359   library setup time
                                             15.279359   data required time
---------------------------------------------------------------------------------------------
                                             15.279359   data required time
                                             -9.619752   data arrival time
---------------------------------------------------------------------------------------------
                                              5.659606   slack (MET)


Startpoint: x0[4] (input port clocked by clk)
Endpoint: _13665_ (rising edge-triggered flip-flop clocked by clk)
Path Group: clk
Path Type: max

Fanout         Cap        Slew       Delay        Time   Description
---------------------------------------------------------------------------------------------
                                  0.000000    0.000000   clock clk (rise edge)
                                  0.000000    0.000000   clock network delay (propagated)
                                  3.000000    3.000000 ^ input external delay
     1    0.002790    0.019689    0.010262    3.010262 ^ x0[4] (in)
                                                         x0[4] (net)
                      0.019689    0.000000    3.010262 ^ input134/A (sky130_fd_sc_hd__buf_1)
     1    0.012047    0.147881    0.144966    3.155227 ^ input134/X (sky130_fd_sc_hd__buf_1)
                                                         net134 (net)
                      0.147883    0.000424    3.155652 ^ fanout626/A (sky130_fd_sc_hd__buf_4)
     7    0.082821    0.230024    0.280852    3.436504 ^ fanout626/X (sky130_fd_sc_hd__buf_4)
                                                         net626 (net)
                      0.230079    0.002957    3.439460 ^ fanout625/A (sky130_fd_sc_hd__buf_2)
     7    0.035079    0.174443    0.258531    3.697991 ^ fanout625/X (sky130_fd_sc_hd__buf_2)
                                                         net625 (net)
                      0.174443    0.000325    3.698316 ^ fanout624/A (sky130_fd_sc_hd__clkbuf_4)
    10    0.050875    0.157991    0.264746    3.963062 ^ fanout624/X (sky130_fd_sc_hd__clkbuf_4)
                                                         net624 (net)
                      0.157991    0.000170    3.963232 ^ _08850_/B (sky130_fd_sc_hd__and4_1)
     2    0.004557    0.070709    0.215405    4.178637 ^ _08850_/X (sky130_fd_sc_hd__and4_1)
                                                         _01316_ (net)
                      0.070709    0.000035    4.178671 ^ _08852_/A_N (sky130_fd_sc_hd__and2b_1)
     1    0.005165    0.043502    0.187566    4.366238 v _08852_/X (sky130_fd_sc_hd__and2b_1)
                                                         _01318_ (net)
                      0.043502    0.000032    4.366270 v _08853_/B (sky130_fd_sc_hd__xnor2_1)
     3    0.011929    0.303625    0.263758    4.630028 ^ _08853_/Y (sky130_fd_sc_hd__xnor2_1)
                                                         _01319_ (net)
                      0.303625    0.000126    4.630154 ^ _08862_/A (sky130_fd_sc_hd__nand3_2)
     3    0.007882    0.104786    0.126064    4.756218 v _08862_/Y (sky130_fd_sc_hd__nand3_2)
                                                         _01328_ (net)
                      0.104786    0.000044    4.756263 v _08865_/B (sky130_fd_sc_hd__and3_1)
     2    0.006796    0.054092    0.205428    4.961690 v _08865_/X (sky130_fd_sc_hd__and3_1)
                                                         _01331_ (net)
                      0.054092    0.000068    4.961759 v _08868_/A (sky130_fd_sc_hd__or3_4)
     4    0.019957    0.091150    0.424361    5.386119 v _08868_/X (sky130_fd_sc_hd__or3_4)
                                                         _01334_ (net)
                      0.091150    0.000478    5.386598 v _08871_/A (sky130_fd_sc_hd__and3_4)
     4    0.021825    0.053304    0.192405    5.579003 v _08871_/X (sky130_fd_sc_hd__and3_4)
                                                         _01337_ (net)
                      0.053304    0.000236    5.579238 v _08874_/A1 (sky130_fd_sc_hd__o21a_4)
     2    0.012804    0.044646    0.226605    5.805844 v _08874_/X (sky130_fd_sc_hd__o21a_4)
                                                         _01340_ (net)
                      0.044646    0.000142    5.805985 v _08876_/A2 (sky130_fd_sc_hd__o211a_1)
     3    0.009089    0.066651    0.232738    6.038723 v _08876_/X (sky130_fd_sc_hd__o211a_1)
                                                         _01342_ (net)
                      0.066651    0.000121    6.038844 v _08878_/A (sky130_fd_sc_hd__or3_4)
     2    0.007160    0.070174    0.394472    6.433316 v _08878_/X (sky130_fd_sc_hd__or3_4)
                                                         _01345_ (net)
                      0.070174    0.000065    6.433382 v _08880_/B1 (sky130_fd_sc_hd__o211a_4)
     4    0.014443    0.052035    0.162410    6.595791 v _08880_/X (sky130_fd_sc_hd__o211a_4)
                                                         _01347_ (net)
                      0.052035    0.000258    6.596049 v _08884_/B (sky130_fd_sc_hd__or4_4)
     2    0.009983    0.094054    0.527201    7.123250 v _08884_/X (sky130_fd_sc_hd__or4_4)
                                                         _01351_ (net)
                      0.094054    0.000093    7.123343 v _09024_/A1 (sky130_fd_sc_hd__a211o_4)
     4    0.013156    0.062568    0.355077    7.478420 v _09024_/X (sky130_fd_sc_hd__a211o_4)
                                                         _01504_ (net)
                      0.062568    0.000090    7.478509 v _09027_/A2 (sky130_fd_sc_hd__a211o_1)
     2    0.007556    0.070543    0.319947    7.798456 v _09027_/X (sky130_fd_sc_hd__a211o_1)
                                                         _01507_ (net)
                      0.070543    0.000052    7.798509 v _09029_/A1 (sky130_fd_sc_hd__a211o_1)
     2    0.007568    0.070279    0.287519    8.086028 v _09029_/X (sky130_fd_sc_hd__a211o_1)
                                                         _01510_ (net)
                      0.070279    0.000129    8.086157 v _09031_/B2 (sky130_fd_sc_hd__a2bb2o_4)
     2    0.005197    0.035652    0.208335    8.294492 v _09031_/X (sky130_fd_sc_hd__a2bb2o_4)
                                                         _01512_ (net)
                      0.035652    0.000044    8.294535 v _09191_/A2 (sky130_fd_sc_hd__a21o_1)
     2    0.015735    0.085752    0.221665    8.516200 v _09191_/X (sky130_fd_sc_hd__a21o_1)
                                                         _01686_ (net)
                      0.085752    0.000384    8.516584 v _09351_/A1 (sky130_fd_sc_hd__a21oi_4)
     4    0.018366    0.173762    0.192767    8.709351 ^ _09351_/Y (sky130_fd_sc_hd__a21oi_4)
                                                         _01861_ (net)
                      0.173762    0.000419    8.709770 ^ _09892_/D (sky130_fd_sc_hd__nor4_2)
     2    0.008814    0.059185    0.073619    8.783389 v _09892_/Y (sky130_fd_sc_hd__nor4_2)
                                                         _02450_ (net)
                      0.059186    0.000250    8.783640 v _09896_/A3 (sky130_fd_sc_hd__o31a_1)
     3    0.020177    0.122109    0.320777    9.104417 v _09896_/X (sky130_fd_sc_hd__o31a_1)
                                                         _02454_ (net)
                      0.122109    0.000314    9.104732 v _10105_/A3 (sky130_fd_sc_hd__o31a_1)
     3    0.018323    0.113623    0.335758    9.440490 v _10105_/X (sky130_fd_sc_hd__o31a_1)
                                                         _02682_ (net)
                      0.113623    0.000226    9.440716 v _10106_/B (sky130_fd_sc_hd__xor2_1)
     1    0.002546    0.067530    0.160962    9.601678 v _10106_/X (sky130_fd_sc_hd__xor2_1)
                                                         _00059_ (net)
                      0.067530    0.000025    9.601703 v _13665_/D (sky130_fd_sc_hd__dfrtp_1)
                                              9.601703   data arrival time

                                 15.000000   15.000000   clock clk (rise edge)
                                  0.000000   15.000000   clock source latency
     1    0.046681    0.214570    0.152157   15.152157 ^ clk (in)
                                                         clk (net)
                      0.215027    0.000000   15.152157 ^ clkbuf_0_clk/A (sky130_fd_sc_hd__clkbuf_16)
     8    0.151713    0.163939    0.277307   15.429464 ^ clkbuf_0_clk/X (sky130_fd_sc_hd__clkbuf_16)
                                                         clknet_0_clk (net)
                      0.164047    0.001688   15.431152 ^ clkbuf_3_5__f_clk/A (sky130_fd_sc_hd__clkbuf_16)
     9    0.065878    0.084084    0.201426   15.632578 ^ clkbuf_3_5__f_clk/X (sky130_fd_sc_hd__clkbuf_16)
                                                         clknet_3_5__leaf_clk (net)
                      0.084302    0.002890   15.635468 ^ _13665_/CLK (sky130_fd_sc_hd__dfrtp_1)
                                 -0.250000   15.385469   clock uncertainty
                                  0.000000   15.385469   clock reconvergence pessimism
                                 -0.115088   15.270381   library setup time
                                             15.270381   data required time
---------------------------------------------------------------------------------------------
                                             15.270381   data required time
                                             -9.601703   data arrival time
---------------------------------------------------------------------------------------------
                                              5.668678   slack (MET)


Startpoint: x0[4] (input port clocked by clk)
Endpoint: _13648_ (rising edge-triggered flip-flop clocked by clk)
Path Group: clk
Path Type: max

Fanout         Cap        Slew       Delay        Time   Description
---------------------------------------------------------------------------------------------
                                  0.000000    0.000000   clock clk (rise edge)
                                  0.000000    0.000000   clock network delay (propagated)
                                  3.000000    3.000000 ^ input external delay
     1    0.002790    0.019689    0.010262    3.010262 ^ x0[4] (in)
                                                         x0[4] (net)
                      0.019689    0.000000    3.010262 ^ input134/A (sky130_fd_sc_hd__buf_1)
     1    0.012047    0.147881    0.144966    3.155227 ^ input134/X (sky130_fd_sc_hd__buf_1)
                                                         net134 (net)
                      0.147883    0.000424    3.155652 ^ fanout626/A (sky130_fd_sc_hd__buf_4)
     7    0.082821    0.230024    0.280852    3.436504 ^ fanout626/X (sky130_fd_sc_hd__buf_4)
                                                         net626 (net)
                      0.230079    0.002957    3.439460 ^ fanout625/A (sky130_fd_sc_hd__buf_2)
     7    0.035079    0.174443    0.258531    3.697991 ^ fanout625/X (sky130_fd_sc_hd__buf_2)
                                                         net625 (net)
                      0.174443    0.000325    3.698316 ^ fanout624/A (sky130_fd_sc_hd__clkbuf_4)
    10    0.050875    0.157991    0.264746    3.963062 ^ fanout624/X (sky130_fd_sc_hd__clkbuf_4)
                                                         net624 (net)
                      0.158162    0.003237    3.966299 ^ _12254_/B (sky130_fd_sc_hd__and4_1)
     2    0.004661    0.071556    0.216276    4.182575 ^ _12254_/X (sky130_fd_sc_hd__and4_1)
                                                         _05020_ (net)
                      0.071556    0.000036    4.182611 ^ _12256_/A_N (sky130_fd_sc_hd__and2b_1)
     1    0.005131    0.043357    0.187644    4.370255 v _12256_/X (sky130_fd_sc_hd__and2b_1)
                                                         _05022_ (net)
                      0.043357    0.000051    4.370306 v _12257_/B (sky130_fd_sc_hd__xnor2_1)
     3    0.009852    0.253280    0.232392    4.602698 ^ _12257_/Y (sky130_fd_sc_hd__xnor2_1)
                                                         _05023_ (net)
                      0.253280    0.000151    4.602849 ^ _12266_/A (sky130_fd_sc_hd__nand3_1)
     3    0.007289    0.118763    0.150183    4.753031 v _12266_/Y (sky130_fd_sc_hd__nand3_1)
                                                         _05033_ (net)
                      0.118763    0.000048    4.753079 v _12269_/A (sky130_fd_sc_hd__and3_1)
     2    0.005674    0.049033    0.185629    4.938708 v _12269_/X (sky130_fd_sc_hd__and3_1)
                                                         _05037_ (net)
                      0.049033    0.000056    4.938764 v _12272_/A (sky130_fd_sc_hd__or3_4)
     4    0.016983    0.087822    0.416915    5.355679 v _12272_/X (sky130_fd_sc_hd__or3_4)
                                                         _05040_ (net)
                      0.087822    0.000165    5.355844 v _12275_/A (sky130_fd_sc_hd__and3_4)
     4    0.021725    0.053200    0.190836    5.546680 v _12275_/X (sky130_fd_sc_hd__and3_4)
                                                         _05043_ (net)
                      0.053200    0.000052    5.546732 v _12278_/A1 (sky130_fd_sc_hd__o21a_4)
     2    0.015451    0.048027    0.231759    5.778491 v _12278_/X (sky130_fd_sc_hd__o21a_4)
                                                         _05047_ (net)
                      0.048029    0.000415    5.778906 v _12280_/A2 (sky130_fd_sc_hd__o211a_1)
     3    0.007586    0.060532    0.226109    6.005016 v _12280_/X (sky130_fd_sc_hd__o211a_1)
                                                         _05049_ (net)
                      0.060532    0.000028    6.005044 v _12282_/C (sky130_fd_sc_hd__or3_4)
     2    0.008074    0.071568    0.338289    6.343332 v _12282_/X (sky130_fd_sc_hd__or3_4)
                                                         _05051_ (net)
                      0.071568    0.000071    6.343402 v _12284_/B1 (sky130_fd_sc_hd__o211a_4)
     4    0.014656    0.052319    0.163505    6.506907 v _12284_/X (sky130_fd_sc_hd__o211a_4)
                                                         _05053_ (net)
                      0.052319    0.000092    6.506999 v _12288_/B (sky130_fd_sc_hd__or4_4)
     2    0.011017    0.095903    0.531009    7.038008 v _12288_/X (sky130_fd_sc_hd__or4_4)
                                                         _05058_ (net)
                      0.095903    0.000102    7.038110 v _12426_/A1 (sky130_fd_sc_hd__a211o_4)
     4    0.012118    0.060826    0.353108    7.391218 v _12426_/X (sky130_fd_sc_hd__a211o_4)
                                                         _05208_ (net)
                      0.060826    0.000118    7.391336 v _12429_/A2 (sky130_fd_sc_hd__a211o_1)
     2    0.010569    0.082693    0.335381    7.726717 v _12429_/X (sky130_fd_sc_hd__a211o_1)
                                                         _05212_ (net)
                      0.082693    0.000204    7.726922 v _12431_/A1 (sky130_fd_sc_hd__a211o_1)
     2    0.005040    0.057901    0.277461    8.004382 v _12431_/X (sky130_fd_sc_hd__a211o_1)
                                                         _05214_ (net)
                      0.057901    0.000024    8.004406 v _12433_/B2 (sky130_fd_sc_hd__a22o_1)
     2    0.008260    0.065128    0.226911    8.231318 v _12433_/X (sky130_fd_sc_hd__a22o_1)
                                                         _05216_ (net)
                      0.065128    0.000067    8.231384 v _12593_/A1 (sky130_fd_sc_hd__a21oi_2)
     3    0.011579    0.167591    0.187161    8.418545 ^ _12593_/Y (sky130_fd_sc_hd__a21oi_2)
                                                         _05391_ (net)
                      0.167591    0.000123    8.418669 ^ _12755_/A1 (sky130_fd_sc_hd__o21ba_4)
     3    0.008465    0.048069    0.174317    8.592986 ^ _12755_/X (sky130_fd_sc_hd__o21ba_4)
                                                         _05567_ (net)
                      0.048069    0.000115    8.593101 ^ _13305_/A_N (sky130_fd_sc_hd__and4bb_1)
     2    0.008537    0.064509    0.202441    8.795542 v _13305_/X (sky130_fd_sc_hd__and4bb_1)
                                                         _06168_ (net)
                      0.064509    0.000134    8.795675 v _13310_/A3 (sky130_fd_sc_hd__o31a_4)
     2    0.031030    0.085101    0.328855    9.124531 v _13310_/X (sky130_fd_sc_hd__o31a_4)
                                                         _06174_ (net)
                      0.085168    0.002161    9.126692 v _13525_/A3 (sky130_fd_sc_hd__o31ai_4)
     3    0.024470    0.343972    0.319921    9.446612 ^ _13525_/Y (sky130_fd_sc_hd__o31ai_4)
                                                         _06408_ (net)
                      0.343972    0.000385    9.446998 ^ _13526_/B (sky130_fd_sc_hd__xor2_1)
     1    0.003524    0.124161    0.184514    9.631512 ^ _13526_/X (sky130_fd_sc_hd__xor2_1)
                                                         _00031_ (net)
                      0.124161    0.000052    9.631563 ^ _13648_/D (sky130_fd_sc_hd__dfrtp_1)
                                              9.631563   data arrival time

                                 15.000000   15.000000   clock clk (rise edge)
                                  0.000000   15.000000   clock source latency
     1    0.046681    0.214570    0.152157   15.152157 ^ clk (in)
                                                         clk (net)
                      0.215027    0.000000   15.152157 ^ clkbuf_0_clk/A (sky130_fd_sc_hd__clkbuf_16)
     8    0.151713    0.163939    0.277307   15.429464 ^ clkbuf_0_clk/X (sky130_fd_sc_hd__clkbuf_16)
                                                         clknet_0_clk (net)
                      0.164047    0.001688   15.431152 ^ clkbuf_3_5__f_clk/A (sky130_fd_sc_hd__clkbuf_16)
     9    0.065878    0.084084    0.201426   15.632578 ^ clkbuf_3_5__f_clk/X (sky130_fd_sc_hd__clkbuf_16)
                                                         clknet_3_5__leaf_clk (net)
                      0.084110    0.001529   15.634108 ^ _13648_/CLK (sky130_fd_sc_hd__dfrtp_1)
                                 -0.250000   15.384109   clock uncertainty
                                  0.000000   15.384109   clock reconvergence pessimism
                                 -0.072064   15.312045   library setup time
                                             15.312045   data required time
---------------------------------------------------------------------------------------------
                                             15.312045   data required time
                                             -9.631563   data arrival time
---------------------------------------------------------------------------------------------
                                              5.680482   slack (MET)


Startpoint: x1[0] (input port clocked by clk)
Endpoint: _13700_ (rising edge-triggered flip-flop clocked by clk)
Path Group: clk
Path Type: max

Fanout         Cap        Slew       Delay        Time   Description
---------------------------------------------------------------------------------------------
                                  0.000000    0.000000   clock clk (rise edge)
                                  0.000000    0.000000   clock network delay (propagated)
                                  3.000000    3.000000 ^ input external delay
     1    0.003421    0.022420    0.012481    3.012481 ^ x1[0] (in)
                                                         x1[0] (net)
                      0.022420    0.000000    3.012481 ^ input138/A (sky130_fd_sc_hd__clkbuf_1)
     1    0.002390    0.039623    0.069366    3.081847 ^ input138/X (sky130_fd_sc_hd__clkbuf_1)
                                                         net138 (net)
                      0.039623    0.000024    3.081872 ^ fanout597/A (sky130_fd_sc_hd__buf_2)
     5    0.048298    0.236214    0.240938    3.322810 ^ fanout597/X (sky130_fd_sc_hd__buf_2)
                                                         net597 (net)
                      0.236292    0.003545    3.326355 ^ fanout592/A (sky130_fd_sc_hd__buf_2)
     7    0.050774    0.247620    0.309268    3.635623 ^ fanout592/X (sky130_fd_sc_hd__buf_2)
                                                         net592 (net)
                      0.247715    0.004038    3.639661 ^ fanout591/A (sky130_fd_sc_hd__clkbuf_2)
     5    0.036526    0.201022    0.276213    3.915874 ^ fanout591/X (sky130_fd_sc_hd__clkbuf_2)
                                                         net591 (net)
                      0.201024    0.001040    3.916914 ^ fanout588/A (sky130_fd_sc_hd__buf_2)
    10    0.041452    0.204102    0.271261    4.188175 ^ fanout588/X (sky130_fd_sc_hd__buf_2)
                                                         net588 (net)
                      0.204112    0.001690    4.189865 ^ _07533_/A (sky130_fd_sc_hd__or2_4)
     9    0.062999    0.194681    0.277076    4.466941 ^ _07533_/X (sky130_fd_sc_hd__or2_4)
                                                         _06762_ (net)
                      0.194767    0.003407    4.470348 ^ _07534_/B (sky130_fd_sc_hd__and3b_1)
     2    0.009680    0.109680    0.233325    4.703673 ^ _07534_/X (sky130_fd_sc_hd__and3b_1)
                                                         _06763_ (net)
                      0.109680    0.000029    4.703703 ^ _07695_/A1 (sky130_fd_sc_hd__o21ba_2)
     5    0.024321    0.149168    0.236414    4.940117 ^ _07695_/X (sky130_fd_sc_hd__o21ba_2)
                                                         _00174_ (net)
                      0.149168    0.000158    4.940275 ^ fanout252/A (sky130_fd_sc_hd__clkbuf_4)
    10    0.048084    0.150974    0.250331    5.190606 ^ fanout252/X (sky130_fd_sc_hd__clkbuf_4)
                                                         net252 (net)
                      0.150974    0.000207    5.190813 ^ _07696_/B (sky130_fd_sc_hd__xor2_1)
     2    0.006935    0.183754    0.211784    5.402597 ^ _07696_/X (sky130_fd_sc_hd__xor2_1)
                                                         _00175_ (net)
                      0.183754    0.000072    5.402669 ^ _07698_/B (sky130_fd_sc_hd__xor2_1)
     2    0.008804    0.217272    0.240998    5.643668 ^ _07698_/X (sky130_fd_sc_hd__xor2_1)
                                                         _00177_ (net)
                      0.217272    0.000113    5.643781 ^ _07700_/B (sky130_fd_sc_hd__xor2_1)
     2    0.007436    0.199777    0.226819    5.870600 ^ _07700_/X (sky130_fd_sc_hd__xor2_1)
                                                         _00179_ (net)
                      0.199777    0.000036    5.870635 ^ _07701_/B (sky130_fd_sc_hd__xor2_1)
     3    0.011714    0.270250    0.282068    6.152703 ^ _07701_/X (sky130_fd_sc_hd__xor2_1)
                                                         _00180_ (net)
                      0.270250    0.000189    6.152892 ^ _07705_/A (sky130_fd_sc_hd__xor2_1)
     1    0.005125    0.151904    0.202439    6.355331 ^ _07705_/X (sky130_fd_sc_hd__xor2_1)
                                                         _00184_ (net)
                      0.151904    0.000050    6.355381 ^ _07706_/B (sky130_fd_sc_hd__xnor2_1)
     2    0.007654    0.216913    0.170258    6.525639 ^ _07706_/Y (sky130_fd_sc_hd__xnor2_1)
                                                         _00185_ (net)
                      0.216913    0.000028    6.525666 ^ _07708_/B (sky130_fd_sc_hd__xnor2_1)
     2    0.007379    0.203900    0.179766    6.705432 ^ _07708_/Y (sky130_fd_sc_hd__xnor2_1)
                                                         _00187_ (net)
                      0.203900    0.000077    6.705509 ^ _07710_/B (sky130_fd_sc_hd__xnor2_1)
     2    0.010560    0.267412    0.201600    6.907109 ^ _07710_/Y (sky130_fd_sc_hd__xnor2_1)
                                                         _00189_ (net)
                      0.267412    0.000126    6.907235 ^ _07800_/A (sky130_fd_sc_hd__xnor2_1)
     2    0.011102    0.116411    0.170588    7.077823 v _07800_/Y (sky130_fd_sc_hd__xnor2_1)
                                                         _00279_ (net)
                      0.116411    0.000275    7.078098 v _07803_/A (sky130_fd_sc_hd__xnor2_1)
     2    0.011519    0.286779    0.304498    7.382596 ^ _07803_/Y (sky130_fd_sc_hd__xnor2_1)
                                                         _00282_ (net)
                      0.286779    0.000115    7.382712 ^ _07804_/B (sky130_fd_sc_hd__xnor2_1)
     2    0.010945    0.275124    0.219026    7.601738 ^ _07804_/Y (sky130_fd_sc_hd__xnor2_1)
                                                         _00283_ (net)
                      0.275124    0.000216    7.601954 ^ _07806_/A_N (sky130_fd_sc_hd__and2b_1)
     1    0.002991    0.034427    0.219411    7.821365 v _07806_/X (sky130_fd_sc_hd__and2b_1)
                                                         _00285_ (net)
                      0.034427    0.000021    7.821386 v _07946_/B1 (sky130_fd_sc_hd__a21oi_1)
     3    0.013366    0.302718    0.257034    8.078421 ^ _07946_/Y (sky130_fd_sc_hd__a21oi_1)
                                                         _00424_ (net)
                      0.302719    0.000324    8.078745 ^ _07948_/B (sky130_fd_sc_hd__xnor2_1)
     3    0.010690    0.270107    0.218530    8.297276 ^ _07948_/Y (sky130_fd_sc_hd__xnor2_1)
                                                         _00426_ (net)
                      0.270107    0.000099    8.297374 ^ _08202_/A_N (sky130_fd_sc_hd__nand2b_1)
     3    0.010419    0.118847    0.199817    8.497190 ^ _08202_/Y (sky130_fd_sc_hd__nand2b_1)
                                                         _00678_ (net)
                      0.118847    0.000122    8.497313 ^ _08203_/B (sky130_fd_sc_hd__nor2_1)
     1    0.002522    0.045288    0.051256    8.548569 v _08203_/Y (sky130_fd_sc_hd__nor2_1)
                                                         _00679_ (net)
                      0.045288    0.000021    8.548590 v _08209_/A1 (sky130_fd_sc_hd__o31a_2)
     3    0.037784    0.125431    0.438183    8.986773 v _08209_/X (sky130_fd_sc_hd__o31a_2)
                                                         _00685_ (net)
                      0.125566    0.003660    8.990433 v _08420_/A2 (sky130_fd_sc_hd__o311ai_2)
     3    0.009262    0.300527    0.346247    9.336680 ^ _08420_/Y (sky130_fd_sc_hd__o311ai_2)
                                                         _00894_ (net)
                      0.300527    0.000121    9.336801 ^ _08492_/B (sky130_fd_sc_hd__nand2_1)
     1    0.005221    0.077027    0.113727    9.450528 v _08492_/Y (sky130_fd_sc_hd__nand2_1)
                                                         _00965_ (net)
                      0.077027    0.000057    9.450584 v _08493_/B (sky130_fd_sc_hd__xnor2_1)
     1    0.002471    0.043314    0.129040    9.579624 v _08493_/Y (sky130_fd_sc_hd__xnor2_1)
                                                         _00046_ (net)
                      0.043314    0.000022    9.579647 v _13700_/D (sky130_fd_sc_hd__dfrtp_1)
                                              9.579647   data arrival time

                                 15.000000   15.000000   clock clk (rise edge)
                                  0.000000   15.000000   clock source latency
     1    0.046681    0.214570    0.152157   15.152157 ^ clk (in)
                                                         clk (net)
                      0.215027    0.000000   15.152157 ^ clkbuf_0_clk/A (sky130_fd_sc_hd__clkbuf_16)
     8    0.151713    0.163939    0.277307   15.429464 ^ clkbuf_0_clk/X (sky130_fd_sc_hd__clkbuf_16)
                                                         clknet_0_clk (net)
                      0.164228    0.004722   15.434186 ^ clkbuf_3_0__f_clk/A (sky130_fd_sc_hd__clkbuf_16)
     9    0.057070    0.076225    0.194644   15.628830 ^ clkbuf_3_0__f_clk/X (sky130_fd_sc_hd__clkbuf_16)
                                                         clknet_3_0__leaf_clk (net)
                      0.076309    0.002290   15.631120 ^ _13700_/CLK (sky130_fd_sc_hd__dfrtp_1)
                                 -0.250000   15.381121   clock uncertainty
                                  0.000000   15.381121   clock reconvergence pessimism
                                 -0.106375   15.274745   library setup time
                                             15.274745   data required time
---------------------------------------------------------------------------------------------
                                             15.274745   data required time
                                             -9.579647   data arrival time
---------------------------------------------------------------------------------------------
                                              5.695099   slack (MET)


Startpoint: x1[0] (input port clocked by clk)
Endpoint: _13680_ (rising edge-triggered flip-flop clocked by clk)
Path Group: clk
Path Type: max

Fanout         Cap        Slew       Delay        Time   Description
---------------------------------------------------------------------------------------------
                                  0.000000    0.000000   clock clk (rise edge)
                                  0.000000    0.000000   clock network delay (propagated)
                                  3.000000    3.000000 ^ input external delay
     1    0.003421    0.022420    0.012481    3.012481 ^ x1[0] (in)
                                                         x1[0] (net)
                      0.022420    0.000000    3.012481 ^ input138/A (sky130_fd_sc_hd__clkbuf_1)
     1    0.002390    0.039623    0.069366    3.081847 ^ input138/X (sky130_fd_sc_hd__clkbuf_1)
                                                         net138 (net)
                      0.039623    0.000024    3.081872 ^ fanout597/A (sky130_fd_sc_hd__buf_2)
     5    0.048298    0.236214    0.240938    3.322810 ^ fanout597/X (sky130_fd_sc_hd__buf_2)
                                                         net597 (net)
                      0.236292    0.003545    3.326355 ^ fanout592/A (sky130_fd_sc_hd__buf_2)
     7    0.050774    0.247620    0.309268    3.635623 ^ fanout592/X (sky130_fd_sc_hd__buf_2)
                                                         net592 (net)
                      0.247715    0.004038    3.639661 ^ fanout591/A (sky130_fd_sc_hd__clkbuf_2)
     5    0.036526    0.201022    0.276213    3.915874 ^ fanout591/X (sky130_fd_sc_hd__clkbuf_2)
                                                         net591 (net)
                      0.201024    0.001040    3.916914 ^ fanout588/A (sky130_fd_sc_hd__buf_2)
    10    0.041452    0.204102    0.271261    4.188175 ^ fanout588/X (sky130_fd_sc_hd__buf_2)
                                                         net588 (net)
                      0.204112    0.001649    4.189824 ^ _10922_/A (sky130_fd_sc_hd__and3_1)
     4    0.010933    0.120669    0.240485    4.430309 ^ _10922_/X (sky130_fd_sc_hd__and3_1)
                                                         _03570_ (net)
                      0.120669    0.000050    4.430358 ^ _10925_/A_N (sky130_fd_sc_hd__and4b_1)
     3    0.008732    0.064811    0.234635    4.664993 v _10925_/X (sky130_fd_sc_hd__and4b_1)
                                                         _03573_ (net)
                      0.064811    0.000062    4.665055 v _11082_/B1_N (sky130_fd_sc_hd__o21ba_2)
     5    0.027984    0.169185    0.333100    4.998155 ^ _11082_/X (sky130_fd_sc_hd__o21ba_2)
                                                         _03745_ (net)
                      0.169185    0.000396    4.998551 ^ fanout249/A (sky130_fd_sc_hd__clkbuf_4)
    10    0.046616    0.147480    0.254203    5.252754 ^ fanout249/X (sky130_fd_sc_hd__clkbuf_4)
                                                         net249 (net)
                      0.147480    0.000310    5.253064 ^ _11083_/B (sky130_fd_sc_hd__xor2_1)
     2    0.007809    0.199339    0.223094    5.476158 ^ _11083_/X (sky130_fd_sc_hd__xor2_1)
                                                         _03746_ (net)
                      0.199339    0.000079    5.476236 ^ _11085_/B (sky130_fd_sc_hd__xor2_1)
     2    0.009879    0.236755    0.257366    5.733602 ^ _11085_/X (sky130_fd_sc_hd__xor2_1)
                                                         _03748_ (net)
                      0.236755    0.000155    5.733757 ^ _11087_/B (sky130_fd_sc_hd__xor2_1)
     2    0.008095    0.211992    0.238113    5.971870 ^ _11087_/X (sky130_fd_sc_hd__xor2_1)
                                                         _03750_ (net)
                      0.211992    0.000064    5.971934 ^ _11088_/B (sky130_fd_sc_hd__xor2_1)
     3    0.011858    0.272891    0.285549    6.257483 ^ _11088_/X (sky130_fd_sc_hd__xor2_1)
                                                         _03752_ (net)
                      0.272891    0.000153    6.257637 ^ _11092_/A (sky130_fd_sc_hd__xor2_1)
     1    0.004956    0.153826    0.200531    6.458167 ^ _11092_/X (sky130_fd_sc_hd__xor2_1)
                                                         _03756_ (net)
                      0.153826    0.000024    6.458191 ^ _11093_/B (sky130_fd_sc_hd__xnor2_1)
     2    0.007925    0.222411    0.172615    6.630806 ^ _11093_/Y (sky130_fd_sc_hd__xnor2_1)
                                                         _03757_ (net)
                      0.222411    0.000068    6.630874 ^ _11095_/B (sky130_fd_sc_hd__xnor2_1)
     2    0.007910    0.214369    0.184763    6.815638 ^ _11095_/Y (sky130_fd_sc_hd__xnor2_1)
                                                         _03759_ (net)
                      0.214369    0.000133    6.815770 ^ _11097_/B (sky130_fd_sc_hd__xnor2_1)
     2    0.008230    0.087738    0.129993    6.945763 v _11097_/Y (sky130_fd_sc_hd__xnor2_1)
                                                         _03761_ (net)
                      0.087738    0.000036    6.945799 v _11321_/A1 (sky130_fd_sc_hd__a21bo_1)
     2    0.008613    0.060204    0.206483    7.152283 v _11321_/X (sky130_fd_sc_hd__a21bo_1)
                                                         _04007_ (net)
                      0.060204    0.000111    7.152394 v _11323_/B (sky130_fd_sc_hd__xnor2_1)
     2    0.008196    0.092069    0.153963    7.306357 v _11323_/Y (sky130_fd_sc_hd__xnor2_1)
                                                         _04009_ (net)
                      0.092069    0.000065    7.306422 v _11458_/A2 (sky130_fd_sc_hd__a21boi_1)
     2    0.008877    0.214403    0.237367    7.543790 ^ _11458_/Y (sky130_fd_sc_hd__a21boi_1)
                                                         _04157_ (net)
                      0.214403    0.000095    7.543885 ^ _11460_/B (sky130_fd_sc_hd__xor2_1)
     2    0.007841    0.199934    0.231881    7.775766 ^ _11460_/X (sky130_fd_sc_hd__xor2_1)
                                                         _04159_ (net)
                      0.199934    0.000075    7.775841 ^ _11461_/B (sky130_fd_sc_hd__xor2_1)
     2    0.011646    0.269059    0.281146    8.056987 ^ _11461_/X (sky130_fd_sc_hd__xor2_1)
                                                         _04160_ (net)
                      0.269059    0.000286    8.057272 ^ _11462_/C (sky130_fd_sc_hd__or3_2)
     3    0.017386    0.095518    0.220928    8.278200 ^ _11462_/X (sky130_fd_sc_hd__or3_2)
                                                         _04161_ (net)
                      0.095519    0.000504    8.278705 ^ _11589_/C_N (sky130_fd_sc_hd__nor3b_1)
     2    0.008743    0.319247    0.311578    8.590283 ^ _11589_/Y (sky130_fd_sc_hd__nor3b_1)
                                                         _04299_ (net)
                      0.319247    0.000179    8.590462 ^ _11591_/D_N (sky130_fd_sc_hd__or4bb_4)
     2    0.011457    0.097662    0.521434    9.111896 v _11591_/X (sky130_fd_sc_hd__or4bb_4)
                                                         _04301_ (net)
                      0.097662    0.000125    9.112020 v _11593_/A1 (sky130_fd_sc_hd__a31oi_4)
     4    0.034502    0.307301    0.289457    9.401478 ^ _11593_/Y (sky130_fd_sc_hd__a31oi_4)
                                                         _04303_ (net)
                      0.307301    0.000080    9.401558 ^ _11595_/A (sky130_fd_sc_hd__nor2_1)
     1    0.003670    0.071586    0.094479    9.496037 v _11595_/Y (sky130_fd_sc_hd__nor2_1)
                                                         _00015_ (net)
                      0.071586    0.000055    9.496092 v _13680_/D (sky130_fd_sc_hd__dfrtp_1)
                                              9.496092   data arrival time

                                 15.000000   15.000000   clock clk (rise edge)
                                  0.000000   15.000000   clock source latency
     1    0.046681    0.214570    0.152157   15.152157 ^ clk (in)
                                                         clk (net)
                      0.215027    0.000000   15.152157 ^ clkbuf_0_clk/A (sky130_fd_sc_hd__clkbuf_16)
     8    0.151713    0.163939    0.277307   15.429464 ^ clkbuf_0_clk/X (sky130_fd_sc_hd__clkbuf_16)
                                                         clknet_0_clk (net)
                      0.164263    0.005095   15.434559 ^ clkbuf_3_2__f_clk/A (sky130_fd_sc_hd__clkbuf_16)
    10    0.037474    0.058340    0.180398   15.614957 ^ clkbuf_3_2__f_clk/X (sky130_fd_sc_hd__clkbuf_16)
                                                         clknet_3_2__leaf_clk (net)
                      0.058605    0.002853   15.617809 ^ _13680_/CLK (sky130_fd_sc_hd__dfrtp_1)
                                 -0.250000   15.367810   clock uncertainty
                                  0.000000   15.367810   clock reconvergence pessimism
                                 -0.122751   15.245059   library setup time
                                             15.245059   data required time
---------------------------------------------------------------------------------------------
                                             15.245059   data required time
                                             -9.496092   data arrival time
---------------------------------------------------------------------------------------------
                                              5.748967   slack (MET)


Startpoint: x1[0] (input port clocked by clk)
Endpoint: _13698_ (rising edge-triggered flip-flop clocked by clk)
Path Group: clk
Path Type: max

Fanout         Cap        Slew       Delay        Time   Description
---------------------------------------------------------------------------------------------
                                  0.000000    0.000000   clock clk (rise edge)
                                  0.000000    0.000000   clock network delay (propagated)
                                  3.000000    3.000000 ^ input external delay
     1    0.003421    0.022420    0.012481    3.012481 ^ x1[0] (in)
                                                         x1[0] (net)
                      0.022420    0.000000    3.012481 ^ input138/A (sky130_fd_sc_hd__clkbuf_1)
     1    0.002390    0.039623    0.069366    3.081847 ^ input138/X (sky130_fd_sc_hd__clkbuf_1)
                                                         net138 (net)
                      0.039623    0.000024    3.081872 ^ fanout597/A (sky130_fd_sc_hd__buf_2)
     5    0.048298    0.236214    0.240938    3.322810 ^ fanout597/X (sky130_fd_sc_hd__buf_2)
                                                         net597 (net)
                      0.236292    0.003545    3.326355 ^ fanout592/A (sky130_fd_sc_hd__buf_2)
     7    0.050774    0.247620    0.309268    3.635623 ^ fanout592/X (sky130_fd_sc_hd__buf_2)
                                                         net592 (net)
                      0.247715    0.004038    3.639661 ^ fanout591/A (sky130_fd_sc_hd__clkbuf_2)
     5    0.036526    0.201022    0.276213    3.915874 ^ fanout591/X (sky130_fd_sc_hd__clkbuf_2)
                                                         net591 (net)
                      0.201024    0.001040    3.916914 ^ fanout588/A (sky130_fd_sc_hd__buf_2)
    10    0.041452    0.204102    0.271261    4.188175 ^ fanout588/X (sky130_fd_sc_hd__buf_2)
                                                         net588 (net)
                      0.204112    0.001690    4.189865 ^ _07533_/A (sky130_fd_sc_hd__or2_4)
     9    0.062999    0.194681    0.277076    4.466941 ^ _07533_/X (sky130_fd_sc_hd__or2_4)
                                                         _06762_ (net)
                      0.194767    0.003407    4.470348 ^ _07534_/B (sky130_fd_sc_hd__and3b_1)
     2    0.009680    0.109680    0.233325    4.703673 ^ _07534_/X (sky130_fd_sc_hd__and3b_1)
                                                         _06763_ (net)
                      0.109680    0.000029    4.703703 ^ _07695_/A1 (sky130_fd_sc_hd__o21ba_2)
     5    0.024321    0.149168    0.236414    4.940117 ^ _07695_/X (sky130_fd_sc_hd__o21ba_2)
                                                         _00174_ (net)
                      0.149168    0.000158    4.940275 ^ fanout252/A (sky130_fd_sc_hd__clkbuf_4)
    10    0.048084    0.150974    0.250331    5.190606 ^ fanout252/X (sky130_fd_sc_hd__clkbuf_4)
                                                         net252 (net)
                      0.150974    0.000207    5.190813 ^ _07696_/B (sky130_fd_sc_hd__xor2_1)
     2    0.006935    0.183754    0.211784    5.402597 ^ _07696_/X (sky130_fd_sc_hd__xor2_1)
                                                         _00175_ (net)
                      0.183754    0.000072    5.402669 ^ _07698_/B (sky130_fd_sc_hd__xor2_1)
     2    0.008804    0.217272    0.240998    5.643668 ^ _07698_/X (sky130_fd_sc_hd__xor2_1)
                                                         _00177_ (net)
                      0.217272    0.000113    5.643781 ^ _07700_/B (sky130_fd_sc_hd__xor2_1)
     2    0.007436    0.199777    0.226819    5.870600 ^ _07700_/X (sky130_fd_sc_hd__xor2_1)
                                                         _00179_ (net)
                      0.199777    0.000036    5.870635 ^ _07701_/B (sky130_fd_sc_hd__xor2_1)
     3    0.011714    0.270250    0.282068    6.152703 ^ _07701_/X (sky130_fd_sc_hd__xor2_1)
                                                         _00180_ (net)
                      0.270250    0.000189    6.152892 ^ _07705_/A (sky130_fd_sc_hd__xor2_1)
     1    0.005125    0.151904    0.202439    6.355331 ^ _07705_/X (sky130_fd_sc_hd__xor2_1)
                                                         _00184_ (net)
                      0.151904    0.000050    6.355381 ^ _07706_/B (sky130_fd_sc_hd__xnor2_1)
     2    0.007654    0.216913    0.170258    6.525639 ^ _07706_/Y (sky130_fd_sc_hd__xnor2_1)
                                                         _00185_ (net)
                      0.216913    0.000028    6.525666 ^ _07708_/B (sky130_fd_sc_hd__xnor2_1)
     2    0.007379    0.203900    0.179766    6.705432 ^ _07708_/Y (sky130_fd_sc_hd__xnor2_1)
                                                         _00187_ (net)
                      0.203900    0.000077    6.705509 ^ _07710_/B (sky130_fd_sc_hd__xnor2_1)
     2    0.010560    0.267412    0.201600    6.907109 ^ _07710_/Y (sky130_fd_sc_hd__xnor2_1)
                                                         _00189_ (net)
                      0.267412    0.000126    6.907235 ^ _07800_/A (sky130_fd_sc_hd__xnor2_1)
     2    0.011102    0.116411    0.170588    7.077823 v _07800_/Y (sky130_fd_sc_hd__xnor2_1)
                                                         _00279_ (net)
                      0.116411    0.000275    7.078098 v _07803_/A (sky130_fd_sc_hd__xnor2_1)
     2    0.011519    0.286779    0.304498    7.382596 ^ _07803_/Y (sky130_fd_sc_hd__xnor2_1)
                                                         _00282_ (net)
                      0.286779    0.000115    7.382712 ^ _07804_/B (sky130_fd_sc_hd__xnor2_1)
     2    0.010945    0.275124    0.219026    7.601738 ^ _07804_/Y (sky130_fd_sc_hd__xnor2_1)
                                                         _00283_ (net)
                      0.275124    0.000216    7.601954 ^ _07806_/A_N (sky130_fd_sc_hd__and2b_1)
     1    0.002991    0.034427    0.219411    7.821365 v _07806_/X (sky130_fd_sc_hd__and2b_1)
                                                         _00285_ (net)
                      0.034427    0.000021    7.821386 v _07946_/B1 (sky130_fd_sc_hd__a21oi_1)
     3    0.013366    0.302718    0.257034    8.078421 ^ _07946_/Y (sky130_fd_sc_hd__a21oi_1)
                                                         _00424_ (net)
                      0.302719    0.000324    8.078745 ^ _07948_/B (sky130_fd_sc_hd__xnor2_1)
     3    0.010043    0.111451    0.161886    8.240631 v _07948_/Y (sky130_fd_sc_hd__xnor2_1)
                                                         _00426_ (net)
                      0.111451    0.000092    8.240723 v _08202_/A_N (sky130_fd_sc_hd__nand2b_1)
     3    0.009505    0.095552    0.205321    8.446044 v _08202_/Y (sky130_fd_sc_hd__nand2b_1)
                                                         _00678_ (net)
                      0.095552    0.000116    8.446160 v _08204_/C (sky130_fd_sc_hd__nor4b_1)
     1    0.003570    0.272285    0.273735    8.719895 ^ _08204_/Y (sky130_fd_sc_hd__nor4b_1)
                                                         _00680_ (net)
                      0.272285    0.000044    8.719939 ^ _08209_/A3 (sky130_fd_sc_hd__o31a_2)
     3    0.038972    0.214957    0.303792    9.023730 ^ _08209_/X (sky130_fd_sc_hd__o31a_2)
                                                         _00685_ (net)
                      0.215053    0.003758    9.027489 ^ _08321_/B (sky130_fd_sc_hd__nor2_1)
     1    0.004892    0.080762    0.078913    9.106401 v _08321_/Y (sky130_fd_sc_hd__nor2_1)
                                                         _00796_ (net)
                      0.080762    0.000046    9.106447 v _08322_/B (sky130_fd_sc_hd__xnor2_1)
     1    0.015488    0.366758    0.331042    9.437490 ^ _08322_/Y (sky130_fd_sc_hd__xnor2_1)
                                                         _00044_ (net)
                      0.366761    0.000859    9.438348 ^ _13698_/D (sky130_fd_sc_hd__dfrtp_1)
                                              9.438348   data arrival time

                                 15.000000   15.000000   clock clk (rise edge)
                                  0.000000   15.000000   clock source latency
     1    0.046681    0.214570    0.152157   15.152157 ^ clk (in)
                                                         clk (net)
                      0.215027    0.000000   15.152157 ^ clkbuf_0_clk/A (sky130_fd_sc_hd__clkbuf_16)
     8    0.151713    0.163939    0.277307   15.429464 ^ clkbuf_0_clk/X (sky130_fd_sc_hd__clkbuf_16)
                                                         clknet_0_clk (net)
                      0.164228    0.004722   15.434186 ^ clkbuf_3_0__f_clk/A (sky130_fd_sc_hd__clkbuf_16)
     9    0.057070    0.076225    0.194644   15.628830 ^ clkbuf_3_0__f_clk/X (sky130_fd_sc_hd__clkbuf_16)
                                                         clknet_3_0__leaf_clk (net)
                      0.076452    0.002823   15.631653 ^ _13698_/CLK (sky130_fd_sc_hd__dfrtp_1)
                                 -0.250000   15.381654   clock uncertainty
                                  0.000000   15.381654   clock reconvergence pessimism
                                 -0.128851   15.252802   library setup time
                                             15.252802   data required time
---------------------------------------------------------------------------------------------
                                             15.252802   data required time
                                             -9.438348   data arrival time
---------------------------------------------------------------------------------------------
                                              5.814454   slack (MET)


Startpoint: x0[4] (input port clocked by clk)
Endpoint: _13645_ (rising edge-triggered flip-flop clocked by clk)
Path Group: clk
Path Type: max

Fanout         Cap        Slew       Delay        Time   Description
---------------------------------------------------------------------------------------------
                                  0.000000    0.000000   clock clk (rise edge)
                                  0.000000    0.000000   clock network delay (propagated)
                                  3.000000    3.000000 ^ input external delay
     1    0.002790    0.019689    0.010262    3.010262 ^ x0[4] (in)
                                                         x0[4] (net)
                      0.019689    0.000000    3.010262 ^ input134/A (sky130_fd_sc_hd__buf_1)
     1    0.012047    0.147881    0.144966    3.155227 ^ input134/X (sky130_fd_sc_hd__buf_1)
                                                         net134 (net)
                      0.147883    0.000424    3.155652 ^ fanout626/A (sky130_fd_sc_hd__buf_4)
     7    0.082821    0.230024    0.280852    3.436504 ^ fanout626/X (sky130_fd_sc_hd__buf_4)
                                                         net626 (net)
                      0.230079    0.002957    3.439460 ^ fanout625/A (sky130_fd_sc_hd__buf_2)
     7    0.035079    0.174443    0.258531    3.697991 ^ fanout625/X (sky130_fd_sc_hd__buf_2)
                                                         net625 (net)
                      0.174443    0.000325    3.698316 ^ fanout624/A (sky130_fd_sc_hd__clkbuf_4)
    10    0.050875    0.157991    0.264746    3.963062 ^ fanout624/X (sky130_fd_sc_hd__clkbuf_4)
                                                         net624 (net)
                      0.158162    0.003237    3.966299 ^ _12254_/B (sky130_fd_sc_hd__and4_1)
     2    0.004661    0.071556    0.216276    4.182575 ^ _12254_/X (sky130_fd_sc_hd__and4_1)
                                                         _05020_ (net)
                      0.071556    0.000036    4.182611 ^ _12256_/A_N (sky130_fd_sc_hd__and2b_1)
     1    0.005131    0.043357    0.187644    4.370255 v _12256_/X (sky130_fd_sc_hd__and2b_1)
                                                         _05022_ (net)
                      0.043357    0.000051    4.370306 v _12257_/B (sky130_fd_sc_hd__xnor2_1)
     3    0.009852    0.253280    0.232392    4.602698 ^ _12257_/Y (sky130_fd_sc_hd__xnor2_1)
                                                         _05023_ (net)
                      0.253280    0.000151    4.602849 ^ _12266_/A (sky130_fd_sc_hd__nand3_1)
     3    0.007289    0.118763    0.150183    4.753031 v _12266_/Y (sky130_fd_sc_hd__nand3_1)
                                                         _05033_ (net)
                      0.118763    0.000048    4.753079 v _12269_/A (sky130_fd_sc_hd__and3_1)
     2    0.005674    0.049033    0.185629    4.938708 v _12269_/X (sky130_fd_sc_hd__and3_1)
                                                         _05037_ (net)
                      0.049033    0.000056    4.938764 v _12272_/A (sky130_fd_sc_hd__or3_4)
     4    0.016983    0.087822    0.416915    5.355679 v _12272_/X (sky130_fd_sc_hd__or3_4)
                                                         _05040_ (net)
                      0.087822    0.000165    5.355844 v _12275_/A (sky130_fd_sc_hd__and3_4)
     4    0.021725    0.053200    0.190836    5.546680 v _12275_/X (sky130_fd_sc_hd__and3_4)
                                                         _05043_ (net)
                      0.053200    0.000052    5.546732 v _12278_/A1 (sky130_fd_sc_hd__o21a_4)
     2    0.015451    0.048027    0.231759    5.778491 v _12278_/X (sky130_fd_sc_hd__o21a_4)
                                                         _05047_ (net)
                      0.048029    0.000415    5.778906 v _12280_/A2 (sky130_fd_sc_hd__o211a_1)
     3    0.007586    0.060532    0.226109    6.005016 v _12280_/X (sky130_fd_sc_hd__o211a_1)
                                                         _05049_ (net)
                      0.060532    0.000028    6.005044 v _12282_/C (sky130_fd_sc_hd__or3_4)
     2    0.008074    0.071568    0.338289    6.343332 v _12282_/X (sky130_fd_sc_hd__or3_4)
                                                         _05051_ (net)
                      0.071568    0.000071    6.343402 v _12284_/B1 (sky130_fd_sc_hd__o211a_4)
     4    0.014656    0.052319    0.163505    6.506907 v _12284_/X (sky130_fd_sc_hd__o211a_4)
                                                         _05053_ (net)
                      0.052319    0.000092    6.506999 v _12288_/B (sky130_fd_sc_hd__or4_4)
     2    0.011017    0.095903    0.531009    7.038008 v _12288_/X (sky130_fd_sc_hd__or4_4)
                                                         _05058_ (net)
                      0.095903    0.000102    7.038110 v _12426_/A1 (sky130_fd_sc_hd__a211o_4)
     4    0.012118    0.060826    0.353108    7.391218 v _12426_/X (sky130_fd_sc_hd__a211o_4)
                                                         _05208_ (net)
                      0.060826    0.000118    7.391336 v _12429_/A2 (sky130_fd_sc_hd__a211o_1)
     2    0.010569    0.082693    0.335381    7.726717 v _12429_/X (sky130_fd_sc_hd__a211o_1)
                                                         _05212_ (net)
                      0.082693    0.000204    7.726922 v _12431_/A1 (sky130_fd_sc_hd__a211o_1)
     2    0.005040    0.057901    0.277461    8.004382 v _12431_/X (sky130_fd_sc_hd__a211o_1)
                                                         _05214_ (net)
                      0.057901    0.000024    8.004406 v _12433_/B2 (sky130_fd_sc_hd__a22o_1)
     2    0.008260    0.065128    0.226911    8.231318 v _12433_/X (sky130_fd_sc_hd__a22o_1)
                                                         _05216_ (net)
                      0.065128    0.000067    8.231384 v _12593_/A1 (sky130_fd_sc_hd__a21oi_2)
     3    0.011579    0.167591    0.187161    8.418545 ^ _12593_/Y (sky130_fd_sc_hd__a21oi_2)
                                                         _05391_ (net)
                      0.167591    0.000123    8.418669 ^ _12755_/A1 (sky130_fd_sc_hd__o21ba_4)
     3    0.008465    0.048069    0.174317    8.592986 ^ _12755_/X (sky130_fd_sc_hd__o21ba_4)
                                                         _05567_ (net)
                      0.048069    0.000109    8.593096 ^ _12756_/B (sky130_fd_sc_hd__nor2_1)
     3    0.007257    0.045316    0.052187    8.645282 v _12756_/Y (sky130_fd_sc_hd__nor2_1)
                                                         _05568_ (net)
                      0.045316    0.000037    8.645319 v _13044_/A1_N (sky130_fd_sc_hd__o2bb2a_1)
     2    0.004681    0.063238    0.245333    8.890652 ^ _13044_/X (sky130_fd_sc_hd__o2bb2a_1)
                                                         _05883_ (net)
                      0.063238    0.000047    8.890699 ^ _13045_/A_N (sky130_fd_sc_hd__and2b_1)
     2    0.004191    0.039598    0.180874    9.071573 v _13045_/X (sky130_fd_sc_hd__and2b_1)
                                                         _05884_ (net)
                      0.039598    0.000010    9.071583 v _13177_/B (sky130_fd_sc_hd__or2_1)
     1    0.005258    0.059194    0.215490    9.287073 v _13177_/X (sky130_fd_sc_hd__or2_1)
                                                         _06028_ (net)
                      0.059194    0.000059    9.287131 v _13178_/B (sky130_fd_sc_hd__xnor2_1)
     1    0.002926    0.063436    0.123960    9.411091 v _13178_/Y (sky130_fd_sc_hd__xnor2_1)
                                                         _00028_ (net)
                      0.063436    0.000031    9.411122 v _13645_/D (sky130_fd_sc_hd__dfrtp_1)
                                              9.411122   data arrival time

                                 15.000000   15.000000   clock clk (rise edge)
                                  0.000000   15.000000   clock source latency
     1    0.046681    0.214570    0.152157   15.152157 ^ clk (in)
                                                         clk (net)
                      0.215027    0.000000   15.152157 ^ clkbuf_0_clk/A (sky130_fd_sc_hd__clkbuf_16)
     8    0.151713    0.163939    0.277307   15.429464 ^ clkbuf_0_clk/X (sky130_fd_sc_hd__clkbuf_16)
                                                         clknet_0_clk (net)
                      0.164055    0.001929   15.431394 ^ clkbuf_3_4__f_clk/A (sky130_fd_sc_hd__clkbuf_16)
     7    0.046679    0.066586    0.187727   15.619121 ^ clkbuf_3_4__f_clk/X (sky130_fd_sc_hd__clkbuf_16)
                                                         clknet_3_4__leaf_clk (net)
                      0.066612    0.001215   15.620336 ^ _13645_/CLK (sky130_fd_sc_hd__dfrtp_1)
                                 -0.250000   15.370337   clock uncertainty
                                  0.000000   15.370337   clock reconvergence pessimism
                                 -0.117362   15.252975   library setup time
                                             15.252975   data required time
---------------------------------------------------------------------------------------------
                                             15.252975   data required time
                                             -9.411122   data arrival time
---------------------------------------------------------------------------------------------
                                              5.841853   slack (MET)


Startpoint: x0[4] (input port clocked by clk)
Endpoint: _13663_ (rising edge-triggered flip-flop clocked by clk)
Path Group: clk
Path Type: max

Fanout         Cap        Slew       Delay        Time   Description
---------------------------------------------------------------------------------------------
                                  0.000000    0.000000   clock clk (rise edge)
                                  0.000000    0.000000   clock network delay (propagated)
                                  3.000000    3.000000 ^ input external delay
     1    0.002790    0.019689    0.010262    3.010262 ^ x0[4] (in)
                                                         x0[4] (net)
                      0.019689    0.000000    3.010262 ^ input134/A (sky130_fd_sc_hd__buf_1)
     1    0.012047    0.147881    0.144966    3.155227 ^ input134/X (sky130_fd_sc_hd__buf_1)
                                                         net134 (net)
                      0.147883    0.000424    3.155652 ^ fanout626/A (sky130_fd_sc_hd__buf_4)
     7    0.082821    0.230024    0.280852    3.436504 ^ fanout626/X (sky130_fd_sc_hd__buf_4)
                                                         net626 (net)
                      0.230079    0.002957    3.439460 ^ fanout625/A (sky130_fd_sc_hd__buf_2)
     7    0.035079    0.174443    0.258531    3.697991 ^ fanout625/X (sky130_fd_sc_hd__buf_2)
                                                         net625 (net)
                      0.174443    0.000325    3.698316 ^ fanout624/A (sky130_fd_sc_hd__clkbuf_4)
    10    0.050875    0.157991    0.264746    3.963062 ^ fanout624/X (sky130_fd_sc_hd__clkbuf_4)
                                                         net624 (net)
                      0.157991    0.000170    3.963232 ^ _08850_/B (sky130_fd_sc_hd__and4_1)
     2    0.004557    0.070709    0.215405    4.178637 ^ _08850_/X (sky130_fd_sc_hd__and4_1)
                                                         _01316_ (net)
                      0.070709    0.000035    4.178671 ^ _08852_/A_N (sky130_fd_sc_hd__and2b_1)
     1    0.005165    0.043502    0.187566    4.366238 v _08852_/X (sky130_fd_sc_hd__and2b_1)
                                                         _01318_ (net)
                      0.043502    0.000032    4.366270 v _08853_/B (sky130_fd_sc_hd__xnor2_1)
     3    0.011929    0.303625    0.263758    4.630028 ^ _08853_/Y (sky130_fd_sc_hd__xnor2_1)
                                                         _01319_ (net)
                      0.303625    0.000126    4.630154 ^ _08862_/A (sky130_fd_sc_hd__nand3_2)
     3    0.007882    0.104786    0.126064    4.756218 v _08862_/Y (sky130_fd_sc_hd__nand3_2)
                                                         _01328_ (net)
                      0.104786    0.000044    4.756263 v _08865_/B (sky130_fd_sc_hd__and3_1)
     2    0.006796    0.054092    0.205428    4.961690 v _08865_/X (sky130_fd_sc_hd__and3_1)
                                                         _01331_ (net)
                      0.054092    0.000068    4.961759 v _08868_/A (sky130_fd_sc_hd__or3_4)
     4    0.019957    0.091150    0.424361    5.386119 v _08868_/X (sky130_fd_sc_hd__or3_4)
                                                         _01334_ (net)
                      0.091150    0.000478    5.386598 v _08871_/A (sky130_fd_sc_hd__and3_4)
     4    0.021825    0.053304    0.192405    5.579003 v _08871_/X (sky130_fd_sc_hd__and3_4)
                                                         _01337_ (net)
                      0.053304    0.000236    5.579238 v _08874_/A1 (sky130_fd_sc_hd__o21a_4)
     2    0.012804    0.044646    0.226605    5.805844 v _08874_/X (sky130_fd_sc_hd__o21a_4)
                                                         _01340_ (net)
                      0.044646    0.000142    5.805985 v _08876_/A2 (sky130_fd_sc_hd__o211a_1)
     3    0.009089    0.066651    0.232738    6.038723 v _08876_/X (sky130_fd_sc_hd__o211a_1)
                                                         _01342_ (net)
                      0.066651    0.000121    6.038844 v _08878_/A (sky130_fd_sc_hd__or3_4)
     2    0.007160    0.070174    0.394472    6.433316 v _08878_/X (sky130_fd_sc_hd__or3_4)
                                                         _01345_ (net)
                      0.070174    0.000065    6.433382 v _08880_/B1 (sky130_fd_sc_hd__o211a_4)
     4    0.014443    0.052035    0.162410    6.595791 v _08880_/X (sky130_fd_sc_hd__o211a_4)
                                                         _01347_ (net)
                      0.052035    0.000258    6.596049 v _08884_/B (sky130_fd_sc_hd__or4_4)
     2    0.009983    0.094054    0.527201    7.123250 v _08884_/X (sky130_fd_sc_hd__or4_4)
                                                         _01351_ (net)
                      0.094054    0.000093    7.123343 v _09024_/A1 (sky130_fd_sc_hd__a211o_4)
     4    0.013156    0.062568    0.355077    7.478420 v _09024_/X (sky130_fd_sc_hd__a211o_4)
                                                         _01504_ (net)
                      0.062568    0.000090    7.478509 v _09027_/A2 (sky130_fd_sc_hd__a211o_1)
     2    0.007556    0.070543    0.319947    7.798456 v _09027_/X (sky130_fd_sc_hd__a211o_1)
                                                         _01507_ (net)
                      0.070543    0.000052    7.798509 v _09029_/A1 (sky130_fd_sc_hd__a211o_1)
     2    0.007568    0.070279    0.287519    8.086028 v _09029_/X (sky130_fd_sc_hd__a211o_1)
                                                         _01510_ (net)
                      0.070279    0.000129    8.086157 v _09031_/B2 (sky130_fd_sc_hd__a2bb2o_4)
     2    0.005197    0.035652    0.208335    8.294492 v _09031_/X (sky130_fd_sc_hd__a2bb2o_4)
                                                         _01512_ (net)
                      0.035652    0.000044    8.294535 v _09191_/A2 (sky130_fd_sc_hd__a21o_1)
     2    0.015735    0.085752    0.221665    8.516200 v _09191_/X (sky130_fd_sc_hd__a21o_1)
                                                         _01686_ (net)
                      0.085752    0.000384    8.516584 v _09351_/A1 (sky130_fd_sc_hd__a21oi_4)
     4    0.018366    0.173762    0.192767    8.709351 ^ _09351_/Y (sky130_fd_sc_hd__a21oi_4)
                                                         _01861_ (net)
                      0.173762    0.000419    8.709770 ^ _09892_/D (sky130_fd_sc_hd__nor4_2)
     2    0.008814    0.059185    0.073619    8.783389 v _09892_/Y (sky130_fd_sc_hd__nor4_2)
                                                         _02450_ (net)
                      0.059186    0.000218    8.783607 v _09897_/C (sky130_fd_sc_hd__or4_1)
     1    0.001738    0.075191    0.449848    9.233455 v _09897_/X (sky130_fd_sc_hd__or4_1)
                                                         _02455_ (net)
                      0.075191    0.000007    9.233462 v _09898_/B (sky130_fd_sc_hd__and2b_1)
     1    0.002408    0.031844    0.161322    9.394784 v _09898_/X (sky130_fd_sc_hd__and2b_1)
                                                         _00057_ (net)
                      0.031844    0.000023    9.394807 v _13663_/D (sky130_fd_sc_hd__dfrtp_1)
                                              9.394807   data arrival time

                                 15.000000   15.000000   clock clk (rise edge)
                                  0.000000   15.000000   clock source latency
     1    0.046681    0.214570    0.152157   15.152157 ^ clk (in)
                                                         clk (net)
                      0.215027    0.000000   15.152157 ^ clkbuf_0_clk/A (sky130_fd_sc_hd__clkbuf_16)
     8    0.151713    0.163939    0.277307   15.429464 ^ clkbuf_0_clk/X (sky130_fd_sc_hd__clkbuf_16)
                                                         clknet_0_clk (net)
                      0.164055    0.001929   15.431394 ^ clkbuf_3_4__f_clk/A (sky130_fd_sc_hd__clkbuf_16)
     7    0.046679    0.066586    0.187727   15.619121 ^ clkbuf_3_4__f_clk/X (sky130_fd_sc_hd__clkbuf_16)
                                                         clknet_3_4__leaf_clk (net)
                      0.066605    0.001078   15.620199 ^ _13663_/CLK (sky130_fd_sc_hd__dfrtp_1)
                                 -0.250000   15.370200   clock uncertainty
                                  0.000000   15.370200   clock reconvergence pessimism
                                 -0.103597   15.266603   library setup time
                                             15.266603   data required time
---------------------------------------------------------------------------------------------
                                             15.266603   data required time
                                             -9.394807   data arrival time
---------------------------------------------------------------------------------------------
                                              5.871796   slack (MET)


Startpoint: x1[0] (input port clocked by clk)
Endpoint: _13664_ (rising edge-triggered flip-flop clocked by clk)
Path Group: clk
Path Type: max

Fanout         Cap        Slew       Delay        Time   Description
---------------------------------------------------------------------------------------------
                                  0.000000    0.000000   clock clk (rise edge)
                                  0.000000    0.000000   clock network delay (propagated)
                                  3.000000    3.000000 v input external delay
     1    0.003245    0.009664    0.005176    3.005176 v x1[0] (in)
                                                         x1[0] (net)
                      0.009664    0.000000    3.005176 v input138/A (sky130_fd_sc_hd__clkbuf_1)
     1    0.002230    0.023568    0.069450    3.074626 v input138/X (sky130_fd_sc_hd__clkbuf_1)
                                                         net138 (net)
                      0.023568    0.000022    3.074648 v fanout597/A (sky130_fd_sc_hd__buf_2)
     5    0.047346    0.114658    0.191905    3.266553 v fanout597/X (sky130_fd_sc_hd__buf_2)
                                                         net597 (net)
                      0.114865    0.003469    3.270022 v fanout592/A (sky130_fd_sc_hd__buf_2)
     7    0.049659    0.120197    0.234993    3.505015 v fanout592/X (sky130_fd_sc_hd__buf_2)
                                                         net592 (net)
                      0.120445    0.003934    3.508948 v fanout591/A (sky130_fd_sc_hd__clkbuf_2)
     5    0.035881    0.137395    0.226441    3.735389 v fanout591/X (sky130_fd_sc_hd__clkbuf_2)
                                                         net591 (net)
                      0.137401    0.001022    3.736411 v fanout588/A (sky130_fd_sc_hd__buf_2)
    10    0.040068    0.099321    0.231694    3.968105 v fanout588/X (sky130_fd_sc_hd__buf_2)
                                                         net588 (net)
                      0.099350    0.001630    3.969735 v _07533_/A (sky130_fd_sc_hd__or2_4)
     9    0.061566    0.114482    0.353134    4.322870 v _07533_/X (sky130_fd_sc_hd__or2_4)
                                                         _06762_ (net)
                      0.115414    0.008057    4.330927 v _09228_/B (sky130_fd_sc_hd__and3_2)
     6    0.030506    0.099578    0.293552    4.624479 v _09228_/X (sky130_fd_sc_hd__and3_2)
                                                         _01726_ (net)
                      0.099578    0.000439    4.624918 v _09382_/A (sky130_fd_sc_hd__nor2_1)
     4    0.019014    0.344121    0.315127    4.940045 ^ _09382_/Y (sky130_fd_sc_hd__nor2_1)
                                                         _01894_ (net)
                      0.344121    0.000126    4.940171 ^ fanout250/A (sky130_fd_sc_hd__clkbuf_4)
    10    0.052276    0.162417    0.317125    5.257297 ^ fanout250/X (sky130_fd_sc_hd__clkbuf_4)
                                                         net250 (net)
                      0.162417    0.000503    5.257799 ^ _09383_/B (sky130_fd_sc_hd__xor2_1)
     2    0.006755    0.187155    0.210813    5.468612 ^ _09383_/X (sky130_fd_sc_hd__xor2_1)
                                                         _01895_ (net)
                      0.187155    0.000022    5.468635 ^ _09385_/B (sky130_fd_sc_hd__xor2_1)
     2    0.009064    0.221974    0.244897    5.713532 ^ _09385_/X (sky130_fd_sc_hd__xor2_1)
                                                         _01897_ (net)
                      0.221974    0.000126    5.713658 ^ _09387_/B (sky130_fd_sc_hd__xor2_1)
     2    0.007600    0.202823    0.229617    5.943275 ^ _09387_/X (sky130_fd_sc_hd__xor2_1)
                                                         _01899_ (net)
                      0.202823    0.000037    5.943312 ^ _09540_/A2 (sky130_fd_sc_hd__a21oi_1)
     2    0.010114    0.098760    0.143038    6.086350 v _09540_/Y (sky130_fd_sc_hd__a21oi_1)
                                                         _02066_ (net)
                      0.098760    0.000276    6.086626 v _09542_/B (sky130_fd_sc_hd__xnor2_1)
     2    0.008086    0.225639    0.227524    6.314150 ^ _09542_/Y (sky130_fd_sc_hd__xnor2_1)
                                                         _02068_ (net)
                      0.225639    0.000086    6.314236 ^ _09543_/B (sky130_fd_sc_hd__xor2_1)
     2    0.008698    0.215355    0.244780    6.559016 ^ _09543_/X (sky130_fd_sc_hd__xor2_1)
                                                         _02069_ (net)
                      0.215355    0.000103    6.559118 ^ _09545_/B (sky130_fd_sc_hd__xnor2_1)
     2    0.008074    0.225448    0.184786    6.743904 ^ _09545_/Y (sky130_fd_sc_hd__xnor2_1)
                                                         _02071_ (net)
                      0.225448    0.000065    6.743969 ^ _09547_/B (sky130_fd_sc_hd__xnor2_1)
     2    0.010108    0.266624    0.202085    6.946054 ^ _09547_/Y (sky130_fd_sc_hd__xnor2_1)
                                                         _02073_ (net)
                      0.266624    0.000062    6.946116 ^ _09629_/A (sky130_fd_sc_hd__xnor2_1)
     2    0.009357    0.243288    0.202750    7.148866 ^ _09629_/Y (sky130_fd_sc_hd__xnor2_1)
                                                         _02164_ (net)
                      0.243288    0.000160    7.149026 ^ _09632_/A (sky130_fd_sc_hd__xor2_1)
     2    0.010662    0.251009    0.274007    7.423033 ^ _09632_/X (sky130_fd_sc_hd__xor2_1)
                                                         _02167_ (net)
                      0.251009    0.000099    7.423132 ^ _09633_/B (sky130_fd_sc_hd__xnor2_1)
     2    0.012962    0.315634    0.228310    7.651443 ^ _09633_/Y (sky130_fd_sc_hd__xnor2_1)
                                                         _02168_ (net)
                      0.315634    0.000337    7.651779 ^ _09636_/A (sky130_fd_sc_hd__xor2_1)
     2    0.008350    0.209100    0.250529    7.902308 ^ _09636_/X (sky130_fd_sc_hd__xor2_1)
                                                         _02171_ (net)
                      0.209100    0.000085    7.902394 ^ _09645_/A2 (sky130_fd_sc_hd__a21o_1)
     3    0.012708    0.117387    0.205656    8.108049 ^ _09645_/X (sky130_fd_sc_hd__a21o_1)
                                                         _02180_ (net)
                      0.117387    0.000258    8.108308 ^ _09770_/A (sky130_fd_sc_hd__xor2_1)
     2    0.011107    0.259182    0.260234    8.368542 ^ _09770_/X (sky130_fd_sc_hd__xor2_1)
                                                         _02318_ (net)
                      0.259182    0.000188    8.368730 ^ _09890_/B (sky130_fd_sc_hd__nand2b_1)
     2    0.008406    0.093650    0.133653    8.502383 v _09890_/Y (sky130_fd_sc_hd__nand2b_1)
                                                         _02448_ (net)
                      0.093650    0.000045    8.502428 v _09892_/B (sky130_fd_sc_hd__nor4_2)
     2    0.009379    0.312865    0.352001    8.854429 ^ _09892_/Y (sky130_fd_sc_hd__nor4_2)
                                                         _02450_ (net)
                      0.312865    0.000271    8.854700 ^ _09896_/A3 (sky130_fd_sc_hd__o31a_1)
     3    0.020951    0.222450    0.290799    9.145500 ^ _09896_/X (sky130_fd_sc_hd__o31a_1)
                                                         _02454_ (net)
                      0.222450    0.000317    9.145817 ^ _10006_/B (sky130_fd_sc_hd__nor2_1)
     1    0.005693    0.065016    0.085804    9.231621 v _10006_/Y (sky130_fd_sc_hd__nor2_1)
                                                         _02574_ (net)
                      0.065016    0.000069    9.231690 v _10007_/B (sky130_fd_sc_hd__xnor2_1)
     1    0.002248    0.041760    0.122408    9.354098 v _10007_/Y (sky130_fd_sc_hd__xnor2_1)
                                                         _00058_ (net)
                      0.041760    0.000011    9.354109 v _13664_/D (sky130_fd_sc_hd__dfrtp_1)
                                              9.354109   data arrival time

                                 15.000000   15.000000   clock clk (rise edge)
                                  0.000000   15.000000   clock source latency
     1    0.046681    0.214570    0.152157   15.152157 ^ clk (in)
                                                         clk (net)
                      0.215027    0.000000   15.152157 ^ clkbuf_0_clk/A (sky130_fd_sc_hd__clkbuf_16)
     8    0.151713    0.163939    0.277307   15.429464 ^ clkbuf_0_clk/X (sky130_fd_sc_hd__clkbuf_16)
                                                         clknet_0_clk (net)
                      0.164047    0.001688   15.431152 ^ clkbuf_3_5__f_clk/A (sky130_fd_sc_hd__clkbuf_16)
     9    0.065878    0.084084    0.201426   15.632578 ^ clkbuf_3_5__f_clk/X (sky130_fd_sc_hd__clkbuf_16)
                                                         clknet_3_5__leaf_clk (net)
                      0.084284    0.002730   15.635308 ^ _13664_/CLK (sky130_fd_sc_hd__dfrtp_1)
                                 -0.250000   15.385309   clock uncertainty
                                  0.000000   15.385309   clock reconvergence pessimism
                                 -0.103874   15.281435   library setup time
                                             15.281435   data required time
---------------------------------------------------------------------------------------------
                                             15.281435   data required time
                                             -9.354109   data arrival time
---------------------------------------------------------------------------------------------
                                              5.927326   slack (MET)


Startpoint: x0[4] (input port clocked by clk)
Endpoint: _13647_ (rising edge-triggered flip-flop clocked by clk)
Path Group: clk
Path Type: max

Fanout         Cap        Slew       Delay        Time   Description
---------------------------------------------------------------------------------------------
                                  0.000000    0.000000   clock clk (rise edge)
                                  0.000000    0.000000   clock network delay (propagated)
                                  3.000000    3.000000 ^ input external delay
     1    0.002790    0.019689    0.010262    3.010262 ^ x0[4] (in)
                                                         x0[4] (net)
                      0.019689    0.000000    3.010262 ^ input134/A (sky130_fd_sc_hd__buf_1)
     1    0.012047    0.147881    0.144966    3.155227 ^ input134/X (sky130_fd_sc_hd__buf_1)
                                                         net134 (net)
                      0.147883    0.000424    3.155652 ^ fanout626/A (sky130_fd_sc_hd__buf_4)
     7    0.082821    0.230024    0.280852    3.436504 ^ fanout626/X (sky130_fd_sc_hd__buf_4)
                                                         net626 (net)
                      0.230079    0.002957    3.439460 ^ fanout625/A (sky130_fd_sc_hd__buf_2)
     7    0.035079    0.174443    0.258531    3.697991 ^ fanout625/X (sky130_fd_sc_hd__buf_2)
                                                         net625 (net)
                      0.174443    0.000325    3.698316 ^ fanout624/A (sky130_fd_sc_hd__clkbuf_4)
    10    0.050875    0.157991    0.264746    3.963062 ^ fanout624/X (sky130_fd_sc_hd__clkbuf_4)
                                                         net624 (net)
                      0.158162    0.003237    3.966299 ^ _12254_/B (sky130_fd_sc_hd__and4_1)
     2    0.004661    0.071556    0.216276    4.182575 ^ _12254_/X (sky130_fd_sc_hd__and4_1)
                                                         _05020_ (net)
                      0.071556    0.000036    4.182611 ^ _12256_/A_N (sky130_fd_sc_hd__and2b_1)
     1    0.005131    0.043357    0.187644    4.370255 v _12256_/X (sky130_fd_sc_hd__and2b_1)
                                                         _05022_ (net)
                      0.043357    0.000051    4.370306 v _12257_/B (sky130_fd_sc_hd__xnor2_1)
     3    0.009852    0.253280    0.232392    4.602698 ^ _12257_/Y (sky130_fd_sc_hd__xnor2_1)
                                                         _05023_ (net)
                      0.253280    0.000151    4.602849 ^ _12266_/A (sky130_fd_sc_hd__nand3_1)
     3    0.007289    0.118763    0.150183    4.753031 v _12266_/Y (sky130_fd_sc_hd__nand3_1)
                                                         _05033_ (net)
                      0.118763    0.000048    4.753079 v _12269_/A (sky130_fd_sc_hd__and3_1)
     2    0.005674    0.049033    0.185629    4.938708 v _12269_/X (sky130_fd_sc_hd__and3_1)
                                                         _05037_ (net)
                      0.049033    0.000056    4.938764 v _12272_/A (sky130_fd_sc_hd__or3_4)
     4    0.016983    0.087822    0.416915    5.355679 v _12272_/X (sky130_fd_sc_hd__or3_4)
                                                         _05040_ (net)
                      0.087822    0.000165    5.355844 v _12275_/A (sky130_fd_sc_hd__and3_4)
     4    0.021725    0.053200    0.190836    5.546680 v _12275_/X (sky130_fd_sc_hd__and3_4)
                                                         _05043_ (net)
                      0.053200    0.000052    5.546732 v _12278_/A1 (sky130_fd_sc_hd__o21a_4)
     2    0.015451    0.048027    0.231759    5.778491 v _12278_/X (sky130_fd_sc_hd__o21a_4)
                                                         _05047_ (net)
                      0.048029    0.000415    5.778906 v _12280_/A2 (sky130_fd_sc_hd__o211a_1)
     3    0.007586    0.060532    0.226109    6.005016 v _12280_/X (sky130_fd_sc_hd__o211a_1)
                                                         _05049_ (net)
                      0.060532    0.000028    6.005044 v _12282_/C (sky130_fd_sc_hd__or3_4)
     2    0.008074    0.071568    0.338289    6.343332 v _12282_/X (sky130_fd_sc_hd__or3_4)
                                                         _05051_ (net)
                      0.071568    0.000071    6.343402 v _12284_/B1 (sky130_fd_sc_hd__o211a_4)
     4    0.014656    0.052319    0.163505    6.506907 v _12284_/X (sky130_fd_sc_hd__o211a_4)
                                                         _05053_ (net)
                      0.052319    0.000092    6.506999 v _12288_/B (sky130_fd_sc_hd__or4_4)
     2    0.011017    0.095903    0.531009    7.038008 v _12288_/X (sky130_fd_sc_hd__or4_4)
                                                         _05058_ (net)
                      0.095903    0.000102    7.038110 v _12426_/A1 (sky130_fd_sc_hd__a211o_4)
     4    0.012118    0.060826    0.353108    7.391218 v _12426_/X (sky130_fd_sc_hd__a211o_4)
                                                         _05208_ (net)
                      0.060826    0.000118    7.391336 v _12429_/A2 (sky130_fd_sc_hd__a211o_1)
     2    0.010569    0.082693    0.335381    7.726717 v _12429_/X (sky130_fd_sc_hd__a211o_1)
                                                         _05212_ (net)
                      0.082693    0.000204    7.726922 v _12431_/A1 (sky130_fd_sc_hd__a211o_1)
     2    0.005040    0.057901    0.277461    8.004382 v _12431_/X (sky130_fd_sc_hd__a211o_1)
                                                         _05214_ (net)
                      0.057901    0.000024    8.004406 v _12433_/B2 (sky130_fd_sc_hd__a22o_1)
     2    0.008260    0.065128    0.226911    8.231318 v _12433_/X (sky130_fd_sc_hd__a22o_1)
                                                         _05216_ (net)
                      0.065128    0.000067    8.231384 v _12593_/A1 (sky130_fd_sc_hd__a21oi_2)
     3    0.011579    0.167591    0.187161    8.418545 ^ _12593_/Y (sky130_fd_sc_hd__a21oi_2)
                                                         _05391_ (net)
                      0.167591    0.000123    8.418669 ^ _12755_/A1 (sky130_fd_sc_hd__o21ba_4)
     3    0.008465    0.048069    0.174317    8.592986 ^ _12755_/X (sky130_fd_sc_hd__o21ba_4)
                                                         _05567_ (net)
                      0.048069    0.000115    8.593101 ^ _13305_/A_N (sky130_fd_sc_hd__and4bb_1)
     2    0.008537    0.064509    0.202441    8.795542 v _13305_/X (sky130_fd_sc_hd__and4bb_1)
                                                         _06168_ (net)
                      0.064509    0.000134    8.795675 v _13310_/A3 (sky130_fd_sc_hd__o31a_4)
     2    0.031030    0.085101    0.328855    9.124531 v _13310_/X (sky130_fd_sc_hd__o31a_4)
                                                         _06174_ (net)
                      0.085164    0.002110    9.126641 v _13424_/B (sky130_fd_sc_hd__nor2_1)
     1    0.005024    0.116781    0.124071    9.250712 ^ _13424_/Y (sky130_fd_sc_hd__nor2_1)
                                                         _06298_ (net)
                      0.116781    0.000025    9.250737 ^ _13425_/B (sky130_fd_sc_hd__xnor2_1)
     1    0.002225    0.106630    0.120879    9.371616 ^ _13425_/Y (sky130_fd_sc_hd__xnor2_1)
                                                         _00030_ (net)
                      0.106630    0.000018    9.371634 ^ _13647_/D (sky130_fd_sc_hd__dfrtp_1)
                                              9.371634   data arrival time

                                 15.000000   15.000000   clock clk (rise edge)
                                  0.000000   15.000000   clock source latency
     1    0.046681    0.214570    0.152157   15.152157 ^ clk (in)
                                                         clk (net)
                      0.215027    0.000000   15.152157 ^ clkbuf_0_clk/A (sky130_fd_sc_hd__clkbuf_16)
     8    0.151713    0.163939    0.277307   15.429464 ^ clkbuf_0_clk/X (sky130_fd_sc_hd__clkbuf_16)
                                                         clknet_0_clk (net)
                      0.164047    0.001688   15.431152 ^ clkbuf_3_5__f_clk/A (sky130_fd_sc_hd__clkbuf_16)
     9    0.065878    0.084084    0.201426   15.632578 ^ clkbuf_3_5__f_clk/X (sky130_fd_sc_hd__clkbuf_16)
                                                         clknet_3_5__leaf_clk (net)
                      0.084084    0.000618   15.633197 ^ _13647_/CLK (sky130_fd_sc_hd__dfrtp_1)
                                 -0.250000   15.383198   clock uncertainty
                                  0.000000   15.383198   clock reconvergence pessimism
                                 -0.068058   15.315140   library setup time
                                             15.315140   data required time
---------------------------------------------------------------------------------------------
                                             15.315140   data required time
                                             -9.371634   data arrival time
---------------------------------------------------------------------------------------------
                                              5.943505   slack (MET)


Startpoint: x1[0] (input port clocked by clk)
Endpoint: _13662_ (rising edge-triggered flip-flop clocked by clk)
Path Group: clk
Path Type: max

Fanout         Cap        Slew       Delay        Time   Description
---------------------------------------------------------------------------------------------
                                  0.000000    0.000000   clock clk (rise edge)
                                  0.000000    0.000000   clock network delay (propagated)
                                  3.000000    3.000000 ^ input external delay
     1    0.003421    0.022420    0.012481    3.012481 ^ x1[0] (in)
                                                         x1[0] (net)
                      0.022420    0.000000    3.012481 ^ input138/A (sky130_fd_sc_hd__clkbuf_1)
     1    0.002390    0.039623    0.069366    3.081847 ^ input138/X (sky130_fd_sc_hd__clkbuf_1)
                                                         net138 (net)
                      0.039623    0.000024    3.081872 ^ fanout597/A (sky130_fd_sc_hd__buf_2)
     5    0.048298    0.236214    0.240938    3.322810 ^ fanout597/X (sky130_fd_sc_hd__buf_2)
                                                         net597 (net)
                      0.236292    0.003545    3.326355 ^ fanout592/A (sky130_fd_sc_hd__buf_2)
     7    0.050774    0.247620    0.309268    3.635623 ^ fanout592/X (sky130_fd_sc_hd__buf_2)
                                                         net592 (net)
                      0.247715    0.004038    3.639661 ^ fanout591/A (sky130_fd_sc_hd__clkbuf_2)
     5    0.036526    0.201022    0.276213    3.915874 ^ fanout591/X (sky130_fd_sc_hd__clkbuf_2)
                                                         net591 (net)
                      0.201024    0.001040    3.916914 ^ fanout588/A (sky130_fd_sc_hd__buf_2)
    10    0.041452    0.204102    0.271261    4.188175 ^ fanout588/X (sky130_fd_sc_hd__buf_2)
                                                         net588 (net)
                      0.204112    0.001690    4.189865 ^ _07533_/A (sky130_fd_sc_hd__or2_4)
     9    0.062999    0.194681    0.277076    4.466941 ^ _07533_/X (sky130_fd_sc_hd__or2_4)
                                                         _06762_ (net)
                      0.195218    0.008311    4.475252 ^ _09228_/B (sky130_fd_sc_hd__and3_2)
     6    0.032310    0.175050    0.320739    4.795991 ^ _09228_/X (sky130_fd_sc_hd__and3_2)
                                                         _01726_ (net)
                      0.175050    0.000072    4.796063 ^ _09229_/A2 (sky130_fd_sc_hd__a21bo_1)
     3    0.011149    0.101734    0.181728    4.977791 ^ _09229_/X (sky130_fd_sc_hd__a21bo_1)
                                                         _01727_ (net)
                      0.101734    0.000149    4.977940 ^ _09232_/B (sky130_fd_sc_hd__xor2_1)
     1    0.005030    0.155153    0.178097    5.156037 ^ _09232_/X (sky130_fd_sc_hd__xor2_1)
                                                         _01730_ (net)
                      0.155153    0.000025    5.156062 ^ _09234_/A (sky130_fd_sc_hd__xnor2_1)
     2    0.008169    0.227375    0.173953    5.330015 ^ _09234_/Y (sky130_fd_sc_hd__xnor2_1)
                                                         _01732_ (net)
                      0.227375    0.000046    5.330060 ^ _09236_/B (sky130_fd_sc_hd__xnor2_1)
     2    0.010445    0.265099    0.204967    5.535027 ^ _09236_/Y (sky130_fd_sc_hd__xnor2_1)
                                                         _01734_ (net)
                      0.265099    0.000119    5.535147 ^ _09237_/B (sky130_fd_sc_hd__xor2_1)
     2    0.008736    0.216048    0.250198    5.785345 ^ _09237_/X (sky130_fd_sc_hd__xor2_1)
                                                         _01735_ (net)
                      0.216048    0.000111    5.785456 ^ _09240_/A (sky130_fd_sc_hd__xnor2_1)
     2    0.007939    0.222748    0.182991    5.968447 ^ _09240_/Y (sky130_fd_sc_hd__xnor2_1)
                                                         _01739_ (net)
                      0.222748    0.000045    5.968492 ^ _09241_/B (sky130_fd_sc_hd__xnor2_1)
     2    0.007793    0.212104    0.183958    6.152450 ^ _09241_/Y (sky130_fd_sc_hd__xnor2_1)
                                                         _01740_ (net)
                      0.212104    0.000091    6.152541 ^ _09243_/B (sky130_fd_sc_hd__xnor2_1)
     2    0.007942    0.222710    0.183228    6.335769 ^ _09243_/Y (sky130_fd_sc_hd__xnor2_1)
                                                         _01742_ (net)
                      0.222710    0.000035    6.335804 ^ _09244_/B (sky130_fd_sc_hd__xnor2_1)
     3    0.008015    0.088654    0.130536    6.466340 v _09244_/Y (sky130_fd_sc_hd__xnor2_1)
                                                         _01743_ (net)
                      0.088654    0.000081    6.466421 v _09337_/A (sky130_fd_sc_hd__or3_1)
     2    0.010401    0.105212    0.432578    6.898998 v _09337_/X (sky130_fd_sc_hd__or3_1)
                                                         _01845_ (net)
                      0.105212    0.000167    6.899165 v _09340_/A1 (sky130_fd_sc_hd__a211o_1)
     3    0.009350    0.077706    0.311506    7.210671 v _09340_/X (sky130_fd_sc_hd__a211o_1)
                                                         _01849_ (net)
                      0.077706    0.000115    7.210786 v _09342_/A2 (sky130_fd_sc_hd__a21o_1)
     2    0.006224    0.047538    0.200836    7.411622 v _09342_/X (sky130_fd_sc_hd__a21o_1)
                                                         _01851_ (net)
                      0.047538    0.000069    7.411691 v _09343_/C1 (sky130_fd_sc_hd__o211a_1)
     3    0.012479    0.080199    0.147836    7.559527 v _09343_/X (sky130_fd_sc_hd__o211a_1)
                                                         _01852_ (net)
                      0.080199    0.000164    7.559692 v _09346_/B (sky130_fd_sc_hd__or3_1)
     4    0.010111    0.104000    0.405036    7.964728 v _09346_/X (sky130_fd_sc_hd__or3_1)
                                                         _01855_ (net)
                      0.104000    0.000092    7.964820 v _09348_/B (sky130_fd_sc_hd__and3_1)
     3    0.007002    0.055063    0.206078    8.170898 v _09348_/X (sky130_fd_sc_hd__and3_1)
                                                         _01858_ (net)
                      0.055063    0.000074    8.170972 v _09350_/A (sky130_fd_sc_hd__or2_1)
     4    0.014222    0.097938    0.283293    8.454265 v _09350_/X (sky130_fd_sc_hd__or2_1)
                                                         _01860_ (net)
                      0.097938    0.000135    8.454399 v _09640_/A (sky130_fd_sc_hd__or3_1)
     2    0.005859    0.081771    0.403981    8.858380 v _09640_/X (sky130_fd_sc_hd__or3_1)
                                                         _02176_ (net)
                      0.081771    0.000065    8.858445 v _09642_/A1 (sky130_fd_sc_hd__a21o_1)
     2    0.005368    0.043814    0.177451    9.035896 v _09642_/X (sky130_fd_sc_hd__a21o_1)
                                                         _02178_ (net)
                      0.043814    0.000065    9.035961 v _09771_/B1 (sky130_fd_sc_hd__o21a_1)
     1    0.004867    0.044176    0.107699    9.143660 v _09771_/X (sky130_fd_sc_hd__o21a_1)
                                                         _02319_ (net)
                      0.044176    0.000044    9.143703 v _09772_/B (sky130_fd_sc_hd__xnor2_1)
     1    0.003383    0.066395    0.120358    9.264062 v _09772_/Y (sky130_fd_sc_hd__xnor2_1)
                                                         _00056_ (net)
                      0.066395    0.000041    9.264103 v _13662_/D (sky130_fd_sc_hd__dfrtp_1)
                                              9.264103   data arrival time

                                 15.000000   15.000000   clock clk (rise edge)
                                  0.000000   15.000000   clock source latency
     1    0.046681    0.214570    0.152157   15.152157 ^ clk (in)
                                                         clk (net)
                      0.215027    0.000000   15.152157 ^ clkbuf_0_clk/A (sky130_fd_sc_hd__clkbuf_16)
     8    0.151713    0.163939    0.277307   15.429464 ^ clkbuf_0_clk/X (sky130_fd_sc_hd__clkbuf_16)
                                                         clknet_0_clk (net)
                      0.164055    0.001929   15.431394 ^ clkbuf_3_4__f_clk/A (sky130_fd_sc_hd__clkbuf_16)
     7    0.046679    0.066586    0.187727   15.619121 ^ clkbuf_3_4__f_clk/X (sky130_fd_sc_hd__clkbuf_16)
                                                         clknet_3_4__leaf_clk (net)
                      0.066604    0.001059   15.620179 ^ _13662_/CLK (sky130_fd_sc_hd__dfrtp_1)
                                 -0.250000   15.370180   clock uncertainty
                                  0.000000   15.370180   clock reconvergence pessimism
                                 -0.118653   15.251527   library setup time
                                             15.251527   data required time
---------------------------------------------------------------------------------------------
                                             15.251527   data required time
                                             -9.264103   data arrival time
---------------------------------------------------------------------------------------------
                                              5.987424   slack (MET)


Startpoint: x0[4] (input port clocked by clk)
Endpoint: _13646_ (rising edge-triggered flip-flop clocked by clk)
Path Group: clk
Path Type: max

Fanout         Cap        Slew       Delay        Time   Description
---------------------------------------------------------------------------------------------
                                  0.000000    0.000000   clock clk (rise edge)
                                  0.000000    0.000000   clock network delay (propagated)
                                  3.000000    3.000000 ^ input external delay
     1    0.002790    0.019689    0.010262    3.010262 ^ x0[4] (in)
                                                         x0[4] (net)
                      0.019689    0.000000    3.010262 ^ input134/A (sky130_fd_sc_hd__buf_1)
     1    0.012047    0.147881    0.144966    3.155227 ^ input134/X (sky130_fd_sc_hd__buf_1)
                                                         net134 (net)
                      0.147883    0.000424    3.155652 ^ fanout626/A (sky130_fd_sc_hd__buf_4)
     7    0.082821    0.230024    0.280852    3.436504 ^ fanout626/X (sky130_fd_sc_hd__buf_4)
                                                         net626 (net)
                      0.230079    0.002957    3.439460 ^ fanout625/A (sky130_fd_sc_hd__buf_2)
     7    0.035079    0.174443    0.258531    3.697991 ^ fanout625/X (sky130_fd_sc_hd__buf_2)
                                                         net625 (net)
                      0.174443    0.000325    3.698316 ^ fanout624/A (sky130_fd_sc_hd__clkbuf_4)
    10    0.050875    0.157991    0.264746    3.963062 ^ fanout624/X (sky130_fd_sc_hd__clkbuf_4)
                                                         net624 (net)
                      0.158162    0.003237    3.966299 ^ _12254_/B (sky130_fd_sc_hd__and4_1)
     2    0.004661    0.071556    0.216276    4.182575 ^ _12254_/X (sky130_fd_sc_hd__and4_1)
                                                         _05020_ (net)
                      0.071556    0.000036    4.182611 ^ _12256_/A_N (sky130_fd_sc_hd__and2b_1)
     1    0.005131    0.043357    0.187644    4.370255 v _12256_/X (sky130_fd_sc_hd__and2b_1)
                                                         _05022_ (net)
                      0.043357    0.000051    4.370306 v _12257_/B (sky130_fd_sc_hd__xnor2_1)
     3    0.009852    0.253280    0.232392    4.602698 ^ _12257_/Y (sky130_fd_sc_hd__xnor2_1)
                                                         _05023_ (net)
                      0.253280    0.000151    4.602849 ^ _12266_/A (sky130_fd_sc_hd__nand3_1)
     3    0.007289    0.118763    0.150183    4.753031 v _12266_/Y (sky130_fd_sc_hd__nand3_1)
                                                         _05033_ (net)
                      0.118763    0.000048    4.753079 v _12269_/A (sky130_fd_sc_hd__and3_1)
     2    0.005674    0.049033    0.185629    4.938708 v _12269_/X (sky130_fd_sc_hd__and3_1)
                                                         _05037_ (net)
                      0.049033    0.000056    4.938764 v _12272_/A (sky130_fd_sc_hd__or3_4)
     4    0.016983    0.087822    0.416915    5.355679 v _12272_/X (sky130_fd_sc_hd__or3_4)
                                                         _05040_ (net)
                      0.087822    0.000165    5.355844 v _12275_/A (sky130_fd_sc_hd__and3_4)
     4    0.021725    0.053200    0.190836    5.546680 v _12275_/X (sky130_fd_sc_hd__and3_4)
                                                         _05043_ (net)
                      0.053200    0.000052    5.546732 v _12278_/A1 (sky130_fd_sc_hd__o21a_4)
     2    0.015451    0.048027    0.231759    5.778491 v _12278_/X (sky130_fd_sc_hd__o21a_4)
                                                         _05047_ (net)
                      0.048029    0.000415    5.778906 v _12280_/A2 (sky130_fd_sc_hd__o211a_1)
     3    0.007586    0.060532    0.226109    6.005016 v _12280_/X (sky130_fd_sc_hd__o211a_1)
                                                         _05049_ (net)
                      0.060532    0.000028    6.005044 v _12282_/C (sky130_fd_sc_hd__or3_4)
     2    0.008074    0.071568    0.338289    6.343332 v _12282_/X (sky130_fd_sc_hd__or3_4)
                                                         _05051_ (net)
                      0.071568    0.000071    6.343402 v _12284_/B1 (sky130_fd_sc_hd__o211a_4)
     4    0.014656    0.052319    0.163505    6.506907 v _12284_/X (sky130_fd_sc_hd__o211a_4)
                                                         _05053_ (net)
                      0.052319    0.000092    6.506999 v _12288_/B (sky130_fd_sc_hd__or4_4)
     2    0.011017    0.095903    0.531009    7.038008 v _12288_/X (sky130_fd_sc_hd__or4_4)
                                                         _05058_ (net)
                      0.095903    0.000102    7.038110 v _12426_/A1 (sky130_fd_sc_hd__a211o_4)
     4    0.012118    0.060826    0.353108    7.391218 v _12426_/X (sky130_fd_sc_hd__a211o_4)
                                                         _05208_ (net)
                      0.060826    0.000118    7.391336 v _12429_/A2 (sky130_fd_sc_hd__a211o_1)
     2    0.010569    0.082693    0.335381    7.726717 v _12429_/X (sky130_fd_sc_hd__a211o_1)
                                                         _05212_ (net)
                      0.082693    0.000204    7.726922 v _12431_/A1 (sky130_fd_sc_hd__a211o_1)
     2    0.005040    0.057901    0.277461    8.004382 v _12431_/X (sky130_fd_sc_hd__a211o_1)
                                                         _05214_ (net)
                      0.057901    0.000024    8.004406 v _12433_/B2 (sky130_fd_sc_hd__a22o_1)
     2    0.008260    0.065128    0.226911    8.231318 v _12433_/X (sky130_fd_sc_hd__a22o_1)
                                                         _05216_ (net)
                      0.065128    0.000067    8.231384 v _12593_/A1 (sky130_fd_sc_hd__a21oi_2)
     3    0.011579    0.167591    0.187161    8.418545 ^ _12593_/Y (sky130_fd_sc_hd__a21oi_2)
                                                         _05391_ (net)
                      0.167591    0.000123    8.418669 ^ _12755_/A1 (sky130_fd_sc_hd__o21ba_4)
     3    0.008465    0.048069    0.174317    8.592986 ^ _12755_/X (sky130_fd_sc_hd__o21ba_4)
                                                         _05567_ (net)
                      0.048069    0.000115    8.593101 ^ _13305_/A_N (sky130_fd_sc_hd__and4bb_1)
     2    0.008537    0.064509    0.202441    8.795542 v _13305_/X (sky130_fd_sc_hd__and4bb_1)
                                                         _06168_ (net)
                      0.064509    0.000107    8.795649 v _13309_/B (sky130_fd_sc_hd__nor3_1)
     1    0.005856    0.230600    0.229643    9.025291 ^ _13309_/Y (sky130_fd_sc_hd__nor3_1)
                                                         _06173_ (net)
                      0.230600    0.000068    9.025359 ^ _13311_/B (sky130_fd_sc_hd__xnor2_1)
     1    0.005532    0.167744    0.168007    9.193366 ^ _13311_/Y (sky130_fd_sc_hd__xnor2_1)
                                                         _00029_ (net)
                      0.167744    0.000117    9.193483 ^ _13646_/D (sky130_fd_sc_hd__dfrtp_1)
                                              9.193483   data arrival time

                                 15.000000   15.000000   clock clk (rise edge)
                                  0.000000   15.000000   clock source latency
     1    0.046681    0.214570    0.152157   15.152157 ^ clk (in)
                                                         clk (net)
                      0.215027    0.000000   15.152157 ^ clkbuf_0_clk/A (sky130_fd_sc_hd__clkbuf_16)
     8    0.151713    0.163939    0.277307   15.429464 ^ clkbuf_0_clk/X (sky130_fd_sc_hd__clkbuf_16)
                                                         clknet_0_clk (net)
                      0.164149    0.003729   15.433193 ^ clkbuf_3_6__f_clk/A (sky130_fd_sc_hd__clkbuf_16)
    10    0.030540    0.052499    0.175785   15.608977 ^ clkbuf_3_6__f_clk/X (sky130_fd_sc_hd__clkbuf_16)
                                                         clknet_3_6__leaf_clk (net)
                      0.052513    0.000528   15.609506 ^ _13646_/CLK (sky130_fd_sc_hd__dfrtp_1)
                                 -0.250000   15.359506   clock uncertainty
                                  0.000000   15.359506   clock reconvergence pessimism
                                 -0.086996   15.272509   library setup time
                                             15.272509   data required time
---------------------------------------------------------------------------------------------
                                             15.272509   data required time
                                             -9.193483   data arrival time
---------------------------------------------------------------------------------------------
                                              6.079025   slack (MET)


Startpoint: x1[0] (input port clocked by clk)
Endpoint: _13661_ (rising edge-triggered flip-flop clocked by clk)
Path Group: clk
Path Type: max

Fanout         Cap        Slew       Delay        Time   Description
---------------------------------------------------------------------------------------------
                                  0.000000    0.000000   clock clk (rise edge)
                                  0.000000    0.000000   clock network delay (propagated)
                                  3.000000    3.000000 ^ input external delay
     1    0.003421    0.022420    0.012481    3.012481 ^ x1[0] (in)
                                                         x1[0] (net)
                      0.022420    0.000000    3.012481 ^ input138/A (sky130_fd_sc_hd__clkbuf_1)
     1    0.002390    0.039623    0.069366    3.081847 ^ input138/X (sky130_fd_sc_hd__clkbuf_1)
                                                         net138 (net)
                      0.039623    0.000024    3.081872 ^ fanout597/A (sky130_fd_sc_hd__buf_2)
     5    0.048298    0.236214    0.240938    3.322810 ^ fanout597/X (sky130_fd_sc_hd__buf_2)
                                                         net597 (net)
                      0.236292    0.003545    3.326355 ^ fanout592/A (sky130_fd_sc_hd__buf_2)
     7    0.050774    0.247620    0.309268    3.635623 ^ fanout592/X (sky130_fd_sc_hd__buf_2)
                                                         net592 (net)
                      0.247715    0.004038    3.639661 ^ fanout591/A (sky130_fd_sc_hd__clkbuf_2)
     5    0.036526    0.201022    0.276213    3.915874 ^ fanout591/X (sky130_fd_sc_hd__clkbuf_2)
                                                         net591 (net)
                      0.201024    0.001040    3.916914 ^ fanout588/A (sky130_fd_sc_hd__buf_2)
    10    0.041452    0.204102    0.271261    4.188175 ^ fanout588/X (sky130_fd_sc_hd__buf_2)
                                                         net588 (net)
                      0.204112    0.001690    4.189865 ^ _07533_/A (sky130_fd_sc_hd__or2_4)
     9    0.062999    0.194681    0.277076    4.466941 ^ _07533_/X (sky130_fd_sc_hd__or2_4)
                                                         _06762_ (net)
                      0.195218    0.008311    4.475252 ^ _09228_/B (sky130_fd_sc_hd__and3_2)
     6    0.032310    0.175050    0.320739    4.795991 ^ _09228_/X (sky130_fd_sc_hd__and3_2)
                                                         _01726_ (net)
                      0.175050    0.000072    4.796063 ^ _09229_/A2 (sky130_fd_sc_hd__a21bo_1)
     3    0.011149    0.101734    0.181728    4.977791 ^ _09229_/X (sky130_fd_sc_hd__a21bo_1)
                                                         _01727_ (net)
                      0.101734    0.000149    4.977940 ^ _09232_/B (sky130_fd_sc_hd__xor2_1)
     1    0.005030    0.155153    0.178097    5.156037 ^ _09232_/X (sky130_fd_sc_hd__xor2_1)
                                                         _01730_ (net)
                      0.155153    0.000025    5.156062 ^ _09234_/A (sky130_fd_sc_hd__xnor2_1)
     2    0.008169    0.227375    0.173953    5.330015 ^ _09234_/Y (sky130_fd_sc_hd__xnor2_1)
                                                         _01732_ (net)
                      0.227375    0.000046    5.330060 ^ _09236_/B (sky130_fd_sc_hd__xnor2_1)
     2    0.010445    0.265099    0.204967    5.535027 ^ _09236_/Y (sky130_fd_sc_hd__xnor2_1)
                                                         _01734_ (net)
                      0.265099    0.000119    5.535147 ^ _09237_/B (sky130_fd_sc_hd__xor2_1)
     2    0.008736    0.216048    0.250198    5.785345 ^ _09237_/X (sky130_fd_sc_hd__xor2_1)
                                                         _01735_ (net)
                      0.216048    0.000111    5.785456 ^ _09240_/A (sky130_fd_sc_hd__xnor2_1)
     2    0.007939    0.222748    0.182991    5.968447 ^ _09240_/Y (sky130_fd_sc_hd__xnor2_1)
                                                         _01739_ (net)
                      0.222748    0.000045    5.968492 ^ _09241_/B (sky130_fd_sc_hd__xnor2_1)
     2    0.007793    0.212104    0.183958    6.152450 ^ _09241_/Y (sky130_fd_sc_hd__xnor2_1)
                                                         _01740_ (net)
                      0.212104    0.000091    6.152541 ^ _09243_/B (sky130_fd_sc_hd__xnor2_1)
     2    0.007942    0.222710    0.183228    6.335769 ^ _09243_/Y (sky130_fd_sc_hd__xnor2_1)
                                                         _01742_ (net)
                      0.222710    0.000035    6.335804 ^ _09244_/B (sky130_fd_sc_hd__xnor2_1)
     3    0.008015    0.088654    0.130536    6.466340 v _09244_/Y (sky130_fd_sc_hd__xnor2_1)
                                                         _01743_ (net)
                      0.088654    0.000081    6.466421 v _09337_/A (sky130_fd_sc_hd__or3_1)
     2    0.010401    0.105212    0.432578    6.898998 v _09337_/X (sky130_fd_sc_hd__or3_1)
                                                         _01845_ (net)
                      0.105212    0.000167    6.899165 v _09340_/A1 (sky130_fd_sc_hd__a211o_1)
     3    0.009350    0.077706    0.311506    7.210671 v _09340_/X (sky130_fd_sc_hd__a211o_1)
                                                         _01849_ (net)
                      0.077706    0.000115    7.210786 v _09342_/A2 (sky130_fd_sc_hd__a21o_1)
     2    0.006224    0.047538    0.200836    7.411622 v _09342_/X (sky130_fd_sc_hd__a21o_1)
                                                         _01851_ (net)
                      0.047538    0.000069    7.411691 v _09343_/C1 (sky130_fd_sc_hd__o211a_1)
     3    0.012479    0.080199    0.147836    7.559527 v _09343_/X (sky130_fd_sc_hd__o211a_1)
                                                         _01852_ (net)
                      0.080199    0.000164    7.559692 v _09346_/B (sky130_fd_sc_hd__or3_1)
     4    0.010111    0.104000    0.405036    7.964728 v _09346_/X (sky130_fd_sc_hd__or3_1)
                                                         _01855_ (net)
                      0.104000    0.000092    7.964820 v _09348_/B (sky130_fd_sc_hd__and3_1)
     3    0.007002    0.055063    0.206078    8.170898 v _09348_/X (sky130_fd_sc_hd__and3_1)
                                                         _01858_ (net)
                      0.055063    0.000074    8.170972 v _09350_/A (sky130_fd_sc_hd__or2_1)
     4    0.014222    0.097938    0.283293    8.454265 v _09350_/X (sky130_fd_sc_hd__or2_1)
                                                         _01860_ (net)
                      0.097938    0.000135    8.454399 v _09640_/A (sky130_fd_sc_hd__or3_1)
     2    0.005859    0.081771    0.403981    8.858380 v _09640_/X (sky130_fd_sc_hd__or3_1)
                                                         _02176_ (net)
                      0.081771    0.000065    8.858445 v _09642_/A1 (sky130_fd_sc_hd__a21o_1)
     2    0.005368    0.043814    0.177451    9.035896 v _09642_/X (sky130_fd_sc_hd__a21o_1)
                                                         _02178_ (net)
                      0.043814    0.000041    9.035936 v _09644_/A (sky130_fd_sc_hd__and2_1)
     1    0.002904    0.035534    0.131922    9.167859 v _09644_/X (sky130_fd_sc_hd__and2_1)
                                                         _00055_ (net)
                      0.035534    0.000033    9.167892 v _13661_/D (sky130_fd_sc_hd__dfrtp_1)
                                              9.167892   data arrival time

                                 15.000000   15.000000   clock clk (rise edge)
                                  0.000000   15.000000   clock source latency
     1    0.046681    0.214570    0.152157   15.152157 ^ clk (in)
                                                         clk (net)
                      0.215027    0.000000   15.152157 ^ clkbuf_0_clk/A (sky130_fd_sc_hd__clkbuf_16)
     8    0.151713    0.163939    0.277307   15.429464 ^ clkbuf_0_clk/X (sky130_fd_sc_hd__clkbuf_16)
                                                         clknet_0_clk (net)
                      0.164055    0.001929   15.431394 ^ clkbuf_3_4__f_clk/A (sky130_fd_sc_hd__clkbuf_16)
     7    0.046679    0.066586    0.187727   15.619121 ^ clkbuf_3_4__f_clk/X (sky130_fd_sc_hd__clkbuf_16)
                                                         clknet_3_4__leaf_clk (net)
                      0.066603    0.001034   15.620154 ^ _13661_/CLK (sky130_fd_sc_hd__dfrtp_1)
                                 -0.250000   15.370155   clock uncertainty
                                  0.000000   15.370155   clock reconvergence pessimism
                                 -0.105205   15.264951   library setup time
                                             15.264951   data required time
---------------------------------------------------------------------------------------------
                                             15.264951   data required time
                                             -9.167892   data arrival time
---------------------------------------------------------------------------------------------
                                              6.097059   slack (MET)


Startpoint: x0[0] (input port clocked by clk)
Endpoint: _13697_ (rising edge-triggered flip-flop clocked by clk)
Path Group: clk
Path Type: max

Fanout         Cap        Slew       Delay        Time   Description
---------------------------------------------------------------------------------------------
                                  0.000000    0.000000   clock clk (rise edge)
                                  0.000000    0.000000   clock network delay (propagated)
                                  3.000000    3.000000 ^ input external delay
     1    0.002901    0.020166    0.010650    3.010650 ^ x0[0] (in)
                                                         x0[0] (net)
                      0.020166    0.000000    3.010650 ^ input130/A (sky130_fd_sc_hd__clkbuf_2)
     2    0.031700    0.175493    0.187804    3.198454 ^ input130/X (sky130_fd_sc_hd__clkbuf_2)
                                                         net130 (net)
                      0.175534    0.002214    3.200669 ^ fanout653/A (sky130_fd_sc_hd__clkbuf_4)
     6    0.067132    0.204466    0.298205    3.498873 ^ fanout653/X (sky130_fd_sc_hd__clkbuf_4)
                                                         net653 (net)
                      0.204467    0.000923    3.499797 ^ fanout650/A (sky130_fd_sc_hd__buf_4)
    10    0.069768    0.194729    0.270778    3.770575 ^ fanout650/X (sky130_fd_sc_hd__buf_4)
                                                         net650 (net)
                      0.194978    0.005731    3.776306 ^ _07624_/A (sky130_fd_sc_hd__nor2_4)
     8    0.046945    0.087976    0.117300    3.893607 v _07624_/Y (sky130_fd_sc_hd__nor2_4)
                                                         _00104_ (net)
                      0.087977    0.000277    3.893883 v _07627_/C (sky130_fd_sc_hd__or4_1)
     3    0.012338    0.138593    0.553698    4.447582 v _07627_/X (sky130_fd_sc_hd__or4_1)
                                                         _00107_ (net)
                      0.138593    0.000203    4.447785 v _07630_/A2 (sky130_fd_sc_hd__a21o_1)
     3    0.008541    0.057968    0.235076    4.682860 v _07630_/X (sky130_fd_sc_hd__a21o_1)
                                                         _00110_ (net)
                      0.057968    0.000097    4.682958 v _07632_/A2 (sky130_fd_sc_hd__a21o_1)
     2    0.010479    0.064322    0.211914    4.894872 v _07632_/X (sky130_fd_sc_hd__a21o_1)
                                                         _00112_ (net)
                      0.064322    0.000135    4.895007 v _07635_/A2 (sky130_fd_sc_hd__a21o_1)
     3    0.007834    0.054859    0.203119    5.098126 v _07635_/X (sky130_fd_sc_hd__a21o_1)
                                                         _00115_ (net)
                      0.054859    0.000067    5.098194 v _07637_/A2 (sky130_fd_sc_hd__a21o_1)
     3    0.012091    0.070777    0.216484    5.314677 v _07637_/X (sky130_fd_sc_hd__a21o_1)
                                                         _00117_ (net)
                      0.070777    0.000293    5.314970 v _07640_/A2 (sky130_fd_sc_hd__a211o_1)
     3    0.006957    0.067371    0.319409    5.634379 v _07640_/X (sky130_fd_sc_hd__a211o_1)
                                                         _00120_ (net)
                      0.067371    0.000052    5.634431 v _07641_/C (sky130_fd_sc_hd__and3_1)
     2    0.008777    0.062022    0.213474    5.847905 v _07641_/X (sky130_fd_sc_hd__and3_1)
                                                         _00121_ (net)
                      0.062022    0.000128    5.848033 v _07643_/B1 (sky130_fd_sc_hd__a211o_1)
     3    0.010180    0.080897    0.310752    6.158786 v _07643_/X (sky130_fd_sc_hd__a211o_1)
                                                         _00123_ (net)
                      0.080897    0.000174    6.158959 v _07646_/A1 (sky130_fd_sc_hd__a21o_1)
     2    0.012234    0.071366    0.205521    6.364480 v _07646_/X (sky130_fd_sc_hd__a21o_1)
                                                         _00126_ (net)
                      0.071366    0.000308    6.364789 v _07648_/A2 (sky130_fd_sc_hd__a211o_1)
     3    0.011475    0.086249    0.343250    6.708038 v _07648_/X (sky130_fd_sc_hd__a211o_1)
                                                         _00128_ (net)
                      0.086249    0.000264    6.708302 v _07650_/A2 (sky130_fd_sc_hd__a21o_1)
     2    0.010477    0.064314    0.223015    6.931316 v _07650_/X (sky130_fd_sc_hd__a21o_1)
                                                         _00130_ (net)
                      0.064314    0.000199    6.931516 v _07652_/A2 (sky130_fd_sc_hd__a211o_1)
     3    0.010554    0.082567    0.336652    7.268168 v _07652_/X (sky130_fd_sc_hd__a211o_1)
                                                         _00132_ (net)
                      0.082567    0.000151    7.268319 v _07654_/A2 (sky130_fd_sc_hd__a21o_1)
     2    0.007193    0.051906    0.207276    7.475595 v _07654_/X (sky130_fd_sc_hd__a21o_1)
                                                         _00134_ (net)
                      0.051906    0.000109    7.475704 v _07656_/A2 (sky130_fd_sc_hd__a211oi_1)
     3    0.008124    0.337564    0.339851    7.815555 ^ _07656_/Y (sky130_fd_sc_hd__a211oi_1)
                                                         _00136_ (net)
                      0.337564    0.000029    7.815584 ^ _07658_/A2 (sky130_fd_sc_hd__o21ai_1)
     2    0.006163    0.086572    0.129103    7.944687 v _07658_/Y (sky130_fd_sc_hd__o21ai_1)
                                                         _00138_ (net)
                      0.086572    0.000085    7.944772 v _07659_/C (sky130_fd_sc_hd__and3_1)
     4    0.009553    0.065098    0.225397    8.170169 v _07659_/X (sky130_fd_sc_hd__and3_1)
                                                         _00139_ (net)
                      0.065098    0.000065    8.170234 v _07663_/A (sky130_fd_sc_hd__or3_1)
     2    0.004318    0.073723    0.381189    8.551423 v _07663_/X (sky130_fd_sc_hd__or3_1)
                                                         _00143_ (net)
                      0.073723    0.000038    8.551461 v _07950_/A1 (sky130_fd_sc_hd__o21a_1)
     3    0.011213    0.072044    0.229911    8.781372 v _07950_/X (sky130_fd_sc_hd__o21a_1)
                                                         _00428_ (net)
                      0.072044    0.000146    8.781518 v _08208_/A1 (sky130_fd_sc_hd__o21a_1)
     1    0.004909    0.044484    0.200260    8.981778 v _08208_/X (sky130_fd_sc_hd__o21a_1)
                                                         _00684_ (net)
                      0.044484    0.000044    8.981823 v _08210_/B (sky130_fd_sc_hd__xnor2_1)
     1    0.005808    0.173230    0.171978    9.153801 ^ _08210_/Y (sky130_fd_sc_hd__xnor2_1)
                                                         _00043_ (net)
                      0.173230    0.000110    9.153911 ^ _13697_/D (sky130_fd_sc_hd__dfrtp_1)
                                              9.153911   data arrival time

                                 15.000000   15.000000   clock clk (rise edge)
                                  0.000000   15.000000   clock source latency
     1    0.046681    0.214570    0.152157   15.152157 ^ clk (in)
                                                         clk (net)
                      0.215027    0.000000   15.152157 ^ clkbuf_0_clk/A (sky130_fd_sc_hd__clkbuf_16)
     8    0.151713    0.163939    0.277307   15.429464 ^ clkbuf_0_clk/X (sky130_fd_sc_hd__clkbuf_16)
                                                         clknet_0_clk (net)
                      0.164186    0.004226   15.433690 ^ clkbuf_3_3__f_clk/A (sky130_fd_sc_hd__clkbuf_16)
    10    0.032705    0.054341    0.177360   15.611051 ^ clkbuf_3_3__f_clk/X (sky130_fd_sc_hd__clkbuf_16)
                                                         clknet_3_3__leaf_clk (net)
                      0.054343    0.000572   15.611623 ^ _13697_/CLK (sky130_fd_sc_hd__dfrtp_1)
                                 -0.250000   15.361624   clock uncertainty
                                  0.000000   15.361624   clock reconvergence pessimism
                                 -0.087973   15.273651   library setup time
                                             15.273651   data required time
---------------------------------------------------------------------------------------------
                                             15.273651   data required time
                                             -9.153911   data arrival time
---------------------------------------------------------------------------------------------
                                              6.119740   slack (MET)


Startpoint: x0[4] (input port clocked by clk)
Endpoint: _13644_ (rising edge-triggered flip-flop clocked by clk)
Path Group: clk
Path Type: max

Fanout         Cap        Slew       Delay        Time   Description
---------------------------------------------------------------------------------------------
                                  0.000000    0.000000   clock clk (rise edge)
                                  0.000000    0.000000   clock network delay (propagated)
                                  3.000000    3.000000 ^ input external delay
     1    0.002790    0.019689    0.010262    3.010262 ^ x0[4] (in)
                                                         x0[4] (net)
                      0.019689    0.000000    3.010262 ^ input134/A (sky130_fd_sc_hd__buf_1)
     1    0.012047    0.147881    0.144966    3.155227 ^ input134/X (sky130_fd_sc_hd__buf_1)
                                                         net134 (net)
                      0.147883    0.000424    3.155652 ^ fanout626/A (sky130_fd_sc_hd__buf_4)
     7    0.082821    0.230024    0.280852    3.436504 ^ fanout626/X (sky130_fd_sc_hd__buf_4)
                                                         net626 (net)
                      0.230079    0.002957    3.439460 ^ fanout625/A (sky130_fd_sc_hd__buf_2)
     7    0.035079    0.174443    0.258531    3.697991 ^ fanout625/X (sky130_fd_sc_hd__buf_2)
                                                         net625 (net)
                      0.174443    0.000325    3.698316 ^ fanout624/A (sky130_fd_sc_hd__clkbuf_4)
    10    0.050875    0.157991    0.264746    3.963062 ^ fanout624/X (sky130_fd_sc_hd__clkbuf_4)
                                                         net624 (net)
                      0.158162    0.003237    3.966299 ^ _12254_/B (sky130_fd_sc_hd__and4_1)
     2    0.004661    0.071556    0.216276    4.182575 ^ _12254_/X (sky130_fd_sc_hd__and4_1)
                                                         _05020_ (net)
                      0.071556    0.000036    4.182611 ^ _12256_/A_N (sky130_fd_sc_hd__and2b_1)
     1    0.005131    0.043357    0.187644    4.370255 v _12256_/X (sky130_fd_sc_hd__and2b_1)
                                                         _05022_ (net)
                      0.043357    0.000051    4.370306 v _12257_/B (sky130_fd_sc_hd__xnor2_1)
     3    0.009852    0.253280    0.232392    4.602698 ^ _12257_/Y (sky130_fd_sc_hd__xnor2_1)
                                                         _05023_ (net)
                      0.253280    0.000151    4.602849 ^ _12266_/A (sky130_fd_sc_hd__nand3_1)
     3    0.007289    0.118763    0.150183    4.753031 v _12266_/Y (sky130_fd_sc_hd__nand3_1)
                                                         _05033_ (net)
                      0.118763    0.000048    4.753079 v _12269_/A (sky130_fd_sc_hd__and3_1)
     2    0.005674    0.049033    0.185629    4.938708 v _12269_/X (sky130_fd_sc_hd__and3_1)
                                                         _05037_ (net)
                      0.049033    0.000056    4.938764 v _12272_/A (sky130_fd_sc_hd__or3_4)
     4    0.016983    0.087822    0.416915    5.355679 v _12272_/X (sky130_fd_sc_hd__or3_4)
                                                         _05040_ (net)
                      0.087822    0.000165    5.355844 v _12275_/A (sky130_fd_sc_hd__and3_4)
     4    0.021725    0.053200    0.190836    5.546680 v _12275_/X (sky130_fd_sc_hd__and3_4)
                                                         _05043_ (net)
                      0.053200    0.000052    5.546732 v _12278_/A1 (sky130_fd_sc_hd__o21a_4)
     2    0.015451    0.048027    0.231759    5.778491 v _12278_/X (sky130_fd_sc_hd__o21a_4)
                                                         _05047_ (net)
                      0.048029    0.000415    5.778906 v _12280_/A2 (sky130_fd_sc_hd__o211a_1)
     3    0.007586    0.060532    0.226109    6.005016 v _12280_/X (sky130_fd_sc_hd__o211a_1)
                                                         _05049_ (net)
                      0.060532    0.000028    6.005044 v _12282_/C (sky130_fd_sc_hd__or3_4)
     2    0.008074    0.071568    0.338289    6.343332 v _12282_/X (sky130_fd_sc_hd__or3_4)
                                                         _05051_ (net)
                      0.071568    0.000071    6.343402 v _12284_/B1 (sky130_fd_sc_hd__o211a_4)
     4    0.014656    0.052319    0.163505    6.506907 v _12284_/X (sky130_fd_sc_hd__o211a_4)
                                                         _05053_ (net)
                      0.052319    0.000092    6.506999 v _12288_/B (sky130_fd_sc_hd__or4_4)
     2    0.011017    0.095903    0.531009    7.038008 v _12288_/X (sky130_fd_sc_hd__or4_4)
                                                         _05058_ (net)
                      0.095903    0.000102    7.038110 v _12426_/A1 (sky130_fd_sc_hd__a211o_4)
     4    0.012118    0.060826    0.353108    7.391218 v _12426_/X (sky130_fd_sc_hd__a211o_4)
                                                         _05208_ (net)
                      0.060826    0.000118    7.391336 v _12429_/A2 (sky130_fd_sc_hd__a211o_1)
     2    0.010569    0.082693    0.335381    7.726717 v _12429_/X (sky130_fd_sc_hd__a211o_1)
                                                         _05212_ (net)
                      0.082693    0.000204    7.726922 v _12431_/A1 (sky130_fd_sc_hd__a211o_1)
     2    0.005040    0.057901    0.277461    8.004382 v _12431_/X (sky130_fd_sc_hd__a211o_1)
                                                         _05214_ (net)
                      0.057901    0.000024    8.004406 v _12433_/B2 (sky130_fd_sc_hd__a22o_1)
     2    0.008260    0.065128    0.226911    8.231318 v _12433_/X (sky130_fd_sc_hd__a22o_1)
                                                         _05216_ (net)
                      0.065128    0.000067    8.231384 v _12593_/A1 (sky130_fd_sc_hd__a21oi_2)
     3    0.011579    0.167591    0.187161    8.418545 ^ _12593_/Y (sky130_fd_sc_hd__a21oi_2)
                                                         _05391_ (net)
                      0.167591    0.000123    8.418669 ^ _12755_/A1 (sky130_fd_sc_hd__o21ba_4)
     3    0.008465    0.048069    0.174317    8.592986 ^ _12755_/X (sky130_fd_sc_hd__o21ba_4)
                                                         _05567_ (net)
                      0.048069    0.000109    8.593096 ^ _12756_/B (sky130_fd_sc_hd__nor2_1)
     3    0.007257    0.045316    0.052187    8.645282 v _12756_/Y (sky130_fd_sc_hd__nor2_1)
                                                         _05568_ (net)
                      0.045316    0.000037    8.645319 v _13044_/A1_N (sky130_fd_sc_hd__o2bb2a_1)
     2    0.004681    0.063238    0.245333    8.890652 ^ _13044_/X (sky130_fd_sc_hd__o2bb2a_1)
                                                         _05883_ (net)
                      0.063238    0.000047    8.890699 ^ _13045_/A_N (sky130_fd_sc_hd__and2b_1)
     2    0.004191    0.039598    0.180874    9.071573 v _13045_/X (sky130_fd_sc_hd__and2b_1)
                                                         _05884_ (net)
                      0.039598    0.000027    9.071600 v _13047_/A (sky130_fd_sc_hd__nor2_1)
     1    0.003742    0.090845    0.105937    9.177536 ^ _13047_/Y (sky130_fd_sc_hd__nor2_1)
                                                         _00027_ (net)
                      0.090845    0.000054    9.177590 ^ _13644_/D (sky130_fd_sc_hd__dfrtp_1)
                                              9.177590   data arrival time

                                 15.000000   15.000000   clock clk (rise edge)
                                  0.000000   15.000000   clock source latency
     1    0.046681    0.214570    0.152157   15.152157 ^ clk (in)
                                                         clk (net)
                      0.215027    0.000000   15.152157 ^ clkbuf_0_clk/A (sky130_fd_sc_hd__clkbuf_16)
     8    0.151713    0.163939    0.277307   15.429464 ^ clkbuf_0_clk/X (sky130_fd_sc_hd__clkbuf_16)
                                                         clknet_0_clk (net)
                      0.164055    0.001929   15.431394 ^ clkbuf_3_4__f_clk/A (sky130_fd_sc_hd__clkbuf_16)
     7    0.046679    0.066586    0.187727   15.619121 ^ clkbuf_3_4__f_clk/X (sky130_fd_sc_hd__clkbuf_16)
                                                         clknet_3_4__leaf_clk (net)
                      0.066612    0.001211   15.620332 ^ _13644_/CLK (sky130_fd_sc_hd__dfrtp_1)
                                 -0.250000   15.370333   clock uncertainty
                                  0.000000   15.370333   clock reconvergence pessimism
                                 -0.067115   15.303219   library setup time
                                             15.303219   data required time
---------------------------------------------------------------------------------------------
                                             15.303219   data required time
                                             -9.177590   data arrival time
---------------------------------------------------------------------------------------------
                                              6.125628   slack (MET)


Startpoint: x0[0] (input port clocked by clk)
Endpoint: _13696_ (rising edge-triggered flip-flop clocked by clk)
Path Group: clk
Path Type: max

Fanout         Cap        Slew       Delay        Time   Description
---------------------------------------------------------------------------------------------
                                  0.000000    0.000000   clock clk (rise edge)
                                  0.000000    0.000000   clock network delay (propagated)
                                  3.000000    3.000000 ^ input external delay
     1    0.002901    0.020166    0.010650    3.010650 ^ x0[0] (in)
                                                         x0[0] (net)
                      0.020166    0.000000    3.010650 ^ input130/A (sky130_fd_sc_hd__clkbuf_2)
     2    0.031700    0.175493    0.187804    3.198454 ^ input130/X (sky130_fd_sc_hd__clkbuf_2)
                                                         net130 (net)
                      0.175534    0.002214    3.200669 ^ fanout653/A (sky130_fd_sc_hd__clkbuf_4)
     6    0.067132    0.204466    0.298205    3.498873 ^ fanout653/X (sky130_fd_sc_hd__clkbuf_4)
                                                         net653 (net)
                      0.204467    0.000923    3.499797 ^ fanout650/A (sky130_fd_sc_hd__buf_4)
    10    0.069768    0.194729    0.270778    3.770575 ^ fanout650/X (sky130_fd_sc_hd__buf_4)
                                                         net650 (net)
                      0.194978    0.005731    3.776306 ^ _07624_/A (sky130_fd_sc_hd__nor2_4)
     8    0.046945    0.087976    0.117300    3.893607 v _07624_/Y (sky130_fd_sc_hd__nor2_4)
                                                         _00104_ (net)
                      0.087977    0.000277    3.893883 v _07627_/C (sky130_fd_sc_hd__or4_1)
     3    0.012338    0.138593    0.553698    4.447582 v _07627_/X (sky130_fd_sc_hd__or4_1)
                                                         _00107_ (net)
                      0.138593    0.000203    4.447785 v _07630_/A2 (sky130_fd_sc_hd__a21o_1)
     3    0.008541    0.057968    0.235076    4.682860 v _07630_/X (sky130_fd_sc_hd__a21o_1)
                                                         _00110_ (net)
                      0.057968    0.000097    4.682958 v _07632_/A2 (sky130_fd_sc_hd__a21o_1)
     2    0.010479    0.064322    0.211914    4.894872 v _07632_/X (sky130_fd_sc_hd__a21o_1)
                                                         _00112_ (net)
                      0.064322    0.000135    4.895007 v _07635_/A2 (sky130_fd_sc_hd__a21o_1)
     3    0.007834    0.054859    0.203119    5.098126 v _07635_/X (sky130_fd_sc_hd__a21o_1)
                                                         _00115_ (net)
                      0.054859    0.000067    5.098194 v _07637_/A2 (sky130_fd_sc_hd__a21o_1)
     3    0.012091    0.070777    0.216484    5.314677 v _07637_/X (sky130_fd_sc_hd__a21o_1)
                                                         _00117_ (net)
                      0.070777    0.000293    5.314970 v _07640_/A2 (sky130_fd_sc_hd__a211o_1)
     3    0.006957    0.067371    0.319409    5.634379 v _07640_/X (sky130_fd_sc_hd__a211o_1)
                                                         _00120_ (net)
                      0.067371    0.000052    5.634431 v _07641_/C (sky130_fd_sc_hd__and3_1)
     2    0.008777    0.062022    0.213474    5.847905 v _07641_/X (sky130_fd_sc_hd__and3_1)
                                                         _00121_ (net)
                      0.062022    0.000128    5.848033 v _07643_/B1 (sky130_fd_sc_hd__a211o_1)
     3    0.010180    0.080897    0.310752    6.158786 v _07643_/X (sky130_fd_sc_hd__a211o_1)
                                                         _00123_ (net)
                      0.080897    0.000174    6.158959 v _07646_/A1 (sky130_fd_sc_hd__a21o_1)
     2    0.012234    0.071366    0.205521    6.364480 v _07646_/X (sky130_fd_sc_hd__a21o_1)
                                                         _00126_ (net)
                      0.071366    0.000308    6.364789 v _07648_/A2 (sky130_fd_sc_hd__a211o_1)
     3    0.011475    0.086249    0.343250    6.708038 v _07648_/X (sky130_fd_sc_hd__a211o_1)
                                                         _00128_ (net)
                      0.086249    0.000264    6.708302 v _07650_/A2 (sky130_fd_sc_hd__a21o_1)
     2    0.010477    0.064314    0.223015    6.931316 v _07650_/X (sky130_fd_sc_hd__a21o_1)
                                                         _00130_ (net)
                      0.064314    0.000199    6.931516 v _07652_/A2 (sky130_fd_sc_hd__a211o_1)
     3    0.010554    0.082567    0.336652    7.268168 v _07652_/X (sky130_fd_sc_hd__a211o_1)
                                                         _00132_ (net)
                      0.082567    0.000151    7.268319 v _07654_/A2 (sky130_fd_sc_hd__a21o_1)
     2    0.007193    0.051906    0.207276    7.475595 v _07654_/X (sky130_fd_sc_hd__a21o_1)
                                                         _00134_ (net)
                      0.051906    0.000109    7.475704 v _07656_/A2 (sky130_fd_sc_hd__a211oi_1)
     3    0.008124    0.337564    0.339851    7.815555 ^ _07656_/Y (sky130_fd_sc_hd__a211oi_1)
                                                         _00136_ (net)
                      0.337564    0.000029    7.815584 ^ _07658_/A2 (sky130_fd_sc_hd__o21ai_1)
     2    0.006163    0.086572    0.129103    7.944687 v _07658_/Y (sky130_fd_sc_hd__o21ai_1)
                                                         _00138_ (net)
                      0.086572    0.000085    7.944772 v _07659_/C (sky130_fd_sc_hd__and3_1)
     4    0.009553    0.065098    0.225397    8.170169 v _07659_/X (sky130_fd_sc_hd__and3_1)
                                                         _00139_ (net)
                      0.065098    0.000065    8.170234 v _07663_/A (sky130_fd_sc_hd__or3_1)
     2    0.004318    0.073723    0.381189    8.551423 v _07663_/X (sky130_fd_sc_hd__or3_1)
                                                         _00143_ (net)
                      0.073723    0.000038    8.551461 v _07950_/A1 (sky130_fd_sc_hd__o21a_1)
     3    0.011213    0.072044    0.229911    8.781372 v _07950_/X (sky130_fd_sc_hd__o21a_1)
                                                         _00428_ (net)
                      0.072044    0.000147    8.781519 v _08078_/A2 (sky130_fd_sc_hd__o21a_1)
     1    0.005019    0.045009    0.184802    8.966320 v _08078_/X (sky130_fd_sc_hd__o21a_1)
                                                         _00555_ (net)
                      0.045009    0.000049    8.966370 v _08079_/B (sky130_fd_sc_hd__xnor2_1)
     1    0.006383    0.184453    0.180822    9.147191 ^ _08079_/Y (sky130_fd_sc_hd__xnor2_1)
                                                         _00042_ (net)
                      0.184453    0.000154    9.147345 ^ _13696_/D (sky130_fd_sc_hd__dfrtp_1)
                                              9.147345   data arrival time

                                 15.000000   15.000000   clock clk (rise edge)
                                  0.000000   15.000000   clock source latency
     1    0.046681    0.214570    0.152157   15.152157 ^ clk (in)
                                                         clk (net)
                      0.215027    0.000000   15.152157 ^ clkbuf_0_clk/A (sky130_fd_sc_hd__clkbuf_16)
     8    0.151713    0.163939    0.277307   15.429464 ^ clkbuf_0_clk/X (sky130_fd_sc_hd__clkbuf_16)
                                                         clknet_0_clk (net)
                      0.164269    0.005153   15.434618 ^ clkbuf_3_1__f_clk/A (sky130_fd_sc_hd__clkbuf_16)
     7    0.047063    0.066928    0.187974   15.622592 ^ clkbuf_3_1__f_clk/X (sky130_fd_sc_hd__clkbuf_16)
                                                         clknet_3_1__leaf_clk (net)
                      0.066972    0.001497   15.624089 ^ _13696_/CLK (sky130_fd_sc_hd__dfrtp_1)
                                 -0.250000   15.374090   clock uncertainty
                                  0.000000   15.374090   clock reconvergence pessimism
                                 -0.088564   15.285526   library setup time
                                             15.285526   data required time
---------------------------------------------------------------------------------------------
                                             15.285526   data required time
                                             -9.147345   data arrival time
---------------------------------------------------------------------------------------------
                                              6.138182   slack (MET)


Startpoint: x3[1] (input port clocked by clk)
Endpoint: _13679_ (rising edge-triggered flip-flop clocked by clk)
Path Group: clk
Path Type: max

Fanout         Cap        Slew       Delay        Time   Description
---------------------------------------------------------------------------------------------
                                  0.000000    0.000000   clock clk (rise edge)
                                  0.000000    0.000000   clock network delay (propagated)
                                  3.000000    3.000000 ^ input external delay
     1    0.002740    0.019477    0.010087    3.010087 ^ x3[1] (in)
                                                         x3[1] (net)
                      0.019477    0.000000    3.010087 ^ input155/A (sky130_fd_sc_hd__buf_1)
     1    0.008584    0.108601    0.117685    3.127772 ^ input155/X (sky130_fd_sc_hd__buf_1)
                                                         net155 (net)
                      0.108602    0.000338    3.128110 ^ fanout465/A (sky130_fd_sc_hd__clkbuf_4)
     6    0.085065    0.256095    0.308528    3.436638 ^ fanout465/X (sky130_fd_sc_hd__clkbuf_4)
                                                         net465 (net)
                      0.256095    0.000343    3.436981 ^ fanout460/A (sky130_fd_sc_hd__buf_4)
     8    0.088138    0.243342    0.318951    3.755933 ^ fanout460/X (sky130_fd_sc_hd__buf_4)
                                                         net460 (net)
                      0.243345    0.000760    3.756693 ^ fanout458/A (sky130_fd_sc_hd__buf_2)
    10    0.043710    0.215075    0.289268    4.045961 ^ fanout458/X (sky130_fd_sc_hd__buf_2)
                                                         net458 (net)
                      0.215200    0.002848    4.048809 ^ _10367_/A (sky130_fd_sc_hd__and4_1)
     2    0.004736    0.071873    0.224949    4.273757 ^ _10367_/X (sky130_fd_sc_hd__and4_1)
                                                         _02963_ (net)
                      0.071873    0.000039    4.273796 ^ _10369_/A_N (sky130_fd_sc_hd__and2b_1)
     1    0.005009    0.042864    0.187173    4.460969 v _10369_/X (sky130_fd_sc_hd__and2b_1)
                                                         _02966_ (net)
                      0.042864    0.000048    4.461018 v _10370_/B (sky130_fd_sc_hd__xnor2_1)
     2    0.008419    0.224655    0.210681    4.671699 ^ _10370_/Y (sky130_fd_sc_hd__xnor2_1)
                                                         _02967_ (net)
                      0.224655    0.000111    4.671810 ^ _10377_/A (sky130_fd_sc_hd__xor2_1)
     2    0.007803    0.199252    0.232157    4.903966 ^ _10377_/X (sky130_fd_sc_hd__xor2_1)
                                                         _02974_ (net)
                      0.199252    0.000080    4.904046 ^ _10379_/B (sky130_fd_sc_hd__xnor2_1)
     2    0.004652    0.061180    0.102367    5.006413 v _10379_/Y (sky130_fd_sc_hd__xnor2_1)
                                                         _02977_ (net)
                      0.061180    0.000027    5.006440 v _10382_/A (sky130_fd_sc_hd__and2_1)
     3    0.009878    0.063885    0.170454    5.176894 v _10382_/X (sky130_fd_sc_hd__and2_1)
                                                         _02980_ (net)
                      0.063885    0.000027    5.176921 v _10384_/A (sky130_fd_sc_hd__or2_1)
     3    0.007954    0.072361    0.258025    5.434946 v _10384_/X (sky130_fd_sc_hd__or2_1)
                                                         _02982_ (net)
                      0.072361    0.000022    5.434968 v _10424_/A (sky130_fd_sc_hd__or3_4)
     2    0.006936    0.069779    0.395931    5.830900 v _10424_/X (sky130_fd_sc_hd__or3_4)
                                                         _03026_ (net)
                      0.069779    0.000058    5.830958 v _10568_/A2 (sky130_fd_sc_hd__a211oi_2)
     5    0.017064    0.352659    0.375590    6.206548 ^ _10568_/Y (sky130_fd_sc_hd__a211oi_2)
                                                         _03184_ (net)
                      0.352659    0.000140    6.206688 ^ _10572_/A1 (sky130_fd_sc_hd__o21ai_1)
     2    0.006589    0.099176    0.154186    6.360874 v _10572_/Y (sky130_fd_sc_hd__o21ai_1)
                                                         _03188_ (net)
                      0.099176    0.000069    6.360943 v _10573_/C1 (sky130_fd_sc_hd__o211a_1)
     4    0.014386    0.088254    0.177852    6.538795 v _10573_/X (sky130_fd_sc_hd__o211a_1)
                                                         _03189_ (net)
                      0.088254    0.000260    6.539054 v _10577_/C (sky130_fd_sc_hd__or4_4)
     2    0.007245    0.089184    0.497743    7.036798 v _10577_/X (sky130_fd_sc_hd__or4_4)
                                                         _03193_ (net)
                      0.089184    0.000071    7.036869 v _10717_/A1 (sky130_fd_sc_hd__a211o_4)
     3    0.012481    0.061464    0.351445    7.388314 v _10717_/X (sky130_fd_sc_hd__a211o_4)
                                                         _03346_ (net)
                      0.061464    0.000147    7.388461 v _10720_/B1 (sky130_fd_sc_hd__o211a_1)
     3    0.009546    0.067740    0.159758    7.548219 v _10720_/X (sky130_fd_sc_hd__o211a_1)
                                                         _03350_ (net)
                      0.067740    0.000099    7.548319 v _10722_/C1 (sky130_fd_sc_hd__a211o_1)
     4    0.011900    0.087574    0.279320    7.827638 v _10722_/X (sky130_fd_sc_hd__a211o_1)
                                                         _03352_ (net)
                      0.087574    0.000086    7.827724 v _10725_/B1 (sky130_fd_sc_hd__a22o_1)
     2    0.005097    0.050541    0.202316    8.030040 v _10725_/X (sky130_fd_sc_hd__a22o_1)
                                                         _03355_ (net)
                      0.050541    0.000043    8.030083 v _10887_/A1 (sky130_fd_sc_hd__a21oi_1)
     3    0.008840    0.216171    0.204992    8.235074 ^ _10887_/Y (sky130_fd_sc_hd__a21oi_1)
                                                         _03532_ (net)
                      0.216171    0.000109    8.235184 ^ _11049_/A2 (sky130_fd_sc_hd__o21ba_1)
     3    0.010248    0.110540    0.196230    8.431413 ^ _11049_/X (sky130_fd_sc_hd__o21ba_1)
                                                         _03710_ (net)
                      0.110540    0.000191    8.431604 ^ _11050_/B (sky130_fd_sc_hd__nor2_1)
     3    0.008155    0.075222    0.076042    8.507647 v _11050_/Y (sky130_fd_sc_hd__nor2_1)
                                                         _03711_ (net)
                      0.075222    0.000116    8.507763 v _11334_/A1 (sky130_fd_sc_hd__a21oi_1)
     2    0.009326    0.225351    0.221675    8.729438 ^ _11334_/Y (sky130_fd_sc_hd__a21oi_1)
                                                         _04021_ (net)
                      0.225351    0.000091    8.729528 ^ _11466_/A2 (sky130_fd_sc_hd__o21ba_1)
     1    0.004892    0.063733    0.160378    8.889907 ^ _11466_/X (sky130_fd_sc_hd__o21ba_1)
                                                         _04165_ (net)
                      0.063733    0.000042    8.889949 ^ _11467_/B (sky130_fd_sc_hd__xnor2_1)
     1    0.002460    0.111409    0.107004    8.996953 ^ _11467_/Y (sky130_fd_sc_hd__xnor2_1)
                                                         _00014_ (net)
                      0.111409    0.000022    8.996975 ^ _13679_/D (sky130_fd_sc_hd__dfrtp_1)
                                              8.996975   data arrival time

                                 15.000000   15.000000   clock clk (rise edge)
                                  0.000000   15.000000   clock source latency
     1    0.046681    0.214570    0.152157   15.152157 ^ clk (in)
                                                         clk (net)
                      0.215027    0.000000   15.152157 ^ clkbuf_0_clk/A (sky130_fd_sc_hd__clkbuf_16)
     8    0.151713    0.163939    0.277307   15.429464 ^ clkbuf_0_clk/X (sky130_fd_sc_hd__clkbuf_16)
                                                         clknet_0_clk (net)
                      0.164269    0.005153   15.434618 ^ clkbuf_3_1__f_clk/A (sky130_fd_sc_hd__clkbuf_16)
     7    0.047063    0.066928    0.187974   15.622592 ^ clkbuf_3_1__f_clk/X (sky130_fd_sc_hd__clkbuf_16)
                                                         clknet_3_1__leaf_clk (net)
                      0.066951    0.001135   15.623727 ^ _13679_/CLK (sky130_fd_sc_hd__dfrtp_1)
                                 -0.250000   15.373728   clock uncertainty
                                  0.000000   15.373728   clock reconvergence pessimism
                                 -0.071787   15.301940   library setup time
                                             15.301940   data required time
---------------------------------------------------------------------------------------------
                                             15.301940   data required time
                                             -8.996975   data arrival time
---------------------------------------------------------------------------------------------
                                              6.304965   slack (MET)


Startpoint: x0[0] (input port clocked by clk)
Endpoint: _13695_ (rising edge-triggered flip-flop clocked by clk)
Path Group: clk
Path Type: max

Fanout         Cap        Slew       Delay        Time   Description
---------------------------------------------------------------------------------------------
                                  0.000000    0.000000   clock clk (rise edge)
                                  0.000000    0.000000   clock network delay (propagated)
                                  3.000000    3.000000 ^ input external delay
     1    0.002901    0.020166    0.010650    3.010650 ^ x0[0] (in)
                                                         x0[0] (net)
                      0.020166    0.000000    3.010650 ^ input130/A (sky130_fd_sc_hd__clkbuf_2)
     2    0.031700    0.175493    0.187804    3.198454 ^ input130/X (sky130_fd_sc_hd__clkbuf_2)
                                                         net130 (net)
                      0.175534    0.002214    3.200669 ^ fanout653/A (sky130_fd_sc_hd__clkbuf_4)
     6    0.067132    0.204466    0.298205    3.498873 ^ fanout653/X (sky130_fd_sc_hd__clkbuf_4)
                                                         net653 (net)
                      0.204467    0.000923    3.499797 ^ fanout650/A (sky130_fd_sc_hd__buf_4)
    10    0.069768    0.194729    0.270778    3.770575 ^ fanout650/X (sky130_fd_sc_hd__buf_4)
                                                         net650 (net)
                      0.194978    0.005731    3.776306 ^ _07624_/A (sky130_fd_sc_hd__nor2_4)
     8    0.046945    0.087976    0.117300    3.893607 v _07624_/Y (sky130_fd_sc_hd__nor2_4)
                                                         _00104_ (net)
                      0.087977    0.000277    3.893883 v _07627_/C (sky130_fd_sc_hd__or4_1)
     3    0.012338    0.138593    0.553698    4.447582 v _07627_/X (sky130_fd_sc_hd__or4_1)
                                                         _00107_ (net)
                      0.138593    0.000203    4.447785 v _07630_/A2 (sky130_fd_sc_hd__a21o_1)
     3    0.008541    0.057968    0.235076    4.682860 v _07630_/X (sky130_fd_sc_hd__a21o_1)
                                                         _00110_ (net)
                      0.057968    0.000097    4.682958 v _07632_/A2 (sky130_fd_sc_hd__a21o_1)
     2    0.010479    0.064322    0.211914    4.894872 v _07632_/X (sky130_fd_sc_hd__a21o_1)
                                                         _00112_ (net)
                      0.064322    0.000135    4.895007 v _07635_/A2 (sky130_fd_sc_hd__a21o_1)
     3    0.007834    0.054859    0.203119    5.098126 v _07635_/X (sky130_fd_sc_hd__a21o_1)
                                                         _00115_ (net)
                      0.054859    0.000067    5.098194 v _07637_/A2 (sky130_fd_sc_hd__a21o_1)
     3    0.012091    0.070777    0.216484    5.314677 v _07637_/X (sky130_fd_sc_hd__a21o_1)
                                                         _00117_ (net)
                      0.070777    0.000293    5.314970 v _07640_/A2 (sky130_fd_sc_hd__a211o_1)
     3    0.006957    0.067371    0.319409    5.634379 v _07640_/X (sky130_fd_sc_hd__a211o_1)
                                                         _00120_ (net)
                      0.067371    0.000052    5.634431 v _07641_/C (sky130_fd_sc_hd__and3_1)
     2    0.008777    0.062022    0.213474    5.847905 v _07641_/X (sky130_fd_sc_hd__and3_1)
                                                         _00121_ (net)
                      0.062022    0.000128    5.848033 v _07643_/B1 (sky130_fd_sc_hd__a211o_1)
     3    0.010180    0.080897    0.310752    6.158786 v _07643_/X (sky130_fd_sc_hd__a211o_1)
                                                         _00123_ (net)
                      0.080897    0.000174    6.158959 v _07646_/A1 (sky130_fd_sc_hd__a21o_1)
     2    0.012234    0.071366    0.205521    6.364480 v _07646_/X (sky130_fd_sc_hd__a21o_1)
                                                         _00126_ (net)
                      0.071366    0.000308    6.364789 v _07648_/A2 (sky130_fd_sc_hd__a211o_1)
     3    0.011475    0.086249    0.343250    6.708038 v _07648_/X (sky130_fd_sc_hd__a211o_1)
                                                         _00128_ (net)
                      0.086249    0.000264    6.708302 v _07650_/A2 (sky130_fd_sc_hd__a21o_1)
     2    0.010477    0.064314    0.223015    6.931316 v _07650_/X (sky130_fd_sc_hd__a21o_1)
                                                         _00130_ (net)
                      0.064314    0.000199    6.931516 v _07652_/A2 (sky130_fd_sc_hd__a211o_1)
     3    0.010554    0.082567    0.336652    7.268168 v _07652_/X (sky130_fd_sc_hd__a211o_1)
                                                         _00132_ (net)
                      0.082567    0.000151    7.268319 v _07654_/A2 (sky130_fd_sc_hd__a21o_1)
     2    0.007193    0.051906    0.207276    7.475595 v _07654_/X (sky130_fd_sc_hd__a21o_1)
                                                         _00134_ (net)
                      0.051906    0.000109    7.475704 v _07656_/A2 (sky130_fd_sc_hd__a211oi_1)
     3    0.008124    0.337564    0.339851    7.815555 ^ _07656_/Y (sky130_fd_sc_hd__a211oi_1)
                                                         _00136_ (net)
                      0.337564    0.000029    7.815584 ^ _07658_/A2 (sky130_fd_sc_hd__o21ai_1)
     2    0.006163    0.086572    0.129103    7.944687 v _07658_/Y (sky130_fd_sc_hd__o21ai_1)
                                                         _00138_ (net)
                      0.086572    0.000085    7.944772 v _07659_/C (sky130_fd_sc_hd__and3_1)
     4    0.009553    0.065098    0.225397    8.170169 v _07659_/X (sky130_fd_sc_hd__and3_1)
                                                         _00139_ (net)
                      0.065098    0.000065    8.170234 v _07663_/A (sky130_fd_sc_hd__or3_1)
     2    0.004318    0.073723    0.381189    8.551423 v _07663_/X (sky130_fd_sc_hd__or3_1)
                                                         _00143_ (net)
                      0.073723    0.000038    8.551461 v _07950_/A1 (sky130_fd_sc_hd__o21a_1)
     3    0.011213    0.072044    0.229911    8.781372 v _07950_/X (sky130_fd_sc_hd__o21a_1)
                                                         _00428_ (net)
                      0.072044    0.000168    8.781540 v _07951_/B (sky130_fd_sc_hd__xor2_1)
     1    0.002806    0.068236    0.145942    8.927482 v _07951_/X (sky130_fd_sc_hd__xor2_1)
                                                         _00041_ (net)
                      0.068236    0.000029    8.927511 v _13695_/D (sky130_fd_sc_hd__dfrtp_1)
                                              8.927511   data arrival time

                                 15.000000   15.000000   clock clk (rise edge)
                                  0.000000   15.000000   clock source latency
     1    0.046681    0.214570    0.152157   15.152157 ^ clk (in)
                                                         clk (net)
                      0.215027    0.000000   15.152157 ^ clkbuf_0_clk/A (sky130_fd_sc_hd__clkbuf_16)
     8    0.151713    0.163939    0.277307   15.429464 ^ clkbuf_0_clk/X (sky130_fd_sc_hd__clkbuf_16)
                                                         clknet_0_clk (net)
                      0.164269    0.005153   15.434618 ^ clkbuf_3_1__f_clk/A (sky130_fd_sc_hd__clkbuf_16)
     7    0.047063    0.066928    0.187974   15.622592 ^ clkbuf_3_1__f_clk/X (sky130_fd_sc_hd__clkbuf_16)
                                                         clknet_3_1__leaf_clk (net)
                      0.066965    0.001396   15.623988 ^ _13695_/CLK (sky130_fd_sc_hd__dfrtp_1)
                                 -0.250000   15.373989   clock uncertainty
                                  0.000000   15.373989   clock reconvergence pessimism
                                 -0.119372   15.254616   library setup time
                                             15.254616   data required time
---------------------------------------------------------------------------------------------
                                             15.254616   data required time
                                             -8.927511   data arrival time
---------------------------------------------------------------------------------------------
                                              6.327105   slack (MET)


Startpoint: x0[4] (input port clocked by clk)
Endpoint: _13660_ (rising edge-triggered flip-flop clocked by clk)
Path Group: clk
Path Type: max

Fanout         Cap        Slew       Delay        Time   Description
---------------------------------------------------------------------------------------------
                                  0.000000    0.000000   clock clk (rise edge)
                                  0.000000    0.000000   clock network delay (propagated)
                                  3.000000    3.000000 ^ input external delay
     1    0.002790    0.019689    0.010262    3.010262 ^ x0[4] (in)
                                                         x0[4] (net)
                      0.019689    0.000000    3.010262 ^ input134/A (sky130_fd_sc_hd__buf_1)
     1    0.012047    0.147881    0.144966    3.155227 ^ input134/X (sky130_fd_sc_hd__buf_1)
                                                         net134 (net)
                      0.147883    0.000424    3.155652 ^ fanout626/A (sky130_fd_sc_hd__buf_4)
     7    0.082821    0.230024    0.280852    3.436504 ^ fanout626/X (sky130_fd_sc_hd__buf_4)
                                                         net626 (net)
                      0.230079    0.002957    3.439460 ^ fanout625/A (sky130_fd_sc_hd__buf_2)
     7    0.035079    0.174443    0.258531    3.697991 ^ fanout625/X (sky130_fd_sc_hd__buf_2)
                                                         net625 (net)
                      0.174443    0.000325    3.698316 ^ fanout624/A (sky130_fd_sc_hd__clkbuf_4)
    10    0.050875    0.157991    0.264746    3.963062 ^ fanout624/X (sky130_fd_sc_hd__clkbuf_4)
                                                         net624 (net)
                      0.157991    0.000170    3.963232 ^ _08850_/B (sky130_fd_sc_hd__and4_1)
     2    0.004557    0.070709    0.215405    4.178637 ^ _08850_/X (sky130_fd_sc_hd__and4_1)
                                                         _01316_ (net)
                      0.070709    0.000035    4.178671 ^ _08852_/A_N (sky130_fd_sc_hd__and2b_1)
     1    0.005165    0.043502    0.187566    4.366238 v _08852_/X (sky130_fd_sc_hd__and2b_1)
                                                         _01318_ (net)
                      0.043502    0.000032    4.366270 v _08853_/B (sky130_fd_sc_hd__xnor2_1)
     3    0.011929    0.303625    0.263758    4.630028 ^ _08853_/Y (sky130_fd_sc_hd__xnor2_1)
                                                         _01319_ (net)
                      0.303625    0.000126    4.630154 ^ _08862_/A (sky130_fd_sc_hd__nand3_2)
     3    0.007882    0.104786    0.126064    4.756218 v _08862_/Y (sky130_fd_sc_hd__nand3_2)
                                                         _01328_ (net)
                      0.104786    0.000044    4.756263 v _08865_/B (sky130_fd_sc_hd__and3_1)
     2    0.006796    0.054092    0.205428    4.961690 v _08865_/X (sky130_fd_sc_hd__and3_1)
                                                         _01331_ (net)
                      0.054092    0.000068    4.961759 v _08868_/A (sky130_fd_sc_hd__or3_4)
     4    0.019957    0.091150    0.424361    5.386119 v _08868_/X (sky130_fd_sc_hd__or3_4)
                                                         _01334_ (net)
                      0.091150    0.000478    5.386598 v _08871_/A (sky130_fd_sc_hd__and3_4)
     4    0.021825    0.053304    0.192405    5.579003 v _08871_/X (sky130_fd_sc_hd__and3_4)
                                                         _01337_ (net)
                      0.053304    0.000236    5.579238 v _08874_/A1 (sky130_fd_sc_hd__o21a_4)
     2    0.012804    0.044646    0.226605    5.805844 v _08874_/X (sky130_fd_sc_hd__o21a_4)
                                                         _01340_ (net)
                      0.044646    0.000142    5.805985 v _08876_/A2 (sky130_fd_sc_hd__o211a_1)
     3    0.009089    0.066651    0.232738    6.038723 v _08876_/X (sky130_fd_sc_hd__o211a_1)
                                                         _01342_ (net)
                      0.066651    0.000121    6.038844 v _08878_/A (sky130_fd_sc_hd__or3_4)
     2    0.007160    0.070174    0.394472    6.433316 v _08878_/X (sky130_fd_sc_hd__or3_4)
                                                         _01345_ (net)
                      0.070174    0.000065    6.433382 v _08880_/B1 (sky130_fd_sc_hd__o211a_4)
     4    0.014443    0.052035    0.162410    6.595791 v _08880_/X (sky130_fd_sc_hd__o211a_4)
                                                         _01347_ (net)
                      0.052035    0.000258    6.596049 v _08884_/B (sky130_fd_sc_hd__or4_4)
     2    0.009983    0.094054    0.527201    7.123250 v _08884_/X (sky130_fd_sc_hd__or4_4)
                                                         _01351_ (net)
                      0.094054    0.000093    7.123343 v _09024_/A1 (sky130_fd_sc_hd__a211o_4)
     4    0.013156    0.062568    0.355077    7.478420 v _09024_/X (sky130_fd_sc_hd__a211o_4)
                                                         _01504_ (net)
                      0.062568    0.000090    7.478509 v _09027_/A2 (sky130_fd_sc_hd__a211o_1)
     2    0.007556    0.070543    0.319947    7.798456 v _09027_/X (sky130_fd_sc_hd__a211o_1)
                                                         _01507_ (net)
                      0.070543    0.000052    7.798509 v _09029_/A1 (sky130_fd_sc_hd__a211o_1)
     2    0.007568    0.070279    0.287519    8.086028 v _09029_/X (sky130_fd_sc_hd__a211o_1)
                                                         _01510_ (net)
                      0.070279    0.000129    8.086157 v _09031_/B2 (sky130_fd_sc_hd__a2bb2o_4)
     2    0.005197    0.035652    0.208335    8.294492 v _09031_/X (sky130_fd_sc_hd__a2bb2o_4)
                                                         _01512_ (net)
                      0.035652    0.000044    8.294535 v _09191_/A2 (sky130_fd_sc_hd__a21o_1)
     2    0.015735    0.085752    0.221665    8.516200 v _09191_/X (sky130_fd_sc_hd__a21o_1)
                                                         _01686_ (net)
                      0.085752    0.000384    8.516584 v _09351_/A1 (sky130_fd_sc_hd__a21oi_4)
     4    0.018366    0.173762    0.192767    8.709351 ^ _09351_/Y (sky130_fd_sc_hd__a21oi_4)
                                                         _01861_ (net)
                      0.173762    0.000351    8.709702 ^ _09502_/A2 (sky130_fd_sc_hd__o21bai_1)
     1    0.004801    0.063495    0.095570    8.805271 v _09502_/Y (sky130_fd_sc_hd__o21bai_1)
                                                         _02025_ (net)
                      0.063495    0.000043    8.805314 v _09503_/B (sky130_fd_sc_hd__xnor2_1)
     1    0.002723    0.046548    0.124667    8.929980 v _09503_/Y (sky130_fd_sc_hd__xnor2_1)
                                                         _00067_ (net)
                      0.046548    0.000028    8.930009 v _13660_/D (sky130_fd_sc_hd__dfrtp_1)
                                              8.930009   data arrival time

                                 15.000000   15.000000   clock clk (rise edge)
                                  0.000000   15.000000   clock source latency
     1    0.046681    0.214570    0.152157   15.152157 ^ clk (in)
                                                         clk (net)
                      0.215027    0.000000   15.152157 ^ clkbuf_0_clk/A (sky130_fd_sc_hd__clkbuf_16)
     8    0.151713    0.163939    0.277307   15.429464 ^ clkbuf_0_clk/X (sky130_fd_sc_hd__clkbuf_16)
                                                         clknet_0_clk (net)
                      0.164105    0.003027   15.432491 ^ clkbuf_3_7__f_clk/A (sky130_fd_sc_hd__clkbuf_16)
    10    0.044032    0.064196    0.185526   15.618017 ^ clkbuf_3_7__f_clk/X (sky130_fd_sc_hd__clkbuf_16)
                                                         clknet_3_7__leaf_clk (net)
                      0.064247    0.001577   15.619595 ^ _13660_/CLK (sky130_fd_sc_hd__dfrtp_1)
                                 -0.250000   15.369596   clock uncertainty
                                  0.000000   15.369596   clock reconvergence pessimism
                                 -0.110544   15.259051   library setup time
                                             15.259051   data required time
---------------------------------------------------------------------------------------------
                                             15.259051   data required time
                                             -8.930009   data arrival time
---------------------------------------------------------------------------------------------
                                              6.329042   slack (MET)


Startpoint: x3[1] (input port clocked by clk)
Endpoint: _13678_ (rising edge-triggered flip-flop clocked by clk)
Path Group: clk
Path Type: max

Fanout         Cap        Slew       Delay        Time   Description
---------------------------------------------------------------------------------------------
                                  0.000000    0.000000   clock clk (rise edge)
                                  0.000000    0.000000   clock network delay (propagated)
                                  3.000000    3.000000 ^ input external delay
     1    0.002740    0.019477    0.010087    3.010087 ^ x3[1] (in)
                                                         x3[1] (net)
                      0.019477    0.000000    3.010087 ^ input155/A (sky130_fd_sc_hd__buf_1)
     1    0.008584    0.108601    0.117685    3.127772 ^ input155/X (sky130_fd_sc_hd__buf_1)
                                                         net155 (net)
                      0.108602    0.000338    3.128110 ^ fanout465/A (sky130_fd_sc_hd__clkbuf_4)
     6    0.085065    0.256095    0.308528    3.436638 ^ fanout465/X (sky130_fd_sc_hd__clkbuf_4)
                                                         net465 (net)
                      0.256095    0.000343    3.436981 ^ fanout460/A (sky130_fd_sc_hd__buf_4)
     8    0.088138    0.243342    0.318951    3.755933 ^ fanout460/X (sky130_fd_sc_hd__buf_4)
                                                         net460 (net)
                      0.243345    0.000760    3.756693 ^ fanout458/A (sky130_fd_sc_hd__buf_2)
    10    0.043710    0.215075    0.289268    4.045961 ^ fanout458/X (sky130_fd_sc_hd__buf_2)
                                                         net458 (net)
                      0.215200    0.002848    4.048809 ^ _10367_/A (sky130_fd_sc_hd__and4_1)
     2    0.004736    0.071873    0.224949    4.273757 ^ _10367_/X (sky130_fd_sc_hd__and4_1)
                                                         _02963_ (net)
                      0.071873    0.000039    4.273796 ^ _10369_/A_N (sky130_fd_sc_hd__and2b_1)
     1    0.005009    0.042864    0.187173    4.460969 v _10369_/X (sky130_fd_sc_hd__and2b_1)
                                                         _02966_ (net)
                      0.042864    0.000048    4.461018 v _10370_/B (sky130_fd_sc_hd__xnor2_1)
     2    0.008419    0.224655    0.210681    4.671699 ^ _10370_/Y (sky130_fd_sc_hd__xnor2_1)
                                                         _02967_ (net)
                      0.224655    0.000111    4.671810 ^ _10377_/A (sky130_fd_sc_hd__xor2_1)
     2    0.007803    0.199252    0.232157    4.903966 ^ _10377_/X (sky130_fd_sc_hd__xor2_1)
                                                         _02974_ (net)
                      0.199252    0.000080    4.904046 ^ _10379_/B (sky130_fd_sc_hd__xnor2_1)
     2    0.004652    0.061180    0.102367    5.006413 v _10379_/Y (sky130_fd_sc_hd__xnor2_1)
                                                         _02977_ (net)
                      0.061180    0.000027    5.006440 v _10382_/A (sky130_fd_sc_hd__and2_1)
     3    0.009878    0.063885    0.170454    5.176894 v _10382_/X (sky130_fd_sc_hd__and2_1)
                                                         _02980_ (net)
                      0.063885    0.000027    5.176921 v _10384_/A (sky130_fd_sc_hd__or2_1)
     3    0.007954    0.072361    0.258025    5.434946 v _10384_/X (sky130_fd_sc_hd__or2_1)
                                                         _02982_ (net)
                      0.072361    0.000022    5.434968 v _10424_/A (sky130_fd_sc_hd__or3_4)
     2    0.006936    0.069779    0.395931    5.830900 v _10424_/X (sky130_fd_sc_hd__or3_4)
                                                         _03026_ (net)
                      0.069779    0.000058    5.830958 v _10568_/A2 (sky130_fd_sc_hd__a211oi_2)
     5    0.017064    0.352659    0.375590    6.206548 ^ _10568_/Y (sky130_fd_sc_hd__a211oi_2)
                                                         _03184_ (net)
                      0.352659    0.000140    6.206688 ^ _10572_/A1 (sky130_fd_sc_hd__o21ai_1)
     2    0.006589    0.099176    0.154186    6.360874 v _10572_/Y (sky130_fd_sc_hd__o21ai_1)
                                                         _03188_ (net)
                      0.099176    0.000069    6.360943 v _10573_/C1 (sky130_fd_sc_hd__o211a_1)
     4    0.014386    0.088254    0.177852    6.538795 v _10573_/X (sky130_fd_sc_hd__o211a_1)
                                                         _03189_ (net)
                      0.088254    0.000260    6.539054 v _10577_/C (sky130_fd_sc_hd__or4_4)
     2    0.007245    0.089184    0.497743    7.036798 v _10577_/X (sky130_fd_sc_hd__or4_4)
                                                         _03193_ (net)
                      0.089184    0.000071    7.036869 v _10717_/A1 (sky130_fd_sc_hd__a211o_4)
     3    0.012481    0.061464    0.351445    7.388314 v _10717_/X (sky130_fd_sc_hd__a211o_4)
                                                         _03346_ (net)
                      0.061464    0.000147    7.388461 v _10720_/B1 (sky130_fd_sc_hd__o211a_1)
     3    0.009546    0.067740    0.159758    7.548219 v _10720_/X (sky130_fd_sc_hd__o211a_1)
                                                         _03350_ (net)
                      0.067740    0.000099    7.548319 v _10722_/C1 (sky130_fd_sc_hd__a211o_1)
     4    0.011900    0.087574    0.279320    7.827638 v _10722_/X (sky130_fd_sc_hd__a211o_1)
                                                         _03352_ (net)
                      0.087574    0.000086    7.827724 v _10725_/B1 (sky130_fd_sc_hd__a22o_1)
     2    0.005097    0.050541    0.202316    8.030040 v _10725_/X (sky130_fd_sc_hd__a22o_1)
                                                         _03355_ (net)
                      0.050541    0.000043    8.030083 v _10887_/A1 (sky130_fd_sc_hd__a21oi_1)
     3    0.008840    0.216171    0.204992    8.235074 ^ _10887_/Y (sky130_fd_sc_hd__a21oi_1)
                                                         _03532_ (net)
                      0.216171    0.000109    8.235184 ^ _11049_/A2 (sky130_fd_sc_hd__o21ba_1)
     3    0.010248    0.110540    0.196230    8.431413 ^ _11049_/X (sky130_fd_sc_hd__o21ba_1)
                                                         _03710_ (net)
                      0.110540    0.000191    8.431604 ^ _11050_/B (sky130_fd_sc_hd__nor2_1)
     3    0.008155    0.075222    0.076042    8.507647 v _11050_/Y (sky130_fd_sc_hd__nor2_1)
                                                         _03711_ (net)
                      0.075222    0.000116    8.507763 v _11334_/A1 (sky130_fd_sc_hd__a21oi_1)
     2    0.009326    0.225351    0.221675    8.729438 ^ _11334_/Y (sky130_fd_sc_hd__a21oi_1)
                                                         _04021_ (net)
                      0.225351    0.000108    8.729547 ^ _11335_/B (sky130_fd_sc_hd__xor2_1)
     1    0.003174    0.118368    0.169609    8.899156 ^ _11335_/X (sky130_fd_sc_hd__xor2_1)
                                                         _00013_ (net)
                      0.118368    0.000040    8.899196 ^ _13678_/D (sky130_fd_sc_hd__dfrtp_1)
                                              8.899196   data arrival time

                                 15.000000   15.000000   clock clk (rise edge)
                                  0.000000   15.000000   clock source latency
     1    0.046681    0.214570    0.152157   15.152157 ^ clk (in)
                                                         clk (net)
                      0.215027    0.000000   15.152157 ^ clkbuf_0_clk/A (sky130_fd_sc_hd__clkbuf_16)
     8    0.151713    0.163939    0.277307   15.429464 ^ clkbuf_0_clk/X (sky130_fd_sc_hd__clkbuf_16)
                                                         clknet_0_clk (net)
                      0.164263    0.005095   15.434559 ^ clkbuf_3_2__f_clk/A (sky130_fd_sc_hd__clkbuf_16)
    10    0.037474    0.058340    0.180398   15.614957 ^ clkbuf_3_2__f_clk/X (sky130_fd_sc_hd__clkbuf_16)
                                                         clknet_3_2__leaf_clk (net)
                      0.058604    0.002848   15.617805 ^ _13678_/CLK (sky130_fd_sc_hd__dfrtp_1)
                                 -0.250000   15.367805   clock uncertainty
                                  0.000000   15.367805   clock reconvergence pessimism
                                 -0.074674   15.293131   library setup time
                                             15.293131   data required time
---------------------------------------------------------------------------------------------
                                             15.293131   data required time
                                             -8.899196   data arrival time
---------------------------------------------------------------------------------------------
                                              6.393935   slack (MET)


Startpoint: x0[0] (input port clocked by clk)
Endpoint: _13694_ (rising edge-triggered flip-flop clocked by clk)
Path Group: clk
Path Type: max

Fanout         Cap        Slew       Delay        Time   Description
---------------------------------------------------------------------------------------------
                                  0.000000    0.000000   clock clk (rise edge)
                                  0.000000    0.000000   clock network delay (propagated)
                                  3.000000    3.000000 ^ input external delay
     1    0.002901    0.020166    0.010650    3.010650 ^ x0[0] (in)
                                                         x0[0] (net)
                      0.020166    0.000000    3.010650 ^ input130/A (sky130_fd_sc_hd__clkbuf_2)
     2    0.031700    0.175493    0.187804    3.198454 ^ input130/X (sky130_fd_sc_hd__clkbuf_2)
                                                         net130 (net)
                      0.175534    0.002214    3.200669 ^ fanout653/A (sky130_fd_sc_hd__clkbuf_4)
     6    0.067132    0.204466    0.298205    3.498873 ^ fanout653/X (sky130_fd_sc_hd__clkbuf_4)
                                                         net653 (net)
                      0.204467    0.000923    3.499797 ^ fanout650/A (sky130_fd_sc_hd__buf_4)
    10    0.069768    0.194729    0.270778    3.770575 ^ fanout650/X (sky130_fd_sc_hd__buf_4)
                                                         net650 (net)
                      0.194978    0.005731    3.776306 ^ _07624_/A (sky130_fd_sc_hd__nor2_4)
     8    0.046945    0.087976    0.117300    3.893607 v _07624_/Y (sky130_fd_sc_hd__nor2_4)
                                                         _00104_ (net)
                      0.087977    0.000277    3.893883 v _07627_/C (sky130_fd_sc_hd__or4_1)
     3    0.012338    0.138593    0.553698    4.447582 v _07627_/X (sky130_fd_sc_hd__or4_1)
                                                         _00107_ (net)
                      0.138593    0.000203    4.447785 v _07630_/A2 (sky130_fd_sc_hd__a21o_1)
     3    0.008541    0.057968    0.235076    4.682860 v _07630_/X (sky130_fd_sc_hd__a21o_1)
                                                         _00110_ (net)
                      0.057968    0.000097    4.682958 v _07632_/A2 (sky130_fd_sc_hd__a21o_1)
     2    0.010479    0.064322    0.211914    4.894872 v _07632_/X (sky130_fd_sc_hd__a21o_1)
                                                         _00112_ (net)
                      0.064322    0.000135    4.895007 v _07635_/A2 (sky130_fd_sc_hd__a21o_1)
     3    0.007834    0.054859    0.203119    5.098126 v _07635_/X (sky130_fd_sc_hd__a21o_1)
                                                         _00115_ (net)
                      0.054859    0.000067    5.098194 v _07637_/A2 (sky130_fd_sc_hd__a21o_1)
     3    0.012091    0.070777    0.216484    5.314677 v _07637_/X (sky130_fd_sc_hd__a21o_1)
                                                         _00117_ (net)
                      0.070777    0.000293    5.314970 v _07640_/A2 (sky130_fd_sc_hd__a211o_1)
     3    0.006957    0.067371    0.319409    5.634379 v _07640_/X (sky130_fd_sc_hd__a211o_1)
                                                         _00120_ (net)
                      0.067371    0.000052    5.634431 v _07641_/C (sky130_fd_sc_hd__and3_1)
     2    0.008777    0.062022    0.213474    5.847905 v _07641_/X (sky130_fd_sc_hd__and3_1)
                                                         _00121_ (net)
                      0.062022    0.000128    5.848033 v _07643_/B1 (sky130_fd_sc_hd__a211o_1)
     3    0.010180    0.080897    0.310752    6.158786 v _07643_/X (sky130_fd_sc_hd__a211o_1)
                                                         _00123_ (net)
                      0.080897    0.000174    6.158959 v _07646_/A1 (sky130_fd_sc_hd__a21o_1)
     2    0.012234    0.071366    0.205521    6.364480 v _07646_/X (sky130_fd_sc_hd__a21o_1)
                                                         _00126_ (net)
                      0.071366    0.000308    6.364789 v _07648_/A2 (sky130_fd_sc_hd__a211o_1)
     3    0.011475    0.086249    0.343250    6.708038 v _07648_/X (sky130_fd_sc_hd__a211o_1)
                                                         _00128_ (net)
                      0.086249    0.000264    6.708302 v _07650_/A2 (sky130_fd_sc_hd__a21o_1)
     2    0.010477    0.064314    0.223015    6.931316 v _07650_/X (sky130_fd_sc_hd__a21o_1)
                                                         _00130_ (net)
                      0.064314    0.000199    6.931516 v _07652_/A2 (sky130_fd_sc_hd__a211o_1)
     3    0.010554    0.082567    0.336652    7.268168 v _07652_/X (sky130_fd_sc_hd__a211o_1)
                                                         _00132_ (net)
                      0.082567    0.000151    7.268319 v _07654_/A2 (sky130_fd_sc_hd__a21o_1)
     2    0.007193    0.051906    0.207276    7.475595 v _07654_/X (sky130_fd_sc_hd__a21o_1)
                                                         _00134_ (net)
                      0.051906    0.000109    7.475704 v _07656_/A2 (sky130_fd_sc_hd__a211oi_1)
     3    0.008124    0.337564    0.339851    7.815555 ^ _07656_/Y (sky130_fd_sc_hd__a211oi_1)
                                                         _00136_ (net)
                      0.337564    0.000029    7.815584 ^ _07658_/A2 (sky130_fd_sc_hd__o21ai_1)
     2    0.006163    0.086572    0.129103    7.944687 v _07658_/Y (sky130_fd_sc_hd__o21ai_1)
                                                         _00138_ (net)
                      0.086572    0.000085    7.944772 v _07659_/C (sky130_fd_sc_hd__and3_1)
     4    0.009553    0.065098    0.225397    8.170169 v _07659_/X (sky130_fd_sc_hd__and3_1)
                                                         _00139_ (net)
                      0.065098    0.000065    8.170234 v _07663_/A (sky130_fd_sc_hd__or3_1)
     2    0.004318    0.073723    0.381189    8.551423 v _07663_/X (sky130_fd_sc_hd__or3_1)
                                                         _00143_ (net)
                      0.073723    0.000031    8.551454 v _07812_/B (sky130_fd_sc_hd__and2b_1)
     1    0.004420    0.040473    0.171713    8.723167 v _07812_/X (sky130_fd_sc_hd__and2b_1)
                                                         _00291_ (net)
                      0.040473    0.000037    8.723205 v _07813_/B (sky130_fd_sc_hd__xor2_1)
     1    0.002492    0.045386    0.132633    8.855837 v _07813_/X (sky130_fd_sc_hd__xor2_1)
                                                         _00053_ (net)
                      0.045386    0.000014    8.855851 v _13694_/D (sky130_fd_sc_hd__dfrtp_1)
                                              8.855851   data arrival time

                                 15.000000   15.000000   clock clk (rise edge)
                                  0.000000   15.000000   clock source latency
     1    0.046681    0.214570    0.152157   15.152157 ^ clk (in)
                                                         clk (net)
                      0.215027    0.000000   15.152157 ^ clkbuf_0_clk/A (sky130_fd_sc_hd__clkbuf_16)
     8    0.151713    0.163939    0.277307   15.429464 ^ clkbuf_0_clk/X (sky130_fd_sc_hd__clkbuf_16)
                                                         clknet_0_clk (net)
                      0.164269    0.005153   15.434618 ^ clkbuf_3_1__f_clk/A (sky130_fd_sc_hd__clkbuf_16)
     7    0.047063    0.066928    0.187974   15.622592 ^ clkbuf_3_1__f_clk/X (sky130_fd_sc_hd__clkbuf_16)
                                                         clknet_3_1__leaf_clk (net)
                      0.066969    0.001451   15.624043 ^ _13694_/CLK (sky130_fd_sc_hd__dfrtp_1)
                                 -0.250000   15.374043   clock uncertainty
                                  0.000000   15.374043   clock reconvergence pessimism
                                 -0.109415   15.264629   library setup time
                                             15.264629   data required time
---------------------------------------------------------------------------------------------
                                             15.264629   data required time
                                             -8.855851   data arrival time
---------------------------------------------------------------------------------------------
                                              6.408778   slack (MET)


Startpoint: x0[4] (input port clocked by clk)
Endpoint: _13643_ (rising edge-triggered flip-flop clocked by clk)
Path Group: clk
Path Type: max

Fanout         Cap        Slew       Delay        Time   Description
---------------------------------------------------------------------------------------------
                                  0.000000    0.000000   clock clk (rise edge)
                                  0.000000    0.000000   clock network delay (propagated)
                                  3.000000    3.000000 ^ input external delay
     1    0.002790    0.019689    0.010262    3.010262 ^ x0[4] (in)
                                                         x0[4] (net)
                      0.019689    0.000000    3.010262 ^ input134/A (sky130_fd_sc_hd__buf_1)
     1    0.012047    0.147881    0.144966    3.155227 ^ input134/X (sky130_fd_sc_hd__buf_1)
                                                         net134 (net)
                      0.147883    0.000424    3.155652 ^ fanout626/A (sky130_fd_sc_hd__buf_4)
     7    0.082821    0.230024    0.280852    3.436504 ^ fanout626/X (sky130_fd_sc_hd__buf_4)
                                                         net626 (net)
                      0.230079    0.002957    3.439460 ^ fanout625/A (sky130_fd_sc_hd__buf_2)
     7    0.035079    0.174443    0.258531    3.697991 ^ fanout625/X (sky130_fd_sc_hd__buf_2)
                                                         net625 (net)
                      0.174443    0.000325    3.698316 ^ fanout624/A (sky130_fd_sc_hd__clkbuf_4)
    10    0.050875    0.157991    0.264746    3.963062 ^ fanout624/X (sky130_fd_sc_hd__clkbuf_4)
                                                         net624 (net)
                      0.158162    0.003237    3.966299 ^ _12254_/B (sky130_fd_sc_hd__and4_1)
     2    0.004661    0.071556    0.216276    4.182575 ^ _12254_/X (sky130_fd_sc_hd__and4_1)
                                                         _05020_ (net)
                      0.071556    0.000036    4.182611 ^ _12256_/A_N (sky130_fd_sc_hd__and2b_1)
     1    0.005131    0.043357    0.187644    4.370255 v _12256_/X (sky130_fd_sc_hd__and2b_1)
                                                         _05022_ (net)
                      0.043357    0.000051    4.370306 v _12257_/B (sky130_fd_sc_hd__xnor2_1)
     3    0.009852    0.253280    0.232392    4.602698 ^ _12257_/Y (sky130_fd_sc_hd__xnor2_1)
                                                         _05023_ (net)
                      0.253280    0.000151    4.602849 ^ _12266_/A (sky130_fd_sc_hd__nand3_1)
     3    0.007289    0.118763    0.150183    4.753031 v _12266_/Y (sky130_fd_sc_hd__nand3_1)
                                                         _05033_ (net)
                      0.118763    0.000048    4.753079 v _12269_/A (sky130_fd_sc_hd__and3_1)
     2    0.005674    0.049033    0.185629    4.938708 v _12269_/X (sky130_fd_sc_hd__and3_1)
                                                         _05037_ (net)
                      0.049033    0.000056    4.938764 v _12272_/A (sky130_fd_sc_hd__or3_4)
     4    0.016983    0.087822    0.416915    5.355679 v _12272_/X (sky130_fd_sc_hd__or3_4)
                                                         _05040_ (net)
                      0.087822    0.000165    5.355844 v _12275_/A (sky130_fd_sc_hd__and3_4)
     4    0.021725    0.053200    0.190836    5.546680 v _12275_/X (sky130_fd_sc_hd__and3_4)
                                                         _05043_ (net)
                      0.053200    0.000052    5.546732 v _12278_/A1 (sky130_fd_sc_hd__o21a_4)
     2    0.015451    0.048027    0.231759    5.778491 v _12278_/X (sky130_fd_sc_hd__o21a_4)
                                                         _05047_ (net)
                      0.048029    0.000415    5.778906 v _12280_/A2 (sky130_fd_sc_hd__o211a_1)
     3    0.007586    0.060532    0.226109    6.005016 v _12280_/X (sky130_fd_sc_hd__o211a_1)
                                                         _05049_ (net)
                      0.060532    0.000028    6.005044 v _12282_/C (sky130_fd_sc_hd__or3_4)
     2    0.008074    0.071568    0.338289    6.343332 v _12282_/X (sky130_fd_sc_hd__or3_4)
                                                         _05051_ (net)
                      0.071568    0.000071    6.343402 v _12284_/B1 (sky130_fd_sc_hd__o211a_4)
     4    0.014656    0.052319    0.163505    6.506907 v _12284_/X (sky130_fd_sc_hd__o211a_4)
                                                         _05053_ (net)
                      0.052319    0.000092    6.506999 v _12288_/B (sky130_fd_sc_hd__or4_4)
     2    0.011017    0.095903    0.531009    7.038008 v _12288_/X (sky130_fd_sc_hd__or4_4)
                                                         _05058_ (net)
                      0.095903    0.000102    7.038110 v _12426_/A1 (sky130_fd_sc_hd__a211o_4)
     4    0.012118    0.060826    0.353108    7.391218 v _12426_/X (sky130_fd_sc_hd__a211o_4)
                                                         _05208_ (net)
                      0.060826    0.000118    7.391336 v _12429_/A2 (sky130_fd_sc_hd__a211o_1)
     2    0.010569    0.082693    0.335381    7.726717 v _12429_/X (sky130_fd_sc_hd__a211o_1)
                                                         _05212_ (net)
                      0.082693    0.000204    7.726922 v _12431_/A1 (sky130_fd_sc_hd__a211o_1)
     2    0.005040    0.057901    0.277461    8.004382 v _12431_/X (sky130_fd_sc_hd__a211o_1)
                                                         _05214_ (net)
                      0.057901    0.000024    8.004406 v _12433_/B2 (sky130_fd_sc_hd__a22o_1)
     2    0.008260    0.065128    0.226911    8.231318 v _12433_/X (sky130_fd_sc_hd__a22o_1)
                                                         _05216_ (net)
                      0.065128    0.000067    8.231384 v _12593_/A1 (sky130_fd_sc_hd__a21oi_2)
     3    0.011579    0.167591    0.187161    8.418545 ^ _12593_/Y (sky130_fd_sc_hd__a21oi_2)
                                                         _05391_ (net)
                      0.167591    0.000123    8.418669 ^ _12755_/A1 (sky130_fd_sc_hd__o21ba_4)
     3    0.008465    0.048069    0.174317    8.592986 ^ _12755_/X (sky130_fd_sc_hd__o21ba_4)
                                                         _05567_ (net)
                      0.048069    0.000109    8.593096 ^ _12756_/B (sky130_fd_sc_hd__nor2_1)
     3    0.007257    0.045316    0.052187    8.645282 v _12756_/Y (sky130_fd_sc_hd__nor2_1)
                                                         _05568_ (net)
                      0.045316    0.000052    8.645334 v _12905_/B (sky130_fd_sc_hd__nor2_1)
     1    0.005671    0.122117    0.117186    8.762521 ^ _12905_/Y (sky130_fd_sc_hd__nor2_1)
                                                         _05731_ (net)
                      0.122117    0.000065    8.762586 ^ _12906_/B (sky130_fd_sc_hd__xnor2_1)
     1    0.002439    0.110978    0.124291    8.886876 ^ _12906_/Y (sky130_fd_sc_hd__xnor2_1)
                                                         _00039_ (net)
                      0.110978    0.000023    8.886899 ^ _13643_/D (sky130_fd_sc_hd__dfrtp_1)
                                              8.886899   data arrival time

                                 15.000000   15.000000   clock clk (rise edge)
                                  0.000000   15.000000   clock source latency
     1    0.046681    0.214570    0.152157   15.152157 ^ clk (in)
                                                         clk (net)
                      0.215027    0.000000   15.152157 ^ clkbuf_0_clk/A (sky130_fd_sc_hd__clkbuf_16)
     8    0.151713    0.163939    0.277307   15.429464 ^ clkbuf_0_clk/X (sky130_fd_sc_hd__clkbuf_16)
                                                         clknet_0_clk (net)
                      0.164055    0.001929   15.431394 ^ clkbuf_3_4__f_clk/A (sky130_fd_sc_hd__clkbuf_16)
     7    0.046679    0.066586    0.187727   15.619121 ^ clkbuf_3_4__f_clk/X (sky130_fd_sc_hd__clkbuf_16)
                                                         clknet_3_4__leaf_clk (net)
                      0.066612    0.001224   15.620344 ^ _13643_/CLK (sky130_fd_sc_hd__dfrtp_1)
                                 -0.250000   15.370345   clock uncertainty
                                  0.000000   15.370345   clock reconvergence pessimism
                                 -0.071740   15.298606   library setup time
                                             15.298606   data required time
---------------------------------------------------------------------------------------------
                                             15.298606   data required time
                                             -8.886899   data arrival time
---------------------------------------------------------------------------------------------
                                              6.411706   slack (MET)


Startpoint: x0[4] (input port clocked by clk)
Endpoint: _13659_ (rising edge-triggered flip-flop clocked by clk)
Path Group: clk
Path Type: max

Fanout         Cap        Slew       Delay        Time   Description
---------------------------------------------------------------------------------------------
                                  0.000000    0.000000   clock clk (rise edge)
                                  0.000000    0.000000   clock network delay (propagated)
                                  3.000000    3.000000 ^ input external delay
     1    0.002790    0.019689    0.010262    3.010262 ^ x0[4] (in)
                                                         x0[4] (net)
                      0.019689    0.000000    3.010262 ^ input134/A (sky130_fd_sc_hd__buf_1)
     1    0.012047    0.147881    0.144966    3.155227 ^ input134/X (sky130_fd_sc_hd__buf_1)
                                                         net134 (net)
                      0.147883    0.000424    3.155652 ^ fanout626/A (sky130_fd_sc_hd__buf_4)
     7    0.082821    0.230024    0.280852    3.436504 ^ fanout626/X (sky130_fd_sc_hd__buf_4)
                                                         net626 (net)
                      0.230079    0.002957    3.439460 ^ fanout625/A (sky130_fd_sc_hd__buf_2)
     7    0.035079    0.174443    0.258531    3.697991 ^ fanout625/X (sky130_fd_sc_hd__buf_2)
                                                         net625 (net)
                      0.174443    0.000325    3.698316 ^ fanout624/A (sky130_fd_sc_hd__clkbuf_4)
    10    0.050875    0.157991    0.264746    3.963062 ^ fanout624/X (sky130_fd_sc_hd__clkbuf_4)
                                                         net624 (net)
                      0.157991    0.000170    3.963232 ^ _08850_/B (sky130_fd_sc_hd__and4_1)
     2    0.004557    0.070709    0.215405    4.178637 ^ _08850_/X (sky130_fd_sc_hd__and4_1)
                                                         _01316_ (net)
                      0.070709    0.000035    4.178671 ^ _08852_/A_N (sky130_fd_sc_hd__and2b_1)
     1    0.005165    0.043502    0.187566    4.366238 v _08852_/X (sky130_fd_sc_hd__and2b_1)
                                                         _01318_ (net)
                      0.043502    0.000032    4.366270 v _08853_/B (sky130_fd_sc_hd__xnor2_1)
     3    0.011929    0.303625    0.263758    4.630028 ^ _08853_/Y (sky130_fd_sc_hd__xnor2_1)
                                                         _01319_ (net)
                      0.303625    0.000126    4.630154 ^ _08862_/A (sky130_fd_sc_hd__nand3_2)
     3    0.007882    0.104786    0.126064    4.756218 v _08862_/Y (sky130_fd_sc_hd__nand3_2)
                                                         _01328_ (net)
                      0.104786    0.000044    4.756263 v _08865_/B (sky130_fd_sc_hd__and3_1)
     2    0.006796    0.054092    0.205428    4.961690 v _08865_/X (sky130_fd_sc_hd__and3_1)
                                                         _01331_ (net)
                      0.054092    0.000068    4.961759 v _08868_/A (sky130_fd_sc_hd__or3_4)
     4    0.019957    0.091150    0.424361    5.386119 v _08868_/X (sky130_fd_sc_hd__or3_4)
                                                         _01334_ (net)
                      0.091150    0.000478    5.386598 v _08871_/A (sky130_fd_sc_hd__and3_4)
     4    0.021825    0.053304    0.192405    5.579003 v _08871_/X (sky130_fd_sc_hd__and3_4)
                                                         _01337_ (net)
                      0.053304    0.000236    5.579238 v _08874_/A1 (sky130_fd_sc_hd__o21a_4)
     2    0.012804    0.044646    0.226605    5.805844 v _08874_/X (sky130_fd_sc_hd__o21a_4)
                                                         _01340_ (net)
                      0.044646    0.000142    5.805985 v _08876_/A2 (sky130_fd_sc_hd__o211a_1)
     3    0.009089    0.066651    0.232738    6.038723 v _08876_/X (sky130_fd_sc_hd__o211a_1)
                                                         _01342_ (net)
                      0.066651    0.000121    6.038844 v _08878_/A (sky130_fd_sc_hd__or3_4)
     2    0.007160    0.070174    0.394472    6.433316 v _08878_/X (sky130_fd_sc_hd__or3_4)
                                                         _01345_ (net)
                      0.070174    0.000065    6.433382 v _08880_/B1 (sky130_fd_sc_hd__o211a_4)
     4    0.014443    0.052035    0.162410    6.595791 v _08880_/X (sky130_fd_sc_hd__o211a_4)
                                                         _01347_ (net)
                      0.052035    0.000258    6.596049 v _08884_/B (sky130_fd_sc_hd__or4_4)
     2    0.009983    0.094054    0.527201    7.123250 v _08884_/X (sky130_fd_sc_hd__or4_4)
                                                         _01351_ (net)
                      0.094054    0.000093    7.123343 v _09024_/A1 (sky130_fd_sc_hd__a211o_4)
     4    0.013156    0.062568    0.355077    7.478420 v _09024_/X (sky130_fd_sc_hd__a211o_4)
                                                         _01504_ (net)
                      0.062568    0.000090    7.478509 v _09027_/A2 (sky130_fd_sc_hd__a211o_1)
     2    0.007556    0.070543    0.319947    7.798456 v _09027_/X (sky130_fd_sc_hd__a211o_1)
                                                         _01507_ (net)
                      0.070543    0.000052    7.798509 v _09029_/A1 (sky130_fd_sc_hd__a211o_1)
     2    0.007568    0.070279    0.287519    8.086028 v _09029_/X (sky130_fd_sc_hd__a211o_1)
                                                         _01510_ (net)
                      0.070279    0.000129    8.086157 v _09031_/B2 (sky130_fd_sc_hd__a2bb2o_4)
     2    0.005197    0.035652    0.208335    8.294492 v _09031_/X (sky130_fd_sc_hd__a2bb2o_4)
                                                         _01512_ (net)
                      0.035652    0.000044    8.294535 v _09191_/A2 (sky130_fd_sc_hd__a21o_1)
     2    0.015735    0.085752    0.221665    8.516200 v _09191_/X (sky130_fd_sc_hd__a21o_1)
                                                         _01686_ (net)
                      0.085752    0.000384    8.516584 v _09351_/A1 (sky130_fd_sc_hd__a21oi_4)
     4    0.018366    0.173762    0.192767    8.709351 ^ _09351_/Y (sky130_fd_sc_hd__a21oi_4)
                                                         _01861_ (net)
                      0.173762    0.000286    8.709637 ^ _09352_/B (sky130_fd_sc_hd__xor2_1)
     1    0.003305    0.120421    0.165034    8.874671 ^ _09352_/X (sky130_fd_sc_hd__xor2_1)
                                                         _00066_ (net)
                      0.120421    0.000043    8.874714 ^ _13659_/D (sky130_fd_sc_hd__dfrtp_1)
                                              8.874714   data arrival time

                                 15.000000   15.000000   clock clk (rise edge)
                                  0.000000   15.000000   clock source latency
     1    0.046681    0.214570    0.152157   15.152157 ^ clk (in)
                                                         clk (net)
                      0.215027    0.000000   15.152157 ^ clkbuf_0_clk/A (sky130_fd_sc_hd__clkbuf_16)
     8    0.151713    0.163939    0.277307   15.429464 ^ clkbuf_0_clk/X (sky130_fd_sc_hd__clkbuf_16)
                                                         clknet_0_clk (net)
                      0.164105    0.003027   15.432491 ^ clkbuf_3_7__f_clk/A (sky130_fd_sc_hd__clkbuf_16)
    10    0.044032    0.064196    0.185526   15.618017 ^ clkbuf_3_7__f_clk/X (sky130_fd_sc_hd__clkbuf_16)
                                                         clknet_3_7__leaf_clk (net)
                      0.064245    0.001551   15.619568 ^ _13659_/CLK (sky130_fd_sc_hd__dfrtp_1)
                                 -0.250000   15.369569   clock uncertainty
                                  0.000000   15.369569   clock reconvergence pessimism
                                 -0.074275   15.295295   library setup time
                                             15.295295   data required time
---------------------------------------------------------------------------------------------
                                             15.295295   data required time
                                             -8.874714   data arrival time
---------------------------------------------------------------------------------------------
                                              6.420581   slack (MET)


Startpoint: x3[1] (input port clocked by clk)
Endpoint: _13677_ (rising edge-triggered flip-flop clocked by clk)
Path Group: clk
Path Type: max

Fanout         Cap        Slew       Delay        Time   Description
---------------------------------------------------------------------------------------------
                                  0.000000    0.000000   clock clk (rise edge)
                                  0.000000    0.000000   clock network delay (propagated)
                                  3.000000    3.000000 ^ input external delay
     1    0.002740    0.019477    0.010087    3.010087 ^ x3[1] (in)
                                                         x3[1] (net)
                      0.019477    0.000000    3.010087 ^ input155/A (sky130_fd_sc_hd__buf_1)
     1    0.008584    0.108601    0.117685    3.127772 ^ input155/X (sky130_fd_sc_hd__buf_1)
                                                         net155 (net)
                      0.108602    0.000338    3.128110 ^ fanout465/A (sky130_fd_sc_hd__clkbuf_4)
     6    0.085065    0.256095    0.308528    3.436638 ^ fanout465/X (sky130_fd_sc_hd__clkbuf_4)
                                                         net465 (net)
                      0.256095    0.000343    3.436981 ^ fanout460/A (sky130_fd_sc_hd__buf_4)
     8    0.088138    0.243342    0.318951    3.755933 ^ fanout460/X (sky130_fd_sc_hd__buf_4)
                                                         net460 (net)
                      0.243345    0.000760    3.756693 ^ fanout458/A (sky130_fd_sc_hd__buf_2)
    10    0.043710    0.215075    0.289268    4.045961 ^ fanout458/X (sky130_fd_sc_hd__buf_2)
                                                         net458 (net)
                      0.215200    0.002848    4.048809 ^ _10367_/A (sky130_fd_sc_hd__and4_1)
     2    0.004736    0.071873    0.224949    4.273757 ^ _10367_/X (sky130_fd_sc_hd__and4_1)
                                                         _02963_ (net)
                      0.071873    0.000039    4.273796 ^ _10369_/A_N (sky130_fd_sc_hd__and2b_1)
     1    0.005009    0.042864    0.187173    4.460969 v _10369_/X (sky130_fd_sc_hd__and2b_1)
                                                         _02966_ (net)
                      0.042864    0.000048    4.461018 v _10370_/B (sky130_fd_sc_hd__xnor2_1)
     2    0.008419    0.224655    0.210681    4.671699 ^ _10370_/Y (sky130_fd_sc_hd__xnor2_1)
                                                         _02967_ (net)
                      0.224655    0.000111    4.671810 ^ _10377_/A (sky130_fd_sc_hd__xor2_1)
     2    0.007803    0.199252    0.232157    4.903966 ^ _10377_/X (sky130_fd_sc_hd__xor2_1)
                                                         _02974_ (net)
                      0.199252    0.000080    4.904046 ^ _10379_/B (sky130_fd_sc_hd__xnor2_1)
     2    0.004652    0.061180    0.102367    5.006413 v _10379_/Y (sky130_fd_sc_hd__xnor2_1)
                                                         _02977_ (net)
                      0.061180    0.000027    5.006440 v _10382_/A (sky130_fd_sc_hd__and2_1)
     3    0.009878    0.063885    0.170454    5.176894 v _10382_/X (sky130_fd_sc_hd__and2_1)
                                                         _02980_ (net)
                      0.063885    0.000027    5.176921 v _10384_/A (sky130_fd_sc_hd__or2_1)
     3    0.007954    0.072361    0.258025    5.434946 v _10384_/X (sky130_fd_sc_hd__or2_1)
                                                         _02982_ (net)
                      0.072361    0.000022    5.434968 v _10424_/A (sky130_fd_sc_hd__or3_4)
     2    0.006936    0.069779    0.395931    5.830900 v _10424_/X (sky130_fd_sc_hd__or3_4)
                                                         _03026_ (net)
                      0.069779    0.000058    5.830958 v _10568_/A2 (sky130_fd_sc_hd__a211oi_2)
     5    0.017064    0.352659    0.375590    6.206548 ^ _10568_/Y (sky130_fd_sc_hd__a211oi_2)
                                                         _03184_ (net)
                      0.352659    0.000140    6.206688 ^ _10572_/A1 (sky130_fd_sc_hd__o21ai_1)
     2    0.006589    0.099176    0.154186    6.360874 v _10572_/Y (sky130_fd_sc_hd__o21ai_1)
                                                         _03188_ (net)
                      0.099176    0.000069    6.360943 v _10573_/C1 (sky130_fd_sc_hd__o211a_1)
     4    0.014386    0.088254    0.177852    6.538795 v _10573_/X (sky130_fd_sc_hd__o211a_1)
                                                         _03189_ (net)
                      0.088254    0.000260    6.539054 v _10577_/C (sky130_fd_sc_hd__or4_4)
     2    0.007245    0.089184    0.497743    7.036798 v _10577_/X (sky130_fd_sc_hd__or4_4)
                                                         _03193_ (net)
                      0.089184    0.000071    7.036869 v _10717_/A1 (sky130_fd_sc_hd__a211o_4)
     3    0.012481    0.061464    0.351445    7.388314 v _10717_/X (sky130_fd_sc_hd__a211o_4)
                                                         _03346_ (net)
                      0.061464    0.000147    7.388461 v _10720_/B1 (sky130_fd_sc_hd__o211a_1)
     3    0.009546    0.067740    0.159758    7.548219 v _10720_/X (sky130_fd_sc_hd__o211a_1)
                                                         _03350_ (net)
                      0.067740    0.000099    7.548319 v _10722_/C1 (sky130_fd_sc_hd__a211o_1)
     4    0.011900    0.087574    0.279320    7.827638 v _10722_/X (sky130_fd_sc_hd__a211o_1)
                                                         _03352_ (net)
                      0.087574    0.000086    7.827724 v _10725_/B1 (sky130_fd_sc_hd__a22o_1)
     2    0.005097    0.050541    0.202316    8.030040 v _10725_/X (sky130_fd_sc_hd__a22o_1)
                                                         _03355_ (net)
                      0.050541    0.000043    8.030083 v _10887_/A1 (sky130_fd_sc_hd__a21oi_1)
     3    0.008840    0.216171    0.204992    8.235074 ^ _10887_/Y (sky130_fd_sc_hd__a21oi_1)
                                                         _03532_ (net)
                      0.216171    0.000109    8.235184 ^ _11049_/A2 (sky130_fd_sc_hd__o21ba_1)
     3    0.010248    0.110540    0.196230    8.431413 ^ _11049_/X (sky130_fd_sc_hd__o21ba_1)
                                                         _03710_ (net)
                      0.110540    0.000191    8.431604 ^ _11050_/B (sky130_fd_sc_hd__nor2_1)
     3    0.008155    0.075222    0.076042    8.507647 v _11050_/Y (sky130_fd_sc_hd__nor2_1)
                                                         _03711_ (net)
                      0.075222    0.000094    8.507741 v _11197_/B1_N (sky130_fd_sc_hd__o21ba_1)
     1    0.004855    0.065178    0.232519    8.740259 ^ _11197_/X (sky130_fd_sc_hd__o21ba_1)
                                                         _03871_ (net)
                      0.065178    0.000020    8.740279 ^ _11198_/B (sky130_fd_sc_hd__xnor2_1)
     1    0.002733    0.114449    0.109641    8.849920 ^ _11198_/Y (sky130_fd_sc_hd__xnor2_1)
                                                         _00025_ (net)
                      0.114449    0.000029    8.849950 ^ _13677_/D (sky130_fd_sc_hd__dfrtp_1)
                                              8.849950   data arrival time

                                 15.000000   15.000000   clock clk (rise edge)
                                  0.000000   15.000000   clock source latency
     1    0.046681    0.214570    0.152157   15.152157 ^ clk (in)
                                                         clk (net)
                      0.215027    0.000000   15.152157 ^ clkbuf_0_clk/A (sky130_fd_sc_hd__clkbuf_16)
     8    0.151713    0.163939    0.277307   15.429464 ^ clkbuf_0_clk/X (sky130_fd_sc_hd__clkbuf_16)
                                                         clknet_0_clk (net)
                      0.164263    0.005095   15.434559 ^ clkbuf_3_2__f_clk/A (sky130_fd_sc_hd__clkbuf_16)
    10    0.037474    0.058340    0.180398   15.614957 ^ clkbuf_3_2__f_clk/X (sky130_fd_sc_hd__clkbuf_16)
                                                         clknet_3_2__leaf_clk (net)
                      0.058597    0.002794   15.617751 ^ _13677_/CLK (sky130_fd_sc_hd__dfrtp_1)
                                 -0.250000   15.367752   clock uncertainty
                                  0.000000   15.367752   clock reconvergence pessimism
                                 -0.073773   15.293980   library setup time
                                             15.293980   data required time
---------------------------------------------------------------------------------------------
                                             15.293980   data required time
                                             -8.849950   data arrival time
---------------------------------------------------------------------------------------------
                                              6.444030   slack (MET)


Startpoint: x0[4] (input port clocked by clk)
Endpoint: _13642_ (rising edge-triggered flip-flop clocked by clk)
Path Group: clk
Path Type: max

Fanout         Cap        Slew       Delay        Time   Description
---------------------------------------------------------------------------------------------
                                  0.000000    0.000000   clock clk (rise edge)
                                  0.000000    0.000000   clock network delay (propagated)
                                  3.000000    3.000000 ^ input external delay
     1    0.002790    0.019689    0.010262    3.010262 ^ x0[4] (in)
                                                         x0[4] (net)
                      0.019689    0.000000    3.010262 ^ input134/A (sky130_fd_sc_hd__buf_1)
     1    0.012047    0.147881    0.144966    3.155227 ^ input134/X (sky130_fd_sc_hd__buf_1)
                                                         net134 (net)
                      0.147883    0.000424    3.155652 ^ fanout626/A (sky130_fd_sc_hd__buf_4)
     7    0.082821    0.230024    0.280852    3.436504 ^ fanout626/X (sky130_fd_sc_hd__buf_4)
                                                         net626 (net)
                      0.230079    0.002957    3.439460 ^ fanout625/A (sky130_fd_sc_hd__buf_2)
     7    0.035079    0.174443    0.258531    3.697991 ^ fanout625/X (sky130_fd_sc_hd__buf_2)
                                                         net625 (net)
                      0.174443    0.000325    3.698316 ^ fanout624/A (sky130_fd_sc_hd__clkbuf_4)
    10    0.050875    0.157991    0.264746    3.963062 ^ fanout624/X (sky130_fd_sc_hd__clkbuf_4)
                                                         net624 (net)
                      0.158162    0.003237    3.966299 ^ _12254_/B (sky130_fd_sc_hd__and4_1)
     2    0.004661    0.071556    0.216276    4.182575 ^ _12254_/X (sky130_fd_sc_hd__and4_1)
                                                         _05020_ (net)
                      0.071556    0.000036    4.182611 ^ _12256_/A_N (sky130_fd_sc_hd__and2b_1)
     1    0.005131    0.043357    0.187644    4.370255 v _12256_/X (sky130_fd_sc_hd__and2b_1)
                                                         _05022_ (net)
                      0.043357    0.000051    4.370306 v _12257_/B (sky130_fd_sc_hd__xnor2_1)
     3    0.009852    0.253280    0.232392    4.602698 ^ _12257_/Y (sky130_fd_sc_hd__xnor2_1)
                                                         _05023_ (net)
                      0.253280    0.000151    4.602849 ^ _12266_/A (sky130_fd_sc_hd__nand3_1)
     3    0.007289    0.118763    0.150183    4.753031 v _12266_/Y (sky130_fd_sc_hd__nand3_1)
                                                         _05033_ (net)
                      0.118763    0.000048    4.753079 v _12269_/A (sky130_fd_sc_hd__and3_1)
     2    0.005674    0.049033    0.185629    4.938708 v _12269_/X (sky130_fd_sc_hd__and3_1)
                                                         _05037_ (net)
                      0.049033    0.000056    4.938764 v _12272_/A (sky130_fd_sc_hd__or3_4)
     4    0.016983    0.087822    0.416915    5.355679 v _12272_/X (sky130_fd_sc_hd__or3_4)
                                                         _05040_ (net)
                      0.087822    0.000165    5.355844 v _12275_/A (sky130_fd_sc_hd__and3_4)
     4    0.021725    0.053200    0.190836    5.546680 v _12275_/X (sky130_fd_sc_hd__and3_4)
                                                         _05043_ (net)
                      0.053200    0.000052    5.546732 v _12278_/A1 (sky130_fd_sc_hd__o21a_4)
     2    0.015451    0.048027    0.231759    5.778491 v _12278_/X (sky130_fd_sc_hd__o21a_4)
                                                         _05047_ (net)
                      0.048029    0.000415    5.778906 v _12280_/A2 (sky130_fd_sc_hd__o211a_1)
     3    0.007586    0.060532    0.226109    6.005016 v _12280_/X (sky130_fd_sc_hd__o211a_1)
                                                         _05049_ (net)
                      0.060532    0.000028    6.005044 v _12282_/C (sky130_fd_sc_hd__or3_4)
     2    0.008074    0.071568    0.338289    6.343332 v _12282_/X (sky130_fd_sc_hd__or3_4)
                                                         _05051_ (net)
                      0.071568    0.000071    6.343402 v _12284_/B1 (sky130_fd_sc_hd__o211a_4)
     4    0.014656    0.052319    0.163505    6.506907 v _12284_/X (sky130_fd_sc_hd__o211a_4)
                                                         _05053_ (net)
                      0.052319    0.000092    6.506999 v _12288_/B (sky130_fd_sc_hd__or4_4)
     2    0.011017    0.095903    0.531009    7.038008 v _12288_/X (sky130_fd_sc_hd__or4_4)
                                                         _05058_ (net)
                      0.095903    0.000102    7.038110 v _12426_/A1 (sky130_fd_sc_hd__a211o_4)
     4    0.012118    0.060826    0.353108    7.391218 v _12426_/X (sky130_fd_sc_hd__a211o_4)
                                                         _05208_ (net)
                      0.060826    0.000118    7.391336 v _12429_/A2 (sky130_fd_sc_hd__a211o_1)
     2    0.010569    0.082693    0.335381    7.726717 v _12429_/X (sky130_fd_sc_hd__a211o_1)
                                                         _05212_ (net)
                      0.082693    0.000204    7.726922 v _12431_/A1 (sky130_fd_sc_hd__a211o_1)
     2    0.005040    0.057901    0.277461    8.004382 v _12431_/X (sky130_fd_sc_hd__a211o_1)
                                                         _05214_ (net)
                      0.057901    0.000024    8.004406 v _12433_/B2 (sky130_fd_sc_hd__a22o_1)
     2    0.008260    0.065128    0.226911    8.231318 v _12433_/X (sky130_fd_sc_hd__a22o_1)
                                                         _05216_ (net)
                      0.065128    0.000067    8.231384 v _12593_/A1 (sky130_fd_sc_hd__a21oi_2)
     3    0.011579    0.167591    0.187161    8.418545 ^ _12593_/Y (sky130_fd_sc_hd__a21oi_2)
                                                         _05391_ (net)
                      0.167591    0.000123    8.418669 ^ _12755_/A1 (sky130_fd_sc_hd__o21ba_4)
     3    0.008465    0.048069    0.174317    8.592986 ^ _12755_/X (sky130_fd_sc_hd__o21ba_4)
                                                         _05567_ (net)
                      0.048069    0.000111    8.593097 ^ _12757_/B (sky130_fd_sc_hd__and2_1)
     1    0.003053    0.048365    0.117502    8.710600 ^ _12757_/X (sky130_fd_sc_hd__and2_1)
                                                         _05569_ (net)
                      0.048365    0.000017    8.710616 ^ _12758_/B (sky130_fd_sc_hd__nor2_1)
     1    0.002235    0.043102    0.034750    8.745366 v _12758_/Y (sky130_fd_sc_hd__nor2_1)
                                                         _00038_ (net)
                      0.043102    0.000010    8.745377 v _13642_/D (sky130_fd_sc_hd__dfrtp_1)
                                              8.745377   data arrival time

                                 15.000000   15.000000   clock clk (rise edge)
                                  0.000000   15.000000   clock source latency
     1    0.046681    0.214570    0.152157   15.152157 ^ clk (in)
                                                         clk (net)
                      0.215027    0.000000   15.152157 ^ clkbuf_0_clk/A (sky130_fd_sc_hd__clkbuf_16)
     8    0.151713    0.163939    0.277307   15.429464 ^ clkbuf_0_clk/X (sky130_fd_sc_hd__clkbuf_16)
                                                         clknet_0_clk (net)
                      0.164149    0.003729   15.433193 ^ clkbuf_3_6__f_clk/A (sky130_fd_sc_hd__clkbuf_16)
    10    0.030540    0.052499    0.175785   15.608977 ^ clkbuf_3_6__f_clk/X (sky130_fd_sc_hd__clkbuf_16)
                                                         clknet_3_6__leaf_clk (net)
                      0.052513    0.000528   15.609506 ^ _13642_/CLK (sky130_fd_sc_hd__dfrtp_1)
                                 -0.250000   15.359506   clock uncertainty
                                  0.000000   15.359506   clock reconvergence pessimism
                                 -0.111727   15.247779   library setup time
                                             15.247779   data required time
---------------------------------------------------------------------------------------------
                                             15.247779   data required time
                                             -8.745377   data arrival time
---------------------------------------------------------------------------------------------
                                              6.502402   slack (MET)


Startpoint: x0[4] (input port clocked by clk)
Endpoint: _13658_ (rising edge-triggered flip-flop clocked by clk)
Path Group: clk
Path Type: max

Fanout         Cap        Slew       Delay        Time   Description
---------------------------------------------------------------------------------------------
                                  0.000000    0.000000   clock clk (rise edge)
                                  0.000000    0.000000   clock network delay (propagated)
                                  3.000000    3.000000 ^ input external delay
     1    0.002790    0.019689    0.010262    3.010262 ^ x0[4] (in)
                                                         x0[4] (net)
                      0.019689    0.000000    3.010262 ^ input134/A (sky130_fd_sc_hd__buf_1)
     1    0.012047    0.147881    0.144966    3.155227 ^ input134/X (sky130_fd_sc_hd__buf_1)
                                                         net134 (net)
                      0.147883    0.000424    3.155652 ^ fanout626/A (sky130_fd_sc_hd__buf_4)
     7    0.082821    0.230024    0.280852    3.436504 ^ fanout626/X (sky130_fd_sc_hd__buf_4)
                                                         net626 (net)
                      0.230079    0.002957    3.439460 ^ fanout625/A (sky130_fd_sc_hd__buf_2)
     7    0.035079    0.174443    0.258531    3.697991 ^ fanout625/X (sky130_fd_sc_hd__buf_2)
                                                         net625 (net)
                      0.174443    0.000325    3.698316 ^ fanout624/A (sky130_fd_sc_hd__clkbuf_4)
    10    0.050875    0.157991    0.264746    3.963062 ^ fanout624/X (sky130_fd_sc_hd__clkbuf_4)
                                                         net624 (net)
                      0.157991    0.000170    3.963232 ^ _08850_/B (sky130_fd_sc_hd__and4_1)
     2    0.004557    0.070709    0.215405    4.178637 ^ _08850_/X (sky130_fd_sc_hd__and4_1)
                                                         _01316_ (net)
                      0.070709    0.000035    4.178671 ^ _08852_/A_N (sky130_fd_sc_hd__and2b_1)
     1    0.005165    0.043502    0.187566    4.366238 v _08852_/X (sky130_fd_sc_hd__and2b_1)
                                                         _01318_ (net)
                      0.043502    0.000032    4.366270 v _08853_/B (sky130_fd_sc_hd__xnor2_1)
     3    0.011929    0.303625    0.263758    4.630028 ^ _08853_/Y (sky130_fd_sc_hd__xnor2_1)
                                                         _01319_ (net)
                      0.303625    0.000126    4.630154 ^ _08862_/A (sky130_fd_sc_hd__nand3_2)
     3    0.007882    0.104786    0.126064    4.756218 v _08862_/Y (sky130_fd_sc_hd__nand3_2)
                                                         _01328_ (net)
                      0.104786    0.000044    4.756263 v _08865_/B (sky130_fd_sc_hd__and3_1)
     2    0.006796    0.054092    0.205428    4.961690 v _08865_/X (sky130_fd_sc_hd__and3_1)
                                                         _01331_ (net)
                      0.054092    0.000068    4.961759 v _08868_/A (sky130_fd_sc_hd__or3_4)
     4    0.019957    0.091150    0.424361    5.386119 v _08868_/X (sky130_fd_sc_hd__or3_4)
                                                         _01334_ (net)
                      0.091150    0.000478    5.386598 v _08871_/A (sky130_fd_sc_hd__and3_4)
     4    0.021825    0.053304    0.192405    5.579003 v _08871_/X (sky130_fd_sc_hd__and3_4)
                                                         _01337_ (net)
                      0.053304    0.000236    5.579238 v _08874_/A1 (sky130_fd_sc_hd__o21a_4)
     2    0.012804    0.044646    0.226605    5.805844 v _08874_/X (sky130_fd_sc_hd__o21a_4)
                                                         _01340_ (net)
                      0.044646    0.000142    5.805985 v _08876_/A2 (sky130_fd_sc_hd__o211a_1)
     3    0.009089    0.066651    0.232738    6.038723 v _08876_/X (sky130_fd_sc_hd__o211a_1)
                                                         _01342_ (net)
                      0.066651    0.000121    6.038844 v _08878_/A (sky130_fd_sc_hd__or3_4)
     2    0.007160    0.070174    0.394472    6.433316 v _08878_/X (sky130_fd_sc_hd__or3_4)
                                                         _01345_ (net)
                      0.070174    0.000065    6.433382 v _08880_/B1 (sky130_fd_sc_hd__o211a_4)
     4    0.014443    0.052035    0.162410    6.595791 v _08880_/X (sky130_fd_sc_hd__o211a_4)
                                                         _01347_ (net)
                      0.052035    0.000258    6.596049 v _08884_/B (sky130_fd_sc_hd__or4_4)
     2    0.009983    0.094054    0.527201    7.123250 v _08884_/X (sky130_fd_sc_hd__or4_4)
                                                         _01351_ (net)
                      0.094054    0.000093    7.123343 v _09024_/A1 (sky130_fd_sc_hd__a211o_4)
     4    0.013156    0.062568    0.355077    7.478420 v _09024_/X (sky130_fd_sc_hd__a211o_4)
                                                         _01504_ (net)
                      0.062568    0.000090    7.478509 v _09027_/A2 (sky130_fd_sc_hd__a211o_1)
     2    0.007556    0.070543    0.319947    7.798456 v _09027_/X (sky130_fd_sc_hd__a211o_1)
                                                         _01507_ (net)
                      0.070543    0.000052    7.798509 v _09029_/A1 (sky130_fd_sc_hd__a211o_1)
     2    0.007568    0.070279    0.287519    8.086028 v _09029_/X (sky130_fd_sc_hd__a211o_1)
                                                         _01510_ (net)
                      0.070279    0.000129    8.086157 v _09031_/B2 (sky130_fd_sc_hd__a2bb2o_4)
     2    0.005197    0.035652    0.208335    8.294492 v _09031_/X (sky130_fd_sc_hd__a2bb2o_4)
                                                         _01512_ (net)
                      0.035652    0.000044    8.294535 v _09191_/A2 (sky130_fd_sc_hd__a21o_1)
     2    0.015735    0.085752    0.221665    8.516200 v _09191_/X (sky130_fd_sc_hd__a21o_1)
                                                         _01686_ (net)
                      0.085752    0.000336    8.516536 v _09192_/B (sky130_fd_sc_hd__xor2_1)
     1    0.002927    0.076460    0.151926    8.668462 v _09192_/X (sky130_fd_sc_hd__xor2_1)
                                                         _00065_ (net)
                      0.076460    0.000035    8.668496 v _13658_/D (sky130_fd_sc_hd__dfrtp_1)
                                              8.668496   data arrival time

                                 15.000000   15.000000   clock clk (rise edge)
                                  0.000000   15.000000   clock source latency
     1    0.046681    0.214570    0.152157   15.152157 ^ clk (in)
                                                         clk (net)
                      0.215027    0.000000   15.152157 ^ clkbuf_0_clk/A (sky130_fd_sc_hd__clkbuf_16)
     8    0.151713    0.163939    0.277307   15.429464 ^ clkbuf_0_clk/X (sky130_fd_sc_hd__clkbuf_16)
                                                         clknet_0_clk (net)
                      0.164105    0.003027   15.432491 ^ clkbuf_3_7__f_clk/A (sky130_fd_sc_hd__clkbuf_16)
    10    0.044032    0.064196    0.185526   15.618017 ^ clkbuf_3_7__f_clk/X (sky130_fd_sc_hd__clkbuf_16)
                                                         clknet_3_7__leaf_clk (net)
                      0.064239    0.001467   15.619485 ^ _13658_/CLK (sky130_fd_sc_hd__dfrtp_1)
                                 -0.250000   15.369486   clock uncertainty
                                  0.000000   15.369486   clock reconvergence pessimism
                                 -0.123582   15.245905   library setup time
                                             15.245905   data required time
---------------------------------------------------------------------------------------------
                                             15.245905   data required time
                                             -8.668496   data arrival time
---------------------------------------------------------------------------------------------
                                              6.577408   slack (MET)


Startpoint: x0[4] (input port clocked by clk)
Endpoint: _13641_ (rising edge-triggered flip-flop clocked by clk)
Path Group: clk
Path Type: max

Fanout         Cap        Slew       Delay        Time   Description
---------------------------------------------------------------------------------------------
                                  0.000000    0.000000   clock clk (rise edge)
                                  0.000000    0.000000   clock network delay (propagated)
                                  3.000000    3.000000 ^ input external delay
     1    0.002790    0.019689    0.010262    3.010262 ^ x0[4] (in)
                                                         x0[4] (net)
                      0.019689    0.000000    3.010262 ^ input134/A (sky130_fd_sc_hd__buf_1)
     1    0.012047    0.147881    0.144966    3.155227 ^ input134/X (sky130_fd_sc_hd__buf_1)
                                                         net134 (net)
                      0.147883    0.000424    3.155652 ^ fanout626/A (sky130_fd_sc_hd__buf_4)
     7    0.082821    0.230024    0.280852    3.436504 ^ fanout626/X (sky130_fd_sc_hd__buf_4)
                                                         net626 (net)
                      0.230079    0.002957    3.439460 ^ fanout625/A (sky130_fd_sc_hd__buf_2)
     7    0.035079    0.174443    0.258531    3.697991 ^ fanout625/X (sky130_fd_sc_hd__buf_2)
                                                         net625 (net)
                      0.174443    0.000325    3.698316 ^ fanout624/A (sky130_fd_sc_hd__clkbuf_4)
    10    0.050875    0.157991    0.264746    3.963062 ^ fanout624/X (sky130_fd_sc_hd__clkbuf_4)
                                                         net624 (net)
                      0.158162    0.003237    3.966299 ^ _12254_/B (sky130_fd_sc_hd__and4_1)
     2    0.004661    0.071556    0.216276    4.182575 ^ _12254_/X (sky130_fd_sc_hd__and4_1)
                                                         _05020_ (net)
                      0.071556    0.000036    4.182611 ^ _12256_/A_N (sky130_fd_sc_hd__and2b_1)
     1    0.005131    0.043357    0.187644    4.370255 v _12256_/X (sky130_fd_sc_hd__and2b_1)
                                                         _05022_ (net)
                      0.043357    0.000051    4.370306 v _12257_/B (sky130_fd_sc_hd__xnor2_1)
     3    0.009852    0.253280    0.232392    4.602698 ^ _12257_/Y (sky130_fd_sc_hd__xnor2_1)
                                                         _05023_ (net)
                      0.253280    0.000151    4.602849 ^ _12266_/A (sky130_fd_sc_hd__nand3_1)
     3    0.007289    0.118763    0.150183    4.753031 v _12266_/Y (sky130_fd_sc_hd__nand3_1)
                                                         _05033_ (net)
                      0.118763    0.000048    4.753079 v _12269_/A (sky130_fd_sc_hd__and3_1)
     2    0.005674    0.049033    0.185629    4.938708 v _12269_/X (sky130_fd_sc_hd__and3_1)
                                                         _05037_ (net)
                      0.049033    0.000056    4.938764 v _12272_/A (sky130_fd_sc_hd__or3_4)
     4    0.016983    0.087822    0.416915    5.355679 v _12272_/X (sky130_fd_sc_hd__or3_4)
                                                         _05040_ (net)
                      0.087822    0.000165    5.355844 v _12275_/A (sky130_fd_sc_hd__and3_4)
     4    0.021725    0.053200    0.190836    5.546680 v _12275_/X (sky130_fd_sc_hd__and3_4)
                                                         _05043_ (net)
                      0.053200    0.000052    5.546732 v _12278_/A1 (sky130_fd_sc_hd__o21a_4)
     2    0.015451    0.048027    0.231759    5.778491 v _12278_/X (sky130_fd_sc_hd__o21a_4)
                                                         _05047_ (net)
                      0.048029    0.000415    5.778906 v _12280_/A2 (sky130_fd_sc_hd__o211a_1)
     3    0.007586    0.060532    0.226109    6.005016 v _12280_/X (sky130_fd_sc_hd__o211a_1)
                                                         _05049_ (net)
                      0.060532    0.000028    6.005044 v _12282_/C (sky130_fd_sc_hd__or3_4)
     2    0.008074    0.071568    0.338289    6.343332 v _12282_/X (sky130_fd_sc_hd__or3_4)
                                                         _05051_ (net)
                      0.071568    0.000071    6.343402 v _12284_/B1 (sky130_fd_sc_hd__o211a_4)
     4    0.014656    0.052319    0.163505    6.506907 v _12284_/X (sky130_fd_sc_hd__o211a_4)
                                                         _05053_ (net)
                      0.052319    0.000092    6.506999 v _12288_/B (sky130_fd_sc_hd__or4_4)
     2    0.011017    0.095903    0.531009    7.038008 v _12288_/X (sky130_fd_sc_hd__or4_4)
                                                         _05058_ (net)
                      0.095903    0.000102    7.038110 v _12426_/A1 (sky130_fd_sc_hd__a211o_4)
     4    0.012118    0.060826    0.353108    7.391218 v _12426_/X (sky130_fd_sc_hd__a211o_4)
                                                         _05208_ (net)
                      0.060826    0.000118    7.391336 v _12429_/A2 (sky130_fd_sc_hd__a211o_1)
     2    0.010569    0.082693    0.335381    7.726717 v _12429_/X (sky130_fd_sc_hd__a211o_1)
                                                         _05212_ (net)
                      0.082693    0.000204    7.726922 v _12431_/A1 (sky130_fd_sc_hd__a211o_1)
     2    0.005040    0.057901    0.277461    8.004382 v _12431_/X (sky130_fd_sc_hd__a211o_1)
                                                         _05214_ (net)
                      0.057901    0.000024    8.004406 v _12433_/B2 (sky130_fd_sc_hd__a22o_1)
     2    0.008260    0.065128    0.226911    8.231318 v _12433_/X (sky130_fd_sc_hd__a22o_1)
                                                         _05216_ (net)
                      0.065128    0.000067    8.231384 v _12593_/A1 (sky130_fd_sc_hd__a21oi_2)
     3    0.011579    0.167591    0.187161    8.418545 ^ _12593_/Y (sky130_fd_sc_hd__a21oi_2)
                                                         _05391_ (net)
                      0.167591    0.000108    8.418653 ^ _12594_/B1 (sky130_fd_sc_hd__o21ai_1)
     1    0.002850    0.060760    0.089774    8.508427 v _12594_/Y (sky130_fd_sc_hd__o21ai_1)
                                                         _05392_ (net)
                      0.060760    0.000018    8.508445 v _12595_/B1 (sky130_fd_sc_hd__o21a_1)
     1    0.005275    0.046226    0.117192    8.625637 v _12595_/X (sky130_fd_sc_hd__o21a_1)
                                                         _00037_ (net)
                      0.046226    0.000097    8.625734 v _13641_/D (sky130_fd_sc_hd__dfrtp_1)
                                              8.625734   data arrival time

                                 15.000000   15.000000   clock clk (rise edge)
                                  0.000000   15.000000   clock source latency
     1    0.046681    0.214570    0.152157   15.152157 ^ clk (in)
                                                         clk (net)
                      0.215027    0.000000   15.152157 ^ clkbuf_0_clk/A (sky130_fd_sc_hd__clkbuf_16)
     8    0.151713    0.163939    0.277307   15.429464 ^ clkbuf_0_clk/X (sky130_fd_sc_hd__clkbuf_16)
                                                         clknet_0_clk (net)
                      0.164149    0.003729   15.433193 ^ clkbuf_3_6__f_clk/A (sky130_fd_sc_hd__clkbuf_16)
    10    0.030540    0.052499    0.175785   15.608977 ^ clkbuf_3_6__f_clk/X (sky130_fd_sc_hd__clkbuf_16)
                                                         clknet_3_6__leaf_clk (net)
                      0.052513    0.000584   15.609562 ^ _13641_/CLK (sky130_fd_sc_hd__dfrtp_1)
                                 -0.250000   15.359563   clock uncertainty
                                  0.000000   15.359563   clock reconvergence pessimism
                                 -0.113089   15.246473   library setup time
                                             15.246473   data required time
---------------------------------------------------------------------------------------------
                                             15.246473   data required time
                                             -8.625734   data arrival time
---------------------------------------------------------------------------------------------
                                              6.620739   slack (MET)


Startpoint: x0[4] (input port clocked by clk)
Endpoint: _13657_ (rising edge-triggered flip-flop clocked by clk)
Path Group: clk
Path Type: max

Fanout         Cap        Slew       Delay        Time   Description
---------------------------------------------------------------------------------------------
                                  0.000000    0.000000   clock clk (rise edge)
                                  0.000000    0.000000   clock network delay (propagated)
                                  3.000000    3.000000 ^ input external delay
     1    0.002790    0.019689    0.010262    3.010262 ^ x0[4] (in)
                                                         x0[4] (net)
                      0.019689    0.000000    3.010262 ^ input134/A (sky130_fd_sc_hd__buf_1)
     1    0.012047    0.147881    0.144966    3.155227 ^ input134/X (sky130_fd_sc_hd__buf_1)
                                                         net134 (net)
                      0.147883    0.000424    3.155652 ^ fanout626/A (sky130_fd_sc_hd__buf_4)
     7    0.082821    0.230024    0.280852    3.436504 ^ fanout626/X (sky130_fd_sc_hd__buf_4)
                                                         net626 (net)
                      0.230079    0.002957    3.439460 ^ fanout625/A (sky130_fd_sc_hd__buf_2)
     7    0.035079    0.174443    0.258531    3.697991 ^ fanout625/X (sky130_fd_sc_hd__buf_2)
                                                         net625 (net)
                      0.174443    0.000325    3.698316 ^ fanout624/A (sky130_fd_sc_hd__clkbuf_4)
    10    0.050875    0.157991    0.264746    3.963062 ^ fanout624/X (sky130_fd_sc_hd__clkbuf_4)
                                                         net624 (net)
                      0.157991    0.000170    3.963232 ^ _08850_/B (sky130_fd_sc_hd__and4_1)
     2    0.004557    0.070709    0.215405    4.178637 ^ _08850_/X (sky130_fd_sc_hd__and4_1)
                                                         _01316_ (net)
                      0.070709    0.000035    4.178671 ^ _08852_/A_N (sky130_fd_sc_hd__and2b_1)
     1    0.005165    0.043502    0.187566    4.366238 v _08852_/X (sky130_fd_sc_hd__and2b_1)
                                                         _01318_ (net)
                      0.043502    0.000032    4.366270 v _08853_/B (sky130_fd_sc_hd__xnor2_1)
     3    0.011929    0.303625    0.263758    4.630028 ^ _08853_/Y (sky130_fd_sc_hd__xnor2_1)
                                                         _01319_ (net)
                      0.303625    0.000126    4.630154 ^ _08862_/A (sky130_fd_sc_hd__nand3_2)
     3    0.007882    0.104786    0.126064    4.756218 v _08862_/Y (sky130_fd_sc_hd__nand3_2)
                                                         _01328_ (net)
                      0.104786    0.000044    4.756263 v _08865_/B (sky130_fd_sc_hd__and3_1)
     2    0.006796    0.054092    0.205428    4.961690 v _08865_/X (sky130_fd_sc_hd__and3_1)
                                                         _01331_ (net)
                      0.054092    0.000068    4.961759 v _08868_/A (sky130_fd_sc_hd__or3_4)
     4    0.019957    0.091150    0.424361    5.386119 v _08868_/X (sky130_fd_sc_hd__or3_4)
                                                         _01334_ (net)
                      0.091150    0.000478    5.386598 v _08871_/A (sky130_fd_sc_hd__and3_4)
     4    0.021825    0.053304    0.192405    5.579003 v _08871_/X (sky130_fd_sc_hd__and3_4)
                                                         _01337_ (net)
                      0.053304    0.000236    5.579238 v _08874_/A1 (sky130_fd_sc_hd__o21a_4)
     2    0.012804    0.044646    0.226605    5.805844 v _08874_/X (sky130_fd_sc_hd__o21a_4)
                                                         _01340_ (net)
                      0.044646    0.000142    5.805985 v _08876_/A2 (sky130_fd_sc_hd__o211a_1)
     3    0.009089    0.066651    0.232738    6.038723 v _08876_/X (sky130_fd_sc_hd__o211a_1)
                                                         _01342_ (net)
                      0.066651    0.000121    6.038844 v _08878_/A (sky130_fd_sc_hd__or3_4)
     2    0.007160    0.070174    0.394472    6.433316 v _08878_/X (sky130_fd_sc_hd__or3_4)
                                                         _01345_ (net)
                      0.070174    0.000065    6.433382 v _08880_/B1 (sky130_fd_sc_hd__o211a_4)
     4    0.014443    0.052035    0.162410    6.595791 v _08880_/X (sky130_fd_sc_hd__o211a_4)
                                                         _01347_ (net)
                      0.052035    0.000258    6.596049 v _08884_/B (sky130_fd_sc_hd__or4_4)
     2    0.009983    0.094054    0.527201    7.123250 v _08884_/X (sky130_fd_sc_hd__or4_4)
                                                         _01351_ (net)
                      0.094054    0.000093    7.123343 v _09024_/A1 (sky130_fd_sc_hd__a211o_4)
     4    0.013156    0.062568    0.355077    7.478420 v _09024_/X (sky130_fd_sc_hd__a211o_4)
                                                         _01504_ (net)
                      0.062568    0.000090    7.478509 v _09027_/A2 (sky130_fd_sc_hd__a211o_1)
     2    0.007556    0.070543    0.319947    7.798456 v _09027_/X (sky130_fd_sc_hd__a211o_1)
                                                         _01507_ (net)
                      0.070543    0.000052    7.798509 v _09029_/A1 (sky130_fd_sc_hd__a211o_1)
     2    0.007568    0.070279    0.287519    8.086028 v _09029_/X (sky130_fd_sc_hd__a211o_1)
                                                         _01510_ (net)
                      0.070279    0.000095    8.086123 v _09030_/D (sky130_fd_sc_hd__and4bb_1)
     2    0.005660    0.052535    0.221749    8.307872 v _09030_/X (sky130_fd_sc_hd__and4bb_1)
                                                         _01511_ (net)
                      0.052535    0.000022    8.307894 v _09032_/A_N (sky130_fd_sc_hd__and2b_1)
     1    0.005232    0.060971    0.201013    8.508907 ^ _09032_/X (sky130_fd_sc_hd__and2b_1)
                                                         _01513_ (net)
                      0.060971    0.000060    8.508967 ^ _09035_/A (sky130_fd_sc_hd__xor2_1)
     1    0.004644    0.143509    0.156571    8.665538 ^ _09035_/X (sky130_fd_sc_hd__xor2_1)
                                                         _00064_ (net)
                      0.143509    0.000094    8.665632 ^ _13657_/D (sky130_fd_sc_hd__dfrtp_1)
                                              8.665632   data arrival time

                                 15.000000   15.000000   clock clk (rise edge)
                                  0.000000   15.000000   clock source latency
     1    0.046681    0.214570    0.152157   15.152157 ^ clk (in)
                                                         clk (net)
                      0.215027    0.000000   15.152157 ^ clkbuf_0_clk/A (sky130_fd_sc_hd__clkbuf_16)
     8    0.151713    0.163939    0.277307   15.429464 ^ clkbuf_0_clk/X (sky130_fd_sc_hd__clkbuf_16)
                                                         clknet_0_clk (net)
                      0.164105    0.003027   15.432491 ^ clkbuf_3_7__f_clk/A (sky130_fd_sc_hd__clkbuf_16)
    10    0.044032    0.064196    0.185526   15.618017 ^ clkbuf_3_7__f_clk/X (sky130_fd_sc_hd__clkbuf_16)
                                                         clknet_3_7__leaf_clk (net)
                      0.064237    0.001437   15.619454 ^ _13657_/CLK (sky130_fd_sc_hd__dfrtp_1)
                                 -0.250000   15.369455   clock uncertainty
                                  0.000000   15.369455   clock reconvergence pessimism
                                 -0.079584   15.289871   library setup time
                                             15.289871   data required time
---------------------------------------------------------------------------------------------
                                             15.289871   data required time
                                             -8.665632   data arrival time
---------------------------------------------------------------------------------------------
                                              6.624239   slack (MET)


Startpoint: x3[1] (input port clocked by clk)
Endpoint: _13676_ (rising edge-triggered flip-flop clocked by clk)
Path Group: clk
Path Type: max

Fanout         Cap        Slew       Delay        Time   Description
---------------------------------------------------------------------------------------------
                                  0.000000    0.000000   clock clk (rise edge)
                                  0.000000    0.000000   clock network delay (propagated)
                                  3.000000    3.000000 ^ input external delay
     1    0.002740    0.019477    0.010087    3.010087 ^ x3[1] (in)
                                                         x3[1] (net)
                      0.019477    0.000000    3.010087 ^ input155/A (sky130_fd_sc_hd__buf_1)
     1    0.008584    0.108601    0.117685    3.127772 ^ input155/X (sky130_fd_sc_hd__buf_1)
                                                         net155 (net)
                      0.108602    0.000338    3.128110 ^ fanout465/A (sky130_fd_sc_hd__clkbuf_4)
     6    0.085065    0.256095    0.308528    3.436638 ^ fanout465/X (sky130_fd_sc_hd__clkbuf_4)
                                                         net465 (net)
                      0.256095    0.000343    3.436981 ^ fanout460/A (sky130_fd_sc_hd__buf_4)
     8    0.088138    0.243342    0.318951    3.755933 ^ fanout460/X (sky130_fd_sc_hd__buf_4)
                                                         net460 (net)
                      0.243345    0.000760    3.756693 ^ fanout458/A (sky130_fd_sc_hd__buf_2)
    10    0.043710    0.215075    0.289268    4.045961 ^ fanout458/X (sky130_fd_sc_hd__buf_2)
                                                         net458 (net)
                      0.215200    0.002848    4.048809 ^ _10367_/A (sky130_fd_sc_hd__and4_1)
     2    0.004736    0.071873    0.224949    4.273757 ^ _10367_/X (sky130_fd_sc_hd__and4_1)
                                                         _02963_ (net)
                      0.071873    0.000039    4.273796 ^ _10369_/A_N (sky130_fd_sc_hd__and2b_1)
     1    0.005009    0.042864    0.187173    4.460969 v _10369_/X (sky130_fd_sc_hd__and2b_1)
                                                         _02966_ (net)
                      0.042864    0.000048    4.461018 v _10370_/B (sky130_fd_sc_hd__xnor2_1)
     2    0.008419    0.224655    0.210681    4.671699 ^ _10370_/Y (sky130_fd_sc_hd__xnor2_1)
                                                         _02967_ (net)
                      0.224655    0.000111    4.671810 ^ _10377_/A (sky130_fd_sc_hd__xor2_1)
     2    0.007803    0.199252    0.232157    4.903966 ^ _10377_/X (sky130_fd_sc_hd__xor2_1)
                                                         _02974_ (net)
                      0.199252    0.000080    4.904046 ^ _10379_/B (sky130_fd_sc_hd__xnor2_1)
     2    0.004652    0.061180    0.102367    5.006413 v _10379_/Y (sky130_fd_sc_hd__xnor2_1)
                                                         _02977_ (net)
                      0.061180    0.000027    5.006440 v _10382_/A (sky130_fd_sc_hd__and2_1)
     3    0.009878    0.063885    0.170454    5.176894 v _10382_/X (sky130_fd_sc_hd__and2_1)
                                                         _02980_ (net)
                      0.063885    0.000027    5.176921 v _10384_/A (sky130_fd_sc_hd__or2_1)
     3    0.007954    0.072361    0.258025    5.434946 v _10384_/X (sky130_fd_sc_hd__or2_1)
                                                         _02982_ (net)
                      0.072361    0.000022    5.434968 v _10424_/A (sky130_fd_sc_hd__or3_4)
     2    0.006936    0.069779    0.395931    5.830900 v _10424_/X (sky130_fd_sc_hd__or3_4)
                                                         _03026_ (net)
                      0.069779    0.000058    5.830958 v _10568_/A2 (sky130_fd_sc_hd__a211oi_2)
     5    0.017064    0.352659    0.375590    6.206548 ^ _10568_/Y (sky130_fd_sc_hd__a211oi_2)
                                                         _03184_ (net)
                      0.352659    0.000140    6.206688 ^ _10572_/A1 (sky130_fd_sc_hd__o21ai_1)
     2    0.006589    0.099176    0.154186    6.360874 v _10572_/Y (sky130_fd_sc_hd__o21ai_1)
                                                         _03188_ (net)
                      0.099176    0.000069    6.360943 v _10573_/C1 (sky130_fd_sc_hd__o211a_1)
     4    0.014386    0.088254    0.177852    6.538795 v _10573_/X (sky130_fd_sc_hd__o211a_1)
                                                         _03189_ (net)
                      0.088254    0.000260    6.539054 v _10577_/C (sky130_fd_sc_hd__or4_4)
     2    0.007245    0.089184    0.497743    7.036798 v _10577_/X (sky130_fd_sc_hd__or4_4)
                                                         _03193_ (net)
                      0.089184    0.000071    7.036869 v _10717_/A1 (sky130_fd_sc_hd__a211o_4)
     3    0.012481    0.061464    0.351445    7.388314 v _10717_/X (sky130_fd_sc_hd__a211o_4)
                                                         _03346_ (net)
                      0.061464    0.000147    7.388461 v _10720_/B1 (sky130_fd_sc_hd__o211a_1)
     3    0.009546    0.067740    0.159758    7.548219 v _10720_/X (sky130_fd_sc_hd__o211a_1)
                                                         _03350_ (net)
                      0.067740    0.000099    7.548319 v _10722_/C1 (sky130_fd_sc_hd__a211o_1)
     4    0.011900    0.087574    0.279320    7.827638 v _10722_/X (sky130_fd_sc_hd__a211o_1)
                                                         _03352_ (net)
                      0.087574    0.000086    7.827724 v _10725_/B1 (sky130_fd_sc_hd__a22o_1)
     2    0.005097    0.050541    0.202316    8.030040 v _10725_/X (sky130_fd_sc_hd__a22o_1)
                                                         _03355_ (net)
                      0.050541    0.000043    8.030083 v _10887_/A1 (sky130_fd_sc_hd__a21oi_1)
     3    0.008840    0.216171    0.204992    8.235074 ^ _10887_/Y (sky130_fd_sc_hd__a21oi_1)
                                                         _03532_ (net)
                      0.216171    0.000109    8.235184 ^ _11049_/A2 (sky130_fd_sc_hd__o21ba_1)
     3    0.010248    0.110540    0.196230    8.431413 ^ _11049_/X (sky130_fd_sc_hd__o21ba_1)
                                                         _03710_ (net)
                      0.110540    0.000221    8.431634 ^ _11051_/B (sky130_fd_sc_hd__and2_1)
     1    0.002814    0.048777    0.133440    8.565074 ^ _11051_/X (sky130_fd_sc_hd__and2_1)
                                                         _03712_ (net)
                      0.048777    0.000025    8.565099 ^ _11052_/B (sky130_fd_sc_hd__nor2_1)
     1    0.002607    0.046154    0.036513    8.601612 v _11052_/Y (sky130_fd_sc_hd__nor2_1)
                                                         _00024_ (net)
                      0.046154    0.000025    8.601637 v _13676_/D (sky130_fd_sc_hd__dfrtp_1)
                                              8.601637   data arrival time

                                 15.000000   15.000000   clock clk (rise edge)
                                  0.000000   15.000000   clock source latency
     1    0.046681    0.214570    0.152157   15.152157 ^ clk (in)
                                                         clk (net)
                      0.215027    0.000000   15.152157 ^ clkbuf_0_clk/A (sky130_fd_sc_hd__clkbuf_16)
     8    0.151713    0.163939    0.277307   15.429464 ^ clkbuf_0_clk/X (sky130_fd_sc_hd__clkbuf_16)
                                                         clknet_0_clk (net)
                      0.164263    0.005095   15.434559 ^ clkbuf_3_2__f_clk/A (sky130_fd_sc_hd__clkbuf_16)
    10    0.037474    0.058340    0.180398   15.614957 ^ clkbuf_3_2__f_clk/X (sky130_fd_sc_hd__clkbuf_16)
                                                         clknet_3_2__leaf_clk (net)
                      0.058586    0.002707   15.617664 ^ _13676_/CLK (sky130_fd_sc_hd__dfrtp_1)
                                 -0.250000   15.367665   clock uncertainty
                                  0.000000   15.367665   clock reconvergence pessimism
                                 -0.111668   15.255996   library setup time
                                             15.255996   data required time
---------------------------------------------------------------------------------------------
                                             15.255996   data required time
                                             -8.601637   data arrival time
---------------------------------------------------------------------------------------------
                                              6.654359   slack (MET)


Startpoint: x0[2] (input port clocked by clk)
Endpoint: _13693_ (rising edge-triggered flip-flop clocked by clk)
Path Group: clk
Path Type: max

Fanout         Cap        Slew       Delay        Time   Description
---------------------------------------------------------------------------------------------
                                  0.000000    0.000000   clock clk (rise edge)
                                  0.000000    0.000000   clock network delay (propagated)
                                  3.000000    3.000000 ^ input external delay
     1    0.002974    0.020480    0.010909    3.010909 ^ x0[2] (in)
                                                         x0[2] (net)
                      0.020480    0.000000    3.010909 ^ input132/A (sky130_fd_sc_hd__clkbuf_2)
     3    0.039298    0.215191    0.215858    3.226767 ^ input132/X (sky130_fd_sc_hd__clkbuf_2)
                                                         net132 (net)
                      0.215206    0.001502    3.228269 ^ fanout641/A (sky130_fd_sc_hd__clkbuf_4)
     7    0.065406    0.198975    0.305823    3.534092 ^ fanout641/X (sky130_fd_sc_hd__clkbuf_4)
                                                         net641 (net)
                      0.199124    0.004490    3.538582 ^ fanout638/A (sky130_fd_sc_hd__buf_4)
    10    0.061412    0.173164    0.255984    3.794567 ^ fanout638/X (sky130_fd_sc_hd__buf_4)
                                                         net638 (net)
                      0.173166    0.000945    3.795512 ^ _07160_/A (sky130_fd_sc_hd__nand2_1)
     3    0.006992    0.077274    0.102201    3.897713 v _07160_/Y (sky130_fd_sc_hd__nand2_1)
                                                         _05078_ (net)
                      0.077274    0.000048    3.897761 v _07163_/A (sky130_fd_sc_hd__or3_1)
     2    0.005582    0.080186    0.394939    4.292701 v _07163_/X (sky130_fd_sc_hd__or3_1)
                                                         _05111_ (net)
                      0.080186    0.000024    4.292725 v _07167_/A1 (sky130_fd_sc_hd__a21o_1)
     3    0.008432    0.057615    0.190735    4.483459 v _07167_/X (sky130_fd_sc_hd__a21o_1)
                                                         _05155_ (net)
                      0.057615    0.000071    4.483531 v _07169_/A2 (sky130_fd_sc_hd__a21o_1)
     2    0.006596    0.049216    0.194641    4.678172 v _07169_/X (sky130_fd_sc_hd__a21o_1)
                                                         _05177_ (net)
                      0.049216    0.000115    4.678287 v _07171_/B (sky130_fd_sc_hd__and3_1)
     4    0.012877    0.078839    0.205759    4.884045 v _07171_/X (sky130_fd_sc_hd__and3_1)
                                                         _05199_ (net)
                      0.078839    0.000149    4.884194 v _07174_/B (sky130_fd_sc_hd__nor3_1)
     2    0.010410    0.341720    0.326143    5.210337 ^ _07174_/Y (sky130_fd_sc_hd__nor3_1)
                                                         _05231_ (net)
                      0.341720    0.000192    5.210529 ^ _07177_/B1 (sky130_fd_sc_hd__a211oi_2)
     4    0.016410    0.109553    0.133940    5.344469 v _07177_/Y (sky130_fd_sc_hd__a211oi_2)
                                                         _05264_ (net)
                      0.109553    0.000216    5.344685 v _07179_/C (sky130_fd_sc_hd__nor4_2)
     3    0.011727    0.372562    0.359591    5.704277 ^ _07179_/Y (sky130_fd_sc_hd__nor4_2)
                                                         _05286_ (net)
                      0.372562    0.000046    5.704322 ^ max_cap240/A (sky130_fd_sc_hd__buf_1)
     2    0.010082    0.126621    0.189164    5.893487 ^ max_cap240/X (sky130_fd_sc_hd__buf_1)
                                                         net240 (net)
                      0.126621    0.000106    5.893593 ^ _07181_/B1 (sky130_fd_sc_hd__a211oi_2)
     5    0.015341    0.088512    0.088695    5.982288 v _07181_/Y (sky130_fd_sc_hd__a211oi_2)
                                                         _05308_ (net)
                      0.088512    0.000187    5.982475 v _07184_/B (sky130_fd_sc_hd__or3_1)
     2    0.007544    0.094292    0.390604    6.373079 v _07184_/X (sky130_fd_sc_hd__or3_1)
                                                         _05341_ (net)
                      0.094292    0.000042    6.373121 v _07186_/B1 (sky130_fd_sc_hd__o211a_1)
     4    0.016014    0.095236    0.198945    6.572066 v _07186_/X (sky130_fd_sc_hd__o211a_1)
                                                         _05363_ (net)
                      0.095236    0.000314    6.572380 v _07190_/B (sky130_fd_sc_hd__or3_4)
     2    0.009567    0.073900    0.393207    6.965588 v _07190_/X (sky130_fd_sc_hd__or3_4)
                                                         _05406_ (net)
                      0.073900    0.000097    6.965684 v _07331_/A1 (sky130_fd_sc_hd__a211o_4)
     4    0.013481    0.063262    0.348141    7.313825 v _07331_/X (sky130_fd_sc_hd__a211o_4)
                                                         _06562_ (net)
                      0.063262    0.000135    7.313961 v _07334_/A1 (sky130_fd_sc_hd__a211o_1)
     2    0.008205    0.074003    0.288447    7.602408 v _07334_/X (sky130_fd_sc_hd__a211o_1)
                                                         _06565_ (net)
                      0.074003    0.000107    7.602514 v _07336_/A2 (sky130_fd_sc_hd__a211o_1)
     2    0.005702    0.061103    0.313075    7.915589 v _07336_/X (sky130_fd_sc_hd__a211o_1)
                                                         _06567_ (net)
                      0.061103    0.000088    7.915677 v _07338_/B2 (sky130_fd_sc_hd__a22o_1)
     2    0.004967    0.049948    0.210284    8.125961 v _07338_/X (sky130_fd_sc_hd__a22o_1)
                                                         _06569_ (net)
                      0.049948    0.000035    8.125996 v _07499_/A1 (sky130_fd_sc_hd__a21o_1)
     2    0.009281    0.059756    0.182173    8.308169 v _07499_/X (sky130_fd_sc_hd__a21o_1)
                                                         _06729_ (net)
                      0.059756    0.000075    8.308244 v _07662_/A1 (sky130_fd_sc_hd__a21oi_2)
     3    0.010250    0.153957    0.173761    8.482005 ^ _07662_/Y (sky130_fd_sc_hd__a21oi_2)
                                                         _00142_ (net)
                      0.153957    0.000091    8.482097 ^ _07664_/B (sky130_fd_sc_hd__xnor2_1)
     1    0.002639    0.115050    0.131582    8.613679 ^ _07664_/Y (sky130_fd_sc_hd__xnor2_1)
                                                         _00052_ (net)
                      0.115050    0.000018    8.613697 ^ _13693_/D (sky130_fd_sc_hd__dfrtp_1)
                                              8.613697   data arrival time

                                 15.000000   15.000000   clock clk (rise edge)
                                  0.000000   15.000000   clock source latency
     1    0.046681    0.214570    0.152157   15.152157 ^ clk (in)
                                                         clk (net)
                      0.215027    0.000000   15.152157 ^ clkbuf_0_clk/A (sky130_fd_sc_hd__clkbuf_16)
     8    0.151713    0.163939    0.277307   15.429464 ^ clkbuf_0_clk/X (sky130_fd_sc_hd__clkbuf_16)
                                                         clknet_0_clk (net)
                      0.164186    0.004226   15.433690 ^ clkbuf_3_3__f_clk/A (sky130_fd_sc_hd__clkbuf_16)
    10    0.032705    0.054341    0.177360   15.611051 ^ clkbuf_3_3__f_clk/X (sky130_fd_sc_hd__clkbuf_16)
                                                         clknet_3_3__leaf_clk (net)
                      0.054343    0.000504   15.611555 ^ _13693_/CLK (sky130_fd_sc_hd__dfrtp_1)
                                 -0.250000   15.361556   clock uncertainty
                                  0.000000   15.361556   clock reconvergence pessimism
                                 -0.074567   15.286990   library setup time
                                             15.286990   data required time
---------------------------------------------------------------------------------------------
                                             15.286990   data required time
                                             -8.613697   data arrival time
---------------------------------------------------------------------------------------------
                                              6.673293   slack (MET)


Startpoint: x0[4] (input port clocked by clk)
Endpoint: _13640_ (rising edge-triggered flip-flop clocked by clk)
Path Group: clk
Path Type: max

Fanout         Cap        Slew       Delay        Time   Description
---------------------------------------------------------------------------------------------
                                  0.000000    0.000000   clock clk (rise edge)
                                  0.000000    0.000000   clock network delay (propagated)
                                  3.000000    3.000000 ^ input external delay
     1    0.002790    0.019689    0.010262    3.010262 ^ x0[4] (in)
                                                         x0[4] (net)
                      0.019689    0.000000    3.010262 ^ input134/A (sky130_fd_sc_hd__buf_1)
     1    0.012047    0.147881    0.144966    3.155227 ^ input134/X (sky130_fd_sc_hd__buf_1)
                                                         net134 (net)
                      0.147883    0.000424    3.155652 ^ fanout626/A (sky130_fd_sc_hd__buf_4)
     7    0.082821    0.230024    0.280852    3.436504 ^ fanout626/X (sky130_fd_sc_hd__buf_4)
                                                         net626 (net)
                      0.230079    0.002957    3.439460 ^ fanout625/A (sky130_fd_sc_hd__buf_2)
     7    0.035079    0.174443    0.258531    3.697991 ^ fanout625/X (sky130_fd_sc_hd__buf_2)
                                                         net625 (net)
                      0.174443    0.000325    3.698316 ^ fanout624/A (sky130_fd_sc_hd__clkbuf_4)
    10    0.050875    0.157991    0.264746    3.963062 ^ fanout624/X (sky130_fd_sc_hd__clkbuf_4)
                                                         net624 (net)
                      0.158162    0.003237    3.966299 ^ _12254_/B (sky130_fd_sc_hd__and4_1)
     2    0.004661    0.071556    0.216276    4.182575 ^ _12254_/X (sky130_fd_sc_hd__and4_1)
                                                         _05020_ (net)
                      0.071556    0.000036    4.182611 ^ _12256_/A_N (sky130_fd_sc_hd__and2b_1)
     1    0.005131    0.043357    0.187644    4.370255 v _12256_/X (sky130_fd_sc_hd__and2b_1)
                                                         _05022_ (net)
                      0.043357    0.000051    4.370306 v _12257_/B (sky130_fd_sc_hd__xnor2_1)
     3    0.009852    0.253280    0.232392    4.602698 ^ _12257_/Y (sky130_fd_sc_hd__xnor2_1)
                                                         _05023_ (net)
                      0.253280    0.000151    4.602849 ^ _12266_/A (sky130_fd_sc_hd__nand3_1)
     3    0.007289    0.118763    0.150183    4.753031 v _12266_/Y (sky130_fd_sc_hd__nand3_1)
                                                         _05033_ (net)
                      0.118763    0.000048    4.753079 v _12269_/A (sky130_fd_sc_hd__and3_1)
     2    0.005674    0.049033    0.185629    4.938708 v _12269_/X (sky130_fd_sc_hd__and3_1)
                                                         _05037_ (net)
                      0.049033    0.000056    4.938764 v _12272_/A (sky130_fd_sc_hd__or3_4)
     4    0.016983    0.087822    0.416915    5.355679 v _12272_/X (sky130_fd_sc_hd__or3_4)
                                                         _05040_ (net)
                      0.087822    0.000165    5.355844 v _12275_/A (sky130_fd_sc_hd__and3_4)
     4    0.021725    0.053200    0.190836    5.546680 v _12275_/X (sky130_fd_sc_hd__and3_4)
                                                         _05043_ (net)
                      0.053200    0.000052    5.546732 v _12278_/A1 (sky130_fd_sc_hd__o21a_4)
     2    0.015451    0.048027    0.231759    5.778491 v _12278_/X (sky130_fd_sc_hd__o21a_4)
                                                         _05047_ (net)
                      0.048029    0.000415    5.778906 v _12280_/A2 (sky130_fd_sc_hd__o211a_1)
     3    0.007586    0.060532    0.226109    6.005016 v _12280_/X (sky130_fd_sc_hd__o211a_1)
                                                         _05049_ (net)
                      0.060532    0.000028    6.005044 v _12282_/C (sky130_fd_sc_hd__or3_4)
     2    0.008074    0.071568    0.338289    6.343332 v _12282_/X (sky130_fd_sc_hd__or3_4)
                                                         _05051_ (net)
                      0.071568    0.000071    6.343402 v _12284_/B1 (sky130_fd_sc_hd__o211a_4)
     4    0.014656    0.052319    0.163505    6.506907 v _12284_/X (sky130_fd_sc_hd__o211a_4)
                                                         _05053_ (net)
                      0.052319    0.000092    6.506999 v _12288_/B (sky130_fd_sc_hd__or4_4)
     2    0.011017    0.095903    0.531009    7.038008 v _12288_/X (sky130_fd_sc_hd__or4_4)
                                                         _05058_ (net)
                      0.095903    0.000102    7.038110 v _12426_/A1 (sky130_fd_sc_hd__a211o_4)
     4    0.012118    0.060826    0.353108    7.391218 v _12426_/X (sky130_fd_sc_hd__a211o_4)
                                                         _05208_ (net)
                      0.060826    0.000118    7.391336 v _12429_/A2 (sky130_fd_sc_hd__a211o_1)
     2    0.010569    0.082693    0.335381    7.726717 v _12429_/X (sky130_fd_sc_hd__a211o_1)
                                                         _05212_ (net)
                      0.082693    0.000204    7.726922 v _12431_/A1 (sky130_fd_sc_hd__a211o_1)
     2    0.005040    0.057901    0.277461    8.004382 v _12431_/X (sky130_fd_sc_hd__a211o_1)
                                                         _05214_ (net)
                      0.057901    0.000034    8.004416 v _12432_/D (sky130_fd_sc_hd__and4_1)
     2    0.006363    0.053333    0.216701    8.221117 v _12432_/X (sky130_fd_sc_hd__and4_1)
                                                         _05215_ (net)
                      0.053333    0.000021    8.221139 v _12434_/A_N (sky130_fd_sc_hd__nand2b_1)
     1    0.005948    0.061190    0.158187    8.379326 v _12434_/Y (sky130_fd_sc_hd__nand2b_1)
                                                         _05217_ (net)
                      0.061190    0.000084    8.379411 v _12437_/A (sky130_fd_sc_hd__xnor2_1)
     1    0.003037    0.046968    0.127604    8.507014 v _12437_/Y (sky130_fd_sc_hd__xnor2_1)
                                                         _00036_ (net)
                      0.046968    0.000037    8.507051 v _13640_/D (sky130_fd_sc_hd__dfrtp_1)
                                              8.507051   data arrival time

                                 15.000000   15.000000   clock clk (rise edge)
                                  0.000000   15.000000   clock source latency
     1    0.046681    0.214570    0.152157   15.152157 ^ clk (in)
                                                         clk (net)
                      0.215027    0.000000   15.152157 ^ clkbuf_0_clk/A (sky130_fd_sc_hd__clkbuf_16)
     8    0.151713    0.163939    0.277307   15.429464 ^ clkbuf_0_clk/X (sky130_fd_sc_hd__clkbuf_16)
                                                         clknet_0_clk (net)
                      0.164149    0.003729   15.433193 ^ clkbuf_3_6__f_clk/A (sky130_fd_sc_hd__clkbuf_16)
    10    0.030540    0.052499    0.175785   15.608977 ^ clkbuf_3_6__f_clk/X (sky130_fd_sc_hd__clkbuf_16)
                                                         clknet_3_6__leaf_clk (net)
                      0.052514    0.000657   15.609635 ^ _13640_/CLK (sky130_fd_sc_hd__dfrtp_1)
                                 -0.250000   15.359635   clock uncertainty
                                  0.000000   15.359635   clock reconvergence pessimism
                                 -0.113412   15.246224   library setup time
                                             15.246224   data required time
---------------------------------------------------------------------------------------------
                                             15.246224   data required time
                                             -8.507051   data arrival time
---------------------------------------------------------------------------------------------
                                              6.739173   slack (MET)


Startpoint: x0[2] (input port clocked by clk)
Endpoint: _13692_ (rising edge-triggered flip-flop clocked by clk)
Path Group: clk
Path Type: max

Fanout         Cap        Slew       Delay        Time   Description
---------------------------------------------------------------------------------------------
                                  0.000000    0.000000   clock clk (rise edge)
                                  0.000000    0.000000   clock network delay (propagated)
                                  3.000000    3.000000 ^ input external delay
     1    0.002974    0.020480    0.010909    3.010909 ^ x0[2] (in)
                                                         x0[2] (net)
                      0.020480    0.000000    3.010909 ^ input132/A (sky130_fd_sc_hd__clkbuf_2)
     3    0.039298    0.215191    0.215858    3.226767 ^ input132/X (sky130_fd_sc_hd__clkbuf_2)
                                                         net132 (net)
                      0.215206    0.001502    3.228269 ^ fanout641/A (sky130_fd_sc_hd__clkbuf_4)
     7    0.065406    0.198975    0.305823    3.534092 ^ fanout641/X (sky130_fd_sc_hd__clkbuf_4)
                                                         net641 (net)
                      0.199124    0.004490    3.538582 ^ fanout638/A (sky130_fd_sc_hd__buf_4)
    10    0.061412    0.173164    0.255984    3.794567 ^ fanout638/X (sky130_fd_sc_hd__buf_4)
                                                         net638 (net)
                      0.173166    0.000945    3.795512 ^ _07160_/A (sky130_fd_sc_hd__nand2_1)
     3    0.006992    0.077274    0.102201    3.897713 v _07160_/Y (sky130_fd_sc_hd__nand2_1)
                                                         _05078_ (net)
                      0.077274    0.000048    3.897761 v _07163_/A (sky130_fd_sc_hd__or3_1)
     2    0.005582    0.080186    0.394939    4.292701 v _07163_/X (sky130_fd_sc_hd__or3_1)
                                                         _05111_ (net)
                      0.080186    0.000024    4.292725 v _07167_/A1 (sky130_fd_sc_hd__a21o_1)
     3    0.008432    0.057615    0.190735    4.483459 v _07167_/X (sky130_fd_sc_hd__a21o_1)
                                                         _05155_ (net)
                      0.057615    0.000071    4.483531 v _07169_/A2 (sky130_fd_sc_hd__a21o_1)
     2    0.006596    0.049216    0.194641    4.678172 v _07169_/X (sky130_fd_sc_hd__a21o_1)
                                                         _05177_ (net)
                      0.049216    0.000115    4.678287 v _07171_/B (sky130_fd_sc_hd__and3_1)
     4    0.012877    0.078839    0.205759    4.884045 v _07171_/X (sky130_fd_sc_hd__and3_1)
                                                         _05199_ (net)
                      0.078839    0.000149    4.884194 v _07174_/B (sky130_fd_sc_hd__nor3_1)
     2    0.010410    0.341720    0.326143    5.210337 ^ _07174_/Y (sky130_fd_sc_hd__nor3_1)
                                                         _05231_ (net)
                      0.341720    0.000192    5.210529 ^ _07177_/B1 (sky130_fd_sc_hd__a211oi_2)
     4    0.016410    0.109553    0.133940    5.344469 v _07177_/Y (sky130_fd_sc_hd__a211oi_2)
                                                         _05264_ (net)
                      0.109553    0.000216    5.344685 v _07179_/C (sky130_fd_sc_hd__nor4_2)
     3    0.011727    0.372562    0.359591    5.704277 ^ _07179_/Y (sky130_fd_sc_hd__nor4_2)
                                                         _05286_ (net)
                      0.372562    0.000046    5.704322 ^ max_cap240/A (sky130_fd_sc_hd__buf_1)
     2    0.010082    0.126621    0.189164    5.893487 ^ max_cap240/X (sky130_fd_sc_hd__buf_1)
                                                         net240 (net)
                      0.126621    0.000106    5.893593 ^ _07181_/B1 (sky130_fd_sc_hd__a211oi_2)
     5    0.015341    0.088512    0.088695    5.982288 v _07181_/Y (sky130_fd_sc_hd__a211oi_2)
                                                         _05308_ (net)
                      0.088512    0.000187    5.982475 v _07184_/B (sky130_fd_sc_hd__or3_1)
     2    0.007544    0.094292    0.390604    6.373079 v _07184_/X (sky130_fd_sc_hd__or3_1)
                                                         _05341_ (net)
                      0.094292    0.000042    6.373121 v _07186_/B1 (sky130_fd_sc_hd__o211a_1)
     4    0.016014    0.095236    0.198945    6.572066 v _07186_/X (sky130_fd_sc_hd__o211a_1)
                                                         _05363_ (net)
                      0.095236    0.000314    6.572380 v _07190_/B (sky130_fd_sc_hd__or3_4)
     2    0.009567    0.073900    0.393207    6.965588 v _07190_/X (sky130_fd_sc_hd__or3_4)
                                                         _05406_ (net)
                      0.073900    0.000097    6.965684 v _07331_/A1 (sky130_fd_sc_hd__a211o_4)
     4    0.013481    0.063262    0.348141    7.313825 v _07331_/X (sky130_fd_sc_hd__a211o_4)
                                                         _06562_ (net)
                      0.063262    0.000135    7.313961 v _07334_/A1 (sky130_fd_sc_hd__a211o_1)
     2    0.008205    0.074003    0.288447    7.602408 v _07334_/X (sky130_fd_sc_hd__a211o_1)
                                                         _06565_ (net)
                      0.074003    0.000107    7.602514 v _07336_/A2 (sky130_fd_sc_hd__a211o_1)
     2    0.005702    0.061103    0.313075    7.915589 v _07336_/X (sky130_fd_sc_hd__a211o_1)
                                                         _06567_ (net)
                      0.061103    0.000088    7.915677 v _07338_/B2 (sky130_fd_sc_hd__a22o_1)
     2    0.004967    0.049948    0.210284    8.125961 v _07338_/X (sky130_fd_sc_hd__a22o_1)
                                                         _06569_ (net)
                      0.049948    0.000035    8.125996 v _07499_/A1 (sky130_fd_sc_hd__a21o_1)
     2    0.009281    0.059756    0.182173    8.308169 v _07499_/X (sky130_fd_sc_hd__a21o_1)
                                                         _06729_ (net)
                      0.059756    0.000066    8.308235 v _07500_/B (sky130_fd_sc_hd__xor2_1)
     1    0.002801    0.065978    0.141064    8.449299 v _07500_/X (sky130_fd_sc_hd__xor2_1)
                                                         _00051_ (net)
                      0.065978    0.000032    8.449331 v _13692_/D (sky130_fd_sc_hd__dfrtp_1)
                                              8.449331   data arrival time

                                 15.000000   15.000000   clock clk (rise edge)
                                  0.000000   15.000000   clock source latency
     1    0.046681    0.214570    0.152157   15.152157 ^ clk (in)
                                                         clk (net)
                      0.215027    0.000000   15.152157 ^ clkbuf_0_clk/A (sky130_fd_sc_hd__clkbuf_16)
     8    0.151713    0.163939    0.277307   15.429464 ^ clkbuf_0_clk/X (sky130_fd_sc_hd__clkbuf_16)
                                                         clknet_0_clk (net)
                      0.164186    0.004226   15.433690 ^ clkbuf_3_3__f_clk/A (sky130_fd_sc_hd__clkbuf_16)
    10    0.032705    0.054341    0.177360   15.611051 ^ clkbuf_3_3__f_clk/X (sky130_fd_sc_hd__clkbuf_16)
                                                         clknet_3_3__leaf_clk (net)
                      0.054343    0.000471   15.611522 ^ _13692_/CLK (sky130_fd_sc_hd__dfrtp_1)
                                 -0.250000   15.361523   clock uncertainty
                                  0.000000   15.361523   clock reconvergence pessimism
                                 -0.121284   15.240238   library setup time
                                             15.240238   data required time
---------------------------------------------------------------------------------------------
                                             15.240238   data required time
                                             -8.449331   data arrival time
---------------------------------------------------------------------------------------------
                                              6.790907   slack (MET)


Startpoint: x0[2] (input port clocked by clk)
Endpoint: _13691_ (rising edge-triggered flip-flop clocked by clk)
Path Group: clk
Path Type: max

Fanout         Cap        Slew       Delay        Time   Description
---------------------------------------------------------------------------------------------
                                  0.000000    0.000000   clock clk (rise edge)
                                  0.000000    0.000000   clock network delay (propagated)
                                  3.000000    3.000000 ^ input external delay
     1    0.002974    0.020480    0.010909    3.010909 ^ x0[2] (in)
                                                         x0[2] (net)
                      0.020480    0.000000    3.010909 ^ input132/A (sky130_fd_sc_hd__clkbuf_2)
     3    0.039298    0.215191    0.215858    3.226767 ^ input132/X (sky130_fd_sc_hd__clkbuf_2)
                                                         net132 (net)
                      0.215206    0.001502    3.228269 ^ fanout641/A (sky130_fd_sc_hd__clkbuf_4)
     7    0.065406    0.198975    0.305823    3.534092 ^ fanout641/X (sky130_fd_sc_hd__clkbuf_4)
                                                         net641 (net)
                      0.199124    0.004490    3.538582 ^ fanout638/A (sky130_fd_sc_hd__buf_4)
    10    0.061412    0.173164    0.255984    3.794567 ^ fanout638/X (sky130_fd_sc_hd__buf_4)
                                                         net638 (net)
                      0.173166    0.000945    3.795512 ^ _07160_/A (sky130_fd_sc_hd__nand2_1)
     3    0.006992    0.077274    0.102201    3.897713 v _07160_/Y (sky130_fd_sc_hd__nand2_1)
                                                         _05078_ (net)
                      0.077274    0.000048    3.897761 v _07163_/A (sky130_fd_sc_hd__or3_1)
     2    0.005582    0.080186    0.394939    4.292701 v _07163_/X (sky130_fd_sc_hd__or3_1)
                                                         _05111_ (net)
                      0.080186    0.000024    4.292725 v _07167_/A1 (sky130_fd_sc_hd__a21o_1)
     3    0.008432    0.057615    0.190735    4.483459 v _07167_/X (sky130_fd_sc_hd__a21o_1)
                                                         _05155_ (net)
                      0.057615    0.000071    4.483531 v _07169_/A2 (sky130_fd_sc_hd__a21o_1)
     2    0.006596    0.049216    0.194641    4.678172 v _07169_/X (sky130_fd_sc_hd__a21o_1)
                                                         _05177_ (net)
                      0.049216    0.000115    4.678287 v _07171_/B (sky130_fd_sc_hd__and3_1)
     4    0.012877    0.078839    0.205759    4.884045 v _07171_/X (sky130_fd_sc_hd__and3_1)
                                                         _05199_ (net)
                      0.078839    0.000149    4.884194 v _07174_/B (sky130_fd_sc_hd__nor3_1)
     2    0.010410    0.341720    0.326143    5.210337 ^ _07174_/Y (sky130_fd_sc_hd__nor3_1)
                                                         _05231_ (net)
                      0.341720    0.000192    5.210529 ^ _07177_/B1 (sky130_fd_sc_hd__a211oi_2)
     4    0.016410    0.109553    0.133940    5.344469 v _07177_/Y (sky130_fd_sc_hd__a211oi_2)
                                                         _05264_ (net)
                      0.109553    0.000216    5.344685 v _07179_/C (sky130_fd_sc_hd__nor4_2)
     3    0.011727    0.372562    0.359591    5.704277 ^ _07179_/Y (sky130_fd_sc_hd__nor4_2)
                                                         _05286_ (net)
                      0.372562    0.000046    5.704322 ^ max_cap240/A (sky130_fd_sc_hd__buf_1)
     2    0.010082    0.126621    0.189164    5.893487 ^ max_cap240/X (sky130_fd_sc_hd__buf_1)
                                                         net240 (net)
                      0.126621    0.000106    5.893593 ^ _07181_/B1 (sky130_fd_sc_hd__a211oi_2)
     5    0.015341    0.088512    0.088695    5.982288 v _07181_/Y (sky130_fd_sc_hd__a211oi_2)
                                                         _05308_ (net)
                      0.088512    0.000187    5.982475 v _07184_/B (sky130_fd_sc_hd__or3_1)
     2    0.007544    0.094292    0.390604    6.373079 v _07184_/X (sky130_fd_sc_hd__or3_1)
                                                         _05341_ (net)
                      0.094292    0.000042    6.373121 v _07186_/B1 (sky130_fd_sc_hd__o211a_1)
     4    0.016014    0.095236    0.198945    6.572066 v _07186_/X (sky130_fd_sc_hd__o211a_1)
                                                         _05363_ (net)
                      0.095236    0.000314    6.572380 v _07190_/B (sky130_fd_sc_hd__or3_4)
     2    0.009567    0.073900    0.393207    6.965588 v _07190_/X (sky130_fd_sc_hd__or3_4)
                                                         _05406_ (net)
                      0.073900    0.000097    6.965684 v _07331_/A1 (sky130_fd_sc_hd__a211o_4)
     4    0.013481    0.063262    0.348141    7.313825 v _07331_/X (sky130_fd_sc_hd__a211o_4)
                                                         _06562_ (net)
                      0.063262    0.000135    7.313961 v _07334_/A1 (sky130_fd_sc_hd__a211o_1)
     2    0.008205    0.074003    0.288447    7.602408 v _07334_/X (sky130_fd_sc_hd__a211o_1)
                                                         _06565_ (net)
                      0.074003    0.000107    7.602514 v _07336_/A2 (sky130_fd_sc_hd__a211o_1)
     2    0.005702    0.061103    0.313075    7.915589 v _07336_/X (sky130_fd_sc_hd__a211o_1)
                                                         _06567_ (net)
                      0.061103    0.000088    7.915677 v _07338_/B2 (sky130_fd_sc_hd__a22o_1)
     2    0.004967    0.049948    0.210284    8.125961 v _07338_/X (sky130_fd_sc_hd__a22o_1)
                                                         _06569_ (net)
                      0.049948    0.000014    8.125976 v _07339_/B (sky130_fd_sc_hd__and2b_1)
     1    0.004656    0.041398    0.162056    8.288032 v _07339_/X (sky130_fd_sc_hd__and2b_1)
                                                         _06570_ (net)
                      0.041398    0.000044    8.288075 v _07342_/A (sky130_fd_sc_hd__xor2_1)
     1    0.003879    0.054271    0.157130    8.445206 v _07342_/X (sky130_fd_sc_hd__xor2_1)
                                                         _00050_ (net)
                      0.054271    0.000062    8.445268 v _13691_/D (sky130_fd_sc_hd__dfrtp_1)
                                              8.445268   data arrival time

                                 15.000000   15.000000   clock clk (rise edge)
                                  0.000000   15.000000   clock source latency
     1    0.046681    0.214570    0.152157   15.152157 ^ clk (in)
                                                         clk (net)
                      0.215027    0.000000   15.152157 ^ clkbuf_0_clk/A (sky130_fd_sc_hd__clkbuf_16)
     8    0.151713    0.163939    0.277307   15.429464 ^ clkbuf_0_clk/X (sky130_fd_sc_hd__clkbuf_16)
                                                         clknet_0_clk (net)
                      0.164186    0.004226   15.433690 ^ clkbuf_3_3__f_clk/A (sky130_fd_sc_hd__clkbuf_16)
    10    0.032705    0.054341    0.177360   15.611051 ^ clkbuf_3_3__f_clk/X (sky130_fd_sc_hd__clkbuf_16)
                                                         clknet_3_3__leaf_clk (net)
                      0.054343    0.000622   15.611672 ^ _13691_/CLK (sky130_fd_sc_hd__dfrtp_1)
                                 -0.250000   15.361673   clock uncertainty
                                  0.000000   15.361673   clock reconvergence pessimism
                                 -0.116178   15.245494   library setup time
                                             15.245494   data required time
---------------------------------------------------------------------------------------------
                                             15.245494   data required time
                                             -8.445268   data arrival time
---------------------------------------------------------------------------------------------
                                              6.800226   slack (MET)


Startpoint: x3[1] (input port clocked by clk)
Endpoint: _13675_ (rising edge-triggered flip-flop clocked by clk)
Path Group: clk
Path Type: max

Fanout         Cap        Slew       Delay        Time   Description
---------------------------------------------------------------------------------------------
                                  0.000000    0.000000   clock clk (rise edge)
                                  0.000000    0.000000   clock network delay (propagated)
                                  3.000000    3.000000 ^ input external delay
     1    0.002740    0.019477    0.010087    3.010087 ^ x3[1] (in)
                                                         x3[1] (net)
                      0.019477    0.000000    3.010087 ^ input155/A (sky130_fd_sc_hd__buf_1)
     1    0.008584    0.108601    0.117685    3.127772 ^ input155/X (sky130_fd_sc_hd__buf_1)
                                                         net155 (net)
                      0.108602    0.000338    3.128110 ^ fanout465/A (sky130_fd_sc_hd__clkbuf_4)
     6    0.085065    0.256095    0.308528    3.436638 ^ fanout465/X (sky130_fd_sc_hd__clkbuf_4)
                                                         net465 (net)
                      0.256095    0.000343    3.436981 ^ fanout460/A (sky130_fd_sc_hd__buf_4)
     8    0.088138    0.243342    0.318951    3.755933 ^ fanout460/X (sky130_fd_sc_hd__buf_4)
                                                         net460 (net)
                      0.243345    0.000760    3.756693 ^ fanout458/A (sky130_fd_sc_hd__buf_2)
    10    0.043710    0.215075    0.289268    4.045961 ^ fanout458/X (sky130_fd_sc_hd__buf_2)
                                                         net458 (net)
                      0.215200    0.002848    4.048809 ^ _10367_/A (sky130_fd_sc_hd__and4_1)
     2    0.004736    0.071873    0.224949    4.273757 ^ _10367_/X (sky130_fd_sc_hd__and4_1)
                                                         _02963_ (net)
                      0.071873    0.000039    4.273796 ^ _10369_/A_N (sky130_fd_sc_hd__and2b_1)
     1    0.005009    0.042864    0.187173    4.460969 v _10369_/X (sky130_fd_sc_hd__and2b_1)
                                                         _02966_ (net)
                      0.042864    0.000048    4.461018 v _10370_/B (sky130_fd_sc_hd__xnor2_1)
     2    0.008419    0.224655    0.210681    4.671699 ^ _10370_/Y (sky130_fd_sc_hd__xnor2_1)
                                                         _02967_ (net)
                      0.224655    0.000111    4.671810 ^ _10377_/A (sky130_fd_sc_hd__xor2_1)
     2    0.007803    0.199252    0.232157    4.903966 ^ _10377_/X (sky130_fd_sc_hd__xor2_1)
                                                         _02974_ (net)
                      0.199252    0.000080    4.904046 ^ _10379_/B (sky130_fd_sc_hd__xnor2_1)
     2    0.004652    0.061180    0.102367    5.006413 v _10379_/Y (sky130_fd_sc_hd__xnor2_1)
                                                         _02977_ (net)
                      0.061180    0.000027    5.006440 v _10382_/A (sky130_fd_sc_hd__and2_1)
     3    0.009878    0.063885    0.170454    5.176894 v _10382_/X (sky130_fd_sc_hd__and2_1)
                                                         _02980_ (net)
                      0.063885    0.000027    5.176921 v _10384_/A (sky130_fd_sc_hd__or2_1)
     3    0.007954    0.072361    0.258025    5.434946 v _10384_/X (sky130_fd_sc_hd__or2_1)
                                                         _02982_ (net)
                      0.072361    0.000022    5.434968 v _10424_/A (sky130_fd_sc_hd__or3_4)
     2    0.006936    0.069779    0.395931    5.830900 v _10424_/X (sky130_fd_sc_hd__or3_4)
                                                         _03026_ (net)
                      0.069779    0.000058    5.830958 v _10568_/A2 (sky130_fd_sc_hd__a211oi_2)
     5    0.017064    0.352659    0.375590    6.206548 ^ _10568_/Y (sky130_fd_sc_hd__a211oi_2)
                                                         _03184_ (net)
                      0.352659    0.000140    6.206688 ^ _10572_/A1 (sky130_fd_sc_hd__o21ai_1)
     2    0.006589    0.099176    0.154186    6.360874 v _10572_/Y (sky130_fd_sc_hd__o21ai_1)
                                                         _03188_ (net)
                      0.099176    0.000069    6.360943 v _10573_/C1 (sky130_fd_sc_hd__o211a_1)
     4    0.014386    0.088254    0.177852    6.538795 v _10573_/X (sky130_fd_sc_hd__o211a_1)
                                                         _03189_ (net)
                      0.088254    0.000260    6.539054 v _10577_/C (sky130_fd_sc_hd__or4_4)
     2    0.007245    0.089184    0.497743    7.036798 v _10577_/X (sky130_fd_sc_hd__or4_4)
                                                         _03193_ (net)
                      0.089184    0.000071    7.036869 v _10717_/A1 (sky130_fd_sc_hd__a211o_4)
     3    0.012481    0.061464    0.351445    7.388314 v _10717_/X (sky130_fd_sc_hd__a211o_4)
                                                         _03346_ (net)
                      0.061464    0.000147    7.388461 v _10720_/B1 (sky130_fd_sc_hd__o211a_1)
     3    0.009546    0.067740    0.159758    7.548219 v _10720_/X (sky130_fd_sc_hd__o211a_1)
                                                         _03350_ (net)
                      0.067740    0.000099    7.548319 v _10722_/C1 (sky130_fd_sc_hd__a211o_1)
     4    0.011900    0.087574    0.279320    7.827638 v _10722_/X (sky130_fd_sc_hd__a211o_1)
                                                         _03352_ (net)
                      0.087574    0.000086    7.827724 v _10725_/B1 (sky130_fd_sc_hd__a22o_1)
     2    0.005097    0.050541    0.202316    8.030040 v _10725_/X (sky130_fd_sc_hd__a22o_1)
                                                         _03355_ (net)
                      0.050541    0.000043    8.030083 v _10887_/A1 (sky130_fd_sc_hd__a21oi_1)
     3    0.008840    0.216171    0.204992    8.235074 ^ _10887_/Y (sky130_fd_sc_hd__a21oi_1)
                                                         _03532_ (net)
                      0.216171    0.000085    8.235160 ^ _10888_/B1 (sky130_fd_sc_hd__o21ai_1)
     1    0.002702    0.068147    0.097762    8.332921 v _10888_/Y (sky130_fd_sc_hd__o21ai_1)
                                                         _03534_ (net)
                      0.068147    0.000024    8.332945 v _10889_/B1 (sky130_fd_sc_hd__o21a_1)
     1    0.003034    0.036096    0.109714    8.442659 v _10889_/X (sky130_fd_sc_hd__o21a_1)
                                                         _00023_ (net)
                      0.036096    0.000037    8.442697 v _13675_/D (sky130_fd_sc_hd__dfrtp_1)
                                              8.442697   data arrival time

                                 15.000000   15.000000   clock clk (rise edge)
                                  0.000000   15.000000   clock source latency
     1    0.046681    0.214570    0.152157   15.152157 ^ clk (in)
                                                         clk (net)
                      0.215027    0.000000   15.152157 ^ clkbuf_0_clk/A (sky130_fd_sc_hd__clkbuf_16)
     8    0.151713    0.163939    0.277307   15.429464 ^ clkbuf_0_clk/X (sky130_fd_sc_hd__clkbuf_16)
                                                         clknet_0_clk (net)
                      0.164263    0.005095   15.434559 ^ clkbuf_3_2__f_clk/A (sky130_fd_sc_hd__clkbuf_16)
    10    0.037474    0.058340    0.180398   15.614957 ^ clkbuf_3_2__f_clk/X (sky130_fd_sc_hd__clkbuf_16)
                                                         clknet_3_2__leaf_clk (net)
                      0.058558    0.002489   15.617446 ^ _13675_/CLK (sky130_fd_sc_hd__dfrtp_1)
                                 -0.250000   15.367446   clock uncertainty
                                  0.000000   15.367446   clock reconvergence pessimism
                                 -0.107289   15.260158   library setup time
                                             15.260158   data required time
---------------------------------------------------------------------------------------------
                                             15.260158   data required time
                                             -8.442697   data arrival time
---------------------------------------------------------------------------------------------
                                              6.817461   slack (MET)


Startpoint: x3[1] (input port clocked by clk)
Endpoint: _13674_ (rising edge-triggered flip-flop clocked by clk)
Path Group: clk
Path Type: max

Fanout         Cap        Slew       Delay        Time   Description
---------------------------------------------------------------------------------------------
                                  0.000000    0.000000   clock clk (rise edge)
                                  0.000000    0.000000   clock network delay (propagated)
                                  3.000000    3.000000 ^ input external delay
     1    0.002740    0.019477    0.010087    3.010087 ^ x3[1] (in)
                                                         x3[1] (net)
                      0.019477    0.000000    3.010087 ^ input155/A (sky130_fd_sc_hd__buf_1)
     1    0.008584    0.108601    0.117685    3.127772 ^ input155/X (sky130_fd_sc_hd__buf_1)
                                                         net155 (net)
                      0.108602    0.000338    3.128110 ^ fanout465/A (sky130_fd_sc_hd__clkbuf_4)
     6    0.085065    0.256095    0.308528    3.436638 ^ fanout465/X (sky130_fd_sc_hd__clkbuf_4)
                                                         net465 (net)
                      0.256095    0.000343    3.436981 ^ fanout460/A (sky130_fd_sc_hd__buf_4)
     8    0.088138    0.243342    0.318951    3.755933 ^ fanout460/X (sky130_fd_sc_hd__buf_4)
                                                         net460 (net)
                      0.243345    0.000760    3.756693 ^ fanout458/A (sky130_fd_sc_hd__buf_2)
    10    0.043710    0.215075    0.289268    4.045961 ^ fanout458/X (sky130_fd_sc_hd__buf_2)
                                                         net458 (net)
                      0.215200    0.002848    4.048809 ^ _10367_/A (sky130_fd_sc_hd__and4_1)
     2    0.004736    0.071873    0.224949    4.273757 ^ _10367_/X (sky130_fd_sc_hd__and4_1)
                                                         _02963_ (net)
                      0.071873    0.000039    4.273796 ^ _10369_/A_N (sky130_fd_sc_hd__and2b_1)
     1    0.005009    0.042864    0.187173    4.460969 v _10369_/X (sky130_fd_sc_hd__and2b_1)
                                                         _02966_ (net)
                      0.042864    0.000048    4.461018 v _10370_/B (sky130_fd_sc_hd__xnor2_1)
     2    0.008419    0.224655    0.210681    4.671699 ^ _10370_/Y (sky130_fd_sc_hd__xnor2_1)
                                                         _02967_ (net)
                      0.224655    0.000111    4.671810 ^ _10377_/A (sky130_fd_sc_hd__xor2_1)
     2    0.007803    0.199252    0.232157    4.903966 ^ _10377_/X (sky130_fd_sc_hd__xor2_1)
                                                         _02974_ (net)
                      0.199252    0.000080    4.904046 ^ _10379_/B (sky130_fd_sc_hd__xnor2_1)
     2    0.004652    0.061180    0.102367    5.006413 v _10379_/Y (sky130_fd_sc_hd__xnor2_1)
                                                         _02977_ (net)
                      0.061180    0.000027    5.006440 v _10382_/A (sky130_fd_sc_hd__and2_1)
     3    0.009878    0.063885    0.170454    5.176894 v _10382_/X (sky130_fd_sc_hd__and2_1)
                                                         _02980_ (net)
                      0.063885    0.000027    5.176921 v _10384_/A (sky130_fd_sc_hd__or2_1)
     3    0.007954    0.072361    0.258025    5.434946 v _10384_/X (sky130_fd_sc_hd__or2_1)
                                                         _02982_ (net)
                      0.072361    0.000022    5.434968 v _10424_/A (sky130_fd_sc_hd__or3_4)
     2    0.006936    0.069779    0.395931    5.830900 v _10424_/X (sky130_fd_sc_hd__or3_4)
                                                         _03026_ (net)
                      0.069779    0.000058    5.830958 v _10568_/A2 (sky130_fd_sc_hd__a211oi_2)
     5    0.017064    0.352659    0.375590    6.206548 ^ _10568_/Y (sky130_fd_sc_hd__a211oi_2)
                                                         _03184_ (net)
                      0.352659    0.000140    6.206688 ^ _10572_/A1 (sky130_fd_sc_hd__o21ai_1)
     2    0.006589    0.099176    0.154186    6.360874 v _10572_/Y (sky130_fd_sc_hd__o21ai_1)
                                                         _03188_ (net)
                      0.099176    0.000069    6.360943 v _10573_/C1 (sky130_fd_sc_hd__o211a_1)
     4    0.014386    0.088254    0.177852    6.538795 v _10573_/X (sky130_fd_sc_hd__o211a_1)
                                                         _03189_ (net)
                      0.088254    0.000260    6.539054 v _10577_/C (sky130_fd_sc_hd__or4_4)
     2    0.007245    0.089184    0.497743    7.036798 v _10577_/X (sky130_fd_sc_hd__or4_4)
                                                         _03193_ (net)
                      0.089184    0.000071    7.036869 v _10717_/A1 (sky130_fd_sc_hd__a211o_4)
     3    0.012481    0.061464    0.351445    7.388314 v _10717_/X (sky130_fd_sc_hd__a211o_4)
                                                         _03346_ (net)
                      0.061464    0.000147    7.388461 v _10720_/B1 (sky130_fd_sc_hd__o211a_1)
     3    0.009546    0.067740    0.159758    7.548219 v _10720_/X (sky130_fd_sc_hd__o211a_1)
                                                         _03350_ (net)
                      0.067740    0.000099    7.548319 v _10722_/C1 (sky130_fd_sc_hd__a211o_1)
     4    0.011900    0.087574    0.279320    7.827638 v _10722_/X (sky130_fd_sc_hd__a211o_1)
                                                         _03352_ (net)
                      0.087574    0.000085    7.827724 v _10724_/C (sky130_fd_sc_hd__and4_1)
     2    0.004106    0.044032    0.208940    8.036663 v _10724_/X (sky130_fd_sc_hd__and4_1)
                                                         _03354_ (net)
                      0.044032    0.000030    8.036694 v _10726_/A_N (sky130_fd_sc_hd__nand2b_1)
     1    0.004515    0.052163    0.145740    8.182434 v _10726_/Y (sky130_fd_sc_hd__nand2b_1)
                                                         _03356_ (net)
                      0.052163    0.000020    8.182453 v _10729_/A (sky130_fd_sc_hd__xnor2_1)
     1    0.002880    0.045934    0.122531    8.304984 v _10729_/Y (sky130_fd_sc_hd__xnor2_1)
                                                         _00022_ (net)
                      0.045934    0.000031    8.305016 v _13674_/D (sky130_fd_sc_hd__dfrtp_1)
                                              8.305016   data arrival time

                                 15.000000   15.000000   clock clk (rise edge)
                                  0.000000   15.000000   clock source latency
     1    0.046681    0.214570    0.152157   15.152157 ^ clk (in)
                                                         clk (net)
                      0.215027    0.000000   15.152157 ^ clkbuf_0_clk/A (sky130_fd_sc_hd__clkbuf_16)
     8    0.151713    0.163939    0.277307   15.429464 ^ clkbuf_0_clk/X (sky130_fd_sc_hd__clkbuf_16)
                                                         clknet_0_clk (net)
                      0.164263    0.005095   15.434559 ^ clkbuf_3_2__f_clk/A (sky130_fd_sc_hd__clkbuf_16)
    10    0.037474    0.058340    0.180398   15.614957 ^ clkbuf_3_2__f_clk/X (sky130_fd_sc_hd__clkbuf_16)
                                                         clknet_3_2__leaf_clk (net)
                      0.058511    0.002087   15.617044 ^ _13674_/CLK (sky130_fd_sc_hd__dfrtp_1)
                                 -0.250000   15.367045   clock uncertainty
                                  0.000000   15.367045   clock reconvergence pessimism
                                 -0.111589   15.255456   library setup time
                                             15.255456   data required time
---------------------------------------------------------------------------------------------
                                             15.255456   data required time
                                             -8.305016   data arrival time
---------------------------------------------------------------------------------------------
                                              6.950440   slack (MET)


Startpoint: x0[4] (input port clocked by clk)
Endpoint: _13656_ (rising edge-triggered flip-flop clocked by clk)
Path Group: clk
Path Type: max

Fanout         Cap        Slew       Delay        Time   Description
---------------------------------------------------------------------------------------------
                                  0.000000    0.000000   clock clk (rise edge)
                                  0.000000    0.000000   clock network delay (propagated)
                                  3.000000    3.000000 ^ input external delay
     1    0.002790    0.019689    0.010262    3.010262 ^ x0[4] (in)
                                                         x0[4] (net)
                      0.019689    0.000000    3.010262 ^ input134/A (sky130_fd_sc_hd__buf_1)
     1    0.012047    0.147881    0.144966    3.155227 ^ input134/X (sky130_fd_sc_hd__buf_1)
                                                         net134 (net)
                      0.147883    0.000424    3.155652 ^ fanout626/A (sky130_fd_sc_hd__buf_4)
     7    0.082821    0.230024    0.280852    3.436504 ^ fanout626/X (sky130_fd_sc_hd__buf_4)
                                                         net626 (net)
                      0.230079    0.002957    3.439460 ^ fanout625/A (sky130_fd_sc_hd__buf_2)
     7    0.035079    0.174443    0.258531    3.697991 ^ fanout625/X (sky130_fd_sc_hd__buf_2)
                                                         net625 (net)
                      0.174443    0.000325    3.698316 ^ fanout624/A (sky130_fd_sc_hd__clkbuf_4)
    10    0.050875    0.157991    0.264746    3.963062 ^ fanout624/X (sky130_fd_sc_hd__clkbuf_4)
                                                         net624 (net)
                      0.157991    0.000170    3.963232 ^ _08850_/B (sky130_fd_sc_hd__and4_1)
     2    0.004557    0.070709    0.215405    4.178637 ^ _08850_/X (sky130_fd_sc_hd__and4_1)
                                                         _01316_ (net)
                      0.070709    0.000035    4.178671 ^ _08852_/A_N (sky130_fd_sc_hd__and2b_1)
     1    0.005165    0.043502    0.187566    4.366238 v _08852_/X (sky130_fd_sc_hd__and2b_1)
                                                         _01318_ (net)
                      0.043502    0.000032    4.366270 v _08853_/B (sky130_fd_sc_hd__xnor2_1)
     3    0.011929    0.303625    0.263758    4.630028 ^ _08853_/Y (sky130_fd_sc_hd__xnor2_1)
                                                         _01319_ (net)
                      0.303625    0.000126    4.630154 ^ _08862_/A (sky130_fd_sc_hd__nand3_2)
     3    0.007882    0.104786    0.126064    4.756218 v _08862_/Y (sky130_fd_sc_hd__nand3_2)
                                                         _01328_ (net)
                      0.104786    0.000044    4.756263 v _08865_/B (sky130_fd_sc_hd__and3_1)
     2    0.006796    0.054092    0.205428    4.961690 v _08865_/X (sky130_fd_sc_hd__and3_1)
                                                         _01331_ (net)
                      0.054092    0.000068    4.961759 v _08868_/A (sky130_fd_sc_hd__or3_4)
     4    0.019957    0.091150    0.424361    5.386119 v _08868_/X (sky130_fd_sc_hd__or3_4)
                                                         _01334_ (net)
                      0.091150    0.000478    5.386598 v _08871_/A (sky130_fd_sc_hd__and3_4)
     4    0.021825    0.053304    0.192405    5.579003 v _08871_/X (sky130_fd_sc_hd__and3_4)
                                                         _01337_ (net)
                      0.053304    0.000236    5.579238 v _08874_/A1 (sky130_fd_sc_hd__o21a_4)
     2    0.012804    0.044646    0.226605    5.805844 v _08874_/X (sky130_fd_sc_hd__o21a_4)
                                                         _01340_ (net)
                      0.044646    0.000142    5.805985 v _08876_/A2 (sky130_fd_sc_hd__o211a_1)
     3    0.009089    0.066651    0.232738    6.038723 v _08876_/X (sky130_fd_sc_hd__o211a_1)
                                                         _01342_ (net)
                      0.066651    0.000121    6.038844 v _08878_/A (sky130_fd_sc_hd__or3_4)
     2    0.007160    0.070174    0.394472    6.433316 v _08878_/X (sky130_fd_sc_hd__or3_4)
                                                         _01345_ (net)
                      0.070174    0.000022    6.433339 v rebuffer3/A (sky130_fd_sc_hd__dlymetal6s2s_1)
     1    0.003008    0.039104    0.145351    6.578690 v rebuffer3/X (sky130_fd_sc_hd__dlymetal6s2s_1)
                                                         net722 (net)
                      0.039104    0.000029    6.578719 v _08882_/A1 (sky130_fd_sc_hd__a211oi_1)
     3    0.011521    0.420779    0.374215    6.952934 ^ _08882_/Y (sky130_fd_sc_hd__a211oi_1)
                                                         _01349_ (net)
                      0.420779    0.000309    6.953243 ^ _08883_/D (sky130_fd_sc_hd__nor4_1)
     2    0.006206    0.101827    0.117777    7.071021 v _08883_/Y (sky130_fd_sc_hd__nor4_1)
                                                         _01350_ (net)
                      0.101827    0.000071    7.071092 v _08887_/A1 (sky130_fd_sc_hd__o211a_1)
     3    0.009669    0.068380    0.274339    7.345431 v _08887_/X (sky130_fd_sc_hd__o211a_1)
                                                         _01354_ (net)
                      0.068380    0.000060    7.345490 v _08889_/C (sky130_fd_sc_hd__or3_1)
     4    0.011817    0.111401    0.372371    7.717862 v _08889_/X (sky130_fd_sc_hd__or3_1)
                                                         _01357_ (net)
                      0.111401    0.000106    7.717968 v _08894_/A1 (sky130_fd_sc_hd__a21o_1)
     3    0.007735    0.054379    0.200449    7.918417 v _08894_/X (sky130_fd_sc_hd__a21o_1)
                                                         _01362_ (net)
                      0.054379    0.000052    7.918469 v _08896_/B2 (sky130_fd_sc_hd__a22o_1)
     1    0.001939    0.035721    0.188467    8.106936 v _08896_/X (sky130_fd_sc_hd__a22o_1)
                                                         _01364_ (net)
                      0.035721    0.000017    8.106953 v _08897_/B (sky130_fd_sc_hd__and2b_1)
     1    0.004831    0.042211    0.156786    8.263739 v _08897_/X (sky130_fd_sc_hd__and2b_1)
                                                         _00063_ (net)
                      0.042211    0.000099    8.263837 v _13656_/D (sky130_fd_sc_hd__dfrtp_1)
                                              8.263837   data arrival time

                                 15.000000   15.000000   clock clk (rise edge)
                                  0.000000   15.000000   clock source latency
     1    0.046681    0.214570    0.152157   15.152157 ^ clk (in)
                                                         clk (net)
                      0.215027    0.000000   15.152157 ^ clkbuf_0_clk/A (sky130_fd_sc_hd__clkbuf_16)
     8    0.151713    0.163939    0.277307   15.429464 ^ clkbuf_0_clk/X (sky130_fd_sc_hd__clkbuf_16)
                                                         clknet_0_clk (net)
                      0.164105    0.003027   15.432491 ^ clkbuf_3_7__f_clk/A (sky130_fd_sc_hd__clkbuf_16)
    10    0.044032    0.064196    0.185526   15.618017 ^ clkbuf_3_7__f_clk/X (sky130_fd_sc_hd__clkbuf_16)
                                                         clknet_3_7__leaf_clk (net)
                      0.064239    0.001460   15.619477 ^ _13656_/CLK (sky130_fd_sc_hd__dfrtp_1)
                                 -0.250000   15.369478   clock uncertainty
                                  0.000000   15.369478   clock reconvergence pessimism
                                 -0.108656   15.260822   library setup time
                                             15.260822   data required time
---------------------------------------------------------------------------------------------
                                             15.260822   data required time
                                             -8.263837   data arrival time
---------------------------------------------------------------------------------------------
                                              6.996985   slack (MET)


Startpoint: x3[1] (input port clocked by clk)
Endpoint: _13639_ (rising edge-triggered flip-flop clocked by clk)
Path Group: clk
Path Type: max

Fanout         Cap        Slew       Delay        Time   Description
---------------------------------------------------------------------------------------------
                                  0.000000    0.000000   clock clk (rise edge)
                                  0.000000    0.000000   clock network delay (propagated)
                                  3.000000    3.000000 ^ input external delay
     1    0.002740    0.019477    0.010087    3.010087 ^ x3[1] (in)
                                                         x3[1] (net)
                      0.019477    0.000000    3.010087 ^ input155/A (sky130_fd_sc_hd__buf_1)
     1    0.008584    0.108601    0.117685    3.127772 ^ input155/X (sky130_fd_sc_hd__buf_1)
                                                         net155 (net)
                      0.108602    0.000338    3.128110 ^ fanout465/A (sky130_fd_sc_hd__clkbuf_4)
     6    0.085065    0.256095    0.308528    3.436638 ^ fanout465/X (sky130_fd_sc_hd__clkbuf_4)
                                                         net465 (net)
                      0.256114    0.001856    3.438494 ^ fanout464/A (sky130_fd_sc_hd__buf_2)
     6    0.041626    0.205131    0.286568    3.725062 ^ fanout464/X (sky130_fd_sc_hd__buf_2)
                                                         net464 (net)
                      0.205131    0.000087    3.725149 ^ fanout462/A (sky130_fd_sc_hd__buf_2)
    10    0.046473    0.228071    0.287844    4.012993 ^ fanout462/X (sky130_fd_sc_hd__buf_2)
                                                         net462 (net)
                      0.228132    0.003085    4.016078 ^ _12079_/A (sky130_fd_sc_hd__and4_1)
     2    0.005015    0.077046    0.230835    4.246912 ^ _12079_/X (sky130_fd_sc_hd__and4_1)
                                                         _04829_ (net)
                      0.077046    0.000028    4.246940 ^ _12081_/A_N (sky130_fd_sc_hd__and2b_1)
     1    0.005162    0.043491    0.189378    4.436318 v _12081_/X (sky130_fd_sc_hd__and2b_1)
                                                         _04831_ (net)
                      0.043491    0.000053    4.436371 v _12082_/B (sky130_fd_sc_hd__xnor2_1)
     2    0.008430    0.224890    0.211079    4.647450 ^ _12082_/Y (sky130_fd_sc_hd__xnor2_1)
                                                         _04832_ (net)
                      0.224890    0.000111    4.647562 ^ _12089_/A (sky130_fd_sc_hd__xor2_1)
     2    0.008234    0.214551    0.238104    4.885665 ^ _12089_/X (sky130_fd_sc_hd__xor2_1)
                                                         _04840_ (net)
                      0.214551    0.000068    4.885733 ^ _12091_/B (sky130_fd_sc_hd__xnor2_1)
     2    0.005255    0.066920    0.110081    4.995814 v _12091_/Y (sky130_fd_sc_hd__xnor2_1)
                                                         _04842_ (net)
                      0.066920    0.000031    4.995845 v _12094_/A (sky130_fd_sc_hd__and2_1)
     3    0.010788    0.067631    0.176375    5.172220 v _12094_/X (sky130_fd_sc_hd__and2_1)
                                                         _04845_ (net)
                      0.067631    0.000053    5.172274 v _12096_/A (sky130_fd_sc_hd__or2_1)
     3    0.008186    0.073259    0.260759    5.433033 v _12096_/X (sky130_fd_sc_hd__or2_1)
                                                         _04847_ (net)
                      0.073259    0.000041    5.433074 v _12136_/A (sky130_fd_sc_hd__or3_4)
     2    0.012412    0.078405    0.412861    5.845934 v _12136_/X (sky130_fd_sc_hd__or3_4)
                                                         _04891_ (net)
                      0.078405    0.000125    5.846060 v _12279_/A2 (sky130_fd_sc_hd__a211oi_4)
     5    0.017070    0.273463    0.326492    6.172552 ^ _12279_/Y (sky130_fd_sc_hd__a211oi_4)
                                                         _05048_ (net)
                      0.273463    0.000119    6.172670 ^ _12283_/A1 (sky130_fd_sc_hd__o21ai_1)
     2    0.008407    0.100647    0.154402    6.327073 v _12283_/Y (sky130_fd_sc_hd__o21ai_1)
                                                         _05052_ (net)
                      0.100647    0.000079    6.327152 v _12286_/A2 (sky130_fd_sc_hd__a211oi_1)
     3    0.011108    0.409115    0.421872    6.749024 ^ _12286_/Y (sky130_fd_sc_hd__a211oi_1)
                                                         _05055_ (net)
                      0.409115    0.000198    6.749222 ^ _12287_/D (sky130_fd_sc_hd__nor4_1)
     2    0.008345    0.110765    0.134939    6.884161 v _12287_/Y (sky130_fd_sc_hd__nor4_1)
                                                         _05056_ (net)
                      0.110765    0.000134    6.884295 v max_cap232/A (sky130_fd_sc_hd__clkbuf_1)
     1    0.004334    0.034951    0.123841    7.008136 v max_cap232/X (sky130_fd_sc_hd__clkbuf_1)
                                                         net232 (net)
                      0.034951    0.000037    7.008173 v _12290_/B1 (sky130_fd_sc_hd__a211oi_2)
     4    0.017461    0.358682    0.348329    7.356501 ^ _12290_/Y (sky130_fd_sc_hd__a211oi_2)
                                                         _05060_ (net)
                      0.358682    0.000217    7.356718 ^ _12292_/B (sky130_fd_sc_hd__nor3_2)
     6    0.017968    0.106742    0.140108    7.496826 v _12292_/Y (sky130_fd_sc_hd__nor3_2)
                                                         _05062_ (net)
                      0.106743    0.000365    7.497190 v _12296_/A (sky130_fd_sc_hd__or3_1)
     3    0.007848    0.093959    0.422119    7.919310 v _12296_/X (sky130_fd_sc_hd__or3_1)
                                                         _05066_ (net)
                      0.093959    0.000087    7.919397 v _12299_/B1 (sky130_fd_sc_hd__a22o_1)
     1    0.001824    0.036103    0.184258    8.103655 v _12299_/X (sky130_fd_sc_hd__a22o_1)
                                                         _05070_ (net)
                      0.036103    0.000008    8.103662 v _12300_/B (sky130_fd_sc_hd__and2b_1)
     1    0.002270    0.031325    0.143149    8.246812 v _12300_/X (sky130_fd_sc_hd__and2b_1)
                                                         _00035_ (net)
                      0.031325    0.000020    8.246832 v _13639_/D (sky130_fd_sc_hd__dfrtp_1)
                                              8.246832   data arrival time

                                 15.000000   15.000000   clock clk (rise edge)
                                  0.000000   15.000000   clock source latency
     1    0.046681    0.214570    0.152157   15.152157 ^ clk (in)
                                                         clk (net)
                      0.215027    0.000000   15.152157 ^ clkbuf_0_clk/A (sky130_fd_sc_hd__clkbuf_16)
     8    0.151713    0.163939    0.277307   15.429464 ^ clkbuf_0_clk/X (sky130_fd_sc_hd__clkbuf_16)
                                                         clknet_0_clk (net)
                      0.164149    0.003729   15.433193 ^ clkbuf_3_6__f_clk/A (sky130_fd_sc_hd__clkbuf_16)
    10    0.030540    0.052499    0.175785   15.608977 ^ clkbuf_3_6__f_clk/X (sky130_fd_sc_hd__clkbuf_16)
                                                         clknet_3_6__leaf_clk (net)
                      0.052514    0.000719   15.609697 ^ _13639_/CLK (sky130_fd_sc_hd__dfrtp_1)
                                 -0.250000   15.359698   clock uncertainty
                                  0.000000   15.359698   clock reconvergence pessimism
                                 -0.106590   15.253108   library setup time
                                             15.253108   data required time
---------------------------------------------------------------------------------------------
                                             15.253108   data required time
                                             -8.246832   data arrival time
---------------------------------------------------------------------------------------------
                                              7.006276   slack (MET)


Startpoint: x3[1] (input port clocked by clk)
Endpoint: _13673_ (rising edge-triggered flip-flop clocked by clk)
Path Group: clk
Path Type: max

Fanout         Cap        Slew       Delay        Time   Description
---------------------------------------------------------------------------------------------
                                  0.000000    0.000000   clock clk (rise edge)
                                  0.000000    0.000000   clock network delay (propagated)
                                  3.000000    3.000000 ^ input external delay
     1    0.002740    0.019477    0.010087    3.010087 ^ x3[1] (in)
                                                         x3[1] (net)
                      0.019477    0.000000    3.010087 ^ input155/A (sky130_fd_sc_hd__buf_1)
     1    0.008584    0.108601    0.117685    3.127772 ^ input155/X (sky130_fd_sc_hd__buf_1)
                                                         net155 (net)
                      0.108602    0.000338    3.128110 ^ fanout465/A (sky130_fd_sc_hd__clkbuf_4)
     6    0.085065    0.256095    0.308528    3.436638 ^ fanout465/X (sky130_fd_sc_hd__clkbuf_4)
                                                         net465 (net)
                      0.256095    0.000343    3.436981 ^ fanout460/A (sky130_fd_sc_hd__buf_4)
     8    0.088138    0.243342    0.318951    3.755933 ^ fanout460/X (sky130_fd_sc_hd__buf_4)
                                                         net460 (net)
                      0.243345    0.000760    3.756693 ^ fanout458/A (sky130_fd_sc_hd__buf_2)
    10    0.043710    0.215075    0.289268    4.045961 ^ fanout458/X (sky130_fd_sc_hd__buf_2)
                                                         net458 (net)
                      0.215200    0.002848    4.048809 ^ _10367_/A (sky130_fd_sc_hd__and4_1)
     2    0.004736    0.071873    0.224949    4.273757 ^ _10367_/X (sky130_fd_sc_hd__and4_1)
                                                         _02963_ (net)
                      0.071873    0.000039    4.273796 ^ _10369_/A_N (sky130_fd_sc_hd__and2b_1)
     1    0.005009    0.042864    0.187173    4.460969 v _10369_/X (sky130_fd_sc_hd__and2b_1)
                                                         _02966_ (net)
                      0.042864    0.000048    4.461018 v _10370_/B (sky130_fd_sc_hd__xnor2_1)
     2    0.008419    0.224655    0.210681    4.671699 ^ _10370_/Y (sky130_fd_sc_hd__xnor2_1)
                                                         _02967_ (net)
                      0.224655    0.000111    4.671810 ^ _10377_/A (sky130_fd_sc_hd__xor2_1)
     2    0.007803    0.199252    0.232157    4.903966 ^ _10377_/X (sky130_fd_sc_hd__xor2_1)
                                                         _02974_ (net)
                      0.199252    0.000080    4.904046 ^ _10379_/B (sky130_fd_sc_hd__xnor2_1)
     2    0.004652    0.061180    0.102367    5.006413 v _10379_/Y (sky130_fd_sc_hd__xnor2_1)
                                                         _02977_ (net)
                      0.061180    0.000027    5.006440 v _10382_/A (sky130_fd_sc_hd__and2_1)
     3    0.009878    0.063885    0.170454    5.176894 v _10382_/X (sky130_fd_sc_hd__and2_1)
                                                         _02980_ (net)
                      0.063885    0.000027    5.176921 v _10384_/A (sky130_fd_sc_hd__or2_1)
     3    0.007954    0.072361    0.258025    5.434946 v _10384_/X (sky130_fd_sc_hd__or2_1)
                                                         _02982_ (net)
                      0.072361    0.000022    5.434968 v _10424_/A (sky130_fd_sc_hd__or3_4)
     2    0.006936    0.069779    0.395931    5.830900 v _10424_/X (sky130_fd_sc_hd__or3_4)
                                                         _03026_ (net)
                      0.069779    0.000058    5.830958 v _10568_/A2 (sky130_fd_sc_hd__a211oi_2)
     5    0.017064    0.352659    0.375590    6.206548 ^ _10568_/Y (sky130_fd_sc_hd__a211oi_2)
                                                         _03184_ (net)
                      0.352659    0.000140    6.206688 ^ _10572_/A1 (sky130_fd_sc_hd__o21ai_1)
     2    0.006589    0.099176    0.154186    6.360874 v _10572_/Y (sky130_fd_sc_hd__o21ai_1)
                                                         _03188_ (net)
                      0.099176    0.000076    6.360950 v _10575_/A2 (sky130_fd_sc_hd__a211oi_1)
     3    0.010863    0.402314    0.416125    6.777075 ^ _10575_/Y (sky130_fd_sc_hd__a211oi_1)
                                                         _03191_ (net)
                      0.402314    0.000184    6.777259 ^ _10576_/D (sky130_fd_sc_hd__nor4_1)
     1    0.002366    0.080705    0.079554    6.856813 v _10576_/Y (sky130_fd_sc_hd__nor4_1)
                                                         _03192_ (net)
                      0.080705    0.000013    6.856826 v wire234/A (sky130_fd_sc_hd__clkbuf_1)
     2    0.007312    0.050478    0.124354    6.981180 v wire234/X (sky130_fd_sc_hd__clkbuf_1)
                                                         net234 (net)
                      0.050478    0.000095    6.981275 v _10579_/B1 (sky130_fd_sc_hd__a211o_1)
     4    0.014758    0.099994    0.326602    7.307878 v _10579_/X (sky130_fd_sc_hd__a211o_1)
                                                         _03196_ (net)
                      0.099994    0.000199    7.308076 v _10582_/A1 (sky130_fd_sc_hd__a21o_1)
     4    0.010285    0.063587    0.206488    7.514565 v _10582_/X (sky130_fd_sc_hd__a21o_1)
                                                         _03199_ (net)
                      0.063587    0.000126    7.514690 v _10586_/A2 (sky130_fd_sc_hd__a21o_1)
     3    0.007190    0.051877    0.199806    7.714496 v _10586_/X (sky130_fd_sc_hd__a21o_1)
                                                         _03203_ (net)
                      0.051877    0.000076    7.714572 v _10588_/B2 (sky130_fd_sc_hd__a22o_1)
     1    0.002146    0.036727    0.189091    7.903663 v _10588_/X (sky130_fd_sc_hd__a22o_1)
                                                         _03206_ (net)
                      0.036727    0.000020    7.903683 v _10589_/B (sky130_fd_sc_hd__and2b_1)
     1    0.002575    0.032610    0.145319    8.049003 v _10589_/X (sky130_fd_sc_hd__and2b_1)
                                                         _00021_ (net)
                      0.032610    0.000025    8.049027 v _13673_/D (sky130_fd_sc_hd__dfrtp_1)
                                              8.049027   data arrival time

                                 15.000000   15.000000   clock clk (rise edge)
                                  0.000000   15.000000   clock source latency
     1    0.046681    0.214570    0.152157   15.152157 ^ clk (in)
                                                         clk (net)
                      0.215027    0.000000   15.152157 ^ clkbuf_0_clk/A (sky130_fd_sc_hd__clkbuf_16)
     8    0.151713    0.163939    0.277307   15.429464 ^ clkbuf_0_clk/X (sky130_fd_sc_hd__clkbuf_16)
                                                         clknet_0_clk (net)
                      0.164263    0.005095   15.434559 ^ clkbuf_3_2__f_clk/A (sky130_fd_sc_hd__clkbuf_16)
    10    0.037474    0.058340    0.180398   15.614957 ^ clkbuf_3_2__f_clk/X (sky130_fd_sc_hd__clkbuf_16)
                                                         clknet_3_2__leaf_clk (net)
                      0.058483    0.001831   15.616788 ^ _13673_/CLK (sky130_fd_sc_hd__dfrtp_1)
                                 -0.250000   15.366789   clock uncertainty
                                  0.000000   15.366789   clock reconvergence pessimism
                                 -0.105787   15.261002   library setup time
                                             15.261002   data required time
---------------------------------------------------------------------------------------------
                                             15.261002   data required time
                                             -8.049027   data arrival time
---------------------------------------------------------------------------------------------
                                              7.211974   slack (MET)


Startpoint: x0[2] (input port clocked by clk)
Endpoint: _13690_ (rising edge-triggered flip-flop clocked by clk)
Path Group: clk
Path Type: max

Fanout         Cap        Slew       Delay        Time   Description
---------------------------------------------------------------------------------------------
                                  0.000000    0.000000   clock clk (rise edge)
                                  0.000000    0.000000   clock network delay (propagated)
                                  3.000000    3.000000 ^ input external delay
     1    0.002974    0.020480    0.010909    3.010909 ^ x0[2] (in)
                                                         x0[2] (net)
                      0.020480    0.000000    3.010909 ^ input132/A (sky130_fd_sc_hd__clkbuf_2)
     3    0.039298    0.215191    0.215858    3.226767 ^ input132/X (sky130_fd_sc_hd__clkbuf_2)
                                                         net132 (net)
                      0.215206    0.001502    3.228269 ^ fanout641/A (sky130_fd_sc_hd__clkbuf_4)
     7    0.065406    0.198975    0.305823    3.534092 ^ fanout641/X (sky130_fd_sc_hd__clkbuf_4)
                                                         net641 (net)
                      0.199124    0.004490    3.538582 ^ fanout638/A (sky130_fd_sc_hd__buf_4)
    10    0.061412    0.173164    0.255984    3.794567 ^ fanout638/X (sky130_fd_sc_hd__buf_4)
                                                         net638 (net)
                      0.173166    0.000945    3.795512 ^ _07160_/A (sky130_fd_sc_hd__nand2_1)
     3    0.006992    0.077274    0.102201    3.897713 v _07160_/Y (sky130_fd_sc_hd__nand2_1)
                                                         _05078_ (net)
                      0.077274    0.000048    3.897761 v _07163_/A (sky130_fd_sc_hd__or3_1)
     2    0.005582    0.080186    0.394939    4.292701 v _07163_/X (sky130_fd_sc_hd__or3_1)
                                                         _05111_ (net)
                      0.080186    0.000024    4.292725 v _07167_/A1 (sky130_fd_sc_hd__a21o_1)
     3    0.008432    0.057615    0.190735    4.483459 v _07167_/X (sky130_fd_sc_hd__a21o_1)
                                                         _05155_ (net)
                      0.057615    0.000071    4.483531 v _07169_/A2 (sky130_fd_sc_hd__a21o_1)
     2    0.006596    0.049216    0.194641    4.678172 v _07169_/X (sky130_fd_sc_hd__a21o_1)
                                                         _05177_ (net)
                      0.049216    0.000115    4.678287 v _07171_/B (sky130_fd_sc_hd__and3_1)
     4    0.012877    0.078839    0.205759    4.884045 v _07171_/X (sky130_fd_sc_hd__and3_1)
                                                         _05199_ (net)
                      0.078839    0.000149    4.884194 v _07174_/B (sky130_fd_sc_hd__nor3_1)
     2    0.010410    0.341720    0.326143    5.210337 ^ _07174_/Y (sky130_fd_sc_hd__nor3_1)
                                                         _05231_ (net)
                      0.341720    0.000192    5.210529 ^ _07177_/B1 (sky130_fd_sc_hd__a211oi_2)
     4    0.016410    0.109553    0.133940    5.344469 v _07177_/Y (sky130_fd_sc_hd__a211oi_2)
                                                         _05264_ (net)
                      0.109553    0.000216    5.344685 v _07179_/C (sky130_fd_sc_hd__nor4_2)
     3    0.011727    0.372562    0.359591    5.704277 ^ _07179_/Y (sky130_fd_sc_hd__nor4_2)
                                                         _05286_ (net)
                      0.372562    0.000046    5.704322 ^ max_cap240/A (sky130_fd_sc_hd__buf_1)
     2    0.010082    0.126621    0.189164    5.893487 ^ max_cap240/X (sky130_fd_sc_hd__buf_1)
                                                         net240 (net)
                      0.126621    0.000106    5.893593 ^ _07181_/B1 (sky130_fd_sc_hd__a211oi_2)
     5    0.015341    0.088512    0.088695    5.982288 v _07181_/Y (sky130_fd_sc_hd__a211oi_2)
                                                         _05308_ (net)
                      0.088512    0.000187    5.982475 v _07184_/B (sky130_fd_sc_hd__or3_1)
     2    0.007544    0.094292    0.390604    6.373079 v _07184_/X (sky130_fd_sc_hd__or3_1)
                                                         _05341_ (net)
                      0.094292    0.000042    6.373121 v _07186_/B1 (sky130_fd_sc_hd__o211a_1)
     4    0.016014    0.095236    0.198945    6.572066 v _07186_/X (sky130_fd_sc_hd__o211a_1)
                                                         _05363_ (net)
                      0.095236    0.000301    6.572367 v _07189_/B (sky130_fd_sc_hd__nor3_1)
     2    0.009641    0.331050    0.316234    6.888600 ^ _07189_/Y (sky130_fd_sc_hd__nor3_1)
                                                         _05395_ (net)
                      0.331050    0.000114    6.888715 ^ _07192_/B1 (sky130_fd_sc_hd__a211oi_2)
     5    0.015523    0.110460    0.130005    7.018720 v _07192_/Y (sky130_fd_sc_hd__a211oi_2)
                                                         _05428_ (net)
                      0.110460    0.000047    7.018766 v _07195_/B (sky130_fd_sc_hd__or3_1)
     4    0.009649    0.101949    0.412984    7.431750 v _07195_/X (sky130_fd_sc_hd__or3_1)
                                                         _05461_ (net)
                      0.101949    0.000080    7.431830 v _07200_/A1 (sky130_fd_sc_hd__a21o_1)
     3    0.008028    0.055781    0.197852    7.629682 v _07200_/X (sky130_fd_sc_hd__a21o_1)
                                                         _05516_ (net)
                      0.055781    0.000107    7.629788 v _07202_/B2 (sky130_fd_sc_hd__a22o_1)
     1    0.001819    0.036018    0.188136    7.817924 v _07202_/X (sky130_fd_sc_hd__a22o_1)
                                                         _05538_ (net)
                      0.036018    0.000008    7.817932 v _07203_/B (sky130_fd_sc_hd__and2b_1)
     1    0.003144    0.035276    0.148574    7.966507 v _07203_/X (sky130_fd_sc_hd__and2b_1)
                                                         _00049_ (net)
                      0.035276    0.000036    7.966542 v _13690_/D (sky130_fd_sc_hd__dfrtp_1)
                                              7.966542   data arrival time

                                 15.000000   15.000000   clock clk (rise edge)
                                  0.000000   15.000000   clock source latency
     1    0.046681    0.214570    0.152157   15.152157 ^ clk (in)
                                                         clk (net)
                      0.215027    0.000000   15.152157 ^ clkbuf_0_clk/A (sky130_fd_sc_hd__clkbuf_16)
     8    0.151713    0.163939    0.277307   15.429464 ^ clkbuf_0_clk/X (sky130_fd_sc_hd__clkbuf_16)
                                                         clknet_0_clk (net)
                      0.164186    0.004226   15.433690 ^ clkbuf_3_3__f_clk/A (sky130_fd_sc_hd__clkbuf_16)
    10    0.032705    0.054341    0.177360   15.611051 ^ clkbuf_3_3__f_clk/X (sky130_fd_sc_hd__clkbuf_16)
                                                         clknet_3_3__leaf_clk (net)
                      0.054345    0.000833   15.611884 ^ _13690_/CLK (sky130_fd_sc_hd__dfrtp_1)
                                 -0.250000   15.361885   clock uncertainty
                                  0.000000   15.361885   clock reconvergence pessimism
                                 -0.107895   15.253988   library setup time
                                             15.253988   data required time
---------------------------------------------------------------------------------------------
                                             15.253988   data required time
                                             -7.966542   data arrival time
---------------------------------------------------------------------------------------------
                                              7.287446   slack (MET)


Startpoint: x3[1] (input port clocked by clk)
Endpoint: _13638_ (rising edge-triggered flip-flop clocked by clk)
Path Group: clk
Path Type: max

Fanout         Cap        Slew       Delay        Time   Description
---------------------------------------------------------------------------------------------
                                  0.000000    0.000000   clock clk (rise edge)
                                  0.000000    0.000000   clock network delay (propagated)
                                  3.000000    3.000000 ^ input external delay
     1    0.002740    0.019477    0.010087    3.010087 ^ x3[1] (in)
                                                         x3[1] (net)
                      0.019477    0.000000    3.010087 ^ input155/A (sky130_fd_sc_hd__buf_1)
     1    0.008584    0.108601    0.117685    3.127772 ^ input155/X (sky130_fd_sc_hd__buf_1)
                                                         net155 (net)
                      0.108602    0.000338    3.128110 ^ fanout465/A (sky130_fd_sc_hd__clkbuf_4)
     6    0.085065    0.256095    0.308528    3.436638 ^ fanout465/X (sky130_fd_sc_hd__clkbuf_4)
                                                         net465 (net)
                      0.256114    0.001856    3.438494 ^ fanout464/A (sky130_fd_sc_hd__buf_2)
     6    0.041626    0.205131    0.286568    3.725062 ^ fanout464/X (sky130_fd_sc_hd__buf_2)
                                                         net464 (net)
                      0.205131    0.000087    3.725149 ^ fanout462/A (sky130_fd_sc_hd__buf_2)
    10    0.046473    0.228071    0.287844    4.012993 ^ fanout462/X (sky130_fd_sc_hd__buf_2)
                                                         net462 (net)
                      0.228132    0.003085    4.016078 ^ _12079_/A (sky130_fd_sc_hd__and4_1)
     2    0.005015    0.077046    0.230835    4.246912 ^ _12079_/X (sky130_fd_sc_hd__and4_1)
                                                         _04829_ (net)
                      0.077046    0.000028    4.246940 ^ _12081_/A_N (sky130_fd_sc_hd__and2b_1)
     1    0.005162    0.043491    0.189378    4.436318 v _12081_/X (sky130_fd_sc_hd__and2b_1)
                                                         _04831_ (net)
                      0.043491    0.000053    4.436371 v _12082_/B (sky130_fd_sc_hd__xnor2_1)
     2    0.008430    0.224890    0.211079    4.647450 ^ _12082_/Y (sky130_fd_sc_hd__xnor2_1)
                                                         _04832_ (net)
                      0.224890    0.000111    4.647562 ^ _12089_/A (sky130_fd_sc_hd__xor2_1)
     2    0.008234    0.214551    0.238104    4.885665 ^ _12089_/X (sky130_fd_sc_hd__xor2_1)
                                                         _04840_ (net)
                      0.214551    0.000068    4.885733 ^ _12091_/B (sky130_fd_sc_hd__xnor2_1)
     2    0.005255    0.066920    0.110081    4.995814 v _12091_/Y (sky130_fd_sc_hd__xnor2_1)
                                                         _04842_ (net)
                      0.066920    0.000031    4.995845 v _12094_/A (sky130_fd_sc_hd__and2_1)
     3    0.010788    0.067631    0.176375    5.172220 v _12094_/X (sky130_fd_sc_hd__and2_1)
                                                         _04845_ (net)
                      0.067631    0.000053    5.172274 v _12096_/A (sky130_fd_sc_hd__or2_1)
     3    0.008186    0.073259    0.260759    5.433033 v _12096_/X (sky130_fd_sc_hd__or2_1)
                                                         _04847_ (net)
                      0.073259    0.000045    5.433078 v _12135_/A (sky130_fd_sc_hd__nor3_1)
     2    0.009617    0.330523    0.321329    5.754406 ^ _12135_/Y (sky130_fd_sc_hd__nor3_1)
                                                         _04890_ (net)
                      0.330523    0.000119    5.754525 ^ _12144_/B1 (sky130_fd_sc_hd__a211oi_2)
     5    0.018659    0.110964    0.138741    5.893267 v _12144_/Y (sky130_fd_sc_hd__a211oi_2)
                                                         _04900_ (net)
                      0.110964    0.000229    5.893495 v _12147_/B (sky130_fd_sc_hd__or3_2)
     2    0.013156    0.110788    0.520851    6.414347 v _12147_/X (sky130_fd_sc_hd__or3_2)
                                                         _04903_ (net)
                      0.110788    0.000131    6.414478 v _12157_/A1 (sky130_fd_sc_hd__a211o_1)
     3    0.008957    0.076033    0.311373    6.725851 v _12157_/X (sky130_fd_sc_hd__a211o_1)
                                                         _04914_ (net)
                      0.076033    0.000116    6.725966 v _12158_/C (sky130_fd_sc_hd__and3_1)
     2    0.007105    0.055534    0.209307    6.935274 v _12158_/X (sky130_fd_sc_hd__and3_1)
                                                         _04916_ (net)
                      0.055534    0.000047    6.935320 v _12167_/B1 (sky130_fd_sc_hd__a211oi_2)
     4    0.010867    0.259960    0.278778    7.214098 ^ _12167_/Y (sky130_fd_sc_hd__a211oi_2)
                                                         _04925_ (net)
                      0.259960    0.000105    7.214204 ^ _12169_/A_N (sky130_fd_sc_hd__nand2b_1)
     2    0.012797    0.141969    0.214540    7.428744 ^ _12169_/Y (sky130_fd_sc_hd__nand2b_1)
                                                         _04928_ (net)
                      0.141969    0.000068    7.428812 ^ _12175_/A (sky130_fd_sc_hd__xor2_2)
     4    0.012878    0.195648    0.210601    7.639413 ^ _12175_/X (sky130_fd_sc_hd__xor2_2)
                                                         _04934_ (net)
                      0.195648    0.000099    7.639513 ^ _12181_/A (sky130_fd_sc_hd__xor2_1)
     1    0.003099    0.116850    0.162963    7.802475 ^ _12181_/X (sky130_fd_sc_hd__xor2_1)
                                                         _00034_ (net)
                      0.116850    0.000036    7.802512 ^ _13638_/D (sky130_fd_sc_hd__dfrtp_1)
                                              7.802512   data arrival time

                                 15.000000   15.000000   clock clk (rise edge)
                                  0.000000   15.000000   clock source latency
     1    0.046681    0.214570    0.152157   15.152157 ^ clk (in)
                                                         clk (net)
                      0.215027    0.000000   15.152157 ^ clkbuf_0_clk/A (sky130_fd_sc_hd__clkbuf_16)
     8    0.151713    0.163939    0.277307   15.429464 ^ clkbuf_0_clk/X (sky130_fd_sc_hd__clkbuf_16)
                                                         clknet_0_clk (net)
                      0.164149    0.003729   15.433193 ^ clkbuf_3_6__f_clk/A (sky130_fd_sc_hd__clkbuf_16)
    10    0.030540    0.052499    0.175785   15.608977 ^ clkbuf_3_6__f_clk/X (sky130_fd_sc_hd__clkbuf_16)
                                                         clknet_3_6__leaf_clk (net)
                      0.052515    0.000771   15.609749 ^ _13638_/CLK (sky130_fd_sc_hd__dfrtp_1)
                                 -0.250000   15.359750   clock uncertainty
                                  0.000000   15.359750   clock reconvergence pessimism
                                 -0.075263   15.284487   library setup time
                                             15.284487   data required time
---------------------------------------------------------------------------------------------
                                             15.284487   data required time
                                             -7.802512   data arrival time
---------------------------------------------------------------------------------------------
                                              7.481975   slack (MET)


Startpoint: x0[0] (input port clocked by clk)
Endpoint: _13689_ (rising edge-triggered flip-flop clocked by clk)
Path Group: clk
Path Type: max

Fanout         Cap        Slew       Delay        Time   Description
---------------------------------------------------------------------------------------------
                                  0.000000    0.000000   clock clk (rise edge)
                                  0.000000    0.000000   clock network delay (propagated)
                                  3.000000    3.000000 v input external delay
     1    0.002671    0.008334    0.004198    3.004198 v x0[0] (in)
                                                         x0[0] (net)
                      0.008334    0.000000    3.004198 v input130/A (sky130_fd_sc_hd__clkbuf_2)
     2    0.031208    0.121968    0.163445    3.167643 v input130/X (sky130_fd_sc_hd__clkbuf_2)
                                                         net130 (net)
                      0.121983    0.001391    3.169034 v fanout658/A (sky130_fd_sc_hd__buf_4)
     6    0.042195    0.068640    0.210068    3.379103 v fanout658/X (sky130_fd_sc_hd__buf_4)
                                                         net658 (net)
                      0.068640    0.000196    3.379299 v fanout655/A (sky130_fd_sc_hd__buf_6)
    10    0.055313    0.061135    0.161273    3.540572 v fanout655/X (sky130_fd_sc_hd__buf_6)
                                                         net655 (net)
                      0.061135    0.000323    3.540895 v fanout654/A (sky130_fd_sc_hd__clkbuf_4)
    10    0.045642    0.099934    0.207232    3.748127 v fanout654/X (sky130_fd_sc_hd__clkbuf_4)
                                                         net654 (net)
                      0.099945    0.001074    3.749201 v _06873_/B2 (sky130_fd_sc_hd__a22o_1)
     2    0.005016    0.050172    0.225449    3.974650 v _06873_/X (sky130_fd_sc_hd__a22o_1)
                                                         _01954_ (net)
                      0.050172    0.000027    3.974677 v _07019_/A3 (sky130_fd_sc_hd__a31o_1)
     2    0.004734    0.045238    0.221957    4.196634 v _07019_/X (sky130_fd_sc_hd__a31o_1)
                                                         _03543_ (net)
                      0.045238    0.000024    4.196658 v _07021_/B (sky130_fd_sc_hd__and3_1)
     3    0.007539    0.057542    0.182310    4.378968 v _07021_/X (sky130_fd_sc_hd__and3_1)
                                                         _03565_ (net)
                      0.057542    0.000076    4.379044 v _07023_/B (sky130_fd_sc_hd__or3_1)
     2    0.007160    0.089573    0.377045    4.756088 v _07023_/X (sky130_fd_sc_hd__or3_1)
                                                         _03587_ (net)
                      0.089573    0.000076    4.756164 v _07032_/A1 (sky130_fd_sc_hd__a21o_1)
     3    0.009081    0.059183    0.197568    4.953732 v _07032_/X (sky130_fd_sc_hd__a21o_1)
                                                         _03686_ (net)
                      0.059183    0.000078    4.953810 v _07041_/A2 (sky130_fd_sc_hd__a21o_1)
     3    0.009290    0.059771    0.207936    5.161747 v _07041_/X (sky130_fd_sc_hd__a21o_1)
                                                         _03784_ (net)
                      0.059771    0.000065    5.161812 v _07042_/C (sky130_fd_sc_hd__and3_1)
     2    0.005606    0.048741    0.194555    5.356367 v _07042_/X (sky130_fd_sc_hd__and3_1)
                                                         _03795_ (net)
                      0.048741    0.000047    5.356414 v _07047_/A (sky130_fd_sc_hd__or3_4)
     4    0.016186    0.086569    0.415158    5.771571 v _07047_/X (sky130_fd_sc_hd__or3_4)
                                                         _03850_ (net)
                      0.086569    0.000046    5.771617 v _07055_/A (sky130_fd_sc_hd__and3_2)
     5    0.020713    0.077111    0.236588    6.008206 v _07055_/X (sky130_fd_sc_hd__and3_2)
                                                         _03937_ (net)
                      0.077111    0.000256    6.008462 v _07059_/A (sky130_fd_sc_hd__or3_1)
     2    0.004600    0.074987    0.387383    6.395844 v _07059_/X (sky130_fd_sc_hd__or3_1)
                                                         _03981_ (net)
                      0.074987    0.000019    6.395864 v _07066_/A (sky130_fd_sc_hd__and3_1)
     4    0.011995    0.075136    0.193016    6.588880 v _07066_/X (sky130_fd_sc_hd__and3_1)
                                                         _04057_ (net)
                      0.075136    0.000081    6.588961 v _07070_/A (sky130_fd_sc_hd__nor3b_1)
     2    0.005879    0.247713    0.262256    6.851217 ^ _07070_/Y (sky130_fd_sc_hd__nor3b_1)
                                                         _04101_ (net)
                      0.247713    0.000063    6.851280 ^ max_cap236/A (sky130_fd_sc_hd__buf_1)
     3    0.009679    0.121636    0.174988    7.026268 ^ max_cap236/X (sky130_fd_sc_hd__buf_1)
                                                         net236 (net)
                      0.121636    0.000060    7.026328 ^ _07078_/A1 (sky130_fd_sc_hd__o211ai_1)
     2    0.005500    0.090182    0.128657    7.154985 v _07078_/Y (sky130_fd_sc_hd__o211ai_1)
                                                         _04188_ (net)
                      0.090182    0.000069    7.155054 v _07079_/C (sky130_fd_sc_hd__and3_1)
     2    0.004695    0.044872    0.203964    7.359018 v _07079_/X (sky130_fd_sc_hd__and3_1)
                                                         _04199_ (net)
                      0.044872    0.000017    7.359035 v _07082_/B1_N (sky130_fd_sc_hd__o21bai_2)
     4    0.013023    0.082683    0.214373    7.573408 v _07082_/Y (sky130_fd_sc_hd__o21bai_2)
                                                         _04232_ (net)
                      0.082683    0.000138    7.573545 v _07083_/B (sky130_fd_sc_hd__xor2_1)
     1    0.002497    0.063815    0.148463    7.722009 v _07083_/X (sky130_fd_sc_hd__xor2_1)
                                                         _00048_ (net)
                      0.063815    0.000024    7.722033 v _13689_/D (sky130_fd_sc_hd__dfrtp_1)
                                              7.722033   data arrival time

                                 15.000000   15.000000   clock clk (rise edge)
                                  0.000000   15.000000   clock source latency
     1    0.046681    0.214570    0.152157   15.152157 ^ clk (in)
                                                         clk (net)
                      0.215027    0.000000   15.152157 ^ clkbuf_0_clk/A (sky130_fd_sc_hd__clkbuf_16)
     8    0.151713    0.163939    0.277307   15.429464 ^ clkbuf_0_clk/X (sky130_fd_sc_hd__clkbuf_16)
                                                         clknet_0_clk (net)
                      0.164186    0.004226   15.433690 ^ clkbuf_3_3__f_clk/A (sky130_fd_sc_hd__clkbuf_16)
    10    0.032705    0.054341    0.177360   15.611051 ^ clkbuf_3_3__f_clk/X (sky130_fd_sc_hd__clkbuf_16)
                                                         clknet_3_3__leaf_clk (net)
                      0.054347    0.000973   15.612024 ^ _13689_/CLK (sky130_fd_sc_hd__dfrtp_1)
                                 -0.250000   15.362025   clock uncertainty
                                  0.000000   15.362025   clock reconvergence pessimism
                                 -0.120340   15.241686   library setup time
                                             15.241686   data required time
---------------------------------------------------------------------------------------------
                                             15.241686   data required time
                                             -7.722033   data arrival time
---------------------------------------------------------------------------------------------
                                              7.519653   slack (MET)


Startpoint: x3[1] (input port clocked by clk)
Endpoint: _13672_ (rising edge-triggered flip-flop clocked by clk)
Path Group: clk
Path Type: max

Fanout         Cap        Slew       Delay        Time   Description
---------------------------------------------------------------------------------------------
                                  0.000000    0.000000   clock clk (rise edge)
                                  0.000000    0.000000   clock network delay (propagated)
                                  3.000000    3.000000 ^ input external delay
     1    0.002740    0.019477    0.010087    3.010087 ^ x3[1] (in)
                                                         x3[1] (net)
                      0.019477    0.000000    3.010087 ^ input155/A (sky130_fd_sc_hd__buf_1)
     1    0.008584    0.108601    0.117685    3.127772 ^ input155/X (sky130_fd_sc_hd__buf_1)
                                                         net155 (net)
                      0.108602    0.000338    3.128110 ^ fanout465/A (sky130_fd_sc_hd__clkbuf_4)
     6    0.085065    0.256095    0.308528    3.436638 ^ fanout465/X (sky130_fd_sc_hd__clkbuf_4)
                                                         net465 (net)
                      0.256095    0.000343    3.436981 ^ fanout460/A (sky130_fd_sc_hd__buf_4)
     8    0.088138    0.243342    0.318951    3.755933 ^ fanout460/X (sky130_fd_sc_hd__buf_4)
                                                         net460 (net)
                      0.243345    0.000760    3.756693 ^ fanout458/A (sky130_fd_sc_hd__buf_2)
    10    0.043710    0.215075    0.289268    4.045961 ^ fanout458/X (sky130_fd_sc_hd__buf_2)
                                                         net458 (net)
                      0.215200    0.002848    4.048809 ^ _10367_/A (sky130_fd_sc_hd__and4_1)
     2    0.004736    0.071873    0.224949    4.273757 ^ _10367_/X (sky130_fd_sc_hd__and4_1)
                                                         _02963_ (net)
                      0.071873    0.000039    4.273796 ^ _10369_/A_N (sky130_fd_sc_hd__and2b_1)
     1    0.005009    0.042864    0.187173    4.460969 v _10369_/X (sky130_fd_sc_hd__and2b_1)
                                                         _02966_ (net)
                      0.042864    0.000048    4.461018 v _10370_/B (sky130_fd_sc_hd__xnor2_1)
     2    0.008419    0.224655    0.210681    4.671699 ^ _10370_/Y (sky130_fd_sc_hd__xnor2_1)
                                                         _02967_ (net)
                      0.224655    0.000111    4.671810 ^ _10377_/A (sky130_fd_sc_hd__xor2_1)
     2    0.007803    0.199252    0.232157    4.903966 ^ _10377_/X (sky130_fd_sc_hd__xor2_1)
                                                         _02974_ (net)
                      0.199252    0.000080    4.904046 ^ _10379_/B (sky130_fd_sc_hd__xnor2_1)
     2    0.004652    0.061180    0.102367    5.006413 v _10379_/Y (sky130_fd_sc_hd__xnor2_1)
                                                         _02977_ (net)
                      0.061180    0.000027    5.006440 v _10382_/A (sky130_fd_sc_hd__and2_1)
     3    0.009878    0.063885    0.170454    5.176894 v _10382_/X (sky130_fd_sc_hd__and2_1)
                                                         _02980_ (net)
                      0.063885    0.000027    5.176921 v _10384_/A (sky130_fd_sc_hd__or2_1)
     3    0.007954    0.072361    0.258025    5.434946 v _10384_/X (sky130_fd_sc_hd__or2_1)
                                                         _02982_ (net)
                      0.072361    0.000049    5.434995 v _10423_/A (sky130_fd_sc_hd__nor3_1)
     2    0.010171    0.335478    0.331939    5.766934 ^ _10423_/Y (sky130_fd_sc_hd__nor3_1)
                                                         _03025_ (net)
                      0.335478    0.000161    5.767096 ^ _10432_/B1 (sky130_fd_sc_hd__a211oi_2)
     5    0.015981    0.107822    0.132064    5.899159 v _10432_/Y (sky130_fd_sc_hd__a211oi_2)
                                                         _03035_ (net)
                      0.107822    0.000130    5.899289 v _10435_/B (sky130_fd_sc_hd__or3_2)
     2    0.012770    0.109941    0.518445    6.417734 v _10435_/X (sky130_fd_sc_hd__or3_2)
                                                         _03038_ (net)
                      0.109941    0.000135    6.417869 v _10445_/A1 (sky130_fd_sc_hd__a211o_1)
     3    0.010733    0.083021    0.319311    6.737180 v _10445_/X (sky130_fd_sc_hd__a211o_1)
                                                         _03049_ (net)
                      0.083021    0.000246    6.737426 v _10446_/C (sky130_fd_sc_hd__and3_1)
     2    0.006788    0.054085    0.210939    6.948366 v _10446_/X (sky130_fd_sc_hd__and3_1)
                                                         _03050_ (net)
                      0.054085    0.000053    6.948419 v _10455_/B1 (sky130_fd_sc_hd__a211oi_2)
     4    0.011724    0.272495    0.288238    7.236657 ^ _10455_/Y (sky130_fd_sc_hd__a211oi_2)
                                                         _03060_ (net)
                      0.272495    0.000134    7.236791 ^ _10457_/A_N (sky130_fd_sc_hd__nand2b_1)
     2    0.011658    0.130899    0.208974    7.445764 ^ _10457_/Y (sky130_fd_sc_hd__nand2b_1)
                                                         _03062_ (net)
                      0.130899    0.000103    7.445867 ^ _10464_/A (sky130_fd_sc_hd__xnor2_2)
     4    0.012305    0.078446    0.111716    7.557583 v _10464_/Y (sky130_fd_sc_hd__xnor2_2)
                                                         _03070_ (net)
                      0.078446    0.000038    7.557621 v _10470_/A (sky130_fd_sc_hd__xor2_1)
     1    0.002915    0.060557    0.167381    7.725002 v _10470_/X (sky130_fd_sc_hd__xor2_1)
                                                         _00020_ (net)
                      0.060557    0.000031    7.725033 v _13672_/D (sky130_fd_sc_hd__dfrtp_1)
                                              7.725033   data arrival time

                                 15.000000   15.000000   clock clk (rise edge)
                                  0.000000   15.000000   clock source latency
     1    0.046681    0.214570    0.152157   15.152157 ^ clk (in)
                                                         clk (net)
                      0.215027    0.000000   15.152157 ^ clkbuf_0_clk/A (sky130_fd_sc_hd__clkbuf_16)
     8    0.151713    0.163939    0.277307   15.429464 ^ clkbuf_0_clk/X (sky130_fd_sc_hd__clkbuf_16)
                                                         clknet_0_clk (net)
                      0.164263    0.005095   15.434559 ^ clkbuf_3_2__f_clk/A (sky130_fd_sc_hd__clkbuf_16)
    10    0.037474    0.058340    0.180398   15.614957 ^ clkbuf_3_2__f_clk/X (sky130_fd_sc_hd__clkbuf_16)
                                                         clknet_3_2__leaf_clk (net)
                      0.058468    0.001698   15.616655 ^ _13672_/CLK (sky130_fd_sc_hd__dfrtp_1)
                                 -0.250000   15.366656   clock uncertainty
                                  0.000000   15.366656   clock reconvergence pessimism
                                 -0.117974   15.248683   library setup time
                                             15.248683   data required time
---------------------------------------------------------------------------------------------
                                             15.248683   data required time
                                             -7.725033   data arrival time
---------------------------------------------------------------------------------------------
                                              7.523650   slack (MET)


Startpoint: x3[1] (input port clocked by clk)
Endpoint: _13655_ (rising edge-triggered flip-flop clocked by clk)
Path Group: clk
Path Type: max

Fanout         Cap        Slew       Delay        Time   Description
---------------------------------------------------------------------------------------------
                                  0.000000    0.000000   clock clk (rise edge)
                                  0.000000    0.000000   clock network delay (propagated)
                                  3.000000    3.000000 ^ input external delay
     1    0.002740    0.019477    0.010087    3.010087 ^ x3[1] (in)
                                                         x3[1] (net)
                      0.019477    0.000000    3.010087 ^ input155/A (sky130_fd_sc_hd__buf_1)
     1    0.008584    0.108601    0.117685    3.127772 ^ input155/X (sky130_fd_sc_hd__buf_1)
                                                         net155 (net)
                      0.108602    0.000338    3.128110 ^ fanout465/A (sky130_fd_sc_hd__clkbuf_4)
     6    0.085065    0.256095    0.308528    3.436638 ^ fanout465/X (sky130_fd_sc_hd__clkbuf_4)
                                                         net465 (net)
                      0.256114    0.001856    3.438494 ^ fanout464/A (sky130_fd_sc_hd__buf_2)
     6    0.041626    0.205131    0.286568    3.725062 ^ fanout464/X (sky130_fd_sc_hd__buf_2)
                                                         net464 (net)
                      0.205145    0.001871    3.726933 ^ fanout463/A (sky130_fd_sc_hd__buf_2)
    10    0.043549    0.214090    0.278852    4.005785 ^ fanout463/X (sky130_fd_sc_hd__buf_2)
                                                         net463 (net)
                      0.214183    0.001869    4.007654 ^ _08678_/A (sky130_fd_sc_hd__and4_1)
     2    0.005087    0.074749    0.227466    4.235120 ^ _08678_/X (sky130_fd_sc_hd__and4_1)
                                                         _01145_ (net)
                      0.074749    0.000033    4.235153 ^ _08680_/A_N (sky130_fd_sc_hd__and2b_1)
     1    0.004953    0.042615    0.187752    4.422904 v _08680_/X (sky130_fd_sc_hd__and2b_1)
                                                         _01147_ (net)
                      0.042615    0.000028    4.422932 v _08681_/B (sky130_fd_sc_hd__xnor2_1)
     2    0.008849    0.233226    0.217062    4.639994 ^ _08681_/Y (sky130_fd_sc_hd__xnor2_1)
                                                         _01148_ (net)
                      0.233226    0.000119    4.640112 ^ _08688_/A (sky130_fd_sc_hd__xor2_1)
     2    0.007932    0.208957    0.235262    4.875375 ^ _08688_/X (sky130_fd_sc_hd__xor2_1)
                                                         _01155_ (net)
                      0.208957    0.000069    4.875444 ^ _08690_/B (sky130_fd_sc_hd__xnor2_1)
     2    0.004821    0.063624    0.105550    4.980994 v _08690_/Y (sky130_fd_sc_hd__xnor2_1)
                                                         _01157_ (net)
                      0.063624    0.000024    4.981018 v _08693_/A (sky130_fd_sc_hd__and2_1)
     3    0.010385    0.065968    0.173404    5.154421 v _08693_/X (sky130_fd_sc_hd__and2_1)
                                                         _01160_ (net)
                      0.065968    0.000051    5.154472 v _08695_/A (sky130_fd_sc_hd__or2_1)
     3    0.008613    0.074632    0.262591    5.417063 v _08695_/X (sky130_fd_sc_hd__or2_1)
                                                         _01162_ (net)
                      0.074632    0.000074    5.417137 v _08734_/A (sky130_fd_sc_hd__nor3_1)
     2    0.008710    0.306382    0.303754    5.720891 ^ _08734_/Y (sky130_fd_sc_hd__nor3_1)
                                                         _01201_ (net)
                      0.306382    0.000071    5.720963 ^ _08743_/B1 (sky130_fd_sc_hd__a211oi_2)
     5    0.018060    0.105814    0.134171    5.855134 v _08743_/Y (sky130_fd_sc_hd__a211oi_2)
                                                         _01210_ (net)
                      0.105814    0.000146    5.855279 v _08746_/B (sky130_fd_sc_hd__or3_2)
     2    0.013158    0.110785    0.519145    6.374425 v _08746_/X (sky130_fd_sc_hd__or3_2)
                                                         _01213_ (net)
                      0.110785    0.000134    6.374559 v _08756_/A1 (sky130_fd_sc_hd__a211o_1)
     3    0.011639    0.086590    0.323491    6.698050 v _08756_/X (sky130_fd_sc_hd__a211o_1)
                                                         _01223_ (net)
                      0.086590    0.000273    6.698323 v _08757_/C (sky130_fd_sc_hd__and3_1)
     2    0.006015    0.050572    0.208786    6.907109 v _08757_/X (sky130_fd_sc_hd__and3_1)
                                                         _01224_ (net)
                      0.050572    0.000043    6.907152 v _08766_/B1 (sky130_fd_sc_hd__a211o_1)
     4    0.012556    0.090632    0.317025    7.224177 v _08766_/X (sky130_fd_sc_hd__a211o_1)
                                                         _01233_ (net)
                      0.090632    0.000107    7.224284 v _08768_/A (sky130_fd_sc_hd__nand2_1)
     2    0.011630    0.118495    0.129186    7.353469 ^ _08768_/Y (sky130_fd_sc_hd__nand2_1)
                                                         _01235_ (net)
                      0.118495    0.000116    7.353586 ^ _08772_/A (sky130_fd_sc_hd__xnor2_2)
     4    0.012253    0.078104    0.108786    7.462372 v _08772_/Y (sky130_fd_sc_hd__xnor2_2)
                                                         _01239_ (net)
                      0.078104    0.000085    7.462458 v _08778_/A (sky130_fd_sc_hd__xor2_1)
     1    0.002703    0.059424    0.166224    7.628682 v _08778_/X (sky130_fd_sc_hd__xor2_1)
                                                         _00062_ (net)
                      0.059424    0.000030    7.628712 v _13655_/D (sky130_fd_sc_hd__dfrtp_1)
                                              7.628712   data arrival time

                                 15.000000   15.000000   clock clk (rise edge)
                                  0.000000   15.000000   clock source latency
     1    0.046681    0.214570    0.152157   15.152157 ^ clk (in)
                                                         clk (net)
                      0.215027    0.000000   15.152157 ^ clkbuf_0_clk/A (sky130_fd_sc_hd__clkbuf_16)
     8    0.151713    0.163939    0.277307   15.429464 ^ clkbuf_0_clk/X (sky130_fd_sc_hd__clkbuf_16)
                                                         clknet_0_clk (net)
                      0.164105    0.003027   15.432491 ^ clkbuf_3_7__f_clk/A (sky130_fd_sc_hd__clkbuf_16)
    10    0.044032    0.064196    0.185526   15.618017 ^ clkbuf_3_7__f_clk/X (sky130_fd_sc_hd__clkbuf_16)
                                                         clknet_3_7__leaf_clk (net)
                      0.064241    0.001489   15.619506 ^ _13655_/CLK (sky130_fd_sc_hd__dfrtp_1)
                                 -0.250000   15.369507   clock uncertainty
                                  0.000000   15.369507   clock reconvergence pessimism
                                 -0.116157   15.253349   library setup time
                                             15.253349   data required time
---------------------------------------------------------------------------------------------
                                             15.253349   data required time
                                             -7.628712   data arrival time
---------------------------------------------------------------------------------------------
                                              7.624637   slack (MET)


Startpoint: x0[0] (input port clocked by clk)
Endpoint: _13688_ (rising edge-triggered flip-flop clocked by clk)
Path Group: clk
Path Type: max

Fanout         Cap        Slew       Delay        Time   Description
---------------------------------------------------------------------------------------------
                                  0.000000    0.000000   clock clk (rise edge)
                                  0.000000    0.000000   clock network delay (propagated)
                                  3.000000    3.000000 v input external delay
     1    0.002671    0.008334    0.004198    3.004198 v x0[0] (in)
                                                         x0[0] (net)
                      0.008334    0.000000    3.004198 v input130/A (sky130_fd_sc_hd__clkbuf_2)
     2    0.031208    0.121968    0.163445    3.167643 v input130/X (sky130_fd_sc_hd__clkbuf_2)
                                                         net130 (net)
                      0.121983    0.001391    3.169034 v fanout658/A (sky130_fd_sc_hd__buf_4)
     6    0.042195    0.068640    0.210068    3.379103 v fanout658/X (sky130_fd_sc_hd__buf_4)
                                                         net658 (net)
                      0.068640    0.000196    3.379299 v fanout655/A (sky130_fd_sc_hd__buf_6)
    10    0.055313    0.061135    0.161273    3.540572 v fanout655/X (sky130_fd_sc_hd__buf_6)
                                                         net655 (net)
                      0.061135    0.000323    3.540895 v fanout654/A (sky130_fd_sc_hd__clkbuf_4)
    10    0.045642    0.099934    0.207232    3.748127 v fanout654/X (sky130_fd_sc_hd__clkbuf_4)
                                                         net654 (net)
                      0.099945    0.001074    3.749201 v _06873_/B2 (sky130_fd_sc_hd__a22o_1)
     2    0.005016    0.050172    0.225449    3.974650 v _06873_/X (sky130_fd_sc_hd__a22o_1)
                                                         _01954_ (net)
                      0.050172    0.000027    3.974677 v _07019_/A3 (sky130_fd_sc_hd__a31o_1)
     2    0.004734    0.045238    0.221957    4.196634 v _07019_/X (sky130_fd_sc_hd__a31o_1)
                                                         _03543_ (net)
                      0.045238    0.000024    4.196658 v _07021_/B (sky130_fd_sc_hd__and3_1)
     3    0.007539    0.057542    0.182310    4.378968 v _07021_/X (sky130_fd_sc_hd__and3_1)
                                                         _03565_ (net)
                      0.057542    0.000076    4.379044 v _07023_/B (sky130_fd_sc_hd__or3_1)
     2    0.007160    0.089573    0.377045    4.756088 v _07023_/X (sky130_fd_sc_hd__or3_1)
                                                         _03587_ (net)
                      0.089573    0.000076    4.756164 v _07032_/A1 (sky130_fd_sc_hd__a21o_1)
     3    0.009081    0.059183    0.197568    4.953732 v _07032_/X (sky130_fd_sc_hd__a21o_1)
                                                         _03686_ (net)
                      0.059183    0.000078    4.953810 v _07041_/A2 (sky130_fd_sc_hd__a21o_1)
     3    0.009290    0.059771    0.207936    5.161747 v _07041_/X (sky130_fd_sc_hd__a21o_1)
                                                         _03784_ (net)
                      0.059771    0.000065    5.161812 v _07042_/C (sky130_fd_sc_hd__and3_1)
     2    0.005606    0.048741    0.194555    5.356367 v _07042_/X (sky130_fd_sc_hd__and3_1)
                                                         _03795_ (net)
                      0.048741    0.000047    5.356414 v _07047_/A (sky130_fd_sc_hd__or3_4)
     4    0.016186    0.086569    0.415158    5.771571 v _07047_/X (sky130_fd_sc_hd__or3_4)
                                                         _03850_ (net)
                      0.086569    0.000046    5.771617 v _07055_/A (sky130_fd_sc_hd__and3_2)
     5    0.020713    0.077111    0.236588    6.008206 v _07055_/X (sky130_fd_sc_hd__and3_2)
                                                         _03937_ (net)
                      0.077111    0.000256    6.008462 v _07059_/A (sky130_fd_sc_hd__or3_1)
     2    0.004600    0.074987    0.387383    6.395844 v _07059_/X (sky130_fd_sc_hd__or3_1)
                                                         _03981_ (net)
                      0.074987    0.000019    6.395864 v _07066_/A (sky130_fd_sc_hd__and3_1)
     4    0.011995    0.075136    0.193016    6.588880 v _07066_/X (sky130_fd_sc_hd__and3_1)
                                                         _04057_ (net)
                      0.075136    0.000081    6.588961 v _07070_/A (sky130_fd_sc_hd__nor3b_1)
     2    0.005879    0.247713    0.262256    6.851217 ^ _07070_/Y (sky130_fd_sc_hd__nor3b_1)
                                                         _04101_ (net)
                      0.247713    0.000063    6.851280 ^ max_cap236/A (sky130_fd_sc_hd__buf_1)
     3    0.009679    0.121636    0.174988    7.026268 ^ max_cap236/X (sky130_fd_sc_hd__buf_1)
                                                         net236 (net)
                      0.121636    0.000060    7.026328 ^ _07078_/A1 (sky130_fd_sc_hd__o211ai_1)
     2    0.005500    0.090182    0.128657    7.154985 v _07078_/Y (sky130_fd_sc_hd__o211ai_1)
                                                         _04188_ (net)
                      0.090182    0.000064    7.155049 v _07080_/A2 (sky130_fd_sc_hd__a21oi_1)
     2    0.008477    0.216214    0.234048    7.389098 ^ _07080_/Y (sky130_fd_sc_hd__a21oi_1)
                                                         _04210_ (net)
                      0.216214    0.000068    7.389166 ^ _07081_/B (sky130_fd_sc_hd__nor2_1)
     1    0.005048    0.060797    0.080197    7.469363 v _07081_/Y (sky130_fd_sc_hd__nor2_1)
                                                         _04221_ (net)
                      0.060797    0.000049    7.469412 v _08526_/B (sky130_fd_sc_hd__xnor2_1)
     1    0.002608    0.044160    0.122834    7.592246 v _08526_/Y (sky130_fd_sc_hd__xnor2_1)
                                                         _00040_ (net)
                      0.044160    0.000016    7.592262 v _13688_/D (sky130_fd_sc_hd__dfrtp_1)
                                              7.592262   data arrival time

                                 15.000000   15.000000   clock clk (rise edge)
                                  0.000000   15.000000   clock source latency
     1    0.046681    0.214570    0.152157   15.152157 ^ clk (in)
                                                         clk (net)
                      0.215027    0.000000   15.152157 ^ clkbuf_0_clk/A (sky130_fd_sc_hd__clkbuf_16)
     8    0.151713    0.163939    0.277307   15.429464 ^ clkbuf_0_clk/X (sky130_fd_sc_hd__clkbuf_16)
                                                         clknet_0_clk (net)
                      0.164186    0.004226   15.433690 ^ clkbuf_3_3__f_clk/A (sky130_fd_sc_hd__clkbuf_16)
    10    0.032705    0.054341    0.177360   15.611051 ^ clkbuf_3_3__f_clk/X (sky130_fd_sc_hd__clkbuf_16)
                                                         clknet_3_3__leaf_clk (net)
                      0.054347    0.001036   15.612086 ^ _13688_/CLK (sky130_fd_sc_hd__dfrtp_1)
                                 -0.250000   15.362087   clock uncertainty
                                  0.000000   15.362087   clock reconvergence pessimism
                                 -0.111769   15.250319   library setup time
                                             15.250319   data required time
---------------------------------------------------------------------------------------------
                                             15.250319   data required time
                                             -7.592262   data arrival time
---------------------------------------------------------------------------------------------
                                              7.658057   slack (MET)


Startpoint: x0[0] (input port clocked by clk)
Endpoint: _13654_ (rising edge-triggered flip-flop clocked by clk)
Path Group: clk
Path Type: max

Fanout         Cap        Slew       Delay        Time   Description
---------------------------------------------------------------------------------------------
                                  0.000000    0.000000   clock clk (rise edge)
                                  0.000000    0.000000   clock network delay (propagated)
                                  3.000000    3.000000 v input external delay
     1    0.002671    0.008334    0.004198    3.004198 v x0[0] (in)
                                                         x0[0] (net)
                      0.008334    0.000000    3.004198 v input130/A (sky130_fd_sc_hd__clkbuf_2)
     2    0.031208    0.121968    0.163445    3.167643 v input130/X (sky130_fd_sc_hd__clkbuf_2)
                                                         net130 (net)
                      0.121983    0.001391    3.169034 v fanout658/A (sky130_fd_sc_hd__buf_4)
     6    0.042195    0.068640    0.210068    3.379103 v fanout658/X (sky130_fd_sc_hd__buf_4)
                                                         net658 (net)
                      0.068821    0.003123    3.382226 v fanout657/A (sky130_fd_sc_hd__buf_6)
    10    0.059013    0.064278    0.163918    3.546144 v fanout657/X (sky130_fd_sc_hd__buf_6)
                                                         net657 (net)
                      0.064294    0.000881    3.547024 v fanout656/A (sky130_fd_sc_hd__buf_4)
    10    0.045102    0.071564    0.188015    3.735039 v fanout656/X (sky130_fd_sc_hd__buf_4)
                                                         net656 (net)
                      0.071624    0.001889    3.736928 v _08565_/B2 (sky130_fd_sc_hd__a22o_1)
     2    0.005131    0.050723    0.215212    3.952140 v _08565_/X (sky130_fd_sc_hd__a22o_1)
                                                         _01033_ (net)
                      0.050723    0.000028    3.952168 v _08713_/A3 (sky130_fd_sc_hd__a31o_1)
     2    0.005393    0.048134    0.225548    4.177716 v _08713_/X (sky130_fd_sc_hd__a31o_1)
                                                         _01180_ (net)
                      0.048134    0.000040    4.177756 v _08715_/B (sky130_fd_sc_hd__and3_1)
     3    0.008902    0.062501    0.190137    4.367893 v _08715_/X (sky130_fd_sc_hd__and3_1)
                                                         _01182_ (net)
                      0.062501    0.000133    4.368026 v _08718_/A (sky130_fd_sc_hd__or3_4)
     2    0.007568    0.070858    0.394148    4.762174 v _08718_/X (sky130_fd_sc_hd__or3_4)
                                                         _01185_ (net)
                      0.070858    0.000105    4.762280 v _08728_/A1 (sky130_fd_sc_hd__a21o_1)
     3    0.008710    0.058245    0.188165    4.950444 v _08728_/X (sky130_fd_sc_hd__a21o_1)
                                                         _01195_ (net)
                      0.058245    0.000071    4.950515 v _08737_/A2 (sky130_fd_sc_hd__a21o_1)
     2    0.008059    0.055868    0.201768    5.152283 v _08737_/X (sky130_fd_sc_hd__a21o_1)
                                                         _01204_ (net)
                      0.055868    0.000092    5.152375 v _08741_/A2 (sky130_fd_sc_hd__a21o_1)
     2    0.006053    0.046807    0.191425    5.343799 v _08741_/X (sky130_fd_sc_hd__a21o_1)
                                                         _01208_ (net)
                      0.046807    0.000071    5.343870 v _08749_/A2 (sky130_fd_sc_hd__a21o_1)
     2    0.006654    0.049502    0.190478    5.534348 v _08749_/X (sky130_fd_sc_hd__a21o_1)
                                                         _01216_ (net)
                      0.049502    0.000142    5.534491 v _08750_/C (sky130_fd_sc_hd__and3_1)
     4    0.017923    0.100400    0.240434    5.774924 v _08750_/X (sky130_fd_sc_hd__and3_1)
                                                         _01217_ (net)
                      0.100400    0.000190    5.775114 v _08754_/A (sky130_fd_sc_hd__nor3b_1)
     3    0.013593    0.467085    0.436917    6.212030 ^ _08754_/Y (sky130_fd_sc_hd__nor3b_1)
                                                         _01221_ (net)
                      0.467085    0.000148    6.212179 ^ _08764_/A1 (sky130_fd_sc_hd__o211ai_2)
     2    0.009071    0.115078    0.171828    6.384007 v _08764_/Y (sky130_fd_sc_hd__o211ai_2)
                                                         _01231_ (net)
                      0.115078    0.000176    6.384183 v _08769_/A2 (sky130_fd_sc_hd__a21o_1)
     3    0.008411    0.057535    0.225834    6.610017 v _08769_/X (sky130_fd_sc_hd__a21o_1)
                                                         _01236_ (net)
                      0.057535    0.000033    6.610050 v _08773_/A2 (sky130_fd_sc_hd__a211o_1)
     2    0.005356    0.059437    0.304919    6.914968 v _08773_/X (sky130_fd_sc_hd__a211o_1)
                                                         _01240_ (net)
                      0.059437    0.000043    6.915011 v _08774_/C (sky130_fd_sc_hd__and3_1)
     2    0.004220    0.042904    0.187637    7.102648 v _08774_/X (sky130_fd_sc_hd__and3_1)
                                                         _01241_ (net)
                      0.042904    0.000015    7.102663 v _08776_/A_N (sky130_fd_sc_hd__and2b_1)
     1    0.004796    0.057448    0.194061    7.296724 ^ _08776_/X (sky130_fd_sc_hd__and2b_1)
                                                         _01243_ (net)
                      0.057448    0.000043    7.296766 ^ _10210_/B (sky130_fd_sc_hd__xor2_1)
     1    0.003983    0.132131    0.154917    7.451683 ^ _10210_/X (sky130_fd_sc_hd__xor2_1)
                                                         _00054_ (net)
                      0.132131    0.000058    7.451741 ^ _13654_/D (sky130_fd_sc_hd__dfrtp_1)
                                              7.451741   data arrival time

                                 15.000000   15.000000   clock clk (rise edge)
                                  0.000000   15.000000   clock source latency
     1    0.046681    0.214570    0.152157   15.152157 ^ clk (in)
                                                         clk (net)
                      0.215027    0.000000   15.152157 ^ clkbuf_0_clk/A (sky130_fd_sc_hd__clkbuf_16)
     8    0.151713    0.163939    0.277307   15.429464 ^ clkbuf_0_clk/X (sky130_fd_sc_hd__clkbuf_16)
                                                         clknet_0_clk (net)
                      0.164105    0.003027   15.432491 ^ clkbuf_3_7__f_clk/A (sky130_fd_sc_hd__clkbuf_16)
    10    0.044032    0.064196    0.185526   15.618017 ^ clkbuf_3_7__f_clk/X (sky130_fd_sc_hd__clkbuf_16)
                                                         clknet_3_7__leaf_clk (net)
                      0.064235    0.001398   15.619415 ^ _13654_/CLK (sky130_fd_sc_hd__dfrtp_1)
                                 -0.250000   15.369416   clock uncertainty
                                  0.000000   15.369416   clock reconvergence pessimism
                                 -0.076969   15.292447   library setup time
                                             15.292447   data required time
---------------------------------------------------------------------------------------------
                                             15.292447   data required time
                                             -7.451741   data arrival time
---------------------------------------------------------------------------------------------
                                              7.840706   slack (MET)


Startpoint: x0[1] (input port clocked by clk)
Endpoint: _13637_ (rising edge-triggered flip-flop clocked by clk)
Path Group: clk
Path Type: max

Fanout         Cap        Slew       Delay        Time   Description
---------------------------------------------------------------------------------------------
                                  0.000000    0.000000   clock clk (rise edge)
                                  0.000000    0.000000   clock network delay (propagated)
                                  3.000000    3.000000 v input external delay
     1    0.003216    0.009598    0.005123    3.005122 v x0[1] (in)
                                                         x0[1] (net)
                      0.009598    0.000000    3.005122 v input131/A (sky130_fd_sc_hd__buf_4)
     1    0.020524    0.043958    0.137901    3.143023 v input131/X (sky130_fd_sc_hd__buf_4)
                                                         net131 (net)
                      0.044007    0.001265    3.144288 v fanout649/A (sky130_fd_sc_hd__buf_8)
     6    0.049548    0.049265    0.143596    3.287884 v fanout649/X (sky130_fd_sc_hd__buf_8)
                                                         net649 (net)
                      0.049551    0.002697    3.290581 v fanout648/A (sky130_fd_sc_hd__buf_12)
     8    0.072002    0.050765    0.151962    3.442543 v fanout648/X (sky130_fd_sc_hd__buf_12)
                                                         net648 (net)
                      0.050775    0.000588    3.443130 v fanout647/A (sky130_fd_sc_hd__buf_8)
     6    0.033333    0.039214    0.135506    3.578636 v fanout647/X (sky130_fd_sc_hd__buf_8)
                                                         net647 (net)
                      0.039214    0.000205    3.578842 v fanout645/A (sky130_fd_sc_hd__buf_4)
    10    0.039722    0.065064    0.171507    3.750349 v fanout645/X (sky130_fd_sc_hd__buf_4)
                                                         net645 (net)
                      0.065066    0.000477    3.750825 v _11966_/A1 (sky130_fd_sc_hd__a22o_1)
     2    0.005605    0.052880    0.224908    3.975733 v _11966_/X (sky130_fd_sc_hd__a22o_1)
                                                         _04705_ (net)
                      0.052880    0.000057    3.975790 v _12114_/A3 (sky130_fd_sc_hd__a31o_1)
     2    0.005956    0.050700    0.229345    4.205135 v _12114_/X (sky130_fd_sc_hd__a31o_1)
                                                         _04867_ (net)
                      0.050700    0.000056    4.205192 v _12116_/B (sky130_fd_sc_hd__and3_1)
     3    0.008702    0.061744    0.190273    4.395464 v _12116_/X (sky130_fd_sc_hd__and3_1)
                                                         _04869_ (net)
                      0.061744    0.000127    4.395592 v _12119_/A (sky130_fd_sc_hd__or3_4)
     2    0.006414    0.069015    0.390370    4.785961 v _12119_/X (sky130_fd_sc_hd__or3_4)
                                                         _04873_ (net)
                      0.069015    0.000047    4.786008 v _12129_/A2 (sky130_fd_sc_hd__a21o_1)
     3    0.008400    0.057486    0.207617    4.993625 v _12129_/X (sky130_fd_sc_hd__a21o_1)
                                                         _04884_ (net)
                      0.057486    0.000069    4.993694 v _12138_/A2 (sky130_fd_sc_hd__a21o_1)
     2    0.008202    0.056545    0.202132    5.195825 v _12138_/X (sky130_fd_sc_hd__a21o_1)
                                                         _04894_ (net)
                      0.056545    0.000103    5.195928 v _12142_/A2 (sky130_fd_sc_hd__a21o_1)
     2    0.005708    0.045305    0.190075    5.386003 v _12142_/X (sky130_fd_sc_hd__a21o_1)
                                                         _04898_ (net)
                      0.045305    0.000062    5.386065 v _12150_/A2 (sky130_fd_sc_hd__a21o_1)
     2    0.005448    0.044177    0.184260    5.570325 v _12150_/X (sky130_fd_sc_hd__a21o_1)
                                                         _04907_ (net)
                      0.044177    0.000052    5.570377 v _12151_/C (sky130_fd_sc_hd__and3_2)
     4    0.021661    0.079188    0.256274    5.826651 v _12151_/X (sky130_fd_sc_hd__and3_2)
                                                         _04908_ (net)
                      0.079191    0.000546    5.827197 v _12155_/A (sky130_fd_sc_hd__nor3b_2)
     4    0.021277    0.393201    0.381994    6.209191 ^ _12155_/Y (sky130_fd_sc_hd__nor3b_2)
                                                         _04912_ (net)
                      0.393201    0.000114    6.209305 ^ _12165_/A1 (sky130_fd_sc_hd__o211ai_2)
     2    0.007965    0.102961    0.158050    6.367355 v _12165_/Y (sky130_fd_sc_hd__o211ai_2)
                                                         _04923_ (net)
                      0.102961    0.000082    6.367436 v _12170_/A2 (sky130_fd_sc_hd__a21o_1)
     3    0.014166    0.079185    0.243070    6.610506 v _12170_/X (sky130_fd_sc_hd__a21o_1)
                                                         _04929_ (net)
                      0.079185    0.000116    6.610622 v _12176_/A2 (sky130_fd_sc_hd__a21bo_1)
     2    0.005505    0.045948    0.210882    6.821505 v _12176_/X (sky130_fd_sc_hd__a21bo_1)
                                                         _04935_ (net)
                      0.045948    0.000050    6.821555 v _12177_/C (sky130_fd_sc_hd__and3_1)
     2    0.004035    0.042152    0.180763    7.002317 v _12177_/X (sky130_fd_sc_hd__and3_1)
                                                         _04936_ (net)
                      0.042152    0.000020    7.002337 v _12179_/A_N (sky130_fd_sc_hd__nand2b_1)
     1    0.004603    0.052716    0.145457    7.147794 v _12179_/Y (sky130_fd_sc_hd__nand2b_1)
                                                         _04939_ (net)
                      0.052716    0.000043    7.147837 v _13633_/B (sky130_fd_sc_hd__xor2_1)
     1    0.002250    0.040343    0.135209    7.283046 v _13633_/X (sky130_fd_sc_hd__xor2_1)
                                                         _00026_ (net)
                      0.040343    0.000011    7.283058 v _13637_/D (sky130_fd_sc_hd__dfrtp_1)
                                              7.283058   data arrival time

                                 15.000000   15.000000   clock clk (rise edge)
                                  0.000000   15.000000   clock source latency
     1    0.046681    0.214570    0.152157   15.152157 ^ clk (in)
                                                         clk (net)
                      0.215027    0.000000   15.152157 ^ clkbuf_0_clk/A (sky130_fd_sc_hd__clkbuf_16)
     8    0.151713    0.163939    0.277307   15.429464 ^ clkbuf_0_clk/X (sky130_fd_sc_hd__clkbuf_16)
                                                         clknet_0_clk (net)
                      0.164149    0.003729   15.433193 ^ clkbuf_3_6__f_clk/A (sky130_fd_sc_hd__clkbuf_16)
    10    0.030540    0.052499    0.175785   15.608977 ^ clkbuf_3_6__f_clk/X (sky130_fd_sc_hd__clkbuf_16)
                                                         clknet_3_6__leaf_clk (net)
                      0.052515    0.000814   15.609791 ^ _13637_/CLK (sky130_fd_sc_hd__dfrtp_1)
                                 -0.250000   15.359792   clock uncertainty
                                  0.000000   15.359792   clock reconvergence pessimism
                                 -0.110523   15.249269   library setup time
                                             15.249269   data required time
---------------------------------------------------------------------------------------------
                                             15.249269   data required time
                                             -7.283058   data arrival time
---------------------------------------------------------------------------------------------
                                              7.966211   slack (MET)


Startpoint: x0[0] (input port clocked by clk)
Endpoint: _13671_ (rising edge-triggered flip-flop clocked by clk)
Path Group: clk
Path Type: max

Fanout         Cap        Slew       Delay        Time   Description
---------------------------------------------------------------------------------------------
                                  0.000000    0.000000   clock clk (rise edge)
                                  0.000000    0.000000   clock network delay (propagated)
                                  3.000000    3.000000 ^ input external delay
     1    0.002901    0.020166    0.010650    3.010650 ^ x0[0] (in)
                                                         x0[0] (net)
                      0.020166    0.000000    3.010650 ^ input130/A (sky130_fd_sc_hd__clkbuf_2)
     2    0.031700    0.175493    0.187804    3.198454 ^ input130/X (sky130_fd_sc_hd__clkbuf_2)
                                                         net130 (net)
                      0.175509    0.001417    3.199871 ^ fanout658/A (sky130_fd_sc_hd__buf_4)
     6    0.043621    0.126997    0.215427    3.415298 ^ fanout658/X (sky130_fd_sc_hd__buf_4)
                                                         net658 (net)
                      0.127062    0.000205    3.415503 ^ fanout655/A (sky130_fd_sc_hd__buf_6)
    10    0.056900    0.118939    0.181407    3.596910 ^ fanout655/X (sky130_fd_sc_hd__buf_6)
                                                         net655 (net)
                      0.118940    0.000337    3.597247 ^ fanout654/A (sky130_fd_sc_hd__clkbuf_4)
    10    0.047378    0.149146    0.239611    3.836858 ^ fanout654/X (sky130_fd_sc_hd__clkbuf_4)
                                                         net654 (net)
                      0.149146    0.000635    3.837493 ^ _10393_/A (sky130_fd_sc_hd__nand4_1)
     3    0.008929    0.139293    0.151085    3.988578 v _10393_/Y (sky130_fd_sc_hd__nand4_1)
                                                         _02992_ (net)
                      0.139293    0.000087    3.988665 v _10403_/A1 (sky130_fd_sc_hd__a21o_1)
     2    0.005505    0.044414    0.201154    4.189818 v _10403_/X (sky130_fd_sc_hd__a21o_1)
                                                         _03003_ (net)
                      0.044414    0.000050    4.189868 v _10404_/C (sky130_fd_sc_hd__and3_1)
     3    0.006471    0.052581    0.191983    4.381852 v _10404_/X (sky130_fd_sc_hd__and3_1)
                                                         _03004_ (net)
                      0.052581    0.000037    4.381889 v _10407_/A (sky130_fd_sc_hd__or3_1)
     2    0.006092    0.083101    0.390583    4.772471 v _10407_/X (sky130_fd_sc_hd__or3_1)
                                                         _03007_ (net)
                      0.083101    0.000032    4.772503 v _10417_/A1 (sky130_fd_sc_hd__a21o_1)
     3    0.008009    0.055658    0.190020    4.962523 v _10417_/X (sky130_fd_sc_hd__a21o_1)
                                                         _03018_ (net)
                      0.055658    0.000074    4.962597 v _10426_/A2 (sky130_fd_sc_hd__a21o_1)
     2    0.008171    0.056383    0.201291    5.163888 v _10426_/X (sky130_fd_sc_hd__a21o_1)
                                                         _03028_ (net)
                      0.056383    0.000067    5.163955 v _10430_/A2 (sky130_fd_sc_hd__a21o_1)
     2    0.006240    0.047629    0.192496    5.356451 v _10430_/X (sky130_fd_sc_hd__a21o_1)
                                                         _03033_ (net)
                      0.047629    0.000084    5.356534 v _10438_/A2 (sky130_fd_sc_hd__a21o_1)
     2    0.004988    0.042238    0.183069    5.539604 v _10438_/X (sky130_fd_sc_hd__a21o_1)
                                                         _03042_ (net)
                      0.042238    0.000039    5.539642 v _10439_/C (sky130_fd_sc_hd__and3_2)
     4    0.017491    0.070191    0.246188    5.785830 v _10439_/X (sky130_fd_sc_hd__and3_2)
                                                         _03043_ (net)
                      0.070191    0.000184    5.786015 v _10443_/A (sky130_fd_sc_hd__nor3b_1)
     3    0.011451    0.406459    0.379340    6.165355 ^ _10443_/Y (sky130_fd_sc_hd__nor3b_1)
                                                         _03047_ (net)
                      0.406459    0.000153    6.165508 ^ _10450_/B1 (sky130_fd_sc_hd__a211o_1)
     4    0.017409    0.158244    0.247456    6.412964 ^ _10450_/X (sky130_fd_sc_hd__a211o_1)
                                                         _03055_ (net)
                      0.158244    0.000249    6.413213 ^ _10454_/A (sky130_fd_sc_hd__nand3_2)
     5    0.017056    0.123764    0.140209    6.553422 v _10454_/Y (sky130_fd_sc_hd__nand3_2)
                                                         _03059_ (net)
                      0.123764    0.000142    6.553564 v _10465_/A1 (sky130_fd_sc_hd__a21bo_1)
     2    0.004488    0.041588    0.201613    6.755177 v _10465_/X (sky130_fd_sc_hd__a21bo_1)
                                                         _03071_ (net)
                      0.041588    0.000014    6.755192 v _10466_/C (sky130_fd_sc_hd__and3_1)
     2    0.004369    0.043472    0.180508    6.935700 v _10466_/X (sky130_fd_sc_hd__and3_1)
                                                         _03072_ (net)
                      0.043472    0.000020    6.935720 v _10468_/A_N (sky130_fd_sc_hd__nand2b_1)
     1    0.004496    0.052052    0.145382    7.081102 v _10468_/Y (sky130_fd_sc_hd__nand2b_1)
                                                         _03075_ (net)
                      0.052052    0.000040    7.081142 v _11923_/B (sky130_fd_sc_hd__xor2_1)
     1    0.004973    0.054884    0.148437    7.229580 v _11923_/X (sky130_fd_sc_hd__xor2_1)
                                                         _00012_ (net)
                      0.054884    0.000096    7.229676 v _13671_/D (sky130_fd_sc_hd__dfrtp_1)
                                              7.229676   data arrival time

                                 15.000000   15.000000   clock clk (rise edge)
                                  0.000000   15.000000   clock source latency
     1    0.046681    0.214570    0.152157   15.152157 ^ clk (in)
                                                         clk (net)
                      0.215027    0.000000   15.152157 ^ clkbuf_0_clk/A (sky130_fd_sc_hd__clkbuf_16)
     8    0.151713    0.163939    0.277307   15.429464 ^ clkbuf_0_clk/X (sky130_fd_sc_hd__clkbuf_16)
                                                         clknet_0_clk (net)
                      0.164263    0.005095   15.434559 ^ clkbuf_3_2__f_clk/A (sky130_fd_sc_hd__clkbuf_16)
    10    0.037474    0.058340    0.180398   15.614957 ^ clkbuf_3_2__f_clk/X (sky130_fd_sc_hd__clkbuf_16)
                                                         clknet_3_2__leaf_clk (net)
                      0.058447    0.001492   15.616449 ^ _13671_/CLK (sky130_fd_sc_hd__dfrtp_1)
                                 -0.250000   15.366450   clock uncertainty
                                  0.000000   15.366450   clock reconvergence pessimism
                                 -0.115506   15.250944   library setup time
                                             15.250944   data required time
---------------------------------------------------------------------------------------------
                                             15.250944   data required time
                                             -7.229676   data arrival time
---------------------------------------------------------------------------------------------
                                              8.021268   slack (MET)


Startpoint: x0[0] (input port clocked by clk)
Endpoint: _13687_ (rising edge-triggered flip-flop clocked by clk)
Path Group: clk
Path Type: max

Fanout         Cap        Slew       Delay        Time   Description
---------------------------------------------------------------------------------------------
                                  0.000000    0.000000   clock clk (rise edge)
                                  0.000000    0.000000   clock network delay (propagated)
                                  3.000000    3.000000 ^ input external delay
     1    0.002901    0.020166    0.010650    3.010650 ^ x0[0] (in)
                                                         x0[0] (net)
                      0.020166    0.000000    3.010650 ^ input130/A (sky130_fd_sc_hd__clkbuf_2)
     2    0.031700    0.175493    0.187804    3.198454 ^ input130/X (sky130_fd_sc_hd__clkbuf_2)
                                                         net130 (net)
                      0.175509    0.001417    3.199871 ^ fanout658/A (sky130_fd_sc_hd__buf_4)
     6    0.043621    0.126997    0.215427    3.415298 ^ fanout658/X (sky130_fd_sc_hd__buf_4)
                                                         net658 (net)
                      0.127062    0.000205    3.415503 ^ fanout655/A (sky130_fd_sc_hd__buf_6)
    10    0.056900    0.118939    0.181407    3.596910 ^ fanout655/X (sky130_fd_sc_hd__buf_6)
                                                         net655 (net)
                      0.118940    0.000337    3.597247 ^ fanout654/A (sky130_fd_sc_hd__clkbuf_4)
    10    0.047378    0.149146    0.239611    3.836858 ^ fanout654/X (sky130_fd_sc_hd__clkbuf_4)
                                                         net654 (net)
                      0.149152    0.001104    3.837962 ^ _06872_/A (sky130_fd_sc_hd__and4_1)
     2    0.005274    0.076552    0.210628    4.048591 ^ _06872_/X (sky130_fd_sc_hd__and4_1)
                                                         _01943_ (net)
                      0.076552    0.000028    4.048619 ^ _06874_/A_N (sky130_fd_sc_hd__and2b_1)
     1    0.004831    0.042115    0.187701    4.236320 v _06874_/X (sky130_fd_sc_hd__and2b_1)
                                                         _01965_ (net)
                      0.042115    0.000043    4.236362 v _06875_/B (sky130_fd_sc_hd__xnor2_1)
     2    0.007561    0.207654    0.197538    4.433901 ^ _06875_/Y (sky130_fd_sc_hd__xnor2_1)
                                                         _01976_ (net)
                      0.207654    0.000091    4.433991 ^ _06877_/B (sky130_fd_sc_hd__xor2_1)
     2    0.008266    0.207555    0.236728    4.670719 ^ _06877_/X (sky130_fd_sc_hd__xor2_1)
                                                         _01998_ (net)
                      0.207555    0.000119    4.670837 ^ _06880_/A (sky130_fd_sc_hd__xnor2_1)
     2    0.008383    0.231693    0.184870    4.855708 ^ _06880_/Y (sky130_fd_sc_hd__xnor2_1)
                                                         _02030_ (net)
                      0.231693    0.000050    4.855758 ^ _06881_/B (sky130_fd_sc_hd__xnor2_1)
     2    0.007206    0.081077    0.127383    4.983141 v _06881_/Y (sky130_fd_sc_hd__xnor2_1)
                                                         _02041_ (net)
                      0.081077    0.000066    4.983207 v _06885_/A (sky130_fd_sc_hd__xnor2_1)
     2    0.008933    0.234863    0.251453    5.234660 ^ _06885_/Y (sky130_fd_sc_hd__xnor2_1)
                                                         _02085_ (net)
                      0.234863    0.000127    5.234787 ^ _06888_/A (sky130_fd_sc_hd__xor2_1)
     2    0.008056    0.203798    0.237165    5.471951 ^ _06888_/X (sky130_fd_sc_hd__xor2_1)
                                                         _02118_ (net)
                      0.203798    0.000087    5.472039 ^ _06898_/A (sky130_fd_sc_hd__xor2_1)
     2    0.008132    0.212669    0.233486    5.705524 ^ _06898_/X (sky130_fd_sc_hd__xor2_1)
                                                         _02227_ (net)
                      0.212669    0.000053    5.705578 ^ _06900_/B (sky130_fd_sc_hd__xor2_1)
     2    0.005174    0.152739    0.195509    5.901087 ^ _06900_/X (sky130_fd_sc_hd__xor2_1)
                                                         _02249_ (net)
                      0.152739    0.000056    5.901143 ^ _06909_/A (sky130_fd_sc_hd__or2_1)
     3    0.009292    0.096093    0.164760    6.065903 ^ _06909_/X (sky130_fd_sc_hd__or2_1)
                                                         _02347_ (net)
                      0.096093    0.000054    6.065956 ^ _06911_/A (sky130_fd_sc_hd__nand2_1)
     2    0.004734    0.050246    0.069653    6.135609 v _06911_/Y (sky130_fd_sc_hd__nand2_1)
                                                         _02369_ (net)
                      0.050246    0.000052    6.135661 v _06913_/C (sky130_fd_sc_hd__and3_1)
     2    0.004744    0.045043    0.186072    6.321733 v _06913_/X (sky130_fd_sc_hd__and3_1)
                                                         _02391_ (net)
                      0.045043    0.000025    6.321758 v _06914_/B (sky130_fd_sc_hd__or3b_2)
     3    0.011328    0.106033    0.483786    6.805544 v _06914_/X (sky130_fd_sc_hd__or3b_2)
                                                         _02402_ (net)
                      0.106033    0.000061    6.805605 v _06916_/A (sky130_fd_sc_hd__and2_1)
     1    0.002434    0.033520    0.156804    6.962410 v _06916_/X (sky130_fd_sc_hd__and2_1)
                                                         _00008_ (net)
                      0.033520    0.000024    6.962433 v _13687_/D (sky130_fd_sc_hd__dfrtp_1)
                                              6.962433   data arrival time

                                 15.000000   15.000000   clock clk (rise edge)
                                  0.000000   15.000000   clock source latency
     1    0.046681    0.214570    0.152157   15.152157 ^ clk (in)
                                                         clk (net)
                      0.215027    0.000000   15.152157 ^ clkbuf_0_clk/A (sky130_fd_sc_hd__clkbuf_16)
     8    0.151713    0.163939    0.277307   15.429464 ^ clkbuf_0_clk/X (sky130_fd_sc_hd__clkbuf_16)
                                                         clknet_0_clk (net)
                      0.164186    0.004226   15.433690 ^ clkbuf_3_3__f_clk/A (sky130_fd_sc_hd__clkbuf_16)
    10    0.032705    0.054341    0.177360   15.611051 ^ clkbuf_3_3__f_clk/X (sky130_fd_sc_hd__clkbuf_16)
                                                         clknet_3_3__leaf_clk (net)
                      0.054349    0.001133   15.612184 ^ _13687_/CLK (sky130_fd_sc_hd__dfrtp_1)
                                 -0.250000   15.362185   clock uncertainty
                                  0.000000   15.362185   clock reconvergence pessimism
                                 -0.107128   15.255056   library setup time
                                             15.255056   data required time
---------------------------------------------------------------------------------------------
                                             15.255056   data required time
                                             -6.962433   data arrival time
---------------------------------------------------------------------------------------------
                                              8.292623   slack (MET)


Startpoint: x0[0] (input port clocked by clk)
Endpoint: _13670_ (rising edge-triggered flip-flop clocked by clk)
Path Group: clk
Path Type: max

Fanout         Cap        Slew       Delay        Time   Description
---------------------------------------------------------------------------------------------
                                  0.000000    0.000000   clock clk (rise edge)
                                  0.000000    0.000000   clock network delay (propagated)
                                  3.000000    3.000000 ^ input external delay
     1    0.002901    0.020166    0.010650    3.010650 ^ x0[0] (in)
                                                         x0[0] (net)
                      0.020166    0.000000    3.010650 ^ input130/A (sky130_fd_sc_hd__clkbuf_2)
     2    0.031700    0.175493    0.187804    3.198454 ^ input130/X (sky130_fd_sc_hd__clkbuf_2)
                                                         net130 (net)
                      0.175509    0.001417    3.199871 ^ fanout658/A (sky130_fd_sc_hd__buf_4)
     6    0.043621    0.126997    0.215427    3.415298 ^ fanout658/X (sky130_fd_sc_hd__buf_4)
                                                         net658 (net)
                      0.127062    0.000205    3.415503 ^ fanout655/A (sky130_fd_sc_hd__buf_6)
    10    0.056900    0.118939    0.181407    3.596910 ^ fanout655/X (sky130_fd_sc_hd__buf_6)
                                                         net655 (net)
                      0.118940    0.000337    3.597247 ^ fanout654/A (sky130_fd_sc_hd__clkbuf_4)
    10    0.047378    0.149146    0.239611    3.836858 ^ fanout654/X (sky130_fd_sc_hd__clkbuf_4)
                                                         net654 (net)
                      0.149146    0.000507    3.837365 ^ _10252_/A (sky130_fd_sc_hd__and4_1)
     2    0.005196    0.077944    0.210039    4.047404 ^ _10252_/X (sky130_fd_sc_hd__and4_1)
                                                         _02838_ (net)
                      0.077944    0.000031    4.047435 ^ _10254_/A_N (sky130_fd_sc_hd__and2b_1)
     1    0.004754    0.041783    0.187745    4.235180 v _10254_/X (sky130_fd_sc_hd__and2b_1)
                                                         _02840_ (net)
                      0.041783    0.000040    4.235220 v _10255_/B (sky130_fd_sc_hd__xnor2_1)
     2    0.007339    0.203259    0.194087    4.429307 ^ _10255_/Y (sky130_fd_sc_hd__xnor2_1)
                                                         _02841_ (net)
                      0.203259    0.000083    4.429389 ^ _10257_/B (sky130_fd_sc_hd__xor2_1)
     2    0.008331    0.208729    0.237065    4.666454 ^ _10257_/X (sky130_fd_sc_hd__xor2_1)
                                                         _02843_ (net)
                      0.208729    0.000106    4.666560 ^ _10260_/A (sky130_fd_sc_hd__xnor2_1)
     2    0.007672    0.217312    0.179641    4.846201 ^ _10260_/Y (sky130_fd_sc_hd__xnor2_1)
                                                         _02847_ (net)
                      0.217312    0.000058    4.846259 ^ _10262_/B (sky130_fd_sc_hd__xor2_1)
     2    0.008576    0.213128    0.242117    5.088376 ^ _10262_/X (sky130_fd_sc_hd__xor2_1)
                                                         _02849_ (net)
                      0.213128    0.000094    5.088470 ^ _10266_/A (sky130_fd_sc_hd__xnor2_1)
     2    0.008986    0.235935    0.190438    5.278907 ^ _10266_/Y (sky130_fd_sc_hd__xnor2_1)
                                                         _02853_ (net)
                      0.235935    0.000117    5.279025 ^ _10269_/A (sky130_fd_sc_hd__xor2_1)
     2    0.008972    0.220321    0.249790    5.528814 ^ _10269_/X (sky130_fd_sc_hd__xor2_1)
                                                         _02857_ (net)
                      0.220321    0.000154    5.528968 ^ _10278_/A (sky130_fd_sc_hd__xor2_1)
     2    0.006944    0.190657    0.219813    5.748781 ^ _10278_/X (sky130_fd_sc_hd__xor2_1)
                                                         _02867_ (net)
                      0.190657    0.000029    5.748810 ^ _10280_/B (sky130_fd_sc_hd__xnor2_1)
     2    0.005652    0.170054    0.161871    5.910681 ^ _10280_/Y (sky130_fd_sc_hd__xnor2_1)
                                                         _02869_ (net)
                      0.170054    0.000065    5.910747 ^ _10290_/A (sky130_fd_sc_hd__nor2_1)
     3    0.007344    0.062862    0.093525    6.004272 v _10290_/Y (sky130_fd_sc_hd__nor2_1)
                                                         _02880_ (net)
                      0.062862    0.000052    6.004323 v _10292_/A (sky130_fd_sc_hd__or2_1)
     2    0.005498    0.060373    0.243478    6.247801 v _10292_/X (sky130_fd_sc_hd__or2_1)
                                                         _02882_ (net)
                      0.060373    0.000061    6.247862 v _10293_/B1 (sky130_fd_sc_hd__a21oi_1)
     3    0.006731    0.182626    0.171544    6.419406 ^ _10293_/Y (sky130_fd_sc_hd__a21oi_1)
                                                         _02883_ (net)
                      0.182626    0.000040    6.419446 ^ _10295_/A_N (sky130_fd_sc_hd__and2b_1)
     3    0.010851    0.066834    0.238416    6.657862 v _10295_/X (sky130_fd_sc_hd__and2b_1)
                                                         _02885_ (net)
                      0.066834    0.000058    6.657920 v _10297_/B (sky130_fd_sc_hd__xnor2_1)
     1    0.004819    0.059422    0.138157    6.796076 v _10297_/Y (sky130_fd_sc_hd__xnor2_1)
                                                         _00002_ (net)
                      0.059422    0.000095    6.796172 v _13670_/D (sky130_fd_sc_hd__dfrtp_1)
                                              6.796172   data arrival time

                                 15.000000   15.000000   clock clk (rise edge)
                                  0.000000   15.000000   clock source latency
     1    0.046681    0.214570    0.152157   15.152157 ^ clk (in)
                                                         clk (net)
                      0.215027    0.000000   15.152157 ^ clkbuf_0_clk/A (sky130_fd_sc_hd__clkbuf_16)
     8    0.151713    0.163939    0.277307   15.429464 ^ clkbuf_0_clk/X (sky130_fd_sc_hd__clkbuf_16)
                                                         clknet_0_clk (net)
                      0.164263    0.005095   15.434559 ^ clkbuf_3_2__f_clk/A (sky130_fd_sc_hd__clkbuf_16)
    10    0.037474    0.058340    0.180398   15.614957 ^ clkbuf_3_2__f_clk/X (sky130_fd_sc_hd__clkbuf_16)
                                                         clknet_3_2__leaf_clk (net)
                      0.058449    0.001512   15.616468 ^ _13670_/CLK (sky130_fd_sc_hd__dfrtp_1)
                                 -0.250000   15.366469   clock uncertainty
                                  0.000000   15.366469   clock reconvergence pessimism
                                 -0.117484   15.248986   library setup time
                                             15.248986   data required time
---------------------------------------------------------------------------------------------
                                             15.248986   data required time
                                             -6.796172   data arrival time
---------------------------------------------------------------------------------------------
                                              8.452815   slack (MET)


Startpoint: x0[0] (input port clocked by clk)
Endpoint: _13636_ (rising edge-triggered flip-flop clocked by clk)
Path Group: clk
Path Type: max

Fanout         Cap        Slew       Delay        Time   Description
---------------------------------------------------------------------------------------------
                                  0.000000    0.000000   clock clk (rise edge)
                                  0.000000    0.000000   clock network delay (propagated)
                                  3.000000    3.000000 ^ input external delay
     1    0.002901    0.020166    0.010650    3.010650 ^ x0[0] (in)
                                                         x0[0] (net)
                      0.020166    0.000000    3.010650 ^ input130/A (sky130_fd_sc_hd__clkbuf_2)
     2    0.031700    0.175493    0.187804    3.198454 ^ input130/X (sky130_fd_sc_hd__clkbuf_2)
                                                         net130 (net)
                      0.175509    0.001417    3.199871 ^ fanout658/A (sky130_fd_sc_hd__buf_4)
     6    0.043621    0.126997    0.215427    3.415298 ^ fanout658/X (sky130_fd_sc_hd__buf_4)
                                                         net658 (net)
                      0.127185    0.003239    3.418537 ^ fanout657/A (sky130_fd_sc_hd__buf_6)
    10    0.060682    0.125967    0.186402    3.604939 ^ fanout657/X (sky130_fd_sc_hd__buf_6)
                                                         net657 (net)
                      0.125976    0.000907    3.605846 ^ fanout656/A (sky130_fd_sc_hd__buf_4)
    10    0.047162    0.136212    0.209228    3.815074 ^ fanout656/X (sky130_fd_sc_hd__buf_4)
                                                         net656 (net)
                      0.136212    0.000101    3.815175 ^ _11965_/A (sky130_fd_sc_hd__and4_1)
     2    0.004889    0.072806    0.203943    4.019118 ^ _11965_/X (sky130_fd_sc_hd__and4_1)
                                                         _04704_ (net)
                      0.072806    0.000029    4.019147 ^ _11967_/A_N (sky130_fd_sc_hd__and2b_1)
     1    0.005767    0.046077    0.190953    4.210100 v _11967_/X (sky130_fd_sc_hd__and2b_1)
                                                         _04706_ (net)
                      0.046077    0.000081    4.210182 v _11968_/B (sky130_fd_sc_hd__xnor2_1)
     2    0.007407    0.211988    0.196658    4.406840 ^ _11968_/Y (sky130_fd_sc_hd__xnor2_1)
                                                         _04708_ (net)
                      0.211988    0.000041    4.406881 ^ _11970_/B (sky130_fd_sc_hd__xor2_1)
     2    0.008735    0.216008    0.243567    4.650448 ^ _11970_/X (sky130_fd_sc_hd__xor2_1)
                                                         _04710_ (net)
                      0.216008    0.000128    4.650576 ^ _11973_/A (sky130_fd_sc_hd__xnor2_1)
     2    0.007443    0.212662    0.179178    4.829753 ^ _11973_/Y (sky130_fd_sc_hd__xnor2_1)
                                                         _04713_ (net)
                      0.212662    0.000067    4.829821 ^ _11975_/B (sky130_fd_sc_hd__xor2_1)
     2    0.008419    0.210300    0.239419    5.069240 ^ _11975_/X (sky130_fd_sc_hd__xor2_1)
                                                         _04715_ (net)
                      0.210300    0.000101    5.069340 ^ _11979_/A (sky130_fd_sc_hd__xnor2_1)
     2    0.008062    0.217561    0.182883    5.252223 ^ _11979_/Y (sky130_fd_sc_hd__xnor2_1)
                                                         _04720_ (net)
                      0.217561    0.000093    5.252316 ^ _11982_/A (sky130_fd_sc_hd__xor2_1)
     2    0.008512    0.212004    0.240719    5.493035 ^ _11982_/X (sky130_fd_sc_hd__xor2_1)
                                                         _04723_ (net)
                      0.212004    0.000114    5.493148 ^ _11991_/A (sky130_fd_sc_hd__xor2_1)
     2    0.007173    0.194913    0.221670    5.714818 ^ _11991_/X (sky130_fd_sc_hd__xor2_1)
                                                         _04733_ (net)
                      0.194913    0.000039    5.714858 ^ _11993_/B (sky130_fd_sc_hd__xnor2_1)
     2    0.004856    0.160061    0.156325    5.871182 ^ _11993_/Y (sky130_fd_sc_hd__xnor2_1)
                                                         _04735_ (net)
                      0.160061    0.000028    5.871211 ^ _12003_/A (sky130_fd_sc_hd__nor2_1)
     3    0.013887    0.083854    0.117132    5.988342 v _12003_/Y (sky130_fd_sc_hd__nor2_1)
                                                         _04746_ (net)
                      0.083854    0.000080    5.988422 v _12005_/A (sky130_fd_sc_hd__or2_1)
     2    0.006246    0.063746    0.255601    6.244024 v _12005_/X (sky130_fd_sc_hd__or2_1)
                                                         _04748_ (net)
                      0.063746    0.000057    6.244081 v _12006_/B1 (sky130_fd_sc_hd__a21oi_1)
     3    0.007022    0.188208    0.176933    6.421014 ^ _12006_/Y (sky130_fd_sc_hd__a21oi_1)
                                                         _04749_ (net)
                      0.188208    0.000025    6.421040 ^ _12008_/A_N (sky130_fd_sc_hd__and2b_1)
     3    0.010225    0.064241    0.237120    6.658160 v _12008_/X (sky130_fd_sc_hd__and2b_1)
                                                         _04752_ (net)
                      0.064241    0.000089    6.658249 v _12010_/B (sky130_fd_sc_hd__xnor2_1)
     1    0.003368    0.050112    0.128695    6.786944 v _12010_/Y (sky130_fd_sc_hd__xnor2_1)
                                                         _00005_ (net)
                      0.050112    0.000048    6.786993 v _13636_/D (sky130_fd_sc_hd__dfrtp_1)
                                              6.786993   data arrival time

                                 15.000000   15.000000   clock clk (rise edge)
                                  0.000000   15.000000   clock source latency
     1    0.046681    0.214570    0.152157   15.152157 ^ clk (in)
                                                         clk (net)
                      0.215027    0.000000   15.152157 ^ clkbuf_0_clk/A (sky130_fd_sc_hd__clkbuf_16)
     8    0.151713    0.163939    0.277307   15.429464 ^ clkbuf_0_clk/X (sky130_fd_sc_hd__clkbuf_16)
                                                         clknet_0_clk (net)
                      0.164149    0.003729   15.433193 ^ clkbuf_3_6__f_clk/A (sky130_fd_sc_hd__clkbuf_16)
    10    0.030540    0.052499    0.175785   15.608977 ^ clkbuf_3_6__f_clk/X (sky130_fd_sc_hd__clkbuf_16)
                                                         clknet_3_6__leaf_clk (net)
                      0.052516    0.000892   15.609869 ^ _13636_/CLK (sky130_fd_sc_hd__dfrtp_1)
                                 -0.250000   15.359870   clock uncertainty
                                  0.000000   15.359870   clock reconvergence pessimism
                                 -0.114783   15.245088   library setup time
                                             15.245088   data required time
---------------------------------------------------------------------------------------------
                                             15.245088   data required time
                                             -6.786993   data arrival time
---------------------------------------------------------------------------------------------
                                              8.458095   slack (MET)


Startpoint: x0[0] (input port clocked by clk)
Endpoint: _13653_ (rising edge-triggered flip-flop clocked by clk)
Path Group: clk
Path Type: max

Fanout         Cap        Slew       Delay        Time   Description
---------------------------------------------------------------------------------------------
                                  0.000000    0.000000   clock clk (rise edge)
                                  0.000000    0.000000   clock network delay (propagated)
                                  3.000000    3.000000 ^ input external delay
     1    0.002901    0.020166    0.010650    3.010650 ^ x0[0] (in)
                                                         x0[0] (net)
                      0.020166    0.000000    3.010650 ^ input130/A (sky130_fd_sc_hd__clkbuf_2)
     2    0.031700    0.175493    0.187804    3.198454 ^ input130/X (sky130_fd_sc_hd__clkbuf_2)
                                                         net130 (net)
                      0.175509    0.001417    3.199871 ^ fanout658/A (sky130_fd_sc_hd__buf_4)
     6    0.043621    0.126997    0.215427    3.415298 ^ fanout658/X (sky130_fd_sc_hd__buf_4)
                                                         net658 (net)
                      0.127185    0.003239    3.418537 ^ fanout657/A (sky130_fd_sc_hd__buf_6)
    10    0.060682    0.125967    0.186402    3.604939 ^ fanout657/X (sky130_fd_sc_hd__buf_6)
                                                         net657 (net)
                      0.125976    0.000907    3.605846 ^ fanout656/A (sky130_fd_sc_hd__buf_4)
    10    0.047162    0.136212    0.209228    3.815074 ^ fanout656/X (sky130_fd_sc_hd__buf_4)
                                                         net656 (net)
                      0.136241    0.001945    3.817019 ^ _08564_/A (sky130_fd_sc_hd__and4_1)
     2    0.005238    0.075772    0.206714    4.023734 ^ _08564_/X (sky130_fd_sc_hd__and4_1)
                                                         _01032_ (net)
                      0.075772    0.000031    4.023765 ^ _08566_/A_N (sky130_fd_sc_hd__and2b_1)
     1    0.006035    0.047257    0.193056    4.216821 v _08566_/X (sky130_fd_sc_hd__and2b_1)
                                                         _01034_ (net)
                      0.047257    0.000090    4.216910 v _08567_/B (sky130_fd_sc_hd__xnor2_1)
     2    0.008298    0.230039    0.210477    4.427388 ^ _08567_/Y (sky130_fd_sc_hd__xnor2_1)
                                                         _01035_ (net)
                      0.230039    0.000083    4.427472 ^ _08569_/B (sky130_fd_sc_hd__xor2_1)
     2    0.008559    0.212843    0.243465    4.670937 ^ _08569_/X (sky130_fd_sc_hd__xor2_1)
                                                         _01037_ (net)
                      0.212843    0.000116    4.671052 ^ _08572_/A (sky130_fd_sc_hd__xnor2_1)
     2    0.007623    0.208860    0.179979    4.851032 ^ _08572_/Y (sky130_fd_sc_hd__xnor2_1)
                                                         _01040_ (net)
                      0.208860    0.000081    4.851113 ^ _08574_/B (sky130_fd_sc_hd__xor2_1)
     2    0.009016    0.221078    0.246961    5.098073 ^ _08574_/X (sky130_fd_sc_hd__xor2_1)
                                                         _01042_ (net)
                      0.221078    0.000134    5.098208 ^ _08578_/A (sky130_fd_sc_hd__xnor2_1)
     2    0.007954    0.215415    0.183966    5.282174 ^ _08578_/Y (sky130_fd_sc_hd__xnor2_1)
                                                         _01046_ (net)
                      0.215415    0.000095    5.282269 ^ _08581_/A (sky130_fd_sc_hd__xor2_1)
     2    0.008091    0.204414    0.234655    5.516924 ^ _08581_/X (sky130_fd_sc_hd__xor2_1)
                                                         _01049_ (net)
                      0.204414    0.000081    5.517005 ^ _08590_/A (sky130_fd_sc_hd__xor2_1)
     2    0.008230    0.206926    0.234860    5.751865 ^ _08590_/X (sky130_fd_sc_hd__xor2_1)
                                                         _01058_ (net)
                      0.206926    0.000111    5.751976 ^ _08592_/B (sky130_fd_sc_hd__xnor2_1)
     2    0.009790    0.251926    0.196273    5.948249 ^ _08592_/Y (sky130_fd_sc_hd__xnor2_1)
                                                         _01060_ (net)
                      0.251926    0.000144    5.948393 ^ _08603_/A (sky130_fd_sc_hd__xnor2_1)
     2    0.006014    0.183660    0.174608    6.123002 ^ _08603_/Y (sky130_fd_sc_hd__xnor2_1)
                                                         _01071_ (net)
                      0.183660    0.000049    6.123051 ^ _08604_/B1 (sky130_fd_sc_hd__a21oi_1)
     3    0.007195    0.070749    0.088413    6.211464 v _08604_/Y (sky130_fd_sc_hd__a21oi_1)
                                                         _01072_ (net)
                      0.070749    0.000063    6.211526 v _08606_/A_N (sky130_fd_sc_hd__and2b_1)
     2    0.004091    0.051774    0.201884    6.413411 ^ _08606_/X (sky130_fd_sc_hd__and2b_1)
                                                         _01074_ (net)
                      0.051774    0.000031    6.413441 ^ _08607_/C_N (sky130_fd_sc_hd__nor3b_1)
     2    0.005631    0.240719    0.232625    6.646066 ^ _08607_/Y (sky130_fd_sc_hd__nor3b_1)
                                                         _01075_ (net)
                      0.240719    0.000026    6.646092 ^ _08609_/A (sky130_fd_sc_hd__nor2_1)
     1    0.002335    0.055478    0.076033    6.722125 v _08609_/Y (sky130_fd_sc_hd__nor2_1)
                                                         _00011_ (net)
                      0.055478    0.000012    6.722137 v _13653_/D (sky130_fd_sc_hd__dfrtp_1)
                                              6.722137   data arrival time

                                 15.000000   15.000000   clock clk (rise edge)
                                  0.000000   15.000000   clock source latency
     1    0.046681    0.214570    0.152157   15.152157 ^ clk (in)
                                                         clk (net)
                      0.215027    0.000000   15.152157 ^ clkbuf_0_clk/A (sky130_fd_sc_hd__clkbuf_16)
     8    0.151713    0.163939    0.277307   15.429464 ^ clkbuf_0_clk/X (sky130_fd_sc_hd__clkbuf_16)
                                                         clknet_0_clk (net)
                      0.164105    0.003027   15.432491 ^ clkbuf_3_7__f_clk/A (sky130_fd_sc_hd__clkbuf_16)
    10    0.044032    0.064196    0.185526   15.618017 ^ clkbuf_3_7__f_clk/X (sky130_fd_sc_hd__clkbuf_16)
                                                         clknet_3_7__leaf_clk (net)
                      0.064223    0.001219   15.619236 ^ _13653_/CLK (sky130_fd_sc_hd__dfrtp_1)
                                 -0.250000   15.369237   clock uncertainty
                                  0.000000   15.369237   clock reconvergence pessimism
                                 -0.114441   15.254795   library setup time
                                             15.254795   data required time
---------------------------------------------------------------------------------------------
                                             15.254795   data required time
                                             -6.722137   data arrival time
---------------------------------------------------------------------------------------------
                                              8.532658   slack (MET)


Startpoint: x0[0] (input port clocked by clk)
Endpoint: _13669_ (rising edge-triggered flip-flop clocked by clk)
Path Group: clk
Path Type: max

Fanout         Cap        Slew       Delay        Time   Description
---------------------------------------------------------------------------------------------
                                  0.000000    0.000000   clock clk (rise edge)
                                  0.000000    0.000000   clock network delay (propagated)
                                  3.000000    3.000000 ^ input external delay
     1    0.002901    0.020166    0.010650    3.010650 ^ x0[0] (in)
                                                         x0[0] (net)
                      0.020166    0.000000    3.010650 ^ input130/A (sky130_fd_sc_hd__clkbuf_2)
     2    0.031700    0.175493    0.187804    3.198454 ^ input130/X (sky130_fd_sc_hd__clkbuf_2)
                                                         net130 (net)
                      0.175509    0.001417    3.199871 ^ fanout658/A (sky130_fd_sc_hd__buf_4)
     6    0.043621    0.126997    0.215427    3.415298 ^ fanout658/X (sky130_fd_sc_hd__buf_4)
                                                         net658 (net)
                      0.127062    0.000205    3.415503 ^ fanout655/A (sky130_fd_sc_hd__buf_6)
    10    0.056900    0.118939    0.181407    3.596910 ^ fanout655/X (sky130_fd_sc_hd__buf_6)
                                                         net655 (net)
                      0.118940    0.000337    3.597247 ^ fanout654/A (sky130_fd_sc_hd__clkbuf_4)
    10    0.047378    0.149146    0.239611    3.836858 ^ fanout654/X (sky130_fd_sc_hd__clkbuf_4)
                                                         net654 (net)
                      0.149146    0.000266    3.837124 ^ _10222_/A (sky130_fd_sc_hd__and4_1)
     3    0.010140    0.119996    0.247870    4.084993 ^ _10222_/X (sky130_fd_sc_hd__and4_1)
                                                         _02806_ (net)
                      0.119996    0.000050    4.085043 ^ _10223_/B (sky130_fd_sc_hd__nor2_1)
     2    0.008237    0.064217    0.079472    4.164516 v _10223_/Y (sky130_fd_sc_hd__nor2_1)
                                                         _02807_ (net)
                      0.064217    0.000140    4.164656 v _10226_/A (sky130_fd_sc_hd__xor2_1)
     2    0.010712    0.251952    0.256914    4.421571 ^ _10226_/X (sky130_fd_sc_hd__xor2_1)
                                                         _02810_ (net)
                      0.251952    0.000136    4.421707 ^ _10228_/B (sky130_fd_sc_hd__xnor2_1)
     2    0.005149    0.166073    0.168769    4.590476 ^ _10228_/Y (sky130_fd_sc_hd__xnor2_1)
                                                         _02813_ (net)
                      0.166073    0.000049    4.590525 ^ _10229_/C (sky130_fd_sc_hd__and3_1)
     2    0.007460    0.090937    0.208146    4.798671 ^ _10229_/X (sky130_fd_sc_hd__and3_1)
                                                         _02814_ (net)
                      0.090937    0.000085    4.798756 ^ _10231_/A (sky130_fd_sc_hd__nor2_1)
     2    0.007902    0.057483    0.073719    4.872475 v _10231_/Y (sky130_fd_sc_hd__nor2_1)
                                                         _02816_ (net)
                      0.057483    0.000203    4.872677 v _10235_/A (sky130_fd_sc_hd__and3_1)
     3    0.009513    0.064951    0.175916    5.048593 v _10235_/X (sky130_fd_sc_hd__and3_1)
                                                         _02820_ (net)
                      0.064951    0.000083    5.048677 v _10237_/A (sky130_fd_sc_hd__or2_1)
     2    0.004802    0.057288    0.240252    5.288929 v _10237_/X (sky130_fd_sc_hd__or2_1)
                                                         _02822_ (net)
                      0.057288    0.000046    5.288974 v _10238_/D (sky130_fd_sc_hd__or4_1)
     3    0.010031    0.127839    0.461042    5.750017 v _10238_/X (sky130_fd_sc_hd__or4_1)
                                                         _02824_ (net)
                      0.127839    0.000149    5.750165 v _10240_/A (sky130_fd_sc_hd__nand2_1)
     2    0.004501    0.062207    0.099845    5.850011 ^ _10240_/Y (sky130_fd_sc_hd__nand2_1)
                                                         _02826_ (net)
                      0.062207    0.000039    5.850050 ^ _10244_/A (sky130_fd_sc_hd__or3_1)
     3    0.008634    0.087868    0.138237    5.988286 ^ _10244_/X (sky130_fd_sc_hd__or3_1)
                                                         _02830_ (net)
                      0.087868    0.000052    5.988338 ^ _10246_/A (sky130_fd_sc_hd__nand2_1)
     2    0.005370    0.052456    0.070782    6.059120 v _10246_/Y (sky130_fd_sc_hd__nand2_1)
                                                         _02832_ (net)
                      0.052456    0.000062    6.059182 v _10247_/B (sky130_fd_sc_hd__or2_1)
     3    0.011729    0.086980    0.253338    6.312520 v _10247_/X (sky130_fd_sc_hd__or2_1)
                                                         _02833_ (net)
                      0.086980    0.000086    6.312606 v _10250_/A (sky130_fd_sc_hd__and2_1)
     1    0.002477    0.033597    0.148492    6.461098 v _10250_/X (sky130_fd_sc_hd__and2_1)
                                                         _00001_ (net)
                      0.033597    0.000014    6.461112 v _13669_/D (sky130_fd_sc_hd__dfrtp_1)
                                              6.461112   data arrival time

                                 15.000000   15.000000   clock clk (rise edge)
                                  0.000000   15.000000   clock source latency
     1    0.046681    0.214570    0.152157   15.152157 ^ clk (in)
                                                         clk (net)
                      0.215027    0.000000   15.152157 ^ clkbuf_0_clk/A (sky130_fd_sc_hd__clkbuf_16)
     8    0.151713    0.163939    0.277307   15.429464 ^ clkbuf_0_clk/X (sky130_fd_sc_hd__clkbuf_16)
                                                         clknet_0_clk (net)
                      0.164269    0.005153   15.434618 ^ clkbuf_3_1__f_clk/A (sky130_fd_sc_hd__clkbuf_16)
     7    0.047063    0.066928    0.187974   15.622592 ^ clkbuf_3_1__f_clk/X (sky130_fd_sc_hd__clkbuf_16)
                                                         clknet_3_1__leaf_clk (net)
                      0.066950    0.001114   15.623706 ^ _13669_/CLK (sky130_fd_sc_hd__dfrtp_1)
                                 -0.250000   15.373706   clock uncertainty
                                  0.000000   15.373706   clock reconvergence pessimism
                                 -0.104282   15.269423   library setup time
                                             15.269423   data required time
---------------------------------------------------------------------------------------------
                                             15.269423   data required time
                                             -6.461112   data arrival time
---------------------------------------------------------------------------------------------
                                              8.808312   slack (MET)


Startpoint: x0[1] (input port clocked by clk)
Endpoint: _13635_ (rising edge-triggered flip-flop clocked by clk)
Path Group: clk
Path Type: max

Fanout         Cap        Slew       Delay        Time   Description
---------------------------------------------------------------------------------------------
                                  0.000000    0.000000   clock clk (rise edge)
                                  0.000000    0.000000   clock network delay (propagated)
                                  3.000000    3.000000 v input external delay
     1    0.003216    0.009598    0.005123    3.005122 v x0[1] (in)
                                                         x0[1] (net)
                      0.009598    0.000000    3.005122 v input131/A (sky130_fd_sc_hd__buf_4)
     1    0.020524    0.043958    0.137901    3.143023 v input131/X (sky130_fd_sc_hd__buf_4)
                                                         net131 (net)
                      0.044007    0.001265    3.144288 v fanout649/A (sky130_fd_sc_hd__buf_8)
     6    0.049548    0.049265    0.143596    3.287884 v fanout649/X (sky130_fd_sc_hd__buf_8)
                                                         net649 (net)
                      0.049551    0.002697    3.290581 v fanout648/A (sky130_fd_sc_hd__buf_12)
     8    0.072002    0.050765    0.151962    3.442543 v fanout648/X (sky130_fd_sc_hd__buf_12)
                                                         net648 (net)
                      0.050775    0.000588    3.443130 v fanout647/A (sky130_fd_sc_hd__buf_8)
     6    0.033333    0.039214    0.135506    3.578636 v fanout647/X (sky130_fd_sc_hd__buf_8)
                                                         net647 (net)
                      0.039214    0.000205    3.578842 v fanout645/A (sky130_fd_sc_hd__buf_4)
    10    0.039722    0.065064    0.171507    3.750349 v fanout645/X (sky130_fd_sc_hd__buf_4)
                                                         net645 (net)
                      0.065067    0.000488    3.750837 v _11935_/B (sky130_fd_sc_hd__and4_1)
     3    0.009302    0.064698    0.208432    3.959269 v _11935_/X (sky130_fd_sc_hd__and4_1)
                                                         _04672_ (net)
                      0.064698    0.000052    3.959321 v _11936_/B (sky130_fd_sc_hd__nor2_1)
     2    0.011687    0.222409    0.198126    4.157447 ^ _11936_/Y (sky130_fd_sc_hd__nor2_1)
                                                         _04673_ (net)
                      0.222409    0.000229    4.157676 ^ _11939_/A (sky130_fd_sc_hd__xor2_1)
     2    0.010840    0.262811    0.273256    4.430931 ^ _11939_/X (sky130_fd_sc_hd__xor2_1)
                                                         _04677_ (net)
                      0.262811    0.000089    4.431021 ^ _11941_/B (sky130_fd_sc_hd__xnor2_1)
     2    0.004906    0.161137    0.168752    4.599773 ^ _11941_/Y (sky130_fd_sc_hd__xnor2_1)
                                                         _04679_ (net)
                      0.161137    0.000040    4.599812 ^ _11942_/C (sky130_fd_sc_hd__and3_1)
     2    0.005624    0.075046    0.193568    4.793380 ^ _11942_/X (sky130_fd_sc_hd__and3_1)
                                                         _04680_ (net)
                      0.075046    0.000032    4.793413 ^ _11944_/A (sky130_fd_sc_hd__nor2_1)
     2    0.005179    0.042063    0.058418    4.851830 v _11944_/Y (sky130_fd_sc_hd__nor2_1)
                                                         _04682_ (net)
                      0.042063    0.000057    4.851888 v _11948_/A (sky130_fd_sc_hd__and3_1)
     3    0.009300    0.064110    0.168608    5.020495 v _11948_/X (sky130_fd_sc_hd__and3_1)
                                                         _04687_ (net)
                      0.064110    0.000052    5.020547 v _11950_/A (sky130_fd_sc_hd__or2_1)
     2    0.005790    0.061712    0.245624    5.266171 v _11950_/X (sky130_fd_sc_hd__or2_1)
                                                         _04689_ (net)
                      0.061712    0.000036    5.266207 v _11951_/D (sky130_fd_sc_hd__or4_1)
     3    0.008713    0.120864    0.452842    5.719049 v _11951_/X (sky130_fd_sc_hd__or4_1)
                                                         _04690_ (net)
                      0.120864    0.000052    5.719100 v _11953_/A (sky130_fd_sc_hd__nand2_1)
     2    0.004302    0.059549    0.096075    5.815175 ^ _11953_/Y (sky130_fd_sc_hd__nand2_1)
                                                         _04692_ (net)
                      0.059549    0.000033    5.815208 ^ _11957_/A (sky130_fd_sc_hd__or3_1)
     3    0.008668    0.088155    0.137475    5.952683 ^ _11957_/X (sky130_fd_sc_hd__or3_1)
                                                         _04696_ (net)
                      0.088155    0.000074    5.952757 ^ _11959_/A (sky130_fd_sc_hd__nand2_1)
     2    0.004844    0.049466    0.067935    6.020692 v _11959_/Y (sky130_fd_sc_hd__nand2_1)
                                                         _04699_ (net)
                      0.049466    0.000048    6.020740 v _11960_/B (sky130_fd_sc_hd__or2_1)
     3    0.011034    0.084081    0.249451    6.270191 v _11960_/X (sky130_fd_sc_hd__or2_1)
                                                         _04700_ (net)
                      0.084081    0.000036    6.270227 v _11963_/A (sky130_fd_sc_hd__and2_1)
     1    0.003991    0.039950    0.155224    6.425451 v _11963_/X (sky130_fd_sc_hd__and2_1)
                                                         _00004_ (net)
                      0.039950    0.000067    6.425518 v _13635_/D (sky130_fd_sc_hd__dfrtp_1)
                                              6.425518   data arrival time

                                 15.000000   15.000000   clock clk (rise edge)
                                  0.000000   15.000000   clock source latency
     1    0.046681    0.214570    0.152157   15.152157 ^ clk (in)
                                                         clk (net)
                      0.215027    0.000000   15.152157 ^ clkbuf_0_clk/A (sky130_fd_sc_hd__clkbuf_16)
     8    0.151713    0.163939    0.277307   15.429464 ^ clkbuf_0_clk/X (sky130_fd_sc_hd__clkbuf_16)
                                                         clknet_0_clk (net)
                      0.164149    0.003729   15.433193 ^ clkbuf_3_6__f_clk/A (sky130_fd_sc_hd__clkbuf_16)
    10    0.030540    0.052499    0.175785   15.608977 ^ clkbuf_3_6__f_clk/X (sky130_fd_sc_hd__clkbuf_16)
                                                         clknet_3_6__leaf_clk (net)
                      0.052516    0.000901   15.609879 ^ _13635_/CLK (sky130_fd_sc_hd__dfrtp_1)
                                 -0.250000   15.359879   clock uncertainty
                                  0.000000   15.359879   clock reconvergence pessimism
                                 -0.110351   15.249528   library setup time
                                             15.249528   data required time
---------------------------------------------------------------------------------------------
                                             15.249528   data required time
                                             -6.425518   data arrival time
---------------------------------------------------------------------------------------------
                                              8.824010   slack (MET)


Startpoint: x0[1] (input port clocked by clk)
Endpoint: _13652_ (rising edge-triggered flip-flop clocked by clk)
Path Group: clk
Path Type: max

Fanout         Cap        Slew       Delay        Time   Description
---------------------------------------------------------------------------------------------
                                  0.000000    0.000000   clock clk (rise edge)
                                  0.000000    0.000000   clock network delay (propagated)
                                  3.000000    3.000000 v input external delay
     1    0.003216    0.009598    0.005123    3.005122 v x0[1] (in)
                                                         x0[1] (net)
                      0.009598    0.000000    3.005122 v input131/A (sky130_fd_sc_hd__buf_4)
     1    0.020524    0.043958    0.137901    3.143023 v input131/X (sky130_fd_sc_hd__buf_4)
                                                         net131 (net)
                      0.044007    0.001265    3.144288 v fanout649/A (sky130_fd_sc_hd__buf_8)
     6    0.049548    0.049265    0.143596    3.287884 v fanout649/X (sky130_fd_sc_hd__buf_8)
                                                         net649 (net)
                      0.049551    0.002697    3.290581 v fanout648/A (sky130_fd_sc_hd__buf_12)
     8    0.072002    0.050765    0.151962    3.442543 v fanout648/X (sky130_fd_sc_hd__buf_12)
                                                         net648 (net)
                      0.050775    0.000588    3.443130 v fanout647/A (sky130_fd_sc_hd__buf_8)
     6    0.033333    0.039214    0.135506    3.578636 v fanout647/X (sky130_fd_sc_hd__buf_8)
                                                         net647 (net)
                      0.039280    0.001459    3.580096 v fanout646/A (sky130_fd_sc_hd__buf_8)
    10    0.041545    0.044991    0.136543    3.716638 v fanout646/X (sky130_fd_sc_hd__buf_8)
                                                         net646 (net)
                      0.044993    0.000337    3.716975 v _08537_/B (sky130_fd_sc_hd__and4_1)
     3    0.009941    0.067151    0.201812    3.918787 v _08537_/X (sky130_fd_sc_hd__and4_1)
                                                         _01006_ (net)
                      0.067151    0.000093    3.918880 v _08538_/B (sky130_fd_sc_hd__nor2_1)
     2    0.010655    0.205117    0.186366    4.105247 ^ _08538_/Y (sky130_fd_sc_hd__nor2_1)
                                                         _01007_ (net)
                      0.205118    0.000268    4.105514 ^ _08541_/A (sky130_fd_sc_hd__xor2_1)
     2    0.011497    0.266298    0.279496    4.385011 ^ _08541_/X (sky130_fd_sc_hd__xor2_1)
                                                         _01010_ (net)
                      0.266298    0.000162    4.385173 ^ _08543_/B (sky130_fd_sc_hd__xnor2_1)
     2    0.005402    0.171222    0.173347    4.558519 ^ _08543_/Y (sky130_fd_sc_hd__xnor2_1)
                                                         _01012_ (net)
                      0.171222    0.000040    4.558560 ^ _08544_/C (sky130_fd_sc_hd__and3_1)
     2    0.005681    0.075643    0.195956    4.754516 ^ _08544_/X (sky130_fd_sc_hd__and3_1)
                                                         _01013_ (net)
                      0.075643    0.000044    4.754560 ^ _08546_/A (sky130_fd_sc_hd__nor2_1)
     2    0.006353    0.047930    0.063082    4.817642 v _08546_/Y (sky130_fd_sc_hd__nor2_1)
                                                         _01015_ (net)
                      0.047930    0.000119    4.817760 v _08550_/A (sky130_fd_sc_hd__and3_1)
     3    0.008463    0.060959    0.167476    4.985237 v _08550_/X (sky130_fd_sc_hd__and3_1)
                                                         _01019_ (net)
                      0.060959    0.000039    4.985275 v _08552_/A (sky130_fd_sc_hd__or2_1)
     2    0.004732    0.056995    0.238373    5.223649 v _08552_/X (sky130_fd_sc_hd__or2_1)
                                                         _01021_ (net)
                      0.056995    0.000024    5.223672 v _08553_/D (sky130_fd_sc_hd__or4_1)
     3    0.008685    0.120820    0.451150    5.674822 v _08553_/X (sky130_fd_sc_hd__or4_1)
                                                         _01022_ (net)
                      0.120820    0.000085    5.674907 v _08555_/A (sky130_fd_sc_hd__nand2_1)
     2    0.004392    0.060137    0.096638    5.771545 ^ _08555_/Y (sky130_fd_sc_hd__nand2_1)
                                                         _01024_ (net)
                      0.060137    0.000039    5.771584 ^ _08559_/A (sky130_fd_sc_hd__or3_1)
     3    0.008901    0.090106    0.139186    5.910770 ^ _08559_/X (sky130_fd_sc_hd__or3_1)
                                                         _01028_ (net)
                      0.090106    0.000032    5.910802 ^ _08561_/A (sky130_fd_sc_hd__nand2_1)
     3    0.009892    0.079292    0.096420    6.007222 v _08561_/Y (sky130_fd_sc_hd__nand2_1)
                                                         _01030_ (net)
                      0.079292    0.000127    6.007349 v _08562_/B (sky130_fd_sc_hd__xor2_1)
     1    0.003530    0.054380    0.152256    6.159605 v _08562_/X (sky130_fd_sc_hd__xor2_1)
                                                         _00010_ (net)
                      0.054380    0.000051    6.159655 v _13652_/D (sky130_fd_sc_hd__dfrtp_1)
                                              6.159655   data arrival time

                                 15.000000   15.000000   clock clk (rise edge)
                                  0.000000   15.000000   clock source latency
     1    0.046681    0.214570    0.152157   15.152157 ^ clk (in)
                                                         clk (net)
                      0.215027    0.000000   15.152157 ^ clkbuf_0_clk/A (sky130_fd_sc_hd__clkbuf_16)
     8    0.151713    0.163939    0.277307   15.429464 ^ clkbuf_0_clk/X (sky130_fd_sc_hd__clkbuf_16)
                                                         clknet_0_clk (net)
                      0.164105    0.003027   15.432491 ^ clkbuf_3_7__f_clk/A (sky130_fd_sc_hd__clkbuf_16)
    10    0.044032    0.064196    0.185526   15.618017 ^ clkbuf_3_7__f_clk/X (sky130_fd_sc_hd__clkbuf_16)
                                                         clknet_3_7__leaf_clk (net)
                      0.064228    0.001299   15.619316 ^ _13652_/CLK (sky130_fd_sc_hd__dfrtp_1)
                                 -0.250000   15.369317   clock uncertainty
                                  0.000000   15.369317   clock reconvergence pessimism
                                 -0.113962   15.255355   library setup time
                                             15.255355   data required time
---------------------------------------------------------------------------------------------
                                             15.255355   data required time
                                             -6.159655   data arrival time
---------------------------------------------------------------------------------------------
                                              9.095699   slack (MET)


Startpoint: x3[0] (input port clocked by clk)
Endpoint: _13686_ (rising edge-triggered flip-flop clocked by clk)
Path Group: clk
Path Type: max

Fanout         Cap        Slew       Delay        Time   Description
---------------------------------------------------------------------------------------------
                                  0.000000    0.000000   clock clk (rise edge)
                                  0.000000    0.000000   clock network delay (propagated)
                                  3.000000    3.000000 ^ input external delay
     1    0.002849    0.019942    0.010469    3.010469 ^ x3[0] (in)
                                                         x3[0] (net)
                      0.019942    0.000000    3.010469 ^ input154/A (sky130_fd_sc_hd__buf_1)
     1    0.010925    0.135141    0.136262    3.146731 ^ input154/X (sky130_fd_sc_hd__buf_1)
                                                         net154 (net)
                      0.135142    0.000353    3.147084 ^ fanout473/A (sky130_fd_sc_hd__clkbuf_4)
     6    0.073123    0.221968    0.293374    3.440458 ^ fanout473/X (sky130_fd_sc_hd__clkbuf_4)
                                                         net473 (net)
                      0.221968    0.000288    3.440746 ^ fanout469/A (sky130_fd_sc_hd__clkbuf_4)
     5    0.065675    0.199797    0.309921    3.750667 ^ fanout469/X (sky130_fd_sc_hd__clkbuf_4)
                                                         net469 (net)
                      0.199996    0.004015    3.754681 ^ fanout467/A (sky130_fd_sc_hd__buf_2)
    10    0.041172    0.202891    0.269527    4.024208 ^ fanout467/X (sky130_fd_sc_hd__buf_2)
                                                         net467 (net)
                      0.202894    0.001235    4.025443 ^ _06843_/A (sky130_fd_sc_hd__and3_1)
     4    0.013838    0.147037    0.259700    4.285143 ^ _06843_/X (sky130_fd_sc_hd__and3_1)
                                                         _01627_ (net)
                      0.147037    0.000061    4.285204 ^ _06845_/A (sky130_fd_sc_hd__or2_1)
     1    0.005096    0.059835    0.136624    4.421828 ^ _06845_/X (sky130_fd_sc_hd__or2_1)
                                                         _01649_ (net)
                      0.059835    0.000032    4.421860 ^ _06847_/B (sky130_fd_sc_hd__xor2_1)
     2    0.008438    0.218341    0.215198    4.637058 ^ _06847_/X (sky130_fd_sc_hd__xor2_1)
                                                         _01671_ (net)
                      0.218341    0.000074    4.637132 ^ _06849_/A (sky130_fd_sc_hd__xor2_1)
     2    0.004923    0.071713    0.111823    4.748955 v _06849_/X (sky130_fd_sc_hd__xor2_1)
                                                         _01692_ (net)
                      0.071713    0.000054    4.749009 v _06857_/A (sky130_fd_sc_hd__or2_1)
     1    0.002588    0.047990    0.228147    4.977156 v _06857_/X (sky130_fd_sc_hd__or2_1)
                                                         _01780_ (net)
                      0.047990    0.000013    4.977169 v _06858_/B (sky130_fd_sc_hd__nand2_1)
     2    0.005369    0.064256    0.078455    5.055623 ^ _06858_/Y (sky130_fd_sc_hd__nand2_1)
                                                         _01791_ (net)
                      0.064256    0.000054    5.055677 ^ _06859_/B (sky130_fd_sc_hd__or2_1)
     3    0.008425    0.088361    0.131324    5.187001 ^ _06859_/X (sky130_fd_sc_hd__or2_1)
                                                         _01802_ (net)
                      0.088361    0.000054    5.187055 ^ _06861_/A (sky130_fd_sc_hd__nand2_1)
     2    0.004280    0.048027    0.064860    5.251915 v _06861_/Y (sky130_fd_sc_hd__nand2_1)
                                                         _01824_ (net)
                      0.048027    0.000012    5.251926 v _06865_/A (sky130_fd_sc_hd__or2_1)
     3    0.007629    0.070650    0.250373    5.502300 v _06865_/X (sky130_fd_sc_hd__or2_1)
                                                         _01867_ (net)
                      0.070650    0.000034    5.502334 v _06867_/A (sky130_fd_sc_hd__nand2_1)
     2    0.004827    0.059737    0.077487    5.579821 ^ _06867_/Y (sky130_fd_sc_hd__nand2_1)
                                                         _01889_ (net)
                      0.059737    0.000029    5.579850 ^ _06869_/B (sky130_fd_sc_hd__and2_1)
     1    0.002781    0.047393    0.118808    5.698658 ^ _06869_/X (sky130_fd_sc_hd__and2_1)
                                                         _01911_ (net)
                      0.047393    0.000014    5.698672 ^ _06870_/B (sky130_fd_sc_hd__nor2_1)
     1    0.002683    0.042749    0.036358    5.735030 v _06870_/Y (sky130_fd_sc_hd__nor2_1)
                                                         _00007_ (net)
                      0.042749    0.000027    5.735057 v _13686_/D (sky130_fd_sc_hd__dfrtp_1)
                                              5.735057   data arrival time

                                 15.000000   15.000000   clock clk (rise edge)
                                  0.000000   15.000000   clock source latency
     1    0.046681    0.214570    0.152157   15.152157 ^ clk (in)
                                                         clk (net)
                      0.215027    0.000000   15.152157 ^ clkbuf_0_clk/A (sky130_fd_sc_hd__clkbuf_16)
     8    0.151713    0.163939    0.277307   15.429464 ^ clkbuf_0_clk/X (sky130_fd_sc_hd__clkbuf_16)
                                                         clknet_0_clk (net)
                      0.164186    0.004226   15.433690 ^ clkbuf_3_3__f_clk/A (sky130_fd_sc_hd__clkbuf_16)
    10    0.032705    0.054341    0.177360   15.611051 ^ clkbuf_3_3__f_clk/X (sky130_fd_sc_hd__clkbuf_16)
                                                         clknet_3_3__leaf_clk (net)
                      0.054349    0.001140   15.612191 ^ _13686_/CLK (sky130_fd_sc_hd__dfrtp_1)
                                 -0.250000   15.362192   clock uncertainty
                                  0.000000   15.362192   clock reconvergence pessimism
                                 -0.111153   15.251039   library setup time
                                             15.251039   data required time
---------------------------------------------------------------------------------------------
                                             15.251039   data required time
                                             -5.735057   data arrival time
---------------------------------------------------------------------------------------------
                                              9.515981   slack (MET)


Startpoint: x3[0] (input port clocked by clk)
Endpoint: _13651_ (rising edge-triggered flip-flop clocked by clk)
Path Group: clk
Path Type: max

Fanout         Cap        Slew       Delay        Time   Description
---------------------------------------------------------------------------------------------
                                  0.000000    0.000000   clock clk (rise edge)
                                  0.000000    0.000000   clock network delay (propagated)
                                  3.000000    3.000000 ^ input external delay
     1    0.002849    0.019942    0.010469    3.010469 ^ x3[0] (in)
                                                         x3[0] (net)
                      0.019942    0.000000    3.010469 ^ input154/A (sky130_fd_sc_hd__buf_1)
     1    0.010925    0.135141    0.136262    3.146731 ^ input154/X (sky130_fd_sc_hd__buf_1)
                                                         net154 (net)
                      0.135142    0.000353    3.147084 ^ fanout473/A (sky130_fd_sc_hd__clkbuf_4)
     6    0.073123    0.221968    0.293374    3.440458 ^ fanout473/X (sky130_fd_sc_hd__clkbuf_4)
                                                         net473 (net)
                      0.222236    0.006347    3.446805 ^ fanout471/A (sky130_fd_sc_hd__clkbuf_4)
    10    0.046815    0.147843    0.271396    3.718201 ^ fanout471/X (sky130_fd_sc_hd__clkbuf_4)
                                                         net471 (net)
                      0.148132    0.004712    3.722913 ^ _08529_/A (sky130_fd_sc_hd__and4_1)
     5    0.019046    0.194023    0.307553    4.030466 ^ _08529_/X (sky130_fd_sc_hd__and4_1)
                                                         _00999_ (net)
                      0.194023    0.000449    4.030914 ^ _08531_/B (sky130_fd_sc_hd__nor3_1)
     3    0.006313    0.066967    0.096121    4.127035 v _08531_/Y (sky130_fd_sc_hd__nor3_1)
                                                         _01001_ (net)
                      0.066967    0.000035    4.127070 v _08533_/A (sky130_fd_sc_hd__or4bb_2)
     4    0.012243    0.130306    0.690337    4.817408 v _08533_/X (sky130_fd_sc_hd__or4bb_2)
                                                         _01003_ (net)
                      0.130306    0.000068    4.817476 v _08535_/A (sky130_fd_sc_hd__and2_1)
     1    0.002722    0.034758    0.169331    4.986807 v _08535_/X (sky130_fd_sc_hd__and2_1)
                                                         _00009_ (net)
                      0.034758    0.000028    4.986835 v _13651_/D (sky130_fd_sc_hd__dfrtp_1)
                                              4.986835   data arrival time

                                 15.000000   15.000000   clock clk (rise edge)
                                  0.000000   15.000000   clock source latency
     1    0.046681    0.214570    0.152157   15.152157 ^ clk (in)
                                                         clk (net)
                      0.215027    0.000000   15.152157 ^ clkbuf_0_clk/A (sky130_fd_sc_hd__clkbuf_16)
     8    0.151713    0.163939    0.277307   15.429464 ^ clkbuf_0_clk/X (sky130_fd_sc_hd__clkbuf_16)
                                                         clknet_0_clk (net)
                      0.164105    0.003027   15.432491 ^ clkbuf_3_7__f_clk/A (sky130_fd_sc_hd__clkbuf_16)
    10    0.044032    0.064196    0.185526   15.618017 ^ clkbuf_3_7__f_clk/X (sky130_fd_sc_hd__clkbuf_16)
                                                         clknet_3_7__leaf_clk (net)
                      0.064216    0.001075   15.619092 ^ _13651_/CLK (sky130_fd_sc_hd__dfrtp_1)
                                 -0.250000   15.369093   clock uncertainty
                                  0.000000   15.369093   clock reconvergence pessimism
                                 -0.105413   15.263680   library setup time
                                             15.263680   data required time
---------------------------------------------------------------------------------------------
                                             15.263680   data required time
                                             -4.986835   data arrival time
---------------------------------------------------------------------------------------------
                                             10.276845   slack (MET)


Startpoint: x3[0] (input port clocked by clk)
Endpoint: _13634_ (rising edge-triggered flip-flop clocked by clk)
Path Group: clk
Path Type: max

Fanout         Cap        Slew       Delay        Time   Description
---------------------------------------------------------------------------------------------
                                  0.000000    0.000000   clock clk (rise edge)
                                  0.000000    0.000000   clock network delay (propagated)
                                  3.000000    3.000000 ^ input external delay
     1    0.002849    0.019942    0.010469    3.010469 ^ x3[0] (in)
                                                         x3[0] (net)
                      0.019942    0.000000    3.010469 ^ input154/A (sky130_fd_sc_hd__buf_1)
     1    0.010925    0.135141    0.136262    3.146731 ^ input154/X (sky130_fd_sc_hd__buf_1)
                                                         net154 (net)
                      0.135142    0.000353    3.147084 ^ fanout473/A (sky130_fd_sc_hd__clkbuf_4)
     6    0.073123    0.221968    0.293374    3.440458 ^ fanout473/X (sky130_fd_sc_hd__clkbuf_4)
                                                         net473 (net)
                      0.222236    0.006347    3.446805 ^ fanout471/A (sky130_fd_sc_hd__clkbuf_4)
    10    0.046815    0.147843    0.271396    3.718201 ^ fanout471/X (sky130_fd_sc_hd__clkbuf_4)
                                                         net471 (net)
                      0.147843    0.000447    3.718648 ^ fanout470/A (sky130_fd_sc_hd__buf_2)
    10    0.039878    0.196587    0.251425    3.970072 ^ fanout470/X (sky130_fd_sc_hd__buf_2)
                                                         net470 (net)
                      0.196587    0.000199    3.970271 ^ _11926_/A (sky130_fd_sc_hd__and4_1)
     5    0.019590    0.198713    0.325260    4.295531 ^ _11926_/X (sky130_fd_sc_hd__and4_1)
                                                         _04663_ (net)
                      0.198713    0.000093    4.295624 ^ _11928_/B (sky130_fd_sc_hd__nor3_1)
     3    0.008133    0.073921    0.105789    4.401412 v _11928_/Y (sky130_fd_sc_hd__nor3_1)
                                                         _04666_ (net)
                      0.073921    0.000095    4.401507 v _11931_/A (sky130_fd_sc_hd__or3_1)
     3    0.007016    0.088661    0.404752    4.806259 v _11931_/X (sky130_fd_sc_hd__or3_1)
                                                         _04669_ (net)
                      0.088661    0.000074    4.806333 v _11933_/A (sky130_fd_sc_hd__and2_1)
     1    0.002969    0.035828    0.152116    4.958449 v _11933_/X (sky130_fd_sc_hd__and2_1)
                                                         _00003_ (net)
                      0.035828    0.000024    4.958473 v _13634_/D (sky130_fd_sc_hd__dfrtp_1)
                                              4.958473   data arrival time

                                 15.000000   15.000000   clock clk (rise edge)
                                  0.000000   15.000000   clock source latency
     1    0.046681    0.214570    0.152157   15.152157 ^ clk (in)
                                                         clk (net)
                      0.215027    0.000000   15.152157 ^ clkbuf_0_clk/A (sky130_fd_sc_hd__clkbuf_16)
     8    0.151713    0.163939    0.277307   15.429464 ^ clkbuf_0_clk/X (sky130_fd_sc_hd__clkbuf_16)
                                                         clknet_0_clk (net)
                      0.164149    0.003729   15.433193 ^ clkbuf_3_6__f_clk/A (sky130_fd_sc_hd__clkbuf_16)
    10    0.030540    0.052499    0.175785   15.608977 ^ clkbuf_3_6__f_clk/X (sky130_fd_sc_hd__clkbuf_16)
                                                         clknet_3_6__leaf_clk (net)
                      0.052515    0.000846   15.609823 ^ _13634_/CLK (sky130_fd_sc_hd__dfrtp_1)
                                 -0.250000   15.359824   clock uncertainty
                                  0.000000   15.359824   clock reconvergence pessimism
                                 -0.108554   15.251271   library setup time
                                             15.251271   data required time
---------------------------------------------------------------------------------------------
                                             15.251271   data required time
                                             -4.958473   data arrival time
---------------------------------------------------------------------------------------------
                                             10.292798   slack (MET)


Startpoint: x3[0] (input port clocked by clk)
Endpoint: _13668_ (rising edge-triggered flip-flop clocked by clk)
Path Group: clk
Path Type: max

Fanout         Cap        Slew       Delay        Time   Description
---------------------------------------------------------------------------------------------
                                  0.000000    0.000000   clock clk (rise edge)
                                  0.000000    0.000000   clock network delay (propagated)
                                  3.000000    3.000000 ^ input external delay
     1    0.002849    0.019942    0.010469    3.010469 ^ x3[0] (in)
                                                         x3[0] (net)
                      0.019942    0.000000    3.010469 ^ input154/A (sky130_fd_sc_hd__buf_1)
     1    0.010925    0.135141    0.136262    3.146731 ^ input154/X (sky130_fd_sc_hd__buf_1)
                                                         net154 (net)
                      0.135142    0.000353    3.147084 ^ fanout473/A (sky130_fd_sc_hd__clkbuf_4)
     6    0.073123    0.221968    0.293374    3.440458 ^ fanout473/X (sky130_fd_sc_hd__clkbuf_4)
                                                         net473 (net)
                      0.221968    0.000288    3.440746 ^ fanout469/A (sky130_fd_sc_hd__clkbuf_4)
     5    0.065675    0.199797    0.309921    3.750667 ^ fanout469/X (sky130_fd_sc_hd__clkbuf_4)
                                                         net469 (net)
                      0.199797    0.000454    3.751121 ^ fanout468/A (sky130_fd_sc_hd__clkbuf_2)
    10    0.031611    0.175578    0.245921    3.997041 ^ fanout468/X (sky130_fd_sc_hd__clkbuf_2)
                                                         net468 (net)
                      0.175578    0.000055    3.997097 ^ _10213_/A (sky130_fd_sc_hd__and4_1)
     5    0.017936    0.184199    0.307994    4.305090 ^ _10213_/X (sky130_fd_sc_hd__and4_1)
                                                         _02797_ (net)
                      0.184199    0.000264    4.305355 ^ _10215_/B (sky130_fd_sc_hd__nor3_1)
     3    0.007396    0.068496    0.099079    4.404433 v _10215_/Y (sky130_fd_sc_hd__nor3_1)
                                                         _02799_ (net)
                      0.068496    0.000108    4.404541 v _10218_/A (sky130_fd_sc_hd__or3_1)
     3    0.007188    0.089756    0.404245    4.808786 v _10218_/X (sky130_fd_sc_hd__or3_1)
                                                         _02803_ (net)
                      0.089756    0.000031    4.808817 v _10220_/A (sky130_fd_sc_hd__and2_1)
     1    0.002271    0.032860    0.148537    4.957354 v _10220_/X (sky130_fd_sc_hd__and2_1)
                                                         _00000_ (net)
                      0.032860    0.000012    4.957366 v _13668_/D (sky130_fd_sc_hd__dfrtp_1)
                                              4.957366   data arrival time

                                 15.000000   15.000000   clock clk (rise edge)
                                  0.000000   15.000000   clock source latency
     1    0.046681    0.214570    0.152157   15.152157 ^ clk (in)
                                                         clk (net)
                      0.215027    0.000000   15.152157 ^ clkbuf_0_clk/A (sky130_fd_sc_hd__clkbuf_16)
     8    0.151713    0.163939    0.277307   15.429464 ^ clkbuf_0_clk/X (sky130_fd_sc_hd__clkbuf_16)
                                                         clknet_0_clk (net)
                      0.164269    0.005153   15.434618 ^ clkbuf_3_1__f_clk/A (sky130_fd_sc_hd__clkbuf_16)
     7    0.047063    0.066928    0.187974   15.622592 ^ clkbuf_3_1__f_clk/X (sky130_fd_sc_hd__clkbuf_16)
                                                         clknet_3_1__leaf_clk (net)
                      0.066948    0.001071   15.623663 ^ _13668_/CLK (sky130_fd_sc_hd__dfrtp_1)
                                 -0.250000   15.373664   clock uncertainty
                                  0.000000   15.373664   clock reconvergence pessimism
                                 -0.103962   15.269702   library setup time
                                             15.269702   data required time
---------------------------------------------------------------------------------------------
                                             15.269702   data required time
                                             -4.957366   data arrival time
---------------------------------------------------------------------------------------------
                                             10.312336   slack (MET)


Startpoint: _13647_ (rising edge-triggered flip-flop clocked by clk)
Endpoint: y0[13] (output port clocked by clk)
Path Group: clk
Path Type: max

Fanout         Cap        Slew       Delay        Time   Description
---------------------------------------------------------------------------------------------
                                  0.000000    0.000000   clock clk (rise edge)
                                  0.000000    0.000000   clock source latency
     1    0.046681    0.214570    0.152158    0.152158 ^ clk (in)
                                                         clk (net)
                      0.215027    0.000000    0.152158 ^ clkbuf_0_clk/A (sky130_fd_sc_hd__clkbuf_16)
     8    0.151713    0.163939    0.277306    0.429464 ^ clkbuf_0_clk/X (sky130_fd_sc_hd__clkbuf_16)
                                                         clknet_0_clk (net)
                      0.164047    0.001689    0.431153 ^ clkbuf_3_5__f_clk/A (sky130_fd_sc_hd__clkbuf_16)
     9    0.065878    0.084084    0.201425    0.632578 ^ clkbuf_3_5__f_clk/X (sky130_fd_sc_hd__clkbuf_16)
                                                         clknet_3_5__leaf_clk (net)
                      0.084084    0.000618    0.633196 ^ _13647_/CLK (sky130_fd_sc_hd__dfrtp_1)
     1    0.018323    0.168579    0.428192    1.061388 ^ _13647_/Q (sky130_fd_sc_hd__dfrtp_1)
                                                         net166 (net)
                      0.168579    0.000265    1.061653 ^ output166/A (sky130_fd_sc_hd__buf_2)
     1    0.034725    0.172739    0.240766    1.302419 ^ output166/X (sky130_fd_sc_hd__buf_2)
                                                         y0[13] (net)
                      0.172739    0.000453    1.302871 ^ y0[13] (out)
                                              1.302871   data arrival time

                                 15.000000   15.000000   clock clk (rise edge)
                                  0.000000   15.000000   clock network delay (propagated)
                                 -0.250000   14.750000   clock uncertainty
                                  0.000000   14.750000   clock reconvergence pessimism
                                 -3.000000   11.750000   output external delay
                                             11.750000   data required time
---------------------------------------------------------------------------------------------
                                             11.750000   data required time
                                             -1.302871   data arrival time
---------------------------------------------------------------------------------------------
                                             10.447129   slack (MET)


Startpoint: _13700_ (rising edge-triggered flip-flop clocked by clk)
Endpoint: y3[15] (output port clocked by clk)
Path Group: clk
Path Type: max

Fanout         Cap        Slew       Delay        Time   Description
---------------------------------------------------------------------------------------------
                                  0.000000    0.000000   clock clk (rise edge)
                                  0.000000    0.000000   clock source latency
     1    0.046681    0.214570    0.152158    0.152158 ^ clk (in)
                                                         clk (net)
                      0.215027    0.000000    0.152158 ^ clkbuf_0_clk/A (sky130_fd_sc_hd__clkbuf_16)
     8    0.151713    0.163939    0.277306    0.429464 ^ clkbuf_0_clk/X (sky130_fd_sc_hd__clkbuf_16)
                                                         clknet_0_clk (net)
                      0.164228    0.004722    0.434186 ^ clkbuf_3_0__f_clk/A (sky130_fd_sc_hd__clkbuf_16)
     9    0.057070    0.076225    0.194645    0.628830 ^ clkbuf_3_0__f_clk/X (sky130_fd_sc_hd__clkbuf_16)
                                                         clknet_3_0__leaf_clk (net)
                      0.076309    0.002290    0.631120 ^ _13700_/CLK (sky130_fd_sc_hd__dfrtp_1)
     1    0.018289    0.168359    0.424920    1.056040 ^ _13700_/Q (sky130_fd_sc_hd__dfrtp_1)
                                                         net219 (net)
                      0.168359    0.000643    1.056683 ^ output219/A (sky130_fd_sc_hd__buf_2)
     1    0.034796    0.173060    0.240972    1.297655 ^ output219/X (sky130_fd_sc_hd__buf_2)
                                                         y3[15] (net)
                      0.173060    0.000408    1.298064 ^ y3[15] (out)
                                              1.298064   data arrival time

                                 15.000000   15.000000   clock clk (rise edge)
                                  0.000000   15.000000   clock network delay (propagated)
                                 -0.250000   14.750000   clock uncertainty
                                  0.000000   14.750000   clock reconvergence pessimism
                                 -3.000000   11.750000   output external delay
                                             11.750000   data required time
---------------------------------------------------------------------------------------------
                                             11.750000   data required time
                                             -1.298064   data arrival time
---------------------------------------------------------------------------------------------
                                             10.451937   slack (MET)


Startpoint: _13648_ (rising edge-triggered flip-flop clocked by clk)
Endpoint: y0[14] (output port clocked by clk)
Path Group: clk
Path Type: max

Fanout         Cap        Slew       Delay        Time   Description
---------------------------------------------------------------------------------------------
                                  0.000000    0.000000   clock clk (rise edge)
                                  0.000000    0.000000   clock source latency
     1    0.046681    0.214570    0.152158    0.152158 ^ clk (in)
                                                         clk (net)
                      0.215027    0.000000    0.152158 ^ clkbuf_0_clk/A (sky130_fd_sc_hd__clkbuf_16)
     8    0.151713    0.163939    0.277306    0.429464 ^ clkbuf_0_clk/X (sky130_fd_sc_hd__clkbuf_16)
                                                         clknet_0_clk (net)
                      0.164047    0.001689    0.431153 ^ clkbuf_3_5__f_clk/A (sky130_fd_sc_hd__clkbuf_16)
     9    0.065878    0.084084    0.201425    0.632578 ^ clkbuf_3_5__f_clk/X (sky130_fd_sc_hd__clkbuf_16)
                                                         clknet_3_5__leaf_clk (net)
                      0.084110    0.001530    0.634108 ^ _13648_/CLK (sky130_fd_sc_hd__dfrtp_1)
     1    0.015539    0.145764    0.410998    1.045106 ^ _13648_/Q (sky130_fd_sc_hd__dfrtp_1)
                                                         net167 (net)
                      0.145767    0.000882    1.045987 ^ output167/A (sky130_fd_sc_hd__buf_2)
     1    0.034498    0.171648    0.233868    1.279856 ^ output167/X (sky130_fd_sc_hd__buf_2)
                                                         y0[14] (net)
                      0.171648    0.000416    1.280271 ^ y0[14] (out)
                                              1.280271   data arrival time

                                 15.000000   15.000000   clock clk (rise edge)
                                  0.000000   15.000000   clock network delay (propagated)
                                 -0.250000   14.750000   clock uncertainty
                                  0.000000   14.750000   clock reconvergence pessimism
                                 -3.000000   11.750000   output external delay
                                             11.750000   data required time
---------------------------------------------------------------------------------------------
                                             11.750000   data required time
                                             -1.280271   data arrival time
---------------------------------------------------------------------------------------------
                                             10.469729   slack (MET)


Startpoint: _13650_ (rising edge-triggered flip-flop clocked by clk)
Endpoint: y0[16] (output port clocked by clk)
Path Group: clk
Path Type: max

Fanout         Cap        Slew       Delay        Time   Description
---------------------------------------------------------------------------------------------
                                  0.000000    0.000000   clock clk (rise edge)
                                  0.000000    0.000000   clock source latency
     1    0.046681    0.214570    0.152158    0.152158 ^ clk (in)
                                                         clk (net)
                      0.215027    0.000000    0.152158 ^ clkbuf_0_clk/A (sky130_fd_sc_hd__clkbuf_16)
     8    0.151713    0.163939    0.277306    0.429464 ^ clkbuf_0_clk/X (sky130_fd_sc_hd__clkbuf_16)
                                                         clknet_0_clk (net)
                      0.164047    0.001689    0.431153 ^ clkbuf_3_5__f_clk/A (sky130_fd_sc_hd__clkbuf_16)
     9    0.065878    0.084084    0.201425    0.632578 ^ clkbuf_3_5__f_clk/X (sky130_fd_sc_hd__clkbuf_16)
                                                         clknet_3_5__leaf_clk (net)
                      0.084117    0.001679    0.634258 ^ _13650_/CLK (sky130_fd_sc_hd__dfrtp_1)
     1    0.015171    0.142762    0.408678    1.042936 ^ _13650_/Q (sky130_fd_sc_hd__dfrtp_1)
                                                         net169 (net)
                      0.142766    0.000986    1.043922 ^ output169/A (sky130_fd_sc_hd__buf_2)
     1    0.034498    0.171645    0.233057    1.276978 ^ output169/X (sky130_fd_sc_hd__buf_2)
                                                         y0[16] (net)
                      0.171645    0.000416    1.277394 ^ y0[16] (out)
                                              1.277394   data arrival time

                                 15.000000   15.000000   clock clk (rise edge)
                                  0.000000   15.000000   clock network delay (propagated)
                                 -0.250000   14.750000   clock uncertainty
                                  0.000000   14.750000   clock reconvergence pessimism
                                 -3.000000   11.750000   output external delay
                                             11.750000   data required time
---------------------------------------------------------------------------------------------
                                             11.750000   data required time
                                             -1.277394   data arrival time
---------------------------------------------------------------------------------------------
                                             10.472607   slack (MET)


Startpoint: _13649_ (rising edge-triggered flip-flop clocked by clk)
Endpoint: y0[15] (output port clocked by clk)
Path Group: clk
Path Type: max

Fanout         Cap        Slew       Delay        Time   Description
---------------------------------------------------------------------------------------------
                                  0.000000    0.000000   clock clk (rise edge)
                                  0.000000    0.000000   clock source latency
     1    0.046681    0.214570    0.152158    0.152158 ^ clk (in)
                                                         clk (net)
                      0.215027    0.000000    0.152158 ^ clkbuf_0_clk/A (sky130_fd_sc_hd__clkbuf_16)
     8    0.151713    0.163939    0.277306    0.429464 ^ clkbuf_0_clk/X (sky130_fd_sc_hd__clkbuf_16)
                                                         clknet_0_clk (net)
                      0.164047    0.001689    0.431153 ^ clkbuf_3_5__f_clk/A (sky130_fd_sc_hd__clkbuf_16)
     9    0.065878    0.084084    0.201425    0.632578 ^ clkbuf_3_5__f_clk/X (sky130_fd_sc_hd__clkbuf_16)
                                                         clknet_3_5__leaf_clk (net)
                      0.084113    0.001590    0.634168 ^ _13649_/CLK (sky130_fd_sc_hd__dfrtp_1)
     1    0.013735    0.130930    0.400084    1.034252 ^ _13649_/Q (sky130_fd_sc_hd__dfrtp_1)
                                                         net168 (net)
                      0.130932    0.000830    1.035081 ^ output168/A (sky130_fd_sc_hd__buf_2)
     1    0.034494    0.171616    0.229846    1.264927 ^ output168/X (sky130_fd_sc_hd__buf_2)
                                                         y0[15] (net)
                      0.171616    0.000416    1.265343 ^ y0[15] (out)
                                              1.265343   data arrival time

                                 15.000000   15.000000   clock clk (rise edge)
                                  0.000000   15.000000   clock network delay (propagated)
                                 -0.250000   14.750000   clock uncertainty
                                  0.000000   14.750000   clock reconvergence pessimism
                                 -3.000000   11.750000   output external delay
                                             11.750000   data required time
---------------------------------------------------------------------------------------------
                                             11.750000   data required time
                                             -1.265343   data arrival time
---------------------------------------------------------------------------------------------
                                             10.484658   slack (MET)


Startpoint: _13699_ (rising edge-triggered flip-flop clocked by clk)
Endpoint: y3[14] (output port clocked by clk)
Path Group: clk
Path Type: max

Fanout         Cap        Slew       Delay        Time   Description
---------------------------------------------------------------------------------------------
                                  0.000000    0.000000   clock clk (rise edge)
                                  0.000000    0.000000   clock source latency
     1    0.046681    0.214570    0.152158    0.152158 ^ clk (in)
                                                         clk (net)
                      0.215027    0.000000    0.152158 ^ clkbuf_0_clk/A (sky130_fd_sc_hd__clkbuf_16)
     8    0.151713    0.163939    0.277306    0.429464 ^ clkbuf_0_clk/X (sky130_fd_sc_hd__clkbuf_16)
                                                         clknet_0_clk (net)
                      0.164228    0.004722    0.434186 ^ clkbuf_3_0__f_clk/A (sky130_fd_sc_hd__clkbuf_16)
     9    0.057070    0.076225    0.194645    0.628830 ^ clkbuf_3_0__f_clk/X (sky130_fd_sc_hd__clkbuf_16)
                                                         clknet_3_0__leaf_clk (net)
                      0.076306    0.002262    0.631092 ^ _13699_/CLK (sky130_fd_sc_hd__dfrtp_1)
     1    0.014273    0.135340    0.400478    1.031570 ^ _13699_/Q (sky130_fd_sc_hd__dfrtp_1)
                                                         net218 (net)
                      0.135342    0.000750    1.032320 ^ output218/A (sky130_fd_sc_hd__buf_2)
     1    0.034672    0.172450    0.231626    1.263946 ^ output218/X (sky130_fd_sc_hd__buf_2)
                                                         y3[14] (net)
                      0.172450    0.000418    1.264364 ^ y3[14] (out)
                                              1.264364   data arrival time

                                 15.000000   15.000000   clock clk (rise edge)
                                  0.000000   15.000000   clock network delay (propagated)
                                 -0.250000   14.750000   clock uncertainty
                                  0.000000   14.750000   clock reconvergence pessimism
                                 -3.000000   11.750000   output external delay
                                             11.750000   data required time
---------------------------------------------------------------------------------------------
                                             11.750000   data required time
                                             -1.264364   data arrival time
---------------------------------------------------------------------------------------------
                                             10.485637   slack (MET)


Startpoint: _13701_ (rising edge-triggered flip-flop clocked by clk)
Endpoint: y3[16] (output port clocked by clk)
Path Group: clk
Path Type: max

Fanout         Cap        Slew       Delay        Time   Description
---------------------------------------------------------------------------------------------
                                  0.000000    0.000000   clock clk (rise edge)
                                  0.000000    0.000000   clock source latency
     1    0.046681    0.214570    0.152158    0.152158 ^ clk (in)
                                                         clk (net)
                      0.215027    0.000000    0.152158 ^ clkbuf_0_clk/A (sky130_fd_sc_hd__clkbuf_16)
     8    0.151713    0.163939    0.277306    0.429464 ^ clkbuf_0_clk/X (sky130_fd_sc_hd__clkbuf_16)
                                                         clknet_0_clk (net)
                      0.164228    0.004722    0.434186 ^ clkbuf_3_0__f_clk/A (sky130_fd_sc_hd__clkbuf_16)
     9    0.057070    0.076225    0.194645    0.628830 ^ clkbuf_3_0__f_clk/X (sky130_fd_sc_hd__clkbuf_16)
                                                         clknet_3_0__leaf_clk (net)
                      0.076316    0.002367    0.631197 ^ _13701_/CLK (sky130_fd_sc_hd__dfrtp_1)
     1    0.013821    0.131622    0.397756    1.028954 ^ _13701_/Q (sky130_fd_sc_hd__dfrtp_1)
                                                         net220 (net)
                      0.131624    0.000723    1.029677 ^ output220/A (sky130_fd_sc_hd__buf_2)
     1    0.034543    0.171839    0.230213    1.259890 ^ output220/X (sky130_fd_sc_hd__buf_2)
                                                         y3[16] (net)
                      0.171839    0.000389    1.260279 ^ y3[16] (out)
                                              1.260279   data arrival time

                                 15.000000   15.000000   clock clk (rise edge)
                                  0.000000   15.000000   clock network delay (propagated)
                                 -0.250000   14.750000   clock uncertainty
                                  0.000000   14.750000   clock reconvergence pessimism
                                 -3.000000   11.750000   output external delay
                                             11.750000   data required time
---------------------------------------------------------------------------------------------
                                             11.750000   data required time
                                             -1.260279   data arrival time
---------------------------------------------------------------------------------------------
                                             10.489721   slack (MET)


Startpoint: x2[0] (input port clocked by clk)
Endpoint: _13685_ (rising edge-triggered flip-flop clocked by clk)
Path Group: clk
Path Type: max

Fanout         Cap        Slew       Delay        Time   Description
---------------------------------------------------------------------------------------------
                                  0.000000    0.000000   clock clk (rise edge)
                                  0.000000    0.000000   clock network delay (propagated)
                                  3.000000    3.000000 ^ input external delay
     1    0.003379    0.022241    0.012334    3.012334 ^ x2[0] (in)
                                                         x2[0] (net)
                      0.022241    0.000000    3.012334 ^ input146/A (sky130_fd_sc_hd__clkbuf_4)
     4    0.071959    0.218716    0.249951    3.262285 ^ input146/X (sky130_fd_sc_hd__clkbuf_4)
                                                         net146 (net)
                      0.218793    0.003407    3.265692 ^ fanout528/A (sky130_fd_sc_hd__buf_4)
    10    0.088351    0.244770    0.310311    3.576003 ^ fanout528/X (sky130_fd_sc_hd__buf_4)
                                                         net528 (net)
                      0.244801    0.002304    3.578307 ^ fanout527/A (sky130_fd_sc_hd__clkbuf_4)
    10    0.052158    0.161872    0.291412    3.869719 ^ fanout527/X (sky130_fd_sc_hd__clkbuf_4)
                                                         net527 (net)
                      0.161915    0.002555    3.872274 ^ fanout526/A (sky130_fd_sc_hd__buf_2)
    10    0.042456    0.208756    0.263733    4.136007 ^ fanout526/X (sky130_fd_sc_hd__buf_2)
                                                         net526 (net)
                      0.208859    0.002171    4.138178 ^ _06832_/A (sky130_fd_sc_hd__nand2_2)
     6    0.022601    0.116420    0.141680    4.279858 v _06832_/Y (sky130_fd_sc_hd__nand2_2)
                                                         _01508_ (net)
                      0.116424    0.000584    4.280442 v _06833_/C (sky130_fd_sc_hd__nor3_1)
     2    0.005318    0.216202    0.200434    4.480877 ^ _06833_/Y (sky130_fd_sc_hd__nor3_1)
                                                         _01518_ (net)
                      0.216202    0.000053    4.480929 ^ _06836_/A (sky130_fd_sc_hd__nor2_1)
     1    0.004861    0.061987    0.089374    4.570304 v _06836_/Y (sky130_fd_sc_hd__nor2_1)
                                                         _01551_ (net)
                      0.061987    0.000049    4.570353 v _06839_/A (sky130_fd_sc_hd__xnor2_1)
     1    0.002707    0.045813    0.126018    4.696371 v _06839_/Y (sky130_fd_sc_hd__xnor2_1)
                                                         _00006_ (net)
                      0.045813    0.000029    4.696400 v _13685_/D (sky130_fd_sc_hd__dfrtp_1)
                                              4.696400   data arrival time

                                 15.000000   15.000000   clock clk (rise edge)
                                  0.000000   15.000000   clock source latency
     1    0.046681    0.214570    0.152157   15.152157 ^ clk (in)
                                                         clk (net)
                      0.215027    0.000000   15.152157 ^ clkbuf_0_clk/A (sky130_fd_sc_hd__clkbuf_16)
     8    0.151713    0.163939    0.277307   15.429464 ^ clkbuf_0_clk/X (sky130_fd_sc_hd__clkbuf_16)
                                                         clknet_0_clk (net)
                      0.164186    0.004226   15.433690 ^ clkbuf_3_3__f_clk/A (sky130_fd_sc_hd__clkbuf_16)
    10    0.032705    0.054341    0.177360   15.611051 ^ clkbuf_3_3__f_clk/X (sky130_fd_sc_hd__clkbuf_16)
                                                         clknet_3_3__leaf_clk (net)
                      0.054349    0.001167   15.612218 ^ _13685_/CLK (sky130_fd_sc_hd__dfrtp_1)
                                 -0.250000   15.362219   clock uncertainty
                                  0.000000   15.362219   clock reconvergence pessimism
                                 -0.112489   15.249729   library setup time
                                             15.249729   data required time
---------------------------------------------------------------------------------------------
                                             15.249729   data required time
                                             -4.696400   data arrival time
---------------------------------------------------------------------------------------------
                                             10.553329   slack (MET)


Startpoint: _13668_ (rising edge-triggered flip-flop clocked by clk)
Endpoint: y2[0] (output port clocked by clk)
Path Group: clk
Path Type: max

Fanout         Cap        Slew       Delay        Time   Description
---------------------------------------------------------------------------------------------
                                  0.000000    0.000000   clock clk (rise edge)
                                  0.000000    0.000000   clock source latency
     1    0.046681    0.214570    0.152158    0.152158 ^ clk (in)
                                                         clk (net)
                      0.215027    0.000000    0.152158 ^ clkbuf_0_clk/A (sky130_fd_sc_hd__clkbuf_16)
     8    0.151713    0.163939    0.277306    0.429464 ^ clkbuf_0_clk/X (sky130_fd_sc_hd__clkbuf_16)
                                                         clknet_0_clk (net)
                      0.164269    0.005154    0.434618 ^ clkbuf_3_1__f_clk/A (sky130_fd_sc_hd__clkbuf_16)
     7    0.047063    0.066928    0.187973    0.622591 ^ clkbuf_3_1__f_clk/X (sky130_fd_sc_hd__clkbuf_16)
                                                         clknet_3_1__leaf_clk (net)
                      0.066948    0.001072    0.623663 ^ _13668_/CLK (sky130_fd_sc_hd__dfrtp_1)
     1    0.004844    0.048409    0.372970    0.996633 v _13668_/Q (sky130_fd_sc_hd__dfrtp_1)
                                                         net196 (net)
                      0.048409    0.000088    0.996721 v output196/A (sky130_fd_sc_hd__buf_2)
     1    0.033953    0.088589    0.181373    1.178095 v output196/X (sky130_fd_sc_hd__buf_2)
                                                         y2[0] (net)
                      0.088589    0.000168    1.178262 v y2[0] (out)
                                              1.178262   data arrival time

                                 15.000000   15.000000   clock clk (rise edge)
                                  0.000000   15.000000   clock network delay (propagated)
                                 -0.250000   14.750000   clock uncertainty
                                  0.000000   14.750000   clock reconvergence pessimism
                                 -3.000000   11.750000   output external delay
                                             11.750000   data required time
---------------------------------------------------------------------------------------------
                                             11.750000   data required time
                                             -1.178262   data arrival time
---------------------------------------------------------------------------------------------
                                             10.571738   slack (MET)


Startpoint: _13666_ (rising edge-triggered flip-flop clocked by clk)
Endpoint: y1[15] (output port clocked by clk)
Path Group: clk
Path Type: max

Fanout         Cap        Slew       Delay        Time   Description
---------------------------------------------------------------------------------------------
                                  0.000000    0.000000   clock clk (rise edge)
                                  0.000000    0.000000   clock source latency
     1    0.046681    0.214570    0.152158    0.152158 ^ clk (in)
                                                         clk (net)
                      0.215027    0.000000    0.152158 ^ clkbuf_0_clk/A (sky130_fd_sc_hd__clkbuf_16)
     8    0.151713    0.163939    0.277306    0.429464 ^ clkbuf_0_clk/X (sky130_fd_sc_hd__clkbuf_16)
                                                         clknet_0_clk (net)
                      0.164047    0.001689    0.431153 ^ clkbuf_3_5__f_clk/A (sky130_fd_sc_hd__clkbuf_16)
     9    0.065878    0.084084    0.201425    0.632578 ^ clkbuf_3_5__f_clk/X (sky130_fd_sc_hd__clkbuf_16)
                                                         clknet_3_5__leaf_clk (net)
                      0.084308    0.002948    0.635527 ^ _13666_/CLK (sky130_fd_sc_hd__dfrtp_1)
     1    0.002485    0.037556    0.364508    1.000035 v _13666_/Q (sky130_fd_sc_hd__dfrtp_1)
                                                         net185 (net)
                      0.037556    0.000027    1.000062 v output185/A (sky130_fd_sc_hd__buf_2)
     1    0.034570    0.090112    0.177643    1.177705 v output185/X (sky130_fd_sc_hd__buf_2)
                                                         y1[15] (net)
                      0.090113    0.000428    1.178133 v y1[15] (out)
                                              1.178133   data arrival time

                                 15.000000   15.000000   clock clk (rise edge)
                                  0.000000   15.000000   clock network delay (propagated)
                                 -0.250000   14.750000   clock uncertainty
                                  0.000000   14.750000   clock reconvergence pessimism
                                 -3.000000   11.750000   output external delay
                                             11.750000   data required time
---------------------------------------------------------------------------------------------
                                             11.750000   data required time
                                             -1.178133   data arrival time
---------------------------------------------------------------------------------------------
                                             10.571868   slack (MET)


Startpoint: _13667_ (rising edge-triggered flip-flop clocked by clk)
Endpoint: y1[16] (output port clocked by clk)
Path Group: clk
Path Type: max

Fanout         Cap        Slew       Delay        Time   Description
---------------------------------------------------------------------------------------------
                                  0.000000    0.000000   clock clk (rise edge)
                                  0.000000    0.000000   clock source latency
     1    0.046681    0.214570    0.152158    0.152158 ^ clk (in)
                                                         clk (net)
                      0.215027    0.000000    0.152158 ^ clkbuf_0_clk/A (sky130_fd_sc_hd__clkbuf_16)
     8    0.151713    0.163939    0.277306    0.429464 ^ clkbuf_0_clk/X (sky130_fd_sc_hd__clkbuf_16)
                                                         clknet_0_clk (net)
                      0.164047    0.001689    0.431153 ^ clkbuf_3_5__f_clk/A (sky130_fd_sc_hd__clkbuf_16)
     9    0.065878    0.084084    0.201425    0.632578 ^ clkbuf_3_5__f_clk/X (sky130_fd_sc_hd__clkbuf_16)
                                                         clknet_3_5__leaf_clk (net)
                      0.084314    0.003001    0.635579 ^ _13667_/CLK (sky130_fd_sc_hd__dfrtp_1)
     1    0.002459    0.036977    0.364315    0.999894 v _13667_/Q (sky130_fd_sc_hd__dfrtp_1)
                                                         net186 (net)
                      0.036977    0.000026    0.999920 v output186/A (sky130_fd_sc_hd__buf_2)
     1    0.034570    0.090116    0.177393    1.177313 v output186/X (sky130_fd_sc_hd__buf_2)
                                                         y1[16] (net)
                      0.090117    0.000428    1.177741 v y1[16] (out)
                                              1.177741   data arrival time

                                 15.000000   15.000000   clock clk (rise edge)
                                  0.000000   15.000000   clock network delay (propagated)
                                 -0.250000   14.750000   clock uncertainty
                                  0.000000   14.750000   clock reconvergence pessimism
                                 -3.000000   11.750000   output external delay
                                             11.750000   data required time
---------------------------------------------------------------------------------------------
                                             11.750000   data required time
                                             -1.177741   data arrival time
---------------------------------------------------------------------------------------------
                                             10.572260   slack (MET)


Startpoint: _13664_ (rising edge-triggered flip-flop clocked by clk)
Endpoint: y1[13] (output port clocked by clk)
Path Group: clk
Path Type: max

Fanout         Cap        Slew       Delay        Time   Description
---------------------------------------------------------------------------------------------
                                  0.000000    0.000000   clock clk (rise edge)
                                  0.000000    0.000000   clock source latency
     1    0.046681    0.214570    0.152158    0.152158 ^ clk (in)
                                                         clk (net)
                      0.215027    0.000000    0.152158 ^ clkbuf_0_clk/A (sky130_fd_sc_hd__clkbuf_16)
     8    0.151713    0.163939    0.277306    0.429464 ^ clkbuf_0_clk/X (sky130_fd_sc_hd__clkbuf_16)
                                                         clknet_0_clk (net)
                      0.164047    0.001689    0.431153 ^ clkbuf_3_5__f_clk/A (sky130_fd_sc_hd__clkbuf_16)
     9    0.065878    0.084084    0.201425    0.632578 ^ clkbuf_3_5__f_clk/X (sky130_fd_sc_hd__clkbuf_16)
                                                         clknet_3_5__leaf_clk (net)
                      0.084284    0.002730    0.635308 ^ _13664_/CLK (sky130_fd_sc_hd__dfrtp_1)
     1    0.002196    0.035912    0.362342    0.997650 v _13664_/Q (sky130_fd_sc_hd__dfrtp_1)
                                                         net183 (net)
                      0.035912    0.000021    0.997671 v output183/A (sky130_fd_sc_hd__buf_2)
     1    0.034525    0.090023    0.176861    1.174532 v output183/X (sky130_fd_sc_hd__buf_2)
                                                         y1[13] (net)
                      0.090024    0.000416    1.174948 v y1[13] (out)
                                              1.174948   data arrival time

                                 15.000000   15.000000   clock clk (rise edge)
                                  0.000000   15.000000   clock network delay (propagated)
                                 -0.250000   14.750000   clock uncertainty
                                  0.000000   14.750000   clock reconvergence pessimism
                                 -3.000000   11.750000   output external delay
                                             11.750000   data required time
---------------------------------------------------------------------------------------------
                                             11.750000   data required time
                                             -1.174948   data arrival time
---------------------------------------------------------------------------------------------
                                             10.575052   slack (MET)


Startpoint: _13695_ (rising edge-triggered flip-flop clocked by clk)
Endpoint: y3[10] (output port clocked by clk)
Path Group: clk
Path Type: max

Fanout         Cap        Slew       Delay        Time   Description
---------------------------------------------------------------------------------------------
                                  0.000000    0.000000   clock clk (rise edge)
                                  0.000000    0.000000   clock source latency
     1    0.046681    0.214570    0.152158    0.152158 ^ clk (in)
                                                         clk (net)
                      0.215027    0.000000    0.152158 ^ clkbuf_0_clk/A (sky130_fd_sc_hd__clkbuf_16)
     8    0.151713    0.163939    0.277306    0.429464 ^ clkbuf_0_clk/X (sky130_fd_sc_hd__clkbuf_16)
                                                         clknet_0_clk (net)
                      0.164269    0.005154    0.434618 ^ clkbuf_3_1__f_clk/A (sky130_fd_sc_hd__clkbuf_16)
     7    0.047063    0.066928    0.187973    0.622591 ^ clkbuf_3_1__f_clk/X (sky130_fd_sc_hd__clkbuf_16)
                                                         clknet_3_1__leaf_clk (net)
                      0.066965    0.001397    0.623988 ^ _13695_/CLK (sky130_fd_sc_hd__dfrtp_1)
     1    0.003987    0.044825    0.368363    0.992351 v _13695_/Q (sky130_fd_sc_hd__dfrtp_1)
                                                         net214 (net)
                      0.044825    0.000056    0.992406 v output214/A (sky130_fd_sc_hd__buf_2)
     1    0.034352    0.089485    0.180551    1.172958 v output214/X (sky130_fd_sc_hd__buf_2)
                                                         y3[10] (net)
                      0.089485    0.000198    1.173156 v y3[10] (out)
                                              1.173156   data arrival time

                                 15.000000   15.000000   clock clk (rise edge)
                                  0.000000   15.000000   clock network delay (propagated)
                                 -0.250000   14.750000   clock uncertainty
                                  0.000000   14.750000   clock reconvergence pessimism
                                 -3.000000   11.750000   output external delay
                                             11.750000   data required time
---------------------------------------------------------------------------------------------
                                             11.750000   data required time
                                             -1.173156   data arrival time
---------------------------------------------------------------------------------------------
                                             10.576844   slack (MET)


Startpoint: _13645_ (rising edge-triggered flip-flop clocked by clk)
Endpoint: y0[11] (output port clocked by clk)
Path Group: clk
Path Type: max

Fanout         Cap        Slew       Delay        Time   Description
---------------------------------------------------------------------------------------------
                                  0.000000    0.000000   clock clk (rise edge)
                                  0.000000    0.000000   clock source latency
     1    0.046681    0.214570    0.152158    0.152158 ^ clk (in)
                                                         clk (net)
                      0.215027    0.000000    0.152158 ^ clkbuf_0_clk/A (sky130_fd_sc_hd__clkbuf_16)
     8    0.151713    0.163939    0.277306    0.429464 ^ clkbuf_0_clk/X (sky130_fd_sc_hd__clkbuf_16)
                                                         clknet_0_clk (net)
                      0.164055    0.001930    0.431394 ^ clkbuf_3_4__f_clk/A (sky130_fd_sc_hd__clkbuf_16)
     7    0.046679    0.066586    0.187727    0.619122 ^ clkbuf_3_4__f_clk/X (sky130_fd_sc_hd__clkbuf_16)
                                                         clknet_3_4__leaf_clk (net)
                      0.066612    0.001214    0.620336 ^ _13645_/CLK (sky130_fd_sc_hd__dfrtp_1)
     1    0.004466    0.046796    0.370808    0.991144 v _13645_/Q (sky130_fd_sc_hd__dfrtp_1)
                                                         net164 (net)
                      0.046796    0.000079    0.991223 v output164/A (sky130_fd_sc_hd__buf_2)
     1    0.034017    0.088748    0.180785    1.172008 v output164/X (sky130_fd_sc_hd__buf_2)
                                                         y0[11] (net)
                      0.088748    0.000185    1.172193 v y0[11] (out)
                                              1.172193   data arrival time

                                 15.000000   15.000000   clock clk (rise edge)
                                  0.000000   15.000000   clock network delay (propagated)
                                 -0.250000   14.750000   clock uncertainty
                                  0.000000   14.750000   clock reconvergence pessimism
                                 -3.000000   11.750000   output external delay
                                             11.750000   data required time
---------------------------------------------------------------------------------------------
                                             11.750000   data required time
                                             -1.172193   data arrival time
---------------------------------------------------------------------------------------------
                                             10.577807   slack (MET)


Startpoint: _13665_ (rising edge-triggered flip-flop clocked by clk)
Endpoint: y1[14] (output port clocked by clk)
Path Group: clk
Path Type: max

Fanout         Cap        Slew       Delay        Time   Description
---------------------------------------------------------------------------------------------
                                  0.000000    0.000000   clock clk (rise edge)
                                  0.000000    0.000000   clock source latency
     1    0.046681    0.214570    0.152158    0.152158 ^ clk (in)
                                                         clk (net)
                      0.215027    0.000000    0.152158 ^ clkbuf_0_clk/A (sky130_fd_sc_hd__clkbuf_16)
     8    0.151713    0.163939    0.277306    0.429464 ^ clkbuf_0_clk/X (sky130_fd_sc_hd__clkbuf_16)
                                                         clknet_0_clk (net)
                      0.164047    0.001689    0.431153 ^ clkbuf_3_5__f_clk/A (sky130_fd_sc_hd__clkbuf_16)
     9    0.065878    0.084084    0.201425    0.632578 ^ clkbuf_3_5__f_clk/X (sky130_fd_sc_hd__clkbuf_16)
                                                         clknet_3_5__leaf_clk (net)
                      0.084302    0.002891    0.635469 ^ _13665_/CLK (sky130_fd_sc_hd__dfrtp_1)
     1    0.001831    0.034635    0.359618    0.995087 v _13665_/Q (sky130_fd_sc_hd__dfrtp_1)
                                                         net184 (net)
                      0.034635    0.000015    0.995102 v output184/A (sky130_fd_sc_hd__buf_2)
     1    0.034570    0.090133    0.176384    1.171486 v output184/X (sky130_fd_sc_hd__buf_2)
                                                         y1[14] (net)
                      0.090134    0.000428    1.171914 v y1[14] (out)
                                              1.171914   data arrival time

                                 15.000000   15.000000   clock clk (rise edge)
                                  0.000000   15.000000   clock network delay (propagated)
                                 -0.250000   14.750000   clock uncertainty
                                  0.000000   14.750000   clock reconvergence pessimism
                                 -3.000000   11.750000   output external delay
                                             11.750000   data required time
---------------------------------------------------------------------------------------------
                                             11.750000   data required time
                                             -1.171914   data arrival time
---------------------------------------------------------------------------------------------
                                             10.578086   slack (MET)


Startpoint: _13683_ (rising edge-triggered flip-flop clocked by clk)
Endpoint: y2[15] (output port clocked by clk)
Path Group: clk
Path Type: max

Fanout         Cap        Slew       Delay        Time   Description
---------------------------------------------------------------------------------------------
                                  0.000000    0.000000   clock clk (rise edge)
                                  0.000000    0.000000   clock source latency
     1    0.046681    0.214570    0.152158    0.152158 ^ clk (in)
                                                         clk (net)
                      0.215027    0.000000    0.152158 ^ clkbuf_0_clk/A (sky130_fd_sc_hd__clkbuf_16)
     8    0.151713    0.163939    0.277306    0.429464 ^ clkbuf_0_clk/X (sky130_fd_sc_hd__clkbuf_16)
                                                         clknet_0_clk (net)
                      0.164228    0.004722    0.434186 ^ clkbuf_3_0__f_clk/A (sky130_fd_sc_hd__clkbuf_16)
     9    0.057070    0.076225    0.194645    0.628830 ^ clkbuf_3_0__f_clk/X (sky130_fd_sc_hd__clkbuf_16)
                                                         clknet_3_0__leaf_clk (net)
                      0.076511    0.003281    0.632111 ^ _13683_/CLK (sky130_fd_sc_hd__dfrtp_1)
     1    0.002492    0.037598    0.361679    0.993791 v _13683_/Q (sky130_fd_sc_hd__dfrtp_1)
                                                         net202 (net)
                      0.037598    0.000028    0.993819 v output202/A (sky130_fd_sc_hd__buf_2)
     1    0.034348    0.089602    0.177302    1.171120 v output202/X (sky130_fd_sc_hd__buf_2)
                                                         y2[15] (net)
                      0.089603    0.000357    1.171477 v y2[15] (out)
                                              1.171477   data arrival time

                                 15.000000   15.000000   clock clk (rise edge)
                                  0.000000   15.000000   clock network delay (propagated)
                                 -0.250000   14.750000   clock uncertainty
                                  0.000000   14.750000   clock reconvergence pessimism
                                 -3.000000   11.750000   output external delay
                                             11.750000   data required time
---------------------------------------------------------------------------------------------
                                             11.750000   data required time
                                             -1.171477   data arrival time
---------------------------------------------------------------------------------------------
                                             10.578524   slack (MET)


Startpoint: _13669_ (rising edge-triggered flip-flop clocked by clk)
Endpoint: y2[1] (output port clocked by clk)
Path Group: clk
Path Type: max

Fanout         Cap        Slew       Delay        Time   Description
---------------------------------------------------------------------------------------------
                                  0.000000    0.000000   clock clk (rise edge)
                                  0.000000    0.000000   clock source latency
     1    0.046681    0.214570    0.152158    0.152158 ^ clk (in)
                                                         clk (net)
                      0.215027    0.000000    0.152158 ^ clkbuf_0_clk/A (sky130_fd_sc_hd__clkbuf_16)
     8    0.151713    0.163939    0.277306    0.429464 ^ clkbuf_0_clk/X (sky130_fd_sc_hd__clkbuf_16)
                                                         clknet_0_clk (net)
                      0.164269    0.005154    0.434618 ^ clkbuf_3_1__f_clk/A (sky130_fd_sc_hd__clkbuf_16)
     7    0.047063    0.066928    0.187973    0.622591 ^ clkbuf_3_1__f_clk/X (sky130_fd_sc_hd__clkbuf_16)
                                                         clknet_3_1__leaf_clk (net)
                      0.066950    0.001115    0.623706 ^ _13669_/CLK (sky130_fd_sc_hd__dfrtp_1)
     1    0.003745    0.043886    0.367059    0.990765 v _13669_/Q (sky130_fd_sc_hd__dfrtp_1)
                                                         net204 (net)
                      0.043886    0.000050    0.990814 v output204/A (sky130_fd_sc_hd__buf_2)
     1    0.033956    0.088630    0.179431    1.170245 v output204/X (sky130_fd_sc_hd__buf_2)
                                                         y2[1] (net)
                      0.088630    0.000168    1.170413 v y2[1] (out)
                                              1.170413   data arrival time

                                 15.000000   15.000000   clock clk (rise edge)
                                  0.000000   15.000000   clock network delay (propagated)
                                 -0.250000   14.750000   clock uncertainty
                                  0.000000   14.750000   clock reconvergence pessimism
                                 -3.000000   11.750000   output external delay
                                             11.750000   data required time
---------------------------------------------------------------------------------------------
                                             11.750000   data required time
                                             -1.170413   data arrival time
---------------------------------------------------------------------------------------------
                                             10.579587   slack (MET)


Startpoint: _13694_ (rising edge-triggered flip-flop clocked by clk)
Endpoint: y3[9] (output port clocked by clk)
Path Group: clk
Path Type: max

Fanout         Cap        Slew       Delay        Time   Description
---------------------------------------------------------------------------------------------
                                  0.000000    0.000000   clock clk (rise edge)
                                  0.000000    0.000000   clock source latency
     1    0.046681    0.214570    0.152158    0.152158 ^ clk (in)
                                                         clk (net)
                      0.215027    0.000000    0.152158 ^ clkbuf_0_clk/A (sky130_fd_sc_hd__clkbuf_16)
     8    0.151713    0.163939    0.277306    0.429464 ^ clkbuf_0_clk/X (sky130_fd_sc_hd__clkbuf_16)
                                                         clknet_0_clk (net)
                      0.164269    0.005154    0.434618 ^ clkbuf_3_1__f_clk/A (sky130_fd_sc_hd__clkbuf_16)
     7    0.047063    0.066928    0.187973    0.622591 ^ clkbuf_3_1__f_clk/X (sky130_fd_sc_hd__clkbuf_16)
                                                         clknet_3_1__leaf_clk (net)
                      0.066969    0.001452    0.624043 ^ _13694_/CLK (sky130_fd_sc_hd__dfrtp_1)
     1    0.003568    0.042802    0.366112    0.990155 v _13694_/Q (sky130_fd_sc_hd__dfrtp_1)
                                                         net229 (net)
                      0.042802    0.000045    0.990200 v output229/A (sky130_fd_sc_hd__buf_2)
     1    0.034002    0.088742    0.179035    1.169235 v output229/X (sky130_fd_sc_hd__buf_2)
                                                         y3[9] (net)
                      0.088742    0.000185    1.169420 v y3[9] (out)
                                              1.169420   data arrival time

                                 15.000000   15.000000   clock clk (rise edge)
                                  0.000000   15.000000   clock network delay (propagated)
                                 -0.250000   14.750000   clock uncertainty
                                  0.000000   14.750000   clock reconvergence pessimism
                                 -3.000000   11.750000   output external delay
                                             11.750000   data required time
---------------------------------------------------------------------------------------------
                                             11.750000   data required time
                                             -1.169420   data arrival time
---------------------------------------------------------------------------------------------
                                             10.580581   slack (MET)


Startpoint: _13684_ (rising edge-triggered flip-flop clocked by clk)
Endpoint: y2[16] (output port clocked by clk)
Path Group: clk
Path Type: max

Fanout         Cap        Slew       Delay        Time   Description
---------------------------------------------------------------------------------------------
                                  0.000000    0.000000   clock clk (rise edge)
                                  0.000000    0.000000   clock source latency
     1    0.046681    0.214570    0.152158    0.152158 ^ clk (in)
                                                         clk (net)
                      0.215027    0.000000    0.152158 ^ clkbuf_0_clk/A (sky130_fd_sc_hd__clkbuf_16)
     8    0.151713    0.163939    0.277306    0.429464 ^ clkbuf_0_clk/X (sky130_fd_sc_hd__clkbuf_16)
                                                         clknet_0_clk (net)
                      0.164228    0.004722    0.434186 ^ clkbuf_3_0__f_clk/A (sky130_fd_sc_hd__clkbuf_16)
     9    0.057070    0.076225    0.194645    0.628830 ^ clkbuf_3_0__f_clk/X (sky130_fd_sc_hd__clkbuf_16)
                                                         clknet_3_0__leaf_clk (net)
                      0.076534    0.003440    0.632270 ^ _13684_/CLK (sky130_fd_sc_hd__dfrtp_1)
     1    0.002269    0.036197    0.360025    0.992296 v _13684_/Q (sky130_fd_sc_hd__dfrtp_1)
                                                         net203 (net)
                      0.036197    0.000021    0.992317 v output203/A (sky130_fd_sc_hd__buf_2)
     1    0.034346    0.089608    0.176694    1.169011 v output203/X (sky130_fd_sc_hd__buf_2)
                                                         y2[16] (net)
                      0.089608    0.000357    1.169368 v y2[16] (out)
                                              1.169368   data arrival time

                                 15.000000   15.000000   clock clk (rise edge)
                                  0.000000   15.000000   clock network delay (propagated)
                                 -0.250000   14.750000   clock uncertainty
                                  0.000000   14.750000   clock reconvergence pessimism
                                 -3.000000   11.750000   output external delay
                                             11.750000   data required time
---------------------------------------------------------------------------------------------
                                             11.750000   data required time
                                             -1.169368   data arrival time
---------------------------------------------------------------------------------------------
                                             10.580632   slack (MET)


Startpoint: _13681_ (rising edge-triggered flip-flop clocked by clk)
Endpoint: y2[13] (output port clocked by clk)
Path Group: clk
Path Type: max

Fanout         Cap        Slew       Delay        Time   Description
---------------------------------------------------------------------------------------------
                                  0.000000    0.000000   clock clk (rise edge)
                                  0.000000    0.000000   clock source latency
     1    0.046681    0.214570    0.152158    0.152158 ^ clk (in)
                                                         clk (net)
                      0.215027    0.000000    0.152158 ^ clkbuf_0_clk/A (sky130_fd_sc_hd__clkbuf_16)
     8    0.151713    0.163939    0.277306    0.429464 ^ clkbuf_0_clk/X (sky130_fd_sc_hd__clkbuf_16)
                                                         clknet_0_clk (net)
                      0.164228    0.004722    0.434186 ^ clkbuf_3_0__f_clk/A (sky130_fd_sc_hd__clkbuf_16)
     9    0.057070    0.076225    0.194645    0.628830 ^ clkbuf_3_0__f_clk/X (sky130_fd_sc_hd__clkbuf_16)
                                                         clknet_3_0__leaf_clk (net)
                      0.076450    0.002811    0.631641 ^ _13681_/CLK (sky130_fd_sc_hd__dfrtp_1)
     1    0.002179    0.035842    0.359317    0.990958 v _13681_/Q (sky130_fd_sc_hd__dfrtp_1)
                                                         net200 (net)
                      0.035842    0.000020    0.990978 v output200/A (sky130_fd_sc_hd__buf_2)
     1    0.034364    0.089652    0.176573    1.167551 v output200/X (sky130_fd_sc_hd__buf_2)
                                                         y2[13] (net)
                      0.089652    0.000360    1.167912 v y2[13] (out)
                                              1.167912   data arrival time

                                 15.000000   15.000000   clock clk (rise edge)
                                  0.000000   15.000000   clock network delay (propagated)
                                 -0.250000   14.750000   clock uncertainty
                                  0.000000   14.750000   clock reconvergence pessimism
                                 -3.000000   11.750000   output external delay
                                             11.750000   data required time
---------------------------------------------------------------------------------------------
                                             11.750000   data required time
                                             -1.167912   data arrival time
---------------------------------------------------------------------------------------------
                                             10.582088   slack (MET)


Startpoint: _13682_ (rising edge-triggered flip-flop clocked by clk)
Endpoint: y2[14] (output port clocked by clk)
Path Group: clk
Path Type: max

Fanout         Cap        Slew       Delay        Time   Description
---------------------------------------------------------------------------------------------
                                  0.000000    0.000000   clock clk (rise edge)
                                  0.000000    0.000000   clock source latency
     1    0.046681    0.214570    0.152158    0.152158 ^ clk (in)
                                                         clk (net)
                      0.215027    0.000000    0.152158 ^ clkbuf_0_clk/A (sky130_fd_sc_hd__clkbuf_16)
     8    0.151713    0.163939    0.277306    0.429464 ^ clkbuf_0_clk/X (sky130_fd_sc_hd__clkbuf_16)
                                                         clknet_0_clk (net)
                      0.164228    0.004722    0.434186 ^ clkbuf_3_0__f_clk/A (sky130_fd_sc_hd__clkbuf_16)
     9    0.057070    0.076225    0.194645    0.628830 ^ clkbuf_3_0__f_clk/X (sky130_fd_sc_hd__clkbuf_16)
                                                         clknet_3_0__leaf_clk (net)
                      0.076470    0.002970    0.631800 ^ _13682_/CLK (sky130_fd_sc_hd__dfrtp_1)
     1    0.001894    0.034826    0.357197    0.988997 v _13682_/Q (sky130_fd_sc_hd__dfrtp_1)
                                                         net201 (net)
                      0.034826    0.000016    0.989012 v output201/A (sky130_fd_sc_hd__buf_2)
     1    0.034817    0.090681    0.176898    1.165910 v output201/X (sky130_fd_sc_hd__buf_2)
                                                         y2[14] (net)
                      0.090682    0.000468    1.166378 v y2[14] (out)
                                              1.166378   data arrival time

                                 15.000000   15.000000   clock clk (rise edge)
                                  0.000000   15.000000   clock network delay (propagated)
                                 -0.250000   14.750000   clock uncertainty
                                  0.000000   14.750000   clock reconvergence pessimism
                                 -3.000000   11.750000   output external delay
                                             11.750000   data required time
---------------------------------------------------------------------------------------------
                                             11.750000   data required time
                                             -1.166378   data arrival time
---------------------------------------------------------------------------------------------
                                             10.583622   slack (MET)


Startpoint: _13698_ (rising edge-triggered flip-flop clocked by clk)
Endpoint: y3[13] (output port clocked by clk)
Path Group: clk
Path Type: max

Fanout         Cap        Slew       Delay        Time   Description
---------------------------------------------------------------------------------------------
                                  0.000000    0.000000   clock clk (rise edge)
                                  0.000000    0.000000   clock source latency
     1    0.046681    0.214570    0.152158    0.152158 ^ clk (in)
                                                         clk (net)
                      0.215027    0.000000    0.152158 ^ clkbuf_0_clk/A (sky130_fd_sc_hd__clkbuf_16)
     8    0.151713    0.163939    0.277306    0.429464 ^ clkbuf_0_clk/X (sky130_fd_sc_hd__clkbuf_16)
                                                         clknet_0_clk (net)
                      0.164228    0.004722    0.434186 ^ clkbuf_3_0__f_clk/A (sky130_fd_sc_hd__clkbuf_16)
     9    0.057070    0.076225    0.194645    0.628830 ^ clkbuf_3_0__f_clk/X (sky130_fd_sc_hd__clkbuf_16)
                                                         clknet_3_0__leaf_clk (net)
                      0.076452    0.002823    0.631653 ^ _13698_/CLK (sky130_fd_sc_hd__dfrtp_1)
     1    0.001917    0.035997    0.357369    0.989022 v _13698_/Q (sky130_fd_sc_hd__dfrtp_1)
                                                         net217 (net)
                      0.035997    0.000009    0.989032 v output217/A (sky130_fd_sc_hd__buf_2)
     1    0.034433    0.089797    0.176770    1.165802 v output217/X (sky130_fd_sc_hd__buf_2)
                                                         y3[13] (net)
                      0.089797    0.000358    1.166160 v y3[13] (out)
                                              1.166160   data arrival time

                                 15.000000   15.000000   clock clk (rise edge)
                                  0.000000   15.000000   clock network delay (propagated)
                                 -0.250000   14.750000   clock uncertainty
                                  0.000000   14.750000   clock reconvergence pessimism
                                 -3.000000   11.750000   output external delay
                                             11.750000   data required time
---------------------------------------------------------------------------------------------
                                             11.750000   data required time
                                             -1.166160   data arrival time
---------------------------------------------------------------------------------------------
                                             10.583840   slack (MET)


Startpoint: _13643_ (rising edge-triggered flip-flop clocked by clk)
Endpoint: y0[9] (output port clocked by clk)
Path Group: clk
Path Type: max

Fanout         Cap        Slew       Delay        Time   Description
---------------------------------------------------------------------------------------------
                                  0.000000    0.000000   clock clk (rise edge)
                                  0.000000    0.000000   clock source latency
     1    0.046681    0.214570    0.152158    0.152158 ^ clk (in)
                                                         clk (net)
                      0.215027    0.000000    0.152158 ^ clkbuf_0_clk/A (sky130_fd_sc_hd__clkbuf_16)
     8    0.151713    0.163939    0.277306    0.429464 ^ clkbuf_0_clk/X (sky130_fd_sc_hd__clkbuf_16)
                                                         clknet_0_clk (net)
                      0.164055    0.001930    0.431394 ^ clkbuf_3_4__f_clk/A (sky130_fd_sc_hd__clkbuf_16)
     7    0.046679    0.066586    0.187727    0.619122 ^ clkbuf_3_4__f_clk/X (sky130_fd_sc_hd__clkbuf_16)
                                                         clknet_3_4__leaf_clk (net)
                      0.066612    0.001223    0.620345 ^ _13643_/CLK (sky130_fd_sc_hd__dfrtp_1)
     1    0.003525    0.042651    0.365741    0.986086 v _13643_/Q (sky130_fd_sc_hd__dfrtp_1)
                                                         net178 (net)
                      0.042651    0.000052    0.986138 v output178/A (sky130_fd_sc_hd__buf_2)
     1    0.034288    0.089390    0.179448    1.165585 v output178/X (sky130_fd_sc_hd__buf_2)
                                                         y0[9] (net)
                      0.089390    0.000255    1.165841 v y0[9] (out)
                                              1.165841   data arrival time

                                 15.000000   15.000000   clock clk (rise edge)
                                  0.000000   15.000000   clock network delay (propagated)
                                 -0.250000   14.750000   clock uncertainty
                                  0.000000   14.750000   clock reconvergence pessimism
                                 -3.000000   11.750000   output external delay
                                             11.750000   data required time
---------------------------------------------------------------------------------------------
                                             11.750000   data required time
                                             -1.165841   data arrival time
---------------------------------------------------------------------------------------------
                                             10.584160   slack (MET)


Startpoint: _13655_ (rising edge-triggered flip-flop clocked by clk)
Endpoint: y1[4] (output port clocked by clk)
Path Group: clk
Path Type: max

Fanout         Cap        Slew       Delay        Time   Description
---------------------------------------------------------------------------------------------
                                  0.000000    0.000000   clock clk (rise edge)
                                  0.000000    0.000000   clock source latency
     1    0.046681    0.214570    0.152158    0.152158 ^ clk (in)
                                                         clk (net)
                      0.215027    0.000000    0.152158 ^ clkbuf_0_clk/A (sky130_fd_sc_hd__clkbuf_16)
     8    0.151713    0.163939    0.277306    0.429464 ^ clkbuf_0_clk/X (sky130_fd_sc_hd__clkbuf_16)
                                                         clknet_0_clk (net)
                      0.164105    0.003028    0.432492 ^ clkbuf_3_7__f_clk/A (sky130_fd_sc_hd__clkbuf_16)
    10    0.044032    0.064196    0.185526    0.618017 ^ clkbuf_3_7__f_clk/X (sky130_fd_sc_hd__clkbuf_16)
                                                         clknet_3_7__leaf_clk (net)
                      0.064241    0.001489    0.619506 ^ _13655_/CLK (sky130_fd_sc_hd__dfrtp_1)
     1    0.003471    0.042348    0.364466    0.983972 v _13655_/Q (sky130_fd_sc_hd__dfrtp_1)
                                                         net190 (net)
                      0.042348    0.000048    0.984020 v output190/A (sky130_fd_sc_hd__buf_2)
     1    0.034171    0.089128    0.179120    1.163140 v output190/X (sky130_fd_sc_hd__buf_2)
                                                         y1[4] (net)
                      0.089128    0.000228    1.163369 v y1[4] (out)
                                              1.163369   data arrival time

                                 15.000000   15.000000   clock clk (rise edge)
                                  0.000000   15.000000   clock network delay (propagated)
                                 -0.250000   14.750000   clock uncertainty
                                  0.000000   14.750000   clock reconvergence pessimism
                                 -3.000000   11.750000   output external delay
                                             11.750000   data required time
---------------------------------------------------------------------------------------------
                                             11.750000   data required time
                                             -1.163369   data arrival time
---------------------------------------------------------------------------------------------
                                             10.586633   slack (MET)


Startpoint: _13674_ (rising edge-triggered flip-flop clocked by clk)
Endpoint: y2[6] (output port clocked by clk)
Path Group: clk
Path Type: max

Fanout         Cap        Slew       Delay        Time   Description
---------------------------------------------------------------------------------------------
                                  0.000000    0.000000   clock clk (rise edge)
                                  0.000000    0.000000   clock source latency
     1    0.046681    0.214570    0.152158    0.152158 ^ clk (in)
                                                         clk (net)
                      0.215027    0.000000    0.152158 ^ clkbuf_0_clk/A (sky130_fd_sc_hd__clkbuf_16)
     8    0.151713    0.163939    0.277306    0.429464 ^ clkbuf_0_clk/X (sky130_fd_sc_hd__clkbuf_16)
                                                         clknet_0_clk (net)
                      0.164263    0.005095    0.434559 ^ clkbuf_3_2__f_clk/A (sky130_fd_sc_hd__clkbuf_16)
    10    0.037474    0.058340    0.180399    0.614957 ^ clkbuf_3_2__f_clk/X (sky130_fd_sc_hd__clkbuf_16)
                                                         clknet_3_2__leaf_clk (net)
                      0.058511    0.002088    0.617045 ^ _13674_/CLK (sky130_fd_sc_hd__dfrtp_1)
     1    0.004096    0.045297    0.365829    0.982874 v _13674_/Q (sky130_fd_sc_hd__dfrtp_1)
                                                         net209 (net)
                      0.045297    0.000063    0.982938 v output209/A (sky130_fd_sc_hd__buf_2)
     1    0.033957    0.088625    0.180035    1.162972 v output209/X (sky130_fd_sc_hd__buf_2)
                                                         y2[6] (net)
                      0.088625    0.000176    1.163148 v y2[6] (out)
                                              1.163148   data arrival time

                                 15.000000   15.000000   clock clk (rise edge)
                                  0.000000   15.000000   clock network delay (propagated)
                                 -0.250000   14.750000   clock uncertainty
                                  0.000000   14.750000   clock reconvergence pessimism
                                 -3.000000   11.750000   output external delay
                                             11.750000   data required time
---------------------------------------------------------------------------------------------
                                             11.750000   data required time
                                             -1.163148   data arrival time
---------------------------------------------------------------------------------------------
                                             10.586853   slack (MET)


Startpoint: _13663_ (rising edge-triggered flip-flop clocked by clk)
Endpoint: y1[12] (output port clocked by clk)
Path Group: clk
Path Type: max

Fanout         Cap        Slew       Delay        Time   Description
---------------------------------------------------------------------------------------------
                                  0.000000    0.000000   clock clk (rise edge)
                                  0.000000    0.000000   clock source latency
     1    0.046681    0.214570    0.152158    0.152158 ^ clk (in)
                                                         clk (net)
                      0.215027    0.000000    0.152158 ^ clkbuf_0_clk/A (sky130_fd_sc_hd__clkbuf_16)
     8    0.151713    0.163939    0.277306    0.429464 ^ clkbuf_0_clk/X (sky130_fd_sc_hd__clkbuf_16)
                                                         clknet_0_clk (net)
                      0.164055    0.001930    0.431394 ^ clkbuf_3_4__f_clk/A (sky130_fd_sc_hd__clkbuf_16)
     7    0.046679    0.066586    0.187727    0.619122 ^ clkbuf_3_4__f_clk/X (sky130_fd_sc_hd__clkbuf_16)
                                                         clknet_3_4__leaf_clk (net)
                      0.066605    0.001077    0.620199 ^ _13663_/CLK (sky130_fd_sc_hd__dfrtp_1)
     1    0.003014    0.040269    0.361921    0.982120 v _13663_/Q (sky130_fd_sc_hd__dfrtp_1)
                                                         net182 (net)
                      0.040269    0.000035    0.982155 v output182/A (sky130_fd_sc_hd__buf_2)
     1    0.034543    0.090034    0.178761    1.160916 v output182/X (sky130_fd_sc_hd__buf_2)
                                                         y1[12] (net)
                      0.090035    0.000427    1.161343 v y1[12] (out)
                                              1.161343   data arrival time

                                 15.000000   15.000000   clock clk (rise edge)
                                  0.000000   15.000000   clock network delay (propagated)
                                 -0.250000   14.750000   clock uncertainty
                                  0.000000   14.750000   clock reconvergence pessimism
                                 -3.000000   11.750000   output external delay
                                             11.750000   data required time
---------------------------------------------------------------------------------------------
                                             11.750000   data required time
                                             -1.161343   data arrival time
---------------------------------------------------------------------------------------------
                                             10.588657   slack (MET)


Startpoint: _13644_ (rising edge-triggered flip-flop clocked by clk)
Endpoint: y0[10] (output port clocked by clk)
Path Group: clk
Path Type: max

Fanout         Cap        Slew       Delay        Time   Description
---------------------------------------------------------------------------------------------
                                  0.000000    0.000000   clock clk (rise edge)
                                  0.000000    0.000000   clock source latency
     1    0.046681    0.214570    0.152158    0.152158 ^ clk (in)
                                                         clk (net)
                      0.215027    0.000000    0.152158 ^ clkbuf_0_clk/A (sky130_fd_sc_hd__clkbuf_16)
     8    0.151713    0.163939    0.277306    0.429464 ^ clkbuf_0_clk/X (sky130_fd_sc_hd__clkbuf_16)
                                                         clknet_0_clk (net)
                      0.164055    0.001930    0.431394 ^ clkbuf_3_4__f_clk/A (sky130_fd_sc_hd__clkbuf_16)
     7    0.046679    0.066586    0.187727    0.619122 ^ clkbuf_3_4__f_clk/X (sky130_fd_sc_hd__clkbuf_16)
                                                         clknet_3_4__leaf_clk (net)
                      0.066612    0.001210    0.620332 ^ _13644_/CLK (sky130_fd_sc_hd__dfrtp_1)
     1    0.002863    0.039488    0.360795    0.981127 v _13644_/Q (sky130_fd_sc_hd__dfrtp_1)
                                                         net163 (net)
                      0.039488    0.000037    0.981164 v output163/A (sky130_fd_sc_hd__buf_2)
     1    0.034083    0.088949    0.177745    1.158909 v output163/X (sky130_fd_sc_hd__buf_2)
                                                         y0[10] (net)
                      0.088949    0.000203    1.159112 v y0[10] (out)
                                              1.159112   data arrival time

                                 15.000000   15.000000   clock clk (rise edge)
                                  0.000000   15.000000   clock network delay (propagated)
                                 -0.250000   14.750000   clock uncertainty
                                  0.000000   14.750000   clock reconvergence pessimism
                                 -3.000000   11.750000   output external delay
                                             11.750000   data required time
---------------------------------------------------------------------------------------------
                                             11.750000   data required time
                                             -1.159112   data arrival time
---------------------------------------------------------------------------------------------
                                             10.590888   slack (MET)


Startpoint: _13651_ (rising edge-triggered flip-flop clocked by clk)
Endpoint: y1[0] (output port clocked by clk)
Path Group: clk
Path Type: max

Fanout         Cap        Slew       Delay        Time   Description
---------------------------------------------------------------------------------------------
                                  0.000000    0.000000   clock clk (rise edge)
                                  0.000000    0.000000   clock source latency
     1    0.046681    0.214570    0.152158    0.152158 ^ clk (in)
                                                         clk (net)
                      0.215027    0.000000    0.152158 ^ clkbuf_0_clk/A (sky130_fd_sc_hd__clkbuf_16)
     8    0.151713    0.163939    0.277306    0.429464 ^ clkbuf_0_clk/X (sky130_fd_sc_hd__clkbuf_16)
                                                         clknet_0_clk (net)
                      0.164105    0.003028    0.432492 ^ clkbuf_3_7__f_clk/A (sky130_fd_sc_hd__clkbuf_16)
    10    0.044032    0.064196    0.185526    0.618017 ^ clkbuf_3_7__f_clk/X (sky130_fd_sc_hd__clkbuf_16)
                                                         clknet_3_7__leaf_clk (net)
                      0.064216    0.001075    0.619092 ^ _13651_/CLK (sky130_fd_sc_hd__dfrtp_1)
     1    0.003065    0.040544    0.361423    0.980515 v _13651_/Q (sky130_fd_sc_hd__dfrtp_1)
                                                         net179 (net)
                      0.040544    0.000033    0.980547 v output179/A (sky130_fd_sc_hd__buf_2)
     1    0.034060    0.088891    0.178158    1.158705 v output179/X (sky130_fd_sc_hd__buf_2)
                                                         y1[0] (net)
                      0.088891    0.000202    1.158907 v y1[0] (out)
                                              1.158907   data arrival time

                                 15.000000   15.000000   clock clk (rise edge)
                                  0.000000   15.000000   clock network delay (propagated)
                                 -0.250000   14.750000   clock uncertainty
                                  0.000000   14.750000   clock reconvergence pessimism
                                 -3.000000   11.750000   output external delay
                                             11.750000   data required time
---------------------------------------------------------------------------------------------
                                             11.750000   data required time
                                             -1.158907   data arrival time
---------------------------------------------------------------------------------------------
                                             10.591094   slack (MET)


Startpoint: _13675_ (rising edge-triggered flip-flop clocked by clk)
Endpoint: y2[7] (output port clocked by clk)
Path Group: clk
Path Type: max

Fanout         Cap        Slew       Delay        Time   Description
---------------------------------------------------------------------------------------------
                                  0.000000    0.000000   clock clk (rise edge)
                                  0.000000    0.000000   clock source latency
     1    0.046681    0.214570    0.152158    0.152158 ^ clk (in)
                                                         clk (net)
                      0.215027    0.000000    0.152158 ^ clkbuf_0_clk/A (sky130_fd_sc_hd__clkbuf_16)
     8    0.151713    0.163939    0.277306    0.429464 ^ clkbuf_0_clk/X (sky130_fd_sc_hd__clkbuf_16)
                                                         clknet_0_clk (net)
                      0.164263    0.005095    0.434559 ^ clkbuf_3_2__f_clk/A (sky130_fd_sc_hd__clkbuf_16)
    10    0.037474    0.058340    0.180399    0.614957 ^ clkbuf_3_2__f_clk/X (sky130_fd_sc_hd__clkbuf_16)
                                                         clknet_3_2__leaf_clk (net)
                      0.058558    0.002489    0.617446 ^ _13675_/CLK (sky130_fd_sc_hd__dfrtp_1)
     1    0.003221    0.041408    0.360503    0.977949 v _13675_/Q (sky130_fd_sc_hd__dfrtp_1)
                                                         net210 (net)
                      0.041408    0.000049    0.977997 v output210/A (sky130_fd_sc_hd__buf_2)
     1    0.034319    0.089513    0.178889    1.156887 v output210/X (sky130_fd_sc_hd__buf_2)
                                                         y2[7] (net)
                      0.089513    0.000357    1.157243 v y2[7] (out)
                                              1.157243   data arrival time

                                 15.000000   15.000000   clock clk (rise edge)
                                  0.000000   15.000000   clock network delay (propagated)
                                 -0.250000   14.750000   clock uncertainty
                                  0.000000   14.750000   clock reconvergence pessimism
                                 -3.000000   11.750000   output external delay
                                             11.750000   data required time
---------------------------------------------------------------------------------------------
                                             11.750000   data required time
                                             -1.157243   data arrival time
---------------------------------------------------------------------------------------------
                                             10.592757   slack (MET)


Startpoint: _13673_ (rising edge-triggered flip-flop clocked by clk)
Endpoint: y2[5] (output port clocked by clk)
Path Group: clk
Path Type: max

Fanout         Cap        Slew       Delay        Time   Description
---------------------------------------------------------------------------------------------
                                  0.000000    0.000000   clock clk (rise edge)
                                  0.000000    0.000000   clock source latency
     1    0.046681    0.214570    0.152158    0.152158 ^ clk (in)
                                                         clk (net)
                      0.215027    0.000000    0.152158 ^ clkbuf_0_clk/A (sky130_fd_sc_hd__clkbuf_16)
     8    0.151713    0.163939    0.277306    0.429464 ^ clkbuf_0_clk/X (sky130_fd_sc_hd__clkbuf_16)
                                                         clknet_0_clk (net)
                      0.164263    0.005095    0.434559 ^ clkbuf_3_2__f_clk/A (sky130_fd_sc_hd__clkbuf_16)
    10    0.037474    0.058340    0.180399    0.614957 ^ clkbuf_3_2__f_clk/X (sky130_fd_sc_hd__clkbuf_16)
                                                         clknet_3_2__leaf_clk (net)
                      0.058483    0.001831    0.616788 ^ _13673_/CLK (sky130_fd_sc_hd__dfrtp_1)
     1    0.003256    0.041595    0.360731    0.977520 v _13673_/Q (sky130_fd_sc_hd__dfrtp_1)
                                                         net208 (net)
                      0.041595    0.000047    0.977567 v output208/A (sky130_fd_sc_hd__buf_2)
     1    0.034000    0.088748    0.178513    1.156080 v output208/X (sky130_fd_sc_hd__buf_2)
                                                         y2[5] (net)
                      0.088748    0.000185    1.156265 v y2[5] (out)
                                              1.156265   data arrival time

                                 15.000000   15.000000   clock clk (rise edge)
                                  0.000000   15.000000   clock network delay (propagated)
                                 -0.250000   14.750000   clock uncertainty
                                  0.000000   14.750000   clock reconvergence pessimism
                                 -3.000000   11.750000   output external delay
                                             11.750000   data required time
---------------------------------------------------------------------------------------------
                                             11.750000   data required time
                                             -1.156265   data arrival time
---------------------------------------------------------------------------------------------
                                             10.593736   slack (MET)


Startpoint: _13679_ (rising edge-triggered flip-flop clocked by clk)
Endpoint: y2[11] (output port clocked by clk)
Path Group: clk
Path Type: max

Fanout         Cap        Slew       Delay        Time   Description
---------------------------------------------------------------------------------------------
                                  0.000000    0.000000   clock clk (rise edge)
                                  0.000000    0.000000   clock source latency
     1    0.046681    0.214570    0.152158    0.152158 ^ clk (in)
                                                         clk (net)
                      0.215027    0.000000    0.152158 ^ clkbuf_0_clk/A (sky130_fd_sc_hd__clkbuf_16)
     8    0.151713    0.163939    0.277306    0.429464 ^ clkbuf_0_clk/X (sky130_fd_sc_hd__clkbuf_16)
                                                         clknet_0_clk (net)
                      0.164269    0.005154    0.434618 ^ clkbuf_3_1__f_clk/A (sky130_fd_sc_hd__clkbuf_16)
     7    0.047063    0.066928    0.187973    0.622591 ^ clkbuf_3_1__f_clk/X (sky130_fd_sc_hd__clkbuf_16)
                                                         clknet_3_1__leaf_clk (net)
                      0.066951    0.001136    0.623727 ^ _13679_/CLK (sky130_fd_sc_hd__dfrtp_1)
     1    0.002077    0.035456    0.355049    0.978776 v _13679_/Q (sky130_fd_sc_hd__dfrtp_1)
                                                         net198 (net)
                      0.035456    0.000019    0.978796 v output198/A (sky130_fd_sc_hd__buf_2)
     1    0.034650    0.090295    0.176897    1.155693 v output198/X (sky130_fd_sc_hd__buf_2)
                                                         y2[11] (net)
                      0.090296    0.000417    1.156110 v y2[11] (out)
                                              1.156110   data arrival time

                                 15.000000   15.000000   clock clk (rise edge)
                                  0.000000   15.000000   clock network delay (propagated)
                                 -0.250000   14.750000   clock uncertainty
                                  0.000000   14.750000   clock reconvergence pessimism
                                 -3.000000   11.750000   output external delay
                                             11.750000   data required time
---------------------------------------------------------------------------------------------
                                             11.750000   data required time
                                             -1.156110   data arrival time
---------------------------------------------------------------------------------------------
                                             10.593890   slack (MET)


Startpoint: _13660_ (rising edge-triggered flip-flop clocked by clk)
Endpoint: y1[9] (output port clocked by clk)
Path Group: clk
Path Type: max

Fanout         Cap        Slew       Delay        Time   Description
---------------------------------------------------------------------------------------------
                                  0.000000    0.000000   clock clk (rise edge)
                                  0.000000    0.000000   clock source latency
     1    0.046681    0.214570    0.152158    0.152158 ^ clk (in)
                                                         clk (net)
                      0.215027    0.000000    0.152158 ^ clkbuf_0_clk/A (sky130_fd_sc_hd__clkbuf_16)
     8    0.151713    0.163939    0.277306    0.429464 ^ clkbuf_0_clk/X (sky130_fd_sc_hd__clkbuf_16)
                                                         clknet_0_clk (net)
                      0.164105    0.003028    0.432492 ^ clkbuf_3_7__f_clk/A (sky130_fd_sc_hd__clkbuf_16)
    10    0.044032    0.064196    0.185526    0.618017 ^ clkbuf_3_7__f_clk/X (sky130_fd_sc_hd__clkbuf_16)
                                                         clknet_3_7__leaf_clk (net)
                      0.064247    0.001577    0.619595 ^ _13660_/CLK (sky130_fd_sc_hd__dfrtp_1)
     1    0.002414    0.036802    0.356568    0.976163 v _13660_/Q (sky130_fd_sc_hd__dfrtp_1)
                                                         net195 (net)
                      0.036802    0.000025    0.976188 v output195/A (sky130_fd_sc_hd__buf_2)
     1    0.035004    0.091099    0.178045    1.154234 v output195/X (sky130_fd_sc_hd__buf_2)
                                                         y1[9] (net)
                      0.091101    0.000535    1.154768 v y1[9] (out)
                                              1.154768   data arrival time

                                 15.000000   15.000000   clock clk (rise edge)
                                  0.000000   15.000000   clock network delay (propagated)
                                 -0.250000   14.750000   clock uncertainty
                                  0.000000   14.750000   clock reconvergence pessimism
                                 -3.000000   11.750000   output external delay
                                             11.750000   data required time
---------------------------------------------------------------------------------------------
                                             11.750000   data required time
                                             -1.154768   data arrival time
---------------------------------------------------------------------------------------------
                                             10.595232   slack (MET)


Startpoint: _13678_ (rising edge-triggered flip-flop clocked by clk)
Endpoint: y2[10] (output port clocked by clk)
Path Group: clk
Path Type: max

Fanout         Cap        Slew       Delay        Time   Description
---------------------------------------------------------------------------------------------
                                  0.000000    0.000000   clock clk (rise edge)
                                  0.000000    0.000000   clock source latency
     1    0.046681    0.214570    0.152158    0.152158 ^ clk (in)
                                                         clk (net)
                      0.215027    0.000000    0.152158 ^ clkbuf_0_clk/A (sky130_fd_sc_hd__clkbuf_16)
     8    0.151713    0.163939    0.277306    0.429464 ^ clkbuf_0_clk/X (sky130_fd_sc_hd__clkbuf_16)
                                                         clknet_0_clk (net)
                      0.164263    0.005095    0.434559 ^ clkbuf_3_2__f_clk/A (sky130_fd_sc_hd__clkbuf_16)
    10    0.037474    0.058340    0.180399    0.614957 ^ clkbuf_3_2__f_clk/X (sky130_fd_sc_hd__clkbuf_16)
                                                         clknet_3_2__leaf_clk (net)
                      0.058604    0.002847    0.617804 ^ _13678_/CLK (sky130_fd_sc_hd__dfrtp_1)
     1    0.002757    0.038967    0.357051    0.974855 v _13678_/Q (sky130_fd_sc_hd__dfrtp_1)
                                                         net197 (net)
                      0.038967    0.000032    0.974887 v output197/A (sky130_fd_sc_hd__buf_2)
     1    0.035171    0.091441    0.179292    1.154180 v output197/X (sky130_fd_sc_hd__buf_2)
                                                         y2[10] (net)
                      0.091443    0.000533    1.154713 v y2[10] (out)
                                              1.154713   data arrival time

                                 15.000000   15.000000   clock clk (rise edge)
                                  0.000000   15.000000   clock network delay (propagated)
                                 -0.250000   14.750000   clock uncertainty
                                  0.000000   14.750000   clock reconvergence pessimism
                                 -3.000000   11.750000   output external delay
                                             11.750000   data required time
---------------------------------------------------------------------------------------------
                                             11.750000   data required time
                                             -1.154713   data arrival time
---------------------------------------------------------------------------------------------
                                             10.595287   slack (MET)


Startpoint: _13662_ (rising edge-triggered flip-flop clocked by clk)
Endpoint: y1[11] (output port clocked by clk)
Path Group: clk
Path Type: max

Fanout         Cap        Slew       Delay        Time   Description
---------------------------------------------------------------------------------------------
                                  0.000000    0.000000   clock clk (rise edge)
                                  0.000000    0.000000   clock source latency
     1    0.046681    0.214570    0.152158    0.152158 ^ clk (in)
                                                         clk (net)
                      0.215027    0.000000    0.152158 ^ clkbuf_0_clk/A (sky130_fd_sc_hd__clkbuf_16)
     8    0.151713    0.163939    0.277306    0.429464 ^ clkbuf_0_clk/X (sky130_fd_sc_hd__clkbuf_16)
                                                         clknet_0_clk (net)
                      0.164055    0.001930    0.431394 ^ clkbuf_3_4__f_clk/A (sky130_fd_sc_hd__clkbuf_16)
     7    0.046679    0.066586    0.187727    0.619122 ^ clkbuf_3_4__f_clk/X (sky130_fd_sc_hd__clkbuf_16)
                                                         clknet_3_4__leaf_clk (net)
                      0.066604    0.001057    0.620179 ^ _13662_/CLK (sky130_fd_sc_hd__dfrtp_1)
     1    0.002312    0.036372    0.356676    0.976855 v _13662_/Q (sky130_fd_sc_hd__dfrtp_1)
                                                         net181 (net)
                      0.036372    0.000023    0.976878 v output181/A (sky130_fd_sc_hd__buf_2)
     1    0.034473    0.089906    0.176962    1.153840 v output181/X (sky130_fd_sc_hd__buf_2)
                                                         y1[11] (net)
                      0.089907    0.000415    1.154255 v y1[11] (out)
                                              1.154255   data arrival time

                                 15.000000   15.000000   clock clk (rise edge)
                                  0.000000   15.000000   clock network delay (propagated)
                                 -0.250000   14.750000   clock uncertainty
                                  0.000000   14.750000   clock reconvergence pessimism
                                 -3.000000   11.750000   output external delay
                                             11.750000   data required time
---------------------------------------------------------------------------------------------
                                             11.750000   data required time
                                             -1.154255   data arrival time
---------------------------------------------------------------------------------------------
                                             10.595746   slack (MET)


Startpoint: _13661_ (rising edge-triggered flip-flop clocked by clk)
Endpoint: y1[10] (output port clocked by clk)
Path Group: clk
Path Type: max

Fanout         Cap        Slew       Delay        Time   Description
---------------------------------------------------------------------------------------------
                                  0.000000    0.000000   clock clk (rise edge)
                                  0.000000    0.000000   clock source latency
     1    0.046681    0.214570    0.152158    0.152158 ^ clk (in)
                                                         clk (net)
                      0.215027    0.000000    0.152158 ^ clkbuf_0_clk/A (sky130_fd_sc_hd__clkbuf_16)
     8    0.151713    0.163939    0.277306    0.429464 ^ clkbuf_0_clk/X (sky130_fd_sc_hd__clkbuf_16)
                                                         clknet_0_clk (net)
                      0.164055    0.001930    0.431394 ^ clkbuf_3_4__f_clk/A (sky130_fd_sc_hd__clkbuf_16)
     7    0.046679    0.066586    0.187727    0.619122 ^ clkbuf_3_4__f_clk/X (sky130_fd_sc_hd__clkbuf_16)
                                                         clknet_3_4__leaf_clk (net)
                      0.066603    0.001032    0.620154 ^ _13661_/CLK (sky130_fd_sc_hd__dfrtp_1)
     1    0.002255    0.036143    0.356254    0.976407 v _13661_/Q (sky130_fd_sc_hd__dfrtp_1)
                                                         net180 (net)
                      0.036143    0.000021    0.976429 v output180/A (sky130_fd_sc_hd__buf_2)
     1    0.034547    0.090073    0.176993    1.153422 v output180/X (sky130_fd_sc_hd__buf_2)
                                                         y1[10] (net)
                      0.090075    0.000427    1.153849 v y1[10] (out)
                                              1.153849   data arrival time

                                 15.000000   15.000000   clock clk (rise edge)
                                  0.000000   15.000000   clock network delay (propagated)
                                 -0.250000   14.750000   clock uncertainty
                                  0.000000   14.750000   clock reconvergence pessimism
                                 -3.000000   11.750000   output external delay
                                             11.750000   data required time
---------------------------------------------------------------------------------------------
                                             11.750000   data required time
                                             -1.153849   data arrival time
---------------------------------------------------------------------------------------------
                                             10.596151   slack (MET)


Startpoint: _13692_ (rising edge-triggered flip-flop clocked by clk)
Endpoint: y3[7] (output port clocked by clk)
Path Group: clk
Path Type: max

Fanout         Cap        Slew       Delay        Time   Description
---------------------------------------------------------------------------------------------
                                  0.000000    0.000000   clock clk (rise edge)
                                  0.000000    0.000000   clock source latency
     1    0.046681    0.214570    0.152158    0.152158 ^ clk (in)
                                                         clk (net)
                      0.215027    0.000000    0.152158 ^ clkbuf_0_clk/A (sky130_fd_sc_hd__clkbuf_16)
     8    0.151713    0.163939    0.277306    0.429464 ^ clkbuf_0_clk/X (sky130_fd_sc_hd__clkbuf_16)
                                                         clknet_0_clk (net)
                      0.164186    0.004226    0.433690 ^ clkbuf_3_3__f_clk/A (sky130_fd_sc_hd__clkbuf_16)
    10    0.032705    0.054341    0.177361    0.611051 ^ clkbuf_3_3__f_clk/X (sky130_fd_sc_hd__clkbuf_16)
                                                         clknet_3_3__leaf_clk (net)
                      0.054343    0.000470    0.611522 ^ _13692_/CLK (sky130_fd_sc_hd__dfrtp_1)
     1    0.003743    0.043945    0.362395    0.973917 v _13692_/Q (sky130_fd_sc_hd__dfrtp_1)
                                                         net227 (net)
                      0.043945    0.000060    0.973976 v output227/A (sky130_fd_sc_hd__buf_2)
     1    0.034039    0.088814    0.179596    1.153572 v output227/X (sky130_fd_sc_hd__buf_2)
                                                         y3[7] (net)
                      0.088814    0.000185    1.153758 v y3[7] (out)
                                              1.153758   data arrival time

                                 15.000000   15.000000   clock clk (rise edge)
                                  0.000000   15.000000   clock network delay (propagated)
                                 -0.250000   14.750000   clock uncertainty
                                  0.000000   14.750000   clock reconvergence pessimism
                                 -3.000000   11.750000   output external delay
                                             11.750000   data required time
---------------------------------------------------------------------------------------------
                                             11.750000   data required time
                                             -1.153758   data arrival time
---------------------------------------------------------------------------------------------
                                             10.596242   slack (MET)


Startpoint: _13696_ (rising edge-triggered flip-flop clocked by clk)
Endpoint: y3[11] (output port clocked by clk)
Path Group: clk
Path Type: max

Fanout         Cap        Slew       Delay        Time   Description
---------------------------------------------------------------------------------------------
                                  0.000000    0.000000   clock clk (rise edge)
                                  0.000000    0.000000   clock source latency
     1    0.046681    0.214570    0.152158    0.152158 ^ clk (in)
                                                         clk (net)
                      0.215027    0.000000    0.152158 ^ clkbuf_0_clk/A (sky130_fd_sc_hd__clkbuf_16)
     8    0.151713    0.163939    0.277306    0.429464 ^ clkbuf_0_clk/X (sky130_fd_sc_hd__clkbuf_16)
                                                         clknet_0_clk (net)
                      0.164269    0.005154    0.434618 ^ clkbuf_3_1__f_clk/A (sky130_fd_sc_hd__clkbuf_16)
     7    0.047063    0.066928    0.187973    0.622591 ^ clkbuf_3_1__f_clk/X (sky130_fd_sc_hd__clkbuf_16)
                                                         clknet_3_1__leaf_clk (net)
                      0.066972    0.001499    0.624090 ^ _13696_/CLK (sky130_fd_sc_hd__dfrtp_1)
     1    0.001861    0.034702    0.353442    0.977532 v _13696_/Q (sky130_fd_sc_hd__dfrtp_1)
                                                         net215 (net)
                      0.034702    0.000016    0.977548 v output215/A (sky130_fd_sc_hd__buf_2)
     1    0.034007    0.088803    0.175567    1.153115 v output215/X (sky130_fd_sc_hd__buf_2)
                                                         y3[11] (net)
                      0.088803    0.000170    1.153284 v y3[11] (out)
                                              1.153284   data arrival time

                                 15.000000   15.000000   clock clk (rise edge)
                                  0.000000   15.000000   clock network delay (propagated)
                                 -0.250000   14.750000   clock uncertainty
                                  0.000000   14.750000   clock reconvergence pessimism
                                 -3.000000   11.750000   output external delay
                                             11.750000   data required time
---------------------------------------------------------------------------------------------
                                             11.750000   data required time
                                             -1.153284   data arrival time
---------------------------------------------------------------------------------------------
                                             10.596717   slack (MET)


Startpoint: _13672_ (rising edge-triggered flip-flop clocked by clk)
Endpoint: y2[4] (output port clocked by clk)
Path Group: clk
Path Type: max

Fanout         Cap        Slew       Delay        Time   Description
---------------------------------------------------------------------------------------------
                                  0.000000    0.000000   clock clk (rise edge)
                                  0.000000    0.000000   clock source latency
     1    0.046681    0.214570    0.152158    0.152158 ^ clk (in)
                                                         clk (net)
                      0.215027    0.000000    0.152158 ^ clkbuf_0_clk/A (sky130_fd_sc_hd__clkbuf_16)
     8    0.151713    0.163939    0.277306    0.429464 ^ clkbuf_0_clk/X (sky130_fd_sc_hd__clkbuf_16)
                                                         clknet_0_clk (net)
                      0.164263    0.005095    0.434559 ^ clkbuf_3_2__f_clk/A (sky130_fd_sc_hd__clkbuf_16)
    10    0.037474    0.058340    0.180399    0.614957 ^ clkbuf_3_2__f_clk/X (sky130_fd_sc_hd__clkbuf_16)
                                                         clknet_3_2__leaf_clk (net)
                      0.058468    0.001699    0.616656 ^ _13672_/CLK (sky130_fd_sc_hd__dfrtp_1)
     1    0.002952    0.039976    0.358463    0.975119 v _13672_/Q (sky130_fd_sc_hd__dfrtp_1)
                                                         net207 (net)
                      0.039976    0.000030    0.975149 v output207/A (sky130_fd_sc_hd__buf_2)
     1    0.034054    0.088882    0.177901    1.153050 v output207/X (sky130_fd_sc_hd__buf_2)
                                                         y2[4] (net)
                      0.088882    0.000202    1.153252 v y2[4] (out)
                                              1.153252   data arrival time

                                 15.000000   15.000000   clock clk (rise edge)
                                  0.000000   15.000000   clock network delay (propagated)
                                 -0.250000   14.750000   clock uncertainty
                                  0.000000   14.750000   clock reconvergence pessimism
                                 -3.000000   11.750000   output external delay
                                             11.750000   data required time
---------------------------------------------------------------------------------------------
                                             11.750000   data required time
                                             -1.153252   data arrival time
---------------------------------------------------------------------------------------------
                                             10.596747   slack (MET)


Startpoint: _13653_ (rising edge-triggered flip-flop clocked by clk)
Endpoint: y1[2] (output port clocked by clk)
Path Group: clk
Path Type: max

Fanout         Cap        Slew       Delay        Time   Description
---------------------------------------------------------------------------------------------
                                  0.000000    0.000000   clock clk (rise edge)
                                  0.000000    0.000000   clock source latency
     1    0.046681    0.214570    0.152158    0.152158 ^ clk (in)
                                                         clk (net)
                      0.215027    0.000000    0.152158 ^ clkbuf_0_clk/A (sky130_fd_sc_hd__clkbuf_16)
     8    0.151713    0.163939    0.277306    0.429464 ^ clkbuf_0_clk/X (sky130_fd_sc_hd__clkbuf_16)
                                                         clknet_0_clk (net)
                      0.164105    0.003028    0.432492 ^ clkbuf_3_7__f_clk/A (sky130_fd_sc_hd__clkbuf_16)
    10    0.044032    0.064196    0.185526    0.618017 ^ clkbuf_3_7__f_clk/X (sky130_fd_sc_hd__clkbuf_16)
                                                         clknet_3_7__leaf_clk (net)
                      0.064223    0.001218    0.619236 ^ _13653_/CLK (sky130_fd_sc_hd__dfrtp_1)
     1    0.002443    0.036926    0.356777    0.976013 v _13653_/Q (sky130_fd_sc_hd__dfrtp_1)
                                                         net188 (net)
                      0.036926    0.000019    0.976032 v output188/A (sky130_fd_sc_hd__buf_2)
     1    0.033956    0.088677    0.176432    1.152463 v output188/X (sky130_fd_sc_hd__buf_2)
                                                         y1[2] (net)
                      0.088677    0.000167    1.152631 v y1[2] (out)
                                              1.152631   data arrival time

                                 15.000000   15.000000   clock clk (rise edge)
                                  0.000000   15.000000   clock network delay (propagated)
                                 -0.250000   14.750000   clock uncertainty
                                  0.000000   14.750000   clock reconvergence pessimism
                                 -3.000000   11.750000   output external delay
                                             11.750000   data required time
---------------------------------------------------------------------------------------------
                                             11.750000   data required time
                                             -1.152631   data arrival time
---------------------------------------------------------------------------------------------
                                             10.597369   slack (MET)


Startpoint: _13676_ (rising edge-triggered flip-flop clocked by clk)
Endpoint: y2[8] (output port clocked by clk)
Path Group: clk
Path Type: max

Fanout         Cap        Slew       Delay        Time   Description
---------------------------------------------------------------------------------------------
                                  0.000000    0.000000   clock clk (rise edge)
                                  0.000000    0.000000   clock source latency
     1    0.046681    0.214570    0.152158    0.152158 ^ clk (in)
                                                         clk (net)
                      0.215027    0.000000    0.152158 ^ clkbuf_0_clk/A (sky130_fd_sc_hd__clkbuf_16)
     8    0.151713    0.163939    0.277306    0.429464 ^ clkbuf_0_clk/X (sky130_fd_sc_hd__clkbuf_16)
                                                         clknet_0_clk (net)
                      0.164263    0.005095    0.434559 ^ clkbuf_3_2__f_clk/A (sky130_fd_sc_hd__clkbuf_16)
    10    0.037474    0.058340    0.180399    0.614957 ^ clkbuf_3_2__f_clk/X (sky130_fd_sc_hd__clkbuf_16)
                                                         clknet_3_2__leaf_clk (net)
                      0.058586    0.002707    0.617665 ^ _13676_/CLK (sky130_fd_sc_hd__dfrtp_1)
     1    0.002724    0.038795    0.356796    0.974460 v _13676_/Q (sky130_fd_sc_hd__dfrtp_1)
                                                         net211 (net)
                      0.038795    0.000031    0.974491 v output211/A (sky130_fd_sc_hd__buf_2)
     1    0.034319    0.089531    0.177764    1.152255 v output211/X (sky130_fd_sc_hd__buf_2)
                                                         y2[8] (net)
                      0.089532    0.000357    1.152612 v y2[8] (out)
                                              1.152612   data arrival time

                                 15.000000   15.000000   clock clk (rise edge)
                                  0.000000   15.000000   clock network delay (propagated)
                                 -0.250000   14.750000   clock uncertainty
                                  0.000000   14.750000   clock reconvergence pessimism
                                 -3.000000   11.750000   output external delay
                                             11.750000   data required time
---------------------------------------------------------------------------------------------
                                             11.750000   data required time
                                             -1.152612   data arrival time
---------------------------------------------------------------------------------------------
                                             10.597389   slack (MET)


Startpoint: _13685_ (rising edge-triggered flip-flop clocked by clk)
Endpoint: y3[0] (output port clocked by clk)
Path Group: clk
Path Type: max

Fanout         Cap        Slew       Delay        Time   Description
---------------------------------------------------------------------------------------------
                                  0.000000    0.000000   clock clk (rise edge)
                                  0.000000    0.000000   clock source latency
     1    0.046681    0.214570    0.152158    0.152158 ^ clk (in)
                                                         clk (net)
                      0.215027    0.000000    0.152158 ^ clkbuf_0_clk/A (sky130_fd_sc_hd__clkbuf_16)
     8    0.151713    0.163939    0.277306    0.429464 ^ clkbuf_0_clk/X (sky130_fd_sc_hd__clkbuf_16)
                                                         clknet_0_clk (net)
                      0.164186    0.004226    0.433690 ^ clkbuf_3_3__f_clk/A (sky130_fd_sc_hd__clkbuf_16)
    10    0.032705    0.054341    0.177361    0.611051 ^ clkbuf_3_3__f_clk/X (sky130_fd_sc_hd__clkbuf_16)
                                                         clknet_3_3__leaf_clk (net)
                      0.054349    0.001166    0.612217 ^ _13685_/CLK (sky130_fd_sc_hd__dfrtp_1)
     1    0.003507    0.042625    0.361091    0.973308 v _13685_/Q (sky130_fd_sc_hd__dfrtp_1)
                                                         net213 (net)
                      0.042625    0.000052    0.973360 v output213/A (sky130_fd_sc_hd__buf_2)
     1    0.033953    0.088631    0.178882    1.152242 v output213/X (sky130_fd_sc_hd__buf_2)
                                                         y3[0] (net)
                      0.088631    0.000168    1.152410 v y3[0] (out)
                                              1.152410   data arrival time

                                 15.000000   15.000000   clock clk (rise edge)
                                  0.000000   15.000000   clock network delay (propagated)
                                 -0.250000   14.750000   clock uncertainty
                                  0.000000   14.750000   clock reconvergence pessimism
                                 -3.000000   11.750000   output external delay
                                             11.750000   data required time
---------------------------------------------------------------------------------------------
                                             11.750000   data required time
                                             -1.152410   data arrival time
---------------------------------------------------------------------------------------------
                                             10.597590   slack (MET)


Startpoint: _13656_ (rising edge-triggered flip-flop clocked by clk)
Endpoint: y1[5] (output port clocked by clk)
Path Group: clk
Path Type: max

Fanout         Cap        Slew       Delay        Time   Description
---------------------------------------------------------------------------------------------
                                  0.000000    0.000000   clock clk (rise edge)
                                  0.000000    0.000000   clock source latency
     1    0.046681    0.214570    0.152158    0.152158 ^ clk (in)
                                                         clk (net)
                      0.215027    0.000000    0.152158 ^ clkbuf_0_clk/A (sky130_fd_sc_hd__clkbuf_16)
     8    0.151713    0.163939    0.277306    0.429464 ^ clkbuf_0_clk/X (sky130_fd_sc_hd__clkbuf_16)
                                                         clknet_0_clk (net)
                      0.164105    0.003028    0.432492 ^ clkbuf_3_7__f_clk/A (sky130_fd_sc_hd__clkbuf_16)
    10    0.044032    0.064196    0.185526    0.618017 ^ clkbuf_3_7__f_clk/X (sky130_fd_sc_hd__clkbuf_16)
                                                         clknet_3_7__leaf_clk (net)
                      0.064239    0.001460    0.619478 ^ _13656_/CLK (sky130_fd_sc_hd__dfrtp_1)
     1    0.002239    0.036077    0.355258    0.974735 v _13656_/Q (sky130_fd_sc_hd__dfrtp_1)
                                                         net191 (net)
                      0.036077    0.000015    0.974750 v output191/A (sky130_fd_sc_hd__buf_2)
     1    0.034214    0.089254    0.176519    1.151269 v output191/X (sky130_fd_sc_hd__buf_2)
                                                         y1[5] (net)
                      0.089254    0.000205    1.151473 v y1[5] (out)
                                              1.151473   data arrival time

                                 15.000000   15.000000   clock clk (rise edge)
                                  0.000000   15.000000   clock network delay (propagated)
                                 -0.250000   14.750000   clock uncertainty
                                  0.000000   14.750000   clock reconvergence pessimism
                                 -3.000000   11.750000   output external delay
                                             11.750000   data required time
---------------------------------------------------------------------------------------------
                                             11.750000   data required time
                                             -1.151473   data arrival time
---------------------------------------------------------------------------------------------
                                             10.598527   slack (MET)


Startpoint: _13654_ (rising edge-triggered flip-flop clocked by clk)
Endpoint: y1[3] (output port clocked by clk)
Path Group: clk
Path Type: max

Fanout         Cap        Slew       Delay        Time   Description
---------------------------------------------------------------------------------------------
                                  0.000000    0.000000   clock clk (rise edge)
                                  0.000000    0.000000   clock source latency
     1    0.046681    0.214570    0.152158    0.152158 ^ clk (in)
                                                         clk (net)
                      0.215027    0.000000    0.152158 ^ clkbuf_0_clk/A (sky130_fd_sc_hd__clkbuf_16)
     8    0.151713    0.163939    0.277306    0.429464 ^ clkbuf_0_clk/X (sky130_fd_sc_hd__clkbuf_16)
                                                         clknet_0_clk (net)
                      0.164105    0.003028    0.432492 ^ clkbuf_3_7__f_clk/A (sky130_fd_sc_hd__clkbuf_16)
    10    0.044032    0.064196    0.185526    0.618017 ^ clkbuf_3_7__f_clk/X (sky130_fd_sc_hd__clkbuf_16)
                                                         clknet_3_7__leaf_clk (net)
                      0.064235    0.001398    0.619415 ^ _13654_/CLK (sky130_fd_sc_hd__dfrtp_1)
     1    0.002298    0.036314    0.355695    0.975110 v _13654_/Q (sky130_fd_sc_hd__dfrtp_1)
                                                         net189 (net)
                      0.036314    0.000024    0.975133 v output189/A (sky130_fd_sc_hd__buf_2)
     1    0.033948    0.088663    0.176153    1.151286 v output189/X (sky130_fd_sc_hd__buf_2)
                                                         y1[3] (net)
                      0.088663    0.000167    1.151453 v y1[3] (out)
                                              1.151453   data arrival time

                                 15.000000   15.000000   clock clk (rise edge)
                                  0.000000   15.000000   clock network delay (propagated)
                                 -0.250000   14.750000   clock uncertainty
                                  0.000000   14.750000   clock reconvergence pessimism
                                 -3.000000   11.750000   output external delay
                                             11.750000   data required time
---------------------------------------------------------------------------------------------
                                             11.750000   data required time
                                             -1.151453   data arrival time
---------------------------------------------------------------------------------------------
                                             10.598547   slack (MET)


Startpoint: _13657_ (rising edge-triggered flip-flop clocked by clk)
Endpoint: y1[6] (output port clocked by clk)
Path Group: clk
Path Type: max

Fanout         Cap        Slew       Delay        Time   Description
---------------------------------------------------------------------------------------------
                                  0.000000    0.000000   clock clk (rise edge)
                                  0.000000    0.000000   clock source latency
     1    0.046681    0.214570    0.152158    0.152158 ^ clk (in)
                                                         clk (net)
                      0.215027    0.000000    0.152158 ^ clkbuf_0_clk/A (sky130_fd_sc_hd__clkbuf_16)
     8    0.151713    0.163939    0.277306    0.429464 ^ clkbuf_0_clk/X (sky130_fd_sc_hd__clkbuf_16)
                                                         clknet_0_clk (net)
                      0.164105    0.003028    0.432492 ^ clkbuf_3_7__f_clk/A (sky130_fd_sc_hd__clkbuf_16)
    10    0.044032    0.064196    0.185526    0.618017 ^ clkbuf_3_7__f_clk/X (sky130_fd_sc_hd__clkbuf_16)
                                                         clknet_3_7__leaf_clk (net)
                      0.064237    0.001438    0.619456 ^ _13657_/CLK (sky130_fd_sc_hd__dfrtp_1)
     1    0.002163    0.035779    0.354688    0.974144 v _13657_/Q (sky130_fd_sc_hd__dfrtp_1)
                                                         net192 (net)
                      0.035779    0.000021    0.974165 v output192/A (sky130_fd_sc_hd__buf_2)
     1    0.034546    0.090073    0.176833    1.150998 v output192/X (sky130_fd_sc_hd__buf_2)
                                                         y1[6] (net)
                      0.090074    0.000427    1.151425 v y1[6] (out)
                                              1.151425   data arrival time

                                 15.000000   15.000000   clock clk (rise edge)
                                  0.000000   15.000000   clock network delay (propagated)
                                 -0.250000   14.750000   clock uncertainty
                                  0.000000   14.750000   clock reconvergence pessimism
                                 -3.000000   11.750000   output external delay
                                             11.750000   data required time
---------------------------------------------------------------------------------------------
                                             11.750000   data required time
                                             -1.151425   data arrival time
---------------------------------------------------------------------------------------------
                                             10.598576   slack (MET)


Startpoint: _13652_ (rising edge-triggered flip-flop clocked by clk)
Endpoint: y1[1] (output port clocked by clk)
Path Group: clk
Path Type: max

Fanout         Cap        Slew       Delay        Time   Description
---------------------------------------------------------------------------------------------
                                  0.000000    0.000000   clock clk (rise edge)
                                  0.000000    0.000000   clock source latency
     1    0.046681    0.214570    0.152158    0.152158 ^ clk (in)
                                                         clk (net)
                      0.215027    0.000000    0.152158 ^ clkbuf_0_clk/A (sky130_fd_sc_hd__clkbuf_16)
     8    0.151713    0.163939    0.277306    0.429464 ^ clkbuf_0_clk/X (sky130_fd_sc_hd__clkbuf_16)
                                                         clknet_0_clk (net)
                      0.164105    0.003028    0.432492 ^ clkbuf_3_7__f_clk/A (sky130_fd_sc_hd__clkbuf_16)
    10    0.044032    0.064196    0.185526    0.618017 ^ clkbuf_3_7__f_clk/X (sky130_fd_sc_hd__clkbuf_16)
                                                         clknet_3_7__leaf_clk (net)
                      0.064228    0.001298    0.619316 ^ _13652_/CLK (sky130_fd_sc_hd__dfrtp_1)
     1    0.002242    0.036092    0.355281    0.974597 v _13652_/Q (sky130_fd_sc_hd__dfrtp_1)
                                                         net187 (net)
                      0.036092    0.000015    0.974611 v output187/A (sky130_fd_sc_hd__buf_2)
     1    0.034096    0.088984    0.176332    1.150944 v output187/X (sky130_fd_sc_hd__buf_2)
                                                         y1[1] (net)
                      0.088984    0.000170    1.151113 v y1[1] (out)
                                              1.151113   data arrival time

                                 15.000000   15.000000   clock clk (rise edge)
                                  0.000000   15.000000   clock network delay (propagated)
                                 -0.250000   14.750000   clock uncertainty
                                  0.000000   14.750000   clock reconvergence pessimism
                                 -3.000000   11.750000   output external delay
                                             11.750000   data required time
---------------------------------------------------------------------------------------------
                                             11.750000   data required time
                                             -1.151113   data arrival time
---------------------------------------------------------------------------------------------
                                             10.598887   slack (MET)


Startpoint: _13658_ (rising edge-triggered flip-flop clocked by clk)
Endpoint: y1[7] (output port clocked by clk)
Path Group: clk
Path Type: max

Fanout         Cap        Slew       Delay        Time   Description
---------------------------------------------------------------------------------------------
                                  0.000000    0.000000   clock clk (rise edge)
                                  0.000000    0.000000   clock source latency
     1    0.046681    0.214570    0.152158    0.152158 ^ clk (in)
                                                         clk (net)
                      0.215027    0.000000    0.152158 ^ clkbuf_0_clk/A (sky130_fd_sc_hd__clkbuf_16)
     8    0.151713    0.163939    0.277306    0.429464 ^ clkbuf_0_clk/X (sky130_fd_sc_hd__clkbuf_16)
                                                         clknet_0_clk (net)
                      0.164105    0.003028    0.432492 ^ clkbuf_3_7__f_clk/A (sky130_fd_sc_hd__clkbuf_16)
    10    0.044032    0.064196    0.185526    0.618017 ^ clkbuf_3_7__f_clk/X (sky130_fd_sc_hd__clkbuf_16)
                                                         clknet_3_7__leaf_clk (net)
                      0.064239    0.001467    0.619484 ^ _13658_/CLK (sky130_fd_sc_hd__dfrtp_1)
     1    0.002096    0.035524    0.354188    0.973672 v _13658_/Q (sky130_fd_sc_hd__dfrtp_1)
                                                         net193 (net)
                      0.035524    0.000019    0.973691 v output193/A (sky130_fd_sc_hd__buf_2)
     1    0.034546    0.090075    0.176723    1.150414 v output193/X (sky130_fd_sc_hd__buf_2)
                                                         y1[7] (net)
                      0.090076    0.000427    1.150841 v y1[7] (out)
                                              1.150841   data arrival time

                                 15.000000   15.000000   clock clk (rise edge)
                                  0.000000   15.000000   clock network delay (propagated)
                                 -0.250000   14.750000   clock uncertainty
                                  0.000000   14.750000   clock reconvergence pessimism
                                 -3.000000   11.750000   output external delay
                                             11.750000   data required time
---------------------------------------------------------------------------------------------
                                             11.750000   data required time
                                             -1.150841   data arrival time
---------------------------------------------------------------------------------------------
                                             10.599159   slack (MET)


Startpoint: _13659_ (rising edge-triggered flip-flop clocked by clk)
Endpoint: y1[8] (output port clocked by clk)
Path Group: clk
Path Type: max

Fanout         Cap        Slew       Delay        Time   Description
---------------------------------------------------------------------------------------------
                                  0.000000    0.000000   clock clk (rise edge)
                                  0.000000    0.000000   clock source latency
     1    0.046681    0.214570    0.152158    0.152158 ^ clk (in)
                                                         clk (net)
                      0.215027    0.000000    0.152158 ^ clkbuf_0_clk/A (sky130_fd_sc_hd__clkbuf_16)
     8    0.151713    0.163939    0.277306    0.429464 ^ clkbuf_0_clk/X (sky130_fd_sc_hd__clkbuf_16)
                                                         clknet_0_clk (net)
                      0.164105    0.003028    0.432492 ^ clkbuf_3_7__f_clk/A (sky130_fd_sc_hd__clkbuf_16)
    10    0.044032    0.064196    0.185526    0.618017 ^ clkbuf_3_7__f_clk/X (sky130_fd_sc_hd__clkbuf_16)
                                                         clknet_3_7__leaf_clk (net)
                      0.064245    0.001552    0.619569 ^ _13659_/CLK (sky130_fd_sc_hd__dfrtp_1)
     1    0.001987    0.035128    0.353375    0.972944 v _13659_/Q (sky130_fd_sc_hd__dfrtp_1)
                                                         net194 (net)
                      0.035128    0.000017    0.972961 v output194/A (sky130_fd_sc_hd__buf_2)
     1    0.034891    0.090842    0.177158    1.150119 v output194/X (sky130_fd_sc_hd__buf_2)
                                                         y1[8] (net)
                      0.090843    0.000478    1.150597 v y1[8] (out)
                                              1.150597   data arrival time

                                 15.000000   15.000000   clock clk (rise edge)
                                  0.000000   15.000000   clock network delay (propagated)
                                 -0.250000   14.750000   clock uncertainty
                                  0.000000   14.750000   clock reconvergence pessimism
                                 -3.000000   11.750000   output external delay
                                             11.750000   data required time
---------------------------------------------------------------------------------------------
                                             11.750000   data required time
                                             -1.150597   data arrival time
---------------------------------------------------------------------------------------------
                                             10.599403   slack (MET)


Startpoint: _13680_ (rising edge-triggered flip-flop clocked by clk)
Endpoint: y2[12] (output port clocked by clk)
Path Group: clk
Path Type: max

Fanout         Cap        Slew       Delay        Time   Description
---------------------------------------------------------------------------------------------
                                  0.000000    0.000000   clock clk (rise edge)
                                  0.000000    0.000000   clock source latency
     1    0.046681    0.214570    0.152158    0.152158 ^ clk (in)
                                                         clk (net)
                      0.215027    0.000000    0.152158 ^ clkbuf_0_clk/A (sky130_fd_sc_hd__clkbuf_16)
     8    0.151713    0.163939    0.277306    0.429464 ^ clkbuf_0_clk/X (sky130_fd_sc_hd__clkbuf_16)
                                                         clknet_0_clk (net)
                      0.164263    0.005095    0.434559 ^ clkbuf_3_2__f_clk/A (sky130_fd_sc_hd__clkbuf_16)
    10    0.037474    0.058340    0.180399    0.614957 ^ clkbuf_3_2__f_clk/X (sky130_fd_sc_hd__clkbuf_16)
                                                         clknet_3_2__leaf_clk (net)
                      0.058605    0.002852    0.617809 ^ _13680_/CLK (sky130_fd_sc_hd__dfrtp_1)
     1    0.002267    0.036192    0.353388    0.971197 v _13680_/Q (sky130_fd_sc_hd__dfrtp_1)
                                                         net199 (net)
                      0.036192    0.000015    0.971211 v output199/A (sky130_fd_sc_hd__buf_2)
     1    0.035170    0.091449    0.178110    1.149321 v output199/X (sky130_fd_sc_hd__buf_2)
                                                         y2[12] (net)
                      0.091451    0.000513    1.149834 v y2[12] (out)
                                              1.149834   data arrival time

                                 15.000000   15.000000   clock clk (rise edge)
                                  0.000000   15.000000   clock network delay (propagated)
                                 -0.250000   14.750000   clock uncertainty
                                  0.000000   14.750000   clock reconvergence pessimism
                                 -3.000000   11.750000   output external delay
                                             11.750000   data required time
---------------------------------------------------------------------------------------------
                                             11.750000   data required time
                                             -1.149834   data arrival time
---------------------------------------------------------------------------------------------
                                             10.600166   slack (MET)


Startpoint: _13638_ (rising edge-triggered flip-flop clocked by clk)
Endpoint: y0[4] (output port clocked by clk)
Path Group: clk
Path Type: max

Fanout         Cap        Slew       Delay        Time   Description
---------------------------------------------------------------------------------------------
                                  0.000000    0.000000   clock clk (rise edge)
                                  0.000000    0.000000   clock source latency
     1    0.046681    0.214570    0.152158    0.152158 ^ clk (in)
                                                         clk (net)
                      0.215027    0.000000    0.152158 ^ clkbuf_0_clk/A (sky130_fd_sc_hd__clkbuf_16)
     8    0.151713    0.163939    0.277306    0.429464 ^ clkbuf_0_clk/X (sky130_fd_sc_hd__clkbuf_16)
                                                         clknet_0_clk (net)
                      0.164149    0.003729    0.433193 ^ clkbuf_3_6__f_clk/A (sky130_fd_sc_hd__clkbuf_16)
    10    0.030540    0.052499    0.175785    0.608978 ^ clkbuf_3_6__f_clk/X (sky130_fd_sc_hd__clkbuf_16)
                                                         clknet_3_6__leaf_clk (net)
                      0.052515    0.000771    0.609749 ^ _13638_/CLK (sky130_fd_sc_hd__dfrtp_1)
     1    0.003383    0.041896    0.359481    0.969230 v _13638_/Q (sky130_fd_sc_hd__dfrtp_1)
                                                         net173 (net)
                      0.041896    0.000050    0.969280 v output173/A (sky130_fd_sc_hd__buf_2)
     1    0.034156    0.089089    0.178917    1.148197 v output173/X (sky130_fd_sc_hd__buf_2)
                                                         y0[4] (net)
                      0.089089    0.000205    1.148402 v y0[4] (out)
                                              1.148402   data arrival time

                                 15.000000   15.000000   clock clk (rise edge)
                                  0.000000   15.000000   clock network delay (propagated)
                                 -0.250000   14.750000   clock uncertainty
                                  0.000000   14.750000   clock reconvergence pessimism
                                 -3.000000   11.750000   output external delay
                                             11.750000   data required time
---------------------------------------------------------------------------------------------
                                             11.750000   data required time
                                             -1.148402   data arrival time
---------------------------------------------------------------------------------------------
                                             10.601598   slack (MET)


Startpoint: _13671_ (rising edge-triggered flip-flop clocked by clk)
Endpoint: y2[3] (output port clocked by clk)
Path Group: clk
Path Type: max

Fanout         Cap        Slew       Delay        Time   Description
---------------------------------------------------------------------------------------------
                                  0.000000    0.000000   clock clk (rise edge)
                                  0.000000    0.000000   clock source latency
     1    0.046681    0.214570    0.152158    0.152158 ^ clk (in)
                                                         clk (net)
                      0.215027    0.000000    0.152158 ^ clkbuf_0_clk/A (sky130_fd_sc_hd__clkbuf_16)
     8    0.151713    0.163939    0.277306    0.429464 ^ clkbuf_0_clk/X (sky130_fd_sc_hd__clkbuf_16)
                                                         clknet_0_clk (net)
                      0.164263    0.005095    0.434559 ^ clkbuf_3_2__f_clk/A (sky130_fd_sc_hd__clkbuf_16)
    10    0.037474    0.058340    0.180399    0.614957 ^ clkbuf_3_2__f_clk/X (sky130_fd_sc_hd__clkbuf_16)
                                                         clknet_3_2__leaf_clk (net)
                      0.058447    0.001492    0.616449 ^ _13671_/CLK (sky130_fd_sc_hd__dfrtp_1)
     1    0.002439    0.037367    0.354612    0.971061 v _13671_/Q (sky130_fd_sc_hd__dfrtp_1)
                                                         net206 (net)
                      0.037367    0.000029    0.971090 v output206/A (sky130_fd_sc_hd__buf_2)
     1    0.034104    0.089009    0.176870    1.147960 v output206/X (sky130_fd_sc_hd__buf_2)
                                                         y2[3] (net)
                      0.089009    0.000203    1.148163 v y2[3] (out)
                                              1.148163   data arrival time

                                 15.000000   15.000000   clock clk (rise edge)
                                  0.000000   15.000000   clock network delay (propagated)
                                 -0.250000   14.750000   clock uncertainty
                                  0.000000   14.750000   clock reconvergence pessimism
                                 -3.000000   11.750000   output external delay
                                             11.750000   data required time
---------------------------------------------------------------------------------------------
                                             11.750000   data required time
                                             -1.148163   data arrival time
---------------------------------------------------------------------------------------------
                                             10.601838   slack (MET)


Startpoint: _13693_ (rising edge-triggered flip-flop clocked by clk)
Endpoint: y3[8] (output port clocked by clk)
Path Group: clk
Path Type: max

Fanout         Cap        Slew       Delay        Time   Description
---------------------------------------------------------------------------------------------
                                  0.000000    0.000000   clock clk (rise edge)
                                  0.000000    0.000000   clock source latency
     1    0.046681    0.214570    0.152158    0.152158 ^ clk (in)
                                                         clk (net)
                      0.215027    0.000000    0.152158 ^ clkbuf_0_clk/A (sky130_fd_sc_hd__clkbuf_16)
     8    0.151713    0.163939    0.277306    0.429464 ^ clkbuf_0_clk/X (sky130_fd_sc_hd__clkbuf_16)
                                                         clknet_0_clk (net)
                      0.164186    0.004226    0.433690 ^ clkbuf_3_3__f_clk/A (sky130_fd_sc_hd__clkbuf_16)
    10    0.032705    0.054341    0.177361    0.611051 ^ clkbuf_3_3__f_clk/X (sky130_fd_sc_hd__clkbuf_16)
                                                         clknet_3_3__leaf_clk (net)
                      0.054343    0.000503    0.611555 ^ _13693_/CLK (sky130_fd_sc_hd__dfrtp_1)
     1    0.003109    0.040818    0.358114    0.969669 v _13693_/Q (sky130_fd_sc_hd__dfrtp_1)
                                                         net228 (net)
                      0.040818    0.000033    0.969702 v output228/A (sky130_fd_sc_hd__buf_2)
     1    0.033943    0.088622    0.178084    1.147786 v output228/X (sky130_fd_sc_hd__buf_2)
                                                         y3[8] (net)
                      0.088622    0.000168    1.147954 v y3[8] (out)
                                              1.147954   data arrival time

                                 15.000000   15.000000   clock clk (rise edge)
                                  0.000000   15.000000   clock network delay (propagated)
                                 -0.250000   14.750000   clock uncertainty
                                  0.000000   14.750000   clock reconvergence pessimism
                                 -3.000000   11.750000   output external delay
                                             11.750000   data required time
---------------------------------------------------------------------------------------------
                                             11.750000   data required time
                                             -1.147954   data arrival time
---------------------------------------------------------------------------------------------
                                             10.602047   slack (MET)


Startpoint: _13642_ (rising edge-triggered flip-flop clocked by clk)
Endpoint: y0[8] (output port clocked by clk)
Path Group: clk
Path Type: max

Fanout         Cap        Slew       Delay        Time   Description
---------------------------------------------------------------------------------------------
                                  0.000000    0.000000   clock clk (rise edge)
                                  0.000000    0.000000   clock source latency
     1    0.046681    0.214570    0.152158    0.152158 ^ clk (in)
                                                         clk (net)
                      0.215027    0.000000    0.152158 ^ clkbuf_0_clk/A (sky130_fd_sc_hd__clkbuf_16)
     8    0.151713    0.163939    0.277306    0.429464 ^ clkbuf_0_clk/X (sky130_fd_sc_hd__clkbuf_16)
                                                         clknet_0_clk (net)
                      0.164149    0.003729    0.433193 ^ clkbuf_3_6__f_clk/A (sky130_fd_sc_hd__clkbuf_16)
    10    0.030540    0.052499    0.175785    0.608978 ^ clkbuf_3_6__f_clk/X (sky130_fd_sc_hd__clkbuf_16)
                                                         clknet_3_6__leaf_clk (net)
                      0.052513    0.000527    0.609506 ^ _13642_/CLK (sky130_fd_sc_hd__dfrtp_1)
     1    0.003375    0.041849    0.359421    0.968927 v _13642_/Q (sky130_fd_sc_hd__dfrtp_1)
                                                         net177 (net)
                      0.041849    0.000037    0.968964 v output177/A (sky130_fd_sc_hd__buf_2)
     1    0.034042    0.088836    0.178700    1.147664 v output177/X (sky130_fd_sc_hd__buf_2)
                                                         y0[8] (net)
                      0.088836    0.000185    1.147849 v y0[8] (out)
                                              1.147849   data arrival time

                                 15.000000   15.000000   clock clk (rise edge)
                                  0.000000   15.000000   clock network delay (propagated)
                                 -0.250000   14.750000   clock uncertainty
                                  0.000000   14.750000   clock reconvergence pessimism
                                 -3.000000   11.750000   output external delay
                                             11.750000   data required time
---------------------------------------------------------------------------------------------
                                             11.750000   data required time
                                             -1.147849   data arrival time
---------------------------------------------------------------------------------------------
                                             10.602152   slack (MET)


Startpoint: _13677_ (rising edge-triggered flip-flop clocked by clk)
Endpoint: y2[9] (output port clocked by clk)
Path Group: clk
Path Type: max

Fanout         Cap        Slew       Delay        Time   Description
---------------------------------------------------------------------------------------------
                                  0.000000    0.000000   clock clk (rise edge)
                                  0.000000    0.000000   clock source latency
     1    0.046681    0.214570    0.152158    0.152158 ^ clk (in)
                                                         clk (net)
                      0.215027    0.000000    0.152158 ^ clkbuf_0_clk/A (sky130_fd_sc_hd__clkbuf_16)
     8    0.151713    0.163939    0.277306    0.429464 ^ clkbuf_0_clk/X (sky130_fd_sc_hd__clkbuf_16)
                                                         clknet_0_clk (net)
                      0.164263    0.005095    0.434559 ^ clkbuf_3_2__f_clk/A (sky130_fd_sc_hd__clkbuf_16)
    10    0.037474    0.058340    0.180399    0.614957 ^ clkbuf_3_2__f_clk/X (sky130_fd_sc_hd__clkbuf_16)
                                                         clknet_3_2__leaf_clk (net)
                      0.058597    0.002794    0.617751 ^ _13677_/CLK (sky130_fd_sc_hd__dfrtp_1)
     1    0.002201    0.035928    0.352893    0.970644 v _13677_/Q (sky130_fd_sc_hd__dfrtp_1)
                                                         net212 (net)
                      0.035928    0.000021    0.970665 v output212/A (sky130_fd_sc_hd__buf_2)
     1    0.034319    0.089552    0.176528    1.147193 v output212/X (sky130_fd_sc_hd__buf_2)
                                                         y2[9] (net)
                      0.089552    0.000357    1.147550 v y2[9] (out)
                                              1.147550   data arrival time

                                 15.000000   15.000000   clock clk (rise edge)
                                  0.000000   15.000000   clock network delay (propagated)
                                 -0.250000   14.750000   clock uncertainty
                                  0.000000   14.750000   clock reconvergence pessimism
                                 -3.000000   11.750000   output external delay
                                             11.750000   data required time
---------------------------------------------------------------------------------------------
                                             11.750000   data required time
                                             -1.147550   data arrival time
---------------------------------------------------------------------------------------------
                                             10.602450   slack (MET)


Startpoint: _13686_ (rising edge-triggered flip-flop clocked by clk)
Endpoint: y3[1] (output port clocked by clk)
Path Group: clk
Path Type: max

Fanout         Cap        Slew       Delay        Time   Description
---------------------------------------------------------------------------------------------
                                  0.000000    0.000000   clock clk (rise edge)
                                  0.000000    0.000000   clock source latency
     1    0.046681    0.214570    0.152158    0.152158 ^ clk (in)
                                                         clk (net)
                      0.215027    0.000000    0.152158 ^ clkbuf_0_clk/A (sky130_fd_sc_hd__clkbuf_16)
     8    0.151713    0.163939    0.277306    0.429464 ^ clkbuf_0_clk/X (sky130_fd_sc_hd__clkbuf_16)
                                                         clknet_0_clk (net)
                      0.164186    0.004226    0.433690 ^ clkbuf_3_3__f_clk/A (sky130_fd_sc_hd__clkbuf_16)
    10    0.032705    0.054341    0.177361    0.611051 ^ clkbuf_3_3__f_clk/X (sky130_fd_sc_hd__clkbuf_16)
                                                         clknet_3_3__leaf_clk (net)
                      0.054349    0.001139    0.612191 ^ _13686_/CLK (sky130_fd_sc_hd__dfrtp_1)
     1    0.002882    0.039621    0.356412    0.968602 v _13686_/Q (sky130_fd_sc_hd__dfrtp_1)
                                                         net221 (net)
                      0.039621    0.000038    0.968640 v output221/A (sky130_fd_sc_hd__buf_2)
     1    0.033955    0.088656    0.177591    1.146230 v output221/X (sky130_fd_sc_hd__buf_2)
                                                         y3[1] (net)
                      0.088656    0.000168    1.146398 v y3[1] (out)
                                              1.146398   data arrival time

                                 15.000000   15.000000   clock clk (rise edge)
                                  0.000000   15.000000   clock network delay (propagated)
                                 -0.250000   14.750000   clock uncertainty
                                  0.000000   14.750000   clock reconvergence pessimism
                                 -3.000000   11.750000   output external delay
                                             11.750000   data required time
---------------------------------------------------------------------------------------------
                                             11.750000   data required time
                                             -1.146398   data arrival time
---------------------------------------------------------------------------------------------
                                             10.603601   slack (MET)


Startpoint: _13637_ (rising edge-triggered flip-flop clocked by clk)
Endpoint: y0[3] (output port clocked by clk)
Path Group: clk
Path Type: max

Fanout         Cap        Slew       Delay        Time   Description
---------------------------------------------------------------------------------------------
                                  0.000000    0.000000   clock clk (rise edge)
                                  0.000000    0.000000   clock source latency
     1    0.046681    0.214570    0.152158    0.152158 ^ clk (in)
                                                         clk (net)
                      0.215027    0.000000    0.152158 ^ clkbuf_0_clk/A (sky130_fd_sc_hd__clkbuf_16)
     8    0.151713    0.163939    0.277306    0.429464 ^ clkbuf_0_clk/X (sky130_fd_sc_hd__clkbuf_16)
                                                         clknet_0_clk (net)
                      0.164149    0.003729    0.433193 ^ clkbuf_3_6__f_clk/A (sky130_fd_sc_hd__clkbuf_16)
    10    0.030540    0.052499    0.175785    0.608978 ^ clkbuf_3_6__f_clk/X (sky130_fd_sc_hd__clkbuf_16)
                                                         clknet_3_6__leaf_clk (net)
                      0.052515    0.000812    0.609791 ^ _13637_/CLK (sky130_fd_sc_hd__dfrtp_1)
     1    0.003139    0.040984    0.357658    0.967448 v _13637_/Q (sky130_fd_sc_hd__dfrtp_1)
                                                         net172 (net)
                      0.040984    0.000046    0.967494 v output172/A (sky130_fd_sc_hd__buf_2)
     1    0.034060    0.088878    0.178366    1.145860 v output172/X (sky130_fd_sc_hd__buf_2)
                                                         y0[3] (net)
                      0.088878    0.000179    1.146039 v y0[3] (out)
                                              1.146039   data arrival time

                                 15.000000   15.000000   clock clk (rise edge)
                                  0.000000   15.000000   clock network delay (propagated)
                                 -0.250000   14.750000   clock uncertainty
                                  0.000000   14.750000   clock reconvergence pessimism
                                 -3.000000   11.750000   output external delay
                                             11.750000   data required time
---------------------------------------------------------------------------------------------
                                             11.750000   data required time
                                             -1.146039   data arrival time
---------------------------------------------------------------------------------------------
                                             10.603962   slack (MET)


Startpoint: _13670_ (rising edge-triggered flip-flop clocked by clk)
Endpoint: y2[2] (output port clocked by clk)
Path Group: clk
Path Type: max

Fanout         Cap        Slew       Delay        Time   Description
---------------------------------------------------------------------------------------------
                                  0.000000    0.000000   clock clk (rise edge)
                                  0.000000    0.000000   clock source latency
     1    0.046681    0.214570    0.152158    0.152158 ^ clk (in)
                                                         clk (net)
                      0.215027    0.000000    0.152158 ^ clkbuf_0_clk/A (sky130_fd_sc_hd__clkbuf_16)
     8    0.151713    0.163939    0.277306    0.429464 ^ clkbuf_0_clk/X (sky130_fd_sc_hd__clkbuf_16)
                                                         clknet_0_clk (net)
                      0.164263    0.005095    0.434559 ^ clkbuf_3_2__f_clk/A (sky130_fd_sc_hd__clkbuf_16)
    10    0.037474    0.058340    0.180399    0.614957 ^ clkbuf_3_2__f_clk/X (sky130_fd_sc_hd__clkbuf_16)
                                                         clknet_3_2__leaf_clk (net)
                      0.058449    0.001512    0.616469 ^ _13670_/CLK (sky130_fd_sc_hd__dfrtp_1)
     1    0.002147    0.035714    0.352428    0.968897 v _13670_/Q (sky130_fd_sc_hd__dfrtp_1)
                                                         net205 (net)
                      0.035714    0.000021    0.968919 v output205/A (sky130_fd_sc_hd__buf_2)
     1    0.034059    0.088916    0.176085    1.145004 v output205/X (sky130_fd_sc_hd__buf_2)
                                                         y2[2] (net)
                      0.088916    0.000187    1.145191 v y2[2] (out)
                                              1.145191   data arrival time

                                 15.000000   15.000000   clock clk (rise edge)
                                  0.000000   15.000000   clock network delay (propagated)
                                 -0.250000   14.750000   clock uncertainty
                                  0.000000   14.750000   clock reconvergence pessimism
                                 -3.000000   11.750000   output external delay
                                             11.750000   data required time
---------------------------------------------------------------------------------------------
                                             11.750000   data required time
                                             -1.145191   data arrival time
---------------------------------------------------------------------------------------------
                                             10.604809   slack (MET)


Startpoint: _13687_ (rising edge-triggered flip-flop clocked by clk)
Endpoint: y3[2] (output port clocked by clk)
Path Group: clk
Path Type: max

Fanout         Cap        Slew       Delay        Time   Description
---------------------------------------------------------------------------------------------
                                  0.000000    0.000000   clock clk (rise edge)
                                  0.000000    0.000000   clock source latency
     1    0.046681    0.214570    0.152158    0.152158 ^ clk (in)
                                                         clk (net)
                      0.215027    0.000000    0.152158 ^ clkbuf_0_clk/A (sky130_fd_sc_hd__clkbuf_16)
     8    0.151713    0.163939    0.277306    0.429464 ^ clkbuf_0_clk/X (sky130_fd_sc_hd__clkbuf_16)
                                                         clknet_0_clk (net)
                      0.164186    0.004226    0.433690 ^ clkbuf_3_3__f_clk/A (sky130_fd_sc_hd__clkbuf_16)
    10    0.032705    0.054341    0.177361    0.611051 ^ clkbuf_3_3__f_clk/X (sky130_fd_sc_hd__clkbuf_16)
                                                         clknet_3_3__leaf_clk (net)
                      0.054349    0.001133    0.612185 ^ _13687_/CLK (sky130_fd_sc_hd__dfrtp_1)
     1    0.002723    0.038802    0.355227    0.967412 v _13687_/Q (sky130_fd_sc_hd__dfrtp_1)
                                                         net222 (net)
                      0.038802    0.000034    0.967446 v output222/A (sky130_fd_sc_hd__buf_2)
     1    0.034020    0.088811    0.177346    1.144792 v output222/X (sky130_fd_sc_hd__buf_2)
                                                         y3[2] (net)
                      0.088811    0.000185    1.144977 v y3[2] (out)
                                              1.144977   data arrival time

                                 15.000000   15.000000   clock clk (rise edge)
                                  0.000000   15.000000   clock network delay (propagated)
                                 -0.250000   14.750000   clock uncertainty
                                  0.000000   14.750000   clock reconvergence pessimism
                                 -3.000000   11.750000   output external delay
                                             11.750000   data required time
---------------------------------------------------------------------------------------------
                                             11.750000   data required time
                                             -1.144977   data arrival time
---------------------------------------------------------------------------------------------
                                             10.605023   slack (MET)


Startpoint: _13689_ (rising edge-triggered flip-flop clocked by clk)
Endpoint: y3[4] (output port clocked by clk)
Path Group: clk
Path Type: max

Fanout         Cap        Slew       Delay        Time   Description
---------------------------------------------------------------------------------------------
                                  0.000000    0.000000   clock clk (rise edge)
                                  0.000000    0.000000   clock source latency
     1    0.046681    0.214570    0.152158    0.152158 ^ clk (in)
                                                         clk (net)
                      0.215027    0.000000    0.152158 ^ clkbuf_0_clk/A (sky130_fd_sc_hd__clkbuf_16)
     8    0.151713    0.163939    0.277306    0.429464 ^ clkbuf_0_clk/X (sky130_fd_sc_hd__clkbuf_16)
                                                         clknet_0_clk (net)
                      0.164186    0.004226    0.433690 ^ clkbuf_3_3__f_clk/A (sky130_fd_sc_hd__clkbuf_16)
    10    0.032705    0.054341    0.177361    0.611051 ^ clkbuf_3_3__f_clk/X (sky130_fd_sc_hd__clkbuf_16)
                                                         clknet_3_3__leaf_clk (net)
                      0.054347    0.000972    0.612023 ^ _13689_/CLK (sky130_fd_sc_hd__dfrtp_1)
     1    0.002512    0.037723    0.353648    0.965671 v _13689_/Q (sky130_fd_sc_hd__dfrtp_1)
                                                         net224 (net)
                      0.037723    0.000029    0.965700 v output224/A (sky130_fd_sc_hd__buf_2)
     1    0.034004    0.088784    0.176851    1.142551 v output224/X (sky130_fd_sc_hd__buf_2)
                                                         y3[4] (net)
                      0.088784    0.000185    1.142736 v y3[4] (out)
                                              1.142736   data arrival time

                                 15.000000   15.000000   clock clk (rise edge)
                                  0.000000   15.000000   clock network delay (propagated)
                                 -0.250000   14.750000   clock uncertainty
                                  0.000000   14.750000   clock reconvergence pessimism
                                 -3.000000   11.750000   output external delay
                                             11.750000   data required time
---------------------------------------------------------------------------------------------
                                             11.750000   data required time
                                             -1.142736   data arrival time
---------------------------------------------------------------------------------------------
                                             10.607265   slack (MET)


Startpoint: _13639_ (rising edge-triggered flip-flop clocked by clk)
Endpoint: y0[5] (output port clocked by clk)
Path Group: clk
Path Type: max

Fanout         Cap        Slew       Delay        Time   Description
---------------------------------------------------------------------------------------------
                                  0.000000    0.000000   clock clk (rise edge)
                                  0.000000    0.000000   clock source latency
     1    0.046681    0.214570    0.152158    0.152158 ^ clk (in)
                                                         clk (net)
                      0.215027    0.000000    0.152158 ^ clkbuf_0_clk/A (sky130_fd_sc_hd__clkbuf_16)
     8    0.151713    0.163939    0.277306    0.429464 ^ clkbuf_0_clk/X (sky130_fd_sc_hd__clkbuf_16)
                                                         clknet_0_clk (net)
                      0.164149    0.003729    0.433193 ^ clkbuf_3_6__f_clk/A (sky130_fd_sc_hd__clkbuf_16)
    10    0.030540    0.052499    0.175785    0.608978 ^ clkbuf_3_6__f_clk/X (sky130_fd_sc_hd__clkbuf_16)
                                                         clknet_3_6__leaf_clk (net)
                      0.052514    0.000718    0.609697 ^ _13639_/CLK (sky130_fd_sc_hd__dfrtp_1)
     1    0.002559    0.037958    0.353319    0.963016 v _13639_/Q (sky130_fd_sc_hd__dfrtp_1)
                                                         net174 (net)
                      0.037958    0.000030    0.963045 v output174/A (sky130_fd_sc_hd__buf_2)
     1    0.034175    0.089165    0.177243    1.140288 v output174/X (sky130_fd_sc_hd__buf_2)
                                                         y0[5] (net)
                      0.089165    0.000220    1.140509 v y0[5] (out)
                                              1.140509   data arrival time

                                 15.000000   15.000000   clock clk (rise edge)
                                  0.000000   15.000000   clock network delay (propagated)
                                 -0.250000   14.750000   clock uncertainty
                                  0.000000   14.750000   clock reconvergence pessimism
                                 -3.000000   11.750000   output external delay
                                             11.750000   data required time
---------------------------------------------------------------------------------------------
                                             11.750000   data required time
                                             -1.140509   data arrival time
---------------------------------------------------------------------------------------------
                                             10.609492   slack (MET)


Startpoint: _13690_ (rising edge-triggered flip-flop clocked by clk)
Endpoint: y3[5] (output port clocked by clk)
Path Group: clk
Path Type: max

Fanout         Cap        Slew       Delay        Time   Description
---------------------------------------------------------------------------------------------
                                  0.000000    0.000000   clock clk (rise edge)
                                  0.000000    0.000000   clock source latency
     1    0.046681    0.214570    0.152158    0.152158 ^ clk (in)
                                                         clk (net)
                      0.215027    0.000000    0.152158 ^ clkbuf_0_clk/A (sky130_fd_sc_hd__clkbuf_16)
     8    0.151713    0.163939    0.277306    0.429464 ^ clkbuf_0_clk/X (sky130_fd_sc_hd__clkbuf_16)
                                                         clknet_0_clk (net)
                      0.164186    0.004226    0.433690 ^ clkbuf_3_3__f_clk/A (sky130_fd_sc_hd__clkbuf_16)
    10    0.032705    0.054341    0.177361    0.611051 ^ clkbuf_3_3__f_clk/X (sky130_fd_sc_hd__clkbuf_16)
                                                         clknet_3_3__leaf_clk (net)
                      0.054345    0.000832    0.611884 ^ _13690_/CLK (sky130_fd_sc_hd__dfrtp_1)
     1    0.002318    0.036402    0.352194    0.964078 v _13690_/Q (sky130_fd_sc_hd__dfrtp_1)
                                                         net225 (net)
                      0.036402    0.000024    0.964102 v output225/A (sky130_fd_sc_hd__buf_2)
     1    0.033960    0.088691    0.176214    1.140316 v output225/X (sky130_fd_sc_hd__buf_2)
                                                         y3[5] (net)
                      0.088691    0.000168    1.140483 v y3[5] (out)
                                              1.140483   data arrival time

                                 15.000000   15.000000   clock clk (rise edge)
                                  0.000000   15.000000   clock network delay (propagated)
                                 -0.250000   14.750000   clock uncertainty
                                  0.000000   14.750000   clock reconvergence pessimism
                                 -3.000000   11.750000   output external delay
                                             11.750000   data required time
---------------------------------------------------------------------------------------------
                                             11.750000   data required time
                                             -1.140483   data arrival time
---------------------------------------------------------------------------------------------
                                             10.609517   slack (MET)


Startpoint: _13688_ (rising edge-triggered flip-flop clocked by clk)
Endpoint: y3[3] (output port clocked by clk)
Path Group: clk
Path Type: max

Fanout         Cap        Slew       Delay        Time   Description
---------------------------------------------------------------------------------------------
                                  0.000000    0.000000   clock clk (rise edge)
                                  0.000000    0.000000   clock source latency
     1    0.046681    0.214570    0.152158    0.152158 ^ clk (in)
                                                         clk (net)
                      0.215027    0.000000    0.152158 ^ clkbuf_0_clk/A (sky130_fd_sc_hd__clkbuf_16)
     8    0.151713    0.163939    0.277306    0.429464 ^ clkbuf_0_clk/X (sky130_fd_sc_hd__clkbuf_16)
                                                         clknet_0_clk (net)
                      0.164186    0.004226    0.433690 ^ clkbuf_3_3__f_clk/A (sky130_fd_sc_hd__clkbuf_16)
    10    0.032705    0.054341    0.177361    0.611051 ^ clkbuf_3_3__f_clk/X (sky130_fd_sc_hd__clkbuf_16)
                                                         clknet_3_3__leaf_clk (net)
                      0.054347    0.001035    0.612086 ^ _13688_/CLK (sky130_fd_sc_hd__dfrtp_1)
     1    0.002294    0.036304    0.352019    0.964105 v _13688_/Q (sky130_fd_sc_hd__dfrtp_1)
                                                         net223 (net)
                      0.036304    0.000024    0.964129 v output223/A (sky130_fd_sc_hd__buf_2)
     1    0.033960    0.088691    0.176172    1.140300 v output223/X (sky130_fd_sc_hd__buf_2)
                                                         y3[3] (net)
                      0.088691    0.000168    1.140468 v y3[3] (out)
                                              1.140468   data arrival time

                                 15.000000   15.000000   clock clk (rise edge)
                                  0.000000   15.000000   clock network delay (propagated)
                                 -0.250000   14.750000   clock uncertainty
                                  0.000000   14.750000   clock reconvergence pessimism
                                 -3.000000   11.750000   output external delay
                                             11.750000   data required time
---------------------------------------------------------------------------------------------
                                             11.750000   data required time
                                             -1.140468   data arrival time
---------------------------------------------------------------------------------------------
                                             10.609532   slack (MET)


Startpoint: _13691_ (rising edge-triggered flip-flop clocked by clk)
Endpoint: y3[6] (output port clocked by clk)
Path Group: clk
Path Type: max

Fanout         Cap        Slew       Delay        Time   Description
---------------------------------------------------------------------------------------------
                                  0.000000    0.000000   clock clk (rise edge)
                                  0.000000    0.000000   clock source latency
     1    0.046681    0.214570    0.152158    0.152158 ^ clk (in)
                                                         clk (net)
                      0.215027    0.000000    0.152158 ^ clkbuf_0_clk/A (sky130_fd_sc_hd__clkbuf_16)
     8    0.151713    0.163939    0.277306    0.429464 ^ clkbuf_0_clk/X (sky130_fd_sc_hd__clkbuf_16)
                                                         clknet_0_clk (net)
                      0.164186    0.004226    0.433690 ^ clkbuf_3_3__f_clk/A (sky130_fd_sc_hd__clkbuf_16)
    10    0.032705    0.054341    0.177361    0.611051 ^ clkbuf_3_3__f_clk/X (sky130_fd_sc_hd__clkbuf_16)
                                                         clknet_3_3__leaf_clk (net)
                      0.054343    0.000621    0.611672 ^ _13691_/CLK (sky130_fd_sc_hd__dfrtp_1)
     1    0.002177    0.035830    0.351138    0.962810 v _13691_/Q (sky130_fd_sc_hd__dfrtp_1)
                                                         net226 (net)
                      0.035830    0.000022    0.962831 v output226/A (sky130_fd_sc_hd__buf_2)
     1    0.033984    0.088751    0.176006    1.138837 v output226/X (sky130_fd_sc_hd__buf_2)
                                                         y3[6] (net)
                      0.088751    0.000177    1.139014 v y3[6] (out)
                                              1.139014   data arrival time

                                 15.000000   15.000000   clock clk (rise edge)
                                  0.000000   15.000000   clock network delay (propagated)
                                 -0.250000   14.750000   clock uncertainty
                                  0.000000   14.750000   clock reconvergence pessimism
                                 -3.000000   11.750000   output external delay
                                             11.750000   data required time
---------------------------------------------------------------------------------------------
                                             11.750000   data required time
                                             -1.139014   data arrival time
---------------------------------------------------------------------------------------------
                                             10.610987   slack (MET)


Startpoint: _13634_ (rising edge-triggered flip-flop clocked by clk)
Endpoint: y0[0] (output port clocked by clk)
Path Group: clk
Path Type: max

Fanout         Cap        Slew       Delay        Time   Description
---------------------------------------------------------------------------------------------
                                  0.000000    0.000000   clock clk (rise edge)
                                  0.000000    0.000000   clock source latency
     1    0.046681    0.214570    0.152158    0.152158 ^ clk (in)
                                                         clk (net)
                      0.215027    0.000000    0.152158 ^ clkbuf_0_clk/A (sky130_fd_sc_hd__clkbuf_16)
     8    0.151713    0.163939    0.277306    0.429464 ^ clkbuf_0_clk/X (sky130_fd_sc_hd__clkbuf_16)
                                                         clknet_0_clk (net)
                      0.164149    0.003729    0.433193 ^ clkbuf_3_6__f_clk/A (sky130_fd_sc_hd__clkbuf_16)
    10    0.030540    0.052499    0.175785    0.608978 ^ clkbuf_3_6__f_clk/X (sky130_fd_sc_hd__clkbuf_16)
                                                         clknet_3_6__leaf_clk (net)
                      0.052515    0.000844    0.609823 ^ _13634_/CLK (sky130_fd_sc_hd__dfrtp_1)
     1    0.002280    0.036242    0.351234    0.961056 v _13634_/Q (sky130_fd_sc_hd__dfrtp_1)
                                                         net162 (net)
                      0.036242    0.000015    0.961071 v output162/A (sky130_fd_sc_hd__buf_2)
     1    0.034083    0.088955    0.176372    1.137444 v output162/X (sky130_fd_sc_hd__buf_2)
                                                         y0[0] (net)
                      0.088955    0.000170    1.137614 v y0[0] (out)
                                              1.137614   data arrival time

                                 15.000000   15.000000   clock clk (rise edge)
                                  0.000000   15.000000   clock network delay (propagated)
                                 -0.250000   14.750000   clock uncertainty
                                  0.000000   14.750000   clock reconvergence pessimism
                                 -3.000000   11.750000   output external delay
                                             11.750000   data required time
---------------------------------------------------------------------------------------------
                                             11.750000   data required time
                                             -1.137614   data arrival time
---------------------------------------------------------------------------------------------
                                             10.612387   slack (MET)


Startpoint: _13641_ (rising edge-triggered flip-flop clocked by clk)
Endpoint: y0[7] (output port clocked by clk)
Path Group: clk
Path Type: max

Fanout         Cap        Slew       Delay        Time   Description
---------------------------------------------------------------------------------------------
                                  0.000000    0.000000   clock clk (rise edge)
                                  0.000000    0.000000   clock source latency
     1    0.046681    0.214570    0.152158    0.152158 ^ clk (in)
                                                         clk (net)
                      0.215027    0.000000    0.152158 ^ clkbuf_0_clk/A (sky130_fd_sc_hd__clkbuf_16)
     8    0.151713    0.163939    0.277306    0.429464 ^ clkbuf_0_clk/X (sky130_fd_sc_hd__clkbuf_16)
                                                         clknet_0_clk (net)
                      0.164149    0.003729    0.433193 ^ clkbuf_3_6__f_clk/A (sky130_fd_sc_hd__clkbuf_16)
    10    0.030540    0.052499    0.175785    0.608978 ^ clkbuf_3_6__f_clk/X (sky130_fd_sc_hd__clkbuf_16)
                                                         clknet_3_6__leaf_clk (net)
                      0.052513    0.000584    0.609563 ^ _13641_/CLK (sky130_fd_sc_hd__dfrtp_1)
     1    0.002242    0.036090    0.350954    0.960517 v _13641_/Q (sky130_fd_sc_hd__dfrtp_1)
                                                         net176 (net)
                      0.036090    0.000015    0.960531 v output176/A (sky130_fd_sc_hd__buf_2)
     1    0.034100    0.088994    0.176339    1.136871 v output176/X (sky130_fd_sc_hd__buf_2)
                                                         y0[7] (net)
                      0.088994    0.000170    1.137041 v y0[7] (out)
                                              1.137041   data arrival time

                                 15.000000   15.000000   clock clk (rise edge)
                                  0.000000   15.000000   clock network delay (propagated)
                                 -0.250000   14.750000   clock uncertainty
                                  0.000000   14.750000   clock reconvergence pessimism
                                 -3.000000   11.750000   output external delay
                                             11.750000   data required time
---------------------------------------------------------------------------------------------
                                             11.750000   data required time
                                             -1.137041   data arrival time
---------------------------------------------------------------------------------------------
                                             10.612960   slack (MET)


Startpoint: _13636_ (rising edge-triggered flip-flop clocked by clk)
Endpoint: y0[2] (output port clocked by clk)
Path Group: clk
Path Type: max

Fanout         Cap        Slew       Delay        Time   Description
---------------------------------------------------------------------------------------------
                                  0.000000    0.000000   clock clk (rise edge)
                                  0.000000    0.000000   clock source latency
     1    0.046681    0.214570    0.152158    0.152158 ^ clk (in)
                                                         clk (net)
                      0.215027    0.000000    0.152158 ^ clkbuf_0_clk/A (sky130_fd_sc_hd__clkbuf_16)
     8    0.151713    0.163939    0.277306    0.429464 ^ clkbuf_0_clk/X (sky130_fd_sc_hd__clkbuf_16)
                                                         clknet_0_clk (net)
                      0.164149    0.003729    0.433193 ^ clkbuf_3_6__f_clk/A (sky130_fd_sc_hd__clkbuf_16)
    10    0.030540    0.052499    0.175785    0.608978 ^ clkbuf_3_6__f_clk/X (sky130_fd_sc_hd__clkbuf_16)
                                                         clknet_3_6__leaf_clk (net)
                      0.052516    0.000891    0.609870 ^ _13636_/CLK (sky130_fd_sc_hd__dfrtp_1)
     1    0.002108    0.035559    0.349944    0.959814 v _13636_/Q (sky130_fd_sc_hd__dfrtp_1)
                                                         net171 (net)
                      0.035559    0.000019    0.959833 v output171/A (sky130_fd_sc_hd__buf_2)
     1    0.034544    0.089987    0.176876    1.136709 v output171/X (sky130_fd_sc_hd__buf_2)
                                                         y0[2] (net)
                      0.089987    0.000250    1.136959 v y0[2] (out)
                                              1.136959   data arrival time

                                 15.000000   15.000000   clock clk (rise edge)
                                  0.000000   15.000000   clock network delay (propagated)
                                 -0.250000   14.750000   clock uncertainty
                                  0.000000   14.750000   clock reconvergence pessimism
                                 -3.000000   11.750000   output external delay
                                             11.750000   data required time
---------------------------------------------------------------------------------------------
                                             11.750000   data required time
                                             -1.136959   data arrival time
---------------------------------------------------------------------------------------------
                                             10.613042   slack (MET)


Startpoint: _13646_ (rising edge-triggered flip-flop clocked by clk)
Endpoint: y0[12] (output port clocked by clk)
Path Group: clk
Path Type: max

Fanout         Cap        Slew       Delay        Time   Description
---------------------------------------------------------------------------------------------
                                  0.000000    0.000000   clock clk (rise edge)
                                  0.000000    0.000000   clock source latency
     1    0.046681    0.214570    0.152158    0.152158 ^ clk (in)
                                                         clk (net)
                      0.215027    0.000000    0.152158 ^ clkbuf_0_clk/A (sky130_fd_sc_hd__clkbuf_16)
     8    0.151713    0.163939    0.277306    0.429464 ^ clkbuf_0_clk/X (sky130_fd_sc_hd__clkbuf_16)
                                                         clknet_0_clk (net)
                      0.164149    0.003729    0.433193 ^ clkbuf_3_6__f_clk/A (sky130_fd_sc_hd__clkbuf_16)
    10    0.030540    0.052499    0.175785    0.608978 ^ clkbuf_3_6__f_clk/X (sky130_fd_sc_hd__clkbuf_16)
                                                         clknet_3_6__leaf_clk (net)
                      0.052513    0.000526    0.609505 ^ _13646_/CLK (sky130_fd_sc_hd__dfrtp_1)
     1    0.002166    0.035787    0.350382    0.959887 v _13646_/Q (sky130_fd_sc_hd__dfrtp_1)
                                                         net165 (net)
                      0.035787    0.000021    0.959908 v output165/A (sky130_fd_sc_hd__buf_2)
     1    0.034146    0.089107    0.176273    1.136181 v output165/X (sky130_fd_sc_hd__buf_2)
                                                         y0[12] (net)
                      0.089107    0.000196    1.136377 v y0[12] (out)
                                              1.136377   data arrival time

                                 15.000000   15.000000   clock clk (rise edge)
                                  0.000000   15.000000   clock network delay (propagated)
                                 -0.250000   14.750000   clock uncertainty
                                  0.000000   14.750000   clock reconvergence pessimism
                                 -3.000000   11.750000   output external delay
                                             11.750000   data required time
---------------------------------------------------------------------------------------------
                                             11.750000   data required time
                                             -1.136377   data arrival time
---------------------------------------------------------------------------------------------
                                             10.613624   slack (MET)


Startpoint: _13697_ (rising edge-triggered flip-flop clocked by clk)
Endpoint: y3[12] (output port clocked by clk)
Path Group: clk
Path Type: max

Fanout         Cap        Slew       Delay        Time   Description
---------------------------------------------------------------------------------------------
                                  0.000000    0.000000   clock clk (rise edge)
                                  0.000000    0.000000   clock source latency
     1    0.046681    0.214570    0.152158    0.152158 ^ clk (in)
                                                         clk (net)
                      0.215027    0.000000    0.152158 ^ clkbuf_0_clk/A (sky130_fd_sc_hd__clkbuf_16)
     8    0.151713    0.163939    0.277306    0.429464 ^ clkbuf_0_clk/X (sky130_fd_sc_hd__clkbuf_16)
                                                         clknet_0_clk (net)
                      0.164186    0.004226    0.433690 ^ clkbuf_3_3__f_clk/A (sky130_fd_sc_hd__clkbuf_16)
    10    0.032705    0.054341    0.177361    0.611051 ^ clkbuf_3_3__f_clk/X (sky130_fd_sc_hd__clkbuf_16)
                                                         clknet_3_3__leaf_clk (net)
                      0.054343    0.000571    0.611622 ^ _13697_/CLK (sky130_fd_sc_hd__dfrtp_1)
     1    0.001833    0.034587    0.348566    0.960189 v _13697_/Q (sky130_fd_sc_hd__dfrtp_1)
                                                         net216 (net)
                      0.034587    0.000015    0.960204 v output216/A (sky130_fd_sc_hd__buf_2)
     1    0.034030    0.088859    0.175554    1.135758 v output216/X (sky130_fd_sc_hd__buf_2)
                                                         y3[12] (net)
                      0.088859    0.000178    1.135936 v y3[12] (out)
                                              1.135936   data arrival time

                                 15.000000   15.000000   clock clk (rise edge)
                                  0.000000   15.000000   clock network delay (propagated)
                                 -0.250000   14.750000   clock uncertainty
                                  0.000000   14.750000   clock reconvergence pessimism
                                 -3.000000   11.750000   output external delay
                                             11.750000   data required time
---------------------------------------------------------------------------------------------
                                             11.750000   data required time
                                             -1.135936   data arrival time
---------------------------------------------------------------------------------------------
                                             10.614063   slack (MET)


Startpoint: _13635_ (rising edge-triggered flip-flop clocked by clk)
Endpoint: y0[1] (output port clocked by clk)
Path Group: clk
Path Type: max

Fanout         Cap        Slew       Delay        Time   Description
---------------------------------------------------------------------------------------------
                                  0.000000    0.000000   clock clk (rise edge)
                                  0.000000    0.000000   clock source latency
     1    0.046681    0.214570    0.152158    0.152158 ^ clk (in)
                                                         clk (net)
                      0.215027    0.000000    0.152158 ^ clkbuf_0_clk/A (sky130_fd_sc_hd__clkbuf_16)
     8    0.151713    0.163939    0.277306    0.429464 ^ clkbuf_0_clk/X (sky130_fd_sc_hd__clkbuf_16)
                                                         clknet_0_clk (net)
                      0.164149    0.003729    0.433193 ^ clkbuf_3_6__f_clk/A (sky130_fd_sc_hd__clkbuf_16)
    10    0.030540    0.052499    0.175785    0.608978 ^ clkbuf_3_6__f_clk/X (sky130_fd_sc_hd__clkbuf_16)
                                                         clknet_3_6__leaf_clk (net)
                      0.052516    0.000900    0.609878 ^ _13635_/CLK (sky130_fd_sc_hd__dfrtp_1)
     1    0.002004    0.035173    0.349166    0.959045 v _13635_/Q (sky130_fd_sc_hd__dfrtp_1)
                                                         net170 (net)
                      0.035173    0.000018    0.959062 v output170/A (sky130_fd_sc_hd__buf_2)
     1    0.033937    0.088649    0.175640    1.134702 v output170/X (sky130_fd_sc_hd__buf_2)
                                                         y0[1] (net)
                      0.088649    0.000168    1.134870 v y0[1] (out)
                                              1.134870   data arrival time

                                 15.000000   15.000000   clock clk (rise edge)
                                  0.000000   15.000000   clock network delay (propagated)
                                 -0.250000   14.750000   clock uncertainty
                                  0.000000   14.750000   clock reconvergence pessimism
                                 -3.000000   11.750000   output external delay
                                             11.750000   data required time
---------------------------------------------------------------------------------------------
                                             11.750000   data required time
                                             -1.134870   data arrival time
---------------------------------------------------------------------------------------------
                                             10.615130   slack (MET)


Startpoint: _13640_ (rising edge-triggered flip-flop clocked by clk)
Endpoint: y0[6] (output port clocked by clk)
Path Group: clk
Path Type: max

Fanout         Cap        Slew       Delay        Time   Description
---------------------------------------------------------------------------------------------
                                  0.000000    0.000000   clock clk (rise edge)
                                  0.000000    0.000000   clock source latency
     1    0.046681    0.214570    0.152158    0.152158 ^ clk (in)
                                                         clk (net)
                      0.215027    0.000000    0.152158 ^ clkbuf_0_clk/A (sky130_fd_sc_hd__clkbuf_16)
     8    0.151713    0.163939    0.277306    0.429464 ^ clkbuf_0_clk/X (sky130_fd_sc_hd__clkbuf_16)
                                                         clknet_0_clk (net)
                      0.164149    0.003729    0.433193 ^ clkbuf_3_6__f_clk/A (sky130_fd_sc_hd__clkbuf_16)
    10    0.030540    0.052499    0.175785    0.608978 ^ clkbuf_3_6__f_clk/X (sky130_fd_sc_hd__clkbuf_16)
                                                         clknet_3_6__leaf_clk (net)
                      0.052514    0.000657    0.609635 ^ _13640_/CLK (sky130_fd_sc_hd__dfrtp_1)
     1    0.001863    0.034683    0.348117    0.957751 v _13640_/Q (sky130_fd_sc_hd__dfrtp_1)
                                                         net175 (net)
                      0.034683    0.000016    0.957767 v output175/A (sky130_fd_sc_hd__buf_2)
     1    0.034400    0.089697    0.176209    1.133976 v output175/X (sky130_fd_sc_hd__buf_2)
                                                         y0[6] (net)
                      0.089697    0.000275    1.134251 v y0[6] (out)
                                              1.134251   data arrival time

                                 15.000000   15.000000   clock clk (rise edge)
                                  0.000000   15.000000   clock network delay (propagated)
                                 -0.250000   14.750000   clock uncertainty
                                  0.000000   14.750000   clock reconvergence pessimism
                                 -3.000000   11.750000   output external delay
                                             11.750000   data required time
---------------------------------------------------------------------------------------------
                                             11.750000   data required time
                                             -1.134251   data arrival time
---------------------------------------------------------------------------------------------
                                             10.615749   slack (MET)


Startpoint: rst_n (input port clocked by clk)
Endpoint: _13670_ (recovery check against rising-edge clock clk)
Path Group: asynchronous
Path Type: max

Fanout         Cap        Slew       Delay        Time   Description
---------------------------------------------------------------------------------------------
                                  0.000000    0.000000   clock clk (rise edge)
                                  0.000000    0.000000   clock network delay (propagated)
                                  3.000000    3.000000 ^ input external delay
     1    0.002640    0.019049    0.009744    3.009744 ^ rst_n (in)
                                                         rst_n (net)
                      0.019049    0.000000    3.009744 ^ input1/A (sky130_fd_sc_hd__buf_2)
     2    0.041112    0.201561    0.208744    3.218487 ^ input1/X (sky130_fd_sc_hd__buf_2)
                                                         net1 (net)
                      0.201562    0.000396    3.218884 ^ fanout715/A (sky130_fd_sc_hd__buf_4)
     9    0.076788    0.214009    0.284427    3.503311 ^ fanout715/X (sky130_fd_sc_hd__buf_4)
                                                         net715 (net)
                      0.214166    0.003519    3.506829 ^ fanout714/A (sky130_fd_sc_hd__clkbuf_4)
     8    0.055518    0.170855    0.286437    3.793267 ^ fanout714/X (sky130_fd_sc_hd__clkbuf_4)
                                                         net714 (net)
                      0.170862    0.000921    3.794187 ^ fanout712/A (sky130_fd_sc_hd__clkbuf_4)
    10    0.054657    0.168360    0.271204    4.065391 ^ fanout712/X (sky130_fd_sc_hd__clkbuf_4)
                                                         net712 (net)
                      0.168528    0.003269    4.068660 ^ _13670_/RESET_B (sky130_fd_sc_hd__dfrtp_1)
                                              4.068660   data arrival time

                                 15.000000   15.000000   clock clk (rise edge)
                                  0.000000   15.000000   clock source latency
     1    0.046681    0.214570    0.152157   15.152157 ^ clk (in)
                                                         clk (net)
                      0.215027    0.000000   15.152157 ^ clkbuf_0_clk/A (sky130_fd_sc_hd__clkbuf_16)
     8    0.151713    0.163939    0.277307   15.429464 ^ clkbuf_0_clk/X (sky130_fd_sc_hd__clkbuf_16)
                                                         clknet_0_clk (net)
                      0.164263    0.005095   15.434559 ^ clkbuf_3_2__f_clk/A (sky130_fd_sc_hd__clkbuf_16)
    10    0.037474    0.058340    0.180398   15.614957 ^ clkbuf_3_2__f_clk/X (sky130_fd_sc_hd__clkbuf_16)
                                                         clknet_3_2__leaf_clk (net)
                      0.058449    0.001512   15.616468 ^ _13670_/CLK (sky130_fd_sc_hd__dfrtp_1)
                                 -0.250000   15.366469   clock uncertainty
                                  0.000000   15.366469   clock reconvergence pessimism
                                  0.202542   15.569012   library recovery time
                                             15.569012   data required time
---------------------------------------------------------------------------------------------
                                             15.569012   data required time
                                             -4.068660   data arrival time
---------------------------------------------------------------------------------------------
                                             11.500351   slack (MET)


Startpoint: rst_n (input port clocked by clk)
Endpoint: _13672_ (recovery check against rising-edge clock clk)
Path Group: asynchronous
Path Type: max

Fanout         Cap        Slew       Delay        Time   Description
---------------------------------------------------------------------------------------------
                                  0.000000    0.000000   clock clk (rise edge)
                                  0.000000    0.000000   clock network delay (propagated)
                                  3.000000    3.000000 ^ input external delay
     1    0.002640    0.019049    0.009744    3.009744 ^ rst_n (in)
                                                         rst_n (net)
                      0.019049    0.000000    3.009744 ^ input1/A (sky130_fd_sc_hd__buf_2)
     2    0.041112    0.201561    0.208744    3.218487 ^ input1/X (sky130_fd_sc_hd__buf_2)
                                                         net1 (net)
                      0.201562    0.000396    3.218884 ^ fanout715/A (sky130_fd_sc_hd__buf_4)
     9    0.076788    0.214009    0.284427    3.503311 ^ fanout715/X (sky130_fd_sc_hd__buf_4)
                                                         net715 (net)
                      0.214166    0.003519    3.506829 ^ fanout714/A (sky130_fd_sc_hd__clkbuf_4)
     8    0.055518    0.170855    0.286437    3.793267 ^ fanout714/X (sky130_fd_sc_hd__clkbuf_4)
                                                         net714 (net)
                      0.170862    0.000921    3.794187 ^ fanout712/A (sky130_fd_sc_hd__clkbuf_4)
    10    0.054657    0.168360    0.271204    4.065391 ^ fanout712/X (sky130_fd_sc_hd__clkbuf_4)
                                                         net712 (net)
                      0.168506    0.002869    4.068261 ^ _13672_/RESET_B (sky130_fd_sc_hd__dfrtp_1)
                                              4.068261   data arrival time

                                 15.000000   15.000000   clock clk (rise edge)
                                  0.000000   15.000000   clock source latency
     1    0.046681    0.214570    0.152157   15.152157 ^ clk (in)
                                                         clk (net)
                      0.215027    0.000000   15.152157 ^ clkbuf_0_clk/A (sky130_fd_sc_hd__clkbuf_16)
     8    0.151713    0.163939    0.277307   15.429464 ^ clkbuf_0_clk/X (sky130_fd_sc_hd__clkbuf_16)
                                                         clknet_0_clk (net)
                      0.164263    0.005095   15.434559 ^ clkbuf_3_2__f_clk/A (sky130_fd_sc_hd__clkbuf_16)
    10    0.037474    0.058340    0.180398   15.614957 ^ clkbuf_3_2__f_clk/X (sky130_fd_sc_hd__clkbuf_16)
                                                         clknet_3_2__leaf_clk (net)
                      0.058468    0.001698   15.616655 ^ _13672_/CLK (sky130_fd_sc_hd__dfrtp_1)
                                 -0.250000   15.366656   clock uncertainty
                                  0.000000   15.366656   clock reconvergence pessimism
                                  0.202554   15.569210   library recovery time
                                             15.569210   data required time
---------------------------------------------------------------------------------------------
                                             15.569210   data required time
                                             -4.068261   data arrival time
---------------------------------------------------------------------------------------------
                                             11.500950   slack (MET)


Startpoint: rst_n (input port clocked by clk)
Endpoint: _13673_ (recovery check against rising-edge clock clk)
Path Group: asynchronous
Path Type: max

Fanout         Cap        Slew       Delay        Time   Description
---------------------------------------------------------------------------------------------
                                  0.000000    0.000000   clock clk (rise edge)
                                  0.000000    0.000000   clock network delay (propagated)
                                  3.000000    3.000000 ^ input external delay
     1    0.002640    0.019049    0.009744    3.009744 ^ rst_n (in)
                                                         rst_n (net)
                      0.019049    0.000000    3.009744 ^ input1/A (sky130_fd_sc_hd__buf_2)
     2    0.041112    0.201561    0.208744    3.218487 ^ input1/X (sky130_fd_sc_hd__buf_2)
                                                         net1 (net)
                      0.201562    0.000396    3.218884 ^ fanout715/A (sky130_fd_sc_hd__buf_4)
     9    0.076788    0.214009    0.284427    3.503311 ^ fanout715/X (sky130_fd_sc_hd__buf_4)
                                                         net715 (net)
                      0.214166    0.003519    3.506829 ^ fanout714/A (sky130_fd_sc_hd__clkbuf_4)
     8    0.055518    0.170855    0.286437    3.793267 ^ fanout714/X (sky130_fd_sc_hd__clkbuf_4)
                                                         net714 (net)
                      0.170862    0.000921    3.794187 ^ fanout712/A (sky130_fd_sc_hd__clkbuf_4)
    10    0.054657    0.168360    0.271204    4.065391 ^ fanout712/X (sky130_fd_sc_hd__clkbuf_4)
                                                         net712 (net)
                      0.168502    0.002774    4.068165 ^ _13673_/RESET_B (sky130_fd_sc_hd__dfrtp_1)
                                              4.068165   data arrival time

                                 15.000000   15.000000   clock clk (rise edge)
                                  0.000000   15.000000   clock source latency
     1    0.046681    0.214570    0.152157   15.152157 ^ clk (in)
                                                         clk (net)
                      0.215027    0.000000   15.152157 ^ clkbuf_0_clk/A (sky130_fd_sc_hd__clkbuf_16)
     8    0.151713    0.163939    0.277307   15.429464 ^ clkbuf_0_clk/X (sky130_fd_sc_hd__clkbuf_16)
                                                         clknet_0_clk (net)
                      0.164263    0.005095   15.434559 ^ clkbuf_3_2__f_clk/A (sky130_fd_sc_hd__clkbuf_16)
    10    0.037474    0.058340    0.180398   15.614957 ^ clkbuf_3_2__f_clk/X (sky130_fd_sc_hd__clkbuf_16)
                                                         clknet_3_2__leaf_clk (net)
                      0.058483    0.001831   15.616788 ^ _13673_/CLK (sky130_fd_sc_hd__dfrtp_1)
                                 -0.250000   15.366789   clock uncertainty
                                  0.000000   15.366789   clock reconvergence pessimism
                                  0.202560   15.569349   library recovery time
                                             15.569349   data required time
---------------------------------------------------------------------------------------------
                                             15.569349   data required time
                                             -4.068165   data arrival time
---------------------------------------------------------------------------------------------
                                             11.501184   slack (MET)


Startpoint: rst_n (input port clocked by clk)
Endpoint: _13674_ (recovery check against rising-edge clock clk)
Path Group: asynchronous
Path Type: max

Fanout         Cap        Slew       Delay        Time   Description
---------------------------------------------------------------------------------------------
                                  0.000000    0.000000   clock clk (rise edge)
                                  0.000000    0.000000   clock network delay (propagated)
                                  3.000000    3.000000 ^ input external delay
     1    0.002640    0.019049    0.009744    3.009744 ^ rst_n (in)
                                                         rst_n (net)
                      0.019049    0.000000    3.009744 ^ input1/A (sky130_fd_sc_hd__buf_2)
     2    0.041112    0.201561    0.208744    3.218487 ^ input1/X (sky130_fd_sc_hd__buf_2)
                                                         net1 (net)
                      0.201562    0.000396    3.218884 ^ fanout715/A (sky130_fd_sc_hd__buf_4)
     9    0.076788    0.214009    0.284427    3.503311 ^ fanout715/X (sky130_fd_sc_hd__buf_4)
                                                         net715 (net)
                      0.214166    0.003519    3.506829 ^ fanout714/A (sky130_fd_sc_hd__clkbuf_4)
     8    0.055518    0.170855    0.286437    3.793267 ^ fanout714/X (sky130_fd_sc_hd__clkbuf_4)
                                                         net714 (net)
                      0.170862    0.000921    3.794187 ^ fanout712/A (sky130_fd_sc_hd__clkbuf_4)
    10    0.054657    0.168360    0.271204    4.065391 ^ fanout712/X (sky130_fd_sc_hd__clkbuf_4)
                                                         net712 (net)
                      0.168480    0.002295    4.067687 ^ _13674_/RESET_B (sky130_fd_sc_hd__dfrtp_1)
                                              4.067687   data arrival time

                                 15.000000   15.000000   clock clk (rise edge)
                                  0.000000   15.000000   clock source latency
     1    0.046681    0.214570    0.152157   15.152157 ^ clk (in)
                                                         clk (net)
                      0.215027    0.000000   15.152157 ^ clkbuf_0_clk/A (sky130_fd_sc_hd__clkbuf_16)
     8    0.151713    0.163939    0.277307   15.429464 ^ clkbuf_0_clk/X (sky130_fd_sc_hd__clkbuf_16)
                                                         clknet_0_clk (net)
                      0.164263    0.005095   15.434559 ^ clkbuf_3_2__f_clk/A (sky130_fd_sc_hd__clkbuf_16)
    10    0.037474    0.058340    0.180398   15.614957 ^ clkbuf_3_2__f_clk/X (sky130_fd_sc_hd__clkbuf_16)
                                                         clknet_3_2__leaf_clk (net)
                      0.058511    0.002087   15.617044 ^ _13674_/CLK (sky130_fd_sc_hd__dfrtp_1)
                                 -0.250000   15.367045   clock uncertainty
                                  0.000000   15.367045   clock reconvergence pessimism
                                  0.202574   15.569619   library recovery time
                                             15.569619   data required time
---------------------------------------------------------------------------------------------
                                             15.569619   data required time
                                             -4.067687   data arrival time
---------------------------------------------------------------------------------------------
                                             11.501932   slack (MET)


Startpoint: rst_n (input port clocked by clk)
Endpoint: _13675_ (recovery check against rising-edge clock clk)
Path Group: asynchronous
Path Type: max

Fanout         Cap        Slew       Delay        Time   Description
---------------------------------------------------------------------------------------------
                                  0.000000    0.000000   clock clk (rise edge)
                                  0.000000    0.000000   clock network delay (propagated)
                                  3.000000    3.000000 ^ input external delay
     1    0.002640    0.019049    0.009744    3.009744 ^ rst_n (in)
                                                         rst_n (net)
                      0.019049    0.000000    3.009744 ^ input1/A (sky130_fd_sc_hd__buf_2)
     2    0.041112    0.201561    0.208744    3.218487 ^ input1/X (sky130_fd_sc_hd__buf_2)
                                                         net1 (net)
                      0.201562    0.000396    3.218884 ^ fanout715/A (sky130_fd_sc_hd__buf_4)
     9    0.076788    0.214009    0.284427    3.503311 ^ fanout715/X (sky130_fd_sc_hd__buf_4)
                                                         net715 (net)
                      0.214166    0.003519    3.506829 ^ fanout714/A (sky130_fd_sc_hd__clkbuf_4)
     8    0.055518    0.170855    0.286437    3.793267 ^ fanout714/X (sky130_fd_sc_hd__clkbuf_4)
                                                         net714 (net)
                      0.170862    0.000921    3.794187 ^ fanout712/A (sky130_fd_sc_hd__clkbuf_4)
    10    0.054657    0.168360    0.271204    4.065391 ^ fanout712/X (sky130_fd_sc_hd__clkbuf_4)
                                                         net712 (net)
                      0.168456    0.001602    4.066993 ^ _13675_/RESET_B (sky130_fd_sc_hd__dfrtp_1)
                                              4.066993   data arrival time

                                 15.000000   15.000000   clock clk (rise edge)
                                  0.000000   15.000000   clock source latency
     1    0.046681    0.214570    0.152157   15.152157 ^ clk (in)
                                                         clk (net)
                      0.215027    0.000000   15.152157 ^ clkbuf_0_clk/A (sky130_fd_sc_hd__clkbuf_16)
     8    0.151713    0.163939    0.277307   15.429464 ^ clkbuf_0_clk/X (sky130_fd_sc_hd__clkbuf_16)
                                                         clknet_0_clk (net)
                      0.164263    0.005095   15.434559 ^ clkbuf_3_2__f_clk/A (sky130_fd_sc_hd__clkbuf_16)
    10    0.037474    0.058340    0.180398   15.614957 ^ clkbuf_3_2__f_clk/X (sky130_fd_sc_hd__clkbuf_16)
                                                         clknet_3_2__leaf_clk (net)
                      0.058558    0.002489   15.617446 ^ _13675_/CLK (sky130_fd_sc_hd__dfrtp_1)
                                 -0.250000   15.367446   clock uncertainty
                                  0.000000   15.367446   clock reconvergence pessimism
                                  0.202595   15.570042   library recovery time
                                             15.570042   data required time
---------------------------------------------------------------------------------------------
                                             15.570042   data required time
                                             -4.066993   data arrival time
---------------------------------------------------------------------------------------------
                                             11.503049   slack (MET)


Startpoint: rst_n (input port clocked by clk)
Endpoint: _13676_ (recovery check against rising-edge clock clk)
Path Group: asynchronous
Path Type: max

Fanout         Cap        Slew       Delay        Time   Description
---------------------------------------------------------------------------------------------
                                  0.000000    0.000000   clock clk (rise edge)
                                  0.000000    0.000000   clock network delay (propagated)
                                  3.000000    3.000000 ^ input external delay
     1    0.002640    0.019049    0.009744    3.009744 ^ rst_n (in)
                                                         rst_n (net)
                      0.019049    0.000000    3.009744 ^ input1/A (sky130_fd_sc_hd__buf_2)
     2    0.041112    0.201561    0.208744    3.218487 ^ input1/X (sky130_fd_sc_hd__buf_2)
                                                         net1 (net)
                      0.201562    0.000396    3.218884 ^ fanout715/A (sky130_fd_sc_hd__buf_4)
     9    0.076788    0.214009    0.284427    3.503311 ^ fanout715/X (sky130_fd_sc_hd__buf_4)
                                                         net715 (net)
                      0.214166    0.003519    3.506829 ^ fanout714/A (sky130_fd_sc_hd__clkbuf_4)
     8    0.055518    0.170855    0.286437    3.793267 ^ fanout714/X (sky130_fd_sc_hd__clkbuf_4)
                                                         net714 (net)
                      0.170862    0.000921    3.794187 ^ fanout712/A (sky130_fd_sc_hd__clkbuf_4)
    10    0.054657    0.168360    0.271204    4.065391 ^ fanout712/X (sky130_fd_sc_hd__clkbuf_4)
                                                         net712 (net)
                      0.168360    0.000920    4.066311 ^ _13676_/RESET_B (sky130_fd_sc_hd__dfrtp_1)
                                              4.066311   data arrival time

                                 15.000000   15.000000   clock clk (rise edge)
                                  0.000000   15.000000   clock source latency
     1    0.046681    0.214570    0.152157   15.152157 ^ clk (in)
                                                         clk (net)
                      0.215027    0.000000   15.152157 ^ clkbuf_0_clk/A (sky130_fd_sc_hd__clkbuf_16)
     8    0.151713    0.163939    0.277307   15.429464 ^ clkbuf_0_clk/X (sky130_fd_sc_hd__clkbuf_16)
                                                         clknet_0_clk (net)
                      0.164263    0.005095   15.434559 ^ clkbuf_3_2__f_clk/A (sky130_fd_sc_hd__clkbuf_16)
    10    0.037474    0.058340    0.180398   15.614957 ^ clkbuf_3_2__f_clk/X (sky130_fd_sc_hd__clkbuf_16)
                                                         clknet_3_2__leaf_clk (net)
                      0.058586    0.002707   15.617664 ^ _13676_/CLK (sky130_fd_sc_hd__dfrtp_1)
                                 -0.250000   15.367665   clock uncertainty
                                  0.000000   15.367665   clock reconvergence pessimism
                                  0.202628   15.570294   library recovery time
                                             15.570294   data required time
---------------------------------------------------------------------------------------------
                                             15.570294   data required time
                                             -4.066311   data arrival time
---------------------------------------------------------------------------------------------
                                             11.503983   slack (MET)


Startpoint: rst_n (input port clocked by clk)
Endpoint: _13677_ (recovery check against rising-edge clock clk)
Path Group: asynchronous
Path Type: max

Fanout         Cap        Slew       Delay        Time   Description
---------------------------------------------------------------------------------------------
                                  0.000000    0.000000   clock clk (rise edge)
                                  0.000000    0.000000   clock network delay (propagated)
                                  3.000000    3.000000 ^ input external delay
     1    0.002640    0.019049    0.009744    3.009744 ^ rst_n (in)
                                                         rst_n (net)
                      0.019049    0.000000    3.009744 ^ input1/A (sky130_fd_sc_hd__buf_2)
     2    0.041112    0.201561    0.208744    3.218487 ^ input1/X (sky130_fd_sc_hd__buf_2)
                                                         net1 (net)
                      0.201562    0.000396    3.218884 ^ fanout715/A (sky130_fd_sc_hd__buf_4)
     9    0.076788    0.214009    0.284427    3.503311 ^ fanout715/X (sky130_fd_sc_hd__buf_4)
                                                         net715 (net)
                      0.214166    0.003519    3.506829 ^ fanout714/A (sky130_fd_sc_hd__clkbuf_4)
     8    0.055518    0.170855    0.286437    3.793267 ^ fanout714/X (sky130_fd_sc_hd__clkbuf_4)
                                                         net714 (net)
                      0.170862    0.000921    3.794187 ^ fanout712/A (sky130_fd_sc_hd__clkbuf_4)
    10    0.054657    0.168360    0.271204    4.065391 ^ fanout712/X (sky130_fd_sc_hd__clkbuf_4)
                                                         net712 (net)
                      0.168360    0.000473    4.065864 ^ _13677_/RESET_B (sky130_fd_sc_hd__dfrtp_1)
                                              4.065864   data arrival time

                                 15.000000   15.000000   clock clk (rise edge)
                                  0.000000   15.000000   clock source latency
     1    0.046681    0.214570    0.152157   15.152157 ^ clk (in)
                                                         clk (net)
                      0.215027    0.000000   15.152157 ^ clkbuf_0_clk/A (sky130_fd_sc_hd__clkbuf_16)
     8    0.151713    0.163939    0.277307   15.429464 ^ clkbuf_0_clk/X (sky130_fd_sc_hd__clkbuf_16)
                                                         clknet_0_clk (net)
                      0.164263    0.005095   15.434559 ^ clkbuf_3_2__f_clk/A (sky130_fd_sc_hd__clkbuf_16)
    10    0.037474    0.058340    0.180398   15.614957 ^ clkbuf_3_2__f_clk/X (sky130_fd_sc_hd__clkbuf_16)
                                                         clknet_3_2__leaf_clk (net)
                      0.058597    0.002794   15.617751 ^ _13677_/CLK (sky130_fd_sc_hd__dfrtp_1)
                                 -0.250000   15.367752   clock uncertainty
                                  0.000000   15.367752   clock reconvergence pessimism
                                  0.202632   15.570385   library recovery time
                                             15.570385   data required time
---------------------------------------------------------------------------------------------
                                             15.570385   data required time
                                             -4.065864   data arrival time
---------------------------------------------------------------------------------------------
                                             11.504520   slack (MET)


Startpoint: rst_n (input port clocked by clk)
Endpoint: _13680_ (recovery check against rising-edge clock clk)
Path Group: asynchronous
Path Type: max

Fanout         Cap        Slew       Delay        Time   Description
---------------------------------------------------------------------------------------------
                                  0.000000    0.000000   clock clk (rise edge)
                                  0.000000    0.000000   clock network delay (propagated)
                                  3.000000    3.000000 ^ input external delay
     1    0.002640    0.019049    0.009744    3.009744 ^ rst_n (in)
                                                         rst_n (net)
                      0.019049    0.000000    3.009744 ^ input1/A (sky130_fd_sc_hd__buf_2)
     2    0.041112    0.201561    0.208744    3.218487 ^ input1/X (sky130_fd_sc_hd__buf_2)
                                                         net1 (net)
                      0.201562    0.000396    3.218884 ^ fanout715/A (sky130_fd_sc_hd__buf_4)
     9    0.076788    0.214009    0.284427    3.503311 ^ fanout715/X (sky130_fd_sc_hd__buf_4)
                                                         net715 (net)
                      0.214166    0.003519    3.506829 ^ fanout714/A (sky130_fd_sc_hd__clkbuf_4)
     8    0.055518    0.170855    0.286437    3.793267 ^ fanout714/X (sky130_fd_sc_hd__clkbuf_4)
                                                         net714 (net)
                      0.170862    0.000921    3.794187 ^ fanout712/A (sky130_fd_sc_hd__clkbuf_4)
    10    0.054657    0.168360    0.271204    4.065391 ^ fanout712/X (sky130_fd_sc_hd__clkbuf_4)
                                                         net712 (net)
                      0.168360    0.000116    4.065507 ^ _13680_/RESET_B (sky130_fd_sc_hd__dfrtp_1)
                                              4.065507   data arrival time

                                 15.000000   15.000000   clock clk (rise edge)
                                  0.000000   15.000000   clock source latency
     1    0.046681    0.214570    0.152157   15.152157 ^ clk (in)
                                                         clk (net)
                      0.215027    0.000000   15.152157 ^ clkbuf_0_clk/A (sky130_fd_sc_hd__clkbuf_16)
     8    0.151713    0.163939    0.277307   15.429464 ^ clkbuf_0_clk/X (sky130_fd_sc_hd__clkbuf_16)
                                                         clknet_0_clk (net)
                      0.164263    0.005095   15.434559 ^ clkbuf_3_2__f_clk/A (sky130_fd_sc_hd__clkbuf_16)
    10    0.037474    0.058340    0.180398   15.614957 ^ clkbuf_3_2__f_clk/X (sky130_fd_sc_hd__clkbuf_16)
                                                         clknet_3_2__leaf_clk (net)
                      0.058605    0.002853   15.617809 ^ _13680_/CLK (sky130_fd_sc_hd__dfrtp_1)
                                 -0.250000   15.367810   clock uncertainty
                                  0.000000   15.367810   clock reconvergence pessimism
                                  0.202634   15.570445   library recovery time
                                             15.570445   data required time
---------------------------------------------------------------------------------------------
                                             15.570445   data required time
                                             -4.065507   data arrival time
---------------------------------------------------------------------------------------------
                                             11.504938   slack (MET)


Startpoint: rst_n (input port clocked by clk)
Endpoint: _13642_ (recovery check against rising-edge clock clk)
Path Group: asynchronous
Path Type: max

Fanout         Cap        Slew       Delay        Time   Description
---------------------------------------------------------------------------------------------
                                  0.000000    0.000000   clock clk (rise edge)
                                  0.000000    0.000000   clock network delay (propagated)
                                  3.000000    3.000000 ^ input external delay
     1    0.002640    0.019049    0.009744    3.009744 ^ rst_n (in)
                                                         rst_n (net)
                      0.019049    0.000000    3.009744 ^ input1/A (sky130_fd_sc_hd__buf_2)
     2    0.041112    0.201561    0.208744    3.218487 ^ input1/X (sky130_fd_sc_hd__buf_2)
                                                         net1 (net)
                      0.201750    0.005082    3.223569 ^ fanout719/A (sky130_fd_sc_hd__clkbuf_8)
     9    0.104339    0.184267    0.285445    3.509014 ^ fanout719/X (sky130_fd_sc_hd__clkbuf_8)
                                                         net719 (net)
                      0.184570    0.005224    3.514238 ^ fanout718/A (sky130_fd_sc_hd__clkbuf_4)
     8    0.061242    0.187982    0.286724    3.800962 ^ fanout718/X (sky130_fd_sc_hd__clkbuf_4)
                                                         net718 (net)
                      0.187982    0.000220    3.801183 ^ fanout716/A (sky130_fd_sc_hd__clkbuf_4)
    10    0.045255    0.143611    0.258396    4.059578 ^ fanout716/X (sky130_fd_sc_hd__clkbuf_4)
                                                         net716 (net)
                      0.143623    0.001422    4.061000 ^ _13642_/RESET_B (sky130_fd_sc_hd__dfrtp_1)
                                              4.061000   data arrival time

                                 15.000000   15.000000   clock clk (rise edge)
                                  0.000000   15.000000   clock source latency
     1    0.046681    0.214570    0.152157   15.152157 ^ clk (in)
                                                         clk (net)
                      0.215027    0.000000   15.152157 ^ clkbuf_0_clk/A (sky130_fd_sc_hd__clkbuf_16)
     8    0.151713    0.163939    0.277307   15.429464 ^ clkbuf_0_clk/X (sky130_fd_sc_hd__clkbuf_16)
                                                         clknet_0_clk (net)
                      0.164149    0.003729   15.433193 ^ clkbuf_3_6__f_clk/A (sky130_fd_sc_hd__clkbuf_16)
    10    0.030540    0.052499    0.175785   15.608977 ^ clkbuf_3_6__f_clk/X (sky130_fd_sc_hd__clkbuf_16)
                                                         clknet_3_6__leaf_clk (net)
                      0.052513    0.000528   15.609506 ^ _13642_/CLK (sky130_fd_sc_hd__dfrtp_1)
                                 -0.250000   15.359506   clock uncertainty
                                  0.000000   15.359506   clock reconvergence pessimism
                                  0.207133   15.566638   library recovery time
                                             15.566638   data required time
---------------------------------------------------------------------------------------------
                                             15.566638   data required time
                                             -4.061000   data arrival time
---------------------------------------------------------------------------------------------
                                             11.505638   slack (MET)


Startpoint: rst_n (input port clocked by clk)
Endpoint: _13641_ (recovery check against rising-edge clock clk)
Path Group: asynchronous
Path Type: max

Fanout         Cap        Slew       Delay        Time   Description
---------------------------------------------------------------------------------------------
                                  0.000000    0.000000   clock clk (rise edge)
                                  0.000000    0.000000   clock network delay (propagated)
                                  3.000000    3.000000 ^ input external delay
     1    0.002640    0.019049    0.009744    3.009744 ^ rst_n (in)
                                                         rst_n (net)
                      0.019049    0.000000    3.009744 ^ input1/A (sky130_fd_sc_hd__buf_2)
     2    0.041112    0.201561    0.208744    3.218487 ^ input1/X (sky130_fd_sc_hd__buf_2)
                                                         net1 (net)
                      0.201750    0.005082    3.223569 ^ fanout719/A (sky130_fd_sc_hd__clkbuf_8)
     9    0.104339    0.184267    0.285445    3.509014 ^ fanout719/X (sky130_fd_sc_hd__clkbuf_8)
                                                         net719 (net)
                      0.184570    0.005224    3.514238 ^ fanout718/A (sky130_fd_sc_hd__clkbuf_4)
     8    0.061242    0.187982    0.286724    3.800962 ^ fanout718/X (sky130_fd_sc_hd__clkbuf_4)
                                                         net718 (net)
                      0.187982    0.000220    3.801183 ^ fanout716/A (sky130_fd_sc_hd__clkbuf_4)
    10    0.045255    0.143611    0.258396    4.059578 ^ fanout716/X (sky130_fd_sc_hd__clkbuf_4)
                                                         net716 (net)
                      0.143618    0.001183    4.060761 ^ _13641_/RESET_B (sky130_fd_sc_hd__dfrtp_1)
                                              4.060761   data arrival time

                                 15.000000   15.000000   clock clk (rise edge)
                                  0.000000   15.000000   clock source latency
     1    0.046681    0.214570    0.152157   15.152157 ^ clk (in)
                                                         clk (net)
                      0.215027    0.000000   15.152157 ^ clkbuf_0_clk/A (sky130_fd_sc_hd__clkbuf_16)
     8    0.151713    0.163939    0.277307   15.429464 ^ clkbuf_0_clk/X (sky130_fd_sc_hd__clkbuf_16)
                                                         clknet_0_clk (net)
                      0.164149    0.003729   15.433193 ^ clkbuf_3_6__f_clk/A (sky130_fd_sc_hd__clkbuf_16)
    10    0.030540    0.052499    0.175785   15.608977 ^ clkbuf_3_6__f_clk/X (sky130_fd_sc_hd__clkbuf_16)
                                                         clknet_3_6__leaf_clk (net)
                      0.052513    0.000584   15.609562 ^ _13641_/CLK (sky130_fd_sc_hd__dfrtp_1)
                                 -0.250000   15.359563   clock uncertainty
                                  0.000000   15.359563   clock reconvergence pessimism
                                  0.207134   15.566697   library recovery time
                                             15.566697   data required time
---------------------------------------------------------------------------------------------
                                             15.566697   data required time
                                             -4.060761   data arrival time
---------------------------------------------------------------------------------------------
                                             11.505936   slack (MET)


Startpoint: rst_n (input port clocked by clk)
Endpoint: _13640_ (recovery check against rising-edge clock clk)
Path Group: asynchronous
Path Type: max

Fanout         Cap        Slew       Delay        Time   Description
---------------------------------------------------------------------------------------------
                                  0.000000    0.000000   clock clk (rise edge)
                                  0.000000    0.000000   clock network delay (propagated)
                                  3.000000    3.000000 ^ input external delay
     1    0.002640    0.019049    0.009744    3.009744 ^ rst_n (in)
                                                         rst_n (net)
                      0.019049    0.000000    3.009744 ^ input1/A (sky130_fd_sc_hd__buf_2)
     2    0.041112    0.201561    0.208744    3.218487 ^ input1/X (sky130_fd_sc_hd__buf_2)
                                                         net1 (net)
                      0.201750    0.005082    3.223569 ^ fanout719/A (sky130_fd_sc_hd__clkbuf_8)
     9    0.104339    0.184267    0.285445    3.509014 ^ fanout719/X (sky130_fd_sc_hd__clkbuf_8)
                                                         net719 (net)
                      0.184570    0.005224    3.514238 ^ fanout718/A (sky130_fd_sc_hd__clkbuf_4)
     8    0.061242    0.187982    0.286724    3.800962 ^ fanout718/X (sky130_fd_sc_hd__clkbuf_4)
                                                         net718 (net)
                      0.187982    0.000220    3.801183 ^ fanout716/A (sky130_fd_sc_hd__clkbuf_4)
    10    0.045255    0.143611    0.258396    4.059578 ^ fanout716/X (sky130_fd_sc_hd__clkbuf_4)
                                                         net716 (net)
                      0.143617    0.001119    4.060697 ^ _13640_/RESET_B (sky130_fd_sc_hd__dfrtp_1)
                                              4.060697   data arrival time

                                 15.000000   15.000000   clock clk (rise edge)
                                  0.000000   15.000000   clock source latency
     1    0.046681    0.214570    0.152157   15.152157 ^ clk (in)
                                                         clk (net)
                      0.215027    0.000000   15.152157 ^ clkbuf_0_clk/A (sky130_fd_sc_hd__clkbuf_16)
     8    0.151713    0.163939    0.277307   15.429464 ^ clkbuf_0_clk/X (sky130_fd_sc_hd__clkbuf_16)
                                                         clknet_0_clk (net)
                      0.164149    0.003729   15.433193 ^ clkbuf_3_6__f_clk/A (sky130_fd_sc_hd__clkbuf_16)
    10    0.030540    0.052499    0.175785   15.608977 ^ clkbuf_3_6__f_clk/X (sky130_fd_sc_hd__clkbuf_16)
                                                         clknet_3_6__leaf_clk (net)
                      0.052514    0.000657   15.609635 ^ _13640_/CLK (sky130_fd_sc_hd__dfrtp_1)
                                 -0.250000   15.359635   clock uncertainty
                                  0.000000   15.359635   clock reconvergence pessimism
                                  0.207135   15.566770   library recovery time
                                             15.566770   data required time
---------------------------------------------------------------------------------------------
                                             15.566770   data required time
                                             -4.060697   data arrival time
---------------------------------------------------------------------------------------------
                                             11.506073   slack (MET)


Startpoint: rst_n (input port clocked by clk)
Endpoint: _13639_ (recovery check against rising-edge clock clk)
Path Group: asynchronous
Path Type: max

Fanout         Cap        Slew       Delay        Time   Description
---------------------------------------------------------------------------------------------
                                  0.000000    0.000000   clock clk (rise edge)
                                  0.000000    0.000000   clock network delay (propagated)
                                  3.000000    3.000000 ^ input external delay
     1    0.002640    0.019049    0.009744    3.009744 ^ rst_n (in)
                                                         rst_n (net)
                      0.019049    0.000000    3.009744 ^ input1/A (sky130_fd_sc_hd__buf_2)
     2    0.041112    0.201561    0.208744    3.218487 ^ input1/X (sky130_fd_sc_hd__buf_2)
                                                         net1 (net)
                      0.201750    0.005082    3.223569 ^ fanout719/A (sky130_fd_sc_hd__clkbuf_8)
     9    0.104339    0.184267    0.285445    3.509014 ^ fanout719/X (sky130_fd_sc_hd__clkbuf_8)
                                                         net719 (net)
                      0.184570    0.005224    3.514238 ^ fanout718/A (sky130_fd_sc_hd__clkbuf_4)
     8    0.061242    0.187982    0.286724    3.800962 ^ fanout718/X (sky130_fd_sc_hd__clkbuf_4)
                                                         net718 (net)
                      0.187982    0.000220    3.801183 ^ fanout716/A (sky130_fd_sc_hd__clkbuf_4)
    10    0.045255    0.143611    0.258396    4.059578 ^ fanout716/X (sky130_fd_sc_hd__clkbuf_4)
                                                         net716 (net)
                      0.143616    0.001037    4.060616 ^ _13639_/RESET_B (sky130_fd_sc_hd__dfrtp_1)
                                              4.060616   data arrival time

                                 15.000000   15.000000   clock clk (rise edge)
                                  0.000000   15.000000   clock source latency
     1    0.046681    0.214570    0.152157   15.152157 ^ clk (in)
                                                         clk (net)
                      0.215027    0.000000   15.152157 ^ clkbuf_0_clk/A (sky130_fd_sc_hd__clkbuf_16)
     8    0.151713    0.163939    0.277307   15.429464 ^ clkbuf_0_clk/X (sky130_fd_sc_hd__clkbuf_16)
                                                         clknet_0_clk (net)
                      0.164149    0.003729   15.433193 ^ clkbuf_3_6__f_clk/A (sky130_fd_sc_hd__clkbuf_16)
    10    0.030540    0.052499    0.175785   15.608977 ^ clkbuf_3_6__f_clk/X (sky130_fd_sc_hd__clkbuf_16)
                                                         clknet_3_6__leaf_clk (net)
                      0.052514    0.000719   15.609697 ^ _13639_/CLK (sky130_fd_sc_hd__dfrtp_1)
                                 -0.250000   15.359698   clock uncertainty
                                  0.000000   15.359698   clock reconvergence pessimism
                                  0.207135   15.566833   library recovery time
                                             15.566833   data required time
---------------------------------------------------------------------------------------------
                                             15.566833   data required time
                                             -4.060616   data arrival time
---------------------------------------------------------------------------------------------
                                             11.506219   slack (MET)


Startpoint: rst_n (input port clocked by clk)
Endpoint: _13638_ (recovery check against rising-edge clock clk)
Path Group: asynchronous
Path Type: max

Fanout         Cap        Slew       Delay        Time   Description
---------------------------------------------------------------------------------------------
                                  0.000000    0.000000   clock clk (rise edge)
                                  0.000000    0.000000   clock network delay (propagated)
                                  3.000000    3.000000 ^ input external delay
     1    0.002640    0.019049    0.009744    3.009744 ^ rst_n (in)
                                                         rst_n (net)
                      0.019049    0.000000    3.009744 ^ input1/A (sky130_fd_sc_hd__buf_2)
     2    0.041112    0.201561    0.208744    3.218487 ^ input1/X (sky130_fd_sc_hd__buf_2)
                                                         net1 (net)
                      0.201750    0.005082    3.223569 ^ fanout719/A (sky130_fd_sc_hd__clkbuf_8)
     9    0.104339    0.184267    0.285445    3.509014 ^ fanout719/X (sky130_fd_sc_hd__clkbuf_8)
                                                         net719 (net)
                      0.184570    0.005224    3.514238 ^ fanout718/A (sky130_fd_sc_hd__clkbuf_4)
     8    0.061242    0.187982    0.286724    3.800962 ^ fanout718/X (sky130_fd_sc_hd__clkbuf_4)
                                                         net718 (net)
                      0.187982    0.000220    3.801183 ^ fanout716/A (sky130_fd_sc_hd__clkbuf_4)
    10    0.045255    0.143611    0.258396    4.059578 ^ fanout716/X (sky130_fd_sc_hd__clkbuf_4)
                                                         net716 (net)
                      0.143614    0.000937    4.060516 ^ _13638_/RESET_B (sky130_fd_sc_hd__dfrtp_1)
                                              4.060516   data arrival time

                                 15.000000   15.000000   clock clk (rise edge)
                                  0.000000   15.000000   clock source latency
     1    0.046681    0.214570    0.152157   15.152157 ^ clk (in)
                                                         clk (net)
                      0.215027    0.000000   15.152157 ^ clkbuf_0_clk/A (sky130_fd_sc_hd__clkbuf_16)
     8    0.151713    0.163939    0.277307   15.429464 ^ clkbuf_0_clk/X (sky130_fd_sc_hd__clkbuf_16)
                                                         clknet_0_clk (net)
                      0.164149    0.003729   15.433193 ^ clkbuf_3_6__f_clk/A (sky130_fd_sc_hd__clkbuf_16)
    10    0.030540    0.052499    0.175785   15.608977 ^ clkbuf_3_6__f_clk/X (sky130_fd_sc_hd__clkbuf_16)
                                                         clknet_3_6__leaf_clk (net)
                      0.052515    0.000771   15.609749 ^ _13638_/CLK (sky130_fd_sc_hd__dfrtp_1)
                                 -0.250000   15.359750   clock uncertainty
                                  0.000000   15.359750   clock reconvergence pessimism
                                  0.207136   15.566885   library recovery time
                                             15.566885   data required time
---------------------------------------------------------------------------------------------
                                             15.566885   data required time
                                             -4.060516   data arrival time
---------------------------------------------------------------------------------------------
                                             11.506370   slack (MET)


Startpoint: rst_n (input port clocked by clk)
Endpoint: _13637_ (recovery check against rising-edge clock clk)
Path Group: asynchronous
Path Type: max

Fanout         Cap        Slew       Delay        Time   Description
---------------------------------------------------------------------------------------------
                                  0.000000    0.000000   clock clk (rise edge)
                                  0.000000    0.000000   clock network delay (propagated)
                                  3.000000    3.000000 ^ input external delay
     1    0.002640    0.019049    0.009744    3.009744 ^ rst_n (in)
                                                         rst_n (net)
                      0.019049    0.000000    3.009744 ^ input1/A (sky130_fd_sc_hd__buf_2)
     2    0.041112    0.201561    0.208744    3.218487 ^ input1/X (sky130_fd_sc_hd__buf_2)
                                                         net1 (net)
                      0.201750    0.005082    3.223569 ^ fanout719/A (sky130_fd_sc_hd__clkbuf_8)
     9    0.104339    0.184267    0.285445    3.509014 ^ fanout719/X (sky130_fd_sc_hd__clkbuf_8)
                                                         net719 (net)
                      0.184570    0.005224    3.514238 ^ fanout718/A (sky130_fd_sc_hd__clkbuf_4)
     8    0.061242    0.187982    0.286724    3.800962 ^ fanout718/X (sky130_fd_sc_hd__clkbuf_4)
                                                         net718 (net)
                      0.187982    0.000220    3.801183 ^ fanout716/A (sky130_fd_sc_hd__clkbuf_4)
    10    0.045255    0.143611    0.258396    4.059578 ^ fanout716/X (sky130_fd_sc_hd__clkbuf_4)
                                                         net716 (net)
                      0.143613    0.000821    4.060399 ^ _13637_/RESET_B (sky130_fd_sc_hd__dfrtp_1)
                                              4.060399   data arrival time

                                 15.000000   15.000000   clock clk (rise edge)
                                  0.000000   15.000000   clock source latency
     1    0.046681    0.214570    0.152157   15.152157 ^ clk (in)
                                                         clk (net)
                      0.215027    0.000000   15.152157 ^ clkbuf_0_clk/A (sky130_fd_sc_hd__clkbuf_16)
     8    0.151713    0.163939    0.277307   15.429464 ^ clkbuf_0_clk/X (sky130_fd_sc_hd__clkbuf_16)
                                                         clknet_0_clk (net)
                      0.164149    0.003729   15.433193 ^ clkbuf_3_6__f_clk/A (sky130_fd_sc_hd__clkbuf_16)
    10    0.030540    0.052499    0.175785   15.608977 ^ clkbuf_3_6__f_clk/X (sky130_fd_sc_hd__clkbuf_16)
                                                         clknet_3_6__leaf_clk (net)
                      0.052515    0.000814   15.609791 ^ _13637_/CLK (sky130_fd_sc_hd__dfrtp_1)
                                 -0.250000   15.359792   clock uncertainty
                                  0.000000   15.359792   clock reconvergence pessimism
                                  0.207136   15.566928   library recovery time
                                             15.566928   data required time
---------------------------------------------------------------------------------------------
                                             15.566928   data required time
                                             -4.060399   data arrival time
---------------------------------------------------------------------------------------------
                                             11.506529   slack (MET)


Startpoint: rst_n (input port clocked by clk)
Endpoint: _13634_ (recovery check against rising-edge clock clk)
Path Group: asynchronous
Path Type: max

Fanout         Cap        Slew       Delay        Time   Description
---------------------------------------------------------------------------------------------
                                  0.000000    0.000000   clock clk (rise edge)
                                  0.000000    0.000000   clock network delay (propagated)
                                  3.000000    3.000000 ^ input external delay
     1    0.002640    0.019049    0.009744    3.009744 ^ rst_n (in)
                                                         rst_n (net)
                      0.019049    0.000000    3.009744 ^ input1/A (sky130_fd_sc_hd__buf_2)
     2    0.041112    0.201561    0.208744    3.218487 ^ input1/X (sky130_fd_sc_hd__buf_2)
                                                         net1 (net)
                      0.201750    0.005082    3.223569 ^ fanout719/A (sky130_fd_sc_hd__clkbuf_8)
     9    0.104339    0.184267    0.285445    3.509014 ^ fanout719/X (sky130_fd_sc_hd__clkbuf_8)
                                                         net719 (net)
                      0.184570    0.005224    3.514238 ^ fanout718/A (sky130_fd_sc_hd__clkbuf_4)
     8    0.061242    0.187982    0.286724    3.800962 ^ fanout718/X (sky130_fd_sc_hd__clkbuf_4)
                                                         net718 (net)
                      0.187982    0.000220    3.801183 ^ fanout716/A (sky130_fd_sc_hd__clkbuf_4)
    10    0.045255    0.143611    0.258396    4.059578 ^ fanout716/X (sky130_fd_sc_hd__clkbuf_4)
                                                         net716 (net)
                      0.143612    0.000686    4.060265 ^ _13634_/RESET_B (sky130_fd_sc_hd__dfrtp_1)
                                              4.060265   data arrival time

                                 15.000000   15.000000   clock clk (rise edge)
                                  0.000000   15.000000   clock source latency
     1    0.046681    0.214570    0.152157   15.152157 ^ clk (in)
                                                         clk (net)
                      0.215027    0.000000   15.152157 ^ clkbuf_0_clk/A (sky130_fd_sc_hd__clkbuf_16)
     8    0.151713    0.163939    0.277307   15.429464 ^ clkbuf_0_clk/X (sky130_fd_sc_hd__clkbuf_16)
                                                         clknet_0_clk (net)
                      0.164149    0.003729   15.433193 ^ clkbuf_3_6__f_clk/A (sky130_fd_sc_hd__clkbuf_16)
    10    0.030540    0.052499    0.175785   15.608977 ^ clkbuf_3_6__f_clk/X (sky130_fd_sc_hd__clkbuf_16)
                                                         clknet_3_6__leaf_clk (net)
                      0.052515    0.000846   15.609823 ^ _13634_/CLK (sky130_fd_sc_hd__dfrtp_1)
                                 -0.250000   15.359824   clock uncertainty
                                  0.000000   15.359824   clock reconvergence pessimism
                                  0.207137   15.566961   library recovery time
                                             15.566961   data required time
---------------------------------------------------------------------------------------------
                                             15.566961   data required time
                                             -4.060265   data arrival time
---------------------------------------------------------------------------------------------
                                             11.506697   slack (MET)


Startpoint: rst_n (input port clocked by clk)
Endpoint: _13636_ (recovery check against rising-edge clock clk)
Path Group: asynchronous
Path Type: max

Fanout         Cap        Slew       Delay        Time   Description
---------------------------------------------------------------------------------------------
                                  0.000000    0.000000   clock clk (rise edge)
                                  0.000000    0.000000   clock network delay (propagated)
                                  3.000000    3.000000 ^ input external delay
     1    0.002640    0.019049    0.009744    3.009744 ^ rst_n (in)
                                                         rst_n (net)
                      0.019049    0.000000    3.009744 ^ input1/A (sky130_fd_sc_hd__buf_2)
     2    0.041112    0.201561    0.208744    3.218487 ^ input1/X (sky130_fd_sc_hd__buf_2)
                                                         net1 (net)
                      0.201750    0.005082    3.223569 ^ fanout719/A (sky130_fd_sc_hd__clkbuf_8)
     9    0.104339    0.184267    0.285445    3.509014 ^ fanout719/X (sky130_fd_sc_hd__clkbuf_8)
                                                         net719 (net)
                      0.184570    0.005224    3.514238 ^ fanout718/A (sky130_fd_sc_hd__clkbuf_4)
     8    0.061242    0.187982    0.286724    3.800962 ^ fanout718/X (sky130_fd_sc_hd__clkbuf_4)
                                                         net718 (net)
                      0.187982    0.000220    3.801183 ^ fanout716/A (sky130_fd_sc_hd__clkbuf_4)
    10    0.045255    0.143611    0.258396    4.059578 ^ fanout716/X (sky130_fd_sc_hd__clkbuf_4)
                                                         net716 (net)
                      0.143611    0.000366    4.059945 ^ _13636_/RESET_B (sky130_fd_sc_hd__dfrtp_1)
                                              4.059945   data arrival time

                                 15.000000   15.000000   clock clk (rise edge)
                                  0.000000   15.000000   clock source latency
     1    0.046681    0.214570    0.152157   15.152157 ^ clk (in)
                                                         clk (net)
                      0.215027    0.000000   15.152157 ^ clkbuf_0_clk/A (sky130_fd_sc_hd__clkbuf_16)
     8    0.151713    0.163939    0.277307   15.429464 ^ clkbuf_0_clk/X (sky130_fd_sc_hd__clkbuf_16)
                                                         clknet_0_clk (net)
                      0.164149    0.003729   15.433193 ^ clkbuf_3_6__f_clk/A (sky130_fd_sc_hd__clkbuf_16)
    10    0.030540    0.052499    0.175785   15.608977 ^ clkbuf_3_6__f_clk/X (sky130_fd_sc_hd__clkbuf_16)
                                                         clknet_3_6__leaf_clk (net)
                      0.052516    0.000892   15.609869 ^ _13636_/CLK (sky130_fd_sc_hd__dfrtp_1)
                                 -0.250000   15.359870   clock uncertainty
                                  0.000000   15.359870   clock reconvergence pessimism
                                  0.207137   15.567008   library recovery time
                                             15.567008   data required time
---------------------------------------------------------------------------------------------
                                             15.567008   data required time
                                             -4.059945   data arrival time
---------------------------------------------------------------------------------------------
                                             11.507062   slack (MET)


Startpoint: rst_n (input port clocked by clk)
Endpoint: _13685_ (recovery check against rising-edge clock clk)
Path Group: asynchronous
Path Type: max

Fanout         Cap        Slew       Delay        Time   Description
---------------------------------------------------------------------------------------------
                                  0.000000    0.000000   clock clk (rise edge)
                                  0.000000    0.000000   clock network delay (propagated)
                                  3.000000    3.000000 ^ input external delay
     1    0.002640    0.019049    0.009744    3.009744 ^ rst_n (in)
                                                         rst_n (net)
                      0.019049    0.000000    3.009744 ^ input1/A (sky130_fd_sc_hd__buf_2)
     2    0.041112    0.201561    0.208744    3.218487 ^ input1/X (sky130_fd_sc_hd__buf_2)
                                                         net1 (net)
                      0.201562    0.000396    3.218884 ^ fanout715/A (sky130_fd_sc_hd__buf_4)
     9    0.076788    0.214009    0.284427    3.503311 ^ fanout715/X (sky130_fd_sc_hd__buf_4)
                                                         net715 (net)
                      0.214166    0.003519    3.506829 ^ fanout714/A (sky130_fd_sc_hd__clkbuf_4)
     8    0.055518    0.170855    0.286437    3.793267 ^ fanout714/X (sky130_fd_sc_hd__clkbuf_4)
                                                         net714 (net)
                      0.171107    0.005354    3.798621 ^ fanout713/A (sky130_fd_sc_hd__clkbuf_4)
    10    0.048764    0.153274    0.260031    4.058652 ^ fanout713/X (sky130_fd_sc_hd__clkbuf_4)
                                                         net713 (net)
                      0.153290    0.001679    4.060331 ^ _13685_/RESET_B (sky130_fd_sc_hd__dfrtp_1)
                                              4.060331   data arrival time

                                 15.000000   15.000000   clock clk (rise edge)
                                  0.000000   15.000000   clock source latency
     1    0.046681    0.214570    0.152157   15.152157 ^ clk (in)
                                                         clk (net)
                      0.215027    0.000000   15.152157 ^ clkbuf_0_clk/A (sky130_fd_sc_hd__clkbuf_16)
     8    0.151713    0.163939    0.277307   15.429464 ^ clkbuf_0_clk/X (sky130_fd_sc_hd__clkbuf_16)
                                                         clknet_0_clk (net)
                      0.164186    0.004226   15.433690 ^ clkbuf_3_3__f_clk/A (sky130_fd_sc_hd__clkbuf_16)
    10    0.032705    0.054341    0.177360   15.611051 ^ clkbuf_3_3__f_clk/X (sky130_fd_sc_hd__clkbuf_16)
                                                         clknet_3_3__leaf_clk (net)
                      0.054349    0.001167   15.612218 ^ _13685_/CLK (sky130_fd_sc_hd__dfrtp_1)
                                 -0.250000   15.362219   clock uncertainty
                                  0.000000   15.362219   clock reconvergence pessimism
                                  0.205204   15.567424   library recovery time
                                             15.567424   data required time
---------------------------------------------------------------------------------------------
                                             15.567424   data required time
                                             -4.060331   data arrival time
---------------------------------------------------------------------------------------------
                                             11.507092   slack (MET)


Startpoint: rst_n (input port clocked by clk)
Endpoint: _13686_ (recovery check against rising-edge clock clk)
Path Group: asynchronous
Path Type: max

Fanout         Cap        Slew       Delay        Time   Description
---------------------------------------------------------------------------------------------
                                  0.000000    0.000000   clock clk (rise edge)
                                  0.000000    0.000000   clock network delay (propagated)
                                  3.000000    3.000000 ^ input external delay
     1    0.002640    0.019049    0.009744    3.009744 ^ rst_n (in)
                                                         rst_n (net)
                      0.019049    0.000000    3.009744 ^ input1/A (sky130_fd_sc_hd__buf_2)
     2    0.041112    0.201561    0.208744    3.218487 ^ input1/X (sky130_fd_sc_hd__buf_2)
                                                         net1 (net)
                      0.201562    0.000396    3.218884 ^ fanout715/A (sky130_fd_sc_hd__buf_4)
     9    0.076788    0.214009    0.284427    3.503311 ^ fanout715/X (sky130_fd_sc_hd__buf_4)
                                                         net715 (net)
                      0.214166    0.003519    3.506829 ^ fanout714/A (sky130_fd_sc_hd__clkbuf_4)
     8    0.055518    0.170855    0.286437    3.793267 ^ fanout714/X (sky130_fd_sc_hd__clkbuf_4)
                                                         net714 (net)
                      0.171107    0.005354    3.798621 ^ fanout713/A (sky130_fd_sc_hd__clkbuf_4)
    10    0.048764    0.153274    0.260031    4.058652 ^ fanout713/X (sky130_fd_sc_hd__clkbuf_4)
                                                         net713 (net)
                      0.153289    0.001642    4.060295 ^ _13686_/RESET_B (sky130_fd_sc_hd__dfrtp_1)
                                              4.060295   data arrival time

                                 15.000000   15.000000   clock clk (rise edge)
                                  0.000000   15.000000   clock source latency
     1    0.046681    0.214570    0.152157   15.152157 ^ clk (in)
                                                         clk (net)
                      0.215027    0.000000   15.152157 ^ clkbuf_0_clk/A (sky130_fd_sc_hd__clkbuf_16)
     8    0.151713    0.163939    0.277307   15.429464 ^ clkbuf_0_clk/X (sky130_fd_sc_hd__clkbuf_16)
                                                         clknet_0_clk (net)
                      0.164186    0.004226   15.433690 ^ clkbuf_3_3__f_clk/A (sky130_fd_sc_hd__clkbuf_16)
    10    0.032705    0.054341    0.177360   15.611051 ^ clkbuf_3_3__f_clk/X (sky130_fd_sc_hd__clkbuf_16)
                                                         clknet_3_3__leaf_clk (net)
                      0.054349    0.001140   15.612191 ^ _13686_/CLK (sky130_fd_sc_hd__dfrtp_1)
                                 -0.250000   15.362192   clock uncertainty
                                  0.000000   15.362192   clock reconvergence pessimism
                                  0.205204   15.567397   library recovery time
                                             15.567397   data required time
---------------------------------------------------------------------------------------------
                                             15.567397   data required time
                                             -4.060295   data arrival time
---------------------------------------------------------------------------------------------
                                             11.507102   slack (MET)


Startpoint: rst_n (input port clocked by clk)
Endpoint: _13687_ (recovery check against rising-edge clock clk)
Path Group: asynchronous
Path Type: max

Fanout         Cap        Slew       Delay        Time   Description
---------------------------------------------------------------------------------------------
                                  0.000000    0.000000   clock clk (rise edge)
                                  0.000000    0.000000   clock network delay (propagated)
                                  3.000000    3.000000 ^ input external delay
     1    0.002640    0.019049    0.009744    3.009744 ^ rst_n (in)
                                                         rst_n (net)
                      0.019049    0.000000    3.009744 ^ input1/A (sky130_fd_sc_hd__buf_2)
     2    0.041112    0.201561    0.208744    3.218487 ^ input1/X (sky130_fd_sc_hd__buf_2)
                                                         net1 (net)
                      0.201562    0.000396    3.218884 ^ fanout715/A (sky130_fd_sc_hd__buf_4)
     9    0.076788    0.214009    0.284427    3.503311 ^ fanout715/X (sky130_fd_sc_hd__buf_4)
                                                         net715 (net)
                      0.214166    0.003519    3.506829 ^ fanout714/A (sky130_fd_sc_hd__clkbuf_4)
     8    0.055518    0.170855    0.286437    3.793267 ^ fanout714/X (sky130_fd_sc_hd__clkbuf_4)
                                                         net714 (net)
                      0.171107    0.005354    3.798621 ^ fanout713/A (sky130_fd_sc_hd__clkbuf_4)
    10    0.048764    0.153274    0.260031    4.058652 ^ fanout713/X (sky130_fd_sc_hd__clkbuf_4)
                                                         net713 (net)
                      0.153289    0.001631    4.060283 ^ _13687_/RESET_B (sky130_fd_sc_hd__dfrtp_1)
                                              4.060283   data arrival time

                                 15.000000   15.000000   clock clk (rise edge)
                                  0.000000   15.000000   clock source latency
     1    0.046681    0.214570    0.152157   15.152157 ^ clk (in)
                                                         clk (net)
                      0.215027    0.000000   15.152157 ^ clkbuf_0_clk/A (sky130_fd_sc_hd__clkbuf_16)
     8    0.151713    0.163939    0.277307   15.429464 ^ clkbuf_0_clk/X (sky130_fd_sc_hd__clkbuf_16)
                                                         clknet_0_clk (net)
                      0.164186    0.004226   15.433690 ^ clkbuf_3_3__f_clk/A (sky130_fd_sc_hd__clkbuf_16)
    10    0.032705    0.054341    0.177360   15.611051 ^ clkbuf_3_3__f_clk/X (sky130_fd_sc_hd__clkbuf_16)
                                                         clknet_3_3__leaf_clk (net)
                      0.054349    0.001133   15.612184 ^ _13687_/CLK (sky130_fd_sc_hd__dfrtp_1)
                                 -0.250000   15.362185   clock uncertainty
                                  0.000000   15.362185   clock reconvergence pessimism
                                  0.205204   15.567389   library recovery time
                                             15.567389   data required time
---------------------------------------------------------------------------------------------
                                             15.567389   data required time
                                             -4.060283   data arrival time
---------------------------------------------------------------------------------------------
                                             11.507107   slack (MET)


Startpoint: rst_n (input port clocked by clk)
Endpoint: _13688_ (recovery check against rising-edge clock clk)
Path Group: asynchronous
Path Type: max

Fanout         Cap        Slew       Delay        Time   Description
---------------------------------------------------------------------------------------------
                                  0.000000    0.000000   clock clk (rise edge)
                                  0.000000    0.000000   clock network delay (propagated)
                                  3.000000    3.000000 ^ input external delay
     1    0.002640    0.019049    0.009744    3.009744 ^ rst_n (in)
                                                         rst_n (net)
                      0.019049    0.000000    3.009744 ^ input1/A (sky130_fd_sc_hd__buf_2)
     2    0.041112    0.201561    0.208744    3.218487 ^ input1/X (sky130_fd_sc_hd__buf_2)
                                                         net1 (net)
                      0.201562    0.000396    3.218884 ^ fanout715/A (sky130_fd_sc_hd__buf_4)
     9    0.076788    0.214009    0.284427    3.503311 ^ fanout715/X (sky130_fd_sc_hd__buf_4)
                                                         net715 (net)
                      0.214166    0.003519    3.506829 ^ fanout714/A (sky130_fd_sc_hd__clkbuf_4)
     8    0.055518    0.170855    0.286437    3.793267 ^ fanout714/X (sky130_fd_sc_hd__clkbuf_4)
                                                         net714 (net)
                      0.171107    0.005354    3.798621 ^ fanout713/A (sky130_fd_sc_hd__clkbuf_4)
    10    0.048764    0.153274    0.260031    4.058652 ^ fanout713/X (sky130_fd_sc_hd__clkbuf_4)
                                                         net713 (net)
                      0.153286    0.001513    4.060165 ^ _13688_/RESET_B (sky130_fd_sc_hd__dfrtp_1)
                                              4.060165   data arrival time

                                 15.000000   15.000000   clock clk (rise edge)
                                  0.000000   15.000000   clock source latency
     1    0.046681    0.214570    0.152157   15.152157 ^ clk (in)
                                                         clk (net)
                      0.215027    0.000000   15.152157 ^ clkbuf_0_clk/A (sky130_fd_sc_hd__clkbuf_16)
     8    0.151713    0.163939    0.277307   15.429464 ^ clkbuf_0_clk/X (sky130_fd_sc_hd__clkbuf_16)
                                                         clknet_0_clk (net)
                      0.164186    0.004226   15.433690 ^ clkbuf_3_3__f_clk/A (sky130_fd_sc_hd__clkbuf_16)
    10    0.032705    0.054341    0.177360   15.611051 ^ clkbuf_3_3__f_clk/X (sky130_fd_sc_hd__clkbuf_16)
                                                         clknet_3_3__leaf_clk (net)
                      0.054347    0.001036   15.612086 ^ _13688_/CLK (sky130_fd_sc_hd__dfrtp_1)
                                 -0.250000   15.362087   clock uncertainty
                                  0.000000   15.362087   clock reconvergence pessimism
                                  0.205205   15.567292   library recovery time
                                             15.567292   data required time
---------------------------------------------------------------------------------------------
                                             15.567292   data required time
                                             -4.060165   data arrival time
---------------------------------------------------------------------------------------------
                                             11.507126   slack (MET)


Startpoint: rst_n (input port clocked by clk)
Endpoint: _13692_ (recovery check against rising-edge clock clk)
Path Group: asynchronous
Path Type: max

Fanout         Cap        Slew       Delay        Time   Description
---------------------------------------------------------------------------------------------
                                  0.000000    0.000000   clock clk (rise edge)
                                  0.000000    0.000000   clock network delay (propagated)
                                  3.000000    3.000000 ^ input external delay
     1    0.002640    0.019049    0.009744    3.009744 ^ rst_n (in)
                                                         rst_n (net)
                      0.019049    0.000000    3.009744 ^ input1/A (sky130_fd_sc_hd__buf_2)
     2    0.041112    0.201561    0.208744    3.218487 ^ input1/X (sky130_fd_sc_hd__buf_2)
                                                         net1 (net)
                      0.201562    0.000396    3.218884 ^ fanout715/A (sky130_fd_sc_hd__buf_4)
     9    0.076788    0.214009    0.284427    3.503311 ^ fanout715/X (sky130_fd_sc_hd__buf_4)
                                                         net715 (net)
                      0.214166    0.003519    3.506829 ^ fanout714/A (sky130_fd_sc_hd__clkbuf_4)
     8    0.055518    0.170855    0.286437    3.793267 ^ fanout714/X (sky130_fd_sc_hd__clkbuf_4)
                                                         net714 (net)
                      0.171107    0.005354    3.798621 ^ fanout713/A (sky130_fd_sc_hd__clkbuf_4)
    10    0.048764    0.153274    0.260031    4.058652 ^ fanout713/X (sky130_fd_sc_hd__clkbuf_4)
                                                         net713 (net)
                      0.153276    0.000909    4.059562 ^ _13692_/RESET_B (sky130_fd_sc_hd__dfrtp_1)
                                              4.059562   data arrival time

                                 15.000000   15.000000   clock clk (rise edge)
                                  0.000000   15.000000   clock source latency
     1    0.046681    0.214570    0.152157   15.152157 ^ clk (in)
                                                         clk (net)
                      0.215027    0.000000   15.152157 ^ clkbuf_0_clk/A (sky130_fd_sc_hd__clkbuf_16)
     8    0.151713    0.163939    0.277307   15.429464 ^ clkbuf_0_clk/X (sky130_fd_sc_hd__clkbuf_16)
                                                         clknet_0_clk (net)
                      0.164186    0.004226   15.433690 ^ clkbuf_3_3__f_clk/A (sky130_fd_sc_hd__clkbuf_16)
    10    0.032705    0.054341    0.177360   15.611051 ^ clkbuf_3_3__f_clk/X (sky130_fd_sc_hd__clkbuf_16)
                                                         clknet_3_3__leaf_clk (net)
                      0.054343    0.000471   15.611522 ^ _13692_/CLK (sky130_fd_sc_hd__dfrtp_1)
                                 -0.250000   15.361523   clock uncertainty
                                  0.000000   15.361523   clock reconvergence pessimism
                                  0.205206   15.566729   library recovery time
                                             15.566729   data required time
---------------------------------------------------------------------------------------------
                                             15.566729   data required time
                                             -4.059562   data arrival time
---------------------------------------------------------------------------------------------
                                             11.507167   slack (MET)


Startpoint: rst_n (input port clocked by clk)
Endpoint: _13635_ (recovery check against rising-edge clock clk)
Path Group: asynchronous
Path Type: max

Fanout         Cap        Slew       Delay        Time   Description
---------------------------------------------------------------------------------------------
                                  0.000000    0.000000   clock clk (rise edge)
                                  0.000000    0.000000   clock network delay (propagated)
                                  3.000000    3.000000 ^ input external delay
     1    0.002640    0.019049    0.009744    3.009744 ^ rst_n (in)
                                                         rst_n (net)
                      0.019049    0.000000    3.009744 ^ input1/A (sky130_fd_sc_hd__buf_2)
     2    0.041112    0.201561    0.208744    3.218487 ^ input1/X (sky130_fd_sc_hd__buf_2)
                                                         net1 (net)
                      0.201750    0.005082    3.223569 ^ fanout719/A (sky130_fd_sc_hd__clkbuf_8)
     9    0.104339    0.184267    0.285445    3.509014 ^ fanout719/X (sky130_fd_sc_hd__clkbuf_8)
                                                         net719 (net)
                      0.184570    0.005224    3.514238 ^ fanout718/A (sky130_fd_sc_hd__clkbuf_4)
     8    0.061242    0.187982    0.286724    3.800962 ^ fanout718/X (sky130_fd_sc_hd__clkbuf_4)
                                                         net718 (net)
                      0.187982    0.000220    3.801183 ^ fanout716/A (sky130_fd_sc_hd__clkbuf_4)
    10    0.045255    0.143611    0.258396    4.059578 ^ fanout716/X (sky130_fd_sc_hd__clkbuf_4)
                                                         net716 (net)
                      0.143611    0.000241    4.059820 ^ _13635_/RESET_B (sky130_fd_sc_hd__dfrtp_1)
                                              4.059820   data arrival time

                                 15.000000   15.000000   clock clk (rise edge)
                                  0.000000   15.000000   clock source latency
     1    0.046681    0.214570    0.152157   15.152157 ^ clk (in)
                                                         clk (net)
                      0.215027    0.000000   15.152157 ^ clkbuf_0_clk/A (sky130_fd_sc_hd__clkbuf_16)
     8    0.151713    0.163939    0.277307   15.429464 ^ clkbuf_0_clk/X (sky130_fd_sc_hd__clkbuf_16)
                                                         clknet_0_clk (net)
                      0.164149    0.003729   15.433193 ^ clkbuf_3_6__f_clk/A (sky130_fd_sc_hd__clkbuf_16)
    10    0.030540    0.052499    0.175785   15.608977 ^ clkbuf_3_6__f_clk/X (sky130_fd_sc_hd__clkbuf_16)
                                                         clknet_3_6__leaf_clk (net)
                      0.052516    0.000901   15.609879 ^ _13635_/CLK (sky130_fd_sc_hd__dfrtp_1)
                                 -0.250000   15.359879   clock uncertainty
                                  0.000000   15.359879   clock reconvergence pessimism
                                  0.207137   15.567017   library recovery time
                                             15.567017   data required time
---------------------------------------------------------------------------------------------
                                             15.567017   data required time
                                             -4.059820   data arrival time
---------------------------------------------------------------------------------------------
                                             11.507197   slack (MET)


Startpoint: rst_n (input port clocked by clk)
Endpoint: _13693_ (recovery check against rising-edge clock clk)
Path Group: asynchronous
Path Type: max

Fanout         Cap        Slew       Delay        Time   Description
---------------------------------------------------------------------------------------------
                                  0.000000    0.000000   clock clk (rise edge)
                                  0.000000    0.000000   clock network delay (propagated)
                                  3.000000    3.000000 ^ input external delay
     1    0.002640    0.019049    0.009744    3.009744 ^ rst_n (in)
                                                         rst_n (net)
                      0.019049    0.000000    3.009744 ^ input1/A (sky130_fd_sc_hd__buf_2)
     2    0.041112    0.201561    0.208744    3.218487 ^ input1/X (sky130_fd_sc_hd__buf_2)
                                                         net1 (net)
                      0.201562    0.000396    3.218884 ^ fanout715/A (sky130_fd_sc_hd__buf_4)
     9    0.076788    0.214009    0.284427    3.503311 ^ fanout715/X (sky130_fd_sc_hd__buf_4)
                                                         net715 (net)
                      0.214166    0.003519    3.506829 ^ fanout714/A (sky130_fd_sc_hd__clkbuf_4)
     8    0.055518    0.170855    0.286437    3.793267 ^ fanout714/X (sky130_fd_sc_hd__clkbuf_4)
                                                         net714 (net)
                      0.171107    0.005354    3.798621 ^ fanout713/A (sky130_fd_sc_hd__clkbuf_4)
    10    0.048764    0.153274    0.260031    4.058652 ^ fanout713/X (sky130_fd_sc_hd__clkbuf_4)
                                                         net713 (net)
                      0.153274    0.000767    4.059420 ^ _13693_/RESET_B (sky130_fd_sc_hd__dfrtp_1)
                                              4.059420   data arrival time

                                 15.000000   15.000000   clock clk (rise edge)
                                  0.000000   15.000000   clock source latency
     1    0.046681    0.214570    0.152157   15.152157 ^ clk (in)
                                                         clk (net)
                      0.215027    0.000000   15.152157 ^ clkbuf_0_clk/A (sky130_fd_sc_hd__clkbuf_16)
     8    0.151713    0.163939    0.277307   15.429464 ^ clkbuf_0_clk/X (sky130_fd_sc_hd__clkbuf_16)
                                                         clknet_0_clk (net)
                      0.164186    0.004226   15.433690 ^ clkbuf_3_3__f_clk/A (sky130_fd_sc_hd__clkbuf_16)
    10    0.032705    0.054341    0.177360   15.611051 ^ clkbuf_3_3__f_clk/X (sky130_fd_sc_hd__clkbuf_16)
                                                         clknet_3_3__leaf_clk (net)
                      0.054343    0.000504   15.611555 ^ _13693_/CLK (sky130_fd_sc_hd__dfrtp_1)
                                 -0.250000   15.361556   clock uncertainty
                                  0.000000   15.361556   clock reconvergence pessimism
                                  0.205206   15.566763   library recovery time
                                             15.566763   data required time
---------------------------------------------------------------------------------------------
                                             15.566763   data required time
                                             -4.059420   data arrival time
---------------------------------------------------------------------------------------------
                                             11.507343   slack (MET)


Startpoint: rst_n (input port clocked by clk)
Endpoint: _13697_ (recovery check against rising-edge clock clk)
Path Group: asynchronous
Path Type: max

Fanout         Cap        Slew       Delay        Time   Description
---------------------------------------------------------------------------------------------
                                  0.000000    0.000000   clock clk (rise edge)
                                  0.000000    0.000000   clock network delay (propagated)
                                  3.000000    3.000000 ^ input external delay
     1    0.002640    0.019049    0.009744    3.009744 ^ rst_n (in)
                                                         rst_n (net)
                      0.019049    0.000000    3.009744 ^ input1/A (sky130_fd_sc_hd__buf_2)
     2    0.041112    0.201561    0.208744    3.218487 ^ input1/X (sky130_fd_sc_hd__buf_2)
                                                         net1 (net)
                      0.201562    0.000396    3.218884 ^ fanout715/A (sky130_fd_sc_hd__buf_4)
     9    0.076788    0.214009    0.284427    3.503311 ^ fanout715/X (sky130_fd_sc_hd__buf_4)
                                                         net715 (net)
                      0.214166    0.003519    3.506829 ^ fanout714/A (sky130_fd_sc_hd__clkbuf_4)
     8    0.055518    0.170855    0.286437    3.793267 ^ fanout714/X (sky130_fd_sc_hd__clkbuf_4)
                                                         net714 (net)
                      0.171107    0.005354    3.798621 ^ fanout713/A (sky130_fd_sc_hd__clkbuf_4)
    10    0.048764    0.153274    0.260031    4.058652 ^ fanout713/X (sky130_fd_sc_hd__clkbuf_4)
                                                         net713 (net)
                      0.153274    0.000350    4.059002 ^ _13697_/RESET_B (sky130_fd_sc_hd__dfrtp_1)
                                              4.059002   data arrival time

                                 15.000000   15.000000   clock clk (rise edge)
                                  0.000000   15.000000   clock source latency
     1    0.046681    0.214570    0.152157   15.152157 ^ clk (in)
                                                         clk (net)
                      0.215027    0.000000   15.152157 ^ clkbuf_0_clk/A (sky130_fd_sc_hd__clkbuf_16)
     8    0.151713    0.163939    0.277307   15.429464 ^ clkbuf_0_clk/X (sky130_fd_sc_hd__clkbuf_16)
                                                         clknet_0_clk (net)
                      0.164186    0.004226   15.433690 ^ clkbuf_3_3__f_clk/A (sky130_fd_sc_hd__clkbuf_16)
    10    0.032705    0.054341    0.177360   15.611051 ^ clkbuf_3_3__f_clk/X (sky130_fd_sc_hd__clkbuf_16)
                                                         clknet_3_3__leaf_clk (net)
                      0.054343    0.000572   15.611623 ^ _13697_/CLK (sky130_fd_sc_hd__dfrtp_1)
                                 -0.250000   15.361624   clock uncertainty
                                  0.000000   15.361624   clock reconvergence pessimism
                                  0.205206   15.566830   library recovery time
                                             15.566830   data required time
---------------------------------------------------------------------------------------------
                                             15.566830   data required time
                                             -4.059002   data arrival time
---------------------------------------------------------------------------------------------
                                             11.507828   slack (MET)


Startpoint: rst_n (input port clocked by clk)
Endpoint: _13668_ (recovery check against rising-edge clock clk)
Path Group: asynchronous
Path Type: max

Fanout         Cap        Slew       Delay        Time   Description
---------------------------------------------------------------------------------------------
                                  0.000000    0.000000   clock clk (rise edge)
                                  0.000000    0.000000   clock network delay (propagated)
                                  3.000000    3.000000 ^ input external delay
     1    0.002640    0.019049    0.009744    3.009744 ^ rst_n (in)
                                                         rst_n (net)
                      0.019049    0.000000    3.009744 ^ input1/A (sky130_fd_sc_hd__buf_2)
     2    0.041112    0.201561    0.208744    3.218487 ^ input1/X (sky130_fd_sc_hd__buf_2)
                                                         net1 (net)
                      0.201562    0.000396    3.218884 ^ fanout715/A (sky130_fd_sc_hd__buf_4)
     9    0.076788    0.214009    0.284427    3.503311 ^ fanout715/X (sky130_fd_sc_hd__buf_4)
                                                         net715 (net)
                      0.214166    0.003519    3.506829 ^ fanout714/A (sky130_fd_sc_hd__clkbuf_4)
     8    0.055518    0.170855    0.286437    3.793267 ^ fanout714/X (sky130_fd_sc_hd__clkbuf_4)
                                                         net714 (net)
                      0.170862    0.000921    3.794187 ^ fanout712/A (sky130_fd_sc_hd__clkbuf_4)
    10    0.054657    0.168360    0.271204    4.065391 ^ fanout712/X (sky130_fd_sc_hd__clkbuf_4)
                                                         net712 (net)
                      0.168543    0.003503    4.068894 ^ _13668_/RESET_B (sky130_fd_sc_hd__dfrtp_1)
                                              4.068894   data arrival time

                                 15.000000   15.000000   clock clk (rise edge)
                                  0.000000   15.000000   clock source latency
     1    0.046681    0.214570    0.152157   15.152157 ^ clk (in)
                                                         clk (net)
                      0.215027    0.000000   15.152157 ^ clkbuf_0_clk/A (sky130_fd_sc_hd__clkbuf_16)
     8    0.151713    0.163939    0.277307   15.429464 ^ clkbuf_0_clk/X (sky130_fd_sc_hd__clkbuf_16)
                                                         clknet_0_clk (net)
                      0.164269    0.005153   15.434618 ^ clkbuf_3_1__f_clk/A (sky130_fd_sc_hd__clkbuf_16)
     7    0.047063    0.066928    0.187974   15.622592 ^ clkbuf_3_1__f_clk/X (sky130_fd_sc_hd__clkbuf_16)
                                                         clknet_3_1__leaf_clk (net)
                      0.066948    0.001071   15.623663 ^ _13668_/CLK (sky130_fd_sc_hd__dfrtp_1)
                                 -0.250000   15.373664   clock uncertainty
                                  0.000000   15.373664   clock reconvergence pessimism
                                  0.205187   15.578851   library recovery time
                                             15.578851   data required time
---------------------------------------------------------------------------------------------
                                             15.578851   data required time
                                             -4.068894   data arrival time
---------------------------------------------------------------------------------------------
                                             11.509956   slack (MET)


Startpoint: rst_n (input port clocked by clk)
Endpoint: _13669_ (recovery check against rising-edge clock clk)
Path Group: asynchronous
Path Type: max

Fanout         Cap        Slew       Delay        Time   Description
---------------------------------------------------------------------------------------------
                                  0.000000    0.000000   clock clk (rise edge)
                                  0.000000    0.000000   clock network delay (propagated)
                                  3.000000    3.000000 ^ input external delay
     1    0.002640    0.019049    0.009744    3.009744 ^ rst_n (in)
                                                         rst_n (net)
                      0.019049    0.000000    3.009744 ^ input1/A (sky130_fd_sc_hd__buf_2)
     2    0.041112    0.201561    0.208744    3.218487 ^ input1/X (sky130_fd_sc_hd__buf_2)
                                                         net1 (net)
                      0.201562    0.000396    3.218884 ^ fanout715/A (sky130_fd_sc_hd__buf_4)
     9    0.076788    0.214009    0.284427    3.503311 ^ fanout715/X (sky130_fd_sc_hd__buf_4)
                                                         net715 (net)
                      0.214166    0.003519    3.506829 ^ fanout714/A (sky130_fd_sc_hd__clkbuf_4)
     8    0.055518    0.170855    0.286437    3.793267 ^ fanout714/X (sky130_fd_sc_hd__clkbuf_4)
                                                         net714 (net)
                      0.170862    0.000921    3.794187 ^ fanout712/A (sky130_fd_sc_hd__clkbuf_4)
    10    0.054657    0.168360    0.271204    4.065391 ^ fanout712/X (sky130_fd_sc_hd__clkbuf_4)
                                                         net712 (net)
                      0.168540    0.003463    4.068855 ^ _13669_/RESET_B (sky130_fd_sc_hd__dfrtp_1)
                                              4.068855   data arrival time

                                 15.000000   15.000000   clock clk (rise edge)
                                  0.000000   15.000000   clock source latency
     1    0.046681    0.214570    0.152157   15.152157 ^ clk (in)
                                                         clk (net)
                      0.215027    0.000000   15.152157 ^ clkbuf_0_clk/A (sky130_fd_sc_hd__clkbuf_16)
     8    0.151713    0.163939    0.277307   15.429464 ^ clkbuf_0_clk/X (sky130_fd_sc_hd__clkbuf_16)
                                                         clknet_0_clk (net)
                      0.164269    0.005153   15.434618 ^ clkbuf_3_1__f_clk/A (sky130_fd_sc_hd__clkbuf_16)
     7    0.047063    0.066928    0.187974   15.622592 ^ clkbuf_3_1__f_clk/X (sky130_fd_sc_hd__clkbuf_16)
                                                         clknet_3_1__leaf_clk (net)
                      0.066950    0.001114   15.623706 ^ _13669_/CLK (sky130_fd_sc_hd__dfrtp_1)
                                 -0.250000   15.373706   clock uncertainty
                                  0.000000   15.373706   clock reconvergence pessimism
                                  0.205188   15.578895   library recovery time
                                             15.578895   data required time
---------------------------------------------------------------------------------------------
                                             15.578895   data required time
                                             -4.068855   data arrival time
---------------------------------------------------------------------------------------------
                                             11.510040   slack (MET)


Startpoint: rst_n (input port clocked by clk)
Endpoint: _13651_ (recovery check against rising-edge clock clk)
Path Group: asynchronous
Path Type: max

Fanout         Cap        Slew       Delay        Time   Description
---------------------------------------------------------------------------------------------
                                  0.000000    0.000000   clock clk (rise edge)
                                  0.000000    0.000000   clock network delay (propagated)
                                  3.000000    3.000000 ^ input external delay
     1    0.002640    0.019049    0.009744    3.009744 ^ rst_n (in)
                                                         rst_n (net)
                      0.019049    0.000000    3.009744 ^ input1/A (sky130_fd_sc_hd__buf_2)
     2    0.041112    0.201561    0.208744    3.218487 ^ input1/X (sky130_fd_sc_hd__buf_2)
                                                         net1 (net)
                      0.201750    0.005082    3.223569 ^ fanout719/A (sky130_fd_sc_hd__clkbuf_8)
     9    0.104339    0.184267    0.285445    3.509014 ^ fanout719/X (sky130_fd_sc_hd__clkbuf_8)
                                                         net719 (net)
                      0.184570    0.005224    3.514238 ^ fanout718/A (sky130_fd_sc_hd__clkbuf_4)
     8    0.061242    0.187982    0.286724    3.800962 ^ fanout718/X (sky130_fd_sc_hd__clkbuf_4)
                                                         net718 (net)
                      0.188468    0.007768    3.808731 ^ fanout717/A (sky130_fd_sc_hd__buf_4)
    10    0.057609    0.162609    0.244848    4.053578 ^ fanout717/X (sky130_fd_sc_hd__buf_4)
                                                         net717 (net)
                      0.162812    0.004699    4.058278 ^ _13651_/RESET_B (sky130_fd_sc_hd__dfrtp_1)
                                              4.058278   data arrival time

                                 15.000000   15.000000   clock clk (rise edge)
                                  0.000000   15.000000   clock source latency
     1    0.046681    0.214570    0.152157   15.152157 ^ clk (in)
                                                         clk (net)
                      0.215027    0.000000   15.152157 ^ clkbuf_0_clk/A (sky130_fd_sc_hd__clkbuf_16)
     8    0.151713    0.163939    0.277307   15.429464 ^ clkbuf_0_clk/X (sky130_fd_sc_hd__clkbuf_16)
                                                         clknet_0_clk (net)
                      0.164105    0.003027   15.432491 ^ clkbuf_3_7__f_clk/A (sky130_fd_sc_hd__clkbuf_16)
    10    0.044032    0.064196    0.185526   15.618017 ^ clkbuf_3_7__f_clk/X (sky130_fd_sc_hd__clkbuf_16)
                                                         clknet_3_7__leaf_clk (net)
                      0.064216    0.001075   15.619092 ^ _13651_/CLK (sky130_fd_sc_hd__dfrtp_1)
                                 -0.250000   15.369093   clock uncertainty
                                  0.000000   15.369093   clock reconvergence pessimism
                                  0.205815   15.574907   library recovery time
                                             15.574907   data required time
---------------------------------------------------------------------------------------------
                                             15.574907   data required time
                                             -4.058278   data arrival time
---------------------------------------------------------------------------------------------
                                             11.516630   slack (MET)


Startpoint: rst_n (input port clocked by clk)
Endpoint: _13653_ (recovery check against rising-edge clock clk)
Path Group: asynchronous
Path Type: max

Fanout         Cap        Slew       Delay        Time   Description
---------------------------------------------------------------------------------------------
                                  0.000000    0.000000   clock clk (rise edge)
                                  0.000000    0.000000   clock network delay (propagated)
                                  3.000000    3.000000 ^ input external delay
     1    0.002640    0.019049    0.009744    3.009744 ^ rst_n (in)
                                                         rst_n (net)
                      0.019049    0.000000    3.009744 ^ input1/A (sky130_fd_sc_hd__buf_2)
     2    0.041112    0.201561    0.208744    3.218487 ^ input1/X (sky130_fd_sc_hd__buf_2)
                                                         net1 (net)
                      0.201750    0.005082    3.223569 ^ fanout719/A (sky130_fd_sc_hd__clkbuf_8)
     9    0.104339    0.184267    0.285445    3.509014 ^ fanout719/X (sky130_fd_sc_hd__clkbuf_8)
                                                         net719 (net)
                      0.184570    0.005224    3.514238 ^ fanout718/A (sky130_fd_sc_hd__clkbuf_4)
     8    0.061242    0.187982    0.286724    3.800962 ^ fanout718/X (sky130_fd_sc_hd__clkbuf_4)
                                                         net718 (net)
                      0.188468    0.007768    3.808731 ^ fanout717/A (sky130_fd_sc_hd__buf_4)
    10    0.057609    0.162609    0.244848    4.053578 ^ fanout717/X (sky130_fd_sc_hd__buf_4)
                                                         net717 (net)
                      0.162811    0.004682    4.058261 ^ _13653_/RESET_B (sky130_fd_sc_hd__dfrtp_1)
                                              4.058261   data arrival time

                                 15.000000   15.000000   clock clk (rise edge)
                                  0.000000   15.000000   clock source latency
     1    0.046681    0.214570    0.152157   15.152157 ^ clk (in)
                                                         clk (net)
                      0.215027    0.000000   15.152157 ^ clkbuf_0_clk/A (sky130_fd_sc_hd__clkbuf_16)
     8    0.151713    0.163939    0.277307   15.429464 ^ clkbuf_0_clk/X (sky130_fd_sc_hd__clkbuf_16)
                                                         clknet_0_clk (net)
                      0.164105    0.003027   15.432491 ^ clkbuf_3_7__f_clk/A (sky130_fd_sc_hd__clkbuf_16)
    10    0.044032    0.064196    0.185526   15.618017 ^ clkbuf_3_7__f_clk/X (sky130_fd_sc_hd__clkbuf_16)
                                                         clknet_3_7__leaf_clk (net)
                      0.064223    0.001219   15.619236 ^ _13653_/CLK (sky130_fd_sc_hd__dfrtp_1)
                                 -0.250000   15.369237   clock uncertainty
                                  0.000000   15.369237   clock reconvergence pessimism
                                  0.205818   15.575054   library recovery time
                                             15.575054   data required time
---------------------------------------------------------------------------------------------
                                             15.575054   data required time
                                             -4.058261   data arrival time
---------------------------------------------------------------------------------------------
                                             11.516793   slack (MET)


Startpoint: rst_n (input port clocked by clk)
Endpoint: _13652_ (recovery check against rising-edge clock clk)
Path Group: asynchronous
Path Type: max

Fanout         Cap        Slew       Delay        Time   Description
---------------------------------------------------------------------------------------------
                                  0.000000    0.000000   clock clk (rise edge)
                                  0.000000    0.000000   clock network delay (propagated)
                                  3.000000    3.000000 ^ input external delay
     1    0.002640    0.019049    0.009744    3.009744 ^ rst_n (in)
                                                         rst_n (net)
                      0.019049    0.000000    3.009744 ^ input1/A (sky130_fd_sc_hd__buf_2)
     2    0.041112    0.201561    0.208744    3.218487 ^ input1/X (sky130_fd_sc_hd__buf_2)
                                                         net1 (net)
                      0.201750    0.005082    3.223569 ^ fanout719/A (sky130_fd_sc_hd__clkbuf_8)
     9    0.104339    0.184267    0.285445    3.509014 ^ fanout719/X (sky130_fd_sc_hd__clkbuf_8)
                                                         net719 (net)
                      0.184570    0.005224    3.514238 ^ fanout718/A (sky130_fd_sc_hd__clkbuf_4)
     8    0.061242    0.187982    0.286724    3.800962 ^ fanout718/X (sky130_fd_sc_hd__clkbuf_4)
                                                         net718 (net)
                      0.188468    0.007768    3.808731 ^ fanout717/A (sky130_fd_sc_hd__buf_4)
    10    0.057609    0.162609    0.244848    4.053578 ^ fanout717/X (sky130_fd_sc_hd__buf_4)
                                                         net717 (net)
                      0.162803    0.004596    4.058175 ^ _13652_/RESET_B (sky130_fd_sc_hd__dfrtp_1)
                                              4.058175   data arrival time

                                 15.000000   15.000000   clock clk (rise edge)
                                  0.000000   15.000000   clock source latency
     1    0.046681    0.214570    0.152157   15.152157 ^ clk (in)
                                                         clk (net)
                      0.215027    0.000000   15.152157 ^ clkbuf_0_clk/A (sky130_fd_sc_hd__clkbuf_16)
     8    0.151713    0.163939    0.277307   15.429464 ^ clkbuf_0_clk/X (sky130_fd_sc_hd__clkbuf_16)
                                                         clknet_0_clk (net)
                      0.164105    0.003027   15.432491 ^ clkbuf_3_7__f_clk/A (sky130_fd_sc_hd__clkbuf_16)
    10    0.044032    0.064196    0.185526   15.618017 ^ clkbuf_3_7__f_clk/X (sky130_fd_sc_hd__clkbuf_16)
                                                         clknet_3_7__leaf_clk (net)
                      0.064228    0.001299   15.619316 ^ _13652_/CLK (sky130_fd_sc_hd__dfrtp_1)
                                 -0.250000   15.369317   clock uncertainty
                                  0.000000   15.369317   clock reconvergence pessimism
                                  0.205821   15.575138   library recovery time
                                             15.575138   data required time
---------------------------------------------------------------------------------------------
                                             15.575138   data required time
                                             -4.058175   data arrival time
---------------------------------------------------------------------------------------------
                                             11.516964   slack (MET)


Startpoint: rst_n (input port clocked by clk)
Endpoint: _13654_ (recovery check against rising-edge clock clk)
Path Group: asynchronous
Path Type: max

Fanout         Cap        Slew       Delay        Time   Description
---------------------------------------------------------------------------------------------
                                  0.000000    0.000000   clock clk (rise edge)
                                  0.000000    0.000000   clock network delay (propagated)
                                  3.000000    3.000000 ^ input external delay
     1    0.002640    0.019049    0.009744    3.009744 ^ rst_n (in)
                                                         rst_n (net)
                      0.019049    0.000000    3.009744 ^ input1/A (sky130_fd_sc_hd__buf_2)
     2    0.041112    0.201561    0.208744    3.218487 ^ input1/X (sky130_fd_sc_hd__buf_2)
                                                         net1 (net)
                      0.201750    0.005082    3.223569 ^ fanout719/A (sky130_fd_sc_hd__clkbuf_8)
     9    0.104339    0.184267    0.285445    3.509014 ^ fanout719/X (sky130_fd_sc_hd__clkbuf_8)
                                                         net719 (net)
                      0.184570    0.005224    3.514238 ^ fanout718/A (sky130_fd_sc_hd__clkbuf_4)
     8    0.061242    0.187982    0.286724    3.800962 ^ fanout718/X (sky130_fd_sc_hd__clkbuf_4)
                                                         net718 (net)
                      0.188468    0.007768    3.808731 ^ fanout717/A (sky130_fd_sc_hd__buf_4)
    10    0.057609    0.162609    0.244848    4.053578 ^ fanout717/X (sky130_fd_sc_hd__buf_4)
                                                         net717 (net)
                      0.162791    0.004456    4.058035 ^ _13654_/RESET_B (sky130_fd_sc_hd__dfrtp_1)
                                              4.058035   data arrival time

                                 15.000000   15.000000   clock clk (rise edge)
                                  0.000000   15.000000   clock source latency
     1    0.046681    0.214570    0.152157   15.152157 ^ clk (in)
                                                         clk (net)
                      0.215027    0.000000   15.152157 ^ clkbuf_0_clk/A (sky130_fd_sc_hd__clkbuf_16)
     8    0.151713    0.163939    0.277307   15.429464 ^ clkbuf_0_clk/X (sky130_fd_sc_hd__clkbuf_16)
                                                         clknet_0_clk (net)
                      0.164105    0.003027   15.432491 ^ clkbuf_3_7__f_clk/A (sky130_fd_sc_hd__clkbuf_16)
    10    0.044032    0.064196    0.185526   15.618017 ^ clkbuf_3_7__f_clk/X (sky130_fd_sc_hd__clkbuf_16)
                                                         clknet_3_7__leaf_clk (net)
                      0.064235    0.001398   15.619415 ^ _13654_/CLK (sky130_fd_sc_hd__dfrtp_1)
                                 -0.250000   15.369416   clock uncertainty
                                  0.000000   15.369416   clock reconvergence pessimism
                                  0.205826   15.575243   library recovery time
                                             15.575243   data required time
---------------------------------------------------------------------------------------------
                                             15.575243   data required time
                                             -4.058035   data arrival time
---------------------------------------------------------------------------------------------
                                             11.517208   slack (MET)


Startpoint: rst_n (input port clocked by clk)
Endpoint: _13656_ (recovery check against rising-edge clock clk)
Path Group: asynchronous
Path Type: max

Fanout         Cap        Slew       Delay        Time   Description
---------------------------------------------------------------------------------------------
                                  0.000000    0.000000   clock clk (rise edge)
                                  0.000000    0.000000   clock network delay (propagated)
                                  3.000000    3.000000 ^ input external delay
     1    0.002640    0.019049    0.009744    3.009744 ^ rst_n (in)
                                                         rst_n (net)
                      0.019049    0.000000    3.009744 ^ input1/A (sky130_fd_sc_hd__buf_2)
     2    0.041112    0.201561    0.208744    3.218487 ^ input1/X (sky130_fd_sc_hd__buf_2)
                                                         net1 (net)
                      0.201750    0.005082    3.223569 ^ fanout719/A (sky130_fd_sc_hd__clkbuf_8)
     9    0.104339    0.184267    0.285445    3.509014 ^ fanout719/X (sky130_fd_sc_hd__clkbuf_8)
                                                         net719 (net)
                      0.184570    0.005224    3.514238 ^ fanout718/A (sky130_fd_sc_hd__clkbuf_4)
     8    0.061242    0.187982    0.286724    3.800962 ^ fanout718/X (sky130_fd_sc_hd__clkbuf_4)
                                                         net718 (net)
                      0.188468    0.007768    3.808731 ^ fanout717/A (sky130_fd_sc_hd__buf_4)
    10    0.057609    0.162609    0.244848    4.053578 ^ fanout717/X (sky130_fd_sc_hd__buf_4)
                                                         net717 (net)
                      0.162774    0.004244    4.057822 ^ _13656_/RESET_B (sky130_fd_sc_hd__dfrtp_1)
                                              4.057822   data arrival time

                                 15.000000   15.000000   clock clk (rise edge)
                                  0.000000   15.000000   clock source latency
     1    0.046681    0.214570    0.152157   15.152157 ^ clk (in)
                                                         clk (net)
                      0.215027    0.000000   15.152157 ^ clkbuf_0_clk/A (sky130_fd_sc_hd__clkbuf_16)
     8    0.151713    0.163939    0.277307   15.429464 ^ clkbuf_0_clk/X (sky130_fd_sc_hd__clkbuf_16)
                                                         clknet_0_clk (net)
                      0.164105    0.003027   15.432491 ^ clkbuf_3_7__f_clk/A (sky130_fd_sc_hd__clkbuf_16)
    10    0.044032    0.064196    0.185526   15.618017 ^ clkbuf_3_7__f_clk/X (sky130_fd_sc_hd__clkbuf_16)
                                                         clknet_3_7__leaf_clk (net)
                      0.064239    0.001460   15.619477 ^ _13656_/CLK (sky130_fd_sc_hd__dfrtp_1)
                                 -0.250000   15.369478   clock uncertainty
                                  0.000000   15.369478   clock reconvergence pessimism
                                  0.205832   15.575311   library recovery time
                                             15.575311   data required time
---------------------------------------------------------------------------------------------
                                             15.575311   data required time
                                             -4.057822   data arrival time
---------------------------------------------------------------------------------------------
                                             11.517488   slack (MET)


Startpoint: rst_n (input port clocked by clk)
Endpoint: _13655_ (recovery check against rising-edge clock clk)
Path Group: asynchronous
Path Type: max

Fanout         Cap        Slew       Delay        Time   Description
---------------------------------------------------------------------------------------------
                                  0.000000    0.000000   clock clk (rise edge)
                                  0.000000    0.000000   clock network delay (propagated)
                                  3.000000    3.000000 ^ input external delay
     1    0.002640    0.019049    0.009744    3.009744 ^ rst_n (in)
                                                         rst_n (net)
                      0.019049    0.000000    3.009744 ^ input1/A (sky130_fd_sc_hd__buf_2)
     2    0.041112    0.201561    0.208744    3.218487 ^ input1/X (sky130_fd_sc_hd__buf_2)
                                                         net1 (net)
                      0.201750    0.005082    3.223569 ^ fanout719/A (sky130_fd_sc_hd__clkbuf_8)
     9    0.104339    0.184267    0.285445    3.509014 ^ fanout719/X (sky130_fd_sc_hd__clkbuf_8)
                                                         net719 (net)
                      0.184570    0.005224    3.514238 ^ fanout718/A (sky130_fd_sc_hd__clkbuf_4)
     8    0.061242    0.187982    0.286724    3.800962 ^ fanout718/X (sky130_fd_sc_hd__clkbuf_4)
                                                         net718 (net)
                      0.188468    0.007768    3.808731 ^ fanout717/A (sky130_fd_sc_hd__buf_4)
    10    0.057609    0.162609    0.244848    4.053578 ^ fanout717/X (sky130_fd_sc_hd__buf_4)
                                                         net717 (net)
                      0.162748    0.003908    4.057487 ^ _13655_/RESET_B (sky130_fd_sc_hd__dfrtp_1)
                                              4.057487   data arrival time

                                 15.000000   15.000000   clock clk (rise edge)
                                  0.000000   15.000000   clock source latency
     1    0.046681    0.214570    0.152157   15.152157 ^ clk (in)
                                                         clk (net)
                      0.215027    0.000000   15.152157 ^ clkbuf_0_clk/A (sky130_fd_sc_hd__clkbuf_16)
     8    0.151713    0.163939    0.277307   15.429464 ^ clkbuf_0_clk/X (sky130_fd_sc_hd__clkbuf_16)
                                                         clknet_0_clk (net)
                      0.164105    0.003027   15.432491 ^ clkbuf_3_7__f_clk/A (sky130_fd_sc_hd__clkbuf_16)
    10    0.044032    0.064196    0.185526   15.618017 ^ clkbuf_3_7__f_clk/X (sky130_fd_sc_hd__clkbuf_16)
                                                         clknet_3_7__leaf_clk (net)
                      0.064241    0.001489   15.619506 ^ _13655_/CLK (sky130_fd_sc_hd__dfrtp_1)
                                 -0.250000   15.369507   clock uncertainty
                                  0.000000   15.369507   clock reconvergence pessimism
                                  0.205839   15.575346   library recovery time
                                             15.575346   data required time
---------------------------------------------------------------------------------------------
                                             15.575346   data required time
                                             -4.057487   data arrival time
---------------------------------------------------------------------------------------------
                                             11.517859   slack (MET)


Startpoint: rst_n (input port clocked by clk)
Endpoint: _13660_ (recovery check against rising-edge clock clk)
Path Group: asynchronous
Path Type: max

Fanout         Cap        Slew       Delay        Time   Description
---------------------------------------------------------------------------------------------
                                  0.000000    0.000000   clock clk (rise edge)
                                  0.000000    0.000000   clock network delay (propagated)
                                  3.000000    3.000000 ^ input external delay
     1    0.002640    0.019049    0.009744    3.009744 ^ rst_n (in)
                                                         rst_n (net)
                      0.019049    0.000000    3.009744 ^ input1/A (sky130_fd_sc_hd__buf_2)
     2    0.041112    0.201561    0.208744    3.218487 ^ input1/X (sky130_fd_sc_hd__buf_2)
                                                         net1 (net)
                      0.201750    0.005082    3.223569 ^ fanout719/A (sky130_fd_sc_hd__clkbuf_8)
     9    0.104339    0.184267    0.285445    3.509014 ^ fanout719/X (sky130_fd_sc_hd__clkbuf_8)
                                                         net719 (net)
                      0.184570    0.005224    3.514238 ^ fanout718/A (sky130_fd_sc_hd__clkbuf_4)
     8    0.061242    0.187982    0.286724    3.800962 ^ fanout718/X (sky130_fd_sc_hd__clkbuf_4)
                                                         net718 (net)
                      0.188468    0.007768    3.808731 ^ fanout717/A (sky130_fd_sc_hd__buf_4)
    10    0.057609    0.162609    0.244848    4.053578 ^ fanout717/X (sky130_fd_sc_hd__buf_4)
                                                         net717 (net)
                      0.162636    0.001742    4.055321 ^ _13660_/RESET_B (sky130_fd_sc_hd__dfrtp_1)
                                              4.055321   data arrival time

                                 15.000000   15.000000   clock clk (rise edge)
                                  0.000000   15.000000   clock source latency
     1    0.046681    0.214570    0.152157   15.152157 ^ clk (in)
                                                         clk (net)
                      0.215027    0.000000   15.152157 ^ clkbuf_0_clk/A (sky130_fd_sc_hd__clkbuf_16)
     8    0.151713    0.163939    0.277307   15.429464 ^ clkbuf_0_clk/X (sky130_fd_sc_hd__clkbuf_16)
                                                         clknet_0_clk (net)
                      0.164105    0.003027   15.432491 ^ clkbuf_3_7__f_clk/A (sky130_fd_sc_hd__clkbuf_16)
    10    0.044032    0.064196    0.185526   15.618017 ^ clkbuf_3_7__f_clk/X (sky130_fd_sc_hd__clkbuf_16)
                                                         clknet_3_7__leaf_clk (net)
                      0.064247    0.001577   15.619595 ^ _13660_/CLK (sky130_fd_sc_hd__dfrtp_1)
                                 -0.250000   15.369596   clock uncertainty
                                  0.000000   15.369596   clock reconvergence pessimism
                                  0.205870   15.575467   library recovery time
                                             15.575467   data required time
---------------------------------------------------------------------------------------------
                                             15.575467   data required time
                                             -4.055321   data arrival time
---------------------------------------------------------------------------------------------
                                             11.520146   slack (MET)


Startpoint: rst_n (input port clocked by clk)
Endpoint: _13643_ (recovery check against rising-edge clock clk)
Path Group: asynchronous
Path Type: max

Fanout         Cap        Slew       Delay        Time   Description
---------------------------------------------------------------------------------------------
                                  0.000000    0.000000   clock clk (rise edge)
                                  0.000000    0.000000   clock network delay (propagated)
                                  3.000000    3.000000 ^ input external delay
     1    0.002640    0.019049    0.009744    3.009744 ^ rst_n (in)
                                                         rst_n (net)
                      0.019049    0.000000    3.009744 ^ input1/A (sky130_fd_sc_hd__buf_2)
     2    0.041112    0.201561    0.208744    3.218487 ^ input1/X (sky130_fd_sc_hd__buf_2)
                                                         net1 (net)
                      0.201750    0.005082    3.223569 ^ fanout719/A (sky130_fd_sc_hd__clkbuf_8)
     9    0.104339    0.184267    0.285445    3.509014 ^ fanout719/X (sky130_fd_sc_hd__clkbuf_8)
                                                         net719 (net)
                      0.184570    0.005224    3.514238 ^ fanout718/A (sky130_fd_sc_hd__clkbuf_4)
     8    0.061242    0.187982    0.286724    3.800962 ^ fanout718/X (sky130_fd_sc_hd__clkbuf_4)
                                                         net718 (net)
                      0.187982    0.000220    3.801183 ^ fanout716/A (sky130_fd_sc_hd__clkbuf_4)
    10    0.045255    0.143611    0.258396    4.059578 ^ fanout716/X (sky130_fd_sc_hd__clkbuf_4)
                                                         net716 (net)
                      0.143624    0.001449    4.061028 ^ _13643_/RESET_B (sky130_fd_sc_hd__dfrtp_1)
                                              4.061028   data arrival time

                                 15.000000   15.000000   clock clk (rise edge)
                                  0.000000   15.000000   clock source latency
     1    0.046681    0.214570    0.152157   15.152157 ^ clk (in)
                                                         clk (net)
                      0.215027    0.000000   15.152157 ^ clkbuf_0_clk/A (sky130_fd_sc_hd__clkbuf_16)
     8    0.151713    0.163939    0.277307   15.429464 ^ clkbuf_0_clk/X (sky130_fd_sc_hd__clkbuf_16)
                                                         clknet_0_clk (net)
                      0.164055    0.001929   15.431394 ^ clkbuf_3_4__f_clk/A (sky130_fd_sc_hd__clkbuf_16)
     7    0.046679    0.066586    0.187727   15.619121 ^ clkbuf_3_4__f_clk/X (sky130_fd_sc_hd__clkbuf_16)
                                                         clknet_3_4__leaf_clk (net)
                      0.066612    0.001224   15.620344 ^ _13643_/CLK (sky130_fd_sc_hd__dfrtp_1)
                                 -0.250000   15.370345   clock uncertainty
                                  0.000000   15.370345   clock reconvergence pessimism
                                  0.211512   15.581858   library recovery time
                                             15.581858   data required time
---------------------------------------------------------------------------------------------
                                             15.581858   data required time
                                             -4.061028   data arrival time
---------------------------------------------------------------------------------------------
                                             11.520831   slack (MET)


Startpoint: rst_n (input port clocked by clk)
Endpoint: _13661_ (recovery check against rising-edge clock clk)
Path Group: asynchronous
Path Type: max

Fanout         Cap        Slew       Delay        Time   Description
---------------------------------------------------------------------------------------------
                                  0.000000    0.000000   clock clk (rise edge)
                                  0.000000    0.000000   clock network delay (propagated)
                                  3.000000    3.000000 ^ input external delay
     1    0.002640    0.019049    0.009744    3.009744 ^ rst_n (in)
                                                         rst_n (net)
                      0.019049    0.000000    3.009744 ^ input1/A (sky130_fd_sc_hd__buf_2)
     2    0.041112    0.201561    0.208744    3.218487 ^ input1/X (sky130_fd_sc_hd__buf_2)
                                                         net1 (net)
                      0.201750    0.005082    3.223569 ^ fanout719/A (sky130_fd_sc_hd__clkbuf_8)
     9    0.104339    0.184267    0.285445    3.509014 ^ fanout719/X (sky130_fd_sc_hd__clkbuf_8)
                                                         net719 (net)
                      0.184570    0.005224    3.514238 ^ fanout718/A (sky130_fd_sc_hd__clkbuf_4)
     8    0.061242    0.187982    0.286724    3.800962 ^ fanout718/X (sky130_fd_sc_hd__clkbuf_4)
                                                         net718 (net)
                      0.188468    0.007768    3.808731 ^ fanout717/A (sky130_fd_sc_hd__buf_4)
    10    0.057609    0.162609    0.244848    4.053578 ^ fanout717/X (sky130_fd_sc_hd__buf_4)
                                                         net717 (net)
                      0.162620    0.001139    4.054717 ^ _13661_/RESET_B (sky130_fd_sc_hd__dfrtp_1)
                                              4.054717   data arrival time

                                 15.000000   15.000000   clock clk (rise edge)
                                  0.000000   15.000000   clock source latency
     1    0.046681    0.214570    0.152157   15.152157 ^ clk (in)
                                                         clk (net)
                      0.215027    0.000000   15.152157 ^ clkbuf_0_clk/A (sky130_fd_sc_hd__clkbuf_16)
     8    0.151713    0.163939    0.277307   15.429464 ^ clkbuf_0_clk/X (sky130_fd_sc_hd__clkbuf_16)
                                                         clknet_0_clk (net)
                      0.164055    0.001929   15.431394 ^ clkbuf_3_4__f_clk/A (sky130_fd_sc_hd__clkbuf_16)
     7    0.046679    0.066586    0.187727   15.619121 ^ clkbuf_3_4__f_clk/X (sky130_fd_sc_hd__clkbuf_16)
                                                         clknet_3_4__leaf_clk (net)
                      0.066603    0.001034   15.620154 ^ _13661_/CLK (sky130_fd_sc_hd__dfrtp_1)
                                 -0.250000   15.370155   clock uncertainty
                                  0.000000   15.370155   clock reconvergence pessimism
                                  0.206608   15.576763   library recovery time
                                             15.576763   data required time
---------------------------------------------------------------------------------------------
                                             15.576763   data required time
                                             -4.054717   data arrival time
---------------------------------------------------------------------------------------------
                                             11.522046   slack (MET)


Startpoint: rst_n (input port clocked by clk)
Endpoint: _13662_ (recovery check against rising-edge clock clk)
Path Group: asynchronous
Path Type: max

Fanout         Cap        Slew       Delay        Time   Description
---------------------------------------------------------------------------------------------
                                  0.000000    0.000000   clock clk (rise edge)
                                  0.000000    0.000000   clock network delay (propagated)
                                  3.000000    3.000000 ^ input external delay
     1    0.002640    0.019049    0.009744    3.009744 ^ rst_n (in)
                                                         rst_n (net)
                      0.019049    0.000000    3.009744 ^ input1/A (sky130_fd_sc_hd__buf_2)
     2    0.041112    0.201561    0.208744    3.218487 ^ input1/X (sky130_fd_sc_hd__buf_2)
                                                         net1 (net)
                      0.201750    0.005082    3.223569 ^ fanout719/A (sky130_fd_sc_hd__clkbuf_8)
     9    0.104339    0.184267    0.285445    3.509014 ^ fanout719/X (sky130_fd_sc_hd__clkbuf_8)
                                                         net719 (net)
                      0.184570    0.005224    3.514238 ^ fanout718/A (sky130_fd_sc_hd__clkbuf_4)
     8    0.061242    0.187982    0.286724    3.800962 ^ fanout718/X (sky130_fd_sc_hd__clkbuf_4)
                                                         net718 (net)
                      0.188468    0.007768    3.808731 ^ fanout717/A (sky130_fd_sc_hd__buf_4)
    10    0.057609    0.162609    0.244848    4.053578 ^ fanout717/X (sky130_fd_sc_hd__buf_4)
                                                         net717 (net)
                      0.162613    0.000711    4.054290 ^ _13662_/RESET_B (sky130_fd_sc_hd__dfrtp_1)
                                              4.054290   data arrival time

                                 15.000000   15.000000   clock clk (rise edge)
                                  0.000000   15.000000   clock source latency
     1    0.046681    0.214570    0.152157   15.152157 ^ clk (in)
                                                         clk (net)
                      0.215027    0.000000   15.152157 ^ clkbuf_0_clk/A (sky130_fd_sc_hd__clkbuf_16)
     8    0.151713    0.163939    0.277307   15.429464 ^ clkbuf_0_clk/X (sky130_fd_sc_hd__clkbuf_16)
                                                         clknet_0_clk (net)
                      0.164055    0.001929   15.431394 ^ clkbuf_3_4__f_clk/A (sky130_fd_sc_hd__clkbuf_16)
     7    0.046679    0.066586    0.187727   15.619121 ^ clkbuf_3_4__f_clk/X (sky130_fd_sc_hd__clkbuf_16)
                                                         clknet_3_4__leaf_clk (net)
                      0.066604    0.001059   15.620179 ^ _13662_/CLK (sky130_fd_sc_hd__dfrtp_1)
                                 -0.250000   15.370180   clock uncertainty
                                  0.000000   15.370180   clock reconvergence pessimism
                                  0.206610   15.576790   library recovery time
                                             15.576790   data required time
---------------------------------------------------------------------------------------------
                                             15.576790   data required time
                                             -4.054290   data arrival time
---------------------------------------------------------------------------------------------
                                             11.522501   slack (MET)


Startpoint: rst_n (input port clocked by clk)
Endpoint: _13663_ (recovery check against rising-edge clock clk)
Path Group: asynchronous
Path Type: max

Fanout         Cap        Slew       Delay        Time   Description
---------------------------------------------------------------------------------------------
                                  0.000000    0.000000   clock clk (rise edge)
                                  0.000000    0.000000   clock network delay (propagated)
                                  3.000000    3.000000 ^ input external delay
     1    0.002640    0.019049    0.009744    3.009744 ^ rst_n (in)
                                                         rst_n (net)
                      0.019049    0.000000    3.009744 ^ input1/A (sky130_fd_sc_hd__buf_2)
     2    0.041112    0.201561    0.208744    3.218487 ^ input1/X (sky130_fd_sc_hd__buf_2)
                                                         net1 (net)
                      0.201750    0.005082    3.223569 ^ fanout719/A (sky130_fd_sc_hd__clkbuf_8)
     9    0.104339    0.184267    0.285445    3.509014 ^ fanout719/X (sky130_fd_sc_hd__clkbuf_8)
                                                         net719 (net)
                      0.184570    0.005224    3.514238 ^ fanout718/A (sky130_fd_sc_hd__clkbuf_4)
     8    0.061242    0.187982    0.286724    3.800962 ^ fanout718/X (sky130_fd_sc_hd__clkbuf_4)
                                                         net718 (net)
                      0.188468    0.007768    3.808731 ^ fanout717/A (sky130_fd_sc_hd__buf_4)
    10    0.057609    0.162609    0.244848    4.053578 ^ fanout717/X (sky130_fd_sc_hd__buf_4)
                                                         net717 (net)
                      0.162609    0.000108    4.053687 ^ _13663_/RESET_B (sky130_fd_sc_hd__dfrtp_1)
                                              4.053687   data arrival time

                                 15.000000   15.000000   clock clk (rise edge)
                                  0.000000   15.000000   clock source latency
     1    0.046681    0.214570    0.152157   15.152157 ^ clk (in)
                                                         clk (net)
                      0.215027    0.000000   15.152157 ^ clkbuf_0_clk/A (sky130_fd_sc_hd__clkbuf_16)
     8    0.151713    0.163939    0.277307   15.429464 ^ clkbuf_0_clk/X (sky130_fd_sc_hd__clkbuf_16)
                                                         clknet_0_clk (net)
                      0.164055    0.001929   15.431394 ^ clkbuf_3_4__f_clk/A (sky130_fd_sc_hd__clkbuf_16)
     7    0.046679    0.066586    0.187727   15.619121 ^ clkbuf_3_4__f_clk/X (sky130_fd_sc_hd__clkbuf_16)
                                                         clknet_3_4__leaf_clk (net)
                      0.066605    0.001078   15.620199 ^ _13663_/CLK (sky130_fd_sc_hd__dfrtp_1)
                                 -0.250000   15.370200   clock uncertainty
                                  0.000000   15.370200   clock reconvergence pessimism
                                  0.206611   15.576812   library recovery time
                                             15.576812   data required time
---------------------------------------------------------------------------------------------
                                             15.576812   data required time
                                             -4.053687   data arrival time
---------------------------------------------------------------------------------------------
                                             11.523124   slack (MET)


Startpoint: rst_n (input port clocked by clk)
Endpoint: _13694_ (recovery check against rising-edge clock clk)
Path Group: asynchronous
Path Type: max

Fanout         Cap        Slew       Delay        Time   Description
---------------------------------------------------------------------------------------------
                                  0.000000    0.000000   clock clk (rise edge)
                                  0.000000    0.000000   clock network delay (propagated)
                                  3.000000    3.000000 ^ input external delay
     1    0.002640    0.019049    0.009744    3.009744 ^ rst_n (in)
                                                         rst_n (net)
                      0.019049    0.000000    3.009744 ^ input1/A (sky130_fd_sc_hd__buf_2)
     2    0.041112    0.201561    0.208744    3.218487 ^ input1/X (sky130_fd_sc_hd__buf_2)
                                                         net1 (net)
                      0.201562    0.000396    3.218884 ^ fanout715/A (sky130_fd_sc_hd__buf_4)
     9    0.076788    0.214009    0.284427    3.503311 ^ fanout715/X (sky130_fd_sc_hd__buf_4)
                                                         net715 (net)
                      0.214166    0.003519    3.506829 ^ fanout714/A (sky130_fd_sc_hd__clkbuf_4)
     8    0.055518    0.170855    0.286437    3.793267 ^ fanout714/X (sky130_fd_sc_hd__clkbuf_4)
                                                         net714 (net)
                      0.171107    0.005354    3.798621 ^ fanout713/A (sky130_fd_sc_hd__clkbuf_4)
    10    0.048764    0.153274    0.260031    4.058652 ^ fanout713/X (sky130_fd_sc_hd__clkbuf_4)
                                                         net713 (net)
                      0.153274    0.000600    4.059252 ^ _13694_/RESET_B (sky130_fd_sc_hd__dfrtp_1)
                                              4.059252   data arrival time

                                 15.000000   15.000000   clock clk (rise edge)
                                  0.000000   15.000000   clock source latency
     1    0.046681    0.214570    0.152157   15.152157 ^ clk (in)
                                                         clk (net)
                      0.215027    0.000000   15.152157 ^ clkbuf_0_clk/A (sky130_fd_sc_hd__clkbuf_16)
     8    0.151713    0.163939    0.277307   15.429464 ^ clkbuf_0_clk/X (sky130_fd_sc_hd__clkbuf_16)
                                                         clknet_0_clk (net)
                      0.164269    0.005153   15.434618 ^ clkbuf_3_1__f_clk/A (sky130_fd_sc_hd__clkbuf_16)
     7    0.047063    0.066928    0.187974   15.622592 ^ clkbuf_3_1__f_clk/X (sky130_fd_sc_hd__clkbuf_16)
                                                         clknet_3_1__leaf_clk (net)
                      0.066969    0.001451   15.624043 ^ _13694_/CLK (sky130_fd_sc_hd__dfrtp_1)
                                 -0.250000   15.374043   clock uncertainty
                                  0.000000   15.374043   clock reconvergence pessimism
                                  0.209133   15.583176   library recovery time
                                             15.583176   data required time
---------------------------------------------------------------------------------------------
                                             15.583176   data required time
                                             -4.059252   data arrival time
---------------------------------------------------------------------------------------------
                                             11.523924   slack (MET)


Startpoint: rst_n (input port clocked by clk)
Endpoint: _13696_ (recovery check against rising-edge clock clk)
Path Group: asynchronous
Path Type: max

Fanout         Cap        Slew       Delay        Time   Description
---------------------------------------------------------------------------------------------
                                  0.000000    0.000000   clock clk (rise edge)
                                  0.000000    0.000000   clock network delay (propagated)
                                  3.000000    3.000000 ^ input external delay
     1    0.002640    0.019049    0.009744    3.009744 ^ rst_n (in)
                                                         rst_n (net)
                      0.019049    0.000000    3.009744 ^ input1/A (sky130_fd_sc_hd__buf_2)
     2    0.041112    0.201561    0.208744    3.218487 ^ input1/X (sky130_fd_sc_hd__buf_2)
                                                         net1 (net)
                      0.201562    0.000396    3.218884 ^ fanout715/A (sky130_fd_sc_hd__buf_4)
     9    0.076788    0.214009    0.284427    3.503311 ^ fanout715/X (sky130_fd_sc_hd__buf_4)
                                                         net715 (net)
                      0.214166    0.003519    3.506829 ^ fanout714/A (sky130_fd_sc_hd__clkbuf_4)
     8    0.055518    0.170855    0.286437    3.793267 ^ fanout714/X (sky130_fd_sc_hd__clkbuf_4)
                                                         net714 (net)
                      0.171107    0.005354    3.798621 ^ fanout713/A (sky130_fd_sc_hd__clkbuf_4)
    10    0.048764    0.153274    0.260031    4.058652 ^ fanout713/X (sky130_fd_sc_hd__clkbuf_4)
                                                         net713 (net)
                      0.153274    0.000369    4.059021 ^ _13696_/RESET_B (sky130_fd_sc_hd__dfrtp_1)
                                              4.059021   data arrival time

                                 15.000000   15.000000   clock clk (rise edge)
                                  0.000000   15.000000   clock source latency
     1    0.046681    0.214570    0.152157   15.152157 ^ clk (in)
                                                         clk (net)
                      0.215027    0.000000   15.152157 ^ clkbuf_0_clk/A (sky130_fd_sc_hd__clkbuf_16)
     8    0.151713    0.163939    0.277307   15.429464 ^ clkbuf_0_clk/X (sky130_fd_sc_hd__clkbuf_16)
                                                         clknet_0_clk (net)
                      0.164269    0.005153   15.434618 ^ clkbuf_3_1__f_clk/A (sky130_fd_sc_hd__clkbuf_16)
     7    0.047063    0.066928    0.187974   15.622592 ^ clkbuf_3_1__f_clk/X (sky130_fd_sc_hd__clkbuf_16)
                                                         clknet_3_1__leaf_clk (net)
                      0.066972    0.001497   15.624089 ^ _13696_/CLK (sky130_fd_sc_hd__dfrtp_1)
                                 -0.250000   15.374090   clock uncertainty
                                  0.000000   15.374090   clock reconvergence pessimism
                                  0.209134   15.583224   library recovery time
                                             15.583224   data required time
---------------------------------------------------------------------------------------------
                                             15.583224   data required time
                                             -4.059021   data arrival time
---------------------------------------------------------------------------------------------
                                             11.524202   slack (MET)


Startpoint: rst_n (input port clocked by clk)
Endpoint: _13695_ (recovery check against rising-edge clock clk)
Path Group: asynchronous
Path Type: max

Fanout         Cap        Slew       Delay        Time   Description
---------------------------------------------------------------------------------------------
                                  0.000000    0.000000   clock clk (rise edge)
                                  0.000000    0.000000   clock network delay (propagated)
                                  3.000000    3.000000 ^ input external delay
     1    0.002640    0.019049    0.009744    3.009744 ^ rst_n (in)
                                                         rst_n (net)
                      0.019049    0.000000    3.009744 ^ input1/A (sky130_fd_sc_hd__buf_2)
     2    0.041112    0.201561    0.208744    3.218487 ^ input1/X (sky130_fd_sc_hd__buf_2)
                                                         net1 (net)
                      0.201562    0.000396    3.218884 ^ fanout715/A (sky130_fd_sc_hd__buf_4)
     9    0.076788    0.214009    0.284427    3.503311 ^ fanout715/X (sky130_fd_sc_hd__buf_4)
                                                         net715 (net)
                      0.214166    0.003519    3.506829 ^ fanout714/A (sky130_fd_sc_hd__clkbuf_4)
     8    0.055518    0.170855    0.286437    3.793267 ^ fanout714/X (sky130_fd_sc_hd__clkbuf_4)
                                                         net714 (net)
                      0.171107    0.005354    3.798621 ^ fanout713/A (sky130_fd_sc_hd__clkbuf_4)
    10    0.048764    0.153274    0.260031    4.058652 ^ fanout713/X (sky130_fd_sc_hd__clkbuf_4)
                                                         net713 (net)
                      0.153274    0.000095    4.058747 ^ _13695_/RESET_B (sky130_fd_sc_hd__dfrtp_1)
                                              4.058747   data arrival time

                                 15.000000   15.000000   clock clk (rise edge)
                                  0.000000   15.000000   clock source latency
     1    0.046681    0.214570    0.152157   15.152157 ^ clk (in)
                                                         clk (net)
                      0.215027    0.000000   15.152157 ^ clkbuf_0_clk/A (sky130_fd_sc_hd__clkbuf_16)
     8    0.151713    0.163939    0.277307   15.429464 ^ clkbuf_0_clk/X (sky130_fd_sc_hd__clkbuf_16)
                                                         clknet_0_clk (net)
                      0.164269    0.005153   15.434618 ^ clkbuf_3_1__f_clk/A (sky130_fd_sc_hd__clkbuf_16)
     7    0.047063    0.066928    0.187974   15.622592 ^ clkbuf_3_1__f_clk/X (sky130_fd_sc_hd__clkbuf_16)
                                                         clknet_3_1__leaf_clk (net)
                      0.066965    0.001396   15.623988 ^ _13695_/CLK (sky130_fd_sc_hd__dfrtp_1)
                                 -0.250000   15.373989   clock uncertainty
                                  0.000000   15.373989   clock reconvergence pessimism
                                  0.209132   15.583121   library recovery time
                                             15.583121   data required time
---------------------------------------------------------------------------------------------
                                             15.583121   data required time
                                             -4.058747   data arrival time
---------------------------------------------------------------------------------------------
                                             11.524375   slack (MET)


Startpoint: rst_n (input port clocked by clk)
Endpoint: _13646_ (recovery check against rising-edge clock clk)
Path Group: asynchronous
Path Type: max

Fanout         Cap        Slew       Delay        Time   Description
---------------------------------------------------------------------------------------------
                                  0.000000    0.000000   clock clk (rise edge)
                                  0.000000    0.000000   clock network delay (propagated)
                                  3.000000    3.000000 ^ input external delay
     1    0.002640    0.019049    0.009744    3.009744 ^ rst_n (in)
                                                         rst_n (net)
                      0.019049    0.000000    3.009744 ^ input1/A (sky130_fd_sc_hd__buf_2)
     2    0.041112    0.201561    0.208744    3.218487 ^ input1/X (sky130_fd_sc_hd__buf_2)
                                                         net1 (net)
                      0.201750    0.005082    3.223569 ^ fanout719/A (sky130_fd_sc_hd__clkbuf_8)
     9    0.104339    0.184267    0.285445    3.509014 ^ fanout719/X (sky130_fd_sc_hd__clkbuf_8)
                                                         net719 (net)
                      0.184570    0.005224    3.514238 ^ fanout718/A (sky130_fd_sc_hd__clkbuf_4)
     8    0.061242    0.187982    0.286724    3.800962 ^ fanout718/X (sky130_fd_sc_hd__clkbuf_4)
                                                         net718 (net)
                      0.188075    0.003460    3.804423 ^ _13646_/RESET_B (sky130_fd_sc_hd__dfrtp_1)
                                              3.804423   data arrival time

                                 15.000000   15.000000   clock clk (rise edge)
                                  0.000000   15.000000   clock source latency
     1    0.046681    0.214570    0.152157   15.152157 ^ clk (in)
                                                         clk (net)
                      0.215027    0.000000   15.152157 ^ clkbuf_0_clk/A (sky130_fd_sc_hd__clkbuf_16)
     8    0.151713    0.163939    0.277307   15.429464 ^ clkbuf_0_clk/X (sky130_fd_sc_hd__clkbuf_16)
                                                         clknet_0_clk (net)
                      0.164149    0.003729   15.433193 ^ clkbuf_3_6__f_clk/A (sky130_fd_sc_hd__clkbuf_16)
    10    0.030540    0.052499    0.175785   15.608977 ^ clkbuf_3_6__f_clk/X (sky130_fd_sc_hd__clkbuf_16)
                                                         clknet_3_6__leaf_clk (net)
                      0.052513    0.000528   15.609506 ^ _13646_/CLK (sky130_fd_sc_hd__dfrtp_1)
                                 -0.250000   15.359506   clock uncertainty
                                  0.000000   15.359506   clock reconvergence pessimism
                                  0.195638   15.555145   library recovery time
                                             15.555145   data required time
---------------------------------------------------------------------------------------------
                                             15.555145   data required time
                                             -3.804423   data arrival time
---------------------------------------------------------------------------------------------
                                             11.750723   slack (MET)


Startpoint: rst_n (input port clocked by clk)
Endpoint: _13659_ (recovery check against rising-edge clock clk)
Path Group: asynchronous
Path Type: max

Fanout         Cap        Slew       Delay        Time   Description
---------------------------------------------------------------------------------------------
                                  0.000000    0.000000   clock clk (rise edge)
                                  0.000000    0.000000   clock network delay (propagated)
                                  3.000000    3.000000 ^ input external delay
     1    0.002640    0.019049    0.009744    3.009744 ^ rst_n (in)
                                                         rst_n (net)
                      0.019049    0.000000    3.009744 ^ input1/A (sky130_fd_sc_hd__buf_2)
     2    0.041112    0.201561    0.208744    3.218487 ^ input1/X (sky130_fd_sc_hd__buf_2)
                                                         net1 (net)
                      0.201750    0.005082    3.223569 ^ fanout719/A (sky130_fd_sc_hd__clkbuf_8)
     9    0.104339    0.184267    0.285445    3.509014 ^ fanout719/X (sky130_fd_sc_hd__clkbuf_8)
                                                         net719 (net)
                      0.184570    0.005224    3.514238 ^ fanout718/A (sky130_fd_sc_hd__clkbuf_4)
     8    0.061242    0.187982    0.286724    3.800962 ^ fanout718/X (sky130_fd_sc_hd__clkbuf_4)
                                                         net718 (net)
                      0.188461    0.007715    3.808677 ^ _13659_/RESET_B (sky130_fd_sc_hd__dfrtp_1)
                                              3.808677   data arrival time

                                 15.000000   15.000000   clock clk (rise edge)
                                  0.000000   15.000000   clock source latency
     1    0.046681    0.214570    0.152157   15.152157 ^ clk (in)
                                                         clk (net)
                      0.215027    0.000000   15.152157 ^ clkbuf_0_clk/A (sky130_fd_sc_hd__clkbuf_16)
     8    0.151713    0.163939    0.277307   15.429464 ^ clkbuf_0_clk/X (sky130_fd_sc_hd__clkbuf_16)
                                                         clknet_0_clk (net)
                      0.164105    0.003027   15.432491 ^ clkbuf_3_7__f_clk/A (sky130_fd_sc_hd__clkbuf_16)
    10    0.044032    0.064196    0.185526   15.618017 ^ clkbuf_3_7__f_clk/X (sky130_fd_sc_hd__clkbuf_16)
                                                         clknet_3_7__leaf_clk (net)
                      0.064245    0.001551   15.619568 ^ _13659_/CLK (sky130_fd_sc_hd__dfrtp_1)
                                 -0.250000   15.369569   clock uncertainty
                                  0.000000   15.369569   clock reconvergence pessimism
                                  0.199204   15.568773   library recovery time
                                             15.568773   data required time
---------------------------------------------------------------------------------------------
                                             15.568773   data required time
                                             -3.808677   data arrival time
---------------------------------------------------------------------------------------------
                                             11.760097   slack (MET)


Startpoint: rst_n (input port clocked by clk)
Endpoint: _13658_ (recovery check against rising-edge clock clk)
Path Group: asynchronous
Path Type: max

Fanout         Cap        Slew       Delay        Time   Description
---------------------------------------------------------------------------------------------
                                  0.000000    0.000000   clock clk (rise edge)
                                  0.000000    0.000000   clock network delay (propagated)
                                  3.000000    3.000000 ^ input external delay
     1    0.002640    0.019049    0.009744    3.009744 ^ rst_n (in)
                                                         rst_n (net)
                      0.019049    0.000000    3.009744 ^ input1/A (sky130_fd_sc_hd__buf_2)
     2    0.041112    0.201561    0.208744    3.218487 ^ input1/X (sky130_fd_sc_hd__buf_2)
                                                         net1 (net)
                      0.201750    0.005082    3.223569 ^ fanout719/A (sky130_fd_sc_hd__clkbuf_8)
     9    0.104339    0.184267    0.285445    3.509014 ^ fanout719/X (sky130_fd_sc_hd__clkbuf_8)
                                                         net719 (net)
                      0.184570    0.005224    3.514238 ^ fanout718/A (sky130_fd_sc_hd__clkbuf_4)
     8    0.061242    0.187982    0.286724    3.800962 ^ fanout718/X (sky130_fd_sc_hd__clkbuf_4)
                                                         net718 (net)
                      0.188434    0.007498    3.808461 ^ _13658_/RESET_B (sky130_fd_sc_hd__dfrtp_1)
                                              3.808461   data arrival time

                                 15.000000   15.000000   clock clk (rise edge)
                                  0.000000   15.000000   clock source latency
     1    0.046681    0.214570    0.152157   15.152157 ^ clk (in)
                                                         clk (net)
                      0.215027    0.000000   15.152157 ^ clkbuf_0_clk/A (sky130_fd_sc_hd__clkbuf_16)
     8    0.151713    0.163939    0.277307   15.429464 ^ clkbuf_0_clk/X (sky130_fd_sc_hd__clkbuf_16)
                                                         clknet_0_clk (net)
                      0.164105    0.003027   15.432491 ^ clkbuf_3_7__f_clk/A (sky130_fd_sc_hd__clkbuf_16)
    10    0.044032    0.064196    0.185526   15.618017 ^ clkbuf_3_7__f_clk/X (sky130_fd_sc_hd__clkbuf_16)
                                                         clknet_3_7__leaf_clk (net)
                      0.064239    0.001467   15.619485 ^ _13658_/CLK (sky130_fd_sc_hd__dfrtp_1)
                                 -0.250000   15.369486   clock uncertainty
                                  0.000000   15.369486   clock reconvergence pessimism
                                  0.199209   15.568695   library recovery time
                                             15.568695   data required time
---------------------------------------------------------------------------------------------
                                             15.568695   data required time
                                             -3.808461   data arrival time
---------------------------------------------------------------------------------------------
                                             11.760234   slack (MET)


Startpoint: rst_n (input port clocked by clk)
Endpoint: _13657_ (recovery check against rising-edge clock clk)
Path Group: asynchronous
Path Type: max

Fanout         Cap        Slew       Delay        Time   Description
---------------------------------------------------------------------------------------------
                                  0.000000    0.000000   clock clk (rise edge)
                                  0.000000    0.000000   clock network delay (propagated)
                                  3.000000    3.000000 ^ input external delay
     1    0.002640    0.019049    0.009744    3.009744 ^ rst_n (in)
                                                         rst_n (net)
                      0.019049    0.000000    3.009744 ^ input1/A (sky130_fd_sc_hd__buf_2)
     2    0.041112    0.201561    0.208744    3.218487 ^ input1/X (sky130_fd_sc_hd__buf_2)
                                                         net1 (net)
                      0.201750    0.005082    3.223569 ^ fanout719/A (sky130_fd_sc_hd__clkbuf_8)
     9    0.104339    0.184267    0.285445    3.509014 ^ fanout719/X (sky130_fd_sc_hd__clkbuf_8)
                                                         net719 (net)
                      0.184570    0.005224    3.514238 ^ fanout718/A (sky130_fd_sc_hd__clkbuf_4)
     8    0.061242    0.187982    0.286724    3.800962 ^ fanout718/X (sky130_fd_sc_hd__clkbuf_4)
                                                         net718 (net)
                      0.188389    0.007127    3.808089 ^ _13657_/RESET_B (sky130_fd_sc_hd__dfrtp_1)
                                              3.808089   data arrival time

                                 15.000000   15.000000   clock clk (rise edge)
                                  0.000000   15.000000   clock source latency
     1    0.046681    0.214570    0.152157   15.152157 ^ clk (in)
                                                         clk (net)
                      0.215027    0.000000   15.152157 ^ clkbuf_0_clk/A (sky130_fd_sc_hd__clkbuf_16)
     8    0.151713    0.163939    0.277307   15.429464 ^ clkbuf_0_clk/X (sky130_fd_sc_hd__clkbuf_16)
                                                         clknet_0_clk (net)
                      0.164105    0.003027   15.432491 ^ clkbuf_3_7__f_clk/A (sky130_fd_sc_hd__clkbuf_16)
    10    0.044032    0.064196    0.185526   15.618017 ^ clkbuf_3_7__f_clk/X (sky130_fd_sc_hd__clkbuf_16)
                                                         clknet_3_7__leaf_clk (net)
                      0.064237    0.001437   15.619454 ^ _13657_/CLK (sky130_fd_sc_hd__dfrtp_1)
                                 -0.250000   15.369455   clock uncertainty
                                  0.000000   15.369455   clock reconvergence pessimism
                                  0.199220   15.568676   library recovery time
                                             15.568676   data required time
---------------------------------------------------------------------------------------------
                                             15.568676   data required time
                                             -3.808089   data arrival time
---------------------------------------------------------------------------------------------
                                             11.760587   slack (MET)


Startpoint: rst_n (input port clocked by clk)
Endpoint: _13691_ (recovery check against rising-edge clock clk)
Path Group: asynchronous
Path Type: max

Fanout         Cap        Slew       Delay        Time   Description
---------------------------------------------------------------------------------------------
                                  0.000000    0.000000   clock clk (rise edge)
                                  0.000000    0.000000   clock network delay (propagated)
                                  3.000000    3.000000 ^ input external delay
     1    0.002640    0.019049    0.009744    3.009744 ^ rst_n (in)
                                                         rst_n (net)
                      0.019049    0.000000    3.009744 ^ input1/A (sky130_fd_sc_hd__buf_2)
     2    0.041112    0.201561    0.208744    3.218487 ^ input1/X (sky130_fd_sc_hd__buf_2)
                                                         net1 (net)
                      0.201562    0.000396    3.218884 ^ fanout715/A (sky130_fd_sc_hd__buf_4)
     9    0.076788    0.214009    0.284427    3.503311 ^ fanout715/X (sky130_fd_sc_hd__buf_4)
                                                         net715 (net)
                      0.214166    0.003519    3.506829 ^ fanout714/A (sky130_fd_sc_hd__clkbuf_4)
     8    0.055518    0.170855    0.286437    3.793267 ^ fanout714/X (sky130_fd_sc_hd__clkbuf_4)
                                                         net714 (net)
                      0.171138    0.005657    3.798924 ^ _13691_/RESET_B (sky130_fd_sc_hd__dfrtp_1)
                                              3.798924   data arrival time

                                 15.000000   15.000000   clock clk (rise edge)
                                  0.000000   15.000000   clock source latency
     1    0.046681    0.214570    0.152157   15.152157 ^ clk (in)
                                                         clk (net)
                      0.215027    0.000000   15.152157 ^ clkbuf_0_clk/A (sky130_fd_sc_hd__clkbuf_16)
     8    0.151713    0.163939    0.277307   15.429464 ^ clkbuf_0_clk/X (sky130_fd_sc_hd__clkbuf_16)
                                                         clknet_0_clk (net)
                      0.164186    0.004226   15.433690 ^ clkbuf_3_3__f_clk/A (sky130_fd_sc_hd__clkbuf_16)
    10    0.032705    0.054341    0.177360   15.611051 ^ clkbuf_3_3__f_clk/X (sky130_fd_sc_hd__clkbuf_16)
                                                         clknet_3_3__leaf_clk (net)
                      0.054343    0.000622   15.611672 ^ _13691_/CLK (sky130_fd_sc_hd__dfrtp_1)
                                 -0.250000   15.361673   clock uncertainty
                                  0.000000   15.361673   clock reconvergence pessimism
                                  0.200588   15.562262   library recovery time
                                             15.562262   data required time
---------------------------------------------------------------------------------------------
                                             15.562262   data required time
                                             -3.798924   data arrival time
---------------------------------------------------------------------------------------------
                                             11.763337   slack (MET)


Startpoint: rst_n (input port clocked by clk)
Endpoint: _13690_ (recovery check against rising-edge clock clk)
Path Group: asynchronous
Path Type: max

Fanout         Cap        Slew       Delay        Time   Description
---------------------------------------------------------------------------------------------
                                  0.000000    0.000000   clock clk (rise edge)
                                  0.000000    0.000000   clock network delay (propagated)
                                  3.000000    3.000000 ^ input external delay
     1    0.002640    0.019049    0.009744    3.009744 ^ rst_n (in)
                                                         rst_n (net)
                      0.019049    0.000000    3.009744 ^ input1/A (sky130_fd_sc_hd__buf_2)
     2    0.041112    0.201561    0.208744    3.218487 ^ input1/X (sky130_fd_sc_hd__buf_2)
                                                         net1 (net)
                      0.201562    0.000396    3.218884 ^ fanout715/A (sky130_fd_sc_hd__buf_4)
     9    0.076788    0.214009    0.284427    3.503311 ^ fanout715/X (sky130_fd_sc_hd__buf_4)
                                                         net715 (net)
                      0.214166    0.003519    3.506829 ^ fanout714/A (sky130_fd_sc_hd__clkbuf_4)
     8    0.055518    0.170855    0.286437    3.793267 ^ fanout714/X (sky130_fd_sc_hd__clkbuf_4)
                                                         net714 (net)
                      0.171149    0.005766    3.799033 ^ _13690_/RESET_B (sky130_fd_sc_hd__dfrtp_1)
                                              3.799033   data arrival time

                                 15.000000   15.000000   clock clk (rise edge)
                                  0.000000   15.000000   clock source latency
     1    0.046681    0.214570    0.152157   15.152157 ^ clk (in)
                                                         clk (net)
                      0.215027    0.000000   15.152157 ^ clkbuf_0_clk/A (sky130_fd_sc_hd__clkbuf_16)
     8    0.151713    0.163939    0.277307   15.429464 ^ clkbuf_0_clk/X (sky130_fd_sc_hd__clkbuf_16)
                                                         clknet_0_clk (net)
                      0.164186    0.004226   15.433690 ^ clkbuf_3_3__f_clk/A (sky130_fd_sc_hd__clkbuf_16)
    10    0.032705    0.054341    0.177360   15.611051 ^ clkbuf_3_3__f_clk/X (sky130_fd_sc_hd__clkbuf_16)
                                                         clknet_3_3__leaf_clk (net)
                      0.054345    0.000833   15.611884 ^ _13690_/CLK (sky130_fd_sc_hd__dfrtp_1)
                                 -0.250000   15.361885   clock uncertainty
                                  0.000000   15.361885   clock reconvergence pessimism
                                  0.200586   15.562470   library recovery time
                                             15.562470   data required time
---------------------------------------------------------------------------------------------
                                             15.562470   data required time
                                             -3.799033   data arrival time
---------------------------------------------------------------------------------------------
                                             11.763438   slack (MET)


Startpoint: rst_n (input port clocked by clk)
Endpoint: _13689_ (recovery check against rising-edge clock clk)
Path Group: asynchronous
Path Type: max

Fanout         Cap        Slew       Delay        Time   Description
---------------------------------------------------------------------------------------------
                                  0.000000    0.000000   clock clk (rise edge)
                                  0.000000    0.000000   clock network delay (propagated)
                                  3.000000    3.000000 ^ input external delay
     1    0.002640    0.019049    0.009744    3.009744 ^ rst_n (in)
                                                         rst_n (net)
                      0.019049    0.000000    3.009744 ^ input1/A (sky130_fd_sc_hd__buf_2)
     2    0.041112    0.201561    0.208744    3.218487 ^ input1/X (sky130_fd_sc_hd__buf_2)
                                                         net1 (net)
                      0.201562    0.000396    3.218884 ^ fanout715/A (sky130_fd_sc_hd__buf_4)
     9    0.076788    0.214009    0.284427    3.503311 ^ fanout715/X (sky130_fd_sc_hd__buf_4)
                                                         net715 (net)
                      0.214166    0.003519    3.506829 ^ fanout714/A (sky130_fd_sc_hd__clkbuf_4)
     8    0.055518    0.170855    0.286437    3.793267 ^ fanout714/X (sky130_fd_sc_hd__clkbuf_4)
                                                         net714 (net)
                      0.171152    0.005798    3.799064 ^ _13689_/RESET_B (sky130_fd_sc_hd__dfrtp_1)
                                              3.799064   data arrival time

                                 15.000000   15.000000   clock clk (rise edge)
                                  0.000000   15.000000   clock source latency
     1    0.046681    0.214570    0.152157   15.152157 ^ clk (in)
                                                         clk (net)
                      0.215027    0.000000   15.152157 ^ clkbuf_0_clk/A (sky130_fd_sc_hd__clkbuf_16)
     8    0.151713    0.163939    0.277307   15.429464 ^ clkbuf_0_clk/X (sky130_fd_sc_hd__clkbuf_16)
                                                         clknet_0_clk (net)
                      0.164186    0.004226   15.433690 ^ clkbuf_3_3__f_clk/A (sky130_fd_sc_hd__clkbuf_16)
    10    0.032705    0.054341    0.177360   15.611051 ^ clkbuf_3_3__f_clk/X (sky130_fd_sc_hd__clkbuf_16)
                                                         clknet_3_3__leaf_clk (net)
                      0.054347    0.000973   15.612024 ^ _13689_/CLK (sky130_fd_sc_hd__dfrtp_1)
                                 -0.250000   15.362025   clock uncertainty
                                  0.000000   15.362025   clock reconvergence pessimism
                                  0.200586   15.562612   library recovery time
                                             15.562612   data required time
---------------------------------------------------------------------------------------------
                                             15.562612   data required time
                                             -3.799064   data arrival time
---------------------------------------------------------------------------------------------
                                             11.763547   slack (MET)


Startpoint: rst_n (input port clocked by clk)
Endpoint: _13644_ (recovery check against rising-edge clock clk)
Path Group: asynchronous
Path Type: max

Fanout         Cap        Slew       Delay        Time   Description
---------------------------------------------------------------------------------------------
                                  0.000000    0.000000   clock clk (rise edge)
                                  0.000000    0.000000   clock network delay (propagated)
                                  3.000000    3.000000 ^ input external delay
     1    0.002640    0.019049    0.009744    3.009744 ^ rst_n (in)
                                                         rst_n (net)
                      0.019049    0.000000    3.009744 ^ input1/A (sky130_fd_sc_hd__buf_2)
     2    0.041112    0.201561    0.208744    3.218487 ^ input1/X (sky130_fd_sc_hd__buf_2)
                                                         net1 (net)
                      0.201750    0.005082    3.223569 ^ fanout719/A (sky130_fd_sc_hd__clkbuf_8)
     9    0.104339    0.184267    0.285445    3.509014 ^ fanout719/X (sky130_fd_sc_hd__clkbuf_8)
                                                         net719 (net)
                      0.184570    0.005224    3.514238 ^ fanout718/A (sky130_fd_sc_hd__clkbuf_4)
     8    0.061242    0.187982    0.286724    3.800962 ^ fanout718/X (sky130_fd_sc_hd__clkbuf_4)
                                                         net718 (net)
                      0.188103    0.003943    3.804905 ^ _13644_/RESET_B (sky130_fd_sc_hd__dfrtp_1)
                                              3.804905   data arrival time

                                 15.000000   15.000000   clock clk (rise edge)
                                  0.000000   15.000000   clock source latency
     1    0.046681    0.214570    0.152157   15.152157 ^ clk (in)
                                                         clk (net)
                      0.215027    0.000000   15.152157 ^ clkbuf_0_clk/A (sky130_fd_sc_hd__clkbuf_16)
     8    0.151713    0.163939    0.277307   15.429464 ^ clkbuf_0_clk/X (sky130_fd_sc_hd__clkbuf_16)
                                                         clknet_0_clk (net)
                      0.164055    0.001929   15.431394 ^ clkbuf_3_4__f_clk/A (sky130_fd_sc_hd__clkbuf_16)
     7    0.046679    0.066586    0.187727   15.619121 ^ clkbuf_3_4__f_clk/X (sky130_fd_sc_hd__clkbuf_16)
                                                         clknet_3_4__leaf_clk (net)
                      0.066612    0.001211   15.620332 ^ _13644_/CLK (sky130_fd_sc_hd__dfrtp_1)
                                 -0.250000   15.370333   clock uncertainty
                                  0.000000   15.370333   clock reconvergence pessimism
                                  0.200035   15.570369   library recovery time
                                             15.570369   data required time
---------------------------------------------------------------------------------------------
                                             15.570369   data required time
                                             -3.804905   data arrival time
---------------------------------------------------------------------------------------------
                                             11.765464   slack (MET)


Startpoint: rst_n (input port clocked by clk)
Endpoint: _13645_ (recovery check against rising-edge clock clk)
Path Group: asynchronous
Path Type: max

Fanout         Cap        Slew       Delay        Time   Description
---------------------------------------------------------------------------------------------
                                  0.000000    0.000000   clock clk (rise edge)
                                  0.000000    0.000000   clock network delay (propagated)
                                  3.000000    3.000000 ^ input external delay
     1    0.002640    0.019049    0.009744    3.009744 ^ rst_n (in)
                                                         rst_n (net)
                      0.019049    0.000000    3.009744 ^ input1/A (sky130_fd_sc_hd__buf_2)
     2    0.041112    0.201561    0.208744    3.218487 ^ input1/X (sky130_fd_sc_hd__buf_2)
                                                         net1 (net)
                      0.201750    0.005082    3.223569 ^ fanout719/A (sky130_fd_sc_hd__clkbuf_8)
     9    0.104339    0.184267    0.285445    3.509014 ^ fanout719/X (sky130_fd_sc_hd__clkbuf_8)
                                                         net719 (net)
                      0.184570    0.005224    3.514238 ^ fanout718/A (sky130_fd_sc_hd__clkbuf_4)
     8    0.061242    0.187982    0.286724    3.800962 ^ fanout718/X (sky130_fd_sc_hd__clkbuf_4)
                                                         net718 (net)
                      0.188096    0.003825    3.804787 ^ _13645_/RESET_B (sky130_fd_sc_hd__dfrtp_1)
                                              3.804787   data arrival time

                                 15.000000   15.000000   clock clk (rise edge)
                                  0.000000   15.000000   clock source latency
     1    0.046681    0.214570    0.152157   15.152157 ^ clk (in)
                                                         clk (net)
                      0.215027    0.000000   15.152157 ^ clkbuf_0_clk/A (sky130_fd_sc_hd__clkbuf_16)
     8    0.151713    0.163939    0.277307   15.429464 ^ clkbuf_0_clk/X (sky130_fd_sc_hd__clkbuf_16)
                                                         clknet_0_clk (net)
                      0.164055    0.001929   15.431394 ^ clkbuf_3_4__f_clk/A (sky130_fd_sc_hd__clkbuf_16)
     7    0.046679    0.066586    0.187727   15.619121 ^ clkbuf_3_4__f_clk/X (sky130_fd_sc_hd__clkbuf_16)
                                                         clknet_3_4__leaf_clk (net)
                      0.066612    0.001215   15.620336 ^ _13645_/CLK (sky130_fd_sc_hd__dfrtp_1)
                                 -0.250000   15.370337   clock uncertainty
                                  0.000000   15.370337   clock reconvergence pessimism
                                  0.200037   15.570374   library recovery time
                                             15.570374   data required time
---------------------------------------------------------------------------------------------
                                             15.570374   data required time
                                             -3.804787   data arrival time
---------------------------------------------------------------------------------------------
                                             11.765586   slack (MET)


Startpoint: rst_n (input port clocked by clk)
Endpoint: _13671_ (recovery check against rising-edge clock clk)
Path Group: asynchronous
Path Type: max

Fanout         Cap        Slew       Delay        Time   Description
---------------------------------------------------------------------------------------------
                                  0.000000    0.000000   clock clk (rise edge)
                                  0.000000    0.000000   clock network delay (propagated)
                                  3.000000    3.000000 ^ input external delay
     1    0.002640    0.019049    0.009744    3.009744 ^ rst_n (in)
                                                         rst_n (net)
                      0.019049    0.000000    3.009744 ^ input1/A (sky130_fd_sc_hd__buf_2)
     2    0.041112    0.201561    0.208744    3.218487 ^ input1/X (sky130_fd_sc_hd__buf_2)
                                                         net1 (net)
                      0.201562    0.000396    3.218884 ^ fanout715/A (sky130_fd_sc_hd__buf_4)
     9    0.076788    0.214009    0.284427    3.503311 ^ fanout715/X (sky130_fd_sc_hd__buf_4)
                                                         net715 (net)
                      0.214166    0.003519    3.506829 ^ fanout714/A (sky130_fd_sc_hd__clkbuf_4)
     8    0.055518    0.170855    0.286437    3.793267 ^ fanout714/X (sky130_fd_sc_hd__clkbuf_4)
                                                         net714 (net)
                      0.171019    0.004343    3.797610 ^ _13671_/RESET_B (sky130_fd_sc_hd__dfrtp_1)
                                              3.797610   data arrival time

                                 15.000000   15.000000   clock clk (rise edge)
                                  0.000000   15.000000   clock source latency
     1    0.046681    0.214570    0.152157   15.152157 ^ clk (in)
                                                         clk (net)
                      0.215027    0.000000   15.152157 ^ clkbuf_0_clk/A (sky130_fd_sc_hd__clkbuf_16)
     8    0.151713    0.163939    0.277307   15.429464 ^ clkbuf_0_clk/X (sky130_fd_sc_hd__clkbuf_16)
                                                         clknet_0_clk (net)
                      0.164263    0.005095   15.434559 ^ clkbuf_3_2__f_clk/A (sky130_fd_sc_hd__clkbuf_16)
    10    0.037474    0.058340    0.180398   15.614957 ^ clkbuf_3_2__f_clk/X (sky130_fd_sc_hd__clkbuf_16)
                                                         clknet_3_2__leaf_clk (net)
                      0.058447    0.001492   15.616449 ^ _13671_/CLK (sky130_fd_sc_hd__dfrtp_1)
                                 -0.250000   15.366450   clock uncertainty
                                  0.000000   15.366450   clock reconvergence pessimism
                                  0.201898   15.568349   library recovery time
                                             15.568349   data required time
---------------------------------------------------------------------------------------------
                                             15.568349   data required time
                                             -3.797610   data arrival time
---------------------------------------------------------------------------------------------
                                             11.770740   slack (MET)


Startpoint: rst_n (input port clocked by clk)
Endpoint: _13678_ (recovery check against rising-edge clock clk)
Path Group: asynchronous
Path Type: max

Fanout         Cap        Slew       Delay        Time   Description
---------------------------------------------------------------------------------------------
                                  0.000000    0.000000   clock clk (rise edge)
                                  0.000000    0.000000   clock network delay (propagated)
                                  3.000000    3.000000 ^ input external delay
     1    0.002640    0.019049    0.009744    3.009744 ^ rst_n (in)
                                                         rst_n (net)
                      0.019049    0.000000    3.009744 ^ input1/A (sky130_fd_sc_hd__buf_2)
     2    0.041112    0.201561    0.208744    3.218487 ^ input1/X (sky130_fd_sc_hd__buf_2)
                                                         net1 (net)
                      0.201562    0.000396    3.218884 ^ fanout715/A (sky130_fd_sc_hd__buf_4)
     9    0.076788    0.214009    0.284427    3.503311 ^ fanout715/X (sky130_fd_sc_hd__buf_4)
                                                         net715 (net)
                      0.214166    0.003519    3.506829 ^ fanout714/A (sky130_fd_sc_hd__clkbuf_4)
     8    0.055518    0.170855    0.286437    3.793267 ^ fanout714/X (sky130_fd_sc_hd__clkbuf_4)
                                                         net714 (net)
                      0.170861    0.000844    3.794111 ^ _13678_/RESET_B (sky130_fd_sc_hd__dfrtp_1)
                                              3.794111   data arrival time

                                 15.000000   15.000000   clock clk (rise edge)
                                  0.000000   15.000000   clock source latency
     1    0.046681    0.214570    0.152157   15.152157 ^ clk (in)
                                                         clk (net)
                      0.215027    0.000000   15.152157 ^ clkbuf_0_clk/A (sky130_fd_sc_hd__clkbuf_16)
     8    0.151713    0.163939    0.277307   15.429464 ^ clkbuf_0_clk/X (sky130_fd_sc_hd__clkbuf_16)
                                                         clknet_0_clk (net)
                      0.164263    0.005095   15.434559 ^ clkbuf_3_2__f_clk/A (sky130_fd_sc_hd__clkbuf_16)
    10    0.037474    0.058340    0.180398   15.614957 ^ clkbuf_3_2__f_clk/X (sky130_fd_sc_hd__clkbuf_16)
                                                         clknet_3_2__leaf_clk (net)
                      0.058604    0.002848   15.617805 ^ _13678_/CLK (sky130_fd_sc_hd__dfrtp_1)
                                 -0.250000   15.367805   clock uncertainty
                                  0.000000   15.367805   clock reconvergence pessimism
                                  0.201988   15.569793   library recovery time
                                             15.569793   data required time
---------------------------------------------------------------------------------------------
                                             15.569793   data required time
                                             -3.794111   data arrival time
---------------------------------------------------------------------------------------------
                                             11.775683   slack (MET)


Startpoint: rst_n (input port clocked by clk)
Endpoint: _13679_ (recovery check against rising-edge clock clk)
Path Group: asynchronous
Path Type: max

Fanout         Cap        Slew       Delay        Time   Description
---------------------------------------------------------------------------------------------
                                  0.000000    0.000000   clock clk (rise edge)
                                  0.000000    0.000000   clock network delay (propagated)
                                  3.000000    3.000000 ^ input external delay
     1    0.002640    0.019049    0.009744    3.009744 ^ rst_n (in)
                                                         rst_n (net)
                      0.019049    0.000000    3.009744 ^ input1/A (sky130_fd_sc_hd__buf_2)
     2    0.041112    0.201561    0.208744    3.218487 ^ input1/X (sky130_fd_sc_hd__buf_2)
                                                         net1 (net)
                      0.201562    0.000396    3.218884 ^ fanout715/A (sky130_fd_sc_hd__buf_4)
     9    0.076788    0.214009    0.284427    3.503311 ^ fanout715/X (sky130_fd_sc_hd__buf_4)
                                                         net715 (net)
                      0.214166    0.003519    3.506829 ^ fanout714/A (sky130_fd_sc_hd__clkbuf_4)
     8    0.055518    0.170855    0.286437    3.793267 ^ fanout714/X (sky130_fd_sc_hd__clkbuf_4)
                                                         net714 (net)
                      0.170856    0.000416    3.793683 ^ _13679_/RESET_B (sky130_fd_sc_hd__dfrtp_1)
                                              3.793683   data arrival time

                                 15.000000   15.000000   clock clk (rise edge)
                                  0.000000   15.000000   clock source latency
     1    0.046681    0.214570    0.152157   15.152157 ^ clk (in)
                                                         clk (net)
                      0.215027    0.000000   15.152157 ^ clkbuf_0_clk/A (sky130_fd_sc_hd__clkbuf_16)
     8    0.151713    0.163939    0.277307   15.429464 ^ clkbuf_0_clk/X (sky130_fd_sc_hd__clkbuf_16)
                                                         clknet_0_clk (net)
                      0.164269    0.005153   15.434618 ^ clkbuf_3_1__f_clk/A (sky130_fd_sc_hd__clkbuf_16)
     7    0.047063    0.066928    0.187974   15.622592 ^ clkbuf_3_1__f_clk/X (sky130_fd_sc_hd__clkbuf_16)
                                                         clknet_3_1__leaf_clk (net)
                      0.066951    0.001135   15.623727 ^ _13679_/CLK (sky130_fd_sc_hd__dfrtp_1)
                                 -0.250000   15.373728   clock uncertainty
                                  0.000000   15.373728   clock reconvergence pessimism
                                  0.204591   15.578318   library recovery time
                                             15.578318   data required time
---------------------------------------------------------------------------------------------
                                             15.578318   data required time
                                             -3.793683   data arrival time
---------------------------------------------------------------------------------------------
                                             11.784635   slack (MET)


Startpoint: rst_n (input port clocked by clk)
Endpoint: _13699_ (recovery check against rising-edge clock clk)
Path Group: asynchronous
Path Type: max

Fanout         Cap        Slew       Delay        Time   Description
---------------------------------------------------------------------------------------------
                                  0.000000    0.000000   clock clk (rise edge)
                                  0.000000    0.000000   clock network delay (propagated)
                                  3.000000    3.000000 ^ input external delay
     1    0.002640    0.019049    0.009744    3.009744 ^ rst_n (in)
                                                         rst_n (net)
                      0.019049    0.000000    3.009744 ^ input1/A (sky130_fd_sc_hd__buf_2)
     2    0.041112    0.201561    0.208744    3.218487 ^ input1/X (sky130_fd_sc_hd__buf_2)
                                                         net1 (net)
                      0.201562    0.000396    3.218884 ^ fanout715/A (sky130_fd_sc_hd__buf_4)
     9    0.076788    0.214009    0.284427    3.503311 ^ fanout715/X (sky130_fd_sc_hd__buf_4)
                                                         net715 (net)
                      0.214136    0.002840    3.506151 ^ _13699_/RESET_B (sky130_fd_sc_hd__dfrtp_1)
                                              3.506151   data arrival time

                                 15.000000   15.000000   clock clk (rise edge)
                                  0.000000   15.000000   clock source latency
     1    0.046681    0.214570    0.152157   15.152157 ^ clk (in)
                                                         clk (net)
                      0.215027    0.000000   15.152157 ^ clkbuf_0_clk/A (sky130_fd_sc_hd__clkbuf_16)
     8    0.151713    0.163939    0.277307   15.429464 ^ clkbuf_0_clk/X (sky130_fd_sc_hd__clkbuf_16)
                                                         clknet_0_clk (net)
                      0.164228    0.004722   15.434186 ^ clkbuf_3_0__f_clk/A (sky130_fd_sc_hd__clkbuf_16)
     9    0.057070    0.076225    0.194644   15.628830 ^ clkbuf_3_0__f_clk/X (sky130_fd_sc_hd__clkbuf_16)
                                                         clknet_3_0__leaf_clk (net)
                      0.076306    0.002261   15.631091 ^ _13699_/CLK (sky130_fd_sc_hd__dfrtp_1)
                                 -0.250000   15.381092   clock uncertainty
                                  0.000000   15.381092   clock reconvergence pessimism
                                  0.196357   15.577449   library recovery time
                                             15.577449   data required time
---------------------------------------------------------------------------------------------
                                             15.577449   data required time
                                             -3.506151   data arrival time
---------------------------------------------------------------------------------------------
                                             12.071298   slack (MET)


Startpoint: rst_n (input port clocked by clk)
Endpoint: _13700_ (recovery check against rising-edge clock clk)
Path Group: asynchronous
Path Type: max

Fanout         Cap        Slew       Delay        Time   Description
---------------------------------------------------------------------------------------------
                                  0.000000    0.000000   clock clk (rise edge)
                                  0.000000    0.000000   clock network delay (propagated)
                                  3.000000    3.000000 ^ input external delay
     1    0.002640    0.019049    0.009744    3.009744 ^ rst_n (in)
                                                         rst_n (net)
                      0.019049    0.000000    3.009744 ^ input1/A (sky130_fd_sc_hd__buf_2)
     2    0.041112    0.201561    0.208744    3.218487 ^ input1/X (sky130_fd_sc_hd__buf_2)
                                                         net1 (net)
                      0.201562    0.000396    3.218884 ^ fanout715/A (sky130_fd_sc_hd__buf_4)
     9    0.076788    0.214009    0.284427    3.503311 ^ fanout715/X (sky130_fd_sc_hd__buf_4)
                                                         net715 (net)
                      0.214134    0.002779    3.506090 ^ _13700_/RESET_B (sky130_fd_sc_hd__dfrtp_1)
                                              3.506090   data arrival time

                                 15.000000   15.000000   clock clk (rise edge)
                                  0.000000   15.000000   clock source latency
     1    0.046681    0.214570    0.152157   15.152157 ^ clk (in)
                                                         clk (net)
                      0.215027    0.000000   15.152157 ^ clkbuf_0_clk/A (sky130_fd_sc_hd__clkbuf_16)
     8    0.151713    0.163939    0.277307   15.429464 ^ clkbuf_0_clk/X (sky130_fd_sc_hd__clkbuf_16)
                                                         clknet_0_clk (net)
                      0.164228    0.004722   15.434186 ^ clkbuf_3_0__f_clk/A (sky130_fd_sc_hd__clkbuf_16)
     9    0.057070    0.076225    0.194644   15.628830 ^ clkbuf_3_0__f_clk/X (sky130_fd_sc_hd__clkbuf_16)
                                                         clknet_3_0__leaf_clk (net)
                      0.076309    0.002290   15.631120 ^ _13700_/CLK (sky130_fd_sc_hd__dfrtp_1)
                                 -0.250000   15.381121   clock uncertainty
                                  0.000000   15.381121   clock reconvergence pessimism
                                  0.196359   15.577479   library recovery time
                                             15.577479   data required time
---------------------------------------------------------------------------------------------
                                             15.577479   data required time
                                             -3.506090   data arrival time
---------------------------------------------------------------------------------------------
                                             12.071389   slack (MET)


Startpoint: rst_n (input port clocked by clk)
Endpoint: _13701_ (recovery check against rising-edge clock clk)
Path Group: asynchronous
Path Type: max

Fanout         Cap        Slew       Delay        Time   Description
---------------------------------------------------------------------------------------------
                                  0.000000    0.000000   clock clk (rise edge)
                                  0.000000    0.000000   clock network delay (propagated)
                                  3.000000    3.000000 ^ input external delay
     1    0.002640    0.019049    0.009744    3.009744 ^ rst_n (in)
                                                         rst_n (net)
                      0.019049    0.000000    3.009744 ^ input1/A (sky130_fd_sc_hd__buf_2)
     2    0.041112    0.201561    0.208744    3.218487 ^ input1/X (sky130_fd_sc_hd__buf_2)
                                                         net1 (net)
                      0.201562    0.000396    3.218884 ^ fanout715/A (sky130_fd_sc_hd__buf_4)
     9    0.076788    0.214009    0.284427    3.503311 ^ fanout715/X (sky130_fd_sc_hd__buf_4)
                                                         net715 (net)
                      0.214129    0.002653    3.505964 ^ _13701_/RESET_B (sky130_fd_sc_hd__dfrtp_1)
                                              3.505964   data arrival time

                                 15.000000   15.000000   clock clk (rise edge)
                                  0.000000   15.000000   clock source latency
     1    0.046681    0.214570    0.152157   15.152157 ^ clk (in)
                                                         clk (net)
                      0.215027    0.000000   15.152157 ^ clkbuf_0_clk/A (sky130_fd_sc_hd__clkbuf_16)
     8    0.151713    0.163939    0.277307   15.429464 ^ clkbuf_0_clk/X (sky130_fd_sc_hd__clkbuf_16)
                                                         clknet_0_clk (net)
                      0.164228    0.004722   15.434186 ^ clkbuf_3_0__f_clk/A (sky130_fd_sc_hd__clkbuf_16)
     9    0.057070    0.076225    0.194644   15.628830 ^ clkbuf_3_0__f_clk/X (sky130_fd_sc_hd__clkbuf_16)
                                                         clknet_3_0__leaf_clk (net)
                      0.076316    0.002368   15.631198 ^ _13701_/CLK (sky130_fd_sc_hd__dfrtp_1)
                                 -0.250000   15.381199   clock uncertainty
                                  0.000000   15.381199   clock reconvergence pessimism
                                  0.196362   15.577561   library recovery time
                                             15.577561   data required time
---------------------------------------------------------------------------------------------
                                             15.577561   data required time
                                             -3.505964   data arrival time
---------------------------------------------------------------------------------------------
                                             12.071597   slack (MET)


Startpoint: rst_n (input port clocked by clk)
Endpoint: _13698_ (recovery check against rising-edge clock clk)
Path Group: asynchronous
Path Type: max

Fanout         Cap        Slew       Delay        Time   Description
---------------------------------------------------------------------------------------------
                                  0.000000    0.000000   clock clk (rise edge)
                                  0.000000    0.000000   clock network delay (propagated)
                                  3.000000    3.000000 ^ input external delay
     1    0.002640    0.019049    0.009744    3.009744 ^ rst_n (in)
                                                         rst_n (net)
                      0.019049    0.000000    3.009744 ^ input1/A (sky130_fd_sc_hd__buf_2)
     2    0.041112    0.201561    0.208744    3.218487 ^ input1/X (sky130_fd_sc_hd__buf_2)
                                                         net1 (net)
                      0.201562    0.000396    3.218884 ^ fanout715/A (sky130_fd_sc_hd__buf_4)
     9    0.076788    0.214009    0.284427    3.503311 ^ fanout715/X (sky130_fd_sc_hd__buf_4)
                                                         net715 (net)
                      0.214116    0.002260    3.505571 ^ _13698_/RESET_B (sky130_fd_sc_hd__dfrtp_1)
                                              3.505571   data arrival time

                                 15.000000   15.000000   clock clk (rise edge)
                                  0.000000   15.000000   clock source latency
     1    0.046681    0.214570    0.152157   15.152157 ^ clk (in)
                                                         clk (net)
                      0.215027    0.000000   15.152157 ^ clkbuf_0_clk/A (sky130_fd_sc_hd__clkbuf_16)
     8    0.151713    0.163939    0.277307   15.429464 ^ clkbuf_0_clk/X (sky130_fd_sc_hd__clkbuf_16)
                                                         clknet_0_clk (net)
                      0.164228    0.004722   15.434186 ^ clkbuf_3_0__f_clk/A (sky130_fd_sc_hd__clkbuf_16)
     9    0.057070    0.076225    0.194644   15.628830 ^ clkbuf_3_0__f_clk/X (sky130_fd_sc_hd__clkbuf_16)
                                                         clknet_3_0__leaf_clk (net)
                      0.076452    0.002823   15.631653 ^ _13698_/CLK (sky130_fd_sc_hd__dfrtp_1)
                                 -0.250000   15.381654   clock uncertainty
                                  0.000000   15.381654   clock reconvergence pessimism
                                  0.196408   15.578062   library recovery time
                                             15.578062   data required time
---------------------------------------------------------------------------------------------
                                             15.578062   data required time
                                             -3.505571   data arrival time
---------------------------------------------------------------------------------------------
                                             12.072491   slack (MET)


Startpoint: rst_n (input port clocked by clk)
Endpoint: _13681_ (recovery check against rising-edge clock clk)
Path Group: asynchronous
Path Type: max

Fanout         Cap        Slew       Delay        Time   Description
---------------------------------------------------------------------------------------------
                                  0.000000    0.000000   clock clk (rise edge)
                                  0.000000    0.000000   clock network delay (propagated)
                                  3.000000    3.000000 ^ input external delay
     1    0.002640    0.019049    0.009744    3.009744 ^ rst_n (in)
                                                         rst_n (net)
                      0.019049    0.000000    3.009744 ^ input1/A (sky130_fd_sc_hd__buf_2)
     2    0.041112    0.201561    0.208744    3.218487 ^ input1/X (sky130_fd_sc_hd__buf_2)
                                                         net1 (net)
                      0.201562    0.000396    3.218884 ^ fanout715/A (sky130_fd_sc_hd__buf_4)
     9    0.076788    0.214009    0.284427    3.503311 ^ fanout715/X (sky130_fd_sc_hd__buf_4)
                                                         net715 (net)
                      0.214111    0.002102    3.505413 ^ _13681_/RESET_B (sky130_fd_sc_hd__dfrtp_1)
                                              3.505413   data arrival time

                                 15.000000   15.000000   clock clk (rise edge)
                                  0.000000   15.000000   clock source latency
     1    0.046681    0.214570    0.152157   15.152157 ^ clk (in)
                                                         clk (net)
                      0.215027    0.000000   15.152157 ^ clkbuf_0_clk/A (sky130_fd_sc_hd__clkbuf_16)
     8    0.151713    0.163939    0.277307   15.429464 ^ clkbuf_0_clk/X (sky130_fd_sc_hd__clkbuf_16)
                                                         clknet_0_clk (net)
                      0.164228    0.004722   15.434186 ^ clkbuf_3_0__f_clk/A (sky130_fd_sc_hd__clkbuf_16)
     9    0.057070    0.076225    0.194644   15.628830 ^ clkbuf_3_0__f_clk/X (sky130_fd_sc_hd__clkbuf_16)
                                                         clknet_3_0__leaf_clk (net)
                      0.076450    0.002810   15.631640 ^ _13681_/CLK (sky130_fd_sc_hd__dfrtp_1)
                                 -0.250000   15.381641   clock uncertainty
                                  0.000000   15.381641   clock reconvergence pessimism
                                  0.196409   15.578050   library recovery time
                                             15.578050   data required time
---------------------------------------------------------------------------------------------
                                             15.578050   data required time
                                             -3.505413   data arrival time
---------------------------------------------------------------------------------------------
                                             12.072637   slack (MET)


Startpoint: rst_n (input port clocked by clk)
Endpoint: _13682_ (recovery check against rising-edge clock clk)
Path Group: asynchronous
Path Type: max

Fanout         Cap        Slew       Delay        Time   Description
---------------------------------------------------------------------------------------------
                                  0.000000    0.000000   clock clk (rise edge)
                                  0.000000    0.000000   clock network delay (propagated)
                                  3.000000    3.000000 ^ input external delay
     1    0.002640    0.019049    0.009744    3.009744 ^ rst_n (in)
                                                         rst_n (net)
                      0.019049    0.000000    3.009744 ^ input1/A (sky130_fd_sc_hd__buf_2)
     2    0.041112    0.201561    0.208744    3.218487 ^ input1/X (sky130_fd_sc_hd__buf_2)
                                                         net1 (net)
                      0.201562    0.000396    3.218884 ^ fanout715/A (sky130_fd_sc_hd__buf_4)
     9    0.076788    0.214009    0.284427    3.503311 ^ fanout715/X (sky130_fd_sc_hd__buf_4)
                                                         net715 (net)
                      0.214103    0.001802    3.505113 ^ _13682_/RESET_B (sky130_fd_sc_hd__dfrtp_1)
                                              3.505113   data arrival time

                                 15.000000   15.000000   clock clk (rise edge)
                                  0.000000   15.000000   clock source latency
     1    0.046681    0.214570    0.152157   15.152157 ^ clk (in)
                                                         clk (net)
                      0.215027    0.000000   15.152157 ^ clkbuf_0_clk/A (sky130_fd_sc_hd__clkbuf_16)
     8    0.151713    0.163939    0.277307   15.429464 ^ clkbuf_0_clk/X (sky130_fd_sc_hd__clkbuf_16)
                                                         clknet_0_clk (net)
                      0.164228    0.004722   15.434186 ^ clkbuf_3_0__f_clk/A (sky130_fd_sc_hd__clkbuf_16)
     9    0.057070    0.076225    0.194644   15.628830 ^ clkbuf_3_0__f_clk/X (sky130_fd_sc_hd__clkbuf_16)
                                                         clknet_3_0__leaf_clk (net)
                      0.076470    0.002970   15.631801 ^ _13682_/CLK (sky130_fd_sc_hd__dfrtp_1)
                                 -0.250000   15.381802   clock uncertainty
                                  0.000000   15.381802   clock reconvergence pessimism
                                  0.196417   15.578218   library recovery time
                                             15.578218   data required time
---------------------------------------------------------------------------------------------
                                             15.578218   data required time
                                             -3.505113   data arrival time
---------------------------------------------------------------------------------------------
                                             12.073106   slack (MET)


Startpoint: rst_n (input port clocked by clk)
Endpoint: _13683_ (recovery check against rising-edge clock clk)
Path Group: asynchronous
Path Type: max

Fanout         Cap        Slew       Delay        Time   Description
---------------------------------------------------------------------------------------------
                                  0.000000    0.000000   clock clk (rise edge)
                                  0.000000    0.000000   clock network delay (propagated)
                                  3.000000    3.000000 ^ input external delay
     1    0.002640    0.019049    0.009744    3.009744 ^ rst_n (in)
                                                         rst_n (net)
                      0.019049    0.000000    3.009744 ^ input1/A (sky130_fd_sc_hd__buf_2)
     2    0.041112    0.201561    0.208744    3.218487 ^ input1/X (sky130_fd_sc_hd__buf_2)
                                                         net1 (net)
                      0.201562    0.000396    3.218884 ^ fanout715/A (sky130_fd_sc_hd__buf_4)
     9    0.076788    0.214009    0.284427    3.503311 ^ fanout715/X (sky130_fd_sc_hd__buf_4)
                                                         net715 (net)
                      0.214089    0.001048    3.504359 ^ _13683_/RESET_B (sky130_fd_sc_hd__dfrtp_1)
                                              3.504359   data arrival time

                                 15.000000   15.000000   clock clk (rise edge)
                                  0.000000   15.000000   clock source latency
     1    0.046681    0.214570    0.152157   15.152157 ^ clk (in)
                                                         clk (net)
                      0.215027    0.000000   15.152157 ^ clkbuf_0_clk/A (sky130_fd_sc_hd__clkbuf_16)
     8    0.151713    0.163939    0.277307   15.429464 ^ clkbuf_0_clk/X (sky130_fd_sc_hd__clkbuf_16)
                                                         clknet_0_clk (net)
                      0.164228    0.004722   15.434186 ^ clkbuf_3_0__f_clk/A (sky130_fd_sc_hd__clkbuf_16)
     9    0.057070    0.076225    0.194644   15.628830 ^ clkbuf_3_0__f_clk/X (sky130_fd_sc_hd__clkbuf_16)
                                                         clknet_3_0__leaf_clk (net)
                      0.076511    0.003281   15.632112 ^ _13683_/CLK (sky130_fd_sc_hd__dfrtp_1)
                                 -0.250000   15.382112   clock uncertainty
                                  0.000000   15.382112   clock reconvergence pessimism
                                  0.196434   15.578546   library recovery time
                                             15.578546   data required time
---------------------------------------------------------------------------------------------
                                             15.578546   data required time
                                             -3.504359   data arrival time
---------------------------------------------------------------------------------------------
                                             12.074186   slack (MET)


Startpoint: rst_n (input port clocked by clk)
Endpoint: _13684_ (recovery check against rising-edge clock clk)
Path Group: asynchronous
Path Type: max

Fanout         Cap        Slew       Delay        Time   Description
---------------------------------------------------------------------------------------------
                                  0.000000    0.000000   clock clk (rise edge)
                                  0.000000    0.000000   clock network delay (propagated)
                                  3.000000    3.000000 ^ input external delay
     1    0.002640    0.019049    0.009744    3.009744 ^ rst_n (in)
                                                         rst_n (net)
                      0.019049    0.000000    3.009744 ^ input1/A (sky130_fd_sc_hd__buf_2)
     2    0.041112    0.201561    0.208744    3.218487 ^ input1/X (sky130_fd_sc_hd__buf_2)
                                                         net1 (net)
                      0.201562    0.000396    3.218884 ^ fanout715/A (sky130_fd_sc_hd__buf_4)
     9    0.076788    0.214009    0.284427    3.503311 ^ fanout715/X (sky130_fd_sc_hd__buf_4)
                                                         net715 (net)
                      0.214009    0.000540    3.503850 ^ _13684_/RESET_B (sky130_fd_sc_hd__dfrtp_1)
                                              3.503850   data arrival time

                                 15.000000   15.000000   clock clk (rise edge)
                                  0.000000   15.000000   clock source latency
     1    0.046681    0.214570    0.152157   15.152157 ^ clk (in)
                                                         clk (net)
                      0.215027    0.000000   15.152157 ^ clkbuf_0_clk/A (sky130_fd_sc_hd__clkbuf_16)
     8    0.151713    0.163939    0.277307   15.429464 ^ clkbuf_0_clk/X (sky130_fd_sc_hd__clkbuf_16)
                                                         clknet_0_clk (net)
                      0.164228    0.004722   15.434186 ^ clkbuf_3_0__f_clk/A (sky130_fd_sc_hd__clkbuf_16)
     9    0.057070    0.076225    0.194644   15.628830 ^ clkbuf_3_0__f_clk/X (sky130_fd_sc_hd__clkbuf_16)
                                                         clknet_3_0__leaf_clk (net)
                      0.076534    0.003441   15.632271 ^ _13684_/CLK (sky130_fd_sc_hd__dfrtp_1)
                                 -0.250000   15.382272   clock uncertainty
                                  0.000000   15.382272   clock reconvergence pessimism
                                  0.196461   15.578733   library recovery time
                                             15.578733   data required time
---------------------------------------------------------------------------------------------
                                             15.578733   data required time
                                             -3.503850   data arrival time
---------------------------------------------------------------------------------------------
                                             12.074883   slack (MET)


Startpoint: rst_n (input port clocked by clk)
Endpoint: _13647_ (recovery check against rising-edge clock clk)
Path Group: asynchronous
Path Type: max

Fanout         Cap        Slew       Delay        Time   Description
---------------------------------------------------------------------------------------------
                                  0.000000    0.000000   clock clk (rise edge)
                                  0.000000    0.000000   clock network delay (propagated)
                                  3.000000    3.000000 ^ input external delay
     1    0.002640    0.019049    0.009744    3.009744 ^ rst_n (in)
                                                         rst_n (net)
                      0.019049    0.000000    3.009744 ^ input1/A (sky130_fd_sc_hd__buf_2)
     2    0.041112    0.201561    0.208744    3.218487 ^ input1/X (sky130_fd_sc_hd__buf_2)
                                                         net1 (net)
                      0.201750    0.005082    3.223569 ^ fanout719/A (sky130_fd_sc_hd__clkbuf_8)
     9    0.104339    0.184267    0.285445    3.509014 ^ fanout719/X (sky130_fd_sc_hd__clkbuf_8)
                                                         net719 (net)
                      0.184377    0.001894    3.510909 ^ _13647_/RESET_B (sky130_fd_sc_hd__dfrtp_1)
                                              3.510909   data arrival time

                                 15.000000   15.000000   clock clk (rise edge)
                                  0.000000   15.000000   clock source latency
     1    0.046681    0.214570    0.152157   15.152157 ^ clk (in)
                                                         clk (net)
                      0.215027    0.000000   15.152157 ^ clkbuf_0_clk/A (sky130_fd_sc_hd__clkbuf_16)
     8    0.151713    0.163939    0.277307   15.429464 ^ clkbuf_0_clk/X (sky130_fd_sc_hd__clkbuf_16)
                                                         clknet_0_clk (net)
                      0.164047    0.001688   15.431152 ^ clkbuf_3_5__f_clk/A (sky130_fd_sc_hd__clkbuf_16)
     9    0.065878    0.084084    0.201426   15.632578 ^ clkbuf_3_5__f_clk/X (sky130_fd_sc_hd__clkbuf_16)
                                                         clknet_3_5__leaf_clk (net)
                      0.084084    0.000618   15.633197 ^ _13647_/CLK (sky130_fd_sc_hd__dfrtp_1)
                                 -0.250000   15.383198   clock uncertainty
                                  0.000000   15.383198   clock reconvergence pessimism
                                  0.206453   15.589649   library recovery time
                                             15.589649   data required time
---------------------------------------------------------------------------------------------
                                             15.589649   data required time
                                             -3.510909   data arrival time
---------------------------------------------------------------------------------------------
                                             12.078740   slack (MET)


Startpoint: rst_n (input port clocked by clk)
Endpoint: _13664_ (recovery check against rising-edge clock clk)
Path Group: asynchronous
Path Type: max

Fanout         Cap        Slew       Delay        Time   Description
---------------------------------------------------------------------------------------------
                                  0.000000    0.000000   clock clk (rise edge)
                                  0.000000    0.000000   clock network delay (propagated)
                                  3.000000    3.000000 ^ input external delay
     1    0.002640    0.019049    0.009744    3.009744 ^ rst_n (in)
                                                         rst_n (net)
                      0.019049    0.000000    3.009744 ^ input1/A (sky130_fd_sc_hd__buf_2)
     2    0.041112    0.201561    0.208744    3.218487 ^ input1/X (sky130_fd_sc_hd__buf_2)
                                                         net1 (net)
                      0.201750    0.005082    3.223569 ^ fanout719/A (sky130_fd_sc_hd__clkbuf_8)
     9    0.104339    0.184267    0.285445    3.509014 ^ fanout719/X (sky130_fd_sc_hd__clkbuf_8)
                                                         net719 (net)
                      0.184477    0.004000    3.513015 ^ _13664_/RESET_B (sky130_fd_sc_hd__dfrtp_1)
                                              3.513015   data arrival time

                                 15.000000   15.000000   clock clk (rise edge)
                                  0.000000   15.000000   clock source latency
     1    0.046681    0.214570    0.152157   15.152157 ^ clk (in)
                                                         clk (net)
                      0.215027    0.000000   15.152157 ^ clkbuf_0_clk/A (sky130_fd_sc_hd__clkbuf_16)
     8    0.151713    0.163939    0.277307   15.429464 ^ clkbuf_0_clk/X (sky130_fd_sc_hd__clkbuf_16)
                                                         clknet_0_clk (net)
                      0.164047    0.001688   15.431152 ^ clkbuf_3_5__f_clk/A (sky130_fd_sc_hd__clkbuf_16)
     9    0.065878    0.084084    0.201426   15.632578 ^ clkbuf_3_5__f_clk/X (sky130_fd_sc_hd__clkbuf_16)
                                                         clknet_3_5__leaf_clk (net)
                      0.084284    0.002730   15.635308 ^ _13664_/CLK (sky130_fd_sc_hd__dfrtp_1)
                                 -0.250000   15.385309   clock uncertainty
                                  0.000000   15.385309   clock reconvergence pessimism
                                  0.206489   15.591799   library recovery time
                                             15.591799   data required time
---------------------------------------------------------------------------------------------
                                             15.591799   data required time
                                             -3.513015   data arrival time
---------------------------------------------------------------------------------------------
                                             12.078784   slack (MET)


Startpoint: rst_n (input port clocked by clk)
Endpoint: _13665_ (recovery check against rising-edge clock clk)
Path Group: asynchronous
Path Type: max

Fanout         Cap        Slew       Delay        Time   Description
---------------------------------------------------------------------------------------------
                                  0.000000    0.000000   clock clk (rise edge)
                                  0.000000    0.000000   clock network delay (propagated)
                                  3.000000    3.000000 ^ input external delay
     1    0.002640    0.019049    0.009744    3.009744 ^ rst_n (in)
                                                         rst_n (net)
                      0.019049    0.000000    3.009744 ^ input1/A (sky130_fd_sc_hd__buf_2)
     2    0.041112    0.201561    0.208744    3.218487 ^ input1/X (sky130_fd_sc_hd__buf_2)
                                                         net1 (net)
                      0.201750    0.005082    3.223569 ^ fanout719/A (sky130_fd_sc_hd__clkbuf_8)
     9    0.104339    0.184267    0.285445    3.509014 ^ fanout719/X (sky130_fd_sc_hd__clkbuf_8)
                                                         net719 (net)
                      0.184463    0.003783    3.512797 ^ _13665_/RESET_B (sky130_fd_sc_hd__dfrtp_1)
                                              3.512797   data arrival time

                                 15.000000   15.000000   clock clk (rise edge)
                                  0.000000   15.000000   clock source latency
     1    0.046681    0.214570    0.152157   15.152157 ^ clk (in)
                                                         clk (net)
                      0.215027    0.000000   15.152157 ^ clkbuf_0_clk/A (sky130_fd_sc_hd__clkbuf_16)
     8    0.151713    0.163939    0.277307   15.429464 ^ clkbuf_0_clk/X (sky130_fd_sc_hd__clkbuf_16)
                                                         clknet_0_clk (net)
                      0.164047    0.001688   15.431152 ^ clkbuf_3_5__f_clk/A (sky130_fd_sc_hd__clkbuf_16)
     9    0.065878    0.084084    0.201426   15.632578 ^ clkbuf_3_5__f_clk/X (sky130_fd_sc_hd__clkbuf_16)
                                                         clknet_3_5__leaf_clk (net)
                      0.084302    0.002890   15.635468 ^ _13665_/CLK (sky130_fd_sc_hd__dfrtp_1)
                                 -0.250000   15.385469   clock uncertainty
                                  0.000000   15.385469   clock reconvergence pessimism
                                  0.206498   15.591968   library recovery time
                                             15.591968   data required time
---------------------------------------------------------------------------------------------
                                             15.591968   data required time
                                             -3.512797   data arrival time
---------------------------------------------------------------------------------------------
                                             12.079170   slack (MET)


Startpoint: rst_n (input port clocked by clk)
Endpoint: _13667_ (recovery check against rising-edge clock clk)
Path Group: asynchronous
Path Type: max

Fanout         Cap        Slew       Delay        Time   Description
---------------------------------------------------------------------------------------------
                                  0.000000    0.000000   clock clk (rise edge)
                                  0.000000    0.000000   clock network delay (propagated)
                                  3.000000    3.000000 ^ input external delay
     1    0.002640    0.019049    0.009744    3.009744 ^ rst_n (in)
                                                         rst_n (net)
                      0.019049    0.000000    3.009744 ^ input1/A (sky130_fd_sc_hd__buf_2)
     2    0.041112    0.201561    0.208744    3.218487 ^ input1/X (sky130_fd_sc_hd__buf_2)
                                                         net1 (net)
                      0.201750    0.005082    3.223569 ^ fanout719/A (sky130_fd_sc_hd__clkbuf_8)
     9    0.104339    0.184267    0.285445    3.509014 ^ fanout719/X (sky130_fd_sc_hd__clkbuf_8)
                                                         net719 (net)
                      0.184468    0.003865    3.512879 ^ _13667_/RESET_B (sky130_fd_sc_hd__dfrtp_1)
                                              3.512879   data arrival time

                                 15.000000   15.000000   clock clk (rise edge)
                                  0.000000   15.000000   clock source latency
     1    0.046681    0.214570    0.152157   15.152157 ^ clk (in)
                                                         clk (net)
                      0.215027    0.000000   15.152157 ^ clkbuf_0_clk/A (sky130_fd_sc_hd__clkbuf_16)
     8    0.151713    0.163939    0.277307   15.429464 ^ clkbuf_0_clk/X (sky130_fd_sc_hd__clkbuf_16)
                                                         clknet_0_clk (net)
                      0.164047    0.001688   15.431152 ^ clkbuf_3_5__f_clk/A (sky130_fd_sc_hd__clkbuf_16)
     9    0.065878    0.084084    0.201426   15.632578 ^ clkbuf_3_5__f_clk/X (sky130_fd_sc_hd__clkbuf_16)
                                                         clknet_3_5__leaf_clk (net)
                      0.084314    0.003000   15.635578 ^ _13667_/CLK (sky130_fd_sc_hd__dfrtp_1)
                                 -0.250000   15.385579   clock uncertainty
                                  0.000000   15.385579   clock reconvergence pessimism
                                  0.206501   15.592081   library recovery time
                                             15.592081   data required time
---------------------------------------------------------------------------------------------
                                             15.592081   data required time
                                             -3.512879   data arrival time
---------------------------------------------------------------------------------------------
                                             12.079202   slack (MET)


Startpoint: rst_n (input port clocked by clk)
Endpoint: _13666_ (recovery check against rising-edge clock clk)
Path Group: asynchronous
Path Type: max

Fanout         Cap        Slew       Delay        Time   Description
---------------------------------------------------------------------------------------------
                                  0.000000    0.000000   clock clk (rise edge)
                                  0.000000    0.000000   clock network delay (propagated)
                                  3.000000    3.000000 ^ input external delay
     1    0.002640    0.019049    0.009744    3.009744 ^ rst_n (in)
                                                         rst_n (net)
                      0.019049    0.000000    3.009744 ^ input1/A (sky130_fd_sc_hd__buf_2)
     2    0.041112    0.201561    0.208744    3.218487 ^ input1/X (sky130_fd_sc_hd__buf_2)
                                                         net1 (net)
                      0.201750    0.005082    3.223569 ^ fanout719/A (sky130_fd_sc_hd__clkbuf_8)
     9    0.104339    0.184267    0.285445    3.509014 ^ fanout719/X (sky130_fd_sc_hd__clkbuf_8)
                                                         net719 (net)
                      0.184459    0.003724    3.512738 ^ _13666_/RESET_B (sky130_fd_sc_hd__dfrtp_1)
                                              3.512738   data arrival time

                                 15.000000   15.000000   clock clk (rise edge)
                                  0.000000   15.000000   clock source latency
     1    0.046681    0.214570    0.152157   15.152157 ^ clk (in)
                                                         clk (net)
                      0.215027    0.000000   15.152157 ^ clkbuf_0_clk/A (sky130_fd_sc_hd__clkbuf_16)
     8    0.151713    0.163939    0.277307   15.429464 ^ clkbuf_0_clk/X (sky130_fd_sc_hd__clkbuf_16)
                                                         clknet_0_clk (net)
                      0.164047    0.001688   15.431152 ^ clkbuf_3_5__f_clk/A (sky130_fd_sc_hd__clkbuf_16)
     9    0.065878    0.084084    0.201426   15.632578 ^ clkbuf_3_5__f_clk/X (sky130_fd_sc_hd__clkbuf_16)
                                                         clknet_3_5__leaf_clk (net)
                      0.084308    0.002949   15.635527 ^ _13666_/CLK (sky130_fd_sc_hd__dfrtp_1)
                                 -0.250000   15.385528   clock uncertainty
                                  0.000000   15.385528   clock reconvergence pessimism
                                  0.206501   15.592030   library recovery time
                                             15.592030   data required time
---------------------------------------------------------------------------------------------
                                             15.592030   data required time
                                             -3.512738   data arrival time
---------------------------------------------------------------------------------------------
                                             12.079290   slack (MET)


Startpoint: rst_n (input port clocked by clk)
Endpoint: _13648_ (recovery check against rising-edge clock clk)
Path Group: asynchronous
Path Type: max

Fanout         Cap        Slew       Delay        Time   Description
---------------------------------------------------------------------------------------------
                                  0.000000    0.000000   clock clk (rise edge)
                                  0.000000    0.000000   clock network delay (propagated)
                                  3.000000    3.000000 ^ input external delay
     1    0.002640    0.019049    0.009744    3.009744 ^ rst_n (in)
                                                         rst_n (net)
                      0.019049    0.000000    3.009744 ^ input1/A (sky130_fd_sc_hd__buf_2)
     2    0.041112    0.201561    0.208744    3.218487 ^ input1/X (sky130_fd_sc_hd__buf_2)
                                                         net1 (net)
                      0.201750    0.005082    3.223569 ^ fanout719/A (sky130_fd_sc_hd__clkbuf_8)
     9    0.104339    0.184267    0.285445    3.509014 ^ fanout719/X (sky130_fd_sc_hd__clkbuf_8)
                                                         net719 (net)
                      0.184360    0.001217    3.510231 ^ _13648_/RESET_B (sky130_fd_sc_hd__dfrtp_1)
                                              3.510231   data arrival time

                                 15.000000   15.000000   clock clk (rise edge)
                                  0.000000   15.000000   clock source latency
     1    0.046681    0.214570    0.152157   15.152157 ^ clk (in)
                                                         clk (net)
                      0.215027    0.000000   15.152157 ^ clkbuf_0_clk/A (sky130_fd_sc_hd__clkbuf_16)
     8    0.151713    0.163939    0.277307   15.429464 ^ clkbuf_0_clk/X (sky130_fd_sc_hd__clkbuf_16)
                                                         clknet_0_clk (net)
                      0.164047    0.001688   15.431152 ^ clkbuf_3_5__f_clk/A (sky130_fd_sc_hd__clkbuf_16)
     9    0.065878    0.084084    0.201426   15.632578 ^ clkbuf_3_5__f_clk/X (sky130_fd_sc_hd__clkbuf_16)
                                                         clknet_3_5__leaf_clk (net)
                      0.084110    0.001529   15.634108 ^ _13648_/CLK (sky130_fd_sc_hd__dfrtp_1)
                                 -0.250000   15.384109   clock uncertainty
                                  0.000000   15.384109   clock reconvergence pessimism
                                  0.206465   15.590572   library recovery time
                                             15.590572   data required time
---------------------------------------------------------------------------------------------
                                             15.590572   data required time
                                             -3.510231   data arrival time
---------------------------------------------------------------------------------------------
                                             12.080341   slack (MET)


Startpoint: rst_n (input port clocked by clk)
Endpoint: _13649_ (recovery check against rising-edge clock clk)
Path Group: asynchronous
Path Type: max

Fanout         Cap        Slew       Delay        Time   Description
---------------------------------------------------------------------------------------------
                                  0.000000    0.000000   clock clk (rise edge)
                                  0.000000    0.000000   clock network delay (propagated)
                                  3.000000    3.000000 ^ input external delay
     1    0.002640    0.019049    0.009744    3.009744 ^ rst_n (in)
                                                         rst_n (net)
                      0.019049    0.000000    3.009744 ^ input1/A (sky130_fd_sc_hd__buf_2)
     2    0.041112    0.201561    0.208744    3.218487 ^ input1/X (sky130_fd_sc_hd__buf_2)
                                                         net1 (net)
                      0.201750    0.005082    3.223569 ^ fanout719/A (sky130_fd_sc_hd__clkbuf_8)
     9    0.104339    0.184267    0.285445    3.509014 ^ fanout719/X (sky130_fd_sc_hd__clkbuf_8)
                                                         net719 (net)
                      0.184350    0.000516    3.509530 ^ _13649_/RESET_B (sky130_fd_sc_hd__dfrtp_1)
                                              3.509530   data arrival time

                                 15.000000   15.000000   clock clk (rise edge)
                                  0.000000   15.000000   clock source latency
     1    0.046681    0.214570    0.152157   15.152157 ^ clk (in)
                                                         clk (net)
                      0.215027    0.000000   15.152157 ^ clkbuf_0_clk/A (sky130_fd_sc_hd__clkbuf_16)
     8    0.151713    0.163939    0.277307   15.429464 ^ clkbuf_0_clk/X (sky130_fd_sc_hd__clkbuf_16)
                                                         clknet_0_clk (net)
                      0.164047    0.001688   15.431152 ^ clkbuf_3_5__f_clk/A (sky130_fd_sc_hd__clkbuf_16)
     9    0.065878    0.084084    0.201426   15.632578 ^ clkbuf_3_5__f_clk/X (sky130_fd_sc_hd__clkbuf_16)
                                                         clknet_3_5__leaf_clk (net)
                      0.084113    0.001590   15.634169 ^ _13649_/CLK (sky130_fd_sc_hd__dfrtp_1)
                                 -0.250000   15.384169   clock uncertainty
                                  0.000000   15.384169   clock reconvergence pessimism
                                  0.206468   15.590637   library recovery time
                                             15.590637   data required time
---------------------------------------------------------------------------------------------
                                             15.590637   data required time
                                             -3.509530   data arrival time
---------------------------------------------------------------------------------------------
                                             12.081106   slack (MET)


Startpoint: rst_n (input port clocked by clk)
Endpoint: _13650_ (recovery check against rising-edge clock clk)
Path Group: asynchronous
Path Type: max

Fanout         Cap        Slew       Delay        Time   Description
---------------------------------------------------------------------------------------------
                                  0.000000    0.000000   clock clk (rise edge)
                                  0.000000    0.000000   clock network delay (propagated)
                                  3.000000    3.000000 ^ input external delay
     1    0.002640    0.019049    0.009744    3.009744 ^ rst_n (in)
                                                         rst_n (net)
                      0.019049    0.000000    3.009744 ^ input1/A (sky130_fd_sc_hd__buf_2)
     2    0.041112    0.201561    0.208744    3.218487 ^ input1/X (sky130_fd_sc_hd__buf_2)
                                                         net1 (net)
                      0.201750    0.005082    3.223569 ^ fanout719/A (sky130_fd_sc_hd__clkbuf_8)
     9    0.104339    0.184267    0.285445    3.509014 ^ fanout719/X (sky130_fd_sc_hd__clkbuf_8)
                                                         net719 (net)
                      0.184267    0.000188    3.509202 ^ _13650_/RESET_B (sky130_fd_sc_hd__dfrtp_1)
                                              3.509202   data arrival time

                                 15.000000   15.000000   clock clk (rise edge)
                                  0.000000   15.000000   clock source latency
     1    0.046681    0.214570    0.152157   15.152157 ^ clk (in)
                                                         clk (net)
                      0.215027    0.000000   15.152157 ^ clkbuf_0_clk/A (sky130_fd_sc_hd__clkbuf_16)
     8    0.151713    0.163939    0.277307   15.429464 ^ clkbuf_0_clk/X (sky130_fd_sc_hd__clkbuf_16)
                                                         clknet_0_clk (net)
                      0.164047    0.001688   15.431152 ^ clkbuf_3_5__f_clk/A (sky130_fd_sc_hd__clkbuf_16)
     9    0.065878    0.084084    0.201426   15.632578 ^ clkbuf_3_5__f_clk/X (sky130_fd_sc_hd__clkbuf_16)
                                                         clknet_3_5__leaf_clk (net)
                      0.084117    0.001679   15.634257 ^ _13650_/CLK (sky130_fd_sc_hd__dfrtp_1)
                                 -0.250000   15.384258   clock uncertainty
                                  0.000000   15.384258   clock reconvergence pessimism
                                  0.206491   15.590749   library recovery time
                                             15.590749   data required time
---------------------------------------------------------------------------------------------
                                             15.590749   data required time
                                             -3.509202   data arrival time
---------------------------------------------------------------------------------------------
                                             12.081547   slack (MET)



