
===========================================================================
report_checks -path_delay max (Setup)
============================================================================
======================= nom_tt_025C_1v80 Corner ===================================

Startpoint: x0[1] (input port clocked by clk)
Endpoint: _13650_ (rising edge-triggered flip-flop clocked by clk)
Path Group: clk
Path Type: max

Fanout         Cap        Slew       Delay        Time   Description
---------------------------------------------------------------------------------------------
                                  0.000000    0.000000   clock clk (rise edge)
                                  0.000000    0.000000   clock network delay (propagated)
                                  3.000000    3.000000 v input external delay
     1    0.003579    0.010441    0.005761    3.005761 v x0[1] (in)
                                                         x0[1] (net)
                      0.010446    0.000000    3.005761 v input131/A (sky130_fd_sc_hd__buf_4)
     1    0.014239    0.037874    0.129812    3.135573 v input131/X (sky130_fd_sc_hd__buf_4)
                                                         net131 (net)
                      0.037919    0.001190    3.136763 v fanout649/A (sky130_fd_sc_hd__buf_8)
     6    0.036761    0.042268    0.131224    3.267987 v fanout649/X (sky130_fd_sc_hd__buf_8)
                                                         net649 (net)
                      0.042776    0.003523    3.271510 v fanout648/A (sky130_fd_sc_hd__buf_12)
     8    0.050191    0.041693    0.140044    3.411554 v fanout648/X (sky130_fd_sc_hd__buf_12)
                                                         net648 (net)
                      0.041767    0.001308    3.412862 v fanout647/A (sky130_fd_sc_hd__buf_8)
     6    0.029005    0.036519    0.128148    3.541010 v fanout647/X (sky130_fd_sc_hd__buf_8)
                                                         net647 (net)
                      0.036523    0.000568    3.541578 v fanout645/A (sky130_fd_sc_hd__buf_4)
    10    0.033415    0.057973    0.163304    3.704883 v fanout645/X (sky130_fd_sc_hd__buf_4)
                                                         net645 (net)
                      0.057979    0.000618    3.705500 v _11966_/A1 (sky130_fd_sc_hd__a22o_1)
     2    0.005813    0.053861    0.223329    3.928829 v _11966_/X (sky130_fd_sc_hd__a22o_1)
                                                         _04705_ (net)
                      0.053861    0.000113    3.928942 v _12114_/A3 (sky130_fd_sc_hd__a31o_1)
     2    0.005600    0.049090    0.227911    4.156853 v _12114_/X (sky130_fd_sc_hd__a31o_1)
                                                         _04867_ (net)
                      0.049090    0.000133    4.156986 v _12116_/B (sky130_fd_sc_hd__and3_1)
     3    0.008575    0.061323    0.188919    4.345905 v _12116_/X (sky130_fd_sc_hd__and3_1)
                                                         _04869_ (net)
                      0.061323    0.000203    4.346107 v _12119_/A (sky130_fd_sc_hd__or3_4)
     2    0.006921    0.069844    0.391727    4.737835 v _12119_/X (sky130_fd_sc_hd__or3_4)
                                                         _04873_ (net)
                      0.069844    0.000166    4.738001 v _12129_/A2 (sky130_fd_sc_hd__a21o_1)
     3    0.007840    0.054905    0.205274    4.943275 v _12129_/X (sky130_fd_sc_hd__a21o_1)
                                                         _04884_ (net)
                      0.054905    0.000139    4.943414 v _12131_/A2 (sky130_fd_sc_hd__a21bo_1)
     2    0.004869    0.043192    0.198526    5.141940 v _12131_/X (sky130_fd_sc_hd__a21bo_1)
                                                         _04886_ (net)
                      0.043192    0.000143    5.142083 v _12132_/B (sky130_fd_sc_hd__and3_1)
     4    0.013605    0.081926    0.205871    5.347954 v _12132_/X (sky130_fd_sc_hd__and3_1)
                                                         _04887_ (net)
                      0.081926    0.000351    5.348305 v _12136_/B (sky130_fd_sc_hd__or3_4)
     2    0.012393    0.078359    0.396836    5.745141 v _12136_/X (sky130_fd_sc_hd__or3_4)
                                                         _04891_ (net)
                      0.078359    0.000320    5.745461 v _12279_/A2 (sky130_fd_sc_hd__a211oi_4)
     5    0.017411    0.276447    0.328785    6.074246 ^ _12279_/Y (sky130_fd_sc_hd__a211oi_4)
                                                         _05048_ (net)
                      0.276448    0.000445    6.074691 ^ _12283_/A1 (sky130_fd_sc_hd__o21ai_1)
     2    0.008505    0.101643    0.155726    6.230417 v _12283_/Y (sky130_fd_sc_hd__o21ai_1)
                                                         _05052_ (net)
                      0.101643    0.000199    6.230616 v _12284_/C1 (sky130_fd_sc_hd__o211a_4)
     4    0.015030    0.052896    0.176096    6.406713 v _12284_/X (sky130_fd_sc_hd__o211a_4)
                                                         _05053_ (net)
                      0.052896    0.000308    6.407021 v _12288_/B (sky130_fd_sc_hd__or4_4)
     2    0.010179    0.094347    0.528106    6.935126 v _12288_/X (sky130_fd_sc_hd__or4_4)
                                                         _05058_ (net)
                      0.094436    0.000309    6.935435 v _12426_/A1 (sky130_fd_sc_hd__a211o_4)
     4    0.011856    0.060426    0.351811    7.287247 v _12426_/X (sky130_fd_sc_hd__a211o_4)
                                                         _05208_ (net)
                      0.060426    0.000277    7.287524 v _12429_/A2 (sky130_fd_sc_hd__a211o_1)
     2    0.009794    0.079668    0.331768    7.619292 v _12429_/X (sky130_fd_sc_hd__a211o_1)
                                                         _05212_ (net)
                      0.079668    0.000306    7.619598 v _12431_/A1 (sky130_fd_sc_hd__a211o_1)
     2    0.004947    0.057508    0.275691    7.895290 v _12431_/X (sky130_fd_sc_hd__a211o_1)
                                                         _05214_ (net)
                      0.057508    0.000087    7.895377 v _12433_/B2 (sky130_fd_sc_hd__a22o_1)
     2    0.007693    0.063132    0.223622    8.118999 v _12433_/X (sky130_fd_sc_hd__a22o_1)
                                                         _05216_ (net)
                      0.063132    0.000171    8.119169 v _12593_/A1 (sky130_fd_sc_hd__a21oi_2)
     3    0.011454    0.166306    0.185147    8.304317 ^ _12593_/Y (sky130_fd_sc_hd__a21oi_2)
                                                         _05391_ (net)
                      0.166308    0.000411    8.304728 ^ _12755_/A1 (sky130_fd_sc_hd__o21ba_4)
     3    0.008684    0.048691    0.174556    8.479284 ^ _12755_/X (sky130_fd_sc_hd__o21ba_4)
                                                         _05567_ (net)
                      0.048693    0.000316    8.479600 ^ _13305_/A_N (sky130_fd_sc_hd__and4bb_1)
     2    0.008231    0.063637    0.201077    8.680677 v _13305_/X (sky130_fd_sc_hd__and4bb_1)
                                                         _06168_ (net)
                      0.063637    0.000299    8.680977 v _13310_/A3 (sky130_fd_sc_hd__o31a_4)
     2    0.021493    0.073001    0.313330    8.994307 v _13310_/X (sky130_fd_sc_hd__o31a_4)
                                                         _06174_ (net)
                      0.073136    0.002063    8.996370 v _13525_/A3 (sky130_fd_sc_hd__o31ai_4)
     3    0.018623    0.292098    0.274354    9.270724 ^ _13525_/Y (sky130_fd_sc_hd__o31ai_4)
                                                         _06408_ (net)
                      0.292099    0.000743    9.271466 ^ _13597_/A3 (sky130_fd_sc_hd__o32a_1)
     1    0.007050    0.087641    0.216283    9.487749 ^ _13597_/X (sky130_fd_sc_hd__o32a_1)
                                                         _06485_ (net)
                      0.087641    0.000312    9.488061 ^ _13632_/A (sky130_fd_sc_hd__xnor2_1)
     1    0.002856    0.116780    0.117584    9.605645 ^ _13632_/Y (sky130_fd_sc_hd__xnor2_1)
                                                         _00033_ (net)
                      0.116780    0.000066    9.605711 ^ _13650_/D (sky130_fd_sc_hd__dfrtp_1)
                                              9.605711   data arrival time

                                 15.000000   15.000000   clock clk (rise edge)
                                  0.000000   15.000000   clock source latency
     1    0.034823    0.162195    0.115248   15.115248 ^ clk (in)
                                                         clk (net)
                      0.162620    0.000000   15.115248 ^ clkbuf_0_clk/A (sky130_fd_sc_hd__clkbuf_16)
     8    0.113161    0.127354    0.234087   15.349335 ^ clkbuf_0_clk/X (sky130_fd_sc_hd__clkbuf_16)
                                                         clknet_0_clk (net)
                      0.127509    0.003601   15.352936 ^ clkbuf_3_5__f_clk/A (sky130_fd_sc_hd__clkbuf_16)
     9    0.047412    0.066663    0.176421   15.529356 ^ clkbuf_3_5__f_clk/X (sky130_fd_sc_hd__clkbuf_16)
                                                         clknet_3_5__leaf_clk (net)
                      0.066759    0.002233   15.531589 ^ _13650_/CLK (sky130_fd_sc_hd__dfrtp_1)
                                 -0.250000   15.281590   clock uncertainty
                                  0.000000   15.281590   clock reconvergence pessimism
                                 -0.073051   15.208539   library setup time
                                             15.208539   data required time
---------------------------------------------------------------------------------------------
                                             15.208539   data required time
                                             -9.605711   data arrival time
---------------------------------------------------------------------------------------------
                                              5.602828   slack (MET)


Startpoint: x0[1] (input port clocked by clk)
Endpoint: _13649_ (rising edge-triggered flip-flop clocked by clk)
Path Group: clk
Path Type: max

Fanout         Cap        Slew       Delay        Time   Description
---------------------------------------------------------------------------------------------
                                  0.000000    0.000000   clock clk (rise edge)
                                  0.000000    0.000000   clock network delay (propagated)
                                  3.000000    3.000000 v input external delay
     1    0.003579    0.010441    0.005761    3.005761 v x0[1] (in)
                                                         x0[1] (net)
                      0.010446    0.000000    3.005761 v input131/A (sky130_fd_sc_hd__buf_4)
     1    0.014239    0.037874    0.129812    3.135573 v input131/X (sky130_fd_sc_hd__buf_4)
                                                         net131 (net)
                      0.037919    0.001190    3.136763 v fanout649/A (sky130_fd_sc_hd__buf_8)
     6    0.036761    0.042268    0.131224    3.267987 v fanout649/X (sky130_fd_sc_hd__buf_8)
                                                         net649 (net)
                      0.042776    0.003523    3.271510 v fanout648/A (sky130_fd_sc_hd__buf_12)
     8    0.050191    0.041693    0.140044    3.411554 v fanout648/X (sky130_fd_sc_hd__buf_12)
                                                         net648 (net)
                      0.041767    0.001308    3.412862 v fanout647/A (sky130_fd_sc_hd__buf_8)
     6    0.029005    0.036519    0.128148    3.541010 v fanout647/X (sky130_fd_sc_hd__buf_8)
                                                         net647 (net)
                      0.036523    0.000568    3.541578 v fanout645/A (sky130_fd_sc_hd__buf_4)
    10    0.033415    0.057973    0.163304    3.704883 v fanout645/X (sky130_fd_sc_hd__buf_4)
                                                         net645 (net)
                      0.057979    0.000618    3.705500 v _11966_/A1 (sky130_fd_sc_hd__a22o_1)
     2    0.005813    0.053861    0.223329    3.928829 v _11966_/X (sky130_fd_sc_hd__a22o_1)
                                                         _04705_ (net)
                      0.053861    0.000113    3.928942 v _12114_/A3 (sky130_fd_sc_hd__a31o_1)
     2    0.005600    0.049090    0.227911    4.156853 v _12114_/X (sky130_fd_sc_hd__a31o_1)
                                                         _04867_ (net)
                      0.049090    0.000133    4.156986 v _12116_/B (sky130_fd_sc_hd__and3_1)
     3    0.008575    0.061323    0.188919    4.345905 v _12116_/X (sky130_fd_sc_hd__and3_1)
                                                         _04869_ (net)
                      0.061323    0.000203    4.346107 v _12119_/A (sky130_fd_sc_hd__or3_4)
     2    0.006921    0.069844    0.391727    4.737835 v _12119_/X (sky130_fd_sc_hd__or3_4)
                                                         _04873_ (net)
                      0.069844    0.000166    4.738001 v _12129_/A2 (sky130_fd_sc_hd__a21o_1)
     3    0.007840    0.054905    0.205274    4.943275 v _12129_/X (sky130_fd_sc_hd__a21o_1)
                                                         _04884_ (net)
                      0.054905    0.000139    4.943414 v _12131_/A2 (sky130_fd_sc_hd__a21bo_1)
     2    0.004869    0.043192    0.198526    5.141940 v _12131_/X (sky130_fd_sc_hd__a21bo_1)
                                                         _04886_ (net)
                      0.043192    0.000143    5.142083 v _12132_/B (sky130_fd_sc_hd__and3_1)
     4    0.013605    0.081926    0.205871    5.347954 v _12132_/X (sky130_fd_sc_hd__and3_1)
                                                         _04887_ (net)
                      0.081926    0.000351    5.348305 v _12136_/B (sky130_fd_sc_hd__or3_4)
     2    0.012393    0.078359    0.396836    5.745141 v _12136_/X (sky130_fd_sc_hd__or3_4)
                                                         _04891_ (net)
                      0.078359    0.000320    5.745461 v _12279_/A2 (sky130_fd_sc_hd__a211oi_4)
     5    0.017411    0.276447    0.328785    6.074246 ^ _12279_/Y (sky130_fd_sc_hd__a211oi_4)
                                                         _05048_ (net)
                      0.276448    0.000445    6.074691 ^ _12283_/A1 (sky130_fd_sc_hd__o21ai_1)
     2    0.008505    0.101643    0.155726    6.230417 v _12283_/Y (sky130_fd_sc_hd__o21ai_1)
                                                         _05052_ (net)
                      0.101643    0.000199    6.230616 v _12284_/C1 (sky130_fd_sc_hd__o211a_4)
     4    0.015030    0.052896    0.176096    6.406713 v _12284_/X (sky130_fd_sc_hd__o211a_4)
                                                         _05053_ (net)
                      0.052896    0.000308    6.407021 v _12288_/B (sky130_fd_sc_hd__or4_4)
     2    0.010179    0.094347    0.528106    6.935126 v _12288_/X (sky130_fd_sc_hd__or4_4)
                                                         _05058_ (net)
                      0.094436    0.000309    6.935435 v _12426_/A1 (sky130_fd_sc_hd__a211o_4)
     4    0.011856    0.060426    0.351811    7.287247 v _12426_/X (sky130_fd_sc_hd__a211o_4)
                                                         _05208_ (net)
                      0.060426    0.000277    7.287524 v _12429_/A2 (sky130_fd_sc_hd__a211o_1)
     2    0.009794    0.079668    0.331768    7.619292 v _12429_/X (sky130_fd_sc_hd__a211o_1)
                                                         _05212_ (net)
                      0.079668    0.000306    7.619598 v _12431_/A1 (sky130_fd_sc_hd__a211o_1)
     2    0.004947    0.057508    0.275691    7.895290 v _12431_/X (sky130_fd_sc_hd__a211o_1)
                                                         _05214_ (net)
                      0.057508    0.000087    7.895377 v _12433_/B2 (sky130_fd_sc_hd__a22o_1)
     2    0.007693    0.063132    0.223622    8.118999 v _12433_/X (sky130_fd_sc_hd__a22o_1)
                                                         _05216_ (net)
                      0.063132    0.000171    8.119169 v _12593_/A1 (sky130_fd_sc_hd__a21oi_2)
     3    0.011454    0.166306    0.185147    8.304317 ^ _12593_/Y (sky130_fd_sc_hd__a21oi_2)
                                                         _05391_ (net)
                      0.166308    0.000411    8.304728 ^ _12755_/A1 (sky130_fd_sc_hd__o21ba_4)
     3    0.008684    0.048691    0.174556    8.479284 ^ _12755_/X (sky130_fd_sc_hd__o21ba_4)
                                                         _05567_ (net)
                      0.048693    0.000316    8.479600 ^ _13305_/A_N (sky130_fd_sc_hd__and4bb_1)
     2    0.008231    0.063637    0.201077    8.680677 v _13305_/X (sky130_fd_sc_hd__and4bb_1)
                                                         _06168_ (net)
                      0.063637    0.000299    8.680977 v _13310_/A3 (sky130_fd_sc_hd__o31a_4)
     2    0.021493    0.073001    0.313330    8.994307 v _13310_/X (sky130_fd_sc_hd__o31a_4)
                                                         _06174_ (net)
                      0.073136    0.002063    8.996370 v _13525_/A3 (sky130_fd_sc_hd__o31ai_4)
     3    0.018623    0.292098    0.274354    9.270724 ^ _13525_/Y (sky130_fd_sc_hd__o31ai_4)
                                                         _06408_ (net)
                      0.292098    0.000722    9.271446 ^ _13594_/A2 (sky130_fd_sc_hd__o21bai_1)
     1    0.006337    0.082840    0.128749    9.400195 v _13594_/Y (sky130_fd_sc_hd__o21bai_1)
                                                         _06483_ (net)
                      0.082840    0.000261    9.400455 v _13595_/B (sky130_fd_sc_hd__xnor2_1)
     1    0.003066    0.047663    0.135053    9.535509 v _13595_/Y (sky130_fd_sc_hd__xnor2_1)
                                                         _00032_ (net)
                      0.047663    0.000076    9.535585 v _13649_/D (sky130_fd_sc_hd__dfrtp_1)
                                              9.535585   data arrival time

                                 15.000000   15.000000   clock clk (rise edge)
                                  0.000000   15.000000   clock source latency
     1    0.034823    0.162195    0.115248   15.115248 ^ clk (in)
                                                         clk (net)
                      0.162620    0.000000   15.115248 ^ clkbuf_0_clk/A (sky130_fd_sc_hd__clkbuf_16)
     8    0.113161    0.127354    0.234087   15.349335 ^ clkbuf_0_clk/X (sky130_fd_sc_hd__clkbuf_16)
                                                         clknet_0_clk (net)
                      0.127509    0.003601   15.352936 ^ clkbuf_3_5__f_clk/A (sky130_fd_sc_hd__clkbuf_16)
     9    0.047412    0.066663    0.176421   15.529356 ^ clkbuf_3_5__f_clk/X (sky130_fd_sc_hd__clkbuf_16)
                                                         clknet_3_5__leaf_clk (net)
                      0.066752    0.002171   15.531527 ^ _13649_/CLK (sky130_fd_sc_hd__dfrtp_1)
                                 -0.250000   15.281528   clock uncertainty
                                  0.000000   15.281528   clock reconvergence pessimism
                                 -0.110457   15.171070   library setup time
                                             15.171070   data required time
---------------------------------------------------------------------------------------------
                                             15.171070   data required time
                                             -9.535585   data arrival time
---------------------------------------------------------------------------------------------
                                              5.635485   slack (MET)


Startpoint: x0[1] (input port clocked by clk)
Endpoint: _13666_ (rising edge-triggered flip-flop clocked by clk)
Path Group: clk
Path Type: max

Fanout         Cap        Slew       Delay        Time   Description
---------------------------------------------------------------------------------------------
                                  0.000000    0.000000   clock clk (rise edge)
                                  0.000000    0.000000   clock network delay (propagated)
                                  3.000000    3.000000 v input external delay
     1    0.003579    0.010441    0.005761    3.005761 v x0[1] (in)
                                                         x0[1] (net)
                      0.010446    0.000000    3.005761 v input131/A (sky130_fd_sc_hd__buf_4)
     1    0.014239    0.037874    0.129812    3.135573 v input131/X (sky130_fd_sc_hd__buf_4)
                                                         net131 (net)
                      0.037919    0.001190    3.136763 v fanout649/A (sky130_fd_sc_hd__buf_8)
     6    0.036761    0.042268    0.131224    3.267987 v fanout649/X (sky130_fd_sc_hd__buf_8)
                                                         net649 (net)
                      0.042776    0.003523    3.271510 v fanout648/A (sky130_fd_sc_hd__buf_12)
     8    0.050191    0.041693    0.140044    3.411554 v fanout648/X (sky130_fd_sc_hd__buf_12)
                                                         net648 (net)
                      0.041767    0.001308    3.412862 v fanout647/A (sky130_fd_sc_hd__buf_8)
     6    0.029005    0.036519    0.128148    3.541010 v fanout647/X (sky130_fd_sc_hd__buf_8)
                                                         net647 (net)
                      0.036764    0.002113    3.543123 v fanout646/A (sky130_fd_sc_hd__buf_8)
    10    0.034966    0.040409    0.130413    3.673537 v fanout646/X (sky130_fd_sc_hd__buf_8)
                                                         net646 (net)
                      0.040467    0.001361    3.674897 v _08855_/A (sky130_fd_sc_hd__and4_1)
     3    0.008187    0.061183    0.167059    3.841956 v _08855_/X (sky130_fd_sc_hd__and4_1)
                                                         _01321_ (net)
                      0.061183    0.000203    3.842159 v _08857_/B (sky130_fd_sc_hd__or3_4)
     2    0.006332    0.068804    0.370920    4.213079 v _08857_/X (sky130_fd_sc_hd__or3_4)
                                                         _01323_ (net)
                      0.068804    0.000141    4.213220 v _08861_/A2 (sky130_fd_sc_hd__a21o_1)
     3    0.011209    0.067325    0.218683    4.431903 v _08861_/X (sky130_fd_sc_hd__a21o_1)
                                                         _01327_ (net)
                      0.067326    0.000394    4.432297 v _08863_/A1 (sky130_fd_sc_hd__a21o_1)
     3    0.007227    0.052089    0.179907    4.612204 v _08863_/X (sky130_fd_sc_hd__a21o_1)
                                                         _01329_ (net)
                      0.052089    0.000173    4.612376 v _08865_/A (sky130_fd_sc_hd__and3_1)
     2    0.006366    0.052180    0.159218    4.771594 v _08865_/X (sky130_fd_sc_hd__and3_1)
                                                         _01331_ (net)
                      0.052180    0.000210    4.771803 v _08868_/A (sky130_fd_sc_hd__or3_4)
     4    0.017810    0.088813    0.419547    5.191350 v _08868_/X (sky130_fd_sc_hd__or3_4)
                                                         _01334_ (net)
                      0.088813    0.000592    5.191942 v _08871_/A (sky130_fd_sc_hd__and3_4)
     4    0.021850    0.053378    0.191214    5.383155 v _08871_/X (sky130_fd_sc_hd__and3_4)
                                                         _01337_ (net)
                      0.053386    0.000605    5.383761 v _08874_/A1 (sky130_fd_sc_hd__o21a_4)
     2    0.012809    0.044765    0.226490    5.610251 v _08874_/X (sky130_fd_sc_hd__o21a_4)
                                                         _01340_ (net)
                      0.044766    0.000340    5.610591 v _08876_/A2 (sky130_fd_sc_hd__o211a_1)
     3    0.008752    0.065963    0.230882    5.841472 v _08876_/X (sky130_fd_sc_hd__o211a_1)
                                                         _01342_ (net)
                      0.065964    0.000299    5.841771 v _08878_/A (sky130_fd_sc_hd__or3_4)
     2    0.008312    0.072029    0.397668    6.239439 v _08878_/X (sky130_fd_sc_hd__or3_4)
                                                         _01345_ (net)
                      0.072029    0.000278    6.239717 v _08880_/B1 (sky130_fd_sc_hd__o211a_4)
     4    0.014228    0.051804    0.162725    6.402442 v _08880_/X (sky130_fd_sc_hd__o211a_4)
                                                         _01347_ (net)
                      0.051808    0.000487    6.402929 v _08884_/B (sky130_fd_sc_hd__or4_4)
     2    0.010454    0.094936    0.528734    6.931663 v _08884_/X (sky130_fd_sc_hd__or4_4)
                                                         _01351_ (net)
                      0.094936    0.000385    6.932048 v _09024_/A1 (sky130_fd_sc_hd__a211o_4)
     4    0.013439    0.063153    0.356004    7.288053 v _09024_/X (sky130_fd_sc_hd__a211o_4)
                                                         _01504_ (net)
                      0.063153    0.000388    7.288441 v _09027_/A2 (sky130_fd_sc_hd__a211o_1)
     2    0.008193    0.074025    0.323868    7.612309 v _09027_/X (sky130_fd_sc_hd__a211o_1)
                                                         _01507_ (net)
                      0.074025    0.000137    7.612445 v _09029_/A1 (sky130_fd_sc_hd__a211o_1)
     2    0.007430    0.069615    0.287978    7.900423 v _09029_/X (sky130_fd_sc_hd__a211o_1)
                                                         _01510_ (net)
                      0.069615    0.000268    7.900691 v _09031_/B2 (sky130_fd_sc_hd__a2bb2o_4)
     2    0.005838    0.036416    0.209376    8.110066 v _09031_/X (sky130_fd_sc_hd__a2bb2o_4)
                                                         _01512_ (net)
                      0.036416    0.000115    8.110181 v _09191_/A2 (sky130_fd_sc_hd__a21o_1)
     2    0.015666    0.085575    0.221526    8.331707 v _09191_/X (sky130_fd_sc_hd__a21o_1)
                                                         _01686_ (net)
                      0.085580    0.000737    8.332444 v _09351_/A1 (sky130_fd_sc_hd__a21oi_4)
     4    0.018134    0.172429    0.191379    8.523824 ^ _09351_/Y (sky130_fd_sc_hd__a21oi_4)
                                                         _01861_ (net)
                      0.172429    0.000623    8.524446 ^ _09892_/D (sky130_fd_sc_hd__nor4_2)
     2    0.007003    0.058575    0.067971    8.592417 v _09892_/Y (sky130_fd_sc_hd__nor4_2)
                                                         _02450_ (net)
                      0.058576    0.000279    8.592695 v _09896_/A3 (sky130_fd_sc_hd__o31a_1)
     3    0.014276    0.096227    0.294815    8.887510 v _09896_/X (sky130_fd_sc_hd__o31a_1)
                                                         _02454_ (net)
                      0.096228    0.000544    8.888055 v _10105_/A3 (sky130_fd_sc_hd__o31a_1)
     3    0.015153    0.099918    0.312377    9.200432 v _10105_/X (sky130_fd_sc_hd__o31a_1)
                                                         _02682_ (net)
                      0.099919    0.000512    9.200944 v rebuffer1/A (sky130_fd_sc_hd__clkbuf_1)
     1    0.004896    0.037815    0.121624    9.322568 v rebuffer1/X (sky130_fd_sc_hd__clkbuf_1)
                                                         net720 (net)
                      0.037815    0.000115    9.322683 v _10175_/A1 (sky130_fd_sc_hd__a21oi_2)
     1    0.005170    0.103407    0.121768    9.444451 ^ _10175_/Y (sky130_fd_sc_hd__a21oi_2)
                                                         _02758_ (net)
                      0.103407    0.000117    9.444569 ^ _10176_/B (sky130_fd_sc_hd__xnor2_1)
     1    0.003190    0.123107    0.124649    9.569218 ^ _10176_/Y (sky130_fd_sc_hd__xnor2_1)
                                                         _00060_ (net)
                      0.123107    0.000108    9.569326 ^ _13666_/D (sky130_fd_sc_hd__dfrtp_1)
                                              9.569326   data arrival time

                                 15.000000   15.000000   clock clk (rise edge)
                                  0.000000   15.000000   clock source latency
     1    0.034823    0.162195    0.115248   15.115248 ^ clk (in)
                                                         clk (net)
                      0.162620    0.000000   15.115248 ^ clkbuf_0_clk/A (sky130_fd_sc_hd__clkbuf_16)
     8    0.113161    0.127354    0.234087   15.349335 ^ clkbuf_0_clk/X (sky130_fd_sc_hd__clkbuf_16)
                                                         clknet_0_clk (net)
                      0.127509    0.003601   15.352936 ^ clkbuf_3_5__f_clk/A (sky130_fd_sc_hd__clkbuf_16)
     9    0.047412    0.066663    0.176421   15.529356 ^ clkbuf_3_5__f_clk/X (sky130_fd_sc_hd__clkbuf_16)
                                                         clknet_3_5__leaf_clk (net)
                      0.066979    0.003258   15.532614 ^ _13666_/CLK (sky130_fd_sc_hd__dfrtp_1)
                                 -0.250000   15.282615   clock uncertainty
                                  0.000000   15.282615   clock reconvergence pessimism
                                 -0.074470   15.208144   library setup time
                                             15.208144   data required time
---------------------------------------------------------------------------------------------
                                             15.208144   data required time
                                             -9.569326   data arrival time
---------------------------------------------------------------------------------------------
                                              5.638818   slack (MET)


Startpoint: x0[1] (input port clocked by clk)
Endpoint: _13667_ (rising edge-triggered flip-flop clocked by clk)
Path Group: clk
Path Type: max

Fanout         Cap        Slew       Delay        Time   Description
---------------------------------------------------------------------------------------------
                                  0.000000    0.000000   clock clk (rise edge)
                                  0.000000    0.000000   clock network delay (propagated)
                                  3.000000    3.000000 v input external delay
     1    0.003579    0.010441    0.005761    3.005761 v x0[1] (in)
                                                         x0[1] (net)
                      0.010446    0.000000    3.005761 v input131/A (sky130_fd_sc_hd__buf_4)
     1    0.014239    0.037874    0.129812    3.135573 v input131/X (sky130_fd_sc_hd__buf_4)
                                                         net131 (net)
                      0.037919    0.001190    3.136763 v fanout649/A (sky130_fd_sc_hd__buf_8)
     6    0.036761    0.042268    0.131224    3.267987 v fanout649/X (sky130_fd_sc_hd__buf_8)
                                                         net649 (net)
                      0.042776    0.003523    3.271510 v fanout648/A (sky130_fd_sc_hd__buf_12)
     8    0.050191    0.041693    0.140044    3.411554 v fanout648/X (sky130_fd_sc_hd__buf_12)
                                                         net648 (net)
                      0.041767    0.001308    3.412862 v fanout647/A (sky130_fd_sc_hd__buf_8)
     6    0.029005    0.036519    0.128148    3.541010 v fanout647/X (sky130_fd_sc_hd__buf_8)
                                                         net647 (net)
                      0.036764    0.002113    3.543123 v fanout646/A (sky130_fd_sc_hd__buf_8)
    10    0.034966    0.040409    0.130413    3.673537 v fanout646/X (sky130_fd_sc_hd__buf_8)
                                                         net646 (net)
                      0.040467    0.001361    3.674897 v _08855_/A (sky130_fd_sc_hd__and4_1)
     3    0.008187    0.061183    0.167059    3.841956 v _08855_/X (sky130_fd_sc_hd__and4_1)
                                                         _01321_ (net)
                      0.061183    0.000203    3.842159 v _08857_/B (sky130_fd_sc_hd__or3_4)
     2    0.006332    0.068804    0.370920    4.213079 v _08857_/X (sky130_fd_sc_hd__or3_4)
                                                         _01323_ (net)
                      0.068804    0.000141    4.213220 v _08861_/A2 (sky130_fd_sc_hd__a21o_1)
     3    0.011209    0.067325    0.218683    4.431903 v _08861_/X (sky130_fd_sc_hd__a21o_1)
                                                         _01327_ (net)
                      0.067326    0.000394    4.432297 v _08863_/A1 (sky130_fd_sc_hd__a21o_1)
     3    0.007227    0.052089    0.179907    4.612204 v _08863_/X (sky130_fd_sc_hd__a21o_1)
                                                         _01329_ (net)
                      0.052089    0.000173    4.612376 v _08865_/A (sky130_fd_sc_hd__and3_1)
     2    0.006366    0.052180    0.159218    4.771594 v _08865_/X (sky130_fd_sc_hd__and3_1)
                                                         _01331_ (net)
                      0.052180    0.000210    4.771803 v _08868_/A (sky130_fd_sc_hd__or3_4)
     4    0.017810    0.088813    0.419547    5.191350 v _08868_/X (sky130_fd_sc_hd__or3_4)
                                                         _01334_ (net)
                      0.088813    0.000592    5.191942 v _08871_/A (sky130_fd_sc_hd__and3_4)
     4    0.021850    0.053378    0.191214    5.383155 v _08871_/X (sky130_fd_sc_hd__and3_4)
                                                         _01337_ (net)
                      0.053386    0.000605    5.383761 v _08874_/A1 (sky130_fd_sc_hd__o21a_4)
     2    0.012809    0.044765    0.226490    5.610251 v _08874_/X (sky130_fd_sc_hd__o21a_4)
                                                         _01340_ (net)
                      0.044766    0.000340    5.610591 v _08876_/A2 (sky130_fd_sc_hd__o211a_1)
     3    0.008752    0.065963    0.230882    5.841472 v _08876_/X (sky130_fd_sc_hd__o211a_1)
                                                         _01342_ (net)
                      0.065964    0.000299    5.841771 v _08878_/A (sky130_fd_sc_hd__or3_4)
     2    0.008312    0.072029    0.397668    6.239439 v _08878_/X (sky130_fd_sc_hd__or3_4)
                                                         _01345_ (net)
                      0.072029    0.000278    6.239717 v _08880_/B1 (sky130_fd_sc_hd__o211a_4)
     4    0.014228    0.051804    0.162725    6.402442 v _08880_/X (sky130_fd_sc_hd__o211a_4)
                                                         _01347_ (net)
                      0.051808    0.000487    6.402929 v _08884_/B (sky130_fd_sc_hd__or4_4)
     2    0.010454    0.094936    0.528734    6.931663 v _08884_/X (sky130_fd_sc_hd__or4_4)
                                                         _01351_ (net)
                      0.094936    0.000385    6.932048 v _09024_/A1 (sky130_fd_sc_hd__a211o_4)
     4    0.013439    0.063153    0.356004    7.288053 v _09024_/X (sky130_fd_sc_hd__a211o_4)
                                                         _01504_ (net)
                      0.063153    0.000388    7.288441 v _09027_/A2 (sky130_fd_sc_hd__a211o_1)
     2    0.008193    0.074025    0.323868    7.612309 v _09027_/X (sky130_fd_sc_hd__a211o_1)
                                                         _01507_ (net)
                      0.074025    0.000137    7.612445 v _09029_/A1 (sky130_fd_sc_hd__a211o_1)
     2    0.007430    0.069615    0.287978    7.900423 v _09029_/X (sky130_fd_sc_hd__a211o_1)
                                                         _01510_ (net)
                      0.069615    0.000268    7.900691 v _09031_/B2 (sky130_fd_sc_hd__a2bb2o_4)
     2    0.005838    0.036416    0.209376    8.110066 v _09031_/X (sky130_fd_sc_hd__a2bb2o_4)
                                                         _01512_ (net)
                      0.036416    0.000115    8.110181 v _09191_/A2 (sky130_fd_sc_hd__a21o_1)
     2    0.015666    0.085575    0.221526    8.331707 v _09191_/X (sky130_fd_sc_hd__a21o_1)
                                                         _01686_ (net)
                      0.085580    0.000737    8.332444 v _09351_/A1 (sky130_fd_sc_hd__a21oi_4)
     4    0.018134    0.172429    0.191379    8.523824 ^ _09351_/Y (sky130_fd_sc_hd__a21oi_4)
                                                         _01861_ (net)
                      0.172429    0.000623    8.524446 ^ _09892_/D (sky130_fd_sc_hd__nor4_2)
     2    0.007003    0.058575    0.067971    8.592417 v _09892_/Y (sky130_fd_sc_hd__nor4_2)
                                                         _02450_ (net)
                      0.058576    0.000279    8.592695 v _09896_/A3 (sky130_fd_sc_hd__o31a_1)
     3    0.014276    0.096227    0.294815    8.887510 v _09896_/X (sky130_fd_sc_hd__o31a_1)
                                                         _02454_ (net)
                      0.096228    0.000544    8.888055 v _10105_/A3 (sky130_fd_sc_hd__o31a_1)
     3    0.015153    0.099918    0.312377    9.200432 v _10105_/X (sky130_fd_sc_hd__o31a_1)
                                                         _02682_ (net)
                      0.099919    0.000526    9.200957 v _10178_/A1 (sky130_fd_sc_hd__a31o_1)
     1    0.005547    0.049094    0.205553    9.406510 v _10178_/X (sky130_fd_sc_hd__a31o_1)
                                                         _02761_ (net)
                      0.049094    0.000154    9.406664 v _10209_/A (sky130_fd_sc_hd__xnor2_1)
     1    0.002646    0.047729    0.119785    9.526449 v _10209_/Y (sky130_fd_sc_hd__xnor2_1)
                                                         _00061_ (net)
                      0.047729    0.000060    9.526508 v _13667_/D (sky130_fd_sc_hd__dfrtp_1)
                                              9.526508   data arrival time

                                 15.000000   15.000000   clock clk (rise edge)
                                  0.000000   15.000000   clock source latency
     1    0.034823    0.162195    0.115248   15.115248 ^ clk (in)
                                                         clk (net)
                      0.162620    0.000000   15.115248 ^ clkbuf_0_clk/A (sky130_fd_sc_hd__clkbuf_16)
     8    0.113161    0.127354    0.234087   15.349335 ^ clkbuf_0_clk/X (sky130_fd_sc_hd__clkbuf_16)
                                                         clknet_0_clk (net)
                      0.127509    0.003601   15.352936 ^ clkbuf_3_5__f_clk/A (sky130_fd_sc_hd__clkbuf_16)
     9    0.047412    0.066663    0.176421   15.529356 ^ clkbuf_3_5__f_clk/X (sky130_fd_sc_hd__clkbuf_16)
                                                         clknet_3_5__leaf_clk (net)
                      0.066983    0.003284   15.532640 ^ _13667_/CLK (sky130_fd_sc_hd__dfrtp_1)
                                 -0.250000   15.282641   clock uncertainty
                                  0.000000   15.282641   clock reconvergence pessimism
                                 -0.110432   15.172209   library setup time
                                             15.172209   data required time
---------------------------------------------------------------------------------------------
                                             15.172209   data required time
                                             -9.526508   data arrival time
---------------------------------------------------------------------------------------------
                                              5.645700   slack (MET)


Startpoint: x1[0] (input port clocked by clk)
Endpoint: _13684_ (rising edge-triggered flip-flop clocked by clk)
Path Group: clk
Path Type: max

Fanout         Cap        Slew       Delay        Time   Description
---------------------------------------------------------------------------------------------
                                  0.000000    0.000000   clock clk (rise edge)
                                  0.000000    0.000000   clock network delay (propagated)
                                  3.000000    3.000000 ^ input external delay
     1    0.003249    0.021673    0.011898    3.011898 ^ x1[0] (in)
                                                         x1[0] (net)
                      0.021673    0.000000    3.011898 ^ input138/A (sky130_fd_sc_hd__clkbuf_1)
     1    0.003051    0.046761    0.074538    3.086436 ^ input138/X (sky130_fd_sc_hd__clkbuf_1)
                                                         net138 (net)
                      0.046761    0.000098    3.086534 ^ fanout597/A (sky130_fd_sc_hd__buf_2)
     5    0.033649    0.167501    0.195621    3.282156 ^ fanout597/X (sky130_fd_sc_hd__buf_2)
                                                         net597 (net)
                      0.167591    0.003202    3.285357 ^ fanout592/A (sky130_fd_sc_hd__buf_2)
     7    0.035310    0.175151    0.240394    3.525751 ^ fanout592/X (sky130_fd_sc_hd__buf_2)
                                                         net592 (net)
                      0.175247    0.003407    3.529158 ^ fanout591/A (sky130_fd_sc_hd__clkbuf_2)
     5    0.025066    0.141568    0.215542    3.744701 ^ fanout591/X (sky130_fd_sc_hd__clkbuf_2)
                                                         net591 (net)
                      0.141573    0.001010    3.745711 ^ fanout588/A (sky130_fd_sc_hd__buf_2)
    10    0.033319    0.166286    0.228285    3.973996 ^ fanout588/X (sky130_fd_sc_hd__buf_2)
                                                         net588 (net)
                      0.166301    0.001700    3.975696 ^ _10922_/A (sky130_fd_sc_hd__and3_1)
     4    0.010712    0.118257    0.228814    4.204510 ^ _10922_/X (sky130_fd_sc_hd__and3_1)
                                                         _03570_ (net)
                      0.118257    0.000139    4.204649 ^ _10925_/A_N (sky130_fd_sc_hd__and4b_1)
     3    0.008676    0.064485    0.233539    4.438189 v _10925_/X (sky130_fd_sc_hd__and4b_1)
                                                         _03573_ (net)
                      0.064485    0.000187    4.438375 v _11082_/B1_N (sky130_fd_sc_hd__o21ba_2)
     5    0.022244    0.137842    0.310035    4.748411 ^ _11082_/X (sky130_fd_sc_hd__o21ba_2)
                                                         _03745_ (net)
                      0.137842    0.000445    4.748856 ^ fanout249/A (sky130_fd_sc_hd__clkbuf_4)
    10    0.040928    0.130995    0.231535    4.980391 ^ fanout249/X (sky130_fd_sc_hd__clkbuf_4)
                                                         net249 (net)
                      0.130996    0.000799    4.981190 ^ _11083_/B (sky130_fd_sc_hd__xor2_1)
     2    0.007632    0.196170    0.218614    5.199804 ^ _11083_/X (sky130_fd_sc_hd__xor2_1)
                                                         _03746_ (net)
                      0.196170    0.000186    5.199990 ^ _11085_/B (sky130_fd_sc_hd__xor2_1)
     2    0.009546    0.230701    0.252391    5.452381 ^ _11085_/X (sky130_fd_sc_hd__xor2_1)
                                                         _03748_ (net)
                      0.230775    0.000357    5.452738 ^ _11087_/B (sky130_fd_sc_hd__xor2_1)
     2    0.008443    0.210756    0.241941    5.694680 ^ _11087_/X (sky130_fd_sc_hd__xor2_1)
                                                         _03750_ (net)
                      0.210756    0.000207    5.694887 ^ _11088_/B (sky130_fd_sc_hd__xor2_1)
     3    0.012204    0.279244    0.289898    5.984785 ^ _11088_/X (sky130_fd_sc_hd__xor2_1)
                                                         _03752_ (net)
                      0.279245    0.000435    5.985219 ^ _11092_/A (sky130_fd_sc_hd__xor2_1)
     1    0.005421    0.157042    0.207888    6.193107 ^ _11092_/X (sky130_fd_sc_hd__xor2_1)
                                                         _03756_ (net)
                      0.157042    0.000135    6.193243 ^ _11093_/B (sky130_fd_sc_hd__xnor2_1)
     2    0.008342    0.223076    0.176247    6.369490 ^ _11093_/Y (sky130_fd_sc_hd__xnor2_1)
                                                         _03757_ (net)
                      0.223076    0.000278    6.369768 ^ _11095_/B (sky130_fd_sc_hd__xnor2_1)
     2    0.007295    0.202210    0.180179    6.549947 ^ _11095_/Y (sky130_fd_sc_hd__xnor2_1)
                                                         _03759_ (net)
                      0.202210    0.000176    6.550123 ^ _11097_/B (sky130_fd_sc_hd__xnor2_1)
     2    0.008192    0.083473    0.126789    6.676912 v _11097_/Y (sky130_fd_sc_hd__xnor2_1)
                                                         _03761_ (net)
                      0.083473    0.000157    6.677070 v _11185_/A (sky130_fd_sc_hd__xnor2_1)
     2    0.010676    0.269725    0.278364    6.955434 ^ _11185_/Y (sky130_fd_sc_hd__xnor2_1)
                                                         _03858_ (net)
                      0.269726    0.000517    6.955951 ^ _11188_/A (sky130_fd_sc_hd__xor2_1)
     2    0.008194    0.206294    0.244335    7.200286 ^ _11188_/X (sky130_fd_sc_hd__xor2_1)
                                                         _03862_ (net)
                      0.206294    0.000170    7.200457 ^ _11325_/A2 (sky130_fd_sc_hd__a21oi_1)
     2    0.007959    0.097071    0.131445    7.331902 v _11325_/Y (sky130_fd_sc_hd__a21oi_1)
                                                         _04011_ (net)
                      0.097071    0.000202    7.332104 v _11327_/B (sky130_fd_sc_hd__xor2_1)
     2    0.008152    0.098197    0.179532    7.511636 v _11327_/X (sky130_fd_sc_hd__xor2_1)
                                                         _04013_ (net)
                      0.098197    0.000258    7.511894 v _11328_/B (sky130_fd_sc_hd__and2_1)
     2    0.005425    0.045674    0.187090    7.698984 v _11328_/X (sky130_fd_sc_hd__and2_1)
                                                         _04015_ (net)
                      0.045674    0.000098    7.699081 v _11462_/B (sky130_fd_sc_hd__or3_2)
     3    0.014641    0.113952    0.504652    8.203734 v _11462_/X (sky130_fd_sc_hd__or3_2)
                                                         _04161_ (net)
                      0.113952    0.000639    8.204373 v _11589_/C_N (sky130_fd_sc_hd__nor3b_1)
     2    0.006297    0.087091    0.179569    8.383943 v _11589_/Y (sky130_fd_sc_hd__nor3b_1)
                                                         _04299_ (net)
                      0.087091    0.000192    8.384134 v _11591_/D_N (sky130_fd_sc_hd__or4bb_4)
     2    0.012396    0.053108    0.233261    8.617396 ^ _11591_/X (sky130_fd_sc_hd__or4bb_4)
                                                         _04301_ (net)
                      0.053110    0.000390    8.617785 ^ _11593_/A1 (sky130_fd_sc_hd__a31oi_4)
     4    0.024485    0.120031    0.114877    8.732663 v _11593_/Y (sky130_fd_sc_hd__a31oi_4)
                                                         _04303_ (net)
                      0.120102    0.002212    8.734876 v _11813_/A3 (sky130_fd_sc_hd__o311a_4)
     3    0.011393    0.061477    0.342720    9.077595 v _11813_/X (sky130_fd_sc_hd__o311a_4)
                                                         _04543_ (net)
                      0.061477    0.000430    9.078025 v _11886_/A2 (sky130_fd_sc_hd__o31a_1)
     1    0.006974    0.066292    0.300227    9.378251 v _11886_/X (sky130_fd_sc_hd__o31a_1)
                                                         _04621_ (net)
                      0.066292    0.000263    9.378514 v _11922_/A (sky130_fd_sc_hd__xnor2_1)
     1    0.002562    0.044342    0.127111    9.505625 v _11922_/Y (sky130_fd_sc_hd__xnor2_1)
                                                         _00019_ (net)
                      0.044342    0.000057    9.505682 v _13684_/D (sky130_fd_sc_hd__dfrtp_1)
                                              9.505682   data arrival time

                                 15.000000   15.000000   clock clk (rise edge)
                                  0.000000   15.000000   clock source latency
     1    0.034823    0.162195    0.115248   15.115248 ^ clk (in)
                                                         clk (net)
                      0.162620    0.000000   15.115248 ^ clkbuf_0_clk/A (sky130_fd_sc_hd__clkbuf_16)
     8    0.113161    0.127354    0.234087   15.349335 ^ clkbuf_0_clk/X (sky130_fd_sc_hd__clkbuf_16)
                                                         clknet_0_clk (net)
                      0.127714    0.005420   15.354754 ^ clkbuf_3_0__f_clk/A (sky130_fd_sc_hd__clkbuf_16)
     9    0.040939    0.060705    0.171681   15.526436 ^ clkbuf_3_0__f_clk/X (sky130_fd_sc_hd__clkbuf_16)
                                                         clknet_3_0__leaf_clk (net)
                      0.061115    0.003450   15.529885 ^ _13684_/CLK (sky130_fd_sc_hd__dfrtp_1)
                                 -0.250000   15.279886   clock uncertainty
                                  0.000000   15.279886   clock reconvergence pessimism
                                 -0.110299   15.169587   library setup time
                                             15.169587   data required time
---------------------------------------------------------------------------------------------
                                             15.169587   data required time
                                             -9.505682   data arrival time
---------------------------------------------------------------------------------------------
                                              5.663905   slack (MET)


Startpoint: x0[1] (input port clocked by clk)
Endpoint: _13648_ (rising edge-triggered flip-flop clocked by clk)
Path Group: clk
Path Type: max

Fanout         Cap        Slew       Delay        Time   Description
---------------------------------------------------------------------------------------------
                                  0.000000    0.000000   clock clk (rise edge)
                                  0.000000    0.000000   clock network delay (propagated)
                                  3.000000    3.000000 v input external delay
     1    0.003579    0.010441    0.005761    3.005761 v x0[1] (in)
                                                         x0[1] (net)
                      0.010446    0.000000    3.005761 v input131/A (sky130_fd_sc_hd__buf_4)
     1    0.014239    0.037874    0.129812    3.135573 v input131/X (sky130_fd_sc_hd__buf_4)
                                                         net131 (net)
                      0.037919    0.001190    3.136763 v fanout649/A (sky130_fd_sc_hd__buf_8)
     6    0.036761    0.042268    0.131224    3.267987 v fanout649/X (sky130_fd_sc_hd__buf_8)
                                                         net649 (net)
                      0.042776    0.003523    3.271510 v fanout648/A (sky130_fd_sc_hd__buf_12)
     8    0.050191    0.041693    0.140044    3.411554 v fanout648/X (sky130_fd_sc_hd__buf_12)
                                                         net648 (net)
                      0.041767    0.001308    3.412862 v fanout647/A (sky130_fd_sc_hd__buf_8)
     6    0.029005    0.036519    0.128148    3.541010 v fanout647/X (sky130_fd_sc_hd__buf_8)
                                                         net647 (net)
                      0.036523    0.000568    3.541578 v fanout645/A (sky130_fd_sc_hd__buf_4)
    10    0.033415    0.057973    0.163304    3.704883 v fanout645/X (sky130_fd_sc_hd__buf_4)
                                                         net645 (net)
                      0.057979    0.000618    3.705500 v _11966_/A1 (sky130_fd_sc_hd__a22o_1)
     2    0.005813    0.053861    0.223329    3.928829 v _11966_/X (sky130_fd_sc_hd__a22o_1)
                                                         _04705_ (net)
                      0.053861    0.000113    3.928942 v _12114_/A3 (sky130_fd_sc_hd__a31o_1)
     2    0.005600    0.049090    0.227911    4.156853 v _12114_/X (sky130_fd_sc_hd__a31o_1)
                                                         _04867_ (net)
                      0.049090    0.000133    4.156986 v _12116_/B (sky130_fd_sc_hd__and3_1)
     3    0.008575    0.061323    0.188919    4.345905 v _12116_/X (sky130_fd_sc_hd__and3_1)
                                                         _04869_ (net)
                      0.061323    0.000203    4.346107 v _12119_/A (sky130_fd_sc_hd__or3_4)
     2    0.006921    0.069844    0.391727    4.737835 v _12119_/X (sky130_fd_sc_hd__or3_4)
                                                         _04873_ (net)
                      0.069844    0.000166    4.738001 v _12129_/A2 (sky130_fd_sc_hd__a21o_1)
     3    0.007840    0.054905    0.205274    4.943275 v _12129_/X (sky130_fd_sc_hd__a21o_1)
                                                         _04884_ (net)
                      0.054905    0.000139    4.943414 v _12131_/A2 (sky130_fd_sc_hd__a21bo_1)
     2    0.004869    0.043192    0.198526    5.141940 v _12131_/X (sky130_fd_sc_hd__a21bo_1)
                                                         _04886_ (net)
                      0.043192    0.000143    5.142083 v _12132_/B (sky130_fd_sc_hd__and3_1)
     4    0.013605    0.081926    0.205871    5.347954 v _12132_/X (sky130_fd_sc_hd__and3_1)
                                                         _04887_ (net)
                      0.081926    0.000351    5.348305 v _12136_/B (sky130_fd_sc_hd__or3_4)
     2    0.012393    0.078359    0.396836    5.745141 v _12136_/X (sky130_fd_sc_hd__or3_4)
                                                         _04891_ (net)
                      0.078359    0.000320    5.745461 v _12279_/A2 (sky130_fd_sc_hd__a211oi_4)
     5    0.017411    0.276447    0.328785    6.074246 ^ _12279_/Y (sky130_fd_sc_hd__a211oi_4)
                                                         _05048_ (net)
                      0.276448    0.000445    6.074691 ^ _12283_/A1 (sky130_fd_sc_hd__o21ai_1)
     2    0.008505    0.101643    0.155726    6.230417 v _12283_/Y (sky130_fd_sc_hd__o21ai_1)
                                                         _05052_ (net)
                      0.101643    0.000199    6.230616 v _12284_/C1 (sky130_fd_sc_hd__o211a_4)
     4    0.015030    0.052896    0.176096    6.406713 v _12284_/X (sky130_fd_sc_hd__o211a_4)
                                                         _05053_ (net)
                      0.052896    0.000308    6.407021 v _12288_/B (sky130_fd_sc_hd__or4_4)
     2    0.010179    0.094347    0.528106    6.935126 v _12288_/X (sky130_fd_sc_hd__or4_4)
                                                         _05058_ (net)
                      0.094436    0.000309    6.935435 v _12426_/A1 (sky130_fd_sc_hd__a211o_4)
     4    0.011856    0.060426    0.351811    7.287247 v _12426_/X (sky130_fd_sc_hd__a211o_4)
                                                         _05208_ (net)
                      0.060426    0.000277    7.287524 v _12429_/A2 (sky130_fd_sc_hd__a211o_1)
     2    0.009794    0.079668    0.331768    7.619292 v _12429_/X (sky130_fd_sc_hd__a211o_1)
                                                         _05212_ (net)
                      0.079668    0.000306    7.619598 v _12431_/A1 (sky130_fd_sc_hd__a211o_1)
     2    0.004947    0.057508    0.275691    7.895290 v _12431_/X (sky130_fd_sc_hd__a211o_1)
                                                         _05214_ (net)
                      0.057508    0.000087    7.895377 v _12433_/B2 (sky130_fd_sc_hd__a22o_1)
     2    0.007693    0.063132    0.223622    8.118999 v _12433_/X (sky130_fd_sc_hd__a22o_1)
                                                         _05216_ (net)
                      0.063132    0.000171    8.119169 v _12593_/A1 (sky130_fd_sc_hd__a21oi_2)
     3    0.011454    0.166306    0.185147    8.304317 ^ _12593_/Y (sky130_fd_sc_hd__a21oi_2)
                                                         _05391_ (net)
                      0.166308    0.000411    8.304728 ^ _12755_/A1 (sky130_fd_sc_hd__o21ba_4)
     3    0.008684    0.048691    0.174556    8.479284 ^ _12755_/X (sky130_fd_sc_hd__o21ba_4)
                                                         _05567_ (net)
                      0.048693    0.000316    8.479600 ^ _13305_/A_N (sky130_fd_sc_hd__and4bb_1)
     2    0.008231    0.063637    0.201077    8.680677 v _13305_/X (sky130_fd_sc_hd__and4bb_1)
                                                         _06168_ (net)
                      0.063637    0.000299    8.680977 v _13310_/A3 (sky130_fd_sc_hd__o31a_4)
     2    0.021493    0.073001    0.313330    8.994307 v _13310_/X (sky130_fd_sc_hd__o31a_4)
                                                         _06174_ (net)
                      0.073136    0.002063    8.996370 v _13525_/A3 (sky130_fd_sc_hd__o31ai_4)
     3    0.018623    0.292098    0.274354    9.270724 ^ _13525_/Y (sky130_fd_sc_hd__o31ai_4)
                                                         _06408_ (net)
                      0.292099    0.000741    9.271464 ^ _13526_/B (sky130_fd_sc_hd__xor2_1)
     1    0.003624    0.125895    0.183302    9.454767 ^ _13526_/X (sky130_fd_sc_hd__xor2_1)
                                                         _00031_ (net)
                      0.125895    0.000123    9.454890 ^ _13648_/D (sky130_fd_sc_hd__dfrtp_1)
                                              9.454890   data arrival time

                                 15.000000   15.000000   clock clk (rise edge)
                                  0.000000   15.000000   clock source latency
     1    0.034823    0.162195    0.115248   15.115248 ^ clk (in)
                                                         clk (net)
                      0.162620    0.000000   15.115248 ^ clkbuf_0_clk/A (sky130_fd_sc_hd__clkbuf_16)
     8    0.113161    0.127354    0.234087   15.349335 ^ clkbuf_0_clk/X (sky130_fd_sc_hd__clkbuf_16)
                                                         clknet_0_clk (net)
                      0.127509    0.003601   15.352936 ^ clkbuf_3_5__f_clk/A (sky130_fd_sc_hd__clkbuf_16)
     9    0.047412    0.066663    0.176421   15.529356 ^ clkbuf_3_5__f_clk/X (sky130_fd_sc_hd__clkbuf_16)
                                                         clknet_3_5__leaf_clk (net)
                      0.066748    0.002132   15.531487 ^ _13648_/CLK (sky130_fd_sc_hd__dfrtp_1)
                                 -0.250000   15.281488   clock uncertainty
                                  0.000000   15.281488   clock reconvergence pessimism
                                 -0.075146   15.206342   library setup time
                                             15.206342   data required time
---------------------------------------------------------------------------------------------
                                             15.206342   data required time
                                             -9.454890   data arrival time
---------------------------------------------------------------------------------------------
                                              5.751451   slack (MET)


Startpoint: x0[0] (input port clocked by clk)
Endpoint: _13701_ (rising edge-triggered flip-flop clocked by clk)
Path Group: clk
Path Type: max

Fanout         Cap        Slew       Delay        Time   Description
---------------------------------------------------------------------------------------------
                                  0.000000    0.000000   clock clk (rise edge)
                                  0.000000    0.000000   clock network delay (propagated)
                                  3.000000    3.000000 v input external delay
     1    0.002607    0.008177    0.004116    3.004116 v x0[0] (in)
                                                         x0[0] (net)
                      0.008177    0.000000    3.004116 v input130/A (sky130_fd_sc_hd__clkbuf_2)
     2    0.019110    0.078624    0.130479    3.134595 v input130/X (sky130_fd_sc_hd__clkbuf_2)
                                                         net130 (net)
                      0.078645    0.001259    3.135854 v fanout658/A (sky130_fd_sc_hd__buf_4)
     6    0.033088    0.057852    0.180837    3.316691 v fanout658/X (sky130_fd_sc_hd__buf_4)
                                                         net658 (net)
                      0.057858    0.000796    3.317487 v fanout655/A (sky130_fd_sc_hd__buf_6)
    10    0.042324    0.050558    0.146846    3.464333 v fanout655/X (sky130_fd_sc_hd__buf_6)
                                                         net655 (net)
                      0.050570    0.000652    3.464985 v fanout654/A (sky130_fd_sc_hd__clkbuf_4)
    10    0.034960    0.080936    0.185823    3.650808 v fanout654/X (sky130_fd_sc_hd__clkbuf_4)
                                                         net654 (net)
                      0.080963    0.001384    3.652193 v _06873_/B2 (sky130_fd_sc_hd__a22o_1)
     2    0.006126    0.055356    0.224120    3.876313 v _06873_/X (sky130_fd_sc_hd__a22o_1)
                                                         _01954_ (net)
                      0.055356    0.000144    3.876457 v _07019_/A3 (sky130_fd_sc_hd__a31o_1)
     2    0.005635    0.049269    0.228702    4.105159 v _07019_/X (sky130_fd_sc_hd__a31o_1)
                                                         _03543_ (net)
                      0.049269    0.000122    4.105281 v _07021_/B (sky130_fd_sc_hd__and3_1)
     3    0.008359    0.060633    0.187911    4.293192 v _07021_/X (sky130_fd_sc_hd__and3_1)
                                                         _03565_ (net)
                      0.060633    0.000234    4.293427 v _07023_/B (sky130_fd_sc_hd__or3_1)
     2    0.006193    0.083730    0.370700    4.664126 v _07023_/X (sky130_fd_sc_hd__or3_1)
                                                         _03587_ (net)
                      0.083730    0.000153    4.664280 v _07032_/A1 (sky130_fd_sc_hd__a21o_1)
     3    0.008716    0.058329    0.193367    4.857646 v _07032_/X (sky130_fd_sc_hd__a21o_1)
                                                         _03686_ (net)
                      0.058329    0.000261    4.857907 v _07041_/A2 (sky130_fd_sc_hd__a21o_1)
     3    0.009848    0.061872    0.209732    5.067639 v _07041_/X (sky130_fd_sc_hd__a21o_1)
                                                         _03784_ (net)
                      0.061872    0.000133    5.067772 v _07042_/C (sky130_fd_sc_hd__and3_1)
     2    0.006799    0.054176    0.201230    5.269003 v _07042_/X (sky130_fd_sc_hd__and3_1)
                                                         _03795_ (net)
                      0.054176    0.000250    5.269252 v _07047_/A (sky130_fd_sc_hd__or3_4)
     4    0.016687    0.087545    0.418241    5.687493 v _07047_/X (sky130_fd_sc_hd__or3_4)
                                                         _03850_ (net)
                      0.087545    0.000314    5.687807 v _07048_/A1 (sky130_fd_sc_hd__a211oi_4)
     5    0.020806    0.306593    0.328652    6.016459 ^ _07048_/Y (sky130_fd_sc_hd__a211oi_4)
                                                         _03861_ (net)
                      0.306593    0.000586    6.017045 ^ _07050_/B (sky130_fd_sc_hd__nor3_1)
     2    0.008218    0.094996    0.128063    6.145108 v _07050_/Y (sky130_fd_sc_hd__nor3_1)
                                                         _03882_ (net)
                      0.094996    0.000256    6.145363 v _07186_/A2 (sky130_fd_sc_hd__o211a_1)
     4    0.015241    0.091976    0.277417    6.422780 v _07186_/X (sky130_fd_sc_hd__o211a_1)
                                                         _05363_ (net)
                      0.091977    0.000528    6.423308 v _07190_/B (sky130_fd_sc_hd__or3_4)
     2    0.009683    0.074099    0.392336    6.815644 v _07190_/X (sky130_fd_sc_hd__or3_4)
                                                         _05406_ (net)
                      0.074099    0.000195    6.815840 v _07331_/A1 (sky130_fd_sc_hd__a211o_4)
     4    0.012335    0.061326    0.345172    7.161012 v _07331_/X (sky130_fd_sc_hd__a211o_4)
                                                         _06562_ (net)
                      0.061326    0.000244    7.161255 v _07334_/A1 (sky130_fd_sc_hd__a211o_1)
     2    0.008438    0.075205    0.288984    7.450240 v _07334_/X (sky130_fd_sc_hd__a211o_1)
                                                         _06565_ (net)
                      0.075205    0.000212    7.450452 v _07336_/A2 (sky130_fd_sc_hd__a211o_1)
     2    0.005485    0.060044    0.312174    7.762626 v _07336_/X (sky130_fd_sc_hd__a211o_1)
                                                         _06567_ (net)
                      0.060091    0.000187    7.762813 v _07338_/B2 (sky130_fd_sc_hd__a22o_1)
     2    0.005460    0.052216    0.212530    7.975342 v _07338_/X (sky130_fd_sc_hd__a22o_1)
                                                         _06569_ (net)
                      0.052216    0.000123    7.975465 v _07499_/A1 (sky130_fd_sc_hd__a21o_1)
     2    0.009594    0.060893    0.184301    8.159765 v _07499_/X (sky130_fd_sc_hd__a21o_1)
                                                         _06729_ (net)
                      0.060893    0.000222    8.159987 v _07662_/A1 (sky130_fd_sc_hd__a21oi_2)
     3    0.010272    0.154123    0.174294    8.334282 ^ _07662_/Y (sky130_fd_sc_hd__a21oi_2)
                                                         _00142_ (net)
                      0.154123    0.000306    8.334588 ^ _08204_/A (sky130_fd_sc_hd__nor4b_1)
     1    0.003057    0.054708    0.076175    8.410763 v _08204_/Y (sky130_fd_sc_hd__nor4b_1)
                                                         _00680_ (net)
                      0.054708    0.000100    8.410863 v _08209_/A3 (sky130_fd_sc_hd__o31a_2)
     3    0.024189    0.100737    0.350137    8.761001 v _08209_/X (sky130_fd_sc_hd__o31a_2)
                                                         _00685_ (net)
                      0.100857    0.003134    8.764134 v _08420_/A2 (sky130_fd_sc_hd__o311ai_2)
     3    0.008473    0.288623    0.327947    9.092081 ^ _08420_/Y (sky130_fd_sc_hd__o311ai_2)
                                                         _00894_ (net)
                      0.288623    0.000179    9.092260 ^ _08494_/A2 (sky130_fd_sc_hd__a31o_1)
     1    0.007087    0.082970    0.219929    9.312189 ^ _08494_/X (sky130_fd_sc_hd__a31o_1)
                                                         _00966_ (net)
                      0.082970    0.000316    9.312506 ^ _08525_/A (sky130_fd_sc_hd__xnor2_1)
     1    0.003232    0.123874    0.119290    9.431796 ^ _08525_/Y (sky130_fd_sc_hd__xnor2_1)
                                                         _00047_ (net)
                      0.123874    0.000106    9.431902 ^ _13701_/D (sky130_fd_sc_hd__dfrtp_1)
                                              9.431902   data arrival time

                                 15.000000   15.000000   clock clk (rise edge)
                                  0.000000   15.000000   clock source latency
     1    0.034823    0.162195    0.115248   15.115248 ^ clk (in)
                                                         clk (net)
                      0.162620    0.000000   15.115248 ^ clkbuf_0_clk/A (sky130_fd_sc_hd__clkbuf_16)
     8    0.113161    0.127354    0.234087   15.349335 ^ clkbuf_0_clk/X (sky130_fd_sc_hd__clkbuf_16)
                                                         clknet_0_clk (net)
                      0.127714    0.005420   15.354754 ^ clkbuf_3_0__f_clk/A (sky130_fd_sc_hd__clkbuf_16)
     9    0.040939    0.060705    0.171681   15.526436 ^ clkbuf_3_0__f_clk/X (sky130_fd_sc_hd__clkbuf_16)
                                                         clknet_3_0__leaf_clk (net)
                      0.060938    0.002217   15.528652 ^ _13701_/CLK (sky130_fd_sc_hd__dfrtp_1)
                                 -0.250000   15.278653   clock uncertainty
                                  0.000000   15.278653   clock reconvergence pessimism
                                 -0.075580   15.203073   library setup time
                                             15.203073   data required time
---------------------------------------------------------------------------------------------
                                             15.203073   data required time
                                             -9.431902   data arrival time
---------------------------------------------------------------------------------------------
                                              5.771171   slack (MET)


Startpoint: x1[0] (input port clocked by clk)
Endpoint: _13683_ (rising edge-triggered flip-flop clocked by clk)
Path Group: clk
Path Type: max

Fanout         Cap        Slew       Delay        Time   Description
---------------------------------------------------------------------------------------------
                                  0.000000    0.000000   clock clk (rise edge)
                                  0.000000    0.000000   clock network delay (propagated)
                                  3.000000    3.000000 ^ input external delay
     1    0.003249    0.021673    0.011898    3.011898 ^ x1[0] (in)
                                                         x1[0] (net)
                      0.021673    0.000000    3.011898 ^ input138/A (sky130_fd_sc_hd__clkbuf_1)
     1    0.003051    0.046761    0.074538    3.086436 ^ input138/X (sky130_fd_sc_hd__clkbuf_1)
                                                         net138 (net)
                      0.046761    0.000098    3.086534 ^ fanout597/A (sky130_fd_sc_hd__buf_2)
     5    0.033649    0.167501    0.195621    3.282156 ^ fanout597/X (sky130_fd_sc_hd__buf_2)
                                                         net597 (net)
                      0.167591    0.003202    3.285357 ^ fanout592/A (sky130_fd_sc_hd__buf_2)
     7    0.035310    0.175151    0.240394    3.525751 ^ fanout592/X (sky130_fd_sc_hd__buf_2)
                                                         net592 (net)
                      0.175247    0.003407    3.529158 ^ fanout591/A (sky130_fd_sc_hd__clkbuf_2)
     5    0.025066    0.141568    0.215542    3.744701 ^ fanout591/X (sky130_fd_sc_hd__clkbuf_2)
                                                         net591 (net)
                      0.141573    0.001010    3.745711 ^ fanout588/A (sky130_fd_sc_hd__buf_2)
    10    0.033319    0.166286    0.228285    3.973996 ^ fanout588/X (sky130_fd_sc_hd__buf_2)
                                                         net588 (net)
                      0.166301    0.001700    3.975696 ^ _10922_/A (sky130_fd_sc_hd__and3_1)
     4    0.010712    0.118257    0.228814    4.204510 ^ _10922_/X (sky130_fd_sc_hd__and3_1)
                                                         _03570_ (net)
                      0.118257    0.000139    4.204649 ^ _10925_/A_N (sky130_fd_sc_hd__and4b_1)
     3    0.008676    0.064485    0.233539    4.438189 v _10925_/X (sky130_fd_sc_hd__and4b_1)
                                                         _03573_ (net)
                      0.064485    0.000187    4.438375 v _11082_/B1_N (sky130_fd_sc_hd__o21ba_2)
     5    0.022244    0.137842    0.310035    4.748411 ^ _11082_/X (sky130_fd_sc_hd__o21ba_2)
                                                         _03745_ (net)
                      0.137842    0.000445    4.748856 ^ fanout249/A (sky130_fd_sc_hd__clkbuf_4)
    10    0.040928    0.130995    0.231535    4.980391 ^ fanout249/X (sky130_fd_sc_hd__clkbuf_4)
                                                         net249 (net)
                      0.130996    0.000799    4.981190 ^ _11083_/B (sky130_fd_sc_hd__xor2_1)
     2    0.007632    0.196170    0.218614    5.199804 ^ _11083_/X (sky130_fd_sc_hd__xor2_1)
                                                         _03746_ (net)
                      0.196170    0.000186    5.199990 ^ _11085_/B (sky130_fd_sc_hd__xor2_1)
     2    0.009546    0.230701    0.252391    5.452381 ^ _11085_/X (sky130_fd_sc_hd__xor2_1)
                                                         _03748_ (net)
                      0.230775    0.000357    5.452738 ^ _11087_/B (sky130_fd_sc_hd__xor2_1)
     2    0.008443    0.210756    0.241941    5.694680 ^ _11087_/X (sky130_fd_sc_hd__xor2_1)
                                                         _03750_ (net)
                      0.210756    0.000207    5.694887 ^ _11088_/B (sky130_fd_sc_hd__xor2_1)
     3    0.012204    0.279244    0.289898    5.984785 ^ _11088_/X (sky130_fd_sc_hd__xor2_1)
                                                         _03752_ (net)
                      0.279245    0.000435    5.985219 ^ _11092_/A (sky130_fd_sc_hd__xor2_1)
     1    0.005421    0.157042    0.207888    6.193107 ^ _11092_/X (sky130_fd_sc_hd__xor2_1)
                                                         _03756_ (net)
                      0.157042    0.000135    6.193243 ^ _11093_/B (sky130_fd_sc_hd__xnor2_1)
     2    0.008342    0.223076    0.176247    6.369490 ^ _11093_/Y (sky130_fd_sc_hd__xnor2_1)
                                                         _03757_ (net)
                      0.223076    0.000278    6.369768 ^ _11095_/B (sky130_fd_sc_hd__xnor2_1)
     2    0.007012    0.078719    0.124134    6.493902 v _11095_/Y (sky130_fd_sc_hd__xnor2_1)
                                                         _03759_ (net)
                      0.078719    0.000128    6.494030 v _11096_/A_N (sky130_fd_sc_hd__nand2b_1)
     2    0.005936    0.061131    0.169662    6.663692 v _11096_/Y (sky130_fd_sc_hd__nand2b_1)
                                                         _03760_ (net)
                      0.061131    0.000218    6.663909 v _11201_/A2 (sky130_fd_sc_hd__a21oi_1)
     3    0.011343    0.263999    0.262987    6.926896 ^ _11201_/Y (sky130_fd_sc_hd__a21oi_1)
                                                         _03875_ (net)
                      0.263999    0.000187    6.927083 ^ _11203_/A (sky130_fd_sc_hd__nor2_1)
     2    0.007986    0.083402    0.117630    7.044714 v _11203_/Y (sky130_fd_sc_hd__nor2_1)
                                                         _03877_ (net)
                      0.083402    0.000193    7.044907 v _11324_/A (sky130_fd_sc_hd__xnor2_1)
     2    0.011535    0.287058    0.291197    7.336103 ^ _11324_/Y (sky130_fd_sc_hd__xnor2_1)
                                                         _04010_ (net)
                      0.287060    0.000560    7.336664 ^ _11327_/A (sky130_fd_sc_hd__xor2_1)
     2    0.008463    0.211130    0.250162    7.586825 ^ _11327_/X (sky130_fd_sc_hd__xor2_1)
                                                         _04013_ (net)
                      0.211130    0.000294    7.587120 ^ _11329_/B (sky130_fd_sc_hd__xnor2_1)
     2    0.010354    0.263258    0.201188    7.788308 ^ _11329_/Y (sky130_fd_sc_hd__xnor2_1)
                                                         _04016_ (net)
                      0.263259    0.000414    7.788722 ^ _11332_/A (sky130_fd_sc_hd__xnor2_1)
     3    0.011433    0.118266    0.171551    7.960273 v _11332_/Y (sky130_fd_sc_hd__xnor2_1)
                                                         _04019_ (net)
                      0.118266    0.000385    7.960657 v _11589_/B (sky130_fd_sc_hd__nor3b_1)
     2    0.006605    0.258922    0.277847    8.238504 ^ _11589_/Y (sky130_fd_sc_hd__nor3b_1)
                                                         _04299_ (net)
                      0.258922    0.000203    8.238708 ^ _11591_/D_N (sky130_fd_sc_hd__or4bb_4)
     2    0.011861    0.098475    0.515733    8.754441 v _11591_/X (sky130_fd_sc_hd__or4bb_4)
                                                         _04301_ (net)
                      0.098475    0.000371    8.754812 v _11593_/A1 (sky130_fd_sc_hd__a31oi_4)
     4    0.026038    0.253305    0.248695    9.003508 ^ _11593_/Y (sky130_fd_sc_hd__a31oi_4)
                                                         _04303_ (net)
                      0.253437    0.002409    9.005917 ^ _11813_/A3 (sky130_fd_sc_hd__o311a_4)
     3    0.012184    0.061782    0.213602    9.219518 ^ _11813_/X (sky130_fd_sc_hd__o311a_4)
                                                         _04543_ (net)
                      0.061785    0.000461    9.219979 ^ _11884_/B (sky130_fd_sc_hd__nor2_1)
     1    0.005193    0.048921    0.049554    9.269533 v _11884_/Y (sky130_fd_sc_hd__nor2_1)
                                                         _04620_ (net)
                      0.048921    0.000125    9.269658 v _11885_/B (sky130_fd_sc_hd__xnor2_1)
     1    0.002204    0.048884    0.115289    9.384948 v _11885_/Y (sky130_fd_sc_hd__xnor2_1)
                                                         _00018_ (net)
                      0.048884    0.000044    9.384991 v _13683_/D (sky130_fd_sc_hd__dfrtp_1)
                                              9.384991   data arrival time

                                 15.000000   15.000000   clock clk (rise edge)
                                  0.000000   15.000000   clock source latency
     1    0.034823    0.162195    0.115248   15.115248 ^ clk (in)
                                                         clk (net)
                      0.162620    0.000000   15.115248 ^ clkbuf_0_clk/A (sky130_fd_sc_hd__clkbuf_16)
     8    0.113161    0.127354    0.234087   15.349335 ^ clkbuf_0_clk/X (sky130_fd_sc_hd__clkbuf_16)
                                                         clknet_0_clk (net)
                      0.127714    0.005420   15.354754 ^ clkbuf_3_0__f_clk/A (sky130_fd_sc_hd__clkbuf_16)
     9    0.040939    0.060705    0.171681   15.526436 ^ clkbuf_3_0__f_clk/X (sky130_fd_sc_hd__clkbuf_16)
                                                         clknet_3_0__leaf_clk (net)
                      0.061100    0.003357   15.529793 ^ _13683_/CLK (sky130_fd_sc_hd__dfrtp_1)
                                 -0.250000   15.279794   clock uncertainty
                                  0.000000   15.279794   clock reconvergence pessimism
                                 -0.112283   15.167512   library setup time
                                             15.167512   data required time
---------------------------------------------------------------------------------------------
                                             15.167512   data required time
                                             -9.384991   data arrival time
---------------------------------------------------------------------------------------------
                                              5.782521   slack (MET)


Startpoint: x0[0] (input port clocked by clk)
Endpoint: _13699_ (rising edge-triggered flip-flop clocked by clk)
Path Group: clk
Path Type: max

Fanout         Cap        Slew       Delay        Time   Description
---------------------------------------------------------------------------------------------
                                  0.000000    0.000000   clock clk (rise edge)
                                  0.000000    0.000000   clock network delay (propagated)
                                  3.000000    3.000000 v input external delay
     1    0.002607    0.008177    0.004116    3.004116 v x0[0] (in)
                                                         x0[0] (net)
                      0.008177    0.000000    3.004116 v input130/A (sky130_fd_sc_hd__clkbuf_2)
     2    0.019110    0.078624    0.130479    3.134595 v input130/X (sky130_fd_sc_hd__clkbuf_2)
                                                         net130 (net)
                      0.078645    0.001259    3.135854 v fanout658/A (sky130_fd_sc_hd__buf_4)
     6    0.033088    0.057852    0.180837    3.316691 v fanout658/X (sky130_fd_sc_hd__buf_4)
                                                         net658 (net)
                      0.057858    0.000796    3.317487 v fanout655/A (sky130_fd_sc_hd__buf_6)
    10    0.042324    0.050558    0.146846    3.464333 v fanout655/X (sky130_fd_sc_hd__buf_6)
                                                         net655 (net)
                      0.050570    0.000652    3.464985 v fanout654/A (sky130_fd_sc_hd__clkbuf_4)
    10    0.034960    0.080936    0.185823    3.650808 v fanout654/X (sky130_fd_sc_hd__clkbuf_4)
                                                         net654 (net)
                      0.080963    0.001384    3.652193 v _06873_/B2 (sky130_fd_sc_hd__a22o_1)
     2    0.006126    0.055356    0.224120    3.876313 v _06873_/X (sky130_fd_sc_hd__a22o_1)
                                                         _01954_ (net)
                      0.055356    0.000144    3.876457 v _07019_/A3 (sky130_fd_sc_hd__a31o_1)
     2    0.005635    0.049269    0.228702    4.105159 v _07019_/X (sky130_fd_sc_hd__a31o_1)
                                                         _03543_ (net)
                      0.049269    0.000122    4.105281 v _07021_/B (sky130_fd_sc_hd__and3_1)
     3    0.008359    0.060633    0.187911    4.293192 v _07021_/X (sky130_fd_sc_hd__and3_1)
                                                         _03565_ (net)
                      0.060633    0.000234    4.293427 v _07023_/B (sky130_fd_sc_hd__or3_1)
     2    0.006193    0.083730    0.370700    4.664126 v _07023_/X (sky130_fd_sc_hd__or3_1)
                                                         _03587_ (net)
                      0.083730    0.000153    4.664280 v _07032_/A1 (sky130_fd_sc_hd__a21o_1)
     3    0.008716    0.058329    0.193367    4.857646 v _07032_/X (sky130_fd_sc_hd__a21o_1)
                                                         _03686_ (net)
                      0.058329    0.000261    4.857907 v _07041_/A2 (sky130_fd_sc_hd__a21o_1)
     3    0.009848    0.061872    0.209732    5.067639 v _07041_/X (sky130_fd_sc_hd__a21o_1)
                                                         _03784_ (net)
                      0.061872    0.000133    5.067772 v _07042_/C (sky130_fd_sc_hd__and3_1)
     2    0.006799    0.054176    0.201230    5.269003 v _07042_/X (sky130_fd_sc_hd__and3_1)
                                                         _03795_ (net)
                      0.054176    0.000250    5.269252 v _07047_/A (sky130_fd_sc_hd__or3_4)
     4    0.016687    0.087545    0.418241    5.687493 v _07047_/X (sky130_fd_sc_hd__or3_4)
                                                         _03850_ (net)
                      0.087545    0.000314    5.687807 v _07048_/A1 (sky130_fd_sc_hd__a211oi_4)
     5    0.020806    0.306593    0.328652    6.016459 ^ _07048_/Y (sky130_fd_sc_hd__a211oi_4)
                                                         _03861_ (net)
                      0.306593    0.000586    6.017045 ^ _07050_/B (sky130_fd_sc_hd__nor3_1)
     2    0.008218    0.094996    0.128063    6.145108 v _07050_/Y (sky130_fd_sc_hd__nor3_1)
                                                         _03882_ (net)
                      0.094996    0.000256    6.145363 v _07186_/A2 (sky130_fd_sc_hd__o211a_1)
     4    0.015241    0.091976    0.277417    6.422780 v _07186_/X (sky130_fd_sc_hd__o211a_1)
                                                         _05363_ (net)
                      0.091977    0.000528    6.423308 v _07190_/B (sky130_fd_sc_hd__or3_4)
     2    0.009683    0.074099    0.392336    6.815644 v _07190_/X (sky130_fd_sc_hd__or3_4)
                                                         _05406_ (net)
                      0.074099    0.000195    6.815840 v _07331_/A1 (sky130_fd_sc_hd__a211o_4)
     4    0.012335    0.061326    0.345172    7.161012 v _07331_/X (sky130_fd_sc_hd__a211o_4)
                                                         _06562_ (net)
                      0.061326    0.000244    7.161255 v _07334_/A1 (sky130_fd_sc_hd__a211o_1)
     2    0.008438    0.075205    0.288984    7.450240 v _07334_/X (sky130_fd_sc_hd__a211o_1)
                                                         _06565_ (net)
                      0.075205    0.000212    7.450452 v _07336_/A2 (sky130_fd_sc_hd__a211o_1)
     2    0.005485    0.060044    0.312174    7.762626 v _07336_/X (sky130_fd_sc_hd__a211o_1)
                                                         _06567_ (net)
                      0.060091    0.000187    7.762813 v _07338_/B2 (sky130_fd_sc_hd__a22o_1)
     2    0.005460    0.052216    0.212530    7.975342 v _07338_/X (sky130_fd_sc_hd__a22o_1)
                                                         _06569_ (net)
                      0.052216    0.000123    7.975465 v _07499_/A1 (sky130_fd_sc_hd__a21o_1)
     2    0.009594    0.060893    0.184301    8.159765 v _07499_/X (sky130_fd_sc_hd__a21o_1)
                                                         _06729_ (net)
                      0.060893    0.000222    8.159987 v _07662_/A1 (sky130_fd_sc_hd__a21oi_2)
     3    0.010272    0.154123    0.174294    8.334282 ^ _07662_/Y (sky130_fd_sc_hd__a21oi_2)
                                                         _00142_ (net)
                      0.154123    0.000306    8.334588 ^ _08204_/A (sky130_fd_sc_hd__nor4b_1)
     1    0.003057    0.054708    0.076175    8.410763 v _08204_/Y (sky130_fd_sc_hd__nor4b_1)
                                                         _00680_ (net)
                      0.054708    0.000100    8.410863 v _08209_/A3 (sky130_fd_sc_hd__o31a_2)
     3    0.024189    0.100737    0.350137    8.761001 v _08209_/X (sky130_fd_sc_hd__o31a_2)
                                                         _00685_ (net)
                      0.100855    0.003105    8.764105 v _08419_/A2 (sky130_fd_sc_hd__o31a_1)
     1    0.001659    0.041123    0.280329    9.044434 v _08419_/X (sky130_fd_sc_hd__o31a_1)
                                                         _00893_ (net)
                      0.041123    0.000034    9.044468 v _08421_/B (sky130_fd_sc_hd__or2_1)
     1    0.002019    0.043673    0.193949    9.238417 v _08421_/X (sky130_fd_sc_hd__or2_1)
                                                         _00895_ (net)
                      0.043673    0.000043    9.238460 v _08422_/B (sky130_fd_sc_hd__and2_1)
     1    0.002796    0.035049    0.149388    9.387847 v _08422_/X (sky130_fd_sc_hd__and2_1)
                                                         _00045_ (net)
                      0.035049    0.000067    9.387914 v _13699_/D (sky130_fd_sc_hd__dfrtp_1)
                                              9.387914   data arrival time

                                 15.000000   15.000000   clock clk (rise edge)
                                  0.000000   15.000000   clock source latency
     1    0.034823    0.162195    0.115248   15.115248 ^ clk (in)
                                                         clk (net)
                      0.162620    0.000000   15.115248 ^ clkbuf_0_clk/A (sky130_fd_sc_hd__clkbuf_16)
     8    0.113161    0.127354    0.234087   15.349335 ^ clkbuf_0_clk/X (sky130_fd_sc_hd__clkbuf_16)
                                                         clknet_0_clk (net)
                      0.127714    0.005420   15.354754 ^ clkbuf_3_0__f_clk/A (sky130_fd_sc_hd__clkbuf_16)
     9    0.040939    0.060705    0.171681   15.526436 ^ clkbuf_3_0__f_clk/X (sky130_fd_sc_hd__clkbuf_16)
                                                         clknet_3_0__leaf_clk (net)
                      0.060931    0.002153   15.528588 ^ _13699_/CLK (sky130_fd_sc_hd__dfrtp_1)
                                 -0.250000   15.278589   clock uncertainty
                                  0.000000   15.278589   clock reconvergence pessimism
                                 -0.106291   15.172299   library setup time
                                             15.172299   data required time
---------------------------------------------------------------------------------------------
                                             15.172299   data required time
                                             -9.387914   data arrival time
---------------------------------------------------------------------------------------------
                                              5.784386   slack (MET)


Startpoint: x0[1] (input port clocked by clk)
Endpoint: _13665_ (rising edge-triggered flip-flop clocked by clk)
Path Group: clk
Path Type: max

Fanout         Cap        Slew       Delay        Time   Description
---------------------------------------------------------------------------------------------
                                  0.000000    0.000000   clock clk (rise edge)
                                  0.000000    0.000000   clock network delay (propagated)
                                  3.000000    3.000000 v input external delay
     1    0.003579    0.010441    0.005761    3.005761 v x0[1] (in)
                                                         x0[1] (net)
                      0.010446    0.000000    3.005761 v input131/A (sky130_fd_sc_hd__buf_4)
     1    0.014239    0.037874    0.129812    3.135573 v input131/X (sky130_fd_sc_hd__buf_4)
                                                         net131 (net)
                      0.037919    0.001190    3.136763 v fanout649/A (sky130_fd_sc_hd__buf_8)
     6    0.036761    0.042268    0.131224    3.267987 v fanout649/X (sky130_fd_sc_hd__buf_8)
                                                         net649 (net)
                      0.042776    0.003523    3.271510 v fanout648/A (sky130_fd_sc_hd__buf_12)
     8    0.050191    0.041693    0.140044    3.411554 v fanout648/X (sky130_fd_sc_hd__buf_12)
                                                         net648 (net)
                      0.041767    0.001308    3.412862 v fanout647/A (sky130_fd_sc_hd__buf_8)
     6    0.029005    0.036519    0.128148    3.541010 v fanout647/X (sky130_fd_sc_hd__buf_8)
                                                         net647 (net)
                      0.036764    0.002113    3.543123 v fanout646/A (sky130_fd_sc_hd__buf_8)
    10    0.034966    0.040409    0.130413    3.673537 v fanout646/X (sky130_fd_sc_hd__buf_8)
                                                         net646 (net)
                      0.040467    0.001361    3.674897 v _08855_/A (sky130_fd_sc_hd__and4_1)
     3    0.008187    0.061183    0.167059    3.841956 v _08855_/X (sky130_fd_sc_hd__and4_1)
                                                         _01321_ (net)
                      0.061183    0.000203    3.842159 v _08857_/B (sky130_fd_sc_hd__or3_4)
     2    0.006332    0.068804    0.370920    4.213079 v _08857_/X (sky130_fd_sc_hd__or3_4)
                                                         _01323_ (net)
                      0.068804    0.000141    4.213220 v _08861_/A2 (sky130_fd_sc_hd__a21o_1)
     3    0.011209    0.067325    0.218683    4.431903 v _08861_/X (sky130_fd_sc_hd__a21o_1)
                                                         _01327_ (net)
                      0.067326    0.000394    4.432297 v _08863_/A1 (sky130_fd_sc_hd__a21o_1)
     3    0.007227    0.052089    0.179907    4.612204 v _08863_/X (sky130_fd_sc_hd__a21o_1)
                                                         _01329_ (net)
                      0.052089    0.000173    4.612376 v _08865_/A (sky130_fd_sc_hd__and3_1)
     2    0.006366    0.052180    0.159218    4.771594 v _08865_/X (sky130_fd_sc_hd__and3_1)
                                                         _01331_ (net)
                      0.052180    0.000210    4.771803 v _08868_/A (sky130_fd_sc_hd__or3_4)
     4    0.017810    0.088813    0.419547    5.191350 v _08868_/X (sky130_fd_sc_hd__or3_4)
                                                         _01334_ (net)
                      0.088813    0.000592    5.191942 v _08871_/A (sky130_fd_sc_hd__and3_4)
     4    0.021850    0.053378    0.191214    5.383155 v _08871_/X (sky130_fd_sc_hd__and3_4)
                                                         _01337_ (net)
                      0.053386    0.000605    5.383761 v _08874_/A1 (sky130_fd_sc_hd__o21a_4)
     2    0.012809    0.044765    0.226490    5.610251 v _08874_/X (sky130_fd_sc_hd__o21a_4)
                                                         _01340_ (net)
                      0.044766    0.000340    5.610591 v _08876_/A2 (sky130_fd_sc_hd__o211a_1)
     3    0.008752    0.065963    0.230882    5.841472 v _08876_/X (sky130_fd_sc_hd__o211a_1)
                                                         _01342_ (net)
                      0.065964    0.000299    5.841771 v _08878_/A (sky130_fd_sc_hd__or3_4)
     2    0.008312    0.072029    0.397668    6.239439 v _08878_/X (sky130_fd_sc_hd__or3_4)
                                                         _01345_ (net)
                      0.072029    0.000278    6.239717 v _08880_/B1 (sky130_fd_sc_hd__o211a_4)
     4    0.014228    0.051804    0.162725    6.402442 v _08880_/X (sky130_fd_sc_hd__o211a_4)
                                                         _01347_ (net)
                      0.051808    0.000487    6.402929 v _08884_/B (sky130_fd_sc_hd__or4_4)
     2    0.010454    0.094936    0.528734    6.931663 v _08884_/X (sky130_fd_sc_hd__or4_4)
                                                         _01351_ (net)
                      0.094936    0.000385    6.932048 v _09024_/A1 (sky130_fd_sc_hd__a211o_4)
     4    0.013439    0.063153    0.356004    7.288053 v _09024_/X (sky130_fd_sc_hd__a211o_4)
                                                         _01504_ (net)
                      0.063153    0.000388    7.288441 v _09027_/A2 (sky130_fd_sc_hd__a211o_1)
     2    0.008193    0.074025    0.323868    7.612309 v _09027_/X (sky130_fd_sc_hd__a211o_1)
                                                         _01507_ (net)
                      0.074025    0.000137    7.612445 v _09029_/A1 (sky130_fd_sc_hd__a211o_1)
     2    0.007430    0.069615    0.287978    7.900423 v _09029_/X (sky130_fd_sc_hd__a211o_1)
                                                         _01510_ (net)
                      0.069615    0.000268    7.900691 v _09031_/B2 (sky130_fd_sc_hd__a2bb2o_4)
     2    0.005838    0.036416    0.209376    8.110066 v _09031_/X (sky130_fd_sc_hd__a2bb2o_4)
                                                         _01512_ (net)
                      0.036416    0.000115    8.110181 v _09191_/A2 (sky130_fd_sc_hd__a21o_1)
     2    0.015666    0.085575    0.221526    8.331707 v _09191_/X (sky130_fd_sc_hd__a21o_1)
                                                         _01686_ (net)
                      0.085580    0.000737    8.332444 v _09351_/A1 (sky130_fd_sc_hd__a21oi_4)
     4    0.018134    0.172429    0.191379    8.523824 ^ _09351_/Y (sky130_fd_sc_hd__a21oi_4)
                                                         _01861_ (net)
                      0.172429    0.000623    8.524446 ^ _09892_/D (sky130_fd_sc_hd__nor4_2)
     2    0.007003    0.058575    0.067971    8.592417 v _09892_/Y (sky130_fd_sc_hd__nor4_2)
                                                         _02450_ (net)
                      0.058576    0.000279    8.592695 v _09896_/A3 (sky130_fd_sc_hd__o31a_1)
     3    0.014276    0.096227    0.294815    8.887510 v _09896_/X (sky130_fd_sc_hd__o31a_1)
                                                         _02454_ (net)
                      0.096228    0.000544    8.888055 v _10105_/A3 (sky130_fd_sc_hd__o31a_1)
     3    0.015153    0.099918    0.312377    9.200432 v _10105_/X (sky130_fd_sc_hd__o31a_1)
                                                         _02682_ (net)
                      0.099919    0.000543    9.200974 v _10106_/B (sky130_fd_sc_hd__xor2_1)
     1    0.002639    0.067676    0.156092    9.357066 v _10106_/X (sky130_fd_sc_hd__xor2_1)
                                                         _00059_ (net)
                      0.067676    0.000058    9.357124 v _13665_/D (sky130_fd_sc_hd__dfrtp_1)
                                              9.357124   data arrival time

                                 15.000000   15.000000   clock clk (rise edge)
                                  0.000000   15.000000   clock source latency
     1    0.034823    0.162195    0.115248   15.115248 ^ clk (in)
                                                         clk (net)
                      0.162620    0.000000   15.115248 ^ clkbuf_0_clk/A (sky130_fd_sc_hd__clkbuf_16)
     8    0.113161    0.127354    0.234087   15.349335 ^ clkbuf_0_clk/X (sky130_fd_sc_hd__clkbuf_16)
                                                         clknet_0_clk (net)
                      0.127509    0.003601   15.352936 ^ clkbuf_3_5__f_clk/A (sky130_fd_sc_hd__clkbuf_16)
     9    0.047412    0.066663    0.176421   15.529356 ^ clkbuf_3_5__f_clk/X (sky130_fd_sc_hd__clkbuf_16)
                                                         clknet_3_5__leaf_clk (net)
                      0.066973    0.003219   15.532575 ^ _13665_/CLK (sky130_fd_sc_hd__dfrtp_1)
                                 -0.250000   15.282576   clock uncertainty
                                  0.000000   15.282576   clock reconvergence pessimism
                                 -0.119127   15.163449   library setup time
                                             15.163449   data required time
---------------------------------------------------------------------------------------------
                                             15.163449   data required time
                                             -9.357124   data arrival time
---------------------------------------------------------------------------------------------
                                              5.806325   slack (MET)


Startpoint: x0[0] (input port clocked by clk)
Endpoint: _13700_ (rising edge-triggered flip-flop clocked by clk)
Path Group: clk
Path Type: max

Fanout         Cap        Slew       Delay        Time   Description
---------------------------------------------------------------------------------------------
                                  0.000000    0.000000   clock clk (rise edge)
                                  0.000000    0.000000   clock network delay (propagated)
                                  3.000000    3.000000 v input external delay
     1    0.002607    0.008177    0.004116    3.004116 v x0[0] (in)
                                                         x0[0] (net)
                      0.008177    0.000000    3.004116 v input130/A (sky130_fd_sc_hd__clkbuf_2)
     2    0.019110    0.078624    0.130479    3.134595 v input130/X (sky130_fd_sc_hd__clkbuf_2)
                                                         net130 (net)
                      0.078645    0.001259    3.135854 v fanout658/A (sky130_fd_sc_hd__buf_4)
     6    0.033088    0.057852    0.180837    3.316691 v fanout658/X (sky130_fd_sc_hd__buf_4)
                                                         net658 (net)
                      0.057858    0.000796    3.317487 v fanout655/A (sky130_fd_sc_hd__buf_6)
    10    0.042324    0.050558    0.146846    3.464333 v fanout655/X (sky130_fd_sc_hd__buf_6)
                                                         net655 (net)
                      0.050570    0.000652    3.464985 v fanout654/A (sky130_fd_sc_hd__clkbuf_4)
    10    0.034960    0.080936    0.185823    3.650808 v fanout654/X (sky130_fd_sc_hd__clkbuf_4)
                                                         net654 (net)
                      0.080963    0.001384    3.652193 v _06873_/B2 (sky130_fd_sc_hd__a22o_1)
     2    0.006126    0.055356    0.224120    3.876313 v _06873_/X (sky130_fd_sc_hd__a22o_1)
                                                         _01954_ (net)
                      0.055356    0.000144    3.876457 v _07019_/A3 (sky130_fd_sc_hd__a31o_1)
     2    0.005635    0.049269    0.228702    4.105159 v _07019_/X (sky130_fd_sc_hd__a31o_1)
                                                         _03543_ (net)
                      0.049269    0.000122    4.105281 v _07021_/B (sky130_fd_sc_hd__and3_1)
     3    0.008359    0.060633    0.187911    4.293192 v _07021_/X (sky130_fd_sc_hd__and3_1)
                                                         _03565_ (net)
                      0.060633    0.000234    4.293427 v _07023_/B (sky130_fd_sc_hd__or3_1)
     2    0.006193    0.083730    0.370700    4.664126 v _07023_/X (sky130_fd_sc_hd__or3_1)
                                                         _03587_ (net)
                      0.083730    0.000153    4.664280 v _07032_/A1 (sky130_fd_sc_hd__a21o_1)
     3    0.008716    0.058329    0.193367    4.857646 v _07032_/X (sky130_fd_sc_hd__a21o_1)
                                                         _03686_ (net)
                      0.058329    0.000261    4.857907 v _07041_/A2 (sky130_fd_sc_hd__a21o_1)
     3    0.009848    0.061872    0.209732    5.067639 v _07041_/X (sky130_fd_sc_hd__a21o_1)
                                                         _03784_ (net)
                      0.061872    0.000133    5.067772 v _07042_/C (sky130_fd_sc_hd__and3_1)
     2    0.006799    0.054176    0.201230    5.269003 v _07042_/X (sky130_fd_sc_hd__and3_1)
                                                         _03795_ (net)
                      0.054176    0.000250    5.269252 v _07047_/A (sky130_fd_sc_hd__or3_4)
     4    0.016687    0.087545    0.418241    5.687493 v _07047_/X (sky130_fd_sc_hd__or3_4)
                                                         _03850_ (net)
                      0.087545    0.000314    5.687807 v _07048_/A1 (sky130_fd_sc_hd__a211oi_4)
     5    0.020806    0.306593    0.328652    6.016459 ^ _07048_/Y (sky130_fd_sc_hd__a211oi_4)
                                                         _03861_ (net)
                      0.306593    0.000586    6.017045 ^ _07050_/B (sky130_fd_sc_hd__nor3_1)
     2    0.008218    0.094996    0.128063    6.145108 v _07050_/Y (sky130_fd_sc_hd__nor3_1)
                                                         _03882_ (net)
                      0.094996    0.000256    6.145363 v _07186_/A2 (sky130_fd_sc_hd__o211a_1)
     4    0.015241    0.091976    0.277417    6.422780 v _07186_/X (sky130_fd_sc_hd__o211a_1)
                                                         _05363_ (net)
                      0.091977    0.000528    6.423308 v _07190_/B (sky130_fd_sc_hd__or3_4)
     2    0.009683    0.074099    0.392336    6.815644 v _07190_/X (sky130_fd_sc_hd__or3_4)
                                                         _05406_ (net)
                      0.074099    0.000195    6.815840 v _07331_/A1 (sky130_fd_sc_hd__a211o_4)
     4    0.012335    0.061326    0.345172    7.161012 v _07331_/X (sky130_fd_sc_hd__a211o_4)
                                                         _06562_ (net)
                      0.061326    0.000244    7.161255 v _07334_/A1 (sky130_fd_sc_hd__a211o_1)
     2    0.008438    0.075205    0.288984    7.450240 v _07334_/X (sky130_fd_sc_hd__a211o_1)
                                                         _06565_ (net)
                      0.075205    0.000212    7.450452 v _07336_/A2 (sky130_fd_sc_hd__a211o_1)
     2    0.005485    0.060044    0.312174    7.762626 v _07336_/X (sky130_fd_sc_hd__a211o_1)
                                                         _06567_ (net)
                      0.060091    0.000187    7.762813 v _07338_/B2 (sky130_fd_sc_hd__a22o_1)
     2    0.005460    0.052216    0.212530    7.975342 v _07338_/X (sky130_fd_sc_hd__a22o_1)
                                                         _06569_ (net)
                      0.052216    0.000123    7.975465 v _07499_/A1 (sky130_fd_sc_hd__a21o_1)
     2    0.009594    0.060893    0.184301    8.159765 v _07499_/X (sky130_fd_sc_hd__a21o_1)
                                                         _06729_ (net)
                      0.060893    0.000222    8.159987 v _07662_/A1 (sky130_fd_sc_hd__a21oi_2)
     3    0.010272    0.154123    0.174294    8.334282 ^ _07662_/Y (sky130_fd_sc_hd__a21oi_2)
                                                         _00142_ (net)
                      0.154123    0.000306    8.334588 ^ _08204_/A (sky130_fd_sc_hd__nor4b_1)
     1    0.003057    0.054708    0.076175    8.410763 v _08204_/Y (sky130_fd_sc_hd__nor4b_1)
                                                         _00680_ (net)
                      0.054708    0.000100    8.410863 v _08209_/A3 (sky130_fd_sc_hd__o31a_2)
     3    0.024189    0.100737    0.350137    8.761001 v _08209_/X (sky130_fd_sc_hd__o31a_2)
                                                         _00685_ (net)
                      0.100857    0.003134    8.764134 v _08420_/A2 (sky130_fd_sc_hd__o311ai_2)
     3    0.008473    0.288623    0.327947    9.092081 ^ _08420_/Y (sky130_fd_sc_hd__o311ai_2)
                                                         _00894_ (net)
                      0.288623    0.000163    9.092244 ^ _08492_/B (sky130_fd_sc_hd__nand2_1)
     1    0.006262    0.082352    0.121057    9.213302 v _08492_/Y (sky130_fd_sc_hd__nand2_1)
                                                         _00965_ (net)
                      0.082352    0.000254    9.213555 v _08493_/B (sky130_fd_sc_hd__xnor2_1)
     1    0.003259    0.048443    0.135949    9.349504 v _08493_/Y (sky130_fd_sc_hd__xnor2_1)
                                                         _00046_ (net)
                      0.048450    0.000107    9.349611 v _13700_/D (sky130_fd_sc_hd__dfrtp_1)
                                              9.349611   data arrival time

                                 15.000000   15.000000   clock clk (rise edge)
                                  0.000000   15.000000   clock source latency
     1    0.034823    0.162195    0.115248   15.115248 ^ clk (in)
                                                         clk (net)
                      0.162620    0.000000   15.115248 ^ clkbuf_0_clk/A (sky130_fd_sc_hd__clkbuf_16)
     8    0.113161    0.127354    0.234087   15.349335 ^ clkbuf_0_clk/X (sky130_fd_sc_hd__clkbuf_16)
                                                         clknet_0_clk (net)
                      0.127714    0.005420   15.354754 ^ clkbuf_3_0__f_clk/A (sky130_fd_sc_hd__clkbuf_16)
     9    0.040939    0.060705    0.171681   15.526436 ^ clkbuf_3_0__f_clk/X (sky130_fd_sc_hd__clkbuf_16)
                                                         clknet_3_0__leaf_clk (net)
                      0.060934    0.002178   15.528613 ^ _13700_/CLK (sky130_fd_sc_hd__dfrtp_1)
                                 -0.250000   15.278614   clock uncertainty
                                  0.000000   15.278614   clock reconvergence pessimism
                                 -0.112132   15.166482   library setup time
                                             15.166482   data required time
---------------------------------------------------------------------------------------------
                                             15.166482   data required time
                                             -9.349611   data arrival time
---------------------------------------------------------------------------------------------
                                              5.816871   slack (MET)


Startpoint: x0[1] (input port clocked by clk)
Endpoint: _13645_ (rising edge-triggered flip-flop clocked by clk)
Path Group: clk
Path Type: max

Fanout         Cap        Slew       Delay        Time   Description
---------------------------------------------------------------------------------------------
                                  0.000000    0.000000   clock clk (rise edge)
                                  0.000000    0.000000   clock network delay (propagated)
                                  3.000000    3.000000 v input external delay
     1    0.003579    0.010441    0.005761    3.005761 v x0[1] (in)
                                                         x0[1] (net)
                      0.010446    0.000000    3.005761 v input131/A (sky130_fd_sc_hd__buf_4)
     1    0.014239    0.037874    0.129812    3.135573 v input131/X (sky130_fd_sc_hd__buf_4)
                                                         net131 (net)
                      0.037919    0.001190    3.136763 v fanout649/A (sky130_fd_sc_hd__buf_8)
     6    0.036761    0.042268    0.131224    3.267987 v fanout649/X (sky130_fd_sc_hd__buf_8)
                                                         net649 (net)
                      0.042776    0.003523    3.271510 v fanout648/A (sky130_fd_sc_hd__buf_12)
     8    0.050191    0.041693    0.140044    3.411554 v fanout648/X (sky130_fd_sc_hd__buf_12)
                                                         net648 (net)
                      0.041767    0.001308    3.412862 v fanout647/A (sky130_fd_sc_hd__buf_8)
     6    0.029005    0.036519    0.128148    3.541010 v fanout647/X (sky130_fd_sc_hd__buf_8)
                                                         net647 (net)
                      0.036523    0.000568    3.541578 v fanout645/A (sky130_fd_sc_hd__buf_4)
    10    0.033415    0.057973    0.163304    3.704883 v fanout645/X (sky130_fd_sc_hd__buf_4)
                                                         net645 (net)
                      0.057979    0.000618    3.705500 v _11966_/A1 (sky130_fd_sc_hd__a22o_1)
     2    0.005813    0.053861    0.223329    3.928829 v _11966_/X (sky130_fd_sc_hd__a22o_1)
                                                         _04705_ (net)
                      0.053861    0.000113    3.928942 v _12114_/A3 (sky130_fd_sc_hd__a31o_1)
     2    0.005600    0.049090    0.227911    4.156853 v _12114_/X (sky130_fd_sc_hd__a31o_1)
                                                         _04867_ (net)
                      0.049090    0.000133    4.156986 v _12116_/B (sky130_fd_sc_hd__and3_1)
     3    0.008575    0.061323    0.188919    4.345905 v _12116_/X (sky130_fd_sc_hd__and3_1)
                                                         _04869_ (net)
                      0.061323    0.000203    4.346107 v _12119_/A (sky130_fd_sc_hd__or3_4)
     2    0.006921    0.069844    0.391727    4.737835 v _12119_/X (sky130_fd_sc_hd__or3_4)
                                                         _04873_ (net)
                      0.069844    0.000166    4.738001 v _12129_/A2 (sky130_fd_sc_hd__a21o_1)
     3    0.007840    0.054905    0.205274    4.943275 v _12129_/X (sky130_fd_sc_hd__a21o_1)
                                                         _04884_ (net)
                      0.054905    0.000139    4.943414 v _12131_/A2 (sky130_fd_sc_hd__a21bo_1)
     2    0.004869    0.043192    0.198526    5.141940 v _12131_/X (sky130_fd_sc_hd__a21bo_1)
                                                         _04886_ (net)
                      0.043192    0.000143    5.142083 v _12132_/B (sky130_fd_sc_hd__and3_1)
     4    0.013605    0.081926    0.205871    5.347954 v _12132_/X (sky130_fd_sc_hd__and3_1)
                                                         _04887_ (net)
                      0.081926    0.000351    5.348305 v _12136_/B (sky130_fd_sc_hd__or3_4)
     2    0.012393    0.078359    0.396836    5.745141 v _12136_/X (sky130_fd_sc_hd__or3_4)
                                                         _04891_ (net)
                      0.078359    0.000320    5.745461 v _12279_/A2 (sky130_fd_sc_hd__a211oi_4)
     5    0.017411    0.276447    0.328785    6.074246 ^ _12279_/Y (sky130_fd_sc_hd__a211oi_4)
                                                         _05048_ (net)
                      0.276448    0.000445    6.074691 ^ _12283_/A1 (sky130_fd_sc_hd__o21ai_1)
     2    0.008505    0.101643    0.155726    6.230417 v _12283_/Y (sky130_fd_sc_hd__o21ai_1)
                                                         _05052_ (net)
                      0.101643    0.000199    6.230616 v _12284_/C1 (sky130_fd_sc_hd__o211a_4)
     4    0.015030    0.052896    0.176096    6.406713 v _12284_/X (sky130_fd_sc_hd__o211a_4)
                                                         _05053_ (net)
                      0.052896    0.000308    6.407021 v _12288_/B (sky130_fd_sc_hd__or4_4)
     2    0.010179    0.094347    0.528106    6.935126 v _12288_/X (sky130_fd_sc_hd__or4_4)
                                                         _05058_ (net)
                      0.094436    0.000309    6.935435 v _12426_/A1 (sky130_fd_sc_hd__a211o_4)
     4    0.011856    0.060426    0.351811    7.287247 v _12426_/X (sky130_fd_sc_hd__a211o_4)
                                                         _05208_ (net)
                      0.060426    0.000277    7.287524 v _12429_/A2 (sky130_fd_sc_hd__a211o_1)
     2    0.009794    0.079668    0.331768    7.619292 v _12429_/X (sky130_fd_sc_hd__a211o_1)
                                                         _05212_ (net)
                      0.079668    0.000306    7.619598 v _12431_/A1 (sky130_fd_sc_hd__a211o_1)
     2    0.004947    0.057508    0.275691    7.895290 v _12431_/X (sky130_fd_sc_hd__a211o_1)
                                                         _05214_ (net)
                      0.057508    0.000087    7.895377 v _12433_/B2 (sky130_fd_sc_hd__a22o_1)
     2    0.007693    0.063132    0.223622    8.118999 v _12433_/X (sky130_fd_sc_hd__a22o_1)
                                                         _05216_ (net)
                      0.063132    0.000171    8.119169 v _12593_/A1 (sky130_fd_sc_hd__a21oi_2)
     3    0.011454    0.166306    0.185147    8.304317 ^ _12593_/Y (sky130_fd_sc_hd__a21oi_2)
                                                         _05391_ (net)
                      0.166308    0.000411    8.304728 ^ _12755_/A1 (sky130_fd_sc_hd__o21ba_4)
     3    0.008684    0.048691    0.174556    8.479284 ^ _12755_/X (sky130_fd_sc_hd__o21ba_4)
                                                         _05567_ (net)
                      0.048693    0.000317    8.479601 ^ _12756_/B (sky130_fd_sc_hd__nor2_1)
     3    0.008103    0.049124    0.055064    8.534666 v _12756_/Y (sky130_fd_sc_hd__nor2_1)
                                                         _05568_ (net)
                      0.049124    0.000171    8.534837 v _13044_/A1_N (sky130_fd_sc_hd__o2bb2a_1)
     2    0.005443    0.069958    0.252529    8.787366 ^ _13044_/X (sky130_fd_sc_hd__o2bb2a_1)
                                                         _05883_ (net)
                      0.069958    0.000159    8.787525 ^ _13045_/A_N (sky130_fd_sc_hd__and2b_1)
     2    0.004043    0.039026    0.182114    8.969639 v _13045_/X (sky130_fd_sc_hd__and2b_1)
                                                         _05884_ (net)
                      0.039026    0.000053    8.969692 v _13177_/B (sky130_fd_sc_hd__or2_1)
     1    0.005563    0.060612    0.217043    9.186735 v _13177_/X (sky130_fd_sc_hd__or2_1)
                                                         _06028_ (net)
                      0.060612    0.000202    9.186936 v _13178_/B (sky130_fd_sc_hd__xnor2_1)
     1    0.003227    0.065875    0.126292    9.313229 v _13178_/Y (sky130_fd_sc_hd__xnor2_1)
                                                         _00028_ (net)
                      0.065875    0.000083    9.313312 v _13645_/D (sky130_fd_sc_hd__dfrtp_1)
                                              9.313312   data arrival time

                                 15.000000   15.000000   clock clk (rise edge)
                                  0.000000   15.000000   clock source latency
     1    0.034823    0.162195    0.115248   15.115248 ^ clk (in)
                                                         clk (net)
                      0.162620    0.000000   15.115248 ^ clkbuf_0_clk/A (sky130_fd_sc_hd__clkbuf_16)
     8    0.113161    0.127354    0.234087   15.349335 ^ clkbuf_0_clk/X (sky130_fd_sc_hd__clkbuf_16)
                                                         clknet_0_clk (net)
                      0.127540    0.003933   15.353268 ^ clkbuf_3_4__f_clk/A (sky130_fd_sc_hd__clkbuf_16)
     7    0.038185    0.058234    0.170131   15.523398 ^ clkbuf_3_4__f_clk/X (sky130_fd_sc_hd__clkbuf_16)
                                                         clknet_3_4__leaf_clk (net)
                      0.058310    0.001696   15.525095 ^ _13645_/CLK (sky130_fd_sc_hd__dfrtp_1)
                                 -0.250000   15.275095   clock uncertainty
                                  0.000000   15.275095   clock reconvergence pessimism
                                 -0.120329   15.154767   library setup time
                                             15.154767   data required time
---------------------------------------------------------------------------------------------
                                             15.154767   data required time
                                             -9.313312   data arrival time
---------------------------------------------------------------------------------------------
                                              5.841455   slack (MET)


Startpoint: x1[0] (input port clocked by clk)
Endpoint: _13682_ (rising edge-triggered flip-flop clocked by clk)
Path Group: clk
Path Type: max

Fanout         Cap        Slew       Delay        Time   Description
---------------------------------------------------------------------------------------------
                                  0.000000    0.000000   clock clk (rise edge)
                                  0.000000    0.000000   clock network delay (propagated)
                                  3.000000    3.000000 ^ input external delay
     1    0.003249    0.021673    0.011898    3.011898 ^ x1[0] (in)
                                                         x1[0] (net)
                      0.021673    0.000000    3.011898 ^ input138/A (sky130_fd_sc_hd__clkbuf_1)
     1    0.003051    0.046761    0.074538    3.086436 ^ input138/X (sky130_fd_sc_hd__clkbuf_1)
                                                         net138 (net)
                      0.046761    0.000098    3.086534 ^ fanout597/A (sky130_fd_sc_hd__buf_2)
     5    0.033649    0.167501    0.195621    3.282156 ^ fanout597/X (sky130_fd_sc_hd__buf_2)
                                                         net597 (net)
                      0.167591    0.003202    3.285357 ^ fanout592/A (sky130_fd_sc_hd__buf_2)
     7    0.035310    0.175151    0.240394    3.525751 ^ fanout592/X (sky130_fd_sc_hd__buf_2)
                                                         net592 (net)
                      0.175247    0.003407    3.529158 ^ fanout591/A (sky130_fd_sc_hd__clkbuf_2)
     5    0.025066    0.141568    0.215542    3.744701 ^ fanout591/X (sky130_fd_sc_hd__clkbuf_2)
                                                         net591 (net)
                      0.141573    0.001010    3.745711 ^ fanout588/A (sky130_fd_sc_hd__buf_2)
    10    0.033319    0.166286    0.228285    3.973996 ^ fanout588/X (sky130_fd_sc_hd__buf_2)
                                                         net588 (net)
                      0.166301    0.001700    3.975696 ^ _10922_/A (sky130_fd_sc_hd__and3_1)
     4    0.010712    0.118257    0.228814    4.204510 ^ _10922_/X (sky130_fd_sc_hd__and3_1)
                                                         _03570_ (net)
                      0.118257    0.000139    4.204649 ^ _10925_/A_N (sky130_fd_sc_hd__and4b_1)
     3    0.008676    0.064485    0.233539    4.438189 v _10925_/X (sky130_fd_sc_hd__and4b_1)
                                                         _03573_ (net)
                      0.064485    0.000187    4.438375 v _11082_/B1_N (sky130_fd_sc_hd__o21ba_2)
     5    0.022244    0.137842    0.310035    4.748411 ^ _11082_/X (sky130_fd_sc_hd__o21ba_2)
                                                         _03745_ (net)
                      0.137842    0.000445    4.748856 ^ fanout249/A (sky130_fd_sc_hd__clkbuf_4)
    10    0.040928    0.130995    0.231535    4.980391 ^ fanout249/X (sky130_fd_sc_hd__clkbuf_4)
                                                         net249 (net)
                      0.130996    0.000799    4.981190 ^ _11083_/B (sky130_fd_sc_hd__xor2_1)
     2    0.007632    0.196170    0.218614    5.199804 ^ _11083_/X (sky130_fd_sc_hd__xor2_1)
                                                         _03746_ (net)
                      0.196170    0.000186    5.199990 ^ _11085_/B (sky130_fd_sc_hd__xor2_1)
     2    0.009546    0.230701    0.252391    5.452381 ^ _11085_/X (sky130_fd_sc_hd__xor2_1)
                                                         _03748_ (net)
                      0.230775    0.000357    5.452738 ^ _11087_/B (sky130_fd_sc_hd__xor2_1)
     2    0.008443    0.210756    0.241941    5.694680 ^ _11087_/X (sky130_fd_sc_hd__xor2_1)
                                                         _03750_ (net)
                      0.210756    0.000207    5.694887 ^ _11088_/B (sky130_fd_sc_hd__xor2_1)
     3    0.012204    0.279244    0.289898    5.984785 ^ _11088_/X (sky130_fd_sc_hd__xor2_1)
                                                         _03752_ (net)
                      0.279245    0.000435    5.985219 ^ _11092_/A (sky130_fd_sc_hd__xor2_1)
     1    0.005421    0.157042    0.207888    6.193107 ^ _11092_/X (sky130_fd_sc_hd__xor2_1)
                                                         _03756_ (net)
                      0.157042    0.000135    6.193243 ^ _11093_/B (sky130_fd_sc_hd__xnor2_1)
     2    0.008342    0.223076    0.176247    6.369490 ^ _11093_/Y (sky130_fd_sc_hd__xnor2_1)
                                                         _03757_ (net)
                      0.223076    0.000278    6.369768 ^ _11095_/B (sky130_fd_sc_hd__xnor2_1)
     2    0.007012    0.078719    0.124134    6.493902 v _11095_/Y (sky130_fd_sc_hd__xnor2_1)
                                                         _03759_ (net)
                      0.078719    0.000128    6.494030 v _11096_/A_N (sky130_fd_sc_hd__nand2b_1)
     2    0.005936    0.061131    0.169662    6.663692 v _11096_/Y (sky130_fd_sc_hd__nand2b_1)
                                                         _03760_ (net)
                      0.061131    0.000218    6.663909 v _11201_/A2 (sky130_fd_sc_hd__a21oi_1)
     3    0.011343    0.263999    0.262987    6.926896 ^ _11201_/Y (sky130_fd_sc_hd__a21oi_1)
                                                         _03875_ (net)
                      0.263999    0.000187    6.927083 ^ _11203_/A (sky130_fd_sc_hd__nor2_1)
     2    0.007986    0.083402    0.117630    7.044714 v _11203_/Y (sky130_fd_sc_hd__nor2_1)
                                                         _03877_ (net)
                      0.083402    0.000193    7.044907 v _11324_/A (sky130_fd_sc_hd__xnor2_1)
     2    0.011535    0.287058    0.291197    7.336103 ^ _11324_/Y (sky130_fd_sc_hd__xnor2_1)
                                                         _04010_ (net)
                      0.287060    0.000560    7.336664 ^ _11327_/A (sky130_fd_sc_hd__xor2_1)
     2    0.008463    0.211130    0.250162    7.586825 ^ _11327_/X (sky130_fd_sc_hd__xor2_1)
                                                         _04013_ (net)
                      0.211130    0.000294    7.587120 ^ _11329_/B (sky130_fd_sc_hd__xnor2_1)
     2    0.010354    0.263258    0.201188    7.788308 ^ _11329_/Y (sky130_fd_sc_hd__xnor2_1)
                                                         _04016_ (net)
                      0.263259    0.000414    7.788722 ^ _11332_/A (sky130_fd_sc_hd__xnor2_1)
     3    0.011433    0.118266    0.171551    7.960273 v _11332_/Y (sky130_fd_sc_hd__xnor2_1)
                                                         _04019_ (net)
                      0.118266    0.000385    7.960657 v _11589_/B (sky130_fd_sc_hd__nor3b_1)
     2    0.006605    0.258922    0.277847    8.238504 ^ _11589_/Y (sky130_fd_sc_hd__nor3b_1)
                                                         _04299_ (net)
                      0.258922    0.000203    8.238708 ^ _11591_/D_N (sky130_fd_sc_hd__or4bb_4)
     2    0.011861    0.098475    0.515733    8.754441 v _11591_/X (sky130_fd_sc_hd__or4bb_4)
                                                         _04301_ (net)
                      0.098475    0.000371    8.754812 v _11593_/A1 (sky130_fd_sc_hd__a31oi_4)
     4    0.026038    0.253305    0.248695    9.003508 ^ _11593_/Y (sky130_fd_sc_hd__a31oi_4)
                                                         _04303_ (net)
                      0.253437    0.002409    9.005917 ^ _11813_/A3 (sky130_fd_sc_hd__o311a_4)
     3    0.012184    0.061782    0.213602    9.219518 ^ _11813_/X (sky130_fd_sc_hd__o311a_4)
                                                         _04543_ (net)
                      0.061782    0.000272    9.219790 ^ _11815_/A (sky130_fd_sc_hd__nor2_1)
     1    0.002224    0.025934    0.043314    9.263103 v _11815_/Y (sky130_fd_sc_hd__nor2_1)
                                                         _00017_ (net)
                      0.025934    0.000044    9.263148 v _13682_/D (sky130_fd_sc_hd__dfrtp_1)
                                              9.263148   data arrival time

                                 15.000000   15.000000   clock clk (rise edge)
                                  0.000000   15.000000   clock source latency
     1    0.034823    0.162195    0.115248   15.115248 ^ clk (in)
                                                         clk (net)
                      0.162620    0.000000   15.115248 ^ clkbuf_0_clk/A (sky130_fd_sc_hd__clkbuf_16)
     8    0.113161    0.127354    0.234087   15.349335 ^ clkbuf_0_clk/X (sky130_fd_sc_hd__clkbuf_16)
                                                         clknet_0_clk (net)
                      0.127714    0.005420   15.354754 ^ clkbuf_3_0__f_clk/A (sky130_fd_sc_hd__clkbuf_16)
     9    0.040939    0.060705    0.171681   15.526436 ^ clkbuf_3_0__f_clk/X (sky130_fd_sc_hd__clkbuf_16)
                                                         clknet_3_0__leaf_clk (net)
                      0.061069    0.003165   15.529601 ^ _13682_/CLK (sky130_fd_sc_hd__dfrtp_1)
                                 -0.250000   15.279602   clock uncertainty
                                  0.000000   15.279602   clock reconvergence pessimism
                                 -0.102286   15.177316   library setup time
                                             15.177316   data required time
---------------------------------------------------------------------------------------------
                                             15.177316   data required time
                                             -9.263148   data arrival time
---------------------------------------------------------------------------------------------
                                              5.914168   slack (MET)


Startpoint: x1[0] (input port clocked by clk)
Endpoint: _13681_ (rising edge-triggered flip-flop clocked by clk)
Path Group: clk
Path Type: max

Fanout         Cap        Slew       Delay        Time   Description
---------------------------------------------------------------------------------------------
                                  0.000000    0.000000   clock clk (rise edge)
                                  0.000000    0.000000   clock network delay (propagated)
                                  3.000000    3.000000 ^ input external delay
     1    0.003249    0.021673    0.011898    3.011898 ^ x1[0] (in)
                                                         x1[0] (net)
                      0.021673    0.000000    3.011898 ^ input138/A (sky130_fd_sc_hd__clkbuf_1)
     1    0.003051    0.046761    0.074538    3.086436 ^ input138/X (sky130_fd_sc_hd__clkbuf_1)
                                                         net138 (net)
                      0.046761    0.000098    3.086534 ^ fanout597/A (sky130_fd_sc_hd__buf_2)
     5    0.033649    0.167501    0.195621    3.282156 ^ fanout597/X (sky130_fd_sc_hd__buf_2)
                                                         net597 (net)
                      0.167591    0.003202    3.285357 ^ fanout592/A (sky130_fd_sc_hd__buf_2)
     7    0.035310    0.175151    0.240394    3.525751 ^ fanout592/X (sky130_fd_sc_hd__buf_2)
                                                         net592 (net)
                      0.175247    0.003407    3.529158 ^ fanout591/A (sky130_fd_sc_hd__clkbuf_2)
     5    0.025066    0.141568    0.215542    3.744701 ^ fanout591/X (sky130_fd_sc_hd__clkbuf_2)
                                                         net591 (net)
                      0.141573    0.001010    3.745711 ^ fanout588/A (sky130_fd_sc_hd__buf_2)
    10    0.033319    0.166286    0.228285    3.973996 ^ fanout588/X (sky130_fd_sc_hd__buf_2)
                                                         net588 (net)
                      0.166301    0.001700    3.975696 ^ _10922_/A (sky130_fd_sc_hd__and3_1)
     4    0.010712    0.118257    0.228814    4.204510 ^ _10922_/X (sky130_fd_sc_hd__and3_1)
                                                         _03570_ (net)
                      0.118257    0.000139    4.204649 ^ _10925_/A_N (sky130_fd_sc_hd__and4b_1)
     3    0.008676    0.064485    0.233539    4.438189 v _10925_/X (sky130_fd_sc_hd__and4b_1)
                                                         _03573_ (net)
                      0.064485    0.000187    4.438375 v _11082_/B1_N (sky130_fd_sc_hd__o21ba_2)
     5    0.022244    0.137842    0.310035    4.748411 ^ _11082_/X (sky130_fd_sc_hd__o21ba_2)
                                                         _03745_ (net)
                      0.137842    0.000445    4.748856 ^ fanout249/A (sky130_fd_sc_hd__clkbuf_4)
    10    0.040928    0.130995    0.231535    4.980391 ^ fanout249/X (sky130_fd_sc_hd__clkbuf_4)
                                                         net249 (net)
                      0.130996    0.000799    4.981190 ^ _11083_/B (sky130_fd_sc_hd__xor2_1)
     2    0.007632    0.196170    0.218614    5.199804 ^ _11083_/X (sky130_fd_sc_hd__xor2_1)
                                                         _03746_ (net)
                      0.196170    0.000186    5.199990 ^ _11085_/B (sky130_fd_sc_hd__xor2_1)
     2    0.009546    0.230701    0.252391    5.452381 ^ _11085_/X (sky130_fd_sc_hd__xor2_1)
                                                         _03748_ (net)
                      0.230775    0.000357    5.452738 ^ _11087_/B (sky130_fd_sc_hd__xor2_1)
     2    0.008443    0.210756    0.241941    5.694680 ^ _11087_/X (sky130_fd_sc_hd__xor2_1)
                                                         _03750_ (net)
                      0.210756    0.000207    5.694887 ^ _11088_/B (sky130_fd_sc_hd__xor2_1)
     3    0.012204    0.279244    0.289898    5.984785 ^ _11088_/X (sky130_fd_sc_hd__xor2_1)
                                                         _03752_ (net)
                      0.279245    0.000435    5.985219 ^ _11092_/A (sky130_fd_sc_hd__xor2_1)
     1    0.005421    0.157042    0.207888    6.193107 ^ _11092_/X (sky130_fd_sc_hd__xor2_1)
                                                         _03756_ (net)
                      0.157042    0.000135    6.193243 ^ _11093_/B (sky130_fd_sc_hd__xnor2_1)
     2    0.008342    0.223076    0.176247    6.369490 ^ _11093_/Y (sky130_fd_sc_hd__xnor2_1)
                                                         _03757_ (net)
                      0.223076    0.000278    6.369768 ^ _11095_/B (sky130_fd_sc_hd__xnor2_1)
     2    0.007012    0.078719    0.124134    6.493902 v _11095_/Y (sky130_fd_sc_hd__xnor2_1)
                                                         _03759_ (net)
                      0.078719    0.000128    6.494030 v _11096_/A_N (sky130_fd_sc_hd__nand2b_1)
     2    0.005936    0.061131    0.169662    6.663692 v _11096_/Y (sky130_fd_sc_hd__nand2b_1)
                                                         _03760_ (net)
                      0.061131    0.000218    6.663909 v _11201_/A2 (sky130_fd_sc_hd__a21oi_1)
     3    0.011343    0.263999    0.262987    6.926896 ^ _11201_/Y (sky130_fd_sc_hd__a21oi_1)
                                                         _03875_ (net)
                      0.263999    0.000187    6.927083 ^ _11203_/A (sky130_fd_sc_hd__nor2_1)
     2    0.007986    0.083402    0.117630    7.044714 v _11203_/Y (sky130_fd_sc_hd__nor2_1)
                                                         _03877_ (net)
                      0.083402    0.000193    7.044907 v _11324_/A (sky130_fd_sc_hd__xnor2_1)
     2    0.011535    0.287058    0.291197    7.336103 ^ _11324_/Y (sky130_fd_sc_hd__xnor2_1)
                                                         _04010_ (net)
                      0.287060    0.000560    7.336664 ^ _11327_/A (sky130_fd_sc_hd__xor2_1)
     2    0.008463    0.211130    0.250162    7.586825 ^ _11327_/X (sky130_fd_sc_hd__xor2_1)
                                                         _04013_ (net)
                      0.211130    0.000294    7.587120 ^ _11329_/B (sky130_fd_sc_hd__xnor2_1)
     2    0.010354    0.263258    0.201188    7.788308 ^ _11329_/Y (sky130_fd_sc_hd__xnor2_1)
                                                         _04016_ (net)
                      0.263259    0.000414    7.788722 ^ _11332_/A (sky130_fd_sc_hd__xnor2_1)
     3    0.011433    0.118266    0.171551    7.960273 v _11332_/Y (sky130_fd_sc_hd__xnor2_1)
                                                         _04019_ (net)
                      0.118266    0.000385    7.960657 v _11589_/B (sky130_fd_sc_hd__nor3b_1)
     2    0.006605    0.258922    0.277847    8.238504 ^ _11589_/Y (sky130_fd_sc_hd__nor3b_1)
                                                         _04299_ (net)
                      0.258922    0.000203    8.238708 ^ _11591_/D_N (sky130_fd_sc_hd__or4bb_4)
     2    0.011861    0.098475    0.515733    8.754441 v _11591_/X (sky130_fd_sc_hd__or4bb_4)
                                                         _04301_ (net)
                      0.098475    0.000371    8.754812 v _11593_/A1 (sky130_fd_sc_hd__a31oi_4)
     4    0.026038    0.253305    0.248695    9.003508 ^ _11593_/Y (sky130_fd_sc_hd__a31oi_4)
                                                         _04303_ (net)
                      0.253432    0.002252    9.005759 ^ _11708_/B (sky130_fd_sc_hd__nor2_1)
     1    0.005581    0.070281    0.089913    9.095672 v _11708_/Y (sky130_fd_sc_hd__nor2_1)
                                                         _04429_ (net)
                      0.070281    0.000200    9.095872 v _11709_/B (sky130_fd_sc_hd__xnor2_1)
     1    0.002640    0.044403    0.127132    9.223004 v _11709_/Y (sky130_fd_sc_hd__xnor2_1)
                                                         _00016_ (net)
                      0.044403    0.000060    9.223064 v _13681_/D (sky130_fd_sc_hd__dfrtp_1)
                                              9.223064   data arrival time

                                 15.000000   15.000000   clock clk (rise edge)
                                  0.000000   15.000000   clock source latency
     1    0.034823    0.162195    0.115248   15.115248 ^ clk (in)
                                                         clk (net)
                      0.162620    0.000000   15.115248 ^ clkbuf_0_clk/A (sky130_fd_sc_hd__clkbuf_16)
     8    0.113161    0.127354    0.234087   15.349335 ^ clkbuf_0_clk/X (sky130_fd_sc_hd__clkbuf_16)
                                                         clknet_0_clk (net)
                      0.127714    0.005420   15.354754 ^ clkbuf_3_0__f_clk/A (sky130_fd_sc_hd__clkbuf_16)
     9    0.040939    0.060705    0.171681   15.526436 ^ clkbuf_3_0__f_clk/X (sky130_fd_sc_hd__clkbuf_16)
                                                         clknet_3_0__leaf_clk (net)
                      0.061052    0.003050   15.529486 ^ _13681_/CLK (sky130_fd_sc_hd__dfrtp_1)
                                 -0.250000   15.279487   clock uncertainty
                                  0.000000   15.279487   clock reconvergence pessimism
                                 -0.110340   15.169147   library setup time
                                             15.169147   data required time
---------------------------------------------------------------------------------------------
                                             15.169147   data required time
                                             -9.223064   data arrival time
---------------------------------------------------------------------------------------------
                                              5.946082   slack (MET)


Startpoint: x0[1] (input port clocked by clk)
Endpoint: _13663_ (rising edge-triggered flip-flop clocked by clk)
Path Group: clk
Path Type: max

Fanout         Cap        Slew       Delay        Time   Description
---------------------------------------------------------------------------------------------
                                  0.000000    0.000000   clock clk (rise edge)
                                  0.000000    0.000000   clock network delay (propagated)
                                  3.000000    3.000000 v input external delay
     1    0.003579    0.010441    0.005761    3.005761 v x0[1] (in)
                                                         x0[1] (net)
                      0.010446    0.000000    3.005761 v input131/A (sky130_fd_sc_hd__buf_4)
     1    0.014239    0.037874    0.129812    3.135573 v input131/X (sky130_fd_sc_hd__buf_4)
                                                         net131 (net)
                      0.037919    0.001190    3.136763 v fanout649/A (sky130_fd_sc_hd__buf_8)
     6    0.036761    0.042268    0.131224    3.267987 v fanout649/X (sky130_fd_sc_hd__buf_8)
                                                         net649 (net)
                      0.042776    0.003523    3.271510 v fanout648/A (sky130_fd_sc_hd__buf_12)
     8    0.050191    0.041693    0.140044    3.411554 v fanout648/X (sky130_fd_sc_hd__buf_12)
                                                         net648 (net)
                      0.041767    0.001308    3.412862 v fanout647/A (sky130_fd_sc_hd__buf_8)
     6    0.029005    0.036519    0.128148    3.541010 v fanout647/X (sky130_fd_sc_hd__buf_8)
                                                         net647 (net)
                      0.036764    0.002113    3.543123 v fanout646/A (sky130_fd_sc_hd__buf_8)
    10    0.034966    0.040409    0.130413    3.673537 v fanout646/X (sky130_fd_sc_hd__buf_8)
                                                         net646 (net)
                      0.040467    0.001361    3.674897 v _08855_/A (sky130_fd_sc_hd__and4_1)
     3    0.008187    0.061183    0.167059    3.841956 v _08855_/X (sky130_fd_sc_hd__and4_1)
                                                         _01321_ (net)
                      0.061183    0.000203    3.842159 v _08857_/B (sky130_fd_sc_hd__or3_4)
     2    0.006332    0.068804    0.370920    4.213079 v _08857_/X (sky130_fd_sc_hd__or3_4)
                                                         _01323_ (net)
                      0.068804    0.000141    4.213220 v _08861_/A2 (sky130_fd_sc_hd__a21o_1)
     3    0.011209    0.067325    0.218683    4.431903 v _08861_/X (sky130_fd_sc_hd__a21o_1)
                                                         _01327_ (net)
                      0.067326    0.000394    4.432297 v _08863_/A1 (sky130_fd_sc_hd__a21o_1)
     3    0.007227    0.052089    0.179907    4.612204 v _08863_/X (sky130_fd_sc_hd__a21o_1)
                                                         _01329_ (net)
                      0.052089    0.000173    4.612376 v _08865_/A (sky130_fd_sc_hd__and3_1)
     2    0.006366    0.052180    0.159218    4.771594 v _08865_/X (sky130_fd_sc_hd__and3_1)
                                                         _01331_ (net)
                      0.052180    0.000210    4.771803 v _08868_/A (sky130_fd_sc_hd__or3_4)
     4    0.017810    0.088813    0.419547    5.191350 v _08868_/X (sky130_fd_sc_hd__or3_4)
                                                         _01334_ (net)
                      0.088813    0.000592    5.191942 v _08871_/A (sky130_fd_sc_hd__and3_4)
     4    0.021850    0.053378    0.191214    5.383155 v _08871_/X (sky130_fd_sc_hd__and3_4)
                                                         _01337_ (net)
                      0.053386    0.000605    5.383761 v _08874_/A1 (sky130_fd_sc_hd__o21a_4)
     2    0.012809    0.044765    0.226490    5.610251 v _08874_/X (sky130_fd_sc_hd__o21a_4)
                                                         _01340_ (net)
                      0.044766    0.000340    5.610591 v _08876_/A2 (sky130_fd_sc_hd__o211a_1)
     3    0.008752    0.065963    0.230882    5.841472 v _08876_/X (sky130_fd_sc_hd__o211a_1)
                                                         _01342_ (net)
                      0.065964    0.000299    5.841771 v _08878_/A (sky130_fd_sc_hd__or3_4)
     2    0.008312    0.072029    0.397668    6.239439 v _08878_/X (sky130_fd_sc_hd__or3_4)
                                                         _01345_ (net)
                      0.072029    0.000278    6.239717 v _08880_/B1 (sky130_fd_sc_hd__o211a_4)
     4    0.014228    0.051804    0.162725    6.402442 v _08880_/X (sky130_fd_sc_hd__o211a_4)
                                                         _01347_ (net)
                      0.051808    0.000487    6.402929 v _08884_/B (sky130_fd_sc_hd__or4_4)
     2    0.010454    0.094936    0.528734    6.931663 v _08884_/X (sky130_fd_sc_hd__or4_4)
                                                         _01351_ (net)
                      0.094936    0.000385    6.932048 v _09024_/A1 (sky130_fd_sc_hd__a211o_4)
     4    0.013439    0.063153    0.356004    7.288053 v _09024_/X (sky130_fd_sc_hd__a211o_4)
                                                         _01504_ (net)
                      0.063153    0.000388    7.288441 v _09027_/A2 (sky130_fd_sc_hd__a211o_1)
     2    0.008193    0.074025    0.323868    7.612309 v _09027_/X (sky130_fd_sc_hd__a211o_1)
                                                         _01507_ (net)
                      0.074025    0.000137    7.612445 v _09029_/A1 (sky130_fd_sc_hd__a211o_1)
     2    0.007430    0.069615    0.287978    7.900423 v _09029_/X (sky130_fd_sc_hd__a211o_1)
                                                         _01510_ (net)
                      0.069615    0.000268    7.900691 v _09031_/B2 (sky130_fd_sc_hd__a2bb2o_4)
     2    0.005838    0.036416    0.209376    8.110066 v _09031_/X (sky130_fd_sc_hd__a2bb2o_4)
                                                         _01512_ (net)
                      0.036416    0.000115    8.110181 v _09191_/A2 (sky130_fd_sc_hd__a21o_1)
     2    0.015666    0.085575    0.221526    8.331707 v _09191_/X (sky130_fd_sc_hd__a21o_1)
                                                         _01686_ (net)
                      0.085580    0.000737    8.332444 v _09351_/A1 (sky130_fd_sc_hd__a21oi_4)
     4    0.018134    0.172429    0.191379    8.523824 ^ _09351_/Y (sky130_fd_sc_hd__a21oi_4)
                                                         _01861_ (net)
                      0.172429    0.000623    8.524446 ^ _09892_/D (sky130_fd_sc_hd__nor4_2)
     2    0.007003    0.058575    0.067971    8.592417 v _09892_/Y (sky130_fd_sc_hd__nor4_2)
                                                         _02450_ (net)
                      0.058575    0.000217    8.592633 v _09897_/C (sky130_fd_sc_hd__or4_1)
     1    0.001902    0.075198    0.451801    9.044435 v _09897_/X (sky130_fd_sc_hd__or4_1)
                                                         _02455_ (net)
                      0.075198    0.000038    9.044473 v _09898_/B (sky130_fd_sc_hd__and2b_1)
     1    0.002391    0.031776    0.161207    9.205680 v _09898_/X (sky130_fd_sc_hd__and2b_1)
                                                         _00057_ (net)
                      0.031776    0.000051    9.205730 v _13663_/D (sky130_fd_sc_hd__dfrtp_1)
                                              9.205730   data arrival time

                                 15.000000   15.000000   clock clk (rise edge)
                                  0.000000   15.000000   clock source latency
     1    0.034823    0.162195    0.115248   15.115248 ^ clk (in)
                                                         clk (net)
                      0.162620    0.000000   15.115248 ^ clkbuf_0_clk/A (sky130_fd_sc_hd__clkbuf_16)
     8    0.113161    0.127354    0.234087   15.349335 ^ clkbuf_0_clk/X (sky130_fd_sc_hd__clkbuf_16)
                                                         clknet_0_clk (net)
                      0.127540    0.003933   15.353268 ^ clkbuf_3_4__f_clk/A (sky130_fd_sc_hd__clkbuf_16)
     7    0.038185    0.058234    0.170131   15.523398 ^ clkbuf_3_4__f_clk/X (sky130_fd_sc_hd__clkbuf_16)
                                                         clknet_3_4__leaf_clk (net)
                      0.058291    0.001453   15.524851 ^ _13663_/CLK (sky130_fd_sc_hd__dfrtp_1)
                                 -0.250000   15.274852   clock uncertainty
                                  0.000000   15.274852   clock reconvergence pessimism
                                 -0.105467   15.169384   library setup time
                                             15.169384   data required time
---------------------------------------------------------------------------------------------
                                             15.169384   data required time
                                             -9.205730   data arrival time
---------------------------------------------------------------------------------------------
                                              5.963654   slack (MET)


Startpoint: x0[1] (input port clocked by clk)
Endpoint: _13647_ (rising edge-triggered flip-flop clocked by clk)
Path Group: clk
Path Type: max

Fanout         Cap        Slew       Delay        Time   Description
---------------------------------------------------------------------------------------------
                                  0.000000    0.000000   clock clk (rise edge)
                                  0.000000    0.000000   clock network delay (propagated)
                                  3.000000    3.000000 v input external delay
     1    0.003579    0.010441    0.005761    3.005761 v x0[1] (in)
                                                         x0[1] (net)
                      0.010446    0.000000    3.005761 v input131/A (sky130_fd_sc_hd__buf_4)
     1    0.014239    0.037874    0.129812    3.135573 v input131/X (sky130_fd_sc_hd__buf_4)
                                                         net131 (net)
                      0.037919    0.001190    3.136763 v fanout649/A (sky130_fd_sc_hd__buf_8)
     6    0.036761    0.042268    0.131224    3.267987 v fanout649/X (sky130_fd_sc_hd__buf_8)
                                                         net649 (net)
                      0.042776    0.003523    3.271510 v fanout648/A (sky130_fd_sc_hd__buf_12)
     8    0.050191    0.041693    0.140044    3.411554 v fanout648/X (sky130_fd_sc_hd__buf_12)
                                                         net648 (net)
                      0.041767    0.001308    3.412862 v fanout647/A (sky130_fd_sc_hd__buf_8)
     6    0.029005    0.036519    0.128148    3.541010 v fanout647/X (sky130_fd_sc_hd__buf_8)
                                                         net647 (net)
                      0.036523    0.000568    3.541578 v fanout645/A (sky130_fd_sc_hd__buf_4)
    10    0.033415    0.057973    0.163304    3.704883 v fanout645/X (sky130_fd_sc_hd__buf_4)
                                                         net645 (net)
                      0.057979    0.000618    3.705500 v _11966_/A1 (sky130_fd_sc_hd__a22o_1)
     2    0.005813    0.053861    0.223329    3.928829 v _11966_/X (sky130_fd_sc_hd__a22o_1)
                                                         _04705_ (net)
                      0.053861    0.000113    3.928942 v _12114_/A3 (sky130_fd_sc_hd__a31o_1)
     2    0.005600    0.049090    0.227911    4.156853 v _12114_/X (sky130_fd_sc_hd__a31o_1)
                                                         _04867_ (net)
                      0.049090    0.000133    4.156986 v _12116_/B (sky130_fd_sc_hd__and3_1)
     3    0.008575    0.061323    0.188919    4.345905 v _12116_/X (sky130_fd_sc_hd__and3_1)
                                                         _04869_ (net)
                      0.061323    0.000203    4.346107 v _12119_/A (sky130_fd_sc_hd__or3_4)
     2    0.006921    0.069844    0.391727    4.737835 v _12119_/X (sky130_fd_sc_hd__or3_4)
                                                         _04873_ (net)
                      0.069844    0.000166    4.738001 v _12129_/A2 (sky130_fd_sc_hd__a21o_1)
     3    0.007840    0.054905    0.205274    4.943275 v _12129_/X (sky130_fd_sc_hd__a21o_1)
                                                         _04884_ (net)
                      0.054905    0.000139    4.943414 v _12131_/A2 (sky130_fd_sc_hd__a21bo_1)
     2    0.004869    0.043192    0.198526    5.141940 v _12131_/X (sky130_fd_sc_hd__a21bo_1)
                                                         _04886_ (net)
                      0.043192    0.000143    5.142083 v _12132_/B (sky130_fd_sc_hd__and3_1)
     4    0.013605    0.081926    0.205871    5.347954 v _12132_/X (sky130_fd_sc_hd__and3_1)
                                                         _04887_ (net)
                      0.081926    0.000351    5.348305 v _12136_/B (sky130_fd_sc_hd__or3_4)
     2    0.012393    0.078359    0.396836    5.745141 v _12136_/X (sky130_fd_sc_hd__or3_4)
                                                         _04891_ (net)
                      0.078359    0.000320    5.745461 v _12279_/A2 (sky130_fd_sc_hd__a211oi_4)
     5    0.017411    0.276447    0.328785    6.074246 ^ _12279_/Y (sky130_fd_sc_hd__a211oi_4)
                                                         _05048_ (net)
                      0.276448    0.000445    6.074691 ^ _12283_/A1 (sky130_fd_sc_hd__o21ai_1)
     2    0.008505    0.101643    0.155726    6.230417 v _12283_/Y (sky130_fd_sc_hd__o21ai_1)
                                                         _05052_ (net)
                      0.101643    0.000199    6.230616 v _12284_/C1 (sky130_fd_sc_hd__o211a_4)
     4    0.015030    0.052896    0.176096    6.406713 v _12284_/X (sky130_fd_sc_hd__o211a_4)
                                                         _05053_ (net)
                      0.052896    0.000308    6.407021 v _12288_/B (sky130_fd_sc_hd__or4_4)
     2    0.010179    0.094347    0.528106    6.935126 v _12288_/X (sky130_fd_sc_hd__or4_4)
                                                         _05058_ (net)
                      0.094436    0.000309    6.935435 v _12426_/A1 (sky130_fd_sc_hd__a211o_4)
     4    0.011856    0.060426    0.351811    7.287247 v _12426_/X (sky130_fd_sc_hd__a211o_4)
                                                         _05208_ (net)
                      0.060426    0.000277    7.287524 v _12429_/A2 (sky130_fd_sc_hd__a211o_1)
     2    0.009794    0.079668    0.331768    7.619292 v _12429_/X (sky130_fd_sc_hd__a211o_1)
                                                         _05212_ (net)
                      0.079668    0.000306    7.619598 v _12431_/A1 (sky130_fd_sc_hd__a211o_1)
     2    0.004947    0.057508    0.275691    7.895290 v _12431_/X (sky130_fd_sc_hd__a211o_1)
                                                         _05214_ (net)
                      0.057508    0.000087    7.895377 v _12433_/B2 (sky130_fd_sc_hd__a22o_1)
     2    0.007693    0.063132    0.223622    8.118999 v _12433_/X (sky130_fd_sc_hd__a22o_1)
                                                         _05216_ (net)
                      0.063132    0.000171    8.119169 v _12593_/A1 (sky130_fd_sc_hd__a21oi_2)
     3    0.011454    0.166306    0.185147    8.304317 ^ _12593_/Y (sky130_fd_sc_hd__a21oi_2)
                                                         _05391_ (net)
                      0.166308    0.000411    8.304728 ^ _12755_/A1 (sky130_fd_sc_hd__o21ba_4)
     3    0.008684    0.048691    0.174556    8.479284 ^ _12755_/X (sky130_fd_sc_hd__o21ba_4)
                                                         _05567_ (net)
                      0.048693    0.000316    8.479600 ^ _13305_/A_N (sky130_fd_sc_hd__and4bb_1)
     2    0.008231    0.063637    0.201077    8.680677 v _13305_/X (sky130_fd_sc_hd__and4bb_1)
                                                         _06168_ (net)
                      0.063637    0.000299    8.680977 v _13310_/A3 (sky130_fd_sc_hd__o31a_4)
     2    0.021493    0.073001    0.313330    8.994307 v _13310_/X (sky130_fd_sc_hd__o31a_4)
                                                         _06174_ (net)
                      0.073133    0.002025    8.996332 v _13424_/B (sky130_fd_sc_hd__nor2_1)
     1    0.005321    0.117024    0.123053    9.119385 ^ _13424_/Y (sky130_fd_sc_hd__nor2_1)
                                                         _06298_ (net)
                      0.117024    0.000128    9.119513 ^ _13425_/B (sky130_fd_sc_hd__xnor2_1)
     1    0.002523    0.110477    0.123472    9.242985 ^ _13425_/Y (sky130_fd_sc_hd__xnor2_1)
                                                         _00030_ (net)
                      0.110477    0.000053    9.243038 ^ _13647_/D (sky130_fd_sc_hd__dfrtp_1)
                                              9.243038   data arrival time

                                 15.000000   15.000000   clock clk (rise edge)
                                  0.000000   15.000000   clock source latency
     1    0.034823    0.162195    0.115248   15.115248 ^ clk (in)
                                                         clk (net)
                      0.162620    0.000000   15.115248 ^ clkbuf_0_clk/A (sky130_fd_sc_hd__clkbuf_16)
     8    0.113161    0.127354    0.234087   15.349335 ^ clkbuf_0_clk/X (sky130_fd_sc_hd__clkbuf_16)
                                                         clknet_0_clk (net)
                      0.127509    0.003601   15.352936 ^ clkbuf_3_5__f_clk/A (sky130_fd_sc_hd__clkbuf_16)
     9    0.047412    0.066663    0.176421   15.529356 ^ clkbuf_3_5__f_clk/X (sky130_fd_sc_hd__clkbuf_16)
                                                         clknet_3_5__leaf_clk (net)
                      0.066690    0.001400   15.530756 ^ _13647_/CLK (sky130_fd_sc_hd__dfrtp_1)
                                 -0.250000   15.280757   clock uncertainty
                                  0.000000   15.280757   clock reconvergence pessimism
                                 -0.071613   15.209143   library setup time
                                             15.209143   data required time
---------------------------------------------------------------------------------------------
                                             15.209143   data required time
                                             -9.243038   data arrival time
---------------------------------------------------------------------------------------------
                                              5.966105   slack (MET)


Startpoint: x0[1] (input port clocked by clk)
Endpoint: _13664_ (rising edge-triggered flip-flop clocked by clk)
Path Group: clk
Path Type: max

Fanout         Cap        Slew       Delay        Time   Description
---------------------------------------------------------------------------------------------
                                  0.000000    0.000000   clock clk (rise edge)
                                  0.000000    0.000000   clock network delay (propagated)
                                  3.000000    3.000000 v input external delay
     1    0.003579    0.010441    0.005761    3.005761 v x0[1] (in)
                                                         x0[1] (net)
                      0.010446    0.000000    3.005761 v input131/A (sky130_fd_sc_hd__buf_4)
     1    0.014239    0.037874    0.129812    3.135573 v input131/X (sky130_fd_sc_hd__buf_4)
                                                         net131 (net)
                      0.037919    0.001190    3.136763 v fanout649/A (sky130_fd_sc_hd__buf_8)
     6    0.036761    0.042268    0.131224    3.267987 v fanout649/X (sky130_fd_sc_hd__buf_8)
                                                         net649 (net)
                      0.042776    0.003523    3.271510 v fanout648/A (sky130_fd_sc_hd__buf_12)
     8    0.050191    0.041693    0.140044    3.411554 v fanout648/X (sky130_fd_sc_hd__buf_12)
                                                         net648 (net)
                      0.041767    0.001308    3.412862 v fanout647/A (sky130_fd_sc_hd__buf_8)
     6    0.029005    0.036519    0.128148    3.541010 v fanout647/X (sky130_fd_sc_hd__buf_8)
                                                         net647 (net)
                      0.036764    0.002113    3.543123 v fanout646/A (sky130_fd_sc_hd__buf_8)
    10    0.034966    0.040409    0.130413    3.673537 v fanout646/X (sky130_fd_sc_hd__buf_8)
                                                         net646 (net)
                      0.040467    0.001361    3.674897 v _08855_/A (sky130_fd_sc_hd__and4_1)
     3    0.008187    0.061183    0.167059    3.841956 v _08855_/X (sky130_fd_sc_hd__and4_1)
                                                         _01321_ (net)
                      0.061183    0.000203    3.842159 v _08857_/B (sky130_fd_sc_hd__or3_4)
     2    0.006332    0.068804    0.370920    4.213079 v _08857_/X (sky130_fd_sc_hd__or3_4)
                                                         _01323_ (net)
                      0.068804    0.000141    4.213220 v _08861_/A2 (sky130_fd_sc_hd__a21o_1)
     3    0.011209    0.067325    0.218683    4.431903 v _08861_/X (sky130_fd_sc_hd__a21o_1)
                                                         _01327_ (net)
                      0.067326    0.000394    4.432297 v _08863_/A1 (sky130_fd_sc_hd__a21o_1)
     3    0.007227    0.052089    0.179907    4.612204 v _08863_/X (sky130_fd_sc_hd__a21o_1)
                                                         _01329_ (net)
                      0.052089    0.000173    4.612376 v _08865_/A (sky130_fd_sc_hd__and3_1)
     2    0.006366    0.052180    0.159218    4.771594 v _08865_/X (sky130_fd_sc_hd__and3_1)
                                                         _01331_ (net)
                      0.052180    0.000210    4.771803 v _08868_/A (sky130_fd_sc_hd__or3_4)
     4    0.017810    0.088813    0.419547    5.191350 v _08868_/X (sky130_fd_sc_hd__or3_4)
                                                         _01334_ (net)
                      0.088813    0.000592    5.191942 v _08871_/A (sky130_fd_sc_hd__and3_4)
     4    0.021850    0.053378    0.191214    5.383155 v _08871_/X (sky130_fd_sc_hd__and3_4)
                                                         _01337_ (net)
                      0.053386    0.000605    5.383761 v _08874_/A1 (sky130_fd_sc_hd__o21a_4)
     2    0.012809    0.044765    0.226490    5.610251 v _08874_/X (sky130_fd_sc_hd__o21a_4)
                                                         _01340_ (net)
                      0.044766    0.000340    5.610591 v _08876_/A2 (sky130_fd_sc_hd__o211a_1)
     3    0.008752    0.065963    0.230882    5.841472 v _08876_/X (sky130_fd_sc_hd__o211a_1)
                                                         _01342_ (net)
                      0.065964    0.000299    5.841771 v _08878_/A (sky130_fd_sc_hd__or3_4)
     2    0.008312    0.072029    0.397668    6.239439 v _08878_/X (sky130_fd_sc_hd__or3_4)
                                                         _01345_ (net)
                      0.072029    0.000278    6.239717 v _08880_/B1 (sky130_fd_sc_hd__o211a_4)
     4    0.014228    0.051804    0.162725    6.402442 v _08880_/X (sky130_fd_sc_hd__o211a_4)
                                                         _01347_ (net)
                      0.051808    0.000487    6.402929 v _08884_/B (sky130_fd_sc_hd__or4_4)
     2    0.010454    0.094936    0.528734    6.931663 v _08884_/X (sky130_fd_sc_hd__or4_4)
                                                         _01351_ (net)
                      0.094936    0.000385    6.932048 v _09024_/A1 (sky130_fd_sc_hd__a211o_4)
     4    0.013439    0.063153    0.356004    7.288053 v _09024_/X (sky130_fd_sc_hd__a211o_4)
                                                         _01504_ (net)
                      0.063153    0.000388    7.288441 v _09027_/A2 (sky130_fd_sc_hd__a211o_1)
     2    0.008193    0.074025    0.323868    7.612309 v _09027_/X (sky130_fd_sc_hd__a211o_1)
                                                         _01507_ (net)
                      0.074025    0.000137    7.612445 v _09029_/A1 (sky130_fd_sc_hd__a211o_1)
     2    0.007430    0.069615    0.287978    7.900423 v _09029_/X (sky130_fd_sc_hd__a211o_1)
                                                         _01510_ (net)
                      0.069615    0.000268    7.900691 v _09031_/B2 (sky130_fd_sc_hd__a2bb2o_4)
     2    0.005838    0.036416    0.209376    8.110066 v _09031_/X (sky130_fd_sc_hd__a2bb2o_4)
                                                         _01512_ (net)
                      0.036416    0.000115    8.110181 v _09191_/A2 (sky130_fd_sc_hd__a21o_1)
     2    0.015666    0.085575    0.221526    8.331707 v _09191_/X (sky130_fd_sc_hd__a21o_1)
                                                         _01686_ (net)
                      0.085580    0.000737    8.332444 v _09351_/A1 (sky130_fd_sc_hd__a21oi_4)
     4    0.018134    0.172429    0.191379    8.523824 ^ _09351_/Y (sky130_fd_sc_hd__a21oi_4)
                                                         _01861_ (net)
                      0.172429    0.000623    8.524446 ^ _09892_/D (sky130_fd_sc_hd__nor4_2)
     2    0.007003    0.058575    0.067971    8.592417 v _09892_/Y (sky130_fd_sc_hd__nor4_2)
                                                         _02450_ (net)
                      0.058576    0.000279    8.592695 v _09896_/A3 (sky130_fd_sc_hd__o31a_1)
     3    0.014276    0.096227    0.294815    8.887510 v _09896_/X (sky130_fd_sc_hd__o31a_1)
                                                         _02454_ (net)
                      0.096228    0.000543    8.888053 v _10006_/B (sky130_fd_sc_hd__nor2_1)
     1    0.006001    0.128398    0.140180    9.028234 ^ _10006_/Y (sky130_fd_sc_hd__nor2_1)
                                                         _02574_ (net)
                      0.128399    0.000175    9.028408 ^ _10007_/B (sky130_fd_sc_hd__xnor2_1)
     1    0.002696    0.113791    0.127542    9.155951 ^ _10007_/Y (sky130_fd_sc_hd__xnor2_1)
                                                         _00058_ (net)
                      0.113791    0.000060    9.156011 ^ _13664_/D (sky130_fd_sc_hd__dfrtp_1)
                                              9.156011   data arrival time

                                 15.000000   15.000000   clock clk (rise edge)
                                  0.000000   15.000000   clock source latency
     1    0.034823    0.162195    0.115248   15.115248 ^ clk (in)
                                                         clk (net)
                      0.162620    0.000000   15.115248 ^ clkbuf_0_clk/A (sky130_fd_sc_hd__clkbuf_16)
     8    0.113161    0.127354    0.234087   15.349335 ^ clkbuf_0_clk/X (sky130_fd_sc_hd__clkbuf_16)
                                                         clknet_0_clk (net)
                      0.127509    0.003601   15.352936 ^ clkbuf_3_5__f_clk/A (sky130_fd_sc_hd__clkbuf_16)
     9    0.047412    0.066663    0.176421   15.529356 ^ clkbuf_3_5__f_clk/X (sky130_fd_sc_hd__clkbuf_16)
                                                         clknet_3_5__leaf_clk (net)
                      0.066946    0.003029   15.532385 ^ _13664_/CLK (sky130_fd_sc_hd__dfrtp_1)
                                 -0.250000   15.282386   clock uncertainty
                                  0.000000   15.282386   clock reconvergence pessimism
                                 -0.072335   15.210051   library setup time
                                             15.210051   data required time
---------------------------------------------------------------------------------------------
                                             15.210051   data required time
                                             -9.156011   data arrival time
---------------------------------------------------------------------------------------------
                                              6.054040   slack (MET)


Startpoint: x1[0] (input port clocked by clk)
Endpoint: _13680_ (rising edge-triggered flip-flop clocked by clk)
Path Group: clk
Path Type: max

Fanout         Cap        Slew       Delay        Time   Description
---------------------------------------------------------------------------------------------
                                  0.000000    0.000000   clock clk (rise edge)
                                  0.000000    0.000000   clock network delay (propagated)
                                  3.000000    3.000000 ^ input external delay
     1    0.003249    0.021673    0.011898    3.011898 ^ x1[0] (in)
                                                         x1[0] (net)
                      0.021673    0.000000    3.011898 ^ input138/A (sky130_fd_sc_hd__clkbuf_1)
     1    0.003051    0.046761    0.074538    3.086436 ^ input138/X (sky130_fd_sc_hd__clkbuf_1)
                                                         net138 (net)
                      0.046761    0.000098    3.086534 ^ fanout597/A (sky130_fd_sc_hd__buf_2)
     5    0.033649    0.167501    0.195621    3.282156 ^ fanout597/X (sky130_fd_sc_hd__buf_2)
                                                         net597 (net)
                      0.167591    0.003202    3.285357 ^ fanout592/A (sky130_fd_sc_hd__buf_2)
     7    0.035310    0.175151    0.240394    3.525751 ^ fanout592/X (sky130_fd_sc_hd__buf_2)
                                                         net592 (net)
                      0.175247    0.003407    3.529158 ^ fanout591/A (sky130_fd_sc_hd__clkbuf_2)
     5    0.025066    0.141568    0.215542    3.744701 ^ fanout591/X (sky130_fd_sc_hd__clkbuf_2)
                                                         net591 (net)
                      0.141573    0.001010    3.745711 ^ fanout588/A (sky130_fd_sc_hd__buf_2)
    10    0.033319    0.166286    0.228285    3.973996 ^ fanout588/X (sky130_fd_sc_hd__buf_2)
                                                         net588 (net)
                      0.166301    0.001700    3.975696 ^ _10922_/A (sky130_fd_sc_hd__and3_1)
     4    0.010712    0.118257    0.228814    4.204510 ^ _10922_/X (sky130_fd_sc_hd__and3_1)
                                                         _03570_ (net)
                      0.118257    0.000139    4.204649 ^ _10925_/A_N (sky130_fd_sc_hd__and4b_1)
     3    0.008676    0.064485    0.233539    4.438189 v _10925_/X (sky130_fd_sc_hd__and4b_1)
                                                         _03573_ (net)
                      0.064485    0.000187    4.438375 v _11082_/B1_N (sky130_fd_sc_hd__o21ba_2)
     5    0.022244    0.137842    0.310035    4.748411 ^ _11082_/X (sky130_fd_sc_hd__o21ba_2)
                                                         _03745_ (net)
                      0.137842    0.000445    4.748856 ^ fanout249/A (sky130_fd_sc_hd__clkbuf_4)
    10    0.040928    0.130995    0.231535    4.980391 ^ fanout249/X (sky130_fd_sc_hd__clkbuf_4)
                                                         net249 (net)
                      0.130996    0.000799    4.981190 ^ _11083_/B (sky130_fd_sc_hd__xor2_1)
     2    0.007632    0.196170    0.218614    5.199804 ^ _11083_/X (sky130_fd_sc_hd__xor2_1)
                                                         _03746_ (net)
                      0.196170    0.000186    5.199990 ^ _11085_/B (sky130_fd_sc_hd__xor2_1)
     2    0.009546    0.230701    0.252391    5.452381 ^ _11085_/X (sky130_fd_sc_hd__xor2_1)
                                                         _03748_ (net)
                      0.230775    0.000357    5.452738 ^ _11087_/B (sky130_fd_sc_hd__xor2_1)
     2    0.008443    0.210756    0.241941    5.694680 ^ _11087_/X (sky130_fd_sc_hd__xor2_1)
                                                         _03750_ (net)
                      0.210756    0.000207    5.694887 ^ _11088_/B (sky130_fd_sc_hd__xor2_1)
     3    0.012204    0.279244    0.289898    5.984785 ^ _11088_/X (sky130_fd_sc_hd__xor2_1)
                                                         _03752_ (net)
                      0.279245    0.000435    5.985219 ^ _11092_/A (sky130_fd_sc_hd__xor2_1)
     1    0.005421    0.157042    0.207888    6.193107 ^ _11092_/X (sky130_fd_sc_hd__xor2_1)
                                                         _03756_ (net)
                      0.157042    0.000135    6.193243 ^ _11093_/B (sky130_fd_sc_hd__xnor2_1)
     2    0.008342    0.223076    0.176247    6.369490 ^ _11093_/Y (sky130_fd_sc_hd__xnor2_1)
                                                         _03757_ (net)
                      0.223076    0.000278    6.369768 ^ _11095_/B (sky130_fd_sc_hd__xnor2_1)
     2    0.007012    0.078719    0.124134    6.493902 v _11095_/Y (sky130_fd_sc_hd__xnor2_1)
                                                         _03759_ (net)
                      0.078719    0.000128    6.494030 v _11096_/A_N (sky130_fd_sc_hd__nand2b_1)
     2    0.005936    0.061131    0.169662    6.663692 v _11096_/Y (sky130_fd_sc_hd__nand2b_1)
                                                         _03760_ (net)
                      0.061131    0.000218    6.663909 v _11201_/A2 (sky130_fd_sc_hd__a21oi_1)
     3    0.011343    0.263999    0.262987    6.926896 ^ _11201_/Y (sky130_fd_sc_hd__a21oi_1)
                                                         _03875_ (net)
                      0.263999    0.000187    6.927083 ^ _11203_/A (sky130_fd_sc_hd__nor2_1)
     2    0.007986    0.083402    0.117630    7.044714 v _11203_/Y (sky130_fd_sc_hd__nor2_1)
                                                         _03877_ (net)
                      0.083402    0.000193    7.044907 v _11324_/A (sky130_fd_sc_hd__xnor2_1)
     2    0.011535    0.287058    0.291197    7.336103 ^ _11324_/Y (sky130_fd_sc_hd__xnor2_1)
                                                         _04010_ (net)
                      0.287060    0.000560    7.336664 ^ _11327_/A (sky130_fd_sc_hd__xor2_1)
     2    0.008463    0.211130    0.250162    7.586825 ^ _11327_/X (sky130_fd_sc_hd__xor2_1)
                                                         _04013_ (net)
                      0.211130    0.000294    7.587120 ^ _11329_/B (sky130_fd_sc_hd__xnor2_1)
     2    0.010354    0.263258    0.201188    7.788308 ^ _11329_/Y (sky130_fd_sc_hd__xnor2_1)
                                                         _04016_ (net)
                      0.263259    0.000414    7.788722 ^ _11332_/A (sky130_fd_sc_hd__xnor2_1)
     3    0.011433    0.118266    0.171551    7.960273 v _11332_/Y (sky130_fd_sc_hd__xnor2_1)
                                                         _04019_ (net)
                      0.118266    0.000385    7.960657 v _11589_/B (sky130_fd_sc_hd__nor3b_1)
     2    0.006605    0.258922    0.277847    8.238504 ^ _11589_/Y (sky130_fd_sc_hd__nor3b_1)
                                                         _04299_ (net)
                      0.258922    0.000203    8.238708 ^ _11591_/D_N (sky130_fd_sc_hd__or4bb_4)
     2    0.011861    0.098475    0.515733    8.754441 v _11591_/X (sky130_fd_sc_hd__or4bb_4)
                                                         _04301_ (net)
                      0.098475    0.000371    8.754812 v _11593_/A1 (sky130_fd_sc_hd__a31oi_4)
     4    0.026038    0.253305    0.248695    9.003508 ^ _11593_/Y (sky130_fd_sc_hd__a31oi_4)
                                                         _04303_ (net)
                      0.253398    0.000401    9.003909 ^ _11595_/A (sky130_fd_sc_hd__nor2_1)
     1    0.003660    0.063644    0.087817    9.091726 v _11595_/Y (sky130_fd_sc_hd__nor2_1)
                                                         _00015_ (net)
                      0.063644    0.000126    9.091852 v _13680_/D (sky130_fd_sc_hd__dfrtp_1)
                                              9.091852   data arrival time

                                 15.000000   15.000000   clock clk (rise edge)
                                  0.000000   15.000000   clock source latency
     1    0.034823    0.162195    0.115248   15.115248 ^ clk (in)
                                                         clk (net)
                      0.162620    0.000000   15.115248 ^ clkbuf_0_clk/A (sky130_fd_sc_hd__clkbuf_16)
     8    0.113161    0.127354    0.234087   15.349335 ^ clkbuf_0_clk/X (sky130_fd_sc_hd__clkbuf_16)
                                                         clknet_0_clk (net)
                      0.127819    0.006139   15.355474 ^ clkbuf_3_2__f_clk/A (sky130_fd_sc_hd__clkbuf_16)
    10    0.035562    0.055795    0.167619   15.523092 ^ clkbuf_3_2__f_clk/X (sky130_fd_sc_hd__clkbuf_16)
                                                         clknet_3_2__leaf_clk (net)
                      0.056315    0.003693   15.526786 ^ _13680_/CLK (sky130_fd_sc_hd__dfrtp_1)
                                 -0.250000   15.276787   clock uncertainty
                                  0.000000   15.276787   clock reconvergence pessimism
                                 -0.119814   15.156973   library setup time
                                             15.156973   data required time
---------------------------------------------------------------------------------------------
                                             15.156973   data required time
                                             -9.091852   data arrival time
---------------------------------------------------------------------------------------------
                                              6.065121   slack (MET)


Startpoint: x0[0] (input port clocked by clk)
Endpoint: _13698_ (rising edge-triggered flip-flop clocked by clk)
Path Group: clk
Path Type: max

Fanout         Cap        Slew       Delay        Time   Description
---------------------------------------------------------------------------------------------
                                  0.000000    0.000000   clock clk (rise edge)
                                  0.000000    0.000000   clock network delay (propagated)
                                  3.000000    3.000000 v input external delay
     1    0.002607    0.008177    0.004116    3.004116 v x0[0] (in)
                                                         x0[0] (net)
                      0.008177    0.000000    3.004116 v input130/A (sky130_fd_sc_hd__clkbuf_2)
     2    0.019110    0.078624    0.130479    3.134595 v input130/X (sky130_fd_sc_hd__clkbuf_2)
                                                         net130 (net)
                      0.078645    0.001259    3.135854 v fanout658/A (sky130_fd_sc_hd__buf_4)
     6    0.033088    0.057852    0.180837    3.316691 v fanout658/X (sky130_fd_sc_hd__buf_4)
                                                         net658 (net)
                      0.057858    0.000796    3.317487 v fanout655/A (sky130_fd_sc_hd__buf_6)
    10    0.042324    0.050558    0.146846    3.464333 v fanout655/X (sky130_fd_sc_hd__buf_6)
                                                         net655 (net)
                      0.050570    0.000652    3.464985 v fanout654/A (sky130_fd_sc_hd__clkbuf_4)
    10    0.034960    0.080936    0.185823    3.650808 v fanout654/X (sky130_fd_sc_hd__clkbuf_4)
                                                         net654 (net)
                      0.080963    0.001384    3.652193 v _06873_/B2 (sky130_fd_sc_hd__a22o_1)
     2    0.006126    0.055356    0.224120    3.876313 v _06873_/X (sky130_fd_sc_hd__a22o_1)
                                                         _01954_ (net)
                      0.055356    0.000144    3.876457 v _07019_/A3 (sky130_fd_sc_hd__a31o_1)
     2    0.005635    0.049269    0.228702    4.105159 v _07019_/X (sky130_fd_sc_hd__a31o_1)
                                                         _03543_ (net)
                      0.049269    0.000122    4.105281 v _07021_/B (sky130_fd_sc_hd__and3_1)
     3    0.008359    0.060633    0.187911    4.293192 v _07021_/X (sky130_fd_sc_hd__and3_1)
                                                         _03565_ (net)
                      0.060633    0.000234    4.293427 v _07023_/B (sky130_fd_sc_hd__or3_1)
     2    0.006193    0.083730    0.370700    4.664126 v _07023_/X (sky130_fd_sc_hd__or3_1)
                                                         _03587_ (net)
                      0.083730    0.000153    4.664280 v _07032_/A1 (sky130_fd_sc_hd__a21o_1)
     3    0.008716    0.058329    0.193367    4.857646 v _07032_/X (sky130_fd_sc_hd__a21o_1)
                                                         _03686_ (net)
                      0.058329    0.000261    4.857907 v _07041_/A2 (sky130_fd_sc_hd__a21o_1)
     3    0.009848    0.061872    0.209732    5.067639 v _07041_/X (sky130_fd_sc_hd__a21o_1)
                                                         _03784_ (net)
                      0.061872    0.000133    5.067772 v _07042_/C (sky130_fd_sc_hd__and3_1)
     2    0.006799    0.054176    0.201230    5.269003 v _07042_/X (sky130_fd_sc_hd__and3_1)
                                                         _03795_ (net)
                      0.054176    0.000250    5.269252 v _07047_/A (sky130_fd_sc_hd__or3_4)
     4    0.016687    0.087545    0.418241    5.687493 v _07047_/X (sky130_fd_sc_hd__or3_4)
                                                         _03850_ (net)
                      0.087545    0.000314    5.687807 v _07048_/A1 (sky130_fd_sc_hd__a211oi_4)
     5    0.020806    0.306593    0.328652    6.016459 ^ _07048_/Y (sky130_fd_sc_hd__a211oi_4)
                                                         _03861_ (net)
                      0.306593    0.000586    6.017045 ^ _07050_/B (sky130_fd_sc_hd__nor3_1)
     2    0.008218    0.094996    0.128063    6.145108 v _07050_/Y (sky130_fd_sc_hd__nor3_1)
                                                         _03882_ (net)
                      0.094996    0.000256    6.145363 v _07186_/A2 (sky130_fd_sc_hd__o211a_1)
     4    0.015241    0.091976    0.277417    6.422780 v _07186_/X (sky130_fd_sc_hd__o211a_1)
                                                         _05363_ (net)
                      0.091977    0.000528    6.423308 v _07190_/B (sky130_fd_sc_hd__or3_4)
     2    0.009683    0.074099    0.392336    6.815644 v _07190_/X (sky130_fd_sc_hd__or3_4)
                                                         _05406_ (net)
                      0.074099    0.000195    6.815840 v _07331_/A1 (sky130_fd_sc_hd__a211o_4)
     4    0.012335    0.061326    0.345172    7.161012 v _07331_/X (sky130_fd_sc_hd__a211o_4)
                                                         _06562_ (net)
                      0.061326    0.000244    7.161255 v _07334_/A1 (sky130_fd_sc_hd__a211o_1)
     2    0.008438    0.075205    0.288984    7.450240 v _07334_/X (sky130_fd_sc_hd__a211o_1)
                                                         _06565_ (net)
                      0.075205    0.000212    7.450452 v _07336_/A2 (sky130_fd_sc_hd__a211o_1)
     2    0.005485    0.060044    0.312174    7.762626 v _07336_/X (sky130_fd_sc_hd__a211o_1)
                                                         _06567_ (net)
                      0.060091    0.000187    7.762813 v _07338_/B2 (sky130_fd_sc_hd__a22o_1)
     2    0.005460    0.052216    0.212530    7.975342 v _07338_/X (sky130_fd_sc_hd__a22o_1)
                                                         _06569_ (net)
                      0.052216    0.000123    7.975465 v _07499_/A1 (sky130_fd_sc_hd__a21o_1)
     2    0.009594    0.060893    0.184301    8.159765 v _07499_/X (sky130_fd_sc_hd__a21o_1)
                                                         _06729_ (net)
                      0.060893    0.000222    8.159987 v _07662_/A1 (sky130_fd_sc_hd__a21oi_2)
     3    0.010272    0.154123    0.174294    8.334282 ^ _07662_/Y (sky130_fd_sc_hd__a21oi_2)
                                                         _00142_ (net)
                      0.154123    0.000306    8.334588 ^ _08204_/A (sky130_fd_sc_hd__nor4b_1)
     1    0.003057    0.054708    0.076175    8.410763 v _08204_/Y (sky130_fd_sc_hd__nor4b_1)
                                                         _00680_ (net)
                      0.054708    0.000100    8.410863 v _08209_/A3 (sky130_fd_sc_hd__o31a_2)
     3    0.024189    0.100737    0.350137    8.761001 v _08209_/X (sky130_fd_sc_hd__o31a_2)
                                                         _00685_ (net)
                      0.100851    0.003062    8.764062 v _08321_/B (sky130_fd_sc_hd__nor2_1)
     1    0.004937    0.111987    0.128981    8.893043 ^ _08321_/Y (sky130_fd_sc_hd__nor2_1)
                                                         _00796_ (net)
                      0.111987    0.000103    8.893146 ^ _08322_/B (sky130_fd_sc_hd__xnor2_1)
     1    0.010443    0.265190    0.182577    9.075723 ^ _08322_/Y (sky130_fd_sc_hd__xnor2_1)
                                                         _00044_ (net)
                      0.265194    0.000772    9.076494 ^ _13698_/D (sky130_fd_sc_hd__dfrtp_1)
                                              9.076494   data arrival time

                                 15.000000   15.000000   clock clk (rise edge)
                                  0.000000   15.000000   clock source latency
     1    0.034823    0.162195    0.115248   15.115248 ^ clk (in)
                                                         clk (net)
                      0.162620    0.000000   15.115248 ^ clkbuf_0_clk/A (sky130_fd_sc_hd__clkbuf_16)
     8    0.113161    0.127354    0.234087   15.349335 ^ clkbuf_0_clk/X (sky130_fd_sc_hd__clkbuf_16)
                                                         clknet_0_clk (net)
                      0.127714    0.005420   15.354754 ^ clkbuf_3_0__f_clk/A (sky130_fd_sc_hd__clkbuf_16)
     9    0.040939    0.060705    0.171681   15.526436 ^ clkbuf_3_0__f_clk/X (sky130_fd_sc_hd__clkbuf_16)
                                                         clknet_3_0__leaf_clk (net)
                      0.061052    0.003054   15.529490 ^ _13698_/CLK (sky130_fd_sc_hd__dfrtp_1)
                                 -0.250000   15.279490   clock uncertainty
                                  0.000000   15.279490   clock reconvergence pessimism
                                 -0.108075   15.171414   library setup time
                                             15.171414   data required time
---------------------------------------------------------------------------------------------
                                             15.171414   data required time
                                             -9.076494   data arrival time
---------------------------------------------------------------------------------------------
                                              6.094920   slack (MET)


Startpoint: x0[1] (input port clocked by clk)
Endpoint: _13662_ (rising edge-triggered flip-flop clocked by clk)
Path Group: clk
Path Type: max

Fanout         Cap        Slew       Delay        Time   Description
---------------------------------------------------------------------------------------------
                                  0.000000    0.000000   clock clk (rise edge)
                                  0.000000    0.000000   clock network delay (propagated)
                                  3.000000    3.000000 v input external delay
     1    0.003579    0.010441    0.005761    3.005761 v x0[1] (in)
                                                         x0[1] (net)
                      0.010446    0.000000    3.005761 v input131/A (sky130_fd_sc_hd__buf_4)
     1    0.014239    0.037874    0.129812    3.135573 v input131/X (sky130_fd_sc_hd__buf_4)
                                                         net131 (net)
                      0.037919    0.001190    3.136763 v fanout649/A (sky130_fd_sc_hd__buf_8)
     6    0.036761    0.042268    0.131224    3.267987 v fanout649/X (sky130_fd_sc_hd__buf_8)
                                                         net649 (net)
                      0.042776    0.003523    3.271510 v fanout648/A (sky130_fd_sc_hd__buf_12)
     8    0.050191    0.041693    0.140044    3.411554 v fanout648/X (sky130_fd_sc_hd__buf_12)
                                                         net648 (net)
                      0.041767    0.001308    3.412862 v fanout647/A (sky130_fd_sc_hd__buf_8)
     6    0.029005    0.036519    0.128148    3.541010 v fanout647/X (sky130_fd_sc_hd__buf_8)
                                                         net647 (net)
                      0.036764    0.002113    3.543123 v fanout646/A (sky130_fd_sc_hd__buf_8)
    10    0.034966    0.040409    0.130413    3.673537 v fanout646/X (sky130_fd_sc_hd__buf_8)
                                                         net646 (net)
                      0.040467    0.001361    3.674897 v _08855_/A (sky130_fd_sc_hd__and4_1)
     3    0.008187    0.061183    0.167059    3.841956 v _08855_/X (sky130_fd_sc_hd__and4_1)
                                                         _01321_ (net)
                      0.061183    0.000203    3.842159 v _08857_/B (sky130_fd_sc_hd__or3_4)
     2    0.006332    0.068804    0.370920    4.213079 v _08857_/X (sky130_fd_sc_hd__or3_4)
                                                         _01323_ (net)
                      0.068804    0.000141    4.213220 v _08861_/A2 (sky130_fd_sc_hd__a21o_1)
     3    0.011209    0.067325    0.218683    4.431903 v _08861_/X (sky130_fd_sc_hd__a21o_1)
                                                         _01327_ (net)
                      0.067326    0.000394    4.432297 v _08863_/A1 (sky130_fd_sc_hd__a21o_1)
     3    0.007227    0.052089    0.179907    4.612204 v _08863_/X (sky130_fd_sc_hd__a21o_1)
                                                         _01329_ (net)
                      0.052089    0.000173    4.612376 v _08865_/A (sky130_fd_sc_hd__and3_1)
     2    0.006366    0.052180    0.159218    4.771594 v _08865_/X (sky130_fd_sc_hd__and3_1)
                                                         _01331_ (net)
                      0.052180    0.000210    4.771803 v _08868_/A (sky130_fd_sc_hd__or3_4)
     4    0.017810    0.088813    0.419547    5.191350 v _08868_/X (sky130_fd_sc_hd__or3_4)
                                                         _01334_ (net)
                      0.088813    0.000592    5.191942 v _08871_/A (sky130_fd_sc_hd__and3_4)
     4    0.021850    0.053378    0.191214    5.383155 v _08871_/X (sky130_fd_sc_hd__and3_4)
                                                         _01337_ (net)
                      0.053386    0.000605    5.383761 v _08874_/A1 (sky130_fd_sc_hd__o21a_4)
     2    0.012809    0.044765    0.226490    5.610251 v _08874_/X (sky130_fd_sc_hd__o21a_4)
                                                         _01340_ (net)
                      0.044766    0.000340    5.610591 v _08876_/A2 (sky130_fd_sc_hd__o211a_1)
     3    0.008752    0.065963    0.230882    5.841472 v _08876_/X (sky130_fd_sc_hd__o211a_1)
                                                         _01342_ (net)
                      0.065964    0.000299    5.841771 v _08878_/A (sky130_fd_sc_hd__or3_4)
     2    0.008312    0.072029    0.397668    6.239439 v _08878_/X (sky130_fd_sc_hd__or3_4)
                                                         _01345_ (net)
                      0.072029    0.000278    6.239717 v _08880_/B1 (sky130_fd_sc_hd__o211a_4)
     4    0.014228    0.051804    0.162725    6.402442 v _08880_/X (sky130_fd_sc_hd__o211a_4)
                                                         _01347_ (net)
                      0.051808    0.000487    6.402929 v _08884_/B (sky130_fd_sc_hd__or4_4)
     2    0.010454    0.094936    0.528734    6.931663 v _08884_/X (sky130_fd_sc_hd__or4_4)
                                                         _01351_ (net)
                      0.094936    0.000385    6.932048 v _09024_/A1 (sky130_fd_sc_hd__a211o_4)
     4    0.013439    0.063153    0.356004    7.288053 v _09024_/X (sky130_fd_sc_hd__a211o_4)
                                                         _01504_ (net)
                      0.063153    0.000393    7.288445 v _09026_/B1 (sky130_fd_sc_hd__o211ai_2)
     4    0.015073    0.232085    0.115001    7.403446 ^ _09026_/Y (sky130_fd_sc_hd__o211ai_2)
                                                         _01506_ (net)
                      0.232085    0.000437    7.403883 ^ _09186_/A2 (sky130_fd_sc_hd__a21oi_1)
     3    0.008363    0.091939    0.140367    7.544250 v _09186_/Y (sky130_fd_sc_hd__a21oi_1)
                                                         _01680_ (net)
                      0.091939    0.000296    7.544546 v _09188_/A (sky130_fd_sc_hd__or2_1)
     2    0.008824    0.075087    0.273367    7.817913 v _09188_/X (sky130_fd_sc_hd__or2_1)
                                                         _01683_ (net)
                      0.075087    0.000329    7.818242 v _09190_/B (sky130_fd_sc_hd__xor2_1)
     2    0.016036    0.349370    0.315134    8.133375 ^ _09190_/X (sky130_fd_sc_hd__xor2_1)
                                                         _01685_ (net)
                      0.349370    0.000349    8.133724 ^ _09351_/A2 (sky130_fd_sc_hd__a21oi_4)
     4    0.016564    0.084567    0.122908    8.256632 v _09351_/Y (sky130_fd_sc_hd__a21oi_4)
                                                         _01861_ (net)
                      0.084568    0.000679    8.257311 v _09640_/B (sky130_fd_sc_hd__or3_1)
     2    0.005713    0.080955    0.375239    8.632549 v _09640_/X (sky130_fd_sc_hd__or3_1)
                                                         _02176_ (net)
                      0.080955    0.000115    8.632665 v _09642_/A1 (sky130_fd_sc_hd__a21o_1)
     2    0.006040    0.046747    0.180140    8.812805 v _09642_/X (sky130_fd_sc_hd__a21o_1)
                                                         _02178_ (net)
                      0.046747    0.000123    8.812928 v _09771_/B1 (sky130_fd_sc_hd__o21a_1)
     1    0.005684    0.047979    0.112693    8.925621 v _09771_/X (sky130_fd_sc_hd__o21a_1)
                                                         _02319_ (net)
                      0.047979    0.000205    8.925827 v _09772_/B (sky130_fd_sc_hd__xnor2_1)
     1    0.003090    0.063368    0.120191    9.046018 v _09772_/Y (sky130_fd_sc_hd__xnor2_1)
                                                         _00056_ (net)
                      0.063368    0.000078    9.046096 v _13662_/D (sky130_fd_sc_hd__dfrtp_1)
                                              9.046096   data arrival time

                                 15.000000   15.000000   clock clk (rise edge)
                                  0.000000   15.000000   clock source latency
     1    0.034823    0.162195    0.115248   15.115248 ^ clk (in)
                                                         clk (net)
                      0.162620    0.000000   15.115248 ^ clkbuf_0_clk/A (sky130_fd_sc_hd__clkbuf_16)
     8    0.113161    0.127354    0.234087   15.349335 ^ clkbuf_0_clk/X (sky130_fd_sc_hd__clkbuf_16)
                                                         clknet_0_clk (net)
                      0.127540    0.003933   15.353268 ^ clkbuf_3_4__f_clk/A (sky130_fd_sc_hd__clkbuf_16)
     7    0.038185    0.058234    0.170131   15.523398 ^ clkbuf_3_4__f_clk/X (sky130_fd_sc_hd__clkbuf_16)
                                                         clknet_3_4__leaf_clk (net)
                      0.058289    0.001439   15.524837 ^ _13662_/CLK (sky130_fd_sc_hd__dfrtp_1)
                                 -0.250000   15.274837   clock uncertainty
                                  0.000000   15.274837   clock reconvergence pessimism
                                 -0.119240   15.155598   library setup time
                                             15.155598   data required time
---------------------------------------------------------------------------------------------
                                             15.155598   data required time
                                             -9.046096   data arrival time
---------------------------------------------------------------------------------------------
                                              6.109502   slack (MET)


Startpoint: x0[1] (input port clocked by clk)
Endpoint: _13646_ (rising edge-triggered flip-flop clocked by clk)
Path Group: clk
Path Type: max

Fanout         Cap        Slew       Delay        Time   Description
---------------------------------------------------------------------------------------------
                                  0.000000    0.000000   clock clk (rise edge)
                                  0.000000    0.000000   clock network delay (propagated)
                                  3.000000    3.000000 v input external delay
     1    0.003579    0.010441    0.005761    3.005761 v x0[1] (in)
                                                         x0[1] (net)
                      0.010446    0.000000    3.005761 v input131/A (sky130_fd_sc_hd__buf_4)
     1    0.014239    0.037874    0.129812    3.135573 v input131/X (sky130_fd_sc_hd__buf_4)
                                                         net131 (net)
                      0.037919    0.001190    3.136763 v fanout649/A (sky130_fd_sc_hd__buf_8)
     6    0.036761    0.042268    0.131224    3.267987 v fanout649/X (sky130_fd_sc_hd__buf_8)
                                                         net649 (net)
                      0.042776    0.003523    3.271510 v fanout648/A (sky130_fd_sc_hd__buf_12)
     8    0.050191    0.041693    0.140044    3.411554 v fanout648/X (sky130_fd_sc_hd__buf_12)
                                                         net648 (net)
                      0.041767    0.001308    3.412862 v fanout647/A (sky130_fd_sc_hd__buf_8)
     6    0.029005    0.036519    0.128148    3.541010 v fanout647/X (sky130_fd_sc_hd__buf_8)
                                                         net647 (net)
                      0.036523    0.000568    3.541578 v fanout645/A (sky130_fd_sc_hd__buf_4)
    10    0.033415    0.057973    0.163304    3.704883 v fanout645/X (sky130_fd_sc_hd__buf_4)
                                                         net645 (net)
                      0.057979    0.000618    3.705500 v _11966_/A1 (sky130_fd_sc_hd__a22o_1)
     2    0.005813    0.053861    0.223329    3.928829 v _11966_/X (sky130_fd_sc_hd__a22o_1)
                                                         _04705_ (net)
                      0.053861    0.000113    3.928942 v _12114_/A3 (sky130_fd_sc_hd__a31o_1)
     2    0.005600    0.049090    0.227911    4.156853 v _12114_/X (sky130_fd_sc_hd__a31o_1)
                                                         _04867_ (net)
                      0.049090    0.000133    4.156986 v _12116_/B (sky130_fd_sc_hd__and3_1)
     3    0.008575    0.061323    0.188919    4.345905 v _12116_/X (sky130_fd_sc_hd__and3_1)
                                                         _04869_ (net)
                      0.061323    0.000203    4.346107 v _12119_/A (sky130_fd_sc_hd__or3_4)
     2    0.006921    0.069844    0.391727    4.737835 v _12119_/X (sky130_fd_sc_hd__or3_4)
                                                         _04873_ (net)
                      0.069844    0.000166    4.738001 v _12129_/A2 (sky130_fd_sc_hd__a21o_1)
     3    0.007840    0.054905    0.205274    4.943275 v _12129_/X (sky130_fd_sc_hd__a21o_1)
                                                         _04884_ (net)
                      0.054905    0.000139    4.943414 v _12131_/A2 (sky130_fd_sc_hd__a21bo_1)
     2    0.004869    0.043192    0.198526    5.141940 v _12131_/X (sky130_fd_sc_hd__a21bo_1)
                                                         _04886_ (net)
                      0.043192    0.000143    5.142083 v _12132_/B (sky130_fd_sc_hd__and3_1)
     4    0.013605    0.081926    0.205871    5.347954 v _12132_/X (sky130_fd_sc_hd__and3_1)
                                                         _04887_ (net)
                      0.081926    0.000351    5.348305 v _12136_/B (sky130_fd_sc_hd__or3_4)
     2    0.012393    0.078359    0.396836    5.745141 v _12136_/X (sky130_fd_sc_hd__or3_4)
                                                         _04891_ (net)
                      0.078359    0.000320    5.745461 v _12279_/A2 (sky130_fd_sc_hd__a211oi_4)
     5    0.017411    0.276447    0.328785    6.074246 ^ _12279_/Y (sky130_fd_sc_hd__a211oi_4)
                                                         _05048_ (net)
                      0.276448    0.000445    6.074691 ^ _12283_/A1 (sky130_fd_sc_hd__o21ai_1)
     2    0.008505    0.101643    0.155726    6.230417 v _12283_/Y (sky130_fd_sc_hd__o21ai_1)
                                                         _05052_ (net)
                      0.101643    0.000199    6.230616 v _12284_/C1 (sky130_fd_sc_hd__o211a_4)
     4    0.015030    0.052896    0.176096    6.406713 v _12284_/X (sky130_fd_sc_hd__o211a_4)
                                                         _05053_ (net)
                      0.052896    0.000308    6.407021 v _12288_/B (sky130_fd_sc_hd__or4_4)
     2    0.010179    0.094347    0.528106    6.935126 v _12288_/X (sky130_fd_sc_hd__or4_4)
                                                         _05058_ (net)
                      0.094436    0.000309    6.935435 v _12426_/A1 (sky130_fd_sc_hd__a211o_4)
     4    0.011856    0.060426    0.351811    7.287247 v _12426_/X (sky130_fd_sc_hd__a211o_4)
                                                         _05208_ (net)
                      0.060426    0.000277    7.287524 v _12429_/A2 (sky130_fd_sc_hd__a211o_1)
     2    0.009794    0.079668    0.331768    7.619292 v _12429_/X (sky130_fd_sc_hd__a211o_1)
                                                         _05212_ (net)
                      0.079668    0.000306    7.619598 v _12431_/A1 (sky130_fd_sc_hd__a211o_1)
     2    0.004947    0.057508    0.275691    7.895290 v _12431_/X (sky130_fd_sc_hd__a211o_1)
                                                         _05214_ (net)
                      0.057508    0.000087    7.895377 v _12433_/B2 (sky130_fd_sc_hd__a22o_1)
     2    0.007693    0.063132    0.223622    8.118999 v _12433_/X (sky130_fd_sc_hd__a22o_1)
                                                         _05216_ (net)
                      0.063132    0.000171    8.119169 v _12593_/A1 (sky130_fd_sc_hd__a21oi_2)
     3    0.011454    0.166306    0.185147    8.304317 ^ _12593_/Y (sky130_fd_sc_hd__a21oi_2)
                                                         _05391_ (net)
                      0.166308    0.000411    8.304728 ^ _12755_/A1 (sky130_fd_sc_hd__o21ba_4)
     3    0.008684    0.048691    0.174556    8.479284 ^ _12755_/X (sky130_fd_sc_hd__o21ba_4)
                                                         _05567_ (net)
                      0.048693    0.000316    8.479600 ^ _13305_/A_N (sky130_fd_sc_hd__and4bb_1)
     2    0.008231    0.063637    0.201077    8.680677 v _13305_/X (sky130_fd_sc_hd__and4bb_1)
                                                         _06168_ (net)
                      0.063637    0.000224    8.680902 v _13309_/B (sky130_fd_sc_hd__nor3_1)
     1    0.006186    0.231046    0.235891    8.916793 ^ _13309_/Y (sky130_fd_sc_hd__nor3_1)
                                                         _06173_ (net)
                      0.231047    0.000239    8.917032 ^ _13311_/B (sky130_fd_sc_hd__xnor2_1)
     1    0.004456    0.147036    0.159504    9.076536 ^ _13311_/Y (sky130_fd_sc_hd__xnor2_1)
                                                         _00029_ (net)
                      0.147036    0.000143    9.076679 ^ _13646_/D (sky130_fd_sc_hd__dfrtp_1)
                                              9.076679   data arrival time

                                 15.000000   15.000000   clock clk (rise edge)
                                  0.000000   15.000000   clock source latency
     1    0.034823    0.162195    0.115248   15.115248 ^ clk (in)
                                                         clk (net)
                      0.162620    0.000000   15.115248 ^ clkbuf_0_clk/A (sky130_fd_sc_hd__clkbuf_16)
     8    0.113161    0.127354    0.234087   15.349335 ^ clkbuf_0_clk/X (sky130_fd_sc_hd__clkbuf_16)
                                                         clknet_0_clk (net)
                      0.127740    0.005604   15.354939 ^ clkbuf_3_6__f_clk/A (sky130_fd_sc_hd__clkbuf_16)
    10    0.030191    0.051358    0.164231   15.519171 ^ clkbuf_3_6__f_clk/X (sky130_fd_sc_hd__clkbuf_16)
                                                         clknet_3_6__leaf_clk (net)
                      0.051376    0.001165   15.520336 ^ _13646_/CLK (sky130_fd_sc_hd__dfrtp_1)
                                 -0.250000   15.270336   clock uncertainty
                                  0.000000   15.270336   clock reconvergence pessimism
                                 -0.082400   15.187937   library setup time
                                             15.187937   data required time
---------------------------------------------------------------------------------------------
                                             15.187937   data required time
                                             -9.076679   data arrival time
---------------------------------------------------------------------------------------------
                                              6.111258   slack (MET)


Startpoint: x0[1] (input port clocked by clk)
Endpoint: _13644_ (rising edge-triggered flip-flop clocked by clk)
Path Group: clk
Path Type: max

Fanout         Cap        Slew       Delay        Time   Description
---------------------------------------------------------------------------------------------
                                  0.000000    0.000000   clock clk (rise edge)
                                  0.000000    0.000000   clock network delay (propagated)
                                  3.000000    3.000000 v input external delay
     1    0.003579    0.010441    0.005761    3.005761 v x0[1] (in)
                                                         x0[1] (net)
                      0.010446    0.000000    3.005761 v input131/A (sky130_fd_sc_hd__buf_4)
     1    0.014239    0.037874    0.129812    3.135573 v input131/X (sky130_fd_sc_hd__buf_4)
                                                         net131 (net)
                      0.037919    0.001190    3.136763 v fanout649/A (sky130_fd_sc_hd__buf_8)
     6    0.036761    0.042268    0.131224    3.267987 v fanout649/X (sky130_fd_sc_hd__buf_8)
                                                         net649 (net)
                      0.042776    0.003523    3.271510 v fanout648/A (sky130_fd_sc_hd__buf_12)
     8    0.050191    0.041693    0.140044    3.411554 v fanout648/X (sky130_fd_sc_hd__buf_12)
                                                         net648 (net)
                      0.041767    0.001308    3.412862 v fanout647/A (sky130_fd_sc_hd__buf_8)
     6    0.029005    0.036519    0.128148    3.541010 v fanout647/X (sky130_fd_sc_hd__buf_8)
                                                         net647 (net)
                      0.036523    0.000568    3.541578 v fanout645/A (sky130_fd_sc_hd__buf_4)
    10    0.033415    0.057973    0.163304    3.704883 v fanout645/X (sky130_fd_sc_hd__buf_4)
                                                         net645 (net)
                      0.057979    0.000618    3.705500 v _11966_/A1 (sky130_fd_sc_hd__a22o_1)
     2    0.005813    0.053861    0.223329    3.928829 v _11966_/X (sky130_fd_sc_hd__a22o_1)
                                                         _04705_ (net)
                      0.053861    0.000113    3.928942 v _12114_/A3 (sky130_fd_sc_hd__a31o_1)
     2    0.005600    0.049090    0.227911    4.156853 v _12114_/X (sky130_fd_sc_hd__a31o_1)
                                                         _04867_ (net)
                      0.049090    0.000133    4.156986 v _12116_/B (sky130_fd_sc_hd__and3_1)
     3    0.008575    0.061323    0.188919    4.345905 v _12116_/X (sky130_fd_sc_hd__and3_1)
                                                         _04869_ (net)
                      0.061323    0.000203    4.346107 v _12119_/A (sky130_fd_sc_hd__or3_4)
     2    0.006921    0.069844    0.391727    4.737835 v _12119_/X (sky130_fd_sc_hd__or3_4)
                                                         _04873_ (net)
                      0.069844    0.000166    4.738001 v _12129_/A2 (sky130_fd_sc_hd__a21o_1)
     3    0.007840    0.054905    0.205274    4.943275 v _12129_/X (sky130_fd_sc_hd__a21o_1)
                                                         _04884_ (net)
                      0.054905    0.000139    4.943414 v _12131_/A2 (sky130_fd_sc_hd__a21bo_1)
     2    0.004869    0.043192    0.198526    5.141940 v _12131_/X (sky130_fd_sc_hd__a21bo_1)
                                                         _04886_ (net)
                      0.043192    0.000143    5.142083 v _12132_/B (sky130_fd_sc_hd__and3_1)
     4    0.013605    0.081926    0.205871    5.347954 v _12132_/X (sky130_fd_sc_hd__and3_1)
                                                         _04887_ (net)
                      0.081926    0.000351    5.348305 v _12136_/B (sky130_fd_sc_hd__or3_4)
     2    0.012393    0.078359    0.396836    5.745141 v _12136_/X (sky130_fd_sc_hd__or3_4)
                                                         _04891_ (net)
                      0.078359    0.000320    5.745461 v _12279_/A2 (sky130_fd_sc_hd__a211oi_4)
     5    0.017411    0.276447    0.328785    6.074246 ^ _12279_/Y (sky130_fd_sc_hd__a211oi_4)
                                                         _05048_ (net)
                      0.276448    0.000445    6.074691 ^ _12283_/A1 (sky130_fd_sc_hd__o21ai_1)
     2    0.008505    0.101643    0.155726    6.230417 v _12283_/Y (sky130_fd_sc_hd__o21ai_1)
                                                         _05052_ (net)
                      0.101643    0.000199    6.230616 v _12284_/C1 (sky130_fd_sc_hd__o211a_4)
     4    0.015030    0.052896    0.176096    6.406713 v _12284_/X (sky130_fd_sc_hd__o211a_4)
                                                         _05053_ (net)
                      0.052896    0.000308    6.407021 v _12288_/B (sky130_fd_sc_hd__or4_4)
     2    0.010179    0.094347    0.528106    6.935126 v _12288_/X (sky130_fd_sc_hd__or4_4)
                                                         _05058_ (net)
                      0.094436    0.000309    6.935435 v _12426_/A1 (sky130_fd_sc_hd__a211o_4)
     4    0.011856    0.060426    0.351811    7.287247 v _12426_/X (sky130_fd_sc_hd__a211o_4)
                                                         _05208_ (net)
                      0.060426    0.000277    7.287524 v _12429_/A2 (sky130_fd_sc_hd__a211o_1)
     2    0.009794    0.079668    0.331768    7.619292 v _12429_/X (sky130_fd_sc_hd__a211o_1)
                                                         _05212_ (net)
                      0.079668    0.000306    7.619598 v _12431_/A1 (sky130_fd_sc_hd__a211o_1)
     2    0.004947    0.057508    0.275691    7.895290 v _12431_/X (sky130_fd_sc_hd__a211o_1)
                                                         _05214_ (net)
                      0.057508    0.000087    7.895377 v _12433_/B2 (sky130_fd_sc_hd__a22o_1)
     2    0.007693    0.063132    0.223622    8.118999 v _12433_/X (sky130_fd_sc_hd__a22o_1)
                                                         _05216_ (net)
                      0.063132    0.000171    8.119169 v _12593_/A1 (sky130_fd_sc_hd__a21oi_2)
     3    0.011454    0.166306    0.185147    8.304317 ^ _12593_/Y (sky130_fd_sc_hd__a21oi_2)
                                                         _05391_ (net)
                      0.166308    0.000411    8.304728 ^ _12755_/A1 (sky130_fd_sc_hd__o21ba_4)
     3    0.008684    0.048691    0.174556    8.479284 ^ _12755_/X (sky130_fd_sc_hd__o21ba_4)
                                                         _05567_ (net)
                      0.048693    0.000317    8.479601 ^ _12756_/B (sky130_fd_sc_hd__nor2_1)
     3    0.008103    0.049124    0.055064    8.534666 v _12756_/Y (sky130_fd_sc_hd__nor2_1)
                                                         _05568_ (net)
                      0.049124    0.000171    8.534837 v _13044_/A1_N (sky130_fd_sc_hd__o2bb2a_1)
     2    0.005443    0.069958    0.252529    8.787366 ^ _13044_/X (sky130_fd_sc_hd__o2bb2a_1)
                                                         _05883_ (net)
                      0.069958    0.000159    8.787525 ^ _13045_/A_N (sky130_fd_sc_hd__and2b_1)
     2    0.004043    0.039026    0.182114    8.969639 v _13045_/X (sky130_fd_sc_hd__and2b_1)
                                                         _05884_ (net)
                      0.039026    0.000070    8.969708 v _13047_/A (sky130_fd_sc_hd__nor2_1)
     1    0.003252    0.083035    0.099646    9.069354 ^ _13047_/Y (sky130_fd_sc_hd__nor2_1)
                                                         _00027_ (net)
                      0.083035    0.000083    9.069438 ^ _13644_/D (sky130_fd_sc_hd__dfrtp_1)
                                              9.069438   data arrival time

                                 15.000000   15.000000   clock clk (rise edge)
                                  0.000000   15.000000   clock source latency
     1    0.034823    0.162195    0.115248   15.115248 ^ clk (in)
                                                         clk (net)
                      0.162620    0.000000   15.115248 ^ clkbuf_0_clk/A (sky130_fd_sc_hd__clkbuf_16)
     8    0.113161    0.127354    0.234087   15.349335 ^ clkbuf_0_clk/X (sky130_fd_sc_hd__clkbuf_16)
                                                         clknet_0_clk (net)
                      0.127540    0.003933   15.353268 ^ clkbuf_3_4__f_clk/A (sky130_fd_sc_hd__clkbuf_16)
     7    0.038185    0.058234    0.170131   15.523398 ^ clkbuf_3_4__f_clk/X (sky130_fd_sc_hd__clkbuf_16)
                                                         clknet_3_4__leaf_clk (net)
                      0.058310    0.001695   15.525093 ^ _13644_/CLK (sky130_fd_sc_hd__dfrtp_1)
                                 -0.250000   15.275094   clock uncertainty
                                  0.000000   15.275094   clock reconvergence pessimism
                                 -0.066585   15.208508   library setup time
                                             15.208508   data required time
---------------------------------------------------------------------------------------------
                                             15.208508   data required time
                                             -9.069438   data arrival time
---------------------------------------------------------------------------------------------
                                              6.139071   slack (MET)


Startpoint: x0[0] (input port clocked by clk)
Endpoint: _13697_ (rising edge-triggered flip-flop clocked by clk)
Path Group: clk
Path Type: max

Fanout         Cap        Slew       Delay        Time   Description
---------------------------------------------------------------------------------------------
                                  0.000000    0.000000   clock clk (rise edge)
                                  0.000000    0.000000   clock network delay (propagated)
                                  3.000000    3.000000 v input external delay
     1    0.002607    0.008177    0.004116    3.004116 v x0[0] (in)
                                                         x0[0] (net)
                      0.008177    0.000000    3.004116 v input130/A (sky130_fd_sc_hd__clkbuf_2)
     2    0.019110    0.078624    0.130479    3.134595 v input130/X (sky130_fd_sc_hd__clkbuf_2)
                                                         net130 (net)
                      0.078709    0.001732    3.136326 v fanout653/A (sky130_fd_sc_hd__clkbuf_4)
     6    0.041842    0.093061    0.208502    3.344828 v fanout653/X (sky130_fd_sc_hd__clkbuf_4)
                                                         net653 (net)
                      0.093083    0.001393    3.346221 v fanout650/A (sky130_fd_sc_hd__buf_4)
    10    0.050617    0.079147    0.204899    3.551120 v fanout650/X (sky130_fd_sc_hd__buf_4)
                                                         net650 (net)
                      0.079661    0.005000    3.556119 v _07623_/A (sky130_fd_sc_hd__and3_1)
     3    0.008404    0.060794    0.181069    3.737188 v _07623_/X (sky130_fd_sc_hd__and3_1)
                                                         _00103_ (net)
                      0.060794    0.000246    3.737434 v _07627_/B (sky130_fd_sc_hd__or4_1)
     3    0.009467    0.125650    0.560851    4.298285 v _07627_/X (sky130_fd_sc_hd__or4_1)
                                                         _00107_ (net)
                      0.125703    0.000234    4.298520 v _07630_/A2 (sky130_fd_sc_hd__a21o_1)
     3    0.009668    0.061237    0.235467    4.533987 v _07630_/X (sky130_fd_sc_hd__a21o_1)
                                                         _00110_ (net)
                      0.061237    0.000253    4.534239 v _07632_/A2 (sky130_fd_sc_hd__a21o_1)
     2    0.008215    0.056700    0.203512    4.737751 v _07632_/X (sky130_fd_sc_hd__a21o_1)
                                                         _00112_ (net)
                      0.056702    0.000378    4.738130 v _07635_/A2 (sky130_fd_sc_hd__a21o_1)
     3    0.010130    0.063000    0.210093    4.948223 v _07635_/X (sky130_fd_sc_hd__a21o_1)
                                                         _00115_ (net)
                      0.063000    0.000246    4.948469 v _07637_/A2 (sky130_fd_sc_hd__a21o_1)
     3    0.010968    0.066330    0.215491    5.163960 v _07637_/X (sky130_fd_sc_hd__a21o_1)
                                                         _00117_ (net)
                      0.066332    0.000518    5.164478 v _07640_/A2 (sky130_fd_sc_hd__a211o_1)
     3    0.007742    0.071596    0.322346    5.486824 v _07640_/X (sky130_fd_sc_hd__a211o_1)
                                                         _00120_ (net)
                      0.071596    0.000223    5.487047 v _07641_/C (sky130_fd_sc_hd__and3_1)
     2    0.008343    0.060590    0.213221    5.700268 v _07641_/X (sky130_fd_sc_hd__and3_1)
                                                         _00121_ (net)
                      0.060590    0.000226    5.700493 v _07643_/B1 (sky130_fd_sc_hd__a211o_1)
     3    0.008821    0.075984    0.303187    6.003680 v _07643_/X (sky130_fd_sc_hd__a211o_1)
                                                         _00123_ (net)
                      0.075984    0.000323    6.004004 v _07646_/A1 (sky130_fd_sc_hd__a21o_1)
     2    0.010177    0.063182    0.196075    6.200078 v _07646_/X (sky130_fd_sc_hd__a21o_1)
                                                         _00126_ (net)
                      0.063184    0.000415    6.200494 v _07648_/A2 (sky130_fd_sc_hd__a211o_1)
     3    0.010832    0.083789    0.337266    6.537759 v _07648_/X (sky130_fd_sc_hd__a211o_1)
                                                         _00128_ (net)
                      0.083790    0.000487    6.538247 v _07650_/A2 (sky130_fd_sc_hd__a21o_1)
     2    0.010013    0.062524    0.220275    6.758522 v _07650_/X (sky130_fd_sc_hd__a21o_1)
                                                         _00130_ (net)
                      0.062525    0.000341    6.758863 v _07652_/A2 (sky130_fd_sc_hd__a211o_1)
     3    0.009855    0.079859    0.332856    7.091719 v _07652_/X (sky130_fd_sc_hd__a211o_1)
                                                         _00132_ (net)
                      0.079859    0.000295    7.092014 v _07654_/A2 (sky130_fd_sc_hd__a21o_1)
     2    0.006344    0.048106    0.202190    7.294204 v _07654_/X (sky130_fd_sc_hd__a21o_1)
                                                         _00134_ (net)
                      0.048106    0.000169    7.294373 v _07655_/C1 (sky130_fd_sc_hd__o211a_1)
     3    0.006762    0.056520    0.124341    7.418714 v _07655_/X (sky130_fd_sc_hd__o211a_1)
                                                         _00135_ (net)
                      0.056520    0.000122    7.418836 v _07657_/B (sky130_fd_sc_hd__or3_1)
     2    0.005927    0.082174    0.367285    7.786121 v _07657_/X (sky130_fd_sc_hd__or3_1)
                                                         _00137_ (net)
                      0.082174    0.000122    7.786243 v _07659_/B (sky130_fd_sc_hd__and3_1)
     4    0.009663    0.065564    0.208299    7.994542 v _07659_/X (sky130_fd_sc_hd__and3_1)
                                                         _00139_ (net)
                      0.065564    0.000183    7.994725 v _07663_/A (sky130_fd_sc_hd__or3_1)
     2    0.005585    0.080216    0.391000    8.385725 v _07663_/X (sky130_fd_sc_hd__or3_1)
                                                         _00143_ (net)
                      0.080216    0.000119    8.385844 v _07950_/A1 (sky130_fd_sc_hd__o21a_1)
     3    0.012157    0.076289    0.235921    8.621765 v _07950_/X (sky130_fd_sc_hd__o21a_1)
                                                         _00428_ (net)
                      0.076290    0.000435    8.622200 v _08208_/A1 (sky130_fd_sc_hd__o21a_1)
     1    0.005531    0.047347    0.204864    8.827064 v _08208_/X (sky130_fd_sc_hd__o21a_1)
                                                         _00684_ (net)
                      0.047347    0.000195    8.827259 v _08210_/B (sky130_fd_sc_hd__xnor2_1)
     1    0.005538    0.167966    0.168805    8.996064 ^ _08210_/Y (sky130_fd_sc_hd__xnor2_1)
                                                         _00043_ (net)
                      0.167966    0.000234    8.996299 ^ _13697_/D (sky130_fd_sc_hd__dfrtp_1)
                                              8.996299   data arrival time

                                 15.000000   15.000000   clock clk (rise edge)
                                  0.000000   15.000000   clock source latency
     1    0.034823    0.162195    0.115248   15.115248 ^ clk (in)
                                                         clk (net)
                      0.162620    0.000000   15.115248 ^ clkbuf_0_clk/A (sky130_fd_sc_hd__clkbuf_16)
     8    0.113161    0.127354    0.234087   15.349335 ^ clkbuf_0_clk/X (sky130_fd_sc_hd__clkbuf_16)
                                                         clknet_0_clk (net)
                      0.127686    0.005208   15.354543 ^ clkbuf_3_3__f_clk/A (sky130_fd_sc_hd__clkbuf_16)
    10    0.031963    0.052824    0.165569   15.520112 ^ clkbuf_3_3__f_clk/X (sky130_fd_sc_hd__clkbuf_16)
                                                         clknet_3_3__leaf_clk (net)
                      0.052830    0.001087   15.521199 ^ _13697_/CLK (sky130_fd_sc_hd__dfrtp_1)
                                 -0.250000   15.271200   clock uncertainty
                                  0.000000   15.271200   clock reconvergence pessimism
                                 -0.086998   15.184203   library setup time
                                             15.184203   data required time
---------------------------------------------------------------------------------------------
                                             15.184203   data required time
                                             -8.996299   data arrival time
---------------------------------------------------------------------------------------------
                                              6.187904   slack (MET)


Startpoint: x0[0] (input port clocked by clk)
Endpoint: _13696_ (rising edge-triggered flip-flop clocked by clk)
Path Group: clk
Path Type: max

Fanout         Cap        Slew       Delay        Time   Description
---------------------------------------------------------------------------------------------
                                  0.000000    0.000000   clock clk (rise edge)
                                  0.000000    0.000000   clock network delay (propagated)
                                  3.000000    3.000000 v input external delay
     1    0.002607    0.008177    0.004116    3.004116 v x0[0] (in)
                                                         x0[0] (net)
                      0.008177    0.000000    3.004116 v input130/A (sky130_fd_sc_hd__clkbuf_2)
     2    0.019110    0.078624    0.130479    3.134595 v input130/X (sky130_fd_sc_hd__clkbuf_2)
                                                         net130 (net)
                      0.078709    0.001732    3.136326 v fanout653/A (sky130_fd_sc_hd__clkbuf_4)
     6    0.041842    0.093061    0.208502    3.344828 v fanout653/X (sky130_fd_sc_hd__clkbuf_4)
                                                         net653 (net)
                      0.093083    0.001393    3.346221 v fanout650/A (sky130_fd_sc_hd__buf_4)
    10    0.050617    0.079147    0.204899    3.551120 v fanout650/X (sky130_fd_sc_hd__buf_4)
                                                         net650 (net)
                      0.079661    0.005000    3.556119 v _07623_/A (sky130_fd_sc_hd__and3_1)
     3    0.008404    0.060794    0.181069    3.737188 v _07623_/X (sky130_fd_sc_hd__and3_1)
                                                         _00103_ (net)
                      0.060794    0.000246    3.737434 v _07627_/B (sky130_fd_sc_hd__or4_1)
     3    0.009467    0.125650    0.560851    4.298285 v _07627_/X (sky130_fd_sc_hd__or4_1)
                                                         _00107_ (net)
                      0.125703    0.000234    4.298520 v _07630_/A2 (sky130_fd_sc_hd__a21o_1)
     3    0.009668    0.061237    0.235467    4.533987 v _07630_/X (sky130_fd_sc_hd__a21o_1)
                                                         _00110_ (net)
                      0.061237    0.000253    4.534239 v _07632_/A2 (sky130_fd_sc_hd__a21o_1)
     2    0.008215    0.056700    0.203512    4.737751 v _07632_/X (sky130_fd_sc_hd__a21o_1)
                                                         _00112_ (net)
                      0.056702    0.000378    4.738130 v _07635_/A2 (sky130_fd_sc_hd__a21o_1)
     3    0.010130    0.063000    0.210093    4.948223 v _07635_/X (sky130_fd_sc_hd__a21o_1)
                                                         _00115_ (net)
                      0.063000    0.000246    4.948469 v _07637_/A2 (sky130_fd_sc_hd__a21o_1)
     3    0.010968    0.066330    0.215491    5.163960 v _07637_/X (sky130_fd_sc_hd__a21o_1)
                                                         _00117_ (net)
                      0.066332    0.000518    5.164478 v _07640_/A2 (sky130_fd_sc_hd__a211o_1)
     3    0.007742    0.071596    0.322346    5.486824 v _07640_/X (sky130_fd_sc_hd__a211o_1)
                                                         _00120_ (net)
                      0.071596    0.000223    5.487047 v _07641_/C (sky130_fd_sc_hd__and3_1)
     2    0.008343    0.060590    0.213221    5.700268 v _07641_/X (sky130_fd_sc_hd__and3_1)
                                                         _00121_ (net)
                      0.060590    0.000226    5.700493 v _07643_/B1 (sky130_fd_sc_hd__a211o_1)
     3    0.008821    0.075984    0.303187    6.003680 v _07643_/X (sky130_fd_sc_hd__a211o_1)
                                                         _00123_ (net)
                      0.075984    0.000323    6.004004 v _07646_/A1 (sky130_fd_sc_hd__a21o_1)
     2    0.010177    0.063182    0.196075    6.200078 v _07646_/X (sky130_fd_sc_hd__a21o_1)
                                                         _00126_ (net)
                      0.063184    0.000415    6.200494 v _07648_/A2 (sky130_fd_sc_hd__a211o_1)
     3    0.010832    0.083789    0.337266    6.537759 v _07648_/X (sky130_fd_sc_hd__a211o_1)
                                                         _00128_ (net)
                      0.083790    0.000487    6.538247 v _07650_/A2 (sky130_fd_sc_hd__a21o_1)
     2    0.010013    0.062524    0.220275    6.758522 v _07650_/X (sky130_fd_sc_hd__a21o_1)
                                                         _00130_ (net)
                      0.062525    0.000341    6.758863 v _07652_/A2 (sky130_fd_sc_hd__a211o_1)
     3    0.009855    0.079859    0.332856    7.091719 v _07652_/X (sky130_fd_sc_hd__a211o_1)
                                                         _00132_ (net)
                      0.079859    0.000295    7.092014 v _07654_/A2 (sky130_fd_sc_hd__a21o_1)
     2    0.006344    0.048106    0.202190    7.294204 v _07654_/X (sky130_fd_sc_hd__a21o_1)
                                                         _00134_ (net)
                      0.048106    0.000169    7.294373 v _07655_/C1 (sky130_fd_sc_hd__o211a_1)
     3    0.006762    0.056520    0.124341    7.418714 v _07655_/X (sky130_fd_sc_hd__o211a_1)
                                                         _00135_ (net)
                      0.056520    0.000122    7.418836 v _07657_/B (sky130_fd_sc_hd__or3_1)
     2    0.005927    0.082174    0.367285    7.786121 v _07657_/X (sky130_fd_sc_hd__or3_1)
                                                         _00137_ (net)
                      0.082174    0.000122    7.786243 v _07659_/B (sky130_fd_sc_hd__and3_1)
     4    0.009663    0.065564    0.208299    7.994542 v _07659_/X (sky130_fd_sc_hd__and3_1)
                                                         _00139_ (net)
                      0.065564    0.000183    7.994725 v _07663_/A (sky130_fd_sc_hd__or3_1)
     2    0.005585    0.080216    0.391000    8.385725 v _07663_/X (sky130_fd_sc_hd__or3_1)
                                                         _00143_ (net)
                      0.080216    0.000119    8.385844 v _07950_/A1 (sky130_fd_sc_hd__o21a_1)
     3    0.012157    0.076289    0.235921    8.621765 v _07950_/X (sky130_fd_sc_hd__o21a_1)
                                                         _00428_ (net)
                      0.076290    0.000457    8.622222 v _08078_/A2 (sky130_fd_sc_hd__o21a_1)
     1    0.005106    0.045408    0.186930    8.809153 v _08078_/X (sky130_fd_sc_hd__o21a_1)
                                                         _00555_ (net)
                      0.045408    0.000119    8.809272 v _08079_/B (sky130_fd_sc_hd__xnor2_1)
     1    0.004696    0.070449    0.128319    8.937591 v _08079_/Y (sky130_fd_sc_hd__xnor2_1)
                                                         _00042_ (net)
                      0.070449    0.000159    8.937750 v _13696_/D (sky130_fd_sc_hd__dfrtp_1)
                                              8.937750   data arrival time

                                 15.000000   15.000000   clock clk (rise edge)
                                  0.000000   15.000000   clock source latency
     1    0.034823    0.162195    0.115248   15.115248 ^ clk (in)
                                                         clk (net)
                      0.162620    0.000000   15.115248 ^ clkbuf_0_clk/A (sky130_fd_sc_hd__clkbuf_16)
     8    0.113161    0.127354    0.234087   15.349335 ^ clkbuf_0_clk/X (sky130_fd_sc_hd__clkbuf_16)
                                                         clknet_0_clk (net)
                      0.127832    0.006226   15.355561 ^ clkbuf_3_1__f_clk/A (sky130_fd_sc_hd__clkbuf_16)
     7    0.038592    0.058653    0.170198   15.525759 ^ clkbuf_3_1__f_clk/X (sky130_fd_sc_hd__clkbuf_16)
                                                         clknet_3_1__leaf_clk (net)
                      0.058841    0.002688   15.528446 ^ _13696_/CLK (sky130_fd_sc_hd__dfrtp_1)
                                 -0.250000   15.278447   clock uncertainty
                                  0.000000   15.278447   clock reconvergence pessimism
                                 -0.122201   15.156246   library setup time
                                             15.156246   data required time
---------------------------------------------------------------------------------------------
                                             15.156246   data required time
                                             -8.937750   data arrival time
---------------------------------------------------------------------------------------------
                                              6.218497   slack (MET)


Startpoint: x0[1] (input port clocked by clk)
Endpoint: _13661_ (rising edge-triggered flip-flop clocked by clk)
Path Group: clk
Path Type: max

Fanout         Cap        Slew       Delay        Time   Description
---------------------------------------------------------------------------------------------
                                  0.000000    0.000000   clock clk (rise edge)
                                  0.000000    0.000000   clock network delay (propagated)
                                  3.000000    3.000000 v input external delay
     1    0.003579    0.010441    0.005761    3.005761 v x0[1] (in)
                                                         x0[1] (net)
                      0.010446    0.000000    3.005761 v input131/A (sky130_fd_sc_hd__buf_4)
     1    0.014239    0.037874    0.129812    3.135573 v input131/X (sky130_fd_sc_hd__buf_4)
                                                         net131 (net)
                      0.037919    0.001190    3.136763 v fanout649/A (sky130_fd_sc_hd__buf_8)
     6    0.036761    0.042268    0.131224    3.267987 v fanout649/X (sky130_fd_sc_hd__buf_8)
                                                         net649 (net)
                      0.042776    0.003523    3.271510 v fanout648/A (sky130_fd_sc_hd__buf_12)
     8    0.050191    0.041693    0.140044    3.411554 v fanout648/X (sky130_fd_sc_hd__buf_12)
                                                         net648 (net)
                      0.041767    0.001308    3.412862 v fanout647/A (sky130_fd_sc_hd__buf_8)
     6    0.029005    0.036519    0.128148    3.541010 v fanout647/X (sky130_fd_sc_hd__buf_8)
                                                         net647 (net)
                      0.036764    0.002113    3.543123 v fanout646/A (sky130_fd_sc_hd__buf_8)
    10    0.034966    0.040409    0.130413    3.673537 v fanout646/X (sky130_fd_sc_hd__buf_8)
                                                         net646 (net)
                      0.040467    0.001361    3.674897 v _08855_/A (sky130_fd_sc_hd__and4_1)
     3    0.008187    0.061183    0.167059    3.841956 v _08855_/X (sky130_fd_sc_hd__and4_1)
                                                         _01321_ (net)
                      0.061183    0.000203    3.842159 v _08857_/B (sky130_fd_sc_hd__or3_4)
     2    0.006332    0.068804    0.370920    4.213079 v _08857_/X (sky130_fd_sc_hd__or3_4)
                                                         _01323_ (net)
                      0.068804    0.000141    4.213220 v _08861_/A2 (sky130_fd_sc_hd__a21o_1)
     3    0.011209    0.067325    0.218683    4.431903 v _08861_/X (sky130_fd_sc_hd__a21o_1)
                                                         _01327_ (net)
                      0.067326    0.000394    4.432297 v _08863_/A1 (sky130_fd_sc_hd__a21o_1)
     3    0.007227    0.052089    0.179907    4.612204 v _08863_/X (sky130_fd_sc_hd__a21o_1)
                                                         _01329_ (net)
                      0.052089    0.000173    4.612376 v _08865_/A (sky130_fd_sc_hd__and3_1)
     2    0.006366    0.052180    0.159218    4.771594 v _08865_/X (sky130_fd_sc_hd__and3_1)
                                                         _01331_ (net)
                      0.052180    0.000210    4.771803 v _08868_/A (sky130_fd_sc_hd__or3_4)
     4    0.017810    0.088813    0.419547    5.191350 v _08868_/X (sky130_fd_sc_hd__or3_4)
                                                         _01334_ (net)
                      0.088813    0.000592    5.191942 v _08871_/A (sky130_fd_sc_hd__and3_4)
     4    0.021850    0.053378    0.191214    5.383155 v _08871_/X (sky130_fd_sc_hd__and3_4)
                                                         _01337_ (net)
                      0.053386    0.000605    5.383761 v _08874_/A1 (sky130_fd_sc_hd__o21a_4)
     2    0.012809    0.044765    0.226490    5.610251 v _08874_/X (sky130_fd_sc_hd__o21a_4)
                                                         _01340_ (net)
                      0.044766    0.000340    5.610591 v _08876_/A2 (sky130_fd_sc_hd__o211a_1)
     3    0.008752    0.065963    0.230882    5.841472 v _08876_/X (sky130_fd_sc_hd__o211a_1)
                                                         _01342_ (net)
                      0.065964    0.000299    5.841771 v _08878_/A (sky130_fd_sc_hd__or3_4)
     2    0.008312    0.072029    0.397668    6.239439 v _08878_/X (sky130_fd_sc_hd__or3_4)
                                                         _01345_ (net)
                      0.072029    0.000278    6.239717 v _08880_/B1 (sky130_fd_sc_hd__o211a_4)
     4    0.014228    0.051804    0.162725    6.402442 v _08880_/X (sky130_fd_sc_hd__o211a_4)
                                                         _01347_ (net)
                      0.051808    0.000487    6.402929 v _08884_/B (sky130_fd_sc_hd__or4_4)
     2    0.010454    0.094936    0.528734    6.931663 v _08884_/X (sky130_fd_sc_hd__or4_4)
                                                         _01351_ (net)
                      0.094936    0.000385    6.932048 v _09024_/A1 (sky130_fd_sc_hd__a211o_4)
     4    0.013439    0.063153    0.356004    7.288053 v _09024_/X (sky130_fd_sc_hd__a211o_4)
                                                         _01504_ (net)
                      0.063153    0.000393    7.288445 v _09026_/B1 (sky130_fd_sc_hd__o211ai_2)
     4    0.015073    0.232085    0.115001    7.403446 ^ _09026_/Y (sky130_fd_sc_hd__o211ai_2)
                                                         _01506_ (net)
                      0.232085    0.000437    7.403883 ^ _09186_/A2 (sky130_fd_sc_hd__a21oi_1)
     3    0.008363    0.091939    0.140367    7.544250 v _09186_/Y (sky130_fd_sc_hd__a21oi_1)
                                                         _01680_ (net)
                      0.091939    0.000296    7.544546 v _09188_/A (sky130_fd_sc_hd__or2_1)
     2    0.008824    0.075087    0.273367    7.817913 v _09188_/X (sky130_fd_sc_hd__or2_1)
                                                         _01683_ (net)
                      0.075087    0.000329    7.818242 v _09190_/B (sky130_fd_sc_hd__xor2_1)
     2    0.016036    0.349370    0.315134    8.133375 ^ _09190_/X (sky130_fd_sc_hd__xor2_1)
                                                         _01685_ (net)
                      0.349370    0.000349    8.133724 ^ _09351_/A2 (sky130_fd_sc_hd__a21oi_4)
     4    0.016564    0.084567    0.122908    8.256632 v _09351_/Y (sky130_fd_sc_hd__a21oi_4)
                                                         _01861_ (net)
                      0.084568    0.000679    8.257311 v _09640_/B (sky130_fd_sc_hd__or3_1)
     2    0.005713    0.080955    0.375239    8.632549 v _09640_/X (sky130_fd_sc_hd__or3_1)
                                                         _02176_ (net)
                      0.080955    0.000115    8.632665 v _09642_/A1 (sky130_fd_sc_hd__a21o_1)
     2    0.006040    0.046747    0.180140    8.812805 v _09642_/X (sky130_fd_sc_hd__a21o_1)
                                                         _02178_ (net)
                      0.046747    0.000133    8.812938 v _09644_/A (sky130_fd_sc_hd__and2_1)
     1    0.002523    0.033863    0.130896    8.943834 v _09644_/X (sky130_fd_sc_hd__and2_1)
                                                         _00055_ (net)
                      0.033863    0.000054    8.943889 v _13661_/D (sky130_fd_sc_hd__dfrtp_1)
                                              8.943889   data arrival time

                                 15.000000   15.000000   clock clk (rise edge)
                                  0.000000   15.000000   clock source latency
     1    0.034823    0.162195    0.115248   15.115248 ^ clk (in)
                                                         clk (net)
                      0.162620    0.000000   15.115248 ^ clkbuf_0_clk/A (sky130_fd_sc_hd__clkbuf_16)
     8    0.113161    0.127354    0.234087   15.349335 ^ clkbuf_0_clk/X (sky130_fd_sc_hd__clkbuf_16)
                                                         clknet_0_clk (net)
                      0.127540    0.003933   15.353268 ^ clkbuf_3_4__f_clk/A (sky130_fd_sc_hd__clkbuf_16)
     7    0.038185    0.058234    0.170131   15.523398 ^ clkbuf_3_4__f_clk/X (sky130_fd_sc_hd__clkbuf_16)
                                                         clknet_3_4__leaf_clk (net)
                      0.058284    0.001371   15.524770 ^ _13661_/CLK (sky130_fd_sc_hd__dfrtp_1)
                                 -0.250000   15.274771   clock uncertainty
                                  0.000000   15.274771   clock reconvergence pessimism
                                 -0.106379   15.168391   library setup time
                                             15.168391   data required time
---------------------------------------------------------------------------------------------
                                             15.168391   data required time
                                             -8.943889   data arrival time
---------------------------------------------------------------------------------------------
                                              6.224503   slack (MET)


Startpoint: x0[0] (input port clocked by clk)
Endpoint: _13679_ (rising edge-triggered flip-flop clocked by clk)
Path Group: clk
Path Type: max

Fanout         Cap        Slew       Delay        Time   Description
---------------------------------------------------------------------------------------------
                                  0.000000    0.000000   clock clk (rise edge)
                                  0.000000    0.000000   clock network delay (propagated)
                                  3.000000    3.000000 v input external delay
     1    0.002607    0.008177    0.004116    3.004116 v x0[0] (in)
                                                         x0[0] (net)
                      0.008177    0.000000    3.004116 v input130/A (sky130_fd_sc_hd__clkbuf_2)
     2    0.019110    0.078624    0.130479    3.134595 v input130/X (sky130_fd_sc_hd__clkbuf_2)
                                                         net130 (net)
                      0.078645    0.001259    3.135854 v fanout658/A (sky130_fd_sc_hd__buf_4)
     6    0.033088    0.057852    0.180837    3.316691 v fanout658/X (sky130_fd_sc_hd__buf_4)
                                                         net658 (net)
                      0.057858    0.000796    3.317487 v fanout655/A (sky130_fd_sc_hd__buf_6)
    10    0.042324    0.050558    0.146846    3.464333 v fanout655/X (sky130_fd_sc_hd__buf_6)
                                                         net655 (net)
                      0.050570    0.000652    3.464985 v fanout654/A (sky130_fd_sc_hd__clkbuf_4)
    10    0.034960    0.080936    0.185823    3.650808 v fanout654/X (sky130_fd_sc_hd__clkbuf_4)
                                                         net654 (net)
                      0.080944    0.000852    3.651660 v _10253_/B2 (sky130_fd_sc_hd__a22o_1)
     2    0.005466    0.052253    0.220560    3.872220 v _10253_/X (sky130_fd_sc_hd__a22o_1)
                                                         _02839_ (net)
                      0.052253    0.000123    3.872343 v _10402_/A3 (sky130_fd_sc_hd__a31o_1)
     2    0.005025    0.046512    0.224309    4.096652 v _10402_/X (sky130_fd_sc_hd__a31o_1)
                                                         _03002_ (net)
                      0.046512    0.000113    4.096765 v _10404_/B (sky130_fd_sc_hd__and3_1)
     3    0.008365    0.060647    0.186784    4.283549 v _10404_/X (sky130_fd_sc_hd__and3_1)
                                                         _03004_ (net)
                      0.060647    0.000242    4.283791 v _10407_/A (sky130_fd_sc_hd__or3_1)
     2    0.006370    0.084782    0.395324    4.679115 v _10407_/X (sky130_fd_sc_hd__or3_1)
                                                         _03007_ (net)
                      0.084782    0.000152    4.679267 v _10417_/A1 (sky130_fd_sc_hd__a21o_1)
     3    0.007911    0.055236    0.190223    4.869490 v _10417_/X (sky130_fd_sc_hd__a21o_1)
                                                         _03018_ (net)
                      0.055236    0.000134    4.869624 v _10419_/A2 (sky130_fd_sc_hd__a21bo_1)
     2    0.005825    0.047335    0.203189    5.072813 v _10419_/X (sky130_fd_sc_hd__a21bo_1)
                                                         _03021_ (net)
                      0.047335    0.000192    5.073005 v _10420_/C (sky130_fd_sc_hd__and3_1)
     4    0.013614    0.081968    0.223008    5.296013 v _10420_/X (sky130_fd_sc_hd__and3_1)
                                                         _03022_ (net)
                      0.081968    0.000299    5.296312 v _10424_/B (sky130_fd_sc_hd__or3_4)
     2    0.007793    0.071144    0.382952    5.679265 v _10424_/X (sky130_fd_sc_hd__or3_4)
                                                         _03026_ (net)
                      0.071144    0.000167    5.679431 v _10568_/A2 (sky130_fd_sc_hd__a211oi_2)
     5    0.017432    0.358278    0.380134    6.059566 ^ _10568_/Y (sky130_fd_sc_hd__a211oi_2)
                                                         _03184_ (net)
                      0.358278    0.000357    6.059922 ^ _10572_/A1 (sky130_fd_sc_hd__o21ai_1)
     2    0.007565    0.105961    0.161991    6.221913 v _10572_/Y (sky130_fd_sc_hd__o21ai_1)
                                                         _03188_ (net)
                      0.105961    0.000300    6.222213 v _10573_/C1 (sky130_fd_sc_hd__o211a_1)
     4    0.013867    0.086125    0.178796    6.401009 v _10573_/X (sky130_fd_sc_hd__o211a_1)
                                                         _03189_ (net)
                      0.086127    0.000514    6.401523 v _10577_/C (sky130_fd_sc_hd__or4_4)
     2    0.007526    0.089697    0.498011    6.899534 v _10577_/X (sky130_fd_sc_hd__or4_4)
                                                         _03193_ (net)
                      0.089697    0.000144    6.899678 v _10717_/A1 (sky130_fd_sc_hd__a211o_4)
     3    0.013821    0.063896    0.354920    7.254598 v _10717_/X (sky130_fd_sc_hd__a211o_4)
                                                         _03346_ (net)
                      0.063948    0.000477    7.255074 v _10720_/B1 (sky130_fd_sc_hd__o211a_1)
     3    0.009595    0.067977    0.161037    7.416111 v _10720_/X (sky130_fd_sc_hd__o211a_1)
                                                         _03350_ (net)
                      0.067977    0.000258    7.416369 v _10722_/C1 (sky130_fd_sc_hd__a211o_1)
     4    0.011003    0.083905    0.275437    7.691806 v _10722_/X (sky130_fd_sc_hd__a211o_1)
                                                         _03352_ (net)
                      0.083905    0.000176    7.691982 v _10725_/B1 (sky130_fd_sc_hd__a22o_1)
     2    0.007080    0.060097    0.211489    7.903472 v _10725_/X (sky130_fd_sc_hd__a22o_1)
                                                         _03355_ (net)
                      0.060097    0.000248    7.903720 v _10887_/A1 (sky130_fd_sc_hd__a21oi_1)
     3    0.009701    0.232588    0.220798    8.124518 ^ _10887_/Y (sky130_fd_sc_hd__a21oi_1)
                                                         _03532_ (net)
                      0.232588    0.000305    8.124823 ^ _11049_/A2 (sky130_fd_sc_hd__o21ba_1)
     3    0.009550    0.104048    0.194313    8.319136 ^ _11049_/X (sky130_fd_sc_hd__o21ba_1)
                                                         _03710_ (net)
                      0.104048    0.000328    8.319464 ^ _11050_/B (sky130_fd_sc_hd__nor2_1)
     3    0.009404    0.080133    0.078193    8.397656 v _11050_/Y (sky130_fd_sc_hd__nor2_1)
                                                         _03711_ (net)
                      0.080133    0.000361    8.398018 v _11334_/A1 (sky130_fd_sc_hd__a21oi_1)
     2    0.009326    0.225360    0.223521    8.621538 ^ _11334_/Y (sky130_fd_sc_hd__a21oi_1)
                                                         _04021_ (net)
                      0.225360    0.000270    8.621808 ^ _11466_/A2 (sky130_fd_sc_hd__o21ba_1)
     1    0.006175    0.074934    0.169417    8.791225 ^ _11466_/X (sky130_fd_sc_hd__o21ba_1)
                                                         _04165_ (net)
                      0.074934    0.000187    8.791412 ^ _11467_/B (sky130_fd_sc_hd__xnor2_1)
     1    0.002502    0.110075    0.110698    8.902110 ^ _11467_/Y (sky130_fd_sc_hd__xnor2_1)
                                                         _00014_ (net)
                      0.110075    0.000054    8.902164 ^ _13679_/D (sky130_fd_sc_hd__dfrtp_1)
                                              8.902164   data arrival time

                                 15.000000   15.000000   clock clk (rise edge)
                                  0.000000   15.000000   clock source latency
     1    0.034823    0.162195    0.115248   15.115248 ^ clk (in)
                                                         clk (net)
                      0.162620    0.000000   15.115248 ^ clkbuf_0_clk/A (sky130_fd_sc_hd__clkbuf_16)
     8    0.113161    0.127354    0.234087   15.349335 ^ clkbuf_0_clk/X (sky130_fd_sc_hd__clkbuf_16)
                                                         clknet_0_clk (net)
                      0.127832    0.006226   15.355561 ^ clkbuf_3_1__f_clk/A (sky130_fd_sc_hd__clkbuf_16)
     7    0.038592    0.058653    0.170198   15.525759 ^ clkbuf_3_1__f_clk/X (sky130_fd_sc_hd__clkbuf_16)
                                                         clknet_3_1__leaf_clk (net)
                      0.058736    0.001755   15.527514 ^ _13679_/CLK (sky130_fd_sc_hd__dfrtp_1)
                                 -0.250000   15.277514   clock uncertainty
                                  0.000000   15.277514   clock reconvergence pessimism
                                 -0.072744   15.204771   library setup time
                                             15.204771   data required time
---------------------------------------------------------------------------------------------
                                             15.204771   data required time
                                             -8.902164   data arrival time
---------------------------------------------------------------------------------------------
                                              6.302607   slack (MET)


Startpoint: x0[0] (input port clocked by clk)
Endpoint: _13695_ (rising edge-triggered flip-flop clocked by clk)
Path Group: clk
Path Type: max

Fanout         Cap        Slew       Delay        Time   Description
---------------------------------------------------------------------------------------------
                                  0.000000    0.000000   clock clk (rise edge)
                                  0.000000    0.000000   clock network delay (propagated)
                                  3.000000    3.000000 v input external delay
     1    0.002607    0.008177    0.004116    3.004116 v x0[0] (in)
                                                         x0[0] (net)
                      0.008177    0.000000    3.004116 v input130/A (sky130_fd_sc_hd__clkbuf_2)
     2    0.019110    0.078624    0.130479    3.134595 v input130/X (sky130_fd_sc_hd__clkbuf_2)
                                                         net130 (net)
                      0.078645    0.001259    3.135854 v fanout658/A (sky130_fd_sc_hd__buf_4)
     6    0.033088    0.057852    0.180837    3.316691 v fanout658/X (sky130_fd_sc_hd__buf_4)
                                                         net658 (net)
                      0.057858    0.000796    3.317487 v fanout655/A (sky130_fd_sc_hd__buf_6)
    10    0.042324    0.050558    0.146846    3.464333 v fanout655/X (sky130_fd_sc_hd__buf_6)
                                                         net655 (net)
                      0.050570    0.000652    3.464985 v fanout654/A (sky130_fd_sc_hd__clkbuf_4)
    10    0.034960    0.080936    0.185823    3.650808 v fanout654/X (sky130_fd_sc_hd__clkbuf_4)
                                                         net654 (net)
                      0.080963    0.001384    3.652193 v _06873_/B2 (sky130_fd_sc_hd__a22o_1)
     2    0.006126    0.055356    0.224120    3.876313 v _06873_/X (sky130_fd_sc_hd__a22o_1)
                                                         _01954_ (net)
                      0.055356    0.000144    3.876457 v _07019_/A3 (sky130_fd_sc_hd__a31o_1)
     2    0.005635    0.049269    0.228702    4.105159 v _07019_/X (sky130_fd_sc_hd__a31o_1)
                                                         _03543_ (net)
                      0.049269    0.000122    4.105281 v _07021_/B (sky130_fd_sc_hd__and3_1)
     3    0.008359    0.060633    0.187911    4.293192 v _07021_/X (sky130_fd_sc_hd__and3_1)
                                                         _03565_ (net)
                      0.060633    0.000234    4.293427 v _07023_/B (sky130_fd_sc_hd__or3_1)
     2    0.006193    0.083730    0.370700    4.664126 v _07023_/X (sky130_fd_sc_hd__or3_1)
                                                         _03587_ (net)
                      0.083730    0.000153    4.664280 v _07032_/A1 (sky130_fd_sc_hd__a21o_1)
     3    0.008716    0.058329    0.193367    4.857646 v _07032_/X (sky130_fd_sc_hd__a21o_1)
                                                         _03686_ (net)
                      0.058329    0.000261    4.857907 v _07041_/A2 (sky130_fd_sc_hd__a21o_1)
     3    0.009848    0.061872    0.209732    5.067639 v _07041_/X (sky130_fd_sc_hd__a21o_1)
                                                         _03784_ (net)
                      0.061872    0.000133    5.067772 v _07042_/C (sky130_fd_sc_hd__and3_1)
     2    0.006799    0.054176    0.201230    5.269003 v _07042_/X (sky130_fd_sc_hd__and3_1)
                                                         _03795_ (net)
                      0.054176    0.000250    5.269252 v _07047_/A (sky130_fd_sc_hd__or3_4)
     4    0.016687    0.087545    0.418241    5.687493 v _07047_/X (sky130_fd_sc_hd__or3_4)
                                                         _03850_ (net)
                      0.087545    0.000314    5.687807 v _07048_/A1 (sky130_fd_sc_hd__a211oi_4)
     5    0.020806    0.306593    0.328652    6.016459 ^ _07048_/Y (sky130_fd_sc_hd__a211oi_4)
                                                         _03861_ (net)
                      0.306593    0.000586    6.017045 ^ _07050_/B (sky130_fd_sc_hd__nor3_1)
     2    0.008218    0.094996    0.128063    6.145108 v _07050_/Y (sky130_fd_sc_hd__nor3_1)
                                                         _03882_ (net)
                      0.094996    0.000256    6.145363 v _07186_/A2 (sky130_fd_sc_hd__o211a_1)
     4    0.015241    0.091976    0.277417    6.422780 v _07186_/X (sky130_fd_sc_hd__o211a_1)
                                                         _05363_ (net)
                      0.091977    0.000528    6.423308 v _07190_/B (sky130_fd_sc_hd__or3_4)
     2    0.009683    0.074099    0.392336    6.815644 v _07190_/X (sky130_fd_sc_hd__or3_4)
                                                         _05406_ (net)
                      0.074099    0.000195    6.815840 v _07331_/A1 (sky130_fd_sc_hd__a211o_4)
     4    0.012335    0.061326    0.345172    7.161012 v _07331_/X (sky130_fd_sc_hd__a211o_4)
                                                         _06562_ (net)
                      0.061326    0.000244    7.161255 v _07334_/A1 (sky130_fd_sc_hd__a211o_1)
     2    0.008438    0.075205    0.288984    7.450240 v _07334_/X (sky130_fd_sc_hd__a211o_1)
                                                         _06565_ (net)
                      0.075205    0.000212    7.450452 v _07336_/A2 (sky130_fd_sc_hd__a211o_1)
     2    0.005485    0.060044    0.312174    7.762626 v _07336_/X (sky130_fd_sc_hd__a211o_1)
                                                         _06567_ (net)
                      0.060091    0.000187    7.762813 v _07338_/B2 (sky130_fd_sc_hd__a22o_1)
     2    0.005460    0.052216    0.212530    7.975342 v _07338_/X (sky130_fd_sc_hd__a22o_1)
                                                         _06569_ (net)
                      0.052216    0.000123    7.975465 v _07499_/A1 (sky130_fd_sc_hd__a21o_1)
     2    0.009594    0.060893    0.184301    8.159765 v _07499_/X (sky130_fd_sc_hd__a21o_1)
                                                         _06729_ (net)
                      0.060893    0.000222    8.159987 v _07662_/A1 (sky130_fd_sc_hd__a21oi_2)
     3    0.010272    0.154123    0.174294    8.334282 ^ _07662_/Y (sky130_fd_sc_hd__a21oi_2)
                                                         _00142_ (net)
                      0.154123    0.000298    8.334580 ^ _07663_/C (sky130_fd_sc_hd__or3_1)
     2    0.005935    0.064786    0.144277    8.478857 ^ _07663_/X (sky130_fd_sc_hd__or3_1)
                                                         _00143_ (net)
                      0.064786    0.000128    8.478985 ^ _07950_/A1 (sky130_fd_sc_hd__o21a_1)
     3    0.013008    0.131076    0.187205    8.666190 ^ _07950_/X (sky130_fd_sc_hd__o21a_1)
                                                         _00428_ (net)
                      0.131076    0.000497    8.666687 ^ _07951_/B (sky130_fd_sc_hd__xor2_1)
     1    0.002855    0.112674    0.153591    8.820278 ^ _07951_/X (sky130_fd_sc_hd__xor2_1)
                                                         _00041_ (net)
                      0.112674    0.000064    8.820342 ^ _13695_/D (sky130_fd_sc_hd__dfrtp_1)
                                              8.820342   data arrival time

                                 15.000000   15.000000   clock clk (rise edge)
                                  0.000000   15.000000   clock source latency
     1    0.034823    0.162195    0.115248   15.115248 ^ clk (in)
                                                         clk (net)
                      0.162620    0.000000   15.115248 ^ clkbuf_0_clk/A (sky130_fd_sc_hd__clkbuf_16)
     8    0.113161    0.127354    0.234087   15.349335 ^ clkbuf_0_clk/X (sky130_fd_sc_hd__clkbuf_16)
                                                         clknet_0_clk (net)
                      0.127832    0.006226   15.355561 ^ clkbuf_3_1__f_clk/A (sky130_fd_sc_hd__clkbuf_16)
     7    0.038592    0.058653    0.170198   15.525759 ^ clkbuf_3_1__f_clk/X (sky130_fd_sc_hd__clkbuf_16)
                                                         clknet_3_1__leaf_clk (net)
                      0.058833    0.002625   15.528384 ^ _13695_/CLK (sky130_fd_sc_hd__dfrtp_1)
                                 -0.250000   15.278385   clock uncertainty
                                  0.000000   15.278385   clock reconvergence pessimism
                                 -0.073328   15.205057   library setup time
                                             15.205057   data required time
---------------------------------------------------------------------------------------------
                                             15.205057   data required time
                                             -8.820342   data arrival time
---------------------------------------------------------------------------------------------
                                              6.384715   slack (MET)


Startpoint: x0[1] (input port clocked by clk)
Endpoint: _13660_ (rising edge-triggered flip-flop clocked by clk)
Path Group: clk
Path Type: max

Fanout         Cap        Slew       Delay        Time   Description
---------------------------------------------------------------------------------------------
                                  0.000000    0.000000   clock clk (rise edge)
                                  0.000000    0.000000   clock network delay (propagated)
                                  3.000000    3.000000 v input external delay
     1    0.003579    0.010441    0.005761    3.005761 v x0[1] (in)
                                                         x0[1] (net)
                      0.010446    0.000000    3.005761 v input131/A (sky130_fd_sc_hd__buf_4)
     1    0.014239    0.037874    0.129812    3.135573 v input131/X (sky130_fd_sc_hd__buf_4)
                                                         net131 (net)
                      0.037919    0.001190    3.136763 v fanout649/A (sky130_fd_sc_hd__buf_8)
     6    0.036761    0.042268    0.131224    3.267987 v fanout649/X (sky130_fd_sc_hd__buf_8)
                                                         net649 (net)
                      0.042776    0.003523    3.271510 v fanout648/A (sky130_fd_sc_hd__buf_12)
     8    0.050191    0.041693    0.140044    3.411554 v fanout648/X (sky130_fd_sc_hd__buf_12)
                                                         net648 (net)
                      0.041767    0.001308    3.412862 v fanout647/A (sky130_fd_sc_hd__buf_8)
     6    0.029005    0.036519    0.128148    3.541010 v fanout647/X (sky130_fd_sc_hd__buf_8)
                                                         net647 (net)
                      0.036764    0.002113    3.543123 v fanout646/A (sky130_fd_sc_hd__buf_8)
    10    0.034966    0.040409    0.130413    3.673537 v fanout646/X (sky130_fd_sc_hd__buf_8)
                                                         net646 (net)
                      0.040467    0.001361    3.674897 v _08855_/A (sky130_fd_sc_hd__and4_1)
     3    0.008187    0.061183    0.167059    3.841956 v _08855_/X (sky130_fd_sc_hd__and4_1)
                                                         _01321_ (net)
                      0.061183    0.000203    3.842159 v _08857_/B (sky130_fd_sc_hd__or3_4)
     2    0.006332    0.068804    0.370920    4.213079 v _08857_/X (sky130_fd_sc_hd__or3_4)
                                                         _01323_ (net)
                      0.068804    0.000141    4.213220 v _08861_/A2 (sky130_fd_sc_hd__a21o_1)
     3    0.011209    0.067325    0.218683    4.431903 v _08861_/X (sky130_fd_sc_hd__a21o_1)
                                                         _01327_ (net)
                      0.067326    0.000394    4.432297 v _08863_/A1 (sky130_fd_sc_hd__a21o_1)
     3    0.007227    0.052089    0.179907    4.612204 v _08863_/X (sky130_fd_sc_hd__a21o_1)
                                                         _01329_ (net)
                      0.052089    0.000173    4.612376 v _08865_/A (sky130_fd_sc_hd__and3_1)
     2    0.006366    0.052180    0.159218    4.771594 v _08865_/X (sky130_fd_sc_hd__and3_1)
                                                         _01331_ (net)
                      0.052180    0.000210    4.771803 v _08868_/A (sky130_fd_sc_hd__or3_4)
     4    0.017810    0.088813    0.419547    5.191350 v _08868_/X (sky130_fd_sc_hd__or3_4)
                                                         _01334_ (net)
                      0.088813    0.000592    5.191942 v _08871_/A (sky130_fd_sc_hd__and3_4)
     4    0.021850    0.053378    0.191214    5.383155 v _08871_/X (sky130_fd_sc_hd__and3_4)
                                                         _01337_ (net)
                      0.053386    0.000605    5.383761 v _08874_/A1 (sky130_fd_sc_hd__o21a_4)
     2    0.012809    0.044765    0.226490    5.610251 v _08874_/X (sky130_fd_sc_hd__o21a_4)
                                                         _01340_ (net)
                      0.044766    0.000340    5.610591 v _08876_/A2 (sky130_fd_sc_hd__o211a_1)
     3    0.008752    0.065963    0.230882    5.841472 v _08876_/X (sky130_fd_sc_hd__o211a_1)
                                                         _01342_ (net)
                      0.065964    0.000299    5.841771 v _08878_/A (sky130_fd_sc_hd__or3_4)
     2    0.008312    0.072029    0.397668    6.239439 v _08878_/X (sky130_fd_sc_hd__or3_4)
                                                         _01345_ (net)
                      0.072029    0.000278    6.239717 v _08880_/B1 (sky130_fd_sc_hd__o211a_4)
     4    0.014228    0.051804    0.162725    6.402442 v _08880_/X (sky130_fd_sc_hd__o211a_4)
                                                         _01347_ (net)
                      0.051808    0.000487    6.402929 v _08884_/B (sky130_fd_sc_hd__or4_4)
     2    0.010454    0.094936    0.528734    6.931663 v _08884_/X (sky130_fd_sc_hd__or4_4)
                                                         _01351_ (net)
                      0.094936    0.000385    6.932048 v _09024_/A1 (sky130_fd_sc_hd__a211o_4)
     4    0.013439    0.063153    0.356004    7.288053 v _09024_/X (sky130_fd_sc_hd__a211o_4)
                                                         _01504_ (net)
                      0.063153    0.000388    7.288441 v _09027_/A2 (sky130_fd_sc_hd__a211o_1)
     2    0.008193    0.074025    0.323868    7.612309 v _09027_/X (sky130_fd_sc_hd__a211o_1)
                                                         _01507_ (net)
                      0.074025    0.000137    7.612445 v _09029_/A1 (sky130_fd_sc_hd__a211o_1)
     2    0.007430    0.069615    0.287978    7.900423 v _09029_/X (sky130_fd_sc_hd__a211o_1)
                                                         _01510_ (net)
                      0.069615    0.000268    7.900691 v _09031_/B2 (sky130_fd_sc_hd__a2bb2o_4)
     2    0.005838    0.036416    0.209376    8.110066 v _09031_/X (sky130_fd_sc_hd__a2bb2o_4)
                                                         _01512_ (net)
                      0.036416    0.000115    8.110181 v _09191_/A2 (sky130_fd_sc_hd__a21o_1)
     2    0.015666    0.085575    0.221526    8.331707 v _09191_/X (sky130_fd_sc_hd__a21o_1)
                                                         _01686_ (net)
                      0.085580    0.000737    8.332444 v _09351_/A1 (sky130_fd_sc_hd__a21oi_4)
     4    0.018134    0.172429    0.191379    8.523824 ^ _09351_/Y (sky130_fd_sc_hd__a21oi_4)
                                                         _01861_ (net)
                      0.172430    0.000743    8.524567 ^ _09502_/A2 (sky130_fd_sc_hd__o21bai_1)
     1    0.004824    0.064984    0.095468    8.620034 v _09502_/Y (sky130_fd_sc_hd__o21bai_1)
                                                         _02025_ (net)
                      0.064984    0.000105    8.620138 v _09503_/B (sky130_fd_sc_hd__xnor2_1)
     1    0.003925    0.054235    0.132196    8.752336 v _09503_/Y (sky130_fd_sc_hd__xnor2_1)
                                                         _00067_ (net)
                      0.054235    0.000140    8.752476 v _13660_/D (sky130_fd_sc_hd__dfrtp_1)
                                              8.752476   data arrival time

                                 15.000000   15.000000   clock clk (rise edge)
                                  0.000000   15.000000   clock source latency
     1    0.034823    0.162195    0.115248   15.115248 ^ clk (in)
                                                         clk (net)
                      0.162620    0.000000   15.115248 ^ clkbuf_0_clk/A (sky130_fd_sc_hd__clkbuf_16)
     8    0.113161    0.127354    0.234087   15.349335 ^ clkbuf_0_clk/X (sky130_fd_sc_hd__clkbuf_16)
                                                         clknet_0_clk (net)
                      0.127651    0.004933   15.354268 ^ clkbuf_3_7__f_clk/A (sky130_fd_sc_hd__clkbuf_16)
    10    0.037518    0.057691    0.169349   15.523617 ^ clkbuf_3_7__f_clk/X (sky130_fd_sc_hd__clkbuf_16)
                                                         clknet_3_7__leaf_clk (net)
                      0.057818    0.002100   15.525716 ^ _13660_/CLK (sky130_fd_sc_hd__dfrtp_1)
                                 -0.250000   15.275717   clock uncertainty
                                  0.000000   15.275717   clock reconvergence pessimism
                                 -0.115367   15.160350   library setup time
                                             15.160350   data required time
---------------------------------------------------------------------------------------------
                                             15.160350   data required time
                                             -8.752476   data arrival time
---------------------------------------------------------------------------------------------
                                              6.407875   slack (MET)


Startpoint: x0[0] (input port clocked by clk)
Endpoint: _13678_ (rising edge-triggered flip-flop clocked by clk)
Path Group: clk
Path Type: max

Fanout         Cap        Slew       Delay        Time   Description
---------------------------------------------------------------------------------------------
                                  0.000000    0.000000   clock clk (rise edge)
                                  0.000000    0.000000   clock network delay (propagated)
                                  3.000000    3.000000 v input external delay
     1    0.002607    0.008177    0.004116    3.004116 v x0[0] (in)
                                                         x0[0] (net)
                      0.008177    0.000000    3.004116 v input130/A (sky130_fd_sc_hd__clkbuf_2)
     2    0.019110    0.078624    0.130479    3.134595 v input130/X (sky130_fd_sc_hd__clkbuf_2)
                                                         net130 (net)
                      0.078645    0.001259    3.135854 v fanout658/A (sky130_fd_sc_hd__buf_4)
     6    0.033088    0.057852    0.180837    3.316691 v fanout658/X (sky130_fd_sc_hd__buf_4)
                                                         net658 (net)
                      0.057858    0.000796    3.317487 v fanout655/A (sky130_fd_sc_hd__buf_6)
    10    0.042324    0.050558    0.146846    3.464333 v fanout655/X (sky130_fd_sc_hd__buf_6)
                                                         net655 (net)
                      0.050570    0.000652    3.464985 v fanout654/A (sky130_fd_sc_hd__clkbuf_4)
    10    0.034960    0.080936    0.185823    3.650808 v fanout654/X (sky130_fd_sc_hd__clkbuf_4)
                                                         net654 (net)
                      0.080944    0.000852    3.651660 v _10253_/B2 (sky130_fd_sc_hd__a22o_1)
     2    0.005466    0.052253    0.220560    3.872220 v _10253_/X (sky130_fd_sc_hd__a22o_1)
                                                         _02839_ (net)
                      0.052253    0.000123    3.872343 v _10402_/A3 (sky130_fd_sc_hd__a31o_1)
     2    0.005025    0.046512    0.224309    4.096652 v _10402_/X (sky130_fd_sc_hd__a31o_1)
                                                         _03002_ (net)
                      0.046512    0.000113    4.096765 v _10404_/B (sky130_fd_sc_hd__and3_1)
     3    0.008365    0.060647    0.186784    4.283549 v _10404_/X (sky130_fd_sc_hd__and3_1)
                                                         _03004_ (net)
                      0.060647    0.000242    4.283791 v _10407_/A (sky130_fd_sc_hd__or3_1)
     2    0.006370    0.084782    0.395324    4.679115 v _10407_/X (sky130_fd_sc_hd__or3_1)
                                                         _03007_ (net)
                      0.084782    0.000152    4.679267 v _10417_/A1 (sky130_fd_sc_hd__a21o_1)
     3    0.007911    0.055236    0.190223    4.869490 v _10417_/X (sky130_fd_sc_hd__a21o_1)
                                                         _03018_ (net)
                      0.055236    0.000134    4.869624 v _10419_/A2 (sky130_fd_sc_hd__a21bo_1)
     2    0.005825    0.047335    0.203189    5.072813 v _10419_/X (sky130_fd_sc_hd__a21bo_1)
                                                         _03021_ (net)
                      0.047335    0.000192    5.073005 v _10420_/C (sky130_fd_sc_hd__and3_1)
     4    0.013614    0.081968    0.223008    5.296013 v _10420_/X (sky130_fd_sc_hd__and3_1)
                                                         _03022_ (net)
                      0.081968    0.000299    5.296312 v _10424_/B (sky130_fd_sc_hd__or3_4)
     2    0.007793    0.071144    0.382952    5.679265 v _10424_/X (sky130_fd_sc_hd__or3_4)
                                                         _03026_ (net)
                      0.071144    0.000167    5.679431 v _10568_/A2 (sky130_fd_sc_hd__a211oi_2)
     5    0.017432    0.358278    0.380134    6.059566 ^ _10568_/Y (sky130_fd_sc_hd__a211oi_2)
                                                         _03184_ (net)
                      0.358278    0.000357    6.059922 ^ _10572_/A1 (sky130_fd_sc_hd__o21ai_1)
     2    0.007565    0.105961    0.161991    6.221913 v _10572_/Y (sky130_fd_sc_hd__o21ai_1)
                                                         _03188_ (net)
                      0.105961    0.000300    6.222213 v _10573_/C1 (sky130_fd_sc_hd__o211a_1)
     4    0.013867    0.086125    0.178796    6.401009 v _10573_/X (sky130_fd_sc_hd__o211a_1)
                                                         _03189_ (net)
                      0.086127    0.000514    6.401523 v _10577_/C (sky130_fd_sc_hd__or4_4)
     2    0.007526    0.089697    0.498011    6.899534 v _10577_/X (sky130_fd_sc_hd__or4_4)
                                                         _03193_ (net)
                      0.089697    0.000144    6.899678 v _10717_/A1 (sky130_fd_sc_hd__a211o_4)
     3    0.013821    0.063896    0.354920    7.254598 v _10717_/X (sky130_fd_sc_hd__a211o_4)
                                                         _03346_ (net)
                      0.063948    0.000477    7.255074 v _10720_/B1 (sky130_fd_sc_hd__o211a_1)
     3    0.009595    0.067977    0.161037    7.416111 v _10720_/X (sky130_fd_sc_hd__o211a_1)
                                                         _03350_ (net)
                      0.067977    0.000258    7.416369 v _10722_/C1 (sky130_fd_sc_hd__a211o_1)
     4    0.011003    0.083905    0.275437    7.691806 v _10722_/X (sky130_fd_sc_hd__a211o_1)
                                                         _03352_ (net)
                      0.083905    0.000176    7.691982 v _10725_/B1 (sky130_fd_sc_hd__a22o_1)
     2    0.007080    0.060097    0.211489    7.903472 v _10725_/X (sky130_fd_sc_hd__a22o_1)
                                                         _03355_ (net)
                      0.060097    0.000248    7.903720 v _10887_/A1 (sky130_fd_sc_hd__a21oi_1)
     3    0.009701    0.232588    0.220798    8.124518 ^ _10887_/Y (sky130_fd_sc_hd__a21oi_1)
                                                         _03532_ (net)
                      0.232588    0.000305    8.124823 ^ _11049_/A2 (sky130_fd_sc_hd__o21ba_1)
     3    0.009550    0.104048    0.194313    8.319136 ^ _11049_/X (sky130_fd_sc_hd__o21ba_1)
                                                         _03710_ (net)
                      0.104048    0.000328    8.319464 ^ _11050_/B (sky130_fd_sc_hd__nor2_1)
     3    0.009404    0.080133    0.078193    8.397656 v _11050_/Y (sky130_fd_sc_hd__nor2_1)
                                                         _03711_ (net)
                      0.080133    0.000361    8.398018 v _11334_/A1 (sky130_fd_sc_hd__a21oi_1)
     2    0.009326    0.225360    0.223521    8.621538 ^ _11334_/Y (sky130_fd_sc_hd__a21oi_1)
                                                         _04021_ (net)
                      0.225360    0.000286    8.621824 ^ _11335_/B (sky130_fd_sc_hd__xor2_1)
     1    0.002876    0.113061    0.165502    8.787327 ^ _11335_/X (sky130_fd_sc_hd__xor2_1)
                                                         _00013_ (net)
                      0.113061    0.000068    8.787395 ^ _13678_/D (sky130_fd_sc_hd__dfrtp_1)
                                              8.787395   data arrival time

                                 15.000000   15.000000   clock clk (rise edge)
                                  0.000000   15.000000   clock source latency
     1    0.034823    0.162195    0.115248   15.115248 ^ clk (in)
                                                         clk (net)
                      0.162620    0.000000   15.115248 ^ clkbuf_0_clk/A (sky130_fd_sc_hd__clkbuf_16)
     8    0.113161    0.127354    0.234087   15.349335 ^ clkbuf_0_clk/X (sky130_fd_sc_hd__clkbuf_16)
                                                         clknet_0_clk (net)
                      0.127819    0.006139   15.355474 ^ clkbuf_3_2__f_clk/A (sky130_fd_sc_hd__clkbuf_16)
    10    0.035562    0.055795    0.167619   15.523092 ^ clkbuf_3_2__f_clk/X (sky130_fd_sc_hd__clkbuf_16)
                                                         clknet_3_2__leaf_clk (net)
                      0.056310    0.003666   15.526759 ^ _13678_/CLK (sky130_fd_sc_hd__dfrtp_1)
                                 -0.250000   15.276760   clock uncertainty
                                  0.000000   15.276760   clock reconvergence pessimism
                                 -0.073805   15.202954   library setup time
                                             15.202954   data required time
---------------------------------------------------------------------------------------------
                                             15.202954   data required time
                                             -8.787395   data arrival time
---------------------------------------------------------------------------------------------
                                              6.415560   slack (MET)


Startpoint: x0[1] (input port clocked by clk)
Endpoint: _13643_ (rising edge-triggered flip-flop clocked by clk)
Path Group: clk
Path Type: max

Fanout         Cap        Slew       Delay        Time   Description
---------------------------------------------------------------------------------------------
                                  0.000000    0.000000   clock clk (rise edge)
                                  0.000000    0.000000   clock network delay (propagated)
                                  3.000000    3.000000 v input external delay
     1    0.003579    0.010441    0.005761    3.005761 v x0[1] (in)
                                                         x0[1] (net)
                      0.010446    0.000000    3.005761 v input131/A (sky130_fd_sc_hd__buf_4)
     1    0.014239    0.037874    0.129812    3.135573 v input131/X (sky130_fd_sc_hd__buf_4)
                                                         net131 (net)
                      0.037919    0.001190    3.136763 v fanout649/A (sky130_fd_sc_hd__buf_8)
     6    0.036761    0.042268    0.131224    3.267987 v fanout649/X (sky130_fd_sc_hd__buf_8)
                                                         net649 (net)
                      0.042776    0.003523    3.271510 v fanout648/A (sky130_fd_sc_hd__buf_12)
     8    0.050191    0.041693    0.140044    3.411554 v fanout648/X (sky130_fd_sc_hd__buf_12)
                                                         net648 (net)
                      0.041767    0.001308    3.412862 v fanout647/A (sky130_fd_sc_hd__buf_8)
     6    0.029005    0.036519    0.128148    3.541010 v fanout647/X (sky130_fd_sc_hd__buf_8)
                                                         net647 (net)
                      0.036523    0.000568    3.541578 v fanout645/A (sky130_fd_sc_hd__buf_4)
    10    0.033415    0.057973    0.163304    3.704883 v fanout645/X (sky130_fd_sc_hd__buf_4)
                                                         net645 (net)
                      0.057979    0.000618    3.705500 v _11966_/A1 (sky130_fd_sc_hd__a22o_1)
     2    0.005813    0.053861    0.223329    3.928829 v _11966_/X (sky130_fd_sc_hd__a22o_1)
                                                         _04705_ (net)
                      0.053861    0.000113    3.928942 v _12114_/A3 (sky130_fd_sc_hd__a31o_1)
     2    0.005600    0.049090    0.227911    4.156853 v _12114_/X (sky130_fd_sc_hd__a31o_1)
                                                         _04867_ (net)
                      0.049090    0.000133    4.156986 v _12116_/B (sky130_fd_sc_hd__and3_1)
     3    0.008575    0.061323    0.188919    4.345905 v _12116_/X (sky130_fd_sc_hd__and3_1)
                                                         _04869_ (net)
                      0.061323    0.000203    4.346107 v _12119_/A (sky130_fd_sc_hd__or3_4)
     2    0.006921    0.069844    0.391727    4.737835 v _12119_/X (sky130_fd_sc_hd__or3_4)
                                                         _04873_ (net)
                      0.069844    0.000166    4.738001 v _12129_/A2 (sky130_fd_sc_hd__a21o_1)
     3    0.007840    0.054905    0.205274    4.943275 v _12129_/X (sky130_fd_sc_hd__a21o_1)
                                                         _04884_ (net)
                      0.054905    0.000139    4.943414 v _12131_/A2 (sky130_fd_sc_hd__a21bo_1)
     2    0.004869    0.043192    0.198526    5.141940 v _12131_/X (sky130_fd_sc_hd__a21bo_1)
                                                         _04886_ (net)
                      0.043192    0.000143    5.142083 v _12132_/B (sky130_fd_sc_hd__and3_1)
     4    0.013605    0.081926    0.205871    5.347954 v _12132_/X (sky130_fd_sc_hd__and3_1)
                                                         _04887_ (net)
                      0.081926    0.000351    5.348305 v _12136_/B (sky130_fd_sc_hd__or3_4)
     2    0.012393    0.078359    0.396836    5.745141 v _12136_/X (sky130_fd_sc_hd__or3_4)
                                                         _04891_ (net)
                      0.078359    0.000320    5.745461 v _12279_/A2 (sky130_fd_sc_hd__a211oi_4)
     5    0.017411    0.276447    0.328785    6.074246 ^ _12279_/Y (sky130_fd_sc_hd__a211oi_4)
                                                         _05048_ (net)
                      0.276448    0.000445    6.074691 ^ _12283_/A1 (sky130_fd_sc_hd__o21ai_1)
     2    0.008505    0.101643    0.155726    6.230417 v _12283_/Y (sky130_fd_sc_hd__o21ai_1)
                                                         _05052_ (net)
                      0.101643    0.000199    6.230616 v _12284_/C1 (sky130_fd_sc_hd__o211a_4)
     4    0.015030    0.052896    0.176096    6.406713 v _12284_/X (sky130_fd_sc_hd__o211a_4)
                                                         _05053_ (net)
                      0.052896    0.000308    6.407021 v _12288_/B (sky130_fd_sc_hd__or4_4)
     2    0.010179    0.094347    0.528106    6.935126 v _12288_/X (sky130_fd_sc_hd__or4_4)
                                                         _05058_ (net)
                      0.094436    0.000309    6.935435 v _12426_/A1 (sky130_fd_sc_hd__a211o_4)
     4    0.011856    0.060426    0.351811    7.287247 v _12426_/X (sky130_fd_sc_hd__a211o_4)
                                                         _05208_ (net)
                      0.060426    0.000277    7.287524 v _12429_/A2 (sky130_fd_sc_hd__a211o_1)
     2    0.009794    0.079668    0.331768    7.619292 v _12429_/X (sky130_fd_sc_hd__a211o_1)
                                                         _05212_ (net)
                      0.079668    0.000306    7.619598 v _12431_/A1 (sky130_fd_sc_hd__a211o_1)
     2    0.004947    0.057508    0.275691    7.895290 v _12431_/X (sky130_fd_sc_hd__a211o_1)
                                                         _05214_ (net)
                      0.057508    0.000087    7.895377 v _12433_/B2 (sky130_fd_sc_hd__a22o_1)
     2    0.007693    0.063132    0.223622    8.118999 v _12433_/X (sky130_fd_sc_hd__a22o_1)
                                                         _05216_ (net)
                      0.063132    0.000171    8.119169 v _12593_/A1 (sky130_fd_sc_hd__a21oi_2)
     3    0.011454    0.166306    0.185147    8.304317 ^ _12593_/Y (sky130_fd_sc_hd__a21oi_2)
                                                         _05391_ (net)
                      0.166308    0.000411    8.304728 ^ _12755_/A1 (sky130_fd_sc_hd__o21ba_4)
     3    0.008684    0.048691    0.174556    8.479284 ^ _12755_/X (sky130_fd_sc_hd__o21ba_4)
                                                         _05567_ (net)
                      0.048693    0.000317    8.479601 ^ _12756_/B (sky130_fd_sc_hd__nor2_1)
     3    0.008103    0.049124    0.055064    8.534666 v _12756_/Y (sky130_fd_sc_hd__nor2_1)
                                                         _05568_ (net)
                      0.049124    0.000179    8.534845 v _12905_/B (sky130_fd_sc_hd__nor2_1)
     1    0.005453    0.118560    0.115707    8.650552 ^ _12905_/Y (sky130_fd_sc_hd__nor2_1)
                                                         _05731_ (net)
                      0.118560    0.000137    8.650688 ^ _12906_/B (sky130_fd_sc_hd__xnor2_1)
     1    0.002384    0.107832    0.122751    8.773439 ^ _12906_/Y (sky130_fd_sc_hd__xnor2_1)
                                                         _00039_ (net)
                      0.107832    0.000051    8.773490 ^ _13643_/D (sky130_fd_sc_hd__dfrtp_1)
                                              8.773490   data arrival time

                                 15.000000   15.000000   clock clk (rise edge)
                                  0.000000   15.000000   clock source latency
     1    0.034823    0.162195    0.115248   15.115248 ^ clk (in)
                                                         clk (net)
                      0.162620    0.000000   15.115248 ^ clkbuf_0_clk/A (sky130_fd_sc_hd__clkbuf_16)
     8    0.113161    0.127354    0.234087   15.349335 ^ clkbuf_0_clk/X (sky130_fd_sc_hd__clkbuf_16)
                                                         clknet_0_clk (net)
                      0.127540    0.003933   15.353268 ^ clkbuf_3_4__f_clk/A (sky130_fd_sc_hd__clkbuf_16)
     7    0.038185    0.058234    0.170131   15.523398 ^ clkbuf_3_4__f_clk/X (sky130_fd_sc_hd__clkbuf_16)
                                                         clknet_3_4__leaf_clk (net)
                      0.058311    0.001712   15.525110 ^ _13643_/CLK (sky130_fd_sc_hd__dfrtp_1)
                                 -0.250000   15.275111   clock uncertainty
                                  0.000000   15.275111   clock reconvergence pessimism
                                 -0.072293   15.202817   library setup time
                                             15.202817   data required time
---------------------------------------------------------------------------------------------
                                             15.202817   data required time
                                             -8.773490   data arrival time
---------------------------------------------------------------------------------------------
                                              6.429327   slack (MET)


Startpoint: x0[0] (input port clocked by clk)
Endpoint: _13677_ (rising edge-triggered flip-flop clocked by clk)
Path Group: clk
Path Type: max

Fanout         Cap        Slew       Delay        Time   Description
---------------------------------------------------------------------------------------------
                                  0.000000    0.000000   clock clk (rise edge)
                                  0.000000    0.000000   clock network delay (propagated)
                                  3.000000    3.000000 v input external delay
     1    0.002607    0.008177    0.004116    3.004116 v x0[0] (in)
                                                         x0[0] (net)
                      0.008177    0.000000    3.004116 v input130/A (sky130_fd_sc_hd__clkbuf_2)
     2    0.019110    0.078624    0.130479    3.134595 v input130/X (sky130_fd_sc_hd__clkbuf_2)
                                                         net130 (net)
                      0.078645    0.001259    3.135854 v fanout658/A (sky130_fd_sc_hd__buf_4)
     6    0.033088    0.057852    0.180837    3.316691 v fanout658/X (sky130_fd_sc_hd__buf_4)
                                                         net658 (net)
                      0.057858    0.000796    3.317487 v fanout655/A (sky130_fd_sc_hd__buf_6)
    10    0.042324    0.050558    0.146846    3.464333 v fanout655/X (sky130_fd_sc_hd__buf_6)
                                                         net655 (net)
                      0.050570    0.000652    3.464985 v fanout654/A (sky130_fd_sc_hd__clkbuf_4)
    10    0.034960    0.080936    0.185823    3.650808 v fanout654/X (sky130_fd_sc_hd__clkbuf_4)
                                                         net654 (net)
                      0.080944    0.000852    3.651660 v _10253_/B2 (sky130_fd_sc_hd__a22o_1)
     2    0.005466    0.052253    0.220560    3.872220 v _10253_/X (sky130_fd_sc_hd__a22o_1)
                                                         _02839_ (net)
                      0.052253    0.000123    3.872343 v _10402_/A3 (sky130_fd_sc_hd__a31o_1)
     2    0.005025    0.046512    0.224309    4.096652 v _10402_/X (sky130_fd_sc_hd__a31o_1)
                                                         _03002_ (net)
                      0.046512    0.000113    4.096765 v _10404_/B (sky130_fd_sc_hd__and3_1)
     3    0.008365    0.060647    0.186784    4.283549 v _10404_/X (sky130_fd_sc_hd__and3_1)
                                                         _03004_ (net)
                      0.060647    0.000242    4.283791 v _10407_/A (sky130_fd_sc_hd__or3_1)
     2    0.006370    0.084782    0.395324    4.679115 v _10407_/X (sky130_fd_sc_hd__or3_1)
                                                         _03007_ (net)
                      0.084782    0.000152    4.679267 v _10417_/A1 (sky130_fd_sc_hd__a21o_1)
     3    0.007911    0.055236    0.190223    4.869490 v _10417_/X (sky130_fd_sc_hd__a21o_1)
                                                         _03018_ (net)
                      0.055236    0.000134    4.869624 v _10419_/A2 (sky130_fd_sc_hd__a21bo_1)
     2    0.005825    0.047335    0.203189    5.072813 v _10419_/X (sky130_fd_sc_hd__a21bo_1)
                                                         _03021_ (net)
                      0.047335    0.000192    5.073005 v _10420_/C (sky130_fd_sc_hd__and3_1)
     4    0.013614    0.081968    0.223008    5.296013 v _10420_/X (sky130_fd_sc_hd__and3_1)
                                                         _03022_ (net)
                      0.081968    0.000299    5.296312 v _10424_/B (sky130_fd_sc_hd__or3_4)
     2    0.007793    0.071144    0.382952    5.679265 v _10424_/X (sky130_fd_sc_hd__or3_4)
                                                         _03026_ (net)
                      0.071144    0.000167    5.679431 v _10568_/A2 (sky130_fd_sc_hd__a211oi_2)
     5    0.017432    0.358278    0.380134    6.059566 ^ _10568_/Y (sky130_fd_sc_hd__a211oi_2)
                                                         _03184_ (net)
                      0.358278    0.000357    6.059922 ^ _10572_/A1 (sky130_fd_sc_hd__o21ai_1)
     2    0.007565    0.105961    0.161991    6.221913 v _10572_/Y (sky130_fd_sc_hd__o21ai_1)
                                                         _03188_ (net)
                      0.105961    0.000300    6.222213 v _10573_/C1 (sky130_fd_sc_hd__o211a_1)
     4    0.013867    0.086125    0.178796    6.401009 v _10573_/X (sky130_fd_sc_hd__o211a_1)
                                                         _03189_ (net)
                      0.086127    0.000514    6.401523 v _10577_/C (sky130_fd_sc_hd__or4_4)
     2    0.007526    0.089697    0.498011    6.899534 v _10577_/X (sky130_fd_sc_hd__or4_4)
                                                         _03193_ (net)
                      0.089697    0.000144    6.899678 v _10717_/A1 (sky130_fd_sc_hd__a211o_4)
     3    0.013821    0.063896    0.354920    7.254598 v _10717_/X (sky130_fd_sc_hd__a211o_4)
                                                         _03346_ (net)
                      0.063948    0.000477    7.255074 v _10720_/B1 (sky130_fd_sc_hd__o211a_1)
     3    0.009595    0.067977    0.161037    7.416111 v _10720_/X (sky130_fd_sc_hd__o211a_1)
                                                         _03350_ (net)
                      0.067977    0.000258    7.416369 v _10722_/C1 (sky130_fd_sc_hd__a211o_1)
     4    0.011003    0.083905    0.275437    7.691806 v _10722_/X (sky130_fd_sc_hd__a211o_1)
                                                         _03352_ (net)
                      0.083905    0.000176    7.691982 v _10725_/B1 (sky130_fd_sc_hd__a22o_1)
     2    0.007080    0.060097    0.211489    7.903472 v _10725_/X (sky130_fd_sc_hd__a22o_1)
                                                         _03355_ (net)
                      0.060097    0.000248    7.903720 v _10887_/A1 (sky130_fd_sc_hd__a21oi_1)
     3    0.009701    0.232588    0.220798    8.124518 ^ _10887_/Y (sky130_fd_sc_hd__a21oi_1)
                                                         _03532_ (net)
                      0.232588    0.000305    8.124823 ^ _11049_/A2 (sky130_fd_sc_hd__o21ba_1)
     3    0.009550    0.104048    0.194313    8.319136 ^ _11049_/X (sky130_fd_sc_hd__o21ba_1)
                                                         _03710_ (net)
                      0.104048    0.000328    8.319464 ^ _11050_/B (sky130_fd_sc_hd__nor2_1)
     3    0.009404    0.080133    0.078193    8.397656 v _11050_/Y (sky130_fd_sc_hd__nor2_1)
                                                         _03711_ (net)
                      0.080133    0.000331    8.397987 v _11197_/B1_N (sky130_fd_sc_hd__o21ba_1)
     1    0.005432    0.068496    0.238794    8.636782 ^ _11197_/X (sky130_fd_sc_hd__o21ba_1)
                                                         _03871_ (net)
                      0.068496    0.000135    8.636916 ^ _11198_/B (sky130_fd_sc_hd__xnor2_1)
     1    0.002780    0.115338    0.110991    8.747908 ^ _11198_/Y (sky130_fd_sc_hd__xnor2_1)
                                                         _00025_ (net)
                      0.115338    0.000063    8.747971 ^ _13677_/D (sky130_fd_sc_hd__dfrtp_1)
                                              8.747971   data arrival time

                                 15.000000   15.000000   clock clk (rise edge)
                                  0.000000   15.000000   clock source latency
     1    0.034823    0.162195    0.115248   15.115248 ^ clk (in)
                                                         clk (net)
                      0.162620    0.000000   15.115248 ^ clkbuf_0_clk/A (sky130_fd_sc_hd__clkbuf_16)
     8    0.113161    0.127354    0.234087   15.349335 ^ clkbuf_0_clk/X (sky130_fd_sc_hd__clkbuf_16)
                                                         clknet_0_clk (net)
                      0.127819    0.006139   15.355474 ^ clkbuf_3_2__f_clk/A (sky130_fd_sc_hd__clkbuf_16)
    10    0.035562    0.055795    0.167619   15.523092 ^ clkbuf_3_2__f_clk/X (sky130_fd_sc_hd__clkbuf_16)
                                                         clknet_3_2__leaf_clk (net)
                      0.056301    0.003613   15.526706 ^ _13677_/CLK (sky130_fd_sc_hd__dfrtp_1)
                                 -0.250000   15.276707   clock uncertainty
                                  0.000000   15.276707   clock reconvergence pessimism
                                 -0.074331   15.202374   library setup time
                                             15.202374   data required time
---------------------------------------------------------------------------------------------
                                             15.202374   data required time
                                             -8.747971   data arrival time
---------------------------------------------------------------------------------------------
                                              6.454404   slack (MET)


Startpoint: x0[0] (input port clocked by clk)
Endpoint: _13694_ (rising edge-triggered flip-flop clocked by clk)
Path Group: clk
Path Type: max

Fanout         Cap        Slew       Delay        Time   Description
---------------------------------------------------------------------------------------------
                                  0.000000    0.000000   clock clk (rise edge)
                                  0.000000    0.000000   clock network delay (propagated)
                                  3.000000    3.000000 v input external delay
     1    0.002607    0.008177    0.004116    3.004116 v x0[0] (in)
                                                         x0[0] (net)
                      0.008177    0.000000    3.004116 v input130/A (sky130_fd_sc_hd__clkbuf_2)
     2    0.019110    0.078624    0.130479    3.134595 v input130/X (sky130_fd_sc_hd__clkbuf_2)
                                                         net130 (net)
                      0.078645    0.001259    3.135854 v fanout658/A (sky130_fd_sc_hd__buf_4)
     6    0.033088    0.057852    0.180837    3.316691 v fanout658/X (sky130_fd_sc_hd__buf_4)
                                                         net658 (net)
                      0.057858    0.000796    3.317487 v fanout655/A (sky130_fd_sc_hd__buf_6)
    10    0.042324    0.050558    0.146846    3.464333 v fanout655/X (sky130_fd_sc_hd__buf_6)
                                                         net655 (net)
                      0.050570    0.000652    3.464985 v fanout654/A (sky130_fd_sc_hd__clkbuf_4)
    10    0.034960    0.080936    0.185823    3.650808 v fanout654/X (sky130_fd_sc_hd__clkbuf_4)
                                                         net654 (net)
                      0.080963    0.001384    3.652193 v _06873_/B2 (sky130_fd_sc_hd__a22o_1)
     2    0.006126    0.055356    0.224120    3.876313 v _06873_/X (sky130_fd_sc_hd__a22o_1)
                                                         _01954_ (net)
                      0.055356    0.000144    3.876457 v _07019_/A3 (sky130_fd_sc_hd__a31o_1)
     2    0.005635    0.049269    0.228702    4.105159 v _07019_/X (sky130_fd_sc_hd__a31o_1)
                                                         _03543_ (net)
                      0.049269    0.000122    4.105281 v _07021_/B (sky130_fd_sc_hd__and3_1)
     3    0.008359    0.060633    0.187911    4.293192 v _07021_/X (sky130_fd_sc_hd__and3_1)
                                                         _03565_ (net)
                      0.060633    0.000234    4.293427 v _07023_/B (sky130_fd_sc_hd__or3_1)
     2    0.006193    0.083730    0.370700    4.664126 v _07023_/X (sky130_fd_sc_hd__or3_1)
                                                         _03587_ (net)
                      0.083730    0.000153    4.664280 v _07032_/A1 (sky130_fd_sc_hd__a21o_1)
     3    0.008716    0.058329    0.193367    4.857646 v _07032_/X (sky130_fd_sc_hd__a21o_1)
                                                         _03686_ (net)
                      0.058329    0.000261    4.857907 v _07041_/A2 (sky130_fd_sc_hd__a21o_1)
     3    0.009848    0.061872    0.209732    5.067639 v _07041_/X (sky130_fd_sc_hd__a21o_1)
                                                         _03784_ (net)
                      0.061872    0.000133    5.067772 v _07042_/C (sky130_fd_sc_hd__and3_1)
     2    0.006799    0.054176    0.201230    5.269003 v _07042_/X (sky130_fd_sc_hd__and3_1)
                                                         _03795_ (net)
                      0.054176    0.000250    5.269252 v _07047_/A (sky130_fd_sc_hd__or3_4)
     4    0.016687    0.087545    0.418241    5.687493 v _07047_/X (sky130_fd_sc_hd__or3_4)
                                                         _03850_ (net)
                      0.087545    0.000314    5.687807 v _07048_/A1 (sky130_fd_sc_hd__a211oi_4)
     5    0.020806    0.306593    0.328652    6.016459 ^ _07048_/Y (sky130_fd_sc_hd__a211oi_4)
                                                         _03861_ (net)
                      0.306593    0.000586    6.017045 ^ _07050_/B (sky130_fd_sc_hd__nor3_1)
     2    0.008218    0.094996    0.128063    6.145108 v _07050_/Y (sky130_fd_sc_hd__nor3_1)
                                                         _03882_ (net)
                      0.094996    0.000256    6.145363 v _07186_/A2 (sky130_fd_sc_hd__o211a_1)
     4    0.015241    0.091976    0.277417    6.422780 v _07186_/X (sky130_fd_sc_hd__o211a_1)
                                                         _05363_ (net)
                      0.091977    0.000528    6.423308 v _07190_/B (sky130_fd_sc_hd__or3_4)
     2    0.009683    0.074099    0.392336    6.815644 v _07190_/X (sky130_fd_sc_hd__or3_4)
                                                         _05406_ (net)
                      0.074099    0.000195    6.815840 v _07331_/A1 (sky130_fd_sc_hd__a211o_4)
     4    0.012335    0.061326    0.345172    7.161012 v _07331_/X (sky130_fd_sc_hd__a211o_4)
                                                         _06562_ (net)
                      0.061326    0.000244    7.161255 v _07334_/A1 (sky130_fd_sc_hd__a211o_1)
     2    0.008438    0.075205    0.288984    7.450240 v _07334_/X (sky130_fd_sc_hd__a211o_1)
                                                         _06565_ (net)
                      0.075205    0.000212    7.450452 v _07336_/A2 (sky130_fd_sc_hd__a211o_1)
     2    0.005485    0.060044    0.312174    7.762626 v _07336_/X (sky130_fd_sc_hd__a211o_1)
                                                         _06567_ (net)
                      0.060091    0.000187    7.762813 v _07338_/B2 (sky130_fd_sc_hd__a22o_1)
     2    0.005460    0.052216    0.212530    7.975342 v _07338_/X (sky130_fd_sc_hd__a22o_1)
                                                         _06569_ (net)
                      0.052216    0.000123    7.975465 v _07499_/A1 (sky130_fd_sc_hd__a21o_1)
     2    0.009594    0.060893    0.184301    8.159765 v _07499_/X (sky130_fd_sc_hd__a21o_1)
                                                         _06729_ (net)
                      0.060893    0.000222    8.159987 v _07662_/A1 (sky130_fd_sc_hd__a21oi_2)
     3    0.010272    0.154123    0.174294    8.334282 ^ _07662_/Y (sky130_fd_sc_hd__a21oi_2)
                                                         _00142_ (net)
                      0.154123    0.000298    8.334580 ^ _07663_/C (sky130_fd_sc_hd__or3_1)
     2    0.005935    0.064786    0.144277    8.478857 ^ _07663_/X (sky130_fd_sc_hd__or3_1)
                                                         _00143_ (net)
                      0.064786    0.000102    8.478959 ^ _07812_/B (sky130_fd_sc_hd__and2b_1)
     1    0.005169    0.060461    0.134087    8.613047 ^ _07812_/X (sky130_fd_sc_hd__and2b_1)
                                                         _00291_ (net)
                      0.060461    0.000122    8.613168 ^ _07813_/B (sky130_fd_sc_hd__xor2_1)
     1    0.002470    0.105915    0.135040    8.748208 ^ _07813_/X (sky130_fd_sc_hd__xor2_1)
                                                         _00053_ (net)
                      0.105915    0.000053    8.748261 ^ _13694_/D (sky130_fd_sc_hd__dfrtp_1)
                                              8.748261   data arrival time

                                 15.000000   15.000000   clock clk (rise edge)
                                  0.000000   15.000000   clock source latency
     1    0.034823    0.162195    0.115248   15.115248 ^ clk (in)
                                                         clk (net)
                      0.162620    0.000000   15.115248 ^ clkbuf_0_clk/A (sky130_fd_sc_hd__clkbuf_16)
     8    0.113161    0.127354    0.234087   15.349335 ^ clkbuf_0_clk/X (sky130_fd_sc_hd__clkbuf_16)
                                                         clknet_0_clk (net)
                      0.127832    0.006226   15.355561 ^ clkbuf_3_1__f_clk/A (sky130_fd_sc_hd__clkbuf_16)
     7    0.038592    0.058653    0.170198   15.525759 ^ clkbuf_3_1__f_clk/X (sky130_fd_sc_hd__clkbuf_16)
                                                         clknet_3_1__leaf_clk (net)
                      0.058836    0.002643   15.528402 ^ _13694_/CLK (sky130_fd_sc_hd__dfrtp_1)
                                 -0.250000   15.278403   clock uncertainty
                                  0.000000   15.278403   clock reconvergence pessimism
                                 -0.071772   15.206631   library setup time
                                             15.206631   data required time
---------------------------------------------------------------------------------------------
                                             15.206631   data required time
                                             -8.748261   data arrival time
---------------------------------------------------------------------------------------------
                                              6.458370   slack (MET)


Startpoint: x0[1] (input port clocked by clk)
Endpoint: _13659_ (rising edge-triggered flip-flop clocked by clk)
Path Group: clk
Path Type: max

Fanout         Cap        Slew       Delay        Time   Description
---------------------------------------------------------------------------------------------
                                  0.000000    0.000000   clock clk (rise edge)
                                  0.000000    0.000000   clock network delay (propagated)
                                  3.000000    3.000000 v input external delay
     1    0.003579    0.010441    0.005761    3.005761 v x0[1] (in)
                                                         x0[1] (net)
                      0.010446    0.000000    3.005761 v input131/A (sky130_fd_sc_hd__buf_4)
     1    0.014239    0.037874    0.129812    3.135573 v input131/X (sky130_fd_sc_hd__buf_4)
                                                         net131 (net)
                      0.037919    0.001190    3.136763 v fanout649/A (sky130_fd_sc_hd__buf_8)
     6    0.036761    0.042268    0.131224    3.267987 v fanout649/X (sky130_fd_sc_hd__buf_8)
                                                         net649 (net)
                      0.042776    0.003523    3.271510 v fanout648/A (sky130_fd_sc_hd__buf_12)
     8    0.050191    0.041693    0.140044    3.411554 v fanout648/X (sky130_fd_sc_hd__buf_12)
                                                         net648 (net)
                      0.041767    0.001308    3.412862 v fanout647/A (sky130_fd_sc_hd__buf_8)
     6    0.029005    0.036519    0.128148    3.541010 v fanout647/X (sky130_fd_sc_hd__buf_8)
                                                         net647 (net)
                      0.036764    0.002113    3.543123 v fanout646/A (sky130_fd_sc_hd__buf_8)
    10    0.034966    0.040409    0.130413    3.673537 v fanout646/X (sky130_fd_sc_hd__buf_8)
                                                         net646 (net)
                      0.040467    0.001361    3.674897 v _08855_/A (sky130_fd_sc_hd__and4_1)
     3    0.008187    0.061183    0.167059    3.841956 v _08855_/X (sky130_fd_sc_hd__and4_1)
                                                         _01321_ (net)
                      0.061183    0.000203    3.842159 v _08857_/B (sky130_fd_sc_hd__or3_4)
     2    0.006332    0.068804    0.370920    4.213079 v _08857_/X (sky130_fd_sc_hd__or3_4)
                                                         _01323_ (net)
                      0.068804    0.000141    4.213220 v _08861_/A2 (sky130_fd_sc_hd__a21o_1)
     3    0.011209    0.067325    0.218683    4.431903 v _08861_/X (sky130_fd_sc_hd__a21o_1)
                                                         _01327_ (net)
                      0.067326    0.000394    4.432297 v _08863_/A1 (sky130_fd_sc_hd__a21o_1)
     3    0.007227    0.052089    0.179907    4.612204 v _08863_/X (sky130_fd_sc_hd__a21o_1)
                                                         _01329_ (net)
                      0.052089    0.000173    4.612376 v _08865_/A (sky130_fd_sc_hd__and3_1)
     2    0.006366    0.052180    0.159218    4.771594 v _08865_/X (sky130_fd_sc_hd__and3_1)
                                                         _01331_ (net)
                      0.052180    0.000210    4.771803 v _08868_/A (sky130_fd_sc_hd__or3_4)
     4    0.017810    0.088813    0.419547    5.191350 v _08868_/X (sky130_fd_sc_hd__or3_4)
                                                         _01334_ (net)
                      0.088813    0.000592    5.191942 v _08871_/A (sky130_fd_sc_hd__and3_4)
     4    0.021850    0.053378    0.191214    5.383155 v _08871_/X (sky130_fd_sc_hd__and3_4)
                                                         _01337_ (net)
                      0.053386    0.000605    5.383761 v _08874_/A1 (sky130_fd_sc_hd__o21a_4)
     2    0.012809    0.044765    0.226490    5.610251 v _08874_/X (sky130_fd_sc_hd__o21a_4)
                                                         _01340_ (net)
                      0.044766    0.000340    5.610591 v _08876_/A2 (sky130_fd_sc_hd__o211a_1)
     3    0.008752    0.065963    0.230882    5.841472 v _08876_/X (sky130_fd_sc_hd__o211a_1)
                                                         _01342_ (net)
                      0.065964    0.000299    5.841771 v _08878_/A (sky130_fd_sc_hd__or3_4)
     2    0.008312    0.072029    0.397668    6.239439 v _08878_/X (sky130_fd_sc_hd__or3_4)
                                                         _01345_ (net)
                      0.072029    0.000278    6.239717 v _08880_/B1 (sky130_fd_sc_hd__o211a_4)
     4    0.014228    0.051804    0.162725    6.402442 v _08880_/X (sky130_fd_sc_hd__o211a_4)
                                                         _01347_ (net)
                      0.051808    0.000487    6.402929 v _08884_/B (sky130_fd_sc_hd__or4_4)
     2    0.010454    0.094936    0.528734    6.931663 v _08884_/X (sky130_fd_sc_hd__or4_4)
                                                         _01351_ (net)
                      0.094936    0.000385    6.932048 v _09024_/A1 (sky130_fd_sc_hd__a211o_4)
     4    0.013439    0.063153    0.356004    7.288053 v _09024_/X (sky130_fd_sc_hd__a211o_4)
                                                         _01504_ (net)
                      0.063153    0.000388    7.288441 v _09027_/A2 (sky130_fd_sc_hd__a211o_1)
     2    0.008193    0.074025    0.323868    7.612309 v _09027_/X (sky130_fd_sc_hd__a211o_1)
                                                         _01507_ (net)
                      0.074025    0.000137    7.612445 v _09029_/A1 (sky130_fd_sc_hd__a211o_1)
     2    0.007430    0.069615    0.287978    7.900423 v _09029_/X (sky130_fd_sc_hd__a211o_1)
                                                         _01510_ (net)
                      0.069615    0.000268    7.900691 v _09031_/B2 (sky130_fd_sc_hd__a2bb2o_4)
     2    0.005838    0.036416    0.209376    8.110066 v _09031_/X (sky130_fd_sc_hd__a2bb2o_4)
                                                         _01512_ (net)
                      0.036416    0.000115    8.110181 v _09191_/A2 (sky130_fd_sc_hd__a21o_1)
     2    0.015666    0.085575    0.221526    8.331707 v _09191_/X (sky130_fd_sc_hd__a21o_1)
                                                         _01686_ (net)
                      0.085580    0.000737    8.332444 v _09351_/A1 (sky130_fd_sc_hd__a21oi_4)
     4    0.018134    0.172429    0.191379    8.523824 ^ _09351_/Y (sky130_fd_sc_hd__a21oi_4)
                                                         _01861_ (net)
                      0.172431    0.000822    8.524645 ^ _09352_/B (sky130_fd_sc_hd__xor2_1)
     1    0.003485    0.123532    0.167313    8.691958 ^ _09352_/X (sky130_fd_sc_hd__xor2_1)
                                                         _00066_ (net)
                      0.123532    0.000118    8.692077 ^ _13659_/D (sky130_fd_sc_hd__dfrtp_1)
                                              8.692077   data arrival time

                                 15.000000   15.000000   clock clk (rise edge)
                                  0.000000   15.000000   clock source latency
     1    0.034823    0.162195    0.115248   15.115248 ^ clk (in)
                                                         clk (net)
                      0.162620    0.000000   15.115248 ^ clkbuf_0_clk/A (sky130_fd_sc_hd__clkbuf_16)
     8    0.113161    0.127354    0.234087   15.349335 ^ clkbuf_0_clk/X (sky130_fd_sc_hd__clkbuf_16)
                                                         clknet_0_clk (net)
                      0.127651    0.004933   15.354268 ^ clkbuf_3_7__f_clk/A (sky130_fd_sc_hd__clkbuf_16)
    10    0.037518    0.057691    0.169349   15.523617 ^ clkbuf_3_7__f_clk/X (sky130_fd_sc_hd__clkbuf_16)
                                                         clknet_3_7__leaf_clk (net)
                      0.057817    0.002084   15.525701 ^ _13659_/CLK (sky130_fd_sc_hd__dfrtp_1)
                                 -0.250000   15.275702   clock uncertainty
                                  0.000000   15.275702   clock reconvergence pessimism
                                 -0.075984   15.199718   library setup time
                                             15.199718   data required time
---------------------------------------------------------------------------------------------
                                             15.199718   data required time
                                             -8.692077   data arrival time
---------------------------------------------------------------------------------------------
                                              6.507641   slack (MET)


Startpoint: x0[1] (input port clocked by clk)
Endpoint: _13642_ (rising edge-triggered flip-flop clocked by clk)
Path Group: clk
Path Type: max

Fanout         Cap        Slew       Delay        Time   Description
---------------------------------------------------------------------------------------------
                                  0.000000    0.000000   clock clk (rise edge)
                                  0.000000    0.000000   clock network delay (propagated)
                                  3.000000    3.000000 v input external delay
     1    0.003579    0.010441    0.005761    3.005761 v x0[1] (in)
                                                         x0[1] (net)
                      0.010446    0.000000    3.005761 v input131/A (sky130_fd_sc_hd__buf_4)
     1    0.014239    0.037874    0.129812    3.135573 v input131/X (sky130_fd_sc_hd__buf_4)
                                                         net131 (net)
                      0.037919    0.001190    3.136763 v fanout649/A (sky130_fd_sc_hd__buf_8)
     6    0.036761    0.042268    0.131224    3.267987 v fanout649/X (sky130_fd_sc_hd__buf_8)
                                                         net649 (net)
                      0.042776    0.003523    3.271510 v fanout648/A (sky130_fd_sc_hd__buf_12)
     8    0.050191    0.041693    0.140044    3.411554 v fanout648/X (sky130_fd_sc_hd__buf_12)
                                                         net648 (net)
                      0.041767    0.001308    3.412862 v fanout647/A (sky130_fd_sc_hd__buf_8)
     6    0.029005    0.036519    0.128148    3.541010 v fanout647/X (sky130_fd_sc_hd__buf_8)
                                                         net647 (net)
                      0.036523    0.000568    3.541578 v fanout645/A (sky130_fd_sc_hd__buf_4)
    10    0.033415    0.057973    0.163304    3.704883 v fanout645/X (sky130_fd_sc_hd__buf_4)
                                                         net645 (net)
                      0.057979    0.000618    3.705500 v _11966_/A1 (sky130_fd_sc_hd__a22o_1)
     2    0.005813    0.053861    0.223329    3.928829 v _11966_/X (sky130_fd_sc_hd__a22o_1)
                                                         _04705_ (net)
                      0.053861    0.000113    3.928942 v _12114_/A3 (sky130_fd_sc_hd__a31o_1)
     2    0.005600    0.049090    0.227911    4.156853 v _12114_/X (sky130_fd_sc_hd__a31o_1)
                                                         _04867_ (net)
                      0.049090    0.000133    4.156986 v _12116_/B (sky130_fd_sc_hd__and3_1)
     3    0.008575    0.061323    0.188919    4.345905 v _12116_/X (sky130_fd_sc_hd__and3_1)
                                                         _04869_ (net)
                      0.061323    0.000203    4.346107 v _12119_/A (sky130_fd_sc_hd__or3_4)
     2    0.006921    0.069844    0.391727    4.737835 v _12119_/X (sky130_fd_sc_hd__or3_4)
                                                         _04873_ (net)
                      0.069844    0.000166    4.738001 v _12129_/A2 (sky130_fd_sc_hd__a21o_1)
     3    0.007840    0.054905    0.205274    4.943275 v _12129_/X (sky130_fd_sc_hd__a21o_1)
                                                         _04884_ (net)
                      0.054905    0.000139    4.943414 v _12131_/A2 (sky130_fd_sc_hd__a21bo_1)
     2    0.004869    0.043192    0.198526    5.141940 v _12131_/X (sky130_fd_sc_hd__a21bo_1)
                                                         _04886_ (net)
                      0.043192    0.000143    5.142083 v _12132_/B (sky130_fd_sc_hd__and3_1)
     4    0.013605    0.081926    0.205871    5.347954 v _12132_/X (sky130_fd_sc_hd__and3_1)
                                                         _04887_ (net)
                      0.081926    0.000351    5.348305 v _12136_/B (sky130_fd_sc_hd__or3_4)
     2    0.012393    0.078359    0.396836    5.745141 v _12136_/X (sky130_fd_sc_hd__or3_4)
                                                         _04891_ (net)
                      0.078359    0.000320    5.745461 v _12279_/A2 (sky130_fd_sc_hd__a211oi_4)
     5    0.017411    0.276447    0.328785    6.074246 ^ _12279_/Y (sky130_fd_sc_hd__a211oi_4)
                                                         _05048_ (net)
                      0.276448    0.000445    6.074691 ^ _12283_/A1 (sky130_fd_sc_hd__o21ai_1)
     2    0.008505    0.101643    0.155726    6.230417 v _12283_/Y (sky130_fd_sc_hd__o21ai_1)
                                                         _05052_ (net)
                      0.101643    0.000199    6.230616 v _12284_/C1 (sky130_fd_sc_hd__o211a_4)
     4    0.015030    0.052896    0.176096    6.406713 v _12284_/X (sky130_fd_sc_hd__o211a_4)
                                                         _05053_ (net)
                      0.052896    0.000308    6.407021 v _12288_/B (sky130_fd_sc_hd__or4_4)
     2    0.010179    0.094347    0.528106    6.935126 v _12288_/X (sky130_fd_sc_hd__or4_4)
                                                         _05058_ (net)
                      0.094436    0.000309    6.935435 v _12426_/A1 (sky130_fd_sc_hd__a211o_4)
     4    0.011856    0.060426    0.351811    7.287247 v _12426_/X (sky130_fd_sc_hd__a211o_4)
                                                         _05208_ (net)
                      0.060426    0.000277    7.287524 v _12429_/A2 (sky130_fd_sc_hd__a211o_1)
     2    0.009794    0.079668    0.331768    7.619292 v _12429_/X (sky130_fd_sc_hd__a211o_1)
                                                         _05212_ (net)
                      0.079668    0.000306    7.619598 v _12431_/A1 (sky130_fd_sc_hd__a211o_1)
     2    0.004947    0.057508    0.275691    7.895290 v _12431_/X (sky130_fd_sc_hd__a211o_1)
                                                         _05214_ (net)
                      0.057508    0.000087    7.895377 v _12433_/B2 (sky130_fd_sc_hd__a22o_1)
     2    0.007693    0.063132    0.223622    8.118999 v _12433_/X (sky130_fd_sc_hd__a22o_1)
                                                         _05216_ (net)
                      0.063132    0.000171    8.119169 v _12593_/A1 (sky130_fd_sc_hd__a21oi_2)
     3    0.011454    0.166306    0.185147    8.304317 ^ _12593_/Y (sky130_fd_sc_hd__a21oi_2)
                                                         _05391_ (net)
                      0.166308    0.000411    8.304728 ^ _12755_/A1 (sky130_fd_sc_hd__o21ba_4)
     3    0.008684    0.048691    0.174556    8.479284 ^ _12755_/X (sky130_fd_sc_hd__o21ba_4)
                                                         _05567_ (net)
                      0.048693    0.000324    8.479609 ^ _12757_/B (sky130_fd_sc_hd__and2_1)
     1    0.004074    0.056924    0.124938    8.604547 ^ _12757_/X (sky130_fd_sc_hd__and2_1)
                                                         _05569_ (net)
                      0.056924    0.000115    8.604661 ^ _12758_/B (sky130_fd_sc_hd__nor2_1)
     1    0.002835    0.047463    0.039821    8.644483 v _12758_/Y (sky130_fd_sc_hd__nor2_1)
                                                         _00038_ (net)
                      0.047463    0.000066    8.644548 v _13642_/D (sky130_fd_sc_hd__dfrtp_1)
                                              8.644548   data arrival time

                                 15.000000   15.000000   clock clk (rise edge)
                                  0.000000   15.000000   clock source latency
     1    0.034823    0.162195    0.115248   15.115248 ^ clk (in)
                                                         clk (net)
                      0.162620    0.000000   15.115248 ^ clkbuf_0_clk/A (sky130_fd_sc_hd__clkbuf_16)
     8    0.113161    0.127354    0.234087   15.349335 ^ clkbuf_0_clk/X (sky130_fd_sc_hd__clkbuf_16)
                                                         clknet_0_clk (net)
                      0.127740    0.005604   15.354939 ^ clkbuf_3_6__f_clk/A (sky130_fd_sc_hd__clkbuf_16)
    10    0.030191    0.051358    0.164231   15.519171 ^ clkbuf_3_6__f_clk/X (sky130_fd_sc_hd__clkbuf_16)
                                                         clknet_3_6__leaf_clk (net)
                      0.051376    0.001195   15.520366 ^ _13642_/CLK (sky130_fd_sc_hd__dfrtp_1)
                                 -0.250000   15.270367   clock uncertainty
                                  0.000000   15.270367   clock reconvergence pessimism
                                 -0.113889   15.156477   library setup time
                                             15.156477   data required time
---------------------------------------------------------------------------------------------
                                             15.156477   data required time
                                             -8.644548   data arrival time
---------------------------------------------------------------------------------------------
                                              6.511929   slack (MET)


Startpoint: x0[1] (input port clocked by clk)
Endpoint: _13641_ (rising edge-triggered flip-flop clocked by clk)
Path Group: clk
Path Type: max

Fanout         Cap        Slew       Delay        Time   Description
---------------------------------------------------------------------------------------------
                                  0.000000    0.000000   clock clk (rise edge)
                                  0.000000    0.000000   clock network delay (propagated)
                                  3.000000    3.000000 v input external delay
     1    0.003579    0.010441    0.005761    3.005761 v x0[1] (in)
                                                         x0[1] (net)
                      0.010446    0.000000    3.005761 v input131/A (sky130_fd_sc_hd__buf_4)
     1    0.014239    0.037874    0.129812    3.135573 v input131/X (sky130_fd_sc_hd__buf_4)
                                                         net131 (net)
                      0.037919    0.001190    3.136763 v fanout649/A (sky130_fd_sc_hd__buf_8)
     6    0.036761    0.042268    0.131224    3.267987 v fanout649/X (sky130_fd_sc_hd__buf_8)
                                                         net649 (net)
                      0.042776    0.003523    3.271510 v fanout648/A (sky130_fd_sc_hd__buf_12)
     8    0.050191    0.041693    0.140044    3.411554 v fanout648/X (sky130_fd_sc_hd__buf_12)
                                                         net648 (net)
                      0.041767    0.001308    3.412862 v fanout647/A (sky130_fd_sc_hd__buf_8)
     6    0.029005    0.036519    0.128148    3.541010 v fanout647/X (sky130_fd_sc_hd__buf_8)
                                                         net647 (net)
                      0.036523    0.000568    3.541578 v fanout645/A (sky130_fd_sc_hd__buf_4)
    10    0.033415    0.057973    0.163304    3.704883 v fanout645/X (sky130_fd_sc_hd__buf_4)
                                                         net645 (net)
                      0.057979    0.000618    3.705500 v _11966_/A1 (sky130_fd_sc_hd__a22o_1)
     2    0.005813    0.053861    0.223329    3.928829 v _11966_/X (sky130_fd_sc_hd__a22o_1)
                                                         _04705_ (net)
                      0.053861    0.000113    3.928942 v _12114_/A3 (sky130_fd_sc_hd__a31o_1)
     2    0.005600    0.049090    0.227911    4.156853 v _12114_/X (sky130_fd_sc_hd__a31o_1)
                                                         _04867_ (net)
                      0.049090    0.000133    4.156986 v _12116_/B (sky130_fd_sc_hd__and3_1)
     3    0.008575    0.061323    0.188919    4.345905 v _12116_/X (sky130_fd_sc_hd__and3_1)
                                                         _04869_ (net)
                      0.061323    0.000203    4.346107 v _12119_/A (sky130_fd_sc_hd__or3_4)
     2    0.006921    0.069844    0.391727    4.737835 v _12119_/X (sky130_fd_sc_hd__or3_4)
                                                         _04873_ (net)
                      0.069844    0.000166    4.738001 v _12129_/A2 (sky130_fd_sc_hd__a21o_1)
     3    0.007840    0.054905    0.205274    4.943275 v _12129_/X (sky130_fd_sc_hd__a21o_1)
                                                         _04884_ (net)
                      0.054905    0.000139    4.943414 v _12131_/A2 (sky130_fd_sc_hd__a21bo_1)
     2    0.004869    0.043192    0.198526    5.141940 v _12131_/X (sky130_fd_sc_hd__a21bo_1)
                                                         _04886_ (net)
                      0.043192    0.000143    5.142083 v _12132_/B (sky130_fd_sc_hd__and3_1)
     4    0.013605    0.081926    0.205871    5.347954 v _12132_/X (sky130_fd_sc_hd__and3_1)
                                                         _04887_ (net)
                      0.081926    0.000351    5.348305 v _12136_/B (sky130_fd_sc_hd__or3_4)
     2    0.012393    0.078359    0.396836    5.745141 v _12136_/X (sky130_fd_sc_hd__or3_4)
                                                         _04891_ (net)
                      0.078359    0.000320    5.745461 v _12279_/A2 (sky130_fd_sc_hd__a211oi_4)
     5    0.017411    0.276447    0.328785    6.074246 ^ _12279_/Y (sky130_fd_sc_hd__a211oi_4)
                                                         _05048_ (net)
                      0.276448    0.000445    6.074691 ^ _12283_/A1 (sky130_fd_sc_hd__o21ai_1)
     2    0.008505    0.101643    0.155726    6.230417 v _12283_/Y (sky130_fd_sc_hd__o21ai_1)
                                                         _05052_ (net)
                      0.101643    0.000199    6.230616 v _12284_/C1 (sky130_fd_sc_hd__o211a_4)
     4    0.015030    0.052896    0.176096    6.406713 v _12284_/X (sky130_fd_sc_hd__o211a_4)
                                                         _05053_ (net)
                      0.052896    0.000308    6.407021 v _12288_/B (sky130_fd_sc_hd__or4_4)
     2    0.010179    0.094347    0.528106    6.935126 v _12288_/X (sky130_fd_sc_hd__or4_4)
                                                         _05058_ (net)
                      0.094436    0.000309    6.935435 v _12426_/A1 (sky130_fd_sc_hd__a211o_4)
     4    0.011856    0.060426    0.351811    7.287247 v _12426_/X (sky130_fd_sc_hd__a211o_4)
                                                         _05208_ (net)
                      0.060426    0.000277    7.287524 v _12429_/A2 (sky130_fd_sc_hd__a211o_1)
     2    0.009794    0.079668    0.331768    7.619292 v _12429_/X (sky130_fd_sc_hd__a211o_1)
                                                         _05212_ (net)
                      0.079668    0.000306    7.619598 v _12431_/A1 (sky130_fd_sc_hd__a211o_1)
     2    0.004947    0.057508    0.275691    7.895290 v _12431_/X (sky130_fd_sc_hd__a211o_1)
                                                         _05214_ (net)
                      0.057508    0.000087    7.895377 v _12433_/B2 (sky130_fd_sc_hd__a22o_1)
     2    0.007693    0.063132    0.223622    8.118999 v _12433_/X (sky130_fd_sc_hd__a22o_1)
                                                         _05216_ (net)
                      0.063132    0.000171    8.119169 v _12593_/A1 (sky130_fd_sc_hd__a21oi_2)
     3    0.011454    0.166306    0.185147    8.304317 ^ _12593_/Y (sky130_fd_sc_hd__a21oi_2)
                                                         _05391_ (net)
                      0.166307    0.000393    8.304710 ^ _12594_/B1 (sky130_fd_sc_hd__o21ai_1)
     1    0.003013    0.061471    0.090708    8.395418 v _12594_/Y (sky130_fd_sc_hd__o21ai_1)
                                                         _05392_ (net)
                      0.061471    0.000069    8.395487 v _12595_/B1 (sky130_fd_sc_hd__o21a_1)
     1    0.004111    0.041068    0.112095    8.507583 v _12595_/X (sky130_fd_sc_hd__o21a_1)
                                                         _00037_ (net)
                      0.041068    0.000154    8.507736 v _13641_/D (sky130_fd_sc_hd__dfrtp_1)
                                              8.507736   data arrival time

                                 15.000000   15.000000   clock clk (rise edge)
                                  0.000000   15.000000   clock source latency
     1    0.034823    0.162195    0.115248   15.115248 ^ clk (in)
                                                         clk (net)
                      0.162620    0.000000   15.115248 ^ clkbuf_0_clk/A (sky130_fd_sc_hd__clkbuf_16)
     8    0.113161    0.127354    0.234087   15.349335 ^ clkbuf_0_clk/X (sky130_fd_sc_hd__clkbuf_16)
                                                         clknet_0_clk (net)
                      0.127740    0.005604   15.354939 ^ clkbuf_3_6__f_clk/A (sky130_fd_sc_hd__clkbuf_16)
    10    0.030191    0.051358    0.164231   15.519171 ^ clkbuf_3_6__f_clk/X (sky130_fd_sc_hd__clkbuf_16)
                                                         clknet_3_6__leaf_clk (net)
                      0.051376    0.001195   15.520366 ^ _13641_/CLK (sky130_fd_sc_hd__dfrtp_1)
                                 -0.250000   15.270367   clock uncertainty
                                  0.000000   15.270367   clock reconvergence pessimism
                                 -0.111100   15.159266   library setup time
                                             15.159266   data required time
---------------------------------------------------------------------------------------------
                                             15.159266   data required time
                                             -8.507736   data arrival time
---------------------------------------------------------------------------------------------
                                              6.651530   slack (MET)


Startpoint: x0[0] (input port clocked by clk)
Endpoint: _13676_ (rising edge-triggered flip-flop clocked by clk)
Path Group: clk
Path Type: max

Fanout         Cap        Slew       Delay        Time   Description
---------------------------------------------------------------------------------------------
                                  0.000000    0.000000   clock clk (rise edge)
                                  0.000000    0.000000   clock network delay (propagated)
                                  3.000000    3.000000 v input external delay
     1    0.002607    0.008177    0.004116    3.004116 v x0[0] (in)
                                                         x0[0] (net)
                      0.008177    0.000000    3.004116 v input130/A (sky130_fd_sc_hd__clkbuf_2)
     2    0.019110    0.078624    0.130479    3.134595 v input130/X (sky130_fd_sc_hd__clkbuf_2)
                                                         net130 (net)
                      0.078645    0.001259    3.135854 v fanout658/A (sky130_fd_sc_hd__buf_4)
     6    0.033088    0.057852    0.180837    3.316691 v fanout658/X (sky130_fd_sc_hd__buf_4)
                                                         net658 (net)
                      0.057858    0.000796    3.317487 v fanout655/A (sky130_fd_sc_hd__buf_6)
    10    0.042324    0.050558    0.146846    3.464333 v fanout655/X (sky130_fd_sc_hd__buf_6)
                                                         net655 (net)
                      0.050570    0.000652    3.464985 v fanout654/A (sky130_fd_sc_hd__clkbuf_4)
    10    0.034960    0.080936    0.185823    3.650808 v fanout654/X (sky130_fd_sc_hd__clkbuf_4)
                                                         net654 (net)
                      0.080944    0.000852    3.651660 v _10253_/B2 (sky130_fd_sc_hd__a22o_1)
     2    0.005466    0.052253    0.220560    3.872220 v _10253_/X (sky130_fd_sc_hd__a22o_1)
                                                         _02839_ (net)
                      0.052253    0.000123    3.872343 v _10402_/A3 (sky130_fd_sc_hd__a31o_1)
     2    0.005025    0.046512    0.224309    4.096652 v _10402_/X (sky130_fd_sc_hd__a31o_1)
                                                         _03002_ (net)
                      0.046512    0.000113    4.096765 v _10404_/B (sky130_fd_sc_hd__and3_1)
     3    0.008365    0.060647    0.186784    4.283549 v _10404_/X (sky130_fd_sc_hd__and3_1)
                                                         _03004_ (net)
                      0.060647    0.000242    4.283791 v _10407_/A (sky130_fd_sc_hd__or3_1)
     2    0.006370    0.084782    0.395324    4.679115 v _10407_/X (sky130_fd_sc_hd__or3_1)
                                                         _03007_ (net)
                      0.084782    0.000152    4.679267 v _10417_/A1 (sky130_fd_sc_hd__a21o_1)
     3    0.007911    0.055236    0.190223    4.869490 v _10417_/X (sky130_fd_sc_hd__a21o_1)
                                                         _03018_ (net)
                      0.055236    0.000134    4.869624 v _10419_/A2 (sky130_fd_sc_hd__a21bo_1)
     2    0.005825    0.047335    0.203189    5.072813 v _10419_/X (sky130_fd_sc_hd__a21bo_1)
                                                         _03021_ (net)
                      0.047335    0.000192    5.073005 v _10420_/C (sky130_fd_sc_hd__and3_1)
     4    0.013614    0.081968    0.223008    5.296013 v _10420_/X (sky130_fd_sc_hd__and3_1)
                                                         _03022_ (net)
                      0.081968    0.000299    5.296312 v _10424_/B (sky130_fd_sc_hd__or3_4)
     2    0.007793    0.071144    0.382952    5.679265 v _10424_/X (sky130_fd_sc_hd__or3_4)
                                                         _03026_ (net)
                      0.071144    0.000167    5.679431 v _10568_/A2 (sky130_fd_sc_hd__a211oi_2)
     5    0.017432    0.358278    0.380134    6.059566 ^ _10568_/Y (sky130_fd_sc_hd__a211oi_2)
                                                         _03184_ (net)
                      0.358278    0.000357    6.059922 ^ _10572_/A1 (sky130_fd_sc_hd__o21ai_1)
     2    0.007565    0.105961    0.161991    6.221913 v _10572_/Y (sky130_fd_sc_hd__o21ai_1)
                                                         _03188_ (net)
                      0.105961    0.000300    6.222213 v _10573_/C1 (sky130_fd_sc_hd__o211a_1)
     4    0.013867    0.086125    0.178796    6.401009 v _10573_/X (sky130_fd_sc_hd__o211a_1)
                                                         _03189_ (net)
                      0.086127    0.000514    6.401523 v _10577_/C (sky130_fd_sc_hd__or4_4)
     2    0.007526    0.089697    0.498011    6.899534 v _10577_/X (sky130_fd_sc_hd__or4_4)
                                                         _03193_ (net)
                      0.089697    0.000144    6.899678 v _10717_/A1 (sky130_fd_sc_hd__a211o_4)
     3    0.013821    0.063896    0.354920    7.254598 v _10717_/X (sky130_fd_sc_hd__a211o_4)
                                                         _03346_ (net)
                      0.063948    0.000477    7.255074 v _10720_/B1 (sky130_fd_sc_hd__o211a_1)
     3    0.009595    0.067977    0.161037    7.416111 v _10720_/X (sky130_fd_sc_hd__o211a_1)
                                                         _03350_ (net)
                      0.067977    0.000258    7.416369 v _10722_/C1 (sky130_fd_sc_hd__a211o_1)
     4    0.011003    0.083905    0.275437    7.691806 v _10722_/X (sky130_fd_sc_hd__a211o_1)
                                                         _03352_ (net)
                      0.083905    0.000176    7.691982 v _10725_/B1 (sky130_fd_sc_hd__a22o_1)
     2    0.007080    0.060097    0.211489    7.903472 v _10725_/X (sky130_fd_sc_hd__a22o_1)
                                                         _03355_ (net)
                      0.060097    0.000248    7.903720 v _10887_/A1 (sky130_fd_sc_hd__a21oi_1)
     3    0.009701    0.232588    0.220798    8.124518 ^ _10887_/Y (sky130_fd_sc_hd__a21oi_1)
                                                         _03532_ (net)
                      0.232588    0.000305    8.124823 ^ _11049_/A2 (sky130_fd_sc_hd__o21ba_1)
     3    0.009550    0.104048    0.194313    8.319136 ^ _11049_/X (sky130_fd_sc_hd__o21ba_1)
                                                         _03710_ (net)
                      0.104048    0.000346    8.319482 ^ _11051_/B (sky130_fd_sc_hd__and2_1)
     1    0.004602    0.063463    0.144301    8.463783 ^ _11051_/X (sky130_fd_sc_hd__and2_1)
                                                         _03712_ (net)
                      0.063463    0.000177    8.463960 ^ _11052_/B (sky130_fd_sc_hd__nor2_1)
     1    0.002624    0.049463    0.040270    8.504230 v _11052_/Y (sky130_fd_sc_hd__nor2_1)
                                                         _00024_ (net)
                      0.049463    0.000056    8.504286 v _13676_/D (sky130_fd_sc_hd__dfrtp_1)
                                              8.504286   data arrival time

                                 15.000000   15.000000   clock clk (rise edge)
                                  0.000000   15.000000   clock source latency
     1    0.034823    0.162195    0.115248   15.115248 ^ clk (in)
                                                         clk (net)
                      0.162620    0.000000   15.115248 ^ clkbuf_0_clk/A (sky130_fd_sc_hd__clkbuf_16)
     8    0.113161    0.127354    0.234087   15.349335 ^ clkbuf_0_clk/X (sky130_fd_sc_hd__clkbuf_16)
                                                         clknet_0_clk (net)
                      0.127819    0.006139   15.355474 ^ clkbuf_3_2__f_clk/A (sky130_fd_sc_hd__clkbuf_16)
    10    0.035562    0.055795    0.167619   15.523092 ^ clkbuf_3_2__f_clk/X (sky130_fd_sc_hd__clkbuf_16)
                                                         clknet_3_2__leaf_clk (net)
                      0.056292    0.003558   15.526650 ^ _13676_/CLK (sky130_fd_sc_hd__dfrtp_1)
                                 -0.250000   15.276651   clock uncertainty
                                  0.000000   15.276651   clock reconvergence pessimism
                                 -0.113636   15.163016   library setup time
                                             15.163016   data required time
---------------------------------------------------------------------------------------------
                                             15.163016   data required time
                                             -8.504286   data arrival time
---------------------------------------------------------------------------------------------
                                              6.658731   slack (MET)


Startpoint: x0[1] (input port clocked by clk)
Endpoint: _13658_ (rising edge-triggered flip-flop clocked by clk)
Path Group: clk
Path Type: max

Fanout         Cap        Slew       Delay        Time   Description
---------------------------------------------------------------------------------------------
                                  0.000000    0.000000   clock clk (rise edge)
                                  0.000000    0.000000   clock network delay (propagated)
                                  3.000000    3.000000 v input external delay
     1    0.003579    0.010441    0.005761    3.005761 v x0[1] (in)
                                                         x0[1] (net)
                      0.010446    0.000000    3.005761 v input131/A (sky130_fd_sc_hd__buf_4)
     1    0.014239    0.037874    0.129812    3.135573 v input131/X (sky130_fd_sc_hd__buf_4)
                                                         net131 (net)
                      0.037919    0.001190    3.136763 v fanout649/A (sky130_fd_sc_hd__buf_8)
     6    0.036761    0.042268    0.131224    3.267987 v fanout649/X (sky130_fd_sc_hd__buf_8)
                                                         net649 (net)
                      0.042776    0.003523    3.271510 v fanout648/A (sky130_fd_sc_hd__buf_12)
     8    0.050191    0.041693    0.140044    3.411554 v fanout648/X (sky130_fd_sc_hd__buf_12)
                                                         net648 (net)
                      0.041767    0.001308    3.412862 v fanout647/A (sky130_fd_sc_hd__buf_8)
     6    0.029005    0.036519    0.128148    3.541010 v fanout647/X (sky130_fd_sc_hd__buf_8)
                                                         net647 (net)
                      0.036764    0.002113    3.543123 v fanout646/A (sky130_fd_sc_hd__buf_8)
    10    0.034966    0.040409    0.130413    3.673537 v fanout646/X (sky130_fd_sc_hd__buf_8)
                                                         net646 (net)
                      0.040467    0.001361    3.674897 v _08855_/A (sky130_fd_sc_hd__and4_1)
     3    0.008187    0.061183    0.167059    3.841956 v _08855_/X (sky130_fd_sc_hd__and4_1)
                                                         _01321_ (net)
                      0.061183    0.000203    3.842159 v _08857_/B (sky130_fd_sc_hd__or3_4)
     2    0.006332    0.068804    0.370920    4.213079 v _08857_/X (sky130_fd_sc_hd__or3_4)
                                                         _01323_ (net)
                      0.068804    0.000141    4.213220 v _08861_/A2 (sky130_fd_sc_hd__a21o_1)
     3    0.011209    0.067325    0.218683    4.431903 v _08861_/X (sky130_fd_sc_hd__a21o_1)
                                                         _01327_ (net)
                      0.067326    0.000394    4.432297 v _08863_/A1 (sky130_fd_sc_hd__a21o_1)
     3    0.007227    0.052089    0.179907    4.612204 v _08863_/X (sky130_fd_sc_hd__a21o_1)
                                                         _01329_ (net)
                      0.052089    0.000173    4.612376 v _08865_/A (sky130_fd_sc_hd__and3_1)
     2    0.006366    0.052180    0.159218    4.771594 v _08865_/X (sky130_fd_sc_hd__and3_1)
                                                         _01331_ (net)
                      0.052180    0.000210    4.771803 v _08868_/A (sky130_fd_sc_hd__or3_4)
     4    0.017810    0.088813    0.419547    5.191350 v _08868_/X (sky130_fd_sc_hd__or3_4)
                                                         _01334_ (net)
                      0.088813    0.000592    5.191942 v _08871_/A (sky130_fd_sc_hd__and3_4)
     4    0.021850    0.053378    0.191214    5.383155 v _08871_/X (sky130_fd_sc_hd__and3_4)
                                                         _01337_ (net)
                      0.053386    0.000605    5.383761 v _08874_/A1 (sky130_fd_sc_hd__o21a_4)
     2    0.012809    0.044765    0.226490    5.610251 v _08874_/X (sky130_fd_sc_hd__o21a_4)
                                                         _01340_ (net)
                      0.044766    0.000340    5.610591 v _08876_/A2 (sky130_fd_sc_hd__o211a_1)
     3    0.008752    0.065963    0.230882    5.841472 v _08876_/X (sky130_fd_sc_hd__o211a_1)
                                                         _01342_ (net)
                      0.065964    0.000299    5.841771 v _08878_/A (sky130_fd_sc_hd__or3_4)
     2    0.008312    0.072029    0.397668    6.239439 v _08878_/X (sky130_fd_sc_hd__or3_4)
                                                         _01345_ (net)
                      0.072029    0.000278    6.239717 v _08880_/B1 (sky130_fd_sc_hd__o211a_4)
     4    0.014228    0.051804    0.162725    6.402442 v _08880_/X (sky130_fd_sc_hd__o211a_4)
                                                         _01347_ (net)
                      0.051808    0.000487    6.402929 v _08884_/B (sky130_fd_sc_hd__or4_4)
     2    0.010454    0.094936    0.528734    6.931663 v _08884_/X (sky130_fd_sc_hd__or4_4)
                                                         _01351_ (net)
                      0.094936    0.000385    6.932048 v _09024_/A1 (sky130_fd_sc_hd__a211o_4)
     4    0.013439    0.063153    0.356004    7.288053 v _09024_/X (sky130_fd_sc_hd__a211o_4)
                                                         _01504_ (net)
                      0.063153    0.000388    7.288441 v _09027_/A2 (sky130_fd_sc_hd__a211o_1)
     2    0.008193    0.074025    0.323868    7.612309 v _09027_/X (sky130_fd_sc_hd__a211o_1)
                                                         _01507_ (net)
                      0.074025    0.000137    7.612445 v _09029_/A1 (sky130_fd_sc_hd__a211o_1)
     2    0.007430    0.069615    0.287978    7.900423 v _09029_/X (sky130_fd_sc_hd__a211o_1)
                                                         _01510_ (net)
                      0.069615    0.000268    7.900691 v _09031_/B2 (sky130_fd_sc_hd__a2bb2o_4)
     2    0.005838    0.036416    0.209376    8.110066 v _09031_/X (sky130_fd_sc_hd__a2bb2o_4)
                                                         _01512_ (net)
                      0.036416    0.000115    8.110181 v _09191_/A2 (sky130_fd_sc_hd__a21o_1)
     2    0.015666    0.085575    0.221526    8.331707 v _09191_/X (sky130_fd_sc_hd__a21o_1)
                                                         _01686_ (net)
                      0.085577    0.000587    8.332294 v _09192_/B (sky130_fd_sc_hd__xor2_1)
     1    0.003185    0.079822    0.153073    8.485368 v _09192_/X (sky130_fd_sc_hd__xor2_1)
                                                         _00065_ (net)
                      0.079822    0.000105    8.485472 v _13658_/D (sky130_fd_sc_hd__dfrtp_1)
                                              8.485472   data arrival time

                                 15.000000   15.000000   clock clk (rise edge)
                                  0.000000   15.000000   clock source latency
     1    0.034823    0.162195    0.115248   15.115248 ^ clk (in)
                                                         clk (net)
                      0.162620    0.000000   15.115248 ^ clkbuf_0_clk/A (sky130_fd_sc_hd__clkbuf_16)
     8    0.113161    0.127354    0.234087   15.349335 ^ clkbuf_0_clk/X (sky130_fd_sc_hd__clkbuf_16)
                                                         clknet_0_clk (net)
                      0.127651    0.004933   15.354268 ^ clkbuf_3_7__f_clk/A (sky130_fd_sc_hd__clkbuf_16)
    10    0.037518    0.057691    0.169349   15.523617 ^ clkbuf_3_7__f_clk/X (sky130_fd_sc_hd__clkbuf_16)
                                                         clknet_3_7__leaf_clk (net)
                      0.057806    0.001984   15.525600 ^ _13658_/CLK (sky130_fd_sc_hd__dfrtp_1)
                                 -0.250000   15.275601   clock uncertainty
                                  0.000000   15.275601   clock reconvergence pessimism
                                 -0.126525   15.149077   library setup time
                                             15.149077   data required time
---------------------------------------------------------------------------------------------
                                             15.149077   data required time
                                             -8.485472   data arrival time
---------------------------------------------------------------------------------------------
                                              6.663605   slack (MET)


Startpoint: x0[1] (input port clocked by clk)
Endpoint: _13657_ (rising edge-triggered flip-flop clocked by clk)
Path Group: clk
Path Type: max

Fanout         Cap        Slew       Delay        Time   Description
---------------------------------------------------------------------------------------------
                                  0.000000    0.000000   clock clk (rise edge)
                                  0.000000    0.000000   clock network delay (propagated)
                                  3.000000    3.000000 v input external delay
     1    0.003579    0.010441    0.005761    3.005761 v x0[1] (in)
                                                         x0[1] (net)
                      0.010446    0.000000    3.005761 v input131/A (sky130_fd_sc_hd__buf_4)
     1    0.014239    0.037874    0.129812    3.135573 v input131/X (sky130_fd_sc_hd__buf_4)
                                                         net131 (net)
                      0.037919    0.001190    3.136763 v fanout649/A (sky130_fd_sc_hd__buf_8)
     6    0.036761    0.042268    0.131224    3.267987 v fanout649/X (sky130_fd_sc_hd__buf_8)
                                                         net649 (net)
                      0.042776    0.003523    3.271510 v fanout648/A (sky130_fd_sc_hd__buf_12)
     8    0.050191    0.041693    0.140044    3.411554 v fanout648/X (sky130_fd_sc_hd__buf_12)
                                                         net648 (net)
                      0.041767    0.001308    3.412862 v fanout647/A (sky130_fd_sc_hd__buf_8)
     6    0.029005    0.036519    0.128148    3.541010 v fanout647/X (sky130_fd_sc_hd__buf_8)
                                                         net647 (net)
                      0.036764    0.002113    3.543123 v fanout646/A (sky130_fd_sc_hd__buf_8)
    10    0.034966    0.040409    0.130413    3.673537 v fanout646/X (sky130_fd_sc_hd__buf_8)
                                                         net646 (net)
                      0.040467    0.001361    3.674897 v _08855_/A (sky130_fd_sc_hd__and4_1)
     3    0.008187    0.061183    0.167059    3.841956 v _08855_/X (sky130_fd_sc_hd__and4_1)
                                                         _01321_ (net)
                      0.061183    0.000203    3.842159 v _08857_/B (sky130_fd_sc_hd__or3_4)
     2    0.006332    0.068804    0.370920    4.213079 v _08857_/X (sky130_fd_sc_hd__or3_4)
                                                         _01323_ (net)
                      0.068804    0.000141    4.213220 v _08861_/A2 (sky130_fd_sc_hd__a21o_1)
     3    0.011209    0.067325    0.218683    4.431903 v _08861_/X (sky130_fd_sc_hd__a21o_1)
                                                         _01327_ (net)
                      0.067326    0.000394    4.432297 v _08863_/A1 (sky130_fd_sc_hd__a21o_1)
     3    0.007227    0.052089    0.179907    4.612204 v _08863_/X (sky130_fd_sc_hd__a21o_1)
                                                         _01329_ (net)
                      0.052089    0.000173    4.612376 v _08865_/A (sky130_fd_sc_hd__and3_1)
     2    0.006366    0.052180    0.159218    4.771594 v _08865_/X (sky130_fd_sc_hd__and3_1)
                                                         _01331_ (net)
                      0.052180    0.000210    4.771803 v _08868_/A (sky130_fd_sc_hd__or3_4)
     4    0.017810    0.088813    0.419547    5.191350 v _08868_/X (sky130_fd_sc_hd__or3_4)
                                                         _01334_ (net)
                      0.088813    0.000592    5.191942 v _08871_/A (sky130_fd_sc_hd__and3_4)
     4    0.021850    0.053378    0.191214    5.383155 v _08871_/X (sky130_fd_sc_hd__and3_4)
                                                         _01337_ (net)
                      0.053386    0.000605    5.383761 v _08874_/A1 (sky130_fd_sc_hd__o21a_4)
     2    0.012809    0.044765    0.226490    5.610251 v _08874_/X (sky130_fd_sc_hd__o21a_4)
                                                         _01340_ (net)
                      0.044766    0.000340    5.610591 v _08876_/A2 (sky130_fd_sc_hd__o211a_1)
     3    0.008752    0.065963    0.230882    5.841472 v _08876_/X (sky130_fd_sc_hd__o211a_1)
                                                         _01342_ (net)
                      0.065964    0.000299    5.841771 v _08878_/A (sky130_fd_sc_hd__or3_4)
     2    0.008312    0.072029    0.397668    6.239439 v _08878_/X (sky130_fd_sc_hd__or3_4)
                                                         _01345_ (net)
                      0.072029    0.000278    6.239717 v _08880_/B1 (sky130_fd_sc_hd__o211a_4)
     4    0.014228    0.051804    0.162725    6.402442 v _08880_/X (sky130_fd_sc_hd__o211a_4)
                                                         _01347_ (net)
                      0.051808    0.000487    6.402929 v _08884_/B (sky130_fd_sc_hd__or4_4)
     2    0.010454    0.094936    0.528734    6.931663 v _08884_/X (sky130_fd_sc_hd__or4_4)
                                                         _01351_ (net)
                      0.094936    0.000385    6.932048 v _09024_/A1 (sky130_fd_sc_hd__a211o_4)
     4    0.013439    0.063153    0.356004    7.288053 v _09024_/X (sky130_fd_sc_hd__a211o_4)
                                                         _01504_ (net)
                      0.063153    0.000388    7.288441 v _09027_/A2 (sky130_fd_sc_hd__a211o_1)
     2    0.008193    0.074025    0.323868    7.612309 v _09027_/X (sky130_fd_sc_hd__a211o_1)
                                                         _01507_ (net)
                      0.074025    0.000137    7.612445 v _09029_/A1 (sky130_fd_sc_hd__a211o_1)
     2    0.007430    0.069615    0.287978    7.900423 v _09029_/X (sky130_fd_sc_hd__a211o_1)
                                                         _01510_ (net)
                      0.069615    0.000239    7.900661 v _09030_/D (sky130_fd_sc_hd__and4bb_1)
     2    0.005348    0.051218    0.219792    8.120454 v _09030_/X (sky130_fd_sc_hd__and4bb_1)
                                                         _01511_ (net)
                      0.051218    0.000103    8.120557 v _09032_/A_N (sky130_fd_sc_hd__and2b_1)
     1    0.005122    0.060078    0.199699    8.320256 ^ _09032_/X (sky130_fd_sc_hd__and2b_1)
                                                         _01513_ (net)
                      0.060078    0.000119    8.320374 ^ _09035_/A (sky130_fd_sc_hd__xor2_1)
     1    0.004823    0.146617    0.158808    8.479183 ^ _09035_/X (sky130_fd_sc_hd__xor2_1)
                                                         _00064_ (net)
                      0.146617    0.000202    8.479384 ^ _13657_/D (sky130_fd_sc_hd__dfrtp_1)
                                              8.479384   data arrival time

                                 15.000000   15.000000   clock clk (rise edge)
                                  0.000000   15.000000   clock source latency
     1    0.034823    0.162195    0.115248   15.115248 ^ clk (in)
                                                         clk (net)
                      0.162620    0.000000   15.115248 ^ clkbuf_0_clk/A (sky130_fd_sc_hd__clkbuf_16)
     8    0.113161    0.127354    0.234087   15.349335 ^ clkbuf_0_clk/X (sky130_fd_sc_hd__clkbuf_16)
                                                         clknet_0_clk (net)
                      0.127651    0.004933   15.354268 ^ clkbuf_3_7__f_clk/A (sky130_fd_sc_hd__clkbuf_16)
    10    0.037518    0.057691    0.169349   15.523617 ^ clkbuf_3_7__f_clk/X (sky130_fd_sc_hd__clkbuf_16)
                                                         clknet_3_7__leaf_clk (net)
                      0.057807    0.001991   15.525608 ^ _13657_/CLK (sky130_fd_sc_hd__dfrtp_1)
                                 -0.250000   15.275609   clock uncertainty
                                  0.000000   15.275609   clock reconvergence pessimism
                                 -0.081301   15.194308   library setup time
                                             15.194308   data required time
---------------------------------------------------------------------------------------------
                                             15.194308   data required time
                                             -8.479384   data arrival time
---------------------------------------------------------------------------------------------
                                              6.714924   slack (MET)


Startpoint: x0[0] (input port clocked by clk)
Endpoint: _13693_ (rising edge-triggered flip-flop clocked by clk)
Path Group: clk
Path Type: max

Fanout         Cap        Slew       Delay        Time   Description
---------------------------------------------------------------------------------------------
                                  0.000000    0.000000   clock clk (rise edge)
                                  0.000000    0.000000   clock network delay (propagated)
                                  3.000000    3.000000 v input external delay
     1    0.002607    0.008177    0.004116    3.004116 v x0[0] (in)
                                                         x0[0] (net)
                      0.008177    0.000000    3.004116 v input130/A (sky130_fd_sc_hd__clkbuf_2)
     2    0.019110    0.078624    0.130479    3.134595 v input130/X (sky130_fd_sc_hd__clkbuf_2)
                                                         net130 (net)
                      0.078645    0.001259    3.135854 v fanout658/A (sky130_fd_sc_hd__buf_4)
     6    0.033088    0.057852    0.180837    3.316691 v fanout658/X (sky130_fd_sc_hd__buf_4)
                                                         net658 (net)
                      0.057858    0.000796    3.317487 v fanout655/A (sky130_fd_sc_hd__buf_6)
    10    0.042324    0.050558    0.146846    3.464333 v fanout655/X (sky130_fd_sc_hd__buf_6)
                                                         net655 (net)
                      0.050570    0.000652    3.464985 v fanout654/A (sky130_fd_sc_hd__clkbuf_4)
    10    0.034960    0.080936    0.185823    3.650808 v fanout654/X (sky130_fd_sc_hd__clkbuf_4)
                                                         net654 (net)
                      0.080963    0.001384    3.652193 v _06873_/B2 (sky130_fd_sc_hd__a22o_1)
     2    0.006126    0.055356    0.224120    3.876313 v _06873_/X (sky130_fd_sc_hd__a22o_1)
                                                         _01954_ (net)
                      0.055356    0.000144    3.876457 v _07019_/A3 (sky130_fd_sc_hd__a31o_1)
     2    0.005635    0.049269    0.228702    4.105159 v _07019_/X (sky130_fd_sc_hd__a31o_1)
                                                         _03543_ (net)
                      0.049269    0.000122    4.105281 v _07021_/B (sky130_fd_sc_hd__and3_1)
     3    0.008359    0.060633    0.187911    4.293192 v _07021_/X (sky130_fd_sc_hd__and3_1)
                                                         _03565_ (net)
                      0.060633    0.000234    4.293427 v _07023_/B (sky130_fd_sc_hd__or3_1)
     2    0.006193    0.083730    0.370700    4.664126 v _07023_/X (sky130_fd_sc_hd__or3_1)
                                                         _03587_ (net)
                      0.083730    0.000153    4.664280 v _07032_/A1 (sky130_fd_sc_hd__a21o_1)
     3    0.008716    0.058329    0.193367    4.857646 v _07032_/X (sky130_fd_sc_hd__a21o_1)
                                                         _03686_ (net)
                      0.058329    0.000261    4.857907 v _07041_/A2 (sky130_fd_sc_hd__a21o_1)
     3    0.009848    0.061872    0.209732    5.067639 v _07041_/X (sky130_fd_sc_hd__a21o_1)
                                                         _03784_ (net)
                      0.061872    0.000133    5.067772 v _07042_/C (sky130_fd_sc_hd__and3_1)
     2    0.006799    0.054176    0.201230    5.269003 v _07042_/X (sky130_fd_sc_hd__and3_1)
                                                         _03795_ (net)
                      0.054176    0.000250    5.269252 v _07047_/A (sky130_fd_sc_hd__or3_4)
     4    0.016687    0.087545    0.418241    5.687493 v _07047_/X (sky130_fd_sc_hd__or3_4)
                                                         _03850_ (net)
                      0.087545    0.000314    5.687807 v _07048_/A1 (sky130_fd_sc_hd__a211oi_4)
     5    0.020806    0.306593    0.328652    6.016459 ^ _07048_/Y (sky130_fd_sc_hd__a211oi_4)
                                                         _03861_ (net)
                      0.306593    0.000586    6.017045 ^ _07050_/B (sky130_fd_sc_hd__nor3_1)
     2    0.008218    0.094996    0.128063    6.145108 v _07050_/Y (sky130_fd_sc_hd__nor3_1)
                                                         _03882_ (net)
                      0.094996    0.000256    6.145363 v _07186_/A2 (sky130_fd_sc_hd__o211a_1)
     4    0.015241    0.091976    0.277417    6.422780 v _07186_/X (sky130_fd_sc_hd__o211a_1)
                                                         _05363_ (net)
                      0.091977    0.000528    6.423308 v _07190_/B (sky130_fd_sc_hd__or3_4)
     2    0.009683    0.074099    0.392336    6.815644 v _07190_/X (sky130_fd_sc_hd__or3_4)
                                                         _05406_ (net)
                      0.074099    0.000195    6.815840 v _07331_/A1 (sky130_fd_sc_hd__a211o_4)
     4    0.012335    0.061326    0.345172    7.161012 v _07331_/X (sky130_fd_sc_hd__a211o_4)
                                                         _06562_ (net)
                      0.061326    0.000244    7.161255 v _07334_/A1 (sky130_fd_sc_hd__a211o_1)
     2    0.008438    0.075205    0.288984    7.450240 v _07334_/X (sky130_fd_sc_hd__a211o_1)
                                                         _06565_ (net)
                      0.075205    0.000212    7.450452 v _07336_/A2 (sky130_fd_sc_hd__a211o_1)
     2    0.005485    0.060044    0.312174    7.762626 v _07336_/X (sky130_fd_sc_hd__a211o_1)
                                                         _06567_ (net)
                      0.060091    0.000187    7.762813 v _07338_/B2 (sky130_fd_sc_hd__a22o_1)
     2    0.005460    0.052216    0.212530    7.975342 v _07338_/X (sky130_fd_sc_hd__a22o_1)
                                                         _06569_ (net)
                      0.052216    0.000123    7.975465 v _07499_/A1 (sky130_fd_sc_hd__a21o_1)
     2    0.009594    0.060893    0.184301    8.159765 v _07499_/X (sky130_fd_sc_hd__a21o_1)
                                                         _06729_ (net)
                      0.060893    0.000222    8.159987 v _07662_/A1 (sky130_fd_sc_hd__a21oi_2)
     3    0.010272    0.154123    0.174294    8.334282 ^ _07662_/Y (sky130_fd_sc_hd__a21oi_2)
                                                         _00142_ (net)
                      0.154123    0.000310    8.334592 ^ _07664_/B (sky130_fd_sc_hd__xnor2_1)
     1    0.003848    0.135517    0.141106    8.475698 ^ _07664_/Y (sky130_fd_sc_hd__xnor2_1)
                                                         _00052_ (net)
                      0.135517    0.000139    8.475836 ^ _13693_/D (sky130_fd_sc_hd__dfrtp_1)
                                              8.475836   data arrival time

                                 15.000000   15.000000   clock clk (rise edge)
                                  0.000000   15.000000   clock source latency
     1    0.034823    0.162195    0.115248   15.115248 ^ clk (in)
                                                         clk (net)
                      0.162620    0.000000   15.115248 ^ clkbuf_0_clk/A (sky130_fd_sc_hd__clkbuf_16)
     8    0.113161    0.127354    0.234087   15.349335 ^ clkbuf_0_clk/X (sky130_fd_sc_hd__clkbuf_16)
                                                         clknet_0_clk (net)
                      0.127686    0.005208   15.354543 ^ clkbuf_3_3__f_clk/A (sky130_fd_sc_hd__clkbuf_16)
    10    0.031963    0.052824    0.165569   15.520112 ^ clkbuf_3_3__f_clk/X (sky130_fd_sc_hd__clkbuf_16)
                                                         clknet_3_3__leaf_clk (net)
                      0.052829    0.001004   15.521115 ^ _13693_/CLK (sky130_fd_sc_hd__dfrtp_1)
                                 -0.250000   15.271116   clock uncertainty
                                  0.000000   15.271116   clock reconvergence pessimism
                                 -0.079518   15.191598   library setup time
                                             15.191598   data required time
---------------------------------------------------------------------------------------------
                                             15.191598   data required time
                                             -8.475836   data arrival time
---------------------------------------------------------------------------------------------
                                              6.715762   slack (MET)


Startpoint: x0[1] (input port clocked by clk)
Endpoint: _13640_ (rising edge-triggered flip-flop clocked by clk)
Path Group: clk
Path Type: max

Fanout         Cap        Slew       Delay        Time   Description
---------------------------------------------------------------------------------------------
                                  0.000000    0.000000   clock clk (rise edge)
                                  0.000000    0.000000   clock network delay (propagated)
                                  3.000000    3.000000 v input external delay
     1    0.003579    0.010441    0.005761    3.005761 v x0[1] (in)
                                                         x0[1] (net)
                      0.010446    0.000000    3.005761 v input131/A (sky130_fd_sc_hd__buf_4)
     1    0.014239    0.037874    0.129812    3.135573 v input131/X (sky130_fd_sc_hd__buf_4)
                                                         net131 (net)
                      0.037919    0.001190    3.136763 v fanout649/A (sky130_fd_sc_hd__buf_8)
     6    0.036761    0.042268    0.131224    3.267987 v fanout649/X (sky130_fd_sc_hd__buf_8)
                                                         net649 (net)
                      0.042776    0.003523    3.271510 v fanout648/A (sky130_fd_sc_hd__buf_12)
     8    0.050191    0.041693    0.140044    3.411554 v fanout648/X (sky130_fd_sc_hd__buf_12)
                                                         net648 (net)
                      0.041767    0.001308    3.412862 v fanout647/A (sky130_fd_sc_hd__buf_8)
     6    0.029005    0.036519    0.128148    3.541010 v fanout647/X (sky130_fd_sc_hd__buf_8)
                                                         net647 (net)
                      0.036523    0.000568    3.541578 v fanout645/A (sky130_fd_sc_hd__buf_4)
    10    0.033415    0.057973    0.163304    3.704883 v fanout645/X (sky130_fd_sc_hd__buf_4)
                                                         net645 (net)
                      0.057979    0.000618    3.705500 v _11966_/A1 (sky130_fd_sc_hd__a22o_1)
     2    0.005813    0.053861    0.223329    3.928829 v _11966_/X (sky130_fd_sc_hd__a22o_1)
                                                         _04705_ (net)
                      0.053861    0.000113    3.928942 v _12114_/A3 (sky130_fd_sc_hd__a31o_1)
     2    0.005600    0.049090    0.227911    4.156853 v _12114_/X (sky130_fd_sc_hd__a31o_1)
                                                         _04867_ (net)
                      0.049090    0.000133    4.156986 v _12116_/B (sky130_fd_sc_hd__and3_1)
     3    0.008575    0.061323    0.188919    4.345905 v _12116_/X (sky130_fd_sc_hd__and3_1)
                                                         _04869_ (net)
                      0.061323    0.000203    4.346107 v _12119_/A (sky130_fd_sc_hd__or3_4)
     2    0.006921    0.069844    0.391727    4.737835 v _12119_/X (sky130_fd_sc_hd__or3_4)
                                                         _04873_ (net)
                      0.069844    0.000166    4.738001 v _12129_/A2 (sky130_fd_sc_hd__a21o_1)
     3    0.007840    0.054905    0.205274    4.943275 v _12129_/X (sky130_fd_sc_hd__a21o_1)
                                                         _04884_ (net)
                      0.054905    0.000139    4.943414 v _12131_/A2 (sky130_fd_sc_hd__a21bo_1)
     2    0.004869    0.043192    0.198526    5.141940 v _12131_/X (sky130_fd_sc_hd__a21bo_1)
                                                         _04886_ (net)
                      0.043192    0.000143    5.142083 v _12132_/B (sky130_fd_sc_hd__and3_1)
     4    0.013605    0.081926    0.205871    5.347954 v _12132_/X (sky130_fd_sc_hd__and3_1)
                                                         _04887_ (net)
                      0.081926    0.000351    5.348305 v _12136_/B (sky130_fd_sc_hd__or3_4)
     2    0.012393    0.078359    0.396836    5.745141 v _12136_/X (sky130_fd_sc_hd__or3_4)
                                                         _04891_ (net)
                      0.078359    0.000320    5.745461 v _12279_/A2 (sky130_fd_sc_hd__a211oi_4)
     5    0.017411    0.276447    0.328785    6.074246 ^ _12279_/Y (sky130_fd_sc_hd__a211oi_4)
                                                         _05048_ (net)
                      0.276448    0.000445    6.074691 ^ _12283_/A1 (sky130_fd_sc_hd__o21ai_1)
     2    0.008505    0.101643    0.155726    6.230417 v _12283_/Y (sky130_fd_sc_hd__o21ai_1)
                                                         _05052_ (net)
                      0.101643    0.000199    6.230616 v _12284_/C1 (sky130_fd_sc_hd__o211a_4)
     4    0.015030    0.052896    0.176096    6.406713 v _12284_/X (sky130_fd_sc_hd__o211a_4)
                                                         _05053_ (net)
                      0.052896    0.000308    6.407021 v _12288_/B (sky130_fd_sc_hd__or4_4)
     2    0.010179    0.094347    0.528106    6.935126 v _12288_/X (sky130_fd_sc_hd__or4_4)
                                                         _05058_ (net)
                      0.094436    0.000309    6.935435 v _12426_/A1 (sky130_fd_sc_hd__a211o_4)
     4    0.011856    0.060426    0.351811    7.287247 v _12426_/X (sky130_fd_sc_hd__a211o_4)
                                                         _05208_ (net)
                      0.060426    0.000277    7.287524 v _12429_/A2 (sky130_fd_sc_hd__a211o_1)
     2    0.009794    0.079668    0.331768    7.619292 v _12429_/X (sky130_fd_sc_hd__a211o_1)
                                                         _05212_ (net)
                      0.079668    0.000306    7.619598 v _12431_/A1 (sky130_fd_sc_hd__a211o_1)
     2    0.004947    0.057508    0.275691    7.895290 v _12431_/X (sky130_fd_sc_hd__a211o_1)
                                                         _05214_ (net)
                      0.057508    0.000088    7.895378 v _12432_/D (sky130_fd_sc_hd__and4_1)
     2    0.006681    0.054783    0.218061    8.113439 v _12432_/X (sky130_fd_sc_hd__and4_1)
                                                         _05215_ (net)
                      0.054783    0.000086    8.113525 v _12434_/A_N (sky130_fd_sc_hd__nand2b_1)
     1    0.005277    0.056915    0.154841    8.268367 v _12434_/Y (sky130_fd_sc_hd__nand2b_1)
                                                         _05217_ (net)
                      0.056915    0.000138    8.268504 v _12437_/A (sky130_fd_sc_hd__xnor2_1)
     1    0.002948    0.046398    0.125090    8.393595 v _12437_/Y (sky130_fd_sc_hd__xnor2_1)
                                                         _00036_ (net)
                      0.046398    0.000092    8.393687 v _13640_/D (sky130_fd_sc_hd__dfrtp_1)
                                              8.393687   data arrival time

                                 15.000000   15.000000   clock clk (rise edge)
                                  0.000000   15.000000   clock source latency
     1    0.034823    0.162195    0.115248   15.115248 ^ clk (in)
                                                         clk (net)
                      0.162620    0.000000   15.115248 ^ clkbuf_0_clk/A (sky130_fd_sc_hd__clkbuf_16)
     8    0.113161    0.127354    0.234087   15.349335 ^ clkbuf_0_clk/X (sky130_fd_sc_hd__clkbuf_16)
                                                         clknet_0_clk (net)
                      0.127740    0.005604   15.354939 ^ clkbuf_3_6__f_clk/A (sky130_fd_sc_hd__clkbuf_16)
    10    0.030191    0.051358    0.164231   15.519171 ^ clkbuf_3_6__f_clk/X (sky130_fd_sc_hd__clkbuf_16)
                                                         clknet_3_6__leaf_clk (net)
                      0.051378    0.001302   15.520473 ^ _13640_/CLK (sky130_fd_sc_hd__dfrtp_1)
                                 -0.250000   15.270473   clock uncertainty
                                  0.000000   15.270473   clock reconvergence pessimism
                                 -0.113424   15.157049   library setup time
                                             15.157049   data required time
---------------------------------------------------------------------------------------------
                                             15.157049   data required time
                                             -8.393687   data arrival time
---------------------------------------------------------------------------------------------
                                              6.763362   slack (MET)


Startpoint: x0[0] (input port clocked by clk)
Endpoint: _13675_ (rising edge-triggered flip-flop clocked by clk)
Path Group: clk
Path Type: max

Fanout         Cap        Slew       Delay        Time   Description
---------------------------------------------------------------------------------------------
                                  0.000000    0.000000   clock clk (rise edge)
                                  0.000000    0.000000   clock network delay (propagated)
                                  3.000000    3.000000 v input external delay
     1    0.002607    0.008177    0.004116    3.004116 v x0[0] (in)
                                                         x0[0] (net)
                      0.008177    0.000000    3.004116 v input130/A (sky130_fd_sc_hd__clkbuf_2)
     2    0.019110    0.078624    0.130479    3.134595 v input130/X (sky130_fd_sc_hd__clkbuf_2)
                                                         net130 (net)
                      0.078645    0.001259    3.135854 v fanout658/A (sky130_fd_sc_hd__buf_4)
     6    0.033088    0.057852    0.180837    3.316691 v fanout658/X (sky130_fd_sc_hd__buf_4)
                                                         net658 (net)
                      0.057858    0.000796    3.317487 v fanout655/A (sky130_fd_sc_hd__buf_6)
    10    0.042324    0.050558    0.146846    3.464333 v fanout655/X (sky130_fd_sc_hd__buf_6)
                                                         net655 (net)
                      0.050570    0.000652    3.464985 v fanout654/A (sky130_fd_sc_hd__clkbuf_4)
    10    0.034960    0.080936    0.185823    3.650808 v fanout654/X (sky130_fd_sc_hd__clkbuf_4)
                                                         net654 (net)
                      0.080944    0.000852    3.651660 v _10253_/B2 (sky130_fd_sc_hd__a22o_1)
     2    0.005466    0.052253    0.220560    3.872220 v _10253_/X (sky130_fd_sc_hd__a22o_1)
                                                         _02839_ (net)
                      0.052253    0.000123    3.872343 v _10402_/A3 (sky130_fd_sc_hd__a31o_1)
     2    0.005025    0.046512    0.224309    4.096652 v _10402_/X (sky130_fd_sc_hd__a31o_1)
                                                         _03002_ (net)
                      0.046512    0.000113    4.096765 v _10404_/B (sky130_fd_sc_hd__and3_1)
     3    0.008365    0.060647    0.186784    4.283549 v _10404_/X (sky130_fd_sc_hd__and3_1)
                                                         _03004_ (net)
                      0.060647    0.000242    4.283791 v _10407_/A (sky130_fd_sc_hd__or3_1)
     2    0.006370    0.084782    0.395324    4.679115 v _10407_/X (sky130_fd_sc_hd__or3_1)
                                                         _03007_ (net)
                      0.084782    0.000152    4.679267 v _10417_/A1 (sky130_fd_sc_hd__a21o_1)
     3    0.007911    0.055236    0.190223    4.869490 v _10417_/X (sky130_fd_sc_hd__a21o_1)
                                                         _03018_ (net)
                      0.055236    0.000134    4.869624 v _10419_/A2 (sky130_fd_sc_hd__a21bo_1)
     2    0.005825    0.047335    0.203189    5.072813 v _10419_/X (sky130_fd_sc_hd__a21bo_1)
                                                         _03021_ (net)
                      0.047335    0.000192    5.073005 v _10420_/C (sky130_fd_sc_hd__and3_1)
     4    0.013614    0.081968    0.223008    5.296013 v _10420_/X (sky130_fd_sc_hd__and3_1)
                                                         _03022_ (net)
                      0.081968    0.000299    5.296312 v _10424_/B (sky130_fd_sc_hd__or3_4)
     2    0.007793    0.071144    0.382952    5.679265 v _10424_/X (sky130_fd_sc_hd__or3_4)
                                                         _03026_ (net)
                      0.071144    0.000167    5.679431 v _10568_/A2 (sky130_fd_sc_hd__a211oi_2)
     5    0.017432    0.358278    0.380134    6.059566 ^ _10568_/Y (sky130_fd_sc_hd__a211oi_2)
                                                         _03184_ (net)
                      0.358278    0.000357    6.059922 ^ _10572_/A1 (sky130_fd_sc_hd__o21ai_1)
     2    0.007565    0.105961    0.161991    6.221913 v _10572_/Y (sky130_fd_sc_hd__o21ai_1)
                                                         _03188_ (net)
                      0.105961    0.000300    6.222213 v _10573_/C1 (sky130_fd_sc_hd__o211a_1)
     4    0.013867    0.086125    0.178796    6.401009 v _10573_/X (sky130_fd_sc_hd__o211a_1)
                                                         _03189_ (net)
                      0.086127    0.000514    6.401523 v _10577_/C (sky130_fd_sc_hd__or4_4)
     2    0.007526    0.089697    0.498011    6.899534 v _10577_/X (sky130_fd_sc_hd__or4_4)
                                                         _03193_ (net)
                      0.089697    0.000144    6.899678 v _10717_/A1 (sky130_fd_sc_hd__a211o_4)
     3    0.013821    0.063896    0.354920    7.254598 v _10717_/X (sky130_fd_sc_hd__a211o_4)
                                                         _03346_ (net)
                      0.063948    0.000477    7.255074 v _10720_/B1 (sky130_fd_sc_hd__o211a_1)
     3    0.009595    0.067977    0.161037    7.416111 v _10720_/X (sky130_fd_sc_hd__o211a_1)
                                                         _03350_ (net)
                      0.067977    0.000258    7.416369 v _10722_/C1 (sky130_fd_sc_hd__a211o_1)
     4    0.011003    0.083905    0.275437    7.691806 v _10722_/X (sky130_fd_sc_hd__a211o_1)
                                                         _03352_ (net)
                      0.083905    0.000176    7.691982 v _10725_/B1 (sky130_fd_sc_hd__a22o_1)
     2    0.007080    0.060097    0.211489    7.903472 v _10725_/X (sky130_fd_sc_hd__a22o_1)
                                                         _03355_ (net)
                      0.060097    0.000248    7.903720 v _10887_/A1 (sky130_fd_sc_hd__a21oi_1)
     3    0.009701    0.232588    0.220798    8.124518 ^ _10887_/Y (sky130_fd_sc_hd__a21oi_1)
                                                         _03532_ (net)
                      0.232588    0.000286    8.124804 ^ _10888_/B1 (sky130_fd_sc_hd__o21ai_1)
     1    0.002770    0.071392    0.101457    8.226261 v _10888_/Y (sky130_fd_sc_hd__o21ai_1)
                                                         _03534_ (net)
                      0.071392    0.000060    8.226320 v _10889_/B1 (sky130_fd_sc_hd__o21a_1)
     1    0.003042    0.036130    0.111231    8.337551 v _10889_/X (sky130_fd_sc_hd__o21a_1)
                                                         _00023_ (net)
                      0.036130    0.000101    8.337652 v _13675_/D (sky130_fd_sc_hd__dfrtp_1)
                                              8.337652   data arrival time

                                 15.000000   15.000000   clock clk (rise edge)
                                  0.000000   15.000000   clock source latency
     1    0.034823    0.162195    0.115248   15.115248 ^ clk (in)
                                                         clk (net)
                      0.162620    0.000000   15.115248 ^ clkbuf_0_clk/A (sky130_fd_sc_hd__clkbuf_16)
     8    0.113161    0.127354    0.234087   15.349335 ^ clkbuf_0_clk/X (sky130_fd_sc_hd__clkbuf_16)
                                                         clknet_0_clk (net)
                      0.127819    0.006139   15.355474 ^ clkbuf_3_2__f_clk/A (sky130_fd_sc_hd__clkbuf_16)
    10    0.035562    0.055795    0.167619   15.523092 ^ clkbuf_3_2__f_clk/X (sky130_fd_sc_hd__clkbuf_16)
                                                         clknet_3_2__leaf_clk (net)
                      0.056239    0.003240   15.526333 ^ _13675_/CLK (sky130_fd_sc_hd__dfrtp_1)
                                 -0.250000   15.276334   clock uncertainty
                                  0.000000   15.276334   clock reconvergence pessimism
                                 -0.107834   15.168500   library setup time
                                             15.168500   data required time
---------------------------------------------------------------------------------------------
                                             15.168500   data required time
                                             -8.337652   data arrival time
---------------------------------------------------------------------------------------------
                                              6.830847   slack (MET)


Startpoint: x0[0] (input port clocked by clk)
Endpoint: _13692_ (rising edge-triggered flip-flop clocked by clk)
Path Group: clk
Path Type: max

Fanout         Cap        Slew       Delay        Time   Description
---------------------------------------------------------------------------------------------
                                  0.000000    0.000000   clock clk (rise edge)
                                  0.000000    0.000000   clock network delay (propagated)
                                  3.000000    3.000000 v input external delay
     1    0.002607    0.008177    0.004116    3.004116 v x0[0] (in)
                                                         x0[0] (net)
                      0.008177    0.000000    3.004116 v input130/A (sky130_fd_sc_hd__clkbuf_2)
     2    0.019110    0.078624    0.130479    3.134595 v input130/X (sky130_fd_sc_hd__clkbuf_2)
                                                         net130 (net)
                      0.078645    0.001259    3.135854 v fanout658/A (sky130_fd_sc_hd__buf_4)
     6    0.033088    0.057852    0.180837    3.316691 v fanout658/X (sky130_fd_sc_hd__buf_4)
                                                         net658 (net)
                      0.057858    0.000796    3.317487 v fanout655/A (sky130_fd_sc_hd__buf_6)
    10    0.042324    0.050558    0.146846    3.464333 v fanout655/X (sky130_fd_sc_hd__buf_6)
                                                         net655 (net)
                      0.050570    0.000652    3.464985 v fanout654/A (sky130_fd_sc_hd__clkbuf_4)
    10    0.034960    0.080936    0.185823    3.650808 v fanout654/X (sky130_fd_sc_hd__clkbuf_4)
                                                         net654 (net)
                      0.080963    0.001384    3.652193 v _06873_/B2 (sky130_fd_sc_hd__a22o_1)
     2    0.006126    0.055356    0.224120    3.876313 v _06873_/X (sky130_fd_sc_hd__a22o_1)
                                                         _01954_ (net)
                      0.055356    0.000144    3.876457 v _07019_/A3 (sky130_fd_sc_hd__a31o_1)
     2    0.005635    0.049269    0.228702    4.105159 v _07019_/X (sky130_fd_sc_hd__a31o_1)
                                                         _03543_ (net)
                      0.049269    0.000122    4.105281 v _07021_/B (sky130_fd_sc_hd__and3_1)
     3    0.008359    0.060633    0.187911    4.293192 v _07021_/X (sky130_fd_sc_hd__and3_1)
                                                         _03565_ (net)
                      0.060633    0.000234    4.293427 v _07023_/B (sky130_fd_sc_hd__or3_1)
     2    0.006193    0.083730    0.370700    4.664126 v _07023_/X (sky130_fd_sc_hd__or3_1)
                                                         _03587_ (net)
                      0.083730    0.000153    4.664280 v _07032_/A1 (sky130_fd_sc_hd__a21o_1)
     3    0.008716    0.058329    0.193367    4.857646 v _07032_/X (sky130_fd_sc_hd__a21o_1)
                                                         _03686_ (net)
                      0.058329    0.000261    4.857907 v _07041_/A2 (sky130_fd_sc_hd__a21o_1)
     3    0.009848    0.061872    0.209732    5.067639 v _07041_/X (sky130_fd_sc_hd__a21o_1)
                                                         _03784_ (net)
                      0.061872    0.000133    5.067772 v _07042_/C (sky130_fd_sc_hd__and3_1)
     2    0.006799    0.054176    0.201230    5.269003 v _07042_/X (sky130_fd_sc_hd__and3_1)
                                                         _03795_ (net)
                      0.054176    0.000250    5.269252 v _07047_/A (sky130_fd_sc_hd__or3_4)
     4    0.016687    0.087545    0.418241    5.687493 v _07047_/X (sky130_fd_sc_hd__or3_4)
                                                         _03850_ (net)
                      0.087545    0.000314    5.687807 v _07048_/A1 (sky130_fd_sc_hd__a211oi_4)
     5    0.020806    0.306593    0.328652    6.016459 ^ _07048_/Y (sky130_fd_sc_hd__a211oi_4)
                                                         _03861_ (net)
                      0.306593    0.000586    6.017045 ^ _07050_/B (sky130_fd_sc_hd__nor3_1)
     2    0.008218    0.094996    0.128063    6.145108 v _07050_/Y (sky130_fd_sc_hd__nor3_1)
                                                         _03882_ (net)
                      0.094996    0.000256    6.145363 v _07186_/A2 (sky130_fd_sc_hd__o211a_1)
     4    0.015241    0.091976    0.277417    6.422780 v _07186_/X (sky130_fd_sc_hd__o211a_1)
                                                         _05363_ (net)
                      0.091977    0.000528    6.423308 v _07190_/B (sky130_fd_sc_hd__or3_4)
     2    0.009683    0.074099    0.392336    6.815644 v _07190_/X (sky130_fd_sc_hd__or3_4)
                                                         _05406_ (net)
                      0.074099    0.000195    6.815840 v _07331_/A1 (sky130_fd_sc_hd__a211o_4)
     4    0.012335    0.061326    0.345172    7.161012 v _07331_/X (sky130_fd_sc_hd__a211o_4)
                                                         _06562_ (net)
                      0.061326    0.000244    7.161255 v _07334_/A1 (sky130_fd_sc_hd__a211o_1)
     2    0.008438    0.075205    0.288984    7.450240 v _07334_/X (sky130_fd_sc_hd__a211o_1)
                                                         _06565_ (net)
                      0.075205    0.000212    7.450452 v _07336_/A2 (sky130_fd_sc_hd__a211o_1)
     2    0.005485    0.060044    0.312174    7.762626 v _07336_/X (sky130_fd_sc_hd__a211o_1)
                                                         _06567_ (net)
                      0.060091    0.000187    7.762813 v _07338_/B2 (sky130_fd_sc_hd__a22o_1)
     2    0.005460    0.052216    0.212530    7.975342 v _07338_/X (sky130_fd_sc_hd__a22o_1)
                                                         _06569_ (net)
                      0.052216    0.000123    7.975465 v _07499_/A1 (sky130_fd_sc_hd__a21o_1)
     2    0.009594    0.060893    0.184301    8.159765 v _07499_/X (sky130_fd_sc_hd__a21o_1)
                                                         _06729_ (net)
                      0.060893    0.000158    8.159924 v _07500_/B (sky130_fd_sc_hd__xor2_1)
     1    0.003398    0.069013    0.144342    8.304266 v _07500_/X (sky130_fd_sc_hd__xor2_1)
                                                         _00051_ (net)
                      0.069013    0.000111    8.304377 v _13692_/D (sky130_fd_sc_hd__dfrtp_1)
                                              8.304377   data arrival time

                                 15.000000   15.000000   clock clk (rise edge)
                                  0.000000   15.000000   clock source latency
     1    0.034823    0.162195    0.115248   15.115248 ^ clk (in)
                                                         clk (net)
                      0.162620    0.000000   15.115248 ^ clkbuf_0_clk/A (sky130_fd_sc_hd__clkbuf_16)
     8    0.113161    0.127354    0.234087   15.349335 ^ clkbuf_0_clk/X (sky130_fd_sc_hd__clkbuf_16)
                                                         clknet_0_clk (net)
                      0.127686    0.005208   15.354543 ^ clkbuf_3_3__f_clk/A (sky130_fd_sc_hd__clkbuf_16)
    10    0.031963    0.052824    0.165569   15.520112 ^ clkbuf_3_3__f_clk/X (sky130_fd_sc_hd__clkbuf_16)
                                                         clknet_3_3__leaf_clk (net)
                      0.052829    0.000954   15.521066 ^ _13692_/CLK (sky130_fd_sc_hd__dfrtp_1)
                                 -0.250000   15.271067   clock uncertainty
                                  0.000000   15.271067   clock reconvergence pessimism
                                 -0.122955   15.148112   library setup time
                                             15.148112   data required time
---------------------------------------------------------------------------------------------
                                             15.148112   data required time
                                             -8.304377   data arrival time
---------------------------------------------------------------------------------------------
                                              6.843736   slack (MET)


Startpoint: x0[0] (input port clocked by clk)
Endpoint: _13691_ (rising edge-triggered flip-flop clocked by clk)
Path Group: clk
Path Type: max

Fanout         Cap        Slew       Delay        Time   Description
---------------------------------------------------------------------------------------------
                                  0.000000    0.000000   clock clk (rise edge)
                                  0.000000    0.000000   clock network delay (propagated)
                                  3.000000    3.000000 v input external delay
     1    0.002607    0.008177    0.004116    3.004116 v x0[0] (in)
                                                         x0[0] (net)
                      0.008177    0.000000    3.004116 v input130/A (sky130_fd_sc_hd__clkbuf_2)
     2    0.019110    0.078624    0.130479    3.134595 v input130/X (sky130_fd_sc_hd__clkbuf_2)
                                                         net130 (net)
                      0.078645    0.001259    3.135854 v fanout658/A (sky130_fd_sc_hd__buf_4)
     6    0.033088    0.057852    0.180837    3.316691 v fanout658/X (sky130_fd_sc_hd__buf_4)
                                                         net658 (net)
                      0.057858    0.000796    3.317487 v fanout655/A (sky130_fd_sc_hd__buf_6)
    10    0.042324    0.050558    0.146846    3.464333 v fanout655/X (sky130_fd_sc_hd__buf_6)
                                                         net655 (net)
                      0.050570    0.000652    3.464985 v fanout654/A (sky130_fd_sc_hd__clkbuf_4)
    10    0.034960    0.080936    0.185823    3.650808 v fanout654/X (sky130_fd_sc_hd__clkbuf_4)
                                                         net654 (net)
                      0.080963    0.001384    3.652193 v _06873_/B2 (sky130_fd_sc_hd__a22o_1)
     2    0.006126    0.055356    0.224120    3.876313 v _06873_/X (sky130_fd_sc_hd__a22o_1)
                                                         _01954_ (net)
                      0.055356    0.000144    3.876457 v _07019_/A3 (sky130_fd_sc_hd__a31o_1)
     2    0.005635    0.049269    0.228702    4.105159 v _07019_/X (sky130_fd_sc_hd__a31o_1)
                                                         _03543_ (net)
                      0.049269    0.000122    4.105281 v _07021_/B (sky130_fd_sc_hd__and3_1)
     3    0.008359    0.060633    0.187911    4.293192 v _07021_/X (sky130_fd_sc_hd__and3_1)
                                                         _03565_ (net)
                      0.060633    0.000234    4.293427 v _07023_/B (sky130_fd_sc_hd__or3_1)
     2    0.006193    0.083730    0.370700    4.664126 v _07023_/X (sky130_fd_sc_hd__or3_1)
                                                         _03587_ (net)
                      0.083730    0.000153    4.664280 v _07032_/A1 (sky130_fd_sc_hd__a21o_1)
     3    0.008716    0.058329    0.193367    4.857646 v _07032_/X (sky130_fd_sc_hd__a21o_1)
                                                         _03686_ (net)
                      0.058329    0.000261    4.857907 v _07041_/A2 (sky130_fd_sc_hd__a21o_1)
     3    0.009848    0.061872    0.209732    5.067639 v _07041_/X (sky130_fd_sc_hd__a21o_1)
                                                         _03784_ (net)
                      0.061872    0.000133    5.067772 v _07042_/C (sky130_fd_sc_hd__and3_1)
     2    0.006799    0.054176    0.201230    5.269003 v _07042_/X (sky130_fd_sc_hd__and3_1)
                                                         _03795_ (net)
                      0.054176    0.000250    5.269252 v _07047_/A (sky130_fd_sc_hd__or3_4)
     4    0.016687    0.087545    0.418241    5.687493 v _07047_/X (sky130_fd_sc_hd__or3_4)
                                                         _03850_ (net)
                      0.087545    0.000314    5.687807 v _07048_/A1 (sky130_fd_sc_hd__a211oi_4)
     5    0.020806    0.306593    0.328652    6.016459 ^ _07048_/Y (sky130_fd_sc_hd__a211oi_4)
                                                         _03861_ (net)
                      0.306593    0.000586    6.017045 ^ _07050_/B (sky130_fd_sc_hd__nor3_1)
     2    0.008218    0.094996    0.128063    6.145108 v _07050_/Y (sky130_fd_sc_hd__nor3_1)
                                                         _03882_ (net)
                      0.094996    0.000256    6.145363 v _07186_/A2 (sky130_fd_sc_hd__o211a_1)
     4    0.015241    0.091976    0.277417    6.422780 v _07186_/X (sky130_fd_sc_hd__o211a_1)
                                                         _05363_ (net)
                      0.091977    0.000528    6.423308 v _07190_/B (sky130_fd_sc_hd__or3_4)
     2    0.009683    0.074099    0.392336    6.815644 v _07190_/X (sky130_fd_sc_hd__or3_4)
                                                         _05406_ (net)
                      0.074099    0.000195    6.815840 v _07331_/A1 (sky130_fd_sc_hd__a211o_4)
     4    0.012335    0.061326    0.345172    7.161012 v _07331_/X (sky130_fd_sc_hd__a211o_4)
                                                         _06562_ (net)
                      0.061326    0.000244    7.161255 v _07334_/A1 (sky130_fd_sc_hd__a211o_1)
     2    0.008438    0.075205    0.288984    7.450240 v _07334_/X (sky130_fd_sc_hd__a211o_1)
                                                         _06565_ (net)
                      0.075205    0.000212    7.450452 v _07336_/A2 (sky130_fd_sc_hd__a211o_1)
     2    0.005485    0.060044    0.312174    7.762626 v _07336_/X (sky130_fd_sc_hd__a211o_1)
                                                         _06567_ (net)
                      0.060091    0.000187    7.762813 v _07338_/B2 (sky130_fd_sc_hd__a22o_1)
     2    0.005460    0.052216    0.212530    7.975342 v _07338_/X (sky130_fd_sc_hd__a22o_1)
                                                         _06569_ (net)
                      0.052216    0.000098    7.975440 v _07339_/B (sky130_fd_sc_hd__and2b_1)
     1    0.005328    0.044222    0.166071    8.141511 v _07339_/X (sky130_fd_sc_hd__and2b_1)
                                                         _06570_ (net)
                      0.044222    0.000190    8.141701 v _07342_/A (sky130_fd_sc_hd__xor2_1)
     1    0.004197    0.055904    0.159780    8.301480 v _07342_/X (sky130_fd_sc_hd__xor2_1)
                                                         _00050_ (net)
                      0.055904    0.000159    8.301640 v _13691_/D (sky130_fd_sc_hd__dfrtp_1)
                                              8.301640   data arrival time

                                 15.000000   15.000000   clock clk (rise edge)
                                  0.000000   15.000000   clock source latency
     1    0.034823    0.162195    0.115248   15.115248 ^ clk (in)
                                                         clk (net)
                      0.162620    0.000000   15.115248 ^ clkbuf_0_clk/A (sky130_fd_sc_hd__clkbuf_16)
     8    0.113161    0.127354    0.234087   15.349335 ^ clkbuf_0_clk/X (sky130_fd_sc_hd__clkbuf_16)
                                                         clknet_0_clk (net)
                      0.127686    0.005208   15.354543 ^ clkbuf_3_3__f_clk/A (sky130_fd_sc_hd__clkbuf_16)
    10    0.031963    0.052824    0.165569   15.520112 ^ clkbuf_3_3__f_clk/X (sky130_fd_sc_hd__clkbuf_16)
                                                         clknet_3_3__leaf_clk (net)
                      0.052829    0.000989   15.521101 ^ _13691_/CLK (sky130_fd_sc_hd__dfrtp_1)
                                 -0.250000   15.271102   clock uncertainty
                                  0.000000   15.271102   clock reconvergence pessimism
                                 -0.117238   15.153864   library setup time
                                             15.153864   data required time
---------------------------------------------------------------------------------------------
                                             15.153864   data required time
                                             -8.301640   data arrival time
---------------------------------------------------------------------------------------------
                                              6.852225   slack (MET)


Startpoint: x0[0] (input port clocked by clk)
Endpoint: _13674_ (rising edge-triggered flip-flop clocked by clk)
Path Group: clk
Path Type: max

Fanout         Cap        Slew       Delay        Time   Description
---------------------------------------------------------------------------------------------
                                  0.000000    0.000000   clock clk (rise edge)
                                  0.000000    0.000000   clock network delay (propagated)
                                  3.000000    3.000000 v input external delay
     1    0.002607    0.008177    0.004116    3.004116 v x0[0] (in)
                                                         x0[0] (net)
                      0.008177    0.000000    3.004116 v input130/A (sky130_fd_sc_hd__clkbuf_2)
     2    0.019110    0.078624    0.130479    3.134595 v input130/X (sky130_fd_sc_hd__clkbuf_2)
                                                         net130 (net)
                      0.078645    0.001259    3.135854 v fanout658/A (sky130_fd_sc_hd__buf_4)
     6    0.033088    0.057852    0.180837    3.316691 v fanout658/X (sky130_fd_sc_hd__buf_4)
                                                         net658 (net)
                      0.057858    0.000796    3.317487 v fanout655/A (sky130_fd_sc_hd__buf_6)
    10    0.042324    0.050558    0.146846    3.464333 v fanout655/X (sky130_fd_sc_hd__buf_6)
                                                         net655 (net)
                      0.050570    0.000652    3.464985 v fanout654/A (sky130_fd_sc_hd__clkbuf_4)
    10    0.034960    0.080936    0.185823    3.650808 v fanout654/X (sky130_fd_sc_hd__clkbuf_4)
                                                         net654 (net)
                      0.080944    0.000852    3.651660 v _10253_/B2 (sky130_fd_sc_hd__a22o_1)
     2    0.005466    0.052253    0.220560    3.872220 v _10253_/X (sky130_fd_sc_hd__a22o_1)
                                                         _02839_ (net)
                      0.052253    0.000123    3.872343 v _10402_/A3 (sky130_fd_sc_hd__a31o_1)
     2    0.005025    0.046512    0.224309    4.096652 v _10402_/X (sky130_fd_sc_hd__a31o_1)
                                                         _03002_ (net)
                      0.046512    0.000113    4.096765 v _10404_/B (sky130_fd_sc_hd__and3_1)
     3    0.008365    0.060647    0.186784    4.283549 v _10404_/X (sky130_fd_sc_hd__and3_1)
                                                         _03004_ (net)
                      0.060647    0.000242    4.283791 v _10407_/A (sky130_fd_sc_hd__or3_1)
     2    0.006370    0.084782    0.395324    4.679115 v _10407_/X (sky130_fd_sc_hd__or3_1)
                                                         _03007_ (net)
                      0.084782    0.000152    4.679267 v _10417_/A1 (sky130_fd_sc_hd__a21o_1)
     3    0.007911    0.055236    0.190223    4.869490 v _10417_/X (sky130_fd_sc_hd__a21o_1)
                                                         _03018_ (net)
                      0.055236    0.000134    4.869624 v _10419_/A2 (sky130_fd_sc_hd__a21bo_1)
     2    0.005825    0.047335    0.203189    5.072813 v _10419_/X (sky130_fd_sc_hd__a21bo_1)
                                                         _03021_ (net)
                      0.047335    0.000192    5.073005 v _10420_/C (sky130_fd_sc_hd__and3_1)
     4    0.013614    0.081968    0.223008    5.296013 v _10420_/X (sky130_fd_sc_hd__and3_1)
                                                         _03022_ (net)
                      0.081968    0.000299    5.296312 v _10424_/B (sky130_fd_sc_hd__or3_4)
     2    0.007793    0.071144    0.382952    5.679265 v _10424_/X (sky130_fd_sc_hd__or3_4)
                                                         _03026_ (net)
                      0.071144    0.000167    5.679431 v _10568_/A2 (sky130_fd_sc_hd__a211oi_2)
     5    0.017432    0.358278    0.380134    6.059566 ^ _10568_/Y (sky130_fd_sc_hd__a211oi_2)
                                                         _03184_ (net)
                      0.358278    0.000357    6.059922 ^ _10572_/A1 (sky130_fd_sc_hd__o21ai_1)
     2    0.007565    0.105961    0.161991    6.221913 v _10572_/Y (sky130_fd_sc_hd__o21ai_1)
                                                         _03188_ (net)
                      0.105961    0.000300    6.222213 v _10573_/C1 (sky130_fd_sc_hd__o211a_1)
     4    0.013867    0.086125    0.178796    6.401009 v _10573_/X (sky130_fd_sc_hd__o211a_1)
                                                         _03189_ (net)
                      0.086127    0.000514    6.401523 v _10577_/C (sky130_fd_sc_hd__or4_4)
     2    0.007526    0.089697    0.498011    6.899534 v _10577_/X (sky130_fd_sc_hd__or4_4)
                                                         _03193_ (net)
                      0.089697    0.000144    6.899678 v _10717_/A1 (sky130_fd_sc_hd__a211o_4)
     3    0.013821    0.063896    0.354920    7.254598 v _10717_/X (sky130_fd_sc_hd__a211o_4)
                                                         _03346_ (net)
                      0.063948    0.000477    7.255074 v _10720_/B1 (sky130_fd_sc_hd__o211a_1)
     3    0.009595    0.067977    0.161037    7.416111 v _10720_/X (sky130_fd_sc_hd__o211a_1)
                                                         _03350_ (net)
                      0.067977    0.000258    7.416369 v _10722_/C1 (sky130_fd_sc_hd__a211o_1)
     4    0.011003    0.083905    0.275437    7.691806 v _10722_/X (sky130_fd_sc_hd__a211o_1)
                                                         _03352_ (net)
                      0.083905    0.000155    7.691961 v _10724_/C (sky130_fd_sc_hd__and4_1)
     2    0.005999    0.051768    0.216652    7.908614 v _10724_/X (sky130_fd_sc_hd__and4_1)
                                                         _03354_ (net)
                      0.051768    0.000185    7.908798 v _10726_/A_N (sky130_fd_sc_hd__nand2b_1)
     1    0.005035    0.055388    0.152075    8.060873 v _10726_/Y (sky130_fd_sc_hd__nand2b_1)
                                                         _03356_ (net)
                      0.055388    0.000121    8.060994 v _10729_/A (sky130_fd_sc_hd__xnor2_1)
     1    0.003075    0.047204    0.125143    8.186136 v _10729_/Y (sky130_fd_sc_hd__xnor2_1)
                                                         _00022_ (net)
                      0.047204    0.000075    8.186211 v _13674_/D (sky130_fd_sc_hd__dfrtp_1)
                                              8.186211   data arrival time

                                 15.000000   15.000000   clock clk (rise edge)
                                  0.000000   15.000000   clock source latency
     1    0.034823    0.162195    0.115248   15.115248 ^ clk (in)
                                                         clk (net)
                      0.162620    0.000000   15.115248 ^ clkbuf_0_clk/A (sky130_fd_sc_hd__clkbuf_16)
     8    0.113161    0.127354    0.234087   15.349335 ^ clkbuf_0_clk/X (sky130_fd_sc_hd__clkbuf_16)
                                                         clknet_0_clk (net)
                      0.127819    0.006139   15.355474 ^ clkbuf_3_2__f_clk/A (sky130_fd_sc_hd__clkbuf_16)
    10    0.035562    0.055795    0.167619   15.523092 ^ clkbuf_3_2__f_clk/X (sky130_fd_sc_hd__clkbuf_16)
                                                         clknet_3_2__leaf_clk (net)
                      0.056158    0.002704   15.525796 ^ _13674_/CLK (sky130_fd_sc_hd__dfrtp_1)
                                 -0.250000   15.275797   clock uncertainty
                                  0.000000   15.275797   clock reconvergence pessimism
                                 -0.112681   15.163116   library setup time
                                             15.163116   data required time
---------------------------------------------------------------------------------------------
                                             15.163116   data required time
                                             -8.186211   data arrival time
---------------------------------------------------------------------------------------------
                                              6.976904   slack (MET)


Startpoint: x0[1] (input port clocked by clk)
Endpoint: _13639_ (rising edge-triggered flip-flop clocked by clk)
Path Group: clk
Path Type: max

Fanout         Cap        Slew       Delay        Time   Description
---------------------------------------------------------------------------------------------
                                  0.000000    0.000000   clock clk (rise edge)
                                  0.000000    0.000000   clock network delay (propagated)
                                  3.000000    3.000000 v input external delay
     1    0.003579    0.010441    0.005761    3.005761 v x0[1] (in)
                                                         x0[1] (net)
                      0.010446    0.000000    3.005761 v input131/A (sky130_fd_sc_hd__buf_4)
     1    0.014239    0.037874    0.129812    3.135573 v input131/X (sky130_fd_sc_hd__buf_4)
                                                         net131 (net)
                      0.037919    0.001190    3.136763 v fanout649/A (sky130_fd_sc_hd__buf_8)
     6    0.036761    0.042268    0.131224    3.267987 v fanout649/X (sky130_fd_sc_hd__buf_8)
                                                         net649 (net)
                      0.042776    0.003523    3.271510 v fanout648/A (sky130_fd_sc_hd__buf_12)
     8    0.050191    0.041693    0.140044    3.411554 v fanout648/X (sky130_fd_sc_hd__buf_12)
                                                         net648 (net)
                      0.041767    0.001308    3.412862 v fanout647/A (sky130_fd_sc_hd__buf_8)
     6    0.029005    0.036519    0.128148    3.541010 v fanout647/X (sky130_fd_sc_hd__buf_8)
                                                         net647 (net)
                      0.036523    0.000568    3.541578 v fanout645/A (sky130_fd_sc_hd__buf_4)
    10    0.033415    0.057973    0.163304    3.704883 v fanout645/X (sky130_fd_sc_hd__buf_4)
                                                         net645 (net)
                      0.057979    0.000618    3.705500 v _11966_/A1 (sky130_fd_sc_hd__a22o_1)
     2    0.005813    0.053861    0.223329    3.928829 v _11966_/X (sky130_fd_sc_hd__a22o_1)
                                                         _04705_ (net)
                      0.053861    0.000113    3.928942 v _12114_/A3 (sky130_fd_sc_hd__a31o_1)
     2    0.005600    0.049090    0.227911    4.156853 v _12114_/X (sky130_fd_sc_hd__a31o_1)
                                                         _04867_ (net)
                      0.049090    0.000133    4.156986 v _12116_/B (sky130_fd_sc_hd__and3_1)
     3    0.008575    0.061323    0.188919    4.345905 v _12116_/X (sky130_fd_sc_hd__and3_1)
                                                         _04869_ (net)
                      0.061323    0.000203    4.346107 v _12119_/A (sky130_fd_sc_hd__or3_4)
     2    0.006921    0.069844    0.391727    4.737835 v _12119_/X (sky130_fd_sc_hd__or3_4)
                                                         _04873_ (net)
                      0.069844    0.000166    4.738001 v _12129_/A2 (sky130_fd_sc_hd__a21o_1)
     3    0.007840    0.054905    0.205274    4.943275 v _12129_/X (sky130_fd_sc_hd__a21o_1)
                                                         _04884_ (net)
                      0.054905    0.000139    4.943414 v _12131_/A2 (sky130_fd_sc_hd__a21bo_1)
     2    0.004869    0.043192    0.198526    5.141940 v _12131_/X (sky130_fd_sc_hd__a21bo_1)
                                                         _04886_ (net)
                      0.043192    0.000143    5.142083 v _12132_/B (sky130_fd_sc_hd__and3_1)
     4    0.013605    0.081926    0.205871    5.347954 v _12132_/X (sky130_fd_sc_hd__and3_1)
                                                         _04887_ (net)
                      0.081926    0.000351    5.348305 v _12136_/B (sky130_fd_sc_hd__or3_4)
     2    0.012393    0.078359    0.396836    5.745141 v _12136_/X (sky130_fd_sc_hd__or3_4)
                                                         _04891_ (net)
                      0.078359    0.000320    5.745461 v _12279_/A2 (sky130_fd_sc_hd__a211oi_4)
     5    0.017411    0.276447    0.328785    6.074246 ^ _12279_/Y (sky130_fd_sc_hd__a211oi_4)
                                                         _05048_ (net)
                      0.276448    0.000445    6.074691 ^ _12283_/A1 (sky130_fd_sc_hd__o21ai_1)
     2    0.008505    0.101643    0.155726    6.230417 v _12283_/Y (sky130_fd_sc_hd__o21ai_1)
                                                         _05052_ (net)
                      0.101643    0.000227    6.230644 v _12286_/A2 (sky130_fd_sc_hd__a211oi_1)
     3    0.010360    0.388090    0.406288    6.636931 ^ _12286_/Y (sky130_fd_sc_hd__a211oi_1)
                                                         _05055_ (net)
                      0.388090    0.000273    6.637205 ^ _12287_/D (sky130_fd_sc_hd__nor4_1)
     2    0.006816    0.100237    0.120007    6.757211 v _12287_/Y (sky130_fd_sc_hd__nor4_1)
                                                         _05056_ (net)
                      0.100237    0.000271    6.757483 v max_cap232/A (sky130_fd_sc_hd__clkbuf_1)
     1    0.004575    0.036131    0.120279    6.877762 v max_cap232/X (sky130_fd_sc_hd__clkbuf_1)
                                                         net232 (net)
                      0.036131    0.000104    6.877866 v _12290_/B1 (sky130_fd_sc_hd__a211oi_2)
     4    0.017778    0.363533    0.352290    7.230156 ^ _12290_/Y (sky130_fd_sc_hd__a211oi_2)
                                                         _05060_ (net)
                      0.363533    0.000388    7.230544 ^ _12292_/B (sky130_fd_sc_hd__nor3_2)
     6    0.017950    0.107513    0.140648    7.371192 v _12292_/Y (sky130_fd_sc_hd__nor3_2)
                                                         _05062_ (net)
                      0.107513    0.000295    7.371486 v _12296_/A (sky130_fd_sc_hd__or3_1)
     3    0.008498    0.096933    0.427271    7.798758 v _12296_/X (sky130_fd_sc_hd__or3_1)
                                                         _05066_ (net)
                      0.096933    0.000177    7.798934 v _12298_/C (sky130_fd_sc_hd__and4_1)
     1    0.002954    0.039077    0.206557    8.005491 v _12298_/X (sky130_fd_sc_hd__and4_1)
                                                         _05069_ (net)
                      0.039077    0.000075    8.005567 v _12300_/A_N (sky130_fd_sc_hd__and2b_1)
     1    0.003134    0.044232    0.181242    8.186808 ^ _12300_/X (sky130_fd_sc_hd__and2b_1)
                                                         _00035_ (net)
                      0.044232    0.000099    8.186908 ^ _13639_/D (sky130_fd_sc_hd__dfrtp_1)
                                              8.186908   data arrival time

                                 15.000000   15.000000   clock clk (rise edge)
                                  0.000000   15.000000   clock source latency
     1    0.034823    0.162195    0.115248   15.115248 ^ clk (in)
                                                         clk (net)
                      0.162620    0.000000   15.115248 ^ clkbuf_0_clk/A (sky130_fd_sc_hd__clkbuf_16)
     8    0.113161    0.127354    0.234087   15.349335 ^ clkbuf_0_clk/X (sky130_fd_sc_hd__clkbuf_16)
                                                         clknet_0_clk (net)
                      0.127740    0.005604   15.354939 ^ clkbuf_3_6__f_clk/A (sky130_fd_sc_hd__clkbuf_16)
    10    0.030191    0.051358    0.164231   15.519171 ^ clkbuf_3_6__f_clk/X (sky130_fd_sc_hd__clkbuf_16)
                                                         clknet_3_6__leaf_clk (net)
                      0.051379    0.001402   15.520572 ^ _13639_/CLK (sky130_fd_sc_hd__dfrtp_1)
                                 -0.250000   15.270573   clock uncertainty
                                  0.000000   15.270573   clock reconvergence pessimism
                                 -0.058693   15.211880   library setup time
                                             15.211880   data required time
---------------------------------------------------------------------------------------------
                                             15.211880   data required time
                                             -8.186908   data arrival time
---------------------------------------------------------------------------------------------
                                              7.024973   slack (MET)


Startpoint: x0[1] (input port clocked by clk)
Endpoint: _13656_ (rising edge-triggered flip-flop clocked by clk)
Path Group: clk
Path Type: max

Fanout         Cap        Slew       Delay        Time   Description
---------------------------------------------------------------------------------------------
                                  0.000000    0.000000   clock clk (rise edge)
                                  0.000000    0.000000   clock network delay (propagated)
                                  3.000000    3.000000 v input external delay
     1    0.003579    0.010441    0.005761    3.005761 v x0[1] (in)
                                                         x0[1] (net)
                      0.010446    0.000000    3.005761 v input131/A (sky130_fd_sc_hd__buf_4)
     1    0.014239    0.037874    0.129812    3.135573 v input131/X (sky130_fd_sc_hd__buf_4)
                                                         net131 (net)
                      0.037919    0.001190    3.136763 v fanout649/A (sky130_fd_sc_hd__buf_8)
     6    0.036761    0.042268    0.131224    3.267987 v fanout649/X (sky130_fd_sc_hd__buf_8)
                                                         net649 (net)
                      0.042776    0.003523    3.271510 v fanout648/A (sky130_fd_sc_hd__buf_12)
     8    0.050191    0.041693    0.140044    3.411554 v fanout648/X (sky130_fd_sc_hd__buf_12)
                                                         net648 (net)
                      0.041767    0.001308    3.412862 v fanout647/A (sky130_fd_sc_hd__buf_8)
     6    0.029005    0.036519    0.128148    3.541010 v fanout647/X (sky130_fd_sc_hd__buf_8)
                                                         net647 (net)
                      0.036764    0.002113    3.543123 v fanout646/A (sky130_fd_sc_hd__buf_8)
    10    0.034966    0.040409    0.130413    3.673537 v fanout646/X (sky130_fd_sc_hd__buf_8)
                                                         net646 (net)
                      0.040467    0.001361    3.674897 v _08855_/A (sky130_fd_sc_hd__and4_1)
     3    0.008187    0.061183    0.167059    3.841956 v _08855_/X (sky130_fd_sc_hd__and4_1)
                                                         _01321_ (net)
                      0.061183    0.000203    3.842159 v _08857_/B (sky130_fd_sc_hd__or3_4)
     2    0.006332    0.068804    0.370920    4.213079 v _08857_/X (sky130_fd_sc_hd__or3_4)
                                                         _01323_ (net)
                      0.068804    0.000141    4.213220 v _08861_/A2 (sky130_fd_sc_hd__a21o_1)
     3    0.011209    0.067325    0.218683    4.431903 v _08861_/X (sky130_fd_sc_hd__a21o_1)
                                                         _01327_ (net)
                      0.067326    0.000394    4.432297 v _08863_/A1 (sky130_fd_sc_hd__a21o_1)
     3    0.007227    0.052089    0.179907    4.612204 v _08863_/X (sky130_fd_sc_hd__a21o_1)
                                                         _01329_ (net)
                      0.052089    0.000173    4.612376 v _08865_/A (sky130_fd_sc_hd__and3_1)
     2    0.006366    0.052180    0.159218    4.771594 v _08865_/X (sky130_fd_sc_hd__and3_1)
                                                         _01331_ (net)
                      0.052180    0.000210    4.771803 v _08868_/A (sky130_fd_sc_hd__or3_4)
     4    0.017810    0.088813    0.419547    5.191350 v _08868_/X (sky130_fd_sc_hd__or3_4)
                                                         _01334_ (net)
                      0.088813    0.000592    5.191942 v _08871_/A (sky130_fd_sc_hd__and3_4)
     4    0.021850    0.053378    0.191214    5.383155 v _08871_/X (sky130_fd_sc_hd__and3_4)
                                                         _01337_ (net)
                      0.053386    0.000605    5.383761 v _08874_/A1 (sky130_fd_sc_hd__o21a_4)
     2    0.012809    0.044765    0.226490    5.610251 v _08874_/X (sky130_fd_sc_hd__o21a_4)
                                                         _01340_ (net)
                      0.044766    0.000340    5.610591 v _08876_/A2 (sky130_fd_sc_hd__o211a_1)
     3    0.008752    0.065963    0.230882    5.841472 v _08876_/X (sky130_fd_sc_hd__o211a_1)
                                                         _01342_ (net)
                      0.065964    0.000299    5.841771 v _08878_/A (sky130_fd_sc_hd__or3_4)
     2    0.008312    0.072029    0.397668    6.239439 v _08878_/X (sky130_fd_sc_hd__or3_4)
                                                         _01345_ (net)
                      0.072029    0.000102    6.239541 v rebuffer3/A (sky130_fd_sc_hd__dlymetal6s2s_1)
     1    0.003497    0.041153    0.148607    6.388148 v rebuffer3/X (sky130_fd_sc_hd__dlymetal6s2s_1)
                                                         net722 (net)
                      0.041153    0.000089    6.388237 v _08882_/A1 (sky130_fd_sc_hd__a211oi_1)
     3    0.010917    0.403751    0.362491    6.750728 ^ _08882_/Y (sky130_fd_sc_hd__a211oi_1)
                                                         _01349_ (net)
                      0.403752    0.000489    6.751217 ^ _08883_/D (sky130_fd_sc_hd__nor4_1)
     2    0.007013    0.103626    0.123079    6.874296 v _08883_/Y (sky130_fd_sc_hd__nor4_1)
                                                         _01350_ (net)
                      0.103626    0.000266    6.874562 v max_cap235/A (sky130_fd_sc_hd__buf_1)
     1    0.010273    0.066085    0.147257    7.021820 v max_cap235/X (sky130_fd_sc_hd__buf_1)
                                                         net235 (net)
                      0.066086    0.000361    7.022181 v _08886_/B1 (sky130_fd_sc_hd__a211oi_4)
     5    0.019875    0.298263    0.316488    7.338668 ^ _08886_/Y (sky130_fd_sc_hd__a211oi_4)
                                                         _01353_ (net)
                      0.298269    0.000641    7.339310 ^ _08889_/B (sky130_fd_sc_hd__or3_1)
     4    0.012641    0.123291    0.220870    7.560179 ^ _08889_/X (sky130_fd_sc_hd__or3_1)
                                                         _01357_ (net)
                      0.123291    0.000338    7.560517 ^ _08894_/A1 (sky130_fd_sc_hd__a21o_1)
     3    0.008403    0.082413    0.158076    7.718593 ^ _08894_/X (sky130_fd_sc_hd__a21o_1)
                                                         _01362_ (net)
                      0.082413    0.000136    7.718729 ^ _08895_/D (sky130_fd_sc_hd__and4_1)
     1    0.002653    0.054515    0.188389    7.907118 ^ _08895_/X (sky130_fd_sc_hd__and4_1)
                                                         _01363_ (net)
                      0.054515    0.000086    7.907204 ^ _08897_/A_N (sky130_fd_sc_hd__and2b_1)
     1    0.004380    0.040347    0.179176    8.086380 v _08897_/X (sky130_fd_sc_hd__and2b_1)
                                                         _00063_ (net)
                      0.040347    0.000167    8.086547 v _13656_/D (sky130_fd_sc_hd__dfrtp_1)
                                              8.086547   data arrival time

                                 15.000000   15.000000   clock clk (rise edge)
                                  0.000000   15.000000   clock source latency
     1    0.034823    0.162195    0.115248   15.115248 ^ clk (in)
                                                         clk (net)
                      0.162620    0.000000   15.115248 ^ clkbuf_0_clk/A (sky130_fd_sc_hd__clkbuf_16)
     8    0.113161    0.127354    0.234087   15.349335 ^ clkbuf_0_clk/X (sky130_fd_sc_hd__clkbuf_16)
                                                         clknet_0_clk (net)
                      0.127651    0.004933   15.354268 ^ clkbuf_3_7__f_clk/A (sky130_fd_sc_hd__clkbuf_16)
    10    0.037518    0.057691    0.169349   15.523617 ^ clkbuf_3_7__f_clk/X (sky130_fd_sc_hd__clkbuf_16)
                                                         clknet_3_7__leaf_clk (net)
                      0.057837    0.002267   15.525884 ^ _13656_/CLK (sky130_fd_sc_hd__dfrtp_1)
                                 -0.250000   15.275884   clock uncertainty
                                  0.000000   15.275884   clock reconvergence pessimism
                                 -0.109308   15.166576   library setup time
                                             15.166576   data required time
---------------------------------------------------------------------------------------------
                                             15.166576   data required time
                                             -8.086547   data arrival time
---------------------------------------------------------------------------------------------
                                              7.080029   slack (MET)


Startpoint: x0[0] (input port clocked by clk)
Endpoint: _13673_ (rising edge-triggered flip-flop clocked by clk)
Path Group: clk
Path Type: max

Fanout         Cap        Slew       Delay        Time   Description
---------------------------------------------------------------------------------------------
                                  0.000000    0.000000   clock clk (rise edge)
                                  0.000000    0.000000   clock network delay (propagated)
                                  3.000000    3.000000 v input external delay
     1    0.002607    0.008177    0.004116    3.004116 v x0[0] (in)
                                                         x0[0] (net)
                      0.008177    0.000000    3.004116 v input130/A (sky130_fd_sc_hd__clkbuf_2)
     2    0.019110    0.078624    0.130479    3.134595 v input130/X (sky130_fd_sc_hd__clkbuf_2)
                                                         net130 (net)
                      0.078645    0.001259    3.135854 v fanout658/A (sky130_fd_sc_hd__buf_4)
     6    0.033088    0.057852    0.180837    3.316691 v fanout658/X (sky130_fd_sc_hd__buf_4)
                                                         net658 (net)
                      0.057858    0.000796    3.317487 v fanout655/A (sky130_fd_sc_hd__buf_6)
    10    0.042324    0.050558    0.146846    3.464333 v fanout655/X (sky130_fd_sc_hd__buf_6)
                                                         net655 (net)
                      0.050570    0.000652    3.464985 v fanout654/A (sky130_fd_sc_hd__clkbuf_4)
    10    0.034960    0.080936    0.185823    3.650808 v fanout654/X (sky130_fd_sc_hd__clkbuf_4)
                                                         net654 (net)
                      0.080944    0.000852    3.651660 v _10253_/B2 (sky130_fd_sc_hd__a22o_1)
     2    0.005466    0.052253    0.220560    3.872220 v _10253_/X (sky130_fd_sc_hd__a22o_1)
                                                         _02839_ (net)
                      0.052253    0.000123    3.872343 v _10402_/A3 (sky130_fd_sc_hd__a31o_1)
     2    0.005025    0.046512    0.224309    4.096652 v _10402_/X (sky130_fd_sc_hd__a31o_1)
                                                         _03002_ (net)
                      0.046512    0.000113    4.096765 v _10404_/B (sky130_fd_sc_hd__and3_1)
     3    0.008365    0.060647    0.186784    4.283549 v _10404_/X (sky130_fd_sc_hd__and3_1)
                                                         _03004_ (net)
                      0.060647    0.000242    4.283791 v _10407_/A (sky130_fd_sc_hd__or3_1)
     2    0.006370    0.084782    0.395324    4.679115 v _10407_/X (sky130_fd_sc_hd__or3_1)
                                                         _03007_ (net)
                      0.084782    0.000152    4.679267 v _10417_/A1 (sky130_fd_sc_hd__a21o_1)
     3    0.007911    0.055236    0.190223    4.869490 v _10417_/X (sky130_fd_sc_hd__a21o_1)
                                                         _03018_ (net)
                      0.055236    0.000134    4.869624 v _10419_/A2 (sky130_fd_sc_hd__a21bo_1)
     2    0.005825    0.047335    0.203189    5.072813 v _10419_/X (sky130_fd_sc_hd__a21bo_1)
                                                         _03021_ (net)
                      0.047335    0.000192    5.073005 v _10420_/C (sky130_fd_sc_hd__and3_1)
     4    0.013614    0.081968    0.223008    5.296013 v _10420_/X (sky130_fd_sc_hd__and3_1)
                                                         _03022_ (net)
                      0.081968    0.000299    5.296312 v _10424_/B (sky130_fd_sc_hd__or3_4)
     2    0.007793    0.071144    0.382952    5.679265 v _10424_/X (sky130_fd_sc_hd__or3_4)
                                                         _03026_ (net)
                      0.071144    0.000167    5.679431 v _10568_/A2 (sky130_fd_sc_hd__a211oi_2)
     5    0.017432    0.358278    0.380134    6.059566 ^ _10568_/Y (sky130_fd_sc_hd__a211oi_2)
                                                         _03184_ (net)
                      0.358278    0.000357    6.059922 ^ _10572_/A1 (sky130_fd_sc_hd__o21ai_1)
     2    0.007565    0.105961    0.161991    6.221913 v _10572_/Y (sky130_fd_sc_hd__o21ai_1)
                                                         _03188_ (net)
                      0.105961    0.000274    6.222187 v _10575_/A2 (sky130_fd_sc_hd__a211oi_1)
     3    0.010298    0.386460    0.406552    6.628738 ^ _10575_/Y (sky130_fd_sc_hd__a211oi_1)
                                                         _03191_ (net)
                      0.386460    0.000416    6.629154 ^ _10576_/D (sky130_fd_sc_hd__nor4_1)
     1    0.002658    0.078889    0.082066    6.711220 v _10576_/Y (sky130_fd_sc_hd__nor4_1)
                                                         _03192_ (net)
                      0.078889    0.000058    6.711278 v wire234/A (sky130_fd_sc_hd__clkbuf_1)
     2    0.007165    0.049822    0.122799    6.834077 v wire234/X (sky130_fd_sc_hd__clkbuf_1)
                                                         net234 (net)
                      0.049822    0.000223    6.834300 v _10579_/B1 (sky130_fd_sc_hd__a211o_1)
     4    0.014022    0.096922    0.323005    7.157305 v _10579_/X (sky130_fd_sc_hd__a211o_1)
                                                         _03196_ (net)
                      0.096922    0.000453    7.157758 v _10582_/A1 (sky130_fd_sc_hd__a21o_1)
     4    0.011037    0.066599    0.207846    7.365603 v _10582_/X (sky130_fd_sc_hd__a21o_1)
                                                         _03199_ (net)
                      0.066599    0.000289    7.365892 v _10586_/A2 (sky130_fd_sc_hd__a21o_1)
     3    0.008224    0.056715    0.205735    7.571627 v _10586_/X (sky130_fd_sc_hd__a21o_1)
                                                         _03203_ (net)
                      0.056715    0.000254    7.571881 v _10588_/B2 (sky130_fd_sc_hd__a22o_1)
     1    0.003480    0.043755    0.200503    7.772384 v _10588_/X (sky130_fd_sc_hd__a22o_1)
                                                         _03206_ (net)
                      0.043755    0.000123    7.772506 v _10589_/B (sky130_fd_sc_hd__and2b_1)
     1    0.002630    0.032820    0.148647    7.921154 v _10589_/X (sky130_fd_sc_hd__and2b_1)
                                                         _00021_ (net)
                      0.032820    0.000058    7.921211 v _13673_/D (sky130_fd_sc_hd__dfrtp_1)
                                              7.921211   data arrival time

                                 15.000000   15.000000   clock clk (rise edge)
                                  0.000000   15.000000   clock source latency
     1    0.034823    0.162195    0.115248   15.115248 ^ clk (in)
                                                         clk (net)
                      0.162620    0.000000   15.115248 ^ clkbuf_0_clk/A (sky130_fd_sc_hd__clkbuf_16)
     8    0.113161    0.127354    0.234087   15.349335 ^ clkbuf_0_clk/X (sky130_fd_sc_hd__clkbuf_16)
                                                         clknet_0_clk (net)
                      0.127819    0.006139   15.355474 ^ clkbuf_3_2__f_clk/A (sky130_fd_sc_hd__clkbuf_16)
    10    0.035562    0.055795    0.167619   15.523092 ^ clkbuf_3_2__f_clk/X (sky130_fd_sc_hd__clkbuf_16)
                                                         clknet_3_2__leaf_clk (net)
                      0.056115    0.002395   15.525487 ^ _13673_/CLK (sky130_fd_sc_hd__dfrtp_1)
                                 -0.250000   15.275488   clock uncertainty
                                  0.000000   15.275488   clock reconvergence pessimism
                                 -0.106420   15.169068   library setup time
                                             15.169068   data required time
---------------------------------------------------------------------------------------------
                                             15.169068   data required time
                                             -7.921211   data arrival time
---------------------------------------------------------------------------------------------
                                              7.247857   slack (MET)


Startpoint: x0[0] (input port clocked by clk)
Endpoint: _13690_ (rising edge-triggered flip-flop clocked by clk)
Path Group: clk
Path Type: max

Fanout         Cap        Slew       Delay        Time   Description
---------------------------------------------------------------------------------------------
                                  0.000000    0.000000   clock clk (rise edge)
                                  0.000000    0.000000   clock network delay (propagated)
                                  3.000000    3.000000 v input external delay
     1    0.002607    0.008177    0.004116    3.004116 v x0[0] (in)
                                                         x0[0] (net)
                      0.008177    0.000000    3.004116 v input130/A (sky130_fd_sc_hd__clkbuf_2)
     2    0.019110    0.078624    0.130479    3.134595 v input130/X (sky130_fd_sc_hd__clkbuf_2)
                                                         net130 (net)
                      0.078645    0.001259    3.135854 v fanout658/A (sky130_fd_sc_hd__buf_4)
     6    0.033088    0.057852    0.180837    3.316691 v fanout658/X (sky130_fd_sc_hd__buf_4)
                                                         net658 (net)
                      0.057858    0.000796    3.317487 v fanout655/A (sky130_fd_sc_hd__buf_6)
    10    0.042324    0.050558    0.146846    3.464333 v fanout655/X (sky130_fd_sc_hd__buf_6)
                                                         net655 (net)
                      0.050570    0.000652    3.464985 v fanout654/A (sky130_fd_sc_hd__clkbuf_4)
    10    0.034960    0.080936    0.185823    3.650808 v fanout654/X (sky130_fd_sc_hd__clkbuf_4)
                                                         net654 (net)
                      0.080963    0.001384    3.652193 v _06873_/B2 (sky130_fd_sc_hd__a22o_1)
     2    0.006126    0.055356    0.224120    3.876313 v _06873_/X (sky130_fd_sc_hd__a22o_1)
                                                         _01954_ (net)
                      0.055356    0.000144    3.876457 v _07019_/A3 (sky130_fd_sc_hd__a31o_1)
     2    0.005635    0.049269    0.228702    4.105159 v _07019_/X (sky130_fd_sc_hd__a31o_1)
                                                         _03543_ (net)
                      0.049269    0.000122    4.105281 v _07021_/B (sky130_fd_sc_hd__and3_1)
     3    0.008359    0.060633    0.187911    4.293192 v _07021_/X (sky130_fd_sc_hd__and3_1)
                                                         _03565_ (net)
                      0.060633    0.000234    4.293427 v _07023_/B (sky130_fd_sc_hd__or3_1)
     2    0.006193    0.083730    0.370700    4.664126 v _07023_/X (sky130_fd_sc_hd__or3_1)
                                                         _03587_ (net)
                      0.083730    0.000153    4.664280 v _07032_/A1 (sky130_fd_sc_hd__a21o_1)
     3    0.008716    0.058329    0.193367    4.857646 v _07032_/X (sky130_fd_sc_hd__a21o_1)
                                                         _03686_ (net)
                      0.058329    0.000261    4.857907 v _07041_/A2 (sky130_fd_sc_hd__a21o_1)
     3    0.009848    0.061872    0.209732    5.067639 v _07041_/X (sky130_fd_sc_hd__a21o_1)
                                                         _03784_ (net)
                      0.061872    0.000133    5.067772 v _07042_/C (sky130_fd_sc_hd__and3_1)
     2    0.006799    0.054176    0.201230    5.269003 v _07042_/X (sky130_fd_sc_hd__and3_1)
                                                         _03795_ (net)
                      0.054176    0.000250    5.269252 v _07047_/A (sky130_fd_sc_hd__or3_4)
     4    0.016687    0.087545    0.418241    5.687493 v _07047_/X (sky130_fd_sc_hd__or3_4)
                                                         _03850_ (net)
                      0.087545    0.000235    5.687728 v _07055_/A (sky130_fd_sc_hd__and3_2)
     5    0.020068    0.075869    0.235372    5.923100 v _07055_/X (sky130_fd_sc_hd__and3_2)
                                                         _03937_ (net)
                      0.075872    0.000640    5.923740 v _07059_/A (sky130_fd_sc_hd__or3_1)
     2    0.004816    0.076039    0.388591    6.312331 v _07059_/X (sky130_fd_sc_hd__or3_1)
                                                         _03981_ (net)
                      0.076039    0.000066    6.312397 v _07066_/A (sky130_fd_sc_hd__and3_1)
     4    0.011841    0.074539    0.192815    6.505212 v _07066_/X (sky130_fd_sc_hd__and3_1)
                                                         _04057_ (net)
                      0.074539    0.000235    6.505446 v _07070_/A (sky130_fd_sc_hd__nor3b_1)
     2    0.005947    0.240838    0.263447    6.768894 ^ _07070_/Y (sky130_fd_sc_hd__nor3b_1)
                                                         _04101_ (net)
                      0.240838    0.000127    6.769021 ^ max_cap236/A (sky130_fd_sc_hd__buf_1)
     3    0.009341    0.117805    0.171251    6.940271 ^ max_cap236/X (sky130_fd_sc_hd__buf_1)
                                                         net236 (net)
                      0.117805    0.000143    6.940414 ^ _07078_/A1 (sky130_fd_sc_hd__o211ai_1)
     2    0.005920    0.093435    0.130653    7.071068 v _07078_/Y (sky130_fd_sc_hd__o211ai_1)
                                                         _04188_ (net)
                      0.093435    0.000188    7.071256 v _07079_/C (sky130_fd_sc_hd__and3_1)
     2    0.005192    0.046987    0.207851    7.279107 v _07079_/X (sky130_fd_sc_hd__and3_1)
                                                         _04199_ (net)
                      0.046987    0.000083    7.279190 v _07082_/B1_N (sky130_fd_sc_hd__o21bai_2)
     4    0.013696    0.085014    0.217335    7.496524 v _07082_/Y (sky130_fd_sc_hd__o21bai_2)
                                                         _04232_ (net)
                      0.085016    0.000536    7.497061 v _07202_/A2 (sky130_fd_sc_hd__a22o_1)
     1    0.002280    0.037366    0.234489    7.731550 v _07202_/X (sky130_fd_sc_hd__a22o_1)
                                                         _05538_ (net)
                      0.037366    0.000051    7.731600 v _07203_/B (sky130_fd_sc_hd__and2b_1)
     1    0.003035    0.034750    0.148455    7.880055 v _07203_/X (sky130_fd_sc_hd__and2b_1)
                                                         _00049_ (net)
                      0.034750    0.000075    7.880130 v _13690_/D (sky130_fd_sc_hd__dfrtp_1)
                                              7.880130   data arrival time

                                 15.000000   15.000000   clock clk (rise edge)
                                  0.000000   15.000000   clock source latency
     1    0.034823    0.162195    0.115248   15.115248 ^ clk (in)
                                                         clk (net)
                      0.162620    0.000000   15.115248 ^ clkbuf_0_clk/A (sky130_fd_sc_hd__clkbuf_16)
     8    0.113161    0.127354    0.234087   15.349335 ^ clkbuf_0_clk/X (sky130_fd_sc_hd__clkbuf_16)
                                                         clknet_0_clk (net)
                      0.127686    0.005208   15.354543 ^ clkbuf_3_3__f_clk/A (sky130_fd_sc_hd__clkbuf_16)
    10    0.031963    0.052824    0.165569   15.520112 ^ clkbuf_3_3__f_clk/X (sky130_fd_sc_hd__clkbuf_16)
                                                         clknet_3_3__leaf_clk (net)
                      0.052833    0.001283   15.521395 ^ _13690_/CLK (sky130_fd_sc_hd__dfrtp_1)
                                 -0.250000   15.271396   clock uncertainty
                                  0.000000   15.271396   clock reconvergence pessimism
                                 -0.108011   15.163383   library setup time
                                             15.163383   data required time
---------------------------------------------------------------------------------------------
                                             15.163383   data required time
                                             -7.880130   data arrival time
---------------------------------------------------------------------------------------------
                                              7.283254   slack (MET)


Startpoint: x0[1] (input port clocked by clk)
Endpoint: _13638_ (rising edge-triggered flip-flop clocked by clk)
Path Group: clk
Path Type: max

Fanout         Cap        Slew       Delay        Time   Description
---------------------------------------------------------------------------------------------
                                  0.000000    0.000000   clock clk (rise edge)
                                  0.000000    0.000000   clock network delay (propagated)
                                  3.000000    3.000000 v input external delay
     1    0.003579    0.010441    0.005761    3.005761 v x0[1] (in)
                                                         x0[1] (net)
                      0.010446    0.000000    3.005761 v input131/A (sky130_fd_sc_hd__buf_4)
     1    0.014239    0.037874    0.129812    3.135573 v input131/X (sky130_fd_sc_hd__buf_4)
                                                         net131 (net)
                      0.037919    0.001190    3.136763 v fanout649/A (sky130_fd_sc_hd__buf_8)
     6    0.036761    0.042268    0.131224    3.267987 v fanout649/X (sky130_fd_sc_hd__buf_8)
                                                         net649 (net)
                      0.042776    0.003523    3.271510 v fanout648/A (sky130_fd_sc_hd__buf_12)
     8    0.050191    0.041693    0.140044    3.411554 v fanout648/X (sky130_fd_sc_hd__buf_12)
                                                         net648 (net)
                      0.041767    0.001308    3.412862 v fanout647/A (sky130_fd_sc_hd__buf_8)
     6    0.029005    0.036519    0.128148    3.541010 v fanout647/X (sky130_fd_sc_hd__buf_8)
                                                         net647 (net)
                      0.036523    0.000568    3.541578 v fanout645/A (sky130_fd_sc_hd__buf_4)
    10    0.033415    0.057973    0.163304    3.704883 v fanout645/X (sky130_fd_sc_hd__buf_4)
                                                         net645 (net)
                      0.057979    0.000618    3.705500 v _11966_/A1 (sky130_fd_sc_hd__a22o_1)
     2    0.005813    0.053861    0.223329    3.928829 v _11966_/X (sky130_fd_sc_hd__a22o_1)
                                                         _04705_ (net)
                      0.053861    0.000113    3.928942 v _12114_/A3 (sky130_fd_sc_hd__a31o_1)
     2    0.005600    0.049090    0.227911    4.156853 v _12114_/X (sky130_fd_sc_hd__a31o_1)
                                                         _04867_ (net)
                      0.049090    0.000133    4.156986 v _12116_/B (sky130_fd_sc_hd__and3_1)
     3    0.008575    0.061323    0.188919    4.345905 v _12116_/X (sky130_fd_sc_hd__and3_1)
                                                         _04869_ (net)
                      0.061323    0.000203    4.346107 v _12119_/A (sky130_fd_sc_hd__or3_4)
     2    0.006921    0.069844    0.391727    4.737835 v _12119_/X (sky130_fd_sc_hd__or3_4)
                                                         _04873_ (net)
                      0.069844    0.000166    4.738001 v _12129_/A2 (sky130_fd_sc_hd__a21o_1)
     3    0.007840    0.054905    0.205274    4.943275 v _12129_/X (sky130_fd_sc_hd__a21o_1)
                                                         _04884_ (net)
                      0.054905    0.000139    4.943414 v _12131_/A2 (sky130_fd_sc_hd__a21bo_1)
     2    0.004869    0.043192    0.198526    5.141940 v _12131_/X (sky130_fd_sc_hd__a21bo_1)
                                                         _04886_ (net)
                      0.043192    0.000143    5.142083 v _12132_/B (sky130_fd_sc_hd__and3_1)
     4    0.013605    0.081926    0.205871    5.347954 v _12132_/X (sky130_fd_sc_hd__and3_1)
                                                         _04887_ (net)
                      0.081926    0.000162    5.348115 v _12135_/B (sky130_fd_sc_hd__nor3_1)
     2    0.009658    0.321934    0.311950    5.660066 ^ _12135_/Y (sky130_fd_sc_hd__nor3_1)
                                                         _04890_ (net)
                      0.321934    0.000364    5.660429 ^ _12144_/B1 (sky130_fd_sc_hd__a211oi_2)
     5    0.018994    0.109971    0.138441    5.798871 v _12144_/Y (sky130_fd_sc_hd__a211oi_2)
                                                         _04900_ (net)
                      0.109971    0.000591    5.799462 v _12147_/B (sky130_fd_sc_hd__or3_2)
     2    0.013159    0.110817    0.520457    6.319920 v _12147_/X (sky130_fd_sc_hd__or3_2)
                                                         _04903_ (net)
                      0.110817    0.000277    6.320197 v _12157_/A1 (sky130_fd_sc_hd__a211o_1)
     3    0.008992    0.076172    0.311529    6.631725 v _12157_/X (sky130_fd_sc_hd__a211o_1)
                                                         _04914_ (net)
                      0.076172    0.000189    6.631914 v _12158_/C (sky130_fd_sc_hd__and3_1)
     2    0.007591    0.057853    0.211678    6.843593 v _12158_/X (sky130_fd_sc_hd__and3_1)
                                                         _04916_ (net)
                      0.057853    0.000171    6.843764 v _12167_/B1 (sky130_fd_sc_hd__a211oi_2)
     4    0.011511    0.269425    0.287065    7.130828 ^ _12167_/Y (sky130_fd_sc_hd__a211oi_2)
                                                         _04925_ (net)
                      0.269425    0.000270    7.131099 ^ _12169_/A_N (sky130_fd_sc_hd__nand2b_1)
     2    0.012968    0.143685    0.217434    7.348533 ^ _12169_/Y (sky130_fd_sc_hd__nand2b_1)
                                                         _04928_ (net)
                      0.143685    0.000331    7.348864 ^ _12175_/A (sky130_fd_sc_hd__xor2_2)
     4    0.013523    0.202514    0.215953    7.564816 ^ _12175_/X (sky130_fd_sc_hd__xor2_2)
                                                         _04934_ (net)
                      0.202514    0.000310    7.565126 ^ _12181_/A (sky130_fd_sc_hd__xor2_1)
     1    0.003766    0.128374    0.173213    7.738339 ^ _12181_/X (sky130_fd_sc_hd__xor2_1)
                                                         _00034_ (net)
                      0.128374    0.000131    7.738471 ^ _13638_/D (sky130_fd_sc_hd__dfrtp_1)
                                              7.738471   data arrival time

                                 15.000000   15.000000   clock clk (rise edge)
                                  0.000000   15.000000   clock source latency
     1    0.034823    0.162195    0.115248   15.115248 ^ clk (in)
                                                         clk (net)
                      0.162620    0.000000   15.115248 ^ clkbuf_0_clk/A (sky130_fd_sc_hd__clkbuf_16)
     8    0.113161    0.127354    0.234087   15.349335 ^ clkbuf_0_clk/X (sky130_fd_sc_hd__clkbuf_16)
                                                         clknet_0_clk (net)
                      0.127740    0.005604   15.354939 ^ clkbuf_3_6__f_clk/A (sky130_fd_sc_hd__clkbuf_16)
    10    0.030191    0.051358    0.164231   15.519171 ^ clkbuf_3_6__f_clk/X (sky130_fd_sc_hd__clkbuf_16)
                                                         clknet_3_6__leaf_clk (net)
                      0.051381    0.001494   15.520664 ^ _13638_/CLK (sky130_fd_sc_hd__dfrtp_1)
                                 -0.250000   15.270665   clock uncertainty
                                  0.000000   15.270665   clock reconvergence pessimism
                                 -0.078095   15.192570   library setup time
                                             15.192570   data required time
---------------------------------------------------------------------------------------------
                                             15.192570   data required time
                                             -7.738471   data arrival time
---------------------------------------------------------------------------------------------
                                              7.454099   slack (MET)


Startpoint: x0[0] (input port clocked by clk)
Endpoint: _13689_ (rising edge-triggered flip-flop clocked by clk)
Path Group: clk
Path Type: max

Fanout         Cap        Slew       Delay        Time   Description
---------------------------------------------------------------------------------------------
                                  0.000000    0.000000   clock clk (rise edge)
                                  0.000000    0.000000   clock network delay (propagated)
                                  3.000000    3.000000 v input external delay
     1    0.002607    0.008177    0.004116    3.004116 v x0[0] (in)
                                                         x0[0] (net)
                      0.008177    0.000000    3.004116 v input130/A (sky130_fd_sc_hd__clkbuf_2)
     2    0.019110    0.078624    0.130479    3.134595 v input130/X (sky130_fd_sc_hd__clkbuf_2)
                                                         net130 (net)
                      0.078645    0.001259    3.135854 v fanout658/A (sky130_fd_sc_hd__buf_4)
     6    0.033088    0.057852    0.180837    3.316691 v fanout658/X (sky130_fd_sc_hd__buf_4)
                                                         net658 (net)
                      0.057858    0.000796    3.317487 v fanout655/A (sky130_fd_sc_hd__buf_6)
    10    0.042324    0.050558    0.146846    3.464333 v fanout655/X (sky130_fd_sc_hd__buf_6)
                                                         net655 (net)
                      0.050570    0.000652    3.464985 v fanout654/A (sky130_fd_sc_hd__clkbuf_4)
    10    0.034960    0.080936    0.185823    3.650808 v fanout654/X (sky130_fd_sc_hd__clkbuf_4)
                                                         net654 (net)
                      0.080963    0.001384    3.652193 v _06873_/B2 (sky130_fd_sc_hd__a22o_1)
     2    0.006126    0.055356    0.224120    3.876313 v _06873_/X (sky130_fd_sc_hd__a22o_1)
                                                         _01954_ (net)
                      0.055356    0.000144    3.876457 v _07019_/A3 (sky130_fd_sc_hd__a31o_1)
     2    0.005635    0.049269    0.228702    4.105159 v _07019_/X (sky130_fd_sc_hd__a31o_1)
                                                         _03543_ (net)
                      0.049269    0.000122    4.105281 v _07021_/B (sky130_fd_sc_hd__and3_1)
     3    0.008359    0.060633    0.187911    4.293192 v _07021_/X (sky130_fd_sc_hd__and3_1)
                                                         _03565_ (net)
                      0.060633    0.000234    4.293427 v _07023_/B (sky130_fd_sc_hd__or3_1)
     2    0.006193    0.083730    0.370700    4.664126 v _07023_/X (sky130_fd_sc_hd__or3_1)
                                                         _03587_ (net)
                      0.083730    0.000153    4.664280 v _07032_/A1 (sky130_fd_sc_hd__a21o_1)
     3    0.008716    0.058329    0.193367    4.857646 v _07032_/X (sky130_fd_sc_hd__a21o_1)
                                                         _03686_ (net)
                      0.058329    0.000261    4.857907 v _07041_/A2 (sky130_fd_sc_hd__a21o_1)
     3    0.009848    0.061872    0.209732    5.067639 v _07041_/X (sky130_fd_sc_hd__a21o_1)
                                                         _03784_ (net)
                      0.061872    0.000133    5.067772 v _07042_/C (sky130_fd_sc_hd__and3_1)
     2    0.006799    0.054176    0.201230    5.269003 v _07042_/X (sky130_fd_sc_hd__and3_1)
                                                         _03795_ (net)
                      0.054176    0.000250    5.269252 v _07047_/A (sky130_fd_sc_hd__or3_4)
     4    0.016687    0.087545    0.418241    5.687493 v _07047_/X (sky130_fd_sc_hd__or3_4)
                                                         _03850_ (net)
                      0.087545    0.000235    5.687728 v _07055_/A (sky130_fd_sc_hd__and3_2)
     5    0.020068    0.075869    0.235372    5.923100 v _07055_/X (sky130_fd_sc_hd__and3_2)
                                                         _03937_ (net)
                      0.075872    0.000640    5.923740 v _07059_/A (sky130_fd_sc_hd__or3_1)
     2    0.004816    0.076039    0.388591    6.312331 v _07059_/X (sky130_fd_sc_hd__or3_1)
                                                         _03981_ (net)
                      0.076039    0.000066    6.312397 v _07066_/A (sky130_fd_sc_hd__and3_1)
     4    0.011841    0.074539    0.192815    6.505212 v _07066_/X (sky130_fd_sc_hd__and3_1)
                                                         _04057_ (net)
                      0.074539    0.000235    6.505446 v _07070_/A (sky130_fd_sc_hd__nor3b_1)
     2    0.005947    0.240838    0.263447    6.768894 ^ _07070_/Y (sky130_fd_sc_hd__nor3b_1)
                                                         _04101_ (net)
                      0.240838    0.000127    6.769021 ^ max_cap236/A (sky130_fd_sc_hd__buf_1)
     3    0.009341    0.117805    0.171251    6.940271 ^ max_cap236/X (sky130_fd_sc_hd__buf_1)
                                                         net236 (net)
                      0.117805    0.000143    6.940414 ^ _07078_/A1 (sky130_fd_sc_hd__o211ai_1)
     2    0.005920    0.093435    0.130653    7.071068 v _07078_/Y (sky130_fd_sc_hd__o211ai_1)
                                                         _04188_ (net)
                      0.093435    0.000188    7.071256 v _07079_/C (sky130_fd_sc_hd__and3_1)
     2    0.005192    0.046987    0.207851    7.279107 v _07079_/X (sky130_fd_sc_hd__and3_1)
                                                         _04199_ (net)
                      0.046987    0.000083    7.279190 v _07082_/B1_N (sky130_fd_sc_hd__o21bai_2)
     4    0.013696    0.085014    0.217335    7.496524 v _07082_/Y (sky130_fd_sc_hd__o21bai_2)
                                                         _04232_ (net)
                      0.085015    0.000459    7.496984 v _07083_/B (sky130_fd_sc_hd__xor2_1)
     1    0.002289    0.063614    0.148157    7.645141 v _07083_/X (sky130_fd_sc_hd__xor2_1)
                                                         _00048_ (net)
                      0.063614    0.000047    7.645188 v _13689_/D (sky130_fd_sc_hd__dfrtp_1)
                                              7.645188   data arrival time

                                 15.000000   15.000000   clock clk (rise edge)
                                  0.000000   15.000000   clock source latency
     1    0.034823    0.162195    0.115248   15.115248 ^ clk (in)
                                                         clk (net)
                      0.162620    0.000000   15.115248 ^ clkbuf_0_clk/A (sky130_fd_sc_hd__clkbuf_16)
     8    0.113161    0.127354    0.234087   15.349335 ^ clkbuf_0_clk/X (sky130_fd_sc_hd__clkbuf_16)
                                                         clknet_0_clk (net)
                      0.127686    0.005208   15.354543 ^ clkbuf_3_3__f_clk/A (sky130_fd_sc_hd__clkbuf_16)
    10    0.031963    0.052824    0.165569   15.520112 ^ clkbuf_3_3__f_clk/X (sky130_fd_sc_hd__clkbuf_16)
                                                         clknet_3_3__leaf_clk (net)
                      0.052834    0.001338   15.521449 ^ _13689_/CLK (sky130_fd_sc_hd__dfrtp_1)
                                 -0.250000   15.271450   clock uncertainty
                                  0.000000   15.271450   clock reconvergence pessimism
                                 -0.120599   15.150851   library setup time
                                             15.150851   data required time
---------------------------------------------------------------------------------------------
                                             15.150851   data required time
                                             -7.645188   data arrival time
---------------------------------------------------------------------------------------------
                                              7.505664   slack (MET)


Startpoint: x0[0] (input port clocked by clk)
Endpoint: _13672_ (rising edge-triggered flip-flop clocked by clk)
Path Group: clk
Path Type: max

Fanout         Cap        Slew       Delay        Time   Description
---------------------------------------------------------------------------------------------
                                  0.000000    0.000000   clock clk (rise edge)
                                  0.000000    0.000000   clock network delay (propagated)
                                  3.000000    3.000000 v input external delay
     1    0.002607    0.008177    0.004116    3.004116 v x0[0] (in)
                                                         x0[0] (net)
                      0.008177    0.000000    3.004116 v input130/A (sky130_fd_sc_hd__clkbuf_2)
     2    0.019110    0.078624    0.130479    3.134595 v input130/X (sky130_fd_sc_hd__clkbuf_2)
                                                         net130 (net)
                      0.078645    0.001259    3.135854 v fanout658/A (sky130_fd_sc_hd__buf_4)
     6    0.033088    0.057852    0.180837    3.316691 v fanout658/X (sky130_fd_sc_hd__buf_4)
                                                         net658 (net)
                      0.057858    0.000796    3.317487 v fanout655/A (sky130_fd_sc_hd__buf_6)
    10    0.042324    0.050558    0.146846    3.464333 v fanout655/X (sky130_fd_sc_hd__buf_6)
                                                         net655 (net)
                      0.050570    0.000652    3.464985 v fanout654/A (sky130_fd_sc_hd__clkbuf_4)
    10    0.034960    0.080936    0.185823    3.650808 v fanout654/X (sky130_fd_sc_hd__clkbuf_4)
                                                         net654 (net)
                      0.080944    0.000852    3.651660 v _10253_/B2 (sky130_fd_sc_hd__a22o_1)
     2    0.005466    0.052253    0.220560    3.872220 v _10253_/X (sky130_fd_sc_hd__a22o_1)
                                                         _02839_ (net)
                      0.052253    0.000123    3.872343 v _10402_/A3 (sky130_fd_sc_hd__a31o_1)
     2    0.005025    0.046512    0.224309    4.096652 v _10402_/X (sky130_fd_sc_hd__a31o_1)
                                                         _03002_ (net)
                      0.046512    0.000113    4.096765 v _10404_/B (sky130_fd_sc_hd__and3_1)
     3    0.008365    0.060647    0.186784    4.283549 v _10404_/X (sky130_fd_sc_hd__and3_1)
                                                         _03004_ (net)
                      0.060647    0.000242    4.283791 v _10407_/A (sky130_fd_sc_hd__or3_1)
     2    0.006370    0.084782    0.395324    4.679115 v _10407_/X (sky130_fd_sc_hd__or3_1)
                                                         _03007_ (net)
                      0.084782    0.000152    4.679267 v _10417_/A1 (sky130_fd_sc_hd__a21o_1)
     3    0.007911    0.055236    0.190223    4.869490 v _10417_/X (sky130_fd_sc_hd__a21o_1)
                                                         _03018_ (net)
                      0.055236    0.000134    4.869624 v _10419_/A2 (sky130_fd_sc_hd__a21bo_1)
     2    0.005825    0.047335    0.203189    5.072813 v _10419_/X (sky130_fd_sc_hd__a21bo_1)
                                                         _03021_ (net)
                      0.047335    0.000192    5.073005 v _10420_/C (sky130_fd_sc_hd__and3_1)
     4    0.013614    0.081968    0.223008    5.296013 v _10420_/X (sky130_fd_sc_hd__and3_1)
                                                         _03022_ (net)
                      0.081968    0.000191    5.296204 v _10423_/B (sky130_fd_sc_hd__nor3_1)
     2    0.010400    0.341460    0.326835    5.623039 ^ _10423_/Y (sky130_fd_sc_hd__nor3_1)
                                                         _03025_ (net)
                      0.341461    0.000446    5.623485 ^ _10432_/B1 (sky130_fd_sc_hd__a211oi_2)
     5    0.016313    0.109378    0.133612    5.757097 v _10432_/Y (sky130_fd_sc_hd__a211oi_2)
                                                         _03035_ (net)
                      0.109379    0.000202    5.757298 v _10435_/B (sky130_fd_sc_hd__or3_2)
     2    0.013554    0.111676    0.521656    6.278954 v _10435_/X (sky130_fd_sc_hd__or3_2)
                                                         _03038_ (net)
                      0.111676    0.000358    6.279312 v _10445_/A1 (sky130_fd_sc_hd__a211o_1)
     3    0.010055    0.080334    0.316984    6.596296 v _10445_/X (sky130_fd_sc_hd__a211o_1)
                                                         _03049_ (net)
                      0.080335    0.000449    6.596744 v _10446_/C (sky130_fd_sc_hd__and3_1)
     2    0.007730    0.058516    0.214269    6.811013 v _10446_/X (sky130_fd_sc_hd__and3_1)
                                                         _03050_ (net)
                      0.058516    0.000144    6.811158 v _10455_/B1 (sky130_fd_sc_hd__a211oi_2)
     4    0.011635    0.271175    0.288742    7.099900 ^ _10455_/Y (sky130_fd_sc_hd__a211oi_2)
                                                         _03060_ (net)
                      0.271175    0.000313    7.100212 ^ _10457_/A_N (sky130_fd_sc_hd__nand2b_1)
     2    0.011329    0.127707    0.206337    7.306549 ^ _10457_/Y (sky130_fd_sc_hd__nand2b_1)
                                                         _03062_ (net)
                      0.127707    0.000220    7.306769 ^ _10464_/A (sky130_fd_sc_hd__xnor2_2)
     4    0.012894    0.080437    0.112923    7.419691 v _10464_/Y (sky130_fd_sc_hd__xnor2_2)
                                                         _03070_ (net)
                      0.080437    0.000206    7.419897 v _10470_/A (sky130_fd_sc_hd__xor2_1)
     1    0.003050    0.062132    0.168817    7.588714 v _10470_/X (sky130_fd_sc_hd__xor2_1)
                                                         _00020_ (net)
                      0.062132    0.000076    7.588790 v _13672_/D (sky130_fd_sc_hd__dfrtp_1)
                                              7.588790   data arrival time

                                 15.000000   15.000000   clock clk (rise edge)
                                  0.000000   15.000000   clock source latency
     1    0.034823    0.162195    0.115248   15.115248 ^ clk (in)
                                                         clk (net)
                      0.162620    0.000000   15.115248 ^ clkbuf_0_clk/A (sky130_fd_sc_hd__clkbuf_16)
     8    0.113161    0.127354    0.234087   15.349335 ^ clkbuf_0_clk/X (sky130_fd_sc_hd__clkbuf_16)
                                                         clknet_0_clk (net)
                      0.127819    0.006139   15.355474 ^ clkbuf_3_2__f_clk/A (sky130_fd_sc_hd__clkbuf_16)
    10    0.035562    0.055795    0.167619   15.523092 ^ clkbuf_3_2__f_clk/X (sky130_fd_sc_hd__clkbuf_16)
                                                         clknet_3_2__leaf_clk (net)
                      0.056097    0.002256   15.525349 ^ _13672_/CLK (sky130_fd_sc_hd__dfrtp_1)
                                 -0.250000   15.275350   clock uncertainty
                                  0.000000   15.275350   clock reconvergence pessimism
                                 -0.119204   15.156145   library setup time
                                             15.156145   data required time
---------------------------------------------------------------------------------------------
                                             15.156145   data required time
                                             -7.588790   data arrival time
---------------------------------------------------------------------------------------------
                                              7.567355   slack (MET)


Startpoint: x0[0] (input port clocked by clk)
Endpoint: _13688_ (rising edge-triggered flip-flop clocked by clk)
Path Group: clk
Path Type: max

Fanout         Cap        Slew       Delay        Time   Description
---------------------------------------------------------------------------------------------
                                  0.000000    0.000000   clock clk (rise edge)
                                  0.000000    0.000000   clock network delay (propagated)
                                  3.000000    3.000000 v input external delay
     1    0.002607    0.008177    0.004116    3.004116 v x0[0] (in)
                                                         x0[0] (net)
                      0.008177    0.000000    3.004116 v input130/A (sky130_fd_sc_hd__clkbuf_2)
     2    0.019110    0.078624    0.130479    3.134595 v input130/X (sky130_fd_sc_hd__clkbuf_2)
                                                         net130 (net)
                      0.078645    0.001259    3.135854 v fanout658/A (sky130_fd_sc_hd__buf_4)
     6    0.033088    0.057852    0.180837    3.316691 v fanout658/X (sky130_fd_sc_hd__buf_4)
                                                         net658 (net)
                      0.057858    0.000796    3.317487 v fanout655/A (sky130_fd_sc_hd__buf_6)
    10    0.042324    0.050558    0.146846    3.464333 v fanout655/X (sky130_fd_sc_hd__buf_6)
                                                         net655 (net)
                      0.050570    0.000652    3.464985 v fanout654/A (sky130_fd_sc_hd__clkbuf_4)
    10    0.034960    0.080936    0.185823    3.650808 v fanout654/X (sky130_fd_sc_hd__clkbuf_4)
                                                         net654 (net)
                      0.080963    0.001384    3.652193 v _06873_/B2 (sky130_fd_sc_hd__a22o_1)
     2    0.006126    0.055356    0.224120    3.876313 v _06873_/X (sky130_fd_sc_hd__a22o_1)
                                                         _01954_ (net)
                      0.055356    0.000144    3.876457 v _07019_/A3 (sky130_fd_sc_hd__a31o_1)
     2    0.005635    0.049269    0.228702    4.105159 v _07019_/X (sky130_fd_sc_hd__a31o_1)
                                                         _03543_ (net)
                      0.049269    0.000122    4.105281 v _07021_/B (sky130_fd_sc_hd__and3_1)
     3    0.008359    0.060633    0.187911    4.293192 v _07021_/X (sky130_fd_sc_hd__and3_1)
                                                         _03565_ (net)
                      0.060633    0.000234    4.293427 v _07023_/B (sky130_fd_sc_hd__or3_1)
     2    0.006193    0.083730    0.370700    4.664126 v _07023_/X (sky130_fd_sc_hd__or3_1)
                                                         _03587_ (net)
                      0.083730    0.000153    4.664280 v _07032_/A1 (sky130_fd_sc_hd__a21o_1)
     3    0.008716    0.058329    0.193367    4.857646 v _07032_/X (sky130_fd_sc_hd__a21o_1)
                                                         _03686_ (net)
                      0.058329    0.000261    4.857907 v _07041_/A2 (sky130_fd_sc_hd__a21o_1)
     3    0.009848    0.061872    0.209732    5.067639 v _07041_/X (sky130_fd_sc_hd__a21o_1)
                                                         _03784_ (net)
                      0.061872    0.000133    5.067772 v _07042_/C (sky130_fd_sc_hd__and3_1)
     2    0.006799    0.054176    0.201230    5.269003 v _07042_/X (sky130_fd_sc_hd__and3_1)
                                                         _03795_ (net)
                      0.054176    0.000250    5.269252 v _07047_/A (sky130_fd_sc_hd__or3_4)
     4    0.016687    0.087545    0.418241    5.687493 v _07047_/X (sky130_fd_sc_hd__or3_4)
                                                         _03850_ (net)
                      0.087545    0.000235    5.687728 v _07055_/A (sky130_fd_sc_hd__and3_2)
     5    0.020068    0.075869    0.235372    5.923100 v _07055_/X (sky130_fd_sc_hd__and3_2)
                                                         _03937_ (net)
                      0.075872    0.000640    5.923740 v _07059_/A (sky130_fd_sc_hd__or3_1)
     2    0.004816    0.076039    0.388591    6.312331 v _07059_/X (sky130_fd_sc_hd__or3_1)
                                                         _03981_ (net)
                      0.076039    0.000066    6.312397 v _07066_/A (sky130_fd_sc_hd__and3_1)
     4    0.011841    0.074539    0.192815    6.505212 v _07066_/X (sky130_fd_sc_hd__and3_1)
                                                         _04057_ (net)
                      0.074539    0.000235    6.505446 v _07070_/A (sky130_fd_sc_hd__nor3b_1)
     2    0.005947    0.240838    0.263447    6.768894 ^ _07070_/Y (sky130_fd_sc_hd__nor3b_1)
                                                         _04101_ (net)
                      0.240838    0.000127    6.769021 ^ max_cap236/A (sky130_fd_sc_hd__buf_1)
     3    0.009341    0.117805    0.171251    6.940271 ^ max_cap236/X (sky130_fd_sc_hd__buf_1)
                                                         net236 (net)
                      0.117805    0.000143    6.940414 ^ _07078_/A1 (sky130_fd_sc_hd__o211ai_1)
     2    0.005920    0.093435    0.130653    7.071068 v _07078_/Y (sky130_fd_sc_hd__o211ai_1)
                                                         _04188_ (net)
                      0.093435    0.000184    7.071252 v _07080_/A2 (sky130_fd_sc_hd__a21oi_1)
     2    0.009710    0.232592    0.252654    7.323906 ^ _07080_/Y (sky130_fd_sc_hd__a21oi_1)
                                                         _04210_ (net)
                      0.232592    0.000246    7.324152 ^ _07081_/B (sky130_fd_sc_hd__nor2_1)
     1    0.005856    0.067441    0.088616    7.412768 v _07081_/Y (sky130_fd_sc_hd__nor2_1)
                                                         _04221_ (net)
                      0.067441    0.000171    7.412940 v _08526_/B (sky130_fd_sc_hd__xnor2_1)
     1    0.002534    0.043690    0.125255    7.538195 v _08526_/Y (sky130_fd_sc_hd__xnor2_1)
                                                         _00040_ (net)
                      0.043690    0.000055    7.538250 v _13688_/D (sky130_fd_sc_hd__dfrtp_1)
                                              7.538250   data arrival time

                                 15.000000   15.000000   clock clk (rise edge)
                                  0.000000   15.000000   clock source latency
     1    0.034823    0.162195    0.115248   15.115248 ^ clk (in)
                                                         clk (net)
                      0.162620    0.000000   15.115248 ^ clkbuf_0_clk/A (sky130_fd_sc_hd__clkbuf_16)
     8    0.113161    0.127354    0.234087   15.349335 ^ clkbuf_0_clk/X (sky130_fd_sc_hd__clkbuf_16)
                                                         clknet_0_clk (net)
                      0.127686    0.005208   15.354543 ^ clkbuf_3_3__f_clk/A (sky130_fd_sc_hd__clkbuf_16)
    10    0.031963    0.052824    0.165569   15.520112 ^ clkbuf_3_3__f_clk/X (sky130_fd_sc_hd__clkbuf_16)
                                                         clknet_3_3__leaf_clk (net)
                      0.052837    0.001403   15.521515 ^ _13688_/CLK (sky130_fd_sc_hd__dfrtp_1)
                                 -0.250000   15.271516   clock uncertainty
                                  0.000000   15.271516   clock reconvergence pessimism
                                 -0.111909   15.159607   library setup time
                                             15.159607   data required time
---------------------------------------------------------------------------------------------
                                             15.159607   data required time
                                             -7.538250   data arrival time
---------------------------------------------------------------------------------------------
                                              7.621357   slack (MET)


Startpoint: x3[1] (input port clocked by clk)
Endpoint: _13655_ (rising edge-triggered flip-flop clocked by clk)
Path Group: clk
Path Type: max

Fanout         Cap        Slew       Delay        Time   Description
---------------------------------------------------------------------------------------------
                                  0.000000    0.000000   clock clk (rise edge)
                                  0.000000    0.000000   clock network delay (propagated)
                                  3.000000    3.000000 ^ input external delay
     1    0.003715    0.023701    0.013535    3.013535 ^ x3[1] (in)
                                                         x3[1] (net)
                      0.023709    0.000000    3.013535 ^ input155/A (sky130_fd_sc_hd__buf_1)
     1    0.008072    0.102800    0.115065    3.128600 ^ input155/X (sky130_fd_sc_hd__buf_1)
                                                         net155 (net)
                      0.102804    0.000485    3.129085 ^ fanout465/A (sky130_fd_sc_hd__clkbuf_4)
     6    0.049818    0.156535    0.236146    3.365231 ^ fanout465/X (sky130_fd_sc_hd__clkbuf_4)
                                                         net465 (net)
                      0.156580    0.002224    3.367455 ^ fanout464/A (sky130_fd_sc_hd__buf_2)
     6    0.030359    0.152527    0.222557    3.590012 ^ fanout464/X (sky130_fd_sc_hd__buf_2)
                                                         net464 (net)
                      0.152609    0.001676    3.591688 ^ fanout463/A (sky130_fd_sc_hd__buf_2)
    10    0.038666    0.191023    0.248398    3.840086 ^ fanout463/X (sky130_fd_sc_hd__buf_2)
                                                         net463 (net)
                      0.191066    0.002358    3.842444 ^ _08678_/A (sky130_fd_sc_hd__and4_1)
     2    0.005351    0.076657    0.223024    4.065468 ^ _08678_/X (sky130_fd_sc_hd__and4_1)
                                                         _01145_ (net)
                      0.076657    0.000117    4.065585 ^ _08680_/A_N (sky130_fd_sc_hd__and2b_1)
     1    0.005391    0.044479    0.190293    4.255877 v _08680_/X (sky130_fd_sc_hd__and2b_1)
                                                         _01147_ (net)
                      0.044479    0.000139    4.256017 v _08681_/B (sky130_fd_sc_hd__xnor2_1)
     2    0.008980    0.235842    0.219616    4.475633 ^ _08681_/Y (sky130_fd_sc_hd__xnor2_1)
                                                         _01148_ (net)
                      0.235843    0.000271    4.475904 ^ _08688_/A (sky130_fd_sc_hd__xor2_1)
     2    0.008545    0.212601    0.243934    4.719839 ^ _08688_/X (sky130_fd_sc_hd__xor2_1)
                                                         _01155_ (net)
                      0.212601    0.000166    4.720004 ^ _08690_/B (sky130_fd_sc_hd__xnor2_1)
     2    0.005357    0.067255    0.110456    4.830460 v _08690_/Y (sky130_fd_sc_hd__xnor2_1)
                                                         _01157_ (net)
                      0.067255    0.000117    4.830576 v _08693_/A (sky130_fd_sc_hd__and2_1)
     3    0.009839    0.063759    0.172964    5.003541 v _08693_/X (sky130_fd_sc_hd__and2_1)
                                                         _01160_ (net)
                      0.063759    0.000129    5.003670 v _08695_/A (sky130_fd_sc_hd__or2_1)
     3    0.008799    0.075377    0.262784    5.266454 v _08695_/X (sky130_fd_sc_hd__or2_1)
                                                         _01162_ (net)
                      0.075377    0.000173    5.266626 v _08734_/A (sky130_fd_sc_hd__nor3_1)
     2    0.008623    0.294624    0.302176    5.568802 ^ _08734_/Y (sky130_fd_sc_hd__nor3_1)
                                                         _01201_ (net)
                      0.294624    0.000213    5.569015 ^ _08743_/B1 (sky130_fd_sc_hd__a211oi_2)
     5    0.018682    0.105768    0.134174    5.703189 v _08743_/Y (sky130_fd_sc_hd__a211oi_2)
                                                         _01210_ (net)
                      0.105770    0.000560    5.703749 v _08746_/B (sky130_fd_sc_hd__or3_2)
     2    0.012129    0.107236    0.514728    6.218477 v _08746_/X (sky130_fd_sc_hd__or3_2)
                                                         _01213_ (net)
                      0.107241    0.000229    6.218706 v _08756_/A1 (sky130_fd_sc_hd__a211o_1)
     3    0.010804    0.083171    0.318449    6.537156 v _08756_/X (sky130_fd_sc_hd__a211o_1)
                                                         _01223_ (net)
                      0.083172    0.000441    6.537597 v _08757_/C (sky130_fd_sc_hd__and3_1)
     2    0.005716    0.049265    0.205726    6.743323 v _08757_/X (sky130_fd_sc_hd__and3_1)
                                                         _01224_ (net)
                      0.049265    0.000116    6.743439 v _08767_/A1 (sky130_fd_sc_hd__o211ai_1)
     2    0.007078    0.218316    0.227758    6.971197 ^ _08767_/Y (sky130_fd_sc_hd__o211ai_1)
                                                         _01234_ (net)
                      0.218316    0.000239    6.971437 ^ _08768_/B (sky130_fd_sc_hd__nand2_1)
     2    0.011253    0.101041    0.140004    7.111441 v _08768_/Y (sky130_fd_sc_hd__nand2_1)
                                                         _01235_ (net)
                      0.101041    0.000296    7.111737 v _08772_/A (sky130_fd_sc_hd__xnor2_2)
     4    0.013298    0.213577    0.244095    7.355831 ^ _08772_/Y (sky130_fd_sc_hd__xnor2_2)
                                                         _01239_ (net)
                      0.213577    0.000263    7.356094 ^ _08778_/A (sky130_fd_sc_hd__xor2_1)
     1    0.002872    0.112874    0.162558    7.518652 ^ _08778_/X (sky130_fd_sc_hd__xor2_1)
                                                         _00062_ (net)
                      0.112874    0.000068    7.518720 ^ _13655_/D (sky130_fd_sc_hd__dfrtp_1)
                                              7.518720   data arrival time

                                 15.000000   15.000000   clock clk (rise edge)
                                  0.000000   15.000000   clock source latency
     1    0.034823    0.162195    0.115248   15.115248 ^ clk (in)
                                                         clk (net)
                      0.162620    0.000000   15.115248 ^ clkbuf_0_clk/A (sky130_fd_sc_hd__clkbuf_16)
     8    0.113161    0.127354    0.234087   15.349335 ^ clkbuf_0_clk/X (sky130_fd_sc_hd__clkbuf_16)
                                                         clknet_0_clk (net)
                      0.127651    0.004933   15.354268 ^ clkbuf_3_7__f_clk/A (sky130_fd_sc_hd__clkbuf_16)
    10    0.037518    0.057691    0.169349   15.523617 ^ clkbuf_3_7__f_clk/X (sky130_fd_sc_hd__clkbuf_16)
                                                         clknet_3_7__leaf_clk (net)
                      0.057840    0.002295   15.525911 ^ _13655_/CLK (sky130_fd_sc_hd__dfrtp_1)
                                 -0.250000   15.275912   clock uncertainty
                                  0.000000   15.275912   clock reconvergence pessimism
                                 -0.073527   15.202386   library setup time
                                             15.202386   data required time
---------------------------------------------------------------------------------------------
                                             15.202386   data required time
                                             -7.518720   data arrival time
---------------------------------------------------------------------------------------------
                                              7.683665   slack (MET)


Startpoint: x0[1] (input port clocked by clk)
Endpoint: _13654_ (rising edge-triggered flip-flop clocked by clk)
Path Group: clk
Path Type: max

Fanout         Cap        Slew       Delay        Time   Description
---------------------------------------------------------------------------------------------
                                  0.000000    0.000000   clock clk (rise edge)
                                  0.000000    0.000000   clock network delay (propagated)
                                  3.000000    3.000000 v input external delay
     1    0.003579    0.010441    0.005761    3.005761 v x0[1] (in)
                                                         x0[1] (net)
                      0.010446    0.000000    3.005761 v input131/A (sky130_fd_sc_hd__buf_4)
     1    0.014239    0.037874    0.129812    3.135573 v input131/X (sky130_fd_sc_hd__buf_4)
                                                         net131 (net)
                      0.037919    0.001190    3.136763 v fanout649/A (sky130_fd_sc_hd__buf_8)
     6    0.036761    0.042268    0.131224    3.267987 v fanout649/X (sky130_fd_sc_hd__buf_8)
                                                         net649 (net)
                      0.042776    0.003523    3.271510 v fanout648/A (sky130_fd_sc_hd__buf_12)
     8    0.050191    0.041693    0.140044    3.411554 v fanout648/X (sky130_fd_sc_hd__buf_12)
                                                         net648 (net)
                      0.041767    0.001308    3.412862 v fanout647/A (sky130_fd_sc_hd__buf_8)
     6    0.029005    0.036519    0.128148    3.541010 v fanout647/X (sky130_fd_sc_hd__buf_8)
                                                         net647 (net)
                      0.036764    0.002113    3.543123 v fanout646/A (sky130_fd_sc_hd__buf_8)
    10    0.034966    0.040409    0.130413    3.673537 v fanout646/X (sky130_fd_sc_hd__buf_8)
                                                         net646 (net)
                      0.040415    0.000533    3.674069 v _08565_/A1 (sky130_fd_sc_hd__a22o_1)
     2    0.005966    0.054587    0.217432    3.891501 v _08565_/X (sky130_fd_sc_hd__a22o_1)
                                                         _01033_ (net)
                      0.054587    0.000139    3.891640 v _08713_/A3 (sky130_fd_sc_hd__a31o_1)
     2    0.005100    0.046845    0.225677    4.117317 v _08713_/X (sky130_fd_sc_hd__a31o_1)
                                                         _01180_ (net)
                      0.046845    0.000111    4.117428 v _08715_/B (sky130_fd_sc_hd__and3_1)
     3    0.008489    0.061033    0.187554    4.304983 v _08715_/X (sky130_fd_sc_hd__and3_1)
                                                         _01182_ (net)
                      0.061033    0.000193    4.305176 v _08718_/A (sky130_fd_sc_hd__or3_4)
     2    0.006374    0.068966    0.389961    4.695137 v _08718_/X (sky130_fd_sc_hd__or3_4)
                                                         _01185_ (net)
                      0.068966    0.000165    4.695302 v _08728_/A1 (sky130_fd_sc_hd__a21o_1)
     3    0.008685    0.058220    0.187221    4.882523 v _08728_/X (sky130_fd_sc_hd__a21o_1)
                                                         _01195_ (net)
                      0.058220    0.000131    4.882654 v _08737_/A2 (sky130_fd_sc_hd__a21o_1)
     2    0.008578    0.058008    0.204040    5.086694 v _08737_/X (sky130_fd_sc_hd__a21o_1)
                                                         _01204_ (net)
                      0.058009    0.000301    5.086995 v _08741_/A2 (sky130_fd_sc_hd__a21o_1)
     2    0.006754    0.049969    0.195471    5.282466 v _08741_/X (sky130_fd_sc_hd__a21o_1)
                                                         _01208_ (net)
                      0.049970    0.000229    5.282695 v _08749_/A2 (sky130_fd_sc_hd__a21o_1)
     2    0.005952    0.046394    0.188503    5.471198 v _08749_/X (sky130_fd_sc_hd__a21o_1)
                                                         _01216_ (net)
                      0.046394    0.000167    5.471365 v _08750_/C (sky130_fd_sc_hd__and3_1)
     4    0.017663    0.099401    0.237887    5.709251 v _08750_/X (sky130_fd_sc_hd__and3_1)
                                                         _01217_ (net)
                      0.099402    0.000501    5.709753 v _08754_/A (sky130_fd_sc_hd__nor3b_1)
     3    0.012425    0.422534    0.411836    6.121588 ^ _08754_/Y (sky130_fd_sc_hd__nor3b_1)
                                                         _01221_ (net)
                      0.422534    0.000299    6.121888 ^ _08764_/A1 (sky130_fd_sc_hd__o211ai_2)
     2    0.008986    0.110600    0.166389    6.288276 v _08764_/Y (sky130_fd_sc_hd__o211ai_2)
                                                         _01231_ (net)
                      0.110600    0.000350    6.288627 v _08769_/A2 (sky130_fd_sc_hd__a21o_1)
     3    0.008362    0.057358    0.223766    6.512393 v _08769_/X (sky130_fd_sc_hd__a21o_1)
                                                         _01236_ (net)
                      0.057358    0.000156    6.512549 v _08773_/A2 (sky130_fd_sc_hd__a211o_1)
     2    0.005145    0.058467    0.303560    6.816109 v _08773_/X (sky130_fd_sc_hd__a211o_1)
                                                         _01240_ (net)
                      0.058467    0.000116    6.816225 v _08774_/C (sky130_fd_sc_hd__and3_1)
     2    0.005066    0.046420    0.191295    7.007520 v _08774_/X (sky130_fd_sc_hd__and3_1)
                                                         _01241_ (net)
                      0.046420    0.000097    7.007617 v _08776_/A_N (sky130_fd_sc_hd__and2b_1)
     1    0.004987    0.058991    0.196774    7.204391 ^ _08776_/X (sky130_fd_sc_hd__and2b_1)
                                                         _01243_ (net)
                      0.058991    0.000110    7.204501 ^ _10210_/B (sky130_fd_sc_hd__xor2_1)
     1    0.004034    0.133011    0.155898    7.360399 ^ _10210_/X (sky130_fd_sc_hd__xor2_1)
                                                         _00054_ (net)
                      0.133011    0.000151    7.360550 ^ _13654_/D (sky130_fd_sc_hd__dfrtp_1)
                                              7.360550   data arrival time

                                 15.000000   15.000000   clock clk (rise edge)
                                  0.000000   15.000000   clock source latency
     1    0.034823    0.162195    0.115248   15.115248 ^ clk (in)
                                                         clk (net)
                      0.162620    0.000000   15.115248 ^ clkbuf_0_clk/A (sky130_fd_sc_hd__clkbuf_16)
     8    0.113161    0.127354    0.234087   15.349335 ^ clkbuf_0_clk/X (sky130_fd_sc_hd__clkbuf_16)
                                                         clknet_0_clk (net)
                      0.127651    0.004933   15.354268 ^ clkbuf_3_7__f_clk/A (sky130_fd_sc_hd__clkbuf_16)
    10    0.037518    0.057691    0.169349   15.523617 ^ clkbuf_3_7__f_clk/X (sky130_fd_sc_hd__clkbuf_16)
                                                         clknet_3_7__leaf_clk (net)
                      0.057828    0.002187   15.525804 ^ _13654_/CLK (sky130_fd_sc_hd__dfrtp_1)
                                 -0.250000   15.275805   clock uncertainty
                                  0.000000   15.275805   clock reconvergence pessimism
                                 -0.078165   15.197639   library setup time
                                             15.197639   data required time
---------------------------------------------------------------------------------------------
                                             15.197639   data required time
                                             -7.360550   data arrival time
---------------------------------------------------------------------------------------------
                                              7.837090   slack (MET)


Startpoint: x0[1] (input port clocked by clk)
Endpoint: _13637_ (rising edge-triggered flip-flop clocked by clk)
Path Group: clk
Path Type: max

Fanout         Cap        Slew       Delay        Time   Description
---------------------------------------------------------------------------------------------
                                  0.000000    0.000000   clock clk (rise edge)
                                  0.000000    0.000000   clock network delay (propagated)
                                  3.000000    3.000000 v input external delay
     1    0.003579    0.010441    0.005761    3.005761 v x0[1] (in)
                                                         x0[1] (net)
                      0.010446    0.000000    3.005761 v input131/A (sky130_fd_sc_hd__buf_4)
     1    0.014239    0.037874    0.129812    3.135573 v input131/X (sky130_fd_sc_hd__buf_4)
                                                         net131 (net)
                      0.037919    0.001190    3.136763 v fanout649/A (sky130_fd_sc_hd__buf_8)
     6    0.036761    0.042268    0.131224    3.267987 v fanout649/X (sky130_fd_sc_hd__buf_8)
                                                         net649 (net)
                      0.042776    0.003523    3.271510 v fanout648/A (sky130_fd_sc_hd__buf_12)
     8    0.050191    0.041693    0.140044    3.411554 v fanout648/X (sky130_fd_sc_hd__buf_12)
                                                         net648 (net)
                      0.041767    0.001308    3.412862 v fanout647/A (sky130_fd_sc_hd__buf_8)
     6    0.029005    0.036519    0.128148    3.541010 v fanout647/X (sky130_fd_sc_hd__buf_8)
                                                         net647 (net)
                      0.036523    0.000568    3.541578 v fanout645/A (sky130_fd_sc_hd__buf_4)
    10    0.033415    0.057973    0.163304    3.704883 v fanout645/X (sky130_fd_sc_hd__buf_4)
                                                         net645 (net)
                      0.057979    0.000618    3.705500 v _11966_/A1 (sky130_fd_sc_hd__a22o_1)
     2    0.005813    0.053861    0.223329    3.928829 v _11966_/X (sky130_fd_sc_hd__a22o_1)
                                                         _04705_ (net)
                      0.053861    0.000113    3.928942 v _12114_/A3 (sky130_fd_sc_hd__a31o_1)
     2    0.005600    0.049090    0.227911    4.156853 v _12114_/X (sky130_fd_sc_hd__a31o_1)
                                                         _04867_ (net)
                      0.049090    0.000133    4.156986 v _12116_/B (sky130_fd_sc_hd__and3_1)
     3    0.008575    0.061323    0.188919    4.345905 v _12116_/X (sky130_fd_sc_hd__and3_1)
                                                         _04869_ (net)
                      0.061323    0.000203    4.346107 v _12119_/A (sky130_fd_sc_hd__or3_4)
     2    0.006921    0.069844    0.391727    4.737835 v _12119_/X (sky130_fd_sc_hd__or3_4)
                                                         _04873_ (net)
                      0.069844    0.000166    4.738001 v _12129_/A2 (sky130_fd_sc_hd__a21o_1)
     3    0.007840    0.054905    0.205274    4.943275 v _12129_/X (sky130_fd_sc_hd__a21o_1)
                                                         _04884_ (net)
                      0.054905    0.000134    4.943408 v _12138_/A2 (sky130_fd_sc_hd__a21o_1)
     2    0.008085    0.056046    0.200502    5.143911 v _12138_/X (sky130_fd_sc_hd__a21o_1)
                                                         _04894_ (net)
                      0.056046    0.000171    5.144081 v _12142_/A2 (sky130_fd_sc_hd__a21o_1)
     2    0.006553    0.049068    0.193761    5.337843 v _12142_/X (sky130_fd_sc_hd__a21o_1)
                                                         _04898_ (net)
                      0.049068    0.000218    5.338061 v _12150_/A2 (sky130_fd_sc_hd__a21o_1)
     2    0.006286    0.047864    0.189693    5.527753 v _12150_/X (sky130_fd_sc_hd__a21o_1)
                                                         _04907_ (net)
                      0.047864    0.000191    5.527944 v _12151_/C (sky130_fd_sc_hd__and3_2)
     4    0.021200    0.078248    0.256704    5.784648 v _12151_/X (sky130_fd_sc_hd__and3_2)
                                                         _04908_ (net)
                      0.078250    0.000563    5.785211 v _12155_/A (sky130_fd_sc_hd__nor3b_2)
     4    0.022237    0.397047    0.391950    6.177162 ^ _12155_/Y (sky130_fd_sc_hd__nor3b_2)
                                                         _04912_ (net)
                      0.397048    0.000497    6.177659 ^ _12165_/A1 (sky130_fd_sc_hd__o211ai_2)
     2    0.008297    0.105038    0.160208    6.337867 v _12165_/Y (sky130_fd_sc_hd__o211ai_2)
                                                         _04923_ (net)
                      0.105038    0.000171    6.338037 v _12170_/A2 (sky130_fd_sc_hd__a21o_1)
     3    0.014871    0.082163    0.246283    6.584321 v _12170_/X (sky130_fd_sc_hd__a21o_1)
                                                         _04929_ (net)
                      0.082163    0.000313    6.584633 v _12176_/A2 (sky130_fd_sc_hd__a21bo_1)
     2    0.005838    0.047445    0.213564    6.798197 v _12176_/X (sky130_fd_sc_hd__a21bo_1)
                                                         _04935_ (net)
                      0.047445    0.000149    6.798346 v _12177_/C (sky130_fd_sc_hd__and3_1)
     2    0.004059    0.042251    0.181507    6.979853 v _12177_/X (sky130_fd_sc_hd__and3_1)
                                                         _04936_ (net)
                      0.042251    0.000061    6.979915 v _12179_/A_N (sky130_fd_sc_hd__nand2b_1)
     1    0.005601    0.059004    0.151372    7.131287 v _12179_/Y (sky130_fd_sc_hd__nand2b_1)
                                                         _04939_ (net)
                      0.059004    0.000165    7.131452 v _13633_/B (sky130_fd_sc_hd__xor2_1)
     1    0.002661    0.044231    0.140071    7.271523 v _13633_/X (sky130_fd_sc_hd__xor2_1)
                                                         _00026_ (net)
                      0.044232    0.000060    7.271582 v _13637_/D (sky130_fd_sc_hd__dfrtp_1)
                                              7.271582   data arrival time

                                 15.000000   15.000000   clock clk (rise edge)
                                  0.000000   15.000000   clock source latency
     1    0.034823    0.162195    0.115248   15.115248 ^ clk (in)
                                                         clk (net)
                      0.162620    0.000000   15.115248 ^ clkbuf_0_clk/A (sky130_fd_sc_hd__clkbuf_16)
     8    0.113161    0.127354    0.234087   15.349335 ^ clkbuf_0_clk/X (sky130_fd_sc_hd__clkbuf_16)
                                                         clknet_0_clk (net)
                      0.127740    0.005604   15.354939 ^ clkbuf_3_6__f_clk/A (sky130_fd_sc_hd__clkbuf_16)
    10    0.030191    0.051358    0.164231   15.519171 ^ clkbuf_3_6__f_clk/X (sky130_fd_sc_hd__clkbuf_16)
                                                         clknet_3_6__leaf_clk (net)
                      0.051381    0.001494   15.520664 ^ _13637_/CLK (sky130_fd_sc_hd__dfrtp_1)
                                 -0.250000   15.270665   clock uncertainty
                                  0.000000   15.270665   clock reconvergence pessimism
                                 -0.112479   15.158186   library setup time
                                             15.158186   data required time
---------------------------------------------------------------------------------------------
                                             15.158186   data required time
                                             -7.271582   data arrival time
---------------------------------------------------------------------------------------------
                                              7.886603   slack (MET)


Startpoint: x0[0] (input port clocked by clk)
Endpoint: _13671_ (rising edge-triggered flip-flop clocked by clk)
Path Group: clk
Path Type: max

Fanout         Cap        Slew       Delay        Time   Description
---------------------------------------------------------------------------------------------
                                  0.000000    0.000000   clock clk (rise edge)
                                  0.000000    0.000000   clock network delay (propagated)
                                  3.000000    3.000000 v input external delay
     1    0.002607    0.008177    0.004116    3.004116 v x0[0] (in)
                                                         x0[0] (net)
                      0.008177    0.000000    3.004116 v input130/A (sky130_fd_sc_hd__clkbuf_2)
     2    0.019110    0.078624    0.130479    3.134595 v input130/X (sky130_fd_sc_hd__clkbuf_2)
                                                         net130 (net)
                      0.078645    0.001259    3.135854 v fanout658/A (sky130_fd_sc_hd__buf_4)
     6    0.033088    0.057852    0.180837    3.316691 v fanout658/X (sky130_fd_sc_hd__buf_4)
                                                         net658 (net)
                      0.057858    0.000796    3.317487 v fanout655/A (sky130_fd_sc_hd__buf_6)
    10    0.042324    0.050558    0.146846    3.464333 v fanout655/X (sky130_fd_sc_hd__buf_6)
                                                         net655 (net)
                      0.050570    0.000652    3.464985 v fanout654/A (sky130_fd_sc_hd__clkbuf_4)
    10    0.034960    0.080936    0.185823    3.650808 v fanout654/X (sky130_fd_sc_hd__clkbuf_4)
                                                         net654 (net)
                      0.080944    0.000852    3.651660 v _10253_/B2 (sky130_fd_sc_hd__a22o_1)
     2    0.005466    0.052253    0.220560    3.872220 v _10253_/X (sky130_fd_sc_hd__a22o_1)
                                                         _02839_ (net)
                      0.052253    0.000123    3.872343 v _10402_/A3 (sky130_fd_sc_hd__a31o_1)
     2    0.005025    0.046512    0.224309    4.096652 v _10402_/X (sky130_fd_sc_hd__a31o_1)
                                                         _03002_ (net)
                      0.046512    0.000113    4.096765 v _10404_/B (sky130_fd_sc_hd__and3_1)
     3    0.008365    0.060647    0.186784    4.283549 v _10404_/X (sky130_fd_sc_hd__and3_1)
                                                         _03004_ (net)
                      0.060647    0.000242    4.283791 v _10407_/A (sky130_fd_sc_hd__or3_1)
     2    0.006370    0.084782    0.395324    4.679115 v _10407_/X (sky130_fd_sc_hd__or3_1)
                                                         _03007_ (net)
                      0.084782    0.000152    4.679267 v _10417_/A1 (sky130_fd_sc_hd__a21o_1)
     3    0.007911    0.055236    0.190223    4.869490 v _10417_/X (sky130_fd_sc_hd__a21o_1)
                                                         _03018_ (net)
                      0.055236    0.000124    4.869615 v _10426_/A2 (sky130_fd_sc_hd__a21o_1)
     2    0.008739    0.058342    0.203683    5.073298 v _10426_/X (sky130_fd_sc_hd__a21o_1)
                                                         _03028_ (net)
                      0.058342    0.000216    5.073514 v _10430_/A2 (sky130_fd_sc_hd__a21o_1)
     2    0.006671    0.049603    0.195205    5.268719 v _10430_/X (sky130_fd_sc_hd__a21o_1)
                                                         _03033_ (net)
                      0.049603    0.000244    5.268962 v _10438_/A2 (sky130_fd_sc_hd__a21o_1)
     2    0.005859    0.045996    0.187895    5.456858 v _10438_/X (sky130_fd_sc_hd__a21o_1)
                                                         _03042_ (net)
                      0.045996    0.000197    5.457055 v _10439_/C (sky130_fd_sc_hd__and3_2)
     4    0.017858    0.071011    0.248534    5.705589 v _10439_/X (sky130_fd_sc_hd__and3_2)
                                                         _03043_ (net)
                      0.071011    0.000351    5.705940 v _10443_/A (sky130_fd_sc_hd__nor3b_1)
     3    0.011704    0.401869    0.384846    6.090786 ^ _10443_/Y (sky130_fd_sc_hd__nor3b_1)
                                                         _03047_ (net)
                      0.401869    0.000286    6.091072 ^ _10450_/B1 (sky130_fd_sc_hd__a211o_1)
     4    0.017406    0.158262    0.246825    6.337897 ^ _10450_/X (sky130_fd_sc_hd__a211o_1)
                                                         _03055_ (net)
                      0.158262    0.000473    6.338370 ^ _10454_/A (sky130_fd_sc_hd__nand3_2)
     5    0.016733    0.122207    0.138729    6.477099 v _10454_/Y (sky130_fd_sc_hd__nand3_2)
                                                         _03059_ (net)
                      0.122209    0.000298    6.477397 v _10465_/A1 (sky130_fd_sc_hd__a21bo_1)
     2    0.004426    0.041321    0.200709    6.678107 v _10465_/X (sky130_fd_sc_hd__a21bo_1)
                                                         _03071_ (net)
                      0.041346    0.000067    6.678174 v _10466_/C (sky130_fd_sc_hd__and3_1)
     2    0.004991    0.046065    0.183399    6.861572 v _10466_/X (sky130_fd_sc_hd__and3_1)
                                                         _03072_ (net)
                      0.046065    0.000103    6.861674 v _10468_/A_N (sky130_fd_sc_hd__nand2b_1)
     1    0.004594    0.052654    0.147038    7.008713 v _10468_/Y (sky130_fd_sc_hd__nand2b_1)
                                                         _03075_ (net)
                      0.052654    0.000102    7.008815 v _11923_/B (sky130_fd_sc_hd__xor2_1)
     1    0.004915    0.054680    0.148319    7.157134 v _11923_/X (sky130_fd_sc_hd__xor2_1)
                                                         _00012_ (net)
                      0.054680    0.000206    7.157340 v _13671_/D (sky130_fd_sc_hd__dfrtp_1)
                                              7.157340   data arrival time

                                 15.000000   15.000000   clock clk (rise edge)
                                  0.000000   15.000000   clock source latency
     1    0.034823    0.162195    0.115248   15.115248 ^ clk (in)
                                                         clk (net)
                      0.162620    0.000000   15.115248 ^ clkbuf_0_clk/A (sky130_fd_sc_hd__clkbuf_16)
     8    0.113161    0.127354    0.234087   15.349335 ^ clkbuf_0_clk/X (sky130_fd_sc_hd__clkbuf_16)
                                                         clknet_0_clk (net)
                      0.127819    0.006139   15.355474 ^ clkbuf_3_2__f_clk/A (sky130_fd_sc_hd__clkbuf_16)
    10    0.035562    0.055795    0.167619   15.523092 ^ clkbuf_3_2__f_clk/X (sky130_fd_sc_hd__clkbuf_16)
                                                         clknet_3_2__leaf_clk (net)
                      0.056068    0.002023   15.525116 ^ _13671_/CLK (sky130_fd_sc_hd__dfrtp_1)
                                 -0.250000   15.275117   clock uncertainty
                                  0.000000   15.275117   clock reconvergence pessimism
                                 -0.115962   15.159154   library setup time
                                             15.159154   data required time
---------------------------------------------------------------------------------------------
                                             15.159154   data required time
                                             -7.157340   data arrival time
---------------------------------------------------------------------------------------------
                                              8.001815   slack (MET)


Startpoint: x0[0] (input port clocked by clk)
Endpoint: _13687_ (rising edge-triggered flip-flop clocked by clk)
Path Group: clk
Path Type: max

Fanout         Cap        Slew       Delay        Time   Description
---------------------------------------------------------------------------------------------
                                  0.000000    0.000000   clock clk (rise edge)
                                  0.000000    0.000000   clock network delay (propagated)
                                  3.000000    3.000000 ^ input external delay
     1    0.002837    0.019890    0.010455    3.010455 ^ x0[0] (in)
                                                         x0[0] (net)
                      0.019890    0.000000    3.010455 ^ input130/A (sky130_fd_sc_hd__clkbuf_2)
     2    0.019602    0.112290    0.144287    3.154742 ^ input130/X (sky130_fd_sc_hd__clkbuf_2)
                                                         net130 (net)
                      0.112313    0.001300    3.156041 ^ fanout658/A (sky130_fd_sc_hd__buf_4)
     6    0.034514    0.102998    0.179992    3.336034 ^ fanout658/X (sky130_fd_sc_hd__buf_4)
                                                         net658 (net)
                      0.103008    0.000839    3.336872 ^ fanout655/A (sky130_fd_sc_hd__buf_6)
    10    0.043911    0.095121    0.156343    3.493215 ^ fanout655/X (sky130_fd_sc_hd__buf_6)
                                                         net655 (net)
                      0.095128    0.000683    3.493899 ^ fanout654/A (sky130_fd_sc_hd__clkbuf_4)
    10    0.036696    0.119346    0.208170    3.702069 ^ fanout654/X (sky130_fd_sc_hd__clkbuf_4)
                                                         net654 (net)
                      0.119363    0.001421    3.703489 ^ _06872_/A (sky130_fd_sc_hd__and4_1)
     2    0.005319    0.076248    0.202441    3.905930 ^ _06872_/X (sky130_fd_sc_hd__and4_1)
                                                         _01943_ (net)
                      0.076248    0.000080    3.906010 ^ _06874_/A_N (sky130_fd_sc_hd__and2b_1)
     1    0.005604    0.045407    0.191134    4.097144 v _06874_/X (sky130_fd_sc_hd__and2b_1)
                                                         _01965_ (net)
                      0.045407    0.000201    4.097345 v _06875_/B (sky130_fd_sc_hd__xnor2_1)
     2    0.008648    0.229248    0.214945    4.312290 ^ _06875_/Y (sky130_fd_sc_hd__xnor2_1)
                                                         _01976_ (net)
                      0.229248    0.000303    4.312593 ^ _06877_/B (sky130_fd_sc_hd__xor2_1)
     2    0.008357    0.209208    0.240558    4.553151 ^ _06877_/X (sky130_fd_sc_hd__xor2_1)
                                                         _01998_ (net)
                      0.209208    0.000322    4.553473 ^ _06880_/A (sky130_fd_sc_hd__xnor2_1)
     2    0.009177    0.239744    0.191153    4.744626 ^ _06880_/Y (sky130_fd_sc_hd__xnor2_1)
                                                         _02030_ (net)
                      0.239744    0.000214    4.744840 ^ _06881_/B (sky130_fd_sc_hd__xnor2_1)
     2    0.008880    0.092991    0.140097    4.884937 v _06881_/Y (sky130_fd_sc_hd__xnor2_1)
                                                         _02041_ (net)
                      0.092991    0.000351    4.885288 v _06885_/A (sky130_fd_sc_hd__xnor2_1)
     2    0.008933    0.234875    0.256151    5.141439 ^ _06885_/Y (sky130_fd_sc_hd__xnor2_1)
                                                         _02085_ (net)
                      0.234876    0.000330    5.141770 ^ _06888_/A (sky130_fd_sc_hd__xor2_1)
     2    0.007834    0.199821    0.234111    5.375881 ^ _06888_/X (sky130_fd_sc_hd__xor2_1)
                                                         _02118_ (net)
                      0.199821    0.000156    5.376037 ^ _06898_/A (sky130_fd_sc_hd__xor2_1)
     2    0.008601    0.213610    0.239182    5.615219 ^ _06898_/X (sky130_fd_sc_hd__xor2_1)
                                                         _02227_ (net)
                      0.213610    0.000182    5.615401 ^ _06900_/B (sky130_fd_sc_hd__xor2_1)
     2    0.005835    0.164303    0.204685    5.820086 ^ _06900_/X (sky130_fd_sc_hd__xor2_1)
                                                         _02249_ (net)
                      0.164303    0.000102    5.820188 ^ _06909_/A (sky130_fd_sc_hd__or2_1)
     3    0.008889    0.092675    0.164524    5.984712 ^ _06909_/X (sky130_fd_sc_hd__or2_1)
                                                         _02347_ (net)
                      0.092675    0.000155    5.984867 ^ _06911_/A (sky130_fd_sc_hd__nand2_1)
     2    0.005369    0.053251    0.072209    6.057076 v _06911_/Y (sky130_fd_sc_hd__nand2_1)
                                                         _02369_ (net)
                      0.053251    0.000087    6.057163 v _06913_/C (sky130_fd_sc_hd__and3_1)
     2    0.005037    0.046296    0.188768    6.245931 v _06913_/X (sky130_fd_sc_hd__and3_1)
                                                         _02391_ (net)
                      0.046296    0.000085    6.246016 v _06914_/B (sky130_fd_sc_hd__or3b_2)
     3    0.012165    0.108854    0.487783    6.733799 v _06914_/X (sky130_fd_sc_hd__or3b_2)
                                                         _02402_ (net)
                      0.108854    0.000217    6.734016 v _06916_/A (sky130_fd_sc_hd__and2_1)
     1    0.002461    0.033621    0.158223    6.892239 v _06916_/X (sky130_fd_sc_hd__and2_1)
                                                         _00008_ (net)
                      0.033621    0.000051    6.892290 v _13687_/D (sky130_fd_sc_hd__dfrtp_1)
                                              6.892290   data arrival time

                                 15.000000   15.000000   clock clk (rise edge)
                                  0.000000   15.000000   clock source latency
     1    0.034823    0.162195    0.115248   15.115248 ^ clk (in)
                                                         clk (net)
                      0.162620    0.000000   15.115248 ^ clkbuf_0_clk/A (sky130_fd_sc_hd__clkbuf_16)
     8    0.113161    0.127354    0.234087   15.349335 ^ clkbuf_0_clk/X (sky130_fd_sc_hd__clkbuf_16)
                                                         clknet_0_clk (net)
                      0.127686    0.005208   15.354543 ^ clkbuf_3_3__f_clk/A (sky130_fd_sc_hd__clkbuf_16)
    10    0.031963    0.052824    0.165569   15.520112 ^ clkbuf_3_3__f_clk/X (sky130_fd_sc_hd__clkbuf_16)
                                                         clknet_3_3__leaf_clk (net)
                      0.052841    0.001462   15.521574 ^ _13687_/CLK (sky130_fd_sc_hd__dfrtp_1)
                                 -0.250000   15.271575   clock uncertainty
                                  0.000000   15.271575   clock reconvergence pessimism
                                 -0.107517   15.164057   library setup time
                                             15.164057   data required time
---------------------------------------------------------------------------------------------
                                             15.164057   data required time
                                             -6.892290   data arrival time
---------------------------------------------------------------------------------------------
                                              8.271768   slack (MET)


Startpoint: x0[1] (input port clocked by clk)
Endpoint: _13636_ (rising edge-triggered flip-flop clocked by clk)
Path Group: clk
Path Type: max

Fanout         Cap        Slew       Delay        Time   Description
---------------------------------------------------------------------------------------------
                                  0.000000    0.000000   clock clk (rise edge)
                                  0.000000    0.000000   clock network delay (propagated)
                                  3.000000    3.000000 v input external delay
     1    0.003579    0.010441    0.005761    3.005761 v x0[1] (in)
                                                         x0[1] (net)
                      0.010446    0.000000    3.005761 v input131/A (sky130_fd_sc_hd__buf_4)
     1    0.014239    0.037874    0.129812    3.135573 v input131/X (sky130_fd_sc_hd__buf_4)
                                                         net131 (net)
                      0.037919    0.001190    3.136763 v fanout649/A (sky130_fd_sc_hd__buf_8)
     6    0.036761    0.042268    0.131224    3.267987 v fanout649/X (sky130_fd_sc_hd__buf_8)
                                                         net649 (net)
                      0.042776    0.003523    3.271510 v fanout648/A (sky130_fd_sc_hd__buf_12)
     8    0.050191    0.041693    0.140044    3.411554 v fanout648/X (sky130_fd_sc_hd__buf_12)
                                                         net648 (net)
                      0.041767    0.001308    3.412862 v fanout647/A (sky130_fd_sc_hd__buf_8)
     6    0.029005    0.036519    0.128148    3.541010 v fanout647/X (sky130_fd_sc_hd__buf_8)
                                                         net647 (net)
                      0.036523    0.000568    3.541578 v fanout645/A (sky130_fd_sc_hd__buf_4)
    10    0.033415    0.057973    0.163304    3.704883 v fanout645/X (sky130_fd_sc_hd__buf_4)
                                                         net645 (net)
                      0.057979    0.000618    3.705500 v _11966_/A1 (sky130_fd_sc_hd__a22o_1)
     2    0.005813    0.053861    0.223329    3.928829 v _11966_/X (sky130_fd_sc_hd__a22o_1)
                                                         _04705_ (net)
                      0.053861    0.000126    3.928955 v _11967_/B (sky130_fd_sc_hd__and2b_1)
     1    0.006396    0.048890    0.171704    4.100659 v _11967_/X (sky130_fd_sc_hd__and2b_1)
                                                         _04706_ (net)
                      0.048891    0.000260    4.100919 v _11968_/B (sky130_fd_sc_hd__xnor2_1)
     2    0.007659    0.209586    0.201347    4.302267 ^ _11968_/Y (sky130_fd_sc_hd__xnor2_1)
                                                         _04708_ (net)
                      0.209586    0.000163    4.302430 ^ _11970_/B (sky130_fd_sc_hd__xor2_1)
     2    0.008472    0.211269    0.239643    4.542073 ^ _11970_/X (sky130_fd_sc_hd__xor2_1)
                                                         _04710_ (net)
                      0.211269    0.000336    4.542409 ^ _11973_/A (sky130_fd_sc_hd__xnor2_1)
     2    0.007680    0.209972    0.180078    4.722486 ^ _11973_/Y (sky130_fd_sc_hd__xnor2_1)
                                                         _04713_ (net)
                      0.209972    0.000202    4.722688 ^ _11975_/B (sky130_fd_sc_hd__xor2_1)
     2    0.008678    0.214974    0.242519    4.965208 ^ _11975_/X (sky130_fd_sc_hd__xor2_1)
                                                         _04715_ (net)
                      0.214974    0.000210    4.965417 ^ _11979_/A (sky130_fd_sc_hd__xnor2_1)
     2    0.008400    0.224288    0.186233    5.151650 ^ _11979_/Y (sky130_fd_sc_hd__xnor2_1)
                                                         _04720_ (net)
                      0.224289    0.000227    5.151877 ^ _11982_/A (sky130_fd_sc_hd__xor2_1)
     2    0.008838    0.217898    0.246085    5.397963 ^ _11982_/X (sky130_fd_sc_hd__xor2_1)
                                                         _04723_ (net)
                      0.217898    0.000320    5.398283 ^ _11991_/A (sky130_fd_sc_hd__xor2_1)
     2    0.007657    0.196632    0.229070    5.627352 ^ _11991_/X (sky130_fd_sc_hd__xor2_1)
                                                         _04733_ (net)
                      0.196632    0.000191    5.627542 ^ _11993_/B (sky130_fd_sc_hd__xnor2_1)
     2    0.005397    0.165084    0.160885    5.788427 ^ _11993_/Y (sky130_fd_sc_hd__xnor2_1)
                                                         _04735_ (net)
                      0.165084    0.000117    5.788544 ^ _12003_/A (sky130_fd_sc_hd__nor2_1)
     3    0.013427    0.083261    0.116707    5.905251 v _12003_/Y (sky130_fd_sc_hd__nor2_1)
                                                         _04746_ (net)
                      0.083261    0.000204    5.905455 v _12005_/A (sky130_fd_sc_hd__or2_1)
     2    0.006467    0.064824    0.256616    6.162071 v _12005_/X (sky130_fd_sc_hd__or2_1)
                                                         _04748_ (net)
                      0.064824    0.000133    6.162204 v _12006_/B1 (sky130_fd_sc_hd__a21oi_1)
     3    0.007804    0.196465    0.188384    6.350588 ^ _12006_/Y (sky130_fd_sc_hd__a21oi_1)
                                                         _04749_ (net)
                      0.196465    0.000174    6.350761 ^ _12008_/A_N (sky130_fd_sc_hd__and2b_1)
     3    0.010380    0.064910    0.239122    6.589883 v _12008_/X (sky130_fd_sc_hd__and2b_1)
                                                         _04752_ (net)
                      0.064910    0.000251    6.590135 v _12010_/B (sky130_fd_sc_hd__xnor2_1)
     1    0.003510    0.051473    0.129784    6.719918 v _12010_/Y (sky130_fd_sc_hd__xnor2_1)
                                                         _00005_ (net)
                      0.051473    0.000122    6.720040 v _13636_/D (sky130_fd_sc_hd__dfrtp_1)
                                              6.720040   data arrival time

                                 15.000000   15.000000   clock clk (rise edge)
                                  0.000000   15.000000   clock source latency
     1    0.034823    0.162195    0.115248   15.115248 ^ clk (in)
                                                         clk (net)
                      0.162620    0.000000   15.115248 ^ clkbuf_0_clk/A (sky130_fd_sc_hd__clkbuf_16)
     8    0.113161    0.127354    0.234087   15.349335 ^ clkbuf_0_clk/X (sky130_fd_sc_hd__clkbuf_16)
                                                         clknet_0_clk (net)
                      0.127740    0.005604   15.354939 ^ clkbuf_3_6__f_clk/A (sky130_fd_sc_hd__clkbuf_16)
    10    0.030191    0.051358    0.164231   15.519171 ^ clkbuf_3_6__f_clk/X (sky130_fd_sc_hd__clkbuf_16)
                                                         clknet_3_6__leaf_clk (net)
                      0.051383    0.001597   15.520767 ^ _13636_/CLK (sky130_fd_sc_hd__dfrtp_1)
                                 -0.250000   15.270768   clock uncertainty
                                  0.000000   15.270768   clock reconvergence pessimism
                                 -0.115636   15.155132   library setup time
                                             15.155132   data required time
---------------------------------------------------------------------------------------------
                                             15.155132   data required time
                                             -6.720040   data arrival time
---------------------------------------------------------------------------------------------
                                              8.435093   slack (MET)


Startpoint: x0[0] (input port clocked by clk)
Endpoint: _13653_ (rising edge-triggered flip-flop clocked by clk)
Path Group: clk
Path Type: max

Fanout         Cap        Slew       Delay        Time   Description
---------------------------------------------------------------------------------------------
                                  0.000000    0.000000   clock clk (rise edge)
                                  0.000000    0.000000   clock network delay (propagated)
                                  3.000000    3.000000 ^ input external delay
     1    0.002837    0.019890    0.010455    3.010455 ^ x0[0] (in)
                                                         x0[0] (net)
                      0.019890    0.000000    3.010455 ^ input130/A (sky130_fd_sc_hd__clkbuf_2)
     2    0.019602    0.112290    0.144287    3.154742 ^ input130/X (sky130_fd_sc_hd__clkbuf_2)
                                                         net130 (net)
                      0.112313    0.001300    3.156041 ^ fanout658/A (sky130_fd_sc_hd__buf_4)
     6    0.034514    0.102998    0.179992    3.336034 ^ fanout658/X (sky130_fd_sc_hd__buf_4)
                                                         net658 (net)
                      0.103147    0.003174    3.339207 ^ fanout657/A (sky130_fd_sc_hd__buf_6)
    10    0.049005    0.104658    0.162971    3.502178 ^ fanout657/X (sky130_fd_sc_hd__buf_6)
                                                         net657 (net)
                      0.104680    0.001278    3.503457 ^ fanout656/A (sky130_fd_sc_hd__buf_4)
    10    0.039244    0.115550    0.186880    3.690336 ^ fanout656/X (sky130_fd_sc_hd__buf_4)
                                                         net656 (net)
                      0.115572    0.001585    3.691921 ^ _08564_/A (sky130_fd_sc_hd__and4_1)
     2    0.005475    0.077369    0.202464    3.894385 ^ _08564_/X (sky130_fd_sc_hd__and4_1)
                                                         _01032_ (net)
                      0.077369    0.000090    3.894475 ^ _08566_/A_N (sky130_fd_sc_hd__and2b_1)
     1    0.005764    0.046088    0.192222    4.086697 v _08566_/X (sky130_fd_sc_hd__and2b_1)
                                                         _01034_ (net)
                      0.046088    0.000165    4.086862 v _08567_/B (sky130_fd_sc_hd__xnor2_1)
     2    0.008296    0.222240    0.209919    4.296781 ^ _08567_/Y (sky130_fd_sc_hd__xnor2_1)
                                                         _01035_ (net)
                      0.222240    0.000251    4.297032 ^ _08569_/B (sky130_fd_sc_hd__xor2_1)
     2    0.008539    0.212472    0.242166    4.539197 ^ _08569_/X (sky130_fd_sc_hd__xor2_1)
                                                         _01037_ (net)
                      0.212472    0.000214    4.539412 ^ _08572_/A (sky130_fd_sc_hd__xnor2_1)
     2    0.008004    0.216422    0.182780    4.722193 ^ _08572_/Y (sky130_fd_sc_hd__xnor2_1)
                                                         _01040_ (net)
                      0.216422    0.000185    4.722377 ^ _08574_/B (sky130_fd_sc_hd__xor2_1)
     2    0.009701    0.233568    0.256977    4.979354 ^ _08574_/X (sky130_fd_sc_hd__xor2_1)
                                                         _01042_ (net)
                      0.233569    0.000400    4.979754 ^ _08578_/A (sky130_fd_sc_hd__xnor2_1)
     2    0.008533    0.226909    0.190540    5.170295 ^ _08578_/Y (sky130_fd_sc_hd__xnor2_1)
                                                         _01046_ (net)
                      0.226909    0.000227    5.170522 ^ _08581_/A (sky130_fd_sc_hd__xor2_1)
     2    0.008792    0.217073    0.245876    5.416398 ^ _08581_/X (sky130_fd_sc_hd__xor2_1)
                                                         _01049_ (net)
                      0.217073    0.000288    5.416686 ^ _08590_/A (sky130_fd_sc_hd__xor2_1)
     2    0.008529    0.212307    0.240779    5.657465 ^ _08590_/X (sky130_fd_sc_hd__xor2_1)
                                                         _01058_ (net)
                      0.212307    0.000292    5.657757 ^ _08592_/B (sky130_fd_sc_hd__xnor2_1)
     2    0.010580    0.267803    0.203123    5.860879 ^ _08592_/Y (sky130_fd_sc_hd__xnor2_1)
                                                         _01060_ (net)
                      0.267804    0.000387    5.861267 ^ _08603_/A (sky130_fd_sc_hd__xnor2_1)
     2    0.007074    0.197893    0.185453    6.046720 ^ _08603_/Y (sky130_fd_sc_hd__xnor2_1)
                                                         _01071_ (net)
                      0.197893    0.000217    6.046937 ^ _08604_/B1 (sky130_fd_sc_hd__a21oi_1)
     3    0.007352    0.073288    0.091754    6.138691 v _08604_/Y (sky130_fd_sc_hd__a21oi_1)
                                                         _01072_ (net)
                      0.073288    0.000198    6.138889 v _08606_/A_N (sky130_fd_sc_hd__and2b_1)
     2    0.005285    0.061413    0.210768    6.349657 ^ _08606_/X (sky130_fd_sc_hd__and2b_1)
                                                         _01074_ (net)
                      0.061413    0.000180    6.349837 ^ _08607_/C_N (sky130_fd_sc_hd__nor3b_1)
     2    0.006374    0.252990    0.251311    6.601148 ^ _08607_/Y (sky130_fd_sc_hd__nor3b_1)
                                                         _01075_ (net)
                      0.252990    0.000129    6.601276 ^ _08609_/A (sky130_fd_sc_hd__nor2_1)
     1    0.003325    0.062231    0.085428    6.686704 v _08609_/Y (sky130_fd_sc_hd__nor2_1)
                                                         _00011_ (net)
                      0.062231    0.000087    6.686791 v _13653_/D (sky130_fd_sc_hd__dfrtp_1)
                                              6.686791   data arrival time

                                 15.000000   15.000000   clock clk (rise edge)
                                  0.000000   15.000000   clock source latency
     1    0.034823    0.162195    0.115248   15.115248 ^ clk (in)
                                                         clk (net)
                      0.162620    0.000000   15.115248 ^ clkbuf_0_clk/A (sky130_fd_sc_hd__clkbuf_16)
     8    0.113161    0.127354    0.234087   15.349335 ^ clkbuf_0_clk/X (sky130_fd_sc_hd__clkbuf_16)
                                                         clknet_0_clk (net)
                      0.127651    0.004933   15.354268 ^ clkbuf_3_7__f_clk/A (sky130_fd_sc_hd__clkbuf_16)
    10    0.037518    0.057691    0.169349   15.523617 ^ clkbuf_3_7__f_clk/X (sky130_fd_sc_hd__clkbuf_16)
                                                         clknet_3_7__leaf_clk (net)
                      0.057809    0.002013   15.525629 ^ _13653_/CLK (sky130_fd_sc_hd__dfrtp_1)
                                 -0.250000   15.275630   clock uncertainty
                                  0.000000   15.275630   clock reconvergence pessimism
                                 -0.118855   15.156775   library setup time
                                             15.156775   data required time
---------------------------------------------------------------------------------------------
                                             15.156775   data required time
                                             -6.686791   data arrival time
---------------------------------------------------------------------------------------------
                                              8.469985   slack (MET)


Startpoint: x0[0] (input port clocked by clk)
Endpoint: _13670_ (rising edge-triggered flip-flop clocked by clk)
Path Group: clk
Path Type: max

Fanout         Cap        Slew       Delay        Time   Description
---------------------------------------------------------------------------------------------
                                  0.000000    0.000000   clock clk (rise edge)
                                  0.000000    0.000000   clock network delay (propagated)
                                  3.000000    3.000000 ^ input external delay
     1    0.002837    0.019890    0.010455    3.010455 ^ x0[0] (in)
                                                         x0[0] (net)
                      0.019890    0.000000    3.010455 ^ input130/A (sky130_fd_sc_hd__clkbuf_2)
     2    0.019602    0.112290    0.144287    3.154742 ^ input130/X (sky130_fd_sc_hd__clkbuf_2)
                                                         net130 (net)
                      0.112313    0.001300    3.156041 ^ fanout658/A (sky130_fd_sc_hd__buf_4)
     6    0.034514    0.102998    0.179992    3.336034 ^ fanout658/X (sky130_fd_sc_hd__buf_4)
                                                         net658 (net)
                      0.103008    0.000839    3.336872 ^ fanout655/A (sky130_fd_sc_hd__buf_6)
    10    0.043911    0.095121    0.156343    3.493215 ^ fanout655/X (sky130_fd_sc_hd__buf_6)
                                                         net655 (net)
                      0.095128    0.000683    3.493899 ^ fanout654/A (sky130_fd_sc_hd__clkbuf_4)
    10    0.036696    0.119346    0.208170    3.702069 ^ fanout654/X (sky130_fd_sc_hd__clkbuf_4)
                                                         net654 (net)
                      0.119349    0.000787    3.702856 ^ _10252_/A (sky130_fd_sc_hd__and4_1)
     2    0.005181    0.074800    0.201357    3.904213 ^ _10252_/X (sky130_fd_sc_hd__and4_1)
                                                         _02838_ (net)
                      0.074800    0.000088    3.904301 ^ _10254_/A_N (sky130_fd_sc_hd__and2b_1)
     1    0.005267    0.043946    0.189179    4.093480 v _10254_/X (sky130_fd_sc_hd__and2b_1)
                                                         _02840_ (net)
                      0.043946    0.000131    4.093611 v _10255_/B (sky130_fd_sc_hd__xnor2_1)
     2    0.006961    0.195765    0.189131    4.282743 ^ _10255_/Y (sky130_fd_sc_hd__xnor2_1)
                                                         _02841_ (net)
                      0.195765    0.000149    4.282891 ^ _10257_/B (sky130_fd_sc_hd__xor2_1)
     2    0.007614    0.195855    0.226414    4.509305 ^ _10257_/X (sky130_fd_sc_hd__xor2_1)
                                                         _02843_ (net)
                      0.195855    0.000266    4.509572 ^ _10260_/A (sky130_fd_sc_hd__xnor2_1)
     2    0.008085    0.217997    0.180444    4.690016 ^ _10260_/Y (sky130_fd_sc_hd__xnor2_1)
                                                         _02847_ (net)
                      0.217997    0.000192    4.690208 ^ _10262_/B (sky130_fd_sc_hd__xor2_1)
     2    0.008466    0.211152    0.240662    4.930870 ^ _10262_/X (sky130_fd_sc_hd__xor2_1)
                                                         _02849_ (net)
                      0.211152    0.000236    4.931107 ^ _10266_/A (sky130_fd_sc_hd__xnor2_1)
     2    0.008241    0.221122    0.184366    5.115472 ^ _10266_/Y (sky130_fd_sc_hd__xnor2_1)
                                                         _02853_ (net)
                      0.221122    0.000165    5.115637 ^ _10269_/A (sky130_fd_sc_hd__xor2_1)
     2    0.008793    0.217087    0.245004    5.360641 ^ _10269_/X (sky130_fd_sc_hd__xor2_1)
                                                         _02857_ (net)
                      0.217087    0.000315    5.360957 ^ _10278_/A (sky130_fd_sc_hd__xor2_1)
     2    0.007405    0.192129    0.225527    5.586484 ^ _10278_/X (sky130_fd_sc_hd__xor2_1)
                                                         _02867_ (net)
                      0.192129    0.000165    5.586649 ^ _10280_/B (sky130_fd_sc_hd__xnor2_1)
     2    0.005414    0.165415    0.160209    5.746858 ^ _10280_/Y (sky130_fd_sc_hd__xnor2_1)
                                                         _02869_ (net)
                      0.165415    0.000129    5.746987 ^ _10290_/A (sky130_fd_sc_hd__nor2_1)
     3    0.007709    0.063101    0.093929    5.840916 v _10290_/Y (sky130_fd_sc_hd__nor2_1)
                                                         _02880_ (net)
                      0.063101    0.000111    5.841027 v _10292_/A (sky130_fd_sc_hd__or2_1)
     2    0.005962    0.062556    0.246184    6.087211 v _10292_/X (sky130_fd_sc_hd__or2_1)
                                                         _02882_ (net)
                      0.062556    0.000187    6.087399 v _10293_/B1 (sky130_fd_sc_hd__a21oi_1)
     3    0.007025    0.181776    0.176456    6.263854 ^ _10293_/Y (sky130_fd_sc_hd__a21oi_1)
                                                         _02883_ (net)
                      0.181776    0.000099    6.263953 ^ _10295_/A_N (sky130_fd_sc_hd__and2b_1)
     3    0.012135    0.072273    0.242871    6.506824 v _10295_/X (sky130_fd_sc_hd__and2b_1)
                                                         _02885_ (net)
                      0.072273    0.000283    6.507107 v _10297_/B (sky130_fd_sc_hd__xnor2_1)
     1    0.004819    0.060450    0.140503    6.647609 v _10297_/Y (sky130_fd_sc_hd__xnor2_1)
                                                         _00002_ (net)
                      0.060450    0.000199    6.647808 v _13670_/D (sky130_fd_sc_hd__dfrtp_1)
                                              6.647808   data arrival time

                                 15.000000   15.000000   clock clk (rise edge)
                                  0.000000   15.000000   clock source latency
     1    0.034823    0.162195    0.115248   15.115248 ^ clk (in)
                                                         clk (net)
                      0.162620    0.000000   15.115248 ^ clkbuf_0_clk/A (sky130_fd_sc_hd__clkbuf_16)
     8    0.113161    0.127354    0.234087   15.349335 ^ clkbuf_0_clk/X (sky130_fd_sc_hd__clkbuf_16)
                                                         clknet_0_clk (net)
                      0.127819    0.006139   15.355474 ^ clkbuf_3_2__f_clk/A (sky130_fd_sc_hd__clkbuf_16)
    10    0.035562    0.055795    0.167619   15.523092 ^ clkbuf_3_2__f_clk/X (sky130_fd_sc_hd__clkbuf_16)
                                                         clknet_3_2__leaf_clk (net)
                      0.056068    0.002018   15.525110 ^ _13670_/CLK (sky130_fd_sc_hd__dfrtp_1)
                                 -0.250000   15.275111   clock uncertainty
                                  0.000000   15.275111   clock reconvergence pessimism
                                 -0.118478   15.156633   library setup time
                                             15.156633   data required time
---------------------------------------------------------------------------------------------
                                             15.156633   data required time
                                             -6.647808   data arrival time
---------------------------------------------------------------------------------------------
                                              8.508826   slack (MET)


Startpoint: x0[1] (input port clocked by clk)
Endpoint: _13635_ (rising edge-triggered flip-flop clocked by clk)
Path Group: clk
Path Type: max

Fanout         Cap        Slew       Delay        Time   Description
---------------------------------------------------------------------------------------------
                                  0.000000    0.000000   clock clk (rise edge)
                                  0.000000    0.000000   clock network delay (propagated)
                                  3.000000    3.000000 v input external delay
     1    0.003579    0.010441    0.005761    3.005761 v x0[1] (in)
                                                         x0[1] (net)
                      0.010446    0.000000    3.005761 v input131/A (sky130_fd_sc_hd__buf_4)
     1    0.014239    0.037874    0.129812    3.135573 v input131/X (sky130_fd_sc_hd__buf_4)
                                                         net131 (net)
                      0.037919    0.001190    3.136763 v fanout649/A (sky130_fd_sc_hd__buf_8)
     6    0.036761    0.042268    0.131224    3.267987 v fanout649/X (sky130_fd_sc_hd__buf_8)
                                                         net649 (net)
                      0.042776    0.003523    3.271510 v fanout648/A (sky130_fd_sc_hd__buf_12)
     8    0.050191    0.041693    0.140044    3.411554 v fanout648/X (sky130_fd_sc_hd__buf_12)
                                                         net648 (net)
                      0.041767    0.001308    3.412862 v fanout647/A (sky130_fd_sc_hd__buf_8)
     6    0.029005    0.036519    0.128148    3.541010 v fanout647/X (sky130_fd_sc_hd__buf_8)
                                                         net647 (net)
                      0.036523    0.000568    3.541578 v fanout645/A (sky130_fd_sc_hd__buf_4)
    10    0.033415    0.057973    0.163304    3.704883 v fanout645/X (sky130_fd_sc_hd__buf_4)
                                                         net645 (net)
                      0.057979    0.000635    3.705518 v _11935_/B (sky130_fd_sc_hd__and4_1)
     3    0.009539    0.065616    0.206013    3.911531 v _11935_/X (sky130_fd_sc_hd__and4_1)
                                                         _04672_ (net)
                      0.065616    0.000210    3.911741 v _11936_/B (sky130_fd_sc_hd__nor2_1)
     2    0.009120    0.179483    0.166894    4.078635 ^ _11936_/Y (sky130_fd_sc_hd__nor2_1)
                                                         _04673_ (net)
                      0.179484    0.000334    4.078969 ^ _11939_/A (sky130_fd_sc_hd__xor2_1)
     2    0.010372    0.245764    0.260211    4.339180 ^ _11939_/X (sky130_fd_sc_hd__xor2_1)
                                                         _04677_ (net)
                      0.245764    0.000199    4.339379 ^ _11941_/B (sky130_fd_sc_hd__xnor2_1)
     2    0.004882    0.155211    0.165523    4.504902 ^ _11941_/Y (sky130_fd_sc_hd__xnor2_1)
                                                         _04679_ (net)
                      0.155211    0.000079    4.504982 ^ _11942_/C (sky130_fd_sc_hd__and3_1)
     2    0.005808    0.075928    0.193728    4.698709 ^ _11942_/X (sky130_fd_sc_hd__and3_1)
                                                         _04680_ (net)
                      0.075928    0.000098    4.698807 ^ _11944_/A (sky130_fd_sc_hd__nor2_1)
     2    0.005249    0.041499    0.058928    4.757735 v _11944_/Y (sky130_fd_sc_hd__nor2_1)
                                                         _04682_ (net)
                      0.041499    0.000143    4.757877 v _11948_/A (sky130_fd_sc_hd__and3_1)
     3    0.009323    0.064226    0.168353    4.926231 v _11948_/X (sky130_fd_sc_hd__and3_1)
                                                         _04687_ (net)
                      0.064226    0.000179    4.926409 v _11950_/A (sky130_fd_sc_hd__or2_1)
     2    0.005124    0.058692    0.241812    5.168221 v _11950_/X (sky130_fd_sc_hd__or2_1)
                                                         _04689_ (net)
                      0.058692    0.000096    5.168317 v _11951_/D (sky130_fd_sc_hd__or4_1)
     3    0.008969    0.122631    0.454207    5.622524 v _11951_/X (sky130_fd_sc_hd__or4_1)
                                                         _04690_ (net)
                      0.122631    0.000179    5.622703 v _11953_/A (sky130_fd_sc_hd__nand2_1)
     2    0.005007    0.064526    0.101340    5.724043 ^ _11953_/Y (sky130_fd_sc_hd__nand2_1)
                                                         _04692_ (net)
                      0.064526    0.000147    5.724191 ^ _11957_/A (sky130_fd_sc_hd__or3_1)
     3    0.008940    0.090451    0.140939    5.865130 ^ _11957_/X (sky130_fd_sc_hd__or3_1)
                                                         _04696_ (net)
                      0.090451    0.000218    5.865348 ^ _11959_/A (sky130_fd_sc_hd__nand2_1)
     2    0.005459    0.053410    0.072029    5.937377 v _11959_/Y (sky130_fd_sc_hd__nand2_1)
                                                         _04699_ (net)
                      0.053410    0.000146    5.937523 v _11960_/B (sky130_fd_sc_hd__or2_1)
     3    0.011694    0.086868    0.253424    6.190947 v _11960_/X (sky130_fd_sc_hd__or2_1)
                                                         _04700_ (net)
                      0.086868    0.000155    6.191102 v _11963_/A (sky130_fd_sc_hd__and2_1)
     1    0.003772    0.039126    0.155480    6.346581 v _11963_/X (sky130_fd_sc_hd__and2_1)
                                                         _00004_ (net)
                      0.039126    0.000135    6.346716 v _13635_/D (sky130_fd_sc_hd__dfrtp_1)
                                              6.346716   data arrival time

                                 15.000000   15.000000   clock clk (rise edge)
                                  0.000000   15.000000   clock source latency
     1    0.034823    0.162195    0.115248   15.115248 ^ clk (in)
                                                         clk (net)
                      0.162620    0.000000   15.115248 ^ clkbuf_0_clk/A (sky130_fd_sc_hd__clkbuf_16)
     8    0.113161    0.127354    0.234087   15.349335 ^ clkbuf_0_clk/X (sky130_fd_sc_hd__clkbuf_16)
                                                         clknet_0_clk (net)
                      0.127740    0.005604   15.354939 ^ clkbuf_3_6__f_clk/A (sky130_fd_sc_hd__clkbuf_16)
    10    0.030191    0.051358    0.164231   15.519171 ^ clkbuf_3_6__f_clk/X (sky130_fd_sc_hd__clkbuf_16)
                                                         clknet_3_6__leaf_clk (net)
                      0.051383    0.001618   15.520788 ^ _13635_/CLK (sky130_fd_sc_hd__dfrtp_1)
                                 -0.250000   15.270789   clock uncertainty
                                  0.000000   15.270789   clock reconvergence pessimism
                                 -0.110251   15.160538   library setup time
                                             15.160538   data required time
---------------------------------------------------------------------------------------------
                                             15.160538   data required time
                                             -6.346716   data arrival time
---------------------------------------------------------------------------------------------
                                              8.813822   slack (MET)


Startpoint: x0[0] (input port clocked by clk)
Endpoint: _13669_ (rising edge-triggered flip-flop clocked by clk)
Path Group: clk
Path Type: max

Fanout         Cap        Slew       Delay        Time   Description
---------------------------------------------------------------------------------------------
                                  0.000000    0.000000   clock clk (rise edge)
                                  0.000000    0.000000   clock network delay (propagated)
                                  3.000000    3.000000 ^ input external delay
     1    0.002837    0.019890    0.010455    3.010455 ^ x0[0] (in)
                                                         x0[0] (net)
                      0.019890    0.000000    3.010455 ^ input130/A (sky130_fd_sc_hd__clkbuf_2)
     2    0.019602    0.112290    0.144287    3.154742 ^ input130/X (sky130_fd_sc_hd__clkbuf_2)
                                                         net130 (net)
                      0.112313    0.001300    3.156041 ^ fanout658/A (sky130_fd_sc_hd__buf_4)
     6    0.034514    0.102998    0.179992    3.336034 ^ fanout658/X (sky130_fd_sc_hd__buf_4)
                                                         net658 (net)
                      0.103008    0.000839    3.336872 ^ fanout655/A (sky130_fd_sc_hd__buf_6)
    10    0.043911    0.095121    0.156343    3.493215 ^ fanout655/X (sky130_fd_sc_hd__buf_6)
                                                         net655 (net)
                      0.095128    0.000683    3.493899 ^ fanout654/A (sky130_fd_sc_hd__clkbuf_4)
    10    0.036696    0.119346    0.208170    3.702069 ^ fanout654/X (sky130_fd_sc_hd__clkbuf_4)
                                                         net654 (net)
                      0.119348    0.000673    3.702742 ^ _10222_/A (sky130_fd_sc_hd__and4_1)
     3    0.010337    0.117713    0.240498    3.943240 ^ _10222_/X (sky130_fd_sc_hd__and4_1)
                                                         _02806_ (net)
                      0.117713    0.000180    3.943420 ^ _10223_/B (sky130_fd_sc_hd__nor2_1)
     2    0.008018    0.065926    0.077833    4.021253 v _10223_/Y (sky130_fd_sc_hd__nor2_1)
                                                         _02807_ (net)
                      0.065926    0.000322    4.021574 v _10226_/A (sky130_fd_sc_hd__xor2_1)
     2    0.010506    0.248222    0.254787    4.276361 ^ _10226_/X (sky130_fd_sc_hd__xor2_1)
                                                         _02810_ (net)
                      0.248222    0.000232    4.276593 ^ _10228_/B (sky130_fd_sc_hd__xnor2_1)
     2    0.005954    0.175984    0.174448    4.451042 ^ _10228_/Y (sky130_fd_sc_hd__xnor2_1)
                                                         _02813_ (net)
                      0.175984    0.000186    4.451228 ^ _10229_/C (sky130_fd_sc_hd__and3_1)
     2    0.007603    0.091671    0.211111    4.662338 ^ _10229_/X (sky130_fd_sc_hd__and3_1)
                                                         _02814_ (net)
                      0.091671    0.000199    4.662537 ^ _10231_/A (sky130_fd_sc_hd__nor2_1)
     2    0.007216    0.054278    0.071610    4.734147 v _10231_/Y (sky130_fd_sc_hd__nor2_1)
                                                         _02816_ (net)
                      0.054279    0.000320    4.734467 v _10235_/A (sky130_fd_sc_hd__and3_1)
     3    0.009615    0.065388    0.174793    4.909260 v _10235_/X (sky130_fd_sc_hd__and3_1)
                                                         _02820_ (net)
                      0.065388    0.000233    4.909492 v _10237_/A (sky130_fd_sc_hd__or2_1)
     2    0.004851    0.057502    0.240680    5.150172 v _10237_/X (sky130_fd_sc_hd__or2_1)
                                                         _02822_ (net)
                      0.057502    0.000097    5.150270 v _10238_/D (sky130_fd_sc_hd__or4_1)
     3    0.009677    0.126367    0.458825    5.609095 v _10238_/X (sky130_fd_sc_hd__or4_1)
                                                         _02824_ (net)
                      0.126423    0.000207    5.609303 v _10240_/A (sky130_fd_sc_hd__nand2_1)
     2    0.004383    0.061144    0.098592    5.707894 ^ _10240_/Y (sky130_fd_sc_hd__nand2_1)
                                                         _02826_ (net)
                      0.061144    0.000075    5.707969 ^ _10244_/A (sky130_fd_sc_hd__or3_1)
     3    0.009034    0.091234    0.140325    5.848294 ^ _10244_/X (sky130_fd_sc_hd__or3_1)
                                                         _02830_ (net)
                      0.091234    0.000141    5.848434 ^ _10246_/A (sky130_fd_sc_hd__nand2_1)
     2    0.005442    0.053439    0.072169    5.920604 v _10246_/Y (sky130_fd_sc_hd__nand2_1)
                                                         _02832_ (net)
                      0.053439    0.000122    5.920726 v _10247_/B (sky130_fd_sc_hd__or2_1)
     3    0.012685    0.091054    0.257605    6.178330 v _10247_/X (sky130_fd_sc_hd__or2_1)
                                                         _02833_ (net)
                      0.091054    0.000280    6.178611 v _10250_/A (sky130_fd_sc_hd__and2_1)
     1    0.002924    0.035586    0.152912    6.331522 v _10250_/X (sky130_fd_sc_hd__and2_1)
                                                         _00001_ (net)
                      0.035586    0.000071    6.331594 v _13669_/D (sky130_fd_sc_hd__dfrtp_1)
                                              6.331594   data arrival time

                                 15.000000   15.000000   clock clk (rise edge)
                                  0.000000   15.000000   clock source latency
     1    0.034823    0.162195    0.115248   15.115248 ^ clk (in)
                                                         clk (net)
                      0.162620    0.000000   15.115248 ^ clkbuf_0_clk/A (sky130_fd_sc_hd__clkbuf_16)
     8    0.113161    0.127354    0.234087   15.349335 ^ clkbuf_0_clk/X (sky130_fd_sc_hd__clkbuf_16)
                                                         clknet_0_clk (net)
                      0.127832    0.006226   15.355561 ^ clkbuf_3_1__f_clk/A (sky130_fd_sc_hd__clkbuf_16)
     7    0.038592    0.058653    0.170198   15.525759 ^ clkbuf_3_1__f_clk/X (sky130_fd_sc_hd__clkbuf_16)
                                                         clknet_3_1__leaf_clk (net)
                      0.058788    0.002245   15.528005 ^ _13669_/CLK (sky130_fd_sc_hd__dfrtp_1)
                                 -0.250000   15.278005   clock uncertainty
                                  0.000000   15.278005   clock reconvergence pessimism
                                 -0.107015   15.170990   library setup time
                                             15.170990   data required time
---------------------------------------------------------------------------------------------
                                             15.170990   data required time
                                             -6.331594   data arrival time
---------------------------------------------------------------------------------------------
                                              8.839396   slack (MET)


Startpoint: x0[1] (input port clocked by clk)
Endpoint: _13652_ (rising edge-triggered flip-flop clocked by clk)
Path Group: clk
Path Type: max

Fanout         Cap        Slew       Delay        Time   Description
---------------------------------------------------------------------------------------------
                                  0.000000    0.000000   clock clk (rise edge)
                                  0.000000    0.000000   clock network delay (propagated)
                                  3.000000    3.000000 v input external delay
     1    0.003579    0.010441    0.005761    3.005761 v x0[1] (in)
                                                         x0[1] (net)
                      0.010446    0.000000    3.005761 v input131/A (sky130_fd_sc_hd__buf_4)
     1    0.014239    0.037874    0.129812    3.135573 v input131/X (sky130_fd_sc_hd__buf_4)
                                                         net131 (net)
                      0.037919    0.001190    3.136763 v fanout649/A (sky130_fd_sc_hd__buf_8)
     6    0.036761    0.042268    0.131224    3.267987 v fanout649/X (sky130_fd_sc_hd__buf_8)
                                                         net649 (net)
                      0.042776    0.003523    3.271510 v fanout648/A (sky130_fd_sc_hd__buf_12)
     8    0.050191    0.041693    0.140044    3.411554 v fanout648/X (sky130_fd_sc_hd__buf_12)
                                                         net648 (net)
                      0.041767    0.001308    3.412862 v fanout647/A (sky130_fd_sc_hd__buf_8)
     6    0.029005    0.036519    0.128148    3.541010 v fanout647/X (sky130_fd_sc_hd__buf_8)
                                                         net647 (net)
                      0.036764    0.002113    3.543123 v fanout646/A (sky130_fd_sc_hd__buf_8)
    10    0.034966    0.040409    0.130413    3.673537 v fanout646/X (sky130_fd_sc_hd__buf_8)
                                                         net646 (net)
                      0.040418    0.000627    3.674164 v _08537_/B (sky130_fd_sc_hd__and4_1)
     3    0.009306    0.064726    0.197397    3.871561 v _08537_/X (sky130_fd_sc_hd__and4_1)
                                                         _01006_ (net)
                      0.064726    0.000127    3.871687 v _08538_/B (sky130_fd_sc_hd__nor2_1)
     2    0.009893    0.192510    0.176029    4.047716 ^ _08538_/Y (sky130_fd_sc_hd__nor2_1)
                                                         _01007_ (net)
                      0.192511    0.000365    4.048081 ^ _08541_/A (sky130_fd_sc_hd__xor2_1)
     2    0.012022    0.275925    0.284590    4.332671 ^ _08541_/X (sky130_fd_sc_hd__xor2_1)
                                                         _01010_ (net)
                      0.275926    0.000439    4.333110 ^ _08543_/B (sky130_fd_sc_hd__xnor2_1)
     2    0.006444    0.185548    0.183141    4.516252 ^ _08543_/Y (sky130_fd_sc_hd__xnor2_1)
                                                         _01012_ (net)
                      0.185548    0.000175    4.516426 ^ _08544_/C (sky130_fd_sc_hd__and3_1)
     2    0.006555    0.082554    0.205191    4.721617 ^ _08544_/X (sky130_fd_sc_hd__and3_1)
                                                         _01013_ (net)
                      0.082554    0.000206    4.721823 ^ _08546_/A (sky130_fd_sc_hd__nor2_1)
     2    0.006215    0.048946    0.064861    4.786684 v _08546_/Y (sky130_fd_sc_hd__nor2_1)
                                                         _01015_ (net)
                      0.048946    0.000241    4.786925 v _08550_/A (sky130_fd_sc_hd__and3_1)
     3    0.008337    0.060569    0.167257    4.954182 v _08550_/X (sky130_fd_sc_hd__and3_1)
                                                         _01019_ (net)
                      0.060569    0.000116    4.954298 v _08552_/A (sky130_fd_sc_hd__or2_1)
     2    0.004661    0.056678    0.237796    5.192093 v _08552_/X (sky130_fd_sc_hd__or2_1)
                                                         _01021_ (net)
                      0.056702    0.000091    5.192185 v _08553_/D (sky130_fd_sc_hd__or4_1)
     3    0.009065    0.123392    0.454490    5.646675 v _08553_/X (sky130_fd_sc_hd__or4_1)
                                                         _01022_ (net)
                      0.123392    0.000188    5.646863 v _08555_/A (sky130_fd_sc_hd__nand2_1)
     2    0.005919    0.071004    0.107482    5.754345 ^ _08555_/Y (sky130_fd_sc_hd__nand2_1)
                                                         _01024_ (net)
                      0.071004    0.000206    5.754550 ^ _08559_/A (sky130_fd_sc_hd__or3_1)
     3    0.009374    0.094175    0.146057    5.900607 ^ _08559_/X (sky130_fd_sc_hd__or3_1)
                                                         _01028_ (net)
                      0.094175    0.000159    5.900766 ^ _08561_/A (sky130_fd_sc_hd__nand2_1)
     3    0.010471    0.083505    0.100633    6.001399 v _08561_/Y (sky130_fd_sc_hd__nand2_1)
                                                         _01030_ (net)
                      0.083533    0.000333    6.001732 v _08562_/B (sky130_fd_sc_hd__xor2_1)
     1    0.003610    0.055545    0.154301    6.156033 v _08562_/X (sky130_fd_sc_hd__xor2_1)
                                                         _00010_ (net)
                      0.055545    0.000101    6.156134 v _13652_/D (sky130_fd_sc_hd__dfrtp_1)
                                              6.156134   data arrival time

                                 15.000000   15.000000   clock clk (rise edge)
                                  0.000000   15.000000   clock source latency
     1    0.034823    0.162195    0.115248   15.115248 ^ clk (in)
                                                         clk (net)
                      0.162620    0.000000   15.115248 ^ clkbuf_0_clk/A (sky130_fd_sc_hd__clkbuf_16)
     8    0.113161    0.127354    0.234087   15.349335 ^ clkbuf_0_clk/X (sky130_fd_sc_hd__clkbuf_16)
                                                         clknet_0_clk (net)
                      0.127651    0.004933   15.354268 ^ clkbuf_3_7__f_clk/A (sky130_fd_sc_hd__clkbuf_16)
    10    0.037518    0.057691    0.169349   15.523617 ^ clkbuf_3_7__f_clk/X (sky130_fd_sc_hd__clkbuf_16)
                                                         clknet_3_7__leaf_clk (net)
                      0.057816    0.002080   15.525697 ^ _13652_/CLK (sky130_fd_sc_hd__dfrtp_1)
                                 -0.250000   15.275698   clock uncertainty
                                  0.000000   15.275698   clock reconvergence pessimism
                                 -0.115938   15.159760   library setup time
                                             15.159760   data required time
---------------------------------------------------------------------------------------------
                                             15.159760   data required time
                                             -6.156134   data arrival time
---------------------------------------------------------------------------------------------
                                              9.003627   slack (MET)


Startpoint: x0[1] (input port clocked by clk)
Endpoint: _13686_ (rising edge-triggered flip-flop clocked by clk)
Path Group: clk
Path Type: max

Fanout         Cap        Slew       Delay        Time   Description
---------------------------------------------------------------------------------------------
                                  0.000000    0.000000   clock clk (rise edge)
                                  0.000000    0.000000   clock network delay (propagated)
                                  3.000000    3.000000 ^ input external delay
     1    0.003827    0.024188    0.013929    3.013929 ^ x0[1] (in)
                                                         x0[1] (net)
                      0.024196    0.000000    3.013929 ^ input131/A (sky130_fd_sc_hd__buf_4)
     1    0.014900    0.053080    0.110449    3.124378 ^ input131/X (sky130_fd_sc_hd__buf_4)
                                                         net131 (net)
                      0.053115    0.001266    3.125644 ^ fanout649/A (sky130_fd_sc_hd__buf_8)
     6    0.038507    0.072300    0.122147    3.247792 ^ fanout649/X (sky130_fd_sc_hd__buf_8)
                                                         net649 (net)
                      0.072587    0.003642    3.251434 ^ fanout642/A (sky130_fd_sc_hd__buf_2)
    10    0.036455    0.180303    0.215344    3.466777 ^ fanout642/X (sky130_fd_sc_hd__buf_2)
                                                         net642 (net)
                      0.180365    0.001171    3.467948 ^ _06841_/C (sky130_fd_sc_hd__and4_1)
     3    0.010427    0.118676    0.267078    3.735026 ^ _06841_/X (sky130_fd_sc_hd__and4_1)
                                                         _01605_ (net)
                      0.118676    0.000152    3.735178 ^ _06842_/B (sky130_fd_sc_hd__nor2_1)
     2    0.008051    0.060152    0.078259    3.813437 v _06842_/Y (sky130_fd_sc_hd__nor2_1)
                                                         _01616_ (net)
                      0.060153    0.000353    3.813790 v _06843_/C (sky130_fd_sc_hd__and3_1)
     4    0.012024    0.075259    0.222682    4.036473 v _06843_/X (sky130_fd_sc_hd__and3_1)
                                                         _01627_ (net)
                      0.075259    0.000186    4.036658 v _06845_/A (sky130_fd_sc_hd__or2_1)
     1    0.006127    0.063285    0.251632    4.288291 v _06845_/X (sky130_fd_sc_hd__or2_1)
                                                         _01649_ (net)
                      0.063285    0.000252    4.288542 v _06847_/B (sky130_fd_sc_hd__xor2_1)
     2    0.008001    0.081091    0.165557    4.454099 v _06847_/X (sky130_fd_sc_hd__xor2_1)
                                                         _01671_ (net)
                      0.081091    0.000269    4.454368 v _06849_/A (sky130_fd_sc_hd__xor2_1)
     2    0.005332    0.073086    0.180034    4.634402 v _06849_/X (sky130_fd_sc_hd__xor2_1)
                                                         _01692_ (net)
                      0.073086    0.000160    4.634562 v _06857_/A (sky130_fd_sc_hd__or2_1)
     1    0.003625    0.052458    0.236465    4.871027 v _06857_/X (sky130_fd_sc_hd__or2_1)
                                                         _01780_ (net)
                      0.052458    0.000098    4.871125 v _06858_/B (sky130_fd_sc_hd__nand2_1)
     2    0.006292    0.072051    0.086120    4.957245 ^ _06858_/Y (sky130_fd_sc_hd__nand2_1)
                                                         _01791_ (net)
                      0.072051    0.000194    4.957439 ^ _06859_/B (sky130_fd_sc_hd__or2_1)
     3    0.009149    0.094676    0.138450    5.095890 ^ _06859_/X (sky130_fd_sc_hd__or2_1)
                                                         _01802_ (net)
                      0.094676    0.000169    5.096059 ^ _06861_/A (sky130_fd_sc_hd__nand2_1)
     2    0.005412    0.053829    0.073052    5.169111 v _06861_/Y (sky130_fd_sc_hd__nand2_1)
                                                         _01824_ (net)
                      0.053829    0.000094    5.169204 v _06865_/A (sky130_fd_sc_hd__or2_1)
     3    0.008951    0.076175    0.259890    5.429095 v _06865_/X (sky130_fd_sc_hd__or2_1)
                                                         _01867_ (net)
                      0.076175    0.000197    5.429291 v _06867_/A (sky130_fd_sc_hd__nand2_1)
     2    0.004770    0.059256    0.079517    5.508809 ^ _06867_/Y (sky130_fd_sc_hd__nand2_1)
                                                         _01889_ (net)
                      0.059256    0.000080    5.508889 ^ _06869_/B (sky130_fd_sc_hd__and2_1)
     1    0.002879    0.046769    0.119400    5.628289 ^ _06869_/X (sky130_fd_sc_hd__and2_1)
                                                         _01911_ (net)
                      0.046769    0.000060    5.628349 ^ _06870_/B (sky130_fd_sc_hd__nor2_1)
     1    0.003802    0.047278    0.040010    5.668359 v _06870_/Y (sky130_fd_sc_hd__nor2_1)
                                                         _00007_ (net)
                      0.047278    0.000136    5.668496 v _13686_/D (sky130_fd_sc_hd__dfrtp_1)
                                              5.668496   data arrival time

                                 15.000000   15.000000   clock clk (rise edge)
                                  0.000000   15.000000   clock source latency
     1    0.034823    0.162195    0.115248   15.115248 ^ clk (in)
                                                         clk (net)
                      0.162620    0.000000   15.115248 ^ clkbuf_0_clk/A (sky130_fd_sc_hd__clkbuf_16)
     8    0.113161    0.127354    0.234087   15.349335 ^ clkbuf_0_clk/X (sky130_fd_sc_hd__clkbuf_16)
                                                         clknet_0_clk (net)
                      0.127686    0.005208   15.354543 ^ clkbuf_3_3__f_clk/A (sky130_fd_sc_hd__clkbuf_16)
    10    0.031963    0.052824    0.165569   15.520112 ^ clkbuf_3_3__f_clk/X (sky130_fd_sc_hd__clkbuf_16)
                                                         clknet_3_3__leaf_clk (net)
                      0.052842    0.001473   15.521585 ^ _13686_/CLK (sky130_fd_sc_hd__dfrtp_1)
                                 -0.250000   15.271585   clock uncertainty
                                  0.000000   15.271585   clock reconvergence pessimism
                                 -0.113473   15.158113   library setup time
                                             15.158113   data required time
---------------------------------------------------------------------------------------------
                                             15.158113   data required time
                                             -5.668496   data arrival time
---------------------------------------------------------------------------------------------
                                              9.489618   slack (MET)


Startpoint: x3[0] (input port clocked by clk)
Endpoint: _13651_ (rising edge-triggered flip-flop clocked by clk)
Path Group: clk
Path Type: max

Fanout         Cap        Slew       Delay        Time   Description
---------------------------------------------------------------------------------------------
                                  0.000000    0.000000   clock clk (rise edge)
                                  0.000000    0.000000   clock network delay (propagated)
                                  3.000000    3.000000 ^ input external delay
     1    0.003600    0.023200    0.013129    3.013129 ^ x3[0] (in)
                                                         x3[0] (net)
                      0.023208    0.000000    3.013129 ^ input154/A (sky130_fd_sc_hd__buf_1)
     1    0.007916    0.101060    0.113693    3.126822 ^ input154/X (sky130_fd_sc_hd__buf_1)
                                                         net154 (net)
                      0.101063    0.000426    3.127248 ^ fanout473/A (sky130_fd_sc_hd__clkbuf_4)
     6    0.046309    0.146744    0.227743    3.354991 ^ fanout473/X (sky130_fd_sc_hd__clkbuf_4)
                                                         net473 (net)
                      0.147020    0.005227    3.360217 ^ fanout471/A (sky130_fd_sc_hd__clkbuf_4)
    10    0.039761    0.128437    0.231330    3.591547 ^ fanout471/X (sky130_fd_sc_hd__clkbuf_4)
                                                         net471 (net)
                      0.128777    0.004819    3.596366 ^ _08529_/A (sky130_fd_sc_hd__and4_1)
     5    0.019036    0.193813    0.301669    3.898035 ^ _08529_/X (sky130_fd_sc_hd__and4_1)
                                                         _00999_ (net)
                      0.193814    0.000893    3.898928 ^ _08531_/B (sky130_fd_sc_hd__nor3_1)
     3    0.006573    0.067748    0.097270    3.996198 v _08531_/Y (sky130_fd_sc_hd__nor3_1)
                                                         _01001_ (net)
                      0.067748    0.000148    3.996346 v _08533_/A (sky130_fd_sc_hd__or4bb_2)
     4    0.012505    0.132190    0.692230    4.688576 v _08533_/X (sky130_fd_sc_hd__or4bb_2)
                                                         _01003_ (net)
                      0.132190    0.000191    4.688766 v _08535_/A (sky130_fd_sc_hd__and2_1)
     1    0.003039    0.036167    0.171996    4.860763 v _08535_/X (sky130_fd_sc_hd__and2_1)
                                                         _00009_ (net)
                      0.036167    0.000095    4.860857 v _13651_/D (sky130_fd_sc_hd__dfrtp_1)
                                              4.860857   data arrival time

                                 15.000000   15.000000   clock clk (rise edge)
                                  0.000000   15.000000   clock source latency
     1    0.034823    0.162195    0.115248   15.115248 ^ clk (in)
                                                         clk (net)
                      0.162620    0.000000   15.115248 ^ clkbuf_0_clk/A (sky130_fd_sc_hd__clkbuf_16)
     8    0.113161    0.127354    0.234087   15.349335 ^ clkbuf_0_clk/X (sky130_fd_sc_hd__clkbuf_16)
                                                         clknet_0_clk (net)
                      0.127651    0.004933   15.354268 ^ clkbuf_3_7__f_clk/A (sky130_fd_sc_hd__clkbuf_16)
    10    0.037518    0.057691    0.169349   15.523617 ^ clkbuf_3_7__f_clk/X (sky130_fd_sc_hd__clkbuf_16)
                                                         clknet_3_7__leaf_clk (net)
                      0.057777    0.001696   15.525313 ^ _13651_/CLK (sky130_fd_sc_hd__dfrtp_1)
                                 -0.250000   15.275314   clock uncertainty
                                  0.000000   15.275314   clock reconvergence pessimism
                                 -0.107499   15.167816   library setup time
                                             15.167816   data required time
---------------------------------------------------------------------------------------------
                                             15.167816   data required time
                                             -4.860857   data arrival time
---------------------------------------------------------------------------------------------
                                             10.306958   slack (MET)


Startpoint: x3[0] (input port clocked by clk)
Endpoint: _13634_ (rising edge-triggered flip-flop clocked by clk)
Path Group: clk
Path Type: max

Fanout         Cap        Slew       Delay        Time   Description
---------------------------------------------------------------------------------------------
                                  0.000000    0.000000   clock clk (rise edge)
                                  0.000000    0.000000   clock network delay (propagated)
                                  3.000000    3.000000 ^ input external delay
     1    0.003600    0.023200    0.013129    3.013129 ^ x3[0] (in)
                                                         x3[0] (net)
                      0.023208    0.000000    3.013129 ^ input154/A (sky130_fd_sc_hd__buf_1)
     1    0.007916    0.101060    0.113693    3.126822 ^ input154/X (sky130_fd_sc_hd__buf_1)
                                                         net154 (net)
                      0.101063    0.000426    3.127248 ^ fanout473/A (sky130_fd_sc_hd__clkbuf_4)
     6    0.046309    0.146744    0.227743    3.354991 ^ fanout473/X (sky130_fd_sc_hd__clkbuf_4)
                                                         net473 (net)
                      0.147020    0.005227    3.360217 ^ fanout471/A (sky130_fd_sc_hd__clkbuf_4)
    10    0.039761    0.128437    0.231330    3.591547 ^ fanout471/X (sky130_fd_sc_hd__clkbuf_4)
                                                         net471 (net)
                      0.128523    0.001322    3.592870 ^ fanout470/A (sky130_fd_sc_hd__buf_2)
    10    0.034331    0.171052    0.227830    3.820699 ^ fanout470/X (sky130_fd_sc_hd__buf_2)
                                                         net470 (net)
                      0.171052    0.000687    3.821387 ^ _11926_/A (sky130_fd_sc_hd__and4_1)
     5    0.018811    0.191765    0.312483    4.133870 ^ _11926_/X (sky130_fd_sc_hd__and4_1)
                                                         _04663_ (net)
                      0.191765    0.000413    4.134283 ^ _11928_/B (sky130_fd_sc_hd__nor3_1)
     3    0.007955    0.071927    0.103320    4.237604 v _11928_/Y (sky130_fd_sc_hd__nor3_1)
                                                         _04666_ (net)
                      0.071927    0.000223    4.237827 v _11931_/A (sky130_fd_sc_hd__or3_1)
     3    0.007301    0.090500    0.406191    4.644018 v _11931_/X (sky130_fd_sc_hd__or3_1)
                                                         _04669_ (net)
                      0.090500    0.000220    4.644238 v _11933_/A (sky130_fd_sc_hd__and2_1)
     1    0.002814    0.035146    0.152026    4.796264 v _11933_/X (sky130_fd_sc_hd__and2_1)
                                                         _00003_ (net)
                      0.035146    0.000066    4.796329 v _13634_/D (sky130_fd_sc_hd__dfrtp_1)
                                              4.796329   data arrival time

                                 15.000000   15.000000   clock clk (rise edge)
                                  0.000000   15.000000   clock source latency
     1    0.034823    0.162195    0.115248   15.115248 ^ clk (in)
                                                         clk (net)
                      0.162620    0.000000   15.115248 ^ clkbuf_0_clk/A (sky130_fd_sc_hd__clkbuf_16)
     8    0.113161    0.127354    0.234087   15.349335 ^ clkbuf_0_clk/X (sky130_fd_sc_hd__clkbuf_16)
                                                         clknet_0_clk (net)
                      0.127740    0.005604   15.354939 ^ clkbuf_3_6__f_clk/A (sky130_fd_sc_hd__clkbuf_16)
    10    0.030191    0.051358    0.164231   15.519171 ^ clkbuf_3_6__f_clk/X (sky130_fd_sc_hd__clkbuf_16)
                                                         clknet_3_6__leaf_clk (net)
                      0.051382    0.001531   15.520701 ^ _13634_/CLK (sky130_fd_sc_hd__dfrtp_1)
                                 -0.250000   15.270702   clock uncertainty
                                  0.000000   15.270702   clock reconvergence pessimism
                                 -0.108515   15.162187   library setup time
                                             15.162187   data required time
---------------------------------------------------------------------------------------------
                                             15.162187   data required time
                                             -4.796329   data arrival time
---------------------------------------------------------------------------------------------
                                             10.365857   slack (MET)


Startpoint: x3[0] (input port clocked by clk)
Endpoint: _13668_ (rising edge-triggered flip-flop clocked by clk)
Path Group: clk
Path Type: max

Fanout         Cap        Slew       Delay        Time   Description
---------------------------------------------------------------------------------------------
                                  0.000000    0.000000   clock clk (rise edge)
                                  0.000000    0.000000   clock network delay (propagated)
                                  3.000000    3.000000 ^ input external delay
     1    0.003600    0.023200    0.013129    3.013129 ^ x3[0] (in)
                                                         x3[0] (net)
                      0.023208    0.000000    3.013129 ^ input154/A (sky130_fd_sc_hd__buf_1)
     1    0.007916    0.101060    0.113693    3.126822 ^ input154/X (sky130_fd_sc_hd__buf_1)
                                                         net154 (net)
                      0.101063    0.000426    3.127248 ^ fanout473/A (sky130_fd_sc_hd__clkbuf_4)
     6    0.046309    0.146744    0.227743    3.354991 ^ fanout473/X (sky130_fd_sc_hd__clkbuf_4)
                                                         net473 (net)
                      0.146748    0.000663    3.355653 ^ fanout469/A (sky130_fd_sc_hd__clkbuf_4)
     5    0.041120    0.131588    0.235046    3.590699 ^ fanout469/X (sky130_fd_sc_hd__clkbuf_4)
                                                         net469 (net)
                      0.131589    0.000698    3.591397 ^ fanout468/A (sky130_fd_sc_hd__clkbuf_2)
    10    0.029981    0.166823    0.221912    3.813309 ^ fanout468/X (sky130_fd_sc_hd__clkbuf_2)
                                                         net468 (net)
                      0.166823    0.000342    3.813651 ^ _10213_/A (sky130_fd_sc_hd__and4_1)
     5    0.017831    0.183156    0.304577    4.118227 ^ _10213_/X (sky130_fd_sc_hd__and4_1)
                                                         _02797_ (net)
                      0.183156    0.000623    4.118850 ^ _10215_/B (sky130_fd_sc_hd__nor3_1)
     3    0.007439    0.068435    0.099040    4.217890 v _10215_/Y (sky130_fd_sc_hd__nor3_1)
                                                         _02799_ (net)
                      0.068435    0.000120    4.218010 v _10218_/A (sky130_fd_sc_hd__or3_1)
     3    0.007988    0.094883    0.410288    4.628298 v _10218_/X (sky130_fd_sc_hd__or3_1)
                                                         _02803_ (net)
                      0.094883    0.000100    4.628399 v _10220_/A (sky130_fd_sc_hd__and2_1)
     1    0.002961    0.035821    0.154851    4.783250 v _10220_/X (sky130_fd_sc_hd__and2_1)
                                                         _00000_ (net)
                      0.035821    0.000072    4.783322 v _13668_/D (sky130_fd_sc_hd__dfrtp_1)
                                              4.783322   data arrival time

                                 15.000000   15.000000   clock clk (rise edge)
                                  0.000000   15.000000   clock source latency
     1    0.034823    0.162195    0.115248   15.115248 ^ clk (in)
                                                         clk (net)
                      0.162620    0.000000   15.115248 ^ clkbuf_0_clk/A (sky130_fd_sc_hd__clkbuf_16)
     8    0.113161    0.127354    0.234087   15.349335 ^ clkbuf_0_clk/X (sky130_fd_sc_hd__clkbuf_16)
                                                         clknet_0_clk (net)
                      0.127832    0.006226   15.355561 ^ clkbuf_3_1__f_clk/A (sky130_fd_sc_hd__clkbuf_16)
     7    0.038592    0.058653    0.170198   15.525759 ^ clkbuf_3_1__f_clk/X (sky130_fd_sc_hd__clkbuf_16)
                                                         clknet_3_1__leaf_clk (net)
                      0.058778    0.002155   15.527914 ^ _13668_/CLK (sky130_fd_sc_hd__dfrtp_1)
                                 -0.250000   15.277914   clock uncertainty
                                  0.000000   15.277914   clock reconvergence pessimism
                                 -0.107119   15.170794   library setup time
                                             15.170794   data required time
---------------------------------------------------------------------------------------------
                                             15.170794   data required time
                                             -4.783322   data arrival time
---------------------------------------------------------------------------------------------
                                             10.387472   slack (MET)


Startpoint: _13650_ (rising edge-triggered flip-flop clocked by clk)
Endpoint: y0[16] (output port clocked by clk)
Path Group: clk
Path Type: max

Fanout         Cap        Slew       Delay        Time   Description
---------------------------------------------------------------------------------------------
                                  0.000000    0.000000   clock clk (rise edge)
                                  0.000000    0.000000   clock source latency
     1    0.034823    0.162195    0.115248    0.115248 ^ clk (in)
                                                         clk (net)
                      0.162620    0.000000    0.115248 ^ clkbuf_0_clk/A (sky130_fd_sc_hd__clkbuf_16)
     8    0.113161    0.127354    0.234086    0.349335 ^ clkbuf_0_clk/X (sky130_fd_sc_hd__clkbuf_16)
                                                         clknet_0_clk (net)
                      0.127509    0.003601    0.352935 ^ clkbuf_3_5__f_clk/A (sky130_fd_sc_hd__clkbuf_16)
     9    0.047412    0.066663    0.176420    0.529356 ^ clkbuf_3_5__f_clk/X (sky130_fd_sc_hd__clkbuf_16)
                                                         clknet_3_5__leaf_clk (net)
                      0.066759    0.002233    0.531589 ^ _13650_/CLK (sky130_fd_sc_hd__dfrtp_1)
     1    0.011212    0.110253    0.378340    0.909929 ^ _13650_/Q (sky130_fd_sc_hd__dfrtp_1)
                                                         net169 (net)
                      0.110258    0.000879    0.910808 ^ output169/A (sky130_fd_sc_hd__buf_2)
     1    0.034602    0.172136    0.223066    1.133874 ^ output169/X (sky130_fd_sc_hd__buf_2)
                                                         y0[16] (net)
                      0.172138    0.000912    1.134786 ^ y0[16] (out)
                                              1.134786   data arrival time

                                 15.000000   15.000000   clock clk (rise edge)
                                  0.000000   15.000000   clock network delay (propagated)
                                 -0.250000   14.750000   clock uncertainty
                                  0.000000   14.750000   clock reconvergence pessimism
                                 -3.000000   11.750000   output external delay
                                             11.750000   data required time
---------------------------------------------------------------------------------------------
                                             11.750000   data required time
                                             -1.134786   data arrival time
---------------------------------------------------------------------------------------------
                                             10.615214   slack (MET)


Startpoint: _13649_ (rising edge-triggered flip-flop clocked by clk)
Endpoint: y0[15] (output port clocked by clk)
Path Group: clk
Path Type: max

Fanout         Cap        Slew       Delay        Time   Description
---------------------------------------------------------------------------------------------
                                  0.000000    0.000000   clock clk (rise edge)
                                  0.000000    0.000000   clock source latency
     1    0.034823    0.162195    0.115248    0.115248 ^ clk (in)
                                                         clk (net)
                      0.162620    0.000000    0.115248 ^ clkbuf_0_clk/A (sky130_fd_sc_hd__clkbuf_16)
     8    0.113161    0.127354    0.234086    0.349335 ^ clkbuf_0_clk/X (sky130_fd_sc_hd__clkbuf_16)
                                                         clknet_0_clk (net)
                      0.127509    0.003601    0.352935 ^ clkbuf_3_5__f_clk/A (sky130_fd_sc_hd__clkbuf_16)
     9    0.047412    0.066663    0.176420    0.529356 ^ clkbuf_3_5__f_clk/X (sky130_fd_sc_hd__clkbuf_16)
                                                         clknet_3_5__leaf_clk (net)
                      0.066752    0.002172    0.531527 ^ _13649_/CLK (sky130_fd_sc_hd__dfrtp_1)
     1    0.010548    0.104817    0.374357    0.905885 ^ _13649_/Q (sky130_fd_sc_hd__dfrtp_1)
                                                         net168 (net)
                      0.104821    0.000786    0.906670 ^ output168/A (sky130_fd_sc_hd__buf_2)
     1    0.034870    0.173374    0.221878    1.128548 ^ output168/X (sky130_fd_sc_hd__buf_2)
                                                         y0[15] (net)
                      0.173378    0.001020    1.129568 ^ y0[15] (out)
                                              1.129568   data arrival time

                                 15.000000   15.000000   clock clk (rise edge)
                                  0.000000   15.000000   clock network delay (propagated)
                                 -0.250000   14.750000   clock uncertainty
                                  0.000000   14.750000   clock reconvergence pessimism
                                 -3.000000   11.750000   output external delay
                                             11.750000   data required time
---------------------------------------------------------------------------------------------
                                             11.750000   data required time
                                             -1.129568   data arrival time
---------------------------------------------------------------------------------------------
                                             10.620433   slack (MET)


Startpoint: _13648_ (rising edge-triggered flip-flop clocked by clk)
Endpoint: y0[14] (output port clocked by clk)
Path Group: clk
Path Type: max

Fanout         Cap        Slew       Delay        Time   Description
---------------------------------------------------------------------------------------------
                                  0.000000    0.000000   clock clk (rise edge)
                                  0.000000    0.000000   clock source latency
     1    0.034823    0.162195    0.115248    0.115248 ^ clk (in)
                                                         clk (net)
                      0.162620    0.000000    0.115248 ^ clkbuf_0_clk/A (sky130_fd_sc_hd__clkbuf_16)
     8    0.113161    0.127354    0.234086    0.349335 ^ clkbuf_0_clk/X (sky130_fd_sc_hd__clkbuf_16)
                                                         clknet_0_clk (net)
                      0.127509    0.003601    0.352935 ^ clkbuf_3_5__f_clk/A (sky130_fd_sc_hd__clkbuf_16)
     9    0.047412    0.066663    0.176420    0.529356 ^ clkbuf_3_5__f_clk/X (sky130_fd_sc_hd__clkbuf_16)
                                                         clknet_3_5__leaf_clk (net)
                      0.066748    0.002132    0.531488 ^ _13648_/CLK (sky130_fd_sc_hd__dfrtp_1)
     1    0.010473    0.104201    0.373902    0.905390 ^ _13648_/Q (sky130_fd_sc_hd__dfrtp_1)
                                                         net167 (net)
                      0.104204    0.000777    0.906167 ^ output167/A (sky130_fd_sc_hd__buf_2)
     1    0.034475    0.171495    0.220445    1.126611 ^ output167/X (sky130_fd_sc_hd__buf_2)
                                                         y0[14] (net)
                      0.171497    0.000863    1.127474 ^ y0[14] (out)
                                              1.127474   data arrival time

                                 15.000000   15.000000   clock clk (rise edge)
                                  0.000000   15.000000   clock network delay (propagated)
                                 -0.250000   14.750000   clock uncertainty
                                  0.000000   14.750000   clock reconvergence pessimism
                                 -3.000000   11.750000   output external delay
                                             11.750000   data required time
---------------------------------------------------------------------------------------------
                                             11.750000   data required time
                                             -1.127474   data arrival time
---------------------------------------------------------------------------------------------
                                             10.622526   slack (MET)


Startpoint: _13647_ (rising edge-triggered flip-flop clocked by clk)
Endpoint: y0[13] (output port clocked by clk)
Path Group: clk
Path Type: max

Fanout         Cap        Slew       Delay        Time   Description
---------------------------------------------------------------------------------------------
                                  0.000000    0.000000   clock clk (rise edge)
                                  0.000000    0.000000   clock source latency
     1    0.034823    0.162195    0.115248    0.115248 ^ clk (in)
                                                         clk (net)
                      0.162620    0.000000    0.115248 ^ clkbuf_0_clk/A (sky130_fd_sc_hd__clkbuf_16)
     8    0.113161    0.127354    0.234086    0.349335 ^ clkbuf_0_clk/X (sky130_fd_sc_hd__clkbuf_16)
                                                         clknet_0_clk (net)
                      0.127509    0.003601    0.352935 ^ clkbuf_3_5__f_clk/A (sky130_fd_sc_hd__clkbuf_16)
     9    0.047412    0.066663    0.176420    0.529356 ^ clkbuf_3_5__f_clk/X (sky130_fd_sc_hd__clkbuf_16)
                                                         clknet_3_5__leaf_clk (net)
                      0.066690    0.001399    0.530755 ^ _13647_/CLK (sky130_fd_sc_hd__dfrtp_1)
     1    0.010214    0.102061    0.372442    0.903197 ^ _13647_/Q (sky130_fd_sc_hd__dfrtp_1)
                                                         net166 (net)
                      0.102061    0.000377    0.903575 ^ output166/A (sky130_fd_sc_hd__buf_2)
     1    0.034651    0.172318    0.220196    1.123770 ^ output166/X (sky130_fd_sc_hd__buf_2)
                                                         y0[13] (net)
                      0.172320    0.000929    1.124699 ^ y0[13] (out)
                                              1.124699   data arrival time

                                 15.000000   15.000000   clock clk (rise edge)
                                  0.000000   15.000000   clock network delay (propagated)
                                 -0.250000   14.750000   clock uncertainty
                                  0.000000   14.750000   clock reconvergence pessimism
                                 -3.000000   11.750000   output external delay
                                             11.750000   data required time
---------------------------------------------------------------------------------------------
                                             11.750000   data required time
                                             -1.124699   data arrival time
---------------------------------------------------------------------------------------------
                                             10.625301   slack (MET)


Startpoint: _13701_ (rising edge-triggered flip-flop clocked by clk)
Endpoint: y3[16] (output port clocked by clk)
Path Group: clk
Path Type: max

Fanout         Cap        Slew       Delay        Time   Description
---------------------------------------------------------------------------------------------
                                  0.000000    0.000000   clock clk (rise edge)
                                  0.000000    0.000000   clock source latency
     1    0.034823    0.162195    0.115248    0.115248 ^ clk (in)
                                                         clk (net)
                      0.162620    0.000000    0.115248 ^ clkbuf_0_clk/A (sky130_fd_sc_hd__clkbuf_16)
     8    0.113161    0.127354    0.234086    0.349335 ^ clkbuf_0_clk/X (sky130_fd_sc_hd__clkbuf_16)
                                                         clknet_0_clk (net)
                      0.127714    0.005420    0.354755 ^ clkbuf_3_0__f_clk/A (sky130_fd_sc_hd__clkbuf_16)
     9    0.040939    0.060705    0.171680    0.526435 ^ clkbuf_3_0__f_clk/X (sky130_fd_sc_hd__clkbuf_16)
                                                         clknet_3_0__leaf_clk (net)
                      0.060938    0.002218    0.528653 ^ _13701_/CLK (sky130_fd_sc_hd__dfrtp_1)
     1    0.010022    0.100521    0.369027    0.897680 ^ _13701_/Q (sky130_fd_sc_hd__dfrtp_1)
                                                         net220 (net)
                      0.100524    0.000716    0.898396 ^ output220/A (sky130_fd_sc_hd__buf_2)
     1    0.034684    0.172468    0.219725    1.118121 ^ output220/X (sky130_fd_sc_hd__buf_2)
                                                         y3[16] (net)
                      0.172471    0.000949    1.119069 ^ y3[16] (out)
                                              1.119069   data arrival time

                                 15.000000   15.000000   clock clk (rise edge)
                                  0.000000   15.000000   clock network delay (propagated)
                                 -0.250000   14.750000   clock uncertainty
                                  0.000000   14.750000   clock reconvergence pessimism
                                 -3.000000   11.750000   output external delay
                                             11.750000   data required time
---------------------------------------------------------------------------------------------
                                             11.750000   data required time
                                             -1.119069   data arrival time
---------------------------------------------------------------------------------------------
                                             10.630931   slack (MET)


Startpoint: _13700_ (rising edge-triggered flip-flop clocked by clk)
Endpoint: y3[15] (output port clocked by clk)
Path Group: clk
Path Type: max

Fanout         Cap        Slew       Delay        Time   Description
---------------------------------------------------------------------------------------------
                                  0.000000    0.000000   clock clk (rise edge)
                                  0.000000    0.000000   clock source latency
     1    0.034823    0.162195    0.115248    0.115248 ^ clk (in)
                                                         clk (net)
                      0.162620    0.000000    0.115248 ^ clkbuf_0_clk/A (sky130_fd_sc_hd__clkbuf_16)
     8    0.113161    0.127354    0.234086    0.349335 ^ clkbuf_0_clk/X (sky130_fd_sc_hd__clkbuf_16)
                                                         clknet_0_clk (net)
                      0.127714    0.005420    0.354755 ^ clkbuf_3_0__f_clk/A (sky130_fd_sc_hd__clkbuf_16)
     9    0.040939    0.060705    0.171680    0.526435 ^ clkbuf_3_0__f_clk/X (sky130_fd_sc_hd__clkbuf_16)
                                                         clknet_3_0__leaf_clk (net)
                      0.060934    0.002179    0.528614 ^ _13700_/CLK (sky130_fd_sc_hd__dfrtp_1)
     1    0.009748    0.069327    0.396463    0.925077 v _13700_/Q (sky130_fd_sc_hd__dfrtp_1)
                                                         net219 (net)
                      0.069391    0.000681    0.925758 v output219/A (sky130_fd_sc_hd__buf_2)
     1    0.034581    0.090259    0.191381    1.117139 v output219/X (sky130_fd_sc_hd__buf_2)
                                                         y3[15] (net)
                      0.090268    0.000911    1.118050 v y3[15] (out)
                                              1.118050   data arrival time

                                 15.000000   15.000000   clock clk (rise edge)
                                  0.000000   15.000000   clock network delay (propagated)
                                 -0.250000   14.750000   clock uncertainty
                                  0.000000   14.750000   clock reconvergence pessimism
                                 -3.000000   11.750000   output external delay
                                             11.750000   data required time
---------------------------------------------------------------------------------------------
                                             11.750000   data required time
                                             -1.118050   data arrival time
---------------------------------------------------------------------------------------------
                                             10.631950   slack (MET)


Startpoint: _13699_ (rising edge-triggered flip-flop clocked by clk)
Endpoint: y3[14] (output port clocked by clk)
Path Group: clk
Path Type: max

Fanout         Cap        Slew       Delay        Time   Description
---------------------------------------------------------------------------------------------
                                  0.000000    0.000000   clock clk (rise edge)
                                  0.000000    0.000000   clock source latency
     1    0.034823    0.162195    0.115248    0.115248 ^ clk (in)
                                                         clk (net)
                      0.162620    0.000000    0.115248 ^ clkbuf_0_clk/A (sky130_fd_sc_hd__clkbuf_16)
     8    0.113161    0.127354    0.234086    0.349335 ^ clkbuf_0_clk/X (sky130_fd_sc_hd__clkbuf_16)
                                                         clknet_0_clk (net)
                      0.127714    0.005420    0.354755 ^ clkbuf_3_0__f_clk/A (sky130_fd_sc_hd__clkbuf_16)
     9    0.040939    0.060705    0.171680    0.526435 ^ clkbuf_3_0__f_clk/X (sky130_fd_sc_hd__clkbuf_16)
                                                         clknet_3_0__leaf_clk (net)
                      0.060931    0.002155    0.528590 ^ _13699_/CLK (sky130_fd_sc_hd__dfrtp_1)
     1    0.009268    0.067376    0.394358    0.922947 v _13699_/Q (sky130_fd_sc_hd__dfrtp_1)
                                                         net218 (net)
                      0.067439    0.000623    0.923571 v output218/A (sky130_fd_sc_hd__buf_2)
     1    0.035331    0.091992    0.191652    1.115223 v output218/X (sky130_fd_sc_hd__buf_2)
                                                         y3[14] (net)
                      0.092010    0.001217    1.116439 v y3[14] (out)
                                              1.116439   data arrival time

                                 15.000000   15.000000   clock clk (rise edge)
                                  0.000000   15.000000   clock network delay (propagated)
                                 -0.250000   14.750000   clock uncertainty
                                  0.000000   14.750000   clock reconvergence pessimism
                                 -3.000000   11.750000   output external delay
                                             11.750000   data required time
---------------------------------------------------------------------------------------------
                                             11.750000   data required time
                                             -1.116439   data arrival time
---------------------------------------------------------------------------------------------
                                             10.633561   slack (MET)


Startpoint: x2[0] (input port clocked by clk)
Endpoint: _13685_ (rising edge-triggered flip-flop clocked by clk)
Path Group: clk
Path Type: max

Fanout         Cap        Slew       Delay        Time   Description
---------------------------------------------------------------------------------------------
                                  0.000000    0.000000   clock clk (rise edge)
                                  0.000000    0.000000   clock network delay (propagated)
                                  3.000000    3.000000 ^ input external delay
     1    0.004032    0.025087    0.014656    3.014656 ^ x2[0] (in)
                                                         x2[0] (net)
                      0.025088    0.000000    3.014656 ^ input146/A (sky130_fd_sc_hd__clkbuf_4)
     4    0.044570    0.141642    0.196153    3.210809 ^ input146/X (sky130_fd_sc_hd__clkbuf_4)
                                                         net146 (net)
                      0.141737    0.003035    3.213844 ^ fanout528/A (sky130_fd_sc_hd__buf_4)
    10    0.069257    0.193296    0.253390    3.467235 ^ fanout528/X (sky130_fd_sc_hd__buf_4)
                                                         net528 (net)
                      0.193380    0.003352    3.470587 ^ fanout527/A (sky130_fd_sc_hd__clkbuf_4)
    10    0.039644    0.128213    0.248080    3.718667 ^ fanout527/X (sky130_fd_sc_hd__clkbuf_4)
                                                         net527 (net)
                      0.128262    0.002357    3.721024 ^ fanout526/A (sky130_fd_sc_hd__buf_2)
    10    0.037085    0.183374    0.237101    3.958126 ^ fanout526/X (sky130_fd_sc_hd__buf_2)
                                                         net526 (net)
                      0.183468    0.002034    3.960160 ^ _06832_/A (sky130_fd_sc_hd__nand2_2)
     6    0.019692    0.102126    0.125516    4.085675 v _06832_/Y (sky130_fd_sc_hd__nand2_2)
                                                         _01508_ (net)
                      0.102168    0.000690    4.086365 v _06833_/C (sky130_fd_sc_hd__nor3_1)
     2    0.006210    0.231484    0.213321    4.299686 ^ _06833_/Y (sky130_fd_sc_hd__nor3_1)
                                                         _01518_ (net)
                      0.231484    0.000187    4.299874 ^ _06836_/A (sky130_fd_sc_hd__nor2_1)
     1    0.005081    0.065626    0.093602    4.393476 v _06836_/Y (sky130_fd_sc_hd__nor2_1)
                                                         _01551_ (net)
                      0.065626    0.000122    4.393598 v _06839_/A (sky130_fd_sc_hd__xnor2_1)
     1    0.002852    0.046972    0.128546    4.522143 v _06839_/Y (sky130_fd_sc_hd__xnor2_1)
                                                         _00006_ (net)
                      0.046973    0.000068    4.522211 v _13685_/D (sky130_fd_sc_hd__dfrtp_1)
                                              4.522211   data arrival time

                                 15.000000   15.000000   clock clk (rise edge)
                                  0.000000   15.000000   clock source latency
     1    0.034823    0.162195    0.115248   15.115248 ^ clk (in)
                                                         clk (net)
                      0.162620    0.000000   15.115248 ^ clkbuf_0_clk/A (sky130_fd_sc_hd__clkbuf_16)
     8    0.113161    0.127354    0.234087   15.349335 ^ clkbuf_0_clk/X (sky130_fd_sc_hd__clkbuf_16)
                                                         clknet_0_clk (net)
                      0.127686    0.005208   15.354543 ^ clkbuf_3_3__f_clk/A (sky130_fd_sc_hd__clkbuf_16)
    10    0.031963    0.052824    0.165569   15.520112 ^ clkbuf_3_3__f_clk/X (sky130_fd_sc_hd__clkbuf_16)
                                                         clknet_3_3__leaf_clk (net)
                      0.052843    0.001496   15.521607 ^ _13685_/CLK (sky130_fd_sc_hd__dfrtp_1)
                                 -0.250000   15.271608   clock uncertainty
                                  0.000000   15.271608   clock reconvergence pessimism
                                 -0.113339   15.158270   library setup time
                                             15.158270   data required time
---------------------------------------------------------------------------------------------
                                             15.158270   data required time
                                             -4.522211   data arrival time
---------------------------------------------------------------------------------------------
                                             10.636059   slack (MET)


Startpoint: _13666_ (rising edge-triggered flip-flop clocked by clk)
Endpoint: y1[15] (output port clocked by clk)
Path Group: clk
Path Type: max

Fanout         Cap        Slew       Delay        Time   Description
---------------------------------------------------------------------------------------------
                                  0.000000    0.000000   clock clk (rise edge)
                                  0.000000    0.000000   clock source latency
     1    0.034823    0.162195    0.115248    0.115248 ^ clk (in)
                                                         clk (net)
                      0.162620    0.000000    0.115248 ^ clkbuf_0_clk/A (sky130_fd_sc_hd__clkbuf_16)
     8    0.113161    0.127354    0.234086    0.349335 ^ clkbuf_0_clk/X (sky130_fd_sc_hd__clkbuf_16)
                                                         clknet_0_clk (net)
                      0.127509    0.003601    0.352935 ^ clkbuf_3_5__f_clk/A (sky130_fd_sc_hd__clkbuf_16)
     9    0.047412    0.066663    0.176420    0.529356 ^ clkbuf_3_5__f_clk/X (sky130_fd_sc_hd__clkbuf_16)
                                                         clknet_3_5__leaf_clk (net)
                      0.066979    0.003258    0.532613 ^ _13666_/CLK (sky130_fd_sc_hd__dfrtp_1)
     1    0.003789    0.044060    0.367283    0.899897 v _13666_/Q (sky130_fd_sc_hd__dfrtp_1)
                                                         net185 (net)
                      0.044060    0.000135    0.900032 v output185/A (sky130_fd_sc_hd__buf_2)
     1    0.035427    0.092252    0.181410    1.081442 v output185/X (sky130_fd_sc_hd__buf_2)
                                                         y1[15] (net)
                      0.092270    0.001229    1.082670 v y1[15] (out)
                                              1.082670   data arrival time

                                 15.000000   15.000000   clock clk (rise edge)
                                  0.000000   15.000000   clock network delay (propagated)
                                 -0.250000   14.750000   clock uncertainty
                                  0.000000   14.750000   clock reconvergence pessimism
                                 -3.000000   11.750000   output external delay
                                             11.750000   data required time
---------------------------------------------------------------------------------------------
                                             11.750000   data required time
                                             -1.082670   data arrival time
---------------------------------------------------------------------------------------------
                                             10.667331   slack (MET)


Startpoint: _13667_ (rising edge-triggered flip-flop clocked by clk)
Endpoint: y1[16] (output port clocked by clk)
Path Group: clk
Path Type: max

Fanout         Cap        Slew       Delay        Time   Description
---------------------------------------------------------------------------------------------
                                  0.000000    0.000000   clock clk (rise edge)
                                  0.000000    0.000000   clock source latency
     1    0.034823    0.162195    0.115248    0.115248 ^ clk (in)
                                                         clk (net)
                      0.162620    0.000000    0.115248 ^ clkbuf_0_clk/A (sky130_fd_sc_hd__clkbuf_16)
     8    0.113161    0.127354    0.234086    0.349335 ^ clkbuf_0_clk/X (sky130_fd_sc_hd__clkbuf_16)
                                                         clknet_0_clk (net)
                      0.127509    0.003601    0.352935 ^ clkbuf_3_5__f_clk/A (sky130_fd_sc_hd__clkbuf_16)
     9    0.047412    0.066663    0.176420    0.529356 ^ clkbuf_3_5__f_clk/X (sky130_fd_sc_hd__clkbuf_16)
                                                         clknet_3_5__leaf_clk (net)
                      0.066983    0.003284    0.532640 ^ _13667_/CLK (sky130_fd_sc_hd__dfrtp_1)
     1    0.003622    0.042972    0.366383    0.899023 v _13667_/Q (sky130_fd_sc_hd__dfrtp_1)
                                                         net186 (net)
                      0.042972    0.000126    0.899149 v output186/A (sky130_fd_sc_hd__buf_2)
     1    0.034750    0.090702    0.179876    1.079025 v output186/X (sky130_fd_sc_hd__buf_2)
                                                         y1[16] (net)
                      0.090713    0.000973    1.079997 v y1[16] (out)
                                              1.079997   data arrival time

                                 15.000000   15.000000   clock clk (rise edge)
                                  0.000000   15.000000   clock network delay (propagated)
                                 -0.250000   14.750000   clock uncertainty
                                  0.000000   14.750000   clock reconvergence pessimism
                                 -3.000000   11.750000   output external delay
                                             11.750000   data required time
---------------------------------------------------------------------------------------------
                                             11.750000   data required time
                                             -1.079997   data arrival time
---------------------------------------------------------------------------------------------
                                             10.670003   slack (MET)


Startpoint: _13675_ (rising edge-triggered flip-flop clocked by clk)
Endpoint: y2[7] (output port clocked by clk)
Path Group: clk
Path Type: max

Fanout         Cap        Slew       Delay        Time   Description
---------------------------------------------------------------------------------------------
                                  0.000000    0.000000   clock clk (rise edge)
                                  0.000000    0.000000   clock source latency
     1    0.034823    0.162195    0.115248    0.115248 ^ clk (in)
                                                         clk (net)
                      0.162620    0.000000    0.115248 ^ clkbuf_0_clk/A (sky130_fd_sc_hd__clkbuf_16)
     8    0.113161    0.127354    0.234086    0.349335 ^ clkbuf_0_clk/X (sky130_fd_sc_hd__clkbuf_16)
                                                         clknet_0_clk (net)
                      0.127819    0.006139    0.355473 ^ clkbuf_3_2__f_clk/A (sky130_fd_sc_hd__clkbuf_16)
    10    0.035562    0.055795    0.167619    0.523093 ^ clkbuf_3_2__f_clk/X (sky130_fd_sc_hd__clkbuf_16)
                                                         clknet_3_2__leaf_clk (net)
                      0.056239    0.003241    0.526334 ^ _13675_/CLK (sky130_fd_sc_hd__dfrtp_1)
     1    0.004137    0.045481    0.365187    0.891521 v _13675_/Q (sky130_fd_sc_hd__dfrtp_1)
                                                         net210 (net)
                      0.045481    0.000159    0.891679 v output210/A (sky130_fd_sc_hd__buf_2)
     1    0.035345    0.092056    0.181889    1.073568 v output210/X (sky130_fd_sc_hd__buf_2)
                                                         y2[7] (net)
                      0.092073    0.001202    1.074770 v y2[7] (out)
                                              1.074770   data arrival time

                                 15.000000   15.000000   clock clk (rise edge)
                                  0.000000   15.000000   clock network delay (propagated)
                                 -0.250000   14.750000   clock uncertainty
                                  0.000000   14.750000   clock reconvergence pessimism
                                 -3.000000   11.750000   output external delay
                                             11.750000   data required time
---------------------------------------------------------------------------------------------
                                             11.750000   data required time
                                             -1.074770   data arrival time
---------------------------------------------------------------------------------------------
                                             10.675230   slack (MET)


Startpoint: _13668_ (rising edge-triggered flip-flop clocked by clk)
Endpoint: y2[0] (output port clocked by clk)
Path Group: clk
Path Type: max

Fanout         Cap        Slew       Delay        Time   Description
---------------------------------------------------------------------------------------------
                                  0.000000    0.000000   clock clk (rise edge)
                                  0.000000    0.000000   clock source latency
     1    0.034823    0.162195    0.115248    0.115248 ^ clk (in)
                                                         clk (net)
                      0.162620    0.000000    0.115248 ^ clkbuf_0_clk/A (sky130_fd_sc_hd__clkbuf_16)
     8    0.113161    0.127354    0.234086    0.349335 ^ clkbuf_0_clk/X (sky130_fd_sc_hd__clkbuf_16)
                                                         clknet_0_clk (net)
                      0.127832    0.006226    0.355561 ^ clkbuf_3_1__f_clk/A (sky130_fd_sc_hd__clkbuf_16)
     7    0.038592    0.058653    0.170198    0.525759 ^ clkbuf_3_1__f_clk/X (sky130_fd_sc_hd__clkbuf_16)
                                                         clknet_3_1__leaf_clk (net)
                      0.058778    0.002154    0.527913 ^ _13668_/CLK (sky130_fd_sc_hd__dfrtp_1)
     1    0.004134    0.045456    0.366116    0.894030 v _13668_/Q (sky130_fd_sc_hd__dfrtp_1)
                                                         net196 (net)
                      0.045456    0.000129    0.894159 v output196/A (sky130_fd_sc_hd__buf_2)
     1    0.033974    0.088977    0.179572    1.073731 v output196/X (sky130_fd_sc_hd__buf_2)
                                                         y2[0] (net)
                      0.088985    0.000871    1.074603 v y2[0] (out)
                                              1.074603   data arrival time

                                 15.000000   15.000000   clock clk (rise edge)
                                  0.000000   15.000000   clock network delay (propagated)
                                 -0.250000   14.750000   clock uncertainty
                                  0.000000   14.750000   clock reconvergence pessimism
                                 -3.000000   11.750000   output external delay
                                             11.750000   data required time
---------------------------------------------------------------------------------------------
                                             11.750000   data required time
                                             -1.074603   data arrival time
---------------------------------------------------------------------------------------------
                                             10.675398   slack (MET)


Startpoint: _13664_ (rising edge-triggered flip-flop clocked by clk)
Endpoint: y1[13] (output port clocked by clk)
Path Group: clk
Path Type: max

Fanout         Cap        Slew       Delay        Time   Description
---------------------------------------------------------------------------------------------
                                  0.000000    0.000000   clock clk (rise edge)
                                  0.000000    0.000000   clock source latency
     1    0.034823    0.162195    0.115248    0.115248 ^ clk (in)
                                                         clk (net)
                      0.162620    0.000000    0.115248 ^ clkbuf_0_clk/A (sky130_fd_sc_hd__clkbuf_16)
     8    0.113161    0.127354    0.234086    0.349335 ^ clkbuf_0_clk/X (sky130_fd_sc_hd__clkbuf_16)
                                                         clknet_0_clk (net)
                      0.127509    0.003601    0.352935 ^ clkbuf_3_5__f_clk/A (sky130_fd_sc_hd__clkbuf_16)
     9    0.047412    0.066663    0.176420    0.529356 ^ clkbuf_3_5__f_clk/X (sky130_fd_sc_hd__clkbuf_16)
                                                         clknet_3_5__leaf_clk (net)
                      0.066946    0.003029    0.532385 ^ _13664_/CLK (sky130_fd_sc_hd__dfrtp_1)
     1    0.002880    0.039581    0.361023    0.893407 v _13664_/Q (sky130_fd_sc_hd__dfrtp_1)
                                                         net183 (net)
                      0.039581    0.000095    0.893502 v output183/A (sky130_fd_sc_hd__buf_2)
     1    0.035475    0.092396    0.179560    1.073061 v output183/X (sky130_fd_sc_hd__buf_2)
                                                         y1[13] (net)
                      0.092414    0.001245    1.074307 v y1[13] (out)
                                              1.074307   data arrival time

                                 15.000000   15.000000   clock clk (rise edge)
                                  0.000000   15.000000   clock network delay (propagated)
                                 -0.250000   14.750000   clock uncertainty
                                  0.000000   14.750000   clock reconvergence pessimism
                                 -3.000000   11.750000   output external delay
                                             11.750000   data required time
---------------------------------------------------------------------------------------------
                                             11.750000   data required time
                                             -1.074307   data arrival time
---------------------------------------------------------------------------------------------
                                             10.675694   slack (MET)


Startpoint: _13695_ (rising edge-triggered flip-flop clocked by clk)
Endpoint: y3[10] (output port clocked by clk)
Path Group: clk
Path Type: max

Fanout         Cap        Slew       Delay        Time   Description
---------------------------------------------------------------------------------------------
                                  0.000000    0.000000   clock clk (rise edge)
                                  0.000000    0.000000   clock source latency
     1    0.034823    0.162195    0.115248    0.115248 ^ clk (in)
                                                         clk (net)
                      0.162620    0.000000    0.115248 ^ clkbuf_0_clk/A (sky130_fd_sc_hd__clkbuf_16)
     8    0.113161    0.127354    0.234086    0.349335 ^ clkbuf_0_clk/X (sky130_fd_sc_hd__clkbuf_16)
                                                         clknet_0_clk (net)
                      0.127832    0.006226    0.355561 ^ clkbuf_3_1__f_clk/A (sky130_fd_sc_hd__clkbuf_16)
     7    0.038592    0.058653    0.170198    0.525759 ^ clkbuf_3_1__f_clk/X (sky130_fd_sc_hd__clkbuf_16)
                                                         clknet_3_1__leaf_clk (net)
                      0.058833    0.002625    0.528384 ^ _13695_/CLK (sky130_fd_sc_hd__dfrtp_1)
     1    0.003869    0.044406    0.364711    0.893095 v _13695_/Q (sky130_fd_sc_hd__dfrtp_1)
                                                         net214 (net)
                      0.044406    0.000116    0.893211 v output214/A (sky130_fd_sc_hd__buf_2)
     1    0.034170    0.089432    0.179440    1.072652 v output214/X (sky130_fd_sc_hd__buf_2)
                                                         y3[10] (net)
                      0.089441    0.000933    1.073584 v y3[10] (out)
                                              1.073584   data arrival time

                                 15.000000   15.000000   clock clk (rise edge)
                                  0.000000   15.000000   clock network delay (propagated)
                                 -0.250000   14.750000   clock uncertainty
                                  0.000000   14.750000   clock reconvergence pessimism
                                 -3.000000   11.750000   output external delay
                                             11.750000   data required time
---------------------------------------------------------------------------------------------
                                             11.750000   data required time
                                             -1.073584   data arrival time
---------------------------------------------------------------------------------------------
                                             10.676416   slack (MET)


Startpoint: _13669_ (rising edge-triggered flip-flop clocked by clk)
Endpoint: y2[1] (output port clocked by clk)
Path Group: clk
Path Type: max

Fanout         Cap        Slew       Delay        Time   Description
---------------------------------------------------------------------------------------------
                                  0.000000    0.000000   clock clk (rise edge)
                                  0.000000    0.000000   clock source latency
     1    0.034823    0.162195    0.115248    0.115248 ^ clk (in)
                                                         clk (net)
                      0.162620    0.000000    0.115248 ^ clkbuf_0_clk/A (sky130_fd_sc_hd__clkbuf_16)
     8    0.113161    0.127354    0.234086    0.349335 ^ clkbuf_0_clk/X (sky130_fd_sc_hd__clkbuf_16)
                                                         clknet_0_clk (net)
                      0.127832    0.006226    0.355561 ^ clkbuf_3_1__f_clk/A (sky130_fd_sc_hd__clkbuf_16)
     7    0.038592    0.058653    0.170198    0.525759 ^ clkbuf_3_1__f_clk/X (sky130_fd_sc_hd__clkbuf_16)
                                                         clknet_3_1__leaf_clk (net)
                      0.058788    0.002245    0.528004 ^ _13669_/CLK (sky130_fd_sc_hd__dfrtp_1)
     1    0.003599    0.042946    0.363242    0.891247 v _13669_/Q (sky130_fd_sc_hd__dfrtp_1)
                                                         net204 (net)
                      0.042946    0.000102    0.891349 v output204/A (sky130_fd_sc_hd__buf_2)
     1    0.034264    0.089653    0.178970    1.070318 v output204/X (sky130_fd_sc_hd__buf_2)
                                                         y2[1] (net)
                      0.089664    0.000955    1.071273 v y2[1] (out)
                                              1.071273   data arrival time

                                 15.000000   15.000000   clock clk (rise edge)
                                  0.000000   15.000000   clock network delay (propagated)
                                 -0.250000   14.750000   clock uncertainty
                                  0.000000   14.750000   clock reconvergence pessimism
                                 -3.000000   11.750000   output external delay
                                             11.750000   data required time
---------------------------------------------------------------------------------------------
                                             11.750000   data required time
                                             -1.071273   data arrival time
---------------------------------------------------------------------------------------------
                                             10.678727   slack (MET)


Startpoint: _13645_ (rising edge-triggered flip-flop clocked by clk)
Endpoint: y0[11] (output port clocked by clk)
Path Group: clk
Path Type: max

Fanout         Cap        Slew       Delay        Time   Description
---------------------------------------------------------------------------------------------
                                  0.000000    0.000000   clock clk (rise edge)
                                  0.000000    0.000000   clock source latency
     1    0.034823    0.162195    0.115248    0.115248 ^ clk (in)
                                                         clk (net)
                      0.162620    0.000000    0.115248 ^ clkbuf_0_clk/A (sky130_fd_sc_hd__clkbuf_16)
     8    0.113161    0.127354    0.234086    0.349335 ^ clkbuf_0_clk/X (sky130_fd_sc_hd__clkbuf_16)
                                                         clknet_0_clk (net)
                      0.127540    0.003934    0.353268 ^ clkbuf_3_4__f_clk/A (sky130_fd_sc_hd__clkbuf_16)
     7    0.038185    0.058234    0.170129    0.523398 ^ clkbuf_3_4__f_clk/X (sky130_fd_sc_hd__clkbuf_16)
                                                         clknet_3_4__leaf_clk (net)
                      0.058310    0.001697    0.525095 ^ _13645_/CLK (sky130_fd_sc_hd__dfrtp_1)
     1    0.003797    0.044135    0.364127    0.889222 v _13645_/Q (sky130_fd_sc_hd__dfrtp_1)
                                                         net164 (net)
                      0.044135    0.000136    0.889358 v output164/A (sky130_fd_sc_hd__buf_2)
     1    0.034975    0.091177    0.180794    1.070152 v output164/X (sky130_fd_sc_hd__buf_2)
                                                         y0[11] (net)
                      0.091188    0.000972    1.071124 v y0[11] (out)
                                              1.071124   data arrival time

                                 15.000000   15.000000   clock clk (rise edge)
                                  0.000000   15.000000   clock network delay (propagated)
                                 -0.250000   14.750000   clock uncertainty
                                  0.000000   14.750000   clock reconvergence pessimism
                                 -3.000000   11.750000   output external delay
                                             11.750000   data required time
---------------------------------------------------------------------------------------------
                                             11.750000   data required time
                                             -1.071124   data arrival time
---------------------------------------------------------------------------------------------
                                             10.678876   slack (MET)


Startpoint: _13655_ (rising edge-triggered flip-flop clocked by clk)
Endpoint: y1[4] (output port clocked by clk)
Path Group: clk
Path Type: max

Fanout         Cap        Slew       Delay        Time   Description
---------------------------------------------------------------------------------------------
                                  0.000000    0.000000   clock clk (rise edge)
                                  0.000000    0.000000   clock source latency
     1    0.034823    0.162195    0.115248    0.115248 ^ clk (in)
                                                         clk (net)
                      0.162620    0.000000    0.115248 ^ clkbuf_0_clk/A (sky130_fd_sc_hd__clkbuf_16)
     8    0.113161    0.127354    0.234086    0.349335 ^ clkbuf_0_clk/X (sky130_fd_sc_hd__clkbuf_16)
                                                         clknet_0_clk (net)
                      0.127651    0.004934    0.354268 ^ clkbuf_3_7__f_clk/A (sky130_fd_sc_hd__clkbuf_16)
    10    0.037518    0.057691    0.169349    0.523617 ^ clkbuf_3_7__f_clk/X (sky130_fd_sc_hd__clkbuf_16)
                                                         clknet_3_7__leaf_clk (net)
                      0.057840    0.002294    0.525912 ^ _13655_/CLK (sky130_fd_sc_hd__dfrtp_1)
     1    0.003739    0.043913    0.363636    0.889547 v _13655_/Q (sky130_fd_sc_hd__dfrtp_1)
                                                         net190 (net)
                      0.043913    0.000137    0.889684 v output190/A (sky130_fd_sc_hd__buf_2)
     1    0.034835    0.090868    0.180460    1.070144 v output190/X (sky130_fd_sc_hd__buf_2)
                                                         y1[4] (net)
                      0.090877    0.000945    1.071089 v y1[4] (out)
                                              1.071089   data arrival time

                                 15.000000   15.000000   clock clk (rise edge)
                                  0.000000   15.000000   clock network delay (propagated)
                                 -0.250000   14.750000   clock uncertainty
                                  0.000000   14.750000   clock reconvergence pessimism
                                 -3.000000   11.750000   output external delay
                                             11.750000   data required time
---------------------------------------------------------------------------------------------
                                             11.750000   data required time
                                             -1.071089   data arrival time
---------------------------------------------------------------------------------------------
                                             10.678912   slack (MET)


Startpoint: _13643_ (rising edge-triggered flip-flop clocked by clk)
Endpoint: y0[9] (output port clocked by clk)
Path Group: clk
Path Type: max

Fanout         Cap        Slew       Delay        Time   Description
---------------------------------------------------------------------------------------------
                                  0.000000    0.000000   clock clk (rise edge)
                                  0.000000    0.000000   clock source latency
     1    0.034823    0.162195    0.115248    0.115248 ^ clk (in)
                                                         clk (net)
                      0.162620    0.000000    0.115248 ^ clkbuf_0_clk/A (sky130_fd_sc_hd__clkbuf_16)
     8    0.113161    0.127354    0.234086    0.349335 ^ clkbuf_0_clk/X (sky130_fd_sc_hd__clkbuf_16)
                                                         clknet_0_clk (net)
                      0.127540    0.003934    0.353268 ^ clkbuf_3_4__f_clk/A (sky130_fd_sc_hd__clkbuf_16)
     7    0.038185    0.058234    0.170129    0.523398 ^ clkbuf_3_4__f_clk/X (sky130_fd_sc_hd__clkbuf_16)
                                                         clknet_3_4__leaf_clk (net)
                      0.058311    0.001713    0.525111 ^ _13643_/CLK (sky130_fd_sc_hd__dfrtp_1)
     1    0.003766    0.044014    0.363958    0.889069 v _13643_/Q (sky130_fd_sc_hd__dfrtp_1)
                                                         net178 (net)
                      0.044014    0.000134    0.889203 v output178/A (sky130_fd_sc_hd__buf_2)
     1    0.034744    0.090646    0.180382    1.069585 v output178/X (sky130_fd_sc_hd__buf_2)
                                                         y0[9] (net)
                      0.090655    0.000882    1.070467 v y0[9] (out)
                                              1.070467   data arrival time

                                 15.000000   15.000000   clock clk (rise edge)
                                  0.000000   15.000000   clock network delay (propagated)
                                 -0.250000   14.750000   clock uncertainty
                                  0.000000   14.750000   clock reconvergence pessimism
                                 -3.000000   11.750000   output external delay
                                             11.750000   data required time
---------------------------------------------------------------------------------------------
                                             11.750000   data required time
                                             -1.070467   data arrival time
---------------------------------------------------------------------------------------------
                                             10.679534   slack (MET)


Startpoint: _13665_ (rising edge-triggered flip-flop clocked by clk)
Endpoint: y1[14] (output port clocked by clk)
Path Group: clk
Path Type: max

Fanout         Cap        Slew       Delay        Time   Description
---------------------------------------------------------------------------------------------
                                  0.000000    0.000000   clock clk (rise edge)
                                  0.000000    0.000000   clock source latency
     1    0.034823    0.162195    0.115248    0.115248 ^ clk (in)
                                                         clk (net)
                      0.162620    0.000000    0.115248 ^ clkbuf_0_clk/A (sky130_fd_sc_hd__clkbuf_16)
     8    0.113161    0.127354    0.234086    0.349335 ^ clkbuf_0_clk/X (sky130_fd_sc_hd__clkbuf_16)
                                                         clknet_0_clk (net)
                      0.127509    0.003601    0.352935 ^ clkbuf_3_5__f_clk/A (sky130_fd_sc_hd__clkbuf_16)
     9    0.047412    0.066663    0.176420    0.529356 ^ clkbuf_3_5__f_clk/X (sky130_fd_sc_hd__clkbuf_16)
                                                         clknet_3_5__leaf_clk (net)
                      0.066973    0.003219    0.532574 ^ _13665_/CLK (sky130_fd_sc_hd__dfrtp_1)
     1    0.002640    0.038359    0.359247    0.891822 v _13665_/Q (sky130_fd_sc_hd__dfrtp_1)
                                                         net184 (net)
                      0.038359    0.000083    0.891904 v output184/A (sky130_fd_sc_hd__buf_2)
     1    0.034517    0.090195    0.177526    1.069431 v output184/X (sky130_fd_sc_hd__buf_2)
                                                         y1[14] (net)
                      0.090203    0.000879    1.070310 v y1[14] (out)
                                              1.070310   data arrival time

                                 15.000000   15.000000   clock clk (rise edge)
                                  0.000000   15.000000   clock network delay (propagated)
                                 -0.250000   14.750000   clock uncertainty
                                  0.000000   14.750000   clock reconvergence pessimism
                                 -3.000000   11.750000   output external delay
                                             11.750000   data required time
---------------------------------------------------------------------------------------------
                                             11.750000   data required time
                                             -1.070310   data arrival time
---------------------------------------------------------------------------------------------
                                             10.679690   slack (MET)


Startpoint: _13698_ (rising edge-triggered flip-flop clocked by clk)
Endpoint: y3[13] (output port clocked by clk)
Path Group: clk
Path Type: max

Fanout         Cap        Slew       Delay        Time   Description
---------------------------------------------------------------------------------------------
                                  0.000000    0.000000   clock clk (rise edge)
                                  0.000000    0.000000   clock source latency
     1    0.034823    0.162195    0.115248    0.115248 ^ clk (in)
                                                         clk (net)
                      0.162620    0.000000    0.115248 ^ clkbuf_0_clk/A (sky130_fd_sc_hd__clkbuf_16)
     8    0.113161    0.127354    0.234086    0.349335 ^ clkbuf_0_clk/X (sky130_fd_sc_hd__clkbuf_16)
                                                         clknet_0_clk (net)
                      0.127714    0.005420    0.354755 ^ clkbuf_3_0__f_clk/A (sky130_fd_sc_hd__clkbuf_16)
     9    0.040939    0.060705    0.171680    0.526435 ^ clkbuf_3_0__f_clk/X (sky130_fd_sc_hd__clkbuf_16)
                                                         clknet_3_0__leaf_clk (net)
                      0.061052    0.003055    0.529490 ^ _13698_/CLK (sky130_fd_sc_hd__dfrtp_1)
     1    0.002859    0.039488    0.358700    0.888190 v _13698_/Q (sky130_fd_sc_hd__dfrtp_1)
                                                         net217 (net)
                      0.039488    0.000072    0.888261 v output217/A (sky130_fd_sc_hd__buf_2)
     1    0.035342    0.092093    0.179301    1.067562 v output217/X (sky130_fd_sc_hd__buf_2)
                                                         y3[13] (net)
                      0.092110    0.001202    1.068765 v y3[13] (out)
                                              1.068765   data arrival time

                                 15.000000   15.000000   clock clk (rise edge)
                                  0.000000   15.000000   clock network delay (propagated)
                                 -0.250000   14.750000   clock uncertainty
                                  0.000000   14.750000   clock reconvergence pessimism
                                 -3.000000   11.750000   output external delay
                                             11.750000   data required time
---------------------------------------------------------------------------------------------
                                             11.750000   data required time
                                             -1.068765   data arrival time
---------------------------------------------------------------------------------------------
                                             10.681235   slack (MET)


Startpoint: _13672_ (rising edge-triggered flip-flop clocked by clk)
Endpoint: y2[4] (output port clocked by clk)
Path Group: clk
Path Type: max

Fanout         Cap        Slew       Delay        Time   Description
---------------------------------------------------------------------------------------------
                                  0.000000    0.000000   clock clk (rise edge)
                                  0.000000    0.000000   clock source latency
     1    0.034823    0.162195    0.115248    0.115248 ^ clk (in)
                                                         clk (net)
                      0.162620    0.000000    0.115248 ^ clkbuf_0_clk/A (sky130_fd_sc_hd__clkbuf_16)
     8    0.113161    0.127354    0.234086    0.349335 ^ clkbuf_0_clk/X (sky130_fd_sc_hd__clkbuf_16)
                                                         clknet_0_clk (net)
                      0.127819    0.006139    0.355473 ^ clkbuf_3_2__f_clk/A (sky130_fd_sc_hd__clkbuf_16)
    10    0.035562    0.055795    0.167619    0.523093 ^ clkbuf_3_2__f_clk/X (sky130_fd_sc_hd__clkbuf_16)
                                                         clknet_3_2__leaf_clk (net)
                      0.056097    0.002257    0.525349 ^ _13672_/CLK (sky130_fd_sc_hd__dfrtp_1)
     1    0.003550    0.042797    0.361990    0.887340 v _13672_/Q (sky130_fd_sc_hd__dfrtp_1)
                                                         net207 (net)
                      0.042797    0.000100    0.887439 v output207/A (sky130_fd_sc_hd__buf_2)
     1    0.035032    0.091320    0.180307    1.067747 v output207/X (sky130_fd_sc_hd__buf_2)
                                                         y2[4] (net)
                      0.091331    0.000996    1.068743 v y2[4] (out)
                                              1.068743   data arrival time

                                 15.000000   15.000000   clock clk (rise edge)
                                  0.000000   15.000000   clock network delay (propagated)
                                 -0.250000   14.750000   clock uncertainty
                                  0.000000   14.750000   clock reconvergence pessimism
                                 -3.000000   11.750000   output external delay
                                             11.750000   data required time
---------------------------------------------------------------------------------------------
                                             11.750000   data required time
                                             -1.068743   data arrival time
---------------------------------------------------------------------------------------------
                                             10.681258   slack (MET)


Startpoint: _13677_ (rising edge-triggered flip-flop clocked by clk)
Endpoint: y2[9] (output port clocked by clk)
Path Group: clk
Path Type: max

Fanout         Cap        Slew       Delay        Time   Description
---------------------------------------------------------------------------------------------
                                  0.000000    0.000000   clock clk (rise edge)
                                  0.000000    0.000000   clock source latency
     1    0.034823    0.162195    0.115248    0.115248 ^ clk (in)
                                                         clk (net)
                      0.162620    0.000000    0.115248 ^ clkbuf_0_clk/A (sky130_fd_sc_hd__clkbuf_16)
     8    0.113161    0.127354    0.234086    0.349335 ^ clkbuf_0_clk/X (sky130_fd_sc_hd__clkbuf_16)
                                                         clknet_0_clk (net)
                      0.127819    0.006139    0.355473 ^ clkbuf_3_2__f_clk/A (sky130_fd_sc_hd__clkbuf_16)
    10    0.035562    0.055795    0.167619    0.523093 ^ clkbuf_3_2__f_clk/X (sky130_fd_sc_hd__clkbuf_16)
                                                         clknet_3_2__leaf_clk (net)
                      0.056301    0.003613    0.526706 ^ _13677_/CLK (sky130_fd_sc_hd__dfrtp_1)
     1    0.003436    0.042174    0.361250    0.887956 v _13677_/Q (sky130_fd_sc_hd__dfrtp_1)
                                                         net212 (net)
                      0.042174    0.000117    0.888073 v output212/A (sky130_fd_sc_hd__buf_2)
     1    0.034740    0.090688    0.179509    1.067582 v output212/X (sky130_fd_sc_hd__buf_2)
                                                         y2[9] (net)
                      0.090699    0.000976    1.068558 v y2[9] (out)
                                              1.068558   data arrival time

                                 15.000000   15.000000   clock clk (rise edge)
                                  0.000000   15.000000   clock network delay (propagated)
                                 -0.250000   14.750000   clock uncertainty
                                  0.000000   14.750000   clock reconvergence pessimism
                                 -3.000000   11.750000   output external delay
                                             11.750000   data required time
---------------------------------------------------------------------------------------------
                                             11.750000   data required time
                                             -1.068558   data arrival time
---------------------------------------------------------------------------------------------
                                             10.681442   slack (MET)


Startpoint: _13678_ (rising edge-triggered flip-flop clocked by clk)
Endpoint: y2[10] (output port clocked by clk)
Path Group: clk
Path Type: max

Fanout         Cap        Slew       Delay        Time   Description
---------------------------------------------------------------------------------------------
                                  0.000000    0.000000   clock clk (rise edge)
                                  0.000000    0.000000   clock source latency
     1    0.034823    0.162195    0.115248    0.115248 ^ clk (in)
                                                         clk (net)
                      0.162620    0.000000    0.115248 ^ clkbuf_0_clk/A (sky130_fd_sc_hd__clkbuf_16)
     8    0.113161    0.127354    0.234086    0.349335 ^ clkbuf_0_clk/X (sky130_fd_sc_hd__clkbuf_16)
                                                         clknet_0_clk (net)
                      0.127819    0.006139    0.355473 ^ clkbuf_3_2__f_clk/A (sky130_fd_sc_hd__clkbuf_16)
    10    0.035562    0.055795    0.167619    0.523093 ^ clkbuf_3_2__f_clk/X (sky130_fd_sc_hd__clkbuf_16)
                                                         clknet_3_2__leaf_clk (net)
                      0.056310    0.003667    0.526760 ^ _13678_/CLK (sky130_fd_sc_hd__dfrtp_1)
     1    0.003334    0.041581    0.360490    0.887250 v _13678_/Q (sky130_fd_sc_hd__dfrtp_1)
                                                         net197 (net)
                      0.042034    0.000109    0.887359 v output197/A (sky130_fd_sc_hd__buf_2)
     1    0.035105    0.091528    0.180029    1.067388 v output197/X (sky130_fd_sc_hd__buf_2)
                                                         y2[10] (net)
                      0.091542    0.001108    1.068496 v y2[10] (out)
                                              1.068496   data arrival time

                                 15.000000   15.000000   clock clk (rise edge)
                                  0.000000   15.000000   clock network delay (propagated)
                                 -0.250000   14.750000   clock uncertainty
                                  0.000000   14.750000   clock reconvergence pessimism
                                 -3.000000   11.750000   output external delay
                                             11.750000   data required time
---------------------------------------------------------------------------------------------
                                             11.750000   data required time
                                             -1.068496   data arrival time
---------------------------------------------------------------------------------------------
                                             10.681505   slack (MET)


Startpoint: _13676_ (rising edge-triggered flip-flop clocked by clk)
Endpoint: y2[8] (output port clocked by clk)
Path Group: clk
Path Type: max

Fanout         Cap        Slew       Delay        Time   Description
---------------------------------------------------------------------------------------------
                                  0.000000    0.000000   clock clk (rise edge)
                                  0.000000    0.000000   clock source latency
     1    0.034823    0.162195    0.115248    0.115248 ^ clk (in)
                                                         clk (net)
                      0.162620    0.000000    0.115248 ^ clkbuf_0_clk/A (sky130_fd_sc_hd__clkbuf_16)
     8    0.113161    0.127354    0.234086    0.349335 ^ clkbuf_0_clk/X (sky130_fd_sc_hd__clkbuf_16)
                                                         clknet_0_clk (net)
                      0.127819    0.006139    0.355473 ^ clkbuf_3_2__f_clk/A (sky130_fd_sc_hd__clkbuf_16)
    10    0.035562    0.055795    0.167619    0.523093 ^ clkbuf_3_2__f_clk/X (sky130_fd_sc_hd__clkbuf_16)
                                                         clknet_3_2__leaf_clk (net)
                      0.056292    0.003559    0.526651 ^ _13676_/CLK (sky130_fd_sc_hd__dfrtp_1)
     1    0.003268    0.041677    0.359992    0.886643 v _13676_/Q (sky130_fd_sc_hd__dfrtp_1)
                                                         net211 (net)
                      0.041677    0.000111    0.886754 v output211/A (sky130_fd_sc_hd__buf_2)
     1    0.035342    0.092077    0.180244    1.066999 v output211/X (sky130_fd_sc_hd__buf_2)
                                                         y2[8] (net)
                      0.092094    0.001202    1.068201 v y2[8] (out)
                                              1.068201   data arrival time

                                 15.000000   15.000000   clock clk (rise edge)
                                  0.000000   15.000000   clock network delay (propagated)
                                 -0.250000   14.750000   clock uncertainty
                                  0.000000   14.750000   clock reconvergence pessimism
                                 -3.000000   11.750000   output external delay
                                             11.750000   data required time
---------------------------------------------------------------------------------------------
                                             11.750000   data required time
                                             -1.068201   data arrival time
---------------------------------------------------------------------------------------------
                                             10.681800   slack (MET)


Startpoint: _13674_ (rising edge-triggered flip-flop clocked by clk)
Endpoint: y2[6] (output port clocked by clk)
Path Group: clk
Path Type: max

Fanout         Cap        Slew       Delay        Time   Description
---------------------------------------------------------------------------------------------
                                  0.000000    0.000000   clock clk (rise edge)
                                  0.000000    0.000000   clock source latency
     1    0.034823    0.162195    0.115248    0.115248 ^ clk (in)
                                                         clk (net)
                      0.162620    0.000000    0.115248 ^ clkbuf_0_clk/A (sky130_fd_sc_hd__clkbuf_16)
     8    0.113161    0.127354    0.234086    0.349335 ^ clkbuf_0_clk/X (sky130_fd_sc_hd__clkbuf_16)
                                                         clknet_0_clk (net)
                      0.127819    0.006139    0.355473 ^ clkbuf_3_2__f_clk/A (sky130_fd_sc_hd__clkbuf_16)
    10    0.035562    0.055795    0.167619    0.523093 ^ clkbuf_3_2__f_clk/X (sky130_fd_sc_hd__clkbuf_16)
                                                         clknet_3_2__leaf_clk (net)
                      0.056158    0.002705    0.525797 ^ _13674_/CLK (sky130_fd_sc_hd__dfrtp_1)
     1    0.003601    0.042971    0.362286    0.888083 v _13674_/Q (sky130_fd_sc_hd__dfrtp_1)
                                                         net209 (net)
                      0.042971    0.000102    0.888185 v output209/A (sky130_fd_sc_hd__buf_2)
     1    0.034016    0.089096    0.178559    1.066744 v output209/X (sky130_fd_sc_hd__buf_2)
                                                         y2[6] (net)
                      0.089105    0.000899    1.067643 v y2[6] (out)
                                              1.067643   data arrival time

                                 15.000000   15.000000   clock clk (rise edge)
                                  0.000000   15.000000   clock network delay (propagated)
                                 -0.250000   14.750000   clock uncertainty
                                  0.000000   14.750000   clock reconvergence pessimism
                                 -3.000000   11.750000   output external delay
                                             11.750000   data required time
---------------------------------------------------------------------------------------------
                                             11.750000   data required time
                                             -1.067643   data arrival time
---------------------------------------------------------------------------------------------
                                             10.682357   slack (MET)


Startpoint: _13662_ (rising edge-triggered flip-flop clocked by clk)
Endpoint: y1[11] (output port clocked by clk)
Path Group: clk
Path Type: max

Fanout         Cap        Slew       Delay        Time   Description
---------------------------------------------------------------------------------------------
                                  0.000000    0.000000   clock clk (rise edge)
                                  0.000000    0.000000   clock source latency
     1    0.034823    0.162195    0.115248    0.115248 ^ clk (in)
                                                         clk (net)
                      0.162620    0.000000    0.115248 ^ clkbuf_0_clk/A (sky130_fd_sc_hd__clkbuf_16)
     8    0.113161    0.127354    0.234086    0.349335 ^ clkbuf_0_clk/X (sky130_fd_sc_hd__clkbuf_16)
                                                         clknet_0_clk (net)
                      0.127540    0.003934    0.353268 ^ clkbuf_3_4__f_clk/A (sky130_fd_sc_hd__clkbuf_16)
     7    0.038185    0.058234    0.170129    0.523398 ^ clkbuf_3_4__f_clk/X (sky130_fd_sc_hd__clkbuf_16)
                                                         clknet_3_4__leaf_clk (net)
                      0.058289    0.001440    0.524838 ^ _13662_/CLK (sky130_fd_sc_hd__dfrtp_1)
     1    0.003507    0.042581    0.362508    0.887346 v _13662_/Q (sky130_fd_sc_hd__dfrtp_1)
                                                         net181 (net)
                      0.042581    0.000126    0.887471 v output181/A (sky130_fd_sc_hd__buf_2)
     1    0.034475    0.090067    0.179280    1.066751 v output181/X (sky130_fd_sc_hd__buf_2)
                                                         y1[11] (net)
                      0.090075    0.000863    1.067613 v y1[11] (out)
                                              1.067613   data arrival time

                                 15.000000   15.000000   clock clk (rise edge)
                                  0.000000   15.000000   clock network delay (propagated)
                                 -0.250000   14.750000   clock uncertainty
                                  0.000000   14.750000   clock reconvergence pessimism
                                 -3.000000   11.750000   output external delay
                                             11.750000   data required time
---------------------------------------------------------------------------------------------
                                             11.750000   data required time
                                             -1.067613   data arrival time
---------------------------------------------------------------------------------------------
                                             10.682386   slack (MET)


Startpoint: _13694_ (rising edge-triggered flip-flop clocked by clk)
Endpoint: y3[9] (output port clocked by clk)
Path Group: clk
Path Type: max

Fanout         Cap        Slew       Delay        Time   Description
---------------------------------------------------------------------------------------------
                                  0.000000    0.000000   clock clk (rise edge)
                                  0.000000    0.000000   clock source latency
     1    0.034823    0.162195    0.115248    0.115248 ^ clk (in)
                                                         clk (net)
                      0.162620    0.000000    0.115248 ^ clkbuf_0_clk/A (sky130_fd_sc_hd__clkbuf_16)
     8    0.113161    0.127354    0.234086    0.349335 ^ clkbuf_0_clk/X (sky130_fd_sc_hd__clkbuf_16)
                                                         clknet_0_clk (net)
                      0.127832    0.006226    0.355561 ^ clkbuf_3_1__f_clk/A (sky130_fd_sc_hd__clkbuf_16)
     7    0.038592    0.058653    0.170198    0.525759 ^ clkbuf_3_1__f_clk/X (sky130_fd_sc_hd__clkbuf_16)
                                                         clknet_3_1__leaf_clk (net)
                      0.058836    0.002643    0.528402 ^ _13694_/CLK (sky130_fd_sc_hd__dfrtp_1)
     1    0.003175    0.041156    0.360244    0.888646 v _13694_/Q (sky130_fd_sc_hd__dfrtp_1)
                                                         net229 (net)
                      0.041156    0.000082    0.888728 v output229/A (sky130_fd_sc_hd__buf_2)
     1    0.034076    0.089236    0.177893    1.066621 v output229/X (sky130_fd_sc_hd__buf_2)
                                                         y3[9] (net)
                      0.089245    0.000894    1.067515 v y3[9] (out)
                                              1.067515   data arrival time

                                 15.000000   15.000000   clock clk (rise edge)
                                  0.000000   15.000000   clock network delay (propagated)
                                 -0.250000   14.750000   clock uncertainty
                                  0.000000   14.750000   clock reconvergence pessimism
                                 -3.000000   11.750000   output external delay
                                             11.750000   data required time
---------------------------------------------------------------------------------------------
                                             11.750000   data required time
                                             -1.067515   data arrival time
---------------------------------------------------------------------------------------------
                                             10.682486   slack (MET)


Startpoint: _13663_ (rising edge-triggered flip-flop clocked by clk)
Endpoint: y1[12] (output port clocked by clk)
Path Group: clk
Path Type: max

Fanout         Cap        Slew       Delay        Time   Description
---------------------------------------------------------------------------------------------
                                  0.000000    0.000000   clock clk (rise edge)
                                  0.000000    0.000000   clock source latency
     1    0.034823    0.162195    0.115248    0.115248 ^ clk (in)
                                                         clk (net)
                      0.162620    0.000000    0.115248 ^ clkbuf_0_clk/A (sky130_fd_sc_hd__clkbuf_16)
     8    0.113161    0.127354    0.234086    0.349335 ^ clkbuf_0_clk/X (sky130_fd_sc_hd__clkbuf_16)
                                                         clknet_0_clk (net)
                      0.127540    0.003934    0.353268 ^ clkbuf_3_4__f_clk/A (sky130_fd_sc_hd__clkbuf_16)
     7    0.038185    0.058234    0.170129    0.523398 ^ clkbuf_3_4__f_clk/X (sky130_fd_sc_hd__clkbuf_16)
                                                         clknet_3_4__leaf_clk (net)
                      0.058291    0.001454    0.524852 ^ _13663_/CLK (sky130_fd_sc_hd__dfrtp_1)
     1    0.003374    0.041802    0.361519    0.886371 v _13663_/Q (sky130_fd_sc_hd__dfrtp_1)
                                                         net182 (net)
                      0.042246    0.000114    0.886485 v output182/A (sky130_fd_sc_hd__buf_2)
     1    0.034648    0.090468    0.179408    1.065892 v output182/X (sky130_fd_sc_hd__buf_2)
                                                         y1[12] (net)
                      0.090478    0.000928    1.066821 v y1[12] (out)
                                              1.066821   data arrival time

                                 15.000000   15.000000   clock clk (rise edge)
                                  0.000000   15.000000   clock network delay (propagated)
                                 -0.250000   14.750000   clock uncertainty
                                  0.000000   14.750000   clock reconvergence pessimism
                                 -3.000000   11.750000   output external delay
                                             11.750000   data required time
---------------------------------------------------------------------------------------------
                                             11.750000   data required time
                                             -1.066821   data arrival time
---------------------------------------------------------------------------------------------
                                             10.683180   slack (MET)


Startpoint: _13683_ (rising edge-triggered flip-flop clocked by clk)
Endpoint: y2[15] (output port clocked by clk)
Path Group: clk
Path Type: max

Fanout         Cap        Slew       Delay        Time   Description
---------------------------------------------------------------------------------------------
                                  0.000000    0.000000   clock clk (rise edge)
                                  0.000000    0.000000   clock source latency
     1    0.034823    0.162195    0.115248    0.115248 ^ clk (in)
                                                         clk (net)
                      0.162620    0.000000    0.115248 ^ clkbuf_0_clk/A (sky130_fd_sc_hd__clkbuf_16)
     8    0.113161    0.127354    0.234086    0.349335 ^ clkbuf_0_clk/X (sky130_fd_sc_hd__clkbuf_16)
                                                         clknet_0_clk (net)
                      0.127714    0.005420    0.354755 ^ clkbuf_3_0__f_clk/A (sky130_fd_sc_hd__clkbuf_16)
     9    0.040939    0.060705    0.171680    0.526435 ^ clkbuf_3_0__f_clk/X (sky130_fd_sc_hd__clkbuf_16)
                                                         clknet_3_0__leaf_clk (net)
                      0.061100    0.003359    0.529794 ^ _13683_/CLK (sky130_fd_sc_hd__dfrtp_1)
     1    0.002620    0.038267    0.356925    0.886719 v _13683_/Q (sky130_fd_sc_hd__dfrtp_1)
                                                         net202 (net)
                      0.038267    0.000084    0.886803 v output202/A (sky130_fd_sc_hd__buf_2)
     1    0.035348    0.092115    0.178788    1.065591 v output202/X (sky130_fd_sc_hd__buf_2)
                                                         y2[15] (net)
                      0.092132    0.001202    1.066793 v y2[15] (out)
                                              1.066793   data arrival time

                                 15.000000   15.000000   clock clk (rise edge)
                                  0.000000   15.000000   clock network delay (propagated)
                                 -0.250000   14.750000   clock uncertainty
                                  0.000000   14.750000   clock reconvergence pessimism
                                 -3.000000   11.750000   output external delay
                                             11.750000   data required time
---------------------------------------------------------------------------------------------
                                             11.750000   data required time
                                             -1.066793   data arrival time
---------------------------------------------------------------------------------------------
                                             10.683208   slack (MET)


Startpoint: _13657_ (rising edge-triggered flip-flop clocked by clk)
Endpoint: y1[6] (output port clocked by clk)
Path Group: clk
Path Type: max

Fanout         Cap        Slew       Delay        Time   Description
---------------------------------------------------------------------------------------------
                                  0.000000    0.000000   clock clk (rise edge)
                                  0.000000    0.000000   clock source latency
     1    0.034823    0.162195    0.115248    0.115248 ^ clk (in)
                                                         clk (net)
                      0.162620    0.000000    0.115248 ^ clkbuf_0_clk/A (sky130_fd_sc_hd__clkbuf_16)
     8    0.113161    0.127354    0.234086    0.349335 ^ clkbuf_0_clk/X (sky130_fd_sc_hd__clkbuf_16)
                                                         clknet_0_clk (net)
                      0.127651    0.004934    0.354268 ^ clkbuf_3_7__f_clk/A (sky130_fd_sc_hd__clkbuf_16)
    10    0.037518    0.057691    0.169349    0.523617 ^ clkbuf_3_7__f_clk/X (sky130_fd_sc_hd__clkbuf_16)
                                                         clknet_3_7__leaf_clk (net)
                      0.057807    0.001990    0.525607 ^ _13657_/CLK (sky130_fd_sc_hd__dfrtp_1)
     1    0.003051    0.040503    0.358931    0.884539 v _13657_/Q (sky130_fd_sc_hd__dfrtp_1)
                                                         net192 (net)
                      0.040503    0.000102    0.884640 v output192/A (sky130_fd_sc_hd__buf_2)
     1    0.035430    0.092285    0.179885    1.064525 v output192/X (sky130_fd_sc_hd__buf_2)
                                                         y1[6] (net)
                      0.092302    0.001228    1.065753 v y1[6] (out)
                                              1.065753   data arrival time

                                 15.000000   15.000000   clock clk (rise edge)
                                  0.000000   15.000000   clock network delay (propagated)
                                 -0.250000   14.750000   clock uncertainty
                                  0.000000   14.750000   clock reconvergence pessimism
                                 -3.000000   11.750000   output external delay
                                             11.750000   data required time
---------------------------------------------------------------------------------------------
                                             11.750000   data required time
                                             -1.065753   data arrival time
---------------------------------------------------------------------------------------------
                                             10.684247   slack (MET)


Startpoint: _13684_ (rising edge-triggered flip-flop clocked by clk)
Endpoint: y2[16] (output port clocked by clk)
Path Group: clk
Path Type: max

Fanout         Cap        Slew       Delay        Time   Description
---------------------------------------------------------------------------------------------
                                  0.000000    0.000000   clock clk (rise edge)
                                  0.000000    0.000000   clock source latency
     1    0.034823    0.162195    0.115248    0.115248 ^ clk (in)
                                                         clk (net)
                      0.162620    0.000000    0.115248 ^ clkbuf_0_clk/A (sky130_fd_sc_hd__clkbuf_16)
     8    0.113161    0.127354    0.234086    0.349335 ^ clkbuf_0_clk/X (sky130_fd_sc_hd__clkbuf_16)
                                                         clknet_0_clk (net)
                      0.127714    0.005420    0.354755 ^ clkbuf_3_0__f_clk/A (sky130_fd_sc_hd__clkbuf_16)
     9    0.040939    0.060705    0.171680    0.526435 ^ clkbuf_3_0__f_clk/X (sky130_fd_sc_hd__clkbuf_16)
                                                         clknet_3_0__leaf_clk (net)
                      0.061115    0.003451    0.529886 ^ _13684_/CLK (sky130_fd_sc_hd__dfrtp_1)
     1    0.002612    0.038227    0.356875    0.886761 v _13684_/Q (sky130_fd_sc_hd__dfrtp_1)
                                                         net203 (net)
                      0.038227    0.000082    0.886843 v output203/A (sky130_fd_sc_hd__buf_2)
     1    0.034563    0.090305    0.177536    1.064379 v output203/X (sky130_fd_sc_hd__buf_2)
                                                         y2[16] (net)
                      0.090314    0.000902    1.065282 v y2[16] (out)
                                              1.065282   data arrival time

                                 15.000000   15.000000   clock clk (rise edge)
                                  0.000000   15.000000   clock network delay (propagated)
                                 -0.250000   14.750000   clock uncertainty
                                  0.000000   14.750000   clock reconvergence pessimism
                                 -3.000000   11.750000   output external delay
                                             11.750000   data required time
---------------------------------------------------------------------------------------------
                                             11.750000   data required time
                                             -1.065282   data arrival time
---------------------------------------------------------------------------------------------
                                             10.684719   slack (MET)


Startpoint: _13681_ (rising edge-triggered flip-flop clocked by clk)
Endpoint: y2[13] (output port clocked by clk)
Path Group: clk
Path Type: max

Fanout         Cap        Slew       Delay        Time   Description
---------------------------------------------------------------------------------------------
                                  0.000000    0.000000   clock clk (rise edge)
                                  0.000000    0.000000   clock source latency
     1    0.034823    0.162195    0.115248    0.115248 ^ clk (in)
                                                         clk (net)
                      0.162620    0.000000    0.115248 ^ clkbuf_0_clk/A (sky130_fd_sc_hd__clkbuf_16)
     8    0.113161    0.127354    0.234086    0.349335 ^ clkbuf_0_clk/X (sky130_fd_sc_hd__clkbuf_16)
                                                         clknet_0_clk (net)
                      0.127714    0.005420    0.354755 ^ clkbuf_3_0__f_clk/A (sky130_fd_sc_hd__clkbuf_16)
     9    0.040939    0.060705    0.171680    0.526435 ^ clkbuf_3_0__f_clk/X (sky130_fd_sc_hd__clkbuf_16)
                                                         clknet_3_0__leaf_clk (net)
                      0.061052    0.003052    0.529487 ^ _13681_/CLK (sky130_fd_sc_hd__dfrtp_1)
     1    0.002637    0.038352    0.357037    0.886524 v _13681_/Q (sky130_fd_sc_hd__dfrtp_1)
                                                         net200 (net)
                      0.038352    0.000081    0.886604 v output200/A (sky130_fd_sc_hd__buf_2)
     1    0.034432    0.090002    0.177383    1.063987 v output200/X (sky130_fd_sc_hd__buf_2)
                                                         y2[13] (net)
                      0.090010    0.000854    1.064841 v y2[13] (out)
                                              1.064841   data arrival time

                                 15.000000   15.000000   clock clk (rise edge)
                                  0.000000   15.000000   clock network delay (propagated)
                                 -0.250000   14.750000   clock uncertainty
                                  0.000000   14.750000   clock reconvergence pessimism
                                 -3.000000   11.750000   output external delay
                                             11.750000   data required time
---------------------------------------------------------------------------------------------
                                             11.750000   data required time
                                             -1.064841   data arrival time
---------------------------------------------------------------------------------------------
                                             10.685160   slack (MET)


Startpoint: _13659_ (rising edge-triggered flip-flop clocked by clk)
Endpoint: y1[8] (output port clocked by clk)
Path Group: clk
Path Type: max

Fanout         Cap        Slew       Delay        Time   Description
---------------------------------------------------------------------------------------------
                                  0.000000    0.000000   clock clk (rise edge)
                                  0.000000    0.000000   clock source latency
     1    0.034823    0.162195    0.115248    0.115248 ^ clk (in)
                                                         clk (net)
                      0.162620    0.000000    0.115248 ^ clkbuf_0_clk/A (sky130_fd_sc_hd__clkbuf_16)
     8    0.113161    0.127354    0.234086    0.349335 ^ clkbuf_0_clk/X (sky130_fd_sc_hd__clkbuf_16)
                                                         clknet_0_clk (net)
                      0.127651    0.004934    0.354268 ^ clkbuf_3_7__f_clk/A (sky130_fd_sc_hd__clkbuf_16)
    10    0.037518    0.057691    0.169349    0.523617 ^ clkbuf_3_7__f_clk/X (sky130_fd_sc_hd__clkbuf_16)
                                                         clknet_3_7__leaf_clk (net)
                      0.057817    0.002083    0.525701 ^ _13659_/CLK (sky130_fd_sc_hd__dfrtp_1)
     1    0.003059    0.040541    0.358990    0.884691 v _13659_/Q (sky130_fd_sc_hd__dfrtp_1)
                                                         net194 (net)
                      0.040541    0.000100    0.884791 v output194/A (sky130_fd_sc_hd__buf_2)
     1    0.034657    0.090504    0.178684    1.063475 v output194/X (sky130_fd_sc_hd__buf_2)
                                                         y1[8] (net)
                      0.090513    0.000935    1.064410 v y1[8] (out)
                                              1.064410   data arrival time

                                 15.000000   15.000000   clock clk (rise edge)
                                  0.000000   15.000000   clock network delay (propagated)
                                 -0.250000   14.750000   clock uncertainty
                                  0.000000   14.750000   clock reconvergence pessimism
                                 -3.000000   11.750000   output external delay
                                             11.750000   data required time
---------------------------------------------------------------------------------------------
                                             11.750000   data required time
                                             -1.064410   data arrival time
---------------------------------------------------------------------------------------------
                                             10.685591   slack (MET)


Startpoint: _13660_ (rising edge-triggered flip-flop clocked by clk)
Endpoint: y1[9] (output port clocked by clk)
Path Group: clk
Path Type: max

Fanout         Cap        Slew       Delay        Time   Description
---------------------------------------------------------------------------------------------
                                  0.000000    0.000000   clock clk (rise edge)
                                  0.000000    0.000000   clock source latency
     1    0.034823    0.162195    0.115248    0.115248 ^ clk (in)
                                                         clk (net)
                      0.162620    0.000000    0.115248 ^ clkbuf_0_clk/A (sky130_fd_sc_hd__clkbuf_16)
     8    0.113161    0.127354    0.234086    0.349335 ^ clkbuf_0_clk/X (sky130_fd_sc_hd__clkbuf_16)
                                                         clknet_0_clk (net)
                      0.127651    0.004934    0.354268 ^ clkbuf_3_7__f_clk/A (sky130_fd_sc_hd__clkbuf_16)
    10    0.037518    0.057691    0.169349    0.523617 ^ clkbuf_3_7__f_clk/X (sky130_fd_sc_hd__clkbuf_16)
                                                         clknet_3_7__leaf_clk (net)
                      0.057818    0.002099    0.525717 ^ _13660_/CLK (sky130_fd_sc_hd__dfrtp_1)
     1    0.002901    0.039714    0.357811    0.883527 v _13660_/Q (sky130_fd_sc_hd__dfrtp_1)
                                                         net195 (net)
                      0.039714    0.000093    0.883620 v output195/A (sky130_fd_sc_hd__buf_2)
     1    0.035124    0.091587    0.179064    1.062685 v output195/X (sky130_fd_sc_hd__buf_2)
                                                         y1[9] (net)
                      0.091601    0.001111    1.063796 v y1[9] (out)
                                              1.063796   data arrival time

                                 15.000000   15.000000   clock clk (rise edge)
                                  0.000000   15.000000   clock network delay (propagated)
                                 -0.250000   14.750000   clock uncertainty
                                  0.000000   14.750000   clock reconvergence pessimism
                                 -3.000000   11.750000   output external delay
                                             11.750000   data required time
---------------------------------------------------------------------------------------------
                                             11.750000   data required time
                                             -1.063796   data arrival time
---------------------------------------------------------------------------------------------
                                             10.686205   slack (MET)


Startpoint: _13673_ (rising edge-triggered flip-flop clocked by clk)
Endpoint: y2[5] (output port clocked by clk)
Path Group: clk
Path Type: max

Fanout         Cap        Slew       Delay        Time   Description
---------------------------------------------------------------------------------------------
                                  0.000000    0.000000   clock clk (rise edge)
                                  0.000000    0.000000   clock source latency
     1    0.034823    0.162195    0.115248    0.115248 ^ clk (in)
                                                         clk (net)
                      0.162620    0.000000    0.115248 ^ clkbuf_0_clk/A (sky130_fd_sc_hd__clkbuf_16)
     8    0.113161    0.127354    0.234086    0.349335 ^ clkbuf_0_clk/X (sky130_fd_sc_hd__clkbuf_16)
                                                         clknet_0_clk (net)
                      0.127819    0.006139    0.355473 ^ clkbuf_3_2__f_clk/A (sky130_fd_sc_hd__clkbuf_16)
    10    0.035562    0.055795    0.167619    0.523093 ^ clkbuf_3_2__f_clk/X (sky130_fd_sc_hd__clkbuf_16)
                                                         clknet_3_2__leaf_clk (net)
                      0.056115    0.002394    0.525487 ^ _13673_/CLK (sky130_fd_sc_hd__dfrtp_1)
     1    0.003162    0.041098    0.359144    0.884631 v _13673_/Q (sky130_fd_sc_hd__dfrtp_1)
                                                         net208 (net)
                      0.041098    0.000083    0.884714 v output208/A (sky130_fd_sc_hd__buf_2)
     1    0.034087    0.089271    0.177867    1.062580 v output208/X (sky130_fd_sc_hd__buf_2)
                                                         y2[5] (net)
                      0.089280    0.000922    1.063503 v y2[5] (out)
                                              1.063503   data arrival time

                                 15.000000   15.000000   clock clk (rise edge)
                                  0.000000   15.000000   clock network delay (propagated)
                                 -0.250000   14.750000   clock uncertainty
                                  0.000000   14.750000   clock reconvergence pessimism
                                 -3.000000   11.750000   output external delay
                                             11.750000   data required time
---------------------------------------------------------------------------------------------
                                             11.750000   data required time
                                             -1.063503   data arrival time
---------------------------------------------------------------------------------------------
                                             10.686498   slack (MET)


Startpoint: _13685_ (rising edge-triggered flip-flop clocked by clk)
Endpoint: y3[0] (output port clocked by clk)
Path Group: clk
Path Type: max

Fanout         Cap        Slew       Delay        Time   Description
---------------------------------------------------------------------------------------------
                                  0.000000    0.000000   clock clk (rise edge)
                                  0.000000    0.000000   clock source latency
     1    0.034823    0.162195    0.115248    0.115248 ^ clk (in)
                                                         clk (net)
                      0.162620    0.000000    0.115248 ^ clkbuf_0_clk/A (sky130_fd_sc_hd__clkbuf_16)
     8    0.113161    0.127354    0.234086    0.349335 ^ clkbuf_0_clk/X (sky130_fd_sc_hd__clkbuf_16)
                                                         clknet_0_clk (net)
                      0.127686    0.005209    0.354544 ^ clkbuf_3_3__f_clk/A (sky130_fd_sc_hd__clkbuf_16)
    10    0.031963    0.052824    0.165569    0.520113 ^ clkbuf_3_3__f_clk/X (sky130_fd_sc_hd__clkbuf_16)
                                                         clknet_3_3__leaf_clk (net)
                      0.052843    0.001495    0.521607 ^ _13685_/CLK (sky130_fd_sc_hd__dfrtp_1)
     1    0.003676    0.043698    0.361455    0.883063 v _13685_/Q (sky130_fd_sc_hd__dfrtp_1)
                                                         net213 (net)
                      0.043698    0.000132    0.883195 v output213/A (sky130_fd_sc_hd__buf_2)
     1    0.034231    0.089566    0.179248    1.062442 v output213/X (sky130_fd_sc_hd__buf_2)
                                                         y3[0] (net)
                      0.089576    0.000932    1.063374 v y3[0] (out)
                                              1.063374   data arrival time

                                 15.000000   15.000000   clock clk (rise edge)
                                  0.000000   15.000000   clock network delay (propagated)
                                 -0.250000   14.750000   clock uncertainty
                                  0.000000   14.750000   clock reconvergence pessimism
                                 -3.000000   11.750000   output external delay
                                             11.750000   data required time
---------------------------------------------------------------------------------------------
                                             11.750000   data required time
                                             -1.063374   data arrival time
---------------------------------------------------------------------------------------------
                                             10.686626   slack (MET)


Startpoint: _13661_ (rising edge-triggered flip-flop clocked by clk)
Endpoint: y1[10] (output port clocked by clk)
Path Group: clk
Path Type: max

Fanout         Cap        Slew       Delay        Time   Description
---------------------------------------------------------------------------------------------
                                  0.000000    0.000000   clock clk (rise edge)
                                  0.000000    0.000000   clock source latency
     1    0.034823    0.162195    0.115248    0.115248 ^ clk (in)
                                                         clk (net)
                      0.162620    0.000000    0.115248 ^ clkbuf_0_clk/A (sky130_fd_sc_hd__clkbuf_16)
     8    0.113161    0.127354    0.234086    0.349335 ^ clkbuf_0_clk/X (sky130_fd_sc_hd__clkbuf_16)
                                                         clknet_0_clk (net)
                      0.127540    0.003934    0.353268 ^ clkbuf_3_4__f_clk/A (sky130_fd_sc_hd__clkbuf_16)
     7    0.038185    0.058234    0.170129    0.523398 ^ clkbuf_3_4__f_clk/X (sky130_fd_sc_hd__clkbuf_16)
                                                         clknet_3_4__leaf_clk (net)
                      0.058284    0.001372    0.524770 ^ _13661_/CLK (sky130_fd_sc_hd__dfrtp_1)
     1    0.002869    0.039551    0.357746    0.882517 v _13661_/Q (sky130_fd_sc_hd__dfrtp_1)
                                                         net180 (net)
                      0.039551    0.000094    0.882611 v output180/A (sky130_fd_sc_hd__buf_2)
     1    0.035433    0.092298    0.179481    1.062092 v output180/X (sky130_fd_sc_hd__buf_2)
                                                         y1[10] (net)
                      0.092316    0.001228    1.063320 v y1[10] (out)
                                              1.063320   data arrival time

                                 15.000000   15.000000   clock clk (rise edge)
                                  0.000000   15.000000   clock network delay (propagated)
                                 -0.250000   14.750000   clock uncertainty
                                  0.000000   14.750000   clock reconvergence pessimism
                                 -3.000000   11.750000   output external delay
                                             11.750000   data required time
---------------------------------------------------------------------------------------------
                                             11.750000   data required time
                                             -1.063320   data arrival time
---------------------------------------------------------------------------------------------
                                             10.686680   slack (MET)


Startpoint: _13682_ (rising edge-triggered flip-flop clocked by clk)
Endpoint: y2[14] (output port clocked by clk)
Path Group: clk
Path Type: max

Fanout         Cap        Slew       Delay        Time   Description
---------------------------------------------------------------------------------------------
                                  0.000000    0.000000   clock clk (rise edge)
                                  0.000000    0.000000   clock source latency
     1    0.034823    0.162195    0.115248    0.115248 ^ clk (in)
                                                         clk (net)
                      0.162620    0.000000    0.115248 ^ clkbuf_0_clk/A (sky130_fd_sc_hd__clkbuf_16)
     8    0.113161    0.127354    0.234086    0.349335 ^ clkbuf_0_clk/X (sky130_fd_sc_hd__clkbuf_16)
                                                         clknet_0_clk (net)
                      0.127714    0.005420    0.354755 ^ clkbuf_3_0__f_clk/A (sky130_fd_sc_hd__clkbuf_16)
     9    0.040939    0.060705    0.171680    0.526435 ^ clkbuf_3_0__f_clk/X (sky130_fd_sc_hd__clkbuf_16)
                                                         clknet_3_0__leaf_clk (net)
                      0.061069    0.003166    0.529601 ^ _13682_/CLK (sky130_fd_sc_hd__dfrtp_1)
     1    0.002109    0.035566    0.353105    0.882706 v _13682_/Q (sky130_fd_sc_hd__dfrtp_1)
                                                         net201 (net)
                      0.035566    0.000045    0.882750 v output201/A (sky130_fd_sc_hd__buf_2)
     1    0.035968    0.093078    0.178592    1.061343 v output201/X (sky130_fd_sc_hd__buf_2)
                                                         y2[14] (net)
                      0.093104    0.001463    1.062805 v y2[14] (out)
                                              1.062805   data arrival time

                                 15.000000   15.000000   clock clk (rise edge)
                                  0.000000   15.000000   clock network delay (propagated)
                                 -0.250000   14.750000   clock uncertainty
                                  0.000000   14.750000   clock reconvergence pessimism
                                 -3.000000   11.750000   output external delay
                                             11.750000   data required time
---------------------------------------------------------------------------------------------
                                             11.750000   data required time
                                             -1.062805   data arrival time
---------------------------------------------------------------------------------------------
                                             10.687196   slack (MET)


Startpoint: _13696_ (rising edge-triggered flip-flop clocked by clk)
Endpoint: y3[11] (output port clocked by clk)
Path Group: clk
Path Type: max

Fanout         Cap        Slew       Delay        Time   Description
---------------------------------------------------------------------------------------------
                                  0.000000    0.000000   clock clk (rise edge)
                                  0.000000    0.000000   clock source latency
     1    0.034823    0.162195    0.115248    0.115248 ^ clk (in)
                                                         clk (net)
                      0.162620    0.000000    0.115248 ^ clkbuf_0_clk/A (sky130_fd_sc_hd__clkbuf_16)
     8    0.113161    0.127354    0.234086    0.349335 ^ clkbuf_0_clk/X (sky130_fd_sc_hd__clkbuf_16)
                                                         clknet_0_clk (net)
                      0.127832    0.006226    0.355561 ^ clkbuf_3_1__f_clk/A (sky130_fd_sc_hd__clkbuf_16)
     7    0.038592    0.058653    0.170198    0.525759 ^ clkbuf_3_1__f_clk/X (sky130_fd_sc_hd__clkbuf_16)
                                                         clknet_3_1__leaf_clk (net)
                      0.058841    0.002687    0.528446 ^ _13696_/CLK (sky130_fd_sc_hd__dfrtp_1)
     1    0.002665    0.038501    0.356432    0.884878 v _13696_/Q (sky130_fd_sc_hd__dfrtp_1)
                                                         net215 (net)
                      0.038501    0.000083    0.884961 v output215/A (sky130_fd_sc_hd__buf_2)
     1    0.034024    0.089136    0.176664    1.061625 v output215/X (sky130_fd_sc_hd__buf_2)
                                                         y3[11] (net)
                      0.089145    0.000878    1.062503 v y3[11] (out)
                                              1.062503   data arrival time

                                 15.000000   15.000000   clock clk (rise edge)
                                  0.000000   15.000000   clock network delay (propagated)
                                 -0.250000   14.750000   clock uncertainty
                                  0.000000   14.750000   clock reconvergence pessimism
                                 -3.000000   11.750000   output external delay
                                             11.750000   data required time
---------------------------------------------------------------------------------------------
                                             11.750000   data required time
                                             -1.062503   data arrival time
---------------------------------------------------------------------------------------------
                                             10.687497   slack (MET)


Startpoint: _13651_ (rising edge-triggered flip-flop clocked by clk)
Endpoint: y1[0] (output port clocked by clk)
Path Group: clk
Path Type: max

Fanout         Cap        Slew       Delay        Time   Description
---------------------------------------------------------------------------------------------
                                  0.000000    0.000000   clock clk (rise edge)
                                  0.000000    0.000000   clock source latency
     1    0.034823    0.162195    0.115248    0.115248 ^ clk (in)
                                                         clk (net)
                      0.162620    0.000000    0.115248 ^ clkbuf_0_clk/A (sky130_fd_sc_hd__clkbuf_16)
     8    0.113161    0.127354    0.234086    0.349335 ^ clkbuf_0_clk/X (sky130_fd_sc_hd__clkbuf_16)
                                                         clknet_0_clk (net)
                      0.127651    0.004934    0.354268 ^ clkbuf_3_7__f_clk/A (sky130_fd_sc_hd__clkbuf_16)
    10    0.037518    0.057691    0.169349    0.523617 ^ clkbuf_3_7__f_clk/X (sky130_fd_sc_hd__clkbuf_16)
                                                         clknet_3_7__leaf_clk (net)
                      0.057777    0.001696    0.525313 ^ _13651_/CLK (sky130_fd_sc_hd__dfrtp_1)
     1    0.003022    0.040345    0.358707    0.884020 v _13651_/Q (sky130_fd_sc_hd__dfrtp_1)
                                                         net179 (net)
                      0.040345    0.000077    0.884097 v output179/A (sky130_fd_sc_hd__buf_2)
     1    0.034001    0.089076    0.177414    1.061511 v output179/X (sky130_fd_sc_hd__buf_2)
                                                         y1[0] (net)
                      0.089085    0.000881    1.062392 v y1[0] (out)
                                              1.062392   data arrival time

                                 15.000000   15.000000   clock clk (rise edge)
                                  0.000000   15.000000   clock network delay (propagated)
                                 -0.250000   14.750000   clock uncertainty
                                  0.000000   14.750000   clock reconvergence pessimism
                                 -3.000000   11.750000   output external delay
                                             11.750000   data required time
---------------------------------------------------------------------------------------------
                                             11.750000   data required time
                                             -1.062392   data arrival time
---------------------------------------------------------------------------------------------
                                             10.687608   slack (MET)


Startpoint: _13642_ (rising edge-triggered flip-flop clocked by clk)
Endpoint: y0[8] (output port clocked by clk)
Path Group: clk
Path Type: max

Fanout         Cap        Slew       Delay        Time   Description
---------------------------------------------------------------------------------------------
                                  0.000000    0.000000   clock clk (rise edge)
                                  0.000000    0.000000   clock source latency
     1    0.034823    0.162195    0.115248    0.115248 ^ clk (in)
                                                         clk (net)
                      0.162620    0.000000    0.115248 ^ clkbuf_0_clk/A (sky130_fd_sc_hd__clkbuf_16)
     8    0.113161    0.127354    0.234086    0.349335 ^ clkbuf_0_clk/X (sky130_fd_sc_hd__clkbuf_16)
                                                         clknet_0_clk (net)
                      0.127740    0.005605    0.354940 ^ clkbuf_3_6__f_clk/A (sky130_fd_sc_hd__clkbuf_16)
    10    0.030191    0.051358    0.164231    0.519171 ^ clkbuf_3_6__f_clk/X (sky130_fd_sc_hd__clkbuf_16)
                                                         clknet_3_6__leaf_clk (net)
                      0.051376    0.001195    0.520366 ^ _13642_/CLK (sky130_fd_sc_hd__dfrtp_1)
     1    0.003559    0.042839    0.360288    0.880653 v _13642_/Q (sky130_fd_sc_hd__dfrtp_1)
                                                         net177 (net)
                      0.042839    0.000100    0.880754 v output177/A (sky130_fd_sc_hd__buf_2)
     1    0.035090    0.091450    0.180424    1.061178 v output177/X (sky130_fd_sc_hd__buf_2)
                                                         y0[8] (net)
                      0.091461    0.001008    1.062186 v y0[8] (out)
                                              1.062186   data arrival time

                                 15.000000   15.000000   clock clk (rise edge)
                                  0.000000   15.000000   clock network delay (propagated)
                                 -0.250000   14.750000   clock uncertainty
                                  0.000000   14.750000   clock reconvergence pessimism
                                 -3.000000   11.750000   output external delay
                                             11.750000   data required time
---------------------------------------------------------------------------------------------
                                             11.750000   data required time
                                             -1.062186   data arrival time
---------------------------------------------------------------------------------------------
                                             10.687815   slack (MET)


Startpoint: _13679_ (rising edge-triggered flip-flop clocked by clk)
Endpoint: y2[11] (output port clocked by clk)
Path Group: clk
Path Type: max

Fanout         Cap        Slew       Delay        Time   Description
---------------------------------------------------------------------------------------------
                                  0.000000    0.000000   clock clk (rise edge)
                                  0.000000    0.000000   clock source latency
     1    0.034823    0.162195    0.115248    0.115248 ^ clk (in)
                                                         clk (net)
                      0.162620    0.000000    0.115248 ^ clkbuf_0_clk/A (sky130_fd_sc_hd__clkbuf_16)
     8    0.113161    0.127354    0.234086    0.349335 ^ clkbuf_0_clk/X (sky130_fd_sc_hd__clkbuf_16)
                                                         clknet_0_clk (net)
                      0.127832    0.006226    0.355561 ^ clkbuf_3_1__f_clk/A (sky130_fd_sc_hd__clkbuf_16)
     7    0.038592    0.058653    0.170198    0.525759 ^ clkbuf_3_1__f_clk/X (sky130_fd_sc_hd__clkbuf_16)
                                                         clknet_3_1__leaf_clk (net)
                      0.058736    0.001755    0.527514 ^ _13679_/CLK (sky130_fd_sc_hd__dfrtp_1)
     1    0.002573    0.038033    0.355706    0.883219 v _13679_/Q (sky130_fd_sc_hd__dfrtp_1)
                                                         net198 (net)
                      0.038033    0.000081    0.883300 v output198/A (sky130_fd_sc_hd__buf_2)
     1    0.034620    0.090440    0.177542    1.060842 v output198/X (sky130_fd_sc_hd__buf_2)
                                                         y2[11] (net)
                      0.090450    0.000926    1.061768 v y2[11] (out)
                                              1.061768   data arrival time

                                 15.000000   15.000000   clock clk (rise edge)
                                  0.000000   15.000000   clock network delay (propagated)
                                 -0.250000   14.750000   clock uncertainty
                                  0.000000   14.750000   clock reconvergence pessimism
                                 -3.000000   11.750000   output external delay
                                             11.750000   data required time
---------------------------------------------------------------------------------------------
                                             11.750000   data required time
                                             -1.061768   data arrival time
---------------------------------------------------------------------------------------------
                                             10.688232   slack (MET)


Startpoint: _13658_ (rising edge-triggered flip-flop clocked by clk)
Endpoint: y1[7] (output port clocked by clk)
Path Group: clk
Path Type: max

Fanout         Cap        Slew       Delay        Time   Description
---------------------------------------------------------------------------------------------
                                  0.000000    0.000000   clock clk (rise edge)
                                  0.000000    0.000000   clock source latency
     1    0.034823    0.162195    0.115248    0.115248 ^ clk (in)
                                                         clk (net)
                      0.162620    0.000000    0.115248 ^ clkbuf_0_clk/A (sky130_fd_sc_hd__clkbuf_16)
     8    0.113161    0.127354    0.234086    0.349335 ^ clkbuf_0_clk/X (sky130_fd_sc_hd__clkbuf_16)
                                                         clknet_0_clk (net)
                      0.127651    0.004934    0.354268 ^ clkbuf_3_7__f_clk/A (sky130_fd_sc_hd__clkbuf_16)
    10    0.037518    0.057691    0.169349    0.523617 ^ clkbuf_3_7__f_clk/X (sky130_fd_sc_hd__clkbuf_16)
                                                         clknet_3_7__leaf_clk (net)
                      0.057806    0.001983    0.525600 ^ _13658_/CLK (sky130_fd_sc_hd__dfrtp_1)
     1    0.002772    0.039049    0.356844    0.882444 v _13658_/Q (sky130_fd_sc_hd__dfrtp_1)
                                                         net193 (net)
                      0.039049    0.000087    0.882532 v output193/A (sky130_fd_sc_hd__buf_2)
     1    0.034520    0.090196    0.177830    1.060361 v output193/X (sky130_fd_sc_hd__buf_2)
                                                         y1[7] (net)
                      0.090205    0.000879    1.061241 v y1[7] (out)
                                              1.061241   data arrival time

                                 15.000000   15.000000   clock clk (rise edge)
                                  0.000000   15.000000   clock network delay (propagated)
                                 -0.250000   14.750000   clock uncertainty
                                  0.000000   14.750000   clock reconvergence pessimism
                                 -3.000000   11.750000   output external delay
                                             11.750000   data required time
---------------------------------------------------------------------------------------------
                                             11.750000   data required time
                                             -1.061241   data arrival time
---------------------------------------------------------------------------------------------
                                             10.688760   slack (MET)


Startpoint: _13653_ (rising edge-triggered flip-flop clocked by clk)
Endpoint: y1[2] (output port clocked by clk)
Path Group: clk
Path Type: max

Fanout         Cap        Slew       Delay        Time   Description
---------------------------------------------------------------------------------------------
                                  0.000000    0.000000   clock clk (rise edge)
                                  0.000000    0.000000   clock source latency
     1    0.034823    0.162195    0.115248    0.115248 ^ clk (in)
                                                         clk (net)
                      0.162620    0.000000    0.115248 ^ clkbuf_0_clk/A (sky130_fd_sc_hd__clkbuf_16)
     8    0.113161    0.127354    0.234086    0.349335 ^ clkbuf_0_clk/X (sky130_fd_sc_hd__clkbuf_16)
                                                         clknet_0_clk (net)
                      0.127651    0.004934    0.354268 ^ clkbuf_3_7__f_clk/A (sky130_fd_sc_hd__clkbuf_16)
    10    0.037518    0.057691    0.169349    0.523617 ^ clkbuf_3_7__f_clk/X (sky130_fd_sc_hd__clkbuf_16)
                                                         clknet_3_7__leaf_clk (net)
                      0.057809    0.002012    0.525629 ^ _13653_/CLK (sky130_fd_sc_hd__dfrtp_1)
     1    0.002804    0.039211    0.357092    0.882721 v _13653_/Q (sky130_fd_sc_hd__dfrtp_1)
                                                         net188 (net)
                      0.039211    0.000068    0.882789 v output188/A (sky130_fd_sc_hd__buf_2)
     1    0.034313    0.089794    0.177435    1.060224 v output188/X (sky130_fd_sc_hd__buf_2)
                                                         y1[2] (net)
                      0.089804    0.000977    1.061201 v y1[2] (out)
                                              1.061201   data arrival time

                                 15.000000   15.000000   clock clk (rise edge)
                                  0.000000   15.000000   clock network delay (propagated)
                                 -0.250000   14.750000   clock uncertainty
                                  0.000000   14.750000   clock reconvergence pessimism
                                 -3.000000   11.750000   output external delay
                                             11.750000   data required time
---------------------------------------------------------------------------------------------
                                             11.750000   data required time
                                             -1.061201   data arrival time
---------------------------------------------------------------------------------------------
                                             10.688800   slack (MET)


Startpoint: _13692_ (rising edge-triggered flip-flop clocked by clk)
Endpoint: y3[7] (output port clocked by clk)
Path Group: clk
Path Type: max

Fanout         Cap        Slew       Delay        Time   Description
---------------------------------------------------------------------------------------------
                                  0.000000    0.000000   clock clk (rise edge)
                                  0.000000    0.000000   clock source latency
     1    0.034823    0.162195    0.115248    0.115248 ^ clk (in)
                                                         clk (net)
                      0.162620    0.000000    0.115248 ^ clkbuf_0_clk/A (sky130_fd_sc_hd__clkbuf_16)
     8    0.113161    0.127354    0.234086    0.349335 ^ clkbuf_0_clk/X (sky130_fd_sc_hd__clkbuf_16)
                                                         clknet_0_clk (net)
                      0.127686    0.005209    0.354544 ^ clkbuf_3_3__f_clk/A (sky130_fd_sc_hd__clkbuf_16)
    10    0.031963    0.052824    0.165569    0.520113 ^ clkbuf_3_3__f_clk/X (sky130_fd_sc_hd__clkbuf_16)
                                                         clknet_3_3__leaf_clk (net)
                      0.052829    0.000954    0.521067 ^ _13692_/CLK (sky130_fd_sc_hd__dfrtp_1)
     1    0.003497    0.042555    0.360422    0.881488 v _13692_/Q (sky130_fd_sc_hd__dfrtp_1)
                                                         net227 (net)
                      0.042555    0.000122    0.881610 v output227/A (sky130_fd_sc_hd__buf_2)
     1    0.034142    0.089375    0.178603    1.060213 v output227/X (sky130_fd_sc_hd__buf_2)
                                                         y3[7] (net)
                      0.089385    0.000914    1.061127 v y3[7] (out)
                                              1.061127   data arrival time

                                 15.000000   15.000000   clock clk (rise edge)
                                  0.000000   15.000000   clock network delay (propagated)
                                 -0.250000   14.750000   clock uncertainty
                                  0.000000   14.750000   clock reconvergence pessimism
                                 -3.000000   11.750000   output external delay
                                             11.750000   data required time
---------------------------------------------------------------------------------------------
                                             11.750000   data required time
                                             -1.061127   data arrival time
---------------------------------------------------------------------------------------------
                                             10.688873   slack (MET)


Startpoint: _13644_ (rising edge-triggered flip-flop clocked by clk)
Endpoint: y0[10] (output port clocked by clk)
Path Group: clk
Path Type: max

Fanout         Cap        Slew       Delay        Time   Description
---------------------------------------------------------------------------------------------
                                  0.000000    0.000000   clock clk (rise edge)
                                  0.000000    0.000000   clock source latency
     1    0.034823    0.162195    0.115248    0.115248 ^ clk (in)
                                                         clk (net)
                      0.162620    0.000000    0.115248 ^ clkbuf_0_clk/A (sky130_fd_sc_hd__clkbuf_16)
     8    0.113161    0.127354    0.234086    0.349335 ^ clkbuf_0_clk/X (sky130_fd_sc_hd__clkbuf_16)
                                                         clknet_0_clk (net)
                      0.127540    0.003934    0.353268 ^ clkbuf_3_4__f_clk/A (sky130_fd_sc_hd__clkbuf_16)
     7    0.038185    0.058234    0.170129    0.523398 ^ clkbuf_3_4__f_clk/X (sky130_fd_sc_hd__clkbuf_16)
                                                         clknet_3_4__leaf_clk (net)
                      0.058310    0.001695    0.525093 ^ _13644_/CLK (sky130_fd_sc_hd__dfrtp_1)
     1    0.002706    0.038709    0.356549    0.881642 v _13644_/Q (sky130_fd_sc_hd__dfrtp_1)
                                                         net163 (net)
                      0.038709    0.000064    0.881707 v output163/A (sky130_fd_sc_hd__buf_2)
     1    0.034145    0.089423    0.176929    1.058635 v output163/X (sky130_fd_sc_hd__buf_2)
                                                         y0[10] (net)
                      0.089433    0.000946    1.059581 v y0[10] (out)
                                              1.059581   data arrival time

                                 15.000000   15.000000   clock clk (rise edge)
                                  0.000000   15.000000   clock network delay (propagated)
                                 -0.250000   14.750000   clock uncertainty
                                  0.000000   14.750000   clock reconvergence pessimism
                                 -3.000000   11.750000   output external delay
                                             11.750000   data required time
---------------------------------------------------------------------------------------------
                                             11.750000   data required time
                                             -1.059581   data arrival time
---------------------------------------------------------------------------------------------
                                             10.690419   slack (MET)


Startpoint: _13638_ (rising edge-triggered flip-flop clocked by clk)
Endpoint: y0[4] (output port clocked by clk)
Path Group: clk
Path Type: max

Fanout         Cap        Slew       Delay        Time   Description
---------------------------------------------------------------------------------------------
                                  0.000000    0.000000   clock clk (rise edge)
                                  0.000000    0.000000   clock source latency
     1    0.034823    0.162195    0.115248    0.115248 ^ clk (in)
                                                         clk (net)
                      0.162620    0.000000    0.115248 ^ clkbuf_0_clk/A (sky130_fd_sc_hd__clkbuf_16)
     8    0.113161    0.127354    0.234086    0.349335 ^ clkbuf_0_clk/X (sky130_fd_sc_hd__clkbuf_16)
                                                         clknet_0_clk (net)
                      0.127740    0.005605    0.354940 ^ clkbuf_3_6__f_clk/A (sky130_fd_sc_hd__clkbuf_16)
    10    0.030191    0.051358    0.164231    0.519171 ^ clkbuf_3_6__f_clk/X (sky130_fd_sc_hd__clkbuf_16)
                                                         clknet_3_6__leaf_clk (net)
                      0.051381    0.001494    0.520664 ^ _13638_/CLK (sky130_fd_sc_hd__dfrtp_1)
     1    0.003448    0.042254    0.359514    0.880179 v _13638_/Q (sky130_fd_sc_hd__dfrtp_1)
                                                         net173 (net)
                      0.042254    0.000120    0.880299 v output173/A (sky130_fd_sc_hd__buf_2)
     1    0.034029    0.089134    0.178269    1.058568 v output173/X (sky130_fd_sc_hd__buf_2)
                                                         y0[4] (net)
                      0.089143    0.000908    1.059476 v y0[4] (out)
                                              1.059476   data arrival time

                                 15.000000   15.000000   clock clk (rise edge)
                                  0.000000   15.000000   clock network delay (propagated)
                                 -0.250000   14.750000   clock uncertainty
                                  0.000000   14.750000   clock reconvergence pessimism
                                 -3.000000   11.750000   output external delay
                                             11.750000   data required time
---------------------------------------------------------------------------------------------
                                             11.750000   data required time
                                             -1.059476   data arrival time
---------------------------------------------------------------------------------------------
                                             10.690524   slack (MET)


Startpoint: _13671_ (rising edge-triggered flip-flop clocked by clk)
Endpoint: y2[3] (output port clocked by clk)
Path Group: clk
Path Type: max

Fanout         Cap        Slew       Delay        Time   Description
---------------------------------------------------------------------------------------------
                                  0.000000    0.000000   clock clk (rise edge)
                                  0.000000    0.000000   clock source latency
     1    0.034823    0.162195    0.115248    0.115248 ^ clk (in)
                                                         clk (net)
                      0.162620    0.000000    0.115248 ^ clkbuf_0_clk/A (sky130_fd_sc_hd__clkbuf_16)
     8    0.113161    0.127354    0.234086    0.349335 ^ clkbuf_0_clk/X (sky130_fd_sc_hd__clkbuf_16)
                                                         clknet_0_clk (net)
                      0.127819    0.006139    0.355473 ^ clkbuf_3_2__f_clk/A (sky130_fd_sc_hd__clkbuf_16)
    10    0.035562    0.055795    0.167619    0.523093 ^ clkbuf_3_2__f_clk/X (sky130_fd_sc_hd__clkbuf_16)
                                                         clknet_3_2__leaf_clk (net)
                      0.056068    0.002023    0.525115 ^ _13671_/CLK (sky130_fd_sc_hd__dfrtp_1)
     1    0.002627    0.038309    0.355120    0.880235 v _13671_/Q (sky130_fd_sc_hd__dfrtp_1)
                                                         net206 (net)
                      0.038309    0.000082    0.880317 v output206/A (sky130_fd_sc_hd__buf_2)
     1    0.034917    0.091090    0.178186    1.058503 v output206/X (sky130_fd_sc_hd__buf_2)
                                                         y2[3] (net)
                      0.091100    0.000960    1.059464 v y2[3] (out)
                                              1.059464   data arrival time

                                 15.000000   15.000000   clock clk (rise edge)
                                  0.000000   15.000000   clock network delay (propagated)
                                 -0.250000   14.750000   clock uncertainty
                                  0.000000   14.750000   clock reconvergence pessimism
                                 -3.000000   11.750000   output external delay
                                             11.750000   data required time
---------------------------------------------------------------------------------------------
                                             11.750000   data required time
                                             -1.059464   data arrival time
---------------------------------------------------------------------------------------------
                                             10.690536   slack (MET)


Startpoint: _13637_ (rising edge-triggered flip-flop clocked by clk)
Endpoint: y0[3] (output port clocked by clk)
Path Group: clk
Path Type: max

Fanout         Cap        Slew       Delay        Time   Description
---------------------------------------------------------------------------------------------
                                  0.000000    0.000000   clock clk (rise edge)
                                  0.000000    0.000000   clock source latency
     1    0.034823    0.162195    0.115248    0.115248 ^ clk (in)
                                                         clk (net)
                      0.162620    0.000000    0.115248 ^ clkbuf_0_clk/A (sky130_fd_sc_hd__clkbuf_16)
     8    0.113161    0.127354    0.234086    0.349335 ^ clkbuf_0_clk/X (sky130_fd_sc_hd__clkbuf_16)
                                                         clknet_0_clk (net)
                      0.127740    0.005605    0.354940 ^ clkbuf_3_6__f_clk/A (sky130_fd_sc_hd__clkbuf_16)
    10    0.030191    0.051358    0.164231    0.519171 ^ clkbuf_3_6__f_clk/X (sky130_fd_sc_hd__clkbuf_16)
                                                         clknet_3_6__leaf_clk (net)
                      0.051381    0.001494    0.520665 ^ _13637_/CLK (sky130_fd_sc_hd__dfrtp_1)
     1    0.003331    0.042030    0.358640    0.879305 v _13637_/Q (sky130_fd_sc_hd__dfrtp_1)
                                                         net172 (net)
                      0.042030    0.000116    0.879421 v output172/A (sky130_fd_sc_hd__buf_2)
     1    0.034356    0.089864    0.178731    1.058152 v output172/X (sky130_fd_sc_hd__buf_2)
                                                         y0[3] (net)
                      0.089875    0.000974    1.059126 v y0[3] (out)
                                              1.059126   data arrival time

                                 15.000000   15.000000   clock clk (rise edge)
                                  0.000000   15.000000   clock network delay (propagated)
                                 -0.250000   14.750000   clock uncertainty
                                  0.000000   14.750000   clock reconvergence pessimism
                                 -3.000000   11.750000   output external delay
                                             11.750000   data required time
---------------------------------------------------------------------------------------------
                                             11.750000   data required time
                                             -1.059126   data arrival time
---------------------------------------------------------------------------------------------
                                             10.690874   slack (MET)


Startpoint: _13686_ (rising edge-triggered flip-flop clocked by clk)
Endpoint: y3[1] (output port clocked by clk)
Path Group: clk
Path Type: max

Fanout         Cap        Slew       Delay        Time   Description
---------------------------------------------------------------------------------------------
                                  0.000000    0.000000   clock clk (rise edge)
                                  0.000000    0.000000   clock source latency
     1    0.034823    0.162195    0.115248    0.115248 ^ clk (in)
                                                         clk (net)
                      0.162620    0.000000    0.115248 ^ clkbuf_0_clk/A (sky130_fd_sc_hd__clkbuf_16)
     8    0.113161    0.127354    0.234086    0.349335 ^ clkbuf_0_clk/X (sky130_fd_sc_hd__clkbuf_16)
                                                         clknet_0_clk (net)
                      0.127686    0.005209    0.354544 ^ clkbuf_3_3__f_clk/A (sky130_fd_sc_hd__clkbuf_16)
    10    0.031963    0.052824    0.165569    0.520113 ^ clkbuf_3_3__f_clk/X (sky130_fd_sc_hd__clkbuf_16)
                                                         clknet_3_3__leaf_clk (net)
                      0.052842    0.001472    0.521585 ^ _13686_/CLK (sky130_fd_sc_hd__dfrtp_1)
     1    0.003209    0.041365    0.358274    0.879859 v _13686_/Q (sky130_fd_sc_hd__dfrtp_1)
                                                         net221 (net)
                      0.041365    0.000110    0.879969 v output221/A (sky130_fd_sc_hd__buf_2)
     1    0.034007    0.089088    0.177856    1.057824 v output221/X (sky130_fd_sc_hd__buf_2)
                                                         y3[1] (net)
                      0.089097    0.000894    1.058719 v y3[1] (out)
                                              1.058719   data arrival time

                                 15.000000   15.000000   clock clk (rise edge)
                                  0.000000   15.000000   clock network delay (propagated)
                                 -0.250000   14.750000   clock uncertainty
                                  0.000000   14.750000   clock reconvergence pessimism
                                 -3.000000   11.750000   output external delay
                                             11.750000   data required time
---------------------------------------------------------------------------------------------
                                             11.750000   data required time
                                             -1.058719   data arrival time
---------------------------------------------------------------------------------------------
                                             10.691282   slack (MET)


Startpoint: _13670_ (rising edge-triggered flip-flop clocked by clk)
Endpoint: y2[2] (output port clocked by clk)
Path Group: clk
Path Type: max

Fanout         Cap        Slew       Delay        Time   Description
---------------------------------------------------------------------------------------------
                                  0.000000    0.000000   clock clk (rise edge)
                                  0.000000    0.000000   clock source latency
     1    0.034823    0.162195    0.115248    0.115248 ^ clk (in)
                                                         clk (net)
                      0.162620    0.000000    0.115248 ^ clkbuf_0_clk/A (sky130_fd_sc_hd__clkbuf_16)
     8    0.113161    0.127354    0.234086    0.349335 ^ clkbuf_0_clk/X (sky130_fd_sc_hd__clkbuf_16)
                                                         clknet_0_clk (net)
                      0.127819    0.006139    0.355473 ^ clkbuf_3_2__f_clk/A (sky130_fd_sc_hd__clkbuf_16)
    10    0.035562    0.055795    0.167619    0.523093 ^ clkbuf_3_2__f_clk/X (sky130_fd_sc_hd__clkbuf_16)
                                                         clknet_3_2__leaf_clk (net)
                      0.056068    0.002018    0.525110 ^ _13670_/CLK (sky130_fd_sc_hd__dfrtp_1)
     1    0.002714    0.038754    0.355770    0.880880 v _13670_/Q (sky130_fd_sc_hd__dfrtp_1)
                                                         net205 (net)
                      0.038754    0.000084    0.880964 v output205/A (sky130_fd_sc_hd__buf_2)
     1    0.034038    0.089172    0.176785    1.057749 v output205/X (sky130_fd_sc_hd__buf_2)
                                                         y2[2] (net)
                      0.089181    0.000897    1.058645 v y2[2] (out)
                                              1.058645   data arrival time

                                 15.000000   15.000000   clock clk (rise edge)
                                  0.000000   15.000000   clock network delay (propagated)
                                 -0.250000   14.750000   clock uncertainty
                                  0.000000   14.750000   clock reconvergence pessimism
                                 -3.000000   11.750000   output external delay
                                             11.750000   data required time
---------------------------------------------------------------------------------------------
                                             11.750000   data required time
                                             -1.058645   data arrival time
---------------------------------------------------------------------------------------------
                                             10.691355   slack (MET)


Startpoint: _13693_ (rising edge-triggered flip-flop clocked by clk)
Endpoint: y3[8] (output port clocked by clk)
Path Group: clk
Path Type: max

Fanout         Cap        Slew       Delay        Time   Description
---------------------------------------------------------------------------------------------
                                  0.000000    0.000000   clock clk (rise edge)
                                  0.000000    0.000000   clock source latency
     1    0.034823    0.162195    0.115248    0.115248 ^ clk (in)
                                                         clk (net)
                      0.162620    0.000000    0.115248 ^ clkbuf_0_clk/A (sky130_fd_sc_hd__clkbuf_16)
     8    0.113161    0.127354    0.234086    0.349335 ^ clkbuf_0_clk/X (sky130_fd_sc_hd__clkbuf_16)
                                                         clknet_0_clk (net)
                      0.127686    0.005209    0.354544 ^ clkbuf_3_3__f_clk/A (sky130_fd_sc_hd__clkbuf_16)
    10    0.031963    0.052824    0.165569    0.520113 ^ clkbuf_3_3__f_clk/X (sky130_fd_sc_hd__clkbuf_16)
                                                         clknet_3_3__leaf_clk (net)
                      0.052829    0.001003    0.521115 ^ _13693_/CLK (sky130_fd_sc_hd__dfrtp_1)
     1    0.003190    0.041262    0.358139    0.879255 v _13693_/Q (sky130_fd_sc_hd__dfrtp_1)
                                                         net228 (net)
                      0.041262    0.000085    0.879339 v output228/A (sky130_fd_sc_hd__buf_2)
     1    0.034136    0.089377    0.178028    1.057367 v output228/X (sky130_fd_sc_hd__buf_2)
                                                         y3[8] (net)
                      0.089387    0.000925    1.058291 v y3[8] (out)
                                              1.058291   data arrival time

                                 15.000000   15.000000   clock clk (rise edge)
                                  0.000000   15.000000   clock network delay (propagated)
                                 -0.250000   14.750000   clock uncertainty
                                  0.000000   14.750000   clock reconvergence pessimism
                                 -3.000000   11.750000   output external delay
                                             11.750000   data required time
---------------------------------------------------------------------------------------------
                                             11.750000   data required time
                                             -1.058291   data arrival time
---------------------------------------------------------------------------------------------
                                             10.691710   slack (MET)


Startpoint: _13654_ (rising edge-triggered flip-flop clocked by clk)
Endpoint: y1[3] (output port clocked by clk)
Path Group: clk
Path Type: max

Fanout         Cap        Slew       Delay        Time   Description
---------------------------------------------------------------------------------------------
                                  0.000000    0.000000   clock clk (rise edge)
                                  0.000000    0.000000   clock source latency
     1    0.034823    0.162195    0.115248    0.115248 ^ clk (in)
                                                         clk (net)
                      0.162620    0.000000    0.115248 ^ clkbuf_0_clk/A (sky130_fd_sc_hd__clkbuf_16)
     8    0.113161    0.127354    0.234086    0.349335 ^ clkbuf_0_clk/X (sky130_fd_sc_hd__clkbuf_16)
                                                         clknet_0_clk (net)
                      0.127651    0.004934    0.354268 ^ clkbuf_3_7__f_clk/A (sky130_fd_sc_hd__clkbuf_16)
    10    0.037518    0.057691    0.169349    0.523617 ^ clkbuf_3_7__f_clk/X (sky130_fd_sc_hd__clkbuf_16)
                                                         clknet_3_7__leaf_clk (net)
                      0.057828    0.002186    0.525803 ^ _13654_/CLK (sky130_fd_sc_hd__dfrtp_1)
     1    0.002495    0.037639    0.354784    0.880587 v _13654_/Q (sky130_fd_sc_hd__dfrtp_1)
                                                         net189 (net)
                      0.037639    0.000074    0.880661 v output189/A (sky130_fd_sc_hd__buf_2)
     1    0.034022    0.089140    0.176285    1.056947 v output189/X (sky130_fd_sc_hd__buf_2)
                                                         y1[3] (net)
                      0.089149    0.000883    1.057829 v y1[3] (out)
                                              1.057829   data arrival time

                                 15.000000   15.000000   clock clk (rise edge)
                                  0.000000   15.000000   clock network delay (propagated)
                                 -0.250000   14.750000   clock uncertainty
                                  0.000000   14.750000   clock reconvergence pessimism
                                 -3.000000   11.750000   output external delay
                                             11.750000   data required time
---------------------------------------------------------------------------------------------
                                             11.750000   data required time
                                             -1.057829   data arrival time
---------------------------------------------------------------------------------------------
                                             10.692171   slack (MET)


Startpoint: _13689_ (rising edge-triggered flip-flop clocked by clk)
Endpoint: y3[4] (output port clocked by clk)
Path Group: clk
Path Type: max

Fanout         Cap        Slew       Delay        Time   Description
---------------------------------------------------------------------------------------------
                                  0.000000    0.000000   clock clk (rise edge)
                                  0.000000    0.000000   clock source latency
     1    0.034823    0.162195    0.115248    0.115248 ^ clk (in)
                                                         clk (net)
                      0.162620    0.000000    0.115248 ^ clkbuf_0_clk/A (sky130_fd_sc_hd__clkbuf_16)
     8    0.113161    0.127354    0.234086    0.349335 ^ clkbuf_0_clk/X (sky130_fd_sc_hd__clkbuf_16)
                                                         clknet_0_clk (net)
                      0.127686    0.005209    0.354544 ^ clkbuf_3_3__f_clk/A (sky130_fd_sc_hd__clkbuf_16)
    10    0.031963    0.052824    0.165569    0.520113 ^ clkbuf_3_3__f_clk/X (sky130_fd_sc_hd__clkbuf_16)
                                                         clknet_3_3__leaf_clk (net)
                      0.052834    0.001337    0.521450 ^ _13689_/CLK (sky130_fd_sc_hd__dfrtp_1)
     1    0.003093    0.040740    0.357405    0.878854 v _13689_/Q (sky130_fd_sc_hd__dfrtp_1)
                                                         net224 (net)
                      0.040740    0.000104    0.878958 v output224/A (sky130_fd_sc_hd__buf_2)
     1    0.034206    0.089532    0.177929    1.056887 v output224/X (sky130_fd_sc_hd__buf_2)
                                                         y3[4] (net)
                      0.089542    0.000929    1.057816 v y3[4] (out)
                                              1.057816   data arrival time

                                 15.000000   15.000000   clock clk (rise edge)
                                  0.000000   15.000000   clock network delay (propagated)
                                 -0.250000   14.750000   clock uncertainty
                                  0.000000   14.750000   clock reconvergence pessimism
                                 -3.000000   11.750000   output external delay
                                             11.750000   data required time
---------------------------------------------------------------------------------------------
                                             11.750000   data required time
                                             -1.057816   data arrival time
---------------------------------------------------------------------------------------------
                                             10.692184   slack (MET)


Startpoint: _13687_ (rising edge-triggered flip-flop clocked by clk)
Endpoint: y3[2] (output port clocked by clk)
Path Group: clk
Path Type: max

Fanout         Cap        Slew       Delay        Time   Description
---------------------------------------------------------------------------------------------
                                  0.000000    0.000000   clock clk (rise edge)
                                  0.000000    0.000000   clock source latency
     1    0.034823    0.162195    0.115248    0.115248 ^ clk (in)
                                                         clk (net)
                      0.162620    0.000000    0.115248 ^ clkbuf_0_clk/A (sky130_fd_sc_hd__clkbuf_16)
     8    0.113161    0.127354    0.234086    0.349335 ^ clkbuf_0_clk/X (sky130_fd_sc_hd__clkbuf_16)
                                                         clknet_0_clk (net)
                      0.127686    0.005209    0.354544 ^ clkbuf_3_3__f_clk/A (sky130_fd_sc_hd__clkbuf_16)
    10    0.031963    0.052824    0.165569    0.520113 ^ clkbuf_3_3__f_clk/X (sky130_fd_sc_hd__clkbuf_16)
                                                         clknet_3_3__leaf_clk (net)
                      0.052841    0.001462    0.521574 ^ _13687_/CLK (sky130_fd_sc_hd__dfrtp_1)
     1    0.003021    0.040358    0.356869    0.878444 v _13687_/Q (sky130_fd_sc_hd__dfrtp_1)
                                                         net222 (net)
                      0.040358    0.000101    0.878545 v output222/A (sky130_fd_sc_hd__buf_2)
     1    0.034099    0.089289    0.177599    1.056143 v output222/X (sky130_fd_sc_hd__buf_2)
                                                         y3[2] (net)
                      0.089298    0.000886    1.057030 v y3[2] (out)
                                              1.057030   data arrival time

                                 15.000000   15.000000   clock clk (rise edge)
                                  0.000000   15.000000   clock network delay (propagated)
                                 -0.250000   14.750000   clock uncertainty
                                  0.000000   14.750000   clock reconvergence pessimism
                                 -3.000000   11.750000   output external delay
                                             11.750000   data required time
---------------------------------------------------------------------------------------------
                                             11.750000   data required time
                                             -1.057030   data arrival time
---------------------------------------------------------------------------------------------
                                             10.692970   slack (MET)


Startpoint: _13680_ (rising edge-triggered flip-flop clocked by clk)
Endpoint: y2[12] (output port clocked by clk)
Path Group: clk
Path Type: max

Fanout         Cap        Slew       Delay        Time   Description
---------------------------------------------------------------------------------------------
                                  0.000000    0.000000   clock clk (rise edge)
                                  0.000000    0.000000   clock source latency
     1    0.034823    0.162195    0.115248    0.115248 ^ clk (in)
                                                         clk (net)
                      0.162620    0.000000    0.115248 ^ clkbuf_0_clk/A (sky130_fd_sc_hd__clkbuf_16)
     8    0.113161    0.127354    0.234086    0.349335 ^ clkbuf_0_clk/X (sky130_fd_sc_hd__clkbuf_16)
                                                         clknet_0_clk (net)
                      0.127819    0.006139    0.355473 ^ clkbuf_3_2__f_clk/A (sky130_fd_sc_hd__clkbuf_16)
    10    0.035562    0.055795    0.167619    0.523093 ^ clkbuf_3_2__f_clk/X (sky130_fd_sc_hd__clkbuf_16)
                                                         clknet_3_2__leaf_clk (net)
                      0.056315    0.003693    0.526785 ^ _13680_/CLK (sky130_fd_sc_hd__dfrtp_1)
     1    0.002152    0.035730    0.351671    0.878457 v _13680_/Q (sky130_fd_sc_hd__dfrtp_1)
                                                         net199 (net)
                      0.035730    0.000046    0.878502 v output199/A (sky130_fd_sc_hd__buf_2)
     1    0.034770    0.090802    0.176784    1.055286 v output199/X (sky130_fd_sc_hd__buf_2)
                                                         y2[12] (net)
                      0.090813    0.000984    1.056270 v y2[12] (out)
                                              1.056270   data arrival time

                                 15.000000   15.000000   clock clk (rise edge)
                                  0.000000   15.000000   clock network delay (propagated)
                                 -0.250000   14.750000   clock uncertainty
                                  0.000000   14.750000   clock reconvergence pessimism
                                 -3.000000   11.750000   output external delay
                                             11.750000   data required time
---------------------------------------------------------------------------------------------
                                             11.750000   data required time
                                             -1.056270   data arrival time
---------------------------------------------------------------------------------------------
                                             10.693729   slack (MET)


Startpoint: _13688_ (rising edge-triggered flip-flop clocked by clk)
Endpoint: y3[3] (output port clocked by clk)
Path Group: clk
Path Type: max

Fanout         Cap        Slew       Delay        Time   Description
---------------------------------------------------------------------------------------------
                                  0.000000    0.000000   clock clk (rise edge)
                                  0.000000    0.000000   clock source latency
     1    0.034823    0.162195    0.115248    0.115248 ^ clk (in)
                                                         clk (net)
                      0.162620    0.000000    0.115248 ^ clkbuf_0_clk/A (sky130_fd_sc_hd__clkbuf_16)
     8    0.113161    0.127354    0.234086    0.349335 ^ clkbuf_0_clk/X (sky130_fd_sc_hd__clkbuf_16)
                                                         clknet_0_clk (net)
                      0.127686    0.005209    0.354544 ^ clkbuf_3_3__f_clk/A (sky130_fd_sc_hd__clkbuf_16)
    10    0.031963    0.052824    0.165569    0.520113 ^ clkbuf_3_3__f_clk/X (sky130_fd_sc_hd__clkbuf_16)
                                                         clknet_3_3__leaf_clk (net)
                      0.052837    0.001402    0.521515 ^ _13688_/CLK (sky130_fd_sc_hd__dfrtp_1)
     1    0.002792    0.039161    0.355168    0.876683 v _13688_/Q (sky130_fd_sc_hd__dfrtp_1)
                                                         net223 (net)
                      0.039161    0.000067    0.876751 v output223/A (sky130_fd_sc_hd__buf_2)
     1    0.034178    0.089494    0.177180    1.053931 v output223/X (sky130_fd_sc_hd__buf_2)
                                                         y3[3] (net)
                      0.089504    0.000952    1.054883 v y3[3] (out)
                                              1.054883   data arrival time

                                 15.000000   15.000000   clock clk (rise edge)
                                  0.000000   15.000000   clock network delay (propagated)
                                 -0.250000   14.750000   clock uncertainty
                                  0.000000   14.750000   clock reconvergence pessimism
                                 -3.000000   11.750000   output external delay
                                             11.750000   data required time
---------------------------------------------------------------------------------------------
                                             11.750000   data required time
                                             -1.054883   data arrival time
---------------------------------------------------------------------------------------------
                                             10.695117   slack (MET)


Startpoint: _13697_ (rising edge-triggered flip-flop clocked by clk)
Endpoint: y3[12] (output port clocked by clk)
Path Group: clk
Path Type: max

Fanout         Cap        Slew       Delay        Time   Description
---------------------------------------------------------------------------------------------
                                  0.000000    0.000000   clock clk (rise edge)
                                  0.000000    0.000000   clock source latency
     1    0.034823    0.162195    0.115248    0.115248 ^ clk (in)
                                                         clk (net)
                      0.162620    0.000000    0.115248 ^ clkbuf_0_clk/A (sky130_fd_sc_hd__clkbuf_16)
     8    0.113161    0.127354    0.234086    0.349335 ^ clkbuf_0_clk/X (sky130_fd_sc_hd__clkbuf_16)
                                                         clknet_0_clk (net)
                      0.127686    0.005209    0.354544 ^ clkbuf_3_3__f_clk/A (sky130_fd_sc_hd__clkbuf_16)
    10    0.031963    0.052824    0.165569    0.520113 ^ clkbuf_3_3__f_clk/X (sky130_fd_sc_hd__clkbuf_16)
                                                         clknet_3_3__leaf_clk (net)
                      0.052830    0.001086    0.521199 ^ _13697_/CLK (sky130_fd_sc_hd__dfrtp_1)
     1    0.002825    0.039333    0.355403    0.876602 v _13697_/Q (sky130_fd_sc_hd__dfrtp_1)
                                                         net216 (net)
                      0.039333    0.000089    0.876691 v output216/A (sky130_fd_sc_hd__buf_2)
     1    0.034163    0.089451    0.177244    1.053935 v output216/X (sky130_fd_sc_hd__buf_2)
                                                         y3[12] (net)
                      0.089460    0.000928    1.054863 v y3[12] (out)
                                              1.054863   data arrival time

                                 15.000000   15.000000   clock clk (rise edge)
                                  0.000000   15.000000   clock network delay (propagated)
                                 -0.250000   14.750000   clock uncertainty
                                  0.000000   14.750000   clock reconvergence pessimism
                                 -3.000000   11.750000   output external delay
                                             11.750000   data required time
---------------------------------------------------------------------------------------------
                                             11.750000   data required time
                                             -1.054863   data arrival time
---------------------------------------------------------------------------------------------
                                             10.695138   slack (MET)


Startpoint: _13636_ (rising edge-triggered flip-flop clocked by clk)
Endpoint: y0[2] (output port clocked by clk)
Path Group: clk
Path Type: max

Fanout         Cap        Slew       Delay        Time   Description
---------------------------------------------------------------------------------------------
                                  0.000000    0.000000   clock clk (rise edge)
                                  0.000000    0.000000   clock source latency
     1    0.034823    0.162195    0.115248    0.115248 ^ clk (in)
                                                         clk (net)
                      0.162620    0.000000    0.115248 ^ clkbuf_0_clk/A (sky130_fd_sc_hd__clkbuf_16)
     8    0.113161    0.127354    0.234086    0.349335 ^ clkbuf_0_clk/X (sky130_fd_sc_hd__clkbuf_16)
                                                         clknet_0_clk (net)
                      0.127740    0.005605    0.354940 ^ clkbuf_3_6__f_clk/A (sky130_fd_sc_hd__clkbuf_16)
    10    0.030191    0.051358    0.164231    0.519171 ^ clkbuf_3_6__f_clk/X (sky130_fd_sc_hd__clkbuf_16)
                                                         clknet_3_6__leaf_clk (net)
                      0.051383    0.001597    0.520768 ^ _13636_/CLK (sky130_fd_sc_hd__dfrtp_1)
     1    0.002782    0.039109    0.354549    0.875316 v _13636_/Q (sky130_fd_sc_hd__dfrtp_1)
                                                         net171 (net)
                      0.039109    0.000089    0.875405 v output171/A (sky130_fd_sc_hd__buf_2)
     1    0.034860    0.090972    0.178407    1.053812 v output171/X (sky130_fd_sc_hd__buf_2)
                                                         y0[2] (net)
                      0.090983    0.000985    1.054797 v y0[2] (out)
                                              1.054797   data arrival time

                                 15.000000   15.000000   clock clk (rise edge)
                                  0.000000   15.000000   clock network delay (propagated)
                                 -0.250000   14.750000   clock uncertainty
                                  0.000000   14.750000   clock reconvergence pessimism
                                 -3.000000   11.750000   output external delay
                                             11.750000   data required time
---------------------------------------------------------------------------------------------
                                             11.750000   data required time
                                             -1.054797   data arrival time
---------------------------------------------------------------------------------------------
                                             10.695203   slack (MET)


Startpoint: _13646_ (rising edge-triggered flip-flop clocked by clk)
Endpoint: y0[12] (output port clocked by clk)
Path Group: clk
Path Type: max

Fanout         Cap        Slew       Delay        Time   Description
---------------------------------------------------------------------------------------------
                                  0.000000    0.000000   clock clk (rise edge)
                                  0.000000    0.000000   clock source latency
     1    0.034823    0.162195    0.115248    0.115248 ^ clk (in)
                                                         clk (net)
                      0.162620    0.000000    0.115248 ^ clkbuf_0_clk/A (sky130_fd_sc_hd__clkbuf_16)
     8    0.113161    0.127354    0.234086    0.349335 ^ clkbuf_0_clk/X (sky130_fd_sc_hd__clkbuf_16)
                                                         clknet_0_clk (net)
                      0.127740    0.005605    0.354940 ^ clkbuf_3_6__f_clk/A (sky130_fd_sc_hd__clkbuf_16)
    10    0.030191    0.051358    0.164231    0.519171 ^ clkbuf_3_6__f_clk/X (sky130_fd_sc_hd__clkbuf_16)
                                                         clknet_3_6__leaf_clk (net)
                      0.051376    0.001164    0.520335 ^ _13646_/CLK (sky130_fd_sc_hd__dfrtp_1)
     1    0.002790    0.039149    0.354601    0.874936 v _13646_/Q (sky130_fd_sc_hd__dfrtp_1)
                                                         net165 (net)
                      0.039149    0.000091    0.875027 v output165/A (sky130_fd_sc_hd__buf_2)
     1    0.034906    0.091055    0.178540    1.053567 v output165/X (sky130_fd_sc_hd__buf_2)
                                                         y0[12] (net)
                      0.091065    0.000944    1.054512 v y0[12] (out)
                                              1.054512   data arrival time

                                 15.000000   15.000000   clock clk (rise edge)
                                  0.000000   15.000000   clock network delay (propagated)
                                 -0.250000   14.750000   clock uncertainty
                                  0.000000   14.750000   clock reconvergence pessimism
                                 -3.000000   11.750000   output external delay
                                             11.750000   data required time
---------------------------------------------------------------------------------------------
                                             11.750000   data required time
                                             -1.054512   data arrival time
---------------------------------------------------------------------------------------------
                                             10.695489   slack (MET)


Startpoint: _13652_ (rising edge-triggered flip-flop clocked by clk)
Endpoint: y1[1] (output port clocked by clk)
Path Group: clk
Path Type: max

Fanout         Cap        Slew       Delay        Time   Description
---------------------------------------------------------------------------------------------
                                  0.000000    0.000000   clock clk (rise edge)
                                  0.000000    0.000000   clock source latency
     1    0.034823    0.162195    0.115248    0.115248 ^ clk (in)
                                                         clk (net)
                      0.162620    0.000000    0.115248 ^ clkbuf_0_clk/A (sky130_fd_sc_hd__clkbuf_16)
     8    0.113161    0.127354    0.234086    0.349335 ^ clkbuf_0_clk/X (sky130_fd_sc_hd__clkbuf_16)
                                                         clknet_0_clk (net)
                      0.127651    0.004934    0.354268 ^ clkbuf_3_7__f_clk/A (sky130_fd_sc_hd__clkbuf_16)
    10    0.037518    0.057691    0.169349    0.523617 ^ clkbuf_3_7__f_clk/X (sky130_fd_sc_hd__clkbuf_16)
                                                         clknet_3_7__leaf_clk (net)
                      0.057816    0.002079    0.525696 ^ _13652_/CLK (sky130_fd_sc_hd__dfrtp_1)
     1    0.002066    0.035404    0.351584    0.877280 v _13652_/Q (sky130_fd_sc_hd__dfrtp_1)
                                                         net187 (net)
                      0.035404    0.000042    0.877322 v output187/A (sky130_fd_sc_hd__buf_2)
     1    0.034025    0.089166    0.175325    1.052647 v output187/X (sky130_fd_sc_hd__buf_2)
                                                         y1[1] (net)
                      0.089175    0.000888    1.053535 v y1[1] (out)
                                              1.053535   data arrival time

                                 15.000000   15.000000   clock clk (rise edge)
                                  0.000000   15.000000   clock network delay (propagated)
                                 -0.250000   14.750000   clock uncertainty
                                  0.000000   14.750000   clock reconvergence pessimism
                                 -3.000000   11.750000   output external delay
                                             11.750000   data required time
---------------------------------------------------------------------------------------------
                                             11.750000   data required time
                                             -1.053535   data arrival time
---------------------------------------------------------------------------------------------
                                             10.696465   slack (MET)


Startpoint: _13656_ (rising edge-triggered flip-flop clocked by clk)
Endpoint: y1[5] (output port clocked by clk)
Path Group: clk
Path Type: max

Fanout         Cap        Slew       Delay        Time   Description
---------------------------------------------------------------------------------------------
                                  0.000000    0.000000   clock clk (rise edge)
                                  0.000000    0.000000   clock source latency
     1    0.034823    0.162195    0.115248    0.115248 ^ clk (in)
                                                         clk (net)
                      0.162620    0.000000    0.115248 ^ clkbuf_0_clk/A (sky130_fd_sc_hd__clkbuf_16)
     8    0.113161    0.127354    0.234086    0.349335 ^ clkbuf_0_clk/X (sky130_fd_sc_hd__clkbuf_16)
                                                         clknet_0_clk (net)
                      0.127651    0.004934    0.354268 ^ clkbuf_3_7__f_clk/A (sky130_fd_sc_hd__clkbuf_16)
    10    0.037518    0.057691    0.169349    0.523617 ^ clkbuf_3_7__f_clk/X (sky130_fd_sc_hd__clkbuf_16)
                                                         clknet_3_7__leaf_clk (net)
                      0.057837    0.002266    0.525883 ^ _13656_/CLK (sky130_fd_sc_hd__dfrtp_1)
     1    0.002004    0.035177    0.351129    0.877012 v _13656_/Q (sky130_fd_sc_hd__dfrtp_1)
                                                         net191 (net)
                      0.035177    0.000041    0.877052 v output191/A (sky130_fd_sc_hd__buf_2)
     1    0.033958    0.089268    0.175543    1.052596 v output191/X (sky130_fd_sc_hd__buf_2)
                                                         y1[5] (net)
                      0.089276    0.000858    1.053453 v y1[5] (out)
                                              1.053453   data arrival time

                                 15.000000   15.000000   clock clk (rise edge)
                                  0.000000   15.000000   clock network delay (propagated)
                                 -0.250000   14.750000   clock uncertainty
                                  0.000000   14.750000   clock reconvergence pessimism
                                 -3.000000   11.750000   output external delay
                                             11.750000   data required time
---------------------------------------------------------------------------------------------
                                             11.750000   data required time
                                             -1.053453   data arrival time
---------------------------------------------------------------------------------------------
                                             10.696548   slack (MET)


Startpoint: _13691_ (rising edge-triggered flip-flop clocked by clk)
Endpoint: y3[6] (output port clocked by clk)
Path Group: clk
Path Type: max

Fanout         Cap        Slew       Delay        Time   Description
---------------------------------------------------------------------------------------------
                                  0.000000    0.000000   clock clk (rise edge)
                                  0.000000    0.000000   clock source latency
     1    0.034823    0.162195    0.115248    0.115248 ^ clk (in)
                                                         clk (net)
                      0.162620    0.000000    0.115248 ^ clkbuf_0_clk/A (sky130_fd_sc_hd__clkbuf_16)
     8    0.113161    0.127354    0.234086    0.349335 ^ clkbuf_0_clk/X (sky130_fd_sc_hd__clkbuf_16)
                                                         clknet_0_clk (net)
                      0.127686    0.005209    0.354544 ^ clkbuf_3_3__f_clk/A (sky130_fd_sc_hd__clkbuf_16)
    10    0.031963    0.052824    0.165569    0.520113 ^ clkbuf_3_3__f_clk/X (sky130_fd_sc_hd__clkbuf_16)
                                                         clknet_3_3__leaf_clk (net)
                      0.052829    0.000988    0.521101 ^ _13691_/CLK (sky130_fd_sc_hd__dfrtp_1)
     1    0.002573    0.038040    0.353526    0.874627 v _13691_/Q (sky130_fd_sc_hd__dfrtp_1)
                                                         net226 (net)
                      0.038040    0.000078    0.874705 v output226/A (sky130_fd_sc_hd__buf_2)
     1    0.034111    0.089345    0.176595    1.051300 v output226/X (sky130_fd_sc_hd__buf_2)
                                                         y3[6] (net)
                      0.089355    0.000922    1.052222 v y3[6] (out)
                                              1.052222   data arrival time

                                 15.000000   15.000000   clock clk (rise edge)
                                  0.000000   15.000000   clock network delay (propagated)
                                 -0.250000   14.750000   clock uncertainty
                                  0.000000   14.750000   clock reconvergence pessimism
                                 -3.000000   11.750000   output external delay
                                             11.750000   data required time
---------------------------------------------------------------------------------------------
                                             11.750000   data required time
                                             -1.052222   data arrival time
---------------------------------------------------------------------------------------------
                                             10.697779   slack (MET)


Startpoint: _13690_ (rising edge-triggered flip-flop clocked by clk)
Endpoint: y3[5] (output port clocked by clk)
Path Group: clk
Path Type: max

Fanout         Cap        Slew       Delay        Time   Description
---------------------------------------------------------------------------------------------
                                  0.000000    0.000000   clock clk (rise edge)
                                  0.000000    0.000000   clock source latency
     1    0.034823    0.162195    0.115248    0.115248 ^ clk (in)
                                                         clk (net)
                      0.162620    0.000000    0.115248 ^ clkbuf_0_clk/A (sky130_fd_sc_hd__clkbuf_16)
     8    0.113161    0.127354    0.234086    0.349335 ^ clkbuf_0_clk/X (sky130_fd_sc_hd__clkbuf_16)
                                                         clknet_0_clk (net)
                      0.127686    0.005209    0.354544 ^ clkbuf_3_3__f_clk/A (sky130_fd_sc_hd__clkbuf_16)
    10    0.031963    0.052824    0.165569    0.520113 ^ clkbuf_3_3__f_clk/X (sky130_fd_sc_hd__clkbuf_16)
                                                         clknet_3_3__leaf_clk (net)
                      0.052833    0.001281    0.521394 ^ _13690_/CLK (sky130_fd_sc_hd__dfrtp_1)
     1    0.002495    0.037645    0.352938    0.874332 v _13690_/Q (sky130_fd_sc_hd__dfrtp_1)
                                                         net225 (net)
                      0.037645    0.000077    0.874408 v output225/A (sky130_fd_sc_hd__buf_2)
     1    0.034166    0.089465    0.176532    1.050940 v output225/X (sky130_fd_sc_hd__buf_2)
                                                         y3[5] (net)
                      0.089474    0.000917    1.051857 v y3[5] (out)
                                              1.051857   data arrival time

                                 15.000000   15.000000   clock clk (rise edge)
                                  0.000000   15.000000   clock network delay (propagated)
                                 -0.250000   14.750000   clock uncertainty
                                  0.000000   14.750000   clock reconvergence pessimism
                                 -3.000000   11.750000   output external delay
                                             11.750000   data required time
---------------------------------------------------------------------------------------------
                                             11.750000   data required time
                                             -1.051857   data arrival time
---------------------------------------------------------------------------------------------
                                             10.698144   slack (MET)


Startpoint: _13635_ (rising edge-triggered flip-flop clocked by clk)
Endpoint: y0[1] (output port clocked by clk)
Path Group: clk
Path Type: max

Fanout         Cap        Slew       Delay        Time   Description
---------------------------------------------------------------------------------------------
                                  0.000000    0.000000   clock clk (rise edge)
                                  0.000000    0.000000   clock source latency
     1    0.034823    0.162195    0.115248    0.115248 ^ clk (in)
                                                         clk (net)
                      0.162620    0.000000    0.115248 ^ clkbuf_0_clk/A (sky130_fd_sc_hd__clkbuf_16)
     8    0.113161    0.127354    0.234086    0.349335 ^ clkbuf_0_clk/X (sky130_fd_sc_hd__clkbuf_16)
                                                         clknet_0_clk (net)
                      0.127740    0.005605    0.354940 ^ clkbuf_3_6__f_clk/A (sky130_fd_sc_hd__clkbuf_16)
    10    0.030191    0.051358    0.164231    0.519171 ^ clkbuf_3_6__f_clk/X (sky130_fd_sc_hd__clkbuf_16)
                                                         clknet_3_6__leaf_clk (net)
                      0.051383    0.001617    0.520788 ^ _13635_/CLK (sky130_fd_sc_hd__dfrtp_1)
     1    0.002540    0.037861    0.352738    0.873526 v _13635_/Q (sky130_fd_sc_hd__dfrtp_1)
                                                         net170 (net)
                      0.037861    0.000076    0.873602 v output170/A (sky130_fd_sc_hd__buf_2)
     1    0.033970    0.089028    0.176285    1.049887 v output170/X (sky130_fd_sc_hd__buf_2)
                                                         y0[1] (net)
                      0.089037    0.000883    1.050769 v y0[1] (out)
                                              1.050769   data arrival time

                                 15.000000   15.000000   clock clk (rise edge)
                                  0.000000   15.000000   clock network delay (propagated)
                                 -0.250000   14.750000   clock uncertainty
                                  0.000000   14.750000   clock reconvergence pessimism
                                 -3.000000   11.750000   output external delay
                                             11.750000   data required time
---------------------------------------------------------------------------------------------
                                             11.750000   data required time
                                             -1.050769   data arrival time
---------------------------------------------------------------------------------------------
                                             10.699231   slack (MET)


Startpoint: _13639_ (rising edge-triggered flip-flop clocked by clk)
Endpoint: y0[5] (output port clocked by clk)
Path Group: clk
Path Type: max

Fanout         Cap        Slew       Delay        Time   Description
---------------------------------------------------------------------------------------------
                                  0.000000    0.000000   clock clk (rise edge)
                                  0.000000    0.000000   clock source latency
     1    0.034823    0.162195    0.115248    0.115248 ^ clk (in)
                                                         clk (net)
                      0.162620    0.000000    0.115248 ^ clkbuf_0_clk/A (sky130_fd_sc_hd__clkbuf_16)
     8    0.113161    0.127354    0.234086    0.349335 ^ clkbuf_0_clk/X (sky130_fd_sc_hd__clkbuf_16)
                                                         clknet_0_clk (net)
                      0.127740    0.005605    0.354940 ^ clkbuf_3_6__f_clk/A (sky130_fd_sc_hd__clkbuf_16)
    10    0.030191    0.051358    0.164231    0.519171 ^ clkbuf_3_6__f_clk/X (sky130_fd_sc_hd__clkbuf_16)
                                                         clknet_3_6__leaf_clk (net)
                      0.051379    0.001401    0.520572 ^ _13639_/CLK (sky130_fd_sc_hd__dfrtp_1)
     1    0.002451    0.037431    0.352078    0.872650 v _13639_/Q (sky130_fd_sc_hd__dfrtp_1)
                                                         net174 (net)
                      0.037431    0.000073    0.872723 v output174/A (sky130_fd_sc_hd__buf_2)
     1    0.034203    0.089544    0.176510    1.049232 v output174/X (sky130_fd_sc_hd__buf_2)
                                                         y0[5] (net)
                      0.089553    0.000914    1.050146 v y0[5] (out)
                                              1.050146   data arrival time

                                 15.000000   15.000000   clock clk (rise edge)
                                  0.000000   15.000000   clock network delay (propagated)
                                 -0.250000   14.750000   clock uncertainty
                                  0.000000   14.750000   clock reconvergence pessimism
                                 -3.000000   11.750000   output external delay
                                             11.750000   data required time
---------------------------------------------------------------------------------------------
                                             11.750000   data required time
                                             -1.050146   data arrival time
---------------------------------------------------------------------------------------------
                                             10.699855   slack (MET)


Startpoint: _13640_ (rising edge-triggered flip-flop clocked by clk)
Endpoint: y0[6] (output port clocked by clk)
Path Group: clk
Path Type: max

Fanout         Cap        Slew       Delay        Time   Description
---------------------------------------------------------------------------------------------
                                  0.000000    0.000000   clock clk (rise edge)
                                  0.000000    0.000000   clock source latency
     1    0.034823    0.162195    0.115248    0.115248 ^ clk (in)
                                                         clk (net)
                      0.162620    0.000000    0.115248 ^ clkbuf_0_clk/A (sky130_fd_sc_hd__clkbuf_16)
     8    0.113161    0.127354    0.234086    0.349335 ^ clkbuf_0_clk/X (sky130_fd_sc_hd__clkbuf_16)
                                                         clknet_0_clk (net)
                      0.127740    0.005605    0.354940 ^ clkbuf_3_6__f_clk/A (sky130_fd_sc_hd__clkbuf_16)
    10    0.030191    0.051358    0.164231    0.519171 ^ clkbuf_3_6__f_clk/X (sky130_fd_sc_hd__clkbuf_16)
                                                         clknet_3_6__leaf_clk (net)
                      0.051378    0.001302    0.520473 ^ _13640_/CLK (sky130_fd_sc_hd__dfrtp_1)
     1    0.002164    0.035767    0.349932    0.870405 v _13640_/Q (sky130_fd_sc_hd__dfrtp_1)
                                                         net175 (net)
                      0.035767    0.000047    0.870451 v output175/A (sky130_fd_sc_hd__buf_2)
     1    0.034754    0.090756    0.176792    1.047243 v output175/X (sky130_fd_sc_hd__buf_2)
                                                         y0[6] (net)
                      0.090766    0.000956    1.048199 v y0[6] (out)
                                              1.048199   data arrival time

                                 15.000000   15.000000   clock clk (rise edge)
                                  0.000000   15.000000   clock network delay (propagated)
                                 -0.250000   14.750000   clock uncertainty
                                  0.000000   14.750000   clock reconvergence pessimism
                                 -3.000000   11.750000   output external delay
                                             11.750000   data required time
---------------------------------------------------------------------------------------------
                                             11.750000   data required time
                                             -1.048199   data arrival time
---------------------------------------------------------------------------------------------
                                             10.701801   slack (MET)


Startpoint: _13634_ (rising edge-triggered flip-flop clocked by clk)
Endpoint: y0[0] (output port clocked by clk)
Path Group: clk
Path Type: max

Fanout         Cap        Slew       Delay        Time   Description
---------------------------------------------------------------------------------------------
                                  0.000000    0.000000   clock clk (rise edge)
                                  0.000000    0.000000   clock source latency
     1    0.034823    0.162195    0.115248    0.115248 ^ clk (in)
                                                         clk (net)
                      0.162620    0.000000    0.115248 ^ clkbuf_0_clk/A (sky130_fd_sc_hd__clkbuf_16)
     8    0.113161    0.127354    0.234086    0.349335 ^ clkbuf_0_clk/X (sky130_fd_sc_hd__clkbuf_16)
                                                         clknet_0_clk (net)
                      0.127740    0.005605    0.354940 ^ clkbuf_3_6__f_clk/A (sky130_fd_sc_hd__clkbuf_16)
    10    0.030191    0.051358    0.164231    0.519171 ^ clkbuf_3_6__f_clk/X (sky130_fd_sc_hd__clkbuf_16)
                                                         clknet_3_6__leaf_clk (net)
                      0.051382    0.001531    0.520702 ^ _13634_/CLK (sky130_fd_sc_hd__dfrtp_1)
     1    0.002004    0.035166    0.348743    0.869445 v _13634_/Q (sky130_fd_sc_hd__dfrtp_1)
                                                         net162 (net)
                      0.035166    0.000041    0.869486 v output162/A (sky130_fd_sc_hd__buf_2)
     1    0.033898    0.088884    0.175004    1.044490 v output162/X (sky130_fd_sc_hd__buf_2)
                                                         y0[0] (net)
                      0.088892    0.000863    1.045353 v y0[0] (out)
                                              1.045353   data arrival time

                                 15.000000   15.000000   clock clk (rise edge)
                                  0.000000   15.000000   clock network delay (propagated)
                                 -0.250000   14.750000   clock uncertainty
                                  0.000000   14.750000   clock reconvergence pessimism
                                 -3.000000   11.750000   output external delay
                                             11.750000   data required time
---------------------------------------------------------------------------------------------
                                             11.750000   data required time
                                             -1.045353   data arrival time
---------------------------------------------------------------------------------------------
                                             10.704647   slack (MET)


Startpoint: _13641_ (rising edge-triggered flip-flop clocked by clk)
Endpoint: y0[7] (output port clocked by clk)
Path Group: clk
Path Type: max

Fanout         Cap        Slew       Delay        Time   Description
---------------------------------------------------------------------------------------------
                                  0.000000    0.000000   clock clk (rise edge)
                                  0.000000    0.000000   clock source latency
     1    0.034823    0.162195    0.115248    0.115248 ^ clk (in)
                                                         clk (net)
                      0.162620    0.000000    0.115248 ^ clkbuf_0_clk/A (sky130_fd_sc_hd__clkbuf_16)
     8    0.113161    0.127354    0.234086    0.349335 ^ clkbuf_0_clk/X (sky130_fd_sc_hd__clkbuf_16)
                                                         clknet_0_clk (net)
                      0.127740    0.005605    0.354940 ^ clkbuf_3_6__f_clk/A (sky130_fd_sc_hd__clkbuf_16)
    10    0.030191    0.051358    0.164231    0.519171 ^ clkbuf_3_6__f_clk/X (sky130_fd_sc_hd__clkbuf_16)
                                                         clknet_3_6__leaf_clk (net)
                      0.051376    0.001194    0.520365 ^ _13641_/CLK (sky130_fd_sc_hd__dfrtp_1)
     1    0.002004    0.035166    0.348742    0.869107 v _13641_/Q (sky130_fd_sc_hd__dfrtp_1)
                                                         net176 (net)
                      0.035166    0.000041    0.869148 v output176/A (sky130_fd_sc_hd__buf_2)
     1    0.033850    0.089026    0.175336    1.044483 v output176/X (sky130_fd_sc_hd__buf_2)
                                                         y0[7] (net)
                      0.089034    0.000849    1.045332 v y0[7] (out)
                                              1.045332   data arrival time

                                 15.000000   15.000000   clock clk (rise edge)
                                  0.000000   15.000000   clock network delay (propagated)
                                 -0.250000   14.750000   clock uncertainty
                                  0.000000   14.750000   clock reconvergence pessimism
                                 -3.000000   11.750000   output external delay
                                             11.750000   data required time
---------------------------------------------------------------------------------------------
                                             11.750000   data required time
                                             -1.045332   data arrival time
---------------------------------------------------------------------------------------------
                                             10.704668   slack (MET)


Startpoint: rst_n (input port clocked by clk)
Endpoint: _13670_ (recovery check against rising-edge clock clk)
Path Group: asynchronous
Path Type: max

Fanout         Cap        Slew       Delay        Time   Description
---------------------------------------------------------------------------------------------
                                  0.000000    0.000000   clock clk (rise edge)
                                  0.000000    0.000000   clock network delay (propagated)
                                  3.000000    3.000000 ^ input external delay
     1    0.003100    0.021025    0.011378    3.011378 ^ rst_n (in)
                                                         rst_n (net)
                      0.021025    0.000000    3.011378 ^ input1/A (sky130_fd_sc_hd__buf_2)
     2    0.029231    0.146971    0.170725    3.182103 ^ input1/X (sky130_fd_sc_hd__buf_2)
                                                         net1 (net)
                      0.146976    0.000663    3.182766 ^ fanout715/A (sky130_fd_sc_hd__buf_4)
     9    0.058240    0.164162    0.235326    3.418092 ^ fanout715/X (sky130_fd_sc_hd__buf_4)
                                                         net715 (net)
                      0.164289    0.002787    3.420879 ^ fanout714/A (sky130_fd_sc_hd__clkbuf_4)
     8    0.049227    0.155139    0.256085    3.676964 ^ fanout714/X (sky130_fd_sc_hd__clkbuf_4)
                                                         net714 (net)
                      0.155169    0.001816    3.678780 ^ fanout712/A (sky130_fd_sc_hd__clkbuf_4)
    10    0.051444    0.159225    0.259127    3.937907 ^ fanout712/X (sky130_fd_sc_hd__clkbuf_4)
                                                         net712 (net)
                      0.159431    0.003779    3.941686 ^ _13670_/RESET_B (sky130_fd_sc_hd__dfrtp_1)
                                              3.941686   data arrival time

                                 15.000000   15.000000   clock clk (rise edge)
                                  0.000000   15.000000   clock source latency
     1    0.034823    0.162195    0.115248   15.115248 ^ clk (in)
                                                         clk (net)
                      0.162620    0.000000   15.115248 ^ clkbuf_0_clk/A (sky130_fd_sc_hd__clkbuf_16)
     8    0.113161    0.127354    0.234087   15.349335 ^ clkbuf_0_clk/X (sky130_fd_sc_hd__clkbuf_16)
                                                         clknet_0_clk (net)
                      0.127819    0.006139   15.355474 ^ clkbuf_3_2__f_clk/A (sky130_fd_sc_hd__clkbuf_16)
    10    0.035562    0.055795    0.167619   15.523092 ^ clkbuf_3_2__f_clk/X (sky130_fd_sc_hd__clkbuf_16)
                                                         clknet_3_2__leaf_clk (net)
                      0.056068    0.002018   15.525110 ^ _13670_/CLK (sky130_fd_sc_hd__dfrtp_1)
                                 -0.250000   15.275111   clock uncertainty
                                  0.000000   15.275111   clock reconvergence pessimism
                                  0.204151   15.479262   library recovery time
                                             15.479262   data required time
---------------------------------------------------------------------------------------------
                                             15.479262   data required time
                                             -3.941686   data arrival time
---------------------------------------------------------------------------------------------
                                             11.537577   slack (MET)


Startpoint: rst_n (input port clocked by clk)
Endpoint: _13672_ (recovery check against rising-edge clock clk)
Path Group: asynchronous
Path Type: max

Fanout         Cap        Slew       Delay        Time   Description
---------------------------------------------------------------------------------------------
                                  0.000000    0.000000   clock clk (rise edge)
                                  0.000000    0.000000   clock network delay (propagated)
                                  3.000000    3.000000 ^ input external delay
     1    0.003100    0.021025    0.011378    3.011378 ^ rst_n (in)
                                                         rst_n (net)
                      0.021025    0.000000    3.011378 ^ input1/A (sky130_fd_sc_hd__buf_2)
     2    0.029231    0.146971    0.170725    3.182103 ^ input1/X (sky130_fd_sc_hd__buf_2)
                                                         net1 (net)
                      0.146976    0.000663    3.182766 ^ fanout715/A (sky130_fd_sc_hd__buf_4)
     9    0.058240    0.164162    0.235326    3.418092 ^ fanout715/X (sky130_fd_sc_hd__buf_4)
                                                         net715 (net)
                      0.164289    0.002787    3.420879 ^ fanout714/A (sky130_fd_sc_hd__clkbuf_4)
     8    0.049227    0.155139    0.256085    3.676964 ^ fanout714/X (sky130_fd_sc_hd__clkbuf_4)
                                                         net714 (net)
                      0.155169    0.001816    3.678780 ^ fanout712/A (sky130_fd_sc_hd__clkbuf_4)
    10    0.051444    0.159225    0.259127    3.937907 ^ fanout712/X (sky130_fd_sc_hd__clkbuf_4)
                                                         net712 (net)
                      0.159413    0.003520    3.941427 ^ _13672_/RESET_B (sky130_fd_sc_hd__dfrtp_1)
                                              3.941427   data arrival time

                                 15.000000   15.000000   clock clk (rise edge)
                                  0.000000   15.000000   clock source latency
     1    0.034823    0.162195    0.115248   15.115248 ^ clk (in)
                                                         clk (net)
                      0.162620    0.000000   15.115248 ^ clkbuf_0_clk/A (sky130_fd_sc_hd__clkbuf_16)
     8    0.113161    0.127354    0.234087   15.349335 ^ clkbuf_0_clk/X (sky130_fd_sc_hd__clkbuf_16)
                                                         clknet_0_clk (net)
                      0.127819    0.006139   15.355474 ^ clkbuf_3_2__f_clk/A (sky130_fd_sc_hd__clkbuf_16)
    10    0.035562    0.055795    0.167619   15.523092 ^ clkbuf_3_2__f_clk/X (sky130_fd_sc_hd__clkbuf_16)
                                                         clknet_3_2__leaf_clk (net)
                      0.056097    0.002256   15.525349 ^ _13672_/CLK (sky130_fd_sc_hd__dfrtp_1)
                                 -0.250000   15.275350   clock uncertainty
                                  0.000000   15.275350   clock reconvergence pessimism
                                  0.204165   15.479515   library recovery time
                                             15.479515   data required time
---------------------------------------------------------------------------------------------
                                             15.479515   data required time
                                             -3.941427   data arrival time
---------------------------------------------------------------------------------------------
                                             11.538088   slack (MET)


Startpoint: rst_n (input port clocked by clk)
Endpoint: _13673_ (recovery check against rising-edge clock clk)
Path Group: asynchronous
Path Type: max

Fanout         Cap        Slew       Delay        Time   Description
---------------------------------------------------------------------------------------------
                                  0.000000    0.000000   clock clk (rise edge)
                                  0.000000    0.000000   clock network delay (propagated)
                                  3.000000    3.000000 ^ input external delay
     1    0.003100    0.021025    0.011378    3.011378 ^ rst_n (in)
                                                         rst_n (net)
                      0.021025    0.000000    3.011378 ^ input1/A (sky130_fd_sc_hd__buf_2)
     2    0.029231    0.146971    0.170725    3.182103 ^ input1/X (sky130_fd_sc_hd__buf_2)
                                                         net1 (net)
                      0.146976    0.000663    3.182766 ^ fanout715/A (sky130_fd_sc_hd__buf_4)
     9    0.058240    0.164162    0.235326    3.418092 ^ fanout715/X (sky130_fd_sc_hd__buf_4)
                                                         net715 (net)
                      0.164289    0.002787    3.420879 ^ fanout714/A (sky130_fd_sc_hd__clkbuf_4)
     8    0.049227    0.155139    0.256085    3.676964 ^ fanout714/X (sky130_fd_sc_hd__clkbuf_4)
                                                         net714 (net)
                      0.155169    0.001816    3.678780 ^ fanout712/A (sky130_fd_sc_hd__clkbuf_4)
    10    0.051444    0.159225    0.259127    3.937907 ^ fanout712/X (sky130_fd_sc_hd__clkbuf_4)
                                                         net712 (net)
                      0.159404    0.003391    3.941298 ^ _13673_/RESET_B (sky130_fd_sc_hd__dfrtp_1)
                                              3.941298   data arrival time

                                 15.000000   15.000000   clock clk (rise edge)
                                  0.000000   15.000000   clock source latency
     1    0.034823    0.162195    0.115248   15.115248 ^ clk (in)
                                                         clk (net)
                      0.162620    0.000000   15.115248 ^ clkbuf_0_clk/A (sky130_fd_sc_hd__clkbuf_16)
     8    0.113161    0.127354    0.234087   15.349335 ^ clkbuf_0_clk/X (sky130_fd_sc_hd__clkbuf_16)
                                                         clknet_0_clk (net)
                      0.127819    0.006139   15.355474 ^ clkbuf_3_2__f_clk/A (sky130_fd_sc_hd__clkbuf_16)
    10    0.035562    0.055795    0.167619   15.523092 ^ clkbuf_3_2__f_clk/X (sky130_fd_sc_hd__clkbuf_16)
                                                         clknet_3_2__leaf_clk (net)
                      0.056115    0.002395   15.525487 ^ _13673_/CLK (sky130_fd_sc_hd__dfrtp_1)
                                 -0.250000   15.275488   clock uncertainty
                                  0.000000   15.275488   clock reconvergence pessimism
                                  0.204173   15.479661   library recovery time
                                             15.479661   data required time
---------------------------------------------------------------------------------------------
                                             15.479661   data required time
                                             -3.941298   data arrival time
---------------------------------------------------------------------------------------------
                                             11.538363   slack (MET)


Startpoint: rst_n (input port clocked by clk)
Endpoint: _13685_ (recovery check against rising-edge clock clk)
Path Group: asynchronous
Path Type: max

Fanout         Cap        Slew       Delay        Time   Description
---------------------------------------------------------------------------------------------
                                  0.000000    0.000000   clock clk (rise edge)
                                  0.000000    0.000000   clock network delay (propagated)
                                  3.000000    3.000000 ^ input external delay
     1    0.003100    0.021025    0.011378    3.011378 ^ rst_n (in)
                                                         rst_n (net)
                      0.021025    0.000000    3.011378 ^ input1/A (sky130_fd_sc_hd__buf_2)
     2    0.029231    0.146971    0.170725    3.182103 ^ input1/X (sky130_fd_sc_hd__buf_2)
                                                         net1 (net)
                      0.146976    0.000663    3.182766 ^ fanout715/A (sky130_fd_sc_hd__buf_4)
     9    0.058240    0.164162    0.235326    3.418092 ^ fanout715/X (sky130_fd_sc_hd__buf_4)
                                                         net715 (net)
                      0.164289    0.002787    3.420879 ^ fanout714/A (sky130_fd_sc_hd__clkbuf_4)
     8    0.049227    0.155139    0.256085    3.676964 ^ fanout714/X (sky130_fd_sc_hd__clkbuf_4)
                                                         net714 (net)
                      0.155543    0.006463    3.683427 ^ fanout713/A (sky130_fd_sc_hd__clkbuf_4)
    10    0.047749    0.150495    0.252301    3.935728 ^ fanout713/X (sky130_fd_sc_hd__clkbuf_4)
                                                         net713 (net)
                      0.150534    0.002339    3.938067 ^ _13685_/RESET_B (sky130_fd_sc_hd__dfrtp_1)
                                              3.938067   data arrival time

                                 15.000000   15.000000   clock clk (rise edge)
                                  0.000000   15.000000   clock source latency
     1    0.034823    0.162195    0.115248   15.115248 ^ clk (in)
                                                         clk (net)
                      0.162620    0.000000   15.115248 ^ clkbuf_0_clk/A (sky130_fd_sc_hd__clkbuf_16)
     8    0.113161    0.127354    0.234087   15.349335 ^ clkbuf_0_clk/X (sky130_fd_sc_hd__clkbuf_16)
                                                         clknet_0_clk (net)
                      0.127686    0.005208   15.354543 ^ clkbuf_3_3__f_clk/A (sky130_fd_sc_hd__clkbuf_16)
    10    0.031963    0.052824    0.165569   15.520112 ^ clkbuf_3_3__f_clk/X (sky130_fd_sc_hd__clkbuf_16)
                                                         clknet_3_3__leaf_clk (net)
                      0.052843    0.001496   15.521607 ^ _13685_/CLK (sky130_fd_sc_hd__dfrtp_1)
                                 -0.250000   15.271608   clock uncertainty
                                  0.000000   15.271608   clock reconvergence pessimism
                                  0.205448   15.477057   library recovery time
                                             15.477057   data required time
---------------------------------------------------------------------------------------------
                                             15.477057   data required time
                                             -3.938067   data arrival time
---------------------------------------------------------------------------------------------
                                             11.538990   slack (MET)


Startpoint: rst_n (input port clocked by clk)
Endpoint: _13686_ (recovery check against rising-edge clock clk)
Path Group: asynchronous
Path Type: max

Fanout         Cap        Slew       Delay        Time   Description
---------------------------------------------------------------------------------------------
                                  0.000000    0.000000   clock clk (rise edge)
                                  0.000000    0.000000   clock network delay (propagated)
                                  3.000000    3.000000 ^ input external delay
     1    0.003100    0.021025    0.011378    3.011378 ^ rst_n (in)
                                                         rst_n (net)
                      0.021025    0.000000    3.011378 ^ input1/A (sky130_fd_sc_hd__buf_2)
     2    0.029231    0.146971    0.170725    3.182103 ^ input1/X (sky130_fd_sc_hd__buf_2)
                                                         net1 (net)
                      0.146976    0.000663    3.182766 ^ fanout715/A (sky130_fd_sc_hd__buf_4)
     9    0.058240    0.164162    0.235326    3.418092 ^ fanout715/X (sky130_fd_sc_hd__buf_4)
                                                         net715 (net)
                      0.164289    0.002787    3.420879 ^ fanout714/A (sky130_fd_sc_hd__clkbuf_4)
     8    0.049227    0.155139    0.256085    3.676964 ^ fanout714/X (sky130_fd_sc_hd__clkbuf_4)
                                                         net714 (net)
                      0.155543    0.006463    3.683427 ^ fanout713/A (sky130_fd_sc_hd__clkbuf_4)
    10    0.047749    0.150495    0.252301    3.935728 ^ fanout713/X (sky130_fd_sc_hd__clkbuf_4)
                                                         net713 (net)
                      0.150532    0.002288    3.938015 ^ _13686_/RESET_B (sky130_fd_sc_hd__dfrtp_1)
                                              3.938015   data arrival time

                                 15.000000   15.000000   clock clk (rise edge)
                                  0.000000   15.000000   clock source latency
     1    0.034823    0.162195    0.115248   15.115248 ^ clk (in)
                                                         clk (net)
                      0.162620    0.000000   15.115248 ^ clkbuf_0_clk/A (sky130_fd_sc_hd__clkbuf_16)
     8    0.113161    0.127354    0.234087   15.349335 ^ clkbuf_0_clk/X (sky130_fd_sc_hd__clkbuf_16)
                                                         clknet_0_clk (net)
                      0.127686    0.005208   15.354543 ^ clkbuf_3_3__f_clk/A (sky130_fd_sc_hd__clkbuf_16)
    10    0.031963    0.052824    0.165569   15.520112 ^ clkbuf_3_3__f_clk/X (sky130_fd_sc_hd__clkbuf_16)
                                                         clknet_3_3__leaf_clk (net)
                      0.052842    0.001473   15.521585 ^ _13686_/CLK (sky130_fd_sc_hd__dfrtp_1)
                                 -0.250000   15.271585   clock uncertainty
                                  0.000000   15.271585   clock reconvergence pessimism
                                  0.205448   15.477034   library recovery time
                                             15.477034   data required time
---------------------------------------------------------------------------------------------
                                             15.477034   data required time
                                             -3.938015   data arrival time
---------------------------------------------------------------------------------------------
                                             11.539018   slack (MET)


Startpoint: rst_n (input port clocked by clk)
Endpoint: _13687_ (recovery check against rising-edge clock clk)
Path Group: asynchronous
Path Type: max

Fanout         Cap        Slew       Delay        Time   Description
---------------------------------------------------------------------------------------------
                                  0.000000    0.000000   clock clk (rise edge)
                                  0.000000    0.000000   clock network delay (propagated)
                                  3.000000    3.000000 ^ input external delay
     1    0.003100    0.021025    0.011378    3.011378 ^ rst_n (in)
                                                         rst_n (net)
                      0.021025    0.000000    3.011378 ^ input1/A (sky130_fd_sc_hd__buf_2)
     2    0.029231    0.146971    0.170725    3.182103 ^ input1/X (sky130_fd_sc_hd__buf_2)
                                                         net1 (net)
                      0.146976    0.000663    3.182766 ^ fanout715/A (sky130_fd_sc_hd__buf_4)
     9    0.058240    0.164162    0.235326    3.418092 ^ fanout715/X (sky130_fd_sc_hd__buf_4)
                                                         net715 (net)
                      0.164289    0.002787    3.420879 ^ fanout714/A (sky130_fd_sc_hd__clkbuf_4)
     8    0.049227    0.155139    0.256085    3.676964 ^ fanout714/X (sky130_fd_sc_hd__clkbuf_4)
                                                         net714 (net)
                      0.155543    0.006463    3.683427 ^ fanout713/A (sky130_fd_sc_hd__clkbuf_4)
    10    0.047749    0.150495    0.252301    3.935728 ^ fanout713/X (sky130_fd_sc_hd__clkbuf_4)
                                                         net713 (net)
                      0.150532    0.002275    3.938003 ^ _13687_/RESET_B (sky130_fd_sc_hd__dfrtp_1)
                                              3.938003   data arrival time

                                 15.000000   15.000000   clock clk (rise edge)
                                  0.000000   15.000000   clock source latency
     1    0.034823    0.162195    0.115248   15.115248 ^ clk (in)
                                                         clk (net)
                      0.162620    0.000000   15.115248 ^ clkbuf_0_clk/A (sky130_fd_sc_hd__clkbuf_16)
     8    0.113161    0.127354    0.234087   15.349335 ^ clkbuf_0_clk/X (sky130_fd_sc_hd__clkbuf_16)
                                                         clknet_0_clk (net)
                      0.127686    0.005208   15.354543 ^ clkbuf_3_3__f_clk/A (sky130_fd_sc_hd__clkbuf_16)
    10    0.031963    0.052824    0.165569   15.520112 ^ clkbuf_3_3__f_clk/X (sky130_fd_sc_hd__clkbuf_16)
                                                         clknet_3_3__leaf_clk (net)
                      0.052841    0.001462   15.521574 ^ _13687_/CLK (sky130_fd_sc_hd__dfrtp_1)
                                 -0.250000   15.271575   clock uncertainty
                                  0.000000   15.271575   clock reconvergence pessimism
                                  0.205448   15.477023   library recovery time
                                             15.477023   data required time
---------------------------------------------------------------------------------------------
                                             15.477023   data required time
                                             -3.938003   data arrival time
---------------------------------------------------------------------------------------------
                                             11.539020   slack (MET)


Startpoint: rst_n (input port clocked by clk)
Endpoint: _13688_ (recovery check against rising-edge clock clk)
Path Group: asynchronous
Path Type: max

Fanout         Cap        Slew       Delay        Time   Description
---------------------------------------------------------------------------------------------
                                  0.000000    0.000000   clock clk (rise edge)
                                  0.000000    0.000000   clock network delay (propagated)
                                  3.000000    3.000000 ^ input external delay
     1    0.003100    0.021025    0.011378    3.011378 ^ rst_n (in)
                                                         rst_n (net)
                      0.021025    0.000000    3.011378 ^ input1/A (sky130_fd_sc_hd__buf_2)
     2    0.029231    0.146971    0.170725    3.182103 ^ input1/X (sky130_fd_sc_hd__buf_2)
                                                         net1 (net)
                      0.146976    0.000663    3.182766 ^ fanout715/A (sky130_fd_sc_hd__buf_4)
     9    0.058240    0.164162    0.235326    3.418092 ^ fanout715/X (sky130_fd_sc_hd__buf_4)
                                                         net715 (net)
                      0.164289    0.002787    3.420879 ^ fanout714/A (sky130_fd_sc_hd__clkbuf_4)
     8    0.049227    0.155139    0.256085    3.676964 ^ fanout714/X (sky130_fd_sc_hd__clkbuf_4)
                                                         net714 (net)
                      0.155543    0.006463    3.683427 ^ fanout713/A (sky130_fd_sc_hd__clkbuf_4)
    10    0.047749    0.150495    0.252301    3.935728 ^ fanout713/X (sky130_fd_sc_hd__clkbuf_4)
                                                         net713 (net)
                      0.150529    0.002195    3.937923 ^ _13688_/RESET_B (sky130_fd_sc_hd__dfrtp_1)
                                              3.937923   data arrival time

                                 15.000000   15.000000   clock clk (rise edge)
                                  0.000000   15.000000   clock source latency
     1    0.034823    0.162195    0.115248   15.115248 ^ clk (in)
                                                         clk (net)
                      0.162620    0.000000   15.115248 ^ clkbuf_0_clk/A (sky130_fd_sc_hd__clkbuf_16)
     8    0.113161    0.127354    0.234087   15.349335 ^ clkbuf_0_clk/X (sky130_fd_sc_hd__clkbuf_16)
                                                         clknet_0_clk (net)
                      0.127686    0.005208   15.354543 ^ clkbuf_3_3__f_clk/A (sky130_fd_sc_hd__clkbuf_16)
    10    0.031963    0.052824    0.165569   15.520112 ^ clkbuf_3_3__f_clk/X (sky130_fd_sc_hd__clkbuf_16)
                                                         clknet_3_3__leaf_clk (net)
                      0.052837    0.001403   15.521515 ^ _13688_/CLK (sky130_fd_sc_hd__dfrtp_1)
                                 -0.250000   15.271516   clock uncertainty
                                  0.000000   15.271516   clock reconvergence pessimism
                                  0.205448   15.476964   library recovery time
                                             15.476964   data required time
---------------------------------------------------------------------------------------------
                                             15.476964   data required time
                                             -3.937923   data arrival time
---------------------------------------------------------------------------------------------
                                             11.539042   slack (MET)


Startpoint: rst_n (input port clocked by clk)
Endpoint: _13674_ (recovery check against rising-edge clock clk)
Path Group: asynchronous
Path Type: max

Fanout         Cap        Slew       Delay        Time   Description
---------------------------------------------------------------------------------------------
                                  0.000000    0.000000   clock clk (rise edge)
                                  0.000000    0.000000   clock network delay (propagated)
                                  3.000000    3.000000 ^ input external delay
     1    0.003100    0.021025    0.011378    3.011378 ^ rst_n (in)
                                                         rst_n (net)
                      0.021025    0.000000    3.011378 ^ input1/A (sky130_fd_sc_hd__buf_2)
     2    0.029231    0.146971    0.170725    3.182103 ^ input1/X (sky130_fd_sc_hd__buf_2)
                                                         net1 (net)
                      0.146976    0.000663    3.182766 ^ fanout715/A (sky130_fd_sc_hd__buf_4)
     9    0.058240    0.164162    0.235326    3.418092 ^ fanout715/X (sky130_fd_sc_hd__buf_4)
                                                         net715 (net)
                      0.164289    0.002787    3.420879 ^ fanout714/A (sky130_fd_sc_hd__clkbuf_4)
     8    0.049227    0.155139    0.256085    3.676964 ^ fanout714/X (sky130_fd_sc_hd__clkbuf_4)
                                                         net714 (net)
                      0.155169    0.001816    3.678780 ^ fanout712/A (sky130_fd_sc_hd__clkbuf_4)
    10    0.051444    0.159225    0.259127    3.937907 ^ fanout712/X (sky130_fd_sc_hd__clkbuf_4)
                                                         net712 (net)
                      0.159377    0.002933    3.940840 ^ _13674_/RESET_B (sky130_fd_sc_hd__dfrtp_1)
                                              3.940840   data arrival time

                                 15.000000   15.000000   clock clk (rise edge)
                                  0.000000   15.000000   clock source latency
     1    0.034823    0.162195    0.115248   15.115248 ^ clk (in)
                                                         clk (net)
                      0.162620    0.000000   15.115248 ^ clkbuf_0_clk/A (sky130_fd_sc_hd__clkbuf_16)
     8    0.113161    0.127354    0.234087   15.349335 ^ clkbuf_0_clk/X (sky130_fd_sc_hd__clkbuf_16)
                                                         clknet_0_clk (net)
                      0.127819    0.006139   15.355474 ^ clkbuf_3_2__f_clk/A (sky130_fd_sc_hd__clkbuf_16)
    10    0.035562    0.055795    0.167619   15.523092 ^ clkbuf_3_2__f_clk/X (sky130_fd_sc_hd__clkbuf_16)
                                                         clknet_3_2__leaf_clk (net)
                      0.056158    0.002704   15.525796 ^ _13674_/CLK (sky130_fd_sc_hd__dfrtp_1)
                                 -0.250000   15.275797   clock uncertainty
                                  0.000000   15.275797   clock reconvergence pessimism
                                  0.204194   15.479991   library recovery time
                                             15.479991   data required time
---------------------------------------------------------------------------------------------
                                             15.479991   data required time
                                             -3.940840   data arrival time
---------------------------------------------------------------------------------------------
                                             11.539150   slack (MET)


Startpoint: rst_n (input port clocked by clk)
Endpoint: _13692_ (recovery check against rising-edge clock clk)
Path Group: asynchronous
Path Type: max

Fanout         Cap        Slew       Delay        Time   Description
---------------------------------------------------------------------------------------------
                                  0.000000    0.000000   clock clk (rise edge)
                                  0.000000    0.000000   clock network delay (propagated)
                                  3.000000    3.000000 ^ input external delay
     1    0.003100    0.021025    0.011378    3.011378 ^ rst_n (in)
                                                         rst_n (net)
                      0.021025    0.000000    3.011378 ^ input1/A (sky130_fd_sc_hd__buf_2)
     2    0.029231    0.146971    0.170725    3.182103 ^ input1/X (sky130_fd_sc_hd__buf_2)
                                                         net1 (net)
                      0.146976    0.000663    3.182766 ^ fanout715/A (sky130_fd_sc_hd__buf_4)
     9    0.058240    0.164162    0.235326    3.418092 ^ fanout715/X (sky130_fd_sc_hd__buf_4)
                                                         net715 (net)
                      0.164289    0.002787    3.420879 ^ fanout714/A (sky130_fd_sc_hd__clkbuf_4)
     8    0.049227    0.155139    0.256085    3.676964 ^ fanout714/X (sky130_fd_sc_hd__clkbuf_4)
                                                         net714 (net)
                      0.155543    0.006463    3.683427 ^ fanout713/A (sky130_fd_sc_hd__clkbuf_4)
    10    0.047749    0.150495    0.252301    3.935728 ^ fanout713/X (sky130_fd_sc_hd__clkbuf_4)
                                                         net713 (net)
                      0.150504    0.001338    3.937066 ^ _13692_/RESET_B (sky130_fd_sc_hd__dfrtp_1)
                                              3.937066   data arrival time

                                 15.000000   15.000000   clock clk (rise edge)
                                  0.000000   15.000000   clock source latency
     1    0.034823    0.162195    0.115248   15.115248 ^ clk (in)
                                                         clk (net)
                      0.162620    0.000000   15.115248 ^ clkbuf_0_clk/A (sky130_fd_sc_hd__clkbuf_16)
     8    0.113161    0.127354    0.234087   15.349335 ^ clkbuf_0_clk/X (sky130_fd_sc_hd__clkbuf_16)
                                                         clknet_0_clk (net)
                      0.127686    0.005208   15.354543 ^ clkbuf_3_3__f_clk/A (sky130_fd_sc_hd__clkbuf_16)
    10    0.031963    0.052824    0.165569   15.520112 ^ clkbuf_3_3__f_clk/X (sky130_fd_sc_hd__clkbuf_16)
                                                         clknet_3_3__leaf_clk (net)
                      0.052829    0.000954   15.521066 ^ _13692_/CLK (sky130_fd_sc_hd__dfrtp_1)
                                 -0.250000   15.271067   clock uncertainty
                                  0.000000   15.271067   clock reconvergence pessimism
                                  0.205452   15.476519   library recovery time
                                             15.476519   data required time
---------------------------------------------------------------------------------------------
                                             15.476519   data required time
                                             -3.937066   data arrival time
---------------------------------------------------------------------------------------------
                                             11.539453   slack (MET)


Startpoint: rst_n (input port clocked by clk)
Endpoint: _13693_ (recovery check against rising-edge clock clk)
Path Group: asynchronous
Path Type: max

Fanout         Cap        Slew       Delay        Time   Description
---------------------------------------------------------------------------------------------
                                  0.000000    0.000000   clock clk (rise edge)
                                  0.000000    0.000000   clock network delay (propagated)
                                  3.000000    3.000000 ^ input external delay
     1    0.003100    0.021025    0.011378    3.011378 ^ rst_n (in)
                                                         rst_n (net)
                      0.021025    0.000000    3.011378 ^ input1/A (sky130_fd_sc_hd__buf_2)
     2    0.029231    0.146971    0.170725    3.182103 ^ input1/X (sky130_fd_sc_hd__buf_2)
                                                         net1 (net)
                      0.146976    0.000663    3.182766 ^ fanout715/A (sky130_fd_sc_hd__buf_4)
     9    0.058240    0.164162    0.235326    3.418092 ^ fanout715/X (sky130_fd_sc_hd__buf_4)
                                                         net715 (net)
                      0.164289    0.002787    3.420879 ^ fanout714/A (sky130_fd_sc_hd__clkbuf_4)
     8    0.049227    0.155139    0.256085    3.676964 ^ fanout714/X (sky130_fd_sc_hd__clkbuf_4)
                                                         net714 (net)
                      0.155543    0.006463    3.683427 ^ fanout713/A (sky130_fd_sc_hd__clkbuf_4)
    10    0.047749    0.150495    0.252301    3.935728 ^ fanout713/X (sky130_fd_sc_hd__clkbuf_4)
                                                         net713 (net)
                      0.150502    0.001196    3.936924 ^ _13693_/RESET_B (sky130_fd_sc_hd__dfrtp_1)
                                              3.936924   data arrival time

                                 15.000000   15.000000   clock clk (rise edge)
                                  0.000000   15.000000   clock source latency
     1    0.034823    0.162195    0.115248   15.115248 ^ clk (in)
                                                         clk (net)
                      0.162620    0.000000   15.115248 ^ clkbuf_0_clk/A (sky130_fd_sc_hd__clkbuf_16)
     8    0.113161    0.127354    0.234087   15.349335 ^ clkbuf_0_clk/X (sky130_fd_sc_hd__clkbuf_16)
                                                         clknet_0_clk (net)
                      0.127686    0.005208   15.354543 ^ clkbuf_3_3__f_clk/A (sky130_fd_sc_hd__clkbuf_16)
    10    0.031963    0.052824    0.165569   15.520112 ^ clkbuf_3_3__f_clk/X (sky130_fd_sc_hd__clkbuf_16)
                                                         clknet_3_3__leaf_clk (net)
                      0.052829    0.001004   15.521115 ^ _13693_/CLK (sky130_fd_sc_hd__dfrtp_1)
                                 -0.250000   15.271116   clock uncertainty
                                  0.000000   15.271116   clock reconvergence pessimism
                                  0.205452   15.476568   library recovery time
                                             15.476568   data required time
---------------------------------------------------------------------------------------------
                                             15.476568   data required time
                                             -3.936924   data arrival time
---------------------------------------------------------------------------------------------
                                             11.539644   slack (MET)


Startpoint: rst_n (input port clocked by clk)
Endpoint: _13697_ (recovery check against rising-edge clock clk)
Path Group: asynchronous
Path Type: max

Fanout         Cap        Slew       Delay        Time   Description
---------------------------------------------------------------------------------------------
                                  0.000000    0.000000   clock clk (rise edge)
                                  0.000000    0.000000   clock network delay (propagated)
                                  3.000000    3.000000 ^ input external delay
     1    0.003100    0.021025    0.011378    3.011378 ^ rst_n (in)
                                                         rst_n (net)
                      0.021025    0.000000    3.011378 ^ input1/A (sky130_fd_sc_hd__buf_2)
     2    0.029231    0.146971    0.170725    3.182103 ^ input1/X (sky130_fd_sc_hd__buf_2)
                                                         net1 (net)
                      0.146976    0.000663    3.182766 ^ fanout715/A (sky130_fd_sc_hd__buf_4)
     9    0.058240    0.164162    0.235326    3.418092 ^ fanout715/X (sky130_fd_sc_hd__buf_4)
                                                         net715 (net)
                      0.164289    0.002787    3.420879 ^ fanout714/A (sky130_fd_sc_hd__clkbuf_4)
     8    0.049227    0.155139    0.256085    3.676964 ^ fanout714/X (sky130_fd_sc_hd__clkbuf_4)
                                                         net714 (net)
                      0.155543    0.006463    3.683427 ^ fanout713/A (sky130_fd_sc_hd__clkbuf_4)
    10    0.047749    0.150495    0.252301    3.935728 ^ fanout713/X (sky130_fd_sc_hd__clkbuf_4)
                                                         net713 (net)
                      0.150496    0.000713    3.936441 ^ _13697_/RESET_B (sky130_fd_sc_hd__dfrtp_1)
                                              3.936441   data arrival time

                                 15.000000   15.000000   clock clk (rise edge)
                                  0.000000   15.000000   clock source latency
     1    0.034823    0.162195    0.115248   15.115248 ^ clk (in)
                                                         clk (net)
                      0.162620    0.000000   15.115248 ^ clkbuf_0_clk/A (sky130_fd_sc_hd__clkbuf_16)
     8    0.113161    0.127354    0.234087   15.349335 ^ clkbuf_0_clk/X (sky130_fd_sc_hd__clkbuf_16)
                                                         clknet_0_clk (net)
                      0.127686    0.005208   15.354543 ^ clkbuf_3_3__f_clk/A (sky130_fd_sc_hd__clkbuf_16)
    10    0.031963    0.052824    0.165569   15.520112 ^ clkbuf_3_3__f_clk/X (sky130_fd_sc_hd__clkbuf_16)
                                                         clknet_3_3__leaf_clk (net)
                      0.052830    0.001087   15.521199 ^ _13697_/CLK (sky130_fd_sc_hd__dfrtp_1)
                                 -0.250000   15.271200   clock uncertainty
                                  0.000000   15.271200   clock reconvergence pessimism
                                  0.205454   15.476653   library recovery time
                                             15.476653   data required time
---------------------------------------------------------------------------------------------
                                             15.476653   data required time
                                             -3.936441   data arrival time
---------------------------------------------------------------------------------------------
                                             11.540213   slack (MET)


Startpoint: rst_n (input port clocked by clk)
Endpoint: _13675_ (recovery check against rising-edge clock clk)
Path Group: asynchronous
Path Type: max

Fanout         Cap        Slew       Delay        Time   Description
---------------------------------------------------------------------------------------------
                                  0.000000    0.000000   clock clk (rise edge)
                                  0.000000    0.000000   clock network delay (propagated)
                                  3.000000    3.000000 ^ input external delay
     1    0.003100    0.021025    0.011378    3.011378 ^ rst_n (in)
                                                         rst_n (net)
                      0.021025    0.000000    3.011378 ^ input1/A (sky130_fd_sc_hd__buf_2)
     2    0.029231    0.146971    0.170725    3.182103 ^ input1/X (sky130_fd_sc_hd__buf_2)
                                                         net1 (net)
                      0.146976    0.000663    3.182766 ^ fanout715/A (sky130_fd_sc_hd__buf_4)
     9    0.058240    0.164162    0.235326    3.418092 ^ fanout715/X (sky130_fd_sc_hd__buf_4)
                                                         net715 (net)
                      0.164289    0.002787    3.420879 ^ fanout714/A (sky130_fd_sc_hd__clkbuf_4)
     8    0.049227    0.155139    0.256085    3.676964 ^ fanout714/X (sky130_fd_sc_hd__clkbuf_4)
                                                         net714 (net)
                      0.155169    0.001816    3.678780 ^ fanout712/A (sky130_fd_sc_hd__clkbuf_4)
    10    0.051444    0.159225    0.259127    3.937907 ^ fanout712/X (sky130_fd_sc_hd__clkbuf_4)
                                                         net712 (net)
                      0.159335    0.002050    3.939957 ^ _13675_/RESET_B (sky130_fd_sc_hd__dfrtp_1)
                                              3.939957   data arrival time

                                 15.000000   15.000000   clock clk (rise edge)
                                  0.000000   15.000000   clock source latency
     1    0.034823    0.162195    0.115248   15.115248 ^ clk (in)
                                                         clk (net)
                      0.162620    0.000000   15.115248 ^ clkbuf_0_clk/A (sky130_fd_sc_hd__clkbuf_16)
     8    0.113161    0.127354    0.234087   15.349335 ^ clkbuf_0_clk/X (sky130_fd_sc_hd__clkbuf_16)
                                                         clknet_0_clk (net)
                      0.127819    0.006139   15.355474 ^ clkbuf_3_2__f_clk/A (sky130_fd_sc_hd__clkbuf_16)
    10    0.035562    0.055795    0.167619   15.523092 ^ clkbuf_3_2__f_clk/X (sky130_fd_sc_hd__clkbuf_16)
                                                         clknet_3_2__leaf_clk (net)
                      0.056239    0.003240   15.526333 ^ _13675_/CLK (sky130_fd_sc_hd__dfrtp_1)
                                 -0.250000   15.276334   clock uncertainty
                                  0.000000   15.276334   clock reconvergence pessimism
                                  0.204230   15.480563   library recovery time
                                             15.480563   data required time
---------------------------------------------------------------------------------------------
                                             15.480563   data required time
                                             -3.939957   data arrival time
---------------------------------------------------------------------------------------------
                                             11.540606   slack (MET)


Startpoint: rst_n (input port clocked by clk)
Endpoint: _13668_ (recovery check against rising-edge clock clk)
Path Group: asynchronous
Path Type: max

Fanout         Cap        Slew       Delay        Time   Description
---------------------------------------------------------------------------------------------
                                  0.000000    0.000000   clock clk (rise edge)
                                  0.000000    0.000000   clock network delay (propagated)
                                  3.000000    3.000000 ^ input external delay
     1    0.003100    0.021025    0.011378    3.011378 ^ rst_n (in)
                                                         rst_n (net)
                      0.021025    0.000000    3.011378 ^ input1/A (sky130_fd_sc_hd__buf_2)
     2    0.029231    0.146971    0.170725    3.182103 ^ input1/X (sky130_fd_sc_hd__buf_2)
                                                         net1 (net)
                      0.146976    0.000663    3.182766 ^ fanout715/A (sky130_fd_sc_hd__buf_4)
     9    0.058240    0.164162    0.235326    3.418092 ^ fanout715/X (sky130_fd_sc_hd__buf_4)
                                                         net715 (net)
                      0.164289    0.002787    3.420879 ^ fanout714/A (sky130_fd_sc_hd__clkbuf_4)
     8    0.049227    0.155139    0.256085    3.676964 ^ fanout714/X (sky130_fd_sc_hd__clkbuf_4)
                                                         net714 (net)
                      0.155169    0.001816    3.678780 ^ fanout712/A (sky130_fd_sc_hd__clkbuf_4)
    10    0.051444    0.159225    0.259127    3.937907 ^ fanout712/X (sky130_fd_sc_hd__clkbuf_4)
                                                         net712 (net)
                      0.159438    0.003873    3.941780 ^ _13668_/RESET_B (sky130_fd_sc_hd__dfrtp_1)
                                              3.941780   data arrival time

                                 15.000000   15.000000   clock clk (rise edge)
                                  0.000000   15.000000   clock source latency
     1    0.034823    0.162195    0.115248   15.115248 ^ clk (in)
                                                         clk (net)
                      0.162620    0.000000   15.115248 ^ clkbuf_0_clk/A (sky130_fd_sc_hd__clkbuf_16)
     8    0.113161    0.127354    0.234087   15.349335 ^ clkbuf_0_clk/X (sky130_fd_sc_hd__clkbuf_16)
                                                         clknet_0_clk (net)
                      0.127832    0.006226   15.355561 ^ clkbuf_3_1__f_clk/A (sky130_fd_sc_hd__clkbuf_16)
     7    0.038592    0.058653    0.170198   15.525759 ^ clkbuf_3_1__f_clk/X (sky130_fd_sc_hd__clkbuf_16)
                                                         clknet_3_1__leaf_clk (net)
                      0.058778    0.002155   15.527914 ^ _13668_/CLK (sky130_fd_sc_hd__dfrtp_1)
                                 -0.250000   15.277914   clock uncertainty
                                  0.000000   15.277914   clock reconvergence pessimism
                                  0.204993   15.482908   library recovery time
                                             15.482908   data required time
---------------------------------------------------------------------------------------------
                                             15.482908   data required time
                                             -3.941780   data arrival time
---------------------------------------------------------------------------------------------
                                             11.541127   slack (MET)


Startpoint: rst_n (input port clocked by clk)
Endpoint: _13669_ (recovery check against rising-edge clock clk)
Path Group: asynchronous
Path Type: max

Fanout         Cap        Slew       Delay        Time   Description
---------------------------------------------------------------------------------------------
                                  0.000000    0.000000   clock clk (rise edge)
                                  0.000000    0.000000   clock network delay (propagated)
                                  3.000000    3.000000 ^ input external delay
     1    0.003100    0.021025    0.011378    3.011378 ^ rst_n (in)
                                                         rst_n (net)
                      0.021025    0.000000    3.011378 ^ input1/A (sky130_fd_sc_hd__buf_2)
     2    0.029231    0.146971    0.170725    3.182103 ^ input1/X (sky130_fd_sc_hd__buf_2)
                                                         net1 (net)
                      0.146976    0.000663    3.182766 ^ fanout715/A (sky130_fd_sc_hd__buf_4)
     9    0.058240    0.164162    0.235326    3.418092 ^ fanout715/X (sky130_fd_sc_hd__buf_4)
                                                         net715 (net)
                      0.164289    0.002787    3.420879 ^ fanout714/A (sky130_fd_sc_hd__clkbuf_4)
     8    0.049227    0.155139    0.256085    3.676964 ^ fanout714/X (sky130_fd_sc_hd__clkbuf_4)
                                                         net714 (net)
                      0.155169    0.001816    3.678780 ^ fanout712/A (sky130_fd_sc_hd__clkbuf_4)
    10    0.051444    0.159225    0.259127    3.937907 ^ fanout712/X (sky130_fd_sc_hd__clkbuf_4)
                                                         net712 (net)
                      0.159434    0.003820    3.941727 ^ _13669_/RESET_B (sky130_fd_sc_hd__dfrtp_1)
                                              3.941727   data arrival time

                                 15.000000   15.000000   clock clk (rise edge)
                                  0.000000   15.000000   clock source latency
     1    0.034823    0.162195    0.115248   15.115248 ^ clk (in)
                                                         clk (net)
                      0.162620    0.000000   15.115248 ^ clkbuf_0_clk/A (sky130_fd_sc_hd__clkbuf_16)
     8    0.113161    0.127354    0.234087   15.349335 ^ clkbuf_0_clk/X (sky130_fd_sc_hd__clkbuf_16)
                                                         clknet_0_clk (net)
                      0.127832    0.006226   15.355561 ^ clkbuf_3_1__f_clk/A (sky130_fd_sc_hd__clkbuf_16)
     7    0.038592    0.058653    0.170198   15.525759 ^ clkbuf_3_1__f_clk/X (sky130_fd_sc_hd__clkbuf_16)
                                                         clknet_3_1__leaf_clk (net)
                      0.058788    0.002245   15.528005 ^ _13669_/CLK (sky130_fd_sc_hd__dfrtp_1)
                                 -0.250000   15.278005   clock uncertainty
                                  0.000000   15.278005   clock reconvergence pessimism
                                  0.204997   15.483002   library recovery time
                                             15.483002   data required time
---------------------------------------------------------------------------------------------
                                             15.483002   data required time
                                             -3.941727   data arrival time
---------------------------------------------------------------------------------------------
                                             11.541275   slack (MET)


Startpoint: rst_n (input port clocked by clk)
Endpoint: _13676_ (recovery check against rising-edge clock clk)
Path Group: asynchronous
Path Type: max

Fanout         Cap        Slew       Delay        Time   Description
---------------------------------------------------------------------------------------------
                                  0.000000    0.000000   clock clk (rise edge)
                                  0.000000    0.000000   clock network delay (propagated)
                                  3.000000    3.000000 ^ input external delay
     1    0.003100    0.021025    0.011378    3.011378 ^ rst_n (in)
                                                         rst_n (net)
                      0.021025    0.000000    3.011378 ^ input1/A (sky130_fd_sc_hd__buf_2)
     2    0.029231    0.146971    0.170725    3.182103 ^ input1/X (sky130_fd_sc_hd__buf_2)
                                                         net1 (net)
                      0.146976    0.000663    3.182766 ^ fanout715/A (sky130_fd_sc_hd__buf_4)
     9    0.058240    0.164162    0.235326    3.418092 ^ fanout715/X (sky130_fd_sc_hd__buf_4)
                                                         net715 (net)
                      0.164289    0.002787    3.420879 ^ fanout714/A (sky130_fd_sc_hd__clkbuf_4)
     8    0.049227    0.155139    0.256085    3.676964 ^ fanout714/X (sky130_fd_sc_hd__clkbuf_4)
                                                         net714 (net)
                      0.155169    0.001816    3.678780 ^ fanout712/A (sky130_fd_sc_hd__clkbuf_4)
    10    0.051444    0.159225    0.259127    3.937907 ^ fanout712/X (sky130_fd_sc_hd__clkbuf_4)
                                                         net712 (net)
                      0.159309    0.001172    3.939079 ^ _13676_/RESET_B (sky130_fd_sc_hd__dfrtp_1)
                                              3.939079   data arrival time

                                 15.000000   15.000000   clock clk (rise edge)
                                  0.000000   15.000000   clock source latency
     1    0.034823    0.162195    0.115248   15.115248 ^ clk (in)
                                                         clk (net)
                      0.162620    0.000000   15.115248 ^ clkbuf_0_clk/A (sky130_fd_sc_hd__clkbuf_16)
     8    0.113161    0.127354    0.234087   15.349335 ^ clkbuf_0_clk/X (sky130_fd_sc_hd__clkbuf_16)
                                                         clknet_0_clk (net)
                      0.127819    0.006139   15.355474 ^ clkbuf_3_2__f_clk/A (sky130_fd_sc_hd__clkbuf_16)
    10    0.035562    0.055795    0.167619   15.523092 ^ clkbuf_3_2__f_clk/X (sky130_fd_sc_hd__clkbuf_16)
                                                         clknet_3_2__leaf_clk (net)
                      0.056292    0.003558   15.526650 ^ _13676_/CLK (sky130_fd_sc_hd__dfrtp_1)
                                 -0.250000   15.276651   clock uncertainty
                                  0.000000   15.276651   clock reconvergence pessimism
                                  0.204253   15.480905   library recovery time
                                             15.480905   data required time
---------------------------------------------------------------------------------------------
                                             15.480905   data required time
                                             -3.939079   data arrival time
---------------------------------------------------------------------------------------------
                                             11.541824   slack (MET)


Startpoint: rst_n (input port clocked by clk)
Endpoint: _13677_ (recovery check against rising-edge clock clk)
Path Group: asynchronous
Path Type: max

Fanout         Cap        Slew       Delay        Time   Description
---------------------------------------------------------------------------------------------
                                  0.000000    0.000000   clock clk (rise edge)
                                  0.000000    0.000000   clock network delay (propagated)
                                  3.000000    3.000000 ^ input external delay
     1    0.003100    0.021025    0.011378    3.011378 ^ rst_n (in)
                                                         rst_n (net)
                      0.021025    0.000000    3.011378 ^ input1/A (sky130_fd_sc_hd__buf_2)
     2    0.029231    0.146971    0.170725    3.182103 ^ input1/X (sky130_fd_sc_hd__buf_2)
                                                         net1 (net)
                      0.146976    0.000663    3.182766 ^ fanout715/A (sky130_fd_sc_hd__buf_4)
     9    0.058240    0.164162    0.235326    3.418092 ^ fanout715/X (sky130_fd_sc_hd__buf_4)
                                                         net715 (net)
                      0.164289    0.002787    3.420879 ^ fanout714/A (sky130_fd_sc_hd__clkbuf_4)
     8    0.049227    0.155139    0.256085    3.676964 ^ fanout714/X (sky130_fd_sc_hd__clkbuf_4)
                                                         net714 (net)
                      0.155169    0.001816    3.678780 ^ fanout712/A (sky130_fd_sc_hd__clkbuf_4)
    10    0.051444    0.159225    0.259127    3.937907 ^ fanout712/X (sky130_fd_sc_hd__clkbuf_4)
                                                         net712 (net)
                      0.159226    0.000916    3.938823 ^ _13677_/RESET_B (sky130_fd_sc_hd__dfrtp_1)
                                              3.938823   data arrival time

                                 15.000000   15.000000   clock clk (rise edge)
                                  0.000000   15.000000   clock source latency
     1    0.034823    0.162195    0.115248   15.115248 ^ clk (in)
                                                         clk (net)
                      0.162620    0.000000   15.115248 ^ clkbuf_0_clk/A (sky130_fd_sc_hd__clkbuf_16)
     8    0.113161    0.127354    0.234087   15.349335 ^ clkbuf_0_clk/X (sky130_fd_sc_hd__clkbuf_16)
                                                         clknet_0_clk (net)
                      0.127819    0.006139   15.355474 ^ clkbuf_3_2__f_clk/A (sky130_fd_sc_hd__clkbuf_16)
    10    0.035562    0.055795    0.167619   15.523092 ^ clkbuf_3_2__f_clk/X (sky130_fd_sc_hd__clkbuf_16)
                                                         clknet_3_2__leaf_clk (net)
                      0.056301    0.003613   15.526706 ^ _13677_/CLK (sky130_fd_sc_hd__dfrtp_1)
                                 -0.250000   15.276707   clock uncertainty
                                  0.000000   15.276707   clock reconvergence pessimism
                                  0.204277   15.480984   library recovery time
                                             15.480984   data required time
---------------------------------------------------------------------------------------------
                                             15.480984   data required time
                                             -3.938823   data arrival time
---------------------------------------------------------------------------------------------
                                             11.542161   slack (MET)


Startpoint: rst_n (input port clocked by clk)
Endpoint: _13680_ (recovery check against rising-edge clock clk)
Path Group: asynchronous
Path Type: max

Fanout         Cap        Slew       Delay        Time   Description
---------------------------------------------------------------------------------------------
                                  0.000000    0.000000   clock clk (rise edge)
                                  0.000000    0.000000   clock network delay (propagated)
                                  3.000000    3.000000 ^ input external delay
     1    0.003100    0.021025    0.011378    3.011378 ^ rst_n (in)
                                                         rst_n (net)
                      0.021025    0.000000    3.011378 ^ input1/A (sky130_fd_sc_hd__buf_2)
     2    0.029231    0.146971    0.170725    3.182103 ^ input1/X (sky130_fd_sc_hd__buf_2)
                                                         net1 (net)
                      0.146976    0.000663    3.182766 ^ fanout715/A (sky130_fd_sc_hd__buf_4)
     9    0.058240    0.164162    0.235326    3.418092 ^ fanout715/X (sky130_fd_sc_hd__buf_4)
                                                         net715 (net)
                      0.164289    0.002787    3.420879 ^ fanout714/A (sky130_fd_sc_hd__clkbuf_4)
     8    0.049227    0.155139    0.256085    3.676964 ^ fanout714/X (sky130_fd_sc_hd__clkbuf_4)
                                                         net714 (net)
                      0.155169    0.001816    3.678780 ^ fanout712/A (sky130_fd_sc_hd__clkbuf_4)
    10    0.051444    0.159225    0.259127    3.937907 ^ fanout712/X (sky130_fd_sc_hd__clkbuf_4)
                                                         net712 (net)
                      0.159225    0.000702    3.938609 ^ _13680_/RESET_B (sky130_fd_sc_hd__dfrtp_1)
                                              3.938609   data arrival time

                                 15.000000   15.000000   clock clk (rise edge)
                                  0.000000   15.000000   clock source latency
     1    0.034823    0.162195    0.115248   15.115248 ^ clk (in)
                                                         clk (net)
                      0.162620    0.000000   15.115248 ^ clkbuf_0_clk/A (sky130_fd_sc_hd__clkbuf_16)
     8    0.113161    0.127354    0.234087   15.349335 ^ clkbuf_0_clk/X (sky130_fd_sc_hd__clkbuf_16)
                                                         clknet_0_clk (net)
                      0.127819    0.006139   15.355474 ^ clkbuf_3_2__f_clk/A (sky130_fd_sc_hd__clkbuf_16)
    10    0.035562    0.055795    0.167619   15.523092 ^ clkbuf_3_2__f_clk/X (sky130_fd_sc_hd__clkbuf_16)
                                                         clknet_3_2__leaf_clk (net)
                      0.056315    0.003693   15.526786 ^ _13680_/CLK (sky130_fd_sc_hd__dfrtp_1)
                                 -0.250000   15.276787   clock uncertainty
                                  0.000000   15.276787   clock reconvergence pessimism
                                  0.204282   15.481068   library recovery time
                                             15.481068   data required time
---------------------------------------------------------------------------------------------
                                             15.481068   data required time
                                             -3.938609   data arrival time
---------------------------------------------------------------------------------------------
                                             11.542459   slack (MET)


Startpoint: rst_n (input port clocked by clk)
Endpoint: _13642_ (recovery check against rising-edge clock clk)
Path Group: asynchronous
Path Type: max

Fanout         Cap        Slew       Delay        Time   Description
---------------------------------------------------------------------------------------------
                                  0.000000    0.000000   clock clk (rise edge)
                                  0.000000    0.000000   clock network delay (propagated)
                                  3.000000    3.000000 ^ input external delay
     1    0.003100    0.021025    0.011378    3.011378 ^ rst_n (in)
                                                         rst_n (net)
                      0.021025    0.000000    3.011378 ^ input1/A (sky130_fd_sc_hd__buf_2)
     2    0.029231    0.146971    0.170725    3.182103 ^ input1/X (sky130_fd_sc_hd__buf_2)
                                                         net1 (net)
                      0.147176    0.004483    3.186586 ^ fanout719/A (sky130_fd_sc_hd__clkbuf_8)
     9    0.075723    0.138066    0.234691    3.421277 ^ fanout719/X (sky130_fd_sc_hd__clkbuf_8)
                                                         net719 (net)
                      0.138431    0.005144    3.426421 ^ fanout718/A (sky130_fd_sc_hd__clkbuf_4)
     8    0.052488    0.162884    0.253625    3.680046 ^ fanout718/X (sky130_fd_sc_hd__clkbuf_4)
                                                         net718 (net)
                      0.162888    0.000660    3.680705 ^ fanout716/A (sky130_fd_sc_hd__clkbuf_4)
    10    0.045075    0.143132    0.249040    3.929745 ^ fanout716/X (sky130_fd_sc_hd__clkbuf_4)
                                                         net716 (net)
                      0.143174    0.002328    3.932073 ^ _13642_/RESET_B (sky130_fd_sc_hd__dfrtp_1)
                                              3.932073   data arrival time

                                 15.000000   15.000000   clock clk (rise edge)
                                  0.000000   15.000000   clock source latency
     1    0.034823    0.162195    0.115248   15.115248 ^ clk (in)
                                                         clk (net)
                      0.162620    0.000000   15.115248 ^ clkbuf_0_clk/A (sky130_fd_sc_hd__clkbuf_16)
     8    0.113161    0.127354    0.234087   15.349335 ^ clkbuf_0_clk/X (sky130_fd_sc_hd__clkbuf_16)
                                                         clknet_0_clk (net)
                      0.127740    0.005604   15.354939 ^ clkbuf_3_6__f_clk/A (sky130_fd_sc_hd__clkbuf_16)
    10    0.030191    0.051358    0.164231   15.519171 ^ clkbuf_3_6__f_clk/X (sky130_fd_sc_hd__clkbuf_16)
                                                         clknet_3_6__leaf_clk (net)
                      0.051376    0.001195   15.520366 ^ _13642_/CLK (sky130_fd_sc_hd__dfrtp_1)
                                 -0.250000   15.270367   clock uncertainty
                                  0.000000   15.270367   clock reconvergence pessimism
                                  0.206896   15.477262   library recovery time
                                             15.477262   data required time
---------------------------------------------------------------------------------------------
                                             15.477262   data required time
                                             -3.932073   data arrival time
---------------------------------------------------------------------------------------------
                                             11.545190   slack (MET)


Startpoint: rst_n (input port clocked by clk)
Endpoint: _13641_ (recovery check against rising-edge clock clk)
Path Group: asynchronous
Path Type: max

Fanout         Cap        Slew       Delay        Time   Description
---------------------------------------------------------------------------------------------
                                  0.000000    0.000000   clock clk (rise edge)
                                  0.000000    0.000000   clock network delay (propagated)
                                  3.000000    3.000000 ^ input external delay
     1    0.003100    0.021025    0.011378    3.011378 ^ rst_n (in)
                                                         rst_n (net)
                      0.021025    0.000000    3.011378 ^ input1/A (sky130_fd_sc_hd__buf_2)
     2    0.029231    0.146971    0.170725    3.182103 ^ input1/X (sky130_fd_sc_hd__buf_2)
                                                         net1 (net)
                      0.147176    0.004483    3.186586 ^ fanout719/A (sky130_fd_sc_hd__clkbuf_8)
     9    0.075723    0.138066    0.234691    3.421277 ^ fanout719/X (sky130_fd_sc_hd__clkbuf_8)
                                                         net719 (net)
                      0.138431    0.005144    3.426421 ^ fanout718/A (sky130_fd_sc_hd__clkbuf_4)
     8    0.052488    0.162884    0.253625    3.680046 ^ fanout718/X (sky130_fd_sc_hd__clkbuf_4)
                                                         net718 (net)
                      0.162888    0.000660    3.680705 ^ fanout716/A (sky130_fd_sc_hd__clkbuf_4)
    10    0.045075    0.143132    0.249040    3.929745 ^ fanout716/X (sky130_fd_sc_hd__clkbuf_4)
                                                         net716 (net)
                      0.143161    0.002005    3.931750 ^ _13641_/RESET_B (sky130_fd_sc_hd__dfrtp_1)
                                              3.931750   data arrival time

                                 15.000000   15.000000   clock clk (rise edge)
                                  0.000000   15.000000   clock source latency
     1    0.034823    0.162195    0.115248   15.115248 ^ clk (in)
                                                         clk (net)
                      0.162620    0.000000   15.115248 ^ clkbuf_0_clk/A (sky130_fd_sc_hd__clkbuf_16)
     8    0.113161    0.127354    0.234087   15.349335 ^ clkbuf_0_clk/X (sky130_fd_sc_hd__clkbuf_16)
                                                         clknet_0_clk (net)
                      0.127740    0.005604   15.354939 ^ clkbuf_3_6__f_clk/A (sky130_fd_sc_hd__clkbuf_16)
    10    0.030191    0.051358    0.164231   15.519171 ^ clkbuf_3_6__f_clk/X (sky130_fd_sc_hd__clkbuf_16)
                                                         clknet_3_6__leaf_clk (net)
                      0.051376    0.001195   15.520366 ^ _13641_/CLK (sky130_fd_sc_hd__dfrtp_1)
                                 -0.250000   15.270367   clock uncertainty
                                  0.000000   15.270367   clock reconvergence pessimism
                                  0.206899   15.477266   library recovery time
                                             15.477266   data required time
---------------------------------------------------------------------------------------------
                                             15.477266   data required time
                                             -3.931750   data arrival time
---------------------------------------------------------------------------------------------
                                             11.545516   slack (MET)


Startpoint: rst_n (input port clocked by clk)
Endpoint: _13640_ (recovery check against rising-edge clock clk)
Path Group: asynchronous
Path Type: max

Fanout         Cap        Slew       Delay        Time   Description
---------------------------------------------------------------------------------------------
                                  0.000000    0.000000   clock clk (rise edge)
                                  0.000000    0.000000   clock network delay (propagated)
                                  3.000000    3.000000 ^ input external delay
     1    0.003100    0.021025    0.011378    3.011378 ^ rst_n (in)
                                                         rst_n (net)
                      0.021025    0.000000    3.011378 ^ input1/A (sky130_fd_sc_hd__buf_2)
     2    0.029231    0.146971    0.170725    3.182103 ^ input1/X (sky130_fd_sc_hd__buf_2)
                                                         net1 (net)
                      0.147176    0.004483    3.186586 ^ fanout719/A (sky130_fd_sc_hd__clkbuf_8)
     9    0.075723    0.138066    0.234691    3.421277 ^ fanout719/X (sky130_fd_sc_hd__clkbuf_8)
                                                         net719 (net)
                      0.138431    0.005144    3.426421 ^ fanout718/A (sky130_fd_sc_hd__clkbuf_4)
     8    0.052488    0.162884    0.253625    3.680046 ^ fanout718/X (sky130_fd_sc_hd__clkbuf_4)
                                                         net718 (net)
                      0.162888    0.000660    3.680705 ^ fanout716/A (sky130_fd_sc_hd__clkbuf_4)
    10    0.045075    0.143132    0.249040    3.929745 ^ fanout716/X (sky130_fd_sc_hd__clkbuf_4)
                                                         net716 (net)
                      0.143158    0.001914    3.931659 ^ _13640_/RESET_B (sky130_fd_sc_hd__dfrtp_1)
                                              3.931659   data arrival time

                                 15.000000   15.000000   clock clk (rise edge)
                                  0.000000   15.000000   clock source latency
     1    0.034823    0.162195    0.115248   15.115248 ^ clk (in)
                                                         clk (net)
                      0.162620    0.000000   15.115248 ^ clkbuf_0_clk/A (sky130_fd_sc_hd__clkbuf_16)
     8    0.113161    0.127354    0.234087   15.349335 ^ clkbuf_0_clk/X (sky130_fd_sc_hd__clkbuf_16)
                                                         clknet_0_clk (net)
                      0.127740    0.005604   15.354939 ^ clkbuf_3_6__f_clk/A (sky130_fd_sc_hd__clkbuf_16)
    10    0.030191    0.051358    0.164231   15.519171 ^ clkbuf_3_6__f_clk/X (sky130_fd_sc_hd__clkbuf_16)
                                                         clknet_3_6__leaf_clk (net)
                      0.051378    0.001302   15.520473 ^ _13640_/CLK (sky130_fd_sc_hd__dfrtp_1)
                                 -0.250000   15.270473   clock uncertainty
                                  0.000000   15.270473   clock reconvergence pessimism
                                  0.206900   15.477374   library recovery time
                                             15.477374   data required time
---------------------------------------------------------------------------------------------
                                             15.477374   data required time
                                             -3.931659   data arrival time
---------------------------------------------------------------------------------------------
                                             11.545715   slack (MET)


Startpoint: rst_n (input port clocked by clk)
Endpoint: _13639_ (recovery check against rising-edge clock clk)
Path Group: asynchronous
Path Type: max

Fanout         Cap        Slew       Delay        Time   Description
---------------------------------------------------------------------------------------------
                                  0.000000    0.000000   clock clk (rise edge)
                                  0.000000    0.000000   clock network delay (propagated)
                                  3.000000    3.000000 ^ input external delay
     1    0.003100    0.021025    0.011378    3.011378 ^ rst_n (in)
                                                         rst_n (net)
                      0.021025    0.000000    3.011378 ^ input1/A (sky130_fd_sc_hd__buf_2)
     2    0.029231    0.146971    0.170725    3.182103 ^ input1/X (sky130_fd_sc_hd__buf_2)
                                                         net1 (net)
                      0.147176    0.004483    3.186586 ^ fanout719/A (sky130_fd_sc_hd__clkbuf_8)
     9    0.075723    0.138066    0.234691    3.421277 ^ fanout719/X (sky130_fd_sc_hd__clkbuf_8)
                                                         net719 (net)
                      0.138431    0.005144    3.426421 ^ fanout718/A (sky130_fd_sc_hd__clkbuf_4)
     8    0.052488    0.162884    0.253625    3.680046 ^ fanout718/X (sky130_fd_sc_hd__clkbuf_4)
                                                         net718 (net)
                      0.162888    0.000660    3.680705 ^ fanout716/A (sky130_fd_sc_hd__clkbuf_4)
    10    0.045075    0.143132    0.249040    3.929745 ^ fanout716/X (sky130_fd_sc_hd__clkbuf_4)
                                                         net716 (net)
                      0.143155    0.001805    3.931550 ^ _13639_/RESET_B (sky130_fd_sc_hd__dfrtp_1)
                                              3.931550   data arrival time

                                 15.000000   15.000000   clock clk (rise edge)
                                  0.000000   15.000000   clock source latency
     1    0.034823    0.162195    0.115248   15.115248 ^ clk (in)
                                                         clk (net)
                      0.162620    0.000000   15.115248 ^ clkbuf_0_clk/A (sky130_fd_sc_hd__clkbuf_16)
     8    0.113161    0.127354    0.234087   15.349335 ^ clkbuf_0_clk/X (sky130_fd_sc_hd__clkbuf_16)
                                                         clknet_0_clk (net)
                      0.127740    0.005604   15.354939 ^ clkbuf_3_6__f_clk/A (sky130_fd_sc_hd__clkbuf_16)
    10    0.030191    0.051358    0.164231   15.519171 ^ clkbuf_3_6__f_clk/X (sky130_fd_sc_hd__clkbuf_16)
                                                         clknet_3_6__leaf_clk (net)
                      0.051379    0.001402   15.520572 ^ _13639_/CLK (sky130_fd_sc_hd__dfrtp_1)
                                 -0.250000   15.270573   clock uncertainty
                                  0.000000   15.270573   clock reconvergence pessimism
                                  0.206902   15.477474   library recovery time
                                             15.477474   data required time
---------------------------------------------------------------------------------------------
                                             15.477474   data required time
                                             -3.931550   data arrival time
---------------------------------------------------------------------------------------------
                                             11.545923   slack (MET)


Startpoint: rst_n (input port clocked by clk)
Endpoint: _13637_ (recovery check against rising-edge clock clk)
Path Group: asynchronous
Path Type: max

Fanout         Cap        Slew       Delay        Time   Description
---------------------------------------------------------------------------------------------
                                  0.000000    0.000000   clock clk (rise edge)
                                  0.000000    0.000000   clock network delay (propagated)
                                  3.000000    3.000000 ^ input external delay
     1    0.003100    0.021025    0.011378    3.011378 ^ rst_n (in)
                                                         rst_n (net)
                      0.021025    0.000000    3.011378 ^ input1/A (sky130_fd_sc_hd__buf_2)
     2    0.029231    0.146971    0.170725    3.182103 ^ input1/X (sky130_fd_sc_hd__buf_2)
                                                         net1 (net)
                      0.147176    0.004483    3.186586 ^ fanout719/A (sky130_fd_sc_hd__clkbuf_8)
     9    0.075723    0.138066    0.234691    3.421277 ^ fanout719/X (sky130_fd_sc_hd__clkbuf_8)
                                                         net719 (net)
                      0.138431    0.005144    3.426421 ^ fanout718/A (sky130_fd_sc_hd__clkbuf_4)
     8    0.052488    0.162884    0.253625    3.680046 ^ fanout718/X (sky130_fd_sc_hd__clkbuf_4)
                                                         net718 (net)
                      0.162888    0.000660    3.680705 ^ fanout716/A (sky130_fd_sc_hd__clkbuf_4)
    10    0.045075    0.143132    0.249040    3.929745 ^ fanout716/X (sky130_fd_sc_hd__clkbuf_4)
                                                         net716 (net)
                      0.143150    0.001661    3.931406 ^ _13637_/RESET_B (sky130_fd_sc_hd__dfrtp_1)
                                              3.931406   data arrival time

                                 15.000000   15.000000   clock clk (rise edge)
                                  0.000000   15.000000   clock source latency
     1    0.034823    0.162195    0.115248   15.115248 ^ clk (in)
                                                         clk (net)
                      0.162620    0.000000   15.115248 ^ clkbuf_0_clk/A (sky130_fd_sc_hd__clkbuf_16)
     8    0.113161    0.127354    0.234087   15.349335 ^ clkbuf_0_clk/X (sky130_fd_sc_hd__clkbuf_16)
                                                         clknet_0_clk (net)
                      0.127740    0.005604   15.354939 ^ clkbuf_3_6__f_clk/A (sky130_fd_sc_hd__clkbuf_16)
    10    0.030191    0.051358    0.164231   15.519171 ^ clkbuf_3_6__f_clk/X (sky130_fd_sc_hd__clkbuf_16)
                                                         clknet_3_6__leaf_clk (net)
                      0.051381    0.001494   15.520664 ^ _13637_/CLK (sky130_fd_sc_hd__dfrtp_1)
                                 -0.250000   15.270665   clock uncertainty
                                  0.000000   15.270665   clock reconvergence pessimism
                                  0.206904   15.477568   library recovery time
                                             15.477568   data required time
---------------------------------------------------------------------------------------------
                                             15.477568   data required time
                                             -3.931406   data arrival time
---------------------------------------------------------------------------------------------
                                             11.546162   slack (MET)


Startpoint: rst_n (input port clocked by clk)
Endpoint: _13638_ (recovery check against rising-edge clock clk)
Path Group: asynchronous
Path Type: max

Fanout         Cap        Slew       Delay        Time   Description
---------------------------------------------------------------------------------------------
                                  0.000000    0.000000   clock clk (rise edge)
                                  0.000000    0.000000   clock network delay (propagated)
                                  3.000000    3.000000 ^ input external delay
     1    0.003100    0.021025    0.011378    3.011378 ^ rst_n (in)
                                                         rst_n (net)
                      0.021025    0.000000    3.011378 ^ input1/A (sky130_fd_sc_hd__buf_2)
     2    0.029231    0.146971    0.170725    3.182103 ^ input1/X (sky130_fd_sc_hd__buf_2)
                                                         net1 (net)
                      0.147176    0.004483    3.186586 ^ fanout719/A (sky130_fd_sc_hd__clkbuf_8)
     9    0.075723    0.138066    0.234691    3.421277 ^ fanout719/X (sky130_fd_sc_hd__clkbuf_8)
                                                         net719 (net)
                      0.138431    0.005144    3.426421 ^ fanout718/A (sky130_fd_sc_hd__clkbuf_4)
     8    0.052488    0.162884    0.253625    3.680046 ^ fanout718/X (sky130_fd_sc_hd__clkbuf_4)
                                                         net718 (net)
                      0.162888    0.000660    3.680705 ^ fanout716/A (sky130_fd_sc_hd__clkbuf_4)
    10    0.045075    0.143132    0.249040    3.929745 ^ fanout716/X (sky130_fd_sc_hd__clkbuf_4)
                                                         net716 (net)
                      0.143150    0.001667    3.931412 ^ _13638_/RESET_B (sky130_fd_sc_hd__dfrtp_1)
                                              3.931412   data arrival time

                                 15.000000   15.000000   clock clk (rise edge)
                                  0.000000   15.000000   clock source latency
     1    0.034823    0.162195    0.115248   15.115248 ^ clk (in)
                                                         clk (net)
                      0.162620    0.000000   15.115248 ^ clkbuf_0_clk/A (sky130_fd_sc_hd__clkbuf_16)
     8    0.113161    0.127354    0.234087   15.349335 ^ clkbuf_0_clk/X (sky130_fd_sc_hd__clkbuf_16)
                                                         clknet_0_clk (net)
                      0.127740    0.005604   15.354939 ^ clkbuf_3_6__f_clk/A (sky130_fd_sc_hd__clkbuf_16)
    10    0.030191    0.051358    0.164231   15.519171 ^ clkbuf_3_6__f_clk/X (sky130_fd_sc_hd__clkbuf_16)
                                                         clknet_3_6__leaf_clk (net)
                      0.051381    0.001494   15.520664 ^ _13638_/CLK (sky130_fd_sc_hd__dfrtp_1)
                                 -0.250000   15.270665   clock uncertainty
                                  0.000000   15.270665   clock reconvergence pessimism
                                  0.206903   15.477568   library recovery time
                                             15.477568   data required time
---------------------------------------------------------------------------------------------
                                             15.477568   data required time
                                             -3.931412   data arrival time
---------------------------------------------------------------------------------------------
                                             11.546156   slack (MET)


Startpoint: rst_n (input port clocked by clk)
Endpoint: _13634_ (recovery check against rising-edge clock clk)
Path Group: asynchronous
Path Type: max

Fanout         Cap        Slew       Delay        Time   Description
---------------------------------------------------------------------------------------------
                                  0.000000    0.000000   clock clk (rise edge)
                                  0.000000    0.000000   clock network delay (propagated)
                                  3.000000    3.000000 ^ input external delay
     1    0.003100    0.021025    0.011378    3.011378 ^ rst_n (in)
                                                         rst_n (net)
                      0.021025    0.000000    3.011378 ^ input1/A (sky130_fd_sc_hd__buf_2)
     2    0.029231    0.146971    0.170725    3.182103 ^ input1/X (sky130_fd_sc_hd__buf_2)
                                                         net1 (net)
                      0.147176    0.004483    3.186586 ^ fanout719/A (sky130_fd_sc_hd__clkbuf_8)
     9    0.075723    0.138066    0.234691    3.421277 ^ fanout719/X (sky130_fd_sc_hd__clkbuf_8)
                                                         net719 (net)
                      0.138431    0.005144    3.426421 ^ fanout718/A (sky130_fd_sc_hd__clkbuf_4)
     8    0.052488    0.162884    0.253625    3.680046 ^ fanout718/X (sky130_fd_sc_hd__clkbuf_4)
                                                         net718 (net)
                      0.162888    0.000660    3.680705 ^ fanout716/A (sky130_fd_sc_hd__clkbuf_4)
    10    0.045075    0.143132    0.249040    3.929745 ^ fanout716/X (sky130_fd_sc_hd__clkbuf_4)
                                                         net716 (net)
                      0.143145    0.001463    3.931208 ^ _13634_/RESET_B (sky130_fd_sc_hd__dfrtp_1)
                                              3.931208   data arrival time

                                 15.000000   15.000000   clock clk (rise edge)
                                  0.000000   15.000000   clock source latency
     1    0.034823    0.162195    0.115248   15.115248 ^ clk (in)
                                                         clk (net)
                      0.162620    0.000000   15.115248 ^ clkbuf_0_clk/A (sky130_fd_sc_hd__clkbuf_16)
     8    0.113161    0.127354    0.234087   15.349335 ^ clkbuf_0_clk/X (sky130_fd_sc_hd__clkbuf_16)
                                                         clknet_0_clk (net)
                      0.127740    0.005604   15.354939 ^ clkbuf_3_6__f_clk/A (sky130_fd_sc_hd__clkbuf_16)
    10    0.030191    0.051358    0.164231   15.519171 ^ clkbuf_3_6__f_clk/X (sky130_fd_sc_hd__clkbuf_16)
                                                         clknet_3_6__leaf_clk (net)
                      0.051382    0.001531   15.520701 ^ _13634_/CLK (sky130_fd_sc_hd__dfrtp_1)
                                 -0.250000   15.270702   clock uncertainty
                                  0.000000   15.270702   clock reconvergence pessimism
                                  0.206905   15.477607   library recovery time
                                             15.477607   data required time
---------------------------------------------------------------------------------------------
                                             15.477607   data required time
                                             -3.931208   data arrival time
---------------------------------------------------------------------------------------------
                                             11.546400   slack (MET)


Startpoint: rst_n (input port clocked by clk)
Endpoint: _13636_ (recovery check against rising-edge clock clk)
Path Group: asynchronous
Path Type: max

Fanout         Cap        Slew       Delay        Time   Description
---------------------------------------------------------------------------------------------
                                  0.000000    0.000000   clock clk (rise edge)
                                  0.000000    0.000000   clock network delay (propagated)
                                  3.000000    3.000000 ^ input external delay
     1    0.003100    0.021025    0.011378    3.011378 ^ rst_n (in)
                                                         rst_n (net)
                      0.021025    0.000000    3.011378 ^ input1/A (sky130_fd_sc_hd__buf_2)
     2    0.029231    0.146971    0.170725    3.182103 ^ input1/X (sky130_fd_sc_hd__buf_2)
                                                         net1 (net)
                      0.147176    0.004483    3.186586 ^ fanout719/A (sky130_fd_sc_hd__clkbuf_8)
     9    0.075723    0.138066    0.234691    3.421277 ^ fanout719/X (sky130_fd_sc_hd__clkbuf_8)
                                                         net719 (net)
                      0.138431    0.005144    3.426421 ^ fanout718/A (sky130_fd_sc_hd__clkbuf_4)
     8    0.052488    0.162884    0.253625    3.680046 ^ fanout718/X (sky130_fd_sc_hd__clkbuf_4)
                                                         net718 (net)
                      0.162888    0.000660    3.680705 ^ fanout716/A (sky130_fd_sc_hd__clkbuf_4)
    10    0.045075    0.143132    0.249040    3.929745 ^ fanout716/X (sky130_fd_sc_hd__clkbuf_4)
                                                         net716 (net)
                      0.143137    0.001027    3.930772 ^ _13636_/RESET_B (sky130_fd_sc_hd__dfrtp_1)
                                              3.930772   data arrival time

                                 15.000000   15.000000   clock clk (rise edge)
                                  0.000000   15.000000   clock source latency
     1    0.034823    0.162195    0.115248   15.115248 ^ clk (in)
                                                         clk (net)
                      0.162620    0.000000   15.115248 ^ clkbuf_0_clk/A (sky130_fd_sc_hd__clkbuf_16)
     8    0.113161    0.127354    0.234087   15.349335 ^ clkbuf_0_clk/X (sky130_fd_sc_hd__clkbuf_16)
                                                         clknet_0_clk (net)
                      0.127740    0.005604   15.354939 ^ clkbuf_3_6__f_clk/A (sky130_fd_sc_hd__clkbuf_16)
    10    0.030191    0.051358    0.164231   15.519171 ^ clkbuf_3_6__f_clk/X (sky130_fd_sc_hd__clkbuf_16)
                                                         clknet_3_6__leaf_clk (net)
                      0.051383    0.001597   15.520767 ^ _13636_/CLK (sky130_fd_sc_hd__dfrtp_1)
                                 -0.250000   15.270768   clock uncertainty
                                  0.000000   15.270768   clock reconvergence pessimism
                                  0.206908   15.477676   library recovery time
                                             15.477676   data required time
---------------------------------------------------------------------------------------------
                                             15.477676   data required time
                                             -3.930772   data arrival time
---------------------------------------------------------------------------------------------
                                             11.546905   slack (MET)


Startpoint: rst_n (input port clocked by clk)
Endpoint: _13635_ (recovery check against rising-edge clock clk)
Path Group: asynchronous
Path Type: max

Fanout         Cap        Slew       Delay        Time   Description
---------------------------------------------------------------------------------------------
                                  0.000000    0.000000   clock clk (rise edge)
                                  0.000000    0.000000   clock network delay (propagated)
                                  3.000000    3.000000 ^ input external delay
     1    0.003100    0.021025    0.011378    3.011378 ^ rst_n (in)
                                                         rst_n (net)
                      0.021025    0.000000    3.011378 ^ input1/A (sky130_fd_sc_hd__buf_2)
     2    0.029231    0.146971    0.170725    3.182103 ^ input1/X (sky130_fd_sc_hd__buf_2)
                                                         net1 (net)
                      0.147176    0.004483    3.186586 ^ fanout719/A (sky130_fd_sc_hd__clkbuf_8)
     9    0.075723    0.138066    0.234691    3.421277 ^ fanout719/X (sky130_fd_sc_hd__clkbuf_8)
                                                         net719 (net)
                      0.138431    0.005144    3.426421 ^ fanout718/A (sky130_fd_sc_hd__clkbuf_4)
     8    0.052488    0.162884    0.253625    3.680046 ^ fanout718/X (sky130_fd_sc_hd__clkbuf_4)
                                                         net718 (net)
                      0.162888    0.000660    3.680705 ^ fanout716/A (sky130_fd_sc_hd__clkbuf_4)
    10    0.045075    0.143132    0.249040    3.929745 ^ fanout716/X (sky130_fd_sc_hd__clkbuf_4)
                                                         net716 (net)
                      0.143137    0.001031    3.930776 ^ _13635_/RESET_B (sky130_fd_sc_hd__dfrtp_1)
                                              3.930776   data arrival time

                                 15.000000   15.000000   clock clk (rise edge)
                                  0.000000   15.000000   clock source latency
     1    0.034823    0.162195    0.115248   15.115248 ^ clk (in)
                                                         clk (net)
                      0.162620    0.000000   15.115248 ^ clkbuf_0_clk/A (sky130_fd_sc_hd__clkbuf_16)
     8    0.113161    0.127354    0.234087   15.349335 ^ clkbuf_0_clk/X (sky130_fd_sc_hd__clkbuf_16)
                                                         clknet_0_clk (net)
                      0.127740    0.005604   15.354939 ^ clkbuf_3_6__f_clk/A (sky130_fd_sc_hd__clkbuf_16)
    10    0.030191    0.051358    0.164231   15.519171 ^ clkbuf_3_6__f_clk/X (sky130_fd_sc_hd__clkbuf_16)
                                                         clknet_3_6__leaf_clk (net)
                      0.051383    0.001618   15.520788 ^ _13635_/CLK (sky130_fd_sc_hd__dfrtp_1)
                                 -0.250000   15.270789   clock uncertainty
                                  0.000000   15.270789   clock reconvergence pessimism
                                  0.206908   15.477697   library recovery time
                                             15.477697   data required time
---------------------------------------------------------------------------------------------
                                             15.477697   data required time
                                             -3.930776   data arrival time
---------------------------------------------------------------------------------------------
                                             11.546922   slack (MET)


Startpoint: rst_n (input port clocked by clk)
Endpoint: _13694_ (recovery check against rising-edge clock clk)
Path Group: asynchronous
Path Type: max

Fanout         Cap        Slew       Delay        Time   Description
---------------------------------------------------------------------------------------------
                                  0.000000    0.000000   clock clk (rise edge)
                                  0.000000    0.000000   clock network delay (propagated)
                                  3.000000    3.000000 ^ input external delay
     1    0.003100    0.021025    0.011378    3.011378 ^ rst_n (in)
                                                         rst_n (net)
                      0.021025    0.000000    3.011378 ^ input1/A (sky130_fd_sc_hd__buf_2)
     2    0.029231    0.146971    0.170725    3.182103 ^ input1/X (sky130_fd_sc_hd__buf_2)
                                                         net1 (net)
                      0.146976    0.000663    3.182766 ^ fanout715/A (sky130_fd_sc_hd__buf_4)
     9    0.058240    0.164162    0.235326    3.418092 ^ fanout715/X (sky130_fd_sc_hd__buf_4)
                                                         net715 (net)
                      0.164289    0.002787    3.420879 ^ fanout714/A (sky130_fd_sc_hd__clkbuf_4)
     8    0.049227    0.155139    0.256085    3.676964 ^ fanout714/X (sky130_fd_sc_hd__clkbuf_4)
                                                         net714 (net)
                      0.155543    0.006463    3.683427 ^ fanout713/A (sky130_fd_sc_hd__clkbuf_4)
    10    0.047749    0.150495    0.252301    3.935728 ^ fanout713/X (sky130_fd_sc_hd__clkbuf_4)
                                                         net713 (net)
                      0.150502    0.001221    3.936949 ^ _13694_/RESET_B (sky130_fd_sc_hd__dfrtp_1)
                                              3.936949   data arrival time

                                 15.000000   15.000000   clock clk (rise edge)
                                  0.000000   15.000000   clock source latency
     1    0.034823    0.162195    0.115248   15.115248 ^ clk (in)
                                                         clk (net)
                      0.162620    0.000000   15.115248 ^ clkbuf_0_clk/A (sky130_fd_sc_hd__clkbuf_16)
     8    0.113161    0.127354    0.234087   15.349335 ^ clkbuf_0_clk/X (sky130_fd_sc_hd__clkbuf_16)
                                                         clknet_0_clk (net)
                      0.127832    0.006226   15.355561 ^ clkbuf_3_1__f_clk/A (sky130_fd_sc_hd__clkbuf_16)
     7    0.038592    0.058653    0.170198   15.525759 ^ clkbuf_3_1__f_clk/X (sky130_fd_sc_hd__clkbuf_16)
                                                         clknet_3_1__leaf_clk (net)
                      0.058836    0.002643   15.528402 ^ _13694_/CLK (sky130_fd_sc_hd__dfrtp_1)
                                 -0.250000   15.278403   clock uncertainty
                                  0.000000   15.278403   clock reconvergence pessimism
                                  0.207319   15.485722   library recovery time
                                             15.485722   data required time
---------------------------------------------------------------------------------------------
                                             15.485722   data required time
                                             -3.936949   data arrival time
---------------------------------------------------------------------------------------------
                                             11.548773   slack (MET)


Startpoint: rst_n (input port clocked by clk)
Endpoint: _13696_ (recovery check against rising-edge clock clk)
Path Group: asynchronous
Path Type: max

Fanout         Cap        Slew       Delay        Time   Description
---------------------------------------------------------------------------------------------
                                  0.000000    0.000000   clock clk (rise edge)
                                  0.000000    0.000000   clock network delay (propagated)
                                  3.000000    3.000000 ^ input external delay
     1    0.003100    0.021025    0.011378    3.011378 ^ rst_n (in)
                                                         rst_n (net)
                      0.021025    0.000000    3.011378 ^ input1/A (sky130_fd_sc_hd__buf_2)
     2    0.029231    0.146971    0.170725    3.182103 ^ input1/X (sky130_fd_sc_hd__buf_2)
                                                         net1 (net)
                      0.146976    0.000663    3.182766 ^ fanout715/A (sky130_fd_sc_hd__buf_4)
     9    0.058240    0.164162    0.235326    3.418092 ^ fanout715/X (sky130_fd_sc_hd__buf_4)
                                                         net715 (net)
                      0.164289    0.002787    3.420879 ^ fanout714/A (sky130_fd_sc_hd__clkbuf_4)
     8    0.049227    0.155139    0.256085    3.676964 ^ fanout714/X (sky130_fd_sc_hd__clkbuf_4)
                                                         net714 (net)
                      0.155543    0.006463    3.683427 ^ fanout713/A (sky130_fd_sc_hd__clkbuf_4)
    10    0.047749    0.150495    0.252301    3.935728 ^ fanout713/X (sky130_fd_sc_hd__clkbuf_4)
                                                         net713 (net)
                      0.150496    0.000707    3.936435 ^ _13696_/RESET_B (sky130_fd_sc_hd__dfrtp_1)
                                              3.936435   data arrival time

                                 15.000000   15.000000   clock clk (rise edge)
                                  0.000000   15.000000   clock source latency
     1    0.034823    0.162195    0.115248   15.115248 ^ clk (in)
                                                         clk (net)
                      0.162620    0.000000   15.115248 ^ clkbuf_0_clk/A (sky130_fd_sc_hd__clkbuf_16)
     8    0.113161    0.127354    0.234087   15.349335 ^ clkbuf_0_clk/X (sky130_fd_sc_hd__clkbuf_16)
                                                         clknet_0_clk (net)
                      0.127832    0.006226   15.355561 ^ clkbuf_3_1__f_clk/A (sky130_fd_sc_hd__clkbuf_16)
     7    0.038592    0.058653    0.170198   15.525759 ^ clkbuf_3_1__f_clk/X (sky130_fd_sc_hd__clkbuf_16)
                                                         clknet_3_1__leaf_clk (net)
                      0.058841    0.002688   15.528446 ^ _13696_/CLK (sky130_fd_sc_hd__dfrtp_1)
                                 -0.250000   15.278447   clock uncertainty
                                  0.000000   15.278447   clock reconvergence pessimism
                                  0.207323   15.485769   library recovery time
                                             15.485769   data required time
---------------------------------------------------------------------------------------------
                                             15.485769   data required time
                                             -3.936435   data arrival time
---------------------------------------------------------------------------------------------
                                             11.549335   slack (MET)


Startpoint: rst_n (input port clocked by clk)
Endpoint: _13695_ (recovery check against rising-edge clock clk)
Path Group: asynchronous
Path Type: max

Fanout         Cap        Slew       Delay        Time   Description
---------------------------------------------------------------------------------------------
                                  0.000000    0.000000   clock clk (rise edge)
                                  0.000000    0.000000   clock network delay (propagated)
                                  3.000000    3.000000 ^ input external delay
     1    0.003100    0.021025    0.011378    3.011378 ^ rst_n (in)
                                                         rst_n (net)
                      0.021025    0.000000    3.011378 ^ input1/A (sky130_fd_sc_hd__buf_2)
     2    0.029231    0.146971    0.170725    3.182103 ^ input1/X (sky130_fd_sc_hd__buf_2)
                                                         net1 (net)
                      0.146976    0.000663    3.182766 ^ fanout715/A (sky130_fd_sc_hd__buf_4)
     9    0.058240    0.164162    0.235326    3.418092 ^ fanout715/X (sky130_fd_sc_hd__buf_4)
                                                         net715 (net)
                      0.164289    0.002787    3.420879 ^ fanout714/A (sky130_fd_sc_hd__clkbuf_4)
     8    0.049227    0.155139    0.256085    3.676964 ^ fanout714/X (sky130_fd_sc_hd__clkbuf_4)
                                                         net714 (net)
                      0.155543    0.006463    3.683427 ^ fanout713/A (sky130_fd_sc_hd__clkbuf_4)
    10    0.047749    0.150495    0.252301    3.935728 ^ fanout713/X (sky130_fd_sc_hd__clkbuf_4)
                                                         net713 (net)
                      0.150495    0.000624    3.936352 ^ _13695_/RESET_B (sky130_fd_sc_hd__dfrtp_1)
                                              3.936352   data arrival time

                                 15.000000   15.000000   clock clk (rise edge)
                                  0.000000   15.000000   clock source latency
     1    0.034823    0.162195    0.115248   15.115248 ^ clk (in)
                                                         clk (net)
                      0.162620    0.000000   15.115248 ^ clkbuf_0_clk/A (sky130_fd_sc_hd__clkbuf_16)
     8    0.113161    0.127354    0.234087   15.349335 ^ clkbuf_0_clk/X (sky130_fd_sc_hd__clkbuf_16)
                                                         clknet_0_clk (net)
                      0.127832    0.006226   15.355561 ^ clkbuf_3_1__f_clk/A (sky130_fd_sc_hd__clkbuf_16)
     7    0.038592    0.058653    0.170198   15.525759 ^ clkbuf_3_1__f_clk/X (sky130_fd_sc_hd__clkbuf_16)
                                                         clknet_3_1__leaf_clk (net)
                      0.058833    0.002625   15.528384 ^ _13695_/CLK (sky130_fd_sc_hd__dfrtp_1)
                                 -0.250000   15.278385   clock uncertainty
                                  0.000000   15.278385   clock reconvergence pessimism
                                  0.207321   15.485705   library recovery time
                                             15.485705   data required time
---------------------------------------------------------------------------------------------
                                             15.485705   data required time
                                             -3.936352   data arrival time
---------------------------------------------------------------------------------------------
                                             11.549354   slack (MET)


Startpoint: rst_n (input port clocked by clk)
Endpoint: _13643_ (recovery check against rising-edge clock clk)
Path Group: asynchronous
Path Type: max

Fanout         Cap        Slew       Delay        Time   Description
---------------------------------------------------------------------------------------------
                                  0.000000    0.000000   clock clk (rise edge)
                                  0.000000    0.000000   clock network delay (propagated)
                                  3.000000    3.000000 ^ input external delay
     1    0.003100    0.021025    0.011378    3.011378 ^ rst_n (in)
                                                         rst_n (net)
                      0.021025    0.000000    3.011378 ^ input1/A (sky130_fd_sc_hd__buf_2)
     2    0.029231    0.146971    0.170725    3.182103 ^ input1/X (sky130_fd_sc_hd__buf_2)
                                                         net1 (net)
                      0.147176    0.004483    3.186586 ^ fanout719/A (sky130_fd_sc_hd__clkbuf_8)
     9    0.075723    0.138066    0.234691    3.421277 ^ fanout719/X (sky130_fd_sc_hd__clkbuf_8)
                                                         net719 (net)
                      0.138431    0.005144    3.426421 ^ fanout718/A (sky130_fd_sc_hd__clkbuf_4)
     8    0.052488    0.162884    0.253625    3.680046 ^ fanout718/X (sky130_fd_sc_hd__clkbuf_4)
                                                         net718 (net)
                      0.162888    0.000660    3.680705 ^ fanout716/A (sky130_fd_sc_hd__clkbuf_4)
    10    0.045075    0.143132    0.249040    3.929745 ^ fanout716/X (sky130_fd_sc_hd__clkbuf_4)
                                                         net716 (net)
                      0.143175    0.002351    3.932096 ^ _13643_/RESET_B (sky130_fd_sc_hd__dfrtp_1)
                                              3.932096   data arrival time

                                 15.000000   15.000000   clock clk (rise edge)
                                  0.000000   15.000000   clock source latency
     1    0.034823    0.162195    0.115248   15.115248 ^ clk (in)
                                                         clk (net)
                      0.162620    0.000000   15.115248 ^ clkbuf_0_clk/A (sky130_fd_sc_hd__clkbuf_16)
     8    0.113161    0.127354    0.234087   15.349335 ^ clkbuf_0_clk/X (sky130_fd_sc_hd__clkbuf_16)
                                                         clknet_0_clk (net)
                      0.127540    0.003933   15.353268 ^ clkbuf_3_4__f_clk/A (sky130_fd_sc_hd__clkbuf_16)
     7    0.038185    0.058234    0.170131   15.523398 ^ clkbuf_3_4__f_clk/X (sky130_fd_sc_hd__clkbuf_16)
                                                         clknet_3_4__leaf_clk (net)
                      0.058311    0.001712   15.525110 ^ _13643_/CLK (sky130_fd_sc_hd__dfrtp_1)
                                 -0.250000   15.275111   clock uncertainty
                                  0.000000   15.275111   clock reconvergence pessimism
                                  0.209050   15.484160   library recovery time
                                             15.484160   data required time
---------------------------------------------------------------------------------------------
                                             15.484160   data required time
                                             -3.932096   data arrival time
---------------------------------------------------------------------------------------------
                                             11.552064   slack (MET)


Startpoint: rst_n (input port clocked by clk)
Endpoint: _13651_ (recovery check against rising-edge clock clk)
Path Group: asynchronous
Path Type: max

Fanout         Cap        Slew       Delay        Time   Description
---------------------------------------------------------------------------------------------
                                  0.000000    0.000000   clock clk (rise edge)
                                  0.000000    0.000000   clock network delay (propagated)
                                  3.000000    3.000000 ^ input external delay
     1    0.003100    0.021025    0.011378    3.011378 ^ rst_n (in)
                                                         rst_n (net)
                      0.021025    0.000000    3.011378 ^ input1/A (sky130_fd_sc_hd__buf_2)
     2    0.029231    0.146971    0.170725    3.182103 ^ input1/X (sky130_fd_sc_hd__buf_2)
                                                         net1 (net)
                      0.147176    0.004483    3.186586 ^ fanout719/A (sky130_fd_sc_hd__clkbuf_8)
     9    0.075723    0.138066    0.234691    3.421277 ^ fanout719/X (sky130_fd_sc_hd__clkbuf_8)
                                                         net719 (net)
                      0.138431    0.005144    3.426421 ^ fanout718/A (sky130_fd_sc_hd__clkbuf_4)
     8    0.052488    0.162884    0.253625    3.680046 ^ fanout718/X (sky130_fd_sc_hd__clkbuf_4)
                                                         net718 (net)
                      0.163478    0.007944    3.687990 ^ fanout717/A (sky130_fd_sc_hd__buf_4)
    10    0.054991    0.155618    0.232780    3.920770 ^ fanout717/X (sky130_fd_sc_hd__buf_4)
                                                         net717 (net)
                      0.155912    0.005510    3.926280 ^ _13651_/RESET_B (sky130_fd_sc_hd__dfrtp_1)
                                              3.926280   data arrival time

                                 15.000000   15.000000   clock clk (rise edge)
                                  0.000000   15.000000   clock source latency
     1    0.034823    0.162195    0.115248   15.115248 ^ clk (in)
                                                         clk (net)
                      0.162620    0.000000   15.115248 ^ clkbuf_0_clk/A (sky130_fd_sc_hd__clkbuf_16)
     8    0.113161    0.127354    0.234087   15.349335 ^ clkbuf_0_clk/X (sky130_fd_sc_hd__clkbuf_16)
                                                         clknet_0_clk (net)
                      0.127651    0.004933   15.354268 ^ clkbuf_3_7__f_clk/A (sky130_fd_sc_hd__clkbuf_16)
    10    0.037518    0.057691    0.169349   15.523617 ^ clkbuf_3_7__f_clk/X (sky130_fd_sc_hd__clkbuf_16)
                                                         clknet_3_7__leaf_clk (net)
                      0.057777    0.001696   15.525313 ^ _13651_/CLK (sky130_fd_sc_hd__dfrtp_1)
                                 -0.250000   15.275314   clock uncertainty
                                  0.000000   15.275314   clock reconvergence pessimism
                                  0.205593   15.480906   library recovery time
                                             15.480906   data required time
---------------------------------------------------------------------------------------------
                                             15.480906   data required time
                                             -3.926280   data arrival time
---------------------------------------------------------------------------------------------
                                             11.554626   slack (MET)


Startpoint: rst_n (input port clocked by clk)
Endpoint: _13653_ (recovery check against rising-edge clock clk)
Path Group: asynchronous
Path Type: max

Fanout         Cap        Slew       Delay        Time   Description
---------------------------------------------------------------------------------------------
                                  0.000000    0.000000   clock clk (rise edge)
                                  0.000000    0.000000   clock network delay (propagated)
                                  3.000000    3.000000 ^ input external delay
     1    0.003100    0.021025    0.011378    3.011378 ^ rst_n (in)
                                                         rst_n (net)
                      0.021025    0.000000    3.011378 ^ input1/A (sky130_fd_sc_hd__buf_2)
     2    0.029231    0.146971    0.170725    3.182103 ^ input1/X (sky130_fd_sc_hd__buf_2)
                                                         net1 (net)
                      0.147176    0.004483    3.186586 ^ fanout719/A (sky130_fd_sc_hd__clkbuf_8)
     9    0.075723    0.138066    0.234691    3.421277 ^ fanout719/X (sky130_fd_sc_hd__clkbuf_8)
                                                         net719 (net)
                      0.138431    0.005144    3.426421 ^ fanout718/A (sky130_fd_sc_hd__clkbuf_4)
     8    0.052488    0.162884    0.253625    3.680046 ^ fanout718/X (sky130_fd_sc_hd__clkbuf_4)
                                                         net718 (net)
                      0.163478    0.007944    3.687990 ^ fanout717/A (sky130_fd_sc_hd__buf_4)
    10    0.054991    0.155618    0.232780    3.920770 ^ fanout717/X (sky130_fd_sc_hd__buf_4)
                                                         net717 (net)
                      0.155908    0.005468    3.926239 ^ _13653_/RESET_B (sky130_fd_sc_hd__dfrtp_1)
                                              3.926239   data arrival time

                                 15.000000   15.000000   clock clk (rise edge)
                                  0.000000   15.000000   clock source latency
     1    0.034823    0.162195    0.115248   15.115248 ^ clk (in)
                                                         clk (net)
                      0.162620    0.000000   15.115248 ^ clkbuf_0_clk/A (sky130_fd_sc_hd__clkbuf_16)
     8    0.113161    0.127354    0.234087   15.349335 ^ clkbuf_0_clk/X (sky130_fd_sc_hd__clkbuf_16)
                                                         clknet_0_clk (net)
                      0.127651    0.004933   15.354268 ^ clkbuf_3_7__f_clk/A (sky130_fd_sc_hd__clkbuf_16)
    10    0.037518    0.057691    0.169349   15.523617 ^ clkbuf_3_7__f_clk/X (sky130_fd_sc_hd__clkbuf_16)
                                                         clknet_3_7__leaf_clk (net)
                      0.057809    0.002013   15.525629 ^ _13653_/CLK (sky130_fd_sc_hd__dfrtp_1)
                                 -0.250000   15.275630   clock uncertainty
                                  0.000000   15.275630   clock reconvergence pessimism
                                  0.205604   15.481235   library recovery time
                                             15.481235   data required time
---------------------------------------------------------------------------------------------
                                             15.481235   data required time
                                             -3.926239   data arrival time
---------------------------------------------------------------------------------------------
                                             11.554996   slack (MET)


Startpoint: rst_n (input port clocked by clk)
Endpoint: _13652_ (recovery check against rising-edge clock clk)
Path Group: asynchronous
Path Type: max

Fanout         Cap        Slew       Delay        Time   Description
---------------------------------------------------------------------------------------------
                                  0.000000    0.000000   clock clk (rise edge)
                                  0.000000    0.000000   clock network delay (propagated)
                                  3.000000    3.000000 ^ input external delay
     1    0.003100    0.021025    0.011378    3.011378 ^ rst_n (in)
                                                         rst_n (net)
                      0.021025    0.000000    3.011378 ^ input1/A (sky130_fd_sc_hd__buf_2)
     2    0.029231    0.146971    0.170725    3.182103 ^ input1/X (sky130_fd_sc_hd__buf_2)
                                                         net1 (net)
                      0.147176    0.004483    3.186586 ^ fanout719/A (sky130_fd_sc_hd__clkbuf_8)
     9    0.075723    0.138066    0.234691    3.421277 ^ fanout719/X (sky130_fd_sc_hd__clkbuf_8)
                                                         net719 (net)
                      0.138431    0.005144    3.426421 ^ fanout718/A (sky130_fd_sc_hd__clkbuf_4)
     8    0.052488    0.162884    0.253625    3.680046 ^ fanout718/X (sky130_fd_sc_hd__clkbuf_4)
                                                         net718 (net)
                      0.163478    0.007944    3.687990 ^ fanout717/A (sky130_fd_sc_hd__buf_4)
    10    0.054991    0.155618    0.232780    3.920770 ^ fanout717/X (sky130_fd_sc_hd__buf_4)
                                                         net717 (net)
                      0.155892    0.005318    3.926089 ^ _13652_/RESET_B (sky130_fd_sc_hd__dfrtp_1)
                                              3.926089   data arrival time

                                 15.000000   15.000000   clock clk (rise edge)
                                  0.000000   15.000000   clock source latency
     1    0.034823    0.162195    0.115248   15.115248 ^ clk (in)
                                                         clk (net)
                      0.162620    0.000000   15.115248 ^ clkbuf_0_clk/A (sky130_fd_sc_hd__clkbuf_16)
     8    0.113161    0.127354    0.234087   15.349335 ^ clkbuf_0_clk/X (sky130_fd_sc_hd__clkbuf_16)
                                                         clknet_0_clk (net)
                      0.127651    0.004933   15.354268 ^ clkbuf_3_7__f_clk/A (sky130_fd_sc_hd__clkbuf_16)
    10    0.037518    0.057691    0.169349   15.523617 ^ clkbuf_3_7__f_clk/X (sky130_fd_sc_hd__clkbuf_16)
                                                         clknet_3_7__leaf_clk (net)
                      0.057816    0.002080   15.525697 ^ _13652_/CLK (sky130_fd_sc_hd__dfrtp_1)
                                 -0.250000   15.275698   clock uncertainty
                                  0.000000   15.275698   clock reconvergence pessimism
                                  0.205610   15.481307   library recovery time
                                             15.481307   data required time
---------------------------------------------------------------------------------------------
                                             15.481307   data required time
                                             -3.926089   data arrival time
---------------------------------------------------------------------------------------------
                                             11.555220   slack (MET)


Startpoint: rst_n (input port clocked by clk)
Endpoint: _13654_ (recovery check against rising-edge clock clk)
Path Group: asynchronous
Path Type: max

Fanout         Cap        Slew       Delay        Time   Description
---------------------------------------------------------------------------------------------
                                  0.000000    0.000000   clock clk (rise edge)
                                  0.000000    0.000000   clock network delay (propagated)
                                  3.000000    3.000000 ^ input external delay
     1    0.003100    0.021025    0.011378    3.011378 ^ rst_n (in)
                                                         rst_n (net)
                      0.021025    0.000000    3.011378 ^ input1/A (sky130_fd_sc_hd__buf_2)
     2    0.029231    0.146971    0.170725    3.182103 ^ input1/X (sky130_fd_sc_hd__buf_2)
                                                         net1 (net)
                      0.147176    0.004483    3.186586 ^ fanout719/A (sky130_fd_sc_hd__clkbuf_8)
     9    0.075723    0.138066    0.234691    3.421277 ^ fanout719/X (sky130_fd_sc_hd__clkbuf_8)
                                                         net719 (net)
                      0.138431    0.005144    3.426421 ^ fanout718/A (sky130_fd_sc_hd__clkbuf_4)
     8    0.052488    0.162884    0.253625    3.680046 ^ fanout718/X (sky130_fd_sc_hd__clkbuf_4)
                                                         net718 (net)
                      0.163478    0.007944    3.687990 ^ fanout717/A (sky130_fd_sc_hd__buf_4)
    10    0.054991    0.155618    0.232780    3.920770 ^ fanout717/X (sky130_fd_sc_hd__buf_4)
                                                         net717 (net)
                      0.155884    0.005244    3.926014 ^ _13654_/RESET_B (sky130_fd_sc_hd__dfrtp_1)
                                              3.926014   data arrival time

                                 15.000000   15.000000   clock clk (rise edge)
                                  0.000000   15.000000   clock source latency
     1    0.034823    0.162195    0.115248   15.115248 ^ clk (in)
                                                         clk (net)
                      0.162620    0.000000   15.115248 ^ clkbuf_0_clk/A (sky130_fd_sc_hd__clkbuf_16)
     8    0.113161    0.127354    0.234087   15.349335 ^ clkbuf_0_clk/X (sky130_fd_sc_hd__clkbuf_16)
                                                         clknet_0_clk (net)
                      0.127651    0.004933   15.354268 ^ clkbuf_3_7__f_clk/A (sky130_fd_sc_hd__clkbuf_16)
    10    0.037518    0.057691    0.169349   15.523617 ^ clkbuf_3_7__f_clk/X (sky130_fd_sc_hd__clkbuf_16)
                                                         clknet_3_7__leaf_clk (net)
                      0.057828    0.002187   15.525804 ^ _13654_/CLK (sky130_fd_sc_hd__dfrtp_1)
                                 -0.250000   15.275805   clock uncertainty
                                  0.000000   15.275805   clock reconvergence pessimism
                                  0.205616   15.481420   library recovery time
                                             15.481420   data required time
---------------------------------------------------------------------------------------------
                                             15.481420   data required time
                                             -3.926014   data arrival time
---------------------------------------------------------------------------------------------
                                             11.555405   slack (MET)


Startpoint: rst_n (input port clocked by clk)
Endpoint: _13656_ (recovery check against rising-edge clock clk)
Path Group: asynchronous
Path Type: max

Fanout         Cap        Slew       Delay        Time   Description
---------------------------------------------------------------------------------------------
                                  0.000000    0.000000   clock clk (rise edge)
                                  0.000000    0.000000   clock network delay (propagated)
                                  3.000000    3.000000 ^ input external delay
     1    0.003100    0.021025    0.011378    3.011378 ^ rst_n (in)
                                                         rst_n (net)
                      0.021025    0.000000    3.011378 ^ input1/A (sky130_fd_sc_hd__buf_2)
     2    0.029231    0.146971    0.170725    3.182103 ^ input1/X (sky130_fd_sc_hd__buf_2)
                                                         net1 (net)
                      0.147176    0.004483    3.186586 ^ fanout719/A (sky130_fd_sc_hd__clkbuf_8)
     9    0.075723    0.138066    0.234691    3.421277 ^ fanout719/X (sky130_fd_sc_hd__clkbuf_8)
                                                         net719 (net)
                      0.138431    0.005144    3.426421 ^ fanout718/A (sky130_fd_sc_hd__clkbuf_4)
     8    0.052488    0.162884    0.253625    3.680046 ^ fanout718/X (sky130_fd_sc_hd__clkbuf_4)
                                                         net718 (net)
                      0.163478    0.007944    3.687990 ^ fanout717/A (sky130_fd_sc_hd__buf_4)
    10    0.054991    0.155618    0.232780    3.920770 ^ fanout717/X (sky130_fd_sc_hd__buf_4)
                                                         net717 (net)
                      0.155860    0.005006    3.925776 ^ _13656_/RESET_B (sky130_fd_sc_hd__dfrtp_1)
                                              3.925776   data arrival time

                                 15.000000   15.000000   clock clk (rise edge)
                                  0.000000   15.000000   clock source latency
     1    0.034823    0.162195    0.115248   15.115248 ^ clk (in)
                                                         clk (net)
                      0.162620    0.000000   15.115248 ^ clkbuf_0_clk/A (sky130_fd_sc_hd__clkbuf_16)
     8    0.113161    0.127354    0.234087   15.349335 ^ clkbuf_0_clk/X (sky130_fd_sc_hd__clkbuf_16)
                                                         clknet_0_clk (net)
                      0.127651    0.004933   15.354268 ^ clkbuf_3_7__f_clk/A (sky130_fd_sc_hd__clkbuf_16)
    10    0.037518    0.057691    0.169349   15.523617 ^ clkbuf_3_7__f_clk/X (sky130_fd_sc_hd__clkbuf_16)
                                                         clknet_3_7__leaf_clk (net)
                      0.057837    0.002267   15.525884 ^ _13656_/CLK (sky130_fd_sc_hd__dfrtp_1)
                                 -0.250000   15.275884   clock uncertainty
                                  0.000000   15.275884   clock reconvergence pessimism
                                  0.205625   15.481508   library recovery time
                                             15.481508   data required time
---------------------------------------------------------------------------------------------
                                             15.481508   data required time
                                             -3.925776   data arrival time
---------------------------------------------------------------------------------------------
                                             11.555732   slack (MET)


Startpoint: rst_n (input port clocked by clk)
Endpoint: _13655_ (recovery check against rising-edge clock clk)
Path Group: asynchronous
Path Type: max

Fanout         Cap        Slew       Delay        Time   Description
---------------------------------------------------------------------------------------------
                                  0.000000    0.000000   clock clk (rise edge)
                                  0.000000    0.000000   clock network delay (propagated)
                                  3.000000    3.000000 ^ input external delay
     1    0.003100    0.021025    0.011378    3.011378 ^ rst_n (in)
                                                         rst_n (net)
                      0.021025    0.000000    3.011378 ^ input1/A (sky130_fd_sc_hd__buf_2)
     2    0.029231    0.146971    0.170725    3.182103 ^ input1/X (sky130_fd_sc_hd__buf_2)
                                                         net1 (net)
                      0.147176    0.004483    3.186586 ^ fanout719/A (sky130_fd_sc_hd__clkbuf_8)
     9    0.075723    0.138066    0.234691    3.421277 ^ fanout719/X (sky130_fd_sc_hd__clkbuf_8)
                                                         net719 (net)
                      0.138431    0.005144    3.426421 ^ fanout718/A (sky130_fd_sc_hd__clkbuf_4)
     8    0.052488    0.162884    0.253625    3.680046 ^ fanout718/X (sky130_fd_sc_hd__clkbuf_4)
                                                         net718 (net)
                      0.163478    0.007944    3.687990 ^ fanout717/A (sky130_fd_sc_hd__buf_4)
    10    0.054991    0.155618    0.232780    3.920770 ^ fanout717/X (sky130_fd_sc_hd__buf_4)
                                                         net717 (net)
                      0.155813    0.004511    3.925281 ^ _13655_/RESET_B (sky130_fd_sc_hd__dfrtp_1)
                                              3.925281   data arrival time

                                 15.000000   15.000000   clock clk (rise edge)
                                  0.000000   15.000000   clock source latency
     1    0.034823    0.162195    0.115248   15.115248 ^ clk (in)
                                                         clk (net)
                      0.162620    0.000000   15.115248 ^ clkbuf_0_clk/A (sky130_fd_sc_hd__clkbuf_16)
     8    0.113161    0.127354    0.234087   15.349335 ^ clkbuf_0_clk/X (sky130_fd_sc_hd__clkbuf_16)
                                                         clknet_0_clk (net)
                      0.127651    0.004933   15.354268 ^ clkbuf_3_7__f_clk/A (sky130_fd_sc_hd__clkbuf_16)
    10    0.037518    0.057691    0.169349   15.523617 ^ clkbuf_3_7__f_clk/X (sky130_fd_sc_hd__clkbuf_16)
                                                         clknet_3_7__leaf_clk (net)
                      0.057840    0.002295   15.525911 ^ _13655_/CLK (sky130_fd_sc_hd__dfrtp_1)
                                 -0.250000   15.275912   clock uncertainty
                                  0.000000   15.275912   clock reconvergence pessimism
                                  0.205638   15.481551   library recovery time
                                             15.481551   data required time
---------------------------------------------------------------------------------------------
                                             15.481551   data required time
                                             -3.925281   data arrival time
---------------------------------------------------------------------------------------------
                                             11.556269   slack (MET)


Startpoint: rst_n (input port clocked by clk)
Endpoint: _13661_ (recovery check against rising-edge clock clk)
Path Group: asynchronous
Path Type: max

Fanout         Cap        Slew       Delay        Time   Description
---------------------------------------------------------------------------------------------
                                  0.000000    0.000000   clock clk (rise edge)
                                  0.000000    0.000000   clock network delay (propagated)
                                  3.000000    3.000000 ^ input external delay
     1    0.003100    0.021025    0.011378    3.011378 ^ rst_n (in)
                                                         rst_n (net)
                      0.021025    0.000000    3.011378 ^ input1/A (sky130_fd_sc_hd__buf_2)
     2    0.029231    0.146971    0.170725    3.182103 ^ input1/X (sky130_fd_sc_hd__buf_2)
                                                         net1 (net)
                      0.147176    0.004483    3.186586 ^ fanout719/A (sky130_fd_sc_hd__clkbuf_8)
     9    0.075723    0.138066    0.234691    3.421277 ^ fanout719/X (sky130_fd_sc_hd__clkbuf_8)
                                                         net719 (net)
                      0.138431    0.005144    3.426421 ^ fanout718/A (sky130_fd_sc_hd__clkbuf_4)
     8    0.052488    0.162884    0.253625    3.680046 ^ fanout718/X (sky130_fd_sc_hd__clkbuf_4)
                                                         net718 (net)
                      0.163478    0.007944    3.687990 ^ fanout717/A (sky130_fd_sc_hd__buf_4)
    10    0.054991    0.155618    0.232780    3.920770 ^ fanout717/X (sky130_fd_sc_hd__buf_4)
                                                         net717 (net)
                      0.155643    0.001644    3.922415 ^ _13661_/RESET_B (sky130_fd_sc_hd__dfrtp_1)
                                              3.922415   data arrival time

                                 15.000000   15.000000   clock clk (rise edge)
                                  0.000000   15.000000   clock source latency
     1    0.034823    0.162195    0.115248   15.115248 ^ clk (in)
                                                         clk (net)
                      0.162620    0.000000   15.115248 ^ clkbuf_0_clk/A (sky130_fd_sc_hd__clkbuf_16)
     8    0.113161    0.127354    0.234087   15.349335 ^ clkbuf_0_clk/X (sky130_fd_sc_hd__clkbuf_16)
                                                         clknet_0_clk (net)
                      0.127540    0.003933   15.353268 ^ clkbuf_3_4__f_clk/A (sky130_fd_sc_hd__clkbuf_16)
     7    0.038185    0.058234    0.170131   15.523398 ^ clkbuf_3_4__f_clk/X (sky130_fd_sc_hd__clkbuf_16)
                                                         clknet_3_4__leaf_clk (net)
                      0.058284    0.001371   15.524770 ^ _13661_/CLK (sky130_fd_sc_hd__dfrtp_1)
                                 -0.250000   15.274771   clock uncertainty
                                  0.000000   15.274771   clock reconvergence pessimism
                                  0.205820   15.480590   library recovery time
                                             15.480590   data required time
---------------------------------------------------------------------------------------------
                                             15.480590   data required time
                                             -3.922415   data arrival time
---------------------------------------------------------------------------------------------
                                             11.558175   slack (MET)


Startpoint: rst_n (input port clocked by clk)
Endpoint: _13660_ (recovery check against rising-edge clock clk)
Path Group: asynchronous
Path Type: max

Fanout         Cap        Slew       Delay        Time   Description
---------------------------------------------------------------------------------------------
                                  0.000000    0.000000   clock clk (rise edge)
                                  0.000000    0.000000   clock network delay (propagated)
                                  3.000000    3.000000 ^ input external delay
     1    0.003100    0.021025    0.011378    3.011378 ^ rst_n (in)
                                                         rst_n (net)
                      0.021025    0.000000    3.011378 ^ input1/A (sky130_fd_sc_hd__buf_2)
     2    0.029231    0.146971    0.170725    3.182103 ^ input1/X (sky130_fd_sc_hd__buf_2)
                                                         net1 (net)
                      0.147176    0.004483    3.186586 ^ fanout719/A (sky130_fd_sc_hd__clkbuf_8)
     9    0.075723    0.138066    0.234691    3.421277 ^ fanout719/X (sky130_fd_sc_hd__clkbuf_8)
                                                         net719 (net)
                      0.138431    0.005144    3.426421 ^ fanout718/A (sky130_fd_sc_hd__clkbuf_4)
     8    0.052488    0.162884    0.253625    3.680046 ^ fanout718/X (sky130_fd_sc_hd__clkbuf_4)
                                                         net718 (net)
                      0.163478    0.007944    3.687990 ^ fanout717/A (sky130_fd_sc_hd__buf_4)
    10    0.054991    0.155618    0.232780    3.920770 ^ fanout717/X (sky130_fd_sc_hd__buf_4)
                                                         net717 (net)
                      0.155651    0.001886    3.922656 ^ _13660_/RESET_B (sky130_fd_sc_hd__dfrtp_1)
                                              3.922656   data arrival time

                                 15.000000   15.000000   clock clk (rise edge)
                                  0.000000   15.000000   clock source latency
     1    0.034823    0.162195    0.115248   15.115248 ^ clk (in)
                                                         clk (net)
                      0.162620    0.000000   15.115248 ^ clkbuf_0_clk/A (sky130_fd_sc_hd__clkbuf_16)
     8    0.113161    0.127354    0.234087   15.349335 ^ clkbuf_0_clk/X (sky130_fd_sc_hd__clkbuf_16)
                                                         clknet_0_clk (net)
                      0.127651    0.004933   15.354268 ^ clkbuf_3_7__f_clk/A (sky130_fd_sc_hd__clkbuf_16)
    10    0.037518    0.057691    0.169349   15.523617 ^ clkbuf_3_7__f_clk/X (sky130_fd_sc_hd__clkbuf_16)
                                                         clknet_3_7__leaf_clk (net)
                      0.057818    0.002100   15.525716 ^ _13660_/CLK (sky130_fd_sc_hd__dfrtp_1)
                                 -0.250000   15.275717   clock uncertainty
                                  0.000000   15.275717   clock reconvergence pessimism
                                  0.205673   15.481391   library recovery time
                                             15.481391   data required time
---------------------------------------------------------------------------------------------
                                             15.481391   data required time
                                             -3.922656   data arrival time
---------------------------------------------------------------------------------------------
                                             11.558735   slack (MET)


Startpoint: rst_n (input port clocked by clk)
Endpoint: _13662_ (recovery check against rising-edge clock clk)
Path Group: asynchronous
Path Type: max

Fanout         Cap        Slew       Delay        Time   Description
---------------------------------------------------------------------------------------------
                                  0.000000    0.000000   clock clk (rise edge)
                                  0.000000    0.000000   clock network delay (propagated)
                                  3.000000    3.000000 ^ input external delay
     1    0.003100    0.021025    0.011378    3.011378 ^ rst_n (in)
                                                         rst_n (net)
                      0.021025    0.000000    3.011378 ^ input1/A (sky130_fd_sc_hd__buf_2)
     2    0.029231    0.146971    0.170725    3.182103 ^ input1/X (sky130_fd_sc_hd__buf_2)
                                                         net1 (net)
                      0.147176    0.004483    3.186586 ^ fanout719/A (sky130_fd_sc_hd__clkbuf_8)
     9    0.075723    0.138066    0.234691    3.421277 ^ fanout719/X (sky130_fd_sc_hd__clkbuf_8)
                                                         net719 (net)
                      0.138431    0.005144    3.426421 ^ fanout718/A (sky130_fd_sc_hd__clkbuf_4)
     8    0.052488    0.162884    0.253625    3.680046 ^ fanout718/X (sky130_fd_sc_hd__clkbuf_4)
                                                         net718 (net)
                      0.163478    0.007944    3.687990 ^ fanout717/A (sky130_fd_sc_hd__buf_4)
    10    0.054991    0.155618    0.232780    3.920770 ^ fanout717/X (sky130_fd_sc_hd__buf_4)
                                                         net717 (net)
                      0.155630    0.001111    3.921882 ^ _13662_/RESET_B (sky130_fd_sc_hd__dfrtp_1)
                                              3.921882   data arrival time

                                 15.000000   15.000000   clock clk (rise edge)
                                  0.000000   15.000000   clock source latency
     1    0.034823    0.162195    0.115248   15.115248 ^ clk (in)
                                                         clk (net)
                      0.162620    0.000000   15.115248 ^ clkbuf_0_clk/A (sky130_fd_sc_hd__clkbuf_16)
     8    0.113161    0.127354    0.234087   15.349335 ^ clkbuf_0_clk/X (sky130_fd_sc_hd__clkbuf_16)
                                                         clknet_0_clk (net)
                      0.127540    0.003933   15.353268 ^ clkbuf_3_4__f_clk/A (sky130_fd_sc_hd__clkbuf_16)
     7    0.038185    0.058234    0.170131   15.523398 ^ clkbuf_3_4__f_clk/X (sky130_fd_sc_hd__clkbuf_16)
                                                         clknet_3_4__leaf_clk (net)
                      0.058289    0.001439   15.524837 ^ _13662_/CLK (sky130_fd_sc_hd__dfrtp_1)
                                 -0.250000   15.274837   clock uncertainty
                                  0.000000   15.274837   clock reconvergence pessimism
                                  0.205825   15.480662   library recovery time
                                             15.480662   data required time
---------------------------------------------------------------------------------------------
                                             15.480662   data required time
                                             -3.921882   data arrival time
---------------------------------------------------------------------------------------------
                                             11.558781   slack (MET)


Startpoint: rst_n (input port clocked by clk)
Endpoint: _13663_ (recovery check against rising-edge clock clk)
Path Group: asynchronous
Path Type: max

Fanout         Cap        Slew       Delay        Time   Description
---------------------------------------------------------------------------------------------
                                  0.000000    0.000000   clock clk (rise edge)
                                  0.000000    0.000000   clock network delay (propagated)
                                  3.000000    3.000000 ^ input external delay
     1    0.003100    0.021025    0.011378    3.011378 ^ rst_n (in)
                                                         rst_n (net)
                      0.021025    0.000000    3.011378 ^ input1/A (sky130_fd_sc_hd__buf_2)
     2    0.029231    0.146971    0.170725    3.182103 ^ input1/X (sky130_fd_sc_hd__buf_2)
                                                         net1 (net)
                      0.147176    0.004483    3.186586 ^ fanout719/A (sky130_fd_sc_hd__clkbuf_8)
     9    0.075723    0.138066    0.234691    3.421277 ^ fanout719/X (sky130_fd_sc_hd__clkbuf_8)
                                                         net719 (net)
                      0.138431    0.005144    3.426421 ^ fanout718/A (sky130_fd_sc_hd__clkbuf_4)
     8    0.052488    0.162884    0.253625    3.680046 ^ fanout718/X (sky130_fd_sc_hd__clkbuf_4)
                                                         net718 (net)
                      0.163478    0.007944    3.687990 ^ fanout717/A (sky130_fd_sc_hd__buf_4)
    10    0.054991    0.155618    0.232780    3.920770 ^ fanout717/X (sky130_fd_sc_hd__buf_4)
                                                         net717 (net)
                      0.155625    0.000862    3.921633 ^ _13663_/RESET_B (sky130_fd_sc_hd__dfrtp_1)
                                              3.921633   data arrival time

                                 15.000000   15.000000   clock clk (rise edge)
                                  0.000000   15.000000   clock source latency
     1    0.034823    0.162195    0.115248   15.115248 ^ clk (in)
                                                         clk (net)
                      0.162620    0.000000   15.115248 ^ clkbuf_0_clk/A (sky130_fd_sc_hd__clkbuf_16)
     8    0.113161    0.127354    0.234087   15.349335 ^ clkbuf_0_clk/X (sky130_fd_sc_hd__clkbuf_16)
                                                         clknet_0_clk (net)
                      0.127540    0.003933   15.353268 ^ clkbuf_3_4__f_clk/A (sky130_fd_sc_hd__clkbuf_16)
     7    0.038185    0.058234    0.170131   15.523398 ^ clkbuf_3_4__f_clk/X (sky130_fd_sc_hd__clkbuf_16)
                                                         clknet_3_4__leaf_clk (net)
                      0.058291    0.001453   15.524851 ^ _13663_/CLK (sky130_fd_sc_hd__dfrtp_1)
                                 -0.250000   15.274852   clock uncertainty
                                  0.000000   15.274852   clock reconvergence pessimism
                                  0.205827   15.480679   library recovery time
                                             15.480679   data required time
---------------------------------------------------------------------------------------------
                                             15.480679   data required time
                                             -3.921633   data arrival time
---------------------------------------------------------------------------------------------
                                             11.559046   slack (MET)


Startpoint: rst_n (input port clocked by clk)
Endpoint: _13646_ (recovery check against rising-edge clock clk)
Path Group: asynchronous
Path Type: max

Fanout         Cap        Slew       Delay        Time   Description
---------------------------------------------------------------------------------------------
                                  0.000000    0.000000   clock clk (rise edge)
                                  0.000000    0.000000   clock network delay (propagated)
                                  3.000000    3.000000 ^ input external delay
     1    0.003100    0.021025    0.011378    3.011378 ^ rst_n (in)
                                                         rst_n (net)
                      0.021025    0.000000    3.011378 ^ input1/A (sky130_fd_sc_hd__buf_2)
     2    0.029231    0.146971    0.170725    3.182103 ^ input1/X (sky130_fd_sc_hd__buf_2)
                                                         net1 (net)
                      0.147176    0.004483    3.186586 ^ fanout719/A (sky130_fd_sc_hd__clkbuf_8)
     9    0.075723    0.138066    0.234691    3.421277 ^ fanout719/X (sky130_fd_sc_hd__clkbuf_8)
                                                         net719 (net)
                      0.138431    0.005144    3.426421 ^ fanout718/A (sky130_fd_sc_hd__clkbuf_4)
     8    0.052488    0.162884    0.253625    3.680046 ^ fanout718/X (sky130_fd_sc_hd__clkbuf_4)
                                                         net718 (net)
                      0.163008    0.003707    3.683753 ^ _13646_/RESET_B (sky130_fd_sc_hd__dfrtp_1)
                                              3.683753   data arrival time

                                 15.000000   15.000000   clock clk (rise edge)
                                  0.000000   15.000000   clock source latency
     1    0.034823    0.162195    0.115248   15.115248 ^ clk (in)
                                                         clk (net)
                      0.162620    0.000000   15.115248 ^ clkbuf_0_clk/A (sky130_fd_sc_hd__clkbuf_16)
     8    0.113161    0.127354    0.234087   15.349335 ^ clkbuf_0_clk/X (sky130_fd_sc_hd__clkbuf_16)
                                                         clknet_0_clk (net)
                      0.127740    0.005604   15.354939 ^ clkbuf_3_6__f_clk/A (sky130_fd_sc_hd__clkbuf_16)
    10    0.030191    0.051358    0.164231   15.519171 ^ clkbuf_3_6__f_clk/X (sky130_fd_sc_hd__clkbuf_16)
                                                         clknet_3_6__leaf_clk (net)
                      0.051376    0.001165   15.520336 ^ _13646_/CLK (sky130_fd_sc_hd__dfrtp_1)
                                 -0.250000   15.270336   clock uncertainty
                                  0.000000   15.270336   clock reconvergence pessimism
                                  0.201766   15.472102   library recovery time
                                             15.472102   data required time
---------------------------------------------------------------------------------------------
                                             15.472102   data required time
                                             -3.683753   data arrival time
---------------------------------------------------------------------------------------------
                                             11.788349   slack (MET)


Startpoint: rst_n (input port clocked by clk)
Endpoint: _13659_ (recovery check against rising-edge clock clk)
Path Group: asynchronous
Path Type: max

Fanout         Cap        Slew       Delay        Time   Description
---------------------------------------------------------------------------------------------
                                  0.000000    0.000000   clock clk (rise edge)
                                  0.000000    0.000000   clock network delay (propagated)
                                  3.000000    3.000000 ^ input external delay
     1    0.003100    0.021025    0.011378    3.011378 ^ rst_n (in)
                                                         rst_n (net)
                      0.021025    0.000000    3.011378 ^ input1/A (sky130_fd_sc_hd__buf_2)
     2    0.029231    0.146971    0.170725    3.182103 ^ input1/X (sky130_fd_sc_hd__buf_2)
                                                         net1 (net)
                      0.147176    0.004483    3.186586 ^ fanout719/A (sky130_fd_sc_hd__clkbuf_8)
     9    0.075723    0.138066    0.234691    3.421277 ^ fanout719/X (sky130_fd_sc_hd__clkbuf_8)
                                                         net719 (net)
                      0.138431    0.005144    3.426421 ^ fanout718/A (sky130_fd_sc_hd__clkbuf_4)
     8    0.052488    0.162884    0.253625    3.680046 ^ fanout718/X (sky130_fd_sc_hd__clkbuf_4)
                                                         net718 (net)
                      0.163467    0.007877    3.687923 ^ _13659_/RESET_B (sky130_fd_sc_hd__dfrtp_1)
                                              3.687923   data arrival time

                                 15.000000   15.000000   clock clk (rise edge)
                                  0.000000   15.000000   clock source latency
     1    0.034823    0.162195    0.115248   15.115248 ^ clk (in)
                                                         clk (net)
                      0.162620    0.000000   15.115248 ^ clkbuf_0_clk/A (sky130_fd_sc_hd__clkbuf_16)
     8    0.113161    0.127354    0.234087   15.349335 ^ clkbuf_0_clk/X (sky130_fd_sc_hd__clkbuf_16)
                                                         clknet_0_clk (net)
                      0.127651    0.004933   15.354268 ^ clkbuf_3_7__f_clk/A (sky130_fd_sc_hd__clkbuf_16)
    10    0.037518    0.057691    0.169349   15.523617 ^ clkbuf_3_7__f_clk/X (sky130_fd_sc_hd__clkbuf_16)
                                                         clknet_3_7__leaf_clk (net)
                      0.057817    0.002084   15.525701 ^ _13659_/CLK (sky130_fd_sc_hd__dfrtp_1)
                                 -0.250000   15.275702   clock uncertainty
                                  0.000000   15.275702   clock reconvergence pessimism
                                  0.203653   15.479353   library recovery time
                                             15.479353   data required time
---------------------------------------------------------------------------------------------
                                             15.479353   data required time
                                             -3.687923   data arrival time
---------------------------------------------------------------------------------------------
                                             11.791430   slack (MET)


Startpoint: rst_n (input port clocked by clk)
Endpoint: _13691_ (recovery check against rising-edge clock clk)
Path Group: asynchronous
Path Type: max

Fanout         Cap        Slew       Delay        Time   Description
---------------------------------------------------------------------------------------------
                                  0.000000    0.000000   clock clk (rise edge)
                                  0.000000    0.000000   clock network delay (propagated)
                                  3.000000    3.000000 ^ input external delay
     1    0.003100    0.021025    0.011378    3.011378 ^ rst_n (in)
                                                         rst_n (net)
                      0.021025    0.000000    3.011378 ^ input1/A (sky130_fd_sc_hd__buf_2)
     2    0.029231    0.146971    0.170725    3.182103 ^ input1/X (sky130_fd_sc_hd__buf_2)
                                                         net1 (net)
                      0.146976    0.000663    3.182766 ^ fanout715/A (sky130_fd_sc_hd__buf_4)
     9    0.058240    0.164162    0.235326    3.418092 ^ fanout715/X (sky130_fd_sc_hd__buf_4)
                                                         net715 (net)
                      0.164289    0.002787    3.420879 ^ fanout714/A (sky130_fd_sc_hd__clkbuf_4)
     8    0.049227    0.155139    0.256085    3.676964 ^ fanout714/X (sky130_fd_sc_hd__clkbuf_4)
                                                         net714 (net)
                      0.155581    0.006753    3.683717 ^ _13691_/RESET_B (sky130_fd_sc_hd__dfrtp_1)
                                              3.683717   data arrival time

                                 15.000000   15.000000   clock clk (rise edge)
                                  0.000000   15.000000   clock source latency
     1    0.034823    0.162195    0.115248   15.115248 ^ clk (in)
                                                         clk (net)
                      0.162620    0.000000   15.115248 ^ clkbuf_0_clk/A (sky130_fd_sc_hd__clkbuf_16)
     8    0.113161    0.127354    0.234087   15.349335 ^ clkbuf_0_clk/X (sky130_fd_sc_hd__clkbuf_16)
                                                         clknet_0_clk (net)
                      0.127686    0.005208   15.354543 ^ clkbuf_3_3__f_clk/A (sky130_fd_sc_hd__clkbuf_16)
    10    0.031963    0.052824    0.165569   15.520112 ^ clkbuf_3_3__f_clk/X (sky130_fd_sc_hd__clkbuf_16)
                                                         clknet_3_3__leaf_clk (net)
                      0.052829    0.000989   15.521101 ^ _13691_/CLK (sky130_fd_sc_hd__dfrtp_1)
                                 -0.250000   15.271102   clock uncertainty
                                  0.000000   15.271102   clock reconvergence pessimism
                                  0.204139   15.475241   library recovery time
                                             15.475241   data required time
---------------------------------------------------------------------------------------------
                                             15.475241   data required time
                                             -3.683717   data arrival time
---------------------------------------------------------------------------------------------
                                             11.791525   slack (MET)


Startpoint: rst_n (input port clocked by clk)
Endpoint: _13658_ (recovery check against rising-edge clock clk)
Path Group: asynchronous
Path Type: max

Fanout         Cap        Slew       Delay        Time   Description
---------------------------------------------------------------------------------------------
                                  0.000000    0.000000   clock clk (rise edge)
                                  0.000000    0.000000   clock network delay (propagated)
                                  3.000000    3.000000 ^ input external delay
     1    0.003100    0.021025    0.011378    3.011378 ^ rst_n (in)
                                                         rst_n (net)
                      0.021025    0.000000    3.011378 ^ input1/A (sky130_fd_sc_hd__buf_2)
     2    0.029231    0.146971    0.170725    3.182103 ^ input1/X (sky130_fd_sc_hd__buf_2)
                                                         net1 (net)
                      0.147176    0.004483    3.186586 ^ fanout719/A (sky130_fd_sc_hd__clkbuf_8)
     9    0.075723    0.138066    0.234691    3.421277 ^ fanout719/X (sky130_fd_sc_hd__clkbuf_8)
                                                         net719 (net)
                      0.138431    0.005144    3.426421 ^ fanout718/A (sky130_fd_sc_hd__clkbuf_4)
     8    0.052488    0.162884    0.253625    3.680046 ^ fanout718/X (sky130_fd_sc_hd__clkbuf_4)
                                                         net718 (net)
                      0.163430    0.007628    3.687674 ^ _13658_/RESET_B (sky130_fd_sc_hd__dfrtp_1)
                                              3.687674   data arrival time

                                 15.000000   15.000000   clock clk (rise edge)
                                  0.000000   15.000000   clock source latency
     1    0.034823    0.162195    0.115248   15.115248 ^ clk (in)
                                                         clk (net)
                      0.162620    0.000000   15.115248 ^ clkbuf_0_clk/A (sky130_fd_sc_hd__clkbuf_16)
     8    0.113161    0.127354    0.234087   15.349335 ^ clkbuf_0_clk/X (sky130_fd_sc_hd__clkbuf_16)
                                                         clknet_0_clk (net)
                      0.127651    0.004933   15.354268 ^ clkbuf_3_7__f_clk/A (sky130_fd_sc_hd__clkbuf_16)
    10    0.037518    0.057691    0.169349   15.523617 ^ clkbuf_3_7__f_clk/X (sky130_fd_sc_hd__clkbuf_16)
                                                         clknet_3_7__leaf_clk (net)
                      0.057806    0.001984   15.525600 ^ _13658_/CLK (sky130_fd_sc_hd__dfrtp_1)
                                 -0.250000   15.275601   clock uncertainty
                                  0.000000   15.275601   clock reconvergence pessimism
                                  0.203659   15.479261   library recovery time
                                             15.479261   data required time
---------------------------------------------------------------------------------------------
                                             15.479261   data required time
                                             -3.687674   data arrival time
---------------------------------------------------------------------------------------------
                                             11.791587   slack (MET)


Startpoint: rst_n (input port clocked by clk)
Endpoint: _13657_ (recovery check against rising-edge clock clk)
Path Group: asynchronous
Path Type: max

Fanout         Cap        Slew       Delay        Time   Description
---------------------------------------------------------------------------------------------
                                  0.000000    0.000000   clock clk (rise edge)
                                  0.000000    0.000000   clock network delay (propagated)
                                  3.000000    3.000000 ^ input external delay
     1    0.003100    0.021025    0.011378    3.011378 ^ rst_n (in)
                                                         rst_n (net)
                      0.021025    0.000000    3.011378 ^ input1/A (sky130_fd_sc_hd__buf_2)
     2    0.029231    0.146971    0.170725    3.182103 ^ input1/X (sky130_fd_sc_hd__buf_2)
                                                         net1 (net)
                      0.147176    0.004483    3.186586 ^ fanout719/A (sky130_fd_sc_hd__clkbuf_8)
     9    0.075723    0.138066    0.234691    3.421277 ^ fanout719/X (sky130_fd_sc_hd__clkbuf_8)
                                                         net719 (net)
                      0.138431    0.005144    3.426421 ^ fanout718/A (sky130_fd_sc_hd__clkbuf_4)
     8    0.052488    0.162884    0.253625    3.680046 ^ fanout718/X (sky130_fd_sc_hd__clkbuf_4)
                                                         net718 (net)
                      0.163414    0.007521    3.687567 ^ _13657_/RESET_B (sky130_fd_sc_hd__dfrtp_1)
                                              3.687567   data arrival time

                                 15.000000   15.000000   clock clk (rise edge)
                                  0.000000   15.000000   clock source latency
     1    0.034823    0.162195    0.115248   15.115248 ^ clk (in)
                                                         clk (net)
                      0.162620    0.000000   15.115248 ^ clkbuf_0_clk/A (sky130_fd_sc_hd__clkbuf_16)
     8    0.113161    0.127354    0.234087   15.349335 ^ clkbuf_0_clk/X (sky130_fd_sc_hd__clkbuf_16)
                                                         clknet_0_clk (net)
                      0.127651    0.004933   15.354268 ^ clkbuf_3_7__f_clk/A (sky130_fd_sc_hd__clkbuf_16)
    10    0.037518    0.057691    0.169349   15.523617 ^ clkbuf_3_7__f_clk/X (sky130_fd_sc_hd__clkbuf_16)
                                                         clknet_3_7__leaf_clk (net)
                      0.057807    0.001991   15.525608 ^ _13657_/CLK (sky130_fd_sc_hd__dfrtp_1)
                                 -0.250000   15.275609   clock uncertainty
                                  0.000000   15.275609   clock reconvergence pessimism
                                  0.203664   15.479272   library recovery time
                                             15.479272   data required time
---------------------------------------------------------------------------------------------
                                             15.479272   data required time
                                             -3.687567   data arrival time
---------------------------------------------------------------------------------------------
                                             11.791705   slack (MET)


Startpoint: rst_n (input port clocked by clk)
Endpoint: _13689_ (recovery check against rising-edge clock clk)
Path Group: asynchronous
Path Type: max

Fanout         Cap        Slew       Delay        Time   Description
---------------------------------------------------------------------------------------------
                                  0.000000    0.000000   clock clk (rise edge)
                                  0.000000    0.000000   clock network delay (propagated)
                                  3.000000    3.000000 ^ input external delay
     1    0.003100    0.021025    0.011378    3.011378 ^ rst_n (in)
                                                         rst_n (net)
                      0.021025    0.000000    3.011378 ^ input1/A (sky130_fd_sc_hd__buf_2)
     2    0.029231    0.146971    0.170725    3.182103 ^ input1/X (sky130_fd_sc_hd__buf_2)
                                                         net1 (net)
                      0.146976    0.000663    3.182766 ^ fanout715/A (sky130_fd_sc_hd__buf_4)
     9    0.058240    0.164162    0.235326    3.418092 ^ fanout715/X (sky130_fd_sc_hd__buf_4)
                                                         net715 (net)
                      0.164289    0.002787    3.420879 ^ fanout714/A (sky130_fd_sc_hd__clkbuf_4)
     8    0.049227    0.155139    0.256085    3.676964 ^ fanout714/X (sky130_fd_sc_hd__clkbuf_4)
                                                         net714 (net)
                      0.155603    0.006910    3.683874 ^ _13689_/RESET_B (sky130_fd_sc_hd__dfrtp_1)
                                              3.683874   data arrival time

                                 15.000000   15.000000   clock clk (rise edge)
                                  0.000000   15.000000   clock source latency
     1    0.034823    0.162195    0.115248   15.115248 ^ clk (in)
                                                         clk (net)
                      0.162620    0.000000   15.115248 ^ clkbuf_0_clk/A (sky130_fd_sc_hd__clkbuf_16)
     8    0.113161    0.127354    0.234087   15.349335 ^ clkbuf_0_clk/X (sky130_fd_sc_hd__clkbuf_16)
                                                         clknet_0_clk (net)
                      0.127686    0.005208   15.354543 ^ clkbuf_3_3__f_clk/A (sky130_fd_sc_hd__clkbuf_16)
    10    0.031963    0.052824    0.165569   15.520112 ^ clkbuf_3_3__f_clk/X (sky130_fd_sc_hd__clkbuf_16)
                                                         clknet_3_3__leaf_clk (net)
                      0.052834    0.001338   15.521449 ^ _13689_/CLK (sky130_fd_sc_hd__dfrtp_1)
                                 -0.250000   15.271450   clock uncertainty
                                  0.000000   15.271450   clock reconvergence pessimism
                                  0.204135   15.475586   library recovery time
                                             15.475586   data required time
---------------------------------------------------------------------------------------------
                                             15.475586   data required time
                                             -3.683874   data arrival time
---------------------------------------------------------------------------------------------
                                             11.791712   slack (MET)


Startpoint: rst_n (input port clocked by clk)
Endpoint: _13690_ (recovery check against rising-edge clock clk)
Path Group: asynchronous
Path Type: max

Fanout         Cap        Slew       Delay        Time   Description
---------------------------------------------------------------------------------------------
                                  0.000000    0.000000   clock clk (rise edge)
                                  0.000000    0.000000   clock network delay (propagated)
                                  3.000000    3.000000 ^ input external delay
     1    0.003100    0.021025    0.011378    3.011378 ^ rst_n (in)
                                                         rst_n (net)
                      0.021025    0.000000    3.011378 ^ input1/A (sky130_fd_sc_hd__buf_2)
     2    0.029231    0.146971    0.170725    3.182103 ^ input1/X (sky130_fd_sc_hd__buf_2)
                                                         net1 (net)
                      0.146976    0.000663    3.182766 ^ fanout715/A (sky130_fd_sc_hd__buf_4)
     9    0.058240    0.164162    0.235326    3.418092 ^ fanout715/X (sky130_fd_sc_hd__buf_4)
                                                         net715 (net)
                      0.164289    0.002787    3.420879 ^ fanout714/A (sky130_fd_sc_hd__clkbuf_4)
     8    0.049227    0.155139    0.256085    3.676964 ^ fanout714/X (sky130_fd_sc_hd__clkbuf_4)
                                                         net714 (net)
                      0.155596    0.006861    3.683825 ^ _13690_/RESET_B (sky130_fd_sc_hd__dfrtp_1)
                                              3.683825   data arrival time

                                 15.000000   15.000000   clock clk (rise edge)
                                  0.000000   15.000000   clock source latency
     1    0.034823    0.162195    0.115248   15.115248 ^ clk (in)
                                                         clk (net)
                      0.162620    0.000000   15.115248 ^ clkbuf_0_clk/A (sky130_fd_sc_hd__clkbuf_16)
     8    0.113161    0.127354    0.234087   15.349335 ^ clkbuf_0_clk/X (sky130_fd_sc_hd__clkbuf_16)
                                                         clknet_0_clk (net)
                      0.127686    0.005208   15.354543 ^ clkbuf_3_3__f_clk/A (sky130_fd_sc_hd__clkbuf_16)
    10    0.031963    0.052824    0.165569   15.520112 ^ clkbuf_3_3__f_clk/X (sky130_fd_sc_hd__clkbuf_16)
                                                         clknet_3_3__leaf_clk (net)
                      0.052833    0.001283   15.521395 ^ _13690_/CLK (sky130_fd_sc_hd__dfrtp_1)
                                 -0.250000   15.271396   clock uncertainty
                                  0.000000   15.271396   clock reconvergence pessimism
                                  0.204136   15.475533   library recovery time
                                             15.475533   data required time
---------------------------------------------------------------------------------------------
                                             15.475533   data required time
                                             -3.683825   data arrival time
---------------------------------------------------------------------------------------------
                                             11.791707   slack (MET)


Startpoint: rst_n (input port clocked by clk)
Endpoint: _13644_ (recovery check against rising-edge clock clk)
Path Group: asynchronous
Path Type: max

Fanout         Cap        Slew       Delay        Time   Description
---------------------------------------------------------------------------------------------
                                  0.000000    0.000000   clock clk (rise edge)
                                  0.000000    0.000000   clock network delay (propagated)
                                  3.000000    3.000000 ^ input external delay
     1    0.003100    0.021025    0.011378    3.011378 ^ rst_n (in)
                                                         rst_n (net)
                      0.021025    0.000000    3.011378 ^ input1/A (sky130_fd_sc_hd__buf_2)
     2    0.029231    0.146971    0.170725    3.182103 ^ input1/X (sky130_fd_sc_hd__buf_2)
                                                         net1 (net)
                      0.147176    0.004483    3.186586 ^ fanout719/A (sky130_fd_sc_hd__clkbuf_8)
     9    0.075723    0.138066    0.234691    3.421277 ^ fanout719/X (sky130_fd_sc_hd__clkbuf_8)
                                                         net719 (net)
                      0.138431    0.005144    3.426421 ^ fanout718/A (sky130_fd_sc_hd__clkbuf_4)
     8    0.052488    0.162884    0.253625    3.680046 ^ fanout718/X (sky130_fd_sc_hd__clkbuf_4)
                                                         net718 (net)
                      0.163069    0.004511    3.684556 ^ _13644_/RESET_B (sky130_fd_sc_hd__dfrtp_1)
                                              3.684556   data arrival time

                                 15.000000   15.000000   clock clk (rise edge)
                                  0.000000   15.000000   clock source latency
     1    0.034823    0.162195    0.115248   15.115248 ^ clk (in)
                                                         clk (net)
                      0.162620    0.000000   15.115248 ^ clkbuf_0_clk/A (sky130_fd_sc_hd__clkbuf_16)
     8    0.113161    0.127354    0.234087   15.349335 ^ clkbuf_0_clk/X (sky130_fd_sc_hd__clkbuf_16)
                                                         clknet_0_clk (net)
                      0.127540    0.003933   15.353268 ^ clkbuf_3_4__f_clk/A (sky130_fd_sc_hd__clkbuf_16)
     7    0.038185    0.058234    0.170131   15.523398 ^ clkbuf_3_4__f_clk/X (sky130_fd_sc_hd__clkbuf_16)
                                                         clknet_3_4__leaf_clk (net)
                      0.058310    0.001695   15.525093 ^ _13644_/CLK (sky130_fd_sc_hd__dfrtp_1)
                                 -0.250000   15.275094   clock uncertainty
                                  0.000000   15.275094   clock reconvergence pessimism
                                  0.203909   15.479003   library recovery time
                                             15.479003   data required time
---------------------------------------------------------------------------------------------
                                             15.479003   data required time
                                             -3.684556   data arrival time
---------------------------------------------------------------------------------------------
                                             11.794447   slack (MET)


Startpoint: rst_n (input port clocked by clk)
Endpoint: _13645_ (recovery check against rising-edge clock clk)
Path Group: asynchronous
Path Type: max

Fanout         Cap        Slew       Delay        Time   Description
---------------------------------------------------------------------------------------------
                                  0.000000    0.000000   clock clk (rise edge)
                                  0.000000    0.000000   clock network delay (propagated)
                                  3.000000    3.000000 ^ input external delay
     1    0.003100    0.021025    0.011378    3.011378 ^ rst_n (in)
                                                         rst_n (net)
                      0.021025    0.000000    3.011378 ^ input1/A (sky130_fd_sc_hd__buf_2)
     2    0.029231    0.146971    0.170725    3.182103 ^ input1/X (sky130_fd_sc_hd__buf_2)
                                                         net1 (net)
                      0.147176    0.004483    3.186586 ^ fanout719/A (sky130_fd_sc_hd__clkbuf_8)
     9    0.075723    0.138066    0.234691    3.421277 ^ fanout719/X (sky130_fd_sc_hd__clkbuf_8)
                                                         net719 (net)
                      0.138431    0.005144    3.426421 ^ fanout718/A (sky130_fd_sc_hd__clkbuf_4)
     8    0.052488    0.162884    0.253625    3.680046 ^ fanout718/X (sky130_fd_sc_hd__clkbuf_4)
                                                         net718 (net)
                      0.163039    0.004142    3.684188 ^ _13645_/RESET_B (sky130_fd_sc_hd__dfrtp_1)
                                              3.684188   data arrival time

                                 15.000000   15.000000   clock clk (rise edge)
                                  0.000000   15.000000   clock source latency
     1    0.034823    0.162195    0.115248   15.115248 ^ clk (in)
                                                         clk (net)
                      0.162620    0.000000   15.115248 ^ clkbuf_0_clk/A (sky130_fd_sc_hd__clkbuf_16)
     8    0.113161    0.127354    0.234087   15.349335 ^ clkbuf_0_clk/X (sky130_fd_sc_hd__clkbuf_16)
                                                         clknet_0_clk (net)
                      0.127540    0.003933   15.353268 ^ clkbuf_3_4__f_clk/A (sky130_fd_sc_hd__clkbuf_16)
     7    0.038185    0.058234    0.170131   15.523398 ^ clkbuf_3_4__f_clk/X (sky130_fd_sc_hd__clkbuf_16)
                                                         clknet_3_4__leaf_clk (net)
                      0.058310    0.001696   15.525095 ^ _13645_/CLK (sky130_fd_sc_hd__dfrtp_1)
                                 -0.250000   15.275095   clock uncertainty
                                  0.000000   15.275095   clock reconvergence pessimism
                                  0.203917   15.479012   library recovery time
                                             15.479012   data required time
---------------------------------------------------------------------------------------------
                                             15.479012   data required time
                                             -3.684188   data arrival time
---------------------------------------------------------------------------------------------
                                             11.794824   slack (MET)


Startpoint: rst_n (input port clocked by clk)
Endpoint: _13671_ (recovery check against rising-edge clock clk)
Path Group: asynchronous
Path Type: max

Fanout         Cap        Slew       Delay        Time   Description
---------------------------------------------------------------------------------------------
                                  0.000000    0.000000   clock clk (rise edge)
                                  0.000000    0.000000   clock network delay (propagated)
                                  3.000000    3.000000 ^ input external delay
     1    0.003100    0.021025    0.011378    3.011378 ^ rst_n (in)
                                                         rst_n (net)
                      0.021025    0.000000    3.011378 ^ input1/A (sky130_fd_sc_hd__buf_2)
     2    0.029231    0.146971    0.170725    3.182103 ^ input1/X (sky130_fd_sc_hd__buf_2)
                                                         net1 (net)
                      0.146976    0.000663    3.182766 ^ fanout715/A (sky130_fd_sc_hd__buf_4)
     9    0.058240    0.164162    0.235326    3.418092 ^ fanout715/X (sky130_fd_sc_hd__buf_4)
                                                         net715 (net)
                      0.164289    0.002787    3.420879 ^ fanout714/A (sky130_fd_sc_hd__clkbuf_4)
     8    0.049227    0.155139    0.256085    3.676964 ^ fanout714/X (sky130_fd_sc_hd__clkbuf_4)
                                                         net714 (net)
                      0.155422    0.005441    3.682405 ^ _13671_/RESET_B (sky130_fd_sc_hd__dfrtp_1)
                                              3.682405   data arrival time

                                 15.000000   15.000000   clock clk (rise edge)
                                  0.000000   15.000000   clock source latency
     1    0.034823    0.162195    0.115248   15.115248 ^ clk (in)
                                                         clk (net)
                      0.162620    0.000000   15.115248 ^ clkbuf_0_clk/A (sky130_fd_sc_hd__clkbuf_16)
     8    0.113161    0.127354    0.234087   15.349335 ^ clkbuf_0_clk/X (sky130_fd_sc_hd__clkbuf_16)
                                                         clknet_0_clk (net)
                      0.127819    0.006139   15.355474 ^ clkbuf_3_2__f_clk/A (sky130_fd_sc_hd__clkbuf_16)
    10    0.035562    0.055795    0.167619   15.523092 ^ clkbuf_3_2__f_clk/X (sky130_fd_sc_hd__clkbuf_16)
                                                         clknet_3_2__leaf_clk (net)
                      0.056068    0.002023   15.525116 ^ _13671_/CLK (sky130_fd_sc_hd__dfrtp_1)
                                 -0.250000   15.275117   clock uncertainty
                                  0.000000   15.275117   clock reconvergence pessimism
                                  0.205188   15.480304   library recovery time
                                             15.480304   data required time
---------------------------------------------------------------------------------------------
                                             15.480304   data required time
                                             -3.682405   data arrival time
---------------------------------------------------------------------------------------------
                                             11.797899   slack (MET)


Startpoint: rst_n (input port clocked by clk)
Endpoint: _13678_ (recovery check against rising-edge clock clk)
Path Group: asynchronous
Path Type: max

Fanout         Cap        Slew       Delay        Time   Description
---------------------------------------------------------------------------------------------
                                  0.000000    0.000000   clock clk (rise edge)
                                  0.000000    0.000000   clock network delay (propagated)
                                  3.000000    3.000000 ^ input external delay
     1    0.003100    0.021025    0.011378    3.011378 ^ rst_n (in)
                                                         rst_n (net)
                      0.021025    0.000000    3.011378 ^ input1/A (sky130_fd_sc_hd__buf_2)
     2    0.029231    0.146971    0.170725    3.182103 ^ input1/X (sky130_fd_sc_hd__buf_2)
                                                         net1 (net)
                      0.146976    0.000663    3.182766 ^ fanout715/A (sky130_fd_sc_hd__buf_4)
     9    0.058240    0.164162    0.235326    3.418092 ^ fanout715/X (sky130_fd_sc_hd__buf_4)
                                                         net715 (net)
                      0.164289    0.002787    3.420879 ^ fanout714/A (sky130_fd_sc_hd__clkbuf_4)
     8    0.049227    0.155139    0.256085    3.676964 ^ fanout714/X (sky130_fd_sc_hd__clkbuf_4)
                                                         net714 (net)
                      0.155161    0.001548    3.678512 ^ _13678_/RESET_B (sky130_fd_sc_hd__dfrtp_1)
                                              3.678512   data arrival time

                                 15.000000   15.000000   clock clk (rise edge)
                                  0.000000   15.000000   clock source latency
     1    0.034823    0.162195    0.115248   15.115248 ^ clk (in)
                                                         clk (net)
                      0.162620    0.000000   15.115248 ^ clkbuf_0_clk/A (sky130_fd_sc_hd__clkbuf_16)
     8    0.113161    0.127354    0.234087   15.349335 ^ clkbuf_0_clk/X (sky130_fd_sc_hd__clkbuf_16)
                                                         clknet_0_clk (net)
                      0.127819    0.006139   15.355474 ^ clkbuf_3_2__f_clk/A (sky130_fd_sc_hd__clkbuf_16)
    10    0.035562    0.055795    0.167619   15.523092 ^ clkbuf_3_2__f_clk/X (sky130_fd_sc_hd__clkbuf_16)
                                                         clknet_3_2__leaf_clk (net)
                      0.056310    0.003666   15.526759 ^ _13678_/CLK (sky130_fd_sc_hd__dfrtp_1)
                                 -0.250000   15.276760   clock uncertainty
                                  0.000000   15.276760   clock reconvergence pessimism
                                  0.205331   15.482091   library recovery time
                                             15.482091   data required time
---------------------------------------------------------------------------------------------
                                             15.482091   data required time
                                             -3.678512   data arrival time
---------------------------------------------------------------------------------------------
                                             11.803579   slack (MET)


Startpoint: rst_n (input port clocked by clk)
Endpoint: _13679_ (recovery check against rising-edge clock clk)
Path Group: asynchronous
Path Type: max

Fanout         Cap        Slew       Delay        Time   Description
---------------------------------------------------------------------------------------------
                                  0.000000    0.000000   clock clk (rise edge)
                                  0.000000    0.000000   clock network delay (propagated)
                                  3.000000    3.000000 ^ input external delay
     1    0.003100    0.021025    0.011378    3.011378 ^ rst_n (in)
                                                         rst_n (net)
                      0.021025    0.000000    3.011378 ^ input1/A (sky130_fd_sc_hd__buf_2)
     2    0.029231    0.146971    0.170725    3.182103 ^ input1/X (sky130_fd_sc_hd__buf_2)
                                                         net1 (net)
                      0.146976    0.000663    3.182766 ^ fanout715/A (sky130_fd_sc_hd__buf_4)
     9    0.058240    0.164162    0.235326    3.418092 ^ fanout715/X (sky130_fd_sc_hd__buf_4)
                                                         net715 (net)
                      0.164289    0.002787    3.420879 ^ fanout714/A (sky130_fd_sc_hd__clkbuf_4)
     8    0.049227    0.155139    0.256085    3.676964 ^ fanout714/X (sky130_fd_sc_hd__clkbuf_4)
                                                         net714 (net)
                      0.155149    0.001092    3.678056 ^ _13679_/RESET_B (sky130_fd_sc_hd__dfrtp_1)
                                              3.678056   data arrival time

                                 15.000000   15.000000   clock clk (rise edge)
                                  0.000000   15.000000   clock source latency
     1    0.034823    0.162195    0.115248   15.115248 ^ clk (in)
                                                         clk (net)
                      0.162620    0.000000   15.115248 ^ clkbuf_0_clk/A (sky130_fd_sc_hd__clkbuf_16)
     8    0.113161    0.127354    0.234087   15.349335 ^ clkbuf_0_clk/X (sky130_fd_sc_hd__clkbuf_16)
                                                         clknet_0_clk (net)
                      0.127832    0.006226   15.355561 ^ clkbuf_3_1__f_clk/A (sky130_fd_sc_hd__clkbuf_16)
     7    0.038592    0.058653    0.170198   15.525759 ^ clkbuf_3_1__f_clk/X (sky130_fd_sc_hd__clkbuf_16)
                                                         clknet_3_1__leaf_clk (net)
                      0.058736    0.001755   15.527514 ^ _13679_/CLK (sky130_fd_sc_hd__dfrtp_1)
                                 -0.250000   15.277514   clock uncertainty
                                  0.000000   15.277514   clock reconvergence pessimism
                                  0.206088   15.483603   library recovery time
                                             15.483603   data required time
---------------------------------------------------------------------------------------------
                                             15.483603   data required time
                                             -3.678056   data arrival time
---------------------------------------------------------------------------------------------
                                             11.805547   slack (MET)


Startpoint: rst_n (input port clocked by clk)
Endpoint: _13699_ (recovery check against rising-edge clock clk)
Path Group: asynchronous
Path Type: max

Fanout         Cap        Slew       Delay        Time   Description
---------------------------------------------------------------------------------------------
                                  0.000000    0.000000   clock clk (rise edge)
                                  0.000000    0.000000   clock network delay (propagated)
                                  3.000000    3.000000 ^ input external delay
     1    0.003100    0.021025    0.011378    3.011378 ^ rst_n (in)
                                                         rst_n (net)
                      0.021025    0.000000    3.011378 ^ input1/A (sky130_fd_sc_hd__buf_2)
     2    0.029231    0.146971    0.170725    3.182103 ^ input1/X (sky130_fd_sc_hd__buf_2)
                                                         net1 (net)
                      0.146976    0.000663    3.182766 ^ fanout715/A (sky130_fd_sc_hd__buf_4)
     9    0.058240    0.164162    0.235326    3.418092 ^ fanout715/X (sky130_fd_sc_hd__buf_4)
                                                         net715 (net)
                      0.164298    0.002954    3.421046 ^ _13699_/RESET_B (sky130_fd_sc_hd__dfrtp_1)
                                              3.421046   data arrival time

                                 15.000000   15.000000   clock clk (rise edge)
                                  0.000000   15.000000   clock source latency
     1    0.034823    0.162195    0.115248   15.115248 ^ clk (in)
                                                         clk (net)
                      0.162620    0.000000   15.115248 ^ clkbuf_0_clk/A (sky130_fd_sc_hd__clkbuf_16)
     8    0.113161    0.127354    0.234087   15.349335 ^ clkbuf_0_clk/X (sky130_fd_sc_hd__clkbuf_16)
                                                         clknet_0_clk (net)
                      0.127714    0.005420   15.354754 ^ clkbuf_3_0__f_clk/A (sky130_fd_sc_hd__clkbuf_16)
     9    0.040939    0.060705    0.171681   15.526436 ^ clkbuf_3_0__f_clk/X (sky130_fd_sc_hd__clkbuf_16)
                                                         clknet_3_0__leaf_clk (net)
                      0.060931    0.002153   15.528588 ^ _13699_/CLK (sky130_fd_sc_hd__dfrtp_1)
                                 -0.250000   15.278589   clock uncertainty
                                  0.000000   15.278589   clock reconvergence pessimism
                                  0.204408   15.482999   library recovery time
                                             15.482999   data required time
---------------------------------------------------------------------------------------------
                                             15.482999   data required time
                                             -3.421046   data arrival time
---------------------------------------------------------------------------------------------
                                             12.061953   slack (MET)


Startpoint: rst_n (input port clocked by clk)
Endpoint: _13700_ (recovery check against rising-edge clock clk)
Path Group: asynchronous
Path Type: max

Fanout         Cap        Slew       Delay        Time   Description
---------------------------------------------------------------------------------------------
                                  0.000000    0.000000   clock clk (rise edge)
                                  0.000000    0.000000   clock network delay (propagated)
                                  3.000000    3.000000 ^ input external delay
     1    0.003100    0.021025    0.011378    3.011378 ^ rst_n (in)
                                                         rst_n (net)
                      0.021025    0.000000    3.011378 ^ input1/A (sky130_fd_sc_hd__buf_2)
     2    0.029231    0.146971    0.170725    3.182103 ^ input1/X (sky130_fd_sc_hd__buf_2)
                                                         net1 (net)
                      0.146976    0.000663    3.182766 ^ fanout715/A (sky130_fd_sc_hd__buf_4)
     9    0.058240    0.164162    0.235326    3.418092 ^ fanout715/X (sky130_fd_sc_hd__buf_4)
                                                         net715 (net)
                      0.164296    0.002915    3.421006 ^ _13700_/RESET_B (sky130_fd_sc_hd__dfrtp_1)
                                              3.421006   data arrival time

                                 15.000000   15.000000   clock clk (rise edge)
                                  0.000000   15.000000   clock source latency
     1    0.034823    0.162195    0.115248   15.115248 ^ clk (in)
                                                         clk (net)
                      0.162620    0.000000   15.115248 ^ clkbuf_0_clk/A (sky130_fd_sc_hd__clkbuf_16)
     8    0.113161    0.127354    0.234087   15.349335 ^ clkbuf_0_clk/X (sky130_fd_sc_hd__clkbuf_16)
                                                         clknet_0_clk (net)
                      0.127714    0.005420   15.354754 ^ clkbuf_3_0__f_clk/A (sky130_fd_sc_hd__clkbuf_16)
     9    0.040939    0.060705    0.171681   15.526436 ^ clkbuf_3_0__f_clk/X (sky130_fd_sc_hd__clkbuf_16)
                                                         clknet_3_0__leaf_clk (net)
                      0.060934    0.002178   15.528613 ^ _13700_/CLK (sky130_fd_sc_hd__dfrtp_1)
                                 -0.250000   15.278614   clock uncertainty
                                  0.000000   15.278614   clock reconvergence pessimism
                                  0.204410   15.483024   library recovery time
                                             15.483024   data required time
---------------------------------------------------------------------------------------------
                                             15.483024   data required time
                                             -3.421006   data arrival time
---------------------------------------------------------------------------------------------
                                             12.062017   slack (MET)


Startpoint: rst_n (input port clocked by clk)
Endpoint: _13701_ (recovery check against rising-edge clock clk)
Path Group: asynchronous
Path Type: max

Fanout         Cap        Slew       Delay        Time   Description
---------------------------------------------------------------------------------------------
                                  0.000000    0.000000   clock clk (rise edge)
                                  0.000000    0.000000   clock network delay (propagated)
                                  3.000000    3.000000 ^ input external delay
     1    0.003100    0.021025    0.011378    3.011378 ^ rst_n (in)
                                                         rst_n (net)
                      0.021025    0.000000    3.011378 ^ input1/A (sky130_fd_sc_hd__buf_2)
     2    0.029231    0.146971    0.170725    3.182103 ^ input1/X (sky130_fd_sc_hd__buf_2)
                                                         net1 (net)
                      0.146976    0.000663    3.182766 ^ fanout715/A (sky130_fd_sc_hd__buf_4)
     9    0.058240    0.164162    0.235326    3.418092 ^ fanout715/X (sky130_fd_sc_hd__buf_4)
                                                         net715 (net)
                      0.164289    0.002778    3.420870 ^ _13701_/RESET_B (sky130_fd_sc_hd__dfrtp_1)
                                              3.420870   data arrival time

                                 15.000000   15.000000   clock clk (rise edge)
                                  0.000000   15.000000   clock source latency
     1    0.034823    0.162195    0.115248   15.115248 ^ clk (in)
                                                         clk (net)
                      0.162620    0.000000   15.115248 ^ clkbuf_0_clk/A (sky130_fd_sc_hd__clkbuf_16)
     8    0.113161    0.127354    0.234087   15.349335 ^ clkbuf_0_clk/X (sky130_fd_sc_hd__clkbuf_16)
                                                         clknet_0_clk (net)
                      0.127714    0.005420   15.354754 ^ clkbuf_3_0__f_clk/A (sky130_fd_sc_hd__clkbuf_16)
     9    0.040939    0.060705    0.171681   15.526436 ^ clkbuf_3_0__f_clk/X (sky130_fd_sc_hd__clkbuf_16)
                                                         clknet_3_0__leaf_clk (net)
                      0.060938    0.002217   15.528652 ^ _13701_/CLK (sky130_fd_sc_hd__dfrtp_1)
                                 -0.250000   15.278653   clock uncertainty
                                  0.000000   15.278653   clock reconvergence pessimism
                                  0.204413   15.483066   library recovery time
                                             15.483066   data required time
---------------------------------------------------------------------------------------------
                                             15.483066   data required time
                                             -3.420870   data arrival time
---------------------------------------------------------------------------------------------
                                             12.062196   slack (MET)


Startpoint: rst_n (input port clocked by clk)
Endpoint: _13698_ (recovery check against rising-edge clock clk)
Path Group: asynchronous
Path Type: max

Fanout         Cap        Slew       Delay        Time   Description
---------------------------------------------------------------------------------------------
                                  0.000000    0.000000   clock clk (rise edge)
                                  0.000000    0.000000   clock network delay (propagated)
                                  3.000000    3.000000 ^ input external delay
     1    0.003100    0.021025    0.011378    3.011378 ^ rst_n (in)
                                                         rst_n (net)
                      0.021025    0.000000    3.011378 ^ input1/A (sky130_fd_sc_hd__buf_2)
     2    0.029231    0.146971    0.170725    3.182103 ^ input1/X (sky130_fd_sc_hd__buf_2)
                                                         net1 (net)
                      0.146976    0.000663    3.182766 ^ fanout715/A (sky130_fd_sc_hd__buf_4)
     9    0.058240    0.164162    0.235326    3.418092 ^ fanout715/X (sky130_fd_sc_hd__buf_4)
                                                         net715 (net)
                      0.164253    0.001937    3.420028 ^ _13698_/RESET_B (sky130_fd_sc_hd__dfrtp_1)
                                              3.420028   data arrival time

                                 15.000000   15.000000   clock clk (rise edge)
                                  0.000000   15.000000   clock source latency
     1    0.034823    0.162195    0.115248   15.115248 ^ clk (in)
                                                         clk (net)
                      0.162620    0.000000   15.115248 ^ clkbuf_0_clk/A (sky130_fd_sc_hd__clkbuf_16)
     8    0.113161    0.127354    0.234087   15.349335 ^ clkbuf_0_clk/X (sky130_fd_sc_hd__clkbuf_16)
                                                         clknet_0_clk (net)
                      0.127714    0.005420   15.354754 ^ clkbuf_3_0__f_clk/A (sky130_fd_sc_hd__clkbuf_16)
     9    0.040939    0.060705    0.171681   15.526436 ^ clkbuf_3_0__f_clk/X (sky130_fd_sc_hd__clkbuf_16)
                                                         clknet_3_0__leaf_clk (net)
                      0.061052    0.003054   15.529490 ^ _13698_/CLK (sky130_fd_sc_hd__dfrtp_1)
                                 -0.250000   15.279490   clock uncertainty
                                  0.000000   15.279490   clock reconvergence pessimism
                                  0.204458   15.483947   library recovery time
                                             15.483947   data required time
---------------------------------------------------------------------------------------------
                                             15.483947   data required time
                                             -3.420028   data arrival time
---------------------------------------------------------------------------------------------
                                             12.063918   slack (MET)


Startpoint: rst_n (input port clocked by clk)
Endpoint: _13681_ (recovery check against rising-edge clock clk)
Path Group: asynchronous
Path Type: max

Fanout         Cap        Slew       Delay        Time   Description
---------------------------------------------------------------------------------------------
                                  0.000000    0.000000   clock clk (rise edge)
                                  0.000000    0.000000   clock network delay (propagated)
                                  3.000000    3.000000 ^ input external delay
     1    0.003100    0.021025    0.011378    3.011378 ^ rst_n (in)
                                                         rst_n (net)
                      0.021025    0.000000    3.011378 ^ input1/A (sky130_fd_sc_hd__buf_2)
     2    0.029231    0.146971    0.170725    3.182103 ^ input1/X (sky130_fd_sc_hd__buf_2)
                                                         net1 (net)
                      0.146976    0.000663    3.182766 ^ fanout715/A (sky130_fd_sc_hd__buf_4)
     9    0.058240    0.164162    0.235326    3.418092 ^ fanout715/X (sky130_fd_sc_hd__buf_4)
                                                         net715 (net)
                      0.164250    0.001849    3.419940 ^ _13681_/RESET_B (sky130_fd_sc_hd__dfrtp_1)
                                              3.419940   data arrival time

                                 15.000000   15.000000   clock clk (rise edge)
                                  0.000000   15.000000   clock source latency
     1    0.034823    0.162195    0.115248   15.115248 ^ clk (in)
                                                         clk (net)
                      0.162620    0.000000   15.115248 ^ clkbuf_0_clk/A (sky130_fd_sc_hd__clkbuf_16)
     8    0.113161    0.127354    0.234087   15.349335 ^ clkbuf_0_clk/X (sky130_fd_sc_hd__clkbuf_16)
                                                         clknet_0_clk (net)
                      0.127714    0.005420   15.354754 ^ clkbuf_3_0__f_clk/A (sky130_fd_sc_hd__clkbuf_16)
     9    0.040939    0.060705    0.171681   15.526436 ^ clkbuf_3_0__f_clk/X (sky130_fd_sc_hd__clkbuf_16)
                                                         clknet_3_0__leaf_clk (net)
                      0.061052    0.003050   15.529486 ^ _13681_/CLK (sky130_fd_sc_hd__dfrtp_1)
                                 -0.250000   15.279487   clock uncertainty
                                  0.000000   15.279487   clock reconvergence pessimism
                                  0.204458   15.483945   library recovery time
                                             15.483945   data required time
---------------------------------------------------------------------------------------------
                                             15.483945   data required time
                                             -3.419940   data arrival time
---------------------------------------------------------------------------------------------
                                             12.064005   slack (MET)


Startpoint: rst_n (input port clocked by clk)
Endpoint: _13682_ (recovery check against rising-edge clock clk)
Path Group: asynchronous
Path Type: max

Fanout         Cap        Slew       Delay        Time   Description
---------------------------------------------------------------------------------------------
                                  0.000000    0.000000   clock clk (rise edge)
                                  0.000000    0.000000   clock network delay (propagated)
                                  3.000000    3.000000 ^ input external delay
     1    0.003100    0.021025    0.011378    3.011378 ^ rst_n (in)
                                                         rst_n (net)
                      0.021025    0.000000    3.011378 ^ input1/A (sky130_fd_sc_hd__buf_2)
     2    0.029231    0.146971    0.170725    3.182103 ^ input1/X (sky130_fd_sc_hd__buf_2)
                                                         net1 (net)
                      0.146976    0.000663    3.182766 ^ fanout715/A (sky130_fd_sc_hd__buf_4)
     9    0.058240    0.164162    0.235326    3.418092 ^ fanout715/X (sky130_fd_sc_hd__buf_4)
                                                         net715 (net)
                      0.164173    0.001512    3.419604 ^ _13682_/RESET_B (sky130_fd_sc_hd__dfrtp_1)
                                              3.419604   data arrival time

                                 15.000000   15.000000   clock clk (rise edge)
                                  0.000000   15.000000   clock source latency
     1    0.034823    0.162195    0.115248   15.115248 ^ clk (in)
                                                         clk (net)
                      0.162620    0.000000   15.115248 ^ clkbuf_0_clk/A (sky130_fd_sc_hd__clkbuf_16)
     8    0.113161    0.127354    0.234087   15.349335 ^ clkbuf_0_clk/X (sky130_fd_sc_hd__clkbuf_16)
                                                         clknet_0_clk (net)
                      0.127714    0.005420   15.354754 ^ clkbuf_3_0__f_clk/A (sky130_fd_sc_hd__clkbuf_16)
     9    0.040939    0.060705    0.171681   15.526436 ^ clkbuf_3_0__f_clk/X (sky130_fd_sc_hd__clkbuf_16)
                                                         clknet_3_0__leaf_clk (net)
                      0.061069    0.003165   15.529601 ^ _13682_/CLK (sky130_fd_sc_hd__dfrtp_1)
                                 -0.250000   15.279602   clock uncertainty
                                  0.000000   15.279602   clock reconvergence pessimism
                                  0.204484   15.484086   library recovery time
                                             15.484086   data required time
---------------------------------------------------------------------------------------------
                                             15.484086   data required time
                                             -3.419604   data arrival time
---------------------------------------------------------------------------------------------
                                             12.064482   slack (MET)


Startpoint: rst_n (input port clocked by clk)
Endpoint: _13683_ (recovery check against rising-edge clock clk)
Path Group: asynchronous
Path Type: max

Fanout         Cap        Slew       Delay        Time   Description
---------------------------------------------------------------------------------------------
                                  0.000000    0.000000   clock clk (rise edge)
                                  0.000000    0.000000   clock network delay (propagated)
                                  3.000000    3.000000 ^ input external delay
     1    0.003100    0.021025    0.011378    3.011378 ^ rst_n (in)
                                                         rst_n (net)
                      0.021025    0.000000    3.011378 ^ input1/A (sky130_fd_sc_hd__buf_2)
     2    0.029231    0.146971    0.170725    3.182103 ^ input1/X (sky130_fd_sc_hd__buf_2)
                                                         net1 (net)
                      0.146976    0.000663    3.182766 ^ fanout715/A (sky130_fd_sc_hd__buf_4)
     9    0.058240    0.164162    0.235326    3.418092 ^ fanout715/X (sky130_fd_sc_hd__buf_4)
                                                         net715 (net)
                      0.164171    0.001400    3.419492 ^ _13683_/RESET_B (sky130_fd_sc_hd__dfrtp_1)
                                              3.419492   data arrival time

                                 15.000000   15.000000   clock clk (rise edge)
                                  0.000000   15.000000   clock source latency
     1    0.034823    0.162195    0.115248   15.115248 ^ clk (in)
                                                         clk (net)
                      0.162620    0.000000   15.115248 ^ clkbuf_0_clk/A (sky130_fd_sc_hd__clkbuf_16)
     8    0.113161    0.127354    0.234087   15.349335 ^ clkbuf_0_clk/X (sky130_fd_sc_hd__clkbuf_16)
                                                         clknet_0_clk (net)
                      0.127714    0.005420   15.354754 ^ clkbuf_3_0__f_clk/A (sky130_fd_sc_hd__clkbuf_16)
     9    0.040939    0.060705    0.171681   15.526436 ^ clkbuf_3_0__f_clk/X (sky130_fd_sc_hd__clkbuf_16)
                                                         clknet_3_0__leaf_clk (net)
                      0.061100    0.003357   15.529793 ^ _13683_/CLK (sky130_fd_sc_hd__dfrtp_1)
                                 -0.250000   15.279794   clock uncertainty
                                  0.000000   15.279794   clock reconvergence pessimism
                                  0.204494   15.484288   library recovery time
                                             15.484288   data required time
---------------------------------------------------------------------------------------------
                                             15.484288   data required time
                                             -3.419492   data arrival time
---------------------------------------------------------------------------------------------
                                             12.064796   slack (MET)


Startpoint: rst_n (input port clocked by clk)
Endpoint: _13684_ (recovery check against rising-edge clock clk)
Path Group: asynchronous
Path Type: max

Fanout         Cap        Slew       Delay        Time   Description
---------------------------------------------------------------------------------------------
                                  0.000000    0.000000   clock clk (rise edge)
                                  0.000000    0.000000   clock network delay (propagated)
                                  3.000000    3.000000 ^ input external delay
     1    0.003100    0.021025    0.011378    3.011378 ^ rst_n (in)
                                                         rst_n (net)
                      0.021025    0.000000    3.011378 ^ input1/A (sky130_fd_sc_hd__buf_2)
     2    0.029231    0.146971    0.170725    3.182103 ^ input1/X (sky130_fd_sc_hd__buf_2)
                                                         net1 (net)
                      0.146976    0.000663    3.182766 ^ fanout715/A (sky130_fd_sc_hd__buf_4)
     9    0.058240    0.164162    0.235326    3.418092 ^ fanout715/X (sky130_fd_sc_hd__buf_4)
                                                         net715 (net)
                      0.164164    0.000912    3.419004 ^ _13684_/RESET_B (sky130_fd_sc_hd__dfrtp_1)
                                              3.419004   data arrival time

                                 15.000000   15.000000   clock clk (rise edge)
                                  0.000000   15.000000   clock source latency
     1    0.034823    0.162195    0.115248   15.115248 ^ clk (in)
                                                         clk (net)
                      0.162620    0.000000   15.115248 ^ clkbuf_0_clk/A (sky130_fd_sc_hd__clkbuf_16)
     8    0.113161    0.127354    0.234087   15.349335 ^ clkbuf_0_clk/X (sky130_fd_sc_hd__clkbuf_16)
                                                         clknet_0_clk (net)
                      0.127714    0.005420   15.354754 ^ clkbuf_3_0__f_clk/A (sky130_fd_sc_hd__clkbuf_16)
     9    0.040939    0.060705    0.171681   15.526436 ^ clkbuf_3_0__f_clk/X (sky130_fd_sc_hd__clkbuf_16)
                                                         clknet_3_0__leaf_clk (net)
                      0.061115    0.003450   15.529885 ^ _13684_/CLK (sky130_fd_sc_hd__dfrtp_1)
                                 -0.250000   15.279886   clock uncertainty
                                  0.000000   15.279886   clock reconvergence pessimism
                                  0.204500   15.484385   library recovery time
                                             15.484385   data required time
---------------------------------------------------------------------------------------------
                                             15.484385   data required time
                                             -3.419004   data arrival time
---------------------------------------------------------------------------------------------
                                             12.065382   slack (MET)


Startpoint: rst_n (input port clocked by clk)
Endpoint: _13664_ (recovery check against rising-edge clock clk)
Path Group: asynchronous
Path Type: max

Fanout         Cap        Slew       Delay        Time   Description
---------------------------------------------------------------------------------------------
                                  0.000000    0.000000   clock clk (rise edge)
                                  0.000000    0.000000   clock network delay (propagated)
                                  3.000000    3.000000 ^ input external delay
     1    0.003100    0.021025    0.011378    3.011378 ^ rst_n (in)
                                                         rst_n (net)
                      0.021025    0.000000    3.011378 ^ input1/A (sky130_fd_sc_hd__buf_2)
     2    0.029231    0.146971    0.170725    3.182103 ^ input1/X (sky130_fd_sc_hd__buf_2)
                                                         net1 (net)
                      0.147176    0.004483    3.186586 ^ fanout719/A (sky130_fd_sc_hd__clkbuf_8)
     9    0.075723    0.138066    0.234691    3.421277 ^ fanout719/X (sky130_fd_sc_hd__clkbuf_8)
                                                         net719 (net)
                      0.138361    0.004506    3.425783 ^ _13664_/RESET_B (sky130_fd_sc_hd__dfrtp_1)
                                              3.425783   data arrival time

                                 15.000000   15.000000   clock clk (rise edge)
                                  0.000000   15.000000   clock source latency
     1    0.034823    0.162195    0.115248   15.115248 ^ clk (in)
                                                         clk (net)
                      0.162620    0.000000   15.115248 ^ clkbuf_0_clk/A (sky130_fd_sc_hd__clkbuf_16)
     8    0.113161    0.127354    0.234087   15.349335 ^ clkbuf_0_clk/X (sky130_fd_sc_hd__clkbuf_16)
                                                         clknet_0_clk (net)
                      0.127509    0.003601   15.352936 ^ clkbuf_3_5__f_clk/A (sky130_fd_sc_hd__clkbuf_16)
     9    0.047412    0.066663    0.176421   15.529356 ^ clkbuf_3_5__f_clk/X (sky130_fd_sc_hd__clkbuf_16)
                                                         clknet_3_5__leaf_clk (net)
                      0.066946    0.003029   15.532385 ^ _13664_/CLK (sky130_fd_sc_hd__dfrtp_1)
                                 -0.250000   15.282386   clock uncertainty
                                  0.000000   15.282386   clock reconvergence pessimism
                                  0.212973   15.495358   library recovery time
                                             15.495358   data required time
---------------------------------------------------------------------------------------------
                                             15.495358   data required time
                                             -3.425783   data arrival time
---------------------------------------------------------------------------------------------
                                             12.069576   slack (MET)


Startpoint: rst_n (input port clocked by clk)
Endpoint: _13647_ (recovery check against rising-edge clock clk)
Path Group: asynchronous
Path Type: max

Fanout         Cap        Slew       Delay        Time   Description
---------------------------------------------------------------------------------------------
                                  0.000000    0.000000   clock clk (rise edge)
                                  0.000000    0.000000   clock network delay (propagated)
                                  3.000000    3.000000 ^ input external delay
     1    0.003100    0.021025    0.011378    3.011378 ^ rst_n (in)
                                                         rst_n (net)
                      0.021025    0.000000    3.011378 ^ input1/A (sky130_fd_sc_hd__buf_2)
     2    0.029231    0.146971    0.170725    3.182103 ^ input1/X (sky130_fd_sc_hd__buf_2)
                                                         net1 (net)
                      0.147176    0.004483    3.186586 ^ fanout719/A (sky130_fd_sc_hd__clkbuf_8)
     9    0.075723    0.138066    0.234691    3.421277 ^ fanout719/X (sky130_fd_sc_hd__clkbuf_8)
                                                         net719 (net)
                      0.138208    0.002570    3.423846 ^ _13647_/RESET_B (sky130_fd_sc_hd__dfrtp_1)
                                              3.423846   data arrival time

                                 15.000000   15.000000   clock clk (rise edge)
                                  0.000000   15.000000   clock source latency
     1    0.034823    0.162195    0.115248   15.115248 ^ clk (in)
                                                         clk (net)
                      0.162620    0.000000   15.115248 ^ clkbuf_0_clk/A (sky130_fd_sc_hd__clkbuf_16)
     8    0.113161    0.127354    0.234087   15.349335 ^ clkbuf_0_clk/X (sky130_fd_sc_hd__clkbuf_16)
                                                         clknet_0_clk (net)
                      0.127509    0.003601   15.352936 ^ clkbuf_3_5__f_clk/A (sky130_fd_sc_hd__clkbuf_16)
     9    0.047412    0.066663    0.176421   15.529356 ^ clkbuf_3_5__f_clk/X (sky130_fd_sc_hd__clkbuf_16)
                                                         clknet_3_5__leaf_clk (net)
                      0.066690    0.001400   15.530756 ^ _13647_/CLK (sky130_fd_sc_hd__dfrtp_1)
                                 -0.250000   15.280757   clock uncertainty
                                  0.000000   15.280757   clock reconvergence pessimism
                                  0.212934   15.493690   library recovery time
                                             15.493690   data required time
---------------------------------------------------------------------------------------------
                                             15.493690   data required time
                                             -3.423846   data arrival time
---------------------------------------------------------------------------------------------
                                             12.069844   slack (MET)


Startpoint: rst_n (input port clocked by clk)
Endpoint: _13665_ (recovery check against rising-edge clock clk)
Path Group: asynchronous
Path Type: max

Fanout         Cap        Slew       Delay        Time   Description
---------------------------------------------------------------------------------------------
                                  0.000000    0.000000   clock clk (rise edge)
                                  0.000000    0.000000   clock network delay (propagated)
                                  3.000000    3.000000 ^ input external delay
     1    0.003100    0.021025    0.011378    3.011378 ^ rst_n (in)
                                                         rst_n (net)
                      0.021025    0.000000    3.011378 ^ input1/A (sky130_fd_sc_hd__buf_2)
     2    0.029231    0.146971    0.170725    3.182103 ^ input1/X (sky130_fd_sc_hd__buf_2)
                                                         net1 (net)
                      0.147176    0.004483    3.186586 ^ fanout719/A (sky130_fd_sc_hd__clkbuf_8)
     9    0.075723    0.138066    0.234691    3.421277 ^ fanout719/X (sky130_fd_sc_hd__clkbuf_8)
                                                         net719 (net)
                      0.138351    0.004407    3.425683 ^ _13665_/RESET_B (sky130_fd_sc_hd__dfrtp_1)
                                              3.425683   data arrival time

                                 15.000000   15.000000   clock clk (rise edge)
                                  0.000000   15.000000   clock source latency
     1    0.034823    0.162195    0.115248   15.115248 ^ clk (in)
                                                         clk (net)
                      0.162620    0.000000   15.115248 ^ clkbuf_0_clk/A (sky130_fd_sc_hd__clkbuf_16)
     8    0.113161    0.127354    0.234087   15.349335 ^ clkbuf_0_clk/X (sky130_fd_sc_hd__clkbuf_16)
                                                         clknet_0_clk (net)
                      0.127509    0.003601   15.352936 ^ clkbuf_3_5__f_clk/A (sky130_fd_sc_hd__clkbuf_16)
     9    0.047412    0.066663    0.176421   15.529356 ^ clkbuf_3_5__f_clk/X (sky130_fd_sc_hd__clkbuf_16)
                                                         clknet_3_5__leaf_clk (net)
                      0.066973    0.003219   15.532575 ^ _13665_/CLK (sky130_fd_sc_hd__dfrtp_1)
                                 -0.250000   15.282576   clock uncertainty
                                  0.000000   15.282576   clock reconvergence pessimism
                                  0.212984   15.495561   library recovery time
                                             15.495561   data required time
---------------------------------------------------------------------------------------------
                                             15.495561   data required time
                                             -3.425683   data arrival time
---------------------------------------------------------------------------------------------
                                             12.069877   slack (MET)


Startpoint: rst_n (input port clocked by clk)
Endpoint: _13667_ (recovery check against rising-edge clock clk)
Path Group: asynchronous
Path Type: max

Fanout         Cap        Slew       Delay        Time   Description
---------------------------------------------------------------------------------------------
                                  0.000000    0.000000   clock clk (rise edge)
                                  0.000000    0.000000   clock network delay (propagated)
                                  3.000000    3.000000 ^ input external delay
     1    0.003100    0.021025    0.011378    3.011378 ^ rst_n (in)
                                                         rst_n (net)
                      0.021025    0.000000    3.011378 ^ input1/A (sky130_fd_sc_hd__buf_2)
     2    0.029231    0.146971    0.170725    3.182103 ^ input1/X (sky130_fd_sc_hd__buf_2)
                                                         net1 (net)
                      0.147176    0.004483    3.186586 ^ fanout719/A (sky130_fd_sc_hd__clkbuf_8)
     9    0.075723    0.138066    0.234691    3.421277 ^ fanout719/X (sky130_fd_sc_hd__clkbuf_8)
                                                         net719 (net)
                      0.138341    0.004305    3.425581 ^ _13667_/RESET_B (sky130_fd_sc_hd__dfrtp_1)
                                              3.425581   data arrival time

                                 15.000000   15.000000   clock clk (rise edge)
                                  0.000000   15.000000   clock source latency
     1    0.034823    0.162195    0.115248   15.115248 ^ clk (in)
                                                         clk (net)
                      0.162620    0.000000   15.115248 ^ clkbuf_0_clk/A (sky130_fd_sc_hd__clkbuf_16)
     8    0.113161    0.127354    0.234087   15.349335 ^ clkbuf_0_clk/X (sky130_fd_sc_hd__clkbuf_16)
                                                         clknet_0_clk (net)
                      0.127509    0.003601   15.352936 ^ clkbuf_3_5__f_clk/A (sky130_fd_sc_hd__clkbuf_16)
     9    0.047412    0.066663    0.176421   15.529356 ^ clkbuf_3_5__f_clk/X (sky130_fd_sc_hd__clkbuf_16)
                                                         clknet_3_5__leaf_clk (net)
                      0.066983    0.003284   15.532640 ^ _13667_/CLK (sky130_fd_sc_hd__dfrtp_1)
                                 -0.250000   15.282641   clock uncertainty
                                  0.000000   15.282641   clock reconvergence pessimism
                                  0.212990   15.495632   library recovery time
                                             15.495632   data required time
---------------------------------------------------------------------------------------------
                                             15.495632   data required time
                                             -3.425581   data arrival time
---------------------------------------------------------------------------------------------
                                             12.070050   slack (MET)


Startpoint: rst_n (input port clocked by clk)
Endpoint: _13666_ (recovery check against rising-edge clock clk)
Path Group: asynchronous
Path Type: max

Fanout         Cap        Slew       Delay        Time   Description
---------------------------------------------------------------------------------------------
                                  0.000000    0.000000   clock clk (rise edge)
                                  0.000000    0.000000   clock network delay (propagated)
                                  3.000000    3.000000 ^ input external delay
     1    0.003100    0.021025    0.011378    3.011378 ^ rst_n (in)
                                                         rst_n (net)
                      0.021025    0.000000    3.011378 ^ input1/A (sky130_fd_sc_hd__buf_2)
     2    0.029231    0.146971    0.170725    3.182103 ^ input1/X (sky130_fd_sc_hd__buf_2)
                                                         net1 (net)
                      0.147176    0.004483    3.186586 ^ fanout719/A (sky130_fd_sc_hd__clkbuf_8)
     9    0.075723    0.138066    0.234691    3.421277 ^ fanout719/X (sky130_fd_sc_hd__clkbuf_8)
                                                         net719 (net)
                      0.138330    0.004191    3.425467 ^ _13666_/RESET_B (sky130_fd_sc_hd__dfrtp_1)
                                              3.425467   data arrival time

                                 15.000000   15.000000   clock clk (rise edge)
                                  0.000000   15.000000   clock source latency
     1    0.034823    0.162195    0.115248   15.115248 ^ clk (in)
                                                         clk (net)
                      0.162620    0.000000   15.115248 ^ clkbuf_0_clk/A (sky130_fd_sc_hd__clkbuf_16)
     8    0.113161    0.127354    0.234087   15.349335 ^ clkbuf_0_clk/X (sky130_fd_sc_hd__clkbuf_16)
                                                         clknet_0_clk (net)
                      0.127509    0.003601   15.352936 ^ clkbuf_3_5__f_clk/A (sky130_fd_sc_hd__clkbuf_16)
     9    0.047412    0.066663    0.176421   15.529356 ^ clkbuf_3_5__f_clk/X (sky130_fd_sc_hd__clkbuf_16)
                                                         clknet_3_5__leaf_clk (net)
                      0.066979    0.003258   15.532614 ^ _13666_/CLK (sky130_fd_sc_hd__dfrtp_1)
                                 -0.250000   15.282615   clock uncertainty
                                  0.000000   15.282615   clock reconvergence pessimism
                                  0.212992   15.495607   library recovery time
                                             15.495607   data required time
---------------------------------------------------------------------------------------------
                                             15.495607   data required time
                                             -3.425467   data arrival time
---------------------------------------------------------------------------------------------
                                             12.070140   slack (MET)


Startpoint: rst_n (input port clocked by clk)
Endpoint: _13648_ (recovery check against rising-edge clock clk)
Path Group: asynchronous
Path Type: max

Fanout         Cap        Slew       Delay        Time   Description
---------------------------------------------------------------------------------------------
                                  0.000000    0.000000   clock clk (rise edge)
                                  0.000000    0.000000   clock network delay (propagated)
                                  3.000000    3.000000 ^ input external delay
     1    0.003100    0.021025    0.011378    3.011378 ^ rst_n (in)
                                                         rst_n (net)
                      0.021025    0.000000    3.011378 ^ input1/A (sky130_fd_sc_hd__buf_2)
     2    0.029231    0.146971    0.170725    3.182103 ^ input1/X (sky130_fd_sc_hd__buf_2)
                                                         net1 (net)
                      0.147176    0.004483    3.186586 ^ fanout719/A (sky130_fd_sc_hd__clkbuf_8)
     9    0.075723    0.138066    0.234691    3.421277 ^ fanout719/X (sky130_fd_sc_hd__clkbuf_8)
                                                         net719 (net)
                      0.138185    0.002133    3.423409 ^ _13648_/RESET_B (sky130_fd_sc_hd__dfrtp_1)
                                              3.423409   data arrival time

                                 15.000000   15.000000   clock clk (rise edge)
                                  0.000000   15.000000   clock source latency
     1    0.034823    0.162195    0.115248   15.115248 ^ clk (in)
                                                         clk (net)
                      0.162620    0.000000   15.115248 ^ clkbuf_0_clk/A (sky130_fd_sc_hd__clkbuf_16)
     8    0.113161    0.127354    0.234087   15.349335 ^ clkbuf_0_clk/X (sky130_fd_sc_hd__clkbuf_16)
                                                         clknet_0_clk (net)
                      0.127509    0.003601   15.352936 ^ clkbuf_3_5__f_clk/A (sky130_fd_sc_hd__clkbuf_16)
     9    0.047412    0.066663    0.176421   15.529356 ^ clkbuf_3_5__f_clk/X (sky130_fd_sc_hd__clkbuf_16)
                                                         clknet_3_5__leaf_clk (net)
                      0.066748    0.002132   15.531487 ^ _13648_/CLK (sky130_fd_sc_hd__dfrtp_1)
                                 -0.250000   15.281488   clock uncertainty
                                  0.000000   15.281488   clock reconvergence pessimism
                                  0.212957   15.494445   library recovery time
                                             15.494445   data required time
---------------------------------------------------------------------------------------------
                                             15.494445   data required time
                                             -3.423409   data arrival time
---------------------------------------------------------------------------------------------
                                             12.071036   slack (MET)


Startpoint: rst_n (input port clocked by clk)
Endpoint: _13649_ (recovery check against rising-edge clock clk)
Path Group: asynchronous
Path Type: max

Fanout         Cap        Slew       Delay        Time   Description
---------------------------------------------------------------------------------------------
                                  0.000000    0.000000   clock clk (rise edge)
                                  0.000000    0.000000   clock network delay (propagated)
                                  3.000000    3.000000 ^ input external delay
     1    0.003100    0.021025    0.011378    3.011378 ^ rst_n (in)
                                                         rst_n (net)
                      0.021025    0.000000    3.011378 ^ input1/A (sky130_fd_sc_hd__buf_2)
     2    0.029231    0.146971    0.170725    3.182103 ^ input1/X (sky130_fd_sc_hd__buf_2)
                                                         net1 (net)
                      0.147176    0.004483    3.186586 ^ fanout719/A (sky130_fd_sc_hd__clkbuf_8)
     9    0.075723    0.138066    0.234691    3.421277 ^ fanout719/X (sky130_fd_sc_hd__clkbuf_8)
                                                         net719 (net)
                      0.138177    0.001950    3.423226 ^ _13649_/RESET_B (sky130_fd_sc_hd__dfrtp_1)
                                              3.423226   data arrival time

                                 15.000000   15.000000   clock clk (rise edge)
                                  0.000000   15.000000   clock source latency
     1    0.034823    0.162195    0.115248   15.115248 ^ clk (in)
                                                         clk (net)
                      0.162620    0.000000   15.115248 ^ clkbuf_0_clk/A (sky130_fd_sc_hd__clkbuf_16)
     8    0.113161    0.127354    0.234087   15.349335 ^ clkbuf_0_clk/X (sky130_fd_sc_hd__clkbuf_16)
                                                         clknet_0_clk (net)
                      0.127509    0.003601   15.352936 ^ clkbuf_3_5__f_clk/A (sky130_fd_sc_hd__clkbuf_16)
     9    0.047412    0.066663    0.176421   15.529356 ^ clkbuf_3_5__f_clk/X (sky130_fd_sc_hd__clkbuf_16)
                                                         clknet_3_5__leaf_clk (net)
                      0.066752    0.002171   15.531527 ^ _13649_/CLK (sky130_fd_sc_hd__dfrtp_1)
                                 -0.250000   15.281528   clock uncertainty
                                  0.000000   15.281528   clock reconvergence pessimism
                                  0.212961   15.494488   library recovery time
                                             15.494488   data required time
---------------------------------------------------------------------------------------------
                                             15.494488   data required time
                                             -3.423226   data arrival time
---------------------------------------------------------------------------------------------
                                             12.071261   slack (MET)


Startpoint: rst_n (input port clocked by clk)
Endpoint: _13650_ (recovery check against rising-edge clock clk)
Path Group: asynchronous
Path Type: max

Fanout         Cap        Slew       Delay        Time   Description
---------------------------------------------------------------------------------------------
                                  0.000000    0.000000   clock clk (rise edge)
                                  0.000000    0.000000   clock network delay (propagated)
                                  3.000000    3.000000 ^ input external delay
     1    0.003100    0.021025    0.011378    3.011378 ^ rst_n (in)
                                                         rst_n (net)
                      0.021025    0.000000    3.011378 ^ input1/A (sky130_fd_sc_hd__buf_2)
     2    0.029231    0.146971    0.170725    3.182103 ^ input1/X (sky130_fd_sc_hd__buf_2)
                                                         net1 (net)
                      0.147176    0.004483    3.186586 ^ fanout719/A (sky130_fd_sc_hd__clkbuf_8)
     9    0.075723    0.138066    0.234691    3.421277 ^ fanout719/X (sky130_fd_sc_hd__clkbuf_8)
                                                         net719 (net)
                      0.138151    0.001186    3.422462 ^ _13650_/RESET_B (sky130_fd_sc_hd__dfrtp_1)
                                              3.422462   data arrival time

                                 15.000000   15.000000   clock clk (rise edge)
                                  0.000000   15.000000   clock source latency
     1    0.034823    0.162195    0.115248   15.115248 ^ clk (in)
                                                         clk (net)
                      0.162620    0.000000   15.115248 ^ clkbuf_0_clk/A (sky130_fd_sc_hd__clkbuf_16)
     8    0.113161    0.127354    0.234087   15.349335 ^ clkbuf_0_clk/X (sky130_fd_sc_hd__clkbuf_16)
                                                         clknet_0_clk (net)
                      0.127509    0.003601   15.352936 ^ clkbuf_3_5__f_clk/A (sky130_fd_sc_hd__clkbuf_16)
     9    0.047412    0.066663    0.176421   15.529356 ^ clkbuf_3_5__f_clk/X (sky130_fd_sc_hd__clkbuf_16)
                                                         clknet_3_5__leaf_clk (net)
                      0.066759    0.002233   15.531589 ^ _13650_/CLK (sky130_fd_sc_hd__dfrtp_1)
                                 -0.250000   15.281590   clock uncertainty
                                  0.000000   15.281590   clock reconvergence pessimism
                                  0.212969   15.494559   library recovery time
                                             15.494559   data required time
---------------------------------------------------------------------------------------------
                                             15.494559   data required time
                                             -3.422462   data arrival time
---------------------------------------------------------------------------------------------
                                             12.072097   slack (MET)



