Instance,Terminal,Layer,X location,Y location,Voltage
FILLER_138_821,VGND,li1,383.8700,386.2400,0.000187
FILLER_138_813,VGND,li1,381.3400,386.2400,0.000187
FILLER_138_809,VGND,li1,378.3500,386.2400,0.000187
FILLER_138_797,VGND,li1,374.9000,386.2400,0.000187
FILLER_138_785,VGND,li1,369.3800,386.2400,0.000187
FILLER_138_781,VGND,li1,365.4700,386.2400,0.000187
FILLER_138_769,VGND,li1,362.0200,386.2400,0.000187
FILLER_138_757,VGND,li1,356.5000,386.2400,0.000187
FILLER_138_751,VGND,li1,351.2100,386.2400,0.000187
FILLER_138_747,VGND,li1,350.0600,386.2400,0.000185
FILLER_138_735,VGND,li1,346.3800,386.2400,0.000183
FILLER_138_729,VGND,li1,341.3200,386.2400,0.000178
FILLER_138_727,VGND,li1,340.1700,386.2400,0.000178
FILLER_138_713,VGND,li1,334.4200,386.2400,0.000170
FILLER_138_706,VGND,li1,331.2000,386.2400,0.000203
FILLER_138_701,VGND,li1,328.4400,386.2400,0.000238
FILLER_138_699,VGND,li1,327.2900,386.2400,0.000238
FILLER_138_694,VGND,li1,325.2200,386.2400,0.000264
FILLER_138_671,VGND,li1,314.4100,386.2400,0.000418
FILLER_138_665,VGND,li1,312.8000,386.2400,0.000418
FILLER_138_657,VGND,li1,308.6600,386.2400,0.000484
FILLER_138_650,VGND,li1,305.4400,386.2400,0.000520
FILLER_138_645,VGND,li1,302.6800,386.2400,0.000546
FILLER_138_643,VGND,li1,301.5300,386.2400,0.000546
FILLER_138_636,VGND,li1,299.0000,386.2400,0.000569
FILLER_138_630,VGND,li1,296.0100,386.2400,0.000597
FILLER_138_623,VGND,li1,292.7900,386.2400,0.000630
FILLER_138_617,VGND,li1,289.8000,386.2400,0.000644
FILLER_138_615,VGND,li1,288.6500,386.2400,0.000644
FILLER_138_609,VGND,li1,286.3500,386.2400,0.000656
FILLER_138_602,VGND,li1,283.1300,386.2400,0.000680
FILLER_138_594,VGND,li1,279.6800,386.2400,0.000689
FILLER_138_589,VGND,li1,276.9200,386.2400,0.000701
FILLER_138_587,VGND,li1,275.7700,386.2400,0.000704
FILLER_138_581,VGND,li1,273.4700,386.2400,0.000707
FILLER_138_574,VGND,li1,270.2500,386.2400,0.000711
FILLER_138_569,VGND,li1,267.4900,386.2400,0.000715
FILLER_138_561,VGND,li1,264.0400,386.2400,0.000721
FILLER_138_559,VGND,li1,262.8900,386.2400,0.000723
FILLER_138_553,VGND,li1,260.5900,386.2400,0.000725
FILLER_138_531,VGND,li1,250.0100,386.2400,0.000736
FILLER_138_525,VGND,li1,248.4000,386.2400,0.000738
FILLER_138_519,VGND,li1,244.7200,386.2400,0.000741
FILLER_138_484,VGND,li1,228.6200,386.2400,0.000741
FILLER_138_468,VGND,li1,221.4900,386.2400,0.000735
FILLER_138_462,VGND,li1,218.7300,386.2400,0.000733
FILLER_138_454,VGND,li1,215.2800,386.2400,0.000731
FILLER_138_449,VGND,li1,212.5200,386.2400,0.000729
FILLER_138_441,VGND,li1,209.0700,386.2400,0.000724
FILLER_138_433,VGND,li1,205.6200,386.2400,0.000721
FILLER_138_426,VGND,li1,202.4000,386.2400,0.000716
FILLER_138_421,VGND,li1,199.6400,386.2400,0.000711
FILLER_138_415,VGND,li1,196.6500,386.2400,0.000652
FILLER_138_405,VGND,li1,192.2800,386.2400,0.000603
FILLER_138_393,VGND,li1,189.0600,386.2400,0.000532
FILLER_138_390,VGND,li1,185.3800,386.2400,0.000497
FILLER_138_382,VGND,li1,183.0800,386.2400,0.000462
FILLER_138_370,VGND,li1,178.4800,386.2400,0.000390
FILLER_138_365,VGND,li1,173.8800,386.2400,0.000531
FILLER_138_362,VGND,li1,172.5000,386.2400,0.000531
FILLER_138_349,VGND,li1,167.4400,386.2400,0.000671
FILLER_138_337,VGND,li1,163.3000,386.2400,0.000773
FILLER_138_335,VGND,li1,159.8500,386.2400,0.000864
FILLER_138_329,VGND,li1,158.2400,386.2400,0.000864
FILLER_138_322,VGND,li1,154.3300,386.2400,0.000991
FILLER_138_315,VGND,li1,151.1100,386.2400,0.001031
FILLER_138_309,VGND,li1,148.1200,386.2400,0.001084
FILLER_138_301,VGND,li1,144.6700,386.2400,0.001152
FILLER_138_294,VGND,li1,141.4500,386.2400,0.001206
FILLER_138_287,VGND,li1,138.2300,386.2400,0.001242
FILLER_138_281,VGND,li1,135.2400,386.2400,0.001253
FILLER_138_277,VGND,li1,133.6300,386.2400,0.001253
FILLER_138_265,VGND,li1,130.1800,386.2400,0.001260
FILLER_138_253,VGND,li1,124.6600,386.2400,0.001225
FILLER_138_249,VGND,li1,120.7500,386.2400,0.001178
FILLER_138_237,VGND,li1,117.3000,386.2400,0.001130
FILLER_138_225,VGND,li1,111.7800,386.2400,0.001085
FILLER_138_216,VGND,li1,106.7200,386.2400,0.001031
FILLER_138_209,VGND,li1,102.5800,386.2400,0.000973
FILLER_138_197,VGND,li1,98.9000,386.2400,0.000944
FILLER_138_193,VGND,li1,94.9900,386.2400,0.000893
FILLER_138_181,VGND,li1,91.5400,386.2400,0.000859
FILLER_138_169,VGND,li1,86.0200,386.2400,0.000789
FILLER_138_165,VGND,li1,82.1100,386.2400,0.000742
FILLER_138_153,VGND,li1,78.6600,386.2400,0.000716
FILLER_138_141,VGND,li1,73.1400,386.2400,0.000654
FILLER_138_137,VGND,li1,69.2300,386.2400,0.000610
FILLER_138_125,VGND,li1,65.7800,386.2400,0.000571
FILLER_138_113,VGND,li1,60.2600,386.2400,0.000509
FILLER_138_109,VGND,li1,56.3500,386.2400,0.000452
FILLER_138_97,VGND,li1,52.9000,386.2400,0.000426
FILLER_138_85,VGND,li1,47.3800,386.2400,0.000364
FILLER_138_81,VGND,li1,43.4700,386.2400,0.000320
FILLER_138_69,VGND,li1,40.0200,386.2400,0.000281
FILLER_138_57,VGND,li1,34.5000,386.2400,0.000218
FILLER_138_53,VGND,li1,30.5900,386.2400,0.000167
FILLER_138_41,VGND,li1,27.1400,386.2400,0.000135
FILLER_138_29,VGND,li1,21.6200,386.2400,0.000113
FILLER_138_27,VGND,li1,18.1700,386.2400,0.000113
FILLER_138_15,VGND,li1,15.1800,386.2400,0.000113
FILLER_138_3,VGND,li1,9.6600,386.2400,0.000113
FILLER_137_821,VGND,li1,383.8700,386.2400,0.000187
FILLER_137_809,VGND,li1,380.4200,386.2400,0.000187
FILLER_137_797,VGND,li1,374.9000,386.2400,0.000187
FILLER_137_785,VGND,li1,369.3800,386.2400,0.000187
FILLER_137_783,VGND,li1,365.9300,386.2400,0.000187
FILLER_137_777,VGND,li1,364.3200,386.2400,0.000187
FILLER_137_765,VGND,li1,360.1800,386.2400,0.000187
FILLER_137_753,VGND,li1,354.6600,386.2400,0.000187
FILLER_137_741,VGND,li1,349.1400,386.2400,0.000185
FILLER_137_729,VGND,li1,343.6200,386.2400,0.000181
FILLER_137_705,VGND,li1,330.5100,386.2400,0.000203
FILLER_137_693,VGND,li1,327.0600,386.2400,0.000238
FILLER_137_669,VGND,li1,313.9500,386.2400,0.000418
FILLER_137_657,VGND,li1,310.5000,386.2400,0.000444
FILLER_137_608,VGND,li1,287.0400,386.2400,0.000656
FILLER_137_579,VGND,li1,272.5500,386.2400,0.000707
FILLER_137_552,VGND,li1,259.6700,386.2400,0.000725
FILLER_137_544,VGND,li1,257.6000,386.2400,0.000728
FILLER_137_519,VGND,li1,244.4900,386.2400,0.000741
FILLER_137_489,VGND,li1,230.9200,386.2400,0.000742
FILLER_137_462,VGND,li1,218.2700,386.2400,0.000733
FILLER_137_456,VGND,li1,216.6600,386.2400,0.000731
FILLER_137_417,VGND,li1,197.5700,386.2400,0.000683
FILLER_137_399,VGND,li1,189.2900,386.2400,0.000532
FILLER_137_393,VGND,li1,187.6800,386.2400,0.000532
FILLER_137_391,VGND,li1,185.6100,386.2400,0.000497
FILLER_137_363,VGND,li1,172.7300,386.2400,0.000531
FILLER_137_344,VGND,li1,166.5200,386.2400,0.000671
FILLER_137_332,VGND,li1,159.1600,386.2400,0.000864
FILLER_137_326,VGND,li1,156.1700,386.2400,0.000918
FILLER_137_298,VGND,li1,144.4400,386.2400,0.001152
FILLER_137_287,VGND,li1,137.7700,386.2400,0.001248
FILLER_137_281,VGND,li1,136.1600,386.2400,0.001248
FILLER_137_278,VGND,li1,133.8600,386.2400,0.001253
FILLER_137_270,VGND,li1,131.5600,386.2400,0.001260
FILLER_137_260,VGND,li1,125.8100,386.2400,0.001225
FILLER_137_248,VGND,li1,120.0600,386.2400,0.001178
FILLER_137_238,VGND,li1,115.6900,386.2400,0.001130
FILLER_137_230,VGND,li1,111.5500,386.2400,0.001085
FILLER_137_207,VGND,li1,101.4300,386.2400,0.000973
FILLER_137_197,VGND,li1,96.8300,386.2400,0.000921
FILLER_137_189,VGND,li1,94.3000,386.2400,0.000893
FILLER_137_177,VGND,li1,87.1700,386.2400,0.000812
FILLER_137_169,VGND,li1,85.1000,386.2400,0.000789
FILLER_137_167,VGND,li1,82.5700,386.2400,0.000742
FILLER_137_161,VGND,li1,80.9600,386.2400,0.000742
FILLER_137_149,VGND,li1,76.8200,386.2400,0.000696
FILLER_137_137,VGND,li1,71.3000,386.2400,0.000633
FILLER_137_125,VGND,li1,65.7800,386.2400,0.000571
FILLER_137_113,VGND,li1,60.2600,386.2400,0.000509
FILLER_137_111,VGND,li1,56.8100,386.2400,0.000452
FILLER_137_105,VGND,li1,55.2000,386.2400,0.000452
FILLER_137_93,VGND,li1,51.0600,386.2400,0.000405
FILLER_137_81,VGND,li1,45.5400,386.2400,0.000343
FILLER_137_69,VGND,li1,40.0200,386.2400,0.000281
FILLER_137_57,VGND,li1,34.5000,386.2400,0.000218
FILLER_137_55,VGND,li1,31.0500,386.2400,0.000167
FILLER_137_51,VGND,li1,29.9000,386.2400,0.000167
FILLER_137_39,VGND,li1,26.2200,386.2400,0.000113
FILLER_137_27,VGND,li1,20.7000,386.2400,0.000113
FILLER_137_15,VGND,li1,15.1800,386.2400,0.000113
FILLER_137_3,VGND,li1,9.6600,386.2400,0.000113
FILLER_136_821,VGND,li1,383.8700,380.8000,0.001267
FILLER_136_813,VGND,li1,381.3400,380.8000,0.001267
FILLER_136_811,VGND,li1,378.8100,380.8000,0.001267
FILLER_136_805,VGND,li1,377.2000,380.8000,0.001267
FILLER_136_793,VGND,li1,373.0600,380.8000,0.001267
FILLER_136_781,VGND,li1,367.5400,380.8000,0.001267
FILLER_136_769,VGND,li1,362.0200,380.8000,0.001267
FILLER_136_757,VGND,li1,356.5000,380.8000,0.001267
FILLER_136_752,VGND,li1,352.3600,380.8000,0.001267
FILLER_136_729,VGND,li1,341.5500,380.8000,0.001262
FILLER_136_717,VGND,li1,338.1000,380.8000,0.001260
FILLER_136_705,VGND,li1,332.5800,380.8000,0.001245
FILLER_136_692,VGND,li1,325.6800,380.8000,0.001927
FILLER_136_680,VGND,li1,321.0800,380.8000,0.002472
FILLER_136_656,VGND,li1,308.2000,380.8000,0.004110
FILLER_136_645,VGND,li1,302.4500,380.8000,0.004596
FILLER_136_625,VGND,li1,293.2500,380.8000,0.005403
FILLER_136_617,VGND,li1,291.1800,380.8000,0.005543
FILLER_136_601,VGND,li1,282.4400,380.8000,0.005999
FILLER_136_587,VGND,li1,275.7700,380.8000,0.006016
FILLER_136_579,VGND,li1,273.7000,380.8000,0.005937
FILLER_136_562,VGND,li1,264.7300,380.8000,0.005635
FILLER_136_522,VGND,li1,246.3300,380.8000,0.004982
FILLER_136_514,VGND,li1,243.8000,380.8000,0.004901
FILLER_136_507,VGND,li1,238.9700,380.8000,0.004730
FILLER_136_498,VGND,li1,235.0600,380.8000,0.004592
FILLER_136_484,VGND,li1,228.6200,380.8000,0.004365
FILLER_136_468,VGND,li1,221.0300,380.8000,0.004096
FILLER_136_449,VGND,li1,213.9000,380.8000,0.003834
FILLER_136_437,VGND,li1,209.3000,380.8000,0.003624
FILLER_136_419,VGND,li1,198.4900,380.8000,0.002933
FILLER_136_413,VGND,li1,196.8800,380.8000,0.002715
FILLER_136_404,VGND,li1,192.0500,380.8000,0.002320
FILLER_136_390,VGND,li1,186.3000,380.8000,0.001784
FILLER_136_378,VGND,li1,179.8600,380.8000,0.001230
FILLER_136_370,VGND,li1,177.5600,380.8000,0.001307
FILLER_136_363,VGND,li1,172.7300,380.8000,0.001449
FILLER_136_355,VGND,li1,169.0500,380.8000,0.001583
FILLER_136_351,VGND,li1,167.9000,380.8000,0.001684
FILLER_136_335,VGND,li1,159.8500,380.8000,0.001918
FILLER_136_321,VGND,li1,154.1000,380.8000,0.002158
FILLER_136_309,VGND,li1,150.4200,380.8000,0.002258
FILLER_136_305,VGND,li1,146.5100,380.8000,0.002398
FILLER_136_296,VGND,li1,142.1400,380.8000,0.002526
FILLER_136_288,VGND,li1,138.2300,380.8000,0.002588
FILLER_136_265,VGND,li1,128.1100,380.8000,0.002594
FILLER_136_253,VGND,li1,124.6600,380.8000,0.002552
FILLER_136_244,VGND,li1,119.6000,380.8000,0.002461
FILLER_136_238,VGND,li1,115.2300,380.8000,0.002371
FILLER_136_230,VGND,li1,111.5500,380.8000,0.002270
FILLER_136_226,VGND,li1,110.4000,380.8000,0.002222
FILLER_136_214,VGND,li1,106.7200,380.8000,0.002173
FILLER_136_171,VGND,li1,84.4100,380.8000,0.001611
FILLER_136_165,VGND,li1,82.8000,380.8000,0.001611
FILLER_136_153,VGND,li1,78.6600,380.8000,0.001512
FILLER_136_141,VGND,li1,73.1400,380.8000,0.001381
FILLER_136_139,VGND,li1,69.6900,380.8000,0.001261
FILLER_136_133,VGND,li1,68.0800,380.8000,0.001261
FILLER_136_121,VGND,li1,63.9400,380.8000,0.001162
FILLER_136_109,VGND,li1,58.4200,380.8000,0.001003
FILLER_136_97,VGND,li1,52.9000,380.8000,0.000899
FILLER_136_85,VGND,li1,47.3800,380.8000,0.000768
FILLER_136_83,VGND,li1,43.9300,380.8000,0.000647
FILLER_136_77,VGND,li1,42.3200,380.8000,0.000647
FILLER_136_65,VGND,li1,38.1800,380.8000,0.000549
FILLER_136_53,VGND,li1,32.6600,380.8000,0.000417
FILLER_136_41,VGND,li1,27.1400,380.8000,0.000286
FILLER_136_29,VGND,li1,21.6200,380.8000,0.000238
FILLER_136_27,VGND,li1,18.1700,380.8000,0.000238
FILLER_136_15,VGND,li1,15.1800,380.8000,0.000238
FILLER_136_3,VGND,li1,9.6600,380.8000,0.000238
FILLER_135_821,VGND,li1,383.8700,380.8000,0.001267
FILLER_135_809,VGND,li1,380.4200,380.8000,0.001267
FILLER_135_797,VGND,li1,374.9000,380.8000,0.001267
FILLER_135_785,VGND,li1,369.3800,380.8000,0.001267
FILLER_135_783,VGND,li1,365.9300,380.8000,0.001267
FILLER_135_777,VGND,li1,364.3200,380.8000,0.001267
FILLER_135_765,VGND,li1,360.1800,380.8000,0.001267
FILLER_135_753,VGND,li1,354.6600,380.8000,0.001267
FILLER_135_741,VGND,li1,349.1400,380.8000,0.001267
FILLER_135_729,VGND,li1,343.6200,380.8000,0.001264
FILLER_135_722,VGND,li1,339.0200,380.8000,0.001260
FILLER_135_700,VGND,li1,327.9800,380.8000,0.001682
FILLER_135_682,VGND,li1,322.0000,380.8000,0.002472
FILLER_135_668,VGND,li1,313.7200,380.8000,0.003343
FILLER_135_659,VGND,li1,309.1200,380.8000,0.003874
FILLER_135_645,VGND,li1,302.6800,380.8000,0.004596
FILLER_135_637,VGND,li1,300.3800,380.8000,0.004810
FILLER_135_629,VGND,li1,295.5500,380.8000,0.005243
FILLER_135_617,VGND,li1,292.1000,380.8000,0.005543
FILLER_135_613,VGND,li1,288.1900,380.8000,0.005775
FILLER_135_606,VGND,li1,284.5100,380.8000,0.005944
FILLER_135_602,VGND,li1,283.3600,380.8000,0.005999
FILLER_135_594,VGND,li1,278.9900,380.8000,0.006050
FILLER_135_581,VGND,li1,273.4700,380.8000,0.005937
FILLER_135_573,VGND,li1,270.9400,380.8000,0.005850
FILLER_135_561,VGND,li1,266.3400,380.8000,0.005635
FILLER_135_558,VGND,li1,262.6600,380.8000,0.005555
FILLER_135_546,VGND,li1,259.4400,380.8000,0.005442
FILLER_135_540,VGND,li1,254.1500,380.8000,0.005265
FILLER_135_529,VGND,li1,249.3200,380.8000,0.005071
FILLER_135_517,VGND,li1,246.1000,380.8000,0.004982
FILLER_135_505,VGND,li1,240.5800,380.8000,0.004730
FILLER_135_492,VGND,li1,234.6000,380.8000,0.004519
FILLER_135_480,VGND,li1,229.0800,380.8000,0.004365
FILLER_135_468,VGND,li1,223.5600,380.8000,0.004161
FILLER_135_464,VGND,li1,219.1900,380.8000,0.004014
FILLER_135_456,VGND,li1,217.1200,380.8000,0.003949
FILLER_135_444,VGND,li1,209.9900,380.8000,0.003624
FILLER_135_432,VGND,li1,207.0000,380.8000,0.003447
FILLER_135_420,VGND,li1,201.4800,380.8000,0.003131
FILLER_135_408,VGND,li1,195.9600,380.8000,0.002715
FILLER_135_399,VGND,li1,189.2900,380.8000,0.002003
FILLER_135_383,VGND,li1,183.0800,380.8000,0.001606
FILLER_135_375,VGND,li1,178.2500,380.8000,0.001307
FILLER_135_369,VGND,li1,176.6400,380.8000,0.001307
FILLER_135_357,VGND,li1,172.5000,380.8000,0.001516
FILLER_135_337,VGND,li1,161.4600,380.8000,0.001918
FILLER_135_335,VGND,li1,159.8500,380.8000,0.001918
FILLER_135_331,VGND,li1,158.0100,380.8000,0.001984
FILLER_135_327,VGND,li1,156.8600,380.8000,0.002084
FILLER_135_318,VGND,li1,153.1800,380.8000,0.002158
FILLER_135_281,VGND,li1,135.7000,380.8000,0.002612
FILLER_135_265,VGND,li1,129.2600,380.8000,0.002594
FILLER_135_257,VGND,li1,123.9700,380.8000,0.002552
FILLER_135_249,VGND,li1,120.2900,380.8000,0.002461
FILLER_135_245,VGND,li1,119.1400,380.8000,0.002461
FILLER_135_233,VGND,li1,115.4600,380.8000,0.002371
FILLER_135_223,VGND,li1,108.3300,380.8000,0.002173
FILLER_135_217,VGND,li1,106.7200,380.8000,0.002173
FILLER_135_190,VGND,li1,94.7600,380.8000,0.001872
FILLER_135_177,VGND,li1,87.4000,380.8000,0.001720
FILLER_135_169,VGND,li1,85.1000,380.8000,0.001666
FILLER_135_167,VGND,li1,82.5700,380.8000,0.001567
FILLER_135_161,VGND,li1,80.9600,380.8000,0.001567
FILLER_135_149,VGND,li1,76.8200,380.8000,0.001469
FILLER_135_137,VGND,li1,71.3000,380.8000,0.001310
FILLER_135_125,VGND,li1,65.7800,380.8000,0.001206
FILLER_135_113,VGND,li1,60.2600,380.8000,0.001074
FILLER_135_111,VGND,li1,56.8100,380.8000,0.000954
FILLER_135_105,VGND,li1,55.2000,380.8000,0.000954
FILLER_135_93,VGND,li1,51.0600,380.8000,0.000855
FILLER_135_81,VGND,li1,45.5400,380.8000,0.000696
FILLER_135_69,VGND,li1,40.0200,380.8000,0.000592
FILLER_135_57,VGND,li1,34.5000,380.8000,0.000461
FILLER_135_55,VGND,li1,31.0500,380.8000,0.000352
FILLER_135_51,VGND,li1,29.9000,380.8000,0.000352
FILLER_135_39,VGND,li1,26.2200,380.8000,0.000238
FILLER_135_27,VGND,li1,20.7000,380.8000,0.000238
FILLER_135_15,VGND,li1,15.1800,380.8000,0.000238
FILLER_135_3,VGND,li1,9.6600,380.8000,0.000238
FILLER_134_821,VGND,li1,383.8700,375.3600,0.000402
FILLER_134_813,VGND,li1,381.3400,375.3600,0.000402
FILLER_134_811,VGND,li1,378.8100,375.3600,0.000402
FILLER_134_805,VGND,li1,377.2000,375.3600,0.000402
FILLER_134_793,VGND,li1,373.0600,375.3600,0.000402
FILLER_134_781,VGND,li1,367.5400,375.3600,0.000402
FILLER_134_769,VGND,li1,362.0200,375.3600,0.000402
FILLER_134_757,VGND,li1,356.5000,375.3600,0.000402
FILLER_134_755,VGND,li1,353.0500,375.3600,0.000402
FILLER_134_749,VGND,li1,351.4400,375.3600,0.000402
FILLER_134_737,VGND,li1,347.3000,375.3600,0.000402
FILLER_134_725,VGND,li1,341.7800,375.3600,0.000402
FILLER_134_713,VGND,li1,336.2600,375.3600,0.000402
FILLER_134_701,VGND,li1,328.4400,375.3600,0.000584
FILLER_134_699,VGND,li1,327.2900,375.3600,0.000584
FILLER_134_686,VGND,li1,321.5400,375.3600,0.000783
FILLER_134_664,VGND,li1,311.1900,375.3600,0.001195
FILLER_134_652,VGND,li1,305.6700,375.3600,0.001338
FILLER_134_645,VGND,li1,302.4500,375.3600,0.001375
FILLER_134_641,VGND,li1,301.0700,375.3600,0.001375
FILLER_134_629,VGND,li1,297.6200,375.3600,0.001418
FILLER_134_625,VGND,li1,293.2500,375.3600,0.001472
FILLER_134_613,VGND,li1,290.2600,375.3600,0.001523
FILLER_134_601,VGND,li1,284.7400,375.3600,0.001582
FILLER_134_565,VGND,li1,265.8800,375.3600,0.001649
FILLER_134_557,VGND,li1,263.5800,375.3600,0.001649
FILLER_134_545,VGND,li1,258.9800,375.3600,0.001649
FILLER_134_533,VGND,li1,253.4600,375.3600,0.001648
FILLER_134_531,VGND,li1,250.0100,375.3600,0.001647
FILLER_134_527,VGND,li1,248.8600,375.3600,0.001647
FILLER_134_515,VGND,li1,245.1800,375.3600,0.001646
FILLER_134_494,VGND,li1,235.5200,375.3600,0.001641
FILLER_134_490,VGND,li1,231.1500,375.3600,0.001638
FILLER_134_486,VGND,li1,230.0000,375.3600,0.001638
FILLER_134_477,VGND,li1,225.4000,375.3600,0.001634
FILLER_134_464,VGND,li1,221.7200,375.3600,0.001632
FILLER_134_441,VGND,li1,211.1400,375.3600,0.001621
FILLER_134_421,VGND,li1,199.6400,375.3600,0.001529
FILLER_134_417,VGND,li1,198.0300,375.3600,0.001473
FILLER_134_405,VGND,li1,194.5800,375.3600,0.001375
FILLER_134_396,VGND,li1,187.9100,375.3600,0.001163
FILLER_134_392,VGND,li1,186.7600,375.3600,0.001086
FILLER_134_380,VGND,li1,183.0800,375.3600,0.001015
FILLER_134_365,VGND,li1,175.2600,375.3600,0.000952
FILLER_134_360,VGND,li1,172.0400,375.3600,0.001147
FILLER_134_345,VGND,li1,166.0600,375.3600,0.001355
FILLER_134_333,VGND,li1,161.4600,375.3600,0.001494
FILLER_134_317,VGND,li1,152.0300,375.3600,0.001791
FILLER_134_309,VGND,li1,149.5000,375.3600,0.001848
FILLER_134_305,VGND,li1,146.5100,375.3600,0.001968
FILLER_134_293,VGND,li1,141.6800,375.3600,0.002031
FILLER_134_281,VGND,li1,135.0100,375.3600,0.002076
FILLER_134_275,VGND,li1,133.4000,375.3600,0.002080
FILLER_134_263,VGND,li1,129.2600,375.3600,0.002088
FILLER_134_253,VGND,li1,122.1300,375.3600,0.002082
FILLER_134_250,VGND,li1,120.9800,375.3600,0.002072
FILLER_134_242,VGND,li1,118.6800,375.3600,0.002052
FILLER_134_229,VGND,li1,111.3200,375.3600,0.002004
FILLER_134_208,VGND,li1,103.0400,375.3600,0.001925
FILLER_134_203,VGND,li1,99.1300,375.3600,0.001904
FILLER_134_197,VGND,li1,97.5200,375.3600,0.001877
FILLER_134_193,VGND,li1,94.9900,375.3600,0.001858
FILLER_134_183,VGND,li1,90.1600,375.3600,0.001819
FILLER_134_165,VGND,li1,81.8800,375.3600,0.001734
FILLER_134_153,VGND,li1,78.6600,375.3600,0.001687
FILLER_134_141,VGND,li1,73.1400,375.3600,0.001559
FILLER_134_139,VGND,li1,69.6900,375.3600,0.001466
FILLER_134_129,VGND,li1,65.5500,375.3600,0.001357
FILLER_134_121,VGND,li1,63.0200,375.3600,0.001300
FILLER_134_109,VGND,li1,58.4200,375.3600,0.001144
FILLER_134_97,VGND,li1,52.9000,375.3600,0.001026
FILLER_134_85,VGND,li1,47.3800,375.3600,0.000876
FILLER_134_83,VGND,li1,43.9300,375.3600,0.000738
FILLER_134_77,VGND,li1,42.3200,375.3600,0.000738
FILLER_134_65,VGND,li1,38.1800,375.3600,0.000626
FILLER_134_53,VGND,li1,32.6600,375.3600,0.000476
FILLER_134_41,VGND,li1,27.1400,375.3600,0.000326
FILLER_134_29,VGND,li1,21.6200,375.3600,0.000272
FILLER_134_27,VGND,li1,18.1700,375.3600,0.000272
FILLER_134_15,VGND,li1,15.1800,375.3600,0.000272
FILLER_134_3,VGND,li1,9.6600,375.3600,0.000272
FILLER_133_821,VGND,li1,383.8700,375.3600,0.000402
FILLER_133_809,VGND,li1,380.4200,375.3600,0.000402
FILLER_133_797,VGND,li1,374.9000,375.3600,0.000402
FILLER_133_785,VGND,li1,369.3800,375.3600,0.000402
FILLER_133_783,VGND,li1,365.9300,375.3600,0.000402
FILLER_133_775,VGND,li1,363.8600,375.3600,0.000402
FILLER_133_763,VGND,li1,359.2600,375.3600,0.000402
FILLER_133_751,VGND,li1,353.7400,375.3600,0.000402
FILLER_133_739,VGND,li1,348.2200,375.3600,0.000402
FILLER_133_725,VGND,li1,339.7100,375.3600,0.000402
FILLER_133_718,VGND,li1,336.4900,375.3600,0.000402
FILLER_133_710,VGND,li1,333.9600,375.3600,0.000401
FILLER_133_686,VGND,li1,321.3100,375.3600,0.000847
FILLER_133_680,VGND,li1,319.7000,375.3600,0.000847
FILLER_133_671,VGND,li1,314.4100,375.3600,0.001076
FILLER_133_667,VGND,li1,313.2600,375.3600,0.001076
FILLER_133_655,VGND,li1,309.5800,375.3600,0.001195
FILLER_133_642,VGND,li1,302.2200,375.3600,0.001375
FILLER_133_630,VGND,li1,298.0800,375.3600,0.001418
FILLER_133_610,VGND,li1,286.5800,375.3600,0.001554
FILLER_133_602,VGND,li1,284.2800,375.3600,0.001582
FILLER_133_598,VGND,li1,280.8300,375.3600,0.001632
FILLER_133_586,VGND,li1,277.8400,375.3600,0.001650
FILLER_133_574,VGND,li1,272.3200,375.3600,0.001650
FILLER_133_569,VGND,li1,267.4900,375.3600,0.001650
FILLER_133_561,VGND,li1,265.4200,375.3600,0.001649
FILLER_133_559,VGND,li1,262.8900,375.3600,0.001649
FILLER_133_555,VGND,li1,261.7400,375.3600,0.001649
FILLER_133_541,VGND,li1,254.6100,375.3600,0.001648
FILLER_133_533,VGND,li1,252.5400,375.3600,0.001648
FILLER_133_505,VGND,li1,238.2800,375.3600,0.001642
FILLER_133_503,VGND,li1,237.1300,375.3600,0.001642
FILLER_133_495,VGND,li1,235.0600,375.3600,0.001641
FILLER_133_483,VGND,li1,227.9300,375.3600,0.001636
FILLER_133_479,VGND,li1,226.7800,375.3600,0.001636
FILLER_133_467,VGND,li1,223.1000,375.3600,0.001632
FILLER_133_455,VGND,li1,215.0500,375.3600,0.001624
FILLER_133_449,VGND,li1,213.4400,375.3600,0.001624
FILLER_133_444,VGND,li1,210.6800,375.3600,0.001621
FILLER_133_432,VGND,li1,207.0000,375.3600,0.001615
FILLER_133_416,VGND,li1,197.8000,375.3600,0.001473
FILLER_133_393,VGND,li1,187.6800,375.3600,0.001163
FILLER_133_389,VGND,li1,185.1500,375.3600,0.001086
FILLER_133_373,VGND,li1,177.3300,375.3600,0.000843
FILLER_133_369,VGND,li1,176.1800,375.3600,0.000952
FILLER_133_356,VGND,li1,169.9700,375.3600,0.001272
FILLER_133_337,VGND,li1,163.3000,375.3600,0.001438
FILLER_133_334,VGND,li1,159.6200,375.3600,0.001549
FILLER_133_322,VGND,li1,156.4000,375.3600,0.001646
FILLER_133_317,VGND,li1,151.5700,375.3600,0.001791
FILLER_133_305,VGND,li1,148.5800,375.3600,0.001905
FILLER_133_298,VGND,li1,143.0600,375.3600,0.002006
FILLER_133_290,VGND,li1,140.7600,375.3600,0.002031
FILLER_133_281,VGND,li1,136.1600,375.3600,0.002076
FILLER_133_279,VGND,li1,134.0900,375.3600,0.002080
FILLER_133_275,VGND,li1,132.9400,375.3600,0.002080
FILLER_133_263,VGND,li1,129.2600,375.3600,0.002088
FILLER_133_245,VGND,li1,118.4500,375.3600,0.002052
FILLER_133_241,VGND,li1,117.3000,375.3600,0.002052
FILLER_133_225,VGND,li1,109.9400,375.3600,0.001980
FILLER_133_223,VGND,li1,108.3300,375.3600,0.001980
FILLER_133_215,VGND,li1,106.2600,375.3600,0.001963
FILLER_133_203,VGND,li1,101.6600,375.3600,0.001925
FILLER_133_191,VGND,li1,96.1400,375.3600,0.001877
FILLER_133_185,VGND,li1,90.8500,375.3600,0.001835
FILLER_133_181,VGND,li1,89.7000,375.3600,0.001819
FILLER_133_169,VGND,li1,86.0200,375.3600,0.001794
FILLER_133_167,VGND,li1,82.5700,375.3600,0.001734
FILLER_133_163,VGND,li1,81.4200,375.3600,0.001734
FILLER_133_150,VGND,li1,75.9000,375.3600,0.001626
FILLER_133_142,VGND,li1,71.0700,375.3600,0.001512
FILLER_133_133,VGND,li1,67.1600,375.3600,0.001412
FILLER_133_125,VGND,li1,63.2500,375.3600,0.001300
FILLER_133_113,VGND,li1,60.2600,375.3600,0.001226
FILLER_133_111,VGND,li1,56.8100,375.3600,0.001088
FILLER_133_105,VGND,li1,55.2000,375.3600,0.001088
FILLER_133_93,VGND,li1,51.0600,375.3600,0.000976
FILLER_133_81,VGND,li1,45.5400,375.3600,0.000794
FILLER_133_69,VGND,li1,40.0200,375.3600,0.000676
FILLER_133_57,VGND,li1,34.5000,375.3600,0.000526
FILLER_133_55,VGND,li1,31.0500,375.3600,0.000401
FILLER_133_51,VGND,li1,29.9000,375.3600,0.000401
FILLER_133_39,VGND,li1,26.2200,375.3600,0.000272
FILLER_133_27,VGND,li1,20.7000,375.3600,0.000272
FILLER_133_15,VGND,li1,15.1800,375.3600,0.000272
FILLER_133_3,VGND,li1,9.6600,375.3600,0.000272
FILLER_132_821,VGND,li1,383.8700,369.9200,0.000482
FILLER_132_813,VGND,li1,381.3400,369.9200,0.000482
FILLER_132_811,VGND,li1,378.8100,369.9200,0.000482
FILLER_132_805,VGND,li1,377.2000,369.9200,0.000482
FILLER_132_793,VGND,li1,373.0600,369.9200,0.000482
FILLER_132_781,VGND,li1,367.5400,369.9200,0.000482
FILLER_132_769,VGND,li1,362.0200,369.9200,0.000482
FILLER_132_757,VGND,li1,356.5000,369.9200,0.000482
FILLER_132_755,VGND,li1,353.0500,369.9200,0.000482
FILLER_132_743,VGND,li1,350.0600,369.9200,0.000482
FILLER_132_713,VGND,li1,333.9600,369.9200,0.000477
FILLER_132_701,VGND,li1,330.7400,369.9200,0.000618
FILLER_132_698,VGND,li1,327.0600,369.9200,0.000726
FILLER_132_674,VGND,li1,318.3200,369.9200,0.001199
FILLER_132_662,VGND,li1,312.8000,369.9200,0.001432
FILLER_132_652,VGND,li1,305.6700,369.9200,0.001738
FILLER_132_645,VGND,li1,302.4500,369.9200,0.001815
FILLER_132_641,VGND,li1,301.0700,369.9200,0.001900
FILLER_132_625,VGND,li1,293.7100,369.9200,0.002121
FILLER_132_618,VGND,li1,290.2600,369.9200,0.002291
FILLER_132_601,VGND,li1,282.2100,369.9200,0.002544
FILLER_132_589,VGND,li1,279.2200,369.9200,0.002653
FILLER_132_584,VGND,li1,275.0800,369.9200,0.002804
FILLER_132_572,VGND,li1,271.4000,369.9200,0.002954
FILLER_132_555,VGND,li1,261.7400,369.9200,0.003174
FILLER_132_545,VGND,li1,256.4500,369.9200,0.003196
FILLER_132_539,VGND,li1,254.8400,369.9200,0.003196
FILLER_132_530,VGND,li1,249.7800,369.9200,0.003214
FILLER_132_521,VGND,li1,245.6400,369.9200,0.003227
FILLER_132_513,VGND,li1,243.3400,369.9200,0.003234
FILLER_132_505,VGND,li1,238.0500,369.9200,0.003250
FILLER_132_497,VGND,li1,235.9800,369.9200,0.003257
FILLER_132_475,VGND,li1,224.2500,369.9200,0.003196
FILLER_132_471,VGND,li1,223.1000,369.9200,0.003196
FILLER_132_464,VGND,li1,219.6500,369.9200,0.003130
FILLER_132_453,VGND,li1,214.5900,369.9200,0.002935
FILLER_132_445,VGND,li1,212.0600,369.9200,0.002771
FILLER_132_433,VGND,li1,207.4600,369.9200,0.002541
FILLER_132_421,VGND,li1,201.9400,369.9200,0.002262
FILLER_132_416,VGND,li1,197.8000,369.9200,0.002032
FILLER_132_405,VGND,li1,192.0500,369.9200,0.001713
FILLER_132_397,VGND,li1,189.9800,369.9200,0.001546
FILLER_132_385,VGND,li1,185.3800,369.9200,0.001329
FILLER_132_373,VGND,li1,179.8600,369.9200,0.000970
FILLER_132_365,VGND,li1,173.8800,369.9200,0.001167
FILLER_132_363,VGND,li1,172.7300,369.9200,0.001260
FILLER_132_359,VGND,li1,171.5800,369.9200,0.001260
FILLER_132_347,VGND,li1,165.8300,369.9200,0.001459
FILLER_132_335,VGND,li1,162.3800,369.9200,0.001565
FILLER_132_327,VGND,li1,156.1700,369.9200,0.001753
FILLER_132_309,VGND,li1,148.3500,369.9200,0.001928
FILLER_132_307,VGND,li1,146.9700,369.9200,0.001985
FILLER_132_303,VGND,li1,145.8200,369.9200,0.001985
FILLER_132_281,VGND,li1,135.4700,369.9200,0.002136
FILLER_132_273,VGND,li1,132.9400,369.9200,0.002150
FILLER_132_264,VGND,li1,127.4200,369.9200,0.002169
FILLER_132_256,VGND,li1,123.7400,369.9200,0.002160
FILLER_132_251,VGND,li1,121.2100,369.9200,0.002123
FILLER_132_245,VGND,li1,119.6000,369.9200,0.002123
FILLER_132_233,VGND,li1,115.4600,369.9200,0.002083
FILLER_132_224,VGND,li1,109.0200,369.9200,0.002018
FILLER_132_216,VGND,li1,106.7200,369.9200,0.001989
FILLER_132_204,VGND,li1,102.1200,369.9200,0.001946
FILLER_132_197,VGND,li1,97.0600,369.9200,0.001884
FILLER_132_192,VGND,li1,94.7600,369.9200,0.001855
FILLER_132_180,VGND,li1,91.0800,369.9200,0.001830
FILLER_132_161,VGND,li1,79.8100,369.9200,0.001667
FILLER_132_153,VGND,li1,77.7400,369.9200,0.001616
FILLER_132_141,VGND,li1,73.1400,369.9200,0.001512
FILLER_132_139,VGND,li1,69.6900,369.9200,0.001386
FILLER_132_133,VGND,li1,68.0800,369.9200,0.001386
FILLER_132_121,VGND,li1,63.9400,369.9200,0.001266
FILLER_132_109,VGND,li1,58.4200,369.9200,0.001104
FILLER_132_97,VGND,li1,52.9000,369.9200,0.000989
FILLER_132_85,VGND,li1,47.3800,369.9200,0.000845
FILLER_132_83,VGND,li1,43.9300,369.9200,0.000712
FILLER_132_77,VGND,li1,42.3200,369.9200,0.000712
FILLER_132_65,VGND,li1,38.1800,369.9200,0.000604
FILLER_132_53,VGND,li1,32.6600,369.9200,0.000459
FILLER_132_41,VGND,li1,27.1400,369.9200,0.000314
FILLER_132_29,VGND,li1,21.6200,369.9200,0.000262
FILLER_132_27,VGND,li1,18.1700,369.9200,0.000262
FILLER_132_15,VGND,li1,15.1800,369.9200,0.000262
FILLER_132_3,VGND,li1,9.6600,369.9200,0.000262
FILLER_131_821,VGND,li1,383.8700,369.9200,0.000482
FILLER_131_809,VGND,li1,380.4200,369.9200,0.000482
FILLER_131_797,VGND,li1,374.9000,369.9200,0.000482
FILLER_131_785,VGND,li1,369.3800,369.9200,0.000482
FILLER_131_782,VGND,li1,365.7000,369.9200,0.000482
FILLER_131_770,VGND,li1,362.4800,369.9200,0.000482
FILLER_131_758,VGND,li1,356.9600,369.9200,0.000482
FILLER_131_746,VGND,li1,351.4400,369.9200,0.000482
FILLER_131_718,VGND,li1,336.4900,369.9200,0.000479
FILLER_131_710,VGND,li1,333.9600,369.9200,0.000477
FILLER_131_698,VGND,li1,329.3600,369.9200,0.000618
FILLER_131_686,VGND,li1,323.8400,369.9200,0.000955
FILLER_131_673,VGND,li1,315.3300,369.9200,0.001321
FILLER_131_669,VGND,li1,313.9500,369.9200,0.001321
FILLER_131_661,VGND,li1,311.4200,369.9200,0.001432
FILLER_131_641,VGND,li1,302.2200,369.9200,0.001815
FILLER_131_629,VGND,li1,297.6200,369.9200,0.001976
FILLER_131_617,VGND,li1,292.1000,369.9200,0.002189
FILLER_131_615,VGND,li1,288.6500,369.9200,0.002367
FILLER_131_609,VGND,li1,287.0400,369.9200,0.002367
FILLER_131_597,VGND,li1,282.9000,369.9200,0.002544
FILLER_131_571,VGND,li1,270.9400,369.9200,0.002954
FILLER_131_559,VGND,li1,262.8900,369.9200,0.003161
FILLER_131_555,VGND,li1,261.7400,369.9200,0.003174
FILLER_131_529,VGND,li1,251.6200,369.9200,0.003208
FILLER_131_517,VGND,li1,246.1000,369.9200,0.003227
FILLER_131_505,VGND,li1,240.5800,369.9200,0.003243
FILLER_131_500,VGND,li1,236.4400,369.9200,0.003257
FILLER_131_488,VGND,li1,232.7600,369.9200,0.003267
FILLER_131_478,VGND,li1,225.8600,369.9200,0.003245
FILLER_131_447,VGND,li1,211.3700,369.9200,0.002771
FILLER_131_429,VGND,li1,203.3200,369.9200,0.002262
FILLER_131_417,VGND,li1,200.1000,369.9200,0.002160
FILLER_131_405,VGND,li1,194.5800,369.9200,0.001815
FILLER_131_393,VGND,li1,189.0600,369.9200,0.001546
FILLER_131_389,VGND,li1,185.1500,369.9200,0.001329
FILLER_131_381,VGND,li1,181.2400,369.9200,0.001110
FILLER_131_372,VGND,li1,177.3300,369.9200,0.001093
FILLER_131_360,VGND,li1,173.8800,369.9200,0.001167
FILLER_131_349,VGND,li1,167.4400,369.9200,0.001459
FILLER_131_337,VGND,li1,163.3000,369.9200,0.001565
FILLER_131_330,VGND,li1,158.7000,369.9200,0.001699
FILLER_131_323,VGND,li1,154.3300,369.9200,0.001817
FILLER_131_319,VGND,li1,153.1800,369.9200,0.001817
FILLER_131_311,VGND,li1,149.0400,369.9200,0.001928
FILLER_131_303,VGND,li1,146.7400,369.9200,0.001985
FILLER_131_291,VGND,li1,142.1400,369.9200,0.002090
FILLER_131_287,VGND,li1,137.7700,369.9200,0.002126
FILLER_131_281,VGND,li1,136.1600,369.9200,0.002136
FILLER_131_277,VGND,li1,133.6300,369.9200,0.002150
FILLER_131_269,VGND,li1,131.1000,369.9200,0.002168
FILLER_131_249,VGND,li1,121.9000,369.9200,0.002143
FILLER_131_237,VGND,li1,117.3000,369.9200,0.002101
FILLER_131_225,VGND,li1,111.7800,369.9200,0.002041
FILLER_131_212,VGND,li1,105.8000,369.9200,0.001989
FILLER_131_175,VGND,li1,88.7800,369.9200,0.001803
FILLER_131_164,VGND,li1,81.8800,369.9200,0.001715
FILLER_131_155,VGND,li1,77.2800,369.9200,0.001616
FILLER_131_147,VGND,li1,74.9800,369.9200,0.001558
FILLER_131_125,VGND,li1,63.4800,369.9200,0.001266
FILLER_131_113,VGND,li1,60.2600,369.9200,0.001182
FILLER_131_111,VGND,li1,56.8100,369.9200,0.001049
FILLER_131_105,VGND,li1,55.2000,369.9200,0.001049
FILLER_131_93,VGND,li1,51.0600,369.9200,0.000941
FILLER_131_81,VGND,li1,45.5400,369.9200,0.000766
FILLER_131_69,VGND,li1,40.0200,369.9200,0.000652
FILLER_131_57,VGND,li1,34.5000,369.9200,0.000507
FILLER_131_55,VGND,li1,31.0500,369.9200,0.000387
FILLER_131_51,VGND,li1,29.9000,369.9200,0.000387
FILLER_131_39,VGND,li1,26.2200,369.9200,0.000262
FILLER_131_27,VGND,li1,20.7000,369.9200,0.000262
FILLER_131_15,VGND,li1,15.1800,369.9200,0.000262
FILLER_131_3,VGND,li1,9.6600,369.9200,0.000262
FILLER_130_821,VGND,li1,383.8700,364.4800,0.000353
FILLER_130_813,VGND,li1,381.3400,364.4800,0.000353
FILLER_130_811,VGND,li1,378.8100,364.4800,0.000353
FILLER_130_805,VGND,li1,377.2000,364.4800,0.000353
FILLER_130_793,VGND,li1,373.0600,364.4800,0.000353
FILLER_130_781,VGND,li1,367.5400,364.4800,0.000353
FILLER_130_769,VGND,li1,362.0200,364.4800,0.000353
FILLER_130_757,VGND,li1,356.5000,364.4800,0.000353
FILLER_130_755,VGND,li1,353.0500,364.4800,0.000353
FILLER_130_751,VGND,li1,351.9000,364.4800,0.000353
FILLER_130_739,VGND,li1,348.2200,364.4800,0.000353
FILLER_130_716,VGND,li1,335.5700,364.4800,0.000352
FILLER_130_708,VGND,li1,333.0400,364.4800,0.000352
FILLER_130_699,VGND,li1,327.2900,364.4800,0.000576
FILLER_130_679,VGND,li1,320.6200,364.4800,0.000784
FILLER_130_674,VGND,li1,316.0200,364.4800,0.000959
FILLER_130_665,VGND,li1,312.8000,364.4800,0.001031
FILLER_130_653,VGND,li1,308.6600,364.4800,0.001173
FILLER_130_645,VGND,li1,303.1400,364.4800,0.001362
FILLER_130_642,VGND,li1,301.3000,364.4800,0.001433
FILLER_130_634,VGND,li1,299.0000,364.4800,0.001543
FILLER_130_622,VGND,li1,294.4000,364.4800,0.001661
FILLER_130_605,VGND,li1,285.2000,364.4800,0.001935
FILLER_130_564,VGND,li1,267.7200,364.4800,0.002122
FILLER_130_552,VGND,li1,262.2000,364.4800,0.002189
FILLER_130_540,VGND,li1,256.6800,364.4800,0.002197
FILLER_130_529,VGND,li1,249.5500,364.4800,0.002212
FILLER_130_517,VGND,li1,246.1000,364.4800,0.002216
FILLER_130_508,VGND,li1,239.8900,364.4800,0.002227
FILLER_130_500,VGND,li1,237.3600,364.4800,0.002231
FILLER_130_485,VGND,li1,228.8500,364.4800,0.002185
FILLER_130_477,VGND,li1,225.1700,364.4800,0.002085
FILLER_130_474,VGND,li1,224.0200,364.4800,0.002085
FILLER_130_466,VGND,li1,221.7200,364.4800,0.002009
FILLER_130_454,VGND,li1,217.1200,364.4800,0.001942
FILLER_130_437,VGND,li1,206.7700,364.4800,0.001657
FILLER_130_433,VGND,li1,205.6200,364.4800,0.001657
FILLER_130_421,VGND,li1,201.9400,364.4800,0.001513
FILLER_130_419,VGND,li1,198.4900,364.4800,0.001433
FILLER_130_405,VGND,li1,192.0500,364.4800,0.001181
FILLER_130_401,VGND,li1,190.9000,364.4800,0.001181
FILLER_130_372,VGND,li1,177.3300,364.4800,0.000657
FILLER_130_363,VGND,li1,172.7300,364.4800,0.000774
FILLER_130_352,VGND,li1,167.6700,364.4800,0.000848
FILLER_130_348,VGND,li1,166.5200,364.4800,0.000887
FILLER_130_336,VGND,li1,162.8400,364.4800,0.000951
FILLER_130_316,VGND,li1,151.1100,364.4800,0.001102
FILLER_130_305,VGND,li1,146.5100,364.4800,0.001140
FILLER_130_297,VGND,li1,143.9800,364.4800,0.001159
FILLER_130_285,VGND,li1,139.3800,364.4800,0.001192
FILLER_130_276,VGND,li1,132.9400,364.4800,0.001231
FILLER_130_269,VGND,li1,129.4900,364.4800,0.001245
FILLER_130_261,VGND,li1,127.4200,364.4800,0.001248
FILLER_130_248,VGND,li1,120.5200,364.4800,0.001247
FILLER_130_218,VGND,li1,108.5600,364.4800,0.001230
FILLER_130_197,VGND,li1,97.0600,364.4800,0.001179
FILLER_130_172,VGND,li1,87.4000,364.4800,0.001093
FILLER_130_160,VGND,li1,81.8800,364.4800,0.001038
FILLER_130_148,VGND,li1,76.3600,364.4800,0.000992
FILLER_130_133,VGND,li1,67.3900,364.4800,0.000889
FILLER_130_121,VGND,li1,63.9400,364.4800,0.000848
FILLER_130_109,VGND,li1,58.4200,364.4800,0.000743
FILLER_130_97,VGND,li1,52.9000,364.4800,0.000666
FILLER_130_85,VGND,li1,47.3800,364.4800,0.000568
FILLER_130_83,VGND,li1,43.9300,364.4800,0.000479
FILLER_130_77,VGND,li1,42.3200,364.4800,0.000479
FILLER_130_65,VGND,li1,38.1800,364.4800,0.000406
FILLER_130_53,VGND,li1,32.6600,364.4800,0.000309
FILLER_130_41,VGND,li1,27.1400,364.4800,0.000212
FILLER_130_29,VGND,li1,21.6200,364.4800,0.000176
FILLER_130_27,VGND,li1,18.1700,364.4800,0.000176
FILLER_130_15,VGND,li1,15.1800,364.4800,0.000176
FILLER_130_3,VGND,li1,9.6600,364.4800,0.000176
FILLER_129_821,VGND,li1,383.8700,364.4800,0.000353
FILLER_129_809,VGND,li1,380.4200,364.4800,0.000353
FILLER_129_797,VGND,li1,374.9000,364.4800,0.000353
FILLER_129_785,VGND,li1,369.3800,364.4800,0.000353
FILLER_129_772,VGND,li1,363.4000,364.4800,0.000353
FILLER_129_760,VGND,li1,357.8800,364.4800,0.000353
FILLER_129_748,VGND,li1,352.3600,364.4800,0.000353
FILLER_129_741,VGND,li1,347.3000,364.4800,0.000353
FILLER_129_729,VGND,li1,343.6200,364.4800,0.000353
FILLER_129_716,VGND,li1,337.6400,364.4800,0.000352
FILLER_129_702,VGND,li1,328.6700,364.4800,0.000512
FILLER_129_698,VGND,li1,327.5200,364.4800,0.000576
FILLER_129_689,VGND,li1,323.8400,364.4800,0.000648
FILLER_129_663,VGND,li1,310.9600,364.4800,0.001094
FILLER_129_644,VGND,li1,301.9900,364.4800,0.001433
FILLER_129_635,VGND,li1,297.8500,364.4800,0.001543
FILLER_129_623,VGND,li1,294.8600,364.4800,0.001661
FILLER_129_613,VGND,li1,288.1900,364.4800,0.001854
FILLER_129_603,VGND,li1,283.5900,364.4800,0.001935
FILLER_129_589,VGND,li1,276.6900,364.4800,0.002023
FILLER_129_578,VGND,li1,272.3200,364.4800,0.002080
FILLER_129_549,VGND,li1,258.9800,364.4800,0.002193
FILLER_129_526,VGND,li1,248.1700,364.4800,0.002212
FILLER_129_502,VGND,li1,236.9000,364.4800,0.002231
FILLER_129_494,VGND,li1,234.6000,364.4800,0.002235
FILLER_129_481,VGND,li1,227.4700,364.4800,0.002147
FILLER_129_473,VGND,li1,224.9400,364.4800,0.002085
FILLER_129_461,VGND,li1,220.3400,364.4800,0.002009
FILLER_129_449,VGND,li1,214.8200,364.4800,0.001871
FILLER_129_447,VGND,li1,211.3700,364.4800,0.001790
FILLER_129_443,VGND,li1,210.2200,364.4800,0.001790
FILLER_129_424,VGND,li1,201.0200,364.4800,0.001513
FILLER_129_416,VGND,li1,198.7200,364.4800,0.001433
FILLER_129_401,VGND,li1,190.6700,364.4800,0.001181
FILLER_129_393,VGND,li1,188.1400,364.4800,0.001098
FILLER_129_388,VGND,li1,184.9200,364.4800,0.000917
FILLER_129_381,VGND,li1,181.7000,364.4800,0.000821
FILLER_129_370,VGND,li1,176.6400,364.4800,0.000705
FILLER_129_358,VGND,li1,172.9600,364.4800,0.000774
FILLER_129_352,VGND,li1,167.9000,364.4800,0.000848
FILLER_129_344,VGND,li1,165.6000,364.4800,0.000887
FILLER_129_335,VGND,li1,159.8500,364.4800,0.000986
FILLER_129_327,VGND,li1,157.7800,364.4800,0.001017
FILLER_129_315,VGND,li1,151.8000,364.4800,0.001102
FILLER_129_310,VGND,li1,148.5800,364.4800,0.001124
FILLER_129_293,VGND,li1,141.6800,364.4800,0.001176
FILLER_129_281,VGND,li1,137.5400,364.4800,0.001205
FILLER_129_279,VGND,li1,134.0900,364.4800,0.001231
FILLER_129_275,VGND,li1,132.9400,364.4800,0.001231
FILLER_129_261,VGND,li1,125.8100,364.4800,0.001248
FILLER_129_253,VGND,li1,122.1300,364.4800,0.001249
FILLER_129_245,VGND,li1,120.0600,364.4800,0.001247
FILLER_129_225,VGND,li1,111.7800,364.4800,0.001238
FILLER_129_220,VGND,li1,107.6400,364.4800,0.001230
FILLER_129_208,VGND,li1,103.9600,364.4800,0.001224
FILLER_129_199,VGND,li1,97.5200,364.4800,0.001179
FILLER_129_187,VGND,li1,94.3000,364.4800,0.001155
FILLER_129_177,VGND,li1,87.6300,364.4800,0.001093
FILLER_129_169,VGND,li1,85.1000,364.4800,0.001072
FILLER_129_167,VGND,li1,82.5700,364.4800,0.001038
FILLER_129_163,VGND,li1,81.4200,364.4800,0.001038
FILLER_129_151,VGND,li1,77.7400,364.4800,0.000992
FILLER_129_113,VGND,li1,58.1900,364.4800,0.000743
FILLER_129_111,VGND,li1,56.8100,364.4800,0.000706
FILLER_129_105,VGND,li1,55.2000,364.4800,0.000706
FILLER_129_93,VGND,li1,51.0600,364.4800,0.000633
FILLER_129_81,VGND,li1,45.5400,364.4800,0.000516
FILLER_129_69,VGND,li1,40.0200,364.4800,0.000439
FILLER_129_57,VGND,li1,34.5000,364.4800,0.000341
FILLER_129_55,VGND,li1,31.0500,364.4800,0.000260
FILLER_129_51,VGND,li1,29.9000,364.4800,0.000260
FILLER_129_39,VGND,li1,26.2200,364.4800,0.000176
FILLER_129_27,VGND,li1,20.7000,364.4800,0.000176
FILLER_129_15,VGND,li1,15.1800,364.4800,0.000176
FILLER_129_3,VGND,li1,9.6600,364.4800,0.000176
FILLER_128_821,VGND,li1,383.8700,359.0400,0.000110
FILLER_128_813,VGND,li1,381.3400,359.0400,0.000110
FILLER_128_811,VGND,li1,378.8100,359.0400,0.000110
FILLER_128_805,VGND,li1,377.2000,359.0400,0.000110
FILLER_128_793,VGND,li1,373.0600,359.0400,0.000110
FILLER_128_781,VGND,li1,367.5400,359.0400,0.000110
FILLER_128_769,VGND,li1,362.0200,359.0400,0.000110
FILLER_128_757,VGND,li1,356.5000,359.0400,0.000110
FILLER_128_735,VGND,li1,344.5400,359.0400,0.000110
FILLER_128_723,VGND,li1,338.5600,359.0400,0.000105
FILLER_128_715,VGND,li1,336.2600,359.0400,0.000103
FILLER_128_699,VGND,li1,327.2900,359.0400,0.000147
FILLER_128_693,VGND,li1,324.9900,359.0400,0.000162
FILLER_128_681,VGND,li1,321.5400,359.0400,0.000186
FILLER_128_672,VGND,li1,315.1000,359.0400,0.000244
FILLER_128_664,VGND,li1,312.8000,359.0400,0.000260
FILLER_128_652,VGND,li1,308.2000,359.0400,0.000293
FILLER_128_642,VGND,li1,301.3000,359.0400,0.000358
FILLER_128_636,VGND,li1,298.3100,359.0400,0.000377
FILLER_128_632,VGND,li1,297.1600,359.0400,0.000377
FILLER_128_618,VGND,li1,291.6400,359.0400,0.000416
FILLER_128_606,VGND,li1,287.0400,359.0400,0.000448
FILLER_128_594,VGND,li1,281.5200,359.0400,0.000487
FILLER_128_582,VGND,li1,274.6200,359.0400,0.000534
FILLER_128_570,VGND,li1,270.4800,359.0400,0.000567
FILLER_128_566,VGND,li1,266.1100,359.0400,0.000592
FILLER_128_558,VGND,li1,264.0400,359.0400,0.000617
FILLER_128_543,VGND,li1,258.0600,359.0400,0.000635
FILLER_128_531,VGND,li1,250.0100,359.0400,0.000647
FILLER_128_519,VGND,li1,247.0200,359.0400,0.000653
FILLER_128_501,VGND,li1,237.8200,359.0400,0.000664
FILLER_128_489,VGND,li1,233.2200,359.0400,0.000671
FILLER_128_477,VGND,li1,227.7000,359.0400,0.000656
FILLER_128_471,VGND,li1,222.6400,359.0400,0.000628
FILLER_128_459,VGND,li1,219.4200,359.0400,0.000617
FILLER_128_444,VGND,li1,209.9900,359.0400,0.000555
FILLER_128_433,VGND,li1,205.6200,359.0400,0.000502
FILLER_128_421,VGND,li1,201.9400,359.0400,0.000473
FILLER_128_417,VGND,li1,198.0300,359.0400,0.000420
FILLER_128_405,VGND,li1,194.5800,359.0400,0.000396
FILLER_128_393,VGND,li1,189.0600,359.0400,0.000326
FILLER_128_385,VGND,li1,183.5400,359.0400,0.000271
FILLER_128_370,VGND,li1,176.1800,359.0400,0.000243
FILLER_128_362,VGND,li1,172.5000,359.0400,0.000277
FILLER_128_349,VGND,li1,166.2900,359.0400,0.000302
FILLER_128_345,VGND,li1,165.1400,359.0400,0.000314
FILLER_128_333,VGND,li1,161.4600,359.0400,0.000327
FILLER_128_321,VGND,li1,155.9400,359.0400,0.000354
FILLER_128_309,VGND,li1,150.4200,359.0400,0.000378
FILLER_128_306,VGND,li1,146.7400,359.0400,0.000383
FILLER_128_288,VGND,li1,139.3800,359.0400,0.000390
FILLER_128_276,VGND,li1,135.2400,359.0400,0.000393
FILLER_128_265,VGND,li1,127.6500,359.0400,0.000392
FILLER_128_253,VGND,li1,124.6600,359.0400,0.000388
FILLER_128_244,VGND,li1,119.6000,359.0400,0.000380
FILLER_128_223,VGND,li1,109.9400,359.0400,0.000360
FILLER_128_211,VGND,li1,105.3400,359.0400,0.000350
FILLER_128_197,VGND,li1,97.9800,359.0400,0.000336
FILLER_128_194,VGND,li1,95.2200,359.0400,0.000328
FILLER_128_186,VGND,li1,92.9200,359.0400,0.000322
FILLER_128_180,VGND,li1,88.5500,359.0400,0.000308
FILLER_128_172,VGND,li1,86.4800,359.0400,0.000302
FILLER_128_160,VGND,li1,81.8800,359.0400,0.000288
FILLER_128_147,VGND,li1,74.0600,359.0400,0.000266
FILLER_128_141,VGND,li1,70.6100,359.0400,0.000251
FILLER_128_139,VGND,li1,69.6900,359.0400,0.000251
FILLER_128_131,VGND,li1,67.6200,359.0400,0.000244
FILLER_128_121,VGND,li1,62.1000,359.0400,0.000225
FILLER_128_109,VGND,li1,58.4200,359.0400,0.000204
FILLER_128_97,VGND,li1,52.9000,359.0400,0.000183
FILLER_128_85,VGND,li1,47.3800,359.0400,0.000156
FILLER_128_83,VGND,li1,43.9300,359.0400,0.000132
FILLER_128_77,VGND,li1,42.3200,359.0400,0.000132
FILLER_128_65,VGND,li1,38.1800,359.0400,0.000112
FILLER_128_53,VGND,li1,32.6600,359.0400,0.000085
FILLER_128_41,VGND,li1,27.1400,359.0400,0.000058
FILLER_128_29,VGND,li1,21.6200,359.0400,0.000049
FILLER_128_27,VGND,li1,18.1700,359.0400,0.000049
FILLER_128_15,VGND,li1,15.1800,359.0400,0.000049
FILLER_128_3,VGND,li1,9.6600,359.0400,0.000049
FILLER_127_821,VGND,li1,383.8700,359.0400,0.000110
FILLER_127_809,VGND,li1,380.4200,359.0400,0.000110
FILLER_127_797,VGND,li1,374.9000,359.0400,0.000110
FILLER_127_785,VGND,li1,369.3800,359.0400,0.000110
FILLER_127_783,VGND,li1,365.9300,359.0400,0.000110
FILLER_127_779,VGND,li1,364.7800,359.0400,0.000110
FILLER_127_767,VGND,li1,361.1000,359.0400,0.000110
FILLER_127_755,VGND,li1,355.5800,359.0400,0.000110
FILLER_127_748,VGND,li1,350.5200,359.0400,0.000110
FILLER_127_742,VGND,li1,347.0700,359.0400,0.000110
FILLER_127_736,VGND,li1,345.4600,359.0400,0.000110
FILLER_127_722,VGND,li1,339.0200,359.0400,0.000105
FILLER_127_714,VGND,li1,334.4200,359.0400,0.000101
FILLER_127_706,VGND,li1,332.1200,359.0400,0.000098
FILLER_127_700,VGND,li1,327.7500,359.0400,0.000147
FILLER_127_696,VGND,li1,326.6000,359.0400,0.000147
FILLER_127_685,VGND,li1,322.0000,359.0400,0.000186
FILLER_127_673,VGND,li1,317.8600,359.0400,0.000222
FILLER_127_671,VGND,li1,314.4100,359.0400,0.000244
FILLER_127_663,VGND,li1,312.3400,359.0400,0.000260
FILLER_127_649,VGND,li1,305.9000,359.0400,0.000311
FILLER_127_644,VGND,li1,301.9900,359.0400,0.000341
FILLER_127_638,VGND,li1,300.3800,359.0400,0.000358
FILLER_127_629,VGND,li1,295.3200,359.0400,0.000390
FILLER_127_617,VGND,li1,290.7200,359.0400,0.000434
FILLER_127_615,VGND,li1,288.6500,359.0400,0.000448
FILLER_127_609,VGND,li1,287.0400,359.0400,0.000448
FILLER_127_597,VGND,li1,282.9000,359.0400,0.000487
FILLER_127_584,VGND,li1,274.8500,359.0400,0.000534
FILLER_127_573,VGND,li1,269.7900,359.0400,0.000567
FILLER_127_561,VGND,li1,266.3400,359.0400,0.000592
FILLER_127_557,VGND,li1,262.4300,359.0400,0.000617
FILLER_127_549,VGND,li1,258.2900,359.0400,0.000635
FILLER_127_541,VGND,li1,256.2200,359.0400,0.000640
FILLER_127_529,VGND,li1,251.6200,359.0400,0.000647
FILLER_127_517,VGND,li1,246.1000,359.0400,0.000653
FILLER_127_505,VGND,li1,240.5800,359.0400,0.000661
FILLER_127_498,VGND,li1,235.9800,359.0400,0.000667
FILLER_127_490,VGND,li1,231.1500,359.0400,0.000666
FILLER_127_477,VGND,li1,225.1700,359.0400,0.000646
FILLER_127_469,VGND,li1,221.4900,359.0400,0.000628
FILLER_127_455,VGND,li1,215.0500,359.0400,0.000592
FILLER_127_449,VGND,li1,213.4400,359.0400,0.000572
FILLER_127_447,VGND,li1,211.3700,359.0400,0.000555
FILLER_127_439,VGND,li1,209.3000,359.0400,0.000538
FILLER_127_427,VGND,li1,204.7000,359.0400,0.000502
FILLER_127_420,VGND,li1,198.9500,359.0400,0.000442
FILLER_127_412,VGND,li1,196.8800,359.0400,0.000420
FILLER_127_400,VGND,li1,192.2800,359.0400,0.000371
FILLER_127_389,VGND,li1,185.1500,359.0400,0.000296
FILLER_127_381,VGND,li1,181.0100,359.0400,0.000251
FILLER_127_377,VGND,li1,179.8600,359.0400,0.000226
FILLER_127_365,VGND,li1,176.1800,359.0400,0.000243
FILLER_127_348,VGND,li1,168.3600,359.0400,0.000292
FILLER_127_333,VGND,li1,159.3900,359.0400,0.000337
FILLER_127_325,VGND,li1,156.8600,359.0400,0.000354
FILLER_127_312,VGND,li1,149.2700,359.0400,0.000378
FILLER_127_306,VGND,li1,147.6600,359.0400,0.000380
FILLER_127_294,VGND,li1,143.5200,359.0400,0.000387
FILLER_127_281,VGND,li1,135.2400,359.0400,0.000393
FILLER_127_278,VGND,li1,133.8600,359.0400,0.000393
FILLER_127_266,VGND,li1,130.6400,359.0400,0.000395
FILLER_127_254,VGND,li1,125.1200,359.0400,0.000388
FILLER_127_247,VGND,li1,119.8300,359.0400,0.000380
FILLER_127_239,VGND,li1,117.3000,359.0400,0.000375
FILLER_127_225,VGND,li1,109.4800,359.0400,0.000360
FILLER_127_211,VGND,li1,103.9600,359.0400,0.000350
FILLER_127_199,VGND,li1,99.8200,359.0400,0.000341
FILLER_127_187,VGND,li1,94.3000,359.0400,0.000322
FILLER_127_183,VGND,li1,89.9300,359.0400,0.000308
FILLER_127_177,VGND,li1,88.3200,359.0400,0.000308
FILLER_127_164,VGND,li1,81.1900,359.0400,0.000288
FILLER_127_156,VGND,li1,79.1200,359.0400,0.000279
FILLER_127_144,VGND,li1,74.5200,359.0400,0.000266
FILLER_127_132,VGND,li1,69.0000,359.0400,0.000244
FILLER_127_120,VGND,li1,63.4800,359.0400,0.000225
FILLER_127_111,VGND,li1,56.8100,359.0400,0.000194
FILLER_127_105,VGND,li1,55.2000,359.0400,0.000194
FILLER_127_93,VGND,li1,51.0600,359.0400,0.000174
FILLER_127_81,VGND,li1,45.5400,359.0400,0.000142
FILLER_127_69,VGND,li1,40.0200,359.0400,0.000121
FILLER_127_57,VGND,li1,34.5000,359.0400,0.000094
FILLER_127_55,VGND,li1,31.0500,359.0400,0.000072
FILLER_127_51,VGND,li1,29.9000,359.0400,0.000072
FILLER_127_39,VGND,li1,26.2200,359.0400,0.000049
FILLER_127_27,VGND,li1,20.7000,359.0400,0.000049
FILLER_127_15,VGND,li1,15.1800,359.0400,0.000049
FILLER_127_3,VGND,li1,9.6600,359.0400,0.000049
FILLER_126_821,VGND,li1,383.8700,353.6000,0.000328
FILLER_126_813,VGND,li1,381.3400,353.6000,0.000327
FILLER_126_811,VGND,li1,378.8100,353.6000,0.000324
FILLER_126_805,VGND,li1,377.2000,353.6000,0.000324
FILLER_126_793,VGND,li1,373.0600,353.6000,0.000321
FILLER_126_781,VGND,li1,367.5400,353.6000,0.000318
FILLER_126_769,VGND,li1,362.0200,353.6000,0.000314
FILLER_126_757,VGND,li1,356.5000,353.6000,0.000310
FILLER_126_754,VGND,li1,352.8200,353.6000,0.000305
FILLER_126_746,VGND,li1,350.5200,353.6000,0.000302
FILLER_126_734,VGND,li1,345.9200,353.6000,0.000293
FILLER_126_717,VGND,li1,335.5700,353.6000,0.000251
FILLER_126_713,VGND,li1,334.4200,353.6000,0.000251
FILLER_126_701,VGND,li1,330.7400,353.6000,0.000231
FILLER_126_697,VGND,li1,326.8300,353.6000,0.000295
FILLER_126_689,VGND,li1,322.6900,353.6000,0.000360
FILLER_126_683,VGND,li1,319.9300,353.6000,0.000402
FILLER_126_677,VGND,li1,318.3200,353.6000,0.000426
FILLER_126_665,VGND,li1,314.1800,353.6000,0.000475
FILLER_126_652,VGND,li1,306.8200,353.6000,0.000558
FILLER_126_642,VGND,li1,301.3000,353.6000,0.000603
FILLER_126_634,VGND,li1,299.0000,353.6000,0.000615
FILLER_126_607,VGND,li1,284.9700,353.6000,0.000676
FILLER_126_601,VGND,li1,283.3600,353.6000,0.000676
FILLER_126_589,VGND,li1,279.2200,353.6000,0.000683
FILLER_126_582,VGND,li1,274.6200,353.6000,0.000686
FILLER_126_573,VGND,li1,269.5600,353.6000,0.000689
FILLER_126_562,VGND,li1,264.9600,353.6000,0.000689
FILLER_126_550,VGND,li1,261.2800,353.6000,0.000689
FILLER_126_545,VGND,li1,256.4500,353.6000,0.000683
FILLER_126_533,VGND,li1,253.4600,353.6000,0.000676
FILLER_126_528,VGND,li1,249.3200,353.6000,0.000668
FILLER_126_504,VGND,li1,237.8200,353.6000,0.000632
FILLER_126_492,VGND,li1,234.6000,353.6000,0.000621
FILLER_126_485,VGND,li1,229.3100,353.6000,0.000601
FILLER_126_477,VGND,li1,226.7800,353.6000,0.000585
FILLER_126_475,VGND,li1,224.2500,353.6000,0.000549
FILLER_126_469,VGND,li1,222.6400,353.6000,0.000549
FILLER_126_450,VGND,li1,213.9000,353.6000,0.000471
FILLER_126_438,VGND,li1,209.7600,353.6000,0.000425
FILLER_126_399,VGND,li1,189.7500,353.6000,0.000244
FILLER_126_391,VGND,li1,187.2200,353.6000,0.000219
FILLER_126_384,VGND,li1,182.6200,353.6000,0.000173
FILLER_126_372,VGND,li1,179.4000,353.6000,0.000127
FILLER_126_345,VGND,li1,166.0600,353.6000,0.000158
FILLER_126_332,VGND,li1,158.4700,353.6000,0.000177
FILLER_126_328,VGND,li1,157.3200,353.6000,0.000177
FILLER_126_313,VGND,li1,151.3400,353.6000,0.000190
FILLER_126_307,VGND,li1,146.9700,353.6000,0.000199
FILLER_126_301,VGND,li1,145.3600,353.6000,0.000204
FILLER_126_289,VGND,li1,141.2200,353.6000,0.000210
FILLER_126_275,VGND,li1,132.4800,353.6000,0.000226
FILLER_126_267,VGND,li1,130.1800,353.6000,0.000230
FILLER_126_248,VGND,li1,119.8300,353.6000,0.000246
FILLER_126_240,VGND,li1,117.7600,353.6000,0.000250
FILLER_126_234,VGND,li1,113.3900,353.6000,0.000257
FILLER_126_230,VGND,li1,112.2400,353.6000,0.000257
FILLER_126_216,VGND,li1,105.5700,353.6000,0.000269
FILLER_126_201,VGND,li1,98.2100,353.6000,0.000269
FILLER_126_197,VGND,li1,97.0600,353.6000,0.000266
FILLER_126_194,VGND,li1,95.2200,353.6000,0.000263
FILLER_126_184,VGND,li1,90.3900,353.6000,0.000258
FILLER_126_176,VGND,li1,86.7100,353.6000,0.000253
FILLER_126_157,VGND,li1,78.2000,353.6000,0.000239
FILLER_126_141,VGND,li1,70.8400,353.6000,0.000222
FILLER_126_139,VGND,li1,69.6900,353.6000,0.000222
FILLER_126_130,VGND,li1,65.7800,353.6000,0.000212
FILLER_126_118,VGND,li1,62.5600,353.6000,0.000207
FILLER_126_85,VGND,li1,47.3800,353.6000,0.000149
FILLER_126_83,VGND,li1,43.9300,353.6000,0.000125
FILLER_126_77,VGND,li1,42.3200,353.6000,0.000125
FILLER_126_65,VGND,li1,38.1800,353.6000,0.000106
FILLER_126_53,VGND,li1,32.6600,353.6000,0.000081
FILLER_126_41,VGND,li1,27.1400,353.6000,0.000055
FILLER_126_29,VGND,li1,21.6200,353.6000,0.000046
FILLER_126_27,VGND,li1,18.1700,353.6000,0.000046
FILLER_126_15,VGND,li1,15.1800,353.6000,0.000046
FILLER_126_3,VGND,li1,9.6600,353.6000,0.000046
FILLER_125_817,VGND,li1,382.0300,353.6000,0.000327
FILLER_125_809,VGND,li1,379.5000,353.6000,0.000325
FILLER_125_797,VGND,li1,374.9000,353.6000,0.000323
FILLER_125_785,VGND,li1,369.3800,353.6000,0.000319
FILLER_125_781,VGND,li1,365.4700,353.6000,0.000316
FILLER_125_769,VGND,li1,362.0200,353.6000,0.000314
FILLER_125_762,VGND,li1,356.2700,353.6000,0.000310
FILLER_125_754,VGND,li1,354.2000,353.6000,0.000305
FILLER_125_745,VGND,li1,348.4500,353.6000,0.000298
FILLER_125_738,VGND,li1,345.6900,353.6000,0.000293
FILLER_125_726,VGND,li1,339.9400,353.6000,0.000280
FILLER_125_713,VGND,li1,334.1900,353.6000,0.000251
FILLER_125_702,VGND,li1,328.6700,353.6000,0.000265
FILLER_125_670,VGND,li1,314.1800,353.6000,0.000475
FILLER_125_662,VGND,li1,311.8800,353.6000,0.000502
FILLER_125_654,VGND,li1,306.5900,353.6000,0.000558
FILLER_125_650,VGND,li1,305.4400,353.6000,0.000582
FILLER_125_641,VGND,li1,300.6100,353.6000,0.000615
FILLER_125_637,VGND,li1,299.4600,353.6000,0.000615
FILLER_125_625,VGND,li1,295.7800,353.6000,0.000633
FILLER_125_614,VGND,li1,288.4200,353.6000,0.000665
FILLER_125_589,VGND,li1,277.8400,353.6000,0.000683
FILLER_125_579,VGND,li1,272.5500,353.6000,0.000688
FILLER_125_561,VGND,li1,265.4200,353.6000,0.000689
FILLER_125_557,VGND,li1,262.4300,353.6000,0.000689
FILLER_125_547,VGND,li1,257.8300,353.6000,0.000686
FILLER_125_532,VGND,li1,250.4700,353.6000,0.000668
FILLER_125_524,VGND,li1,247.0200,353.6000,0.000662
FILLER_125_516,VGND,li1,244.7200,353.6000,0.000656
FILLER_125_505,VGND,li1,239.2000,353.6000,0.000632
FILLER_125_492,VGND,li1,234.6000,353.6000,0.000621
FILLER_125_473,VGND,li1,224.4800,353.6000,0.000565
FILLER_125_461,VGND,li1,220.3400,353.6000,0.000519
FILLER_125_449,VGND,li1,214.8200,353.6000,0.000471
FILLER_125_444,VGND,li1,210.6800,353.6000,0.000442
FILLER_125_430,VGND,li1,203.7800,353.6000,0.000378
FILLER_125_418,VGND,li1,199.1800,353.6000,0.000320
FILLER_125_397,VGND,li1,188.3700,353.6000,0.000219
FILLER_125_393,VGND,li1,187.2200,353.6000,0.000219
FILLER_125_389,VGND,li1,185.1500,353.6000,0.000198
FILLER_125_381,VGND,li1,182.6200,353.6000,0.000173
FILLER_125_369,VGND,li1,178.0200,353.6000,0.000127
FILLER_125_357,VGND,li1,170.2000,353.6000,0.000148
FILLER_125_349,VGND,li1,167.9000,353.6000,0.000153
FILLER_125_337,VGND,li1,163.3000,353.6000,0.000165
FILLER_125_335,VGND,li1,159.8500,353.6000,0.000172
FILLER_125_331,VGND,li1,158.7000,353.6000,0.000177
FILLER_125_319,VGND,li1,155.0200,353.6000,0.000183
FILLER_125_308,VGND,li1,147.4300,353.6000,0.000199
FILLER_125_296,VGND,li1,144.4400,353.6000,0.000204
FILLER_125_284,VGND,li1,138.9200,353.6000,0.000217
FILLER_125_279,VGND,li1,134.0900,353.6000,0.000226
FILLER_125_267,VGND,li1,131.1000,353.6000,0.000230
FILLER_125_261,VGND,li1,125.8100,353.6000,0.000237
FILLER_125_249,VGND,li1,122.8200,353.6000,0.000243
FILLER_125_237,VGND,li1,117.3000,353.6000,0.000250
FILLER_125_225,VGND,li1,111.7800,353.6000,0.000260
FILLER_125_212,VGND,li1,105.8000,353.6000,0.000266
FILLER_125_199,VGND,li1,97.5200,353.6000,0.000266
FILLER_125_187,VGND,li1,94.3000,353.6000,0.000263
FILLER_125_175,VGND,li1,88.7800,353.6000,0.000256
FILLER_125_161,VGND,li1,79.8100,353.6000,0.000239
FILLER_125_155,VGND,li1,78.2000,353.6000,0.000239
FILLER_125_143,VGND,li1,71.9900,353.6000,0.000227
FILLER_125_135,VGND,li1,69.4600,353.6000,0.000219
FILLER_125_123,VGND,li1,64.8600,353.6000,0.000212
FILLER_125_113,VGND,li1,58.1900,353.6000,0.000189
FILLER_125_111,VGND,li1,56.8100,353.6000,0.000189
FILLER_125_105,VGND,li1,55.2000,353.6000,0.000182
FILLER_125_93,VGND,li1,51.0600,353.6000,0.000166
FILLER_125_81,VGND,li1,45.5400,353.6000,0.000135
FILLER_125_69,VGND,li1,40.0200,353.6000,0.000115
FILLER_125_57,VGND,li1,34.5000,353.6000,0.000089
FILLER_125_55,VGND,li1,31.0500,353.6000,0.000068
FILLER_125_51,VGND,li1,29.9000,353.6000,0.000068
FILLER_125_39,VGND,li1,26.2200,353.6000,0.000046
FILLER_125_27,VGND,li1,20.7000,353.6000,0.000046
FILLER_125_15,VGND,li1,15.1800,353.6000,0.000046
FILLER_125_3,VGND,li1,9.6600,353.6000,0.000046
FILLER_124_819,VGND,li1,382.4900,348.1600,0.000405
FILLER_124_813,VGND,li1,380.8800,348.1600,0.000403
FILLER_124_806,VGND,li1,377.6600,348.1600,0.000400
FILLER_124_794,VGND,li1,373.5200,348.1600,0.000394
FILLER_124_771,VGND,li1,360.8700,348.1600,0.000374
FILLER_124_754,VGND,li1,352.8200,348.1600,0.000353
FILLER_124_732,VGND,li1,342.4700,348.1600,0.000296
FILLER_124_726,VGND,li1,340.8600,348.1600,0.000296
FILLER_124_714,VGND,li1,336.7200,348.1600,0.000270
FILLER_124_701,VGND,li1,328.4400,348.1600,0.000316
FILLER_124_697,VGND,li1,326.8300,348.1600,0.000316
FILLER_124_676,VGND,li1,316.9400,348.1600,0.000459
FILLER_124_668,VGND,li1,314.6400,348.1600,0.000499
FILLER_124_656,VGND,li1,310.0400,348.1600,0.000557
FILLER_124_640,VGND,li1,300.8400,348.1600,0.000622
FILLER_124_628,VGND,li1,297.1600,348.1600,0.000643
FILLER_124_617,VGND,li1,289.5700,348.1600,0.000667
FILLER_124_613,VGND,li1,288.4200,348.1600,0.000667
FILLER_124_601,VGND,li1,284.7400,348.1600,0.000660
FILLER_124_589,VGND,li1,279.2200,348.1600,0.000651
FILLER_124_587,VGND,li1,275.7700,348.1600,0.000644
FILLER_124_583,VGND,li1,274.6200,348.1600,0.000640
FILLER_124_571,VGND,li1,270.9400,348.1600,0.000632
FILLER_124_559,VGND,li1,265.4200,348.1600,0.000622
FILLER_124_547,VGND,li1,259.9000,348.1600,0.000591
FILLER_124_540,VGND,li1,254.1500,348.1600,0.000564
FILLER_124_536,VGND,li1,253.0000,348.1600,0.000564
FILLER_124_531,VGND,li1,250.0100,348.1600,0.000548
FILLER_124_522,VGND,li1,246.1000,348.1600,0.000527
FILLER_124_514,VGND,li1,243.8000,348.1600,0.000515
FILLER_124_502,VGND,li1,239.2000,348.1600,0.000490
FILLER_124_494,VGND,li1,232.9900,348.1600,0.000449
FILLER_124_490,VGND,li1,231.8400,348.1600,0.000449
FILLER_124_477,VGND,li1,226.3200,348.1600,0.000417
FILLER_124_474,VGND,li1,224.0200,348.1600,0.000403
FILLER_124_462,VGND,li1,220.8000,348.1600,0.000374
FILLER_124_456,VGND,li1,215.5100,348.1600,0.000344
FILLER_124_452,VGND,li1,214.3600,348.1600,0.000344
FILLER_124_433,VGND,li1,205.1600,348.1600,0.000283
FILLER_124_421,VGND,li1,201.9400,348.1600,0.000261
FILLER_124_418,VGND,li1,198.2600,348.1600,0.000227
FILLER_124_404,VGND,li1,192.2800,348.1600,0.000195
FILLER_124_392,VGND,li1,188.6000,348.1600,0.000169
FILLER_124_365,VGND,li1,176.1800,348.1600,0.000092
FILLER_124_363,VGND,li1,172.7300,348.1600,0.000095
FILLER_124_357,VGND,li1,171.1200,348.1600,0.000098
FILLER_124_345,VGND,li1,166.9800,348.1600,0.000106
FILLER_124_335,VGND,li1,160.5400,348.1600,0.000113
FILLER_124_323,VGND,li1,156.8600,348.1600,0.000119
FILLER_124_316,VGND,li1,151.1100,348.1600,0.000125
FILLER_124_312,VGND,li1,149.9600,348.1600,0.000129
FILLER_124_307,VGND,li1,146.9700,348.1600,0.000132
FILLER_124_303,VGND,li1,145.8200,348.1600,0.000132
FILLER_124_294,VGND,li1,140.9900,348.1600,0.000137
FILLER_124_253,VGND,li1,122.1300,348.1600,0.000150
FILLER_124_251,VGND,li1,121.2100,348.1600,0.000151
FILLER_124_239,VGND,li1,117.3000,348.1600,0.000152
FILLER_124_221,VGND,li1,109.9400,348.1600,0.000153
FILLER_124_209,VGND,li1,104.4200,348.1600,0.000154
FILLER_124_197,VGND,li1,98.9000,348.1600,0.000154
FILLER_124_195,VGND,li1,95.4500,348.1600,0.000153
FILLER_124_189,VGND,li1,93.8400,348.1600,0.000152
FILLER_124_177,VGND,li1,89.7000,348.1600,0.000151
FILLER_124_165,VGND,li1,82.8000,348.1600,0.000148
FILLER_124_153,VGND,li1,78.6600,348.1600,0.000146
FILLER_124_141,VGND,li1,73.1400,348.1600,0.000143
FILLER_124_134,VGND,li1,68.5400,348.1600,0.000137
FILLER_124_122,VGND,li1,64.4000,348.1600,0.000129
FILLER_124_117,VGND,li1,59.5700,348.1600,0.000121
FILLER_124_109,VGND,li1,57.5000,348.1600,0.000116
FILLER_124_97,VGND,li1,52.9000,348.1600,0.000104
FILLER_124_85,VGND,li1,47.3800,348.1600,0.000089
FILLER_124_83,VGND,li1,43.9300,348.1600,0.000075
FILLER_124_77,VGND,li1,42.3200,348.1600,0.000075
FILLER_124_65,VGND,li1,38.1800,348.1600,0.000064
FILLER_124_53,VGND,li1,32.6600,348.1600,0.000048
FILLER_124_41,VGND,li1,27.1400,348.1600,0.000033
FILLER_124_29,VGND,li1,21.6200,348.1600,0.000028
FILLER_124_27,VGND,li1,18.1700,348.1600,0.000028
FILLER_124_15,VGND,li1,15.1800,348.1600,0.000028
FILLER_124_3,VGND,li1,9.6600,348.1600,0.000028
FILLER_123_803,VGND,li1,375.1300,348.1600,0.000394
FILLER_123_797,VGND,li1,373.5200,348.1600,0.000394
FILLER_123_785,VGND,li1,369.3800,348.1600,0.000389
FILLER_123_783,VGND,li1,365.9300,348.1600,0.000383
FILLER_123_779,VGND,li1,364.7800,348.1600,0.000383
FILLER_123_767,VGND,li1,361.1000,348.1600,0.000374
FILLER_123_754,VGND,li1,353.7400,348.1600,0.000353
FILLER_123_739,VGND,li1,345.6900,348.1600,0.000324
FILLER_123_735,VGND,li1,343.8500,348.1600,0.000314
FILLER_123_729,VGND,li1,342.2400,348.1600,0.000296
FILLER_123_727,VGND,li1,340.1700,348.1600,0.000285
FILLER_123_723,VGND,li1,339.0200,348.1600,0.000285
FILLER_123_697,VGND,li1,326.8300,348.1600,0.000316
FILLER_123_689,VGND,li1,324.3000,348.1600,0.000353
FILLER_123_673,VGND,li1,316.4800,348.1600,0.000459
FILLER_123_671,VGND,li1,314.4100,348.1600,0.000499
FILLER_123_667,VGND,li1,313.2600,348.1600,0.000499
FILLER_123_658,VGND,li1,308.4300,348.1600,0.000557
FILLER_123_639,VGND,li1,300.8400,348.1600,0.000622
FILLER_123_627,VGND,li1,296.7000,348.1600,0.000643
FILLER_123_603,VGND,li1,283.5900,348.1600,0.000660
FILLER_123_591,VGND,li1,280.1400,348.1600,0.000651
FILLER_123_581,VGND,li1,273.7000,348.1600,0.000640
FILLER_123_569,VGND,li1,270.0200,348.1600,0.000632
FILLER_123_544,VGND,li1,258.5200,348.1600,0.000591
FILLER_123_537,VGND,li1,253.2300,348.1600,0.000564
FILLER_123_525,VGND,li1,249.7800,348.1600,0.000539
FILLER_123_505,VGND,li1,238.5100,348.1600,0.000479
FILLER_123_503,VGND,li1,237.1300,348.1600,0.000479
FILLER_123_495,VGND,li1,235.0600,348.1600,0.000466
FILLER_123_488,VGND,li1,230.2300,348.1600,0.000435
FILLER_123_472,VGND,li1,224.0200,348.1600,0.000403
FILLER_123_464,VGND,li1,219.1900,348.1600,0.000374
FILLER_123_449,VGND,li1,212.5200,348.1600,0.000328
FILLER_123_441,VGND,li1,208.6100,348.1600,0.000296
FILLER_123_435,VGND,li1,207.0000,348.1600,0.000296
FILLER_123_423,VGND,li1,202.8600,348.1600,0.000261
FILLER_123_416,VGND,li1,197.1100,348.1600,0.000227
FILLER_123_410,VGND,li1,195.5000,348.1600,0.000211
FILLER_123_406,VGND,li1,192.5100,348.1600,0.000195
FILLER_123_389,VGND,li1,185.1500,348.1600,0.000141
FILLER_123_370,VGND,li1,176.1800,348.1600,0.000092
FILLER_123_359,VGND,li1,170.8900,348.1600,0.000098
FILLER_123_337,VGND,li1,160.7700,348.1600,0.000113
FILLER_123_331,VGND,li1,158.0100,348.1600,0.000116
FILLER_123_323,VGND,li1,154.3300,348.1600,0.000121
FILLER_123_307,VGND,li1,147.2000,348.1600,0.000132
FILLER_123_288,VGND,li1,138.4600,348.1600,0.000139
FILLER_123_278,VGND,li1,133.8600,348.1600,0.000143
FILLER_123_270,VGND,li1,131.5600,348.1600,0.000145
FILLER_123_256,VGND,li1,123.7400,348.1600,0.000150
FILLER_123_238,VGND,li1,115.4600,348.1600,0.000153
FILLER_123_225,VGND,li1,109.2500,348.1600,0.000153
FILLER_123_217,VGND,li1,106.0300,348.1600,0.000154
FILLER_123_209,VGND,li1,103.5000,348.1600,0.000154
FILLER_123_190,VGND,li1,95.6800,348.1600,0.000153
FILLER_123_173,VGND,li1,85.3300,348.1600,0.000149
FILLER_123_167,VGND,li1,82.5700,348.1600,0.000148
FILLER_123_163,VGND,li1,81.4200,348.1600,0.000148
FILLER_123_145,VGND,li1,74.9800,348.1600,0.000144
FILLER_123_132,VGND,li1,67.6200,348.1600,0.000137
FILLER_123_120,VGND,li1,63.4800,348.1600,0.000129
FILLER_123_111,VGND,li1,56.8100,348.1600,0.000111
FILLER_123_105,VGND,li1,55.2000,348.1600,0.000111
FILLER_123_93,VGND,li1,51.0600,348.1600,0.000099
FILLER_123_81,VGND,li1,45.5400,348.1600,0.000081
FILLER_123_69,VGND,li1,40.0200,348.1600,0.000069
FILLER_123_57,VGND,li1,34.5000,348.1600,0.000053
FILLER_123_55,VGND,li1,31.0500,348.1600,0.000041
FILLER_123_51,VGND,li1,29.9000,348.1600,0.000041
FILLER_123_39,VGND,li1,26.2200,348.1600,0.000028
FILLER_123_27,VGND,li1,20.7000,348.1600,0.000028
FILLER_123_15,VGND,li1,15.1800,348.1600,0.000028
FILLER_123_3,VGND,li1,9.6600,348.1600,0.000028
FILLER_122_821,VGND,li1,383.8700,342.7200,0.000178
FILLER_122_813,VGND,li1,381.3400,342.7200,0.000176
FILLER_122_811,VGND,li1,378.8100,342.7200,0.000173
FILLER_122_805,VGND,li1,377.2000,342.7200,0.000173
FILLER_122_793,VGND,li1,373.0600,342.7200,0.000171
FILLER_122_781,VGND,li1,367.5400,342.7200,0.000167
FILLER_122_769,VGND,li1,362.0200,342.7200,0.000163
FILLER_122_757,VGND,li1,356.5000,342.7200,0.000157
FILLER_122_748,VGND,li1,351.4400,342.7200,0.000150
FILLER_122_736,VGND,li1,346.8400,342.7200,0.000143
FILLER_122_717,VGND,li1,336.7200,342.7200,0.000120
FILLER_122_696,VGND,li1,326.6000,342.7200,0.000134
FILLER_122_674,VGND,li1,315.7900,342.7200,0.000199
FILLER_122_663,VGND,li1,310.7300,342.7200,0.000214
FILLER_122_657,VGND,li1,309.1200,342.7200,0.000221
FILLER_122_645,VGND,li1,304.9800,342.7200,0.000238
FILLER_122_643,VGND,li1,301.5300,342.7200,0.000248
FILLER_122_639,VGND,li1,300.3800,342.7200,0.000248
FILLER_122_631,VGND,li1,296.0100,342.7200,0.000265
FILLER_122_625,VGND,li1,294.4000,342.7200,0.000273
FILLER_122_613,VGND,li1,290.2600,342.7200,0.000281
FILLER_122_603,VGND,li1,283.5900,342.7200,0.000296
FILLER_122_595,VGND,li1,281.0600,342.7200,0.000295
FILLER_122_579,VGND,li1,272.3200,342.7200,0.000292
FILLER_122_566,VGND,li1,267.7200,342.7200,0.000289
FILLER_122_558,VGND,li1,262.8900,342.7200,0.000285
FILLER_122_548,VGND,li1,258.2900,342.7200,0.000276
FILLER_122_520,VGND,li1,247.4800,342.7200,0.000249
FILLER_122_502,VGND,li1,237.3600,342.7200,0.000225
FILLER_122_485,VGND,li1,229.3100,342.7200,0.000209
FILLER_122_477,VGND,li1,226.7800,342.7200,0.000202
FILLER_122_475,VGND,li1,224.2500,342.7200,0.000195
FILLER_122_463,VGND,li1,221.2600,342.7200,0.000186
FILLER_122_454,VGND,li1,215.0500,342.7200,0.000172
FILLER_122_442,VGND,li1,211.6000,342.7200,0.000163
FILLER_122_435,VGND,li1,206.5400,342.7200,0.000149
FILLER_122_401,VGND,li1,192.7400,342.7200,0.000107
FILLER_122_376,VGND,li1,178.7100,342.7200,0.000066
FILLER_122_350,VGND,li1,166.9800,342.7200,0.000101
FILLER_122_325,VGND,li1,157.7800,342.7200,0.000131
FILLER_122_317,VGND,li1,152.0300,342.7200,0.000146
FILLER_122_309,VGND,li1,149.5000,342.7200,0.000154
FILLER_122_307,VGND,li1,146.9700,342.7200,0.000166
FILLER_122_301,VGND,li1,145.3600,342.7200,0.000166
FILLER_122_286,VGND,li1,137.5400,342.7200,0.000188
FILLER_122_274,VGND,li1,134.3200,342.7200,0.000199
FILLER_122_262,VGND,li1,128.8000,342.7200,0.000209
FILLER_122_253,VGND,li1,122.3600,342.7200,0.000214
FILLER_122_250,VGND,li1,120.9800,342.7200,0.000214
FILLER_122_238,VGND,li1,116.3800,342.7200,0.000218
FILLER_122_227,VGND,li1,110.8600,342.7200,0.000222
FILLER_122_210,VGND,li1,102.8100,342.7200,0.000228
FILLER_122_189,VGND,li1,92.9200,342.7200,0.000230
FILLER_122_179,VGND,li1,88.5500,342.7200,0.000228
FILLER_122_153,VGND,li1,76.5900,342.7200,0.000222
FILLER_122_138,VGND,li1,69.4600,342.7200,0.000215
FILLER_122_130,VGND,li1,65.7800,342.7200,0.000207
FILLER_122_122,VGND,li1,63.4800,342.7200,0.000200
FILLER_122_103,VGND,li1,53.1300,342.7200,0.000165
FILLER_122_97,VGND,li1,51.5200,342.7200,0.000153
FILLER_122_85,VGND,li1,47.3800,342.7200,0.000142
FILLER_122_83,VGND,li1,43.9300,342.7200,0.000128
FILLER_122_77,VGND,li1,42.3200,342.7200,0.000118
FILLER_122_65,VGND,li1,38.1800,342.7200,0.000102
FILLER_122_53,VGND,li1,32.6600,342.7200,0.000078
FILLER_122_41,VGND,li1,27.1400,342.7200,0.000053
FILLER_122_29,VGND,li1,21.6200,342.7200,0.000044
FILLER_122_27,VGND,li1,18.1700,342.7200,0.000044
FILLER_122_15,VGND,li1,15.1800,342.7200,0.000044
FILLER_122_3,VGND,li1,9.6600,342.7200,0.000044
FILLER_121_817,VGND,li1,382.0300,342.7200,0.000176
FILLER_121_809,VGND,li1,379.5000,342.7200,0.000175
FILLER_121_797,VGND,li1,374.9000,342.7200,0.000172
FILLER_121_785,VGND,li1,369.3800,342.7200,0.000168
FILLER_121_783,VGND,li1,365.9300,342.7200,0.000165
FILLER_121_779,VGND,li1,364.7800,342.7200,0.000165
FILLER_121_771,VGND,li1,360.4100,342.7200,0.000160
FILLER_121_756,VGND,li1,353.9700,342.7200,0.000153
FILLER_121_748,VGND,li1,351.4400,342.7200,0.000150
FILLER_121_734,VGND,li1,344.5400,342.7200,0.000139
FILLER_121_727,VGND,li1,340.1700,342.7200,0.000126
FILLER_121_721,VGND,li1,338.5600,342.7200,0.000126
FILLER_121_698,VGND,li1,327.9800,342.7200,0.000134
FILLER_121_686,VGND,li1,323.8400,342.7200,0.000151
FILLER_121_681,VGND,li1,319.2400,342.7200,0.000176
FILLER_121_673,VGND,li1,316.9400,342.7200,0.000188
FILLER_121_671,VGND,li1,314.4100,342.7200,0.000206
FILLER_121_665,VGND,li1,312.8000,342.7200,0.000206
FILLER_121_653,VGND,li1,308.6600,342.7200,0.000221
FILLER_121_647,VGND,li1,303.3700,342.7200,0.000238
FILLER_121_617,VGND,li1,290.7200,342.7200,0.000281
FILLER_121_612,VGND,li1,287.9600,342.7200,0.000288
FILLER_121_601,VGND,li1,282.9000,342.7200,0.000296
FILLER_121_586,VGND,li1,275.5400,342.7200,0.000294
FILLER_121_565,VGND,li1,265.6500,342.7200,0.000288
FILLER_121_561,VGND,li1,264.5000,342.7200,0.000285
FILLER_121_554,VGND,li1,261.7400,342.7200,0.000280
FILLER_121_542,VGND,li1,255.7600,342.7200,0.000270
FILLER_121_527,VGND,li1,248.6300,342.7200,0.000255
FILLER_121_519,VGND,li1,246.1000,342.7200,0.000249
FILLER_121_505,VGND,li1,239.2000,342.7200,0.000233
FILLER_121_503,VGND,li1,237.1300,342.7200,0.000225
FILLER_121_499,VGND,li1,235.9800,342.7200,0.000225
FILLER_121_481,VGND,li1,228.1600,342.7200,0.000202
FILLER_121_469,VGND,li1,224.0200,342.7200,0.000195
FILLER_121_461,VGND,li1,218.5000,342.7200,0.000178
FILLER_121_449,VGND,li1,214.8200,342.7200,0.000172
FILLER_121_447,VGND,li1,211.3700,342.7200,0.000163
FILLER_121_441,VGND,li1,209.7600,342.7200,0.000154
FILLER_121_435,VGND,li1,206.3100,342.7200,0.000149
FILLER_121_427,VGND,li1,203.7800,342.7200,0.000142
FILLER_121_413,VGND,li1,197.3400,342.7200,0.000124
FILLER_121_399,VGND,li1,189.2900,342.7200,0.000097
FILLER_121_393,VGND,li1,187.6800,342.7200,0.000097
FILLER_121_391,VGND,li1,185.6100,342.7200,0.000091
FILLER_121_379,VGND,li1,180.0900,342.7200,0.000074
FILLER_121_371,VGND,li1,178.0200,342.7200,0.000066
FILLER_121_357,VGND,li1,170.4300,342.7200,0.000090
FILLER_121_349,VGND,li1,167.9000,342.7200,0.000101
FILLER_121_337,VGND,li1,163.3000,342.7200,0.000116
FILLER_121_334,VGND,li1,159.6200,342.7200,0.000124
FILLER_121_326,VGND,li1,157.3200,342.7200,0.000131
FILLER_121_314,VGND,li1,152.7200,342.7200,0.000146
FILLER_121_305,VGND,li1,146.7400,342.7200,0.000166
FILLER_121_293,VGND,li1,143.0600,342.7200,0.000172
FILLER_121_281,VGND,li1,137.5400,342.7200,0.000188
FILLER_121_277,VGND,li1,133.6300,342.7200,0.000199
FILLER_121_269,VGND,li1,129.4900,342.7200,0.000207
FILLER_121_261,VGND,li1,127.4200,342.7200,0.000209
FILLER_121_249,VGND,li1,122.8200,342.7200,0.000213
FILLER_121_237,VGND,li1,117.3000,342.7200,0.000218
FILLER_121_225,VGND,li1,111.7800,342.7200,0.000222
FILLER_121_223,VGND,li1,108.3300,342.7200,0.000225
FILLER_121_219,VGND,li1,107.1800,342.7200,0.000225
FILLER_121_207,VGND,li1,103.5000,342.7200,0.000228
FILLER_121_200,VGND,li1,98.2100,342.7200,0.000230
FILLER_121_186,VGND,li1,92.9200,342.7200,0.000230
FILLER_121_174,VGND,li1,88.3200,342.7200,0.000228
FILLER_121_166,VGND,li1,82.3400,342.7200,0.000226
FILLER_121_154,VGND,li1,79.1200,342.7200,0.000224
FILLER_121_121,VGND,li1,61.6400,342.7200,0.000194
FILLER_121_113,VGND,li1,59.3400,342.7200,0.000187
FILLER_121_94,VGND,li1,50.1400,342.7200,0.000153
FILLER_121_77,VGND,li1,41.6300,342.7200,0.000118
FILLER_121_69,VGND,li1,39.1000,342.7200,0.000102
FILLER_121_57,VGND,li1,34.5000,342.7200,0.000086
FILLER_121_55,VGND,li1,31.0500,342.7200,0.000066
FILLER_121_51,VGND,li1,29.9000,342.7200,0.000066
FILLER_121_39,VGND,li1,26.2200,342.7200,0.000044
FILLER_121_27,VGND,li1,20.7000,342.7200,0.000044
FILLER_121_15,VGND,li1,15.1800,342.7200,0.000044
FILLER_121_3,VGND,li1,9.6600,342.7200,0.000044
FILLER_120_821,VGND,li1,383.8700,337.2800,0.000133
FILLER_120_813,VGND,li1,381.3400,337.2800,0.000133
FILLER_120_809,VGND,li1,378.3500,337.2800,0.000133
FILLER_120_797,VGND,li1,374.9000,337.2800,0.000131
FILLER_120_785,VGND,li1,369.3800,337.2800,0.000128
FILLER_120_773,VGND,li1,363.8600,337.2800,0.000124
FILLER_120_765,VGND,li1,357.8800,337.2800,0.000118
FILLER_120_757,VGND,li1,354.4300,337.2800,0.000116
FILLER_120_701,VGND,li1,329.8200,337.2800,0.000077
FILLER_120_699,VGND,li1,327.2900,337.2800,0.000090
FILLER_120_695,VGND,li1,326.1400,337.2800,0.000090
FILLER_120_683,VGND,li1,322.4600,337.2800,0.000104
FILLER_120_671,VGND,li1,316.9400,337.2800,0.000129
FILLER_120_655,VGND,li1,307.0500,337.2800,0.000158
FILLER_120_645,VGND,li1,302.6800,337.2800,0.000172
FILLER_120_640,VGND,li1,300.8400,337.2800,0.000178
FILLER_120_624,VGND,li1,293.4800,337.2800,0.000202
FILLER_120_612,VGND,li1,289.8000,337.2800,0.000214
FILLER_120_605,VGND,li1,284.0500,337.2800,0.000233
FILLER_120_601,VGND,li1,282.9000,337.2800,0.000233
FILLER_120_589,VGND,li1,279.2200,337.2800,0.000243
FILLER_120_571,VGND,li1,268.4100,337.2800,0.000265
FILLER_120_567,VGND,li1,267.2600,337.2800,0.000269
FILLER_120_555,VGND,li1,263.5800,337.2800,0.000275
FILLER_120_547,VGND,li1,257.3700,337.2800,0.000292
FILLER_120_515,VGND,li1,243.8000,337.2800,0.000314
FILLER_120_503,VGND,li1,239.6600,337.2800,0.000322
FILLER_120_491,VGND,li1,234.1400,337.2800,0.000333
FILLER_120_477,VGND,li1,226.3200,337.2800,0.000343
FILLER_120_456,VGND,li1,215.5100,337.2800,0.000354
FILLER_120_448,VGND,li1,213.4400,337.2800,0.000356
FILLER_120_434,VGND,li1,205.8500,337.2800,0.000310
FILLER_120_425,VGND,li1,201.4800,337.2800,0.000285
FILLER_120_419,VGND,li1,198.4900,337.2800,0.000272
FILLER_120_408,VGND,li1,193.4300,337.2800,0.000240
FILLER_120_389,VGND,li1,187.2200,337.2800,0.000201
FILLER_120_377,VGND,li1,181.7000,337.2800,0.000165
FILLER_120_365,VGND,li1,176.1800,337.2800,0.000166
FILLER_120_360,VGND,li1,172.0400,337.2800,0.000198
FILLER_120_348,VGND,li1,168.3600,337.2800,0.000232
FILLER_120_336,VGND,li1,162.8400,337.2800,0.000278
FILLER_120_309,VGND,li1,147.8900,337.2800,0.000335
FILLER_120_298,VGND,li1,143.2900,337.2800,0.000339
FILLER_120_289,VGND,li1,138.9200,337.2800,0.000343
FILLER_120_273,VGND,li1,133.8600,337.2800,0.000344
FILLER_120_266,VGND,li1,128.1100,337.2800,0.000345
FILLER_120_237,VGND,li1,114.7700,337.2800,0.000323
FILLER_120_232,VGND,li1,112.4700,337.2800,0.000318
FILLER_120_228,VGND,li1,111.3200,337.2800,0.000312
FILLER_120_216,VGND,li1,107.6400,337.2800,0.000305
FILLER_120_204,VGND,li1,102.1200,337.2800,0.000291
FILLER_120_189,VGND,li1,93.3800,337.2800,0.000267
FILLER_120_177,VGND,li1,89.7000,337.2800,0.000257
FILLER_120_165,VGND,li1,84.1800,337.2800,0.000241
FILLER_120_153,VGND,li1,78.6600,337.2800,0.000223
FILLER_120_141,VGND,li1,73.1400,337.2800,0.000204
FILLER_120_139,VGND,li1,69.6900,337.2800,0.000199
FILLER_120_133,VGND,li1,68.0800,337.2800,0.000192
FILLER_120_121,VGND,li1,63.9400,337.2800,0.000182
FILLER_120_109,VGND,li1,58.4200,337.2800,0.000160
FILLER_120_97,VGND,li1,52.9000,337.2800,0.000143
FILLER_120_85,VGND,li1,47.3800,337.2800,0.000122
FILLER_120_83,VGND,li1,43.9300,337.2800,0.000103
FILLER_120_77,VGND,li1,42.3200,337.2800,0.000103
FILLER_120_65,VGND,li1,38.1800,337.2800,0.000087
FILLER_120_53,VGND,li1,32.6600,337.2800,0.000066
FILLER_120_41,VGND,li1,27.1400,337.2800,0.000046
FILLER_120_29,VGND,li1,21.6200,337.2800,0.000038
FILLER_120_27,VGND,li1,18.1700,337.2800,0.000038
FILLER_120_15,VGND,li1,15.1800,337.2800,0.000038
FILLER_120_3,VGND,li1,9.6600,337.2800,0.000038
FILLER_119_818,VGND,li1,383.1800,337.2800,0.000133
FILLER_119_797,VGND,li1,372.3700,337.2800,0.000130
FILLER_119_785,VGND,li1,369.3800,337.2800,0.000128
FILLER_119_782,VGND,li1,365.7000,337.2800,0.000125
FILLER_119_774,VGND,li1,363.4000,337.2800,0.000124
FILLER_119_762,VGND,li1,358.8000,337.2800,0.000121
FILLER_119_757,VGND,li1,353.9700,337.2800,0.000114
FILLER_119_753,VGND,li1,352.8200,337.2800,0.000114
FILLER_119_743,VGND,li1,347.9900,337.2800,0.000106
FILLER_119_735,VGND,li1,345.4600,337.2800,0.000099
FILLER_119_725,VGND,li1,339.7100,337.2800,0.000085
FILLER_119_717,VGND,li1,337.1800,337.2800,0.000079
FILLER_119_697,VGND,li1,327.5200,337.2800,0.000090
FILLER_119_685,VGND,li1,323.3800,337.2800,0.000104
FILLER_119_673,VGND,li1,315.3300,337.2800,0.000129
FILLER_119_671,VGND,li1,314.4100,337.2800,0.000137
FILLER_119_656,VGND,li1,309.1200,337.2800,0.000151
FILLER_119_644,VGND,li1,304.5200,337.2800,0.000166
FILLER_119_632,VGND,li1,299.0000,337.2800,0.000185
FILLER_119_620,VGND,li1,293.4800,337.2800,0.000202
FILLER_119_615,VGND,li1,288.6500,337.2800,0.000221
FILLER_119_611,VGND,li1,287.5000,337.2800,0.000221
FILLER_119_599,VGND,li1,283.8200,337.2800,0.000233
FILLER_119_593,VGND,li1,278.5300,337.2800,0.000243
FILLER_119_585,VGND,li1,276.4600,337.2800,0.000251
FILLER_119_573,VGND,li1,271.8600,337.2800,0.000257
FILLER_119_561,VGND,li1,266.3400,337.2800,0.000269
FILLER_119_554,VGND,li1,261.7400,337.2800,0.000279
FILLER_119_542,VGND,li1,257.6000,337.2800,0.000288
FILLER_119_526,VGND,li1,247.9400,337.2800,0.000307
FILLER_119_514,VGND,li1,244.7200,337.2800,0.000314
FILLER_119_505,VGND,li1,238.5100,337.2800,0.000325
FILLER_119_503,VGND,li1,237.1300,337.2800,0.000328
FILLER_119_497,VGND,li1,235.5200,337.2800,0.000328
FILLER_119_481,VGND,li1,227.2400,337.2800,0.000343
FILLER_119_436,VGND,li1,207.4600,337.2800,0.000327
FILLER_119_428,VGND,li1,202.8600,337.2800,0.000299
FILLER_119_420,VGND,li1,200.5600,337.2800,0.000285
FILLER_119_408,VGND,li1,195.9600,337.2800,0.000255
FILLER_119_397,VGND,li1,188.3700,337.2800,0.000201
FILLER_119_393,VGND,li1,187.2200,337.2800,0.000201
FILLER_119_390,VGND,li1,185.3800,337.2800,0.000189
FILLER_119_382,VGND,li1,183.0800,337.2800,0.000165
FILLER_119_368,VGND,li1,176.6400,337.2800,0.000166
FILLER_119_356,VGND,li1,172.0400,337.2800,0.000198
FILLER_119_348,VGND,li1,165.8300,337.2800,0.000246
FILLER_119_337,VGND,li1,161.4600,337.2800,0.000278
FILLER_119_334,VGND,li1,159.6200,337.2800,0.000291
FILLER_119_326,VGND,li1,157.3200,337.2800,0.000309
FILLER_119_316,VGND,li1,151.3400,337.2800,0.000332
FILLER_119_305,VGND,li1,146.0500,337.2800,0.000338
FILLER_119_297,VGND,li1,143.9800,337.2800,0.000339
FILLER_119_281,VGND,li1,135.7000,337.2800,0.000343
FILLER_119_279,VGND,li1,134.0900,337.2800,0.000344
FILLER_119_273,VGND,li1,132.4800,337.2800,0.000344
FILLER_119_261,VGND,li1,128.3400,337.2800,0.000345
FILLER_119_256,VGND,li1,123.5100,337.2800,0.000340
FILLER_119_244,VGND,li1,120.5200,337.2800,0.000334
FILLER_119_229,VGND,li1,111.5500,337.2800,0.000312
FILLER_119_218,VGND,li1,107.1800,337.2800,0.000305
FILLER_119_206,VGND,li1,103.0400,337.2800,0.000291
FILLER_119_194,VGND,li1,97.5200,337.2800,0.000280
FILLER_119_181,VGND,li1,90.1600,337.2800,0.000257
FILLER_119_169,VGND,li1,86.0200,337.2800,0.000247
FILLER_119_167,VGND,li1,82.5700,337.2800,0.000233
FILLER_119_163,VGND,li1,81.4200,337.2800,0.000233
FILLER_119_151,VGND,li1,77.7400,337.2800,0.000223
FILLER_119_143,VGND,li1,71.5300,337.2800,0.000204
FILLER_119_137,VGND,li1,69.9200,337.2800,0.000199
FILLER_119_124,VGND,li1,62.7900,337.2800,0.000175
FILLER_119_120,VGND,li1,61.6400,337.2800,0.000175
FILLER_119_111,VGND,li1,56.8100,337.2800,0.000152
FILLER_119_105,VGND,li1,55.2000,337.2800,0.000152
FILLER_119_93,VGND,li1,51.0600,337.2800,0.000136
FILLER_119_81,VGND,li1,45.5400,337.2800,0.000111
FILLER_119_69,VGND,li1,40.0200,337.2800,0.000094
FILLER_119_57,VGND,li1,34.5000,337.2800,0.000073
FILLER_119_55,VGND,li1,31.0500,337.2800,0.000056
FILLER_119_51,VGND,li1,29.9000,337.2800,0.000056
FILLER_119_39,VGND,li1,26.2200,337.2800,0.000038
FILLER_119_27,VGND,li1,20.7000,337.2800,0.000038
FILLER_119_15,VGND,li1,15.1800,337.2800,0.000038
FILLER_119_3,VGND,li1,9.6600,337.2800,0.000038
FILLER_118_821,VGND,li1,383.8700,331.8400,0.000154
FILLER_118_813,VGND,li1,381.3400,331.8400,0.000152
FILLER_118_811,VGND,li1,378.8100,331.8400,0.000150
FILLER_118_799,VGND,li1,375.8200,331.8400,0.000148
FILLER_118_787,VGND,li1,370.3000,331.8400,0.000145
FILLER_118_775,VGND,li1,364.7800,331.8400,0.000137
FILLER_118_762,VGND,li1,356.2700,331.8400,0.000119
FILLER_118_750,VGND,li1,350.9800,331.8400,0.000110
FILLER_118_738,VGND,li1,347.7600,331.8400,0.000102
FILLER_118_726,VGND,li1,342.2400,331.8400,0.000088
FILLER_118_714,VGND,li1,336.7200,331.8400,0.000072
FILLER_118_701,VGND,li1,328.4400,331.8400,0.000071
FILLER_118_699,VGND,li1,327.2900,331.8400,0.000071
FILLER_118_691,VGND,li1,325.2200,331.8400,0.000077
FILLER_118_662,VGND,li1,310.2700,331.8400,0.000117
FILLER_118_656,VGND,li1,307.5100,331.8400,0.000122
FILLER_118_652,VGND,li1,306.3600,331.8400,0.000122
FILLER_118_632,VGND,li1,299.0000,331.8400,0.000141
FILLER_118_616,VGND,li1,289.1100,331.8400,0.000160
FILLER_118_586,VGND,li1,275.5400,331.8400,0.000183
FILLER_118_572,VGND,li1,268.8700,331.8400,0.000193
FILLER_118_563,VGND,li1,264.7300,331.8400,0.000199
FILLER_118_557,VGND,li1,263.1200,331.8400,0.000201
FILLER_118_545,VGND,li1,258.9800,331.8400,0.000201
FILLER_118_533,VGND,li1,253.4600,331.8400,0.000199
FILLER_118_529,VGND,li1,249.5500,331.8400,0.000197
FILLER_118_521,VGND,li1,245.4100,331.8400,0.000196
FILLER_118_506,VGND,li1,238.9700,331.8400,0.000191
FILLER_118_494,VGND,li1,235.5200,331.8400,0.000189
FILLER_118_485,VGND,li1,228.8500,331.8400,0.000184
FILLER_118_477,VGND,li1,226.7800,331.8400,0.000183
FILLER_118_460,VGND,li1,217.3500,331.8400,0.000174
FILLER_118_456,VGND,li1,216.2000,331.8400,0.000172
FILLER_118_444,VGND,li1,212.5200,331.8400,0.000168
FILLER_118_432,VGND,li1,207.0000,331.8400,0.000163
FILLER_118_421,VGND,li1,200.1000,331.8400,0.000154
FILLER_118_419,VGND,li1,198.4900,331.8400,0.000154
FILLER_118_411,VGND,li1,196.4200,331.8400,0.000151
FILLER_118_399,VGND,li1,191.8200,331.8400,0.000146
FILLER_118_376,VGND,li1,178.9400,331.8400,0.000097
FILLER_118_365,VGND,li1,174.3400,331.8400,0.000105
FILLER_118_361,VGND,li1,172.2700,331.8400,0.000108
FILLER_118_353,VGND,li1,169.7400,331.8400,0.000114
FILLER_118_333,VGND,li1,159.3900,331.8400,0.000128
FILLER_118_321,VGND,li1,155.9400,331.8400,0.000130
FILLER_118_309,VGND,li1,150.4200,331.8400,0.000137
FILLER_118_307,VGND,li1,146.9700,331.8400,0.000139
FILLER_118_303,VGND,li1,145.8200,331.8400,0.000141
FILLER_118_291,VGND,li1,142.1400,331.8400,0.000144
FILLER_118_280,VGND,li1,135.7000,331.8400,0.000149
FILLER_118_265,VGND,li1,128.3400,331.8400,0.000152
FILLER_118_253,VGND,li1,124.6600,331.8400,0.000154
FILLER_118_250,VGND,li1,120.9800,331.8400,0.000155
FILLER_118_238,VGND,li1,117.7600,331.8400,0.000156
FILLER_118_231,VGND,li1,112.2400,331.8400,0.000158
FILLER_118_223,VGND,li1,108.3300,331.8400,0.000158
FILLER_118_212,VGND,li1,103.9600,331.8400,0.000158
FILLER_118_197,VGND,li1,97.0600,331.8400,0.000157
FILLER_118_195,VGND,li1,95.4500,331.8400,0.000156
FILLER_118_191,VGND,li1,94.3000,331.8400,0.000156
FILLER_118_173,VGND,li1,85.7900,331.8400,0.000153
FILLER_118_145,VGND,li1,72.4500,331.8400,0.000147
FILLER_118_141,VGND,li1,71.3000,331.8400,0.000145
FILLER_118_131,VGND,li1,66.2400,331.8400,0.000141
FILLER_118_119,VGND,li1,63.0200,331.8400,0.000135
FILLER_118_112,VGND,li1,57.2700,331.8400,0.000124
FILLER_118_108,VGND,li1,56.1200,331.8400,0.000120
FILLER_118_96,VGND,li1,52.4400,331.8400,0.000111
FILLER_118_85,VGND,li1,44.8500,331.8400,0.000092
FILLER_118_83,VGND,li1,43.9300,331.8400,0.000086
FILLER_118_77,VGND,li1,42.3200,331.8400,0.000086
FILLER_118_65,VGND,li1,38.1800,331.8400,0.000073
FILLER_118_53,VGND,li1,32.6600,331.8400,0.000055
FILLER_118_41,VGND,li1,27.1400,331.8400,0.000038
FILLER_118_29,VGND,li1,21.6200,331.8400,0.000032
FILLER_118_27,VGND,li1,18.1700,331.8400,0.000032
FILLER_118_15,VGND,li1,15.1800,331.8400,0.000032
FILLER_118_3,VGND,li1,9.6600,331.8400,0.000032
FILLER_117_817,VGND,li1,382.0300,331.8400,0.000152
FILLER_117_805,VGND,li1,378.5800,331.8400,0.000150
FILLER_117_783,VGND,li1,365.9300,331.8400,0.000137
FILLER_117_760,VGND,li1,356.5000,331.8400,0.000119
FILLER_117_754,VGND,li1,352.8200,331.8400,0.000115
FILLER_117_750,VGND,li1,350.7500,331.8400,0.000110
FILLER_117_742,VGND,li1,348.6800,331.8400,0.000102
FILLER_117_729,VGND,li1,341.0900,331.8400,0.000081
FILLER_117_725,VGND,li1,339.7100,331.8400,0.000081
FILLER_117_717,VGND,li1,337.1800,331.8400,0.000072
FILLER_117_705,VGND,li1,332.5800,331.8400,0.000058
FILLER_117_688,VGND,li1,322.6900,331.8400,0.000084
FILLER_117_676,VGND,li1,319.2400,331.8400,0.000092
FILLER_117_668,VGND,li1,313.7200,331.8400,0.000105
FILLER_117_663,VGND,li1,310.7300,331.8400,0.000112
FILLER_117_655,VGND,li1,308.6600,331.8400,0.000117
FILLER_117_643,VGND,li1,304.0600,331.8400,0.000128
FILLER_117_623,VGND,li1,292.7900,331.8400,0.000154
FILLER_117_615,VGND,li1,288.6500,331.8400,0.000160
FILLER_117_611,VGND,li1,287.5000,331.8400,0.000164
FILLER_117_587,VGND,li1,277.3800,331.8400,0.000179
FILLER_117_578,VGND,li1,272.7800,331.8400,0.000186
FILLER_117_551,VGND,li1,259.4400,331.8400,0.000201
FILLER_117_543,VGND,li1,257.1400,331.8400,0.000200
FILLER_117_533,VGND,li1,251.1600,331.8400,0.000198
FILLER_117_492,VGND,li1,234.6000,331.8400,0.000189
FILLER_117_480,VGND,li1,229.0800,331.8400,0.000184
FILLER_117_468,VGND,li1,223.5600,331.8400,0.000180
FILLER_117_461,VGND,li1,218.2700,331.8400,0.000174
FILLER_117_449,VGND,li1,214.8200,331.8400,0.000172
FILLER_117_436,VGND,li1,208.8400,331.8400,0.000165
FILLER_117_417,VGND,li1,198.0300,331.8400,0.000151
FILLER_117_405,VGND,li1,194.5800,331.8400,0.000149
FILLER_117_393,VGND,li1,189.0600,331.8400,0.000142
FILLER_117_378,VGND,li1,179.6300,331.8400,0.000097
FILLER_117_368,VGND,li1,175.7200,331.8400,0.000105
FILLER_117_356,VGND,li1,172.0400,331.8400,0.000108
FILLER_117_352,VGND,li1,167.6700,331.8400,0.000117
FILLER_117_348,VGND,li1,166.5200,331.8400,0.000117
FILLER_117_334,VGND,li1,159.6200,331.8400,0.000128
FILLER_117_314,VGND,li1,150.4200,331.8400,0.000137
FILLER_117_308,VGND,li1,147.6600,331.8400,0.000139
FILLER_117_296,VGND,li1,144.4400,331.8400,0.000141
FILLER_117_281,VGND,li1,135.7000,331.8400,0.000149
FILLER_117_277,VGND,li1,133.6300,331.8400,0.000150
FILLER_117_261,VGND,li1,126.2700,331.8400,0.000153
FILLER_117_231,VGND,li1,114.5400,331.8400,0.000157
FILLER_117_216,VGND,li1,106.7200,331.8400,0.000158
FILLER_117_198,VGND,li1,97.5200,331.8400,0.000157
FILLER_117_186,VGND,li1,93.8400,331.8400,0.000156
FILLER_117_179,VGND,li1,88.3200,331.8400,0.000155
FILLER_117_174,VGND,li1,85.7900,331.8400,0.000153
FILLER_117_165,VGND,li1,82.1100,331.8400,0.000152
FILLER_117_154,VGND,li1,77.7400,331.8400,0.000150
FILLER_117_141,VGND,li1,70.6100,331.8400,0.000145
FILLER_117_121,VGND,li1,63.0200,331.8400,0.000135
FILLER_117_102,VGND,li1,53.1300,331.8400,0.000111
FILLER_117_75,VGND,li1,40.2500,331.8400,0.000079
FILLER_117_69,VGND,li1,38.6400,331.8400,0.000073
FILLER_117_57,VGND,li1,34.5000,331.8400,0.000061
FILLER_117_55,VGND,li1,31.0500,331.8400,0.000047
FILLER_117_51,VGND,li1,29.9000,331.8400,0.000047
FILLER_117_39,VGND,li1,26.2200,331.8400,0.000032
FILLER_117_27,VGND,li1,20.7000,331.8400,0.000032
FILLER_117_15,VGND,li1,15.1800,331.8400,0.000032
FILLER_117_3,VGND,li1,9.6600,331.8400,0.000032
FILLER_116_819,VGND,li1,382.4900,326.4000,0.000116
FILLER_116_813,VGND,li1,380.8800,326.4000,0.000115
FILLER_116_811,VGND,li1,378.8100,326.4000,0.000113
FILLER_116_805,VGND,li1,377.2000,326.4000,0.000113
FILLER_116_793,VGND,li1,373.0600,326.4000,0.000109
FILLER_116_781,VGND,li1,367.5400,326.4000,0.000105
FILLER_116_773,VGND,li1,361.3300,326.4000,0.000098
FILLER_116_769,VGND,li1,360.1800,326.4000,0.000098
FILLER_116_757,VGND,li1,356.5000,326.4000,0.000093
FILLER_116_753,VGND,li1,352.5900,326.4000,0.000091
FILLER_116_734,VGND,li1,345.0000,326.4000,0.000082
FILLER_116_726,VGND,li1,340.1700,326.4000,0.000077
FILLER_116_711,VGND,li1,333.9600,326.4000,0.000070
FILLER_116_689,VGND,li1,323.1500,326.4000,0.000106
FILLER_116_681,VGND,li1,320.6200,326.4000,0.000118
FILLER_116_669,VGND,li1,316.0200,326.4000,0.000145
FILLER_116_657,VGND,li1,310.5000,326.4000,0.000169
FILLER_116_625,VGND,li1,295.7800,326.4000,0.000217
FILLER_116_613,VGND,li1,290.2600,326.4000,0.000235
FILLER_116_601,VGND,li1,284.7400,326.4000,0.000257
FILLER_116_589,VGND,li1,279.2200,326.4000,0.000273
FILLER_116_586,VGND,li1,275.5400,326.4000,0.000282
FILLER_116_574,VGND,li1,272.3200,326.4000,0.000292
FILLER_116_566,VGND,li1,266.1100,326.4000,0.000307
FILLER_116_562,VGND,li1,264.9600,326.4000,0.000307
FILLER_116_548,VGND,li1,257.8300,326.4000,0.000323
FILLER_116_540,VGND,li1,254.1500,326.4000,0.000324
FILLER_116_517,VGND,li1,246.1000,326.4000,0.000323
FILLER_116_499,VGND,li1,235.2900,326.4000,0.000317
FILLER_116_493,VGND,li1,233.6800,326.4000,0.000317
FILLER_116_477,VGND,li1,225.4000,326.4000,0.000303
FILLER_116_462,VGND,li1,218.2700,326.4000,0.000280
FILLER_116_456,VGND,li1,216.6600,326.4000,0.000271
FILLER_116_445,VGND,li1,211.1400,326.4000,0.000243
FILLER_116_433,VGND,li1,207.4600,326.4000,0.000230
FILLER_116_419,VGND,li1,198.4900,326.4000,0.000185
FILLER_116_412,VGND,li1,195.2700,326.4000,0.000168
FILLER_116_404,VGND,li1,193.2000,326.4000,0.000150
FILLER_116_389,VGND,li1,185.1500,326.4000,0.000109
FILLER_116_377,VGND,li1,181.7000,326.4000,0.000093
FILLER_116_356,VGND,li1,169.5100,326.4000,0.000077
FILLER_116_352,VGND,li1,168.3600,326.4000,0.000077
FILLER_116_347,VGND,li1,165.3700,326.4000,0.000079
FILLER_116_339,VGND,li1,163.3000,326.4000,0.000080
FILLER_116_321,VGND,li1,154.1000,326.4000,0.000085
FILLER_116_302,VGND,li1,145.8200,326.4000,0.000088
FILLER_116_287,VGND,li1,137.7700,326.4000,0.000090
FILLER_116_283,VGND,li1,136.6200,326.4000,0.000090
FILLER_116_271,VGND,li1,132.9400,326.4000,0.000090
FILLER_116_259,VGND,li1,127.4200,326.4000,0.000091
FILLER_116_243,VGND,li1,117.7600,326.4000,0.000091
FILLER_116_235,VGND,li1,115.4600,326.4000,0.000091
FILLER_116_223,VGND,li1,110.8600,326.4000,0.000090
FILLER_116_211,VGND,li1,105.3400,326.4000,0.000090
FILLER_116_197,VGND,li1,97.9800,326.4000,0.000089
FILLER_116_195,VGND,li1,95.4500,326.4000,0.000089
FILLER_116_191,VGND,li1,94.3000,326.4000,0.000089
FILLER_116_161,VGND,li1,80.2700,326.4000,0.000085
FILLER_116_153,VGND,li1,77.7400,326.4000,0.000083
FILLER_116_141,VGND,li1,73.1400,326.4000,0.000081
FILLER_116_134,VGND,li1,68.5400,326.4000,0.000077
FILLER_116_122,VGND,li1,64.4000,326.4000,0.000076
FILLER_116_103,VGND,li1,53.1300,326.4000,0.000064
FILLER_116_97,VGND,li1,51.5200,326.4000,0.000061
FILLER_116_83,VGND,li1,43.9300,326.4000,0.000047
FILLER_116_77,VGND,li1,42.3200,326.4000,0.000047
FILLER_116_65,VGND,li1,38.1800,326.4000,0.000040
FILLER_116_53,VGND,li1,32.6600,326.4000,0.000030
FILLER_116_41,VGND,li1,27.1400,326.4000,0.000021
FILLER_116_29,VGND,li1,21.6200,326.4000,0.000017
FILLER_116_27,VGND,li1,18.1700,326.4000,0.000017
FILLER_116_15,VGND,li1,15.1800,326.4000,0.000017
FILLER_116_3,VGND,li1,9.6600,326.4000,0.000017
FILLER_115_803,VGND,li1,375.1300,326.4000,0.000111
FILLER_115_797,VGND,li1,373.5200,326.4000,0.000109
FILLER_115_785,VGND,li1,369.3800,326.4000,0.000106
FILLER_115_781,VGND,li1,365.4700,326.4000,0.000103
FILLER_115_769,VGND,li1,362.0200,326.4000,0.000100
FILLER_115_756,VGND,li1,355.1200,326.4000,0.000093
FILLER_115_735,VGND,li1,343.8500,326.4000,0.000082
FILLER_115_729,VGND,li1,342.2400,326.4000,0.000080
FILLER_115_722,VGND,li1,339.0200,326.4000,0.000075
FILLER_115_710,VGND,li1,334.8800,326.4000,0.000070
FILLER_115_699,VGND,li1,327.5200,326.4000,0.000087
FILLER_115_687,VGND,li1,324.3000,326.4000,0.000106
FILLER_115_671,VGND,li1,314.4100,326.4000,0.000154
FILLER_115_665,VGND,li1,312.8000,326.4000,0.000154
FILLER_115_653,VGND,li1,306.3600,326.4000,0.000186
FILLER_115_641,VGND,li1,300.6100,326.4000,0.000202
FILLER_115_629,VGND,li1,297.6200,326.4000,0.000210
FILLER_115_617,VGND,li1,292.1000,326.4000,0.000229
FILLER_115_610,VGND,li1,287.5000,326.4000,0.000244
FILLER_115_581,VGND,li1,273.0100,326.4000,0.000287
FILLER_115_573,VGND,li1,270.9400,326.4000,0.000292
FILLER_115_561,VGND,li1,266.3400,326.4000,0.000307
FILLER_115_559,VGND,li1,262.8900,326.4000,0.000313
FILLER_115_553,VGND,li1,261.2800,326.4000,0.000320
FILLER_115_545,VGND,li1,256.6800,326.4000,0.000324
FILLER_115_537,VGND,li1,254.3800,326.4000,0.000324
FILLER_115_529,VGND,li1,249.7800,326.4000,0.000324
FILLER_115_522,VGND,li1,245.8700,326.4000,0.000322
FILLER_115_516,VGND,li1,244.2600,326.4000,0.000322
FILLER_115_498,VGND,li1,235.9800,326.4000,0.000318
FILLER_115_486,VGND,li1,231.8400,326.4000,0.000315
FILLER_115_481,VGND,li1,227.0100,326.4000,0.000309
FILLER_115_475,VGND,li1,225.4000,326.4000,0.000303
FILLER_115_468,VGND,li1,221.0300,326.4000,0.000291
FILLER_115_460,VGND,li1,217.3500,326.4000,0.000271
FILLER_115_456,VGND,li1,216.2000,326.4000,0.000271
FILLER_115_424,VGND,li1,203.3200,326.4000,0.000209
FILLER_115_420,VGND,li1,198.9500,326.4000,0.000185
FILLER_115_408,VGND,li1,195.9600,326.4000,0.000168
FILLER_115_400,VGND,li1,189.7500,326.4000,0.000139
FILLER_115_384,VGND,li1,182.6200,326.4000,0.000093
FILLER_115_372,VGND,li1,179.4000,326.4000,0.000069
FILLER_115_364,VGND,li1,173.1900,326.4000,0.000073
FILLER_115_360,VGND,li1,172.0400,326.4000,0.000075
FILLER_115_349,VGND,li1,166.9800,326.4000,0.000079
FILLER_115_341,VGND,li1,162.6100,326.4000,0.000081
FILLER_115_337,VGND,li1,161.4600,326.4000,0.000081
FILLER_115_332,VGND,li1,159.1600,326.4000,0.000083
FILLER_115_320,VGND,li1,154.1000,326.4000,0.000085
FILLER_115_308,VGND,li1,149.9600,326.4000,0.000087
FILLER_115_296,VGND,li1,144.4400,326.4000,0.000088
FILLER_115_289,VGND,li1,138.6900,326.4000,0.000089
FILLER_115_281,VGND,li1,136.6200,326.4000,0.000090
FILLER_115_276,VGND,li1,133.4000,326.4000,0.000090
FILLER_115_261,VGND,li1,126.9600,326.4000,0.000091
FILLER_115_249,VGND,li1,122.8200,326.4000,0.000091
FILLER_115_237,VGND,li1,117.3000,326.4000,0.000091
FILLER_115_225,VGND,li1,111.7800,326.4000,0.000090
FILLER_115_223,VGND,li1,108.3300,326.4000,0.000090
FILLER_115_219,VGND,li1,107.1800,326.4000,0.000090
FILLER_115_206,VGND,li1,100.9700,326.4000,0.000090
FILLER_115_194,VGND,li1,97.5200,326.4000,0.000089
FILLER_115_182,VGND,li1,92.0000,326.4000,0.000089
FILLER_115_164,VGND,li1,81.8800,326.4000,0.000086
FILLER_115_152,VGND,li1,76.3600,326.4000,0.000083
FILLER_115_140,VGND,li1,72.6800,326.4000,0.000081
FILLER_115_128,VGND,li1,67.1600,326.4000,0.000077
FILLER_115_116,VGND,li1,61.6400,326.4000,0.000073
FILLER_115_111,VGND,li1,56.8100,326.4000,0.000070
FILLER_115_93,VGND,li1,51.0600,326.4000,0.000061
FILLER_115_81,VGND,li1,45.5400,326.4000,0.000050
FILLER_115_69,VGND,li1,40.0200,326.4000,0.000043
FILLER_115_57,VGND,li1,34.5000,326.4000,0.000033
FILLER_115_55,VGND,li1,31.0500,326.4000,0.000025
FILLER_115_51,VGND,li1,29.9000,326.4000,0.000025
FILLER_115_39,VGND,li1,26.2200,326.4000,0.000017
FILLER_115_27,VGND,li1,20.7000,326.4000,0.000017
FILLER_115_15,VGND,li1,15.1800,326.4000,0.000017
FILLER_115_3,VGND,li1,9.6600,326.4000,0.000017
FILLER_114_819,VGND,li1,382.4900,320.9600,0.000111
FILLER_114_813,VGND,li1,380.8800,320.9600,0.000111
FILLER_114_811,VGND,li1,378.8100,320.9600,0.000111
FILLER_114_805,VGND,li1,377.2000,320.9600,0.000111
FILLER_114_793,VGND,li1,373.0600,320.9600,0.000110
FILLER_114_769,VGND,li1,360.1800,320.9600,0.000105
FILLER_114_757,VGND,li1,356.5000,320.9600,0.000103
FILLER_114_754,VGND,li1,352.8200,320.9600,0.000101
FILLER_114_745,VGND,li1,348.4500,320.9600,0.000097
FILLER_114_741,VGND,li1,347.3000,320.9600,0.000097
FILLER_114_729,VGND,li1,343.6200,320.9600,0.000095
FILLER_114_718,VGND,li1,336.0300,320.9600,0.000087
FILLER_114_692,VGND,li1,324.0700,320.9600,0.000137
FILLER_114_673,VGND,li1,315.5600,320.9600,0.000181
FILLER_114_651,VGND,li1,305.2100,320.9600,0.000223
FILLER_114_645,VGND,li1,303.6000,320.9600,0.000230
FILLER_114_641,VGND,li1,301.0700,320.9600,0.000237
FILLER_114_629,VGND,li1,297.6200,320.9600,0.000245
FILLER_114_609,VGND,li1,286.1200,320.9600,0.000273
FILLER_114_597,VGND,li1,282.9000,320.9600,0.000278
FILLER_114_593,VGND,li1,278.5300,320.9600,0.000283
FILLER_114_589,VGND,li1,277.3800,320.9600,0.000287
FILLER_114_587,VGND,li1,275.7700,320.9600,0.000287
FILLER_114_579,VGND,li1,273.7000,320.9600,0.000289
FILLER_114_567,VGND,li1,269.1000,320.9600,0.000294
FILLER_114_555,VGND,li1,263.5800,320.9600,0.000302
FILLER_114_543,VGND,li1,258.0600,320.9600,0.000306
FILLER_114_530,VGND,li1,249.7800,320.9600,0.000306
FILLER_114_519,VGND,li1,245.1800,320.9600,0.000305
FILLER_114_507,VGND,li1,241.5000,320.9600,0.000305
FILLER_114_497,VGND,li1,234.3700,320.9600,0.000302
FILLER_114_491,VGND,li1,232.7600,320.9600,0.000302
FILLER_114_485,VGND,li1,229.3100,320.9600,0.000301
FILLER_114_477,VGND,li1,226.7800,320.9600,0.000300
FILLER_114_473,VGND,li1,223.7900,320.9600,0.000298
FILLER_114_465,VGND,li1,221.2600,320.9600,0.000297
FILLER_114_453,VGND,li1,216.6600,320.9600,0.000295
FILLER_114_438,VGND,li1,208.8400,320.9600,0.000278
FILLER_114_428,VGND,li1,203.0900,320.9600,0.000253
FILLER_114_406,VGND,li1,194.1200,320.9600,0.000208
FILLER_114_398,VGND,li1,188.8300,320.9600,0.000174
FILLER_114_373,VGND,li1,177.3300,320.9600,0.000112
FILLER_114_365,VGND,li1,175.2600,320.9600,0.000119
FILLER_114_363,VGND,li1,172.7300,320.9600,0.000127
FILLER_114_351,VGND,li1,169.7400,320.9600,0.000137
FILLER_114_344,VGND,li1,164.2200,320.9600,0.000157
FILLER_114_339,VGND,li1,161.6900,320.9600,0.000164
FILLER_114_327,VGND,li1,158.7000,320.9600,0.000172
FILLER_114_305,VGND,li1,146.5100,320.9600,0.000196
FILLER_114_295,VGND,li1,141.9100,320.9600,0.000197
FILLER_114_283,VGND,li1,138.4600,320.9600,0.000198
FILLER_114_253,VGND,li1,122.8200,320.9600,0.000200
FILLER_114_251,VGND,li1,121.2100,320.9600,0.000200
FILLER_114_247,VGND,li1,120.0600,320.9600,0.000200
FILLER_114_229,VGND,li1,111.0900,320.9600,0.000196
FILLER_114_201,VGND,li1,98.2100,320.9600,0.000186
FILLER_114_197,VGND,li1,97.0600,320.9600,0.000184
FILLER_114_192,VGND,li1,94.7600,320.9600,0.000182
FILLER_114_180,VGND,li1,91.0800,320.9600,0.000178
FILLER_114_148,VGND,li1,74.9800,320.9600,0.000157
FILLER_114_133,VGND,li1,66.9300,320.9600,0.000141
FILLER_114_129,VGND,li1,65.7800,320.9600,0.000141
FILLER_114_117,VGND,li1,62.1000,320.9600,0.000132
FILLER_114_105,VGND,li1,54.7400,320.9600,0.000116
FILLER_114_93,VGND,li1,51.0600,320.9600,0.000107
FILLER_114_85,VGND,li1,45.3100,320.9600,0.000091
FILLER_114_83,VGND,li1,43.9300,320.9600,0.000086
FILLER_114_77,VGND,li1,42.3200,320.9600,0.000080
FILLER_114_65,VGND,li1,38.1800,320.9600,0.000070
FILLER_114_53,VGND,li1,32.6600,320.9600,0.000053
FILLER_114_41,VGND,li1,27.1400,320.9600,0.000037
FILLER_114_29,VGND,li1,21.6200,320.9600,0.000031
FILLER_114_27,VGND,li1,18.1700,320.9600,0.000031
FILLER_114_19,VGND,li1,16.1000,320.9600,0.000031
FILLER_114_7,VGND,li1,11.5000,320.9600,0.000032
FILLER_113_821,VGND,li1,383.8700,320.9600,0.000111
FILLER_113_809,VGND,li1,380.4200,320.9600,0.000111
FILLER_113_797,VGND,li1,374.9000,320.9600,0.000110
FILLER_113_785,VGND,li1,369.3800,320.9600,0.000109
FILLER_113_783,VGND,li1,365.9300,320.9600,0.000109
FILLER_113_775,VGND,li1,363.8600,320.9600,0.000108
FILLER_113_763,VGND,li1,359.2600,320.9600,0.000105
FILLER_113_751,VGND,li1,353.7400,320.9600,0.000101
FILLER_113_739,VGND,li1,348.2200,320.9600,0.000097
FILLER_113_726,VGND,li1,339.9400,320.9600,0.000092
FILLER_113_718,VGND,li1,336.0300,320.9600,0.000087
FILLER_113_710,VGND,li1,333.9600,320.9600,0.000083
FILLER_113_695,VGND,li1,325.4500,320.9600,0.000137
FILLER_113_689,VGND,li1,323.8400,320.9600,0.000137
FILLER_113_667,VGND,li1,312.5700,320.9600,0.000200
FILLER_113_663,VGND,li1,311.4200,320.9600,0.000200
FILLER_113_645,VGND,li1,302.6800,320.9600,0.000230
FILLER_113_637,VGND,li1,300.3800,320.9600,0.000237
FILLER_113_625,VGND,li1,295.7800,320.9600,0.000250
FILLER_113_617,VGND,li1,290.0300,320.9600,0.000269
FILLER_113_597,VGND,li1,280.6000,320.9600,0.000281
FILLER_113_585,VGND,li1,277.3800,320.9600,0.000287
FILLER_113_573,VGND,li1,271.8600,320.9600,0.000291
FILLER_113_561,VGND,li1,266.3400,320.9600,0.000298
FILLER_113_557,VGND,li1,262.4300,320.9600,0.000302
FILLER_113_537,VGND,li1,254.3800,320.9600,0.000306
FILLER_113_524,VGND,li1,247.4800,320.9600,0.000306
FILLER_113_512,VGND,li1,243.8000,320.9600,0.000305
FILLER_113_482,VGND,li1,228.1600,320.9600,0.000300
FILLER_113_470,VGND,li1,224.4800,320.9600,0.000298
FILLER_113_465,VGND,li1,219.8800,320.9600,0.000297
FILLER_113_457,VGND,li1,217.5800,320.9600,0.000295
FILLER_113_442,VGND,li1,210.2200,320.9600,0.000278
FILLER_113_430,VGND,li1,206.0800,320.9600,0.000264
FILLER_113_425,VGND,li1,201.2500,320.9600,0.000245
FILLER_113_417,VGND,li1,199.1800,320.9600,0.000235
FILLER_113_405,VGND,li1,194.5800,320.9600,0.000208
FILLER_113_393,VGND,li1,189.0600,320.9600,0.000174
FILLER_113_389,VGND,li1,185.1500,320.9600,0.000160
FILLER_113_380,VGND,li1,181.2400,320.9600,0.000138
FILLER_113_374,VGND,li1,177.7900,320.9600,0.000112
FILLER_113_366,VGND,li1,175.7200,320.9600,0.000119
FILLER_113_354,VGND,li1,171.1200,320.9600,0.000137
FILLER_113_337,VGND,li1,161.2300,320.9600,0.000164
FILLER_113_333,VGND,li1,159.3900,320.9600,0.000172
FILLER_113_321,VGND,li1,155.9400,320.9600,0.000180
FILLER_113_314,VGND,li1,150.1900,320.9600,0.000195
FILLER_113_306,VGND,li1,148.1200,320.9600,0.000196
FILLER_113_281,VGND,li1,136.1600,320.9600,0.000198
FILLER_113_279,VGND,li1,134.0900,320.9600,0.000199
FILLER_113_273,VGND,li1,132.4800,320.9600,0.000199
FILLER_113_263,VGND,li1,126.9600,320.9600,0.000199
FILLER_113_255,VGND,li1,124.6600,320.9600,0.000200
FILLER_113_241,VGND,li1,116.6100,320.9600,0.000199
FILLER_113_237,VGND,li1,115.4600,320.9600,0.000199
FILLER_113_225,VGND,li1,111.7800,320.9600,0.000196
FILLER_113_223,VGND,li1,108.3300,320.9600,0.000194
FILLER_113_215,VGND,li1,106.2600,320.9600,0.000192
FILLER_113_206,VGND,li1,100.7400,320.9600,0.000188
FILLER_113_198,VGND,li1,97.0600,320.9600,0.000184
FILLER_113_186,VGND,li1,93.8400,320.9600,0.000182
FILLER_113_151,VGND,li1,75.4400,320.9600,0.000157
FILLER_113_122,VGND,li1,62.5600,320.9600,0.000132
FILLER_113_106,VGND,li1,55.6600,320.9600,0.000116
FILLER_113_98,VGND,li1,50.8300,320.9600,0.000102
FILLER_113_77,VGND,li1,41.6300,320.9600,0.000080
FILLER_113_69,VGND,li1,39.1000,320.9600,0.000070
FILLER_113_57,VGND,li1,34.5000,320.9600,0.000059
FILLER_113_55,VGND,li1,31.0500,320.9600,0.000045
FILLER_113_51,VGND,li1,29.9000,320.9600,0.000045
FILLER_113_39,VGND,li1,26.2200,320.9600,0.000031
FILLER_113_27,VGND,li1,20.7000,320.9600,0.000031
FILLER_113_15,VGND,li1,15.1800,320.9600,0.000031
FILLER_113_3,VGND,li1,9.6600,320.9600,0.000032
FILLER_112_821,VGND,li1,383.8700,315.5200,0.000044
FILLER_112_813,VGND,li1,381.3400,315.5200,0.000044
FILLER_112_811,VGND,li1,378.8100,315.5200,0.000044
FILLER_112_805,VGND,li1,377.2000,315.5200,0.000044
FILLER_112_793,VGND,li1,373.0600,315.5200,0.000044
FILLER_112_781,VGND,li1,367.5400,315.5200,0.000044
FILLER_112_769,VGND,li1,362.0200,315.5200,0.000044
FILLER_112_757,VGND,li1,356.5000,315.5200,0.000044
FILLER_112_750,VGND,li1,351.9000,315.5200,0.000044
FILLER_112_738,VGND,li1,347.7600,315.5200,0.000044
FILLER_112_726,VGND,li1,342.2400,315.5200,0.000044
FILLER_112_713,VGND,li1,333.7300,315.5200,0.000043
FILLER_112_701,VGND,li1,330.7400,315.5200,0.000051
FILLER_112_696,VGND,li1,326.6000,315.5200,0.000066
FILLER_112_684,VGND,li1,322.9200,315.5200,0.000086
FILLER_112_672,VGND,li1,317.4000,315.5200,0.000103
FILLER_112_660,VGND,li1,311.8800,315.5200,0.000124
FILLER_112_648,VGND,li1,303.8300,315.5200,0.000157
FILLER_112_635,VGND,li1,298.5400,315.5200,0.000175
FILLER_112_599,VGND,li1,281.2900,315.5200,0.000218
FILLER_112_585,VGND,li1,275.3100,315.5200,0.000227
FILLER_112_577,VGND,li1,272.7800,315.5200,0.000231
FILLER_112_533,VGND,li1,251.3900,315.5200,0.000260
FILLER_112_530,VGND,li1,249.7800,315.5200,0.000261
FILLER_112_522,VGND,li1,247.4800,315.5200,0.000263
FILLER_112_497,VGND,li1,234.3700,315.5200,0.000268
FILLER_112_484,VGND,li1,228.3900,315.5200,0.000270
FILLER_112_460,VGND,li1,217.8100,315.5200,0.000260
FILLER_112_448,VGND,li1,214.3600,315.5200,0.000253
FILLER_112_433,VGND,li1,205.3900,315.5200,0.000228
FILLER_112_421,VGND,li1,201.9400,315.5200,0.000212
FILLER_112_419,VGND,li1,198.4900,315.5200,0.000197
FILLER_112_413,VGND,li1,196.1900,315.5200,0.000185
FILLER_112_401,VGND,li1,192.7400,315.5200,0.000176
FILLER_112_389,VGND,li1,187.2200,315.5200,0.000146
FILLER_112_377,VGND,li1,181.7000,315.5200,0.000122
FILLER_112_365,VGND,li1,176.1800,315.5200,0.000126
FILLER_112_358,VGND,li1,171.5800,315.5200,0.000145
FILLER_112_347,VGND,li1,165.3700,315.5200,0.000176
FILLER_112_332,VGND,li1,159.6200,315.5200,0.000203
FILLER_112_309,VGND,li1,148.3500,315.5200,0.000250
FILLER_112_302,VGND,li1,145.8200,315.5200,0.000257
FILLER_112_293,VGND,li1,140.7600,315.5200,0.000268
FILLER_112_285,VGND,li1,138.4600,315.5200,0.000275
FILLER_112_273,VGND,li1,133.8600,315.5200,0.000285
FILLER_112_265,VGND,li1,127.6500,315.5200,0.000296
FILLER_112_253,VGND,li1,124.6600,315.5200,0.000295
FILLER_112_251,VGND,li1,121.2100,315.5200,0.000292
FILLER_112_242,VGND,li1,117.5300,315.5200,0.000290
FILLER_112_236,VGND,li1,114.3100,315.5200,0.000288
FILLER_112_224,VGND,li1,111.3200,315.5200,0.000285
FILLER_112_212,VGND,li1,105.8000,315.5200,0.000280
FILLER_112_201,VGND,li1,98.4400,315.5200,0.000273
FILLER_112_174,VGND,li1,85.7900,315.5200,0.000256
FILLER_112_154,VGND,li1,76.8200,315.5200,0.000241
FILLER_112_132,VGND,li1,66.4700,315.5200,0.000212
FILLER_112_111,VGND,li1,56.8100,315.5200,0.000171
FILLER_112_99,VGND,li1,53.8200,315.5200,0.000164
FILLER_112_89,VGND,li1,46.6900,315.5200,0.000135
FILLER_112_85,VGND,li1,45.5400,315.5200,0.000125
FILLER_112_65,VGND,li1,38.1800,315.5200,0.000099
FILLER_112_53,VGND,li1,32.6600,315.5200,0.000075
FILLER_112_41,VGND,li1,27.1400,315.5200,0.000052
FILLER_112_29,VGND,li1,21.6200,315.5200,0.000043
FILLER_112_26,VGND,li1,17.9400,315.5200,0.000043
FILLER_112_18,VGND,li1,15.6400,315.5200,0.000043
FILLER_112_6,VGND,li1,11.0400,315.5200,0.000043
FILLER_111_821,VGND,li1,383.8700,315.5200,0.000044
FILLER_111_809,VGND,li1,380.4200,315.5200,0.000044
FILLER_111_797,VGND,li1,374.9000,315.5200,0.000044
FILLER_111_785,VGND,li1,369.3800,315.5200,0.000044
FILLER_111_783,VGND,li1,365.9300,315.5200,0.000044
FILLER_111_777,VGND,li1,364.3200,315.5200,0.000044
FILLER_111_765,VGND,li1,360.1800,315.5200,0.000044
FILLER_111_753,VGND,li1,354.6600,315.5200,0.000044
FILLER_111_741,VGND,li1,349.1400,315.5200,0.000044
FILLER_111_729,VGND,li1,343.6200,315.5200,0.000044
FILLER_111_724,VGND,li1,339.4800,315.5200,0.000044
FILLER_111_712,VGND,li1,335.8000,315.5200,0.000043
FILLER_111_700,VGND,li1,330.2800,315.5200,0.000051
FILLER_111_683,VGND,li1,321.5400,315.5200,0.000086
FILLER_111_668,VGND,li1,313.0300,315.5200,0.000124
FILLER_111_664,VGND,li1,311.8800,315.5200,0.000124
FILLER_111_636,VGND,li1,299.0000,315.5200,0.000169
FILLER_111_624,VGND,li1,295.3200,315.5200,0.000182
FILLER_111_614,VGND,li1,288.4200,315.5200,0.000199
FILLER_111_610,VGND,li1,286.3500,315.5200,0.000204
FILLER_111_602,VGND,li1,284.2800,315.5200,0.000209
FILLER_111_587,VGND,li1,278.3000,315.5200,0.000222
FILLER_111_575,VGND,li1,272.7800,315.5200,0.000231
FILLER_111_565,VGND,li1,265.6500,315.5200,0.000244
FILLER_111_561,VGND,li1,264.5000,315.5200,0.000248
FILLER_111_554,VGND,li1,261.7400,315.5200,0.000250
FILLER_111_542,VGND,li1,257.6000,315.5200,0.000254
FILLER_111_503,VGND,li1,237.1300,315.5200,0.000268
FILLER_111_499,VGND,li1,235.9800,315.5200,0.000268
FILLER_111_487,VGND,li1,232.3000,315.5200,0.000269
FILLER_111_447,VGND,li1,211.3700,315.5200,0.000243
FILLER_111_441,VGND,li1,209.7600,315.5200,0.000243
FILLER_111_429,VGND,li1,205.6200,315.5200,0.000228
FILLER_111_393,VGND,li1,189.0600,315.5200,0.000159
FILLER_111_384,VGND,li1,182.3900,315.5200,0.000122
FILLER_111_355,VGND,li1,169.0500,315.5200,0.000158
FILLER_111_351,VGND,li1,167.9000,315.5200,0.000167
FILLER_111_337,VGND,li1,162.3800,315.5200,0.000195
FILLER_111_324,VGND,li1,157.3200,315.5200,0.000214
FILLER_111_316,VGND,li1,151.1100,315.5200,0.000240
FILLER_111_302,VGND,li1,144.6700,315.5200,0.000257
FILLER_111_285,VGND,li1,136.8500,315.5200,0.000280
FILLER_111_281,VGND,li1,135.7000,315.5200,0.000280
FILLER_111_251,VGND,li1,121.9000,315.5200,0.000293
FILLER_111_232,VGND,li1,112.9300,315.5200,0.000285
FILLER_111_225,VGND,li1,109.9400,315.5200,0.000283
FILLER_111_218,VGND,li1,107.1800,315.5200,0.000280
FILLER_111_206,VGND,li1,103.0400,315.5200,0.000278
FILLER_111_194,VGND,li1,97.5200,315.5200,0.000271
FILLER_111_183,VGND,li1,91.5400,315.5200,0.000264
FILLER_111_173,VGND,li1,85.3300,315.5200,0.000256
FILLER_111_169,VGND,li1,84.1800,315.5200,0.000252
FILLER_111_167,VGND,li1,82.5700,315.5200,0.000249
FILLER_111_161,VGND,li1,80.0400,315.5200,0.000245
FILLER_111_149,VGND,li1,76.8200,315.5200,0.000241
FILLER_111_136,VGND,li1,68.3100,315.5200,0.000219
FILLER_111_124,VGND,li1,65.3200,315.5200,0.000206
FILLER_111_113,VGND,li1,58.4200,315.5200,0.000182
FILLER_111_106,VGND,li1,55.6600,315.5200,0.000171
FILLER_111_94,VGND,li1,51.5200,315.5200,0.000154
FILLER_111_81,VGND,li1,44.1600,315.5200,0.000117
FILLER_111_69,VGND,li1,40.0200,315.5200,0.000106
FILLER_111_57,VGND,li1,34.5000,315.5200,0.000083
FILLER_111_54,VGND,li1,30.8200,315.5200,0.000067
FILLER_111_42,VGND,li1,27.6000,315.5200,0.000052
FILLER_111_30,VGND,li1,22.0800,315.5200,0.000043
FILLER_111_18,VGND,li1,16.5600,315.5200,0.000043
FILLER_111_6,VGND,li1,11.0400,315.5200,0.000043
FILLER_110_821,VGND,li1,383.8700,310.0800,0.000082
FILLER_110_813,VGND,li1,381.3400,310.0800,0.000082
FILLER_110_811,VGND,li1,378.8100,310.0800,0.000082
FILLER_110_805,VGND,li1,377.2000,310.0800,0.000082
FILLER_110_793,VGND,li1,373.0600,310.0800,0.000082
FILLER_110_781,VGND,li1,367.5400,310.0800,0.000082
FILLER_110_769,VGND,li1,362.0200,310.0800,0.000082
FILLER_110_757,VGND,li1,356.5000,310.0800,0.000082
FILLER_110_755,VGND,li1,353.0500,310.0800,0.000082
FILLER_110_747,VGND,li1,350.9800,310.0800,0.000082
FILLER_110_735,VGND,li1,346.3800,310.0800,0.000082
FILLER_110_712,VGND,li1,333.2700,310.0800,0.000070
FILLER_110_708,VGND,li1,332.1200,310.0800,0.000070
FILLER_110_699,VGND,li1,327.2900,310.0800,0.000094
FILLER_110_660,VGND,li1,309.3500,310.0800,0.000147
FILLER_110_652,VGND,li1,307.2800,310.0800,0.000152
FILLER_110_643,VGND,li1,301.5300,310.0800,0.000172
FILLER_110_639,VGND,li1,300.3800,310.0800,0.000172
FILLER_110_621,VGND,li1,292.1000,310.0800,0.000181
FILLER_110_609,VGND,li1,288.4200,310.0800,0.000182
FILLER_110_589,VGND,li1,276.6900,310.0800,0.000181
FILLER_110_587,VGND,li1,275.7700,310.0800,0.000181
FILLER_110_581,VGND,li1,274.1600,310.0800,0.000181
FILLER_110_565,VGND,li1,266.1100,310.0800,0.000178
FILLER_110_557,VGND,li1,263.5800,310.0800,0.000177
FILLER_110_545,VGND,li1,258.9800,310.0800,0.000175
FILLER_110_533,VGND,li1,253.4600,310.0800,0.000171
FILLER_110_528,VGND,li1,249.3200,310.0800,0.000168
FILLER_110_516,VGND,li1,245.6400,310.0800,0.000166
FILLER_110_501,VGND,li1,236.2100,310.0800,0.000157
FILLER_110_489,VGND,li1,233.2200,310.0800,0.000153
FILLER_110_477,VGND,li1,227.7000,310.0800,0.000147
FILLER_110_474,VGND,li1,224.0200,310.0800,0.000144
FILLER_110_462,VGND,li1,220.8000,310.0800,0.000139
FILLER_110_453,VGND,li1,215.2800,310.0800,0.000128
FILLER_110_437,VGND,li1,207.9200,310.0800,0.000113
FILLER_110_425,VGND,li1,203.7800,310.0800,0.000106
FILLER_110_419,VGND,li1,198.4900,310.0800,0.000093
FILLER_110_407,VGND,li1,193.2000,310.0800,0.000083
FILLER_110_395,VGND,li1,189.9800,310.0800,0.000075
FILLER_110_386,VGND,li1,183.5400,310.0800,0.000060
FILLER_110_379,VGND,li1,180.0900,310.0800,0.000045
FILLER_110_375,VGND,li1,178.9400,310.0800,0.000045
FILLER_110_365,VGND,li1,174.3400,310.0800,0.000053
FILLER_110_359,VGND,li1,170.8900,310.0800,0.000057
FILLER_110_353,VGND,li1,169.2800,310.0800,0.000057
FILLER_110_341,VGND,li1,165.1400,310.0800,0.000063
FILLER_110_331,VGND,li1,158.2400,310.0800,0.000070
FILLER_110_323,VGND,li1,155.9400,310.0800,0.000072
FILLER_110_309,VGND,li1,148.5800,310.0800,0.000079
FILLER_110_304,VGND,li1,146.2800,310.0800,0.000081
FILLER_110_299,VGND,li1,143.2900,310.0800,0.000084
FILLER_110_292,VGND,li1,140.0700,310.0800,0.000086
FILLER_110_280,VGND,li1,137.0800,310.0800,0.000088
FILLER_110_268,VGND,li1,131.5600,310.0800,0.000092
FILLER_110_260,VGND,li1,125.5800,310.0800,0.000097
FILLER_110_251,VGND,li1,121.2100,310.0800,0.000100
FILLER_110_222,VGND,li1,109.0200,310.0800,0.000107
FILLER_110_210,VGND,li1,104.8800,310.0800,0.000109
FILLER_110_197,VGND,li1,96.6000,310.0800,0.000108
FILLER_110_195,VGND,li1,95.4500,310.0800,0.000108
FILLER_110_189,VGND,li1,93.8400,310.0800,0.000105
FILLER_110_177,VGND,li1,89.7000,310.0800,0.000102
FILLER_110_165,VGND,li1,84.1800,310.0800,0.000094
FILLER_110_153,VGND,li1,78.6600,310.0800,0.000090
FILLER_110_141,VGND,li1,73.1400,310.0800,0.000083
FILLER_110_139,VGND,li1,69.6900,310.0800,0.000080
FILLER_110_131,VGND,li1,67.6200,310.0800,0.000077
FILLER_110_119,VGND,li1,63.0200,310.0800,0.000072
FILLER_110_109,VGND,li1,56.3500,310.0800,0.000064
FILLER_110_97,VGND,li1,52.9000,310.0800,0.000058
FILLER_110_85,VGND,li1,47.3800,310.0800,0.000051
FILLER_110_83,VGND,li1,43.9300,310.0800,0.000046
FILLER_110_77,VGND,li1,42.3200,310.0800,0.000043
FILLER_110_65,VGND,li1,38.1800,310.0800,0.000038
FILLER_110_53,VGND,li1,32.6600,310.0800,0.000029
FILLER_110_41,VGND,li1,27.1400,310.0800,0.000020
FILLER_110_29,VGND,li1,21.6200,310.0800,0.000016
FILLER_110_27,VGND,li1,18.1700,310.0800,0.000016
FILLER_110_15,VGND,li1,15.1800,310.0800,0.000016
FILLER_110_3,VGND,li1,9.6600,310.0800,0.000016
FILLER_109_821,VGND,li1,383.8700,310.0800,0.000082
FILLER_109_809,VGND,li1,380.4200,310.0800,0.000082
FILLER_109_797,VGND,li1,374.9000,310.0800,0.000082
FILLER_109_785,VGND,li1,369.3800,310.0800,0.000082
FILLER_109_781,VGND,li1,365.4700,310.0800,0.000082
FILLER_109_773,VGND,li1,362.9400,310.0800,0.000082
FILLER_109_761,VGND,li1,358.3400,310.0800,0.000082
FILLER_109_749,VGND,li1,352.8200,310.0800,0.000082
FILLER_109_737,VGND,li1,347.3000,310.0800,0.000082
FILLER_109_704,VGND,li1,329.5900,310.0800,0.000080
FILLER_109_698,VGND,li1,327.9800,310.0800,0.000086
FILLER_109_685,VGND,li1,321.5400,310.0800,0.000110
FILLER_109_673,VGND,li1,317.8600,310.0800,0.000120
FILLER_109_666,VGND,li1,312.1100,310.0800,0.000138
FILLER_109_654,VGND,li1,309.1200,310.0800,0.000147
FILLER_109_617,VGND,li1,290.7200,310.0800,0.000181
FILLER_109_613,VGND,li1,288.1900,310.0800,0.000182
FILLER_109_561,VGND,li1,263.8100,310.0800,0.000177
FILLER_109_559,VGND,li1,262.8900,310.0800,0.000177
FILLER_109_538,VGND,li1,253.4600,310.0800,0.000171
FILLER_109_530,VGND,li1,251.1600,310.0800,0.000169
FILLER_109_489,VGND,li1,232.3000,310.0800,0.000153
FILLER_109_474,VGND,li1,224.2500,310.0800,0.000144
FILLER_109_461,VGND,li1,218.9600,310.0800,0.000133
FILLER_109_449,VGND,li1,214.8200,310.0800,0.000128
FILLER_109_444,VGND,li1,210.6800,310.0800,0.000120
FILLER_109_432,VGND,li1,207.0000,310.0800,0.000113
FILLER_109_420,VGND,li1,201.4800,310.0800,0.000098
FILLER_109_407,VGND,li1,193.6600,310.0800,0.000083
FILLER_109_399,VGND,li1,189.2900,310.0800,0.000070
FILLER_109_393,VGND,li1,187.6800,310.0800,0.000070
FILLER_109_388,VGND,li1,184.2300,310.0800,0.000060
FILLER_109_382,VGND,li1,182.6200,310.0800,0.000055
FILLER_109_370,VGND,li1,178.4800,310.0800,0.000045
FILLER_109_350,VGND,li1,166.7500,310.0800,0.000060
FILLER_109_337,VGND,li1,160.7700,310.0800,0.000068
FILLER_109_317,VGND,li1,154.1000,310.0800,0.000075
FILLER_109_305,VGND,li1,148.5800,310.0800,0.000079
FILLER_109_293,VGND,li1,143.0600,310.0800,0.000084
FILLER_109_281,VGND,li1,137.5400,310.0800,0.000088
FILLER_109_279,VGND,li1,134.0900,310.0800,0.000091
FILLER_109_271,VGND,li1,132.0200,310.0800,0.000092
FILLER_109_259,VGND,li1,127.4200,310.0800,0.000096
FILLER_109_244,VGND,li1,117.9900,310.0800,0.000102
FILLER_109_236,VGND,li1,115.9200,310.0800,0.000103
FILLER_109_230,VGND,li1,111.7800,310.0800,0.000106
FILLER_109_225,VGND,li1,109.7100,310.0800,0.000107
FILLER_109_218,VGND,li1,107.1800,310.0800,0.000107
FILLER_109_214,VGND,li1,104.1900,310.0800,0.000109
FILLER_109_202,VGND,li1,101.2000,310.0800,0.000110
FILLER_109_189,VGND,li1,93.1500,310.0800,0.000105
FILLER_109_181,VGND,li1,90.6200,310.0800,0.000102
FILLER_109_169,VGND,li1,86.0200,310.0800,0.000098
FILLER_109_167,VGND,li1,82.5700,310.0800,0.000094
FILLER_109_163,VGND,li1,80.7300,310.0800,0.000092
FILLER_109_155,VGND,li1,78.6600,310.0800,0.000090
FILLER_109_143,VGND,li1,74.0600,310.0800,0.000083
FILLER_109_131,VGND,li1,68.5400,310.0800,0.000077
FILLER_109_119,VGND,li1,63.0200,310.0800,0.000072
FILLER_109_101,VGND,li1,52.9000,310.0800,0.000058
FILLER_109_77,VGND,li1,41.1700,310.0800,0.000043
FILLER_109_69,VGND,li1,39.1000,310.0800,0.000038
FILLER_109_57,VGND,li1,34.5000,310.0800,0.000032
FILLER_109_55,VGND,li1,31.0500,310.0800,0.000024
FILLER_109_51,VGND,li1,29.9000,310.0800,0.000024
FILLER_109_39,VGND,li1,26.2200,310.0800,0.000016
FILLER_109_27,VGND,li1,20.7000,310.0800,0.000016
FILLER_109_15,VGND,li1,15.1800,310.0800,0.000016
FILLER_109_3,VGND,li1,9.6600,310.0800,0.000016
FILLER_108_821,VGND,li1,383.8700,304.6400,0.000064
FILLER_108_813,VGND,li1,381.3400,304.6400,0.000064
FILLER_108_811,VGND,li1,378.8100,304.6400,0.000064
FILLER_108_805,VGND,li1,377.2000,304.6400,0.000064
FILLER_108_793,VGND,li1,373.0600,304.6400,0.000064
FILLER_108_781,VGND,li1,367.5400,304.6400,0.000064
FILLER_108_769,VGND,li1,362.0200,304.6400,0.000064
FILLER_108_757,VGND,li1,356.5000,304.6400,0.000064
FILLER_108_753,VGND,li1,352.5900,304.6400,0.000064
FILLER_108_741,VGND,li1,349.1400,304.6400,0.000064
FILLER_108_729,VGND,li1,343.6200,304.6400,0.000064
FILLER_108_713,VGND,li1,333.9600,304.6400,0.000063
FILLER_108_701,VGND,li1,330.7400,304.6400,0.000063
FILLER_108_699,VGND,li1,327.2900,304.6400,0.000091
FILLER_108_695,VGND,li1,326.1400,304.6400,0.000091
FILLER_108_688,VGND,li1,322.4600,304.6400,0.000113
FILLER_108_680,VGND,li1,320.1600,304.6400,0.000135
FILLER_108_665,VGND,li1,311.6500,304.6400,0.000184
FILLER_108_643,VGND,li1,301.5300,304.6400,0.000233
FILLER_108_620,VGND,li1,291.4100,304.6400,0.000269
FILLER_108_611,VGND,li1,287.0400,304.6400,0.000278
FILLER_108_603,VGND,li1,283.1300,304.6400,0.000285
FILLER_108_587,VGND,li1,275.7700,304.6400,0.000298
FILLER_108_581,VGND,li1,274.1600,304.6400,0.000298
FILLER_108_574,VGND,li1,270.2500,304.6400,0.000305
FILLER_108_561,VGND,li1,264.5000,304.6400,0.000313
FILLER_108_538,VGND,li1,253.4600,304.6400,0.000326
FILLER_108_524,VGND,li1,247.4800,304.6400,0.000330
FILLER_108_512,VGND,li1,243.8000,304.6400,0.000333
FILLER_108_501,VGND,li1,236.2100,304.6400,0.000339
FILLER_108_474,VGND,li1,224.0200,304.6400,0.000324
FILLER_108_466,VGND,li1,220.1100,304.6400,0.000303
FILLER_108_457,VGND,li1,217.1200,304.6400,0.000294
FILLER_108_444,VGND,li1,211.1400,304.6400,0.000261
FILLER_108_421,VGND,li1,199.8700,304.6400,0.000206
FILLER_108_416,VGND,li1,197.8000,304.6400,0.000194
FILLER_108_392,VGND,li1,187.2200,304.6400,0.000131
FILLER_108_380,VGND,li1,183.0800,304.6400,0.000108
FILLER_108_368,VGND,li1,177.5600,304.6400,0.000080
FILLER_108_359,VGND,li1,170.8900,304.6400,0.000093
FILLER_108_355,VGND,li1,169.0500,304.6400,0.000097
FILLER_108_342,VGND,li1,164.6800,304.6400,0.000103
FILLER_108_322,VGND,li1,154.5600,304.6400,0.000120
FILLER_108_302,VGND,li1,145.8200,304.6400,0.000126
FILLER_108_290,VGND,li1,141.6800,304.6400,0.000129
FILLER_108_278,VGND,li1,136.1600,304.6400,0.000131
FILLER_108_273,VGND,li1,131.5600,304.6400,0.000132
FILLER_108_265,VGND,li1,129.2600,304.6400,0.000132
FILLER_108_253,VGND,li1,124.6600,304.6400,0.000134
FILLER_108_247,VGND,li1,119.6000,304.6400,0.000134
FILLER_108_239,VGND,li1,117.3000,304.6400,0.000134
FILLER_108_227,VGND,li1,112.7000,304.6400,0.000134
FILLER_108_205,VGND,li1,100.0500,304.6400,0.000130
FILLER_108_197,VGND,li1,97.9800,304.6400,0.000130
FILLER_108_193,VGND,li1,94.9900,304.6400,0.000128
FILLER_108_174,VGND,li1,86.0200,304.6400,0.000122
FILLER_108_149,VGND,li1,74.9800,304.6400,0.000112
FILLER_108_141,VGND,li1,70.6100,304.6400,0.000103
FILLER_108_128,VGND,li1,66.2400,304.6400,0.000098
FILLER_108_113,VGND,li1,60.2600,304.6400,0.000088
FILLER_108_102,VGND,li1,53.8200,304.6400,0.000077
FILLER_108_89,VGND,li1,46.6900,304.6400,0.000063
FILLER_108_83,VGND,li1,43.9300,304.6400,0.000055
FILLER_108_77,VGND,li1,42.3200,304.6400,0.000055
FILLER_108_65,VGND,li1,38.1800,304.6400,0.000046
FILLER_108_53,VGND,li1,32.6600,304.6400,0.000035
FILLER_108_41,VGND,li1,27.1400,304.6400,0.000024
FILLER_108_29,VGND,li1,21.6200,304.6400,0.000020
FILLER_108_27,VGND,li1,18.1700,304.6400,0.000020
FILLER_108_15,VGND,li1,15.1800,304.6400,0.000020
FILLER_108_3,VGND,li1,9.6600,304.6400,0.000020
FILLER_107_821,VGND,li1,383.8700,304.6400,0.000064
FILLER_107_809,VGND,li1,380.4200,304.6400,0.000064
FILLER_107_797,VGND,li1,374.9000,304.6400,0.000064
FILLER_107_785,VGND,li1,369.3800,304.6400,0.000064
FILLER_107_783,VGND,li1,365.9300,304.6400,0.000064
FILLER_107_777,VGND,li1,364.3200,304.6400,0.000064
FILLER_107_765,VGND,li1,360.1800,304.6400,0.000064
FILLER_107_753,VGND,li1,354.6600,304.6400,0.000064
FILLER_107_741,VGND,li1,349.1400,304.6400,0.000064
FILLER_107_729,VGND,li1,343.6200,304.6400,0.000064
FILLER_107_724,VGND,li1,339.4800,304.6400,0.000064
FILLER_107_716,VGND,li1,335.3400,304.6400,0.000063
FILLER_107_704,VGND,li1,332.1200,304.6400,0.000063
FILLER_107_680,VGND,li1,318.7800,304.6400,0.000135
FILLER_107_671,VGND,li1,314.4100,304.6400,0.000166
FILLER_107_662,VGND,li1,310.2700,304.6400,0.000184
FILLER_107_644,VGND,li1,302.6800,304.6400,0.000233
FILLER_107_638,VGND,li1,299.4600,304.6400,0.000244
FILLER_107_631,VGND,li1,296.7000,304.6400,0.000259
FILLER_107_617,VGND,li1,290.0300,304.6400,0.000274
FILLER_107_613,VGND,li1,288.1900,304.6400,0.000278
FILLER_107_601,VGND,li1,282.2100,304.6400,0.000288
FILLER_107_597,VGND,li1,281.0600,304.6400,0.000288
FILLER_107_585,VGND,li1,277.3800,304.6400,0.000295
FILLER_107_573,VGND,li1,271.8600,304.6400,0.000301
FILLER_107_561,VGND,li1,266.3400,304.6400,0.000309
FILLER_107_559,VGND,li1,262.8900,304.6400,0.000316
FILLER_107_553,VGND,li1,261.2800,304.6400,0.000316
FILLER_107_529,VGND,li1,250.2400,304.6400,0.000328
FILLER_107_517,VGND,li1,244.2600,304.6400,0.000333
FILLER_107_505,VGND,li1,240.5800,304.6400,0.000335
FILLER_107_501,VGND,li1,236.6700,304.6400,0.000339
FILLER_107_489,VGND,li1,233.2200,304.6400,0.000340
FILLER_107_482,VGND,li1,227.7000,304.6400,0.000336
FILLER_107_459,VGND,li1,219.4200,304.6400,0.000303
FILLER_107_438,VGND,li1,207.6900,304.6400,0.000248
FILLER_107_416,VGND,li1,197.5700,304.6400,0.000194
FILLER_107_408,VGND,li1,195.0400,304.6400,0.000173
FILLER_107_393,VGND,li1,186.5300,304.6400,0.000131
FILLER_107_386,VGND,li1,183.7700,304.6400,0.000118
FILLER_107_373,VGND,li1,177.3300,304.6400,0.000080
FILLER_107_367,VGND,li1,175.7200,304.6400,0.000086
FILLER_107_355,VGND,li1,171.5800,304.6400,0.000093
FILLER_107_343,VGND,li1,166.0600,304.6400,0.000103
FILLER_107_334,VGND,li1,159.6200,304.6400,0.000111
FILLER_107_325,VGND,li1,155.7100,304.6400,0.000117
FILLER_107_317,VGND,li1,153.1800,304.6400,0.000120
FILLER_107_311,VGND,li1,148.8100,304.6400,0.000124
FILLER_107_303,VGND,li1,146.7400,304.6400,0.000126
FILLER_107_262,VGND,li1,127.4200,304.6400,0.000133
FILLER_107_256,VGND,li1,123.5100,304.6400,0.000134
FILLER_107_252,VGND,li1,122.3600,304.6400,0.000134
FILLER_107_244,VGND,li1,118.6800,304.6400,0.000134
FILLER_107_216,VGND,li1,105.1100,304.6400,0.000132
FILLER_107_211,VGND,li1,103.0400,304.6400,0.000132
FILLER_107_199,VGND,li1,99.8200,304.6400,0.000130
FILLER_107_184,VGND,li1,90.6200,304.6400,0.000126
FILLER_107_172,VGND,li1,87.4000,304.6400,0.000122
FILLER_107_167,VGND,li1,82.5700,304.6400,0.000120
FILLER_107_160,VGND,li1,79.3500,304.6400,0.000117
FILLER_107_154,VGND,li1,77.7400,304.6400,0.000115
FILLER_107_142,VGND,li1,72.2200,304.6400,0.000108
FILLER_107_111,VGND,li1,56.8100,304.6400,0.000081
FILLER_107_105,VGND,li1,55.2000,304.6400,0.000077
FILLER_107_97,VGND,li1,50.3700,304.6400,0.000068
FILLER_107_93,VGND,li1,49.2200,304.6400,0.000068
FILLER_107_81,VGND,li1,45.5400,304.6400,0.000059
FILLER_107_69,VGND,li1,40.0200,304.6400,0.000050
FILLER_107_57,VGND,li1,34.5000,304.6400,0.000039
FILLER_107_55,VGND,li1,31.0500,304.6400,0.000030
FILLER_107_51,VGND,li1,29.9000,304.6400,0.000030
FILLER_107_39,VGND,li1,26.2200,304.6400,0.000020
FILLER_107_27,VGND,li1,20.7000,304.6400,0.000020
FILLER_107_15,VGND,li1,15.1800,304.6400,0.000020
FILLER_107_3,VGND,li1,9.6600,304.6400,0.000020
FILLER_106_821,VGND,li1,383.8700,299.2000,0.000015
FILLER_106_813,VGND,li1,381.3400,299.2000,0.000015
FILLER_106_811,VGND,li1,378.8100,299.2000,0.000015
FILLER_106_805,VGND,li1,377.2000,299.2000,0.000015
FILLER_106_793,VGND,li1,373.0600,299.2000,0.000015
FILLER_106_781,VGND,li1,367.5400,299.2000,0.000015
FILLER_106_769,VGND,li1,362.0200,299.2000,0.000015
FILLER_106_757,VGND,li1,356.5000,299.2000,0.000015
FILLER_106_755,VGND,li1,353.0500,299.2000,0.000015
FILLER_106_749,VGND,li1,351.4400,299.2000,0.000015
FILLER_106_737,VGND,li1,347.3000,299.2000,0.000015
FILLER_106_725,VGND,li1,341.7800,299.2000,0.000015
FILLER_106_713,VGND,li1,336.2600,299.2000,0.000015
FILLER_106_701,VGND,li1,330.7400,299.2000,0.000015
FILLER_106_697,VGND,li1,326.8300,299.2000,0.000020
FILLER_106_685,VGND,li1,323.3800,299.2000,0.000025
FILLER_106_673,VGND,li1,317.8600,299.2000,0.000033
FILLER_106_661,VGND,li1,312.3400,299.2000,0.000041
FILLER_106_645,VGND,li1,302.9100,299.2000,0.000056
FILLER_106_643,VGND,li1,301.5300,299.2000,0.000056
FILLER_106_639,VGND,li1,299.6900,299.2000,0.000059
FILLER_106_632,VGND,li1,297.1600,299.2000,0.000062
FILLER_106_620,VGND,li1,293.4800,299.2000,0.000066
FILLER_106_608,VGND,li1,287.9600,299.2000,0.000072
FILLER_106_598,VGND,li1,281.9800,299.2000,0.000078
FILLER_106_587,VGND,li1,275.7700,299.2000,0.000085
FILLER_106_581,VGND,li1,274.1600,299.2000,0.000085
FILLER_106_569,VGND,li1,270.0200,299.2000,0.000088
FILLER_106_545,VGND,li1,257.6000,299.2000,0.000096
FILLER_106_533,VGND,li1,253.4600,299.2000,0.000097
FILLER_106_530,VGND,li1,249.7800,299.2000,0.000098
FILLER_106_512,VGND,li1,241.9600,299.2000,0.000100
FILLER_106_503,VGND,li1,238.2800,299.2000,0.000099
FILLER_106_494,VGND,li1,234.1400,299.2000,0.000099
FILLER_106_477,VGND,li1,225.1700,299.2000,0.000096
FILLER_106_464,VGND,li1,221.7200,299.2000,0.000094
FILLER_106_452,VGND,li1,216.2000,299.2000,0.000090
FILLER_106_445,VGND,li1,211.1400,299.2000,0.000086
FILLER_106_433,VGND,li1,207.4600,299.2000,0.000081
FILLER_106_421,VGND,li1,201.9400,299.2000,0.000076
FILLER_106_419,VGND,li1,198.4900,299.2000,0.000071
FILLER_106_415,VGND,li1,197.3400,299.2000,0.000071
FILLER_106_403,VGND,li1,193.6600,299.2000,0.000065
FILLER_106_395,VGND,li1,187.9100,299.2000,0.000059
FILLER_106_387,VGND,li1,185.3800,299.2000,0.000053
FILLER_106_377,VGND,li1,179.8600,299.2000,0.000044
FILLER_106_365,VGND,li1,176.1800,299.2000,0.000051
FILLER_106_361,VGND,li1,172.2700,299.2000,0.000060
FILLER_106_353,VGND,li1,169.7400,299.2000,0.000066
FILLER_106_341,VGND,li1,165.1400,299.2000,0.000079
FILLER_106_337,VGND,li1,160.7700,299.2000,0.000087
FILLER_106_328,VGND,li1,157.3200,299.2000,0.000095
FILLER_106_316,VGND,li1,153.6400,299.2000,0.000104
FILLER_106_305,VGND,li1,146.5100,299.2000,0.000113
FILLER_106_297,VGND,li1,143.9800,299.2000,0.000116
FILLER_106_287,VGND,li1,138.4600,299.2000,0.000124
FILLER_106_279,VGND,li1,134.0900,299.2000,0.000130
FILLER_106_275,VGND,li1,132.2500,299.2000,0.000132
FILLER_106_267,VGND,li1,130.1800,299.2000,0.000136
FILLER_106_253,VGND,li1,122.1300,299.2000,0.000143
FILLER_106_251,VGND,li1,121.2100,299.2000,0.000143
FILLER_106_237,VGND,li1,114.7700,299.2000,0.000143
FILLER_106_233,VGND,li1,113.6200,299.2000,0.000143
FILLER_106_226,VGND,li1,109.7100,299.2000,0.000142
FILLER_106_222,VGND,li1,108.5600,299.2000,0.000142
FILLER_106_210,VGND,li1,104.8800,299.2000,0.000141
FILLER_106_190,VGND,li1,93.3800,299.2000,0.000137
FILLER_106_178,VGND,li1,90.1600,299.2000,0.000132
FILLER_106_166,VGND,li1,84.6400,299.2000,0.000128
FILLER_106_154,VGND,li1,79.1200,299.2000,0.000120
FILLER_106_141,VGND,li1,72.2200,299.2000,0.000113
FILLER_106_132,VGND,li1,68.0800,299.2000,0.000108
FILLER_106_110,VGND,li1,57.9600,299.2000,0.000092
FILLER_106_85,VGND,li1,45.3100,299.2000,0.000067
FILLER_106_83,VGND,li1,43.9300,299.2000,0.000062
FILLER_106_77,VGND,li1,42.3200,299.2000,0.000062
FILLER_106_65,VGND,li1,38.1800,299.2000,0.000053
FILLER_106_53,VGND,li1,32.6600,299.2000,0.000040
FILLER_106_41,VGND,li1,27.1400,299.2000,0.000028
FILLER_106_29,VGND,li1,21.6200,299.2000,0.000023
FILLER_106_25,VGND,li1,17.7100,299.2000,0.000024
FILLER_106_13,VGND,li1,14.2600,299.2000,0.000024
FILLER_105_821,VGND,li1,383.8700,299.2000,0.000015
FILLER_105_809,VGND,li1,380.4200,299.2000,0.000015
FILLER_105_797,VGND,li1,374.9000,299.2000,0.000015
FILLER_105_785,VGND,li1,369.3800,299.2000,0.000015
FILLER_105_783,VGND,li1,365.9300,299.2000,0.000015
FILLER_105_777,VGND,li1,364.3200,299.2000,0.000015
FILLER_105_765,VGND,li1,360.1800,299.2000,0.000015
FILLER_105_753,VGND,li1,354.6600,299.2000,0.000015
FILLER_105_741,VGND,li1,349.1400,299.2000,0.000015
FILLER_105_729,VGND,li1,343.6200,299.2000,0.000015
FILLER_105_727,VGND,li1,340.1700,299.2000,0.000015
FILLER_105_721,VGND,li1,338.5600,299.2000,0.000015
FILLER_105_709,VGND,li1,334.4200,299.2000,0.000015
FILLER_105_697,VGND,li1,328.9000,299.2000,0.000017
FILLER_105_685,VGND,li1,323.3800,299.2000,0.000025
FILLER_105_673,VGND,li1,317.8600,299.2000,0.000033
FILLER_105_671,VGND,li1,314.4100,299.2000,0.000038
FILLER_105_667,VGND,li1,313.2600,299.2000,0.000041
FILLER_105_655,VGND,li1,309.5800,299.2000,0.000047
FILLER_105_565,VGND,li1,265.6500,299.2000,0.000091
FILLER_105_561,VGND,li1,264.5000,299.2000,0.000093
FILLER_105_559,VGND,li1,262.8900,299.2000,0.000093
FILLER_105_554,VGND,li1,260.5900,299.2000,0.000095
FILLER_105_547,VGND,li1,257.3700,299.2000,0.000096
FILLER_105_543,VGND,li1,256.2200,299.2000,0.000096
FILLER_105_525,VGND,li1,247.2500,299.2000,0.000099
FILLER_105_502,VGND,li1,236.9000,299.2000,0.000099
FILLER_105_480,VGND,li1,226.5500,299.2000,0.000097
FILLER_105_474,VGND,li1,224.9400,299.2000,0.000096
FILLER_105_462,VGND,li1,219.8800,299.2000,0.000093
FILLER_105_447,VGND,li1,211.3700,299.2000,0.000086
FILLER_105_439,VGND,li1,209.3000,299.2000,0.000084
FILLER_105_431,VGND,li1,204.2400,299.2000,0.000079
FILLER_105_418,VGND,li1,198.2600,299.2000,0.000071
FILLER_105_406,VGND,li1,192.9700,299.2000,0.000065
FILLER_105_398,VGND,li1,190.4400,299.2000,0.000061
FILLER_105_390,VGND,li1,185.3800,299.2000,0.000053
FILLER_105_376,VGND,li1,178.9400,299.2000,0.000044
FILLER_105_364,VGND,li1,173.1900,299.2000,0.000060
FILLER_105_352,VGND,li1,170.2000,299.2000,0.000066
FILLER_105_344,VGND,li1,163.9900,299.2000,0.000079
FILLER_105_327,VGND,li1,156.6300,299.2000,0.000095
FILLER_105_318,VGND,li1,152.2600,299.2000,0.000104
FILLER_105_298,VGND,li1,144.4400,299.2000,0.000116
FILLER_105_286,VGND,li1,139.8400,299.2000,0.000124
FILLER_105_274,VGND,li1,132.9400,299.2000,0.000132
FILLER_105_262,VGND,li1,128.8000,299.2000,0.000136
FILLER_105_247,VGND,li1,119.6000,299.2000,0.000143
FILLER_105_237,VGND,li1,115.4600,299.2000,0.000143
FILLER_105_225,VGND,li1,111.7800,299.2000,0.000142
FILLER_105_222,VGND,li1,108.1000,299.2000,0.000142
FILLER_105_218,VGND,li1,106.0300,299.2000,0.000142
FILLER_105_211,VGND,li1,103.2700,299.2000,0.000141
FILLER_105_203,VGND,li1,100.7400,299.2000,0.000141
FILLER_105_179,VGND,li1,89.2400,299.2000,0.000132
FILLER_105_175,VGND,li1,86.2500,299.2000,0.000128
FILLER_105_169,VGND,li1,84.6400,299.2000,0.000128
FILLER_105_164,VGND,li1,81.8800,299.2000,0.000125
FILLER_105_145,VGND,li1,72.6800,299.2000,0.000113
FILLER_105_133,VGND,li1,69.4600,299.2000,0.000108
FILLER_105_113,VGND,li1,57.9600,299.2000,0.000092
FILLER_105_110,VGND,li1,56.5800,299.2000,0.000088
FILLER_105_99,VGND,li1,51.2900,299.2000,0.000081
FILLER_105_90,VGND,li1,47.3800,299.2000,0.000072
FILLER_105_81,VGND,li1,43.4700,299.2000,0.000062
FILLER_105_69,VGND,li1,40.0200,299.2000,0.000057
FILLER_105_57,VGND,li1,34.5000,299.2000,0.000044
FILLER_105_55,VGND,li1,31.0500,299.2000,0.000034
FILLER_105_51,VGND,li1,29.9000,299.2000,0.000034
FILLER_105_39,VGND,li1,26.2200,299.2000,0.000023
FILLER_105_27,VGND,li1,20.7000,299.2000,0.000023
FILLER_105_15,VGND,li1,15.1800,299.2000,0.000024
FILLER_105_3,VGND,li1,9.6600,299.2000,0.000024
FILLER_104_821,VGND,li1,383.8700,293.7600,0.000011
FILLER_104_813,VGND,li1,381.3400,293.7600,0.000011
FILLER_104_811,VGND,li1,378.8100,293.7600,0.000011
FILLER_104_805,VGND,li1,377.2000,293.7600,0.000011
FILLER_104_793,VGND,li1,373.0600,293.7600,0.000011
FILLER_104_781,VGND,li1,367.5400,293.7600,0.000011
FILLER_104_769,VGND,li1,362.0200,293.7600,0.000011
FILLER_104_757,VGND,li1,356.5000,293.7600,0.000011
FILLER_104_755,VGND,li1,353.0500,293.7600,0.000011
FILLER_104_749,VGND,li1,351.4400,293.7600,0.000011
FILLER_104_737,VGND,li1,347.3000,293.7600,0.000011
FILLER_104_725,VGND,li1,341.7800,293.7600,0.000011
FILLER_104_713,VGND,li1,336.2600,293.7600,0.000011
FILLER_104_701,VGND,li1,330.7400,293.7600,0.000013
FILLER_104_699,VGND,li1,327.2900,293.7600,0.000016
FILLER_104_693,VGND,li1,325.6800,293.7600,0.000019
FILLER_104_681,VGND,li1,321.5400,293.7600,0.000022
FILLER_104_669,VGND,li1,316.0200,293.7600,0.000028
FILLER_104_657,VGND,li1,310.5000,293.7600,0.000033
FILLER_104_645,VGND,li1,304.9800,293.7600,0.000040
FILLER_104_638,VGND,li1,300.3800,293.7600,0.000043
FILLER_104_626,VGND,li1,296.2400,293.7600,0.000046
FILLER_104_620,VGND,li1,291.4100,293.7600,0.000051
FILLER_104_612,VGND,li1,288.8800,293.7600,0.000053
FILLER_104_597,VGND,li1,282.9000,293.7600,0.000058
FILLER_104_589,VGND,li1,276.6900,293.7600,0.000064
FILLER_104_564,VGND,li1,265.1900,293.7600,0.000070
FILLER_104_539,VGND,li1,254.3800,293.7600,0.000075
FILLER_104_529,VGND,li1,249.5500,293.7600,0.000077
FILLER_104_483,VGND,li1,227.9300,293.7600,0.000077
FILLER_104_461,VGND,li1,218.2700,293.7600,0.000074
FILLER_104_449,VGND,li1,213.4400,293.7600,0.000071
FILLER_104_400,VGND,li1,190.2100,293.7600,0.000052
FILLER_104_388,VGND,li1,186.7600,293.7600,0.000047
FILLER_104_372,VGND,li1,178.0200,293.7600,0.000034
FILLER_104_352,VGND,li1,168.8200,293.7600,0.000049
FILLER_104_347,VGND,li1,165.3700,293.7600,0.000056
FILLER_104_332,VGND,li1,159.6200,293.7600,0.000062
FILLER_104_320,VGND,li1,155.4800,293.7600,0.000068
FILLER_104_301,VGND,li1,144.2100,293.7600,0.000082
FILLER_104_297,VGND,li1,143.0600,293.7600,0.000082
FILLER_104_285,VGND,li1,137.0800,293.7600,0.000087
FILLER_104_270,VGND,li1,129.9500,293.7600,0.000094
FILLER_104_261,VGND,li1,125.8100,293.7600,0.000096
FILLER_104_253,VGND,li1,123.7400,293.7600,0.000097
FILLER_104_250,VGND,li1,120.9800,293.7600,0.000098
FILLER_104_197,VGND,li1,97.9800,293.7600,0.000100
FILLER_104_193,VGND,li1,94.9900,293.7600,0.000100
FILLER_104_173,VGND,li1,85.3300,293.7600,0.000097
FILLER_104_156,VGND,li1,78.2000,293.7600,0.000093
FILLER_104_141,VGND,li1,70.6100,293.7600,0.000087
FILLER_104_137,VGND,li1,69.2300,293.7600,0.000087
FILLER_104_110,VGND,li1,56.3500,293.7600,0.000069
FILLER_104_104,VGND,li1,54.7400,293.7600,0.000069
FILLER_104_93,VGND,li1,48.7600,293.7600,0.000060
FILLER_104_88,VGND,li1,46.2300,293.7600,0.000055
FILLER_104_83,VGND,li1,43.9300,293.7600,0.000049
FILLER_104_77,VGND,li1,42.3200,293.7600,0.000049
FILLER_104_65,VGND,li1,38.1800,293.7600,0.000041
FILLER_104_53,VGND,li1,32.6600,293.7600,0.000032
FILLER_104_41,VGND,li1,27.1400,293.7600,0.000022
FILLER_104_29,VGND,li1,21.6200,293.7600,0.000019
FILLER_104_27,VGND,li1,18.1700,293.7600,0.000019
FILLER_104_19,VGND,li1,16.1000,293.7600,0.000019
FILLER_104_7,VGND,li1,11.5000,293.7600,0.000020
FILLER_103_821,VGND,li1,383.8700,293.7600,0.000011
FILLER_103_809,VGND,li1,380.4200,293.7600,0.000011
FILLER_103_797,VGND,li1,374.9000,293.7600,0.000011
FILLER_103_785,VGND,li1,369.3800,293.7600,0.000011
FILLER_103_783,VGND,li1,365.9300,293.7600,0.000011
FILLER_103_777,VGND,li1,364.3200,293.7600,0.000011
FILLER_103_765,VGND,li1,360.1800,293.7600,0.000011
FILLER_103_753,VGND,li1,354.6600,293.7600,0.000011
FILLER_103_741,VGND,li1,349.1400,293.7600,0.000011
FILLER_103_729,VGND,li1,343.6200,293.7600,0.000011
FILLER_103_726,VGND,li1,339.9400,293.7600,0.000011
FILLER_103_714,VGND,li1,336.7200,293.7600,0.000011
FILLER_103_697,VGND,li1,327.5200,293.7600,0.000016
FILLER_103_685,VGND,li1,322.0000,293.7600,0.000022
FILLER_103_673,VGND,li1,317.8600,293.7600,0.000026
FILLER_103_669,VGND,li1,313.9500,293.7600,0.000030
FILLER_103_657,VGND,li1,310.5000,293.7600,0.000033
FILLER_103_641,VGND,li1,300.8400,293.7600,0.000043
FILLER_103_629,VGND,li1,297.6200,293.7600,0.000046
FILLER_103_617,VGND,li1,292.1000,293.7600,0.000051
FILLER_103_615,VGND,li1,288.6500,293.7600,0.000053
FILLER_103_609,VGND,li1,287.0400,293.7600,0.000055
FILLER_103_597,VGND,li1,282.9000,293.7600,0.000058
FILLER_103_589,VGND,li1,277.3800,293.7600,0.000062
FILLER_103_584,VGND,li1,274.3900,293.7600,0.000065
FILLER_103_580,VGND,li1,273.2400,293.7600,0.000065
FILLER_103_573,VGND,li1,269.7900,293.7600,0.000068
FILLER_103_561,VGND,li1,266.3400,293.7600,0.000070
FILLER_103_557,VGND,li1,262.4300,293.7600,0.000072
FILLER_103_531,VGND,li1,252.5400,293.7600,0.000076
FILLER_103_519,VGND,li1,247.0200,293.7600,0.000077
FILLER_103_492,VGND,li1,234.6000,293.7600,0.000078
FILLER_103_480,VGND,li1,229.0800,293.7600,0.000077
FILLER_103_453,VGND,li1,214.1300,293.7600,0.000072
FILLER_103_449,VGND,li1,212.9800,293.7600,0.000071
FILLER_103_447,VGND,li1,211.3700,293.7600,0.000070
FILLER_103_441,VGND,li1,209.7600,293.7600,0.000070
FILLER_103_435,VGND,li1,206.3100,293.7600,0.000067
FILLER_103_400,VGND,li1,191.3600,293.7600,0.000052
FILLER_103_382,VGND,li1,182.1600,293.7600,0.000039
FILLER_103_370,VGND,li1,178.4800,293.7600,0.000034
FILLER_103_341,VGND,li1,162.6100,293.7600,0.000060
FILLER_103_337,VGND,li1,161.4600,293.7600,0.000060
FILLER_103_333,VGND,li1,159.3900,293.7600,0.000062
FILLER_103_321,VGND,li1,155.9400,293.7600,0.000068
FILLER_103_309,VGND,li1,150.4200,293.7600,0.000074
FILLER_103_289,VGND,li1,139.3800,293.7600,0.000086
FILLER_103_281,VGND,li1,135.2400,293.7600,0.000090
FILLER_103_279,VGND,li1,134.0900,293.7600,0.000090
FILLER_103_275,VGND,li1,132.9400,293.7600,0.000091
FILLER_103_259,VGND,li1,124.8900,293.7600,0.000096
FILLER_103_237,VGND,li1,114.7700,293.7600,0.000101
FILLER_103_231,VGND,li1,113.1600,293.7600,0.000101
FILLER_103_223,VGND,li1,108.3300,293.7600,0.000101
FILLER_103_212,VGND,li1,103.7300,293.7600,0.000101
FILLER_103_205,VGND,li1,100.2800,293.7600,0.000101
FILLER_103_199,VGND,li1,97.7500,293.7600,0.000100
FILLER_103_191,VGND,li1,95.2200,293.7600,0.000100
FILLER_103_169,VGND,li1,83.9500,293.7600,0.000097
FILLER_103_158,VGND,li1,78.8900,293.7600,0.000094
FILLER_103_150,VGND,li1,74.9800,293.7600,0.000092
FILLER_103_111,VGND,li1,56.8100,293.7600,0.000073
FILLER_103_105,VGND,li1,55.2000,293.7600,0.000069
FILLER_103_93,VGND,li1,51.0600,293.7600,0.000063
FILLER_103_81,VGND,li1,45.5400,293.7600,0.000052
FILLER_103_69,VGND,li1,40.0200,293.7600,0.000045
FILLER_103_57,VGND,li1,34.5000,293.7600,0.000035
FILLER_103_55,VGND,li1,31.0500,293.7600,0.000027
FILLER_103_51,VGND,li1,29.9000,293.7600,0.000027
FILLER_103_39,VGND,li1,26.2200,293.7600,0.000018
FILLER_103_27,VGND,li1,20.7000,293.7600,0.000019
FILLER_103_15,VGND,li1,15.1800,293.7600,0.000019
FILLER_103_3,VGND,li1,9.6600,293.7600,0.000020
FILLER_102_821,VGND,li1,383.8700,288.3200,0.000045
FILLER_102_813,VGND,li1,381.3400,288.3200,0.000045
FILLER_102_811,VGND,li1,378.8100,288.3200,0.000045
FILLER_102_805,VGND,li1,377.2000,288.3200,0.000045
FILLER_102_793,VGND,li1,373.0600,288.3200,0.000045
FILLER_102_781,VGND,li1,367.5400,288.3200,0.000045
FILLER_102_769,VGND,li1,362.0200,288.3200,0.000044
FILLER_102_757,VGND,li1,356.5000,288.3200,0.000044
FILLER_102_750,VGND,li1,351.9000,288.3200,0.000044
FILLER_102_738,VGND,li1,347.7600,288.3200,0.000044
FILLER_102_726,VGND,li1,342.2400,288.3200,0.000043
FILLER_102_701,VGND,li1,328.9000,288.3200,0.000052
FILLER_102_699,VGND,li1,327.2900,288.3200,0.000052
FILLER_102_667,VGND,li1,312.8000,288.3200,0.000097
FILLER_102_659,VGND,li1,310.5000,288.3200,0.000106
FILLER_102_630,VGND,li1,296.2400,288.3200,0.000144
FILLER_102_618,VGND,li1,292.5600,288.3200,0.000152
FILLER_102_607,VGND,li1,284.9700,288.3200,0.000169
FILLER_102_603,VGND,li1,283.8200,288.3200,0.000169
FILLER_102_587,VGND,li1,275.7700,288.3200,0.000185
FILLER_102_581,VGND,li1,274.1600,288.3200,0.000190
FILLER_102_569,VGND,li1,270.0200,288.3200,0.000199
FILLER_102_557,VGND,li1,264.5000,288.3200,0.000207
FILLER_102_545,VGND,li1,258.9800,288.3200,0.000220
FILLER_102_533,VGND,li1,253.4600,288.3200,0.000228
FILLER_102_524,VGND,li1,248.4000,288.3200,0.000237
FILLER_102_509,VGND,li1,240.1200,288.3200,0.000250
FILLER_102_501,VGND,li1,237.8200,288.3200,0.000253
FILLER_102_489,VGND,li1,233.2200,288.3200,0.000260
FILLER_102_477,VGND,li1,227.7000,288.3200,0.000250
FILLER_102_458,VGND,li1,217.5800,288.3200,0.000232
FILLER_102_445,VGND,li1,211.6000,288.3200,0.000220
FILLER_102_433,VGND,li1,207.4600,288.3200,0.000213
FILLER_102_421,VGND,li1,201.9400,288.3200,0.000202
FILLER_102_419,VGND,li1,198.4900,288.3200,0.000193
FILLER_102_413,VGND,li1,196.8800,288.3200,0.000189
FILLER_102_401,VGND,li1,192.7400,288.3200,0.000183
FILLER_102_377,VGND,li1,181.7000,288.3200,0.000157
FILLER_102_365,VGND,li1,176.1800,288.3200,0.000190
FILLER_102_361,VGND,li1,172.2700,288.3200,0.000234
FILLER_102_353,VGND,li1,169.7400,288.3200,0.000267
FILLER_102_345,VGND,li1,164.9100,288.3200,0.000349
FILLER_102_333,VGND,li1,161.4600,288.3200,0.000372
FILLER_102_321,VGND,li1,155.9400,288.3200,0.000459
FILLER_102_309,VGND,li1,150.4200,288.3200,0.000507
FILLER_102_296,VGND,li1,144.4400,288.3200,0.000559
FILLER_102_284,VGND,li1,138.9200,288.3200,0.000532
FILLER_102_261,VGND,li1,125.8100,288.3200,0.000484
FILLER_102_253,VGND,li1,123.7400,288.3200,0.000475
FILLER_102_249,VGND,li1,120.7500,288.3200,0.000463
FILLER_102_241,VGND,li1,118.2200,288.3200,0.000445
FILLER_102_229,VGND,li1,113.6200,288.3200,0.000432
FILLER_102_217,VGND,li1,108.1000,288.3200,0.000403
FILLER_102_205,VGND,li1,102.5800,288.3200,0.000385
FILLER_102_197,VGND,li1,96.8300,288.3200,0.000361
FILLER_102_192,VGND,li1,94.7600,288.3200,0.000352
FILLER_102_180,VGND,li1,91.0800,288.3200,0.000336
FILLER_102_168,VGND,li1,83.7200,288.3200,0.000299
FILLER_102_156,VGND,li1,80.0400,288.3200,0.000288
FILLER_102_144,VGND,li1,74.5200,288.3200,0.000264
FILLER_102_137,VGND,li1,69.2300,288.3200,0.000235
FILLER_102_131,VGND,li1,66.4700,288.3200,0.000226
FILLER_102_123,VGND,li1,63.9400,288.3200,0.000218
FILLER_102_117,VGND,li1,59.8000,288.3200,0.000199
FILLER_102_109,VGND,li1,57.5000,288.3200,0.000188
FILLER_102_97,VGND,li1,52.9000,288.3200,0.000169
FILLER_102_85,VGND,li1,47.3800,288.3200,0.000144
FILLER_102_83,VGND,li1,43.9300,288.3200,0.000122
FILLER_102_77,VGND,li1,42.3200,288.3200,0.000122
FILLER_102_65,VGND,li1,38.1800,288.3200,0.000103
FILLER_102_53,VGND,li1,32.6600,288.3200,0.000079
FILLER_102_41,VGND,li1,27.1400,288.3200,0.000054
FILLER_102_29,VGND,li1,21.6200,288.3200,0.000046
FILLER_102_27,VGND,li1,18.1700,288.3200,0.000046
FILLER_102_19,VGND,li1,16.1000,288.3200,0.000046
FILLER_102_7,VGND,li1,11.5000,288.3200,0.000047
FILLER_101_817,VGND,li1,382.0300,288.3200,0.000045
FILLER_101_809,VGND,li1,379.5000,288.3200,0.000045
FILLER_101_797,VGND,li1,374.9000,288.3200,0.000045
FILLER_101_785,VGND,li1,369.3800,288.3200,0.000045
FILLER_101_783,VGND,li1,365.9300,288.3200,0.000044
FILLER_101_779,VGND,li1,364.7800,288.3200,0.000044
FILLER_101_767,VGND,li1,361.1000,288.3200,0.000044
FILLER_101_755,VGND,li1,355.5800,288.3200,0.000044
FILLER_101_743,VGND,li1,350.0600,288.3200,0.000044
FILLER_101_703,VGND,li1,329.1300,288.3200,0.000047
FILLER_101_695,VGND,li1,327.0600,288.3200,0.000058
FILLER_101_666,VGND,li1,312.3400,288.3200,0.000097
FILLER_101_654,VGND,li1,309.1200,288.3200,0.000106
FILLER_101_632,VGND,li1,298.0800,288.3200,0.000135
FILLER_101_608,VGND,li1,285.4300,288.3200,0.000169
FILLER_101_604,VGND,li1,284.2800,288.3200,0.000169
FILLER_101_592,VGND,li1,278.0700,288.3200,0.000180
FILLER_101_588,VGND,li1,276.9200,288.3200,0.000185
FILLER_101_576,VGND,li1,273.2400,288.3200,0.000190
FILLER_101_572,VGND,li1,268.8700,288.3200,0.000199
FILLER_101_567,VGND,li1,266.5700,288.3200,0.000203
FILLER_101_561,VGND,li1,264.9600,288.3200,0.000207
FILLER_101_558,VGND,li1,262.6600,288.3200,0.000211
FILLER_101_547,VGND,li1,258.0600,288.3200,0.000220
FILLER_101_535,VGND,li1,254.3800,288.3200,0.000228
FILLER_101_505,VGND,li1,238.5100,288.3200,0.000253
FILLER_101_480,VGND,li1,227.2400,288.3200,0.000250
FILLER_101_468,VGND,li1,223.5600,288.3200,0.000241
FILLER_101_456,VGND,li1,218.0400,288.3200,0.000232
FILLER_101_449,VGND,li1,212.9800,288.3200,0.000224
FILLER_101_445,VGND,li1,210.9100,288.3200,0.000220
FILLER_101_437,VGND,li1,208.3800,288.3200,0.000213
FILLER_101_422,VGND,li1,200.1000,288.3200,0.000198
FILLER_101_414,VGND,li1,197.8000,288.3200,0.000193
FILLER_101_402,VGND,li1,193.2000,288.3200,0.000183
FILLER_101_393,VGND,li1,186.7600,288.3200,0.000170
FILLER_101_388,VGND,li1,184.9200,288.3200,0.000166
FILLER_101_376,VGND,li1,181.2400,288.3200,0.000157
FILLER_101_364,VGND,li1,175.7200,288.3200,0.000190
FILLER_101_352,VGND,li1,170.2000,288.3200,0.000267
FILLER_101_334,VGND,li1,159.6200,288.3200,0.000396
FILLER_101_313,VGND,li1,149.7300,288.3200,0.000507
FILLER_101_307,VGND,li1,148.1200,288.3200,0.000529
FILLER_101_299,VGND,li1,143.2900,288.3200,0.000548
FILLER_101_293,VGND,li1,141.6800,288.3200,0.000548
FILLER_101_281,VGND,li1,137.5400,288.3200,0.000532
FILLER_101_277,VGND,li1,133.6300,288.3200,0.000515
FILLER_101_272,VGND,li1,131.1000,288.3200,0.000506
FILLER_101_260,VGND,li1,127.8800,288.3200,0.000493
FILLER_101_248,VGND,li1,122.3600,288.3200,0.000463
FILLER_101_237,VGND,li1,114.7700,288.3200,0.000432
FILLER_101_225,VGND,li1,111.7800,288.3200,0.000425
FILLER_101_223,VGND,li1,108.3300,288.3200,0.000403
FILLER_101_217,VGND,li1,106.7200,288.3200,0.000403
FILLER_101_205,VGND,li1,102.5800,288.3200,0.000385
FILLER_101_193,VGND,li1,97.0600,288.3200,0.000361
FILLER_101_181,VGND,li1,91.5400,288.3200,0.000336
FILLER_101_169,VGND,li1,86.0200,288.3200,0.000314
FILLER_101_167,VGND,li1,82.5700,288.3200,0.000299
FILLER_101_161,VGND,li1,80.9600,288.3200,0.000288
FILLER_101_149,VGND,li1,76.8200,288.3200,0.000274
FILLER_101_137,VGND,li1,71.3000,288.3200,0.000245
FILLER_101_125,VGND,li1,65.7800,288.3200,0.000226
FILLER_101_113,VGND,li1,60.2600,288.3200,0.000199
FILLER_101_111,VGND,li1,56.8100,288.3200,0.000179
FILLER_101_105,VGND,li1,55.2000,288.3200,0.000179
FILLER_101_93,VGND,li1,51.0600,288.3200,0.000161
FILLER_101_81,VGND,li1,45.5400,288.3200,0.000131
FILLER_101_69,VGND,li1,40.0200,288.3200,0.000112
FILLER_101_57,VGND,li1,34.5000,288.3200,0.000087
FILLER_101_54,VGND,li1,30.8200,288.3200,0.000071
FILLER_101_42,VGND,li1,27.6000,288.3200,0.000054
FILLER_101_30,VGND,li1,22.0800,288.3200,0.000046
FILLER_101_18,VGND,li1,16.5600,288.3200,0.000046
FILLER_101_6,VGND,li1,11.0400,288.3200,0.000047
FILLER_100_819,VGND,li1,382.4900,282.8800,0.000186
FILLER_100_813,VGND,li1,380.8800,282.8800,0.000184
FILLER_100_811,VGND,li1,378.8100,282.8800,0.000183
FILLER_100_805,VGND,li1,377.2000,282.8800,0.000183
FILLER_100_793,VGND,li1,373.0600,282.8800,0.000180
FILLER_100_781,VGND,li1,367.5400,282.8800,0.000176
FILLER_100_769,VGND,li1,362.0200,282.8800,0.000173
FILLER_100_757,VGND,li1,356.5000,282.8800,0.000169
FILLER_100_752,VGND,li1,352.3600,282.8800,0.000166
FILLER_100_721,VGND,li1,337.6400,282.8800,0.000153
FILLER_100_717,VGND,li1,335.5700,282.8800,0.000151
FILLER_100_709,VGND,li1,332.1200,282.8800,0.000149
FILLER_100_701,VGND,li1,329.8200,282.8800,0.000184
FILLER_100_698,VGND,li1,327.0600,282.8800,0.000219
FILLER_100_686,VGND,li1,323.8400,282.8800,0.000270
FILLER_100_677,VGND,li1,318.3200,282.8800,0.000346
FILLER_100_670,VGND,li1,314.4100,282.8800,0.000413
FILLER_100_664,VGND,li1,311.6500,282.8800,0.000451
FILLER_100_657,VGND,li1,308.6600,282.8800,0.000493
FILLER_100_645,VGND,li1,302.6800,282.8800,0.000551
FILLER_100_632,VGND,li1,298.0800,282.8800,0.000618
FILLER_100_620,VGND,li1,293.4800,282.8800,0.000691
FILLER_100_609,VGND,li1,287.0400,282.8800,0.000758
FILLER_100_587,VGND,li1,275.7700,282.8800,0.000903
FILLER_100_583,VGND,li1,274.6200,282.8800,0.000938
FILLER_100_562,VGND,li1,264.7300,282.8800,0.001059
FILLER_100_533,VGND,li1,251.3900,282.8800,0.001200
FILLER_100_528,VGND,li1,249.3200,282.8800,0.001225
FILLER_100_521,VGND,li1,246.1000,282.8800,0.001263
FILLER_100_504,VGND,li1,237.8200,282.8800,0.001368
FILLER_100_492,VGND,li1,234.6000,282.8800,0.001397
FILLER_100_481,VGND,li1,227.0100,282.8800,0.001422
FILLER_100_477,VGND,li1,225.8600,282.8800,0.001422
FILLER_100_470,VGND,li1,223.1000,282.8800,0.001385
FILLER_100_458,VGND,li1,216.6600,282.8800,0.001291
FILLER_100_442,VGND,li1,210.6800,282.8800,0.001188
FILLER_100_392,VGND,li1,186.0700,282.8800,0.000822
FILLER_100_384,VGND,li1,184.0000,282.8800,0.000789
FILLER_100_365,VGND,li1,174.8000,282.8800,0.000847
FILLER_100_361,VGND,li1,172.2700,282.8800,0.001065
FILLER_100_339,VGND,li1,162.1500,282.8800,0.001511
FILLER_100_329,VGND,li1,157.5500,282.8800,0.001751
FILLER_100_306,VGND,li1,146.7400,282.8800,0.002287
FILLER_100_265,VGND,li1,128.1100,282.8800,0.002647
FILLER_100_253,VGND,li1,124.6600,282.8800,0.002659
FILLER_100_251,VGND,li1,121.2100,282.8800,0.002640
FILLER_100_236,VGND,li1,114.5400,282.8800,0.002598
FILLER_100_232,VGND,li1,112.4700,282.8800,0.002585
FILLER_100_228,VGND,li1,111.3200,282.8800,0.002585
FILLER_100_211,VGND,li1,103.2700,282.8800,0.002532
FILLER_100_197,VGND,li1,96.3700,282.8800,0.002498
FILLER_100_184,VGND,li1,92.9200,282.8800,0.002471
FILLER_100_177,VGND,li1,87.4000,282.8800,0.002446
FILLER_100_165,VGND,li1,82.8000,282.8800,0.002376
FILLER_100_153,VGND,li1,78.6600,282.8800,0.002281
FILLER_100_141,VGND,li1,73.1400,282.8800,0.002150
FILLER_100_132,VGND,li1,68.0800,282.8800,0.001992
FILLER_100_127,VGND,li1,64.1700,282.8800,0.001793
FILLER_100_121,VGND,li1,62.5600,282.8800,0.001793
FILLER_100_109,VGND,li1,58.4200,282.8800,0.001593
FILLER_100_97,VGND,li1,52.9000,282.8800,0.001428
FILLER_100_85,VGND,li1,47.3800,282.8800,0.001219
FILLER_100_83,VGND,li1,43.9300,282.8800,0.001028
FILLER_100_77,VGND,li1,42.3200,282.8800,0.001028
FILLER_100_65,VGND,li1,38.1800,282.8800,0.000871
FILLER_100_53,VGND,li1,32.6600,282.8800,0.000663
FILLER_100_41,VGND,li1,27.1400,282.8800,0.000454
FILLER_100_29,VGND,li1,21.6200,282.8800,0.000379
FILLER_100_26,VGND,li1,17.9400,282.8800,0.000379
FILLER_100_18,VGND,li1,15.6400,282.8800,0.000379
FILLER_100_6,VGND,li1,11.0400,282.8800,0.000379
FILLER_99_817,VGND,li1,382.0300,282.8800,0.000186
FILLER_99_809,VGND,li1,379.5000,282.8800,0.000184
FILLER_99_797,VGND,li1,374.9000,282.8800,0.000181
FILLER_99_785,VGND,li1,369.3800,282.8800,0.000178
FILLER_99_772,VGND,li1,363.4000,282.8800,0.000173
FILLER_99_760,VGND,li1,357.8800,282.8800,0.000169
FILLER_99_748,VGND,li1,352.3600,282.8800,0.000166
FILLER_99_735,VGND,li1,343.8500,282.8800,0.000160
FILLER_99_720,VGND,li1,338.5600,282.8800,0.000155
FILLER_99_708,VGND,li1,333.9600,282.8800,0.000151
FILLER_99_697,VGND,li1,327.0600,282.8800,0.000219
FILLER_99_685,VGND,li1,323.3800,282.8800,0.000270
FILLER_99_673,VGND,li1,317.8600,282.8800,0.000346
FILLER_99_668,VGND,li1,313.7200,282.8800,0.000413
FILLER_99_653,VGND,li1,307.7400,282.8800,0.000493
FILLER_99_641,VGND,li1,303.1400,282.8800,0.000551
FILLER_99_629,VGND,li1,297.6200,282.8800,0.000618
FILLER_99_617,VGND,li1,292.1000,282.8800,0.000691
FILLER_99_615,VGND,li1,288.6500,282.8800,0.000758
FILLER_99_609,VGND,li1,287.0400,282.8800,0.000758
FILLER_99_587,VGND,li1,276.4600,282.8800,0.000903
FILLER_99_575,VGND,li1,272.7800,282.8800,0.000961
FILLER_99_569,VGND,li1,267.4900,282.8800,0.001006
FILLER_99_561,VGND,li1,265.4200,282.8800,0.001031
FILLER_99_556,VGND,li1,262.2000,282.8800,0.001090
FILLER_99_529,VGND,li1,250.7000,282.8800,0.001225
FILLER_99_505,VGND,li1,240.5800,282.8800,0.001333
FILLER_99_503,VGND,li1,237.1300,282.8800,0.001368
FILLER_99_499,VGND,li1,235.9800,282.8800,0.001397
FILLER_99_478,VGND,li1,225.6300,282.8800,0.001422
FILLER_99_474,VGND,li1,224.4800,282.8800,0.001385
FILLER_99_449,VGND,li1,212.5200,282.8800,0.001219
FILLER_99_447,VGND,li1,211.3700,282.8800,0.001188
FILLER_99_432,VGND,li1,204.7000,282.8800,0.001094
FILLER_99_415,VGND,li1,198.2600,282.8800,0.000994
FILLER_99_399,VGND,li1,189.2900,282.8800,0.000854
FILLER_99_393,VGND,li1,187.6800,282.8800,0.000822
FILLER_99_390,VGND,li1,185.3800,282.8800,0.000789
FILLER_99_365,VGND,li1,175.2600,282.8800,0.000847
FILLER_99_351,VGND,li1,167.9000,282.8800,0.001295
FILLER_99_337,VGND,li1,160.7700,282.8800,0.001631
FILLER_99_335,VGND,li1,159.8500,282.8800,0.001631
FILLER_99_327,VGND,li1,157.7800,282.8800,0.001751
FILLER_99_315,VGND,li1,153.1800,282.8800,0.002027
FILLER_99_289,VGND,li1,139.1500,282.8800,0.002496
FILLER_99_281,VGND,li1,136.6200,282.8800,0.002543
FILLER_99_279,VGND,li1,134.0900,282.8800,0.002582
FILLER_99_264,VGND,li1,128.8000,282.8800,0.002647
FILLER_99_249,VGND,li1,121.9000,282.8800,0.002640
FILLER_99_240,VGND,li1,116.3800,282.8800,0.002614
FILLER_99_229,VGND,li1,111.0900,282.8800,0.002585
FILLER_99_223,VGND,li1,108.3300,282.8800,0.002570
FILLER_99_201,VGND,li1,98.2100,282.8800,0.002512
FILLER_99_167,VGND,li1,82.5700,282.8800,0.002376
FILLER_99_147,VGND,li1,74.5200,282.8800,0.002150
FILLER_99_125,VGND,li1,63.2500,282.8800,0.001793
FILLER_99_113,VGND,li1,60.2600,282.8800,0.001706
FILLER_99_111,VGND,li1,56.8100,282.8800,0.001515
FILLER_99_105,VGND,li1,55.2000,282.8800,0.001515
FILLER_99_93,VGND,li1,51.0600,282.8800,0.001358
FILLER_99_81,VGND,li1,45.5400,282.8800,0.001106
FILLER_99_69,VGND,li1,40.0200,282.8800,0.000941
FILLER_99_57,VGND,li1,34.5000,282.8800,0.000732
FILLER_99_54,VGND,li1,30.8200,282.8800,0.000593
FILLER_99_42,VGND,li1,27.6000,282.8800,0.000454
FILLER_99_30,VGND,li1,22.0800,282.8800,0.000379
FILLER_99_18,VGND,li1,16.5600,282.8800,0.000379
FILLER_99_6,VGND,li1,11.0400,282.8800,0.000379
FILLER_98_821,VGND,li1,383.8700,277.4400,0.003165
FILLER_98_813,VGND,li1,381.3400,277.4400,0.003163
FILLER_98_811,VGND,li1,378.8100,277.4400,0.003160
FILLER_98_805,VGND,li1,377.2000,277.4400,0.003160
FILLER_98_793,VGND,li1,373.0600,277.4400,0.003158
FILLER_98_781,VGND,li1,367.5400,277.4400,0.003143
FILLER_98_769,VGND,li1,362.0200,277.4400,0.003128
FILLER_98_757,VGND,li1,356.5000,277.4400,0.003028
FILLER_98_755,VGND,li1,353.0500,277.4400,0.002928
FILLER_98_749,VGND,li1,351.4400,277.4400,0.002818
FILLER_98_737,VGND,li1,347.3000,277.4400,0.002536
FILLER_98_731,VGND,li1,342.0100,277.4400,0.002149
FILLER_98_723,VGND,li1,339.9400,277.4400,0.001978
FILLER_98_714,VGND,li1,334.1900,277.4400,0.001387
FILLER_98_706,VGND,li1,332.1200,277.4400,0.001234
FILLER_98_689,VGND,li1,322.6900,277.4400,0.001585
FILLER_98_681,VGND,li1,320.6200,277.4400,0.001668
FILLER_98_669,VGND,li1,316.0200,277.4400,0.001879
FILLER_98_660,VGND,li1,309.8100,277.4400,0.002080
FILLER_98_648,VGND,li1,306.3600,277.4400,0.002262
FILLER_98_632,VGND,li1,296.7000,277.4400,0.002616
FILLER_98_618,VGND,li1,290.0300,277.4400,0.002860
FILLER_98_613,VGND,li1,287.9600,277.4400,0.002941
FILLER_98_601,VGND,li1,284.7400,277.4400,0.003067
FILLER_98_589,VGND,li1,279.2200,277.4400,0.003284
FILLER_98_582,VGND,li1,274.6200,277.4400,0.003491
FILLER_98_572,VGND,li1,269.3300,277.4400,0.003716
FILLER_98_564,VGND,li1,266.8000,277.4400,0.003788
FILLER_98_552,VGND,li1,262.2000,277.4400,0.004003
FILLER_98_541,VGND,li1,254.8400,277.4400,0.004235
FILLER_98_533,VGND,li1,252.5400,277.4400,0.004324
FILLER_98_528,VGND,li1,249.3200,277.4400,0.004449
FILLER_98_519,VGND,li1,244.7200,277.4400,0.004636
FILLER_98_511,VGND,li1,242.4200,277.4400,0.004777
FILLER_98_499,VGND,li1,237.8200,277.4400,0.004776
FILLER_98_494,VGND,li1,233.2200,277.4400,0.004763
FILLER_98_477,VGND,li1,225.4000,277.4400,0.004517
FILLER_98_475,VGND,li1,224.2500,277.4400,0.004391
FILLER_98_471,VGND,li1,223.1000,277.4400,0.004391
FILLER_98_459,VGND,li1,219.4200,277.4400,0.004100
FILLER_98_448,VGND,li1,212.5200,277.4400,0.003711
FILLER_98_433,VGND,li1,205.6200,277.4400,0.003261
FILLER_98_421,VGND,li1,201.9400,277.4400,0.003020
FILLER_98_419,VGND,li1,198.4900,277.4400,0.002689
FILLER_98_413,VGND,li1,196.8800,277.4400,0.002689
FILLER_98_401,VGND,li1,192.7400,277.4400,0.002419
FILLER_98_389,VGND,li1,187.2200,277.4400,0.001983
FILLER_98_377,VGND,li1,181.7000,277.4400,0.001548
FILLER_98_365,VGND,li1,176.1800,277.4400,0.001396
FILLER_98_362,VGND,li1,172.5000,277.4400,0.001462
FILLER_98_348,VGND,li1,165.8300,277.4400,0.001703
FILLER_98_344,VGND,li1,164.6800,277.4400,0.001703
FILLER_98_326,VGND,li1,157.3200,277.4400,0.001935
FILLER_98_314,VGND,li1,152.7200,277.4400,0.002048
FILLER_98_301,VGND,li1,144.2100,277.4400,0.002225
FILLER_98_291,VGND,li1,139.6100,277.4400,0.002245
FILLER_98_283,VGND,li1,137.5400,277.4400,0.002246
FILLER_98_271,VGND,li1,132.9400,277.4400,0.002247
FILLER_98_244,VGND,li1,119.6000,277.4400,0.002153
FILLER_98_236,VGND,li1,114.3100,277.4400,0.002058
FILLER_98_226,VGND,li1,110.4000,277.4400,0.001997
FILLER_98_185,VGND,li1,92.4600,277.4400,0.001683
FILLER_98_174,VGND,li1,85.7900,277.4400,0.001585
FILLER_98_166,VGND,li1,83.7200,277.4400,0.001530
FILLER_98_153,VGND,li1,77.7400,277.4400,0.001443
FILLER_98_141,VGND,li1,73.1400,277.4400,0.001358
FILLER_98_139,VGND,li1,69.6900,277.4400,0.001273
FILLER_98_135,VGND,li1,68.5400,277.4400,0.001273
FILLER_98_126,VGND,li1,63.9400,277.4400,0.001155
FILLER_98_113,VGND,li1,57.7300,277.4400,0.001051
FILLER_98_109,VGND,li1,56.5800,277.4400,0.001011
FILLER_98_97,VGND,li1,52.9000,277.4400,0.000936
FILLER_98_85,VGND,li1,47.3800,277.4400,0.000819
FILLER_98_83,VGND,li1,43.9300,277.4400,0.000697
FILLER_98_77,VGND,li1,42.3200,277.4400,0.000697
FILLER_98_65,VGND,li1,38.1800,277.4400,0.000597
FILLER_98_53,VGND,li1,32.6600,277.4400,0.000464
FILLER_98_41,VGND,li1,27.1400,277.4400,0.000331
FILLER_98_29,VGND,li1,21.6200,277.4400,0.000243
FILLER_98_27,VGND,li1,18.1700,277.4400,0.000243
FILLER_98_15,VGND,li1,15.1800,277.4400,0.000244
FILLER_98_3,VGND,li1,9.6600,277.4400,0.000244
FILLER_97_817,VGND,li1,382.0300,277.4400,0.003163
FILLER_97_805,VGND,li1,378.5800,277.4400,0.003160
FILLER_97_783,VGND,li1,365.9300,277.4400,0.003143
FILLER_97_775,VGND,li1,363.8600,277.4400,0.003137
FILLER_97_764,VGND,li1,357.8800,277.4400,0.003078
FILLER_97_741,VGND,li1,346.8400,277.4400,0.002536
FILLER_97_737,VGND,li1,344.7700,277.4400,0.002377
FILLER_97_729,VGND,li1,342.7000,277.4400,0.002149
FILLER_97_727,VGND,li1,340.1700,277.4400,0.001978
FILLER_97_721,VGND,li1,338.5600,277.4400,0.001768
FILLER_97_707,VGND,li1,330.9700,277.4400,0.001234
FILLER_97_688,VGND,li1,322.2300,277.4400,0.001585
FILLER_97_680,VGND,li1,320.1600,277.4400,0.001668
FILLER_97_661,VGND,li1,309.8100,277.4400,0.002080
FILLER_97_653,VGND,li1,307.7400,277.4400,0.002162
FILLER_97_634,VGND,li1,297.3900,277.4400,0.002616
FILLER_97_624,VGND,li1,293.9400,277.4400,0.002706
FILLER_97_613,VGND,li1,288.1900,277.4400,0.002941
FILLER_97_605,VGND,li1,285.6600,277.4400,0.003067
FILLER_97_593,VGND,li1,281.0600,277.4400,0.003212
FILLER_97_569,VGND,li1,268.1800,277.4400,0.003716
FILLER_97_558,VGND,li1,262.6600,277.4400,0.003931
FILLER_97_551,VGND,li1,259.2100,277.4400,0.004083
FILLER_97_539,VGND,li1,256.2200,277.4400,0.004235
FILLER_97_527,VGND,li1,250.7000,277.4400,0.004449
FILLER_97_518,VGND,li1,244.4900,277.4400,0.004636
FILLER_97_503,VGND,li1,237.1300,277.4400,0.004776
FILLER_97_497,VGND,li1,235.5200,277.4400,0.004775
FILLER_97_465,VGND,li1,219.6500,277.4400,0.004100
FILLER_97_461,VGND,li1,218.5000,277.4400,0.004100
FILLER_97_449,VGND,li1,214.8200,277.4400,0.003831
FILLER_97_447,VGND,li1,211.3700,277.4400,0.003591
FILLER_97_441,VGND,li1,209.7600,277.4400,0.003426
FILLER_97_429,VGND,li1,205.6200,277.4400,0.003261
FILLER_97_416,VGND,li1,197.5700,277.4400,0.002689
FILLER_97_408,VGND,li1,195.0400,277.4400,0.002569
FILLER_97_393,VGND,li1,186.7600,277.4400,0.001983
FILLER_97_377,VGND,li1,179.1700,277.4400,0.001257
FILLER_97_371,VGND,li1,177.5600,277.4400,0.001257
FILLER_97_362,VGND,li1,172.5000,277.4400,0.001462
FILLER_97_346,VGND,li1,165.6000,277.4400,0.001703
FILLER_97_340,VGND,li1,162.6100,277.4400,0.001763
FILLER_97_327,VGND,li1,156.6300,277.4400,0.001935
FILLER_97_315,VGND,li1,153.1800,277.4400,0.002048
FILLER_97_305,VGND,li1,146.2800,277.4400,0.002209
FILLER_97_293,VGND,li1,143.0600,277.4400,0.002225
FILLER_97_281,VGND,li1,137.5400,277.4400,0.002246
FILLER_97_279,VGND,li1,134.0900,277.4400,0.002247
FILLER_97_273,VGND,li1,132.4800,277.4400,0.002247
FILLER_97_261,VGND,li1,128.3400,277.4400,0.002244
FILLER_97_253,VGND,li1,122.5900,277.4400,0.002187
FILLER_97_245,VGND,li1,120.0600,277.4400,0.002153
FILLER_97_233,VGND,li1,112.9300,277.4400,0.002028
FILLER_97_218,VGND,li1,107.1800,277.4400,0.001948
FILLER_97_193,VGND,li1,97.0600,277.4400,0.001777
FILLER_97_181,VGND,li1,91.5400,277.4400,0.001683
FILLER_97_169,VGND,li1,86.0200,277.4400,0.001585
FILLER_97_167,VGND,li1,82.5700,277.4400,0.001530
FILLER_97_161,VGND,li1,80.9600,277.4400,0.001498
FILLER_97_152,VGND,li1,75.6700,277.4400,0.001405
FILLER_97_144,VGND,li1,73.6000,277.4400,0.001358
FILLER_97_132,VGND,li1,69.0000,277.4400,0.001273
FILLER_97_113,VGND,li1,60.2600,277.4400,0.001100
FILLER_97_97,VGND,li1,50.3700,277.4400,0.000864
FILLER_97_93,VGND,li1,49.2200,277.4400,0.000864
FILLER_97_81,VGND,li1,45.5400,277.4400,0.000747
FILLER_97_69,VGND,li1,40.0200,277.4400,0.000642
FILLER_97_57,VGND,li1,34.5000,277.4400,0.000509
FILLER_97_53,VGND,li1,30.5900,277.4400,0.000414
FILLER_97_45,VGND,li1,28.0600,277.4400,0.000331
FILLER_97_33,VGND,li1,23.4600,277.4400,0.000242
FILLER_97_21,VGND,li1,17.9400,277.4400,0.000243
FILLER_97_9,VGND,li1,12.4200,277.4400,0.000244
FILLER_96_813,VGND,li1,380.4200,272.0000,0.003613
FILLER_96_800,VGND,li1,376.2800,272.0000,0.003601
FILLER_96_750,VGND,li1,351.9000,272.0000,0.003194
FILLER_96_742,VGND,li1,347.0700,272.0000,0.002939
FILLER_96_738,VGND,li1,345.2300,272.0000,0.002793
FILLER_96_717,VGND,li1,335.8000,272.0000,0.001941
FILLER_96_709,VGND,li1,333.5000,272.0000,0.001694
FILLER_96_696,VGND,li1,326.6000,272.0000,0.001633
FILLER_96_684,VGND,li1,322.9200,272.0000,0.001714
FILLER_96_672,VGND,li1,317.4000,272.0000,0.001922
FILLER_96_652,VGND,li1,307.2800,272.0000,0.002248
FILLER_96_635,VGND,li1,297.8500,272.0000,0.002572
FILLER_96_629,VGND,li1,296.2400,272.0000,0.002674
FILLER_96_617,VGND,li1,292.1000,272.0000,0.002808
FILLER_96_605,VGND,li1,286.5800,272.0000,0.002891
FILLER_96_582,VGND,li1,274.6200,272.0000,0.002939
FILLER_96_569,VGND,li1,267.7200,272.0000,0.002945
FILLER_96_533,VGND,li1,252.0800,272.0000,0.002953
FILLER_96_529,VGND,li1,249.5500,272.0000,0.002955
FILLER_96_496,VGND,li1,234.6000,272.0000,0.002788
FILLER_96_484,VGND,li1,230.9200,272.0000,0.002724
FILLER_96_477,VGND,li1,225.8600,272.0000,0.002635
FILLER_96_470,VGND,li1,223.1000,272.0000,0.002549
FILLER_96_454,VGND,li1,214.5900,272.0000,0.002201
FILLER_96_446,VGND,li1,212.5200,272.0000,0.002125
FILLER_96_434,VGND,li1,207.9200,272.0000,0.001948
FILLER_96_409,VGND,li1,195.0400,272.0000,0.001533
FILLER_96_397,VGND,li1,190.9000,272.0000,0.001320
FILLER_96_387,VGND,li1,184.2300,272.0000,0.001054
FILLER_96_368,VGND,li1,177.5600,272.0000,0.000758
FILLER_96_362,VGND,li1,172.5000,272.0000,0.000890
FILLER_96_351,VGND,li1,167.9000,272.0000,0.000983
FILLER_96_339,VGND,li1,164.2200,272.0000,0.001058
FILLER_96_330,VGND,li1,157.7800,272.0000,0.001149
FILLER_96_322,VGND,li1,155.4800,272.0000,0.001187
FILLER_96_313,VGND,li1,149.7300,272.0000,0.001280
FILLER_96_309,VGND,li1,148.5800,272.0000,0.001317
FILLER_96_304,VGND,li1,146.2800,272.0000,0.001361
FILLER_96_291,VGND,li1,140.0700,272.0000,0.001418
FILLER_96_280,VGND,li1,135.7000,272.0000,0.001446
FILLER_96_268,VGND,li1,131.5600,272.0000,0.001451
FILLER_96_261,VGND,li1,125.8100,272.0000,0.001432
FILLER_96_253,VGND,li1,123.7400,272.0000,0.001416
FILLER_96_250,VGND,li1,120.9800,272.0000,0.001394
FILLER_96_242,VGND,li1,118.6800,272.0000,0.001375
FILLER_96_231,VGND,li1,112.4700,272.0000,0.001324
FILLER_96_227,VGND,li1,110.1700,272.0000,0.001305
FILLER_96_221,VGND,li1,108.5600,272.0000,0.001288
FILLER_96_209,VGND,li1,104.4200,272.0000,0.001243
FILLER_96_197,VGND,li1,98.9000,272.0000,0.001209
FILLER_96_193,VGND,li1,94.9900,272.0000,0.001175
FILLER_96_175,VGND,li1,87.8600,272.0000,0.001098
FILLER_96_163,VGND,li1,83.2600,272.0000,0.001029
FILLER_96_149,VGND,li1,74.2900,272.0000,0.000920
FILLER_96_141,VGND,li1,72.2200,272.0000,0.000893
FILLER_96_136,VGND,li1,69.0000,272.0000,0.000849
FILLER_96_126,VGND,li1,63.7100,272.0000,0.000759
FILLER_96_122,VGND,li1,62.5600,272.0000,0.000759
FILLER_96_110,VGND,li1,58.8800,272.0000,0.000683
FILLER_96_97,VGND,li1,50.6000,272.0000,0.000584
FILLER_96_85,VGND,li1,47.3800,272.0000,0.000533
FILLER_96_83,VGND,li1,43.9300,272.0000,0.000449
FILLER_96_77,VGND,li1,42.3200,272.0000,0.000449
FILLER_96_65,VGND,li1,38.1800,272.0000,0.000381
FILLER_96_53,VGND,li1,32.6600,272.0000,0.000289
FILLER_96_41,VGND,li1,27.1400,272.0000,0.000198
FILLER_96_29,VGND,li1,21.6200,272.0000,0.000165
FILLER_96_27,VGND,li1,18.1700,272.0000,0.000165
FILLER_96_15,VGND,li1,15.1800,272.0000,0.000165
FILLER_96_3,VGND,li1,9.6600,272.0000,0.000165
FILLER_95_803,VGND,li1,375.1300,272.0000,0.003590
FILLER_95_797,VGND,li1,373.5200,272.0000,0.003590
FILLER_95_785,VGND,li1,369.3800,272.0000,0.003572
FILLER_95_781,VGND,li1,365.4700,272.0000,0.003548
FILLER_95_773,VGND,li1,362.9400,272.0000,0.003530
FILLER_95_762,VGND,li1,356.5000,272.0000,0.003396
FILLER_95_754,VGND,li1,354.2000,272.0000,0.003307
FILLER_95_742,VGND,li1,349.6000,272.0000,0.003080
FILLER_95_737,VGND,li1,345.0000,272.0000,0.002793
FILLER_95_729,VGND,li1,342.7000,272.0000,0.002620
FILLER_95_724,VGND,li1,339.4800,272.0000,0.002316
FILLER_95_712,VGND,li1,335.8000,272.0000,0.001941
FILLER_95_700,VGND,li1,330.2800,272.0000,0.001488
FILLER_95_686,VGND,li1,321.3100,272.0000,0.001818
FILLER_95_680,VGND,li1,319.7000,272.0000,0.001818
FILLER_95_657,VGND,li1,308.6600,272.0000,0.002248
FILLER_95_645,VGND,li1,304.9800,272.0000,0.002367
FILLER_95_633,VGND,li1,299.4600,272.0000,0.002572
FILLER_95_624,VGND,li1,292.7900,272.0000,0.002745
FILLER_95_595,VGND,li1,279.4500,272.0000,0.002934
FILLER_95_587,VGND,li1,277.3800,272.0000,0.002937
FILLER_95_575,VGND,li1,272.7800,272.0000,0.002941
FILLER_95_569,VGND,li1,267.9500,272.0000,0.002945
FILLER_95_561,VGND,li1,265.4200,272.0000,0.002946
FILLER_95_559,VGND,li1,262.8900,272.0000,0.002948
FILLER_95_555,VGND,li1,261.7400,272.0000,0.002949
FILLER_95_547,VGND,li1,257.3700,272.0000,0.002952
FILLER_95_541,VGND,li1,255.7600,272.0000,0.002952
FILLER_95_535,VGND,li1,252.5400,272.0000,0.002953
FILLER_95_505,VGND,li1,238.0500,272.0000,0.002827
FILLER_95_503,VGND,li1,237.1300,272.0000,0.002827
FILLER_95_499,VGND,li1,235.9800,272.0000,0.002788
FILLER_95_487,VGND,li1,232.3000,272.0000,0.002724
FILLER_95_466,VGND,li1,220.1100,272.0000,0.002419
FILLER_95_454,VGND,li1,217.1200,272.0000,0.002319
FILLER_95_446,VGND,li1,211.1400,272.0000,0.002125
FILLER_95_438,VGND,li1,208.8400,272.0000,0.002041
FILLER_95_426,VGND,li1,201.9400,272.0000,0.001754
FILLER_95_410,VGND,li1,194.3500,272.0000,0.001465
FILLER_95_406,VGND,li1,193.2000,272.0000,0.001465
FILLER_95_390,VGND,li1,185.3800,272.0000,0.001144
FILLER_95_381,VGND,li1,181.4700,272.0000,0.000952
FILLER_95_373,VGND,li1,178.9400,272.0000,0.000758
FILLER_95_361,VGND,li1,174.3400,272.0000,0.000842
FILLER_95_349,VGND,li1,168.8200,272.0000,0.000983
FILLER_95_337,VGND,li1,163.3000,272.0000,0.001058
FILLER_95_335,VGND,li1,159.8500,272.0000,0.001115
FILLER_95_329,VGND,li1,158.2400,272.0000,0.001149
FILLER_95_315,VGND,li1,150.6500,272.0000,0.001280
FILLER_95_309,VGND,li1,149.0400,272.0000,0.001317
FILLER_95_302,VGND,li1,144.6700,272.0000,0.001361
FILLER_95_290,VGND,li1,141.6800,272.0000,0.001418
FILLER_95_281,VGND,li1,135.2400,272.0000,0.001446
FILLER_95_276,VGND,li1,133.4000,272.0000,0.001448
FILLER_95_262,VGND,li1,126.2700,272.0000,0.001432
FILLER_95_246,VGND,li1,119.3700,272.0000,0.001375
FILLER_95_238,VGND,li1,116.8400,272.0000,0.001360
FILLER_95_225,VGND,li1,109.4800,272.0000,0.001288
FILLER_95_222,VGND,li1,108.1000,272.0000,0.001288
FILLER_95_214,VGND,li1,105.8000,272.0000,0.001268
FILLER_95_195,VGND,li1,95.6800,272.0000,0.001175
FILLER_95_169,VGND,li1,86.0200,272.0000,0.001074
FILLER_95_167,VGND,li1,82.5700,272.0000,0.001029
FILLER_95_155,VGND,li1,79.5800,272.0000,0.000984
FILLER_95_136,VGND,li1,69.9200,272.0000,0.000849
FILLER_95_125,VGND,li1,63.2500,272.0000,0.000759
FILLER_95_113,VGND,li1,60.2600,272.0000,0.000726
FILLER_95_110,VGND,li1,56.5800,272.0000,0.000654
FILLER_95_102,VGND,li1,54.2800,272.0000,0.000616
FILLER_95_81,VGND,li1,44.6200,272.0000,0.000483
FILLER_95_69,VGND,li1,40.0200,272.0000,0.000411
FILLER_95_57,VGND,li1,34.5000,272.0000,0.000320
FILLER_95_55,VGND,li1,31.0500,272.0000,0.000244
FILLER_95_51,VGND,li1,29.9000,272.0000,0.000244
FILLER_95_39,VGND,li1,26.2200,272.0000,0.000165
FILLER_95_27,VGND,li1,20.7000,272.0000,0.000165
FILLER_95_15,VGND,li1,15.1800,272.0000,0.000165
FILLER_95_3,VGND,li1,9.6600,272.0000,0.000165
FILLER_94_819,VGND,li1,382.4900,266.5600,0.001397
FILLER_94_813,VGND,li1,380.8800,266.5600,0.001397
FILLER_94_810,VGND,li1,378.5800,266.5600,0.001397
FILLER_94_798,VGND,li1,375.3600,266.5600,0.001397
FILLER_94_775,VGND,li1,362.7100,266.5600,0.001388
FILLER_94_763,VGND,li1,359.2600,266.5600,0.001358
FILLER_94_757,VGND,li1,354.4300,266.5600,0.001293
FILLER_94_754,VGND,li1,352.8200,266.5600,0.001293
FILLER_94_745,VGND,li1,348.9100,266.5600,0.001213
FILLER_94_737,VGND,li1,346.3800,266.5600,0.001121
FILLER_94_725,VGND,li1,341.7800,266.5600,0.001026
FILLER_94_713,VGND,li1,336.2600,266.5600,0.000770
FILLER_94_701,VGND,li1,330.7400,266.5600,0.000708
FILLER_94_699,VGND,li1,327.2900,266.5600,0.000792
FILLER_94_693,VGND,li1,324.5300,266.5600,0.000834
FILLER_94_681,VGND,li1,321.5400,266.5600,0.000871
FILLER_94_669,VGND,li1,316.0200,266.5600,0.000967
FILLER_94_657,VGND,li1,310.5000,266.5600,0.001061
FILLER_94_645,VGND,li1,304.9800,266.5600,0.001151
FILLER_94_641,VGND,li1,301.0700,266.5600,0.001220
FILLER_94_629,VGND,li1,297.6200,266.5600,0.001282
FILLER_94_620,VGND,li1,291.1800,266.5600,0.001359
FILLER_94_608,VGND,li1,287.9600,266.5600,0.001418
FILLER_94_601,VGND,li1,282.9000,266.5600,0.001477
FILLER_94_589,VGND,li1,279.2200,266.5600,0.001512
FILLER_94_587,VGND,li1,275.7700,266.5600,0.001545
FILLER_94_581,VGND,li1,274.1600,266.5600,0.001564
FILLER_94_569,VGND,li1,270.0200,266.5600,0.001597
FILLER_94_557,VGND,li1,264.5000,266.5600,0.001652
FILLER_94_545,VGND,li1,258.9800,266.5600,0.001688
FILLER_94_533,VGND,li1,253.4600,266.5600,0.001727
FILLER_94_529,VGND,li1,249.5500,266.5600,0.001755
FILLER_94_521,VGND,li1,245.4100,266.5600,0.001772
FILLER_94_513,VGND,li1,243.3400,266.5600,0.001759
FILLER_94_501,VGND,li1,238.7400,266.5600,0.001720
FILLER_94_489,VGND,li1,233.2200,266.5600,0.001687
FILLER_94_477,VGND,li1,227.7000,266.5600,0.001641
FILLER_94_462,VGND,li1,218.2700,266.5600,0.001511
FILLER_94_454,VGND,li1,215.0500,266.5600,0.001476
FILLER_94_445,VGND,li1,210.6800,266.5600,0.001384
FILLER_94_429,VGND,li1,203.5500,266.5600,0.001251
FILLER_94_421,VGND,li1,201.0200,266.5600,0.001198
FILLER_94_418,VGND,li1,198.2600,266.5600,0.001132
FILLER_94_410,VGND,li1,195.9600,266.5600,0.001089
FILLER_94_380,VGND,li1,181.2400,266.5600,0.000679
FILLER_94_372,VGND,li1,176.8700,266.5600,0.000636
FILLER_94_362,VGND,li1,172.5000,266.5600,0.000754
FILLER_94_354,VGND,li1,170.2000,266.5600,0.000817
FILLER_94_342,VGND,li1,165.6000,266.5600,0.000896
FILLER_94_334,VGND,li1,159.3900,266.5600,0.001041
FILLER_94_330,VGND,li1,158.2400,266.5600,0.001091
FILLER_94_309,VGND,li1,147.8900,266.5600,0.001262
FILLER_94_306,VGND,li1,146.7400,266.5600,0.001262
FILLER_94_298,VGND,li1,144.4400,266.5600,0.001290
FILLER_94_283,VGND,li1,136.6200,266.5600,0.001342
FILLER_94_271,VGND,li1,132.9400,266.5600,0.001336
FILLER_94_259,VGND,li1,124.8900,266.5600,0.001296
FILLER_94_253,VGND,li1,123.2800,266.5600,0.001296
FILLER_94_251,VGND,li1,121.2100,266.5600,0.001284
FILLER_94_245,VGND,li1,119.6000,266.5600,0.001272
FILLER_94_233,VGND,li1,115.4600,266.5600,0.001242
FILLER_94_221,VGND,li1,109.9400,266.5600,0.001201
FILLER_94_209,VGND,li1,104.4200,266.5600,0.001168
FILLER_94_197,VGND,li1,98.9000,266.5600,0.001136
FILLER_94_195,VGND,li1,95.4500,266.5600,0.001112
FILLER_94_187,VGND,li1,93.3800,266.5600,0.001097
FILLER_94_159,VGND,li1,80.5000,266.5600,0.000967
FILLER_94_139,VGND,li1,69.6900,266.5600,0.000822
FILLER_94_133,VGND,li1,68.0800,266.5600,0.000822
FILLER_94_121,VGND,li1,63.9400,266.5600,0.000755
FILLER_94_109,VGND,li1,58.4200,266.5600,0.000669
FILLER_94_97,VGND,li1,52.9000,266.5600,0.000591
FILLER_94_85,VGND,li1,47.3800,266.5600,0.000529
FILLER_94_83,VGND,li1,43.9300,266.5600,0.000448
FILLER_94_77,VGND,li1,42.3200,266.5600,0.000448
FILLER_94_65,VGND,li1,38.1800,266.5600,0.000379
FILLER_94_53,VGND,li1,32.6600,266.5600,0.000289
FILLER_94_41,VGND,li1,27.1400,266.5600,0.000198
FILLER_94_29,VGND,li1,21.6200,266.5600,0.000165
FILLER_94_27,VGND,li1,18.1700,266.5600,0.000165
FILLER_94_15,VGND,li1,15.1800,266.5600,0.000165
FILLER_94_3,VGND,li1,9.6600,266.5600,0.000165
FILLER_93_821,VGND,li1,383.8700,266.5600,0.001397
FILLER_93_809,VGND,li1,380.4200,266.5600,0.001397
FILLER_93_797,VGND,li1,374.9000,266.5600,0.001397
FILLER_93_785,VGND,li1,369.3800,266.5600,0.001396
FILLER_93_783,VGND,li1,365.9300,266.5600,0.001393
FILLER_93_777,VGND,li1,364.3200,266.5600,0.001393
FILLER_93_748,VGND,li1,349.8300,266.5600,0.001213
FILLER_93_744,VGND,li1,348.6800,266.5600,0.001213
FILLER_93_729,VGND,li1,342.2400,266.5600,0.001026
FILLER_93_714,VGND,li1,334.6500,266.5600,0.000770
FILLER_93_706,VGND,li1,330.5100,266.5600,0.000708
FILLER_93_702,VGND,li1,329.3600,266.5600,0.000759
FILLER_93_686,VGND,li1,321.5400,266.5600,0.000871
FILLER_93_673,VGND,li1,316.4800,266.5600,0.000967
FILLER_93_654,VGND,li1,306.5900,266.5600,0.001151
FILLER_93_641,VGND,li1,300.6100,266.5600,0.001220
FILLER_93_617,VGND,li1,290.0300,266.5600,0.001388
FILLER_93_608,VGND,li1,287.0400,266.5600,0.001418
FILLER_93_602,VGND,li1,282.9000,266.5600,0.001477
FILLER_93_590,VGND,li1,279.6800,266.5600,0.001512
FILLER_93_585,VGND,li1,274.8500,266.5600,0.001564
FILLER_93_581,VGND,li1,273.7000,266.5600,0.001564
FILLER_93_568,VGND,li1,268.1800,266.5600,0.001613
FILLER_93_559,VGND,li1,262.8900,266.5600,0.001667
FILLER_93_541,VGND,li1,255.0700,266.5600,0.001727
FILLER_93_529,VGND,li1,251.6200,266.5600,0.001740
FILLER_93_512,VGND,li1,241.5000,266.5600,0.001748
FILLER_93_500,VGND,li1,235.7500,266.5600,0.001706
FILLER_93_477,VGND,li1,226.3200,266.5600,0.001616
FILLER_93_465,VGND,li1,222.1800,266.5600,0.001588
FILLER_93_457,VGND,li1,215.9700,266.5600,0.001476
FILLER_93_449,VGND,li1,213.9000,266.5600,0.001434
FILLER_93_447,VGND,li1,211.3700,266.5600,0.001384
FILLER_93_443,VGND,li1,210.2200,266.5600,0.001384
FILLER_93_430,VGND,li1,203.5500,266.5600,0.001251
FILLER_93_424,VGND,li1,201.9400,266.5600,0.001198
FILLER_93_412,VGND,li1,197.8000,266.5600,0.001132
FILLER_93_400,VGND,li1,192.2800,266.5600,0.000993
FILLER_93_390,VGND,li1,185.3800,266.5600,0.000812
FILLER_93_382,VGND,li1,183.0800,266.5600,0.000742
FILLER_93_372,VGND,li1,177.5600,266.5600,0.000636
FILLER_93_345,VGND,li1,166.0600,266.5600,0.000896
FILLER_93_337,VGND,li1,161.2300,266.5600,0.000995
FILLER_93_331,VGND,li1,158.0100,266.5600,0.001091
FILLER_93_327,VGND,li1,156.8600,266.5600,0.001091
FILLER_93_307,VGND,li1,147.6600,266.5600,0.001262
FILLER_93_301,VGND,li1,144.4400,266.5600,0.001290
FILLER_93_293,VGND,li1,142.1400,266.5600,0.001314
FILLER_93_281,VGND,li1,135.2400,266.5600,0.001342
FILLER_93_277,VGND,li1,133.6300,266.5600,0.001336
FILLER_93_265,VGND,li1,130.1800,266.5600,0.001328
FILLER_93_255,VGND,li1,123.7400,266.5600,0.001296
FILLER_93_249,VGND,li1,120.2900,266.5600,0.001272
FILLER_93_245,VGND,li1,119.1400,266.5600,0.001272
FILLER_93_225,VGND,li1,109.4800,266.5600,0.001201
FILLER_93_223,VGND,li1,108.3300,266.5600,0.001201
FILLER_93_215,VGND,li1,106.2600,266.5600,0.001187
FILLER_93_193,VGND,li1,97.0600,266.5600,0.001112
FILLER_93_181,VGND,li1,91.5400,266.5600,0.001073
FILLER_93_175,VGND,li1,86.2500,266.5600,0.001026
FILLER_93_169,VGND,li1,84.6400,266.5600,0.001026
FILLER_93_167,VGND,li1,82.5700,266.5600,0.001005
FILLER_93_155,VGND,li1,79.5800,266.5600,0.000967
FILLER_93_143,VGND,li1,74.0600,266.5600,0.000898
FILLER_93_136,VGND,li1,68.7700,266.5600,0.000822
FILLER_93_128,VGND,li1,66.2400,266.5600,0.000799
FILLER_93_120,VGND,li1,60.9500,266.5600,0.000728
FILLER_93_111,VGND,li1,56.8100,266.5600,0.000669
FILLER_93_103,VGND,li1,53.1300,266.5600,0.000591
FILLER_93_97,VGND,li1,51.5200,266.5600,0.000591
FILLER_93_81,VGND,li1,43.2400,266.5600,0.000448
FILLER_93_69,VGND,li1,40.0200,266.5600,0.000410
FILLER_93_57,VGND,li1,34.5000,266.5600,0.000319
FILLER_93_55,VGND,li1,31.0500,266.5600,0.000243
FILLER_93_51,VGND,li1,29.9000,266.5600,0.000243
FILLER_93_39,VGND,li1,26.2200,266.5600,0.000165
FILLER_93_27,VGND,li1,20.7000,266.5600,0.000165
FILLER_93_15,VGND,li1,15.1800,266.5600,0.000165
FILLER_93_3,VGND,li1,9.6600,266.5600,0.000165
FILLER_92_819,VGND,li1,382.4900,261.1200,0.000922
FILLER_92_813,VGND,li1,380.8800,261.1200,0.000920
FILLER_92_811,VGND,li1,378.8100,261.1200,0.000919
FILLER_92_805,VGND,li1,377.2000,261.1200,0.000919
FILLER_92_793,VGND,li1,373.0600,261.1200,0.000916
FILLER_92_761,VGND,li1,355.8100,261.1200,0.000876
FILLER_92_757,VGND,li1,354.6600,261.1200,0.000876
FILLER_92_749,VGND,li1,350.9800,261.1200,0.000837
FILLER_92_743,VGND,li1,347.5300,261.1200,0.000800
FILLER_92_732,VGND,li1,342.7000,261.1200,0.000721
FILLER_92_722,VGND,li1,337.8700,261.1200,0.000627
FILLER_92_716,VGND,li1,336.2600,261.1200,0.000573
FILLER_92_709,VGND,li1,331.8900,261.1200,0.000501
FILLER_92_701,VGND,li1,329.8200,261.1200,0.000554
FILLER_92_699,VGND,li1,327.2900,261.1200,0.000649
FILLER_92_695,VGND,li1,326.1400,261.1200,0.000649
FILLER_92_684,VGND,li1,320.3900,261.1200,0.000797
FILLER_92_678,VGND,li1,318.7800,261.1200,0.000797
FILLER_92_666,VGND,li1,314.6400,261.1200,0.000881
FILLER_92_657,VGND,li1,307.9700,261.1200,0.000984
FILLER_92_645,VGND,li1,304.9800,261.1200,0.001026
FILLER_92_640,VGND,li1,300.8400,261.1200,0.001089
FILLER_92_628,VGND,li1,297.1600,261.1200,0.001144
FILLER_92_622,VGND,li1,292.3300,261.1200,0.001221
FILLER_92_614,VGND,li1,289.8000,261.1200,0.001280
FILLER_92_603,VGND,li1,283.8200,261.1200,0.001343
FILLER_92_585,VGND,li1,275.3100,261.1200,0.001361
FILLER_92_565,VGND,li1,265.6500,261.1200,0.001359
FILLER_92_559,VGND,li1,264.0400,261.1200,0.001358
FILLER_92_553,VGND,li1,260.1300,261.1200,0.001356
FILLER_92_545,VGND,li1,258.0600,261.1200,0.001354
FILLER_92_533,VGND,li1,253.4600,261.1200,0.001350
FILLER_92_530,VGND,li1,249.7800,261.1200,0.001346
FILLER_92_522,VGND,li1,247.4800,261.1200,0.001340
FILLER_92_507,VGND,li1,240.5800,261.1200,0.001290
FILLER_92_495,VGND,li1,235.9800,261.1200,0.001243
FILLER_92_484,VGND,li1,228.6200,261.1200,0.001195
FILLER_92_472,VGND,li1,223.5600,261.1200,0.001145
FILLER_92_457,VGND,li1,217.1200,261.1200,0.001049
FILLER_92_445,VGND,li1,212.9800,261.1200,0.000963
FILLER_92_433,VGND,li1,207.4600,261.1200,0.000872
FILLER_92_421,VGND,li1,201.9400,261.1200,0.000772
FILLER_92_419,VGND,li1,198.4900,261.1200,0.000732
FILLER_92_410,VGND,li1,194.5800,261.1200,0.000663
FILLER_92_403,VGND,li1,191.5900,261.1200,0.000585
FILLER_92_386,VGND,li1,183.3100,261.1200,0.000417
FILLER_92_382,VGND,li1,182.1600,261.1200,0.000417
FILLER_92_370,VGND,li1,178.4800,261.1200,0.000300
FILLER_92_361,VGND,li1,172.2700,261.1200,0.000333
FILLER_92_349,VGND,li1,168.8200,261.1200,0.000364
FILLER_92_333,VGND,li1,158.9300,261.1200,0.000425
FILLER_92_321,VGND,li1,155.9400,261.1200,0.000439
FILLER_92_309,VGND,li1,150.4200,261.1200,0.000470
FILLER_92_305,VGND,li1,146.5100,261.1200,0.000496
FILLER_92_297,VGND,li1,143.9800,261.1200,0.000506
FILLER_92_285,VGND,li1,139.3800,261.1200,0.000514
FILLER_92_273,VGND,li1,133.8600,261.1200,0.000529
FILLER_92_265,VGND,li1,127.6500,261.1200,0.000540
FILLER_92_257,VGND,li1,123.9700,261.1200,0.000536
FILLER_92_253,VGND,li1,122.8200,261.1200,0.000531
FILLER_92_240,VGND,li1,116.8400,261.1200,0.000520
FILLER_92_230,VGND,li1,111.5500,261.1200,0.000500
FILLER_92_224,VGND,li1,109.9400,261.1200,0.000500
FILLER_92_217,VGND,li1,105.5700,261.1200,0.000487
FILLER_92_209,VGND,li1,103.5000,261.1200,0.000479
FILLER_92_197,VGND,li1,98.9000,261.1200,0.000463
FILLER_92_192,VGND,li1,94.7600,261.1200,0.000450
FILLER_92_178,VGND,li1,87.6300,261.1200,0.000419
FILLER_92_172,VGND,li1,86.0200,261.1200,0.000419
FILLER_92_149,VGND,li1,76.8200,261.1200,0.000382
FILLER_92_141,VGND,li1,70.6100,261.1200,0.000356
FILLER_92_132,VGND,li1,66.4700,261.1200,0.000340
FILLER_92_124,VGND,li1,64.4000,261.1200,0.000327
FILLER_92_109,VGND,li1,56.1200,261.1200,0.000288
FILLER_92_97,VGND,li1,52.9000,261.1200,0.000257
FILLER_92_85,VGND,li1,47.3800,261.1200,0.000230
FILLER_92_83,VGND,li1,43.9300,261.1200,0.000194
FILLER_92_77,VGND,li1,42.3200,261.1200,0.000194
FILLER_92_65,VGND,li1,38.1800,261.1200,0.000164
FILLER_92_53,VGND,li1,32.6600,261.1200,0.000125
FILLER_92_41,VGND,li1,27.1400,261.1200,0.000086
FILLER_92_29,VGND,li1,21.6200,261.1200,0.000071
FILLER_92_27,VGND,li1,18.1700,261.1200,0.000071
FILLER_92_15,VGND,li1,15.1800,261.1200,0.000071
FILLER_92_3,VGND,li1,9.6600,261.1200,0.000071
FILLER_91_809,VGND,li1,380.4200,261.1200,0.000920
FILLER_91_797,VGND,li1,374.9000,261.1200,0.000917
FILLER_91_785,VGND,li1,369.3800,261.1200,0.000913
FILLER_91_780,VGND,li1,365.2400,261.1200,0.000910
FILLER_91_768,VGND,li1,361.5600,261.1200,0.000904
FILLER_91_756,VGND,li1,356.0400,261.1200,0.000876
FILLER_91_744,VGND,li1,350.5200,261.1200,0.000837
FILLER_91_732,VGND,li1,345.0000,261.1200,0.000760
FILLER_91_727,VGND,li1,340.1700,261.1200,0.000675
FILLER_91_723,VGND,li1,339.0200,261.1200,0.000627
FILLER_91_711,VGND,li1,335.3400,261.1200,0.000573
FILLER_91_695,VGND,li1,325.6800,261.1200,0.000649
FILLER_91_687,VGND,li1,323.3800,261.1200,0.000699
FILLER_91_670,VGND,li1,314.1800,261.1200,0.000881
FILLER_91_661,VGND,li1,310.0400,261.1200,0.000949
FILLER_91_653,VGND,li1,307.7400,261.1200,0.000984
FILLER_91_641,VGND,li1,303.1400,261.1200,0.001054
FILLER_91_629,VGND,li1,297.6200,261.1200,0.001144
FILLER_91_617,VGND,li1,292.1000,261.1200,0.001221
FILLER_91_613,VGND,li1,288.1900,261.1200,0.001280
FILLER_91_605,VGND,li1,285.6600,261.1200,0.001318
FILLER_91_595,VGND,li1,280.1400,261.1200,0.001358
FILLER_91_583,VGND,li1,276.4600,261.1200,0.001361
FILLER_91_576,VGND,li1,270.7100,261.1200,0.001361
FILLER_91_561,VGND,li1,264.0400,261.1200,0.001358
FILLER_91_541,VGND,li1,255.7600,261.1200,0.001352
FILLER_91_517,VGND,li1,244.7200,261.1200,0.001317
FILLER_91_505,VGND,li1,240.5800,261.1200,0.001290
FILLER_91_500,VGND,li1,236.4400,261.1200,0.001258
FILLER_91_484,VGND,li1,230.9200,261.1200,0.001211
FILLER_91_472,VGND,li1,225.4000,261.1200,0.001169
FILLER_91_463,VGND,li1,219.4200,261.1200,0.001091
FILLER_91_440,VGND,li1,208.1500,261.1200,0.000872
FILLER_91_434,VGND,li1,206.5400,261.1200,0.000872
FILLER_91_406,VGND,li1,192.7400,261.1200,0.000630
FILLER_91_393,VGND,li1,187.6800,261.1200,0.000507
FILLER_91_383,VGND,li1,182.1600,261.1200,0.000417
FILLER_91_375,VGND,li1,179.8600,261.1200,0.000364
FILLER_91_369,VGND,li1,175.7200,261.1200,0.000318
FILLER_91_361,VGND,li1,173.4200,261.1200,0.000333
FILLER_91_348,VGND,li1,165.8300,261.1200,0.000383
FILLER_91_344,VGND,li1,164.6800,261.1200,0.000383
FILLER_91_329,VGND,li1,157.7800,261.1200,0.000425
FILLER_91_322,VGND,li1,153.8700,261.1200,0.000458
FILLER_91_316,VGND,li1,152.2600,261.1200,0.000458
FILLER_91_311,VGND,li1,149.0400,261.1200,0.000486
FILLER_91_297,VGND,li1,142.3700,261.1200,0.000506
FILLER_91_289,VGND,li1,140.3000,261.1200,0.000514
FILLER_91_281,VGND,li1,135.0100,261.1200,0.000529
FILLER_91_273,VGND,li1,131.5600,261.1200,0.000535
FILLER_91_265,VGND,li1,129.2600,261.1200,0.000540
FILLER_91_253,VGND,li1,123.7400,261.1200,0.000536
FILLER_91_244,VGND,li1,118.2200,261.1200,0.000520
FILLER_91_232,VGND,li1,115.0000,261.1200,0.000515
FILLER_91_222,VGND,li1,108.1000,261.1200,0.000494
FILLER_91_205,VGND,li1,100.7400,261.1200,0.000471
FILLER_91_196,VGND,li1,96.1400,261.1200,0.000450
FILLER_91_187,VGND,li1,91.7700,261.1200,0.000441
FILLER_91_179,VGND,li1,89.7000,261.1200,0.000431
FILLER_91_173,VGND,li1,85.3300,261.1200,0.000412
FILLER_91_169,VGND,li1,84.1800,261.1200,0.000412
FILLER_91_165,VGND,li1,82.1100,261.1200,0.000405
FILLER_91_157,VGND,li1,79.5800,261.1200,0.000395
FILLER_91_145,VGND,li1,73.6000,261.1200,0.000366
FILLER_91_138,VGND,li1,69.2300,261.1200,0.000348
FILLER_91_132,VGND,li1,67.6200,261.1200,0.000340
FILLER_91_120,VGND,li1,63.4800,261.1200,0.000327
FILLER_91_113,VGND,li1,57.7300,261.1200,0.000288
FILLER_91_108,VGND,li1,56.1200,261.1200,0.000288
FILLER_91_81,VGND,li1,44.6200,261.1200,0.000209
FILLER_91_69,VGND,li1,40.0200,261.1200,0.000177
FILLER_91_57,VGND,li1,34.5000,261.1200,0.000138
FILLER_91_55,VGND,li1,31.0500,261.1200,0.000105
FILLER_91_51,VGND,li1,29.9000,261.1200,0.000105
FILLER_91_39,VGND,li1,26.2200,261.1200,0.000071
FILLER_91_27,VGND,li1,20.7000,261.1200,0.000071
FILLER_91_15,VGND,li1,15.1800,261.1200,0.000071
FILLER_91_3,VGND,li1,9.6600,261.1200,0.000071
FILLER_90_819,VGND,li1,382.4900,255.6800,0.000203
FILLER_90_813,VGND,li1,380.8800,255.6800,0.000203
FILLER_90_811,VGND,li1,378.8100,255.6800,0.000203
FILLER_90_805,VGND,li1,377.2000,255.6800,0.000203
FILLER_90_793,VGND,li1,373.0600,255.6800,0.000203
FILLER_90_781,VGND,li1,367.5400,255.6800,0.000202
FILLER_90_769,VGND,li1,362.0200,255.6800,0.000202
FILLER_90_757,VGND,li1,354.2000,255.6800,0.000200
FILLER_90_744,VGND,li1,350.5200,255.6800,0.000199
FILLER_90_739,VGND,li1,345.6900,255.6800,0.000196
FILLER_90_735,VGND,li1,343.8500,255.6800,0.000195
FILLER_90_731,VGND,li1,342.7000,255.6800,0.000195
FILLER_90_719,VGND,li1,339.0200,255.6800,0.000193
FILLER_90_714,VGND,li1,334.4200,255.6800,0.000189
FILLER_90_706,VGND,li1,332.1200,255.6800,0.000187
FILLER_90_698,VGND,li1,327.0600,255.6800,0.000275
FILLER_90_690,VGND,li1,324.7600,255.6800,0.000304
FILLER_90_678,VGND,li1,320.1600,255.6800,0.000362
FILLER_90_658,VGND,li1,308.4300,255.6800,0.000469
FILLER_90_650,VGND,li1,306.3600,255.6800,0.000480
FILLER_90_642,VGND,li1,301.3000,255.6800,0.000502
FILLER_90_634,VGND,li1,299.0000,255.6800,0.000512
FILLER_90_630,VGND,li1,295.5500,255.6800,0.000518
FILLER_90_618,VGND,li1,292.5600,255.6800,0.000531
FILLER_90_606,VGND,li1,287.0400,255.6800,0.000542
FILLER_90_589,VGND,li1,277.1500,255.6800,0.000555
FILLER_90_587,VGND,li1,275.7700,255.6800,0.000553
FILLER_90_581,VGND,li1,274.1600,255.6800,0.000553
FILLER_90_569,VGND,li1,270.0200,255.6800,0.000546
FILLER_90_565,VGND,li1,265.6500,255.6800,0.000538
FILLER_90_557,VGND,li1,263.5800,255.6800,0.000532
FILLER_90_541,VGND,li1,255.0700,255.6800,0.000518
FILLER_90_533,VGND,li1,252.5400,255.6800,0.000512
FILLER_90_526,VGND,li1,248.8600,255.6800,0.000507
FILLER_90_514,VGND,li1,242.4200,255.6800,0.000484
FILLER_90_502,VGND,li1,239.2000,255.6800,0.000466
FILLER_90_486,VGND,li1,230.4600,255.6800,0.000417
FILLER_90_477,VGND,li1,225.4000,255.6800,0.000386
FILLER_90_474,VGND,li1,224.0200,255.6800,0.000386
FILLER_90_459,VGND,li1,217.1200,255.6800,0.000342
FILLER_90_451,VGND,li1,214.8200,255.6800,0.000328
FILLER_90_439,VGND,li1,210.2200,255.6800,0.000299
FILLER_90_427,VGND,li1,204.7000,255.6800,0.000256
FILLER_90_408,VGND,li1,195.9600,255.6800,0.000198
FILLER_90_395,VGND,li1,189.0600,255.6800,0.000162
FILLER_90_383,VGND,li1,184.4600,255.6800,0.000124
FILLER_90_365,VGND,li1,174.8000,255.6800,0.000093
FILLER_90_363,VGND,li1,172.7300,255.6800,0.000098
FILLER_90_351,VGND,li1,169.7400,255.6800,0.000104
FILLER_90_339,VGND,li1,164.2200,255.6800,0.000114
FILLER_90_327,VGND,li1,158.7000,255.6800,0.000125
FILLER_90_309,VGND,li1,147.8900,255.6800,0.000145
FILLER_90_306,VGND,li1,146.7400,255.6800,0.000148
FILLER_90_291,VGND,li1,142.1400,255.6800,0.000153
FILLER_90_279,VGND,li1,136.6200,255.6800,0.000159
FILLER_90_267,VGND,li1,131.1000,255.6800,0.000166
FILLER_90_259,VGND,li1,124.8900,255.6800,0.000173
FILLER_90_253,VGND,li1,122.5900,255.6800,0.000175
FILLER_90_249,VGND,li1,120.7500,255.6800,0.000177
FILLER_90_240,VGND,li1,116.3800,255.6800,0.000174
FILLER_90_226,VGND,li1,110.8600,255.6800,0.000171
FILLER_90_214,VGND,li1,106.7200,255.6800,0.000167
FILLER_90_202,VGND,li1,101.2000,255.6800,0.000162
FILLER_90_188,VGND,li1,92.2300,255.6800,0.000155
FILLER_90_180,VGND,li1,90.1600,255.6800,0.000153
FILLER_90_168,VGND,li1,83.2600,255.6800,0.000146
FILLER_90_160,VGND,li1,79.3500,255.6800,0.000141
FILLER_90_149,VGND,li1,74.2900,255.6800,0.000137
FILLER_90_141,VGND,li1,72.2200,255.6800,0.000134
FILLER_90_132,VGND,li1,68.0800,255.6800,0.000128
FILLER_90_117,VGND,li1,59.8000,255.6800,0.000115
FILLER_90_109,VGND,li1,57.5000,255.6800,0.000108
FILLER_90_97,VGND,li1,52.9000,255.6800,0.000101
FILLER_90_85,VGND,li1,46.0000,255.6800,0.000082
FILLER_90_83,VGND,li1,43.9300,255.6800,0.000077
FILLER_90_77,VGND,li1,42.3200,255.6800,0.000077
FILLER_90_65,VGND,li1,38.1800,255.6800,0.000065
FILLER_90_53,VGND,li1,32.6600,255.6800,0.000045
FILLER_90_41,VGND,li1,27.1400,255.6800,0.000034
FILLER_90_29,VGND,li1,21.6200,255.6800,0.000029
FILLER_90_27,VGND,li1,18.1700,255.6800,0.000029
FILLER_90_15,VGND,li1,15.1800,255.6800,0.000030
FILLER_90_3,VGND,li1,9.6600,255.6800,0.000030
FILLER_89_809,VGND,li1,380.4200,255.6800,0.000203
FILLER_89_797,VGND,li1,374.9000,255.6800,0.000203
FILLER_89_785,VGND,li1,369.3800,255.6800,0.000202
FILLER_89_782,VGND,li1,365.7000,255.6800,0.000202
FILLER_89_774,VGND,li1,363.4000,255.6800,0.000202
FILLER_89_702,VGND,li1,329.3600,255.6800,0.000236
FILLER_89_693,VGND,li1,324.7600,255.6800,0.000304
FILLER_89_685,VGND,li1,320.8500,255.6800,0.000362
FILLER_89_673,VGND,li1,317.8600,255.6800,0.000403
FILLER_89_671,VGND,li1,314.4100,255.6800,0.000424
FILLER_89_663,VGND,li1,310.7300,255.6800,0.000454
FILLER_89_624,VGND,li1,293.0200,255.6800,0.000525
FILLER_89_615,VGND,li1,288.6500,255.6800,0.000542
FILLER_89_611,VGND,li1,287.5000,255.6800,0.000542
FILLER_89_599,VGND,li1,283.8200,255.6800,0.000553
FILLER_89_592,VGND,li1,278.5300,255.6800,0.000560
FILLER_89_584,VGND,li1,276.0000,255.6800,0.000555
FILLER_89_572,VGND,li1,271.4000,255.6800,0.000546
FILLER_89_537,VGND,li1,254.3800,255.6800,0.000518
FILLER_89_511,VGND,li1,240.8100,255.6800,0.000484
FILLER_89_505,VGND,li1,239.2000,255.6800,0.000466
FILLER_89_500,VGND,li1,236.4400,255.6800,0.000455
FILLER_89_488,VGND,li1,232.7600,255.6800,0.000438
FILLER_89_472,VGND,li1,224.0200,255.6800,0.000386
FILLER_89_465,VGND,li1,219.6500,255.6800,0.000354
FILLER_89_461,VGND,li1,218.5000,255.6800,0.000342
FILLER_89_449,VGND,li1,214.8200,255.6800,0.000328
FILLER_89_444,VGND,li1,210.6800,255.6800,0.000299
FILLER_89_429,VGND,li1,203.5500,255.6800,0.000256
FILLER_89_417,VGND,li1,200.1000,255.6800,0.000226
FILLER_89_405,VGND,li1,194.5800,255.6800,0.000198
FILLER_89_393,VGND,li1,189.0600,255.6800,0.000162
FILLER_89_389,VGND,li1,185.1500,255.6800,0.000136
FILLER_89_374,VGND,li1,178.0200,255.6800,0.000088
FILLER_89_366,VGND,li1,175.7200,255.6800,0.000093
FILLER_89_354,VGND,li1,171.1200,255.6800,0.000104
FILLER_89_341,VGND,li1,162.6100,255.6800,0.000120
FILLER_89_337,VGND,li1,161.4600,255.6800,0.000120
FILLER_89_332,VGND,li1,159.1600,255.6800,0.000125
FILLER_89_320,VGND,li1,155.4800,255.6800,0.000133
FILLER_89_310,VGND,li1,148.8100,255.6800,0.000145
FILLER_89_302,VGND,li1,146.2800,255.6800,0.000148
FILLER_89_289,VGND,li1,138.6900,255.6800,0.000157
FILLER_89_281,VGND,li1,136.6200,255.6800,0.000159
FILLER_89_279,VGND,li1,134.0900,255.6800,0.000163
FILLER_89_275,VGND,li1,132.9400,255.6800,0.000163
FILLER_89_262,VGND,li1,126.5000,255.6800,0.000171
FILLER_89_250,VGND,li1,123.2800,255.6800,0.000175
FILLER_89_233,VGND,li1,113.1600,255.6800,0.000172
FILLER_89_225,VGND,li1,110.8600,255.6800,0.000171
FILLER_89_216,VGND,li1,106.7200,255.6800,0.000167
FILLER_89_211,VGND,li1,103.0400,255.6800,0.000165
FILLER_89_199,VGND,li1,99.8200,255.6800,0.000162
FILLER_89_193,VGND,li1,94.5300,255.6800,0.000157
FILLER_89_181,VGND,li1,91.5400,255.6800,0.000153
FILLER_89_169,VGND,li1,86.0200,255.6800,0.000149
FILLER_89_166,VGND,li1,82.3400,255.6800,0.000145
FILLER_89_158,VGND,li1,80.0400,255.6800,0.000141
FILLER_89_146,VGND,li1,72.9100,255.6800,0.000134
FILLER_89_137,VGND,li1,69.2300,255.6800,0.000128
FILLER_89_125,VGND,li1,65.7800,255.6800,0.000124
FILLER_89_113,VGND,li1,60.2600,255.6800,0.000115
FILLER_89_109,VGND,li1,56.3500,255.6800,0.000108
FILLER_89_101,VGND,li1,53.8200,255.6800,0.000101
FILLER_89_89,VGND,li1,49.2200,255.6800,0.000092
FILLER_89_81,VGND,li1,43.0100,255.6800,0.000077
FILLER_89_69,VGND,li1,40.0200,255.6800,0.000070
FILLER_89_57,VGND,li1,34.5000,255.6800,0.000055
FILLER_89_55,VGND,li1,31.0500,255.6800,0.000045
FILLER_89_43,VGND,li1,28.0600,255.6800,0.000034
FILLER_89_31,VGND,li1,22.5400,255.6800,0.000029
FILLER_89_19,VGND,li1,17.0200,255.6800,0.000029
FILLER_89_7,VGND,li1,11.5000,255.6800,0.000030
FILLER_88_821,VGND,li1,383.8700,250.2400,0.000511
FILLER_88_813,VGND,li1,381.3400,250.2400,0.000511
FILLER_88_806,VGND,li1,377.6600,250.2400,0.000511
FILLER_88_794,VGND,li1,373.5200,250.2400,0.000510
FILLER_88_782,VGND,li1,368.0000,250.2400,0.000510
FILLER_88_765,VGND,li1,357.6500,250.2400,0.000484
FILLER_88_757,VGND,li1,355.5800,250.2400,0.000463
FILLER_88_748,VGND,li1,351.4400,250.2400,0.000421
FILLER_88_740,VGND,li1,346.6100,250.2400,0.000359
FILLER_88_732,VGND,li1,344.0800,250.2400,0.000320
FILLER_88_720,VGND,li1,339.4800,250.2400,0.000261
FILLER_88_713,VGND,li1,334.4200,250.2400,0.000198
FILLER_88_701,VGND,li1,330.7400,250.2400,0.000152
FILLER_88_699,VGND,li1,327.2900,250.2400,0.000160
FILLER_88_695,VGND,li1,326.1400,250.2400,0.000160
FILLER_88_685,VGND,li1,321.5400,250.2400,0.000166
FILLER_88_673,VGND,li1,317.8600,250.2400,0.000168
FILLER_88_657,VGND,li1,307.9700,250.2400,0.000171
FILLER_88_653,VGND,li1,306.8200,250.2400,0.000171
FILLER_88_636,VGND,li1,299.9200,250.2400,0.000172
FILLER_88_620,VGND,li1,290.9500,250.2400,0.000174
FILLER_88_605,VGND,li1,284.2800,250.2400,0.000174
FILLER_88_589,VGND,li1,276.9200,250.2400,0.000173
FILLER_88_587,VGND,li1,275.7700,250.2400,0.000172
FILLER_88_583,VGND,li1,274.6200,250.2400,0.000172
FILLER_88_567,VGND,li1,266.5700,250.2400,0.000169
FILLER_88_561,VGND,li1,264.9600,250.2400,0.000167
FILLER_88_545,VGND,li1,256.9100,250.2400,0.000163
FILLER_88_533,VGND,li1,253.4600,250.2400,0.000160
FILLER_88_531,VGND,li1,250.0100,250.2400,0.000156
FILLER_88_527,VGND,li1,248.8600,250.2400,0.000156
FILLER_88_517,VGND,li1,244.0300,250.2400,0.000151
FILLER_88_505,VGND,li1,240.5800,250.2400,0.000148
FILLER_88_486,VGND,li1,229.3100,250.2400,0.000135
FILLER_88_475,VGND,li1,224.2500,250.2400,0.000130
FILLER_88_467,VGND,li1,222.1800,250.2400,0.000124
FILLER_88_455,VGND,li1,217.5800,250.2400,0.000120
FILLER_88_427,VGND,li1,202.8600,250.2400,0.000096
FILLER_88_421,VGND,li1,199.8700,250.2400,0.000091
FILLER_88_416,VGND,li1,197.8000,250.2400,0.000088
FILLER_88_404,VGND,li1,194.1200,250.2400,0.000079
FILLER_88_395,VGND,li1,187.9100,250.2400,0.000067
FILLER_88_385,VGND,li1,183.3100,250.2400,0.000058
FILLER_88_374,VGND,li1,178.4800,250.2400,0.000053
FILLER_88_365,VGND,li1,173.6500,250.2400,0.000064
FILLER_88_357,VGND,li1,170.6600,250.2400,0.000069
FILLER_88_328,VGND,li1,157.0900,250.2400,0.000098
FILLER_88_322,VGND,li1,153.8700,250.2400,0.000105
FILLER_88_317,VGND,li1,151.8000,250.2400,0.000109
FILLER_88_309,VGND,li1,149.5000,250.2400,0.000113
FILLER_88_306,VGND,li1,146.7400,250.2400,0.000121
FILLER_88_275,VGND,li1,132.9400,250.2400,0.000142
FILLER_88_269,VGND,li1,129.4900,250.2400,0.000149
FILLER_88_257,VGND,li1,126.5000,250.2400,0.000153
FILLER_88_253,VGND,li1,122.1300,250.2400,0.000160
FILLER_88_251,VGND,li1,121.2100,250.2400,0.000160
FILLER_88_239,VGND,li1,118.2200,250.2400,0.000164
FILLER_88_215,VGND,li1,105.3400,250.2400,0.000168
FILLER_88_173,VGND,li1,87.8600,250.2400,0.000157
FILLER_88_153,VGND,li1,76.1300,250.2400,0.000148
FILLER_88_141,VGND,li1,70.6100,250.2400,0.000140
FILLER_88_138,VGND,li1,69.4600,250.2400,0.000140
FILLER_88_130,VGND,li1,67.1600,250.2400,0.000135
FILLER_88_114,VGND,li1,58.6500,250.2400,0.000122
FILLER_88_106,VGND,li1,56.1200,250.2400,0.000119
FILLER_88_85,VGND,li1,46.0000,250.2400,0.000089
FILLER_88_83,VGND,li1,43.9300,250.2400,0.000082
FILLER_88_77,VGND,li1,42.3200,250.2400,0.000082
FILLER_88_65,VGND,li1,38.1800,250.2400,0.000070
FILLER_88_53,VGND,li1,32.6600,250.2400,0.000049
FILLER_88_41,VGND,li1,27.1400,250.2400,0.000037
FILLER_88_29,VGND,li1,21.6200,250.2400,0.000031
FILLER_88_27,VGND,li1,18.1700,250.2400,0.000031
FILLER_88_15,VGND,li1,15.1800,250.2400,0.000032
FILLER_88_3,VGND,li1,9.6600,250.2400,0.000032
FILLER_87_809,VGND,li1,380.4200,250.2400,0.000511
FILLER_87_797,VGND,li1,374.9000,250.2400,0.000510
FILLER_87_785,VGND,li1,369.3800,250.2400,0.000510
FILLER_87_780,VGND,li1,365.2400,250.2400,0.000510
FILLER_87_741,VGND,li1,347.3000,250.2400,0.000359
FILLER_87_729,VGND,li1,343.6200,250.2400,0.000320
FILLER_87_727,VGND,li1,340.1700,250.2400,0.000261
FILLER_87_723,VGND,li1,339.0200,250.2400,0.000261
FILLER_87_709,VGND,li1,332.1200,250.2400,0.000152
FILLER_87_697,VGND,li1,328.9000,250.2400,0.000155
FILLER_87_685,VGND,li1,323.3800,250.2400,0.000166
FILLER_87_681,VGND,li1,319.0100,250.2400,0.000167
FILLER_87_673,VGND,li1,316.9400,250.2400,0.000168
FILLER_87_671,VGND,li1,314.4100,250.2400,0.000169
FILLER_87_659,VGND,li1,311.4200,250.2400,0.000170
FILLER_87_647,VGND,li1,305.9000,250.2400,0.000171
FILLER_87_635,VGND,li1,300.3800,250.2400,0.000172
FILLER_87_623,VGND,li1,294.8600,250.2400,0.000173
FILLER_87_615,VGND,li1,288.6500,250.2400,0.000174
FILLER_87_605,VGND,li1,284.2800,250.2400,0.000174
FILLER_87_575,VGND,li1,272.7800,250.2400,0.000171
FILLER_87_567,VGND,li1,266.5700,250.2400,0.000169
FILLER_87_561,VGND,li1,264.9600,250.2400,0.000167
FILLER_87_557,VGND,li1,262.4300,250.2400,0.000166
FILLER_87_527,VGND,li1,250.7000,250.2400,0.000158
FILLER_87_512,VGND,li1,242.8800,250.2400,0.000151
FILLER_87_490,VGND,li1,232.3000,250.2400,0.000139
FILLER_87_467,VGND,li1,220.5700,250.2400,0.000124
FILLER_87_461,VGND,li1,218.9600,250.2400,0.000120
FILLER_87_449,VGND,li1,214.8200,250.2400,0.000115
FILLER_87_444,VGND,li1,210.6800,250.2400,0.000110
FILLER_87_437,VGND,li1,206.7700,250.2400,0.000100
FILLER_87_431,VGND,li1,205.1600,250.2400,0.000100
FILLER_87_411,VGND,li1,194.8100,250.2400,0.000079
FILLER_87_391,VGND,li1,185.6100,250.2400,0.000063
FILLER_87_385,VGND,li1,184.0000,250.2400,0.000058
FILLER_87_376,VGND,li1,178.9400,250.2400,0.000048
FILLER_87_352,VGND,li1,168.1300,250.2400,0.000074
FILLER_87_335,VGND,li1,159.8500,250.2400,0.000093
FILLER_87_329,VGND,li1,158.2400,250.2400,0.000098
FILLER_87_321,VGND,li1,153.4100,250.2400,0.000105
FILLER_87_313,VGND,li1,151.3400,250.2400,0.000109
FILLER_87_301,VGND,li1,146.7400,250.2400,0.000121
FILLER_87_289,VGND,li1,138.9200,250.2400,0.000132
FILLER_87_281,VGND,li1,135.4700,250.2400,0.000139
FILLER_87_257,VGND,li1,123.9700,250.2400,0.000157
FILLER_87_247,VGND,li1,119.8300,250.2400,0.000164
FILLER_87_235,VGND,li1,116.3800,250.2400,0.000169
FILLER_87_229,VGND,li1,111.0900,250.2400,0.000170
FILLER_87_225,VGND,li1,109.9400,250.2400,0.000170
FILLER_87_218,VGND,li1,107.1800,250.2400,0.000169
FILLER_87_208,VGND,li1,101.8900,250.2400,0.000166
FILLER_87_200,VGND,li1,99.3600,250.2400,0.000165
FILLER_87_189,VGND,li1,92.6900,250.2400,0.000161
FILLER_87_177,VGND,li1,89.7000,250.2400,0.000159
FILLER_87_167,VGND,li1,82.5700,250.2400,0.000153
FILLER_87_163,VGND,li1,81.4200,250.2400,0.000153
FILLER_87_134,VGND,li1,67.3900,250.2400,0.000135
FILLER_87_128,VGND,li1,65.7800,250.2400,0.000135
FILLER_87_113,VGND,li1,57.9600,250.2400,0.000122
FILLER_87_109,VGND,li1,56.3500,250.2400,0.000119
FILLER_87_101,VGND,li1,53.8200,250.2400,0.000112
FILLER_87_93,VGND,li1,48.9900,250.2400,0.000100
FILLER_87_81,VGND,li1,45.5400,250.2400,0.000089
FILLER_87_69,VGND,li1,40.0200,250.2400,0.000075
FILLER_87_57,VGND,li1,34.5000,250.2400,0.000059
FILLER_87_55,VGND,li1,31.0500,250.2400,0.000049
FILLER_87_43,VGND,li1,28.0600,250.2400,0.000037
FILLER_87_31,VGND,li1,22.5400,250.2400,0.000031
FILLER_87_19,VGND,li1,17.0200,250.2400,0.000031
FILLER_87_7,VGND,li1,11.5000,250.2400,0.000032
FILLER_86_819,VGND,li1,382.4900,244.8000,0.000450
FILLER_86_813,VGND,li1,380.8800,244.8000,0.000450
FILLER_86_810,VGND,li1,378.5800,244.8000,0.000448
FILLER_86_802,VGND,li1,376.2800,244.8000,0.000445
FILLER_86_790,VGND,li1,371.6800,244.8000,0.000437
FILLER_86_778,VGND,li1,366.1600,244.8000,0.000417
FILLER_86_772,VGND,li1,360.8700,244.8000,0.000404
FILLER_86_764,VGND,li1,358.8000,244.8000,0.000393
FILLER_86_757,VGND,li1,354.6600,244.8000,0.000371
FILLER_86_752,VGND,li1,352.3600,244.8000,0.000357
FILLER_86_729,VGND,li1,341.0900,244.8000,0.000266
FILLER_86_721,VGND,li1,339.0200,244.8000,0.000245
FILLER_86_714,VGND,li1,334.6500,244.8000,0.000192
FILLER_86_699,VGND,li1,327.2900,244.8000,0.000182
FILLER_86_695,VGND,li1,326.1400,244.8000,0.000182
FILLER_86_669,VGND,li1,313.4900,244.8000,0.000212
FILLER_86_663,VGND,li1,311.8800,244.8000,0.000212
FILLER_86_645,VGND,li1,303.1400,244.8000,0.000229
FILLER_86_632,VGND,li1,299.0000,244.8000,0.000233
FILLER_86_620,VGND,li1,293.4800,244.8000,0.000244
FILLER_86_608,VGND,li1,287.9600,244.8000,0.000250
FILLER_86_596,VGND,li1,282.4400,244.8000,0.000259
FILLER_86_589,VGND,li1,277.3800,244.8000,0.000265
FILLER_86_585,VGND,li1,275.3100,244.8000,0.000267
FILLER_86_573,VGND,li1,271.8600,244.8000,0.000273
FILLER_86_561,VGND,li1,266.3400,244.8000,0.000278
FILLER_86_533,VGND,li1,251.1600,244.8000,0.000291
FILLER_86_528,VGND,li1,249.3200,244.8000,0.000293
FILLER_86_516,VGND,li1,245.6400,244.8000,0.000295
FILLER_86_504,VGND,li1,240.1200,244.8000,0.000299
FILLER_86_499,VGND,li1,235.5200,244.8000,0.000303
FILLER_86_491,VGND,li1,233.2200,244.8000,0.000304
FILLER_86_477,VGND,li1,225.1700,244.8000,0.000310
FILLER_86_468,VGND,li1,222.6400,244.8000,0.000311
FILLER_86_454,VGND,li1,214.8200,244.8000,0.000302
FILLER_86_446,VGND,li1,210.9100,244.8000,0.000284
FILLER_86_432,VGND,li1,204.4700,244.8000,0.000250
FILLER_86_421,VGND,li1,199.4100,244.8000,0.000228
FILLER_86_405,VGND,li1,193.6600,244.8000,0.000202
FILLER_86_396,VGND,li1,188.6000,244.8000,0.000176
FILLER_86_384,VGND,li1,184.9200,244.8000,0.000158
FILLER_86_372,VGND,li1,179.4000,244.8000,0.000125
FILLER_86_352,VGND,li1,170.2000,244.8000,0.000182
FILLER_86_340,VGND,li1,164.6800,244.8000,0.000227
FILLER_86_328,VGND,li1,159.1600,244.8000,0.000257
FILLER_86_316,VGND,li1,153.6400,244.8000,0.000301
FILLER_86_309,VGND,li1,147.8900,244.8000,0.000315
FILLER_86_300,VGND,li1,145.3600,244.8000,0.000320
FILLER_86_288,VGND,li1,140.7600,244.8000,0.000328
FILLER_86_276,VGND,li1,135.2400,244.8000,0.000332
FILLER_86_264,VGND,li1,129.7200,244.8000,0.000338
FILLER_86_253,VGND,li1,122.5900,244.8000,0.000343
FILLER_86_251,VGND,li1,121.2100,244.8000,0.000344
FILLER_86_245,VGND,li1,119.6000,244.8000,0.000344
FILLER_86_233,VGND,li1,115.4600,244.8000,0.000346
FILLER_86_221,VGND,li1,109.9400,244.8000,0.000345
FILLER_86_209,VGND,li1,104.4200,244.8000,0.000341
FILLER_86_197,VGND,li1,98.9000,244.8000,0.000333
FILLER_86_190,VGND,li1,94.3000,244.8000,0.000324
FILLER_86_186,VGND,li1,91.3100,244.8000,0.000311
FILLER_86_182,VGND,li1,90.1600,244.8000,0.000311
FILLER_86_170,VGND,li1,86.4800,244.8000,0.000295
FILLER_86_152,VGND,li1,78.2000,244.8000,0.000266
FILLER_86_147,VGND,li1,73.3700,244.8000,0.000253
FILLER_86_141,VGND,li1,71.7600,244.8000,0.000241
FILLER_86_128,VGND,li1,67.1600,244.8000,0.000224
FILLER_86_115,VGND,li1,58.6500,244.8000,0.000197
FILLER_86_107,VGND,li1,56.5800,244.8000,0.000189
FILLER_86_83,VGND,li1,43.9300,244.8000,0.000135
FILLER_86_77,VGND,li1,42.3200,244.8000,0.000123
FILLER_86_65,VGND,li1,38.1800,244.8000,0.000109
FILLER_86_53,VGND,li1,32.6600,244.8000,0.000083
FILLER_86_41,VGND,li1,27.1400,244.8000,0.000057
FILLER_86_29,VGND,li1,21.6200,244.8000,0.000048
FILLER_86_27,VGND,li1,18.1700,244.8000,0.000048
FILLER_86_19,VGND,li1,16.1000,244.8000,0.000049
FILLER_86_7,VGND,li1,11.5000,244.8000,0.000049
FILLER_85_803,VGND,li1,375.1300,244.8000,0.000441
FILLER_85_799,VGND,li1,373.9800,244.8000,0.000441
FILLER_85_778,VGND,li1,364.7800,244.8000,0.000417
FILLER_85_758,VGND,li1,355.5800,244.8000,0.000371
FILLER_85_743,VGND,li1,349.1400,244.8000,0.000326
FILLER_85_729,VGND,li1,341.0900,244.8000,0.000266
FILLER_85_710,VGND,li1,332.3500,244.8000,0.000166
FILLER_85_704,VGND,li1,330.7400,244.8000,0.000171
FILLER_85_671,VGND,li1,314.4100,244.8000,0.000207
FILLER_85_665,VGND,li1,312.8000,244.8000,0.000212
FILLER_85_625,VGND,li1,293.2500,244.8000,0.000244
FILLER_85_617,VGND,li1,290.0300,244.8000,0.000247
FILLER_85_599,VGND,li1,281.2900,244.8000,0.000259
FILLER_85_591,VGND,li1,279.2200,244.8000,0.000262
FILLER_85_565,VGND,li1,265.6500,244.8000,0.000278
FILLER_85_561,VGND,li1,263.8100,244.8000,0.000281
FILLER_85_559,VGND,li1,262.8900,244.8000,0.000283
FILLER_85_550,VGND,li1,259.2100,244.8000,0.000286
FILLER_85_540,VGND,li1,254.1500,244.8000,0.000290
FILLER_85_528,VGND,li1,251.1600,244.8000,0.000291
FILLER_85_517,VGND,li1,245.1800,244.8000,0.000295
FILLER_85_505,VGND,li1,240.5800,244.8000,0.000299
FILLER_85_503,VGND,li1,237.1300,244.8000,0.000303
FILLER_85_499,VGND,li1,235.9800,244.8000,0.000303
FILLER_85_476,VGND,li1,225.4000,244.8000,0.000310
FILLER_85_464,VGND,li1,221.7200,244.8000,0.000311
FILLER_85_452,VGND,li1,216.2000,244.8000,0.000302
FILLER_85_447,VGND,li1,211.3700,244.8000,0.000284
FILLER_85_440,VGND,li1,208.6100,244.8000,0.000274
FILLER_85_432,VGND,li1,206.0800,244.8000,0.000262
FILLER_85_420,VGND,li1,200.1000,244.8000,0.000228
FILLER_85_405,VGND,li1,193.6600,244.8000,0.000202
FILLER_85_393,VGND,li1,189.0600,244.8000,0.000176
FILLER_85_389,VGND,li1,185.1500,244.8000,0.000158
FILLER_85_381,VGND,li1,182.6200,244.8000,0.000146
FILLER_85_374,VGND,li1,178.2500,244.8000,0.000125
FILLER_85_366,VGND,li1,175.7200,244.8000,0.000148
FILLER_85_354,VGND,li1,171.1200,244.8000,0.000182
FILLER_85_337,VGND,li1,161.4600,244.8000,0.000242
FILLER_85_334,VGND,li1,159.6200,244.8000,0.000257
FILLER_85_326,VGND,li1,157.3200,244.8000,0.000269
FILLER_85_289,VGND,li1,139.3800,244.8000,0.000328
FILLER_85_272,VGND,li1,131.3300,244.8000,0.000336
FILLER_85_264,VGND,li1,128.8000,244.8000,0.000338
FILLER_85_252,VGND,li1,124.2000,244.8000,0.000341
FILLER_85_221,VGND,li1,107.8700,244.8000,0.000344
FILLER_85_212,VGND,li1,103.7300,244.8000,0.000341
FILLER_85_191,VGND,li1,93.6100,244.8000,0.000318
FILLER_85_187,VGND,li1,92.4600,244.8000,0.000318
FILLER_85_176,VGND,li1,87.4000,244.8000,0.000303
FILLER_85_149,VGND,li1,76.8200,244.8000,0.000266
FILLER_85_137,VGND,li1,71.3000,244.8000,0.000241
FILLER_85_125,VGND,li1,65.7800,244.8000,0.000224
FILLER_85_113,VGND,li1,60.2600,244.8000,0.000197
FILLER_85_100,VGND,li1,54.2800,244.8000,0.000177
FILLER_85_81,VGND,li1,45.5400,244.8000,0.000135
FILLER_85_73,VGND,li1,39.3300,244.8000,0.000109
FILLER_85_69,VGND,li1,38.1800,244.8000,0.000109
FILLER_85_57,VGND,li1,34.5000,244.8000,0.000092
FILLER_85_55,VGND,li1,31.0500,244.8000,0.000070
FILLER_85_51,VGND,li1,29.9000,244.8000,0.000070
FILLER_85_39,VGND,li1,26.2200,244.8000,0.000048
FILLER_85_27,VGND,li1,20.7000,244.8000,0.000048
FILLER_85_15,VGND,li1,15.1800,244.8000,0.000049
FILLER_85_3,VGND,li1,9.6600,244.8000,0.000049
FILLER_84_813,VGND,li1,380.4200,239.3600,0.000267
FILLER_84_811,VGND,li1,378.8100,239.3600,0.000267
FILLER_84_803,VGND,li1,376.7400,239.3600,0.000266
FILLER_84_791,VGND,li1,372.1400,239.3600,0.000262
FILLER_84_779,VGND,li1,366.6200,239.3600,0.000255
FILLER_84_774,VGND,li1,361.7900,239.3600,0.000247
FILLER_84_770,VGND,li1,360.6400,239.3600,0.000247
FILLER_84_739,VGND,li1,346.1500,239.3600,0.000192
FILLER_84_730,VGND,li1,342.7000,239.3600,0.000180
FILLER_84_721,VGND,li1,338.5600,239.3600,0.000156
FILLER_84_709,VGND,li1,332.1200,239.3600,0.000118
FILLER_84_701,VGND,li1,329.8200,239.3600,0.000131
FILLER_84_697,VGND,li1,326.8300,239.3600,0.000149
FILLER_84_693,VGND,li1,324.5300,239.3600,0.000159
FILLER_84_687,VGND,li1,322.9200,239.3600,0.000159
FILLER_84_674,VGND,li1,315.7900,239.3600,0.000192
FILLER_84_662,VGND,li1,312.8000,239.3600,0.000204
FILLER_84_649,VGND,li1,304.2900,239.3600,0.000239
FILLER_84_645,VGND,li1,303.1400,239.3600,0.000239
FILLER_84_642,VGND,li1,301.3000,239.3600,0.000248
FILLER_84_630,VGND,li1,298.0800,239.3600,0.000261
FILLER_84_623,VGND,li1,292.3300,239.3600,0.000281
FILLER_84_609,VGND,li1,286.3500,239.3600,0.000301
FILLER_84_601,VGND,li1,283.8200,239.3600,0.000310
FILLER_84_589,VGND,li1,279.2200,239.3600,0.000325
FILLER_84_580,VGND,li1,274.1600,239.3600,0.000335
FILLER_84_561,VGND,li1,263.8100,239.3600,0.000343
FILLER_84_555,VGND,li1,262.2000,239.3600,0.000343
FILLER_84_543,VGND,li1,258.0600,239.3600,0.000344
FILLER_84_531,VGND,li1,250.0100,239.3600,0.000343
FILLER_84_507,VGND,li1,238.9700,239.3600,0.000339
FILLER_84_490,VGND,li1,231.8400,239.3600,0.000329
FILLER_84_477,VGND,li1,226.3200,239.3600,0.000316
FILLER_84_475,VGND,li1,224.2500,239.3600,0.000311
FILLER_84_469,VGND,li1,222.6400,239.3600,0.000311
FILLER_84_461,VGND,li1,217.8100,239.3600,0.000300
FILLER_84_457,VGND,li1,216.6600,239.3600,0.000295
FILLER_84_445,VGND,li1,212.9800,239.3600,0.000283
FILLER_84_433,VGND,li1,207.4600,239.3600,0.000269
FILLER_84_421,VGND,li1,201.9400,239.3600,0.000257
FILLER_84_417,VGND,li1,198.0300,239.3600,0.000246
FILLER_84_405,VGND,li1,194.5800,239.3600,0.000236
FILLER_84_385,VGND,li1,183.0800,239.3600,0.000181
FILLER_84_376,VGND,li1,178.9400,239.3600,0.000145
FILLER_84_365,VGND,li1,174.3400,239.3600,0.000172
FILLER_84_362,VGND,li1,172.5000,239.3600,0.000186
FILLER_84_350,VGND,li1,169.2800,239.3600,0.000200
FILLER_84_337,VGND,li1,160.7700,239.3600,0.000248
FILLER_84_331,VGND,li1,159.1600,239.3600,0.000259
FILLER_84_319,VGND,li1,155.0200,239.3600,0.000279
FILLER_84_307,VGND,li1,146.9700,239.3600,0.000320
FILLER_84_303,VGND,li1,145.8200,239.3600,0.000320
FILLER_84_295,VGND,li1,141.6800,239.3600,0.000327
FILLER_84_287,VGND,li1,139.3800,239.3600,0.000331
FILLER_84_265,VGND,li1,129.2600,239.3600,0.000346
FILLER_84_253,VGND,li1,124.6600,239.3600,0.000351
FILLER_84_248,VGND,li1,120.5200,239.3600,0.000356
FILLER_84_241,VGND,li1,117.3000,239.3600,0.000357
FILLER_84_223,VGND,li1,110.8600,239.3600,0.000347
FILLER_84_212,VGND,li1,103.2700,239.3600,0.000335
FILLER_84_204,VGND,li1,101.2000,239.3600,0.000330
FILLER_84_197,VGND,li1,96.8300,239.3600,0.000320
FILLER_84_188,VGND,li1,93.8400,239.3600,0.000314
FILLER_84_180,VGND,li1,88.7800,239.3600,0.000295
FILLER_84_168,VGND,li1,85.5600,239.3600,0.000287
FILLER_84_164,VGND,li1,81.1900,239.3600,0.000270
FILLER_84_158,VGND,li1,79.5800,239.3600,0.000270
FILLER_84_122,VGND,li1,64.4000,239.3600,0.000217
FILLER_84_118,VGND,li1,60.0300,239.3600,0.000196
FILLER_84_112,VGND,li1,58.4200,239.3600,0.000196
FILLER_84_105,VGND,li1,54.0500,239.3600,0.000173
FILLER_84_93,VGND,li1,48.5300,239.3600,0.000156
FILLER_84_85,VGND,li1,46.4600,239.3600,0.000147
FILLER_84_82,VGND,li1,43.7000,239.3600,0.000136
FILLER_84_65,VGND,li1,36.1100,239.3600,0.000093
FILLER_84_53,VGND,li1,32.6600,239.3600,0.000085
FILLER_84_41,VGND,li1,27.1400,239.3600,0.000058
FILLER_84_29,VGND,li1,21.6200,239.3600,0.000048
FILLER_84_27,VGND,li1,18.1700,239.3600,0.000048
FILLER_84_15,VGND,li1,15.1800,239.3600,0.000048
FILLER_84_3,VGND,li1,9.6600,239.3600,0.000048
FILLER_83_801,VGND,li1,374.6700,239.3600,0.000264
FILLER_83_793,VGND,li1,372.1400,239.3600,0.000262
FILLER_83_783,VGND,li1,365.9300,239.3600,0.000255
FILLER_83_771,VGND,li1,360.6400,239.3600,0.000247
FILLER_83_763,VGND,li1,358.3400,239.3600,0.000241
FILLER_83_751,VGND,li1,353.7400,239.3600,0.000227
FILLER_83_729,VGND,li1,341.7800,239.3600,0.000168
FILLER_83_725,VGND,li1,339.7100,239.3600,0.000156
FILLER_83_713,VGND,li1,336.2600,239.3600,0.000135
FILLER_83_697,VGND,li1,326.6000,239.3600,0.000149
FILLER_83_685,VGND,li1,323.3800,239.3600,0.000159
FILLER_83_673,VGND,li1,317.8600,239.3600,0.000183
FILLER_83_660,VGND,li1,311.8800,239.3600,0.000204
FILLER_83_648,VGND,li1,306.3600,239.3600,0.000228
FILLER_83_636,VGND,li1,300.8400,239.3600,0.000248
FILLER_83_617,VGND,li1,290.0300,239.3600,0.000292
FILLER_83_597,VGND,li1,281.5200,239.3600,0.000317
FILLER_83_573,VGND,li1,271.8600,239.3600,0.000338
FILLER_83_561,VGND,li1,266.3400,239.3600,0.000342
FILLER_83_559,VGND,li1,262.8900,239.3600,0.000343
FILLER_83_555,VGND,li1,261.7400,239.3600,0.000343
FILLER_83_546,VGND,li1,257.1400,239.3600,0.000344
FILLER_83_538,VGND,li1,254.8400,239.3600,0.000344
FILLER_83_526,VGND,li1,250.2400,239.3600,0.000343
FILLER_83_518,VGND,li1,244.0300,239.3600,0.000341
FILLER_83_512,VGND,li1,242.4200,239.3600,0.000341
FILLER_83_503,VGND,li1,237.1300,239.3600,0.000336
FILLER_83_499,VGND,li1,235.9800,239.3600,0.000336
FILLER_83_479,VGND,li1,226.0900,239.3600,0.000316
FILLER_83_467,VGND,li1,223.1000,239.3600,0.000311
FILLER_83_453,VGND,li1,214.1300,239.3600,0.000290
FILLER_83_449,VGND,li1,212.9800,239.3600,0.000283
FILLER_83_447,VGND,li1,211.3700,239.3600,0.000283
FILLER_83_439,VGND,li1,209.3000,239.3600,0.000277
FILLER_83_427,VGND,li1,202.1700,239.3600,0.000257
FILLER_83_415,VGND,li1,199.1800,239.3600,0.000246
FILLER_83_393,VGND,li1,186.7600,239.3600,0.000196
FILLER_83_391,VGND,li1,185.6100,239.3600,0.000196
FILLER_83_379,VGND,li1,182.6200,239.3600,0.000166
FILLER_83_370,VGND,li1,176.4100,239.3600,0.000158
FILLER_83_355,VGND,li1,169.7400,239.3600,0.000200
FILLER_83_343,VGND,li1,166.0600,239.3600,0.000222
FILLER_83_335,VGND,li1,159.8500,239.3600,0.000259
FILLER_83_331,VGND,li1,158.7000,239.3600,0.000259
FILLER_83_323,VGND,li1,154.3300,239.3600,0.000289
FILLER_83_315,VGND,li1,151.3400,239.3600,0.000298
FILLER_83_293,VGND,li1,141.6800,239.3600,0.000327
FILLER_83_281,VGND,li1,137.5400,239.3600,0.000334
FILLER_83_276,VGND,li1,133.4000,239.3600,0.000342
FILLER_83_262,VGND,li1,126.7300,239.3600,0.000349
FILLER_83_250,VGND,li1,123.2800,239.3600,0.000354
FILLER_83_241,VGND,li1,116.6100,239.3600,0.000354
FILLER_83_237,VGND,li1,115.4600,239.3600,0.000354
FILLER_83_225,VGND,li1,111.7800,239.3600,0.000347
FILLER_83_221,VGND,li1,107.8700,239.3600,0.000342
FILLER_83_213,VGND,li1,105.3400,239.3600,0.000338
FILLER_83_201,VGND,li1,100.7400,239.3600,0.000330
FILLER_83_193,VGND,li1,94.5300,239.3600,0.000314
FILLER_83_181,VGND,li1,91.5400,239.3600,0.000305
FILLER_83_156,VGND,li1,80.0400,239.3600,0.000270
FILLER_83_144,VGND,li1,74.5200,239.3600,0.000253
FILLER_83_136,VGND,li1,68.3100,239.3600,0.000226
FILLER_83_130,VGND,li1,66.7000,239.3600,0.000226
FILLER_83_104,VGND,li1,53.8200,239.3600,0.000173
FILLER_83_92,VGND,li1,50.6000,239.3600,0.000165
FILLER_83_80,VGND,li1,45.0800,239.3600,0.000136
FILLER_83_69,VGND,li1,38.1800,239.3600,0.000111
FILLER_83_57,VGND,li1,34.5000,239.3600,0.000093
FILLER_83_55,VGND,li1,31.0500,239.3600,0.000071
FILLER_83_51,VGND,li1,29.9000,239.3600,0.000071
FILLER_83_39,VGND,li1,26.2200,239.3600,0.000048
FILLER_83_27,VGND,li1,20.7000,239.3600,0.000048
FILLER_83_15,VGND,li1,15.1800,239.3600,0.000048
FILLER_83_3,VGND,li1,9.6600,239.3600,0.000048
FILLER_82_813,VGND,li1,380.4200,233.9200,0.000341
FILLER_82_810,VGND,li1,378.5800,233.9200,0.000340
FILLER_82_771,VGND,li1,361.5600,233.9200,0.000293
FILLER_82_765,VGND,li1,357.6500,233.9200,0.000277
FILLER_82_757,VGND,li1,355.5800,233.9200,0.000268
FILLER_82_755,VGND,li1,353.0500,233.9200,0.000250
FILLER_82_751,VGND,li1,351.9000,233.9200,0.000250
FILLER_82_739,VGND,li1,348.2200,233.9200,0.000226
FILLER_82_734,VGND,li1,343.3900,233.9200,0.000199
FILLER_82_722,VGND,li1,340.4000,233.9200,0.000188
FILLER_82_701,VGND,li1,328.2100,233.9200,0.000168
FILLER_82_685,VGND,li1,321.3100,233.9200,0.000201
FILLER_82_677,VGND,li1,318.7800,233.9200,0.000212
FILLER_82_665,VGND,li1,314.1800,233.9200,0.000225
FILLER_82_645,VGND,li1,302.4500,233.9200,0.000252
FILLER_82_643,VGND,li1,301.5300,233.9200,0.000252
FILLER_82_631,VGND,li1,298.5400,233.9200,0.000260
FILLER_82_627,VGND,li1,294.1700,233.9200,0.000268
FILLER_82_609,VGND,li1,288.4200,233.9200,0.000279
FILLER_82_597,VGND,li1,282.9000,233.9200,0.000289
FILLER_82_587,VGND,li1,275.7700,233.9200,0.000301
FILLER_82_569,VGND,li1,270.0200,233.9200,0.000308
FILLER_82_557,VGND,li1,264.5000,233.9200,0.000312
FILLER_82_549,VGND,li1,258.5200,233.9200,0.000317
FILLER_82_531,VGND,li1,250.0100,233.9200,0.000323
FILLER_82_527,VGND,li1,248.8600,233.9200,0.000323
FILLER_82_501,VGND,li1,238.7400,233.9200,0.000316
FILLER_82_489,VGND,li1,233.2200,233.9200,0.000307
FILLER_82_477,VGND,li1,227.7000,233.9200,0.000296
FILLER_82_474,VGND,li1,224.0200,233.9200,0.000292
FILLER_82_462,VGND,li1,220.8000,233.9200,0.000287
FILLER_82_455,VGND,li1,215.0500,233.9200,0.000270
FILLER_82_421,VGND,li1,199.4100,233.9200,0.000188
FILLER_82_419,VGND,li1,198.4900,233.9200,0.000188
FILLER_82_407,VGND,li1,195.5000,233.9200,0.000172
FILLER_82_400,VGND,li1,189.9800,233.9200,0.000136
FILLER_82_388,VGND,li1,186.7600,233.9200,0.000123
FILLER_82_376,VGND,li1,181.2400,233.9200,0.000092
FILLER_82_365,VGND,li1,173.8800,233.9200,0.000089
FILLER_82_362,VGND,li1,172.5000,233.9200,0.000089
FILLER_82_356,VGND,li1,169.5100,233.9200,0.000095
FILLER_82_348,VGND,li1,167.4400,233.9200,0.000100
FILLER_82_324,VGND,li1,155.4800,233.9200,0.000118
FILLER_82_309,VGND,li1,148.3500,233.9200,0.000127
FILLER_82_305,VGND,li1,146.5100,233.9200,0.000130
FILLER_82_297,VGND,li1,143.9800,233.9200,0.000134
FILLER_82_285,VGND,li1,139.3800,233.9200,0.000140
FILLER_82_273,VGND,li1,133.8600,233.9200,0.000146
FILLER_82_246,VGND,li1,120.0600,233.9200,0.000161
FILLER_82_238,VGND,li1,115.2300,233.9200,0.000165
FILLER_82_234,VGND,li1,114.0800,233.9200,0.000167
FILLER_82_222,VGND,li1,110.4000,233.9200,0.000169
FILLER_82_210,VGND,li1,104.8800,233.9200,0.000168
FILLER_82_195,VGND,li1,95.4500,233.9200,0.000162
FILLER_82_176,VGND,li1,86.9400,233.9200,0.000152
FILLER_82_156,VGND,li1,77.5100,233.9200,0.000138
FILLER_82_152,VGND,li1,76.3600,233.9200,0.000133
FILLER_82_136,VGND,li1,69.0000,233.9200,0.000121
FILLER_82_124,VGND,li1,65.3200,233.9200,0.000117
FILLER_82_118,VGND,li1,60.0300,233.9200,0.000108
FILLER_82_105,VGND,li1,54.0500,233.9200,0.000098
FILLER_82_97,VGND,li1,51.9800,233.9200,0.000094
FILLER_82_85,VGND,li1,47.3800,233.9200,0.000085
FILLER_82_83,VGND,li1,43.9300,233.9200,0.000074
FILLER_82_77,VGND,li1,42.3200,233.9200,0.000074
FILLER_82_65,VGND,li1,38.1800,233.9200,0.000062
FILLER_82_53,VGND,li1,32.6600,233.9200,0.000045
FILLER_82_41,VGND,li1,27.1400,233.9200,0.000033
FILLER_82_29,VGND,li1,21.6200,233.9200,0.000028
FILLER_82_27,VGND,li1,18.1700,233.9200,0.000028
FILLER_82_15,VGND,li1,15.1800,233.9200,0.000029
FILLER_82_3,VGND,li1,9.6600,233.9200,0.000029
FILLER_81_823,VGND,li1,384.3300,233.9200,0.000343
FILLER_81_802,VGND,li1,374.6700,233.9200,0.000331
FILLER_81_798,VGND,li1,373.5200,233.9200,0.000331
FILLER_81_785,VGND,li1,368.0000,233.9200,0.000316
FILLER_81_780,VGND,li1,365.2400,233.9200,0.000308
FILLER_81_768,VGND,li1,361.5600,233.9200,0.000293
FILLER_81_762,VGND,li1,356.2700,233.9200,0.000268
FILLER_81_745,VGND,li1,348.4500,233.9200,0.000226
FILLER_81_735,VGND,li1,343.8500,233.9200,0.000199
FILLER_81_729,VGND,li1,342.2400,233.9200,0.000199
FILLER_81_716,VGND,li1,337.6400,233.9200,0.000162
FILLER_81_700,VGND,li1,327.9800,233.9200,0.000168
FILLER_81_692,VGND,li1,324.3000,233.9200,0.000189
FILLER_81_677,VGND,li1,317.1700,233.9200,0.000212
FILLER_81_673,VGND,li1,316.0200,233.9200,0.000219
FILLER_81_641,VGND,li1,303.1400,233.9200,0.000252
FILLER_81_629,VGND,li1,297.6200,233.9200,0.000260
FILLER_81_617,VGND,li1,292.1000,233.9200,0.000272
FILLER_81_612,VGND,li1,287.9600,233.9200,0.000279
FILLER_81_600,VGND,li1,284.2800,233.9200,0.000289
FILLER_81_588,VGND,li1,276.4600,233.9200,0.000301
FILLER_81_576,VGND,li1,273.2400,233.9200,0.000305
FILLER_81_564,VGND,li1,267.7200,233.9200,0.000310
FILLER_81_557,VGND,li1,262.4300,233.9200,0.000314
FILLER_81_545,VGND,li1,258.9800,233.9200,0.000317
FILLER_81_533,VGND,li1,253.4600,233.9200,0.000321
FILLER_81_521,VGND,li1,247.9400,233.9200,0.000324
FILLER_81_505,VGND,li1,240.5800,233.9200,0.000319
FILLER_81_502,VGND,li1,236.9000,233.9200,0.000313
FILLER_81_490,VGND,li1,233.6800,233.9200,0.000307
FILLER_81_478,VGND,li1,226.0900,233.9200,0.000296
FILLER_81_466,VGND,li1,221.7200,233.9200,0.000287
FILLER_81_457,VGND,li1,216.2000,233.9200,0.000270
FILLER_81_449,VGND,li1,213.9000,233.9200,0.000262
FILLER_81_446,VGND,li1,211.1400,233.9200,0.000253
FILLER_81_439,VGND,li1,207.6900,233.9200,0.000231
FILLER_81_435,VGND,li1,206.5400,233.9200,0.000231
FILLER_81_427,VGND,li1,202.4000,233.9200,0.000209
FILLER_81_418,VGND,li1,198.4900,233.9200,0.000188
FILLER_81_405,VGND,li1,192.2800,233.9200,0.000150
FILLER_81_393,VGND,li1,189.0600,233.9200,0.000136
FILLER_81_388,VGND,li1,184.9200,233.9200,0.000112
FILLER_81_366,VGND,li1,174.1100,233.9200,0.000089
FILLER_81_360,VGND,li1,172.5000,233.9200,0.000089
FILLER_81_344,VGND,li1,164.2200,233.9200,0.000104
FILLER_81_328,VGND,li1,156.8600,233.9200,0.000118
FILLER_81_316,VGND,li1,153.6400,233.9200,0.000121
FILLER_81_304,VGND,li1,148.1200,233.9200,0.000130
FILLER_81_285,VGND,li1,136.8500,233.9200,0.000144
FILLER_81_281,VGND,li1,135.7000,233.9200,0.000144
FILLER_81_278,VGND,li1,133.8600,233.9200,0.000146
FILLER_81_270,VGND,li1,131.5600,233.9200,0.000149
FILLER_81_263,VGND,li1,126.7300,233.9200,0.000154
FILLER_81_251,VGND,li1,123.7400,233.9200,0.000158
FILLER_81_233,VGND,li1,112.9300,233.9200,0.000167
FILLER_81_225,VGND,li1,109.2500,233.9200,0.000169
FILLER_81_212,VGND,li1,105.8000,233.9200,0.000168
FILLER_81_200,VGND,li1,100.2800,233.9200,0.000168
FILLER_81_188,VGND,li1,94.7600,233.9200,0.000162
FILLER_81_176,VGND,li1,89.2400,233.9200,0.000155
FILLER_81_165,VGND,li1,82.1100,233.9200,0.000144
FILLER_81_156,VGND,li1,77.7400,233.9200,0.000138
FILLER_81_148,VGND,li1,75.4400,233.9200,0.000133
FILLER_81_134,VGND,li1,67.3900,233.9200,0.000121
FILLER_81_128,VGND,li1,65.7800,233.9200,0.000117
FILLER_81_116,VGND,li1,61.6400,233.9200,0.000108
FILLER_81_111,VGND,li1,56.8100,233.9200,0.000103
FILLER_81_107,VGND,li1,55.6600,233.9200,0.000098
FILLER_81_95,VGND,li1,51.9800,233.9200,0.000094
FILLER_81_79,VGND,li1,42.5500,233.9200,0.000074
FILLER_81_69,VGND,li1,37.9500,233.9200,0.000062
FILLER_81_57,VGND,li1,34.5000,233.9200,0.000053
FILLER_81_55,VGND,li1,31.0500,233.9200,0.000039
FILLER_81_49,VGND,li1,29.4400,233.9200,0.000039
FILLER_81_37,VGND,li1,25.3000,233.9200,0.000028
FILLER_81_25,VGND,li1,19.7800,233.9200,0.000028
FILLER_81_13,VGND,li1,14.2600,233.9200,0.000029
FILLER_80_819,VGND,li1,382.4900,228.4800,0.000168
FILLER_80_813,VGND,li1,380.8800,228.4800,0.000168
FILLER_80_804,VGND,li1,377.2000,228.4800,0.000166
FILLER_80_792,VGND,li1,372.6000,228.4800,0.000162
FILLER_80_780,VGND,li1,367.0800,228.4800,0.000156
FILLER_80_768,VGND,li1,361.5600,228.4800,0.000152
FILLER_80_757,VGND,li1,354.4300,228.4800,0.000142
FILLER_80_754,VGND,li1,352.8200,228.4800,0.000138
FILLER_80_740,VGND,li1,347.3000,228.4800,0.000127
FILLER_80_713,VGND,li1,334.1900,228.4800,0.000088
FILLER_80_701,VGND,li1,330.7400,228.4800,0.000094
FILLER_80_698,VGND,li1,327.0600,228.4800,0.000105
FILLER_80_683,VGND,li1,320.1600,228.4800,0.000134
FILLER_80_661,VGND,li1,310.5000,228.4800,0.000160
FILLER_80_649,VGND,li1,306.8200,228.4800,0.000168
FILLER_80_642,VGND,li1,301.3000,228.4800,0.000180
FILLER_80_633,VGND,li1,296.9300,228.4800,0.000189
FILLER_80_629,VGND,li1,295.7800,228.4800,0.000189
FILLER_80_617,VGND,li1,292.1000,228.4800,0.000196
FILLER_80_606,VGND,li1,284.5100,228.4800,0.000204
FILLER_80_586,VGND,li1,275.5400,228.4800,0.000212
FILLER_80_572,VGND,li1,269.1000,228.4800,0.000214
FILLER_80_558,VGND,li1,262.4300,228.4800,0.000212
FILLER_80_541,VGND,li1,254.6100,228.4800,0.000207
FILLER_80_533,VGND,li1,252.5400,228.4800,0.000204
FILLER_80_529,VGND,li1,249.5500,228.4800,0.000202
FILLER_80_521,VGND,li1,247.0200,228.4800,0.000200
FILLER_80_510,VGND,li1,240.3500,228.4800,0.000192
FILLER_80_495,VGND,li1,233.4500,228.4800,0.000184
FILLER_80_489,VGND,li1,231.8400,228.4800,0.000184
FILLER_80_464,VGND,li1,219.4200,228.4800,0.000170
FILLER_80_453,VGND,li1,214.5900,228.4800,0.000160
FILLER_80_445,VGND,li1,212.0600,228.4800,0.000153
FILLER_80_433,VGND,li1,207.4600,228.4800,0.000141
FILLER_80_421,VGND,li1,201.9400,228.4800,0.000127
FILLER_80_412,VGND,li1,196.8800,228.4800,0.000111
FILLER_80_399,VGND,li1,189.2900,228.4800,0.000090
FILLER_80_395,VGND,li1,188.1400,228.4800,0.000090
FILLER_80_383,VGND,li1,184.4600,228.4800,0.000080
FILLER_80_377,VGND,li1,179.1700,228.4800,0.000062
FILLER_80_365,VGND,li1,176.1800,228.4800,0.000068
FILLER_80_356,VGND,li1,171.1200,228.4800,0.000076
FILLER_80_344,VGND,li1,166.5200,228.4800,0.000084
FILLER_80_335,VGND,li1,160.3100,228.4800,0.000096
FILLER_80_327,VGND,li1,157.7800,228.4800,0.000100
FILLER_80_309,VGND,li1,148.5800,228.4800,0.000118
FILLER_80_307,VGND,li1,146.9700,228.4800,0.000121
FILLER_80_301,VGND,li1,145.3600,228.4800,0.000121
FILLER_80_287,VGND,li1,137.7700,228.4800,0.000137
FILLER_80_281,VGND,li1,136.1600,228.4800,0.000137
FILLER_80_257,VGND,li1,123.9700,228.4800,0.000155
FILLER_80_253,VGND,li1,122.8200,228.4800,0.000159
FILLER_80_246,VGND,li1,120.0600,228.4800,0.000161
FILLER_80_233,VGND,li1,114.5400,228.4800,0.000168
FILLER_80_225,VGND,li1,109.2500,228.4800,0.000172
FILLER_80_214,VGND,li1,104.1900,228.4800,0.000171
FILLER_80_210,VGND,li1,103.0400,228.4800,0.000170
FILLER_80_201,VGND,li1,98.2100,228.4800,0.000166
FILLER_80_197,VGND,li1,97.0600,228.4800,0.000166
FILLER_80_194,VGND,li1,95.2200,228.4800,0.000164
FILLER_80_186,VGND,li1,92.9200,228.4800,0.000159
FILLER_80_174,VGND,li1,88.3200,228.4800,0.000154
FILLER_80_161,VGND,li1,79.8100,228.4800,0.000141
FILLER_80_157,VGND,li1,78.6600,228.4800,0.000141
FILLER_80_141,VGND,li1,70.6100,228.4800,0.000127
FILLER_80_137,VGND,li1,69.2300,228.4800,0.000127
FILLER_80_129,VGND,li1,66.7000,228.4800,0.000122
FILLER_80_121,VGND,li1,61.4100,228.4800,0.000112
FILLER_80_104,VGND,li1,53.5900,228.4800,0.000098
FILLER_80_100,VGND,li1,51.7500,228.4800,0.000094
FILLER_80_88,VGND,li1,48.7600,228.4800,0.000088
FILLER_80_81,VGND,li1,43.4700,228.4800,0.000076
FILLER_80_65,VGND,li1,36.1100,228.4800,0.000059
FILLER_80_53,VGND,li1,32.6600,228.4800,0.000050
FILLER_80_41,VGND,li1,27.1400,228.4800,0.000036
FILLER_80_29,VGND,li1,21.6200,228.4800,0.000027
FILLER_80_27,VGND,li1,18.1700,228.4800,0.000028
FILLER_80_19,VGND,li1,16.1000,228.4800,0.000028
FILLER_80_7,VGND,li1,11.5000,228.4800,0.000029
FILLER_79_803,VGND,li1,375.1300,228.4800,0.000164
FILLER_79_791,VGND,li1,372.1400,228.4800,0.000162
FILLER_79_782,VGND,li1,365.7000,228.4800,0.000156
FILLER_79_774,VGND,li1,363.4000,228.4800,0.000154
FILLER_79_753,VGND,li1,352.1300,228.4800,0.000138
FILLER_79_746,VGND,li1,348.9100,228.4800,0.000131
FILLER_79_718,VGND,li1,336.2600,228.4800,0.000096
FILLER_79_706,VGND,li1,333.0400,228.4800,0.000081
FILLER_79_700,VGND,li1,328.2100,228.4800,0.000105
FILLER_79_692,VGND,li1,325.6800,228.4800,0.000113
FILLER_79_671,VGND,li1,314.4100,228.4800,0.000152
FILLER_79_667,VGND,li1,313.2600,228.4800,0.000156
FILLER_79_653,VGND,li1,307.2800,228.4800,0.000168
FILLER_79_641,VGND,li1,303.1400,228.4800,0.000177
FILLER_79_629,VGND,li1,296.2400,228.4800,0.000189
FILLER_79_597,VGND,li1,281.5200,228.4800,0.000208
FILLER_79_582,VGND,li1,273.4700,228.4800,0.000214
FILLER_79_570,VGND,li1,270.4800,228.4800,0.000214
FILLER_79_557,VGND,li1,262.4300,228.4800,0.000212
FILLER_79_545,VGND,li1,258.9800,228.4800,0.000209
FILLER_79_534,VGND,li1,251.6200,228.4800,0.000204
FILLER_79_523,VGND,li1,246.3300,228.4800,0.000200
FILLER_79_511,VGND,li1,243.3400,228.4800,0.000196
FILLER_79_502,VGND,li1,236.9000,228.4800,0.000190
FILLER_79_489,VGND,li1,231.8400,228.4800,0.000184
FILLER_79_477,VGND,li1,227.7000,228.4800,0.000178
FILLER_79_469,VGND,li1,221.9500,228.4800,0.000173
FILLER_79_461,VGND,li1,219.4200,228.4800,0.000170
FILLER_79_449,VGND,li1,214.8200,228.4800,0.000160
FILLER_79_447,VGND,li1,211.3700,228.4800,0.000147
FILLER_79_441,VGND,li1,209.7600,228.4800,0.000147
FILLER_79_429,VGND,li1,205.6200,228.4800,0.000137
FILLER_79_417,VGND,li1,200.1000,228.4800,0.000119
FILLER_79_405,VGND,li1,194.5800,228.4800,0.000106
FILLER_79_393,VGND,li1,189.0600,228.4800,0.000090
FILLER_79_391,VGND,li1,185.6100,228.4800,0.000080
FILLER_79_387,VGND,li1,184.4600,228.4800,0.000080
FILLER_79_379,VGND,li1,180.0900,228.4800,0.000062
FILLER_79_375,VGND,li1,178.9400,228.4800,0.000062
FILLER_79_363,VGND,li1,175.2600,228.4800,0.000068
FILLER_79_337,VGND,li1,163.3000,228.4800,0.000092
FILLER_79_335,VGND,li1,159.8500,228.4800,0.000096
FILLER_79_327,VGND,li1,157.7800,228.4800,0.000100
FILLER_79_313,VGND,li1,149.9600,228.4800,0.000114
FILLER_79_305,VGND,li1,147.6600,228.4800,0.000118
FILLER_79_293,VGND,li1,143.0600,228.4800,0.000126
FILLER_79_281,VGND,li1,137.5400,228.4800,0.000137
FILLER_79_274,VGND,li1,132.9400,228.4800,0.000142
FILLER_79_259,VGND,li1,125.5800,228.4800,0.000155
FILLER_79_247,VGND,li1,121.9000,228.4800,0.000159
FILLER_79_225,VGND,li1,110.8600,228.4800,0.000172
FILLER_79_218,VGND,li1,106.0300,228.4800,0.000172
FILLER_79_212,VGND,li1,104.4200,228.4800,0.000171
FILLER_79_202,VGND,li1,99.1300,228.4800,0.000169
FILLER_79_190,VGND,li1,95.6800,228.4800,0.000164
FILLER_79_182,VGND,li1,89.7000,228.4800,0.000157
FILLER_79_177,VGND,li1,87.4000,228.4800,0.000154
FILLER_79_169,VGND,li1,85.1000,228.4800,0.000150
FILLER_79_167,VGND,li1,82.5700,228.4800,0.000147
FILLER_79_159,VGND,li1,80.5000,228.4800,0.000144
FILLER_79_147,VGND,li1,75.9000,228.4800,0.000137
FILLER_79_143,VGND,li1,71.5300,228.4800,0.000130
FILLER_79_135,VGND,li1,69.4600,228.4800,0.000127
FILLER_79_111,VGND,li1,56.8100,228.4800,0.000105
FILLER_79_86,VGND,li1,46.4600,228.4800,0.000080
FILLER_79_74,VGND,li1,42.3200,228.4800,0.000071
FILLER_79_57,VGND,li1,33.1200,228.4800,0.000050
FILLER_79_53,VGND,li1,30.5900,228.4800,0.000045
FILLER_79_45,VGND,li1,28.0600,228.4800,0.000036
FILLER_79_33,VGND,li1,23.4600,228.4800,0.000027
FILLER_79_21,VGND,li1,17.9400,228.4800,0.000028
FILLER_79_9,VGND,li1,12.4200,228.4800,0.000029
FILLER_78_813,VGND,li1,380.4200,223.0400,0.000219
FILLER_78_809,VGND,li1,378.3500,223.0400,0.000218
FILLER_78_801,VGND,li1,375.8200,223.0400,0.000213
FILLER_78_783,VGND,li1,365.9300,223.0400,0.000196
FILLER_78_771,VGND,li1,362.9400,223.0400,0.000186
FILLER_78_757,VGND,li1,353.9700,223.0400,0.000166
FILLER_78_748,VGND,li1,350.2900,223.0400,0.000155
FILLER_78_736,VGND,li1,346.8400,223.0400,0.000143
FILLER_78_720,VGND,li1,338.1000,223.0400,0.000110
FILLER_78_694,VGND,li1,324.9900,223.0400,0.000113
FILLER_78_682,VGND,li1,322.0000,223.0400,0.000125
FILLER_78_670,VGND,li1,316.4800,223.0400,0.000143
FILLER_78_653,VGND,li1,306.1300,223.0400,0.000178
FILLER_78_638,VGND,li1,300.3800,223.0400,0.000191
FILLER_78_625,VGND,li1,293.7100,223.0400,0.000211
FILLER_78_613,VGND,li1,290.2600,223.0400,0.000215
FILLER_78_601,VGND,li1,282.4400,223.0400,0.000235
FILLER_78_589,VGND,li1,279.2200,223.0400,0.000238
FILLER_78_576,VGND,li1,273.2400,223.0400,0.000249
FILLER_78_564,VGND,li1,267.7200,223.0400,0.000255
FILLER_78_551,VGND,li1,259.9000,223.0400,0.000265
FILLER_78_539,VGND,li1,256.2200,223.0400,0.000269
FILLER_78_521,VGND,li1,246.5600,223.0400,0.000280
FILLER_78_509,VGND,li1,242.4200,223.0400,0.000284
FILLER_78_494,VGND,li1,234.6000,223.0400,0.000285
FILLER_78_490,VGND,li1,231.1500,223.0400,0.000282
FILLER_78_483,VGND,li1,227.9300,223.0400,0.000277
FILLER_78_477,VGND,li1,226.3200,223.0400,0.000277
FILLER_78_475,VGND,li1,224.2500,223.0400,0.000273
FILLER_78_463,VGND,li1,221.2600,223.0400,0.000270
FILLER_78_443,VGND,li1,211.1400,223.0400,0.000241
FILLER_78_433,VGND,li1,205.1600,223.0400,0.000217
FILLER_78_421,VGND,li1,201.0200,223.0400,0.000206
FILLER_78_417,VGND,li1,198.0300,223.0400,0.000190
FILLER_78_409,VGND,li1,194.1200,223.0400,0.000170
FILLER_78_401,VGND,li1,190.4400,223.0400,0.000158
FILLER_78_389,VGND,li1,187.2200,223.0400,0.000144
FILLER_78_377,VGND,li1,180.3200,223.0400,0.000100
FILLER_78_365,VGND,li1,176.1800,223.0400,0.000114
FILLER_78_362,VGND,li1,172.5000,223.0400,0.000130
FILLER_78_341,VGND,li1,164.2200,223.0400,0.000160
FILLER_78_329,VGND,li1,159.6200,223.0400,0.000174
FILLER_78_316,VGND,li1,151.5700,223.0400,0.000203
FILLER_78_305,VGND,li1,146.5100,223.0400,0.000219
FILLER_78_297,VGND,li1,143.9800,223.0400,0.000223
FILLER_78_288,VGND,li1,138.4600,223.0400,0.000233
FILLER_78_280,VGND,li1,136.1600,223.0400,0.000237
FILLER_78_268,VGND,li1,131.5600,223.0400,0.000243
FILLER_78_253,VGND,li1,123.7400,223.0400,0.000252
FILLER_78_222,VGND,li1,108.5600,223.0400,0.000251
FILLER_78_210,VGND,li1,104.8800,223.0400,0.000248
FILLER_78_197,VGND,li1,96.3700,223.0400,0.000238
FILLER_78_192,VGND,li1,94.0700,223.0400,0.000235
FILLER_78_164,VGND,li1,81.8800,223.0400,0.000216
FILLER_78_153,VGND,li1,76.8200,223.0400,0.000206
FILLER_78_141,VGND,li1,73.1400,223.0400,0.000199
FILLER_78_128,VGND,li1,67.1600,223.0400,0.000178
FILLER_78_119,VGND,li1,60.7200,223.0400,0.000157
FILLER_78_104,VGND,li1,53.5900,223.0400,0.000140
FILLER_78_85,VGND,li1,47.3800,223.0400,0.000120
FILLER_78_82,VGND,li1,43.7000,223.0400,0.000108
FILLER_78_77,VGND,li1,41.1700,223.0400,0.000099
FILLER_78_65,VGND,li1,38.1800,223.0400,0.000083
FILLER_78_53,VGND,li1,32.6600,223.0400,0.000063
FILLER_78_41,VGND,li1,27.1400,223.0400,0.000046
FILLER_78_29,VGND,li1,21.6200,223.0400,0.000039
FILLER_78_27,VGND,li1,18.1700,223.0400,0.000039
FILLER_78_15,VGND,li1,15.1800,223.0400,0.000039
FILLER_78_3,VGND,li1,9.6600,223.0400,0.000040
FILLER_77_802,VGND,li1,374.9000,223.0400,0.000213
FILLER_77_791,VGND,li1,369.6100,223.0400,0.000205
FILLER_77_770,VGND,li1,359.9500,223.0400,0.000181
FILLER_77_758,VGND,li1,356.9600,223.0400,0.000173
FILLER_77_752,VGND,li1,352.1300,223.0400,0.000161
FILLER_77_736,VGND,li1,345.0000,223.0400,0.000136
FILLER_77_726,VGND,li1,339.9400,223.0400,0.000117
FILLER_77_711,VGND,li1,335.3400,223.0400,0.000098
FILLER_77_697,VGND,li1,327.0600,223.0400,0.000103
FILLER_77_671,VGND,li1,314.4100,223.0400,0.000150
FILLER_77_654,VGND,li1,306.8200,223.0400,0.000178
FILLER_77_645,VGND,li1,302.4500,223.0400,0.000185
FILLER_77_641,VGND,li1,301.3000,223.0400,0.000191
FILLER_77_629,VGND,li1,297.6200,223.0400,0.000202
FILLER_77_617,VGND,li1,292.1000,223.0400,0.000211
FILLER_77_613,VGND,li1,288.1900,223.0400,0.000220
FILLER_77_599,VGND,li1,281.2900,223.0400,0.000235
FILLER_77_591,VGND,li1,279.2200,223.0400,0.000238
FILLER_77_571,VGND,li1,269.5600,223.0400,0.000253
FILLER_77_559,VGND,li1,262.8900,223.0400,0.000262
FILLER_77_547,VGND,li1,257.6000,223.0400,0.000269
FILLER_77_535,VGND,li1,254.3800,223.0400,0.000271
FILLER_77_529,VGND,li1,249.3200,223.0400,0.000277
FILLER_77_523,VGND,li1,246.5600,223.0400,0.000280
FILLER_77_515,VGND,li1,244.2600,223.0400,0.000282
FILLER_77_496,VGND,li1,234.3700,223.0400,0.000285
FILLER_77_488,VGND,li1,230.2300,223.0400,0.000280
FILLER_77_475,VGND,li1,224.7100,223.0400,0.000273
FILLER_77_449,VGND,li1,213.9000,223.0400,0.000256
FILLER_77_420,VGND,li1,199.1800,223.0400,0.000198
FILLER_77_397,VGND,li1,188.3700,223.0400,0.000144
FILLER_77_393,VGND,li1,187.2200,223.0400,0.000144
FILLER_77_390,VGND,li1,185.3800,223.0400,0.000135
FILLER_77_368,VGND,li1,175.2600,223.0400,0.000114
FILLER_77_362,VGND,li1,172.5000,223.0400,0.000130
FILLER_77_349,VGND,li1,166.7500,223.0400,0.000147
FILLER_77_337,VGND,li1,163.3000,223.0400,0.000160
FILLER_77_334,VGND,li1,159.6200,223.0400,0.000174
FILLER_77_321,VGND,li1,153.6400,223.0400,0.000196
FILLER_77_309,VGND,li1,150.4200,223.0400,0.000211
FILLER_77_300,VGND,li1,143.9800,223.0400,0.000223
FILLER_77_292,VGND,li1,140.0700,223.0400,0.000230
FILLER_77_281,VGND,li1,135.7000,223.0400,0.000237
FILLER_77_278,VGND,li1,133.8600,223.0400,0.000239
FILLER_77_247,VGND,li1,121.9000,223.0400,0.000254
FILLER_77_232,VGND,li1,112.7000,223.0400,0.000254
FILLER_77_225,VGND,li1,109.9400,223.0400,0.000251
FILLER_77_206,VGND,li1,100.5100,223.0400,0.000243
FILLER_77_200,VGND,li1,98.9000,223.0400,0.000241
FILLER_77_192,VGND,li1,94.3000,223.0400,0.000235
FILLER_77_183,VGND,li1,90.1600,223.0400,0.000230
FILLER_77_169,VGND,li1,83.4900,223.0400,0.000216
FILLER_77_165,VGND,li1,82.1100,223.0400,0.000216
FILLER_77_157,VGND,li1,79.5800,223.0400,0.000212
FILLER_77_143,VGND,li1,71.5300,223.0400,0.000190
FILLER_77_131,VGND,li1,66.0100,223.0400,0.000178
FILLER_77_125,VGND,li1,64.4000,223.0400,0.000169
FILLER_77_113,VGND,li1,60.2600,223.0400,0.000157
FILLER_77_106,VGND,li1,55.6600,223.0400,0.000146
FILLER_77_94,VGND,li1,51.5200,223.0400,0.000133
FILLER_77_71,VGND,li1,38.6400,223.0400,0.000089
FILLER_77_57,VGND,li1,33.5800,223.0400,0.000070
FILLER_77_55,VGND,li1,31.0500,223.0400,0.000055
FILLER_77_49,VGND,li1,29.4400,223.0400,0.000055
FILLER_77_37,VGND,li1,25.3000,223.0400,0.000038
FILLER_77_25,VGND,li1,19.7800,223.0400,0.000039
FILLER_77_13,VGND,li1,14.2600,223.0400,0.000039
FILLER_76_819,VGND,li1,382.4900,217.6000,0.000105
FILLER_76_813,VGND,li1,380.8800,217.6000,0.000105
FILLER_76_809,VGND,li1,378.3500,217.6000,0.000104
FILLER_76_797,VGND,li1,374.9000,217.6000,0.000102
FILLER_76_791,VGND,li1,370.0700,217.6000,0.000099
FILLER_76_783,VGND,li1,367.5400,217.6000,0.000096
FILLER_76_775,VGND,li1,362.2500,217.6000,0.000091
FILLER_76_764,VGND,li1,357.1900,217.6000,0.000084
FILLER_76_757,VGND,li1,353.9700,217.6000,0.000081
FILLER_76_754,VGND,li1,352.8200,217.6000,0.000081
FILLER_76_746,VGND,li1,350.5200,217.6000,0.000077
FILLER_76_740,VGND,li1,346.1500,217.6000,0.000069
FILLER_76_725,VGND,li1,340.4000,217.6000,0.000059
FILLER_76_713,VGND,li1,336.2600,217.6000,0.000054
FILLER_76_701,VGND,li1,330.7400,217.6000,0.000044
FILLER_76_698,VGND,li1,327.0600,217.6000,0.000056
FILLER_76_688,VGND,li1,323.3800,217.6000,0.000062
FILLER_76_682,VGND,li1,319.7000,217.6000,0.000072
FILLER_76_669,VGND,li1,313.9500,217.6000,0.000081
FILLER_76_661,VGND,li1,311.4200,217.6000,0.000087
FILLER_76_656,VGND,li1,307.5100,217.6000,0.000096
FILLER_76_645,VGND,li1,302.9100,217.6000,0.000103
FILLER_76_642,VGND,li1,301.3000,217.6000,0.000103
FILLER_76_634,VGND,li1,299.0000,217.6000,0.000107
FILLER_76_629,VGND,li1,295.3200,217.6000,0.000112
FILLER_76_619,VGND,li1,290.9500,217.6000,0.000121
FILLER_76_611,VGND,li1,288.4200,217.6000,0.000123
FILLER_76_589,VGND,li1,276.6900,217.6000,0.000136
FILLER_76_587,VGND,li1,275.7700,217.6000,0.000137
FILLER_76_583,VGND,li1,274.6200,217.6000,0.000137
FILLER_76_576,VGND,li1,271.1700,217.6000,0.000139
FILLER_76_568,VGND,li1,268.6400,217.6000,0.000141
FILLER_76_556,VGND,li1,264.0400,217.6000,0.000141
FILLER_76_542,VGND,li1,256.6800,217.6000,0.000143
FILLER_76_511,VGND,li1,241.5000,217.6000,0.000144
FILLER_76_501,VGND,li1,236.4400,217.6000,0.000142
FILLER_76_489,VGND,li1,233.2200,217.6000,0.000139
FILLER_76_477,VGND,li1,227.7000,217.6000,0.000133
FILLER_76_464,VGND,li1,221.7200,217.6000,0.000124
FILLER_76_452,VGND,li1,216.2000,217.6000,0.000117
FILLER_76_440,VGND,li1,210.6800,217.6000,0.000111
FILLER_76_436,VGND,li1,206.3100,217.6000,0.000104
FILLER_76_421,VGND,li1,200.5600,217.6000,0.000098
FILLER_76_412,VGND,li1,196.8800,217.6000,0.000092
FILLER_76_408,VGND,li1,193.4300,217.6000,0.000085
FILLER_76_400,VGND,li1,189.9800,217.6000,0.000082
FILLER_76_390,VGND,li1,185.6100,217.6000,0.000069
FILLER_76_378,VGND,li1,182.1600,217.6000,0.000062
FILLER_76_365,VGND,li1,174.1100,217.6000,0.000063
FILLER_76_356,VGND,li1,169.7400,217.6000,0.000071
FILLER_76_347,VGND,li1,165.8300,217.6000,0.000078
FILLER_76_336,VGND,li1,160.3100,217.6000,0.000088
FILLER_76_332,VGND,li1,159.1600,217.6000,0.000088
FILLER_76_317,VGND,li1,152.0300,217.6000,0.000099
FILLER_76_309,VGND,li1,149.5000,217.6000,0.000102
FILLER_76_304,VGND,li1,146.2800,217.6000,0.000107
FILLER_76_292,VGND,li1,142.6000,217.6000,0.000111
FILLER_76_258,VGND,li1,124.4300,217.6000,0.000122
FILLER_76_241,VGND,li1,117.3000,217.6000,0.000125
FILLER_76_227,VGND,li1,110.1700,217.6000,0.000126
FILLER_76_219,VGND,li1,108.1000,217.6000,0.000126
FILLER_76_205,VGND,li1,100.0500,217.6000,0.000125
FILLER_76_197,VGND,li1,97.9800,217.6000,0.000125
FILLER_76_192,VGND,li1,94.7600,217.6000,0.000123
FILLER_76_180,VGND,li1,91.0800,217.6000,0.000122
FILLER_76_168,VGND,li1,85.5600,217.6000,0.000119
FILLER_76_156,VGND,li1,80.0400,217.6000,0.000116
FILLER_76_141,VGND,li1,71.0700,217.6000,0.000107
FILLER_76_138,VGND,li1,69.4600,217.6000,0.000107
FILLER_76_124,VGND,li1,62.7900,217.6000,0.000099
FILLER_76_116,VGND,li1,60.7200,217.6000,0.000095
FILLER_76_94,VGND,li1,48.9900,217.6000,0.000075
FILLER_76_90,VGND,li1,47.8400,217.6000,0.000075
FILLER_76_83,VGND,li1,43.9300,217.6000,0.000067
FILLER_76_76,VGND,li1,40.7100,217.6000,0.000061
FILLER_76_69,VGND,li1,37.4900,217.6000,0.000054
FILLER_76_61,VGND,li1,33.8100,217.6000,0.000045
FILLER_76_53,VGND,li1,31.7400,217.6000,0.000039
FILLER_76_41,VGND,li1,27.1400,217.6000,0.000030
FILLER_76_29,VGND,li1,21.6200,217.6000,0.000025
FILLER_76_27,VGND,li1,18.1700,217.6000,0.000026
FILLER_76_15,VGND,li1,15.1800,217.6000,0.000026
FILLER_76_3,VGND,li1,9.6600,217.6000,0.000027
FILLER_75_800,VGND,li1,374.4400,217.6000,0.000102
FILLER_75_778,VGND,li1,364.7800,217.6000,0.000093
FILLER_75_745,VGND,li1,348.9100,217.6000,0.000073
FILLER_75_733,VGND,li1,345.4600,217.6000,0.000069
FILLER_75_727,VGND,li1,340.1700,217.6000,0.000059
FILLER_75_713,VGND,li1,333.9600,217.6000,0.000050
FILLER_75_705,VGND,li1,331.6600,217.6000,0.000044
FILLER_75_681,VGND,li1,319.0100,217.6000,0.000072
FILLER_75_673,VGND,li1,316.9400,217.6000,0.000077
FILLER_75_670,VGND,li1,314.1800,217.6000,0.000081
FILLER_75_658,VGND,li1,310.9600,217.6000,0.000087
FILLER_75_643,VGND,li1,301.9900,217.6000,0.000103
FILLER_75_617,VGND,li1,289.8000,217.6000,0.000121
FILLER_75_612,VGND,li1,287.9600,217.6000,0.000123
FILLER_75_597,VGND,li1,280.3700,217.6000,0.000134
FILLER_75_585,VGND,li1,277.3800,217.6000,0.000136
FILLER_75_565,VGND,li1,265.6500,217.6000,0.000141
FILLER_75_561,VGND,li1,264.5000,217.6000,0.000141
FILLER_75_556,VGND,li1,262.2000,217.6000,0.000142
FILLER_75_544,VGND,li1,258.5200,217.6000,0.000143
FILLER_75_537,VGND,li1,253.0000,217.6000,0.000144
FILLER_75_519,VGND,li1,244.7200,217.6000,0.000144
FILLER_75_511,VGND,li1,242.4200,217.6000,0.000144
FILLER_75_500,VGND,li1,236.4400,217.6000,0.000142
FILLER_75_481,VGND,li1,229.5400,217.6000,0.000135
FILLER_75_469,VGND,li1,224.0200,217.6000,0.000129
FILLER_75_465,VGND,li1,219.6500,217.6000,0.000122
FILLER_75_461,VGND,li1,218.5000,217.6000,0.000122
FILLER_75_449,VGND,li1,214.8200,217.6000,0.000117
FILLER_75_442,VGND,li1,210.2200,217.6000,0.000111
FILLER_75_435,VGND,li1,205.8500,217.6000,0.000104
FILLER_75_431,VGND,li1,204.7000,217.6000,0.000101
FILLER_75_408,VGND,li1,193.4300,217.6000,0.000085
FILLER_75_400,VGND,li1,191.3600,217.6000,0.000082
FILLER_75_393,VGND,li1,186.7600,217.6000,0.000074
FILLER_75_391,VGND,li1,185.6100,217.6000,0.000069
FILLER_75_377,VGND,li1,179.4000,217.6000,0.000053
FILLER_75_369,VGND,li1,177.1000,217.6000,0.000058
FILLER_75_353,VGND,li1,169.2800,217.6000,0.000074
FILLER_75_344,VGND,li1,164.2200,217.6000,0.000081
FILLER_75_333,VGND,li1,159.3900,217.6000,0.000088
FILLER_75_323,VGND,li1,154.3300,217.6000,0.000096
FILLER_75_319,VGND,li1,153.1800,217.6000,0.000099
FILLER_75_307,VGND,li1,149.5000,217.6000,0.000102
FILLER_75_292,VGND,li1,140.5300,217.6000,0.000113
FILLER_75_284,VGND,li1,138.0000,217.6000,0.000115
FILLER_75_279,VGND,li1,134.0900,217.6000,0.000118
FILLER_75_267,VGND,li1,131.1000,217.6000,0.000120
FILLER_75_254,VGND,li1,123.0500,217.6000,0.000123
FILLER_75_246,VGND,li1,120.5200,217.6000,0.000124
FILLER_75_240,VGND,li1,116.1500,217.6000,0.000125
FILLER_75_233,VGND,li1,113.3900,217.6000,0.000126
FILLER_75_225,VGND,li1,110.8600,217.6000,0.000126
FILLER_75_223,VGND,li1,108.3300,217.6000,0.000126
FILLER_75_219,VGND,li1,107.1800,217.6000,0.000126
FILLER_75_200,VGND,li1,98.9000,217.6000,0.000125
FILLER_75_188,VGND,li1,94.7600,217.6000,0.000123
FILLER_75_176,VGND,li1,89.2400,217.6000,0.000121
FILLER_75_167,VGND,li1,82.5700,217.6000,0.000118
FILLER_75_159,VGND,li1,80.5000,217.6000,0.000116
FILLER_75_147,VGND,li1,75.9000,217.6000,0.000113
FILLER_75_135,VGND,li1,70.3800,217.6000,0.000107
FILLER_75_125,VGND,li1,63.2500,217.6000,0.000099
FILLER_75_113,VGND,li1,60.2600,217.6000,0.000095
FILLER_75_110,VGND,li1,56.5800,217.6000,0.000088
FILLER_75_103,VGND,li1,53.3600,217.6000,0.000083
FILLER_75_95,VGND,li1,50.1400,217.6000,0.000079
FILLER_75_83,VGND,li1,46.4600,217.6000,0.000071
FILLER_75_57,VGND,li1,32.6600,217.6000,0.000039
FILLER_75_55,VGND,li1,31.0500,217.6000,0.000039
FILLER_75_43,VGND,li1,28.0600,217.6000,0.000030
FILLER_75_31,VGND,li1,22.5400,217.6000,0.000025
FILLER_75_19,VGND,li1,17.0200,217.6000,0.000026
FILLER_75_7,VGND,li1,11.5000,217.6000,0.000026
FILLER_74_813,VGND,li1,380.4200,212.1600,0.000087
FILLER_74_811,VGND,li1,378.8100,212.1600,0.000087
FILLER_74_799,VGND,li1,375.8200,212.1600,0.000085
FILLER_74_791,VGND,li1,370.0700,212.1600,0.000081
FILLER_74_784,VGND,li1,366.6200,212.1600,0.000078
FILLER_74_772,VGND,li1,363.4000,212.1600,0.000076
FILLER_74_755,VGND,li1,353.0500,212.1600,0.000066
FILLER_74_743,VGND,li1,347.5300,212.1600,0.000059
FILLER_74_739,VGND,li1,346.3800,212.1600,0.000059
FILLER_74_725,VGND,li1,339.2500,212.1600,0.000047
FILLER_74_716,VGND,li1,335.3400,212.1600,0.000043
FILLER_74_708,VGND,li1,333.0400,212.1600,0.000040
FILLER_74_699,VGND,li1,327.2900,212.1600,0.000045
FILLER_74_688,VGND,li1,322.4600,212.1600,0.000053
FILLER_74_680,VGND,li1,320.1600,212.1600,0.000058
FILLER_74_663,VGND,li1,311.1900,212.1600,0.000071
FILLER_74_649,VGND,li1,304.2900,212.1600,0.000079
FILLER_74_645,VGND,li1,303.1400,212.1600,0.000079
FILLER_74_641,VGND,li1,301.0700,212.1600,0.000081
FILLER_74_633,VGND,li1,298.5400,212.1600,0.000084
FILLER_74_625,VGND,li1,293.4800,212.1600,0.000090
FILLER_74_617,VGND,li1,291.1800,212.1600,0.000092
FILLER_74_602,VGND,li1,283.1300,212.1600,0.000100
FILLER_74_589,VGND,li1,277.1500,212.1600,0.000105
FILLER_74_587,VGND,li1,275.7700,212.1600,0.000107
FILLER_74_581,VGND,li1,274.1600,212.1600,0.000107
FILLER_74_573,VGND,li1,269.3300,212.1600,0.000110
FILLER_74_549,VGND,li1,260.8200,212.1600,0.000112
FILLER_74_537,VGND,li1,255.3000,212.1600,0.000113
FILLER_74_524,VGND,li1,248.4000,212.1600,0.000114
FILLER_74_512,VGND,li1,243.8000,212.1600,0.000114
FILLER_74_496,VGND,li1,233.9100,212.1600,0.000113
FILLER_74_485,VGND,li1,228.8500,212.1600,0.000112
FILLER_74_477,VGND,li1,226.7800,212.1600,0.000111
FILLER_74_453,VGND,li1,215.2800,212.1600,0.000103
FILLER_74_441,VGND,li1,208.8400,212.1600,0.000095
FILLER_74_432,VGND,li1,204.7000,212.1600,0.000088
FILLER_74_424,VGND,li1,202.4000,212.1600,0.000084
FILLER_74_394,VGND,li1,189.5200,212.1600,0.000061
FILLER_74_389,VGND,li1,184.6900,212.1600,0.000054
FILLER_74_377,VGND,li1,181.7000,212.1600,0.000047
FILLER_74_365,VGND,li1,176.1800,212.1600,0.000045
FILLER_74_360,VGND,li1,172.0400,212.1600,0.000053
FILLER_74_348,VGND,li1,168.3600,212.1600,0.000060
FILLER_74_342,VGND,li1,163.0700,212.1600,0.000071
FILLER_74_338,VGND,li1,161.9200,212.1600,0.000071
FILLER_74_328,VGND,li1,157.0900,212.1600,0.000079
FILLER_74_320,VGND,li1,154.5600,212.1600,0.000085
FILLER_74_309,VGND,li1,148.5800,212.1600,0.000094
FILLER_74_301,VGND,li1,144.2100,212.1600,0.000098
FILLER_74_289,VGND,li1,141.2200,212.1600,0.000100
FILLER_74_277,VGND,li1,135.7000,212.1600,0.000104
FILLER_74_265,VGND,li1,130.1800,212.1600,0.000108
FILLER_74_253,VGND,li1,124.6600,212.1600,0.000112
FILLER_74_246,VGND,li1,120.0600,212.1600,0.000114
FILLER_74_237,VGND,li1,115.0000,212.1600,0.000116
FILLER_74_227,VGND,li1,110.6300,212.1600,0.000116
FILLER_74_219,VGND,li1,108.1000,212.1600,0.000116
FILLER_74_188,VGND,li1,93.8400,212.1600,0.000110
FILLER_74_177,VGND,li1,87.8600,212.1600,0.000105
FILLER_74_141,VGND,li1,70.8400,212.1600,0.000089
FILLER_74_139,VGND,li1,69.6900,212.1600,0.000089
FILLER_74_133,VGND,li1,68.0800,212.1600,0.000087
FILLER_74_121,VGND,li1,63.9400,212.1600,0.000082
FILLER_74_109,VGND,li1,58.4200,212.1600,0.000075
FILLER_74_85,VGND,li1,46.0000,212.1600,0.000056
FILLER_74_80,VGND,li1,43.2400,212.1600,0.000051
FILLER_74_65,VGND,li1,35.6500,212.1600,0.000036
FILLER_74_53,VGND,li1,32.6600,212.1600,0.000033
FILLER_74_41,VGND,li1,27.1400,212.1600,0.000022
FILLER_74_29,VGND,li1,21.6200,212.1600,0.000019
FILLER_74_26,VGND,li1,17.9400,212.1600,0.000019
FILLER_74_18,VGND,li1,15.6400,212.1600,0.000019
FILLER_74_6,VGND,li1,11.0400,212.1600,0.000019
FILLER_73_821,VGND,li1,383.8700,212.1600,0.000090
FILLER_73_809,VGND,li1,380.4200,212.1600,0.000087
FILLER_73_797,VGND,li1,374.9000,212.1600,0.000085
FILLER_73_785,VGND,li1,369.3800,212.1600,0.000080
FILLER_73_783,VGND,li1,365.9300,212.1600,0.000078
FILLER_73_775,VGND,li1,363.8600,212.1600,0.000076
FILLER_73_763,VGND,li1,359.2600,212.1600,0.000071
FILLER_73_750,VGND,li1,350.7500,212.1600,0.000062
FILLER_73_744,VGND,li1,349.1400,212.1600,0.000062
FILLER_73_732,VGND,li1,345.0000,212.1600,0.000057
FILLER_73_726,VGND,li1,339.9400,212.1600,0.000050
FILLER_73_718,VGND,li1,336.0300,212.1600,0.000043
FILLER_73_703,VGND,li1,329.1300,212.1600,0.000040
FILLER_73_697,VGND,li1,327.5200,212.1600,0.000045
FILLER_73_650,VGND,li1,305.4400,212.1600,0.000076
FILLER_73_644,VGND,li1,302.2200,212.1600,0.000081
FILLER_73_637,VGND,li1,298.7700,212.1600,0.000084
FILLER_73_629,VGND,li1,296.7000,212.1600,0.000088
FILLER_73_617,VGND,li1,292.1000,212.1600,0.000092
FILLER_73_614,VGND,li1,288.4200,212.1600,0.000096
FILLER_73_608,VGND,li1,285.8900,212.1600,0.000098
FILLER_73_596,VGND,li1,280.1400,212.1600,0.000104
FILLER_73_588,VGND,li1,277.8400,212.1600,0.000105
FILLER_73_566,VGND,li1,266.8000,212.1600,0.000111
FILLER_73_557,VGND,li1,262.4300,212.1600,0.000112
FILLER_73_545,VGND,li1,258.9800,212.1600,0.000113
FILLER_73_517,VGND,li1,246.1000,212.1600,0.000114
FILLER_73_505,VGND,li1,240.5800,212.1600,0.000115
FILLER_73_503,VGND,li1,237.1300,212.1600,0.000114
FILLER_73_497,VGND,li1,235.5200,212.1600,0.000114
FILLER_73_485,VGND,li1,231.3800,212.1600,0.000113
FILLER_73_473,VGND,li1,225.8600,212.1600,0.000111
FILLER_73_457,VGND,li1,216.2000,212.1600,0.000103
FILLER_73_449,VGND,li1,213.9000,212.1600,0.000101
FILLER_73_446,VGND,li1,211.1400,212.1600,0.000097
FILLER_73_428,VGND,li1,203.7800,212.1600,0.000084
FILLER_73_416,VGND,li1,199.6400,212.1600,0.000079
FILLER_73_409,VGND,li1,194.1200,212.1600,0.000070
FILLER_73_401,VGND,li1,191.8200,212.1600,0.000067
FILLER_73_383,VGND,li1,182.3900,212.1600,0.000047
FILLER_73_371,VGND,li1,178.9400,212.1600,0.000041
FILLER_73_359,VGND,li1,173.4200,212.1600,0.000053
FILLER_73_347,VGND,li1,167.9000,212.1600,0.000060
FILLER_73_343,VGND,li1,163.5300,212.1600,0.000071
FILLER_73_337,VGND,li1,161.9200,212.1600,0.000071
FILLER_73_328,VGND,li1,158.2400,212.1600,0.000079
FILLER_73_316,VGND,li1,153.6400,212.1600,0.000085
FILLER_73_300,VGND,li1,144.2100,212.1600,0.000098
FILLER_73_281,VGND,li1,136.6200,212.1600,0.000104
FILLER_73_247,VGND,li1,120.0600,212.1600,0.000114
FILLER_73_240,VGND,li1,116.1500,212.1600,0.000116
FILLER_73_232,VGND,li1,112.7000,212.1600,0.000116
FILLER_73_220,VGND,li1,106.9500,212.1600,0.000116
FILLER_73_212,VGND,li1,103.2700,212.1600,0.000115
FILLER_73_197,VGND,li1,97.9800,212.1600,0.000113
FILLER_73_185,VGND,li1,93.3800,212.1600,0.000110
FILLER_73_169,VGND,li1,84.1800,212.1600,0.000103
FILLER_73_165,VGND,li1,82.1100,212.1600,0.000101
FILLER_73_157,VGND,li1,79.5800,212.1600,0.000099
FILLER_73_142,VGND,li1,73.6000,212.1600,0.000091
FILLER_73_128,VGND,li1,65.3200,212.1600,0.000082
FILLER_73_109,VGND,li1,56.3500,212.1600,0.000072
FILLER_73_97,VGND,li1,52.9000,212.1600,0.000064
FILLER_73_89,VGND,li1,46.6900,212.1600,0.000056
FILLER_73_77,VGND,li1,43.7000,212.1600,0.000051
FILLER_73_69,VGND,li1,38.1800,212.1600,0.000040
FILLER_73_57,VGND,li1,34.5000,212.1600,0.000036
FILLER_73_55,VGND,li1,31.0500,212.1600,0.000027
FILLER_73_51,VGND,li1,29.9000,212.1600,0.000027
FILLER_73_39,VGND,li1,26.2200,212.1600,0.000019
FILLER_73_27,VGND,li1,20.7000,212.1600,0.000019
FILLER_73_15,VGND,li1,15.1800,212.1600,0.000019
FILLER_73_3,VGND,li1,9.6600,212.1600,0.000019
FILLER_72_813,VGND,li1,380.1900,206.7200,0.000128
FILLER_72_811,VGND,li1,378.8100,206.7200,0.000124
FILLER_72_805,VGND,li1,377.2000,206.7200,0.000124
FILLER_72_793,VGND,li1,373.0600,206.7200,0.000115
FILLER_72_781,VGND,li1,367.5400,206.7200,0.000102
FILLER_72_769,VGND,li1,362.0200,206.7200,0.000093
FILLER_72_757,VGND,li1,356.5000,206.7200,0.000083
FILLER_72_755,VGND,li1,353.0500,206.7200,0.000073
FILLER_72_749,VGND,li1,351.4400,206.7200,0.000073
FILLER_72_737,VGND,li1,347.3000,206.7200,0.000064
FILLER_72_725,VGND,li1,341.7800,206.7200,0.000051
FILLER_72_713,VGND,li1,336.2600,206.7200,0.000043
FILLER_72_701,VGND,li1,330.7400,206.7200,0.000032
FILLER_72_692,VGND,li1,325.6800,206.7200,0.000038
FILLER_72_686,VGND,li1,321.3100,206.7200,0.000043
FILLER_72_678,VGND,li1,319.2400,206.7200,0.000047
FILLER_72_663,VGND,li1,312.3400,206.7200,0.000053
FILLER_72_651,VGND,li1,307.7400,206.7200,0.000058
FILLER_72_632,VGND,li1,296.9300,206.7200,0.000069
FILLER_72_604,VGND,li1,284.0500,206.7200,0.000078
FILLER_72_599,VGND,li1,281.2900,206.7200,0.000079
FILLER_72_595,VGND,li1,280.1400,206.7200,0.000079
FILLER_72_589,VGND,li1,276.6900,206.7200,0.000081
FILLER_72_586,VGND,li1,275.5400,206.7200,0.000081
FILLER_72_574,VGND,li1,272.3200,206.7200,0.000083
FILLER_72_569,VGND,li1,267.4900,206.7200,0.000084
FILLER_72_561,VGND,li1,265.4200,206.7200,0.000085
FILLER_72_541,VGND,li1,254.8400,206.7200,0.000086
FILLER_72_533,VGND,li1,252.5400,206.7200,0.000087
FILLER_72_531,VGND,li1,250.0100,206.7200,0.000087
FILLER_72_523,VGND,li1,247.9400,206.7200,0.000087
FILLER_72_507,VGND,li1,239.4300,206.7200,0.000086
FILLER_72_496,VGND,li1,233.9100,206.7200,0.000085
FILLER_72_492,VGND,li1,232.7600,206.7200,0.000084
FILLER_72_483,VGND,li1,227.9300,206.7200,0.000082
FILLER_72_477,VGND,li1,226.3200,206.7200,0.000082
FILLER_72_475,VGND,li1,224.2500,206.7200,0.000080
FILLER_72_469,VGND,li1,222.6400,206.7200,0.000079
FILLER_72_462,VGND,li1,218.2700,206.7200,0.000076
FILLER_72_456,VGND,li1,216.6600,206.7200,0.000074
FILLER_72_444,VGND,li1,212.5200,206.7200,0.000072
FILLER_72_437,VGND,li1,206.7700,206.7200,0.000066
FILLER_72_429,VGND,li1,203.3200,206.7200,0.000065
FILLER_72_421,VGND,li1,201.0200,206.7200,0.000062
FILLER_72_412,VGND,li1,196.8800,206.7200,0.000057
FILLER_72_403,VGND,li1,191.8200,206.7200,0.000053
FILLER_72_396,VGND,li1,188.1400,206.7200,0.000046
FILLER_72_382,VGND,li1,182.1600,206.7200,0.000040
FILLER_72_368,VGND,li1,175.4900,206.7200,0.000035
FILLER_72_363,VGND,li1,172.7300,206.7200,0.000040
FILLER_72_357,VGND,li1,171.1200,206.7200,0.000040
FILLER_72_349,VGND,li1,166.2900,206.7200,0.000046
FILLER_72_333,VGND,li1,159.3900,206.7200,0.000053
FILLER_72_309,VGND,li1,149.0400,206.7200,0.000059
FILLER_72_305,VGND,li1,146.5100,206.7200,0.000061
FILLER_72_297,VGND,li1,143.9800,206.7200,0.000062
FILLER_72_283,VGND,li1,136.1600,206.7200,0.000066
FILLER_72_275,VGND,li1,133.8600,206.7200,0.000067
FILLER_72_261,VGND,li1,126.9600,206.7200,0.000070
FILLER_72_257,VGND,li1,123.9700,206.7200,0.000070
FILLER_72_253,VGND,li1,122.8200,206.7200,0.000071
FILLER_72_251,VGND,li1,121.2100,206.7200,0.000072
FILLER_72_245,VGND,li1,119.6000,206.7200,0.000072
FILLER_72_233,VGND,li1,115.4600,206.7200,0.000073
FILLER_72_228,VGND,li1,110.6300,206.7200,0.000073
FILLER_72_222,VGND,li1,109.0200,206.7200,0.000073
FILLER_72_210,VGND,li1,104.8800,206.7200,0.000074
FILLER_72_195,VGND,li1,95.4500,206.7200,0.000073
FILLER_72_184,VGND,li1,90.8500,206.7200,0.000071
FILLER_72_180,VGND,li1,88.5500,206.7200,0.000070
FILLER_72_174,VGND,li1,86.9400,206.7200,0.000070
FILLER_72_162,VGND,li1,82.8000,206.7200,0.000068
FILLER_72_150,VGND,li1,77.2800,206.7200,0.000065
FILLER_72_141,VGND,li1,70.8400,206.7200,0.000061
FILLER_72_119,VGND,li1,60.4900,206.7200,0.000052
FILLER_72_112,VGND,li1,57.5000,206.7200,0.000051
FILLER_72_104,VGND,li1,55.2000,206.7200,0.000048
FILLER_72_92,VGND,li1,50.6000,206.7200,0.000043
FILLER_72_78,VGND,li1,42.7800,206.7200,0.000035
FILLER_72_65,VGND,li1,36.3400,206.7200,0.000027
FILLER_72_53,VGND,li1,32.6600,206.7200,0.000021
FILLER_72_41,VGND,li1,27.1400,206.7200,0.000016
FILLER_72_29,VGND,li1,21.6200,206.7200,0.000014
FILLER_72_27,VGND,li1,18.1700,206.7200,0.000014
FILLER_72_19,VGND,li1,16.1000,206.7200,0.000014
FILLER_72_7,VGND,li1,11.5000,206.7200,0.000014
FILLER_71_803,VGND,li1,375.1300,206.7200,0.000119
FILLER_71_797,VGND,li1,373.5200,206.7200,0.000115
FILLER_71_785,VGND,li1,369.3800,206.7200,0.000108
FILLER_71_783,VGND,li1,365.9300,206.7200,0.000098
FILLER_71_777,VGND,li1,364.3200,206.7200,0.000098
FILLER_71_765,VGND,li1,360.1800,206.7200,0.000090
FILLER_71_753,VGND,li1,354.6600,206.7200,0.000077
FILLER_71_741,VGND,li1,349.1400,206.7200,0.000068
FILLER_71_729,VGND,li1,343.6200,206.7200,0.000057
FILLER_71_727,VGND,li1,340.1700,206.7200,0.000047
FILLER_71_721,VGND,li1,338.5600,206.7200,0.000047
FILLER_71_709,VGND,li1,334.4200,206.7200,0.000039
FILLER_71_697,VGND,li1,328.9000,206.7200,0.000035
FILLER_71_685,VGND,li1,323.3800,206.7200,0.000040
FILLER_71_673,VGND,li1,317.8600,206.7200,0.000047
FILLER_71_664,VGND,li1,312.8000,206.7200,0.000053
FILLER_71_652,VGND,li1,308.2000,206.7200,0.000058
FILLER_71_581,VGND,li1,273.0100,206.7200,0.000083
FILLER_71_569,VGND,li1,268.6400,206.7200,0.000084
FILLER_71_559,VGND,li1,262.8900,206.7200,0.000085
FILLER_71_544,VGND,li1,256.2200,206.7200,0.000086
FILLER_71_532,VGND,li1,253.0000,206.7200,0.000087
FILLER_71_505,VGND,li1,239.2000,206.7200,0.000086
FILLER_71_501,VGND,li1,236.6700,206.7200,0.000086
FILLER_71_484,VGND,li1,228.3900,206.7200,0.000083
FILLER_71_480,VGND,li1,227.2400,206.7200,0.000082
FILLER_71_474,VGND,li1,224.2500,206.7200,0.000080
FILLER_71_466,VGND,li1,221.7200,206.7200,0.000079
FILLER_71_455,VGND,li1,215.0500,206.7200,0.000074
FILLER_71_438,VGND,li1,207.6900,206.7200,0.000069
FILLER_71_432,VGND,li1,204.4700,206.7200,0.000065
FILLER_71_420,VGND,li1,199.1800,206.7200,0.000060
FILLER_71_408,VGND,li1,195.9600,206.7200,0.000057
FILLER_71_393,VGND,li1,186.5300,206.7200,0.000046
FILLER_71_390,VGND,li1,185.3800,206.7200,0.000043
FILLER_71_378,VGND,li1,182.1600,206.7200,0.000040
FILLER_71_363,VGND,li1,172.9600,206.7200,0.000037
FILLER_71_347,VGND,li1,165.6000,206.7200,0.000046
FILLER_71_343,VGND,li1,163.5300,206.7200,0.000048
FILLER_71_337,VGND,li1,161.9200,206.7200,0.000051
FILLER_71_335,VGND,li1,159.8500,206.7200,0.000053
FILLER_71_329,VGND,li1,158.2400,206.7200,0.000053
FILLER_71_324,VGND,li1,154.7900,206.7200,0.000056
FILLER_71_312,VGND,li1,150.8800,206.7200,0.000058
FILLER_71_300,VGND,li1,146.2800,206.7200,0.000061
FILLER_71_288,VGND,li1,140.7600,206.7200,0.000064
FILLER_71_272,VGND,li1,132.4800,206.7200,0.000068
FILLER_71_266,VGND,li1,128.5700,206.7200,0.000069
FILLER_71_258,VGND,li1,126.0400,206.7200,0.000070
FILLER_71_246,VGND,li1,121.4400,206.7200,0.000071
FILLER_71_225,VGND,li1,110.8600,206.7200,0.000073
FILLER_71_223,VGND,li1,108.3300,206.7200,0.000074
FILLER_71_217,VGND,li1,106.7200,206.7200,0.000074
FILLER_71_207,VGND,li1,100.9700,206.7200,0.000074
FILLER_71_203,VGND,li1,99.8200,206.7200,0.000074
FILLER_71_191,VGND,li1,96.1400,206.7200,0.000073
FILLER_71_177,VGND,li1,87.1700,206.7200,0.000070
FILLER_71_169,VGND,li1,85.1000,206.7200,0.000069
FILLER_71_167,VGND,li1,82.5700,206.7200,0.000068
FILLER_71_155,VGND,li1,79.5800,206.7200,0.000066
FILLER_71_144,VGND,li1,72.2200,206.7200,0.000063
FILLER_71_136,VGND,li1,69.9200,206.7200,0.000061
FILLER_71_104,VGND,li1,55.2000,206.7200,0.000048
FILLER_71_95,VGND,li1,49.6800,206.7200,0.000043
FILLER_71_87,VGND,li1,47.3800,206.7200,0.000039
FILLER_71_63,VGND,li1,34.7300,206.7200,0.000023
FILLER_71_57,VGND,li1,33.1200,206.7200,0.000023
FILLER_71_55,VGND,li1,31.0500,206.7200,0.000021
FILLER_71_43,VGND,li1,28.0600,206.7200,0.000016
FILLER_71_31,VGND,li1,22.5400,206.7200,0.000014
FILLER_71_19,VGND,li1,17.0200,206.7200,0.000014
FILLER_71_7,VGND,li1,11.5000,206.7200,0.000014
FILLER_70_813,VGND,li1,379.9600,201.2800,0.000083
FILLER_70_805,VGND,li1,376.0500,201.2800,0.000081
FILLER_70_793,VGND,li1,373.0600,201.2800,0.000079
FILLER_70_781,VGND,li1,367.5400,201.2800,0.000074
FILLER_70_769,VGND,li1,362.0200,201.2800,0.000071
FILLER_70_757,VGND,li1,356.5000,201.2800,0.000067
FILLER_70_755,VGND,li1,353.0500,201.2800,0.000063
FILLER_70_749,VGND,li1,351.4400,201.2800,0.000063
FILLER_70_737,VGND,li1,347.3000,201.2800,0.000060
FILLER_70_725,VGND,li1,341.7800,201.2800,0.000055
FILLER_70_713,VGND,li1,336.2600,201.2800,0.000051
FILLER_70_701,VGND,li1,330.7400,201.2800,0.000047
FILLER_70_699,VGND,li1,327.2900,201.2800,0.000067
FILLER_70_693,VGND,li1,325.6800,201.2800,0.000067
FILLER_70_681,VGND,li1,321.5400,201.2800,0.000084
FILLER_70_669,VGND,li1,316.0200,201.2800,0.000110
FILLER_70_657,VGND,li1,310.5000,201.2800,0.000127
FILLER_70_645,VGND,li1,304.9800,201.2800,0.000149
FILLER_70_640,VGND,li1,300.8400,201.2800,0.000166
FILLER_70_629,VGND,li1,295.3200,201.2800,0.000187
FILLER_70_621,VGND,li1,293.0200,201.2800,0.000200
FILLER_70_610,VGND,li1,286.3500,201.2800,0.000229
FILLER_70_580,VGND,li1,273.0100,201.2800,0.000273
FILLER_70_555,VGND,li1,261.0500,201.2800,0.000321
FILLER_70_524,VGND,li1,246.7900,201.2800,0.000301
FILLER_70_518,VGND,li1,245.1800,201.2800,0.000301
FILLER_70_512,VGND,li1,241.7300,201.2800,0.000285
FILLER_70_504,VGND,li1,239.2000,201.2800,0.000275
FILLER_70_492,VGND,li1,234.6000,201.2800,0.000265
FILLER_70_475,VGND,li1,224.2500,201.2800,0.000227
FILLER_70_455,VGND,li1,215.5100,201.2800,0.000197
FILLER_70_433,VGND,li1,206.5400,201.2800,0.000165
FILLER_70_414,VGND,li1,196.1900,201.2800,0.000125
FILLER_70_402,VGND,li1,193.2000,201.2800,0.000116
FILLER_70_395,VGND,li1,187.4500,201.2800,0.000092
FILLER_70_387,VGND,li1,185.3800,201.2800,0.000084
FILLER_70_375,VGND,li1,180.7800,201.2800,0.000064
FILLER_70_350,VGND,li1,166.7500,201.2800,0.000072
FILLER_70_344,VGND,li1,165.1400,201.2800,0.000072
FILLER_70_334,VGND,li1,160.0800,201.2800,0.000077
FILLER_70_322,VGND,li1,156.4000,201.2800,0.000079
FILLER_70_307,VGND,li1,146.9700,201.2800,0.000085
FILLER_70_292,VGND,li1,140.0700,201.2800,0.000089
FILLER_70_280,VGND,li1,137.0800,201.2800,0.000090
FILLER_70_253,VGND,li1,123.7400,201.2800,0.000092
FILLER_70_248,VGND,li1,120.5200,201.2800,0.000092
FILLER_70_241,VGND,li1,116.6100,201.2800,0.000092
FILLER_70_227,VGND,li1,110.1700,201.2800,0.000091
FILLER_70_223,VGND,li1,109.0200,201.2800,0.000091
FILLER_70_214,VGND,li1,104.4200,201.2800,0.000090
FILLER_70_204,VGND,li1,99.5900,201.2800,0.000088
FILLER_70_174,VGND,li1,85.7900,201.2800,0.000080
FILLER_70_160,VGND,li1,79.3500,201.2800,0.000076
FILLER_70_141,VGND,li1,70.6100,201.2800,0.000067
FILLER_70_138,VGND,li1,69.4600,201.2800,0.000067
FILLER_70_126,VGND,li1,66.2400,201.2800,0.000063
FILLER_70_120,VGND,li1,61.1800,201.2800,0.000059
FILLER_70_112,VGND,li1,58.8800,201.2800,0.000056
FILLER_70_89,VGND,li1,46.6900,201.2800,0.000043
FILLER_70_85,VGND,li1,45.5400,201.2800,0.000040
FILLER_70_83,VGND,li1,43.9300,201.2800,0.000037
FILLER_70_77,VGND,li1,42.3200,201.2800,0.000037
FILLER_70_65,VGND,li1,36.8000,201.2800,0.000030
FILLER_70_53,VGND,li1,32.6600,201.2800,0.000022
FILLER_70_41,VGND,li1,27.1400,201.2800,0.000017
FILLER_70_29,VGND,li1,21.6200,201.2800,0.000015
FILLER_70_27,VGND,li1,18.1700,201.2800,0.000015
FILLER_70_19,VGND,li1,16.1000,201.2800,0.000015
FILLER_70_7,VGND,li1,11.5000,201.2800,0.000016
FILLER_69_823,VGND,li1,384.3300,201.2800,0.000084
FILLER_69_797,VGND,li1,373.5200,201.2800,0.000079
FILLER_69_785,VGND,li1,369.3800,201.2800,0.000076
FILLER_69_783,VGND,li1,365.9300,201.2800,0.000072
FILLER_69_777,VGND,li1,364.3200,201.2800,0.000072
FILLER_69_765,VGND,li1,360.1800,201.2800,0.000069
FILLER_69_753,VGND,li1,354.6600,201.2800,0.000064
FILLER_69_741,VGND,li1,349.1400,201.2800,0.000061
FILLER_69_729,VGND,li1,343.6200,201.2800,0.000057
FILLER_69_727,VGND,li1,340.1700,201.2800,0.000053
FILLER_69_721,VGND,li1,338.5600,201.2800,0.000053
FILLER_69_709,VGND,li1,334.4200,201.2800,0.000050
FILLER_69_697,VGND,li1,328.9000,201.2800,0.000059
FILLER_69_685,VGND,li1,323.3800,201.2800,0.000076
FILLER_69_673,VGND,li1,317.8600,201.2800,0.000098
FILLER_69_671,VGND,li1,314.4100,201.2800,0.000118
FILLER_69_665,VGND,li1,312.8000,201.2800,0.000118
FILLER_69_653,VGND,li1,308.6600,201.2800,0.000135
FILLER_69_641,VGND,li1,303.1400,201.2800,0.000156
FILLER_69_629,VGND,li1,297.6200,201.2800,0.000178
FILLER_69_617,VGND,li1,292.1000,201.2800,0.000200
FILLER_69_615,VGND,li1,288.6500,201.2800,0.000220
FILLER_69_609,VGND,li1,287.0400,201.2800,0.000220
FILLER_69_597,VGND,li1,281.9800,201.2800,0.000240
FILLER_69_585,VGND,li1,277.3800,201.2800,0.000257
FILLER_69_573,VGND,li1,271.8600,201.2800,0.000280
FILLER_69_561,VGND,li1,264.2700,201.2800,0.000308
FILLER_69_559,VGND,li1,262.8900,201.2800,0.000315
FILLER_69_553,VGND,li1,261.2800,201.2800,0.000315
FILLER_69_529,VGND,li1,249.7800,201.2800,0.000313
FILLER_69_517,VGND,li1,246.1000,201.2800,0.000301
FILLER_69_505,VGND,li1,240.5800,201.2800,0.000285
FILLER_69_492,VGND,li1,234.6000,201.2800,0.000265
FILLER_69_480,VGND,li1,229.0800,201.2800,0.000245
FILLER_69_473,VGND,li1,223.7900,201.2800,0.000227
FILLER_69_461,VGND,li1,220.3400,201.2800,0.000215
FILLER_69_449,VGND,li1,214.8200,201.2800,0.000189
FILLER_69_447,VGND,li1,211.3700,201.2800,0.000183
FILLER_69_435,VGND,li1,208.3800,201.2800,0.000172
FILLER_69_423,VGND,li1,202.8600,201.2800,0.000152
FILLER_69_415,VGND,li1,197.3400,201.2800,0.000125
FILLER_69_390,VGND,li1,185.3800,201.2800,0.000084
FILLER_69_378,VGND,li1,182.1600,201.2800,0.000064
FILLER_69_366,VGND,li1,176.6400,201.2800,0.000059
FILLER_69_362,VGND,li1,172.2700,201.2800,0.000065
FILLER_69_358,VGND,li1,171.1200,201.2800,0.000065
FILLER_69_350,VGND,li1,167.4400,201.2800,0.000069
FILLER_69_325,VGND,li1,156.8600,201.2800,0.000079
FILLER_69_313,VGND,li1,152.2600,201.2800,0.000082
FILLER_69_306,VGND,li1,147.2000,201.2800,0.000085
FILLER_69_285,VGND,li1,136.8500,201.2800,0.000090
FILLER_69_281,VGND,li1,135.7000,201.2800,0.000091
FILLER_69_279,VGND,li1,134.0900,201.2800,0.000091
FILLER_69_275,VGND,li1,132.9400,201.2800,0.000091
FILLER_69_261,VGND,li1,126.9600,201.2800,0.000092
FILLER_69_237,VGND,li1,114.7700,201.2800,0.000092
FILLER_69_225,VGND,li1,111.7800,201.2800,0.000091
FILLER_69_223,VGND,li1,108.3300,201.2800,0.000091
FILLER_69_219,VGND,li1,107.1800,201.2800,0.000090
FILLER_69_200,VGND,li1,98.4400,201.2800,0.000087
FILLER_69_193,VGND,li1,95.2200,201.2800,0.000086
FILLER_69_181,VGND,li1,90.1600,201.2800,0.000083
FILLER_69_169,VGND,li1,86.0200,201.2800,0.000080
FILLER_69_156,VGND,li1,80.0400,201.2800,0.000076
FILLER_69_145,VGND,li1,72.6800,201.2800,0.000070
FILLER_69_137,VGND,li1,70.3800,201.2800,0.000067
FILLER_69_125,VGND,li1,65.7800,201.2800,0.000063
FILLER_69_113,VGND,li1,60.2600,201.2800,0.000056
FILLER_69_109,VGND,li1,56.3500,201.2800,0.000054
FILLER_69_101,VGND,li1,53.8200,201.2800,0.000051
FILLER_69_97,VGND,li1,50.3700,201.2800,0.000046
FILLER_69_93,VGND,li1,49.2200,201.2800,0.000046
FILLER_69_81,VGND,li1,45.5400,201.2800,0.000040
FILLER_69_69,VGND,li1,40.0200,201.2800,0.000034
FILLER_69_57,VGND,li1,34.5000,201.2800,0.000027
FILLER_69_55,VGND,li1,31.0500,201.2800,0.000022
FILLER_69_43,VGND,li1,28.0600,201.2800,0.000017
FILLER_69_31,VGND,li1,22.5400,201.2800,0.000015
FILLER_69_19,VGND,li1,17.0200,201.2800,0.000015
FILLER_69_7,VGND,li1,11.5000,201.2800,0.000016
FILLER_68_819,VGND,li1,382.4900,195.8400,0.000021
FILLER_68_813,VGND,li1,380.8800,195.8400,0.000021
FILLER_68_811,VGND,li1,378.8100,195.8400,0.000020
FILLER_68_805,VGND,li1,377.2000,195.8400,0.000020
FILLER_68_793,VGND,li1,373.0600,195.8400,0.000019
FILLER_68_781,VGND,li1,367.5400,195.8400,0.000018
FILLER_68_769,VGND,li1,362.0200,195.8400,0.000017
FILLER_68_757,VGND,li1,356.5000,195.8400,0.000016
FILLER_68_755,VGND,li1,353.0500,195.8400,0.000015
FILLER_68_749,VGND,li1,351.4400,195.8400,0.000015
FILLER_68_737,VGND,li1,347.3000,195.8400,0.000014
FILLER_68_725,VGND,li1,341.7800,195.8400,0.000013
FILLER_68_713,VGND,li1,336.2600,195.8400,0.000012
FILLER_68_701,VGND,li1,330.7400,195.8400,0.000011
FILLER_68_699,VGND,li1,327.2900,195.8400,0.000015
FILLER_68_693,VGND,li1,325.6800,195.8400,0.000015
FILLER_68_681,VGND,li1,321.5400,195.8400,0.000018
FILLER_68_669,VGND,li1,316.0200,195.8400,0.000024
FILLER_68_657,VGND,li1,310.5000,195.8400,0.000028
FILLER_68_645,VGND,li1,304.9800,195.8400,0.000032
FILLER_68_642,VGND,li1,301.3000,195.8400,0.000035
FILLER_68_630,VGND,li1,298.0800,195.8400,0.000038
FILLER_68_623,VGND,li1,292.7900,195.8400,0.000042
FILLER_68_615,VGND,li1,290.2600,195.8400,0.000044
FILLER_68_603,VGND,li1,285.6600,195.8400,0.000047
FILLER_68_597,VGND,li1,280.6000,195.8400,0.000050
FILLER_68_589,VGND,li1,278.3000,195.8400,0.000050
FILLER_68_587,VGND,li1,275.7700,195.8400,0.000052
FILLER_68_579,VGND,li1,273.7000,195.8400,0.000053
FILLER_68_567,VGND,li1,269.1000,195.8400,0.000054
FILLER_68_555,VGND,li1,263.5800,195.8400,0.000057
FILLER_68_543,VGND,li1,258.0600,195.8400,0.000058
FILLER_68_539,VGND,li1,253.6900,195.8400,0.000059
FILLER_68_533,VGND,li1,251.1600,195.8400,0.000060
FILLER_68_528,VGND,li1,249.3200,195.8400,0.000060
FILLER_68_516,VGND,li1,245.6400,195.8400,0.000060
FILLER_68_491,VGND,li1,234.1400,195.8400,0.000060
FILLER_68_484,VGND,li1,228.8500,195.8400,0.000059
FILLER_68_468,VGND,li1,222.6400,195.8400,0.000058
FILLER_68_456,VGND,li1,218.0400,195.8400,0.000056
FILLER_68_444,VGND,li1,212.5200,195.8400,0.000054
FILLER_68_436,VGND,li1,206.3100,195.8400,0.000051
FILLER_68_430,VGND,li1,204.7000,195.8400,0.000051
FILLER_68_418,VGND,li1,198.2600,195.8400,0.000046
FILLER_68_406,VGND,li1,195.0400,195.8400,0.000043
FILLER_68_389,VGND,li1,187.2200,195.8400,0.000034
FILLER_68_377,VGND,li1,181.7000,195.8400,0.000026
FILLER_68_365,VGND,li1,176.1800,195.8400,0.000028
FILLER_68_361,VGND,li1,172.2700,195.8400,0.000030
FILLER_68_349,VGND,li1,168.8200,195.8400,0.000035
FILLER_68_321,VGND,li1,154.5600,195.8400,0.000045
FILLER_68_309,VGND,li1,150.4200,195.8400,0.000047
FILLER_68_307,VGND,li1,146.9700,195.8400,0.000049
FILLER_68_301,VGND,li1,145.3600,195.8400,0.000050
FILLER_68_289,VGND,li1,141.2200,195.8400,0.000051
FILLER_68_277,VGND,li1,135.7000,195.8400,0.000053
FILLER_68_253,VGND,li1,123.7400,195.8400,0.000056
FILLER_68_241,VGND,li1,117.0700,195.8400,0.000057
FILLER_68_233,VGND,li1,114.5400,195.8400,0.000057
FILLER_68_221,VGND,li1,109.9400,195.8400,0.000058
FILLER_68_209,VGND,li1,104.4200,195.8400,0.000058
FILLER_68_197,VGND,li1,98.9000,195.8400,0.000058
FILLER_68_195,VGND,li1,95.4500,195.8400,0.000057
FILLER_68_189,VGND,li1,93.8400,195.8400,0.000057
FILLER_68_177,VGND,li1,89.7000,195.8400,0.000057
FILLER_68_168,VGND,li1,83.2600,195.8400,0.000056
FILLER_68_156,VGND,li1,80.0400,195.8400,0.000055
FILLER_68_149,VGND,li1,74.2900,195.8400,0.000054
FILLER_68_141,VGND,li1,72.2200,195.8400,0.000053
FILLER_68_132,VGND,li1,68.0800,195.8400,0.000051
FILLER_68_120,VGND,li1,63.4800,195.8400,0.000050
FILLER_68_108,VGND,li1,57.9600,195.8400,0.000045
FILLER_68_102,VGND,li1,53.1300,195.8400,0.000043
FILLER_68_95,VGND,li1,49.9100,195.8400,0.000041
FILLER_68_85,VGND,li1,45.5400,195.8400,0.000037
FILLER_68_65,VGND,li1,38.1800,195.8400,0.000028
FILLER_68_53,VGND,li1,32.6600,195.8400,0.000020
FILLER_68_41,VGND,li1,27.1400,195.8400,0.000015
FILLER_68_29,VGND,li1,21.6200,195.8400,0.000013
FILLER_68_27,VGND,li1,18.1700,195.8400,0.000014
FILLER_68_15,VGND,li1,15.1800,195.8400,0.000014
FILLER_68_3,VGND,li1,9.6600,195.8400,0.000014
FILLER_67_817,VGND,li1,382.0300,195.8400,0.000021
FILLER_67_809,VGND,li1,379.5000,195.8400,0.000021
FILLER_67_797,VGND,li1,374.9000,195.8400,0.000020
FILLER_67_785,VGND,li1,369.3800,195.8400,0.000018
FILLER_67_783,VGND,li1,365.9300,195.8400,0.000017
FILLER_67_777,VGND,li1,364.3200,195.8400,0.000017
FILLER_67_765,VGND,li1,360.1800,195.8400,0.000017
FILLER_67_753,VGND,li1,354.6600,195.8400,0.000015
FILLER_67_741,VGND,li1,349.1400,195.8400,0.000014
FILLER_67_729,VGND,li1,343.6200,195.8400,0.000013
FILLER_67_727,VGND,li1,340.1700,195.8400,0.000012
FILLER_67_721,VGND,li1,338.5600,195.8400,0.000012
FILLER_67_709,VGND,li1,334.4200,195.8400,0.000011
FILLER_67_697,VGND,li1,328.9000,195.8400,0.000013
FILLER_67_685,VGND,li1,323.3800,195.8400,0.000017
FILLER_67_673,VGND,li1,317.8600,195.8400,0.000021
FILLER_67_671,VGND,li1,314.4100,195.8400,0.000026
FILLER_67_665,VGND,li1,312.8000,195.8400,0.000026
FILLER_67_653,VGND,li1,308.6600,195.8400,0.000029
FILLER_67_641,VGND,li1,303.1400,195.8400,0.000034
FILLER_67_614,VGND,li1,288.4200,195.8400,0.000045
FILLER_67_607,VGND,li1,285.2000,195.8400,0.000047
FILLER_67_582,VGND,li1,274.1600,195.8400,0.000053
FILLER_67_577,VGND,li1,271.1700,195.8400,0.000054
FILLER_67_571,VGND,li1,269.5600,195.8400,0.000054
FILLER_67_559,VGND,li1,262.8900,195.8400,0.000057
FILLER_67_535,VGND,li1,254.3800,195.8400,0.000059
FILLER_67_505,VGND,li1,238.0500,195.8400,0.000060
FILLER_67_501,VGND,li1,236.6700,195.8400,0.000060
FILLER_67_482,VGND,li1,227.4700,195.8400,0.000059
FILLER_67_457,VGND,li1,216.2000,195.8400,0.000056
FILLER_67_449,VGND,li1,212.2900,195.8400,0.000054
FILLER_67_447,VGND,li1,211.3700,195.8400,0.000053
FILLER_67_433,VGND,li1,205.3900,195.8400,0.000051
FILLER_67_422,VGND,li1,199.8700,195.8400,0.000047
FILLER_67_393,VGND,li1,186.7600,195.8400,0.000034
FILLER_67_391,VGND,li1,185.6100,195.8400,0.000031
FILLER_67_387,VGND,li1,184.4600,195.8400,0.000031
FILLER_67_375,VGND,li1,180.7800,195.8400,0.000026
FILLER_67_362,VGND,li1,172.9600,195.8400,0.000030
FILLER_67_355,VGND,li1,169.5100,195.8400,0.000033
FILLER_67_341,VGND,li1,162.6100,195.8400,0.000039
FILLER_67_337,VGND,li1,161.4600,195.8400,0.000041
FILLER_67_334,VGND,li1,159.6200,195.8400,0.000043
FILLER_67_323,VGND,li1,154.3300,195.8400,0.000046
FILLER_67_317,VGND,li1,152.7200,195.8400,0.000046
FILLER_67_304,VGND,li1,146.0500,195.8400,0.000049
FILLER_67_289,VGND,li1,138.6900,195.8400,0.000051
FILLER_67_281,VGND,li1,136.6200,195.8400,0.000053
FILLER_67_274,VGND,li1,132.9400,195.8400,0.000053
FILLER_67_262,VGND,li1,126.9600,195.8400,0.000056
FILLER_67_250,VGND,li1,123.2800,195.8400,0.000056
FILLER_67_238,VGND,li1,117.7600,195.8400,0.000057
FILLER_67_215,VGND,li1,104.6500,195.8400,0.000058
FILLER_67_211,VGND,li1,103.5000,195.8400,0.000058
FILLER_67_191,VGND,li1,96.1400,195.8400,0.000057
FILLER_67_169,VGND,li1,83.9500,195.8400,0.000056
FILLER_67_164,VGND,li1,81.8800,195.8400,0.000056
FILLER_67_134,VGND,li1,68.5400,195.8400,0.000052
FILLER_67_110,VGND,li1,56.5800,195.8400,0.000045
FILLER_67_90,VGND,li1,47.8400,195.8400,0.000039
FILLER_67_73,VGND,li1,39.3300,195.8400,0.000028
FILLER_67_69,VGND,li1,38.1800,195.8400,0.000028
FILLER_67_57,VGND,li1,34.5000,195.8400,0.000024
FILLER_67_55,VGND,li1,31.0500,195.8400,0.000020
FILLER_67_43,VGND,li1,28.0600,195.8400,0.000015
FILLER_67_31,VGND,li1,22.5400,195.8400,0.000013
FILLER_67_19,VGND,li1,17.0200,195.8400,0.000014
FILLER_67_7,VGND,li1,11.5000,195.8400,0.000014
FILLER_66_819,VGND,li1,382.4900,190.4000,0.000077
FILLER_66_813,VGND,li1,380.8800,190.4000,0.000077
FILLER_66_810,VGND,li1,378.5800,190.4000,0.000076
FILLER_66_802,VGND,li1,376.2800,190.4000,0.000073
FILLER_66_790,VGND,li1,371.6800,190.4000,0.000071
FILLER_66_769,VGND,li1,359.4900,190.4000,0.000061
FILLER_66_757,VGND,li1,356.5000,190.4000,0.000056
FILLER_66_755,VGND,li1,353.0500,190.4000,0.000051
FILLER_66_749,VGND,li1,351.4400,190.4000,0.000051
FILLER_66_737,VGND,li1,347.3000,190.4000,0.000046
FILLER_66_725,VGND,li1,341.7800,190.4000,0.000038
FILLER_66_713,VGND,li1,336.2600,190.4000,0.000032
FILLER_66_701,VGND,li1,330.7400,190.4000,0.000025
FILLER_66_692,VGND,li1,325.6800,190.4000,0.000032
FILLER_66_680,VGND,li1,321.0800,190.4000,0.000037
FILLER_66_668,VGND,li1,315.5600,190.4000,0.000045
FILLER_66_656,VGND,li1,310.0400,190.4000,0.000050
FILLER_66_638,VGND,li1,300.3800,190.4000,0.000060
FILLER_66_621,VGND,li1,291.4100,190.4000,0.000068
FILLER_66_617,VGND,li1,290.2600,190.4000,0.000070
FILLER_66_609,VGND,li1,285.8900,190.4000,0.000072
FILLER_66_601,VGND,li1,283.8200,190.4000,0.000073
FILLER_66_589,VGND,li1,276.9200,190.4000,0.000077
FILLER_66_566,VGND,li1,266.8000,190.4000,0.000081
FILLER_66_547,VGND,li1,257.6000,190.4000,0.000082
FILLER_66_539,VGND,li1,255.3000,190.4000,0.000082
FILLER_66_530,VGND,li1,249.7800,190.4000,0.000082
FILLER_66_521,VGND,li1,245.4100,190.4000,0.000082
FILLER_66_517,VGND,li1,244.2600,190.4000,0.000082
FILLER_66_511,VGND,li1,241.2700,190.4000,0.000081
FILLER_66_503,VGND,li1,238.7400,190.4000,0.000081
FILLER_66_486,VGND,li1,229.3100,190.4000,0.000078
FILLER_66_482,VGND,li1,228.1600,190.4000,0.000078
FILLER_66_468,VGND,li1,222.6400,190.4000,0.000076
FILLER_66_454,VGND,li1,214.5900,190.4000,0.000071
FILLER_66_450,VGND,li1,212.7500,190.4000,0.000070
FILLER_66_436,VGND,li1,206.3100,190.4000,0.000064
FILLER_66_429,VGND,li1,203.0900,190.4000,0.000062
FILLER_66_421,VGND,li1,199.4100,190.4000,0.000059
FILLER_66_407,VGND,li1,194.5800,190.4000,0.000054
FILLER_66_393,VGND,li1,186.9900,190.4000,0.000047
FILLER_66_385,VGND,li1,183.0800,190.4000,0.000041
FILLER_66_353,VGND,li1,168.5900,190.4000,0.000054
FILLER_66_336,VGND,li1,160.5400,190.4000,0.000065
FILLER_66_309,VGND,li1,148.5800,190.4000,0.000081
FILLER_66_307,VGND,li1,146.9700,190.4000,0.000083
FILLER_66_293,VGND,li1,140.5300,190.4000,0.000087
FILLER_66_281,VGND,li1,137.5400,190.4000,0.000089
FILLER_66_261,VGND,li1,126.0400,190.4000,0.000095
FILLER_66_253,VGND,li1,123.7400,190.4000,0.000096
FILLER_66_251,VGND,li1,121.2100,190.4000,0.000098
FILLER_66_247,VGND,li1,120.0600,190.4000,0.000098
FILLER_66_239,VGND,li1,116.3800,190.4000,0.000098
FILLER_66_215,VGND,li1,106.2600,190.4000,0.000099
FILLER_66_197,VGND,li1,96.6000,190.4000,0.000097
FILLER_66_194,VGND,li1,95.2200,190.4000,0.000097
FILLER_66_169,VGND,li1,83.4900,190.4000,0.000091
FILLER_66_165,VGND,li1,82.3400,190.4000,0.000091
FILLER_66_156,VGND,li1,77.7400,190.4000,0.000088
FILLER_66_148,VGND,li1,74.0600,190.4000,0.000085
FILLER_66_136,VGND,li1,68.3100,190.4000,0.000078
FILLER_66_122,VGND,li1,61.8700,190.4000,0.000072
FILLER_66_109,VGND,li1,56.5800,190.4000,0.000067
FILLER_66_99,VGND,li1,51.9800,190.4000,0.000061
FILLER_66_91,VGND,li1,47.6100,190.4000,0.000054
FILLER_66_71,VGND,li1,38.4100,190.4000,0.000039
FILLER_66_65,VGND,li1,36.8000,190.4000,0.000039
FILLER_66_53,VGND,li1,32.6600,190.4000,0.000029
FILLER_66_41,VGND,li1,27.1400,190.4000,0.000022
FILLER_66_29,VGND,li1,21.6200,190.4000,0.000019
FILLER_66_27,VGND,li1,18.1700,190.4000,0.000019
FILLER_66_19,VGND,li1,16.1000,190.4000,0.000019
FILLER_66_7,VGND,li1,11.5000,190.4000,0.000019
FILLER_65_817,VGND,li1,382.0300,190.4000,0.000077
FILLER_65_809,VGND,li1,379.5000,190.4000,0.000076
FILLER_65_797,VGND,li1,374.9000,190.4000,0.000073
FILLER_65_785,VGND,li1,369.3800,190.4000,0.000070
FILLER_65_776,VGND,li1,364.3200,190.4000,0.000066
FILLER_65_764,VGND,li1,359.7200,190.4000,0.000061
FILLER_65_756,VGND,li1,353.5100,190.4000,0.000054
FILLER_65_748,VGND,li1,351.4400,190.4000,0.000051
FILLER_65_743,VGND,li1,347.5300,190.4000,0.000046
FILLER_65_737,VGND,li1,345.0000,190.4000,0.000044
FILLER_65_729,VGND,li1,342.7000,190.4000,0.000041
FILLER_65_716,VGND,li1,337.6400,190.4000,0.000032
FILLER_65_704,VGND,li1,332.1200,190.4000,0.000025
FILLER_65_692,VGND,li1,326.6000,190.4000,0.000032
FILLER_65_680,VGND,li1,321.0800,190.4000,0.000037
FILLER_65_673,VGND,li1,315.7900,190.4000,0.000045
FILLER_65_664,VGND,li1,312.8000,190.4000,0.000047
FILLER_65_645,VGND,li1,302.6800,190.4000,0.000058
FILLER_65_628,VGND,li1,296.2400,190.4000,0.000064
FILLER_65_615,VGND,li1,288.6500,190.4000,0.000070
FILLER_65_595,VGND,li1,280.6000,190.4000,0.000075
FILLER_65_583,VGND,li1,276.4600,190.4000,0.000077
FILLER_65_574,VGND,li1,270.2500,190.4000,0.000080
FILLER_65_561,VGND,li1,264.5000,190.4000,0.000082
FILLER_65_559,VGND,li1,262.8900,190.4000,0.000082
FILLER_65_551,VGND,li1,260.8200,190.4000,0.000082
FILLER_65_540,VGND,li1,254.3800,190.4000,0.000082
FILLER_65_532,VGND,li1,252.0800,190.4000,0.000083
FILLER_65_527,VGND,li1,248.1700,190.4000,0.000082
FILLER_65_519,VGND,li1,246.1000,190.4000,0.000082
FILLER_65_511,VGND,li1,240.8100,190.4000,0.000081
FILLER_65_505,VGND,li1,239.2000,190.4000,0.000081
FILLER_65_503,VGND,li1,237.1300,190.4000,0.000080
FILLER_65_497,VGND,li1,235.5200,190.4000,0.000080
FILLER_65_485,VGND,li1,231.3800,190.4000,0.000079
FILLER_65_473,VGND,li1,225.8600,190.4000,0.000077
FILLER_65_461,VGND,li1,220.3400,190.4000,0.000074
FILLER_65_449,VGND,li1,214.8200,190.4000,0.000071
FILLER_65_447,VGND,li1,211.3700,190.4000,0.000068
FILLER_65_443,VGND,li1,210.2200,190.4000,0.000068
FILLER_65_430,VGND,li1,203.7800,190.4000,0.000062
FILLER_65_422,VGND,li1,201.4800,190.4000,0.000061
FILLER_65_417,VGND,li1,197.8000,190.4000,0.000057
FILLER_65_409,VGND,li1,195.5000,190.4000,0.000054
FILLER_65_397,VGND,li1,190.9000,190.4000,0.000051
FILLER_65_391,VGND,li1,185.6100,190.4000,0.000044
FILLER_65_386,VGND,li1,183.3100,190.4000,0.000041
FILLER_65_380,VGND,li1,181.7000,190.4000,0.000038
FILLER_65_363,VGND,li1,173.4200,190.4000,0.000045
FILLER_65_357,VGND,li1,169.9700,190.4000,0.000050
FILLER_65_351,VGND,li1,168.3600,190.4000,0.000054
FILLER_65_343,VGND,li1,163.5300,190.4000,0.000060
FILLER_65_337,VGND,li1,161.9200,190.4000,0.000065
FILLER_65_328,VGND,li1,158.2400,190.4000,0.000068
FILLER_65_313,VGND,li1,149.9600,190.4000,0.000078
FILLER_65_291,VGND,li1,140.0700,190.4000,0.000087
FILLER_65_281,VGND,li1,135.4700,190.4000,0.000091
FILLER_65_279,VGND,li1,134.0900,190.4000,0.000091
FILLER_65_273,VGND,li1,132.4800,190.4000,0.000092
FILLER_65_266,VGND,li1,128.1100,190.4000,0.000094
FILLER_65_239,VGND,li1,115.6900,190.4000,0.000099
FILLER_65_233,VGND,li1,114.0800,190.4000,0.000099
FILLER_65_221,VGND,li1,107.8700,190.4000,0.000099
FILLER_65_209,VGND,li1,104.4200,190.4000,0.000098
FILLER_65_197,VGND,li1,97.5200,190.4000,0.000097
FILLER_65_181,VGND,li1,89.4700,190.4000,0.000095
FILLER_65_169,VGND,li1,86.0200,190.4000,0.000092
FILLER_65_167,VGND,li1,82.5700,190.4000,0.000091
FILLER_65_159,VGND,li1,80.5000,190.4000,0.000089
FILLER_65_147,VGND,li1,75.9000,190.4000,0.000087
FILLER_65_135,VGND,li1,70.3800,190.4000,0.000081
FILLER_65_110,VGND,li1,56.5800,190.4000,0.000067
FILLER_65_98,VGND,li1,53.3600,190.4000,0.000061
FILLER_65_86,VGND,li1,47.8400,190.4000,0.000056
FILLER_65_73,VGND,li1,39.3300,190.4000,0.000043
FILLER_65_69,VGND,li1,38.1800,190.4000,0.000039
FILLER_65_57,VGND,li1,34.5000,190.4000,0.000035
FILLER_65_55,VGND,li1,31.0500,190.4000,0.000029
FILLER_65_43,VGND,li1,28.0600,190.4000,0.000022
FILLER_65_31,VGND,li1,22.5400,190.4000,0.000019
FILLER_65_19,VGND,li1,17.0200,190.4000,0.000019
FILLER_65_7,VGND,li1,11.5000,190.4000,0.000019
FILLER_64_819,VGND,li1,382.4900,184.9600,0.000097
FILLER_64_813,VGND,li1,380.8800,184.9600,0.000097
FILLER_64_804,VGND,li1,377.2000,184.9600,0.000097
FILLER_64_783,VGND,li1,365.9300,184.9600,0.000090
FILLER_64_779,VGND,li1,364.7800,184.9600,0.000088
FILLER_64_767,VGND,li1,361.1000,184.9600,0.000085
FILLER_64_757,VGND,li1,353.9700,184.9600,0.000074
FILLER_64_736,VGND,li1,344.3100,184.9600,0.000060
FILLER_64_724,VGND,li1,341.3200,184.9600,0.000053
FILLER_64_710,VGND,li1,332.5800,184.9600,0.000037
FILLER_64_694,VGND,li1,326.1400,184.9600,0.000046
FILLER_64_665,VGND,li1,313.2600,184.9600,0.000063
FILLER_64_660,VGND,li1,309.3500,184.9600,0.000068
FILLER_64_652,VGND,li1,307.2800,184.9600,0.000070
FILLER_64_645,VGND,li1,302.6800,184.9600,0.000074
FILLER_64_632,VGND,li1,299.0000,184.9600,0.000078
FILLER_64_620,VGND,li1,293.4800,184.9600,0.000083
FILLER_64_613,VGND,li1,288.1900,184.9600,0.000088
FILLER_64_601,VGND,li1,284.7400,184.9600,0.000090
FILLER_64_589,VGND,li1,279.2200,184.9600,0.000095
FILLER_64_582,VGND,li1,274.6200,184.9600,0.000097
FILLER_64_569,VGND,li1,269.1000,184.9600,0.000100
FILLER_64_557,VGND,li1,264.5000,184.9600,0.000103
FILLER_64_545,VGND,li1,258.9800,184.9600,0.000104
FILLER_64_537,VGND,li1,252.7700,184.9600,0.000107
FILLER_64_533,VGND,li1,251.6200,184.9600,0.000107
FILLER_64_531,VGND,li1,250.0100,184.9600,0.000107
FILLER_64_523,VGND,li1,247.9400,184.9600,0.000108
FILLER_64_497,VGND,li1,234.6000,184.9600,0.000111
FILLER_64_489,VGND,li1,232.3000,184.9600,0.000111
FILLER_64_477,VGND,li1,227.7000,184.9600,0.000109
FILLER_64_474,VGND,li1,224.0200,184.9600,0.000108
FILLER_64_462,VGND,li1,220.8000,184.9600,0.000107
FILLER_64_450,VGND,li1,215.2800,184.9600,0.000104
FILLER_64_439,VGND,li1,208.3800,184.9600,0.000096
FILLER_64_432,VGND,li1,204.4700,184.9600,0.000094
FILLER_64_424,VGND,li1,202.4000,184.9600,0.000091
FILLER_64_405,VGND,li1,192.0500,184.9600,0.000077
FILLER_64_401,VGND,li1,190.9000,184.9600,0.000077
FILLER_64_385,VGND,li1,183.0800,184.9600,0.000060
FILLER_64_377,VGND,li1,180.7800,184.9600,0.000054
FILLER_64_365,VGND,li1,176.1800,184.9600,0.000053
FILLER_64_361,VGND,li1,172.2700,184.9600,0.000061
FILLER_64_349,VGND,li1,168.8200,184.9600,0.000069
FILLER_64_337,VGND,li1,163.3000,184.9600,0.000081
FILLER_64_322,VGND,li1,154.1000,184.9600,0.000094
FILLER_64_302,VGND,li1,145.8200,184.9600,0.000100
FILLER_64_271,VGND,li1,130.4100,184.9600,0.000110
FILLER_64_267,VGND,li1,129.2600,184.9600,0.000110
FILLER_64_261,VGND,li1,125.8100,184.9600,0.000111
FILLER_64_253,VGND,li1,123.7400,184.9600,0.000112
FILLER_64_251,VGND,li1,121.2100,184.9600,0.000114
FILLER_64_239,VGND,li1,115.9200,184.9600,0.000113
FILLER_64_227,VGND,li1,112.7000,184.9600,0.000112
FILLER_64_215,VGND,li1,105.8000,184.9600,0.000109
FILLER_64_205,VGND,li1,100.5100,184.9600,0.000107
FILLER_64_197,VGND,li1,97.9800,184.9600,0.000105
FILLER_64_193,VGND,li1,94.9900,184.9600,0.000103
FILLER_64_181,VGND,li1,91.5400,184.9600,0.000101
FILLER_64_173,VGND,li1,85.5600,184.9600,0.000097
FILLER_64_165,VGND,li1,83.2600,184.9600,0.000095
FILLER_64_153,VGND,li1,78.6600,184.9600,0.000090
FILLER_64_141,VGND,li1,73.1400,184.9600,0.000087
FILLER_64_123,VGND,li1,62.3300,184.9600,0.000076
FILLER_64_115,VGND,li1,58.6500,184.9600,0.000071
FILLER_64_103,VGND,li1,55.6600,184.9600,0.000068
FILLER_64_93,VGND,li1,48.9900,184.9600,0.000059
FILLER_64_85,VGND,li1,46.4600,184.9600,0.000055
FILLER_64_80,VGND,li1,43.2400,184.9600,0.000048
FILLER_64_73,VGND,li1,39.3300,184.9600,0.000044
FILLER_64_65,VGND,li1,37.2600,184.9600,0.000040
FILLER_64_53,VGND,li1,32.6600,184.9600,0.000032
FILLER_64_41,VGND,li1,27.1400,184.9600,0.000022
FILLER_64_29,VGND,li1,21.6200,184.9600,0.000019
FILLER_64_27,VGND,li1,18.1700,184.9600,0.000020
FILLER_64_19,VGND,li1,16.1000,184.9600,0.000020
FILLER_64_7,VGND,li1,11.5000,184.9600,0.000020
FILLER_63_820,VGND,li1,383.6400,184.9600,0.000097
FILLER_63_808,VGND,li1,379.9600,184.9600,0.000097
FILLER_63_785,VGND,li1,367.3100,184.9600,0.000090
FILLER_63_781,VGND,li1,365.4700,184.9600,0.000088
FILLER_63_768,VGND,li1,359.2600,184.9600,0.000083
FILLER_63_760,VGND,li1,356.9600,184.9600,0.000077
FILLER_63_754,VGND,li1,353.0500,184.9600,0.000074
FILLER_63_726,VGND,li1,339.9400,184.9600,0.000053
FILLER_63_718,VGND,li1,336.0300,184.9600,0.000046
FILLER_63_710,VGND,li1,332.3500,184.9600,0.000037
FILLER_63_702,VGND,li1,330.2800,184.9600,0.000040
FILLER_63_686,VGND,li1,321.5400,184.9600,0.000053
FILLER_63_678,VGND,li1,319.2400,184.9600,0.000056
FILLER_63_648,VGND,li1,304.9800,184.9600,0.000072
FILLER_63_636,VGND,li1,300.8400,184.9600,0.000076
FILLER_63_631,VGND,li1,296.0100,184.9600,0.000081
FILLER_63_623,VGND,li1,292.3300,184.9600,0.000086
FILLER_63_614,VGND,li1,288.4200,184.9600,0.000088
FILLER_63_601,VGND,li1,282.6700,184.9600,0.000092
FILLER_63_593,VGND,li1,280.1400,184.9600,0.000093
FILLER_63_564,VGND,li1,266.3400,184.9600,0.000101
FILLER_63_552,VGND,li1,261.2800,184.9600,0.000103
FILLER_63_546,VGND,li1,256.9100,184.9600,0.000105
FILLER_63_536,VGND,li1,252.3100,184.9600,0.000107
FILLER_63_528,VGND,li1,250.2400,184.9600,0.000107
FILLER_63_513,VGND,li1,244.2600,184.9600,0.000109
FILLER_63_505,VGND,li1,238.0500,184.9600,0.000111
FILLER_63_503,VGND,li1,237.1300,184.9600,0.000111
FILLER_63_487,VGND,li1,229.7700,184.9600,0.000110
FILLER_63_483,VGND,li1,228.6200,184.9600,0.000110
FILLER_63_470,VGND,li1,221.9500,184.9600,0.000108
FILLER_63_447,VGND,li1,211.3700,184.9600,0.000099
FILLER_63_433,VGND,li1,204.9300,184.9600,0.000094
FILLER_63_406,VGND,li1,193.6600,184.9600,0.000081
FILLER_63_391,VGND,li1,185.6100,184.9600,0.000066
FILLER_63_384,VGND,li1,182.3900,184.9600,0.000054
FILLER_63_372,VGND,li1,179.4000,184.9600,0.000048
FILLER_63_360,VGND,li1,173.8800,184.9600,0.000061
FILLER_63_344,VGND,li1,164.2200,184.9600,0.000077
FILLER_63_333,VGND,li1,159.3900,184.9600,0.000085
FILLER_63_325,VGND,li1,156.8600,184.9600,0.000090
FILLER_63_316,VGND,li1,151.5700,184.9600,0.000097
FILLER_63_304,VGND,li1,148.1200,184.9600,0.000099
FILLER_63_292,VGND,li1,142.6000,184.9600,0.000103
FILLER_63_284,VGND,li1,136.8500,184.9600,0.000107
FILLER_63_277,VGND,li1,133.6300,184.9600,0.000108
FILLER_63_269,VGND,li1,131.1000,184.9600,0.000109
FILLER_63_257,VGND,li1,126.5000,184.9600,0.000111
FILLER_63_241,VGND,li1,117.0700,184.9600,0.000113
FILLER_63_225,VGND,li1,109.7100,184.9600,0.000111
FILLER_63_216,VGND,li1,105.1100,184.9600,0.000109
FILLER_63_210,VGND,li1,103.5000,184.9600,0.000108
FILLER_63_198,VGND,li1,99.3600,184.9600,0.000105
FILLER_63_186,VGND,li1,93.8400,184.9600,0.000103
FILLER_63_169,VGND,li1,84.1800,184.9600,0.000095
FILLER_63_167,VGND,li1,82.5700,184.9600,0.000095
FILLER_63_152,VGND,li1,77.2800,184.9600,0.000090
FILLER_63_137,VGND,li1,69.0000,184.9600,0.000082
FILLER_63_125,VGND,li1,65.7800,184.9600,0.000079
FILLER_63_113,VGND,li1,60.2600,184.9600,0.000071
FILLER_63_99,VGND,li1,51.2900,184.9600,0.000062
FILLER_63_91,VGND,li1,49.2200,184.9600,0.000059
FILLER_63_63,VGND,li1,34.7300,184.9600,0.000036
FILLER_63_57,VGND,li1,33.1200,184.9600,0.000032
FILLER_63_55,VGND,li1,31.0500,184.9600,0.000027
FILLER_63_51,VGND,li1,29.9000,184.9600,0.000027
FILLER_63_39,VGND,li1,26.2200,184.9600,0.000019
FILLER_63_27,VGND,li1,20.7000,184.9600,0.000019
FILLER_63_15,VGND,li1,15.1800,184.9600,0.000020
FILLER_63_3,VGND,li1,9.6600,184.9600,0.000020
FILLER_62_819,VGND,li1,382.4900,179.5200,0.000062
FILLER_62_813,VGND,li1,380.8800,179.5200,0.000062
FILLER_62_811,VGND,li1,378.8100,179.5200,0.000062
FILLER_62_799,VGND,li1,375.8200,179.5200,0.000062
FILLER_62_787,VGND,li1,370.3000,179.5200,0.000061
FILLER_62_781,VGND,li1,365.0100,179.5200,0.000061
FILLER_62_774,VGND,li1,361.7900,179.5200,0.000060
FILLER_62_755,VGND,li1,353.0500,179.5200,0.000053
FILLER_62_748,VGND,li1,350.0600,179.5200,0.000051
FILLER_62_736,VGND,li1,346.8400,179.5200,0.000049
FILLER_62_724,VGND,li1,341.3200,179.5200,0.000042
FILLER_62_713,VGND,li1,333.7300,179.5200,0.000035
FILLER_62_705,VGND,li1,331.6600,179.5200,0.000032
FILLER_62_699,VGND,li1,327.2900,179.5200,0.000039
FILLER_62_680,VGND,li1,320.1600,179.5200,0.000053
FILLER_62_664,VGND,li1,311.6500,179.5200,0.000065
FILLER_62_658,VGND,li1,308.4300,179.5200,0.000071
FILLER_62_645,VGND,li1,303.1400,179.5200,0.000078
FILLER_62_643,VGND,li1,301.5300,179.5200,0.000078
FILLER_62_621,VGND,li1,291.8700,179.5200,0.000091
FILLER_62_601,VGND,li1,282.4400,179.5200,0.000099
FILLER_62_589,VGND,li1,279.2200,179.5200,0.000101
FILLER_62_586,VGND,li1,275.5400,179.5200,0.000104
FILLER_62_578,VGND,li1,271.6300,179.5200,0.000107
FILLER_62_574,VGND,li1,270.4800,179.5200,0.000107
FILLER_62_546,VGND,li1,257.3700,179.5200,0.000114
FILLER_62_538,VGND,li1,254.8400,179.5200,0.000115
FILLER_62_531,VGND,li1,250.0100,179.5200,0.000117
FILLER_62_513,VGND,li1,241.7300,179.5200,0.000120
FILLER_62_507,VGND,li1,240.1200,179.5200,0.000120
FILLER_62_495,VGND,li1,235.9800,179.5200,0.000121
FILLER_62_477,VGND,li1,226.3200,179.5200,0.000122
FILLER_62_474,VGND,li1,224.0200,179.5200,0.000121
FILLER_62_463,VGND,li1,220.3400,179.5200,0.000120
FILLER_62_450,VGND,li1,213.2100,179.5200,0.000112
FILLER_62_438,VGND,li1,209.7600,179.5200,0.000105
FILLER_62_414,VGND,li1,197.3400,179.5200,0.000087
FILLER_62_403,VGND,li1,191.8200,179.5200,0.000078
FILLER_62_391,VGND,li1,188.1400,179.5200,0.000071
FILLER_62_379,VGND,li1,182.6200,179.5200,0.000059
FILLER_62_368,VGND,li1,175.0300,179.5200,0.000063
FILLER_62_353,VGND,li1,168.1300,179.5200,0.000078
FILLER_62_331,VGND,li1,159.1600,179.5200,0.000099
FILLER_62_309,VGND,li1,148.5800,179.5200,0.000120
FILLER_62_305,VGND,li1,146.5100,179.5200,0.000123
FILLER_62_301,VGND,li1,144.2100,179.5200,0.000125
FILLER_62_289,VGND,li1,141.2200,179.5200,0.000128
FILLER_62_277,VGND,li1,135.7000,179.5200,0.000134
FILLER_62_265,VGND,li1,130.1800,179.5200,0.000138
FILLER_62_253,VGND,li1,124.6600,179.5200,0.000145
FILLER_62_251,VGND,li1,121.2100,179.5200,0.000146
FILLER_62_237,VGND,li1,114.7700,179.5200,0.000153
FILLER_62_231,VGND,li1,113.1600,179.5200,0.000153
FILLER_62_224,VGND,li1,108.7900,179.5200,0.000156
FILLER_62_216,VGND,li1,106.7200,179.5200,0.000158
FILLER_62_204,VGND,li1,102.1200,179.5200,0.000160
FILLER_62_188,VGND,li1,92.9200,179.5200,0.000159
FILLER_62_175,VGND,li1,86.2500,179.5200,0.000150
FILLER_62_169,VGND,li1,84.6400,179.5200,0.000150
FILLER_62_160,VGND,li1,79.5800,179.5200,0.000144
FILLER_62_152,VGND,li1,75.6700,179.5200,0.000138
FILLER_62_141,VGND,li1,71.3000,179.5200,0.000131
FILLER_62_130,VGND,li1,65.7800,179.5200,0.000121
FILLER_62_118,VGND,li1,62.5600,179.5200,0.000116
FILLER_62_106,VGND,li1,57.0400,179.5200,0.000101
FILLER_62_97,VGND,li1,51.5200,179.5200,0.000091
FILLER_62_85,VGND,li1,47.3800,179.5200,0.000084
FILLER_62_83,VGND,li1,43.9300,179.5200,0.000075
FILLER_62_77,VGND,li1,42.3200,179.5200,0.000068
FILLER_62_69,VGND,li1,37.4900,179.5200,0.000056
FILLER_62_65,VGND,li1,36.3400,179.5200,0.000056
FILLER_62_53,VGND,li1,32.6600,179.5200,0.000047
FILLER_62_41,VGND,li1,27.1400,179.5200,0.000032
FILLER_62_29,VGND,li1,21.6200,179.5200,0.000028
FILLER_62_27,VGND,li1,18.1700,179.5200,0.000028
FILLER_62_19,VGND,li1,16.1000,179.5200,0.000028
FILLER_62_7,VGND,li1,11.5000,179.5200,0.000029
FILLER_61_817,VGND,li1,382.0300,179.5200,0.000062
FILLER_61_809,VGND,li1,379.5000,179.5200,0.000062
FILLER_61_797,VGND,li1,374.9000,179.5200,0.000062
FILLER_61_785,VGND,li1,369.3800,179.5200,0.000061
FILLER_61_782,VGND,li1,365.7000,179.5200,0.000061
FILLER_61_774,VGND,li1,361.7900,179.5200,0.000060
FILLER_61_753,VGND,li1,354.6600,179.5200,0.000055
FILLER_61_741,VGND,li1,349.1400,179.5200,0.000051
FILLER_61_729,VGND,li1,341.0900,179.5200,0.000042
FILLER_61_727,VGND,li1,340.1700,179.5200,0.000042
FILLER_61_719,VGND,li1,338.1000,179.5200,0.000040
FILLER_61_707,VGND,li1,331.2000,179.5200,0.000032
FILLER_61_695,VGND,li1,327.9800,179.5200,0.000039
FILLER_61_685,VGND,li1,322.0000,179.5200,0.000048
FILLER_61_677,VGND,li1,317.1700,179.5200,0.000058
FILLER_61_671,VGND,li1,314.4100,179.5200,0.000061
FILLER_61_666,VGND,li1,312.1100,179.5200,0.000065
FILLER_61_658,VGND,li1,310.0400,179.5200,0.000067
FILLER_61_643,VGND,li1,301.7600,179.5200,0.000078
FILLER_61_635,VGND,li1,299.4600,179.5200,0.000081
FILLER_61_623,VGND,li1,292.3300,179.5200,0.000091
FILLER_61_617,VGND,li1,290.7200,179.5200,0.000091
FILLER_61_614,VGND,li1,288.4200,179.5200,0.000093
FILLER_61_605,VGND,li1,284.2800,179.5200,0.000097
FILLER_61_597,VGND,li1,281.9800,179.5200,0.000099
FILLER_61_590,VGND,li1,277.1500,179.5200,0.000104
FILLER_61_578,VGND,li1,274.1600,179.5200,0.000105
FILLER_61_566,VGND,li1,268.6400,179.5200,0.000108
FILLER_61_559,VGND,li1,262.8900,179.5200,0.000112
FILLER_61_551,VGND,li1,259.4400,179.5200,0.000113
FILLER_61_543,VGND,li1,257.1400,179.5200,0.000114
FILLER_61_532,VGND,li1,250.4700,179.5200,0.000117
FILLER_61_528,VGND,li1,249.3200,179.5200,0.000117
FILLER_61_517,VGND,li1,243.5700,179.5200,0.000119
FILLER_61_505,VGND,li1,240.5800,179.5200,0.000120
FILLER_61_503,VGND,li1,237.1300,179.5200,0.000121
FILLER_61_491,VGND,li1,234.1400,179.5200,0.000122
FILLER_61_479,VGND,li1,228.6200,179.5200,0.000123
FILLER_61_467,VGND,li1,223.1000,179.5200,0.000121
FILLER_61_453,VGND,li1,214.1300,179.5200,0.000112
FILLER_61_449,VGND,li1,212.9800,179.5200,0.000112
FILLER_61_445,VGND,li1,210.9100,179.5200,0.000109
FILLER_61_437,VGND,li1,208.3800,179.5200,0.000105
FILLER_61_431,VGND,li1,204.0100,179.5200,0.000098
FILLER_61_423,VGND,li1,201.9400,179.5200,0.000093
FILLER_61_411,VGND,li1,197.3400,179.5200,0.000087
FILLER_61_399,VGND,li1,191.8200,179.5200,0.000078
FILLER_61_389,VGND,li1,185.1500,179.5200,0.000065
FILLER_61_381,VGND,li1,182.6200,179.5200,0.000059
FILLER_61_369,VGND,li1,175.7200,179.5200,0.000063
FILLER_61_361,VGND,li1,173.4200,179.5200,0.000067
FILLER_61_352,VGND,li1,167.9000,179.5200,0.000078
FILLER_61_337,VGND,li1,162.3800,179.5200,0.000092
FILLER_61_324,VGND,li1,157.3200,179.5200,0.000103
FILLER_61_312,VGND,li1,151.8000,179.5200,0.000115
FILLER_61_303,VGND,li1,145.3600,179.5200,0.000123
FILLER_61_288,VGND,li1,139.8400,179.5200,0.000128
FILLER_61_255,VGND,li1,123.0500,179.5200,0.000145
FILLER_61_249,VGND,li1,121.4400,179.5200,0.000146
FILLER_61_237,VGND,li1,117.3000,179.5200,0.000150
FILLER_61_225,VGND,li1,111.7800,179.5200,0.000155
FILLER_61_223,VGND,li1,108.3300,179.5200,0.000156
FILLER_61_211,VGND,li1,105.3400,179.5200,0.000158
FILLER_61_181,VGND,li1,91.5400,179.5200,0.000157
FILLER_61_169,VGND,li1,86.0200,179.5200,0.000150
FILLER_61_165,VGND,li1,82.1100,179.5200,0.000146
FILLER_61_157,VGND,li1,79.5800,179.5200,0.000144
FILLER_61_150,VGND,li1,74.7500,179.5200,0.000135
FILLER_61_144,VGND,li1,71.9900,179.5200,0.000131
FILLER_61_132,VGND,li1,69.0000,179.5200,0.000127
FILLER_61_122,VGND,li1,61.8700,179.5200,0.000112
FILLER_61_118,VGND,li1,60.7200,179.5200,0.000112
FILLER_61_101,VGND,li1,52.9000,179.5200,0.000096
FILLER_61_79,VGND,li1,42.0900,179.5200,0.000068
FILLER_61_75,VGND,li1,40.9400,179.5200,0.000068
FILLER_61_65,VGND,li1,36.1100,179.5200,0.000056
FILLER_61_57,VGND,li1,33.5800,179.5200,0.000047
FILLER_61_54,VGND,li1,30.8200,179.5200,0.000042
FILLER_61_42,VGND,li1,27.6000,179.5200,0.000032
FILLER_61_30,VGND,li1,22.0800,179.5200,0.000028
FILLER_61_18,VGND,li1,16.5600,179.5200,0.000028
FILLER_61_6,VGND,li1,11.0400,179.5200,0.000029
FILLER_60_819,VGND,li1,382.4900,174.0800,0.000136
FILLER_60_813,VGND,li1,380.8800,174.0800,0.000135
FILLER_60_791,VGND,li1,369.6100,174.0800,0.000131
FILLER_60_787,VGND,li1,368.4600,174.0800,0.000131
FILLER_60_772,VGND,li1,362.4800,174.0800,0.000125
FILLER_60_760,VGND,li1,357.8800,174.0800,0.000118
FILLER_60_755,VGND,li1,353.0500,174.0800,0.000110
FILLER_60_747,VGND,li1,350.9800,174.0800,0.000107
FILLER_60_733,VGND,li1,343.1600,174.0800,0.000091
FILLER_60_725,VGND,li1,340.8600,174.0800,0.000085
FILLER_60_711,VGND,li1,332.8100,174.0800,0.000065
FILLER_60_707,VGND,li1,331.6600,174.0800,0.000065
FILLER_60_701,VGND,li1,328.6700,174.0800,0.000077
FILLER_60_697,VGND,li1,326.8300,174.0800,0.000085
FILLER_60_686,VGND,li1,321.3100,174.0800,0.000109
FILLER_60_682,VGND,li1,320.1600,174.0800,0.000109
FILLER_60_661,VGND,li1,312.3400,174.0800,0.000137
FILLER_60_655,VGND,li1,307.5100,174.0800,0.000153
FILLER_60_649,VGND,li1,304.2900,174.0800,0.000167
FILLER_60_645,VGND,li1,303.1400,174.0800,0.000167
FILLER_60_642,VGND,li1,301.3000,174.0800,0.000172
FILLER_60_634,VGND,li1,299.0000,174.0800,0.000178
FILLER_60_622,VGND,li1,294.4000,174.0800,0.000192
FILLER_60_608,VGND,li1,287.0400,174.0800,0.000209
FILLER_60_596,VGND,li1,280.1400,174.0800,0.000226
FILLER_60_573,VGND,li1,270.9400,174.0800,0.000248
FILLER_60_563,VGND,li1,264.7300,174.0800,0.000266
FILLER_60_555,VGND,li1,262.6600,174.0800,0.000270
FILLER_60_543,VGND,li1,258.0600,174.0800,0.000280
FILLER_60_520,VGND,li1,247.4800,174.0800,0.000298
FILLER_60_502,VGND,li1,238.2800,174.0800,0.000316
FILLER_60_481,VGND,li1,227.0100,174.0800,0.000321
FILLER_60_477,VGND,li1,225.8600,174.0800,0.000321
FILLER_60_474,VGND,li1,224.0200,174.0800,0.000320
FILLER_60_462,VGND,li1,220.8000,174.0800,0.000317
FILLER_60_450,VGND,li1,215.2800,174.0800,0.000307
FILLER_60_417,VGND,li1,198.0300,174.0800,0.000248
FILLER_60_391,VGND,li1,186.0700,174.0800,0.000195
FILLER_60_377,VGND,li1,179.1700,174.0800,0.000148
FILLER_60_365,VGND,li1,173.8800,174.0800,0.000153
FILLER_60_363,VGND,li1,172.7300,174.0800,0.000165
FILLER_60_351,VGND,li1,169.7400,174.0800,0.000181
FILLER_60_339,VGND,li1,164.2200,174.0800,0.000211
FILLER_60_322,VGND,li1,154.5600,174.0800,0.000252
FILLER_60_307,VGND,li1,146.9700,174.0800,0.000280
FILLER_60_293,VGND,li1,140.5300,174.0800,0.000293
FILLER_60_285,VGND,li1,138.4600,174.0800,0.000298
FILLER_60_247,VGND,li1,119.6000,174.0800,0.000335
FILLER_60_215,VGND,li1,105.8000,174.0800,0.000327
FILLER_60_201,VGND,li1,98.2100,174.0800,0.000313
FILLER_60_197,VGND,li1,97.0600,174.0800,0.000313
FILLER_60_192,VGND,li1,94.7600,174.0800,0.000307
FILLER_60_180,VGND,li1,91.0800,174.0800,0.000292
FILLER_60_168,VGND,li1,85.5600,174.0800,0.000281
FILLER_60_160,VGND,li1,79.3500,174.0800,0.000259
FILLER_60_156,VGND,li1,77.5100,174.0800,0.000252
FILLER_60_149,VGND,li1,74.7500,174.0800,0.000246
FILLER_60_141,VGND,li1,72.2200,174.0800,0.000238
FILLER_60_138,VGND,li1,69.4600,174.0800,0.000228
FILLER_60_128,VGND,li1,64.6300,174.0800,0.000206
FILLER_60_120,VGND,li1,61.4100,174.0800,0.000194
FILLER_60_112,VGND,li1,58.8800,174.0800,0.000182
FILLER_60_101,VGND,li1,52.4400,174.0800,0.000162
FILLER_60_89,VGND,li1,49.2200,174.0800,0.000149
FILLER_60_83,VGND,li1,43.9300,174.0800,0.000126
FILLER_60_73,VGND,li1,39.7900,174.0800,0.000108
FILLER_60_65,VGND,li1,37.2600,174.0800,0.000097
FILLER_60_53,VGND,li1,32.6600,174.0800,0.000077
FILLER_60_41,VGND,li1,27.1400,174.0800,0.000053
FILLER_60_29,VGND,li1,21.6200,174.0800,0.000044
FILLER_60_26,VGND,li1,17.9400,174.0800,0.000045
FILLER_60_18,VGND,li1,15.6400,174.0800,0.000045
FILLER_60_6,VGND,li1,11.0400,174.0800,0.000045
FILLER_59_812,VGND,li1,380.8800,174.0800,0.000135
FILLER_59_800,VGND,li1,376.2800,174.0800,0.000135
FILLER_59_788,VGND,li1,370.7600,174.0800,0.000133
FILLER_59_773,VGND,li1,361.5600,174.0800,0.000121
FILLER_59_763,VGND,li1,356.7300,174.0800,0.000114
FILLER_59_757,VGND,li1,355.1200,174.0800,0.000114
FILLER_59_741,VGND,li1,348.2200,174.0800,0.000101
FILLER_59_729,VGND,li1,343.6200,174.0800,0.000091
FILLER_59_727,VGND,li1,340.1700,174.0800,0.000085
FILLER_59_719,VGND,li1,338.1000,174.0800,0.000079
FILLER_59_707,VGND,li1,333.5000,174.0800,0.000069
FILLER_59_692,VGND,li1,326.6000,174.0800,0.000085
FILLER_59_673,VGND,li1,315.7900,174.0800,0.000129
FILLER_59_640,VGND,li1,300.1500,174.0800,0.000178
FILLER_59_636,VGND,li1,299.0000,174.0800,0.000178
FILLER_59_604,VGND,li1,286.1200,174.0800,0.000215
FILLER_59_592,VGND,li1,280.6000,174.0800,0.000226
FILLER_59_584,VGND,li1,274.3900,174.0800,0.000244
FILLER_59_578,VGND,li1,272.7800,174.0800,0.000244
FILLER_59_561,VGND,li1,264.0400,174.0800,0.000266
FILLER_59_552,VGND,li1,261.2800,174.0800,0.000270
FILLER_59_542,VGND,li1,255.0700,174.0800,0.000285
FILLER_59_536,VGND,li1,253.4600,174.0800,0.000289
FILLER_59_531,VGND,li1,250.2400,174.0800,0.000293
FILLER_59_503,VGND,li1,237.1300,174.0800,0.000319
FILLER_59_497,VGND,li1,235.5200,174.0800,0.000319
FILLER_59_487,VGND,li1,230.2300,174.0800,0.000323
FILLER_59_478,VGND,li1,225.8600,174.0800,0.000321
FILLER_59_449,VGND,li1,213.4400,174.0800,0.000302
FILLER_59_442,VGND,li1,210.2200,174.0800,0.000293
FILLER_59_427,VGND,li1,202.6300,174.0800,0.000263
FILLER_59_418,VGND,li1,199.1800,174.0800,0.000256
FILLER_59_406,VGND,li1,195.0400,174.0800,0.000240
FILLER_59_391,VGND,li1,185.6100,174.0800,0.000195
FILLER_59_383,VGND,li1,183.5400,174.0800,0.000172
FILLER_59_365,VGND,li1,175.2600,174.0800,0.000153
FILLER_59_349,VGND,li1,166.7500,174.0800,0.000192
FILLER_59_337,VGND,li1,163.3000,174.0800,0.000211
FILLER_59_335,VGND,li1,159.8500,174.0800,0.000237
FILLER_59_331,VGND,li1,158.7000,174.0800,0.000237
FILLER_59_316,VGND,li1,152.2600,174.0800,0.000260
FILLER_59_300,VGND,li1,143.7500,174.0800,0.000289
FILLER_59_294,VGND,li1,140.9900,174.0800,0.000293
FILLER_59_288,VGND,li1,139.3800,174.0800,0.000298
FILLER_59_279,VGND,li1,134.0900,174.0800,0.000310
FILLER_59_275,VGND,li1,132.9400,174.0800,0.000310
FILLER_59_251,VGND,li1,122.8200,174.0800,0.000331
FILLER_59_225,VGND,li1,109.9400,174.0800,0.000333
FILLER_59_223,VGND,li1,108.3300,174.0800,0.000330
FILLER_59_219,VGND,li1,107.1800,174.0800,0.000330
FILLER_59_208,VGND,li1,102.1200,174.0800,0.000323
FILLER_59_201,VGND,li1,98.2100,174.0800,0.000313
FILLER_59_167,VGND,li1,82.5700,174.0800,0.000272
FILLER_59_138,VGND,li1,69.2300,174.0800,0.000222
FILLER_59_132,VGND,li1,67.6200,174.0800,0.000222
FILLER_59_125,VGND,li1,63.9400,174.0800,0.000206
FILLER_59_113,VGND,li1,60.2600,174.0800,0.000194
FILLER_59_109,VGND,li1,56.3500,174.0800,0.000172
FILLER_59_93,VGND,li1,49.6800,174.0800,0.000149
FILLER_59_81,VGND,li1,45.5400,174.0800,0.000126
FILLER_59_69,VGND,li1,40.0200,174.0800,0.000108
FILLER_59_57,VGND,li1,34.5000,174.0800,0.000085
FILLER_59_54,VGND,li1,30.8200,174.0800,0.000069
FILLER_59_42,VGND,li1,27.6000,174.0800,0.000053
FILLER_59_30,VGND,li1,22.0800,174.0800,0.000044
FILLER_59_18,VGND,li1,16.5600,174.0800,0.000045
FILLER_59_6,VGND,li1,11.0400,174.0800,0.000045
FILLER_58_821,VGND,li1,383.8700,168.6400,0.000195
FILLER_58_813,VGND,li1,381.3400,168.6400,0.000193
FILLER_58_789,VGND,li1,369.1500,168.6400,0.000180
FILLER_58_777,VGND,li1,365.7000,168.6400,0.000176
FILLER_58_765,VGND,li1,360.1800,168.6400,0.000164
FILLER_58_746,VGND,li1,349.6000,168.6400,0.000144
FILLER_58_726,VGND,li1,340.8600,168.6400,0.000117
FILLER_58_707,VGND,li1,330.9700,168.6400,0.000103
FILLER_58_701,VGND,li1,328.4400,168.6400,0.000114
FILLER_58_697,VGND,li1,326.8300,168.6400,0.000125
FILLER_58_685,VGND,li1,323.3800,168.6400,0.000140
FILLER_58_676,VGND,li1,316.7100,168.6400,0.000168
FILLER_58_672,VGND,li1,315.5600,168.6400,0.000176
FILLER_58_653,VGND,li1,306.1300,168.6400,0.000212
FILLER_58_645,VGND,li1,304.0600,168.6400,0.000219
FILLER_58_636,VGND,li1,299.9200,168.6400,0.000236
FILLER_58_605,VGND,li1,284.2800,168.6400,0.000288
FILLER_58_597,VGND,li1,281.9800,168.6400,0.000296
FILLER_58_570,VGND,li1,270.4800,168.6400,0.000320
FILLER_58_566,VGND,li1,266.1100,168.6400,0.000324
FILLER_58_558,VGND,li1,262.4300,168.6400,0.000327
FILLER_58_550,VGND,li1,258.9800,168.6400,0.000330
FILLER_58_533,VGND,li1,251.6200,168.6400,0.000334
FILLER_58_529,VGND,li1,249.5500,168.6400,0.000335
FILLER_58_521,VGND,li1,247.0200,168.6400,0.000336
FILLER_58_510,VGND,li1,240.3500,168.6400,0.000339
FILLER_58_506,VGND,li1,239.2000,168.6400,0.000340
FILLER_58_494,VGND,li1,235.5200,168.6400,0.000341
FILLER_58_482,VGND,li1,230.0000,168.6400,0.000343
FILLER_58_477,VGND,li1,225.1700,168.6400,0.000346
FILLER_58_475,VGND,li1,224.2500,168.6400,0.000346
FILLER_58_463,VGND,li1,221.2600,168.6400,0.000347
FILLER_58_445,VGND,li1,212.9800,168.6400,0.000316
FILLER_58_433,VGND,li1,207.4600,168.6400,0.000299
FILLER_58_421,VGND,li1,201.9400,168.6400,0.000273
FILLER_58_418,VGND,li1,198.2600,168.6400,0.000255
FILLER_58_410,VGND,li1,195.9600,168.6400,0.000243
FILLER_58_398,VGND,li1,191.3600,168.6400,0.000223
FILLER_58_389,VGND,li1,185.1500,168.6400,0.000170
FILLER_58_377,VGND,li1,181.7000,168.6400,0.000139
FILLER_58_365,VGND,li1,176.1800,168.6400,0.000118
FILLER_58_363,VGND,li1,172.7300,168.6400,0.000129
FILLER_58_344,VGND,li1,164.2200,168.6400,0.000146
FILLER_58_336,VGND,li1,161.9200,168.6400,0.000151
FILLER_58_317,VGND,li1,152.0300,168.6400,0.000167
FILLER_58_309,VGND,li1,149.5000,168.6400,0.000168
FILLER_58_305,VGND,li1,146.5100,168.6400,0.000168
FILLER_58_296,VGND,li1,142.6000,168.6400,0.000169
FILLER_58_284,VGND,li1,138.9200,168.6400,0.000169
FILLER_58_272,VGND,li1,133.4000,168.6400,0.000169
FILLER_58_265,VGND,li1,127.6500,168.6400,0.000170
FILLER_58_253,VGND,li1,124.6600,168.6400,0.000169
FILLER_58_251,VGND,li1,121.2100,168.6400,0.000168
FILLER_58_245,VGND,li1,119.6000,168.6400,0.000168
FILLER_58_232,VGND,li1,114.0800,168.6400,0.000166
FILLER_58_225,VGND,li1,109.2500,168.6400,0.000162
FILLER_58_221,VGND,li1,108.1000,168.6400,0.000162
FILLER_58_209,VGND,li1,104.4200,168.6400,0.000160
FILLER_58_197,VGND,li1,98.9000,168.6400,0.000155
FILLER_58_195,VGND,li1,95.4500,168.6400,0.000154
FILLER_58_187,VGND,li1,93.3800,168.6400,0.000152
FILLER_58_181,VGND,li1,89.0100,168.6400,0.000148
FILLER_58_177,VGND,li1,87.8600,168.6400,0.000148
FILLER_58_169,VGND,li1,83.4900,168.6400,0.000144
FILLER_58_121,VGND,li1,61.4100,168.6400,0.000115
FILLER_58_109,VGND,li1,58.4200,168.6400,0.000109
FILLER_58_104,VGND,li1,53.8200,168.6400,0.000101
FILLER_58_100,VGND,li1,51.7500,168.6400,0.000096
FILLER_58_94,VGND,li1,50.1400,168.6400,0.000091
FILLER_58_81,VGND,li1,43.4700,168.6400,0.000077
FILLER_58_73,VGND,li1,39.3300,168.6400,0.000067
FILLER_58_65,VGND,li1,37.2600,168.6400,0.000061
FILLER_58_53,VGND,li1,32.6600,168.6400,0.000048
FILLER_58_41,VGND,li1,27.1400,168.6400,0.000033
FILLER_58_29,VGND,li1,21.6200,168.6400,0.000028
FILLER_58_27,VGND,li1,18.1700,168.6400,0.000028
FILLER_58_15,VGND,li1,15.1800,168.6400,0.000028
FILLER_58_3,VGND,li1,9.6600,168.6400,0.000028
FILLER_57_816,VGND,li1,381.8000,168.6400,0.000193
FILLER_57_804,VGND,li1,378.1200,168.6400,0.000191
FILLER_57_792,VGND,li1,372.6000,168.6400,0.000186
FILLER_57_783,VGND,li1,365.9300,168.6400,0.000176
FILLER_57_775,VGND,li1,363.8600,168.6400,0.000172
FILLER_57_763,VGND,li1,359.2600,168.6400,0.000164
FILLER_57_751,VGND,li1,353.7400,168.6400,0.000153
FILLER_57_741,VGND,li1,346.6100,168.6400,0.000136
FILLER_57_729,VGND,li1,343.6200,168.6400,0.000126
FILLER_57_716,VGND,li1,337.6400,168.6400,0.000104
FILLER_57_681,VGND,li1,319.0100,168.6400,0.000159
FILLER_57_673,VGND,li1,316.9400,168.6400,0.000168
FILLER_57_669,VGND,li1,313.9500,168.6400,0.000187
FILLER_57_657,VGND,li1,309.5800,168.6400,0.000202
FILLER_57_645,VGND,li1,304.9800,168.6400,0.000219
FILLER_57_633,VGND,li1,299.4600,168.6400,0.000236
FILLER_57_621,VGND,li1,293.9400,168.6400,0.000256
FILLER_57_594,VGND,li1,281.5200,168.6400,0.000296
FILLER_57_573,VGND,li1,270.0200,168.6400,0.000320
FILLER_57_561,VGND,li1,266.3400,168.6400,0.000324
FILLER_57_556,VGND,li1,262.2000,168.6400,0.000328
FILLER_57_547,VGND,li1,258.5200,168.6400,0.000330
FILLER_57_522,VGND,li1,248.4000,168.6400,0.000336
FILLER_57_510,VGND,li1,242.8800,168.6400,0.000338
FILLER_57_502,VGND,li1,236.9000,168.6400,0.000341
FILLER_57_490,VGND,li1,233.6800,168.6400,0.000342
FILLER_57_478,VGND,li1,228.1600,168.6400,0.000344
FILLER_57_464,VGND,li1,219.1900,168.6400,0.000341
FILLER_57_449,VGND,li1,212.5200,168.6400,0.000316
FILLER_57_428,VGND,li1,202.6300,168.6400,0.000273
FILLER_57_416,VGND,li1,199.6400,168.6400,0.000255
FILLER_57_393,VGND,li1,187.6800,168.6400,0.000188
FILLER_57_390,VGND,li1,185.3800,168.6400,0.000170
FILLER_57_378,VGND,li1,182.1600,168.6400,0.000139
FILLER_57_366,VGND,li1,176.6400,168.6400,0.000118
FILLER_57_354,VGND,li1,171.1200,168.6400,0.000134
FILLER_57_345,VGND,li1,164.6800,168.6400,0.000146
FILLER_57_337,VGND,li1,162.3800,168.6400,0.000151
FILLER_57_330,VGND,li1,158.7000,168.6400,0.000158
FILLER_57_323,VGND,li1,154.3300,168.6400,0.000167
FILLER_57_315,VGND,li1,152.2600,168.6400,0.000167
FILLER_57_296,VGND,li1,142.3700,168.6400,0.000169
FILLER_57_281,VGND,li1,136.6200,168.6400,0.000169
FILLER_57_276,VGND,li1,133.4000,168.6400,0.000169
FILLER_57_251,VGND,li1,123.7400,168.6400,0.000169
FILLER_57_239,VGND,li1,118.2200,168.6400,0.000167
FILLER_57_233,VGND,li1,112.9300,168.6400,0.000166
FILLER_57_225,VGND,li1,110.8600,168.6400,0.000165
FILLER_57_220,VGND,li1,107.6400,168.6400,0.000162
FILLER_57_199,VGND,li1,97.2900,168.6400,0.000155
FILLER_57_193,VGND,li1,95.6800,168.6400,0.000154
FILLER_57_181,VGND,li1,91.5400,168.6400,0.000150
FILLER_57_169,VGND,li1,86.0200,168.6400,0.000146
FILLER_57_167,VGND,li1,82.5700,168.6400,0.000144
FILLER_57_154,VGND,li1,76.5900,168.6400,0.000136
FILLER_57_138,VGND,li1,69.6900,168.6400,0.000127
FILLER_57_126,VGND,li1,66.2400,168.6400,0.000123
FILLER_57_121,VGND,li1,61.6400,168.6400,0.000115
FILLER_57_113,VGND,li1,59.3400,168.6400,0.000109
FILLER_57_111,VGND,li1,56.8100,168.6400,0.000104
FILLER_57_107,VGND,li1,55.6600,168.6400,0.000104
FILLER_57_95,VGND,li1,49.4500,168.6400,0.000091
FILLER_57_83,VGND,li1,46.4600,168.6400,0.000084
FILLER_57_69,VGND,li1,37.7200,168.6400,0.000061
FILLER_57_57,VGND,li1,34.5000,168.6400,0.000054
FILLER_57_55,VGND,li1,31.0500,168.6400,0.000041
FILLER_57_51,VGND,li1,29.9000,168.6400,0.000041
FILLER_57_39,VGND,li1,26.2200,168.6400,0.000028
FILLER_57_27,VGND,li1,20.7000,168.6400,0.000028
FILLER_57_15,VGND,li1,15.1800,168.6400,0.000028
FILLER_57_3,VGND,li1,9.6600,168.6400,0.000028
FILLER_56_813,VGND,li1,381.3400,163.2000,0.000303
FILLER_56_804,VGND,li1,377.2000,163.2000,0.000303
FILLER_56_792,VGND,li1,372.6000,163.2000,0.000298
FILLER_56_785,VGND,li1,366.8500,163.2000,0.000295
FILLER_56_777,VGND,li1,363.1700,163.2000,0.000287
FILLER_56_763,VGND,li1,356.7300,163.2000,0.000270
FILLER_56_757,VGND,li1,354.4300,163.2000,0.000261
FILLER_56_753,VGND,li1,352.5900,163.2000,0.000252
FILLER_56_732,VGND,li1,342.4700,163.2000,0.000199
FILLER_56_720,VGND,li1,339.4800,163.2000,0.000181
FILLER_56_708,VGND,li1,333.9600,163.2000,0.000138
FILLER_56_681,VGND,li1,319.0100,163.2000,0.000243
FILLER_56_657,VGND,li1,307.9700,163.2000,0.000305
FILLER_56_645,VGND,li1,304.9800,163.2000,0.000321
FILLER_56_643,VGND,li1,301.5300,163.2000,0.000344
FILLER_56_624,VGND,li1,293.2500,163.2000,0.000379
FILLER_56_612,VGND,li1,289.8000,163.2000,0.000394
FILLER_56_601,VGND,li1,282.9000,163.2000,0.000418
FILLER_56_589,VGND,li1,279.2200,163.2000,0.000436
FILLER_56_586,VGND,li1,275.5400,163.2000,0.000444
FILLER_56_582,VGND,li1,273.4700,163.2000,0.000449
FILLER_56_576,VGND,li1,271.8600,163.2000,0.000451
FILLER_56_564,VGND,li1,267.7200,163.2000,0.000455
FILLER_56_552,VGND,li1,262.2000,163.2000,0.000458
FILLER_56_540,VGND,li1,256.6800,163.2000,0.000459
FILLER_56_531,VGND,li1,250.0100,163.2000,0.000458
FILLER_56_523,VGND,li1,247.9400,163.2000,0.000457
FILLER_56_505,VGND,li1,238.0500,163.2000,0.000454
FILLER_56_493,VGND,li1,232.5300,163.2000,0.000441
FILLER_56_489,VGND,li1,231.3800,163.2000,0.000441
FILLER_56_477,VGND,li1,227.7000,163.2000,0.000427
FILLER_56_475,VGND,li1,224.2500,163.2000,0.000421
FILLER_56_467,VGND,li1,222.1800,163.2000,0.000415
FILLER_56_455,VGND,li1,216.2000,163.2000,0.000391
FILLER_56_446,VGND,li1,211.1400,163.2000,0.000364
FILLER_56_437,VGND,li1,207.2300,163.2000,0.000342
FILLER_56_429,VGND,li1,203.3200,163.2000,0.000313
FILLER_56_421,VGND,li1,201.0200,163.2000,0.000301
FILLER_56_418,VGND,li1,198.2600,163.2000,0.000290
FILLER_56_410,VGND,li1,194.3500,163.2000,0.000256
FILLER_56_389,VGND,li1,186.3000,163.2000,0.000200
FILLER_56_376,VGND,li1,178.7100,163.2000,0.000120
FILLER_56_372,VGND,li1,177.5600,163.2000,0.000120
FILLER_56_352,VGND,li1,170.2000,163.2000,0.000135
FILLER_56_336,VGND,li1,161.0000,163.2000,0.000153
FILLER_56_321,VGND,li1,153.4100,163.2000,0.000166
FILLER_56_309,VGND,li1,150.4200,163.2000,0.000169
FILLER_56_289,VGND,li1,140.3000,163.2000,0.000185
FILLER_56_282,VGND,li1,135.4700,163.2000,0.000192
FILLER_56_274,VGND,li1,133.4000,163.2000,0.000194
FILLER_56_251,VGND,li1,121.2100,163.2000,0.000211
FILLER_56_229,VGND,li1,111.5500,163.2000,0.000214
FILLER_56_221,VGND,li1,109.0200,163.2000,0.000212
FILLER_56_205,VGND,li1,100.2800,163.2000,0.000205
FILLER_56_197,VGND,li1,97.9800,163.2000,0.000203
FILLER_56_195,VGND,li1,95.4500,163.2000,0.000201
FILLER_56_187,VGND,li1,93.3800,163.2000,0.000199
FILLER_56_171,VGND,li1,84.4100,163.2000,0.000186
FILLER_56_159,VGND,li1,81.4200,163.2000,0.000184
FILLER_56_147,VGND,li1,73.3700,163.2000,0.000171
FILLER_56_141,VGND,li1,71.7600,163.2000,0.000171
FILLER_56_139,VGND,li1,69.6900,163.2000,0.000168
FILLER_56_131,VGND,li1,67.6200,163.2000,0.000165
FILLER_56_123,VGND,li1,62.3300,163.2000,0.000155
FILLER_56_115,VGND,li1,60.2600,163.2000,0.000150
FILLER_56_92,VGND,li1,50.6000,163.2000,0.000122
FILLER_56_77,VGND,li1,41.1700,163.2000,0.000087
FILLER_56_65,VGND,li1,38.1800,163.2000,0.000081
FILLER_56_53,VGND,li1,32.6600,163.2000,0.000056
FILLER_56_41,VGND,li1,27.1400,163.2000,0.000042
FILLER_56_29,VGND,li1,21.6200,163.2000,0.000036
FILLER_56_27,VGND,li1,18.1700,163.2000,0.000036
FILLER_56_15,VGND,li1,15.1800,163.2000,0.000036
FILLER_56_3,VGND,li1,9.6600,163.2000,0.000036
FILLER_55_818,VGND,li1,383.1800,163.2000,0.000303
FILLER_55_792,VGND,li1,371.2200,163.2000,0.000298
FILLER_55_780,VGND,li1,365.2400,163.2000,0.000292
FILLER_55_752,VGND,li1,352.3600,163.2000,0.000252
FILLER_55_741,VGND,li1,347.0700,163.2000,0.000225
FILLER_55_716,VGND,li1,336.7200,163.2000,0.000165
FILLER_55_710,VGND,li1,332.3500,163.2000,0.000138
FILLER_55_701,VGND,li1,328.4400,163.2000,0.000174
FILLER_55_689,VGND,li1,325.2200,163.2000,0.000192
FILLER_55_677,VGND,li1,319.7000,163.2000,0.000230
FILLER_55_670,VGND,li1,314.1800,163.2000,0.000275
FILLER_55_645,VGND,li1,302.4500,163.2000,0.000333
FILLER_55_641,VGND,li1,301.3000,163.2000,0.000344
FILLER_55_629,VGND,li1,297.6200,163.2000,0.000357
FILLER_55_617,VGND,li1,292.1000,163.2000,0.000379
FILLER_55_615,VGND,li1,288.6500,163.2000,0.000394
FILLER_55_609,VGND,li1,287.0400,163.2000,0.000408
FILLER_55_597,VGND,li1,282.9000,163.2000,0.000418
FILLER_55_576,VGND,li1,271.4000,163.2000,0.000451
FILLER_55_544,VGND,li1,257.1400,163.2000,0.000459
FILLER_55_519,VGND,li1,244.4900,163.2000,0.000456
FILLER_55_490,VGND,li1,231.8400,163.2000,0.000441
FILLER_55_475,VGND,li1,224.2500,163.2000,0.000421
FILLER_55_471,VGND,li1,223.1000,163.2000,0.000415
FILLER_55_449,VGND,li1,212.7500,163.2000,0.000364
FILLER_55_447,VGND,li1,211.3700,163.2000,0.000364
FILLER_55_420,VGND,li1,200.1000,163.2000,0.000301
FILLER_55_391,VGND,li1,185.6100,163.2000,0.000200
FILLER_55_383,VGND,li1,183.5400,163.2000,0.000179
FILLER_55_375,VGND,li1,178.2500,163.2000,0.000120
FILLER_55_371,VGND,li1,177.1000,163.2000,0.000120
FILLER_55_361,VGND,li1,172.2700,163.2000,0.000130
FILLER_55_341,VGND,li1,162.6100,163.2000,0.000149
FILLER_55_337,VGND,li1,161.4600,163.2000,0.000153
FILLER_55_335,VGND,li1,159.8500,163.2000,0.000157
FILLER_55_329,VGND,li1,158.2400,163.2000,0.000157
FILLER_55_319,VGND,li1,152.7200,163.2000,0.000166
FILLER_55_311,VGND,li1,150.4200,163.2000,0.000169
FILLER_55_304,VGND,li1,146.0500,163.2000,0.000176
FILLER_55_296,VGND,li1,143.5200,163.2000,0.000180
FILLER_55_288,VGND,li1,138.2300,163.2000,0.000188
FILLER_55_277,VGND,li1,133.6300,163.2000,0.000194
FILLER_55_269,VGND,li1,131.1000,163.2000,0.000197
FILLER_55_261,VGND,li1,126.0400,163.2000,0.000204
FILLER_55_253,VGND,li1,123.7400,163.2000,0.000207
FILLER_55_243,VGND,li1,117.9900,163.2000,0.000214
FILLER_55_233,VGND,li1,113.1600,163.2000,0.000215
FILLER_55_225,VGND,li1,110.8600,163.2000,0.000214
FILLER_55_216,VGND,li1,106.7200,163.2000,0.000210
FILLER_55_202,VGND,li1,98.6700,163.2000,0.000203
FILLER_55_188,VGND,li1,92.2300,163.2000,0.000196
FILLER_55_160,VGND,li1,80.9600,163.2000,0.000184
FILLER_55_148,VGND,li1,76.3600,163.2000,0.000177
FILLER_55_144,VGND,li1,71.9900,163.2000,0.000171
FILLER_55_140,VGND,li1,70.8400,163.2000,0.000168
FILLER_55_134,VGND,li1,67.8500,163.2000,0.000165
FILLER_55_126,VGND,li1,65.3200,163.2000,0.000159
FILLER_55_113,VGND,li1,58.4200,163.2000,0.000141
FILLER_55_111,VGND,li1,56.8100,163.2000,0.000141
FILLER_55_105,VGND,li1,55.2000,163.2000,0.000136
FILLER_55_93,VGND,li1,51.0600,163.2000,0.000122
FILLER_55_81,VGND,li1,45.5400,163.2000,0.000106
FILLER_55_69,VGND,li1,40.0200,163.2000,0.000087
FILLER_55_57,VGND,li1,34.5000,163.2000,0.000068
FILLER_55_55,VGND,li1,31.0500,163.2000,0.000056
FILLER_55_43,VGND,li1,28.0600,163.2000,0.000042
FILLER_55_31,VGND,li1,22.5400,163.2000,0.000036
FILLER_55_19,VGND,li1,17.0200,163.2000,0.000036
FILLER_55_7,VGND,li1,11.5000,163.2000,0.000036
FILLER_54_813,VGND,li1,379.7300,157.7600,0.000186
FILLER_54_811,VGND,li1,378.8100,157.7600,0.000186
FILLER_54_799,VGND,li1,375.8200,157.7600,0.000183
FILLER_54_787,VGND,li1,370.3000,157.7600,0.000179
FILLER_54_775,VGND,li1,364.7800,157.7600,0.000175
FILLER_54_757,VGND,li1,355.5800,157.7600,0.000164
FILLER_54_755,VGND,li1,353.0500,157.7600,0.000158
FILLER_54_747,VGND,li1,350.9800,157.7600,0.000153
FILLER_54_735,VGND,li1,346.3800,157.7600,0.000139
FILLER_54_716,VGND,li1,335.3400,157.7600,0.000092
FILLER_54_701,VGND,li1,328.4400,157.7600,0.000096
FILLER_54_696,VGND,li1,326.6000,157.7600,0.000105
FILLER_54_684,VGND,li1,322.9200,157.7600,0.000124
FILLER_54_672,VGND,li1,317.4000,157.7600,0.000146
FILLER_54_660,VGND,li1,311.8800,157.7600,0.000165
FILLER_54_653,VGND,li1,306.1300,157.7600,0.000189
FILLER_54_645,VGND,li1,304.0600,157.7600,0.000197
FILLER_54_640,VGND,li1,300.8400,157.7600,0.000217
FILLER_54_621,VGND,li1,291.4100,157.7600,0.000232
FILLER_54_610,VGND,li1,287.0400,157.7600,0.000236
FILLER_54_601,VGND,li1,282.4400,157.7600,0.000240
FILLER_54_589,VGND,li1,279.2200,157.7600,0.000241
FILLER_54_586,VGND,li1,275.5400,157.7600,0.000243
FILLER_54_575,VGND,li1,270.9400,157.7600,0.000242
FILLER_54_563,VGND,li1,267.2600,157.7600,0.000240
FILLER_54_551,VGND,li1,261.7400,157.7600,0.000236
FILLER_54_539,VGND,li1,256.2200,157.7600,0.000229
FILLER_54_520,VGND,li1,247.4800,157.7600,0.000221
FILLER_54_509,VGND,li1,241.0400,157.7600,0.000215
FILLER_54_497,VGND,li1,236.9000,157.7600,0.000209
FILLER_54_491,VGND,li1,231.8400,157.7600,0.000205
FILLER_54_477,VGND,li1,225.4000,157.7600,0.000192
FILLER_54_475,VGND,li1,224.2500,157.7600,0.000187
FILLER_54_471,VGND,li1,223.1000,157.7600,0.000187
FILLER_54_463,VGND,li1,218.7300,157.7600,0.000173
FILLER_54_454,VGND,li1,215.0500,157.7600,0.000167
FILLER_54_446,VGND,li1,212.5200,157.7600,0.000160
FILLER_54_421,VGND,li1,199.8700,157.7600,0.000124
FILLER_54_419,VGND,li1,198.4900,157.7600,0.000118
FILLER_54_413,VGND,li1,196.8800,157.7600,0.000118
FILLER_54_398,VGND,li1,189.2900,157.7600,0.000094
FILLER_54_390,VGND,li1,186.7600,157.7600,0.000084
FILLER_54_374,VGND,li1,178.9400,157.7600,0.000057
FILLER_54_353,VGND,li1,168.1300,157.7600,0.000078
FILLER_54_345,VGND,li1,166.0600,157.7600,0.000082
FILLER_54_331,VGND,li1,158.2400,157.7600,0.000092
FILLER_54_319,VGND,li1,155.0200,157.7600,0.000096
FILLER_54_309,VGND,li1,148.3500,157.7600,0.000104
FILLER_54_289,VGND,li1,141.2200,157.7600,0.000109
FILLER_54_279,VGND,li1,134.3200,157.7600,0.000116
FILLER_54_267,VGND,li1,131.1000,157.7600,0.000118
FILLER_54_253,VGND,li1,123.7400,157.7600,0.000122
FILLER_54_251,VGND,li1,121.2100,157.7600,0.000123
FILLER_54_243,VGND,li1,119.1400,157.7600,0.000124
FILLER_54_234,VGND,li1,113.6200,157.7600,0.000127
FILLER_54_222,VGND,li1,110.4000,157.7600,0.000129
FILLER_54_209,VGND,li1,102.1200,157.7600,0.000131
FILLER_54_197,VGND,li1,98.9000,157.7600,0.000131
FILLER_54_184,VGND,li1,92.9200,157.7600,0.000131
FILLER_54_179,VGND,li1,88.0900,157.7600,0.000129
FILLER_54_163,VGND,li1,82.3400,157.7600,0.000124
FILLER_54_154,VGND,li1,76.8200,157.7600,0.000120
FILLER_54_147,VGND,li1,73.3700,157.7600,0.000117
FILLER_54_136,VGND,li1,68.3100,157.7600,0.000112
FILLER_54_125,VGND,li1,63.9400,157.7600,0.000105
FILLER_54_113,VGND,li1,60.2600,157.7600,0.000102
FILLER_54_101,VGND,li1,54.7400,157.7600,0.000093
FILLER_54_65,VGND,li1,38.1800,157.7600,0.000059
FILLER_54_53,VGND,li1,32.6600,157.7600,0.000045
FILLER_54_41,VGND,li1,27.1400,157.7600,0.000031
FILLER_54_29,VGND,li1,21.6200,157.7600,0.000026
FILLER_54_27,VGND,li1,18.1700,157.7600,0.000026
FILLER_54_15,VGND,li1,15.1800,157.7600,0.000026
FILLER_54_3,VGND,li1,9.6600,157.7600,0.000026
FILLER_53_817,VGND,li1,382.0300,157.7600,0.000188
FILLER_53_809,VGND,li1,379.5000,157.7600,0.000186
FILLER_53_797,VGND,li1,374.9000,157.7600,0.000183
FILLER_53_785,VGND,li1,369.3800,157.7600,0.000179
FILLER_53_783,VGND,li1,365.9300,157.7600,0.000175
FILLER_53_777,VGND,li1,364.3200,157.7600,0.000175
FILLER_53_765,VGND,li1,360.1800,157.7600,0.000170
FILLER_53_729,VGND,li1,342.7000,157.7600,0.000126
FILLER_53_722,VGND,li1,339.0200,157.7600,0.000106
FILLER_53_710,VGND,li1,334.8800,157.7600,0.000092
FILLER_53_690,VGND,li1,323.1500,157.7600,0.000124
FILLER_53_683,VGND,li1,320.1600,157.7600,0.000136
FILLER_53_679,VGND,li1,318.0900,157.7600,0.000146
FILLER_53_673,VGND,li1,316.4800,157.7600,0.000146
FILLER_53_671,VGND,li1,314.4100,157.7600,0.000155
FILLER_53_665,VGND,li1,312.8000,157.7600,0.000165
FILLER_53_653,VGND,li1,308.6600,157.7600,0.000178
FILLER_53_641,VGND,li1,303.1400,157.7600,0.000206
FILLER_53_629,VGND,li1,297.6200,157.7600,0.000224
FILLER_53_623,VGND,li1,292.7900,157.7600,0.000232
FILLER_53_617,VGND,li1,289.8000,157.7600,0.000234
FILLER_53_613,VGND,li1,288.1900,157.7600,0.000236
FILLER_53_600,VGND,li1,282.2100,157.7600,0.000240
FILLER_53_589,VGND,li1,277.3800,157.7600,0.000242
FILLER_53_577,VGND,li1,273.7000,157.7600,0.000245
FILLER_53_568,VGND,li1,267.2600,157.7600,0.000240
FILLER_53_554,VGND,li1,260.5900,157.7600,0.000233
FILLER_53_548,VGND,li1,258.9800,157.7600,0.000233
FILLER_53_529,VGND,li1,249.0900,157.7600,0.000224
FILLER_53_517,VGND,li1,246.1000,157.7600,0.000221
FILLER_53_505,VGND,li1,240.5800,157.7600,0.000215
FILLER_53_503,VGND,li1,237.1300,157.7600,0.000209
FILLER_53_497,VGND,li1,235.5200,157.7600,0.000209
FILLER_53_485,VGND,li1,231.3800,157.7600,0.000202
FILLER_53_473,VGND,li1,225.8600,157.7600,0.000192
FILLER_53_461,VGND,li1,220.3400,157.7600,0.000181
FILLER_53_449,VGND,li1,214.8200,157.7600,0.000167
FILLER_53_440,VGND,li1,209.7600,157.7600,0.000154
FILLER_53_427,VGND,li1,203.3200,157.7600,0.000135
FILLER_53_417,VGND,li1,198.2600,157.7600,0.000118
FILLER_53_405,VGND,li1,194.5800,157.7600,0.000110
FILLER_53_393,VGND,li1,189.0600,157.7600,0.000094
FILLER_53_390,VGND,li1,185.3800,157.7600,0.000077
FILLER_53_382,VGND,li1,183.0800,157.7600,0.000069
FILLER_53_370,VGND,li1,178.4800,157.7600,0.000057
FILLER_53_358,VGND,li1,172.9600,157.7600,0.000071
FILLER_53_344,VGND,li1,163.9900,157.7600,0.000087
FILLER_53_337,VGND,li1,160.7700,157.7600,0.000090
FILLER_53_334,VGND,li1,159.6200,157.7600,0.000092
FILLER_53_322,VGND,li1,156.4000,157.7600,0.000096
FILLER_53_310,VGND,li1,150.8800,157.7600,0.000101
FILLER_53_301,VGND,li1,144.6700,157.7600,0.000106
FILLER_53_293,VGND,li1,142.1400,157.7600,0.000109
FILLER_53_281,VGND,li1,137.5400,157.7600,0.000113
FILLER_53_274,VGND,li1,132.9400,157.7600,0.000116
FILLER_53_264,VGND,li1,127.6500,157.7600,0.000119
FILLER_53_256,VGND,li1,123.5100,157.7600,0.000122
FILLER_53_252,VGND,li1,122.3600,157.7600,0.000123
FILLER_53_240,VGND,li1,118.6800,157.7600,0.000124
FILLER_53_233,VGND,li1,112.9300,157.7600,0.000127
FILLER_53_225,VGND,li1,110.8600,157.7600,0.000128
FILLER_53_220,VGND,li1,107.6400,157.7600,0.000129
FILLER_53_208,VGND,li1,103.9600,157.7600,0.000130
FILLER_53_196,VGND,li1,98.4400,157.7600,0.000131
FILLER_53_188,VGND,li1,92.2300,157.7600,0.000131
FILLER_53_176,VGND,li1,89.2400,157.7600,0.000129
FILLER_53_151,VGND,li1,75.9000,157.7600,0.000119
FILLER_53_146,VGND,li1,72.9100,157.7600,0.000117
FILLER_53_138,VGND,li1,69.6900,157.7600,0.000112
FILLER_53_123,VGND,li1,62.3300,157.7600,0.000105
FILLER_53_119,VGND,li1,60.4900,157.7600,0.000102
FILLER_53_113,VGND,li1,58.8800,157.7600,0.000098
FILLER_53_110,VGND,li1,56.5800,157.7600,0.000096
FILLER_53_100,VGND,li1,51.9800,157.7600,0.000088
FILLER_53_88,VGND,li1,48.7600,157.7600,0.000082
FILLER_53_81,VGND,li1,43.7000,157.7600,0.000070
FILLER_53_69,VGND,li1,40.0200,157.7600,0.000064
FILLER_53_57,VGND,li1,34.5000,157.7600,0.000050
FILLER_53_55,VGND,li1,31.0500,157.7600,0.000038
FILLER_53_51,VGND,li1,29.9000,157.7600,0.000038
FILLER_53_39,VGND,li1,26.2200,157.7600,0.000026
FILLER_53_27,VGND,li1,20.7000,157.7600,0.000026
FILLER_53_15,VGND,li1,15.1800,157.7600,0.000026
FILLER_53_3,VGND,li1,9.6600,157.7600,0.000026
FILLER_52_819,VGND,li1,382.4900,152.3200,0.000287
FILLER_52_813,VGND,li1,380.8800,152.3200,0.000287
FILLER_52_809,VGND,li1,378.3500,152.3200,0.000287
FILLER_52_801,VGND,li1,375.8200,152.3200,0.000284
FILLER_52_789,VGND,li1,371.2200,152.3200,0.000280
FILLER_52_777,VGND,li1,365.7000,152.3200,0.000274
FILLER_52_769,VGND,li1,359.4900,152.3200,0.000263
FILLER_52_757,VGND,li1,356.5000,152.3200,0.000251
FILLER_52_753,VGND,li1,352.5900,152.3200,0.000242
FILLER_52_748,VGND,li1,349.8300,152.3200,0.000231
FILLER_52_741,VGND,li1,347.0700,152.3200,0.000219
FILLER_52_729,VGND,li1,343.6200,152.3200,0.000202
FILLER_52_717,VGND,li1,335.8000,152.3200,0.000161
FILLER_52_709,VGND,li1,333.5000,152.3200,0.000147
FILLER_52_694,VGND,li1,326.1400,152.3200,0.000164
FILLER_52_672,VGND,li1,314.8700,152.3200,0.000246
FILLER_52_666,VGND,li1,313.2600,152.3200,0.000246
FILLER_52_653,VGND,li1,306.1300,152.3200,0.000290
FILLER_52_645,VGND,li1,302.4500,152.3200,0.000314
FILLER_52_630,VGND,li1,297.1600,152.3200,0.000347
FILLER_52_615,VGND,li1,291.1800,152.3200,0.000377
FILLER_52_589,VGND,li1,277.1500,152.3200,0.000465
FILLER_52_587,VGND,li1,275.7700,152.3200,0.000475
FILLER_52_581,VGND,li1,274.1600,152.3200,0.000475
FILLER_52_569,VGND,li1,270.0200,152.3200,0.000500
FILLER_52_546,VGND,li1,257.3700,152.3200,0.000577
FILLER_52_537,VGND,li1,253.9200,152.3200,0.000595
FILLER_52_531,VGND,li1,250.0100,152.3200,0.000610
FILLER_52_523,VGND,li1,246.3300,152.3200,0.000632
FILLER_52_515,VGND,li1,244.2600,152.3200,0.000647
FILLER_52_498,VGND,li1,237.3600,152.3200,0.000677
FILLER_52_481,VGND,li1,227.0100,152.3200,0.000693
FILLER_52_477,VGND,li1,225.8600,152.3200,0.000691
FILLER_52_468,VGND,li1,222.6400,152.3200,0.000690
FILLER_52_456,VGND,li1,218.0400,152.3200,0.000674
FILLER_52_446,VGND,li1,211.3700,152.3200,0.000624
FILLER_52_419,VGND,li1,198.4900,152.3200,0.000519
FILLER_52_413,VGND,li1,196.8800,152.3200,0.000496
FILLER_52_401,VGND,li1,192.7400,152.3200,0.000462
FILLER_52_389,VGND,li1,187.2200,152.3200,0.000391
FILLER_52_377,VGND,li1,181.7000,152.3200,0.000335
FILLER_52_365,VGND,li1,176.1800,152.3200,0.000318
FILLER_52_358,VGND,li1,171.5800,152.3200,0.000379
FILLER_52_346,VGND,li1,167.4400,152.3200,0.000430
FILLER_52_334,VGND,li1,161.9200,152.3200,0.000523
FILLER_52_313,VGND,li1,149.7300,152.3200,0.000599
FILLER_52_309,VGND,li1,148.5800,152.3200,0.000610
FILLER_52_304,VGND,li1,146.2800,152.3200,0.000621
FILLER_52_292,VGND,li1,142.6000,152.3200,0.000634
FILLER_52_270,VGND,li1,131.1000,152.3200,0.000673
FILLER_52_246,VGND,li1,120.0600,152.3200,0.000690
FILLER_52_228,VGND,li1,111.0900,152.3200,0.000668
FILLER_52_215,VGND,li1,105.1100,152.3200,0.000652
FILLER_52_203,VGND,li1,101.6600,152.3200,0.000639
FILLER_52_197,VGND,li1,96.3700,152.3200,0.000607
FILLER_52_193,VGND,li1,94.9900,152.3200,0.000607
FILLER_52_183,VGND,li1,90.6200,152.3200,0.000568
FILLER_52_174,VGND,li1,85.7900,152.3200,0.000546
FILLER_52_166,VGND,li1,83.7200,152.3200,0.000526
FILLER_52_161,VGND,li1,80.0400,152.3200,0.000505
FILLER_52_153,VGND,li1,77.7400,152.3200,0.000480
FILLER_52_141,VGND,li1,73.1400,152.3200,0.000457
FILLER_52_139,VGND,li1,69.6900,152.3200,0.000433
FILLER_52_131,VGND,li1,67.6200,152.3200,0.000416
FILLER_52_124,VGND,li1,63.0200,152.3200,0.000385
FILLER_52_113,VGND,li1,57.7300,152.3200,0.000338
FILLER_52_101,VGND,li1,54.7400,152.3200,0.000323
FILLER_52_97,VGND,li1,50.3700,152.3200,0.000284
FILLER_52_85,VGND,li1,47.3800,152.3200,0.000268
FILLER_52_83,VGND,li1,43.9300,152.3200,0.000236
FILLER_52_77,VGND,li1,42.3200,152.3200,0.000219
FILLER_52_65,VGND,li1,38.1800,152.3200,0.000192
FILLER_52_53,VGND,li1,32.6600,152.3200,0.000133
FILLER_52_41,VGND,li1,27.1400,152.3200,0.000100
FILLER_52_29,VGND,li1,21.6200,152.3200,0.000084
FILLER_52_27,VGND,li1,18.1700,152.3200,0.000084
FILLER_52_15,VGND,li1,15.1800,152.3200,0.000084
FILLER_52_3,VGND,li1,9.6600,152.3200,0.000085
FILLER_51_797,VGND,li1,373.0600,152.3200,0.000282
FILLER_51_785,VGND,li1,369.3800,152.3200,0.000279
FILLER_51_776,VGND,li1,364.3200,152.3200,0.000274
FILLER_51_744,VGND,li1,350.5200,152.3200,0.000231
FILLER_51_732,VGND,li1,345.0000,152.3200,0.000202
FILLER_51_718,VGND,li1,336.0300,152.3200,0.000161
FILLER_51_714,VGND,li1,334.8800,152.3200,0.000147
FILLER_51_702,VGND,li1,331.2000,152.3200,0.000131
FILLER_51_673,VGND,li1,315.3300,152.3200,0.000233
FILLER_51_671,VGND,li1,314.4100,152.3200,0.000246
FILLER_51_667,VGND,li1,313.2600,152.3200,0.000246
FILLER_51_655,VGND,li1,307.2800,152.3200,0.000290
FILLER_51_644,VGND,li1,302.2200,152.3200,0.000314
FILLER_51_636,VGND,li1,299.9200,152.3200,0.000326
FILLER_51_617,VGND,li1,292.1000,152.3200,0.000377
FILLER_51_615,VGND,li1,288.6500,152.3200,0.000392
FILLER_51_609,VGND,li1,287.0400,152.3200,0.000403
FILLER_51_594,VGND,li1,279.6800,152.3200,0.000446
FILLER_51_582,VGND,li1,276.0000,152.3200,0.000465
FILLER_51_573,VGND,li1,269.7900,152.3200,0.000500
FILLER_51_561,VGND,li1,266.3400,152.3200,0.000522
FILLER_51_559,VGND,li1,262.8900,152.3200,0.000543
FILLER_51_555,VGND,li1,261.7400,152.3200,0.000553
FILLER_51_543,VGND,li1,258.0600,152.3200,0.000566
FILLER_51_537,VGND,li1,252.7700,152.3200,0.000595
FILLER_51_531,VGND,li1,250.0100,152.3200,0.000610
FILLER_51_525,VGND,li1,248.4000,152.3200,0.000620
FILLER_51_505,VGND,li1,238.0500,152.3200,0.000677
FILLER_51_503,VGND,li1,237.1300,152.3200,0.000677
FILLER_51_473,VGND,li1,223.3300,152.3200,0.000690
FILLER_51_453,VGND,li1,214.3600,152.3200,0.000642
FILLER_51_447,VGND,li1,211.3700,152.3200,0.000624
FILLER_51_443,VGND,li1,210.2200,152.3200,0.000609
FILLER_51_437,VGND,li1,206.7700,152.3200,0.000587
FILLER_51_431,VGND,li1,205.1600,152.3200,0.000562
FILLER_51_387,VGND,li1,183.7700,152.3200,0.000361
FILLER_51_364,VGND,li1,173.1900,152.3200,0.000345
FILLER_51_358,VGND,li1,170.8900,152.3200,0.000379
FILLER_51_350,VGND,li1,168.3600,152.3200,0.000430
FILLER_51_322,VGND,li1,153.8700,152.3200,0.000584
FILLER_51_299,VGND,li1,143.2900,152.3200,0.000634
FILLER_51_293,VGND,li1,141.6800,152.3200,0.000634
FILLER_51_285,VGND,li1,136.8500,152.3200,0.000657
FILLER_51_281,VGND,li1,135.7000,152.3200,0.000657
FILLER_51_278,VGND,li1,133.8600,152.3200,0.000665
FILLER_51_266,VGND,li1,130.6400,152.3200,0.000673
FILLER_51_254,VGND,li1,125.1200,152.3200,0.000691
FILLER_51_232,VGND,li1,112.9300,152.3200,0.000678
FILLER_51_216,VGND,li1,105.3400,152.3200,0.000652
FILLER_51_208,VGND,li1,103.0400,152.3200,0.000639
FILLER_51_198,VGND,li1,97.2900,152.3200,0.000620
FILLER_51_190,VGND,li1,93.1500,152.3200,0.000595
FILLER_51_178,VGND,li1,90.1600,152.3200,0.000568
FILLER_51_169,VGND,li1,84.6400,152.3200,0.000526
FILLER_51_160,VGND,li1,80.9600,152.3200,0.000505
FILLER_51_148,VGND,li1,76.3600,152.3200,0.000480
FILLER_51_136,VGND,li1,70.8400,152.3200,0.000433
FILLER_51_124,VGND,li1,63.4800,152.3200,0.000385
FILLER_51_113,VGND,li1,58.8800,152.3200,0.000353
FILLER_51_110,VGND,li1,56.5800,152.3200,0.000338
FILLER_51_95,VGND,li1,49.4500,152.3200,0.000284
FILLER_51_86,VGND,li1,45.5400,152.3200,0.000253
FILLER_51_77,VGND,li1,41.4000,152.3200,0.000219
FILLER_51_69,VGND,li1,39.1000,152.3200,0.000192
FILLER_51_57,VGND,li1,34.5000,152.3200,0.000162
FILLER_51_55,VGND,li1,31.0500,152.3200,0.000133
FILLER_51_43,VGND,li1,28.0600,152.3200,0.000100
FILLER_51_31,VGND,li1,22.5400,152.3200,0.000084
FILLER_51_19,VGND,li1,17.0200,152.3200,0.000084
FILLER_51_7,VGND,li1,11.5000,152.3200,0.000085
FILLER_50_819,VGND,li1,382.4900,146.8800,0.000390
FILLER_50_813,VGND,li1,380.8800,146.8800,0.000390
FILLER_50_809,VGND,li1,378.3500,146.8800,0.000389
FILLER_50_801,VGND,li1,375.8200,146.8800,0.000389
FILLER_50_789,VGND,li1,371.2200,146.8800,0.000389
FILLER_50_777,VGND,li1,365.7000,146.8800,0.000388
FILLER_50_765,VGND,li1,360.1800,146.8800,0.000388
FILLER_50_757,VGND,li1,354.2000,146.8800,0.000377
FILLER_50_735,VGND,li1,343.8500,146.8800,0.000298
FILLER_50_727,VGND,li1,340.1700,146.8800,0.000242
FILLER_50_723,VGND,li1,339.0200,146.8800,0.000242
FILLER_50_717,VGND,li1,335.5700,146.8800,0.000182
FILLER_50_713,VGND,li1,334.4200,146.8800,0.000182
FILLER_50_701,VGND,li1,330.7400,146.8800,0.000157
FILLER_50_699,VGND,li1,327.2900,146.8800,0.000161
FILLER_50_695,VGND,li1,326.1400,146.8800,0.000164
FILLER_50_681,VGND,li1,319.7000,146.8800,0.000166
FILLER_50_669,VGND,li1,316.0200,146.8800,0.000166
FILLER_50_657,VGND,li1,310.5000,146.8800,0.000165
FILLER_50_645,VGND,li1,304.9800,146.8800,0.000164
FILLER_50_643,VGND,li1,301.5300,146.8800,0.000164
FILLER_50_639,VGND,li1,300.3800,146.8800,0.000164
FILLER_50_625,VGND,li1,294.8600,146.8800,0.000162
FILLER_50_613,VGND,li1,290.2600,146.8800,0.000161
FILLER_50_605,VGND,li1,284.2800,146.8800,0.000159
FILLER_50_593,VGND,li1,281.0600,146.8800,0.000158
FILLER_50_557,VGND,li1,264.5000,146.8800,0.000149
FILLER_50_545,VGND,li1,258.9800,146.8800,0.000144
FILLER_50_533,VGND,li1,253.4600,146.8800,0.000140
FILLER_50_530,VGND,li1,249.7800,146.8800,0.000137
FILLER_50_518,VGND,li1,246.5600,146.8800,0.000135
FILLER_50_501,VGND,li1,237.3600,146.8800,0.000127
FILLER_50_488,VGND,li1,230.6900,146.8800,0.000119
FILLER_50_477,VGND,li1,225.8600,146.8800,0.000114
FILLER_50_475,VGND,li1,224.2500,146.8800,0.000112
FILLER_50_469,VGND,li1,222.6400,146.8800,0.000112
FILLER_50_457,VGND,li1,218.5000,146.8800,0.000107
FILLER_50_432,VGND,li1,204.4700,146.8800,0.000091
FILLER_50_424,VGND,li1,202.4000,146.8800,0.000088
FILLER_50_417,VGND,li1,198.0300,146.8800,0.000083
FILLER_50_407,VGND,li1,193.4300,146.8800,0.000075
FILLER_50_400,VGND,li1,189.7500,146.8800,0.000072
FILLER_50_390,VGND,li1,185.6100,146.8800,0.000060
FILLER_50_348,VGND,li1,166.0600,146.8800,0.000066
FILLER_50_336,VGND,li1,162.8400,146.8800,0.000071
FILLER_50_321,VGND,li1,155.9400,146.8800,0.000081
FILLER_50_309,VGND,li1,150.4200,146.8800,0.000087
FILLER_50_304,VGND,li1,146.2800,146.8800,0.000091
FILLER_50_292,VGND,li1,142.6000,146.8800,0.000095
FILLER_50_280,VGND,li1,137.0800,146.8800,0.000098
FILLER_50_265,VGND,li1,129.2600,146.8800,0.000104
FILLER_50_253,VGND,li1,124.6600,146.8800,0.000108
FILLER_50_249,VGND,li1,120.7500,146.8800,0.000110
FILLER_50_237,VGND,li1,117.3000,146.8800,0.000112
FILLER_50_225,VGND,li1,111.7800,146.8800,0.000115
FILLER_50_213,VGND,li1,106.2600,146.8800,0.000118
FILLER_50_201,VGND,li1,100.7400,146.8800,0.000120
FILLER_50_195,VGND,li1,95.4500,146.8800,0.000122
FILLER_50_180,VGND,li1,88.7800,146.8800,0.000122
FILLER_50_165,VGND,li1,81.8800,146.8800,0.000119
FILLER_50_141,VGND,li1,72.2200,146.8800,0.000111
FILLER_50_139,VGND,li1,69.6900,146.8800,0.000109
FILLER_50_131,VGND,li1,67.6200,146.8800,0.000107
FILLER_50_117,VGND,li1,60.0300,146.8800,0.000098
FILLER_50_109,VGND,li1,57.5000,146.8800,0.000094
FILLER_50_97,VGND,li1,50.8300,146.8800,0.000079
FILLER_50_85,VGND,li1,47.3800,146.8800,0.000075
FILLER_50_83,VGND,li1,43.9300,146.8800,0.000063
FILLER_50_77,VGND,li1,42.3200,146.8800,0.000063
FILLER_50_65,VGND,li1,38.1800,146.8800,0.000053
FILLER_50_53,VGND,li1,32.6600,146.8800,0.000040
FILLER_50_41,VGND,li1,27.1400,146.8800,0.000028
FILLER_50_29,VGND,li1,21.6200,146.8800,0.000023
FILLER_50_27,VGND,li1,18.1700,146.8800,0.000023
FILLER_50_15,VGND,li1,15.1800,146.8800,0.000023
FILLER_50_3,VGND,li1,9.6600,146.8800,0.000023
FILLER_49_817,VGND,li1,382.0300,146.8800,0.000390
FILLER_49_809,VGND,li1,379.5000,146.8800,0.000389
FILLER_49_797,VGND,li1,374.9000,146.8800,0.000389
FILLER_49_785,VGND,li1,369.3800,146.8800,0.000389
FILLER_49_781,VGND,li1,365.4700,146.8800,0.000388
FILLER_49_769,VGND,li1,362.0200,146.8800,0.000388
FILLER_49_739,VGND,li1,346.1500,146.8800,0.000321
FILLER_49_701,VGND,li1,328.2100,146.8800,0.000161
FILLER_49_697,VGND,li1,327.0600,146.8800,0.000161
FILLER_49_686,VGND,li1,321.3100,146.8800,0.000166
FILLER_49_678,VGND,li1,319.2400,146.8800,0.000166
FILLER_49_670,VGND,li1,314.1800,146.8800,0.000166
FILLER_49_653,VGND,li1,306.1300,146.8800,0.000164
FILLER_49_647,VGND,li1,304.5200,146.8800,0.000164
FILLER_49_635,VGND,li1,298.0800,146.8800,0.000163
FILLER_49_627,VGND,li1,294.1700,146.8800,0.000162
FILLER_49_611,VGND,li1,287.0400,146.8800,0.000160
FILLER_49_601,VGND,li1,282.6700,146.8800,0.000159
FILLER_49_591,VGND,li1,278.0700,146.8800,0.000157
FILLER_49_583,VGND,li1,275.5400,146.8800,0.000156
FILLER_49_574,VGND,li1,270.0200,146.8800,0.000153
FILLER_49_557,VGND,li1,262.4300,146.8800,0.000148
FILLER_49_548,VGND,li1,258.0600,146.8800,0.000144
FILLER_49_540,VGND,li1,255.7600,146.8800,0.000142
FILLER_49_528,VGND,li1,251.1600,146.8800,0.000137
FILLER_49_523,VGND,li1,246.3300,146.8800,0.000135
FILLER_49_517,VGND,li1,244.7200,146.8800,0.000132
FILLER_49_505,VGND,li1,240.5800,146.8800,0.000129
FILLER_49_501,VGND,li1,236.6700,146.8800,0.000125
FILLER_49_489,VGND,li1,233.2200,146.8800,0.000123
FILLER_49_479,VGND,li1,227.2400,146.8800,0.000117
FILLER_49_473,VGND,li1,223.3300,146.8800,0.000112
FILLER_49_461,VGND,li1,220.3400,146.8800,0.000109
FILLER_49_449,VGND,li1,214.8200,146.8800,0.000103
FILLER_49_447,VGND,li1,211.3700,146.8800,0.000099
FILLER_49_441,VGND,li1,209.7600,146.8800,0.000097
FILLER_49_423,VGND,li1,202.8600,146.8800,0.000088
FILLER_49_411,VGND,li1,197.3400,146.8800,0.000080
FILLER_49_399,VGND,li1,191.8200,146.8800,0.000075
FILLER_49_370,VGND,li1,175.9500,146.8800,0.000051
FILLER_49_357,VGND,li1,169.9700,146.8800,0.000059
FILLER_49_337,VGND,li1,161.2300,146.8800,0.000076
FILLER_49_335,VGND,li1,159.8500,146.8800,0.000076
FILLER_49_327,VGND,li1,157.7800,146.8800,0.000079
FILLER_49_320,VGND,li1,153.6400,146.8800,0.000083
FILLER_49_308,VGND,li1,149.9600,146.8800,0.000087
FILLER_49_303,VGND,li1,145.3600,146.8800,0.000091
FILLER_49_281,VGND,li1,137.5400,146.8800,0.000098
FILLER_49_278,VGND,li1,133.8600,146.8800,0.000103
FILLER_49_269,VGND,li1,129.4900,146.8800,0.000104
FILLER_49_261,VGND,li1,127.4200,146.8800,0.000106
FILLER_49_237,VGND,li1,117.3000,146.8800,0.000112
FILLER_49_225,VGND,li1,111.7800,146.8800,0.000115
FILLER_49_223,VGND,li1,108.3300,146.8800,0.000116
FILLER_49_208,VGND,li1,103.0400,146.8800,0.000119
FILLER_49_201,VGND,li1,98.4400,146.8800,0.000121
FILLER_49_189,VGND,li1,95.2200,146.8800,0.000122
FILLER_49_177,VGND,li1,89.7000,146.8800,0.000122
FILLER_49_166,VGND,li1,82.3400,146.8800,0.000119
FILLER_49_142,VGND,li1,71.0700,146.8800,0.000109
FILLER_49_138,VGND,li1,69.9200,146.8800,0.000109
FILLER_49_126,VGND,li1,66.2400,146.8800,0.000104
FILLER_49_113,VGND,li1,58.8800,146.8800,0.000094
FILLER_49_104,VGND,li1,55.2000,146.8800,0.000091
FILLER_49_93,VGND,li1,49.2200,146.8800,0.000079
FILLER_49_81,VGND,li1,45.5400,146.8800,0.000068
FILLER_49_69,VGND,li1,40.0200,146.8800,0.000058
FILLER_49_57,VGND,li1,34.5000,146.8800,0.000045
FILLER_49_55,VGND,li1,31.0500,146.8800,0.000034
FILLER_49_51,VGND,li1,29.9000,146.8800,0.000034
FILLER_49_39,VGND,li1,26.2200,146.8800,0.000023
FILLER_49_27,VGND,li1,20.7000,146.8800,0.000023
FILLER_49_15,VGND,li1,15.1800,146.8800,0.000023
FILLER_49_3,VGND,li1,9.6600,146.8800,0.000023
FILLER_48_821,VGND,li1,383.8700,141.4400,0.000244
FILLER_48_813,VGND,li1,381.3400,141.4400,0.000244
FILLER_48_811,VGND,li1,378.8100,141.4400,0.000244
FILLER_48_805,VGND,li1,377.2000,141.4400,0.000244
FILLER_48_793,VGND,li1,373.0600,141.4400,0.000244
FILLER_48_772,VGND,li1,360.8700,141.4400,0.000243
FILLER_48_764,VGND,li1,358.8000,141.4400,0.000243
FILLER_48_754,VGND,li1,352.8200,141.4400,0.000236
FILLER_48_726,VGND,li1,339.7100,141.4400,0.000168
FILLER_48_722,VGND,li1,338.5600,141.4400,0.000149
FILLER_48_713,VGND,li1,333.7300,141.4400,0.000116
FILLER_48_701,VGND,li1,330.7400,141.4400,0.000127
FILLER_48_699,VGND,li1,327.2900,141.4400,0.000142
FILLER_48_693,VGND,li1,325.6800,141.4400,0.000142
FILLER_48_681,VGND,li1,319.7000,141.4400,0.000155
FILLER_48_669,VGND,li1,316.0200,141.4400,0.000156
FILLER_48_657,VGND,li1,308.2000,141.4400,0.000157
FILLER_48_645,VGND,li1,304.9800,141.4400,0.000157
FILLER_48_643,VGND,li1,301.5300,141.4400,0.000157
FILLER_48_639,VGND,li1,300.3800,141.4400,0.000157
FILLER_48_605,VGND,li1,284.0500,141.4400,0.000156
FILLER_48_593,VGND,li1,281.0600,141.4400,0.000156
FILLER_48_589,VGND,li1,276.6900,141.4400,0.000156
FILLER_48_582,VGND,li1,274.6200,141.4400,0.000155
FILLER_48_569,VGND,li1,267.7200,141.4400,0.000153
FILLER_48_560,VGND,li1,264.0400,141.4400,0.000153
FILLER_48_552,VGND,li1,259.9000,141.4400,0.000151
FILLER_48_529,VGND,li1,249.5500,141.4400,0.000148
FILLER_48_521,VGND,li1,245.4100,141.4400,0.000145
FILLER_48_513,VGND,li1,243.3400,141.4400,0.000144
FILLER_48_502,VGND,li1,236.6700,141.4400,0.000141
FILLER_48_496,VGND,li1,235.0600,141.4400,0.000139
FILLER_48_488,VGND,li1,230.2300,141.4400,0.000136
FILLER_48_484,VGND,li1,229.0800,141.4400,0.000136
FILLER_48_467,VGND,li1,221.0300,141.4400,0.000130
FILLER_48_459,VGND,li1,216.8900,141.4400,0.000126
FILLER_48_446,VGND,li1,211.1400,141.4400,0.000119
FILLER_48_434,VGND,li1,207.9200,141.4400,0.000114
FILLER_48_419,VGND,li1,198.4900,141.4400,0.000101
FILLER_48_411,VGND,li1,196.4200,141.4400,0.000096
FILLER_48_399,VGND,li1,191.8200,141.4400,0.000088
FILLER_48_387,VGND,li1,186.3000,141.4400,0.000076
FILLER_48_375,VGND,li1,180.7800,141.4400,0.000062
FILLER_48_365,VGND,li1,174.8000,141.4400,0.000073
FILLER_48_358,VGND,li1,171.5800,141.4400,0.000079
FILLER_48_346,VGND,li1,167.4400,141.4400,0.000091
FILLER_48_341,VGND,li1,162.6100,141.4400,0.000109
FILLER_48_337,VGND,li1,161.4600,141.4400,0.000109
FILLER_48_313,VGND,li1,149.7300,141.4400,0.000142
FILLER_48_309,VGND,li1,148.5800,141.4400,0.000148
FILLER_48_307,VGND,li1,146.9700,141.4400,0.000153
FILLER_48_301,VGND,li1,145.3600,141.4400,0.000153
FILLER_48_263,VGND,li1,126.7300,141.4400,0.000201
FILLER_48_259,VGND,li1,125.5800,141.4400,0.000205
FILLER_48_239,VGND,li1,116.8400,141.4400,0.000225
FILLER_48_205,VGND,li1,100.0500,141.4400,0.000218
FILLER_48_197,VGND,li1,96.3700,141.4400,0.000212
FILLER_48_186,VGND,li1,92.4600,141.4400,0.000208
FILLER_48_174,VGND,li1,88.3200,141.4400,0.000204
FILLER_48_141,VGND,li1,71.3000,141.4400,0.000179
FILLER_48_139,VGND,li1,69.6900,141.4400,0.000176
FILLER_48_133,VGND,li1,68.0800,141.4400,0.000176
FILLER_48_120,VGND,li1,60.9500,141.4400,0.000163
FILLER_48_112,VGND,li1,58.8800,141.4400,0.000159
FILLER_48_97,VGND,li1,51.0600,141.4400,0.000138
FILLER_48_85,VGND,li1,47.3800,141.4400,0.000126
FILLER_48_83,VGND,li1,43.9300,141.4400,0.000106
FILLER_48_77,VGND,li1,42.3200,141.4400,0.000106
FILLER_48_65,VGND,li1,38.1800,141.4400,0.000090
FILLER_48_53,VGND,li1,32.6600,141.4400,0.000069
FILLER_48_41,VGND,li1,27.1400,141.4400,0.000047
FILLER_48_29,VGND,li1,21.6200,141.4400,0.000039
FILLER_48_27,VGND,li1,18.1700,141.4400,0.000039
FILLER_48_15,VGND,li1,15.1800,141.4400,0.000039
FILLER_48_3,VGND,li1,9.6600,141.4400,0.000039
FILLER_47_813,VGND,li1,379.7300,141.4400,0.000244
FILLER_47_809,VGND,li1,378.5800,141.4400,0.000244
FILLER_47_797,VGND,li1,374.9000,141.4400,0.000244
FILLER_47_785,VGND,li1,369.3800,141.4400,0.000244
FILLER_47_782,VGND,li1,365.7000,141.4400,0.000243
FILLER_47_770,VGND,li1,362.4800,141.4400,0.000243
FILLER_47_758,VGND,li1,356.9600,141.4400,0.000243
FILLER_47_746,VGND,li1,351.4400,141.4400,0.000236
FILLER_47_734,VGND,li1,345.9200,141.4400,0.000209
FILLER_47_729,VGND,li1,341.0900,141.4400,0.000168
FILLER_47_727,VGND,li1,340.1700,141.4400,0.000168
FILLER_47_719,VGND,li1,338.1000,141.4400,0.000149
FILLER_47_707,VGND,li1,333.5000,141.4400,0.000116
FILLER_47_694,VGND,li1,326.6000,141.4400,0.000142
FILLER_47_685,VGND,li1,321.0800,141.4400,0.000155
FILLER_47_673,VGND,li1,317.8600,141.4400,0.000155
FILLER_47_670,VGND,li1,314.1800,141.4400,0.000156
FILLER_47_658,VGND,li1,310.9600,141.4400,0.000156
FILLER_47_646,VGND,li1,305.4400,141.4400,0.000157
FILLER_47_634,VGND,li1,299.9200,141.4400,0.000157
FILLER_47_622,VGND,li1,294.4000,141.4400,0.000157
FILLER_47_615,VGND,li1,288.6500,141.4400,0.000157
FILLER_47_609,VGND,li1,286.1200,141.4400,0.000157
FILLER_47_597,VGND,li1,282.9000,141.4400,0.000156
FILLER_47_585,VGND,li1,277.3800,141.4400,0.000156
FILLER_47_573,VGND,li1,271.8600,141.4400,0.000155
FILLER_47_561,VGND,li1,266.3400,141.4400,0.000153
FILLER_47_554,VGND,li1,261.7400,141.4400,0.000152
FILLER_47_534,VGND,li1,251.6200,141.4400,0.000149
FILLER_47_527,VGND,li1,248.1700,141.4400,0.000146
FILLER_47_515,VGND,li1,245.1800,141.4400,0.000145
FILLER_47_505,VGND,li1,238.5100,141.4400,0.000142
FILLER_47_503,VGND,li1,237.1300,141.4400,0.000141
FILLER_47_491,VGND,li1,234.1400,141.4400,0.000139
FILLER_47_479,VGND,li1,228.6200,141.4400,0.000136
FILLER_47_467,VGND,li1,221.7200,141.4400,0.000130
FILLER_47_455,VGND,li1,217.5800,141.4400,0.000128
FILLER_47_449,VGND,li1,212.7500,141.4400,0.000122
FILLER_47_447,VGND,li1,211.3700,141.4400,0.000119
FILLER_47_443,VGND,li1,210.2200,141.4400,0.000119
FILLER_47_437,VGND,li1,206.7700,141.4400,0.000114
FILLER_47_431,VGND,li1,205.1600,141.4400,0.000110
FILLER_47_416,VGND,li1,197.3400,141.4400,0.000096
FILLER_47_393,VGND,li1,186.5300,141.4400,0.000076
FILLER_47_376,VGND,li1,179.1700,141.4400,0.000057
FILLER_47_361,VGND,li1,173.4200,141.4400,0.000073
FILLER_47_349,VGND,li1,168.8200,141.4400,0.000091
FILLER_47_337,VGND,li1,163.3000,141.4400,0.000103
FILLER_47_328,VGND,li1,158.2400,141.4400,0.000120
FILLER_47_313,VGND,li1,150.8800,141.4400,0.000142
FILLER_47_305,VGND,li1,146.0500,141.4400,0.000153
FILLER_47_293,VGND,li1,143.0600,141.4400,0.000160
FILLER_47_281,VGND,li1,137.5400,141.4400,0.000174
FILLER_47_279,VGND,li1,134.0900,141.4400,0.000183
FILLER_47_275,VGND,li1,132.2500,141.4400,0.000187
FILLER_47_267,VGND,li1,128.5700,141.4400,0.000196
FILLER_47_261,VGND,li1,126.9600,141.4400,0.000201
FILLER_47_251,VGND,li1,121.2100,141.4400,0.000217
FILLER_47_242,VGND,li1,117.5300,141.4400,0.000221
FILLER_47_229,VGND,li1,111.0900,141.4400,0.000228
FILLER_47_225,VGND,li1,109.9400,141.4400,0.000228
FILLER_47_213,VGND,li1,104.1900,141.4400,0.000222
FILLER_47_205,VGND,li1,101.6600,141.4400,0.000218
FILLER_47_197,VGND,li1,96.3700,141.4400,0.000212
FILLER_47_193,VGND,li1,95.2200,141.4400,0.000212
FILLER_47_181,VGND,li1,91.5400,141.4400,0.000208
FILLER_47_169,VGND,li1,86.0200,141.4400,0.000200
FILLER_47_164,VGND,li1,81.1900,141.4400,0.000193
FILLER_47_158,VGND,li1,79.5800,141.4400,0.000193
FILLER_47_146,VGND,li1,75.4400,141.4400,0.000187
FILLER_47_134,VGND,li1,69.9200,141.4400,0.000179
FILLER_47_113,VGND,li1,59.3400,141.4400,0.000159
FILLER_47_111,VGND,li1,56.8100,141.4400,0.000152
FILLER_47_107,VGND,li1,55.6600,141.4400,0.000152
FILLER_47_95,VGND,li1,51.9800,141.4400,0.000138
FILLER_47_69,VGND,li1,40.0200,141.4400,0.000097
FILLER_47_57,VGND,li1,34.5000,141.4400,0.000076
FILLER_47_55,VGND,li1,31.0500,141.4400,0.000058
FILLER_47_51,VGND,li1,29.9000,141.4400,0.000058
FILLER_47_39,VGND,li1,26.2200,141.4400,0.000039
FILLER_47_27,VGND,li1,20.7000,141.4400,0.000039
FILLER_47_15,VGND,li1,15.1800,141.4400,0.000039
FILLER_47_3,VGND,li1,9.6600,141.4400,0.000039
FILLER_46_819,VGND,li1,382.4900,136.0000,0.001295
FILLER_46_813,VGND,li1,380.8800,136.0000,0.001295
FILLER_46_811,VGND,li1,378.8100,136.0000,0.001293
FILLER_46_803,VGND,li1,376.7400,136.0000,0.001292
FILLER_46_791,VGND,li1,372.1400,136.0000,0.001289
FILLER_46_770,VGND,li1,359.9500,136.0000,0.001267
FILLER_46_764,VGND,li1,358.3400,136.0000,0.001267
FILLER_46_750,VGND,li1,351.9000,136.0000,0.001228
FILLER_46_741,VGND,li1,347.7600,136.0000,0.001173
FILLER_46_730,VGND,li1,341.7800,136.0000,0.001004
FILLER_46_718,VGND,li1,338.5600,136.0000,0.000936
FILLER_46_701,VGND,li1,328.4400,136.0000,0.000822
FILLER_46_696,VGND,li1,326.6000,136.0000,0.000873
FILLER_46_688,VGND,li1,322.4600,136.0000,0.000987
FILLER_46_676,VGND,li1,319.2400,136.0000,0.001072
FILLER_46_652,VGND,li1,306.8200,136.0000,0.001365
FILLER_46_642,VGND,li1,301.3000,136.0000,0.001447
FILLER_46_631,VGND,li1,296.0100,136.0000,0.001497
FILLER_46_625,VGND,li1,294.4000,136.0000,0.001497
FILLER_46_613,VGND,li1,290.2600,136.0000,0.001535
FILLER_46_601,VGND,li1,284.7400,136.0000,0.001565
FILLER_46_581,VGND,li1,273.0100,136.0000,0.001595
FILLER_46_577,VGND,li1,271.8600,136.0000,0.001595
FILLER_46_565,VGND,li1,268.1800,136.0000,0.001572
FILLER_46_556,VGND,li1,261.5100,136.0000,0.001519
FILLER_46_550,VGND,li1,259.9000,136.0000,0.001519
FILLER_46_541,VGND,li1,254.8400,136.0000,0.001484
FILLER_46_533,VGND,li1,252.5400,136.0000,0.001468
FILLER_46_531,VGND,li1,250.0100,136.0000,0.001450
FILLER_46_506,VGND,li1,239.2000,136.0000,0.001340
FILLER_46_494,VGND,li1,235.5200,136.0000,0.001271
FILLER_46_477,VGND,li1,225.8600,136.0000,0.001112
FILLER_46_475,VGND,li1,224.2500,136.0000,0.001112
FILLER_46_467,VGND,li1,222.1800,136.0000,0.001078
FILLER_46_456,VGND,li1,215.5100,136.0000,0.000969
FILLER_46_448,VGND,li1,213.4400,136.0000,0.000934
FILLER_46_427,VGND,li1,203.7800,136.0000,0.000744
FILLER_46_419,VGND,li1,198.4900,136.0000,0.000655
FILLER_46_415,VGND,li1,197.3400,136.0000,0.000655
FILLER_46_403,VGND,li1,193.6600,136.0000,0.000562
FILLER_46_387,VGND,li1,184.2300,136.0000,0.000393
FILLER_46_379,VGND,li1,181.7000,136.0000,0.000344
FILLER_46_373,VGND,li1,177.3300,136.0000,0.000252
FILLER_46_365,VGND,li1,175.2600,136.0000,0.000261
FILLER_46_361,VGND,li1,172.2700,136.0000,0.000272
FILLER_46_336,VGND,li1,160.7700,136.0000,0.000307
FILLER_46_328,VGND,li1,158.2400,136.0000,0.000310
FILLER_46_320,VGND,li1,152.9500,136.0000,0.000317
FILLER_46_314,VGND,li1,151.3400,136.0000,0.000317
FILLER_46_294,VGND,li1,142.1400,136.0000,0.000326
FILLER_46_282,VGND,li1,138.0000,136.0000,0.000331
FILLER_46_270,VGND,li1,132.4800,136.0000,0.000335
FILLER_46_258,VGND,li1,126.9600,136.0000,0.000338
FILLER_46_253,VGND,li1,122.3600,136.0000,0.000340
FILLER_46_251,VGND,li1,121.2100,136.0000,0.000342
FILLER_46_239,VGND,li1,118.2200,136.0000,0.000343
FILLER_46_227,VGND,li1,112.7000,136.0000,0.000345
FILLER_46_215,VGND,li1,107.1800,136.0000,0.000332
FILLER_46_203,VGND,li1,101.6600,136.0000,0.000324
FILLER_46_197,VGND,li1,96.3700,136.0000,0.000310
FILLER_46_193,VGND,li1,94.9900,136.0000,0.000310
FILLER_46_185,VGND,li1,92.4600,136.0000,0.000305
FILLER_46_167,VGND,li1,82.5700,136.0000,0.000279
FILLER_46_141,VGND,li1,70.8400,136.0000,0.000252
FILLER_46_136,VGND,li1,69.0000,136.0000,0.000245
FILLER_46_124,VGND,li1,65.3200,136.0000,0.000239
FILLER_46_117,VGND,li1,59.8000,136.0000,0.000220
FILLER_46_109,VGND,li1,57.5000,136.0000,0.000209
FILLER_46_97,VGND,li1,52.9000,136.0000,0.000187
FILLER_46_85,VGND,li1,47.3800,136.0000,0.000160
FILLER_46_83,VGND,li1,43.9300,136.0000,0.000135
FILLER_46_77,VGND,li1,42.3200,136.0000,0.000135
FILLER_46_65,VGND,li1,38.1800,136.0000,0.000114
FILLER_46_53,VGND,li1,32.6600,136.0000,0.000087
FILLER_46_41,VGND,li1,27.1400,136.0000,0.000059
FILLER_46_29,VGND,li1,21.6200,136.0000,0.000050
FILLER_46_27,VGND,li1,18.1700,136.0000,0.000050
FILLER_46_15,VGND,li1,15.1800,136.0000,0.000050
FILLER_46_3,VGND,li1,9.6600,136.0000,0.000050
FILLER_45_817,VGND,li1,382.0300,136.0000,0.001295
FILLER_45_809,VGND,li1,379.5000,136.0000,0.001293
FILLER_45_797,VGND,li1,374.9000,136.0000,0.001291
FILLER_45_785,VGND,li1,369.3800,136.0000,0.001287
FILLER_45_761,VGND,li1,356.2700,136.0000,0.001260
FILLER_45_741,VGND,li1,346.6100,136.0000,0.001135
FILLER_45_709,VGND,li1,332.1200,136.0000,0.000712
FILLER_45_700,VGND,li1,328.2100,136.0000,0.000873
FILLER_45_688,VGND,li1,324.7600,136.0000,0.000938
FILLER_45_673,VGND,li1,316.9400,136.0000,0.001132
FILLER_45_671,VGND,li1,314.4100,136.0000,0.001198
FILLER_45_663,VGND,li1,312.3400,136.0000,0.001251
FILLER_45_653,VGND,li1,306.5900,136.0000,0.001365
FILLER_45_645,VGND,li1,304.0600,136.0000,0.001404
FILLER_45_639,VGND,li1,300.1500,136.0000,0.001447
FILLER_45_629,VGND,li1,295.5500,136.0000,0.001497
FILLER_45_617,VGND,li1,292.1000,136.0000,0.001513
FILLER_45_615,VGND,li1,288.6500,136.0000,0.001549
FILLER_45_609,VGND,li1,287.0400,136.0000,0.001549
FILLER_45_597,VGND,li1,282.9000,136.0000,0.001578
FILLER_45_582,VGND,li1,273.7000,136.0000,0.001605
FILLER_45_572,VGND,li1,269.3300,136.0000,0.001572
FILLER_45_561,VGND,li1,263.8100,136.0000,0.001540
FILLER_45_559,VGND,li1,262.8900,136.0000,0.001540
FILLER_45_553,VGND,li1,261.2800,136.0000,0.001519
FILLER_45_541,VGND,li1,257.1400,136.0000,0.001498
FILLER_45_529,VGND,li1,251.6200,136.0000,0.001450
FILLER_45_517,VGND,li1,246.1000,136.0000,0.001414
FILLER_45_505,VGND,li1,240.5800,136.0000,0.001340
FILLER_45_501,VGND,li1,236.6700,136.0000,0.001304
FILLER_45_480,VGND,li1,226.5500,136.0000,0.001150
FILLER_45_474,VGND,li1,224.9400,136.0000,0.001112
FILLER_45_462,VGND,li1,220.8000,136.0000,0.001037
FILLER_45_449,VGND,li1,213.9000,136.0000,0.000934
FILLER_45_447,VGND,li1,211.3700,136.0000,0.000899
FILLER_45_439,VGND,li1,209.3000,136.0000,0.000853
FILLER_45_409,VGND,li1,195.5000,136.0000,0.000623
FILLER_45_401,VGND,li1,190.2100,136.0000,0.000523
FILLER_45_393,VGND,li1,188.1400,136.0000,0.000475
FILLER_45_384,VGND,li1,184.0000,136.0000,0.000393
FILLER_45_372,VGND,li1,179.4000,136.0000,0.000295
FILLER_45_364,VGND,li1,173.1900,136.0000,0.000272
FILLER_45_360,VGND,li1,172.0400,136.0000,0.000272
FILLER_45_348,VGND,li1,168.3600,136.0000,0.000285
FILLER_45_337,VGND,li1,161.0000,136.0000,0.000307
FILLER_45_328,VGND,li1,158.2400,136.0000,0.000310
FILLER_45_316,VGND,li1,153.6400,136.0000,0.000315
FILLER_45_304,VGND,li1,148.1200,136.0000,0.000320
FILLER_45_296,VGND,li1,142.1400,136.0000,0.000326
FILLER_45_288,VGND,li1,139.8400,136.0000,0.000328
FILLER_45_279,VGND,li1,134.0900,136.0000,0.000333
FILLER_45_267,VGND,li1,131.1000,136.0000,0.000335
FILLER_45_248,VGND,li1,120.0600,136.0000,0.000342
FILLER_45_240,VGND,li1,117.7600,136.0000,0.000343
FILLER_45_222,VGND,li1,108.1000,136.0000,0.000336
FILLER_45_214,VGND,li1,105.8000,136.0000,0.000332
FILLER_45_206,VGND,li1,100.5100,136.0000,0.000320
FILLER_45_184,VGND,li1,92.9200,136.0000,0.000305
FILLER_45_177,VGND,li1,87.4000,136.0000,0.000294
FILLER_45_169,VGND,li1,85.1000,136.0000,0.000288
FILLER_45_158,VGND,li1,79.1200,136.0000,0.000270
FILLER_45_146,VGND,li1,75.4400,136.0000,0.000263
FILLER_45_131,VGND,li1,67.6200,136.0000,0.000245
FILLER_45_113,VGND,li1,57.7300,136.0000,0.000209
FILLER_45_111,VGND,li1,56.8100,136.0000,0.000198
FILLER_45_105,VGND,li1,55.2000,136.0000,0.000198
FILLER_45_93,VGND,li1,51.0600,136.0000,0.000178
FILLER_45_81,VGND,li1,45.5400,136.0000,0.000145
FILLER_45_69,VGND,li1,40.0200,136.0000,0.000123
FILLER_45_57,VGND,li1,34.5000,136.0000,0.000096
FILLER_45_55,VGND,li1,31.0500,136.0000,0.000073
FILLER_45_51,VGND,li1,29.9000,136.0000,0.000073
FILLER_45_39,VGND,li1,26.2200,136.0000,0.000050
FILLER_45_27,VGND,li1,20.7000,136.0000,0.000050
FILLER_45_15,VGND,li1,15.1800,136.0000,0.000050
FILLER_45_3,VGND,li1,9.6600,136.0000,0.000050
FILLER_44_821,VGND,li1,383.8700,130.5600,0.000708
FILLER_44_813,VGND,li1,381.3400,130.5600,0.000708
FILLER_44_811,VGND,li1,378.8100,130.5600,0.000708
FILLER_44_805,VGND,li1,377.2000,130.5600,0.000708
FILLER_44_793,VGND,li1,373.0600,130.5600,0.000708
FILLER_44_781,VGND,li1,367.5400,130.5600,0.000708
FILLER_44_769,VGND,li1,362.0200,130.5600,0.000708
FILLER_44_757,VGND,li1,356.5000,130.5600,0.000708
FILLER_44_749,VGND,li1,350.2900,130.5600,0.000702
FILLER_44_740,VGND,li1,346.6100,130.5600,0.000673
FILLER_44_728,VGND,li1,343.1600,130.5600,0.000653
FILLER_44_721,VGND,li1,337.6400,130.5600,0.000607
FILLER_44_713,VGND,li1,335.3400,130.5600,0.000583
FILLER_44_701,VGND,li1,330.7400,130.5600,0.000623
FILLER_44_699,VGND,li1,327.2900,130.5600,0.000784
FILLER_44_693,VGND,li1,325.6800,130.5600,0.000784
FILLER_44_653,VGND,li1,306.5900,130.5600,0.001370
FILLER_44_645,VGND,li1,304.0600,130.5600,0.001404
FILLER_44_642,VGND,li1,301.3000,130.5600,0.001446
FILLER_44_628,VGND,li1,294.8600,130.5600,0.001553
FILLER_44_619,VGND,li1,290.7200,130.5600,0.001622
FILLER_44_589,VGND,li1,277.8400,130.5600,0.001781
FILLER_44_587,VGND,li1,275.7700,130.5600,0.001791
FILLER_44_579,VGND,li1,273.7000,130.5600,0.001801
FILLER_44_554,VGND,li1,260.8200,130.5600,0.001861
FILLER_44_533,VGND,li1,250.9300,130.5600,0.001898
FILLER_44_530,VGND,li1,249.7800,130.5600,0.001905
FILLER_44_518,VGND,li1,246.5600,130.5600,0.001912
FILLER_44_500,VGND,li1,236.9000,130.5600,0.001874
FILLER_44_496,VGND,li1,233.9100,130.5600,0.001855
FILLER_44_490,VGND,li1,232.3000,130.5600,0.001835
FILLER_44_434,VGND,li1,205.3900,130.5600,0.001284
FILLER_44_418,VGND,li1,198.2600,130.5600,0.001120
FILLER_44_389,VGND,li1,185.1500,130.5600,0.000775
FILLER_44_378,VGND,li1,180.3200,130.5600,0.000592
FILLER_44_365,VGND,li1,173.6500,130.5600,0.000561
FILLER_44_358,VGND,li1,170.4300,130.5600,0.000622
FILLER_44_354,VGND,li1,169.2800,130.5600,0.000622
FILLER_44_327,VGND,li1,156.1700,130.5600,0.000741
FILLER_44_321,VGND,li1,154.5600,130.5600,0.000751
FILLER_44_309,VGND,li1,150.4200,130.5600,0.000765
FILLER_44_304,VGND,li1,146.2800,130.5600,0.000775
FILLER_44_294,VGND,li1,141.4500,130.5600,0.000787
FILLER_44_281,VGND,li1,135.0100,130.5600,0.000804
FILLER_44_266,VGND,li1,129.7200,130.5600,0.000812
FILLER_44_257,VGND,li1,124.6600,130.5600,0.000822
FILLER_44_246,VGND,li1,120.0600,130.5600,0.000830
FILLER_44_230,VGND,li1,111.7800,130.5600,0.000811
FILLER_44_222,VGND,li1,109.4800,130.5600,0.000801
FILLER_44_214,VGND,li1,104.4200,130.5600,0.000781
FILLER_44_202,VGND,li1,101.2000,130.5600,0.000764
FILLER_44_195,VGND,li1,95.4500,130.5600,0.000737
FILLER_44_179,VGND,li1,88.5500,130.5600,0.000701
FILLER_44_171,VGND,li1,86.0200,130.5600,0.000683
FILLER_44_159,VGND,li1,81.4200,130.5600,0.000653
FILLER_44_141,VGND,li1,70.6100,130.5600,0.000569
FILLER_44_134,VGND,li1,68.5400,130.5600,0.000553
FILLER_44_122,VGND,li1,64.4000,130.5600,0.000519
FILLER_44_113,VGND,li1,57.9600,130.5600,0.000456
FILLER_44_105,VGND,li1,55.6600,130.5600,0.000436
FILLER_44_85,VGND,li1,46.0000,130.5600,0.000324
FILLER_44_83,VGND,li1,43.9300,130.5600,0.000301
FILLER_44_77,VGND,li1,42.3200,130.5600,0.000301
FILLER_44_65,VGND,li1,38.1800,130.5600,0.000255
FILLER_44_53,VGND,li1,32.6600,130.5600,0.000194
FILLER_44_41,VGND,li1,27.1400,130.5600,0.000133
FILLER_44_29,VGND,li1,21.6200,130.5600,0.000111
FILLER_44_27,VGND,li1,18.1700,130.5600,0.000111
FILLER_44_15,VGND,li1,15.1800,130.5600,0.000111
FILLER_44_3,VGND,li1,9.6600,130.5600,0.000111
FILLER_43_821,VGND,li1,383.8700,130.5600,0.000708
FILLER_43_809,VGND,li1,380.4200,130.5600,0.000708
FILLER_43_797,VGND,li1,374.9000,130.5600,0.000708
FILLER_43_785,VGND,li1,369.3800,130.5600,0.000708
FILLER_43_778,VGND,li1,364.7800,130.5600,0.000708
FILLER_43_766,VGND,li1,360.6400,130.5600,0.000708
FILLER_43_754,VGND,li1,355.1200,130.5600,0.000708
FILLER_43_742,VGND,li1,349.6000,130.5600,0.000702
FILLER_43_737,VGND,li1,345.0000,130.5600,0.000673
FILLER_43_729,VGND,li1,342.7000,130.5600,0.000653
FILLER_43_716,VGND,li1,337.6400,130.5600,0.000607
FILLER_43_702,VGND,li1,330.2800,130.5600,0.000623
FILLER_43_689,VGND,li1,322.6900,130.5600,0.000945
FILLER_43_685,VGND,li1,321.5400,130.5600,0.000945
FILLER_43_673,VGND,li1,317.8600,130.5600,0.001056
FILLER_43_670,VGND,li1,314.1800,130.5600,0.001213
FILLER_43_658,VGND,li1,310.9600,130.5600,0.001279
FILLER_43_638,VGND,li1,299.2300,130.5600,0.001478
FILLER_43_632,VGND,li1,297.6200,130.5600,0.001518
FILLER_43_620,VGND,li1,293.4800,130.5600,0.001588
FILLER_43_611,VGND,li1,286.8100,130.5600,0.001693
FILLER_43_607,VGND,li1,285.6600,130.5600,0.001730
FILLER_43_595,VGND,li1,281.9800,130.5600,0.001767
FILLER_43_583,VGND,li1,276.4600,130.5600,0.001791
FILLER_43_571,VGND,li1,270.9400,130.5600,0.001815
FILLER_43_561,VGND,li1,264.5000,130.5600,0.001845
FILLER_43_559,VGND,li1,262.8900,130.5600,0.001853
FILLER_43_555,VGND,li1,261.7400,130.5600,0.001861
FILLER_43_543,VGND,li1,258.0600,130.5600,0.001873
FILLER_43_533,VGND,li1,251.3900,130.5600,0.001898
FILLER_43_525,VGND,li1,248.8600,130.5600,0.001905
FILLER_43_505,VGND,li1,238.7400,130.5600,0.001899
FILLER_43_498,VGND,li1,235.9800,130.5600,0.001874
FILLER_43_486,VGND,li1,231.8400,130.5600,0.001835
FILLER_43_474,VGND,li1,226.3200,130.5600,0.001744
FILLER_43_460,VGND,li1,217.3500,130.5600,0.001560
FILLER_43_454,VGND,li1,215.7400,130.5600,0.001560
FILLER_43_445,VGND,li1,210.9100,130.5600,0.001451
FILLER_43_437,VGND,li1,208.3800,130.5600,0.001360
FILLER_43_425,VGND,li1,203.7800,130.5600,0.001284
FILLER_43_419,VGND,li1,198.4900,130.5600,0.001120
FILLER_43_413,VGND,li1,196.8800,130.5600,0.001120
FILLER_43_393,VGND,li1,187.2200,130.5600,0.000849
FILLER_43_379,VGND,li1,180.0900,130.5600,0.000592
FILLER_43_371,VGND,li1,178.0200,130.5600,0.000507
FILLER_43_361,VGND,li1,172.2700,130.5600,0.000584
FILLER_43_349,VGND,li1,168.8200,130.5600,0.000622
FILLER_43_337,VGND,li1,161.0000,130.5600,0.000712
FILLER_43_335,VGND,li1,159.8500,130.5600,0.000727
FILLER_43_327,VGND,li1,156.4000,130.5600,0.000741
FILLER_43_316,VGND,li1,151.1100,130.5600,0.000758
FILLER_43_298,VGND,li1,143.2900,130.5600,0.000782
FILLER_43_286,VGND,li1,139.8400,130.5600,0.000792
FILLER_43_278,VGND,li1,133.8600,130.5600,0.000804
FILLER_43_271,VGND,li1,130.4100,130.5600,0.000812
FILLER_43_259,VGND,li1,127.4200,130.5600,0.000818
FILLER_43_247,VGND,li1,121.9000,130.5600,0.000826
FILLER_43_233,VGND,li1,112.9300,130.5600,0.000821
FILLER_43_225,VGND,li1,110.8600,130.5600,0.000811
FILLER_43_218,VGND,li1,107.1800,130.5600,0.000789
FILLER_43_207,VGND,li1,100.9700,130.5600,0.000764
FILLER_43_195,VGND,li1,97.9800,130.5600,0.000746
FILLER_43_183,VGND,li1,92.4600,130.5600,0.000722
FILLER_43_169,VGND,li1,83.4900,130.5600,0.000669
FILLER_43_165,VGND,li1,82.1100,130.5600,0.000653
FILLER_43_157,VGND,li1,79.5800,130.5600,0.000639
FILLER_43_147,VGND,li1,73.8300,130.5600,0.000584
FILLER_43_137,VGND,li1,69.2300,130.5600,0.000553
FILLER_43_125,VGND,li1,65.7800,130.5600,0.000519
FILLER_43_113,VGND,li1,60.2600,130.5600,0.000483
FILLER_43_111,VGND,li1,56.8100,130.5600,0.000436
FILLER_43_105,VGND,li1,55.2000,130.5600,0.000436
FILLER_43_93,VGND,li1,51.0600,130.5600,0.000397
FILLER_43_81,VGND,li1,45.5400,130.5600,0.000324
FILLER_43_69,VGND,li1,40.0200,130.5600,0.000275
FILLER_43_57,VGND,li1,34.5000,130.5600,0.000214
FILLER_43_55,VGND,li1,31.0500,130.5600,0.000163
FILLER_43_51,VGND,li1,29.9000,130.5600,0.000163
FILLER_43_39,VGND,li1,26.2200,130.5600,0.000111
FILLER_43_27,VGND,li1,20.7000,130.5600,0.000111
FILLER_43_15,VGND,li1,15.1800,130.5600,0.000111
FILLER_43_3,VGND,li1,9.6600,130.5600,0.000111
FILLER_42_819,VGND,li1,382.4900,125.1200,0.004119
FILLER_42_813,VGND,li1,380.8800,125.1200,0.004117
FILLER_42_811,VGND,li1,378.8100,125.1200,0.004109
FILLER_42_805,VGND,li1,377.2000,125.1200,0.004109
FILLER_42_793,VGND,li1,373.0600,125.1200,0.004092
FILLER_42_781,VGND,li1,367.5400,125.1200,0.004070
FILLER_42_769,VGND,li1,362.0200,125.1200,0.004042
FILLER_42_757,VGND,li1,356.5000,125.1200,0.004019
FILLER_42_755,VGND,li1,353.0500,125.1200,0.004011
FILLER_42_751,VGND,li1,351.9000,125.1200,0.004002
FILLER_42_730,VGND,li1,342.0100,125.1200,0.003567
FILLER_42_717,VGND,li1,335.5700,125.1200,0.002836
FILLER_42_709,VGND,li1,331.8900,125.1200,0.002328
FILLER_42_701,VGND,li1,329.8200,125.1200,0.002501
FILLER_42_698,VGND,li1,327.0600,125.1200,0.002865
FILLER_42_673,VGND,li1,317.8600,125.1200,0.003497
FILLER_42_664,VGND,li1,311.4200,125.1200,0.004032
FILLER_42_657,VGND,li1,307.9700,125.1200,0.004318
FILLER_42_645,VGND,li1,304.9800,125.1200,0.004565
FILLER_42_638,VGND,li1,300.3800,125.1200,0.004945
FILLER_42_626,VGND,li1,296.2400,125.1200,0.005420
FILLER_42_614,VGND,li1,290.7200,125.1200,0.005742
FILLER_42_593,VGND,li1,278.5300,125.1200,0.006471
FILLER_42_589,VGND,li1,277.3800,125.1200,0.006558
FILLER_42_587,VGND,li1,275.7700,125.1200,0.006558
FILLER_42_581,VGND,li1,274.1600,125.1200,0.006644
FILLER_42_569,VGND,li1,270.0200,125.1200,0.006749
FILLER_42_557,VGND,li1,264.5000,125.1200,0.006938
FILLER_42_545,VGND,li1,258.9800,125.1200,0.007070
FILLER_42_533,VGND,li1,253.4600,125.1200,0.007238
FILLER_42_493,VGND,li1,232.5300,125.1200,0.007495
FILLER_42_489,VGND,li1,231.3800,125.1200,0.007444
FILLER_42_477,VGND,li1,227.7000,125.1200,0.007177
FILLER_42_459,VGND,li1,216.8900,125.1200,0.006294
FILLER_42_453,VGND,li1,214.5900,125.1200,0.006080
FILLER_42_445,VGND,li1,212.0600,125.1200,0.005745
FILLER_42_433,VGND,li1,207.4600,125.1200,0.005265
FILLER_42_421,VGND,li1,201.9400,125.1200,0.004760
FILLER_42_418,VGND,li1,198.2600,125.1200,0.004320
FILLER_42_406,VGND,li1,195.0400,125.1200,0.003894
FILLER_42_385,VGND,li1,183.0800,125.1200,0.002214
FILLER_42_377,VGND,li1,180.7800,125.1200,0.001957
FILLER_42_365,VGND,li1,176.1800,125.1200,0.001552
FILLER_42_361,VGND,li1,172.2700,125.1200,0.001564
FILLER_42_349,VGND,li1,168.8200,125.1200,0.001578
FILLER_42_340,VGND,li1,162.6100,125.1200,0.001568
FILLER_42_321,VGND,li1,154.1000,125.1200,0.001546
FILLER_42_309,VGND,li1,150.4200,125.1200,0.001535
FILLER_42_307,VGND,li1,146.9700,125.1200,0.001520
FILLER_42_303,VGND,li1,145.8200,125.1200,0.001520
FILLER_42_291,VGND,li1,142.1400,125.1200,0.001509
FILLER_42_279,VGND,li1,136.6200,125.1200,0.001492
FILLER_42_272,VGND,li1,131.1000,125.1200,0.001474
FILLER_42_257,VGND,li1,123.9700,125.1200,0.001443
FILLER_42_253,VGND,li1,122.8200,125.1200,0.001443
FILLER_42_246,VGND,li1,120.0600,125.1200,0.001432
FILLER_42_233,VGND,li1,113.6200,125.1200,0.001404
FILLER_42_221,VGND,li1,109.9400,125.1200,0.001388
FILLER_42_209,VGND,li1,104.4200,125.1200,0.001342
FILLER_42_197,VGND,li1,98.9000,125.1200,0.001295
FILLER_42_188,VGND,li1,93.8400,125.1200,0.001251
FILLER_42_176,VGND,li1,89.2400,125.1200,0.001199
FILLER_42_153,VGND,li1,77.7400,125.1200,0.001027
FILLER_42_141,VGND,li1,73.1400,125.1200,0.000974
FILLER_42_139,VGND,li1,69.6900,125.1200,0.000911
FILLER_42_135,VGND,li1,68.5400,125.1200,0.000911
FILLER_42_121,VGND,li1,62.1000,125.1200,0.000808
FILLER_42_109,VGND,li1,58.4200,125.1200,0.000759
FILLER_42_97,VGND,li1,52.9000,125.1200,0.000656
FILLER_42_85,VGND,li1,47.3800,125.1200,0.000567
FILLER_42_83,VGND,li1,43.9300,125.1200,0.000478
FILLER_42_77,VGND,li1,42.3200,125.1200,0.000478
FILLER_42_65,VGND,li1,38.1800,125.1200,0.000405
FILLER_42_53,VGND,li1,32.6600,125.1200,0.000308
FILLER_42_41,VGND,li1,27.1400,125.1200,0.000211
FILLER_42_29,VGND,li1,21.6200,125.1200,0.000176
FILLER_42_27,VGND,li1,18.1700,125.1200,0.000176
FILLER_42_15,VGND,li1,15.1800,125.1200,0.000176
FILLER_42_3,VGND,li1,9.6600,125.1200,0.000176
FILLER_41_803,VGND,li1,375.1300,125.1200,0.004100
FILLER_41_797,VGND,li1,373.5200,125.1200,0.004092
FILLER_41_785,VGND,li1,369.3800,125.1200,0.004077
FILLER_41_778,VGND,li1,364.7800,125.1200,0.004058
FILLER_41_766,VGND,li1,360.6400,125.1200,0.004042
FILLER_41_754,VGND,li1,355.1200,125.1200,0.004019
FILLER_41_729,VGND,li1,341.0900,125.1200,0.003371
FILLER_41_727,VGND,li1,340.1700,125.1200,0.003371
FILLER_41_719,VGND,li1,338.1000,125.1200,0.003069
FILLER_41_711,VGND,li1,332.8100,125.1200,0.002328
FILLER_41_699,VGND,li1,329.8200,125.1200,0.002501
FILLER_41_691,VGND,li1,323.6100,125.1200,0.003057
FILLER_41_685,VGND,li1,322.0000,125.1200,0.003210
FILLER_41_673,VGND,li1,317.8600,125.1200,0.003497
FILLER_41_668,VGND,li1,313.7200,125.1200,0.003861
FILLER_41_639,VGND,li1,302.2200,125.1200,0.004793
FILLER_41_615,VGND,li1,288.6500,125.1200,0.005912
FILLER_41_601,VGND,li1,282.2100,125.1200,0.006383
FILLER_41_577,VGND,li1,271.1700,125.1200,0.006749
FILLER_41_571,VGND,li1,269.5600,125.1200,0.006749
FILLER_41_548,VGND,li1,260.3600,125.1200,0.007070
FILLER_41_534,VGND,li1,252.0800,125.1200,0.007328
FILLER_41_522,VGND,li1,248.4000,125.1200,0.007426
FILLER_41_514,VGND,li1,242.1900,125.1200,0.007502
FILLER_41_508,VGND,li1,239.8900,125.1200,0.007529
FILLER_41_503,VGND,li1,237.1300,125.1200,0.007558
FILLER_41_480,VGND,li1,227.0100,125.1200,0.007177
FILLER_41_458,VGND,li1,216.6600,125.1200,0.006294
FILLER_41_449,VGND,li1,212.5200,125.1200,0.005745
FILLER_41_447,VGND,li1,211.3700,125.1200,0.005745
FILLER_41_439,VGND,li1,209.3000,125.1200,0.005529
FILLER_41_399,VGND,li1,190.4400,125.1200,0.003302
FILLER_41_391,VGND,li1,185.6100,125.1200,0.002599
FILLER_41_379,VGND,li1,182.6200,125.1200,0.002214
FILLER_41_356,VGND,li1,172.0400,125.1200,0.001564
FILLER_41_343,VGND,li1,164.6800,125.1200,0.001572
FILLER_41_324,VGND,li1,157.3200,125.1200,0.001554
FILLER_41_312,VGND,li1,151.8000,125.1200,0.001535
FILLER_41_293,VGND,li1,142.1400,125.1200,0.001509
FILLER_41_281,VGND,li1,137.5400,125.1200,0.001492
FILLER_41_274,VGND,li1,132.9400,125.1200,0.001480
FILLER_41_262,VGND,li1,128.8000,125.1200,0.001467
FILLER_41_250,VGND,li1,123.2800,125.1200,0.001443
FILLER_41_238,VGND,li1,117.7600,125.1200,0.001423
FILLER_41_221,VGND,li1,107.8700,125.1200,0.001370
FILLER_41_213,VGND,li1,105.3400,125.1200,0.001342
FILLER_41_196,VGND,li1,96.1400,125.1200,0.001269
FILLER_41_179,VGND,li1,88.5500,125.1200,0.001171
FILLER_41_169,VGND,li1,84.6400,125.1200,0.001140
FILLER_41_164,VGND,li1,81.8800,125.1200,0.001095
FILLER_41_150,VGND,li1,74.7500,125.1200,0.001001
FILLER_41_131,VGND,li1,68.5400,125.1200,0.000911
FILLER_41_124,VGND,li1,62.7900,125.1200,0.000808
FILLER_41_120,VGND,li1,61.6400,125.1200,0.000808
FILLER_41_110,VGND,li1,56.5800,125.1200,0.000728
FILLER_41_101,VGND,li1,52.4400,125.1200,0.000656
FILLER_41_93,VGND,li1,50.1400,125.1200,0.000616
FILLER_41_81,VGND,li1,45.5400,125.1200,0.000515
FILLER_41_69,VGND,li1,40.0200,125.1200,0.000438
FILLER_41_57,VGND,li1,34.5000,125.1200,0.000341
FILLER_41_55,VGND,li1,31.0500,125.1200,0.000260
FILLER_41_51,VGND,li1,29.9000,125.1200,0.000260
FILLER_41_39,VGND,li1,26.2200,125.1200,0.000176
FILLER_41_27,VGND,li1,20.7000,125.1200,0.000176
FILLER_41_15,VGND,li1,15.1800,125.1200,0.000176
FILLER_41_3,VGND,li1,9.6600,125.1200,0.000176
FILLER_40_813,VGND,li1,379.7300,119.6800,0.001357
FILLER_40_810,VGND,li1,378.5800,119.6800,0.001357
FILLER_40_798,VGND,li1,375.3600,119.6800,0.001344
FILLER_40_786,VGND,li1,369.8400,119.6800,0.001321
FILLER_40_757,VGND,li1,354.4300,119.6800,0.001242
FILLER_40_748,VGND,li1,351.4400,119.6800,0.001229
FILLER_40_737,VGND,li1,344.7700,119.6800,0.001048
FILLER_40_725,VGND,li1,341.7800,119.6800,0.000905
FILLER_40_713,VGND,li1,336.2600,119.6800,0.000686
FILLER_40_701,VGND,li1,330.7400,119.6800,0.000614
FILLER_40_696,VGND,li1,326.6000,119.6800,0.000685
FILLER_40_661,VGND,li1,310.5000,119.6800,0.000934
FILLER_40_645,VGND,li1,304.9800,119.6800,0.001033
FILLER_40_643,VGND,li1,301.5300,119.6800,0.001101
FILLER_40_637,VGND,li1,299.9200,119.6800,0.001101
FILLER_40_625,VGND,li1,293.4800,119.6800,0.001223
FILLER_40_613,VGND,li1,290.2600,119.6800,0.001277
FILLER_40_605,VGND,li1,284.0500,119.6800,0.001366
FILLER_40_601,VGND,li1,282.9000,119.6800,0.001366
FILLER_40_589,VGND,li1,279.2200,119.6800,0.001422
FILLER_40_584,VGND,li1,275.0800,119.6800,0.001511
FILLER_40_560,VGND,li1,263.3500,119.6800,0.001681
FILLER_40_556,VGND,li1,262.2000,119.6800,0.001681
FILLER_40_533,VGND,li1,251.1600,119.6800,0.001867
FILLER_40_530,VGND,li1,249.7800,119.6800,0.001867
FILLER_40_518,VGND,li1,246.5600,119.6800,0.001919
FILLER_40_508,VGND,li1,239.8900,119.6800,0.002016
FILLER_40_500,VGND,li1,237.3600,119.6800,0.002053
FILLER_40_484,VGND,li1,228.8500,119.6800,0.002110
FILLER_40_477,VGND,li1,225.8600,119.6800,0.002086
FILLER_40_470,VGND,li1,223.1000,119.6800,0.002069
FILLER_40_458,VGND,li1,218.9600,119.6800,0.002020
FILLER_40_433,VGND,li1,204.9300,119.6800,0.001798
FILLER_40_421,VGND,li1,201.9400,119.6800,0.001694
FILLER_40_403,VGND,li1,191.8200,119.6800,0.001394
FILLER_40_391,VGND,li1,188.1400,119.6800,0.001273
FILLER_40_379,VGND,li1,182.6200,119.6800,0.001037
FILLER_40_365,VGND,li1,174.1100,119.6800,0.000917
FILLER_40_356,VGND,li1,171.1200,119.6800,0.000966
FILLER_40_344,VGND,li1,166.5200,119.6800,0.001082
FILLER_40_329,VGND,li1,158.7000,119.6800,0.001170
FILLER_40_315,VGND,li1,150.8800,119.6800,0.001194
FILLER_40_309,VGND,li1,148.3500,119.6800,0.001201
FILLER_40_278,VGND,li1,133.6300,119.6800,0.001245
FILLER_40_267,VGND,li1,130.1800,119.6800,0.001251
FILLER_40_253,VGND,li1,122.5900,119.6800,0.001272
FILLER_40_251,VGND,li1,121.2100,119.6800,0.001272
FILLER_40_247,VGND,li1,120.0600,119.6800,0.001278
FILLER_40_231,VGND,li1,112.0100,119.6800,0.001249
FILLER_40_223,VGND,li1,109.9400,119.6800,0.001223
FILLER_40_213,VGND,li1,103.7300,119.6800,0.001166
FILLER_40_205,VGND,li1,101.6600,119.6800,0.001149
FILLER_40_201,VGND,li1,98.2100,119.6800,0.001129
FILLER_40_197,VGND,li1,97.0600,119.6800,0.001108
FILLER_40_195,VGND,li1,95.4500,119.6800,0.001091
FILLER_40_182,VGND,li1,89.4700,119.6800,0.001033
FILLER_40_176,VGND,li1,87.8600,119.6800,0.001033
FILLER_40_164,VGND,li1,83.7200,119.6800,0.000976
FILLER_40_152,VGND,li1,78.2000,119.6800,0.000935
FILLER_40_141,VGND,li1,72.2200,119.6800,0.000872
FILLER_40_139,VGND,li1,69.6900,119.6800,0.000833
FILLER_40_135,VGND,li1,68.5400,119.6800,0.000833
FILLER_40_109,VGND,li1,58.4200,119.6800,0.000674
FILLER_40_97,VGND,li1,52.9000,119.6800,0.000604
FILLER_40_85,VGND,li1,47.3800,119.6800,0.000516
FILLER_40_83,VGND,li1,43.9300,119.6800,0.000435
FILLER_40_77,VGND,li1,42.3200,119.6800,0.000435
FILLER_40_65,VGND,li1,38.1800,119.6800,0.000368
FILLER_40_53,VGND,li1,32.6600,119.6800,0.000280
FILLER_40_41,VGND,li1,27.1400,119.6800,0.000192
FILLER_40_29,VGND,li1,21.6200,119.6800,0.000160
FILLER_40_27,VGND,li1,18.1700,119.6800,0.000160
FILLER_40_15,VGND,li1,15.1800,119.6800,0.000160
FILLER_40_3,VGND,li1,9.6600,119.6800,0.000160
FILLER_39_803,VGND,li1,375.1300,119.6800,0.001337
FILLER_39_797,VGND,li1,373.5200,119.6800,0.001337
FILLER_39_785,VGND,li1,369.3800,119.6800,0.001321
FILLER_39_783,VGND,li1,365.9300,119.6800,0.001301
FILLER_39_777,VGND,li1,364.3200,119.6800,0.001301
FILLER_39_765,VGND,li1,360.1800,119.6800,0.001283
FILLER_39_753,VGND,li1,354.6600,119.6800,0.001242
FILLER_39_741,VGND,li1,349.1400,119.6800,0.001212
FILLER_39_729,VGND,li1,343.6200,119.6800,0.001048
FILLER_39_727,VGND,li1,340.1700,119.6800,0.000905
FILLER_39_709,VGND,li1,332.3500,119.6800,0.000580
FILLER_39_702,VGND,li1,328.6700,119.6800,0.000655
FILLER_39_698,VGND,li1,327.5200,119.6800,0.000685
FILLER_39_688,VGND,li1,322.4600,119.6800,0.000760
FILLER_39_673,VGND,li1,317.8600,119.6800,0.000816
FILLER_39_669,VGND,li1,313.9500,119.6800,0.000894
FILLER_39_657,VGND,li1,310.5000,119.6800,0.000934
FILLER_39_649,VGND,li1,304.2900,119.6800,0.001033
FILLER_39_641,VGND,li1,302.2200,119.6800,0.001069
FILLER_39_629,VGND,li1,297.6200,119.6800,0.001137
FILLER_39_617,VGND,li1,292.1000,119.6800,0.001223
FILLER_39_615,VGND,li1,288.6500,119.6800,0.001277
FILLER_39_611,VGND,li1,287.5000,119.6800,0.001319
FILLER_39_602,VGND,li1,283.8200,119.6800,0.001366
FILLER_39_590,VGND,li1,279.6800,119.6800,0.001422
FILLER_39_582,VGND,li1,273.4700,119.6800,0.001511
FILLER_39_570,VGND,li1,270.4800,119.6800,0.001556
FILLER_39_561,VGND,li1,264.0400,119.6800,0.001653
FILLER_39_558,VGND,li1,262.6600,119.6800,0.001681
FILLER_39_550,VGND,li1,260.3600,119.6800,0.001719
FILLER_39_537,VGND,li1,253.4600,119.6800,0.001816
FILLER_39_525,VGND,li1,249.7800,119.6800,0.001867
FILLER_39_505,VGND,li1,239.6600,119.6800,0.002016
FILLER_39_503,VGND,li1,237.1300,119.6800,0.002053
FILLER_39_495,VGND,li1,235.0600,119.6800,0.002083
FILLER_39_483,VGND,li1,230.4600,119.6800,0.002110
FILLER_39_479,VGND,li1,226.0900,119.6800,0.002086
FILLER_39_475,VGND,li1,224.9400,119.6800,0.002086
FILLER_39_463,VGND,li1,221.2600,119.6800,0.002052
FILLER_39_446,VGND,li1,211.1400,119.6800,0.001955
FILLER_39_436,VGND,li1,206.3100,119.6800,0.001865
FILLER_39_431,VGND,li1,204.2400,119.6800,0.001798
FILLER_39_419,VGND,li1,201.0200,119.6800,0.001694
FILLER_39_410,VGND,li1,194.5800,119.6800,0.001485
FILLER_39_402,VGND,li1,192.2800,119.6800,0.001394
FILLER_39_393,VGND,li1,186.5300,119.6800,0.001196
FILLER_39_380,VGND,li1,183.0800,119.6800,0.001037
FILLER_39_368,VGND,li1,177.5600,119.6800,0.000806
FILLER_39_356,VGND,li1,172.0400,119.6800,0.000966
FILLER_39_344,VGND,li1,164.2200,119.6800,0.001114
FILLER_39_337,VGND,li1,161.0000,119.6800,0.001163
FILLER_39_324,VGND,li1,157.3200,119.6800,0.001178
FILLER_39_315,VGND,li1,150.6500,119.6800,0.001194
FILLER_39_307,VGND,li1,148.5800,119.6800,0.001201
FILLER_39_299,VGND,li1,143.9800,119.6800,0.001217
FILLER_39_287,VGND,li1,140.3000,119.6800,0.001226
FILLER_39_279,VGND,li1,134.0900,119.6800,0.001245
FILLER_39_269,VGND,li1,130.1800,119.6800,0.001251
FILLER_39_248,VGND,li1,121.4400,119.6800,0.001272
FILLER_39_237,VGND,li1,114.7700,119.6800,0.001269
FILLER_39_225,VGND,li1,111.7800,119.6800,0.001249
FILLER_39_223,VGND,li1,108.3300,119.6800,0.001204
FILLER_39_217,VGND,li1,106.7200,119.6800,0.001204
FILLER_39_206,VGND,li1,100.5100,119.6800,0.001149
FILLER_39_202,VGND,li1,99.3600,119.6800,0.001129
FILLER_39_190,VGND,li1,95.6800,119.6800,0.001091
FILLER_39_181,VGND,li1,89.7000,119.6800,0.001051
FILLER_39_169,VGND,li1,86.0200,119.6800,0.001015
FILLER_39_153,VGND,li1,78.6600,119.6800,0.000935
FILLER_39_141,VGND,li1,73.1400,119.6800,0.000872
FILLER_39_132,VGND,li1,66.7000,119.6800,0.000798
FILLER_39_113,VGND,li1,58.4200,119.6800,0.000674
FILLER_39_111,VGND,li1,56.8100,119.6800,0.000641
FILLER_39_105,VGND,li1,55.2000,119.6800,0.000641
FILLER_39_93,VGND,li1,51.0600,119.6800,0.000574
FILLER_39_81,VGND,li1,45.5400,119.6800,0.000468
FILLER_39_69,VGND,li1,40.0200,119.6800,0.000398
FILLER_39_57,VGND,li1,34.5000,119.6800,0.000310
FILLER_39_55,VGND,li1,31.0500,119.6800,0.000236
FILLER_39_51,VGND,li1,29.9000,119.6800,0.000236
FILLER_39_39,VGND,li1,26.2200,119.6800,0.000160
FILLER_39_27,VGND,li1,20.7000,119.6800,0.000160
FILLER_39_15,VGND,li1,15.1800,119.6800,0.000160
FILLER_39_3,VGND,li1,9.6600,119.6800,0.000160
FILLER_38_819,VGND,li1,382.4900,114.2400,0.000200
FILLER_38_813,VGND,li1,380.8800,114.2400,0.000200
FILLER_38_811,VGND,li1,378.8100,114.2400,0.000199
FILLER_38_803,VGND,li1,376.7400,114.2400,0.000198
FILLER_38_791,VGND,li1,372.1400,114.2400,0.000195
FILLER_38_779,VGND,li1,366.6200,114.2400,0.000191
FILLER_38_767,VGND,li1,361.1000,114.2400,0.000187
FILLER_38_746,VGND,li1,348.9100,114.2400,0.000177
FILLER_38_740,VGND,li1,346.1500,114.2400,0.000175
FILLER_38_723,VGND,li1,339.4800,114.2400,0.000168
FILLER_38_713,VGND,li1,333.7300,114.2400,0.000161
FILLER_38_696,VGND,li1,326.6000,114.2400,0.000235
FILLER_38_686,VGND,li1,321.7700,114.2400,0.000322
FILLER_38_674,VGND,li1,318.3200,114.2400,0.000378
FILLER_38_662,VGND,li1,312.8000,114.2400,0.000433
FILLER_38_645,VGND,li1,304.0600,114.2400,0.000557
FILLER_38_643,VGND,li1,301.5300,114.2400,0.000592
FILLER_38_631,VGND,li1,298.5400,114.2400,0.000647
FILLER_38_610,VGND,li1,287.5000,114.2400,0.000787
FILLER_38_598,VGND,li1,283.3600,114.2400,0.000844
FILLER_38_571,VGND,li1,270.9400,114.2400,0.001031
FILLER_38_559,VGND,li1,265.4200,114.2400,0.001087
FILLER_38_547,VGND,li1,259.9000,114.2400,0.001178
FILLER_38_541,VGND,li1,254.6100,114.2400,0.001230
FILLER_38_533,VGND,li1,252.5400,114.2400,0.001257
FILLER_38_530,VGND,li1,249.7800,114.2400,0.001312
FILLER_38_525,VGND,li1,247.2500,114.2400,0.001342
FILLER_38_515,VGND,li1,242.6500,114.2400,0.001395
FILLER_38_503,VGND,li1,239.6600,114.2400,0.001436
FILLER_38_491,VGND,li1,234.1400,114.2400,0.001496
FILLER_38_482,VGND,li1,227.4700,114.2400,0.001590
FILLER_38_470,VGND,li1,223.1000,114.2400,0.001648
FILLER_38_455,VGND,li1,215.2800,114.2400,0.001734
FILLER_38_427,VGND,li1,202.6300,114.2400,0.001885
FILLER_38_413,VGND,li1,196.1900,114.2400,0.001966
FILLER_38_405,VGND,li1,193.6600,114.2400,0.001990
FILLER_38_372,VGND,li1,178.0200,114.2400,0.001394
FILLER_38_356,VGND,li1,169.9700,114.2400,0.001816
FILLER_38_350,VGND,li1,166.7500,114.2400,0.001942
FILLER_38_340,VGND,li1,162.3800,114.2400,0.002019
FILLER_38_328,VGND,li1,159.1600,114.2400,0.002083
FILLER_38_316,VGND,li1,153.6400,114.2400,0.002143
FILLER_38_304,VGND,li1,146.2800,114.2400,0.002240
FILLER_38_295,VGND,li1,141.6800,114.2400,0.002302
FILLER_38_283,VGND,li1,138.4600,114.2400,0.002346
FILLER_38_273,VGND,li1,131.3300,114.2400,0.002441
FILLER_38_265,VGND,li1,129.2600,114.2400,0.002468
FILLER_38_259,VGND,li1,124.8900,114.2400,0.002541
FILLER_38_253,VGND,li1,123.2800,114.2400,0.002568
FILLER_38_244,VGND,li1,119.6000,114.2400,0.002595
FILLER_38_231,VGND,li1,112.0100,114.2400,0.002571
FILLER_38_219,VGND,li1,109.0200,114.2400,0.002533
FILLER_38_212,VGND,li1,103.7300,114.2400,0.002497
FILLER_38_197,VGND,li1,96.8300,114.2400,0.002420
FILLER_38_193,VGND,li1,94.9900,114.2400,0.002395
FILLER_38_181,VGND,li1,89.4700,114.2400,0.002355
FILLER_38_156,VGND,li1,77.7400,114.2400,0.002153
FILLER_38_148,VGND,li1,75.4400,114.2400,0.002071
FILLER_38_134,VGND,li1,68.5400,114.2400,0.001872
FILLER_38_121,VGND,li1,62.5600,114.2400,0.001669
FILLER_38_109,VGND,li1,58.4200,114.2400,0.001483
FILLER_38_97,VGND,li1,52.9000,114.2400,0.001329
FILLER_38_85,VGND,li1,47.3800,114.2400,0.001135
FILLER_38_83,VGND,li1,43.9300,114.2400,0.000957
FILLER_38_77,VGND,li1,42.3200,114.2400,0.000957
FILLER_38_65,VGND,li1,38.1800,114.2400,0.000811
FILLER_38_53,VGND,li1,32.6600,114.2400,0.000617
FILLER_38_41,VGND,li1,27.1400,114.2400,0.000422
FILLER_38_29,VGND,li1,21.6200,114.2400,0.000352
FILLER_38_27,VGND,li1,18.1700,114.2400,0.000352
FILLER_38_15,VGND,li1,15.1800,114.2400,0.000352
FILLER_38_3,VGND,li1,9.6600,114.2400,0.000352
FILLER_37_821,VGND,li1,383.8700,114.2400,0.000202
FILLER_37_809,VGND,li1,380.4200,114.2400,0.000199
FILLER_37_797,VGND,li1,374.9000,114.2400,0.000196
FILLER_37_785,VGND,li1,369.3800,114.2400,0.000193
FILLER_37_772,VGND,li1,363.4000,114.2400,0.000189
FILLER_37_760,VGND,li1,357.8800,114.2400,0.000185
FILLER_37_748,VGND,li1,351.4400,114.2400,0.000179
FILLER_37_729,VGND,li1,341.7800,114.2400,0.000170
FILLER_37_727,VGND,li1,340.1700,114.2400,0.000168
FILLER_37_721,VGND,li1,338.5600,114.2400,0.000165
FILLER_37_709,VGND,li1,334.4200,114.2400,0.000161
FILLER_37_695,VGND,li1,327.0600,114.2400,0.000235
FILLER_37_678,VGND,li1,318.3200,114.2400,0.000378
FILLER_37_673,VGND,li1,315.5600,114.2400,0.000404
FILLER_37_670,VGND,li1,314.1800,114.2400,0.000433
FILLER_37_655,VGND,li1,307.2800,114.2400,0.000528
FILLER_37_634,VGND,li1,297.6200,114.2400,0.000647
FILLER_37_615,VGND,li1,288.6500,114.2400,0.000787
FILLER_37_611,VGND,li1,287.5000,114.2400,0.000787
FILLER_37_599,VGND,li1,283.8200,114.2400,0.000844
FILLER_37_580,VGND,li1,272.5500,114.2400,0.001007
FILLER_37_576,VGND,li1,271.4000,114.2400,0.001007
FILLER_37_559,VGND,li1,262.8900,114.2400,0.001142
FILLER_37_553,VGND,li1,261.2800,114.2400,0.001142
FILLER_37_539,VGND,li1,253.6900,114.2400,0.001257
FILLER_37_518,VGND,li1,244.0300,114.2400,0.001368
FILLER_37_509,VGND,li1,239.8900,114.2400,0.001436
FILLER_37_505,VGND,li1,238.7400,114.2400,0.001436
FILLER_37_497,VGND,li1,234.3700,114.2400,0.001496
FILLER_37_490,VGND,li1,231.6100,114.2400,0.001528
FILLER_37_480,VGND,li1,226.7800,114.2400,0.001590
FILLER_37_463,VGND,li1,219.8800,114.2400,0.001677
FILLER_37_447,VGND,li1,211.3700,114.2400,0.001795
FILLER_37_443,VGND,li1,210.2200,114.2400,0.001795
FILLER_37_431,VGND,li1,206.5400,114.2400,0.001839
FILLER_37_417,VGND,li1,197.5700,114.2400,0.001944
FILLER_37_405,VGND,li1,194.5800,114.2400,0.001990
FILLER_37_397,VGND,li1,188.3700,114.2400,0.001973
FILLER_37_393,VGND,li1,187.2200,114.2400,0.001883
FILLER_37_384,VGND,li1,182.3900,114.2400,0.001702
FILLER_37_377,VGND,li1,179.4000,114.2400,0.001394
FILLER_37_365,VGND,li1,176.1800,114.2400,0.001576
FILLER_37_343,VGND,li1,163.5300,114.2400,0.002019
FILLER_37_337,VGND,li1,161.9200,114.2400,0.002048
FILLER_37_333,VGND,li1,159.3900,114.2400,0.002083
FILLER_37_321,VGND,li1,153.4100,114.2400,0.002143
FILLER_37_313,VGND,li1,151.3400,114.2400,0.002171
FILLER_37_299,VGND,li1,143.2900,114.2400,0.002302
FILLER_37_261,VGND,li1,125.8100,114.2400,0.002514
FILLER_37_253,VGND,li1,123.7400,114.2400,0.002541
FILLER_37_235,VGND,li1,114.3100,114.2400,0.002596
FILLER_37_213,VGND,li1,103.7300,114.2400,0.002497
FILLER_37_205,VGND,li1,100.2800,114.2400,0.002448
FILLER_37_192,VGND,li1,94.3000,114.2400,0.002395
FILLER_37_180,VGND,li1,91.0800,114.2400,0.002355
FILLER_37_169,VGND,li1,84.1800,114.2400,0.002287
FILLER_37_161,VGND,li1,80.5000,114.2400,0.002195
FILLER_37_153,VGND,li1,76.1300,114.2400,0.002071
FILLER_37_149,VGND,li1,74.9800,114.2400,0.002071
FILLER_37_137,VGND,li1,71.3000,114.2400,0.001962
FILLER_37_125,VGND,li1,65.7800,114.2400,0.001774
FILLER_37_113,VGND,li1,60.2600,114.2400,0.001588
FILLER_37_111,VGND,li1,56.8100,114.2400,0.001410
FILLER_37_105,VGND,li1,55.2000,114.2400,0.001410
FILLER_37_93,VGND,li1,51.0600,114.2400,0.001264
FILLER_37_81,VGND,li1,45.5400,114.2400,0.001029
FILLER_37_69,VGND,li1,40.0200,114.2400,0.000876
FILLER_37_57,VGND,li1,34.5000,114.2400,0.000681
FILLER_37_55,VGND,li1,31.0500,114.2400,0.000520
FILLER_37_51,VGND,li1,29.9000,114.2400,0.000520
FILLER_37_39,VGND,li1,26.2200,114.2400,0.000352
FILLER_37_27,VGND,li1,20.7000,114.2400,0.000352
FILLER_37_15,VGND,li1,15.1800,114.2400,0.000352
FILLER_37_3,VGND,li1,9.6600,114.2400,0.000352
FILLER_36_821,VGND,li1,383.8700,108.8000,0.000042
FILLER_36_813,VGND,li1,381.3400,108.8000,0.000042
FILLER_36_811,VGND,li1,378.8100,108.8000,0.000042
FILLER_36_805,VGND,li1,377.2000,108.8000,0.000042
FILLER_36_793,VGND,li1,373.0600,108.8000,0.000042
FILLER_36_781,VGND,li1,367.5400,108.8000,0.000041
FILLER_36_769,VGND,li1,362.0200,108.8000,0.000041
FILLER_36_757,VGND,li1,356.5000,108.8000,0.000040
FILLER_36_750,VGND,li1,351.9000,108.8000,0.000040
FILLER_36_738,VGND,li1,347.7600,108.8000,0.000040
FILLER_36_726,VGND,li1,342.2400,108.8000,0.000039
FILLER_36_722,VGND,li1,337.8700,108.8000,0.000038
FILLER_36_716,VGND,li1,336.2600,108.8000,0.000038
FILLER_36_707,VGND,li1,330.9700,108.8000,0.000047
FILLER_36_701,VGND,li1,329.3600,108.8000,0.000047
FILLER_36_699,VGND,li1,327.2900,108.8000,0.000053
FILLER_36_691,VGND,li1,325.2200,108.8000,0.000063
FILLER_36_679,VGND,li1,320.6200,108.8000,0.000073
FILLER_36_657,VGND,li1,310.5000,108.8000,0.000105
FILLER_36_645,VGND,li1,304.9800,108.8000,0.000121
FILLER_36_642,VGND,li1,301.3000,108.8000,0.000128
FILLER_36_627,VGND,li1,295.7800,108.8000,0.000144
FILLER_36_607,VGND,li1,286.1200,108.8000,0.000170
FILLER_36_599,VGND,li1,281.2900,108.8000,0.000184
FILLER_36_589,VGND,li1,277.1500,108.8000,0.000193
FILLER_36_582,VGND,li1,274.6200,108.8000,0.000198
FILLER_36_558,VGND,li1,262.8900,108.8000,0.000228
FILLER_36_537,VGND,li1,252.7700,108.8000,0.000245
FILLER_36_533,VGND,li1,251.6200,108.8000,0.000251
FILLER_36_531,VGND,li1,250.0100,108.8000,0.000251
FILLER_36_525,VGND,li1,247.2500,108.8000,0.000256
FILLER_36_487,VGND,li1,230.4600,108.8000,0.000287
FILLER_36_477,VGND,li1,225.6300,108.8000,0.000294
FILLER_36_473,VGND,li1,223.7900,108.8000,0.000297
FILLER_36_433,VGND,li1,205.6200,108.8000,0.000323
FILLER_36_421,VGND,li1,201.9400,108.8000,0.000328
FILLER_36_417,VGND,li1,198.0300,108.8000,0.000332
FILLER_36_409,VGND,li1,195.5000,108.8000,0.000334
FILLER_36_397,VGND,li1,190.9000,108.8000,0.000340
FILLER_36_365,VGND,li1,176.1800,108.8000,0.000467
FILLER_36_360,VGND,li1,172.0400,108.8000,0.000548
FILLER_36_341,VGND,li1,165.1400,108.8000,0.000712
FILLER_36_329,VGND,li1,159.6200,108.8000,0.000799
FILLER_36_318,VGND,li1,152.0300,108.8000,0.000894
FILLER_36_309,VGND,li1,147.8900,108.8000,0.000903
FILLER_36_300,VGND,li1,143.7500,108.8000,0.000913
FILLER_36_296,VGND,li1,142.6000,108.8000,0.000913
FILLER_36_284,VGND,li1,138.9200,108.8000,0.000924
FILLER_36_279,VGND,li1,134.0900,108.8000,0.000931
FILLER_36_267,VGND,li1,131.1000,108.8000,0.000937
FILLER_36_259,VGND,li1,124.8900,108.8000,0.000949
FILLER_36_253,VGND,li1,123.2800,108.8000,0.000956
FILLER_36_244,VGND,li1,119.6000,108.8000,0.000960
FILLER_36_204,VGND,li1,100.0500,108.8000,0.000817
FILLER_36_197,VGND,li1,96.8300,108.8000,0.000787
FILLER_36_190,VGND,li1,94.3000,108.8000,0.000763
FILLER_36_178,VGND,li1,90.1600,108.8000,0.000723
FILLER_36_166,VGND,li1,84.6400,108.8000,0.000671
FILLER_36_161,VGND,li1,80.0400,108.8000,0.000623
FILLER_36_153,VGND,li1,77.7400,108.8000,0.000592
FILLER_36_141,VGND,li1,73.1400,108.8000,0.000562
FILLER_36_139,VGND,li1,69.6900,108.8000,0.000529
FILLER_36_133,VGND,li1,68.0800,108.8000,0.000509
FILLER_36_121,VGND,li1,63.9400,108.8000,0.000474
FILLER_36_109,VGND,li1,58.4200,108.8000,0.000421
FILLER_36_97,VGND,li1,52.9000,108.8000,0.000365
FILLER_36_85,VGND,li1,47.3800,108.8000,0.000314
FILLER_36_83,VGND,li1,43.9300,108.8000,0.000264
FILLER_36_77,VGND,li1,42.3200,108.8000,0.000264
FILLER_36_65,VGND,li1,38.1800,108.8000,0.000224
FILLER_36_53,VGND,li1,32.6600,108.8000,0.000170
FILLER_36_41,VGND,li1,27.1400,108.8000,0.000117
FILLER_36_29,VGND,li1,21.6200,108.8000,0.000097
FILLER_36_27,VGND,li1,18.1700,108.8000,0.000097
FILLER_36_15,VGND,li1,15.1800,108.8000,0.000097
FILLER_36_3,VGND,li1,9.6600,108.8000,0.000097
FILLER_35_817,VGND,li1,382.0300,108.8000,0.000042
FILLER_35_809,VGND,li1,379.5000,108.8000,0.000042
FILLER_35_797,VGND,li1,374.9000,108.8000,0.000042
FILLER_35_785,VGND,li1,369.3800,108.8000,0.000041
FILLER_35_772,VGND,li1,363.4000,108.8000,0.000041
FILLER_35_760,VGND,li1,357.8800,108.8000,0.000040
FILLER_35_748,VGND,li1,352.3600,108.8000,0.000040
FILLER_35_736,VGND,li1,346.8400,108.8000,0.000040
FILLER_35_702,VGND,li1,328.6700,108.8000,0.000053
FILLER_35_685,VGND,li1,322.0000,108.8000,0.000073
FILLER_35_673,VGND,li1,317.8600,108.8000,0.000086
FILLER_35_671,VGND,li1,314.4100,108.8000,0.000092
FILLER_35_655,VGND,li1,307.7400,108.8000,0.000115
FILLER_35_648,VGND,li1,303.8300,108.8000,0.000121
FILLER_35_642,VGND,li1,302.2200,108.8000,0.000128
FILLER_35_629,VGND,li1,296.2400,108.8000,0.000144
FILLER_35_617,VGND,li1,292.1000,108.8000,0.000154
FILLER_35_612,VGND,li1,287.9600,108.8000,0.000165
FILLER_35_600,VGND,li1,284.2800,108.8000,0.000178
FILLER_35_588,VGND,li1,276.9200,108.8000,0.000193
FILLER_35_576,VGND,li1,273.2400,108.8000,0.000205
FILLER_35_561,VGND,li1,264.9600,108.8000,0.000223
FILLER_35_559,VGND,li1,262.8900,108.8000,0.000228
FILLER_35_553,VGND,li1,261.2800,108.8000,0.000228
FILLER_35_541,VGND,li1,257.1400,108.8000,0.000239
FILLER_35_529,VGND,li1,251.6200,108.8000,0.000251
FILLER_35_517,VGND,li1,246.1000,108.8000,0.000260
FILLER_35_505,VGND,li1,240.5800,108.8000,0.000271
FILLER_35_500,VGND,li1,236.4400,108.8000,0.000277
FILLER_35_492,VGND,li1,232.0700,108.8000,0.000287
FILLER_35_486,VGND,li1,230.4600,108.8000,0.000287
FILLER_35_474,VGND,li1,226.3200,108.8000,0.000294
FILLER_35_462,VGND,li1,220.8000,108.8000,0.000302
FILLER_35_436,VGND,li1,208.8400,108.8000,0.000319
FILLER_35_416,VGND,li1,197.3400,108.8000,0.000332
FILLER_35_408,VGND,li1,195.0400,108.8000,0.000334
FILLER_35_393,VGND,li1,186.9900,108.8000,0.000344
FILLER_35_390,VGND,li1,185.3800,108.8000,0.000344
FILLER_35_378,VGND,li1,182.1600,108.8000,0.000347
FILLER_35_357,VGND,li1,169.9700,108.8000,0.000608
FILLER_35_349,VGND,li1,167.9000,108.8000,0.000669
FILLER_35_337,VGND,li1,163.3000,108.8000,0.000741
FILLER_35_334,VGND,li1,159.6200,108.8000,0.000799
FILLER_35_326,VGND,li1,157.3200,108.8000,0.000854
FILLER_35_314,VGND,li1,152.7200,108.8000,0.000894
FILLER_35_305,VGND,li1,146.7400,108.8000,0.000907
FILLER_35_293,VGND,li1,143.0600,108.8000,0.000913
FILLER_35_281,VGND,li1,137.5400,108.8000,0.000924
FILLER_35_268,VGND,li1,131.5600,108.8000,0.000937
FILLER_35_235,VGND,li1,116.3800,108.8000,0.000967
FILLER_35_225,VGND,li1,109.9400,108.8000,0.000897
FILLER_35_223,VGND,li1,108.3300,108.8000,0.000879
FILLER_35_217,VGND,li1,106.7200,108.8000,0.000879
FILLER_35_205,VGND,li1,102.5800,108.8000,0.000841
FILLER_35_193,VGND,li1,97.0600,108.8000,0.000787
FILLER_35_181,VGND,li1,91.5400,108.8000,0.000723
FILLER_35_169,VGND,li1,86.0200,108.8000,0.000671
FILLER_35_165,VGND,li1,82.1100,108.8000,0.000647
FILLER_35_157,VGND,li1,79.5800,108.8000,0.000623
FILLER_35_141,VGND,li1,71.0700,108.8000,0.000529
FILLER_35_129,VGND,li1,67.6200,108.8000,0.000509
FILLER_35_121,VGND,li1,61.6400,108.8000,0.000452
FILLER_35_113,VGND,li1,59.3400,108.8000,0.000421
FILLER_35_109,VGND,li1,56.3500,108.8000,0.000401
FILLER_35_99,VGND,li1,51.5200,108.8000,0.000340
FILLER_35_93,VGND,li1,48.7600,108.8000,0.000314
FILLER_35_81,VGND,li1,44.6200,108.8000,0.000285
FILLER_35_69,VGND,li1,40.0200,108.8000,0.000242
FILLER_35_57,VGND,li1,34.5000,108.8000,0.000188
FILLER_35_55,VGND,li1,31.0500,108.8000,0.000144
FILLER_35_51,VGND,li1,29.9000,108.8000,0.000144
FILLER_35_39,VGND,li1,26.2200,108.8000,0.000097
FILLER_35_27,VGND,li1,20.7000,108.8000,0.000097
FILLER_35_15,VGND,li1,15.1800,108.8000,0.000097
FILLER_35_3,VGND,li1,9.6600,108.8000,0.000097
FILLER_34_813,VGND,li1,381.3400,103.3600,0.000043
FILLER_34_811,VGND,li1,378.8100,103.3600,0.000043
FILLER_34_805,VGND,li1,377.2000,103.3600,0.000043
FILLER_34_793,VGND,li1,373.0600,103.3600,0.000043
FILLER_34_781,VGND,li1,367.5400,103.3600,0.000043
FILLER_34_769,VGND,li1,362.0200,103.3600,0.000043
FILLER_34_757,VGND,li1,356.5000,103.3600,0.000043
FILLER_34_748,VGND,li1,351.4400,103.3600,0.000043
FILLER_34_736,VGND,li1,346.8400,103.3600,0.000043
FILLER_34_717,VGND,li1,335.5700,103.3600,0.000042
FILLER_34_698,VGND,li1,327.0600,103.3600,0.000060
FILLER_34_660,VGND,li1,309.3500,103.3600,0.000114
FILLER_34_636,VGND,li1,298.3100,103.3600,0.000118
FILLER_34_630,VGND,li1,296.7000,103.3600,0.000118
FILLER_34_618,VGND,li1,292.5600,103.3600,0.000119
FILLER_34_606,VGND,li1,287.0400,103.3600,0.000120
FILLER_34_597,VGND,li1,280.8300,103.3600,0.000120
FILLER_34_589,VGND,li1,278.3000,103.3600,0.000120
FILLER_34_586,VGND,li1,275.5400,103.3600,0.000120
FILLER_34_578,VGND,li1,273.2400,103.3600,0.000120
FILLER_34_573,VGND,li1,269.3300,103.3600,0.000120
FILLER_34_561,VGND,li1,266.3400,103.3600,0.000119
FILLER_34_549,VGND,li1,260.8200,103.3600,0.000117
FILLER_34_537,VGND,li1,255.3000,103.3600,0.000115
FILLER_34_525,VGND,li1,247.2500,103.3600,0.000111
FILLER_34_513,VGND,li1,244.2600,103.3600,0.000110
FILLER_34_501,VGND,li1,238.7400,103.3600,0.000107
FILLER_34_496,VGND,li1,234.1400,103.3600,0.000104
FILLER_34_489,VGND,li1,230.6900,103.3600,0.000102
FILLER_34_477,VGND,li1,227.7000,103.3600,0.000099
FILLER_34_475,VGND,li1,224.2500,103.3600,0.000097
FILLER_34_467,VGND,li1,222.1800,103.3600,0.000095
FILLER_34_455,VGND,li1,217.5800,103.3600,0.000092
FILLER_34_443,VGND,li1,212.0600,103.3600,0.000088
FILLER_34_419,VGND,li1,198.4900,103.3600,0.000076
FILLER_34_408,VGND,li1,194.1200,103.3600,0.000071
FILLER_34_394,VGND,li1,186.9900,103.3600,0.000063
FILLER_34_386,VGND,li1,184.9200,103.3600,0.000060
FILLER_34_365,VGND,li1,176.1800,103.3600,0.000060
FILLER_34_361,VGND,li1,172.2700,103.3600,0.000074
FILLER_34_349,VGND,li1,168.8200,103.3600,0.000090
FILLER_34_321,VGND,li1,153.6400,103.3600,0.000124
FILLER_34_309,VGND,li1,150.4200,103.3600,0.000126
FILLER_34_307,VGND,li1,146.9700,103.3600,0.000129
FILLER_34_293,VGND,li1,141.2200,103.3600,0.000131
FILLER_34_281,VGND,li1,137.5400,103.3600,0.000132
FILLER_34_253,VGND,li1,122.3600,103.3600,0.000136
FILLER_34_243,VGND,li1,118.6800,103.3600,0.000136
FILLER_34_231,VGND,li1,114.5400,103.3600,0.000136
FILLER_34_219,VGND,li1,107.6400,103.3600,0.000135
FILLER_34_207,VGND,li1,103.5000,103.3600,0.000133
FILLER_34_185,VGND,li1,91.3100,103.3600,0.000127
FILLER_34_139,VGND,li1,69.6900,103.3600,0.000107
FILLER_34_135,VGND,li1,68.5400,103.3600,0.000107
FILLER_34_116,VGND,li1,59.1100,103.3600,0.000093
FILLER_34_83,VGND,li1,43.9300,103.3600,0.000060
FILLER_34_77,VGND,li1,42.3200,103.3600,0.000060
FILLER_34_65,VGND,li1,38.1800,103.3600,0.000051
FILLER_34_53,VGND,li1,32.6600,103.3600,0.000038
FILLER_34_41,VGND,li1,27.1400,103.3600,0.000026
FILLER_34_29,VGND,li1,21.6200,103.3600,0.000022
FILLER_34_27,VGND,li1,18.1700,103.3600,0.000022
FILLER_34_15,VGND,li1,15.1800,103.3600,0.000022
FILLER_34_3,VGND,li1,9.6600,103.3600,0.000022
FILLER_33_821,VGND,li1,383.8700,103.3600,0.000043
FILLER_33_809,VGND,li1,380.4200,103.3600,0.000043
FILLER_33_797,VGND,li1,374.9000,103.3600,0.000043
FILLER_33_785,VGND,li1,369.3800,103.3600,0.000043
FILLER_33_783,VGND,li1,365.9300,103.3600,0.000043
FILLER_33_771,VGND,li1,362.9400,103.3600,0.000043
FILLER_33_759,VGND,li1,357.4200,103.3600,0.000043
FILLER_33_747,VGND,li1,351.9000,103.3600,0.000043
FILLER_33_735,VGND,li1,346.3800,103.3600,0.000043
FILLER_33_719,VGND,li1,336.7200,103.3600,0.000043
FILLER_33_711,VGND,li1,334.4200,103.3600,0.000042
FILLER_33_688,VGND,li1,322.9200,103.3600,0.000078
FILLER_33_662,VGND,li1,310.7300,103.3600,0.000114
FILLER_33_654,VGND,li1,308.2000,103.3600,0.000115
FILLER_33_647,VGND,li1,303.3700,103.3600,0.000117
FILLER_33_641,VGND,li1,301.7600,103.3600,0.000117
FILLER_33_629,VGND,li1,297.6200,103.3600,0.000118
FILLER_33_612,VGND,li1,287.2700,103.3600,0.000120
FILLER_33_595,VGND,li1,279.9100,103.3600,0.000120
FILLER_33_561,VGND,li1,264.2700,103.3600,0.000118
FILLER_33_549,VGND,li1,258.7500,103.3600,0.000116
FILLER_33_541,VGND,li1,256.2200,103.3600,0.000115
FILLER_33_510,VGND,li1,241.5000,103.3600,0.000108
FILLER_33_480,VGND,li1,226.5500,103.3600,0.000099
FILLER_33_474,VGND,li1,224.9400,103.3600,0.000097
FILLER_33_462,VGND,li1,220.8000,103.3600,0.000095
FILLER_33_438,VGND,li1,207.6900,103.3600,0.000085
FILLER_33_417,VGND,li1,198.2600,103.3600,0.000074
FILLER_33_405,VGND,li1,194.5800,103.3600,0.000071
FILLER_33_393,VGND,li1,189.0600,103.3600,0.000065
FILLER_33_388,VGND,li1,184.9200,103.3600,0.000060
FILLER_33_373,VGND,li1,177.3300,103.3600,0.000060
FILLER_33_362,VGND,li1,172.2700,103.3600,0.000074
FILLER_33_354,VGND,li1,170.2000,103.3600,0.000081
FILLER_33_325,VGND,li1,156.4000,103.3600,0.000122
FILLER_33_313,VGND,li1,152.2600,103.3600,0.000124
FILLER_33_296,VGND,li1,141.9100,103.3600,0.000131
FILLER_33_292,VGND,li1,140.7600,103.3600,0.000132
FILLER_33_281,VGND,li1,135.0100,103.3600,0.000133
FILLER_33_279,VGND,li1,134.0900,103.3600,0.000133
FILLER_33_275,VGND,li1,132.9400,103.3600,0.000133
FILLER_33_267,VGND,li1,128.5700,103.3600,0.000135
FILLER_33_258,VGND,li1,125.5800,103.3600,0.000135
FILLER_33_246,VGND,li1,121.4400,103.3600,0.000136
FILLER_33_221,VGND,li1,107.8700,103.3600,0.000135
FILLER_33_206,VGND,li1,102.1200,103.3600,0.000133
FILLER_33_183,VGND,li1,90.6200,103.3600,0.000127
FILLER_33_174,VGND,li1,86.4800,103.3600,0.000124
FILLER_33_165,VGND,li1,82.1100,103.3600,0.000121
FILLER_33_157,VGND,li1,79.5800,103.3600,0.000119
FILLER_33_146,VGND,li1,72.9100,103.3600,0.000111
FILLER_33_134,VGND,li1,69.9200,103.3600,0.000107
FILLER_33_126,VGND,li1,63.7100,103.3600,0.000099
FILLER_33_119,VGND,li1,60.4900,103.3600,0.000093
FILLER_33_113,VGND,li1,58.8800,103.3600,0.000093
FILLER_33_108,VGND,li1,56.1200,103.3600,0.000088
FILLER_33_90,VGND,li1,47.6100,103.3600,0.000071
FILLER_33_81,VGND,li1,43.7000,103.3600,0.000060
FILLER_33_69,VGND,li1,40.0200,103.3600,0.000055
FILLER_33_57,VGND,li1,34.5000,103.3600,0.000043
FILLER_33_55,VGND,li1,31.0500,103.3600,0.000032
FILLER_33_51,VGND,li1,29.9000,103.3600,0.000032
FILLER_33_39,VGND,li1,26.2200,103.3600,0.000022
FILLER_33_27,VGND,li1,20.7000,103.3600,0.000022
FILLER_33_15,VGND,li1,15.1800,103.3600,0.000022
FILLER_33_3,VGND,li1,9.6600,103.3600,0.000022
FILLER_32_819,VGND,li1,382.4900,97.9200,0.000041
FILLER_32_813,VGND,li1,380.8800,97.9200,0.000041
FILLER_32_811,VGND,li1,378.8100,97.9200,0.000041
FILLER_32_805,VGND,li1,377.2000,97.9200,0.000041
FILLER_32_793,VGND,li1,373.0600,97.9200,0.000040
FILLER_32_781,VGND,li1,367.5400,97.9200,0.000040
FILLER_32_769,VGND,li1,362.0200,97.9200,0.000039
FILLER_32_757,VGND,li1,356.5000,97.9200,0.000039
FILLER_32_752,VGND,li1,352.3600,97.9200,0.000039
FILLER_32_740,VGND,li1,348.6800,97.9200,0.000038
FILLER_32_728,VGND,li1,343.1600,97.9200,0.000038
FILLER_32_716,VGND,li1,337.6400,97.9200,0.000037
FILLER_32_704,VGND,li1,332.1200,97.9200,0.000037
FILLER_32_699,VGND,li1,327.2900,97.9200,0.000054
FILLER_32_691,VGND,li1,325.2200,97.9200,0.000061
FILLER_32_660,VGND,li1,309.3500,97.9200,0.000103
FILLER_32_648,VGND,li1,306.3600,97.9200,0.000106
FILLER_32_643,VGND,li1,301.5300,97.9200,0.000108
FILLER_32_622,VGND,li1,291.8700,97.9200,0.000115
FILLER_32_604,VGND,li1,284.2800,97.9200,0.000118
FILLER_32_589,VGND,li1,278.3000,97.9200,0.000119
FILLER_32_586,VGND,li1,275.5400,97.9200,0.000119
FILLER_32_564,VGND,li1,265.4200,97.9200,0.000120
FILLER_32_549,VGND,li1,258.2900,97.9200,0.000119
FILLER_32_531,VGND,li1,250.0100,97.9200,0.000117
FILLER_32_523,VGND,li1,246.3300,97.9200,0.000115
FILLER_32_515,VGND,li1,244.2600,97.9200,0.000115
FILLER_32_499,VGND,li1,236.4400,97.9200,0.000110
FILLER_32_494,VGND,li1,232.9900,97.9200,0.000107
FILLER_32_466,VGND,li1,220.5700,97.9200,0.000096
FILLER_32_447,VGND,li1,211.3700,97.9200,0.000086
FILLER_32_439,VGND,li1,209.3000,97.9200,0.000083
FILLER_32_421,VGND,li1,200.1000,97.9200,0.000069
FILLER_32_408,VGND,li1,195.9600,97.9200,0.000064
FILLER_32_396,VGND,li1,190.4400,97.9200,0.000056
FILLER_32_365,VGND,li1,176.1800,97.9200,0.000041
FILLER_32_360,VGND,li1,172.0400,97.9200,0.000046
FILLER_32_348,VGND,li1,168.3600,97.9200,0.000052
FILLER_32_334,VGND,li1,159.8500,97.9200,0.000063
FILLER_32_326,VGND,li1,157.3200,97.9200,0.000065
FILLER_32_317,VGND,li1,152.0300,97.9200,0.000072
FILLER_32_309,VGND,li1,149.5000,97.9200,0.000074
FILLER_32_306,VGND,li1,146.7400,97.9200,0.000077
FILLER_32_298,VGND,li1,144.4400,97.9200,0.000079
FILLER_32_294,VGND,li1,140.9900,97.9200,0.000081
FILLER_32_282,VGND,li1,138.0000,97.9200,0.000083
FILLER_32_265,VGND,li1,128.1100,97.9200,0.000089
FILLER_32_253,VGND,li1,124.6600,97.9200,0.000091
FILLER_32_251,VGND,li1,121.2100,97.9200,0.000093
FILLER_32_247,VGND,li1,120.0600,97.9200,0.000093
FILLER_32_239,VGND,li1,115.9200,97.9200,0.000095
FILLER_32_227,VGND,li1,112.7000,97.9200,0.000095
FILLER_32_216,VGND,li1,105.1100,97.9200,0.000095
FILLER_32_208,VGND,li1,103.0400,97.9200,0.000094
FILLER_32_201,VGND,li1,98.2100,97.9200,0.000093
FILLER_32_197,VGND,li1,97.0600,97.9200,0.000092
FILLER_32_195,VGND,li1,95.4500,97.9200,0.000092
FILLER_32_189,VGND,li1,93.8400,97.9200,0.000090
FILLER_32_177,VGND,li1,89.7000,97.9200,0.000089
FILLER_32_165,VGND,li1,84.1800,97.9200,0.000085
FILLER_32_153,VGND,li1,78.6600,97.9200,0.000081
FILLER_32_141,VGND,li1,73.1400,97.9200,0.000076
FILLER_32_139,VGND,li1,69.6900,97.9200,0.000072
FILLER_32_133,VGND,li1,68.0800,97.9200,0.000070
FILLER_32_121,VGND,li1,63.9400,97.9200,0.000067
FILLER_32_109,VGND,li1,58.4200,97.9200,0.000061
FILLER_32_97,VGND,li1,52.9000,97.9200,0.000055
FILLER_32_85,VGND,li1,47.3800,97.9200,0.000048
FILLER_32_83,VGND,li1,43.9300,97.9200,0.000042
FILLER_32_79,VGND,li1,42.7800,97.9200,0.000042
FILLER_32_65,VGND,li1,36.1100,97.9200,0.000033
FILLER_32_53,VGND,li1,32.6600,97.9200,0.000027
FILLER_32_41,VGND,li1,27.1400,97.9200,0.000019
FILLER_32_29,VGND,li1,21.6200,97.9200,0.000016
FILLER_32_27,VGND,li1,18.1700,97.9200,0.000016
FILLER_32_15,VGND,li1,15.1800,97.9200,0.000016
FILLER_32_3,VGND,li1,9.6600,97.9200,0.000016
FILLER_31_809,VGND,li1,380.4200,97.9200,0.000041
FILLER_31_797,VGND,li1,374.9000,97.9200,0.000040
FILLER_31_785,VGND,li1,369.3800,97.9200,0.000040
FILLER_31_783,VGND,li1,365.9300,97.9200,0.000040
FILLER_31_777,VGND,li1,364.3200,97.9200,0.000040
FILLER_31_765,VGND,li1,360.1800,97.9200,0.000039
FILLER_31_753,VGND,li1,354.6600,97.9200,0.000039
FILLER_31_741,VGND,li1,349.1400,97.9200,0.000038
FILLER_31_729,VGND,li1,343.6200,97.9200,0.000038
FILLER_31_727,VGND,li1,340.1700,97.9200,0.000038
FILLER_31_721,VGND,li1,338.5600,97.9200,0.000037
FILLER_31_709,VGND,li1,334.4200,97.9200,0.000037
FILLER_31_685,VGND,li1,323.3800,97.9200,0.000072
FILLER_31_673,VGND,li1,317.8600,97.9200,0.000086
FILLER_31_663,VGND,li1,310.7300,97.9200,0.000103
FILLER_31_657,VGND,li1,309.1200,97.9200,0.000103
FILLER_31_645,VGND,li1,304.9800,97.9200,0.000106
FILLER_31_633,VGND,li1,299.4600,97.9200,0.000110
FILLER_31_614,VGND,li1,288.4200,97.9200,0.000116
FILLER_31_602,VGND,li1,283.1300,97.9200,0.000118
FILLER_31_585,VGND,li1,276.0000,97.9200,0.000119
FILLER_31_573,VGND,li1,269.5600,97.9200,0.000120
FILLER_31_561,VGND,li1,266.3400,97.9200,0.000120
FILLER_31_559,VGND,li1,262.8900,97.9200,0.000120
FILLER_31_552,VGND,li1,259.6700,97.9200,0.000119
FILLER_31_548,VGND,li1,258.5200,97.9200,0.000119
FILLER_31_539,VGND,li1,253.6900,97.9200,0.000118
FILLER_31_535,VGND,li1,251.8500,97.9200,0.000118
FILLER_31_531,VGND,li1,250.7000,97.9200,0.000117
FILLER_31_519,VGND,li1,247.0200,97.9200,0.000115
FILLER_31_502,VGND,li1,236.9000,97.9200,0.000110
FILLER_31_494,VGND,li1,234.6000,97.9200,0.000109
FILLER_31_478,VGND,li1,226.7800,97.9200,0.000103
FILLER_31_468,VGND,li1,221.4900,97.9200,0.000098
FILLER_31_457,VGND,li1,215.9700,97.9200,0.000092
FILLER_31_449,VGND,li1,213.9000,97.9200,0.000089
FILLER_31_446,VGND,li1,211.1400,97.9200,0.000086
FILLER_31_438,VGND,li1,208.8400,97.9200,0.000083
FILLER_31_428,VGND,li1,202.6300,97.9200,0.000075
FILLER_31_420,VGND,li1,200.5600,97.9200,0.000069
FILLER_31_408,VGND,li1,195.9600,97.9200,0.000064
FILLER_31_401,VGND,li1,190.4400,97.9200,0.000056
FILLER_31_393,VGND,li1,188.1400,97.9200,0.000052
FILLER_31_391,VGND,li1,185.6100,97.9200,0.000045
FILLER_31_384,VGND,li1,182.3900,97.9200,0.000040
FILLER_31_378,VGND,li1,180.7800,97.9200,0.000040
FILLER_31_363,VGND,li1,172.7300,97.9200,0.000046
FILLER_31_350,VGND,li1,166.9800,97.9200,0.000052
FILLER_31_337,VGND,li1,161.9200,97.9200,0.000061
FILLER_31_327,VGND,li1,156.4000,97.9200,0.000065
FILLER_31_308,VGND,li1,148.5800,97.9200,0.000074
FILLER_31_289,VGND,li1,139.1500,97.9200,0.000082
FILLER_31_281,VGND,li1,136.6200,97.9200,0.000083
FILLER_31_279,VGND,li1,134.0900,97.9200,0.000086
FILLER_31_275,VGND,li1,132.9400,97.9200,0.000086
FILLER_31_262,VGND,li1,126.2700,97.9200,0.000091
FILLER_31_247,VGND,li1,119.6000,97.9200,0.000093
FILLER_31_232,VGND,li1,112.7000,97.9200,0.000095
FILLER_31_223,VGND,li1,108.3300,97.9200,0.000096
FILLER_31_219,VGND,li1,107.1800,97.9200,0.000096
FILLER_31_211,VGND,li1,102.8100,97.9200,0.000094
FILLER_31_207,VGND,li1,101.6600,97.9200,0.000094
FILLER_31_198,VGND,li1,97.0600,97.9200,0.000092
FILLER_31_188,VGND,li1,92.2300,97.9200,0.000090
FILLER_31_180,VGND,li1,90.1600,97.9200,0.000089
FILLER_31_156,VGND,li1,80.0400,97.9200,0.000081
FILLER_31_144,VGND,li1,74.5200,97.9200,0.000076
FILLER_31_134,VGND,li1,67.3900,97.9200,0.000070
FILLER_31_122,VGND,li1,64.4000,97.9200,0.000067
FILLER_31_113,VGND,li1,57.9600,97.9200,0.000061
FILLER_31_108,VGND,li1,56.1200,97.9200,0.000059
FILLER_31_97,VGND,li1,51.0600,97.9200,0.000053
FILLER_31_86,VGND,li1,45.3100,97.9200,0.000046
FILLER_31_78,VGND,li1,43.2400,97.9200,0.000042
FILLER_31_57,VGND,li1,32.2000,97.9200,0.000027
FILLER_31_55,VGND,li1,31.0500,97.9200,0.000023
FILLER_31_51,VGND,li1,29.9000,97.9200,0.000023
FILLER_31_39,VGND,li1,26.2200,97.9200,0.000016
FILLER_31_27,VGND,li1,20.7000,97.9200,0.000016
FILLER_31_15,VGND,li1,15.1800,97.9200,0.000016
FILLER_31_3,VGND,li1,9.6600,97.9200,0.000016
FILLER_30_819,VGND,li1,382.4900,92.4800,0.000030
FILLER_30_813,VGND,li1,380.8800,92.4800,0.000030
FILLER_30_811,VGND,li1,378.8100,92.4800,0.000030
FILLER_30_805,VGND,li1,377.2000,92.4800,0.000030
FILLER_30_793,VGND,li1,373.0600,92.4800,0.000029
FILLER_30_781,VGND,li1,367.5400,92.4800,0.000029
FILLER_30_769,VGND,li1,362.0200,92.4800,0.000028
FILLER_30_757,VGND,li1,356.5000,92.4800,0.000028
FILLER_30_752,VGND,li1,352.3600,92.4800,0.000027
FILLER_30_740,VGND,li1,348.6800,92.4800,0.000027
FILLER_30_728,VGND,li1,343.1600,92.4800,0.000026
FILLER_30_716,VGND,li1,337.6400,92.4800,0.000026
FILLER_30_697,VGND,li1,326.8300,92.4800,0.000036
FILLER_30_684,VGND,li1,320.6200,92.4800,0.000047
FILLER_30_676,VGND,li1,318.3200,92.4800,0.000051
FILLER_30_655,VGND,li1,307.2800,92.4800,0.000069
FILLER_30_637,VGND,li1,299.0000,92.4800,0.000078
FILLER_30_625,VGND,li1,295.7800,92.4800,0.000082
FILLER_30_613,VGND,li1,289.3400,92.4800,0.000087
FILLER_30_601,VGND,li1,284.7400,92.4800,0.000091
FILLER_30_589,VGND,li1,279.2200,92.4800,0.000097
FILLER_30_586,VGND,li1,275.5400,92.4800,0.000099
FILLER_30_571,VGND,li1,269.5600,92.4800,0.000103
FILLER_30_559,VGND,li1,265.4200,92.4800,0.000105
FILLER_30_547,VGND,li1,259.9000,92.4800,0.000108
FILLER_30_541,VGND,li1,254.6100,92.4800,0.000110
FILLER_30_533,VGND,li1,252.5400,92.4800,0.000111
FILLER_30_530,VGND,li1,249.7800,92.4800,0.000111
FILLER_30_522,VGND,li1,247.4800,92.4800,0.000111
FILLER_30_510,VGND,li1,242.8800,92.4800,0.000111
FILLER_30_505,VGND,li1,238.0500,92.4800,0.000111
FILLER_30_501,VGND,li1,236.9000,92.4800,0.000111
FILLER_30_489,VGND,li1,233.2200,92.4800,0.000111
FILLER_30_477,VGND,li1,227.7000,92.4800,0.000110
FILLER_30_474,VGND,li1,224.0200,92.4800,0.000109
FILLER_30_468,VGND,li1,221.0300,92.4800,0.000107
FILLER_30_458,VGND,li1,217.1200,92.4800,0.000105
FILLER_30_450,VGND,li1,212.7500,92.4800,0.000101
FILLER_30_442,VGND,li1,210.6800,92.4800,0.000100
FILLER_30_421,VGND,li1,200.1000,92.4800,0.000086
FILLER_30_419,VGND,li1,198.4900,92.4800,0.000086
FILLER_30_415,VGND,li1,197.3400,92.4800,0.000081
FILLER_30_396,VGND,li1,188.6000,92.4800,0.000067
FILLER_30_371,VGND,li1,178.9400,92.4800,0.000049
FILLER_30_365,VGND,li1,173.8800,92.4800,0.000062
FILLER_30_352,VGND,li1,170.2000,92.4800,0.000072
FILLER_30_345,VGND,li1,164.4500,92.4800,0.000083
FILLER_30_341,VGND,li1,163.3000,92.4800,0.000083
FILLER_30_329,VGND,li1,159.6200,92.4800,0.000091
FILLER_30_317,VGND,li1,151.8000,92.4800,0.000106
FILLER_30_309,VGND,li1,149.5000,92.4800,0.000110
FILLER_30_300,VGND,li1,143.7500,92.4800,0.000121
FILLER_30_280,VGND,li1,136.1600,92.4800,0.000129
FILLER_30_265,VGND,li1,128.3400,92.4800,0.000133
FILLER_30_253,VGND,li1,124.6600,92.4800,0.000135
FILLER_30_250,VGND,li1,120.9800,92.4800,0.000139
FILLER_30_238,VGND,li1,115.4600,92.4800,0.000142
FILLER_30_226,VGND,li1,112.2400,92.4800,0.000143
FILLER_30_214,VGND,li1,106.7200,92.4800,0.000146
FILLER_30_204,VGND,li1,100.2800,92.4800,0.000144
FILLER_30_194,VGND,li1,95.2200,92.4800,0.000142
FILLER_30_177,VGND,li1,87.1700,92.4800,0.000139
FILLER_30_171,VGND,li1,85.5600,92.4800,0.000138
FILLER_30_155,VGND,li1,77.5100,92.4800,0.000130
FILLER_30_123,VGND,li1,62.3300,92.4800,0.000103
FILLER_30_119,VGND,li1,61.1800,92.4800,0.000103
FILLER_30_110,VGND,li1,57.0400,92.4800,0.000095
FILLER_30_72,VGND,li1,40.4800,92.4800,0.000060
FILLER_30_53,VGND,li1,32.6600,92.4800,0.000042
FILLER_30_41,VGND,li1,27.1400,92.4800,0.000030
FILLER_30_29,VGND,li1,21.6200,92.4800,0.000025
FILLER_30_27,VGND,li1,18.1700,92.4800,0.000025
FILLER_30_15,VGND,li1,15.1800,92.4800,0.000025
FILLER_30_3,VGND,li1,9.6600,92.4800,0.000025
FILLER_29_809,VGND,li1,380.4200,92.4800,0.000030
FILLER_29_797,VGND,li1,374.9000,92.4800,0.000029
FILLER_29_785,VGND,li1,369.3800,92.4800,0.000029
FILLER_29_783,VGND,li1,365.9300,92.4800,0.000028
FILLER_29_777,VGND,li1,364.3200,92.4800,0.000028
FILLER_29_765,VGND,li1,360.1800,92.4800,0.000028
FILLER_29_753,VGND,li1,354.6600,92.4800,0.000028
FILLER_29_741,VGND,li1,349.1400,92.4800,0.000027
FILLER_29_729,VGND,li1,343.6200,92.4800,0.000026
FILLER_29_725,VGND,li1,339.7100,92.4800,0.000026
FILLER_29_717,VGND,li1,337.1800,92.4800,0.000026
FILLER_29_683,VGND,li1,319.9300,92.4800,0.000051
FILLER_29_679,VGND,li1,318.7800,92.4800,0.000051
FILLER_29_658,VGND,li1,309.1200,92.4800,0.000066
FILLER_29_643,VGND,li1,301.5300,92.4800,0.000076
FILLER_29_631,VGND,li1,298.5400,92.4800,0.000078
FILLER_29_615,VGND,li1,288.6500,92.4800,0.000089
FILLER_29_609,VGND,li1,287.0400,92.4800,0.000089
FILLER_29_597,VGND,li1,282.9000,92.4800,0.000093
FILLER_29_582,VGND,li1,273.7000,92.4800,0.000100
FILLER_29_573,VGND,li1,269.5600,92.4800,0.000103
FILLER_29_561,VGND,li1,266.3400,92.4800,0.000105
FILLER_29_559,VGND,li1,262.8900,92.4800,0.000106
FILLER_29_535,VGND,li1,251.8500,92.4800,0.000111
FILLER_29_513,VGND,li1,241.9600,92.4800,0.000111
FILLER_29_505,VGND,li1,239.6600,92.4800,0.000111
FILLER_29_503,VGND,li1,237.1300,92.4800,0.000111
FILLER_29_471,VGND,li1,224.9400,92.4800,0.000109
FILLER_29_464,VGND,li1,219.6500,92.4800,0.000107
FILLER_29_452,VGND,li1,216.2000,92.4800,0.000103
FILLER_29_447,VGND,li1,211.3700,92.4800,0.000100
FILLER_29_441,VGND,li1,209.7600,92.4800,0.000100
FILLER_29_433,VGND,li1,204.9300,92.4800,0.000096
FILLER_29_420,VGND,li1,200.1000,92.4800,0.000086
FILLER_29_405,VGND,li1,192.0500,92.4800,0.000075
FILLER_29_401,VGND,li1,190.9000,92.4800,0.000070
FILLER_29_391,VGND,li1,185.6100,92.4800,0.000061
FILLER_29_380,VGND,li1,180.5500,92.4800,0.000053
FILLER_29_374,VGND,li1,178.9400,92.4800,0.000049
FILLER_29_361,VGND,li1,171.8100,92.4800,0.000066
FILLER_29_349,VGND,li1,168.8200,92.4800,0.000072
FILLER_29_337,VGND,li1,163.3000,92.4800,0.000083
FILLER_29_327,VGND,li1,157.3200,92.4800,0.000097
FILLER_29_315,VGND,li1,151.8000,92.4800,0.000106
FILLER_29_311,VGND,li1,148.8100,92.4800,0.000113
FILLER_29_305,VGND,li1,147.2000,92.4800,0.000117
FILLER_29_293,VGND,li1,143.0600,92.4800,0.000121
FILLER_29_281,VGND,li1,137.5400,92.4800,0.000126
FILLER_29_279,VGND,li1,134.0900,92.4800,0.000130
FILLER_29_267,VGND,li1,131.1000,92.4800,0.000132
FILLER_29_255,VGND,li1,125.5800,92.4800,0.000135
FILLER_29_243,VGND,li1,120.0600,92.4800,0.000139
FILLER_29_231,VGND,li1,114.5400,92.4800,0.000142
FILLER_29_209,VGND,li1,103.5000,92.4800,0.000145
FILLER_29_197,VGND,li1,98.9000,92.4800,0.000143
FILLER_29_184,VGND,li1,90.8500,92.4800,0.000140
FILLER_29_176,VGND,li1,88.3200,92.4800,0.000139
FILLER_29_156,VGND,li1,78.6600,92.4800,0.000130
FILLER_29_150,VGND,li1,74.7500,92.4800,0.000126
FILLER_29_142,VGND,li1,72.6800,92.4800,0.000122
FILLER_29_122,VGND,li1,64.4000,92.4800,0.000107
FILLER_29_109,VGND,li1,56.3500,92.4800,0.000091
FILLER_29_97,VGND,li1,52.9000,92.4800,0.000085
FILLER_29_89,VGND,li1,46.6900,92.4800,0.000075
FILLER_29_57,VGND,li1,31.9700,92.4800,0.000042
FILLER_29_55,VGND,li1,31.0500,92.4800,0.000037
FILLER_29_51,VGND,li1,29.9000,92.4800,0.000037
FILLER_29_39,VGND,li1,26.2200,92.4800,0.000025
FILLER_29_27,VGND,li1,20.7000,92.4800,0.000025
FILLER_29_15,VGND,li1,15.1800,92.4800,0.000025
FILLER_29_3,VGND,li1,9.6600,92.4800,0.000025
FILLER_28_821,VGND,li1,383.8700,87.0400,0.000091
FILLER_28_813,VGND,li1,381.3400,87.0400,0.000091
FILLER_28_811,VGND,li1,378.8100,87.0400,0.000090
FILLER_28_805,VGND,li1,377.2000,87.0400,0.000090
FILLER_28_793,VGND,li1,373.0600,87.0400,0.000089
FILLER_28_781,VGND,li1,367.5400,87.0400,0.000088
FILLER_28_769,VGND,li1,362.0200,87.0400,0.000087
FILLER_28_757,VGND,li1,356.5000,87.0400,0.000086
FILLER_28_750,VGND,li1,351.9000,87.0400,0.000086
FILLER_28_738,VGND,li1,347.7600,87.0400,0.000084
FILLER_28_726,VGND,li1,342.2400,87.0400,0.000079
FILLER_28_701,VGND,li1,328.2100,87.0400,0.000087
FILLER_28_698,VGND,li1,327.0600,87.0400,0.000095
FILLER_28_679,VGND,li1,319.2400,87.0400,0.000120
FILLER_28_670,VGND,li1,314.1800,87.0400,0.000137
FILLER_28_663,VGND,li1,310.7300,87.0400,0.000142
FILLER_28_653,VGND,li1,306.5900,87.0400,0.000154
FILLER_28_645,VGND,li1,304.0600,87.0400,0.000162
FILLER_28_643,VGND,li1,301.5300,87.0400,0.000169
FILLER_28_635,VGND,li1,299.4600,87.0400,0.000177
FILLER_28_623,VGND,li1,294.8600,87.0400,0.000188
FILLER_28_610,VGND,li1,286.8100,87.0400,0.000212
FILLER_28_595,VGND,li1,279.4500,87.0400,0.000231
FILLER_28_589,VGND,li1,277.8400,87.0400,0.000238
FILLER_28_587,VGND,li1,275.7700,87.0400,0.000243
FILLER_28_581,VGND,li1,273.0100,87.0400,0.000250
FILLER_28_567,VGND,li1,266.5700,87.0400,0.000264
FILLER_28_555,VGND,li1,263.5800,87.0400,0.000268
FILLER_28_544,VGND,li1,256.6800,87.0400,0.000282
FILLER_28_511,VGND,li1,242.4200,87.0400,0.000307
FILLER_28_477,VGND,li1,225.4000,87.0400,0.000295
FILLER_28_475,VGND,li1,224.2500,87.0400,0.000289
FILLER_28_471,VGND,li1,223.1000,87.0400,0.000289
FILLER_28_457,VGND,li1,215.9700,87.0400,0.000261
FILLER_28_445,VGND,li1,212.9800,87.0400,0.000240
FILLER_28_433,VGND,li1,207.4600,87.0400,0.000215
FILLER_28_421,VGND,li1,201.9400,87.0400,0.000195
FILLER_28_410,VGND,li1,194.3500,87.0400,0.000157
FILLER_28_406,VGND,li1,192.5100,87.0400,0.000146
FILLER_28_387,VGND,li1,186.3000,87.0400,0.000109
FILLER_28_377,VGND,li1,179.8600,87.0400,0.000077
FILLER_28_365,VGND,li1,176.1800,87.0400,0.000084
FILLER_28_360,VGND,li1,172.0400,87.0400,0.000094
FILLER_28_348,VGND,li1,168.3600,87.0400,0.000100
FILLER_28_325,VGND,li1,155.2500,87.0400,0.000123
FILLER_28_309,VGND,li1,147.8900,87.0400,0.000136
FILLER_28_307,VGND,li1,146.9700,87.0400,0.000136
FILLER_28_301,VGND,li1,145.3600,87.0400,0.000139
FILLER_28_289,VGND,li1,141.2200,87.0400,0.000146
FILLER_28_277,VGND,li1,135.7000,87.0400,0.000153
FILLER_28_265,VGND,li1,130.1800,87.0400,0.000159
FILLER_28_253,VGND,li1,124.6600,87.0400,0.000166
FILLER_28_241,VGND,li1,116.6100,87.0400,0.000176
FILLER_28_229,VGND,li1,113.6200,87.0400,0.000178
FILLER_28_221,VGND,li1,107.8700,87.0400,0.000180
FILLER_28_209,VGND,li1,104.4200,87.0400,0.000178
FILLER_28_197,VGND,li1,98.9000,87.0400,0.000176
FILLER_28_194,VGND,li1,95.2200,87.0400,0.000174
FILLER_28_186,VGND,li1,92.9200,87.0400,0.000173
FILLER_28_173,VGND,li1,85.3300,87.0400,0.000166
FILLER_28_165,VGND,li1,83.2600,87.0400,0.000162
FILLER_28_153,VGND,li1,78.6600,87.0400,0.000156
FILLER_28_141,VGND,li1,73.1400,87.0400,0.000148
FILLER_28_137,VGND,li1,69.2300,87.0400,0.000143
FILLER_28_125,VGND,li1,65.7800,87.0400,0.000138
FILLER_28_113,VGND,li1,57.7300,87.0400,0.000119
FILLER_28_109,VGND,li1,56.5800,87.0400,0.000119
FILLER_28_97,VGND,li1,52.9000,87.0400,0.000106
FILLER_28_85,VGND,li1,47.3800,87.0400,0.000094
FILLER_28_83,VGND,li1,43.9300,87.0400,0.000085
FILLER_28_75,VGND,li1,41.8600,87.0400,0.000079
FILLER_28_53,VGND,li1,32.6600,87.0400,0.000052
FILLER_28_41,VGND,li1,27.1400,87.0400,0.000036
FILLER_28_29,VGND,li1,21.6200,87.0400,0.000030
FILLER_28_27,VGND,li1,18.1700,87.0400,0.000030
FILLER_28_15,VGND,li1,15.1800,87.0400,0.000030
FILLER_28_3,VGND,li1,9.6600,87.0400,0.000030
FILLER_27_817,VGND,li1,382.0300,87.0400,0.000091
FILLER_27_809,VGND,li1,379.5000,87.0400,0.000090
FILLER_27_797,VGND,li1,374.9000,87.0400,0.000089
FILLER_27_785,VGND,li1,369.3800,87.0400,0.000089
FILLER_27_783,VGND,li1,365.9300,87.0400,0.000088
FILLER_27_771,VGND,li1,362.9400,87.0400,0.000087
FILLER_27_759,VGND,li1,357.4200,87.0400,0.000086
FILLER_27_737,VGND,li1,345.0000,87.0400,0.000081
FILLER_27_729,VGND,li1,341.5500,87.0400,0.000079
FILLER_27_697,VGND,li1,327.0600,87.0400,0.000095
FILLER_27_689,VGND,li1,322.6900,87.0400,0.000108
FILLER_27_685,VGND,li1,321.5400,87.0400,0.000108
FILLER_27_673,VGND,li1,317.8600,87.0400,0.000120
FILLER_27_669,VGND,li1,313.9500,87.0400,0.000137
FILLER_27_665,VGND,li1,311.6500,87.0400,0.000142
FILLER_27_653,VGND,li1,308.6600,87.0400,0.000148
FILLER_27_639,VGND,li1,300.1500,87.0400,0.000177
FILLER_27_617,VGND,li1,292.1000,87.0400,0.000199
FILLER_27_609,VGND,li1,286.3500,87.0400,0.000212
FILLER_27_592,VGND,li1,278.7600,87.0400,0.000231
FILLER_27_580,VGND,li1,275.0800,87.0400,0.000243
FILLER_27_568,VGND,li1,267.2600,87.0400,0.000260
FILLER_27_552,VGND,li1,259.6700,87.0400,0.000277
FILLER_27_540,VGND,li1,256.6800,87.0400,0.000282
FILLER_27_515,VGND,li1,243.3400,87.0400,0.000305
FILLER_27_500,VGND,li1,236.4400,87.0400,0.000315
FILLER_27_485,VGND,li1,228.8500,87.0400,0.000302
FILLER_27_473,VGND,li1,225.8600,87.0400,0.000295
FILLER_27_464,VGND,li1,219.4200,87.0400,0.000269
FILLER_27_452,VGND,li1,216.2000,87.0400,0.000261
FILLER_27_447,VGND,li1,211.3700,87.0400,0.000240
FILLER_27_439,VGND,li1,207.6900,87.0400,0.000215
FILLER_27_433,VGND,li1,206.0800,87.0400,0.000215
FILLER_27_426,VGND,li1,202.1700,87.0400,0.000195
FILLER_27_414,VGND,li1,198.7200,87.0400,0.000174
FILLER_27_410,VGND,li1,194.3500,87.0400,0.000157
FILLER_27_405,VGND,li1,192.0500,87.0400,0.000146
FILLER_27_393,VGND,li1,189.0600,87.0400,0.000130
FILLER_27_388,VGND,li1,184.9200,87.0400,0.000109
FILLER_27_376,VGND,li1,181.2400,87.0400,0.000090
FILLER_27_362,VGND,li1,173.8800,87.0400,0.000090
FILLER_27_344,VGND,li1,165.6000,87.0400,0.000108
FILLER_27_324,VGND,li1,155.4800,87.0400,0.000123
FILLER_27_316,VGND,li1,151.1100,87.0400,0.000130
FILLER_27_303,VGND,li1,145.1300,87.0400,0.000139
FILLER_27_295,VGND,li1,143.0600,87.0400,0.000142
FILLER_27_281,VGND,li1,135.2400,87.0400,0.000153
FILLER_27_279,VGND,li1,134.0900,87.0400,0.000156
FILLER_27_273,VGND,li1,132.4800,87.0400,0.000156
FILLER_27_262,VGND,li1,126.2700,87.0400,0.000166
FILLER_27_237,VGND,li1,114.7700,87.0400,0.000178
FILLER_27_221,VGND,li1,107.8700,87.0400,0.000180
FILLER_27_200,VGND,li1,98.4400,87.0400,0.000176
FILLER_27_188,VGND,li1,94.7600,87.0400,0.000174
FILLER_27_176,VGND,li1,89.2400,87.0400,0.000171
FILLER_27_164,VGND,li1,81.8800,87.0400,0.000162
FILLER_27_152,VGND,li1,78.2000,87.0400,0.000156
FILLER_27_140,VGND,li1,72.6800,87.0400,0.000148
FILLER_27_128,VGND,li1,67.1600,87.0400,0.000138
FILLER_27_113,VGND,li1,57.7300,87.0400,0.000119
FILLER_27_106,VGND,li1,54.5100,87.0400,0.000114
FILLER_27_94,VGND,li1,51.5200,87.0400,0.000106
FILLER_27_86,VGND,li1,45.3100,87.0400,0.000085
FILLER_27_80,VGND,li1,43.7000,87.0400,0.000085
FILLER_27_68,VGND,li1,39.5600,87.0400,0.000071
FILLER_27_61,VGND,li1,33.8100,87.0400,0.000052
FILLER_27_57,VGND,li1,32.6600,87.0400,0.000052
FILLER_27_55,VGND,li1,31.0500,87.0400,0.000044
FILLER_27_51,VGND,li1,29.9000,87.0400,0.000044
FILLER_27_39,VGND,li1,26.2200,87.0400,0.000030
FILLER_27_27,VGND,li1,20.7000,87.0400,0.000030
FILLER_27_15,VGND,li1,15.1800,87.0400,0.000030
FILLER_27_3,VGND,li1,9.6600,87.0400,0.000030
FILLER_26_819,VGND,li1,382.4900,81.6000,0.000105
FILLER_26_813,VGND,li1,380.8800,81.6000,0.000105
FILLER_26_808,VGND,li1,378.1200,81.6000,0.000103
FILLER_26_796,VGND,li1,374.4400,81.6000,0.000101
FILLER_26_784,VGND,li1,368.9200,81.6000,0.000097
FILLER_26_762,VGND,li1,356.5000,81.6000,0.000086
FILLER_26_754,VGND,li1,352.8200,81.6000,0.000081
FILLER_26_745,VGND,li1,348.4500,81.6000,0.000076
FILLER_26_739,VGND,li1,346.8400,81.6000,0.000073
FILLER_26_727,VGND,li1,342.7000,81.6000,0.000067
FILLER_26_714,VGND,li1,334.4200,81.6000,0.000055
FILLER_26_706,VGND,li1,332.1200,81.6000,0.000051
FILLER_26_698,VGND,li1,327.0600,81.6000,0.000068
FILLER_26_690,VGND,li1,324.7600,81.6000,0.000079
FILLER_26_678,VGND,li1,320.1600,81.6000,0.000091
FILLER_26_667,VGND,li1,312.5700,81.6000,0.000115
FILLER_26_659,VGND,li1,310.5000,81.6000,0.000121
FILLER_26_645,VGND,li1,303.1400,81.6000,0.000143
FILLER_26_632,VGND,li1,299.0000,81.6000,0.000151
FILLER_26_620,VGND,li1,291.1800,81.6000,0.000168
FILLER_26_608,VGND,li1,287.9600,81.6000,0.000173
FILLER_26_596,VGND,li1,282.4400,81.6000,0.000183
FILLER_26_587,VGND,li1,275.7700,81.6000,0.000194
FILLER_26_583,VGND,li1,273.9300,81.6000,0.000196
FILLER_26_576,VGND,li1,270.7100,81.6000,0.000201
FILLER_26_568,VGND,li1,268.6400,81.6000,0.000203
FILLER_26_549,VGND,li1,259.4400,81.6000,0.000211
FILLER_26_536,VGND,li1,252.3100,81.6000,0.000218
FILLER_26_525,VGND,li1,247.7100,81.6000,0.000222
FILLER_26_513,VGND,li1,242.1900,81.6000,0.000224
FILLER_26_499,VGND,li1,235.7500,81.6000,0.000227
FILLER_26_485,VGND,li1,229.0800,81.6000,0.000229
FILLER_26_477,VGND,li1,226.7800,81.6000,0.000229
FILLER_26_475,VGND,li1,224.2500,81.6000,0.000229
FILLER_26_458,VGND,li1,216.6600,81.6000,0.000226
FILLER_26_439,VGND,li1,208.8400,81.6000,0.000215
FILLER_26_421,VGND,li1,200.1000,81.6000,0.000198
FILLER_26_419,VGND,li1,198.4900,81.6000,0.000188
FILLER_26_415,VGND,li1,197.3400,81.6000,0.000188
FILLER_26_399,VGND,li1,189.5200,81.6000,0.000153
FILLER_26_395,VGND,li1,187.4500,81.6000,0.000143
FILLER_26_382,VGND,li1,182.1600,81.6000,0.000126
FILLER_26_372,VGND,li1,177.3300,81.6000,0.000102
FILLER_26_344,VGND,li1,163.9900,81.6000,0.000143
FILLER_26_336,VGND,li1,161.9200,81.6000,0.000149
FILLER_26_324,VGND,li1,157.3200,81.6000,0.000162
FILLER_26_313,VGND,li1,149.7300,81.6000,0.000181
FILLER_26_309,VGND,li1,148.5800,81.6000,0.000181
FILLER_26_307,VGND,li1,146.9700,81.6000,0.000188
FILLER_26_287,VGND,li1,138.0000,81.6000,0.000199
FILLER_26_279,VGND,li1,134.0900,81.6000,0.000202
FILLER_26_273,VGND,li1,131.5600,81.6000,0.000204
FILLER_26_260,VGND,li1,126.5000,81.6000,0.000207
FILLER_26_251,VGND,li1,121.2100,81.6000,0.000211
FILLER_26_247,VGND,li1,120.0600,81.6000,0.000211
FILLER_26_239,VGND,li1,115.6900,81.6000,0.000212
FILLER_26_227,VGND,li1,112.7000,81.6000,0.000214
FILLER_26_212,VGND,li1,103.2700,81.6000,0.000209
FILLER_26_197,VGND,li1,97.9800,81.6000,0.000203
FILLER_26_195,VGND,li1,95.4500,81.6000,0.000200
FILLER_26_191,VGND,li1,94.3000,81.6000,0.000197
FILLER_26_180,VGND,li1,90.1600,81.6000,0.000192
FILLER_26_173,VGND,li1,86.0200,81.6000,0.000186
FILLER_26_141,VGND,li1,70.6100,81.6000,0.000158
FILLER_26_139,VGND,li1,69.6900,81.6000,0.000153
FILLER_26_133,VGND,li1,68.0800,81.6000,0.000153
FILLER_26_121,VGND,li1,63.9400,81.6000,0.000142
FILLER_26_110,VGND,li1,56.3500,81.6000,0.000126
FILLER_26_98,VGND,li1,53.3600,81.6000,0.000119
FILLER_26_91,VGND,li1,47.6100,81.6000,0.000100
FILLER_26_85,VGND,li1,45.3100,81.6000,0.000093
FILLER_26_76,VGND,li1,42.3200,81.6000,0.000086
FILLER_26_64,VGND,li1,37.7200,81.6000,0.000068
FILLER_26_53,VGND,li1,30.8200,81.6000,0.000048
FILLER_26_41,VGND,li1,27.1400,81.6000,0.000039
FILLER_26_29,VGND,li1,21.6200,81.6000,0.000033
FILLER_26_27,VGND,li1,18.1700,81.6000,0.000033
FILLER_26_15,VGND,li1,15.1800,81.6000,0.000033
FILLER_26_3,VGND,li1,9.6600,81.6000,0.000033
FILLER_25_817,VGND,li1,382.0300,81.6000,0.000105
FILLER_25_809,VGND,li1,379.5000,81.6000,0.000103
FILLER_25_797,VGND,li1,374.9000,81.6000,0.000101
FILLER_25_785,VGND,li1,369.3800,81.6000,0.000097
FILLER_25_782,VGND,li1,365.7000,81.6000,0.000095
FILLER_25_770,VGND,li1,362.4800,81.6000,0.000092
FILLER_25_758,VGND,li1,356.9600,81.6000,0.000086
FILLER_25_746,VGND,li1,351.4400,81.6000,0.000078
FILLER_25_725,VGND,li1,339.7100,81.6000,0.000063
FILLER_25_713,VGND,li1,336.2600,81.6000,0.000058
FILLER_25_701,VGND,li1,330.7400,81.6000,0.000061
FILLER_25_686,VGND,li1,323.8400,81.6000,0.000079
FILLER_25_679,VGND,li1,318.0900,81.6000,0.000098
FILLER_25_673,VGND,li1,316.4800,81.6000,0.000108
FILLER_25_669,VGND,li1,313.9500,81.6000,0.000115
FILLER_25_639,VGND,li1,302.2200,81.6000,0.000143
FILLER_25_609,VGND,li1,286.5800,81.6000,0.000178
FILLER_25_591,VGND,li1,278.0700,81.6000,0.000190
FILLER_25_567,VGND,li1,266.5700,81.6000,0.000206
FILLER_25_561,VGND,li1,264.9600,81.6000,0.000208
FILLER_25_559,VGND,li1,262.8900,81.6000,0.000210
FILLER_25_553,VGND,li1,261.2800,81.6000,0.000210
FILLER_25_541,VGND,li1,257.1400,81.6000,0.000215
FILLER_25_533,VGND,li1,251.1600,81.6000,0.000218
FILLER_25_525,VGND,li1,248.8600,81.6000,0.000220
FILLER_25_520,VGND,li1,245.1800,81.6000,0.000223
FILLER_25_508,VGND,li1,241.9600,81.6000,0.000225
FILLER_25_502,VGND,li1,236.9000,81.6000,0.000227
FILLER_25_497,VGND,li1,234.3700,81.6000,0.000227
FILLER_25_468,VGND,li1,221.4900,81.6000,0.000230
FILLER_25_459,VGND,li1,216.8900,81.6000,0.000226
FILLER_25_455,VGND,li1,215.7400,81.6000,0.000224
FILLER_25_449,VGND,li1,212.7500,81.6000,0.000221
FILLER_25_445,VGND,li1,210.9100,81.6000,0.000218
FILLER_25_433,VGND,li1,207.4600,81.6000,0.000211
FILLER_25_420,VGND,li1,198.9500,81.6000,0.000188
FILLER_25_416,VGND,li1,197.8000,81.6000,0.000188
FILLER_25_404,VGND,li1,194.1200,81.6000,0.000176
FILLER_25_393,VGND,li1,186.9900,81.6000,0.000143
FILLER_25_389,VGND,li1,185.1500,81.6000,0.000135
FILLER_25_381,VGND,li1,182.6200,81.6000,0.000126
FILLER_25_360,VGND,li1,172.9600,81.6000,0.000121
FILLER_25_344,VGND,li1,165.6000,81.6000,0.000143
FILLER_25_335,VGND,li1,159.8500,81.6000,0.000156
FILLER_25_331,VGND,li1,158.0100,81.6000,0.000162
FILLER_25_325,VGND,li1,156.4000,81.6000,0.000162
FILLER_25_313,VGND,li1,152.2600,81.6000,0.000175
FILLER_25_301,VGND,li1,146.7400,81.6000,0.000188
FILLER_25_289,VGND,li1,141.2200,81.6000,0.000197
FILLER_25_281,VGND,li1,135.7000,81.6000,0.000202
FILLER_25_274,VGND,li1,132.9400,81.6000,0.000204
FILLER_25_268,VGND,li1,129.4900,81.6000,0.000205
FILLER_25_256,VGND,li1,126.0400,81.6000,0.000207
FILLER_25_248,VGND,li1,119.8300,81.6000,0.000211
FILLER_25_243,VGND,li1,117.5300,81.6000,0.000212
FILLER_25_237,VGND,li1,115.9200,81.6000,0.000212
FILLER_25_225,VGND,li1,111.7800,81.6000,0.000214
FILLER_25_220,VGND,li1,107.6400,81.6000,0.000215
FILLER_25_211,VGND,li1,102.8100,81.6000,0.000209
FILLER_25_202,VGND,li1,99.8200,81.6000,0.000207
FILLER_25_193,VGND,li1,94.7600,81.6000,0.000200
FILLER_25_169,VGND,li1,86.0200,81.6000,0.000186
FILLER_25_165,VGND,li1,82.1100,81.6000,0.000180
FILLER_25_157,VGND,li1,79.5800,81.6000,0.000176
FILLER_25_131,VGND,li1,66.0100,81.6000,0.000149
FILLER_25_119,VGND,li1,63.0200,81.6000,0.000142
FILLER_25_109,VGND,li1,56.3500,81.6000,0.000126
FILLER_25_101,VGND,li1,53.8200,81.6000,0.000119
FILLER_25_76,VGND,li1,41.8600,81.6000,0.000086
FILLER_25_57,VGND,li1,32.2000,81.6000,0.000056
FILLER_25_55,VGND,li1,31.0500,81.6000,0.000048
FILLER_25_51,VGND,li1,29.9000,81.6000,0.000048
FILLER_25_39,VGND,li1,26.2200,81.6000,0.000033
FILLER_25_27,VGND,li1,20.7000,81.6000,0.000033
FILLER_25_15,VGND,li1,15.1800,81.6000,0.000033
FILLER_25_3,VGND,li1,9.6600,81.6000,0.000033
FILLER_24_819,VGND,li1,382.4900,76.1600,0.000186
FILLER_24_813,VGND,li1,380.8800,76.1600,0.000186
FILLER_24_811,VGND,li1,378.8100,76.1600,0.000184
FILLER_24_803,VGND,li1,376.7400,76.1600,0.000180
FILLER_24_791,VGND,li1,372.1400,76.1600,0.000176
FILLER_24_779,VGND,li1,366.6200,76.1600,0.000167
FILLER_24_767,VGND,li1,361.1000,76.1600,0.000161
FILLER_24_750,VGND,li1,351.9000,76.1600,0.000144
FILLER_24_738,VGND,li1,346.3800,76.1600,0.000133
FILLER_24_734,VGND,li1,343.3900,76.1600,0.000120
FILLER_24_728,VGND,li1,341.7800,76.1600,0.000120
FILLER_24_716,VGND,li1,337.6400,76.1600,0.000105
FILLER_24_698,VGND,li1,327.0600,76.1600,0.000117
FILLER_24_676,VGND,li1,316.7100,76.1600,0.000162
FILLER_24_672,VGND,li1,315.5600,76.1600,0.000170
FILLER_24_657,VGND,li1,308.2000,76.1600,0.000189
FILLER_24_649,VGND,li1,305.9000,76.1600,0.000194
FILLER_24_642,VGND,li1,301.3000,76.1600,0.000203
FILLER_24_621,VGND,li1,291.8700,76.1600,0.000214
FILLER_24_613,VGND,li1,289.3400,76.1600,0.000216
FILLER_24_601,VGND,li1,284.7400,76.1600,0.000220
FILLER_24_589,VGND,li1,279.2200,76.1600,0.000222
FILLER_24_587,VGND,li1,275.7700,76.1600,0.000222
FILLER_24_583,VGND,li1,274.6200,76.1600,0.000223
FILLER_24_564,VGND,li1,266.3400,76.1600,0.000220
FILLER_24_548,VGND,li1,258.0600,76.1600,0.000214
FILLER_24_540,VGND,li1,254.1500,76.1600,0.000210
FILLER_24_529,VGND,li1,249.5500,76.1600,0.000203
FILLER_24_517,VGND,li1,244.7200,76.1600,0.000196
FILLER_24_504,VGND,li1,238.2800,76.1600,0.000185
FILLER_24_492,VGND,li1,234.6000,76.1600,0.000180
FILLER_24_477,VGND,li1,225.1700,76.1600,0.000163
FILLER_24_473,VGND,li1,223.7900,76.1600,0.000163
FILLER_24_465,VGND,li1,221.2600,76.1600,0.000159
FILLER_24_453,VGND,li1,216.6600,76.1600,0.000151
FILLER_24_449,VGND,li1,212.2900,76.1600,0.000141
FILLER_24_445,VGND,li1,211.1400,76.1600,0.000141
FILLER_24_433,VGND,li1,207.4600,76.1600,0.000133
FILLER_24_421,VGND,li1,201.9400,76.1600,0.000120
FILLER_24_419,VGND,li1,198.4900,76.1600,0.000108
FILLER_24_413,VGND,li1,196.8800,76.1600,0.000108
FILLER_24_401,VGND,li1,192.7400,76.1600,0.000094
FILLER_24_389,VGND,li1,187.2200,76.1600,0.000075
FILLER_24_377,VGND,li1,181.7000,76.1600,0.000055
FILLER_24_365,VGND,li1,176.1800,76.1600,0.000045
FILLER_24_361,VGND,li1,172.2700,76.1600,0.000048
FILLER_24_349,VGND,li1,168.8200,76.1600,0.000051
FILLER_24_337,VGND,li1,163.3000,76.1600,0.000055
FILLER_24_309,VGND,li1,149.5000,76.1600,0.000063
FILLER_24_307,VGND,li1,146.9700,76.1600,0.000065
FILLER_24_299,VGND,li1,144.9000,76.1600,0.000066
FILLER_24_293,VGND,li1,140.9900,76.1600,0.000068
FILLER_24_281,VGND,li1,137.5400,76.1600,0.000069
FILLER_24_273,VGND,li1,131.3300,76.1600,0.000071
FILLER_24_265,VGND,li1,129.2600,76.1600,0.000072
FILLER_24_253,VGND,li1,124.6600,76.1600,0.000072
FILLER_24_249,VGND,li1,120.7500,76.1600,0.000074
FILLER_24_245,VGND,li1,118.4500,76.1600,0.000074
FILLER_24_241,VGND,li1,117.3000,76.1600,0.000074
FILLER_24_227,VGND,li1,111.7800,76.1600,0.000074
FILLER_24_215,VGND,li1,107.1800,76.1600,0.000074
FILLER_24_203,VGND,li1,101.6600,76.1600,0.000074
FILLER_24_194,VGND,li1,95.2200,76.1600,0.000074
FILLER_24_176,VGND,li1,87.1700,76.1600,0.000072
FILLER_24_161,VGND,li1,80.0400,76.1600,0.000069
FILLER_24_149,VGND,li1,76.8200,76.1600,0.000068
FILLER_24_103,VGND,li1,54.7400,76.1600,0.000054
FILLER_24_91,VGND,li1,50.1400,76.1600,0.000049
FILLER_24_83,VGND,li1,43.9300,76.1600,0.000044
FILLER_24_75,VGND,li1,41.8600,76.1600,0.000042
FILLER_24_53,VGND,li1,31.2800,76.1600,0.000024
FILLER_24_41,VGND,li1,27.1400,76.1600,0.000019
FILLER_24_29,VGND,li1,21.6200,76.1600,0.000016
FILLER_24_27,VGND,li1,18.1700,76.1600,0.000016
FILLER_24_15,VGND,li1,15.1800,76.1600,0.000016
FILLER_24_3,VGND,li1,9.6600,76.1600,0.000016
FILLER_23_803,VGND,li1,375.1300,76.1600,0.000180
FILLER_23_797,VGND,li1,373.5200,76.1600,0.000176
FILLER_23_785,VGND,li1,369.3800,76.1600,0.000172
FILLER_23_781,VGND,li1,365.4700,76.1600,0.000167
FILLER_23_769,VGND,li1,362.0200,76.1600,0.000161
FILLER_23_748,VGND,li1,350.5200,76.1600,0.000144
FILLER_23_739,VGND,li1,346.1500,76.1600,0.000133
FILLER_23_727,VGND,li1,340.1700,76.1600,0.000112
FILLER_23_723,VGND,li1,339.0200,76.1600,0.000112
FILLER_23_682,VGND,li1,319.7000,76.1600,0.000151
FILLER_23_673,VGND,li1,315.5600,76.1600,0.000170
FILLER_23_671,VGND,li1,314.4100,76.1600,0.000170
FILLER_23_658,VGND,li1,308.4300,76.1600,0.000189
FILLER_23_635,VGND,li1,297.8500,76.1600,0.000208
FILLER_23_629,VGND,li1,296.2400,76.1600,0.000211
FILLER_23_617,VGND,li1,292.1000,76.1600,0.000214
FILLER_23_615,VGND,li1,288.6500,76.1600,0.000218
FILLER_23_609,VGND,li1,287.0400,76.1600,0.000218
FILLER_23_589,VGND,li1,277.8400,76.1600,0.000222
FILLER_23_577,VGND,li1,273.7000,76.1600,0.000223
FILLER_23_569,VGND,li1,267.4900,76.1600,0.000221
FILLER_23_561,VGND,li1,265.4200,76.1600,0.000220
FILLER_23_558,VGND,li1,262.6600,76.1600,0.000219
FILLER_23_552,VGND,li1,259.9000,76.1600,0.000216
FILLER_23_540,VGND,li1,256.6800,76.1600,0.000212
FILLER_23_528,VGND,li1,251.1600,76.1600,0.000203
FILLER_23_516,VGND,li1,245.6400,76.1600,0.000196
FILLER_23_505,VGND,li1,238.0500,76.1600,0.000185
FILLER_23_485,VGND,li1,231.3800,76.1600,0.000173
FILLER_23_473,VGND,li1,225.8600,76.1600,0.000166
FILLER_23_463,VGND,li1,218.7300,76.1600,0.000155
FILLER_23_441,VGND,li1,208.8400,76.1600,0.000137
FILLER_23_433,VGND,li1,206.5400,76.1600,0.000133
FILLER_23_424,VGND,li1,200.7900,76.1600,0.000120
FILLER_23_418,VGND,li1,199.1800,76.1600,0.000114
FILLER_23_406,VGND,li1,195.0400,76.1600,0.000102
FILLER_23_393,VGND,li1,187.6800,76.1600,0.000075
FILLER_23_390,VGND,li1,185.3800,76.1600,0.000069
FILLER_23_382,VGND,li1,183.0800,76.1600,0.000055
FILLER_23_370,VGND,li1,178.4800,76.1600,0.000044
FILLER_23_358,VGND,li1,172.9600,76.1600,0.000048
FILLER_23_345,VGND,li1,164.4500,76.1600,0.000054
FILLER_23_337,VGND,li1,162.3800,76.1600,0.000055
FILLER_23_324,VGND,li1,157.3200,76.1600,0.000059
FILLER_23_316,VGND,li1,151.1100,76.1600,0.000063
FILLER_23_310,VGND,li1,149.5000,76.1600,0.000063
FILLER_23_298,VGND,li1,145.3600,76.1600,0.000066
FILLER_23_289,VGND,li1,138.9200,76.1600,0.000069
FILLER_23_281,VGND,li1,136.6200,76.1600,0.000069
FILLER_23_259,VGND,li1,125.5800,76.1600,0.000072
FILLER_23_247,VGND,li1,121.9000,76.1600,0.000073
FILLER_23_222,VGND,li1,108.1000,76.1600,0.000074
FILLER_23_214,VGND,li1,105.8000,76.1600,0.000074
FILLER_23_203,VGND,li1,100.7400,76.1600,0.000074
FILLER_23_191,VGND,li1,96.1400,76.1600,0.000074
FILLER_23_187,VGND,li1,91.7700,76.1600,0.000073
FILLER_23_181,VGND,li1,90.1600,76.1600,0.000073
FILLER_23_169,VGND,li1,86.0200,76.1600,0.000072
FILLER_23_165,VGND,li1,82.1100,76.1600,0.000071
FILLER_23_153,VGND,li1,78.6600,76.1600,0.000069
FILLER_23_141,VGND,li1,73.1400,76.1600,0.000066
FILLER_23_129,VGND,li1,65.5500,76.1600,0.000062
FILLER_23_121,VGND,li1,63.0200,76.1600,0.000060
FILLER_23_113,VGND,li1,57.7300,76.1600,0.000056
FILLER_23_104,VGND,li1,55.2000,76.1600,0.000054
FILLER_23_84,VGND,li1,45.5400,76.1600,0.000044
FILLER_23_71,VGND,li1,39.5600,76.1600,0.000038
FILLER_23_57,VGND,li1,32.6600,76.1600,0.000028
FILLER_23_55,VGND,li1,31.0500,76.1600,0.000024
FILLER_23_51,VGND,li1,29.9000,76.1600,0.000024
FILLER_23_39,VGND,li1,26.2200,76.1600,0.000016
FILLER_23_27,VGND,li1,20.7000,76.1600,0.000016
FILLER_23_15,VGND,li1,15.1800,76.1600,0.000016
FILLER_23_3,VGND,li1,9.6600,76.1600,0.000016
FILLER_22_821,VGND,li1,383.8700,70.7200,0.000102
FILLER_22_813,VGND,li1,381.3400,70.7200,0.000102
FILLER_22_810,VGND,li1,378.5800,70.7200,0.000102
FILLER_22_798,VGND,li1,375.3600,70.7200,0.000100
FILLER_22_786,VGND,li1,369.8400,70.7200,0.000096
FILLER_22_774,VGND,li1,364.3200,70.7200,0.000093
FILLER_22_762,VGND,li1,358.8000,70.7200,0.000089
FILLER_22_750,VGND,li1,351.9000,70.7200,0.000084
FILLER_22_730,VGND,li1,341.5500,70.7200,0.000070
FILLER_22_713,VGND,li1,334.1900,70.7200,0.000058
FILLER_22_701,VGND,li1,330.7400,70.7200,0.000052
FILLER_22_699,VGND,li1,327.2900,70.7200,0.000067
FILLER_22_694,VGND,li1,324.9900,70.7200,0.000074
FILLER_22_690,VGND,li1,323.8400,70.7200,0.000074
FILLER_22_678,VGND,li1,320.1600,70.7200,0.000087
FILLER_22_666,VGND,li1,314.6400,70.7200,0.000101
FILLER_22_659,VGND,li1,308.8900,70.7200,0.000119
FILLER_22_651,VGND,li1,306.8200,70.7200,0.000124
FILLER_22_645,VGND,li1,302.4500,70.7200,0.000135
FILLER_22_643,VGND,li1,301.5300,70.7200,0.000141
FILLER_22_639,VGND,li1,300.3800,70.7200,0.000141
FILLER_22_603,VGND,li1,285.6600,70.7200,0.000173
FILLER_22_593,VGND,li1,279.6800,70.7200,0.000184
FILLER_22_589,VGND,li1,276.6900,70.7200,0.000190
FILLER_22_587,VGND,li1,275.7700,70.7200,0.000193
FILLER_22_581,VGND,li1,273.4700,70.7200,0.000196
FILLER_22_569,VGND,li1,270.0200,70.7200,0.000201
FILLER_22_557,VGND,li1,264.5000,70.7200,0.000208
FILLER_22_533,VGND,li1,253.4600,70.7200,0.000215
FILLER_22_531,VGND,li1,250.0100,70.7200,0.000214
FILLER_22_525,VGND,li1,248.4000,70.7200,0.000214
FILLER_22_516,VGND,li1,243.3400,70.7200,0.000210
FILLER_22_508,VGND,li1,241.0400,70.7200,0.000207
FILLER_22_496,VGND,li1,236.4400,70.7200,0.000203
FILLER_22_484,VGND,li1,230.0000,70.7200,0.000195
FILLER_22_474,VGND,li1,224.0200,70.7200,0.000189
FILLER_22_463,VGND,li1,219.1900,70.7200,0.000183
FILLER_22_455,VGND,li1,216.6600,70.7200,0.000180
FILLER_22_448,VGND,li1,212.0600,70.7200,0.000173
FILLER_22_436,VGND,li1,208.8400,70.7200,0.000169
FILLER_22_428,VGND,li1,202.6300,70.7200,0.000158
FILLER_22_414,VGND,li1,197.3400,70.7200,0.000132
FILLER_22_408,VGND,li1,193.6600,70.7200,0.000124
FILLER_22_382,VGND,li1,182.1600,70.7200,0.000074
FILLER_22_365,VGND,li1,174.1100,70.7200,0.000073
FILLER_22_348,VGND,li1,168.3600,70.7200,0.000079
FILLER_22_335,VGND,li1,159.8500,70.7200,0.000091
FILLER_22_323,VGND,li1,156.8600,70.7200,0.000092
FILLER_22_309,VGND,li1,148.1200,70.7200,0.000100
FILLER_22_306,VGND,li1,146.7400,70.7200,0.000101
FILLER_22_296,VGND,li1,141.9100,70.7200,0.000104
FILLER_22_290,VGND,li1,140.3000,70.7200,0.000104
FILLER_22_278,VGND,li1,136.1600,70.7200,0.000106
FILLER_22_265,VGND,li1,127.6500,70.7200,0.000109
FILLER_22_253,VGND,li1,123.2800,70.7200,0.000110
FILLER_22_250,VGND,li1,120.9800,70.7200,0.000110
FILLER_22_242,VGND,li1,118.6800,70.7200,0.000111
FILLER_22_233,VGND,li1,113.3900,70.7200,0.000111
FILLER_22_221,VGND,li1,109.9400,70.7200,0.000111
FILLER_22_209,VGND,li1,103.0400,70.7200,0.000111
FILLER_22_197,VGND,li1,97.5200,70.7200,0.000110
FILLER_22_184,VGND,li1,92.9200,70.7200,0.000107
FILLER_22_169,VGND,li1,83.4900,70.7200,0.000101
FILLER_22_163,VGND,li1,81.8800,70.7200,0.000101
FILLER_22_156,VGND,li1,77.5100,70.7200,0.000097
FILLER_22_147,VGND,li1,73.3700,70.7200,0.000093
FILLER_22_141,VGND,li1,71.7600,70.7200,0.000090
FILLER_22_134,VGND,li1,68.5400,70.7200,0.000087
FILLER_22_122,VGND,li1,64.4000,70.7200,0.000083
FILLER_22_110,VGND,li1,58.8800,70.7200,0.000075
FILLER_22_98,VGND,li1,53.3600,70.7200,0.000069
FILLER_22_85,VGND,li1,46.0000,70.7200,0.000056
FILLER_22_76,VGND,li1,42.3200,70.7200,0.000052
FILLER_22_64,VGND,li1,37.7200,70.7200,0.000042
FILLER_22_53,VGND,li1,31.7400,70.7200,0.000033
FILLER_22_41,VGND,li1,27.1400,70.7200,0.000024
FILLER_22_29,VGND,li1,21.6200,70.7200,0.000020
FILLER_22_27,VGND,li1,18.1700,70.7200,0.000020
FILLER_22_15,VGND,li1,15.1800,70.7200,0.000020
FILLER_22_3,VGND,li1,9.6600,70.7200,0.000020
FILLER_21_822,VGND,li1,384.1000,70.7200,0.000102
FILLER_21_801,VGND,li1,374.2100,70.7200,0.000099
FILLER_21_797,VGND,li1,373.0600,70.7200,0.000099
FILLER_21_785,VGND,li1,369.3800,70.7200,0.000096
FILLER_21_783,VGND,li1,365.9300,70.7200,0.000094
FILLER_21_775,VGND,li1,363.8600,70.7200,0.000093
FILLER_21_763,VGND,li1,359.2600,70.7200,0.000089
FILLER_21_751,VGND,li1,353.7400,70.7200,0.000086
FILLER_21_739,VGND,li1,348.2200,70.7200,0.000081
FILLER_21_732,VGND,li1,343.1600,70.7200,0.000075
FILLER_21_727,VGND,li1,340.1700,70.7200,0.000070
FILLER_21_719,VGND,li1,338.1000,70.7200,0.000065
FILLER_21_707,VGND,li1,333.5000,70.7200,0.000058
FILLER_21_695,VGND,li1,327.9800,70.7200,0.000061
FILLER_21_686,VGND,li1,321.5400,70.7200,0.000081
FILLER_21_673,VGND,li1,316.4800,70.7200,0.000096
FILLER_21_671,VGND,li1,314.4100,70.7200,0.000107
FILLER_21_665,VGND,li1,312.8000,70.7200,0.000107
FILLER_21_653,VGND,li1,308.6600,70.7200,0.000119
FILLER_21_641,VGND,li1,303.1400,70.7200,0.000135
FILLER_21_629,VGND,li1,297.6200,70.7200,0.000147
FILLER_21_617,VGND,li1,290.7200,70.7200,0.000163
FILLER_21_615,VGND,li1,288.6500,70.7200,0.000167
FILLER_21_607,VGND,li1,286.5800,70.7200,0.000173
FILLER_21_595,VGND,li1,281.9800,70.7200,0.000180
FILLER_21_569,VGND,li1,267.4900,70.7200,0.000203
FILLER_21_561,VGND,li1,265.4200,70.7200,0.000205
FILLER_21_552,VGND,li1,261.2800,70.7200,0.000211
FILLER_21_540,VGND,li1,256.6800,70.7200,0.000214
FILLER_21_527,VGND,li1,248.4000,70.7200,0.000214
FILLER_21_520,VGND,li1,244.9500,70.7200,0.000212
FILLER_21_512,VGND,li1,242.8800,70.7200,0.000210
FILLER_21_503,VGND,li1,237.1300,70.7200,0.000203
FILLER_21_484,VGND,li1,228.8500,70.7200,0.000195
FILLER_21_476,VGND,li1,226.3200,70.7200,0.000192
FILLER_21_469,VGND,li1,221.7200,70.7200,0.000186
FILLER_21_461,VGND,li1,219.4200,70.7200,0.000183
FILLER_21_449,VGND,li1,214.8200,70.7200,0.000176
FILLER_21_446,VGND,li1,211.1400,70.7200,0.000173
FILLER_21_434,VGND,li1,207.9200,70.7200,0.000169
FILLER_21_418,VGND,li1,198.4900,70.7200,0.000143
FILLER_21_406,VGND,li1,195.0400,70.7200,0.000124
FILLER_21_376,VGND,li1,181.2400,70.7200,0.000074
FILLER_21_350,VGND,li1,168.3600,70.7200,0.000079
FILLER_21_328,VGND,li1,156.6300,70.7200,0.000092
FILLER_21_313,VGND,li1,150.4200,70.7200,0.000098
FILLER_21_299,VGND,li1,143.2900,70.7200,0.000102
FILLER_21_281,VGND,li1,135.7000,70.7200,0.000106
FILLER_21_272,VGND,li1,132.4800,70.7200,0.000107
FILLER_21_241,VGND,li1,117.7600,70.7200,0.000111
FILLER_21_225,VGND,li1,109.7100,70.7200,0.000111
FILLER_21_223,VGND,li1,108.3300,70.7200,0.000111
FILLER_21_205,VGND,li1,100.7400,70.7200,0.000111
FILLER_21_180,VGND,li1,89.0100,70.7200,0.000106
FILLER_21_172,VGND,li1,84.8700,70.7200,0.000103
FILLER_21_164,VGND,li1,81.8800,70.7200,0.000101
FILLER_21_155,VGND,li1,77.2800,70.7200,0.000097
FILLER_21_142,VGND,li1,71.0700,70.7200,0.000090
FILLER_21_131,VGND,li1,66.7000,70.7200,0.000085
FILLER_21_117,VGND,li1,59.5700,70.7200,0.000075
FILLER_21_113,VGND,li1,58.4200,70.7200,0.000075
FILLER_21_106,VGND,li1,55.6600,70.7200,0.000072
FILLER_21_95,VGND,li1,51.0600,70.7200,0.000066
FILLER_21_81,VGND,li1,43.0100,70.7200,0.000052
FILLER_21_69,VGND,li1,40.0200,70.7200,0.000048
FILLER_21_64,VGND,li1,35.4200,70.7200,0.000037
FILLER_21_57,VGND,li1,32.4300,70.7200,0.000033
FILLER_21_55,VGND,li1,31.0500,70.7200,0.000029
FILLER_21_51,VGND,li1,29.9000,70.7200,0.000029
FILLER_21_39,VGND,li1,26.2200,70.7200,0.000020
FILLER_21_27,VGND,li1,20.7000,70.7200,0.000020
FILLER_21_15,VGND,li1,15.1800,70.7200,0.000020
FILLER_21_3,VGND,li1,9.6600,70.7200,0.000020
FILLER_20_821,VGND,li1,383.8700,65.2800,0.000104
FILLER_20_813,VGND,li1,381.3400,65.2800,0.000104
FILLER_20_811,VGND,li1,378.8100,65.2800,0.000104
FILLER_20_805,VGND,li1,377.2000,65.2800,0.000104
FILLER_20_793,VGND,li1,373.0600,65.2800,0.000104
FILLER_20_781,VGND,li1,367.5400,65.2800,0.000104
FILLER_20_769,VGND,li1,362.0200,65.2800,0.000104
FILLER_20_757,VGND,li1,356.5000,65.2800,0.000104
FILLER_20_755,VGND,li1,353.0500,65.2800,0.000104
FILLER_20_747,VGND,li1,350.9800,65.2800,0.000104
FILLER_20_733,VGND,li1,344.0800,65.2800,0.000099
FILLER_20_716,VGND,li1,335.1100,65.2800,0.000089
FILLER_20_704,VGND,li1,331.2000,65.2800,0.000078
FILLER_20_698,VGND,li1,327.0600,65.2800,0.000104
FILLER_20_686,VGND,li1,321.5400,65.2800,0.000124
FILLER_20_673,VGND,li1,315.3300,65.2800,0.000157
FILLER_20_669,VGND,li1,314.1800,65.2800,0.000157
FILLER_20_663,VGND,li1,310.7300,65.2800,0.000178
FILLER_20_659,VGND,li1,309.5800,65.2800,0.000178
FILLER_20_645,VGND,li1,304.0600,65.2800,0.000202
FILLER_20_641,VGND,li1,301.0700,65.2800,0.000212
FILLER_20_633,VGND,li1,298.5400,65.2800,0.000225
FILLER_20_621,VGND,li1,293.9400,65.2800,0.000240
FILLER_20_601,VGND,li1,284.7400,65.2800,0.000276
FILLER_20_589,VGND,li1,279.2200,65.2800,0.000297
FILLER_20_586,VGND,li1,275.5400,65.2800,0.000312
FILLER_20_581,VGND,li1,273.0100,65.2800,0.000319
FILLER_20_575,VGND,li1,271.4000,65.2800,0.000329
FILLER_20_563,VGND,li1,267.2600,65.2800,0.000339
FILLER_20_540,VGND,li1,254.3800,65.2800,0.000361
FILLER_20_531,VGND,li1,250.0100,65.2800,0.000358
FILLER_20_522,VGND,li1,246.1000,65.2800,0.000354
FILLER_20_513,VGND,li1,241.9600,65.2800,0.000350
FILLER_20_505,VGND,li1,239.6600,65.2800,0.000348
FILLER_20_477,VGND,li1,227.7000,65.2800,0.000335
FILLER_20_459,VGND,li1,217.3500,65.2800,0.000315
FILLER_20_448,VGND,li1,212.5200,65.2800,0.000295
FILLER_20_421,VGND,li1,199.4100,65.2800,0.000227
FILLER_20_419,VGND,li1,198.4900,65.2800,0.000227
FILLER_20_413,VGND,li1,196.8800,65.2800,0.000212
FILLER_20_401,VGND,li1,192.7400,65.2800,0.000196
FILLER_20_393,VGND,li1,186.5300,65.2800,0.000156
FILLER_20_381,VGND,li1,183.5400,65.2800,0.000145
FILLER_20_369,VGND,li1,178.0200,65.2800,0.000110
FILLER_20_360,VGND,li1,172.0400,65.2800,0.000122
FILLER_20_348,VGND,li1,167.4400,65.2800,0.000128
FILLER_20_341,VGND,li1,162.6100,65.2800,0.000131
FILLER_20_325,VGND,li1,155.2500,65.2800,0.000135
FILLER_20_321,VGND,li1,154.1000,65.2800,0.000136
FILLER_20_309,VGND,li1,150.4200,65.2800,0.000137
FILLER_20_306,VGND,li1,146.7400,65.2800,0.000138
FILLER_20_289,VGND,li1,139.3800,65.2800,0.000140
FILLER_20_281,VGND,li1,135.0100,65.2800,0.000140
FILLER_20_266,VGND,li1,128.5700,65.2800,0.000140
FILLER_20_253,VGND,li1,123.2800,65.2800,0.000139
FILLER_20_246,VGND,li1,120.0600,65.2800,0.000138
FILLER_20_234,VGND,li1,113.3900,65.2800,0.000136
FILLER_20_222,VGND,li1,110.4000,65.2800,0.000135
FILLER_20_204,VGND,li1,100.7400,65.2800,0.000131
FILLER_20_192,VGND,li1,94.7600,65.2800,0.000128
FILLER_20_180,VGND,li1,90.1600,65.2800,0.000125
FILLER_20_164,VGND,li1,81.6500,65.2800,0.000119
FILLER_20_154,VGND,li1,77.0500,65.2800,0.000116
FILLER_20_149,VGND,li1,74.2900,65.2800,0.000114
FILLER_20_125,VGND,li1,65.7800,65.2800,0.000106
FILLER_20_113,VGND,li1,58.1900,65.2800,0.000098
FILLER_20_105,VGND,li1,55.6600,65.2800,0.000095
FILLER_20_94,VGND,li1,49.6800,65.2800,0.000088
FILLER_20_85,VGND,li1,45.0800,65.2800,0.000079
FILLER_20_78,VGND,li1,41.8600,65.2800,0.000074
FILLER_20_53,VGND,li1,30.1300,65.2800,0.000043
FILLER_20_41,VGND,li1,27.1400,65.2800,0.000035
FILLER_20_29,VGND,li1,21.6200,65.2800,0.000029
FILLER_20_27,VGND,li1,18.1700,65.2800,0.000029
FILLER_20_15,VGND,li1,15.1800,65.2800,0.000029
FILLER_20_3,VGND,li1,9.6600,65.2800,0.000029
FILLER_19_821,VGND,li1,383.8700,65.2800,0.000104
FILLER_19_809,VGND,li1,380.4200,65.2800,0.000104
FILLER_19_797,VGND,li1,374.9000,65.2800,0.000104
FILLER_19_785,VGND,li1,369.3800,65.2800,0.000104
FILLER_19_776,VGND,li1,364.3200,65.2800,0.000104
FILLER_19_764,VGND,li1,359.7200,65.2800,0.000104
FILLER_19_752,VGND,li1,354.2000,65.2800,0.000104
FILLER_19_737,VGND,li1,345.2300,65.2800,0.000102
FILLER_19_729,VGND,li1,342.7000,65.2800,0.000099
FILLER_19_726,VGND,li1,339.9400,65.2800,0.000094
FILLER_19_707,VGND,li1,331.4300,65.2800,0.000078
FILLER_19_695,VGND,li1,327.9800,65.2800,0.000094
FILLER_19_688,VGND,li1,322.9200,65.2800,0.000124
FILLER_19_682,VGND,li1,319.9300,65.2800,0.000136
FILLER_19_673,VGND,li1,316.4800,65.2800,0.000146
FILLER_19_669,VGND,li1,313.9500,65.2800,0.000157
FILLER_19_633,VGND,li1,297.6200,65.2800,0.000225
FILLER_19_585,VGND,li1,275.0800,65.2800,0.000312
FILLER_19_577,VGND,li1,271.1700,65.2800,0.000329
FILLER_19_556,VGND,li1,262.2000,65.2800,0.000356
FILLER_19_545,VGND,li1,257.6000,65.2800,0.000362
FILLER_19_533,VGND,li1,253.4600,65.2800,0.000359
FILLER_19_522,VGND,li1,247.0200,65.2800,0.000354
FILLER_19_514,VGND,li1,242.4200,65.2800,0.000350
FILLER_19_505,VGND,li1,239.2000,65.2800,0.000348
FILLER_19_503,VGND,li1,237.1300,65.2800,0.000345
FILLER_19_487,VGND,li1,230.9200,65.2800,0.000339
FILLER_19_469,VGND,li1,222.1800,65.2800,0.000328
FILLER_19_464,VGND,li1,219.1900,65.2800,0.000323
FILLER_19_456,VGND,li1,217.1200,65.2800,0.000315
FILLER_19_449,VGND,li1,212.2900,65.2800,0.000295
FILLER_19_446,VGND,li1,211.1400,65.2800,0.000287
FILLER_19_434,VGND,li1,207.9200,65.2800,0.000272
FILLER_19_422,VGND,li1,202.4000,65.2800,0.000241
FILLER_19_410,VGND,li1,196.8800,65.2800,0.000212
FILLER_19_401,VGND,li1,190.6700,65.2800,0.000184
FILLER_19_393,VGND,li1,188.1400,65.2800,0.000170
FILLER_19_391,VGND,li1,185.6100,65.2800,0.000156
FILLER_19_385,VGND,li1,184.0000,65.2800,0.000145
FILLER_19_366,VGND,li1,175.7200,65.2800,0.000117
FILLER_19_356,VGND,li1,169.9700,65.2800,0.000125
FILLER_19_337,VGND,li1,163.3000,65.2800,0.000131
FILLER_19_335,VGND,li1,159.8500,65.2800,0.000132
FILLER_19_323,VGND,li1,156.8600,65.2800,0.000135
FILLER_19_305,VGND,li1,147.2000,65.2800,0.000138
FILLER_19_293,VGND,li1,143.0600,65.2800,0.000140
FILLER_19_281,VGND,li1,137.5400,65.2800,0.000140
FILLER_19_273,VGND,li1,131.7900,65.2800,0.000140
FILLER_19_261,VGND,li1,128.3400,65.2800,0.000140
FILLER_19_249,VGND,li1,122.8200,65.2800,0.000139
FILLER_19_237,VGND,li1,117.3000,65.2800,0.000138
FILLER_19_225,VGND,li1,111.7800,65.2800,0.000135
FILLER_19_223,VGND,li1,108.3300,65.2800,0.000134
FILLER_19_219,VGND,li1,107.1800,65.2800,0.000134
FILLER_19_207,VGND,li1,103.5000,65.2800,0.000132
FILLER_19_193,VGND,li1,95.2200,65.2800,0.000128
FILLER_19_181,VGND,li1,91.5400,65.2800,0.000125
FILLER_19_169,VGND,li1,86.0200,65.2800,0.000122
FILLER_19_161,VGND,li1,80.0400,65.2800,0.000117
FILLER_19_151,VGND,li1,75.2100,65.2800,0.000114
FILLER_19_139,VGND,li1,72.2200,65.2800,0.000112
FILLER_19_129,VGND,li1,65.5500,65.2800,0.000106
FILLER_19_113,VGND,li1,58.4200,65.2800,0.000098
FILLER_19_111,VGND,li1,56.8100,65.2800,0.000095
FILLER_19_105,VGND,li1,55.2000,65.2800,0.000095
FILLER_19_93,VGND,li1,51.0600,65.2800,0.000088
FILLER_19_81,VGND,li1,45.5400,65.2800,0.000079
FILLER_19_69,VGND,li1,40.0200,65.2800,0.000070
FILLER_19_63,VGND,li1,34.7300,65.2800,0.000052
FILLER_19_57,VGND,li1,33.1200,65.2800,0.000052
FILLER_19_55,VGND,li1,31.0500,65.2800,0.000043
FILLER_19_51,VGND,li1,29.9000,65.2800,0.000043
FILLER_19_39,VGND,li1,26.2200,65.2800,0.000029
FILLER_19_27,VGND,li1,20.7000,65.2800,0.000029
FILLER_19_15,VGND,li1,15.1800,65.2800,0.000029
FILLER_19_3,VGND,li1,9.6600,65.2800,0.000029
FILLER_18_821,VGND,li1,383.8700,59.8400,0.000118
FILLER_18_813,VGND,li1,381.3400,59.8400,0.000118
FILLER_18_811,VGND,li1,378.8100,59.8400,0.000118
FILLER_18_805,VGND,li1,377.2000,59.8400,0.000118
FILLER_18_793,VGND,li1,373.0600,59.8400,0.000118
FILLER_18_781,VGND,li1,367.5400,59.8400,0.000118
FILLER_18_769,VGND,li1,362.0200,59.8400,0.000118
FILLER_18_757,VGND,li1,356.5000,59.8400,0.000118
FILLER_18_744,VGND,li1,350.5200,59.8400,0.000115
FILLER_18_736,VGND,li1,344.7700,59.8400,0.000105
FILLER_18_728,VGND,li1,342.2400,59.8400,0.000096
FILLER_18_713,VGND,li1,333.9600,59.8400,0.000073
FILLER_18_701,VGND,li1,330.7400,59.8400,0.000081
FILLER_18_688,VGND,li1,324.7600,59.8400,0.000104
FILLER_18_681,VGND,li1,319.7000,59.8400,0.000123
FILLER_18_674,VGND,li1,316.0200,59.8400,0.000138
FILLER_18_662,VGND,li1,312.8000,59.8400,0.000145
FILLER_18_652,VGND,li1,305.9000,59.8400,0.000161
FILLER_18_645,VGND,li1,302.6800,59.8400,0.000167
FILLER_18_643,VGND,li1,301.5300,59.8400,0.000167
FILLER_18_637,VGND,li1,299.9200,59.8400,0.000172
FILLER_18_625,VGND,li1,295.7800,59.8400,0.000180
FILLER_18_618,VGND,li1,290.2600,59.8400,0.000192
FILLER_18_607,VGND,li1,285.2000,59.8400,0.000206
FILLER_18_603,VGND,li1,283.1300,59.8400,0.000210
FILLER_18_599,VGND,li1,281.9800,59.8400,0.000210
FILLER_18_589,VGND,li1,277.8400,59.8400,0.000222
FILLER_18_587,VGND,li1,275.7700,59.8400,0.000226
FILLER_18_578,VGND,li1,272.3200,59.8400,0.000231
FILLER_18_566,VGND,li1,268.6400,59.8400,0.000238
FILLER_18_554,VGND,li1,263.1200,59.8400,0.000250
FILLER_18_540,VGND,li1,254.3800,59.8400,0.000264
FILLER_18_533,VGND,li1,251.3900,59.8400,0.000268
FILLER_18_531,VGND,li1,250.0100,59.8400,0.000268
FILLER_18_525,VGND,li1,248.4000,59.8400,0.000270
FILLER_18_513,VGND,li1,244.2600,59.8400,0.000275
FILLER_18_502,VGND,li1,236.6700,59.8400,0.000282
FILLER_18_496,VGND,li1,235.0600,59.8400,0.000284
FILLER_18_489,VGND,li1,230.9200,59.8400,0.000286
FILLER_18_483,VGND,li1,227.9300,59.8400,0.000288
FILLER_18_477,VGND,li1,226.3200,59.8400,0.000289
FILLER_18_474,VGND,li1,224.0200,59.8400,0.000290
FILLER_18_458,VGND,li1,216.6600,59.8400,0.000291
FILLER_18_450,VGND,li1,214.3600,59.8400,0.000292
FILLER_18_438,VGND,li1,209.7600,59.8400,0.000291
FILLER_18_421,VGND,li1,199.8700,59.8400,0.000266
FILLER_18_412,VGND,li1,195.2700,59.8400,0.000245
FILLER_18_408,VGND,li1,194.1200,59.8400,0.000235
FILLER_18_400,VGND,li1,189.7500,59.8400,0.000212
FILLER_18_394,VGND,li1,188.1400,59.8400,0.000212
FILLER_18_385,VGND,li1,183.3100,59.8400,0.000187
FILLER_18_377,VGND,li1,180.7800,59.8400,0.000174
FILLER_18_365,VGND,li1,176.1800,59.8400,0.000201
FILLER_18_363,VGND,li1,172.7300,59.8400,0.000244
FILLER_18_359,VGND,li1,171.5800,59.8400,0.000244
FILLER_18_352,VGND,li1,167.6700,59.8400,0.000291
FILLER_18_340,VGND,li1,164.6800,59.8400,0.000328
FILLER_18_328,VGND,li1,159.1600,59.8400,0.000391
FILLER_18_309,VGND,li1,149.0400,59.8400,0.000498
FILLER_18_302,VGND,li1,145.8200,59.8400,0.000520
FILLER_18_297,VGND,li1,142.3700,59.8400,0.000529
FILLER_18_289,VGND,li1,140.3000,59.8400,0.000536
FILLER_18_277,VGND,li1,135.7000,59.8400,0.000555
FILLER_18_265,VGND,li1,130.1800,59.8400,0.000568
FILLER_18_251,VGND,li1,121.2100,59.8400,0.000585
FILLER_18_247,VGND,li1,120.0600,59.8400,0.000585
FILLER_18_235,VGND,li1,116.3800,59.8400,0.000591
FILLER_18_227,VGND,li1,110.4000,59.8400,0.000591
FILLER_18_219,VGND,li1,108.1000,59.8400,0.000586
FILLER_18_209,VGND,li1,102.3500,59.8400,0.000573
FILLER_18_201,VGND,li1,98.2100,59.8400,0.000560
FILLER_18_197,VGND,li1,97.0600,59.8400,0.000552
FILLER_18_195,VGND,li1,95.4500,59.8400,0.000552
FILLER_18_187,VGND,li1,93.3800,59.8400,0.000546
FILLER_18_175,VGND,li1,88.7800,59.8400,0.000531
FILLER_18_170,VGND,li1,83.9500,59.8400,0.000501
FILLER_18_166,VGND,li1,82.8000,59.8400,0.000490
FILLER_18_154,VGND,li1,79.1200,59.8400,0.000466
FILLER_18_148,VGND,li1,74.2900,59.8400,0.000445
FILLER_18_133,VGND,li1,66.9300,59.8400,0.000396
FILLER_18_121,VGND,li1,63.9400,59.8400,0.000373
FILLER_18_112,VGND,li1,57.9600,59.8400,0.000336
FILLER_18_97,VGND,li1,50.8300,59.8400,0.000278
FILLER_18_85,VGND,li1,47.3800,59.8400,0.000256
FILLER_18_82,VGND,li1,43.7000,59.8400,0.000232
FILLER_18_76,VGND,li1,41.1700,59.8400,0.000212
FILLER_18_65,VGND,li1,37.2600,59.8400,0.000181
FILLER_18_53,VGND,li1,32.6600,59.8400,0.000143
FILLER_18_41,VGND,li1,27.1400,59.8400,0.000098
FILLER_18_29,VGND,li1,21.6200,59.8400,0.000082
FILLER_18_27,VGND,li1,18.1700,59.8400,0.000082
FILLER_18_15,VGND,li1,15.1800,59.8400,0.000082
FILLER_18_3,VGND,li1,9.6600,59.8400,0.000082
FILLER_17_821,VGND,li1,383.8700,59.8400,0.000118
FILLER_17_809,VGND,li1,380.4200,59.8400,0.000118
FILLER_17_797,VGND,li1,374.9000,59.8400,0.000118
FILLER_17_785,VGND,li1,369.3800,59.8400,0.000118
FILLER_17_778,VGND,li1,364.7800,59.8400,0.000118
FILLER_17_766,VGND,li1,360.6400,59.8400,0.000118
FILLER_17_756,VGND,li1,353.9700,59.8400,0.000117
FILLER_17_735,VGND,li1,345.4600,59.8400,0.000105
FILLER_17_719,VGND,li1,336.4900,59.8400,0.000081
FILLER_17_713,VGND,li1,334.8800,59.8400,0.000081
FILLER_17_709,VGND,li1,331.8900,59.8400,0.000081
FILLER_17_700,VGND,li1,328.2100,59.8400,0.000092
FILLER_17_692,VGND,li1,325.6800,59.8400,0.000104
FILLER_17_671,VGND,li1,314.4100,59.8400,0.000138
FILLER_17_659,VGND,li1,311.4200,59.8400,0.000145
FILLER_17_647,VGND,li1,305.9000,59.8400,0.000161
FILLER_17_630,VGND,li1,296.7000,59.8400,0.000180
FILLER_17_625,VGND,li1,293.4800,59.8400,0.000185
FILLER_17_617,VGND,li1,291.1800,59.8400,0.000192
FILLER_17_614,VGND,li1,288.4200,59.8400,0.000196
FILLER_17_606,VGND,li1,286.1200,59.8400,0.000201
FILLER_17_594,VGND,li1,281.5200,59.8400,0.000214
FILLER_17_582,VGND,li1,276.0000,59.8400,0.000226
FILLER_17_573,VGND,li1,269.7900,59.8400,0.000238
FILLER_17_561,VGND,li1,264.2700,59.8400,0.000245
FILLER_17_525,VGND,li1,247.7100,59.8400,0.000270
FILLER_17_515,VGND,li1,243.1100,59.8400,0.000275
FILLER_17_505,VGND,li1,238.7400,59.8400,0.000280
FILLER_17_503,VGND,li1,237.1300,59.8400,0.000282
FILLER_17_497,VGND,li1,235.5200,59.8400,0.000282
FILLER_17_465,VGND,li1,219.6500,59.8400,0.000291
FILLER_17_449,VGND,li1,212.7500,59.8400,0.000292
FILLER_17_447,VGND,li1,211.3700,59.8400,0.000292
FILLER_17_439,VGND,li1,209.3000,59.8400,0.000291
FILLER_17_429,VGND,li1,203.5500,59.8400,0.000285
FILLER_17_423,VGND,li1,200.3300,59.8400,0.000266
FILLER_17_419,VGND,li1,199.1800,59.8400,0.000266
FILLER_17_410,VGND,li1,194.5800,59.8400,0.000245
FILLER_17_402,VGND,li1,190.6700,59.8400,0.000225
FILLER_17_396,VGND,li1,189.0600,59.8400,0.000212
FILLER_17_391,VGND,li1,185.6100,59.8400,0.000198
FILLER_17_375,VGND,li1,178.7100,59.8400,0.000163
FILLER_17_363,VGND,li1,175.2600,59.8400,0.000201
FILLER_17_357,VGND,li1,169.9700,59.8400,0.000266
FILLER_17_345,VGND,li1,166.9800,59.8400,0.000291
FILLER_17_335,VGND,li1,159.8500,59.8400,0.000368
FILLER_17_327,VGND,li1,157.7800,59.8400,0.000391
FILLER_17_315,VGND,li1,153.1800,59.8400,0.000454
FILLER_17_281,VGND,li1,135.0100,59.8400,0.000555
FILLER_17_272,VGND,li1,130.8700,59.8400,0.000564
FILLER_17_264,VGND,li1,128.8000,59.8400,0.000568
FILLER_17_248,VGND,li1,120.2900,59.8400,0.000585
FILLER_17_240,VGND,li1,117.7600,59.8400,0.000591
FILLER_17_232,VGND,li1,112.4700,59.8400,0.000593
FILLER_17_212,VGND,li1,103.7300,59.8400,0.000573
FILLER_17_204,VGND,li1,101.2000,59.8400,0.000566
FILLER_17_197,VGND,li1,96.3700,59.8400,0.000552
FILLER_17_185,VGND,li1,93.3800,59.8400,0.000546
FILLER_17_169,VGND,li1,83.7200,59.8400,0.000501
FILLER_17_158,VGND,li1,78.8900,59.8400,0.000466
FILLER_17_144,VGND,li1,72.6800,59.8400,0.000430
FILLER_17_132,VGND,li1,69.0000,59.8400,0.000410
FILLER_17_120,VGND,li1,63.4800,59.8400,0.000373
FILLER_17_100,VGND,li1,54.2800,59.8400,0.000303
FILLER_17_92,VGND,li1,48.0700,59.8400,0.000256
FILLER_17_73,VGND,li1,39.3300,59.8400,0.000198
FILLER_17_69,VGND,li1,38.1800,59.8400,0.000181
FILLER_17_57,VGND,li1,34.5000,59.8400,0.000158
FILLER_17_55,VGND,li1,31.0500,59.8400,0.000121
FILLER_17_51,VGND,li1,29.9000,59.8400,0.000121
FILLER_17_39,VGND,li1,26.2200,59.8400,0.000082
FILLER_17_27,VGND,li1,20.7000,59.8400,0.000082
FILLER_17_15,VGND,li1,15.1800,59.8400,0.000082
FILLER_17_3,VGND,li1,9.6600,59.8400,0.000082
FILLER_16_819,VGND,li1,382.4900,54.4000,0.000263
FILLER_16_813,VGND,li1,380.8800,54.4000,0.000261
FILLER_16_806,VGND,li1,377.6600,54.4000,0.000260
FILLER_16_794,VGND,li1,373.5200,54.4000,0.000257
FILLER_16_772,VGND,li1,361.1000,54.4000,0.000246
FILLER_16_755,VGND,li1,353.0500,54.4000,0.000224
FILLER_16_740,VGND,li1,346.6100,54.4000,0.000201
FILLER_16_732,VGND,li1,344.0800,54.4000,0.000188
FILLER_16_720,VGND,li1,339.4800,54.4000,0.000171
FILLER_16_708,VGND,li1,331.4300,54.4000,0.000126
FILLER_16_692,VGND,li1,325.6800,54.4000,0.000168
FILLER_16_671,VGND,li1,314.4100,54.4000,0.000228
FILLER_16_667,VGND,li1,313.2600,54.4000,0.000228
FILLER_16_645,VGND,li1,303.1400,54.4000,0.000256
FILLER_16_643,VGND,li1,301.5300,54.4000,0.000260
FILLER_16_637,VGND,li1,299.9200,54.4000,0.000260
FILLER_16_621,VGND,li1,291.4100,54.4000,0.000273
FILLER_16_617,VGND,li1,290.2600,54.4000,0.000277
FILLER_16_611,VGND,li1,286.8100,54.4000,0.000280
FILLER_16_599,VGND,li1,283.8200,54.4000,0.000285
FILLER_16_589,VGND,li1,277.1500,54.4000,0.000288
FILLER_16_584,VGND,li1,275.0800,54.4000,0.000285
FILLER_16_576,VGND,li1,270.7100,54.4000,0.000277
FILLER_16_569,VGND,li1,267.4900,54.4000,0.000274
FILLER_16_550,VGND,li1,258.9800,54.4000,0.000262
FILLER_16_533,VGND,li1,251.1600,54.4000,0.000248
FILLER_16_519,VGND,li1,244.4900,54.4000,0.000234
FILLER_16_503,VGND,li1,237.5900,54.4000,0.000223
FILLER_16_491,VGND,li1,234.1400,54.4000,0.000214
FILLER_16_477,VGND,li1,226.3200,54.4000,0.000195
FILLER_16_472,VGND,li1,223.5600,54.4000,0.000190
FILLER_16_453,VGND,li1,214.3600,54.4000,0.000166
FILLER_16_445,VGND,li1,212.0600,54.4000,0.000160
FILLER_16_433,VGND,li1,207.4600,54.4000,0.000143
FILLER_16_421,VGND,li1,201.9400,54.4000,0.000130
FILLER_16_412,VGND,li1,196.8800,54.4000,0.000114
FILLER_16_391,VGND,li1,185.6100,54.4000,0.000079
FILLER_16_387,VGND,li1,184.4600,54.4000,0.000079
FILLER_16_372,VGND,li1,176.8700,54.4000,0.000067
FILLER_16_360,VGND,li1,172.0400,54.4000,0.000082
FILLER_16_348,VGND,li1,165.8300,54.4000,0.000097
FILLER_16_319,VGND,li1,152.9500,54.4000,0.000130
FILLER_16_315,VGND,li1,150.6500,54.4000,0.000135
FILLER_16_309,VGND,li1,149.0400,54.4000,0.000140
FILLER_16_306,VGND,li1,146.7400,54.4000,0.000145
FILLER_16_294,VGND,li1,143.5200,54.4000,0.000152
FILLER_16_282,VGND,li1,138.0000,54.4000,0.000165
FILLER_16_273,VGND,li1,131.7900,54.4000,0.000179
FILLER_16_265,VGND,li1,129.2600,54.4000,0.000183
FILLER_16_253,VGND,li1,124.6600,54.4000,0.000193
FILLER_16_246,VGND,li1,120.0600,54.4000,0.000202
FILLER_16_230,VGND,li1,112.7000,54.4000,0.000207
FILLER_16_216,VGND,li1,106.7200,54.4000,0.000203
FILLER_16_204,VGND,li1,102.1200,54.4000,0.000199
FILLER_16_193,VGND,li1,94.9900,54.4000,0.000192
FILLER_16_181,VGND,li1,91.5400,54.4000,0.000189
FILLER_16_174,VGND,li1,85.7900,54.4000,0.000183
FILLER_16_161,VGND,li1,80.5000,54.4000,0.000176
FILLER_16_147,VGND,li1,73.3700,54.4000,0.000162
FILLER_16_141,VGND,li1,71.7600,54.4000,0.000162
FILLER_16_136,VGND,li1,69.0000,54.4000,0.000157
FILLER_16_124,VGND,li1,65.3200,54.4000,0.000149
FILLER_16_102,VGND,li1,53.3600,54.4000,0.000122
FILLER_16_90,VGND,li1,49.6800,54.4000,0.000112
FILLER_16_83,VGND,li1,43.9300,54.4000,0.000096
FILLER_16_75,VGND,li1,40.7100,54.4000,0.000081
FILLER_16_53,VGND,li1,32.6600,54.4000,0.000060
FILLER_16_41,VGND,li1,27.1400,54.4000,0.000041
FILLER_16_29,VGND,li1,21.6200,54.4000,0.000034
FILLER_16_27,VGND,li1,18.1700,54.4000,0.000034
FILLER_16_15,VGND,li1,15.1800,54.4000,0.000034
FILLER_16_3,VGND,li1,9.6600,54.4000,0.000034
FILLER_15_817,VGND,li1,382.0300,54.4000,0.000263
FILLER_15_809,VGND,li1,379.5000,54.4000,0.000261
FILLER_15_797,VGND,li1,374.9000,54.4000,0.000257
FILLER_15_785,VGND,li1,369.3800,54.4000,0.000255
FILLER_15_781,VGND,li1,365.4700,54.4000,0.000252
FILLER_15_769,VGND,li1,362.0200,54.4000,0.000246
FILLER_15_761,VGND,li1,356.0400,54.4000,0.000236
FILLER_15_750,VGND,li1,351.4400,54.4000,0.000224
FILLER_15_741,VGND,li1,347.0700,54.4000,0.000208
FILLER_15_720,VGND,li1,337.1800,54.4000,0.000153
FILLER_15_708,VGND,li1,333.9600,54.4000,0.000141
FILLER_15_696,VGND,li1,328.4400,54.4000,0.000150
FILLER_15_673,VGND,li1,315.5600,54.4000,0.000220
FILLER_15_668,VGND,li1,313.0300,54.4000,0.000234
FILLER_15_656,VGND,li1,310.0400,54.4000,0.000241
FILLER_15_644,VGND,li1,304.5200,54.4000,0.000252
FILLER_15_632,VGND,li1,299.0000,54.4000,0.000264
FILLER_15_615,VGND,li1,288.6500,54.4000,0.000277
FILLER_15_599,VGND,li1,282.9000,54.4000,0.000285
FILLER_15_592,VGND,li1,278.0700,54.4000,0.000288
FILLER_15_557,VGND,li1,262.4300,54.4000,0.000265
FILLER_15_545,VGND,li1,258.9800,54.4000,0.000262
FILLER_15_527,VGND,li1,248.8600,54.4000,0.000245
FILLER_15_521,VGND,li1,245.4100,54.4000,0.000239
FILLER_15_515,VGND,li1,243.8000,54.4000,0.000234
FILLER_15_499,VGND,li1,235.5200,54.4000,0.000219
FILLER_15_491,VGND,li1,231.8400,54.4000,0.000207
FILLER_15_485,VGND,li1,229.0800,54.4000,0.000203
FILLER_15_473,VGND,li1,225.8600,54.4000,0.000195
FILLER_15_461,VGND,li1,220.3400,54.4000,0.000179
FILLER_15_430,VGND,li1,206.0800,54.4000,0.000143
FILLER_15_413,VGND,li1,196.1900,54.4000,0.000114
FILLER_15_401,VGND,li1,192.7400,54.4000,0.000105
FILLER_15_393,VGND,li1,186.7600,54.4000,0.000087
FILLER_15_391,VGND,li1,185.6100,54.4000,0.000079
FILLER_15_379,VGND,li1,182.6200,54.4000,0.000071
FILLER_15_364,VGND,li1,174.8000,54.4000,0.000073
FILLER_15_356,VGND,li1,169.7400,54.4000,0.000087
FILLER_15_344,VGND,li1,166.5200,54.4000,0.000097
FILLER_15_335,VGND,li1,159.8500,54.4000,0.000113
FILLER_15_326,VGND,li1,155.9400,54.4000,0.000124
FILLER_15_310,VGND,li1,148.5800,54.4000,0.000140
FILLER_15_302,VGND,li1,146.2800,54.4000,0.000145
FILLER_15_293,VGND,li1,141.6800,54.4000,0.000156
FILLER_15_281,VGND,li1,137.5400,54.4000,0.000165
FILLER_15_279,VGND,li1,134.0900,54.4000,0.000173
FILLER_15_267,VGND,li1,131.1000,54.4000,0.000179
FILLER_15_257,VGND,li1,124.4300,54.4000,0.000193
FILLER_15_249,VGND,li1,121.9000,54.4000,0.000198
FILLER_15_237,VGND,li1,117.3000,54.4000,0.000210
FILLER_15_225,VGND,li1,111.7800,54.4000,0.000207
FILLER_15_223,VGND,li1,108.3300,54.4000,0.000203
FILLER_15_219,VGND,li1,107.1800,54.4000,0.000203
FILLER_15_212,VGND,li1,103.2700,54.4000,0.000199
FILLER_15_206,VGND,li1,101.6600,54.4000,0.000199
FILLER_15_201,VGND,li1,98.4400,54.4000,0.000196
FILLER_15_181,VGND,li1,90.6200,54.4000,0.000189
FILLER_15_169,VGND,li1,86.0200,54.4000,0.000183
FILLER_15_164,VGND,li1,81.8800,54.4000,0.000176
FILLER_15_152,VGND,li1,78.2000,54.4000,0.000173
FILLER_15_122,VGND,li1,63.4800,54.4000,0.000145
FILLER_15_104,VGND,li1,55.2000,54.4000,0.000127
FILLER_15_92,VGND,li1,50.6000,54.4000,0.000112
FILLER_15_80,VGND,li1,45.0800,54.4000,0.000096
FILLER_15_57,VGND,li1,34.5000,54.4000,0.000066
FILLER_15_55,VGND,li1,31.0500,54.4000,0.000050
FILLER_15_51,VGND,li1,29.9000,54.4000,0.000050
FILLER_15_39,VGND,li1,26.2200,54.4000,0.000034
FILLER_15_27,VGND,li1,20.7000,54.4000,0.000034
FILLER_15_15,VGND,li1,15.1800,54.4000,0.000034
FILLER_15_3,VGND,li1,9.6600,54.4000,0.000034
FILLER_14_821,VGND,li1,383.8700,48.9600,0.000187
FILLER_14_813,VGND,li1,381.3400,48.9600,0.000187
FILLER_14_811,VGND,li1,378.8100,48.9600,0.000187
FILLER_14_803,VGND,li1,376.7400,48.9600,0.000187
FILLER_14_791,VGND,li1,372.1400,48.9600,0.000187
FILLER_14_769,VGND,li1,359.7200,48.9600,0.000183
FILLER_14_757,VGND,li1,356.5000,48.9600,0.000181
FILLER_14_755,VGND,li1,353.0500,48.9600,0.000179
FILLER_14_747,VGND,li1,350.9800,48.9600,0.000176
FILLER_14_731,VGND,li1,342.2400,48.9600,0.000155
FILLER_14_719,VGND,li1,339.0200,48.9600,0.000136
FILLER_14_709,VGND,li1,331.8900,48.9600,0.000112
FILLER_14_701,VGND,li1,329.8200,48.9600,0.000126
FILLER_14_697,VGND,li1,326.8300,48.9600,0.000156
FILLER_14_693,VGND,li1,324.5300,48.9600,0.000170
FILLER_14_678,VGND,li1,318.0900,48.9600,0.000203
FILLER_14_670,VGND,li1,314.4100,48.9600,0.000227
FILLER_14_658,VGND,li1,310.9600,48.9600,0.000241
FILLER_14_640,VGND,li1,300.8400,48.9600,0.000293
FILLER_14_632,VGND,li1,296.4700,48.9600,0.000313
FILLER_14_620,VGND,li1,293.4800,48.9600,0.000332
FILLER_14_616,VGND,li1,289.1100,48.9600,0.000348
FILLER_14_608,VGND,li1,285.4300,48.9600,0.000368
FILLER_14_602,VGND,li1,283.8200,48.9600,0.000368
FILLER_14_589,VGND,li1,277.8400,48.9600,0.000381
FILLER_14_586,VGND,li1,275.5400,48.9600,0.000381
FILLER_14_569,VGND,li1,268.6400,48.9600,0.000380
FILLER_14_557,VGND,li1,264.5000,48.9600,0.000378
FILLER_14_545,VGND,li1,258.9800,48.9600,0.000367
FILLER_14_533,VGND,li1,253.4600,48.9600,0.000353
FILLER_14_526,VGND,li1,248.8600,48.9600,0.000335
FILLER_14_514,VGND,li1,244.7200,48.9600,0.000321
FILLER_14_496,VGND,li1,234.3700,48.9600,0.000291
FILLER_14_477,VGND,li1,226.3200,48.9600,0.000262
FILLER_14_474,VGND,li1,224.0200,48.9600,0.000255
FILLER_14_466,VGND,li1,221.7200,48.9600,0.000244
FILLER_14_458,VGND,li1,216.4300,48.9600,0.000224
FILLER_14_452,VGND,li1,214.8200,48.9600,0.000224
FILLER_14_442,VGND,li1,209.7600,48.9600,0.000201
FILLER_14_426,VGND,li1,201.9400,48.9600,0.000174
FILLER_14_416,VGND,li1,197.1100,48.9600,0.000153
FILLER_14_408,VGND,li1,195.0400,48.9600,0.000143
FILLER_14_403,VGND,li1,191.3600,48.9600,0.000129
FILLER_14_391,VGND,li1,188.1400,48.9600,0.000114
FILLER_14_381,VGND,li1,181.0100,48.9600,0.000082
FILLER_14_377,VGND,li1,179.8600,48.9600,0.000069
FILLER_14_365,VGND,li1,176.1800,48.9600,0.000073
FILLER_14_356,VGND,li1,171.1200,48.9600,0.000082
FILLER_14_347,VGND,li1,165.6000,48.9600,0.000087
FILLER_14_342,VGND,li1,163.0700,48.9600,0.000090
FILLER_14_330,VGND,li1,160.0800,48.9600,0.000095
FILLER_14_318,VGND,li1,154.5600,48.9600,0.000102
FILLER_14_313,VGND,li1,149.7300,48.9600,0.000107
FILLER_14_295,VGND,li1,141.4500,48.9600,0.000114
FILLER_14_286,VGND,li1,137.5400,48.9600,0.000119
FILLER_14_277,VGND,li1,133.1700,48.9600,0.000122
FILLER_14_265,VGND,li1,127.8800,48.9600,0.000126
FILLER_14_253,VGND,li1,122.1300,48.9600,0.000130
FILLER_14_251,VGND,li1,121.2100,48.9600,0.000130
FILLER_14_243,VGND,li1,117.5300,48.9600,0.000132
FILLER_14_236,VGND,li1,114.5400,48.9600,0.000133
FILLER_14_210,VGND,li1,102.8100,48.9600,0.000134
FILLER_14_202,VGND,li1,100.2800,48.9600,0.000134
FILLER_14_195,VGND,li1,95.4500,48.9600,0.000134
FILLER_14_182,VGND,li1,89.7000,48.9600,0.000133
FILLER_14_174,VGND,li1,87.4000,48.9600,0.000133
FILLER_14_156,VGND,li1,78.2000,48.9600,0.000130
FILLER_14_141,VGND,li1,71.3000,48.9600,0.000125
FILLER_14_139,VGND,li1,69.6900,48.9600,0.000125
FILLER_14_125,VGND,li1,64.8600,48.9600,0.000121
FILLER_14_113,VGND,li1,60.2600,48.9600,0.000118
FILLER_14_102,VGND,li1,53.8200,48.9600,0.000112
FILLER_14_90,VGND,li1,49.6800,48.9600,0.000105
FILLER_14_81,VGND,li1,43.4700,48.9600,0.000093
FILLER_14_73,VGND,li1,39.3300,48.9600,0.000079
FILLER_14_65,VGND,li1,37.2600,48.9600,0.000073
FILLER_14_53,VGND,li1,32.6600,48.9600,0.000058
FILLER_14_41,VGND,li1,27.1400,48.9600,0.000040
FILLER_14_29,VGND,li1,21.6200,48.9600,0.000033
FILLER_14_27,VGND,li1,18.1700,48.9600,0.000033
FILLER_14_15,VGND,li1,15.1800,48.9600,0.000033
FILLER_14_3,VGND,li1,9.6600,48.9600,0.000033
FILLER_13_821,VGND,li1,383.8700,48.9600,0.000187
FILLER_13_809,VGND,li1,380.4200,48.9600,0.000187
FILLER_13_797,VGND,li1,374.9000,48.9600,0.000187
FILLER_13_785,VGND,li1,369.3800,48.9600,0.000187
FILLER_13_783,VGND,li1,365.9300,48.9600,0.000187
FILLER_13_775,VGND,li1,363.8600,48.9600,0.000187
FILLER_13_763,VGND,li1,359.2600,48.9600,0.000183
FILLER_13_751,VGND,li1,353.7400,48.9600,0.000179
FILLER_13_729,VGND,li1,342.2400,48.9600,0.000155
FILLER_13_724,VGND,li1,338.7900,48.9600,0.000136
FILLER_13_720,VGND,li1,337.6400,48.9600,0.000136
FILLER_13_713,VGND,li1,333.7300,48.9600,0.000120
FILLER_13_709,VGND,li1,332.5800,48.9600,0.000112
FILLER_13_697,VGND,li1,328.9000,48.9600,0.000140
FILLER_13_681,VGND,li1,320.6200,48.9600,0.000187
FILLER_13_673,VGND,li1,315.7900,48.9600,0.000213
FILLER_13_671,VGND,li1,314.4100,48.9600,0.000227
FILLER_13_667,VGND,li1,313.2600,48.9600,0.000227
FILLER_13_659,VGND,li1,308.8900,48.9600,0.000251
FILLER_13_653,VGND,li1,307.2800,48.9600,0.000262
FILLER_13_641,VGND,li1,303.1400,48.9600,0.000282
FILLER_13_629,VGND,li1,296.7000,48.9600,0.000313
FILLER_13_617,VGND,li1,292.1000,48.9600,0.000332
FILLER_13_614,VGND,li1,288.4200,48.9600,0.000348
FILLER_13_606,VGND,li1,286.1200,48.9600,0.000358
FILLER_13_590,VGND,li1,278.3000,48.9600,0.000381
FILLER_13_578,VGND,li1,274.1600,48.9600,0.000381
FILLER_13_566,VGND,li1,268.6400,48.9600,0.000380
FILLER_13_559,VGND,li1,262.8900,48.9600,0.000378
FILLER_13_548,VGND,li1,258.2900,48.9600,0.000367
FILLER_13_540,VGND,li1,255.7600,48.9600,0.000360
FILLER_13_528,VGND,li1,251.1600,48.9600,0.000344
FILLER_13_503,VGND,li1,237.1300,48.9600,0.000298
FILLER_13_499,VGND,li1,235.9800,48.9600,0.000298
FILLER_13_484,VGND,li1,229.0800,48.9600,0.000270
FILLER_13_473,VGND,li1,223.3300,48.9600,0.000255
FILLER_13_461,VGND,li1,220.3400,48.9600,0.000244
FILLER_13_449,VGND,li1,214.8200,48.9600,0.000224
FILLER_13_446,VGND,li1,211.1400,48.9600,0.000210
FILLER_13_438,VGND,li1,208.8400,48.9600,0.000201
FILLER_13_434,VGND,li1,205.3900,48.9600,0.000181
FILLER_13_428,VGND,li1,203.7800,48.9600,0.000181
FILLER_13_410,VGND,li1,194.5800,48.9600,0.000143
FILLER_13_393,VGND,li1,187.2200,48.9600,0.000103
FILLER_13_391,VGND,li1,185.6100,48.9600,0.000103
FILLER_13_387,VGND,li1,184.4600,48.9600,0.000091
FILLER_13_384,VGND,li1,182.3900,48.9600,0.000082
FILLER_13_375,VGND,li1,178.4800,48.9600,0.000069
FILLER_13_363,VGND,li1,175.2600,48.9600,0.000073
FILLER_13_337,VGND,li1,161.2300,48.9600,0.000093
FILLER_13_331,VGND,li1,158.0100,48.9600,0.000098
FILLER_13_327,VGND,li1,156.8600,48.9600,0.000098
FILLER_13_315,VGND,li1,153.1800,48.9600,0.000102
FILLER_13_303,VGND,li1,147.6600,48.9600,0.000110
FILLER_13_296,VGND,li1,141.9100,48.9600,0.000114
FILLER_13_281,VGND,li1,137.5400,48.9600,0.000119
FILLER_13_277,VGND,li1,133.6300,48.9600,0.000122
FILLER_13_269,VGND,li1,131.1000,48.9600,0.000124
FILLER_13_258,VGND,li1,124.4300,48.9600,0.000129
FILLER_13_254,VGND,li1,123.2800,48.9600,0.000129
FILLER_13_237,VGND,li1,115.2300,48.9600,0.000133
FILLER_13_229,VGND,li1,111.0900,48.9600,0.000134
FILLER_13_225,VGND,li1,109.9400,48.9600,0.000134
FILLER_13_222,VGND,li1,108.1000,48.9600,0.000134
FILLER_13_216,VGND,li1,105.1100,48.9600,0.000135
FILLER_13_208,VGND,li1,101.4300,48.9600,0.000134
FILLER_13_202,VGND,li1,99.8200,48.9600,0.000134
FILLER_13_190,VGND,li1,95.6800,48.9600,0.000134
FILLER_13_180,VGND,li1,89.0100,48.9600,0.000133
FILLER_13_172,VGND,li1,86.4800,48.9600,0.000133
FILLER_13_144,VGND,li1,71.9900,48.9600,0.000127
FILLER_13_140,VGND,li1,70.8400,48.9600,0.000125
FILLER_13_133,VGND,li1,66.9300,48.9600,0.000122
FILLER_13_125,VGND,li1,63.4800,48.9600,0.000121
FILLER_13_113,VGND,li1,60.2600,48.9600,0.000118
FILLER_13_110,VGND,li1,56.5800,48.9600,0.000114
FILLER_13_93,VGND,li1,50.1400,48.9600,0.000105
FILLER_13_77,VGND,li1,41.6300,48.9600,0.000086
FILLER_13_69,VGND,li1,39.1000,48.9600,0.000079
FILLER_13_57,VGND,li1,34.5000,48.9600,0.000064
FILLER_13_55,VGND,li1,31.0500,48.9600,0.000049
FILLER_13_51,VGND,li1,29.9000,48.9600,0.000049
FILLER_13_39,VGND,li1,26.2200,48.9600,0.000033
FILLER_13_27,VGND,li1,20.7000,48.9600,0.000033
FILLER_13_15,VGND,li1,15.1800,48.9600,0.000033
FILLER_13_3,VGND,li1,9.6600,48.9600,0.000033
FILLER_12_819,VGND,li1,382.4900,43.5200,0.000156
FILLER_12_813,VGND,li1,380.8800,43.5200,0.000155
FILLER_12_810,VGND,li1,378.5800,43.5200,0.000154
FILLER_12_802,VGND,li1,376.2800,43.5200,0.000151
FILLER_12_790,VGND,li1,371.6800,43.5200,0.000149
FILLER_12_778,VGND,li1,366.1600,43.5200,0.000145
FILLER_12_757,VGND,li1,353.9700,43.5200,0.000131
FILLER_12_752,VGND,li1,352.3600,43.5200,0.000131
FILLER_12_740,VGND,li1,348.6800,43.5200,0.000126
FILLER_12_728,VGND,li1,343.1600,43.5200,0.000118
FILLER_12_724,VGND,li1,338.7900,43.5200,0.000112
FILLER_12_716,VGND,li1,335.1100,43.5200,0.000104
FILLER_12_708,VGND,li1,331.4300,43.5200,0.000119
FILLER_12_704,VGND,li1,330.2800,43.5200,0.000119
FILLER_12_699,VGND,li1,327.2900,43.5200,0.000144
FILLER_12_672,VGND,li1,316.0200,43.5200,0.000238
FILLER_12_653,VGND,li1,306.1300,43.5200,0.000318
FILLER_12_645,VGND,li1,304.0600,43.5200,0.000333
FILLER_12_638,VGND,li1,300.3800,43.5200,0.000361
FILLER_12_630,VGND,li1,295.5500,43.5200,0.000407
FILLER_12_620,VGND,li1,290.9500,43.5200,0.000432
FILLER_12_614,VGND,li1,289.3400,43.5200,0.000445
FILLER_12_601,VGND,li1,282.6700,43.5200,0.000484
FILLER_12_580,VGND,li1,274.1600,43.5200,0.000505
FILLER_12_572,VGND,li1,268.8700,43.5200,0.000520
FILLER_12_566,VGND,li1,267.2600,43.5200,0.000520
FILLER_12_558,VGND,li1,262.4300,43.5200,0.000529
FILLER_12_529,VGND,li1,249.5500,43.5200,0.000520
FILLER_12_518,VGND,li1,244.2600,43.5200,0.000513
FILLER_12_506,VGND,li1,241.0400,43.5200,0.000501
FILLER_12_494,VGND,li1,235.5200,43.5200,0.000489
FILLER_12_477,VGND,li1,225.6300,43.5200,0.000459
FILLER_12_473,VGND,li1,223.7900,43.5200,0.000453
FILLER_12_460,VGND,li1,217.3500,43.5200,0.000420
FILLER_12_456,VGND,li1,216.2000,43.5200,0.000420
FILLER_12_444,VGND,li1,212.5200,43.5200,0.000386
FILLER_12_440,VGND,li1,208.1500,43.5200,0.000365
FILLER_12_428,VGND,li1,205.1600,43.5200,0.000333
FILLER_12_419,VGND,li1,198.4900,43.5200,0.000282
FILLER_12_406,VGND,li1,194.1200,43.5200,0.000259
FILLER_12_400,VGND,li1,189.9800,43.5200,0.000228
FILLER_12_392,VGND,li1,186.3000,43.5200,0.000197
FILLER_12_377,VGND,li1,179.4000,43.5200,0.000145
FILLER_12_347,VGND,li1,165.8300,43.5200,0.000151
FILLER_12_328,VGND,li1,157.0900,43.5200,0.000165
FILLER_12_320,VGND,li1,154.5600,43.5200,0.000170
FILLER_12_309,VGND,li1,148.5800,43.5200,0.000174
FILLER_12_305,VGND,li1,146.5100,43.5200,0.000176
FILLER_12_297,VGND,li1,143.9800,43.5200,0.000178
FILLER_12_277,VGND,li1,134.7800,43.5200,0.000184
FILLER_12_265,VGND,li1,130.1800,43.5200,0.000187
FILLER_12_253,VGND,li1,124.6600,43.5200,0.000190
FILLER_12_244,VGND,li1,119.6000,43.5200,0.000192
FILLER_12_232,VGND,li1,115.0000,43.5200,0.000194
FILLER_12_225,VGND,li1,109.2500,43.5200,0.000195
FILLER_12_210,VGND,li1,102.8100,43.5200,0.000196
FILLER_12_202,VGND,li1,100.2800,43.5200,0.000196
FILLER_12_195,VGND,li1,95.4500,43.5200,0.000195
FILLER_12_185,VGND,li1,92.0000,43.5200,0.000195
FILLER_12_177,VGND,li1,87.6300,43.5200,0.000194
FILLER_12_165,VGND,li1,84.1800,43.5200,0.000192
FILLER_12_161,VGND,li1,79.8100,43.5200,0.000191
FILLER_12_155,VGND,li1,78.2000,43.5200,0.000190
FILLER_12_149,VGND,li1,74.2900,43.5200,0.000188
FILLER_12_141,VGND,li1,72.2200,43.5200,0.000187
FILLER_12_137,VGND,li1,69.2300,43.5200,0.000185
FILLER_12_115,VGND,li1,59.1100,43.5200,0.000178
FILLER_12_92,VGND,li1,48.7600,43.5200,0.000152
FILLER_12_83,VGND,li1,43.9300,43.5200,0.000125
FILLER_12_77,VGND,li1,42.3200,43.5200,0.000125
FILLER_12_65,VGND,li1,38.1800,43.5200,0.000106
FILLER_12_53,VGND,li1,32.6600,43.5200,0.000081
FILLER_12_41,VGND,li1,27.1400,43.5200,0.000055
FILLER_12_29,VGND,li1,21.6200,43.5200,0.000046
FILLER_12_27,VGND,li1,18.1700,43.5200,0.000046
FILLER_12_15,VGND,li1,15.1800,43.5200,0.000046
FILLER_12_3,VGND,li1,9.6600,43.5200,0.000046
FILLER_11_821,VGND,li1,383.8700,43.5200,0.000156
FILLER_11_809,VGND,li1,380.4200,43.5200,0.000155
FILLER_11_797,VGND,li1,374.9000,43.5200,0.000151
FILLER_11_785,VGND,li1,369.3800,43.5200,0.000148
FILLER_11_780,VGND,li1,365.2400,43.5200,0.000145
FILLER_11_768,VGND,li1,361.5600,43.5200,0.000142
FILLER_11_756,VGND,li1,356.0400,43.5200,0.000137
FILLER_11_744,VGND,li1,350.5200,43.5200,0.000129
FILLER_11_732,VGND,li1,345.0000,43.5200,0.000121
FILLER_11_713,VGND,li1,334.1900,43.5200,0.000104
FILLER_11_708,VGND,li1,331.6600,43.5200,0.000119
FILLER_11_696,VGND,li1,328.4400,43.5200,0.000144
FILLER_11_687,VGND,li1,322.0000,43.5200,0.000198
FILLER_11_673,VGND,li1,316.9400,43.5200,0.000238
FILLER_11_668,VGND,li1,313.7200,43.5200,0.000256
FILLER_11_656,VGND,li1,307.5100,43.5200,0.000318
FILLER_11_650,VGND,li1,305.9000,43.5200,0.000318
FILLER_11_638,VGND,li1,301.7600,43.5200,0.000361
FILLER_11_617,VGND,li1,289.8000,43.5200,0.000445
FILLER_11_608,VGND,li1,287.0400,43.5200,0.000460
FILLER_11_597,VGND,li1,280.3700,43.5200,0.000490
FILLER_11_591,VGND,li1,278.7600,43.5200,0.000496
FILLER_11_579,VGND,li1,274.6200,43.5200,0.000505
FILLER_11_567,VGND,li1,269.1000,43.5200,0.000517
FILLER_11_559,VGND,li1,262.8900,43.5200,0.000529
FILLER_11_552,VGND,li1,260.1300,43.5200,0.000532
FILLER_11_544,VGND,li1,257.6000,43.5200,0.000534
FILLER_11_531,VGND,li1,250.4700,43.5200,0.000525
FILLER_11_523,VGND,li1,247.9400,43.5200,0.000520
FILLER_11_512,VGND,li1,241.9600,43.5200,0.000507
FILLER_11_498,VGND,li1,234.8300,43.5200,0.000483
FILLER_11_492,VGND,li1,233.2200,43.5200,0.000483
FILLER_11_480,VGND,li1,229.0800,43.5200,0.000467
FILLER_11_468,VGND,li1,223.5600,43.5200,0.000447
FILLER_11_456,VGND,li1,218.0400,43.5200,0.000432
FILLER_11_446,VGND,li1,211.1400,43.5200,0.000386
FILLER_11_429,VGND,li1,203.7800,43.5200,0.000333
FILLER_11_417,VGND,li1,200.1000,43.5200,0.000296
FILLER_11_405,VGND,li1,194.5800,43.5200,0.000259
FILLER_11_393,VGND,li1,189.0600,43.5200,0.000214
FILLER_11_391,VGND,li1,185.6100,43.5200,0.000181
FILLER_11_385,VGND,li1,184.0000,43.5200,0.000181
FILLER_11_370,VGND,li1,177.5600,43.5200,0.000128
FILLER_11_358,VGND,li1,172.9600,43.5200,0.000141
FILLER_11_349,VGND,li1,166.7500,43.5200,0.000151
FILLER_11_337,VGND,li1,163.3000,43.5200,0.000155
FILLER_11_332,VGND,li1,159.1600,43.5200,0.000162
FILLER_11_311,VGND,li1,148.8100,43.5200,0.000174
FILLER_11_307,VGND,li1,147.6600,43.5200,0.000176
FILLER_11_299,VGND,li1,143.2900,43.5200,0.000180
FILLER_11_293,VGND,li1,141.6800,43.5200,0.000180
FILLER_11_281,VGND,li1,135.7000,43.5200,0.000184
FILLER_11_279,VGND,li1,134.0900,43.5200,0.000185
FILLER_11_275,VGND,li1,132.9400,43.5200,0.000185
FILLER_11_263,VGND,li1,129.2600,43.5200,0.000187
FILLER_11_255,VGND,li1,123.0500,43.5200,0.000191
FILLER_11_243,VGND,li1,120.0600,43.5200,0.000192
FILLER_11_235,VGND,li1,113.8500,43.5200,0.000195
FILLER_11_222,VGND,li1,108.1000,43.5200,0.000196
FILLER_11_214,VGND,li1,105.8000,43.5200,0.000196
FILLER_11_203,VGND,li1,100.2800,43.5200,0.000196
FILLER_11_197,VGND,li1,96.3700,43.5200,0.000196
FILLER_11_191,VGND,li1,94.7600,43.5200,0.000195
FILLER_11_173,VGND,li1,85.3300,43.5200,0.000193
FILLER_11_169,VGND,li1,84.1800,43.5200,0.000192
FILLER_11_162,VGND,li1,81.4200,43.5200,0.000191
FILLER_11_148,VGND,li1,74.2900,43.5200,0.000188
FILLER_11_136,VGND,li1,70.8400,43.5200,0.000185
FILLER_11_123,VGND,li1,62.3300,43.5200,0.000180
FILLER_11_117,VGND,li1,60.7200,43.5200,0.000178
FILLER_11_111,VGND,li1,56.8100,43.5200,0.000176
FILLER_11_101,VGND,li1,52.6700,43.5200,0.000161
FILLER_11_93,VGND,li1,50.1400,43.5200,0.000152
FILLER_11_81,VGND,li1,45.5400,43.5200,0.000134
FILLER_11_69,VGND,li1,40.0200,43.5200,0.000114
FILLER_11_57,VGND,li1,34.5000,43.5200,0.000089
FILLER_11_55,VGND,li1,31.0500,43.5200,0.000068
FILLER_11_51,VGND,li1,29.9000,43.5200,0.000068
FILLER_11_39,VGND,li1,26.2200,43.5200,0.000046
FILLER_11_27,VGND,li1,20.7000,43.5200,0.000046
FILLER_11_15,VGND,li1,15.1800,43.5200,0.000046
FILLER_11_3,VGND,li1,9.6600,43.5200,0.000046
FILLER_10_821,VGND,li1,383.8700,38.0800,0.000344
FILLER_10_813,VGND,li1,381.3400,38.0800,0.000344
FILLER_10_811,VGND,li1,378.8100,38.0800,0.000344
FILLER_10_805,VGND,li1,377.2000,38.0800,0.000344
FILLER_10_793,VGND,li1,373.0600,38.0800,0.000344
FILLER_10_781,VGND,li1,367.5400,38.0800,0.000344
FILLER_10_769,VGND,li1,362.0200,38.0800,0.000344
FILLER_10_757,VGND,li1,356.5000,38.0800,0.000344
FILLER_10_748,VGND,li1,351.4400,38.0800,0.000344
FILLER_10_736,VGND,li1,346.8400,38.0800,0.000344
FILLER_10_731,VGND,li1,342.0100,38.0800,0.000330
FILLER_10_725,VGND,li1,340.4000,38.0800,0.000315
FILLER_10_713,VGND,li1,336.2600,38.0800,0.000285
FILLER_10_701,VGND,li1,330.7400,38.0800,0.000296
FILLER_10_699,VGND,li1,327.2900,38.0800,0.000360
FILLER_10_695,VGND,li1,326.1400,38.0800,0.000360
FILLER_10_683,VGND,li1,322.4600,38.0800,0.000419
FILLER_10_671,VGND,li1,316.9400,38.0800,0.000487
FILLER_10_659,VGND,li1,311.4200,38.0800,0.000561
FILLER_10_645,VGND,li1,302.4500,38.0800,0.000644
FILLER_10_640,VGND,li1,300.8400,38.0800,0.000655
FILLER_10_628,VGND,li1,297.1600,38.0800,0.000668
FILLER_10_614,VGND,li1,288.4200,38.0800,0.000712
FILLER_10_602,VGND,li1,285.2000,38.0800,0.000728
FILLER_10_587,VGND,li1,275.7700,38.0800,0.000768
FILLER_10_557,VGND,li1,263.5800,38.0800,0.000814
FILLER_10_545,VGND,li1,258.9800,38.0800,0.000836
FILLER_10_533,VGND,li1,253.4600,38.0800,0.000853
FILLER_10_528,VGND,li1,249.3200,38.0800,0.000869
FILLER_10_516,VGND,li1,245.6400,38.0800,0.000883
FILLER_10_510,VGND,li1,240.3500,38.0800,0.000905
FILLER_10_506,VGND,li1,239.2000,38.0800,0.000905
FILLER_10_491,VGND,li1,234.1400,38.0800,0.000922
FILLER_10_474,VGND,li1,224.0200,38.0800,0.000927
FILLER_10_465,VGND,li1,219.6500,38.0800,0.000908
FILLER_10_443,VGND,li1,212.0600,38.0800,0.000863
FILLER_10_436,VGND,li1,207.0000,38.0800,0.000833
FILLER_10_421,VGND,li1,199.6400,38.0800,0.000720
FILLER_10_419,VGND,li1,198.4900,38.0800,0.000720
FILLER_10_415,VGND,li1,197.3400,38.0800,0.000686
FILLER_10_403,VGND,li1,193.6600,38.0800,0.000651
FILLER_10_389,VGND,li1,184.9200,38.0800,0.000509
FILLER_10_377,VGND,li1,181.7000,38.0800,0.000459
FILLER_10_365,VGND,li1,176.1800,38.0800,0.000401
FILLER_10_352,VGND,li1,170.2000,38.0800,0.000468
FILLER_10_340,VGND,li1,164.6800,38.0800,0.000536
FILLER_10_333,VGND,li1,159.1600,38.0800,0.000591
FILLER_10_321,VGND,li1,155.9400,38.0800,0.000618
FILLER_10_309,VGND,li1,150.4200,38.0800,0.000681
FILLER_10_307,VGND,li1,146.9700,38.0800,0.000704
FILLER_10_301,VGND,li1,145.3600,38.0800,0.000712
FILLER_10_289,VGND,li1,141.2200,38.0800,0.000723
FILLER_10_277,VGND,li1,135.7000,38.0800,0.000734
FILLER_10_264,VGND,li1,127.1900,38.0800,0.000750
FILLER_10_258,VGND,li1,125.5800,38.0800,0.000750
FILLER_10_248,VGND,li1,120.5200,38.0800,0.000755
FILLER_10_241,VGND,li1,117.0700,38.0800,0.000733
FILLER_10_229,VGND,li1,113.6200,38.0800,0.000723
FILLER_10_219,VGND,li1,106.4900,38.0800,0.000674
FILLER_10_215,VGND,li1,105.3400,38.0800,0.000674
FILLER_10_197,VGND,li1,97.0600,38.0800,0.000623
FILLER_10_194,VGND,li1,95.2200,38.0800,0.000611
FILLER_10_186,VGND,li1,92.9200,38.0800,0.000591
FILLER_10_179,VGND,li1,88.3200,38.0800,0.000567
FILLER_10_171,VGND,li1,86.0200,38.0800,0.000553
FILLER_10_159,VGND,li1,79.1200,38.0800,0.000507
FILLER_10_145,VGND,li1,72.4500,38.0800,0.000462
FILLER_10_141,VGND,li1,71.3000,38.0800,0.000443
FILLER_10_139,VGND,li1,69.6900,38.0800,0.000443
FILLER_10_133,VGND,li1,67.3900,38.0800,0.000428
FILLER_10_121,VGND,li1,62.5600,38.0800,0.000391
FILLER_10_109,VGND,li1,58.4200,38.0800,0.000362
FILLER_10_97,VGND,li1,52.9000,38.0800,0.000320
FILLER_10_85,VGND,li1,47.3800,38.0800,0.000278
FILLER_10_83,VGND,li1,43.9300,38.0800,0.000249
FILLER_10_79,VGND,li1,42.7800,38.0800,0.000231
FILLER_10_71,VGND,li1,38.4100,38.0800,0.000192
FILLER_10_65,VGND,li1,36.8000,38.0800,0.000192
FILLER_10_53,VGND,li1,32.6600,38.0800,0.000155
FILLER_10_41,VGND,li1,27.1400,38.0800,0.000106
FILLER_10_29,VGND,li1,21.6200,38.0800,0.000088
FILLER_10_27,VGND,li1,18.1700,38.0800,0.000088
FILLER_10_15,VGND,li1,15.1800,38.0800,0.000088
FILLER_10_3,VGND,li1,9.6600,38.0800,0.000088
FILLER_9_821,VGND,li1,383.8700,38.0800,0.000344
FILLER_9_809,VGND,li1,380.4200,38.0800,0.000344
FILLER_9_797,VGND,li1,374.9000,38.0800,0.000344
FILLER_9_785,VGND,li1,369.3800,38.0800,0.000344
FILLER_9_783,VGND,li1,365.9300,38.0800,0.000344
FILLER_9_779,VGND,li1,364.7800,38.0800,0.000344
FILLER_9_767,VGND,li1,361.1000,38.0800,0.000344
FILLER_9_755,VGND,li1,355.5800,38.0800,0.000344
FILLER_9_743,VGND,li1,350.0600,38.0800,0.000344
FILLER_9_726,VGND,li1,339.9400,38.0800,0.000315
FILLER_9_714,VGND,li1,336.7200,38.0800,0.000285
FILLER_9_708,VGND,li1,331.4300,38.0800,0.000296
FILLER_9_702,VGND,li1,329.8200,38.0800,0.000296
FILLER_9_689,VGND,li1,323.8400,38.0800,0.000391
FILLER_9_680,VGND,li1,318.5500,38.0800,0.000462
FILLER_9_671,VGND,li1,314.4100,38.0800,0.000536
FILLER_9_663,VGND,li1,311.1900,38.0800,0.000561
FILLER_9_655,VGND,li1,307.0500,38.0800,0.000609
FILLER_9_643,VGND,li1,304.0600,38.0800,0.000634
FILLER_9_625,VGND,li1,293.2500,38.0800,0.000687
FILLER_9_617,VGND,li1,291.1800,38.0800,0.000699
FILLER_9_615,VGND,li1,288.6500,38.0800,0.000712
FILLER_9_611,VGND,li1,287.5000,38.0800,0.000712
FILLER_9_599,VGND,li1,283.8200,38.0800,0.000728
FILLER_9_587,VGND,li1,278.3000,38.0800,0.000753
FILLER_9_573,VGND,li1,269.7900,38.0800,0.000789
FILLER_9_561,VGND,li1,266.3400,38.0800,0.000803
FILLER_9_559,VGND,li1,262.8900,38.0800,0.000821
FILLER_9_555,VGND,li1,261.7400,38.0800,0.000821
FILLER_9_536,VGND,li1,253.4600,38.0800,0.000853
FILLER_9_525,VGND,li1,247.2500,38.0800,0.000876
FILLER_9_517,VGND,li1,245.1800,38.0800,0.000883
FILLER_9_505,VGND,li1,240.5800,38.0800,0.000905
FILLER_9_503,VGND,li1,237.1300,38.0800,0.000912
FILLER_9_497,VGND,li1,235.5200,38.0800,0.000922
FILLER_9_485,VGND,li1,231.3800,38.0800,0.000936
FILLER_9_473,VGND,li1,225.8600,38.0800,0.000931
FILLER_9_467,VGND,li1,220.5700,38.0800,0.000918
FILLER_9_461,VGND,li1,218.9600,38.0800,0.000908
FILLER_9_449,VGND,li1,214.8200,38.0800,0.000886
FILLER_9_447,VGND,li1,211.3700,38.0800,0.000863
FILLER_9_441,VGND,li1,209.7600,38.0800,0.000845
FILLER_9_433,VGND,li1,204.9300,38.0800,0.000811
FILLER_9_425,VGND,li1,202.8600,38.0800,0.000772
FILLER_9_417,VGND,li1,198.0300,38.0800,0.000720
FILLER_9_407,VGND,li1,193.4300,38.0800,0.000651
FILLER_9_393,VGND,li1,186.5300,38.0800,0.000543
FILLER_9_386,VGND,li1,184.4600,38.0800,0.000509
FILLER_9_372,VGND,li1,177.3300,38.0800,0.000370
FILLER_9_364,VGND,li1,173.1900,38.0800,0.000437
FILLER_9_360,VGND,li1,172.0400,38.0800,0.000437
FILLER_9_347,VGND,li1,166.5200,38.0800,0.000502
FILLER_9_337,VGND,li1,161.2300,38.0800,0.000571
FILLER_9_317,VGND,li1,153.1800,38.0800,0.000646
FILLER_9_304,VGND,li1,145.8200,38.0800,0.000704
FILLER_9_294,VGND,li1,141.4500,38.0800,0.000723
FILLER_9_281,VGND,li1,135.4700,38.0800,0.000738
FILLER_9_278,VGND,li1,133.8600,38.0800,0.000738
FILLER_9_255,VGND,li1,125.5800,38.0800,0.000750
FILLER_9_237,VGND,li1,115.4600,38.0800,0.000733
FILLER_9_225,VGND,li1,111.7800,38.0800,0.000703
FILLER_9_221,VGND,li1,107.8700,38.0800,0.000689
FILLER_9_206,VGND,li1,102.1200,38.0800,0.000648
FILLER_9_194,VGND,li1,97.5200,38.0800,0.000623
FILLER_9_182,VGND,li1,92.0000,38.0800,0.000591
FILLER_9_161,VGND,li1,80.0400,38.0800,0.000507
FILLER_9_153,VGND,li1,77.7400,38.0800,0.000493
FILLER_9_141,VGND,li1,73.1400,38.0800,0.000462
FILLER_9_119,VGND,li1,60.4900,38.0800,0.000377
FILLER_9_113,VGND,li1,58.8800,38.0800,0.000362
FILLER_9_110,VGND,li1,56.5800,38.0800,0.000348
FILLER_9_98,VGND,li1,53.3600,38.0800,0.000320
FILLER_9_86,VGND,li1,47.8400,38.0800,0.000278
FILLER_9_77,VGND,li1,41.4000,38.0800,0.000231
FILLER_9_69,VGND,li1,39.1000,38.0800,0.000212
FILLER_9_57,VGND,li1,34.5000,38.0800,0.000171
FILLER_9_55,VGND,li1,31.0500,38.0800,0.000131
FILLER_9_51,VGND,li1,29.9000,38.0800,0.000131
FILLER_9_39,VGND,li1,26.2200,38.0800,0.000088
FILLER_9_27,VGND,li1,20.7000,38.0800,0.000088
FILLER_9_15,VGND,li1,15.1800,38.0800,0.000088
FILLER_9_3,VGND,li1,9.6600,38.0800,0.000088
FILLER_8_821,VGND,li1,383.8700,32.6400,0.000267
FILLER_8_813,VGND,li1,381.3400,32.6400,0.000267
FILLER_8_811,VGND,li1,378.8100,32.6400,0.000267
FILLER_8_805,VGND,li1,377.2000,32.6400,0.000267
FILLER_8_793,VGND,li1,373.0600,32.6400,0.000267
FILLER_8_781,VGND,li1,367.5400,32.6400,0.000267
FILLER_8_769,VGND,li1,362.0200,32.6400,0.000267
FILLER_8_757,VGND,li1,356.5000,32.6400,0.000267
FILLER_8_755,VGND,li1,353.0500,32.6400,0.000267
FILLER_8_749,VGND,li1,351.4400,32.6400,0.000267
FILLER_8_737,VGND,li1,347.3000,32.6400,0.000267
FILLER_8_728,VGND,li1,340.6300,32.6400,0.000259
FILLER_8_722,VGND,li1,339.0200,32.6400,0.000259
FILLER_8_701,VGND,li1,328.2100,32.6400,0.000343
FILLER_8_698,VGND,li1,327.0600,32.6400,0.000343
FILLER_8_690,VGND,li1,323.1500,32.6400,0.000427
FILLER_8_682,VGND,li1,321.0800,32.6400,0.000490
FILLER_8_674,VGND,li1,315.7900,32.6400,0.000601
FILLER_8_670,VGND,li1,314.6400,32.6400,0.000601
FILLER_8_658,VGND,li1,310.9600,32.6400,0.000678
FILLER_8_645,VGND,li1,303.1400,32.6400,0.000834
FILLER_8_636,VGND,li1,298.7700,32.6400,0.000931
FILLER_8_625,VGND,li1,294.8600,32.6400,0.000984
FILLER_8_613,VGND,li1,290.2600,32.6400,0.001040
FILLER_8_599,VGND,li1,282.9000,32.6400,0.001142
FILLER_8_586,VGND,li1,275.5400,32.6400,0.001239
FILLER_8_577,VGND,li1,271.4000,32.6400,0.001285
FILLER_8_569,VGND,li1,269.1000,32.6400,0.001309
FILLER_8_557,VGND,li1,264.5000,32.6400,0.001361
FILLER_8_546,VGND,li1,256.9100,32.6400,0.001365
FILLER_8_531,VGND,li1,250.0100,32.6400,0.001350
FILLER_8_523,VGND,li1,246.3300,32.6400,0.001336
FILLER_8_519,VGND,li1,245.1800,32.6400,0.001336
FILLER_8_507,VGND,li1,239.2000,32.6400,0.001319
FILLER_8_489,VGND,li1,230.6900,32.6400,0.001294
FILLER_8_477,VGND,li1,227.7000,32.6400,0.001285
FILLER_8_475,VGND,li1,224.2500,32.6400,0.001274
FILLER_8_467,VGND,li1,222.1800,32.6400,0.001263
FILLER_8_453,VGND,li1,214.3600,32.6400,0.001201
FILLER_8_445,VGND,li1,212.0600,32.6400,0.001156
FILLER_8_433,VGND,li1,207.4600,32.6400,0.001079
FILLER_8_421,VGND,li1,201.9400,32.6400,0.000993
FILLER_8_416,VGND,li1,197.8000,32.6400,0.000899
FILLER_8_410,VGND,li1,194.3500,32.6400,0.000782
FILLER_8_404,VGND,li1,192.7400,32.6400,0.000782
FILLER_8_392,VGND,li1,188.6000,32.6400,0.000685
FILLER_8_380,VGND,li1,183.0800,32.6400,0.000555
FILLER_8_369,VGND,li1,175.4900,32.6400,0.000443
FILLER_8_365,VGND,li1,174.3400,32.6400,0.000443
FILLER_8_349,VGND,li1,166.7500,32.6400,0.000507
FILLER_8_341,VGND,li1,164.2200,32.6400,0.000535
FILLER_8_335,VGND,li1,159.8500,32.6400,0.000565
FILLER_8_331,VGND,li1,158.7000,32.6400,0.000583
FILLER_8_319,VGND,li1,155.0200,32.6400,0.000602
FILLER_8_302,VGND,li1,145.8200,32.6400,0.000650
FILLER_8_295,VGND,li1,141.4500,32.6400,0.000644
FILLER_8_289,VGND,li1,139.8400,32.6400,0.000644
FILLER_8_277,VGND,li1,135.7000,32.6400,0.000637
FILLER_8_265,VGND,li1,130.1800,32.6400,0.000630
FILLER_8_253,VGND,li1,124.6600,32.6400,0.000622
FILLER_8_248,VGND,li1,120.5200,32.6400,0.000616
FILLER_8_236,VGND,li1,115.4600,32.6400,0.000607
FILLER_8_228,VGND,li1,110.6300,32.6400,0.000596
FILLER_8_209,VGND,li1,103.5000,32.6400,0.000572
FILLER_8_197,VGND,li1,98.9000,32.6400,0.000562
FILLER_8_193,VGND,li1,94.9900,32.6400,0.000549
FILLER_8_177,VGND,li1,88.3200,32.6400,0.000524
FILLER_8_165,VGND,li1,84.1800,32.6400,0.000510
FILLER_8_153,VGND,li1,78.6600,32.6400,0.000482
FILLER_8_141,VGND,li1,70.6100,32.6400,0.000452
FILLER_8_128,VGND,li1,67.1600,32.6400,0.000439
FILLER_8_120,VGND,li1,60.9500,32.6400,0.000406
FILLER_8_116,VGND,li1,59.8000,32.6400,0.000406
FILLER_8_103,VGND,li1,53.5900,32.6400,0.000375
FILLER_8_95,VGND,li1,51.0600,32.6400,0.000359
FILLER_8_85,VGND,li1,45.3100,32.6400,0.000304
FILLER_8_65,VGND,li1,38.1800,32.6400,0.000240
FILLER_8_53,VGND,li1,32.6600,32.6400,0.000183
FILLER_8_41,VGND,li1,27.1400,32.6400,0.000125
FILLER_8_29,VGND,li1,21.6200,32.6400,0.000104
FILLER_8_27,VGND,li1,18.1700,32.6400,0.000104
FILLER_8_15,VGND,li1,15.1800,32.6400,0.000104
FILLER_8_3,VGND,li1,9.6600,32.6400,0.000104
FILLER_7_821,VGND,li1,383.8700,32.6400,0.000267
FILLER_7_809,VGND,li1,380.4200,32.6400,0.000267
FILLER_7_797,VGND,li1,374.9000,32.6400,0.000267
FILLER_7_785,VGND,li1,369.3800,32.6400,0.000267
FILLER_7_783,VGND,li1,365.9300,32.6400,0.000267
FILLER_7_777,VGND,li1,364.3200,32.6400,0.000267
FILLER_7_765,VGND,li1,360.1800,32.6400,0.000267
FILLER_7_753,VGND,li1,354.6600,32.6400,0.000267
FILLER_7_741,VGND,li1,349.1400,32.6400,0.000267
FILLER_7_729,VGND,li1,343.6200,32.6400,0.000267
FILLER_7_725,VGND,li1,339.7100,32.6400,0.000259
FILLER_7_704,VGND,li1,329.5900,32.6400,0.000287
FILLER_7_700,VGND,li1,328.4400,32.6400,0.000343
FILLER_7_693,VGND,li1,324.5300,32.6400,0.000427
FILLER_7_664,VGND,li1,312.8000,32.6400,0.000639
FILLER_7_652,VGND,li1,308.2000,32.6400,0.000750
FILLER_7_633,VGND,li1,297.6200,32.6400,0.000931
FILLER_7_621,VGND,li1,293.9400,32.6400,0.000984
FILLER_7_614,VGND,li1,288.4200,32.6400,0.001067
FILLER_7_605,VGND,li1,284.0500,32.6400,0.001142
FILLER_7_576,VGND,li1,270.7100,32.6400,0.001285
FILLER_7_568,VGND,li1,268.6400,32.6400,0.001309
FILLER_7_559,VGND,li1,262.8900,32.6400,0.001361
FILLER_7_547,VGND,li1,258.9800,32.6400,0.001374
FILLER_7_536,VGND,li1,253.9200,32.6400,0.001357
FILLER_7_523,VGND,li1,247.4800,32.6400,0.001343
FILLER_7_511,VGND,li1,243.3400,32.6400,0.001331
FILLER_7_500,VGND,li1,236.4400,32.6400,0.001311
FILLER_7_490,VGND,li1,231.6100,32.6400,0.001294
FILLER_7_482,VGND,li1,229.0800,32.6400,0.001285
FILLER_7_470,VGND,li1,224.4800,32.6400,0.001274
FILLER_7_457,VGND,li1,216.2000,32.6400,0.001237
FILLER_7_449,VGND,li1,213.9000,32.6400,0.001201
FILLER_7_446,VGND,li1,211.1400,32.6400,0.001156
FILLER_7_438,VGND,li1,208.8400,32.6400,0.001120
FILLER_7_409,VGND,li1,193.8900,32.6400,0.000782
FILLER_7_405,VGND,li1,192.7400,32.6400,0.000782
FILLER_7_393,VGND,li1,189.0600,32.6400,0.000685
FILLER_7_388,VGND,li1,184.9200,32.6400,0.000598
FILLER_7_376,VGND,li1,181.2400,32.6400,0.000473
FILLER_7_349,VGND,li1,167.9000,32.6400,0.000507
FILLER_7_337,VGND,li1,163.3000,32.6400,0.000535
FILLER_7_334,VGND,li1,159.6200,32.6400,0.000565
FILLER_7_326,VGND,li1,157.3200,32.6400,0.000583
FILLER_7_314,VGND,li1,152.7200,32.6400,0.000630
FILLER_7_308,VGND,li1,147.6600,32.6400,0.000651
FILLER_7_281,VGND,li1,137.5400,32.6400,0.000641
FILLER_7_279,VGND,li1,134.0900,32.6400,0.000634
FILLER_7_273,VGND,li1,132.4800,32.6400,0.000634
FILLER_7_265,VGND,li1,127.6500,32.6400,0.000627
FILLER_7_259,VGND,li1,126.0400,32.6400,0.000622
FILLER_7_247,VGND,li1,121.9000,32.6400,0.000616
FILLER_7_235,VGND,li1,116.3800,32.6400,0.000607
FILLER_7_231,VGND,li1,112.0100,32.6400,0.000596
FILLER_7_225,VGND,li1,110.4000,32.6400,0.000596
FILLER_7_221,VGND,li1,107.8700,32.6400,0.000590
FILLER_7_213,VGND,li1,105.3400,32.6400,0.000583
FILLER_7_204,VGND,li1,99.8200,32.6400,0.000562
FILLER_7_192,VGND,li1,96.6000,32.6400,0.000549
FILLER_7_169,VGND,li1,85.1000,32.6400,0.000510
FILLER_7_165,VGND,li1,82.1100,32.6400,0.000502
FILLER_7_157,VGND,li1,79.5800,32.6400,0.000492
FILLER_7_152,VGND,li1,75.9000,32.6400,0.000472
FILLER_7_140,VGND,li1,72.6800,32.6400,0.000461
FILLER_7_128,VGND,li1,67.1600,32.6400,0.000439
FILLER_7_116,VGND,li1,61.6400,32.6400,0.000415
FILLER_7_110,VGND,li1,56.5800,32.6400,0.000386
FILLER_7_98,VGND,li1,51.0600,32.6400,0.000359
FILLER_7_90,VGND,li1,48.7600,32.6400,0.000333
FILLER_7_81,VGND,li1,43.2400,32.6400,0.000286
FILLER_7_69,VGND,li1,40.0200,32.6400,0.000259
FILLER_7_57,VGND,li1,34.5000,32.6400,0.000202
FILLER_7_55,VGND,li1,31.0500,32.6400,0.000154
FILLER_7_51,VGND,li1,29.9000,32.6400,0.000154
FILLER_7_39,VGND,li1,26.2200,32.6400,0.000104
FILLER_7_27,VGND,li1,20.7000,32.6400,0.000104
FILLER_7_15,VGND,li1,15.1800,32.6400,0.000104
FILLER_7_3,VGND,li1,9.6600,32.6400,0.000104
FILLER_6_821,VGND,li1,383.8700,27.2000,0.000775
FILLER_6_813,VGND,li1,381.3400,27.2000,0.000775
FILLER_6_811,VGND,li1,378.8100,27.2000,0.000775
FILLER_6_805,VGND,li1,377.2000,27.2000,0.000775
FILLER_6_793,VGND,li1,373.0600,27.2000,0.000775
FILLER_6_781,VGND,li1,367.5400,27.2000,0.000775
FILLER_6_769,VGND,li1,362.0200,27.2000,0.000775
FILLER_6_757,VGND,li1,356.5000,27.2000,0.000775
FILLER_6_755,VGND,li1,353.0500,27.2000,0.000775
FILLER_6_751,VGND,li1,351.9000,27.2000,0.000775
FILLER_6_728,VGND,li1,341.0900,27.2000,0.000770
FILLER_6_716,VGND,li1,337.6400,27.2000,0.000767
FILLER_6_701,VGND,li1,330.7400,27.2000,0.000985
FILLER_6_698,VGND,li1,327.0600,27.2000,0.001158
FILLER_6_694,VGND,li1,324.9900,27.2000,0.001313
FILLER_6_686,VGND,li1,322.9200,27.2000,0.001466
FILLER_6_674,VGND,li1,318.3200,27.2000,0.001805
FILLER_6_662,VGND,li1,312.8000,27.2000,0.002192
FILLER_6_653,VGND,li1,306.3600,27.2000,0.002623
FILLER_6_645,VGND,li1,302.4500,27.2000,0.002854
FILLER_6_627,VGND,li1,296.7000,27.2000,0.003147
FILLER_6_605,VGND,li1,284.0500,27.2000,0.003728
FILLER_6_601,VGND,li1,282.9000,27.2000,0.003728
FILLER_6_589,VGND,li1,279.2200,27.2000,0.003837
FILLER_6_587,VGND,li1,275.7700,27.2000,0.003940
FILLER_6_580,VGND,li1,272.5500,27.2000,0.004036
FILLER_6_568,VGND,li1,269.5600,27.2000,0.004125
FILLER_6_556,VGND,li1,261.7400,27.2000,0.004269
FILLER_6_544,VGND,li1,258.5200,27.2000,0.004282
FILLER_6_533,VGND,li1,252.5400,27.2000,0.004300
FILLER_6_529,VGND,li1,249.5500,27.2000,0.004309
FILLER_6_522,VGND,li1,245.8700,27.2000,0.004322
FILLER_6_516,VGND,li1,244.2600,27.2000,0.004328
FILLER_6_504,VGND,li1,240.1200,27.2000,0.004338
FILLER_6_481,VGND,li1,227.0100,27.2000,0.004377
FILLER_6_477,VGND,li1,225.8600,27.2000,0.004383
FILLER_6_467,VGND,li1,220.8000,27.2000,0.004374
FILLER_6_435,VGND,li1,208.3800,27.2000,0.004019
FILLER_6_427,VGND,li1,202.1700,27.2000,0.003755
FILLER_6_421,VGND,li1,199.6400,27.2000,0.003616
FILLER_6_416,VGND,li1,197.1100,27.2000,0.003323
FILLER_6_410,VGND,li1,195.5000,27.2000,0.003323
FILLER_6_392,VGND,li1,186.0700,27.2000,0.002437
FILLER_6_384,VGND,li1,184.0000,27.2000,0.002193
FILLER_6_371,VGND,li1,177.5600,27.2000,0.001625
FILLER_6_363,VGND,li1,172.7300,27.2000,0.001759
FILLER_6_359,VGND,li1,171.5800,27.2000,0.001759
FILLER_6_347,VGND,li1,167.9000,27.2000,0.001832
FILLER_6_334,VGND,li1,159.6200,27.2000,0.001944
FILLER_6_322,VGND,li1,156.4000,27.2000,0.001989
FILLER_6_309,VGND,li1,149.0400,27.2000,0.002073
FILLER_6_306,VGND,li1,146.7400,27.2000,0.002088
FILLER_6_299,VGND,li1,143.2900,27.2000,0.002082
FILLER_6_291,VGND,li1,141.2200,27.2000,0.002078
FILLER_6_282,VGND,li1,135.4700,27.2000,0.002067
FILLER_6_275,VGND,li1,132.2500,27.2000,0.002059
FILLER_6_268,VGND,li1,129.0300,27.2000,0.002054
FILLER_6_256,VGND,li1,126.0400,27.2000,0.002047
FILLER_6_235,VGND,li1,114.0800,27.2000,0.001938
FILLER_6_223,VGND,li1,110.8600,27.2000,0.001907
FILLER_6_218,VGND,li1,106.0300,27.2000,0.001824
FILLER_6_197,VGND,li1,97.5200,27.2000,0.001722
FILLER_6_184,VGND,li1,92.9200,27.2000,0.001657
FILLER_6_177,VGND,li1,87.8600,27.2000,0.001570
FILLER_6_147,VGND,li1,73.6000,27.2000,0.001343
FILLER_6_138,VGND,li1,69.4600,27.2000,0.001215
FILLER_6_125,VGND,li1,63.2500,27.2000,0.001112
FILLER_6_117,VGND,li1,61.1800,27.2000,0.001045
FILLER_6_103,VGND,li1,53.1300,27.2000,0.000883
FILLER_6_97,VGND,li1,51.5200,27.2000,0.000835
FILLER_6_85,VGND,li1,47.3800,27.2000,0.000749
FILLER_6_83,VGND,li1,43.9300,27.2000,0.000632
FILLER_6_77,VGND,li1,42.3200,27.2000,0.000632
FILLER_6_65,VGND,li1,38.1800,27.2000,0.000536
FILLER_6_53,VGND,li1,32.6600,27.2000,0.000407
FILLER_6_41,VGND,li1,27.1400,27.2000,0.000279
FILLER_6_29,VGND,li1,21.6200,27.2000,0.000233
FILLER_6_27,VGND,li1,18.1700,27.2000,0.000233
FILLER_6_15,VGND,li1,15.1800,27.2000,0.000233
FILLER_6_3,VGND,li1,9.6600,27.2000,0.000233
FILLER_5_821,VGND,li1,383.8700,27.2000,0.000775
FILLER_5_809,VGND,li1,380.4200,27.2000,0.000775
FILLER_5_797,VGND,li1,374.9000,27.2000,0.000775
FILLER_5_785,VGND,li1,369.3800,27.2000,0.000775
FILLER_5_783,VGND,li1,365.9300,27.2000,0.000775
FILLER_5_777,VGND,li1,364.3200,27.2000,0.000775
FILLER_5_765,VGND,li1,360.1800,27.2000,0.000775
FILLER_5_753,VGND,li1,354.6600,27.2000,0.000775
FILLER_5_741,VGND,li1,349.1400,27.2000,0.000775
FILLER_5_729,VGND,li1,343.6200,27.2000,0.000773
FILLER_5_722,VGND,li1,339.0200,27.2000,0.000767
FILLER_5_710,VGND,li1,334.8800,27.2000,0.000763
FILLER_5_698,VGND,li1,329.3600,27.2000,0.000985
FILLER_5_690,VGND,li1,323.1500,27.2000,0.001466
FILLER_5_682,VGND,li1,321.0800,27.2000,0.001602
FILLER_5_671,VGND,li1,314.4100,27.2000,0.002192
FILLER_5_667,VGND,li1,313.2600,27.2000,0.002192
FILLER_5_655,VGND,li1,309.5800,27.2000,0.002492
FILLER_5_641,VGND,li1,301.0700,27.2000,0.002949
FILLER_5_629,VGND,li1,297.6200,27.2000,0.003147
FILLER_5_617,VGND,li1,292.1000,27.2000,0.003453
FILLER_5_602,VGND,li1,284.2800,27.2000,0.003728
FILLER_5_590,VGND,li1,279.6800,27.2000,0.003837
FILLER_5_578,VGND,li1,274.1600,27.2000,0.004036
FILLER_5_565,VGND,li1,265.6500,27.2000,0.004232
FILLER_5_561,VGND,li1,264.5000,27.2000,0.004232
FILLER_5_557,VGND,li1,262.4300,27.2000,0.004259
FILLER_5_536,VGND,li1,252.3100,27.2000,0.004300
FILLER_5_532,VGND,li1,251.1600,27.2000,0.004309
FILLER_5_517,VGND,li1,243.5700,27.2000,0.004328
FILLER_5_505,VGND,li1,240.5800,27.2000,0.004338
FILLER_5_501,VGND,li1,236.6700,27.2000,0.004353
FILLER_5_490,VGND,li1,231.1500,27.2000,0.004365
FILLER_5_486,VGND,li1,229.3100,27.2000,0.004370
FILLER_5_480,VGND,li1,227.7000,27.2000,0.004377
FILLER_5_468,VGND,li1,223.5600,27.2000,0.004389
FILLER_5_453,VGND,li1,215.7400,27.2000,0.004312
FILLER_5_449,VGND,li1,212.2900,27.2000,0.004212
FILLER_5_442,VGND,li1,210.2200,27.2000,0.004130
FILLER_5_428,VGND,li1,204.2400,27.2000,0.003856
FILLER_5_405,VGND,li1,192.0500,27.2000,0.002924
FILLER_5_401,VGND,li1,190.9000,27.2000,0.002924
FILLER_5_391,VGND,li1,185.6100,27.2000,0.002193
FILLER_5_387,VGND,li1,184.4600,27.2000,0.002193
FILLER_5_375,VGND,li1,180.7800,27.2000,0.001788
FILLER_5_362,VGND,li1,172.2700,27.2000,0.001759
FILLER_5_354,VGND,li1,168.5900,27.2000,0.001832
FILLER_5_350,VGND,li1,167.4400,27.2000,0.001832
FILLER_5_335,VGND,li1,159.8500,27.2000,0.001944
FILLER_5_327,VGND,li1,157.7800,27.2000,0.001989
FILLER_5_315,VGND,li1,153.1800,27.2000,0.002050
FILLER_5_301,VGND,li1,144.9000,27.2000,0.002085
FILLER_5_281,VGND,li1,135.0100,27.2000,0.002067
FILLER_5_269,VGND,li1,129.4900,27.2000,0.002054
FILLER_5_257,VGND,li1,126.5000,27.2000,0.002047
FILLER_5_248,VGND,li1,120.0600,27.2000,0.002020
FILLER_5_233,VGND,li1,113.1600,27.2000,0.001938
FILLER_5_225,VGND,li1,110.8600,27.2000,0.001907
FILLER_5_223,VGND,li1,108.3300,27.2000,0.001856
FILLER_5_210,VGND,li1,102.5800,27.2000,0.001786
FILLER_5_199,VGND,li1,97.7500,27.2000,0.001722
FILLER_5_191,VGND,li1,95.2200,27.2000,0.001690
FILLER_5_179,VGND,li1,90.6200,27.2000,0.001609
FILLER_5_166,VGND,li1,82.3400,27.2000,0.001501
FILLER_5_158,VGND,li1,80.0400,27.2000,0.001451
FILLER_5_153,VGND,li1,76.1300,27.2000,0.001388
FILLER_5_145,VGND,li1,74.0600,27.2000,0.001343
FILLER_5_133,VGND,li1,69.4600,27.2000,0.001215
FILLER_5_129,VGND,li1,65.0900,27.2000,0.001154
FILLER_5_125,VGND,li1,63.9400,27.2000,0.001112
FILLER_5_113,VGND,li1,60.2600,27.2000,0.001045
FILLER_5_111,VGND,li1,56.8100,27.2000,0.000968
FILLER_5_105,VGND,li1,55.2000,27.2000,0.000926
FILLER_5_93,VGND,li1,51.0600,27.2000,0.000835
FILLER_5_81,VGND,li1,45.5400,27.2000,0.000680
FILLER_5_69,VGND,li1,40.0200,27.2000,0.000578
FILLER_5_57,VGND,li1,34.5000,27.2000,0.000450
FILLER_5_55,VGND,li1,31.0500,27.2000,0.000343
FILLER_5_51,VGND,li1,29.9000,27.2000,0.000343
FILLER_5_39,VGND,li1,26.2200,27.2000,0.000233
FILLER_5_27,VGND,li1,20.7000,27.2000,0.000233
FILLER_5_15,VGND,li1,15.1800,27.2000,0.000233
FILLER_5_3,VGND,li1,9.6600,27.2000,0.000233
FILLER_4_821,VGND,li1,383.8700,21.7600,0.001565
FILLER_4_813,VGND,li1,381.3400,21.7600,0.001565
FILLER_4_811,VGND,li1,378.8100,21.7600,0.001565
FILLER_4_805,VGND,li1,377.2000,21.7600,0.001565
FILLER_4_793,VGND,li1,373.0600,21.7600,0.001565
FILLER_4_781,VGND,li1,367.5400,21.7600,0.001565
FILLER_4_769,VGND,li1,362.0200,21.7600,0.001565
FILLER_4_757,VGND,li1,356.5000,21.7600,0.001565
FILLER_4_755,VGND,li1,353.0500,21.7600,0.001565
FILLER_4_747,VGND,li1,350.9800,21.7600,0.001565
FILLER_4_735,VGND,li1,346.3800,21.7600,0.001565
FILLER_4_723,VGND,li1,340.8600,21.7600,0.001565
FILLER_4_711,VGND,li1,335.3400,21.7600,0.001565
FILLER_4_701,VGND,li1,328.4400,21.7600,0.002203
FILLER_4_684,VGND,li1,321.0800,21.7600,0.003167
FILLER_4_663,VGND,li1,311.4200,21.7600,0.004362
FILLER_4_651,VGND,li1,307.7400,21.7600,0.004543
FILLER_4_642,VGND,li1,301.3000,21.7600,0.005002
FILLER_4_630,VGND,li1,298.0800,21.7600,0.005154
FILLER_4_618,VGND,li1,290.2600,21.7600,0.005367
FILLER_4_606,VGND,li1,287.0400,21.7600,0.005386
FILLER_4_589,VGND,li1,277.3800,21.7600,0.005472
FILLER_4_586,VGND,li1,275.5400,21.7600,0.005488
FILLER_4_578,VGND,li1,273.2400,21.7600,0.005507
FILLER_4_564,VGND,li1,265.4200,21.7600,0.005484
FILLER_4_552,VGND,li1,262.2000,21.7600,0.005399
FILLER_4_528,VGND,li1,249.3200,21.7600,0.005155
FILLER_4_520,VGND,li1,245.1800,21.7600,0.005070
FILLER_4_510,VGND,li1,240.8100,21.7600,0.004979
FILLER_4_502,VGND,li1,238.2800,21.7600,0.004892
FILLER_4_489,VGND,li1,231.8400,21.7600,0.004790
FILLER_4_477,VGND,li1,227.7000,21.7600,0.004702
FILLER_4_473,VGND,li1,223.7900,21.7600,0.004590
FILLER_4_461,VGND,li1,220.3400,21.7600,0.004516
FILLER_4_436,VGND,li1,206.7700,21.7600,0.003930
FILLER_4_428,VGND,li1,204.2400,21.7600,0.003781
FILLER_4_419,VGND,li1,198.4900,21.7600,0.003378
FILLER_4_407,VGND,li1,195.5000,21.7600,0.003227
FILLER_4_400,VGND,li1,189.7500,21.7600,0.002896
FILLER_4_396,VGND,li1,187.9100,21.7600,0.002720
FILLER_4_392,VGND,li1,186.7600,21.7600,0.002532
FILLER_4_380,VGND,li1,183.0800,21.7600,0.002226
FILLER_4_368,VGND,li1,177.5600,21.7600,0.001592
FILLER_4_363,VGND,li1,172.7300,21.7600,0.001849
FILLER_4_357,VGND,li1,171.1200,21.7600,0.001849
FILLER_4_345,VGND,li1,166.9800,21.7600,0.002007
FILLER_4_333,VGND,li1,161.4600,21.7600,0.002197
FILLER_4_325,VGND,li1,155.2500,21.7600,0.002401
FILLER_4_319,VGND,li1,153.6400,21.7600,0.002433
FILLER_4_309,VGND,li1,148.3500,21.7600,0.002459
FILLER_4_300,VGND,li1,145.3600,21.7600,0.002443
FILLER_4_288,VGND,li1,140.7600,21.7600,0.002425
FILLER_4_277,VGND,li1,133.6300,21.7600,0.002389
FILLER_4_265,VGND,li1,130.1800,21.7600,0.002371
FILLER_4_253,VGND,li1,124.6600,21.7600,0.002343
FILLER_4_250,VGND,li1,120.9800,21.7600,0.002324
FILLER_4_243,VGND,li1,117.5300,21.7600,0.002287
FILLER_4_237,VGND,li1,115.9200,21.7600,0.002287
FILLER_4_225,VGND,li1,111.7800,21.7600,0.002202
FILLER_4_217,VGND,li1,105.5700,21.7600,0.002106
FILLER_4_210,VGND,li1,102.3500,21.7600,0.002060
FILLER_4_206,VGND,li1,101.2000,21.7600,0.002024
FILLER_4_195,VGND,li1,95.4500,21.7600,0.001941
FILLER_4_187,VGND,li1,93.3800,21.7600,0.001906
FILLER_4_183,VGND,li1,89.9300,21.7600,0.001819
FILLER_4_177,VGND,li1,88.3200,21.7600,0.001819
FILLER_4_165,VGND,li1,84.1800,21.7600,0.001727
FILLER_4_153,VGND,li1,78.6600,21.7600,0.001643
FILLER_4_141,VGND,li1,73.1400,21.7600,0.001550
FILLER_4_128,VGND,li1,67.1600,21.7600,0.001401
FILLER_4_119,VGND,li1,60.7200,21.7600,0.001249
FILLER_4_97,VGND,li1,51.0600,21.7600,0.001029
FILLER_4_85,VGND,li1,47.3800,21.7600,0.000923
FILLER_4_83,VGND,li1,43.9300,21.7600,0.000778
FILLER_4_77,VGND,li1,42.3200,21.7600,0.000778
FILLER_4_65,VGND,li1,38.1800,21.7600,0.000660
FILLER_4_53,VGND,li1,32.6600,21.7600,0.000502
FILLER_4_41,VGND,li1,27.1400,21.7600,0.000344
FILLER_4_29,VGND,li1,21.6200,21.7600,0.000286
FILLER_4_27,VGND,li1,18.1700,21.7600,0.000286
FILLER_4_15,VGND,li1,15.1800,21.7600,0.000286
FILLER_4_3,VGND,li1,9.6600,21.7600,0.000286
FILLER_3_821,VGND,li1,383.8700,21.7600,0.001565
FILLER_3_809,VGND,li1,380.4200,21.7600,0.001565
FILLER_3_797,VGND,li1,374.9000,21.7600,0.001565
FILLER_3_785,VGND,li1,369.3800,21.7600,0.001565
FILLER_3_783,VGND,li1,365.9300,21.7600,0.001565
FILLER_3_777,VGND,li1,364.3200,21.7600,0.001565
FILLER_3_765,VGND,li1,360.1800,21.7600,0.001565
FILLER_3_753,VGND,li1,354.6600,21.7600,0.001565
FILLER_3_741,VGND,li1,349.1400,21.7600,0.001565
FILLER_3_729,VGND,li1,343.6200,21.7600,0.001565
FILLER_3_727,VGND,li1,340.1700,21.7600,0.001565
FILLER_3_721,VGND,li1,338.5600,21.7600,0.001565
FILLER_3_709,VGND,li1,334.4200,21.7600,0.001565
FILLER_3_705,VGND,li1,330.0500,21.7600,0.001850
FILLER_3_668,VGND,li1,313.0300,21.7600,0.004127
FILLER_3_656,VGND,li1,310.0400,21.7600,0.004362
FILLER_3_629,VGND,li1,296.2400,21.7600,0.005266
FILLER_3_617,VGND,li1,292.1000,21.7600,0.005340
FILLER_3_615,VGND,li1,288.6500,21.7600,0.005386
FILLER_3_611,VGND,li1,287.5000,21.7600,0.005386
FILLER_3_606,VGND,li1,284.5100,21.7600,0.005409
FILLER_3_602,VGND,li1,283.3600,21.7600,0.005434
FILLER_3_581,VGND,li1,273.0100,21.7600,0.005523
FILLER_3_569,VGND,li1,267.7200,21.7600,0.005521
FILLER_3_561,VGND,li1,265.4200,21.7600,0.005484
FILLER_3_559,VGND,li1,262.8900,21.7600,0.005399
FILLER_3_553,VGND,li1,261.2800,21.7600,0.005399
FILLER_3_541,VGND,li1,257.1400,21.7600,0.005310
FILLER_3_529,VGND,li1,251.6200,21.7600,0.005202
FILLER_3_523,VGND,li1,246.3300,21.7600,0.005070
FILLER_3_516,VGND,li1,243.1100,21.7600,0.005027
FILLER_3_510,VGND,li1,241.5000,21.7600,0.004979
FILLER_3_501,VGND,li1,236.6700,21.7600,0.004892
FILLER_3_493,VGND,li1,234.1400,21.7600,0.004839
FILLER_3_481,VGND,li1,229.5400,21.7600,0.004741
FILLER_3_463,VGND,li1,218.9600,21.7600,0.004516
FILLER_3_437,VGND,li1,206.7700,21.7600,0.003930
FILLER_3_433,VGND,li1,205.6200,21.7600,0.003930
FILLER_3_410,VGND,li1,194.8100,21.7600,0.003227
FILLER_3_381,VGND,li1,181.0100,21.7600,0.001996
FILLER_3_369,VGND,li1,178.0200,21.7600,0.001592
FILLER_3_362,VGND,li1,172.2700,21.7600,0.001849
FILLER_3_358,VGND,li1,171.1200,21.7600,0.001849
FILLER_3_345,VGND,li1,164.6800,21.7600,0.002082
FILLER_3_337,VGND,li1,162.3800,21.7600,0.002197
FILLER_3_334,VGND,li1,159.6200,21.7600,0.002264
FILLER_3_326,VGND,li1,157.3200,21.7600,0.002355
FILLER_3_322,VGND,li1,153.8700,21.7600,0.002433
FILLER_3_296,VGND,li1,144.4400,21.7600,0.002443
FILLER_3_284,VGND,li1,138.9200,21.7600,0.002407
FILLER_3_277,VGND,li1,133.6300,21.7600,0.002389
FILLER_3_265,VGND,li1,130.1800,21.7600,0.002371
FILLER_3_253,VGND,li1,124.6600,21.7600,0.002343
FILLER_3_233,VGND,li1,113.1600,21.7600,0.002241
FILLER_3_225,VGND,li1,110.8600,21.7600,0.002202
FILLER_3_221,VGND,li1,107.8700,21.7600,0.002145
FILLER_3_213,VGND,li1,103.9600,21.7600,0.002060
FILLER_3_191,VGND,li1,96.1400,21.7600,0.001941
FILLER_3_169,VGND,li1,85.1000,21.7600,0.001763
FILLER_3_164,VGND,li1,81.8800,21.7600,0.001680
FILLER_3_155,VGND,li1,78.2000,21.7600,0.001643
FILLER_3_146,VGND,li1,73.3700,21.7600,0.001550
FILLER_3_134,VGND,li1,69.9200,21.7600,0.001486
FILLER_3_126,VGND,li1,63.7100,21.7600,0.001321
FILLER_3_120,VGND,li1,62.1000,21.7600,0.001321
FILLER_3_111,VGND,li1,56.8100,21.7600,0.001182
FILLER_3_105,VGND,li1,55.2000,21.7600,0.001101
FILLER_3_93,VGND,li1,51.0600,21.7600,0.001029
FILLER_3_81,VGND,li1,45.5400,21.7600,0.000838
FILLER_3_69,VGND,li1,40.0200,21.7600,0.000713
FILLER_3_57,VGND,li1,34.5000,21.7600,0.000554
FILLER_3_55,VGND,li1,31.0500,21.7600,0.000423
FILLER_3_51,VGND,li1,29.9000,21.7600,0.000423
FILLER_3_39,VGND,li1,26.2200,21.7600,0.000286
FILLER_3_27,VGND,li1,20.7000,21.7600,0.000286
FILLER_3_15,VGND,li1,15.1800,21.7600,0.000286
FILLER_3_3,VGND,li1,9.6600,21.7600,0.000286
FILLER_2_821,VGND,li1,383.8700,16.3200,0.000358
FILLER_2_813,VGND,li1,381.3400,16.3200,0.000358
FILLER_2_811,VGND,li1,378.8100,16.3200,0.000358
FILLER_2_805,VGND,li1,377.2000,16.3200,0.000358
FILLER_2_793,VGND,li1,373.0600,16.3200,0.000358
FILLER_2_781,VGND,li1,367.5400,16.3200,0.000358
FILLER_2_769,VGND,li1,362.0200,16.3200,0.000358
FILLER_2_757,VGND,li1,356.5000,16.3200,0.000358
FILLER_2_744,VGND,li1,350.5200,16.3200,0.000358
FILLER_2_732,VGND,li1,345.0000,16.3200,0.000358
FILLER_2_709,VGND,li1,332.3500,16.3200,0.000351
FILLER_2_701,VGND,li1,329.8200,16.3200,0.000426
FILLER_2_688,VGND,li1,324.7600,16.3200,0.000589
FILLER_2_676,VGND,li1,319.2400,16.3200,0.000767
FILLER_2_664,VGND,li1,313.7200,16.3200,0.000930
FILLER_2_656,VGND,li1,307.5100,16.3200,0.001091
FILLER_2_652,VGND,li1,306.3600,16.3200,0.001138
FILLER_2_638,VGND,li1,300.3800,16.3200,0.001178
FILLER_2_621,VGND,li1,293.0200,16.3200,0.001193
FILLER_2_609,VGND,li1,286.3500,16.3200,0.001206
FILLER_2_598,VGND,li1,280.8300,16.3200,0.001218
FILLER_2_592,VGND,li1,279.2200,16.3200,0.001218
FILLER_2_587,VGND,li1,275.7700,16.3200,0.001225
FILLER_2_557,VGND,li1,262.2000,16.3200,0.001243
FILLER_2_545,VGND,li1,258.9800,16.3200,0.001246
FILLER_2_531,VGND,li1,250.0100,16.3200,0.001254
FILLER_2_523,VGND,li1,247.9400,16.3200,0.001255
FILLER_2_499,VGND,li1,235.7500,16.3200,0.001259
FILLER_2_481,VGND,li1,227.4700,16.3200,0.001259
FILLER_2_456,VGND,li1,215.7400,16.3200,0.001254
FILLER_2_429,VGND,li1,203.5500,16.3200,0.001242
FILLER_2_421,VGND,li1,201.0200,16.3200,0.001239
FILLER_2_419,VGND,li1,198.4900,16.3200,0.001236
FILLER_2_411,VGND,li1,196.4200,16.3200,0.001232
FILLER_2_379,VGND,li1,180.3200,16.3200,0.000974
FILLER_2_371,VGND,li1,176.6400,16.3200,0.001036
FILLER_2_362,VGND,li1,172.5000,16.3200,0.001339
FILLER_2_342,VGND,li1,163.0700,16.3200,0.001885
FILLER_2_300,VGND,li1,143.7500,16.3200,0.002807
FILLER_2_288,VGND,li1,138.4600,16.3200,0.002883
FILLER_2_270,VGND,li1,130.4100,16.3200,0.003067
FILLER_2_249,VGND,li1,120.7500,16.3200,0.003175
FILLER_2_222,VGND,li1,107.8700,16.3200,0.002971
FILLER_2_197,VGND,li1,96.3700,16.3200,0.002764
FILLER_2_190,VGND,li1,93.1500,16.3200,0.002667
FILLER_2_163,VGND,li1,80.7300,16.3200,0.002437
FILLER_2_141,VGND,li1,70.6100,16.3200,0.002139
FILLER_2_139,VGND,li1,69.6900,16.3200,0.002067
FILLER_2_133,VGND,li1,68.0800,16.3200,0.002067
FILLER_2_121,VGND,li1,63.9400,16.3200,0.001905
FILLER_2_109,VGND,li1,58.4200,16.3200,0.001645
FILLER_2_97,VGND,li1,52.9000,16.3200,0.001474
FILLER_2_85,VGND,li1,47.3800,16.3200,0.001259
FILLER_2_83,VGND,li1,43.9300,16.3200,0.001061
FILLER_2_77,VGND,li1,42.3200,16.3200,0.001061
FILLER_2_65,VGND,li1,38.1800,16.3200,0.000900
FILLER_2_53,VGND,li1,32.6600,16.3200,0.000684
FILLER_2_41,VGND,li1,27.1400,16.3200,0.000469
FILLER_2_29,VGND,li1,21.6200,16.3200,0.000390
FILLER_2_27,VGND,li1,18.1700,16.3200,0.000390
FILLER_2_15,VGND,li1,15.1800,16.3200,0.000390
FILLER_2_3,VGND,li1,9.6600,16.3200,0.000390
FILLER_1_821,VGND,li1,383.8700,16.3200,0.000358
FILLER_1_809,VGND,li1,380.4200,16.3200,0.000358
FILLER_1_797,VGND,li1,374.9000,16.3200,0.000358
FILLER_1_785,VGND,li1,369.3800,16.3200,0.000358
FILLER_1_783,VGND,li1,365.9300,16.3200,0.000358
FILLER_1_777,VGND,li1,364.3200,16.3200,0.000358
FILLER_1_765,VGND,li1,360.1800,16.3200,0.000358
FILLER_1_753,VGND,li1,354.6600,16.3200,0.000358
FILLER_1_741,VGND,li1,349.1400,16.3200,0.000358
FILLER_1_729,VGND,li1,343.6200,16.3200,0.000358
FILLER_1_720,VGND,li1,338.5600,16.3200,0.000358
FILLER_1_699,VGND,li1,327.2900,16.3200,0.000507
FILLER_1_671,VGND,li1,314.4100,16.3200,0.000930
FILLER_1_650,VGND,li1,304.7500,16.3200,0.001138
FILLER_1_642,VGND,li1,302.6800,16.3200,0.001173
FILLER_1_617,VGND,li1,289.5700,16.3200,0.001202
FILLER_1_614,VGND,li1,288.4200,16.3200,0.001202
FILLER_1_599,VGND,li1,281.7500,16.3200,0.001214
FILLER_1_587,VGND,li1,278.3000,16.3200,0.001221
FILLER_1_574,VGND,li1,270.0200,16.3200,0.001234
FILLER_1_561,VGND,li1,264.0400,16.3200,0.001240
FILLER_1_559,VGND,li1,262.8900,16.3200,0.001243
FILLER_1_555,VGND,li1,261.7400,16.3200,0.001243
FILLER_1_522,VGND,li1,245.8700,16.3200,0.001257
FILLER_1_518,VGND,li1,244.7200,16.3200,0.001257
FILLER_1_514,VGND,li1,242.1900,16.3200,0.001258
FILLER_1_503,VGND,li1,237.1300,16.3200,0.001259
FILLER_1_496,VGND,li1,234.3700,16.3200,0.001260
FILLER_1_491,VGND,li1,231.8400,16.3200,0.001260
FILLER_1_475,VGND,li1,224.4800,16.3200,0.001259
FILLER_1_453,VGND,li1,214.1300,16.3200,0.001252
FILLER_1_435,VGND,li1,206.0800,16.3200,0.001245
FILLER_1_427,VGND,li1,203.7800,16.3200,0.001242
FILLER_1_399,VGND,li1,189.9800,16.3200,0.001180
FILLER_1_393,VGND,li1,186.7600,16.3200,0.001089
FILLER_1_390,VGND,li1,185.3800,16.3200,0.001089
FILLER_1_356,VGND,li1,169.7400,16.3200,0.001468
FILLER_1_337,VGND,li1,161.4600,16.3200,0.002057
FILLER_1_328,VGND,li1,158.2400,16.3200,0.002187
FILLER_1_308,VGND,li1,147.8900,16.3200,0.002686
FILLER_1_300,VGND,li1,145.3600,16.3200,0.002748
FILLER_1_288,VGND,li1,138.4600,16.3200,0.002883
FILLER_1_252,VGND,li1,123.2800,16.3200,0.003167
FILLER_1_244,VGND,li1,117.9900,16.3200,0.003152
FILLER_1_237,VGND,li1,115.0000,16.3200,0.003130
FILLER_1_232,VGND,li1,112.7000,16.3200,0.003085
FILLER_1_200,VGND,li1,97.7500,16.3200,0.002764
FILLER_1_195,VGND,li1,95.4500,16.3200,0.002722
FILLER_1_191,VGND,li1,94.3000,16.3200,0.002722
FILLER_1_181,VGND,li1,89.0100,16.3200,0.002616
FILLER_1_169,VGND,li1,86.0200,16.3200,0.002522
FILLER_1_167,VGND,li1,82.5700,16.3200,0.002475
FILLER_1_162,VGND,li1,80.2700,16.3200,0.002437
FILLER_1_154,VGND,li1,78.2000,16.3200,0.002394
FILLER_1_143,VGND,li1,71.5300,16.3200,0.002139
FILLER_1_137,VGND,li1,69.9200,16.3200,0.002139
FILLER_1_125,VGND,li1,65.7800,16.3200,0.001977
FILLER_1_113,VGND,li1,60.2600,16.3200,0.001761
FILLER_1_111,VGND,li1,56.8100,16.3200,0.001564
FILLER_1_105,VGND,li1,55.2000,16.3200,0.001564
FILLER_1_93,VGND,li1,51.0600,16.3200,0.001402
FILLER_1_81,VGND,li1,45.5400,16.3200,0.001142
FILLER_1_69,VGND,li1,40.0200,16.3200,0.000971
FILLER_1_57,VGND,li1,34.5000,16.3200,0.000756
FILLER_1_55,VGND,li1,31.0500,16.3200,0.000576
FILLER_1_51,VGND,li1,29.9000,16.3200,0.000576
FILLER_1_39,VGND,li1,26.2200,16.3200,0.000390
FILLER_1_27,VGND,li1,20.7000,16.3200,0.000390
FILLER_1_15,VGND,li1,15.1800,16.3200,0.000390
FILLER_1_3,VGND,li1,9.6600,16.3200,0.000390
FILLER_0_821,VGND,li1,383.8700,10.8800,0.000105
FILLER_0_813,VGND,li1,381.3400,10.8800,0.000105
FILLER_0_809,VGND,li1,378.3500,10.8800,0.000105
FILLER_0_797,VGND,li1,374.9000,10.8800,0.000105
FILLER_0_785,VGND,li1,369.3800,10.8800,0.000105
FILLER_0_781,VGND,li1,365.4700,10.8800,0.000105
FILLER_0_769,VGND,li1,362.0200,10.8800,0.000105
FILLER_0_757,VGND,li1,356.5000,10.8800,0.000105
FILLER_0_750,VGND,li1,350.9800,10.8800,0.000105
FILLER_0_742,VGND,li1,348.6800,10.8800,0.000104
FILLER_0_737,VGND,li1,344.7700,10.8800,0.000101
FILLER_0_729,VGND,li1,342.7000,10.8800,0.000098
FILLER_0_721,VGND,li1,337.8700,10.8800,0.000092
FILLER_0_709,VGND,li1,334.4200,10.8800,0.000085
FILLER_0_698,VGND,li1,327.0600,10.8800,0.000094
FILLER_0_677,VGND,li1,317.1700,10.8800,0.000127
FILLER_0_670,VGND,li1,314.1800,10.8800,0.000129
FILLER_0_663,VGND,li1,310.7300,10.8800,0.000134
FILLER_0_657,VGND,li1,309.1200,10.8800,0.000134
FILLER_0_645,VGND,li1,304.9800,10.8800,0.000137
FILLER_0_636,VGND,li1,299.9200,10.8800,0.000142
FILLER_0_617,VGND,li1,291.1800,10.8800,0.000150
FILLER_0_615,VGND,li1,288.6500,10.8800,0.000152
FILLER_0_607,VGND,li1,286.5800,10.8800,0.000154
FILLER_0_595,VGND,li1,281.9800,10.8800,0.000158
FILLER_0_589,VGND,li1,276.9200,10.8800,0.000163
FILLER_0_584,VGND,li1,275.0800,10.8800,0.000166
FILLER_0_561,VGND,li1,264.0400,10.8800,0.000173
FILLER_0_559,VGND,li1,262.8900,10.8800,0.000173
FILLER_0_554,VGND,li1,260.8200,10.8800,0.000174
FILLER_0_524,VGND,li1,247.0200,10.8800,0.000182
FILLER_0_517,VGND,li1,244.2600,10.8800,0.000183
FILLER_0_510,VGND,li1,241.0400,10.8800,0.000184
FILLER_0_505,VGND,li1,238.2800,10.8800,0.000184
FILLER_0_485,VGND,li1,228.8500,10.8800,0.000185
FILLER_0_474,VGND,li1,224.0200,10.8800,0.000185
FILLER_0_459,VGND,li1,217.1200,10.8800,0.000183
FILLER_0_447,VGND,li1,211.3700,10.8800,0.000180
FILLER_0_434,VGND,li1,205.8500,10.8800,0.000177
FILLER_0_421,VGND,li1,199.6400,10.8800,0.000169
FILLER_0_393,VGND,li1,186.9900,10.8800,0.000125
FILLER_0_391,VGND,li1,185.6100,10.8800,0.000113
FILLER_0_385,VGND,li1,183.3100,10.8800,0.000098
FILLER_0_379,VGND,li1,180.3200,10.8800,0.000083
FILLER_0_350,VGND,li1,167.2100,10.8800,0.000115
FILLER_0_343,VGND,li1,163.9900,10.8800,0.000122
FILLER_0_317,VGND,li1,151.5700,10.8800,0.000134
FILLER_0_309,VGND,li1,149.5000,10.8800,0.000136
FILLER_0_307,VGND,li1,146.9700,10.8800,0.000138
FILLER_0_300,VGND,li1,144.4400,10.8800,0.000139
FILLER_0_287,VGND,li1,138.2300,10.8800,0.000142
FILLER_0_281,VGND,li1,135.2400,10.8800,0.000142
FILLER_0_273,VGND,li1,131.7900,10.8800,0.000141
FILLER_0_267,VGND,li1,128.8000,10.8800,0.000140
FILLER_0_259,VGND,li1,126.5000,10.8800,0.000139
FILLER_0_253,VGND,li1,122.3600,10.8800,0.000138
FILLER_0_244,VGND,li1,118.6800,10.8800,0.000135
FILLER_0_239,VGND,li1,115.9200,10.8800,0.000134
FILLER_0_223,VGND,li1,108.3300,10.8800,0.000128
FILLER_0_217,VGND,li1,106.7200,10.8800,0.000128
FILLER_0_209,VGND,li1,102.5800,10.8800,0.000125
FILLER_0_202,VGND,li1,99.3600,10.8800,0.000122
FILLER_0_197,VGND,li1,96.6000,10.8800,0.000120
FILLER_0_191,VGND,li1,93.6100,10.8800,0.000115
FILLER_0_181,VGND,li1,89.7000,10.8800,0.000113
FILLER_0_174,VGND,li1,86.4800,10.8800,0.000109
FILLER_0_169,VGND,li1,83.7200,10.8800,0.000106
FILLER_0_167,VGND,li1,82.5700,10.8800,0.000103
FILLER_0_163,VGND,li1,80.7300,10.8800,0.000101
FILLER_0_149,VGND,li1,74.2900,10.8800,0.000092
FILLER_0_141,VGND,li1,70.8400,10.8800,0.000087
FILLER_0_137,VGND,li1,69.2300,10.8800,0.000087
FILLER_0_125,VGND,li1,65.7800,10.8800,0.000082
FILLER_0_113,VGND,li1,60.2600,10.8800,0.000074
FILLER_0_110,VGND,li1,56.5800,10.8800,0.000068
FILLER_0_98,VGND,li1,53.3600,10.8800,0.000063
FILLER_0_91,VGND,li1,48.0700,10.8800,0.000053
FILLER_0_85,VGND,li1,45.0800,10.8800,0.000050
FILLER_0_77,VGND,li1,41.6300,10.8800,0.000045
FILLER_0_69,VGND,li1,39.1000,10.8800,0.000041
FILLER_0_57,VGND,li1,34.5000,10.8800,0.000033
FILLER_0_53,VGND,li1,30.5900,10.8800,0.000026
FILLER_0_41,VGND,li1,27.1400,10.8800,0.000021
FILLER_0_29,VGND,li1,21.6200,10.8800,0.000017
FILLER_0_27,VGND,li1,18.1700,10.8800,0.000017
FILLER_0_15,VGND,li1,15.1800,10.8800,0.000017
FILLER_0_3,VGND,li1,9.6600,10.8800,0.000017
ANTENNA_27,VGND,li1,230.9200,348.1600,0.000435
ANTENNA_26,VGND,li1,207.4600,255.6800,0.000281
ANTENNA_25,VGND,li1,125.5800,348.1600,0.000148
ANTENNA_24,VGND,li1,164.2200,250.2400,0.000083
ANTENNA_23,VGND,li1,110.8600,310.0800,0.000106
ANTENNA_22,VGND,li1,120.5200,174.0800,0.000335
ANTENNA_21,VGND,li1,125.5800,108.8000,0.000949
ANTENNA_20,VGND,li1,228.6200,244.8000,0.000308
ANTENNA_19,VGND,li1,195.5000,223.0400,0.000182
ANTENNA_18,VGND,li1,233.2200,163.2000,0.000446
ANTENNA_17,VGND,li1,239.6600,174.0800,0.000312
ANTENNA_16,VGND,li1,255.3000,168.6400,0.000333
ANTENNA_15,VGND,li1,161.4600,315.5200,0.000195
ANTENNA_14,VGND,li1,195.5000,184.9600,0.000083
ANTENNA_13,VGND,li1,253.9200,272.0000,0.002953
ANTENNA_12,VGND,li1,228.6200,250.2400,0.000135
ANTENNA_11,VGND,li1,214.8200,108.8000,0.000312
ANTENNA_10,VGND,li1,111.3200,108.8000,0.000922
ANTENNA_9,VGND,li1,225.8600,81.6000,0.000229
ANTENNA_8,VGND,li1,157.3200,54.4000,0.000119
ANTENNA_7,VGND,li1,67.6200,92.4800,0.000114
ANTENNA_6,VGND,li1,285.6600,97.9200,0.000117
ANTENNA_5,VGND,li1,189.5200,92.4800,0.000070
ANTENNA_4,VGND,li1,134.7800,217.6000,0.000117
ANTENNA_3,VGND,li1,184.4600,146.8800,0.000060
ANTENNA_2,VGND,li1,183.0800,48.9600,0.000091
ANTENNA_1,VGND,li1,211.6000,119.6800,0.001955
rebuffer3,VGND,li1,318.3200,320.9600,0.000168
rebuffer2,VGND,li1,256.2200,304.6400,0.000324
rebuffer1,VGND,li1,141.9100,386.2400,0.001206
clkload3,VGND,li1,224.7100,304.6400,0.000324
clkload2,VGND,li1,297.6200,310.0800,0.000180
clkload1,VGND,li1,315.1000,97.9200,0.000099
clkload0,VGND,li1,231.6100,87.0400,0.000314
clkbuf_3_7__f_clk,VGND,li1,335.8000,310.0800,0.000081
clkbuf_3_6__f_clk,VGND,li1,352.8200,250.2400,0.000421
clkbuf_3_5__f_clk,VGND,li1,229.5400,304.6400,0.000343
clkbuf_3_4__f_clk,VGND,li1,296.7000,304.6400,0.000259
clkbuf_3_3__f_clk,VGND,li1,348.6800,146.8800,0.000347
clkbuf_3_2__f_clk,VGND,li1,333.0400,87.0400,0.000073
clkbuf_3_1__f_clk,VGND,li1,314.1800,103.3600,0.000113
clkbuf_3_0__f_clk,VGND,li1,233.6800,87.0400,0.000319
clkbuf_0_clk,VGND,li1,255.3000,201.2800,0.000336
fanout719,VGND,li1,143.7500,282.8800,0.002389
fanout718,VGND,li1,383.1800,201.2800,0.000084
fanout717,VGND,li1,283.8200,386.2400,0.000669
fanout716,VGND,li1,377.6600,201.2800,0.000081
fanout715,VGND,li1,134.3200,16.3200,0.002964
fanout714,VGND,li1,312.3400,10.8800,0.000130
fanout713,VGND,li1,365.7000,119.6800,0.001301
fanout712,VGND,li1,325.6800,16.3200,0.000589
fanout711,VGND,li1,350.5200,282.8800,0.000165
fanout710,VGND,li1,294.4000,195.8400,0.000041
fanout709,VGND,li1,103.0400,190.4000,0.000098
fanout708,VGND,li1,78.2000,195.8400,0.000055
fanout707,VGND,li1,202.4000,195.8400,0.000049
fanout706,VGND,li1,51.5200,195.8400,0.000041
fanout705,VGND,li1,41.8600,195.8400,0.000032
fanout704,VGND,li1,39.5600,190.4000,0.000043
fanout703,VGND,li1,350.0600,114.2400,0.000179
fanout702,VGND,li1,357.4200,114.2400,0.000185
fanout701,VGND,li1,354.2000,114.2400,0.000182
fanout700,VGND,li1,248.4000,114.2400,0.001312
fanout699,VGND,li1,296.2400,114.2400,0.000682
fanout698,VGND,li1,269.5600,114.2400,0.001031
fanout697,VGND,li1,212.9800,119.6800,0.001973
fanout696,VGND,li1,335.1100,277.4400,0.001578
fanout695,VGND,li1,358.3400,255.6800,0.000201
fanout694,VGND,li1,233.2200,114.2400,0.001528
fanout693,VGND,li1,155.9400,119.6800,0.001178
fanout692,VGND,li1,212.0600,108.8000,0.000315
fanout691,VGND,li1,157.7800,114.2400,0.002083
fanout690,VGND,li1,216.2000,108.8000,0.000309
fanout689,VGND,li1,112.7000,108.8000,0.000922
fanout688,VGND,li1,127.4200,114.2400,0.002514
fanout687,VGND,li1,326.1400,152.3200,0.000164
fanout686,VGND,li1,324.3000,152.3200,0.000176
fanout685,VGND,li1,247.4800,146.8800,0.000135
fanout684,VGND,li1,177.5600,152.3200,0.000281
fanout683,VGND,li1,229.5400,146.8800,0.000119
fanout682,VGND,li1,203.7800,152.3200,0.000562
fanout681,VGND,li1,104.8800,141.4400,0.000222
fanout680,VGND,li1,346.3800,288.3200,0.000044
fanout679,VGND,li1,344.5400,288.3200,0.000043
fanout678,VGND,li1,175.7200,146.8800,0.000051
fanout677,VGND,li1,79.5800,141.4400,0.000193
fanout676,VGND,li1,169.2800,157.7600,0.000078
fanout675,VGND,li1,77.2800,146.8800,0.000116
fanout674,VGND,li1,350.9800,184.9600,0.000071
fanout673,VGND,li1,297.1600,184.9600,0.000081
fanout672,VGND,li1,328.9000,179.5200,0.000039
fanout671,VGND,li1,317.4000,190.4000,0.000042
fanout670,VGND,li1,319.2400,184.9600,0.000056
fanout669,VGND,li1,310.5000,184.9600,0.000068
fanout668,VGND,li1,268.6400,179.5200,0.000108
fanout667,VGND,li1,290.7200,184.9600,0.000086
fanout666,VGND,li1,88.7800,163.2000,0.000194
fanout665,VGND,li1,90.6200,163.2000,0.000196
fanout664,VGND,li1,80.5000,174.0800,0.000265
fanout663,VGND,li1,82.3400,168.6400,0.000144
fanout662,VGND,li1,126.9600,174.0800,0.000323
fanout661,VGND,li1,77.2800,168.6400,0.000139
fanout660,VGND,li1,303.6000,293.7600,0.000040
fanout659,VGND,li1,296.2400,277.4400,0.002616
fanout658,VGND,li1,330.2800,97.9200,0.000044
fanout657,VGND,li1,353.5100,217.6000,0.000081
fanout656,VGND,li1,287.5000,206.7200,0.000076
fanout655,VGND,li1,332.8100,92.4800,0.000025
fanout654,VGND,li1,299.9200,97.9200,0.000110
fanout653,VGND,li1,232.3000,103.3600,0.000102
fanout652,VGND,li1,171.1200,206.7200,0.000040
fanout651,VGND,li1,231.8400,97.9200,0.000107
fanout650,VGND,li1,164.6800,103.3600,0.000100
fanout649,VGND,li1,267.7200,103.3600,0.000119
fanout648,VGND,li1,282.4400,206.7200,0.000078
fanout647,VGND,li1,276.0000,206.7200,0.000081
fanout646,VGND,li1,272.3200,299.2000,0.000087
fanout645,VGND,li1,270.9400,201.2800,0.000280
fanout644,VGND,li1,201.0200,108.8000,0.000328
fanout643,VGND,li1,270.4800,103.3600,0.000120
fanout642,VGND,li1,258.0600,195.8400,0.000058
fanout641,VGND,li1,195.0400,299.2000,0.000068
fanout640,VGND,li1,246.1000,299.2000,0.000099
fanout639,VGND,li1,194.5800,293.7600,0.000057
fanout638,VGND,li1,195.0400,195.8400,0.000043
fanout637,VGND,li1,100.7400,293.7600,0.000101
fanout636,VGND,li1,133.4000,288.3200,0.000515
fanout635,VGND,li1,59.8000,293.7600,0.000075
fanout634,VGND,li1,227.7000,299.2000,0.000097
fanout633,VGND,li1,191.8200,293.7600,0.000052
fanout632,VGND,li1,239.2000,184.9600,0.000111
fanout631,VGND,li1,203.7800,195.8400,0.000049
fanout630,VGND,li1,110.4000,293.7600,0.000101
fanout629,VGND,li1,57.5000,293.7600,0.000073
fanout628,VGND,li1,105.8000,195.8400,0.000058
fanout627,VGND,li1,61.6400,195.8400,0.000049
fanout626,VGND,li1,67.1600,293.7600,0.000085
fanout625,VGND,li1,201.4800,293.7600,0.000063
fanout624,VGND,li1,231.3800,299.2000,0.000099
fanout623,VGND,li1,210.2200,195.8400,0.000053
fanout622,VGND,li1,201.4800,195.8400,0.000047
fanout621,VGND,li1,104.8800,299.2000,0.000141
fanout620,VGND,li1,62.5600,299.2000,0.000100
fanout619,VGND,li1,107.6400,195.8400,0.000058
fanout618,VGND,li1,58.4200,190.4000,0.000070
fanout617,VGND,li1,65.3200,299.2000,0.000104
fanout616,VGND,li1,185.1500,304.6400,0.000118
fanout615,VGND,li1,152.2600,201.2800,0.000082
fanout614,VGND,li1,61.1800,288.3200,0.000199
fanout613,VGND,li1,61.6400,212.1600,0.000079
fanout612,VGND,li1,60.7200,190.4000,0.000072
fanout611,VGND,li1,201.0200,184.9600,0.000089
fanout610,VGND,li1,58.4200,190.4000,0.000070
fanout609,VGND,li1,47.3800,108.8000,0.000314
fanout608,VGND,li1,46.9200,299.2000,0.000072
fanout607,VGND,li1,163.7600,293.7600,0.000056
fanout606,VGND,li1,50.6000,293.7600,0.000063
fanout605,VGND,li1,43.2400,190.4000,0.000050
fanout604,VGND,li1,167.4400,195.8400,0.000035
fanout603,VGND,li1,43.4700,195.8400,0.000034
fanout602,VGND,li1,75.9000,190.4000,0.000087
fanout601,VGND,li1,45.5400,299.2000,0.000067
fanout600,VGND,li1,161.9200,304.6400,0.000107
fanout599,VGND,li1,140.7600,184.9600,0.000104
fanout598,VGND,li1,46.0000,190.4000,0.000054
fanout597,VGND,li1,328.9000,380.8000,0.001682
fanout596,VGND,li1,322.9200,375.3600,0.000783
fanout595,VGND,li1,279.2200,369.9200,0.002653
fanout594,VGND,li1,331.6600,288.3200,0.000038
fanout593,VGND,li1,356.0400,255.6800,0.000201
fanout592,VGND,li1,357.4200,184.9600,0.000080
fanout591,VGND,li1,322.4600,103.3600,0.000078
fanout590,VGND,li1,330.2800,103.3600,0.000053
fanout589,VGND,li1,339.4800,108.8000,0.000039
fanout588,VGND,li1,271.8600,32.6400,0.001285
fanout587,VGND,li1,326.1400,380.8000,0.001927
fanout586,VGND,li1,327.0600,375.3600,0.000648
fanout585,VGND,li1,277.3800,369.9200,0.002720
fanout584,VGND,li1,332.1200,288.3200,0.000038
fanout583,VGND,li1,342.2400,288.3200,0.000043
fanout582,VGND,li1,325.6800,108.8000,0.000063
fanout581,VGND,li1,327.5200,108.8000,0.000053
fanout580,VGND,li1,341.7800,108.8000,0.000039
fanout579,VGND,li1,274.1600,32.6400,0.001263
fanout578,VGND,li1,266.3400,277.4400,0.003788
fanout577,VGND,li1,264.5000,277.4400,0.003860
fanout576,VGND,li1,338.1000,375.3600,0.000402
fanout575,VGND,li1,343.1600,375.3600,0.000402
fanout574,VGND,li1,342.2400,369.9200,0.000481
fanout573,VGND,li1,333.0400,293.7600,0.000011
fanout572,VGND,li1,338.5600,288.3200,0.000042
fanout571,VGND,li1,329.8200,108.8000,0.000047
fanout570,VGND,li1,333.0400,108.8000,0.000037
fanout569,VGND,li1,331.6600,103.3600,0.000042
fanout568,VGND,li1,264.9600,114.2400,0.001114
fanout567,VGND,li1,164.2200,282.8800,0.001403
fanout566,VGND,li1,240.5800,288.3200,0.000250
fanout565,VGND,li1,243.8000,288.3200,0.000245
fanout564,VGND,li1,166.0600,288.3200,0.000314
fanout563,VGND,li1,174.8000,16.3200,0.001152
fanout562,VGND,li1,247.4800,27.2000,0.004316
fanout561,VGND,li1,247.0200,21.7600,0.005108
fanout560,VGND,li1,173.8800,21.7600,0.001774
fanout559,VGND,li1,223.1000,16.3200,0.001258
fanout558,VGND,li1,205.6200,288.3200,0.000210
fanout557,VGND,li1,254.8400,386.2400,0.000731
fanout556,VGND,li1,245.6400,288.3200,0.000242
fanout555,VGND,li1,207.4600,282.8800,0.001143
fanout554,VGND,li1,252.0800,16.3200,0.001253
fanout553,VGND,li1,254.8400,16.3200,0.001251
fanout552,VGND,li1,222.1800,10.8800,0.000184
fanout551,VGND,li1,269.1000,16.3200,0.001234
fanout550,VGND,li1,250.2400,288.3200,0.000234
fanout549,VGND,li1,193.6600,386.2400,0.000603
fanout548,VGND,li1,203.3200,288.3200,0.000202
fanout547,VGND,li1,274.6200,16.3200,0.001225
fanout546,VGND,li1,271.4000,21.7600,0.005523
fanout545,VGND,li1,212.9800,114.2400,0.001762
fanout544,VGND,li1,178.4800,16.3200,0.000920
fanout543,VGND,li1,100.2800,21.7600,0.002024
fanout542,VGND,li1,102.5800,277.4400,0.001871
fanout541,VGND,li1,218.5000,282.8800,0.001318
fanout540,VGND,li1,100.2800,375.3600,0.001904
fanout539,VGND,li1,104.8800,277.4400,0.001909
fanout538,VGND,li1,217.8100,119.6800,0.002020
fanout537,VGND,li1,207.0000,16.3200,0.001245
fanout536,VGND,li1,108.5600,108.8000,0.000897
fanout535,VGND,li1,106.7200,16.3200,0.002971
fanout534,VGND,li1,217.1200,21.7600,0.004477
fanout533,VGND,li1,162.3800,201.2800,0.000075
fanout532,VGND,li1,210.2200,21.7600,0.004228
fanout531,VGND,li1,157.7800,233.9200,0.000114
fanout530,VGND,li1,246.5600,331.8400,0.000196
fanout529,VGND,li1,262.2000,244.8000,0.000283
fanout528,VGND,li1,165.1400,70.7200,0.000084
fanout527,VGND,li1,268.1800,65.2800,0.000339
fanout526,VGND,li1,251.6200,152.3200,0.000610
fanout525,VGND,li1,87.4000,239.3600,0.000295
fanout524,VGND,li1,216.6600,337.2800,0.000354
fanout523,VGND,li1,226.7800,244.8000,0.000309
fanout522,VGND,li1,84.6400,239.3600,0.000287
fanout521,VGND,li1,100.2800,70.7200,0.000111
fanout520,VGND,li1,218.0400,59.8400,0.000291
fanout519,VGND,li1,224.4800,152.3200,0.000691
fanout518,VGND,li1,256.2200,59.8400,0.000260
fanout517,VGND,li1,253.9200,342.7200,0.000266
fanout516,VGND,li1,256.2200,250.2400,0.000163
fanout515,VGND,li1,219.8800,331.8400,0.000177
fanout514,VGND,li1,221.7200,250.2400,0.000124
fanout513,VGND,li1,259.4400,59.8400,0.000255
fanout512,VGND,li1,277.3800,146.8800,0.000157
fanout511,VGND,li1,258.9800,59.8400,0.000255
fanout510,VGND,li1,224.4800,59.8400,0.000290
fanout509,VGND,li1,229.0800,255.6800,0.000417
fanout508,VGND,li1,246.1000,337.2800,0.000310
fanout507,VGND,li1,226.7800,255.6800,0.000403
fanout506,VGND,li1,202.4000,250.2400,0.000096
fanout505,VGND,li1,221.7200,54.4000,0.000185
fanout504,VGND,li1,228.1600,152.3200,0.000693
fanout503,VGND,li1,253.9200,59.8400,0.000264
fanout502,VGND,li1,218.5000,59.8400,0.000291
fanout501,VGND,li1,279.2200,293.7600,0.000061
fanout500,VGND,li1,272.3200,272.0000,0.002941
fanout499,VGND,li1,256.6800,59.8400,0.000260
fanout498,VGND,li1,246.5600,255.6800,0.000501
fanout497,VGND,li1,248.8600,255.6800,0.000507
fanout496,VGND,li1,200.1000,337.2800,0.000272
fanout495,VGND,li1,202.8600,244.8000,0.000239
fanout494,VGND,li1,251.1600,59.8400,0.000268
fanout493,VGND,li1,200.5600,157.7600,0.000124
fanout492,VGND,li1,185.3800,59.8400,0.000198
fanout491,VGND,li1,272.3200,54.4000,0.000282
fanout490,VGND,li1,251.6200,342.7200,0.000259
fanout489,VGND,li1,264.9600,255.6800,0.000538
fanout488,VGND,li1,179.8600,348.1600,0.000105
fanout487,VGND,li1,181.2400,255.6800,0.000106
fanout486,VGND,li1,271.8600,59.8400,0.000231
fanout485,VGND,li1,275.0800,54.4000,0.000285
fanout484,VGND,li1,179.4000,152.3200,0.000305
fanout483,VGND,li1,164.2200,48.9600,0.000090
fanout482,VGND,li1,242.8800,54.4000,0.000234
fanout481,VGND,li1,232.3000,348.1600,0.000449
fanout480,VGND,li1,208.8400,255.6800,0.000281
fanout479,VGND,li1,128.3400,348.1600,0.000147
fanout478,VGND,li1,166.0600,250.2400,0.000079
fanout477,VGND,li1,241.5000,54.4000,0.000228
fanout476,VGND,li1,239.2000,54.4000,0.000223
fanout475,VGND,li1,159.6200,141.4400,0.000114
fanout474,VGND,li1,159.1600,48.9600,0.000095
fanout473,VGND,li1,327.5200,97.9200,0.000054
fanout472,VGND,li1,209.3000,212.1600,0.000095
fanout471,VGND,li1,356.9600,217.6000,0.000084
fanout470,VGND,li1,351.9000,212.1600,0.000066
fanout469,VGND,li1,329.3600,92.4800,0.000030
fanout468,VGND,li1,322.0000,92.4800,0.000047
fanout467,VGND,li1,346.3800,190.4000,0.000044
fanout466,VGND,li1,245.6400,92.4800,0.000111
fanout465,VGND,li1,329.3600,92.4800,0.000030
fanout464,VGND,li1,341.7800,217.6000,0.000062
fanout463,VGND,li1,341.3200,310.0800,0.000082
fanout462,VGND,li1,344.5400,212.1600,0.000057
fanout461,VGND,li1,197.3400,223.0400,0.000190
fanout460,VGND,li1,329.3600,87.0400,0.000087
fanout459,VGND,li1,337.6400,179.5200,0.000040
fanout458,VGND,li1,331.6600,92.4800,0.000025
fanout457,VGND,li1,229.0800,92.4800,0.000110
fanout456,VGND,li1,328.4400,217.6000,0.000052
fanout455,VGND,li1,323.3800,310.0800,0.000102
fanout454,VGND,li1,325.6800,217.6000,0.000056
fanout453,VGND,li1,195.9600,223.0400,0.000182
fanout452,VGND,li1,316.4800,92.4800,0.000054
fanout451,VGND,li1,324.3000,179.5200,0.000044
fanout450,VGND,li1,310.9600,92.4800,0.000063
fanout449,VGND,li1,164.2200,87.0400,0.000108
fanout448,VGND,li1,253.2300,87.0400,0.000290
fanout447,VGND,li1,243.8000,310.0800,0.000164
fanout446,VGND,li1,252.0800,217.6000,0.000144
fanout445,VGND,li1,167.9000,217.6000,0.000074
fanout444,VGND,li1,233.6800,163.2000,0.000446
fanout443,VGND,li1,248.8600,87.0400,0.000296
fanout442,VGND,li1,154.5600,92.4800,0.000102
fanout441,VGND,li1,86.9400,320.9600,0.000175
fanout440,VGND,li1,79.5800,320.9600,0.000165
fanout439,VGND,li1,247.4800,326.4000,0.000323
fanout438,VGND,li1,81.4200,315.5200,0.000249
fanout437,VGND,li1,54.7400,228.4800,0.000098
fanout436,VGND,li1,238.5100,174.0800,0.000316
fanout435,VGND,li1,257.1400,168.6400,0.000332
fanout434,VGND,li1,71.3000,168.6400,0.000131
fanout433,VGND,li1,67.1600,81.6000,0.000149
fanout432,VGND,li1,84.6400,326.4000,0.000087
fanout431,VGND,li1,162.8400,320.9600,0.000164
fanout430,VGND,li1,252.0800,320.9600,0.000306
fanout429,VGND,li1,83.2600,320.9600,0.000170
fanout428,VGND,li1,59.8000,228.4800,0.000109
fanout427,VGND,li1,80.0400,168.6400,0.000141
fanout426,VGND,li1,241.0400,174.0800,0.000312
fanout425,VGND,li1,75.9000,163.2000,0.000174
fanout424,VGND,li1,74.0600,81.6000,0.000166
fanout423,VGND,li1,263.1200,282.8800,0.001059
fanout422,VGND,li1,259.9000,288.3200,0.000216
fanout421,VGND,li1,80.0400,326.4000,0.000085
fanout420,VGND,li1,200.5600,326.4000,0.000196
fanout419,VGND,li1,77.2800,320.9600,0.000162
fanout418,VGND,li1,129.7200,326.4000,0.000091
fanout417,VGND,li1,76.3600,174.0800,0.000252
fanout416,VGND,li1,205.1600,163.2000,0.000331
fanout415,VGND,li1,131.1000,168.6400,0.000170
fanout414,VGND,li1,168.8200,206.7200,0.000043
fanout413,VGND,li1,163.7600,293.7600,0.000056
fanout412,VGND,li1,166.9800,206.7200,0.000046
fanout411,VGND,li1,148.1200,70.7200,0.000100
fanout410,VGND,li1,144.9000,65.2800,0.000139
fanout409,VGND,li1,202.1700,277.4400,0.003020
fanout408,VGND,li1,256.6800,277.4400,0.004164
fanout407,VGND,li1,320.6200,239.3600,0.000175
fanout406,VGND,li1,314.1800,250.2400,0.000169
fanout405,VGND,li1,299.6900,212.1600,0.000084
fanout404,VGND,li1,355.1200,212.1600,0.000069
fanout403,VGND,li1,319.2400,244.8000,0.000199
fanout402,VGND,li1,328.4400,244.8000,0.000177
fanout401,VGND,li1,283.1300,250.2400,0.000174
fanout400,VGND,li1,309.5800,244.8000,0.000216
fanout399,VGND,li1,260.8200,250.2400,0.000166
fanout398,VGND,li1,286.1200,244.8000,0.000253
fanout397,VGND,li1,100.7400,250.2400,0.000166
fanout396,VGND,li1,82.3400,250.2400,0.000153
fanout395,VGND,li1,76.8200,255.6800,0.000139
fanout394,VGND,li1,134.7800,250.2400,0.000139
fanout393,VGND,li1,352.3600,212.1600,0.000066
fanout392,VGND,li1,324.7600,217.6000,0.000062
fanout391,VGND,li1,333.5000,212.1600,0.000040
fanout390,VGND,li1,290.9500,217.6000,0.000121
fanout389,VGND,li1,316.4800,212.1600,0.000062
fanout388,VGND,li1,280.6000,233.9200,0.000293
fanout387,VGND,li1,290.4900,201.2800,0.000212
fanout386,VGND,li1,298.5400,206.7200,0.000069
fanout385,VGND,li1,224.4800,233.9200,0.000292
fanout384,VGND,li1,114.0800,233.9200,0.000167
fanout383,VGND,li1,84.1800,228.4800,0.000147
fanout382,VGND,li1,137.5400,217.6000,0.000115
fanout381,VGND,li1,66.2400,228.4800,0.000122
fanout380,VGND,li1,129.4900,223.0400,0.000245
fanout379,VGND,li1,57.0400,228.4800,0.000105
fanout378,VGND,li1,298.7700,299.2000,0.000062
fanout377,VGND,li1,337.1800,304.6400,0.000064
fanout376,VGND,li1,253.2300,299.2000,0.000097
fanout375,VGND,li1,235.5200,299.2000,0.000099
fanout374,VGND,li1,279.6800,299.2000,0.000081
fanout373,VGND,li1,197.3400,293.7600,0.000060
fanout372,VGND,li1,241.9600,293.7600,0.000078
fanout371,VGND,li1,225.4000,293.7600,0.000077
fanout370,VGND,li1,244.7200,293.7600,0.000078
fanout369,VGND,li1,132.9400,201.2800,0.000091
fanout368,VGND,li1,216.2000,293.7600,0.000074
fanout367,VGND,li1,55.2000,299.2000,0.000088
fanout366,VGND,li1,346.3800,369.9200,0.000482
fanout365,VGND,li1,315.7900,380.8000,0.003098
fanout364,VGND,li1,270.9400,380.8000,0.005850
fanout363,VGND,li1,344.5400,369.9200,0.000482
fanout362,VGND,li1,270.9400,386.2400,0.000711
fanout361,VGND,li1,271.4000,364.4800,0.002080
fanout360,VGND,li1,245.6400,386.2400,0.000741
fanout359,VGND,li1,253.0000,386.2400,0.000733
fanout358,VGND,li1,224.4800,386.2400,0.000738
fanout357,VGND,li1,178.4800,386.2400,0.000390
fanout356,VGND,li1,233.6800,386.2400,0.000742
fanout355,VGND,li1,238.7400,386.2400,0.000744
fanout354,VGND,li1,235.9800,386.2400,0.000743
fanout353,VGND,li1,102.5800,206.7200,0.000074
fanout352,VGND,li1,313.2600,337.2800,0.000137
fanout351,VGND,li1,254.8400,348.1600,0.000573
fanout350,VGND,li1,272.7800,342.7200,0.000293
fanout349,VGND,li1,251.1600,337.2800,0.000302
fanout348,VGND,li1,287.9600,331.8400,0.000164
fanout347,VGND,li1,272.7800,331.8400,0.000186
fanout346,VGND,li1,218.5000,331.8400,0.000174
fanout345,VGND,li1,220.3400,342.7200,0.000186
fanout344,VGND,li1,240.5800,337.2800,0.000322
fanout343,VGND,li1,175.2600,342.7200,0.000074
fanout342,VGND,li1,120.0600,348.1600,0.000151
fanout341,VGND,li1,251.6200,326.4000,0.000324
fanout340,VGND,li1,284.9700,310.0800,0.000182
fanout339,VGND,li1,254.3800,320.9600,0.000306
fanout338,VGND,li1,74.5200,201.2800,0.000072
fanout337,VGND,li1,240.1200,315.5200,0.000267
fanout336,VGND,li1,235.9800,320.9600,0.000303
fanout335,VGND,li1,281.9800,310.0800,0.000182
fanout334,VGND,li1,271.8600,304.6400,0.000301
fanout333,VGND,li1,292.1000,304.6400,0.000269
fanout332,VGND,li1,237.3600,310.0800,0.000157
fanout331,VGND,li1,172.0400,310.0800,0.000055
fanout330,VGND,li1,207.4600,304.6400,0.000248
fanout329,VGND,li1,157.7800,304.6400,0.000114
fanout328,VGND,li1,286.8100,97.9200,0.000116
fanout327,VGND,li1,187.6800,92.4800,0.000067
fanout326,VGND,li1,253.0000,97.9200,0.000118
fanout325,VGND,li1,282.9000,103.3600,0.000120
fanout324,VGND,li1,204.7000,103.3600,0.000082
fanout323,VGND,li1,117.7600,97.9200,0.000094
fanout322,VGND,li1,93.8400,97.9200,0.000090
fanout321,VGND,li1,199.1800,201.2800,0.000132
fanout320,VGND,li1,54.2800,201.2800,0.000051
fanout319,VGND,li1,69.4600,92.4800,0.000118
fanout318,VGND,li1,182.1600,103.3600,0.000056
fanout317,VGND,li1,46.9200,97.9200,0.000046
fanout316,VGND,li1,49.2200,97.9200,0.000051
fanout315,VGND,li1,123.2800,108.8000,0.000956
fanout314,VGND,li1,39.5600,92.4800,0.000060
fanout313,VGND,li1,277.3800,21.7600,0.005472
fanout312,VGND,li1,295.3200,16.3200,0.001188
fanout311,VGND,li1,266.8000,16.3200,0.001238
fanout310,VGND,li1,212.9800,16.3200,0.001252
fanout309,VGND,li1,251.6200,16.3200,0.001254
fanout308,VGND,li1,169.2800,21.7600,0.001916
fanout307,VGND,li1,143.0600,27.2000,0.002082
fanout306,VGND,li1,229.0800,16.3200,0.001260
fanout305,VGND,li1,181.2400,16.3200,0.000974
fanout304,VGND,li1,107.1800,27.2000,0.001856
fanout303,VGND,li1,39.5600,201.2800,0.000034
fanout302,VGND,li1,178.9400,10.8800,0.000083
fanout301,VGND,li1,102.5800,21.7600,0.002060
fanout300,VGND,li1,198.0300,48.9600,0.000153
fanout299,VGND,li1,120.5200,21.7600,0.002314
fanout298,VGND,li1,236.4400,27.2000,0.004353
fanout297,VGND,li1,205.1600,59.8400,0.000285
fanout296,VGND,li1,253.0000,59.8400,0.000264
fanout295,VGND,li1,233.6800,54.4000,0.000214
fanout294,VGND,li1,230.4600,54.4000,0.000203
fanout293,VGND,li1,148.5800,48.9600,0.000107
fanout292,VGND,li1,234.6000,65.2800,0.000343
fanout291,VGND,li1,240.5800,59.8400,0.000278
fanout290,VGND,li1,104.8800,48.9600,0.000135
fanout289,VGND,li1,160.0800,54.4000,0.000113
fanout288,VGND,li1,84.1800,48.9600,0.000133
fanout287,VGND,li1,123.2800,48.9600,0.000129
fanout286,VGND,li1,81.4200,48.9600,0.000131
fanout285,VGND,li1,111.7800,206.7200,0.000073
fanout284,VGND,li1,40.0200,212.1600,0.000043
fanout283,VGND,li1,191.3600,70.7200,0.000116
fanout282,VGND,li1,240.5800,76.1600,0.000190
fanout281,VGND,li1,184.0000,70.7200,0.000086
fanout280,VGND,li1,228.6200,81.6000,0.000229
fanout279,VGND,li1,143.5200,70.7200,0.000102
fanout278,VGND,li1,129.2600,70.7200,0.000108
fanout277,VGND,li1,274.1600,92.4800,0.000100
fanout276,VGND,li1,278.7600,92.4800,0.000097
fanout275,VGND,li1,89.2400,70.7200,0.000106
fanout274,VGND,li1,84.6400,70.7200,0.000103
fanout273,VGND,li1,149.7300,92.4800,0.000110
fanout272,VGND,li1,75.4400,65.2800,0.000114
fanout271,VGND,li1,120.7500,87.0400,0.000171
fanout270,VGND,li1,79.1200,70.7200,0.000098
fanout269,VGND,li1,345.9200,184.9600,0.000063
fanout268,VGND,li1,290.0300,195.8400,0.000045
fanout267,VGND,li1,306.3600,190.4000,0.000056
fanout266,VGND,li1,220.8000,282.8800,0.001352
fanout265,VGND,li1,109.0200,282.8800,0.002570
fanout264,VGND,li1,212.9800,119.6800,0.001973
fanout263,VGND,li1,110.4000,103.3600,0.000136
fanout262,VGND,li1,52.4400,299.2000,0.000081
fanout261,VGND,li1,47.8400,195.8400,0.000039
fanout260,VGND,li1,196.8800,348.1600,0.000227
fanout259,VGND,li1,210.2200,348.1600,0.000313
fanout258,VGND,li1,184.9200,152.3200,0.000361
fanout257,VGND,li1,184.0000,48.9600,0.000091
fanout256,VGND,li1,86.9400,70.7200,0.000105
fanout255,VGND,li1,161.9200,331.8400,0.000126
fanout254,VGND,li1,164.2200,233.9200,0.000104
max_cap253,VGND,li1,77.9700,146.8800,0.000116
fanout252,VGND,li1,203.7800,141.4400,0.000110
fanout251,VGND,li1,184.4600,141.4400,0.000072
fanout250,VGND,li1,195.0400,353.6000,0.000296
fanout249,VGND,li1,188.1400,43.5200,0.000214
fanout248,VGND,li1,168.8200,43.5200,0.000147
fanout247,VGND,li1,203.7800,261.1200,0.000824
fanout246,VGND,li1,155.4800,261.1200,0.000439
max_cap245,VGND,li1,205.3900,119.6800,0.001798
max_cap244,VGND,li1,185.1500,380.8000,0.001784
max_cap243,VGND,li1,53.5900,70.7200,0.000069
max_cap242,VGND,li1,61.4100,157.7600,0.000102
max_cap241,VGND,li1,58.6500,152.3200,0.000353
max_cap240,VGND,li1,296.0100,168.6400,0.000249
max_cap239,VGND,li1,330.0500,174.0800,0.000077
max_cap238,VGND,li1,331.2000,326.4000,0.000066
max_cap237,VGND,li1,325.6800,76.1600,0.000127
max_cap236,VGND,li1,350.2900,168.6400,0.000144
max_cap235,VGND,li1,331.8900,348.1600,0.000238
wire234,VGND,li1,321.3100,59.8400,0.000123
max_cap233,VGND,li1,339.7100,59.8400,0.000091
max_cap232,VGND,li1,344.7700,239.3600,0.000192
max_cap231,VGND,li1,361.3300,331.8400,0.000130
output229,VGND,li1,383.6400,136.0000,0.001296
output228,VGND,li1,383.6400,136.0000,0.001296
output227,VGND,li1,383.6400,146.8800,0.000390
output226,VGND,li1,383.6400,157.7600,0.000188
output225,VGND,li1,383.6400,168.6400,0.000195
output224,VGND,li1,383.6400,174.0800,0.000136
output223,VGND,li1,383.6400,179.5200,0.000062
output222,VGND,li1,383.6400,190.4000,0.000079
output221,VGND,li1,383.6400,190.4000,0.000079
output220,VGND,li1,159.1600,10.8800,0.000129
output219,VGND,li1,174.3400,10.8800,0.000101
output218,VGND,li1,188.1400,16.3200,0.001145
output217,VGND,li1,201.0200,10.8800,0.000173
output216,VGND,li1,383.6400,125.1200,0.004119
output215,VGND,li1,383.6400,114.2400,0.000202
output214,VGND,li1,380.8800,119.6800,0.001359
output213,VGND,li1,383.6400,195.8400,0.000021
output212,VGND,li1,339.4800,10.8800,0.000092
output211,VGND,li1,345.9200,10.8800,0.000101
output210,VGND,li1,352.3600,10.8800,0.000105
output209,VGND,li1,383.6400,43.5200,0.000156
output208,VGND,li1,383.6400,54.4000,0.000263
output207,VGND,li1,383.6400,54.4000,0.000263
output206,VGND,li1,383.6400,76.1600,0.000188
output205,VGND,li1,383.6400,81.6000,0.000107
output204,VGND,li1,383.6400,81.6000,0.000107
output203,VGND,li1,136.6200,10.8800,0.000142
output202,VGND,li1,165.6000,10.8800,0.000122
output201,VGND,li1,191.8200,16.3200,0.001216
output200,VGND,li1,204.2400,10.8800,0.000177
output199,VGND,li1,330.7400,10.8800,0.000077
output198,VGND,li1,316.0200,10.8800,0.000127
output197,VGND,li1,328.9000,10.8800,0.000086
output196,VGND,li1,383.6400,87.0400,0.000091
output195,VGND,li1,320.6200,386.2400,0.000339
output194,VGND,li1,322.4600,386.2400,0.000303
output193,VGND,li1,342.7000,386.2400,0.000181
output192,VGND,li1,352.3600,386.2400,0.000187
output191,VGND,li1,383.6400,348.1600,0.000405
output190,VGND,li1,383.6400,353.6000,0.000328
output189,VGND,li1,383.6400,342.7200,0.000178
output188,VGND,li1,383.6400,331.8400,0.000154
output187,VGND,li1,383.6400,326.4000,0.000116
output186,VGND,li1,139.8400,386.2400,0.001242
output185,VGND,li1,152.7200,386.2400,0.000991
output184,VGND,li1,155.9400,386.2400,0.000918
output183,VGND,li1,207.4600,386.2400,0.000724
output182,VGND,li1,281.5200,386.2400,0.000680
output181,VGND,li1,294.4000,386.2400,0.000615
output180,VGND,li1,310.5000,386.2400,0.000444
output179,VGND,li1,383.6400,320.9600,0.000111
output178,VGND,li1,383.6400,272.0000,0.003615
output177,VGND,li1,383.6400,261.1200,0.000922
output176,VGND,li1,383.6400,244.8000,0.000452
output175,VGND,li1,383.6400,233.9200,0.000343
output174,VGND,li1,383.6400,223.0400,0.000221
output173,VGND,li1,383.6400,212.1600,0.000090
output172,VGND,li1,383.6400,206.7200,0.000132
output171,VGND,li1,381.8000,206.7200,0.000131
output170,VGND,li1,383.6400,195.8400,0.000021
output169,VGND,li1,136.6200,386.2400,0.001248
output168,VGND,li1,146.2800,386.2400,0.001119
output167,VGND,li1,149.5000,386.2400,0.001084
output166,VGND,li1,240.5800,386.2400,0.000744
output165,VGND,li1,383.6400,277.4400,0.003165
output164,VGND,li1,383.6400,282.8800,0.000186
output163,VGND,li1,383.6400,282.8800,0.000186
output162,VGND,li1,383.6400,217.6000,0.000105
input161,VGND,li1,139.8400,10.8800,0.000141
input160,VGND,li1,7.8200,320.9600,0.000032
input159,VGND,li1,7.5900,315.5200,0.000044
input158,VGND,li1,7.5900,315.5200,0.000044
input157,VGND,li1,242.6500,10.8800,0.000183
input156,VGND,li1,383.6400,108.8000,0.000042
input155,VGND,li1,383.8700,97.9200,0.000041
input154,VGND,li1,383.8700,92.4800,0.000030
input153,VGND,li1,231.6100,10.8800,0.000186
input152,VGND,li1,234.8300,10.8800,0.000185
input151,VGND,li1,261.9700,10.8800,0.000174
input150,VGND,li1,245.8700,10.8800,0.000182
input149,VGND,li1,227.7000,10.8800,0.000185
input148,VGND,li1,239.4300,10.8800,0.000184
input147,VGND,li1,92.0000,10.8800,0.000115
input146,VGND,li1,161.9200,10.8800,0.000125
input145,VGND,li1,202.6300,10.8800,0.000173
input144,VGND,li1,97.7500,10.8800,0.000120
input143,VGND,li1,259.6700,10.8800,0.000176
input142,VGND,li1,220.1100,21.7600,0.004516
input141,VGND,li1,168.8200,10.8800,0.000115
input140,VGND,li1,332.8100,386.2400,0.000165
input139,VGND,li1,324.0700,386.2400,0.000303
input138,VGND,li1,329.5900,386.2400,0.000203
input137,VGND,li1,8.2800,277.4400,0.000244
input136,VGND,li1,9.2000,299.2000,0.000024
input135,VGND,li1,7.5900,282.8800,0.000379
input134,VGND,li1,7.5900,282.8800,0.000379
input133,VGND,li1,7.5900,288.3200,0.000047
input132,VGND,li1,7.8200,293.7600,0.000020
input131,VGND,li1,271.4000,10.8800,0.000167
input130,VGND,li1,383.6400,92.4800,0.000030
input129,VGND,li1,7.5900,174.0800,0.000045
input128,VGND,li1,7.5900,174.0800,0.000045
input127,VGND,li1,7.5900,179.5200,0.000030
input126,VGND,li1,382.2600,157.7600,0.000188
input125,VGND,li1,383.6400,152.3200,0.000287
input124,VGND,li1,383.8700,152.3200,0.000287
input123,VGND,li1,383.8700,163.2000,0.000303
input122,VGND,li1,383.6400,174.0800,0.000136
input121,VGND,li1,7.8200,163.2000,0.000036
input120,VGND,li1,7.8200,152.3200,0.000085
input119,VGND,li1,104.4200,10.8800,0.000126
input118,VGND,li1,225.8600,16.3200,0.001259
input117,VGND,li1,172.0400,10.8800,0.000107
input116,VGND,li1,383.6400,146.8800,0.000390
input115,VGND,li1,382.2600,141.4400,0.000244
input114,VGND,li1,383.1800,119.6800,0.001359
input113,VGND,li1,123.7400,10.8800,0.000138
input112,VGND,li1,114.5400,10.8800,0.000134
input111,VGND,li1,154.1000,10.8800,0.000133
input110,VGND,li1,157.3200,10.8800,0.000131
input109,VGND,li1,214.3600,10.8800,0.000182
input108,VGND,li1,258.2900,10.8800,0.000176
input107,VGND,li1,383.8700,103.3600,0.000043
input106,VGND,li1,383.6400,97.9200,0.000041
input105,VGND,li1,7.8200,190.4000,0.000020
input104,VGND,li1,7.8200,195.8400,0.000015
input103,VGND,li1,7.8200,190.4000,0.000020
input102,VGND,li1,7.8200,184.9600,0.000021
input101,VGND,li1,7.8200,179.5200,0.000030
input100,VGND,li1,383.6400,184.9600,0.000097
input99,VGND,li1,381.1100,201.2800,0.000084
input98,VGND,li1,383.6400,179.5200,0.000062
input97,VGND,li1,81.6500,10.8800,0.000103
input96,VGND,li1,76.8200,10.8800,0.000097
input95,VGND,li1,84.8700,10.8800,0.000106
input94,VGND,li1,265.1900,10.8800,0.000172
input93,VGND,li1,130.1800,10.8800,0.000140
input92,VGND,li1,150.8800,16.3200,0.002631
input91,VGND,li1,184.6900,10.8800,0.000113
input90,VGND,li1,188.6000,10.8800,0.000125
input89,VGND,li1,79.8100,10.8800,0.000101
input88,VGND,li1,88.0900,10.8800,0.000109
input87,VGND,li1,111.3200,10.8800,0.000131
input86,VGND,li1,232.9900,16.3200,0.001260
input85,VGND,li1,146.0500,10.8800,0.000138
input84,VGND,li1,248.1700,10.8800,0.000181
input83,VGND,li1,208.8400,10.8800,0.000179
input82,VGND,li1,236.4400,10.8800,0.000185
input81,VGND,li1,117.0700,10.8800,0.000135
input80,VGND,li1,100.9700,10.8800,0.000122
input79,VGND,li1,113.8500,16.3200,0.003085
input78,VGND,li1,142.8300,10.8800,0.000139
input77,VGND,li1,170.4300,10.8800,0.000107
input76,VGND,li1,225.8600,10.8800,0.000185
input75,VGND,li1,273.4700,10.8800,0.000166
input74,VGND,li1,278.3000,10.8800,0.000162
input73,VGND,li1,49.6800,10.8800,0.000058
input72,VGND,li1,43.2400,10.8800,0.000045
input71,VGND,li1,46.4600,10.8800,0.000053
input70,VGND,li1,72.6800,10.8800,0.000092
input69,VGND,li1,94.7600,10.8800,0.000118
input68,VGND,li1,120.5200,10.8800,0.000137
input67,VGND,li1,251.3900,10.8800,0.000180
input66,VGND,li1,181.7000,10.8800,0.000098
input65,VGND,li1,143.0600,386.2400,0.001206
input64,VGND,li1,197.8000,386.2400,0.000683
input63,VGND,li1,234.3700,386.2400,0.000742
input62,VGND,li1,274.8500,386.2400,0.000704
input61,VGND,li1,284.7400,386.2400,0.000669
input60,VGND,li1,204.0100,386.2400,0.000716
input59,VGND,li1,287.7300,386.2400,0.000656
input58,VGND,li1,291.1800,386.2400,0.000630
input57,VGND,li1,175.0300,386.2400,0.000472
input56,VGND,li1,231.6100,386.2400,0.000742
input55,VGND,li1,200.7900,386.2400,0.000711
input54,VGND,li1,258.9800,386.2400,0.000728
input53,VGND,li1,271.8600,386.2400,0.000711
input52,VGND,li1,265.1900,386.2400,0.000718
input51,VGND,li1,253.0000,386.2400,0.000733
input50,VGND,li1,317.4000,386.2400,0.000366
input49,VGND,li1,230.0000,386.2400,0.000741
input48,VGND,li1,232.9900,386.2400,0.000742
input47,VGND,li1,213.6700,386.2400,0.000729
input46,VGND,li1,255.9900,386.2400,0.000731
input45,VGND,li1,300.6100,386.2400,0.000569
input44,VGND,li1,326.3700,386.2400,0.000264
input43,VGND,li1,297.3900,386.2400,0.000597
input42,VGND,li1,337.6400,386.2400,0.000174
input41,VGND,li1,7.8200,288.3200,0.000047
input40,VGND,li1,210.6800,386.2400,0.000727
input39,VGND,li1,220.1100,386.2400,0.000735
input38,VGND,li1,225.8600,386.2400,0.000739
input37,VGND,li1,195.5000,386.2400,0.000652
input36,VGND,li1,268.6400,386.2400,0.000715
input35,VGND,li1,243.5700,386.2400,0.000742
input34,VGND,li1,307.0500,386.2400,0.000484
input33,VGND,li1,9.2000,223.0400,0.000040
input32,VGND,li1,9.2000,233.9200,0.000029
input31,VGND,li1,8.2800,228.4800,0.000030
input30,VGND,li1,7.8200,228.4800,0.000030
input29,VGND,li1,383.6400,228.4800,0.000168
input28,VGND,li1,382.0300,233.9200,0.000341
input27,VGND,li1,382.0300,239.3600,0.000268
input26,VGND,li1,383.6400,239.3600,0.000268
input25,VGND,li1,7.8200,244.8000,0.000049
input24,VGND,li1,7.8200,255.6800,0.000030
input23,VGND,li1,7.8200,250.2400,0.000032
input22,VGND,li1,246.1000,386.2400,0.000741
input21,VGND,li1,383.8700,250.2400,0.000511
input20,VGND,li1,383.8700,255.6800,0.000203
input19,VGND,li1,383.6400,255.6800,0.000203
input18,VGND,li1,383.6400,266.5600,0.001397
input17,VGND,li1,217.1200,386.2400,0.000733
input16,VGND,li1,257.3700,386.2400,0.000728
input15,VGND,li1,278.0700,386.2400,0.000701
input14,VGND,li1,261.9700,386.2400,0.000723
input13,VGND,li1,303.8300,386.2400,0.000520
input12,VGND,li1,383.8700,261.1200,0.000922
input11,VGND,li1,382.0300,272.0000,0.003615
input10,VGND,li1,383.6400,288.3200,0.000045
input9,VGND,li1,7.5900,212.1600,0.000020
input8,VGND,li1,7.8200,206.7200,0.000015
input7,VGND,li1,7.8200,206.7200,0.000015
input6,VGND,li1,7.8200,201.2800,0.000016
input5,VGND,li1,7.8200,201.2800,0.000016
input4,VGND,li1,7.8200,217.6000,0.000027
input3,VGND,li1,382.0300,212.1600,0.000090
input2,VGND,li1,382.0300,223.0400,0.000219
input1,VGND,li1,133.4000,10.8800,0.000141
TAP_TAPCELL_ROW_138_2321,VGND,li1,379.2700,386.5310,0.000187
TAP_TAPCELL_ROW_138_2320,VGND,li1,366.3900,386.5310,0.000187
TAP_TAPCELL_ROW_138_2319,VGND,li1,353.5100,386.5310,0.000187
TAP_TAPCELL_ROW_138_2318,VGND,li1,340.6300,386.5310,0.000178
TAP_TAPCELL_ROW_138_2317,VGND,li1,327.7500,386.5310,0.000238
TAP_TAPCELL_ROW_138_2316,VGND,li1,314.8700,386.5310,0.000394
TAP_TAPCELL_ROW_138_2315,VGND,li1,301.9900,386.5310,0.000546
TAP_TAPCELL_ROW_138_2314,VGND,li1,289.1100,386.5310,0.000644
TAP_TAPCELL_ROW_138_2313,VGND,li1,276.2300,386.5310,0.000704
TAP_TAPCELL_ROW_138_2312,VGND,li1,263.3500,386.5310,0.000721
TAP_TAPCELL_ROW_138_2311,VGND,li1,250.4700,386.5310,0.000736
TAP_TAPCELL_ROW_138_2310,VGND,li1,237.5900,386.5310,0.000743
TAP_TAPCELL_ROW_138_2309,VGND,li1,224.7100,386.5310,0.000738
TAP_TAPCELL_ROW_138_2308,VGND,li1,211.8300,386.5310,0.000727
TAP_TAPCELL_ROW_138_2307,VGND,li1,198.9500,386.5310,0.000683
TAP_TAPCELL_ROW_138_2306,VGND,li1,186.0700,386.5310,0.000497
TAP_TAPCELL_ROW_138_2305,VGND,li1,173.1900,386.5310,0.000531
TAP_TAPCELL_ROW_138_2304,VGND,li1,160.3100,386.5310,0.000816
TAP_TAPCELL_ROW_138_2303,VGND,li1,147.4300,386.5310,0.001119
TAP_TAPCELL_ROW_138_2302,VGND,li1,134.5500,386.5310,0.001253
TAP_TAPCELL_ROW_138_2301,VGND,li1,121.6700,386.5310,0.001178
TAP_TAPCELL_ROW_138_2300,VGND,li1,108.7900,386.5310,0.001054
TAP_TAPCELL_ROW_138_2299,VGND,li1,95.9100,386.5310,0.000893
TAP_TAPCELL_ROW_138_2298,VGND,li1,83.0300,386.5310,0.000766
TAP_TAPCELL_ROW_138_2297,VGND,li1,70.1500,386.5310,0.000610
TAP_TAPCELL_ROW_138_2296,VGND,li1,57.2700,386.5310,0.000475
TAP_TAPCELL_ROW_138_2295,VGND,li1,44.3900,386.5310,0.000320
TAP_TAPCELL_ROW_138_2294,VGND,li1,31.5100,386.5310,0.000167
TAP_TAPCELL_ROW_138_2293,VGND,li1,18.6300,386.5310,0.000113
TAP_TAPCELL_ROW_137_2292,VGND,li1,366.3900,385.9480,0.000187
TAP_TAPCELL_ROW_137_2291,VGND,li1,340.6300,385.9480,0.000178
TAP_TAPCELL_ROW_137_2290,VGND,li1,314.8700,385.9480,0.000394
TAP_TAPCELL_ROW_137_2289,VGND,li1,289.1100,385.9480,0.000644
TAP_TAPCELL_ROW_137_2288,VGND,li1,263.3500,385.9480,0.000721
TAP_TAPCELL_ROW_137_2287,VGND,li1,237.5900,385.9480,0.000743
TAP_TAPCELL_ROW_137_2286,VGND,li1,211.8300,385.9480,0.000727
TAP_TAPCELL_ROW_137_2285,VGND,li1,186.0700,385.9480,0.000497
TAP_TAPCELL_ROW_137_2284,VGND,li1,160.3100,385.9480,0.000816
TAP_TAPCELL_ROW_137_2283,VGND,li1,134.5500,385.9480,0.001253
TAP_TAPCELL_ROW_137_2282,VGND,li1,108.7900,385.9480,0.001054
TAP_TAPCELL_ROW_137_2281,VGND,li1,83.0300,385.9480,0.000766
TAP_TAPCELL_ROW_137_2280,VGND,li1,57.2700,385.9480,0.000475
TAP_TAPCELL_ROW_137_2279,VGND,li1,31.5100,385.9480,0.000167
TAP_TAPCELL_ROW_136_2278,VGND,li1,379.2700,381.0910,0.001267
TAP_TAPCELL_ROW_136_2277,VGND,li1,353.5100,381.0910,0.001267
TAP_TAPCELL_ROW_136_2276,VGND,li1,327.7500,381.0910,0.001682
TAP_TAPCELL_ROW_136_2275,VGND,li1,301.9900,381.0910,0.004810
TAP_TAPCELL_ROW_136_2274,VGND,li1,276.2300,381.0910,0.006016
TAP_TAPCELL_ROW_136_2273,VGND,li1,250.4700,381.0910,0.005136
TAP_TAPCELL_ROW_136_2272,VGND,li1,224.7100,381.0910,0.004226
TAP_TAPCELL_ROW_136_2271,VGND,li1,198.9500,381.0910,0.002933
TAP_TAPCELL_ROW_136_2270,VGND,li1,173.1900,381.0910,0.001449
TAP_TAPCELL_ROW_136_2269,VGND,li1,147.4300,381.0910,0.002398
TAP_TAPCELL_ROW_136_2268,VGND,li1,121.6700,381.0910,0.002519
TAP_TAPCELL_ROW_136_2267,VGND,li1,95.9100,381.0910,0.001921
TAP_TAPCELL_ROW_136_2266,VGND,li1,70.1500,381.0910,0.001310
TAP_TAPCELL_ROW_136_2265,VGND,li1,44.3900,381.0910,0.000696
TAP_TAPCELL_ROW_136_2264,VGND,li1,18.6300,381.0910,0.000238
TAP_TAPCELL_ROW_135_2263,VGND,li1,366.3900,380.5080,0.001267
TAP_TAPCELL_ROW_135_2262,VGND,li1,340.6300,380.5080,0.001262
TAP_TAPCELL_ROW_135_2261,VGND,li1,314.8700,380.5080,0.003343
TAP_TAPCELL_ROW_135_2260,VGND,li1,289.1100,380.5080,0.005775
TAP_TAPCELL_ROW_135_2259,VGND,li1,263.3500,380.5080,0.005555
TAP_TAPCELL_ROW_135_2258,VGND,li1,237.5900,380.5080,0.004665
TAP_TAPCELL_ROW_135_2257,VGND,li1,211.8300,380.5080,0.003746
TAP_TAPCELL_ROW_135_2256,VGND,li1,186.0700,380.5080,0.001784
TAP_TAPCELL_ROW_135_2255,VGND,li1,160.3100,380.5080,0.001918
TAP_TAPCELL_ROW_135_2254,VGND,li1,134.5500,380.5080,0.002612
TAP_TAPCELL_ROW_135_2253,VGND,li1,108.7900,380.5080,0.002222
TAP_TAPCELL_ROW_135_2252,VGND,li1,83.0300,380.5080,0.001611
TAP_TAPCELL_ROW_135_2251,VGND,li1,57.2700,380.5080,0.001003
TAP_TAPCELL_ROW_135_2250,VGND,li1,31.5100,380.5080,0.000352
TAP_TAPCELL_ROW_134_2249,VGND,li1,379.2700,375.6510,0.000402
TAP_TAPCELL_ROW_134_2248,VGND,li1,353.5100,375.6510,0.000402
TAP_TAPCELL_ROW_134_2247,VGND,li1,327.7500,375.6510,0.000584
TAP_TAPCELL_ROW_134_2246,VGND,li1,301.9900,375.6510,0.001375
TAP_TAPCELL_ROW_134_2245,VGND,li1,276.2300,375.6510,0.001650
TAP_TAPCELL_ROW_134_2244,VGND,li1,250.4700,375.6510,0.001647
TAP_TAPCELL_ROW_134_2243,VGND,li1,224.7100,375.6510,0.001634
TAP_TAPCELL_ROW_134_2242,VGND,li1,198.9500,375.6510,0.001473
TAP_TAPCELL_ROW_134_2241,VGND,li1,173.1900,375.6510,0.001062
TAP_TAPCELL_ROW_134_2240,VGND,li1,147.4300,375.6510,0.001905
TAP_TAPCELL_ROW_134_2239,VGND,li1,121.6700,375.6510,0.002082
TAP_TAPCELL_ROW_134_2238,VGND,li1,95.9100,375.6510,0.001877
TAP_TAPCELL_ROW_134_2237,VGND,li1,70.1500,375.6510,0.001466
TAP_TAPCELL_ROW_134_2236,VGND,li1,44.3900,375.6510,0.000794
TAP_TAPCELL_ROW_134_2235,VGND,li1,18.6300,375.6510,0.000272
TAP_TAPCELL_ROW_133_2234,VGND,li1,366.3900,375.0680,0.000402
TAP_TAPCELL_ROW_133_2233,VGND,li1,340.6300,375.0680,0.000402
TAP_TAPCELL_ROW_133_2232,VGND,li1,314.8700,375.0680,0.001013
TAP_TAPCELL_ROW_133_2231,VGND,li1,289.1100,375.0680,0.001523
TAP_TAPCELL_ROW_133_2230,VGND,li1,263.3500,375.0680,0.001649
TAP_TAPCELL_ROW_133_2229,VGND,li1,237.5900,375.0680,0.001642
TAP_TAPCELL_ROW_133_2228,VGND,li1,211.8300,375.0680,0.001621
TAP_TAPCELL_ROW_133_2227,VGND,li1,186.0700,375.0680,0.001086
TAP_TAPCELL_ROW_133_2226,VGND,li1,160.3100,375.0680,0.001549
TAP_TAPCELL_ROW_133_2225,VGND,li1,134.5500,375.0680,0.002080
TAP_TAPCELL_ROW_133_2224,VGND,li1,108.7900,375.0680,0.001980
TAP_TAPCELL_ROW_133_2223,VGND,li1,83.0300,375.0680,0.001734
TAP_TAPCELL_ROW_133_2222,VGND,li1,57.2700,375.0680,0.001144
TAP_TAPCELL_ROW_133_2221,VGND,li1,31.5100,375.0680,0.000401
TAP_TAPCELL_ROW_132_2220,VGND,li1,379.2700,370.2110,0.000482
TAP_TAPCELL_ROW_132_2219,VGND,li1,353.5100,370.2110,0.000482
TAP_TAPCELL_ROW_132_2218,VGND,li1,327.7500,370.2110,0.000726
TAP_TAPCELL_ROW_132_2217,VGND,li1,301.9900,370.2110,0.001815
TAP_TAPCELL_ROW_132_2216,VGND,li1,276.2300,370.2110,0.002804
TAP_TAPCELL_ROW_132_2215,VGND,li1,250.4700,370.2110,0.003214
TAP_TAPCELL_ROW_132_2214,VGND,li1,224.7100,370.2110,0.003196
TAP_TAPCELL_ROW_132_2213,VGND,li1,198.9500,370.2110,0.002032
TAP_TAPCELL_ROW_132_2212,VGND,li1,173.1900,370.2110,0.001260
TAP_TAPCELL_ROW_132_2211,VGND,li1,147.4300,370.2110,0.001985
TAP_TAPCELL_ROW_132_2210,VGND,li1,121.6700,370.2110,0.002143
TAP_TAPCELL_ROW_132_2209,VGND,li1,95.9100,370.2110,0.001884
TAP_TAPCELL_ROW_132_2208,VGND,li1,70.1500,370.2110,0.001438
TAP_TAPCELL_ROW_132_2207,VGND,li1,44.3900,370.2110,0.000766
TAP_TAPCELL_ROW_132_2206,VGND,li1,18.6300,370.2110,0.000262
TAP_TAPCELL_ROW_131_2205,VGND,li1,366.3900,369.6280,0.000482
TAP_TAPCELL_ROW_131_2204,VGND,li1,340.6300,369.6280,0.000481
TAP_TAPCELL_ROW_131_2203,VGND,li1,314.8700,369.6280,0.001321
TAP_TAPCELL_ROW_131_2202,VGND,li1,289.1100,369.6280,0.002291
TAP_TAPCELL_ROW_131_2201,VGND,li1,263.3500,369.6280,0.003161
TAP_TAPCELL_ROW_131_2200,VGND,li1,237.5900,369.6280,0.003257
TAP_TAPCELL_ROW_131_2199,VGND,li1,211.8300,369.6280,0.002771
TAP_TAPCELL_ROW_131_2198,VGND,li1,186.0700,369.6280,0.001329
TAP_TAPCELL_ROW_131_2197,VGND,li1,160.3100,369.6280,0.001628
TAP_TAPCELL_ROW_131_2196,VGND,li1,134.5500,369.6280,0.002150
TAP_TAPCELL_ROW_131_2195,VGND,li1,108.7900,369.6280,0.002018
TAP_TAPCELL_ROW_131_2194,VGND,li1,83.0300,369.6280,0.001715
TAP_TAPCELL_ROW_131_2193,VGND,li1,57.2700,369.6280,0.001104
TAP_TAPCELL_ROW_131_2192,VGND,li1,31.5100,369.6280,0.000387
TAP_TAPCELL_ROW_130_2191,VGND,li1,379.2700,364.7710,0.000353
TAP_TAPCELL_ROW_130_2190,VGND,li1,353.5100,364.7710,0.000353
TAP_TAPCELL_ROW_130_2189,VGND,li1,327.7500,364.7710,0.000512
TAP_TAPCELL_ROW_130_2188,VGND,li1,301.9900,364.7710,0.001433
TAP_TAPCELL_ROW_130_2187,VGND,li1,276.2300,364.7710,0.002023
TAP_TAPCELL_ROW_130_2186,VGND,li1,250.4700,364.7710,0.002208
TAP_TAPCELL_ROW_130_2185,VGND,li1,224.7100,364.7710,0.002085
TAP_TAPCELL_ROW_130_2184,VGND,li1,198.9500,364.7710,0.001433
TAP_TAPCELL_ROW_130_2183,VGND,li1,173.1900,364.7710,0.000774
TAP_TAPCELL_ROW_130_2182,VGND,li1,147.4300,364.7710,0.001140
TAP_TAPCELL_ROW_130_2181,VGND,li1,121.6700,364.7710,0.001247
TAP_TAPCELL_ROW_130_2180,VGND,li1,95.9100,364.7710,0.001155
TAP_TAPCELL_ROW_130_2179,VGND,li1,70.1500,364.7710,0.000915
TAP_TAPCELL_ROW_130_2178,VGND,li1,44.3900,364.7710,0.000516
TAP_TAPCELL_ROW_130_2177,VGND,li1,18.6300,364.7710,0.000176
TAP_TAPCELL_ROW_129_2176,VGND,li1,366.3900,364.1880,0.000353
TAP_TAPCELL_ROW_129_2175,VGND,li1,340.6300,364.1880,0.000353
TAP_TAPCELL_ROW_129_2174,VGND,li1,314.8700,364.1880,0.000959
TAP_TAPCELL_ROW_129_2173,VGND,li1,289.1100,364.1880,0.001854
TAP_TAPCELL_ROW_129_2172,VGND,li1,263.3500,364.1880,0.002173
TAP_TAPCELL_ROW_129_2171,VGND,li1,237.5900,364.1880,0.002231
TAP_TAPCELL_ROW_129_2170,VGND,li1,211.8300,364.1880,0.001830
TAP_TAPCELL_ROW_129_2169,VGND,li1,186.0700,364.1880,0.001030
TAP_TAPCELL_ROW_129_2168,VGND,li1,160.3100,364.1880,0.000986
TAP_TAPCELL_ROW_129_2167,VGND,li1,134.5500,364.1880,0.001231
TAP_TAPCELL_ROW_129_2166,VGND,li1,108.7900,364.1880,0.001230
TAP_TAPCELL_ROW_129_2165,VGND,li1,83.0300,364.1880,0.001038
TAP_TAPCELL_ROW_129_2164,VGND,li1,57.2700,364.1880,0.000743
TAP_TAPCELL_ROW_129_2163,VGND,li1,31.5100,364.1880,0.000260
TAP_TAPCELL_ROW_128_2162,VGND,li1,379.2700,359.3310,0.000110
TAP_TAPCELL_ROW_128_2161,VGND,li1,353.5100,359.3310,0.000110
TAP_TAPCELL_ROW_128_2160,VGND,li1,327.7500,359.3310,0.000147
TAP_TAPCELL_ROW_128_2159,VGND,li1,301.9900,359.3310,0.000341
TAP_TAPCELL_ROW_128_2158,VGND,li1,276.2300,359.3310,0.000534
TAP_TAPCELL_ROW_128_2157,VGND,li1,250.4700,359.3310,0.000647
TAP_TAPCELL_ROW_128_2156,VGND,li1,224.7100,359.3310,0.000638
TAP_TAPCELL_ROW_128_2155,VGND,li1,198.9500,359.3310,0.000442
TAP_TAPCELL_ROW_128_2154,VGND,li1,173.1900,359.3310,0.000264
TAP_TAPCELL_ROW_128_2153,VGND,li1,147.4300,359.3310,0.000380
TAP_TAPCELL_ROW_128_2152,VGND,li1,121.6700,359.3310,0.000383
TAP_TAPCELL_ROW_128_2151,VGND,li1,95.9100,359.3310,0.000328
TAP_TAPCELL_ROW_128_2150,VGND,li1,70.1500,359.3310,0.000251
TAP_TAPCELL_ROW_128_2149,VGND,li1,44.3900,359.3310,0.000142
TAP_TAPCELL_ROW_128_2148,VGND,li1,18.6300,359.3310,0.000049
TAP_TAPCELL_ROW_127_2147,VGND,li1,366.3900,358.7480,0.000110
TAP_TAPCELL_ROW_127_2146,VGND,li1,340.6300,358.7480,0.000108
TAP_TAPCELL_ROW_127_2145,VGND,li1,314.8700,358.7480,0.000244
TAP_TAPCELL_ROW_127_2144,VGND,li1,289.1100,358.7480,0.000434
TAP_TAPCELL_ROW_127_2143,VGND,li1,263.3500,358.7480,0.000617
TAP_TAPCELL_ROW_127_2142,VGND,li1,237.5900,358.7480,0.000667
TAP_TAPCELL_ROW_127_2141,VGND,li1,211.8300,358.7480,0.000572
TAP_TAPCELL_ROW_127_2140,VGND,li1,186.0700,358.7480,0.000296
TAP_TAPCELL_ROW_127_2139,VGND,li1,160.3100,358.7480,0.000337
TAP_TAPCELL_ROW_127_2138,VGND,li1,134.5500,358.7480,0.000393
TAP_TAPCELL_ROW_127_2137,VGND,li1,108.7900,358.7480,0.000360
TAP_TAPCELL_ROW_127_2136,VGND,li1,83.0300,358.7480,0.000293
TAP_TAPCELL_ROW_127_2135,VGND,li1,57.2700,358.7480,0.000204
TAP_TAPCELL_ROW_127_2134,VGND,li1,31.5100,358.7480,0.000072
TAP_TAPCELL_ROW_126_2133,VGND,li1,379.2700,353.8910,0.000325
TAP_TAPCELL_ROW_126_2132,VGND,li1,353.5100,353.8910,0.000305
TAP_TAPCELL_ROW_126_2131,VGND,li1,327.7500,353.8910,0.000295
TAP_TAPCELL_ROW_126_2130,VGND,li1,301.9900,353.8910,0.000603
TAP_TAPCELL_ROW_126_2129,VGND,li1,276.2300,353.8910,0.000686
TAP_TAPCELL_ROW_126_2128,VGND,li1,250.4700,353.8910,0.000668
TAP_TAPCELL_ROW_126_2127,VGND,li1,224.7100,353.8910,0.000565
TAP_TAPCELL_ROW_126_2126,VGND,li1,198.9500,353.8910,0.000320
TAP_TAPCELL_ROW_126_2125,VGND,li1,173.1900,353.8910,0.000143
TAP_TAPCELL_ROW_126_2124,VGND,li1,147.4300,353.8910,0.000199
TAP_TAPCELL_ROW_126_2123,VGND,li1,121.6700,353.8910,0.000243
TAP_TAPCELL_ROW_126_2122,VGND,li1,95.9100,353.8910,0.000266
TAP_TAPCELL_ROW_126_2121,VGND,li1,70.1500,353.8910,0.000222
TAP_TAPCELL_ROW_126_2120,VGND,li1,44.3900,353.8910,0.000135
TAP_TAPCELL_ROW_126_2119,VGND,li1,18.6300,353.8910,0.000046
TAP_TAPCELL_ROW_125_2118,VGND,li1,366.3900,353.3080,0.000316
TAP_TAPCELL_ROW_125_2117,VGND,li1,340.6300,353.3080,0.000280
TAP_TAPCELL_ROW_125_2116,VGND,li1,314.8700,353.3080,0.000475
TAP_TAPCELL_ROW_125_2115,VGND,li1,289.1100,353.3080,0.000665
TAP_TAPCELL_ROW_125_2114,VGND,li1,263.3500,353.3080,0.000689
TAP_TAPCELL_ROW_125_2113,VGND,li1,237.5900,353.3080,0.000632
TAP_TAPCELL_ROW_125_2112,VGND,li1,211.8300,353.3080,0.000442
TAP_TAPCELL_ROW_125_2111,VGND,li1,186.0700,353.3080,0.000198
TAP_TAPCELL_ROW_125_2110,VGND,li1,160.3100,353.3080,0.000172
TAP_TAPCELL_ROW_125_2109,VGND,li1,134.5500,353.3080,0.000222
TAP_TAPCELL_ROW_125_2108,VGND,li1,108.7900,353.3080,0.000264
TAP_TAPCELL_ROW_125_2107,VGND,li1,83.0300,353.3080,0.000246
TAP_TAPCELL_ROW_125_2106,VGND,li1,57.2700,353.3080,0.000189
TAP_TAPCELL_ROW_125_2105,VGND,li1,31.5100,353.3080,0.000068
TAP_TAPCELL_ROW_124_2104,VGND,li1,379.2700,348.4510,0.000400
TAP_TAPCELL_ROW_124_2103,VGND,li1,353.5100,348.4510,0.000353
TAP_TAPCELL_ROW_124_2102,VGND,li1,327.7500,348.4510,0.000316
TAP_TAPCELL_ROW_124_2101,VGND,li1,301.9900,348.4510,0.000622
TAP_TAPCELL_ROW_124_2100,VGND,li1,276.2300,348.4510,0.000644
TAP_TAPCELL_ROW_124_2099,VGND,li1,250.4700,348.4510,0.000548
TAP_TAPCELL_ROW_124_2098,VGND,li1,224.7100,348.4510,0.000403
TAP_TAPCELL_ROW_124_2097,VGND,li1,198.9500,348.4510,0.000239
TAP_TAPCELL_ROW_124_2096,VGND,li1,173.1900,348.4510,0.000095
TAP_TAPCELL_ROW_124_2095,VGND,li1,147.4300,348.4510,0.000132
TAP_TAPCELL_ROW_124_2094,VGND,li1,121.6700,348.4510,0.000151
TAP_TAPCELL_ROW_124_2093,VGND,li1,95.9100,348.4510,0.000153
TAP_TAPCELL_ROW_124_2092,VGND,li1,70.1500,348.4510,0.000142
TAP_TAPCELL_ROW_124_2091,VGND,li1,44.3900,348.4510,0.000081
TAP_TAPCELL_ROW_124_2090,VGND,li1,18.6300,348.4510,0.000028
TAP_TAPCELL_ROW_123_2089,VGND,li1,366.3900,347.8680,0.000383
TAP_TAPCELL_ROW_123_2088,VGND,li1,340.6300,347.8680,0.000285
TAP_TAPCELL_ROW_123_2087,VGND,li1,314.8700,347.8680,0.000499
TAP_TAPCELL_ROW_123_2086,VGND,li1,289.1100,347.8680,0.000667
TAP_TAPCELL_ROW_123_2085,VGND,li1,263.3500,347.8680,0.000609
TAP_TAPCELL_ROW_123_2084,VGND,li1,237.5900,347.8680,0.000479
TAP_TAPCELL_ROW_123_2083,VGND,li1,211.8300,347.8680,0.000328
TAP_TAPCELL_ROW_123_2082,VGND,li1,186.0700,347.8680,0.000141
TAP_TAPCELL_ROW_123_2081,VGND,li1,160.3100,347.8680,0.000113
TAP_TAPCELL_ROW_123_2080,VGND,li1,134.5500,347.8680,0.000143
TAP_TAPCELL_ROW_123_2079,VGND,li1,108.7900,347.8680,0.000153
TAP_TAPCELL_ROW_123_2078,VGND,li1,83.0300,347.8680,0.000148
TAP_TAPCELL_ROW_123_2077,VGND,li1,57.2700,347.8680,0.000116
TAP_TAPCELL_ROW_123_2076,VGND,li1,31.5100,347.8680,0.000041
TAP_TAPCELL_ROW_122_2075,VGND,li1,379.2700,343.0110,0.000175
TAP_TAPCELL_ROW_122_2074,VGND,li1,353.5100,343.0110,0.000153
TAP_TAPCELL_ROW_122_2073,VGND,li1,327.7500,343.0110,0.000134
TAP_TAPCELL_ROW_122_2072,VGND,li1,301.9900,343.0110,0.000248
TAP_TAPCELL_ROW_122_2071,VGND,li1,276.2300,343.0110,0.000294
TAP_TAPCELL_ROW_122_2070,VGND,li1,250.4700,343.0110,0.000259
TAP_TAPCELL_ROW_122_2069,VGND,li1,224.7100,343.0110,0.000195
TAP_TAPCELL_ROW_122_2068,VGND,li1,198.9500,343.0110,0.000129
TAP_TAPCELL_ROW_122_2067,VGND,li1,173.1900,343.0110,0.000083
TAP_TAPCELL_ROW_122_2066,VGND,li1,147.4300,343.0110,0.000160
TAP_TAPCELL_ROW_122_2065,VGND,li1,121.6700,343.0110,0.000214
TAP_TAPCELL_ROW_122_2064,VGND,li1,95.9100,343.0110,0.000230
TAP_TAPCELL_ROW_122_2063,VGND,li1,70.1500,343.0110,0.000215
TAP_TAPCELL_ROW_122_2062,VGND,li1,44.3900,343.0110,0.000128
TAP_TAPCELL_ROW_122_2061,VGND,li1,18.6300,343.0110,0.000044
TAP_TAPCELL_ROW_121_2060,VGND,li1,366.3900,342.4280,0.000165
TAP_TAPCELL_ROW_121_2059,VGND,li1,340.6300,342.4280,0.000131
TAP_TAPCELL_ROW_121_2058,VGND,li1,314.8700,342.4280,0.000199
TAP_TAPCELL_ROW_121_2057,VGND,li1,289.1100,342.4280,0.000288
TAP_TAPCELL_ROW_121_2056,VGND,li1,263.3500,342.4280,0.000285
TAP_TAPCELL_ROW_121_2055,VGND,li1,237.5900,342.4280,0.000225
TAP_TAPCELL_ROW_121_2054,VGND,li1,211.8300,342.4280,0.000163
TAP_TAPCELL_ROW_121_2053,VGND,li1,186.0700,342.4280,0.000091
TAP_TAPCELL_ROW_121_2052,VGND,li1,160.3100,342.4280,0.000124
TAP_TAPCELL_ROW_121_2051,VGND,li1,134.5500,342.4280,0.000199
TAP_TAPCELL_ROW_121_2050,VGND,li1,108.7900,342.4280,0.000225
TAP_TAPCELL_ROW_121_2049,VGND,li1,83.0300,342.4280,0.000226
TAP_TAPCELL_ROW_121_2048,VGND,li1,57.2700,342.4280,0.000180
TAP_TAPCELL_ROW_121_2047,VGND,li1,31.5100,342.4280,0.000066
TAP_TAPCELL_ROW_120_2046,VGND,li1,379.2700,337.5710,0.000133
TAP_TAPCELL_ROW_120_2045,VGND,li1,353.5100,337.5710,0.000114
TAP_TAPCELL_ROW_120_2044,VGND,li1,327.7500,337.5710,0.000090
TAP_TAPCELL_ROW_120_2043,VGND,li1,301.9900,337.5710,0.000178
TAP_TAPCELL_ROW_120_2042,VGND,li1,276.2300,337.5710,0.000251
TAP_TAPCELL_ROW_120_2041,VGND,li1,250.4700,337.5710,0.000302
TAP_TAPCELL_ROW_120_2040,VGND,li1,224.7100,337.5710,0.000345
TAP_TAPCELL_ROW_120_2039,VGND,li1,198.9500,337.5710,0.000272
TAP_TAPCELL_ROW_120_2038,VGND,li1,173.1900,337.5710,0.000198
TAP_TAPCELL_ROW_120_2037,VGND,li1,147.4300,337.5710,0.000335
TAP_TAPCELL_ROW_120_2036,VGND,li1,121.6700,337.5710,0.000337
TAP_TAPCELL_ROW_120_2035,VGND,li1,95.9100,337.5710,0.000273
TAP_TAPCELL_ROW_120_2034,VGND,li1,70.1500,337.5710,0.000199
TAP_TAPCELL_ROW_120_2033,VGND,li1,44.3900,337.5710,0.000111
TAP_TAPCELL_ROW_120_2032,VGND,li1,18.6300,337.5710,0.000038
TAP_TAPCELL_ROW_119_2031,VGND,li1,366.3900,336.9880,0.000125
TAP_TAPCELL_ROW_119_2030,VGND,li1,340.6300,336.9880,0.000090
TAP_TAPCELL_ROW_119_2029,VGND,li1,314.8700,336.9880,0.000137
TAP_TAPCELL_ROW_119_2028,VGND,li1,289.1100,336.9880,0.000221
TAP_TAPCELL_ROW_119_2027,VGND,li1,263.3500,336.9880,0.000279
TAP_TAPCELL_ROW_119_2026,VGND,li1,237.5900,336.9880,0.000325
TAP_TAPCELL_ROW_119_2025,VGND,li1,211.8300,336.9880,0.000343
TAP_TAPCELL_ROW_119_2024,VGND,li1,186.0700,336.9880,0.000189
TAP_TAPCELL_ROW_119_2023,VGND,li1,160.3100,336.9880,0.000291
TAP_TAPCELL_ROW_119_2022,VGND,li1,134.5500,336.9880,0.000343
TAP_TAPCELL_ROW_119_2021,VGND,li1,108.7900,336.9880,0.000305
TAP_TAPCELL_ROW_119_2020,VGND,li1,83.0300,336.9880,0.000233
TAP_TAPCELL_ROW_119_2019,VGND,li1,57.2700,336.9880,0.000160
TAP_TAPCELL_ROW_119_2018,VGND,li1,31.5100,336.9880,0.000056
TAP_TAPCELL_ROW_118_2017,VGND,li1,379.2700,332.1310,0.000150
TAP_TAPCELL_ROW_118_2016,VGND,li1,353.5100,332.1310,0.000115
TAP_TAPCELL_ROW_118_2015,VGND,li1,327.7500,332.1310,0.000071
TAP_TAPCELL_ROW_118_2014,VGND,li1,301.9900,332.1310,0.000132
TAP_TAPCELL_ROW_118_2013,VGND,li1,276.2300,332.1310,0.000183
TAP_TAPCELL_ROW_118_2012,VGND,li1,250.4700,332.1310,0.000198
TAP_TAPCELL_ROW_118_2011,VGND,li1,224.7100,332.1310,0.000180
TAP_TAPCELL_ROW_118_2010,VGND,li1,198.9500,332.1310,0.000154
TAP_TAPCELL_ROW_118_2009,VGND,li1,173.1900,332.1310,0.000108
TAP_TAPCELL_ROW_118_2008,VGND,li1,147.4300,332.1310,0.000139
TAP_TAPCELL_ROW_118_2007,VGND,li1,121.6700,332.1310,0.000155
TAP_TAPCELL_ROW_118_2006,VGND,li1,95.9100,332.1310,0.000157
TAP_TAPCELL_ROW_118_2005,VGND,li1,70.1500,332.1310,0.000145
TAP_TAPCELL_ROW_118_2004,VGND,li1,44.3900,332.1310,0.000092
TAP_TAPCELL_ROW_118_2003,VGND,li1,18.6300,332.1310,0.000032
TAP_TAPCELL_ROW_117_2002,VGND,li1,366.3900,331.5480,0.000137
TAP_TAPCELL_ROW_117_2001,VGND,li1,340.6300,331.5480,0.000081
TAP_TAPCELL_ROW_117_2000,VGND,li1,314.8700,331.5480,0.000105
TAP_TAPCELL_ROW_117_1999,VGND,li1,289.1100,331.5480,0.000160
TAP_TAPCELL_ROW_117_1998,VGND,li1,263.3500,331.5480,0.000199
TAP_TAPCELL_ROW_117_1997,VGND,li1,237.5900,331.5480,0.000191
TAP_TAPCELL_ROW_117_1996,VGND,li1,211.8300,331.5480,0.000168
TAP_TAPCELL_ROW_117_1995,VGND,li1,186.0700,331.5480,0.000138
TAP_TAPCELL_ROW_117_1994,VGND,li1,160.3100,331.5480,0.000126
TAP_TAPCELL_ROW_117_1993,VGND,li1,134.5500,331.5480,0.000149
TAP_TAPCELL_ROW_117_1992,VGND,li1,108.7900,331.5480,0.000158
TAP_TAPCELL_ROW_117_1991,VGND,li1,83.0300,331.5480,0.000152
TAP_TAPCELL_ROW_117_1990,VGND,li1,57.2700,331.5480,0.000124
TAP_TAPCELL_ROW_117_1989,VGND,li1,31.5100,331.5480,0.000047
TAP_TAPCELL_ROW_116_1988,VGND,li1,379.2700,326.6910,0.000115
TAP_TAPCELL_ROW_116_1987,VGND,li1,353.5100,326.6910,0.000091
TAP_TAPCELL_ROW_116_1986,VGND,li1,327.7500,326.6910,0.000087
TAP_TAPCELL_ROW_116_1985,VGND,li1,301.9900,326.6910,0.000196
TAP_TAPCELL_ROW_116_1984,VGND,li1,276.2300,326.6910,0.000282
TAP_TAPCELL_ROW_116_1983,VGND,li1,250.4700,326.6910,0.000324
TAP_TAPCELL_ROW_116_1982,VGND,li1,224.7100,326.6910,0.000303
TAP_TAPCELL_ROW_116_1981,VGND,li1,198.9500,326.6910,0.000185
TAP_TAPCELL_ROW_116_1980,VGND,li1,173.1900,326.6910,0.000073
TAP_TAPCELL_ROW_116_1979,VGND,li1,147.4300,326.6910,0.000088
TAP_TAPCELL_ROW_116_1978,VGND,li1,121.6700,326.6910,0.000091
TAP_TAPCELL_ROW_116_1977,VGND,li1,95.9100,326.6910,0.000089
TAP_TAPCELL_ROW_116_1976,VGND,li1,70.1500,326.6910,0.000079
TAP_TAPCELL_ROW_116_1975,VGND,li1,44.3900,326.6910,0.000050
TAP_TAPCELL_ROW_116_1974,VGND,li1,18.6300,326.6910,0.000017
TAP_TAPCELL_ROW_115_1973,VGND,li1,366.3900,326.1080,0.000103
TAP_TAPCELL_ROW_115_1972,VGND,li1,340.6300,326.1080,0.000077
TAP_TAPCELL_ROW_115_1971,VGND,li1,314.8700,326.1080,0.000145
TAP_TAPCELL_ROW_115_1970,VGND,li1,289.1100,326.1080,0.000244
TAP_TAPCELL_ROW_115_1969,VGND,li1,263.3500,326.1080,0.000313
TAP_TAPCELL_ROW_115_1968,VGND,li1,237.5900,326.1080,0.000318
TAP_TAPCELL_ROW_115_1967,VGND,li1,211.8300,326.1080,0.000243
TAP_TAPCELL_ROW_115_1966,VGND,li1,186.0700,326.1080,0.000109
TAP_TAPCELL_ROW_115_1965,VGND,li1,160.3100,326.1080,0.000083
TAP_TAPCELL_ROW_115_1964,VGND,li1,134.5500,326.1080,0.000090
TAP_TAPCELL_ROW_115_1963,VGND,li1,108.7900,326.1080,0.000090
TAP_TAPCELL_ROW_115_1962,VGND,li1,83.0300,326.1080,0.000086
TAP_TAPCELL_ROW_115_1961,VGND,li1,57.2700,326.1080,0.000070
TAP_TAPCELL_ROW_115_1960,VGND,li1,31.5100,326.1080,0.000025
TAP_TAPCELL_ROW_114_1959,VGND,li1,379.2700,321.2510,0.000111
TAP_TAPCELL_ROW_114_1958,VGND,li1,353.5100,321.2510,0.000101
TAP_TAPCELL_ROW_114_1957,VGND,li1,327.7500,321.2510,0.000113
TAP_TAPCELL_ROW_114_1956,VGND,li1,301.9900,321.2510,0.000237
TAP_TAPCELL_ROW_114_1955,VGND,li1,276.2300,321.2510,0.000287
TAP_TAPCELL_ROW_114_1954,VGND,li1,250.4700,321.2510,0.000306
TAP_TAPCELL_ROW_114_1953,VGND,li1,224.7100,321.2510,0.000298
TAP_TAPCELL_ROW_114_1952,VGND,li1,198.9500,321.2510,0.000225
TAP_TAPCELL_ROW_114_1951,VGND,li1,173.1900,321.2510,0.000127
TAP_TAPCELL_ROW_114_1950,VGND,li1,147.4300,321.2510,0.000196
TAP_TAPCELL_ROW_114_1949,VGND,li1,121.6700,321.2510,0.000200
TAP_TAPCELL_ROW_114_1948,VGND,li1,95.9100,321.2510,0.000184
TAP_TAPCELL_ROW_114_1947,VGND,li1,70.1500,321.2510,0.000147
TAP_TAPCELL_ROW_114_1946,VGND,li1,44.3900,321.2510,0.000086
TAP_TAPCELL_ROW_114_1945,VGND,li1,18.6300,321.2510,0.000031
TAP_TAPCELL_ROW_113_1944,VGND,li1,366.3900,320.6680,0.000109
TAP_TAPCELL_ROW_113_1943,VGND,li1,340.6300,320.6680,0.000092
TAP_TAPCELL_ROW_113_1942,VGND,li1,314.8700,320.6680,0.000190
TAP_TAPCELL_ROW_113_1941,VGND,li1,289.1100,320.6680,0.000269
TAP_TAPCELL_ROW_113_1940,VGND,li1,263.3500,320.6680,0.000302
TAP_TAPCELL_ROW_113_1939,VGND,li1,237.5900,320.6680,0.000304
TAP_TAPCELL_ROW_113_1938,VGND,li1,211.8300,320.6680,0.000290
TAP_TAPCELL_ROW_113_1937,VGND,li1,186.0700,320.6680,0.000160
TAP_TAPCELL_ROW_113_1936,VGND,li1,160.3100,320.6680,0.000172
TAP_TAPCELL_ROW_113_1935,VGND,li1,134.5500,320.6680,0.000198
TAP_TAPCELL_ROW_113_1934,VGND,li1,108.7900,320.6680,0.000194
TAP_TAPCELL_ROW_113_1933,VGND,li1,83.0300,320.6680,0.000170
TAP_TAPCELL_ROW_113_1932,VGND,li1,57.2700,320.6680,0.000121
TAP_TAPCELL_ROW_113_1931,VGND,li1,31.5100,320.6680,0.000045
TAP_TAPCELL_ROW_112_1930,VGND,li1,379.2700,315.8110,0.000044
TAP_TAPCELL_ROW_112_1929,VGND,li1,353.5100,315.8110,0.000044
TAP_TAPCELL_ROW_112_1928,VGND,li1,327.7500,315.8110,0.000066
TAP_TAPCELL_ROW_112_1927,VGND,li1,301.9900,315.8110,0.000163
TAP_TAPCELL_ROW_112_1926,VGND,li1,276.2300,315.8110,0.000227
TAP_TAPCELL_ROW_112_1925,VGND,li1,250.4700,315.8110,0.000261
TAP_TAPCELL_ROW_112_1924,VGND,li1,224.7100,315.8110,0.000269
TAP_TAPCELL_ROW_112_1923,VGND,li1,198.9500,315.8110,0.000197
TAP_TAPCELL_ROW_112_1922,VGND,li1,173.1900,315.8110,0.000145
TAP_TAPCELL_ROW_112_1921,VGND,li1,147.4300,315.8110,0.000250
TAP_TAPCELL_ROW_112_1920,VGND,li1,121.6700,315.8110,0.000293
TAP_TAPCELL_ROW_112_1919,VGND,li1,95.9100,315.8110,0.000271
TAP_TAPCELL_ROW_112_1918,VGND,li1,70.1500,315.8110,0.000225
TAP_TAPCELL_ROW_112_1917,VGND,li1,44.3900,315.8110,0.000125
TAP_TAPCELL_ROW_112_1916,VGND,li1,18.6300,315.8110,0.000043
TAP_TAPCELL_ROW_111_1915,VGND,li1,366.3900,315.2280,0.000044
TAP_TAPCELL_ROW_111_1914,VGND,li1,340.6300,315.2280,0.000044
TAP_TAPCELL_ROW_111_1913,VGND,li1,314.8700,315.2280,0.000116
TAP_TAPCELL_ROW_111_1912,VGND,li1,289.1100,315.2280,0.000199
TAP_TAPCELL_ROW_111_1911,VGND,li1,263.3500,315.2280,0.000248
TAP_TAPCELL_ROW_111_1910,VGND,li1,237.5900,315.2280,0.000268
TAP_TAPCELL_ROW_111_1909,VGND,li1,211.8300,315.2280,0.000248
TAP_TAPCELL_ROW_111_1908,VGND,li1,186.0700,315.2280,0.000146
TAP_TAPCELL_ROW_111_1907,VGND,li1,160.3100,315.2280,0.000203
TAP_TAPCELL_ROW_111_1906,VGND,li1,134.5500,315.2280,0.000285
TAP_TAPCELL_ROW_111_1905,VGND,li1,108.7900,315.2280,0.000283
TAP_TAPCELL_ROW_111_1904,VGND,li1,83.0300,315.2280,0.000252
TAP_TAPCELL_ROW_111_1903,VGND,li1,57.2700,315.2280,0.000171
TAP_TAPCELL_ROW_111_1902,VGND,li1,31.5100,315.2280,0.000067
TAP_TAPCELL_ROW_110_1901,VGND,li1,379.2700,310.3710,0.000082
TAP_TAPCELL_ROW_110_1900,VGND,li1,353.5100,310.3710,0.000082
TAP_TAPCELL_ROW_110_1899,VGND,li1,327.7500,310.3710,0.000086
TAP_TAPCELL_ROW_110_1898,VGND,li1,301.9900,310.3710,0.000172
TAP_TAPCELL_ROW_110_1897,VGND,li1,276.2300,310.3710,0.000181
TAP_TAPCELL_ROW_110_1896,VGND,li1,250.4700,310.3710,0.000169
TAP_TAPCELL_ROW_110_1895,VGND,li1,224.7100,310.3710,0.000144
TAP_TAPCELL_ROW_110_1894,VGND,li1,198.9500,310.3710,0.000093
TAP_TAPCELL_ROW_110_1893,VGND,li1,173.1900,310.3710,0.000053
TAP_TAPCELL_ROW_110_1892,VGND,li1,147.4300,310.3710,0.000081
TAP_TAPCELL_ROW_110_1891,VGND,li1,121.6700,310.3710,0.000100
TAP_TAPCELL_ROW_110_1890,VGND,li1,95.9100,310.3710,0.000108
TAP_TAPCELL_ROW_110_1889,VGND,li1,70.1500,310.3710,0.000080
TAP_TAPCELL_ROW_110_1888,VGND,li1,44.3900,310.3710,0.000046
TAP_TAPCELL_ROW_110_1887,VGND,li1,18.6300,310.3710,0.000016
TAP_TAPCELL_ROW_109_1886,VGND,li1,366.3900,309.7880,0.000082
TAP_TAPCELL_ROW_109_1885,VGND,li1,340.6300,309.7880,0.000082
TAP_TAPCELL_ROW_109_1884,VGND,li1,314.8700,309.7880,0.000130
TAP_TAPCELL_ROW_109_1883,VGND,li1,289.1100,309.7880,0.000182
TAP_TAPCELL_ROW_109_1882,VGND,li1,263.3500,309.7880,0.000177
TAP_TAPCELL_ROW_109_1881,VGND,li1,237.5900,309.7880,0.000159
TAP_TAPCELL_ROW_109_1880,VGND,li1,211.8300,309.7880,0.000120
TAP_TAPCELL_ROW_109_1879,VGND,li1,186.0700,309.7880,0.000065
TAP_TAPCELL_ROW_109_1878,VGND,li1,160.3100,309.7880,0.000068
TAP_TAPCELL_ROW_109_1877,VGND,li1,134.5500,309.7880,0.000091
TAP_TAPCELL_ROW_109_1876,VGND,li1,108.7900,309.7880,0.000107
TAP_TAPCELL_ROW_109_1875,VGND,li1,83.0300,309.7880,0.000094
TAP_TAPCELL_ROW_109_1874,VGND,li1,57.2700,309.7880,0.000066
TAP_TAPCELL_ROW_109_1873,VGND,li1,31.5100,309.7880,0.000024
TAP_TAPCELL_ROW_108_1872,VGND,li1,379.2700,304.9310,0.000064
TAP_TAPCELL_ROW_108_1871,VGND,li1,353.5100,304.9310,0.000064
TAP_TAPCELL_ROW_108_1870,VGND,li1,327.7500,304.9310,0.000091
TAP_TAPCELL_ROW_108_1869,VGND,li1,301.9900,304.9310,0.000233
TAP_TAPCELL_ROW_108_1868,VGND,li1,276.2300,304.9310,0.000295
TAP_TAPCELL_ROW_108_1867,VGND,li1,250.4700,304.9310,0.000328
TAP_TAPCELL_ROW_108_1866,VGND,li1,224.7100,304.9310,0.000324
TAP_TAPCELL_ROW_108_1865,VGND,li1,198.9500,304.9310,0.000194
TAP_TAPCELL_ROW_108_1864,VGND,li1,173.1900,304.9310,0.000090
TAP_TAPCELL_ROW_108_1863,VGND,li1,147.4300,304.9310,0.000126
TAP_TAPCELL_ROW_108_1862,VGND,li1,121.6700,304.9310,0.000134
TAP_TAPCELL_ROW_108_1861,VGND,li1,95.9100,304.9310,0.000129
TAP_TAPCELL_ROW_108_1860,VGND,li1,70.1500,304.9310,0.000103
TAP_TAPCELL_ROW_108_1859,VGND,li1,44.3900,304.9310,0.000059
TAP_TAPCELL_ROW_108_1858,VGND,li1,18.6300,304.9310,0.000020
TAP_TAPCELL_ROW_107_1857,VGND,li1,366.3900,304.3480,0.000064
TAP_TAPCELL_ROW_107_1856,VGND,li1,340.6300,304.3480,0.000064
TAP_TAPCELL_ROW_107_1855,VGND,li1,314.8700,304.3480,0.000166
TAP_TAPCELL_ROW_107_1854,VGND,li1,289.1100,304.3480,0.000274
TAP_TAPCELL_ROW_107_1853,VGND,li1,263.3500,304.3480,0.000313
TAP_TAPCELL_ROW_107_1852,VGND,li1,237.5900,304.3480,0.000337
TAP_TAPCELL_ROW_107_1851,VGND,li1,211.8300,304.3480,0.000270
TAP_TAPCELL_ROW_107_1850,VGND,li1,186.0700,304.3480,0.000131
TAP_TAPCELL_ROW_107_1849,VGND,li1,160.3100,304.3480,0.000111
TAP_TAPCELL_ROW_107_1848,VGND,li1,134.5500,304.3480,0.000131
TAP_TAPCELL_ROW_107_1847,VGND,li1,108.7900,304.3480,0.000133
TAP_TAPCELL_ROW_107_1846,VGND,li1,83.0300,304.3480,0.000120
TAP_TAPCELL_ROW_107_1845,VGND,li1,57.2700,304.3480,0.000081
TAP_TAPCELL_ROW_107_1844,VGND,li1,31.5100,304.3480,0.000030
TAP_TAPCELL_ROW_106_1843,VGND,li1,379.2700,299.4910,0.000015
TAP_TAPCELL_ROW_106_1842,VGND,li1,353.5100,299.4910,0.000015
TAP_TAPCELL_ROW_106_1841,VGND,li1,327.7500,299.4910,0.000020
TAP_TAPCELL_ROW_106_1840,VGND,li1,301.9900,299.4910,0.000056
TAP_TAPCELL_ROW_106_1839,VGND,li1,276.2300,299.4910,0.000083
TAP_TAPCELL_ROW_106_1838,VGND,li1,250.4700,299.4910,0.000098
TAP_TAPCELL_ROW_106_1837,VGND,li1,224.7100,299.4910,0.000096
TAP_TAPCELL_ROW_106_1836,VGND,li1,198.9500,299.4910,0.000073
TAP_TAPCELL_ROW_106_1835,VGND,li1,173.1900,299.4910,0.000060
TAP_TAPCELL_ROW_106_1834,VGND,li1,147.4300,299.4910,0.000113
TAP_TAPCELL_ROW_106_1833,VGND,li1,121.6700,299.4910,0.000143
TAP_TAPCELL_ROW_106_1832,VGND,li1,95.9100,299.4910,0.000139
TAP_TAPCELL_ROW_106_1831,VGND,li1,70.1500,299.4910,0.000111
TAP_TAPCELL_ROW_106_1830,VGND,li1,44.3900,299.4910,0.000067
TAP_TAPCELL_ROW_106_1829,VGND,li1,18.6300,299.4910,0.000024
TAP_TAPCELL_ROW_105_1828,VGND,li1,366.3900,298.9080,0.000015
TAP_TAPCELL_ROW_105_1827,VGND,li1,340.6300,298.9080,0.000015
TAP_TAPCELL_ROW_105_1826,VGND,li1,314.8700,298.9080,0.000038
TAP_TAPCELL_ROW_105_1825,VGND,li1,289.1100,298.9080,0.000072
TAP_TAPCELL_ROW_105_1824,VGND,li1,263.3500,298.9080,0.000093
TAP_TAPCELL_ROW_105_1823,VGND,li1,237.5900,298.9080,0.000099
TAP_TAPCELL_ROW_105_1822,VGND,li1,211.8300,298.9080,0.000086
TAP_TAPCELL_ROW_105_1821,VGND,li1,186.0700,298.9080,0.000056
TAP_TAPCELL_ROW_105_1820,VGND,li1,160.3100,298.9080,0.000091
TAP_TAPCELL_ROW_105_1819,VGND,li1,134.5500,298.9080,0.000130
TAP_TAPCELL_ROW_105_1818,VGND,li1,108.7900,298.9080,0.000142
TAP_TAPCELL_ROW_105_1817,VGND,li1,83.0300,298.9080,0.000125
TAP_TAPCELL_ROW_105_1816,VGND,li1,57.2700,298.9080,0.000092
TAP_TAPCELL_ROW_105_1815,VGND,li1,31.5100,298.9080,0.000034
TAP_TAPCELL_ROW_104_1814,VGND,li1,379.2700,294.0510,0.000011
TAP_TAPCELL_ROW_104_1813,VGND,li1,353.5100,294.0510,0.000011
TAP_TAPCELL_ROW_104_1812,VGND,li1,327.7500,294.0510,0.000016
TAP_TAPCELL_ROW_104_1811,VGND,li1,301.9900,294.0510,0.000043
TAP_TAPCELL_ROW_104_1810,VGND,li1,276.2300,294.0510,0.000064
TAP_TAPCELL_ROW_104_1809,VGND,li1,250.4700,294.0510,0.000077
TAP_TAPCELL_ROW_104_1808,VGND,li1,224.7100,294.0510,0.000076
TAP_TAPCELL_ROW_104_1807,VGND,li1,198.9500,294.0510,0.000062
TAP_TAPCELL_ROW_104_1806,VGND,li1,173.1900,294.0510,0.000042
TAP_TAPCELL_ROW_104_1805,VGND,li1,147.4300,294.0510,0.000080
TAP_TAPCELL_ROW_104_1804,VGND,li1,121.6700,294.0510,0.000098
TAP_TAPCELL_ROW_104_1803,VGND,li1,95.9100,294.0510,0.000100
TAP_TAPCELL_ROW_104_1802,VGND,li1,70.1500,294.0510,0.000087
TAP_TAPCELL_ROW_104_1801,VGND,li1,44.3900,294.0510,0.000052
TAP_TAPCELL_ROW_104_1800,VGND,li1,18.6300,294.0510,0.000019
TAP_TAPCELL_ROW_103_1799,VGND,li1,366.3900,293.4680,0.000011
TAP_TAPCELL_ROW_103_1798,VGND,li1,340.6300,293.4680,0.000011
TAP_TAPCELL_ROW_103_1797,VGND,li1,314.8700,293.4680,0.000030
TAP_TAPCELL_ROW_103_1796,VGND,li1,289.1100,293.4680,0.000053
TAP_TAPCELL_ROW_103_1795,VGND,li1,263.3500,293.4680,0.000072
TAP_TAPCELL_ROW_103_1794,VGND,li1,237.5900,293.4680,0.000078
TAP_TAPCELL_ROW_103_1793,VGND,li1,211.8300,293.4680,0.000071
TAP_TAPCELL_ROW_103_1792,VGND,li1,186.0700,293.4680,0.000047
TAP_TAPCELL_ROW_103_1791,VGND,li1,160.3100,293.4680,0.000062
TAP_TAPCELL_ROW_103_1790,VGND,li1,134.5500,293.4680,0.000090
TAP_TAPCELL_ROW_103_1789,VGND,li1,108.7900,293.4680,0.000101
TAP_TAPCELL_ROW_103_1788,VGND,li1,83.0300,293.4680,0.000097
TAP_TAPCELL_ROW_103_1787,VGND,li1,57.2700,293.4680,0.000073
TAP_TAPCELL_ROW_103_1786,VGND,li1,31.5100,293.4680,0.000027
TAP_TAPCELL_ROW_102_1785,VGND,li1,379.2700,288.6110,0.000045
TAP_TAPCELL_ROW_102_1784,VGND,li1,353.5100,288.6110,0.000044
TAP_TAPCELL_ROW_102_1783,VGND,li1,327.7500,288.6110,0.000052
TAP_TAPCELL_ROW_102_1782,VGND,li1,301.9900,288.6110,0.000128
TAP_TAPCELL_ROW_102_1781,VGND,li1,276.2300,288.6110,0.000185
TAP_TAPCELL_ROW_102_1780,VGND,li1,250.4700,288.6110,0.000234
TAP_TAPCELL_ROW_102_1779,VGND,li1,224.7100,288.6110,0.000245
TAP_TAPCELL_ROW_102_1778,VGND,li1,198.9500,288.6110,0.000193
TAP_TAPCELL_ROW_102_1777,VGND,li1,173.1900,288.6110,0.000234
TAP_TAPCELL_ROW_102_1776,VGND,li1,147.4300,288.6110,0.000529
TAP_TAPCELL_ROW_102_1775,VGND,li1,121.6700,288.6110,0.000463
TAP_TAPCELL_ROW_102_1774,VGND,li1,95.9100,288.6110,0.000352
TAP_TAPCELL_ROW_102_1773,VGND,li1,70.1500,288.6110,0.000245
TAP_TAPCELL_ROW_102_1772,VGND,li1,44.3900,288.6110,0.000131
TAP_TAPCELL_ROW_102_1771,VGND,li1,18.6300,288.6110,0.000046
TAP_TAPCELL_ROW_101_1770,VGND,li1,366.3900,288.0280,0.000044
TAP_TAPCELL_ROW_101_1769,VGND,li1,340.6300,288.0280,0.000043
TAP_TAPCELL_ROW_101_1768,VGND,li1,314.8700,288.0280,0.000090
TAP_TAPCELL_ROW_101_1767,VGND,li1,289.1100,288.0280,0.000157
TAP_TAPCELL_ROW_101_1766,VGND,li1,263.3500,288.0280,0.000211
TAP_TAPCELL_ROW_101_1765,VGND,li1,237.5900,288.0280,0.000253
TAP_TAPCELL_ROW_101_1764,VGND,li1,211.8300,288.0280,0.000220
TAP_TAPCELL_ROW_101_1763,VGND,li1,186.0700,288.0280,0.000166
TAP_TAPCELL_ROW_101_1762,VGND,li1,160.3100,288.0280,0.000396
TAP_TAPCELL_ROW_101_1761,VGND,li1,134.5500,288.0280,0.000515
TAP_TAPCELL_ROW_101_1760,VGND,li1,108.7900,288.0280,0.000412
TAP_TAPCELL_ROW_101_1759,VGND,li1,83.0300,288.0280,0.000299
TAP_TAPCELL_ROW_101_1758,VGND,li1,57.2700,288.0280,0.000188
TAP_TAPCELL_ROW_101_1757,VGND,li1,31.5100,288.0280,0.000071
TAP_TAPCELL_ROW_100_1756,VGND,li1,379.2700,283.1710,0.000184
TAP_TAPCELL_ROW_100_1755,VGND,li1,353.5100,283.1710,0.000166
TAP_TAPCELL_ROW_100_1754,VGND,li1,327.7500,283.1710,0.000219
TAP_TAPCELL_ROW_100_1753,VGND,li1,301.9900,283.1710,0.000576
TAP_TAPCELL_ROW_100_1752,VGND,li1,276.2300,283.1710,0.000903
TAP_TAPCELL_ROW_100_1751,VGND,li1,250.4700,283.1710,0.001225
TAP_TAPCELL_ROW_100_1750,VGND,li1,224.7100,283.1710,0.001385
TAP_TAPCELL_ROW_100_1749,VGND,li1,198.9500,283.1710,0.001023
TAP_TAPCELL_ROW_100_1748,VGND,li1,173.1900,283.1710,0.000956
TAP_TAPCELL_ROW_100_1747,VGND,li1,147.4300,283.1710,0.002287
TAP_TAPCELL_ROW_100_1746,VGND,li1,121.6700,283.1710,0.002640
TAP_TAPCELL_ROW_100_1745,VGND,li1,95.9100,283.1710,0.002498
TAP_TAPCELL_ROW_100_1744,VGND,li1,70.1500,283.1710,0.002061
TAP_TAPCELL_ROW_100_1743,VGND,li1,44.3900,283.1710,0.001106
TAP_TAPCELL_ROW_100_1742,VGND,li1,18.6300,283.1710,0.000379
TAP_TAPCELL_ROW_99_1741,VGND,li1,366.3900,282.5880,0.000176
TAP_TAPCELL_ROW_99_1740,VGND,li1,340.6300,282.5880,0.000157
TAP_TAPCELL_ROW_99_1739,VGND,li1,314.8700,282.5880,0.000388
TAP_TAPCELL_ROW_99_1738,VGND,li1,289.1100,282.5880,0.000730
TAP_TAPCELL_ROW_99_1737,VGND,li1,263.3500,282.5880,0.001059
TAP_TAPCELL_ROW_99_1736,VGND,li1,237.5900,282.5880,0.001368
TAP_TAPCELL_ROW_99_1735,VGND,li1,211.8300,282.5880,0.001219
TAP_TAPCELL_ROW_99_1734,VGND,li1,186.0700,282.5880,0.000822
TAP_TAPCELL_ROW_99_1733,VGND,li1,160.3100,282.5880,0.001631
TAP_TAPCELL_ROW_99_1732,VGND,li1,134.5500,282.5880,0.002582
TAP_TAPCELL_ROW_99_1731,VGND,li1,108.7900,282.5880,0.002570
TAP_TAPCELL_ROW_99_1730,VGND,li1,83.0300,282.5880,0.002376
TAP_TAPCELL_ROW_99_1729,VGND,li1,57.2700,282.5880,0.001593
TAP_TAPCELL_ROW_99_1728,VGND,li1,31.5100,282.5880,0.000593
TAP_TAPCELL_ROW_98_1727,VGND,li1,379.2700,277.7310,0.003162
TAP_TAPCELL_ROW_98_1726,VGND,li1,353.5100,277.7310,0.002928
TAP_TAPCELL_ROW_98_1725,VGND,li1,327.7500,277.7310,0.001401
TAP_TAPCELL_ROW_98_1724,VGND,li1,301.9900,277.7310,0.002389
TAP_TAPCELL_ROW_98_1723,VGND,li1,276.2300,277.7310,0.003401
TAP_TAPCELL_ROW_98_1722,VGND,li1,250.4700,277.7310,0.004449
TAP_TAPCELL_ROW_98_1721,VGND,li1,224.7100,277.7310,0.004391
TAP_TAPCELL_ROW_98_1720,VGND,li1,198.9500,277.7310,0.002825
TAP_TAPCELL_ROW_98_1719,VGND,li1,173.1900,277.7310,0.001462
TAP_TAPCELL_ROW_98_1718,VGND,li1,147.4300,277.7310,0.002209
TAP_TAPCELL_ROW_98_1717,VGND,li1,121.6700,277.7310,0.002187
TAP_TAPCELL_ROW_98_1716,VGND,li1,95.9100,277.7310,0.001742
TAP_TAPCELL_ROW_98_1715,VGND,li1,70.1500,277.7310,0.001273
TAP_TAPCELL_ROW_98_1714,VGND,li1,44.3900,277.7310,0.000747
TAP_TAPCELL_ROW_98_1713,VGND,li1,18.6300,277.7310,0.000243
TAP_TAPCELL_ROW_97_1712,VGND,li1,366.3900,277.1480,0.003143
TAP_TAPCELL_ROW_97_1711,VGND,li1,340.6300,277.1480,0.001978
TAP_TAPCELL_ROW_97_1710,VGND,li1,314.8700,277.1480,0.001879
TAP_TAPCELL_ROW_97_1709,VGND,li1,289.1100,277.1480,0.002941
TAP_TAPCELL_ROW_97_1708,VGND,li1,263.3500,277.1480,0.003931
TAP_TAPCELL_ROW_97_1707,VGND,li1,237.5900,277.1480,0.004776
TAP_TAPCELL_ROW_97_1706,VGND,li1,211.8300,277.1480,0.003591
TAP_TAPCELL_ROW_97_1705,VGND,li1,186.0700,277.1480,0.001803
TAP_TAPCELL_ROW_97_1704,VGND,li1,160.3100,277.1480,0.001876
TAP_TAPCELL_ROW_97_1703,VGND,li1,134.5500,277.1480,0.002247
TAP_TAPCELL_ROW_97_1702,VGND,li1,108.7900,277.1480,0.001948
TAP_TAPCELL_ROW_97_1701,VGND,li1,83.0300,277.1480,0.001530
TAP_TAPCELL_ROW_97_1700,VGND,li1,57.2700,277.1480,0.001051
TAP_TAPCELL_ROW_97_1699,VGND,li1,31.5100,277.1480,0.000414
TAP_TAPCELL_ROW_96_1698,VGND,li1,379.2700,272.2910,0.003613
TAP_TAPCELL_ROW_96_1697,VGND,li1,353.5100,272.2910,0.003194
TAP_TAPCELL_ROW_96_1696,VGND,li1,327.7500,272.2910,0.001569
TAP_TAPCELL_ROW_96_1695,VGND,li1,301.9900,272.2910,0.002462
TAP_TAPCELL_ROW_96_1694,VGND,li1,276.2300,272.2910,0.002939
TAP_TAPCELL_ROW_96_1693,VGND,li1,250.4700,272.2910,0.002955
TAP_TAPCELL_ROW_96_1692,VGND,li1,224.7100,272.2910,0.002549
TAP_TAPCELL_ROW_96_1691,VGND,li1,198.9500,272.2910,0.001677
TAP_TAPCELL_ROW_96_1690,VGND,li1,173.1900,272.2910,0.000890
TAP_TAPCELL_ROW_96_1689,VGND,li1,147.4300,272.2910,0.001317
TAP_TAPCELL_ROW_96_1688,VGND,li1,121.6700,272.2910,0.001394
TAP_TAPCELL_ROW_96_1687,VGND,li1,95.9100,272.2910,0.001175
TAP_TAPCELL_ROW_96_1686,VGND,li1,70.1500,272.2910,0.000849
TAP_TAPCELL_ROW_96_1685,VGND,li1,44.3900,272.2910,0.000483
TAP_TAPCELL_ROW_96_1684,VGND,li1,18.6300,272.2910,0.000165
TAP_TAPCELL_ROW_95_1683,VGND,li1,366.3900,271.7080,0.003548
TAP_TAPCELL_ROW_95_1682,VGND,li1,340.6300,271.7080,0.002316
TAP_TAPCELL_ROW_95_1681,VGND,li1,314.8700,271.7080,0.002042
TAP_TAPCELL_ROW_95_1680,VGND,li1,289.1100,271.7080,0.002843
TAP_TAPCELL_ROW_95_1679,VGND,li1,263.3500,271.7080,0.002948
TAP_TAPCELL_ROW_95_1678,VGND,li1,237.5900,271.7080,0.002827
TAP_TAPCELL_ROW_95_1677,VGND,li1,211.8300,271.7080,0.002125
TAP_TAPCELL_ROW_95_1676,VGND,li1,186.0700,271.7080,0.001144
TAP_TAPCELL_ROW_95_1675,VGND,li1,160.3100,271.7080,0.001115
TAP_TAPCELL_ROW_95_1674,VGND,li1,134.5500,271.7080,0.001448
TAP_TAPCELL_ROW_95_1673,VGND,li1,108.7900,271.7080,0.001288
TAP_TAPCELL_ROW_95_1672,VGND,li1,83.0300,271.7080,0.001029
TAP_TAPCELL_ROW_95_1671,VGND,li1,57.2700,271.7080,0.000683
TAP_TAPCELL_ROW_95_1670,VGND,li1,31.5100,271.7080,0.000244
TAP_TAPCELL_ROW_94_1669,VGND,li1,379.2700,266.8510,0.001397
TAP_TAPCELL_ROW_94_1668,VGND,li1,353.5100,266.8510,0.001293
TAP_TAPCELL_ROW_94_1667,VGND,li1,327.7500,266.8510,0.000759
TAP_TAPCELL_ROW_94_1666,VGND,li1,301.9900,266.8510,0.001220
TAP_TAPCELL_ROW_94_1665,VGND,li1,276.2300,266.8510,0.001545
TAP_TAPCELL_ROW_94_1664,VGND,li1,250.4700,266.8510,0.001755
TAP_TAPCELL_ROW_94_1663,VGND,li1,224.7100,266.8510,0.001616
TAP_TAPCELL_ROW_94_1662,VGND,li1,198.9500,266.8510,0.001132
TAP_TAPCELL_ROW_94_1661,VGND,li1,173.1900,266.8510,0.000754
TAP_TAPCELL_ROW_94_1660,VGND,li1,147.4300,266.8510,0.001262
TAP_TAPCELL_ROW_94_1659,VGND,li1,121.6700,266.8510,0.001284
TAP_TAPCELL_ROW_94_1658,VGND,li1,95.9100,266.8510,0.001112
TAP_TAPCELL_ROW_94_1657,VGND,li1,70.1500,266.8510,0.000849
TAP_TAPCELL_ROW_94_1656,VGND,li1,44.3900,266.8510,0.000482
TAP_TAPCELL_ROW_94_1655,VGND,li1,18.6300,266.8510,0.000165
TAP_TAPCELL_ROW_93_1654,VGND,li1,366.3900,266.2680,0.001396
TAP_TAPCELL_ROW_93_1653,VGND,li1,340.6300,266.2680,0.000954
TAP_TAPCELL_ROW_93_1652,VGND,li1,314.8700,266.2680,0.001003
TAP_TAPCELL_ROW_93_1651,VGND,li1,289.1100,266.2680,0.001388
TAP_TAPCELL_ROW_93_1650,VGND,li1,263.3500,266.2680,0.001652
TAP_TAPCELL_ROW_93_1649,VGND,li1,237.5900,266.2680,0.001720
TAP_TAPCELL_ROW_93_1648,VGND,li1,211.8300,266.2680,0.001384
TAP_TAPCELL_ROW_93_1647,VGND,li1,186.0700,266.2680,0.000812
TAP_TAPCELL_ROW_93_1646,VGND,li1,160.3100,266.2680,0.001041
TAP_TAPCELL_ROW_93_1645,VGND,li1,134.5500,266.2680,0.001336
TAP_TAPCELL_ROW_93_1644,VGND,li1,108.7900,266.2680,0.001201
TAP_TAPCELL_ROW_93_1643,VGND,li1,83.0300,266.2680,0.001005
TAP_TAPCELL_ROW_93_1642,VGND,li1,57.2700,266.2680,0.000669
TAP_TAPCELL_ROW_93_1641,VGND,li1,31.5100,266.2680,0.000243
TAP_TAPCELL_ROW_92_1640,VGND,li1,379.2700,261.4110,0.000920
TAP_TAPCELL_ROW_92_1639,VGND,li1,353.5100,261.4110,0.000863
TAP_TAPCELL_ROW_92_1638,VGND,li1,327.7500,261.4110,0.000604
TAP_TAPCELL_ROW_92_1637,VGND,li1,301.9900,261.4110,0.001089
TAP_TAPCELL_ROW_92_1636,VGND,li1,276.2300,261.4110,0.001361
TAP_TAPCELL_ROW_92_1635,VGND,li1,250.4700,261.4110,0.001346
TAP_TAPCELL_ROW_92_1634,VGND,li1,224.7100,261.4110,0.001145
TAP_TAPCELL_ROW_92_1633,VGND,li1,198.9500,261.4110,0.000732
TAP_TAPCELL_ROW_92_1632,VGND,li1,173.1900,261.4110,0.000333
TAP_TAPCELL_ROW_92_1631,VGND,li1,147.4300,261.4110,0.000486
TAP_TAPCELL_ROW_92_1630,VGND,li1,121.6700,261.4110,0.000531
TAP_TAPCELL_ROW_92_1629,VGND,li1,95.9100,261.4110,0.000450
TAP_TAPCELL_ROW_92_1628,VGND,li1,70.1500,261.4110,0.000356
TAP_TAPCELL_ROW_92_1627,VGND,li1,44.3900,261.4110,0.000209
TAP_TAPCELL_ROW_92_1626,VGND,li1,18.6300,261.4110,0.000071
TAP_TAPCELL_ROW_91_1625,VGND,li1,366.3900,260.8280,0.000910
TAP_TAPCELL_ROW_91_1624,VGND,li1,340.6300,260.8280,0.000675
TAP_TAPCELL_ROW_91_1623,VGND,li1,314.8700,260.8280,0.000881
TAP_TAPCELL_ROW_91_1622,VGND,li1,289.1100,260.8280,0.001280
TAP_TAPCELL_ROW_91_1621,VGND,li1,263.3500,260.8280,0.001358
TAP_TAPCELL_ROW_91_1620,VGND,li1,237.5900,260.8280,0.001258
TAP_TAPCELL_ROW_91_1619,VGND,li1,211.8300,260.8280,0.000963
TAP_TAPCELL_ROW_91_1618,VGND,li1,186.0700,260.8280,0.000507
TAP_TAPCELL_ROW_91_1617,VGND,li1,160.3100,260.8280,0.000412
TAP_TAPCELL_ROW_91_1616,VGND,li1,134.5500,260.8280,0.000529
TAP_TAPCELL_ROW_91_1615,VGND,li1,108.7900,260.8280,0.000494
TAP_TAPCELL_ROW_91_1614,VGND,li1,83.0300,260.8280,0.000405
TAP_TAPCELL_ROW_91_1613,VGND,li1,57.2700,260.8280,0.000288
TAP_TAPCELL_ROW_91_1612,VGND,li1,31.5100,260.8280,0.000105
TAP_TAPCELL_ROW_90_1611,VGND,li1,379.2700,255.9710,0.000203
TAP_TAPCELL_ROW_90_1610,VGND,li1,353.5100,255.9710,0.000200
TAP_TAPCELL_ROW_90_1609,VGND,li1,327.7500,255.9710,0.000275
TAP_TAPCELL_ROW_90_1608,VGND,li1,301.9900,255.9710,0.000502
TAP_TAPCELL_ROW_90_1607,VGND,li1,276.2300,255.9710,0.000555
TAP_TAPCELL_ROW_90_1606,VGND,li1,250.4700,255.9710,0.000507
TAP_TAPCELL_ROW_90_1605,VGND,li1,224.7100,255.9710,0.000386
TAP_TAPCELL_ROW_90_1604,VGND,li1,198.9500,255.9710,0.000226
TAP_TAPCELL_ROW_90_1603,VGND,li1,173.1900,255.9710,0.000098
TAP_TAPCELL_ROW_90_1602,VGND,li1,147.4300,255.9710,0.000145
TAP_TAPCELL_ROW_90_1601,VGND,li1,121.6700,255.9710,0.000175
TAP_TAPCELL_ROW_90_1600,VGND,li1,95.9100,255.9710,0.000159
TAP_TAPCELL_ROW_90_1599,VGND,li1,70.1500,255.9710,0.000131
TAP_TAPCELL_ROW_90_1598,VGND,li1,44.3900,255.9710,0.000082
TAP_TAPCELL_ROW_90_1597,VGND,li1,18.6300,255.9710,0.000029
TAP_TAPCELL_ROW_89_1596,VGND,li1,366.3900,255.3880,0.000202
TAP_TAPCELL_ROW_89_1595,VGND,li1,340.6300,255.3880,0.000193
TAP_TAPCELL_ROW_89_1594,VGND,li1,314.8700,255.3880,0.000424
TAP_TAPCELL_ROW_89_1593,VGND,li1,289.1100,255.3880,0.000536
TAP_TAPCELL_ROW_89_1592,VGND,li1,263.3500,255.3880,0.000532
TAP_TAPCELL_ROW_89_1591,VGND,li1,237.5900,255.3880,0.000466
TAP_TAPCELL_ROW_89_1590,VGND,li1,211.8300,255.3880,0.000299
TAP_TAPCELL_ROW_89_1589,VGND,li1,186.0700,255.3880,0.000136
TAP_TAPCELL_ROW_89_1588,VGND,li1,160.3100,255.3880,0.000125
TAP_TAPCELL_ROW_89_1587,VGND,li1,134.5500,255.3880,0.000163
TAP_TAPCELL_ROW_89_1586,VGND,li1,108.7900,255.3880,0.000169
TAP_TAPCELL_ROW_89_1585,VGND,li1,83.0300,255.3880,0.000146
TAP_TAPCELL_ROW_89_1584,VGND,li1,57.2700,255.3880,0.000108
TAP_TAPCELL_ROW_89_1583,VGND,li1,31.5100,255.3880,0.000045
TAP_TAPCELL_ROW_88_1582,VGND,li1,379.2700,250.5310,0.000511
TAP_TAPCELL_ROW_88_1581,VGND,li1,353.5100,250.5310,0.000442
TAP_TAPCELL_ROW_88_1580,VGND,li1,327.7500,250.5310,0.000160
TAP_TAPCELL_ROW_88_1579,VGND,li1,301.9900,250.5310,0.000172
TAP_TAPCELL_ROW_88_1578,VGND,li1,276.2300,250.5310,0.000172
TAP_TAPCELL_ROW_88_1577,VGND,li1,250.4700,250.5310,0.000156
TAP_TAPCELL_ROW_88_1576,VGND,li1,224.7100,250.5310,0.000130
TAP_TAPCELL_ROW_88_1575,VGND,li1,198.9500,250.5310,0.000088
TAP_TAPCELL_ROW_88_1574,VGND,li1,173.1900,250.5310,0.000064
TAP_TAPCELL_ROW_88_1573,VGND,li1,147.4300,250.5310,0.000117
TAP_TAPCELL_ROW_88_1572,VGND,li1,121.6700,250.5310,0.000160
TAP_TAPCELL_ROW_88_1571,VGND,li1,95.9100,250.5310,0.000164
TAP_TAPCELL_ROW_88_1570,VGND,li1,70.1500,250.5310,0.000140
TAP_TAPCELL_ROW_88_1569,VGND,li1,44.3900,250.5310,0.000089
TAP_TAPCELL_ROW_88_1568,VGND,li1,18.6300,250.5310,0.000031
TAP_TAPCELL_ROW_87_1567,VGND,li1,366.3900,249.9480,0.000510
TAP_TAPCELL_ROW_87_1566,VGND,li1,340.6300,249.9480,0.000261
TAP_TAPCELL_ROW_87_1565,VGND,li1,314.8700,249.9480,0.000169
TAP_TAPCELL_ROW_87_1564,VGND,li1,289.1100,249.9480,0.000174
TAP_TAPCELL_ROW_87_1563,VGND,li1,263.3500,249.9480,0.000167
TAP_TAPCELL_ROW_87_1562,VGND,li1,237.5900,249.9480,0.000145
TAP_TAPCELL_ROW_87_1561,VGND,li1,211.8300,249.9480,0.000110
TAP_TAPCELL_ROW_87_1560,VGND,li1,186.0700,249.9480,0.000063
TAP_TAPCELL_ROW_87_1559,VGND,li1,160.3100,249.9480,0.000093
TAP_TAPCELL_ROW_87_1558,VGND,li1,134.5500,249.9480,0.000142
TAP_TAPCELL_ROW_87_1557,VGND,li1,108.7900,249.9480,0.000169
TAP_TAPCELL_ROW_87_1556,VGND,li1,83.0300,249.9480,0.000153
TAP_TAPCELL_ROW_87_1555,VGND,li1,57.2700,249.9480,0.000119
TAP_TAPCELL_ROW_87_1554,VGND,li1,31.5100,249.9480,0.000049
TAP_TAPCELL_ROW_86_1553,VGND,li1,379.2700,245.0910,0.000448
TAP_TAPCELL_ROW_86_1552,VGND,li1,353.5100,245.0910,0.000357
TAP_TAPCELL_ROW_86_1551,VGND,li1,327.7500,245.0910,0.000182
TAP_TAPCELL_ROW_86_1550,VGND,li1,301.9900,245.0910,0.000229
TAP_TAPCELL_ROW_86_1549,VGND,li1,276.2300,245.0910,0.000267
TAP_TAPCELL_ROW_86_1548,VGND,li1,250.4700,245.0910,0.000291
TAP_TAPCELL_ROW_86_1547,VGND,li1,224.7100,245.0910,0.000310
TAP_TAPCELL_ROW_86_1546,VGND,li1,198.9500,245.0910,0.000228
TAP_TAPCELL_ROW_86_1545,VGND,li1,173.1900,245.0910,0.000161
TAP_TAPCELL_ROW_86_1544,VGND,li1,147.4300,245.0910,0.000315
TAP_TAPCELL_ROW_86_1543,VGND,li1,121.6700,245.0910,0.000343
TAP_TAPCELL_ROW_86_1542,VGND,li1,95.9100,245.0910,0.000324
TAP_TAPCELL_ROW_86_1541,VGND,li1,70.1500,245.0910,0.000241
TAP_TAPCELL_ROW_86_1540,VGND,li1,44.3900,245.0910,0.000135
TAP_TAPCELL_ROW_86_1539,VGND,li1,18.6300,245.0910,0.000048
TAP_TAPCELL_ROW_85_1538,VGND,li1,366.3900,244.5080,0.000417
TAP_TAPCELL_ROW_85_1537,VGND,li1,340.6300,244.5080,0.000245
TAP_TAPCELL_ROW_85_1536,VGND,li1,314.8700,244.5080,0.000207
TAP_TAPCELL_ROW_85_1535,VGND,li1,289.1100,244.5080,0.000250
TAP_TAPCELL_ROW_85_1534,VGND,li1,263.3500,244.5080,0.000281
TAP_TAPCELL_ROW_85_1533,VGND,li1,237.5900,244.5080,0.000301
TAP_TAPCELL_ROW_85_1532,VGND,li1,211.8300,244.5080,0.000284
TAP_TAPCELL_ROW_85_1531,VGND,li1,186.0700,244.5080,0.000158
TAP_TAPCELL_ROW_85_1530,VGND,li1,160.3100,244.5080,0.000257
TAP_TAPCELL_ROW_85_1529,VGND,li1,134.5500,244.5080,0.000334
TAP_TAPCELL_ROW_85_1528,VGND,li1,108.7900,244.5080,0.000344
TAP_TAPCELL_ROW_85_1527,VGND,li1,83.0300,244.5080,0.000289
TAP_TAPCELL_ROW_85_1526,VGND,li1,57.2700,244.5080,0.000189
TAP_TAPCELL_ROW_85_1525,VGND,li1,31.5100,244.5080,0.000070
TAP_TAPCELL_ROW_84_1524,VGND,li1,379.2700,239.6510,0.000267
TAP_TAPCELL_ROW_84_1523,VGND,li1,353.5100,239.6510,0.000227
TAP_TAPCELL_ROW_84_1522,VGND,li1,327.7500,239.6510,0.000139
TAP_TAPCELL_ROW_84_1521,VGND,li1,301.9900,239.6510,0.000248
TAP_TAPCELL_ROW_84_1520,VGND,li1,276.2300,239.6510,0.000333
TAP_TAPCELL_ROW_84_1519,VGND,li1,250.4700,239.6510,0.000343
TAP_TAPCELL_ROW_84_1518,VGND,li1,224.7100,239.6510,0.000316
TAP_TAPCELL_ROW_84_1517,VGND,li1,198.9500,239.6510,0.000246
TAP_TAPCELL_ROW_84_1516,VGND,li1,173.1900,239.6510,0.000186
TAP_TAPCELL_ROW_84_1515,VGND,li1,147.4300,239.6510,0.000320
TAP_TAPCELL_ROW_84_1514,VGND,li1,121.6700,239.6510,0.000354
TAP_TAPCELL_ROW_84_1513,VGND,li1,95.9100,239.6510,0.000320
TAP_TAPCELL_ROW_84_1512,VGND,li1,70.1500,239.6510,0.000233
TAP_TAPCELL_ROW_84_1511,VGND,li1,44.3900,239.6510,0.000136
TAP_TAPCELL_ROW_84_1510,VGND,li1,18.6300,239.6510,0.000048
TAP_TAPCELL_ROW_83_1509,VGND,li1,366.3900,239.0680,0.000255
TAP_TAPCELL_ROW_83_1508,VGND,li1,340.6300,239.0680,0.000168
TAP_TAPCELL_ROW_83_1507,VGND,li1,314.8700,239.0680,0.000192
TAP_TAPCELL_ROW_83_1506,VGND,li1,289.1100,239.0680,0.000292
TAP_TAPCELL_ROW_83_1505,VGND,li1,263.3500,239.0680,0.000343
TAP_TAPCELL_ROW_83_1504,VGND,li1,237.5900,239.0680,0.000336
TAP_TAPCELL_ROW_83_1503,VGND,li1,211.8300,239.0680,0.000283
TAP_TAPCELL_ROW_83_1502,VGND,li1,186.0700,239.0680,0.000196
TAP_TAPCELL_ROW_83_1501,VGND,li1,160.3100,239.0680,0.000259
TAP_TAPCELL_ROW_83_1500,VGND,li1,134.5500,239.0680,0.000339
TAP_TAPCELL_ROW_83_1499,VGND,li1,108.7900,239.0680,0.000342
TAP_TAPCELL_ROW_83_1498,VGND,li1,83.0300,239.0680,0.000278
TAP_TAPCELL_ROW_83_1497,VGND,li1,57.2700,239.0680,0.000185
TAP_TAPCELL_ROW_83_1496,VGND,li1,31.5100,239.0680,0.000071
TAP_TAPCELL_ROW_82_1495,VGND,li1,379.2700,234.2110,0.000340
TAP_TAPCELL_ROW_82_1494,VGND,li1,353.5100,234.2110,0.000250
TAP_TAPCELL_ROW_82_1493,VGND,li1,327.7500,234.2110,0.000178
TAP_TAPCELL_ROW_82_1492,VGND,li1,301.9900,234.2110,0.000252
TAP_TAPCELL_ROW_82_1491,VGND,li1,276.2300,234.2110,0.000301
TAP_TAPCELL_ROW_82_1490,VGND,li1,250.4700,234.2110,0.000323
TAP_TAPCELL_ROW_82_1489,VGND,li1,224.7100,234.2110,0.000292
TAP_TAPCELL_ROW_82_1488,VGND,li1,198.9500,234.2110,0.000188
TAP_TAPCELL_ROW_82_1487,VGND,li1,173.1900,234.2110,0.000089
TAP_TAPCELL_ROW_82_1486,VGND,li1,147.4300,234.2110,0.000130
TAP_TAPCELL_ROW_82_1485,VGND,li1,121.6700,234.2110,0.000159
TAP_TAPCELL_ROW_82_1484,VGND,li1,95.9100,234.2110,0.000162
TAP_TAPCELL_ROW_82_1483,VGND,li1,70.1500,234.2110,0.000124
TAP_TAPCELL_ROW_82_1482,VGND,li1,44.3900,234.2110,0.000079
TAP_TAPCELL_ROW_82_1481,VGND,li1,18.6300,234.2110,0.000028
TAP_TAPCELL_ROW_81_1480,VGND,li1,366.3900,233.6280,0.000308
TAP_TAPCELL_ROW_81_1479,VGND,li1,340.6300,233.6280,0.000188
TAP_TAPCELL_ROW_81_1478,VGND,li1,314.8700,233.6280,0.000219
TAP_TAPCELL_ROW_81_1477,VGND,li1,289.1100,233.6280,0.000279
TAP_TAPCELL_ROW_81_1476,VGND,li1,263.3500,233.6280,0.000314
TAP_TAPCELL_ROW_81_1475,VGND,li1,237.5900,233.6280,0.000313
TAP_TAPCELL_ROW_81_1474,VGND,li1,211.8300,233.6280,0.000253
TAP_TAPCELL_ROW_81_1473,VGND,li1,186.0700,233.6280,0.000112
TAP_TAPCELL_ROW_81_1472,VGND,li1,160.3100,233.6280,0.000110
TAP_TAPCELL_ROW_81_1471,VGND,li1,134.5500,233.6280,0.000146
TAP_TAPCELL_ROW_81_1470,VGND,li1,108.7900,233.6280,0.000169
TAP_TAPCELL_ROW_81_1469,VGND,li1,83.0300,233.6280,0.000144
TAP_TAPCELL_ROW_81_1468,VGND,li1,57.2700,233.6280,0.000103
TAP_TAPCELL_ROW_81_1467,VGND,li1,31.5100,233.6280,0.000045
TAP_TAPCELL_ROW_80_1466,VGND,li1,379.2700,228.7710,0.000168
TAP_TAPCELL_ROW_80_1465,VGND,li1,353.5100,228.7710,0.000138
TAP_TAPCELL_ROW_80_1464,VGND,li1,327.7500,228.7710,0.000105
TAP_TAPCELL_ROW_80_1463,VGND,li1,301.9900,228.7710,0.000180
TAP_TAPCELL_ROW_80_1462,VGND,li1,276.2300,228.7710,0.000212
TAP_TAPCELL_ROW_80_1461,VGND,li1,250.4700,228.7710,0.000202
TAP_TAPCELL_ROW_80_1460,VGND,li1,224.7100,228.7710,0.000175
TAP_TAPCELL_ROW_80_1459,VGND,li1,198.9500,228.7710,0.000119
TAP_TAPCELL_ROW_80_1458,VGND,li1,173.1900,228.7710,0.000072
TAP_TAPCELL_ROW_80_1457,VGND,li1,147.4300,228.7710,0.000118
TAP_TAPCELL_ROW_80_1456,VGND,li1,121.6700,228.7710,0.000161
TAP_TAPCELL_ROW_80_1455,VGND,li1,95.9100,228.7710,0.000164
TAP_TAPCELL_ROW_80_1454,VGND,li1,70.1500,228.7710,0.000127
TAP_TAPCELL_ROW_80_1453,VGND,li1,44.3900,228.7710,0.000076
TAP_TAPCELL_ROW_80_1452,VGND,li1,18.6300,228.7710,0.000028
TAP_TAPCELL_ROW_79_1451,VGND,li1,366.3900,228.1880,0.000156
TAP_TAPCELL_ROW_79_1450,VGND,li1,340.6300,228.1880,0.000110
TAP_TAPCELL_ROW_79_1449,VGND,li1,314.8700,228.1880,0.000152
TAP_TAPCELL_ROW_79_1448,VGND,li1,289.1100,228.1880,0.000198
TAP_TAPCELL_ROW_79_1447,VGND,li1,263.3500,228.1880,0.000212
TAP_TAPCELL_ROW_79_1446,VGND,li1,237.5900,228.1880,0.000190
TAP_TAPCELL_ROW_79_1445,VGND,li1,211.8300,228.1880,0.000153
TAP_TAPCELL_ROW_79_1444,VGND,li1,186.0700,228.1880,0.000080
TAP_TAPCELL_ROW_79_1443,VGND,li1,160.3100,228.1880,0.000096
TAP_TAPCELL_ROW_79_1442,VGND,li1,134.5500,228.1880,0.000142
TAP_TAPCELL_ROW_79_1441,VGND,li1,108.7900,228.1880,0.000172
TAP_TAPCELL_ROW_79_1440,VGND,li1,83.0300,228.1880,0.000147
TAP_TAPCELL_ROW_79_1439,VGND,li1,57.2700,228.1880,0.000105
TAP_TAPCELL_ROW_79_1438,VGND,li1,31.5100,228.1880,0.000045
TAP_TAPCELL_ROW_78_1437,VGND,li1,379.2700,223.3310,0.000218
TAP_TAPCELL_ROW_78_1436,VGND,li1,353.5100,223.3310,0.000161
TAP_TAPCELL_ROW_78_1435,VGND,li1,327.7500,223.3310,0.000103
TAP_TAPCELL_ROW_78_1434,VGND,li1,301.9900,223.3310,0.000191
TAP_TAPCELL_ROW_78_1433,VGND,li1,276.2300,223.3310,0.000244
TAP_TAPCELL_ROW_78_1432,VGND,li1,250.4700,223.3310,0.000277
TAP_TAPCELL_ROW_78_1431,VGND,li1,224.7100,223.3310,0.000273
TAP_TAPCELL_ROW_78_1430,VGND,li1,198.9500,223.3310,0.000190
TAP_TAPCELL_ROW_78_1429,VGND,li1,173.1900,223.3310,0.000123
TAP_TAPCELL_ROW_78_1428,VGND,li1,147.4300,223.3310,0.000219
TAP_TAPCELL_ROW_78_1427,VGND,li1,121.6700,223.3310,0.000254
TAP_TAPCELL_ROW_78_1426,VGND,li1,95.9100,223.3310,0.000238
TAP_TAPCELL_ROW_78_1425,VGND,li1,70.1500,223.3310,0.000190
TAP_TAPCELL_ROW_78_1424,VGND,li1,44.3900,223.3310,0.000108
TAP_TAPCELL_ROW_78_1423,VGND,li1,18.6300,223.3310,0.000039
TAP_TAPCELL_ROW_77_1422,VGND,li1,366.3900,222.7480,0.000196
TAP_TAPCELL_ROW_77_1421,VGND,li1,340.6300,222.7480,0.000117
TAP_TAPCELL_ROW_77_1420,VGND,li1,314.8700,222.7480,0.000150
TAP_TAPCELL_ROW_77_1419,VGND,li1,289.1100,222.7480,0.000220
TAP_TAPCELL_ROW_77_1418,VGND,li1,263.3500,222.7480,0.000262
TAP_TAPCELL_ROW_77_1417,VGND,li1,237.5900,222.7480,0.000286
TAP_TAPCELL_ROW_77_1416,VGND,li1,211.8300,222.7480,0.000248
TAP_TAPCELL_ROW_77_1415,VGND,li1,186.0700,222.7480,0.000135
TAP_TAPCELL_ROW_77_1414,VGND,li1,160.3100,222.7480,0.000174
TAP_TAPCELL_ROW_77_1413,VGND,li1,134.5500,222.7480,0.000239
TAP_TAPCELL_ROW_77_1412,VGND,li1,108.7900,222.7480,0.000251
TAP_TAPCELL_ROW_77_1411,VGND,li1,83.0300,222.7480,0.000216
TAP_TAPCELL_ROW_77_1410,VGND,li1,57.2700,222.7480,0.000146
TAP_TAPCELL_ROW_77_1409,VGND,li1,31.5100,222.7480,0.000063
TAP_TAPCELL_ROW_76_1408,VGND,li1,379.2700,217.8910,0.000104
TAP_TAPCELL_ROW_76_1407,VGND,li1,353.5100,217.8910,0.000081
TAP_TAPCELL_ROW_76_1406,VGND,li1,327.7500,217.8910,0.000052
TAP_TAPCELL_ROW_76_1405,VGND,li1,301.9900,217.8910,0.000103
TAP_TAPCELL_ROW_76_1404,VGND,li1,276.2300,217.8910,0.000137
TAP_TAPCELL_ROW_76_1403,VGND,li1,250.4700,217.8910,0.000144
TAP_TAPCELL_ROW_76_1402,VGND,li1,224.7100,217.8910,0.000129
TAP_TAPCELL_ROW_76_1401,VGND,li1,198.9500,217.8910,0.000095
TAP_TAPCELL_ROW_76_1400,VGND,li1,173.1900,217.8910,0.000068
TAP_TAPCELL_ROW_76_1399,VGND,li1,147.4300,217.8910,0.000105
TAP_TAPCELL_ROW_76_1398,VGND,li1,121.6700,217.8910,0.000123
TAP_TAPCELL_ROW_76_1397,VGND,li1,95.9100,217.8910,0.000123
TAP_TAPCELL_ROW_76_1396,VGND,li1,70.1500,217.8910,0.000107
TAP_TAPCELL_ROW_76_1395,VGND,li1,44.3900,217.8910,0.000067
TAP_TAPCELL_ROW_76_1394,VGND,li1,18.6300,217.8910,0.000026
TAP_TAPCELL_ROW_75_1393,VGND,li1,366.3900,217.3080,0.000096
TAP_TAPCELL_ROW_75_1392,VGND,li1,340.6300,217.3080,0.000062
TAP_TAPCELL_ROW_75_1391,VGND,li1,314.8700,217.3080,0.000081
TAP_TAPCELL_ROW_75_1390,VGND,li1,289.1100,217.3080,0.000123
TAP_TAPCELL_ROW_75_1389,VGND,li1,263.3500,217.3080,0.000142
TAP_TAPCELL_ROW_75_1388,VGND,li1,237.5900,217.3080,0.000142
TAP_TAPCELL_ROW_75_1387,VGND,li1,211.8300,217.3080,0.000111
TAP_TAPCELL_ROW_75_1386,VGND,li1,186.0700,217.3080,0.000074
TAP_TAPCELL_ROW_75_1385,VGND,li1,160.3100,217.3080,0.000088
TAP_TAPCELL_ROW_75_1384,VGND,li1,134.5500,217.3080,0.000117
TAP_TAPCELL_ROW_75_1383,VGND,li1,108.7900,217.3080,0.000126
TAP_TAPCELL_ROW_75_1382,VGND,li1,83.0300,217.3080,0.000118
TAP_TAPCELL_ROW_75_1381,VGND,li1,57.2700,217.3080,0.000091
TAP_TAPCELL_ROW_75_1380,VGND,li1,31.5100,217.3080,0.000039
TAP_TAPCELL_ROW_74_1379,VGND,li1,379.2700,212.4510,0.000087
TAP_TAPCELL_ROW_74_1378,VGND,li1,353.5100,212.4510,0.000066
TAP_TAPCELL_ROW_74_1377,VGND,li1,327.7500,212.4510,0.000045
TAP_TAPCELL_ROW_74_1376,VGND,li1,301.9900,212.4510,0.000081
TAP_TAPCELL_ROW_74_1375,VGND,li1,276.2300,212.4510,0.000105
TAP_TAPCELL_ROW_74_1374,VGND,li1,250.4700,212.4510,0.000114
TAP_TAPCELL_ROW_74_1373,VGND,li1,224.7100,212.4510,0.000111
TAP_TAPCELL_ROW_74_1372,VGND,li1,198.9500,212.4510,0.000079
TAP_TAPCELL_ROW_74_1371,VGND,li1,173.1900,212.4510,0.000053
TAP_TAPCELL_ROW_74_1370,VGND,li1,147.4300,212.4510,0.000094
TAP_TAPCELL_ROW_74_1369,VGND,li1,121.6700,212.4510,0.000114
TAP_TAPCELL_ROW_74_1368,VGND,li1,95.9100,212.4510,0.000112
TAP_TAPCELL_ROW_74_1367,VGND,li1,70.1500,212.4510,0.000089
TAP_TAPCELL_ROW_74_1366,VGND,li1,44.3900,212.4510,0.000051
TAP_TAPCELL_ROW_74_1365,VGND,li1,18.6300,212.4510,0.000019
TAP_TAPCELL_ROW_73_1364,VGND,li1,366.3900,211.8680,0.000078
TAP_TAPCELL_ROW_73_1363,VGND,li1,340.6300,211.8680,0.000050
TAP_TAPCELL_ROW_73_1362,VGND,li1,314.8700,211.8680,0.000065
TAP_TAPCELL_ROW_73_1361,VGND,li1,289.1100,211.8680,0.000094
TAP_TAPCELL_ROW_73_1360,VGND,li1,263.3500,211.8680,0.000112
TAP_TAPCELL_ROW_73_1359,VGND,li1,237.5900,211.8680,0.000114
TAP_TAPCELL_ROW_73_1358,VGND,li1,211.8300,211.8680,0.000097
TAP_TAPCELL_ROW_73_1357,VGND,li1,186.0700,211.8680,0.000054
TAP_TAPCELL_ROW_73_1356,VGND,li1,160.3100,211.8680,0.000076
TAP_TAPCELL_ROW_73_1355,VGND,li1,134.5500,211.8680,0.000106
TAP_TAPCELL_ROW_73_1354,VGND,li1,108.7900,211.8680,0.000116
TAP_TAPCELL_ROW_73_1353,VGND,li1,83.0300,211.8680,0.000103
TAP_TAPCELL_ROW_73_1352,VGND,li1,57.2700,211.8680,0.000072
TAP_TAPCELL_ROW_73_1351,VGND,li1,31.5100,211.8680,0.000027
TAP_TAPCELL_ROW_72_1350,VGND,li1,379.2700,207.0110,0.000128
TAP_TAPCELL_ROW_72_1349,VGND,li1,353.5100,207.0110,0.000077
TAP_TAPCELL_ROW_72_1348,VGND,li1,327.7500,207.0110,0.000035
TAP_TAPCELL_ROW_72_1347,VGND,li1,301.9900,207.0110,0.000065
TAP_TAPCELL_ROW_72_1346,VGND,li1,276.2300,207.0110,0.000081
TAP_TAPCELL_ROW_72_1345,VGND,li1,250.4700,207.0110,0.000087
TAP_TAPCELL_ROW_72_1344,VGND,li1,224.7100,207.0110,0.000080
TAP_TAPCELL_ROW_72_1343,VGND,li1,198.9500,207.0110,0.000060
TAP_TAPCELL_ROW_72_1342,VGND,li1,173.1900,207.0110,0.000037
TAP_TAPCELL_ROW_72_1341,VGND,li1,147.4300,207.0110,0.000061
TAP_TAPCELL_ROW_72_1340,VGND,li1,121.6700,207.0110,0.000071
TAP_TAPCELL_ROW_72_1339,VGND,li1,95.9100,207.0110,0.000073
TAP_TAPCELL_ROW_72_1338,VGND,li1,70.1500,207.0110,0.000061
TAP_TAPCELL_ROW_72_1337,VGND,li1,44.3900,207.0110,0.000037
TAP_TAPCELL_ROW_72_1336,VGND,li1,18.6300,207.0110,0.000014
TAP_TAPCELL_ROW_71_1335,VGND,li1,366.3900,206.4280,0.000102
TAP_TAPCELL_ROW_71_1334,VGND,li1,340.6300,206.4280,0.000051
TAP_TAPCELL_ROW_71_1333,VGND,li1,314.8700,206.4280,0.000050
TAP_TAPCELL_ROW_71_1332,VGND,li1,289.1100,206.4280,0.000075
TAP_TAPCELL_ROW_71_1331,VGND,li1,263.3500,206.4280,0.000085
TAP_TAPCELL_ROW_71_1330,VGND,li1,237.5900,206.4280,0.000086
TAP_TAPCELL_ROW_71_1329,VGND,li1,211.8300,206.4280,0.000072
TAP_TAPCELL_ROW_71_1328,VGND,li1,186.0700,206.4280,0.000043
TAP_TAPCELL_ROW_71_1327,VGND,li1,160.3100,206.4280,0.000051
TAP_TAPCELL_ROW_71_1326,VGND,li1,134.5500,206.4280,0.000067
TAP_TAPCELL_ROW_71_1325,VGND,li1,108.7900,206.4280,0.000073
TAP_TAPCELL_ROW_71_1324,VGND,li1,83.0300,206.4280,0.000068
TAP_TAPCELL_ROW_71_1323,VGND,li1,57.2700,206.4280,0.000051
TAP_TAPCELL_ROW_71_1322,VGND,li1,31.5100,206.4280,0.000021
TAP_TAPCELL_ROW_70_1321,VGND,li1,379.2700,201.5710,0.000083
TAP_TAPCELL_ROW_70_1320,VGND,li1,353.5100,201.5710,0.000064
TAP_TAPCELL_ROW_70_1319,VGND,li1,327.7500,201.5710,0.000059
TAP_TAPCELL_ROW_70_1318,VGND,li1,301.9900,201.5710,0.000166
TAP_TAPCELL_ROW_70_1317,VGND,li1,276.2300,201.5710,0.000266
TAP_TAPCELL_ROW_70_1316,VGND,li1,250.4700,201.5710,0.000319
TAP_TAPCELL_ROW_70_1315,VGND,li1,224.7100,201.5710,0.000227
TAP_TAPCELL_ROW_70_1314,VGND,li1,198.9500,201.5710,0.000132
TAP_TAPCELL_ROW_70_1313,VGND,li1,173.1900,201.5710,0.000062
TAP_TAPCELL_ROW_70_1312,VGND,li1,147.4300,201.5710,0.000085
TAP_TAPCELL_ROW_70_1311,VGND,li1,121.6700,201.5710,0.000092
TAP_TAPCELL_ROW_70_1310,VGND,li1,95.9100,201.5710,0.000086
TAP_TAPCELL_ROW_70_1309,VGND,li1,70.1500,201.5710,0.000067
TAP_TAPCELL_ROW_70_1308,VGND,li1,44.3900,201.5710,0.000040
TAP_TAPCELL_ROW_70_1307,VGND,li1,18.6300,201.5710,0.000015
TAP_TAPCELL_ROW_69_1306,VGND,li1,366.3900,200.9880,0.000074
TAP_TAPCELL_ROW_69_1305,VGND,li1,340.6300,200.9880,0.000055
TAP_TAPCELL_ROW_69_1304,VGND,li1,314.8700,200.9880,0.000110
TAP_TAPCELL_ROW_69_1303,VGND,li1,289.1100,200.9880,0.000212
TAP_TAPCELL_ROW_69_1302,VGND,li1,263.3500,200.9880,0.000308
TAP_TAPCELL_ROW_69_1301,VGND,li1,237.5900,200.9880,0.000275
TAP_TAPCELL_ROW_69_1300,VGND,li1,211.8300,200.9880,0.000183
TAP_TAPCELL_ROW_69_1299,VGND,li1,186.0700,200.9880,0.000084
TAP_TAPCELL_ROW_69_1298,VGND,li1,160.3100,200.9880,0.000077
TAP_TAPCELL_ROW_69_1297,VGND,li1,134.5500,200.9880,0.000091
TAP_TAPCELL_ROW_69_1296,VGND,li1,108.7900,200.9880,0.000091
TAP_TAPCELL_ROW_69_1295,VGND,li1,83.0300,200.9880,0.000078
TAP_TAPCELL_ROW_69_1294,VGND,li1,57.2700,200.9880,0.000054
TAP_TAPCELL_ROW_69_1293,VGND,li1,31.5100,200.9880,0.000022
TAP_TAPCELL_ROW_68_1292,VGND,li1,379.2700,196.1310,0.000021
TAP_TAPCELL_ROW_68_1291,VGND,li1,353.5100,196.1310,0.000015
TAP_TAPCELL_ROW_68_1290,VGND,li1,327.7500,196.1310,0.000013
TAP_TAPCELL_ROW_68_1289,VGND,li1,301.9900,196.1310,0.000035
TAP_TAPCELL_ROW_68_1288,VGND,li1,276.2300,196.1310,0.000052
TAP_TAPCELL_ROW_68_1287,VGND,li1,250.4700,196.1310,0.000060
TAP_TAPCELL_ROW_68_1286,VGND,li1,224.7100,196.1310,0.000059
TAP_TAPCELL_ROW_68_1285,VGND,li1,198.9500,196.1310,0.000046
TAP_TAPCELL_ROW_68_1284,VGND,li1,173.1900,196.1310,0.000030
TAP_TAPCELL_ROW_68_1283,VGND,li1,147.4300,196.1310,0.000049
TAP_TAPCELL_ROW_68_1282,VGND,li1,121.6700,196.1310,0.000056
TAP_TAPCELL_ROW_68_1281,VGND,li1,95.9100,196.1310,0.000057
TAP_TAPCELL_ROW_68_1280,VGND,li1,70.1500,196.1310,0.000052
TAP_TAPCELL_ROW_68_1279,VGND,li1,44.3900,196.1310,0.000034
TAP_TAPCELL_ROW_68_1278,VGND,li1,18.6300,196.1310,0.000014
TAP_TAPCELL_ROW_67_1277,VGND,li1,366.3900,195.5480,0.000018
TAP_TAPCELL_ROW_67_1276,VGND,li1,340.6300,195.5480,0.000013
TAP_TAPCELL_ROW_67_1275,VGND,li1,314.8700,195.5480,0.000024
TAP_TAPCELL_ROW_67_1274,VGND,li1,289.1100,195.5480,0.000045
TAP_TAPCELL_ROW_67_1273,VGND,li1,263.3500,195.5480,0.000057
TAP_TAPCELL_ROW_67_1272,VGND,li1,237.5900,195.5480,0.000060
TAP_TAPCELL_ROW_67_1271,VGND,li1,211.8300,195.5480,0.000053
TAP_TAPCELL_ROW_67_1270,VGND,li1,186.0700,195.5480,0.000031
TAP_TAPCELL_ROW_67_1269,VGND,li1,160.3100,195.5480,0.000041
TAP_TAPCELL_ROW_67_1268,VGND,li1,134.5500,195.5480,0.000053
TAP_TAPCELL_ROW_67_1267,VGND,li1,108.7900,195.5480,0.000058
TAP_TAPCELL_ROW_67_1266,VGND,li1,83.0300,195.5480,0.000056
TAP_TAPCELL_ROW_67_1265,VGND,li1,57.2700,195.5480,0.000045
TAP_TAPCELL_ROW_67_1264,VGND,li1,31.5100,195.5480,0.000020
TAP_TAPCELL_ROW_66_1263,VGND,li1,379.2700,190.6910,0.000076
TAP_TAPCELL_ROW_66_1262,VGND,li1,353.5100,190.6910,0.000054
TAP_TAPCELL_ROW_66_1261,VGND,li1,327.7500,190.6910,0.000029
TAP_TAPCELL_ROW_66_1260,VGND,li1,301.9900,190.6910,0.000060
TAP_TAPCELL_ROW_66_1259,VGND,li1,276.2300,190.6910,0.000078
TAP_TAPCELL_ROW_66_1258,VGND,li1,250.4700,190.6910,0.000082
TAP_TAPCELL_ROW_66_1257,VGND,li1,224.7100,190.6910,0.000077
TAP_TAPCELL_ROW_66_1256,VGND,li1,198.9500,190.6910,0.000057
TAP_TAPCELL_ROW_66_1255,VGND,li1,173.1900,190.6910,0.000045
TAP_TAPCELL_ROW_66_1254,VGND,li1,147.4300,190.6910,0.000081
TAP_TAPCELL_ROW_66_1253,VGND,li1,121.6700,190.6910,0.000098
TAP_TAPCELL_ROW_66_1252,VGND,li1,95.9100,190.6910,0.000097
TAP_TAPCELL_ROW_66_1251,VGND,li1,70.1500,190.6910,0.000081
TAP_TAPCELL_ROW_66_1250,VGND,li1,44.3900,190.6910,0.000050
TAP_TAPCELL_ROW_66_1249,VGND,li1,18.6300,190.6910,0.000019
TAP_TAPCELL_ROW_65_1248,VGND,li1,366.3900,190.1080,0.000068
TAP_TAPCELL_ROW_65_1247,VGND,li1,340.6300,190.1080,0.000038
TAP_TAPCELL_ROW_65_1246,VGND,li1,314.8700,190.1080,0.000045
TAP_TAPCELL_ROW_65_1245,VGND,li1,289.1100,190.1080,0.000070
TAP_TAPCELL_ROW_65_1244,VGND,li1,263.3500,190.1080,0.000082
TAP_TAPCELL_ROW_65_1243,VGND,li1,237.5900,190.1080,0.000081
TAP_TAPCELL_ROW_65_1242,VGND,li1,211.8300,190.1080,0.000068
TAP_TAPCELL_ROW_65_1241,VGND,li1,186.0700,190.1080,0.000044
TAP_TAPCELL_ROW_65_1240,VGND,li1,160.3100,190.1080,0.000065
TAP_TAPCELL_ROW_65_1239,VGND,li1,134.5500,190.1080,0.000091
TAP_TAPCELL_ROW_65_1238,VGND,li1,108.7900,190.1080,0.000099
TAP_TAPCELL_ROW_65_1237,VGND,li1,83.0300,190.1080,0.000091
TAP_TAPCELL_ROW_65_1236,VGND,li1,57.2700,190.1080,0.000067
TAP_TAPCELL_ROW_65_1235,VGND,li1,31.5100,190.1080,0.000029
TAP_TAPCELL_ROW_64_1234,VGND,li1,379.2700,185.2510,0.000097
TAP_TAPCELL_ROW_64_1233,VGND,li1,353.5100,185.2510,0.000074
TAP_TAPCELL_ROW_64_1232,VGND,li1,327.7500,185.2510,0.000046
TAP_TAPCELL_ROW_64_1231,VGND,li1,301.9900,185.2510,0.000076
TAP_TAPCELL_ROW_64_1230,VGND,li1,276.2300,185.2510,0.000097
TAP_TAPCELL_ROW_64_1229,VGND,li1,250.4700,185.2510,0.000107
TAP_TAPCELL_ROW_64_1228,VGND,li1,224.7100,185.2510,0.000108
TAP_TAPCELL_ROW_64_1227,VGND,li1,198.9500,185.2510,0.000086
TAP_TAPCELL_ROW_64_1226,VGND,li1,173.1900,185.2510,0.000061
TAP_TAPCELL_ROW_64_1225,VGND,li1,147.4300,185.2510,0.000100
TAP_TAPCELL_ROW_64_1224,VGND,li1,121.6700,185.2510,0.000114
TAP_TAPCELL_ROW_64_1223,VGND,li1,95.9100,185.2510,0.000104
TAP_TAPCELL_ROW_64_1222,VGND,li1,70.1500,185.2510,0.000082
TAP_TAPCELL_ROW_64_1221,VGND,li1,44.3900,185.2510,0.000052
TAP_TAPCELL_ROW_64_1220,VGND,li1,18.6300,185.2510,0.000020
TAP_TAPCELL_ROW_63_1219,VGND,li1,366.3900,184.6680,0.000090
TAP_TAPCELL_ROW_63_1218,VGND,li1,340.6300,184.6680,0.000053
TAP_TAPCELL_ROW_63_1217,VGND,li1,314.8700,184.6680,0.000063
TAP_TAPCELL_ROW_63_1216,VGND,li1,289.1100,184.6680,0.000088
TAP_TAPCELL_ROW_63_1215,VGND,li1,263.3500,184.6680,0.000103
TAP_TAPCELL_ROW_63_1214,VGND,li1,237.5900,184.6680,0.000111
TAP_TAPCELL_ROW_63_1213,VGND,li1,211.8300,184.6680,0.000101
TAP_TAPCELL_ROW_63_1212,VGND,li1,186.0700,184.6680,0.000066
TAP_TAPCELL_ROW_63_1211,VGND,li1,160.3100,184.6680,0.000085
TAP_TAPCELL_ROW_63_1210,VGND,li1,134.5500,184.6680,0.000108
TAP_TAPCELL_ROW_63_1209,VGND,li1,108.7900,184.6680,0.000111
TAP_TAPCELL_ROW_63_1208,VGND,li1,83.0300,184.6680,0.000095
TAP_TAPCELL_ROW_63_1207,VGND,li1,57.2700,184.6680,0.000068
TAP_TAPCELL_ROW_63_1206,VGND,li1,31.5100,184.6680,0.000027
TAP_TAPCELL_ROW_62_1205,VGND,li1,379.2700,179.8110,0.000062
TAP_TAPCELL_ROW_62_1204,VGND,li1,353.5100,179.8110,0.000055
TAP_TAPCELL_ROW_62_1203,VGND,li1,327.7500,179.8110,0.000039
TAP_TAPCELL_ROW_62_1202,VGND,li1,301.9900,179.8110,0.000078
TAP_TAPCELL_ROW_62_1201,VGND,li1,276.2300,179.8110,0.000104
TAP_TAPCELL_ROW_62_1200,VGND,li1,250.4700,179.8110,0.000117
TAP_TAPCELL_ROW_62_1199,VGND,li1,224.7100,179.8110,0.000122
TAP_TAPCELL_ROW_62_1198,VGND,li1,198.9500,179.8110,0.000087
TAP_TAPCELL_ROW_62_1197,VGND,li1,173.1900,179.8110,0.000067
TAP_TAPCELL_ROW_62_1196,VGND,li1,147.4300,179.8110,0.000120
TAP_TAPCELL_ROW_62_1195,VGND,li1,121.6700,179.8110,0.000146
TAP_TAPCELL_ROW_62_1194,VGND,li1,95.9100,179.8110,0.000161
TAP_TAPCELL_ROW_62_1193,VGND,li1,70.1500,179.8110,0.000127
TAP_TAPCELL_ROW_62_1192,VGND,li1,44.3900,179.8110,0.000075
TAP_TAPCELL_ROW_62_1191,VGND,li1,18.6300,179.8110,0.000028
TAP_TAPCELL_ROW_61_1190,VGND,li1,366.3900,179.2280,0.000061
TAP_TAPCELL_ROW_61_1189,VGND,li1,340.6300,179.2280,0.000042
TAP_TAPCELL_ROW_61_1188,VGND,li1,314.8700,179.2280,0.000061
TAP_TAPCELL_ROW_61_1187,VGND,li1,289.1100,179.2280,0.000093
TAP_TAPCELL_ROW_61_1186,VGND,li1,263.3500,179.2280,0.000111
TAP_TAPCELL_ROW_61_1185,VGND,li1,237.5900,179.2280,0.000121
TAP_TAPCELL_ROW_61_1184,VGND,li1,211.8300,179.2280,0.000109
TAP_TAPCELL_ROW_61_1183,VGND,li1,186.0700,179.2280,0.000065
TAP_TAPCELL_ROW_61_1182,VGND,li1,160.3100,179.2280,0.000099
TAP_TAPCELL_ROW_61_1181,VGND,li1,134.5500,179.2280,0.000134
TAP_TAPCELL_ROW_61_1180,VGND,li1,108.7900,179.2280,0.000156
TAP_TAPCELL_ROW_61_1179,VGND,li1,83.0300,179.2280,0.000146
TAP_TAPCELL_ROW_61_1178,VGND,li1,57.2700,179.2280,0.000105
TAP_TAPCELL_ROW_61_1177,VGND,li1,31.5100,179.2280,0.000042
TAP_TAPCELL_ROW_60_1176,VGND,li1,379.2700,174.3710,0.000135
TAP_TAPCELL_ROW_60_1175,VGND,li1,353.5100,174.3710,0.000110
TAP_TAPCELL_ROW_60_1174,VGND,li1,327.7500,174.3710,0.000085
TAP_TAPCELL_ROW_60_1173,VGND,li1,301.9900,174.3710,0.000172
TAP_TAPCELL_ROW_60_1172,VGND,li1,276.2300,174.3710,0.000236
TAP_TAPCELL_ROW_60_1171,VGND,li1,250.4700,174.3710,0.000293
TAP_TAPCELL_ROW_60_1170,VGND,li1,224.7100,174.3710,0.000320
TAP_TAPCELL_ROW_60_1169,VGND,li1,198.9500,174.3710,0.000256
TAP_TAPCELL_ROW_60_1168,VGND,li1,173.1900,174.3710,0.000165
TAP_TAPCELL_ROW_60_1167,VGND,li1,147.4300,174.3710,0.000280
TAP_TAPCELL_ROW_60_1166,VGND,li1,121.6700,174.3710,0.000331
TAP_TAPCELL_ROW_60_1165,VGND,li1,95.9100,174.3710,0.000307
TAP_TAPCELL_ROW_60_1164,VGND,li1,70.1500,174.3710,0.000228
TAP_TAPCELL_ROW_60_1163,VGND,li1,44.3900,174.3710,0.000126
TAP_TAPCELL_ROW_60_1162,VGND,li1,18.6300,174.3710,0.000045
TAP_TAPCELL_ROW_59_1161,VGND,li1,366.3900,173.7880,0.000129
TAP_TAPCELL_ROW_59_1160,VGND,li1,340.6300,173.7880,0.000085
TAP_TAPCELL_ROW_59_1159,VGND,li1,314.8700,173.7880,0.000129
TAP_TAPCELL_ROW_59_1158,VGND,li1,289.1100,173.7880,0.000204
TAP_TAPCELL_ROW_59_1157,VGND,li1,263.3500,173.7880,0.000266
TAP_TAPCELL_ROW_59_1156,VGND,li1,237.5900,173.7880,0.000316
TAP_TAPCELL_ROW_59_1155,VGND,li1,211.8300,173.7880,0.000293
TAP_TAPCELL_ROW_59_1154,VGND,li1,186.0700,173.7880,0.000195
TAP_TAPCELL_ROW_59_1153,VGND,li1,160.3100,173.7880,0.000227
TAP_TAPCELL_ROW_59_1152,VGND,li1,134.5500,173.7880,0.000310
TAP_TAPCELL_ROW_59_1151,VGND,li1,108.7900,173.7880,0.000330
TAP_TAPCELL_ROW_59_1150,VGND,li1,83.0300,173.7880,0.000272
TAP_TAPCELL_ROW_59_1149,VGND,li1,57.2700,173.7880,0.000182
TAP_TAPCELL_ROW_59_1148,VGND,li1,31.5100,173.7880,0.000069
TAP_TAPCELL_ROW_58_1147,VGND,li1,379.2700,168.9310,0.000191
TAP_TAPCELL_ROW_58_1146,VGND,li1,353.5100,168.9310,0.000149
TAP_TAPCELL_ROW_58_1145,VGND,li1,327.7500,168.9310,0.000114
TAP_TAPCELL_ROW_58_1144,VGND,li1,301.9900,168.9310,0.000227
TAP_TAPCELL_ROW_58_1143,VGND,li1,276.2300,168.9310,0.000314
TAP_TAPCELL_ROW_58_1142,VGND,li1,250.4700,168.9310,0.000335
TAP_TAPCELL_ROW_58_1141,VGND,li1,224.7100,168.9310,0.000346
TAP_TAPCELL_ROW_58_1140,VGND,li1,198.9500,168.9310,0.000255
TAP_TAPCELL_ROW_58_1139,VGND,li1,173.1900,168.9310,0.000129
TAP_TAPCELL_ROW_58_1138,VGND,li1,147.4300,168.9310,0.000168
TAP_TAPCELL_ROW_58_1137,VGND,li1,121.6700,168.9310,0.000168
TAP_TAPCELL_ROW_58_1136,VGND,li1,95.9100,168.9310,0.000154
TAP_TAPCELL_ROW_58_1135,VGND,li1,70.1500,168.9310,0.000127
TAP_TAPCELL_ROW_58_1134,VGND,li1,44.3900,168.9310,0.000077
TAP_TAPCELL_ROW_58_1133,VGND,li1,18.6300,168.9310,0.000028
TAP_TAPCELL_ROW_57_1132,VGND,li1,366.3900,168.3480,0.000176
TAP_TAPCELL_ROW_57_1131,VGND,li1,340.6300,168.3480,0.000117
TAP_TAPCELL_ROW_57_1130,VGND,li1,314.8700,168.3480,0.000176
TAP_TAPCELL_ROW_57_1129,VGND,li1,289.1100,168.3480,0.000273
TAP_TAPCELL_ROW_57_1128,VGND,li1,263.3500,168.3480,0.000327
TAP_TAPCELL_ROW_57_1127,VGND,li1,237.5900,168.3480,0.000340
TAP_TAPCELL_ROW_57_1126,VGND,li1,211.8300,168.3480,0.000316
TAP_TAPCELL_ROW_57_1125,VGND,li1,186.0700,168.3480,0.000170
TAP_TAPCELL_ROW_57_1124,VGND,li1,160.3100,168.3480,0.000158
TAP_TAPCELL_ROW_57_1123,VGND,li1,134.5500,168.3480,0.000169
TAP_TAPCELL_ROW_57_1122,VGND,li1,108.7900,168.3480,0.000162
TAP_TAPCELL_ROW_57_1121,VGND,li1,83.0300,168.3480,0.000144
TAP_TAPCELL_ROW_57_1120,VGND,li1,57.2700,168.3480,0.000104
TAP_TAPCELL_ROW_57_1119,VGND,li1,31.5100,168.3480,0.000041
TAP_TAPCELL_ROW_56_1118,VGND,li1,379.2700,163.4910,0.000303
TAP_TAPCELL_ROW_56_1117,VGND,li1,353.5100,163.4910,0.000252
TAP_TAPCELL_ROW_56_1116,VGND,li1,327.7500,163.4910,0.000174
TAP_TAPCELL_ROW_56_1115,VGND,li1,301.9900,163.4910,0.000333
TAP_TAPCELL_ROW_56_1114,VGND,li1,276.2300,163.4910,0.000444
TAP_TAPCELL_ROW_56_1113,VGND,li1,250.4700,163.4910,0.000458
TAP_TAPCELL_ROW_56_1112,VGND,li1,224.7100,163.4910,0.000421
TAP_TAPCELL_ROW_56_1111,VGND,li1,198.9500,163.4910,0.000290
TAP_TAPCELL_ROW_56_1110,VGND,li1,173.1900,163.4910,0.000130
TAP_TAPCELL_ROW_56_1109,VGND,li1,147.4300,163.4910,0.000176
TAP_TAPCELL_ROW_56_1108,VGND,li1,121.6700,163.4910,0.000211
TAP_TAPCELL_ROW_56_1107,VGND,li1,95.9100,163.4910,0.000201
TAP_TAPCELL_ROW_56_1106,VGND,li1,70.1500,163.4910,0.000168
TAP_TAPCELL_ROW_56_1105,VGND,li1,44.3900,163.4910,0.000097
TAP_TAPCELL_ROW_56_1104,VGND,li1,18.6300,163.4910,0.000036
TAP_TAPCELL_ROW_55_1103,VGND,li1,366.3900,162.9080,0.000292
TAP_TAPCELL_ROW_55_1102,VGND,li1,340.6300,162.9080,0.000181
TAP_TAPCELL_ROW_55_1101,VGND,li1,314.8700,162.9080,0.000261
TAP_TAPCELL_ROW_55_1100,VGND,li1,289.1100,162.9080,0.000394
TAP_TAPCELL_ROW_55_1099,VGND,li1,263.3500,162.9080,0.000457
TAP_TAPCELL_ROW_55_1098,VGND,li1,237.5900,162.9080,0.000454
TAP_TAPCELL_ROW_55_1097,VGND,li1,211.8300,162.9080,0.000364
TAP_TAPCELL_ROW_55_1096,VGND,li1,186.0700,162.9080,0.000200
TAP_TAPCELL_ROW_55_1095,VGND,li1,160.3100,162.9080,0.000153
TAP_TAPCELL_ROW_55_1094,VGND,li1,134.5500,162.9080,0.000194
TAP_TAPCELL_ROW_55_1093,VGND,li1,108.7900,162.9080,0.000212
TAP_TAPCELL_ROW_55_1092,VGND,li1,83.0300,162.9080,0.000186
TAP_TAPCELL_ROW_55_1091,VGND,li1,57.2700,162.9080,0.000141
TAP_TAPCELL_ROW_55_1090,VGND,li1,31.5100,162.9080,0.000056
TAP_TAPCELL_ROW_54_1089,VGND,li1,379.2700,158.0510,0.000186
TAP_TAPCELL_ROW_54_1088,VGND,li1,353.5100,158.0510,0.000158
TAP_TAPCELL_ROW_54_1087,VGND,li1,327.7500,158.0510,0.000105
TAP_TAPCELL_ROW_54_1086,VGND,li1,301.9900,158.0510,0.000206
TAP_TAPCELL_ROW_54_1085,VGND,li1,276.2300,158.0510,0.000243
TAP_TAPCELL_ROW_54_1084,VGND,li1,250.4700,158.0510,0.000224
TAP_TAPCELL_ROW_54_1083,VGND,li1,224.7100,158.0510,0.000187
TAP_TAPCELL_ROW_54_1082,VGND,li1,198.9500,158.0510,0.000124
TAP_TAPCELL_ROW_54_1081,VGND,li1,173.1900,158.0510,0.000071
TAP_TAPCELL_ROW_54_1080,VGND,li1,147.4300,158.0510,0.000104
TAP_TAPCELL_ROW_54_1079,VGND,li1,121.6700,158.0510,0.000123
TAP_TAPCELL_ROW_54_1078,VGND,li1,95.9100,158.0510,0.000132
TAP_TAPCELL_ROW_54_1077,VGND,li1,70.1500,158.0510,0.000114
TAP_TAPCELL_ROW_54_1076,VGND,li1,44.3900,158.0510,0.000075
TAP_TAPCELL_ROW_54_1075,VGND,li1,18.6300,158.0510,0.000026
TAP_TAPCELL_ROW_53_1074,VGND,li1,366.3900,157.4680,0.000176
TAP_TAPCELL_ROW_53_1073,VGND,li1,340.6300,157.4680,0.000117
TAP_TAPCELL_ROW_53_1072,VGND,li1,314.8700,157.4680,0.000155
TAP_TAPCELL_ROW_53_1071,VGND,li1,289.1100,157.4680,0.000234
TAP_TAPCELL_ROW_53_1070,VGND,li1,263.3500,157.4680,0.000236
TAP_TAPCELL_ROW_53_1069,VGND,li1,237.5900,157.4680,0.000212
TAP_TAPCELL_ROW_53_1068,VGND,li1,211.8300,157.4680,0.000160
TAP_TAPCELL_ROW_53_1067,VGND,li1,186.0700,157.4680,0.000084
TAP_TAPCELL_ROW_53_1066,VGND,li1,160.3100,157.4680,0.000090
TAP_TAPCELL_ROW_53_1065,VGND,li1,134.5500,157.4680,0.000116
TAP_TAPCELL_ROW_53_1064,VGND,li1,108.7900,157.4680,0.000129
TAP_TAPCELL_ROW_53_1063,VGND,li1,83.0300,157.4680,0.000124
TAP_TAPCELL_ROW_53_1062,VGND,li1,57.2700,157.4680,0.000098
TAP_TAPCELL_ROW_53_1061,VGND,li1,31.5100,157.4680,0.000038
TAP_TAPCELL_ROW_52_1060,VGND,li1,379.2700,152.6110,0.000287
TAP_TAPCELL_ROW_52_1059,VGND,li1,353.5100,152.6110,0.000242
TAP_TAPCELL_ROW_52_1058,VGND,li1,327.7500,152.6110,0.000164
TAP_TAPCELL_ROW_52_1057,VGND,li1,301.9900,152.6110,0.000314
TAP_TAPCELL_ROW_52_1056,VGND,li1,276.2300,152.6110,0.000465
TAP_TAPCELL_ROW_52_1055,VGND,li1,250.4700,152.6110,0.000610
TAP_TAPCELL_ROW_52_1054,VGND,li1,224.7100,152.6110,0.000691
TAP_TAPCELL_ROW_52_1053,VGND,li1,198.9500,152.6110,0.000519
TAP_TAPCELL_ROW_52_1052,VGND,li1,173.1900,152.6110,0.000345
TAP_TAPCELL_ROW_52_1051,VGND,li1,147.4300,152.6110,0.000610
TAP_TAPCELL_ROW_52_1050,VGND,li1,121.6700,152.6110,0.000690
TAP_TAPCELL_ROW_52_1049,VGND,li1,95.9100,152.6110,0.000607
TAP_TAPCELL_ROW_52_1048,VGND,li1,70.1500,152.6110,0.000433
TAP_TAPCELL_ROW_52_1047,VGND,li1,44.3900,152.6110,0.000236
TAP_TAPCELL_ROW_52_1046,VGND,li1,18.6300,152.6110,0.000084
TAP_TAPCELL_ROW_51_1045,VGND,li1,366.3900,152.0280,0.000276
TAP_TAPCELL_ROW_51_1044,VGND,li1,340.6300,152.0280,0.000185
TAP_TAPCELL_ROW_51_1043,VGND,li1,314.8700,152.0280,0.000246
TAP_TAPCELL_ROW_51_1042,VGND,li1,289.1100,152.0280,0.000392
TAP_TAPCELL_ROW_51_1041,VGND,li1,263.3500,152.0280,0.000543
TAP_TAPCELL_ROW_51_1040,VGND,li1,237.5900,152.0280,0.000677
TAP_TAPCELL_ROW_51_1039,VGND,li1,211.8300,152.0280,0.000624
TAP_TAPCELL_ROW_51_1038,VGND,li1,186.0700,152.0280,0.000391
TAP_TAPCELL_ROW_51_1037,VGND,li1,160.3100,152.0280,0.000523
TAP_TAPCELL_ROW_51_1036,VGND,li1,134.5500,152.0280,0.000665
TAP_TAPCELL_ROW_51_1035,VGND,li1,108.7900,152.0280,0.000659
TAP_TAPCELL_ROW_51_1034,VGND,li1,83.0300,152.0280,0.000526
TAP_TAPCELL_ROW_51_1033,VGND,li1,57.2700,152.0280,0.000338
TAP_TAPCELL_ROW_51_1032,VGND,li1,31.5100,152.0280,0.000133
TAP_TAPCELL_ROW_50_1031,VGND,li1,379.2700,147.1710,0.000389
TAP_TAPCELL_ROW_50_1030,VGND,li1,353.5100,147.1710,0.000377
TAP_TAPCELL_ROW_50_1029,VGND,li1,327.7500,147.1710,0.000161
TAP_TAPCELL_ROW_50_1028,VGND,li1,301.9900,147.1710,0.000164
TAP_TAPCELL_ROW_50_1027,VGND,li1,276.2300,147.1710,0.000156
TAP_TAPCELL_ROW_50_1026,VGND,li1,250.4700,147.1710,0.000137
TAP_TAPCELL_ROW_50_1025,VGND,li1,224.7100,147.1710,0.000114
TAP_TAPCELL_ROW_50_1024,VGND,li1,198.9500,147.1710,0.000083
TAP_TAPCELL_ROW_50_1023,VGND,li1,173.1900,147.1710,0.000056
TAP_TAPCELL_ROW_50_1022,VGND,li1,147.4300,147.1710,0.000089
TAP_TAPCELL_ROW_50_1021,VGND,li1,121.6700,147.1710,0.000110
TAP_TAPCELL_ROW_50_1020,VGND,li1,95.9100,147.1710,0.000122
TAP_TAPCELL_ROW_50_1019,VGND,li1,70.1500,147.1710,0.000109
TAP_TAPCELL_ROW_50_1018,VGND,li1,44.3900,147.1710,0.000068
TAP_TAPCELL_ROW_50_1017,VGND,li1,18.6300,147.1710,0.000023
TAP_TAPCELL_ROW_49_1016,VGND,li1,366.3900,146.5880,0.000388
TAP_TAPCELL_ROW_49_1015,VGND,li1,340.6300,146.5880,0.000242
TAP_TAPCELL_ROW_49_1014,VGND,li1,314.8700,146.5880,0.000166
TAP_TAPCELL_ROW_49_1013,VGND,li1,289.1100,146.5880,0.000161
TAP_TAPCELL_ROW_49_1012,VGND,li1,263.3500,146.5880,0.000148
TAP_TAPCELL_ROW_49_1011,VGND,li1,237.5900,146.5880,0.000127
TAP_TAPCELL_ROW_49_1010,VGND,li1,211.8300,146.5880,0.000099
TAP_TAPCELL_ROW_49_1009,VGND,li1,186.0700,146.5880,0.000060
TAP_TAPCELL_ROW_49_1008,VGND,li1,160.3100,146.5880,0.000076
TAP_TAPCELL_ROW_49_1007,VGND,li1,134.5500,146.5880,0.000101
TAP_TAPCELL_ROW_49_1006,VGND,li1,108.7900,146.5880,0.000116
TAP_TAPCELL_ROW_49_1005,VGND,li1,83.0300,146.5880,0.000119
TAP_TAPCELL_ROW_49_1004,VGND,li1,57.2700,146.5880,0.000094
TAP_TAPCELL_ROW_49_1003,VGND,li1,31.5100,146.5880,0.000034
TAP_TAPCELL_ROW_48_1002,VGND,li1,379.2700,141.7310,0.000244
TAP_TAPCELL_ROW_48_1001,VGND,li1,353.5100,141.7310,0.000239
TAP_TAPCELL_ROW_48_1000,VGND,li1,327.7500,141.7310,0.000135
TAP_TAPCELL_ROW_48_999,VGND,li1,301.9900,141.7310,0.000157
TAP_TAPCELL_ROW_48_998,VGND,li1,276.2300,141.7310,0.000155
TAP_TAPCELL_ROW_48_997,VGND,li1,250.4700,141.7310,0.000148
TAP_TAPCELL_ROW_48_996,VGND,li1,224.7100,141.7310,0.000132
TAP_TAPCELL_ROW_48_995,VGND,li1,198.9500,141.7310,0.000101
TAP_TAPCELL_ROW_48_994,VGND,li1,173.1900,141.7310,0.000079
TAP_TAPCELL_ROW_48_993,VGND,li1,147.4300,141.7310,0.000148
TAP_TAPCELL_ROW_48_992,VGND,li1,121.6700,141.7310,0.000212
TAP_TAPCELL_ROW_48_991,VGND,li1,95.9100,141.7310,0.000212
TAP_TAPCELL_ROW_48_990,VGND,li1,70.1500,141.7310,0.000179
TAP_TAPCELL_ROW_48_989,VGND,li1,44.3900,141.7310,0.000115
TAP_TAPCELL_ROW_48_988,VGND,li1,18.6300,141.7310,0.000039
TAP_TAPCELL_ROW_47_987,VGND,li1,366.3900,141.1480,0.000243
TAP_TAPCELL_ROW_47_986,VGND,li1,340.6300,141.1480,0.000168
TAP_TAPCELL_ROW_47_985,VGND,li1,314.8700,141.1480,0.000156
TAP_TAPCELL_ROW_47_984,VGND,li1,289.1100,141.1480,0.000157
TAP_TAPCELL_ROW_47_983,VGND,li1,263.3500,141.1480,0.000152
TAP_TAPCELL_ROW_47_982,VGND,li1,237.5900,141.1480,0.000141
TAP_TAPCELL_ROW_47_981,VGND,li1,211.8300,141.1480,0.000119
TAP_TAPCELL_ROW_47_980,VGND,li1,186.0700,141.1480,0.000072
TAP_TAPCELL_ROW_47_979,VGND,li1,160.3100,141.1480,0.000114
TAP_TAPCELL_ROW_47_978,VGND,li1,134.5500,141.1480,0.000183
TAP_TAPCELL_ROW_47_977,VGND,li1,108.7900,141.1480,0.000226
TAP_TAPCELL_ROW_47_976,VGND,li1,83.0300,141.1480,0.000197
TAP_TAPCELL_ROW_47_975,VGND,li1,57.2700,141.1480,0.000152
TAP_TAPCELL_ROW_47_974,VGND,li1,31.5100,141.1480,0.000058
TAP_TAPCELL_ROW_46_973,VGND,li1,379.2700,136.2910,0.001293
TAP_TAPCELL_ROW_46_972,VGND,li1,353.5100,136.2910,0.001228
TAP_TAPCELL_ROW_46_971,VGND,li1,327.7500,136.2910,0.000873
TAP_TAPCELL_ROW_46_970,VGND,li1,301.9900,136.2910,0.001426
TAP_TAPCELL_ROW_46_969,VGND,li1,276.2300,136.2910,0.001613
TAP_TAPCELL_ROW_46_968,VGND,li1,250.4700,136.2910,0.001450
TAP_TAPCELL_ROW_46_967,VGND,li1,224.7100,136.2910,0.001112
TAP_TAPCELL_ROW_46_966,VGND,li1,198.9500,136.2910,0.000655
TAP_TAPCELL_ROW_46_965,VGND,li1,173.1900,136.2910,0.000272
TAP_TAPCELL_ROW_46_964,VGND,li1,147.4300,136.2910,0.000322
TAP_TAPCELL_ROW_46_963,VGND,li1,121.6700,136.2910,0.000342
TAP_TAPCELL_ROW_46_962,VGND,li1,95.9100,136.2910,0.000310
TAP_TAPCELL_ROW_46_961,VGND,li1,70.1500,136.2910,0.000252
TAP_TAPCELL_ROW_46_960,VGND,li1,44.3900,136.2910,0.000145
TAP_TAPCELL_ROW_46_959,VGND,li1,18.6300,136.2910,0.000050
TAP_TAPCELL_ROW_45_958,VGND,li1,366.3900,135.7080,0.001284
TAP_TAPCELL_ROW_45_957,VGND,li1,340.6300,135.7080,0.001004
TAP_TAPCELL_ROW_45_956,VGND,li1,314.8700,135.7080,0.001198
TAP_TAPCELL_ROW_45_955,VGND,li1,289.1100,135.7080,0.001535
TAP_TAPCELL_ROW_45_954,VGND,li1,263.3500,135.7080,0.001540
TAP_TAPCELL_ROW_45_953,VGND,li1,237.5900,135.7080,0.001304
TAP_TAPCELL_ROW_45_952,VGND,li1,211.8300,135.7080,0.000899
TAP_TAPCELL_ROW_45_951,VGND,li1,186.0700,135.7080,0.000436
TAP_TAPCELL_ROW_45_950,VGND,li1,160.3100,135.7080,0.000307
TAP_TAPCELL_ROW_45_949,VGND,li1,134.5500,135.7080,0.000333
TAP_TAPCELL_ROW_45_948,VGND,li1,108.7900,135.7080,0.000336
TAP_TAPCELL_ROW_45_947,VGND,li1,83.0300,135.7080,0.000284
TAP_TAPCELL_ROW_45_946,VGND,li1,57.2700,135.7080,0.000209
TAP_TAPCELL_ROW_45_945,VGND,li1,31.5100,135.7080,0.000073
TAP_TAPCELL_ROW_44_944,VGND,li1,379.2700,130.8510,0.000708
TAP_TAPCELL_ROW_44_943,VGND,li1,353.5100,130.8510,0.000708
TAP_TAPCELL_ROW_44_942,VGND,li1,327.7500,130.8510,0.000712
TAP_TAPCELL_ROW_44_941,VGND,li1,301.9900,130.8510,0.001446
TAP_TAPCELL_ROW_44_940,VGND,li1,276.2300,130.8510,0.001791
TAP_TAPCELL_ROW_44_939,VGND,li1,250.4700,130.8510,0.001905
TAP_TAPCELL_ROW_44_938,VGND,li1,224.7100,130.8510,0.001744
TAP_TAPCELL_ROW_44_937,VGND,li1,198.9500,130.8510,0.001169
TAP_TAPCELL_ROW_44_936,VGND,li1,173.1900,130.8510,0.000584
TAP_TAPCELL_ROW_44_935,VGND,li1,147.4300,130.8510,0.000775
TAP_TAPCELL_ROW_44_934,VGND,li1,121.6700,130.8510,0.000830
TAP_TAPCELL_ROW_44_933,VGND,li1,95.9100,130.8510,0.000737
TAP_TAPCELL_ROW_44_932,VGND,li1,70.1500,130.8510,0.000553
TAP_TAPCELL_ROW_44_931,VGND,li1,44.3900,130.8510,0.000324
TAP_TAPCELL_ROW_44_930,VGND,li1,18.6300,130.8510,0.000111
TAP_TAPCELL_ROW_43_929,VGND,li1,366.3900,130.2680,0.000708
TAP_TAPCELL_ROW_43_928,VGND,li1,340.6300,130.2680,0.000634
TAP_TAPCELL_ROW_43_927,VGND,li1,314.8700,130.2680,0.001158
TAP_TAPCELL_ROW_43_926,VGND,li1,289.1100,130.2680,0.001656
TAP_TAPCELL_ROW_43_925,VGND,li1,263.3500,130.2680,0.001853
TAP_TAPCELL_ROW_43_924,VGND,li1,237.5900,130.2680,0.001874
TAP_TAPCELL_ROW_43_923,VGND,li1,211.8300,130.2680,0.001451
TAP_TAPCELL_ROW_43_922,VGND,li1,186.0700,130.2680,0.000775
TAP_TAPCELL_ROW_43_921,VGND,li1,160.3100,130.2680,0.000712
TAP_TAPCELL_ROW_43_920,VGND,li1,134.5500,130.2680,0.000804
TAP_TAPCELL_ROW_43_919,VGND,li1,108.7900,130.2680,0.000801
TAP_TAPCELL_ROW_43_918,VGND,li1,83.0300,130.2680,0.000653
TAP_TAPCELL_ROW_43_917,VGND,li1,57.2700,130.2680,0.000456
TAP_TAPCELL_ROW_43_916,VGND,li1,31.5100,130.2680,0.000163
TAP_TAPCELL_ROW_42_915,VGND,li1,379.2700,125.4110,0.004117
TAP_TAPCELL_ROW_42_914,VGND,li1,353.5100,125.4110,0.004011
TAP_TAPCELL_ROW_42_913,VGND,li1,327.7500,125.4110,0.002673
TAP_TAPCELL_ROW_42_912,VGND,li1,301.9900,125.4110,0.004945
TAP_TAPCELL_ROW_42_911,VGND,li1,276.2300,125.4110,0.006558
TAP_TAPCELL_ROW_42_910,VGND,li1,250.4700,125.4110,0.007328
TAP_TAPCELL_ROW_42_909,VGND,li1,224.7100,125.4110,0.006911
TAP_TAPCELL_ROW_42_908,VGND,li1,198.9500,125.4110,0.004320
TAP_TAPCELL_ROW_42_907,VGND,li1,173.1900,125.4110,0.001564
TAP_TAPCELL_ROW_42_906,VGND,li1,147.4300,125.4110,0.001526
TAP_TAPCELL_ROW_42_905,VGND,li1,121.6700,125.4110,0.001432
TAP_TAPCELL_ROW_42_904,VGND,li1,95.9100,125.4110,0.001269
TAP_TAPCELL_ROW_42_903,VGND,li1,70.1500,125.4110,0.000911
TAP_TAPCELL_ROW_42_902,VGND,li1,44.3900,125.4110,0.000515
TAP_TAPCELL_ROW_42_901,VGND,li1,18.6300,125.4110,0.000176
TAP_TAPCELL_ROW_41_900,VGND,li1,366.3900,124.8280,0.004058
TAP_TAPCELL_ROW_41_899,VGND,li1,340.6300,124.8280,0.003371
TAP_TAPCELL_ROW_41_898,VGND,li1,314.8700,124.8280,0.003861
TAP_TAPCELL_ROW_41_897,VGND,li1,289.1100,124.8280,0.005912
TAP_TAPCELL_ROW_41_896,VGND,li1,263.3500,124.8280,0.006938
TAP_TAPCELL_ROW_41_895,VGND,li1,237.5900,124.8280,0.007558
TAP_TAPCELL_ROW_41_894,VGND,li1,211.8300,124.8280,0.005745
TAP_TAPCELL_ROW_41_893,VGND,li1,186.0700,124.8280,0.002599
TAP_TAPCELL_ROW_41_892,VGND,li1,160.3100,124.8280,0.001564
TAP_TAPCELL_ROW_41_891,VGND,li1,134.5500,124.8280,0.001480
TAP_TAPCELL_ROW_41_890,VGND,li1,108.7900,124.8280,0.001370
TAP_TAPCELL_ROW_41_889,VGND,li1,83.0300,124.8280,0.001095
TAP_TAPCELL_ROW_41_888,VGND,li1,57.2700,124.8280,0.000728
TAP_TAPCELL_ROW_41_887,VGND,li1,31.5100,124.8280,0.000260
TAP_TAPCELL_ROW_40_886,VGND,li1,379.2700,119.9710,0.001357
TAP_TAPCELL_ROW_40_885,VGND,li1,353.5100,119.9710,0.001242
TAP_TAPCELL_ROW_40_884,VGND,li1,327.7500,119.9710,0.000655
TAP_TAPCELL_ROW_40_883,VGND,li1,301.9900,119.9710,0.001069
TAP_TAPCELL_ROW_40_882,VGND,li1,276.2300,119.9710,0.001483
TAP_TAPCELL_ROW_40_881,VGND,li1,250.4700,119.9710,0.001867
TAP_TAPCELL_ROW_40_880,VGND,li1,224.7100,119.9710,0.002069
TAP_TAPCELL_ROW_40_879,VGND,li1,198.9500,119.9710,0.001582
TAP_TAPCELL_ROW_40_878,VGND,li1,173.1900,119.9710,0.000917
TAP_TAPCELL_ROW_40_877,VGND,li1,147.4300,119.9710,0.001208
TAP_TAPCELL_ROW_40_876,VGND,li1,121.6700,119.9710,0.001272
TAP_TAPCELL_ROW_40_875,VGND,li1,95.9100,119.9710,0.001108
TAP_TAPCELL_ROW_40_874,VGND,li1,70.1500,119.9710,0.000833
TAP_TAPCELL_ROW_40_873,VGND,li1,44.3900,119.9710,0.000468
TAP_TAPCELL_ROW_40_872,VGND,li1,18.6300,119.9710,0.000160
TAP_TAPCELL_ROW_39_871,VGND,li1,366.3900,119.3880,0.001309
TAP_TAPCELL_ROW_39_870,VGND,li1,340.6300,119.3880,0.000905
TAP_TAPCELL_ROW_39_869,VGND,li1,314.8700,119.3880,0.000864
TAP_TAPCELL_ROW_39_868,VGND,li1,289.1100,119.3880,0.001277
TAP_TAPCELL_ROW_39_867,VGND,li1,263.3500,119.3880,0.001681
TAP_TAPCELL_ROW_39_866,VGND,li1,237.5900,119.3880,0.002053
TAP_TAPCELL_ROW_39_865,VGND,li1,211.8300,119.3880,0.001955
TAP_TAPCELL_ROW_39_864,VGND,li1,186.0700,119.3880,0.001196
TAP_TAPCELL_ROW_39_863,VGND,li1,160.3100,119.3880,0.001170
TAP_TAPCELL_ROW_39_862,VGND,li1,134.5500,119.3880,0.001239
TAP_TAPCELL_ROW_39_861,VGND,li1,108.7900,119.3880,0.001223
TAP_TAPCELL_ROW_39_860,VGND,li1,83.0300,119.3880,0.000976
TAP_TAPCELL_ROW_39_859,VGND,li1,57.2700,119.3880,0.000674
TAP_TAPCELL_ROW_39_858,VGND,li1,31.5100,119.3880,0.000236
TAP_TAPCELL_ROW_38_857,VGND,li1,379.2700,114.5310,0.000199
TAP_TAPCELL_ROW_38_856,VGND,li1,353.5100,114.5310,0.000181
TAP_TAPCELL_ROW_38_855,VGND,li1,327.7500,114.5310,0.000235
TAP_TAPCELL_ROW_38_854,VGND,li1,301.9900,114.5310,0.000592
TAP_TAPCELL_ROW_38_853,VGND,li1,276.2300,114.5310,0.000948
TAP_TAPCELL_ROW_38_852,VGND,li1,250.4700,114.5310,0.001285
TAP_TAPCELL_ROW_38_851,VGND,li1,224.7100,114.5310,0.001616
TAP_TAPCELL_ROW_38_850,VGND,li1,198.9500,114.5310,0.001944
TAP_TAPCELL_ROW_38_849,VGND,li1,173.1900,114.5310,0.001739
TAP_TAPCELL_ROW_38_848,VGND,li1,147.4300,114.5310,0.002240
TAP_TAPCELL_ROW_38_847,VGND,li1,121.6700,114.5310,0.002568
TAP_TAPCELL_ROW_38_846,VGND,li1,95.9100,114.5310,0.002420
TAP_TAPCELL_ROW_38_845,VGND,li1,70.1500,114.5310,0.001872
TAP_TAPCELL_ROW_38_844,VGND,li1,44.3900,114.5310,0.001029
TAP_TAPCELL_ROW_38_843,VGND,li1,18.6300,114.5310,0.000352
TAP_TAPCELL_ROW_37_842,VGND,li1,366.3900,113.9480,0.000191
TAP_TAPCELL_ROW_37_841,VGND,li1,340.6300,113.9480,0.000168
TAP_TAPCELL_ROW_37_840,VGND,li1,314.8700,113.9480,0.000404
TAP_TAPCELL_ROW_37_839,VGND,li1,289.1100,113.9480,0.000787
TAP_TAPCELL_ROW_37_838,VGND,li1,263.3500,113.9480,0.001114
TAP_TAPCELL_ROW_37_837,VGND,li1,237.5900,113.9480,0.001472
TAP_TAPCELL_ROW_37_836,VGND,li1,211.8300,113.9480,0.001795
TAP_TAPCELL_ROW_37_835,VGND,li1,186.0700,113.9480,0.001883
TAP_TAPCELL_ROW_37_834,VGND,li1,160.3100,113.9480,0.002048
TAP_TAPCELL_ROW_37_833,VGND,li1,134.5500,113.9480,0.002416
TAP_TAPCELL_ROW_37_832,VGND,li1,108.7900,113.9480,0.002533
TAP_TAPCELL_ROW_37_831,VGND,li1,83.0300,113.9480,0.002248
TAP_TAPCELL_ROW_37_830,VGND,li1,57.2700,113.9480,0.001483
TAP_TAPCELL_ROW_37_829,VGND,li1,31.5100,113.9480,0.000520
TAP_TAPCELL_ROW_36_828,VGND,li1,379.2700,109.0910,0.000042
TAP_TAPCELL_ROW_36_827,VGND,li1,353.5100,109.0910,0.000040
TAP_TAPCELL_ROW_36_826,VGND,li1,327.7500,109.0910,0.000053
TAP_TAPCELL_ROW_36_825,VGND,li1,301.9900,109.0910,0.000128
TAP_TAPCELL_ROW_36_824,VGND,li1,276.2300,109.0910,0.000198
TAP_TAPCELL_ROW_36_823,VGND,li1,250.4700,109.0910,0.000251
TAP_TAPCELL_ROW_36_822,VGND,li1,224.7100,109.0910,0.000297
TAP_TAPCELL_ROW_36_821,VGND,li1,198.9500,109.0910,0.000332
TAP_TAPCELL_ROW_36_820,VGND,li1,173.1900,109.0910,0.000548
TAP_TAPCELL_ROW_36_819,VGND,li1,147.4300,109.0910,0.000903
TAP_TAPCELL_ROW_36_818,VGND,li1,121.6700,109.0910,0.000956
TAP_TAPCELL_ROW_36_817,VGND,li1,95.9100,109.0910,0.000763
TAP_TAPCELL_ROW_36_816,VGND,li1,70.1500,109.0910,0.000529
TAP_TAPCELL_ROW_36_815,VGND,li1,44.3900,109.0910,0.000285
TAP_TAPCELL_ROW_36_814,VGND,li1,18.6300,109.0910,0.000097
TAP_TAPCELL_ROW_35_813,VGND,li1,366.3900,108.5080,0.000041
TAP_TAPCELL_ROW_35_812,VGND,li1,340.6300,108.5080,0.000039
TAP_TAPCELL_ROW_35_811,VGND,li1,314.8700,108.5080,0.000092
TAP_TAPCELL_ROW_35_810,VGND,li1,289.1100,108.5080,0.000165
TAP_TAPCELL_ROW_35_809,VGND,li1,263.3500,108.5080,0.000223
TAP_TAPCELL_ROW_35_808,VGND,li1,237.5900,108.5080,0.000277
TAP_TAPCELL_ROW_35_807,VGND,li1,211.8300,108.5080,0.000315
TAP_TAPCELL_ROW_35_806,VGND,li1,186.0700,108.5080,0.000344
TAP_TAPCELL_ROW_35_805,VGND,li1,160.3100,108.5080,0.000799
TAP_TAPCELL_ROW_35_804,VGND,li1,134.5500,108.5080,0.000931
TAP_TAPCELL_ROW_35_803,VGND,li1,108.7900,108.5080,0.000897
TAP_TAPCELL_ROW_35_802,VGND,li1,83.0300,108.5080,0.000647
TAP_TAPCELL_ROW_35_801,VGND,li1,57.2700,108.5080,0.000401
TAP_TAPCELL_ROW_35_800,VGND,li1,31.5100,108.5080,0.000144
TAP_TAPCELL_ROW_34_799,VGND,li1,379.2700,103.6510,0.000043
TAP_TAPCELL_ROW_34_798,VGND,li1,353.5100,103.6510,0.000043
TAP_TAPCELL_ROW_34_797,VGND,li1,327.7500,103.6510,0.000060
TAP_TAPCELL_ROW_34_796,VGND,li1,301.9900,103.6510,0.000117
TAP_TAPCELL_ROW_34_795,VGND,li1,276.2300,103.6510,0.000120
TAP_TAPCELL_ROW_34_794,VGND,li1,250.4700,103.6510,0.000112
TAP_TAPCELL_ROW_34_793,VGND,li1,224.7100,103.6510,0.000097
TAP_TAPCELL_ROW_34_792,VGND,li1,198.9500,103.6510,0.000076
TAP_TAPCELL_ROW_34_791,VGND,li1,173.1900,103.6510,0.000074
TAP_TAPCELL_ROW_34_790,VGND,li1,147.4300,103.6510,0.000128
TAP_TAPCELL_ROW_34_789,VGND,li1,121.6700,103.6510,0.000136
TAP_TAPCELL_ROW_34_788,VGND,li1,95.9100,103.6510,0.000130
TAP_TAPCELL_ROW_34_787,VGND,li1,70.1500,103.6510,0.000107
TAP_TAPCELL_ROW_34_786,VGND,li1,44.3900,103.6510,0.000064
TAP_TAPCELL_ROW_34_785,VGND,li1,18.6300,103.6510,0.000022
TAP_TAPCELL_ROW_33_784,VGND,li1,366.3900,103.0680,0.000043
TAP_TAPCELL_ROW_33_783,VGND,li1,340.6300,103.0680,0.000043
TAP_TAPCELL_ROW_33_782,VGND,li1,314.8700,103.0680,0.000106
TAP_TAPCELL_ROW_33_781,VGND,li1,289.1100,103.0680,0.000119
TAP_TAPCELL_ROW_33_780,VGND,li1,263.3500,103.0680,0.000118
TAP_TAPCELL_ROW_33_779,VGND,li1,237.5900,103.0680,0.000105
TAP_TAPCELL_ROW_33_778,VGND,li1,211.8300,103.0680,0.000088
TAP_TAPCELL_ROW_33_777,VGND,li1,186.0700,103.0680,0.000060
TAP_TAPCELL_ROW_33_776,VGND,li1,160.3100,103.0680,0.000120
TAP_TAPCELL_ROW_33_775,VGND,li1,134.5500,103.0680,0.000133
TAP_TAPCELL_ROW_33_774,VGND,li1,108.7900,103.0680,0.000135
TAP_TAPCELL_ROW_33_773,VGND,li1,83.0300,103.0680,0.000121
TAP_TAPCELL_ROW_33_772,VGND,li1,57.2700,103.0680,0.000088
TAP_TAPCELL_ROW_33_771,VGND,li1,31.5100,103.0680,0.000032
TAP_TAPCELL_ROW_32_770,VGND,li1,379.2700,98.2110,0.000041
TAP_TAPCELL_ROW_32_769,VGND,li1,353.5100,98.2110,0.000039
TAP_TAPCELL_ROW_32_768,VGND,li1,327.7500,98.2110,0.000054
TAP_TAPCELL_ROW_32_767,VGND,li1,301.9900,98.2110,0.000108
TAP_TAPCELL_ROW_32_766,VGND,li1,276.2300,98.2110,0.000119
TAP_TAPCELL_ROW_32_765,VGND,li1,250.4700,98.2110,0.000117
TAP_TAPCELL_ROW_32_764,VGND,li1,224.7100,98.2110,0.000100
TAP_TAPCELL_ROW_32_763,VGND,li1,198.9500,98.2110,0.000069
TAP_TAPCELL_ROW_32_762,VGND,li1,173.1900,98.2110,0.000046
TAP_TAPCELL_ROW_32_761,VGND,li1,147.4300,98.2110,0.000077
TAP_TAPCELL_ROW_32_760,VGND,li1,121.6700,98.2110,0.000092
TAP_TAPCELL_ROW_32_759,VGND,li1,95.9100,98.2110,0.000092
TAP_TAPCELL_ROW_32_758,VGND,li1,70.1500,98.2110,0.000072
TAP_TAPCELL_ROW_32_757,VGND,li1,44.3900,98.2110,0.000042
TAP_TAPCELL_ROW_32_756,VGND,li1,18.6300,98.2110,0.000016
TAP_TAPCELL_ROW_31_755,VGND,li1,366.3900,97.6280,0.000040
TAP_TAPCELL_ROW_31_754,VGND,li1,340.6300,97.6280,0.000038
TAP_TAPCELL_ROW_31_753,VGND,li1,314.8700,97.6280,0.000099
TAP_TAPCELL_ROW_31_752,VGND,li1,289.1100,97.6280,0.000116
TAP_TAPCELL_ROW_31_751,VGND,li1,263.3500,97.6280,0.000120
TAP_TAPCELL_ROW_31_750,VGND,li1,237.5900,97.6280,0.000110
TAP_TAPCELL_ROW_31_749,VGND,li1,211.8300,97.6280,0.000086
TAP_TAPCELL_ROW_31_748,VGND,li1,186.0700,97.6280,0.000049
TAP_TAPCELL_ROW_31_747,VGND,li1,160.3100,97.6280,0.000061
TAP_TAPCELL_ROW_31_746,VGND,li1,134.5500,97.6280,0.000086
TAP_TAPCELL_ROW_31_745,VGND,li1,108.7900,97.6280,0.000096
TAP_TAPCELL_ROW_31_744,VGND,li1,83.0300,97.6280,0.000085
TAP_TAPCELL_ROW_31_743,VGND,li1,57.2700,97.6280,0.000059
TAP_TAPCELL_ROW_31_742,VGND,li1,31.5100,97.6280,0.000023
TAP_TAPCELL_ROW_30_741,VGND,li1,379.2700,92.7710,0.000030
TAP_TAPCELL_ROW_30_740,VGND,li1,353.5100,92.7710,0.000027
TAP_TAPCELL_ROW_30_739,VGND,li1,327.7500,92.7710,0.000036
TAP_TAPCELL_ROW_30_738,VGND,li1,301.9900,92.7710,0.000076
TAP_TAPCELL_ROW_30_737,VGND,li1,276.2300,92.7710,0.000099
TAP_TAPCELL_ROW_30_736,VGND,li1,250.4700,92.7710,0.000111
TAP_TAPCELL_ROW_30_735,VGND,li1,224.7100,92.7710,0.000109
TAP_TAPCELL_ROW_30_734,VGND,li1,198.9500,92.7710,0.000086
TAP_TAPCELL_ROW_30_733,VGND,li1,173.1900,92.7710,0.000066
TAP_TAPCELL_ROW_30_732,VGND,li1,147.4300,92.7710,0.000113
TAP_TAPCELL_ROW_30_731,VGND,li1,121.6700,92.7710,0.000137
TAP_TAPCELL_ROW_30_730,VGND,li1,95.9100,92.7710,0.000142
TAP_TAPCELL_ROW_30_729,VGND,li1,70.1500,92.7710,0.000118
TAP_TAPCELL_ROW_30_728,VGND,li1,44.3900,92.7710,0.000070
TAP_TAPCELL_ROW_30_727,VGND,li1,18.6300,92.7710,0.000025
TAP_TAPCELL_ROW_29_726,VGND,li1,366.3900,92.1880,0.000029
TAP_TAPCELL_ROW_29_725,VGND,li1,340.6300,92.1880,0.000026
TAP_TAPCELL_ROW_29_724,VGND,li1,314.8700,92.1880,0.000060
TAP_TAPCELL_ROW_29_723,VGND,li1,289.1100,92.1880,0.000087
TAP_TAPCELL_ROW_29_722,VGND,li1,263.3500,92.1880,0.000106
TAP_TAPCELL_ROW_29_721,VGND,li1,237.5900,92.1880,0.000111
TAP_TAPCELL_ROW_29_720,VGND,li1,211.8300,92.1880,0.000101
TAP_TAPCELL_ROW_29_719,VGND,li1,186.0700,92.1880,0.000061
TAP_TAPCELL_ROW_29_718,VGND,li1,160.3100,92.1880,0.000091
TAP_TAPCELL_ROW_29_717,VGND,li1,134.5500,92.1880,0.000129
TAP_TAPCELL_ROW_29_716,VGND,li1,108.7900,92.1880,0.000145
TAP_TAPCELL_ROW_29_715,VGND,li1,83.0300,92.1880,0.000136
TAP_TAPCELL_ROW_29_714,VGND,li1,57.2700,92.1880,0.000095
TAP_TAPCELL_ROW_29_713,VGND,li1,31.5100,92.1880,0.000037
TAP_TAPCELL_ROW_28_712,VGND,li1,379.2700,87.3310,0.000090
TAP_TAPCELL_ROW_28_711,VGND,li1,353.5100,87.3310,0.000086
TAP_TAPCELL_ROW_28_710,VGND,li1,327.7500,87.3310,0.000087
TAP_TAPCELL_ROW_28_709,VGND,li1,301.9900,87.3310,0.000169
TAP_TAPCELL_ROW_28_708,VGND,li1,276.2300,87.3310,0.000238
TAP_TAPCELL_ROW_28_707,VGND,li1,250.4700,87.3310,0.000296
TAP_TAPCELL_ROW_28_706,VGND,li1,224.7100,87.3310,0.000289
TAP_TAPCELL_ROW_28_705,VGND,li1,198.9500,87.3310,0.000174
TAP_TAPCELL_ROW_28_704,VGND,li1,173.1900,87.3310,0.000090
TAP_TAPCELL_ROW_28_703,VGND,li1,147.4300,87.3310,0.000136
TAP_TAPCELL_ROW_28_702,VGND,li1,121.6700,87.3310,0.000171
TAP_TAPCELL_ROW_28_701,VGND,li1,95.9100,87.3310,0.000174
TAP_TAPCELL_ROW_28_700,VGND,li1,70.1500,87.3310,0.000143
TAP_TAPCELL_ROW_28_699,VGND,li1,44.3900,87.3310,0.000085
TAP_TAPCELL_ROW_28_698,VGND,li1,18.6300,87.3310,0.000030
TAP_TAPCELL_ROW_27_697,VGND,li1,366.3900,86.7480,0.000088
TAP_TAPCELL_ROW_27_696,VGND,li1,340.6300,86.7480,0.000079
TAP_TAPCELL_ROW_27_695,VGND,li1,314.8700,86.7480,0.000130
TAP_TAPCELL_ROW_27_694,VGND,li1,289.1100,86.7480,0.000205
TAP_TAPCELL_ROW_27_693,VGND,li1,263.3500,86.7480,0.000268
TAP_TAPCELL_ROW_27_692,VGND,li1,237.5900,86.7480,0.000315
TAP_TAPCELL_ROW_27_691,VGND,li1,211.8300,86.7480,0.000240
TAP_TAPCELL_ROW_27_690,VGND,li1,186.0700,86.7480,0.000109
TAP_TAPCELL_ROW_27_689,VGND,li1,160.3100,86.7480,0.000116
TAP_TAPCELL_ROW_27_688,VGND,li1,134.5500,86.7480,0.000153
TAP_TAPCELL_ROW_27_687,VGND,li1,108.7900,86.7480,0.000180
TAP_TAPCELL_ROW_27_686,VGND,li1,83.0300,86.7480,0.000162
TAP_TAPCELL_ROW_27_685,VGND,li1,57.2700,86.7480,0.000119
TAP_TAPCELL_ROW_27_684,VGND,li1,31.5100,86.7480,0.000044
TAP_TAPCELL_ROW_26_683,VGND,li1,379.2700,81.8910,0.000103
TAP_TAPCELL_ROW_26_682,VGND,li1,353.5100,81.8910,0.000083
TAP_TAPCELL_ROW_26_681,VGND,li1,327.7500,81.8910,0.000068
TAP_TAPCELL_ROW_26_680,VGND,li1,301.9900,81.8910,0.000143
TAP_TAPCELL_ROW_26_679,VGND,li1,276.2300,81.8910,0.000194
TAP_TAPCELL_ROW_26_678,VGND,li1,250.4700,81.8910,0.000220
TAP_TAPCELL_ROW_26_677,VGND,li1,224.7100,81.8910,0.000229
TAP_TAPCELL_ROW_26_676,VGND,li1,198.9500,81.8910,0.000188
TAP_TAPCELL_ROW_26_675,VGND,li1,173.1900,81.8910,0.000121
TAP_TAPCELL_ROW_26_674,VGND,li1,147.4300,81.8910,0.000188
TAP_TAPCELL_ROW_26_673,VGND,li1,121.6700,81.8910,0.000210
TAP_TAPCELL_ROW_26_672,VGND,li1,95.9100,81.8910,0.000200
TAP_TAPCELL_ROW_26_671,VGND,li1,70.1500,81.8910,0.000158
TAP_TAPCELL_ROW_26_670,VGND,li1,44.3900,81.8910,0.000093
TAP_TAPCELL_ROW_26_669,VGND,li1,18.6300,81.8910,0.000033
TAP_TAPCELL_ROW_25_668,VGND,li1,366.3900,81.3080,0.000095
TAP_TAPCELL_ROW_25_667,VGND,li1,340.6300,81.3080,0.000063
TAP_TAPCELL_ROW_25_666,VGND,li1,314.8700,81.3080,0.000108
TAP_TAPCELL_ROW_25_665,VGND,li1,289.1100,81.3080,0.000173
TAP_TAPCELL_ROW_25_664,VGND,li1,263.3500,81.3080,0.000208
TAP_TAPCELL_ROW_25_663,VGND,li1,237.5900,81.3080,0.000226
TAP_TAPCELL_ROW_25_662,VGND,li1,211.8300,81.3080,0.000218
TAP_TAPCELL_ROW_25_661,VGND,li1,186.0700,81.3080,0.000143
TAP_TAPCELL_ROW_25_660,VGND,li1,160.3100,81.3080,0.000156
TAP_TAPCELL_ROW_25_659,VGND,li1,134.5500,81.3080,0.000202
TAP_TAPCELL_ROW_25_658,VGND,li1,108.7900,81.3080,0.000215
TAP_TAPCELL_ROW_25_657,VGND,li1,83.0300,81.3080,0.000180
TAP_TAPCELL_ROW_25_656,VGND,li1,57.2700,81.3080,0.000126
TAP_TAPCELL_ROW_25_655,VGND,li1,31.5100,81.3080,0.000048
TAP_TAPCELL_ROW_24_654,VGND,li1,379.2700,76.4510,0.000184
TAP_TAPCELL_ROW_24_653,VGND,li1,353.5100,76.4510,0.000149
TAP_TAPCELL_ROW_24_652,VGND,li1,327.7500,76.4510,0.000117
TAP_TAPCELL_ROW_24_651,VGND,li1,301.9900,76.4510,0.000203
TAP_TAPCELL_ROW_24_650,VGND,li1,276.2300,76.4510,0.000222
TAP_TAPCELL_ROW_24_649,VGND,li1,250.4700,76.4510,0.000203
TAP_TAPCELL_ROW_24_648,VGND,li1,224.7100,76.4510,0.000163
TAP_TAPCELL_ROW_24_647,VGND,li1,198.9500,76.4510,0.000114
TAP_TAPCELL_ROW_24_646,VGND,li1,173.1900,76.4510,0.000048
TAP_TAPCELL_ROW_24_645,VGND,li1,147.4300,76.4510,0.000065
TAP_TAPCELL_ROW_24_644,VGND,li1,121.6700,76.4510,0.000073
TAP_TAPCELL_ROW_24_643,VGND,li1,95.9100,76.4510,0.000074
TAP_TAPCELL_ROW_24_642,VGND,li1,70.1500,76.4510,0.000064
TAP_TAPCELL_ROW_24_641,VGND,li1,44.3900,76.4510,0.000044
TAP_TAPCELL_ROW_24_640,VGND,li1,18.6300,76.4510,0.000016
TAP_TAPCELL_ROW_23_639,VGND,li1,366.3900,75.8680,0.000167
TAP_TAPCELL_ROW_23_638,VGND,li1,340.6300,75.8680,0.000112
TAP_TAPCELL_ROW_23_637,VGND,li1,314.8700,75.8680,0.000170
TAP_TAPCELL_ROW_23_636,VGND,li1,289.1100,75.8680,0.000216
TAP_TAPCELL_ROW_23_635,VGND,li1,263.3500,75.8680,0.000219
TAP_TAPCELL_ROW_23_634,VGND,li1,237.5900,75.8680,0.000185
TAP_TAPCELL_ROW_23_633,VGND,li1,211.8300,75.8680,0.000141
TAP_TAPCELL_ROW_23_632,VGND,li1,186.0700,75.8680,0.000069
TAP_TAPCELL_ROW_23_631,VGND,li1,160.3100,75.8680,0.000058
TAP_TAPCELL_ROW_23_630,VGND,li1,134.5500,75.8680,0.000071
TAP_TAPCELL_ROW_23_629,VGND,li1,108.7900,75.8680,0.000074
TAP_TAPCELL_ROW_23_628,VGND,li1,83.0300,75.8680,0.000071
TAP_TAPCELL_ROW_23_627,VGND,li1,57.2700,75.8680,0.000056
TAP_TAPCELL_ROW_23_626,VGND,li1,31.5100,75.8680,0.000024
TAP_TAPCELL_ROW_22_625,VGND,li1,379.2700,71.0110,0.000102
TAP_TAPCELL_ROW_22_624,VGND,li1,353.5100,71.0110,0.000084
TAP_TAPCELL_ROW_22_623,VGND,li1,327.7500,71.0110,0.000067
TAP_TAPCELL_ROW_22_622,VGND,li1,301.9900,71.0110,0.000141
TAP_TAPCELL_ROW_22_621,VGND,li1,276.2300,71.0110,0.000193
TAP_TAPCELL_ROW_22_620,VGND,li1,250.4700,71.0110,0.000215
TAP_TAPCELL_ROW_22_619,VGND,li1,224.7100,71.0110,0.000189
TAP_TAPCELL_ROW_22_618,VGND,li1,198.9500,71.0110,0.000143
TAP_TAPCELL_ROW_22_617,VGND,li1,173.1900,71.0110,0.000073
TAP_TAPCELL_ROW_22_616,VGND,li1,147.4300,71.0110,0.000100
TAP_TAPCELL_ROW_22_615,VGND,li1,121.6700,71.0110,0.000110
TAP_TAPCELL_ROW_22_614,VGND,li1,95.9100,71.0110,0.000109
TAP_TAPCELL_ROW_22_613,VGND,li1,70.1500,71.0110,0.000087
TAP_TAPCELL_ROW_22_612,VGND,li1,44.3900,71.0110,0.000056
TAP_TAPCELL_ROW_22_611,VGND,li1,18.6300,71.0110,0.000020
TAP_TAPCELL_ROW_21_610,VGND,li1,366.3900,70.4280,0.000094
TAP_TAPCELL_ROW_21_609,VGND,li1,340.6300,70.4280,0.000070
TAP_TAPCELL_ROW_21_608,VGND,li1,314.8700,70.4280,0.000101
TAP_TAPCELL_ROW_21_607,VGND,li1,289.1100,70.4280,0.000167
TAP_TAPCELL_ROW_21_606,VGND,li1,263.3500,70.4280,0.000208
TAP_TAPCELL_ROW_21_605,VGND,li1,237.5900,70.4280,0.000205
TAP_TAPCELL_ROW_21_604,VGND,li1,211.8300,70.4280,0.000173
TAP_TAPCELL_ROW_21_603,VGND,li1,186.0700,70.4280,0.000094
TAP_TAPCELL_ROW_21_602,VGND,li1,160.3100,70.4280,0.000089
TAP_TAPCELL_ROW_21_601,VGND,li1,134.5500,70.4280,0.000106
TAP_TAPCELL_ROW_21_600,VGND,li1,108.7900,70.4280,0.000111
TAP_TAPCELL_ROW_21_599,VGND,li1,83.0300,70.4280,0.000101
TAP_TAPCELL_ROW_21_598,VGND,li1,57.2700,70.4280,0.000072
TAP_TAPCELL_ROW_21_597,VGND,li1,31.5100,70.4280,0.000029
TAP_TAPCELL_ROW_20_596,VGND,li1,379.2700,65.5710,0.000104
TAP_TAPCELL_ROW_20_595,VGND,li1,353.5100,65.5710,0.000104
TAP_TAPCELL_ROW_20_594,VGND,li1,327.7500,65.5710,0.000094
TAP_TAPCELL_ROW_20_593,VGND,li1,301.9900,65.5710,0.000212
TAP_TAPCELL_ROW_20_592,VGND,li1,276.2300,65.5710,0.000312
TAP_TAPCELL_ROW_20_591,VGND,li1,250.4700,65.5710,0.000358
TAP_TAPCELL_ROW_20_590,VGND,li1,224.7100,65.5710,0.000331
TAP_TAPCELL_ROW_20_589,VGND,li1,198.9500,65.5710,0.000227
TAP_TAPCELL_ROW_20_588,VGND,li1,173.1900,65.5710,0.000122
TAP_TAPCELL_ROW_20_587,VGND,li1,147.4300,65.5710,0.000138
TAP_TAPCELL_ROW_20_586,VGND,li1,121.6700,65.5710,0.000138
TAP_TAPCELL_ROW_20_585,VGND,li1,95.9100,65.5710,0.000128
TAP_TAPCELL_ROW_20_584,VGND,li1,70.1500,65.5710,0.000110
TAP_TAPCELL_ROW_20_583,VGND,li1,44.3900,65.5710,0.000079
TAP_TAPCELL_ROW_20_582,VGND,li1,18.6300,65.5710,0.000029
TAP_TAPCELL_ROW_19_581,VGND,li1,366.3900,64.9880,0.000104
TAP_TAPCELL_ROW_19_580,VGND,li1,340.6300,64.9880,0.000097
TAP_TAPCELL_ROW_19_579,VGND,li1,314.8700,64.9880,0.000157
TAP_TAPCELL_ROW_19_578,VGND,li1,289.1100,64.9880,0.000259
TAP_TAPCELL_ROW_19_577,VGND,li1,263.3500,64.9880,0.000356
TAP_TAPCELL_ROW_19_576,VGND,li1,237.5900,64.9880,0.000345
TAP_TAPCELL_ROW_19_575,VGND,li1,211.8300,64.9880,0.000295
TAP_TAPCELL_ROW_19_574,VGND,li1,186.0700,64.9880,0.000156
TAP_TAPCELL_ROW_19_573,VGND,li1,160.3100,64.9880,0.000132
TAP_TAPCELL_ROW_19_572,VGND,li1,134.5500,64.9880,0.000140
TAP_TAPCELL_ROW_19_571,VGND,li1,108.7900,64.9880,0.000134
TAP_TAPCELL_ROW_19_570,VGND,li1,83.0300,64.9880,0.000119
TAP_TAPCELL_ROW_19_569,VGND,li1,57.2700,64.9880,0.000098
TAP_TAPCELL_ROW_19_568,VGND,li1,31.5100,64.9880,0.000043
TAP_TAPCELL_ROW_18_567,VGND,li1,379.2700,60.1310,0.000118
TAP_TAPCELL_ROW_18_566,VGND,li1,353.5100,60.1310,0.000117
TAP_TAPCELL_ROW_18_565,VGND,li1,327.7500,60.1310,0.000092
TAP_TAPCELL_ROW_18_564,VGND,li1,301.9900,60.1310,0.000167
TAP_TAPCELL_ROW_18_563,VGND,li1,276.2300,60.1310,0.000222
TAP_TAPCELL_ROW_18_562,VGND,li1,250.4700,60.1310,0.000268
TAP_TAPCELL_ROW_18_561,VGND,li1,224.7100,60.1310,0.000289
TAP_TAPCELL_ROW_18_560,VGND,li1,198.9500,60.1310,0.000266
TAP_TAPCELL_ROW_18_559,VGND,li1,173.1900,60.1310,0.000223
TAP_TAPCELL_ROW_18_558,VGND,li1,147.4300,60.1310,0.000498
TAP_TAPCELL_ROW_18_557,VGND,li1,121.6700,60.1310,0.000585
TAP_TAPCELL_ROW_18_556,VGND,li1,95.9100,60.1310,0.000552
TAP_TAPCELL_ROW_18_555,VGND,li1,70.1500,60.1310,0.000410
TAP_TAPCELL_ROW_18_554,VGND,li1,44.3900,60.1310,0.000232
TAP_TAPCELL_ROW_18_553,VGND,li1,18.6300,60.1310,0.000082
TAP_TAPCELL_ROW_17_552,VGND,li1,366.3900,59.5480,0.000118
TAP_TAPCELL_ROW_17_551,VGND,li1,340.6300,59.5480,0.000096
TAP_TAPCELL_ROW_17_550,VGND,li1,314.8700,59.5480,0.000138
TAP_TAPCELL_ROW_17_549,VGND,li1,289.1100,59.5480,0.000196
TAP_TAPCELL_ROW_17_548,VGND,li1,263.3500,59.5480,0.000250
TAP_TAPCELL_ROW_17_547,VGND,li1,237.5900,59.5480,0.000280
TAP_TAPCELL_ROW_17_546,VGND,li1,211.8300,59.5480,0.000292
TAP_TAPCELL_ROW_17_545,VGND,li1,186.0700,59.5480,0.000198
TAP_TAPCELL_ROW_17_544,VGND,li1,160.3100,59.5480,0.000368
TAP_TAPCELL_ROW_17_543,VGND,li1,134.5500,59.5480,0.000555
TAP_TAPCELL_ROW_17_542,VGND,li1,108.7900,59.5480,0.000586
TAP_TAPCELL_ROW_17_541,VGND,li1,83.0300,59.5480,0.000501
TAP_TAPCELL_ROW_17_540,VGND,li1,57.2700,59.5480,0.000323
TAP_TAPCELL_ROW_17_539,VGND,li1,31.5100,59.5480,0.000121
TAP_TAPCELL_ROW_16_538,VGND,li1,379.2700,54.6910,0.000260
TAP_TAPCELL_ROW_16_537,VGND,li1,353.5100,54.6910,0.000230
TAP_TAPCELL_ROW_16_536,VGND,li1,327.7500,54.6910,0.000150
TAP_TAPCELL_ROW_16_535,VGND,li1,301.9900,54.6910,0.000256
TAP_TAPCELL_ROW_16_534,VGND,li1,276.2300,54.6910,0.000285
TAP_TAPCELL_ROW_16_533,VGND,li1,250.4700,54.6910,0.000245
TAP_TAPCELL_ROW_16_532,VGND,li1,224.7100,54.6910,0.000190
TAP_TAPCELL_ROW_16_531,VGND,li1,198.9500,54.6910,0.000122
TAP_TAPCELL_ROW_16_530,VGND,li1,173.1900,54.6910,0.000082
TAP_TAPCELL_ROW_16_529,VGND,li1,147.4300,54.6910,0.000145
TAP_TAPCELL_ROW_16_528,VGND,li1,121.6700,54.6910,0.000202
TAP_TAPCELL_ROW_16_527,VGND,li1,95.9100,54.6910,0.000194
TAP_TAPCELL_ROW_16_526,VGND,li1,70.1500,54.6910,0.000157
TAP_TAPCELL_ROW_16_525,VGND,li1,44.3900,54.6910,0.000096
TAP_TAPCELL_ROW_16_524,VGND,li1,18.6300,54.6910,0.000034
TAP_TAPCELL_ROW_15_523,VGND,li1,366.3900,54.1080,0.000252
TAP_TAPCELL_ROW_15_522,VGND,li1,340.6300,54.1080,0.000171
TAP_TAPCELL_ROW_15_521,VGND,li1,314.8700,54.1080,0.000228
TAP_TAPCELL_ROW_15_520,VGND,li1,289.1100,54.1080,0.000277
TAP_TAPCELL_ROW_15_519,VGND,li1,263.3500,54.1080,0.000269
TAP_TAPCELL_ROW_15_518,VGND,li1,237.5900,54.1080,0.000223
TAP_TAPCELL_ROW_15_517,VGND,li1,211.8300,54.1080,0.000155
TAP_TAPCELL_ROW_15_516,VGND,li1,186.0700,54.1080,0.000079
TAP_TAPCELL_ROW_15_515,VGND,li1,160.3100,54.1080,0.000113
TAP_TAPCELL_ROW_15_514,VGND,li1,134.5500,54.1080,0.000173
TAP_TAPCELL_ROW_15_513,VGND,li1,108.7900,54.1080,0.000205
TAP_TAPCELL_ROW_15_512,VGND,li1,83.0300,54.1080,0.000180
TAP_TAPCELL_ROW_15_511,VGND,li1,57.2700,54.1080,0.000132
TAP_TAPCELL_ROW_15_510,VGND,li1,31.5100,54.1080,0.000050
TAP_TAPCELL_ROW_14_509,VGND,li1,379.2700,49.2510,0.000187
TAP_TAPCELL_ROW_14_508,VGND,li1,353.5100,49.2510,0.000179
TAP_TAPCELL_ROW_14_507,VGND,li1,327.7500,49.2510,0.000140
TAP_TAPCELL_ROW_14_506,VGND,li1,301.9900,49.2510,0.000293
TAP_TAPCELL_ROW_14_505,VGND,li1,276.2300,49.2510,0.000381
TAP_TAPCELL_ROW_14_504,VGND,li1,250.4700,49.2510,0.000344
TAP_TAPCELL_ROW_14_503,VGND,li1,224.7100,49.2510,0.000255
TAP_TAPCELL_ROW_14_502,VGND,li1,198.9500,49.2510,0.000161
TAP_TAPCELL_ROW_14_501,VGND,li1,173.1900,49.2510,0.000079
TAP_TAPCELL_ROW_14_500,VGND,li1,147.4300,49.2510,0.000110
TAP_TAPCELL_ROW_14_499,VGND,li1,121.6700,49.2510,0.000130
TAP_TAPCELL_ROW_14_498,VGND,li1,95.9100,49.2510,0.000134
TAP_TAPCELL_ROW_14_497,VGND,li1,70.1500,49.2510,0.000125
TAP_TAPCELL_ROW_14_496,VGND,li1,44.3900,49.2510,0.000093
TAP_TAPCELL_ROW_14_495,VGND,li1,18.6300,49.2510,0.000033
TAP_TAPCELL_ROW_13_494,VGND,li1,366.3900,48.6680,0.000187
TAP_TAPCELL_ROW_13_493,VGND,li1,340.6300,48.6680,0.000145
TAP_TAPCELL_ROW_13_492,VGND,li1,314.8700,48.6680,0.000227
TAP_TAPCELL_ROW_13_491,VGND,li1,289.1100,48.6680,0.000348
TAP_TAPCELL_ROW_13_490,VGND,li1,263.3500,48.6680,0.000378
TAP_TAPCELL_ROW_13_489,VGND,li1,237.5900,48.6680,0.000298
TAP_TAPCELL_ROW_13_488,VGND,li1,211.8300,48.6680,0.000210
TAP_TAPCELL_ROW_13_487,VGND,li1,186.0700,48.6680,0.000103
TAP_TAPCELL_ROW_13_486,VGND,li1,160.3100,48.6680,0.000095
TAP_TAPCELL_ROW_13_485,VGND,li1,134.5500,48.6680,0.000121
TAP_TAPCELL_ROW_13_484,VGND,li1,108.7900,48.6680,0.000134
TAP_TAPCELL_ROW_13_483,VGND,li1,83.0300,48.6680,0.000132
TAP_TAPCELL_ROW_13_482,VGND,li1,57.2700,48.6680,0.000116
TAP_TAPCELL_ROW_13_481,VGND,li1,31.5100,48.6680,0.000049
TAP_TAPCELL_ROW_12_480,VGND,li1,379.2700,43.8110,0.000154
TAP_TAPCELL_ROW_12_479,VGND,li1,353.5100,43.8110,0.000131
TAP_TAPCELL_ROW_12_478,VGND,li1,327.7500,43.8110,0.000144
TAP_TAPCELL_ROW_12_477,VGND,li1,301.9900,43.8110,0.000361
TAP_TAPCELL_ROW_12_476,VGND,li1,276.2300,43.8110,0.000500
TAP_TAPCELL_ROW_12_475,VGND,li1,250.4700,43.8110,0.000525
TAP_TAPCELL_ROW_12_474,VGND,li1,224.7100,43.8110,0.000453
TAP_TAPCELL_ROW_12_473,VGND,li1,198.9500,43.8110,0.000296
TAP_TAPCELL_ROW_12_472,VGND,li1,173.1900,43.8110,0.000137
TAP_TAPCELL_ROW_12_471,VGND,li1,147.4300,43.8110,0.000176
TAP_TAPCELL_ROW_12_470,VGND,li1,121.6700,43.8110,0.000191
TAP_TAPCELL_ROW_12_469,VGND,li1,95.9100,43.8110,0.000195
TAP_TAPCELL_ROW_12_468,VGND,li1,70.1500,43.8110,0.000185
TAP_TAPCELL_ROW_12_467,VGND,li1,44.3900,43.8110,0.000134
TAP_TAPCELL_ROW_12_466,VGND,li1,18.6300,43.8110,0.000046
TAP_TAPCELL_ROW_11_465,VGND,li1,366.3900,43.2280,0.000145
TAP_TAPCELL_ROW_11_464,VGND,li1,340.6300,43.2280,0.000114
TAP_TAPCELL_ROW_11_463,VGND,li1,314.8700,43.2280,0.000256
TAP_TAPCELL_ROW_11_462,VGND,li1,289.1100,43.2280,0.000445
TAP_TAPCELL_ROW_11_461,VGND,li1,263.3500,43.2280,0.000529
TAP_TAPCELL_ROW_11_460,VGND,li1,237.5900,43.2280,0.000495
TAP_TAPCELL_ROW_11_459,VGND,li1,211.8300,43.2280,0.000386
TAP_TAPCELL_ROW_11_458,VGND,li1,186.0700,43.2280,0.000197
TAP_TAPCELL_ROW_11_457,VGND,li1,160.3100,43.2280,0.000162
TAP_TAPCELL_ROW_11_456,VGND,li1,134.5500,43.2280,0.000185
TAP_TAPCELL_ROW_11_455,VGND,li1,108.7900,43.2280,0.000195
TAP_TAPCELL_ROW_11_454,VGND,li1,83.0300,43.2280,0.000192
TAP_TAPCELL_ROW_11_453,VGND,li1,57.2700,43.2280,0.000176
TAP_TAPCELL_ROW_11_452,VGND,li1,31.5100,43.2280,0.000068
TAP_TAPCELL_ROW_10_451,VGND,li1,379.2700,38.3710,0.000344
TAP_TAPCELL_ROW_10_450,VGND,li1,353.5100,38.3710,0.000344
TAP_TAPCELL_ROW_10_449,VGND,li1,327.7500,38.3710,0.000360
TAP_TAPCELL_ROW_10_448,VGND,li1,301.9900,38.3710,0.000644
TAP_TAPCELL_ROW_10_447,VGND,li1,276.2300,38.3710,0.000768
TAP_TAPCELL_ROW_10_446,VGND,li1,250.4700,38.3710,0.000869
TAP_TAPCELL_ROW_10_445,VGND,li1,224.7100,38.3710,0.000927
TAP_TAPCELL_ROW_10_444,VGND,li1,198.9500,38.3710,0.000720
TAP_TAPCELL_ROW_10_443,VGND,li1,173.1900,38.3710,0.000437
TAP_TAPCELL_ROW_10_442,VGND,li1,147.4300,38.3710,0.000704
TAP_TAPCELL_ROW_10_441,VGND,li1,121.6700,38.3710,0.000755
TAP_TAPCELL_ROW_10_440,VGND,li1,95.9100,38.3710,0.000611
TAP_TAPCELL_ROW_10_439,VGND,li1,70.1500,38.3710,0.000443
TAP_TAPCELL_ROW_10_438,VGND,li1,44.3900,38.3710,0.000249
TAP_TAPCELL_ROW_10_437,VGND,li1,18.6300,38.3710,0.000088
TAP_TAPCELL_ROW_9_436,VGND,li1,366.3900,37.7880,0.000344
TAP_TAPCELL_ROW_9_435,VGND,li1,340.6300,37.7880,0.000315
TAP_TAPCELL_ROW_9_434,VGND,li1,314.8700,37.7880,0.000512
TAP_TAPCELL_ROW_9_433,VGND,li1,289.1100,37.7880,0.000712
TAP_TAPCELL_ROW_9_432,VGND,li1,263.3500,37.7880,0.000821
TAP_TAPCELL_ROW_9_431,VGND,li1,237.5900,37.7880,0.000912
TAP_TAPCELL_ROW_9_430,VGND,li1,211.8300,37.7880,0.000863
TAP_TAPCELL_ROW_9_429,VGND,li1,186.0700,37.7880,0.000509
TAP_TAPCELL_ROW_9_428,VGND,li1,160.3100,37.7880,0.000571
TAP_TAPCELL_ROW_9_427,VGND,li1,134.5500,37.7880,0.000738
TAP_TAPCELL_ROW_9_426,VGND,li1,108.7900,37.7880,0.000689
TAP_TAPCELL_ROW_9_425,VGND,li1,83.0300,37.7880,0.000533
TAP_TAPCELL_ROW_9_424,VGND,li1,57.2700,37.7880,0.000348
TAP_TAPCELL_ROW_9_423,VGND,li1,31.5100,37.7880,0.000131
TAP_TAPCELL_ROW_8_422,VGND,li1,379.2700,32.9310,0.000267
TAP_TAPCELL_ROW_8_421,VGND,li1,353.5100,32.9310,0.000267
TAP_TAPCELL_ROW_8_420,VGND,li1,327.7500,32.9310,0.000343
TAP_TAPCELL_ROW_8_419,VGND,li1,301.9900,32.9310,0.000872
TAP_TAPCELL_ROW_8_418,VGND,li1,276.2300,32.9310,0.001239
TAP_TAPCELL_ROW_8_417,VGND,li1,250.4700,32.9310,0.001350
TAP_TAPCELL_ROW_8_416,VGND,li1,224.7100,32.9310,0.001274
TAP_TAPCELL_ROW_8_415,VGND,li1,198.9500,32.9310,0.000899
TAP_TAPCELL_ROW_8_414,VGND,li1,173.1900,32.9310,0.000467
TAP_TAPCELL_ROW_8_413,VGND,li1,147.4300,32.9310,0.000651
TAP_TAPCELL_ROW_8_412,VGND,li1,121.6700,32.9310,0.000616
TAP_TAPCELL_ROW_8_411,VGND,li1,95.9100,32.9310,0.000549
TAP_TAPCELL_ROW_8_410,VGND,li1,70.1500,32.9310,0.000452
TAP_TAPCELL_ROW_8_409,VGND,li1,44.3900,32.9310,0.000304
TAP_TAPCELL_ROW_8_408,VGND,li1,18.6300,32.9310,0.000104
TAP_TAPCELL_ROW_7_407,VGND,li1,366.3900,32.3480,0.000267
TAP_TAPCELL_ROW_7_406,VGND,li1,340.6300,32.3480,0.000259
TAP_TAPCELL_ROW_7_405,VGND,li1,314.8700,32.3480,0.000601
TAP_TAPCELL_ROW_7_404,VGND,li1,289.1100,32.3480,0.001067
TAP_TAPCELL_ROW_7_403,VGND,li1,263.3500,32.3480,0.001361
TAP_TAPCELL_ROW_7_402,VGND,li1,237.5900,32.3480,0.001311
TAP_TAPCELL_ROW_7_401,VGND,li1,211.8300,32.3480,0.001156
TAP_TAPCELL_ROW_7_400,VGND,li1,186.0700,32.3480,0.000598
TAP_TAPCELL_ROW_7_399,VGND,li1,160.3100,32.3480,0.000565
TAP_TAPCELL_ROW_7_398,VGND,li1,134.5500,32.3480,0.000637
TAP_TAPCELL_ROW_7_397,VGND,li1,108.7900,32.3480,0.000590
TAP_TAPCELL_ROW_7_396,VGND,li1,83.0300,32.3480,0.000502
TAP_TAPCELL_ROW_7_395,VGND,li1,57.2700,32.3480,0.000395
TAP_TAPCELL_ROW_7_394,VGND,li1,31.5100,32.3480,0.000154
TAP_TAPCELL_ROW_6_393,VGND,li1,379.2700,27.4910,0.000775
TAP_TAPCELL_ROW_6_392,VGND,li1,353.5100,27.4910,0.000775
TAP_TAPCELL_ROW_6_391,VGND,li1,327.7500,27.4910,0.001158
TAP_TAPCELL_ROW_6_390,VGND,li1,301.9900,27.4910,0.002949
TAP_TAPCELL_ROW_6_389,VGND,li1,276.2300,27.4910,0.003940
TAP_TAPCELL_ROW_6_388,VGND,li1,250.4700,27.4910,0.004309
TAP_TAPCELL_ROW_6_387,VGND,li1,224.7100,27.4910,0.004383
TAP_TAPCELL_ROW_6_386,VGND,li1,198.9500,27.4910,0.003482
TAP_TAPCELL_ROW_6_385,VGND,li1,173.1900,27.4910,0.001759
TAP_TAPCELL_ROW_6_384,VGND,li1,147.4300,27.4910,0.002088
TAP_TAPCELL_ROW_6_383,VGND,li1,121.6700,27.4910,0.002038
TAP_TAPCELL_ROW_6_382,VGND,li1,95.9100,27.4910,0.001690
TAP_TAPCELL_ROW_6_381,VGND,li1,70.1500,27.4910,0.001267
TAP_TAPCELL_ROW_6_380,VGND,li1,44.3900,27.4910,0.000680
TAP_TAPCELL_ROW_6_379,VGND,li1,18.6300,27.4910,0.000233
TAP_TAPCELL_ROW_5_378,VGND,li1,366.3900,26.9080,0.000775
TAP_TAPCELL_ROW_5_377,VGND,li1,340.6300,26.9080,0.000770
TAP_TAPCELL_ROW_5_376,VGND,li1,314.8700,26.9080,0.002050
TAP_TAPCELL_ROW_5_375,VGND,li1,289.1100,26.9080,0.003546
TAP_TAPCELL_ROW_5_374,VGND,li1,263.3500,26.9080,0.004259
TAP_TAPCELL_ROW_5_373,VGND,li1,237.5900,26.9080,0.004346
TAP_TAPCELL_ROW_5_372,VGND,li1,211.8300,26.9080,0.004130
TAP_TAPCELL_ROW_5_371,VGND,li1,186.0700,26.9080,0.002437
TAP_TAPCELL_ROW_5_370,VGND,li1,160.3100,26.9080,0.001944
TAP_TAPCELL_ROW_5_369,VGND,li1,134.5500,26.9080,0.002063
TAP_TAPCELL_ROW_5_368,VGND,li1,108.7900,26.9080,0.001856
TAP_TAPCELL_ROW_5_367,VGND,li1,83.0300,26.9080,0.001501
TAP_TAPCELL_ROW_5_366,VGND,li1,57.2700,26.9080,0.000968
TAP_TAPCELL_ROW_5_365,VGND,li1,31.5100,26.9080,0.000343
TAP_TAPCELL_ROW_4_364,VGND,li1,379.2700,22.0510,0.001565
TAP_TAPCELL_ROW_4_363,VGND,li1,353.5100,22.0510,0.001565
TAP_TAPCELL_ROW_4_362,VGND,li1,327.7500,22.0510,0.002203
TAP_TAPCELL_ROW_4_361,VGND,li1,301.9900,22.0510,0.005002
TAP_TAPCELL_ROW_4_360,VGND,li1,276.2300,22.0510,0.005488
TAP_TAPCELL_ROW_4_359,VGND,li1,250.4700,22.0510,0.005155
TAP_TAPCELL_ROW_4_358,VGND,li1,224.7100,22.0510,0.004639
TAP_TAPCELL_ROW_4_357,VGND,li1,198.9500,22.0510,0.003498
TAP_TAPCELL_ROW_4_356,VGND,li1,173.1900,22.0510,0.001774
TAP_TAPCELL_ROW_4_355,VGND,li1,147.4300,22.0510,0.002459
TAP_TAPCELL_ROW_4_354,VGND,li1,121.6700,22.0510,0.002324
TAP_TAPCELL_ROW_4_353,VGND,li1,95.9100,22.0510,0.001941
TAP_TAPCELL_ROW_4_352,VGND,li1,70.1500,22.0510,0.001486
TAP_TAPCELL_ROW_4_351,VGND,li1,44.3900,22.0510,0.000838
TAP_TAPCELL_ROW_4_350,VGND,li1,18.6300,22.0510,0.000286
TAP_TAPCELL_ROW_3_349,VGND,li1,366.3900,21.4680,0.001565
TAP_TAPCELL_ROW_3_348,VGND,li1,340.6300,21.4680,0.001565
TAP_TAPCELL_ROW_3_347,VGND,li1,314.8700,21.4680,0.003967
TAP_TAPCELL_ROW_3_346,VGND,li1,289.1100,21.4680,0.005367
TAP_TAPCELL_ROW_3_345,VGND,li1,263.3500,21.4680,0.005442
TAP_TAPCELL_ROW_3_344,VGND,li1,237.5900,21.4680,0.004892
TAP_TAPCELL_ROW_3_343,VGND,li1,211.8300,21.4680,0.004228
TAP_TAPCELL_ROW_3_342,VGND,li1,186.0700,21.4680,0.002532
TAP_TAPCELL_ROW_3_341,VGND,li1,160.3100,21.4680,0.002264
TAP_TAPCELL_ROW_3_340,VGND,li1,134.5500,21.4680,0.002389
TAP_TAPCELL_ROW_3_339,VGND,li1,108.7900,21.4680,0.002145
TAP_TAPCELL_ROW_3_338,VGND,li1,83.0300,21.4680,0.001727
TAP_TAPCELL_ROW_3_337,VGND,li1,57.2700,21.4680,0.001182
TAP_TAPCELL_ROW_3_336,VGND,li1,31.5100,21.4680,0.000423
TAP_TAPCELL_ROW_2_335,VGND,li1,379.2700,16.6110,0.000358
TAP_TAPCELL_ROW_2_334,VGND,li1,353.5100,16.6110,0.000358
TAP_TAPCELL_ROW_2_333,VGND,li1,327.7500,16.6110,0.000507
TAP_TAPCELL_ROW_2_332,VGND,li1,301.9900,16.6110,0.001178
TAP_TAPCELL_ROW_2_331,VGND,li1,276.2300,16.6110,0.001225
TAP_TAPCELL_ROW_2_330,VGND,li1,250.4700,16.6110,0.001254
TAP_TAPCELL_ROW_2_329,VGND,li1,224.7100,16.6110,0.001259
TAP_TAPCELL_ROW_2_328,VGND,li1,198.9500,16.6110,0.001236
TAP_TAPCELL_ROW_2_327,VGND,li1,173.1900,16.6110,0.001339
TAP_TAPCELL_ROW_2_326,VGND,li1,147.4300,16.6110,0.002686
TAP_TAPCELL_ROW_2_325,VGND,li1,121.6700,16.6110,0.003167
TAP_TAPCELL_ROW_2_324,VGND,li1,95.9100,16.6110,0.002722
TAP_TAPCELL_ROW_2_323,VGND,li1,70.1500,16.6110,0.002139
TAP_TAPCELL_ROW_2_322,VGND,li1,44.3900,16.6110,0.001142
TAP_TAPCELL_ROW_2_321,VGND,li1,18.6300,16.6110,0.000390
TAP_TAPCELL_ROW_1_320,VGND,li1,366.3900,16.0280,0.000358
TAP_TAPCELL_ROW_1_319,VGND,li1,340.6300,16.0280,0.000358
TAP_TAPCELL_ROW_1_318,VGND,li1,314.8700,16.0280,0.000930
TAP_TAPCELL_ROW_1_317,VGND,li1,289.1100,16.0280,0.001202
TAP_TAPCELL_ROW_1_316,VGND,li1,263.3500,16.0280,0.001243
TAP_TAPCELL_ROW_1_315,VGND,li1,237.5900,16.0280,0.001259
TAP_TAPCELL_ROW_1_314,VGND,li1,211.8300,16.0280,0.001250
TAP_TAPCELL_ROW_1_313,VGND,li1,186.0700,16.0280,0.001089
TAP_TAPCELL_ROW_1_312,VGND,li1,160.3100,16.0280,0.002057
TAP_TAPCELL_ROW_1_311,VGND,li1,134.5500,16.0280,0.002964
TAP_TAPCELL_ROW_1_310,VGND,li1,108.7900,16.0280,0.003012
TAP_TAPCELL_ROW_1_309,VGND,li1,83.0300,16.0280,0.002475
TAP_TAPCELL_ROW_1_308,VGND,li1,57.2700,16.0280,0.001645
TAP_TAPCELL_ROW_1_307,VGND,li1,31.5100,16.0280,0.000576
TAP_TAPCELL_ROW_0_306,VGND,li1,379.2700,11.1710,0.000105
TAP_TAPCELL_ROW_0_305,VGND,li1,366.3900,11.1710,0.000105
TAP_TAPCELL_ROW_0_304,VGND,li1,353.5100,11.1710,0.000105
TAP_TAPCELL_ROW_0_303,VGND,li1,340.6300,11.1710,0.000095
TAP_TAPCELL_ROW_0_302,VGND,li1,327.7500,11.1710,0.000094
TAP_TAPCELL_ROW_0_301,VGND,li1,314.8700,11.1710,0.000129
TAP_TAPCELL_ROW_0_300,VGND,li1,301.9900,11.1710,0.000140
TAP_TAPCELL_ROW_0_299,VGND,li1,289.1100,11.1710,0.000152
TAP_TAPCELL_ROW_0_298,VGND,li1,276.2300,11.1710,0.000163
TAP_TAPCELL_ROW_0_297,VGND,li1,263.3500,11.1710,0.000173
TAP_TAPCELL_ROW_0_296,VGND,li1,250.4700,11.1710,0.000180
TAP_TAPCELL_ROW_0_295,VGND,li1,237.5900,11.1710,0.000184
TAP_TAPCELL_ROW_0_294,VGND,li1,224.7100,11.1710,0.000185
TAP_TAPCELL_ROW_0_293,VGND,li1,211.8300,11.1710,0.000180
TAP_TAPCELL_ROW_0_292,VGND,li1,198.9500,11.1710,0.000169
TAP_TAPCELL_ROW_0_291,VGND,li1,186.0700,11.1710,0.000113
TAP_TAPCELL_ROW_0_290,VGND,li1,173.1900,11.1710,0.000101
TAP_TAPCELL_ROW_0_289,VGND,li1,160.3100,11.1710,0.000129
TAP_TAPCELL_ROW_0_288,VGND,li1,147.4300,11.1710,0.000138
TAP_TAPCELL_ROW_0_287,VGND,li1,134.5500,11.1710,0.000142
TAP_TAPCELL_ROW_0_286,VGND,li1,121.6700,11.1710,0.000137
TAP_TAPCELL_ROW_0_285,VGND,li1,108.7900,11.1710,0.000130
TAP_TAPCELL_ROW_0_284,VGND,li1,95.9100,11.1710,0.000118
TAP_TAPCELL_ROW_0_283,VGND,li1,83.0300,11.1710,0.000103
TAP_TAPCELL_ROW_0_282,VGND,li1,70.1500,11.1710,0.000087
TAP_TAPCELL_ROW_0_281,VGND,li1,57.2700,11.1710,0.000068
TAP_TAPCELL_ROW_0_280,VGND,li1,44.3900,11.1710,0.000050
TAP_TAPCELL_ROW_0_279,VGND,li1,31.5100,11.1710,0.000026
TAP_TAPCELL_ROW_0_278,VGND,li1,18.6300,11.1710,0.000017
PHY_EDGE_ROW_138_Left_277,VGND,li1,6.2100,386.2400,0.000113
PHY_EDGE_ROW_137_Left_276,VGND,li1,6.2100,386.2400,0.000113
PHY_EDGE_ROW_136_Left_275,VGND,li1,6.2100,380.8000,0.000238
PHY_EDGE_ROW_135_Left_274,VGND,li1,6.2100,380.8000,0.000238
PHY_EDGE_ROW_134_Left_273,VGND,li1,6.2100,375.3600,0.000272
PHY_EDGE_ROW_133_Left_272,VGND,li1,6.2100,375.3600,0.000272
PHY_EDGE_ROW_132_Left_271,VGND,li1,6.2100,369.9200,0.000262
PHY_EDGE_ROW_131_Left_270,VGND,li1,6.2100,369.9200,0.000262
PHY_EDGE_ROW_130_Left_269,VGND,li1,6.2100,364.4800,0.000176
PHY_EDGE_ROW_129_Left_268,VGND,li1,6.2100,364.4800,0.000176
PHY_EDGE_ROW_128_Left_267,VGND,li1,6.2100,359.0400,0.000049
PHY_EDGE_ROW_127_Left_266,VGND,li1,6.2100,359.0400,0.000049
PHY_EDGE_ROW_126_Left_265,VGND,li1,6.2100,353.6000,0.000046
PHY_EDGE_ROW_125_Left_264,VGND,li1,6.2100,353.6000,0.000046
PHY_EDGE_ROW_124_Left_263,VGND,li1,6.2100,348.1600,0.000028
PHY_EDGE_ROW_123_Left_262,VGND,li1,6.2100,348.1600,0.000028
PHY_EDGE_ROW_122_Left_261,VGND,li1,6.2100,342.7200,0.000044
PHY_EDGE_ROW_121_Left_260,VGND,li1,6.2100,342.7200,0.000044
PHY_EDGE_ROW_120_Left_259,VGND,li1,6.2100,337.2800,0.000038
PHY_EDGE_ROW_119_Left_258,VGND,li1,6.2100,337.2800,0.000038
PHY_EDGE_ROW_118_Left_257,VGND,li1,6.2100,331.8400,0.000032
PHY_EDGE_ROW_117_Left_256,VGND,li1,6.2100,331.8400,0.000032
PHY_EDGE_ROW_116_Left_255,VGND,li1,6.2100,326.4000,0.000017
PHY_EDGE_ROW_115_Left_254,VGND,li1,6.2100,326.4000,0.000017
PHY_EDGE_ROW_114_Left_253,VGND,li1,6.2100,320.9600,0.000032
PHY_EDGE_ROW_113_Left_252,VGND,li1,6.2100,320.9600,0.000032
PHY_EDGE_ROW_112_Left_251,VGND,li1,6.2100,315.5200,0.000044
PHY_EDGE_ROW_111_Left_250,VGND,li1,6.2100,315.5200,0.000044
PHY_EDGE_ROW_110_Left_249,VGND,li1,6.2100,310.0800,0.000016
PHY_EDGE_ROW_109_Left_248,VGND,li1,6.2100,310.0800,0.000016
PHY_EDGE_ROW_108_Left_247,VGND,li1,6.2100,304.6400,0.000020
PHY_EDGE_ROW_107_Left_246,VGND,li1,6.2100,304.6400,0.000020
PHY_EDGE_ROW_106_Left_245,VGND,li1,6.2100,299.2000,0.000024
PHY_EDGE_ROW_105_Left_244,VGND,li1,6.2100,299.2000,0.000024
PHY_EDGE_ROW_104_Left_243,VGND,li1,6.2100,293.7600,0.000020
PHY_EDGE_ROW_103_Left_242,VGND,li1,6.2100,293.7600,0.000020
PHY_EDGE_ROW_102_Left_241,VGND,li1,6.2100,288.3200,0.000047
PHY_EDGE_ROW_101_Left_240,VGND,li1,6.2100,288.3200,0.000047
PHY_EDGE_ROW_100_Left_239,VGND,li1,6.2100,282.8800,0.000379
PHY_EDGE_ROW_99_Left_238,VGND,li1,6.2100,282.8800,0.000379
PHY_EDGE_ROW_98_Left_237,VGND,li1,6.2100,277.4400,0.000244
PHY_EDGE_ROW_97_Left_236,VGND,li1,6.2100,277.4400,0.000244
PHY_EDGE_ROW_96_Left_235,VGND,li1,6.2100,272.0000,0.000165
PHY_EDGE_ROW_95_Left_234,VGND,li1,6.2100,272.0000,0.000165
PHY_EDGE_ROW_94_Left_233,VGND,li1,6.2100,266.5600,0.000165
PHY_EDGE_ROW_93_Left_232,VGND,li1,6.2100,266.5600,0.000165
PHY_EDGE_ROW_92_Left_231,VGND,li1,6.2100,261.1200,0.000071
PHY_EDGE_ROW_91_Left_230,VGND,li1,6.2100,261.1200,0.000071
PHY_EDGE_ROW_90_Left_229,VGND,li1,6.2100,255.6800,0.000030
PHY_EDGE_ROW_89_Left_228,VGND,li1,6.2100,255.6800,0.000030
PHY_EDGE_ROW_88_Left_227,VGND,li1,6.2100,250.2400,0.000032
PHY_EDGE_ROW_87_Left_226,VGND,li1,6.2100,250.2400,0.000032
PHY_EDGE_ROW_86_Left_225,VGND,li1,6.2100,244.8000,0.000049
PHY_EDGE_ROW_85_Left_224,VGND,li1,6.2100,244.8000,0.000049
PHY_EDGE_ROW_84_Left_223,VGND,li1,6.2100,239.3600,0.000048
PHY_EDGE_ROW_83_Left_222,VGND,li1,6.2100,239.3600,0.000048
PHY_EDGE_ROW_82_Left_221,VGND,li1,6.2100,233.9200,0.000029
PHY_EDGE_ROW_81_Left_220,VGND,li1,6.2100,233.9200,0.000029
PHY_EDGE_ROW_80_Left_219,VGND,li1,6.2100,228.4800,0.000030
PHY_EDGE_ROW_79_Left_218,VGND,li1,6.2100,228.4800,0.000030
PHY_EDGE_ROW_78_Left_217,VGND,li1,6.2100,223.0400,0.000040
PHY_EDGE_ROW_77_Left_216,VGND,li1,6.2100,223.0400,0.000040
PHY_EDGE_ROW_76_Left_215,VGND,li1,6.2100,217.6000,0.000027
PHY_EDGE_ROW_75_Left_214,VGND,li1,6.2100,217.6000,0.000027
PHY_EDGE_ROW_74_Left_213,VGND,li1,6.2100,212.1600,0.000020
PHY_EDGE_ROW_73_Left_212,VGND,li1,6.2100,212.1600,0.000020
PHY_EDGE_ROW_72_Left_211,VGND,li1,6.2100,206.7200,0.000015
PHY_EDGE_ROW_71_Left_210,VGND,li1,6.2100,206.7200,0.000015
PHY_EDGE_ROW_70_Left_209,VGND,li1,6.2100,201.2800,0.000016
PHY_EDGE_ROW_69_Left_208,VGND,li1,6.2100,201.2800,0.000016
PHY_EDGE_ROW_68_Left_207,VGND,li1,6.2100,195.8400,0.000015
PHY_EDGE_ROW_67_Left_206,VGND,li1,6.2100,195.8400,0.000015
PHY_EDGE_ROW_66_Left_205,VGND,li1,6.2100,190.4000,0.000020
PHY_EDGE_ROW_65_Left_204,VGND,li1,6.2100,190.4000,0.000020
PHY_EDGE_ROW_64_Left_203,VGND,li1,6.2100,184.9600,0.000021
PHY_EDGE_ROW_63_Left_202,VGND,li1,6.2100,184.9600,0.000021
PHY_EDGE_ROW_62_Left_201,VGND,li1,6.2100,179.5200,0.000030
PHY_EDGE_ROW_61_Left_200,VGND,li1,6.2100,179.5200,0.000030
PHY_EDGE_ROW_60_Left_199,VGND,li1,6.2100,174.0800,0.000045
PHY_EDGE_ROW_59_Left_198,VGND,li1,6.2100,174.0800,0.000045
PHY_EDGE_ROW_58_Left_197,VGND,li1,6.2100,168.6400,0.000028
PHY_EDGE_ROW_57_Left_196,VGND,li1,6.2100,168.6400,0.000028
PHY_EDGE_ROW_56_Left_195,VGND,li1,6.2100,163.2000,0.000036
PHY_EDGE_ROW_55_Left_194,VGND,li1,6.2100,163.2000,0.000036
PHY_EDGE_ROW_54_Left_193,VGND,li1,6.2100,157.7600,0.000026
PHY_EDGE_ROW_53_Left_192,VGND,li1,6.2100,157.7600,0.000026
PHY_EDGE_ROW_52_Left_191,VGND,li1,6.2100,152.3200,0.000085
PHY_EDGE_ROW_51_Left_190,VGND,li1,6.2100,152.3200,0.000085
PHY_EDGE_ROW_50_Left_189,VGND,li1,6.2100,146.8800,0.000023
PHY_EDGE_ROW_49_Left_188,VGND,li1,6.2100,146.8800,0.000023
PHY_EDGE_ROW_48_Left_187,VGND,li1,6.2100,141.4400,0.000039
PHY_EDGE_ROW_47_Left_186,VGND,li1,6.2100,141.4400,0.000039
PHY_EDGE_ROW_46_Left_185,VGND,li1,6.2100,136.0000,0.000050
PHY_EDGE_ROW_45_Left_184,VGND,li1,6.2100,136.0000,0.000050
PHY_EDGE_ROW_44_Left_183,VGND,li1,6.2100,130.5600,0.000111
PHY_EDGE_ROW_43_Left_182,VGND,li1,6.2100,130.5600,0.000111
PHY_EDGE_ROW_42_Left_181,VGND,li1,6.2100,125.1200,0.000176
PHY_EDGE_ROW_41_Left_180,VGND,li1,6.2100,125.1200,0.000176
PHY_EDGE_ROW_40_Left_179,VGND,li1,6.2100,119.6800,0.000160
PHY_EDGE_ROW_39_Left_178,VGND,li1,6.2100,119.6800,0.000160
PHY_EDGE_ROW_38_Left_177,VGND,li1,6.2100,114.2400,0.000352
PHY_EDGE_ROW_37_Left_176,VGND,li1,6.2100,114.2400,0.000352
PHY_EDGE_ROW_36_Left_175,VGND,li1,6.2100,108.8000,0.000097
PHY_EDGE_ROW_35_Left_174,VGND,li1,6.2100,108.8000,0.000097
PHY_EDGE_ROW_34_Left_173,VGND,li1,6.2100,103.3600,0.000022
PHY_EDGE_ROW_33_Left_172,VGND,li1,6.2100,103.3600,0.000022
PHY_EDGE_ROW_32_Left_171,VGND,li1,6.2100,97.9200,0.000016
PHY_EDGE_ROW_31_Left_170,VGND,li1,6.2100,97.9200,0.000016
PHY_EDGE_ROW_30_Left_169,VGND,li1,6.2100,92.4800,0.000025
PHY_EDGE_ROW_29_Left_168,VGND,li1,6.2100,92.4800,0.000025
PHY_EDGE_ROW_28_Left_167,VGND,li1,6.2100,87.0400,0.000030
PHY_EDGE_ROW_27_Left_166,VGND,li1,6.2100,87.0400,0.000030
PHY_EDGE_ROW_26_Left_165,VGND,li1,6.2100,81.6000,0.000033
PHY_EDGE_ROW_25_Left_164,VGND,li1,6.2100,81.6000,0.000033
PHY_EDGE_ROW_24_Left_163,VGND,li1,6.2100,76.1600,0.000016
PHY_EDGE_ROW_23_Left_162,VGND,li1,6.2100,76.1600,0.000016
PHY_EDGE_ROW_22_Left_161,VGND,li1,6.2100,70.7200,0.000020
PHY_EDGE_ROW_21_Left_160,VGND,li1,6.2100,70.7200,0.000020
PHY_EDGE_ROW_20_Left_159,VGND,li1,6.2100,65.2800,0.000029
PHY_EDGE_ROW_19_Left_158,VGND,li1,6.2100,65.2800,0.000029
PHY_EDGE_ROW_18_Left_157,VGND,li1,6.2100,59.8400,0.000082
PHY_EDGE_ROW_17_Left_156,VGND,li1,6.2100,59.8400,0.000082
PHY_EDGE_ROW_16_Left_155,VGND,li1,6.2100,54.4000,0.000034
PHY_EDGE_ROW_15_Left_154,VGND,li1,6.2100,54.4000,0.000034
PHY_EDGE_ROW_14_Left_153,VGND,li1,6.2100,48.9600,0.000033
PHY_EDGE_ROW_13_Left_152,VGND,li1,6.2100,48.9600,0.000033
PHY_EDGE_ROW_12_Left_151,VGND,li1,6.2100,43.5200,0.000046
PHY_EDGE_ROW_11_Left_150,VGND,li1,6.2100,43.5200,0.000046
PHY_EDGE_ROW_10_Left_149,VGND,li1,6.2100,38.0800,0.000088
PHY_EDGE_ROW_9_Left_148,VGND,li1,6.2100,38.0800,0.000088
PHY_EDGE_ROW_8_Left_147,VGND,li1,6.2100,32.6400,0.000104
PHY_EDGE_ROW_7_Left_146,VGND,li1,6.2100,32.6400,0.000104
PHY_EDGE_ROW_6_Left_145,VGND,li1,6.2100,27.2000,0.000233
PHY_EDGE_ROW_5_Left_144,VGND,li1,6.2100,27.2000,0.000233
PHY_EDGE_ROW_4_Left_143,VGND,li1,6.2100,21.7600,0.000286
PHY_EDGE_ROW_3_Left_142,VGND,li1,6.2100,21.7600,0.000286
PHY_EDGE_ROW_2_Left_141,VGND,li1,6.2100,16.3200,0.000390
PHY_EDGE_ROW_1_Left_140,VGND,li1,6.2100,16.3200,0.000390
PHY_EDGE_ROW_0_Left_139,VGND,li1,6.2100,10.8800,0.000017
PHY_EDGE_ROW_138_Right_138,VGND,li1,385.2500,386.2400,0.000187
PHY_EDGE_ROW_137_Right_137,VGND,li1,385.2500,386.2400,0.000187
PHY_EDGE_ROW_136_Right_136,VGND,li1,385.2500,380.8000,0.001267
PHY_EDGE_ROW_135_Right_135,VGND,li1,385.2500,380.8000,0.001267
PHY_EDGE_ROW_134_Right_134,VGND,li1,385.2500,375.3600,0.000402
PHY_EDGE_ROW_133_Right_133,VGND,li1,385.2500,375.3600,0.000402
PHY_EDGE_ROW_132_Right_132,VGND,li1,385.2500,369.9200,0.000482
PHY_EDGE_ROW_131_Right_131,VGND,li1,385.2500,369.9200,0.000482
PHY_EDGE_ROW_130_Right_130,VGND,li1,385.2500,364.4800,0.000353
PHY_EDGE_ROW_129_Right_129,VGND,li1,385.2500,364.4800,0.000353
PHY_EDGE_ROW_128_Right_128,VGND,li1,385.2500,359.0400,0.000110
PHY_EDGE_ROW_127_Right_127,VGND,li1,385.2500,359.0400,0.000110
PHY_EDGE_ROW_126_Right_126,VGND,li1,385.2500,353.6000,0.000328
PHY_EDGE_ROW_125_Right_125,VGND,li1,385.2500,353.6000,0.000328
PHY_EDGE_ROW_124_Right_124,VGND,li1,385.2500,348.1600,0.000405
PHY_EDGE_ROW_123_Right_123,VGND,li1,385.2500,348.1600,0.000405
PHY_EDGE_ROW_122_Right_122,VGND,li1,385.2500,342.7200,0.000178
PHY_EDGE_ROW_121_Right_121,VGND,li1,385.2500,342.7200,0.000178
PHY_EDGE_ROW_120_Right_120,VGND,li1,385.2500,337.2800,0.000133
PHY_EDGE_ROW_119_Right_119,VGND,li1,385.2500,337.2800,0.000133
PHY_EDGE_ROW_118_Right_118,VGND,li1,385.2500,331.8400,0.000154
PHY_EDGE_ROW_117_Right_117,VGND,li1,385.2500,331.8400,0.000154
PHY_EDGE_ROW_116_Right_116,VGND,li1,385.2500,326.4000,0.000116
PHY_EDGE_ROW_115_Right_115,VGND,li1,385.2500,326.4000,0.000116
PHY_EDGE_ROW_114_Right_114,VGND,li1,385.2500,320.9600,0.000111
PHY_EDGE_ROW_113_Right_113,VGND,li1,385.2500,320.9600,0.000111
PHY_EDGE_ROW_112_Right_112,VGND,li1,385.2500,315.5200,0.000044
PHY_EDGE_ROW_111_Right_111,VGND,li1,385.2500,315.5200,0.000044
PHY_EDGE_ROW_110_Right_110,VGND,li1,385.2500,310.0800,0.000082
PHY_EDGE_ROW_109_Right_109,VGND,li1,385.2500,310.0800,0.000082
PHY_EDGE_ROW_108_Right_108,VGND,li1,385.2500,304.6400,0.000064
PHY_EDGE_ROW_107_Right_107,VGND,li1,385.2500,304.6400,0.000064
PHY_EDGE_ROW_106_Right_106,VGND,li1,385.2500,299.2000,0.000015
PHY_EDGE_ROW_105_Right_105,VGND,li1,385.2500,299.2000,0.000015
PHY_EDGE_ROW_104_Right_104,VGND,li1,385.2500,293.7600,0.000011
PHY_EDGE_ROW_103_Right_103,VGND,li1,385.2500,293.7600,0.000011
PHY_EDGE_ROW_102_Right_102,VGND,li1,385.2500,288.3200,0.000045
PHY_EDGE_ROW_101_Right_101,VGND,li1,385.2500,288.3200,0.000045
PHY_EDGE_ROW_100_Right_100,VGND,li1,385.2500,282.8800,0.000186
PHY_EDGE_ROW_99_Right_99,VGND,li1,385.2500,282.8800,0.000186
PHY_EDGE_ROW_98_Right_98,VGND,li1,385.2500,277.4400,0.003165
PHY_EDGE_ROW_97_Right_97,VGND,li1,385.2500,277.4400,0.003165
PHY_EDGE_ROW_96_Right_96,VGND,li1,385.2500,272.0000,0.003615
PHY_EDGE_ROW_95_Right_95,VGND,li1,385.2500,272.0000,0.003615
PHY_EDGE_ROW_94_Right_94,VGND,li1,385.2500,266.5600,0.001397
PHY_EDGE_ROW_93_Right_93,VGND,li1,385.2500,266.5600,0.001397
PHY_EDGE_ROW_92_Right_92,VGND,li1,385.2500,261.1200,0.000922
PHY_EDGE_ROW_91_Right_91,VGND,li1,385.2500,261.1200,0.000922
PHY_EDGE_ROW_90_Right_90,VGND,li1,385.2500,255.6800,0.000203
PHY_EDGE_ROW_89_Right_89,VGND,li1,385.2500,255.6800,0.000203
PHY_EDGE_ROW_88_Right_88,VGND,li1,385.2500,250.2400,0.000511
PHY_EDGE_ROW_87_Right_87,VGND,li1,385.2500,250.2400,0.000511
PHY_EDGE_ROW_86_Right_86,VGND,li1,385.2500,244.8000,0.000452
PHY_EDGE_ROW_85_Right_85,VGND,li1,385.2500,244.8000,0.000452
PHY_EDGE_ROW_84_Right_84,VGND,li1,385.2500,239.3600,0.000268
PHY_EDGE_ROW_83_Right_83,VGND,li1,385.2500,239.3600,0.000268
PHY_EDGE_ROW_82_Right_82,VGND,li1,385.2500,233.9200,0.000343
PHY_EDGE_ROW_81_Right_81,VGND,li1,385.2500,233.9200,0.000343
PHY_EDGE_ROW_80_Right_80,VGND,li1,385.2500,228.4800,0.000168
PHY_EDGE_ROW_79_Right_79,VGND,li1,385.2500,228.4800,0.000168
PHY_EDGE_ROW_78_Right_78,VGND,li1,385.2500,223.0400,0.000221
PHY_EDGE_ROW_77_Right_77,VGND,li1,385.2500,223.0400,0.000221
PHY_EDGE_ROW_76_Right_76,VGND,li1,385.2500,217.6000,0.000105
PHY_EDGE_ROW_75_Right_75,VGND,li1,385.2500,217.6000,0.000105
PHY_EDGE_ROW_74_Right_74,VGND,li1,385.2500,212.1600,0.000090
PHY_EDGE_ROW_73_Right_73,VGND,li1,385.2500,212.1600,0.000090
PHY_EDGE_ROW_72_Right_72,VGND,li1,385.2500,206.7200,0.000132
PHY_EDGE_ROW_71_Right_71,VGND,li1,385.2500,206.7200,0.000132
PHY_EDGE_ROW_70_Right_70,VGND,li1,385.2500,201.2800,0.000084
PHY_EDGE_ROW_69_Right_69,VGND,li1,385.2500,201.2800,0.000084
PHY_EDGE_ROW_68_Right_68,VGND,li1,385.2500,195.8400,0.000021
PHY_EDGE_ROW_67_Right_67,VGND,li1,385.2500,195.8400,0.000021
PHY_EDGE_ROW_66_Right_66,VGND,li1,385.2500,190.4000,0.000079
PHY_EDGE_ROW_65_Right_65,VGND,li1,385.2500,190.4000,0.000079
PHY_EDGE_ROW_64_Right_64,VGND,li1,385.2500,184.9600,0.000097
PHY_EDGE_ROW_63_Right_63,VGND,li1,385.2500,184.9600,0.000097
PHY_EDGE_ROW_62_Right_62,VGND,li1,385.2500,179.5200,0.000062
PHY_EDGE_ROW_61_Right_61,VGND,li1,385.2500,179.5200,0.000062
PHY_EDGE_ROW_60_Right_60,VGND,li1,385.2500,174.0800,0.000136
PHY_EDGE_ROW_59_Right_59,VGND,li1,385.2500,174.0800,0.000136
PHY_EDGE_ROW_58_Right_58,VGND,li1,385.2500,168.6400,0.000195
PHY_EDGE_ROW_57_Right_57,VGND,li1,385.2500,168.6400,0.000195
PHY_EDGE_ROW_56_Right_56,VGND,li1,385.2500,163.2000,0.000303
PHY_EDGE_ROW_55_Right_55,VGND,li1,385.2500,163.2000,0.000303
PHY_EDGE_ROW_54_Right_54,VGND,li1,385.2500,157.7600,0.000188
PHY_EDGE_ROW_53_Right_53,VGND,li1,385.2500,157.7600,0.000188
PHY_EDGE_ROW_52_Right_52,VGND,li1,385.2500,152.3200,0.000287
PHY_EDGE_ROW_51_Right_51,VGND,li1,385.2500,152.3200,0.000287
PHY_EDGE_ROW_50_Right_50,VGND,li1,385.2500,146.8800,0.000390
PHY_EDGE_ROW_49_Right_49,VGND,li1,385.2500,146.8800,0.000390
PHY_EDGE_ROW_48_Right_48,VGND,li1,385.2500,141.4400,0.000244
PHY_EDGE_ROW_47_Right_47,VGND,li1,385.2500,141.4400,0.000244
PHY_EDGE_ROW_46_Right_46,VGND,li1,385.2500,136.0000,0.001296
PHY_EDGE_ROW_45_Right_45,VGND,li1,385.2500,136.0000,0.001296
PHY_EDGE_ROW_44_Right_44,VGND,li1,385.2500,130.5600,0.000708
PHY_EDGE_ROW_43_Right_43,VGND,li1,385.2500,130.5600,0.000708
PHY_EDGE_ROW_42_Right_42,VGND,li1,385.2500,125.1200,0.004119
PHY_EDGE_ROW_41_Right_41,VGND,li1,385.2500,125.1200,0.004119
PHY_EDGE_ROW_40_Right_40,VGND,li1,385.2500,119.6800,0.001359
PHY_EDGE_ROW_39_Right_39,VGND,li1,385.2500,119.6800,0.001359
PHY_EDGE_ROW_38_Right_38,VGND,li1,385.2500,114.2400,0.000202
PHY_EDGE_ROW_37_Right_37,VGND,li1,385.2500,114.2400,0.000202
PHY_EDGE_ROW_36_Right_36,VGND,li1,385.2500,108.8000,0.000042
PHY_EDGE_ROW_35_Right_35,VGND,li1,385.2500,108.8000,0.000042
PHY_EDGE_ROW_34_Right_34,VGND,li1,385.2500,103.3600,0.000043
PHY_EDGE_ROW_33_Right_33,VGND,li1,385.2500,103.3600,0.000043
PHY_EDGE_ROW_32_Right_32,VGND,li1,385.2500,97.9200,0.000041
PHY_EDGE_ROW_31_Right_31,VGND,li1,385.2500,97.9200,0.000041
PHY_EDGE_ROW_30_Right_30,VGND,li1,385.2500,92.4800,0.000030
PHY_EDGE_ROW_29_Right_29,VGND,li1,385.2500,92.4800,0.000030
PHY_EDGE_ROW_28_Right_28,VGND,li1,385.2500,87.0400,0.000091
PHY_EDGE_ROW_27_Right_27,VGND,li1,385.2500,87.0400,0.000091
PHY_EDGE_ROW_26_Right_26,VGND,li1,385.2500,81.6000,0.000107
PHY_EDGE_ROW_25_Right_25,VGND,li1,385.2500,81.6000,0.000107
PHY_EDGE_ROW_24_Right_24,VGND,li1,385.2500,76.1600,0.000188
PHY_EDGE_ROW_23_Right_23,VGND,li1,385.2500,76.1600,0.000188
PHY_EDGE_ROW_22_Right_22,VGND,li1,385.2500,70.7200,0.000102
PHY_EDGE_ROW_21_Right_21,VGND,li1,385.2500,70.7200,0.000102
PHY_EDGE_ROW_20_Right_20,VGND,li1,385.2500,65.2800,0.000104
PHY_EDGE_ROW_19_Right_19,VGND,li1,385.2500,65.2800,0.000104
PHY_EDGE_ROW_18_Right_18,VGND,li1,385.2500,59.8400,0.000118
PHY_EDGE_ROW_17_Right_17,VGND,li1,385.2500,59.8400,0.000118
PHY_EDGE_ROW_16_Right_16,VGND,li1,385.2500,54.4000,0.000263
PHY_EDGE_ROW_15_Right_15,VGND,li1,385.2500,54.4000,0.000263
PHY_EDGE_ROW_14_Right_14,VGND,li1,385.2500,48.9600,0.000187
PHY_EDGE_ROW_13_Right_13,VGND,li1,385.2500,48.9600,0.000187
PHY_EDGE_ROW_12_Right_12,VGND,li1,385.2500,43.5200,0.000156
PHY_EDGE_ROW_11_Right_11,VGND,li1,385.2500,43.5200,0.000156
PHY_EDGE_ROW_10_Right_10,VGND,li1,385.2500,38.0800,0.000344
PHY_EDGE_ROW_9_Right_9,VGND,li1,385.2500,38.0800,0.000344
PHY_EDGE_ROW_8_Right_8,VGND,li1,385.2500,32.6400,0.000267
PHY_EDGE_ROW_7_Right_7,VGND,li1,385.2500,32.6400,0.000267
PHY_EDGE_ROW_6_Right_6,VGND,li1,385.2500,27.2000,0.000775
PHY_EDGE_ROW_5_Right_5,VGND,li1,385.2500,27.2000,0.000775
PHY_EDGE_ROW_4_Right_4,VGND,li1,385.2500,21.7600,0.001565
PHY_EDGE_ROW_3_Right_3,VGND,li1,385.2500,21.7600,0.001565
PHY_EDGE_ROW_2_Right_2,VGND,li1,385.2500,16.3200,0.000358
PHY_EDGE_ROW_1_Right_1,VGND,li1,385.2500,16.3200,0.000358
PHY_EDGE_ROW_0_Right_0,VGND,li1,385.2500,10.8800,0.000105
_13701_,VGND,li1,158.7000,103.3600,0.000120
_13700_,VGND,li1,174.8000,108.8000,0.000467
_13699_,VGND,li1,183.5400,108.8000,0.000347
_13698_,VGND,li1,194.1200,10.8800,0.000160
_13697_,VGND,li1,379.9600,125.1200,0.004117
_13696_,VGND,li1,379.9600,119.6800,0.001357
_13695_,VGND,li1,359.7200,119.6800,0.001283
_13694_,VGND,li1,361.5600,136.0000,0.001278
_13693_,VGND,li1,364.7800,136.0000,0.001284
_13692_,VGND,li1,365.7000,141.4400,0.000243
_13691_,VGND,li1,378.5800,152.3200,0.000287
_13690_,VGND,li1,377.2000,163.2000,0.000303
_13689_,VGND,li1,374.4400,168.6400,0.000189
_13688_,VGND,li1,374.4400,174.0800,0.000135
_13687_,VGND,li1,372.6000,184.9600,0.000097
_13686_,VGND,li1,370.7600,184.9600,0.000096
_13685_,VGND,li1,364.3200,190.4000,0.000066
_13684_,VGND,li1,129.7200,16.3200,0.003067
_13683_,VGND,li1,158.2400,16.3200,0.002187
_13682_,VGND,li1,186.7600,16.3200,0.001089
_13681_,VGND,li1,197.3400,16.3200,0.001232
_13680_,VGND,li1,322.0000,10.8800,0.000116
_13679_,VGND,li1,309.5800,16.3200,0.001060
_13678_,VGND,li1,319.7000,16.3200,0.000767
_13677_,VGND,li1,332.1200,16.3200,0.000351
_13676_,VGND,li1,337.6400,16.3200,0.000358
_13675_,VGND,li1,346.3800,27.2000,0.000775
_13674_,VGND,li1,358.8000,43.5200,0.000141
_13673_,VGND,li1,364.7800,48.9600,0.000187
_13672_,VGND,li1,366.1600,54.4000,0.000252
_13671_,VGND,li1,379.0400,70.7200,0.000102
_13670_,VGND,li1,379.9600,76.1600,0.000184
_13669_,VGND,li1,361.5600,81.6000,0.000092
_13668_,VGND,li1,350.0600,87.0400,0.000085
_13667_,VGND,li1,133.4000,380.8000,0.002624
_13666_,VGND,li1,147.2000,380.8000,0.002398
_13665_,VGND,li1,150.8800,386.2400,0.001031
_13664_,VGND,li1,205.6200,386.2400,0.000721
_13663_,VGND,li1,277.8400,386.2400,0.000701
_13662_,VGND,li1,293.9400,386.2400,0.000615
_13661_,VGND,li1,303.1400,386.2400,0.000546
_13660_,VGND,li1,313.7200,380.8000,0.003343
_13659_,VGND,li1,319.7000,386.2400,0.000339
_13658_,VGND,li1,335.8000,386.2400,0.000170
_13657_,VGND,li1,346.8400,380.8000,0.001267
_13656_,VGND,li1,379.9600,348.1600,0.000403
_13655_,VGND,li1,366.1600,348.1600,0.000383
_13654_,VGND,li1,377.2000,337.2800,0.000133
_13653_,VGND,li1,371.2200,331.8400,0.000145
_13652_,VGND,li1,379.9600,326.4000,0.000115
_13651_,VGND,li1,365.7000,320.9600,0.000109
_13650_,VGND,li1,136.6200,282.8800,0.002543
_13649_,VGND,li1,152.2600,282.8800,0.002027
_13648_,VGND,li1,154.5600,288.3200,0.000459
_13647_,VGND,li1,232.7600,288.3200,0.000260
_13646_,VGND,li1,379.9600,272.0000,0.003613
_13645_,VGND,li1,368.9200,272.0000,0.003572
_13644_,VGND,li1,371.2200,277.4400,0.003156
_13643_,VGND,li1,368.0000,266.5600,0.001396
_13642_,VGND,li1,365.7000,261.1200,0.000910
_13641_,VGND,li1,379.9600,244.8000,0.000448
_13640_,VGND,li1,379.9600,239.3600,0.000267
_13639_,VGND,li1,379.5000,233.9200,0.000340
_13638_,VGND,li1,379.9600,228.4800,0.000168
_13637_,VGND,li1,379.9600,223.0400,0.000218
_13636_,VGND,li1,379.9600,206.7200,0.000128
_13635_,VGND,li1,379.5000,201.2800,0.000083
_13634_,VGND,li1,379.9600,217.6000,0.000104
_13633_,VGND,li1,372.8300,223.0400,0.000210
_13632_,VGND,li1,130.4100,282.8800,0.002640
_13631_,VGND,li1,125.3500,282.8800,0.002659
_13630_,VGND,li1,77.5100,282.8800,0.002281
_13629_,VGND,li1,85.3300,282.8800,0.002420
_13628_,VGND,li1,85.5600,282.8800,0.002420
_13627_,VGND,li1,71.5300,282.8800,0.002061
_13626_,VGND,li1,68.3100,282.8800,0.001992
_13625_,VGND,li1,66.0100,277.4400,0.001200
_13624_,VGND,li1,65.3200,272.0000,0.000792
_13623_,VGND,li1,65.3200,282.8800,0.001889
_13622_,VGND,li1,55.4300,277.4400,0.001011
_13621_,VGND,li1,52.2100,277.4400,0.000936
_13620_,VGND,li1,77.0500,277.4400,0.001405
_13619_,VGND,li1,55.2000,272.0000,0.000654
_13618_,VGND,li1,48.5300,266.5600,0.000530
_13617_,VGND,li1,44.8500,255.6800,0.000082
_13616_,VGND,li1,41.6300,239.3600,0.000123
_13615_,VGND,li1,38.4100,228.4800,0.000065
_13614_,VGND,li1,40.0200,223.0400,0.000089
_13613_,VGND,li1,48.0700,250.2400,0.000100
_13612_,VGND,li1,45.3100,266.5600,0.000482
_13611_,VGND,li1,59.1100,266.5600,0.000702
_13610_,VGND,li1,70.3800,266.5600,0.000849
_13609_,VGND,li1,54.9700,266.5600,0.000642
_13608_,VGND,li1,55.6600,239.3600,0.000185
_13607_,VGND,li1,73.3700,272.0000,0.000893
_13606_,VGND,li1,75.9000,272.0000,0.000920
_13605_,VGND,li1,47.8400,233.9200,0.000085
_13604_,VGND,li1,38.6400,228.4800,0.000065
_13603_,VGND,li1,41.1700,244.8000,0.000123
_13602_,VGND,li1,40.7100,239.3600,0.000123
_13601_,VGND,li1,38.4100,239.3600,0.000111
_13600_,VGND,li1,51.7500,223.0400,0.000133
_13599_,VGND,li1,52.6700,228.4800,0.000094
_13598_,VGND,li1,129.2600,277.4400,0.002248
_13597_,VGND,li1,143.9800,282.8800,0.002389
_13596_,VGND,li1,146.5100,282.8800,0.002287
_13595_,VGND,li1,145.1300,288.3200,0.000559
_13594_,VGND,li1,145.8200,277.4400,0.002209
_13593_,VGND,li1,140.9900,282.8800,0.002462
_13592_,VGND,li1,143.0600,277.4400,0.002225
_13591_,VGND,li1,140.9900,277.4400,0.002245
_13590_,VGND,li1,126.7300,277.4400,0.002244
_13589_,VGND,li1,123.5100,277.4400,0.002217
_13588_,VGND,li1,124.4300,277.4400,0.002217
_13587_,VGND,li1,127.4200,272.0000,0.001432
_13586_,VGND,li1,89.0100,282.8800,0.002446
_13585_,VGND,li1,91.3100,282.8800,0.002471
_13584_,VGND,li1,89.0100,282.8800,0.002446
_13583_,VGND,li1,87.4000,277.4400,0.001585
_13582_,VGND,li1,89.7000,277.4400,0.001652
_13581_,VGND,li1,93.3800,282.8800,0.002483
_13580_,VGND,li1,80.7300,282.8800,0.002346
_13579_,VGND,li1,80.7300,277.4400,0.001498
_13578_,VGND,li1,86.9400,266.5600,0.001050
_13577_,VGND,li1,65.0900,282.8800,0.001889
_13576_,VGND,li1,64.6300,277.4400,0.001200
_13575_,VGND,li1,67.3900,272.0000,0.000824
_13574_,VGND,li1,67.1600,272.0000,0.000824
_13573_,VGND,li1,64.8600,272.0000,0.000792
_13572_,VGND,li1,76.1300,272.0000,0.000945
_13571_,VGND,li1,79.1200,272.0000,0.000984
_13570_,VGND,li1,83.4900,261.1200,0.000405
_13569_,VGND,li1,80.9600,261.1200,0.000395
_13568_,VGND,li1,72.4500,261.1200,0.000366
_13567_,VGND,li1,76.3600,261.1200,0.000382
_13566_,VGND,li1,68.3100,261.1200,0.000348
_13565_,VGND,li1,70.8400,261.1200,0.000356
_13564_,VGND,li1,71.9900,266.5600,0.000872
_13563_,VGND,li1,74.7500,266.5600,0.000898
_13562_,VGND,li1,76.5900,266.5600,0.000930
_13561_,VGND,li1,71.3000,255.6800,0.000131
_13560_,VGND,li1,78.8900,277.4400,0.001443
_13559_,VGND,li1,97.7500,277.4400,0.001777
_13558_,VGND,li1,94.9900,277.4400,0.001742
_13557_,VGND,li1,102.8100,272.0000,0.001243
_13556_,VGND,li1,59.5700,277.4400,0.001100
_13555_,VGND,li1,62.3300,277.4400,0.001155
_13554_,VGND,li1,61.1800,261.1200,0.000316
_13553_,VGND,li1,52.6700,272.0000,0.000616
_13552_,VGND,li1,50.3700,250.2400,0.000106
_13551_,VGND,li1,53.1300,250.2400,0.000112
_13550_,VGND,li1,50.8300,250.2400,0.000106
_13549_,VGND,li1,53.5900,244.8000,0.000177
_13548_,VGND,li1,45.5400,244.8000,0.000135
_13547_,VGND,li1,49.9100,244.8000,0.000162
_13546_,VGND,li1,52.6700,239.3600,0.000173
_13545_,VGND,li1,55.6600,239.3600,0.000185
_13544_,VGND,li1,58.6500,239.3600,0.000196
_13543_,VGND,li1,61.4100,239.3600,0.000206
_13542_,VGND,li1,72.2200,233.9200,0.000129
_13541_,VGND,li1,63.0200,250.2400,0.000132
_13540_,VGND,li1,48.0700,272.0000,0.000533
_13539_,VGND,li1,51.0600,272.0000,0.000584
_13538_,VGND,li1,48.7600,255.6800,0.000092
_13537_,VGND,li1,44.8500,233.9200,0.000079
_13536_,VGND,li1,40.2500,233.9200,0.000068
_13535_,VGND,li1,41.4000,228.4800,0.000071
_13534_,VGND,li1,36.1100,228.4800,0.000059
_13533_,VGND,li1,36.8000,223.0400,0.000083
_13532_,VGND,li1,45.3100,228.4800,0.000080
_13531_,VGND,li1,47.6100,223.0400,0.000120
_13530_,VGND,li1,42.3200,223.0400,0.000099
_13529_,VGND,li1,42.3200,217.6000,0.000061
_13528_,VGND,li1,42.0900,217.6000,0.000061
_13527_,VGND,li1,45.7700,217.6000,0.000071
_13526_,VGND,li1,148.8100,282.8800,0.002198
_13525_,VGND,li1,231.1500,282.8800,0.001437
_13524_,VGND,li1,148.8100,277.4400,0.002182
_13523_,VGND,li1,147.8900,277.4400,0.002182
_13522_,VGND,li1,149.7300,277.4400,0.002133
_13521_,VGND,li1,167.4400,277.4400,0.001630
_13520_,VGND,li1,142.3700,272.0000,0.001396
_13519_,VGND,li1,144.6700,272.0000,0.001361
_13518_,VGND,li1,137.3100,272.0000,0.001444
_13517_,VGND,li1,138.2300,272.0000,0.001444
_13516_,VGND,li1,138.4600,266.5600,0.001348
_13515_,VGND,li1,130.8700,272.0000,0.001451
_13514_,VGND,li1,127.8800,272.0000,0.001443
_13513_,VGND,li1,128.1100,266.5600,0.001323
_13512_,VGND,li1,129.4900,266.5600,0.001323
_13511_,VGND,li1,126.5000,261.1200,0.000540
_13510_,VGND,li1,90.3900,272.0000,0.001131
_13509_,VGND,li1,87.6300,266.5600,0.001050
_13508_,VGND,li1,93.6100,272.0000,0.001158
_13507_,VGND,li1,90.8500,272.0000,0.001131
_13506_,VGND,li1,89.9300,266.5600,0.001073
_13505_,VGND,li1,93.1500,272.0000,0.001158
_13504_,VGND,li1,96.8300,272.0000,0.001191
_13503_,VGND,li1,98.4400,272.0000,0.001191
_13502_,VGND,li1,100.5100,272.0000,0.001209
_13501_,VGND,li1,103.5000,266.5600,0.001168
_13500_,VGND,li1,101.2000,266.5600,0.001152
_13499_,VGND,li1,92.2300,261.1200,0.000441
_13498_,VGND,li1,89.2400,261.1200,0.000431
_13497_,VGND,li1,86.7100,261.1200,0.000419
_13496_,VGND,li1,87.4000,255.6800,0.000151
_13495_,VGND,li1,85.1000,255.6800,0.000149
_13494_,VGND,li1,81.1900,255.6800,0.000145
_13493_,VGND,li1,76.1300,255.6800,0.000139
_13492_,VGND,li1,78.4300,255.6800,0.000141
_13491_,VGND,li1,79.1200,250.2400,0.000151
_13490_,VGND,li1,77.9700,266.5600,0.000930
_13489_,VGND,li1,92.6900,261.1200,0.000441
_13488_,VGND,li1,99.5900,282.8800,0.002512
_13487_,VGND,li1,100.5100,277.4400,0.001836
_13486_,VGND,li1,97.5200,282.8800,0.002498
_13485_,VGND,li1,101.6600,282.8800,0.002532
_13484_,VGND,li1,99.8200,282.8800,0.002512
_13483_,VGND,li1,96.3700,282.8800,0.002498
_13482_,VGND,li1,101.8900,277.4400,0.001836
_13481_,VGND,li1,92.2300,244.8000,0.000318
_13480_,VGND,li1,111.3200,266.5600,0.001222
_13479_,VGND,li1,83.9500,266.5600,0.001005
_13478_,VGND,li1,98.4400,239.3600,0.000326
_13477_,VGND,li1,62.7900,266.5600,0.000755
_13476_,VGND,li1,61.8700,255.6800,0.000119
_13475_,VGND,li1,64.8600,255.6800,0.000124
_13474_,VGND,li1,60.9500,250.2400,0.000127
_13473_,VGND,li1,63.9400,250.2400,0.000132
_13472_,VGND,li1,60.0300,250.2400,0.000127
_13471_,VGND,li1,60.4900,244.8000,0.000204
_13470_,VGND,li1,63.2500,244.8000,0.000215
_13469_,VGND,li1,68.5400,239.3600,0.000233
_13468_,VGND,li1,60.9500,239.3600,0.000206
_13467_,VGND,li1,61.4100,233.9200,0.000108
_13466_,VGND,li1,64.1700,239.3600,0.000217
_13465_,VGND,li1,72.2200,233.9200,0.000129
_13464_,VGND,li1,58.1900,233.9200,0.000103
_13463_,VGND,li1,55.4300,233.9200,0.000098
_13462_,VGND,li1,69.2300,233.9200,0.000124
_13461_,VGND,li1,72.4500,228.4800,0.000130
_13460_,VGND,li1,76.5900,228.4800,0.000137
_13459_,VGND,li1,71.7600,228.4800,0.000130
_13458_,VGND,li1,58.1900,233.9200,0.000103
_13457_,VGND,li1,72.6800,250.2400,0.000143
_13456_,VGND,li1,74.0600,250.2400,0.000146
_13455_,VGND,li1,64.8600,217.6000,0.000101
_13454_,VGND,li1,82.3400,244.8000,0.000283
_13453_,VGND,li1,58.1900,261.1200,0.000301
_13452_,VGND,li1,59.3400,261.1200,0.000301
_13451_,VGND,li1,73.1400,223.0400,0.000199
_13450_,VGND,li1,51.2900,261.1200,0.000257
_13449_,VGND,li1,54.0500,261.1200,0.000275
_13448_,VGND,li1,48.0700,244.8000,0.000154
_13447_,VGND,li1,51.0600,244.8000,0.000162
_13446_,VGND,li1,50.1400,239.3600,0.000156
_13445_,VGND,li1,53.1300,217.6000,0.000083
_13444_,VGND,li1,50.6000,217.6000,0.000079
_13443_,VGND,li1,49.2200,228.4800,0.000088
_13442_,VGND,li1,48.0700,261.1200,0.000230
_13441_,VGND,li1,51.9800,217.6000,0.000083
_13440_,VGND,li1,44.8500,223.0400,0.000108
_13439_,VGND,li1,42.0900,223.0400,0.000099
_13438_,VGND,li1,35.6500,217.6000,0.000050
_13437_,VGND,li1,34.9600,217.6000,0.000045
_13436_,VGND,li1,38.4100,217.6000,0.000054
_13435_,VGND,li1,39.1000,217.6000,0.000054
_13434_,VGND,li1,41.1700,212.1600,0.000048
_13433_,VGND,li1,38.6400,212.1600,0.000043
_13432_,VGND,li1,36.5700,212.1600,0.000040
_13431_,VGND,li1,39.3300,206.7200,0.000030
_13430_,VGND,li1,35.8800,206.7200,0.000027
_13429_,VGND,li1,126.2700,266.5600,0.001312
_13428_,VGND,li1,124.4300,272.0000,0.001416
_13427_,VGND,li1,121.4400,272.0000,0.001394
_13426_,VGND,li1,114.0800,272.0000,0.001324
_13425_,VGND,li1,228.8500,282.8800,0.001451
_13424_,VGND,li1,231.1500,282.8800,0.001437
_13423_,VGND,li1,226.5500,282.8800,0.001422
_13422_,VGND,li1,232.0700,277.4400,0.004763
_13421_,VGND,li1,230.2300,277.4400,0.004740
_13420_,VGND,li1,227.4700,277.4400,0.004625
_13419_,VGND,li1,174.5700,277.4400,0.001396
_13418_,VGND,li1,170.4300,272.0000,0.000941
_13417_,VGND,li1,174.1100,272.0000,0.000890
_13416_,VGND,li1,185.8400,272.0000,0.001144
_13415_,VGND,li1,140.9900,266.5600,0.001341
_13414_,VGND,li1,137.3100,266.5600,0.001348
_13413_,VGND,li1,139.6100,266.5600,0.001341
_13412_,VGND,li1,145.8200,266.5600,0.001290
_13411_,VGND,li1,129.4900,261.1200,0.000540
_13410_,VGND,li1,119.8300,255.6800,0.000177
_13409_,VGND,li1,112.4700,250.2400,0.000170
_13408_,VGND,li1,114.7700,250.2400,0.000169
_13407_,VGND,li1,111.0900,228.4800,0.000172
_13406_,VGND,li1,101.4300,244.8000,0.000339
_13405_,VGND,li1,95.4500,244.8000,0.000324
_13404_,VGND,li1,98.4400,244.8000,0.000333
_13403_,VGND,li1,89.9300,244.8000,0.000311
_13402_,VGND,li1,90.6200,239.3600,0.000305
_13401_,VGND,li1,84.8700,244.8000,0.000295
_13400_,VGND,li1,81.1900,244.8000,0.000283
_13399_,VGND,li1,82.1100,239.3600,0.000278
_13398_,VGND,li1,94.3000,233.9200,0.000162
_13397_,VGND,li1,76.5900,239.3600,0.000260
_13396_,VGND,li1,74.2900,239.3600,0.000253
_13395_,VGND,li1,71.9900,239.3600,0.000245
_13394_,VGND,li1,70.1500,239.3600,0.000233
_13393_,VGND,li1,74.7500,233.9200,0.000133
_13392_,VGND,li1,79.8100,233.9200,0.000141
_13391_,VGND,li1,74.0600,228.4800,0.000134
_13390_,VGND,li1,63.0200,228.4800,0.000116
_13389_,VGND,li1,81.6500,233.9200,0.000144
_13388_,VGND,li1,86.2500,250.2400,0.000157
_13387_,VGND,li1,84.4100,250.2400,0.000156
_13386_,VGND,li1,84.4100,250.2400,0.000156
_13385_,VGND,li1,79.3500,250.2400,0.000151
_13384_,VGND,li1,77.0500,250.2400,0.000148
_13383_,VGND,li1,71.5300,250.2400,0.000143
_13382_,VGND,li1,74.5200,244.8000,0.000253
_13381_,VGND,li1,74.2900,255.6800,0.000137
_13380_,VGND,li1,91.5400,228.4800,0.000159
_13379_,VGND,li1,105.8000,244.8000,0.000343
_13378_,VGND,li1,97.7500,233.9200,0.000167
_13377_,VGND,li1,100.7400,233.9200,0.000168
_13376_,VGND,li1,100.2800,228.4800,0.000169
_13375_,VGND,li1,76.1300,223.0400,0.000206
_13374_,VGND,li1,67.8500,223.0400,0.000184
_13373_,VGND,li1,67.8500,217.6000,0.000104
_13372_,VGND,li1,64.6300,217.6000,0.000101
_13371_,VGND,li1,66.7000,217.6000,0.000104
_13370_,VGND,li1,53.5900,228.4800,0.000098
_13369_,VGND,li1,59.1100,223.0400,0.000157
_13368_,VGND,li1,56.8100,223.0400,0.000146
_13367_,VGND,li1,54.7400,223.0400,0.000140
_13366_,VGND,li1,70.3800,223.0400,0.000190
_13365_,VGND,li1,73.3700,217.6000,0.000111
_13364_,VGND,li1,76.1300,217.6000,0.000113
_13363_,VGND,li1,84.1800,212.1600,0.000103
_13362_,VGND,li1,55.8900,217.6000,0.000088
_13361_,VGND,li1,51.2900,212.1600,0.000064
_13360_,VGND,li1,54.2800,212.1600,0.000069
_13359_,VGND,li1,48.5300,212.1600,0.000060
_13358_,VGND,li1,48.5300,212.1600,0.000060
_13357_,VGND,li1,46.2300,206.7200,0.000039
_13356_,VGND,li1,44.8500,206.7200,0.000037
_13355_,VGND,li1,38.6400,206.7200,0.000030
_13354_,VGND,li1,42.3200,206.7200,0.000035
_13353_,VGND,li1,58.8800,212.1600,0.000075
_13352_,VGND,li1,51.7500,206.7200,0.000045
_13351_,VGND,li1,58.1900,217.6000,0.000091
_13350_,VGND,li1,54.9700,217.6000,0.000088
_13349_,VGND,li1,73.8300,212.1600,0.000094
_13348_,VGND,li1,71.9900,212.1600,0.000091
_13347_,VGND,li1,125.8100,261.1200,0.000540
_13346_,VGND,li1,126.0400,266.5600,0.001312
_13345_,VGND,li1,121.6700,266.5600,0.001284
_13344_,VGND,li1,120.2900,261.1200,0.000527
_13343_,VGND,li1,119.6000,261.1200,0.000527
_13342_,VGND,li1,114.3100,266.5600,0.001242
_13341_,VGND,li1,117.0700,266.5600,0.001259
_13340_,VGND,li1,112.9300,261.1200,0.000509
_13339_,VGND,li1,115.0000,261.1200,0.000515
_13338_,VGND,li1,110.6300,261.1200,0.000500
_13337_,VGND,li1,107.1800,261.1200,0.000487
_13336_,VGND,li1,103.2700,261.1200,0.000479
_13335_,VGND,li1,106.2600,261.1200,0.000487
_13334_,VGND,li1,98.2100,261.1200,0.000463
_13333_,VGND,li1,94.5300,261.1200,0.000450
_13332_,VGND,li1,94.0700,255.6800,0.000157
_13331_,VGND,li1,97.2900,255.6800,0.000159
_13330_,VGND,li1,91.5400,250.2400,0.000161
_13329_,VGND,li1,104.1900,255.6800,0.000165
_13328_,VGND,li1,112.9300,255.6800,0.000172
_13327_,VGND,li1,111.5500,272.0000,0.001305
_13326_,VGND,li1,111.0900,272.0000,0.001305
_13325_,VGND,li1,110.1700,277.4400,0.001997
_13324_,VGND,li1,112.0100,277.4400,0.002028
_13323_,VGND,li1,112.7000,277.4400,0.002028
_13322_,VGND,li1,108.3300,277.4400,0.001948
_13321_,VGND,li1,109.9400,282.8800,0.002570
_13320_,VGND,li1,102.3500,282.8800,0.002532
_13319_,VGND,li1,105.3400,277.4400,0.001909
_13318_,VGND,li1,105.8000,282.8800,0.002556
_13317_,VGND,li1,105.8000,282.8800,0.002556
_13316_,VGND,li1,159.1600,266.5600,0.001041
_13315_,VGND,li1,146.2800,272.0000,0.001361
_13314_,VGND,li1,152.4900,272.0000,0.001247
_13313_,VGND,li1,151.8000,272.0000,0.001247
_13312_,VGND,li1,158.7000,277.4400,0.001876
_13311_,VGND,li1,355.3500,277.4400,0.003028
_13310_,VGND,li1,350.5200,277.4400,0.002818
_13309_,VGND,li1,349.6000,272.0000,0.003080
_13308_,VGND,li1,345.6900,277.4400,0.002377
_13307_,VGND,li1,337.1800,272.0000,0.001941
_13306_,VGND,li1,339.9400,272.0000,0.002316
_13305_,VGND,li1,353.7400,266.5600,0.001293
_13304_,VGND,li1,350.9800,266.5600,0.001260
_13303_,VGND,li1,355.1200,272.0000,0.003307
_13302_,VGND,li1,347.9900,272.0000,0.002939
_13301_,VGND,li1,240.8100,277.4400,0.004777
_13300_,VGND,li1,234.3700,277.4400,0.004775
_13299_,VGND,li1,239.8900,272.0000,0.002868
_13298_,VGND,li1,231.1500,277.4400,0.004740
_13297_,VGND,li1,227.4700,272.0000,0.002635
_13296_,VGND,li1,225.1700,277.4400,0.004517
_13295_,VGND,li1,221.0300,277.4400,0.004264
_13294_,VGND,li1,222.6400,272.0000,0.002485
_13293_,VGND,li1,190.2100,277.4400,0.002253
_13292_,VGND,li1,189.2900,272.0000,0.001320
_13291_,VGND,li1,187.4500,272.0000,0.001238
_13290_,VGND,li1,187.9100,266.5600,0.000901
_13289_,VGND,li1,151.5700,266.5600,0.001202
_13288_,VGND,li1,145.5900,261.1200,0.000496
_13287_,VGND,li1,145.5900,255.6800,0.000148
_13286_,VGND,li1,149.2700,239.3600,0.000309
_13285_,VGND,li1,118.9100,239.3600,0.000357
_13284_,VGND,li1,117.9900,239.3600,0.000357
_13283_,VGND,li1,119.8300,239.3600,0.000356
_13282_,VGND,li1,111.0900,233.9200,0.000169
_13281_,VGND,li1,117.7600,228.4800,0.000165
_13280_,VGND,li1,106.0300,228.4800,0.000172
_13279_,VGND,li1,108.3300,228.4800,0.000172
_13278_,VGND,li1,107.4100,228.4800,0.000172
_13277_,VGND,li1,98.2100,223.0400,0.000241
_13276_,VGND,li1,96.1400,223.0400,0.000238
_13275_,VGND,li1,92.2300,223.0400,0.000233
_13274_,VGND,li1,79.3500,223.0400,0.000212
_13273_,VGND,li1,62.7900,223.0400,0.000169
_13272_,VGND,li1,60.4900,228.4800,0.000112
_13271_,VGND,li1,64.1700,228.4800,0.000116
_13270_,VGND,li1,62.5600,228.4800,0.000116
_13269_,VGND,li1,58.6500,228.4800,0.000109
_13268_,VGND,li1,93.3800,206.7200,0.000072
_13267_,VGND,li1,94.9900,223.0400,0.000235
_13266_,VGND,li1,101.4300,228.4800,0.000170
_13265_,VGND,li1,105.3400,212.1600,0.000116
_13264_,VGND,li1,84.8700,217.6000,0.000119
_13263_,VGND,li1,72.9100,206.7200,0.000063
_13262_,VGND,li1,68.7700,206.7200,0.000059
_13261_,VGND,li1,62.3300,206.7200,0.000055
_13260_,VGND,li1,65.3200,206.7200,0.000058
_13259_,VGND,li1,59.1100,206.7200,0.000052
_13258_,VGND,li1,56.3500,201.2800,0.000054
_13257_,VGND,li1,51.2900,201.2800,0.000048
_13256_,VGND,li1,48.3000,201.2800,0.000043
_13255_,VGND,li1,51.2900,201.2800,0.000048
_13254_,VGND,li1,62.5600,206.7200,0.000055
_13253_,VGND,li1,75.4400,206.7200,0.000064
_13252_,VGND,li1,86.2500,212.1600,0.000105
_13251_,VGND,li1,81.1900,212.1600,0.000101
_13250_,VGND,li1,78.8900,212.1600,0.000099
_13249_,VGND,li1,86.7100,212.1600,0.000105
_13248_,VGND,li1,76.5900,212.1600,0.000097
_13247_,VGND,li1,67.8500,212.1600,0.000087
_13246_,VGND,li1,70.1500,212.1600,0.000089
_13245_,VGND,li1,117.0700,244.8000,0.000346
_13244_,VGND,li1,120.0600,244.8000,0.000344
_13243_,VGND,li1,113.8500,244.8000,0.000346
_13242_,VGND,li1,115.0000,239.3600,0.000354
_13241_,VGND,li1,110.6300,244.8000,0.000345
_13240_,VGND,li1,105.1100,239.3600,0.000338
_13239_,VGND,li1,107.4100,239.3600,0.000342
_13238_,VGND,li1,128.3400,239.3600,0.000349
_13237_,VGND,li1,96.3700,239.3600,0.000320
_13236_,VGND,li1,89.0100,233.9200,0.000155
_13235_,VGND,li1,92.0000,233.9200,0.000159
_13234_,VGND,li1,84.8700,233.9200,0.000149
_13233_,VGND,li1,84.8700,233.9200,0.000149
_13232_,VGND,li1,78.8900,233.9200,0.000138
_13231_,VGND,li1,81.4200,228.4800,0.000144
_13230_,VGND,li1,86.0200,223.0400,0.000222
_13229_,VGND,li1,117.0700,233.9200,0.000164
_13228_,VGND,li1,104.1900,250.2400,0.000168
_13227_,VGND,li1,103.2700,250.2400,0.000168
_13226_,VGND,li1,97.7500,250.2400,0.000165
_13225_,VGND,li1,96.8300,250.2400,0.000164
_13224_,VGND,li1,95.9100,255.6800,0.000159
_13223_,VGND,li1,94.5300,250.2400,0.000162
_13222_,VGND,li1,94.0700,250.2400,0.000162
_13221_,VGND,li1,110.1700,250.2400,0.000170
_13220_,VGND,li1,114.5400,228.4800,0.000168
_13219_,VGND,li1,136.6200,244.8000,0.000332
_13218_,VGND,li1,154.3300,266.5600,0.001147
_13217_,VGND,li1,155.4800,272.0000,0.001187
_13216_,VGND,li1,149.7300,266.5600,0.001226
_13215_,VGND,li1,155.2500,266.5600,0.001147
_13214_,VGND,li1,161.2300,266.5600,0.000995
_13213_,VGND,li1,163.0700,266.5600,0.000954
_13212_,VGND,li1,164.9100,261.1200,0.000383
_13211_,VGND,li1,162.3800,261.1200,0.000399
_13210_,VGND,li1,160.0800,261.1200,0.000412
_13209_,VGND,li1,136.8500,261.1200,0.000521
_13208_,VGND,li1,133.1700,261.1200,0.000535
_13207_,VGND,li1,126.7300,255.6800,0.000171
_13206_,VGND,li1,123.9700,255.6800,0.000173
_13205_,VGND,li1,118.4500,255.6800,0.000176
_13204_,VGND,li1,114.7700,255.6800,0.000174
_13203_,VGND,li1,115.2300,255.6800,0.000174
_13202_,VGND,li1,117.9900,255.6800,0.000176
_13201_,VGND,li1,123.0500,250.2400,0.000157
_13200_,VGND,li1,128.3400,255.6800,0.000169
_13199_,VGND,li1,150.1900,261.1200,0.000470
_13198_,VGND,li1,159.8500,272.0000,0.001115
_13197_,VGND,li1,161.2300,277.4400,0.001823
_13196_,VGND,li1,162.8400,277.4400,0.001763
_13195_,VGND,li1,160.5400,277.4400,0.001823
_13194_,VGND,li1,116.1500,277.4400,0.002096
_13193_,VGND,li1,114.7700,282.8800,0.002598
_13192_,VGND,li1,116.8400,282.8800,0.002614
_13191_,VGND,li1,113.3900,282.8800,0.002598
_13190_,VGND,li1,112.4700,282.8800,0.002585
_13189_,VGND,li1,116.6100,288.3200,0.000445
_13188_,VGND,li1,118.9100,288.3200,0.000455
_13187_,VGND,li1,113.8500,277.4400,0.002058
_13186_,VGND,li1,116.3800,277.4400,0.002096
_13185_,VGND,li1,115.0000,272.0000,0.001345
_13184_,VGND,li1,151.5700,239.3600,0.000298
_13183_,VGND,li1,175.0300,266.5600,0.000679
_13182_,VGND,li1,184.4600,277.4400,0.001803
_13181_,VGND,li1,181.9300,272.0000,0.000952
_13180_,VGND,li1,181.2400,277.4400,0.001548
_13179_,VGND,li1,184.0000,282.8800,0.000789
_13178_,VGND,li1,360.4100,277.4400,0.003128
_13177_,VGND,li1,363.1700,272.0000,0.003530
_13176_,VGND,li1,343.3900,272.0000,0.002620
_13175_,VGND,li1,245.8700,272.0000,0.002923
_13174_,VGND,li1,239.8900,272.0000,0.002868
_13173_,VGND,li1,236.2100,272.0000,0.002788
_13172_,VGND,li1,247.2500,266.5600,0.001772
_13171_,VGND,li1,226.5500,272.0000,0.002635
_13170_,VGND,li1,221.4900,266.5600,0.001588
_13169_,VGND,li1,221.0300,272.0000,0.002485
_13168_,VGND,li1,220.5700,261.1200,0.001091
_13167_,VGND,li1,191.1300,266.5600,0.000993
_13166_,VGND,li1,186.5300,261.1200,0.000507
_13165_,VGND,li1,190.2100,261.1200,0.000585
_13164_,VGND,li1,185.1500,239.3600,0.000196
_13163_,VGND,li1,152.4900,244.8000,0.000301
_13162_,VGND,li1,146.0500,239.3600,0.000320
_13161_,VGND,li1,149.7300,239.3600,0.000309
_13160_,VGND,li1,146.0500,223.0400,0.000219
_13159_,VGND,li1,118.4500,223.0400,0.000258
_13158_,VGND,li1,113.3900,217.6000,0.000126
_13157_,VGND,li1,117.5300,217.6000,0.000125
_13156_,VGND,li1,115.0000,217.6000,0.000126
_13155_,VGND,li1,103.2700,217.6000,0.000127
_13154_,VGND,li1,99.1300,206.7200,0.000074
_13153_,VGND,li1,90.3900,206.7200,0.000071
_13152_,VGND,li1,89.4700,206.7200,0.000071
_13151_,VGND,li1,82.5700,201.2800,0.000078
_13150_,VGND,li1,76.1300,201.2800,0.000072
_13149_,VGND,li1,76.5900,201.2800,0.000074
_13148_,VGND,li1,71.9900,201.2800,0.000070
_13147_,VGND,li1,73.3700,206.7200,0.000063
_13146_,VGND,li1,90.8500,201.2800,0.000083
_13145_,VGND,li1,101.8900,201.2800,0.000089
_13144_,VGND,li1,99.1300,212.1600,0.000113
_13143_,VGND,li1,103.2700,212.1600,0.000115
_13142_,VGND,li1,101.4300,212.1600,0.000114
_13141_,VGND,li1,90.3900,212.1600,0.000108
_13140_,VGND,li1,66.0100,206.7200,0.000058
_13139_,VGND,li1,67.3900,206.7200,0.000059
_13138_,VGND,li1,63.7100,212.1600,0.000082
_13137_,VGND,li1,62.5600,201.2800,0.000059
_13136_,VGND,li1,59.1100,206.7200,0.000052
_13135_,VGND,li1,116.1500,223.0400,0.000257
_13134_,VGND,li1,112.4700,223.0400,0.000254
_13133_,VGND,li1,111.5500,223.0400,0.000254
_13132_,VGND,li1,103.2700,217.6000,0.000127
_13131_,VGND,li1,100.9700,223.0400,0.000243
_13130_,VGND,li1,90.8500,223.0400,0.000230
_13129_,VGND,li1,88.5500,228.4800,0.000154
_13128_,VGND,li1,83.4900,223.0400,0.000216
_13127_,VGND,li1,88.3200,223.0400,0.000227
_13126_,VGND,li1,85.3300,223.0400,0.000222
_13125_,VGND,li1,104.6500,223.0400,0.000248
_13124_,VGND,li1,117.3000,206.7200,0.000072
_13123_,VGND,li1,127.1900,223.0400,0.000249
_13122_,VGND,li1,146.5100,244.8000,0.000320
_13121_,VGND,li1,149.5000,244.8000,0.000309
_13120_,VGND,li1,141.9100,244.8000,0.000325
_13119_,VGND,li1,143.5200,239.3600,0.000324
_13118_,VGND,li1,135.9300,239.3600,0.000339
_13117_,VGND,li1,132.7100,239.3600,0.000342
_13116_,VGND,li1,153.1800,239.3600,0.000289
_13115_,VGND,li1,130.8700,239.3600,0.000346
_13114_,VGND,li1,126.7300,233.9200,0.000154
_13113_,VGND,li1,129.7200,233.9200,0.000152
_13112_,VGND,li1,123.5100,233.9200,0.000158
_13111_,VGND,li1,116.6100,233.9200,0.000165
_13110_,VGND,li1,117.5300,228.4800,0.000165
_13109_,VGND,li1,119.6000,233.9200,0.000161
_13108_,VGND,li1,129.0300,233.9200,0.000152
_13107_,VGND,li1,138.9200,233.9200,0.000140
_13106_,VGND,li1,133.1700,244.8000,0.000334
_13105_,VGND,li1,133.4000,250.2400,0.000142
_13104_,VGND,li1,131.3300,250.2400,0.000146
_13103_,VGND,li1,136.8500,250.2400,0.000136
_13102_,VGND,li1,130.8700,250.2400,0.000146
_13101_,VGND,li1,130.8700,255.6800,0.000166
_13100_,VGND,li1,143.7500,255.6800,0.000151
_13099_,VGND,li1,139.6100,250.2400,0.000132
_13098_,VGND,li1,140.7600,250.2400,0.000129
_13097_,VGND,li1,126.2700,244.8000,0.000339
_13096_,VGND,li1,124.4300,244.8000,0.000341
_13095_,VGND,li1,125.8100,250.2400,0.000153
_13094_,VGND,li1,128.8000,250.2400,0.000149
_13093_,VGND,li1,122.1300,250.2400,0.000160
_13092_,VGND,li1,141.2200,223.0400,0.000230
_13091_,VGND,li1,163.7600,244.8000,0.000227
_13090_,VGND,li1,185.1500,266.5600,0.000813
_13089_,VGND,li1,183.5400,272.0000,0.001054
_13088_,VGND,li1,178.7100,266.5600,0.000592
_13087_,VGND,li1,179.8600,266.5600,0.000592
_13086_,VGND,li1,175.0300,266.5600,0.000679
_13085_,VGND,li1,171.8100,266.5600,0.000754
_13084_,VGND,li1,174.5700,261.1200,0.000318
_13083_,VGND,li1,169.0500,266.5600,0.000817
_13082_,VGND,li1,193.2000,261.1200,0.000630
_13081_,VGND,li1,167.6700,261.1200,0.000364
_13080_,VGND,li1,170.4300,261.1200,0.000346
_13079_,VGND,li1,162.1500,261.1200,0.000399
_13078_,VGND,li1,159.3900,261.1200,0.000425
_13077_,VGND,li1,154.3300,255.6800,0.000133
_13076_,VGND,li1,149.2700,255.6800,0.000142
_13075_,VGND,li1,151.1100,255.6800,0.000139
_13074_,VGND,li1,151.5700,255.6800,0.000139
_13073_,VGND,li1,162.3800,250.2400,0.000088
_13072_,VGND,li1,159.6200,250.2400,0.000093
_13071_,VGND,li1,177.1000,261.1200,0.000300
_13070_,VGND,li1,180.0900,282.8800,0.000727
_13069_,VGND,li1,177.7900,282.8800,0.000690
_13068_,VGND,li1,180.7800,282.8800,0.000727
_13067_,VGND,li1,188.1400,282.8800,0.000854
_13066_,VGND,li1,170.4300,282.8800,0.001162
_13065_,VGND,li1,167.2100,277.4400,0.001630
_13064_,VGND,li1,172.7300,282.8800,0.000956
_13063_,VGND,li1,170.2000,277.4400,0.001535
_13062_,VGND,li1,163.9900,277.4400,0.001763
_13061_,VGND,li1,170.2000,277.4400,0.001535
_13060_,VGND,li1,166.2900,282.8800,0.001295
_13059_,VGND,li1,162.1500,282.8800,0.001511
_13058_,VGND,li1,168.8200,282.8800,0.001162
_13057_,VGND,li1,132.2500,282.8800,0.002611
_13056_,VGND,li1,132.2500,288.3200,0.000506
_13055_,VGND,li1,118.4500,282.8800,0.002625
_13054_,VGND,li1,179.8600,244.8000,0.000125
_13053_,VGND,li1,205.6200,266.5600,0.001289
_13052_,VGND,li1,221.0300,272.0000,0.002485
_13051_,VGND,li1,219.1900,272.0000,0.002419
_13050_,VGND,li1,216.4300,272.0000,0.002319
_13049_,VGND,li1,210.6800,277.4400,0.003591
_13048_,VGND,li1,287.5000,272.0000,0.002891
_13047_,VGND,li1,360.4100,272.0000,0.003497
_13046_,VGND,li1,358.3400,272.0000,0.003452
_13045_,VGND,li1,360.6400,272.0000,0.003497
_13044_,VGND,li1,357.8800,266.5600,0.001358
_13043_,VGND,li1,350.7500,266.5600,0.001260
_13042_,VGND,li1,357.8800,272.0000,0.003396
_13041_,VGND,li1,346.1500,272.0000,0.002793
_13040_,VGND,li1,346.1500,272.0000,0.002793
_13039_,VGND,li1,339.4800,266.5600,0.000954
_13038_,VGND,li1,290.9500,272.0000,0.002808
_13037_,VGND,li1,284.5100,272.0000,0.002927
_13036_,VGND,li1,284.5100,266.5600,0.001477
_13035_,VGND,li1,284.2800,266.5600,0.001477
_13034_,VGND,li1,250.0100,272.0000,0.002955
_13033_,VGND,li1,245.8700,266.5600,0.001772
_13032_,VGND,li1,248.1700,266.5600,0.001772
_13031_,VGND,li1,250.2400,261.1200,0.001346
_13030_,VGND,li1,226.5500,261.1200,0.001169
_13029_,VGND,li1,216.8900,244.8000,0.000311
_13028_,VGND,li1,219.6500,244.8000,0.000312
_13027_,VGND,li1,217.1200,228.4800,0.000167
_13026_,VGND,li1,188.3700,239.3600,0.000215
_13025_,VGND,li1,181.9300,228.4800,0.000070
_13024_,VGND,li1,183.0800,223.0400,0.000116
_13023_,VGND,li1,183.5400,223.0400,0.000126
_13022_,VGND,li1,149.2700,223.0400,0.000211
_13021_,VGND,li1,142.8300,217.6000,0.000111
_13020_,VGND,li1,145.5900,217.6000,0.000107
_13019_,VGND,li1,145.8200,212.1600,0.000098
_13018_,VGND,li1,117.0700,212.1600,0.000116
_13017_,VGND,li1,112.9300,212.1600,0.000116
_13016_,VGND,li1,114.5400,212.1600,0.000116
_13015_,VGND,li1,117.7600,212.1600,0.000116
_13014_,VGND,li1,105.1100,212.1600,0.000116
_13013_,VGND,li1,97.7500,201.2800,0.000087
_13012_,VGND,li1,96.8300,201.2800,0.000086
_13011_,VGND,li1,92.9200,201.2800,0.000085
_13010_,VGND,li1,87.6300,201.2800,0.000082
_13009_,VGND,li1,94.0700,201.2800,0.000085
_13008_,VGND,li1,110.6300,212.1600,0.000116
_13007_,VGND,li1,114.3100,206.7200,0.000073
_13006_,VGND,li1,112.0100,201.2800,0.000092
_13005_,VGND,li1,115.0000,201.2800,0.000092
_13004_,VGND,li1,106.4900,201.2800,0.000090
_13003_,VGND,li1,104.6500,206.7200,0.000074
_13002_,VGND,li1,102.3500,201.2800,0.000089
_13001_,VGND,li1,105.1100,201.2800,0.000090
_13000_,VGND,li1,100.0500,201.2800,0.000088
_12999_,VGND,li1,117.5300,201.2800,0.000092
_12998_,VGND,li1,126.9600,201.2800,0.000092
_12997_,VGND,li1,141.9100,223.0400,0.000227
_12996_,VGND,li1,138.2300,223.0400,0.000233
_12995_,VGND,li1,139.6100,223.0400,0.000233
_12994_,VGND,li1,131.7900,223.0400,0.000243
_12993_,VGND,li1,129.4900,217.6000,0.000120
_12992_,VGND,li1,126.7300,223.0400,0.000249
_12991_,VGND,li1,119.8300,217.6000,0.000124
_12990_,VGND,li1,127.6500,217.6000,0.000121
_12989_,VGND,li1,126.2700,217.6000,0.000121
_12988_,VGND,li1,130.8700,228.4800,0.000145
_12987_,VGND,li1,127.6500,233.9200,0.000154
_12986_,VGND,li1,129.7200,228.4800,0.000149
_12985_,VGND,li1,128.3400,228.4800,0.000149
_12984_,VGND,li1,133.4000,228.4800,0.000142
_12983_,VGND,li1,125.8100,228.4800,0.000153
_12982_,VGND,li1,139.3800,212.1600,0.000102
_12981_,VGND,li1,155.0200,223.0400,0.000196
_12980_,VGND,li1,181.0100,239.3600,0.000166
_12979_,VGND,li1,176.8700,239.3600,0.000158
_12978_,VGND,li1,178.4800,239.3600,0.000145
_12977_,VGND,li1,166.7500,244.8000,0.000207
_12976_,VGND,li1,162.6100,239.3600,0.000238
_12975_,VGND,li1,165.3700,239.3600,0.000222
_12974_,VGND,li1,171.5800,239.3600,0.000186
_12973_,VGND,li1,156.1700,239.3600,0.000279
_12972_,VGND,li1,150.6500,233.9200,0.000124
_12971_,VGND,li1,153.4100,233.9200,0.000121
_12970_,VGND,li1,143.7500,233.9200,0.000134
_12969_,VGND,li1,139.6100,228.4800,0.000131
_12968_,VGND,li1,141.4500,233.9200,0.000136
_12967_,VGND,li1,142.6000,228.4800,0.000126
_12966_,VGND,li1,152.0300,228.4800,0.000110
_12965_,VGND,li1,161.0000,233.9200,0.000110
_12964_,VGND,li1,162.1500,250.2400,0.000088
_12963_,VGND,li1,155.2500,250.2400,0.000102
_12962_,VGND,li1,155.2500,250.2400,0.000102
_12961_,VGND,li1,175.0300,250.2400,0.000057
_12960_,VGND,li1,152.9500,250.2400,0.000109
_12959_,VGND,li1,141.9100,255.6800,0.000153
_12958_,VGND,li1,143.0600,250.2400,0.000126
_12957_,VGND,li1,145.1300,250.2400,0.000121
_12956_,VGND,li1,142.6000,250.2400,0.000126
_12955_,VGND,li1,164.4500,255.6800,0.000114
_12954_,VGND,li1,172.2700,250.2400,0.000064
_12953_,VGND,li1,167.2100,255.6800,0.000109
_12952_,VGND,li1,168.1300,250.2400,0.000074
_12951_,VGND,li1,164.9100,250.2400,0.000083
_12950_,VGND,li1,176.6400,223.0400,0.000114
_12949_,VGND,li1,190.9000,239.3600,0.000224
_12948_,VGND,li1,217.8100,266.5600,0.001511
_12947_,VGND,li1,216.8900,266.5600,0.001511
_12946_,VGND,li1,212.7500,266.5600,0.001434
_12945_,VGND,li1,213.2100,272.0000,0.002201
_12944_,VGND,li1,208.6100,266.5600,0.001344
_12943_,VGND,li1,205.3900,266.5600,0.001289
_12942_,VGND,li1,208.1500,266.5600,0.001344
_12941_,VGND,li1,210.6800,261.1200,0.000915
_12940_,VGND,li1,196.6500,261.1200,0.000700
_12939_,VGND,li1,190.6700,261.1200,0.000585
_12938_,VGND,li1,192.0500,255.6800,0.000181
_12937_,VGND,li1,184.2300,261.1200,0.000465
_12936_,VGND,li1,177.7900,255.6800,0.000088
_12935_,VGND,li1,180.5500,255.6800,0.000106
_12934_,VGND,li1,179.4000,255.6800,0.000088
_12933_,VGND,li1,195.2700,272.0000,0.001533
_12932_,VGND,li1,189.9800,250.2400,0.000073
_12931_,VGND,li1,194.5800,261.1200,0.000663
_12930_,VGND,li1,208.1500,277.4400,0.003426
_12929_,VGND,li1,206.7700,282.8800,0.001143
_12928_,VGND,li1,209.7600,282.8800,0.001188
_12927_,VGND,li1,214.3600,277.4400,0.003831
_12926_,VGND,li1,194.8100,282.8800,0.000959
_12925_,VGND,li1,194.8100,282.8800,0.000959
_12924_,VGND,li1,191.3600,282.8800,0.000905
_12923_,VGND,li1,192.0500,282.8800,0.000905
_12922_,VGND,li1,188.8300,288.3200,0.000174
_12921_,VGND,li1,201.0200,282.8800,0.001055
_12920_,VGND,li1,166.7500,282.8800,0.001295
_12919_,VGND,li1,170.6600,282.8800,0.001065
_12918_,VGND,li1,164.4500,282.8800,0.001403
_12917_,VGND,li1,161.2300,288.3200,0.000396
_12916_,VGND,li1,163.3000,288.3200,0.000349
_12915_,VGND,li1,159.8500,282.8800,0.001631
_12914_,VGND,li1,119.8300,282.8800,0.002625
_12913_,VGND,li1,210.6800,233.9200,0.000244
_12912_,VGND,li1,230.4600,261.1200,0.001211
_12911_,VGND,li1,247.7100,272.0000,0.002939
_12910_,VGND,li1,245.8700,272.0000,0.002923
_12909_,VGND,li1,243.1100,272.0000,0.002898
_12908_,VGND,li1,246.5600,277.4400,0.004556
_12907_,VGND,li1,281.0600,272.0000,0.002934
_12906_,VGND,li1,361.3300,266.5600,0.001388
_12905_,VGND,li1,355.8100,266.5600,0.001333
_12904_,VGND,li1,352.5900,261.1200,0.000863
_12903_,VGND,li1,346.8400,266.5600,0.001171
_12902_,VGND,li1,344.7700,266.5600,0.001121
_12901_,VGND,li1,336.9500,266.5600,0.000865
_12900_,VGND,li1,332.3500,266.5600,0.000674
_12899_,VGND,li1,333.5000,261.1200,0.000501
_12898_,VGND,li1,316.9400,261.1200,0.000833
_12897_,VGND,li1,286.3500,261.1200,0.001318
_12896_,VGND,li1,281.2900,261.1200,0.001358
_12895_,VGND,li1,282.4400,261.1200,0.001343
_12894_,VGND,li1,279.6800,255.6800,0.000560
_12893_,VGND,li1,247.7100,261.1200,0.001340
_12892_,VGND,li1,242.6500,255.6800,0.000494
_12891_,VGND,li1,244.2600,255.6800,0.000494
_12890_,VGND,li1,243.3400,233.9200,0.000324
_12889_,VGND,li1,218.2700,233.9200,0.000282
_12888_,VGND,li1,214.5900,223.0400,0.000256
_12887_,VGND,li1,217.3500,223.0400,0.000264
_12886_,VGND,li1,217.5800,223.0400,0.000264
_12885_,VGND,li1,187.9100,217.6000,0.000079
_12884_,VGND,li1,181.4700,217.6000,0.000062
_12883_,VGND,li1,184.2300,217.6000,0.000069
_12882_,VGND,li1,188.1400,212.1600,0.000061
_12881_,VGND,li1,151.1100,212.1600,0.000091
_12880_,VGND,li1,147.8900,212.1600,0.000094
_12879_,VGND,li1,150.1900,212.1600,0.000091
_12878_,VGND,li1,145.5900,212.1600,0.000098
_12877_,VGND,li1,151.8000,206.7200,0.000058
_12876_,VGND,li1,123.9700,212.1600,0.000112
_12875_,VGND,li1,124.8900,206.7200,0.000070
_12874_,VGND,li1,127.8800,212.1600,0.000110
_12873_,VGND,li1,77.0500,212.1600,0.000097
_12872_,VGND,li1,89.4700,212.1600,0.000108
_12871_,VGND,li1,118.9100,201.2800,0.000092
_12870_,VGND,li1,120.5200,201.2800,0.000092
_12869_,VGND,li1,119.6000,195.8400,0.000057
_12868_,VGND,li1,124.2000,201.2800,0.000092
_12867_,VGND,li1,116.6100,201.2800,0.000092
_12866_,VGND,li1,141.9100,212.1600,0.000100
_12865_,VGND,li1,138.2300,206.7200,0.000065
_12864_,VGND,li1,140.9900,206.7200,0.000064
_12863_,VGND,li1,136.3900,206.7200,0.000066
_12862_,VGND,li1,129.9500,206.7200,0.000069
_12861_,VGND,li1,129.9500,201.2800,0.000092
_12860_,VGND,li1,129.4900,201.2800,0.000092
_12859_,VGND,li1,131.3300,201.2800,0.000091
_12858_,VGND,li1,141.9100,201.2800,0.000088
_12857_,VGND,li1,161.4600,206.7200,0.000051
_12856_,VGND,li1,179.1700,223.0400,0.000100
_12855_,VGND,li1,176.4100,217.6000,0.000058
_12854_,VGND,li1,181.4700,223.0400,0.000116
_12853_,VGND,li1,157.5500,223.0400,0.000187
_12852_,VGND,li1,154.3300,217.6000,0.000096
_12851_,VGND,li1,157.0900,217.6000,0.000092
_12850_,VGND,li1,163.9900,217.6000,0.000081
_12849_,VGND,li1,132.7100,217.6000,0.000118
_12848_,VGND,li1,135.4700,217.6000,0.000117
_12847_,VGND,li1,125.3500,217.6000,0.000122
_12846_,VGND,li1,153.8700,223.0400,0.000196
_12845_,VGND,li1,156.1700,223.0400,0.000187
_12844_,VGND,li1,154.7900,228.4800,0.000106
_12843_,VGND,li1,154.3300,228.4800,0.000106
_12842_,VGND,li1,151.1100,228.4800,0.000114
_12841_,VGND,li1,177.1000,206.7200,0.000032
_12840_,VGND,li1,178.7100,217.6000,0.000053
_12839_,VGND,li1,213.2100,233.9200,0.000262
_12838_,VGND,li1,208.1500,233.9200,0.000231
_12837_,VGND,li1,209.3000,233.9200,0.000244
_12836_,VGND,li1,194.8100,239.3600,0.000236
_12835_,VGND,li1,191.5900,239.3600,0.000224
_12834_,VGND,li1,188.6000,239.3600,0.000215
_12833_,VGND,li1,191.5900,233.9200,0.000150
_12832_,VGND,li1,193.6600,233.9200,0.000161
_12831_,VGND,li1,174.1100,239.3600,0.000172
_12830_,VGND,li1,169.5100,233.9200,0.000095
_12829_,VGND,li1,170.8900,233.9200,0.000095
_12828_,VGND,li1,166.2900,233.9200,0.000100
_12827_,VGND,li1,162.1500,233.9200,0.000107
_12826_,VGND,li1,159.3900,233.9200,0.000114
_12825_,VGND,li1,162.3800,228.4800,0.000092
_12824_,VGND,li1,170.8900,228.4800,0.000076
_12823_,VGND,li1,175.9500,233.9200,0.000083
_12822_,VGND,li1,190.2100,250.2400,0.000073
_12821_,VGND,li1,190.6700,244.8000,0.000187
_12820_,VGND,li1,193.2000,250.2400,0.000079
_12819_,VGND,li1,187.4500,250.2400,0.000067
_12818_,VGND,li1,196.6500,250.2400,0.000084
_12817_,VGND,li1,173.6500,250.2400,0.000064
_12816_,VGND,li1,176.8700,250.2400,0.000053
_12815_,VGND,li1,170.4300,250.2400,0.000069
_12814_,VGND,li1,176.8700,250.2400,0.000053
_12813_,VGND,li1,175.0300,244.8000,0.000148
_12812_,VGND,li1,139.8400,255.6800,0.000157
_12811_,VGND,li1,137.3100,250.2400,0.000136
_12810_,VGND,li1,185.6100,250.2400,0.000063
_12809_,VGND,li1,201.2500,250.2400,0.000091
_12808_,VGND,li1,183.3100,255.6800,0.000124
_12807_,VGND,li1,181.0100,250.2400,0.000053
_12806_,VGND,li1,181.0100,250.2400,0.000053
_12805_,VGND,li1,207.4600,223.0400,0.000232
_12804_,VGND,li1,216.6600,233.9200,0.000270
_12803_,VGND,li1,244.0300,261.1200,0.001317
_12802_,VGND,li1,243.1100,266.5600,0.001748
_12801_,VGND,li1,239.4300,266.5600,0.001734
_12800_,VGND,li1,236.6700,266.5600,0.001706
_12799_,VGND,li1,233.9100,266.5600,0.001687
_12798_,VGND,li1,230.6900,266.5600,0.001666
_12797_,VGND,li1,228.3900,266.5600,0.001641
_12796_,VGND,li1,232.5300,261.1200,0.001227
_12795_,VGND,li1,234.6000,261.1200,0.001243
_12794_,VGND,li1,216.8900,261.1200,0.001049
_12793_,VGND,li1,213.6700,261.1200,0.000994
_12792_,VGND,li1,209.0700,261.1200,0.000915
_12791_,VGND,li1,200.7900,261.1200,0.000772
_12790_,VGND,li1,200.5600,255.6800,0.000226
_12789_,VGND,li1,197.5700,261.1200,0.000700
_12788_,VGND,li1,199.6400,272.0000,0.001677
_12787_,VGND,li1,204.0100,272.0000,0.001864
_12786_,VGND,li1,205.6200,255.6800,0.000269
_12785_,VGND,li1,196.8800,272.0000,0.001601
_12784_,VGND,li1,210.2200,244.8000,0.000274
_12783_,VGND,li1,221.2600,255.6800,0.000369
_12782_,VGND,li1,246.7900,277.4400,0.004556
_12781_,VGND,li1,244.9500,282.8800,0.001293
_12780_,VGND,li1,247.7100,282.8800,0.001263
_12779_,VGND,li1,258.2900,282.8800,0.001118
_12778_,VGND,li1,214.5900,282.8800,0.001261
_12777_,VGND,li1,215.9700,277.4400,0.003831
_12776_,VGND,li1,218.0400,282.8800,0.001291
_12775_,VGND,li1,221.7200,282.8800,0.001352
_12774_,VGND,li1,213.2100,282.8800,0.001219
_12773_,VGND,li1,214.5900,288.3200,0.000224
_12772_,VGND,li1,215.0500,282.8800,0.001261
_12771_,VGND,li1,240.1200,282.8800,0.001333
_12770_,VGND,li1,204.4700,282.8800,0.001094
_12769_,VGND,li1,203.5500,282.8800,0.001094
_12768_,VGND,li1,201.2500,288.3200,0.000198
_12767_,VGND,li1,201.4800,282.8800,0.001055
_12766_,VGND,li1,197.1100,282.8800,0.000994
_12765_,VGND,li1,237.3600,239.3600,0.000336
_12764_,VGND,li1,256.4500,266.5600,0.001705
_12763_,VGND,li1,281.2900,272.0000,0.002931
_12762_,VGND,li1,278.0700,272.0000,0.002937
_12761_,VGND,li1,283.1300,272.0000,0.002927
_12760_,VGND,li1,281.9800,282.8800,0.000839
_12759_,VGND,li1,276.0000,266.5600,0.001545
_12758_,VGND,li1,360.4100,261.1200,0.000899
_12757_,VGND,li1,357.1900,261.1200,0.000892
_12756_,VGND,li1,359.0300,261.1200,0.000899
_12755_,VGND,li1,360.8700,250.2400,0.000506
_12754_,VGND,li1,348.9100,261.1200,0.000800
_12753_,VGND,li1,346.3800,261.1200,0.000760
_12752_,VGND,li1,344.3100,261.1200,0.000721
_12751_,VGND,li1,341.3200,261.1200,0.000675
_12750_,VGND,li1,339.2500,261.1200,0.000627
_12749_,VGND,li1,331.2000,261.1200,0.000554
_12748_,VGND,li1,341.5500,261.1200,0.000675
_12747_,VGND,li1,327.9800,261.1200,0.000604
_12746_,VGND,li1,320.1600,261.1200,0.000797
_12745_,VGND,li1,316.4800,255.6800,0.000403
_12744_,VGND,li1,313.2600,255.6800,0.000443
_12743_,VGND,li1,312.1100,261.1200,0.000917
_12742_,VGND,li1,282.9000,255.6800,0.000553
_12741_,VGND,li1,280.1400,255.6800,0.000560
_12740_,VGND,li1,278.3000,233.9200,0.000297
_12739_,VGND,li1,274.1600,233.9200,0.000305
_12738_,VGND,li1,246.5600,233.9200,0.000324
_12737_,VGND,li1,244.2600,233.9200,0.000324
_12736_,VGND,li1,240.1200,223.0400,0.000286
_12735_,VGND,li1,238.7400,217.6000,0.000144
_12734_,VGND,li1,220.8000,223.0400,0.000270
_12733_,VGND,li1,223.1000,223.0400,0.000273
_12732_,VGND,li1,218.2700,212.1600,0.000107
_12731_,VGND,li1,218.9600,212.1600,0.000107
_12730_,VGND,li1,184.4600,212.1600,0.000054
_12729_,VGND,li1,185.8400,212.1600,0.000054
_12728_,VGND,li1,184.4600,206.7200,0.000043
_12727_,VGND,li1,186.7600,206.7200,0.000046
_12726_,VGND,li1,189.0600,201.2800,0.000092
_12725_,VGND,li1,157.3200,206.7200,0.000055
_12724_,VGND,li1,155.9400,206.7200,0.000055
_12723_,VGND,li1,154.5600,206.7200,0.000056
_12722_,VGND,li1,153.6400,206.7200,0.000056
_12721_,VGND,li1,130.1800,212.1600,0.000108
_12720_,VGND,li1,132.9400,212.1600,0.000106
_12719_,VGND,li1,131.3300,206.7200,0.000068
_12718_,VGND,li1,129.4900,206.7200,0.000069
_12717_,VGND,li1,149.2700,201.2800,0.000084
_12716_,VGND,li1,148.8100,201.2800,0.000084
_12715_,VGND,li1,144.9000,201.2800,0.000086
_12714_,VGND,li1,141.9100,201.2800,0.000088
_12713_,VGND,li1,145.1300,201.2800,0.000086
_12712_,VGND,li1,179.6300,206.7200,0.000036
_12711_,VGND,li1,175.0300,206.7200,0.000035
_12710_,VGND,li1,178.0200,206.7200,0.000032
_12709_,VGND,li1,168.1300,206.7200,0.000043
_12708_,VGND,li1,164.4500,206.7200,0.000048
_12707_,VGND,li1,164.4500,206.7200,0.000048
_12706_,VGND,li1,193.8900,206.7200,0.000055
_12705_,VGND,li1,174.1100,206.7200,0.000037
_12704_,VGND,li1,200.3300,206.7200,0.000060
_12703_,VGND,li1,209.9900,223.0400,0.000241
_12702_,VGND,li1,207.2300,217.6000,0.000107
_12701_,VGND,li1,203.7800,223.0400,0.000217
_12700_,VGND,li1,202.6300,223.0400,0.000206
_12699_,VGND,li1,171.5800,217.6000,0.000068
_12698_,VGND,li1,173.8800,223.0400,0.000123
_12697_,VGND,li1,172.0400,217.6000,0.000068
_12696_,VGND,li1,174.3400,217.6000,0.000063
_12695_,VGND,li1,195.2700,217.6000,0.000089
_12694_,VGND,li1,164.4500,212.1600,0.000066
_12693_,VGND,li1,166.2900,217.6000,0.000078
_12692_,VGND,li1,162.1500,217.6000,0.000084
_12691_,VGND,li1,161.6900,217.6000,0.000084
_12690_,VGND,li1,123.0500,217.6000,0.000123
_12689_,VGND,li1,169.0500,223.0400,0.000139
_12688_,VGND,li1,171.3500,223.0400,0.000130
_12687_,VGND,li1,170.6600,223.0400,0.000139
_12686_,VGND,li1,167.6700,223.0400,0.000147
_12685_,VGND,li1,167.6700,228.4800,0.000084
_12684_,VGND,li1,206.5400,212.1600,0.000091
_12683_,VGND,li1,200.5600,223.0400,0.000198
_12682_,VGND,li1,239.4300,239.3600,0.000339
_12681_,VGND,li1,229.3100,239.3600,0.000323
_12680_,VGND,li1,231.3800,239.3600,0.000329
_12679_,VGND,li1,219.6500,239.3600,0.000304
_12678_,VGND,li1,215.9700,239.3600,0.000295
_12677_,VGND,li1,218.9600,239.3600,0.000300
_12676_,VGND,li1,228.1600,239.3600,0.000323
_12675_,VGND,li1,196.1900,233.9200,0.000172
_12674_,VGND,li1,191.1300,228.4800,0.000098
_12673_,VGND,li1,193.8900,228.4800,0.000106
_12672_,VGND,li1,182.3900,233.9200,0.000092
_12671_,VGND,li1,176.4100,233.9200,0.000083
_12670_,VGND,li1,179.1700,233.9200,0.000077
_12669_,VGND,li1,180.5500,228.4800,0.000070
_12668_,VGND,li1,200.5600,233.9200,0.000198
_12667_,VGND,li1,190.2100,223.0400,0.000158
_12666_,VGND,li1,220.5700,228.4800,0.000170
_12665_,VGND,li1,212.7500,244.8000,0.000293
_12664_,VGND,li1,206.3100,244.8000,0.000262
_12663_,VGND,li1,209.3000,244.8000,0.000274
_12662_,VGND,li1,206.5400,239.3600,0.000269
_12661_,VGND,li1,201.2500,244.8000,0.000239
_12660_,VGND,li1,203.5500,244.8000,0.000250
_12659_,VGND,li1,199.6400,250.2400,0.000091
_12658_,VGND,li1,197.1100,244.8000,0.000212
_12657_,VGND,li1,197.1100,244.8000,0.000212
_12656_,VGND,li1,212.7500,244.8000,0.000293
_12655_,VGND,li1,211.8300,250.2400,0.000110
_12654_,VGND,li1,214.1300,250.2400,0.000115
_12653_,VGND,li1,208.3800,250.2400,0.000106
_12652_,VGND,li1,208.6100,250.2400,0.000106
_12651_,VGND,li1,205.3900,250.2400,0.000100
_12650_,VGND,li1,229.5400,223.0400,0.000280
_12649_,VGND,li1,242.4200,239.3600,0.000341
_12648_,VGND,li1,278.0700,261.1200,0.001360
_12647_,VGND,li1,271.1700,266.5600,0.001597
_12646_,VGND,li1,272.3200,261.1200,0.001361
_12645_,VGND,li1,265.1900,266.5600,0.001638
_12644_,VGND,li1,261.5100,261.1200,0.001356
_12643_,VGND,li1,258.7500,266.5600,0.001688
_12642_,VGND,li1,261.5100,266.5600,0.001667
_12641_,VGND,li1,267.2600,261.1200,0.001359
_12640_,VGND,li1,252.7700,261.1200,0.001350
_12639_,VGND,li1,233.4500,255.6800,0.000438
_12638_,VGND,li1,235.7500,255.6800,0.000455
_12637_,VGND,li1,227.4700,255.6800,0.000403
_12636_,VGND,li1,245.8700,255.6800,0.000501
_12635_,VGND,li1,221.9500,255.6800,0.000369
_12634_,VGND,li1,221.4900,261.1200,0.001118
_12633_,VGND,li1,218.9600,255.6800,0.000354
_12632_,VGND,li1,204.0100,272.0000,0.001864
_12631_,VGND,li1,201.0200,272.0000,0.001754
_12630_,VGND,li1,206.3100,272.0000,0.001948
_12629_,VGND,li1,199.8700,277.4400,0.002825
_12628_,VGND,li1,197.5700,272.0000,0.001601
_12627_,VGND,li1,226.5500,250.2400,0.000133
_12626_,VGND,li1,235.9800,250.2400,0.000145
_12625_,VGND,li1,258.5200,255.6800,0.000526
_12624_,VGND,li1,278.9900,282.8800,0.000875
_12623_,VGND,li1,278.0700,282.8800,0.000875
_12622_,VGND,li1,280.8300,282.8800,0.000839
_12621_,VGND,li1,291.1800,288.3200,0.000152
_12620_,VGND,li1,273.0100,282.8800,0.000938
_12619_,VGND,li1,266.3400,282.8800,0.001031
_12618_,VGND,li1,271.1700,282.8800,0.000961
_12617_,VGND,li1,255.9900,282.8800,0.001146
_12616_,VGND,li1,253.2300,282.8800,0.001178
_12615_,VGND,li1,259.6700,282.8800,0.001118
_12614_,VGND,li1,247.2500,288.3200,0.000242
_12613_,VGND,li1,247.7100,282.8800,0.001263
_12612_,VGND,li1,243.8000,288.3200,0.000245
_12611_,VGND,li1,243.5700,282.8800,0.001293
_12610_,VGND,li1,241.7300,288.3200,0.000250
_12609_,VGND,li1,268.6400,282.8800,0.001006
_12608_,VGND,li1,268.8700,282.8800,0.001006
_12607_,VGND,li1,267.7200,288.3200,0.000203
_12606_,VGND,li1,284.5100,282.8800,0.000809
_12605_,VGND,li1,283.1300,282.8800,0.000809
_12604_,VGND,li1,284.9700,282.8800,0.000785
_12603_,VGND,li1,300.8400,282.8800,0.000576
_12602_,VGND,li1,279.4500,288.3200,0.000180
_12601_,VGND,li1,264.9600,239.3600,0.000343
_12600_,VGND,li1,291.6400,266.5600,0.001359
_12599_,VGND,li1,313.9500,266.5600,0.001003
_12598_,VGND,li1,310.7300,261.1200,0.000949
_12597_,VGND,li1,311.6500,266.5600,0.001061
_12596_,VGND,li1,311.8800,277.4400,0.001998
_12595_,VGND,li1,361.1000,250.2400,0.000506
_12594_,VGND,li1,363.4000,250.2400,0.000510
_12593_,VGND,li1,368.2300,244.8000,0.000429
_12592_,VGND,li1,356.2700,244.8000,0.000371
_12591_,VGND,li1,358.5700,250.2400,0.000484
_12590_,VGND,li1,345.6900,244.8000,0.000306
_12589_,VGND,li1,336.9500,244.8000,0.000218
_12588_,VGND,li1,336.2600,244.8000,0.000218
_12587_,VGND,li1,326.8300,255.6800,0.000275
_12586_,VGND,li1,329.1300,255.6800,0.000236
_12585_,VGND,li1,322.6900,255.6800,0.000334
_12584_,VGND,li1,323.8400,250.2400,0.000166
_12583_,VGND,li1,323.8400,233.9200,0.000189
_12582_,VGND,li1,312.5700,255.6800,0.000443
_12581_,VGND,li1,309.8100,255.6800,0.000469
_12580_,VGND,li1,304.2900,255.6800,0.000495
_12579_,VGND,li1,303.3700,255.6800,0.000495
_12578_,VGND,li1,299.0000,228.4800,0.000184
_12577_,VGND,li1,276.2300,239.3600,0.000333
_12576_,VGND,li1,278.9900,239.3600,0.000325
_12575_,VGND,li1,271.1700,228.4800,0.000215
_12574_,VGND,li1,273.9300,228.4800,0.000214
_12573_,VGND,li1,272.7800,223.0400,0.000249
_12572_,VGND,li1,238.0500,223.0400,0.000287
_12571_,VGND,li1,236.2100,223.0400,0.000286
_12570_,VGND,li1,233.9100,217.6000,0.000139
_12569_,VGND,li1,239.2000,217.6000,0.000144
_12568_,VGND,li1,235.5200,212.1600,0.000114
_12567_,VGND,li1,222.8700,212.1600,0.000110
_12566_,VGND,li1,220.5700,217.6000,0.000124
_12565_,VGND,li1,221.4900,212.1600,0.000110
_12564_,VGND,li1,219.8800,206.7200,0.000077
_12563_,VGND,li1,230.0000,206.7200,0.000083
_12562_,VGND,li1,191.5900,206.7200,0.000053
_12561_,VGND,li1,188.3700,206.7200,0.000049
_12560_,VGND,li1,189.7500,206.7200,0.000049
_12559_,VGND,li1,226.3200,201.2800,0.000236
_12558_,VGND,li1,173.1900,201.2800,0.000062
_12557_,VGND,li1,175.7200,201.2800,0.000059
_12556_,VGND,li1,171.1200,201.2800,0.000065
_12555_,VGND,li1,168.1300,201.2800,0.000069
_12554_,VGND,li1,169.2800,201.2800,0.000067
_12553_,VGND,li1,210.9100,212.1600,0.000097
_12552_,VGND,li1,208.3800,206.7200,0.000069
_12551_,VGND,li1,205.1600,206.7200,0.000066
_12550_,VGND,li1,205.8500,206.7200,0.000066
_12549_,VGND,li1,203.5500,201.2800,0.000152
_12548_,VGND,li1,202.6300,206.7200,0.000062
_12547_,VGND,li1,200.7900,201.2800,0.000144
_12546_,VGND,li1,197.5700,201.2800,0.000132
_12545_,VGND,li1,209.9900,206.7200,0.000070
_12544_,VGND,li1,232.0700,223.0400,0.000282
_12543_,VGND,li1,227.0100,223.0400,0.000277
_12542_,VGND,li1,229.3100,223.0400,0.000280
_12541_,VGND,li1,205.3900,223.0400,0.000217
_12540_,VGND,li1,207.6900,223.0400,0.000232
_12539_,VGND,li1,205.1600,217.6000,0.000104
_12538_,VGND,li1,203.0900,217.6000,0.000101
_12537_,VGND,li1,246.5600,217.6000,0.000144
_12536_,VGND,li1,198.7200,217.6000,0.000095
_12535_,VGND,li1,202.1700,217.6000,0.000098
_12534_,VGND,li1,193.8900,212.1600,0.000070
_12533_,VGND,li1,195.7300,212.1600,0.000073
_12532_,VGND,li1,197.1100,212.1600,0.000073
_12531_,VGND,li1,164.4500,212.1600,0.000066
_12530_,VGND,li1,193.4300,223.0400,0.000170
_12529_,VGND,li1,191.8200,217.6000,0.000085
_12528_,VGND,li1,188.3700,217.6000,0.000079
_12527_,VGND,li1,192.9700,223.0400,0.000170
_12526_,VGND,li1,191.5900,223.0400,0.000158
_12525_,VGND,li1,156.6300,217.6000,0.000092
_12524_,VGND,li1,159.3900,212.1600,0.000076
_12523_,VGND,li1,232.0700,223.0400,0.000282
_12522_,VGND,li1,249.0900,223.0400,0.000277
_12521_,VGND,li1,267.4900,239.3600,0.000342
_12520_,VGND,li1,259.2100,239.3600,0.000344
_12519_,VGND,li1,260.3600,233.9200,0.000315
_12518_,VGND,li1,245.8700,239.3600,0.000343
_12517_,VGND,li1,245.8700,239.3600,0.000343
_12516_,VGND,li1,239.8900,239.3600,0.000339
_12515_,VGND,li1,247.7100,244.8000,0.000293
_12514_,VGND,li1,253.2300,239.3600,0.000344
_12513_,VGND,li1,234.3700,239.3600,0.000333
_12512_,VGND,li1,233.9100,239.3600,0.000333
_12511_,VGND,li1,230.0000,233.9200,0.000302
_12510_,VGND,li1,227.9300,233.9200,0.000299
_12509_,VGND,li1,229.3100,228.4800,0.000181
_12508_,VGND,li1,226.5500,228.4800,0.000178
_12507_,VGND,li1,222.8700,228.4800,0.000173
_12506_,VGND,li1,223.7900,228.4800,0.000175
_12505_,VGND,li1,234.8300,228.4800,0.000188
_12504_,VGND,li1,239.4300,250.2400,0.000148
_12503_,VGND,li1,236.6700,244.8000,0.000303
_12502_,VGND,li1,236.2100,250.2400,0.000145
_12501_,VGND,li1,234.3700,250.2400,0.000142
_12500_,VGND,li1,254.1500,250.2400,0.000160
_12499_,VGND,li1,204.0100,239.3600,0.000263
_12498_,VGND,li1,158.0100,233.9200,0.000114
_12497_,VGND,li1,161.9200,239.3600,0.000248
_12496_,VGND,li1,202.6300,233.9200,0.000209
_12495_,VGND,li1,205.3900,233.9200,0.000219
_12494_,VGND,li1,204.2400,233.9200,0.000219
_12493_,VGND,li1,200.3300,233.9200,0.000198
_12492_,VGND,li1,231.1500,250.2400,0.000139
_12491_,VGND,li1,227.2400,250.2400,0.000133
_12490_,VGND,li1,224.2500,250.2400,0.000130
_12489_,VGND,li1,229.7700,250.2400,0.000135
_12488_,VGND,li1,257.6000,228.4800,0.000209
_12487_,VGND,li1,270.7100,239.3600,0.000338
_12486_,VGND,li1,308.4300,266.5600,0.001096
_12485_,VGND,li1,308.8900,261.1200,0.000984
_12484_,VGND,li1,302.4500,266.5600,0.001192
_12483_,VGND,li1,305.2100,266.5600,0.001151
_12482_,VGND,li1,298.7700,266.5600,0.001248
_12481_,VGND,li1,294.1700,266.5600,0.001329
_12480_,VGND,li1,296.4700,266.5600,0.001282
_12479_,VGND,li1,293.7100,261.1200,0.001221
_12478_,VGND,li1,294.8600,272.0000,0.002674
_12477_,VGND,li1,271.6300,261.1200,0.001361
_12476_,VGND,li1,267.4900,261.1200,0.001360
_12475_,VGND,li1,266.5700,255.6800,0.000538
_12474_,VGND,li1,260.1300,261.1200,0.001356
_12473_,VGND,li1,258.7500,255.6800,0.000526
_12472_,VGND,li1,251.3900,255.6800,0.000512
_12471_,VGND,li1,246.3300,250.2400,0.000154
_12470_,VGND,li1,246.3300,250.2400,0.000154
_12469_,VGND,li1,261.9700,255.6800,0.000532
_12468_,VGND,li1,259.2100,272.0000,0.002951
_12467_,VGND,li1,268.6400,250.2400,0.000170
_12466_,VGND,li1,311.1900,282.8800,0.000451
_12465_,VGND,li1,313.0300,282.8800,0.000413
_12464_,VGND,li1,313.7200,288.3200,0.000097
_12463_,VGND,li1,316.4800,288.3200,0.000090
_12462_,VGND,li1,294.6300,288.3200,0.000144
_12461_,VGND,li1,287.2700,288.3200,0.000162
_12460_,VGND,li1,289.5700,282.8800,0.000730
_12459_,VGND,li1,304.0600,288.3200,0.000120
_12458_,VGND,li1,260.5900,282.8800,0.001090
_12457_,VGND,li1,256.4500,282.8800,0.001146
_12456_,VGND,li1,253.6900,282.8800,0.001178
_12455_,VGND,li1,258.7500,277.4400,0.004083
_12454_,VGND,li1,254.8400,272.0000,0.002953
_12453_,VGND,li1,286.8100,288.3200,0.000162
_12452_,VGND,li1,281.9800,288.3200,0.000174
_12451_,VGND,li1,281.2900,288.3200,0.000174
_12450_,VGND,li1,278.0700,288.3200,0.000180
_12449_,VGND,li1,310.2700,282.8800,0.000451
_12448_,VGND,li1,304.7500,282.8800,0.000524
_12447_,VGND,li1,307.0500,282.8800,0.000493
_12446_,VGND,li1,304.0600,288.3200,0.000120
_12445_,VGND,li1,301.5300,288.3200,0.000128
_12444_,VGND,li1,305.6700,288.3200,0.000120
_12443_,VGND,li1,269.7900,288.3200,0.000199
_12442_,VGND,li1,297.3900,239.3600,0.000261
_12441_,VGND,li1,313.2600,272.0000,0.002042
_12440_,VGND,li1,326.8300,266.5600,0.000792
_12439_,VGND,li1,325.9100,266.5600,0.000792
_12438_,VGND,li1,321.5400,261.1200,0.000738
_12437_,VGND,li1,371.4500,244.8000,0.000437
_12436_,VGND,li1,368.4600,239.3600,0.000259
_12435_,VGND,li1,362.2500,239.3600,0.000247
_12434_,VGND,li1,362.2500,244.8000,0.000404
_12433_,VGND,li1,358.5700,244.8000,0.000393
_12432_,VGND,li1,361.7900,244.8000,0.000404
_12431_,VGND,li1,352.5900,244.8000,0.000357
_12430_,VGND,li1,356.0400,239.3600,0.000235
_12429_,VGND,li1,334.1900,244.8000,0.000192
_12428_,VGND,li1,334.8800,239.3600,0.000135
_12427_,VGND,li1,332.1200,233.9200,0.000153
_12426_,VGND,li1,330.2800,239.3600,0.000131
_12425_,VGND,li1,326.1400,233.9200,0.000178
_12424_,VGND,li1,326.6000,233.9200,0.000178
_12423_,VGND,li1,317.4000,228.4800,0.000144
_12422_,VGND,li1,312.8000,233.9200,0.000225
_12421_,VGND,li1,299.0000,228.4800,0.000184
_12420_,VGND,li1,303.1400,228.4800,0.000177
_12419_,VGND,li1,284.5100,228.4800,0.000204
_12418_,VGND,li1,285.2000,223.0400,0.000229
_12417_,VGND,li1,276.0000,223.0400,0.000244
_12416_,VGND,li1,272.7800,217.6000,0.000139
_12415_,VGND,li1,272.3200,217.6000,0.000139
_12414_,VGND,li1,271.1700,212.1600,0.000109
_12413_,VGND,li1,240.1200,212.1600,0.000115
_12412_,VGND,li1,238.0500,212.1600,0.000114
_12411_,VGND,li1,235.5200,206.7200,0.000085
_12410_,VGND,li1,237.8200,206.7200,0.000086
_12409_,VGND,li1,257.1400,206.7200,0.000086
_12408_,VGND,li1,231.8400,206.7200,0.000084
_12407_,VGND,li1,229.5400,206.7200,0.000083
_12406_,VGND,li1,234.6000,206.7200,0.000085
_12405_,VGND,li1,230.9200,201.2800,0.000252
_12404_,VGND,li1,256.6800,201.2800,0.000336
_12403_,VGND,li1,225.4000,201.2800,0.000227
_12402_,VGND,li1,228.8500,201.2800,0.000245
_12401_,VGND,li1,221.7200,201.2800,0.000215
_12400_,VGND,li1,217.8100,201.2800,0.000206
_12399_,VGND,li1,225.6300,206.7200,0.000080
_12398_,VGND,li1,216.8900,206.7200,0.000076
_12397_,VGND,li1,213.4400,206.7200,0.000072
_12396_,VGND,li1,209.9900,201.2800,0.000172
_12395_,VGND,li1,213.2100,201.2800,0.000189
_12394_,VGND,li1,219.1900,206.7200,0.000077
_12393_,VGND,li1,230.6900,212.1600,0.000113
_12392_,VGND,li1,232.9900,212.1600,0.000113
_12391_,VGND,li1,213.2100,212.1600,0.000101
_12390_,VGND,li1,206.7700,212.1600,0.000091
_12389_,VGND,li1,207.4600,217.6000,0.000107
_12388_,VGND,li1,241.7300,206.7200,0.000086
_12387_,VGND,li1,260.5900,228.4800,0.000211
_12386_,VGND,li1,255.5300,228.4800,0.000207
_12385_,VGND,li1,255.3000,228.4800,0.000207
_12384_,VGND,li1,253.2300,228.4800,0.000204
_12383_,VGND,li1,249.7800,228.4800,0.000202
_12382_,VGND,li1,247.4800,228.4800,0.000200
_12381_,VGND,li1,252.0800,223.0400,0.000274
_12380_,VGND,li1,250.7000,223.0400,0.000277
_12379_,VGND,li1,259.9000,217.6000,0.000143
_12378_,VGND,li1,247.9400,223.0400,0.000280
_12377_,VGND,li1,249.0900,217.6000,0.000144
_12376_,VGND,li1,247.9400,217.6000,0.000144
_12375_,VGND,li1,244.0300,217.6000,0.000144
_12374_,VGND,li1,194.3500,217.6000,0.000089
_12373_,VGND,li1,254.1500,217.6000,0.000143
_12372_,VGND,li1,242.1900,228.4800,0.000196
_12371_,VGND,li1,239.2000,228.4800,0.000192
_12370_,VGND,li1,235.2900,228.4800,0.000188
_12369_,VGND,li1,238.5100,228.4800,0.000190
_12368_,VGND,li1,244.4900,228.4800,0.000198
_12367_,VGND,li1,267.2600,228.4800,0.000214
_12366_,VGND,li1,295.0900,233.9200,0.000268
_12365_,VGND,li1,292.5600,233.9200,0.000272
_12364_,VGND,li1,292.1000,239.3600,0.000281
_12363_,VGND,li1,284.5100,239.3600,0.000310
_12362_,VGND,li1,287.5000,239.3600,0.000301
_12361_,VGND,li1,273.4700,244.8000,0.000270
_12360_,VGND,li1,276.2300,244.8000,0.000267
_12359_,VGND,li1,267.4900,244.8000,0.000276
_12358_,VGND,li1,270.4800,244.8000,0.000273
_12357_,VGND,li1,254.6100,239.3600,0.000344
_12356_,VGND,li1,248.6300,239.3600,0.000343
_12355_,VGND,li1,251.6200,239.3600,0.000343
_12354_,VGND,li1,228.1600,244.8000,0.000309
_12353_,VGND,li1,231.3800,244.8000,0.000306
_12352_,VGND,li1,272.0900,250.2400,0.000171
_12351_,VGND,li1,268.4100,250.2400,0.000170
_12350_,VGND,li1,278.0700,250.2400,0.000173
_12349_,VGND,li1,258.7500,250.2400,0.000164
_12348_,VGND,li1,255.7600,244.8000,0.000287
_12347_,VGND,li1,255.7600,244.8000,0.000287
_12346_,VGND,li1,259.2100,244.8000,0.000286
_12345_,VGND,li1,252.7700,244.8000,0.000290
_12344_,VGND,li1,233.4500,250.2400,0.000142
_12343_,VGND,li1,257.8300,244.8000,0.000286
_12342_,VGND,li1,267.4900,255.6800,0.000542
_12341_,VGND,li1,262.2000,250.2400,0.000166
_12340_,VGND,li1,259.2100,250.2400,0.000164
_12339_,VGND,li1,287.9600,239.3600,0.000301
_12338_,VGND,li1,323.6100,266.5600,0.000834
_12337_,VGND,li1,323.8400,261.1200,0.000699
_12336_,VGND,li1,319.4700,266.5600,0.000907
_12335_,VGND,li1,316.7100,272.0000,0.001922
_12334_,VGND,li1,310.7300,272.0000,0.002138
_12333_,VGND,li1,310.5000,272.0000,0.002138
_12332_,VGND,li1,313.2600,272.0000,0.002042
_12331_,VGND,li1,310.9600,277.4400,0.002080
_12330_,VGND,li1,313.2600,277.4400,0.001998
_12329_,VGND,li1,303.8300,272.0000,0.002367
_12328_,VGND,li1,293.2500,266.5600,0.001329
_12327_,VGND,li1,269.7900,272.0000,0.002943
_12326_,VGND,li1,269.3300,272.0000,0.002945
_12325_,VGND,li1,271.6300,277.4400,0.003617
_12324_,VGND,li1,264.2700,272.0000,0.002948
_12323_,VGND,li1,266.5700,272.0000,0.002946
_12322_,VGND,li1,260.8200,277.4400,0.004003
_12321_,VGND,li1,261.0500,272.0000,0.002949
_12320_,VGND,li1,257.8300,272.0000,0.002951
_12319_,VGND,li1,261.5100,288.3200,0.000216
_12318_,VGND,li1,290.9500,255.6800,0.000531
_12317_,VGND,li1,322.6900,272.0000,0.001714
_12316_,VGND,li1,324.9900,272.0000,0.001633
_12315_,VGND,li1,326.8300,272.0000,0.001569
_12314_,VGND,li1,321.3100,288.3200,0.000071
_12313_,VGND,li1,316.0200,282.8800,0.000388
_12312_,VGND,li1,319.2400,288.3200,0.000082
_12311_,VGND,li1,314.8700,288.3200,0.000090
_12310_,VGND,li1,317.6300,288.3200,0.000082
_12309_,VGND,li1,322.0000,288.3200,0.000071
_12308_,VGND,li1,306.1300,293.7600,0.000038
_12307_,VGND,li1,301.0700,288.3200,0.000128
_12306_,VGND,li1,301.9900,293.7600,0.000043
_12305_,VGND,li1,307.2800,288.3200,0.000111
_12304_,VGND,li1,298.7700,288.3200,0.000135
_12303_,VGND,li1,289.1100,288.3200,0.000157
_12302_,VGND,li1,307.2800,233.9200,0.000239
_12301_,VGND,li1,325.6800,277.4400,0.001494
_12300_,VGND,li1,376.7400,233.9200,0.000337
_12299_,VGND,li1,373.7500,233.9200,0.000331
_12298_,VGND,li1,370.5300,233.9200,0.000324
_12297_,VGND,li1,362.9400,239.3600,0.000252
_12296_,VGND,li1,364.5500,239.3600,0.000252
_12295_,VGND,li1,357.6500,233.9200,0.000277
_12294_,VGND,li1,359.0300,239.3600,0.000241
_12293_,VGND,li1,348.2200,239.3600,0.000209
_12292_,VGND,li1,351.4400,239.3600,0.000220
_12291_,VGND,li1,349.1400,239.3600,0.000209
_12290_,VGND,li1,345.0000,239.3600,0.000192
_12289_,VGND,li1,336.0300,233.9200,0.000162
_12288_,VGND,li1,330.5100,233.9200,0.000153
_12287_,VGND,li1,333.7300,233.9200,0.000139
_12286_,VGND,li1,320.6200,228.4800,0.000134
_12285_,VGND,li1,329.1300,233.9200,0.000168
_12284_,VGND,li1,320.6200,233.9200,0.000201
_12283_,VGND,li1,314.1800,228.4800,0.000152
_12282_,VGND,li1,317.1700,228.4800,0.000144
_12281_,VGND,li1,312.3400,228.4800,0.000156
_12280_,VGND,li1,310.5000,228.4800,0.000160
_12279_,VGND,li1,310.0400,223.0400,0.000169
_12278_,VGND,li1,283.8200,217.6000,0.000131
_12277_,VGND,li1,284.5100,223.0400,0.000229
_12276_,VGND,li1,285.4300,217.6000,0.000127
_12275_,VGND,li1,278.9900,217.6000,0.000134
_12274_,VGND,li1,282.2100,217.6000,0.000131
_12273_,VGND,li1,268.1800,212.1600,0.000110
_12272_,VGND,li1,267.9500,217.6000,0.000141
_12271_,VGND,li1,266.3400,212.1600,0.000111
_12270_,VGND,li1,264.5000,212.1600,0.000112
_12269_,VGND,li1,264.7300,212.1600,0.000112
_12268_,VGND,li1,269.5600,212.1600,0.000110
_12267_,VGND,li1,260.3600,206.7200,0.000086
_12266_,VGND,li1,262.6600,206.7200,0.000085
_12265_,VGND,li1,259.4400,201.2800,0.000321
_12264_,VGND,li1,261.7400,206.7200,0.000086
_12263_,VGND,li1,265.4200,206.7200,0.000085
_12262_,VGND,li1,252.5400,195.8400,0.000059
_12261_,VGND,li1,258.7500,206.7200,0.000086
_12260_,VGND,li1,253.0000,201.2800,0.000328
_12259_,VGND,li1,248.6300,201.2800,0.000313
_12258_,VGND,li1,254.6100,195.8400,0.000059
_12257_,VGND,li1,248.6300,206.7200,0.000087
_12256_,VGND,li1,244.7200,206.7200,0.000087
_12255_,VGND,li1,242.1900,206.7200,0.000086
_12254_,VGND,li1,245.4100,206.7200,0.000087
_12253_,VGND,li1,243.1100,201.2800,0.000294
_12252_,VGND,li1,254.6100,217.6000,0.000143
_12251_,VGND,li1,251.6200,212.1600,0.000114
_12250_,VGND,li1,251.3900,217.6000,0.000144
_12249_,VGND,li1,286.8100,228.4800,0.000201
_12248_,VGND,li1,288.4200,228.4800,0.000201
_12247_,VGND,li1,286.1200,228.4800,0.000204
_12246_,VGND,li1,264.2700,228.4800,0.000213
_12245_,VGND,li1,264.2700,233.9200,0.000312
_12244_,VGND,li1,266.8000,228.4800,0.000214
_12243_,VGND,li1,264.7300,228.4800,0.000213
_12242_,VGND,li1,275.3100,228.4800,0.000212
_12241_,VGND,li1,264.0400,223.0400,0.000260
_12240_,VGND,li1,261.9700,223.0400,0.000262
_12239_,VGND,li1,265.8800,223.0400,0.000257
_12238_,VGND,li1,259.6700,223.0400,0.000265
_12237_,VGND,li1,261.9700,223.0400,0.000262
_12236_,VGND,li1,257.3700,233.9200,0.000317
_12235_,VGND,li1,252.3100,233.9200,0.000321
_12234_,VGND,li1,255.3000,233.9200,0.000319
_12233_,VGND,li1,309.8100,233.9200,0.000233
_12232_,VGND,li1,310.0400,233.9200,0.000233
_12231_,VGND,li1,307.2800,233.9200,0.000239
_12230_,VGND,li1,304.2900,233.9200,0.000246
_12229_,VGND,li1,295.0900,239.3600,0.000275
_12228_,VGND,li1,293.9400,239.3600,0.000275
_12227_,VGND,li1,290.4900,239.3600,0.000292
_12226_,VGND,li1,291.8700,244.8000,0.000244
_12225_,VGND,li1,297.1600,244.8000,0.000236
_12224_,VGND,li1,264.7300,244.8000,0.000281
_12223_,VGND,li1,233.9100,244.8000,0.000304
_12222_,VGND,li1,230.2300,244.8000,0.000308
_12221_,VGND,li1,261.2800,244.8000,0.000283
_12220_,VGND,li1,289.1100,250.2400,0.000174
_12219_,VGND,li1,290.7200,250.2400,0.000174
_12218_,VGND,li1,286.1200,250.2400,0.000174
_12217_,VGND,li1,287.2700,250.2400,0.000174
_12216_,VGND,li1,293.0200,250.2400,0.000174
_12215_,VGND,li1,280.6000,250.2400,0.000173
_12214_,VGND,li1,282.4400,250.2400,0.000174
_12213_,VGND,li1,279.4500,250.2400,0.000173
_12212_,VGND,li1,276.6900,250.2400,0.000173
_12211_,VGND,li1,278.9900,244.8000,0.000265
_12210_,VGND,li1,285.4300,250.2400,0.000174
_12209_,VGND,li1,307.5100,244.8000,0.000219
_12208_,VGND,li1,336.9500,250.2400,0.000222
_12207_,VGND,li1,334.1900,250.2400,0.000198
_12206_,VGND,li1,332.8100,244.8000,0.000166
_12205_,VGND,li1,328.6700,244.8000,0.000177
_12204_,VGND,li1,330.5100,244.8000,0.000171
_12203_,VGND,li1,329.1300,277.4400,0.001309
_12202_,VGND,li1,324.5300,277.4400,0.001494
_12201_,VGND,li1,326.8300,277.4400,0.001401
_12200_,VGND,li1,316.7100,277.4400,0.001806
_12199_,VGND,li1,302.9100,277.4400,0.002389
_12198_,VGND,li1,301.0700,272.0000,0.002462
_12197_,VGND,li1,299.2300,272.0000,0.002572
_12196_,VGND,li1,305.2100,277.4400,0.002262
_12195_,VGND,li1,290.9500,277.4400,0.002860
_12194_,VGND,li1,289.1100,277.4400,0.002941
_12193_,VGND,li1,276.9200,277.4400,0.003401
_12192_,VGND,li1,270.7100,277.4400,0.003617
_12191_,VGND,li1,273.9300,277.4400,0.003491
_12190_,VGND,li1,323.1500,277.4400,0.001585
_12189_,VGND,li1,329.1300,272.0000,0.001488
_12188_,VGND,li1,330.9700,272.0000,0.001423
_12187_,VGND,li1,323.6100,288.3200,0.000064
_12186_,VGND,li1,320.3900,282.8800,0.000311
_12185_,VGND,li1,319.4700,288.3200,0.000077
_12184_,VGND,li1,324.7600,293.7600,0.000019
_12183_,VGND,li1,325.4500,288.3200,0.000058
_12182_,VGND,li1,342.9300,244.8000,0.000284
_12181_,VGND,li1,370.9900,233.9200,0.000324
_12180_,VGND,li1,370.0700,223.0400,0.000205
_12179_,VGND,li1,372.8300,223.0400,0.000210
_12178_,VGND,li1,368.0000,228.4800,0.000159
_12177_,VGND,li1,367.3100,223.0400,0.000201
_12176_,VGND,li1,356.0400,223.0400,0.000173
_12175_,VGND,li1,365.9300,233.9200,0.000308
_12174_,VGND,li1,357.6500,228.4800,0.000145
_12173_,VGND,li1,358.1100,228.4800,0.000148
_12172_,VGND,li1,353.0500,228.4800,0.000138
_12171_,VGND,li1,356.2700,228.4800,0.000145
_12170_,VGND,li1,350.5200,228.4800,0.000131
_12169_,VGND,li1,359.0300,233.9200,0.000277
_12168_,VGND,li1,350.0600,233.9200,0.000241
_12167_,VGND,li1,353.7400,233.9200,0.000260
_12166_,VGND,li1,350.5200,228.4800,0.000131
_12165_,VGND,li1,341.7800,223.0400,0.000125
_12164_,VGND,li1,348.4500,250.2400,0.000382
_12163_,VGND,li1,348.6800,255.6800,0.000198
_12162_,VGND,li1,347.0700,228.4800,0.000127
_12161_,VGND,li1,338.5600,228.4800,0.000104
_12160_,VGND,li1,345.0000,233.9200,0.000212
_12159_,VGND,li1,344.5400,233.9200,0.000212
_12158_,VGND,li1,347.0700,233.9200,0.000226
_12157_,VGND,li1,336.4900,228.4800,0.000096
_12156_,VGND,li1,342.0100,228.4800,0.000110
_12155_,VGND,li1,343.1600,228.4800,0.000117
_12154_,VGND,li1,321.0800,217.6000,0.000067
_12153_,VGND,li1,345.2300,244.8000,0.000306
_12152_,VGND,li1,339.2500,244.8000,0.000245
_12151_,VGND,li1,324.7600,223.0400,0.000113
_12150_,VGND,li1,316.0200,217.6000,0.000077
_12149_,VGND,li1,324.3000,212.1600,0.000049
_12148_,VGND,li1,322.2300,228.4800,0.000126
_12147_,VGND,li1,325.2200,228.4800,0.000113
_12146_,VGND,li1,322.9200,228.4800,0.000126
_12145_,VGND,li1,321.5400,223.0400,0.000125
_12144_,VGND,li1,317.4000,223.0400,0.000143
_12143_,VGND,li1,318.3200,217.6000,0.000072
_12142_,VGND,li1,316.9400,212.1600,0.000062
_12141_,VGND,li1,304.2900,217.6000,0.000099
_12140_,VGND,li1,307.5100,217.6000,0.000096
_12139_,VGND,li1,313.7200,212.1600,0.000068
_12138_,VGND,li1,307.7400,212.1600,0.000074
_12137_,VGND,li1,308.6600,223.0400,0.000169
_12136_,VGND,li1,312.1100,223.0400,0.000158
_12135_,VGND,li1,308.6600,217.6000,0.000091
_12134_,VGND,li1,305.9000,217.6000,0.000096
_12133_,VGND,li1,303.3700,223.0400,0.000185
_12132_,VGND,li1,306.1300,217.6000,0.000096
_12131_,VGND,li1,306.3600,212.1600,0.000076
_12130_,VGND,li1,310.0400,212.1600,0.000071
_12129_,VGND,li1,303.6000,206.7200,0.000063
_12128_,VGND,li1,309.3500,212.1600,0.000074
_12127_,VGND,li1,303.6000,212.1600,0.000079
_12126_,VGND,li1,288.4200,206.7200,0.000075
_12125_,VGND,li1,285.4300,212.1600,0.000098
_12124_,VGND,li1,288.1900,212.1600,0.000096
_12123_,VGND,li1,281.0600,212.1600,0.000102
_12122_,VGND,li1,278.7600,212.1600,0.000104
_12121_,VGND,li1,284.0500,212.1600,0.000100
_12120_,VGND,li1,286.1200,206.7200,0.000076
_12119_,VGND,li1,294.1700,206.7200,0.000071
_12118_,VGND,li1,284.7400,201.2800,0.000229
_12117_,VGND,li1,287.2700,212.1600,0.000096
_12116_,VGND,li1,281.7500,212.1600,0.000102
_12115_,VGND,li1,284.7400,201.2800,0.000229
_12114_,VGND,li1,288.1900,201.2800,0.000220
_12113_,VGND,li1,272.7800,212.1600,0.000109
_12112_,VGND,li1,275.0800,212.1600,0.000107
_12111_,VGND,li1,271.4000,206.7200,0.000083
_12110_,VGND,li1,268.6400,206.7200,0.000084
_12109_,VGND,li1,278.3000,201.2800,0.000257
_12108_,VGND,li1,282.4400,206.7200,0.000078
_12107_,VGND,li1,281.7500,201.2800,0.000240
_12106_,VGND,li1,278.0700,206.7200,0.000080
_12105_,VGND,li1,274.8500,201.2800,0.000266
_12104_,VGND,li1,268.1800,201.2800,0.000290
_12103_,VGND,li1,268.1800,201.2800,0.000290
_12102_,VGND,li1,265.1900,201.2800,0.000301
_12101_,VGND,li1,262.4300,201.2800,0.000315
_12100_,VGND,li1,266.1100,201.2800,0.000301
_12099_,VGND,li1,255.5300,212.1600,0.000113
_12098_,VGND,li1,253.4600,212.1600,0.000113
_12097_,VGND,li1,250.4700,212.1600,0.000114
_12096_,VGND,li1,305.2100,223.0400,0.000178
_12095_,VGND,li1,305.2100,223.0400,0.000178
_12094_,VGND,li1,303.3700,223.0400,0.000185
_12093_,VGND,li1,303.8300,217.6000,0.000099
_12092_,VGND,li1,299.6900,217.6000,0.000107
_12091_,VGND,li1,296.0100,223.0400,0.000202
_12090_,VGND,li1,293.7100,228.4800,0.000192
_12089_,VGND,li1,290.9500,228.4800,0.000196
_12088_,VGND,li1,288.1900,228.4800,0.000201
_12087_,VGND,li1,293.2500,217.6000,0.000115
_12086_,VGND,li1,295.3200,212.1600,0.000088
_12085_,VGND,li1,296.4700,217.6000,0.000112
_12084_,VGND,li1,296.4700,217.6000,0.000112
_12083_,VGND,li1,293.2500,217.6000,0.000115
_12082_,VGND,li1,282.6700,228.4800,0.000205
_12081_,VGND,li1,278.3000,233.9200,0.000297
_12080_,VGND,li1,278.0700,228.4800,0.000210
_12079_,VGND,li1,278.5300,228.4800,0.000210
_12078_,VGND,li1,280.3700,228.4800,0.000208
_12077_,VGND,li1,298.3100,223.0400,0.000196
_12076_,VGND,li1,326.3700,244.8000,0.000182
_12075_,VGND,li1,321.0800,244.8000,0.000193
_12074_,VGND,li1,323.8400,244.8000,0.000187
_12073_,VGND,li1,318.3200,244.8000,0.000199
_12072_,VGND,li1,309.8100,244.8000,0.000216
_12071_,VGND,li1,302.4500,244.8000,0.000229
_12070_,VGND,li1,305.2100,244.8000,0.000223
_12069_,VGND,li1,294.8600,244.8000,0.000240
_12068_,VGND,li1,283.1300,244.8000,0.000257
_12067_,VGND,li1,288.1900,244.8000,0.000250
_12066_,VGND,li1,309.3500,255.6800,0.000469
_12065_,VGND,li1,305.2100,250.2400,0.000171
_12064_,VGND,li1,307.0500,255.6800,0.000480
_12063_,VGND,li1,301.0700,255.6800,0.000502
_12062_,VGND,li1,297.6200,255.6800,0.000512
_12061_,VGND,li1,296.4700,250.2400,0.000173
_12060_,VGND,li1,296.4700,255.6800,0.000518
_12059_,VGND,li1,347.9900,244.8000,0.000326
_12058_,VGND,li1,346.6100,244.8000,0.000306
_12057_,VGND,li1,350.2900,244.8000,0.000342
_12056_,VGND,li1,346.8400,255.6800,0.000197
_12055_,VGND,li1,345.6900,255.6800,0.000196
_12054_,VGND,li1,342.9300,244.8000,0.000284
_12053_,VGND,li1,342.4700,255.6800,0.000195
_12052_,VGND,li1,339.2500,255.6800,0.000193
_12051_,VGND,li1,336.4900,255.6800,0.000191
_12050_,VGND,li1,336.0300,250.2400,0.000222
_12049_,VGND,li1,344.7700,255.6800,0.000196
_12048_,VGND,li1,343.3900,277.4400,0.002149
_12047_,VGND,li1,339.0200,282.8800,0.000155
_12046_,VGND,li1,336.4900,277.4400,0.001578
_12045_,VGND,li1,337.4100,277.4400,0.001768
_12044_,VGND,li1,335.5700,277.4400,0.001578
_12043_,VGND,li1,342.2400,282.8800,0.000157
_12042_,VGND,li1,338.7900,288.3200,0.000042
_12041_,VGND,li1,329.5900,282.8800,0.000184
_12040_,VGND,li1,329.1300,277.4400,0.001309
_12039_,VGND,li1,335.5700,288.3200,0.000041
_12038_,VGND,li1,333.9600,282.8800,0.000151
_12037_,VGND,li1,336.0300,288.3200,0.000041
_12036_,VGND,li1,336.4900,282.8800,0.000153
_12035_,VGND,li1,330.5100,293.7600,0.000013
_12034_,VGND,li1,302.9100,277.4400,0.002389
_12033_,VGND,li1,299.4600,277.4400,0.002489
_12032_,VGND,li1,299.4600,277.4400,0.002489
_12031_,VGND,li1,291.6400,277.4400,0.002860
_12030_,VGND,li1,294.6300,277.4400,0.002706
_12029_,VGND,li1,335.5700,255.6800,0.000189
_12028_,VGND,li1,332.8100,277.4400,0.001387
_12027_,VGND,li1,334.1900,255.6800,0.000189
_12026_,VGND,li1,331.8900,255.6800,0.000187
_12025_,VGND,li1,340.6300,239.3600,0.000168
_12024_,VGND,li1,324.5300,244.8000,0.000187
_12023_,VGND,li1,319.9300,250.2400,0.000167
_12022_,VGND,li1,322.6900,244.8000,0.000193
_12021_,VGND,li1,315.3300,244.8000,0.000207
_12020_,VGND,li1,316.0200,244.8000,0.000207
_12019_,VGND,li1,306.1300,244.8000,0.000223
_12018_,VGND,li1,305.9000,239.3600,0.000228
_12017_,VGND,li1,300.1500,244.8000,0.000233
_12016_,VGND,li1,298.7700,244.8000,0.000236
_12015_,VGND,li1,309.3500,239.3600,0.000220
_12014_,VGND,li1,312.1100,250.2400,0.000170
_12013_,VGND,li1,303.3700,250.2400,0.000172
_12012_,VGND,li1,294.6300,255.6800,0.000525
_12011_,VGND,li1,309.5800,250.2400,0.000171
_12010_,VGND,li1,371.9100,217.6000,0.000100
_12009_,VGND,li1,370.5300,223.0400,0.000205
_12008_,VGND,li1,368.0000,223.0400,0.000201
_12007_,VGND,li1,363.4000,217.6000,0.000093
_12006_,VGND,li1,365.2400,223.0400,0.000196
_12005_,VGND,li1,359.0300,223.0400,0.000181
_12004_,VGND,li1,352.1300,223.0400,0.000161
_12003_,VGND,li1,353.5100,223.0400,0.000161
_12002_,VGND,li1,350.7500,255.6800,0.000199
_12001_,VGND,li1,352.5900,255.6800,0.000200
_12000_,VGND,li1,354.4300,255.6800,0.000201
_11999_,VGND,li1,348.9100,282.8800,0.000163
_11998_,VGND,li1,345.4600,282.8800,0.000160
_11997_,VGND,li1,347.9900,282.8800,0.000163
_11996_,VGND,li1,344.7700,282.8800,0.000160
_11995_,VGND,li1,347.5300,282.8800,0.000163
_11994_,VGND,li1,341.5500,282.8800,0.000157
_11993_,VGND,li1,347.5300,223.0400,0.000143
_11992_,VGND,li1,350.2900,223.0400,0.000155
_11991_,VGND,li1,342.4700,223.0400,0.000125
_11990_,VGND,li1,338.7900,223.0400,0.000110
_11989_,VGND,li1,332.8100,223.0400,0.000084
_11988_,VGND,li1,335.5700,223.0400,0.000098
_11987_,VGND,li1,329.5900,223.0400,0.000093
_11986_,VGND,li1,307.9700,239.3600,0.000220
_11985_,VGND,li1,326.3700,223.0400,0.000113
_11984_,VGND,li1,325.4500,239.3600,0.000149
_11983_,VGND,li1,329.5900,228.4800,0.000094
_11982_,VGND,li1,336.0300,217.6000,0.000054
_11981_,VGND,li1,338.7900,217.6000,0.000059
_11980_,VGND,li1,338.1000,212.1600,0.000047
_11979_,VGND,li1,329.5900,212.1600,0.000040
_11978_,VGND,li1,326.3700,212.1600,0.000045
_11977_,VGND,li1,320.8500,217.6000,0.000067
_11976_,VGND,li1,324.7600,212.1600,0.000049
_11975_,VGND,li1,321.7700,212.1600,0.000053
_11974_,VGND,li1,322.6900,206.7200,0.000043
_11973_,VGND,li1,315.7900,206.7200,0.000050
_11972_,VGND,li1,312.1100,212.1600,0.000068
_11971_,VGND,li1,313.9500,212.1600,0.000065
_11970_,VGND,li1,303.8300,206.7200,0.000063
_11969_,VGND,li1,300.6100,206.7200,0.000065
_11968_,VGND,li1,297.3900,206.7200,0.000069
_11967_,VGND,li1,290.7200,206.7200,0.000073
_11966_,VGND,li1,294.1700,206.7200,0.000071
_11965_,VGND,li1,290.9500,206.7200,0.000073
_11964_,VGND,li1,296.4700,201.2800,0.000187
_11963_,VGND,li1,371.9100,212.1600,0.000083
_11962_,VGND,li1,369.6100,217.6000,0.000099
_11961_,VGND,li1,371.4500,217.6000,0.000100
_11960_,VGND,li1,368.2300,212.1600,0.000080
_11959_,VGND,li1,365.0100,217.6000,0.000093
_11958_,VGND,li1,363.4000,223.0400,0.000191
_11957_,VGND,li1,361.3300,223.0400,0.000186
_11956_,VGND,li1,359.9500,255.6800,0.000201
_11955_,VGND,li1,364.5500,250.2400,0.000510
_11954_,VGND,li1,356.7300,255.6800,0.000201
_11953_,VGND,li1,361.3300,217.6000,0.000091
_11952_,VGND,li1,362.2500,217.6000,0.000091
_11951_,VGND,li1,355.5800,217.6000,0.000084
_11950_,VGND,li1,347.5300,217.6000,0.000073
_11949_,VGND,li1,345.0000,217.6000,0.000069
_11948_,VGND,li1,342.9300,217.6000,0.000066
_11947_,VGND,li1,319.0100,239.3600,0.000175
_11946_,VGND,li1,317.1700,239.3600,0.000183
_11945_,VGND,li1,329.5900,223.0400,0.000093
_11944_,VGND,li1,341.5500,212.1600,0.000050
_11943_,VGND,li1,342.7000,212.1600,0.000054
_11942_,VGND,li1,340.6300,212.1600,0.000050
_11941_,VGND,li1,337.8700,212.1600,0.000047
_11940_,VGND,li1,336.4900,212.1600,0.000043
_11939_,VGND,li1,330.9700,212.1600,0.000037
_11938_,VGND,li1,319.0100,212.1600,0.000058
_11937_,VGND,li1,335.1100,212.1600,0.000043
_11936_,VGND,li1,301.0700,212.1600,0.000081
_11935_,VGND,li1,300.6100,206.7200,0.000065
_11934_,VGND,li1,298.5400,201.2800,0.000178
_11933_,VGND,li1,367.7700,217.6000,0.000096
_11932_,VGND,li1,358.3400,217.6000,0.000087
_11931_,VGND,li1,359.4900,212.1600,0.000073
_11930_,VGND,li1,359.9500,217.6000,0.000087
_11929_,VGND,li1,359.7200,217.6000,0.000087
_11928_,VGND,li1,350.5200,217.6000,0.000077
_11927_,VGND,li1,331.8900,223.0400,0.000084
_11926_,VGND,li1,349.3700,212.1600,0.000062
_11925_,VGND,li1,357.6500,212.1600,0.000071
_11924_,VGND,li1,355.3500,212.1600,0.000069
_11923_,VGND,li1,356.2700,76.1600,0.000154
_11922_,VGND,li1,123.5100,16.3200,0.003160
_11921_,VGND,li1,117.5300,21.7600,0.002287
_11920_,VGND,li1,73.3700,16.3200,0.002237
_11919_,VGND,li1,75.4400,21.7600,0.001595
_11918_,VGND,li1,75.6700,16.3200,0.002327
_11917_,VGND,li1,65.5500,21.7600,0.001401
_11916_,VGND,li1,53.1300,32.6400,0.000375
_11915_,VGND,li1,47.6100,32.6400,0.000333
_11914_,VGND,li1,45.3100,32.6400,0.000304
_11913_,VGND,li1,42.5500,32.6400,0.000286
_11912_,VGND,li1,67.8500,27.2000,0.001215
_11911_,VGND,li1,44.3900,59.8400,0.000232
_11910_,VGND,li1,46.9200,59.8400,0.000256
_11909_,VGND,li1,53.3600,59.8400,0.000303
_11908_,VGND,li1,58.1900,32.6400,0.000395
_11907_,VGND,li1,39.7900,65.2800,0.000070
_11906_,VGND,li1,52.2100,65.2800,0.000092
_11905_,VGND,li1,48.5300,76.1600,0.000049
_11904_,VGND,li1,51.0600,81.6000,0.000113
_11903_,VGND,li1,51.7500,76.1600,0.000052
_11902_,VGND,li1,48.9900,70.7200,0.000063
_11901_,VGND,li1,59.5700,76.1600,0.000058
_11900_,VGND,li1,63.2500,76.1600,0.000060
_11899_,VGND,li1,34.0400,70.7200,0.000037
_11898_,VGND,li1,43.4700,38.0800,0.000249
_11897_,VGND,li1,40.2500,38.0800,0.000212
_11896_,VGND,li1,62.3300,38.0800,0.000391
_11895_,VGND,li1,65.5500,38.0800,0.000413
_11894_,VGND,li1,62.7900,32.6400,0.000415
_11893_,VGND,li1,65.3200,48.9600,0.000122
_11892_,VGND,li1,65.3200,38.0800,0.000413
_11891_,VGND,li1,39.1000,54.4000,0.000081
_11890_,VGND,li1,46.9200,48.9600,0.000099
_11889_,VGND,li1,62.7900,21.7600,0.001321
_11888_,VGND,li1,56.5800,21.7600,0.001183
_11887_,VGND,li1,118.2200,16.3200,0.003152
_11886_,VGND,li1,149.2700,16.3200,0.002631
_11885_,VGND,li1,154.7900,16.3200,0.002392
_11884_,VGND,li1,152.9500,21.7600,0.002433
_11883_,VGND,li1,145.5900,16.3200,0.002748
_11882_,VGND,li1,152.2600,16.3200,0.002505
_11881_,VGND,li1,151.1100,21.7600,0.002461
_11880_,VGND,li1,148.5800,21.7600,0.002459
_11879_,VGND,li1,119.8300,16.3200,0.003175
_11878_,VGND,li1,114.7700,16.3200,0.003130
_11877_,VGND,li1,116.6100,16.3200,0.003152
_11876_,VGND,li1,119.1400,21.7600,0.002314
_11875_,VGND,li1,78.8900,16.3200,0.002394
_11874_,VGND,li1,80.2700,21.7600,0.001680
_11873_,VGND,li1,82.1100,16.3200,0.002475
_11872_,VGND,li1,81.4200,16.3200,0.002437
_11871_,VGND,li1,86.9400,16.3200,0.002573
_11870_,VGND,li1,72.4500,16.3200,0.002237
_11869_,VGND,li1,75.6700,16.3200,0.002327
_11868_,VGND,li1,77.2800,27.2000,0.001388
_11867_,VGND,li1,59.1100,21.7600,0.001249
_11866_,VGND,li1,59.1100,21.7600,0.001249
_11865_,VGND,li1,54.9700,27.2000,0.000926
_11864_,VGND,li1,57.9600,27.2000,0.000968
_11863_,VGND,li1,55.4300,32.6400,0.000386
_11862_,VGND,li1,57.9600,32.6400,0.000395
_11861_,VGND,li1,55.6600,32.6400,0.000386
_11860_,VGND,li1,65.0900,27.2000,0.001154
_11859_,VGND,li1,71.7600,27.2000,0.001267
_11858_,VGND,li1,74.7500,32.6400,0.000472
_11857_,VGND,li1,72.2200,32.6400,0.000461
_11856_,VGND,li1,68.7700,38.0800,0.000428
_11855_,VGND,li1,68.7700,38.0800,0.000428
_11854_,VGND,li1,74.0600,38.0800,0.000462
_11853_,VGND,li1,65.5500,43.5200,0.000183
_11852_,VGND,li1,61.1800,43.5200,0.000180
_11851_,VGND,li1,64.1700,43.5200,0.000183
_11850_,VGND,li1,66.9300,43.5200,0.000184
_11849_,VGND,li1,69.2300,48.9600,0.000124
_11848_,VGND,li1,68.0800,48.9600,0.000124
_11847_,VGND,li1,66.0100,27.2000,0.001154
_11846_,VGND,li1,91.7700,21.7600,0.001862
_11845_,VGND,li1,90.8500,21.7600,0.001862
_11844_,VGND,li1,90.1600,32.6400,0.000533
_11843_,VGND,li1,53.5900,21.7600,0.001101
_11842_,VGND,li1,58.4200,43.5200,0.000176
_11841_,VGND,li1,46.2300,43.5200,0.000143
_11840_,VGND,li1,45.7700,48.9600,0.000099
_11839_,VGND,li1,41.1700,48.9600,0.000086
_11838_,VGND,li1,41.6300,54.4000,0.000089
_11837_,VGND,li1,39.1000,54.4000,0.000081
_11836_,VGND,li1,36.8000,54.4000,0.000074
_11835_,VGND,li1,49.9100,59.8400,0.000278
_11834_,VGND,li1,56.1200,59.8400,0.000323
_11833_,VGND,li1,60.0300,65.2800,0.000101
_11832_,VGND,li1,62.1000,65.2800,0.000103
_11831_,VGND,li1,58.8800,54.4000,0.000132
_11830_,VGND,li1,43.9300,48.9600,0.000093
_11829_,VGND,li1,43.2400,65.2800,0.000074
_11828_,VGND,li1,45.7700,54.4000,0.000102
_11827_,VGND,li1,42.5500,54.4000,0.000089
_11826_,VGND,li1,42.5500,59.8400,0.000212
_11825_,VGND,li1,39.7900,59.8400,0.000198
_11824_,VGND,li1,33.3500,65.2800,0.000052
_11823_,VGND,li1,34.2700,70.7200,0.000037
_11822_,VGND,li1,37.2600,76.1600,0.000035
_11821_,VGND,li1,34.9600,76.1600,0.000032
_11820_,VGND,li1,41.1700,59.8400,0.000212
_11819_,VGND,li1,46.4600,81.6000,0.000100
_11818_,VGND,li1,49.9100,81.6000,0.000106
_11817_,VGND,li1,48.9900,81.6000,0.000106
_11816_,VGND,li1,46.0000,76.1600,0.000047
_11815_,VGND,li1,181.4700,16.3200,0.000974
_11814_,VGND,li1,181.9300,21.7600,0.001996
_11813_,VGND,li1,190.2100,21.7600,0.002896
_11812_,VGND,li1,184.2300,21.7600,0.002226
_11811_,VGND,li1,157.0900,21.7600,0.002355
_11810_,VGND,li1,154.7900,21.7600,0.002401
_11809_,VGND,li1,171.1200,27.2000,0.001802
_11808_,VGND,li1,150.6500,21.7600,0.002461
_11807_,VGND,li1,147.4300,27.2000,0.002088
_11806_,VGND,li1,149.7300,27.2000,0.002073
_11805_,VGND,li1,149.0400,32.6400,0.000651
_11804_,VGND,li1,122.1300,27.2000,0.002038
_11803_,VGND,li1,117.9900,27.2000,0.002003
_11802_,VGND,li1,122.5900,27.2000,0.002038
_11801_,VGND,li1,118.6800,38.0800,0.000748
_11800_,VGND,li1,78.8900,27.2000,0.001451
_11799_,VGND,li1,85.3300,27.2000,0.001536
_11798_,VGND,li1,86.7100,27.2000,0.001570
_11797_,VGND,li1,82.1100,27.2000,0.001501
_11796_,VGND,li1,84.4100,27.2000,0.001536
_11795_,VGND,li1,89.4700,27.2000,0.001609
_11794_,VGND,li1,87.8600,32.6400,0.000524
_11793_,VGND,li1,92.6900,32.6400,0.000542
_11792_,VGND,li1,90.6200,32.6400,0.000533
_11791_,VGND,li1,92.9200,32.6400,0.000542
_11790_,VGND,li1,87.6300,38.0800,0.000553
_11789_,VGND,li1,84.6400,38.0800,0.000533
_11788_,VGND,li1,81.6500,38.0800,0.000520
_11787_,VGND,li1,83.2600,38.0800,0.000533
_11786_,VGND,li1,80.9600,38.0800,0.000520
_11785_,VGND,li1,77.0500,38.0800,0.000493
_11784_,VGND,li1,79.3500,43.5200,0.000190
_11783_,VGND,li1,77.9700,43.5200,0.000190
_11782_,VGND,li1,76.1300,43.5200,0.000189
_11781_,VGND,li1,75.4400,48.9600,0.000128
_11780_,VGND,li1,67.8500,48.9600,0.000124
_11779_,VGND,li1,86.2500,43.5200,0.000193
_11778_,VGND,li1,90.3900,16.3200,0.002616
_11777_,VGND,li1,84.4100,16.3200,0.002522
_11776_,VGND,li1,92.4600,16.3200,0.002667
_11775_,VGND,li1,89.2400,16.3200,0.002616
_11774_,VGND,li1,91.5400,16.3200,0.002667
_11773_,VGND,li1,88.5500,21.7600,0.001819
_11772_,VGND,li1,98.2100,21.7600,0.001989
_11771_,VGND,li1,84.8700,54.4000,0.000183
_11770_,VGND,li1,109.4800,32.6400,0.000590
_11769_,VGND,li1,75.6700,27.2000,0.001388
_11768_,VGND,li1,77.0500,32.6400,0.000482
_11767_,VGND,li1,85.1000,59.8400,0.000514
_11766_,VGND,li1,54.9700,43.5200,0.000171
_11765_,VGND,li1,54.0500,43.5200,0.000171
_11764_,VGND,li1,57.0400,43.5200,0.000176
_11763_,VGND,li1,56.3500,48.9600,0.000114
_11762_,VGND,li1,58.6500,54.4000,0.000132
_11761_,VGND,li1,60.7200,54.4000,0.000140
_11760_,VGND,li1,55.8900,54.4000,0.000127
_11759_,VGND,li1,61.4100,54.4000,0.000140
_11758_,VGND,li1,59.1100,59.8400,0.000336
_11757_,VGND,li1,68.5400,59.8400,0.000396
_11756_,VGND,li1,60.0300,59.8400,0.000350
_11755_,VGND,li1,63.4800,65.2800,0.000103
_11754_,VGND,li1,60.7200,65.2800,0.000101
_11753_,VGND,li1,72.2200,65.2800,0.000112
_11752_,VGND,li1,61.4100,70.7200,0.000079
_11751_,VGND,li1,64.4000,70.7200,0.000083
_11750_,VGND,li1,69.2300,70.7200,0.000087
_11749_,VGND,li1,74.7500,70.7200,0.000093
_11748_,VGND,li1,76.5900,70.7200,0.000095
_11747_,VGND,li1,79.3500,70.7200,0.000098
_11746_,VGND,li1,75.4400,70.7200,0.000095
_11745_,VGND,li1,64.6300,76.1600,0.000060
_11744_,VGND,li1,70.3800,54.4000,0.000157
_11743_,VGND,li1,74.0600,48.9600,0.000128
_11742_,VGND,li1,74.9800,54.4000,0.000168
_11741_,VGND,li1,55.4300,48.9600,0.000114
_11740_,VGND,li1,51.0600,43.5200,0.000161
_11739_,VGND,li1,53.3600,48.9600,0.000112
_11738_,VGND,li1,59.3400,87.0400,0.000127
_11737_,VGND,li1,47.1500,65.2800,0.000084
_11736_,VGND,li1,36.5700,65.2800,0.000060
_11735_,VGND,li1,36.1100,65.2800,0.000060
_11734_,VGND,li1,36.5700,70.7200,0.000042
_11733_,VGND,li1,39.1000,87.0400,0.000071
_11732_,VGND,li1,36.8000,87.0400,0.000065
_11731_,VGND,li1,31.0500,65.2800,0.000043
_11730_,VGND,li1,58.8800,81.6000,0.000131
_11729_,VGND,li1,44.8500,70.7200,0.000056
_11728_,VGND,li1,47.1500,70.7200,0.000060
_11727_,VGND,li1,48.5300,70.7200,0.000060
_11726_,VGND,li1,44.1600,81.6000,0.000093
_11725_,VGND,li1,42.5500,76.1600,0.000042
_11724_,VGND,li1,34.2700,76.1600,0.000028
_11723_,VGND,li1,37.2600,76.1600,0.000035
_11722_,VGND,li1,36.1100,81.6000,0.000068
_11721_,VGND,li1,33.3500,81.6000,0.000056
_11720_,VGND,li1,39.3300,81.6000,0.000078
_11719_,VGND,li1,39.3300,76.1600,0.000038
_11718_,VGND,li1,33.3500,81.6000,0.000056
_11717_,VGND,li1,36.1100,87.0400,0.000059
_11716_,VGND,li1,34.7300,87.0400,0.000059
_11715_,VGND,li1,36.5700,92.4800,0.000053
_11714_,VGND,li1,33.5800,97.9200,0.000027
_11713_,VGND,li1,115.0000,27.2000,0.001964
_11712_,VGND,li1,119.8300,27.2000,0.002020
_11711_,VGND,li1,116.3800,27.2000,0.001964
_11710_,VGND,li1,104.8800,27.2000,0.001824
_11709_,VGND,li1,192.9700,16.3200,0.001216
_11708_,VGND,li1,188.8300,21.7600,0.002720
_11707_,VGND,li1,191.3600,21.7600,0.002896
_11706_,VGND,li1,187.2200,27.2000,0.002437
_11705_,VGND,li1,189.0600,27.2000,0.002757
_11704_,VGND,li1,174.1100,27.2000,0.001706
_11703_,VGND,li1,174.1100,21.7600,0.001774
_11702_,VGND,li1,176.8700,27.2000,0.001625
_11701_,VGND,li1,169.5100,27.2000,0.001802
_11700_,VGND,li1,177.5600,32.6400,0.000417
_11699_,VGND,li1,152.0300,27.2000,0.002050
_11698_,VGND,li1,149.2700,32.6400,0.000646
_11697_,VGND,li1,151.5700,32.6400,0.000630
_11696_,VGND,li1,147.2000,38.0800,0.000704
_11695_,VGND,li1,121.2100,38.0800,0.000755
_11694_,VGND,li1,115.6900,54.4000,0.000210
_11693_,VGND,li1,117.9900,54.4000,0.000206
_11692_,VGND,li1,112.2400,59.8400,0.000593
_11691_,VGND,li1,89.0100,59.8400,0.000531
_11690_,VGND,li1,85.7900,59.8400,0.000514
_11689_,VGND,li1,87.4000,54.4000,0.000186
_11688_,VGND,li1,81.1900,59.8400,0.000490
_11687_,VGND,li1,82.8000,54.4000,0.000180
_11686_,VGND,li1,77.9700,54.4000,0.000173
_11685_,VGND,li1,75.2100,59.8400,0.000445
_11684_,VGND,li1,77.5100,59.8400,0.000466
_11683_,VGND,li1,92.9200,65.2800,0.000127
_11682_,VGND,li1,75.6700,59.8400,0.000445
_11681_,VGND,li1,76.5900,65.2800,0.000116
_11680_,VGND,li1,78.6600,65.2800,0.000117
_11679_,VGND,li1,71.9900,59.8400,0.000430
_11678_,VGND,li1,67.8500,65.2800,0.000108
_11677_,VGND,li1,69.2300,65.2800,0.000108
_11676_,VGND,li1,79.3500,65.2800,0.000117
_11675_,VGND,li1,72.6800,70.7200,0.000090
_11674_,VGND,li1,72.2200,76.1600,0.000066
_11673_,VGND,li1,82.1100,48.9600,0.000132
_11672_,VGND,li1,80.7300,43.5200,0.000191
_11671_,VGND,li1,80.2700,48.9600,0.000131
_11670_,VGND,li1,78.4300,48.9600,0.000131
_11669_,VGND,li1,83.9500,48.9600,0.000133
_11668_,VGND,li1,76.5900,48.9600,0.000130
_11667_,VGND,li1,73.1400,48.9600,0.000127
_11666_,VGND,li1,75.6700,43.5200,0.000188
_11665_,VGND,li1,80.9600,81.6000,0.000176
_11664_,VGND,li1,97.9800,59.8400,0.000560
_11663_,VGND,li1,82.1100,76.1600,0.000071
_11662_,VGND,li1,85.1000,76.1600,0.000072
_11661_,VGND,li1,81.4200,92.4800,0.000133
_11660_,VGND,li1,62.7900,87.0400,0.000132
_11659_,VGND,li1,59.5700,87.0400,0.000127
_11658_,VGND,li1,60.4900,81.6000,0.000137
_11657_,VGND,li1,61.8700,87.0400,0.000132
_11656_,VGND,li1,58.6500,92.4800,0.000095
_11655_,VGND,li1,60.7200,92.4800,0.000099
_11654_,VGND,li1,59.5700,76.1600,0.000058
_11653_,VGND,li1,67.3900,76.1600,0.000063
_11652_,VGND,li1,66.4700,76.1600,0.000062
_11651_,VGND,li1,69.4600,76.1600,0.000064
_11650_,VGND,li1,71.7600,81.6000,0.000158
_11649_,VGND,li1,58.1900,81.6000,0.000131
_11648_,VGND,li1,55.8900,87.0400,0.000114
_11647_,VGND,li1,62.1000,103.3600,0.000099
_11646_,VGND,li1,47.1500,87.0400,0.000094
_11645_,VGND,li1,42.0900,92.4800,0.000066
_11644_,VGND,li1,45.0800,92.4800,0.000070
_11643_,VGND,li1,37.0300,92.4800,0.000053
_11642_,VGND,li1,33.3500,92.4800,0.000042
_11641_,VGND,li1,36.1100,97.9200,0.000033
_11640_,VGND,li1,37.4900,97.9200,0.000033
_11639_,VGND,li1,39.5600,97.9200,0.000038
_11638_,VGND,li1,40.0200,97.9200,0.000038
_11637_,VGND,li1,46.0000,103.3600,0.000064
_11636_,VGND,li1,43.2400,92.4800,0.000066
_11635_,VGND,li1,46.6900,81.6000,0.000100
_11634_,VGND,li1,54.5100,108.8000,0.000383
_11633_,VGND,li1,48.5300,81.6000,0.000106
_11632_,VGND,li1,50.8300,103.3600,0.000078
_11631_,VGND,li1,117.9900,38.0800,0.000748
_11630_,VGND,li1,118.2200,32.6400,0.000613
_11629_,VGND,li1,112.4700,32.6400,0.000602
_11628_,VGND,li1,112.9300,32.6400,0.000602
_11627_,VGND,li1,106.9500,32.6400,0.000583
_11626_,VGND,li1,105.5700,38.0800,0.000674
_11625_,VGND,li1,108.1000,38.0800,0.000689
_11624_,VGND,li1,110.1700,38.0800,0.000703
_11623_,VGND,li1,103.2700,38.0800,0.000662
_11622_,VGND,li1,100.9700,38.0800,0.000648
_11621_,VGND,li1,98.9000,38.0800,0.000635
_11620_,VGND,li1,97.7500,43.5200,0.000196
_11619_,VGND,li1,97.2900,43.5200,0.000196
_11618_,VGND,li1,94.3000,43.5200,0.000195
_11617_,VGND,li1,91.7700,43.5200,0.000195
_11616_,VGND,li1,89.4700,43.5200,0.000194
_11615_,VGND,li1,88.5500,43.5200,0.000194
_11614_,VGND,li1,89.9300,38.0800,0.000567
_11613_,VGND,li1,94.3000,48.9600,0.000134
_11612_,VGND,li1,101.8900,32.6400,0.000572
_11611_,VGND,li1,99.5900,27.2000,0.001751
_11610_,VGND,li1,100.9700,27.2000,0.001751
_11609_,VGND,li1,99.1300,27.2000,0.001722
_11608_,VGND,li1,103.9600,21.7600,0.002060
_11607_,VGND,li1,97.7500,16.3200,0.002764
_11606_,VGND,li1,96.6000,16.3200,0.002764
_11605_,VGND,li1,94.5300,16.3200,0.002722
_11604_,VGND,li1,99.8200,16.3200,0.002833
_11603_,VGND,li1,103.5000,16.3200,0.002907
_11602_,VGND,li1,101.2000,16.3200,0.002833
_11601_,VGND,li1,107.8700,59.8400,0.000586
_11600_,VGND,li1,129.2600,38.0800,0.000747
_11599_,VGND,li1,144.9000,27.2000,0.002085
_11598_,VGND,li1,145.5900,32.6400,0.000650
_11597_,VGND,li1,142.1400,32.6400,0.000647
_11596_,VGND,li1,130.6400,27.2000,0.002054
_11595_,VGND,li1,313.9500,21.7600,0.004127
_11594_,VGND,li1,316.7100,21.7600,0.003744
_11593_,VGND,li1,316.2500,21.7600,0.003967
_11592_,VGND,li1,301.9900,21.7600,0.005002
_11591_,VGND,li1,324.7600,21.7600,0.002640
_11590_,VGND,li1,318.5500,27.2000,0.001805
_11589_,VGND,li1,299.0000,21.7600,0.005155
_11588_,VGND,li1,212.5200,21.7600,0.004377
_11587_,VGND,li1,207.4600,27.2000,0.004019
_11586_,VGND,li1,215.7400,27.2000,0.004312
_11585_,VGND,li1,197.3400,27.2000,0.003482
_11584_,VGND,li1,193.4300,27.2000,0.003144
_11583_,VGND,li1,189.0600,27.2000,0.002757
_11582_,VGND,li1,186.9900,27.2000,0.002437
_11581_,VGND,li1,191.5900,27.2000,0.002924
_11580_,VGND,li1,201.0200,27.2000,0.003616
_11579_,VGND,li1,180.5500,27.2000,0.001788
_11578_,VGND,li1,177.3300,32.6400,0.000417
_11577_,VGND,li1,179.6300,32.6400,0.000473
_11576_,VGND,li1,178.9400,38.0800,0.000370
_11575_,VGND,li1,149.7300,38.0800,0.000681
_11574_,VGND,li1,147.4300,59.8400,0.000498
_11573_,VGND,li1,149.7300,59.8400,0.000476
_11572_,VGND,li1,143.5200,59.8400,0.000529
_11571_,VGND,li1,114.3100,59.8400,0.000595
_11570_,VGND,li1,108.3300,81.6000,0.000215
_11569_,VGND,li1,113.3900,87.0400,0.000178
_11568_,VGND,li1,110.4000,92.4800,0.000145
_11567_,VGND,li1,87.1700,87.0400,0.000169
_11566_,VGND,li1,89.9300,87.0400,0.000171
_11565_,VGND,li1,84.8700,87.0400,0.000166
_11564_,VGND,li1,83.9500,81.6000,0.000183
_11563_,VGND,li1,77.5100,81.6000,0.000172
_11562_,VGND,li1,74.2900,81.6000,0.000166
_11561_,VGND,li1,71.5300,81.6000,0.000158
_11560_,VGND,li1,75.6700,81.6000,0.000166
_11559_,VGND,li1,77.0500,81.6000,0.000172
_11558_,VGND,li1,69.0000,81.6000,0.000153
_11557_,VGND,li1,68.7700,76.1600,0.000063
_11556_,VGND,li1,82.8000,92.4800,0.000136
_11555_,VGND,li1,87.6300,81.6000,0.000186
_11554_,VGND,li1,84.8700,92.4800,0.000138
_11553_,VGND,li1,87.4000,97.9200,0.000088
_11552_,VGND,li1,65.5500,103.3600,0.000104
_11551_,VGND,li1,60.0300,97.9200,0.000063
_11550_,VGND,li1,59.1100,92.4800,0.000099
_11549_,VGND,li1,53.5900,97.9200,0.000055
_11548_,VGND,li1,54.7400,92.4800,0.000091
_11547_,VGND,li1,48.5300,92.4800,0.000079
_11546_,VGND,li1,45.3100,92.4800,0.000070
_11545_,VGND,li1,51.5200,92.4800,0.000085
_11544_,VGND,li1,47.8400,92.4800,0.000075
_11543_,VGND,li1,51.0600,103.3600,0.000078
_11542_,VGND,li1,65.3200,92.4800,0.000110
_11541_,VGND,li1,62.7900,103.3600,0.000099
_11540_,VGND,li1,62.7900,108.8000,0.000452
_11539_,VGND,li1,64.1700,108.8000,0.000474
_11538_,VGND,li1,60.2600,103.3600,0.000093
_11537_,VGND,li1,57.2700,103.3600,0.000088
_11536_,VGND,li1,54.2800,103.3600,0.000083
_11535_,VGND,li1,48.3000,103.3600,0.000071
_11534_,VGND,li1,110.6300,59.8400,0.000591
_11533_,VGND,li1,109.9400,54.4000,0.000205
_11532_,VGND,li1,104.6500,59.8400,0.000579
_11531_,VGND,li1,105.8000,59.8400,0.000579
_11530_,VGND,li1,100.0500,59.8400,0.000566
_11529_,VGND,li1,97.7500,65.2800,0.000130
_11528_,VGND,li1,100.0500,65.2800,0.000131
_11527_,VGND,li1,114.5400,65.2800,0.000136
_11526_,VGND,li1,97.7500,65.2800,0.000130
_11525_,VGND,li1,91.3100,70.7200,0.000107
_11524_,VGND,li1,94.3000,70.7200,0.000109
_11523_,VGND,li1,86.7100,70.7200,0.000105
_11522_,VGND,li1,81.6500,65.2800,0.000119
_11521_,VGND,li1,83.9500,70.7200,0.000103
_11520_,VGND,li1,83.9500,65.2800,0.000121
_11519_,VGND,li1,86.9400,65.2800,0.000122
_11518_,VGND,li1,92.9200,76.1600,0.000073
_11517_,VGND,li1,103.7300,65.2800,0.000132
_11516_,VGND,li1,97.7500,54.4000,0.000196
_11515_,VGND,li1,97.2900,48.9600,0.000134
_11514_,VGND,li1,94.0700,54.4000,0.000192
_11513_,VGND,li1,99.5900,54.4000,0.000198
_11512_,VGND,li1,96.8300,54.4000,0.000194
_11511_,VGND,li1,91.3100,48.9600,0.000134
_11510_,VGND,li1,91.7700,48.9600,0.000134
_11509_,VGND,li1,110.1700,48.9600,0.000134
_11508_,VGND,li1,104.8800,81.6000,0.000213
_11507_,VGND,li1,122.3600,59.8400,0.000582
_11506_,VGND,li1,143.7500,38.0800,0.000712
_11505_,VGND,li1,143.0600,32.6400,0.000647
_11504_,VGND,li1,137.7700,38.0800,0.000730
_11503_,VGND,li1,140.0700,38.0800,0.000723
_11502_,VGND,li1,131.7900,38.0800,0.000742
_11501_,VGND,li1,129.0300,38.0800,0.000747
_11500_,VGND,li1,131.7900,38.0800,0.000742
_11499_,VGND,li1,153.1800,43.5200,0.000170
_11498_,VGND,li1,124.8900,43.5200,0.000190
_11497_,VGND,li1,123.0500,38.0800,0.000753
_11496_,VGND,li1,115.6900,43.5200,0.000194
_11495_,VGND,li1,112.9300,43.5200,0.000195
_11494_,VGND,li1,110.6300,43.5200,0.000195
_11493_,VGND,li1,102.8100,43.5200,0.000196
_11492_,VGND,li1,108.3300,43.5200,0.000196
_11491_,VGND,li1,104.6500,43.5200,0.000196
_11490_,VGND,li1,106.7200,43.5200,0.000196
_11489_,VGND,li1,117.3000,48.9600,0.000132
_11488_,VGND,li1,139.6100,43.5200,0.000181
_11487_,VGND,li1,129.4900,32.6400,0.000630
_11486_,VGND,li1,134.5500,27.2000,0.002063
_11485_,VGND,li1,133.4000,27.2000,0.002063
_11484_,VGND,li1,131.1000,27.2000,0.002059
_11483_,VGND,li1,107.4100,21.7600,0.002145
_11482_,VGND,li1,106.4900,21.7600,0.002106
_11481_,VGND,li1,105.1100,21.7600,0.002106
_11480_,VGND,li1,104.6500,16.3200,0.002907
_11479_,VGND,li1,109.9400,16.3200,0.003012
_11478_,VGND,li1,106.9500,16.3200,0.002971
_11477_,VGND,li1,112.4700,16.3200,0.003085
_11476_,VGND,li1,107.4100,27.2000,0.001856
_11475_,VGND,li1,104.8800,27.2000,0.001824
_11474_,VGND,li1,102.1200,27.2000,0.001786
_11473_,VGND,li1,135.9300,59.8400,0.000555
_11472_,VGND,li1,155.9400,38.0800,0.000618
_11471_,VGND,li1,174.8000,27.2000,0.001706
_11470_,VGND,li1,175.0300,32.6400,0.000443
_11469_,VGND,li1,171.5800,32.6400,0.000467
_11468_,VGND,li1,164.2200,27.2000,0.001878
_11467_,VGND,li1,303.8300,16.3200,0.001173
_11466_,VGND,li1,305.4400,21.7600,0.004814
_11465_,VGND,li1,304.2900,21.7600,0.004814
_11464_,VGND,li1,267.2600,21.7600,0.005521
_11463_,VGND,li1,302.9100,21.7600,0.005002
_11462_,VGND,li1,270.0200,21.7600,0.005542
_11461_,VGND,li1,219.1900,27.2000,0.004353
_11460_,VGND,li1,212.7500,27.2000,0.004213
_11459_,VGND,li1,213.2100,27.2000,0.004212
_11458_,VGND,li1,218.0400,32.6400,0.001255
_11457_,VGND,li1,204.0100,27.2000,0.003856
_11456_,VGND,li1,204.0100,32.6400,0.001040
_11455_,VGND,li1,206.3100,32.6400,0.001079
_11454_,VGND,li1,204.7000,38.0800,0.000811
_11453_,VGND,li1,181.4700,38.0800,0.000459
_11452_,VGND,li1,177.3300,43.5200,0.000128
_11451_,VGND,li1,181.4700,48.9600,0.000082
_11450_,VGND,li1,181.7000,65.2800,0.000134
_11449_,VGND,li1,144.2100,59.8400,0.000520
_11448_,VGND,li1,140.9900,76.1600,0.000068
_11447_,VGND,li1,142.3700,76.1600,0.000068
_11446_,VGND,li1,145.8200,81.6000,0.000188
_11445_,VGND,li1,110.6300,87.0400,0.000181
_11444_,VGND,li1,109.7100,87.0400,0.000181
_11443_,VGND,li1,106.9500,92.4800,0.000146
_11442_,VGND,li1,109.0200,97.9200,0.000096
_11441_,VGND,li1,84.8700,97.9200,0.000087
_11440_,VGND,li1,79.8100,92.4800,0.000133
_11439_,VGND,li1,75.2100,92.4800,0.000126
_11438_,VGND,li1,76.1300,92.4800,0.000126
_11437_,VGND,li1,71.9900,92.4800,0.000122
_11436_,VGND,li1,71.0700,97.9200,0.000072
_11435_,VGND,li1,68.3100,92.4800,0.000114
_11434_,VGND,li1,69.0000,97.9200,0.000070
_11433_,VGND,li1,63.2500,92.4800,0.000107
_11432_,VGND,li1,74.7500,103.3600,0.000114
_11431_,VGND,li1,92.4600,92.4800,0.000140
_11430_,VGND,li1,78.4300,103.3600,0.000117
_11429_,VGND,li1,84.4100,103.3600,0.000123
_11428_,VGND,li1,81.8800,103.3600,0.000121
_11427_,VGND,li1,66.0100,103.3600,0.000104
_11426_,VGND,li1,53.5900,103.3600,0.000083
_11425_,VGND,li1,52.6700,108.8000,0.000365
_11424_,VGND,li1,48.9900,103.3600,0.000071
_11423_,VGND,li1,50.1400,108.8000,0.000340
_11422_,VGND,li1,45.7700,103.3600,0.000064
_11421_,VGND,li1,105.1100,81.6000,0.000213
_11420_,VGND,li1,101.4300,81.6000,0.000207
_11419_,VGND,li1,101.8900,81.6000,0.000209
_11418_,VGND,li1,96.8300,81.6000,0.000203
_11417_,VGND,li1,89.9300,81.6000,0.000192
_11416_,VGND,li1,92.6900,81.6000,0.000197
_11415_,VGND,li1,92.6900,76.1600,0.000073
_11414_,VGND,li1,92.6900,81.6000,0.000197
_11413_,VGND,li1,97.5200,76.1600,0.000074
_11412_,VGND,li1,89.4700,76.1600,0.000073
_11411_,VGND,li1,103.2700,87.0400,0.000178
_11410_,VGND,li1,102.5800,92.4800,0.000145
_11409_,VGND,li1,118.6800,81.6000,0.000212
_11408_,VGND,li1,138.2300,59.8400,0.000544
_11407_,VGND,li1,141.2200,59.8400,0.000536
_11406_,VGND,li1,132.7100,59.8400,0.000560
_11405_,VGND,li1,133.8600,54.4000,0.000173
_11404_,VGND,li1,125.3500,59.8400,0.000576
_11403_,VGND,li1,123.5100,59.8400,0.000582
_11402_,VGND,li1,126.2700,59.8400,0.000576
_11401_,VGND,li1,133.4000,65.2800,0.000140
_11400_,VGND,li1,117.0700,65.2800,0.000138
_11399_,VGND,li1,112.0100,70.7200,0.000111
_11398_,VGND,li1,115.0000,70.7200,0.000111
_11397_,VGND,li1,106.4900,70.7200,0.000111
_11396_,VGND,li1,103.2700,70.7200,0.000111
_11395_,VGND,li1,106.4900,65.2800,0.000134
_11394_,VGND,li1,105.8000,70.7200,0.000111
_11393_,VGND,li1,114.0800,76.1600,0.000074
_11392_,VGND,li1,126.2700,70.7200,0.000109
_11391_,VGND,li1,119.3700,48.9600,0.000131
_11390_,VGND,li1,121.6700,48.9600,0.000130
_11389_,VGND,li1,126.7300,54.4000,0.000188
_11388_,VGND,li1,116.1500,48.9600,0.000133
_11387_,VGND,li1,119.8300,48.9600,0.000131
_11386_,VGND,li1,126.2700,48.9600,0.000127
_11385_,VGND,li1,128.5700,48.9600,0.000126
_11384_,VGND,li1,112.9300,48.9600,0.000133
_11383_,VGND,li1,110.8600,43.5200,0.000195
_11382_,VGND,li1,134.0900,48.9600,0.000121
_11381_,VGND,li1,106.4900,48.9600,0.000135
_11380_,VGND,li1,104.8800,54.4000,0.000202
_11379_,VGND,li1,103.2700,48.9600,0.000134
_11378_,VGND,li1,132.9400,81.6000,0.000204
_11377_,VGND,li1,151.8000,59.8400,0.000454
_11376_,VGND,li1,175.0300,38.0800,0.000401
_11375_,VGND,li1,171.5800,32.6400,0.000467
_11374_,VGND,li1,169.5100,38.0800,0.000468
_11373_,VGND,li1,168.8200,32.6400,0.000490
_11372_,VGND,li1,163.5300,38.0800,0.000536
_11371_,VGND,li1,158.4700,38.0800,0.000591
_11370_,VGND,li1,160.7700,38.0800,0.000571
_11369_,VGND,li1,161.2300,32.6400,0.000565
_11368_,VGND,li1,179.8600,48.9600,0.000069
_11367_,VGND,li1,156.6300,43.5200,0.000165
_11366_,VGND,li1,151.1100,43.5200,0.000172
_11365_,VGND,li1,150.1900,43.5200,0.000174
_11364_,VGND,li1,145.1300,43.5200,0.000178
_11363_,VGND,li1,137.7700,43.5200,0.000183
_11362_,VGND,li1,138.2300,43.5200,0.000183
_11361_,VGND,li1,140.9900,43.5200,0.000181
_11360_,VGND,li1,140.9900,48.9600,0.000116
_11359_,VGND,li1,150.8800,48.9600,0.000105
_11358_,VGND,li1,158.7000,43.5200,0.000162
_11357_,VGND,li1,161.6900,27.2000,0.001915
_11356_,VGND,li1,162.1500,27.2000,0.001915
_11355_,VGND,li1,165.1400,27.2000,0.001878
_11354_,VGND,li1,164.2200,16.3200,0.001885
_11353_,VGND,li1,140.5300,27.2000,0.002078
_11352_,VGND,li1,135.4700,21.7600,0.002398
_11351_,VGND,li1,137.3100,21.7600,0.002407
_11350_,VGND,li1,137.0800,27.2000,0.002071
_11349_,VGND,li1,133.1700,27.2000,0.002063
_11348_,VGND,li1,137.5400,27.2000,0.002071
_11347_,VGND,li1,135.4700,21.7600,0.002398
_11346_,VGND,li1,136.8500,16.3200,0.002924
_11345_,VGND,li1,132.0200,16.3200,0.003009
_11344_,VGND,li1,126.7300,16.3200,0.003106
_11343_,VGND,li1,129.0300,16.3200,0.003067
_11342_,VGND,li1,110.6300,16.3200,0.003049
_11341_,VGND,li1,170.2000,65.2800,0.000125
_11340_,VGND,li1,188.1400,38.0800,0.000543
_11339_,VGND,li1,198.0300,27.2000,0.003482
_11338_,VGND,li1,195.2700,32.6400,0.000842
_11337_,VGND,li1,199.4100,32.6400,0.000899
_11336_,VGND,li1,200.3300,21.7600,0.003498
_11335_,VGND,li1,309.3500,16.3200,0.001060
_11334_,VGND,li1,319.2400,21.7600,0.003414
_11333_,VGND,li1,316.4800,27.2000,0.002050
_11332_,VGND,li1,292.3300,21.7600,0.005340
_11331_,VGND,li1,294.6300,21.7600,0.005266
_11330_,VGND,li1,293.0200,27.2000,0.003333
_11329_,VGND,li1,267.4900,27.2000,0.004185
_11328_,VGND,li1,270.2500,27.2000,0.004125
_11327_,VGND,li1,263.8100,27.2000,0.004259
_11326_,VGND,li1,266.1100,27.2000,0.004232
_11325_,VGND,li1,261.7400,32.6400,0.001371
_11324_,VGND,li1,222.8700,27.2000,0.004389
_11323_,VGND,li1,216.4300,32.6400,0.001237
_11322_,VGND,li1,219.1900,32.6400,0.001254
_11321_,VGND,li1,221.7200,38.0800,0.000918
_11320_,VGND,li1,206.7700,38.0800,0.000833
_11319_,VGND,li1,205.3900,59.8400,0.000291
_11318_,VGND,li1,201.7100,59.8400,0.000279
_11317_,VGND,li1,202.8600,76.1600,0.000127
_11316_,VGND,li1,179.1700,65.2800,0.000110
_11315_,VGND,li1,176.4100,81.6000,0.000113
_11314_,VGND,li1,179.4000,81.6000,0.000114
_11313_,VGND,li1,177.1000,87.0400,0.000084
_11312_,VGND,li1,143.2900,81.6000,0.000193
_11311_,VGND,li1,139.6100,92.4800,0.000125
_11310_,VGND,li1,142.3700,92.4800,0.000121
_11309_,VGND,li1,145.8200,97.9200,0.000077
_11308_,VGND,li1,110.6300,97.9200,0.000096
_11307_,VGND,li1,105.5700,103.3600,0.000135
_11306_,VGND,li1,106.7200,97.9200,0.000096
_11305_,VGND,li1,110.8600,103.3600,0.000136
_11304_,VGND,li1,89.0100,103.3600,0.000126
_11303_,VGND,li1,75.2100,103.3600,0.000114
_11302_,VGND,li1,77.0500,103.3600,0.000117
_11301_,VGND,li1,76.3600,108.8000,0.000592
_11300_,VGND,li1,73.3700,108.8000,0.000562
_11299_,VGND,li1,71.9900,103.3600,0.000111
_11298_,VGND,li1,85.5600,103.3600,0.000123
_11297_,VGND,li1,104.6500,97.9200,0.000095
_11296_,VGND,li1,99.1300,97.9200,0.000093
_11295_,VGND,li1,99.8200,97.9200,0.000093
_11294_,VGND,li1,97.7500,92.4800,0.000143
_11293_,VGND,li1,95.4500,92.4800,0.000142
_11292_,VGND,li1,93.1500,92.4800,0.000141
_11291_,VGND,li1,88.7800,92.4800,0.000139
_11290_,VGND,li1,95.9100,97.9200,0.000092
_11289_,VGND,li1,99.5900,103.3600,0.000131
_11288_,VGND,li1,116.8400,97.9200,0.000095
_11287_,VGND,li1,135.9300,81.6000,0.000201
_11286_,VGND,li1,129.4900,81.6000,0.000205
_11285_,VGND,li1,130.8700,81.6000,0.000205
_11284_,VGND,li1,121.6700,81.6000,0.000210
_11283_,VGND,li1,118.4500,87.0400,0.000174
_11282_,VGND,li1,121.6700,87.0400,0.000171
_11281_,VGND,li1,117.5300,81.6000,0.000212
_11280_,VGND,li1,115.6900,87.0400,0.000176
_11279_,VGND,li1,117.9900,87.0400,0.000174
_11278_,VGND,li1,119.3700,76.1600,0.000074
_11277_,VGND,li1,117.5300,76.1600,0.000074
_11276_,VGND,li1,115.6900,76.1600,0.000074
_11275_,VGND,li1,114.3100,76.1600,0.000074
_11274_,VGND,li1,115.4600,70.7200,0.000111
_11273_,VGND,li1,110.6300,76.1600,0.000074
_11272_,VGND,li1,130.1800,92.4800,0.000132
_11271_,VGND,li1,137.5400,81.6000,0.000201
_11270_,VGND,li1,172.2700,65.2800,0.000122
_11269_,VGND,li1,167.6700,65.2800,0.000128
_11268_,VGND,li1,169.2800,59.8400,0.000266
_11267_,VGND,li1,154.7900,59.8400,0.000423
_11266_,VGND,li1,150.1900,65.2800,0.000137
_11265_,VGND,li1,152.9500,65.2800,0.000136
_11264_,VGND,li1,152.2600,70.7200,0.000096
_11263_,VGND,li1,136.8500,65.2800,0.000140
_11262_,VGND,li1,130.8700,65.2800,0.000140
_11261_,VGND,li1,133.6300,65.2800,0.000140
_11260_,VGND,li1,126.2700,65.2800,0.000140
_11259_,VGND,li1,123.0500,70.7200,0.000110
_11258_,VGND,li1,120.2900,70.7200,0.000110
_11257_,VGND,li1,126.0400,70.7200,0.000109
_11256_,VGND,li1,131.3300,76.1600,0.000071
_11255_,VGND,li1,141.2200,70.7200,0.000104
_11254_,VGND,li1,150.6500,54.4000,0.000135
_11253_,VGND,li1,153.8700,54.4000,0.000130
_11252_,VGND,li1,151.5700,54.4000,0.000135
_11251_,VGND,li1,161.6900,59.8400,0.000348
_11250_,VGND,li1,129.9500,48.9600,0.000124
_11249_,VGND,li1,132.2500,48.9600,0.000122
_11248_,VGND,li1,125.8100,48.9600,0.000127
_11247_,VGND,li1,143.7500,54.4000,0.000152
_11246_,VGND,li1,146.0500,48.9600,0.000110
_11245_,VGND,li1,143.2900,48.9600,0.000112
_11244_,VGND,li1,143.5200,48.9600,0.000112
_11243_,VGND,li1,139.6100,48.9600,0.000116
_11242_,VGND,li1,170.2000,81.6000,0.000127
_11241_,VGND,li1,174.3400,65.2800,0.000117
_11240_,VGND,li1,201.7100,38.0800,0.000772
_11239_,VGND,li1,199.8700,38.0800,0.000746
_11238_,VGND,li1,195.7300,38.0800,0.000686
_11237_,VGND,li1,195.7300,32.6400,0.000842
_11236_,VGND,li1,191.1300,38.0800,0.000594
_11235_,VGND,li1,186.9900,38.0800,0.000543
_11234_,VGND,li1,189.7500,38.0800,0.000594
_11233_,VGND,li1,201.0200,54.4000,0.000130
_11232_,VGND,li1,181.0100,43.5200,0.000145
_11231_,VGND,li1,171.3500,43.5200,0.000141
_11230_,VGND,li1,174.5700,43.5200,0.000137
_11229_,VGND,li1,168.1300,43.5200,0.000147
_11228_,VGND,li1,161.2300,43.5200,0.000158
_11227_,VGND,li1,163.9900,43.5200,0.000155
_11226_,VGND,li1,171.5800,48.9600,0.000079
_11225_,VGND,li1,192.5100,48.9600,0.000129
_11224_,VGND,li1,171.5800,54.4000,0.000082
_11223_,VGND,li1,181.2400,43.5200,0.000160
_11222_,VGND,li1,200.7900,21.7600,0.003617
_11221_,VGND,li1,197.1100,21.7600,0.003378
_11220_,VGND,li1,203.3200,21.7600,0.003781
_11219_,VGND,li1,207.9200,21.7600,0.004079
_11218_,VGND,li1,166.7500,21.7600,0.002007
_11217_,VGND,li1,163.9900,16.3200,0.001885
_11216_,VGND,li1,170.2000,16.3200,0.001468
_11215_,VGND,li1,166.5200,16.3200,0.001670
_11214_,VGND,li1,167.6700,16.3200,0.001670
_11213_,VGND,li1,175.2600,16.3200,0.001152
_11212_,VGND,li1,142.3700,16.3200,0.002807
_11211_,VGND,li1,142.6000,16.3200,0.002807
_11210_,VGND,li1,140.0700,16.3200,0.002883
_11209_,VGND,li1,141.4500,10.8800,0.000141
_11208_,VGND,li1,140.3000,16.3200,0.002847
_11207_,VGND,li1,136.3900,16.3200,0.002924
_11206_,VGND,li1,114.7700,21.7600,0.002241
_11205_,VGND,li1,195.0400,70.7200,0.000124
_11204_,VGND,li1,206.0800,43.5200,0.000350
_11203_,VGND,li1,217.8100,27.2000,0.004353
_11202_,VGND,li1,220.5700,32.6400,0.001263
_11201_,VGND,li1,219.4200,27.2000,0.004353
_11200_,VGND,li1,225.4000,21.7600,0.004639
_11199_,VGND,li1,260.3600,27.2000,0.004269
_11198_,VGND,li1,328.2100,21.7600,0.002203
_11197_,VGND,li1,324.7600,21.7600,0.002640
_11196_,VGND,li1,321.5400,21.7600,0.003167
_11195_,VGND,li1,303.1400,27.2000,0.002854
_11194_,VGND,li1,305.6700,27.2000,0.002754
_11193_,VGND,li1,290.4900,27.2000,0.003453
_11192_,VGND,li1,285.8900,27.2000,0.003639
_11191_,VGND,li1,287.5000,27.2000,0.003639
_11190_,VGND,li1,286.1200,32.6400,0.001100
_11189_,VGND,li1,265.1900,32.6400,0.001349
_11188_,VGND,li1,258.7500,32.6400,0.001374
_11187_,VGND,li1,261.0500,32.6400,0.001371
_11186_,VGND,li1,260.8200,48.9600,0.000375
_11185_,VGND,li1,229.7700,38.0800,0.000936
_11184_,VGND,li1,219.1900,43.5200,0.000432
_11183_,VGND,li1,221.9500,43.5200,0.000447
_11182_,VGND,li1,219.8800,65.2800,0.000323
_11181_,VGND,li1,204.4700,70.7200,0.000164
_11180_,VGND,li1,200.7900,81.6000,0.000198
_11179_,VGND,li1,203.5500,81.6000,0.000205
_11178_,VGND,li1,202.8600,81.6000,0.000205
_11177_,VGND,li1,179.6300,81.6000,0.000114
_11176_,VGND,li1,173.6500,92.4800,0.000062
_11175_,VGND,li1,176.4100,92.4800,0.000055
_11174_,VGND,li1,174.8000,97.9200,0.000041
_11173_,VGND,li1,145.5900,92.4800,0.000117
_11172_,VGND,li1,142.8300,97.9200,0.000079
_11171_,VGND,li1,140.5300,97.9200,0.000082
_11170_,VGND,li1,141.9100,97.9200,0.000081
_11169_,VGND,li1,148.1200,103.3600,0.000128
_11168_,VGND,li1,115.6900,103.3600,0.000136
_11167_,VGND,li1,120.7500,103.3600,0.000136
_11166_,VGND,li1,120.0600,108.8000,0.000960
_11165_,VGND,li1,88.5500,103.3600,0.000126
_11164_,VGND,li1,98.2100,103.3600,0.000131
_11163_,VGND,li1,98.4400,103.3600,0.000131
_11162_,VGND,li1,93.8400,103.3600,0.000129
_11161_,VGND,li1,96.1400,103.3600,0.000130
_11160_,VGND,li1,93.1500,103.3600,0.000129
_11159_,VGND,li1,132.7100,92.4800,0.000130
_11158_,VGND,li1,128.1100,97.9200,0.000089
_11157_,VGND,li1,130.8700,97.9200,0.000088
_11156_,VGND,li1,121.6700,97.9200,0.000092
_11155_,VGND,li1,119.8300,92.4800,0.000139
_11154_,VGND,li1,117.5300,92.4800,0.000140
_11153_,VGND,li1,124.6600,97.9200,0.000091
_11152_,VGND,li1,113.8500,97.9200,0.000095
_11151_,VGND,li1,133.6300,97.9200,0.000086
_11150_,VGND,li1,153.6400,97.9200,0.000068
_11149_,VGND,li1,175.0300,81.6000,0.000113
_11148_,VGND,li1,167.2100,81.6000,0.000135
_11147_,VGND,li1,164.9100,81.6000,0.000143
_11146_,VGND,li1,140.0700,81.6000,0.000197
_11145_,VGND,li1,137.3100,87.0400,0.000150
_11144_,VGND,li1,140.0700,87.0400,0.000146
_11143_,VGND,li1,146.5100,87.0400,0.000139
_11142_,VGND,li1,128.1100,87.0400,0.000162
_11141_,VGND,li1,130.4100,87.0400,0.000159
_11140_,VGND,li1,123.5100,81.6000,0.000209
_11139_,VGND,li1,133.1700,76.1600,0.000071
_11138_,VGND,li1,133.6300,76.1600,0.000071
_11137_,VGND,li1,132.2500,70.7200,0.000107
_11136_,VGND,li1,128.1100,76.1600,0.000072
_11135_,VGND,li1,129.4900,70.7200,0.000108
_11134_,VGND,li1,171.5800,97.9200,0.000046
_11133_,VGND,li1,172.2700,81.6000,0.000121
_11132_,VGND,li1,200.7900,70.7200,0.000152
_11131_,VGND,li1,190.6700,76.1600,0.000088
_11130_,VGND,li1,191.8200,70.7200,0.000116
_11129_,VGND,li1,176.4100,70.7200,0.000068
_11128_,VGND,li1,174.1100,70.7200,0.000073
_11127_,VGND,li1,177.1000,70.7200,0.000068
_11126_,VGND,li1,171.3500,70.7200,0.000075
_11125_,VGND,li1,172.0400,70.7200,0.000075
_11124_,VGND,li1,154.7900,70.7200,0.000094
_11123_,VGND,li1,150.1900,70.7200,0.000098
_11122_,VGND,li1,152.9500,70.7200,0.000096
_11121_,VGND,li1,145.1300,70.7200,0.000101
_11120_,VGND,li1,141.9100,65.2800,0.000140
_11119_,VGND,li1,145.5900,70.7200,0.000101
_11118_,VGND,li1,138.0000,70.7200,0.000105
_11117_,VGND,li1,152.9500,76.1600,0.000061
_11116_,VGND,li1,158.4700,70.7200,0.000091
_11115_,VGND,li1,175.0300,54.4000,0.000073
_11114_,VGND,li1,171.3500,59.8400,0.000244
_11113_,VGND,li1,169.7400,54.4000,0.000087
_11112_,VGND,li1,167.2100,54.4000,0.000097
_11111_,VGND,li1,178.2500,54.4000,0.000067
_11110_,VGND,li1,162.1500,54.4000,0.000107
_11109_,VGND,li1,163.9900,54.4000,0.000102
_11108_,VGND,li1,155.2500,54.4000,0.000124
_11107_,VGND,li1,163.5300,59.8400,0.000328
_11106_,VGND,li1,158.0100,54.4000,0.000119
_11105_,VGND,li1,135.9300,48.9600,0.000119
_11104_,VGND,li1,167.6700,48.9600,0.000084
_11103_,VGND,li1,181.9300,48.9600,0.000082
_11102_,VGND,li1,169.5100,48.9600,0.000082
_11101_,VGND,li1,166.7500,48.9600,0.000087
_11100_,VGND,li1,163.5300,48.9600,0.000090
_11099_,VGND,li1,189.5200,81.6000,0.000153
_11098_,VGND,li1,201.0200,65.2800,0.000241
_11097_,VGND,li1,226.5500,38.0800,0.000931
_11096_,VGND,li1,221.9500,38.0800,0.000918
_11095_,VGND,li1,216.4300,38.0800,0.000886
_11094_,VGND,li1,218.7300,38.0800,0.000908
_11093_,VGND,li1,213.6700,43.5200,0.000404
_11092_,VGND,li1,209.0700,43.5200,0.000365
_11091_,VGND,li1,209.0700,43.5200,0.000365
_11090_,VGND,li1,208.6100,38.0800,0.000845
_11089_,VGND,li1,227.9300,43.5200,0.000467
_11088_,VGND,li1,204.0100,48.9600,0.000181
_11087_,VGND,li1,198.4900,54.4000,0.000122
_11086_,VGND,li1,202.6300,54.4000,0.000130
_11085_,VGND,li1,189.7500,48.9600,0.000114
_11084_,VGND,li1,192.7400,48.9600,0.000129
_11083_,VGND,li1,184.2300,43.5200,0.000181
_11082_,VGND,li1,196.8800,48.9600,0.000153
_11081_,VGND,li1,200.3300,48.9600,0.000161
_11080_,VGND,li1,188.6000,54.4000,0.000092
_11079_,VGND,li1,191.3600,43.5200,0.000228
_11078_,VGND,li1,195.9600,59.8400,0.000245
_11077_,VGND,li1,212.0600,48.9600,0.000210
_11076_,VGND,li1,222.4100,21.7600,0.004590
_11075_,VGND,li1,220.1100,16.3200,0.001257
_11074_,VGND,li1,217.3500,16.3200,0.001255
_11073_,VGND,li1,228.8500,16.3200,0.001260
_11072_,VGND,li1,213.6700,16.3200,0.001252
_11071_,VGND,li1,204.9300,16.3200,0.001242
_11070_,VGND,li1,210.2200,16.3200,0.001248
_11069_,VGND,li1,213.9000,21.7600,0.004377
_11068_,VGND,li1,210.9100,16.3200,0.001250
_11067_,VGND,li1,207.2300,16.3200,0.001245
_11066_,VGND,li1,209.0700,16.3200,0.001248
_11065_,VGND,li1,218.5000,16.3200,0.001255
_11064_,VGND,li1,178.7100,16.3200,0.000920
_11063_,VGND,li1,184.2300,16.3200,0.001031
_11062_,VGND,li1,182.8500,16.3200,0.001031
_11061_,VGND,li1,176.6400,10.8800,0.000090
_11060_,VGND,li1,171.8100,16.3200,0.001339
_11059_,VGND,li1,213.9000,65.2800,0.000304
_11058_,VGND,li1,237.5900,38.0800,0.000912
_11057_,VGND,li1,257.3700,27.2000,0.004282
_11056_,VGND,li1,254.1500,27.2000,0.004294
_11055_,VGND,li1,255.0700,27.2000,0.004294
_11054_,VGND,li1,244.7200,21.7600,0.005027
_11053_,VGND,li1,254.8400,43.5200,0.000532
_11052_,VGND,li1,330.9700,21.7600,0.001850
_11051_,VGND,li1,330.0500,21.7600,0.001850
_11050_,VGND,li1,331.8900,21.7600,0.001565
_11049_,VGND,li1,342.7000,32.6400,0.000267
_11048_,VGND,li1,324.9900,27.2000,0.001314
_11047_,VGND,li1,308.4300,27.2000,0.002492
_11046_,VGND,li1,303.8300,32.6400,0.000834
_11045_,VGND,li1,304.2900,27.2000,0.002754
_11044_,VGND,li1,300.6100,27.2000,0.002949
_11043_,VGND,li1,301.0700,32.6400,0.000872
_11042_,VGND,li1,305.4400,32.6400,0.000792
_11041_,VGND,li1,299.2300,32.6400,0.000903
_11040_,VGND,li1,286.1200,32.6400,0.001100
_11039_,VGND,li1,290.2600,32.6400,0.001040
_11038_,VGND,li1,280.8300,48.9600,0.000381
_11037_,VGND,li1,281.9800,48.9600,0.000381
_11036_,VGND,li1,261.2800,43.5200,0.000532
_11035_,VGND,li1,264.7300,48.9600,0.000380
_11034_,VGND,li1,259.4400,65.2800,0.000361
_11033_,VGND,li1,256.2200,65.2800,0.000362
_11032_,VGND,li1,223.1000,65.2800,0.000328
_11031_,VGND,li1,220.3400,65.2800,0.000323
_11030_,VGND,li1,219.4200,81.6000,0.000229
_11029_,VGND,li1,218.9600,81.6000,0.000229
_11028_,VGND,li1,206.0800,81.6000,0.000211
_11027_,VGND,li1,203.7800,87.0400,0.000204
_11026_,VGND,li1,203.0900,92.4800,0.000093
_11025_,VGND,li1,203.3200,92.4800,0.000093
_11024_,VGND,li1,178.0200,97.9200,0.000036
_11023_,VGND,li1,175.2600,92.4800,0.000062
_11022_,VGND,li1,173.8800,103.3600,0.000074
_11021_,VGND,li1,176.1800,103.3600,0.000060
_11020_,VGND,li1,188.6000,103.3600,0.000063
_11019_,VGND,li1,145.3600,103.3600,0.000129
_11018_,VGND,li1,143.0600,103.3600,0.000130
_11017_,VGND,li1,143.5200,103.3600,0.000130
_11016_,VGND,li1,145.8200,103.3600,0.000129
_11015_,VGND,li1,128.3400,103.3600,0.000135
_11014_,VGND,li1,125.5800,103.3600,0.000135
_11013_,VGND,li1,123.5100,103.3600,0.000135
_11012_,VGND,li1,130.8700,103.3600,0.000134
_11011_,VGND,li1,136.8500,103.3600,0.000132
_11010_,VGND,li1,139.1500,103.3600,0.000132
_11009_,VGND,li1,133.4000,103.3600,0.000133
_11008_,VGND,li1,130.4100,103.3600,0.000134
_11007_,VGND,li1,130.4100,97.9200,0.000088
_11006_,VGND,li1,169.0500,97.9200,0.000050
_11005_,VGND,li1,164.9100,97.9200,0.000055
_11004_,VGND,li1,166.0600,92.4800,0.000078
_11003_,VGND,li1,158.4700,97.9200,0.000063
_11002_,VGND,li1,156.1700,92.4800,0.000097
_11001_,VGND,li1,153.8700,92.4800,0.000102
_11000_,VGND,li1,154.1000,97.9200,0.000068
_10999_,VGND,li1,164.9100,97.9200,0.000055
_10998_,VGND,li1,179.6300,97.9200,0.000036
_10997_,VGND,li1,191.5900,81.6000,0.000166
_10996_,VGND,li1,188.3700,81.6000,0.000153
_10995_,VGND,li1,186.3000,81.6000,0.000143
_10994_,VGND,li1,184.2300,81.6000,0.000135
_10993_,VGND,li1,170.2000,81.6000,0.000127
_10992_,VGND,li1,168.3600,81.6000,0.000135
_10991_,VGND,li1,168.8200,87.0400,0.000100
_10990_,VGND,li1,171.1200,87.0400,0.000094
_10989_,VGND,li1,190.6700,87.0400,0.000130
_10988_,VGND,li1,151.1100,81.6000,0.000175
_10987_,VGND,li1,152.9500,87.0400,0.000127
_10986_,VGND,li1,149.2700,87.0400,0.000133
_10985_,VGND,li1,153.4100,81.6000,0.000170
_10984_,VGND,li1,124.8900,87.0400,0.000166
_10983_,VGND,li1,162.1500,81.6000,0.000149
_10982_,VGND,li1,158.9300,81.6000,0.000156
_10981_,VGND,li1,159.1600,76.1600,0.000058
_10980_,VGND,li1,156.1700,76.1600,0.000059
_10979_,VGND,li1,152.9500,76.1600,0.000061
_10978_,VGND,li1,184.0000,97.9200,0.000045
_10977_,VGND,li1,193.2000,87.0400,0.000146
_10976_,VGND,li1,215.0500,65.2800,0.000304
_10975_,VGND,li1,209.9900,65.2800,0.000287
_10974_,VGND,li1,207.0000,65.2800,0.000272
_10973_,VGND,li1,204.0100,65.2800,0.000257
_10972_,VGND,li1,200.7900,70.7200,0.000152
_10971_,VGND,li1,203.7800,70.7200,0.000158
_10970_,VGND,li1,221.7200,70.7200,0.000186
_10969_,VGND,li1,179.6300,70.7200,0.000063
_10968_,VGND,li1,166.2900,76.1600,0.000053
_10967_,VGND,li1,169.0500,76.1600,0.000051
_10966_,VGND,li1,161.6900,70.7200,0.000089
_10965_,VGND,li1,97.7500,70.7200,0.000110
_10964_,VGND,li1,162.1500,70.7200,0.000087
_10963_,VGND,li1,164.4500,70.7200,0.000084
_10962_,VGND,li1,164.2200,65.2800,0.000131
_10961_,VGND,li1,161.2300,87.0400,0.000113
_10960_,VGND,li1,213.2100,76.1600,0.000145
_10959_,VGND,li1,197.1100,59.8400,0.000257
_10958_,VGND,li1,191.5900,59.8400,0.000225
_10957_,VGND,li1,192.7400,65.2800,0.000196
_10956_,VGND,li1,184.9200,70.7200,0.000086
_10955_,VGND,li1,183.7700,59.8400,0.000187
_10954_,VGND,li1,186.9900,59.8400,0.000198
_10953_,VGND,li1,180.7800,59.8400,0.000174
_10952_,VGND,li1,178.7100,54.4000,0.000061
_10951_,VGND,li1,181.9300,54.4000,0.000071
_10950_,VGND,li1,197.5700,59.8400,0.000257
_10949_,VGND,li1,192.5100,59.8400,0.000235
_10948_,VGND,li1,206.7700,59.8400,0.000291
_10947_,VGND,li1,193.6600,54.4000,0.000105
_10946_,VGND,li1,187.4500,54.4000,0.000087
_10945_,VGND,li1,190.6700,54.4000,0.000099
_10944_,VGND,li1,211.6000,81.6000,0.000218
_10943_,VGND,li1,232.7600,70.7200,0.000199
_10942_,VGND,li1,258.7500,43.5200,0.000534
_10941_,VGND,li1,255.5300,43.5200,0.000532
_10940_,VGND,li1,252.5400,43.5200,0.000528
_10939_,VGND,li1,244.4900,43.5200,0.000513
_10938_,VGND,li1,241.7300,38.0800,0.000896
_10937_,VGND,li1,239.4300,43.5200,0.000501
_10936_,VGND,li1,236.2100,43.5200,0.000489
_10935_,VGND,li1,246.1000,43.5200,0.000517
_10934_,VGND,li1,231.1500,43.5200,0.000477
_10933_,VGND,li1,225.1700,48.9600,0.000262
_10932_,VGND,li1,227.4700,48.9600,0.000270
_10931_,VGND,li1,218.2700,48.9600,0.000237
_10930_,VGND,li1,232.3000,48.9600,0.000283
_10929_,VGND,li1,213.6700,54.4000,0.000160
_10928_,VGND,li1,216.4300,54.4000,0.000171
_10927_,VGND,li1,210.2200,54.4000,0.000155
_10926_,VGND,li1,207.2300,48.9600,0.000191
_10925_,VGND,li1,200.5600,48.9600,0.000161
_10924_,VGND,li1,206.3100,48.9600,0.000191
_10923_,VGND,li1,200.7900,43.5200,0.000310
_10922_,VGND,li1,197.1100,43.5200,0.000282
_10921_,VGND,li1,216.4300,54.4000,0.000171
_10920_,VGND,li1,227.7000,59.8400,0.000288
_10919_,VGND,li1,239.6600,48.9600,0.000309
_10918_,VGND,li1,243.1100,21.7600,0.005027
_10917_,VGND,li1,242.1900,16.3200,0.001258
_10916_,VGND,li1,244.9500,16.3200,0.001257
_10915_,VGND,li1,255.7600,16.3200,0.001251
_10914_,VGND,li1,239.8900,16.3200,0.001259
_10913_,VGND,li1,235.9800,16.3200,0.001259
_10912_,VGND,li1,238.9700,16.3200,0.001259
_10911_,VGND,li1,231.1500,16.3200,0.001260
_10910_,VGND,li1,233.9100,16.3200,0.001260
_10909_,VGND,li1,232.9900,27.2000,0.004360
_10908_,VGND,li1,226.5500,16.3200,0.001259
_10907_,VGND,li1,230.6900,16.3200,0.001260
_10906_,VGND,li1,222.1800,16.3200,0.001258
_10905_,VGND,li1,219.1900,10.8800,0.000183
_10904_,VGND,li1,215.5100,16.3200,0.001254
_10903_,VGND,li1,237.8200,16.3200,0.001259
_10902_,VGND,li1,238.9700,21.7600,0.004940
_10901_,VGND,li1,241.0400,16.3200,0.001259
_10900_,VGND,li1,254.6100,21.7600,0.005263
_10899_,VGND,li1,256.9100,21.7600,0.005310
_10898_,VGND,li1,258.7500,21.7600,0.005348
_10897_,VGND,li1,269.1000,21.7600,0.005542
_10896_,VGND,li1,247.7100,21.7600,0.005108
_10895_,VGND,li1,253.0000,70.7200,0.000215
_10894_,VGND,li1,261.7400,43.5200,0.000532
_10893_,VGND,li1,288.1900,27.2000,0.003546
_10892_,VGND,li1,282.6700,32.6400,0.001142
_10891_,VGND,li1,280.6000,32.6400,0.001167
_10890_,VGND,li1,282.9000,21.7600,0.005434
_10889_,VGND,li1,343.6200,38.0800,0.000330
_10888_,VGND,li1,343.1600,38.0800,0.000330
_10887_,VGND,li1,344.5400,48.9600,0.000164
_10886_,VGND,li1,341.5500,38.0800,0.000315
_10885_,VGND,li1,346.1500,38.0800,0.000344
_10884_,VGND,li1,326.8300,38.0800,0.000360
_10883_,VGND,li1,325.9100,27.2000,0.001313
_10882_,VGND,li1,325.4500,32.6400,0.000383
_10881_,VGND,li1,325.4500,48.9600,0.000156
_10880_,VGND,li1,308.8900,38.0800,0.000592
_10879_,VGND,li1,304.2900,38.0800,0.000634
_10878_,VGND,li1,307.5100,32.6400,0.000750
_10877_,VGND,li1,307.2800,38.0800,0.000609
_10876_,VGND,li1,305.9000,54.4000,0.000252
_10875_,VGND,li1,284.9700,43.5200,0.000476
_10874_,VGND,li1,287.2700,43.5200,0.000460
_10873_,VGND,li1,279.4500,54.4000,0.000290
_10872_,VGND,li1,279.6800,54.4000,0.000290
_10871_,VGND,li1,281.0600,76.1600,0.000222
_10870_,VGND,li1,262.8900,65.2800,0.000356
_10869_,VGND,li1,260.1300,65.2800,0.000361
_10868_,VGND,li1,257.8300,70.7200,0.000215
_10867_,VGND,li1,260.5900,70.7200,0.000211
_10866_,VGND,li1,260.3600,76.1600,0.000216
_10865_,VGND,li1,221.4900,87.0400,0.000282
_10864_,VGND,li1,222.8700,81.6000,0.000230
_10863_,VGND,li1,217.8100,87.0400,0.000269
_10862_,VGND,li1,220.8000,87.0400,0.000282
_10861_,VGND,li1,219.4200,92.4800,0.000107
_10860_,VGND,li1,206.7700,92.4800,0.000098
_10859_,VGND,li1,206.3100,97.9200,0.000079
_10858_,VGND,li1,207.2300,92.4800,0.000098
_10857_,VGND,li1,204.2400,97.9200,0.000075
_10856_,VGND,li1,213.4400,97.9200,0.000089
_10855_,VGND,li1,191.5900,103.3600,0.000068
_10854_,VGND,li1,189.2900,108.8000,0.000340
_10853_,VGND,li1,192.0500,108.8000,0.000337
_10852_,VGND,li1,205.1600,103.3600,0.000082
_10851_,VGND,li1,167.6700,103.3600,0.000090
_10850_,VGND,li1,164.6800,103.3600,0.000100
_10849_,VGND,li1,162.3800,97.9200,0.000058
_10848_,VGND,li1,158.9300,103.3600,0.000120
_10847_,VGND,li1,161.4600,103.3600,0.000111
_10846_,VGND,li1,186.0700,92.4800,0.000061
_10845_,VGND,li1,183.0800,92.4800,0.000056
_10844_,VGND,li1,184.0000,97.9200,0.000045
_10843_,VGND,li1,186.5300,97.9200,0.000049
_10842_,VGND,li1,181.4700,97.9200,0.000040
_10841_,VGND,li1,182.3900,103.3600,0.000056
_10840_,VGND,li1,179.1700,103.3600,0.000051
_10839_,VGND,li1,180.0900,103.3600,0.000051
_10838_,VGND,li1,205.8500,97.9200,0.000079
_10837_,VGND,li1,214.5900,81.6000,0.000224
_10836_,VGND,li1,209.5300,87.0400,0.000231
_10835_,VGND,li1,212.7500,87.0400,0.000240
_10834_,VGND,li1,194.8100,81.6000,0.000176
_10833_,VGND,li1,195.2700,87.0400,0.000157
_10832_,VGND,li1,197.8000,87.0400,0.000174
_10831_,VGND,li1,195.7300,87.0400,0.000157
_10830_,VGND,li1,230.9200,81.6000,0.000228
_10829_,VGND,li1,194.5800,92.4800,0.000078
_10828_,VGND,li1,197.1100,92.4800,0.000081
_10827_,VGND,li1,191.1300,92.4800,0.000070
_10826_,VGND,li1,192.0500,97.9200,0.000056
_10825_,VGND,li1,193.8900,92.4800,0.000078
_10824_,VGND,li1,150.6500,97.9200,0.000072
_10823_,VGND,li1,162.1500,87.0400,0.000113
_10822_,VGND,li1,158.2400,87.0400,0.000120
_10821_,VGND,li1,157.5500,87.0400,0.000120
_10820_,VGND,li1,156.1700,87.0400,0.000123
_10819_,VGND,li1,159.3900,87.0400,0.000116
_10818_,VGND,li1,152.9500,87.0400,0.000127
_10817_,VGND,li1,149.5000,87.0400,0.000133
_10816_,VGND,li1,214.1300,81.6000,0.000221
_10815_,VGND,li1,240.3500,81.6000,0.000225
_10814_,VGND,li1,250.4700,70.7200,0.000215
_10813_,VGND,li1,245.4100,70.7200,0.000212
_10812_,VGND,li1,246.5600,70.7200,0.000212
_10811_,VGND,li1,239.4300,70.7200,0.000207
_10810_,VGND,li1,232.0700,65.2800,0.000339
_10809_,VGND,li1,230.2300,70.7200,0.000195
_10808_,VGND,li1,234.3700,65.2800,0.000343
_10807_,VGND,li1,235.7500,65.2800,0.000343
_10806_,VGND,li1,226.5500,70.7200,0.000192
_10805_,VGND,li1,223.3300,70.7200,0.000186
_10804_,VGND,li1,222.1800,76.1600,0.000159
_10803_,VGND,li1,220.1100,76.1600,0.000155
_10802_,VGND,li1,213.6700,70.7200,0.000176
_10801_,VGND,li1,216.8900,76.1600,0.000151
_10800_,VGND,li1,213.6700,76.1600,0.000145
_10799_,VGND,li1,210.4500,76.1600,0.000137
_10798_,VGND,li1,230.2300,76.1600,0.000173
_10797_,VGND,li1,231.1500,59.8400,0.000286
_10796_,VGND,li1,233.4500,59.8400,0.000284
_10795_,VGND,li1,228.8500,54.4000,0.000203
_10794_,VGND,li1,230.6900,54.4000,0.000207
_10793_,VGND,li1,249.0900,59.8400,0.000270
_10792_,VGND,li1,188.3700,65.2800,0.000170
_10791_,VGND,li1,160.3100,65.2800,0.000132
_10790_,VGND,li1,156.8600,65.2800,0.000135
_10789_,VGND,li1,186.5300,70.7200,0.000094
_10788_,VGND,li1,189.2900,70.7200,0.000106
_10787_,VGND,li1,189.0600,70.7200,0.000106
_10786_,VGND,li1,186.9900,70.7200,0.000094
_10785_,VGND,li1,221.4900,59.8400,0.000291
_10784_,VGND,li1,219.4200,54.4000,0.000179
_10783_,VGND,li1,215.0500,59.8400,0.000292
_10782_,VGND,li1,221.0300,59.8400,0.000291
_10781_,VGND,li1,247.4800,76.1600,0.000200
_10780_,VGND,li1,248.1700,65.2800,0.000356
_10779_,VGND,li1,282.2100,43.5200,0.000484
_10778_,VGND,li1,284.5100,43.5200,0.000476
_10777_,VGND,li1,278.0700,43.5200,0.000496
_10776_,VGND,li1,280.8300,43.5200,0.000490
_10775_,VGND,li1,270.7100,43.5200,0.000517
_10774_,VGND,li1,264.2700,43.5200,0.000525
_10773_,VGND,li1,264.2700,43.5200,0.000525
_10772_,VGND,li1,265.6500,43.5200,0.000525
_10771_,VGND,li1,267.2600,38.0800,0.000803
_10770_,VGND,li1,252.3100,43.5200,0.000528
_10769_,VGND,li1,248.1700,43.5200,0.000520
_10768_,VGND,li1,245.8700,48.9600,0.000330
_10767_,VGND,li1,247.7100,48.9600,0.000335
_10766_,VGND,li1,243.1100,48.9600,0.000321
_10765_,VGND,li1,236.6700,48.9600,0.000298
_10764_,VGND,li1,239.4300,48.9600,0.000309
_10763_,VGND,li1,233.9100,48.9600,0.000291
_10762_,VGND,li1,229.3100,48.9600,0.000276
_10761_,VGND,li1,231.3800,48.9600,0.000283
_10760_,VGND,li1,236.4400,32.6400,0.001311
_10759_,VGND,li1,246.1000,54.4000,0.000239
_10758_,VGND,li1,279.9100,21.7600,0.005451
_10757_,VGND,li1,281.7500,21.7600,0.005434
_10756_,VGND,li1,284.7400,16.3200,0.001210
_10755_,VGND,li1,282.4400,16.3200,0.001214
_10754_,VGND,li1,259.2100,16.3200,0.001246
_10753_,VGND,li1,253.6900,10.8800,0.000179
_10752_,VGND,li1,256.4500,10.8800,0.000177
_10751_,VGND,li1,266.3400,16.3200,0.001238
_10750_,VGND,li1,234.8300,21.7600,0.004839
_10749_,VGND,li1,231.1500,27.2000,0.004365
_10748_,VGND,li1,228.3900,27.2000,0.004377
_10747_,VGND,li1,230.2300,27.2000,0.004370
_10746_,VGND,li1,234.1400,27.2000,0.004360
_10745_,VGND,li1,247.7100,16.3200,0.001255
_10744_,VGND,li1,252.0800,21.7600,0.005202
_10743_,VGND,li1,245.4100,27.2000,0.004322
_10742_,VGND,li1,248.6300,27.2000,0.004316
_10741_,VGND,li1,280.3700,21.7600,0.005451
_10740_,VGND,li1,274.8500,21.7600,0.005507
_10739_,VGND,li1,278.9900,21.7600,0.005472
_10738_,VGND,li1,274.6200,16.3200,0.001225
_10737_,VGND,li1,272.0900,16.3200,0.001229
_10736_,VGND,li1,277.1500,16.3200,0.001221
_10735_,VGND,li1,243.1100,16.3200,0.001258
_10734_,VGND,li1,274.8500,70.7200,0.000193
_10733_,VGND,li1,291.6400,43.5200,0.000432
_10732_,VGND,li1,299.6900,38.0800,0.000655
_10731_,VGND,li1,300.6100,32.6400,0.000903
_10730_,VGND,li1,299.4600,48.9600,0.000305
_10729_,VGND,li1,349.3700,48.9600,0.000176
_10728_,VGND,li1,355.5800,54.4000,0.000236
_10727_,VGND,li1,349.1400,54.4000,0.000216
_10726_,VGND,li1,346.6100,48.9600,0.000171
_10725_,VGND,li1,347.5300,48.9600,0.000171
_10724_,VGND,li1,344.3100,48.9600,0.000164
_10723_,VGND,li1,339.0200,54.4000,0.000171
_10722_,VGND,li1,342.4700,54.4000,0.000188
_10721_,VGND,li1,318.3200,54.4000,0.000212
_10720_,VGND,li1,322.4600,54.4000,0.000184
_10719_,VGND,li1,322.4600,54.4000,0.000184
_10718_,VGND,li1,324.9900,54.4000,0.000168
_10717_,VGND,li1,317.8600,54.4000,0.000212
_10716_,VGND,li1,309.1200,54.4000,0.000241
_10715_,VGND,li1,311.4200,54.4000,0.000234
_10714_,VGND,li1,302.2200,76.1600,0.000203
_10713_,VGND,li1,306.3600,76.1600,0.000194
_10712_,VGND,li1,284.2800,76.1600,0.000220
_10711_,VGND,li1,281.9800,70.7200,0.000180
_10710_,VGND,li1,269.3300,76.1600,0.000223
_10709_,VGND,li1,270.0200,76.1600,0.000223
_10708_,VGND,li1,263.5800,76.1600,0.000219
_10707_,VGND,li1,261.2800,76.1600,0.000216
_10706_,VGND,li1,260.3600,92.4800,0.000108
_10705_,VGND,li1,259.2100,87.0400,0.000277
_10704_,VGND,li1,221.2600,92.4800,0.000108
_10703_,VGND,li1,222.4100,92.4800,0.000108
_10702_,VGND,li1,219.4200,97.9200,0.000096
_10701_,VGND,li1,217.1200,97.9200,0.000092
_10700_,VGND,li1,239.6600,97.9200,0.000112
_10699_,VGND,li1,216.6600,97.9200,0.000092
_10698_,VGND,li1,218.9600,97.9200,0.000096
_10697_,VGND,li1,214.8200,103.3600,0.000090
_10696_,VGND,li1,217.1200,103.3600,0.000092
_10695_,VGND,li1,235.9800,103.3600,0.000105
_10694_,VGND,li1,198.7200,108.8000,0.000332
_10693_,VGND,li1,203.5500,108.8000,0.000325
_10692_,VGND,li1,201.4800,103.3600,0.000078
_10691_,VGND,li1,196.6500,103.3600,0.000074
_10690_,VGND,li1,205.3900,108.8000,0.000323
_10689_,VGND,li1,209.9900,103.3600,0.000087
_10688_,VGND,li1,207.9200,103.3600,0.000085
_10687_,VGND,li1,202.6300,97.9200,0.000075
_10686_,VGND,li1,200.7900,103.3600,0.000078
_10685_,VGND,li1,212.7500,103.3600,0.000088
_10684_,VGND,li1,214.5900,92.4800,0.000103
_10683_,VGND,li1,212.7500,92.4800,0.000101
_10682_,VGND,li1,184.6900,92.4800,0.000061
_10681_,VGND,li1,182.3900,92.4800,0.000056
_10680_,VGND,li1,182.1600,87.0400,0.000090
_10679_,VGND,li1,223.7900,97.9200,0.000100
_10678_,VGND,li1,252.3100,76.1600,0.000207
_10677_,VGND,li1,246.3300,81.6000,0.000222
_10676_,VGND,li1,246.1000,81.6000,0.000222
_10675_,VGND,li1,244.0300,81.6000,0.000223
_10674_,VGND,li1,237.8200,81.6000,0.000226
_10673_,VGND,li1,235.5200,81.6000,0.000227
_10672_,VGND,li1,239.2000,87.0400,0.000311
_10671_,VGND,li1,241.5000,87.0400,0.000307
_10670_,VGND,li1,245.6400,87.0400,0.000301
_10669_,VGND,li1,235.9800,92.4800,0.000111
_10668_,VGND,li1,239.4300,87.0400,0.000311
_10667_,VGND,li1,232.7600,92.4800,0.000111
_10666_,VGND,li1,227.4700,87.0400,0.000302
_10665_,VGND,li1,159.3900,92.4800,0.000091
_10664_,VGND,li1,234.8300,87.0400,0.000319
_10663_,VGND,li1,232.5300,81.6000,0.000228
_10662_,VGND,li1,233.6800,81.6000,0.000227
_10661_,VGND,li1,223.7900,81.6000,0.000229
_10660_,VGND,li1,227.0100,76.1600,0.000166
_10659_,VGND,li1,238.5100,81.6000,0.000226
_10658_,VGND,li1,253.0000,81.6000,0.000217
_10657_,VGND,li1,277.6100,70.7200,0.000190
_10656_,VGND,li1,277.8400,70.7200,0.000190
_10655_,VGND,li1,275.0800,70.7200,0.000193
_10654_,VGND,li1,269.3300,70.7200,0.000201
_10653_,VGND,li1,272.3200,70.7200,0.000196
_10652_,VGND,li1,252.3100,65.2800,0.000359
_10651_,VGND,li1,249.5500,65.2800,0.000356
_10650_,VGND,li1,244.0300,65.2800,0.000352
_10649_,VGND,li1,244.2600,65.2800,0.000352
_10648_,VGND,li1,237.1300,65.2800,0.000345
_10647_,VGND,li1,235.7500,70.7200,0.000203
_10646_,VGND,li1,232.7600,70.7200,0.000199
_10645_,VGND,li1,224.9400,65.2800,0.000331
_10644_,VGND,li1,228.1600,65.2800,0.000335
_10643_,VGND,li1,245.4100,59.8400,0.000273
_10642_,VGND,li1,246.7900,54.4000,0.000239
_10641_,VGND,li1,248.8600,54.4000,0.000245
_10640_,VGND,li1,250.9300,54.4000,0.000248
_10639_,VGND,li1,264.9600,54.4000,0.000269
_10638_,VGND,li1,253.4600,54.4000,0.000253
_10637_,VGND,li1,253.4600,54.4000,0.000253
_10636_,VGND,li1,256.9100,54.4000,0.000256
_10635_,VGND,li1,261.9700,59.8400,0.000250
_10634_,VGND,li1,222.8700,59.8400,0.000290
_10633_,VGND,li1,255.5300,54.4000,0.000256
_10632_,VGND,li1,241.0400,59.8400,0.000278
_10631_,VGND,li1,239.8900,54.4000,0.000228
_10630_,VGND,li1,241.2700,48.9600,0.000315
_10629_,VGND,li1,236.6700,54.4000,0.000219
_10628_,VGND,li1,274.1600,65.2800,0.000319
_10627_,VGND,li1,303.8300,48.9600,0.000282
_10626_,VGND,li1,306.8200,48.9600,0.000262
_10625_,VGND,li1,298.3100,48.9600,0.000305
_10624_,VGND,li1,294.6300,43.5200,0.000407
_10623_,VGND,li1,292.3300,43.5200,0.000432
_10622_,VGND,li1,290.2600,38.0800,0.000699
_10621_,VGND,li1,293.0200,38.0800,0.000687
_10620_,VGND,li1,294.4000,43.5200,0.000407
_10619_,VGND,li1,297.6200,43.5200,0.000384
_10618_,VGND,li1,273.9300,38.0800,0.000776
_10617_,VGND,li1,270.7100,38.0800,0.000789
_10616_,VGND,li1,249.0900,38.0800,0.000869
_10615_,VGND,li1,251.3900,38.0800,0.000860
_10614_,VGND,li1,250.4700,32.6400,0.001350
_10613_,VGND,li1,241.2700,32.6400,0.001325
_10612_,VGND,li1,243.5700,32.6400,0.001331
_10611_,VGND,li1,239.2000,32.6400,0.001319
_10610_,VGND,li1,232.5300,32.6400,0.001299
_10609_,VGND,li1,233.9100,32.6400,0.001299
_10608_,VGND,li1,235.2900,27.2000,0.004353
_10607_,VGND,li1,269.3300,54.4000,0.000277
_10606_,VGND,li1,296.9300,38.0800,0.000668
_10605_,VGND,li1,294.6300,38.0800,0.000687
_10604_,VGND,li1,297.3900,32.6400,0.000931
_10603_,VGND,li1,290.4900,16.3200,0.001198
_10602_,VGND,li1,285.6600,21.7600,0.005409
_10601_,VGND,li1,288.4200,16.3200,0.001202
_10600_,VGND,li1,284.0500,16.3200,0.001210
_10599_,VGND,li1,286.8100,16.3200,0.001206
_10598_,VGND,li1,294.8600,10.8800,0.000147
_10597_,VGND,li1,272.0900,16.3200,0.001229
_10596_,VGND,li1,269.3300,10.8800,0.000169
_10595_,VGND,li1,268.8700,16.3200,0.001234
_10594_,VGND,li1,267.2600,10.8800,0.000170
_10593_,VGND,li1,264.2700,16.3200,0.001240
_10592_,VGND,li1,249.5500,10.8800,0.000181
_10591_,VGND,li1,293.0200,70.7200,0.000158
_10590_,VGND,li1,308.2000,43.5200,0.000301
_10589_,VGND,li1,357.8800,54.4000,0.000242
_10588_,VGND,li1,359.0300,54.4000,0.000242
_10587_,VGND,li1,353.9700,54.4000,0.000230
_10586_,VGND,li1,349.1400,54.4000,0.000216
_10585_,VGND,li1,351.9000,54.4000,0.000224
_10584_,VGND,li1,347.5300,65.2800,0.000103
_10583_,VGND,li1,345.2300,54.4000,0.000201
_10582_,VGND,li1,342.2400,59.8400,0.000096
_10581_,VGND,li1,338.5600,59.8400,0.000091
_10580_,VGND,li1,336.7200,59.8400,0.000087
_10579_,VGND,li1,335.5700,65.2800,0.000089
_10578_,VGND,li1,318.0900,59.8400,0.000129
_10577_,VGND,li1,321.7700,59.8400,0.000116
_10576_,VGND,li1,317.6300,59.8400,0.000129
_10575_,VGND,li1,310.5000,70.7200,0.000114
_10574_,VGND,li1,315.7900,59.8400,0.000138
_10573_,VGND,li1,312.3400,76.1600,0.000177
_10572_,VGND,li1,303.1400,76.1600,0.000200
_10571_,VGND,li1,303.8300,70.7200,0.000135
_10570_,VGND,li1,299.0000,76.1600,0.000208
_10569_,VGND,li1,299.0000,76.1600,0.000208
_10568_,VGND,li1,294.8600,76.1600,0.000211
_10567_,VGND,li1,274.1600,81.6000,0.000196
_10566_,VGND,li1,269.7900,81.6000,0.000203
_10565_,VGND,li1,271.8600,87.0400,0.000250
_10564_,VGND,li1,268.8700,87.0400,0.000260
_10563_,VGND,li1,271.6300,92.4800,0.000102
_10562_,VGND,li1,253.0000,92.4800,0.000111
_10561_,VGND,li1,255.9900,92.4800,0.000110
_10560_,VGND,li1,254.8400,97.9200,0.000118
_10559_,VGND,li1,256.6800,97.9200,0.000119
_10558_,VGND,li1,255.9900,92.4800,0.000110
_10557_,VGND,li1,260.3600,97.9200,0.000120
_10556_,VGND,li1,242.8800,97.9200,0.000113
_10555_,VGND,li1,239.2000,92.4800,0.000111
_10554_,VGND,li1,239.2000,97.9200,0.000112
_10553_,VGND,li1,241.5000,97.9200,0.000113
_10552_,VGND,li1,247.0200,103.3600,0.000111
_10551_,VGND,li1,234.1400,97.9200,0.000109
_10550_,VGND,li1,238.9700,103.3600,0.000107
_10549_,VGND,li1,232.3000,103.3600,0.000102
_10548_,VGND,li1,228.3900,103.3600,0.000100
_10547_,VGND,li1,235.2900,103.3600,0.000104
_10546_,VGND,li1,229.7700,97.9200,0.000105
_10545_,VGND,li1,229.5400,97.9200,0.000105
_10544_,VGND,li1,226.5500,97.9200,0.000103
_10543_,VGND,li1,222.8700,97.9200,0.000098
_10542_,VGND,li1,232.0700,97.9200,0.000107
_10541_,VGND,li1,250.4700,92.4800,0.000111
_10540_,VGND,li1,243.3400,92.4800,0.000111
_10539_,VGND,li1,248.1700,92.4800,0.000111
_10538_,VGND,li1,273.0100,76.1600,0.000223
_10537_,VGND,li1,276.4600,81.6000,0.000194
_10536_,VGND,li1,272.3200,81.6000,0.000201
_10535_,VGND,li1,255.9900,76.1600,0.000212
_10534_,VGND,li1,257.3700,81.6000,0.000215
_10533_,VGND,li1,255.7600,81.6000,0.000215
_10532_,VGND,li1,253.6900,81.6000,0.000217
_10531_,VGND,li1,262.4300,81.6000,0.000210
_10530_,VGND,li1,249.3200,81.6000,0.000220
_10529_,VGND,li1,252.7700,87.0400,0.000290
_10528_,VGND,li1,249.3200,87.0400,0.000296
_10527_,VGND,li1,245.8700,87.0400,0.000301
_10526_,VGND,li1,251.3900,81.6000,0.000218
_10525_,VGND,li1,242.6500,76.1600,0.000193
_10524_,VGND,li1,235.7500,76.1600,0.000180
_10523_,VGND,li1,240.5800,76.1600,0.000190
_10522_,VGND,li1,298.3100,70.7200,0.000147
_10521_,VGND,li1,293.4800,70.7200,0.000158
_10520_,VGND,li1,295.7800,70.7200,0.000152
_10519_,VGND,li1,290.0300,70.7200,0.000167
_10518_,VGND,li1,277.1500,65.2800,0.000305
_10517_,VGND,li1,280.1400,65.2800,0.000297
_10516_,VGND,li1,273.0100,65.2800,0.000319
_10515_,VGND,li1,274.3900,59.8400,0.000226
_10514_,VGND,li1,280.1400,59.8400,0.000214
_10513_,VGND,li1,241.2700,65.2800,0.000350
_10512_,VGND,li1,232.5300,59.8400,0.000286
_10511_,VGND,li1,229.3100,59.8400,0.000288
_10510_,VGND,li1,238.2800,59.8400,0.000280
_10509_,VGND,li1,272.5500,54.4000,0.000282
_10508_,VGND,li1,271.4000,48.9600,0.000381
_10507_,VGND,li1,269.1000,54.4000,0.000277
_10506_,VGND,li1,273.9300,48.9600,0.000381
_10505_,VGND,li1,286.5800,54.4000,0.000280
_10504_,VGND,li1,268.1800,59.8400,0.000238
_10503_,VGND,li1,266.1100,59.8400,0.000242
_10502_,VGND,li1,264.9600,54.4000,0.000269
_10501_,VGND,li1,261.0500,54.4000,0.000265
_10500_,VGND,li1,267.0300,54.4000,0.000274
_10499_,VGND,li1,277.1500,54.4000,0.000288
_10498_,VGND,li1,291.8700,59.8400,0.000192
_10497_,VGND,li1,323.1500,48.9600,0.000170
_10496_,VGND,li1,320.3900,48.9600,0.000187
_10495_,VGND,li1,317.6300,48.9600,0.000203
_10494_,VGND,li1,313.9500,54.4000,0.000228
_10493_,VGND,li1,316.2500,48.9600,0.000213
_10492_,VGND,li1,310.7300,48.9600,0.000241
_10491_,VGND,li1,311.6500,43.5200,0.000281
_10490_,VGND,li1,312.1100,43.5200,0.000281
_10489_,VGND,li1,297.3900,43.5200,0.000384
_10488_,VGND,li1,279.4500,38.0800,0.000753
_10487_,VGND,li1,271.1700,38.0800,0.000789
_10486_,VGND,li1,273.0100,38.0800,0.000776
_10485_,VGND,li1,274.8500,38.0800,0.000768
_10484_,VGND,li1,257.8300,38.0800,0.000836
_10483_,VGND,li1,256.4500,32.6400,0.001365
_10482_,VGND,li1,255.3000,32.6400,0.001365
_10481_,VGND,li1,252.3100,32.6400,0.001357
_10480_,VGND,li1,248.1700,32.6400,0.001343
_10479_,VGND,li1,313.9500,43.5200,0.000256
_10478_,VGND,li1,308.8900,43.5200,0.000301
_10477_,VGND,li1,310.7300,43.5200,0.000281
_10476_,VGND,li1,299.2300,16.3200,0.001182
_10475_,VGND,li1,298.3100,16.3200,0.001182
_10474_,VGND,li1,297.3900,10.8800,0.000145
_10473_,VGND,li1,296.2400,16.3200,0.001188
_10472_,VGND,li1,291.4100,16.3200,0.001198
_10471_,VGND,li1,330.2800,59.8400,0.000081
_10470_,VGND,li1,356.2700,59.8400,0.000118
_10469_,VGND,li1,353.0500,76.1600,0.000149
_10468_,VGND,li1,354.8900,70.7200,0.000086
_10467_,VGND,li1,348.2200,76.1600,0.000139
_10466_,VGND,li1,349.3700,70.7200,0.000081
_10465_,VGND,li1,346.3800,70.7200,0.000079
_10464_,VGND,li1,350.2900,59.8400,0.000115
_10463_,VGND,li1,343.1600,70.7200,0.000075
_10462_,VGND,li1,350.2900,65.2800,0.000104
_10461_,VGND,li1,348.4500,65.2800,0.000103
_10460_,VGND,li1,344.7700,70.7200,0.000075
_10459_,VGND,li1,346.6100,65.2800,0.000102
_10458_,VGND,li1,339.9400,70.7200,0.000070
_10457_,VGND,li1,346.6100,59.8400,0.000109
_10456_,VGND,li1,336.7200,65.2800,0.000089
_10455_,VGND,li1,340.4000,65.2800,0.000097
_10454_,VGND,li1,336.7200,70.7200,0.000065
_10453_,VGND,li1,330.2800,76.1600,0.000101
_10452_,VGND,li1,335.1100,48.9600,0.000120
_10451_,VGND,li1,335.3400,48.9600,0.000120
_10450_,VGND,li1,327.7500,76.1600,0.000117
_10449_,VGND,li1,322.0000,76.1600,0.000140
_10448_,VGND,li1,333.0400,65.2800,0.000083
_10447_,VGND,li1,333.9600,65.2800,0.000083
_10446_,VGND,li1,338.3300,65.2800,0.000094
_10445_,VGND,li1,317.6300,76.1600,0.000162
_10444_,VGND,li1,320.8500,76.1600,0.000151
_10443_,VGND,li1,319.7000,81.6000,0.000098
_10442_,VGND,li1,316.4800,81.6000,0.000108
_10441_,VGND,li1,328.6700,65.2800,0.000094
_10440_,VGND,li1,325.4500,65.2800,0.000104
_10439_,VGND,li1,314.1800,81.6000,0.000115
_10438_,VGND,li1,305.4400,81.6000,0.000135
_10437_,VGND,li1,313.2600,92.4800,0.000060
_10436_,VGND,li1,313.0300,76.1600,0.000177
_10435_,VGND,li1,310.0400,76.1600,0.000184
_10434_,VGND,li1,309.5800,76.1600,0.000189
_10433_,VGND,li1,311.4200,81.6000,0.000121
_10432_,VGND,li1,307.2800,81.6000,0.000130
_10431_,VGND,li1,307.7400,81.6000,0.000130
_10430_,VGND,li1,306.8200,92.4800,0.000069
_10429_,VGND,li1,305.2100,87.0400,0.000162
_10428_,VGND,li1,303.8300,87.0400,0.000162
_10427_,VGND,li1,303.6000,92.4800,0.000073
_10426_,VGND,li1,294.4000,92.4800,0.000082
_10425_,VGND,li1,293.0200,81.6000,0.000164
_10424_,VGND,li1,296.0100,81.6000,0.000159
_10423_,VGND,li1,295.3200,81.6000,0.000159
_10422_,VGND,li1,287.9600,87.0400,0.000212
_10421_,VGND,li1,298.7700,81.6000,0.000151
_10420_,VGND,li1,290.9500,87.0400,0.000199
_10419_,VGND,li1,291.1800,92.4800,0.000085
_10418_,VGND,li1,292.1000,92.4800,0.000085
_10417_,VGND,li1,290.7200,97.9200,0.000115
_10416_,VGND,li1,288.6500,87.0400,0.000205
_10415_,VGND,li1,293.0200,97.9200,0.000114
_10414_,VGND,li1,287.0400,97.9200,0.000116
_10413_,VGND,li1,275.7700,92.4800,0.000099
_10412_,VGND,li1,274.3900,87.0400,0.000243
_10411_,VGND,li1,271.4000,97.9200,0.000120
_10410_,VGND,li1,273.7000,97.9200,0.000120
_10409_,VGND,li1,272.0900,92.4800,0.000102
_10408_,VGND,li1,281.0600,97.9200,0.000118
_10407_,VGND,li1,284.9700,97.9200,0.000117
_10406_,VGND,li1,278.3000,103.3600,0.000120
_10405_,VGND,li1,290.9500,97.9200,0.000115
_10404_,VGND,li1,278.5300,97.9200,0.000119
_10403_,VGND,li1,271.8600,103.3600,0.000120
_10402_,VGND,li1,282.2100,103.3600,0.000120
_10401_,VGND,li1,261.2800,97.9200,0.000120
_10400_,VGND,li1,262.2000,103.3600,0.000117
_10399_,VGND,li1,263.5800,97.9200,0.000120
_10398_,VGND,li1,260.3600,103.3600,0.000116
_10397_,VGND,li1,270.0200,97.9200,0.000120
_10396_,VGND,li1,276.4600,103.3600,0.000120
_10395_,VGND,li1,273.4700,97.9200,0.000120
_10394_,VGND,li1,274.3900,103.3600,0.000120
_10393_,VGND,li1,267.0300,97.9200,0.000120
_10392_,VGND,li1,248.8600,103.3600,0.000112
_10391_,VGND,li1,251.6200,103.3600,0.000114
_10390_,VGND,li1,250.4700,103.3600,0.000112
_10389_,VGND,li1,244.0300,103.3600,0.000110
_10388_,VGND,li1,253.2300,103.3600,0.000114
_10387_,VGND,li1,252.7700,97.9200,0.000118
_10386_,VGND,li1,256.6800,97.9200,0.000119
_10385_,VGND,li1,248.1700,97.9200,0.000116
_10384_,VGND,li1,292.7900,81.6000,0.000164
_10383_,VGND,li1,288.1900,81.6000,0.000173
_10382_,VGND,li1,290.4900,81.6000,0.000168
_10381_,VGND,li1,301.9900,87.0400,0.000169
_10380_,VGND,li1,296.4700,87.0400,0.000188
_10379_,VGND,li1,282.6700,81.6000,0.000183
_10378_,VGND,li1,279.9100,81.6000,0.000187
_10377_,VGND,li1,278.0700,81.6000,0.000190
_10376_,VGND,li1,274.8500,81.6000,0.000196
_10375_,VGND,li1,281.2900,87.0400,0.000225
_10374_,VGND,li1,284.2800,87.0400,0.000217
_10373_,VGND,li1,281.2900,87.0400,0.000225
_10372_,VGND,li1,298.7700,87.0400,0.000177
_10371_,VGND,li1,284.5100,87.0400,0.000217
_10370_,VGND,li1,269.3300,87.0400,0.000255
_10369_,VGND,li1,265.4200,81.6000,0.000206
_10368_,VGND,li1,265.1900,87.0400,0.000264
_10367_,VGND,li1,261.5100,87.0400,0.000272
_10366_,VGND,li1,271.6300,87.0400,0.000250
_10365_,VGND,li1,284.9700,81.6000,0.000178
_10364_,VGND,li1,312.1100,65.2800,0.000166
_10363_,VGND,li1,309.1200,65.2800,0.000178
_10362_,VGND,li1,311.8800,65.2800,0.000166
_10361_,VGND,li1,306.3600,65.2800,0.000189
_10360_,VGND,li1,295.0900,65.2800,0.000240
_10359_,VGND,li1,287.2700,65.2800,0.000266
_10358_,VGND,li1,288.6500,65.2800,0.000266
_10357_,VGND,li1,282.9000,65.2800,0.000283
_10356_,VGND,li1,265.1900,65.2800,0.000346
_10355_,VGND,li1,270.2500,65.2800,0.000329
_10354_,VGND,li1,295.0900,54.4000,0.000268
_10353_,VGND,li1,294.6300,59.8400,0.000185
_10352_,VGND,li1,297.3900,54.4000,0.000264
_10351_,VGND,li1,294.6300,54.4000,0.000268
_10350_,VGND,li1,291.1800,54.4000,0.000273
_10349_,VGND,li1,287.2700,48.9600,0.000358
_10348_,VGND,li1,290.0300,48.9600,0.000348
_10347_,VGND,li1,332.8100,59.8400,0.000073
_10346_,VGND,li1,332.8100,54.4000,0.000126
_10345_,VGND,li1,336.0300,54.4000,0.000153
_10344_,VGND,li1,333.0400,48.9600,0.000112
_10343_,VGND,li1,333.2700,43.5200,0.000101
_10342_,VGND,li1,329.5900,54.4000,0.000138
_10341_,VGND,li1,334.6500,54.4000,0.000141
_10340_,VGND,li1,325.4500,43.5200,0.000172
_10339_,VGND,li1,323.6100,48.9600,0.000170
_10338_,VGND,li1,322.2300,43.5200,0.000198
_10337_,VGND,li1,320.8500,43.5200,0.000198
_10336_,VGND,li1,332.8100,43.5200,0.000101
_10335_,VGND,li1,332.8100,38.0800,0.000253
_10334_,VGND,li1,329.3600,32.6400,0.000287
_10333_,VGND,li1,319.4700,43.5200,0.000213
_10332_,VGND,li1,321.7700,38.0800,0.000419
_10331_,VGND,li1,319.9300,38.0800,0.000462
_10330_,VGND,li1,331.6600,32.6400,0.000242
_10329_,VGND,li1,324.9900,32.6400,0.000383
_10328_,VGND,li1,316.7100,38.0800,0.000487
_10327_,VGND,li1,313.0300,38.0800,0.000536
_10326_,VGND,li1,317.6300,32.6400,0.000557
_10325_,VGND,li1,322.9200,32.6400,0.000427
_10324_,VGND,li1,319.9300,32.6400,0.000490
_10323_,VGND,li1,326.8300,32.6400,0.000343
_10322_,VGND,li1,316.7100,32.6400,0.000557
_10321_,VGND,li1,272.5500,32.6400,0.001263
_10320_,VGND,li1,274.6200,32.6400,0.001239
_10319_,VGND,li1,278.7600,32.6400,0.001198
_10318_,VGND,li1,274.1600,27.2000,0.004036
_10317_,VGND,li1,278.0700,32.6400,0.001198
_10316_,VGND,li1,325.4500,48.9600,0.000156
_10315_,VGND,li1,319.0100,43.5200,0.000213
_10314_,VGND,li1,328.6700,43.5200,0.000144
_10313_,VGND,li1,324.0700,43.5200,0.000172
_10312_,VGND,li1,324.5300,65.2800,0.000115
_10311_,VGND,li1,309.3500,59.8400,0.000150
_10310_,VGND,li1,307.9700,65.2800,0.000189
_10309_,VGND,li1,307.5100,59.8400,0.000154
_10308_,VGND,li1,303.3700,65.2800,0.000202
_10307_,VGND,li1,300.8400,65.2800,0.000212
_10306_,VGND,li1,291.4100,65.2800,0.000250
_10305_,VGND,li1,287.0400,59.8400,0.000201
_10304_,VGND,li1,284.0500,59.8400,0.000206
_10303_,VGND,li1,284.9700,65.2800,0.000276
_10302_,VGND,li1,290.4900,65.2800,0.000259
_10301_,VGND,li1,301.9900,59.8400,0.000167
_10300_,VGND,li1,292.7900,54.4000,0.000273
_10299_,VGND,li1,288.1900,54.4000,0.000280
_10298_,VGND,li1,299.4600,59.8400,0.000172
_10297_,VGND,li1,355.3500,76.1600,0.000154
_10296_,VGND,li1,358.5700,76.1600,0.000157
_10295_,VGND,li1,349.1400,76.1600,0.000139
_10294_,VGND,li1,345.9200,81.6000,0.000073
_10293_,VGND,li1,347.7600,81.6000,0.000076
_10292_,VGND,li1,344.3100,76.1600,0.000128
_10291_,VGND,li1,342.0100,76.1600,0.000120
_10290_,VGND,li1,341.5500,70.7200,0.000070
_10289_,VGND,li1,339.7100,43.5200,0.000112
_10288_,VGND,li1,339.2500,43.5200,0.000112
_10287_,VGND,li1,341.5500,43.5200,0.000114
_10286_,VGND,li1,336.9500,32.6400,0.000254
_10285_,VGND,li1,337.6400,32.6400,0.000254
_10284_,VGND,li1,334.6500,32.6400,0.000249
_10283_,VGND,li1,334.6500,32.6400,0.000249
_10282_,VGND,li1,334.1900,27.2000,0.000763
_10281_,VGND,li1,331.4300,32.6400,0.000242
_10280_,VGND,li1,334.1900,76.1600,0.000096
_10279_,VGND,li1,336.9500,76.1600,0.000105
_10278_,VGND,li1,330.9700,76.1600,0.000101
_10277_,VGND,li1,327.2900,81.6000,0.000068
_10276_,VGND,li1,323.6100,70.7200,0.000074
_10275_,VGND,li1,323.1500,65.2800,0.000115
_10274_,VGND,li1,317.1700,65.2800,0.000146
_10273_,VGND,li1,289.1100,59.8400,0.000196
_10272_,VGND,li1,319.9300,65.2800,0.000136
_10271_,VGND,li1,299.2300,65.2800,0.000225
_10270_,VGND,li1,321.3100,65.2800,0.000124
_10269_,VGND,li1,324.5300,87.0400,0.000102
_10268_,VGND,li1,329.1300,81.6000,0.000061
_10267_,VGND,li1,323.3800,87.0400,0.000102
_10266_,VGND,li1,316.2500,87.0400,0.000130
_10265_,VGND,li1,312.5700,87.0400,0.000137
_10264_,VGND,li1,308.8900,87.0400,0.000148
_10263_,VGND,li1,312.3400,87.0400,0.000142
_10262_,VGND,li1,311.6500,92.4800,0.000063
_10261_,VGND,li1,312.1100,97.9200,0.000100
_10260_,VGND,li1,303.8300,92.4800,0.000073
_10259_,VGND,li1,300.6100,92.4800,0.000076
_10258_,VGND,li1,306.1300,92.4800,0.000069
_10257_,VGND,li1,296.9300,97.9200,0.000112
_10256_,VGND,li1,293.7100,103.3600,0.000119
_10255_,VGND,li1,290.9500,103.3600,0.000119
_10254_,VGND,li1,288.8800,97.9200,0.000116
_10253_,VGND,li1,281.7500,97.9200,0.000118
_10252_,VGND,li1,285.4300,103.3600,0.000120
_10251_,VGND,li1,288.1900,103.3600,0.000120
_10250_,VGND,li1,354.8900,81.6000,0.000083
_10249_,VGND,li1,351.6700,81.6000,0.000081
_10248_,VGND,li1,357.6500,76.1600,0.000157
_10247_,VGND,li1,349.8300,81.6000,0.000078
_10246_,VGND,li1,344.3100,76.1600,0.000128
_10245_,VGND,li1,344.0800,81.6000,0.000070
_10244_,VGND,li1,342.0100,81.6000,0.000067
_10243_,VGND,li1,336.4900,43.5200,0.000108
_10242_,VGND,li1,339.7100,48.9600,0.000145
_10241_,VGND,li1,336.9500,43.5200,0.000108
_10240_,VGND,li1,339.2500,81.6000,0.000063
_10239_,VGND,li1,336.0300,81.6000,0.000055
_10238_,VGND,li1,336.7200,87.0400,0.000077
_10237_,VGND,li1,333.7300,76.1600,0.000090
_10236_,VGND,li1,326.1400,70.7200,0.000067
_10235_,VGND,li1,324.9900,76.1600,0.000127
_10234_,VGND,li1,306.5900,65.2800,0.000189
_10233_,VGND,li1,304.2900,59.8400,0.000161
_10232_,VGND,li1,319.4700,70.7200,0.000087
_10231_,VGND,li1,334.6500,92.4800,0.000026
_10230_,VGND,li1,321.5400,87.0400,0.000108
_10229_,VGND,li1,325.4500,87.0400,0.000095
_10228_,VGND,li1,323.1500,92.4800,0.000042
_10227_,VGND,li1,320.8500,92.4800,0.000047
_10226_,VGND,li1,314.8700,92.4800,0.000060
_10225_,VGND,li1,308.8900,92.4800,0.000066
_10224_,VGND,li1,313.9500,97.9200,0.000099
_10223_,VGND,li1,302.9100,97.9200,0.000108
_10222_,VGND,li1,293.7100,97.9200,0.000114
_10221_,VGND,li1,295.3200,97.9200,0.000112
_10220_,VGND,li1,343.3900,87.0400,0.000081
_10219_,VGND,li1,338.5600,87.0400,0.000078
_10218_,VGND,li1,339.2500,87.0400,0.000078
_10217_,VGND,li1,337.8700,81.6000,0.000058
_10216_,VGND,li1,333.9600,87.0400,0.000075
_10215_,VGND,li1,331.6600,87.0400,0.000073
_10214_,VGND,li1,318.5500,65.2800,0.000136
_10213_,VGND,li1,324.5300,92.4800,0.000042
_10212_,VGND,li1,333.2700,92.4800,0.000025
_10211_,VGND,li1,326.3700,92.4800,0.000036
_10210_,VGND,li1,362.2500,342.7200,0.000163
_10209_,VGND,li1,128.1100,386.2400,0.001265
_10208_,VGND,li1,122.1300,380.8000,0.002519
_10207_,VGND,li1,83.9500,375.3600,0.001776
_10206_,VGND,li1,78.8900,375.3600,0.001687
_10205_,VGND,li1,72.9100,375.3600,0.001559
_10204_,VGND,li1,69.2300,375.3600,0.001466
_10203_,VGND,li1,65.0900,375.3600,0.001357
_10202_,VGND,li1,67.8500,375.3600,0.001412
_10201_,VGND,li1,71.3000,364.4800,0.000945
_10200_,VGND,li1,60.7200,348.1600,0.000121
_10199_,VGND,li1,69.0000,364.4800,0.000915
_10198_,VGND,li1,60.4900,364.4800,0.000800
_10197_,VGND,li1,59.1100,359.0400,0.000213
_10196_,VGND,li1,51.7500,353.6000,0.000166
_10195_,VGND,li1,47.1500,342.7200,0.000142
_10194_,VGND,li1,46.6900,331.8400,0.000099
_10193_,VGND,li1,73.6000,353.6000,0.000227
_10192_,VGND,li1,43.9300,342.7200,0.000128
_10191_,VGND,li1,49.6800,331.8400,0.000105
_10190_,VGND,li1,58.1900,353.6000,0.000189
_10189_,VGND,li1,54.9700,353.6000,0.000182
_10188_,VGND,li1,67.8500,353.6000,0.000219
_10187_,VGND,li1,81.4200,353.6000,0.000243
_10186_,VGND,li1,52.6700,320.9600,0.000107
_10185_,VGND,li1,47.1500,315.5200,0.000135
_10184_,VGND,li1,48.9900,315.5200,0.000144
_10183_,VGND,li1,59.5700,320.9600,0.000125
_10182_,VGND,li1,57.9600,342.7200,0.000180
_10181_,VGND,li1,66.7000,364.4800,0.000889
_10180_,VGND,li1,80.9600,369.9200,0.001667
_10179_,VGND,li1,123.7400,375.3600,0.002092
_10178_,VGND,li1,138.2300,380.8000,0.002588
_10177_,VGND,li1,141.2200,380.8000,0.002576
_10176_,VGND,li1,140.0700,380.8000,0.002576
_10175_,VGND,li1,139.6100,386.2400,0.001242
_10174_,VGND,li1,132.7100,380.8000,0.002624
_10173_,VGND,li1,136.6200,375.3600,0.002076
_10172_,VGND,li1,139.1500,375.3600,0.002058
_10171_,VGND,li1,137.5400,369.9200,0.002126
_10170_,VGND,li1,125.8100,380.8000,0.002579
_10169_,VGND,li1,125.8100,375.3600,0.002096
_10168_,VGND,li1,122.5900,369.9200,0.002143
_10167_,VGND,li1,119.8300,375.3600,0.002072
_10166_,VGND,li1,125.5800,369.9200,0.002167
_10165_,VGND,li1,83.4900,369.9200,0.001715
_10164_,VGND,li1,86.7100,369.9200,0.001779
_10163_,VGND,li1,86.9400,375.3600,0.001794
_10162_,VGND,li1,89.0100,375.3600,0.001819
_10161_,VGND,li1,99.3600,364.4800,0.001199
_10160_,VGND,li1,79.3500,369.9200,0.001667
_10159_,VGND,li1,84.6400,369.9200,0.001753
_10158_,VGND,li1,101.6600,364.4800,0.001213
_10157_,VGND,li1,71.9900,364.4800,0.000945
_10156_,VGND,li1,68.7700,369.9200,0.001386
_10155_,VGND,li1,65.5500,369.9200,0.001321
_10154_,VGND,li1,71.7600,369.9200,0.001438
_10153_,VGND,li1,68.7700,364.4800,0.000915
_10152_,VGND,li1,74.0600,364.4800,0.000971
_10151_,VGND,li1,71.9900,359.0400,0.000259
_10150_,VGND,li1,76.1300,359.0400,0.000272
_10149_,VGND,li1,78.2000,359.0400,0.000279
_10148_,VGND,li1,76.1300,353.6000,0.000235
_10147_,VGND,li1,84.6400,353.6000,0.000250
_10146_,VGND,li1,72.9100,353.6000,0.000227
_10145_,VGND,li1,75.6700,353.6000,0.000235
_10144_,VGND,li1,80.2700,353.6000,0.000243
_10143_,VGND,li1,82.1100,359.0400,0.000288
_10142_,VGND,li1,86.2500,359.0400,0.000302
_10141_,VGND,li1,79.1200,348.1600,0.000146
_10140_,VGND,li1,86.0200,380.8000,0.001666
_10139_,VGND,li1,88.7800,386.2400,0.000812
_10138_,VGND,li1,71.9900,342.7200,0.000218
_10137_,VGND,li1,95.6800,369.9200,0.001884
_10136_,VGND,li1,63.7100,364.4800,0.000848
_10135_,VGND,li1,63.7100,359.0400,0.000225
_10134_,VGND,li1,65.0900,359.0400,0.000236
_10133_,VGND,li1,67.6200,342.7200,0.000212
_10132_,VGND,li1,60.4900,353.6000,0.000202
_10131_,VGND,li1,59.1100,348.1600,0.000121
_10130_,VGND,li1,60.4900,342.7200,0.000187
_10129_,VGND,li1,54.9700,342.7200,0.000172
_10128_,VGND,li1,53.1300,342.7200,0.000165
_10127_,VGND,li1,55.8900,342.7200,0.000172
_10126_,VGND,li1,75.2100,331.8400,0.000148
_10125_,VGND,li1,73.3700,337.2800,0.000210
_10124_,VGND,li1,74.2900,331.8400,0.000148
_10123_,VGND,li1,80.2700,331.8400,0.000152
_10122_,VGND,li1,59.3400,331.8400,0.000128
_10121_,VGND,li1,62.7900,342.7200,0.000194
_10120_,VGND,li1,59.1100,337.2800,0.000167
_10119_,VGND,li1,58.8800,331.8400,0.000124
_10118_,VGND,li1,57.5000,326.4000,0.000070
_10117_,VGND,li1,46.6900,331.8400,0.000099
_10116_,VGND,li1,51.7500,331.8400,0.000111
_10115_,VGND,li1,43.9300,331.8400,0.000086
_10114_,VGND,li1,48.9900,331.8400,0.000105
_10113_,VGND,li1,46.2300,326.4000,0.000054
_10112_,VGND,li1,48.9900,326.4000,0.000058
_10111_,VGND,li1,46.2300,310.0800,0.000051
_10110_,VGND,li1,41.6300,331.8400,0.000079
_10109_,VGND,li1,49.2200,320.9600,0.000102
_10108_,VGND,li1,43.4700,320.9600,0.000086
_10107_,VGND,li1,42.5500,315.5200,0.000117
_10106_,VGND,li1,144.2100,380.8000,0.002475
_10105_,VGND,li1,200.7900,380.8000,0.003131
_10104_,VGND,li1,145.1300,375.3600,0.001968
_10103_,VGND,li1,144.6700,375.3600,0.002006
_10102_,VGND,li1,143.7500,375.3600,0.002006
_10101_,VGND,li1,166.9800,375.3600,0.001355
_10100_,VGND,li1,140.5300,369.9200,0.002090
_10099_,VGND,li1,143.5200,369.9200,0.002037
_10098_,VGND,li1,138.6900,369.9200,0.002126
_10097_,VGND,li1,138.2300,375.3600,0.002058
_10096_,VGND,li1,152.7200,375.3600,0.001791
_10095_,VGND,li1,129.4900,369.9200,0.002168
_10094_,VGND,li1,125.3500,369.9200,0.002160
_10093_,VGND,li1,128.1100,369.9200,0.002169
_10092_,VGND,li1,131.1000,364.4800,0.001245
_10091_,VGND,li1,104.1900,364.4800,0.001224
_10090_,VGND,li1,101.4300,369.9200,0.001946
_10089_,VGND,li1,98.2100,369.9200,0.001912
_10088_,VGND,li1,98.6700,369.9200,0.001912
_10087_,VGND,li1,93.1500,369.9200,0.001855
_10086_,VGND,li1,91.7700,364.4800,0.001132
_10085_,VGND,li1,94.5300,364.4800,0.001155
_10084_,VGND,li1,116.3800,359.0400,0.000375
_10083_,VGND,li1,89.9300,364.4800,0.001116
_10082_,VGND,li1,89.9300,359.0400,0.000308
_10081_,VGND,li1,90.8500,359.0400,0.000316
_10080_,VGND,li1,91.7700,353.6000,0.000258
_10079_,VGND,li1,93.8400,353.6000,0.000263
_10078_,VGND,li1,88.5500,353.6000,0.000256
_10077_,VGND,li1,84.8700,353.6000,0.000250
_10076_,VGND,li1,82.5700,353.6000,0.000246
_10075_,VGND,li1,85.5600,348.1600,0.000149
_10074_,VGND,li1,84.4100,359.0400,0.000293
_10073_,VGND,li1,110.4000,353.6000,0.000260
_10072_,VGND,li1,92.2300,375.3600,0.001835
_10071_,VGND,li1,91.7700,375.3600,0.001835
_10070_,VGND,li1,93.6100,375.3600,0.001858
_10069_,VGND,li1,89.0100,380.8000,0.001720
_10068_,VGND,li1,89.2400,380.8000,0.001764
_10067_,VGND,li1,93.8400,380.8000,0.001872
_10066_,VGND,li1,91.7700,380.8000,0.001813
_10065_,VGND,li1,91.3100,386.2400,0.000859
_10064_,VGND,li1,91.3100,380.8000,0.001813
_10063_,VGND,li1,98.2100,380.8000,0.001975
_10062_,VGND,li1,99.8200,342.7200,0.000230
_10061_,VGND,li1,112.7000,364.4800,0.001238
_10060_,VGND,li1,99.5900,364.4800,0.001199
_10059_,VGND,li1,101.2000,359.0400,0.000341
_10058_,VGND,li1,103.9600,353.6000,0.000269
_10057_,VGND,li1,70.6100,348.1600,0.000142
_10056_,VGND,li1,74.7500,342.7200,0.000221
_10055_,VGND,li1,75.4400,342.7200,0.000221
_10054_,VGND,li1,73.1400,342.7200,0.000218
_10053_,VGND,li1,68.7700,342.7200,0.000212
_10052_,VGND,li1,71.0700,342.7200,0.000215
_10051_,VGND,li1,66.0100,342.7200,0.000207
_10050_,VGND,li1,64.1700,342.7200,0.000200
_10049_,VGND,li1,64.6300,337.2800,0.000182
_10048_,VGND,li1,67.3900,337.2800,0.000192
_10047_,VGND,li1,91.5400,331.8400,0.000156
_10046_,VGND,li1,68.3100,331.8400,0.000143
_10045_,VGND,li1,86.9400,331.8400,0.000155
_10044_,VGND,li1,72.4500,331.8400,0.000147
_10043_,VGND,li1,77.5100,331.8400,0.000150
_10042_,VGND,li1,80.7300,331.8400,0.000152
_10041_,VGND,li1,84.4100,331.8400,0.000153
_10040_,VGND,li1,83.7200,331.8400,0.000152
_10039_,VGND,li1,78.2000,326.4000,0.000084
_10038_,VGND,li1,80.2700,342.7200,0.000224
_10037_,VGND,li1,84.8700,342.7200,0.000227
_10036_,VGND,li1,68.5400,320.9600,0.000147
_10035_,VGND,li1,66.4700,331.8400,0.000141
_10034_,VGND,li1,69.2300,331.8400,0.000143
_10033_,VGND,li1,71.7600,315.5200,0.000225
_10032_,VGND,li1,60.0300,326.4000,0.000073
_10031_,VGND,li1,55.4300,331.8400,0.000120
_10030_,VGND,li1,54.9700,326.4000,0.000067
_10029_,VGND,li1,55.2000,326.4000,0.000067
_10028_,VGND,li1,58.8800,310.0800,0.000066
_10027_,VGND,li1,64.6300,315.5200,0.000206
_10026_,VGND,li1,58.1900,326.4000,0.000070
_10025_,VGND,li1,56.8100,320.9600,0.000121
_10024_,VGND,li1,58.6500,320.9600,0.000125
_10023_,VGND,li1,58.8800,315.5200,0.000182
_10022_,VGND,li1,46.2300,320.9600,0.000091
_10021_,VGND,li1,47.1500,320.9600,0.000096
_10020_,VGND,li1,43.0100,310.0800,0.000046
_10019_,VGND,li1,45.5400,304.6400,0.000059
_10018_,VGND,li1,49.2200,310.0800,0.000055
_10017_,VGND,li1,51.2900,310.0800,0.000058
_10016_,VGND,li1,50.3700,304.6400,0.000068
_10015_,VGND,li1,48.3000,304.6400,0.000063
_10014_,VGND,li1,51.7500,304.6400,0.000073
_10013_,VGND,li1,47.3800,293.7600,0.000055
_10012_,VGND,li1,49.4500,299.2000,0.000077
_10011_,VGND,li1,122.5900,375.3600,0.002082
_10010_,VGND,li1,125.3500,375.3600,0.002092
_10009_,VGND,li1,115.4600,375.3600,0.002038
_10008_,VGND,li1,123.7400,364.4800,0.001249
_10007_,VGND,li1,199.4100,386.2400,0.000711
_10006_,VGND,li1,205.8500,380.8000,0.003447
_10005_,VGND,li1,203.7800,380.8000,0.003328
_10004_,VGND,li1,201.0200,375.3600,0.001529
_10003_,VGND,li1,202.8600,375.3600,0.001585
_10002_,VGND,li1,169.5100,375.3600,0.001272
_10001_,VGND,li1,168.5900,375.3600,0.001272
_10000_,VGND,li1,167.6700,369.9200,0.001403
_09999_,VGND,li1,169.7400,369.9200,0.001334
_09998_,VGND,li1,158.0100,369.9200,0.001699
_09997_,VGND,li1,155.9400,369.9200,0.001753
_09996_,VGND,li1,153.4100,364.4800,0.001078
_09995_,VGND,li1,152.0300,364.4800,0.001102
_09994_,VGND,li1,154.5600,364.4800,0.001078
_09993_,VGND,li1,135.0100,364.4800,0.001223
_09992_,VGND,li1,129.4900,359.0400,0.000395
_09991_,VGND,li1,131.7900,359.0400,0.000395
_09990_,VGND,li1,129.7200,337.2800,0.000345
_09989_,VGND,li1,101.4300,353.6000,0.000271
_09988_,VGND,li1,100.0500,348.1600,0.000154
_09987_,VGND,li1,97.7500,342.7200,0.000230
_09986_,VGND,li1,100.7400,342.7200,0.000230
_09985_,VGND,li1,96.8300,342.7200,0.000230
_09984_,VGND,li1,94.5300,342.7200,0.000230
_09983_,VGND,li1,95.4500,342.7200,0.000230
_09982_,VGND,li1,97.7500,337.2800,0.000280
_09981_,VGND,li1,94.9900,337.2800,0.000273
_09980_,VGND,li1,109.9400,337.2800,0.000312
_09979_,VGND,li1,93.1500,337.2800,0.000267
_09978_,VGND,li1,88.0900,331.8400,0.000155
_09977_,VGND,li1,89.9300,331.8400,0.000156
_09976_,VGND,li1,89.4700,326.4000,0.000088
_09975_,VGND,li1,92.2300,326.4000,0.000089
_09974_,VGND,li1,87.6300,326.4000,0.000088
_09973_,VGND,li1,86.4800,326.4000,0.000088
_09972_,VGND,li1,85.1000,320.9600,0.000172
_09971_,VGND,li1,99.8200,331.8400,0.000158
_09970_,VGND,li1,90.8500,342.7200,0.000229
_09969_,VGND,li1,90.1600,348.1600,0.000151
_09968_,VGND,li1,87.1700,348.1600,0.000150
_09967_,VGND,li1,92.2300,348.1600,0.000152
_09966_,VGND,li1,87.1700,342.7200,0.000228
_09965_,VGND,li1,84.1800,348.1600,0.000149
_09964_,VGND,li1,84.4100,342.7200,0.000227
_09963_,VGND,li1,97.0600,315.5200,0.000271
_09962_,VGND,li1,113.6200,337.2800,0.000318
_09961_,VGND,li1,99.1300,353.6000,0.000269
_09960_,VGND,li1,99.1300,353.6000,0.000269
_09959_,VGND,li1,100.9700,353.6000,0.000271
_09958_,VGND,li1,102.3500,353.6000,0.000271
_09957_,VGND,li1,97.9800,310.0800,0.000110
_09956_,VGND,li1,74.7500,315.5200,0.000237
_09955_,VGND,li1,71.9900,320.9600,0.000153
_09954_,VGND,li1,68.3100,315.5200,0.000219
_09953_,VGND,li1,74.2900,320.9600,0.000157
_09952_,VGND,li1,68.5400,320.9600,0.000147
_09951_,VGND,li1,79.3500,320.9600,0.000165
_09950_,VGND,li1,78.6600,315.5200,0.000245
_09949_,VGND,li1,69.0000,304.6400,0.000103
_09948_,VGND,li1,86.9400,315.5200,0.000256
_09947_,VGND,li1,70.1500,315.5200,0.000225
_09946_,VGND,li1,72.9100,315.5200,0.000233
_09945_,VGND,li1,74.9800,304.6400,0.000112
_09944_,VGND,li1,60.9500,315.5200,0.000192
_09943_,VGND,li1,58.6500,310.0800,0.000066
_09942_,VGND,li1,55.4300,310.0800,0.000064
_09941_,VGND,li1,56.3500,304.6400,0.000081
_09940_,VGND,li1,52.2100,304.6400,0.000073
_09939_,VGND,li1,54.9700,299.2000,0.000088
_09938_,VGND,li1,49.4500,299.2000,0.000077
_09937_,VGND,li1,52.9000,299.2000,0.000081
_09936_,VGND,li1,52.6700,293.7600,0.000066
_09935_,VGND,li1,59.8000,299.2000,0.000096
_09934_,VGND,li1,61.1800,304.6400,0.000088
_09933_,VGND,li1,61.8700,315.5200,0.000192
_09932_,VGND,li1,75.6700,293.7600,0.000092
_09931_,VGND,li1,77.5100,299.2000,0.000120
_09930_,VGND,li1,130.4100,364.4800,0.001245
_09929_,VGND,li1,127.4200,364.4800,0.001248
_09928_,VGND,li1,123.9700,364.4800,0.001249
_09927_,VGND,li1,115.6900,364.4800,0.001243
_09926_,VGND,li1,118.4500,364.4800,0.001245
_09925_,VGND,li1,115.6900,364.4800,0.001243
_09924_,VGND,li1,117.5300,364.4800,0.001245
_09923_,VGND,li1,136.6200,359.0400,0.000392
_09922_,VGND,li1,113.3900,359.0400,0.000370
_09921_,VGND,li1,111.5500,359.0400,0.000366
_09920_,VGND,li1,114.3100,359.0400,0.000370
_09919_,VGND,li1,106.9500,359.0400,0.000356
_09918_,VGND,li1,107.8700,353.6000,0.000264
_09917_,VGND,li1,114.7700,353.6000,0.000254
_09916_,VGND,li1,107.6400,348.1600,0.000154
_09915_,VGND,li1,114.0800,348.1600,0.000153
_09914_,VGND,li1,121.4400,359.0400,0.000383
_09913_,VGND,li1,111.0900,369.9200,0.002041
_09912_,VGND,li1,106.4900,375.3600,0.001963
_09911_,VGND,li1,109.4800,375.3600,0.001980
_09910_,VGND,li1,110.8600,380.8000,0.002270
_09909_,VGND,li1,99.1300,386.2400,0.000944
_09908_,VGND,li1,97.2900,380.8000,0.001921
_09907_,VGND,li1,103.5000,380.8000,0.002066
_09906_,VGND,li1,99.8200,380.8000,0.001975
_09905_,VGND,li1,102.1200,380.8000,0.002066
_09904_,VGND,li1,124.6600,337.2800,0.000340
_09903_,VGND,li1,147.2000,364.4800,0.001140
_09902_,VGND,li1,150.8800,369.9200,0.001871
_09901_,VGND,li1,154.3300,369.9200,0.001817
_09900_,VGND,li1,150.8800,369.9200,0.001871
_09899_,VGND,li1,157.3200,375.3600,0.001646
_09898_,VGND,li1,277.8400,380.8000,0.006050
_09897_,VGND,li1,280.6000,380.8000,0.006049
_09896_,VGND,li1,275.7700,380.8000,0.006016
_09895_,VGND,li1,278.0700,380.8000,0.006050
_09894_,VGND,li1,277.3800,375.3600,0.001650
_09893_,VGND,li1,280.1400,375.3600,0.001632
_09892_,VGND,li1,304.9800,380.8000,0.004405
_09891_,VGND,li1,294.1700,380.8000,0.005403
_09890_,VGND,li1,298.7700,380.8000,0.005106
_09889_,VGND,li1,220.1100,380.8000,0.004014
_09888_,VGND,li1,213.6700,380.8000,0.003834
_09887_,VGND,li1,210.9100,380.8000,0.003624
_09886_,VGND,li1,221.2600,369.9200,0.003130
_09885_,VGND,li1,205.3900,375.3600,0.001615
_09884_,VGND,li1,207.6900,375.3600,0.001618
_09883_,VGND,li1,200.3300,375.3600,0.001529
_09882_,VGND,li1,203.0900,375.3600,0.001585
_09881_,VGND,li1,208.8400,369.9200,0.002643
_09880_,VGND,li1,173.6500,375.3600,0.001062
_09879_,VGND,li1,171.3500,375.3600,0.001147
_09878_,VGND,li1,169.9700,369.9200,0.001334
_09877_,VGND,li1,171.5800,364.4800,0.000774
_09876_,VGND,li1,169.2800,364.4800,0.000848
_09875_,VGND,li1,162.1500,364.4800,0.000951
_09874_,VGND,li1,151.1100,359.0400,0.000375
_09873_,VGND,li1,153.8700,359.0400,0.000364
_09872_,VGND,li1,153.6400,337.2800,0.000322
_09871_,VGND,li1,131.3300,342.7200,0.000205
_09870_,VGND,li1,126.7300,315.5200,0.000296
_09869_,VGND,li1,123.9700,315.5200,0.000295
_09868_,VGND,li1,127.4200,310.0800,0.000096
_09867_,VGND,li1,100.5100,310.0800,0.000110
_09866_,VGND,li1,94.0700,315.5200,0.000269
_09865_,VGND,li1,90.8500,315.5200,0.000264
_09864_,VGND,li1,94.0700,315.5200,0.000269
_09863_,VGND,li1,87.6300,315.5200,0.000260
_09862_,VGND,li1,83.9500,315.5200,0.000252
_09861_,VGND,li1,89.0100,315.5200,0.000260
_09860_,VGND,li1,88.0900,320.9600,0.000175
_09859_,VGND,li1,90.1600,320.9600,0.000178
_09858_,VGND,li1,81.1900,315.5200,0.000249
_09857_,VGND,li1,93.3800,304.6400,0.000128
_09856_,VGND,li1,98.9000,320.9600,0.000186
_09855_,VGND,li1,95.4500,310.0800,0.000108
_09854_,VGND,li1,97.7500,310.0800,0.000110
_09853_,VGND,li1,94.7600,299.2000,0.000137
_09852_,VGND,li1,77.5100,304.6400,0.000115
_09851_,VGND,li1,72.4500,304.6400,0.000108
_09850_,VGND,li1,67.8500,304.6400,0.000098
_09849_,VGND,li1,70.1500,304.6400,0.000103
_09848_,VGND,li1,64.6300,299.2000,0.000104
_09847_,VGND,li1,63.7100,304.6400,0.000094
_09846_,VGND,li1,61.4100,299.2000,0.000096
_09845_,VGND,li1,64.8600,304.6400,0.000094
_09844_,VGND,li1,58.1900,304.6400,0.000084
_09843_,VGND,li1,63.4800,293.7600,0.000081
_09842_,VGND,li1,80.9600,304.6400,0.000117
_09841_,VGND,li1,74.7500,299.2000,0.000117
_09840_,VGND,li1,75.2100,299.2000,0.000117
_09839_,VGND,li1,76.8200,293.7600,0.000093
_09838_,VGND,li1,72.4500,293.7600,0.000089
_09837_,VGND,li1,66.9300,293.7600,0.000085
_09836_,VGND,li1,67.8500,288.3200,0.000235
_09835_,VGND,li1,126.2700,337.2800,0.000343
_09834_,VGND,li1,119.8300,337.2800,0.000334
_09833_,VGND,li1,123.2800,337.2800,0.000337
_09832_,VGND,li1,116.6100,337.2800,0.000328
_09831_,VGND,li1,113.8500,337.2800,0.000318
_09830_,VGND,li1,113.8500,331.8400,0.000158
_09829_,VGND,li1,116.6100,337.2800,0.000328
_09828_,VGND,li1,130.1800,331.8400,0.000152
_09827_,VGND,li1,110.1700,331.8400,0.000158
_09826_,VGND,li1,106.4900,331.8400,0.000158
_09825_,VGND,li1,110.4000,331.8400,0.000158
_09824_,VGND,li1,103.2700,331.8400,0.000158
_09823_,VGND,li1,100.0500,331.8400,0.000158
_09822_,VGND,li1,102.3500,331.8400,0.000158
_09821_,VGND,li1,101.2000,326.4000,0.000090
_09820_,VGND,li1,105.5700,326.4000,0.000090
_09819_,VGND,li1,119.1400,331.8400,0.000156
_09818_,VGND,li1,113.3900,342.7200,0.000220
_09817_,VGND,li1,111.0900,348.1600,0.000153
_09816_,VGND,li1,116.6100,348.1600,0.000152
_09815_,VGND,li1,113.8500,348.1600,0.000153
_09814_,VGND,li1,105.1100,342.7200,0.000226
_09813_,VGND,li1,108.3300,342.7200,0.000225
_09812_,VGND,li1,120.2900,348.1600,0.000151
_09811_,VGND,li1,119.1400,342.7200,0.000216
_09810_,VGND,li1,118.2200,320.9600,0.000200
_09809_,VGND,li1,137.5400,337.2800,0.000343
_09808_,VGND,li1,155.7100,364.4800,0.001047
_09807_,VGND,li1,158.7000,364.4800,0.001017
_09806_,VGND,li1,149.2700,364.4800,0.001124
_09805_,VGND,li1,149.7300,364.4800,0.001124
_09804_,VGND,li1,144.6700,364.4800,0.001159
_09803_,VGND,li1,142.3700,359.0400,0.000387
_09802_,VGND,li1,145.1300,359.0400,0.000383
_09801_,VGND,li1,161.4600,359.0400,0.000327
_09800_,VGND,li1,139.1500,359.0400,0.000390
_09799_,VGND,li1,134.5500,353.6000,0.000222
_09798_,VGND,li1,137.3100,353.6000,0.000217
_09797_,VGND,li1,126.7300,353.6000,0.000237
_09796_,VGND,li1,123.5100,353.6000,0.000241
_09795_,VGND,li1,120.7500,353.6000,0.000246
_09794_,VGND,li1,123.7400,348.1600,0.000150
_09793_,VGND,li1,138.0000,348.1600,0.000141
_09792_,VGND,li1,148.5800,353.6000,0.000199
_09791_,VGND,li1,154.3300,375.3600,0.001709
_09790_,VGND,li1,155.2500,380.8000,0.002084
_09789_,VGND,li1,158.7000,380.8000,0.001984
_09788_,VGND,li1,156.4000,380.8000,0.002084
_09787_,VGND,li1,113.3900,380.8000,0.002329
_09786_,VGND,li1,106.9500,386.2400,0.001031
_09785_,VGND,li1,110.1700,386.2400,0.001054
_09784_,VGND,li1,103.7300,386.2400,0.000998
_09783_,VGND,li1,104.1900,386.2400,0.000998
_09782_,VGND,li1,113.3900,386.2400,0.001105
_09781_,VGND,li1,116.1500,375.3600,0.002038
_09780_,VGND,li1,113.6200,375.3600,0.002023
_09779_,VGND,li1,112.7000,375.3600,0.002004
_09778_,VGND,li1,149.9600,337.2800,0.000332
_09777_,VGND,li1,169.2800,364.4800,0.000848
_09776_,VGND,li1,175.7200,369.9200,0.001093
_09775_,VGND,li1,182.8500,375.3600,0.001015
_09774_,VGND,li1,179.4000,375.3600,0.000908
_09773_,VGND,li1,179.4000,380.8000,0.001230
_09772_,VGND,li1,284.5100,380.8000,0.005944
_09771_,VGND,li1,286.1200,380.8000,0.005944
_09770_,VGND,li1,280.8300,380.8000,0.006049
_09769_,VGND,li1,227.9300,369.9200,0.003280
_09768_,VGND,li1,221.0300,369.9200,0.003130
_09767_,VGND,li1,224.7100,369.9200,0.003196
_09766_,VGND,li1,230.6900,364.4800,0.002211
_09765_,VGND,li1,215.0500,369.9200,0.002935
_09764_,VGND,li1,209.9900,364.4800,0.001790
_09763_,VGND,li1,213.6700,364.4800,0.001871
_09762_,VGND,li1,211.8300,359.0400,0.000572
_09761_,VGND,li1,186.9900,364.4800,0.001030
_09760_,VGND,li1,183.3100,364.4800,0.000917
_09759_,VGND,li1,179.6300,359.0400,0.000226
_09758_,VGND,li1,174.5700,359.0400,0.000264
_09757_,VGND,li1,181.2400,331.8400,0.000115
_09756_,VGND,li1,157.0900,337.2800,0.000309
_09755_,VGND,li1,152.9500,320.9600,0.000193
_09754_,VGND,li1,148.8100,320.9600,0.000195
_09753_,VGND,li1,151.8000,320.9600,0.000193
_09752_,VGND,li1,131.3300,315.5200,0.000291
_09751_,VGND,li1,125.3500,299.2000,0.000141
_09750_,VGND,li1,124.8900,304.6400,0.000134
_09749_,VGND,li1,120.5200,304.6400,0.000134
_09748_,VGND,li1,99.1300,299.2000,0.000140
_09747_,VGND,li1,94.0700,304.6400,0.000128
_09746_,VGND,li1,88.0900,304.6400,0.000124
_09745_,VGND,li1,91.0800,304.6400,0.000126
_09744_,VGND,li1,83.9500,304.6400,0.000120
_09743_,VGND,li1,83.9500,304.6400,0.000120
_09742_,VGND,li1,80.7300,304.6400,0.000117
_09741_,VGND,li1,101.4300,304.6400,0.000130
_09740_,VGND,li1,81.6500,310.0800,0.000092
_09739_,VGND,li1,87.1700,299.2000,0.000130
_09738_,VGND,li1,104.6500,304.6400,0.000132
_09737_,VGND,li1,93.6100,299.2000,0.000137
_09736_,VGND,li1,97.7500,299.2000,0.000140
_09735_,VGND,li1,86.9400,293.7600,0.000097
_09734_,VGND,li1,82.1100,293.7600,0.000096
_09733_,VGND,li1,71.5300,293.7600,0.000089
_09732_,VGND,li1,71.0700,288.3200,0.000245
_09731_,VGND,li1,63.9400,293.7600,0.000081
_09730_,VGND,li1,61.1800,293.7600,0.000078
_09729_,VGND,li1,58.6500,293.7600,0.000075
_09728_,VGND,li1,119.8300,320.9600,0.000200
_09727_,VGND,li1,112.9300,320.9600,0.000197
_09726_,VGND,li1,115.9200,320.9600,0.000199
_09725_,VGND,li1,102.8100,320.9600,0.000190
_09724_,VGND,li1,99.1300,320.9600,0.000186
_09723_,VGND,li1,105.8000,320.9600,0.000192
_09722_,VGND,li1,101.6600,320.9600,0.000188
_09721_,VGND,li1,109.4800,320.9600,0.000194
_09720_,VGND,li1,103.2700,326.4000,0.000090
_09719_,VGND,li1,100.9700,315.5200,0.000276
_09718_,VGND,li1,111.5500,315.5200,0.000285
_09717_,VGND,li1,116.3800,304.6400,0.000134
_09716_,VGND,li1,119.6000,315.5200,0.000292
_09715_,VGND,li1,151.1100,337.2800,0.000332
_09714_,VGND,li1,145.5900,337.2800,0.000338
_09713_,VGND,li1,147.6600,337.2800,0.000335
_09712_,VGND,li1,140.9900,337.2800,0.000341
_09711_,VGND,li1,138.2300,337.2800,0.000343
_09710_,VGND,li1,138.2300,331.8400,0.000146
_09709_,VGND,li1,140.9900,337.2800,0.000341
_09708_,VGND,li1,149.0400,331.8400,0.000137
_09707_,VGND,li1,132.7100,331.8400,0.000150
_09706_,VGND,li1,128.5700,331.8400,0.000152
_09705_,VGND,li1,131.5600,331.8400,0.000152
_09704_,VGND,li1,123.9700,331.8400,0.000154
_09703_,VGND,li1,119.8300,326.4000,0.000091
_09702_,VGND,li1,121.6700,331.8400,0.000155
_09701_,VGND,li1,123.2800,326.4000,0.000091
_09700_,VGND,li1,131.7900,326.4000,0.000090
_09699_,VGND,li1,138.4600,331.8400,0.000146
_09698_,VGND,li1,136.3900,348.1600,0.000141
_09697_,VGND,li1,135.2400,348.1600,0.000143
_09696_,VGND,li1,135.4700,353.6000,0.000222
_09695_,VGND,li1,128.5700,348.1600,0.000147
_09694_,VGND,li1,140.9900,342.7200,0.000178
_09693_,VGND,li1,140.0700,348.1600,0.000139
_09692_,VGND,li1,142.8300,348.1600,0.000135
_09691_,VGND,li1,132.2500,348.1600,0.000145
_09690_,VGND,li1,148.3500,348.1600,0.000129
_09689_,VGND,li1,127.1900,353.6000,0.000237
_09688_,VGND,li1,125.8100,348.1600,0.000148
_09687_,VGND,li1,124.4300,342.7200,0.000213
_09686_,VGND,li1,144.4400,310.0800,0.000084
_09685_,VGND,li1,163.9900,337.2800,0.000259
_09684_,VGND,li1,181.0100,364.4800,0.000821
_09683_,VGND,li1,183.0800,369.9200,0.001214
_09682_,VGND,li1,179.1700,364.4800,0.000740
_09681_,VGND,li1,179.4000,369.9200,0.000970
_09680_,VGND,li1,175.0300,364.4800,0.000705
_09679_,VGND,li1,168.1300,359.0400,0.000292
_09678_,VGND,li1,170.8900,359.0400,0.000277
_09677_,VGND,li1,185.3800,359.0400,0.000296
_09676_,VGND,li1,163.9900,359.0400,0.000314
_09675_,VGND,li1,160.3100,353.6000,0.000172
_09674_,VGND,li1,163.0700,353.6000,0.000165
_09673_,VGND,li1,154.7900,353.6000,0.000183
_09672_,VGND,li1,149.2700,353.6000,0.000194
_09671_,VGND,li1,151.5700,353.6000,0.000190
_09670_,VGND,li1,152.7200,348.1600,0.000125
_09669_,VGND,li1,165.1400,342.7200,0.000107
_09668_,VGND,li1,168.8200,353.6000,0.000153
_09667_,VGND,li1,178.7100,375.3600,0.000843
_09666_,VGND,li1,181.0100,380.8000,0.001427
_09665_,VGND,li1,184.0000,380.8000,0.001606
_09664_,VGND,li1,181.7000,380.8000,0.001427
_09663_,VGND,li1,163.9900,380.8000,0.001768
_09662_,VGND,li1,161.2300,380.8000,0.001918
_09661_,VGND,li1,166.2900,380.8000,0.001684
_09660_,VGND,li1,167.9000,380.8000,0.001684
_09659_,VGND,li1,158.9300,380.8000,0.001984
_09658_,VGND,li1,164.2200,380.8000,0.001768
_09657_,VGND,li1,162.1500,386.2400,0.000773
_09656_,VGND,li1,157.5500,386.2400,0.000918
_09655_,VGND,li1,170.4300,386.2400,0.000580
_09654_,VGND,li1,122.1300,386.2400,0.001200
_09653_,VGND,li1,124.4300,386.2400,0.001225
_09652_,VGND,li1,117.9900,386.2400,0.001155
_09651_,VGND,li1,179.8600,337.2800,0.000146
_09650_,VGND,li1,193.6600,364.4800,0.001257
_09649_,VGND,li1,210.4500,369.9200,0.002643
_09648_,VGND,li1,204.9300,369.9200,0.002427
_09647_,VGND,li1,207.0000,369.9200,0.002541
_09646_,VGND,li1,192.0500,375.3600,0.001297
_09645_,VGND,li1,264.0400,369.9200,0.003161
_09644_,VGND,li1,297.3900,380.8000,0.005106
_09643_,VGND,li1,300.8400,380.8000,0.004810
_09642_,VGND,li1,296.2400,380.8000,0.005243
_09641_,VGND,li1,304.0600,375.3600,0.001338
_09640_,VGND,li1,304.2900,380.8000,0.004405
_09639_,VGND,li1,287.7300,380.8000,0.005775
_09638_,VGND,li1,287.5000,364.4800,0.001908
_09637_,VGND,li1,267.0300,369.9200,0.003097
_09636_,VGND,li1,265.1900,369.9200,0.003134
_09635_,VGND,li1,267.4900,369.9200,0.003097
_09634_,VGND,li1,264.5000,364.4800,0.002173
_09633_,VGND,li1,233.9100,364.4800,0.002236
_09632_,VGND,li1,229.7700,364.4800,0.002185
_09631_,VGND,li1,232.0700,364.4800,0.002211
_09630_,VGND,li1,230.9200,353.6000,0.000601
_09629_,VGND,li1,215.0500,359.0400,0.000592
_09628_,VGND,li1,215.0500,337.2800,0.000357
_09627_,VGND,li1,210.2200,337.2800,0.000343
_09626_,VGND,li1,213.9000,320.9600,0.000294
_09625_,VGND,li1,186.0700,331.8400,0.000138
_09624_,VGND,li1,180.5500,320.9600,0.000127
_09623_,VGND,li1,179.1700,320.9600,0.000127
_09622_,VGND,li1,181.7000,310.0800,0.000055
_09621_,VGND,li1,155.2500,315.5200,0.000224
_09620_,VGND,li1,150.6500,304.6400,0.000123
_09619_,VGND,li1,150.1900,304.6400,0.000124
_09618_,VGND,li1,150.4200,299.2000,0.000107
_09617_,VGND,li1,123.0500,299.2000,0.000143
_09616_,VGND,li1,117.9900,293.7600,0.000100
_09615_,VGND,li1,117.7600,299.2000,0.000143
_09614_,VGND,li1,113.6200,293.7600,0.000101
_09613_,VGND,li1,91.3100,293.7600,0.000100
_09612_,VGND,li1,85.3300,293.7600,0.000097
_09611_,VGND,li1,88.3200,293.7600,0.000099
_09610_,VGND,li1,86.4800,288.3200,0.000314
_09609_,VGND,li1,92.0000,293.7600,0.000100
_09608_,VGND,li1,81.1900,293.7600,0.000096
_09607_,VGND,li1,79.8100,299.2000,0.000122
_09606_,VGND,li1,117.9900,299.2000,0.000143
_09605_,VGND,li1,112.0100,304.6400,0.000134
_09604_,VGND,li1,111.3200,299.2000,0.000142
_09603_,VGND,li1,106.9500,304.6400,0.000133
_09602_,VGND,li1,104.1900,304.6400,0.000132
_09601_,VGND,li1,108.3300,304.6400,0.000133
_09600_,VGND,li1,129.9500,304.6400,0.000132
_09599_,VGND,li1,105.1100,310.0800,0.000109
_09598_,VGND,li1,112.0100,293.7600,0.000101
_09597_,VGND,li1,136.8500,304.6400,0.000130
_09596_,VGND,li1,147.8900,315.5200,0.000250
_09595_,VGND,li1,141.4500,315.5200,0.000268
_09594_,VGND,li1,141.6800,310.0800,0.000086
_09593_,VGND,li1,129.4900,315.5200,0.000293
_09592_,VGND,li1,116.6100,310.0800,0.000103
_09591_,VGND,li1,116.6100,315.5200,0.000290
_09590_,VGND,li1,115.6900,315.5200,0.000288
_09589_,VGND,li1,113.1600,310.0800,0.000105
_09588_,VGND,li1,113.8500,310.0800,0.000105
_09587_,VGND,li1,111.5500,310.0800,0.000106
_09586_,VGND,li1,119.6000,310.0800,0.000102
_09585_,VGND,li1,124.4300,320.9600,0.000200
_09584_,VGND,li1,130.6400,320.9600,0.000199
_09583_,VGND,li1,129.2600,320.9600,0.000199
_09582_,VGND,li1,134.3200,320.9600,0.000198
_09581_,VGND,li1,126.7300,320.9600,0.000199
_09580_,VGND,li1,143.5200,304.6400,0.000127
_09579_,VGND,li1,150.6500,315.5200,0.000240
_09578_,VGND,li1,182.8500,331.8400,0.000115
_09577_,VGND,li1,176.8700,331.8400,0.000101
_09576_,VGND,li1,178.0200,331.8400,0.000101
_09575_,VGND,li1,167.6700,337.2800,0.000232
_09574_,VGND,li1,163.9900,331.8400,0.000121
_09573_,VGND,li1,161.2300,331.8400,0.000126
_09572_,VGND,li1,166.7500,331.8400,0.000117
_09571_,VGND,li1,166.5200,326.4000,0.000079
_09570_,VGND,li1,152.4900,331.8400,0.000134
_09569_,VGND,li1,149.2700,326.4000,0.000087
_09568_,VGND,li1,152.0300,326.4000,0.000086
_09567_,VGND,li1,142.8300,326.4000,0.000088
_09566_,VGND,li1,139.6100,326.4000,0.000089
_09565_,VGND,li1,140.9900,331.8400,0.000144
_09564_,VGND,li1,140.3000,326.4000,0.000089
_09563_,VGND,li1,144.2100,320.9600,0.000196
_09562_,VGND,li1,155.9400,331.8400,0.000130
_09561_,VGND,li1,162.1500,342.7200,0.000116
_09560_,VGND,li1,162.8400,348.1600,0.000111
_09559_,VGND,li1,169.0500,348.1600,0.000101
_09558_,VGND,li1,165.6000,348.1600,0.000106
_09557_,VGND,li1,159.1600,348.1600,0.000116
_09556_,VGND,li1,162.3800,348.1600,0.000111
_09555_,VGND,li1,143.0600,348.1600,0.000135
_09554_,VGND,li1,156.1700,348.1600,0.000119
_09553_,VGND,li1,177.3300,348.1600,0.000088
_09552_,VGND,li1,153.8700,342.7200,0.000141
_09551_,VGND,li1,152.4900,348.1600,0.000125
_09550_,VGND,li1,149.2700,348.1600,0.000129
_09549_,VGND,li1,181.2400,315.5200,0.000122
_09548_,VGND,li1,187.4500,326.4000,0.000127
_09547_,VGND,li1,208.1500,359.0400,0.000538
_09546_,VGND,li1,208.1500,364.4800,0.001734
_09545_,VGND,li1,203.0900,364.4800,0.001579
_09544_,VGND,li1,205.8500,364.4800,0.001657
_09543_,VGND,li1,196.6500,364.4800,0.001346
_09542_,VGND,li1,192.9700,364.4800,0.001257
_09541_,VGND,li1,195.7300,364.4800,0.001346
_09540_,VGND,li1,208.8400,353.6000,0.000425
_09539_,VGND,li1,187.9100,359.0400,0.000326
_09538_,VGND,li1,182.8500,359.0400,0.000271
_09537_,VGND,li1,184.2300,353.6000,0.000173
_09536_,VGND,li1,175.0300,353.6000,0.000137
_09535_,VGND,li1,172.2700,353.6000,0.000143
_09534_,VGND,li1,174.5700,353.6000,0.000137
_09533_,VGND,li1,182.1600,348.1600,0.000123
_09532_,VGND,li1,171.3500,353.6000,0.000148
_09531_,VGND,li1,172.2700,359.0400,0.000277
_09530_,VGND,li1,184.0000,342.7200,0.000082
_09529_,VGND,li1,189.9800,353.6000,0.000244
_09528_,VGND,li1,193.8900,369.9200,0.001815
_09527_,VGND,li1,196.1900,369.9200,0.001917
_09526_,VGND,li1,195.2700,375.3600,0.001375
_09525_,VGND,li1,214.8200,375.3600,0.001624
_09524_,VGND,li1,189.7500,375.3600,0.001227
_09523_,VGND,li1,189.5200,380.8000,0.002161
_09522_,VGND,li1,187.6800,380.8000,0.002003
_09521_,VGND,li1,189.9800,375.3600,0.001227
_09520_,VGND,li1,191.3600,380.8000,0.002320
_09519_,VGND,li1,183.7700,386.2400,0.000462
_09518_,VGND,li1,180.7800,386.2400,0.000426
_09517_,VGND,li1,195.7300,386.2400,0.000652
_09516_,VGND,li1,175.9500,386.2400,0.000472
_09515_,VGND,li1,173.6500,386.2400,0.000531
_09514_,VGND,li1,174.5700,380.8000,0.001382
_09513_,VGND,li1,170.8900,386.2400,0.000580
_09512_,VGND,li1,170.8900,380.8000,0.001516
_09511_,VGND,li1,116.6100,380.8000,0.002371
_09510_,VGND,li1,202.4000,320.9600,0.000245
_09509_,VGND,li1,216.6600,359.0400,0.000592
_09508_,VGND,li1,229.3100,369.9200,0.003280
_09507_,VGND,li1,227.4700,369.9200,0.003245
_09506_,VGND,li1,227.0100,364.4800,0.002147
_09505_,VGND,li1,229.5400,375.3600,0.001638
_09504_,VGND,li1,258.0600,369.9200,0.003184
_09503_,VGND,li1,307.0500,380.8000,0.004110
_09502_,VGND,li1,307.2800,375.3600,0.001296
_09501_,VGND,li1,306.1300,375.3600,0.001296
_09500_,VGND,li1,304.0600,369.9200,0.001738
_09499_,VGND,li1,304.5200,375.3600,0.001338
_09498_,VGND,li1,290.0300,364.4800,0.001811
_09497_,VGND,li1,285.8900,364.4800,0.001908
_09496_,VGND,li1,290.7200,364.4800,0.001811
_09495_,VGND,li1,291.1800,353.6000,0.000657
_09494_,VGND,li1,261.5100,364.4800,0.002189
_09493_,VGND,li1,260.1300,359.0400,0.000632
_09492_,VGND,li1,261.5100,359.0400,0.000632
_09491_,VGND,li1,265.4200,348.1600,0.000622
_09490_,VGND,li1,232.9900,359.0400,0.000671
_09489_,VGND,li1,227.4700,353.6000,0.000585
_09488_,VGND,li1,230.4600,353.6000,0.000601
_09487_,VGND,li1,227.7000,326.4000,0.000309
_09486_,VGND,li1,212.2900,320.9600,0.000290
_09485_,VGND,li1,207.6900,315.5200,0.000238
_09484_,VGND,li1,210.4500,315.5200,0.000243
_09483_,VGND,li1,213.9000,315.5200,0.000253
_09482_,VGND,li1,184.2300,315.5200,0.000138
_09481_,VGND,li1,179.1700,304.6400,0.000092
_09480_,VGND,li1,181.9300,304.6400,0.000108
_09479_,VGND,li1,181.2400,299.2000,0.000049
_09478_,VGND,li1,154.3300,299.2000,0.000100
_09477_,VGND,li1,151.1100,293.7600,0.000074
_09476_,VGND,li1,148.3500,299.2000,0.000110
_09475_,VGND,li1,146.9700,299.2000,0.000113
_09474_,VGND,li1,145.8200,293.7600,0.000080
_09473_,VGND,li1,117.5300,293.7600,0.000100
_09472_,VGND,li1,122.8200,293.7600,0.000097
_09471_,VGND,li1,98.6700,288.3200,0.000369
_09470_,VGND,li1,99.1300,293.7600,0.000100
_09469_,VGND,li1,101.8900,293.7600,0.000101
_09468_,VGND,li1,106.9500,299.2000,0.000142
_09467_,VGND,li1,107.1800,293.7600,0.000101
_09466_,VGND,li1,106.2600,293.7600,0.000101
_09465_,VGND,li1,110.4000,293.7600,0.000101
_09464_,VGND,li1,103.2700,293.7600,0.000101
_09463_,VGND,li1,149.2700,299.2000,0.000110
_09462_,VGND,li1,140.5300,304.6400,0.000129
_09461_,VGND,li1,140.7600,299.2000,0.000121
_09460_,VGND,li1,135.9300,299.2000,0.000127
_09459_,VGND,li1,132.7100,304.6400,0.000132
_09458_,VGND,li1,132.7100,304.6400,0.000132
_09457_,VGND,li1,159.3900,299.2000,0.000091
_09456_,VGND,li1,133.1700,299.2000,0.000132
_09455_,VGND,li1,135.9300,299.2000,0.000127
_09454_,VGND,li1,158.7000,299.2000,0.000091
_09453_,VGND,li1,178.7100,315.5200,0.000109
_09452_,VGND,li1,175.4900,315.5200,0.000126
_09451_,VGND,li1,177.3300,310.0800,0.000049
_09450_,VGND,li1,152.9500,315.5200,0.000232
_09449_,VGND,li1,151.1100,310.0800,0.000077
_09448_,VGND,li1,153.4100,310.0800,0.000075
_09447_,VGND,li1,161.6900,310.0800,0.000068
_09446_,VGND,li1,123.5100,310.0800,0.000098
_09445_,VGND,li1,120.7500,304.6400,0.000134
_09444_,VGND,li1,120.2900,315.5200,0.000292
_09443_,VGND,li1,121.9000,310.0800,0.000100
_09442_,VGND,li1,119.6000,310.0800,0.000102
_09441_,VGND,li1,142.8300,315.5200,0.000263
_09440_,VGND,li1,137.7700,315.5200,0.000275
_09439_,VGND,li1,138.6900,320.9600,0.000198
_09438_,VGND,li1,141.4500,320.9600,0.000197
_09437_,VGND,li1,144.6700,320.9600,0.000196
_09436_,VGND,li1,174.3400,299.2000,0.000055
_09435_,VGND,li1,175.9500,310.0800,0.000049
_09434_,VGND,li1,205.3900,320.9600,0.000264
_09433_,VGND,li1,200.7900,320.9600,0.000235
_09432_,VGND,li1,197.3400,320.9600,0.000225
_09431_,VGND,li1,191.5900,326.4000,0.000150
_09430_,VGND,li1,187.9100,326.4000,0.000127
_09429_,VGND,li1,184.4600,326.4000,0.000109
_09428_,VGND,li1,190.2100,326.4000,0.000139
_09427_,VGND,li1,187.6800,320.9600,0.000174
_09426_,VGND,li1,169.5100,326.4000,0.000077
_09425_,VGND,li1,164.4500,326.4000,0.000080
_09424_,VGND,li1,165.8300,320.9600,0.000149
_09423_,VGND,li1,159.8500,326.4000,0.000083
_09422_,VGND,li1,156.6300,326.4000,0.000084
_09421_,VGND,li1,158.4700,331.8400,0.000128
_09420_,VGND,li1,156.8600,326.4000,0.000084
_09419_,VGND,li1,166.7500,320.9600,0.000149
_09418_,VGND,li1,171.3500,326.4000,0.000075
_09417_,VGND,li1,186.9900,342.7200,0.000091
_09416_,VGND,li1,180.0900,342.7200,0.000074
_09415_,VGND,li1,182.6200,342.7200,0.000082
_09414_,VGND,li1,181.4700,342.7200,0.000074
_09413_,VGND,li1,191.1300,342.7200,0.000107
_09412_,VGND,li1,171.3500,342.7200,0.000090
_09411_,VGND,li1,172.7300,348.1600,0.000095
_09410_,VGND,li1,175.2600,342.7200,0.000074
_09409_,VGND,li1,175.0300,348.1600,0.000092
_09408_,VGND,li1,172.7300,342.7200,0.000083
_09407_,VGND,li1,177.7900,342.7200,0.000066
_09406_,VGND,li1,168.5900,342.7200,0.000101
_09405_,VGND,li1,148.8100,342.7200,0.000160
_09404_,VGND,li1,189.2900,348.1600,0.000169
_09403_,VGND,li1,193.4300,348.1600,0.000195
_09402_,VGND,li1,184.6900,348.1600,0.000141
_09401_,VGND,li1,182.8500,348.1600,0.000123
_09400_,VGND,li1,179.6300,348.1600,0.000105
_09399_,VGND,li1,197.8000,315.5200,0.000197
_09398_,VGND,li1,207.4600,326.4000,0.000230
_09397_,VGND,li1,229.3100,359.0400,0.000656
_09396_,VGND,li1,226.5500,359.0400,0.000646
_09395_,VGND,li1,223.3300,359.0400,0.000638
_09394_,VGND,li1,223.7900,359.0400,0.000638
_09393_,VGND,li1,219.6500,359.0400,0.000617
_09392_,VGND,li1,216.8900,353.6000,0.000498
_09391_,VGND,li1,220.5700,353.6000,0.000519
_09390_,VGND,li1,219.1900,353.6000,0.000519
_09389_,VGND,li1,229.3100,348.1600,0.000435
_09388_,VGND,li1,211.8300,348.1600,0.000328
_09387_,VGND,li1,207.2300,348.1600,0.000296
_09386_,VGND,li1,209.5300,348.1600,0.000313
_09385_,VGND,li1,196.1900,353.6000,0.000296
_09384_,VGND,li1,194.5800,348.1600,0.000211
_09383_,VGND,li1,192.9700,353.6000,0.000274
_09382_,VGND,li1,191.1300,353.6000,0.000244
_09381_,VGND,li1,201.4800,353.6000,0.000357
_09380_,VGND,li1,198.7200,348.1600,0.000239
_09379_,VGND,li1,192.7400,353.6000,0.000274
_09378_,VGND,li1,210.6800,337.2800,0.000343
_09377_,VGND,li1,217.1200,342.7200,0.000178
_09376_,VGND,li1,232.5300,369.9200,0.003267
_09375_,VGND,li1,227.4700,375.3600,0.001636
_09374_,VGND,li1,232.0700,375.3600,0.001639
_09373_,VGND,li1,232.0700,375.3600,0.001639
_09372_,VGND,li1,217.3500,375.3600,0.001628
_09371_,VGND,li1,219.6500,375.3600,0.001630
_09370_,VGND,li1,217.1200,375.3600,0.001628
_09369_,VGND,li1,217.1200,369.9200,0.003033
_09368_,VGND,li1,218.7300,380.8000,0.004014
_09367_,VGND,li1,220.1100,380.8000,0.004014
_09366_,VGND,li1,216.8900,380.8000,0.003949
_09365_,VGND,li1,220.3400,386.2400,0.000735
_09364_,VGND,li1,213.6700,386.2400,0.000729
_09363_,VGND,li1,210.9100,386.2400,0.000727
_09362_,VGND,li1,190.2100,386.2400,0.000571
_09361_,VGND,li1,194.1200,380.8000,0.002557
_09360_,VGND,li1,192.5100,386.2400,0.000603
_09359_,VGND,li1,222.6400,326.4000,0.000291
_09358_,VGND,li1,243.3400,353.6000,0.000647
_09357_,VGND,li1,259.2100,369.9200,0.003184
_09356_,VGND,li1,255.9900,369.9200,0.003196
_09355_,VGND,li1,260.1300,369.9200,0.003174
_09354_,VGND,li1,252.0800,369.9200,0.003208
_09353_,VGND,li1,257.6000,353.6000,0.000686
_09352_,VGND,li1,311.1900,380.8000,0.003638
_09351_,VGND,li1,331.4300,380.8000,0.001245
_09350_,VGND,li1,309.8100,375.3600,0.001195
_09349_,VGND,li1,309.1200,369.9200,0.001544
_09348_,VGND,li1,307.0500,369.9200,0.001621
_09347_,VGND,li1,307.2800,369.9200,0.001621
_09346_,VGND,li1,305.2100,369.9200,0.001738
_09345_,VGND,li1,303.6000,348.1600,0.000608
_09344_,VGND,li1,308.8900,369.9200,0.001544
_09343_,VGND,li1,302.6800,353.6000,0.000603
_09342_,VGND,li1,291.1800,348.1600,0.000667
_09341_,VGND,li1,293.4800,348.1600,0.000660
_09340_,VGND,li1,285.8900,342.7200,0.000296
_09339_,VGND,li1,286.5800,348.1600,0.000667
_09338_,VGND,li1,262.2000,348.1600,0.000609
_09337_,VGND,li1,264.7300,342.7200,0.000288
_09336_,VGND,li1,259.9000,326.4000,0.000320
_09335_,VGND,li1,258.5200,326.4000,0.000323
_09334_,VGND,li1,230.9200,326.4000,0.000315
_09333_,VGND,li1,228.1600,326.4000,0.000309
_09332_,VGND,li1,224.9400,315.5200,0.000271
_09331_,VGND,li1,220.8000,315.5200,0.000266
_09330_,VGND,li1,210.6800,310.0800,0.000120
_09329_,VGND,li1,212.9800,310.0800,0.000125
_09328_,VGND,li1,209.9900,304.6400,0.000261
_09327_,VGND,li1,214.3600,304.6400,0.000281
_09326_,VGND,li1,182.1600,299.2000,0.000049
_09325_,VGND,li1,184.0000,299.2000,0.000053
_09324_,VGND,li1,180.7800,293.7600,0.000039
_09323_,VGND,li1,183.0800,293.7600,0.000043
_09322_,VGND,li1,184.4600,293.7600,0.000043
_09321_,VGND,li1,146.2800,293.7600,0.000080
_09320_,VGND,li1,148.5800,293.7600,0.000076
_09319_,VGND,li1,143.5200,293.7600,0.000082
_09318_,VGND,li1,141.2200,293.7600,0.000084
_09317_,VGND,li1,129.9500,293.7600,0.000094
_09316_,VGND,li1,126.5000,293.7600,0.000096
_09315_,VGND,li1,135.4700,288.3200,0.000523
_09314_,VGND,li1,128.5700,293.7600,0.000094
_09313_,VGND,li1,139.1500,293.7600,0.000086
_09312_,VGND,li1,141.4500,293.7600,0.000084
_09311_,VGND,li1,137.0800,293.7600,0.000087
_09310_,VGND,li1,131.7900,293.7600,0.000091
_09309_,VGND,li1,135.0100,293.7600,0.000090
_09308_,VGND,li1,176.8700,299.2000,0.000051
_09307_,VGND,li1,175.0300,293.7600,0.000039
_09306_,VGND,li1,171.5800,293.7600,0.000046
_09305_,VGND,li1,165.8300,299.2000,0.000075
_09304_,VGND,li1,161.6900,299.2000,0.000087
_09303_,VGND,li1,162.1500,299.2000,0.000087
_09302_,VGND,li1,187.4500,299.2000,0.000056
_09301_,VGND,li1,175.0300,293.7600,0.000039
_09300_,VGND,li1,197.1100,299.2000,0.000071
_09299_,VGND,li1,201.2500,315.5200,0.000212
_09298_,VGND,li1,197.5700,315.5200,0.000197
_09297_,VGND,li1,192.7400,315.5200,0.000176
_09296_,VGND,li1,194.8100,315.5200,0.000185
_09295_,VGND,li1,172.5000,315.5200,0.000145
_09294_,VGND,li1,170.2000,315.5200,0.000158
_09293_,VGND,li1,174.3400,310.0800,0.000053
_09292_,VGND,li1,172.0400,304.6400,0.000090
_09291_,VGND,li1,191.1300,310.0800,0.000075
_09290_,VGND,li1,162.1500,310.0800,0.000066
_09289_,VGND,li1,164.9100,310.0800,0.000063
_09288_,VGND,li1,158.4700,310.0800,0.000070
_09287_,VGND,li1,159.8500,310.0800,0.000070
_09286_,VGND,li1,123.7400,310.0800,0.000098
_09285_,VGND,li1,167.2100,315.5200,0.000167
_09284_,VGND,li1,169.5100,315.5200,0.000158
_09283_,VGND,li1,165.6000,315.5200,0.000176
_09282_,VGND,li1,163.5300,315.5200,0.000185
_09281_,VGND,li1,163.5300,320.9600,0.000157
_09280_,VGND,li1,199.6400,304.6400,0.000206
_09279_,VGND,li1,200.1000,310.0800,0.000098
_09278_,VGND,li1,222.8700,326.4000,0.000297
_09277_,VGND,li1,219.1900,326.4000,0.000280
_09276_,VGND,li1,219.8800,326.4000,0.000280
_09275_,VGND,li1,213.6700,326.4000,0.000260
_09274_,VGND,li1,213.6700,326.4000,0.000260
_09273_,VGND,li1,210.2200,326.4000,0.000243
_09272_,VGND,li1,239.2000,326.4000,0.000319
_09271_,VGND,li1,190.6700,320.9600,0.000190
_09270_,VGND,li1,185.1500,320.9600,0.000160
_09269_,VGND,li1,183.3100,320.9600,0.000150
_09268_,VGND,li1,175.0300,326.4000,0.000072
_09267_,VGND,li1,83.0300,326.4000,0.000086
_09266_,VGND,li1,175.0300,326.4000,0.000072
_09265_,VGND,li1,177.7900,326.4000,0.000069
_09264_,VGND,li1,196.8800,326.4000,0.000168
_09263_,VGND,li1,171.3500,310.0800,0.000055
_09262_,VGND,li1,230.6900,320.9600,0.000301
_09261_,VGND,li1,208.1500,337.2800,0.000327
_09260_,VGND,li1,203.5500,337.2800,0.000299
_09259_,VGND,li1,204.7000,337.2800,0.000310
_09258_,VGND,li1,205.1600,331.8400,0.000161
_09257_,VGND,li1,196.6500,337.2800,0.000255
_09256_,VGND,li1,194.3500,337.2800,0.000240
_09255_,VGND,li1,194.1200,342.7200,0.000115
_09254_,VGND,li1,191.5900,337.2800,0.000229
_09253_,VGND,li1,191.5900,337.2800,0.000229
_09252_,VGND,li1,207.6900,342.7200,0.000149
_09251_,VGND,li1,204.0100,342.7200,0.000142
_09250_,VGND,li1,208.1500,342.7200,0.000154
_09249_,VGND,li1,200.5600,342.7200,0.000129
_09248_,VGND,li1,200.7900,342.7200,0.000134
_09247_,VGND,li1,197.1100,342.7200,0.000124
_09246_,VGND,li1,223.1000,315.5200,0.000269
_09245_,VGND,li1,236.2100,326.4000,0.000318
_09244_,VGND,li1,260.1300,353.6000,0.000689
_09243_,VGND,li1,255.5300,353.6000,0.000683
_09242_,VGND,li1,255.7600,348.1600,0.000573
_09241_,VGND,li1,246.7900,353.6000,0.000662
_09240_,VGND,li1,239.8900,353.6000,0.000641
_09239_,VGND,li1,241.7300,353.6000,0.000647
_09238_,VGND,li1,248.8600,353.6000,0.000668
_09237_,VGND,li1,234.8300,348.1600,0.000466
_09236_,VGND,li1,227.0100,348.1600,0.000417
_09235_,VGND,li1,229.3100,348.1600,0.000435
_09234_,VGND,li1,221.0300,348.1600,0.000385
_09233_,VGND,li1,231.1500,342.7200,0.000213
_09232_,VGND,li1,217.3500,348.1600,0.000359
_09231_,VGND,li1,216.8900,348.1600,0.000359
_09230_,VGND,li1,214.3600,348.1600,0.000344
_09229_,VGND,li1,206.0800,353.6000,0.000399
_09228_,VGND,li1,201.9400,353.6000,0.000357
_09227_,VGND,li1,205.3900,353.6000,0.000378
_09226_,VGND,li1,200.5600,359.0400,0.000442
_09225_,VGND,li1,197.5700,353.6000,0.000320
_09224_,VGND,li1,219.1900,337.2800,0.000350
_09223_,VGND,li1,229.5400,337.2800,0.000338
_09222_,VGND,li1,241.5000,348.1600,0.000503
_09221_,VGND,li1,247.7100,369.9200,0.003221
_09220_,VGND,li1,246.7900,375.3600,0.001647
_09219_,VGND,li1,249.5500,375.3600,0.001647
_09218_,VGND,li1,255.7600,380.8000,0.005265
_09217_,VGND,li1,240.8100,369.9200,0.003243
_09216_,VGND,li1,241.5000,375.3600,0.001645
_09215_,VGND,li1,239.4300,375.3600,0.001644
_09214_,VGND,li1,232.9900,380.8000,0.004519
_09213_,VGND,li1,230.2300,380.8000,0.004365
_09212_,VGND,li1,237.1300,380.8000,0.004665
_09211_,VGND,li1,226.5500,380.8000,0.004292
_09210_,VGND,li1,227.4700,386.2400,0.000739
_09209_,VGND,li1,228.6200,386.2400,0.000741
_09208_,VGND,li1,222.8700,380.8000,0.004161
_09207_,VGND,li1,223.3300,386.2400,0.000738
_09206_,VGND,li1,240.1200,375.3600,0.001644
_09205_,VGND,li1,242.6500,375.3600,0.001645
_09204_,VGND,li1,239.2000,369.9200,0.003250
_09203_,VGND,li1,255.9900,375.3600,0.001648
_09202_,VGND,li1,258.2900,375.3600,0.001649
_09201_,VGND,li1,260.1300,375.3600,0.001649
_09200_,VGND,li1,270.4800,375.3600,0.001650
_09199_,VGND,li1,250.9300,386.2400,0.000736
_09198_,VGND,li1,253.4600,331.8400,0.000199
_09197_,VGND,li1,266.8000,353.6000,0.000689
_09196_,VGND,li1,291.4100,353.6000,0.000657
_09195_,VGND,li1,286.3500,353.6000,0.000670
_09194_,VGND,li1,288.4200,353.6000,0.000665
_09193_,VGND,li1,287.0400,369.9200,0.002367
_09192_,VGND,li1,336.0300,380.8000,0.001259
_09191_,VGND,li1,336.2600,359.0400,0.000103
_09190_,VGND,li1,330.5100,375.3600,0.000473
_09189_,VGND,li1,332.8100,375.3600,0.000401
_09188_,VGND,li1,322.2300,369.9200,0.000955
_09187_,VGND,li1,321.3100,353.6000,0.000402
_09186_,VGND,li1,316.0200,353.6000,0.000453
_09185_,VGND,li1,308.4300,353.6000,0.000543
_09184_,VGND,li1,306.1300,348.1600,0.000583
_09183_,VGND,li1,303.8300,348.1600,0.000608
_09182_,VGND,li1,306.8200,348.1600,0.000583
_09181_,VGND,li1,310.5000,348.1600,0.000533
_09180_,VGND,li1,290.9500,348.1600,0.000667
_09179_,VGND,li1,293.2500,348.1600,0.000660
_09178_,VGND,li1,285.4300,342.7200,0.000296
_09177_,VGND,li1,285.6600,337.2800,0.000227
_09176_,VGND,li1,288.4200,320.9600,0.000269
_09175_,VGND,li1,261.5100,331.8400,0.000201
_09174_,VGND,li1,262.8900,326.4000,0.000313
_09173_,VGND,li1,257.8300,320.9600,0.000306
_09172_,VGND,li1,260.5900,320.9600,0.000304
_09171_,VGND,li1,261.2800,315.5200,0.000250
_09170_,VGND,li1,226.5500,315.5200,0.000271
_09169_,VGND,li1,228.3900,315.5200,0.000270
_09168_,VGND,li1,221.9500,310.0800,0.000139
_09167_,VGND,li1,229.0800,310.0800,0.000150
_09166_,VGND,li1,226.3200,310.0800,0.000147
_09165_,VGND,li1,214.1300,304.6400,0.000281
_09164_,VGND,li1,212.7500,299.2000,0.000086
_09163_,VGND,li1,213.6700,299.2000,0.000088
_09162_,VGND,li1,216.6600,299.2000,0.000090
_09161_,VGND,li1,220.8000,293.7600,0.000075
_09160_,VGND,li1,187.9100,293.7600,0.000050
_09159_,VGND,li1,186.0700,288.3200,0.000166
_09158_,VGND,li1,188.8300,288.3200,0.000174
_09157_,VGND,li1,220.3400,293.7600,0.000075
_09156_,VGND,li1,173.6500,293.7600,0.000042
_09155_,VGND,li1,170.6600,293.7600,0.000046
_09154_,VGND,li1,166.5200,293.7600,0.000052
_09153_,VGND,li1,166.7500,288.3200,0.000314
_09152_,VGND,li1,166.5200,293.7600,0.000052
_09151_,VGND,li1,205.3900,304.6400,0.000236
_09150_,VGND,li1,202.4000,304.6400,0.000219
_09149_,VGND,li1,200.1000,299.2000,0.000073
_09148_,VGND,li1,202.6300,299.2000,0.000076
_09147_,VGND,li1,197.1100,293.7600,0.000060
_09146_,VGND,li1,200.7900,293.7600,0.000063
_09145_,VGND,li1,194.3500,293.7600,0.000057
_09144_,VGND,li1,199.4100,293.7600,0.000062
_09143_,VGND,li1,204.0100,293.7600,0.000066
_09142_,VGND,li1,220.1100,315.5200,0.000266
_09141_,VGND,li1,217.3500,315.5200,0.000260
_09140_,VGND,li1,217.3500,310.0800,0.000133
_09139_,VGND,li1,196.6500,310.0800,0.000089
_09138_,VGND,li1,194.3500,310.0800,0.000083
_09137_,VGND,li1,197.8000,310.0800,0.000093
_09136_,VGND,li1,195.7300,310.0800,0.000089
_09135_,VGND,li1,239.2000,310.0800,0.000159
_09134_,VGND,li1,193.6600,304.6400,0.000173
_09133_,VGND,li1,190.2100,304.6400,0.000154
_09132_,VGND,li1,188.3700,304.6400,0.000144
_09131_,VGND,li1,189.7500,299.2000,0.000061
_09130_,VGND,li1,191.5900,304.6400,0.000154
_09129_,VGND,li1,161.6900,293.7600,0.000060
_09128_,VGND,li1,185.6100,310.0800,0.000065
_09127_,VGND,li1,168.3600,310.0800,0.000060
_09126_,VGND,li1,167.6700,304.6400,0.000097
_09125_,VGND,li1,174.1100,304.6400,0.000086
_09124_,VGND,li1,169.9700,304.6400,0.000093
_09123_,VGND,li1,157.5500,304.6400,0.000114
_09122_,VGND,li1,161.2300,304.6400,0.000111
_09121_,VGND,li1,221.0300,320.9600,0.000297
_09120_,VGND,li1,249.5500,315.5200,0.000261
_09119_,VGND,li1,255.9900,326.4000,0.000324
_09118_,VGND,li1,252.3100,326.4000,0.000324
_09117_,VGND,li1,249.5500,326.4000,0.000324
_09116_,VGND,li1,239.2000,331.8400,0.000191
_09115_,VGND,li1,241.5000,331.8400,0.000194
_09114_,VGND,li1,240.1200,326.4000,0.000321
_09113_,VGND,li1,237.8200,326.4000,0.000319
_09112_,VGND,li1,245.6400,331.8400,0.000196
_09111_,VGND,li1,242.4200,326.4000,0.000322
_09110_,VGND,li1,241.7300,326.4000,0.000321
_09109_,VGND,li1,237.8200,320.9600,0.000304
_09108_,VGND,li1,235.7500,320.9600,0.000303
_09107_,VGND,li1,230.2300,320.9600,0.000301
_09106_,VGND,li1,232.9900,320.9600,0.000302
_09105_,VGND,li1,230.2300,315.5200,0.000270
_09104_,VGND,li1,232.9900,315.5200,0.000269
_09103_,VGND,li1,239.4300,320.9600,0.000304
_09102_,VGND,li1,232.5300,337.2800,0.000333
_09101_,VGND,li1,229.3100,337.2800,0.000338
_09100_,VGND,li1,230.2300,331.8400,0.000184
_09099_,VGND,li1,232.0700,331.8400,0.000187
_09098_,VGND,li1,249.0900,337.2800,0.000307
_09097_,VGND,li1,202.6300,331.8400,0.000159
_09096_,VGND,li1,168.5900,331.8400,0.000114
_09095_,VGND,li1,164.4500,331.8400,0.000121
_09094_,VGND,li1,200.3300,331.8400,0.000156
_09093_,VGND,li1,203.0900,331.8400,0.000159
_09092_,VGND,li1,203.3200,326.4000,0.000209
_09091_,VGND,li1,199.8700,326.4000,0.000185
_09090_,VGND,li1,222.8700,337.2800,0.000347
_09089_,VGND,li1,220.8000,331.8400,0.000177
_09088_,VGND,li1,219.6500,337.2800,0.000350
_09087_,VGND,li1,225.6300,337.2800,0.000343
_09086_,VGND,li1,254.8400,315.5200,0.000258
_09085_,VGND,li1,268.1800,331.8400,0.000193
_09084_,VGND,li1,286.3500,353.6000,0.000670
_09083_,VGND,li1,290.0300,353.6000,0.000665
_09082_,VGND,li1,280.8300,353.6000,0.000680
_09081_,VGND,li1,283.5900,353.6000,0.000676
_09080_,VGND,li1,274.8500,353.6000,0.000686
_09079_,VGND,li1,268.8700,353.6000,0.000689
_09078_,VGND,li1,268.4100,353.6000,0.000689
_09077_,VGND,li1,271.1700,353.6000,0.000688
_09076_,VGND,li1,272.3200,359.0400,0.000550
_09075_,VGND,li1,252.3100,353.6000,0.000676
_09074_,VGND,li1,248.1700,348.1600,0.000539
_09073_,VGND,li1,251.3900,348.1600,0.000548
_09072_,VGND,li1,245.4100,348.1600,0.000515
_09071_,VGND,li1,239.8900,342.7200,0.000233
_09070_,VGND,li1,233.9100,342.7200,0.000220
_09069_,VGND,li1,234.8300,342.7200,0.000220
_09068_,VGND,li1,231.6100,342.7200,0.000213
_09067_,VGND,li1,241.7300,342.7200,0.000239
_09066_,VGND,li1,241.2700,359.0400,0.000661
_09065_,VGND,li1,258.5200,342.7200,0.000276
_09064_,VGND,li1,284.0500,369.9200,0.002477
_09063_,VGND,li1,289.1100,369.9200,0.002291
_09062_,VGND,li1,287.9600,375.3600,0.001554
_09061_,VGND,li1,290.7200,375.3600,0.001523
_09060_,VGND,li1,262.4300,380.8000,0.005555
_09059_,VGND,li1,259.2100,380.8000,0.005442
_09058_,VGND,li1,255.5300,380.8000,0.005265
_09057_,VGND,li1,265.4200,386.2400,0.000718
_09056_,VGND,li1,242.6500,386.2400,0.000742
_09055_,VGND,li1,239.4300,386.2400,0.000744
_09054_,VGND,li1,236.2100,386.2400,0.000743
_09053_,VGND,li1,232.0700,386.2400,0.000742
_09052_,VGND,li1,240.5800,380.8000,0.004730
_09051_,VGND,li1,252.3100,380.8000,0.005201
_09050_,VGND,li1,251.1600,380.8000,0.005136
_09049_,VGND,li1,248.1700,386.2400,0.000738
_09048_,VGND,li1,248.6300,380.8000,0.005071
_09047_,VGND,li1,281.7500,375.3600,0.001632
_09046_,VGND,li1,274.3900,375.3600,0.001650
_09045_,VGND,li1,294.1700,375.3600,0.001472
_09044_,VGND,li1,268.6400,375.3600,0.001650
_09043_,VGND,li1,267.9500,375.3600,0.001650
_09042_,VGND,li1,272.0900,375.3600,0.001650
_09041_,VGND,li1,244.4900,375.3600,0.001646
_09040_,VGND,li1,279.4500,320.9600,0.000283
_09039_,VGND,li1,294.8600,359.0400,0.000403
_09038_,VGND,li1,303.8300,359.0400,0.000327
_09037_,VGND,li1,303.3700,364.4800,0.001362
_09036_,VGND,li1,303.1400,359.0400,0.000341
_09035_,VGND,li1,342.4700,359.0400,0.000110
_09034_,VGND,li1,350.5200,353.6000,0.000302
_09033_,VGND,li1,347.7600,348.1600,0.000335
_09032_,VGND,li1,342.2400,353.6000,0.000288
_09031_,VGND,li1,339.4800,353.6000,0.000280
_09030_,VGND,li1,337.1800,353.6000,0.000268
_09029_,VGND,li1,330.5100,348.1600,0.000279
_09028_,VGND,li1,331.2000,353.6000,0.000231
_09027_,VGND,li1,325.4500,353.6000,0.000332
_09026_,VGND,li1,321.5400,353.6000,0.000402
_09025_,VGND,li1,320.1600,348.1600,0.000414
_09024_,VGND,li1,320.6200,348.1600,0.000414
_09023_,VGND,li1,312.3400,342.7200,0.000214
_09022_,VGND,li1,314.6400,342.7200,0.000199
_09021_,VGND,li1,309.1200,326.4000,0.000169
_09020_,VGND,li1,309.1200,320.9600,0.000209
_09019_,VGND,li1,291.6400,320.9600,0.000261
_09018_,VGND,li1,293.9400,320.9600,0.000255
_09017_,VGND,li1,282.6700,320.9600,0.000278
_09016_,VGND,li1,286.5800,320.9600,0.000273
_09015_,VGND,li1,264.5000,315.5200,0.000248
_09014_,VGND,li1,266.8000,315.5200,0.000244
_09013_,VGND,li1,260.3600,310.0800,0.000175
_09012_,VGND,li1,260.1300,304.6400,0.000319
_09011_,VGND,li1,235.0600,304.6400,0.000339
_09010_,VGND,li1,229.3100,304.6400,0.000336
_09009_,VGND,li1,226.7800,299.2000,0.000097
_09008_,VGND,li1,229.0800,299.2000,0.000098
_09007_,VGND,li1,244.7200,299.2000,0.000099
_09006_,VGND,li1,226.3200,293.7600,0.000077
_09005_,VGND,li1,222.6400,299.2000,0.000094
_09004_,VGND,li1,223.1000,293.7600,0.000076
_09003_,VGND,li1,223.5600,293.7600,0.000076
_09002_,VGND,li1,239.2000,293.7600,0.000078
_09001_,VGND,li1,222.1800,288.3200,0.000241
_09000_,VGND,li1,220.1100,288.3200,0.000237
_08999_,VGND,li1,216.6600,293.7600,0.000074
_08998_,VGND,li1,214.5900,288.3200,0.000224
_08997_,VGND,li1,223.7900,288.3200,0.000241
_08996_,VGND,li1,210.4500,293.7600,0.000070
_08995_,VGND,li1,206.0800,299.2000,0.000081
_08994_,VGND,li1,204.0100,293.7600,0.000066
_08993_,VGND,li1,207.2300,293.7600,0.000067
_08992_,VGND,li1,207.6900,293.7600,0.000067
_08991_,VGND,li1,221.9500,304.6400,0.000315
_08990_,VGND,li1,219.1900,304.6400,0.000303
_08989_,VGND,li1,209.0700,304.6400,0.000248
_08988_,VGND,li1,202.1700,304.6400,0.000219
_08987_,VGND,li1,205.1600,304.6400,0.000236
_08986_,VGND,li1,230.2300,299.2000,0.000098
_08985_,VGND,li1,257.8300,315.5200,0.000254
_08984_,VGND,li1,252.7700,315.5200,0.000260
_08983_,VGND,li1,253.9200,315.5200,0.000258
_08982_,VGND,li1,251.8500,315.5200,0.000260
_08981_,VGND,li1,247.0200,315.5200,0.000263
_08980_,VGND,li1,244.7200,315.5200,0.000264
_08979_,VGND,li1,246.1000,310.0800,0.000166
_08978_,VGND,li1,248.4000,310.0800,0.000168
_08977_,VGND,li1,266.8000,304.6400,0.000309
_08976_,VGND,li1,239.2000,310.0800,0.000159
_08975_,VGND,li1,241.7300,310.0800,0.000162
_08974_,VGND,li1,238.7400,304.6400,0.000337
_08973_,VGND,li1,235.7500,310.0800,0.000157
_08972_,VGND,li1,185.1500,310.0800,0.000060
_08971_,VGND,li1,240.8100,310.0800,0.000162
_08970_,VGND,li1,244.0300,315.5200,0.000265
_08969_,VGND,li1,242.4200,315.5200,0.000265
_08968_,VGND,li1,239.4300,315.5200,0.000267
_08967_,VGND,li1,236.2100,315.5200,0.000268
_08966_,VGND,li1,242.1900,310.0800,0.000162
_08965_,VGND,li1,267.2600,315.5200,0.000244
_08964_,VGND,li1,285.4300,326.4000,0.000251
_08963_,VGND,li1,283.3600,326.4000,0.000257
_08962_,VGND,li1,280.6000,326.4000,0.000265
_08961_,VGND,li1,274.8500,326.4000,0.000282
_08960_,VGND,li1,277.8400,326.4000,0.000273
_08959_,VGND,li1,267.9500,326.4000,0.000300
_08958_,VGND,li1,265.1900,331.8400,0.000197
_08957_,VGND,li1,266.1100,331.8400,0.000197
_08956_,VGND,li1,267.9500,331.8400,0.000193
_08955_,VGND,li1,270.4800,331.8400,0.000189
_08954_,VGND,li1,250.0100,331.8400,0.000198
_08953_,VGND,li1,243.3400,331.8400,0.000195
_08952_,VGND,li1,248.1700,331.8400,0.000197
_08951_,VGND,li1,244.0300,331.8400,0.000195
_08950_,VGND,li1,241.2700,331.8400,0.000194
_08949_,VGND,li1,260.5900,342.7200,0.000280
_08948_,VGND,li1,259.2100,337.2800,0.000288
_08947_,VGND,li1,269.3300,337.2800,0.000265
_08946_,VGND,li1,253.6900,337.2800,0.000298
_08945_,VGND,li1,252.5400,337.2800,0.000298
_08944_,VGND,li1,255.7600,337.2800,0.000292
_08943_,VGND,li1,248.6300,337.2800,0.000307
_08942_,VGND,li1,251.8500,342.7200,0.000259
_08941_,VGND,li1,223.7900,337.2800,0.000345
_08940_,VGND,li1,250.0100,342.7200,0.000255
_08939_,VGND,li1,256.4500,342.7200,0.000270
_08938_,VGND,li1,253.9200,342.7200,0.000266
_08937_,VGND,li1,243.1100,342.7200,0.000239
_08936_,VGND,li1,281.2900,331.8400,0.000173
_08935_,VGND,li1,309.8100,353.6000,0.000543
_08934_,VGND,li1,309.1200,359.0400,0.000293
_08933_,VGND,li1,303.8300,353.6000,0.000582
_08932_,VGND,li1,297.3900,359.0400,0.000377
_08931_,VGND,li1,296.0100,353.6000,0.000633
_08930_,VGND,li1,293.4800,353.6000,0.000645
_08929_,VGND,li1,293.4800,359.0400,0.000403
_08928_,VGND,li1,304.9800,364.4800,0.001299
_08927_,VGND,li1,305.9000,364.4800,0.001299
_08926_,VGND,li1,277.1500,359.0400,0.000517
_08925_,VGND,li1,271.6300,353.6000,0.000688
_08924_,VGND,li1,252.3100,359.0400,0.000644
_08923_,VGND,li1,254.6100,359.0400,0.000640
_08922_,VGND,li1,252.3100,364.4800,0.002205
_08921_,VGND,li1,245.8700,364.4800,0.002216
_08920_,VGND,li1,243.5700,359.0400,0.000656
_08919_,VGND,li1,241.9600,364.4800,0.002223
_08918_,VGND,li1,242.6500,364.4800,0.002223
_08917_,VGND,li1,239.4300,364.4800,0.002227
_08916_,VGND,li1,242.1900,386.2400,0.000744
_08915_,VGND,li1,274.3900,342.7200,0.000293
_08914_,VGND,li1,299.6900,359.0400,0.000358
_08913_,VGND,li1,299.2300,364.4800,0.001543
_08912_,VGND,li1,301.0700,364.4800,0.001433
_08911_,VGND,li1,299.6900,369.9200,0.001900
_08910_,VGND,li1,295.3200,369.9200,0.002121
_08909_,VGND,li1,297.6200,369.9200,0.001976
_08908_,VGND,li1,293.7100,375.3600,0.001472
_08907_,VGND,li1,291.8700,369.9200,0.002189
_08906_,VGND,li1,316.4800,375.3600,0.001013
_08905_,VGND,li1,268.4100,380.8000,0.005762
_08904_,VGND,li1,266.1100,380.8000,0.005635
_08903_,VGND,li1,266.5700,386.2400,0.000718
_08902_,VGND,li1,268.6400,386.2400,0.000715
_08901_,VGND,li1,261.5100,386.2400,0.000723
_08900_,VGND,li1,253.2300,380.8000,0.005201
_08899_,VGND,li1,302.2200,326.4000,0.000196
_08898_,VGND,li1,316.9400,364.4800,0.000888
_08897_,VGND,li1,357.8800,353.6000,0.000310
_08896_,VGND,li1,358.5700,348.1600,0.000370
_08895_,VGND,li1,355.3500,348.1600,0.000361
_08894_,VGND,li1,350.9800,348.1600,0.000347
_08893_,VGND,li1,347.3000,353.6000,0.000298
_08892_,VGND,li1,344.5400,348.1600,0.000314
_08891_,VGND,li1,344.3100,353.6000,0.000293
_08890_,VGND,li1,334.1900,348.1600,0.000254
_08889_,VGND,li1,336.9500,348.1600,0.000270
_08888_,VGND,li1,333.0400,348.1600,0.000238
_08887_,VGND,li1,329.3600,348.1600,0.000279
_08886_,VGND,li1,331.6600,342.7200,0.000106
_08885_,VGND,li1,321.7700,342.7200,0.000163
_08884_,VGND,li1,318.0900,342.7200,0.000188
_08883_,VGND,li1,324.5300,342.7200,0.000151
_08882_,VGND,li1,316.4800,320.9600,0.000181
_08881_,VGND,li1,320.3900,342.7200,0.000176
_08880_,VGND,li1,318.3200,326.4000,0.000130
_08879_,VGND,li1,313.7200,320.9600,0.000190
_08878_,VGND,li1,313.0300,320.9600,0.000200
_08877_,VGND,li1,306.3600,320.9600,0.000223
_08876_,VGND,li1,305.9000,315.5200,0.000147
_08875_,VGND,li1,306.8200,320.9600,0.000223
_08874_,VGND,li1,290.2600,315.5200,0.000194
_08873_,VGND,li1,284.5100,315.5200,0.000209
_08872_,VGND,li1,281.2900,304.6400,0.000288
_08871_,VGND,li1,285.4300,310.0800,0.000182
_08870_,VGND,li1,284.9700,304.6400,0.000281
_08869_,VGND,li1,262.6600,304.6400,0.000316
_08868_,VGND,li1,255.9900,310.0800,0.000173
_08867_,VGND,li1,258.9800,304.6400,0.000319
_08866_,VGND,li1,252.5400,304.6400,0.000326
_08865_,VGND,li1,254.6100,304.6400,0.000324
_08864_,VGND,li1,260.8200,299.2000,0.000094
_08863_,VGND,li1,247.9400,299.2000,0.000099
_08862_,VGND,li1,247.0200,304.6400,0.000330
_08861_,VGND,li1,247.4800,293.7600,0.000077
_08860_,VGND,li1,251.6200,299.2000,0.000097
_08859_,VGND,li1,257.1400,293.7600,0.000074
_08858_,VGND,li1,243.3400,293.7600,0.000078
_08857_,VGND,li1,243.1100,299.2000,0.000100
_08856_,VGND,li1,240.1200,293.7600,0.000078
_08855_,VGND,li1,236.2100,293.7600,0.000078
_08854_,VGND,li1,240.3500,299.2000,0.000100
_08853_,VGND,li1,239.4300,299.2000,0.000100
_08852_,VGND,li1,233.2200,299.2000,0.000099
_08851_,VGND,li1,229.7700,293.7600,0.000078
_08850_,VGND,li1,232.9900,293.7600,0.000078
_08849_,VGND,li1,236.2100,299.2000,0.000099
_08848_,VGND,li1,256.9100,304.6400,0.000321
_08847_,VGND,li1,249.3200,304.6400,0.000328
_08846_,VGND,li1,251.8500,304.6400,0.000326
_08845_,VGND,li1,281.7500,315.5200,0.000218
_08844_,VGND,li1,280.1400,315.5200,0.000218
_08843_,VGND,li1,277.8400,315.5200,0.000222
_08842_,VGND,li1,269.3300,315.5200,0.000238
_08841_,VGND,li1,269.3300,315.5200,0.000238
_08840_,VGND,li1,271.8600,310.0800,0.000180
_08839_,VGND,li1,269.7900,310.0800,0.000179
_08838_,VGND,li1,278.0700,304.6400,0.000292
_08837_,VGND,li1,267.7200,310.0800,0.000179
_08836_,VGND,li1,273.0100,310.0800,0.000180
_08835_,VGND,li1,269.5600,310.0800,0.000179
_08834_,VGND,li1,265.6500,310.0800,0.000178
_08833_,VGND,li1,268.8700,304.6400,0.000305
_08832_,VGND,li1,251.8500,320.9600,0.000306
_08831_,VGND,li1,247.7100,320.9600,0.000306
_08830_,VGND,li1,249.7800,320.9600,0.000306
_08829_,VGND,li1,304.7500,326.4000,0.000186
_08828_,VGND,li1,303.6000,326.4000,0.000196
_08827_,VGND,li1,306.3600,326.4000,0.000186
_08826_,VGND,li1,300.1500,326.4000,0.000202
_08825_,VGND,li1,284.9700,331.8400,0.000168
_08824_,VGND,li1,284.5100,331.8400,0.000168
_08823_,VGND,li1,281.7500,331.8400,0.000173
_08822_,VGND,li1,279.9100,337.2800,0.000243
_08821_,VGND,li1,270.4800,331.8400,0.000189
_08820_,VGND,li1,248.1700,331.8400,0.000197
_08819_,VGND,li1,223.3300,331.8400,0.000180
_08818_,VGND,li1,221.9500,337.2800,0.000347
_08817_,VGND,li1,277.6100,342.7200,0.000295
_08816_,VGND,li1,276.0000,348.1600,0.000644
_08815_,VGND,li1,277.8400,342.7200,0.000295
_08814_,VGND,li1,274.8500,337.2800,0.000251
_08813_,VGND,li1,295.3200,342.7200,0.000265
_08812_,VGND,li1,271.8600,337.2800,0.000257
_08811_,VGND,li1,280.6000,342.7200,0.000295
_08810_,VGND,li1,268.8700,342.7200,0.000291
_08809_,VGND,li1,270.7100,342.7200,0.000292
_08808_,VGND,li1,266.5700,342.7200,0.000289
_08807_,VGND,li1,243.5700,342.7200,0.000243
_08806_,VGND,li1,300.1500,331.8400,0.000136
_08805_,VGND,li1,324.5300,359.0400,0.000162
_08804_,VGND,li1,324.5300,353.6000,0.000332
_08803_,VGND,li1,324.9900,348.1600,0.000353
_08802_,VGND,li1,327.7500,353.6000,0.000295
_08801_,VGND,li1,318.0900,353.6000,0.000426
_08800_,VGND,li1,317.1700,359.0400,0.000222
_08799_,VGND,li1,313.0300,364.4800,0.001031
_08798_,VGND,li1,314.8700,364.4800,0.000959
_08797_,VGND,li1,308.8900,364.4800,0.001173
_08796_,VGND,li1,279.9100,364.4800,0.001993
_08795_,VGND,li1,279.4500,359.0400,0.000501
_08794_,VGND,li1,277.6100,359.0400,0.000517
_08793_,VGND,li1,281.7500,364.4800,0.001957
_08792_,VGND,li1,268.4100,364.4800,0.002122
_08791_,VGND,li1,267.0300,359.0400,0.000592
_08790_,VGND,li1,256.6800,364.4800,0.002197
_08789_,VGND,li1,253.6900,364.4800,0.002205
_08788_,VGND,li1,250.4700,364.4800,0.002208
_08787_,VGND,li1,317.1700,364.4800,0.000888
_08786_,VGND,li1,319.9300,364.4800,0.000784
_08785_,VGND,li1,321.7700,364.4800,0.000720
_08784_,VGND,li1,316.7100,375.3600,0.000950
_08783_,VGND,li1,317.1700,380.8000,0.003098
_08782_,VGND,li1,318.5500,380.8000,0.002771
_08781_,VGND,li1,319.7000,375.3600,0.000847
_08780_,VGND,li1,313.0300,375.3600,0.001076
_08779_,VGND,li1,333.7300,337.2800,0.000067
_08778_,VGND,li1,356.7300,348.1600,0.000361
_08777_,VGND,li1,358.8000,342.7200,0.000160
_08776_,VGND,li1,359.7200,337.2800,0.000121
_08775_,VGND,li1,356.0400,342.7200,0.000157
_08774_,VGND,li1,356.2700,337.2800,0.000118
_08773_,VGND,li1,347.5300,337.2800,0.000106
_08772_,VGND,li1,349.3700,348.1600,0.000335
_08771_,VGND,li1,350.5200,337.2800,0.000111
_08770_,VGND,li1,347.7600,342.7200,0.000143
_08769_,VGND,li1,344.5400,337.2800,0.000099
_08768_,VGND,li1,344.7700,348.1600,0.000314
_08767_,VGND,li1,342.7000,342.7200,0.000135
_08766_,VGND,li1,339.7100,342.7200,0.000126
_08765_,VGND,li1,341.3200,337.2800,0.000090
_08764_,VGND,li1,343.1600,320.9600,0.000095
_08763_,VGND,li1,342.0100,342.7200,0.000131
_08762_,VGND,li1,342.2400,337.2800,0.000090
_08761_,VGND,li1,337.8700,320.9600,0.000090
_08760_,VGND,li1,330.2800,320.9600,0.000097
_08759_,VGND,li1,336.2600,342.7200,0.000120
_08758_,VGND,li1,331.2000,342.7200,0.000106
_08757_,VGND,li1,334.1900,342.7200,0.000115
_08756_,VGND,li1,325.9100,320.9600,0.000125
_08755_,VGND,li1,331.8900,320.9600,0.000097
_08754_,VGND,li1,327.0600,320.9600,0.000125
_08753_,VGND,li1,326.6000,315.5200,0.000066
_08752_,VGND,li1,331.8900,331.8400,0.000058
_08751_,VGND,li1,330.0500,331.8400,0.000063
_08750_,VGND,li1,324.5300,315.5200,0.000075
_08749_,VGND,li1,312.3400,310.0800,0.000138
_08748_,VGND,li1,325.6800,310.0800,0.000094
_08747_,VGND,li1,322.2300,320.9600,0.000153
_08746_,VGND,li1,321.0800,320.9600,0.000153
_08745_,VGND,li1,318.7800,320.9600,0.000168
_08744_,VGND,li1,315.5600,310.0800,0.000130
_08743_,VGND,li1,317.4000,315.5200,0.000103
_08742_,VGND,li1,318.3200,310.0800,0.000120
_08741_,VGND,li1,316.9400,304.6400,0.000148
_08740_,VGND,li1,310.2700,310.0800,0.000147
_08739_,VGND,li1,313.9500,315.5200,0.000116
_08738_,VGND,li1,313.7200,304.6400,0.000166
_08737_,VGND,li1,308.6600,304.6400,0.000195
_08736_,VGND,li1,303.6000,315.5200,0.000157
_08735_,VGND,li1,307.0500,315.5200,0.000147
_08734_,VGND,li1,310.0400,315.5200,0.000138
_08733_,VGND,li1,300.8400,304.6400,0.000244
_08732_,VGND,li1,308.4300,315.5200,0.000138
_08731_,VGND,li1,308.4300,304.6400,0.000195
_08730_,VGND,li1,305.4400,304.6400,0.000211
_08729_,VGND,li1,310.5000,304.6400,0.000184
_08728_,VGND,li1,308.2000,299.2000,0.000047
_08727_,VGND,li1,306.1300,304.6400,0.000211
_08726_,VGND,li1,305.9000,299.2000,0.000050
_08725_,VGND,li1,287.9600,299.2000,0.000072
_08724_,VGND,li1,289.1100,304.6400,0.000274
_08723_,VGND,li1,294.6300,304.6400,0.000263
_08722_,VGND,li1,283.8200,304.6400,0.000285
_08721_,VGND,li1,284.2800,299.2000,0.000076
_08720_,VGND,li1,286.3500,304.6400,0.000281
_08719_,VGND,li1,285.6600,299.2000,0.000076
_08718_,VGND,li1,291.4100,299.2000,0.000068
_08717_,VGND,li1,275.5400,293.7600,0.000064
_08716_,VGND,li1,286.3500,293.7600,0.000055
_08715_,VGND,li1,277.6100,299.2000,0.000083
_08714_,VGND,li1,272.3200,293.7600,0.000066
_08713_,VGND,li1,278.5300,293.7600,0.000062
_08712_,VGND,li1,264.0400,299.2000,0.000093
_08711_,VGND,li1,266.3400,299.2000,0.000091
_08710_,VGND,li1,263.5800,293.7600,0.000072
_08709_,VGND,li1,261.7400,299.2000,0.000094
_08708_,VGND,li1,267.7200,299.2000,0.000090
_08707_,VGND,li1,271.4000,293.7600,0.000066
_08706_,VGND,li1,269.3300,293.7600,0.000068
_08705_,VGND,li1,274.8500,293.7600,0.000065
_08704_,VGND,li1,266.5700,293.7600,0.000070
_08703_,VGND,li1,258.9800,299.2000,0.000095
_08702_,VGND,li1,260.8200,293.7600,0.000072
_08701_,VGND,li1,260.5900,293.7600,0.000072
_08700_,VGND,li1,256.4500,293.7600,0.000074
_08699_,VGND,li1,258.7500,293.7600,0.000073
_08698_,VGND,li1,254.6100,299.2000,0.000097
_08697_,VGND,li1,252.0800,293.7600,0.000076
_08696_,VGND,li1,249.0900,299.2000,0.000098
_08695_,VGND,li1,301.0700,315.5200,0.000163
_08694_,VGND,li1,302.9100,315.5200,0.000157
_08693_,VGND,li1,300.6100,315.5200,0.000169
_08692_,VGND,li1,313.4900,310.0800,0.000138
_08691_,VGND,li1,303.8300,310.0800,0.000162
_08690_,VGND,li1,294.6300,315.5200,0.000182
_08689_,VGND,li1,291.8700,320.9600,0.000261
_08688_,VGND,li1,290.9500,315.5200,0.000194
_08687_,VGND,li1,287.2700,315.5200,0.000204
_08686_,VGND,li1,297.8500,310.0800,0.000180
_08685_,VGND,li1,303.6000,304.6400,0.000221
_08684_,VGND,li1,304.7500,310.0800,0.000162
_08683_,VGND,li1,298.3100,304.6400,0.000259
_08682_,VGND,li1,294.6300,310.0800,0.000181
_08681_,VGND,li1,281.2900,310.0800,0.000182
_08680_,VGND,li1,278.3000,310.0800,0.000182
_08679_,VGND,li1,275.7700,310.0800,0.000181
_08678_,VGND,li1,278.9900,310.0800,0.000182
_08677_,VGND,li1,283.5900,310.0800,0.000182
_08676_,VGND,li1,296.9300,315.5200,0.000175
_08675_,VGND,li1,322.2300,331.8400,0.000084
_08674_,VGND,li1,316.9400,331.8400,0.000100
_08673_,VGND,li1,319.7000,331.8400,0.000092
_08672_,VGND,li1,314.1800,331.8400,0.000105
_08671_,VGND,li1,303.8300,331.8400,0.000128
_08670_,VGND,li1,295.0900,331.8400,0.000147
_08669_,VGND,li1,297.8500,331.8400,0.000141
_08668_,VGND,li1,278.3000,331.8400,0.000179
_08667_,VGND,li1,274.3900,331.8400,0.000186
_08666_,VGND,li1,274.8500,331.8400,0.000183
_08665_,VGND,li1,304.2900,337.2800,0.000172
_08664_,VGND,li1,306.1300,337.2800,0.000166
_08663_,VGND,li1,304.7500,342.7200,0.000238
_08662_,VGND,li1,297.8500,342.7200,0.000257
_08661_,VGND,li1,299.0000,342.7200,0.000257
_08660_,VGND,li1,296.0100,337.2800,0.000194
_08659_,VGND,li1,292.7900,342.7200,0.000273
_08658_,VGND,li1,336.4900,337.2800,0.000079
_08657_,VGND,li1,332.3500,337.2800,0.000067
_08656_,VGND,li1,334.1900,337.2800,0.000073
_08655_,VGND,li1,338.5600,337.2800,0.000085
_08654_,VGND,li1,340.6300,359.0400,0.000108
_08653_,VGND,li1,330.5100,337.2800,0.000077
_08652_,VGND,li1,332.8100,359.0400,0.000098
_08651_,VGND,li1,329.1300,359.0400,0.000124
_08650_,VGND,li1,329.5900,359.0400,0.000124
_08649_,VGND,li1,326.3700,359.0400,0.000147
_08648_,VGND,li1,342.9300,359.0400,0.000110
_08647_,VGND,li1,337.4100,364.4800,0.000352
_08646_,VGND,li1,339.9400,369.9200,0.000480
_08645_,VGND,li1,324.0700,364.4800,0.000648
_08644_,VGND,li1,325.9100,364.4800,0.000576
_08643_,VGND,li1,325.9100,364.4800,0.000576
_08642_,VGND,li1,339.9400,364.4800,0.000353
_08641_,VGND,li1,336.0300,369.9200,0.000479
_08640_,VGND,li1,319.4700,369.9200,0.001077
_08639_,VGND,li1,316.7100,369.9200,0.001199
_08638_,VGND,li1,323.1500,375.3600,0.000783
_08637_,VGND,li1,330.7400,375.3600,0.000473
_08636_,VGND,li1,325.4500,375.3600,0.000648
_08635_,VGND,li1,338.3300,369.9200,0.000480
_08634_,VGND,li1,324.9900,369.9200,0.000824
_08633_,VGND,li1,283.1300,364.4800,0.001957
_08632_,VGND,li1,274.1600,364.4800,0.002047
_08631_,VGND,li1,278.7600,364.4800,0.001993
_08630_,VGND,li1,275.0800,369.9200,0.002804
_08629_,VGND,li1,274.8500,364.4800,0.002047
_08628_,VGND,li1,332.8100,364.4800,0.000352
_08627_,VGND,li1,329.5900,364.4800,0.000448
_08626_,VGND,li1,334.1900,364.4800,0.000352
_08625_,VGND,li1,330.5100,364.4800,0.000448
_08624_,VGND,li1,333.2700,331.8400,0.000058
_08623_,VGND,li1,319.9300,337.2800,0.000118
_08622_,VGND,li1,318.5500,337.2800,0.000118
_08621_,VGND,li1,316.7100,337.2800,0.000129
_08620_,VGND,li1,312.5700,337.2800,0.000144
_08619_,VGND,li1,311.8800,331.8400,0.000112
_08618_,VGND,li1,291.4100,331.8400,0.000154
_08617_,VGND,li1,294.8600,331.8400,0.000147
_08616_,VGND,li1,290.0300,331.8400,0.000160
_08615_,VGND,li1,286.3500,331.8400,0.000164
_08614_,VGND,li1,290.0300,337.2800,0.000214
_08613_,VGND,li1,311.1900,337.2800,0.000144
_08612_,VGND,li1,301.9900,342.7200,0.000248
_08611_,VGND,li1,298.7700,337.2800,0.000185
_08610_,VGND,li1,308.6600,337.2800,0.000158
_08609_,VGND,li1,365.0100,331.8400,0.000137
_08608_,VGND,li1,362.4800,331.8400,0.000134
_08607_,VGND,li1,359.2600,331.8400,0.000126
_08606_,VGND,li1,357.8800,331.8400,0.000126
_08605_,VGND,li1,355.1200,337.2800,0.000116
_08604_,VGND,li1,354.2000,331.8400,0.000115
_08603_,VGND,li1,350.2900,337.2800,0.000111
_08602_,VGND,li1,352.5900,337.2800,0.000114
_08601_,VGND,li1,348.9100,364.4800,0.000353
_08600_,VGND,li1,348.4500,359.0400,0.000110
_08599_,VGND,li1,346.1500,359.0400,0.000110
_08598_,VGND,li1,347.9900,369.9200,0.000482
_08597_,VGND,li1,344.0800,364.4800,0.000353
_08596_,VGND,li1,345.6900,369.9200,0.000482
_08595_,VGND,li1,342.4700,369.9200,0.000481
_08594_,VGND,li1,342.0100,364.4800,0.000353
_08593_,VGND,li1,338.7900,369.9200,0.000480
_08592_,VGND,li1,342.9300,331.8400,0.000088
_08591_,VGND,li1,345.6900,331.8400,0.000097
_08590_,VGND,li1,337.8700,320.9600,0.000090
_08589_,VGND,li1,340.1700,320.9600,0.000092
_08588_,VGND,li1,330.9700,326.4000,0.000066
_08587_,VGND,li1,329.1300,326.4000,0.000078
_08586_,VGND,li1,324.9900,331.8400,0.000077
_08585_,VGND,li1,291.4100,331.8400,0.000154
_08584_,VGND,li1,324.9900,326.4000,0.000096
_08583_,VGND,li1,308.8900,331.8400,0.000117
_08582_,VGND,li1,328.6700,326.4000,0.000078
_08581_,VGND,li1,335.5700,315.5200,0.000043
_08580_,VGND,li1,338.3300,315.5200,0.000044
_08579_,VGND,li1,339.4800,310.0800,0.000082
_08578_,VGND,li1,329.5900,310.0800,0.000080
_08577_,VGND,li1,325.9100,310.0800,0.000094
_08576_,VGND,li1,320.8500,310.0800,0.000110
_08575_,VGND,li1,323.8400,310.0800,0.000102
_08574_,VGND,li1,323.1500,304.6400,0.000113
_08573_,VGND,li1,324.0700,304.6400,0.000113
_08572_,VGND,li1,316.7100,304.6400,0.000148
_08571_,VGND,li1,311.6500,304.6400,0.000184
_08570_,VGND,li1,313.4900,304.6400,0.000166
_08569_,VGND,li1,305.2100,299.2000,0.000053
_08568_,VGND,li1,303.8300,299.2000,0.000053
_08567_,VGND,li1,295.0900,299.2000,0.000066
_08566_,VGND,li1,282.9000,299.2000,0.000078
_08565_,VGND,li1,279.9100,299.2000,0.000081
_08564_,VGND,li1,276.6900,299.2000,0.000083
_08563_,VGND,li1,292.7900,293.7600,0.000051
_08562_,VGND,li1,363.1700,326.4000,0.000100
_08561_,VGND,li1,359.9500,331.8400,0.000130
_08560_,VGND,li1,352.3600,331.8400,0.000110
_08559_,VGND,li1,354.8900,331.8400,0.000119
_08558_,VGND,li1,348.4500,359.0400,0.000110
_08557_,VGND,li1,352.1300,359.0400,0.000110
_08556_,VGND,li1,351.6700,359.0400,0.000110
_08555_,VGND,li1,351.6700,331.8400,0.000110
_08554_,VGND,li1,350.7500,326.4000,0.000089
_08553_,VGND,li1,348.2200,326.4000,0.000085
_08552_,VGND,li1,342.0100,326.4000,0.000080
_08551_,VGND,li1,336.2600,326.4000,0.000073
_08550_,VGND,li1,338.3300,326.4000,0.000075
_08549_,VGND,li1,315.7900,331.8400,0.000100
_08548_,VGND,li1,311.6500,331.8400,0.000112
_08547_,VGND,li1,328.2100,331.8400,0.000071
_08546_,VGND,li1,342.9300,310.0800,0.000082
_08545_,VGND,li1,337.6400,310.0800,0.000081
_08544_,VGND,li1,342.0100,310.0800,0.000082
_08543_,VGND,li1,335.1100,310.0800,0.000081
_08542_,VGND,li1,330.5100,310.0800,0.000080
_08541_,VGND,li1,326.3700,304.6400,0.000091
_08540_,VGND,li1,320.3900,304.6400,0.000135
_08539_,VGND,li1,328.6700,304.6400,0.000076
_08538_,VGND,li1,300.6100,299.2000,0.000059
_08537_,VGND,li1,298.3100,299.2000,0.000062
_08536_,VGND,li1,301.3000,299.2000,0.000059
_08535_,VGND,li1,358.1100,326.4000,0.000096
_08534_,VGND,li1,350.5200,320.9600,0.000099
_08533_,VGND,li1,350.9800,326.4000,0.000089
_08532_,VGND,li1,347.3000,326.4000,0.000085
_08531_,VGND,li1,345.0000,326.4000,0.000082
_08530_,VGND,li1,326.8300,326.4000,0.000087
_08529_,VGND,li1,336.0300,304.6400,0.000064
_08528_,VGND,li1,343.8500,310.0800,0.000082
_08527_,VGND,li1,339.2500,304.6400,0.000064
_08526_,VGND,li1,365.9300,174.0800,0.000129
_08525_,VGND,li1,153.8700,108.8000,0.000890
_08524_,VGND,li1,116.1500,108.8000,0.000967
_08523_,VGND,li1,77.9700,114.2400,0.002153
_08522_,VGND,li1,79.5800,114.2400,0.002195
_08521_,VGND,li1,82.5700,114.2400,0.002248
_08520_,VGND,li1,71.9900,114.2400,0.001962
_08519_,VGND,li1,68.7700,119.6800,0.000833
_08518_,VGND,li1,60.7200,119.6800,0.000729
_08517_,VGND,li1,66.0100,119.6800,0.000798
_08516_,VGND,li1,59.1100,125.1200,0.000759
_08515_,VGND,li1,52.2100,130.5600,0.000397
_08514_,VGND,li1,47.6100,152.3200,0.000268
_08513_,VGND,li1,50.6000,157.7600,0.000088
_08512_,VGND,li1,51.2900,152.3200,0.000298
_08511_,VGND,li1,48.9900,130.5600,0.000375
_08510_,VGND,li1,47.6100,141.4400,0.000126
_08509_,VGND,li1,43.4700,152.3200,0.000236
_08508_,VGND,li1,44.3900,141.4400,0.000115
_08507_,VGND,li1,41.1700,168.6400,0.000072
_08506_,VGND,li1,74.5200,136.0000,0.000263
_08505_,VGND,li1,46.6900,168.6400,0.000084
_08504_,VGND,li1,38.4100,179.5200,0.000062
_08503_,VGND,li1,44.3900,179.5200,0.000075
_08502_,VGND,li1,42.7800,163.2000,0.000097
_08501_,VGND,li1,71.5300,130.5600,0.000569
_08500_,VGND,li1,77.7400,130.5600,0.000625
_08499_,VGND,li1,65.0900,125.1200,0.000840
_08498_,VGND,li1,54.5100,125.1200,0.000693
_08497_,VGND,li1,76.5900,125.1200,0.001027
_08496_,VGND,li1,56.1200,141.4400,0.000152
_08495_,VGND,li1,116.8400,114.2400,0.002602
_08494_,VGND,li1,167.6700,114.2400,0.001942
_08493_,VGND,li1,169.5100,108.8000,0.000669
_08492_,VGND,li1,172.7300,114.2400,0.001739
_08491_,VGND,li1,168.1300,114.2400,0.001942
_08490_,VGND,li1,165.3700,114.2400,0.001984
_08489_,VGND,li1,164.9100,114.2400,0.001984
_08488_,VGND,li1,170.6600,114.2400,0.001816
_08487_,VGND,li1,163.5300,114.2400,0.002019
_08486_,VGND,li1,120.2900,114.2400,0.002595
_08485_,VGND,li1,113.8500,114.2400,0.002596
_08484_,VGND,li1,116.6100,114.2400,0.002602
_08483_,VGND,li1,114.0800,119.6800,0.001269
_08482_,VGND,li1,86.7100,114.2400,0.002327
_08481_,VGND,li1,88.0900,114.2400,0.002327
_08480_,VGND,li1,91.3100,114.2400,0.002374
_08479_,VGND,li1,93.3800,114.2400,0.002395
_08478_,VGND,li1,96.1400,114.2400,0.002420
_08477_,VGND,li1,85.7900,114.2400,0.002287
_08476_,VGND,li1,82.1100,119.6800,0.000976
_08475_,VGND,li1,82.1100,114.2400,0.002248
_08474_,VGND,li1,86.9400,125.1200,0.001171
_08473_,VGND,li1,65.5500,114.2400,0.001774
_08472_,VGND,li1,65.5500,119.6800,0.000798
_08471_,VGND,li1,62.7900,119.6800,0.000760
_08470_,VGND,li1,63.4800,119.6800,0.000760
_08469_,VGND,li1,63.7100,125.1200,0.000840
_08468_,VGND,li1,66.7000,125.1200,0.000884
_08467_,VGND,li1,64.4000,125.1200,0.000840
_08466_,VGND,li1,72.9100,125.1200,0.000975
_08465_,VGND,li1,79.5800,125.1200,0.001070
_08464_,VGND,li1,84.8700,125.1200,0.001140
_08463_,VGND,li1,81.4200,125.1200,0.001095
_08462_,VGND,li1,76.1300,130.5600,0.000608
_08461_,VGND,li1,81.4200,136.0000,0.000279
_08460_,VGND,li1,72.4500,130.5600,0.000584
_08459_,VGND,li1,75.4400,130.5600,0.000608
_08458_,VGND,li1,71.0700,136.0000,0.000252
_08457_,VGND,li1,72.4500,136.0000,0.000258
_08456_,VGND,li1,76.1300,136.0000,0.000263
_08455_,VGND,li1,73.6000,141.4400,0.000185
_08454_,VGND,li1,74.7500,119.6800,0.000899
_08453_,VGND,li1,102.3500,119.6800,0.001166
_08452_,VGND,li1,104.6500,119.6800,0.001186
_08451_,VGND,li1,99.8200,125.1200,0.001295
_08450_,VGND,li1,60.0300,130.5600,0.000483
_08449_,VGND,li1,60.2600,136.0000,0.000220
_08448_,VGND,li1,58.6500,136.0000,0.000209
_08447_,VGND,li1,53.5900,141.4400,0.000147
_08446_,VGND,li1,51.7500,146.8800,0.000085
_08445_,VGND,li1,52.9000,146.8800,0.000085
_08444_,VGND,li1,54.5100,152.3200,0.000323
_08443_,VGND,li1,51.2900,152.3200,0.000298
_08442_,VGND,li1,60.9500,152.3200,0.000370
_08441_,VGND,li1,61.4100,152.3200,0.000370
_08440_,VGND,li1,64.1700,157.7600,0.000107
_08439_,VGND,li1,64.6300,152.3200,0.000385
_08438_,VGND,li1,53.8200,168.6400,0.000101
_08437_,VGND,li1,62.5600,146.8800,0.000101
_08436_,VGND,li1,54.9700,146.8800,0.000091
_08435_,VGND,li1,53.5900,157.7600,0.000093
_08434_,VGND,li1,55.4300,157.7600,0.000096
_08433_,VGND,li1,57.5000,163.2000,0.000141
_08432_,VGND,li1,47.6100,157.7600,0.000082
_08431_,VGND,li1,45.3100,157.7600,0.000075
_08430_,VGND,li1,46.2300,163.2000,0.000106
_08429_,VGND,li1,39.7900,168.6400,0.000067
_08428_,VGND,li1,42.5500,168.6400,0.000072
_08427_,VGND,li1,38.1800,184.9600,0.000040
_08426_,VGND,li1,42.5500,157.7600,0.000070
_08425_,VGND,li1,45.3100,157.7600,0.000075
_08424_,VGND,li1,42.0900,174.0800,0.000118
_08423_,VGND,li1,45.5400,174.0800,0.000126
_08422_,VGND,li1,181.0100,114.2400,0.001593
_08421_,VGND,li1,180.5500,114.2400,0.001593
_08420_,VGND,li1,184.6900,114.2400,0.001811
_08419_,VGND,li1,184.2300,114.2400,0.001811
_08418_,VGND,li1,175.0300,114.2400,0.001576
_08417_,VGND,li1,171.8100,114.2400,0.001739
_08416_,VGND,li1,175.7200,119.6800,0.000855
_08415_,VGND,li1,166.2900,119.6800,0.001082
_08414_,VGND,li1,168.5900,119.6800,0.001027
_08413_,VGND,li1,162.1500,119.6800,0.001163
_08412_,VGND,li1,162.6100,119.6800,0.001163
_08411_,VGND,li1,164.6800,125.1200,0.001572
_08410_,VGND,li1,117.5300,119.6800,0.001283
_08409_,VGND,li1,110.6300,125.1200,0.001388
_08408_,VGND,li1,113.6200,125.1200,0.001404
_08407_,VGND,li1,114.0800,136.0000,0.000345
_08406_,VGND,li1,94.0700,125.1200,0.001251
_08405_,VGND,li1,90.8500,125.1200,0.001199
_08404_,VGND,li1,91.7700,119.6800,0.001070
_08403_,VGND,li1,91.3100,119.6800,0.001051
_08402_,VGND,li1,94.0700,119.6800,0.001091
_08401_,VGND,li1,99.1300,119.6800,0.001129
_08400_,VGND,li1,97.5200,125.1200,0.001269
_08399_,VGND,li1,102.3500,125.1200,0.001324
_08398_,VGND,li1,104.8800,130.5600,0.000781
_08397_,VGND,li1,102.5800,130.5600,0.000764
_08396_,VGND,li1,93.6100,130.5600,0.000722
_08395_,VGND,li1,90.6200,130.5600,0.000712
_08394_,VGND,li1,89.0100,136.0000,0.000294
_08393_,VGND,li1,89.7000,136.0000,0.000299
_08392_,VGND,li1,87.4000,136.0000,0.000294
_08391_,VGND,li1,84.4100,136.0000,0.000284
_08390_,VGND,li1,82.1100,141.4400,0.000197
_08389_,VGND,li1,81.1900,136.0000,0.000279
_08388_,VGND,li1,77.5100,136.0000,0.000270
_08387_,VGND,li1,79.1200,136.0000,0.000270
_08386_,VGND,li1,99.5900,136.0000,0.000320
_08385_,VGND,li1,98.6700,114.2400,0.002448
_08384_,VGND,li1,98.6700,114.2400,0.002448
_08383_,VGND,li1,98.4400,108.8000,0.000787
_08382_,VGND,li1,101.6600,108.8000,0.000817
_08381_,VGND,li1,102.1200,114.2400,0.002475
_08380_,VGND,li1,101.4300,114.2400,0.002475
_08379_,VGND,li1,106.0300,119.6800,0.001186
_08378_,VGND,li1,97.0600,146.8800,0.000122
_08377_,VGND,li1,129.0300,125.1200,0.001467
_08376_,VGND,li1,85.3300,130.5600,0.000683
_08375_,VGND,li1,88.3200,130.5600,0.000701
_08374_,VGND,li1,92.9200,152.3200,0.000595
_08373_,VGND,li1,62.7900,136.0000,0.000232
_08372_,VGND,li1,65.0900,136.0000,0.000239
_08371_,VGND,li1,62.7900,141.4400,0.000167
_08370_,VGND,li1,65.7800,141.4400,0.000172
_08369_,VGND,li1,62.7900,141.4400,0.000167
_08368_,VGND,li1,65.5500,141.4400,0.000172
_08367_,VGND,li1,61.8700,146.8800,0.000101
_08366_,VGND,li1,65.0900,146.8800,0.000104
_08365_,VGND,li1,65.5500,152.3200,0.000403
_08364_,VGND,li1,67.3900,152.3200,0.000416
_08363_,VGND,li1,81.4200,157.7600,0.000124
_08362_,VGND,li1,67.3900,157.7600,0.000110
_08361_,VGND,li1,86.2500,163.2000,0.000191
_08360_,VGND,li1,66.4700,157.7600,0.000110
_08359_,VGND,li1,71.7600,157.7600,0.000114
_08358_,VGND,li1,69.2300,163.2000,0.000165
_08357_,VGND,li1,69.2300,157.7600,0.000112
_08356_,VGND,li1,71.5300,157.7600,0.000114
_08355_,VGND,li1,72.9100,163.2000,0.000171
_08354_,VGND,li1,74.0600,157.7600,0.000117
_08353_,VGND,li1,74.9800,157.7600,0.000119
_08352_,VGND,li1,74.2900,163.2000,0.000174
_08351_,VGND,li1,74.2900,146.8800,0.000114
_08350_,VGND,li1,76.5900,141.4400,0.000187
_08349_,VGND,li1,68.7700,168.6400,0.000127
_08348_,VGND,li1,83.7200,146.8800,0.000121
_08347_,VGND,li1,61.4100,136.0000,0.000220
_08346_,VGND,li1,60.4900,163.2000,0.000150
_08345_,VGND,li1,62.5600,163.2000,0.000155
_08344_,VGND,li1,54.9700,163.2000,0.000136
_08343_,VGND,li1,51.2900,168.6400,0.000096
_08342_,VGND,li1,52.6700,168.6400,0.000096
_08341_,VGND,li1,54.7400,174.0800,0.000172
_08340_,VGND,li1,52.4400,174.0800,0.000162
_08339_,VGND,li1,71.9900,168.6400,0.000131
_08338_,VGND,li1,54.9700,168.6400,0.000101
_08337_,VGND,li1,56.1200,174.0800,0.000172
_08336_,VGND,li1,54.0500,174.0800,0.000162
_08335_,VGND,li1,48.0700,179.5200,0.000084
_08334_,VGND,li1,45.7700,184.9600,0.000052
_08333_,VGND,li1,42.0900,184.9600,0.000048
_08332_,VGND,li1,39.3300,179.5200,0.000062
_08331_,VGND,li1,35.6500,184.9600,0.000036
_08330_,VGND,li1,41.6300,184.9600,0.000048
_08329_,VGND,li1,40.2500,184.9600,0.000044
_08328_,VGND,li1,41.6300,190.4000,0.000047
_08327_,VGND,li1,41.4000,190.4000,0.000047
_08326_,VGND,li1,116.6100,119.6800,0.001283
_08325_,VGND,li1,118.9100,119.6800,0.001278
_08324_,VGND,li1,127.4200,119.6800,0.001259
_08323_,VGND,li1,117.9900,125.1200,0.001423
_08322_,VGND,li1,190.2100,114.2400,0.002030
_08321_,VGND,li1,191.1300,114.2400,0.002030
_08320_,VGND,li1,189.0600,114.2400,0.001973
_08319_,VGND,li1,187.6800,119.6800,0.001196
_08318_,VGND,li1,189.5200,119.6800,0.001273
_08317_,VGND,li1,178.2500,119.6800,0.000806
_08316_,VGND,li1,179.1700,125.1200,0.001540
_08315_,VGND,li1,175.9500,125.1200,0.001552
_08314_,VGND,li1,177.7900,125.1200,0.001540
_08313_,VGND,li1,191.3600,125.1200,0.003302
_08312_,VGND,li1,167.6700,125.1200,0.001578
_08311_,VGND,li1,163.0700,130.5600,0.000692
_08310_,VGND,li1,165.3700,130.5600,0.000665
_08309_,VGND,li1,162.3800,136.0000,0.000305
_08308_,VGND,li1,117.0700,130.5600,0.000835
_08307_,VGND,li1,112.9300,141.4400,0.000230
_08306_,VGND,li1,115.6900,141.4400,0.000225
_08305_,VGND,li1,116.8400,152.3200,0.000687
_08304_,VGND,li1,99.5900,152.3200,0.000631
_08303_,VGND,li1,97.7500,152.3200,0.000620
_08302_,VGND,li1,94.9900,152.3200,0.000607
_08301_,VGND,li1,90.8500,146.8800,0.000123
_08300_,VGND,li1,93.8400,146.8800,0.000122
_08299_,VGND,li1,86.7100,146.8800,0.000122
_08298_,VGND,li1,86.7100,152.3200,0.000546
_08297_,VGND,li1,87.1700,152.3200,0.000546
_08296_,VGND,li1,89.0100,152.3200,0.000568
_08295_,VGND,li1,106.7200,157.7600,0.000129
_08294_,VGND,li1,84.8700,157.7600,0.000127
_08293_,VGND,li1,81.1900,152.3200,0.000505
_08292_,VGND,li1,78.4300,157.7600,0.000120
_08291_,VGND,li1,78.8900,157.7600,0.000122
_08290_,VGND,li1,86.0200,157.7600,0.000127
_08289_,VGND,li1,84.6400,163.2000,0.000186
_08288_,VGND,li1,77.7400,163.2000,0.000177
_08287_,VGND,li1,87.8600,163.2000,0.000191
_08286_,VGND,li1,86.2500,146.8800,0.000122
_08285_,VGND,li1,84.6400,141.4400,0.000200
_08284_,VGND,li1,82.3400,141.4400,0.000197
_08283_,VGND,li1,80.2700,146.8800,0.000118
_08282_,VGND,li1,84.4100,146.8800,0.000121
_08281_,VGND,li1,74.9800,146.8800,0.000114
_08280_,VGND,li1,80.0400,146.8800,0.000118
_08279_,VGND,li1,92.9200,174.0800,0.000302
_08278_,VGND,li1,107.1800,152.3200,0.000659
_08277_,VGND,li1,94.0700,157.7600,0.000132
_08276_,VGND,li1,98.9000,179.5200,0.000162
_08275_,VGND,li1,64.1700,163.2000,0.000159
_08274_,VGND,li1,62.7900,168.6400,0.000115
_08273_,VGND,li1,63.2500,168.6400,0.000118
_08272_,VGND,li1,66.2400,168.6400,0.000123
_08271_,VGND,li1,65.5500,174.0800,0.000214
_08270_,VGND,li1,66.0100,174.0800,0.000214
_08269_,VGND,li1,68.0800,174.0800,0.000222
_08268_,VGND,li1,74.5200,174.0800,0.000246
_08267_,VGND,li1,74.7500,168.6400,0.000134
_08266_,VGND,li1,73.1400,168.6400,0.000134
_08265_,VGND,li1,85.5600,174.0800,0.000281
_08264_,VGND,li1,63.2500,174.0800,0.000206
_08263_,VGND,li1,63.2500,179.5200,0.000116
_08262_,VGND,li1,65.3200,179.5200,0.000121
_08261_,VGND,li1,55.4300,179.5200,0.000101
_08260_,VGND,li1,58.6500,179.5200,0.000105
_08259_,VGND,li1,53.1300,184.9600,0.000065
_08258_,VGND,li1,53.5900,179.5200,0.000096
_08257_,VGND,li1,51.2900,184.9600,0.000062
_08256_,VGND,li1,55.8900,184.9600,0.000068
_08255_,VGND,li1,49.4500,190.4000,0.000056
_08254_,VGND,li1,44.3900,190.4000,0.000050
_08253_,VGND,li1,41.4000,195.8400,0.000032
_08252_,VGND,li1,45.0800,195.8400,0.000034
_08251_,VGND,li1,60.4900,184.9600,0.000073
_08250_,VGND,li1,54.2800,190.4000,0.000064
_08249_,VGND,li1,50.8300,179.5200,0.000091
_08248_,VGND,li1,66.9300,179.5200,0.000121
_08247_,VGND,li1,68.7700,179.5200,0.000127
_08246_,VGND,li1,113.8500,130.5600,0.000821
_08245_,VGND,li1,117.7600,130.5600,0.000835
_08244_,VGND,li1,114.7700,130.5600,0.000828
_08243_,VGND,li1,115.9200,125.1200,0.001415
_08242_,VGND,li1,125.8100,125.1200,0.001456
_08241_,VGND,li1,132.7100,125.1200,0.001474
_08240_,VGND,li1,135.9300,130.5600,0.000800
_08239_,VGND,li1,132.0200,130.5600,0.000808
_08238_,VGND,li1,132.4800,130.5600,0.000808
_08237_,VGND,li1,126.7300,130.5600,0.000818
_08236_,VGND,li1,121.6700,136.0000,0.000342
_08235_,VGND,li1,122.8200,130.5600,0.000826
_08234_,VGND,li1,110.6300,136.0000,0.000341
_08233_,VGND,li1,106.2600,130.5600,0.000789
_08232_,VGND,li1,102.3500,136.0000,0.000324
_08231_,VGND,li1,97.2900,130.5600,0.000746
_08230_,VGND,li1,97.2900,136.0000,0.000315
_08229_,VGND,li1,97.7500,136.0000,0.000315
_08228_,VGND,li1,94.7600,141.4400,0.000212
_08227_,VGND,li1,107.8700,141.4400,0.000226
_08226_,VGND,li1,124.8900,119.6800,0.001264
_08225_,VGND,li1,128.5700,119.6800,0.001259
_08224_,VGND,li1,124.6600,119.6800,0.001264
_08223_,VGND,li1,126.9600,119.6800,0.001259
_08222_,VGND,li1,107.4100,114.2400,0.002533
_08221_,VGND,li1,105.3400,114.2400,0.002497
_08220_,VGND,li1,105.1100,114.2400,0.002497
_08219_,VGND,li1,112.7000,108.8000,0.000922
_08218_,VGND,li1,104.4200,108.8000,0.000858
_08217_,VGND,li1,111.3200,114.2400,0.002571
_08216_,VGND,li1,115.0000,152.3200,0.000683
_08215_,VGND,li1,145.8200,130.5600,0.000775
_08214_,VGND,li1,161.9200,125.1200,0.001564
_08213_,VGND,li1,160.3100,125.1200,0.001564
_08212_,VGND,li1,156.8600,125.1200,0.001554
_08211_,VGND,li1,148.1200,125.1200,0.001526
_08210_,VGND,li1,349.3700,125.1200,0.003961
_08209_,VGND,li1,345.9200,125.1200,0.003829
_08208_,VGND,li1,347.7600,125.1200,0.003961
_08207_,VGND,li1,343.3900,125.1200,0.003567
_08206_,VGND,li1,333.5000,130.5600,0.000551
_08205_,VGND,li1,333.7300,125.1200,0.002603
_08204_,VGND,li1,348.4500,136.0000,0.001173
_08203_,VGND,li1,346.1500,130.5600,0.000673
_08202_,VGND,li1,342.4700,125.1200,0.003567
_08201_,VGND,li1,348.9100,119.6800,0.001212
_08200_,VGND,li1,230.6900,125.1200,0.007444
_08199_,VGND,li1,227.4700,119.6800,0.002106
_08198_,VGND,li1,235.2900,125.1200,0.007573
_08197_,VGND,li1,208.1500,119.6800,0.001925
_08196_,VGND,li1,206.7700,125.1200,0.005265
_08195_,VGND,li1,203.0900,125.1200,0.004760
_08194_,VGND,li1,198.9500,125.1200,0.004320
_08193_,VGND,li1,218.7300,125.1200,0.006508
_08192_,VGND,li1,194.8100,125.1200,0.003894
_08191_,VGND,li1,191.1300,130.5600,0.000978
_08190_,VGND,li1,194.8100,130.5600,0.001070
_08189_,VGND,li1,192.0500,136.0000,0.000562
_08188_,VGND,li1,165.3700,130.5600,0.000665
_08187_,VGND,li1,163.5300,152.3200,0.000488
_08186_,VGND,li1,159.3900,146.8800,0.000079
_08185_,VGND,li1,157.5500,152.3200,0.000559
_08184_,VGND,li1,124.8900,152.3200,0.000691
_08183_,VGND,li1,115.2300,163.2000,0.000217
_08182_,VGND,li1,114.3100,168.6400,0.000166
_08181_,VGND,li1,117.7600,174.0800,0.000339
_08180_,VGND,li1,101.4300,174.0800,0.000319
_08179_,VGND,li1,101.4300,179.5200,0.000160
_08178_,VGND,li1,96.3700,174.0800,0.000307
_08177_,VGND,li1,89.4700,174.0800,0.000292
_08176_,VGND,li1,90.3900,168.6400,0.000150
_08175_,VGND,li1,85.3300,168.6400,0.000146
_08174_,VGND,li1,82.1100,174.0800,0.000265
_08173_,VGND,li1,81.6500,168.6400,0.000141
_08172_,VGND,li1,77.9700,168.6400,0.000139
_08171_,VGND,li1,80.9600,174.0800,0.000265
_08170_,VGND,li1,78.4300,174.0800,0.000259
_08169_,VGND,li1,80.0400,168.6400,0.000141
_08168_,VGND,li1,75.2100,168.6400,0.000136
_08167_,VGND,li1,91.5400,190.4000,0.000096
_08166_,VGND,li1,99.8200,174.0800,0.000319
_08165_,VGND,li1,95.9100,179.5200,0.000161
_08164_,VGND,li1,94.7600,179.5200,0.000161
_08163_,VGND,li1,77.5100,179.5200,0.000141
_08162_,VGND,li1,75.6700,179.5200,0.000138
_08161_,VGND,li1,71.9900,190.4000,0.000083
_08160_,VGND,li1,69.2300,190.4000,0.000081
_08159_,VGND,li1,64.1700,195.8400,0.000050
_08158_,VGND,li1,66.9300,190.4000,0.000078
_08157_,VGND,li1,59.1100,195.8400,0.000047
_08156_,VGND,li1,54.5100,195.8400,0.000043
_08155_,VGND,li1,50.6000,195.8400,0.000041
_08154_,VGND,li1,54.2800,195.8400,0.000043
_08153_,VGND,li1,63.9400,190.4000,0.000076
_08152_,VGND,li1,75.9000,195.8400,0.000054
_08151_,VGND,li1,77.0500,179.5200,0.000138
_08150_,VGND,li1,73.8300,179.5200,0.000135
_08149_,VGND,li1,73.3700,179.5200,0.000135
_08148_,VGND,li1,74.0600,184.9600,0.000087
_08147_,VGND,li1,71.0700,184.9600,0.000085
_08146_,VGND,li1,68.5400,184.9600,0.000082
_08145_,VGND,li1,63.9400,190.4000,0.000076
_08144_,VGND,li1,119.3700,152.3200,0.000690
_08143_,VGND,li1,113.3900,152.3200,0.000678
_08142_,VGND,li1,114.5400,157.7600,0.000127
_08141_,VGND,li1,110.6300,152.3200,0.000668
_08140_,VGND,li1,107.4100,152.3200,0.000659
_08139_,VGND,li1,109.7100,152.3200,0.000668
_08138_,VGND,li1,128.8000,152.3200,0.000679
_08137_,VGND,li1,104.1900,157.7600,0.000130
_08136_,VGND,li1,100.5100,163.2000,0.000205
_08135_,VGND,li1,103.5000,163.2000,0.000207
_08134_,VGND,li1,94.0700,163.2000,0.000199
_08133_,VGND,li1,97.0600,163.2000,0.000201
_08132_,VGND,li1,89.2400,157.7600,0.000129
_08131_,VGND,li1,102.5800,163.2000,0.000207
_08130_,VGND,li1,115.4600,163.2000,0.000217
_08129_,VGND,li1,106.4900,146.8800,0.000118
_08128_,VGND,li1,106.0300,141.4400,0.000224
_08127_,VGND,li1,101.8900,141.4400,0.000220
_08126_,VGND,li1,106.9500,141.4400,0.000224
_08125_,VGND,li1,100.0500,146.8800,0.000121
_08124_,VGND,li1,98.2100,141.4400,0.000216
_08123_,VGND,li1,98.2100,141.4400,0.000216
_08122_,VGND,li1,111.5500,141.4400,0.000228
_08121_,VGND,li1,110.8600,168.6400,0.000165
_08120_,VGND,li1,138.4600,152.3200,0.000647
_08119_,VGND,li1,159.3900,130.5600,0.000727
_08118_,VGND,li1,158.2400,130.5600,0.000727
_08117_,VGND,li1,152.9500,130.5600,0.000751
_08116_,VGND,li1,155.2500,130.5600,0.000741
_08115_,VGND,li1,149.2700,130.5600,0.000765
_08114_,VGND,li1,143.7500,130.5600,0.000782
_08113_,VGND,li1,143.9800,136.0000,0.000324
_08112_,VGND,li1,166.5200,136.0000,0.000292
_08111_,VGND,li1,139.1500,130.5600,0.000792
_08110_,VGND,li1,136.3900,130.5600,0.000800
_08109_,VGND,li1,136.3900,136.0000,0.000331
_08108_,VGND,li1,134.0900,130.5600,0.000804
_08107_,VGND,li1,126.7300,136.0000,0.000338
_08106_,VGND,li1,123.9700,136.0000,0.000340
_08105_,VGND,li1,123.5100,136.0000,0.000340
_08104_,VGND,li1,122.5900,141.4400,0.000212
_08103_,VGND,li1,124.6600,141.4400,0.000205
_08102_,VGND,li1,133.1700,141.4400,0.000187
_08101_,VGND,li1,144.2100,136.0000,0.000324
_08100_,VGND,li1,145.5900,125.1200,0.001520
_08099_,VGND,li1,142.8300,119.6800,0.001217
_08098_,VGND,li1,145.8200,119.6800,0.001208
_08097_,VGND,li1,145.8200,119.6800,0.001208
_08096_,VGND,li1,136.1600,119.6800,0.001239
_08095_,VGND,li1,132.4800,119.6800,0.001245
_08094_,VGND,li1,132.7100,114.2400,0.002441
_08093_,VGND,li1,136.6200,114.2400,0.002370
_08092_,VGND,li1,133.1700,114.2400,0.002416
_08091_,VGND,li1,126.2700,114.2400,0.002514
_08090_,VGND,li1,134.7800,114.2400,0.002416
_08089_,VGND,li1,135.2400,108.8000,0.000931
_08088_,VGND,li1,132.7100,119.6800,0.001245
_08087_,VGND,li1,139.3800,119.6800,0.001226
_08086_,VGND,li1,135.7000,119.6800,0.001239
_08085_,VGND,li1,152.9500,152.3200,0.000584
_08084_,VGND,li1,175.0300,136.0000,0.000261
_08083_,VGND,li1,187.6800,125.1200,0.002920
_08082_,VGND,li1,188.8300,125.1200,0.002920
_08081_,VGND,li1,185.3800,125.1200,0.002599
_08080_,VGND,li1,195.9600,119.6800,0.001485
_08079_,VGND,li1,346.6100,119.6800,0.001172
_08078_,VGND,li1,345.0000,125.1200,0.003829
_08077_,VGND,li1,334.6500,125.1200,0.002603
_08076_,VGND,li1,235.7500,125.1200,0.007573
_08075_,VGND,li1,232.5300,119.6800,0.002119
_08074_,VGND,li1,238.5100,125.1200,0.007558
_08073_,VGND,li1,244.0300,125.1200,0.007481
_08072_,VGND,li1,223.3300,125.1200,0.006911
_08071_,VGND,li1,220.1100,125.1200,0.006508
_08070_,VGND,li1,223.7900,125.1200,0.006911
_08069_,VGND,li1,222.4100,130.5600,0.001706
_08068_,VGND,li1,194.8100,130.5600,0.001070
_08067_,VGND,li1,191.5900,152.3200,0.000462
_08066_,VGND,li1,190.6700,146.8800,0.000072
_08065_,VGND,li1,189.7500,163.2000,0.000233
_08064_,VGND,li1,157.0900,152.3200,0.000559
_08063_,VGND,li1,155.7100,168.6400,0.000167
_08062_,VGND,li1,159.3900,168.6400,0.000158
_08061_,VGND,li1,155.7100,174.0800,0.000252
_08060_,VGND,li1,117.0700,174.0800,0.000339
_08059_,VGND,li1,117.0700,168.6400,0.000167
_08058_,VGND,li1,114.7700,174.0800,0.000338
_08057_,VGND,li1,120.0600,184.9600,0.000114
_08056_,VGND,li1,97.7500,179.5200,0.000162
_08055_,VGND,li1,94.5300,190.4000,0.000096
_08054_,VGND,li1,90.3900,190.4000,0.000095
_08053_,VGND,li1,93.3800,190.4000,0.000096
_08052_,VGND,li1,79.8100,190.4000,0.000089
_08051_,VGND,li1,75.2100,195.8400,0.000054
_08050_,VGND,li1,70.6100,195.8400,0.000053
_08049_,VGND,li1,72.4500,195.8400,0.000053
_08048_,VGND,li1,80.2700,195.8400,0.000055
_08047_,VGND,li1,85.3300,195.8400,0.000056
_08046_,VGND,li1,100.2800,190.4000,0.000098
_08045_,VGND,li1,88.0900,179.5200,0.000154
_08044_,VGND,li1,90.8500,179.5200,0.000157
_08043_,VGND,li1,87.4000,184.9600,0.000099
_08042_,VGND,li1,81.6500,179.5200,0.000146
_08041_,VGND,li1,65.5500,184.9600,0.000079
_08040_,VGND,li1,66.4700,195.8400,0.000051
_08039_,VGND,li1,63.2500,184.9600,0.000076
_08038_,VGND,li1,66.7000,190.4000,0.000078
_08037_,VGND,li1,60.4900,190.4000,0.000072
_08036_,VGND,li1,112.4700,174.0800,0.000335
_08035_,VGND,li1,108.7900,174.0800,0.000330
_08034_,VGND,li1,111.7800,174.0800,0.000335
_08033_,VGND,li1,104.6500,174.0800,0.000327
_08032_,VGND,li1,102.3500,168.6400,0.000159
_08031_,VGND,li1,104.6500,168.6400,0.000160
_08030_,VGND,li1,106.0300,168.6400,0.000160
_08029_,VGND,li1,105.8000,163.2000,0.000210
_08028_,VGND,li1,99.1300,168.6400,0.000157
_08027_,VGND,li1,126.7300,174.0800,0.000323
_08026_,VGND,li1,110.4000,179.5200,0.000155
_08025_,VGND,li1,129.2600,168.6400,0.000170
_08024_,VGND,li1,152.9500,152.3200,0.000584
_08023_,VGND,li1,150.8800,152.3200,0.000599
_08022_,VGND,li1,145.1300,152.3200,0.000621
_08021_,VGND,li1,148.1200,152.3200,0.000610
_08020_,VGND,li1,138.6900,152.3200,0.000647
_08019_,VGND,li1,135.4700,152.3200,0.000657
_08018_,VGND,li1,133.1700,152.3200,0.000665
_08017_,VGND,li1,147.6600,163.2000,0.000176
_08016_,VGND,li1,129.9500,157.7600,0.000118
_08015_,VGND,li1,125.3500,157.7600,0.000121
_08014_,VGND,li1,126.9600,157.7600,0.000121
_08013_,VGND,li1,120.2900,163.2000,0.000211
_08012_,VGND,li1,115.6900,157.7600,0.000126
_08011_,VGND,li1,119.6000,163.2000,0.000214
_08010_,VGND,li1,126.9600,163.2000,0.000204
_08009_,VGND,li1,136.6200,157.7600,0.000113
_08008_,VGND,li1,132.7100,146.8800,0.000103
_08007_,VGND,li1,132.2500,146.8800,0.000103
_08006_,VGND,li1,129.9500,141.4400,0.000196
_08005_,VGND,li1,137.3100,141.4400,0.000174
_08004_,VGND,li1,127.6500,141.4400,0.000201
_08003_,VGND,li1,130.4100,141.4400,0.000192
_08002_,VGND,li1,130.4100,146.8800,0.000104
_08001_,VGND,li1,133.8600,141.4400,0.000187
_08000_,VGND,li1,123.9700,146.8800,0.000108
_07999_,VGND,li1,123.2800,141.4400,0.000212
_07998_,VGND,li1,146.5100,146.8800,0.000091
_07997_,VGND,li1,121.2100,146.8800,0.000110
_07996_,VGND,li1,119.6000,141.4400,0.000217
_07995_,VGND,li1,119.8300,141.4400,0.000217
_07994_,VGND,li1,145.8200,174.0800,0.000280
_07993_,VGND,li1,162.3800,157.7600,0.000087
_07992_,VGND,li1,188.8300,130.5600,0.000849
_07991_,VGND,li1,184.4600,130.5600,0.000694
_07990_,VGND,li1,182.8500,130.5600,0.000694
_07989_,VGND,li1,181.7000,130.5600,0.000592
_07988_,VGND,li1,177.7900,130.5600,0.000507
_07987_,VGND,li1,174.5700,130.5600,0.000561
_07986_,VGND,li1,171.8100,130.5600,0.000584
_07985_,VGND,li1,175.0300,130.5600,0.000561
_07984_,VGND,li1,189.9800,141.4400,0.000084
_07983_,VGND,li1,169.9700,136.0000,0.000285
_07982_,VGND,li1,163.0700,136.0000,0.000305
_07981_,VGND,li1,164.4500,136.0000,0.000298
_07980_,VGND,li1,154.7900,136.0000,0.000315
_07979_,VGND,li1,146.0500,136.0000,0.000322
_07978_,VGND,li1,147.8900,141.4400,0.000148
_07977_,VGND,li1,148.8100,136.0000,0.000320
_07976_,VGND,li1,152.9500,141.4400,0.000137
_07975_,VGND,li1,163.7600,141.4400,0.000103
_07974_,VGND,li1,177.1000,141.4400,0.000063
_07973_,VGND,li1,195.7300,119.6800,0.001485
_07972_,VGND,li1,197.5700,119.6800,0.001582
_07971_,VGND,li1,197.8000,114.2400,0.001944
_07970_,VGND,li1,200.5600,114.2400,0.001910
_07969_,VGND,li1,149.2700,114.2400,0.002200
_07968_,VGND,li1,149.7300,119.6800,0.001201
_07967_,VGND,li1,152.7200,119.6800,0.001188
_07966_,VGND,li1,153.1800,119.6800,0.001188
_07965_,VGND,li1,143.7500,114.2400,0.002275
_07964_,VGND,li1,144.9000,114.2400,0.002275
_07963_,VGND,li1,147.8900,114.2400,0.002240
_07962_,VGND,li1,140.0700,114.2400,0.002346
_07961_,VGND,li1,142.3700,114.2400,0.002302
_07960_,VGND,li1,130.4100,114.2400,0.002468
_07959_,VGND,li1,127.1900,195.8400,0.000056
_07958_,VGND,li1,184.0000,157.7600,0.000077
_07957_,VGND,li1,207.0000,130.5600,0.001360
_07956_,VGND,li1,215.9700,125.1200,0.006080
_07955_,VGND,li1,215.0500,119.6800,0.001994
_07954_,VGND,li1,214.5900,125.1200,0.006080
_07953_,VGND,li1,215.5100,114.2400,0.001734
_07952_,VGND,li1,286.3500,125.1200,0.006177
_07951_,VGND,li1,350.7500,125.1200,0.004002
_07950_,VGND,li1,348.6800,130.5600,0.000702
_07949_,VGND,li1,343.6200,136.0000,0.001084
_07948_,VGND,li1,337.4100,125.1200,0.003069
_07947_,VGND,li1,340.1700,125.1200,0.003371
_07946_,VGND,li1,315.5600,130.5600,0.001158
_07945_,VGND,li1,285.4300,125.1200,0.006177
_07944_,VGND,li1,281.7500,125.1200,0.006383
_07943_,VGND,li1,281.2900,125.1200,0.006383
_07942_,VGND,li1,284.0500,130.5600,0.001730
_07941_,VGND,li1,247.2500,125.1200,0.007426
_07940_,VGND,li1,244.0300,130.5600,0.001924
_07939_,VGND,li1,240.3500,130.5600,0.001899
_07938_,VGND,li1,241.7300,136.0000,0.001377
_07937_,VGND,li1,227.9300,130.5600,0.001798
_07936_,VGND,li1,220.1100,152.3200,0.000688
_07935_,VGND,li1,215.9700,152.3200,0.000660
_07934_,VGND,li1,218.9600,163.2000,0.000404
_07933_,VGND,li1,192.0500,168.6400,0.000223
_07932_,VGND,li1,189.2900,174.0800,0.000221
_07931_,VGND,li1,187.2200,168.6400,0.000188
_07930_,VGND,li1,187.6800,179.5200,0.000071
_07929_,VGND,li1,158.4700,174.0800,0.000237
_07928_,VGND,li1,154.7900,179.5200,0.000109
_07927_,VGND,li1,150.6500,179.5200,0.000115
_07926_,VGND,li1,153.6400,184.9600,0.000094
_07925_,VGND,li1,120.7500,184.9600,0.000114
_07924_,VGND,li1,117.9900,179.5200,0.000150
_07923_,VGND,li1,117.7600,184.9600,0.000113
_07922_,VGND,li1,118.2200,190.4000,0.000098
_07921_,VGND,li1,88.0900,184.9600,0.000099
_07920_,VGND,li1,84.4100,190.4000,0.000092
_07919_,VGND,li1,88.3200,195.8400,0.000057
_07918_,VGND,li1,86.9400,190.4000,0.000094
_07917_,VGND,li1,92.0000,195.8400,0.000057
_07916_,VGND,li1,85.3300,195.8400,0.000056
_07915_,VGND,li1,80.7300,184.9600,0.000093
_07914_,VGND,li1,113.3900,184.9600,0.000112
_07913_,VGND,li1,106.9500,184.9600,0.000110
_07912_,VGND,li1,108.5600,184.9600,0.000110
_07911_,VGND,li1,102.8100,184.9600,0.000108
_07910_,VGND,li1,100.0500,190.4000,0.000098
_07909_,VGND,li1,97.7500,190.4000,0.000097
_07908_,VGND,li1,100.0500,195.8400,0.000058
_07907_,VGND,li1,101.8900,195.8400,0.000058
_07906_,VGND,li1,108.7900,190.4000,0.000099
_07905_,VGND,li1,134.0900,184.9600,0.000108
_07904_,VGND,li1,150.6500,174.0800,0.000270
_07903_,VGND,li1,143.7500,174.0800,0.000289
_07902_,VGND,li1,142.3700,174.0800,0.000289
_07901_,VGND,li1,136.3900,174.0800,0.000304
_07900_,VGND,li1,131.3300,174.0800,0.000315
_07899_,VGND,li1,130.6400,174.0800,0.000315
_07898_,VGND,li1,135.9300,174.0800,0.000304
_07897_,VGND,li1,122.8200,174.0800,0.000331
_07896_,VGND,li1,134.0900,174.0800,0.000310
_07895_,VGND,li1,120.7500,174.0800,0.000335
_07894_,VGND,li1,130.1800,179.5200,0.000138
_07893_,VGND,li1,128.1100,168.6400,0.000170
_07892_,VGND,li1,128.5700,163.2000,0.000201
_07891_,VGND,li1,127.1900,163.2000,0.000204
_07890_,VGND,li1,130.1800,163.2000,0.000201
_07889_,VGND,li1,123.5100,163.2000,0.000207
_07888_,VGND,li1,148.1200,190.4000,0.000081
_07887_,VGND,li1,149.2700,174.0800,0.000270
_07886_,VGND,li1,189.2900,163.2000,0.000233
_07885_,VGND,li1,180.0900,163.2000,0.000149
_07884_,VGND,li1,181.7000,157.7600,0.000069
_07883_,VGND,li1,165.8300,157.7600,0.000082
_07882_,VGND,li1,160.3100,157.7600,0.000090
_07881_,VGND,li1,163.0700,157.7600,0.000087
_07880_,VGND,li1,163.7600,163.2000,0.000149
_07879_,VGND,li1,150.6500,157.7600,0.000101
_07878_,VGND,li1,145.5900,157.7600,0.000106
_07877_,VGND,li1,146.7400,157.7600,0.000104
_07876_,VGND,li1,140.0700,163.2000,0.000185
_07875_,VGND,li1,136.3900,163.2000,0.000192
_07874_,VGND,li1,137.0800,163.2000,0.000192
_07873_,VGND,li1,146.5100,163.2000,0.000176
_07872_,VGND,li1,155.0200,163.2000,0.000162
_07871_,VGND,li1,166.7500,146.8800,0.000066
_07870_,VGND,li1,163.5300,146.8800,0.000071
_07869_,VGND,li1,169.0500,146.8800,0.000062
_07868_,VGND,li1,174.5700,146.8800,0.000051
_07867_,VGND,li1,143.2900,146.8800,0.000093
_07866_,VGND,li1,140.9900,146.8800,0.000095
_07865_,VGND,li1,140.0700,141.4400,0.000167
_07864_,VGND,li1,138.6900,201.2800,0.000089
_07863_,VGND,li1,155.2500,146.8800,0.000083
_07862_,VGND,li1,157.5500,141.4400,0.000120
_07861_,VGND,li1,154.7900,141.4400,0.000128
_07860_,VGND,li1,155.0200,141.4400,0.000128
_07859_,VGND,li1,151.5700,141.4400,0.000137
_07858_,VGND,li1,180.7800,174.0800,0.000148
_07857_,VGND,li1,191.5900,157.7600,0.000102
_07856_,VGND,li1,220.5700,130.5600,0.001668
_07855_,VGND,li1,216.8900,136.0000,0.000969
_07854_,VGND,li1,217.3500,130.5600,0.001560
_07853_,VGND,li1,213.2100,130.5600,0.001504
_07852_,VGND,li1,211.3700,130.5600,0.001451
_07851_,VGND,li1,208.6100,136.0000,0.000853
_07850_,VGND,li1,208.1500,141.4400,0.000114
_07849_,VGND,li1,215.7400,141.4400,0.000126
_07848_,VGND,li1,193.8900,141.4400,0.000093
_07847_,VGND,li1,187.9100,136.0000,0.000475
_07846_,VGND,li1,187.9100,141.4400,0.000076
_07845_,VGND,li1,181.4700,141.4400,0.000062
_07844_,VGND,li1,176.8700,141.4400,0.000063
_07843_,VGND,li1,178.7100,136.0000,0.000252
_07842_,VGND,li1,180.3200,146.8800,0.000049
_07841_,VGND,li1,198.0300,136.0000,0.000655
_07840_,VGND,li1,182.6200,146.8800,0.000056
_07839_,VGND,li1,200.5600,136.0000,0.000696
_07838_,VGND,li1,218.7300,114.2400,0.001703
_07837_,VGND,li1,217.8100,114.2400,0.001703
_07836_,VGND,li1,215.5100,119.6800,0.001994
_07835_,VGND,li1,222.1800,114.2400,0.001648
_07834_,VGND,li1,214.1300,114.2400,0.001762
_07833_,VGND,li1,207.9200,114.2400,0.001839
_07832_,VGND,li1,204.7000,114.2400,0.001861
_07831_,VGND,li1,211.6000,114.2400,0.001795
_07830_,VGND,li1,208.6100,119.6800,0.001925
_07829_,VGND,li1,202.1700,114.2400,0.001910
_07828_,VGND,li1,199.1800,114.2400,0.001944
_07827_,VGND,li1,208.1500,108.8000,0.000319
_07826_,VGND,li1,155.2500,114.2400,0.002118
_07825_,VGND,li1,156.1700,108.8000,0.000854
_07824_,VGND,li1,149.9600,108.8000,0.000898
_07823_,VGND,li1,145.5900,108.8000,0.000907
_07822_,VGND,li1,148.8100,108.8000,0.000903
_07821_,VGND,li1,127.1900,108.8000,0.000945
_07820_,VGND,li1,213.2100,163.2000,0.000376
_07819_,VGND,li1,228.1600,136.0000,0.001150
_07818_,VGND,li1,241.2700,125.1200,0.007529
_07817_,VGND,li1,243.1100,125.1200,0.007502
_07816_,VGND,li1,240.3500,125.1200,0.007529
_07815_,VGND,li1,242.4200,119.6800,0.001980
_07814_,VGND,li1,279.2200,125.1200,0.006471
_07813_,VGND,li1,353.9700,136.0000,0.001252
_07812_,VGND,li1,351.9000,130.5600,0.000708
_07811_,VGND,li1,345.6900,136.0000,0.001135
_07810_,VGND,li1,339.2500,130.5600,0.000607
_07809_,VGND,li1,341.5500,136.0000,0.001004
_07808_,VGND,li1,313.0300,130.5600,0.001213
_07807_,VGND,li1,308.8900,136.0000,0.001332
_07806_,VGND,li1,310.0400,130.5600,0.001279
_07805_,VGND,li1,310.0400,136.0000,0.001332
_07804_,VGND,li1,280.8300,130.5600,0.001767
_07803_,VGND,li1,275.7700,136.0000,0.001614
_07802_,VGND,li1,278.7600,136.0000,0.001608
_07801_,VGND,li1,278.3000,136.0000,0.001608
_07800_,VGND,li1,244.9500,136.0000,0.001414
_07799_,VGND,li1,233.9100,152.3200,0.000697
_07798_,VGND,li1,233.2200,152.3200,0.000697
_07797_,VGND,li1,235.5200,163.2000,0.000451
_07796_,VGND,li1,222.4100,168.6400,0.000347
_07795_,VGND,li1,217.8100,174.0800,0.000314
_07794_,VGND,li1,217.1200,168.6400,0.000332
_07793_,VGND,li1,219.4200,179.5200,0.000120
_07792_,VGND,li1,189.7500,174.0800,0.000221
_07791_,VGND,li1,189.2900,184.9600,0.000074
_07790_,VGND,li1,184.0000,184.9600,0.000060
_07789_,VGND,li1,185.3800,184.9600,0.000066
_07788_,VGND,li1,157.5500,184.9600,0.000090
_07787_,VGND,li1,153.4100,190.4000,0.000076
_07786_,VGND,li1,152.4900,190.4000,0.000076
_07785_,VGND,li1,155.4800,190.4000,0.000072
_07784_,VGND,li1,121.2100,190.4000,0.000098
_07783_,VGND,li1,126.0400,190.4000,0.000095
_07782_,VGND,li1,129.0300,288.3200,0.000493
_07781_,VGND,li1,117.0700,190.4000,0.000098
_07780_,VGND,li1,128.5700,190.4000,0.000094
_07779_,VGND,li1,127.1900,184.9600,0.000111
_07778_,VGND,li1,114.7700,190.4000,0.000099
_07777_,VGND,li1,111.7800,190.4000,0.000099
_07776_,VGND,li1,110.8600,190.4000,0.000099
_07775_,VGND,li1,113.6200,195.8400,0.000057
_07774_,VGND,li1,110.6300,195.8400,0.000058
_07773_,VGND,li1,150.6500,184.9600,0.000097
_07772_,VGND,li1,143.7500,190.4000,0.000085
_07771_,VGND,li1,143.2900,184.9600,0.000103
_07770_,VGND,li1,137.7700,190.4000,0.000089
_07769_,VGND,li1,131.3300,184.9600,0.000109
_07768_,VGND,li1,137.7700,184.9600,0.000106
_07767_,VGND,li1,138.6900,184.9600,0.000106
_07766_,VGND,li1,135.4700,184.9600,0.000107
_07765_,VGND,li1,143.7500,195.8400,0.000050
_07764_,VGND,li1,164.4500,190.4000,0.000060
_07763_,VGND,li1,182.3900,174.0800,0.000172
_07762_,VGND,li1,177.3300,174.0800,0.000134
_07761_,VGND,li1,178.4800,174.0800,0.000134
_07760_,VGND,li1,147.4300,179.5200,0.000120
_07759_,VGND,li1,143.2900,179.5200,0.000125
_07758_,VGND,li1,145.1300,179.5200,0.000123
_07757_,VGND,li1,172.2700,179.5200,0.000067
_07756_,VGND,li1,136.3900,179.5200,0.000132
_07755_,VGND,li1,133.6300,179.5200,0.000136
_07754_,VGND,li1,132.2500,179.5200,0.000136
_07753_,VGND,li1,127.1900,179.5200,0.000141
_07752_,VGND,li1,127.1900,108.8000,0.000945
_07751_,VGND,li1,144.6700,168.6400,0.000169
_07750_,VGND,li1,145.3600,168.6400,0.000169
_07749_,VGND,li1,143.9800,163.2000,0.000180
_07748_,VGND,li1,149.0400,168.6400,0.000168
_07747_,VGND,li1,140.0700,168.6400,0.000169
_07746_,VGND,li1,178.9400,190.4000,0.000035
_07745_,VGND,li1,175.0300,174.0800,0.000153
_07744_,VGND,li1,215.9700,168.6400,0.000332
_07743_,VGND,li1,208.6100,168.6400,0.000299
_07742_,VGND,li1,209.3000,163.2000,0.000354
_07741_,VGND,li1,196.1900,163.2000,0.000275
_07740_,VGND,li1,193.8900,163.2000,0.000256
_07739_,VGND,li1,192.7400,163.2000,0.000256
_07738_,VGND,li1,194.3500,157.7600,0.000110
_07737_,VGND,li1,195.9600,168.6400,0.000243
_07736_,VGND,li1,166.2900,163.2000,0.000142
_07735_,VGND,li1,163.5300,163.2000,0.000149
_07734_,VGND,li1,166.2900,163.2000,0.000142
_07733_,VGND,li1,158.4700,163.2000,0.000157
_07732_,VGND,li1,155.2500,163.2000,0.000162
_07731_,VGND,li1,155.9400,168.6400,0.000167
_07730_,VGND,li1,166.7500,168.6400,0.000141
_07729_,VGND,li1,169.7400,163.2000,0.000135
_07728_,VGND,li1,187.9100,146.8800,0.000068
_07727_,VGND,li1,187.4500,152.3200,0.000391
_07726_,VGND,li1,187.6800,146.8800,0.000068
_07725_,VGND,li1,182.3900,146.8800,0.000056
_07724_,VGND,li1,195.7300,146.8800,0.000080
_07723_,VGND,li1,171.3500,146.8800,0.000059
_07722_,VGND,li1,175.0300,152.3200,0.000318
_07721_,VGND,li1,171.8100,146.8800,0.000056
_07720_,VGND,li1,172.2700,152.3200,0.000379
_07719_,VGND,li1,168.1300,146.8800,0.000062
_07718_,VGND,li1,142.8300,141.4400,0.000160
_07717_,VGND,li1,181.9300,152.3200,0.000335
_07716_,VGND,li1,192.0500,146.8800,0.000075
_07715_,VGND,li1,184.6900,146.8800,0.000060
_07714_,VGND,li1,177.7900,146.8800,0.000044
_07713_,VGND,li1,179.6300,146.8800,0.000049
_07712_,VGND,li1,207.6900,174.0800,0.000284
_07711_,VGND,li1,217.3500,163.2000,0.000391
_07710_,VGND,li1,239.8900,130.5600,0.001899
_07709_,VGND,li1,242.6500,130.5600,0.001924
_07708_,VGND,li1,234.3700,136.0000,0.001271
_07707_,VGND,li1,234.8300,130.5600,0.001855
_07706_,VGND,li1,231.1500,136.0000,0.001215
_07705_,VGND,li1,228.3900,136.0000,0.001179
_07704_,VGND,li1,232.0700,136.0000,0.001215
_07703_,VGND,li1,230.6900,136.0000,0.001215
_07702_,VGND,li1,240.8100,141.4400,0.000143
_07701_,VGND,li1,218.7300,141.4400,0.000128
_07700_,VGND,li1,213.2100,141.4400,0.000122
_07699_,VGND,li1,214.1300,141.4400,0.000122
_07698_,VGND,li1,202.1700,141.4400,0.000105
_07697_,VGND,li1,199.1800,141.4400,0.000101
_07696_,VGND,li1,200.7900,141.4400,0.000105
_07695_,VGND,li1,202.4000,136.0000,0.000744
_07694_,VGND,li1,204.0100,130.5600,0.001284
_07693_,VGND,li1,207.0000,146.8800,0.000093
_07692_,VGND,li1,199.6400,136.0000,0.000696
_07691_,VGND,li1,212.9800,152.3200,0.000624
_07690_,VGND,li1,224.4800,141.4400,0.000132
_07689_,VGND,li1,242.1900,119.6800,0.001980
_07688_,VGND,li1,246.3300,119.6800,0.001919
_07687_,VGND,li1,244.4900,119.6800,0.001946
_07686_,VGND,li1,244.0300,114.2400,0.001368
_07685_,VGND,li1,246.1000,114.2400,0.001342
_07684_,VGND,li1,227.9300,108.8000,0.000291
_07683_,VGND,li1,227.0100,119.6800,0.002106
_07682_,VGND,li1,229.0800,114.2400,0.001560
_07681_,VGND,li1,229.5400,114.2400,0.001560
_07680_,VGND,li1,224.7100,114.2400,0.001616
_07679_,VGND,li1,226.0900,114.2400,0.001616
_07678_,VGND,li1,232.9900,108.8000,0.000282
_07677_,VGND,li1,218.7300,108.8000,0.000305
_07676_,VGND,li1,222.4100,108.8000,0.000302
_07675_,VGND,li1,221.0300,108.8000,0.000302
_07674_,VGND,li1,216.6600,108.8000,0.000309
_07673_,VGND,li1,213.6700,108.8000,0.000312
_07672_,VGND,li1,230.0000,157.7600,0.000202
_07671_,VGND,li1,255.3000,130.5600,0.001890
_07670_,VGND,li1,276.2300,125.1200,0.006558
_07669_,VGND,li1,273.0100,125.1200,0.006644
_07668_,VGND,li1,273.4700,119.6800,0.001511
_07667_,VGND,li1,277.8400,114.2400,0.000920
_07666_,VGND,li1,270.9400,130.5600,0.001815
_07665_,VGND,li1,336.2600,136.0000,0.000861
_07664_,VGND,li1,355.3500,136.0000,0.001252
_07663_,VGND,li1,351.2100,136.0000,0.001204
_07662_,VGND,li1,355.3500,141.4400,0.000243
_07661_,VGND,li1,349.8300,136.0000,0.001204
_07660_,VGND,li1,345.4600,136.0000,0.001135
_07659_,VGND,li1,343.3900,136.0000,0.001084
_07658_,VGND,li1,333.5000,136.0000,0.000712
_07657_,VGND,li1,339.2500,136.0000,0.000936
_07656_,VGND,li1,330.2800,136.0000,0.000771
_07655_,VGND,li1,330.7400,136.0000,0.000771
_07654_,VGND,li1,313.2600,136.0000,0.001251
_07653_,VGND,li1,315.5600,136.0000,0.001198
_07652_,VGND,li1,297.8500,136.0000,0.001473
_07651_,VGND,li1,298.5400,136.0000,0.001473
_07650_,VGND,li1,274.6200,136.0000,0.001605
_07649_,VGND,li1,281.0600,136.0000,0.001591
_07648_,VGND,li1,273.4700,157.7600,0.000245
_07647_,VGND,li1,274.6200,163.2000,0.000449
_07646_,VGND,li1,239.2000,163.2000,0.000454
_07645_,VGND,li1,233.2200,157.7600,0.000205
_07644_,VGND,li1,232.7600,174.0800,0.000323
_07643_,VGND,li1,228.8500,174.0800,0.000323
_07642_,VGND,li1,215.2800,179.5200,0.000116
_07641_,VGND,li1,217.3500,179.5200,0.000118
_07640_,VGND,li1,215.5100,179.5200,0.000116
_07639_,VGND,li1,213.4400,184.9600,0.000101
_07638_,VGND,li1,216.6600,184.9600,0.000104
_07637_,VGND,li1,188.6000,184.9600,0.000074
_07636_,VGND,li1,187.2200,190.4000,0.000047
_07635_,VGND,li1,184.9200,190.4000,0.000044
_07634_,VGND,li1,184.4600,190.4000,0.000041
_07633_,VGND,li1,189.0600,190.4000,0.000049
_07632_,VGND,li1,155.9400,195.8400,0.000045
_07631_,VGND,li1,158.2400,195.8400,0.000043
_07630_,VGND,li1,158.7000,190.4000,0.000068
_07629_,VGND,li1,150.4200,190.4000,0.000078
_07628_,VGND,li1,163.5300,201.2800,0.000075
_07627_,VGND,li1,132.0200,190.4000,0.000092
_07626_,VGND,li1,129.7200,190.4000,0.000094
_07625_,VGND,li1,134.0900,190.4000,0.000091
_07624_,VGND,li1,130.8700,195.8400,0.000054
_07623_,VGND,li1,129.0300,195.8400,0.000055
_07622_,VGND,li1,148.3500,195.8400,0.000048
_07621_,VGND,li1,150.6500,195.8400,0.000047
_07620_,VGND,li1,145.3600,190.4000,0.000083
_07619_,VGND,li1,142.3700,190.4000,0.000085
_07618_,VGND,li1,140.5300,195.8400,0.000051
_07617_,VGND,li1,181.0100,190.4000,0.000038
_07616_,VGND,li1,175.9500,190.4000,0.000040
_07615_,VGND,li1,176.6400,195.8400,0.000026
_07614_,VGND,li1,165.3700,190.4000,0.000057
_07613_,VGND,li1,161.6900,190.4000,0.000065
_07612_,VGND,li1,164.4500,195.8400,0.000038
_07611_,VGND,li1,191.1300,195.8400,0.000039
_07610_,VGND,li1,178.7100,190.4000,0.000035
_07609_,VGND,li1,198.9500,190.4000,0.000057
_07608_,VGND,li1,210.9100,174.0800,0.000293
_07607_,VGND,li1,207.4600,174.0800,0.000284
_07606_,VGND,li1,204.7000,174.0800,0.000275
_07605_,VGND,li1,205.3900,179.5200,0.000098
_07604_,VGND,li1,177.5600,179.5200,0.000056
_07603_,VGND,li1,179.8600,179.5200,0.000051
_07602_,VGND,li1,176.6400,179.5200,0.000056
_07601_,VGND,li1,178.9400,179.5200,0.000051
_07600_,VGND,li1,197.1100,184.9600,0.000083
_07599_,VGND,li1,168.1300,184.9600,0.000069
_07598_,VGND,li1,169.9700,179.5200,0.000073
_07597_,VGND,li1,166.2900,179.5200,0.000083
_07596_,VGND,li1,165.8300,184.9600,0.000077
_07595_,VGND,li1,124.4300,179.5200,0.000145
_07594_,VGND,li1,171.8100,174.0800,0.000165
_07593_,VGND,li1,171.8100,168.6400,0.000129
_07592_,VGND,li1,168.8200,174.0800,0.000181
_07591_,VGND,li1,169.5100,168.6400,0.000134
_07590_,VGND,li1,166.2900,168.6400,0.000141
_07589_,VGND,li1,206.0800,184.9600,0.000094
_07588_,VGND,li1,201.0200,174.0800,0.000263
_07587_,VGND,li1,229.3100,163.2000,0.000437
_07586_,VGND,li1,226.0900,163.2000,0.000427
_07585_,VGND,li1,227.2400,157.7600,0.000196
_07584_,VGND,li1,220.5700,157.7600,0.000181
_07583_,VGND,li1,220.5700,163.2000,0.000404
_07582_,VGND,li1,217.1200,157.7600,0.000173
_07581_,VGND,li1,214.5900,163.2000,0.000376
_07580_,VGND,li1,243.5700,157.7600,0.000218
_07579_,VGND,li1,197.1100,163.2000,0.000275
_07578_,VGND,li1,180.5500,163.2000,0.000149
_07577_,VGND,li1,183.3100,163.2000,0.000179
_07576_,VGND,li1,174.5700,163.2000,0.000125
_07575_,VGND,li1,175.4900,157.7600,0.000063
_07574_,VGND,li1,168.8200,157.7600,0.000078
_07573_,VGND,li1,175.0300,163.2000,0.000125
_07572_,VGND,li1,90.8500,163.2000,0.000196
_07571_,VGND,li1,171.5800,157.7600,0.000071
_07570_,VGND,li1,169.9700,179.5200,0.000073
_07569_,VGND,li1,243.5700,163.2000,0.000456
_07568_,VGND,li1,213.6700,152.3200,0.000642
_07567_,VGND,li1,206.7700,152.3200,0.000587
_07566_,VGND,li1,209.5300,152.3200,0.000609
_07565_,VGND,li1,206.3100,157.7600,0.000145
_07564_,VGND,li1,200.7900,152.3200,0.000538
_07563_,VGND,li1,199.8700,146.8800,0.000085
_07562_,VGND,li1,202.4000,152.3200,0.000538
_07561_,VGND,li1,196.1900,152.3200,0.000496
_07560_,VGND,li1,199.4100,152.3200,0.000519
_07559_,VGND,li1,212.7500,146.8800,0.000099
_07558_,VGND,li1,215.0500,146.8800,0.000103
_07557_,VGND,li1,208.1500,152.3200,0.000587
_07556_,VGND,li1,209.5300,146.8800,0.000097
_07555_,VGND,li1,206.3100,146.8800,0.000093
_07554_,VGND,li1,226.3200,168.6400,0.000345
_07553_,VGND,li1,253.2300,163.2000,0.000459
_07552_,VGND,li1,271.6300,136.0000,0.001595
_07551_,VGND,li1,265.6500,136.0000,0.001553
_07550_,VGND,li1,266.8000,130.5600,0.001835
_07549_,VGND,li1,258.7500,130.5600,0.001873
_07548_,VGND,li1,253.6900,130.5600,0.001890
_07547_,VGND,li1,252.3100,130.5600,0.001898
_07546_,VGND,li1,262.6600,130.5600,0.001853
_07545_,VGND,li1,248.1700,136.0000,0.001437
_07544_,VGND,li1,238.5100,141.4400,0.000142
_07543_,VGND,li1,240.8100,141.4400,0.000143
_07542_,VGND,li1,232.0700,141.4400,0.000138
_07541_,VGND,li1,249.7800,141.4400,0.000148
_07540_,VGND,li1,226.5500,141.4400,0.000134
_07539_,VGND,li1,224.7100,146.8800,0.000114
_07538_,VGND,li1,223.1000,141.4400,0.000132
_07537_,VGND,li1,217.3500,136.0000,0.000999
_07536_,VGND,li1,201.0200,130.5600,0.001218
_07535_,VGND,li1,219.6500,136.0000,0.001037
_07534_,VGND,li1,205.8500,136.0000,0.000805
_07533_,VGND,li1,202.1700,59.8400,0.000279
_07532_,VGND,li1,199.8700,130.5600,0.001169
_07531_,VGND,li1,228.3900,146.8800,0.000117
_07530_,VGND,li1,240.5800,146.8800,0.000129
_07529_,VGND,li1,253.9200,141.4400,0.000150
_07528_,VGND,li1,275.3100,119.6800,0.001483
_07527_,VGND,li1,279.9100,114.2400,0.000892
_07526_,VGND,li1,280.1400,114.2400,0.000892
_07525_,VGND,li1,277.8400,114.2400,0.000920
_07524_,VGND,li1,251.8500,114.2400,0.001285
_07523_,VGND,li1,248.6300,108.8000,0.000256
_07522_,VGND,li1,245.4100,108.8000,0.000260
_07521_,VGND,li1,243.1100,108.8000,0.000267
_07520_,VGND,li1,255.5300,114.2400,0.001230
_07519_,VGND,li1,239.4300,108.8000,0.000271
_07518_,VGND,li1,241.7300,108.8000,0.000267
_07517_,VGND,li1,235.9800,114.2400,0.001472
_07516_,VGND,li1,236.2100,108.8000,0.000277
_07515_,VGND,li1,233.9100,108.8000,0.000282
_07514_,VGND,li1,245.4100,114.2400,0.001368
_07513_,VGND,li1,248.4000,114.2400,0.001312
_07512_,VGND,li1,241.9600,114.2400,0.001395
_07511_,VGND,li1,274.8500,114.2400,0.000973
_07510_,VGND,li1,273.9300,114.2400,0.000973
_07509_,VGND,li1,275.7700,114.2400,0.000948
_07508_,VGND,li1,299.0000,114.2400,0.000647
_07507_,VGND,li1,267.4900,114.2400,0.001059
_07506_,VGND,li1,265.4200,163.2000,0.000456
_07505_,VGND,li1,287.9600,130.5600,0.001693
_07504_,VGND,li1,307.9700,130.5600,0.001331
_07503_,VGND,li1,305.2100,130.5600,0.001370
_07502_,VGND,li1,307.2800,130.5600,0.001331
_07501_,VGND,li1,307.2800,114.2400,0.000528
_07500_,VGND,li1,356.2700,146.8800,0.000387
_07499_,VGND,li1,356.0400,146.8800,0.000387
_07498_,VGND,li1,353.0500,146.8800,0.000377
_07497_,VGND,li1,358.5700,146.8800,0.000388
_07496_,VGND,li1,351.2100,141.4400,0.000236
_07495_,VGND,li1,345.6900,141.4400,0.000209
_07494_,VGND,li1,342.2400,141.4400,0.000186
_07493_,VGND,li1,334.1900,136.0000,0.000789
_07492_,VGND,li1,329.5900,141.4400,0.000127
_07491_,VGND,li1,323.1500,141.4400,0.000155
_07490_,VGND,li1,324.3000,136.0000,0.000938
_07489_,VGND,li1,322.4600,141.4400,0.000155
_07488_,VGND,li1,303.8300,136.0000,0.001404
_07487_,VGND,li1,301.5300,136.0000,0.001447
_07486_,VGND,li1,296.9300,157.7600,0.000224
_07485_,VGND,li1,299.2300,157.7600,0.000217
_07484_,VGND,li1,299.9200,163.2000,0.000344
_07483_,VGND,li1,278.5300,163.2000,0.000436
_07482_,VGND,li1,274.3900,163.2000,0.000449
_07481_,VGND,li1,272.5500,168.6400,0.000318
_07480_,VGND,li1,275.5400,168.6400,0.000314
_07479_,VGND,li1,278.3000,168.6400,0.000306
_07478_,VGND,li1,232.5300,174.0800,0.000323
_07477_,VGND,li1,235.7500,174.0800,0.000319
_07476_,VGND,li1,229.3100,179.5200,0.000123
_07475_,VGND,li1,232.0700,179.5200,0.000122
_07474_,VGND,li1,231.3800,184.9600,0.000111
_07473_,VGND,li1,220.1100,184.9600,0.000107
_07472_,VGND,li1,217.8100,179.5200,0.000118
_07471_,VGND,li1,216.4300,190.4000,0.000073
_07470_,VGND,li1,219.4200,190.4000,0.000074
_07469_,VGND,li1,229.5400,195.8400,0.000060
_07468_,VGND,li1,192.0500,195.8400,0.000039
_07467_,VGND,li1,188.8300,195.8400,0.000037
_07466_,VGND,li1,191.5900,190.4000,0.000051
_07465_,VGND,li1,225.8600,195.8400,0.000059
_07464_,VGND,li1,191.3600,201.2800,0.000109
_07463_,VGND,li1,161.0000,195.8400,0.000041
_07462_,VGND,li1,159.3900,201.2800,0.000077
_07461_,VGND,li1,174.5700,195.8400,0.000028
_07460_,VGND,li1,175.7200,190.4000,0.000040
_07459_,VGND,li1,171.1200,190.4000,0.000050
_07458_,VGND,li1,171.3500,190.4000,0.000050
_07457_,VGND,li1,171.1200,195.8400,0.000033
_07456_,VGND,li1,210.9100,184.9600,0.000099
_07455_,VGND,li1,207.9200,190.4000,0.000066
_07454_,VGND,li1,204.7000,190.4000,0.000062
_07453_,VGND,li1,205.3900,190.4000,0.000064
_07452_,VGND,li1,197.5700,190.4000,0.000057
_07451_,VGND,li1,201.2500,190.4000,0.000061
_07450_,VGND,li1,198.0300,195.8400,0.000046
_07449_,VGND,li1,200.3300,195.8400,0.000047
_07448_,VGND,li1,208.1500,195.8400,0.000052
_07447_,VGND,li1,227.9300,174.0800,0.000323
_07446_,VGND,li1,223.7900,174.0800,0.000320
_07445_,VGND,li1,221.4900,174.0800,0.000317
_07444_,VGND,li1,204.4700,174.0800,0.000275
_07443_,VGND,li1,201.2500,174.0800,0.000263
_07442_,VGND,li1,203.7800,179.5200,0.000098
_07441_,VGND,li1,206.0800,179.5200,0.000102
_07440_,VGND,li1,245.1800,179.5200,0.000119
_07439_,VGND,li1,197.8000,184.9600,0.000086
_07438_,VGND,li1,200.7900,179.5200,0.000093
_07437_,VGND,li1,193.8900,184.9600,0.000081
_07436_,VGND,li1,203.5500,184.9600,0.000091
_07435_,VGND,li1,194.3500,179.5200,0.000082
_07434_,VGND,li1,167.2100,190.4000,0.000054
_07433_,VGND,li1,194.3500,174.0800,0.000240
_07432_,VGND,li1,170.2000,184.9600,0.000065
_07431_,VGND,li1,165.8300,179.5200,0.000083
_07430_,VGND,li1,174.1100,179.5200,0.000063
_07429_,VGND,li1,162.6100,179.5200,0.000092
_07428_,VGND,li1,162.1500,184.9600,0.000081
_07427_,VGND,li1,251.3900,174.0800,0.000293
_07426_,VGND,li1,268.8700,163.2000,0.000455
_07425_,VGND,li1,261.5100,163.2000,0.000458
_07424_,VGND,li1,259.2100,163.2000,0.000459
_07423_,VGND,li1,252.5400,163.2000,0.000459
_07422_,VGND,li1,254.8400,163.2000,0.000459
_07421_,VGND,li1,252.0800,157.7600,0.000227
_07420_,VGND,li1,251.6200,163.2000,0.000459
_07419_,VGND,li1,254.8400,157.7600,0.000229
_07418_,VGND,li1,246.5600,163.2000,0.000457
_07417_,VGND,li1,249.7800,163.2000,0.000458
_07416_,VGND,li1,242.8800,163.2000,0.000456
_07415_,VGND,li1,245.1800,163.2000,0.000456
_07414_,VGND,li1,238.9700,168.6400,0.000340
_07413_,VGND,li1,239.8900,163.2000,0.000455
_07412_,VGND,li1,236.2100,163.2000,0.000451
_07411_,VGND,li1,241.7300,163.2000,0.000456
_07410_,VGND,li1,242.1900,168.6400,0.000338
_07409_,VGND,li1,243.1100,152.3200,0.000647
_07408_,VGND,li1,239.8900,152.3200,0.000664
_07407_,VGND,li1,241.2700,152.3200,0.000664
_07406_,VGND,li1,243.1100,146.8800,0.000132
_07405_,VGND,li1,269.3300,146.8800,0.000152
_07404_,VGND,li1,207.6900,157.7600,0.000145
_07403_,VGND,li1,202.6300,157.7600,0.000135
_07402_,VGND,li1,205.8500,163.2000,0.000331
_07401_,VGND,li1,209.9900,163.2000,0.000354
_07400_,VGND,li1,204.2400,168.6400,0.000284
_07399_,VGND,li1,202.1700,163.2000,0.000313
_07398_,VGND,li1,232.9900,146.8800,0.000123
_07397_,VGND,li1,230.4600,152.3200,0.000695
_07396_,VGND,li1,227.0100,152.3200,0.000693
_07395_,VGND,li1,229.7700,152.3200,0.000695
_07394_,VGND,li1,260.8200,168.6400,0.000328
_07393_,VGND,li1,265.8800,152.3200,0.000522
_07392_,VGND,li1,301.0700,130.5600,0.001446
_07391_,VGND,li1,303.3700,130.5600,0.001404
_07390_,VGND,li1,296.9300,130.5600,0.001518
_07389_,VGND,li1,299.6900,130.5600,0.001478
_07388_,VGND,li1,292.7900,130.5600,0.001588
_07387_,VGND,li1,288.6500,130.5600,0.001656
_07386_,VGND,li1,286.3500,130.5600,0.001693
_07385_,VGND,li1,290.0300,130.5600,0.001656
_07384_,VGND,li1,291.1800,125.1200,0.005742
_07383_,VGND,li1,267.0300,130.5600,0.001835
_07382_,VGND,li1,267.9500,136.0000,0.001572
_07381_,VGND,li1,262.8900,136.0000,0.001540
_07380_,VGND,li1,264.7300,136.0000,0.001553
_07379_,VGND,li1,256.9100,136.0000,0.001498
_07378_,VGND,li1,257.3700,141.4400,0.000151
_07377_,VGND,li1,256.9100,141.4400,0.000151
_07376_,VGND,li1,254.6100,141.4400,0.000150
_07375_,VGND,li1,247.2500,141.4400,0.000146
_07374_,VGND,li1,252.0800,141.4400,0.000149
_07373_,VGND,li1,255.3000,125.1200,0.007182
_07372_,VGND,li1,268.1800,146.8800,0.000152
_07371_,VGND,li1,306.1300,119.6800,0.001004
_07370_,VGND,li1,308.4300,114.2400,0.000496
_07369_,VGND,li1,312.8000,114.2400,0.000433
_07368_,VGND,li1,310.5000,114.2400,0.000466
_07367_,VGND,li1,283.1300,108.8000,0.000178
_07366_,VGND,li1,280.8300,108.8000,0.000184
_07365_,VGND,li1,279.4500,108.8000,0.000188
_07364_,VGND,li1,278.9900,108.8000,0.000188
_07363_,VGND,li1,304.0600,103.3600,0.000116
_07362_,VGND,li1,259.2100,108.8000,0.000232
_07361_,VGND,li1,255.9900,108.8000,0.000239
_07360_,VGND,li1,255.9900,114.2400,0.001230
_07359_,VGND,li1,253.6900,108.8000,0.000245
_07358_,VGND,li1,258.5200,114.2400,0.001178
_07357_,VGND,li1,271.6300,108.8000,0.000205
_07356_,VGND,li1,267.7200,108.8000,0.000214
_07355_,VGND,li1,265.1900,108.8000,0.000219
_07354_,VGND,li1,268.4100,108.8000,0.000214
_07353_,VGND,li1,309.3500,114.2400,0.000496
_07352_,VGND,li1,301.5300,114.2400,0.000592
_07351_,VGND,li1,306.1300,114.2400,0.000528
_07350_,VGND,li1,304.2900,114.2400,0.000557
_07349_,VGND,li1,299.2300,108.8000,0.000134
_07348_,VGND,li1,299.2300,108.8000,0.000134
_07347_,VGND,li1,291.1800,157.7600,0.000232
_07346_,VGND,li1,309.5800,125.1200,0.004318
_07345_,VGND,li1,324.5300,130.5600,0.000865
_07344_,VGND,li1,327.2900,130.5600,0.000784
_07343_,VGND,li1,323.3800,130.5600,0.000865
_07342_,VGND,li1,361.3300,152.3200,0.000271
_07341_,VGND,li1,362.4800,163.2000,0.000287
_07340_,VGND,li1,359.0300,163.2000,0.000279
_07339_,VGND,li1,361.1000,152.3200,0.000271
_07338_,VGND,li1,358.1100,152.3200,0.000263
_07337_,VGND,li1,354.8900,152.3200,0.000251
_07336_,VGND,li1,348.4500,141.4400,0.000223
_07335_,VGND,li1,349.1400,146.8800,0.000347
_07334_,VGND,li1,342.0100,146.8800,0.000279
_07333_,VGND,li1,342.2400,141.4400,0.000186
_07332_,VGND,li1,343.1600,146.8800,0.000279
_07331_,VGND,li1,337.1800,146.8800,0.000217
_07330_,VGND,li1,322.9200,146.8800,0.000166
_07329_,VGND,li1,325.2200,146.8800,0.000164
_07328_,VGND,li1,314.1800,163.2000,0.000275
_07327_,VGND,li1,310.0400,163.2000,0.000290
_07326_,VGND,li1,297.1600,163.2000,0.000357
_07325_,VGND,li1,294.8600,163.2000,0.000368
_07324_,VGND,li1,285.4300,163.2000,0.000408
_07323_,VGND,li1,286.5800,168.6400,0.000282
_07322_,VGND,li1,274.6200,168.6400,0.000314
_07321_,VGND,li1,277.8400,168.6400,0.000306
_07320_,VGND,li1,274.6200,184.9600,0.000097
_07319_,VGND,li1,273.4700,179.5200,0.000105
_07318_,VGND,li1,235.9800,184.9600,0.000111
_07317_,VGND,li1,233.9100,184.9600,0.000111
_07316_,VGND,li1,233.6800,190.4000,0.000080
_07315_,VGND,li1,235.9800,190.4000,0.000080
_07314_,VGND,li1,247.4800,190.4000,0.000082
_07313_,VGND,li1,230.9200,190.4000,0.000079
_07312_,VGND,li1,235.0600,195.8400,0.000060
_07311_,VGND,li1,232.7600,195.8400,0.000060
_07310_,VGND,li1,230.4600,195.8400,0.000060
_07309_,VGND,li1,241.5000,195.8400,0.000061
_07308_,VGND,li1,225.8600,195.8400,0.000059
_07307_,VGND,li1,226.0900,190.4000,0.000077
_07306_,VGND,li1,222.1800,195.8400,0.000058
_07305_,VGND,li1,218.2700,195.8400,0.000056
_07304_,VGND,li1,227.4700,195.8400,0.000059
_07303_,VGND,li1,214.1300,195.8400,0.000055
_07302_,VGND,li1,211.1400,190.4000,0.000068
_07301_,VGND,li1,207.6900,195.8400,0.000052
_07300_,VGND,li1,208.1500,190.4000,0.000066
_07299_,VGND,li1,213.6700,190.4000,0.000070
_07298_,VGND,li1,226.0900,184.9600,0.000109
_07297_,VGND,li1,223.3300,184.9600,0.000108
_07296_,VGND,li1,222.8700,179.5200,0.000121
_07295_,VGND,li1,206.7700,184.9600,0.000096
_07294_,VGND,li1,209.7600,184.9600,0.000099
_07293_,VGND,li1,240.1200,184.9600,0.000110
_07292_,VGND,li1,264.2700,168.6400,0.000326
_07291_,VGND,li1,260.5900,168.6400,0.000328
_07290_,VGND,li1,258.5200,174.0800,0.000276
_07289_,VGND,li1,256.4500,174.0800,0.000280
_07288_,VGND,li1,252.0800,174.0800,0.000289
_07287_,VGND,li1,254.3800,174.0800,0.000285
_07286_,VGND,li1,252.0800,179.5200,0.000116
_07285_,VGND,li1,254.3800,179.5200,0.000115
_07284_,VGND,li1,261.2800,179.5200,0.000112
_07283_,VGND,li1,247.4800,179.5200,0.000118
_07282_,VGND,li1,251.8500,179.5200,0.000116
_07281_,VGND,li1,247.4800,179.5200,0.000118
_07280_,VGND,li1,243.5700,179.5200,0.000119
_07279_,VGND,li1,196.6500,174.0800,0.000248
_07278_,VGND,li1,247.7100,184.9600,0.000108
_07277_,VGND,li1,248.1700,174.0800,0.000298
_07276_,VGND,li1,243.3400,174.0800,0.000309
_07275_,VGND,li1,241.7300,174.0800,0.000309
_07274_,VGND,li1,244.9500,174.0800,0.000303
_07273_,VGND,li1,244.4900,168.6400,0.000337
_07272_,VGND,li1,266.3400,174.0800,0.000260
_07271_,VGND,li1,294.1700,157.7600,0.000228
_07270_,VGND,li1,292.7900,157.7600,0.000232
_07269_,VGND,li1,294.6300,157.7600,0.000228
_07268_,VGND,li1,289.5700,157.7600,0.000234
_07267_,VGND,li1,269.3300,157.7600,0.000242
_07266_,VGND,li1,265.1900,157.7600,0.000239
_07265_,VGND,li1,261.9700,157.7600,0.000236
_07264_,VGND,li1,263.8100,152.3200,0.000543
_07263_,VGND,li1,262.2000,152.3200,0.000543
_07262_,VGND,li1,256.9100,157.7600,0.000231
_07261_,VGND,li1,250.2400,157.7600,0.000224
_07260_,VGND,li1,252.3100,157.7600,0.000227
_07259_,VGND,li1,245.8700,152.3200,0.000632
_07258_,VGND,li1,248.1700,152.3200,0.000620
_07257_,VGND,li1,265.1900,146.8800,0.000149
_07256_,VGND,li1,266.1100,141.4400,0.000153
_07255_,VGND,li1,269.5600,141.4400,0.000154
_07254_,VGND,li1,272.0900,141.4400,0.000155
_07253_,VGND,li1,286.1200,146.8800,0.000160
_07252_,VGND,li1,271.8600,146.8800,0.000154
_07251_,VGND,li1,271.8600,152.3200,0.000488
_07250_,VGND,li1,272.0900,146.8800,0.000154
_07249_,VGND,li1,274.8500,146.8800,0.000156
_07248_,VGND,li1,235.2900,146.8800,0.000125
_07247_,VGND,li1,267.9500,146.8800,0.000152
_07246_,VGND,li1,261.7400,141.4400,0.000152
_07245_,VGND,li1,260.1300,146.8800,0.000146
_07244_,VGND,li1,258.7500,141.4400,0.000151
_07243_,VGND,li1,259.6700,141.4400,0.000151
_07242_,VGND,li1,286.5800,157.7600,0.000236
_07241_,VGND,li1,320.3900,136.0000,0.001072
_07240_,VGND,li1,321.0800,130.5600,0.000945
_07239_,VGND,li1,318.0900,130.5600,0.001056
_07238_,VGND,li1,313.4900,125.1200,0.003861
_07237_,VGND,li1,311.6500,125.1200,0.004032
_07236_,VGND,li1,306.3600,125.1200,0.004565
_07235_,VGND,li1,309.1200,125.1200,0.004318
_07234_,VGND,li1,308.6600,119.6800,0.000964
_07233_,VGND,li1,316.0200,119.6800,0.000864
_07232_,VGND,li1,297.8500,125.1200,0.005154
_07231_,VGND,li1,294.6300,125.1200,0.005420
_07230_,VGND,li1,265.1900,125.1200,0.006882
_07229_,VGND,li1,267.4900,125.1200,0.006812
_07228_,VGND,li1,266.1100,119.6800,0.001622
_07227_,VGND,li1,259.6700,119.6800,0.001719
_07226_,VGND,li1,257.8300,119.6800,0.001747
_07225_,VGND,li1,255.7600,119.6800,0.001778
_07224_,VGND,li1,253.2300,119.6800,0.001816
_07223_,VGND,li1,256.4500,119.6800,0.001778
_07222_,VGND,li1,261.5100,108.8000,0.000228
_07221_,VGND,li1,288.6500,141.4400,0.000157
_07220_,VGND,li1,323.1500,125.1200,0.003057
_07219_,VGND,li1,325.4500,125.1200,0.002865
_07218_,VGND,li1,321.3100,125.1200,0.003210
_07217_,VGND,li1,316.7100,114.2400,0.000378
_07216_,VGND,li1,314.1800,108.8000,0.000097
_07215_,VGND,li1,316.4800,108.8000,0.000086
_07214_,VGND,li1,312.5700,108.8000,0.000097
_07213_,VGND,li1,309.8100,108.8000,0.000105
_07212_,VGND,li1,316.9400,103.3600,0.000099
_07211_,VGND,li1,307.5100,103.3600,0.000115
_07210_,VGND,li1,306.1300,108.8000,0.000115
_07209_,VGND,li1,304.7500,108.8000,0.000121
_07208_,VGND,li1,304.9800,103.3600,0.000116
_07207_,VGND,li1,300.1500,103.3600,0.000117
_07206_,VGND,li1,269.7900,108.8000,0.000209
_07205_,VGND,li1,307.2800,163.2000,0.000305
_07204_,VGND,li1,322.4600,119.6800,0.000760
_07203_,VGND,li1,368.4600,163.2000,0.000295
_07202_,VGND,li1,365.0100,163.2000,0.000292
_07201_,VGND,li1,368.2300,163.2000,0.000295
_07200_,VGND,li1,358.8000,157.7600,0.000170
_07199_,VGND,li1,361.1000,157.7600,0.000172
_07198_,VGND,li1,356.0400,163.2000,0.000261
_07197_,VGND,li1,356.2700,157.7600,0.000164
_07196_,VGND,li1,350.9800,152.3200,0.000231
_07195_,VGND,li1,353.9700,157.7600,0.000158
_07194_,VGND,li1,348.6800,152.3200,0.000219
_07193_,VGND,li1,350.9800,157.7600,0.000153
_07192_,VGND,li1,346.8400,157.7600,0.000139
_07191_,VGND,li1,337.6400,152.3200,0.000173
_07190_,VGND,li1,338.3300,152.3200,0.000173
_07189_,VGND,li1,339.9400,152.3200,0.000185
_07188_,VGND,li1,321.5400,163.2000,0.000218
_07187_,VGND,li1,341.5500,152.3200,0.000185
_07186_,VGND,li1,325.6800,163.2000,0.000192
_07185_,VGND,li1,316.0200,163.2000,0.000261
_07184_,VGND,li1,317.6300,163.2000,0.000243
_07183_,VGND,li1,312.3400,168.6400,0.000187
_07182_,VGND,li1,312.8000,168.6400,0.000187
_07181_,VGND,li1,308.6600,168.6400,0.000202
_07180_,VGND,li1,290.9500,168.6400,0.000267
_07179_,VGND,li1,287.0400,168.6400,0.000282
_07178_,VGND,li1,289.3400,179.5200,0.000093
_07177_,VGND,li1,285.2000,179.5200,0.000097
_07176_,VGND,li1,270.9400,184.9600,0.000099
_07175_,VGND,li1,272.0900,184.9600,0.000099
_07174_,VGND,li1,268.6400,184.9600,0.000100
_07173_,VGND,li1,266.3400,190.4000,0.000081
_07172_,VGND,li1,277.6100,184.9600,0.000095
_07171_,VGND,li1,268.4100,190.4000,0.000081
_07170_,VGND,li1,271.4000,190.4000,0.000079
_07169_,VGND,li1,252.0800,190.4000,0.000083
_07168_,VGND,li1,249.3200,190.4000,0.000082
_07167_,VGND,li1,248.4000,195.8400,0.000060
_07166_,VGND,li1,250.7000,195.8400,0.000060
_07165_,VGND,li1,260.8200,195.8400,0.000057
_07164_,VGND,li1,246.1000,195.8400,0.000060
_07163_,VGND,li1,244.0300,195.8400,0.000060
_07162_,VGND,li1,240.5800,195.8400,0.000061
_07161_,VGND,li1,238.5100,195.8400,0.000060
_07160_,VGND,li1,242.6500,190.4000,0.000082
_07159_,VGND,li1,242.6500,190.4000,0.000082
_07158_,VGND,li1,240.8100,184.9600,0.000110
_07157_,VGND,li1,243.3400,184.9600,0.000109
_07156_,VGND,li1,236.6700,184.9600,0.000111
_07155_,VGND,li1,245.4100,184.9600,0.000109
_07154_,VGND,li1,258.2900,184.9600,0.000105
_07153_,VGND,li1,253.4600,184.9600,0.000107
_07152_,VGND,li1,255.5300,184.9600,0.000106
_07151_,VGND,li1,290.2600,168.6400,0.000273
_07150_,VGND,li1,293.9400,168.6400,0.000256
_07149_,VGND,li1,269.7900,174.0800,0.000255
_07148_,VGND,li1,267.0300,168.6400,0.000324
_07147_,VGND,li1,268.1800,174.0800,0.000255
_07146_,VGND,li1,266.1100,174.0800,0.000260
_07145_,VGND,li1,278.0700,174.0800,0.000231
_07144_,VGND,li1,266.8000,179.5200,0.000109
_07143_,VGND,li1,264.7300,179.5200,0.000111
_07142_,VGND,li1,263.5800,179.5200,0.000111
_07141_,VGND,li1,259.6700,179.5200,0.000113
_07140_,VGND,li1,264.2700,184.9600,0.000103
_07139_,VGND,li1,253.6900,168.6400,0.000333
_07138_,VGND,li1,252.7700,168.6400,0.000334
_07137_,VGND,li1,255.7600,168.6400,0.000332
_07136_,VGND,li1,312.5700,163.2000,0.000275
_07135_,VGND,li1,307.7400,157.7600,0.000189
_07134_,VGND,li1,310.0400,163.2000,0.000290
_07133_,VGND,li1,304.2900,163.2000,0.000321
_07132_,VGND,li1,284.5100,157.7600,0.000238
_07131_,VGND,li1,284.2800,157.7600,0.000238
_07130_,VGND,li1,279.9100,157.7600,0.000241
_07129_,VGND,li1,279.2200,152.3200,0.000446
_07128_,VGND,li1,282.9000,152.3200,0.000432
_07127_,VGND,li1,260.3600,152.3200,0.000553
_07126_,VGND,li1,255.9900,152.3200,0.000577
_07125_,VGND,li1,254.1500,152.3200,0.000595
_07124_,VGND,li1,251.3900,152.3200,0.000610
_07123_,VGND,li1,280.3700,146.8800,0.000158
_07122_,VGND,li1,285.6600,141.4400,0.000157
_07121_,VGND,li1,291.6400,141.4400,0.000157
_07120_,VGND,li1,294.1700,141.4400,0.000157
_07119_,VGND,li1,296.7000,141.4400,0.000157
_07118_,VGND,li1,287.5000,141.4400,0.000157
_07117_,VGND,li1,290.4900,141.4400,0.000157
_07116_,VGND,li1,291.6400,146.8800,0.000162
_07115_,VGND,li1,284.9700,146.8800,0.000160
_07114_,VGND,li1,288.1900,146.8800,0.000160
_07113_,VGND,li1,277.6100,141.4400,0.000156
_07112_,VGND,li1,307.9700,152.3200,0.000279
_07111_,VGND,li1,336.9500,146.8800,0.000217
_07110_,VGND,li1,335.1100,141.4400,0.000136
_07109_,VGND,li1,336.9500,141.4400,0.000149
_07108_,VGND,li1,330.0500,146.8800,0.000157
_07107_,VGND,li1,332.8100,146.8800,0.000154
_07106_,VGND,li1,325.4500,125.1200,0.002865
_07105_,VGND,li1,319.0100,119.6800,0.000816
_07104_,VGND,li1,321.3100,119.6800,0.000760
_07103_,VGND,li1,313.0300,119.6800,0.000894
_07102_,VGND,li1,295.5500,119.6800,0.001170
_07101_,VGND,li1,297.8500,119.6800,0.001137
_07100_,VGND,li1,293.2500,114.2400,0.000711
_07099_,VGND,li1,295.0900,114.2400,0.000682
_07098_,VGND,li1,285.8900,119.6800,0.001319
_07097_,VGND,li1,285.8900,119.6800,0.001319
_07096_,VGND,li1,271.4000,119.6800,0.001556
_07095_,VGND,li1,268.4100,119.6800,0.001587
_07094_,VGND,li1,265.1900,119.6800,0.001653
_07093_,VGND,li1,324.9900,119.6800,0.000715
_07092_,VGND,li1,324.0700,119.6800,0.000715
_07091_,VGND,li1,325.9100,119.6800,0.000685
_07090_,VGND,li1,320.3900,103.3600,0.000089
_07089_,VGND,li1,320.8500,103.3600,0.000089
_07088_,VGND,li1,319.4700,103.3600,0.000089
_07087_,VGND,li1,322.0000,97.9200,0.000072
_07086_,VGND,li1,313.0300,103.3600,0.000113
_07085_,VGND,li1,334.8800,119.6800,0.000686
_07084_,VGND,li1,342.7000,157.7600,0.000126
_07083_,VGND,li1,368.2300,168.6400,0.000180
_07082_,VGND,li1,364.0900,174.0800,0.000125
_07081_,VGND,li1,367.3100,174.0800,0.000129
_07080_,VGND,li1,357.8800,174.0800,0.000118
_07079_,VGND,li1,359.9500,174.0800,0.000121
_07078_,VGND,li1,351.9000,168.6400,0.000149
_07077_,VGND,li1,359.9500,163.2000,0.000279
_07076_,VGND,li1,353.9700,163.2000,0.000252
_07075_,VGND,li1,355.5800,168.6400,0.000158
_07074_,VGND,li1,346.8400,168.6400,0.000136
_07073_,VGND,li1,355.8100,163.2000,0.000261
_07072_,VGND,li1,348.2200,168.6400,0.000136
_07071_,VGND,li1,349.6000,163.2000,0.000239
_07070_,VGND,li1,343.6200,168.6400,0.000126
_07069_,VGND,li1,338.5600,168.6400,0.000111
_07068_,VGND,li1,343.3900,163.2000,0.000199
_07067_,VGND,li1,339.4800,163.2000,0.000181
_07066_,VGND,li1,336.4900,168.6400,0.000104
_07065_,VGND,li1,334.4200,174.0800,0.000069
_07064_,VGND,li1,334.4200,168.6400,0.000097
_07063_,VGND,li1,350.0600,163.2000,0.000239
_07062_,VGND,li1,346.1500,163.2000,0.000215
_07061_,VGND,li1,329.5900,163.2000,0.000160
_07060_,VGND,li1,330.9700,168.6400,0.000103
_07059_,VGND,li1,332.3500,168.6400,0.000090
_07058_,VGND,li1,329.8200,168.6400,0.000103
_07057_,VGND,li1,322.4600,174.0800,0.000101
_07056_,VGND,li1,330.5100,163.2000,0.000160
_07055_,VGND,li1,324.7600,174.0800,0.000092
_07054_,VGND,li1,316.0200,179.5200,0.000058
_07053_,VGND,li1,323.6100,184.9600,0.000050
_07052_,VGND,li1,322.6900,168.6400,0.000140
_07051_,VGND,li1,325.6800,168.6400,0.000125
_07050_,VGND,li1,320.1600,168.6400,0.000159
_07049_,VGND,li1,318.7800,168.6400,0.000159
_07048_,VGND,li1,320.1600,174.0800,0.000109
_07047_,VGND,li1,317.1700,174.0800,0.000120
_07046_,VGND,li1,313.2600,179.5200,0.000065
_07045_,VGND,li1,305.6700,179.5200,0.000074
_07044_,VGND,li1,307.5100,179.5200,0.000071
_07043_,VGND,li1,314.1800,179.5200,0.000061
_07042_,VGND,li1,317.1700,179.5200,0.000058
_07041_,VGND,li1,311.4200,184.9600,0.000066
_07040_,VGND,li1,305.4400,174.0800,0.000160
_07039_,VGND,li1,312.5700,174.0800,0.000137
_07038_,VGND,li1,308.6600,174.0800,0.000153
_07037_,VGND,li1,307.2800,179.5200,0.000071
_07036_,VGND,li1,308.8900,174.0800,0.000153
_07035_,VGND,li1,305.2100,179.5200,0.000074
_07034_,VGND,li1,308.2000,184.9600,0.000070
_07033_,VGND,li1,313.7200,184.9600,0.000063
_07032_,VGND,li1,307.7400,190.4000,0.000053
_07031_,VGND,li1,309.8100,179.5200,0.000067
_07030_,VGND,li1,310.0400,190.4000,0.000050
_07029_,VGND,li1,289.8000,184.9600,0.000088
_07028_,VGND,li1,286.3500,179.5200,0.000095
_07027_,VGND,li1,285.6600,184.9600,0.000090
_07026_,VGND,li1,287.0400,190.4000,0.000072
_07025_,VGND,li1,283.8200,190.4000,0.000073
_07024_,VGND,li1,290.7200,190.4000,0.000068
_07023_,VGND,li1,293.2500,190.4000,0.000066
_07022_,VGND,li1,287.0400,190.4000,0.000072
_07021_,VGND,li1,286.8100,195.8400,0.000047
_07020_,VGND,li1,283.3600,195.8400,0.000049
_07019_,VGND,li1,292.3300,195.8400,0.000042
_07018_,VGND,li1,272.3200,190.4000,0.000079
_07017_,VGND,li1,272.3200,195.8400,0.000054
_07016_,VGND,li1,274.6200,190.4000,0.000078
_07015_,VGND,li1,268.6400,190.4000,0.000080
_07014_,VGND,li1,280.1400,195.8400,0.000050
_07013_,VGND,li1,281.9800,195.8400,0.000049
_07012_,VGND,li1,276.6900,195.8400,0.000052
_07011_,VGND,li1,280.8300,190.4000,0.000075
_07010_,VGND,li1,278.5300,190.4000,0.000076
_07009_,VGND,li1,264.9600,195.8400,0.000056
_07008_,VGND,li1,267.2600,195.8400,0.000055
_07007_,VGND,li1,259.6700,190.4000,0.000082
_07006_,VGND,li1,262.4300,190.4000,0.000082
_07005_,VGND,li1,264.7300,190.4000,0.000081
_07004_,VGND,li1,258.2900,190.4000,0.000082
_07003_,VGND,li1,256.2200,190.4000,0.000082
_07002_,VGND,li1,254.6100,184.9600,0.000106
_07001_,VGND,li1,288.6500,190.4000,0.000070
_07000_,VGND,li1,305.6700,174.0800,0.000160
_06999_,VGND,li1,301.0700,174.0800,0.000172
_06998_,VGND,li1,302.9100,174.0800,0.000167
_06997_,VGND,li1,303.3700,179.5200,0.000076
_06996_,VGND,li1,293.2500,179.5200,0.000088
_06995_,VGND,li1,295.7800,179.5200,0.000085
_06994_,VGND,li1,296.4700,174.0800,0.000185
_06993_,VGND,li1,293.7100,174.0800,0.000192
_06992_,VGND,li1,290.9500,174.0800,0.000199
_06991_,VGND,li1,290.2600,174.0800,0.000204
_06990_,VGND,li1,293.2500,179.5200,0.000088
_06989_,VGND,li1,296.2400,179.5200,0.000085
_06988_,VGND,li1,299.9200,179.5200,0.000081
_06987_,VGND,li1,294.1700,184.9600,0.000083
_06986_,VGND,li1,282.2100,174.0800,0.000221
_06985_,VGND,li1,278.7600,179.5200,0.000101
_06984_,VGND,li1,274.3900,174.0800,0.000244
_06983_,VGND,li1,276.2300,174.0800,0.000236
_06982_,VGND,li1,284.5100,174.0800,0.000215
_06981_,VGND,li1,297.3900,168.6400,0.000249
_06980_,VGND,li1,320.3900,152.3200,0.000201
_06979_,VGND,li1,318.0900,152.3200,0.000216
_06978_,VGND,li1,316.2500,152.3200,0.000233
_06977_,VGND,li1,320.3900,152.3200,0.000201
_06976_,VGND,li1,309.3500,152.3200,0.000279
_06975_,VGND,li1,304.2900,152.3200,0.000302
_06974_,VGND,li1,304.0600,152.3200,0.000302
_06973_,VGND,li1,286.8100,152.3200,0.000403
_06972_,VGND,li1,281.7500,152.3200,0.000432
_06971_,VGND,li1,258.7500,152.3200,0.000566
_06970_,VGND,li1,283.5900,152.3200,0.000421
_06969_,VGND,li1,309.8100,141.4400,0.000157
_06968_,VGND,li1,307.0500,146.8800,0.000165
_06967_,VGND,li1,312.1100,141.4400,0.000156
_06966_,VGND,li1,300.1500,146.8800,0.000164
_06965_,VGND,li1,298.7700,141.4400,0.000157
_06964_,VGND,li1,298.0800,146.8800,0.000163
_06963_,VGND,li1,296.0100,146.8800,0.000163
_06962_,VGND,li1,302.4500,146.8800,0.000164
_06961_,VGND,li1,342.4700,163.2000,0.000199
_06960_,VGND,li1,345.2300,163.2000,0.000215
_06959_,VGND,li1,343.8500,114.2400,0.000173
_06958_,VGND,li1,345.2300,114.2400,0.000173
_06957_,VGND,li1,337.4100,157.7600,0.000106
_06956_,VGND,li1,340.4000,157.7600,0.000117
_06955_,VGND,li1,338.3300,119.6800,0.000829
_06954_,VGND,li1,335.3400,114.2400,0.000161
_06953_,VGND,li1,337.4100,114.2400,0.000165
_06952_,VGND,li1,331.8900,114.2400,0.000159
_06951_,VGND,li1,342.0100,114.2400,0.000170
_06950_,VGND,li1,336.9500,108.8000,0.000038
_06949_,VGND,li1,330.2800,114.2400,0.000199
_06948_,VGND,li1,323.6100,114.2400,0.000279
_06947_,VGND,li1,320.6200,114.2400,0.000322
_06946_,VGND,li1,324.0700,108.8000,0.000063
_06945_,VGND,li1,290.0300,114.2400,0.000752
_06944_,VGND,li1,292.1000,108.8000,0.000154
_06943_,VGND,li1,293.0200,114.2400,0.000711
_06942_,VGND,li1,288.8800,108.8000,0.000165
_06941_,VGND,li1,290.4900,114.2400,0.000752
_06940_,VGND,li1,332.3500,108.8000,0.000037
_06939_,VGND,li1,334.1900,108.8000,0.000038
_06938_,VGND,li1,333.9600,103.3600,0.000042
_06937_,VGND,li1,328.9000,103.3600,0.000053
_06936_,VGND,li1,325.4500,103.3600,0.000068
_06935_,VGND,li1,328.6700,97.9200,0.000054
_06934_,VGND,li1,324.9900,103.3600,0.000068
_06933_,VGND,li1,338.7900,108.8000,0.000039
_06932_,VGND,li1,329.1300,114.2400,0.000199
_06931_,VGND,li1,324.0700,114.2400,0.000279
_06930_,VGND,li1,330.2800,119.6800,0.000614
_06929_,VGND,li1,333.7300,157.7600,0.000092
_06928_,VGND,li1,321.7700,157.7600,0.000124
_06927_,VGND,li1,319.0100,157.7600,0.000136
_06926_,VGND,li1,323.6100,152.3200,0.000188
_06925_,VGND,li1,316.7100,152.3200,0.000233
_06924_,VGND,li1,322.4600,152.3200,0.000188
_06923_,VGND,li1,300.3800,152.3200,0.000326
_06922_,VGND,li1,296.4700,152.3200,0.000347
_06921_,VGND,li1,284.9700,152.3200,0.000421
_06920_,VGND,li1,294.6300,152.3200,0.000357
_06919_,VGND,li1,316.2500,146.8800,0.000166
_06918_,VGND,li1,309.3500,146.8800,0.000165
_06917_,VGND,li1,312.3400,146.8800,0.000165
_06916_,VGND,li1,366.3900,179.5200,0.000061
_06915_,VGND,li1,363.4000,179.5200,0.000061
_06914_,VGND,li1,363.6300,179.5200,0.000061
_06913_,VGND,li1,358.5700,179.5200,0.000058
_06912_,VGND,li1,360.6400,179.5200,0.000060
_06911_,VGND,li1,354.4300,174.0800,0.000110
_06910_,VGND,li1,353.0500,174.0800,0.000110
_06909_,VGND,li1,351.2100,174.0800,0.000107
_06908_,VGND,li1,347.5300,114.2400,0.000175
_06907_,VGND,li1,343.3900,114.2400,0.000170
_06906_,VGND,li1,345.2300,114.2400,0.000173
_06905_,VGND,li1,343.3900,108.8000,0.000040
_06904_,VGND,li1,337.6400,103.3600,0.000043
_06903_,VGND,li1,341.7800,103.3600,0.000043
_06902_,VGND,li1,342.2400,103.3600,0.000043
_06901_,VGND,li1,338.7900,103.3600,0.000043
_06900_,VGND,li1,345.2300,174.0800,0.000096
_06899_,VGND,li1,347.9900,174.0800,0.000101
_06898_,VGND,li1,337.4100,174.0800,0.000079
_06897_,VGND,li1,333.7300,163.2000,0.000138
_06896_,VGND,li1,329.5900,157.7600,0.000096
_06895_,VGND,li1,331.4300,157.7600,0.000083
_06894_,VGND,li1,331.4300,157.7600,0.000083
_06893_,VGND,li1,326.3700,157.7600,0.000105
_06892_,VGND,li1,324.5300,146.8800,0.000164
_06891_,VGND,li1,310.7300,152.3200,0.000262
_06890_,VGND,li1,306.1300,152.3200,0.000290
_06889_,VGND,li1,322.2300,146.8800,0.000166
_06888_,VGND,li1,333.2700,179.5200,0.000035
_06887_,VGND,li1,335.5700,179.5200,0.000037
_06886_,VGND,li1,335.3400,179.5200,0.000037
_06885_,VGND,li1,326.8300,184.9600,0.000046
_06884_,VGND,li1,325.9100,179.5200,0.000044
_06883_,VGND,li1,319.0100,179.5200,0.000053
_06882_,VGND,li1,323.3800,179.5200,0.000048
_06881_,VGND,li1,323.1500,184.9600,0.000053
_06880_,VGND,li1,316.7100,184.9600,0.000060
_06879_,VGND,li1,316.2500,184.9600,0.000060
_06878_,VGND,li1,320.8500,184.9600,0.000056
_06877_,VGND,li1,304.7500,190.4000,0.000056
_06876_,VGND,li1,304.2900,184.9600,0.000074
_06875_,VGND,li1,298.7700,195.8400,0.000038
_06874_,VGND,li1,296.2400,190.4000,0.000064
_06873_,VGND,li1,295.5500,195.8400,0.000041
_06872_,VGND,li1,293.2500,190.4000,0.000066
_06871_,VGND,li1,298.3100,190.4000,0.000062
_06870_,VGND,li1,364.0900,184.9600,0.000088
_06869_,VGND,li1,360.8700,184.9600,0.000083
_06868_,VGND,li1,362.7100,184.9600,0.000085
_06867_,VGND,li1,360.8700,179.5200,0.000060
_06866_,VGND,li1,359.4900,179.5200,0.000058
_06865_,VGND,li1,356.2700,179.5200,0.000057
_06864_,VGND,li1,352.1300,114.2400,0.000181
_06863_,VGND,li1,347.9900,114.2400,0.000177
_06862_,VGND,li1,355.1200,114.2400,0.000182
_06861_,VGND,li1,358.1100,179.5200,0.000058
_06860_,VGND,li1,354.4300,179.5200,0.000055
_06859_,VGND,li1,351.6700,179.5200,0.000053
_06858_,VGND,li1,345.6900,179.5200,0.000046
_06857_,VGND,li1,342.4700,179.5200,0.000045
_06856_,VGND,li1,344.3100,179.5200,0.000046
_06855_,VGND,li1,330.0500,174.0800,0.000077
_06854_,VGND,li1,329.3600,157.7600,0.000096
_06853_,VGND,li1,324.0700,157.7600,0.000114
_06852_,VGND,li1,327.7500,152.3200,0.000164
_06851_,VGND,li1,330.9700,152.3200,0.000131
_06850_,VGND,li1,311.6500,152.3200,0.000262
_06849_,VGND,li1,337.8700,184.9600,0.000049
_06848_,VGND,li1,341.5500,184.9600,0.000053
_06847_,VGND,li1,334.6500,184.9600,0.000043
_06846_,VGND,li1,334.1900,184.9600,0.000043
_06845_,VGND,li1,337.4100,184.9600,0.000046
_06844_,VGND,li1,331.2000,184.9600,0.000037
_06843_,VGND,li1,329.1300,184.9600,0.000040
_06842_,VGND,li1,298.7700,190.4000,0.000062
_06841_,VGND,li1,303.8300,190.4000,0.000058
_06840_,VGND,li1,300.8400,190.4000,0.000060
_06839_,VGND,li1,355.3500,190.4000,0.000056
_06838_,VGND,li1,355.3500,184.9600,0.000077
_06837_,VGND,li1,354.4300,184.9600,0.000074
_06836_,VGND,li1,352.5900,184.9600,0.000071
_06835_,VGND,li1,348.6800,184.9600,0.000068
_06834_,VGND,li1,349.8300,184.9600,0.000068
_06833_,VGND,li1,348.6800,190.4000,0.000046
_06832_,VGND,li1,329.1300,152.3200,0.000144
_06831_,VGND,li1,343.8500,184.9600,0.000060
_06830_,VGND,li1,351.6700,184.9600,0.000071
_06829_,VGND,li1,347.0700,184.9600,0.000063
_06828_,VGND,li1,107.8700,212.1600,0.000116
_06827_,VGND,li1,199.8700,212.1600,0.000079
_06826_,VGND,li1,127.6500,103.3600,0.000135
_06825_,VGND,li1,193.4300,87.0400,0.000146
_06824_,VGND,li1,126.7300,293.7600,0.000095
_06823_,VGND,li1,196.1900,304.6400,0.000184
_06822_,VGND,li1,130.8700,195.8400,0.000054
_06821_,VGND,li1,81.1900,108.8000,0.000623
_06820_,VGND,li1,189.2900,337.2800,0.000214
_06819_,VGND,li1,45.3100,293.7600,0.000052
_06818_,VGND,li1,103.2700,76.1600,0.000075
_06817_,VGND,li1,199.8700,184.9600,0.000089
