Instance,Terminal,Layer,X location,Y location,Voltage
FILLER_138_821,VPWR,li1,383.8700,388.9600,1.799918
FILLER_138_813,VPWR,li1,381.3400,388.9600,1.799918
FILLER_138_809,VPWR,li1,378.3500,388.9600,1.799918
FILLER_138_797,VPWR,li1,374.9000,388.9600,1.799918
FILLER_138_785,VPWR,li1,369.3800,388.9600,1.799918
FILLER_138_781,VPWR,li1,365.4700,388.9600,1.799918
FILLER_138_769,VPWR,li1,362.0200,388.9600,1.799918
FILLER_138_757,VPWR,li1,356.5000,388.9600,1.799918
FILLER_138_751,VPWR,li1,351.2100,388.9600,1.799919
FILLER_138_747,VPWR,li1,350.0600,388.9600,1.799919
FILLER_138_735,VPWR,li1,346.3800,388.9600,1.799922
FILLER_138_729,VPWR,li1,341.3200,388.9600,1.799928
FILLER_138_727,VPWR,li1,340.1700,388.9600,1.799928
FILLER_138_713,VPWR,li1,334.4200,388.9600,1.799936
FILLER_138_706,VPWR,li1,331.2000,388.9600,1.799940
FILLER_138_701,VPWR,li1,328.4400,388.9600,1.799936
FILLER_138_699,VPWR,li1,327.2900,388.9600,1.799936
FILLER_138_694,VPWR,li1,325.2200,388.9600,1.799927
FILLER_138_671,VPWR,li1,314.4100,388.9600,1.799888
FILLER_138_665,VPWR,li1,312.8000,388.9600,1.799888
FILLER_138_657,VPWR,li1,308.6600,388.9600,1.799875
FILLER_138_650,VPWR,li1,305.4400,388.9600,1.799868
FILLER_138_645,VPWR,li1,302.6800,388.9600,1.799864
FILLER_138_643,VPWR,li1,301.5300,388.9600,1.799864
FILLER_138_636,VPWR,li1,299.0000,388.9600,1.799859
FILLER_138_630,VPWR,li1,296.0100,388.9600,1.799853
FILLER_138_623,VPWR,li1,292.7900,388.9600,1.799847
FILLER_138_617,VPWR,li1,289.8000,388.9600,1.799843
FILLER_138_615,VPWR,li1,288.6500,388.9600,1.799841
FILLER_138_609,VPWR,li1,286.3500,388.9600,1.799837
FILLER_138_602,VPWR,li1,283.1300,388.9600,1.799834
FILLER_138_594,VPWR,li1,279.6800,388.9600,1.799833
FILLER_138_589,VPWR,li1,276.9200,388.9600,1.799832
FILLER_138_587,VPWR,li1,275.7700,388.9600,1.799831
FILLER_138_581,VPWR,li1,273.4700,388.9600,1.799830
FILLER_138_574,VPWR,li1,270.2500,388.9600,1.799830
FILLER_138_569,VPWR,li1,267.4900,388.9600,1.799829
FILLER_138_561,VPWR,li1,264.0400,388.9600,1.799829
FILLER_138_559,VPWR,li1,262.8900,388.9600,1.799829
FILLER_138_553,VPWR,li1,260.5900,388.9600,1.799828
FILLER_138_531,VPWR,li1,250.0100,388.9600,1.799829
FILLER_138_525,VPWR,li1,248.4000,388.9600,1.799829
FILLER_138_519,VPWR,li1,244.7200,388.9600,1.799830
FILLER_138_484,VPWR,li1,228.6200,388.9600,1.799842
FILLER_138_468,VPWR,li1,221.4900,388.9600,1.799853
FILLER_138_462,VPWR,li1,218.7300,388.9600,1.799857
FILLER_138_454,VPWR,li1,215.2800,388.9600,1.799859
FILLER_138_449,VPWR,li1,212.5200,388.9600,1.799863
FILLER_138_441,VPWR,li1,209.0700,388.9600,1.799870
FILLER_138_433,VPWR,li1,205.6200,388.9600,1.799874
FILLER_138_426,VPWR,li1,202.4000,388.9600,1.799881
FILLER_138_421,VPWR,li1,199.6400,388.9600,1.799887
FILLER_138_415,VPWR,li1,196.6500,388.9600,1.799896
FILLER_138_405,VPWR,li1,192.2800,388.9600,1.799903
FILLER_138_393,VPWR,li1,189.0600,388.9600,1.799911
FILLER_138_390,VPWR,li1,185.3800,388.9600,1.799920
FILLER_138_382,VPWR,li1,183.0800,388.9600,1.799926
FILLER_138_370,VPWR,li1,178.4800,388.9600,1.799937
FILLER_138_365,VPWR,li1,173.8800,388.9600,1.799937
FILLER_138_362,VPWR,li1,172.5000,388.9600,1.799937
FILLER_138_349,VPWR,li1,167.4400,388.9600,1.799921
FILLER_138_337,VPWR,li1,163.3000,388.9600,1.799909
FILLER_138_335,VPWR,li1,159.8500,388.9600,1.799893
FILLER_138_329,VPWR,li1,158.2400,388.9600,1.799893
FILLER_138_322,VPWR,li1,154.3300,388.9600,1.799881
FILLER_138_315,VPWR,li1,151.1100,388.9600,1.799874
FILLER_138_309,VPWR,li1,148.1200,388.9600,1.799869
FILLER_138_301,VPWR,li1,144.6700,388.9600,1.799866
FILLER_138_294,VPWR,li1,141.4500,388.9600,1.799865
FILLER_138_287,VPWR,li1,138.2300,388.9600,1.799866
FILLER_138_281,VPWR,li1,135.2400,388.9600,1.799869
FILLER_138_277,VPWR,li1,133.6300,388.9600,1.799869
FILLER_138_265,VPWR,li1,130.1800,388.9600,1.799873
FILLER_138_253,VPWR,li1,124.6600,388.9600,1.799879
FILLER_138_249,VPWR,li1,120.7500,388.9600,1.799883
FILLER_138_237,VPWR,li1,117.3000,388.9600,1.799887
FILLER_138_225,VPWR,li1,111.7800,388.9600,1.799892
FILLER_138_216,VPWR,li1,106.7200,388.9600,1.799898
FILLER_138_209,VPWR,li1,102.5800,388.9600,1.799902
FILLER_138_197,VPWR,li1,98.9000,388.9600,1.799906
FILLER_138_193,VPWR,li1,94.9900,388.9600,1.799910
FILLER_138_181,VPWR,li1,91.5400,388.9600,1.799914
FILLER_138_169,VPWR,li1,86.0200,388.9600,1.799920
FILLER_138_165,VPWR,li1,82.1100,388.9600,1.799924
FILLER_138_153,VPWR,li1,78.6600,388.9600,1.799928
FILLER_138_141,VPWR,li1,73.1400,388.9600,1.799934
FILLER_138_137,VPWR,li1,69.2300,388.9600,1.799938
FILLER_138_125,VPWR,li1,65.7800,388.9600,1.799942
FILLER_138_113,VPWR,li1,60.2600,388.9600,1.799948
FILLER_138_109,VPWR,li1,56.3500,388.9600,1.799952
FILLER_138_97,VPWR,li1,52.9000,388.9600,1.799956
FILLER_138_85,VPWR,li1,47.3800,388.9600,1.799962
FILLER_138_81,VPWR,li1,43.4700,388.9600,1.799966
FILLER_138_69,VPWR,li1,40.0200,388.9600,1.799969
FILLER_138_57,VPWR,li1,34.5000,388.9600,1.799975
FILLER_138_53,VPWR,li1,30.5900,388.9600,1.799980
FILLER_138_41,VPWR,li1,27.1400,388.9600,1.799983
FILLER_138_29,VPWR,li1,21.6200,388.9600,1.799989
FILLER_138_27,VPWR,li1,18.1700,388.9600,1.799989
FILLER_138_15,VPWR,li1,15.1800,388.9600,1.799989
FILLER_138_3,VPWR,li1,9.6600,388.9600,1.799989
FILLER_137_821,VPWR,li1,383.8700,383.5200,1.799157
FILLER_137_809,VPWR,li1,380.4200,383.5200,1.799157
FILLER_137_797,VPWR,li1,374.9000,383.5200,1.799157
FILLER_137_785,VPWR,li1,369.3800,383.5200,1.799157
FILLER_137_783,VPWR,li1,365.9300,383.5200,1.799157
FILLER_137_777,VPWR,li1,364.3200,383.5200,1.799157
FILLER_137_765,VPWR,li1,360.1800,383.5200,1.799157
FILLER_137_753,VPWR,li1,354.6600,383.5200,1.799157
FILLER_137_741,VPWR,li1,349.1400,383.5200,1.799157
FILLER_137_729,VPWR,li1,343.6200,383.5200,1.799160
FILLER_137_705,VPWR,li1,330.5100,383.5200,1.799175
FILLER_137_693,VPWR,li1,327.0600,383.5200,1.799014
FILLER_137_669,VPWR,li1,313.9500,383.5200,1.798062
FILLER_137_657,VPWR,li1,310.5000,383.5200,1.797812
FILLER_137_608,VPWR,li1,287.0400,383.5200,1.796390
FILLER_137_579,VPWR,li1,272.5500,383.5200,1.796363
FILLER_137_552,VPWR,li1,259.6700,383.5200,1.796503
FILLER_137_544,VPWR,li1,257.6000,383.5200,1.796529
FILLER_137_519,VPWR,li1,244.4900,383.5200,1.796699
FILLER_137_489,VPWR,li1,230.9200,383.5200,1.796881
FILLER_137_462,VPWR,li1,218.2700,383.5200,1.797078
FILLER_137_456,VPWR,li1,216.6600,383.5200,1.797078
FILLER_137_417,VPWR,li1,197.5700,383.5200,1.797599
FILLER_137_399,VPWR,li1,189.2900,383.5200,1.798197
FILLER_137_393,VPWR,li1,187.6800,383.5200,1.798197
FILLER_137_391,VPWR,li1,185.6100,383.5200,1.798332
FILLER_137_363,VPWR,li1,172.7300,383.5200,1.799000
FILLER_137_344,VPWR,li1,166.5200,383.5200,1.798813
FILLER_137_332,VPWR,li1,159.1600,383.5200,1.798594
FILLER_137_326,VPWR,li1,156.1700,383.5200,1.798521
FILLER_137_298,VPWR,li1,144.4400,383.5200,1.798194
FILLER_137_287,VPWR,li1,137.7700,383.5200,1.798166
FILLER_137_281,VPWR,li1,136.1600,383.5200,1.798166
FILLER_137_278,VPWR,li1,133.8600,383.5200,1.798198
FILLER_137_270,VPWR,li1,131.5600,383.5200,1.798223
FILLER_137_260,VPWR,li1,125.8100,383.5200,1.798323
FILLER_137_248,VPWR,li1,120.0600,383.5200,1.798384
FILLER_137_238,VPWR,li1,115.6900,383.5200,1.798452
FILLER_137_230,VPWR,li1,111.5500,383.5200,1.798505
FILLER_137_207,VPWR,li1,101.4300,383.5200,1.798650
FILLER_137_197,VPWR,li1,96.8300,383.5200,1.798731
FILLER_137_189,VPWR,li1,94.3000,383.5200,1.798761
FILLER_137_177,VPWR,li1,87.1700,383.5200,1.798859
FILLER_137_169,VPWR,li1,85.1000,383.5200,1.798890
FILLER_137_167,VPWR,li1,82.5700,383.5200,1.798952
FILLER_137_161,VPWR,li1,80.9600,383.5200,1.798952
FILLER_137_149,VPWR,li1,76.8200,383.5200,1.799013
FILLER_137_137,VPWR,li1,71.3000,383.5200,1.799113
FILLER_137_125,VPWR,li1,65.7800,383.5200,1.799178
FILLER_137_113,VPWR,li1,60.2600,383.5200,1.799261
FILLER_137_111,VPWR,li1,56.8100,383.5200,1.799336
FILLER_137_105,VPWR,li1,55.2000,383.5200,1.799336
FILLER_137_93,VPWR,li1,51.0600,383.5200,1.799398
FILLER_137_81,VPWR,li1,45.5400,383.5200,1.799497
FILLER_137_69,VPWR,li1,40.0200,383.5200,1.799563
FILLER_137_57,VPWR,li1,34.5000,383.5200,1.799645
FILLER_137_55,VPWR,li1,31.0500,383.5200,1.799714
FILLER_137_51,VPWR,li1,29.9000,383.5200,1.799714
FILLER_137_39,VPWR,li1,26.2200,383.5200,1.799768
FILLER_137_27,VPWR,li1,20.7000,383.5200,1.799851
FILLER_137_15,VPWR,li1,15.1800,383.5200,1.799851
FILLER_137_3,VPWR,li1,9.6600,383.5200,1.799851
FILLER_136_821,VPWR,li1,383.8700,383.5200,1.799157
FILLER_136_813,VPWR,li1,381.3400,383.5200,1.799157
FILLER_136_811,VPWR,li1,378.8100,383.5200,1.799157
FILLER_136_805,VPWR,li1,377.2000,383.5200,1.799157
FILLER_136_793,VPWR,li1,373.0600,383.5200,1.799157
FILLER_136_781,VPWR,li1,367.5400,383.5200,1.799157
FILLER_136_769,VPWR,li1,362.0200,383.5200,1.799157
FILLER_136_757,VPWR,li1,356.5000,383.5200,1.799157
FILLER_136_752,VPWR,li1,352.3600,383.5200,1.799157
FILLER_136_729,VPWR,li1,341.5500,383.5200,1.799162
FILLER_136_717,VPWR,li1,338.1000,383.5200,1.799164
FILLER_136_705,VPWR,li1,332.5800,383.5200,1.799171
FILLER_136_692,VPWR,li1,325.6800,383.5200,1.799014
FILLER_136_680,VPWR,li1,321.0800,383.5200,1.798534
FILLER_136_656,VPWR,li1,308.2000,383.5200,1.797634
FILLER_136_645,VPWR,li1,302.4500,383.5200,1.797079
FILLER_136_625,VPWR,li1,293.2500,383.5200,1.796658
FILLER_136_617,VPWR,li1,291.1800,383.5200,1.796568
FILLER_136_601,VPWR,li1,282.4400,383.5200,1.796298
FILLER_136_587,VPWR,li1,275.7700,383.5200,1.796305
FILLER_136_579,VPWR,li1,273.7000,383.5200,1.796330
FILLER_136_562,VPWR,li1,264.7300,383.5200,1.796457
FILLER_136_522,VPWR,li1,246.3300,383.5200,1.796675
FILLER_136_514,VPWR,li1,243.8000,383.5200,1.796724
FILLER_136_507,VPWR,li1,238.9700,383.5200,1.796773
FILLER_136_498,VPWR,li1,235.0600,383.5200,1.796825
FILLER_136_484,VPWR,li1,228.6200,383.5200,1.796913
FILLER_136_468,VPWR,li1,221.0300,383.5200,1.797017
FILLER_136_449,VPWR,li1,213.9000,383.5200,1.797120
FILLER_136_437,VPWR,li1,209.3000,383.5200,1.797182
FILLER_136_419,VPWR,li1,198.4900,383.5200,1.797599
FILLER_136_413,VPWR,li1,196.8800,383.5200,1.797599
FILLER_136_404,VPWR,li1,192.0500,383.5200,1.797913
FILLER_136_390,VPWR,li1,186.3000,383.5200,1.798332
FILLER_136_378,VPWR,li1,179.8600,383.5200,1.798707
FILLER_136_370,VPWR,li1,177.5600,383.5200,1.798858
FILLER_136_363,VPWR,li1,172.7300,383.5200,1.799000
FILLER_136_355,VPWR,li1,169.0500,383.5200,1.798893
FILLER_136_351,VPWR,li1,167.9000,383.5200,1.798813
FILLER_136_335,VPWR,li1,159.8500,383.5200,1.798594
FILLER_136_321,VPWR,li1,154.1000,383.5200,1.798462
FILLER_136_309,VPWR,li1,150.4200,383.5200,1.798356
FILLER_136_305,VPWR,li1,146.5100,383.5200,1.798254
FILLER_136_296,VPWR,li1,142.1400,383.5200,1.798155
FILLER_136_288,VPWR,li1,138.2300,383.5200,1.798142
FILLER_136_265,VPWR,li1,128.1100,383.5200,1.798272
FILLER_136_253,VPWR,li1,124.6600,383.5200,1.798323
FILLER_136_244,VPWR,li1,119.6000,383.5200,1.798413
FILLER_136_238,VPWR,li1,115.2300,383.5200,1.798452
FILLER_136_230,VPWR,li1,111.5500,383.5200,1.798505
FILLER_136_226,VPWR,li1,110.4000,383.5200,1.798544
FILLER_136_214,VPWR,li1,106.7200,383.5200,1.798574
FILLER_136_171,VPWR,li1,84.4100,383.5200,1.798924
FILLER_136_165,VPWR,li1,82.8000,383.5200,1.798924
FILLER_136_153,VPWR,li1,78.6600,383.5200,1.798986
FILLER_136_141,VPWR,li1,73.1400,383.5200,1.799068
FILLER_136_139,VPWR,li1,69.6900,383.5200,1.799144
FILLER_136_133,VPWR,li1,68.0800,383.5200,1.799144
FILLER_136_121,VPWR,li1,63.9400,383.5200,1.799206
FILLER_136_109,VPWR,li1,58.4200,383.5200,1.799305
FILLER_136_97,VPWR,li1,52.9000,383.5200,1.799370
FILLER_136_85,VPWR,li1,47.3800,383.5200,1.799453
FILLER_136_83,VPWR,li1,43.9300,383.5200,1.799528
FILLER_136_77,VPWR,li1,42.3200,383.5200,1.799528
FILLER_136_65,VPWR,li1,38.1800,383.5200,1.799590
FILLER_136_53,VPWR,li1,32.6600,383.5200,1.799672
FILLER_136_41,VPWR,li1,27.1400,383.5200,1.799768
FILLER_136_29,VPWR,li1,21.6200,383.5200,1.799851
FILLER_136_27,VPWR,li1,18.1700,383.5200,1.799851
FILLER_136_15,VPWR,li1,15.1800,383.5200,1.799851
FILLER_136_3,VPWR,li1,9.6600,383.5200,1.799851
FILLER_135_821,VPWR,li1,383.8700,378.0800,1.799104
FILLER_135_809,VPWR,li1,380.4200,378.0800,1.799104
FILLER_135_797,VPWR,li1,374.9000,378.0800,1.799104
FILLER_135_785,VPWR,li1,369.3800,378.0800,1.799104
FILLER_135_783,VPWR,li1,365.9300,378.0800,1.799104
FILLER_135_777,VPWR,li1,364.3200,378.0800,1.799104
FILLER_135_765,VPWR,li1,360.1800,378.0800,1.799104
FILLER_135_753,VPWR,li1,354.6600,378.0800,1.799104
FILLER_135_741,VPWR,li1,349.1400,378.0800,1.799104
FILLER_135_729,VPWR,li1,343.6200,378.0800,1.799104
FILLER_135_722,VPWR,li1,339.0200,378.0800,1.799104
FILLER_135_700,VPWR,li1,327.9800,378.0800,1.798993
FILLER_135_682,VPWR,li1,322.0000,378.0800,1.798552
FILLER_135_668,VPWR,li1,313.7200,378.0800,1.797901
FILLER_135_659,VPWR,li1,309.1200,378.0800,1.797602
FILLER_135_645,VPWR,li1,302.6800,378.0800,1.797168
FILLER_135_637,VPWR,li1,300.3800,378.0800,1.797048
FILLER_135_629,VPWR,li1,295.5500,378.0800,1.796719
FILLER_135_617,VPWR,li1,292.1000,378.0800,1.796619
FILLER_135_613,VPWR,li1,288.1900,378.0800,1.796430
FILLER_135_606,VPWR,li1,284.5100,378.0800,1.796216
FILLER_135_602,VPWR,li1,283.3600,378.0800,1.796216
FILLER_135_594,VPWR,li1,278.9900,378.0800,1.796049
FILLER_135_581,VPWR,li1,273.4700,378.0800,1.796044
FILLER_135_573,VPWR,li1,270.9400,378.0800,1.796075
FILLER_135_561,VPWR,li1,266.3400,378.0800,1.796124
FILLER_135_558,VPWR,li1,262.6600,378.0800,1.796158
FILLER_135_546,VPWR,li1,259.4400,378.0800,1.796196
FILLER_135_540,VPWR,li1,254.1500,378.0800,1.796257
FILLER_135_529,VPWR,li1,249.3200,378.0800,1.796303
FILLER_135_517,VPWR,li1,246.1000,378.0800,1.796342
FILLER_135_505,VPWR,li1,240.5800,378.0800,1.796402
FILLER_135_492,VPWR,li1,234.6000,378.0800,1.796454
FILLER_135_480,VPWR,li1,229.0800,378.0800,1.796530
FILLER_135_468,VPWR,li1,223.5600,378.0800,1.796572
FILLER_135_464,VPWR,li1,219.1900,378.0800,1.796620
FILLER_135_456,VPWR,li1,217.1200,378.0800,1.796675
FILLER_135_444,VPWR,li1,209.9900,378.0800,1.796914
FILLER_135_432,VPWR,li1,207.0000,378.0800,1.797110
FILLER_135_420,VPWR,li1,201.4800,378.0800,1.797348
FILLER_135_408,VPWR,li1,195.9600,378.0800,1.797737
FILLER_135_399,VPWR,li1,189.2900,378.0800,1.798154
FILLER_135_383,VPWR,li1,183.0800,378.0800,1.798432
FILLER_135_375,VPWR,li1,178.2500,378.0800,1.798725
FILLER_135_369,VPWR,li1,176.6400,378.0800,1.798907
FILLER_135_357,VPWR,li1,172.5000,378.0800,1.798752
FILLER_135_337,VPWR,li1,161.4600,378.0800,1.798292
FILLER_135_335,VPWR,li1,159.8500,378.0800,1.798190
FILLER_135_331,VPWR,li1,158.0100,378.0800,1.798107
FILLER_135_327,VPWR,li1,156.8600,378.0800,1.798107
FILLER_135_318,VPWR,li1,153.1800,378.0800,1.797914
FILLER_135_281,VPWR,li1,135.7000,378.0800,1.797432
FILLER_135_265,VPWR,li1,129.2600,378.0800,1.797444
FILLER_135_257,VPWR,li1,123.9700,378.0800,1.797492
FILLER_135_249,VPWR,li1,120.2900,378.0800,1.797575
FILLER_135_245,VPWR,li1,119.1400,378.0800,1.797575
FILLER_135_233,VPWR,li1,115.4600,378.0800,1.797627
FILLER_135_223,VPWR,li1,108.3300,378.0800,1.797744
FILLER_135_217,VPWR,li1,106.7200,378.0800,1.797775
FILLER_135_190,VPWR,li1,94.7600,378.0800,1.797990
FILLER_135_177,VPWR,li1,87.4000,378.0800,1.798102
FILLER_135_169,VPWR,li1,85.1000,378.0800,1.798134
FILLER_135_167,VPWR,li1,82.5700,378.0800,1.798221
FILLER_135_161,VPWR,li1,80.9600,378.0800,1.798221
FILLER_135_149,VPWR,li1,76.8200,378.0800,1.798325
FILLER_135_137,VPWR,li1,71.3000,378.0800,1.798504
FILLER_135_125,VPWR,li1,65.7800,378.0800,1.798609
FILLER_135_113,VPWR,li1,60.2600,378.0800,1.798743
FILLER_135_111,VPWR,li1,56.8100,378.0800,1.798872
FILLER_135_105,VPWR,li1,55.2000,378.0800,1.798872
FILLER_135_93,VPWR,li1,51.0600,378.0800,1.798977
FILLER_135_81,VPWR,li1,45.5400,378.0800,1.799146
FILLER_135_69,VPWR,li1,40.0200,378.0800,1.799256
FILLER_135_57,VPWR,li1,34.5000,378.0800,1.799396
FILLER_135_55,VPWR,li1,31.0500,378.0800,1.799513
FILLER_135_51,VPWR,li1,29.9000,378.0800,1.799513
FILLER_135_39,VPWR,li1,26.2200,378.0800,1.799606
FILLER_135_27,VPWR,li1,20.7000,378.0800,1.799746
FILLER_135_15,VPWR,li1,15.1800,378.0800,1.799746
FILLER_135_3,VPWR,li1,9.6600,378.0800,1.799746
FILLER_134_821,VPWR,li1,383.8700,378.0800,1.799104
FILLER_134_813,VPWR,li1,381.3400,378.0800,1.799104
FILLER_134_811,VPWR,li1,378.8100,378.0800,1.799104
FILLER_134_805,VPWR,li1,377.2000,378.0800,1.799104
FILLER_134_793,VPWR,li1,373.0600,378.0800,1.799104
FILLER_134_781,VPWR,li1,367.5400,378.0800,1.799104
FILLER_134_769,VPWR,li1,362.0200,378.0800,1.799104
FILLER_134_757,VPWR,li1,356.5000,378.0800,1.799104
FILLER_134_755,VPWR,li1,353.0500,378.0800,1.799104
FILLER_134_749,VPWR,li1,351.4400,378.0800,1.799104
FILLER_134_737,VPWR,li1,347.3000,378.0800,1.799104
FILLER_134_725,VPWR,li1,341.7800,378.0800,1.799104
FILLER_134_713,VPWR,li1,336.2600,378.0800,1.799104
FILLER_134_701,VPWR,li1,328.4400,378.0800,1.798993
FILLER_134_699,VPWR,li1,327.2900,378.0800,1.798993
FILLER_134_686,VPWR,li1,321.5400,378.0800,1.798552
FILLER_134_664,VPWR,li1,311.1900,378.0800,1.797760
FILLER_134_652,VPWR,li1,305.6700,378.0800,1.797281
FILLER_134_645,VPWR,li1,302.4500,378.0800,1.797168
FILLER_134_641,VPWR,li1,301.0700,378.0800,1.797048
FILLER_134_629,VPWR,li1,297.6200,378.0800,1.796876
FILLER_134_625,VPWR,li1,293.2500,378.0800,1.796619
FILLER_134_613,VPWR,li1,290.2600,378.0800,1.796530
FILLER_134_601,VPWR,li1,284.7400,378.0800,1.796216
FILLER_134_565,VPWR,li1,265.8800,378.0800,1.796124
FILLER_134_557,VPWR,li1,263.5800,378.0800,1.796158
FILLER_134_545,VPWR,li1,258.9800,378.0800,1.796196
FILLER_134_533,VPWR,li1,253.4600,378.0800,1.796257
FILLER_134_531,VPWR,li1,250.0100,378.0800,1.796303
FILLER_134_527,VPWR,li1,248.8600,378.0800,1.796303
FILLER_134_515,VPWR,li1,245.1800,378.0800,1.796342
FILLER_134_494,VPWR,li1,235.5200,378.0800,1.796454
FILLER_134_490,VPWR,li1,231.1500,378.0800,1.796503
FILLER_134_486,VPWR,li1,230.0000,378.0800,1.796503
FILLER_134_477,VPWR,li1,225.4000,378.0800,1.796552
FILLER_134_464,VPWR,li1,221.7200,378.0800,1.796592
FILLER_134_441,VPWR,li1,211.1400,378.0800,1.796914
FILLER_134_421,VPWR,li1,199.6400,378.0800,1.797529
FILLER_134_417,VPWR,li1,198.0300,378.0800,1.797529
FILLER_134_405,VPWR,li1,194.5800,378.0800,1.797737
FILLER_134_396,VPWR,li1,187.9100,378.0800,1.798154
FILLER_134_392,VPWR,li1,186.7600,378.0800,1.798307
FILLER_134_380,VPWR,li1,183.0800,378.0800,1.798432
FILLER_134_365,VPWR,li1,175.2600,378.0800,1.798907
FILLER_134_360,VPWR,li1,172.0400,378.0800,1.798752
FILLER_134_345,VPWR,li1,166.0600,378.0800,1.798477
FILLER_134_333,VPWR,li1,161.4600,378.0800,1.798292
FILLER_134_317,VPWR,li1,152.0300,378.0800,1.797914
FILLER_134_309,VPWR,li1,149.5000,378.0800,1.797813
FILLER_134_305,VPWR,li1,146.5100,378.0800,1.797694
FILLER_134_293,VPWR,li1,141.6800,378.0800,1.797529
FILLER_134_281,VPWR,li1,135.0100,378.0800,1.797432
FILLER_134_275,VPWR,li1,133.4000,378.0800,1.797424
FILLER_134_263,VPWR,li1,129.2600,378.0800,1.797444
FILLER_134_253,VPWR,li1,122.1300,378.0800,1.797537
FILLER_134_250,VPWR,li1,120.9800,378.0800,1.797537
FILLER_134_242,VPWR,li1,118.6800,378.0800,1.797575
FILLER_134_229,VPWR,li1,111.3200,378.0800,1.797703
FILLER_134_208,VPWR,li1,103.0400,378.0800,1.797832
FILLER_134_203,VPWR,li1,99.1300,378.0800,1.797897
FILLER_134_197,VPWR,li1,97.5200,378.0800,1.797951
FILLER_134_193,VPWR,li1,94.9900,378.0800,1.797990
FILLER_134_183,VPWR,li1,90.1600,378.0800,1.798067
FILLER_134_165,VPWR,li1,81.8800,378.0800,1.798221
FILLER_134_153,VPWR,li1,78.6600,378.0800,1.798279
FILLER_134_141,VPWR,li1,73.1400,378.0800,1.798418
FILLER_134_139,VPWR,li1,69.6900,378.0800,1.798504
FILLER_134_129,VPWR,li1,65.5500,378.0800,1.798609
FILLER_134_121,VPWR,li1,63.0200,378.0800,1.798673
FILLER_134_109,VPWR,li1,58.4200,378.0800,1.798819
FILLER_134_97,VPWR,li1,52.9000,378.0800,1.798930
FILLER_134_85,VPWR,li1,47.3800,378.0800,1.799070
FILLER_134_83,VPWR,li1,43.9300,378.0800,1.799198
FILLER_134_77,VPWR,li1,42.3200,378.0800,1.799198
FILLER_134_65,VPWR,li1,38.1800,378.0800,1.799303
FILLER_134_53,VPWR,li1,32.6600,378.0800,1.799443
FILLER_134_41,VPWR,li1,27.1400,378.0800,1.799606
FILLER_134_29,VPWR,li1,21.6200,378.0800,1.799746
FILLER_134_27,VPWR,li1,18.1700,378.0800,1.799746
FILLER_134_15,VPWR,li1,15.1800,378.0800,1.799746
FILLER_134_3,VPWR,li1,9.6600,378.0800,1.799746
FILLER_133_821,VPWR,li1,383.8700,372.6400,1.799630
FILLER_133_809,VPWR,li1,380.4200,372.6400,1.799630
FILLER_133_797,VPWR,li1,374.9000,372.6400,1.799630
FILLER_133_785,VPWR,li1,369.3800,372.6400,1.799630
FILLER_133_783,VPWR,li1,365.9300,372.6400,1.799630
FILLER_133_775,VPWR,li1,363.8600,372.6400,1.799630
FILLER_133_763,VPWR,li1,359.2600,372.6400,1.799630
FILLER_133_751,VPWR,li1,353.7400,372.6400,1.799630
FILLER_133_739,VPWR,li1,348.2200,372.6400,1.799630
FILLER_133_725,VPWR,li1,339.7100,372.6400,1.799632
FILLER_133_718,VPWR,li1,336.4900,372.6400,1.799633
FILLER_133_710,VPWR,li1,333.9600,372.6400,1.799634
FILLER_133_686,VPWR,li1,321.3100,372.6400,1.799311
FILLER_133_680,VPWR,li1,319.7000,372.6400,1.799311
FILLER_133_671,VPWR,li1,314.4100,372.6400,1.799086
FILLER_133_667,VPWR,li1,313.2600,372.6400,1.799086
FILLER_133_655,VPWR,li1,309.5800,372.6400,1.798965
FILLER_133_642,VPWR,li1,302.2200,372.6400,1.798789
FILLER_133_630,VPWR,li1,298.0800,372.6400,1.798716
FILLER_133_610,VPWR,li1,286.5800,372.6400,1.798534
FILLER_133_602,VPWR,li1,284.2800,372.6400,1.798493
FILLER_133_598,VPWR,li1,280.8300,372.6400,1.798443
FILLER_133_586,VPWR,li1,277.8400,372.6400,1.798396
FILLER_133_574,VPWR,li1,272.3200,372.6400,1.798294
FILLER_133_569,VPWR,li1,267.4900,372.6400,1.798233
FILLER_133_561,VPWR,li1,265.4200,372.6400,1.798200
FILLER_133_559,VPWR,li1,262.8900,372.6400,1.798196
FILLER_133_555,VPWR,li1,261.7400,372.6400,1.798211
FILLER_133_541,VPWR,li1,254.6100,372.6400,1.798240
FILLER_133_533,VPWR,li1,252.5400,372.6400,1.798254
FILLER_133_505,VPWR,li1,238.2800,372.6400,1.798343
FILLER_133_503,VPWR,li1,237.1300,372.6400,1.798343
FILLER_133_495,VPWR,li1,235.0600,372.6400,1.798356
FILLER_133_483,VPWR,li1,227.9300,372.6400,1.798410
FILLER_133_479,VPWR,li1,226.7800,372.6400,1.798410
FILLER_133_467,VPWR,li1,223.1000,372.6400,1.798434
FILLER_133_455,VPWR,li1,215.0500,372.6400,1.798524
FILLER_133_449,VPWR,li1,213.4400,372.6400,1.798524
FILLER_133_444,VPWR,li1,210.6800,372.6400,1.798554
FILLER_133_432,VPWR,li1,207.0000,372.6400,1.798594
FILLER_133_416,VPWR,li1,197.8000,372.6400,1.798731
FILLER_133_393,VPWR,li1,187.6800,372.6400,1.798959
FILLER_133_389,VPWR,li1,185.1500,372.6400,1.799016
FILLER_133_373,VPWR,li1,177.3300,372.6400,1.799196
FILLER_133_369,VPWR,li1,176.1800,372.6400,1.799240
FILLER_133_356,VPWR,li1,169.9700,372.6400,1.798969
FILLER_133_337,VPWR,li1,163.3000,372.6400,1.798705
FILLER_133_334,VPWR,li1,159.6200,372.6400,1.798565
FILLER_133_322,VPWR,li1,156.4000,372.6400,1.798513
FILLER_133_317,VPWR,li1,151.5700,372.6400,1.798369
FILLER_133_305,VPWR,li1,148.5800,372.6400,1.798305
FILLER_133_298,VPWR,li1,143.0600,372.6400,1.798171
FILLER_133_290,VPWR,li1,140.7600,372.6400,1.798130
FILLER_133_281,VPWR,li1,136.1600,372.6400,1.798088
FILLER_133_279,VPWR,li1,134.0900,372.6400,1.798076
FILLER_133_275,VPWR,li1,132.9400,372.6400,1.798076
FILLER_133_263,VPWR,li1,129.2600,372.6400,1.798060
FILLER_133_245,VPWR,li1,118.4500,372.6400,1.798097
FILLER_133_241,VPWR,li1,117.3000,372.6400,1.798097
FILLER_133_225,VPWR,li1,109.9400,372.6400,1.798155
FILLER_133_223,VPWR,li1,108.3300,372.6400,1.798155
FILLER_133_215,VPWR,li1,106.2600,372.6400,1.798169
FILLER_133_203,VPWR,li1,101.6600,372.6400,1.798199
FILLER_133_191,VPWR,li1,96.1400,372.6400,1.798245
FILLER_133_185,VPWR,li1,90.8500,372.6400,1.798279
FILLER_133_181,VPWR,li1,89.7000,372.6400,1.798279
FILLER_133_169,VPWR,li1,86.0200,372.6400,1.798304
FILLER_133_167,VPWR,li1,82.5700,372.6400,1.798330
FILLER_133_163,VPWR,li1,81.4200,372.6400,1.798364
FILLER_133_150,VPWR,li1,75.9000,372.6400,1.798430
FILLER_133_142,VPWR,li1,71.0700,372.6400,1.798531
FILLER_133_133,VPWR,li1,67.1600,372.6400,1.798622
FILLER_133_125,VPWR,li1,63.2500,372.6400,1.798716
FILLER_133_113,VPWR,li1,60.2600,372.6400,1.798789
FILLER_133_111,VPWR,li1,56.8100,372.6400,1.798913
FILLER_133_105,VPWR,li1,55.2000,372.6400,1.798913
FILLER_133_93,VPWR,li1,51.0600,372.6400,1.799014
FILLER_133_81,VPWR,li1,45.5400,372.6400,1.799177
FILLER_133_69,VPWR,li1,40.0200,372.6400,1.799284
FILLER_133_57,VPWR,li1,34.5000,372.6400,1.799419
FILLER_133_55,VPWR,li1,31.0500,372.6400,1.799531
FILLER_133_51,VPWR,li1,29.9000,372.6400,1.799531
FILLER_133_39,VPWR,li1,26.2200,372.6400,1.799621
FILLER_133_27,VPWR,li1,20.7000,372.6400,1.799756
FILLER_133_15,VPWR,li1,15.1800,372.6400,1.799756
FILLER_133_3,VPWR,li1,9.6600,372.6400,1.799756
FILLER_132_821,VPWR,li1,383.8700,372.6400,1.799630
FILLER_132_813,VPWR,li1,381.3400,372.6400,1.799630
FILLER_132_811,VPWR,li1,378.8100,372.6400,1.799630
FILLER_132_805,VPWR,li1,377.2000,372.6400,1.799630
FILLER_132_793,VPWR,li1,373.0600,372.6400,1.799630
FILLER_132_781,VPWR,li1,367.5400,372.6400,1.799630
FILLER_132_769,VPWR,li1,362.0200,372.6400,1.799630
FILLER_132_757,VPWR,li1,356.5000,372.6400,1.799630
FILLER_132_755,VPWR,li1,353.0500,372.6400,1.799630
FILLER_132_743,VPWR,li1,350.0600,372.6400,1.799630
FILLER_132_713,VPWR,li1,333.9600,372.6400,1.799634
FILLER_132_701,VPWR,li1,330.7400,372.6400,1.799637
FILLER_132_698,VPWR,li1,327.0600,372.6400,1.799566
FILLER_132_674,VPWR,li1,318.3200,372.6400,1.799213
FILLER_132_662,VPWR,li1,312.8000,372.6400,1.799086
FILLER_132_652,VPWR,li1,305.6700,372.6400,1.798824
FILLER_132_645,VPWR,li1,302.4500,372.6400,1.798789
FILLER_132_641,VPWR,li1,301.0700,372.6400,1.798751
FILLER_132_625,VPWR,li1,293.7100,372.6400,1.798651
FILLER_132_618,VPWR,li1,290.2600,372.6400,1.798575
FILLER_132_601,VPWR,li1,282.2100,372.6400,1.798443
FILLER_132_589,VPWR,li1,279.2200,372.6400,1.798396
FILLER_132_584,VPWR,li1,275.0800,372.6400,1.798352
FILLER_132_572,VPWR,li1,271.4000,372.6400,1.798294
FILLER_132_555,VPWR,li1,261.7400,372.6400,1.798211
FILLER_132_545,VPWR,li1,256.4500,372.6400,1.798230
FILLER_132_539,VPWR,li1,254.8400,372.6400,1.798240
FILLER_132_530,VPWR,li1,249.7800,372.6400,1.798268
FILLER_132_521,VPWR,li1,245.6400,372.6400,1.798298
FILLER_132_513,VPWR,li1,243.3400,372.6400,1.798309
FILLER_132_505,VPWR,li1,238.0500,372.6400,1.798343
FILLER_132_497,VPWR,li1,235.9800,372.6400,1.798356
FILLER_132_475,VPWR,li1,224.2500,372.6400,1.798434
FILLER_132_471,VPWR,li1,223.1000,372.6400,1.798434
FILLER_132_464,VPWR,li1,219.6500,372.6400,1.798457
FILLER_132_453,VPWR,li1,214.5900,372.6400,1.798524
FILLER_132_445,VPWR,li1,212.0600,372.6400,1.798554
FILLER_132_433,VPWR,li1,207.4600,372.6400,1.798594
FILLER_132_421,VPWR,li1,201.9400,372.6400,1.798674
FILLER_132_416,VPWR,li1,197.8000,372.6400,1.798731
FILLER_132_405,VPWR,li1,192.0500,372.6400,1.798860
FILLER_132_397,VPWR,li1,189.9800,372.6400,1.798912
FILLER_132_385,VPWR,li1,185.3800,372.6400,1.799016
FILLER_132_373,VPWR,li1,179.8600,372.6400,1.799148
FILLER_132_365,VPWR,li1,173.8800,372.6400,1.799147
FILLER_132_363,VPWR,li1,172.7300,372.6400,1.799053
FILLER_132_359,VPWR,li1,171.5800,372.6400,1.799053
FILLER_132_347,VPWR,li1,165.8300,372.6400,1.798817
FILLER_132_335,VPWR,li1,162.3800,372.6400,1.798705
FILLER_132_327,VPWR,li1,156.1700,372.6400,1.798513
FILLER_132_309,VPWR,li1,148.3500,372.6400,1.798305
FILLER_132_307,VPWR,li1,146.9700,372.6400,1.798241
FILLER_132_303,VPWR,li1,145.8200,372.6400,1.798241
FILLER_132_281,VPWR,li1,135.4700,372.6400,1.798088
FILLER_132_273,VPWR,li1,132.9400,372.6400,1.798076
FILLER_132_264,VPWR,li1,127.4200,372.6400,1.798061
FILLER_132_256,VPWR,li1,123.7400,372.6400,1.798067
FILLER_132_251,VPWR,li1,121.2100,372.6400,1.798082
FILLER_132_245,VPWR,li1,119.6000,372.6400,1.798082
FILLER_132_233,VPWR,li1,115.4600,372.6400,1.798109
FILLER_132_224,VPWR,li1,109.0200,372.6400,1.798155
FILLER_132_216,VPWR,li1,106.7200,372.6400,1.798169
FILLER_132_204,VPWR,li1,102.1200,372.6400,1.798199
FILLER_132_197,VPWR,li1,97.0600,372.6400,1.798230
FILLER_132_192,VPWR,li1,94.7600,372.6400,1.798245
FILLER_132_180,VPWR,li1,91.0800,372.6400,1.798279
FILLER_132_161,VPWR,li1,79.8100,372.6400,1.798364
FILLER_132_153,VPWR,li1,77.7400,372.6400,1.798394
FILLER_132_141,VPWR,li1,73.1400,372.6400,1.798489
FILLER_132_139,VPWR,li1,69.6900,372.6400,1.798573
FILLER_132_133,VPWR,li1,68.0800,372.6400,1.798622
FILLER_132_121,VPWR,li1,63.9400,372.6400,1.798716
FILLER_132_109,VPWR,li1,58.4200,372.6400,1.798862
FILLER_132_97,VPWR,li1,52.9000,372.6400,1.798969
FILLER_132_85,VPWR,li1,47.3800,372.6400,1.799104
FILLER_132_83,VPWR,li1,43.9300,372.6400,1.799228
FILLER_132_77,VPWR,li1,42.3200,372.6400,1.799228
FILLER_132_65,VPWR,li1,38.1800,372.6400,1.799329
FILLER_132_53,VPWR,li1,32.6600,372.6400,1.799464
FILLER_132_41,VPWR,li1,27.1400,372.6400,1.799621
FILLER_132_29,VPWR,li1,21.6200,372.6400,1.799756
FILLER_132_27,VPWR,li1,18.1700,372.6400,1.799756
FILLER_132_15,VPWR,li1,15.1800,372.6400,1.799756
FILLER_132_3,VPWR,li1,9.6600,372.6400,1.799756
FILLER_131_821,VPWR,li1,383.8700,367.2000,1.799595
FILLER_131_809,VPWR,li1,380.4200,367.2000,1.799595
FILLER_131_797,VPWR,li1,374.9000,367.2000,1.799595
FILLER_131_785,VPWR,li1,369.3800,367.2000,1.799595
FILLER_131_782,VPWR,li1,365.7000,367.2000,1.799595
FILLER_131_770,VPWR,li1,362.4800,367.2000,1.799595
FILLER_131_758,VPWR,li1,356.9600,367.2000,1.799595
FILLER_131_746,VPWR,li1,351.4400,367.2000,1.799595
FILLER_131_718,VPWR,li1,336.4900,367.2000,1.799596
FILLER_131_710,VPWR,li1,333.9600,367.2000,1.799597
FILLER_131_698,VPWR,li1,329.3600,367.2000,1.799598
FILLER_131_686,VPWR,li1,323.8400,367.2000,1.799442
FILLER_131_673,VPWR,li1,315.3300,367.2000,1.799048
FILLER_131_669,VPWR,li1,313.9500,367.2000,1.799048
FILLER_131_661,VPWR,li1,311.4200,367.2000,1.798947
FILLER_131_641,VPWR,li1,302.2200,367.2000,1.798561
FILLER_131_629,VPWR,li1,297.6200,367.2000,1.798425
FILLER_131_617,VPWR,li1,292.1000,367.2000,1.798220
FILLER_131_615,VPWR,li1,288.6500,367.2000,1.798049
FILLER_131_609,VPWR,li1,287.0400,367.2000,1.798049
FILLER_131_597,VPWR,li1,282.9000,367.2000,1.797916
FILLER_131_571,VPWR,li1,270.9400,367.2000,1.797646
FILLER_131_559,VPWR,li1,262.8900,367.2000,1.797459
FILLER_131_555,VPWR,li1,261.7400,367.2000,1.797459
FILLER_131_529,VPWR,li1,251.6200,367.2000,1.797323
FILLER_131_517,VPWR,li1,246.1000,367.2000,1.797251
FILLER_131_505,VPWR,li1,240.5800,367.2000,1.797171
FILLER_131_500,VPWR,li1,236.4400,367.2000,1.797126
FILLER_131_488,VPWR,li1,232.7600,367.2000,1.797078
FILLER_131_478,VPWR,li1,225.8600,367.2000,1.797079
FILLER_131_447,VPWR,li1,211.3700,367.2000,1.797315
FILLER_131_429,VPWR,li1,203.3200,367.2000,1.797715
FILLER_131_417,VPWR,li1,200.1000,367.2000,1.797874
FILLER_131_405,VPWR,li1,194.5800,367.2000,1.798097
FILLER_131_393,VPWR,li1,189.0600,367.2000,1.798313
FILLER_131_389,VPWR,li1,185.1500,367.2000,1.798511
FILLER_131_381,VPWR,li1,181.2400,367.2000,1.798726
FILLER_131_372,VPWR,li1,177.3300,367.2000,1.798946
FILLER_131_360,VPWR,li1,173.8800,367.2000,1.799144
FILLER_131_349,VPWR,li1,167.4400,367.2000,1.798966
FILLER_131_337,VPWR,li1,163.3000,367.2000,1.798894
FILLER_131_330,VPWR,li1,158.7000,367.2000,1.798814
FILLER_131_323,VPWR,li1,154.3300,367.2000,1.798718
FILLER_131_319,VPWR,li1,153.1800,367.2000,1.798718
FILLER_131_311,VPWR,li1,149.0400,367.2000,1.798666
FILLER_131_303,VPWR,li1,146.7400,367.2000,1.798639
FILLER_131_291,VPWR,li1,142.1400,367.2000,1.798593
FILLER_131_287,VPWR,li1,137.7700,367.2000,1.798546
FILLER_131_281,VPWR,li1,136.1600,367.2000,1.798524
FILLER_131_277,VPWR,li1,133.6300,367.2000,1.798514
FILLER_131_269,VPWR,li1,131.1000,367.2000,1.798497
FILLER_131_249,VPWR,li1,121.9000,367.2000,1.798477
FILLER_131_237,VPWR,li1,117.3000,367.2000,1.798483
FILLER_131_225,VPWR,li1,111.7800,367.2000,1.798490
FILLER_131_212,VPWR,li1,105.8000,367.2000,1.798506
FILLER_131_175,VPWR,li1,88.7800,367.2000,1.798639
FILLER_131_164,VPWR,li1,81.8800,367.2000,1.798694
FILLER_131_155,VPWR,li1,77.2800,367.2000,1.798753
FILLER_131_147,VPWR,li1,74.9800,367.2000,1.798787
FILLER_131_125,VPWR,li1,63.4800,367.2000,1.798988
FILLER_131_113,VPWR,li1,60.2600,367.2000,1.799050
FILLER_131_111,VPWR,li1,56.8100,367.2000,1.799147
FILLER_131_105,VPWR,li1,55.2000,367.2000,1.799147
FILLER_131_93,VPWR,li1,51.0600,367.2000,1.799226
FILLER_131_81,VPWR,li1,45.5400,367.2000,1.799354
FILLER_131_69,VPWR,li1,40.0200,367.2000,1.799438
FILLER_131_57,VPWR,li1,34.5000,367.2000,1.799544
FILLER_131_55,VPWR,li1,31.0500,367.2000,1.799632
FILLER_131_51,VPWR,li1,29.9000,367.2000,1.799632
FILLER_131_39,VPWR,li1,26.2200,367.2000,1.799702
FILLER_131_27,VPWR,li1,20.7000,367.2000,1.799808
FILLER_131_15,VPWR,li1,15.1800,367.2000,1.799808
FILLER_131_3,VPWR,li1,9.6600,367.2000,1.799808
FILLER_130_821,VPWR,li1,383.8700,367.2000,1.799595
FILLER_130_813,VPWR,li1,381.3400,367.2000,1.799595
FILLER_130_811,VPWR,li1,378.8100,367.2000,1.799595
FILLER_130_805,VPWR,li1,377.2000,367.2000,1.799595
FILLER_130_793,VPWR,li1,373.0600,367.2000,1.799595
FILLER_130_781,VPWR,li1,367.5400,367.2000,1.799595
FILLER_130_769,VPWR,li1,362.0200,367.2000,1.799595
FILLER_130_757,VPWR,li1,356.5000,367.2000,1.799595
FILLER_130_755,VPWR,li1,353.0500,367.2000,1.799595
FILLER_130_751,VPWR,li1,351.9000,367.2000,1.799595
FILLER_130_739,VPWR,li1,348.2200,367.2000,1.799595
FILLER_130_716,VPWR,li1,335.5700,367.2000,1.799596
FILLER_130_708,VPWR,li1,333.0400,367.2000,1.799597
FILLER_130_699,VPWR,li1,327.2900,367.2000,1.799524
FILLER_130_679,VPWR,li1,320.6200,367.2000,1.799267
FILLER_130_674,VPWR,li1,316.0200,367.2000,1.799130
FILLER_130_665,VPWR,li1,312.8000,367.2000,1.798947
FILLER_130_653,VPWR,li1,308.6600,367.2000,1.798783
FILLER_130_645,VPWR,li1,303.1400,367.2000,1.798629
FILLER_130_642,VPWR,li1,301.3000,367.2000,1.798561
FILLER_130_634,VPWR,li1,299.0000,367.2000,1.798425
FILLER_130_622,VPWR,li1,294.4000,367.2000,1.798306
FILLER_130_605,VPWR,li1,285.2000,367.2000,1.798003
FILLER_130_564,VPWR,li1,267.7200,367.2000,1.797560
FILLER_130_552,VPWR,li1,262.2000,367.2000,1.797459
FILLER_130_540,VPWR,li1,256.6800,367.2000,1.797380
FILLER_130_529,VPWR,li1,249.5500,367.2000,1.797296
FILLER_130_517,VPWR,li1,246.1000,367.2000,1.797251
FILLER_130_508,VPWR,li1,239.8900,367.2000,1.797171
FILLER_130_500,VPWR,li1,237.3600,367.2000,1.797126
FILLER_130_485,VPWR,li1,228.8500,367.2000,1.797073
FILLER_130_477,VPWR,li1,225.1700,367.2000,1.797084
FILLER_130_474,VPWR,li1,224.0200,367.2000,1.797084
FILLER_130_466,VPWR,li1,221.7200,367.2000,1.797097
FILLER_130_454,VPWR,li1,217.1200,367.2000,1.797173
FILLER_130_437,VPWR,li1,206.7700,367.2000,1.797493
FILLER_130_433,VPWR,li1,205.6200,367.2000,1.797577
FILLER_130_421,VPWR,li1,201.9400,367.2000,1.797715
FILLER_130_419,VPWR,li1,198.4900,367.2000,1.797874
FILLER_130_405,VPWR,li1,192.0500,367.2000,1.798227
FILLER_130_401,VPWR,li1,190.9000,367.2000,1.798227
FILLER_130_372,VPWR,li1,177.3300,367.2000,1.798946
FILLER_130_363,VPWR,li1,172.7300,367.2000,1.799080
FILLER_130_352,VPWR,li1,167.6700,367.2000,1.798966
FILLER_130_348,VPWR,li1,166.5200,367.2000,1.798966
FILLER_130_336,VPWR,li1,162.8400,367.2000,1.798894
FILLER_130_316,VPWR,li1,151.1100,367.2000,1.798687
FILLER_130_305,VPWR,li1,146.5100,367.2000,1.798639
FILLER_130_297,VPWR,li1,143.9800,367.2000,1.798612
FILLER_130_285,VPWR,li1,139.3800,367.2000,1.798546
FILLER_130_276,VPWR,li1,132.9400,367.2000,1.798514
FILLER_130_269,VPWR,li1,129.4900,367.2000,1.798497
FILLER_130_261,VPWR,li1,127.4200,367.2000,1.798486
FILLER_130_248,VPWR,li1,120.5200,367.2000,1.798477
FILLER_130_218,VPWR,li1,108.5600,367.2000,1.798497
FILLER_130_197,VPWR,li1,97.0600,367.2000,1.798553
FILLER_130_172,VPWR,li1,87.4000,367.2000,1.798639
FILLER_130_160,VPWR,li1,81.8800,367.2000,1.798694
FILLER_130_148,VPWR,li1,76.3600,367.2000,1.798787
FILLER_130_133,VPWR,li1,67.3900,367.2000,1.798914
FILLER_130_121,VPWR,li1,63.9400,367.2000,1.798988
FILLER_130_109,VPWR,li1,58.4200,367.2000,1.799107
FILLER_130_97,VPWR,li1,52.9000,367.2000,1.799191
FILLER_130_85,VPWR,li1,47.3800,367.2000,1.799297
FILLER_130_83,VPWR,li1,43.9300,367.2000,1.799394
FILLER_130_77,VPWR,li1,42.3200,367.2000,1.799394
FILLER_130_65,VPWR,li1,38.1800,367.2000,1.799473
FILLER_130_53,VPWR,li1,32.6600,367.2000,1.799579
FILLER_130_41,VPWR,li1,27.1400,367.2000,1.799702
FILLER_130_29,VPWR,li1,21.6200,367.2000,1.799808
FILLER_130_27,VPWR,li1,18.1700,367.2000,1.799808
FILLER_130_15,VPWR,li1,15.1800,367.2000,1.799808
FILLER_130_3,VPWR,li1,9.6600,367.2000,1.799808
FILLER_129_821,VPWR,li1,383.8700,361.7600,1.799781
FILLER_129_809,VPWR,li1,380.4200,361.7600,1.799781
FILLER_129_797,VPWR,li1,374.9000,361.7600,1.799781
FILLER_129_785,VPWR,li1,369.3800,361.7600,1.799781
FILLER_129_772,VPWR,li1,363.4000,361.7600,1.799781
FILLER_129_760,VPWR,li1,357.8800,361.7600,1.799781
FILLER_129_748,VPWR,li1,352.3600,361.7600,1.799781
FILLER_129_741,VPWR,li1,347.3000,361.7600,1.799782
FILLER_129_729,VPWR,li1,343.6200,361.7600,1.799782
FILLER_129_716,VPWR,li1,337.6400,361.7600,1.799783
FILLER_129_702,VPWR,li1,328.6700,361.7600,1.799786
FILLER_129_698,VPWR,li1,327.5200,361.7600,1.799747
FILLER_129_689,VPWR,li1,323.8400,361.7600,1.799704
FILLER_129_663,VPWR,li1,310.9600,361.7600,1.799438
FILLER_129_644,VPWR,li1,301.9900,361.7600,1.799239
FILLER_129_635,VPWR,li1,297.8500,361.7600,1.799161
FILLER_129_623,VPWR,li1,294.8600,361.7600,1.799115
FILLER_129_613,VPWR,li1,288.1900,361.7600,1.798991
FILLER_129_603,VPWR,li1,283.5900,361.7600,1.798931
FILLER_129_589,VPWR,li1,276.6900,361.7600,1.798866
FILLER_129_578,VPWR,li1,272.3200,361.7600,1.798826
FILLER_129_549,VPWR,li1,258.9800,361.7600,1.798734
FILLER_129_526,VPWR,li1,248.1700,361.7600,1.798742
FILLER_129_502,VPWR,li1,236.9000,361.7600,1.798752
FILLER_129_494,VPWR,li1,234.6000,361.7600,1.798754
FILLER_129_481,VPWR,li1,227.4700,361.7600,1.798782
FILLER_129_473,VPWR,li1,224.9400,361.7600,1.798806
FILLER_129_461,VPWR,li1,220.3400,361.7600,1.798851
FILLER_129_449,VPWR,li1,214.8200,361.7600,1.798891
FILLER_129_447,VPWR,li1,211.3700,361.7600,1.798960
FILLER_129_443,VPWR,li1,210.2200,361.7600,1.798960
FILLER_129_424,VPWR,li1,201.0200,361.7600,1.799116
FILLER_129_416,VPWR,li1,198.7200,361.7600,1.799171
FILLER_129_401,VPWR,li1,190.6700,361.7600,1.799307
FILLER_129_393,VPWR,li1,188.1400,361.7600,1.799354
FILLER_129_388,VPWR,li1,184.9200,361.7600,1.799441
FILLER_129_381,VPWR,li1,181.7000,361.7600,1.799475
FILLER_129_370,VPWR,li1,176.6400,361.7600,1.799622
FILLER_129_358,VPWR,li1,172.9600,361.7600,1.799593
FILLER_129_352,VPWR,li1,167.9000,361.7600,1.799538
FILLER_129_344,VPWR,li1,165.6000,361.7600,1.799510
FILLER_129_335,VPWR,li1,159.8500,361.7600,1.799464
FILLER_129_327,VPWR,li1,157.7800,361.7600,1.799450
FILLER_129_315,VPWR,li1,151.8000,361.7600,1.799408
FILLER_129_310,VPWR,li1,148.5800,361.7600,1.799399
FILLER_129_293,VPWR,li1,141.6800,361.7600,1.799369
FILLER_129_281,VPWR,li1,137.5400,361.7600,1.799354
FILLER_129_279,VPWR,li1,134.0900,361.7600,1.799341
FILLER_129_275,VPWR,li1,132.9400,361.7600,1.799333
FILLER_129_261,VPWR,li1,125.8100,361.7600,1.799324
FILLER_129_253,VPWR,li1,122.1300,361.7600,1.799325
FILLER_129_245,VPWR,li1,120.0600,361.7600,1.799326
FILLER_129_225,VPWR,li1,111.7800,361.7600,1.799331
FILLER_129_220,VPWR,li1,107.6400,361.7600,1.799336
FILLER_129_208,VPWR,li1,103.9600,361.7600,1.799339
FILLER_129_199,VPWR,li1,97.5200,361.7600,1.799351
FILLER_129_187,VPWR,li1,94.3000,361.7600,1.799367
FILLER_129_177,VPWR,li1,87.6300,361.7600,1.799386
FILLER_129_169,VPWR,li1,85.1000,361.7600,1.799396
FILLER_129_167,VPWR,li1,82.5700,361.7600,1.799409
FILLER_129_163,VPWR,li1,81.4200,361.7600,1.799409
FILLER_129_151,VPWR,li1,77.7400,361.7600,1.799429
FILLER_129_113,VPWR,li1,58.1900,361.7600,1.799540
FILLER_129_111,VPWR,li1,56.8100,361.7600,1.799560
FILLER_129_105,VPWR,li1,55.2000,361.7600,1.799560
FILLER_129_93,VPWR,li1,51.0600,361.7600,1.799601
FILLER_129_81,VPWR,li1,45.5400,361.7600,1.799667
FILLER_129_69,VPWR,li1,40.0200,361.7600,1.799710
FILLER_129_57,VPWR,li1,34.5000,361.7600,1.799765
FILLER_129_55,VPWR,li1,31.0500,361.7600,1.799810
FILLER_129_51,VPWR,li1,29.9000,361.7600,1.799810
FILLER_129_39,VPWR,li1,26.2200,361.7600,1.799847
FILLER_129_27,VPWR,li1,20.7000,361.7600,1.799901
FILLER_129_15,VPWR,li1,15.1800,361.7600,1.799901
FILLER_129_3,VPWR,li1,9.6600,361.7600,1.799901
FILLER_128_821,VPWR,li1,383.8700,361.7600,1.799781
FILLER_128_813,VPWR,li1,381.3400,361.7600,1.799781
FILLER_128_811,VPWR,li1,378.8100,361.7600,1.799781
FILLER_128_805,VPWR,li1,377.2000,361.7600,1.799781
FILLER_128_793,VPWR,li1,373.0600,361.7600,1.799781
FILLER_128_781,VPWR,li1,367.5400,361.7600,1.799781
FILLER_128_769,VPWR,li1,362.0200,361.7600,1.799781
FILLER_128_757,VPWR,li1,356.5000,361.7600,1.799781
FILLER_128_735,VPWR,li1,344.5400,361.7600,1.799782
FILLER_128_723,VPWR,li1,338.5600,361.7600,1.799783
FILLER_128_715,VPWR,li1,336.2600,361.7600,1.799783
FILLER_128_699,VPWR,li1,327.2900,361.7600,1.799747
FILLER_128_693,VPWR,li1,324.9900,361.7600,1.799704
FILLER_128_681,VPWR,li1,321.5400,361.7600,1.799623
FILLER_128_672,VPWR,li1,315.1000,361.7600,1.799518
FILLER_128_664,VPWR,li1,312.8000,361.7600,1.799476
FILLER_128_652,VPWR,li1,308.2000,361.7600,1.799382
FILLER_128_642,VPWR,li1,301.3000,361.7600,1.799239
FILLER_128_636,VPWR,li1,298.3100,361.7600,1.799161
FILLER_128_632,VPWR,li1,297.1600,361.7600,1.799161
FILLER_128_618,VPWR,li1,291.6400,361.7600,1.799033
FILLER_128_606,VPWR,li1,287.0400,361.7600,1.798952
FILLER_128_594,VPWR,li1,281.5200,361.7600,1.798896
FILLER_128_582,VPWR,li1,274.6200,361.7600,1.798847
FILLER_128_570,VPWR,li1,270.4800,361.7600,1.798809
FILLER_128_566,VPWR,li1,266.1100,361.7600,1.798769
FILLER_128_558,VPWR,li1,264.0400,361.7600,1.798744
FILLER_128_543,VPWR,li1,258.0600,361.7600,1.798735
FILLER_128_531,VPWR,li1,250.0100,361.7600,1.798740
FILLER_128_519,VPWR,li1,247.0200,361.7600,1.798744
FILLER_128_501,VPWR,li1,237.8200,361.7600,1.798752
FILLER_128_489,VPWR,li1,233.2200,361.7600,1.798757
FILLER_128_477,VPWR,li1,227.7000,361.7600,1.798782
FILLER_128_471,VPWR,li1,222.6400,361.7600,1.798823
FILLER_128_459,VPWR,li1,219.4200,361.7600,1.798851
FILLER_128_444,VPWR,li1,209.9900,361.7600,1.798960
FILLER_128_433,VPWR,li1,205.6200,361.7600,1.799033
FILLER_128_421,VPWR,li1,201.9400,361.7600,1.799116
FILLER_128_417,VPWR,li1,198.0300,361.7600,1.799171
FILLER_128_405,VPWR,li1,194.5800,361.7600,1.799264
FILLER_128_393,VPWR,li1,189.0600,361.7600,1.799354
FILLER_128_385,VPWR,li1,183.5400,361.7600,1.799441
FILLER_128_370,VPWR,li1,176.1800,361.7600,1.799622
FILLER_128_362,VPWR,li1,172.5000,361.7600,1.799570
FILLER_128_349,VPWR,li1,166.2900,361.7600,1.799510
FILLER_128_345,VPWR,li1,165.1400,361.7600,1.799510
FILLER_128_333,VPWR,li1,161.4600,361.7600,1.799464
FILLER_128_321,VPWR,li1,155.9400,361.7600,1.799429
FILLER_128_309,VPWR,li1,150.4200,361.7600,1.799408
FILLER_128_306,VPWR,li1,146.7400,361.7600,1.799390
FILLER_128_288,VPWR,li1,139.3800,361.7600,1.799360
FILLER_128_276,VPWR,li1,135.2400,361.7600,1.799341
FILLER_128_265,VPWR,li1,127.6500,361.7600,1.799324
FILLER_128_253,VPWR,li1,124.6600,361.7600,1.799323
FILLER_128_244,VPWR,li1,119.6000,361.7600,1.799326
FILLER_128_223,VPWR,li1,109.9400,361.7600,1.799333
FILLER_128_211,VPWR,li1,105.3400,361.7600,1.799339
FILLER_128_197,VPWR,li1,97.9800,361.7600,1.799351
FILLER_128_194,VPWR,li1,95.2200,361.7600,1.799359
FILLER_128_186,VPWR,li1,92.9200,361.7600,1.799367
FILLER_128_180,VPWR,li1,88.5500,361.7600,1.799386
FILLER_128_172,VPWR,li1,86.4800,361.7600,1.799396
FILLER_128_160,VPWR,li1,81.8800,361.7600,1.799409
FILLER_128_147,VPWR,li1,74.0600,361.7600,1.799437
FILLER_128_141,VPWR,li1,70.6100,361.7600,1.799450
FILLER_128_139,VPWR,li1,69.6900,361.7600,1.799458
FILLER_128_131,VPWR,li1,67.6200,361.7600,1.799467
FILLER_128_121,VPWR,li1,62.1000,361.7600,1.799508
FILLER_128_109,VPWR,li1,58.4200,361.7600,1.799540
FILLER_128_97,VPWR,li1,52.9000,361.7600,1.799583
FILLER_128_85,VPWR,li1,47.3800,361.7600,1.799637
FILLER_128_83,VPWR,li1,43.9300,361.7600,1.799687
FILLER_128_77,VPWR,li1,42.3200,361.7600,1.799687
FILLER_128_65,VPWR,li1,38.1800,361.7600,1.799728
FILLER_128_53,VPWR,li1,32.6600,361.7600,1.799783
FILLER_128_41,VPWR,li1,27.1400,361.7600,1.799847
FILLER_128_29,VPWR,li1,21.6200,361.7600,1.799901
FILLER_128_27,VPWR,li1,18.1700,361.7600,1.799901
FILLER_128_15,VPWR,li1,15.1800,361.7600,1.799901
FILLER_128_3,VPWR,li1,9.6600,361.7600,1.799901
FILLER_127_821,VPWR,li1,383.8700,356.3200,1.799813
FILLER_127_809,VPWR,li1,380.4200,356.3200,1.799813
FILLER_127_797,VPWR,li1,374.9000,356.3200,1.799813
FILLER_127_785,VPWR,li1,369.3800,356.3200,1.799813
FILLER_127_783,VPWR,li1,365.9300,356.3200,1.799813
FILLER_127_779,VPWR,li1,364.7800,356.3200,1.799813
FILLER_127_767,VPWR,li1,361.1000,356.3200,1.799813
FILLER_127_755,VPWR,li1,355.5800,356.3200,1.799813
FILLER_127_748,VPWR,li1,350.5200,356.3200,1.799813
FILLER_127_742,VPWR,li1,347.0700,356.3200,1.799814
FILLER_127_736,VPWR,li1,345.4600,356.3200,1.799814
FILLER_127_722,VPWR,li1,339.0200,356.3200,1.799817
FILLER_127_714,VPWR,li1,334.4200,356.3200,1.799834
FILLER_127_706,VPWR,li1,332.1200,356.3200,1.799843
FILLER_127_700,VPWR,li1,327.7500,356.3200,1.799832
FILLER_127_696,VPWR,li1,326.6000,356.3200,1.799832
FILLER_127_685,VPWR,li1,322.0000,356.3200,1.799786
FILLER_127_673,VPWR,li1,317.8600,356.3200,1.799748
FILLER_127_671,VPWR,li1,314.4100,356.3200,1.799718
FILLER_127_663,VPWR,li1,312.3400,356.3200,1.799703
FILLER_127_649,VPWR,li1,305.9000,356.3200,1.799651
FILLER_127_644,VPWR,li1,301.9900,356.3200,1.799610
FILLER_127_638,VPWR,li1,300.3800,356.3200,1.799610
FILLER_127_629,VPWR,li1,295.3200,356.3200,1.799574
FILLER_127_617,VPWR,li1,290.7200,356.3200,1.799532
FILLER_127_615,VPWR,li1,288.6500,356.3200,1.799519
FILLER_127_609,VPWR,li1,287.0400,356.3200,1.799519
FILLER_127_597,VPWR,li1,282.9000,356.3200,1.799494
FILLER_127_584,VPWR,li1,274.8500,356.3200,1.799445
FILLER_127_573,VPWR,li1,269.7900,356.3200,1.799416
FILLER_127_561,VPWR,li1,266.3400,356.3200,1.799390
FILLER_127_557,VPWR,li1,262.4300,356.3200,1.799377
FILLER_127_549,VPWR,li1,258.2900,356.3200,1.799362
FILLER_127_541,VPWR,li1,256.2200,356.3200,1.799360
FILLER_127_529,VPWR,li1,251.6200,356.3200,1.799357
FILLER_127_517,VPWR,li1,246.1000,356.3200,1.799352
FILLER_127_505,VPWR,li1,240.5800,356.3200,1.799352
FILLER_127_498,VPWR,li1,235.9800,356.3200,1.799354
FILLER_127_490,VPWR,li1,231.1500,356.3200,1.799364
FILLER_127_477,VPWR,li1,225.1700,356.3200,1.799400
FILLER_127_469,VPWR,li1,221.4900,356.3200,1.799426
FILLER_127_455,VPWR,li1,215.0500,356.3200,1.799493
FILLER_127_449,VPWR,li1,213.4400,356.3200,1.799493
FILLER_127_447,VPWR,li1,211.3700,356.3200,1.799511
FILLER_127_439,VPWR,li1,209.3000,356.3200,1.799530
FILLER_127_427,VPWR,li1,204.7000,356.3200,1.799570
FILLER_127_420,VPWR,li1,198.9500,356.3200,1.799621
FILLER_127_412,VPWR,li1,196.8800,356.3200,1.799640
FILLER_127_400,VPWR,li1,192.2800,356.3200,1.799682
FILLER_127_389,VPWR,li1,185.1500,356.3200,1.799748
FILLER_127_381,VPWR,li1,181.0100,356.3200,1.799804
FILLER_127_377,VPWR,li1,179.8600,356.3200,1.799804
FILLER_127_365,VPWR,li1,176.1800,356.3200,1.799846
FILLER_127_348,VPWR,li1,168.3600,356.3200,1.799809
FILLER_127_333,VPWR,li1,159.3900,356.3200,1.799763
FILLER_127_325,VPWR,li1,156.8600,356.3200,1.799751
FILLER_127_312,VPWR,li1,149.2700,356.3200,1.799724
FILLER_127_306,VPWR,li1,147.6600,356.3200,1.799722
FILLER_127_294,VPWR,li1,143.5200,356.3200,1.799717
FILLER_127_281,VPWR,li1,135.2400,356.3200,1.799709
FILLER_127_278,VPWR,li1,133.8600,356.3200,1.799708
FILLER_127_266,VPWR,li1,130.6400,356.3200,1.799706
FILLER_127_254,VPWR,li1,125.1200,356.3200,1.799703
FILLER_127_247,VPWR,li1,119.8300,356.3200,1.799701
FILLER_127_239,VPWR,li1,117.3000,356.3200,1.799700
FILLER_127_225,VPWR,li1,109.4800,356.3200,1.799698
FILLER_127_211,VPWR,li1,103.9600,356.3200,1.799698
FILLER_127_199,VPWR,li1,99.8200,356.3200,1.799703
FILLER_127_187,VPWR,li1,94.3000,356.3200,1.799710
FILLER_127_183,VPWR,li1,89.9300,356.3200,1.799720
FILLER_127_177,VPWR,li1,88.3200,356.3200,1.799720
FILLER_127_164,VPWR,li1,81.1900,356.3200,1.799736
FILLER_127_156,VPWR,li1,79.1200,356.3200,1.799741
FILLER_127_144,VPWR,li1,74.5200,356.3200,1.799753
FILLER_127_132,VPWR,li1,69.0000,356.3200,1.799765
FILLER_127_120,VPWR,li1,63.4800,356.3200,1.799779
FILLER_127_111,VPWR,li1,56.8100,356.3200,1.799796
FILLER_127_105,VPWR,li1,55.2000,356.3200,1.799803
FILLER_127_93,VPWR,li1,51.0600,356.3200,1.799818
FILLER_127_81,VPWR,li1,45.5400,356.3200,1.799848
FILLER_127_69,VPWR,li1,40.0200,356.3200,1.799868
FILLER_127_57,VPWR,li1,34.5000,356.3200,1.799893
FILLER_127_55,VPWR,li1,31.0500,356.3200,1.799914
FILLER_127_51,VPWR,li1,29.9000,356.3200,1.799914
FILLER_127_39,VPWR,li1,26.2200,356.3200,1.799930
FILLER_127_27,VPWR,li1,20.7000,356.3200,1.799955
FILLER_127_15,VPWR,li1,15.1800,356.3200,1.799955
FILLER_127_3,VPWR,li1,9.6600,356.3200,1.799955
FILLER_126_821,VPWR,li1,383.8700,356.3200,1.799813
FILLER_126_813,VPWR,li1,381.3400,356.3200,1.799813
FILLER_126_811,VPWR,li1,378.8100,356.3200,1.799813
FILLER_126_805,VPWR,li1,377.2000,356.3200,1.799813
FILLER_126_793,VPWR,li1,373.0600,356.3200,1.799813
FILLER_126_781,VPWR,li1,367.5400,356.3200,1.799813
FILLER_126_769,VPWR,li1,362.0200,356.3200,1.799813
FILLER_126_757,VPWR,li1,356.5000,356.3200,1.799813
FILLER_126_754,VPWR,li1,352.8200,356.3200,1.799813
FILLER_126_746,VPWR,li1,350.5200,356.3200,1.799813
FILLER_126_734,VPWR,li1,345.9200,356.3200,1.799814
FILLER_126_717,VPWR,li1,335.5700,356.3200,1.799834
FILLER_126_713,VPWR,li1,334.4200,356.3200,1.799834
FILLER_126_701,VPWR,li1,330.7400,356.3200,1.799856
FILLER_126_697,VPWR,li1,326.8300,356.3200,1.799832
FILLER_126_689,VPWR,li1,322.6900,356.3200,1.799786
FILLER_126_683,VPWR,li1,319.9300,356.3200,1.799765
FILLER_126_677,VPWR,li1,318.3200,356.3200,1.799748
FILLER_126_665,VPWR,li1,314.1800,356.3200,1.799718
FILLER_126_652,VPWR,li1,306.8200,356.3200,1.799651
FILLER_126_642,VPWR,li1,301.3000,356.3200,1.799610
FILLER_126_634,VPWR,li1,299.0000,356.3200,1.799588
FILLER_126_607,VPWR,li1,284.9700,356.3200,1.799506
FILLER_126_601,VPWR,li1,283.3600,356.3200,1.799494
FILLER_126_589,VPWR,li1,279.2200,356.3200,1.799472
FILLER_126_582,VPWR,li1,274.6200,356.3200,1.799445
FILLER_126_573,VPWR,li1,269.5600,356.3200,1.799416
FILLER_126_562,VPWR,li1,264.9600,356.3200,1.799390
FILLER_126_550,VPWR,li1,261.2800,356.3200,1.799365
FILLER_126_545,VPWR,li1,256.4500,356.3200,1.799360
FILLER_126_533,VPWR,li1,253.4600,356.3200,1.799358
FILLER_126_528,VPWR,li1,249.3200,356.3200,1.799355
FILLER_126_504,VPWR,li1,237.8200,356.3200,1.799353
FILLER_126_492,VPWR,li1,234.6000,356.3200,1.799356
FILLER_126_485,VPWR,li1,229.3100,356.3200,1.799373
FILLER_126_477,VPWR,li1,226.7800,356.3200,1.799400
FILLER_126_475,VPWR,li1,224.2500,356.3200,1.799412
FILLER_126_469,VPWR,li1,222.6400,356.3200,1.799426
FILLER_126_450,VPWR,li1,213.9000,356.3200,1.799493
FILLER_126_438,VPWR,li1,209.7600,356.3200,1.799530
FILLER_126_399,VPWR,li1,189.7500,356.3200,1.799705
FILLER_126_391,VPWR,li1,187.2200,356.3200,1.799729
FILLER_126_384,VPWR,li1,182.6200,356.3200,1.799772
FILLER_126_372,VPWR,li1,179.4000,356.3200,1.799804
FILLER_126_345,VPWR,li1,166.0600,356.3200,1.799797
FILLER_126_332,VPWR,li1,158.4700,356.3200,1.799751
FILLER_126_328,VPWR,li1,157.3200,356.3200,1.799751
FILLER_126_313,VPWR,li1,151.3400,356.3200,1.799726
FILLER_126_307,VPWR,li1,146.9700,356.3200,1.799719
FILLER_126_301,VPWR,li1,145.3600,356.3200,1.799719
FILLER_126_289,VPWR,li1,141.2200,356.3200,1.799715
FILLER_126_275,VPWR,li1,132.4800,356.3200,1.799708
FILLER_126_267,VPWR,li1,130.1800,356.3200,1.799706
FILLER_126_248,VPWR,li1,119.8300,356.3200,1.799701
FILLER_126_240,VPWR,li1,117.7600,356.3200,1.799700
FILLER_126_234,VPWR,li1,113.3900,356.3200,1.799699
FILLER_126_230,VPWR,li1,112.2400,356.3200,1.799698
FILLER_126_216,VPWR,li1,105.5700,356.3200,1.799698
FILLER_126_201,VPWR,li1,98.2100,356.3200,1.799703
FILLER_126_197,VPWR,li1,97.0600,356.3200,1.799706
FILLER_126_194,VPWR,li1,95.2200,356.3200,1.799710
FILLER_126_184,VPWR,li1,90.3900,356.3200,1.799716
FILLER_126_176,VPWR,li1,86.7100,356.3200,1.799724
FILLER_126_157,VPWR,li1,78.2000,356.3200,1.799741
FILLER_126_141,VPWR,li1,70.8400,356.3200,1.799761
FILLER_126_139,VPWR,li1,69.6900,356.3200,1.799761
FILLER_126_130,VPWR,li1,65.7800,356.3200,1.799771
FILLER_126_118,VPWR,li1,62.5600,356.3200,1.799779
FILLER_126_85,VPWR,li1,47.3800,356.3200,1.799835
FILLER_126_83,VPWR,li1,43.9300,356.3200,1.799858
FILLER_126_77,VPWR,li1,42.3200,356.3200,1.799858
FILLER_126_65,VPWR,li1,38.1800,356.3200,1.799876
FILLER_126_53,VPWR,li1,32.6600,356.3200,1.799901
FILLER_126_41,VPWR,li1,27.1400,356.3200,1.799930
FILLER_126_29,VPWR,li1,21.6200,356.3200,1.799955
FILLER_126_27,VPWR,li1,18.1700,356.3200,1.799955
FILLER_126_15,VPWR,li1,15.1800,356.3200,1.799955
FILLER_126_3,VPWR,li1,9.6600,356.3200,1.799955
FILLER_125_817,VPWR,li1,382.0300,350.8800,1.799569
FILLER_125_809,VPWR,li1,379.5000,350.8800,1.799571
FILLER_125_797,VPWR,li1,374.9000,350.8800,1.799575
FILLER_125_785,VPWR,li1,369.3800,350.8800,1.799578
FILLER_125_781,VPWR,li1,365.4700,350.8800,1.799580
FILLER_125_769,VPWR,li1,362.0200,350.8800,1.799587
FILLER_125_762,VPWR,li1,356.2700,350.8800,1.799598
FILLER_125_754,VPWR,li1,354.2000,350.8800,1.799604
FILLER_125_745,VPWR,li1,348.4500,350.8800,1.799623
FILLER_125_738,VPWR,li1,345.6900,350.8800,1.799637
FILLER_125_726,VPWR,li1,339.9400,350.8800,1.799664
FILLER_125_713,VPWR,li1,334.1900,350.8800,1.799711
FILLER_125_702,VPWR,li1,328.6700,350.8800,1.799745
FILLER_125_670,VPWR,li1,314.1800,350.8800,1.799535
FILLER_125_662,VPWR,li1,311.8800,350.8800,1.799508
FILLER_125_654,VPWR,li1,306.5900,350.8800,1.799439
FILLER_125_650,VPWR,li1,305.4400,350.8800,1.799439
FILLER_125_641,VPWR,li1,300.6100,350.8800,1.799399
FILLER_125_637,VPWR,li1,299.4600,350.8800,1.799399
FILLER_125_625,VPWR,li1,295.7800,350.8800,1.799384
FILLER_125_614,VPWR,li1,288.4200,350.8800,1.799364
FILLER_125_589,VPWR,li1,277.8400,350.8800,1.799364
FILLER_125_579,VPWR,li1,272.5500,350.8800,1.799370
FILLER_125_561,VPWR,li1,265.4200,350.8800,1.799377
FILLER_125_557,VPWR,li1,262.4300,350.8800,1.799380
FILLER_125_547,VPWR,li1,257.8300,350.8800,1.799389
FILLER_125_532,VPWR,li1,250.4700,350.8800,1.799411
FILLER_125_524,VPWR,li1,247.0200,350.8800,1.799425
FILLER_125_516,VPWR,li1,244.7200,350.8800,1.799433
FILLER_125_505,VPWR,li1,239.2000,350.8800,1.799456
FILLER_125_492,VPWR,li1,234.6000,350.8800,1.799467
FILLER_125_473,VPWR,li1,224.4800,350.8800,1.799519
FILLER_125_461,VPWR,li1,220.3400,350.8800,1.799546
FILLER_125_449,VPWR,li1,214.8200,350.8800,1.799589
FILLER_125_444,VPWR,li1,210.6800,350.8800,1.799616
FILLER_125_430,VPWR,li1,203.7800,350.8800,1.799669
FILLER_125_418,VPWR,li1,199.1800,350.8800,1.799707
FILLER_125_397,VPWR,li1,188.3700,350.8800,1.799802
FILLER_125_393,VPWR,li1,187.2200,350.8800,1.799802
FILLER_125_389,VPWR,li1,185.1500,350.8800,1.799822
FILLER_125_381,VPWR,li1,182.6200,350.8800,1.799843
FILLER_125_369,VPWR,li1,178.0200,350.8800,1.799877
FILLER_125_357,VPWR,li1,170.2000,350.8800,1.799901
FILLER_125_349,VPWR,li1,167.9000,350.8800,1.799898
FILLER_125_337,VPWR,li1,163.3000,350.8800,1.799894
FILLER_125_335,VPWR,li1,159.8500,350.8800,1.799890
FILLER_125_331,VPWR,li1,158.7000,350.8800,1.799890
FILLER_125_319,VPWR,li1,155.0200,350.8800,1.799886
FILLER_125_308,VPWR,li1,147.4300,350.8800,1.799878
FILLER_125_296,VPWR,li1,144.4400,350.8800,1.799876
FILLER_125_284,VPWR,li1,138.9200,350.8800,1.799872
FILLER_125_279,VPWR,li1,134.0900,350.8800,1.799869
FILLER_125_267,VPWR,li1,131.1000,350.8800,1.799868
FILLER_125_261,VPWR,li1,125.8100,350.8800,1.799865
FILLER_125_249,VPWR,li1,122.8200,350.8800,1.799864
FILLER_125_237,VPWR,li1,117.3000,350.8800,1.799862
FILLER_125_225,VPWR,li1,111.7800,350.8800,1.799861
FILLER_125_212,VPWR,li1,105.8000,350.8800,1.799859
FILLER_125_199,VPWR,li1,97.5200,350.8800,1.799860
FILLER_125_187,VPWR,li1,94.3000,350.8800,1.799861
FILLER_125_175,VPWR,li1,88.7800,350.8800,1.799863
FILLER_125_161,VPWR,li1,79.8100,350.8800,1.799868
FILLER_125_155,VPWR,li1,78.2000,350.8800,1.799868
FILLER_125_143,VPWR,li1,71.9900,350.8800,1.799872
FILLER_125_135,VPWR,li1,69.4600,350.8800,1.799874
FILLER_125_123,VPWR,li1,64.8600,350.8800,1.799877
FILLER_125_113,VPWR,li1,58.1900,350.8800,1.799886
FILLER_125_111,VPWR,li1,56.8100,350.8800,1.799891
FILLER_125_105,VPWR,li1,55.2000,350.8800,1.799891
FILLER_125_93,VPWR,li1,51.0600,350.8800,1.799901
FILLER_125_81,VPWR,li1,45.5400,350.8800,1.799918
FILLER_125_69,VPWR,li1,40.0200,350.8800,1.799928
FILLER_125_57,VPWR,li1,34.5000,350.8800,1.799942
FILLER_125_55,VPWR,li1,31.0500,350.8800,1.799953
FILLER_125_51,VPWR,li1,29.9000,350.8800,1.799953
FILLER_125_39,VPWR,li1,26.2200,350.8800,1.799962
FILLER_125_27,VPWR,li1,20.7000,350.8800,1.799976
FILLER_125_15,VPWR,li1,15.1800,350.8800,1.799976
FILLER_125_3,VPWR,li1,9.6600,350.8800,1.799976
FILLER_124_819,VPWR,li1,382.4900,350.8800,1.799569
FILLER_124_813,VPWR,li1,380.8800,350.8800,1.799571
FILLER_124_806,VPWR,li1,377.6600,350.8800,1.799572
FILLER_124_794,VPWR,li1,373.5200,350.8800,1.799575
FILLER_124_771,VPWR,li1,360.8700,350.8800,1.799587
FILLER_124_754,VPWR,li1,352.8200,350.8800,1.799604
FILLER_124_732,VPWR,li1,342.4700,350.8800,1.799649
FILLER_124_726,VPWR,li1,340.8600,350.8800,1.799664
FILLER_124_714,VPWR,li1,336.7200,350.8800,1.799685
FILLER_124_701,VPWR,li1,328.4400,350.8800,1.799715
FILLER_124_697,VPWR,li1,326.8300,350.8800,1.799715
FILLER_124_676,VPWR,li1,316.9400,350.8800,1.799557
FILLER_124_668,VPWR,li1,314.6400,350.8800,1.799535
FILLER_124_656,VPWR,li1,310.0400,350.8800,1.799466
FILLER_124_640,VPWR,li1,300.8400,350.8800,1.799399
FILLER_124_628,VPWR,li1,297.1600,350.8800,1.799384
FILLER_124_617,VPWR,li1,289.5700,350.8800,1.799364
FILLER_124_613,VPWR,li1,288.4200,350.8800,1.799364
FILLER_124_601,VPWR,li1,284.7400,350.8800,1.799362
FILLER_124_589,VPWR,li1,279.2200,350.8800,1.799364
FILLER_124_587,VPWR,li1,275.7700,350.8800,1.799366
FILLER_124_583,VPWR,li1,274.6200,350.8800,1.799366
FILLER_124_571,VPWR,li1,270.9400,350.8800,1.799370
FILLER_124_559,VPWR,li1,265.4200,350.8800,1.799377
FILLER_124_547,VPWR,li1,259.9000,350.8800,1.799384
FILLER_124_540,VPWR,li1,254.1500,350.8800,1.799397
FILLER_124_536,VPWR,li1,253.0000,350.8800,1.799403
FILLER_124_531,VPWR,li1,250.0100,350.8800,1.799411
FILLER_124_522,VPWR,li1,246.1000,350.8800,1.799425
FILLER_124_514,VPWR,li1,243.8000,350.8800,1.799433
FILLER_124_502,VPWR,li1,239.2000,350.8800,1.799456
FILLER_124_494,VPWR,li1,232.9900,350.8800,1.799478
FILLER_124_490,VPWR,li1,231.8400,350.8800,1.799478
FILLER_124_477,VPWR,li1,226.3200,350.8800,1.799502
FILLER_124_474,VPWR,li1,224.0200,350.8800,1.799519
FILLER_124_462,VPWR,li1,220.8000,350.8800,1.799546
FILLER_124_456,VPWR,li1,215.5100,350.8800,1.799589
FILLER_124_452,VPWR,li1,214.3600,350.8800,1.799589
FILLER_124_433,VPWR,li1,205.1600,350.8800,1.799669
FILLER_124_421,VPWR,li1,201.9400,350.8800,1.799684
FILLER_124_418,VPWR,li1,198.2600,350.8800,1.799723
FILLER_124_404,VPWR,li1,192.2800,350.8800,1.799760
FILLER_124_392,VPWR,li1,188.6000,350.8800,1.799802
FILLER_124_365,VPWR,li1,176.1800,350.8800,1.799906
FILLER_124_363,VPWR,li1,172.7300,350.8800,1.799903
FILLER_124_357,VPWR,li1,171.1200,350.8800,1.799901
FILLER_124_345,VPWR,li1,166.9800,350.8800,1.799898
FILLER_124_335,VPWR,li1,160.5400,350.8800,1.799892
FILLER_124_323,VPWR,li1,156.8600,350.8800,1.799888
FILLER_124_316,VPWR,li1,151.1100,350.8800,1.799882
FILLER_124_312,VPWR,li1,149.9600,350.8800,1.799880
FILLER_124_307,VPWR,li1,146.9700,350.8800,1.799878
FILLER_124_303,VPWR,li1,145.8200,350.8800,1.799878
FILLER_124_294,VPWR,li1,140.9900,350.8800,1.799873
FILLER_124_253,VPWR,li1,122.1300,350.8800,1.799864
FILLER_124_251,VPWR,li1,121.2100,350.8800,1.799863
FILLER_124_239,VPWR,li1,117.3000,350.8800,1.799862
FILLER_124_221,VPWR,li1,109.9400,350.8800,1.799860
FILLER_124_209,VPWR,li1,104.4200,350.8800,1.799859
FILLER_124_197,VPWR,li1,98.9000,350.8800,1.799859
FILLER_124_195,VPWR,li1,95.4500,350.8800,1.799861
FILLER_124_189,VPWR,li1,93.8400,350.8800,1.799861
FILLER_124_177,VPWR,li1,89.7000,350.8800,1.799863
FILLER_124_165,VPWR,li1,82.8000,350.8800,1.799867
FILLER_124_153,VPWR,li1,78.6600,350.8800,1.799868
FILLER_124_141,VPWR,li1,73.1400,350.8800,1.799872
FILLER_124_134,VPWR,li1,68.5400,350.8800,1.799874
FILLER_124_122,VPWR,li1,64.4000,350.8800,1.799877
FILLER_124_117,VPWR,li1,59.5700,350.8800,1.799881
FILLER_124_109,VPWR,li1,57.5000,350.8800,1.799886
FILLER_124_97,VPWR,li1,52.9000,350.8800,1.799897
FILLER_124_85,VPWR,li1,47.3800,350.8800,1.799910
FILLER_124_83,VPWR,li1,43.9300,350.8800,1.799923
FILLER_124_77,VPWR,li1,42.3200,350.8800,1.799923
FILLER_124_65,VPWR,li1,38.1800,350.8800,1.799933
FILLER_124_53,VPWR,li1,32.6600,350.8800,1.799946
FILLER_124_41,VPWR,li1,27.1400,350.8800,1.799962
FILLER_124_29,VPWR,li1,21.6200,350.8800,1.799976
FILLER_124_27,VPWR,li1,18.1700,350.8800,1.799976
FILLER_124_15,VPWR,li1,15.1800,350.8800,1.799976
FILLER_124_3,VPWR,li1,9.6600,350.8800,1.799976
FILLER_123_803,VPWR,li1,375.1300,345.4400,1.799710
FILLER_123_797,VPWR,li1,373.5200,345.4400,1.799712
FILLER_123_785,VPWR,li1,369.3800,345.4400,1.799714
FILLER_123_783,VPWR,li1,365.9300,345.4400,1.799717
FILLER_123_779,VPWR,li1,364.7800,345.4400,1.799717
FILLER_123_767,VPWR,li1,361.1000,345.4400,1.799720
FILLER_123_754,VPWR,li1,353.7400,345.4400,1.799726
FILLER_123_739,VPWR,li1,345.6900,345.4400,1.799741
FILLER_123_735,VPWR,li1,343.8500,345.4400,1.799747
FILLER_123_729,VPWR,li1,342.2400,345.4400,1.799747
FILLER_123_727,VPWR,li1,340.1700,345.4400,1.799755
FILLER_123_723,VPWR,li1,339.0200,345.4400,1.799755
FILLER_123_697,VPWR,li1,326.8300,345.4400,1.799760
FILLER_123_689,VPWR,li1,324.3000,345.4400,1.799727
FILLER_123_673,VPWR,li1,316.4800,345.4400,1.799621
FILLER_123_671,VPWR,li1,314.4100,345.4400,1.799595
FILLER_123_667,VPWR,li1,313.2600,345.4400,1.799571
FILLER_123_658,VPWR,li1,308.4300,345.4400,1.799511
FILLER_123_639,VPWR,li1,300.8400,345.4400,1.799462
FILLER_123_627,VPWR,li1,296.7000,345.4400,1.799435
FILLER_123_603,VPWR,li1,283.5900,345.4400,1.799390
FILLER_123_591,VPWR,li1,280.1400,345.4400,1.799392
FILLER_123_581,VPWR,li1,273.7000,345.4400,1.799397
FILLER_123_569,VPWR,li1,270.0200,345.4400,1.799398
FILLER_123_544,VPWR,li1,258.5200,345.4400,1.799429
FILLER_123_537,VPWR,li1,253.2300,345.4400,1.799463
FILLER_123_525,VPWR,li1,249.7800,345.4400,1.799472
FILLER_123_505,VPWR,li1,238.5100,345.4400,1.799538
FILLER_123_503,VPWR,li1,237.1300,345.4400,1.799538
FILLER_123_495,VPWR,li1,235.0600,345.4400,1.799550
FILLER_123_488,VPWR,li1,230.2300,345.4400,1.799580
FILLER_123_472,VPWR,li1,224.0200,345.4400,1.799609
FILLER_123_464,VPWR,li1,219.1900,345.4400,1.799636
FILLER_123_449,VPWR,li1,212.5200,345.4400,1.799681
FILLER_123_441,VPWR,li1,208.6100,345.4400,1.799698
FILLER_123_435,VPWR,li1,207.0000,345.4400,1.799711
FILLER_123_423,VPWR,li1,202.8600,345.4400,1.799733
FILLER_123_416,VPWR,li1,197.1100,345.4400,1.799778
FILLER_123_410,VPWR,li1,195.5000,345.4400,1.799778
FILLER_123_406,VPWR,li1,192.5100,345.4400,1.799797
FILLER_123_389,VPWR,li1,185.1500,345.4400,1.799843
FILLER_123_370,VPWR,li1,176.1800,345.4400,1.799910
FILLER_123_359,VPWR,li1,170.8900,345.4400,1.799901
FILLER_123_337,VPWR,li1,160.7700,345.4400,1.799880
FILLER_123_331,VPWR,li1,158.0100,345.4400,1.799876
FILLER_123_323,VPWR,li1,154.3300,345.4400,1.799868
FILLER_123_307,VPWR,li1,147.2000,345.4400,1.799857
FILLER_123_288,VPWR,li1,138.4600,345.4400,1.799843
FILLER_123_278,VPWR,li1,133.8600,345.4400,1.799837
FILLER_123_270,VPWR,li1,131.5600,345.4400,1.799834
FILLER_123_256,VPWR,li1,123.7400,345.4400,1.799824
FILLER_123_238,VPWR,li1,115.4600,345.4400,1.799814
FILLER_123_225,VPWR,li1,109.2500,345.4400,1.799806
FILLER_123_217,VPWR,li1,106.0300,345.4400,1.799804
FILLER_123_209,VPWR,li1,103.5000,345.4400,1.799802
FILLER_123_190,VPWR,li1,95.6800,345.4400,1.799799
FILLER_123_173,VPWR,li1,85.3300,345.4400,1.799801
FILLER_123_167,VPWR,li1,82.5700,345.4400,1.799801
FILLER_123_163,VPWR,li1,81.4200,345.4400,1.799801
FILLER_123_145,VPWR,li1,74.9800,345.4400,1.799804
FILLER_123_132,VPWR,li1,67.6200,345.4400,1.799814
FILLER_123_120,VPWR,li1,63.4800,345.4400,1.799824
FILLER_123_111,VPWR,li1,56.8100,345.4400,1.799841
FILLER_123_105,VPWR,li1,55.2000,345.4400,1.799847
FILLER_123_93,VPWR,li1,51.0600,345.4400,1.799861
FILLER_123_81,VPWR,li1,45.5400,345.4400,1.799884
FILLER_123_69,VPWR,li1,40.0200,345.4400,1.799899
FILLER_123_57,VPWR,li1,34.5000,345.4400,1.799918
FILLER_123_55,VPWR,li1,31.0500,345.4400,1.799934
FILLER_123_51,VPWR,li1,29.9000,345.4400,1.799934
FILLER_123_39,VPWR,li1,26.2200,345.4400,1.799946
FILLER_123_27,VPWR,li1,20.7000,345.4400,1.799965
FILLER_123_15,VPWR,li1,15.1800,345.4400,1.799965
FILLER_123_3,VPWR,li1,9.6600,345.4400,1.799965
FILLER_122_821,VPWR,li1,383.8700,345.4400,1.799707
FILLER_122_813,VPWR,li1,381.3400,345.4400,1.799707
FILLER_122_811,VPWR,li1,378.8100,345.4400,1.799709
FILLER_122_805,VPWR,li1,377.2000,345.4400,1.799709
FILLER_122_793,VPWR,li1,373.0600,345.4400,1.799712
FILLER_122_781,VPWR,li1,367.5400,345.4400,1.799716
FILLER_122_769,VPWR,li1,362.0200,345.4400,1.799720
FILLER_122_757,VPWR,li1,356.5000,345.4400,1.799723
FILLER_122_748,VPWR,li1,351.4400,345.4400,1.799729
FILLER_122_736,VPWR,li1,346.8400,345.4400,1.799737
FILLER_122_717,VPWR,li1,336.7200,345.4400,1.799763
FILLER_122_696,VPWR,li1,326.6000,345.4400,1.799760
FILLER_122_674,VPWR,li1,315.7900,345.4400,1.799595
FILLER_122_663,VPWR,li1,310.7300,345.4400,1.799535
FILLER_122_657,VPWR,li1,309.1200,345.4400,1.799535
FILLER_122_645,VPWR,li1,304.9800,345.4400,1.799484
FILLER_122_643,VPWR,li1,301.5300,345.4400,1.799462
FILLER_122_639,VPWR,li1,300.3800,345.4400,1.799462
FILLER_122_631,VPWR,li1,296.0100,345.4400,1.799435
FILLER_122_625,VPWR,li1,294.4000,345.4400,1.799418
FILLER_122_613,VPWR,li1,290.2600,345.4400,1.799400
FILLER_122_603,VPWR,li1,283.5900,345.4400,1.799390
FILLER_122_595,VPWR,li1,281.0600,345.4400,1.799392
FILLER_122_579,VPWR,li1,272.3200,345.4400,1.799397
FILLER_122_566,VPWR,li1,267.7200,345.4400,1.799400
FILLER_122_558,VPWR,li1,262.8900,345.4400,1.799409
FILLER_122_548,VPWR,li1,258.2900,345.4400,1.799429
FILLER_122_520,VPWR,li1,247.4800,345.4400,1.799484
FILLER_122_502,VPWR,li1,237.3600,345.4400,1.799538
FILLER_122_485,VPWR,li1,229.3100,345.4400,1.799580
FILLER_122_477,VPWR,li1,226.7800,345.4400,1.799593
FILLER_122_475,VPWR,li1,224.2500,345.4400,1.799609
FILLER_122_463,VPWR,li1,221.2600,345.4400,1.799626
FILLER_122_454,VPWR,li1,215.0500,345.4400,1.799665
FILLER_122_442,VPWR,li1,211.6000,345.4400,1.799681
FILLER_122_435,VPWR,li1,206.5400,345.4400,1.799711
FILLER_122_401,VPWR,li1,192.7400,345.4400,1.799797
FILLER_122_376,VPWR,li1,178.7100,345.4400,1.799895
FILLER_122_350,VPWR,li1,166.9800,345.4400,1.799893
FILLER_122_325,VPWR,li1,157.7800,345.4400,1.799872
FILLER_122_317,VPWR,li1,152.0300,345.4400,1.799865
FILLER_122_309,VPWR,li1,149.5000,345.4400,1.799860
FILLER_122_307,VPWR,li1,146.9700,345.4400,1.799854
FILLER_122_301,VPWR,li1,145.3600,345.4400,1.799854
FILLER_122_286,VPWR,li1,137.5400,345.4400,1.799840
FILLER_122_274,VPWR,li1,134.3200,345.4400,1.799837
FILLER_122_262,VPWR,li1,128.8000,345.4400,1.799830
FILLER_122_253,VPWR,li1,122.3600,345.4400,1.799820
FILLER_122_250,VPWR,li1,120.9800,345.4400,1.799820
FILLER_122_238,VPWR,li1,116.3800,345.4400,1.799814
FILLER_122_227,VPWR,li1,110.8600,345.4400,1.799809
FILLER_122_210,VPWR,li1,102.8100,345.4400,1.799802
FILLER_122_189,VPWR,li1,92.9200,345.4400,1.799799
FILLER_122_179,VPWR,li1,88.5500,345.4400,1.799800
FILLER_122_153,VPWR,li1,76.5900,345.4400,1.799803
FILLER_122_138,VPWR,li1,69.4600,345.4400,1.799809
FILLER_122_130,VPWR,li1,65.7800,345.4400,1.799818
FILLER_122_122,VPWR,li1,63.4800,345.4400,1.799824
FILLER_122_103,VPWR,li1,53.1300,345.4400,1.799853
FILLER_122_97,VPWR,li1,51.5200,345.4400,1.799861
FILLER_122_85,VPWR,li1,47.3800,345.4400,1.799873
FILLER_122_83,VPWR,li1,43.9300,345.4400,1.799891
FILLER_122_77,VPWR,li1,42.3200,345.4400,1.799891
FILLER_122_65,VPWR,li1,38.1800,345.4400,1.799905
FILLER_122_53,VPWR,li1,32.6600,345.4400,1.799924
FILLER_122_41,VPWR,li1,27.1400,345.4400,1.799946
FILLER_122_29,VPWR,li1,21.6200,345.4400,1.799965
FILLER_122_27,VPWR,li1,18.1700,345.4400,1.799965
FILLER_122_15,VPWR,li1,15.1800,345.4400,1.799965
FILLER_122_3,VPWR,li1,9.6600,345.4400,1.799965
FILLER_121_817,VPWR,li1,382.0300,340.0000,1.799819
FILLER_121_809,VPWR,li1,379.5000,340.0000,1.799821
FILLER_121_797,VPWR,li1,374.9000,340.0000,1.799823
FILLER_121_785,VPWR,li1,369.3800,340.0000,1.799827
FILLER_121_783,VPWR,li1,365.9300,340.0000,1.799830
FILLER_121_779,VPWR,li1,364.7800,340.0000,1.799830
FILLER_121_771,VPWR,li1,360.4100,340.0000,1.799835
FILLER_121_756,VPWR,li1,353.9700,340.0000,1.799845
FILLER_121_748,VPWR,li1,351.4400,340.0000,1.799850
FILLER_121_734,VPWR,li1,344.5400,340.0000,1.799865
FILLER_121_727,VPWR,li1,340.1700,340.0000,1.799884
FILLER_121_721,VPWR,li1,338.5600,340.0000,1.799884
FILLER_121_698,VPWR,li1,327.9800,340.0000,1.799925
FILLER_121_686,VPWR,li1,323.8400,340.0000,1.799908
FILLER_121_681,VPWR,li1,319.2400,340.0000,1.799898
FILLER_121_673,VPWR,li1,316.9400,340.0000,1.799892
FILLER_121_671,VPWR,li1,314.4100,340.0000,1.799882
FILLER_121_665,VPWR,li1,312.8000,340.0000,1.799876
FILLER_121_653,VPWR,li1,308.6600,340.0000,1.799865
FILLER_121_647,VPWR,li1,303.3700,340.0000,1.799853
FILLER_121_617,VPWR,li1,290.7200,340.0000,1.799821
FILLER_121_612,VPWR,li1,287.9600,340.0000,1.799816
FILLER_121_601,VPWR,li1,282.9000,340.0000,1.799810
FILLER_121_586,VPWR,li1,275.5400,340.0000,1.799810
FILLER_121_565,VPWR,li1,265.6500,340.0000,1.799812
FILLER_121_561,VPWR,li1,264.5000,340.0000,1.799813
FILLER_121_554,VPWR,li1,261.7400,340.0000,1.799813
FILLER_121_542,VPWR,li1,255.7600,340.0000,1.799815
FILLER_121_527,VPWR,li1,248.6300,340.0000,1.799819
FILLER_121_519,VPWR,li1,246.1000,340.0000,1.799821
FILLER_121_505,VPWR,li1,239.2000,340.0000,1.799825
FILLER_121_503,VPWR,li1,237.1300,340.0000,1.799828
FILLER_121_499,VPWR,li1,235.9800,340.0000,1.799828
FILLER_121_481,VPWR,li1,228.1600,340.0000,1.799833
FILLER_121_469,VPWR,li1,224.0200,340.0000,1.799837
FILLER_121_461,VPWR,li1,218.5000,340.0000,1.799841
FILLER_121_449,VPWR,li1,214.8200,340.0000,1.799845
FILLER_121_447,VPWR,li1,211.3700,340.0000,1.799850
FILLER_121_441,VPWR,li1,209.7600,340.0000,1.799850
FILLER_121_435,VPWR,li1,206.3100,340.0000,1.799855
FILLER_121_427,VPWR,li1,203.7800,340.0000,1.799858
FILLER_121_413,VPWR,li1,197.3400,340.0000,1.799870
FILLER_121_399,VPWR,li1,189.2900,340.0000,1.799880
FILLER_121_393,VPWR,li1,187.6800,340.0000,1.799886
FILLER_121_391,VPWR,li1,185.6100,340.0000,1.799889
FILLER_121_379,VPWR,li1,180.0900,340.0000,1.799896
FILLER_121_371,VPWR,li1,178.0200,340.0000,1.799900
FILLER_121_357,VPWR,li1,170.4300,340.0000,1.799868
FILLER_121_349,VPWR,li1,167.9000,340.0000,1.799849
FILLER_121_337,VPWR,li1,163.3000,340.0000,1.799810
FILLER_121_334,VPWR,li1,159.6200,340.0000,1.799785
FILLER_121_326,VPWR,li1,157.3200,340.0000,1.799766
FILLER_121_314,VPWR,li1,152.7200,340.0000,1.799741
FILLER_121_305,VPWR,li1,146.7400,340.0000,1.799721
FILLER_121_293,VPWR,li1,143.0600,340.0000,1.799714
FILLER_121_281,VPWR,li1,137.5400,340.0000,1.799699
FILLER_121_277,VPWR,li1,133.6300,340.0000,1.799689
FILLER_121_269,VPWR,li1,129.4900,340.0000,1.799681
FILLER_121_261,VPWR,li1,127.4200,340.0000,1.799682
FILLER_121_249,VPWR,li1,122.8200,340.0000,1.799685
FILLER_121_237,VPWR,li1,117.3000,340.0000,1.799691
FILLER_121_225,VPWR,li1,111.7800,340.0000,1.799700
FILLER_121_223,VPWR,li1,108.3300,340.0000,1.799707
FILLER_121_219,VPWR,li1,107.1800,340.0000,1.799707
FILLER_121_207,VPWR,li1,103.5000,340.0000,1.799715
FILLER_121_200,VPWR,li1,98.2100,340.0000,1.799725
FILLER_121_186,VPWR,li1,92.9200,340.0000,1.799734
FILLER_121_174,VPWR,li1,88.3200,340.0000,1.799745
FILLER_121_166,VPWR,li1,82.3400,340.0000,1.799760
FILLER_121_154,VPWR,li1,79.1200,340.0000,1.799769
FILLER_121_121,VPWR,li1,61.6400,340.0000,1.799814
FILLER_121_113,VPWR,li1,59.3400,340.0000,1.799825
FILLER_121_94,VPWR,li1,50.1400,340.0000,1.799852
FILLER_121_77,VPWR,li1,41.6300,340.0000,1.799883
FILLER_121_69,VPWR,li1,39.1000,340.0000,1.799896
FILLER_121_57,VPWR,li1,34.5000,340.0000,1.799910
FILLER_121_55,VPWR,li1,31.0500,340.0000,1.799928
FILLER_121_51,VPWR,li1,29.9000,340.0000,1.799928
FILLER_121_39,VPWR,li1,26.2200,340.0000,1.799941
FILLER_121_27,VPWR,li1,20.7000,340.0000,1.799962
FILLER_121_15,VPWR,li1,15.1800,340.0000,1.799962
FILLER_121_3,VPWR,li1,9.6600,340.0000,1.799962
FILLER_120_821,VPWR,li1,383.8700,340.0000,1.799817
FILLER_120_813,VPWR,li1,381.3400,340.0000,1.799819
FILLER_120_809,VPWR,li1,378.3500,340.0000,1.799821
FILLER_120_797,VPWR,li1,374.9000,340.0000,1.799823
FILLER_120_785,VPWR,li1,369.3800,340.0000,1.799827
FILLER_120_773,VPWR,li1,363.8600,340.0000,1.799832
FILLER_120_765,VPWR,li1,357.8800,340.0000,1.799839
FILLER_120_757,VPWR,li1,354.4300,340.0000,1.799842
FILLER_120_701,VPWR,li1,329.8200,340.0000,1.799917
FILLER_120_699,VPWR,li1,327.2900,340.0000,1.799920
FILLER_120_695,VPWR,li1,326.1400,340.0000,1.799920
FILLER_120_683,VPWR,li1,322.4600,340.0000,1.799908
FILLER_120_671,VPWR,li1,316.9400,340.0000,1.799892
FILLER_120_655,VPWR,li1,307.0500,340.0000,1.799865
FILLER_120_645,VPWR,li1,302.6800,340.0000,1.799853
FILLER_120_640,VPWR,li1,300.8400,340.0000,1.799848
FILLER_120_624,VPWR,li1,293.4800,340.0000,1.799828
FILLER_120_612,VPWR,li1,289.8000,340.0000,1.799821
FILLER_120_605,VPWR,li1,284.0500,340.0000,1.799810
FILLER_120_601,VPWR,li1,282.9000,340.0000,1.799810
FILLER_120_589,VPWR,li1,279.2200,340.0000,1.799810
FILLER_120_571,VPWR,li1,268.4100,340.0000,1.799811
FILLER_120_567,VPWR,li1,267.2600,340.0000,1.799812
FILLER_120_555,VPWR,li1,263.5800,340.0000,1.799813
FILLER_120_547,VPWR,li1,257.3700,340.0000,1.799815
FILLER_120_515,VPWR,li1,243.8000,340.0000,1.799822
FILLER_120_503,VPWR,li1,239.6600,340.0000,1.799825
FILLER_120_491,VPWR,li1,234.1400,340.0000,1.799829
FILLER_120_477,VPWR,li1,226.3200,340.0000,1.799835
FILLER_120_456,VPWR,li1,215.5100,340.0000,1.799845
FILLER_120_448,VPWR,li1,213.4400,340.0000,1.799848
FILLER_120_434,VPWR,li1,205.8500,340.0000,1.799855
FILLER_120_425,VPWR,li1,201.4800,340.0000,1.799863
FILLER_120_419,VPWR,li1,198.4900,340.0000,1.799866
FILLER_120_408,VPWR,li1,193.4300,340.0000,1.799874
FILLER_120_389,VPWR,li1,187.2200,340.0000,1.799886
FILLER_120_377,VPWR,li1,181.7000,340.0000,1.799896
FILLER_120_365,VPWR,li1,176.1800,340.0000,1.799905
FILLER_120_360,VPWR,li1,172.0400,340.0000,1.799868
FILLER_120_348,VPWR,li1,168.3600,340.0000,1.799849
FILLER_120_336,VPWR,li1,162.8400,340.0000,1.799810
FILLER_120_309,VPWR,li1,147.8900,340.0000,1.799728
FILLER_120_298,VPWR,li1,143.2900,340.0000,1.799714
FILLER_120_289,VPWR,li1,138.9200,340.0000,1.799699
FILLER_120_273,VPWR,li1,133.8600,340.0000,1.799689
FILLER_120_266,VPWR,li1,128.1100,340.0000,1.799681
FILLER_120_237,VPWR,li1,114.7700,340.0000,1.799696
FILLER_120_232,VPWR,li1,112.4700,340.0000,1.799700
FILLER_120_228,VPWR,li1,111.3200,340.0000,1.799700
FILLER_120_216,VPWR,li1,107.6400,340.0000,1.799707
FILLER_120_204,VPWR,li1,102.1200,340.0000,1.799715
FILLER_120_189,VPWR,li1,93.3800,340.0000,1.799734
FILLER_120_177,VPWR,li1,89.7000,340.0000,1.799745
FILLER_120_165,VPWR,li1,84.1800,340.0000,1.799755
FILLER_120_153,VPWR,li1,78.6600,340.0000,1.799769
FILLER_120_141,VPWR,li1,73.1400,340.0000,1.799782
FILLER_120_139,VPWR,li1,69.6900,340.0000,1.799795
FILLER_120_133,VPWR,li1,68.0800,340.0000,1.799795
FILLER_120_121,VPWR,li1,63.9400,340.0000,1.799807
FILLER_120_109,VPWR,li1,58.4200,340.0000,1.799825
FILLER_120_97,VPWR,li1,52.9000,340.0000,1.799843
FILLER_120_85,VPWR,li1,47.3800,340.0000,1.799862
FILLER_120_83,VPWR,li1,43.9300,340.0000,1.799875
FILLER_120_77,VPWR,li1,42.3200,340.0000,1.799883
FILLER_120_65,VPWR,li1,38.1800,340.0000,1.799896
FILLER_120_53,VPWR,li1,32.6600,340.0000,1.799917
FILLER_120_41,VPWR,li1,27.1400,340.0000,1.799941
FILLER_120_29,VPWR,li1,21.6200,340.0000,1.799962
FILLER_120_27,VPWR,li1,18.1700,340.0000,1.799962
FILLER_120_15,VPWR,li1,15.1800,340.0000,1.799962
FILLER_120_3,VPWR,li1,9.6600,340.0000,1.799962
FILLER_119_818,VPWR,li1,383.1800,334.5600,1.799885
FILLER_119_797,VPWR,li1,372.3700,334.5600,1.799887
FILLER_119_785,VPWR,li1,369.3800,334.5600,1.799889
FILLER_119_782,VPWR,li1,365.7000,334.5600,1.799891
FILLER_119_774,VPWR,li1,363.4000,334.5600,1.799893
FILLER_119_762,VPWR,li1,358.8000,334.5600,1.799897
FILLER_119_757,VPWR,li1,353.9700,334.5600,1.799903
FILLER_119_753,VPWR,li1,352.8200,334.5600,1.799903
FILLER_119_743,VPWR,li1,347.9900,334.5600,1.799909
FILLER_119_735,VPWR,li1,345.4600,334.5600,1.799913
FILLER_119_725,VPWR,li1,339.7100,334.5600,1.799923
FILLER_119_717,VPWR,li1,337.1800,334.5600,1.799927
FILLER_119_697,VPWR,li1,327.5200,334.5600,1.799934
FILLER_119_685,VPWR,li1,323.3800,334.5600,1.799913
FILLER_119_673,VPWR,li1,315.3300,334.5600,1.799883
FILLER_119_671,VPWR,li1,314.4100,334.5600,1.799883
FILLER_119_656,VPWR,li1,309.1200,334.5600,1.799864
FILLER_119_644,VPWR,li1,304.5200,334.5600,1.799847
FILLER_119_632,VPWR,li1,299.0000,334.5600,1.799831
FILLER_119_620,VPWR,li1,293.4800,334.5600,1.799812
FILLER_119_615,VPWR,li1,288.6500,334.5600,1.799796
FILLER_119_611,VPWR,li1,287.5000,334.5600,1.799789
FILLER_119_599,VPWR,li1,283.8200,334.5600,1.799781
FILLER_119_593,VPWR,li1,278.5300,334.5600,1.799763
FILLER_119_585,VPWR,li1,276.4600,334.5600,1.799755
FILLER_119_573,VPWR,li1,271.8600,334.5600,1.799740
FILLER_119_561,VPWR,li1,266.3400,334.5600,1.799724
FILLER_119_554,VPWR,li1,261.7400,334.5600,1.799716
FILLER_119_542,VPWR,li1,257.6000,334.5600,1.799704
FILLER_119_526,VPWR,li1,247.9400,334.5600,1.799674
FILLER_119_514,VPWR,li1,244.7200,334.5600,1.799667
FILLER_119_505,VPWR,li1,238.5100,334.5600,1.799651
FILLER_119_503,VPWR,li1,237.1300,334.5600,1.799646
FILLER_119_497,VPWR,li1,235.5200,334.5600,1.799646
FILLER_119_481,VPWR,li1,227.2400,334.5600,1.799627
FILLER_119_436,VPWR,li1,207.4600,334.5600,1.799636
FILLER_119_428,VPWR,li1,202.8600,334.5600,1.799658
FILLER_119_420,VPWR,li1,200.5600,334.5600,1.799668
FILLER_119_408,VPWR,li1,195.9600,334.5600,1.799693
FILLER_119_397,VPWR,li1,188.3700,334.5600,1.799737
FILLER_119_393,VPWR,li1,187.2200,334.5600,1.799737
FILLER_119_390,VPWR,li1,185.3800,334.5600,1.799746
FILLER_119_382,VPWR,li1,183.0800,334.5600,1.799766
FILLER_119_368,VPWR,li1,176.6400,334.5600,1.799832
FILLER_119_356,VPWR,li1,172.0400,334.5600,1.799853
FILLER_119_348,VPWR,li1,165.8300,334.5600,1.799838
FILLER_119_337,VPWR,li1,161.4600,334.5600,1.799829
FILLER_119_334,VPWR,li1,159.6200,334.5600,1.799825
FILLER_119_326,VPWR,li1,157.3200,334.5600,1.799819
FILLER_119_316,VPWR,li1,151.3400,334.5600,1.799813
FILLER_119_305,VPWR,li1,146.0500,334.5600,1.799812
FILLER_119_297,VPWR,li1,143.9800,334.5600,1.799812
FILLER_119_281,VPWR,li1,135.7000,334.5600,1.799812
FILLER_119_279,VPWR,li1,134.0900,334.5600,1.799812
FILLER_119_273,VPWR,li1,132.4800,334.5600,1.799812
FILLER_119_261,VPWR,li1,128.3400,334.5600,1.799813
FILLER_119_256,VPWR,li1,123.5100,334.5600,1.799814
FILLER_119_244,VPWR,li1,120.5200,334.5600,1.799815
FILLER_119_229,VPWR,li1,111.5500,334.5600,1.799817
FILLER_119_218,VPWR,li1,107.1800,334.5600,1.799819
FILLER_119_206,VPWR,li1,103.0400,334.5600,1.799822
FILLER_119_194,VPWR,li1,97.5200,334.5600,1.799826
FILLER_119_181,VPWR,li1,90.1600,334.5600,1.799831
FILLER_119_169,VPWR,li1,86.0200,334.5600,1.799836
FILLER_119_167,VPWR,li1,82.5700,334.5600,1.799839
FILLER_119_163,VPWR,li1,81.4200,334.5600,1.799841
FILLER_119_151,VPWR,li1,77.7400,334.5600,1.799844
FILLER_119_143,VPWR,li1,71.5300,334.5600,1.799853
FILLER_119_137,VPWR,li1,69.9200,334.5600,1.799853
FILLER_119_124,VPWR,li1,62.7900,334.5600,1.799865
FILLER_119_120,VPWR,li1,61.6400,334.5600,1.799865
FILLER_119_111,VPWR,li1,56.8100,334.5600,1.799878
FILLER_119_105,VPWR,li1,55.2000,334.5600,1.799878
FILLER_119_93,VPWR,li1,51.0600,334.5600,1.799888
FILLER_119_81,VPWR,li1,45.5400,334.5600,1.799905
FILLER_119_69,VPWR,li1,40.0200,334.5600,1.799918
FILLER_119_57,VPWR,li1,34.5000,334.5600,1.799933
FILLER_119_55,VPWR,li1,31.0500,334.5600,1.799946
FILLER_119_51,VPWR,li1,29.9000,334.5600,1.799946
FILLER_119_39,VPWR,li1,26.2200,334.5600,1.799956
FILLER_119_27,VPWR,li1,20.7000,334.5600,1.799972
FILLER_119_15,VPWR,li1,15.1800,334.5600,1.799972
FILLER_119_3,VPWR,li1,9.6600,334.5600,1.799972
FILLER_118_821,VPWR,li1,383.8700,334.5600,1.799885
FILLER_118_813,VPWR,li1,381.3400,334.5600,1.799885
FILLER_118_811,VPWR,li1,378.8100,334.5600,1.799885
FILLER_118_799,VPWR,li1,375.8200,334.5600,1.799885
FILLER_118_787,VPWR,li1,370.3000,334.5600,1.799889
FILLER_118_775,VPWR,li1,364.7800,334.5600,1.799893
FILLER_118_762,VPWR,li1,356.2700,334.5600,1.799900
FILLER_118_750,VPWR,li1,350.9800,334.5600,1.799905
FILLER_118_738,VPWR,li1,347.7600,334.5600,1.799909
FILLER_118_726,VPWR,li1,342.2400,334.5600,1.799918
FILLER_118_714,VPWR,li1,336.7200,334.5600,1.799927
FILLER_118_701,VPWR,li1,328.4400,334.5600,1.799934
FILLER_118_699,VPWR,li1,327.2900,334.5600,1.799934
FILLER_118_691,VPWR,li1,325.2200,334.5600,1.799925
FILLER_118_662,VPWR,li1,310.2700,334.5600,1.799864
FILLER_118_656,VPWR,li1,307.5100,334.5600,1.799856
FILLER_118_652,VPWR,li1,306.3600,334.5600,1.799856
FILLER_118_632,VPWR,li1,299.0000,334.5600,1.799831
FILLER_118_616,VPWR,li1,289.1100,334.5600,1.799796
FILLER_118_586,VPWR,li1,275.5400,334.5600,1.799755
FILLER_118_572,VPWR,li1,268.8700,334.5600,1.799733
FILLER_118_563,VPWR,li1,264.7300,334.5600,1.799724
FILLER_118_557,VPWR,li1,263.1200,334.5600,1.799716
FILLER_118_545,VPWR,li1,258.9800,334.5600,1.799704
FILLER_118_533,VPWR,li1,253.4600,334.5600,1.799692
FILLER_118_529,VPWR,li1,249.5500,334.5600,1.799680
FILLER_118_521,VPWR,li1,245.4100,334.5600,1.799667
FILLER_118_506,VPWR,li1,238.9700,334.5600,1.799651
FILLER_118_494,VPWR,li1,235.5200,334.5600,1.799646
FILLER_118_485,VPWR,li1,228.8500,334.5600,1.799631
FILLER_118_477,VPWR,li1,226.7800,334.5600,1.799627
FILLER_118_460,VPWR,li1,217.3500,334.5600,1.799608
FILLER_118_456,VPWR,li1,216.2000,334.5600,1.799603
FILLER_118_444,VPWR,li1,212.5200,334.5600,1.799612
FILLER_118_432,VPWR,li1,207.0000,334.5600,1.799636
FILLER_118_421,VPWR,li1,200.1000,334.5600,1.799679
FILLER_118_419,VPWR,li1,198.4900,334.5600,1.799679
FILLER_118_411,VPWR,li1,196.4200,334.5600,1.799693
FILLER_118_399,VPWR,li1,191.8200,334.5600,1.799714
FILLER_118_376,VPWR,li1,178.9400,334.5600,1.799807
FILLER_118_365,VPWR,li1,174.3400,334.5600,1.799859
FILLER_118_361,VPWR,li1,172.2700,334.5600,1.799853
FILLER_118_353,VPWR,li1,169.7400,334.5600,1.799847
FILLER_118_333,VPWR,li1,159.3900,334.5600,1.799825
FILLER_118_321,VPWR,li1,155.9400,334.5600,1.799819
FILLER_118_309,VPWR,li1,150.4200,334.5600,1.799813
FILLER_118_307,VPWR,li1,146.9700,334.5600,1.799812
FILLER_118_303,VPWR,li1,145.8200,334.5600,1.799812
FILLER_118_291,VPWR,li1,142.1400,334.5600,1.799812
FILLER_118_280,VPWR,li1,135.7000,334.5600,1.799812
FILLER_118_265,VPWR,li1,128.3400,334.5600,1.799813
FILLER_118_253,VPWR,li1,124.6600,334.5600,1.799814
FILLER_118_250,VPWR,li1,120.9800,334.5600,1.799815
FILLER_118_238,VPWR,li1,117.7600,334.5600,1.799816
FILLER_118_231,VPWR,li1,112.2400,334.5600,1.799817
FILLER_118_223,VPWR,li1,108.3300,334.5600,1.799818
FILLER_118_212,VPWR,li1,103.9600,334.5600,1.799822
FILLER_118_197,VPWR,li1,97.0600,334.5600,1.799827
FILLER_118_195,VPWR,li1,95.4500,334.5600,1.799827
FILLER_118_191,VPWR,li1,94.3000,334.5600,1.799829
FILLER_118_173,VPWR,li1,85.7900,334.5600,1.799836
FILLER_118_145,VPWR,li1,72.4500,334.5600,1.799850
FILLER_118_141,VPWR,li1,71.3000,334.5600,1.799853
FILLER_118_131,VPWR,li1,66.2400,334.5600,1.799860
FILLER_118_119,VPWR,li1,63.0200,334.5600,1.799865
FILLER_118_112,VPWR,li1,57.2700,334.5600,1.799873
FILLER_118_108,VPWR,li1,56.1200,334.5600,1.799878
FILLER_118_96,VPWR,li1,52.4400,334.5600,1.799888
FILLER_118_85,VPWR,li1,44.8500,334.5600,1.799905
FILLER_118_83,VPWR,li1,43.9300,334.5600,1.799911
FILLER_118_77,VPWR,li1,42.3200,334.5600,1.799911
FILLER_118_65,VPWR,li1,38.1800,334.5600,1.799923
FILLER_118_53,VPWR,li1,32.6600,334.5600,1.799938
FILLER_118_41,VPWR,li1,27.1400,334.5600,1.799956
FILLER_118_29,VPWR,li1,21.6200,334.5600,1.799972
FILLER_118_27,VPWR,li1,18.1700,334.5600,1.799972
FILLER_118_15,VPWR,li1,15.1800,334.5600,1.799972
FILLER_118_3,VPWR,li1,9.6600,334.5600,1.799972
FILLER_117_817,VPWR,li1,382.0300,329.1200,1.799833
FILLER_117_805,VPWR,li1,378.5800,329.1200,1.799837
FILLER_117_783,VPWR,li1,365.9300,329.1200,1.799849
FILLER_117_760,VPWR,li1,356.5000,329.1200,1.799863
FILLER_117_754,VPWR,li1,352.8200,329.1200,1.799871
FILLER_117_750,VPWR,li1,350.7500,329.1200,1.799874
FILLER_117_742,VPWR,li1,348.6800,329.1200,1.799880
FILLER_117_729,VPWR,li1,341.0900,329.1200,1.799898
FILLER_117_725,VPWR,li1,339.7100,329.1200,1.799903
FILLER_117_717,VPWR,li1,337.1800,329.1200,1.799908
FILLER_117_705,VPWR,li1,332.5800,329.1200,1.799923
FILLER_117_688,VPWR,li1,322.6900,329.1200,1.799904
FILLER_117_676,VPWR,li1,319.2400,329.1200,1.799889
FILLER_117_668,VPWR,li1,313.7200,329.1200,1.799866
FILLER_117_663,VPWR,li1,310.7300,329.1200,1.799853
FILLER_117_655,VPWR,li1,308.6600,329.1200,1.799845
FILLER_117_643,VPWR,li1,304.0600,329.1200,1.799827
FILLER_117_623,VPWR,li1,292.7900,329.1200,1.799782
FILLER_117_615,VPWR,li1,288.6500,329.1200,1.799762
FILLER_117_611,VPWR,li1,287.5000,329.1200,1.799762
FILLER_117_587,VPWR,li1,277.3800,329.1200,1.799726
FILLER_117_578,VPWR,li1,272.7800,329.1200,1.799708
FILLER_117_551,VPWR,li1,259.4400,329.1200,1.799668
FILLER_117_543,VPWR,li1,257.1400,329.1200,1.799668
FILLER_117_533,VPWR,li1,251.1600,329.1200,1.799671
FILLER_117_492,VPWR,li1,234.6000,329.1200,1.799690
FILLER_117_480,VPWR,li1,229.0800,329.1200,1.799701
FILLER_117_468,VPWR,li1,223.5600,329.1200,1.799716
FILLER_117_461,VPWR,li1,218.2700,329.1200,1.799739
FILLER_117_449,VPWR,li1,214.8200,329.1200,1.799751
FILLER_117_436,VPWR,li1,208.8400,329.1200,1.799777
FILLER_117_417,VPWR,li1,198.0300,329.1200,1.799817
FILLER_117_405,VPWR,li1,194.5800,329.1200,1.799838
FILLER_117_393,VPWR,li1,189.0600,329.1200,1.799863
FILLER_117_378,VPWR,li1,179.6300,329.1200,1.799902
FILLER_117_368,VPWR,li1,175.7200,329.1200,1.799927
FILLER_117_356,VPWR,li1,172.0400,329.1200,1.799921
FILLER_117_352,VPWR,li1,167.6700,329.1200,1.799916
FILLER_117_348,VPWR,li1,166.5200,329.1200,1.799912
FILLER_117_334,VPWR,li1,159.6200,329.1200,1.799902
FILLER_117_314,VPWR,li1,150.4200,329.1200,1.799892
FILLER_117_308,VPWR,li1,147.6600,329.1200,1.799890
FILLER_117_296,VPWR,li1,144.4400,329.1200,1.799885
FILLER_117_281,VPWR,li1,135.7000,329.1200,1.799880
FILLER_117_277,VPWR,li1,133.6300,329.1200,1.799878
FILLER_117_261,VPWR,li1,126.2700,329.1200,1.799873
FILLER_117_231,VPWR,li1,114.5400,329.1200,1.799867
FILLER_117_216,VPWR,li1,106.7200,329.1200,1.799864
FILLER_117_198,VPWR,li1,97.5200,329.1200,1.799861
FILLER_117_186,VPWR,li1,93.8400,329.1200,1.799860
FILLER_117_179,VPWR,li1,88.3200,329.1200,1.799859
FILLER_117_174,VPWR,li1,85.7900,329.1200,1.799858
FILLER_117_165,VPWR,li1,82.1100,329.1200,1.799858
FILLER_117_154,VPWR,li1,77.7400,329.1200,1.799858
FILLER_117_141,VPWR,li1,70.6100,329.1200,1.799859
FILLER_117_121,VPWR,li1,63.0200,329.1200,1.799864
FILLER_117_102,VPWR,li1,53.1300,329.1200,1.799885
FILLER_117_75,VPWR,li1,40.2500,329.1200,1.799914
FILLER_117_69,VPWR,li1,38.6400,329.1200,1.799920
FILLER_117_57,VPWR,li1,34.5000,329.1200,1.799931
FILLER_117_55,VPWR,li1,31.0500,329.1200,1.799944
FILLER_117_51,VPWR,li1,29.9000,329.1200,1.799944
FILLER_117_39,VPWR,li1,26.2200,329.1200,1.799955
FILLER_117_27,VPWR,li1,20.7000,329.1200,1.799971
FILLER_117_15,VPWR,li1,15.1800,329.1200,1.799971
FILLER_117_3,VPWR,li1,9.6600,329.1200,1.799971
FILLER_116_819,VPWR,li1,382.4900,329.1200,1.799833
FILLER_116_813,VPWR,li1,380.8800,329.1200,1.799835
FILLER_116_811,VPWR,li1,378.8100,329.1200,1.799837
FILLER_116_805,VPWR,li1,377.2000,329.1200,1.799837
FILLER_116_793,VPWR,li1,373.0600,329.1200,1.799839
FILLER_116_781,VPWR,li1,367.5400,329.1200,1.799846
FILLER_116_773,VPWR,li1,361.3300,329.1200,1.799854
FILLER_116_769,VPWR,li1,360.1800,329.1200,1.799858
FILLER_116_757,VPWR,li1,356.5000,329.1200,1.799863
FILLER_116_753,VPWR,li1,352.5900,329.1200,1.799871
FILLER_116_734,VPWR,li1,345.0000,329.1200,1.799886
FILLER_116_726,VPWR,li1,340.1700,329.1200,1.799898
FILLER_116_711,VPWR,li1,333.9600,329.1200,1.799915
FILLER_116_689,VPWR,li1,323.1500,329.1200,1.799904
FILLER_116_681,VPWR,li1,320.6200,329.1200,1.799889
FILLER_116_669,VPWR,li1,316.0200,329.1200,1.799875
FILLER_116_657,VPWR,li1,310.5000,329.1200,1.799853
FILLER_116_625,VPWR,li1,295.7800,329.1200,1.799791
FILLER_116_613,VPWR,li1,290.2600,329.1200,1.799772
FILLER_116_601,VPWR,li1,284.7400,329.1200,1.799752
FILLER_116_589,VPWR,li1,279.2200,329.1200,1.799732
FILLER_116_586,VPWR,li1,275.5400,329.1200,1.799717
FILLER_116_574,VPWR,li1,272.3200,329.1200,1.799708
FILLER_116_566,VPWR,li1,266.1100,329.1200,1.799683
FILLER_116_562,VPWR,li1,264.9600,329.1200,1.799683
FILLER_116_548,VPWR,li1,257.8300,329.1200,1.799668
FILLER_116_540,VPWR,li1,254.1500,329.1200,1.799669
FILLER_116_517,VPWR,li1,246.1000,329.1200,1.799675
FILLER_116_499,VPWR,li1,235.2900,329.1200,1.799690
FILLER_116_493,VPWR,li1,233.6800,329.1200,1.799690
FILLER_116_477,VPWR,li1,225.4000,329.1200,1.799710
FILLER_116_462,VPWR,li1,218.2700,329.1200,1.799739
FILLER_116_456,VPWR,li1,216.6600,329.1200,1.799739
FILLER_116_445,VPWR,li1,211.1400,329.1200,1.799761
FILLER_116_433,VPWR,li1,207.4600,329.1200,1.799777
FILLER_116_419,VPWR,li1,198.4900,329.1200,1.799817
FILLER_116_412,VPWR,li1,195.2700,329.1200,1.799829
FILLER_116_404,VPWR,li1,193.2000,329.1200,1.799838
FILLER_116_389,VPWR,li1,185.1500,329.1200,1.799874
FILLER_116_377,VPWR,li1,181.7000,329.1200,1.799890
FILLER_116_356,VPWR,li1,169.5100,329.1200,1.799919
FILLER_116_352,VPWR,li1,168.3600,329.1200,1.799916
FILLER_116_347,VPWR,li1,165.3700,329.1200,1.799912
FILLER_116_339,VPWR,li1,163.3000,329.1200,1.799909
FILLER_116_321,VPWR,li1,154.1000,329.1200,1.799895
FILLER_116_302,VPWR,li1,145.8200,329.1200,1.799888
FILLER_116_287,VPWR,li1,137.7700,329.1200,1.799881
FILLER_116_283,VPWR,li1,136.6200,329.1200,1.799880
FILLER_116_271,VPWR,li1,132.9400,329.1200,1.799877
FILLER_116_259,VPWR,li1,127.4200,329.1200,1.799873
FILLER_116_243,VPWR,li1,117.7600,329.1200,1.799869
FILLER_116_235,VPWR,li1,115.4600,329.1200,1.799867
FILLER_116_223,VPWR,li1,110.8600,329.1200,1.799866
FILLER_116_211,VPWR,li1,105.3400,329.1200,1.799864
FILLER_116_197,VPWR,li1,97.9800,329.1200,1.799861
FILLER_116_195,VPWR,li1,95.4500,329.1200,1.799860
FILLER_116_191,VPWR,li1,94.3000,329.1200,1.799860
FILLER_116_161,VPWR,li1,80.2700,329.1200,1.799858
FILLER_116_153,VPWR,li1,77.7400,329.1200,1.799858
FILLER_116_141,VPWR,li1,73.1400,329.1200,1.799858
FILLER_116_134,VPWR,li1,68.5400,329.1200,1.799859
FILLER_116_122,VPWR,li1,64.4000,329.1200,1.799864
FILLER_116_103,VPWR,li1,53.1300,329.1200,1.799885
FILLER_116_97,VPWR,li1,51.5200,329.1200,1.799885
FILLER_116_83,VPWR,li1,43.9300,329.1200,1.799908
FILLER_116_77,VPWR,li1,42.3200,329.1200,1.799908
FILLER_116_65,VPWR,li1,38.1800,329.1200,1.799920
FILLER_116_53,VPWR,li1,32.6600,329.1200,1.799936
FILLER_116_41,VPWR,li1,27.1400,329.1200,1.799955
FILLER_116_29,VPWR,li1,21.6200,329.1200,1.799971
FILLER_116_27,VPWR,li1,18.1700,329.1200,1.799971
FILLER_116_15,VPWR,li1,15.1800,329.1200,1.799971
FILLER_116_3,VPWR,li1,9.6600,329.1200,1.799971
FILLER_115_803,VPWR,li1,375.1300,323.6800,1.799858
FILLER_115_797,VPWR,li1,373.5200,323.6800,1.799859
FILLER_115_785,VPWR,li1,369.3800,323.6800,1.799862
FILLER_115_781,VPWR,li1,365.4700,323.6800,1.799864
FILLER_115_769,VPWR,li1,362.0200,323.6800,1.799868
FILLER_115_756,VPWR,li1,355.1200,323.6800,1.799876
FILLER_115_735,VPWR,li1,343.8500,323.6800,1.799892
FILLER_115_729,VPWR,li1,342.2400,323.6800,1.799892
FILLER_115_722,VPWR,li1,339.0200,323.6800,1.799898
FILLER_115_710,VPWR,li1,334.8800,323.6800,1.799903
FILLER_115_699,VPWR,li1,327.5200,323.6800,1.799906
FILLER_115_687,VPWR,li1,324.3000,323.6800,1.799896
FILLER_115_671,VPWR,li1,314.4100,323.6800,1.799839
FILLER_115_665,VPWR,li1,312.8000,323.6800,1.799839
FILLER_115_653,VPWR,li1,306.3600,323.6800,1.799813
FILLER_115_641,VPWR,li1,300.6100,323.6800,1.799793
FILLER_115_629,VPWR,li1,297.6200,323.6800,1.799784
FILLER_115_617,VPWR,li1,292.1000,323.6800,1.799765
FILLER_115_610,VPWR,li1,287.5000,323.6800,1.799754
FILLER_115_581,VPWR,li1,273.0100,323.6800,1.799728
FILLER_115_573,VPWR,li1,270.9400,323.6800,1.799725
FILLER_115_561,VPWR,li1,266.3400,323.6800,1.799718
FILLER_115_559,VPWR,li1,262.8900,323.6800,1.799711
FILLER_115_553,VPWR,li1,261.2800,323.6800,1.799711
FILLER_115_545,VPWR,li1,256.6800,323.6800,1.799706
FILLER_115_537,VPWR,li1,254.3800,323.6800,1.799705
FILLER_115_529,VPWR,li1,249.7800,323.6800,1.799702
FILLER_115_522,VPWR,li1,245.8700,323.6800,1.799701
FILLER_115_516,VPWR,li1,244.2600,323.6800,1.799701
FILLER_115_498,VPWR,li1,235.9800,323.6800,1.799699
FILLER_115_486,VPWR,li1,231.8400,323.6800,1.799699
FILLER_115_481,VPWR,li1,227.0100,323.6800,1.799698
FILLER_115_475,VPWR,li1,225.4000,323.6800,1.799700
FILLER_115_468,VPWR,li1,221.0300,323.6800,1.799701
FILLER_115_460,VPWR,li1,217.3500,323.6800,1.799707
FILLER_115_456,VPWR,li1,216.2000,323.6800,1.799707
FILLER_115_424,VPWR,li1,203.3200,323.6800,1.799746
FILLER_115_420,VPWR,li1,198.9500,323.6800,1.799764
FILLER_115_408,VPWR,li1,195.9600,323.6800,1.799778
FILLER_115_400,VPWR,li1,189.7500,323.6800,1.799807
FILLER_115_384,VPWR,li1,182.6200,323.6800,1.799845
FILLER_115_372,VPWR,li1,179.4000,323.6800,1.799863
FILLER_115_364,VPWR,li1,173.1900,323.6800,1.799889
FILLER_115_360,VPWR,li1,172.0400,323.6800,1.799889
FILLER_115_349,VPWR,li1,166.9800,323.6800,1.799875
FILLER_115_341,VPWR,li1,162.6100,323.6800,1.799862
FILLER_115_337,VPWR,li1,161.4600,323.6800,1.799862
FILLER_115_332,VPWR,li1,159.1600,323.6800,1.799855
FILLER_115_320,VPWR,li1,154.1000,323.6800,1.799842
FILLER_115_308,VPWR,li1,149.9600,323.6800,1.799840
FILLER_115_296,VPWR,li1,144.4400,323.6800,1.799840
FILLER_115_289,VPWR,li1,138.6900,323.6800,1.799840
FILLER_115_281,VPWR,li1,136.6200,323.6800,1.799840
FILLER_115_276,VPWR,li1,133.4000,323.6800,1.799840
FILLER_115_261,VPWR,li1,126.9600,323.6800,1.799841
FILLER_115_249,VPWR,li1,122.8200,323.6800,1.799842
FILLER_115_237,VPWR,li1,117.3000,323.6800,1.799844
FILLER_115_225,VPWR,li1,111.7800,323.6800,1.799846
FILLER_115_223,VPWR,li1,108.3300,323.6800,1.799848
FILLER_115_219,VPWR,li1,107.1800,323.6800,1.799849
FILLER_115_206,VPWR,li1,100.9700,323.6800,1.799852
FILLER_115_194,VPWR,li1,97.5200,323.6800,1.799855
FILLER_115_182,VPWR,li1,92.0000,323.6800,1.799859
FILLER_115_164,VPWR,li1,81.8800,323.6800,1.799867
FILLER_115_152,VPWR,li1,76.3600,323.6800,1.799876
FILLER_115_140,VPWR,li1,72.6800,323.6800,1.799881
FILLER_115_128,VPWR,li1,67.1600,323.6800,1.799891
FILLER_115_116,VPWR,li1,61.6400,323.6800,1.799898
FILLER_115_111,VPWR,li1,56.8100,323.6800,1.799906
FILLER_115_93,VPWR,li1,51.0600,323.6800,1.799917
FILLER_115_81,VPWR,li1,45.5400,323.6800,1.799931
FILLER_115_69,VPWR,li1,40.0200,323.6800,1.799940
FILLER_115_57,VPWR,li1,34.5000,323.6800,1.799951
FILLER_115_55,VPWR,li1,31.0500,323.6800,1.799960
FILLER_115_51,VPWR,li1,29.9000,323.6800,1.799960
FILLER_115_39,VPWR,li1,26.2200,323.6800,1.799968
FILLER_115_27,VPWR,li1,20.7000,323.6800,1.799979
FILLER_115_15,VPWR,li1,15.1800,323.6800,1.799979
FILLER_115_3,VPWR,li1,9.6600,323.6800,1.799978
FILLER_114_819,VPWR,li1,382.4900,323.6800,1.799855
FILLER_114_813,VPWR,li1,380.8800,323.6800,1.799855
FILLER_114_811,VPWR,li1,378.8100,323.6800,1.799856
FILLER_114_805,VPWR,li1,377.2000,323.6800,1.799856
FILLER_114_793,VPWR,li1,373.0600,323.6800,1.799859
FILLER_114_769,VPWR,li1,360.1800,323.6800,1.799870
FILLER_114_757,VPWR,li1,356.5000,323.6800,1.799876
FILLER_114_754,VPWR,li1,352.8200,323.6800,1.799879
FILLER_114_745,VPWR,li1,348.4500,323.6800,1.799886
FILLER_114_741,VPWR,li1,347.3000,323.6800,1.799886
FILLER_114_729,VPWR,li1,343.6200,323.6800,1.799892
FILLER_114_718,VPWR,li1,336.0300,323.6800,1.799903
FILLER_114_692,VPWR,li1,324.0700,323.6800,1.799896
FILLER_114_673,VPWR,li1,315.5600,323.6800,1.799849
FILLER_114_651,VPWR,li1,305.2100,323.6800,1.799803
FILLER_114_645,VPWR,li1,303.6000,323.6800,1.799803
FILLER_114_641,VPWR,li1,301.0700,323.6800,1.799793
FILLER_114_629,VPWR,li1,297.6200,323.6800,1.799784
FILLER_114_609,VPWR,li1,286.1200,323.6800,1.799749
FILLER_114_597,VPWR,li1,282.9000,323.6800,1.799744
FILLER_114_593,VPWR,li1,278.5300,323.6800,1.799734
FILLER_114_589,VPWR,li1,277.3800,323.6800,1.799734
FILLER_114_587,VPWR,li1,275.7700,323.6800,1.799730
FILLER_114_579,VPWR,li1,273.7000,323.6800,1.799728
FILLER_114_567,VPWR,li1,269.1000,323.6800,1.799722
FILLER_114_555,VPWR,li1,263.5800,323.6800,1.799714
FILLER_114_543,VPWR,li1,258.0600,323.6800,1.799706
FILLER_114_530,VPWR,li1,249.7800,323.6800,1.799702
FILLER_114_519,VPWR,li1,245.1800,323.6800,1.799701
FILLER_114_507,VPWR,li1,241.5000,323.6800,1.799700
FILLER_114_497,VPWR,li1,234.3700,323.6800,1.799699
FILLER_114_491,VPWR,li1,232.7600,323.6800,1.799699
FILLER_114_485,VPWR,li1,229.3100,323.6800,1.799698
FILLER_114_477,VPWR,li1,226.7800,323.6800,1.799698
FILLER_114_473,VPWR,li1,223.7900,323.6800,1.799700
FILLER_114_465,VPWR,li1,221.2600,323.6800,1.799701
FILLER_114_453,VPWR,li1,216.6600,323.6800,1.799707
FILLER_114_438,VPWR,li1,208.8400,323.6800,1.799729
FILLER_114_428,VPWR,li1,203.0900,323.6800,1.799746
FILLER_114_406,VPWR,li1,194.1200,323.6800,1.799786
FILLER_114_398,VPWR,li1,188.8300,323.6800,1.799818
FILLER_114_373,VPWR,li1,177.3300,323.6800,1.799879
FILLER_114_365,VPWR,li1,175.2600,323.6800,1.799896
FILLER_114_363,VPWR,li1,172.7300,323.6800,1.799889
FILLER_114_351,VPWR,li1,169.7400,323.6800,1.799882
FILLER_114_344,VPWR,li1,164.2200,323.6800,1.799868
FILLER_114_339,VPWR,li1,161.6900,323.6800,1.799862
FILLER_114_327,VPWR,li1,158.7000,323.6800,1.799855
FILLER_114_305,VPWR,li1,146.5100,323.6800,1.799840
FILLER_114_295,VPWR,li1,141.9100,323.6800,1.799840
FILLER_114_283,VPWR,li1,138.4600,323.6800,1.799840
FILLER_114_253,VPWR,li1,122.8200,323.6800,1.799842
FILLER_114_251,VPWR,li1,121.2100,323.6800,1.799843
FILLER_114_247,VPWR,li1,120.0600,323.6800,1.799843
FILLER_114_229,VPWR,li1,111.0900,323.6800,1.799846
FILLER_114_201,VPWR,li1,98.2100,323.6800,1.799855
FILLER_114_197,VPWR,li1,97.0600,323.6800,1.799855
FILLER_114_192,VPWR,li1,94.7600,323.6800,1.799857
FILLER_114_180,VPWR,li1,91.0800,323.6800,1.799859
FILLER_114_148,VPWR,li1,74.9800,323.6800,1.799876
FILLER_114_133,VPWR,li1,66.9300,323.6800,1.799891
FILLER_114_129,VPWR,li1,65.7800,323.6800,1.799891
FILLER_114_117,VPWR,li1,62.1000,323.6800,1.799898
FILLER_114_105,VPWR,li1,54.7400,323.6800,1.799910
FILLER_114_93,VPWR,li1,51.0600,323.6800,1.799917
FILLER_114_85,VPWR,li1,45.3100,323.6800,1.799931
FILLER_114_83,VPWR,li1,43.9300,323.6800,1.799935
FILLER_114_77,VPWR,li1,42.3200,323.6800,1.799935
FILLER_114_65,VPWR,li1,38.1800,323.6800,1.799943
FILLER_114_53,VPWR,li1,32.6600,323.6800,1.799955
FILLER_114_41,VPWR,li1,27.1400,323.6800,1.799968
FILLER_114_29,VPWR,li1,21.6200,323.6800,1.799979
FILLER_114_27,VPWR,li1,18.1700,323.6800,1.799979
FILLER_114_19,VPWR,li1,16.1000,323.6800,1.799979
FILLER_114_7,VPWR,li1,11.5000,323.6800,1.799978
FILLER_113_821,VPWR,li1,383.8700,318.2400,1.799933
FILLER_113_809,VPWR,li1,380.4200,318.2400,1.799933
FILLER_113_797,VPWR,li1,374.9000,318.2400,1.799933
FILLER_113_785,VPWR,li1,369.3800,318.2400,1.799933
FILLER_113_783,VPWR,li1,365.9300,318.2400,1.799933
FILLER_113_775,VPWR,li1,363.8600,318.2400,1.799933
FILLER_113_763,VPWR,li1,359.2600,318.2400,1.799933
FILLER_113_751,VPWR,li1,353.7400,318.2400,1.799933
FILLER_113_739,VPWR,li1,348.2200,318.2400,1.799933
FILLER_113_726,VPWR,li1,339.9400,318.2400,1.799934
FILLER_113_718,VPWR,li1,336.0300,318.2400,1.799936
FILLER_113_710,VPWR,li1,333.9600,318.2400,1.799937
FILLER_113_695,VPWR,li1,325.4500,318.2400,1.799930
FILLER_113_689,VPWR,li1,323.8400,318.2400,1.799917
FILLER_113_667,VPWR,li1,312.5700,318.2400,1.799867
FILLER_113_663,VPWR,li1,311.4200,318.2400,1.799867
FILLER_113_645,VPWR,li1,302.6800,318.2400,1.799835
FILLER_113_637,VPWR,li1,300.3800,318.2400,1.799828
FILLER_113_625,VPWR,li1,295.7800,318.2400,1.799809
FILLER_113_617,VPWR,li1,290.0300,318.2400,1.799792
FILLER_113_597,VPWR,li1,280.6000,318.2400,1.799771
FILLER_113_585,VPWR,li1,277.3800,318.2400,1.799766
FILLER_113_573,VPWR,li1,271.8600,318.2400,1.799757
FILLER_113_561,VPWR,li1,266.3400,318.2400,1.799748
FILLER_113_557,VPWR,li1,262.4300,318.2400,1.799743
FILLER_113_537,VPWR,li1,254.3800,318.2400,1.799737
FILLER_113_524,VPWR,li1,247.4800,318.2400,1.799735
FILLER_113_512,VPWR,li1,243.8000,318.2400,1.799734
FILLER_113_482,VPWR,li1,228.1600,318.2400,1.799733
FILLER_113_470,VPWR,li1,224.4800,318.2400,1.799736
FILLER_113_465,VPWR,li1,219.8800,318.2400,1.799739
FILLER_113_457,VPWR,li1,217.5800,318.2400,1.799742
FILLER_113_442,VPWR,li1,210.2200,318.2400,1.799756
FILLER_113_430,VPWR,li1,206.0800,318.2400,1.799774
FILLER_113_425,VPWR,li1,201.2500,318.2400,1.799792
FILLER_113_417,VPWR,li1,199.1800,318.2400,1.799810
FILLER_113_405,VPWR,li1,194.5800,318.2400,1.799824
FILLER_113_393,VPWR,li1,189.0600,318.2400,1.799850
FILLER_113_389,VPWR,li1,185.1500,318.2400,1.799868
FILLER_113_380,VPWR,li1,181.2400,318.2400,1.799887
FILLER_113_374,VPWR,li1,177.7900,318.2400,1.799903
FILLER_113_366,VPWR,li1,175.7200,318.2400,1.799915
FILLER_113_354,VPWR,li1,171.1200,318.2400,1.799895
FILLER_113_337,VPWR,li1,161.2300,318.2400,1.799867
FILLER_113_333,VPWR,li1,159.3900,318.2400,1.799861
FILLER_113_321,VPWR,li1,155.9400,318.2400,1.799848
FILLER_113_314,VPWR,li1,150.1900,318.2400,1.799838
FILLER_113_306,VPWR,li1,148.1200,318.2400,1.799834
FILLER_113_281,VPWR,li1,136.1600,318.2400,1.799819
FILLER_113_279,VPWR,li1,134.0900,318.2400,1.799817
FILLER_113_273,VPWR,li1,132.4800,318.2400,1.799817
FILLER_113_263,VPWR,li1,126.9600,318.2400,1.799811
FILLER_113_255,VPWR,li1,124.6600,318.2400,1.799809
FILLER_113_241,VPWR,li1,116.6100,318.2400,1.799803
FILLER_113_237,VPWR,li1,115.4600,318.2400,1.799802
FILLER_113_225,VPWR,li1,111.7800,318.2400,1.799801
FILLER_113_223,VPWR,li1,108.3300,318.2400,1.799800
FILLER_113_215,VPWR,li1,106.2600,318.2400,1.799799
FILLER_113_206,VPWR,li1,100.7400,318.2400,1.799797
FILLER_113_198,VPWR,li1,97.0600,318.2400,1.799797
FILLER_113_186,VPWR,li1,93.8400,318.2400,1.799796
FILLER_113_151,VPWR,li1,75.4400,318.2400,1.799805
FILLER_113_122,VPWR,li1,62.5600,318.2400,1.799831
FILLER_113_106,VPWR,li1,55.6600,318.2400,1.799848
FILLER_113_98,VPWR,li1,50.8300,318.2400,1.799862
FILLER_113_77,VPWR,li1,41.6300,318.2400,1.799892
FILLER_113_69,VPWR,li1,39.1000,318.2400,1.799904
FILLER_113_57,VPWR,li1,34.5000,318.2400,1.799917
FILLER_113_55,VPWR,li1,31.0500,318.2400,1.799933
FILLER_113_51,VPWR,li1,29.9000,318.2400,1.799933
FILLER_113_39,VPWR,li1,26.2200,318.2400,1.799946
FILLER_113_27,VPWR,li1,20.7000,318.2400,1.799965
FILLER_113_15,VPWR,li1,15.1800,318.2400,1.799965
FILLER_113_3,VPWR,li1,9.6600,318.2400,1.799964
FILLER_112_821,VPWR,li1,383.8700,318.2400,1.799933
FILLER_112_813,VPWR,li1,381.3400,318.2400,1.799933
FILLER_112_811,VPWR,li1,378.8100,318.2400,1.799933
FILLER_112_805,VPWR,li1,377.2000,318.2400,1.799933
FILLER_112_793,VPWR,li1,373.0600,318.2400,1.799933
FILLER_112_781,VPWR,li1,367.5400,318.2400,1.799933
FILLER_112_769,VPWR,li1,362.0200,318.2400,1.799933
FILLER_112_757,VPWR,li1,356.5000,318.2400,1.799933
FILLER_112_750,VPWR,li1,351.9000,318.2400,1.799933
FILLER_112_738,VPWR,li1,347.7600,318.2400,1.799933
FILLER_112_726,VPWR,li1,342.2400,318.2400,1.799933
FILLER_112_713,VPWR,li1,333.7300,318.2400,1.799937
FILLER_112_701,VPWR,li1,330.7400,318.2400,1.799939
FILLER_112_696,VPWR,li1,326.6000,318.2400,1.799930
FILLER_112_684,VPWR,li1,322.9200,318.2400,1.799917
FILLER_112_672,VPWR,li1,317.4000,318.2400,1.799888
FILLER_112_660,VPWR,li1,311.8800,318.2400,1.799867
FILLER_112_648,VPWR,li1,303.8300,318.2400,1.799835
FILLER_112_635,VPWR,li1,298.5400,318.2400,1.799817
FILLER_112_599,VPWR,li1,281.2900,318.2400,1.799771
FILLER_112_585,VPWR,li1,275.3100,318.2400,1.799763
FILLER_112_577,VPWR,li1,272.7800,318.2400,1.799757
FILLER_112_533,VPWR,li1,251.3900,318.2400,1.799735
FILLER_112_530,VPWR,li1,249.7800,318.2400,1.799735
FILLER_112_522,VPWR,li1,247.4800,318.2400,1.799735
FILLER_112_497,VPWR,li1,234.3700,318.2400,1.799732
FILLER_112_484,VPWR,li1,228.3900,318.2400,1.799732
FILLER_112_460,VPWR,li1,217.8100,318.2400,1.799742
FILLER_112_448,VPWR,li1,214.3600,318.2400,1.799746
FILLER_112_433,VPWR,li1,205.3900,318.2400,1.799774
FILLER_112_421,VPWR,li1,201.9400,318.2400,1.799792
FILLER_112_419,VPWR,li1,198.4900,318.2400,1.799810
FILLER_112_413,VPWR,li1,196.1900,318.2400,1.799824
FILLER_112_401,VPWR,li1,192.7400,318.2400,1.799832
FILLER_112_389,VPWR,li1,187.2200,318.2400,1.799858
FILLER_112_377,VPWR,li1,181.7000,318.2400,1.799887
FILLER_112_365,VPWR,li1,176.1800,318.2400,1.799915
FILLER_112_358,VPWR,li1,171.5800,318.2400,1.799902
FILLER_112_347,VPWR,li1,165.3700,318.2400,1.799881
FILLER_112_332,VPWR,li1,159.6200,318.2400,1.799861
FILLER_112_309,VPWR,li1,148.3500,318.2400,1.799834
FILLER_112_302,VPWR,li1,145.8200,318.2400,1.799831
FILLER_112_293,VPWR,li1,140.7600,318.2400,1.799826
FILLER_112_285,VPWR,li1,138.4600,318.2400,1.799823
FILLER_112_273,VPWR,li1,133.8600,318.2400,1.799817
FILLER_112_265,VPWR,li1,127.6500,318.2400,1.799811
FILLER_112_253,VPWR,li1,124.6600,318.2400,1.799809
FILLER_112_251,VPWR,li1,121.2100,318.2400,1.799804
FILLER_112_242,VPWR,li1,117.5300,318.2400,1.799803
FILLER_112_236,VPWR,li1,114.3100,318.2400,1.799802
FILLER_112_224,VPWR,li1,111.3200,318.2400,1.799801
FILLER_112_212,VPWR,li1,105.8000,318.2400,1.799799
FILLER_112_201,VPWR,li1,98.4400,318.2400,1.799797
FILLER_112_174,VPWR,li1,85.7900,318.2400,1.799799
FILLER_112_154,VPWR,li1,76.8200,318.2400,1.799803
FILLER_112_132,VPWR,li1,66.4700,318.2400,1.799820
FILLER_112_111,VPWR,li1,56.8100,318.2400,1.799848
FILLER_112_99,VPWR,li1,53.8200,318.2400,1.799857
FILLER_112_89,VPWR,li1,46.6900,318.2400,1.799879
FILLER_112_85,VPWR,li1,45.5400,318.2400,1.799879
FILLER_112_65,VPWR,li1,38.1800,318.2400,1.799904
FILLER_112_53,VPWR,li1,32.6600,318.2400,1.799923
FILLER_112_41,VPWR,li1,27.1400,318.2400,1.799946
FILLER_112_29,VPWR,li1,21.6200,318.2400,1.799965
FILLER_112_26,VPWR,li1,17.9400,318.2400,1.799965
FILLER_112_18,VPWR,li1,15.6400,318.2400,1.799965
FILLER_112_6,VPWR,li1,11.0400,318.2400,1.799964
FILLER_111_821,VPWR,li1,383.8700,312.8000,1.799960
FILLER_111_809,VPWR,li1,380.4200,312.8000,1.799960
FILLER_111_797,VPWR,li1,374.9000,312.8000,1.799960
FILLER_111_785,VPWR,li1,369.3800,312.8000,1.799960
FILLER_111_783,VPWR,li1,365.9300,312.8000,1.799960
FILLER_111_777,VPWR,li1,364.3200,312.8000,1.799960
FILLER_111_765,VPWR,li1,360.1800,312.8000,1.799960
FILLER_111_753,VPWR,li1,354.6600,312.8000,1.799960
FILLER_111_741,VPWR,li1,349.1400,312.8000,1.799960
FILLER_111_729,VPWR,li1,343.6200,312.8000,1.799960
FILLER_111_724,VPWR,li1,339.4800,312.8000,1.799960
FILLER_111_712,VPWR,li1,335.8000,312.8000,1.799961
FILLER_111_700,VPWR,li1,330.2800,312.8000,1.799963
FILLER_111_683,VPWR,li1,321.5400,312.8000,1.799942
FILLER_111_668,VPWR,li1,313.0300,312.8000,1.799919
FILLER_111_664,VPWR,li1,311.8800,312.8000,1.799919
FILLER_111_636,VPWR,li1,299.0000,312.8000,1.799893
FILLER_111_624,VPWR,li1,295.3200,312.8000,1.799889
FILLER_111_614,VPWR,li1,288.4200,312.8000,1.799880
FILLER_111_610,VPWR,li1,286.3500,312.8000,1.799877
FILLER_111_602,VPWR,li1,284.2800,312.8000,1.799873
FILLER_111_587,VPWR,li1,278.3000,312.8000,1.799867
FILLER_111_575,VPWR,li1,272.7800,312.8000,1.799860
FILLER_111_565,VPWR,li1,265.6500,312.8000,1.799853
FILLER_111_561,VPWR,li1,264.5000,312.8000,1.799852
FILLER_111_554,VPWR,li1,261.7400,312.8000,1.799850
FILLER_111_542,VPWR,li1,257.6000,312.8000,1.799846
FILLER_111_503,VPWR,li1,237.1300,312.8000,1.799831
FILLER_111_499,VPWR,li1,235.9800,312.8000,1.799831
FILLER_111_487,VPWR,li1,232.3000,312.8000,1.799829
FILLER_111_447,VPWR,li1,211.3700,312.8000,1.799836
FILLER_111_441,VPWR,li1,209.7600,312.8000,1.799836
FILLER_111_429,VPWR,li1,205.6200,312.8000,1.799842
FILLER_111_393,VPWR,li1,189.0600,312.8000,1.799871
FILLER_111_384,VPWR,li1,182.3900,312.8000,1.799887
FILLER_111_355,VPWR,li1,169.0500,312.8000,1.799892
FILLER_111_351,VPWR,li1,167.9000,312.8000,1.799892
FILLER_111_337,VPWR,li1,162.3800,312.8000,1.799871
FILLER_111_324,VPWR,li1,157.3200,312.8000,1.799847
FILLER_111_316,VPWR,li1,151.1100,312.8000,1.799830
FILLER_111_302,VPWR,li1,144.6700,312.8000,1.799804
FILLER_111_285,VPWR,li1,136.8500,312.8000,1.799785
FILLER_111_281,VPWR,li1,135.7000,312.8000,1.799779
FILLER_111_251,VPWR,li1,121.9000,312.8000,1.799764
FILLER_111_232,VPWR,li1,112.9300,312.8000,1.799771
FILLER_111_225,VPWR,li1,109.9400,312.8000,1.799773
FILLER_111_218,VPWR,li1,107.1800,312.8000,1.799775
FILLER_111_206,VPWR,li1,103.0400,312.8000,1.799778
FILLER_111_194,VPWR,li1,97.5200,312.8000,1.799787
FILLER_111_183,VPWR,li1,91.5400,312.8000,1.799796
FILLER_111_173,VPWR,li1,85.3300,312.8000,1.799810
FILLER_111_169,VPWR,li1,84.1800,312.8000,1.799810
FILLER_111_167,VPWR,li1,82.5700,312.8000,1.799816
FILLER_111_161,VPWR,li1,80.0400,312.8000,1.799821
FILLER_111_149,VPWR,li1,76.8200,312.8000,1.799825
FILLER_111_136,VPWR,li1,68.3100,312.8000,1.799845
FILLER_111_124,VPWR,li1,65.3200,312.8000,1.799851
FILLER_111_113,VPWR,li1,58.4200,312.8000,1.799868
FILLER_111_106,VPWR,li1,55.6600,312.8000,1.799876
FILLER_111_94,VPWR,li1,51.5200,312.8000,1.799887
FILLER_111_81,VPWR,li1,44.1600,312.8000,1.799908
FILLER_111_69,VPWR,li1,40.0200,312.8000,1.799919
FILLER_111_57,VPWR,li1,34.5000,312.8000,1.799935
FILLER_111_54,VPWR,li1,30.8200,312.8000,1.799945
FILLER_111_42,VPWR,li1,27.6000,312.8000,1.799956
FILLER_111_30,VPWR,li1,22.0800,312.8000,1.799971
FILLER_111_18,VPWR,li1,16.5600,312.8000,1.799971
FILLER_111_6,VPWR,li1,11.0400,312.8000,1.799971
FILLER_110_821,VPWR,li1,383.8700,312.8000,1.799960
FILLER_110_813,VPWR,li1,381.3400,312.8000,1.799960
FILLER_110_811,VPWR,li1,378.8100,312.8000,1.799960
FILLER_110_805,VPWR,li1,377.2000,312.8000,1.799960
FILLER_110_793,VPWR,li1,373.0600,312.8000,1.799960
FILLER_110_781,VPWR,li1,367.5400,312.8000,1.799960
FILLER_110_769,VPWR,li1,362.0200,312.8000,1.799960
FILLER_110_757,VPWR,li1,356.5000,312.8000,1.799960
FILLER_110_755,VPWR,li1,353.0500,312.8000,1.799960
FILLER_110_747,VPWR,li1,350.9800,312.8000,1.799960
FILLER_110_735,VPWR,li1,346.3800,312.8000,1.799960
FILLER_110_712,VPWR,li1,333.2700,312.8000,1.799962
FILLER_110_708,VPWR,li1,332.1200,312.8000,1.799962
FILLER_110_699,VPWR,li1,327.2900,312.8000,1.799957
FILLER_110_660,VPWR,li1,309.3500,312.8000,1.799913
FILLER_110_652,VPWR,li1,307.2800,312.8000,1.799909
FILLER_110_643,VPWR,li1,301.5300,312.8000,1.799897
FILLER_110_639,VPWR,li1,300.3800,312.8000,1.799897
FILLER_110_621,VPWR,li1,292.1000,312.8000,1.799883
FILLER_110_609,VPWR,li1,288.4200,312.8000,1.799880
FILLER_110_589,VPWR,li1,276.6900,312.8000,1.799864
FILLER_110_587,VPWR,li1,275.7700,312.8000,1.799862
FILLER_110_581,VPWR,li1,274.1600,312.8000,1.799862
FILLER_110_565,VPWR,li1,266.1100,312.8000,1.799853
FILLER_110_557,VPWR,li1,263.5800,312.8000,1.799852
FILLER_110_545,VPWR,li1,258.9800,312.8000,1.799846
FILLER_110_533,VPWR,li1,253.4600,312.8000,1.799841
FILLER_110_528,VPWR,li1,249.3200,312.8000,1.799839
FILLER_110_516,VPWR,li1,245.6400,312.8000,1.799836
FILLER_110_501,VPWR,li1,236.2100,312.8000,1.799831
FILLER_110_489,VPWR,li1,233.2200,312.8000,1.799829
FILLER_110_477,VPWR,li1,227.7000,312.8000,1.799827
FILLER_110_474,VPWR,li1,224.0200,312.8000,1.799827
FILLER_110_462,VPWR,li1,220.8000,312.8000,1.799828
FILLER_110_453,VPWR,li1,215.2800,312.8000,1.799832
FILLER_110_437,VPWR,li1,207.9200,312.8000,1.799838
FILLER_110_425,VPWR,li1,203.7800,312.8000,1.799844
FILLER_110_419,VPWR,li1,198.4900,312.8000,1.799852
FILLER_110_407,VPWR,li1,193.2000,312.8000,1.799863
FILLER_110_395,VPWR,li1,189.9800,312.8000,1.799871
FILLER_110_386,VPWR,li1,183.5400,312.8000,1.799887
FILLER_110_379,VPWR,li1,180.0900,312.8000,1.799894
FILLER_110_375,VPWR,li1,178.9400,312.8000,1.799905
FILLER_110_365,VPWR,li1,174.3400,312.8000,1.799917
FILLER_110_359,VPWR,li1,170.8900,312.8000,1.799901
FILLER_110_353,VPWR,li1,169.2800,312.8000,1.799892
FILLER_110_341,VPWR,li1,165.1400,312.8000,1.799882
FILLER_110_331,VPWR,li1,158.2400,312.8000,1.799856
FILLER_110_323,VPWR,li1,155.9400,312.8000,1.799847
FILLER_110_309,VPWR,li1,148.5800,312.8000,1.799821
FILLER_110_304,VPWR,li1,146.2800,312.8000,1.799813
FILLER_110_299,VPWR,li1,143.2900,312.8000,1.799804
FILLER_110_292,VPWR,li1,140.0700,312.8000,1.799794
FILLER_110_280,VPWR,li1,137.0800,312.8000,1.799785
FILLER_110_268,VPWR,li1,131.5600,312.8000,1.799770
FILLER_110_260,VPWR,li1,125.5800,312.8000,1.799763
FILLER_110_251,VPWR,li1,121.2100,312.8000,1.799765
FILLER_110_222,VPWR,li1,109.0200,312.8000,1.799773
FILLER_110_210,VPWR,li1,104.8800,312.8000,1.799776
FILLER_110_197,VPWR,li1,96.6000,312.8000,1.799787
FILLER_110_195,VPWR,li1,95.4500,312.8000,1.799791
FILLER_110_189,VPWR,li1,93.8400,312.8000,1.799791
FILLER_110_177,VPWR,li1,89.7000,312.8000,1.799801
FILLER_110_165,VPWR,li1,84.1800,312.8000,1.799810
FILLER_110_153,VPWR,li1,78.6600,312.8000,1.799821
FILLER_110_141,VPWR,li1,73.1400,312.8000,1.799833
FILLER_110_139,VPWR,li1,69.6900,312.8000,1.799840
FILLER_110_131,VPWR,li1,67.6200,312.8000,1.799845
FILLER_110_119,VPWR,li1,63.0200,312.8000,1.799856
FILLER_110_109,VPWR,li1,56.3500,312.8000,1.799876
FILLER_110_97,VPWR,li1,52.9000,312.8000,1.799887
FILLER_110_85,VPWR,li1,47.3800,312.8000,1.799899
FILLER_110_83,VPWR,li1,43.9300,312.8000,1.799913
FILLER_110_77,VPWR,li1,42.3200,312.8000,1.799913
FILLER_110_65,VPWR,li1,38.1800,312.8000,1.799925
FILLER_110_53,VPWR,li1,32.6600,312.8000,1.799940
FILLER_110_41,VPWR,li1,27.1400,312.8000,1.799956
FILLER_110_29,VPWR,li1,21.6200,312.8000,1.799971
FILLER_110_27,VPWR,li1,18.1700,312.8000,1.799971
FILLER_110_15,VPWR,li1,15.1800,312.8000,1.799971
FILLER_110_3,VPWR,li1,9.6600,312.8000,1.799971
FILLER_109_821,VPWR,li1,383.8700,307.3600,1.799866
FILLER_109_809,VPWR,li1,380.4200,307.3600,1.799866
FILLER_109_797,VPWR,li1,374.9000,307.3600,1.799866
FILLER_109_785,VPWR,li1,369.3800,307.3600,1.799866
FILLER_109_781,VPWR,li1,365.4700,307.3600,1.799866
FILLER_109_773,VPWR,li1,362.9400,307.3600,1.799866
FILLER_109_761,VPWR,li1,358.3400,307.3600,1.799866
FILLER_109_749,VPWR,li1,352.8200,307.3600,1.799866
FILLER_109_737,VPWR,li1,347.3000,307.3600,1.799866
FILLER_109_704,VPWR,li1,329.5900,307.3600,1.799886
FILLER_109_698,VPWR,li1,327.9800,307.3600,1.799892
FILLER_109_685,VPWR,li1,321.5400,307.3600,1.799836
FILLER_109_673,VPWR,li1,317.8600,307.3600,1.799812
FILLER_109_666,VPWR,li1,312.1100,307.3600,1.799765
FILLER_109_654,VPWR,li1,309.1200,307.3600,1.799750
FILLER_109_617,VPWR,li1,290.7200,307.3600,1.799657
FILLER_109_613,VPWR,li1,288.1900,307.3600,1.799654
FILLER_109_561,VPWR,li1,263.8100,307.3600,1.799639
FILLER_109_559,VPWR,li1,262.8900,307.3600,1.799639
FILLER_109_538,VPWR,li1,253.4600,307.3600,1.799639
FILLER_109_530,VPWR,li1,251.1600,307.3600,1.799640
FILLER_109_489,VPWR,li1,232.3000,307.3600,1.799647
FILLER_109_474,VPWR,li1,224.2500,307.3600,1.799673
FILLER_109_461,VPWR,li1,218.9600,307.3600,1.799697
FILLER_109_449,VPWR,li1,214.8200,307.3600,1.799721
FILLER_109_444,VPWR,li1,210.6800,307.3600,1.799748
FILLER_109_432,VPWR,li1,207.0000,307.3600,1.799758
FILLER_109_420,VPWR,li1,201.4800,307.3600,1.799797
FILLER_109_407,VPWR,li1,193.6600,307.3600,1.799830
FILLER_109_399,VPWR,li1,189.2900,307.3600,1.799854
FILLER_109_393,VPWR,li1,187.6800,307.3600,1.799865
FILLER_109_388,VPWR,li1,184.2300,307.3600,1.799891
FILLER_109_382,VPWR,li1,182.6200,307.3600,1.799891
FILLER_109_370,VPWR,li1,178.4800,307.3600,1.799919
FILLER_109_350,VPWR,li1,166.7500,307.3600,1.799919
FILLER_109_337,VPWR,li1,160.7700,307.3600,1.799911
FILLER_109_317,VPWR,li1,154.1000,307.3600,1.799905
FILLER_109_305,VPWR,li1,148.5800,307.3600,1.799902
FILLER_109_293,VPWR,li1,143.0600,307.3600,1.799900
FILLER_109_281,VPWR,li1,137.5400,307.3600,1.799898
FILLER_109_279,VPWR,li1,134.0900,307.3600,1.799897
FILLER_109_271,VPWR,li1,132.0200,307.3600,1.799896
FILLER_109_259,VPWR,li1,127.4200,307.3600,1.799895
FILLER_109_244,VPWR,li1,117.9900,307.3600,1.799892
FILLER_109_236,VPWR,li1,115.9200,307.3600,1.799892
FILLER_109_230,VPWR,li1,111.7800,307.3600,1.799891
FILLER_109_225,VPWR,li1,109.7100,307.3600,1.799891
FILLER_109_218,VPWR,li1,107.1800,307.3600,1.799890
FILLER_109_214,VPWR,li1,104.1900,307.3600,1.799890
FILLER_109_202,VPWR,li1,101.2000,307.3600,1.799890
FILLER_109_189,VPWR,li1,93.1500,307.3600,1.799890
FILLER_109_181,VPWR,li1,90.6200,307.3600,1.799891
FILLER_109_169,VPWR,li1,86.0200,307.3600,1.799894
FILLER_109_167,VPWR,li1,82.5700,307.3600,1.799896
FILLER_109_163,VPWR,li1,80.7300,307.3600,1.799897
FILLER_109_155,VPWR,li1,78.6600,307.3600,1.799899
FILLER_109_143,VPWR,li1,74.0600,307.3600,1.799904
FILLER_109_131,VPWR,li1,68.5400,307.3600,1.799909
FILLER_109_119,VPWR,li1,63.0200,307.3600,1.799915
FILLER_109_101,VPWR,li1,52.9000,307.3600,1.799928
FILLER_109_77,VPWR,li1,41.1700,307.3600,1.799946
FILLER_109_69,VPWR,li1,39.1000,307.3600,1.799951
FILLER_109_57,VPWR,li1,34.5000,307.3600,1.799958
FILLER_109_55,VPWR,li1,31.0500,307.3600,1.799966
FILLER_109_51,VPWR,li1,29.9000,307.3600,1.799966
FILLER_109_39,VPWR,li1,26.2200,307.3600,1.799973
FILLER_109_27,VPWR,li1,20.7000,307.3600,1.799982
FILLER_109_15,VPWR,li1,15.1800,307.3600,1.799982
FILLER_109_3,VPWR,li1,9.6600,307.3600,1.799982
FILLER_108_821,VPWR,li1,383.8700,307.3600,1.799866
FILLER_108_813,VPWR,li1,381.3400,307.3600,1.799866
FILLER_108_811,VPWR,li1,378.8100,307.3600,1.799866
FILLER_108_805,VPWR,li1,377.2000,307.3600,1.799866
FILLER_108_793,VPWR,li1,373.0600,307.3600,1.799866
FILLER_108_781,VPWR,li1,367.5400,307.3600,1.799866
FILLER_108_769,VPWR,li1,362.0200,307.3600,1.799866
FILLER_108_757,VPWR,li1,356.5000,307.3600,1.799866
FILLER_108_753,VPWR,li1,352.5900,307.3600,1.799866
FILLER_108_741,VPWR,li1,349.1400,307.3600,1.799866
FILLER_108_729,VPWR,li1,343.6200,307.3600,1.799866
FILLER_108_713,VPWR,li1,333.9600,307.3600,1.799872
FILLER_108_701,VPWR,li1,330.7400,307.3600,1.799886
FILLER_108_699,VPWR,li1,327.2900,307.3600,1.799879
FILLER_108_695,VPWR,li1,326.1400,307.3600,1.799879
FILLER_108_688,VPWR,li1,322.4600,307.3600,1.799853
FILLER_108_680,VPWR,li1,320.1600,307.3600,1.799836
FILLER_108_665,VPWR,li1,311.6500,307.3600,1.799765
FILLER_108_643,VPWR,li1,301.5300,307.3600,1.799701
FILLER_108_620,VPWR,li1,291.4100,307.3600,1.799659
FILLER_108_611,VPWR,li1,287.0400,307.3600,1.799654
FILLER_108_603,VPWR,li1,283.1300,307.3600,1.799650
FILLER_108_587,VPWR,li1,275.7700,307.3600,1.799644
FILLER_108_581,VPWR,li1,274.1600,307.3600,1.799644
FILLER_108_574,VPWR,li1,270.2500,307.3600,1.799641
FILLER_108_561,VPWR,li1,264.5000,307.3600,1.799639
FILLER_108_538,VPWR,li1,253.4600,307.3600,1.799639
FILLER_108_524,VPWR,li1,247.4800,307.3600,1.799641
FILLER_108_512,VPWR,li1,243.8000,307.3600,1.799642
FILLER_108_501,VPWR,li1,236.2100,307.3600,1.799645
FILLER_108_474,VPWR,li1,224.0200,307.3600,1.799673
FILLER_108_466,VPWR,li1,220.1100,307.3600,1.799697
FILLER_108_457,VPWR,li1,217.1200,307.3600,1.799706
FILLER_108_444,VPWR,li1,211.1400,307.3600,1.799737
FILLER_108_421,VPWR,li1,199.8700,307.3600,1.799797
FILLER_108_416,VPWR,li1,197.8000,307.3600,1.799808
FILLER_108_392,VPWR,li1,187.2200,307.3600,1.799865
FILLER_108_380,VPWR,li1,183.0800,307.3600,1.799891
FILLER_108_368,VPWR,li1,177.5600,307.3600,1.799919
FILLER_108_359,VPWR,li1,170.8900,307.3600,1.799924
FILLER_108_355,VPWR,li1,169.0500,307.3600,1.799922
FILLER_108_342,VPWR,li1,164.6800,307.3600,1.799917
FILLER_108_322,VPWR,li1,154.5600,307.3600,1.799905
FILLER_108_302,VPWR,li1,145.8200,307.3600,1.799901
FILLER_108_290,VPWR,li1,141.6800,307.3600,1.799900
FILLER_108_278,VPWR,li1,136.1600,307.3600,1.799898
FILLER_108_273,VPWR,li1,131.5600,307.3600,1.799896
FILLER_108_265,VPWR,li1,129.2600,307.3600,1.799896
FILLER_108_253,VPWR,li1,124.6600,307.3600,1.799894
FILLER_108_247,VPWR,li1,119.6000,307.3600,1.799892
FILLER_108_239,VPWR,li1,117.3000,307.3600,1.799892
FILLER_108_227,VPWR,li1,112.7000,307.3600,1.799891
FILLER_108_205,VPWR,li1,100.0500,307.3600,1.799890
FILLER_108_197,VPWR,li1,97.9800,307.3600,1.799890
FILLER_108_193,VPWR,li1,94.9900,307.3600,1.799890
FILLER_108_174,VPWR,li1,86.0200,307.3600,1.799894
FILLER_108_149,VPWR,li1,74.9800,307.3600,1.799902
FILLER_108_141,VPWR,li1,70.6100,307.3600,1.799906
FILLER_108_128,VPWR,li1,66.2400,307.3600,1.799911
FILLER_108_113,VPWR,li1,60.2600,307.3600,1.799919
FILLER_108_102,VPWR,li1,53.8200,307.3600,1.799928
FILLER_108_89,VPWR,li1,46.6900,307.3600,1.799939
FILLER_108_83,VPWR,li1,43.9300,307.3600,1.799943
FILLER_108_77,VPWR,li1,42.3200,307.3600,1.799946
FILLER_108_65,VPWR,li1,38.1800,307.3600,1.799951
FILLER_108_53,VPWR,li1,32.6600,307.3600,1.799961
FILLER_108_41,VPWR,li1,27.1400,307.3600,1.799973
FILLER_108_29,VPWR,li1,21.6200,307.3600,1.799982
FILLER_108_27,VPWR,li1,18.1700,307.3600,1.799982
FILLER_108_15,VPWR,li1,15.1800,307.3600,1.799982
FILLER_108_3,VPWR,li1,9.6600,307.3600,1.799982
FILLER_107_821,VPWR,li1,383.8700,301.9200,1.799977
FILLER_107_809,VPWR,li1,380.4200,301.9200,1.799977
FILLER_107_797,VPWR,li1,374.9000,301.9200,1.799977
FILLER_107_785,VPWR,li1,369.3800,301.9200,1.799977
FILLER_107_783,VPWR,li1,365.9300,301.9200,1.799977
FILLER_107_777,VPWR,li1,364.3200,301.9200,1.799977
FILLER_107_765,VPWR,li1,360.1800,301.9200,1.799977
FILLER_107_753,VPWR,li1,354.6600,301.9200,1.799977
FILLER_107_741,VPWR,li1,349.1400,301.9200,1.799977
FILLER_107_729,VPWR,li1,343.6200,301.9200,1.799977
FILLER_107_724,VPWR,li1,339.4800,301.9200,1.799977
FILLER_107_716,VPWR,li1,335.3400,301.9200,1.799977
FILLER_107_704,VPWR,li1,332.1200,301.9200,1.799978
FILLER_107_680,VPWR,li1,318.7800,301.9200,1.799958
FILLER_107_671,VPWR,li1,314.4100,301.9200,1.799950
FILLER_107_662,VPWR,li1,310.2700,301.9200,1.799942
FILLER_107_644,VPWR,li1,302.6800,301.9200,1.799930
FILLER_107_638,VPWR,li1,299.4600,301.9200,1.799924
FILLER_107_631,VPWR,li1,296.7000,301.9200,1.799921
FILLER_107_617,VPWR,li1,290.0300,301.9200,1.799913
FILLER_107_613,VPWR,li1,288.1900,301.9200,1.799911
FILLER_107_601,VPWR,li1,282.2100,301.9200,1.799904
FILLER_107_597,VPWR,li1,281.0600,301.9200,1.799901
FILLER_107_585,VPWR,li1,277.3800,301.9200,1.799898
FILLER_107_573,VPWR,li1,271.8600,301.9200,1.799894
FILLER_107_561,VPWR,li1,266.3400,301.9200,1.799889
FILLER_107_559,VPWR,li1,262.8900,301.9200,1.799886
FILLER_107_553,VPWR,li1,261.2800,301.9200,1.799885
FILLER_107_529,VPWR,li1,250.2400,301.9200,1.799878
FILLER_107_517,VPWR,li1,244.2600,301.9200,1.799876
FILLER_107_505,VPWR,li1,240.5800,301.9200,1.799874
FILLER_107_501,VPWR,li1,236.6700,301.9200,1.799873
FILLER_107_489,VPWR,li1,233.2200,301.9200,1.799873
FILLER_107_482,VPWR,li1,227.7000,301.9200,1.799872
FILLER_107_459,VPWR,li1,219.4200,301.9200,1.799877
FILLER_107_438,VPWR,li1,207.6900,301.9200,1.799891
FILLER_107_416,VPWR,li1,197.5700,301.9200,1.799908
FILLER_107_408,VPWR,li1,195.0400,301.9200,1.799915
FILLER_107_393,VPWR,li1,186.5300,301.9200,1.799928
FILLER_107_386,VPWR,li1,183.7700,301.9200,1.799932
FILLER_107_373,VPWR,li1,177.3300,301.9200,1.799947
FILLER_107_367,VPWR,li1,175.7200,301.9200,1.799951
FILLER_107_355,VPWR,li1,171.5800,301.9200,1.799943
FILLER_107_343,VPWR,li1,166.0600,301.9200,1.799929
FILLER_107_334,VPWR,li1,159.6200,301.9200,1.799917
FILLER_107_325,VPWR,li1,155.7100,301.9200,1.799909
FILLER_107_317,VPWR,li1,153.1800,301.9200,1.799904
FILLER_107_311,VPWR,li1,148.8100,301.9200,1.799896
FILLER_107_303,VPWR,li1,146.7400,301.9200,1.799892
FILLER_107_262,VPWR,li1,127.4200,301.9200,1.799864
FILLER_107_256,VPWR,li1,123.5100,301.9200,1.799860
FILLER_107_252,VPWR,li1,122.3600,301.9200,1.799860
FILLER_107_244,VPWR,li1,118.6800,301.9200,1.799858
FILLER_107_216,VPWR,li1,105.1100,301.9200,1.799859
FILLER_107_211,VPWR,li1,103.0400,301.9200,1.799860
FILLER_107_199,VPWR,li1,99.8200,301.9200,1.799861
FILLER_107_184,VPWR,li1,90.6200,301.9200,1.799869
FILLER_107_172,VPWR,li1,87.4000,301.9200,1.799872
FILLER_107_167,VPWR,li1,82.5700,301.9200,1.799879
FILLER_107_160,VPWR,li1,79.3500,301.9200,1.799882
FILLER_107_154,VPWR,li1,77.7400,301.9200,1.799882
FILLER_107_142,VPWR,li1,72.2200,301.9200,1.799889
FILLER_107_111,VPWR,li1,56.8100,301.9200,1.799911
FILLER_107_105,VPWR,li1,55.2000,301.9200,1.799914
FILLER_107_97,VPWR,li1,50.3700,301.9200,1.799924
FILLER_107_93,VPWR,li1,49.2200,301.9200,1.799924
FILLER_107_81,VPWR,li1,45.5400,301.9200,1.799934
FILLER_107_69,VPWR,li1,40.0200,301.9200,1.799942
FILLER_107_57,VPWR,li1,34.5000,301.9200,1.799953
FILLER_107_55,VPWR,li1,31.0500,301.9200,1.799962
FILLER_107_51,VPWR,li1,29.9000,301.9200,1.799962
FILLER_107_39,VPWR,li1,26.2200,301.9200,1.799969
FILLER_107_27,VPWR,li1,20.7000,301.9200,1.799980
FILLER_107_15,VPWR,li1,15.1800,301.9200,1.799979
FILLER_107_3,VPWR,li1,9.6600,301.9200,1.799979
FILLER_106_821,VPWR,li1,383.8700,301.9200,1.799977
FILLER_106_813,VPWR,li1,381.3400,301.9200,1.799977
FILLER_106_811,VPWR,li1,378.8100,301.9200,1.799977
FILLER_106_805,VPWR,li1,377.2000,301.9200,1.799977
FILLER_106_793,VPWR,li1,373.0600,301.9200,1.799977
FILLER_106_781,VPWR,li1,367.5400,301.9200,1.799977
FILLER_106_769,VPWR,li1,362.0200,301.9200,1.799977
FILLER_106_757,VPWR,li1,356.5000,301.9200,1.799977
FILLER_106_755,VPWR,li1,353.0500,301.9200,1.799977
FILLER_106_749,VPWR,li1,351.4400,301.9200,1.799977
FILLER_106_737,VPWR,li1,347.3000,301.9200,1.799977
FILLER_106_725,VPWR,li1,341.7800,301.9200,1.799977
FILLER_106_713,VPWR,li1,336.2600,301.9200,1.799977
FILLER_106_701,VPWR,li1,330.7400,301.9200,1.799978
FILLER_106_697,VPWR,li1,326.8300,301.9200,1.799973
FILLER_106_685,VPWR,li1,323.3800,301.9200,1.799966
FILLER_106_673,VPWR,li1,317.8600,301.9200,1.799954
FILLER_106_661,VPWR,li1,312.3400,301.9200,1.799946
FILLER_106_645,VPWR,li1,302.9100,301.9200,1.799930
FILLER_106_643,VPWR,li1,301.5300,301.9200,1.799927
FILLER_106_639,VPWR,li1,299.6900,301.9200,1.799924
FILLER_106_632,VPWR,li1,297.1600,301.9200,1.799921
FILLER_106_620,VPWR,li1,293.4800,301.9200,1.799915
FILLER_106_608,VPWR,li1,287.9600,301.9200,1.799909
FILLER_106_598,VPWR,li1,281.9800,301.9200,1.799904
FILLER_106_587,VPWR,li1,275.7700,301.9200,1.799896
FILLER_106_581,VPWR,li1,274.1600,301.9200,1.799896
FILLER_106_569,VPWR,li1,270.0200,301.9200,1.799893
FILLER_106_545,VPWR,li1,257.6000,301.9200,1.799882
FILLER_106_533,VPWR,li1,253.4600,301.9200,1.799879
FILLER_106_530,VPWR,li1,249.7800,301.9200,1.799878
FILLER_106_512,VPWR,li1,241.9600,301.9200,1.799874
FILLER_106_503,VPWR,li1,238.2800,301.9200,1.799874
FILLER_106_494,VPWR,li1,234.1400,301.9200,1.799873
FILLER_106_477,VPWR,li1,225.1700,301.9200,1.799872
FILLER_106_464,VPWR,li1,221.7200,301.9200,1.799875
FILLER_106_452,VPWR,li1,216.2000,301.9200,1.799880
FILLER_106_445,VPWR,li1,211.1400,301.9200,1.799887
FILLER_106_433,VPWR,li1,207.4600,301.9200,1.799891
FILLER_106_421,VPWR,li1,201.9400,301.9200,1.799900
FILLER_106_419,VPWR,li1,198.4900,301.9200,1.799908
FILLER_106_415,VPWR,li1,197.3400,301.9200,1.799911
FILLER_106_403,VPWR,li1,193.6600,301.9200,1.799915
FILLER_106_395,VPWR,li1,187.9100,301.9200,1.799925
FILLER_106_387,VPWR,li1,185.3800,301.9200,1.799932
FILLER_106_377,VPWR,li1,179.8600,301.9200,1.799942
FILLER_106_365,VPWR,li1,176.1800,301.9200,1.799951
FILLER_106_361,VPWR,li1,172.2700,301.9200,1.799943
FILLER_106_353,VPWR,li1,169.7400,301.9200,1.799939
FILLER_106_341,VPWR,li1,165.1400,301.9200,1.799929
FILLER_106_337,VPWR,li1,160.7700,301.9200,1.799917
FILLER_106_328,VPWR,li1,157.3200,301.9200,1.799909
FILLER_106_316,VPWR,li1,153.6400,301.9200,1.799904
FILLER_106_305,VPWR,li1,146.5100,301.9200,1.799892
FILLER_106_297,VPWR,li1,143.9800,301.9200,1.799887
FILLER_106_287,VPWR,li1,138.4600,301.9200,1.799879
FILLER_106_279,VPWR,li1,134.0900,301.9200,1.799873
FILLER_106_275,VPWR,li1,132.2500,301.9200,1.799870
FILLER_106_267,VPWR,li1,130.1800,301.9200,1.799867
FILLER_106_253,VPWR,li1,122.1300,301.9200,1.799859
FILLER_106_251,VPWR,li1,121.2100,301.9200,1.799859
FILLER_106_237,VPWR,li1,114.7700,301.9200,1.799858
FILLER_106_233,VPWR,li1,113.6200,301.9200,1.799858
FILLER_106_226,VPWR,li1,109.7100,301.9200,1.799858
FILLER_106_222,VPWR,li1,108.5600,301.9200,1.799858
FILLER_106_210,VPWR,li1,104.8800,301.9200,1.799859
FILLER_106_190,VPWR,li1,93.3800,301.9200,1.799865
FILLER_106_178,VPWR,li1,90.1600,301.9200,1.799869
FILLER_106_166,VPWR,li1,84.6400,301.9200,1.799876
FILLER_106_154,VPWR,li1,79.1200,301.9200,1.799882
FILLER_106_141,VPWR,li1,72.2200,301.9200,1.799889
FILLER_106_132,VPWR,li1,68.0800,301.9200,1.799895
FILLER_106_110,VPWR,li1,57.9600,301.9200,1.799911
FILLER_106_85,VPWR,li1,45.3100,301.9200,1.799934
FILLER_106_83,VPWR,li1,43.9300,301.9200,1.799938
FILLER_106_77,VPWR,li1,42.3200,301.9200,1.799938
FILLER_106_65,VPWR,li1,38.1800,301.9200,1.799946
FILLER_106_53,VPWR,li1,32.6600,301.9200,1.799956
FILLER_106_41,VPWR,li1,27.1400,301.9200,1.799969
FILLER_106_29,VPWR,li1,21.6200,301.9200,1.799980
FILLER_106_25,VPWR,li1,17.7100,301.9200,1.799980
FILLER_106_13,VPWR,li1,14.2600,301.9200,1.799979
FILLER_105_821,VPWR,li1,383.8700,296.4800,1.799986
FILLER_105_809,VPWR,li1,380.4200,296.4800,1.799986
FILLER_105_797,VPWR,li1,374.9000,296.4800,1.799986
FILLER_105_785,VPWR,li1,369.3800,296.4800,1.799986
FILLER_105_783,VPWR,li1,365.9300,296.4800,1.799986
FILLER_105_777,VPWR,li1,364.3200,296.4800,1.799986
FILLER_105_765,VPWR,li1,360.1800,296.4800,1.799986
FILLER_105_753,VPWR,li1,354.6600,296.4800,1.799986
FILLER_105_741,VPWR,li1,349.1400,296.4800,1.799986
FILLER_105_729,VPWR,li1,343.6200,296.4800,1.799986
FILLER_105_727,VPWR,li1,340.1700,296.4800,1.799986
FILLER_105_721,VPWR,li1,338.5600,296.4800,1.799986
FILLER_105_709,VPWR,li1,334.4200,296.4800,1.799986
FILLER_105_697,VPWR,li1,328.9000,296.4800,1.799986
FILLER_105_685,VPWR,li1,323.3800,296.4800,1.799979
FILLER_105_673,VPWR,li1,317.8600,296.4800,1.799971
FILLER_105_671,VPWR,li1,314.4100,296.4800,1.799965
FILLER_105_667,VPWR,li1,313.2600,296.4800,1.799965
FILLER_105_655,VPWR,li1,309.5800,296.4800,1.799959
FILLER_105_565,VPWR,li1,265.6500,296.4800,1.799906
FILLER_105_561,VPWR,li1,264.5000,296.4800,1.799904
FILLER_105_559,VPWR,li1,262.8900,296.4800,1.799902
FILLER_105_554,VPWR,li1,260.5900,296.4800,1.799900
FILLER_105_547,VPWR,li1,257.3700,296.4800,1.799898
FILLER_105_543,VPWR,li1,256.2200,296.4800,1.799898
FILLER_105_525,VPWR,li1,247.2500,296.4800,1.799892
FILLER_105_502,VPWR,li1,236.9000,296.4800,1.799890
FILLER_105_480,VPWR,li1,226.5500,296.4800,1.799891
FILLER_105_474,VPWR,li1,224.9400,296.4800,1.799891
FILLER_105_462,VPWR,li1,219.8800,296.4800,1.799894
FILLER_105_447,VPWR,li1,211.3700,296.4800,1.799899
FILLER_105_439,VPWR,li1,209.3000,296.4800,1.799900
FILLER_105_431,VPWR,li1,204.2400,296.4800,1.799907
FILLER_105_418,VPWR,li1,198.2600,296.4800,1.799913
FILLER_105_406,VPWR,li1,192.9700,296.4800,1.799919
FILLER_105_398,VPWR,li1,190.4400,296.4800,1.799923
FILLER_105_390,VPWR,li1,185.3800,296.4800,1.799930
FILLER_105_376,VPWR,li1,178.9400,296.4800,1.799942
FILLER_105_364,VPWR,li1,173.1900,296.4800,1.799946
FILLER_105_352,VPWR,li1,170.2000,296.4800,1.799939
FILLER_105_344,VPWR,li1,163.9900,296.4800,1.799928
FILLER_105_327,VPWR,li1,156.6300,296.4800,1.799913
FILLER_105_318,VPWR,li1,152.2600,296.4800,1.799905
FILLER_105_298,VPWR,li1,144.4400,296.4800,1.799894
FILLER_105_286,VPWR,li1,139.8400,296.4800,1.799889
FILLER_105_274,VPWR,li1,132.9400,296.4800,1.799882
FILLER_105_262,VPWR,li1,128.8000,296.4800,1.799879
FILLER_105_247,VPWR,li1,119.6000,296.4800,1.799872
FILLER_105_237,VPWR,li1,115.4600,296.4800,1.799870
FILLER_105_225,VPWR,li1,111.7800,296.4800,1.799869
FILLER_105_222,VPWR,li1,108.1000,296.4800,1.799869
FILLER_105_218,VPWR,li1,106.0300,296.4800,1.799869
FILLER_105_211,VPWR,li1,103.2700,296.4800,1.799869
FILLER_105_203,VPWR,li1,100.7400,296.4800,1.799869
FILLER_105_179,VPWR,li1,89.2400,296.4800,1.799871
FILLER_105_175,VPWR,li1,86.2500,296.4800,1.799873
FILLER_105_169,VPWR,li1,84.6400,296.4800,1.799873
FILLER_105_164,VPWR,li1,81.8800,296.4800,1.799875
FILLER_105_145,VPWR,li1,72.6800,296.4800,1.799882
FILLER_105_133,VPWR,li1,69.4600,296.4800,1.799886
FILLER_105_113,VPWR,li1,57.9600,296.4800,1.799903
FILLER_105_110,VPWR,li1,56.5800,296.4800,1.799903
FILLER_105_99,VPWR,li1,51.2900,296.4800,1.799914
FILLER_105_90,VPWR,li1,47.3800,296.4800,1.799922
FILLER_105_81,VPWR,li1,43.4700,296.4800,1.799930
FILLER_105_69,VPWR,li1,40.0200,296.4800,1.799935
FILLER_105_57,VPWR,li1,34.5000,296.4800,1.799947
FILLER_105_55,VPWR,li1,31.0500,296.4800,1.799957
FILLER_105_51,VPWR,li1,29.9000,296.4800,1.799957
FILLER_105_39,VPWR,li1,26.2200,296.4800,1.799965
FILLER_105_27,VPWR,li1,20.7000,296.4800,1.799977
FILLER_105_15,VPWR,li1,15.1800,296.4800,1.799977
FILLER_105_3,VPWR,li1,9.6600,296.4800,1.799977
FILLER_104_821,VPWR,li1,383.8700,296.4800,1.799986
FILLER_104_813,VPWR,li1,381.3400,296.4800,1.799986
FILLER_104_811,VPWR,li1,378.8100,296.4800,1.799986
FILLER_104_805,VPWR,li1,377.2000,296.4800,1.799986
FILLER_104_793,VPWR,li1,373.0600,296.4800,1.799986
FILLER_104_781,VPWR,li1,367.5400,296.4800,1.799986
FILLER_104_769,VPWR,li1,362.0200,296.4800,1.799986
FILLER_104_757,VPWR,li1,356.5000,296.4800,1.799986
FILLER_104_755,VPWR,li1,353.0500,296.4800,1.799986
FILLER_104_749,VPWR,li1,351.4400,296.4800,1.799986
FILLER_104_737,VPWR,li1,347.3000,296.4800,1.799986
FILLER_104_725,VPWR,li1,341.7800,296.4800,1.799986
FILLER_104_713,VPWR,li1,336.2600,296.4800,1.799986
FILLER_104_701,VPWR,li1,330.7400,296.4800,1.799986
FILLER_104_699,VPWR,li1,327.2900,296.4800,1.799983
FILLER_104_693,VPWR,li1,325.6800,296.4800,1.799983
FILLER_104_681,VPWR,li1,321.5400,296.4800,1.799977
FILLER_104_669,VPWR,li1,316.0200,296.4800,1.799969
FILLER_104_657,VPWR,li1,310.5000,296.4800,1.799959
FILLER_104_645,VPWR,li1,304.9800,296.4800,1.799951
FILLER_104_638,VPWR,li1,300.3800,296.4800,1.799946
FILLER_104_626,VPWR,li1,296.2400,296.4800,1.799939
FILLER_104_620,VPWR,li1,291.4100,296.4800,1.799934
FILLER_104_612,VPWR,li1,288.8800,296.4800,1.799930
FILLER_104_597,VPWR,li1,282.9000,296.4800,1.799924
FILLER_104_589,VPWR,li1,276.6900,296.4800,1.799917
FILLER_104_564,VPWR,li1,265.1900,296.4800,1.799904
FILLER_104_539,VPWR,li1,254.3800,296.4800,1.799897
FILLER_104_529,VPWR,li1,249.5500,296.4800,1.799893
FILLER_104_483,VPWR,li1,227.9300,296.4800,1.799891
FILLER_104_461,VPWR,li1,218.2700,296.4800,1.799894
FILLER_104_449,VPWR,li1,213.4400,296.4800,1.799897
FILLER_104_400,VPWR,li1,190.2100,296.4800,1.799923
FILLER_104_388,VPWR,li1,186.7600,296.4800,1.799930
FILLER_104_372,VPWR,li1,178.0200,296.4800,1.799946
FILLER_104_352,VPWR,li1,168.8200,296.4800,1.799939
FILLER_104_347,VPWR,li1,165.3700,296.4800,1.799928
FILLER_104_332,VPWR,li1,159.6200,296.4800,1.799917
FILLER_104_320,VPWR,li1,155.4800,296.4800,1.799908
FILLER_104_301,VPWR,li1,144.2100,296.4800,1.799894
FILLER_104_297,VPWR,li1,143.0600,296.4800,1.799891
FILLER_104_285,VPWR,li1,137.0800,296.4800,1.799887
FILLER_104_270,VPWR,li1,129.9500,296.4800,1.799879
FILLER_104_261,VPWR,li1,125.8100,296.4800,1.799876
FILLER_104_253,VPWR,li1,123.7400,296.4800,1.799874
FILLER_104_250,VPWR,li1,120.9800,296.4800,1.799872
FILLER_104_197,VPWR,li1,97.9800,296.4800,1.799869
FILLER_104_193,VPWR,li1,94.9900,296.4800,1.799869
FILLER_104_173,VPWR,li1,85.3300,296.4800,1.799873
FILLER_104_156,VPWR,li1,78.2000,296.4800,1.799878
FILLER_104_141,VPWR,li1,70.6100,296.4800,1.799886
FILLER_104_137,VPWR,li1,69.2300,296.4800,1.799886
FILLER_104_110,VPWR,li1,56.3500,296.4800,1.799906
FILLER_104_104,VPWR,li1,54.7400,296.4800,1.799906
FILLER_104_93,VPWR,li1,48.7600,296.4800,1.799917
FILLER_104_88,VPWR,li1,46.2300,296.4800,1.799922
FILLER_104_83,VPWR,li1,43.9300,296.4800,1.799930
FILLER_104_77,VPWR,li1,42.3200,296.4800,1.799930
FILLER_104_65,VPWR,li1,38.1800,296.4800,1.799939
FILLER_104_53,VPWR,li1,32.6600,296.4800,1.799951
FILLER_104_41,VPWR,li1,27.1400,296.4800,1.799965
FILLER_104_29,VPWR,li1,21.6200,296.4800,1.799977
FILLER_104_27,VPWR,li1,18.1700,296.4800,1.799977
FILLER_104_19,VPWR,li1,16.1000,296.4800,1.799977
FILLER_104_7,VPWR,li1,11.5000,296.4800,1.799977
FILLER_103_821,VPWR,li1,383.8700,291.0400,1.799987
FILLER_103_809,VPWR,li1,380.4200,291.0400,1.799987
FILLER_103_797,VPWR,li1,374.9000,291.0400,1.799987
FILLER_103_785,VPWR,li1,369.3800,291.0400,1.799987
FILLER_103_783,VPWR,li1,365.9300,291.0400,1.799987
FILLER_103_777,VPWR,li1,364.3200,291.0400,1.799987
FILLER_103_765,VPWR,li1,360.1800,291.0400,1.799987
FILLER_103_753,VPWR,li1,354.6600,291.0400,1.799987
FILLER_103_741,VPWR,li1,349.1400,291.0400,1.799987
FILLER_103_729,VPWR,li1,343.6200,291.0400,1.799987
FILLER_103_726,VPWR,li1,339.9400,291.0400,1.799987
FILLER_103_714,VPWR,li1,336.7200,291.0400,1.799987
FILLER_103_697,VPWR,li1,327.5200,291.0400,1.799987
FILLER_103_685,VPWR,li1,322.0000,291.0400,1.799982
FILLER_103_673,VPWR,li1,317.8600,291.0400,1.799979
FILLER_103_669,VPWR,li1,313.9500,291.0400,1.799975
FILLER_103_657,VPWR,li1,310.5000,291.0400,1.799973
FILLER_103_641,VPWR,li1,300.8400,291.0400,1.799967
FILLER_103_629,VPWR,li1,297.6200,291.0400,1.799965
FILLER_103_617,VPWR,li1,292.1000,291.0400,1.799963
FILLER_103_615,VPWR,li1,288.6500,291.0400,1.799961
FILLER_103_609,VPWR,li1,287.0400,291.0400,1.799960
FILLER_103_597,VPWR,li1,282.9000,291.0400,1.799958
FILLER_103_589,VPWR,li1,277.3800,291.0400,1.799957
FILLER_103_584,VPWR,li1,274.3900,291.0400,1.799956
FILLER_103_580,VPWR,li1,273.2400,291.0400,1.799956
FILLER_103_573,VPWR,li1,269.7900,291.0400,1.799955
FILLER_103_561,VPWR,li1,266.3400,291.0400,1.799954
FILLER_103_557,VPWR,li1,262.4300,291.0400,1.799953
FILLER_103_531,VPWR,li1,252.5400,291.0400,1.799952
FILLER_103_519,VPWR,li1,247.0200,291.0400,1.799950
FILLER_103_492,VPWR,li1,234.6000,291.0400,1.799951
FILLER_103_480,VPWR,li1,229.0800,291.0400,1.799952
FILLER_103_453,VPWR,li1,214.1300,291.0400,1.799955
FILLER_103_449,VPWR,li1,212.9800,291.0400,1.799956
FILLER_103_447,VPWR,li1,211.3700,291.0400,1.799957
FILLER_103_441,VPWR,li1,209.7600,291.0400,1.799957
FILLER_103_435,VPWR,li1,206.3100,291.0400,1.799958
FILLER_103_400,VPWR,li1,191.3600,291.0400,1.799965
FILLER_103_382,VPWR,li1,182.1600,291.0400,1.799973
FILLER_103_370,VPWR,li1,178.4800,291.0400,1.799977
FILLER_103_341,VPWR,li1,162.6100,291.0400,1.799968
FILLER_103_337,VPWR,li1,161.4600,291.0400,1.799968
FILLER_103_333,VPWR,li1,159.3900,291.0400,1.799967
FILLER_103_321,VPWR,li1,155.9400,291.0400,1.799964
FILLER_103_309,VPWR,li1,150.4200,291.0400,1.799960
FILLER_103_289,VPWR,li1,139.3800,291.0400,1.799952
FILLER_103_281,VPWR,li1,135.2400,291.0400,1.799950
FILLER_103_279,VPWR,li1,134.0900,291.0400,1.799949
FILLER_103_275,VPWR,li1,132.9400,291.0400,1.799949
FILLER_103_259,VPWR,li1,124.8900,291.0400,1.799947
FILLER_103_237,VPWR,li1,114.7700,291.0400,1.799946
FILLER_103_231,VPWR,li1,113.1600,291.0400,1.799946
FILLER_103_223,VPWR,li1,108.3300,291.0400,1.799947
FILLER_103_212,VPWR,li1,103.7300,291.0400,1.799947
FILLER_103_205,VPWR,li1,100.2800,291.0400,1.799948
FILLER_103_199,VPWR,li1,97.7500,291.0400,1.799948
FILLER_103_191,VPWR,li1,95.2200,291.0400,1.799949
FILLER_103_169,VPWR,li1,83.9500,291.0400,1.799952
FILLER_103_158,VPWR,li1,78.8900,291.0400,1.799954
FILLER_103_150,VPWR,li1,74.9800,291.0400,1.799956
FILLER_103_111,VPWR,li1,56.8100,291.0400,1.799967
FILLER_103_105,VPWR,li1,55.2000,291.0400,1.799967
FILLER_103_93,VPWR,li1,51.0600,291.0400,1.799970
FILLER_103_81,VPWR,li1,45.5400,291.0400,1.799975
FILLER_103_69,VPWR,li1,40.0200,291.0400,1.799978
FILLER_103_57,VPWR,li1,34.5000,291.0400,1.799982
FILLER_103_55,VPWR,li1,31.0500,291.0400,1.799985
FILLER_103_51,VPWR,li1,29.9000,291.0400,1.799985
FILLER_103_39,VPWR,li1,26.2200,291.0400,1.799988
FILLER_103_27,VPWR,li1,20.7000,291.0400,1.799992
FILLER_103_15,VPWR,li1,15.1800,291.0400,1.799992
FILLER_103_3,VPWR,li1,9.6600,291.0400,1.799991
FILLER_102_821,VPWR,li1,383.8700,291.0400,1.799987
FILLER_102_813,VPWR,li1,381.3400,291.0400,1.799987
FILLER_102_811,VPWR,li1,378.8100,291.0400,1.799987
FILLER_102_805,VPWR,li1,377.2000,291.0400,1.799987
FILLER_102_793,VPWR,li1,373.0600,291.0400,1.799987
FILLER_102_781,VPWR,li1,367.5400,291.0400,1.799987
FILLER_102_769,VPWR,li1,362.0200,291.0400,1.799987
FILLER_102_757,VPWR,li1,356.5000,291.0400,1.799987
FILLER_102_750,VPWR,li1,351.9000,291.0400,1.799987
FILLER_102_738,VPWR,li1,347.7600,291.0400,1.799987
FILLER_102_726,VPWR,li1,342.2400,291.0400,1.799987
FILLER_102_701,VPWR,li1,328.9000,291.0400,1.799987
FILLER_102_699,VPWR,li1,327.2900,291.0400,1.799987
FILLER_102_667,VPWR,li1,312.8000,291.0400,1.799975
FILLER_102_659,VPWR,li1,310.5000,291.0400,1.799973
FILLER_102_630,VPWR,li1,296.2400,291.0400,1.799965
FILLER_102_618,VPWR,li1,292.5600,291.0400,1.799963
FILLER_102_607,VPWR,li1,284.9700,291.0400,1.799959
FILLER_102_603,VPWR,li1,283.8200,291.0400,1.799959
FILLER_102_587,VPWR,li1,275.7700,291.0400,1.799956
FILLER_102_581,VPWR,li1,274.1600,291.0400,1.799956
FILLER_102_569,VPWR,li1,270.0200,291.0400,1.799955
FILLER_102_557,VPWR,li1,264.5000,291.0400,1.799954
FILLER_102_545,VPWR,li1,258.9800,291.0400,1.799953
FILLER_102_533,VPWR,li1,253.4600,291.0400,1.799952
FILLER_102_524,VPWR,li1,248.4000,291.0400,1.799951
FILLER_102_509,VPWR,li1,240.1200,291.0400,1.799950
FILLER_102_501,VPWR,li1,237.8200,291.0400,1.799951
FILLER_102_489,VPWR,li1,233.2200,291.0400,1.799951
FILLER_102_477,VPWR,li1,227.7000,291.0400,1.799952
FILLER_102_458,VPWR,li1,217.5800,291.0400,1.799954
FILLER_102_445,VPWR,li1,211.6000,291.0400,1.799956
FILLER_102_433,VPWR,li1,207.4600,291.0400,1.799958
FILLER_102_421,VPWR,li1,201.9400,291.0400,1.799960
FILLER_102_419,VPWR,li1,198.4900,291.0400,1.799962
FILLER_102_413,VPWR,li1,196.8800,291.0400,1.799962
FILLER_102_401,VPWR,li1,192.7400,291.0400,1.799965
FILLER_102_377,VPWR,li1,181.7000,291.0400,1.799973
FILLER_102_365,VPWR,li1,176.1800,291.0400,1.799980
FILLER_102_361,VPWR,li1,172.2700,291.0400,1.799977
FILLER_102_353,VPWR,li1,169.7400,291.0400,1.799975
FILLER_102_345,VPWR,li1,164.9100,291.0400,1.799970
FILLER_102_333,VPWR,li1,161.4600,291.0400,1.799968
FILLER_102_321,VPWR,li1,155.9400,291.0400,1.799964
FILLER_102_309,VPWR,li1,150.4200,291.0400,1.799960
FILLER_102_296,VPWR,li1,144.4400,291.0400,1.799955
FILLER_102_284,VPWR,li1,138.9200,291.0400,1.799952
FILLER_102_261,VPWR,li1,125.8100,291.0400,1.799947
FILLER_102_253,VPWR,li1,123.7400,291.0400,1.799946
FILLER_102_249,VPWR,li1,120.7500,291.0400,1.799946
FILLER_102_241,VPWR,li1,118.2200,291.0400,1.799946
FILLER_102_229,VPWR,li1,113.6200,291.0400,1.799946
FILLER_102_217,VPWR,li1,108.1000,291.0400,1.799947
FILLER_102_205,VPWR,li1,102.5800,291.0400,1.799947
FILLER_102_197,VPWR,li1,96.8300,291.0400,1.799948
FILLER_102_192,VPWR,li1,94.7600,291.0400,1.799949
FILLER_102_180,VPWR,li1,91.0800,291.0400,1.799950
FILLER_102_168,VPWR,li1,83.7200,291.0400,1.799952
FILLER_102_156,VPWR,li1,80.0400,291.0400,1.799954
FILLER_102_144,VPWR,li1,74.5200,291.0400,1.799956
FILLER_102_137,VPWR,li1,69.2300,291.0400,1.799958
FILLER_102_131,VPWR,li1,66.4700,291.0400,1.799960
FILLER_102_123,VPWR,li1,63.9400,291.0400,1.799961
FILLER_102_117,VPWR,li1,59.8000,291.0400,1.799964
FILLER_102_109,VPWR,li1,57.5000,291.0400,1.799966
FILLER_102_97,VPWR,li1,52.9000,291.0400,1.799969
FILLER_102_85,VPWR,li1,47.3800,291.0400,1.799973
FILLER_102_83,VPWR,li1,43.9300,291.0400,1.799976
FILLER_102_77,VPWR,li1,42.3200,291.0400,1.799976
FILLER_102_65,VPWR,li1,38.1800,291.0400,1.799979
FILLER_102_53,VPWR,li1,32.6600,291.0400,1.799983
FILLER_102_41,VPWR,li1,27.1400,291.0400,1.799988
FILLER_102_29,VPWR,li1,21.6200,291.0400,1.799992
FILLER_102_27,VPWR,li1,18.1700,291.0400,1.799992
FILLER_102_19,VPWR,li1,16.1000,291.0400,1.799992
FILLER_102_7,VPWR,li1,11.5000,291.0400,1.799991
FILLER_101_817,VPWR,li1,382.0300,285.6000,1.799824
FILLER_101_809,VPWR,li1,379.5000,285.6000,1.799826
FILLER_101_797,VPWR,li1,374.9000,285.6000,1.799829
FILLER_101_785,VPWR,li1,369.3800,285.6000,1.799832
FILLER_101_783,VPWR,li1,365.9300,285.6000,1.799836
FILLER_101_779,VPWR,li1,364.7800,285.6000,1.799836
FILLER_101_767,VPWR,li1,361.1000,285.6000,1.799838
FILLER_101_755,VPWR,li1,355.5800,285.6000,1.799842
FILLER_101_743,VPWR,li1,350.0600,285.6000,1.799845
FILLER_101_703,VPWR,li1,329.1300,285.6000,1.799867
FILLER_101_695,VPWR,li1,327.0600,285.6000,1.799843
FILLER_101_666,VPWR,li1,312.3400,285.6000,1.799661
FILLER_101_654,VPWR,li1,309.1200,285.6000,1.799632
FILLER_101_632,VPWR,li1,298.0800,285.6000,1.799506
FILLER_101_608,VPWR,li1,285.4300,285.6000,1.799360
FILLER_101_604,VPWR,li1,284.2800,285.6000,1.799340
FILLER_101_592,VPWR,li1,278.0700,285.6000,1.799285
FILLER_101_588,VPWR,li1,276.9200,285.6000,1.799260
FILLER_101_576,VPWR,li1,273.2400,285.6000,1.799230
FILLER_101_572,VPWR,li1,268.8700,285.6000,1.799184
FILLER_101_567,VPWR,li1,266.5700,285.6000,1.799162
FILLER_101_561,VPWR,li1,264.9600,285.6000,1.799142
FILLER_101_558,VPWR,li1,262.6600,285.6000,1.799120
FILLER_101_547,VPWR,li1,258.0600,285.6000,1.799073
FILLER_101_535,VPWR,li1,254.3800,285.6000,1.799023
FILLER_101_505,VPWR,li1,238.5100,285.6000,1.798868
FILLER_101_480,VPWR,li1,227.2400,285.6000,1.798846
FILLER_101_468,VPWR,li1,223.5600,285.6000,1.798885
FILLER_101_456,VPWR,li1,218.0400,285.6000,1.798956
FILLER_101_449,VPWR,li1,212.9800,285.6000,1.799029
FILLER_101_445,VPWR,li1,210.9100,285.6000,1.799062
FILLER_101_437,VPWR,li1,208.3800,285.6000,1.799108
FILLER_101_422,VPWR,li1,200.1000,285.6000,1.799233
FILLER_101_414,VPWR,li1,197.8000,285.6000,1.799260
FILLER_101_402,VPWR,li1,193.2000,285.6000,1.799335
FILLER_101_393,VPWR,li1,186.7600,285.6000,1.799425
FILLER_101_388,VPWR,li1,184.9200,285.6000,1.799456
FILLER_101_376,VPWR,li1,181.2400,285.6000,1.799505
FILLER_101_364,VPWR,li1,175.7200,285.6000,1.799586
FILLER_101_352,VPWR,li1,170.2000,285.6000,1.799413
FILLER_101_334,VPWR,li1,159.6200,285.6000,1.799176
FILLER_101_313,VPWR,li1,149.7300,285.6000,1.798943
FILLER_101_307,VPWR,li1,148.1200,285.6000,1.798882
FILLER_101_299,VPWR,li1,143.2900,285.6000,1.798809
FILLER_101_293,VPWR,li1,141.6800,285.6000,1.798809
FILLER_101_281,VPWR,li1,137.5400,285.6000,1.798777
FILLER_101_277,VPWR,li1,133.6300,285.6000,1.798761
FILLER_101_272,VPWR,li1,131.1000,285.6000,1.798755
FILLER_101_260,VPWR,li1,127.8800,285.6000,1.798777
FILLER_101_248,VPWR,li1,122.3600,285.6000,1.798836
FILLER_101_237,VPWR,li1,114.7700,285.6000,1.798905
FILLER_101_225,VPWR,li1,111.7800,285.6000,1.798923
FILLER_101_223,VPWR,li1,108.3300,285.6000,1.798950
FILLER_101_217,VPWR,li1,106.7200,285.6000,1.798973
FILLER_101_205,VPWR,li1,102.5800,285.6000,1.799011
FILLER_101_193,VPWR,li1,97.0600,285.6000,1.799064
FILLER_101_181,VPWR,li1,91.5400,285.6000,1.799104
FILLER_101_169,VPWR,li1,86.0200,285.6000,1.799160
FILLER_101_167,VPWR,li1,82.5700,285.6000,1.799210
FILLER_101_161,VPWR,li1,80.9600,285.6000,1.799210
FILLER_101_149,VPWR,li1,76.8200,285.6000,1.799254
FILLER_101_137,VPWR,li1,71.3000,285.6000,1.799325
FILLER_101_125,VPWR,li1,65.7800,285.6000,1.799377
FILLER_101_113,VPWR,li1,60.2600,285.6000,1.799436
FILLER_101_111,VPWR,li1,56.8100,285.6000,1.799495
FILLER_101_105,VPWR,li1,55.2000,285.6000,1.799495
FILLER_101_93,VPWR,li1,51.0600,285.6000,1.799542
FILLER_101_81,VPWR,li1,45.5400,285.6000,1.799620
FILLER_101_69,VPWR,li1,40.0200,285.6000,1.799670
FILLER_101_57,VPWR,li1,34.5000,285.6000,1.799734
FILLER_101_54,VPWR,li1,30.8200,285.6000,1.799777
FILLER_101_42,VPWR,li1,27.6000,285.6000,1.799820
FILLER_101_30,VPWR,li1,22.0800,285.6000,1.799884
FILLER_101_18,VPWR,li1,16.5600,285.6000,1.799884
FILLER_101_6,VPWR,li1,11.0400,285.6000,1.799883
FILLER_100_819,VPWR,li1,382.4900,285.6000,1.799824
FILLER_100_813,VPWR,li1,380.8800,285.6000,1.799826
FILLER_100_811,VPWR,li1,378.8100,285.6000,1.799827
FILLER_100_805,VPWR,li1,377.2000,285.6000,1.799827
FILLER_100_793,VPWR,li1,373.0600,285.6000,1.799830
FILLER_100_781,VPWR,li1,367.5400,285.6000,1.799834
FILLER_100_769,VPWR,li1,362.0200,285.6000,1.799838
FILLER_100_757,VPWR,li1,356.5000,285.6000,1.799842
FILLER_100_752,VPWR,li1,352.3600,285.6000,1.799844
FILLER_100_721,VPWR,li1,337.6400,285.6000,1.799858
FILLER_100_717,VPWR,li1,335.5700,285.6000,1.799861
FILLER_100_709,VPWR,li1,332.1200,285.6000,1.799864
FILLER_100_701,VPWR,li1,329.8200,285.6000,1.799867
FILLER_100_698,VPWR,li1,327.0600,285.6000,1.799843
FILLER_100_686,VPWR,li1,323.8400,285.6000,1.799802
FILLER_100_677,VPWR,li1,318.3200,285.6000,1.799739
FILLER_100_670,VPWR,li1,314.4100,285.6000,1.799685
FILLER_100_664,VPWR,li1,311.6500,285.6000,1.799661
FILLER_100_657,VPWR,li1,308.6600,285.6000,1.799608
FILLER_100_645,VPWR,li1,302.6800,285.6000,1.799558
FILLER_100_632,VPWR,li1,298.0800,285.6000,1.799506
FILLER_100_620,VPWR,li1,293.4800,285.6000,1.799454
FILLER_100_609,VPWR,li1,287.0400,285.6000,1.799382
FILLER_100_587,VPWR,li1,275.7700,285.6000,1.799260
FILLER_100_583,VPWR,li1,274.6200,285.6000,1.799230
FILLER_100_562,VPWR,li1,264.7300,285.6000,1.799142
FILLER_100_533,VPWR,li1,251.3900,285.6000,1.799005
FILLER_100_528,VPWR,li1,249.3200,285.6000,1.798984
FILLER_100_521,VPWR,li1,246.1000,285.6000,1.798952
FILLER_100_504,VPWR,li1,237.8200,285.6000,1.798868
FILLER_100_492,VPWR,li1,234.6000,285.6000,1.798839
FILLER_100_481,VPWR,li1,227.0100,285.6000,1.798846
FILLER_100_477,VPWR,li1,225.8600,285.6000,1.798846
FILLER_100_470,VPWR,li1,223.1000,285.6000,1.798885
FILLER_100_458,VPWR,li1,216.6600,285.6000,1.798999
FILLER_100_442,VPWR,li1,210.6800,285.6000,1.799062
FILLER_100_392,VPWR,li1,186.0700,285.6000,1.799425
FILLER_100_384,VPWR,li1,184.0000,285.6000,1.799456
FILLER_100_365,VPWR,li1,174.8000,285.6000,1.799527
FILLER_100_361,VPWR,li1,172.2700,285.6000,1.799461
FILLER_100_339,VPWR,li1,162.1500,285.6000,1.799241
FILLER_100_329,VPWR,li1,157.5500,285.6000,1.799123
FILLER_100_306,VPWR,li1,146.7400,285.6000,1.798882
FILLER_100_265,VPWR,li1,128.1100,285.6000,1.798777
FILLER_100_253,VPWR,li1,124.6600,285.6000,1.798805
FILLER_100_251,VPWR,li1,121.2100,285.6000,1.798836
FILLER_100_236,VPWR,li1,114.5400,285.6000,1.798905
FILLER_100_232,VPWR,li1,112.4700,285.6000,1.798923
FILLER_100_228,VPWR,li1,111.3200,285.6000,1.798923
FILLER_100_211,VPWR,li1,103.2700,285.6000,1.799011
FILLER_100_197,VPWR,li1,96.3700,285.6000,1.799064
FILLER_100_184,VPWR,li1,92.9200,285.6000,1.799104
FILLER_100_177,VPWR,li1,87.4000,285.6000,1.799143
FILLER_100_165,VPWR,li1,82.8000,285.6000,1.799190
FILLER_100_153,VPWR,li1,78.6600,285.6000,1.799234
FILLER_100_141,VPWR,li1,73.1400,285.6000,1.799293
FILLER_100_132,VPWR,li1,68.0800,285.6000,1.799348
FILLER_100_127,VPWR,li1,64.1700,285.6000,1.799409
FILLER_100_121,VPWR,li1,62.5600,285.6000,1.799409
FILLER_100_109,VPWR,li1,58.4200,285.6000,1.799471
FILLER_100_97,VPWR,li1,52.9000,285.6000,1.799521
FILLER_100_85,VPWR,li1,47.3800,285.6000,1.799585
FILLER_100_83,VPWR,li1,43.9300,285.6000,1.799644
FILLER_100_77,VPWR,li1,42.3200,285.6000,1.799644
FILLER_100_65,VPWR,li1,38.1800,285.6000,1.799692
FILLER_100_53,VPWR,li1,32.6600,285.6000,1.799756
FILLER_100_41,VPWR,li1,27.1400,285.6000,1.799820
FILLER_100_29,VPWR,li1,21.6200,285.6000,1.799884
FILLER_100_26,VPWR,li1,17.9400,285.6000,1.799884
FILLER_100_18,VPWR,li1,15.6400,285.6000,1.799884
FILLER_100_6,VPWR,li1,11.0400,285.6000,1.799883
FILLER_99_817,VPWR,li1,382.0300,280.1600,1.799661
FILLER_99_809,VPWR,li1,379.5000,280.1600,1.799663
FILLER_99_797,VPWR,li1,374.9000,280.1600,1.799665
FILLER_99_785,VPWR,li1,369.3800,280.1600,1.799669
FILLER_99_772,VPWR,li1,363.4000,280.1600,1.799674
FILLER_99_760,VPWR,li1,357.8800,280.1600,1.799678
FILLER_99_748,VPWR,li1,352.3600,280.1600,1.799681
FILLER_99_735,VPWR,li1,343.8500,280.1600,1.799686
FILLER_99_720,VPWR,li1,338.5600,280.1600,1.799692
FILLER_99_708,VPWR,li1,333.9600,280.1600,1.799695
FILLER_99_697,VPWR,li1,327.0600,280.1600,1.799635
FILLER_99_685,VPWR,li1,323.3800,280.1600,1.799515
FILLER_99_673,VPWR,li1,317.8600,280.1600,1.799375
FILLER_99_668,VPWR,li1,313.7200,280.1600,1.799255
FILLER_99_653,VPWR,li1,307.7400,280.1600,1.799044
FILLER_99_641,VPWR,li1,303.1400,280.1600,1.798919
FILLER_99_629,VPWR,li1,297.6200,280.1600,1.798769
FILLER_99_617,VPWR,li1,292.1000,280.1600,1.798626
FILLER_99_615,VPWR,li1,288.6500,280.1600,1.798495
FILLER_99_609,VPWR,li1,287.0400,280.1600,1.798495
FILLER_99_587,VPWR,li1,276.4600,280.1600,1.798197
FILLER_99_575,VPWR,li1,272.7800,280.1600,1.798063
FILLER_99_569,VPWR,li1,267.4900,280.1600,1.797948
FILLER_99_561,VPWR,li1,265.4200,280.1600,1.797890
FILLER_99_556,VPWR,li1,262.2000,280.1600,1.797801
FILLER_99_529,VPWR,li1,250.7000,280.1600,1.797444
FILLER_99_505,VPWR,li1,240.5800,280.1600,1.797206
FILLER_99_503,VPWR,li1,237.1300,280.1600,1.797113
FILLER_99_499,VPWR,li1,235.9800,280.1600,1.797038
FILLER_99_478,VPWR,li1,225.6300,280.1600,1.797147
FILLER_99_474,VPWR,li1,224.4800,280.1600,1.797147
FILLER_99_449,VPWR,li1,212.5200,280.1600,1.797594
FILLER_99_447,VPWR,li1,211.3700,280.1600,1.797665
FILLER_99_432,VPWR,li1,204.7000,280.1600,1.797940
FILLER_99_415,VPWR,li1,198.2600,280.1600,1.798199
FILLER_99_399,VPWR,li1,189.2900,280.1600,1.798495
FILLER_99_393,VPWR,li1,187.6800,280.1600,1.798621
FILLER_99_390,VPWR,li1,185.3800,280.1600,1.798702
FILLER_99_365,VPWR,li1,175.2600,280.1600,1.799045
FILLER_99_351,VPWR,li1,167.9000,280.1600,1.798543
FILLER_99_337,VPWR,li1,160.7700,280.1600,1.798184
FILLER_99_335,VPWR,li1,159.8500,280.1600,1.798184
FILLER_99_327,VPWR,li1,157.7800,280.1600,1.798043
FILLER_99_315,VPWR,li1,153.1800,280.1600,1.797787
FILLER_99_289,VPWR,li1,139.1500,280.1600,1.797255
FILLER_99_281,VPWR,li1,136.6200,280.1600,1.797215
FILLER_99_279,VPWR,li1,134.0900,280.1600,1.797174
FILLER_99_264,VPWR,li1,128.8000,280.1600,1.797089
FILLER_99_249,VPWR,li1,121.9000,280.1600,1.797056
FILLER_99_240,VPWR,li1,116.3800,280.1600,1.797094
FILLER_99_229,VPWR,li1,111.0900,280.1600,1.797136
FILLER_99_223,VPWR,li1,108.3300,280.1600,1.797151
FILLER_99_201,VPWR,li1,98.2100,280.1600,1.797230
FILLER_99_167,VPWR,li1,82.5700,280.1600,1.797385
FILLER_99_147,VPWR,li1,74.5200,280.1600,1.797616
FILLER_99_125,VPWR,li1,63.2500,280.1600,1.797987
FILLER_99_113,VPWR,li1,60.2600,280.1600,1.798093
FILLER_99_111,VPWR,li1,56.8100,280.1600,1.798267
FILLER_99_105,VPWR,li1,55.2000,280.1600,1.798267
FILLER_99_93,VPWR,li1,51.0600,280.1600,1.798431
FILLER_99_81,VPWR,li1,45.5400,280.1600,1.798697
FILLER_99_69,VPWR,li1,40.0200,280.1600,1.798870
FILLER_99_57,VPWR,li1,34.5000,280.1600,1.799090
FILLER_99_54,VPWR,li1,30.8200,280.1600,1.799236
FILLER_99_42,VPWR,li1,27.6000,280.1600,1.799382
FILLER_99_30,VPWR,li1,22.0800,280.1600,1.799602
FILLER_99_18,VPWR,li1,16.5600,280.1600,1.799602
FILLER_99_6,VPWR,li1,11.0400,280.1600,1.799602
FILLER_98_821,VPWR,li1,383.8700,280.1600,1.799660
FILLER_98_813,VPWR,li1,381.3400,280.1600,1.799661
FILLER_98_811,VPWR,li1,378.8100,280.1600,1.799664
FILLER_98_805,VPWR,li1,377.2000,280.1600,1.799664
FILLER_98_793,VPWR,li1,373.0600,280.1600,1.799667
FILLER_98_781,VPWR,li1,367.5400,280.1600,1.799671
FILLER_98_769,VPWR,li1,362.0200,280.1600,1.799674
FILLER_98_757,VPWR,li1,356.5000,280.1600,1.799678
FILLER_98_755,VPWR,li1,353.0500,280.1600,1.799681
FILLER_98_749,VPWR,li1,351.4400,280.1600,1.799681
FILLER_98_737,VPWR,li1,347.3000,280.1600,1.799684
FILLER_98_731,VPWR,li1,342.0100,280.1600,1.799688
FILLER_98_723,VPWR,li1,339.9400,280.1600,1.799690
FILLER_98_714,VPWR,li1,334.1900,280.1600,1.799695
FILLER_98_706,VPWR,li1,332.1200,280.1600,1.799696
FILLER_98_689,VPWR,li1,322.6900,280.1600,1.799515
FILLER_98_681,VPWR,li1,320.6200,280.1600,1.799455
FILLER_98_669,VPWR,li1,316.0200,280.1600,1.799321
FILLER_98_660,VPWR,li1,309.8100,280.1600,1.799142
FILLER_98_648,VPWR,li1,306.3600,280.1600,1.799044
FILLER_98_632,VPWR,li1,296.7000,280.1600,1.798769
FILLER_98_618,VPWR,li1,290.0300,280.1600,1.798554
FILLER_98_613,VPWR,li1,287.9600,280.1600,1.798495
FILLER_98_601,VPWR,li1,284.7400,280.1600,1.798424
FILLER_98_589,VPWR,li1,279.2200,280.1600,1.798268
FILLER_98_582,VPWR,li1,274.6200,280.1600,1.798146
FILLER_98_572,VPWR,li1,269.3300,280.1600,1.797999
FILLER_98_564,VPWR,li1,266.8000,280.1600,1.797890
FILLER_98_552,VPWR,li1,262.2000,280.1600,1.797801
FILLER_98_541,VPWR,li1,254.8400,280.1600,1.797597
FILLER_98_533,VPWR,li1,252.5400,280.1600,1.797533
FILLER_98_528,VPWR,li1,249.3200,280.1600,1.797444
FILLER_98_519,VPWR,li1,244.7200,280.1600,1.797318
FILLER_98_511,VPWR,li1,242.4200,280.1600,1.797256
FILLER_98_499,VPWR,li1,237.8200,280.1600,1.797113
FILLER_98_494,VPWR,li1,233.2200,280.1600,1.796986
FILLER_98_477,VPWR,li1,225.4000,280.1600,1.797147
FILLER_98_475,VPWR,li1,224.2500,280.1600,1.797147
FILLER_98_471,VPWR,li1,223.1000,280.1600,1.797243
FILLER_98_459,VPWR,li1,219.4200,280.1600,1.797383
FILLER_98_448,VPWR,li1,212.5200,280.1600,1.797594
FILLER_98_433,VPWR,li1,205.6200,280.1600,1.797859
FILLER_98_421,VPWR,li1,201.9400,280.1600,1.798020
FILLER_98_419,VPWR,li1,198.4900,280.1600,1.798199
FILLER_98_413,VPWR,li1,196.8800,280.1600,1.798199
FILLER_98_401,VPWR,li1,192.7400,280.1600,1.798414
FILLER_98_389,VPWR,li1,187.2200,280.1600,1.798621
FILLER_98_377,VPWR,li1,181.7000,280.1600,1.798855
FILLER_98_365,VPWR,li1,176.1800,280.1600,1.799045
FILLER_98_362,VPWR,li1,172.5000,280.1600,1.798890
FILLER_98_348,VPWR,li1,165.8300,280.1600,1.798440
FILLER_98_344,VPWR,li1,164.6800,280.1600,1.798440
FILLER_98_326,VPWR,li1,157.3200,280.1600,1.798043
FILLER_98_314,VPWR,li1,152.7200,280.1600,1.797787
FILLER_98_301,VPWR,li1,144.2100,280.1600,1.797335
FILLER_98_291,VPWR,li1,139.6100,280.1600,1.797255
FILLER_98_283,VPWR,li1,137.5400,280.1600,1.797215
FILLER_98_271,VPWR,li1,132.9400,280.1600,1.797144
FILLER_98_244,VPWR,li1,119.6000,280.1600,1.797078
FILLER_98_236,VPWR,li1,114.3100,280.1600,1.797107
FILLER_98_226,VPWR,li1,110.4000,280.1600,1.797136
FILLER_98_185,VPWR,li1,92.4600,280.1600,1.797270
FILLER_98_174,VPWR,li1,85.7900,280.1600,1.797339
FILLER_98_166,VPWR,li1,83.7200,280.1600,1.797385
FILLER_98_153,VPWR,li1,77.7400,280.1600,1.797483
FILLER_98_141,VPWR,li1,73.1400,280.1600,1.797616
FILLER_98_139,VPWR,li1,69.6900,280.1600,1.797769
FILLER_98_135,VPWR,li1,68.5400,280.1600,1.797769
FILLER_98_126,VPWR,li1,63.9400,280.1600,1.797987
FILLER_98_113,VPWR,li1,57.7300,280.1600,1.798184
FILLER_98_109,VPWR,li1,56.5800,280.1600,1.798267
FILLER_98_97,VPWR,li1,52.9000,280.1600,1.798358
FILLER_98_85,VPWR,li1,47.3800,280.1600,1.798578
FILLER_98_83,VPWR,li1,43.9300,280.1600,1.798779
FILLER_98_77,VPWR,li1,42.3200,280.1600,1.798779
FILLER_98_65,VPWR,li1,38.1800,280.1600,1.798943
FILLER_98_53,VPWR,li1,32.6600,280.1600,1.799163
FILLER_98_41,VPWR,li1,27.1400,280.1600,1.799382
FILLER_98_29,VPWR,li1,21.6200,280.1600,1.799602
FILLER_98_27,VPWR,li1,18.1700,280.1600,1.799602
FILLER_98_15,VPWR,li1,15.1800,280.1600,1.799602
FILLER_98_3,VPWR,li1,9.6600,280.1600,1.799602
FILLER_97_817,VPWR,li1,382.0300,274.7200,1.794085
FILLER_97_805,VPWR,li1,378.5800,274.7200,1.794086
FILLER_97_783,VPWR,li1,365.9300,274.7200,1.794114
FILLER_97_775,VPWR,li1,363.8600,274.7200,1.794130
FILLER_97_764,VPWR,li1,357.8800,274.7200,1.794243
FILLER_97_741,VPWR,li1,346.8400,274.7200,1.794994
FILLER_97_737,VPWR,li1,344.7700,274.7200,1.795244
FILLER_97_729,VPWR,li1,342.7000,274.7200,1.795514
FILLER_97_727,VPWR,li1,340.1700,274.7200,1.795927
FILLER_97_721,VPWR,li1,338.5600,274.7200,1.796362
FILLER_97_707,VPWR,li1,330.9700,274.7200,1.797371
FILLER_97_688,VPWR,li1,322.2300,274.7200,1.797634
FILLER_97_680,VPWR,li1,320.1600,274.7200,1.797536
FILLER_97_661,VPWR,li1,309.8100,274.7200,1.797046
FILLER_97_653,VPWR,li1,307.7400,274.7200,1.796927
FILLER_97_634,VPWR,li1,297.3900,274.7200,1.796409
FILLER_97_624,VPWR,li1,293.9400,274.7200,1.796302
FILLER_97_613,VPWR,li1,288.1900,274.7200,1.796033
FILLER_97_605,VPWR,li1,285.6600,274.7200,1.795915
FILLER_97_593,VPWR,li1,281.0600,274.7200,1.795700
FILLER_97_569,VPWR,li1,268.1800,274.7200,1.795105
FILLER_97_558,VPWR,li1,262.6600,274.7200,1.794853
FILLER_97_551,VPWR,li1,259.2100,274.7200,1.794633
FILLER_97_539,VPWR,li1,256.2200,274.7200,1.794497
FILLER_97_527,VPWR,li1,250.7000,274.7200,1.794256
FILLER_97_518,VPWR,li1,244.4900,274.7200,1.794026
FILLER_97_503,VPWR,li1,237.1300,274.7200,1.794032
FILLER_97_497,VPWR,li1,235.5200,274.7200,1.794122
FILLER_97_465,VPWR,li1,219.6500,274.7200,1.795085
FILLER_97_461,VPWR,li1,218.5000,274.7200,1.795085
FILLER_97_449,VPWR,li1,214.8200,274.7200,1.795384
FILLER_97_447,VPWR,li1,211.3700,274.7200,1.795753
FILLER_97_441,VPWR,li1,209.7600,274.7200,1.795753
FILLER_97_429,VPWR,li1,205.6200,274.7200,1.796193
FILLER_97_416,VPWR,li1,197.5700,274.7200,1.796686
FILLER_97_408,VPWR,li1,195.0400,274.7200,1.796880
FILLER_97_393,VPWR,li1,186.7600,274.7200,1.797621
FILLER_97_377,VPWR,li1,179.1700,274.7200,1.798419
FILLER_97_371,VPWR,li1,177.5600,274.7200,1.798419
FILLER_97_362,VPWR,li1,172.5000,274.7200,1.798662
FILLER_97_346,VPWR,li1,165.6000,274.7200,1.798578
FILLER_97_340,VPWR,li1,162.6100,274.7200,1.798556
FILLER_97_327,VPWR,li1,156.6300,274.7200,1.798505
FILLER_97_315,VPWR,li1,153.1800,274.7200,1.798479
FILLER_97_305,VPWR,li1,146.2800,274.7200,1.798440
FILLER_97_293,VPWR,li1,143.0600,274.7200,1.798433
FILLER_97_281,VPWR,li1,137.5400,274.7200,1.798448
FILLER_97_279,VPWR,li1,134.0900,274.7200,1.798466
FILLER_97_273,VPWR,li1,132.4800,274.7200,1.798480
FILLER_97_261,VPWR,li1,128.3400,274.7200,1.798497
FILLER_97_253,VPWR,li1,122.5900,274.7200,1.798554
FILLER_97_245,VPWR,li1,120.0600,274.7200,1.798578
FILLER_97_233,VPWR,li1,112.9300,274.7200,1.798645
FILLER_97_218,VPWR,li1,107.1800,274.7200,1.798694
FILLER_97_193,VPWR,li1,97.0600,274.7200,1.798798
FILLER_97_181,VPWR,li1,91.5400,274.7200,1.798863
FILLER_97_169,VPWR,li1,86.0200,274.7200,1.798915
FILLER_97_167,VPWR,li1,82.5700,274.7200,1.798970
FILLER_97_161,VPWR,li1,80.9600,274.7200,1.798970
FILLER_97_152,VPWR,li1,75.6700,274.7200,1.799044
FILLER_97_144,VPWR,li1,73.6000,274.7200,1.799068
FILLER_97_132,VPWR,li1,69.0000,274.7200,1.799124
FILLER_97_113,VPWR,li1,60.2600,274.7200,1.799212
FILLER_97_97,VPWR,li1,50.3700,274.7200,1.799371
FILLER_97_93,VPWR,li1,49.2200,274.7200,1.799371
FILLER_97_81,VPWR,li1,45.5400,274.7200,1.799451
FILLER_97_69,VPWR,li1,40.0200,274.7200,1.799524
FILLER_97_57,VPWR,li1,34.5000,274.7200,1.799617
FILLER_97_53,VPWR,li1,30.5900,274.7200,1.799682
FILLER_97_45,VPWR,li1,28.0600,274.7200,1.799740
FILLER_97_33,VPWR,li1,23.4600,274.7200,1.799801
FILLER_97_21,VPWR,li1,17.9400,274.7200,1.799831
FILLER_97_9,VPWR,li1,12.4200,274.7200,1.799830
FILLER_96_813,VPWR,li1,380.4200,274.7200,1.794085
FILLER_96_800,VPWR,li1,376.2800,274.7200,1.794087
FILLER_96_750,VPWR,li1,351.9000,274.7200,1.794547
FILLER_96_742,VPWR,li1,347.0700,274.7200,1.794994
FILLER_96_738,VPWR,li1,345.2300,274.7200,1.795244
FILLER_96_717,VPWR,li1,335.8000,274.7200,1.796698
FILLER_96_709,VPWR,li1,333.5000,274.7200,1.797072
FILLER_96_696,VPWR,li1,326.6000,274.7200,1.797797
FILLER_96_684,VPWR,li1,322.9200,274.7200,1.797634
FILLER_96_672,VPWR,li1,317.4000,274.7200,1.797372
FILLER_96_652,VPWR,li1,307.2800,274.7200,1.796927
FILLER_96_635,VPWR,li1,297.8500,274.7200,1.796409
FILLER_96_629,VPWR,li1,296.2400,274.7200,1.796409
FILLER_96_617,VPWR,li1,292.1000,274.7200,1.796162
FILLER_96_605,VPWR,li1,286.5800,274.7200,1.795915
FILLER_96_582,VPWR,li1,274.6200,274.7200,1.795370
FILLER_96_569,VPWR,li1,267.7200,274.7200,1.795021
FILLER_96_533,VPWR,li1,252.0800,274.7200,1.794371
FILLER_96_529,VPWR,li1,249.5500,274.7200,1.794256
FILLER_96_496,VPWR,li1,234.6000,274.7200,1.794122
FILLER_96_484,VPWR,li1,230.9200,274.7200,1.794263
FILLER_96_477,VPWR,li1,225.8600,274.7200,1.794595
FILLER_96_470,VPWR,li1,223.1000,274.7200,1.794744
FILLER_96_454,VPWR,li1,214.5900,274.7200,1.795384
FILLER_96_446,VPWR,li1,212.5200,274.7200,1.795595
FILLER_96_434,VPWR,li1,207.9200,274.7200,1.795894
FILLER_96_409,VPWR,li1,195.0400,274.7200,1.796880
FILLER_96_397,VPWR,li1,190.9000,274.7200,1.797250
FILLER_96_387,VPWR,li1,184.2300,274.7200,1.797787
FILLER_96_368,VPWR,li1,177.5600,274.7200,1.798419
FILLER_96_362,VPWR,li1,172.5000,274.7200,1.798662
FILLER_96_351,VPWR,li1,167.9000,274.7200,1.798592
FILLER_96_339,VPWR,li1,164.2200,274.7200,1.798556
FILLER_96_330,VPWR,li1,157.7800,274.7200,1.798521
FILLER_96_322,VPWR,li1,155.4800,274.7200,1.798505
FILLER_96_313,VPWR,li1,149.7300,274.7200,1.798464
FILLER_96_309,VPWR,li1,148.5800,274.7200,1.798448
FILLER_96_304,VPWR,li1,146.2800,274.7200,1.798440
FILLER_96_291,VPWR,li1,140.0700,274.7200,1.798440
FILLER_96_280,VPWR,li1,135.7000,274.7200,1.798466
FILLER_96_268,VPWR,li1,131.5600,274.7200,1.798480
FILLER_96_261,VPWR,li1,125.8100,274.7200,1.798510
FILLER_96_253,VPWR,li1,123.7400,274.7200,1.798527
FILLER_96_250,VPWR,li1,120.9800,274.7200,1.798554
FILLER_96_242,VPWR,li1,118.6800,274.7200,1.798578
FILLER_96_231,VPWR,li1,112.4700,274.7200,1.798645
FILLER_96_227,VPWR,li1,110.1700,274.7200,1.798663
FILLER_96_221,VPWR,li1,108.5600,274.7200,1.798694
FILLER_96_209,VPWR,li1,104.4200,274.7200,1.798722
FILLER_96_197,VPWR,li1,98.9000,274.7200,1.798779
FILLER_96_193,VPWR,li1,94.9900,274.7200,1.798820
FILLER_96_175,VPWR,li1,87.8600,274.7200,1.798895
FILLER_96_163,VPWR,li1,83.2600,274.7200,1.798948
FILLER_96_149,VPWR,li1,74.2900,274.7200,1.799044
FILLER_96_141,VPWR,li1,72.2200,274.7200,1.799068
FILLER_96_136,VPWR,li1,69.0000,274.7200,1.799124
FILLER_96_126,VPWR,li1,63.7100,274.7200,1.799182
FILLER_96_122,VPWR,li1,62.5600,274.7200,1.799182
FILLER_96_110,VPWR,li1,58.8800,274.7200,1.799250
FILLER_96_97,VPWR,li1,50.6000,274.7200,1.799371
FILLER_96_85,VPWR,li1,47.3800,274.7200,1.799402
FILLER_96_83,VPWR,li1,43.9300,274.7200,1.799486
FILLER_96_77,VPWR,li1,42.3200,274.7200,1.799486
FILLER_96_65,VPWR,li1,38.1800,274.7200,1.799555
FILLER_96_53,VPWR,li1,32.6600,274.7200,1.799647
FILLER_96_41,VPWR,li1,27.1400,274.7200,1.799740
FILLER_96_29,VPWR,li1,21.6200,274.7200,1.799832
FILLER_96_27,VPWR,li1,18.1700,274.7200,1.799831
FILLER_96_15,VPWR,li1,15.1800,274.7200,1.799831
FILLER_96_3,VPWR,li1,9.6600,274.7200,1.799830
FILLER_95_803,VPWR,li1,375.1300,269.2800,1.798395
FILLER_95_797,VPWR,li1,373.5200,269.2800,1.798395
FILLER_95_785,VPWR,li1,369.3800,269.2800,1.798413
FILLER_95_781,VPWR,li1,365.4700,269.2800,1.798426
FILLER_95_773,VPWR,li1,362.9400,269.2800,1.798440
FILLER_95_762,VPWR,li1,356.5000,269.2800,1.798520
FILLER_95_754,VPWR,li1,354.2000,269.2800,1.798579
FILLER_95_742,VPWR,li1,349.6000,269.2800,1.798668
FILLER_95_737,VPWR,li1,345.0000,269.2800,1.798767
FILLER_95_729,VPWR,li1,342.7000,269.2800,1.798863
FILLER_95_724,VPWR,li1,339.4800,269.2800,1.798932
FILLER_95_712,VPWR,li1,335.8000,269.2800,1.799041
FILLER_95_700,VPWR,li1,330.2800,269.2800,1.799243
FILLER_95_686,VPWR,li1,321.3100,269.2800,1.798816
FILLER_95_680,VPWR,li1,319.7000,269.2800,1.798816
FILLER_95_657,VPWR,li1,308.6600,269.2800,1.798315
FILLER_95_645,VPWR,li1,304.9800,269.2800,1.798149
FILLER_95_633,VPWR,li1,299.4600,269.2800,1.797900
FILLER_95_624,VPWR,li1,292.7900,269.2800,1.797599
FILLER_95_595,VPWR,li1,279.4500,269.2800,1.797283
FILLER_95_587,VPWR,li1,277.3800,269.2800,1.797240
FILLER_95_575,VPWR,li1,272.7800,269.2800,1.797203
FILLER_95_569,VPWR,li1,267.9500,269.2800,1.797144
FILLER_95_561,VPWR,li1,265.4200,269.2800,1.797101
FILLER_95_559,VPWR,li1,262.8900,269.2800,1.797067
FILLER_95_555,VPWR,li1,261.7400,269.2800,1.797067
FILLER_95_547,VPWR,li1,257.3700,269.2800,1.796993
FILLER_95_541,VPWR,li1,255.7600,269.2800,1.796993
FILLER_95_535,VPWR,li1,252.5400,269.2800,1.796953
FILLER_95_505,VPWR,li1,238.0500,269.2800,1.796945
FILLER_95_503,VPWR,li1,237.1300,269.2800,1.796964
FILLER_95_499,VPWR,li1,235.9800,269.2800,1.796964
FILLER_95_487,VPWR,li1,232.3000,269.2800,1.796996
FILLER_95_466,VPWR,li1,220.1100,269.2800,1.797199
FILLER_95_454,VPWR,li1,217.1200,269.2800,1.797314
FILLER_95_446,VPWR,li1,211.1400,269.2800,1.797540
FILLER_95_438,VPWR,li1,208.8400,269.2800,1.797617
FILLER_95_426,VPWR,li1,201.9400,269.2800,1.797905
FILLER_95_410,VPWR,li1,194.3500,269.2800,1.798204
FILLER_95_406,VPWR,li1,193.2000,269.2800,1.798204
FILLER_95_390,VPWR,li1,185.3800,269.2800,1.798579
FILLER_95_381,VPWR,li1,181.4700,269.2800,1.798809
FILLER_95_373,VPWR,li1,178.9400,269.2800,1.798952
FILLER_95_361,VPWR,li1,174.3400,269.2800,1.799203
FILLER_95_349,VPWR,li1,168.8200,269.2800,1.799085
FILLER_95_337,VPWR,li1,163.3000,269.2800,1.798966
FILLER_95_335,VPWR,li1,159.8500,269.2800,1.798858
FILLER_95_329,VPWR,li1,158.2400,269.2800,1.798858
FILLER_95_315,VPWR,li1,150.6500,269.2800,1.798677
FILLER_95_309,VPWR,li1,149.0400,269.2800,1.798677
FILLER_95_302,VPWR,li1,144.6700,269.2800,1.798596
FILLER_95_290,VPWR,li1,141.6800,269.2800,1.798537
FILLER_95_281,VPWR,li1,135.2400,269.2800,1.798493
FILLER_95_276,VPWR,li1,133.4000,269.2800,1.798487
FILLER_95_262,VPWR,li1,126.2700,269.2800,1.798493
FILLER_95_246,VPWR,li1,119.3700,269.2800,1.798537
FILLER_95_238,VPWR,li1,116.8400,269.2800,1.798554
FILLER_95_225,VPWR,li1,109.4800,269.2800,1.798612
FILLER_95_222,VPWR,li1,108.1000,269.2800,1.798612
FILLER_95_214,VPWR,li1,105.8000,269.2800,1.798628
FILLER_95_195,VPWR,li1,95.6800,269.2800,1.798701
FILLER_95_169,VPWR,li1,86.0200,269.2800,1.798788
FILLER_95_167,VPWR,li1,82.5700,269.2800,1.798834
FILLER_95_155,VPWR,li1,79.5800,269.2800,1.798880
FILLER_95_136,VPWR,li1,69.9200,269.2800,1.799033
FILLER_95_125,VPWR,li1,63.2500,269.2800,1.799134
FILLER_95_113,VPWR,li1,60.2600,269.2800,1.799181
FILLER_95_110,VPWR,li1,56.5800,269.2800,1.799240
FILLER_95_102,VPWR,li1,54.2800,269.2800,1.799299
FILLER_95_81,VPWR,li1,44.6200,269.2800,1.799437
FILLER_95_69,VPWR,li1,40.0200,269.2800,1.799510
FILLER_95_57,VPWR,li1,34.5000,269.2800,1.799602
FILLER_95_55,VPWR,li1,31.0500,269.2800,1.799679
FILLER_95_51,VPWR,li1,29.9000,269.2800,1.799679
FILLER_95_39,VPWR,li1,26.2200,269.2800,1.799741
FILLER_95_27,VPWR,li1,20.7000,269.2800,1.799833
FILLER_95_15,VPWR,li1,15.1800,269.2800,1.799833
FILLER_95_3,VPWR,li1,9.6600,269.2800,1.799833
FILLER_94_819,VPWR,li1,382.4900,269.2800,1.798378
FILLER_94_813,VPWR,li1,380.8800,269.2800,1.798378
FILLER_94_810,VPWR,li1,378.5800,269.2800,1.798378
FILLER_94_798,VPWR,li1,375.3600,269.2800,1.798389
FILLER_94_775,VPWR,li1,362.7100,269.2800,1.798440
FILLER_94_763,VPWR,li1,359.2600,269.2800,1.798473
FILLER_94_757,VPWR,li1,354.4300,269.2800,1.798579
FILLER_94_754,VPWR,li1,352.8200,269.2800,1.798579
FILLER_94_745,VPWR,li1,348.9100,269.2800,1.798668
FILLER_94_737,VPWR,li1,346.3800,269.2800,1.798767
FILLER_94_725,VPWR,li1,341.7800,269.2800,1.798863
FILLER_94_713,VPWR,li1,336.2600,269.2800,1.799041
FILLER_94_701,VPWR,li1,330.7400,269.2800,1.799243
FILLER_94_699,VPWR,li1,327.2900,269.2800,1.799142
FILLER_94_693,VPWR,li1,324.5300,269.2800,1.799037
FILLER_94_681,VPWR,li1,321.5400,269.2800,1.798900
FILLER_94_669,VPWR,li1,316.0200,269.2800,1.798648
FILLER_94_657,VPWR,li1,310.5000,269.2800,1.798398
FILLER_94_645,VPWR,li1,304.9800,269.2800,1.798149
FILLER_94_641,VPWR,li1,301.0700,269.2800,1.797900
FILLER_94_629,VPWR,li1,297.6200,269.2800,1.797817
FILLER_94_620,VPWR,li1,291.1800,269.2800,1.797517
FILLER_94_608,VPWR,li1,287.9600,269.2800,1.797414
FILLER_94_601,VPWR,li1,282.9000,269.2800,1.797309
FILLER_94_589,VPWR,li1,279.2200,269.2800,1.797283
FILLER_94_587,VPWR,li1,275.7700,269.2800,1.797240
FILLER_94_581,VPWR,li1,274.1600,269.2800,1.797203
FILLER_94_569,VPWR,li1,270.0200,269.2800,1.797169
FILLER_94_557,VPWR,li1,264.5000,269.2800,1.797101
FILLER_94_545,VPWR,li1,258.9800,269.2800,1.797033
FILLER_94_533,VPWR,li1,253.4600,269.2800,1.796953
FILLER_94_529,VPWR,li1,249.5500,269.2800,1.796917
FILLER_94_521,VPWR,li1,245.4100,269.2800,1.796913
FILLER_94_513,VPWR,li1,243.3400,269.2800,1.796920
FILLER_94_501,VPWR,li1,238.7400,269.2800,1.796945
FILLER_94_489,VPWR,li1,233.2200,269.2800,1.796996
FILLER_94_477,VPWR,li1,227.7000,269.2800,1.797047
FILLER_94_462,VPWR,li1,218.2700,269.2800,1.797314
FILLER_94_454,VPWR,li1,215.0500,269.2800,1.797380
FILLER_94_445,VPWR,li1,210.6800,269.2800,1.797540
FILLER_94_429,VPWR,li1,203.5500,269.2800,1.797808
FILLER_94_421,VPWR,li1,201.0200,269.2800,1.797905
FILLER_94_418,VPWR,li1,198.2600,269.2800,1.798010
FILLER_94_410,VPWR,li1,195.9600,269.2800,1.798124
FILLER_94_380,VPWR,li1,181.2400,269.2800,1.798809
FILLER_94_372,VPWR,li1,176.8700,269.2800,1.799058
FILLER_94_362,VPWR,li1,172.5000,269.2800,1.799164
FILLER_94_354,VPWR,li1,170.2000,269.2800,1.799085
FILLER_94_342,VPWR,li1,165.6000,269.2800,1.799015
FILLER_94_334,VPWR,li1,159.3900,269.2800,1.798858
FILLER_94_330,VPWR,li1,158.2400,269.2800,1.798858
FILLER_94_309,VPWR,li1,147.8900,269.2800,1.798628
FILLER_94_306,VPWR,li1,146.7400,269.2800,1.798628
FILLER_94_298,VPWR,li1,144.4400,269.2800,1.798596
FILLER_94_283,VPWR,li1,136.6200,269.2800,1.798493
FILLER_94_271,VPWR,li1,132.9400,269.2800,1.798487
FILLER_94_259,VPWR,li1,124.8900,269.2800,1.798511
FILLER_94_253,VPWR,li1,123.2800,269.2800,1.798511
FILLER_94_251,VPWR,li1,121.2100,269.2800,1.798525
FILLER_94_245,VPWR,li1,119.6000,269.2800,1.798537
FILLER_94_233,VPWR,li1,115.4600,269.2800,1.798572
FILLER_94_221,VPWR,li1,109.9400,269.2800,1.798600
FILLER_94_209,VPWR,li1,104.4200,269.2800,1.798648
FILLER_94_197,VPWR,li1,98.9000,269.2800,1.798679
FILLER_94_195,VPWR,li1,95.4500,269.2800,1.798701
FILLER_94_187,VPWR,li1,93.3800,269.2800,1.798716
FILLER_94_159,VPWR,li1,80.5000,269.2800,1.798880
FILLER_94_139,VPWR,li1,69.6900,269.2800,1.799033
FILLER_94_133,VPWR,li1,68.0800,269.2800,1.799072
FILLER_94_121,VPWR,li1,63.9400,269.2800,1.799134
FILLER_94_109,VPWR,li1,58.4200,269.2800,1.799211
FILLER_94_97,VPWR,li1,52.9000,269.2800,1.799299
FILLER_94_85,VPWR,li1,47.3800,269.2800,1.799387
FILLER_94_83,VPWR,li1,43.9300,269.2800,1.799472
FILLER_94_77,VPWR,li1,42.3200,269.2800,1.799472
FILLER_94_65,VPWR,li1,38.1800,269.2800,1.799541
FILLER_94_53,VPWR,li1,32.6600,269.2800,1.799633
FILLER_94_41,VPWR,li1,27.1400,269.2800,1.799741
FILLER_94_29,VPWR,li1,21.6200,269.2800,1.799833
FILLER_94_27,VPWR,li1,18.1700,269.2800,1.799833
FILLER_94_15,VPWR,li1,15.1800,269.2800,1.799833
FILLER_94_3,VPWR,li1,9.6600,269.2800,1.799833
FILLER_93_821,VPWR,li1,383.8700,263.8400,1.797979
FILLER_93_809,VPWR,li1,380.4200,263.8400,1.797981
FILLER_93_797,VPWR,li1,374.9000,263.8400,1.797984
FILLER_93_785,VPWR,li1,369.3800,263.8400,1.797988
FILLER_93_783,VPWR,li1,365.9300,263.8400,1.797991
FILLER_93_777,VPWR,li1,364.3200,263.8400,1.797991
FILLER_93_748,VPWR,li1,349.8300,263.8400,1.798215
FILLER_93_744,VPWR,li1,348.6800,263.8400,1.798215
FILLER_93_729,VPWR,li1,342.2400,263.8400,1.798477
FILLER_93_714,VPWR,li1,334.6500,263.8400,1.798796
FILLER_93_706,VPWR,li1,330.5100,263.8400,1.799125
FILLER_93_702,VPWR,li1,329.3600,263.8400,1.799125
FILLER_93_686,VPWR,li1,321.5400,263.8400,1.798952
FILLER_93_673,VPWR,li1,316.4800,263.8400,1.798839
FILLER_93_654,VPWR,li1,306.5900,263.8400,1.798592
FILLER_93_641,VPWR,li1,300.6100,263.8400,1.798504
FILLER_93_617,VPWR,li1,290.0300,263.8400,1.798283
FILLER_93_608,VPWR,li1,287.0400,263.8400,1.798231
FILLER_93_602,VPWR,li1,282.9000,263.8400,1.798180
FILLER_93_590,VPWR,li1,279.6800,263.8400,1.798168
FILLER_93_585,VPWR,li1,274.8500,263.8400,1.798157
FILLER_93_581,VPWR,li1,273.7000,263.8400,1.798157
FILLER_93_568,VPWR,li1,268.1800,263.8400,1.798146
FILLER_93_559,VPWR,li1,262.8900,263.8400,1.798142
FILLER_93_541,VPWR,li1,255.0700,263.8400,1.798140
FILLER_93_529,VPWR,li1,251.6200,263.8400,1.798140
FILLER_93_512,VPWR,li1,241.5000,263.8400,1.798182
FILLER_93_500,VPWR,li1,235.7500,263.8400,1.798240
FILLER_93_477,VPWR,li1,226.3200,263.8400,1.798345
FILLER_93_465,VPWR,li1,222.1800,263.8400,1.798440
FILLER_93_457,VPWR,li1,215.9700,263.8400,1.798535
FILLER_93_449,VPWR,li1,213.9000,263.8400,1.798599
FILLER_93_447,VPWR,li1,211.3700,263.8400,1.798659
FILLER_93_443,VPWR,li1,210.2200,263.8400,1.798659
FILLER_93_430,VPWR,li1,203.5500,263.8400,1.798838
FILLER_93_424,VPWR,li1,201.9400,263.8400,1.798838
FILLER_93_412,VPWR,li1,197.8000,263.8400,1.798953
FILLER_93_400,VPWR,li1,192.2800,263.8400,1.799050
FILLER_93_390,VPWR,li1,185.3800,263.8400,1.799214
FILLER_93_382,VPWR,li1,183.0800,263.8400,1.799312
FILLER_93_372,VPWR,li1,177.5600,263.8400,1.799451
FILLER_93_345,VPWR,li1,166.0600,263.8400,1.799402
FILLER_93_337,VPWR,li1,161.2300,263.8400,1.799334
FILLER_93_331,VPWR,li1,158.0100,263.8400,1.799306
FILLER_93_327,VPWR,li1,156.8600,263.8400,1.799268
FILLER_93_307,VPWR,li1,147.6600,263.8400,1.799185
FILLER_93_301,VPWR,li1,144.4400,263.8400,1.799164
FILLER_93_293,VPWR,li1,142.1400,263.8400,1.799155
FILLER_93_281,VPWR,li1,135.2400,263.8400,1.799131
FILLER_93_277,VPWR,li1,133.6300,263.8400,1.799131
FILLER_93_265,VPWR,li1,130.1800,263.8400,1.799129
FILLER_93_255,VPWR,li1,123.7400,263.8400,1.799144
FILLER_93_249,VPWR,li1,120.2900,263.8400,1.799160
FILLER_93_245,VPWR,li1,119.1400,263.8400,1.799160
FILLER_93_225,VPWR,li1,109.4800,263.8400,1.799208
FILLER_93_223,VPWR,li1,108.3300,263.8400,1.799208
FILLER_93_215,VPWR,li1,106.2600,263.8400,1.799221
FILLER_93_193,VPWR,li1,97.0600,263.8400,1.799264
FILLER_93_181,VPWR,li1,91.5400,263.8400,1.799292
FILLER_93_175,VPWR,li1,86.2500,263.8400,1.799328
FILLER_93_169,VPWR,li1,84.6400,263.8400,1.799328
FILLER_93_167,VPWR,li1,82.5700,263.8400,1.799339
FILLER_93_155,VPWR,li1,79.5800,263.8400,1.799355
FILLER_93_143,VPWR,li1,74.0600,263.8400,1.799394
FILLER_93_136,VPWR,li1,68.7700,263.8400,1.799418
FILLER_93_128,VPWR,li1,66.2400,263.8400,1.799430
FILLER_93_120,VPWR,li1,60.9500,263.8400,1.799464
FILLER_93_111,VPWR,li1,56.8100,263.8400,1.799499
FILLER_93_103,VPWR,li1,53.1300,263.8400,1.799550
FILLER_93_97,VPWR,li1,51.5200,263.8400,1.799550
FILLER_93_81,VPWR,li1,43.2400,263.8400,1.799645
FILLER_93_69,VPWR,li1,40.0200,263.8400,1.799670
FILLER_93_57,VPWR,li1,34.5000,263.8400,1.799733
FILLER_93_55,VPWR,li1,31.0500,263.8400,1.799784
FILLER_93_51,VPWR,li1,29.9000,263.8400,1.799784
FILLER_93_39,VPWR,li1,26.2200,263.8400,1.799826
FILLER_93_27,VPWR,li1,20.7000,263.8400,1.799888
FILLER_93_15,VPWR,li1,15.1800,263.8400,1.799888
FILLER_93_3,VPWR,li1,9.6600,263.8400,1.799888
FILLER_92_819,VPWR,li1,382.4900,263.8400,1.797979
FILLER_92_813,VPWR,li1,380.8800,263.8400,1.797981
FILLER_92_811,VPWR,li1,378.8100,263.8400,1.797983
FILLER_92_805,VPWR,li1,377.2000,263.8400,1.797983
FILLER_92_793,VPWR,li1,373.0600,263.8400,1.797986
FILLER_92_761,VPWR,li1,355.8100,263.8400,1.798078
FILLER_92_757,VPWR,li1,354.6600,263.8400,1.798078
FILLER_92_749,VPWR,li1,350.9800,263.8400,1.798159
FILLER_92_743,VPWR,li1,347.5300,263.8400,1.798284
FILLER_92_732,VPWR,li1,342.7000,263.8400,1.798477
FILLER_92_722,VPWR,li1,337.8700,263.8400,1.798673
FILLER_92_716,VPWR,li1,336.2600,263.8400,1.798796
FILLER_92_709,VPWR,li1,331.8900,263.8400,1.798943
FILLER_92_701,VPWR,li1,329.8200,263.8400,1.799125
FILLER_92_699,VPWR,li1,327.2900,263.8400,1.799058
FILLER_92_695,VPWR,li1,326.1400,263.8400,1.799058
FILLER_92_684,VPWR,li1,320.3900,263.8400,1.798890
FILLER_92_678,VPWR,li1,318.7800,263.8400,1.798890
FILLER_92_666,VPWR,li1,314.6400,263.8400,1.798783
FILLER_92_657,VPWR,li1,307.9700,263.8400,1.798653
FILLER_92_645,VPWR,li1,304.9800,263.8400,1.798592
FILLER_92_640,VPWR,li1,300.8400,263.8400,1.798504
FILLER_92_628,VPWR,li1,297.1600,263.8400,1.798423
FILLER_92_622,VPWR,li1,292.3300,263.8400,1.798331
FILLER_92_614,VPWR,li1,289.8000,263.8400,1.798283
FILLER_92_603,VPWR,li1,283.8200,263.8400,1.798202
FILLER_92_585,VPWR,li1,275.3100,263.8400,1.798157
FILLER_92_565,VPWR,li1,265.6500,263.8400,1.798144
FILLER_92_559,VPWR,li1,264.0400,263.8400,1.798143
FILLER_92_553,VPWR,li1,260.1300,263.8400,1.798140
FILLER_92_545,VPWR,li1,258.0600,263.8400,1.798140
FILLER_92_533,VPWR,li1,253.4600,263.8400,1.798140
FILLER_92_530,VPWR,li1,249.7800,263.8400,1.798141
FILLER_92_522,VPWR,li1,247.4800,263.8400,1.798144
FILLER_92_507,VPWR,li1,240.5800,263.8400,1.798202
FILLER_92_495,VPWR,li1,235.9800,263.8400,1.798240
FILLER_92_484,VPWR,li1,228.6200,263.8400,1.798321
FILLER_92_472,VPWR,li1,223.5600,263.8400,1.798391
FILLER_92_457,VPWR,li1,217.1200,263.8400,1.798535
FILLER_92_445,VPWR,li1,212.9800,263.8400,1.798599
FILLER_92_433,VPWR,li1,207.4600,263.8400,1.798718
FILLER_92_421,VPWR,li1,201.9400,263.8400,1.798838
FILLER_92_419,VPWR,li1,198.4900,263.8400,1.798913
FILLER_92_410,VPWR,li1,194.5800,263.8400,1.798999
FILLER_92_403,VPWR,li1,191.5900,263.8400,1.799096
FILLER_92_386,VPWR,li1,183.3100,263.8400,1.799312
FILLER_92_382,VPWR,li1,182.1600,263.8400,1.799312
FILLER_92_370,VPWR,li1,178.4800,263.8400,1.799451
FILLER_92_361,VPWR,li1,172.2700,263.8400,1.799502
FILLER_92_349,VPWR,li1,168.8200,263.8400,1.799459
FILLER_92_333,VPWR,li1,158.9300,263.8400,1.799306
FILLER_92_321,VPWR,li1,155.9400,263.8400,1.799268
FILLER_92_309,VPWR,li1,150.4200,263.8400,1.799203
FILLER_92_305,VPWR,li1,146.5100,263.8400,1.799173
FILLER_92_297,VPWR,li1,143.9800,263.8400,1.799164
FILLER_92_285,VPWR,li1,139.3800,263.8400,1.799142
FILLER_92_273,VPWR,li1,133.8600,263.8400,1.799131
FILLER_92_265,VPWR,li1,127.6500,263.8400,1.799133
FILLER_92_257,VPWR,li1,123.9700,263.8400,1.799144
FILLER_92_253,VPWR,li1,122.8200,263.8400,1.799151
FILLER_92_240,VPWR,li1,116.8400,263.8400,1.799169
FILLER_92_230,VPWR,li1,111.5500,263.8400,1.799193
FILLER_92_224,VPWR,li1,109.9400,263.8400,1.799208
FILLER_92_217,VPWR,li1,105.5700,263.8400,1.799221
FILLER_92_209,VPWR,li1,103.5000,263.8400,1.799231
FILLER_92_197,VPWR,li1,98.9000,263.8400,1.799255
FILLER_92_192,VPWR,li1,94.7600,263.8400,1.799275
FILLER_92_178,VPWR,li1,87.6300,263.8400,1.799312
FILLER_92_172,VPWR,li1,86.0200,263.8400,1.799328
FILLER_92_149,VPWR,li1,76.8200,263.8400,1.799370
FILLER_92_141,VPWR,li1,70.6100,263.8400,1.799407
FILLER_92_132,VPWR,li1,66.4700,263.8400,1.799430
FILLER_92_124,VPWR,li1,64.4000,263.8400,1.799451
FILLER_92_109,VPWR,li1,56.1200,263.8400,1.799517
FILLER_92_97,VPWR,li1,52.9000,263.8400,1.799550
FILLER_92_85,VPWR,li1,47.3800,263.8400,1.799589
FILLER_92_83,VPWR,li1,43.9300,263.8400,1.799645
FILLER_92_77,VPWR,li1,42.3200,263.8400,1.799645
FILLER_92_65,VPWR,li1,38.1800,263.8400,1.799691
FILLER_92_53,VPWR,li1,32.6600,263.8400,1.799753
FILLER_92_41,VPWR,li1,27.1400,263.8400,1.799826
FILLER_92_29,VPWR,li1,21.6200,263.8400,1.799888
FILLER_92_27,VPWR,li1,18.1700,263.8400,1.799888
FILLER_92_15,VPWR,li1,15.1800,263.8400,1.799888
FILLER_92_3,VPWR,li1,9.6600,263.8400,1.799888
FILLER_91_809,VPWR,li1,380.4200,258.4000,1.799764
FILLER_91_797,VPWR,li1,374.9000,258.4000,1.799765
FILLER_91_785,VPWR,li1,369.3800,258.4000,1.799765
FILLER_91_780,VPWR,li1,365.2400,258.4000,1.799765
FILLER_91_768,VPWR,li1,361.5600,258.4000,1.799766
FILLER_91_756,VPWR,li1,356.0400,258.4000,1.799766
FILLER_91_744,VPWR,li1,350.5200,258.4000,1.799767
FILLER_91_732,VPWR,li1,345.0000,258.4000,1.799769
FILLER_91_727,VPWR,li1,340.1700,258.4000,1.799772
FILLER_91_723,VPWR,li1,339.0200,258.4000,1.799772
FILLER_91_711,VPWR,li1,335.3400,258.4000,1.799777
FILLER_91_695,VPWR,li1,325.6800,258.4000,1.799760
FILLER_91_687,VPWR,li1,323.3800,258.4000,1.799725
FILLER_91_670,VPWR,li1,314.1800,258.4000,1.799595
FILLER_91_661,VPWR,li1,310.0400,258.4000,1.799543
FILLER_91_653,VPWR,li1,307.7400,258.4000,1.799529
FILLER_91_641,VPWR,li1,303.1400,258.4000,1.799507
FILLER_91_629,VPWR,li1,297.6200,258.4000,1.799475
FILLER_91_617,VPWR,li1,292.1000,258.4000,1.799444
FILLER_91_613,VPWR,li1,288.1900,258.4000,1.799421
FILLER_91_605,VPWR,li1,285.6600,258.4000,1.799406
FILLER_91_595,VPWR,li1,280.1400,258.4000,1.799380
FILLER_91_583,VPWR,li1,276.4600,258.4000,1.799376
FILLER_91_576,VPWR,li1,270.7100,258.4000,1.799369
FILLER_91_561,VPWR,li1,264.0400,258.4000,1.799363
FILLER_91_541,VPWR,li1,255.7600,258.4000,1.799358
FILLER_91_517,VPWR,li1,244.7200,258.4000,1.799371
FILLER_91_505,VPWR,li1,240.5800,258.4000,1.799394
FILLER_91_500,VPWR,li1,236.4400,258.4000,1.799424
FILLER_91_484,VPWR,li1,230.9200,258.4000,1.799457
FILLER_91_472,VPWR,li1,225.4000,258.4000,1.799500
FILLER_91_463,VPWR,li1,219.4200,258.4000,1.799534
FILLER_91_440,VPWR,li1,208.1500,258.4000,1.799622
FILLER_91_434,VPWR,li1,206.5400,258.4000,1.799622
FILLER_91_406,VPWR,li1,192.7400,258.4000,1.799731
FILLER_91_393,VPWR,li1,187.6800,258.4000,1.799778
FILLER_91_383,VPWR,li1,182.1600,258.4000,1.799809
FILLER_91_375,VPWR,li1,179.8600,258.4000,1.799828
FILLER_91_369,VPWR,li1,175.7200,258.4000,1.799869
FILLER_91_361,VPWR,li1,173.4200,258.4000,1.799858
FILLER_91_348,VPWR,li1,165.8300,258.4000,1.799817
FILLER_91_344,VPWR,li1,164.6800,258.4000,1.799817
FILLER_91_329,VPWR,li1,157.7800,258.4000,1.799788
FILLER_91_322,VPWR,li1,153.8700,258.4000,1.799770
FILLER_91_316,VPWR,li1,152.2600,258.4000,1.799761
FILLER_91_311,VPWR,li1,149.0400,258.4000,1.799744
FILLER_91_297,VPWR,li1,142.3700,258.4000,1.799732
FILLER_91_289,VPWR,li1,140.3000,258.4000,1.799730
FILLER_91_281,VPWR,li1,135.0100,258.4000,1.799724
FILLER_91_273,VPWR,li1,131.5600,258.4000,1.799720
FILLER_91_265,VPWR,li1,129.2600,258.4000,1.799719
FILLER_91_253,VPWR,li1,123.7400,258.4000,1.799716
FILLER_91_244,VPWR,li1,118.2200,258.4000,1.799719
FILLER_91_232,VPWR,li1,115.0000,258.4000,1.799722
FILLER_91_222,VPWR,li1,108.1000,258.4000,1.799730
FILLER_91_205,VPWR,li1,100.7400,258.4000,1.799739
FILLER_91_196,VPWR,li1,96.1400,258.4000,1.799745
FILLER_91_187,VPWR,li1,91.7700,258.4000,1.799751
FILLER_91_179,VPWR,li1,89.7000,258.4000,1.799755
FILLER_91_173,VPWR,li1,85.3300,258.4000,1.799762
FILLER_91_169,VPWR,li1,84.1800,258.4000,1.799766
FILLER_91_165,VPWR,li1,82.1100,258.4000,1.799769
FILLER_91_157,VPWR,li1,79.5800,258.4000,1.799774
FILLER_91_145,VPWR,li1,73.6000,258.4000,1.799786
FILLER_91_138,VPWR,li1,69.2300,258.4000,1.799795
FILLER_91_132,VPWR,li1,67.6200,258.4000,1.799795
FILLER_91_120,VPWR,li1,63.4800,258.4000,1.799807
FILLER_91_113,VPWR,li1,57.7300,258.4000,1.799823
FILLER_91_108,VPWR,li1,56.1200,258.4000,1.799823
FILLER_91_81,VPWR,li1,44.6200,258.4000,1.799864
FILLER_91_69,VPWR,li1,40.0200,258.4000,1.799882
FILLER_91_57,VPWR,li1,34.5000,258.4000,1.799904
FILLER_91_55,VPWR,li1,31.0500,258.4000,1.799923
FILLER_91_51,VPWR,li1,29.9000,258.4000,1.799923
FILLER_91_39,VPWR,li1,26.2200,258.4000,1.799937
FILLER_91_27,VPWR,li1,20.7000,258.4000,1.799960
FILLER_91_15,VPWR,li1,15.1800,258.4000,1.799960
FILLER_91_3,VPWR,li1,9.6600,258.4000,1.799960
FILLER_90_819,VPWR,li1,382.4900,258.4000,1.799764
FILLER_90_813,VPWR,li1,380.8800,258.4000,1.799764
FILLER_90_811,VPWR,li1,378.8100,258.4000,1.799764
FILLER_90_805,VPWR,li1,377.2000,258.4000,1.799764
FILLER_90_793,VPWR,li1,373.0600,258.4000,1.799765
FILLER_90_781,VPWR,li1,367.5400,258.4000,1.799765
FILLER_90_769,VPWR,li1,362.0200,258.4000,1.799766
FILLER_90_757,VPWR,li1,354.2000,258.4000,1.799767
FILLER_90_744,VPWR,li1,350.5200,258.4000,1.799767
FILLER_90_739,VPWR,li1,345.6900,258.4000,1.799768
FILLER_90_735,VPWR,li1,343.8500,258.4000,1.799769
FILLER_90_731,VPWR,li1,342.7000,258.4000,1.799769
FILLER_90_719,VPWR,li1,339.0200,258.4000,1.799772
FILLER_90_714,VPWR,li1,334.4200,258.4000,1.799777
FILLER_90_706,VPWR,li1,332.1200,258.4000,1.799781
FILLER_90_698,VPWR,li1,327.0600,258.4000,1.799760
FILLER_90_690,VPWR,li1,324.7600,258.4000,1.799725
FILLER_90_678,VPWR,li1,320.1600,258.4000,1.799677
FILLER_90_658,VPWR,li1,308.4300,258.4000,1.799543
FILLER_90_650,VPWR,li1,306.3600,258.4000,1.799529
FILLER_90_642,VPWR,li1,301.3000,258.4000,1.799497
FILLER_90_634,VPWR,li1,299.0000,258.4000,1.799475
FILLER_90_630,VPWR,li1,295.5500,258.4000,1.799463
FILLER_90_618,VPWR,li1,292.5600,258.4000,1.799444
FILLER_90_606,VPWR,li1,287.0400,258.4000,1.799406
FILLER_90_589,VPWR,li1,277.1500,258.4000,1.799376
FILLER_90_587,VPWR,li1,275.7700,258.4000,1.799374
FILLER_90_581,VPWR,li1,274.1600,258.4000,1.799374
FILLER_90_569,VPWR,li1,270.0200,258.4000,1.799369
FILLER_90_565,VPWR,li1,265.6500,258.4000,1.799365
FILLER_90_557,VPWR,li1,263.5800,258.4000,1.799363
FILLER_90_541,VPWR,li1,255.0700,258.4000,1.799358
FILLER_90_533,VPWR,li1,252.5400,258.4000,1.799356
FILLER_90_526,VPWR,li1,248.8600,258.4000,1.799355
FILLER_90_514,VPWR,li1,242.4200,258.4000,1.799382
FILLER_90_502,VPWR,li1,239.2000,258.4000,1.799412
FILLER_90_486,VPWR,li1,230.4600,258.4000,1.799457
FILLER_90_477,VPWR,li1,225.4000,258.4000,1.799500
FILLER_90_474,VPWR,li1,224.0200,258.4000,1.799500
FILLER_90_459,VPWR,li1,217.1200,258.4000,1.799548
FILLER_90_451,VPWR,li1,214.8200,258.4000,1.799570
FILLER_90_439,VPWR,li1,210.2200,258.4000,1.799603
FILLER_90_427,VPWR,li1,204.7000,258.4000,1.799642
FILLER_90_408,VPWR,li1,195.9600,258.4000,1.799712
FILLER_90_395,VPWR,li1,189.0600,258.4000,1.799755
FILLER_90_383,VPWR,li1,184.4600,258.4000,1.799793
FILLER_90_365,VPWR,li1,174.8000,258.4000,1.799869
FILLER_90_363,VPWR,li1,172.7300,258.4000,1.799858
FILLER_90_351,VPWR,li1,169.7400,258.4000,1.799844
FILLER_90_339,VPWR,li1,164.2200,258.4000,1.799817
FILLER_90_327,VPWR,li1,158.7000,258.4000,1.799788
FILLER_90_309,VPWR,li1,147.8900,258.4000,1.799744
FILLER_90_306,VPWR,li1,146.7400,258.4000,1.799736
FILLER_90_291,VPWR,li1,142.1400,258.4000,1.799732
FILLER_90_279,VPWR,li1,136.6200,258.4000,1.799724
FILLER_90_267,VPWR,li1,131.1000,258.4000,1.799720
FILLER_90_259,VPWR,li1,124.8900,258.4000,1.799715
FILLER_90_253,VPWR,li1,122.5900,258.4000,1.799716
FILLER_90_249,VPWR,li1,120.7500,258.4000,1.799717
FILLER_90_240,VPWR,li1,116.3800,258.4000,1.799722
FILLER_90_226,VPWR,li1,110.8600,258.4000,1.799727
FILLER_90_214,VPWR,li1,106.7200,258.4000,1.799732
FILLER_90_202,VPWR,li1,101.2000,258.4000,1.799739
FILLER_90_188,VPWR,li1,92.2300,258.4000,1.799751
FILLER_90_180,VPWR,li1,90.1600,258.4000,1.799755
FILLER_90_168,VPWR,li1,83.2600,258.4000,1.799766
FILLER_90_160,VPWR,li1,79.3500,258.4000,1.799774
FILLER_90_149,VPWR,li1,74.2900,258.4000,1.799782
FILLER_90_141,VPWR,li1,72.2200,258.4000,1.799786
FILLER_90_132,VPWR,li1,68.0800,258.4000,1.799795
FILLER_90_117,VPWR,li1,59.8000,258.4000,1.799814
FILLER_90_109,VPWR,li1,57.5000,258.4000,1.799823
FILLER_90_97,VPWR,li1,52.9000,258.4000,1.799838
FILLER_90_85,VPWR,li1,46.0000,258.4000,1.799864
FILLER_90_83,VPWR,li1,43.9300,258.4000,1.799872
FILLER_90_77,VPWR,li1,42.3200,258.4000,1.799872
FILLER_90_65,VPWR,li1,38.1800,258.4000,1.799889
FILLER_90_53,VPWR,li1,32.6600,258.4000,1.799911
FILLER_90_41,VPWR,li1,27.1400,258.4000,1.799937
FILLER_90_29,VPWR,li1,21.6200,258.4000,1.799960
FILLER_90_27,VPWR,li1,18.1700,258.4000,1.799960
FILLER_90_15,VPWR,li1,15.1800,258.4000,1.799960
FILLER_90_3,VPWR,li1,9.6600,258.4000,1.799960
FILLER_89_809,VPWR,li1,380.4200,252.9600,1.799732
FILLER_89_797,VPWR,li1,374.9000,252.9600,1.799732
FILLER_89_785,VPWR,li1,369.3800,252.9600,1.799732
FILLER_89_782,VPWR,li1,365.7000,252.9600,1.799732
FILLER_89_774,VPWR,li1,363.4000,252.9600,1.799732
FILLER_89_702,VPWR,li1,329.3600,252.9600,1.799836
FILLER_89_693,VPWR,li1,324.7600,252.9600,1.799788
FILLER_89_685,VPWR,li1,320.8500,252.9600,1.799758
FILLER_89_673,VPWR,li1,317.8600,252.9600,1.799743
FILLER_89_671,VPWR,li1,314.4100,252.9600,1.799724
FILLER_89_663,VPWR,li1,310.7300,252.9600,1.799704
FILLER_89_624,VPWR,li1,293.0200,252.9600,1.799671
FILLER_89_615,VPWR,li1,288.6500,252.9600,1.799665
FILLER_89_611,VPWR,li1,287.5000,252.9600,1.799661
FILLER_89_599,VPWR,li1,283.8200,252.9600,1.799657
FILLER_89_592,VPWR,li1,278.5300,252.9600,1.799654
FILLER_89_584,VPWR,li1,276.0000,252.9600,1.799654
FILLER_89_572,VPWR,li1,271.4000,252.9600,1.799655
FILLER_89_537,VPWR,li1,254.3800,252.9600,1.799663
FILLER_89_511,VPWR,li1,240.8100,252.9600,1.799681
FILLER_89_505,VPWR,li1,239.2000,252.9600,1.799681
FILLER_89_500,VPWR,li1,236.4400,252.9600,1.799692
FILLER_89_488,VPWR,li1,232.7600,252.9600,1.799709
FILLER_89_472,VPWR,li1,224.0200,252.9600,1.799734
FILLER_89_465,VPWR,li1,219.6500,252.9600,1.799751
FILLER_89_461,VPWR,li1,218.5000,252.9600,1.799759
FILLER_89_449,VPWR,li1,214.8200,252.9600,1.799772
FILLER_89_444,VPWR,li1,210.6800,252.9600,1.799785
FILLER_89_429,VPWR,li1,203.5500,252.9600,1.799816
FILLER_89_417,VPWR,li1,200.1000,252.9600,1.799828
FILLER_89_405,VPWR,li1,194.5800,252.9600,1.799852
FILLER_89_393,VPWR,li1,189.0600,252.9600,1.799877
FILLER_89_389,VPWR,li1,185.1500,252.9600,1.799889
FILLER_89_374,VPWR,li1,178.0200,252.9600,1.799924
FILLER_89_366,VPWR,li1,175.7200,252.9600,1.799932
FILLER_89_354,VPWR,li1,171.1200,252.9600,1.799922
FILLER_89_341,VPWR,li1,162.6100,252.9600,1.799901
FILLER_89_337,VPWR,li1,161.4600,252.9600,1.799901
FILLER_89_332,VPWR,li1,159.1600,252.9600,1.799896
FILLER_89_320,VPWR,li1,155.4800,252.9600,1.799887
FILLER_89_310,VPWR,li1,148.8100,252.9600,1.799874
FILLER_89_302,VPWR,li1,146.2800,252.9600,1.799869
FILLER_89_289,VPWR,li1,138.6900,252.9600,1.799854
FILLER_89_281,VPWR,li1,136.6200,252.9600,1.799850
FILLER_89_279,VPWR,li1,134.0900,252.9600,1.799844
FILLER_89_275,VPWR,li1,132.9400,252.9600,1.799844
FILLER_89_262,VPWR,li1,126.5000,252.9600,1.799833
FILLER_89_250,VPWR,li1,123.2800,252.9600,1.799825
FILLER_89_233,VPWR,li1,113.1600,252.9600,1.799821
FILLER_89_225,VPWR,li1,110.8600,252.9600,1.799822
FILLER_89_216,VPWR,li1,106.7200,252.9600,1.799826
FILLER_89_211,VPWR,li1,103.0400,252.9600,1.799827
FILLER_89_199,VPWR,li1,99.8200,252.9600,1.799830
FILLER_89_193,VPWR,li1,94.5300,252.9600,1.799835
FILLER_89_181,VPWR,li1,91.5400,252.9600,1.799837
FILLER_89_169,VPWR,li1,86.0200,252.9600,1.799844
FILLER_89_166,VPWR,li1,82.3400,252.9600,1.799846
FILLER_89_158,VPWR,li1,80.0400,252.9600,1.799849
FILLER_89_146,VPWR,li1,72.9100,252.9600,1.799859
FILLER_89_137,VPWR,li1,69.2300,252.9600,1.799862
FILLER_89_125,VPWR,li1,65.7800,252.9600,1.799866
FILLER_89_113,VPWR,li1,60.2600,252.9600,1.799877
FILLER_89_109,VPWR,li1,56.3500,252.9600,1.799882
FILLER_89_101,VPWR,li1,53.8200,252.9600,1.799887
FILLER_89_89,VPWR,li1,49.2200,252.9600,1.799897
FILLER_89_81,VPWR,li1,43.0100,252.9600,1.799912
FILLER_89_69,VPWR,li1,40.0200,252.9600,1.799918
FILLER_89_57,VPWR,li1,34.5000,252.9600,1.799934
FILLER_89_55,VPWR,li1,31.0500,252.9600,1.799944
FILLER_89_43,VPWR,li1,28.0600,252.9600,1.799955
FILLER_89_31,VPWR,li1,22.5400,252.9600,1.799971
FILLER_89_19,VPWR,li1,17.0200,252.9600,1.799970
FILLER_89_7,VPWR,li1,11.5000,252.9600,1.799970
FILLER_88_821,VPWR,li1,383.8700,252.9600,1.799732
FILLER_88_813,VPWR,li1,381.3400,252.9600,1.799732
FILLER_88_806,VPWR,li1,377.6600,252.9600,1.799732
FILLER_88_794,VPWR,li1,373.5200,252.9600,1.799732
FILLER_88_782,VPWR,li1,368.0000,252.9600,1.799732
FILLER_88_765,VPWR,li1,357.6500,252.9600,1.799742
FILLER_88_757,VPWR,li1,355.5800,252.9600,1.799749
FILLER_88_748,VPWR,li1,351.4400,252.9600,1.799761
FILLER_88_740,VPWR,li1,346.6100,252.9600,1.799777
FILLER_88_732,VPWR,li1,344.0800,252.9600,1.799788
FILLER_88_720,VPWR,li1,339.4800,252.9600,1.799799
FILLER_88_713,VPWR,li1,334.4200,252.9600,1.799817
FILLER_88_701,VPWR,li1,330.7400,252.9600,1.799836
FILLER_88_699,VPWR,li1,327.2900,252.9600,1.799808
FILLER_88_695,VPWR,li1,326.1400,252.9600,1.799788
FILLER_88_685,VPWR,li1,321.5400,252.9600,1.799758
FILLER_88_673,VPWR,li1,317.8600,252.9600,1.799743
FILLER_88_657,VPWR,li1,307.9700,252.9600,1.799697
FILLER_88_653,VPWR,li1,306.8200,252.9600,1.799697
FILLER_88_636,VPWR,li1,299.9200,252.9600,1.799682
FILLER_88_620,VPWR,li1,290.9500,252.9600,1.799668
FILLER_88_605,VPWR,li1,284.2800,252.9600,1.799657
FILLER_88_589,VPWR,li1,276.9200,252.9600,1.799654
FILLER_88_587,VPWR,li1,275.7700,252.9600,1.799654
FILLER_88_583,VPWR,li1,274.6200,252.9600,1.799654
FILLER_88_567,VPWR,li1,266.5700,252.9600,1.799657
FILLER_88_561,VPWR,li1,264.9600,252.9600,1.799657
FILLER_88_545,VPWR,li1,256.9100,252.9600,1.799661
FILLER_88_533,VPWR,li1,253.4600,252.9600,1.799663
FILLER_88_531,VPWR,li1,250.0100,252.9600,1.799666
FILLER_88_527,VPWR,li1,248.8600,252.9600,1.799666
FILLER_88_517,VPWR,li1,244.0300,252.9600,1.799670
FILLER_88_505,VPWR,li1,240.5800,252.9600,1.799681
FILLER_88_486,VPWR,li1,229.3100,252.9600,1.799717
FILLER_88_475,VPWR,li1,224.2500,252.9600,1.799734
FILLER_88_467,VPWR,li1,222.1800,252.9600,1.799741
FILLER_88_455,VPWR,li1,217.5800,252.9600,1.799759
FILLER_88_427,VPWR,li1,202.8600,252.9600,1.799816
FILLER_88_421,VPWR,li1,199.8700,252.9600,1.799828
FILLER_88_416,VPWR,li1,197.8000,252.9600,1.799837
FILLER_88_404,VPWR,li1,194.1200,252.9600,1.799852
FILLER_88_395,VPWR,li1,187.9100,252.9600,1.799877
FILLER_88_385,VPWR,li1,183.3100,252.9600,1.799897
FILLER_88_374,VPWR,li1,178.4800,252.9600,1.799924
FILLER_88_365,VPWR,li1,173.6500,252.9600,1.799928
FILLER_88_357,VPWR,li1,170.6600,252.9600,1.799922
FILLER_88_328,VPWR,li1,157.0900,252.9600,1.799891
FILLER_88_322,VPWR,li1,153.8700,252.9600,1.799882
FILLER_88_317,VPWR,li1,151.8000,252.9600,1.799879
FILLER_88_309,VPWR,li1,149.5000,252.9600,1.799874
FILLER_88_306,VPWR,li1,146.7400,252.9600,1.799869
FILLER_88_275,VPWR,li1,132.9400,252.9600,1.799844
FILLER_88_269,VPWR,li1,129.4900,252.9600,1.799836
FILLER_88_257,VPWR,li1,126.5000,252.9600,1.799833
FILLER_88_253,VPWR,li1,122.1300,252.9600,1.799825
FILLER_88_251,VPWR,li1,121.2100,252.9600,1.799822
FILLER_88_239,VPWR,li1,118.2200,252.9600,1.799821
FILLER_88_215,VPWR,li1,105.3400,252.9600,1.799826
FILLER_88_173,VPWR,li1,87.8600,252.9600,1.799841
FILLER_88_153,VPWR,li1,76.1300,252.9600,1.799853
FILLER_88_141,VPWR,li1,70.6100,252.9600,1.799862
FILLER_88_138,VPWR,li1,69.4600,252.9600,1.799862
FILLER_88_130,VPWR,li1,67.1600,252.9600,1.799866
FILLER_88_114,VPWR,li1,58.6500,252.9600,1.799877
FILLER_88_106,VPWR,li1,56.1200,252.9600,1.799882
FILLER_88_85,VPWR,li1,46.0000,252.9600,1.799906
FILLER_88_83,VPWR,li1,43.9300,252.9600,1.799912
FILLER_88_77,VPWR,li1,42.3200,252.9600,1.799912
FILLER_88_65,VPWR,li1,38.1800,252.9600,1.799923
FILLER_88_53,VPWR,li1,32.6600,252.9600,1.799944
FILLER_88_41,VPWR,li1,27.1400,252.9600,1.799955
FILLER_88_29,VPWR,li1,21.6200,252.9600,1.799971
FILLER_88_27,VPWR,li1,18.1700,252.9600,1.799970
FILLER_88_15,VPWR,li1,15.1800,252.9600,1.799970
FILLER_88_3,VPWR,li1,9.6600,252.9600,1.799970
FILLER_87_809,VPWR,li1,380.4200,247.5200,1.799400
FILLER_87_797,VPWR,li1,374.9000,247.5200,1.799404
FILLER_87_785,VPWR,li1,369.3800,247.5200,1.799408
FILLER_87_780,VPWR,li1,365.2400,247.5200,1.799411
FILLER_87_741,VPWR,li1,347.3000,247.5200,1.799564
FILLER_87_729,VPWR,li1,343.6200,247.5200,1.799604
FILLER_87_727,VPWR,li1,340.1700,247.5200,1.799660
FILLER_87_723,VPWR,li1,339.0200,247.5200,1.799660
FILLER_87_709,VPWR,li1,332.1200,247.5200,1.799767
FILLER_87_697,VPWR,li1,328.9000,247.5200,1.799815
FILLER_87_685,VPWR,li1,323.3800,247.5200,1.799807
FILLER_87_681,VPWR,li1,319.0100,247.5200,1.799801
FILLER_87_673,VPWR,li1,316.9400,247.5200,1.799795
FILLER_87_671,VPWR,li1,314.4100,247.5200,1.799792
FILLER_87_659,VPWR,li1,311.4200,247.5200,1.799789
FILLER_87_647,VPWR,li1,305.9000,247.5200,1.799781
FILLER_87_635,VPWR,li1,300.3800,247.5200,1.799772
FILLER_87_623,VPWR,li1,294.8600,247.5200,1.799765
FILLER_87_615,VPWR,li1,288.6500,247.5200,1.799757
FILLER_87_605,VPWR,li1,284.2800,247.5200,1.799753
FILLER_87_575,VPWR,li1,272.7800,247.5200,1.799738
FILLER_87_567,VPWR,li1,266.5700,247.5200,1.799731
FILLER_87_561,VPWR,li1,264.9600,247.5200,1.799728
FILLER_87_557,VPWR,li1,262.4300,247.5200,1.799725
FILLER_87_527,VPWR,li1,250.7000,247.5200,1.799716
FILLER_87_512,VPWR,li1,242.8800,247.5200,1.799712
FILLER_87_490,VPWR,li1,232.3000,247.5200,1.799706
FILLER_87_467,VPWR,li1,220.5700,247.5200,1.799703
FILLER_87_461,VPWR,li1,218.9600,247.5200,1.799703
FILLER_87_449,VPWR,li1,214.8200,247.5200,1.799715
FILLER_87_444,VPWR,li1,210.6800,247.5200,1.799735
FILLER_87_437,VPWR,li1,206.7700,247.5200,1.799757
FILLER_87_431,VPWR,li1,205.1600,247.5200,1.799771
FILLER_87_411,VPWR,li1,194.8100,247.5200,1.799826
FILLER_87_391,VPWR,li1,185.6100,247.5200,1.799877
FILLER_87_385,VPWR,li1,184.0000,247.5200,1.799877
FILLER_87_376,VPWR,li1,178.9400,247.5200,1.799905
FILLER_87_352,VPWR,li1,168.1300,247.5200,1.799917
FILLER_87_335,VPWR,li1,159.8500,247.5200,1.799905
FILLER_87_329,VPWR,li1,158.2400,247.5200,1.799905
FILLER_87_321,VPWR,li1,153.4100,247.5200,1.799899
FILLER_87_313,VPWR,li1,151.3400,247.5200,1.799897
FILLER_87_301,VPWR,li1,146.7400,247.5200,1.799891
FILLER_87_289,VPWR,li1,138.9200,247.5200,1.799883
FILLER_87_281,VPWR,li1,135.4700,247.5200,1.799881
FILLER_87_257,VPWR,li1,123.9700,247.5200,1.799872
FILLER_87_247,VPWR,li1,119.8300,247.5200,1.799869
FILLER_87_235,VPWR,li1,116.3800,247.5200,1.799866
FILLER_87_229,VPWR,li1,111.0900,247.5200,1.799864
FILLER_87_225,VPWR,li1,109.9400,247.5200,1.799864
FILLER_87_218,VPWR,li1,107.1800,247.5200,1.799864
FILLER_87_208,VPWR,li1,101.8900,247.5200,1.799866
FILLER_87_200,VPWR,li1,99.3600,247.5200,1.799866
FILLER_87_189,VPWR,li1,92.6900,247.5200,1.799868
FILLER_87_177,VPWR,li1,89.7000,247.5200,1.799870
FILLER_87_167,VPWR,li1,82.5700,247.5200,1.799874
FILLER_87_163,VPWR,li1,81.4200,247.5200,1.799874
FILLER_87_134,VPWR,li1,67.3900,247.5200,1.799889
FILLER_87_128,VPWR,li1,65.7800,247.5200,1.799889
FILLER_87_113,VPWR,li1,57.9600,247.5200,1.799902
FILLER_87_109,VPWR,li1,56.3500,247.5200,1.799902
FILLER_87_101,VPWR,li1,53.8200,247.5200,1.799907
FILLER_87_93,VPWR,li1,48.9900,247.5200,1.799917
FILLER_87_81,VPWR,li1,45.5400,247.5200,1.799926
FILLER_87_69,VPWR,li1,40.0200,247.5200,1.799936
FILLER_87_57,VPWR,li1,34.5000,247.5200,1.799948
FILLER_87_55,VPWR,li1,31.0500,247.5200,1.799956
FILLER_87_43,VPWR,li1,28.0600,247.5200,1.799964
FILLER_87_31,VPWR,li1,22.5400,247.5200,1.799977
FILLER_87_19,VPWR,li1,17.0200,247.5200,1.799976
FILLER_87_7,VPWR,li1,11.5000,247.5200,1.799976
FILLER_86_819,VPWR,li1,382.4900,247.5200,1.799399
FILLER_86_813,VPWR,li1,380.8800,247.5200,1.799400
FILLER_86_810,VPWR,li1,378.5800,247.5200,1.799401
FILLER_86_802,VPWR,li1,376.2800,247.5200,1.799404
FILLER_86_790,VPWR,li1,371.6800,247.5200,1.799406
FILLER_86_778,VPWR,li1,366.1600,247.5200,1.799411
FILLER_86_772,VPWR,li1,360.8700,247.5200,1.799417
FILLER_86_764,VPWR,li1,358.8000,247.5200,1.799430
FILLER_86_757,VPWR,li1,354.6600,247.5200,1.799464
FILLER_86_752,VPWR,li1,352.3600,247.5200,1.799485
FILLER_86_729,VPWR,li1,341.0900,247.5200,1.799630
FILLER_86_721,VPWR,li1,339.0200,247.5200,1.799660
FILLER_86_714,VPWR,li1,334.6500,247.5200,1.799734
FILLER_86_699,VPWR,li1,327.2900,247.5200,1.799815
FILLER_86_695,VPWR,li1,326.1400,247.5200,1.799810
FILLER_86_669,VPWR,li1,313.4900,247.5200,1.799792
FILLER_86_663,VPWR,li1,311.8800,247.5200,1.799789
FILLER_86_645,VPWR,li1,303.1400,247.5200,1.799776
FILLER_86_632,VPWR,li1,299.0000,247.5200,1.799772
FILLER_86_620,VPWR,li1,293.4800,247.5200,1.799765
FILLER_86_608,VPWR,li1,287.9600,247.5200,1.799757
FILLER_86_596,VPWR,li1,282.4400,247.5200,1.799750
FILLER_86_589,VPWR,li1,277.3800,247.5200,1.799744
FILLER_86_585,VPWR,li1,275.3100,247.5200,1.799742
FILLER_86_573,VPWR,li1,271.8600,247.5200,1.799738
FILLER_86_561,VPWR,li1,266.3400,247.5200,1.799731
FILLER_86_533,VPWR,li1,251.1600,247.5200,1.799717
FILLER_86_528,VPWR,li1,249.3200,247.5200,1.799716
FILLER_86_516,VPWR,li1,245.6400,247.5200,1.799713
FILLER_86_504,VPWR,li1,240.1200,247.5200,1.799709
FILLER_86_499,VPWR,li1,235.5200,247.5200,1.799707
FILLER_86_491,VPWR,li1,233.2200,247.5200,1.799706
FILLER_86_477,VPWR,li1,225.1700,247.5200,1.799704
FILLER_86_468,VPWR,li1,222.6400,247.5200,1.799703
FILLER_86_454,VPWR,li1,214.8200,247.5200,1.799715
FILLER_86_446,VPWR,li1,210.9100,247.5200,1.799735
FILLER_86_432,VPWR,li1,204.4700,247.5200,1.799771
FILLER_86_421,VPWR,li1,199.4100,247.5200,1.799795
FILLER_86_405,VPWR,li1,193.6600,247.5200,1.799826
FILLER_86_396,VPWR,li1,188.6000,247.5200,1.799851
FILLER_86_384,VPWR,li1,184.9200,247.5200,1.799877
FILLER_86_372,VPWR,li1,179.4000,247.5200,1.799905
FILLER_86_352,VPWR,li1,170.2000,247.5200,1.799920
FILLER_86_340,VPWR,li1,164.6800,247.5200,1.799912
FILLER_86_328,VPWR,li1,159.1600,247.5200,1.799905
FILLER_86_316,VPWR,li1,153.6400,247.5200,1.799899
FILLER_86_309,VPWR,li1,147.8900,247.5200,1.799893
FILLER_86_300,VPWR,li1,145.3600,247.5200,1.799891
FILLER_86_288,VPWR,li1,140.7600,247.5200,1.799886
FILLER_86_276,VPWR,li1,135.2400,247.5200,1.799881
FILLER_86_264,VPWR,li1,129.7200,247.5200,1.799875
FILLER_86_253,VPWR,li1,122.5900,247.5200,1.799870
FILLER_86_251,VPWR,li1,121.2100,247.5200,1.799869
FILLER_86_245,VPWR,li1,119.6000,247.5200,1.799869
FILLER_86_233,VPWR,li1,115.4600,247.5200,1.799866
FILLER_86_221,VPWR,li1,109.9400,247.5200,1.799864
FILLER_86_209,VPWR,li1,104.4200,247.5200,1.799865
FILLER_86_197,VPWR,li1,98.9000,247.5200,1.799866
FILLER_86_190,VPWR,li1,94.3000,247.5200,1.799868
FILLER_86_186,VPWR,li1,91.3100,247.5200,1.799870
FILLER_86_182,VPWR,li1,90.1600,247.5200,1.799870
FILLER_86_170,VPWR,li1,86.4800,247.5200,1.799872
FILLER_86_152,VPWR,li1,78.2000,247.5200,1.799877
FILLER_86_147,VPWR,li1,73.3700,247.5200,1.799882
FILLER_86_141,VPWR,li1,71.7600,247.5200,1.799884
FILLER_86_128,VPWR,li1,67.1600,247.5200,1.799889
FILLER_86_115,VPWR,li1,58.6500,247.5200,1.799898
FILLER_86_107,VPWR,li1,56.5800,247.5200,1.799902
FILLER_86_83,VPWR,li1,43.9300,247.5200,1.799930
FILLER_86_77,VPWR,li1,42.3200,247.5200,1.799930
FILLER_86_65,VPWR,li1,38.1800,247.5200,1.799940
FILLER_86_53,VPWR,li1,32.6600,247.5200,1.799956
FILLER_86_41,VPWR,li1,27.1400,247.5200,1.799964
FILLER_86_29,VPWR,li1,21.6200,247.5200,1.799977
FILLER_86_27,VPWR,li1,18.1700,247.5200,1.799977
FILLER_86_19,VPWR,li1,16.1000,247.5200,1.799976
FILLER_86_7,VPWR,li1,11.5000,247.5200,1.799976
FILLER_85_803,VPWR,li1,375.1300,242.0800,1.799590
FILLER_85_799,VPWR,li1,373.9800,242.0800,1.799590
FILLER_85_778,VPWR,li1,364.7800,242.0800,1.799608
FILLER_85_758,VPWR,li1,355.5800,242.0800,1.799642
FILLER_85_743,VPWR,li1,349.1400,242.0800,1.799680
FILLER_85_729,VPWR,li1,341.0900,242.0800,1.799738
FILLER_85_710,VPWR,li1,332.3500,242.0800,1.799818
FILLER_85_704,VPWR,li1,330.7400,242.0800,1.799843
FILLER_85_671,VPWR,li1,314.4100,242.0800,1.799831
FILLER_85_665,VPWR,li1,312.8000,242.0800,1.799831
FILLER_85_625,VPWR,li1,293.2500,242.0800,1.799791
FILLER_85_617,VPWR,li1,290.0300,242.0800,1.799788
FILLER_85_599,VPWR,li1,281.2900,242.0800,1.799775
FILLER_85_591,VPWR,li1,279.2200,242.0800,1.799772
FILLER_85_565,VPWR,li1,265.6500,242.0800,1.799755
FILLER_85_561,VPWR,li1,263.8100,242.0800,1.799753
FILLER_85_559,VPWR,li1,262.8900,242.0800,1.799752
FILLER_85_550,VPWR,li1,259.2100,242.0800,1.799751
FILLER_85_540,VPWR,li1,254.1500,242.0800,1.799748
FILLER_85_528,VPWR,li1,251.1600,242.0800,1.799747
FILLER_85_517,VPWR,li1,245.1800,242.0800,1.799745
FILLER_85_505,VPWR,li1,240.5800,242.0800,1.799744
FILLER_85_503,VPWR,li1,237.1300,242.0800,1.799744
FILLER_85_499,VPWR,li1,235.9800,242.0800,1.799744
FILLER_85_476,VPWR,li1,225.4000,242.0800,1.799748
FILLER_85_464,VPWR,li1,221.7200,242.0800,1.799750
FILLER_85_452,VPWR,li1,216.2000,242.0800,1.799756
FILLER_85_447,VPWR,li1,211.3700,242.0800,1.799761
FILLER_85_440,VPWR,li1,208.6100,242.0800,1.799764
FILLER_85_432,VPWR,li1,206.0800,242.0800,1.799767
FILLER_85_420,VPWR,li1,200.1000,242.0800,1.799774
FILLER_85_405,VPWR,li1,193.6600,242.0800,1.799783
FILLER_85_393,VPWR,li1,189.0600,242.0800,1.799790
FILLER_85_389,VPWR,li1,185.1500,242.0800,1.799802
FILLER_85_381,VPWR,li1,182.6200,242.0800,1.799818
FILLER_85_374,VPWR,li1,178.2500,242.0800,1.799830
FILLER_85_366,VPWR,li1,175.7200,242.0800,1.799843
FILLER_85_354,VPWR,li1,171.1200,242.0800,1.799798
FILLER_85_337,VPWR,li1,161.4600,242.0800,1.799698
FILLER_85_334,VPWR,li1,159.6200,242.0800,1.799676
FILLER_85_326,VPWR,li1,157.3200,242.0800,1.799658
FILLER_85_289,VPWR,li1,139.3800,242.0800,1.799554
FILLER_85_272,VPWR,li1,131.3300,242.0800,1.799534
FILLER_85_264,VPWR,li1,128.8000,242.0800,1.799529
FILLER_85_252,VPWR,li1,124.2000,242.0800,1.799520
FILLER_85_221,VPWR,li1,107.8700,242.0800,1.799515
FILLER_85_212,VPWR,li1,103.7300,242.0800,1.799520
FILLER_85_191,VPWR,li1,93.6100,242.0800,1.799553
FILLER_85_187,VPWR,li1,92.4600,242.0800,1.799553
FILLER_85_176,VPWR,li1,87.4000,242.0800,1.799575
FILLER_85_149,VPWR,li1,76.8200,242.0800,1.799625
FILLER_85_137,VPWR,li1,71.3000,242.0800,1.799651
FILLER_85_125,VPWR,li1,65.7800,242.0800,1.799685
FILLER_85_113,VPWR,li1,60.2600,242.0800,1.799706
FILLER_85_100,VPWR,li1,54.2800,242.0800,1.799745
FILLER_85_81,VPWR,li1,45.5400,242.0800,1.799783
FILLER_85_73,VPWR,li1,39.3300,242.0800,1.799826
FILLER_85_69,VPWR,li1,38.1800,242.0800,1.799826
FILLER_85_57,VPWR,li1,34.5000,242.0800,1.799850
FILLER_85_55,VPWR,li1,31.0500,242.0800,1.799879
FILLER_85_51,VPWR,li1,29.9000,242.0800,1.799879
FILLER_85_39,VPWR,li1,26.2200,242.0800,1.799902
FILLER_85_27,VPWR,li1,20.7000,242.0800,1.799937
FILLER_85_15,VPWR,li1,15.1800,242.0800,1.799937
FILLER_85_3,VPWR,li1,9.6600,242.0800,1.799937
FILLER_84_813,VPWR,li1,380.4200,242.0800,1.799585
FILLER_84_811,VPWR,li1,378.8100,242.0800,1.799585
FILLER_84_803,VPWR,li1,376.7400,242.0800,1.799587
FILLER_84_791,VPWR,li1,372.1400,242.0800,1.799593
FILLER_84_779,VPWR,li1,366.6200,242.0800,1.799603
FILLER_84_774,VPWR,li1,361.7900,242.0800,1.799621
FILLER_84_770,VPWR,li1,360.6400,242.0800,1.799621
FILLER_84_739,VPWR,li1,346.1500,242.0800,1.799710
FILLER_84_730,VPWR,li1,342.7000,242.0800,1.799738
FILLER_84_721,VPWR,li1,338.5600,242.0800,1.799770
FILLER_84_709,VPWR,li1,332.1200,242.0800,1.799818
FILLER_84_701,VPWR,li1,329.8200,242.0800,1.799843
FILLER_84_697,VPWR,li1,326.8300,242.0800,1.799859
FILLER_84_693,VPWR,li1,324.5300,242.0800,1.799853
FILLER_84_687,VPWR,li1,322.9200,242.0800,1.799853
FILLER_84_674,VPWR,li1,315.7900,242.0800,1.799836
FILLER_84_662,VPWR,li1,312.8000,242.0800,1.799831
FILLER_84_649,VPWR,li1,304.2900,242.0800,1.799814
FILLER_84_645,VPWR,li1,303.1400,242.0800,1.799810
FILLER_84_642,VPWR,li1,301.3000,242.0800,1.799806
FILLER_84_630,VPWR,li1,298.0800,242.0800,1.799801
FILLER_84_623,VPWR,li1,292.3300,242.0800,1.799791
FILLER_84_609,VPWR,li1,286.3500,242.0800,1.799782
FILLER_84_601,VPWR,li1,283.8200,242.0800,1.799777
FILLER_84_589,VPWR,li1,279.2200,242.0800,1.799772
FILLER_84_580,VPWR,li1,274.1600,242.0800,1.799763
FILLER_84_561,VPWR,li1,263.8100,242.0800,1.799753
FILLER_84_555,VPWR,li1,262.2000,242.0800,1.799752
FILLER_84_543,VPWR,li1,258.0600,242.0800,1.799751
FILLER_84_531,VPWR,li1,250.0100,242.0800,1.799747
FILLER_84_507,VPWR,li1,238.9700,242.0800,1.799744
FILLER_84_490,VPWR,li1,231.8400,242.0800,1.799745
FILLER_84_477,VPWR,li1,226.3200,242.0800,1.799747
FILLER_84_475,VPWR,li1,224.2500,242.0800,1.799748
FILLER_84_469,VPWR,li1,222.6400,242.0800,1.799750
FILLER_84_461,VPWR,li1,217.8100,242.0800,1.799756
FILLER_84_457,VPWR,li1,216.6600,242.0800,1.799756
FILLER_84_445,VPWR,li1,212.9800,242.0800,1.799761
FILLER_84_433,VPWR,li1,207.4600,242.0800,1.799767
FILLER_84_421,VPWR,li1,201.9400,242.0800,1.799772
FILLER_84_417,VPWR,li1,198.0300,242.0800,1.799777
FILLER_84_405,VPWR,li1,194.5800,242.0800,1.799783
FILLER_84_385,VPWR,li1,183.0800,242.0800,1.799810
FILLER_84_376,VPWR,li1,178.9400,242.0800,1.799830
FILLER_84_365,VPWR,li1,174.3400,242.0800,1.799820
FILLER_84_362,VPWR,li1,172.5000,242.0800,1.799798
FILLER_84_350,VPWR,li1,169.2800,242.0800,1.799778
FILLER_84_337,VPWR,li1,160.7700,242.0800,1.799676
FILLER_84_331,VPWR,li1,159.1600,242.0800,1.799676
FILLER_84_319,VPWR,li1,155.0200,242.0800,1.799635
FILLER_84_307,VPWR,li1,146.9700,242.0800,1.799573
FILLER_84_303,VPWR,li1,145.8200,242.0800,1.799573
FILLER_84_295,VPWR,li1,141.6800,242.0800,1.799560
FILLER_84_287,VPWR,li1,139.3800,242.0800,1.799554
FILLER_84_265,VPWR,li1,129.2600,242.0800,1.799529
FILLER_84_253,VPWR,li1,124.6600,242.0800,1.799520
FILLER_84_248,VPWR,li1,120.5200,242.0800,1.799510
FILLER_84_241,VPWR,li1,117.3000,242.0800,1.799509
FILLER_84_223,VPWR,li1,110.8600,242.0800,1.799512
FILLER_84_212,VPWR,li1,103.2700,242.0800,1.799520
FILLER_84_204,VPWR,li1,101.2000,242.0800,1.799523
FILLER_84_197,VPWR,li1,96.8300,242.0800,1.799541
FILLER_84_188,VPWR,li1,93.8400,242.0800,1.799553
FILLER_84_180,VPWR,li1,88.7800,242.0800,1.799575
FILLER_84_168,VPWR,li1,85.5600,242.0800,1.799586
FILLER_84_164,VPWR,li1,81.1900,242.0800,1.799611
FILLER_84_158,VPWR,li1,79.5800,242.0800,1.799611
FILLER_84_122,VPWR,li1,64.4000,242.0800,1.799685
FILLER_84_118,VPWR,li1,60.0300,242.0800,1.799715
FILLER_84_112,VPWR,li1,58.4200,242.0800,1.799715
FILLER_84_105,VPWR,li1,54.0500,242.0800,1.799745
FILLER_84_93,VPWR,li1,48.5300,242.0800,1.799767
FILLER_84_85,VPWR,li1,46.4600,242.0800,1.799783
FILLER_84_82,VPWR,li1,43.7000,242.0800,1.799794
FILLER_84_65,VPWR,li1,36.1100,242.0800,1.799850
FILLER_84_53,VPWR,li1,32.6600,242.0800,1.799861
FILLER_84_41,VPWR,li1,27.1400,242.0800,1.799902
FILLER_84_29,VPWR,li1,21.6200,242.0800,1.799937
FILLER_84_27,VPWR,li1,18.1700,242.0800,1.799937
FILLER_84_15,VPWR,li1,15.1800,242.0800,1.799937
FILLER_84_3,VPWR,li1,9.6600,242.0800,1.799937
FILLER_83_801,VPWR,li1,374.6700,236.6400,1.799659
FILLER_83_793,VPWR,li1,372.1400,236.6400,1.799667
FILLER_83_783,VPWR,li1,365.9300,236.6400,1.799684
FILLER_83_771,VPWR,li1,360.6400,236.6400,1.799698
FILLER_83_763,VPWR,li1,358.3400,236.6400,1.799708
FILLER_83_751,VPWR,li1,353.7400,236.6400,1.799724
FILLER_83_729,VPWR,li1,341.7800,236.6400,1.799780
FILLER_83_725,VPWR,li1,339.7100,236.6400,1.799791
FILLER_83_713,VPWR,li1,336.2600,236.6400,1.799812
FILLER_83_697,VPWR,li1,326.6000,236.6400,1.799841
FILLER_83_685,VPWR,li1,323.3800,236.6400,1.799822
FILLER_83_673,VPWR,li1,317.8600,236.6400,1.799793
FILLER_83_660,VPWR,li1,311.8800,236.6400,1.799761
FILLER_83_648,VPWR,li1,306.3600,236.6400,1.799733
FILLER_83_636,VPWR,li1,300.8400,236.6400,1.799705
FILLER_83_617,VPWR,li1,290.0300,236.6400,1.799654
FILLER_83_597,VPWR,li1,281.5200,236.6400,1.799617
FILLER_83_573,VPWR,li1,271.8600,236.6400,1.799597
FILLER_83_561,VPWR,li1,266.3400,236.6400,1.799598
FILLER_83_559,VPWR,li1,262.8900,236.6400,1.799598
FILLER_83_555,VPWR,li1,261.7400,236.6400,1.799598
FILLER_83_546,VPWR,li1,257.1400,236.6400,1.799600
FILLER_83_538,VPWR,li1,254.8400,236.6400,1.799601
FILLER_83_526,VPWR,li1,250.2400,236.6400,1.799605
FILLER_83_518,VPWR,li1,244.0300,236.6400,1.799612
FILLER_83_512,VPWR,li1,242.4200,236.6400,1.799612
FILLER_83_503,VPWR,li1,237.1300,236.6400,1.799629
FILLER_83_499,VPWR,li1,235.9800,236.6400,1.799629
FILLER_83_479,VPWR,li1,226.0900,236.6400,1.799661
FILLER_83_467,VPWR,li1,223.1000,236.6400,1.799670
FILLER_83_453,VPWR,li1,214.1300,236.6400,1.799704
FILLER_83_449,VPWR,li1,212.9800,236.6400,1.799711
FILLER_83_447,VPWR,li1,211.3700,236.6400,1.799711
FILLER_83_439,VPWR,li1,209.3000,236.6400,1.799720
FILLER_83_427,VPWR,li1,202.1700,236.6400,1.799753
FILLER_83_415,VPWR,li1,199.1800,236.6400,1.799772
FILLER_83_393,VPWR,li1,186.7600,236.6400,1.799840
FILLER_83_391,VPWR,li1,185.6100,236.6400,1.799840
FILLER_83_379,VPWR,li1,182.6200,236.6400,1.799865
FILLER_83_370,VPWR,li1,176.4100,236.6400,1.799892
FILLER_83_355,VPWR,li1,169.7400,236.6400,1.799891
FILLER_83_343,VPWR,li1,166.0600,236.6400,1.799879
FILLER_83_335,VPWR,li1,159.8500,236.6400,1.799859
FILLER_83_331,VPWR,li1,158.7000,236.6400,1.799852
FILLER_83_323,VPWR,li1,154.3300,236.6400,1.799838
FILLER_83_315,VPWR,li1,151.3400,236.6400,1.799831
FILLER_83_293,VPWR,li1,141.6800,236.6400,1.799814
FILLER_83_281,VPWR,li1,137.5400,236.6400,1.799810
FILLER_83_276,VPWR,li1,133.4000,236.6400,1.799807
FILLER_83_262,VPWR,li1,126.7300,236.6400,1.799801
FILLER_83_250,VPWR,li1,123.2800,236.6400,1.799797
FILLER_83_241,VPWR,li1,116.6100,236.6400,1.799796
FILLER_83_237,VPWR,li1,115.4600,236.6400,1.799797
FILLER_83_225,VPWR,li1,111.7800,236.6400,1.799798
FILLER_83_221,VPWR,li1,107.8700,236.6400,1.799799
FILLER_83_213,VPWR,li1,105.3400,236.6400,1.799800
FILLER_83_201,VPWR,li1,100.7400,236.6400,1.799801
FILLER_83_193,VPWR,li1,94.5300,236.6400,1.799805
FILLER_83_181,VPWR,li1,91.5400,236.6400,1.799809
FILLER_83_156,VPWR,li1,80.0400,236.6400,1.799831
FILLER_83_144,VPWR,li1,74.5200,236.6400,1.799840
FILLER_83_136,VPWR,li1,68.3100,236.6400,1.799856
FILLER_83_130,VPWR,li1,66.7000,236.6400,1.799856
FILLER_83_104,VPWR,li1,53.8200,236.6400,1.799885
FILLER_83_92,VPWR,li1,50.6000,236.6400,1.799894
FILLER_83_80,VPWR,li1,45.0800,236.6400,1.799911
FILLER_83_69,VPWR,li1,38.1800,236.6400,1.799926
FILLER_83_57,VPWR,li1,34.5000,236.6400,1.799936
FILLER_83_55,VPWR,li1,31.0500,236.6400,1.799948
FILLER_83_51,VPWR,li1,29.9000,236.6400,1.799948
FILLER_83_39,VPWR,li1,26.2200,236.6400,1.799958
FILLER_83_27,VPWR,li1,20.7000,236.6400,1.799973
FILLER_83_15,VPWR,li1,15.1800,236.6400,1.799973
FILLER_83_3,VPWR,li1,9.6600,236.6400,1.799973
FILLER_82_813,VPWR,li1,380.4200,236.6400,1.799649
FILLER_82_810,VPWR,li1,378.5800,236.6400,1.799650
FILLER_82_771,VPWR,li1,361.5600,236.6400,1.799698
FILLER_82_765,VPWR,li1,357.6500,236.6400,1.799708
FILLER_82_757,VPWR,li1,355.5800,236.6400,1.799717
FILLER_82_755,VPWR,li1,353.0500,236.6400,1.799732
FILLER_82_751,VPWR,li1,351.9000,236.6400,1.799732
FILLER_82_739,VPWR,li1,348.2200,236.6400,1.799747
FILLER_82_734,VPWR,li1,343.3900,236.6400,1.799780
FILLER_82_722,VPWR,li1,340.4000,236.6400,1.799791
FILLER_82_701,VPWR,li1,328.2100,236.6400,1.799841
FILLER_82_685,VPWR,li1,321.3100,236.6400,1.799811
FILLER_82_677,VPWR,li1,318.7800,236.6400,1.799793
FILLER_82_665,VPWR,li1,314.1800,236.6400,1.799773
FILLER_82_645,VPWR,li1,302.4500,236.6400,1.799705
FILLER_82_643,VPWR,li1,301.5300,236.6400,1.799705
FILLER_82_631,VPWR,li1,298.5400,236.6400,1.799688
FILLER_82_627,VPWR,li1,294.1700,236.6400,1.799672
FILLER_82_609,VPWR,li1,288.4200,236.6400,1.799642
FILLER_82_597,VPWR,li1,282.9000,236.6400,1.799617
FILLER_82_587,VPWR,li1,275.7700,236.6400,1.799597
FILLER_82_569,VPWR,li1,270.0200,236.6400,1.799597
FILLER_82_557,VPWR,li1,264.5000,236.6400,1.799598
FILLER_82_549,VPWR,li1,258.5200,236.6400,1.799600
FILLER_82_531,VPWR,li1,250.0100,236.6400,1.799605
FILLER_82_527,VPWR,li1,248.8600,236.6400,1.799605
FILLER_82_501,VPWR,li1,238.7400,236.6400,1.799621
FILLER_82_489,VPWR,li1,233.2200,236.6400,1.799638
FILLER_82_477,VPWR,li1,227.7000,236.6400,1.799661
FILLER_82_474,VPWR,li1,224.0200,236.6400,1.799670
FILLER_82_462,VPWR,li1,220.8000,236.6400,1.799678
FILLER_82_455,VPWR,li1,215.0500,236.6400,1.799697
FILLER_82_421,VPWR,li1,199.4100,236.6400,1.799772
FILLER_82_419,VPWR,li1,198.4900,236.6400,1.799772
FILLER_82_407,VPWR,li1,195.5000,236.6400,1.799790
FILLER_82_400,VPWR,li1,189.9800,236.6400,1.799824
FILLER_82_388,VPWR,li1,186.7600,236.6400,1.799840
FILLER_82_376,VPWR,li1,181.2400,236.6400,1.799865
FILLER_82_365,VPWR,li1,173.8800,236.6400,1.799906
FILLER_82_362,VPWR,li1,172.5000,236.6400,1.799898
FILLER_82_356,VPWR,li1,169.5100,236.6400,1.799891
FILLER_82_348,VPWR,li1,167.4400,236.6400,1.799879
FILLER_82_324,VPWR,li1,155.4800,236.6400,1.799845
FILLER_82_309,VPWR,li1,148.3500,236.6400,1.799824
FILLER_82_305,VPWR,li1,146.5100,236.6400,1.799818
FILLER_82_297,VPWR,li1,143.9800,236.6400,1.799816
FILLER_82_285,VPWR,li1,139.3800,236.6400,1.799812
FILLER_82_273,VPWR,li1,133.8600,236.6400,1.799807
FILLER_82_246,VPWR,li1,120.0600,236.6400,1.799796
FILLER_82_238,VPWR,li1,115.2300,236.6400,1.799797
FILLER_82_234,VPWR,li1,114.0800,236.6400,1.799797
FILLER_82_222,VPWR,li1,110.4000,236.6400,1.799798
FILLER_82_210,VPWR,li1,104.8800,236.6400,1.799800
FILLER_82_195,VPWR,li1,95.4500,236.6400,1.799805
FILLER_82_176,VPWR,li1,86.9400,236.6400,1.799816
FILLER_82_156,VPWR,li1,77.5100,236.6400,1.799836
FILLER_82_152,VPWR,li1,76.3600,236.6400,1.799836
FILLER_82_136,VPWR,li1,69.0000,236.6400,1.799851
FILLER_82_124,VPWR,li1,65.3200,236.6400,1.799861
FILLER_82_118,VPWR,li1,60.0300,236.6400,1.799870
FILLER_82_105,VPWR,li1,54.0500,236.6400,1.799885
FILLER_82_97,VPWR,li1,51.9800,236.6400,1.799894
FILLER_82_85,VPWR,li1,47.3800,236.6400,1.799902
FILLER_82_83,VPWR,li1,43.9300,236.6400,1.799911
FILLER_82_77,VPWR,li1,42.3200,236.6400,1.799919
FILLER_82_65,VPWR,li1,38.1800,236.6400,1.799926
FILLER_82_53,VPWR,li1,32.6600,236.6400,1.799941
FILLER_82_41,VPWR,li1,27.1400,236.6400,1.799958
FILLER_82_29,VPWR,li1,21.6200,236.6400,1.799973
FILLER_82_27,VPWR,li1,18.1700,236.6400,1.799973
FILLER_82_15,VPWR,li1,15.1800,236.6400,1.799973
FILLER_82_3,VPWR,li1,9.6600,236.6400,1.799973
FILLER_81_823,VPWR,li1,384.3300,231.2000,1.799778
FILLER_81_802,VPWR,li1,374.6700,231.2000,1.799783
FILLER_81_798,VPWR,li1,373.5200,231.2000,1.799783
FILLER_81_785,VPWR,li1,368.0000,231.2000,1.799789
FILLER_81_780,VPWR,li1,365.2400,231.2000,1.799792
FILLER_81_768,VPWR,li1,361.5600,231.2000,1.799796
FILLER_81_762,VPWR,li1,356.2700,231.2000,1.799803
FILLER_81_745,VPWR,li1,348.4500,231.2000,1.799822
FILLER_81_735,VPWR,li1,343.8500,231.2000,1.799831
FILLER_81_729,VPWR,li1,342.2400,231.2000,1.799841
FILLER_81_716,VPWR,li1,337.6400,231.2000,1.799856
FILLER_81_700,VPWR,li1,327.9800,231.2000,1.799892
FILLER_81_692,VPWR,li1,324.3000,231.2000,1.799871
FILLER_81_677,VPWR,li1,317.1700,231.2000,1.799833
FILLER_81_673,VPWR,li1,316.0200,231.2000,1.799833
FILLER_81_641,VPWR,li1,303.1400,231.2000,1.799795
FILLER_81_629,VPWR,li1,297.6200,231.2000,1.799781
FILLER_81_617,VPWR,li1,292.1000,231.2000,1.799769
FILLER_81_612,VPWR,li1,287.9600,231.2000,1.799760
FILLER_81_600,VPWR,li1,284.2800,231.2000,1.799750
FILLER_81_588,VPWR,li1,276.4600,231.2000,1.799737
FILLER_81_576,VPWR,li1,273.2400,231.2000,1.799733
FILLER_81_564,VPWR,li1,267.7200,231.2000,1.799728
FILLER_81_557,VPWR,li1,262.4300,231.2000,1.799725
FILLER_81_545,VPWR,li1,258.9800,231.2000,1.799724
FILLER_81_533,VPWR,li1,253.4600,231.2000,1.799723
FILLER_81_521,VPWR,li1,247.9400,231.2000,1.799722
FILLER_81_505,VPWR,li1,240.5800,231.2000,1.799724
FILLER_81_502,VPWR,li1,236.9000,231.2000,1.799726
FILLER_81_490,VPWR,li1,233.6800,231.2000,1.799728
FILLER_81_478,VPWR,li1,226.0900,231.2000,1.799735
FILLER_81_466,VPWR,li1,221.7200,231.2000,1.799738
FILLER_81_457,VPWR,li1,216.2000,231.2000,1.799746
FILLER_81_449,VPWR,li1,213.9000,231.2000,1.799756
FILLER_81_446,VPWR,li1,211.1400,231.2000,1.799769
FILLER_81_439,VPWR,li1,207.6900,231.2000,1.799789
FILLER_81_435,VPWR,li1,206.5400,231.2000,1.799789
FILLER_81_427,VPWR,li1,202.4000,231.2000,1.799807
FILLER_81_418,VPWR,li1,198.4900,231.2000,1.799825
FILLER_81_405,VPWR,li1,192.2800,231.2000,1.799859
FILLER_81_393,VPWR,li1,189.0600,231.2000,1.799873
FILLER_81_388,VPWR,li1,184.9200,231.2000,1.799891
FILLER_81_366,VPWR,li1,174.1100,231.2000,1.799930
FILLER_81_360,VPWR,li1,172.5000,231.2000,1.799930
FILLER_81_344,VPWR,li1,164.2200,231.2000,1.799917
FILLER_81_328,VPWR,li1,156.8600,231.2000,1.799907
FILLER_81_316,VPWR,li1,153.6400,231.2000,1.799903
FILLER_81_304,VPWR,li1,148.1200,231.2000,1.799894
FILLER_81_285,VPWR,li1,136.8500,231.2000,1.799880
FILLER_81_281,VPWR,li1,135.7000,231.2000,1.799880
FILLER_81_278,VPWR,li1,133.8600,231.2000,1.799878
FILLER_81_270,VPWR,li1,131.5600,231.2000,1.799876
FILLER_81_263,VPWR,li1,126.7300,231.2000,1.799869
FILLER_81_251,VPWR,li1,123.7400,231.2000,1.799867
FILLER_81_233,VPWR,li1,112.9300,231.2000,1.799857
FILLER_81_225,VPWR,li1,109.2500,231.2000,1.799856
FILLER_81_212,VPWR,li1,105.8000,231.2000,1.799857
FILLER_81_200,VPWR,li1,100.2800,231.2000,1.799861
FILLER_81_188,VPWR,li1,94.7600,231.2000,1.799865
FILLER_81_176,VPWR,li1,89.2400,231.2000,1.799870
FILLER_81_165,VPWR,li1,82.1100,231.2000,1.799876
FILLER_81_156,VPWR,li1,77.7400,231.2000,1.799880
FILLER_81_148,VPWR,li1,75.4400,231.2000,1.799883
FILLER_81_134,VPWR,li1,67.3900,231.2000,1.799890
FILLER_81_128,VPWR,li1,65.7800,231.2000,1.799893
FILLER_81_116,VPWR,li1,61.6400,231.2000,1.799896
FILLER_81_111,VPWR,li1,56.8100,231.2000,1.799902
FILLER_81_107,VPWR,li1,55.6600,231.2000,1.799902
FILLER_81_95,VPWR,li1,51.9800,231.2000,1.799908
FILLER_81_79,VPWR,li1,42.5500,231.2000,1.799923
FILLER_81_69,VPWR,li1,37.9500,231.2000,1.799933
FILLER_81_57,VPWR,li1,34.5000,231.2000,1.799942
FILLER_81_55,VPWR,li1,31.0500,231.2000,1.799954
FILLER_81_49,VPWR,li1,29.4400,231.2000,1.799954
FILLER_81_37,VPWR,li1,25.3000,231.2000,1.799964
FILLER_81_25,VPWR,li1,19.7800,231.2000,1.799973
FILLER_81_13,VPWR,li1,14.2600,231.2000,1.799972
FILLER_80_819,VPWR,li1,382.4900,231.2000,1.799778
FILLER_80_813,VPWR,li1,380.8800,231.2000,1.799778
FILLER_80_804,VPWR,li1,377.2000,231.2000,1.799780
FILLER_80_792,VPWR,li1,372.6000,231.2000,1.799785
FILLER_80_780,VPWR,li1,367.0800,231.2000,1.799789
FILLER_80_768,VPWR,li1,361.5600,231.2000,1.799796
FILLER_80_757,VPWR,li1,354.4300,231.2000,1.799808
FILLER_80_754,VPWR,li1,352.8200,231.2000,1.799808
FILLER_80_740,VPWR,li1,347.3000,231.2000,1.799822
FILLER_80_713,VPWR,li1,334.1900,231.2000,1.799866
FILLER_80_701,VPWR,li1,330.7400,231.2000,1.799879
FILLER_80_698,VPWR,li1,327.0600,231.2000,1.799881
FILLER_80_683,VPWR,li1,320.1600,231.2000,1.799850
FILLER_80_661,VPWR,li1,310.5000,231.2000,1.799813
FILLER_80_649,VPWR,li1,306.8200,231.2000,1.799805
FILLER_80_642,VPWR,li1,301.3000,231.2000,1.799790
FILLER_80_633,VPWR,li1,296.9300,231.2000,1.799777
FILLER_80_629,VPWR,li1,295.7800,231.2000,1.799777
FILLER_80_617,VPWR,li1,292.1000,231.2000,1.799769
FILLER_80_606,VPWR,li1,284.5100,231.2000,1.799753
FILLER_80_586,VPWR,li1,275.5400,231.2000,1.799737
FILLER_80_572,VPWR,li1,269.1000,231.2000,1.799729
FILLER_80_558,VPWR,li1,262.4300,231.2000,1.799725
FILLER_80_541,VPWR,li1,254.6100,231.2000,1.799723
FILLER_80_533,VPWR,li1,252.5400,231.2000,1.799723
FILLER_80_529,VPWR,li1,249.5500,231.2000,1.799723
FILLER_80_521,VPWR,li1,247.0200,231.2000,1.799722
FILLER_80_510,VPWR,li1,240.3500,231.2000,1.799724
FILLER_80_495,VPWR,li1,233.4500,231.2000,1.799730
FILLER_80_489,VPWR,li1,231.8400,231.2000,1.799730
FILLER_80_464,VPWR,li1,219.4200,231.2000,1.799740
FILLER_80_453,VPWR,li1,214.5900,231.2000,1.799756
FILLER_80_445,VPWR,li1,212.0600,231.2000,1.799769
FILLER_80_433,VPWR,li1,207.4600,231.2000,1.799789
FILLER_80_421,VPWR,li1,201.9400,231.2000,1.799816
FILLER_80_412,VPWR,li1,196.8800,231.2000,1.799837
FILLER_80_399,VPWR,li1,189.2900,231.2000,1.799873
FILLER_80_395,VPWR,li1,188.1400,231.2000,1.799873
FILLER_80_383,VPWR,li1,184.4600,231.2000,1.799891
FILLER_80_377,VPWR,li1,179.1700,231.2000,1.799917
FILLER_80_365,VPWR,li1,176.1800,231.2000,1.799935
FILLER_80_356,VPWR,li1,171.1200,231.2000,1.799925
FILLER_80_344,VPWR,li1,166.5200,231.2000,1.799920
FILLER_80_335,VPWR,li1,160.3100,231.2000,1.799910
FILLER_80_327,VPWR,li1,157.7800,231.2000,1.799907
FILLER_80_309,VPWR,li1,148.5800,231.2000,1.799894
FILLER_80_307,VPWR,li1,146.9700,231.2000,1.799894
FILLER_80_301,VPWR,li1,145.3600,231.2000,1.799890
FILLER_80_287,VPWR,li1,137.7700,231.2000,1.799882
FILLER_80_281,VPWR,li1,136.1600,231.2000,1.799880
FILLER_80_257,VPWR,li1,123.9700,231.2000,1.799867
FILLER_80_253,VPWR,li1,122.8200,231.2000,1.799865
FILLER_80_246,VPWR,li1,120.0600,231.2000,1.799863
FILLER_80_233,VPWR,li1,114.5400,231.2000,1.799857
FILLER_80_225,VPWR,li1,109.2500,231.2000,1.799856
FILLER_80_214,VPWR,li1,104.1900,231.2000,1.799859
FILLER_80_210,VPWR,li1,103.0400,231.2000,1.799859
FILLER_80_201,VPWR,li1,98.2100,231.2000,1.799863
FILLER_80_197,VPWR,li1,97.0600,231.2000,1.799863
FILLER_80_194,VPWR,li1,95.2200,231.2000,1.799865
FILLER_80_186,VPWR,li1,92.9200,231.2000,1.799867
FILLER_80_174,VPWR,li1,88.3200,231.2000,1.799870
FILLER_80_161,VPWR,li1,79.8100,231.2000,1.799878
FILLER_80_157,VPWR,li1,78.6600,231.2000,1.799878
FILLER_80_141,VPWR,li1,70.6100,231.2000,1.799888
FILLER_80_137,VPWR,li1,69.2300,231.2000,1.799888
FILLER_80_129,VPWR,li1,66.7000,231.2000,1.799890
FILLER_80_121,VPWR,li1,61.4100,231.2000,1.799896
FILLER_80_104,VPWR,li1,53.5900,231.2000,1.799905
FILLER_80_100,VPWR,li1,51.7500,231.2000,1.799908
FILLER_80_88,VPWR,li1,48.7600,231.2000,1.799913
FILLER_80_81,VPWR,li1,43.4700,231.2000,1.799923
FILLER_80_65,VPWR,li1,36.1100,231.2000,1.799942
FILLER_80_53,VPWR,li1,32.6600,231.2000,1.799949
FILLER_80_41,VPWR,li1,27.1400,231.2000,1.799960
FILLER_80_29,VPWR,li1,21.6200,231.2000,1.799974
FILLER_80_27,VPWR,li1,18.1700,231.2000,1.799973
FILLER_80_19,VPWR,li1,16.1000,231.2000,1.799973
FILLER_80_7,VPWR,li1,11.5000,231.2000,1.799972
FILLER_79_803,VPWR,li1,375.1300,225.7600,1.799757
FILLER_79_791,VPWR,li1,372.1400,225.7600,1.799762
FILLER_79_782,VPWR,li1,365.7000,225.7600,1.799774
FILLER_79_774,VPWR,li1,363.4000,225.7600,1.799781
FILLER_79_753,VPWR,li1,352.1300,225.7600,1.799811
FILLER_79_746,VPWR,li1,348.9100,225.7600,1.799822
FILLER_79_718,VPWR,li1,336.2600,225.7600,1.799879
FILLER_79_706,VPWR,li1,333.0400,225.7600,1.799892
FILLER_79_700,VPWR,li1,328.2100,225.7600,1.799916
FILLER_79_692,VPWR,li1,325.6800,225.7600,1.799906
FILLER_79_671,VPWR,li1,314.4100,225.7600,1.799870
FILLER_79_667,VPWR,li1,313.2600,225.7600,1.799870
FILLER_79_653,VPWR,li1,307.2800,225.7600,1.799856
FILLER_79_641,VPWR,li1,303.1400,225.7600,1.799848
FILLER_79_629,VPWR,li1,296.2400,225.7600,1.799834
FILLER_79_597,VPWR,li1,281.5200,225.7600,1.799815
FILLER_79_582,VPWR,li1,273.4700,225.7600,1.799809
FILLER_79_570,VPWR,li1,270.4800,225.7600,1.799807
FILLER_79_557,VPWR,li1,262.4300,225.7600,1.799802
FILLER_79_545,VPWR,li1,258.9800,225.7600,1.799800
FILLER_79_534,VPWR,li1,251.6200,225.7600,1.799796
FILLER_79_523,VPWR,li1,246.3300,225.7600,1.799793
FILLER_79_511,VPWR,li1,243.3400,225.7600,1.799792
FILLER_79_502,VPWR,li1,236.9000,225.7600,1.799791
FILLER_79_489,VPWR,li1,231.8400,225.7600,1.799794
FILLER_79_477,VPWR,li1,227.7000,225.7600,1.799798
FILLER_79_469,VPWR,li1,221.9500,225.7600,1.799802
FILLER_79_461,VPWR,li1,219.4200,225.7600,1.799804
FILLER_79_449,VPWR,li1,214.8200,225.7600,1.799809
FILLER_79_447,VPWR,li1,211.3700,225.7600,1.799820
FILLER_79_441,VPWR,li1,209.7600,225.7600,1.799820
FILLER_79_429,VPWR,li1,205.6200,225.7600,1.799830
FILLER_79_417,VPWR,li1,200.1000,225.7600,1.799843
FILLER_79_405,VPWR,li1,194.5800,225.7600,1.799858
FILLER_79_393,VPWR,li1,189.0600,225.7600,1.799872
FILLER_79_391,VPWR,li1,185.6100,225.7600,1.799884
FILLER_79_387,VPWR,li1,184.4600,225.7600,1.799884
FILLER_79_379,VPWR,li1,180.0900,225.7600,1.799905
FILLER_79_375,VPWR,li1,178.9400,225.7600,1.799905
FILLER_79_363,VPWR,li1,175.2600,225.7600,1.799923
FILLER_79_337,VPWR,li1,163.3000,225.7600,1.799888
FILLER_79_335,VPWR,li1,159.8500,225.7600,1.799877
FILLER_79_327,VPWR,li1,157.7800,225.7600,1.799868
FILLER_79_313,VPWR,li1,149.9600,225.7600,1.799848
FILLER_79_305,VPWR,li1,147.6600,225.7600,1.799843
FILLER_79_293,VPWR,li1,143.0600,225.7600,1.799837
FILLER_79_281,VPWR,li1,137.5400,225.7600,1.799825
FILLER_79_274,VPWR,li1,132.9400,225.7600,1.799819
FILLER_79_259,VPWR,li1,125.5800,225.7600,1.799807
FILLER_79_247,VPWR,li1,121.9000,225.7600,1.799801
FILLER_79_225,VPWR,li1,110.8600,225.7600,1.799798
FILLER_79_218,VPWR,li1,106.0300,225.7600,1.799802
FILLER_79_212,VPWR,li1,104.4200,225.7600,1.799802
FILLER_79_202,VPWR,li1,99.1300,225.7600,1.799808
FILLER_79_190,VPWR,li1,95.6800,225.7600,1.799815
FILLER_79_182,VPWR,li1,89.7000,225.7600,1.799822
FILLER_79_177,VPWR,li1,87.4000,225.7600,1.799826
FILLER_79_169,VPWR,li1,85.1000,225.7600,1.799830
FILLER_79_167,VPWR,li1,82.5700,225.7600,1.799835
FILLER_79_159,VPWR,li1,80.5000,225.7600,1.799840
FILLER_79_147,VPWR,li1,75.9000,225.7600,1.799847
FILLER_79_143,VPWR,li1,71.5300,225.7600,1.799855
FILLER_79_135,VPWR,li1,69.4600,225.7600,1.799859
FILLER_79_111,VPWR,li1,56.8100,225.7600,1.799886
FILLER_79_86,VPWR,li1,46.4600,225.7600,1.799910
FILLER_79_74,VPWR,li1,42.3200,225.7600,1.799923
FILLER_79_57,VPWR,li1,33.1200,225.7600,1.799944
FILLER_79_53,VPWR,li1,30.5900,225.7600,1.799950
FILLER_79_45,VPWR,li1,28.0600,225.7600,1.799959
FILLER_79_33,VPWR,li1,23.4600,225.7600,1.799968
FILLER_79_21,VPWR,li1,17.9400,225.7600,1.799973
FILLER_79_9,VPWR,li1,12.4200,225.7600,1.799972
FILLER_78_813,VPWR,li1,380.4200,225.7600,1.799751
FILLER_78_809,VPWR,li1,378.3500,225.7600,1.799753
FILLER_78_801,VPWR,li1,375.8200,225.7600,1.799757
FILLER_78_783,VPWR,li1,365.9300,225.7600,1.799774
FILLER_78_771,VPWR,li1,362.9400,225.7600,1.799781
FILLER_78_757,VPWR,li1,353.9700,225.7600,1.799805
FILLER_78_748,VPWR,li1,350.2900,225.7600,1.799822
FILLER_78_736,VPWR,li1,346.8400,225.7600,1.799830
FILLER_78_720,VPWR,li1,338.1000,225.7600,1.799867
FILLER_78_694,VPWR,li1,324.9900,225.7600,1.799906
FILLER_78_682,VPWR,li1,322.0000,225.7600,1.799891
FILLER_78_670,VPWR,li1,316.4800,225.7600,1.799879
FILLER_78_653,VPWR,li1,306.1300,225.7600,1.799852
FILLER_78_638,VPWR,li1,300.3800,225.7600,1.799842
FILLER_78_625,VPWR,li1,293.7100,225.7600,1.799831
FILLER_78_613,VPWR,li1,290.2600,225.7600,1.799823
FILLER_78_601,VPWR,li1,282.4400,225.7600,1.799815
FILLER_78_589,VPWR,li1,279.2200,225.7600,1.799813
FILLER_78_576,VPWR,li1,273.2400,225.7600,1.799809
FILLER_78_564,VPWR,li1,267.7200,225.7600,1.799805
FILLER_78_551,VPWR,li1,259.9000,225.7600,1.799800
FILLER_78_539,VPWR,li1,256.2200,225.7600,1.799798
FILLER_78_521,VPWR,li1,246.5600,225.7600,1.799793
FILLER_78_509,VPWR,li1,242.4200,225.7600,1.799792
FILLER_78_494,VPWR,li1,234.6000,225.7600,1.799792
FILLER_78_490,VPWR,li1,231.1500,225.7600,1.799796
FILLER_78_483,VPWR,li1,227.9300,225.7600,1.799798
FILLER_78_477,VPWR,li1,226.3200,225.7600,1.799798
FILLER_78_475,VPWR,li1,224.2500,225.7600,1.799800
FILLER_78_463,VPWR,li1,221.2600,225.7600,1.799802
FILLER_78_443,VPWR,li1,211.1400,225.7600,1.799820
FILLER_78_433,VPWR,li1,205.1600,225.7600,1.799834
FILLER_78_421,VPWR,li1,201.0200,225.7600,1.799843
FILLER_78_417,VPWR,li1,198.0300,225.7600,1.799848
FILLER_78_409,VPWR,li1,194.1200,225.7600,1.799858
FILLER_78_401,VPWR,li1,190.4400,225.7600,1.799872
FILLER_78_389,VPWR,li1,187.2200,225.7600,1.799877
FILLER_78_377,VPWR,li1,180.3200,225.7600,1.799905
FILLER_78_365,VPWR,li1,176.1800,225.7600,1.799923
FILLER_78_362,VPWR,li1,172.5000,225.7600,1.799914
FILLER_78_341,VPWR,li1,164.2200,225.7600,1.799888
FILLER_78_329,VPWR,li1,159.6200,225.7600,1.799877
FILLER_78_316,VPWR,li1,151.5700,225.7600,1.799855
FILLER_78_305,VPWR,li1,146.5100,225.7600,1.799843
FILLER_78_297,VPWR,li1,143.9800,225.7600,1.799837
FILLER_78_288,VPWR,li1,138.4600,225.7600,1.799829
FILLER_78_280,VPWR,li1,136.1600,225.7600,1.799825
FILLER_78_268,VPWR,li1,131.5600,225.7600,1.799816
FILLER_78_253,VPWR,li1,123.7400,225.7600,1.799804
FILLER_78_222,VPWR,li1,108.5600,225.7600,1.799800
FILLER_78_210,VPWR,li1,104.8800,225.7600,1.799802
FILLER_78_197,VPWR,li1,96.3700,225.7600,1.799812
FILLER_78_192,VPWR,li1,94.0700,225.7600,1.799815
FILLER_78_164,VPWR,li1,81.8800,225.7600,1.799835
FILLER_78_153,VPWR,li1,76.8200,225.7600,1.799847
FILLER_78_141,VPWR,li1,73.1400,225.7600,1.799855
FILLER_78_128,VPWR,li1,67.1600,225.7600,1.799866
FILLER_78_119,VPWR,li1,60.7200,225.7600,1.799878
FILLER_78_104,VPWR,li1,53.5900,225.7600,1.799893
FILLER_78_85,VPWR,li1,47.3800,225.7600,1.799910
FILLER_78_82,VPWR,li1,43.7000,225.7600,1.799917
FILLER_78_77,VPWR,li1,41.1700,225.7600,1.799923
FILLER_78_65,VPWR,li1,38.1800,225.7600,1.799930
FILLER_78_53,VPWR,li1,32.6600,225.7600,1.799944
FILLER_78_41,VPWR,li1,27.1400,225.7600,1.799959
FILLER_78_29,VPWR,li1,21.6200,225.7600,1.799973
FILLER_78_27,VPWR,li1,18.1700,225.7600,1.799973
FILLER_78_15,VPWR,li1,15.1800,225.7600,1.799972
FILLER_78_3,VPWR,li1,9.6600,225.7600,1.799971
FILLER_77_802,VPWR,li1,374.9000,220.3200,1.799840
FILLER_77_791,VPWR,li1,369.6100,220.3200,1.799845
FILLER_77_770,VPWR,li1,359.9500,220.3200,1.799859
FILLER_77_758,VPWR,li1,356.9600,220.3200,1.799864
FILLER_77_752,VPWR,li1,352.1300,220.3200,1.799872
FILLER_77_736,VPWR,li1,345.0000,220.3200,1.799887
FILLER_77_726,VPWR,li1,339.9400,220.3200,1.799903
FILLER_77_711,VPWR,li1,335.3400,220.3200,1.799912
FILLER_77_697,VPWR,li1,327.0600,220.3200,1.799925
FILLER_77_671,VPWR,li1,314.4100,220.3200,1.799885
FILLER_77_654,VPWR,li1,306.8200,220.3200,1.799862
FILLER_77_645,VPWR,li1,302.4500,220.3200,1.799853
FILLER_77_641,VPWR,li1,301.3000,220.3200,1.799853
FILLER_77_629,VPWR,li1,297.6200,220.3200,1.799844
FILLER_77_617,VPWR,li1,292.1000,220.3200,1.799829
FILLER_77_613,VPWR,li1,288.1900,220.3200,1.799823
FILLER_77_599,VPWR,li1,281.2900,220.3200,1.799809
FILLER_77_591,VPWR,li1,279.2200,220.3200,1.799806
FILLER_77_571,VPWR,li1,269.5600,220.3200,1.799794
FILLER_77_559,VPWR,li1,262.8900,220.3200,1.799788
FILLER_77_547,VPWR,li1,257.6000,220.3200,1.799784
FILLER_77_535,VPWR,li1,254.3800,220.3200,1.799782
FILLER_77_529,VPWR,li1,249.3200,220.3200,1.799778
FILLER_77_523,VPWR,li1,246.5600,220.3200,1.799777
FILLER_77_515,VPWR,li1,244.2600,220.3200,1.799775
FILLER_77_496,VPWR,li1,234.3700,220.3200,1.799774
FILLER_77_488,VPWR,li1,230.2300,220.3200,1.799778
FILLER_77_475,VPWR,li1,224.7100,220.3200,1.799785
FILLER_77_449,VPWR,li1,213.9000,220.3200,1.799799
FILLER_77_420,VPWR,li1,199.1800,220.3200,1.799833
FILLER_77_397,VPWR,li1,188.3700,220.3200,1.799864
FILLER_77_393,VPWR,li1,187.2200,220.3200,1.799864
FILLER_77_390,VPWR,li1,185.3800,220.3200,1.799871
FILLER_77_368,VPWR,li1,175.2600,220.3200,1.799920
FILLER_77_362,VPWR,li1,172.5000,220.3200,1.799913
FILLER_77_349,VPWR,li1,166.7500,220.3200,1.799896
FILLER_77_337,VPWR,li1,163.3000,220.3200,1.799884
FILLER_77_334,VPWR,li1,159.6200,220.3200,1.799877
FILLER_77_321,VPWR,li1,153.6400,220.3200,1.799858
FILLER_77_309,VPWR,li1,150.4200,220.3200,1.799852
FILLER_77_300,VPWR,li1,143.9800,220.3200,1.799839
FILLER_77_292,VPWR,li1,140.0700,220.3200,1.799833
FILLER_77_281,VPWR,li1,135.7000,220.3200,1.799826
FILLER_77_278,VPWR,li1,133.8600,220.3200,1.799823
FILLER_77_247,VPWR,li1,121.9000,220.3200,1.799809
FILLER_77_232,VPWR,li1,112.7000,220.3200,1.799801
FILLER_77_225,VPWR,li1,109.9400,220.3200,1.799801
FILLER_77_206,VPWR,li1,100.5100,220.3200,1.799804
FILLER_77_200,VPWR,li1,98.9000,220.3200,1.799805
FILLER_77_192,VPWR,li1,94.3000,220.3200,1.799806
FILLER_77_183,VPWR,li1,90.1600,220.3200,1.799809
FILLER_77_169,VPWR,li1,83.4900,220.3200,1.799814
FILLER_77_165,VPWR,li1,82.1100,220.3200,1.799814
FILLER_77_157,VPWR,li1,79.5800,220.3200,1.799816
FILLER_77_143,VPWR,li1,71.5300,220.3200,1.799828
FILLER_77_131,VPWR,li1,66.0100,220.3200,1.799839
FILLER_77_125,VPWR,li1,64.4000,220.3200,1.799844
FILLER_77_113,VPWR,li1,60.2600,220.3200,1.799849
FILLER_77_106,VPWR,li1,55.6600,220.3200,1.799860
FILLER_77_94,VPWR,li1,51.5200,220.3200,1.799873
FILLER_77_71,VPWR,li1,38.6400,220.3200,1.799911
FILLER_77_57,VPWR,li1,33.5800,220.3200,1.799924
FILLER_77_55,VPWR,li1,31.0500,220.3200,1.799938
FILLER_77_49,VPWR,li1,29.4400,220.3200,1.799938
FILLER_77_37,VPWR,li1,25.3000,220.3200,1.799953
FILLER_77_25,VPWR,li1,19.7800,220.3200,1.799965
FILLER_77_13,VPWR,li1,14.2600,220.3200,1.799965
FILLER_76_819,VPWR,li1,382.4900,220.3200,1.799837
FILLER_76_813,VPWR,li1,380.8800,220.3200,1.799837
FILLER_76_809,VPWR,li1,378.3500,220.3200,1.799837
FILLER_76_797,VPWR,li1,374.9000,220.3200,1.799840
FILLER_76_791,VPWR,li1,370.0700,220.3200,1.799845
FILLER_76_783,VPWR,li1,367.5400,220.3200,1.799847
FILLER_76_775,VPWR,li1,362.2500,220.3200,1.799855
FILLER_76_764,VPWR,li1,357.1900,220.3200,1.799864
FILLER_76_757,VPWR,li1,353.9700,220.3200,1.799869
FILLER_76_754,VPWR,li1,352.8200,220.3200,1.799872
FILLER_76_746,VPWR,li1,350.5200,220.3200,1.799876
FILLER_76_740,VPWR,li1,346.1500,220.3200,1.799887
FILLER_76_725,VPWR,li1,340.4000,220.3200,1.799903
FILLER_76_713,VPWR,li1,336.2600,220.3200,1.799912
FILLER_76_701,VPWR,li1,330.7400,220.3200,1.799928
FILLER_76_698,VPWR,li1,327.0600,220.3200,1.799925
FILLER_76_688,VPWR,li1,323.3800,220.3200,1.799916
FILLER_76_682,VPWR,li1,319.7000,220.3200,1.799899
FILLER_76_669,VPWR,li1,313.9500,220.3200,1.799885
FILLER_76_661,VPWR,li1,311.4200,220.3200,1.799878
FILLER_76_656,VPWR,li1,307.5100,220.3200,1.799868
FILLER_76_645,VPWR,li1,302.9100,220.3200,1.799853
FILLER_76_642,VPWR,li1,301.3000,220.3200,1.799853
FILLER_76_634,VPWR,li1,299.0000,220.3200,1.799844
FILLER_76_629,VPWR,li1,295.3200,220.3200,1.799839
FILLER_76_619,VPWR,li1,290.9500,220.3200,1.799829
FILLER_76_611,VPWR,li1,288.4200,220.3200,1.799823
FILLER_76_589,VPWR,li1,276.6900,220.3200,1.799803
FILLER_76_587,VPWR,li1,275.7700,220.3200,1.799800
FILLER_76_583,VPWR,li1,274.6200,220.3200,1.799800
FILLER_76_576,VPWR,li1,271.1700,220.3200,1.799796
FILLER_76_568,VPWR,li1,268.6400,220.3200,1.799794
FILLER_76_556,VPWR,li1,264.0400,220.3200,1.799790
FILLER_76_542,VPWR,li1,256.6800,220.3200,1.799784
FILLER_76_511,VPWR,li1,241.5000,220.3200,1.799774
FILLER_76_501,VPWR,li1,236.4400,220.3200,1.799773
FILLER_76_489,VPWR,li1,233.2200,220.3200,1.799776
FILLER_76_477,VPWR,li1,227.7000,220.3200,1.799781
FILLER_76_464,VPWR,li1,221.7200,220.3200,1.799788
FILLER_76_452,VPWR,li1,216.2000,220.3200,1.799795
FILLER_76_440,VPWR,li1,210.6800,220.3200,1.799807
FILLER_76_436,VPWR,li1,206.3100,220.3200,1.799818
FILLER_76_421,VPWR,li1,200.5600,220.3200,1.799833
FILLER_76_412,VPWR,li1,196.8800,220.3200,1.799838
FILLER_76_408,VPWR,li1,193.4300,220.3200,1.799852
FILLER_76_400,VPWR,li1,189.9800,220.3200,1.799856
FILLER_76_390,VPWR,li1,185.6100,220.3200,1.799871
FILLER_76_378,VPWR,li1,182.1600,220.3200,1.799886
FILLER_76_365,VPWR,li1,174.1100,220.3200,1.799920
FILLER_76_356,VPWR,li1,169.7400,220.3200,1.799907
FILLER_76_347,VPWR,li1,165.8300,220.3200,1.799896
FILLER_76_336,VPWR,li1,160.3100,220.3200,1.799877
FILLER_76_332,VPWR,li1,159.1600,220.3200,1.799877
FILLER_76_317,VPWR,li1,152.0300,220.3200,1.799858
FILLER_76_309,VPWR,li1,149.5000,220.3200,1.799852
FILLER_76_304,VPWR,li1,146.2800,220.3200,1.799843
FILLER_76_292,VPWR,li1,142.6000,220.3200,1.799836
FILLER_76_258,VPWR,li1,124.4300,220.3200,1.799812
FILLER_76_241,VPWR,li1,117.3000,220.3200,1.799803
FILLER_76_227,VPWR,li1,110.1700,220.3200,1.799801
FILLER_76_219,VPWR,li1,108.1000,220.3200,1.799802
FILLER_76_205,VPWR,li1,100.0500,220.3200,1.799804
FILLER_76_197,VPWR,li1,97.9800,220.3200,1.799805
FILLER_76_192,VPWR,li1,94.7600,220.3200,1.799806
FILLER_76_180,VPWR,li1,91.0800,220.3200,1.799809
FILLER_76_168,VPWR,li1,85.5600,220.3200,1.799812
FILLER_76_156,VPWR,li1,80.0400,220.3200,1.799816
FILLER_76_141,VPWR,li1,71.0700,220.3200,1.799828
FILLER_76_138,VPWR,li1,69.4600,220.3200,1.799833
FILLER_76_124,VPWR,li1,62.7900,220.3200,1.799844
FILLER_76_116,VPWR,li1,60.7200,220.3200,1.799849
FILLER_76_94,VPWR,li1,48.9900,220.3200,1.799881
FILLER_76_90,VPWR,li1,47.8400,220.3200,1.799881
FILLER_76_83,VPWR,li1,43.9300,220.3200,1.799891
FILLER_76_76,VPWR,li1,40.7100,220.3200,1.799903
FILLER_76_69,VPWR,li1,37.4900,220.3200,1.799911
FILLER_76_61,VPWR,li1,33.8100,220.3200,1.799924
FILLER_76_53,VPWR,li1,31.7400,220.3200,1.799931
FILLER_76_41,VPWR,li1,27.1400,220.3200,1.799946
FILLER_76_29,VPWR,li1,21.6200,220.3200,1.799965
FILLER_76_27,VPWR,li1,18.1700,220.3200,1.799965
FILLER_76_15,VPWR,li1,15.1800,220.3200,1.799965
FILLER_76_3,VPWR,li1,9.6600,220.3200,1.799964
FILLER_75_800,VPWR,li1,374.4400,214.8800,1.799869
FILLER_75_778,VPWR,li1,364.7800,214.8800,1.799882
FILLER_75_745,VPWR,li1,348.9100,214.8800,1.799908
FILLER_75_733,VPWR,li1,345.4600,214.8800,1.799917
FILLER_75_727,VPWR,li1,340.1700,214.8800,1.799926
FILLER_75_713,VPWR,li1,333.9600,214.8800,1.799941
FILLER_75_705,VPWR,li1,331.6600,214.8800,1.799947
FILLER_75_681,VPWR,li1,319.0100,214.8800,1.799939
FILLER_75_673,VPWR,li1,316.9400,214.8800,1.799936
FILLER_75_670,VPWR,li1,314.1800,214.8800,1.799931
FILLER_75_658,VPWR,li1,310.9600,214.8800,1.799925
FILLER_75_643,VPWR,li1,301.9900,214.8800,1.799913
FILLER_75_617,VPWR,li1,289.8000,214.8800,1.799899
FILLER_75_612,VPWR,li1,287.9600,214.8800,1.799897
FILLER_75_597,VPWR,li1,280.3700,214.8800,1.799888
FILLER_75_585,VPWR,li1,277.3800,214.8800,1.799886
FILLER_75_565,VPWR,li1,265.6500,214.8800,1.799880
FILLER_75_561,VPWR,li1,264.5000,214.8800,1.799880
FILLER_75_556,VPWR,li1,262.2000,214.8800,1.799880
FILLER_75_544,VPWR,li1,258.5200,214.8800,1.799879
FILLER_75_537,VPWR,li1,253.0000,214.8800,1.799878
FILLER_75_519,VPWR,li1,244.7200,214.8800,1.799877
FILLER_75_511,VPWR,li1,242.4200,214.8800,1.799877
FILLER_75_500,VPWR,li1,236.4400,214.8800,1.799878
FILLER_75_481,VPWR,li1,229.5400,214.8800,1.799881
FILLER_75_469,VPWR,li1,224.0200,214.8800,1.799884
FILLER_75_465,VPWR,li1,219.6500,214.8800,1.799888
FILLER_75_461,VPWR,li1,218.5000,214.8800,1.799888
FILLER_75_449,VPWR,li1,214.8200,214.8800,1.799894
FILLER_75_442,VPWR,li1,210.2200,214.8800,1.799899
FILLER_75_435,VPWR,li1,205.8500,214.8800,1.799905
FILLER_75_431,VPWR,li1,204.7000,214.8800,1.799905
FILLER_75_408,VPWR,li1,193.4300,214.8800,1.799920
FILLER_75_400,VPWR,li1,191.3600,214.8800,1.799923
FILLER_75_393,VPWR,li1,186.7600,214.8800,1.799931
FILLER_75_391,VPWR,li1,185.6100,214.8800,1.799934
FILLER_75_377,VPWR,li1,179.4000,214.8800,1.799943
FILLER_75_369,VPWR,li1,177.1000,214.8800,1.799950
FILLER_75_353,VPWR,li1,169.2800,214.8800,1.799940
FILLER_75_344,VPWR,li1,164.2200,214.8800,1.799931
FILLER_75_333,VPWR,li1,159.3900,214.8800,1.799920
FILLER_75_323,VPWR,li1,154.3300,214.8800,1.799906
FILLER_75_319,VPWR,li1,153.1800,214.8800,1.799906
FILLER_75_307,VPWR,li1,149.5000,214.8800,1.799898
FILLER_75_292,VPWR,li1,140.5300,214.8800,1.799885
FILLER_75_284,VPWR,li1,138.0000,214.8800,1.799883
FILLER_75_279,VPWR,li1,134.0900,214.8800,1.799879
FILLER_75_267,VPWR,li1,131.1000,214.8800,1.799876
FILLER_75_254,VPWR,li1,123.0500,214.8800,1.799869
FILLER_75_246,VPWR,li1,120.5200,214.8800,1.799867
FILLER_75_240,VPWR,li1,116.1500,214.8800,1.799863
FILLER_75_233,VPWR,li1,113.3900,214.8800,1.799862
FILLER_75_225,VPWR,li1,110.8600,214.8800,1.799861
FILLER_75_223,VPWR,li1,108.3300,214.8800,1.799860
FILLER_75_219,VPWR,li1,107.1800,214.8800,1.799860
FILLER_75_200,VPWR,li1,98.9000,214.8800,1.799860
FILLER_75_188,VPWR,li1,94.7600,214.8800,1.799863
FILLER_75_176,VPWR,li1,89.2400,214.8800,1.799866
FILLER_75_167,VPWR,li1,82.5700,214.8800,1.799872
FILLER_75_159,VPWR,li1,80.5000,214.8800,1.799875
FILLER_75_147,VPWR,li1,75.9000,214.8800,1.799879
FILLER_75_135,VPWR,li1,70.3800,214.8800,1.799888
FILLER_75_125,VPWR,li1,63.2500,214.8800,1.799897
FILLER_75_113,VPWR,li1,60.2600,214.8800,1.799902
FILLER_75_110,VPWR,li1,56.5800,214.8800,1.799907
FILLER_75_103,VPWR,li1,53.3600,214.8800,1.799912
FILLER_75_95,VPWR,li1,50.1400,214.8800,1.799921
FILLER_75_83,VPWR,li1,46.4600,214.8800,1.799926
FILLER_75_57,VPWR,li1,32.6600,214.8800,1.799956
FILLER_75_55,VPWR,li1,31.0500,214.8800,1.799956
FILLER_75_43,VPWR,li1,28.0600,214.8800,1.799965
FILLER_75_31,VPWR,li1,22.5400,214.8800,1.799977
FILLER_75_19,VPWR,li1,17.0200,214.8800,1.799976
FILLER_75_7,VPWR,li1,11.5000,214.8800,1.799975
FILLER_74_813,VPWR,li1,380.4200,214.8800,1.799864
FILLER_74_811,VPWR,li1,378.8100,214.8800,1.799864
FILLER_74_799,VPWR,li1,375.8200,214.8800,1.799869
FILLER_74_791,VPWR,li1,370.0700,214.8800,1.799875
FILLER_74_784,VPWR,li1,366.6200,214.8800,1.799879
FILLER_74_772,VPWR,li1,363.4000,214.8800,1.799886
FILLER_74_755,VPWR,li1,353.0500,214.8800,1.799903
FILLER_74_743,VPWR,li1,347.5300,214.8800,1.799914
FILLER_74_739,VPWR,li1,346.3800,214.8800,1.799914
FILLER_74_725,VPWR,li1,339.2500,214.8800,1.799931
FILLER_74_716,VPWR,li1,335.3400,214.8800,1.799941
FILLER_74_708,VPWR,li1,333.0400,214.8800,1.799947
FILLER_74_699,VPWR,li1,327.2900,214.8800,1.799951
FILLER_74_688,VPWR,li1,322.4600,214.8800,1.799942
FILLER_74_680,VPWR,li1,320.1600,214.8800,1.799939
FILLER_74_663,VPWR,li1,311.1900,214.8800,1.799927
FILLER_74_649,VPWR,li1,304.2900,214.8800,1.799916
FILLER_74_645,VPWR,li1,303.1400,214.8800,1.799916
FILLER_74_641,VPWR,li1,301.0700,214.8800,1.799913
FILLER_74_633,VPWR,li1,298.5400,214.8800,1.799910
FILLER_74_625,VPWR,li1,293.4800,214.8800,1.799903
FILLER_74_617,VPWR,li1,291.1800,214.8800,1.799899
FILLER_74_602,VPWR,li1,283.1300,214.8800,1.799892
FILLER_74_589,VPWR,li1,277.1500,214.8800,1.799886
FILLER_74_587,VPWR,li1,275.7700,214.8800,1.799885
FILLER_74_581,VPWR,li1,274.1600,214.8800,1.799885
FILLER_74_573,VPWR,li1,269.3300,214.8800,1.799881
FILLER_74_549,VPWR,li1,260.8200,214.8800,1.799880
FILLER_74_537,VPWR,li1,255.3000,214.8800,1.799879
FILLER_74_524,VPWR,li1,248.4000,214.8800,1.799878
FILLER_74_512,VPWR,li1,243.8000,214.8800,1.799877
FILLER_74_496,VPWR,li1,233.9100,214.8800,1.799879
FILLER_74_485,VPWR,li1,228.8500,214.8800,1.799881
FILLER_74_477,VPWR,li1,226.7800,214.8800,1.799882
FILLER_74_453,VPWR,li1,215.2800,214.8800,1.799892
FILLER_74_441,VPWR,li1,208.8400,214.8800,1.799899
FILLER_74_432,VPWR,li1,204.7000,214.8800,1.799905
FILLER_74_424,VPWR,li1,202.4000,214.8800,1.799908
FILLER_74_394,VPWR,li1,189.5200,214.8800,1.799928
FILLER_74_389,VPWR,li1,184.6900,214.8800,1.799934
FILLER_74_377,VPWR,li1,181.7000,214.8800,1.799939
FILLER_74_365,VPWR,li1,176.1800,214.8800,1.799950
FILLER_74_360,VPWR,li1,172.0400,214.8800,1.799949
FILLER_74_348,VPWR,li1,168.3600,214.8800,1.799940
FILLER_74_342,VPWR,li1,163.0700,214.8800,1.799925
FILLER_74_338,VPWR,li1,161.9200,214.8800,1.799925
FILLER_74_328,VPWR,li1,157.0900,214.8800,1.799914
FILLER_74_320,VPWR,li1,154.5600,214.8800,1.799906
FILLER_74_309,VPWR,li1,148.5800,214.8800,1.799895
FILLER_74_301,VPWR,li1,144.2100,214.8800,1.799888
FILLER_74_289,VPWR,li1,141.2200,214.8800,1.799885
FILLER_74_277,VPWR,li1,135.7000,214.8800,1.799879
FILLER_74_265,VPWR,li1,130.1800,214.8800,1.799876
FILLER_74_253,VPWR,li1,124.6600,214.8800,1.799869
FILLER_74_246,VPWR,li1,120.0600,214.8800,1.799867
FILLER_74_237,VPWR,li1,115.0000,214.8800,1.799863
FILLER_74_227,VPWR,li1,110.6300,214.8800,1.799861
FILLER_74_219,VPWR,li1,108.1000,214.8800,1.799860
FILLER_74_188,VPWR,li1,93.8400,214.8800,1.799863
FILLER_74_177,VPWR,li1,87.8600,214.8800,1.799866
FILLER_74_141,VPWR,li1,70.8400,214.8800,1.799888
FILLER_74_139,VPWR,li1,69.6900,214.8800,1.799888
FILLER_74_133,VPWR,li1,68.0800,214.8800,1.799892
FILLER_74_121,VPWR,li1,63.9400,214.8800,1.799897
FILLER_74_109,VPWR,li1,58.4200,214.8800,1.799904
FILLER_74_85,VPWR,li1,46.0000,214.8800,1.799926
FILLER_74_80,VPWR,li1,43.2400,214.8800,1.799931
FILLER_74_65,VPWR,li1,35.6500,214.8800,1.799948
FILLER_74_53,VPWR,li1,32.6600,214.8800,1.799956
FILLER_74_41,VPWR,li1,27.1400,214.8800,1.799965
FILLER_74_29,VPWR,li1,21.6200,214.8800,1.799977
FILLER_74_26,VPWR,li1,17.9400,214.8800,1.799976
FILLER_74_18,VPWR,li1,15.6400,214.8800,1.799976
FILLER_74_6,VPWR,li1,11.0400,214.8800,1.799975
FILLER_73_821,VPWR,li1,383.8700,209.4400,1.799887
FILLER_73_809,VPWR,li1,380.4200,209.4400,1.799891
FILLER_73_797,VPWR,li1,374.9000,209.4400,1.799897
FILLER_73_785,VPWR,li1,369.3800,209.4400,1.799905
FILLER_73_783,VPWR,li1,365.9300,209.4400,1.799909
FILLER_73_775,VPWR,li1,363.8600,209.4400,1.799912
FILLER_73_763,VPWR,li1,359.2600,209.4400,1.799918
FILLER_73_750,VPWR,li1,350.7500,209.4400,1.799933
FILLER_73_744,VPWR,li1,349.1400,209.4400,1.799933
FILLER_73_732,VPWR,li1,345.0000,209.4400,1.799939
FILLER_73_726,VPWR,li1,339.9400,209.4400,1.799947
FILLER_73_718,VPWR,li1,336.0300,209.4400,1.799954
FILLER_73_703,VPWR,li1,329.1300,209.4400,1.799969
FILLER_73_697,VPWR,li1,327.5200,209.4400,1.799969
FILLER_73_650,VPWR,li1,305.4400,209.4400,1.799946
FILLER_73_644,VPWR,li1,302.2200,209.4400,1.799942
FILLER_73_637,VPWR,li1,298.7700,209.4400,1.799941
FILLER_73_629,VPWR,li1,296.7000,209.4400,1.799939
FILLER_73_617,VPWR,li1,292.1000,209.4400,1.799936
FILLER_73_614,VPWR,li1,288.4200,209.4400,1.799935
FILLER_73_608,VPWR,li1,285.8900,209.4400,1.799934
FILLER_73_596,VPWR,li1,280.1400,209.4400,1.799931
FILLER_73_588,VPWR,li1,277.8400,209.4400,1.799930
FILLER_73_566,VPWR,li1,266.8000,209.4400,1.799927
FILLER_73_557,VPWR,li1,262.4300,209.4400,1.799926
FILLER_73_545,VPWR,li1,258.9800,209.4400,1.799925
FILLER_73_517,VPWR,li1,246.1000,209.4400,1.799927
FILLER_73_505,VPWR,li1,240.5800,209.4400,1.799927
FILLER_73_503,VPWR,li1,237.1300,209.4400,1.799928
FILLER_73_497,VPWR,li1,235.5200,209.4400,1.799928
FILLER_73_485,VPWR,li1,231.3800,209.4400,1.799930
FILLER_73_473,VPWR,li1,225.8600,209.4400,1.799932
FILLER_73_457,VPWR,li1,216.2000,209.4400,1.799935
FILLER_73_449,VPWR,li1,213.9000,209.4400,1.799937
FILLER_73_446,VPWR,li1,211.1400,209.4400,1.799939
FILLER_73_428,VPWR,li1,203.7800,209.4400,1.799945
FILLER_73_416,VPWR,li1,199.6400,209.4400,1.799948
FILLER_73_409,VPWR,li1,194.1200,209.4400,1.799953
FILLER_73_401,VPWR,li1,191.8200,209.4400,1.799955
FILLER_73_383,VPWR,li1,182.3900,209.4400,1.799965
FILLER_73_371,VPWR,li1,178.9400,209.4400,1.799969
FILLER_73_359,VPWR,li1,173.4200,209.4400,1.799971
FILLER_73_347,VPWR,li1,167.9000,209.4400,1.799962
FILLER_73_343,VPWR,li1,163.5300,209.4400,1.799959
FILLER_73_337,VPWR,li1,161.9200,209.4400,1.799957
FILLER_73_328,VPWR,li1,158.2400,209.4400,1.799952
FILLER_73_316,VPWR,li1,153.6400,209.4400,1.799949
FILLER_73_300,VPWR,li1,144.2100,209.4400,1.799941
FILLER_73_281,VPWR,li1,136.6200,209.4400,1.799937
FILLER_73_247,VPWR,li1,120.0600,209.4400,1.799932
FILLER_73_240,VPWR,li1,116.1500,209.4400,1.799931
FILLER_73_232,VPWR,li1,112.7000,209.4400,1.799931
FILLER_73_220,VPWR,li1,106.9500,209.4400,1.799930
FILLER_73_212,VPWR,li1,103.2700,209.4400,1.799930
FILLER_73_197,VPWR,li1,97.9800,209.4400,1.799931
FILLER_73_185,VPWR,li1,93.3800,209.4400,1.799932
FILLER_73_169,VPWR,li1,84.1800,209.4400,1.799935
FILLER_73_165,VPWR,li1,82.1100,209.4400,1.799935
FILLER_73_157,VPWR,li1,79.5800,209.4400,1.799936
FILLER_73_142,VPWR,li1,73.6000,209.4400,1.799938
FILLER_73_128,VPWR,li1,65.3200,209.4400,1.799943
FILLER_73_109,VPWR,li1,56.3500,209.4400,1.799950
FILLER_73_97,VPWR,li1,52.9000,209.4400,1.799952
FILLER_73_89,VPWR,li1,46.6900,209.4400,1.799959
FILLER_73_77,VPWR,li1,43.7000,209.4400,1.799962
FILLER_73_69,VPWR,li1,38.1800,209.4400,1.799967
FILLER_73_57,VPWR,li1,34.5000,209.4400,1.799972
FILLER_73_55,VPWR,li1,31.0500,209.4400,1.799977
FILLER_73_51,VPWR,li1,29.9000,209.4400,1.799977
FILLER_73_39,VPWR,li1,26.2200,209.4400,1.799981
FILLER_73_27,VPWR,li1,20.7000,209.4400,1.799988
FILLER_73_15,VPWR,li1,15.1800,209.4400,1.799987
FILLER_73_3,VPWR,li1,9.6600,209.4400,1.799987
FILLER_72_813,VPWR,li1,380.1900,209.4400,1.799891
FILLER_72_811,VPWR,li1,378.8100,209.4400,1.799894
FILLER_72_805,VPWR,li1,377.2000,209.4400,1.799894
FILLER_72_793,VPWR,li1,373.0600,209.4400,1.799900
FILLER_72_781,VPWR,li1,367.5400,209.4400,1.799909
FILLER_72_769,VPWR,li1,362.0200,209.4400,1.799915
FILLER_72_757,VPWR,li1,356.5000,209.4400,1.799922
FILLER_72_755,VPWR,li1,353.0500,209.4400,1.799929
FILLER_72_749,VPWR,li1,351.4400,209.4400,1.799929
FILLER_72_737,VPWR,li1,347.3000,209.4400,1.799936
FILLER_72_725,VPWR,li1,341.7800,209.4400,1.799944
FILLER_72_713,VPWR,li1,336.2600,209.4400,1.799954
FILLER_72_701,VPWR,li1,330.7400,209.4400,1.799963
FILLER_72_692,VPWR,li1,325.6800,209.4400,1.799965
FILLER_72_686,VPWR,li1,321.3100,209.4400,1.799961
FILLER_72_678,VPWR,li1,319.2400,209.4400,1.799958
FILLER_72_663,VPWR,li1,312.3400,209.4400,1.799952
FILLER_72_651,VPWR,li1,307.7400,209.4400,1.799948
FILLER_72_632,VPWR,li1,296.9300,209.4400,1.799939
FILLER_72_604,VPWR,li1,284.0500,209.4400,1.799932
FILLER_72_599,VPWR,li1,281.2900,209.4400,1.799931
FILLER_72_595,VPWR,li1,280.1400,209.4400,1.799931
FILLER_72_589,VPWR,li1,276.6900,209.4400,1.799929
FILLER_72_586,VPWR,li1,275.5400,209.4400,1.799929
FILLER_72_574,VPWR,li1,272.3200,209.4400,1.799928
FILLER_72_569,VPWR,li1,267.4900,209.4400,1.799927
FILLER_72_561,VPWR,li1,265.4200,209.4400,1.799926
FILLER_72_541,VPWR,li1,254.8400,209.4400,1.799926
FILLER_72_533,VPWR,li1,252.5400,209.4400,1.799926
FILLER_72_531,VPWR,li1,250.0100,209.4400,1.799926
FILLER_72_523,VPWR,li1,247.9400,209.4400,1.799926
FILLER_72_507,VPWR,li1,239.4300,209.4400,1.799927
FILLER_72_496,VPWR,li1,233.9100,209.4400,1.799929
FILLER_72_492,VPWR,li1,232.7600,209.4400,1.799929
FILLER_72_483,VPWR,li1,227.9300,209.4400,1.799931
FILLER_72_477,VPWR,li1,226.3200,209.4400,1.799931
FILLER_72_475,VPWR,li1,224.2500,209.4400,1.799932
FILLER_72_469,VPWR,li1,222.6400,209.4400,1.799932
FILLER_72_462,VPWR,li1,218.2700,209.4400,1.799934
FILLER_72_456,VPWR,li1,216.6600,209.4400,1.799935
FILLER_72_444,VPWR,li1,212.5200,209.4400,1.799939
FILLER_72_437,VPWR,li1,206.7700,209.4400,1.799943
FILLER_72_429,VPWR,li1,203.3200,209.4400,1.799945
FILLER_72_421,VPWR,li1,201.0200,209.4400,1.799947
FILLER_72_412,VPWR,li1,196.8800,209.4400,1.799951
FILLER_72_403,VPWR,li1,191.8200,209.4400,1.799955
FILLER_72_396,VPWR,li1,188.1400,209.4400,1.799960
FILLER_72_382,VPWR,li1,182.1600,209.4400,1.799965
FILLER_72_368,VPWR,li1,175.4900,209.4400,1.799973
FILLER_72_363,VPWR,li1,172.7300,209.4400,1.799968
FILLER_72_357,VPWR,li1,171.1200,209.4400,1.799968
FILLER_72_349,VPWR,li1,166.2900,209.4400,1.799962
FILLER_72_333,VPWR,li1,159.3900,209.4400,1.799955
FILLER_72_309,VPWR,li1,149.0400,209.4400,1.799945
FILLER_72_305,VPWR,li1,146.5100,209.4400,1.799943
FILLER_72_297,VPWR,li1,143.9800,209.4400,1.799941
FILLER_72_283,VPWR,li1,136.1600,209.4400,1.799937
FILLER_72_275,VPWR,li1,133.8600,209.4400,1.799936
FILLER_72_261,VPWR,li1,126.9600,209.4400,1.799934
FILLER_72_257,VPWR,li1,123.9700,209.4400,1.799933
FILLER_72_253,VPWR,li1,122.8200,209.4400,1.799932
FILLER_72_251,VPWR,li1,121.2100,209.4400,1.799932
FILLER_72_245,VPWR,li1,119.6000,209.4400,1.799932
FILLER_72_233,VPWR,li1,115.4600,209.4400,1.799931
FILLER_72_228,VPWR,li1,110.6300,209.4400,1.799931
FILLER_72_222,VPWR,li1,109.0200,209.4400,1.799930
FILLER_72_210,VPWR,li1,104.8800,209.4400,1.799930
FILLER_72_195,VPWR,li1,95.4500,209.4400,1.799931
FILLER_72_184,VPWR,li1,90.8500,209.4400,1.799933
FILLER_72_180,VPWR,li1,88.5500,209.4400,1.799933
FILLER_72_174,VPWR,li1,86.9400,209.4400,1.799934
FILLER_72_162,VPWR,li1,82.8000,209.4400,1.799935
FILLER_72_150,VPWR,li1,77.2800,209.4400,1.799937
FILLER_72_141,VPWR,li1,70.8400,209.4400,1.799940
FILLER_72_119,VPWR,li1,60.4900,209.4400,1.799947
FILLER_72_112,VPWR,li1,57.5000,209.4400,1.799949
FILLER_72_104,VPWR,li1,55.2000,209.4400,1.799950
FILLER_72_92,VPWR,li1,50.6000,209.4400,1.799955
FILLER_72_78,VPWR,li1,42.7800,209.4400,1.799962
FILLER_72_65,VPWR,li1,36.3400,209.4400,1.799969
FILLER_72_53,VPWR,li1,32.6600,209.4400,1.799974
FILLER_72_41,VPWR,li1,27.1400,209.4400,1.799981
FILLER_72_29,VPWR,li1,21.6200,209.4400,1.799988
FILLER_72_27,VPWR,li1,18.1700,209.4400,1.799987
FILLER_72_19,VPWR,li1,16.1000,209.4400,1.799987
FILLER_72_7,VPWR,li1,11.5000,209.4400,1.799987
FILLER_71_803,VPWR,li1,375.1300,204.0000,1.799974
FILLER_71_797,VPWR,li1,373.5200,204.0000,1.799974
FILLER_71_785,VPWR,li1,369.3800,204.0000,1.799975
FILLER_71_783,VPWR,li1,365.9300,204.0000,1.799976
FILLER_71_777,VPWR,li1,364.3200,204.0000,1.799976
FILLER_71_765,VPWR,li1,360.1800,204.0000,1.799978
FILLER_71_753,VPWR,li1,354.6600,204.0000,1.799979
FILLER_71_741,VPWR,li1,349.1400,204.0000,1.799980
FILLER_71_729,VPWR,li1,343.6200,204.0000,1.799982
FILLER_71_727,VPWR,li1,340.1700,204.0000,1.799983
FILLER_71_721,VPWR,li1,338.5600,204.0000,1.799983
FILLER_71_709,VPWR,li1,334.4200,204.0000,1.799984
FILLER_71_697,VPWR,li1,328.9000,204.0000,1.799986
FILLER_71_685,VPWR,li1,323.3800,204.0000,1.799981
FILLER_71_673,VPWR,li1,317.8600,204.0000,1.799975
FILLER_71_664,VPWR,li1,312.8000,204.0000,1.799969
FILLER_71_652,VPWR,li1,308.2000,204.0000,1.799963
FILLER_71_581,VPWR,li1,273.0100,204.0000,1.799934
FILLER_71_569,VPWR,li1,268.6400,204.0000,1.799933
FILLER_71_559,VPWR,li1,262.8900,204.0000,1.799933
FILLER_71_544,VPWR,li1,256.2200,204.0000,1.799933
FILLER_71_532,VPWR,li1,253.0000,204.0000,1.799933
FILLER_71_505,VPWR,li1,239.2000,204.0000,1.799935
FILLER_71_501,VPWR,li1,236.6700,204.0000,1.799935
FILLER_71_484,VPWR,li1,228.3900,204.0000,1.799937
FILLER_71_480,VPWR,li1,227.2400,204.0000,1.799938
FILLER_71_474,VPWR,li1,224.2500,204.0000,1.799938
FILLER_71_466,VPWR,li1,221.7200,204.0000,1.799939
FILLER_71_455,VPWR,li1,215.0500,204.0000,1.799942
FILLER_71_438,VPWR,li1,207.6900,204.0000,1.799946
FILLER_71_432,VPWR,li1,204.4700,204.0000,1.799947
FILLER_71_420,VPWR,li1,199.1800,204.0000,1.799952
FILLER_71_408,VPWR,li1,195.9600,204.0000,1.799953
FILLER_71_393,VPWR,li1,186.5300,204.0000,1.799962
FILLER_71_390,VPWR,li1,185.3800,204.0000,1.799962
FILLER_71_378,VPWR,li1,182.1600,204.0000,1.799966
FILLER_71_363,VPWR,li1,172.9600,204.0000,1.799969
FILLER_71_347,VPWR,li1,165.6000,204.0000,1.799958
FILLER_71_343,VPWR,li1,163.5300,204.0000,1.799955
FILLER_71_337,VPWR,li1,161.9200,204.0000,1.799955
FILLER_71_335,VPWR,li1,159.8500,204.0000,1.799951
FILLER_71_329,VPWR,li1,158.2400,204.0000,1.799951
FILLER_71_324,VPWR,li1,154.7900,204.0000,1.799948
FILLER_71_312,VPWR,li1,150.8800,204.0000,1.799943
FILLER_71_300,VPWR,li1,146.2800,204.0000,1.799940
FILLER_71_288,VPWR,li1,140.7600,204.0000,1.799936
FILLER_71_272,VPWR,li1,132.4800,204.0000,1.799931
FILLER_71_266,VPWR,li1,128.5700,204.0000,1.799929
FILLER_71_258,VPWR,li1,126.0400,204.0000,1.799928
FILLER_71_246,VPWR,li1,121.4400,204.0000,1.799926
FILLER_71_225,VPWR,li1,110.8600,204.0000,1.799923
FILLER_71_223,VPWR,li1,108.3300,204.0000,1.799923
FILLER_71_217,VPWR,li1,106.7200,204.0000,1.799922
FILLER_71_207,VPWR,li1,100.9700,204.0000,1.799923
FILLER_71_203,VPWR,li1,99.8200,204.0000,1.799923
FILLER_71_191,VPWR,li1,96.1400,204.0000,1.799924
FILLER_71_177,VPWR,li1,87.1700,204.0000,1.799926
FILLER_71_169,VPWR,li1,85.1000,204.0000,1.799927
FILLER_71_167,VPWR,li1,82.5700,204.0000,1.799929
FILLER_71_155,VPWR,li1,79.5800,204.0000,1.799930
FILLER_71_144,VPWR,li1,72.2200,204.0000,1.799934
FILLER_71_136,VPWR,li1,69.9200,204.0000,1.799936
FILLER_71_104,VPWR,li1,55.2000,204.0000,1.799947
FILLER_71_95,VPWR,li1,49.6800,204.0000,1.799952
FILLER_71_87,VPWR,li1,47.3800,204.0000,1.799955
FILLER_71_63,VPWR,li1,34.7300,204.0000,1.799971
FILLER_71_57,VPWR,li1,33.1200,204.0000,1.799971
FILLER_71_55,VPWR,li1,31.0500,204.0000,1.799974
FILLER_71_43,VPWR,li1,28.0600,204.0000,1.799979
FILLER_71_31,VPWR,li1,22.5400,204.0000,1.799986
FILLER_71_19,VPWR,li1,17.0200,204.0000,1.799986
FILLER_71_7,VPWR,li1,11.5000,204.0000,1.799985
FILLER_70_813,VPWR,li1,379.9600,204.0000,1.799973
FILLER_70_805,VPWR,li1,376.0500,204.0000,1.799974
FILLER_70_793,VPWR,li1,373.0600,204.0000,1.799974
FILLER_70_781,VPWR,li1,367.5400,204.0000,1.799976
FILLER_70_769,VPWR,li1,362.0200,204.0000,1.799977
FILLER_70_757,VPWR,li1,356.5000,204.0000,1.799979
FILLER_70_755,VPWR,li1,353.0500,204.0000,1.799980
FILLER_70_749,VPWR,li1,351.4400,204.0000,1.799980
FILLER_70_737,VPWR,li1,347.3000,204.0000,1.799981
FILLER_70_725,VPWR,li1,341.7800,204.0000,1.799983
FILLER_70_713,VPWR,li1,336.2600,204.0000,1.799984
FILLER_70_701,VPWR,li1,330.7400,204.0000,1.799985
FILLER_70_699,VPWR,li1,327.2900,204.0000,1.799984
FILLER_70_693,VPWR,li1,325.6800,204.0000,1.799984
FILLER_70_681,VPWR,li1,321.5400,204.0000,1.799979
FILLER_70_669,VPWR,li1,316.0200,204.0000,1.799971
FILLER_70_657,VPWR,li1,310.5000,204.0000,1.799966
FILLER_70_645,VPWR,li1,304.9800,204.0000,1.799958
FILLER_70_640,VPWR,li1,300.8400,204.0000,1.799955
FILLER_70_629,VPWR,li1,295.3200,204.0000,1.799949
FILLER_70_621,VPWR,li1,293.0200,204.0000,1.799947
FILLER_70_610,VPWR,li1,286.3500,204.0000,1.799940
FILLER_70_580,VPWR,li1,273.0100,204.0000,1.799934
FILLER_70_555,VPWR,li1,261.0500,204.0000,1.799933
FILLER_70_524,VPWR,li1,246.7900,204.0000,1.799934
FILLER_70_518,VPWR,li1,245.1800,204.0000,1.799934
FILLER_70_512,VPWR,li1,241.7300,204.0000,1.799934
FILLER_70_504,VPWR,li1,239.2000,204.0000,1.799935
FILLER_70_492,VPWR,li1,234.6000,204.0000,1.799936
FILLER_70_475,VPWR,li1,224.2500,204.0000,1.799938
FILLER_70_455,VPWR,li1,215.5100,204.0000,1.799942
FILLER_70_433,VPWR,li1,206.5400,204.0000,1.799946
FILLER_70_414,VPWR,li1,196.1900,204.0000,1.799953
FILLER_70_402,VPWR,li1,193.2000,204.0000,1.799956
FILLER_70_395,VPWR,li1,187.4500,204.0000,1.799959
FILLER_70_387,VPWR,li1,185.3800,204.0000,1.799962
FILLER_70_375,VPWR,li1,180.7800,204.0000,1.799966
FILLER_70_350,VPWR,li1,166.7500,204.0000,1.799961
FILLER_70_344,VPWR,li1,165.1400,204.0000,1.799958
FILLER_70_334,VPWR,li1,160.0800,204.0000,1.799953
FILLER_70_322,VPWR,li1,156.4000,204.0000,1.799948
FILLER_70_307,VPWR,li1,146.9700,204.0000,1.799941
FILLER_70_292,VPWR,li1,140.0700,204.0000,1.799936
FILLER_70_280,VPWR,li1,137.0800,204.0000,1.799934
FILLER_70_253,VPWR,li1,123.7400,204.0000,1.799927
FILLER_70_248,VPWR,li1,120.5200,204.0000,1.799925
FILLER_70_241,VPWR,li1,116.6100,204.0000,1.799924
FILLER_70_227,VPWR,li1,110.1700,204.0000,1.799923
FILLER_70_223,VPWR,li1,109.0200,204.0000,1.799923
FILLER_70_214,VPWR,li1,104.4200,204.0000,1.799922
FILLER_70_204,VPWR,li1,99.5900,204.0000,1.799923
FILLER_70_174,VPWR,li1,85.7900,204.0000,1.799927
FILLER_70_160,VPWR,li1,79.3500,204.0000,1.799930
FILLER_70_141,VPWR,li1,70.6100,204.0000,1.799936
FILLER_70_138,VPWR,li1,69.4600,204.0000,1.799936
FILLER_70_126,VPWR,li1,66.2400,204.0000,1.799938
FILLER_70_120,VPWR,li1,61.1800,204.0000,1.799941
FILLER_70_112,VPWR,li1,58.8800,204.0000,1.799943
FILLER_70_89,VPWR,li1,46.6900,204.0000,1.799955
FILLER_70_85,VPWR,li1,45.5400,204.0000,1.799958
FILLER_70_83,VPWR,li1,43.9300,204.0000,1.799960
FILLER_70_77,VPWR,li1,42.3200,204.0000,1.799960
FILLER_70_65,VPWR,li1,36.8000,204.0000,1.799968
FILLER_70_53,VPWR,li1,32.6600,204.0000,1.799974
FILLER_70_41,VPWR,li1,27.1400,204.0000,1.799979
FILLER_70_29,VPWR,li1,21.6200,204.0000,1.799986
FILLER_70_27,VPWR,li1,18.1700,204.0000,1.799986
FILLER_70_19,VPWR,li1,16.1000,204.0000,1.799986
FILLER_70_7,VPWR,li1,11.5000,204.0000,1.799985
FILLER_69_823,VPWR,li1,384.3300,198.5600,1.799912
FILLER_69_797,VPWR,li1,373.5200,198.5600,1.799918
FILLER_69_785,VPWR,li1,369.3800,198.5600,1.799921
FILLER_69_783,VPWR,li1,365.9300,198.5600,1.799925
FILLER_69_777,VPWR,li1,364.3200,198.5600,1.799925
FILLER_69_765,VPWR,li1,360.1800,198.5600,1.799928
FILLER_69_753,VPWR,li1,354.6600,198.5600,1.799934
FILLER_69_741,VPWR,li1,349.1400,198.5600,1.799937
FILLER_69_729,VPWR,li1,343.6200,198.5600,1.799942
FILLER_69_727,VPWR,li1,340.1700,198.5600,1.799946
FILLER_69_721,VPWR,li1,338.5600,198.5600,1.799946
FILLER_69_709,VPWR,li1,334.4200,198.5600,1.799949
FILLER_69_697,VPWR,li1,328.9000,198.5600,1.799954
FILLER_69_685,VPWR,li1,323.3800,198.5600,1.799938
FILLER_69_673,VPWR,li1,317.8600,198.5600,1.799917
FILLER_69_671,VPWR,li1,314.4100,198.5600,1.799898
FILLER_69_665,VPWR,li1,312.8000,198.5600,1.799898
FILLER_69_653,VPWR,li1,308.6600,198.5600,1.799882
FILLER_69_641,VPWR,li1,303.1400,198.5600,1.799861
FILLER_69_629,VPWR,li1,297.6200,198.5600,1.799840
FILLER_69_617,VPWR,li1,292.1000,198.5600,1.799820
FILLER_69_615,VPWR,li1,288.6500,198.5600,1.799801
FILLER_69_609,VPWR,li1,287.0400,198.5600,1.799801
FILLER_69_597,VPWR,li1,281.9800,198.5600,1.799778
FILLER_69_585,VPWR,li1,277.3800,198.5600,1.799760
FILLER_69_573,VPWR,li1,271.8600,198.5600,1.799746
FILLER_69_561,VPWR,li1,264.2700,198.5600,1.799715
FILLER_69_559,VPWR,li1,262.8900,198.5600,1.799708
FILLER_69_553,VPWR,li1,261.2800,198.5600,1.799708
FILLER_69_529,VPWR,li1,249.7800,198.5600,1.799695
FILLER_69_517,VPWR,li1,246.1000,198.5600,1.799707
FILLER_69_505,VPWR,li1,240.5800,198.5600,1.799723
FILLER_69_492,VPWR,li1,234.6000,198.5600,1.799744
FILLER_69_480,VPWR,li1,229.0800,198.5600,1.799766
FILLER_69_473,VPWR,li1,223.7900,198.5600,1.799782
FILLER_69_461,VPWR,li1,220.3400,198.5600,1.799790
FILLER_69_449,VPWR,li1,214.8200,198.5600,1.799808
FILLER_69_447,VPWR,li1,211.3700,198.5600,1.799820
FILLER_69_435,VPWR,li1,208.3800,198.5600,1.799831
FILLER_69_423,VPWR,li1,202.8600,198.5600,1.799850
FILLER_69_415,VPWR,li1,197.3400,198.5600,1.799868
FILLER_69_390,VPWR,li1,185.3800,198.5600,1.799913
FILLER_69_378,VPWR,li1,182.1600,198.5600,1.799927
FILLER_69_366,VPWR,li1,176.6400,198.5600,1.799952
FILLER_69_362,VPWR,li1,172.2700,198.5600,1.799948
FILLER_69_358,VPWR,li1,171.1200,198.5600,1.799948
FILLER_69_350,VPWR,li1,167.4400,198.5600,1.799945
FILLER_69_325,VPWR,li1,156.8600,198.5600,1.799938
FILLER_69_313,VPWR,li1,152.2600,198.5600,1.799937
FILLER_69_306,VPWR,li1,147.2000,198.5600,1.799935
FILLER_69_285,VPWR,li1,136.8500,198.5600,1.799931
FILLER_69_281,VPWR,li1,135.7000,198.5600,1.799931
FILLER_69_279,VPWR,li1,134.0900,198.5600,1.799931
FILLER_69_275,VPWR,li1,132.9400,198.5600,1.799931
FILLER_69_261,VPWR,li1,126.9600,198.5600,1.799930
FILLER_69_237,VPWR,li1,114.7700,198.5600,1.799933
FILLER_69_225,VPWR,li1,111.7800,198.5600,1.799934
FILLER_69_223,VPWR,li1,108.3300,198.5600,1.799935
FILLER_69_219,VPWR,li1,107.1800,198.5600,1.799935
FILLER_69_200,VPWR,li1,98.4400,198.5600,1.799938
FILLER_69_193,VPWR,li1,95.2200,198.5600,1.799939
FILLER_69_181,VPWR,li1,90.1600,198.5600,1.799941
FILLER_69_169,VPWR,li1,86.0200,198.5600,1.799943
FILLER_69_156,VPWR,li1,80.0400,198.5600,1.799945
FILLER_69_145,VPWR,li1,72.6800,198.5600,1.799949
FILLER_69_137,VPWR,li1,70.3800,198.5600,1.799950
FILLER_69_125,VPWR,li1,65.7800,198.5600,1.799952
FILLER_69_113,VPWR,li1,60.2600,198.5600,1.799955
FILLER_69_109,VPWR,li1,56.3500,198.5600,1.799958
FILLER_69_101,VPWR,li1,53.8200,198.5600,1.799960
FILLER_69_97,VPWR,li1,50.3700,198.5600,1.799961
FILLER_69_93,VPWR,li1,49.2200,198.5600,1.799963
FILLER_69_81,VPWR,li1,45.5400,198.5600,1.799966
FILLER_69_69,VPWR,li1,40.0200,198.5600,1.799970
FILLER_69_57,VPWR,li1,34.5000,198.5600,1.799976
FILLER_69_55,VPWR,li1,31.0500,198.5600,1.799979
FILLER_69_43,VPWR,li1,28.0600,198.5600,1.799983
FILLER_69_31,VPWR,li1,22.5400,198.5600,1.799989
FILLER_69_19,VPWR,li1,17.0200,198.5600,1.799988
FILLER_69_7,VPWR,li1,11.5000,198.5600,1.799988
FILLER_68_819,VPWR,li1,382.4900,198.5600,1.799912
FILLER_68_813,VPWR,li1,380.8800,198.5600,1.799913
FILLER_68_811,VPWR,li1,378.8100,198.5600,1.799915
FILLER_68_805,VPWR,li1,377.2000,198.5600,1.799915
FILLER_68_793,VPWR,li1,373.0600,198.5600,1.799918
FILLER_68_781,VPWR,li1,367.5400,198.5600,1.799923
FILLER_68_769,VPWR,li1,362.0200,198.5600,1.799927
FILLER_68_757,VPWR,li1,356.5000,198.5600,1.799931
FILLER_68_755,VPWR,li1,353.0500,198.5600,1.799935
FILLER_68_749,VPWR,li1,351.4400,198.5600,1.799935
FILLER_68_737,VPWR,li1,347.3000,198.5600,1.799939
FILLER_68_725,VPWR,li1,341.7800,198.5600,1.799944
FILLER_68_713,VPWR,li1,336.2600,198.5600,1.799947
FILLER_68_701,VPWR,li1,330.7400,198.5600,1.799952
FILLER_68_699,VPWR,li1,327.2900,198.5600,1.799946
FILLER_68_693,VPWR,li1,325.6800,198.5600,1.799946
FILLER_68_681,VPWR,li1,321.5400,198.5600,1.799931
FILLER_68_669,VPWR,li1,316.0200,198.5600,1.799906
FILLER_68_657,VPWR,li1,310.5000,198.5600,1.799889
FILLER_68_645,VPWR,li1,304.9800,198.5600,1.799868
FILLER_68_642,VPWR,li1,301.3000,198.5600,1.799854
FILLER_68_630,VPWR,li1,298.0800,198.5600,1.799840
FILLER_68_623,VPWR,li1,292.7900,198.5600,1.799820
FILLER_68_615,VPWR,li1,290.2600,198.5600,1.799809
FILLER_68_603,VPWR,li1,285.6600,198.5600,1.799793
FILLER_68_597,VPWR,li1,280.6000,198.5600,1.799778
FILLER_68_589,VPWR,li1,278.3000,198.5600,1.799769
FILLER_68_587,VPWR,li1,275.7700,198.5600,1.799760
FILLER_68_579,VPWR,li1,273.7000,198.5600,1.799753
FILLER_68_567,VPWR,li1,269.1000,198.5600,1.799733
FILLER_68_555,VPWR,li1,263.5800,198.5600,1.799715
FILLER_68_543,VPWR,li1,258.0600,198.5600,1.799696
FILLER_68_539,VPWR,li1,253.6900,198.5600,1.799681
FILLER_68_533,VPWR,li1,251.1600,198.5600,1.799689
FILLER_68_528,VPWR,li1,249.3200,198.5600,1.799695
FILLER_68_516,VPWR,li1,245.6400,198.5600,1.799707
FILLER_68_491,VPWR,li1,234.1400,198.5600,1.799744
FILLER_68_484,VPWR,li1,228.8500,198.5600,1.799766
FILLER_68_468,VPWR,li1,222.6400,198.5600,1.799782
FILLER_68_456,VPWR,li1,218.0400,198.5600,1.799798
FILLER_68_444,VPWR,li1,212.5200,198.5600,1.799820
FILLER_68_436,VPWR,li1,206.3100,198.5600,1.799843
FILLER_68_430,VPWR,li1,204.7000,198.5600,1.799843
FILLER_68_418,VPWR,li1,198.2600,198.5600,1.799868
FILLER_68_406,VPWR,li1,195.0400,198.5600,1.799876
FILLER_68_389,VPWR,li1,187.2200,198.5600,1.799905
FILLER_68_377,VPWR,li1,181.7000,198.5600,1.799927
FILLER_68_365,VPWR,li1,176.1800,198.5600,1.799952
FILLER_68_361,VPWR,li1,172.2700,198.5600,1.799948
FILLER_68_349,VPWR,li1,168.8200,198.5600,1.799945
FILLER_68_321,VPWR,li1,154.5600,198.5600,1.799938
FILLER_68_309,VPWR,li1,150.4200,198.5600,1.799935
FILLER_68_307,VPWR,li1,146.9700,198.5600,1.799935
FILLER_68_301,VPWR,li1,145.3600,198.5600,1.799934
FILLER_68_289,VPWR,li1,141.2200,198.5600,1.799932
FILLER_68_277,VPWR,li1,135.7000,198.5600,1.799931
FILLER_68_253,VPWR,li1,123.7400,198.5600,1.799931
FILLER_68_241,VPWR,li1,117.0700,198.5600,1.799932
FILLER_68_233,VPWR,li1,114.5400,198.5600,1.799933
FILLER_68_221,VPWR,li1,109.9400,198.5600,1.799934
FILLER_68_209,VPWR,li1,104.4200,198.5600,1.799936
FILLER_68_197,VPWR,li1,98.9000,198.5600,1.799938
FILLER_68_195,VPWR,li1,95.4500,198.5600,1.799939
FILLER_68_189,VPWR,li1,93.8400,198.5600,1.799940
FILLER_68_177,VPWR,li1,89.7000,198.5600,1.799941
FILLER_68_168,VPWR,li1,83.2600,198.5600,1.799944
FILLER_68_156,VPWR,li1,80.0400,198.5600,1.799945
FILLER_68_149,VPWR,li1,74.2900,198.5600,1.799947
FILLER_68_141,VPWR,li1,72.2200,198.5600,1.799949
FILLER_68_132,VPWR,li1,68.0800,198.5600,1.799951
FILLER_68_120,VPWR,li1,63.4800,198.5600,1.799954
FILLER_68_108,VPWR,li1,57.9600,198.5600,1.799958
FILLER_68_102,VPWR,li1,53.1300,198.5600,1.799960
FILLER_68_95,VPWR,li1,49.9100,198.5600,1.799961
FILLER_68_85,VPWR,li1,45.5400,198.5600,1.799966
FILLER_68_65,VPWR,li1,38.1800,198.5600,1.799972
FILLER_68_53,VPWR,li1,32.6600,198.5600,1.799979
FILLER_68_41,VPWR,li1,27.1400,198.5600,1.799983
FILLER_68_29,VPWR,li1,21.6200,198.5600,1.799989
FILLER_68_27,VPWR,li1,18.1700,198.5600,1.799988
FILLER_68_15,VPWR,li1,15.1800,198.5600,1.799988
FILLER_68_3,VPWR,li1,9.6600,198.5600,1.799988
FILLER_67_817,VPWR,li1,382.0300,193.1200,1.799966
FILLER_67_809,VPWR,li1,379.5000,193.1200,1.799967
FILLER_67_797,VPWR,li1,374.9000,193.1200,1.799968
FILLER_67_785,VPWR,li1,369.3800,193.1200,1.799970
FILLER_67_783,VPWR,li1,365.9300,193.1200,1.799971
FILLER_67_777,VPWR,li1,364.3200,193.1200,1.799971
FILLER_67_765,VPWR,li1,360.1800,193.1200,1.799973
FILLER_67_753,VPWR,li1,354.6600,193.1200,1.799975
FILLER_67_741,VPWR,li1,349.1400,193.1200,1.799976
FILLER_67_729,VPWR,li1,343.6200,193.1200,1.799978
FILLER_67_727,VPWR,li1,340.1700,193.1200,1.799979
FILLER_67_721,VPWR,li1,338.5600,193.1200,1.799979
FILLER_67_709,VPWR,li1,334.4200,193.1200,1.799981
FILLER_67_697,VPWR,li1,328.9000,193.1200,1.799983
FILLER_67_685,VPWR,li1,323.3800,193.1200,1.799976
FILLER_67_673,VPWR,li1,317.8600,193.1200,1.799969
FILLER_67_671,VPWR,li1,314.4100,193.1200,1.799961
FILLER_67_665,VPWR,li1,312.8000,193.1200,1.799961
FILLER_67_653,VPWR,li1,308.6600,193.1200,1.799956
FILLER_67_641,VPWR,li1,303.1400,193.1200,1.799948
FILLER_67_614,VPWR,li1,288.4200,193.1200,1.799928
FILLER_67_607,VPWR,li1,285.2000,193.1200,1.799927
FILLER_67_582,VPWR,li1,274.1600,193.1200,1.799916
FILLER_67_577,VPWR,li1,271.1700,193.1200,1.799914
FILLER_67_571,VPWR,li1,269.5600,193.1200,1.799912
FILLER_67_559,VPWR,li1,262.8900,193.1200,1.799908
FILLER_67_535,VPWR,li1,254.3800,193.1200,1.799904
FILLER_67_505,VPWR,li1,238.0500,193.1200,1.799900
FILLER_67_501,VPWR,li1,236.6700,193.1200,1.799900
FILLER_67_482,VPWR,li1,227.4700,193.1200,1.799901
FILLER_67_457,VPWR,li1,216.2000,193.1200,1.799905
FILLER_67_449,VPWR,li1,212.2900,193.1200,1.799908
FILLER_67_447,VPWR,li1,211.3700,193.1200,1.799910
FILLER_67_433,VPWR,li1,205.3900,193.1200,1.799915
FILLER_67_422,VPWR,li1,199.8700,193.1200,1.799921
FILLER_67_393,VPWR,li1,186.7600,193.1200,1.799940
FILLER_67_391,VPWR,li1,185.6100,193.1200,1.799944
FILLER_67_387,VPWR,li1,184.4600,193.1200,1.799947
FILLER_67_375,VPWR,li1,180.7800,193.1200,1.799952
FILLER_67_362,VPWR,li1,172.9600,193.1200,1.799959
FILLER_67_355,VPWR,li1,169.5100,193.1200,1.799954
FILLER_67_341,VPWR,li1,162.6100,193.1200,1.799945
FILLER_67_337,VPWR,li1,161.4600,193.1200,1.799942
FILLER_67_334,VPWR,li1,159.6200,193.1200,1.799939
FILLER_67_323,VPWR,li1,154.3300,193.1200,1.799935
FILLER_67_317,VPWR,li1,152.7200,193.1200,1.799933
FILLER_67_304,VPWR,li1,146.0500,193.1200,1.799927
FILLER_67_289,VPWR,li1,138.6900,193.1200,1.799922
FILLER_67_281,VPWR,li1,136.6200,193.1200,1.799921
FILLER_67_274,VPWR,li1,132.9400,193.1200,1.799918
FILLER_67_262,VPWR,li1,126.9600,193.1200,1.799914
FILLER_67_250,VPWR,li1,123.2800,193.1200,1.799912
FILLER_67_238,VPWR,li1,117.7600,193.1200,1.799909
FILLER_67_215,VPWR,li1,104.6500,193.1200,1.799904
FILLER_67_211,VPWR,li1,103.5000,193.1200,1.799904
FILLER_67_191,VPWR,li1,96.1400,193.1200,1.799904
FILLER_67_169,VPWR,li1,83.9500,193.1200,1.799905
FILLER_67_164,VPWR,li1,81.8800,193.1200,1.799906
FILLER_67_134,VPWR,li1,68.5400,193.1200,1.799913
FILLER_67_110,VPWR,li1,56.5800,193.1200,1.799925
FILLER_67_90,VPWR,li1,47.8400,193.1200,1.799937
FILLER_67_73,VPWR,li1,39.3300,193.1200,1.799950
FILLER_67_69,VPWR,li1,38.1800,193.1200,1.799955
FILLER_67_57,VPWR,li1,34.5000,193.1200,1.799959
FILLER_67_55,VPWR,li1,31.0500,193.1200,1.799965
FILLER_67_43,VPWR,li1,28.0600,193.1200,1.799972
FILLER_67_31,VPWR,li1,22.5400,193.1200,1.799981
FILLER_67_19,VPWR,li1,17.0200,193.1200,1.799981
FILLER_67_7,VPWR,li1,11.5000,193.1200,1.799980
FILLER_66_819,VPWR,li1,382.4900,193.1200,1.799966
FILLER_66_813,VPWR,li1,380.8800,193.1200,1.799966
FILLER_66_810,VPWR,li1,378.5800,193.1200,1.799967
FILLER_66_802,VPWR,li1,376.2800,193.1200,1.799968
FILLER_66_790,VPWR,li1,371.6800,193.1200,1.799969
FILLER_66_769,VPWR,li1,359.4900,193.1200,1.799973
FILLER_66_757,VPWR,li1,356.5000,193.1200,1.799974
FILLER_66_755,VPWR,li1,353.0500,193.1200,1.799975
FILLER_66_749,VPWR,li1,351.4400,193.1200,1.799975
FILLER_66_737,VPWR,li1,347.3000,193.1200,1.799977
FILLER_66_725,VPWR,li1,341.7800,193.1200,1.799979
FILLER_66_713,VPWR,li1,336.2600,193.1200,1.799980
FILLER_66_701,VPWR,li1,330.7400,193.1200,1.799982
FILLER_66_692,VPWR,li1,325.6800,193.1200,1.799980
FILLER_66_680,VPWR,li1,321.0800,193.1200,1.799973
FILLER_66_668,VPWR,li1,315.5600,193.1200,1.799964
FILLER_66_656,VPWR,li1,310.0400,193.1200,1.799956
FILLER_66_638,VPWR,li1,300.3800,193.1200,1.799944
FILLER_66_621,VPWR,li1,291.4100,193.1200,1.799933
FILLER_66_617,VPWR,li1,290.2600,193.1200,1.799931
FILLER_66_609,VPWR,li1,285.8900,193.1200,1.799927
FILLER_66_601,VPWR,li1,283.8200,193.1200,1.799925
FILLER_66_589,VPWR,li1,276.9200,193.1200,1.799918
FILLER_66_566,VPWR,li1,266.8000,193.1200,1.799911
FILLER_66_547,VPWR,li1,257.6000,193.1200,1.799905
FILLER_66_539,VPWR,li1,255.3000,193.1200,1.799904
FILLER_66_530,VPWR,li1,249.7800,193.1200,1.799902
FILLER_66_521,VPWR,li1,245.4100,193.1200,1.799901
FILLER_66_517,VPWR,li1,244.2600,193.1200,1.799901
FILLER_66_511,VPWR,li1,241.2700,193.1200,1.799900
FILLER_66_503,VPWR,li1,238.7400,193.1200,1.799900
FILLER_66_486,VPWR,li1,229.3100,193.1200,1.799900
FILLER_66_482,VPWR,li1,228.1600,193.1200,1.799901
FILLER_66_468,VPWR,li1,222.6400,193.1200,1.799903
FILLER_66_454,VPWR,li1,214.5900,193.1200,1.799907
FILLER_66_450,VPWR,li1,212.7500,193.1200,1.799908
FILLER_66_436,VPWR,li1,206.3100,193.1200,1.799915
FILLER_66_429,VPWR,li1,203.0900,193.1200,1.799917
FILLER_66_421,VPWR,li1,199.4100,193.1200,1.799921
FILLER_66_407,VPWR,li1,194.5800,193.1200,1.799928
FILLER_66_393,VPWR,li1,186.9900,193.1200,1.799940
FILLER_66_385,VPWR,li1,183.0800,193.1200,1.799947
FILLER_66_353,VPWR,li1,168.5900,193.1200,1.799951
FILLER_66_336,VPWR,li1,160.5400,193.1200,1.799942
FILLER_66_309,VPWR,li1,148.5800,193.1200,1.799928
FILLER_66_307,VPWR,li1,146.9700,193.1200,1.799927
FILLER_66_293,VPWR,li1,140.5300,193.1200,1.799923
FILLER_66_281,VPWR,li1,137.5400,193.1200,1.799921
FILLER_66_261,VPWR,li1,126.0400,193.1200,1.799914
FILLER_66_253,VPWR,li1,123.7400,193.1200,1.799912
FILLER_66_251,VPWR,li1,121.2100,193.1200,1.799911
FILLER_66_247,VPWR,li1,120.0600,193.1200,1.799911
FILLER_66_239,VPWR,li1,116.3800,193.1200,1.799909
FILLER_66_215,VPWR,li1,106.2600,193.1200,1.799904
FILLER_66_197,VPWR,li1,96.6000,193.1200,1.799904
FILLER_66_194,VPWR,li1,95.2200,193.1200,1.799904
FILLER_66_169,VPWR,li1,83.4900,193.1200,1.799906
FILLER_66_165,VPWR,li1,82.3400,193.1200,1.799906
FILLER_66_156,VPWR,li1,77.7400,193.1200,1.799907
FILLER_66_148,VPWR,li1,74.0600,193.1200,1.799909
FILLER_66_136,VPWR,li1,68.3100,193.1200,1.799913
FILLER_66_122,VPWR,li1,61.8700,193.1200,1.799920
FILLER_66_109,VPWR,li1,56.5800,193.1200,1.799925
FILLER_66_99,VPWR,li1,51.9800,193.1200,1.799931
FILLER_66_91,VPWR,li1,47.6100,193.1200,1.799937
FILLER_66_71,VPWR,li1,38.4100,193.1200,1.799955
FILLER_66_65,VPWR,li1,36.8000,193.1200,1.799955
FILLER_66_53,VPWR,li1,32.6600,193.1200,1.799965
FILLER_66_41,VPWR,li1,27.1400,193.1200,1.799972
FILLER_66_29,VPWR,li1,21.6200,193.1200,1.799981
FILLER_66_27,VPWR,li1,18.1700,193.1200,1.799981
FILLER_66_19,VPWR,li1,16.1000,193.1200,1.799981
FILLER_66_7,VPWR,li1,11.5000,193.1200,1.799980
FILLER_65_817,VPWR,li1,382.0300,187.6800,1.799902
FILLER_65_809,VPWR,li1,379.5000,187.6800,1.799904
FILLER_65_797,VPWR,li1,374.9000,187.6800,1.799907
FILLER_65_785,VPWR,li1,369.3800,187.6800,1.799911
FILLER_65_776,VPWR,li1,364.3200,187.6800,1.799917
FILLER_65_764,VPWR,li1,359.7200,187.6800,1.799922
FILLER_65_756,VPWR,li1,353.5100,187.6800,1.799930
FILLER_65_748,VPWR,li1,351.4400,187.6800,1.799933
FILLER_65_743,VPWR,li1,347.5300,187.6800,1.799938
FILLER_65_737,VPWR,li1,345.0000,187.6800,1.799942
FILLER_65_729,VPWR,li1,342.7000,187.6800,1.799946
FILLER_65_716,VPWR,li1,337.6400,187.6800,1.799955
FILLER_65_704,VPWR,li1,332.1200,187.6800,1.799965
FILLER_65_692,VPWR,li1,326.6000,187.6800,1.799966
FILLER_65_680,VPWR,li1,321.0800,187.6800,1.799959
FILLER_65_673,VPWR,li1,315.7900,187.6800,1.799953
FILLER_65_664,VPWR,li1,312.8000,187.6800,1.799951
FILLER_65_645,VPWR,li1,302.6800,187.6800,1.799944
FILLER_65_628,VPWR,li1,296.2400,187.6800,1.799940
FILLER_65_615,VPWR,li1,288.6500,187.6800,1.799936
FILLER_65_595,VPWR,li1,280.6000,187.6800,1.799933
FILLER_65_583,VPWR,li1,276.4600,187.6800,1.799933
FILLER_65_574,VPWR,li1,270.2500,187.6800,1.799931
FILLER_65_561,VPWR,li1,264.5000,187.6800,1.799931
FILLER_65_559,VPWR,li1,262.8900,187.6800,1.799931
FILLER_65_551,VPWR,li1,260.8200,187.6800,1.799931
FILLER_65_540,VPWR,li1,254.3800,187.6800,1.799931
FILLER_65_532,VPWR,li1,252.0800,187.6800,1.799931
FILLER_65_527,VPWR,li1,248.1700,187.6800,1.799932
FILLER_65_519,VPWR,li1,246.1000,187.6800,1.799932
FILLER_65_511,VPWR,li1,240.8100,187.6800,1.799933
FILLER_65_505,VPWR,li1,239.2000,187.6800,1.799933
FILLER_65_503,VPWR,li1,237.1300,187.6800,1.799934
FILLER_65_497,VPWR,li1,235.5200,187.6800,1.799935
FILLER_65_485,VPWR,li1,231.3800,187.6800,1.799936
FILLER_65_473,VPWR,li1,225.8600,187.6800,1.799937
FILLER_65_461,VPWR,li1,220.3400,187.6800,1.799939
FILLER_65_449,VPWR,li1,214.8200,187.6800,1.799940
FILLER_65_447,VPWR,li1,211.3700,187.6800,1.799942
FILLER_65_443,VPWR,li1,210.2200,187.6800,1.799942
FILLER_65_430,VPWR,li1,203.7800,187.6800,1.799945
FILLER_65_422,VPWR,li1,201.4800,187.6800,1.799946
FILLER_65_417,VPWR,li1,197.8000,187.6800,1.799947
FILLER_65_409,VPWR,li1,195.5000,187.6800,1.799949
FILLER_65_397,VPWR,li1,190.9000,187.6800,1.799951
FILLER_65_391,VPWR,li1,185.6100,187.6800,1.799955
FILLER_65_386,VPWR,li1,183.3100,187.6800,1.799958
FILLER_65_380,VPWR,li1,181.7000,187.6800,1.799961
FILLER_65_363,VPWR,li1,173.4200,187.6800,1.799964
FILLER_65_357,VPWR,li1,169.9700,187.6800,1.799955
FILLER_65_351,VPWR,li1,168.3600,187.6800,1.799955
FILLER_65_343,VPWR,li1,163.5300,187.6800,1.799947
FILLER_65_337,VPWR,li1,161.9200,187.6800,1.799942
FILLER_65_328,VPWR,li1,158.2400,187.6800,1.799937
FILLER_65_313,VPWR,li1,149.9600,187.6800,1.799930
FILLER_65_291,VPWR,li1,140.0700,187.6800,1.799925
FILLER_65_281,VPWR,li1,135.4700,187.6800,1.799924
FILLER_65_279,VPWR,li1,134.0900,187.6800,1.799924
FILLER_65_273,VPWR,li1,132.4800,187.6800,1.799924
FILLER_65_266,VPWR,li1,128.1100,187.6800,1.799923
FILLER_65_239,VPWR,li1,115.6900,187.6800,1.799923
FILLER_65_233,VPWR,li1,114.0800,187.6800,1.799924
FILLER_65_221,VPWR,li1,107.8700,187.6800,1.799925
FILLER_65_209,VPWR,li1,104.4200,187.6800,1.799926
FILLER_65_197,VPWR,li1,97.5200,187.6800,1.799928
FILLER_65_181,VPWR,li1,89.4700,187.6800,1.799931
FILLER_65_169,VPWR,li1,86.0200,187.6800,1.799933
FILLER_65_167,VPWR,li1,82.5700,187.6800,1.799934
FILLER_65_159,VPWR,li1,80.5000,187.6800,1.799935
FILLER_65_147,VPWR,li1,75.9000,187.6800,1.799938
FILLER_65_135,VPWR,li1,70.3800,187.6800,1.799941
FILLER_65_110,VPWR,li1,56.5800,187.6800,1.799951
FILLER_65_98,VPWR,li1,53.3600,187.6800,1.799953
FILLER_65_86,VPWR,li1,47.8400,187.6800,1.799960
FILLER_65_73,VPWR,li1,39.3300,187.6800,1.799968
FILLER_65_69,VPWR,li1,38.1800,187.6800,1.799970
FILLER_65_57,VPWR,li1,34.5000,187.6800,1.799973
FILLER_65_55,VPWR,li1,31.0500,187.6800,1.799977
FILLER_65_43,VPWR,li1,28.0600,187.6800,1.799982
FILLER_65_31,VPWR,li1,22.5400,187.6800,1.799988
FILLER_65_19,VPWR,li1,17.0200,187.6800,1.799987
FILLER_65_7,VPWR,li1,11.5000,187.6800,1.799987
FILLER_64_819,VPWR,li1,382.4900,187.6800,1.799902
FILLER_64_813,VPWR,li1,380.8800,187.6800,1.799904
FILLER_64_804,VPWR,li1,377.2000,187.6800,1.799906
FILLER_64_783,VPWR,li1,365.9300,187.6800,1.799917
FILLER_64_779,VPWR,li1,364.7800,187.6800,1.799917
FILLER_64_767,VPWR,li1,361.1000,187.6800,1.799922
FILLER_64_757,VPWR,li1,353.9700,187.6800,1.799930
FILLER_64_736,VPWR,li1,344.3100,187.6800,1.799946
FILLER_64_724,VPWR,li1,341.3200,187.6800,1.799949
FILLER_64_710,VPWR,li1,332.5800,187.6800,1.799965
FILLER_64_694,VPWR,li1,326.1400,187.6800,1.799966
FILLER_64_665,VPWR,li1,313.2600,187.6800,1.799951
FILLER_64_660,VPWR,li1,309.3500,187.6800,1.799948
FILLER_64_652,VPWR,li1,307.2800,187.6800,1.799947
FILLER_64_645,VPWR,li1,302.6800,187.6800,1.799944
FILLER_64_632,VPWR,li1,299.0000,187.6800,1.799942
FILLER_64_620,VPWR,li1,293.4800,187.6800,1.799939
FILLER_64_613,VPWR,li1,288.1900,187.6800,1.799936
FILLER_64_601,VPWR,li1,284.7400,187.6800,1.799934
FILLER_64_589,VPWR,li1,279.2200,187.6800,1.799933
FILLER_64_582,VPWR,li1,274.6200,187.6800,1.799932
FILLER_64_569,VPWR,li1,269.1000,187.6800,1.799931
FILLER_64_557,VPWR,li1,264.5000,187.6800,1.799931
FILLER_64_545,VPWR,li1,258.9800,187.6800,1.799931
FILLER_64_537,VPWR,li1,252.7700,187.6800,1.799931
FILLER_64_533,VPWR,li1,251.6200,187.6800,1.799931
FILLER_64_531,VPWR,li1,250.0100,187.6800,1.799931
FILLER_64_523,VPWR,li1,247.9400,187.6800,1.799932
FILLER_64_497,VPWR,li1,234.6000,187.6800,1.799935
FILLER_64_489,VPWR,li1,232.3000,187.6800,1.799936
FILLER_64_477,VPWR,li1,227.7000,187.6800,1.799937
FILLER_64_474,VPWR,li1,224.0200,187.6800,1.799938
FILLER_64_462,VPWR,li1,220.8000,187.6800,1.799939
FILLER_64_450,VPWR,li1,215.2800,187.6800,1.799940
FILLER_64_439,VPWR,li1,208.3800,187.6800,1.799943
FILLER_64_432,VPWR,li1,204.4700,187.6800,1.799944
FILLER_64_424,VPWR,li1,202.4000,187.6800,1.799945
FILLER_64_405,VPWR,li1,192.0500,187.6800,1.799951
FILLER_64_401,VPWR,li1,190.9000,187.6800,1.799951
FILLER_64_385,VPWR,li1,183.0800,187.6800,1.799958
FILLER_64_377,VPWR,li1,180.7800,187.6800,1.799961
FILLER_64_365,VPWR,li1,176.1800,187.6800,1.799968
FILLER_64_361,VPWR,li1,172.2700,187.6800,1.799961
FILLER_64_349,VPWR,li1,168.8200,187.6800,1.799955
FILLER_64_337,VPWR,li1,163.3000,187.6800,1.799947
FILLER_64_322,VPWR,li1,154.1000,187.6800,1.799933
FILLER_64_302,VPWR,li1,145.8200,187.6800,1.799928
FILLER_64_271,VPWR,li1,130.4100,187.6800,1.799923
FILLER_64_267,VPWR,li1,129.2600,187.6800,1.799923
FILLER_64_261,VPWR,li1,125.8100,187.6800,1.799923
FILLER_64_253,VPWR,li1,123.7400,187.6800,1.799923
FILLER_64_251,VPWR,li1,121.2100,187.6800,1.799923
FILLER_64_239,VPWR,li1,115.9200,187.6800,1.799923
FILLER_64_227,VPWR,li1,112.7000,187.6800,1.799924
FILLER_64_215,VPWR,li1,105.8000,187.6800,1.799925
FILLER_64_205,VPWR,li1,100.5100,187.6800,1.799927
FILLER_64_197,VPWR,li1,97.9800,187.6800,1.799928
FILLER_64_193,VPWR,li1,94.9900,187.6800,1.799929
FILLER_64_181,VPWR,li1,91.5400,187.6800,1.799930
FILLER_64_173,VPWR,li1,85.5600,187.6800,1.799933
FILLER_64_165,VPWR,li1,83.2600,187.6800,1.799934
FILLER_64_153,VPWR,li1,78.6600,187.6800,1.799936
FILLER_64_141,VPWR,li1,73.1400,187.6800,1.799939
FILLER_64_123,VPWR,li1,62.3300,187.6800,1.799945
FILLER_64_115,VPWR,li1,58.6500,187.6800,1.799948
FILLER_64_103,VPWR,li1,55.6600,187.6800,1.799951
FILLER_64_93,VPWR,li1,48.9900,187.6800,1.799957
FILLER_64_85,VPWR,li1,46.4600,187.6800,1.799960
FILLER_64_80,VPWR,li1,43.2400,187.6800,1.799965
FILLER_64_73,VPWR,li1,39.3300,187.6800,1.799968
FILLER_64_65,VPWR,li1,37.2600,187.6800,1.799970
FILLER_64_53,VPWR,li1,32.6600,187.6800,1.799977
FILLER_64_41,VPWR,li1,27.1400,187.6800,1.799982
FILLER_64_29,VPWR,li1,21.6200,187.6800,1.799988
FILLER_64_27,VPWR,li1,18.1700,187.6800,1.799988
FILLER_64_19,VPWR,li1,16.1000,187.6800,1.799987
FILLER_64_7,VPWR,li1,11.5000,187.6800,1.799987
FILLER_63_820,VPWR,li1,383.6400,182.2400,1.799909
FILLER_63_808,VPWR,li1,379.9600,182.2400,1.799909
FILLER_63_785,VPWR,li1,367.3100,182.2400,1.799912
FILLER_63_781,VPWR,li1,365.4700,182.2400,1.799914
FILLER_63_768,VPWR,li1,359.2600,182.2400,1.799920
FILLER_63_760,VPWR,li1,356.9600,182.2400,1.799922
FILLER_63_754,VPWR,li1,353.0500,182.2400,1.799927
FILLER_63_726,VPWR,li1,339.9400,182.2400,1.799942
FILLER_63_718,VPWR,li1,336.0300,182.2400,1.799947
FILLER_63_710,VPWR,li1,332.3500,182.2400,1.799953
FILLER_63_702,VPWR,li1,330.2800,182.2400,1.799956
FILLER_63_686,VPWR,li1,321.5400,182.2400,1.799945
FILLER_63_678,VPWR,li1,319.2400,182.2400,1.799940
FILLER_63_648,VPWR,li1,304.9800,182.2400,1.799911
FILLER_63_636,VPWR,li1,300.8400,182.2400,1.799902
FILLER_63_631,VPWR,li1,296.0100,182.2400,1.799895
FILLER_63_623,VPWR,li1,292.3300,182.2400,1.799886
FILLER_63_614,VPWR,li1,288.4200,182.2400,1.799882
FILLER_63_601,VPWR,li1,282.6700,182.2400,1.799875
FILLER_63_593,VPWR,li1,280.1400,182.2400,1.799872
FILLER_63_564,VPWR,li1,266.3400,182.2400,1.799859
FILLER_63_552,VPWR,li1,261.2800,182.2400,1.799855
FILLER_63_546,VPWR,li1,256.9100,182.2400,1.799854
FILLER_63_536,VPWR,li1,252.3100,182.2400,1.799851
FILLER_63_528,VPWR,li1,250.2400,182.2400,1.799850
FILLER_63_513,VPWR,li1,244.2600,182.2400,1.799848
FILLER_63_505,VPWR,li1,238.0500,182.2400,1.799845
FILLER_63_503,VPWR,li1,237.1300,182.2400,1.799845
FILLER_63_487,VPWR,li1,229.7700,182.2400,1.799844
FILLER_63_483,VPWR,li1,228.6200,182.2400,1.799844
FILLER_63_470,VPWR,li1,221.9500,182.2400,1.799849
FILLER_63_447,VPWR,li1,211.3700,182.2400,1.799864
FILLER_63_433,VPWR,li1,204.9300,182.2400,1.799874
FILLER_63_406,VPWR,li1,193.6600,182.2400,1.799893
FILLER_63_391,VPWR,li1,185.6100,182.2400,1.799910
FILLER_63_384,VPWR,li1,182.3900,182.2400,1.799919
FILLER_63_372,VPWR,li1,179.4000,182.2400,1.799930
FILLER_63_360,VPWR,li1,173.8800,182.2400,1.799940
FILLER_63_344,VPWR,li1,164.2200,182.2400,1.799921
FILLER_63_333,VPWR,li1,159.3900,182.2400,1.799910
FILLER_63_325,VPWR,li1,156.8600,182.2400,1.799905
FILLER_63_316,VPWR,li1,151.5700,182.2400,1.799895
FILLER_63_304,VPWR,li1,148.1200,182.2400,1.799892
FILLER_63_292,VPWR,li1,142.6000,182.2400,1.799887
FILLER_63_284,VPWR,li1,136.8500,182.2400,1.799882
FILLER_63_277,VPWR,li1,133.6300,182.2400,1.799880
FILLER_63_269,VPWR,li1,131.1000,182.2400,1.799877
FILLER_63_257,VPWR,li1,126.5000,182.2400,1.799874
FILLER_63_241,VPWR,li1,117.0700,182.2400,1.799868
FILLER_63_225,VPWR,li1,109.7100,182.2400,1.799867
FILLER_63_216,VPWR,li1,105.1100,182.2400,1.799868
FILLER_63_210,VPWR,li1,103.5000,182.2400,1.799868
FILLER_63_198,VPWR,li1,99.3600,182.2400,1.799869
FILLER_63_186,VPWR,li1,93.8400,182.2400,1.799872
FILLER_63_169,VPWR,li1,84.1800,182.2400,1.799878
FILLER_63_167,VPWR,li1,82.5700,182.2400,1.799880
FILLER_63_152,VPWR,li1,77.2800,182.2400,1.799886
FILLER_63_137,VPWR,li1,69.0000,182.2400,1.799895
FILLER_63_125,VPWR,li1,65.7800,182.2400,1.799899
FILLER_63_113,VPWR,li1,60.2600,182.2400,1.799907
FILLER_63_99,VPWR,li1,51.2900,182.2400,1.799921
FILLER_63_91,VPWR,li1,49.2200,182.2400,1.799924
FILLER_63_63,VPWR,li1,34.7300,182.2400,1.799951
FILLER_63_57,VPWR,li1,33.1200,182.2400,1.799955
FILLER_63_55,VPWR,li1,31.0500,182.2400,1.799960
FILLER_63_51,VPWR,li1,29.9000,182.2400,1.799960
FILLER_63_39,VPWR,li1,26.2200,182.2400,1.799968
FILLER_63_27,VPWR,li1,20.7000,182.2400,1.799979
FILLER_63_15,VPWR,li1,15.1800,182.2400,1.799978
FILLER_63_3,VPWR,li1,9.6600,182.2400,1.799978
FILLER_62_819,VPWR,li1,382.4900,182.2400,1.799909
FILLER_62_813,VPWR,li1,380.8800,182.2400,1.799909
FILLER_62_811,VPWR,li1,378.8100,182.2400,1.799909
FILLER_62_799,VPWR,li1,375.8200,182.2400,1.799909
FILLER_62_787,VPWR,li1,370.3000,182.2400,1.799910
FILLER_62_781,VPWR,li1,365.0100,182.2400,1.799914
FILLER_62_774,VPWR,li1,361.7900,182.2400,1.799917
FILLER_62_755,VPWR,li1,353.0500,182.2400,1.799927
FILLER_62_748,VPWR,li1,350.0600,182.2400,1.799930
FILLER_62_736,VPWR,li1,346.8400,182.2400,1.799933
FILLER_62_724,VPWR,li1,341.3200,182.2400,1.799942
FILLER_62_713,VPWR,li1,333.7300,182.2400,1.799953
FILLER_62_705,VPWR,li1,331.6600,182.2400,1.799956
FILLER_62_699,VPWR,li1,327.2900,182.2400,1.799955
FILLER_62_680,VPWR,li1,320.1600,182.2400,1.799940
FILLER_62_664,VPWR,li1,311.6500,182.2400,1.799924
FILLER_62_658,VPWR,li1,308.4300,182.2400,1.799915
FILLER_62_645,VPWR,li1,303.1400,182.2400,1.799905
FILLER_62_643,VPWR,li1,301.5300,182.2400,1.799902
FILLER_62_621,VPWR,li1,291.8700,182.2400,1.799886
FILLER_62_601,VPWR,li1,282.4400,182.2400,1.799875
FILLER_62_589,VPWR,li1,279.2200,182.2400,1.799869
FILLER_62_586,VPWR,li1,275.5400,182.2400,1.799867
FILLER_62_578,VPWR,li1,271.6300,182.2400,1.799862
FILLER_62_574,VPWR,li1,270.4800,182.2400,1.799862
FILLER_62_546,VPWR,li1,257.3700,182.2400,1.799854
FILLER_62_538,VPWR,li1,254.8400,182.2400,1.799853
FILLER_62_531,VPWR,li1,250.0100,182.2400,1.799850
FILLER_62_513,VPWR,li1,241.7300,182.2400,1.799846
FILLER_62_507,VPWR,li1,240.1200,182.2400,1.799846
FILLER_62_495,VPWR,li1,235.9800,182.2400,1.799845
FILLER_62_477,VPWR,li1,226.3200,182.2400,1.799846
FILLER_62_474,VPWR,li1,224.0200,182.2400,1.799847
FILLER_62_463,VPWR,li1,220.3400,182.2400,1.799850
FILLER_62_450,VPWR,li1,213.2100,182.2400,1.799860
FILLER_62_438,VPWR,li1,209.7600,182.2400,1.799864
FILLER_62_414,VPWR,li1,197.3400,182.2400,1.799885
FILLER_62_403,VPWR,li1,191.8200,182.2400,1.799896
FILLER_62_391,VPWR,li1,188.1400,182.2400,1.799903
FILLER_62_379,VPWR,li1,182.6200,182.2400,1.799919
FILLER_62_368,VPWR,li1,175.0300,182.2400,1.799945
FILLER_62_353,VPWR,li1,168.1300,182.2400,1.799930
FILLER_62_331,VPWR,li1,159.1600,182.2400,1.799910
FILLER_62_309,VPWR,li1,148.5800,182.2400,1.799894
FILLER_62_305,VPWR,li1,146.5100,182.2400,1.799892
FILLER_62_301,VPWR,li1,144.2100,182.2400,1.799890
FILLER_62_289,VPWR,li1,141.2200,182.2400,1.799887
FILLER_62_277,VPWR,li1,135.7000,182.2400,1.799882
FILLER_62_265,VPWR,li1,130.1800,182.2400,1.799877
FILLER_62_253,VPWR,li1,124.6600,182.2400,1.799873
FILLER_62_251,VPWR,li1,121.2100,182.2400,1.799869
FILLER_62_237,VPWR,li1,114.7700,182.2400,1.799867
FILLER_62_231,VPWR,li1,113.1600,182.2400,1.799867
FILLER_62_224,VPWR,li1,108.7900,182.2400,1.799867
FILLER_62_216,VPWR,li1,106.7200,182.2400,1.799868
FILLER_62_204,VPWR,li1,102.1200,182.2400,1.799868
FILLER_62_188,VPWR,li1,92.9200,182.2400,1.799872
FILLER_62_175,VPWR,li1,86.2500,182.2400,1.799876
FILLER_62_169,VPWR,li1,84.6400,182.2400,1.799878
FILLER_62_160,VPWR,li1,79.5800,182.2400,1.799882
FILLER_62_152,VPWR,li1,75.6700,182.2400,1.799886
FILLER_62_141,VPWR,li1,71.3000,182.2400,1.799892
FILLER_62_130,VPWR,li1,65.7800,182.2400,1.799899
FILLER_62_118,VPWR,li1,62.5600,182.2400,1.799904
FILLER_62_106,VPWR,li1,57.0400,182.2400,1.799914
FILLER_62_97,VPWR,li1,51.5200,182.2400,1.799921
FILLER_62_85,VPWR,li1,47.3800,182.2400,1.799930
FILLER_62_83,VPWR,li1,43.9300,182.2400,1.799933
FILLER_62_77,VPWR,li1,42.3200,182.2400,1.799937
FILLER_62_69,VPWR,li1,37.4900,182.2400,1.799945
FILLER_62_65,VPWR,li1,36.3400,182.2400,1.799951
FILLER_62_53,VPWR,li1,32.6600,182.2400,1.799955
FILLER_62_41,VPWR,li1,27.1400,182.2400,1.799968
FILLER_62_29,VPWR,li1,21.6200,182.2400,1.799979
FILLER_62_27,VPWR,li1,18.1700,182.2400,1.799979
FILLER_62_19,VPWR,li1,16.1000,182.2400,1.799978
FILLER_62_7,VPWR,li1,11.5000,182.2400,1.799978
FILLER_61_817,VPWR,li1,382.0300,176.8000,1.799849
FILLER_61_809,VPWR,li1,379.5000,176.8000,1.799851
FILLER_61_797,VPWR,li1,374.9000,176.8000,1.799854
FILLER_61_785,VPWR,li1,369.3800,176.8000,1.799862
FILLER_61_782,VPWR,li1,365.7000,176.8000,1.799866
FILLER_61_774,VPWR,li1,361.7900,176.8000,1.799874
FILLER_61_753,VPWR,li1,354.6600,176.8000,1.799888
FILLER_61_741,VPWR,li1,349.1400,176.8000,1.799899
FILLER_61_729,VPWR,li1,341.0900,176.8000,1.799917
FILLER_61_727,VPWR,li1,340.1700,176.8000,1.799917
FILLER_61_719,VPWR,li1,338.1000,176.8000,1.799924
FILLER_61_707,VPWR,li1,331.2000,176.8000,1.799942
FILLER_61_695,VPWR,li1,327.9800,176.8000,1.799946
FILLER_61_685,VPWR,li1,322.0000,176.8000,1.799935
FILLER_61_677,VPWR,li1,317.1700,176.8000,1.799928
FILLER_61_671,VPWR,li1,314.4100,176.8000,1.799923
FILLER_61_666,VPWR,li1,312.1100,176.8000,1.799920
FILLER_61_658,VPWR,li1,310.0400,176.8000,1.799916
FILLER_61_643,VPWR,li1,301.7600,176.8000,1.799903
FILLER_61_635,VPWR,li1,299.4600,176.8000,1.799900
FILLER_61_623,VPWR,li1,292.3300,176.8000,1.799890
FILLER_61_617,VPWR,li1,290.7200,176.8000,1.799887
FILLER_61_614,VPWR,li1,288.4200,176.8000,1.799884
FILLER_61_605,VPWR,li1,284.2800,176.8000,1.799878
FILLER_61_597,VPWR,li1,281.9800,176.8000,1.799875
FILLER_61_590,VPWR,li1,277.1500,176.8000,1.799868
FILLER_61_578,VPWR,li1,274.1600,176.8000,1.799866
FILLER_61_566,VPWR,li1,268.6400,176.8000,1.799859
FILLER_61_559,VPWR,li1,262.8900,176.8000,1.799851
FILLER_61_551,VPWR,li1,259.4400,176.8000,1.799849
FILLER_61_543,VPWR,li1,257.1400,176.8000,1.799847
FILLER_61_532,VPWR,li1,250.4700,176.8000,1.799839
FILLER_61_528,VPWR,li1,249.3200,176.8000,1.799839
FILLER_61_517,VPWR,li1,243.5700,176.8000,1.799833
FILLER_61_505,VPWR,li1,240.5800,176.8000,1.799830
FILLER_61_503,VPWR,li1,237.1300,176.8000,1.799826
FILLER_61_491,VPWR,li1,234.1400,176.8000,1.799825
FILLER_61_479,VPWR,li1,228.6200,176.8000,1.799824
FILLER_61_467,VPWR,li1,223.1000,176.8000,1.799827
FILLER_61_453,VPWR,li1,214.1300,176.8000,1.799835
FILLER_61_449,VPWR,li1,212.9800,176.8000,1.799835
FILLER_61_445,VPWR,li1,210.9100,176.8000,1.799837
FILLER_61_437,VPWR,li1,208.3800,176.8000,1.799840
FILLER_61_431,VPWR,li1,204.0100,176.8000,1.799845
FILLER_61_423,VPWR,li1,201.9400,176.8000,1.799849
FILLER_61_411,VPWR,li1,197.3400,176.8000,1.799855
FILLER_61_399,VPWR,li1,191.8200,176.8000,1.799862
FILLER_61_389,VPWR,li1,185.1500,176.8000,1.799879
FILLER_61_381,VPWR,li1,182.6200,176.8000,1.799888
FILLER_61_369,VPWR,li1,175.7200,176.8000,1.799916
FILLER_61_361,VPWR,li1,173.4200,176.8000,1.799906
FILLER_61_352,VPWR,li1,167.9000,176.8000,1.799885
FILLER_61_337,VPWR,li1,162.3800,176.8000,1.799861
FILLER_61_324,VPWR,li1,157.3200,176.8000,1.799840
FILLER_61_312,VPWR,li1,151.8000,176.8000,1.799821
FILLER_61_303,VPWR,li1,145.3600,176.8000,1.799809
FILLER_61_288,VPWR,li1,139.8400,176.8000,1.799795
FILLER_61_255,VPWR,li1,123.0500,176.8000,1.799769
FILLER_61_249,VPWR,li1,121.4400,176.8000,1.799769
FILLER_61_237,VPWR,li1,117.3000,176.8000,1.799763
FILLER_61_225,VPWR,li1,111.7800,176.8000,1.799761
FILLER_61_223,VPWR,li1,108.3300,176.8000,1.799760
FILLER_61_211,VPWR,li1,105.3400,176.8000,1.799760
FILLER_61_181,VPWR,li1,91.5400,176.8000,1.799774
FILLER_61_169,VPWR,li1,86.0200,176.8000,1.799784
FILLER_61_165,VPWR,li1,82.1100,176.8000,1.799791
FILLER_61_157,VPWR,li1,79.5800,176.8000,1.799796
FILLER_61_150,VPWR,li1,74.7500,176.8000,1.799805
FILLER_61_144,VPWR,li1,71.9900,176.8000,1.799811
FILLER_61_132,VPWR,li1,69.0000,176.8000,1.799820
FILLER_61_122,VPWR,li1,61.8700,176.8000,1.799838
FILLER_61_118,VPWR,li1,60.7200,176.8000,1.799838
FILLER_61_101,VPWR,li1,52.9000,176.8000,1.799860
FILLER_61_79,VPWR,li1,42.0900,176.8000,1.799898
FILLER_61_75,VPWR,li1,40.9400,176.8000,1.799898
FILLER_61_65,VPWR,li1,36.1100,176.8000,1.799915
FILLER_61_57,VPWR,li1,33.5800,176.8000,1.799927
FILLER_61_54,VPWR,li1,30.8200,176.8000,1.799933
FILLER_61_42,VPWR,li1,27.6000,176.8000,1.799946
FILLER_61_30,VPWR,li1,22.0800,176.8000,1.799965
FILLER_61_18,VPWR,li1,16.5600,176.8000,1.799965
FILLER_61_6,VPWR,li1,11.0400,176.8000,1.799965
FILLER_60_819,VPWR,li1,382.4900,176.8000,1.799849
FILLER_60_813,VPWR,li1,380.8800,176.8000,1.799851
FILLER_60_791,VPWR,li1,369.6100,176.8000,1.799862
FILLER_60_787,VPWR,li1,368.4600,176.8000,1.799862
FILLER_60_772,VPWR,li1,362.4800,176.8000,1.799871
FILLER_60_760,VPWR,li1,357.8800,176.8000,1.799879
FILLER_60_755,VPWR,li1,353.0500,176.8000,1.799888
FILLER_60_747,VPWR,li1,350.9800,176.8000,1.799893
FILLER_60_733,VPWR,li1,343.1600,176.8000,1.799911
FILLER_60_725,VPWR,li1,340.8600,176.8000,1.799917
FILLER_60_711,VPWR,li1,332.8100,176.8000,1.799942
FILLER_60_707,VPWR,li1,331.6600,176.8000,1.799942
FILLER_60_701,VPWR,li1,328.6700,176.8000,1.799949
FILLER_60_697,VPWR,li1,326.8300,176.8000,1.799946
FILLER_60_686,VPWR,li1,321.3100,176.8000,1.799935
FILLER_60_682,VPWR,li1,320.1600,176.8000,1.799931
FILLER_60_661,VPWR,li1,312.3400,176.8000,1.799920
FILLER_60_655,VPWR,li1,307.5100,176.8000,1.799912
FILLER_60_649,VPWR,li1,304.2900,176.8000,1.799906
FILLER_60_645,VPWR,li1,303.1400,176.8000,1.799906
FILLER_60_642,VPWR,li1,301.3000,176.8000,1.799903
FILLER_60_634,VPWR,li1,299.0000,176.8000,1.799900
FILLER_60_622,VPWR,li1,294.4000,176.8000,1.799893
FILLER_60_608,VPWR,li1,287.0400,176.8000,1.799881
FILLER_60_596,VPWR,li1,280.1400,176.8000,1.799873
FILLER_60_573,VPWR,li1,270.9400,176.8000,1.799862
FILLER_60_563,VPWR,li1,264.7300,176.8000,1.799853
FILLER_60_555,VPWR,li1,262.6600,176.8000,1.799851
FILLER_60_543,VPWR,li1,258.0600,176.8000,1.799847
FILLER_60_520,VPWR,li1,247.4800,176.8000,1.799837
FILLER_60_502,VPWR,li1,238.2800,176.8000,1.799828
FILLER_60_481,VPWR,li1,227.0100,176.8000,1.799826
FILLER_60_477,VPWR,li1,225.8600,176.8000,1.799826
FILLER_60_474,VPWR,li1,224.0200,176.8000,1.799827
FILLER_60_462,VPWR,li1,220.8000,176.8000,1.799829
FILLER_60_450,VPWR,li1,215.2800,176.8000,1.799832
FILLER_60_417,VPWR,li1,198.0300,176.8000,1.799855
FILLER_60_391,VPWR,li1,186.0700,176.8000,1.799879
FILLER_60_377,VPWR,li1,179.1700,176.8000,1.799900
FILLER_60_365,VPWR,li1,173.8800,176.8000,1.799906
FILLER_60_363,VPWR,li1,172.7300,176.8000,1.799906
FILLER_60_351,VPWR,li1,169.7400,176.8000,1.799893
FILLER_60_339,VPWR,li1,164.2200,176.8000,1.799869
FILLER_60_322,VPWR,li1,154.5600,176.8000,1.799832
FILLER_60_307,VPWR,li1,146.9700,176.8000,1.799809
FILLER_60_293,VPWR,li1,140.5300,176.8000,1.799799
FILLER_60_285,VPWR,li1,138.4600,176.8000,1.799795
FILLER_60_247,VPWR,li1,119.6000,176.8000,1.799766
FILLER_60_215,VPWR,li1,105.8000,176.8000,1.799760
FILLER_60_201,VPWR,li1,98.2100,176.8000,1.799764
FILLER_60_197,VPWR,li1,97.0600,176.8000,1.799764
FILLER_60_192,VPWR,li1,94.7600,176.8000,1.799767
FILLER_60_180,VPWR,li1,91.0800,176.8000,1.799774
FILLER_60_168,VPWR,li1,85.5600,176.8000,1.799784
FILLER_60_160,VPWR,li1,79.3500,176.8000,1.799796
FILLER_60_156,VPWR,li1,77.5100,176.8000,1.799801
FILLER_60_149,VPWR,li1,74.7500,176.8000,1.799805
FILLER_60_141,VPWR,li1,72.2200,176.8000,1.799811
FILLER_60_138,VPWR,li1,69.4600,176.8000,1.799820
FILLER_60_128,VPWR,li1,64.6300,176.8000,1.799831
FILLER_60_120,VPWR,li1,61.4100,176.8000,1.799838
FILLER_60_112,VPWR,li1,58.8800,176.8000,1.799847
FILLER_60_101,VPWR,li1,52.4400,176.8000,1.799866
FILLER_60_89,VPWR,li1,49.2200,176.8000,1.799875
FILLER_60_83,VPWR,li1,43.9300,176.8000,1.799888
FILLER_60_73,VPWR,li1,39.7900,176.8000,1.799907
FILLER_60_65,VPWR,li1,37.2600,176.8000,1.799915
FILLER_60_53,VPWR,li1,32.6600,176.8000,1.799927
FILLER_60_41,VPWR,li1,27.1400,176.8000,1.799946
FILLER_60_29,VPWR,li1,21.6200,176.8000,1.799965
FILLER_60_26,VPWR,li1,17.9400,176.8000,1.799965
FILLER_60_18,VPWR,li1,15.6400,176.8000,1.799965
FILLER_60_6,VPWR,li1,11.0400,176.8000,1.799965
FILLER_59_812,VPWR,li1,380.8800,171.3600,1.799830
FILLER_59_800,VPWR,li1,376.2800,171.3600,1.799830
FILLER_59_788,VPWR,li1,370.7600,171.3600,1.799835
FILLER_59_773,VPWR,li1,361.5600,171.3600,1.799844
FILLER_59_763,VPWR,li1,356.7300,171.3600,1.799851
FILLER_59_757,VPWR,li1,355.1200,171.3600,1.799851
FILLER_59_741,VPWR,li1,348.2200,171.3600,1.799870
FILLER_59_729,VPWR,li1,343.6200,171.3600,1.799879
FILLER_59_727,VPWR,li1,340.1700,171.3600,1.799893
FILLER_59_719,VPWR,li1,338.1000,171.3600,1.799899
FILLER_59_707,VPWR,li1,333.5000,171.3600,1.799908
FILLER_59_692,VPWR,li1,326.6000,171.3600,1.799916
FILLER_59_673,VPWR,li1,315.7900,171.3600,1.799869
FILLER_59_640,VPWR,li1,300.1500,171.3600,1.799820
FILLER_59_636,VPWR,li1,299.0000,171.3600,1.799820
FILLER_59_604,VPWR,li1,286.1200,171.3600,1.799788
FILLER_59_592,VPWR,li1,280.6000,171.3600,1.799777
FILLER_59_584,VPWR,li1,274.3900,171.3600,1.799763
FILLER_59_578,VPWR,li1,272.7800,171.3600,1.799763
FILLER_59_561,VPWR,li1,264.0400,171.3600,1.799749
FILLER_59_552,VPWR,li1,261.2800,171.3600,1.799746
FILLER_59_542,VPWR,li1,255.0700,171.3600,1.799738
FILLER_59_536,VPWR,li1,253.4600,171.3600,1.799738
FILLER_59_531,VPWR,li1,250.2400,171.3600,1.799735
FILLER_59_503,VPWR,li1,237.1300,171.3600,1.799724
FILLER_59_497,VPWR,li1,235.5200,171.3600,1.799724
FILLER_59_487,VPWR,li1,230.2300,171.3600,1.799723
FILLER_59_478,VPWR,li1,225.8600,171.3600,1.799725
FILLER_59_449,VPWR,li1,213.4400,171.3600,1.799743
FILLER_59_442,VPWR,li1,210.2200,171.3600,1.799751
FILLER_59_427,VPWR,li1,202.6300,171.3600,1.799778
FILLER_59_418,VPWR,li1,199.1800,171.3600,1.799788
FILLER_59_406,VPWR,li1,195.0400,171.3600,1.799798
FILLER_59_391,VPWR,li1,185.6100,171.3600,1.799835
FILLER_59_383,VPWR,li1,183.5400,171.3600,1.799848
FILLER_59_365,VPWR,li1,175.2600,171.3600,1.799898
FILLER_59_349,VPWR,li1,166.7500,171.3600,1.799861
FILLER_59_337,VPWR,li1,163.3000,171.3600,1.799843
FILLER_59_335,VPWR,li1,159.8500,171.3600,1.799830
FILLER_59_331,VPWR,li1,158.7000,171.3600,1.799830
FILLER_59_316,VPWR,li1,152.2600,171.3600,1.799812
FILLER_59_300,VPWR,li1,143.7500,171.3600,1.799796
FILLER_59_294,VPWR,li1,140.9900,171.3600,1.799791
FILLER_59_288,VPWR,li1,139.3800,171.3600,1.799788
FILLER_59_279,VPWR,li1,134.0900,171.3600,1.799779
FILLER_59_275,VPWR,li1,132.9400,171.3600,1.799779
FILLER_59_251,VPWR,li1,122.8200,171.3600,1.799764
FILLER_59_225,VPWR,li1,109.9400,171.3600,1.799761
FILLER_59_223,VPWR,li1,108.3300,171.3600,1.799763
FILLER_59_219,VPWR,li1,107.1800,171.3600,1.799763
FILLER_59_208,VPWR,li1,102.1200,171.3600,1.799766
FILLER_59_201,VPWR,li1,98.2100,171.3600,1.799770
FILLER_59_167,VPWR,li1,82.5700,171.3600,1.799789
FILLER_59_138,VPWR,li1,69.2300,171.3600,1.799820
FILLER_59_132,VPWR,li1,67.6200,171.3600,1.799820
FILLER_59_125,VPWR,li1,63.9400,171.3600,1.799831
FILLER_59_113,VPWR,li1,60.2600,171.3600,1.799840
FILLER_59_109,VPWR,li1,56.3500,171.3600,1.799851
FILLER_59_93,VPWR,li1,49.6800,171.3600,1.799871
FILLER_59_81,VPWR,li1,45.5400,171.3600,1.799884
FILLER_59_69,VPWR,li1,40.0200,171.3600,1.799904
FILLER_59_57,VPWR,li1,34.5000,171.3600,1.799921
FILLER_59_54,VPWR,li1,30.8200,171.3600,1.799933
FILLER_59_42,VPWR,li1,27.6000,171.3600,1.799946
FILLER_59_30,VPWR,li1,22.0800,171.3600,1.799965
FILLER_59_18,VPWR,li1,16.5600,171.3600,1.799965
FILLER_59_6,VPWR,li1,11.0400,171.3600,1.799965
FILLER_58_821,VPWR,li1,383.8700,171.3600,1.799830
FILLER_58_813,VPWR,li1,381.3400,171.3600,1.799830
FILLER_58_789,VPWR,li1,369.1500,171.3600,1.799835
FILLER_58_777,VPWR,li1,365.7000,171.3600,1.799839
FILLER_58_765,VPWR,li1,360.1800,171.3600,1.799844
FILLER_58_746,VPWR,li1,349.6000,171.3600,1.799863
FILLER_58_726,VPWR,li1,340.8600,171.3600,1.799887
FILLER_58_707,VPWR,li1,330.9700,171.3600,1.799916
FILLER_58_701,VPWR,li1,328.4400,171.3600,1.799924
FILLER_58_697,VPWR,li1,326.8300,171.3600,1.799916
FILLER_58_685,VPWR,li1,323.3800,171.3600,1.799902
FILLER_58_676,VPWR,li1,316.7100,171.3600,1.799875
FILLER_58_672,VPWR,li1,315.5600,171.3600,1.799869
FILLER_58_653,VPWR,li1,306.1300,171.3600,1.799838
FILLER_58_645,VPWR,li1,304.0600,171.3600,1.799830
FILLER_58_636,VPWR,li1,299.9200,171.3600,1.799820
FILLER_58_605,VPWR,li1,284.2800,171.3600,1.799784
FILLER_58_597,VPWR,li1,281.9800,171.3600,1.799777
FILLER_58_570,VPWR,li1,270.4800,171.3600,1.799758
FILLER_58_566,VPWR,li1,266.1100,171.3600,1.799752
FILLER_58_558,VPWR,li1,262.4300,171.3600,1.799746
FILLER_58_550,VPWR,li1,258.9800,171.3600,1.799744
FILLER_58_533,VPWR,li1,251.6200,171.3600,1.799736
FILLER_58_529,VPWR,li1,249.5500,171.3600,1.799735
FILLER_58_521,VPWR,li1,247.0200,171.3600,1.799732
FILLER_58_510,VPWR,li1,240.3500,171.3600,1.799727
FILLER_58_506,VPWR,li1,239.2000,171.3600,1.799726
FILLER_58_494,VPWR,li1,235.5200,171.3600,1.799724
FILLER_58_482,VPWR,li1,230.0000,171.3600,1.799723
FILLER_58_477,VPWR,li1,225.1700,171.3600,1.799726
FILLER_58_475,VPWR,li1,224.2500,171.3600,1.799726
FILLER_58_463,VPWR,li1,221.2600,171.3600,1.799728
FILLER_58_445,VPWR,li1,212.9800,171.3600,1.799743
FILLER_58_433,VPWR,li1,207.4600,171.3600,1.799760
FILLER_58_421,VPWR,li1,201.9400,171.3600,1.799778
FILLER_58_418,VPWR,li1,198.2600,171.3600,1.799788
FILLER_58_410,VPWR,li1,195.9600,171.3600,1.799798
FILLER_58_398,VPWR,li1,191.3600,171.3600,1.799809
FILLER_58_389,VPWR,li1,185.1500,171.3600,1.799848
FILLER_58_377,VPWR,li1,181.7000,171.3600,1.799864
FILLER_58_365,VPWR,li1,176.1800,171.3600,1.799898
FILLER_58_363,VPWR,li1,172.7300,171.3600,1.799883
FILLER_58_344,VPWR,li1,164.2200,171.3600,1.799852
FILLER_58_336,VPWR,li1,161.9200,171.3600,1.799843
FILLER_58_317,VPWR,li1,152.0300,171.3600,1.799812
FILLER_58_309,VPWR,li1,149.5000,171.3600,1.799806
FILLER_58_305,VPWR,li1,146.5100,171.3600,1.799800
FILLER_58_296,VPWR,li1,142.6000,171.3600,1.799791
FILLER_58_284,VPWR,li1,138.9200,171.3600,1.799788
FILLER_58_272,VPWR,li1,133.4000,171.3600,1.799779
FILLER_58_265,VPWR,li1,127.6500,171.3600,1.799771
FILLER_58_253,VPWR,li1,124.6600,171.3600,1.799768
FILLER_58_251,VPWR,li1,121.2100,171.3600,1.799762
FILLER_58_245,VPWR,li1,119.6000,171.3600,1.799762
FILLER_58_232,VPWR,li1,114.0800,171.3600,1.799760
FILLER_58_225,VPWR,li1,109.2500,171.3600,1.799761
FILLER_58_221,VPWR,li1,108.1000,171.3600,1.799763
FILLER_58_209,VPWR,li1,104.4200,171.3600,1.799765
FILLER_58_197,VPWR,li1,98.9000,171.3600,1.799770
FILLER_58_195,VPWR,li1,95.4500,171.3600,1.799772
FILLER_58_187,VPWR,li1,93.3800,171.3600,1.799775
FILLER_58_181,VPWR,li1,89.0100,171.3600,1.799781
FILLER_58_177,VPWR,li1,87.8600,171.3600,1.799781
FILLER_58_169,VPWR,li1,83.4900,171.3600,1.799789
FILLER_58_121,VPWR,li1,61.4100,171.3600,1.799840
FILLER_58_109,VPWR,li1,58.4200,171.3600,1.799845
FILLER_58_104,VPWR,li1,53.8200,171.3600,1.799858
FILLER_58_100,VPWR,li1,51.7500,171.3600,1.799864
FILLER_58_94,VPWR,li1,50.1400,171.3600,1.799871
FILLER_58_81,VPWR,li1,43.4700,171.3600,1.799890
FILLER_58_73,VPWR,li1,39.3300,171.3600,1.799904
FILLER_58_65,VPWR,li1,37.2600,171.3600,1.799911
FILLER_58_53,VPWR,li1,32.6600,171.3600,1.799927
FILLER_58_41,VPWR,li1,27.1400,171.3600,1.799946
FILLER_58_29,VPWR,li1,21.6200,171.3600,1.799965
FILLER_58_27,VPWR,li1,18.1700,171.3600,1.799965
FILLER_58_15,VPWR,li1,15.1800,171.3600,1.799965
FILLER_58_3,VPWR,li1,9.6600,171.3600,1.799965
FILLER_57_816,VPWR,li1,381.8000,165.9200,1.799686
FILLER_57_804,VPWR,li1,378.1200,165.9200,1.799689
FILLER_57_792,VPWR,li1,372.6000,165.9200,1.799692
FILLER_57_783,VPWR,li1,365.9300,165.9200,1.799700
FILLER_57_775,VPWR,li1,363.8600,165.9200,1.799704
FILLER_57_763,VPWR,li1,359.2600,165.9200,1.799713
FILLER_57_751,VPWR,li1,353.7400,165.9200,1.799738
FILLER_57_741,VPWR,li1,346.6100,165.9200,1.799766
FILLER_57_729,VPWR,li1,343.6200,165.9200,1.799786
FILLER_57_716,VPWR,li1,337.6400,165.9200,1.799811
FILLER_57_681,VPWR,li1,319.0100,165.9200,1.799806
FILLER_57_673,VPWR,li1,316.9400,165.9200,1.799793
FILLER_57_669,VPWR,li1,313.9500,165.9200,1.799767
FILLER_57_657,VPWR,li1,309.5800,165.9200,1.799746
FILLER_57_645,VPWR,li1,304.9800,165.9200,1.799733
FILLER_57_633,VPWR,li1,299.4600,165.9200,1.799708
FILLER_57_621,VPWR,li1,293.9400,165.9200,1.799683
FILLER_57_594,VPWR,li1,281.5200,165.9200,1.799643
FILLER_57_573,VPWR,li1,270.0200,165.9200,1.799612
FILLER_57_561,VPWR,li1,266.3400,165.9200,1.799606
FILLER_57_556,VPWR,li1,262.2000,165.9200,1.799597
FILLER_57_547,VPWR,li1,258.5200,165.9200,1.799593
FILLER_57_522,VPWR,li1,248.4000,165.9200,1.799577
FILLER_57_510,VPWR,li1,242.8800,165.9200,1.799570
FILLER_57_502,VPWR,li1,236.9000,165.9200,1.799561
FILLER_57_490,VPWR,li1,233.6800,165.9200,1.799557
FILLER_57_478,VPWR,li1,228.1600,165.9200,1.799549
FILLER_57_464,VPWR,li1,219.1900,165.9200,1.799548
FILLER_57_449,VPWR,li1,212.5200,165.9200,1.799577
FILLER_57_428,VPWR,li1,202.6300,165.9200,1.799628
FILLER_57_416,VPWR,li1,199.6400,165.9200,1.799643
FILLER_57_393,VPWR,li1,187.6800,165.9200,1.799725
FILLER_57_390,VPWR,li1,185.3800,165.9200,1.799750
FILLER_57_378,VPWR,li1,182.1600,165.9200,1.799805
FILLER_57_366,VPWR,li1,176.6400,165.9200,1.799867
FILLER_57_354,VPWR,li1,171.1200,165.9200,1.799858
FILLER_57_345,VPWR,li1,164.6800,165.9200,1.799848
FILLER_57_337,VPWR,li1,162.3800,165.9200,1.799843
FILLER_57_330,VPWR,li1,158.7000,165.9200,1.799837
FILLER_57_323,VPWR,li1,154.3300,165.9200,1.799829
FILLER_57_315,VPWR,li1,152.2600,165.9200,1.799826
FILLER_57_296,VPWR,li1,142.3700,165.9200,1.799810
FILLER_57_281,VPWR,li1,136.6200,165.9200,1.799800
FILLER_57_276,VPWR,li1,133.4000,165.9200,1.799797
FILLER_57_251,VPWR,li1,123.7400,165.9200,1.799783
FILLER_57_239,VPWR,li1,118.2200,165.9200,1.799776
FILLER_57_233,VPWR,li1,112.9300,165.9200,1.799774
FILLER_57_225,VPWR,li1,110.8600,165.9200,1.799776
FILLER_57_220,VPWR,li1,107.6400,165.9200,1.799779
FILLER_57_199,VPWR,li1,97.2900,165.9200,1.799789
FILLER_57_193,VPWR,li1,95.6800,165.9200,1.799791
FILLER_57_181,VPWR,li1,91.5400,165.9200,1.799796
FILLER_57_169,VPWR,li1,86.0200,165.9200,1.799803
FILLER_57_167,VPWR,li1,82.5700,165.9200,1.799806
FILLER_57_154,VPWR,li1,76.5900,165.9200,1.799813
FILLER_57_138,VPWR,li1,69.6900,165.9200,1.799823
FILLER_57_126,VPWR,li1,66.2400,165.9200,1.799829
FILLER_57_121,VPWR,li1,61.6400,165.9200,1.799837
FILLER_57_113,VPWR,li1,59.3400,165.9200,1.799842
FILLER_57_111,VPWR,li1,56.8100,165.9200,1.799851
FILLER_57_107,VPWR,li1,55.6600,165.9200,1.799851
FILLER_57_95,VPWR,li1,49.4500,165.9200,1.799868
FILLER_57_83,VPWR,li1,46.4600,165.9200,1.799878
FILLER_57_69,VPWR,li1,37.7200,165.9200,1.799906
FILLER_57_57,VPWR,li1,34.5000,165.9200,1.799917
FILLER_57_55,VPWR,li1,31.0500,165.9200,1.799933
FILLER_57_51,VPWR,li1,29.9000,165.9200,1.799933
FILLER_57_39,VPWR,li1,26.2200,165.9200,1.799946
FILLER_57_27,VPWR,li1,20.7000,165.9200,1.799965
FILLER_57_15,VPWR,li1,15.1800,165.9200,1.799965
FILLER_57_3,VPWR,li1,9.6600,165.9200,1.799965
FILLER_56_813,VPWR,li1,381.3400,165.9200,1.799686
FILLER_56_804,VPWR,li1,377.2000,165.9200,1.799689
FILLER_56_792,VPWR,li1,372.6000,165.9200,1.799692
FILLER_56_785,VPWR,li1,366.8500,165.9200,1.799697
FILLER_56_777,VPWR,li1,363.1700,165.9200,1.799704
FILLER_56_763,VPWR,li1,356.7300,165.9200,1.799722
FILLER_56_757,VPWR,li1,354.4300,165.9200,1.799730
FILLER_56_753,VPWR,li1,352.5900,165.9200,1.799738
FILLER_56_732,VPWR,li1,342.4700,165.9200,1.799786
FILLER_56_720,VPWR,li1,339.4800,165.9200,1.799802
FILLER_56_708,VPWR,li1,333.9600,165.9200,1.799831
FILLER_56_681,VPWR,li1,319.0100,165.9200,1.799806
FILLER_56_657,VPWR,li1,307.9700,165.9200,1.799746
FILLER_56_645,VPWR,li1,304.9800,165.9200,1.799733
FILLER_56_643,VPWR,li1,301.5300,165.9200,1.799717
FILLER_56_624,VPWR,li1,293.2500,165.9200,1.799683
FILLER_56_612,VPWR,li1,289.8000,165.9200,1.799668
FILLER_56_601,VPWR,li1,282.9000,165.9200,1.799643
FILLER_56_589,VPWR,li1,279.2200,165.9200,1.799636
FILLER_56_586,VPWR,li1,275.5400,165.9200,1.799622
FILLER_56_582,VPWR,li1,273.4700,165.9200,1.799616
FILLER_56_576,VPWR,li1,271.8600,165.9200,1.799616
FILLER_56_564,VPWR,li1,267.7200,165.9200,1.799606
FILLER_56_552,VPWR,li1,262.2000,165.9200,1.799597
FILLER_56_540,VPWR,li1,256.6800,165.9200,1.799589
FILLER_56_531,VPWR,li1,250.0100,165.9200,1.799580
FILLER_56_523,VPWR,li1,247.9400,165.9200,1.799577
FILLER_56_505,VPWR,li1,238.0500,165.9200,1.799563
FILLER_56_493,VPWR,li1,232.5300,165.9200,1.799554
FILLER_56_489,VPWR,li1,231.3800,165.9200,1.799554
FILLER_56_477,VPWR,li1,227.7000,165.9200,1.799549
FILLER_56_475,VPWR,li1,224.2500,165.9200,1.799545
FILLER_56_467,VPWR,li1,222.1800,165.9200,1.799542
FILLER_56_455,VPWR,li1,216.2000,165.9200,1.799557
FILLER_56_446,VPWR,li1,211.1400,165.9200,1.799577
FILLER_56_437,VPWR,li1,207.2300,165.9200,1.799595
FILLER_56_429,VPWR,li1,203.3200,165.9200,1.799616
FILLER_56_421,VPWR,li1,201.0200,165.9200,1.799628
FILLER_56_418,VPWR,li1,198.2600,165.9200,1.799643
FILLER_56_410,VPWR,li1,194.3500,165.9200,1.799666
FILLER_56_389,VPWR,li1,186.3000,165.9200,1.799750
FILLER_56_376,VPWR,li1,178.7100,165.9200,1.799839
FILLER_56_372,VPWR,li1,177.5600,165.9200,1.799839
FILLER_56_352,VPWR,li1,170.2000,165.9200,1.799858
FILLER_56_336,VPWR,li1,161.0000,165.9200,1.799840
FILLER_56_321,VPWR,li1,153.4100,165.9200,1.799826
FILLER_56_309,VPWR,li1,150.4200,165.9200,1.799823
FILLER_56_289,VPWR,li1,140.3000,165.9200,1.799807
FILLER_56_282,VPWR,li1,135.4700,165.9200,1.799800
FILLER_56_274,VPWR,li1,133.4000,165.9200,1.799797
FILLER_56_251,VPWR,li1,121.2100,165.9200,1.799780
FILLER_56_229,VPWR,li1,111.5500,165.9200,1.799776
FILLER_56_221,VPWR,li1,109.0200,165.9200,1.799779
FILLER_56_205,VPWR,li1,100.2800,165.9200,1.799787
FILLER_56_197,VPWR,li1,97.9800,165.9200,1.799789
FILLER_56_195,VPWR,li1,95.4500,165.9200,1.799791
FILLER_56_187,VPWR,li1,93.3800,165.9200,1.799793
FILLER_56_171,VPWR,li1,84.4100,165.9200,1.799803
FILLER_56_159,VPWR,li1,81.4200,165.9200,1.799809
FILLER_56_147,VPWR,li1,73.3700,165.9200,1.799820
FILLER_56_141,VPWR,li1,71.7600,165.9200,1.799820
FILLER_56_139,VPWR,li1,69.6900,165.9200,1.799823
FILLER_56_131,VPWR,li1,67.6200,165.9200,1.799829
FILLER_56_123,VPWR,li1,62.3300,165.9200,1.799837
FILLER_56_115,VPWR,li1,60.2600,165.9200,1.799842
FILLER_56_92,VPWR,li1,50.6000,165.9200,1.799868
FILLER_56_77,VPWR,li1,41.1700,165.9200,1.799899
FILLER_56_65,VPWR,li1,38.1800,165.9200,1.799906
FILLER_56_53,VPWR,li1,32.6600,165.9200,1.799924
FILLER_56_41,VPWR,li1,27.1400,165.9200,1.799946
FILLER_56_29,VPWR,li1,21.6200,165.9200,1.799965
FILLER_56_27,VPWR,li1,18.1700,165.9200,1.799965
FILLER_56_15,VPWR,li1,15.1800,165.9200,1.799965
FILLER_56_3,VPWR,li1,9.6600,165.9200,1.799965
FILLER_55_818,VPWR,li1,383.1800,160.4800,1.799760
FILLER_55_792,VPWR,li1,371.2200,160.4800,1.799764
FILLER_55_780,VPWR,li1,365.2400,160.4800,1.799769
FILLER_55_752,VPWR,li1,352.3600,160.4800,1.799793
FILLER_55_741,VPWR,li1,347.0700,160.4800,1.799809
FILLER_55_716,VPWR,li1,336.7200,160.4800,1.799846
FILLER_55_710,VPWR,li1,332.3500,160.4800,1.799866
FILLER_55_701,VPWR,li1,328.4400,160.4800,1.799881
FILLER_55_689,VPWR,li1,325.2200,160.4800,1.799861
FILLER_55_677,VPWR,li1,319.7000,160.4800,1.799817
FILLER_55_670,VPWR,li1,314.1800,160.4800,1.799773
FILLER_55_645,VPWR,li1,302.4500,160.4800,1.799676
FILLER_55_641,VPWR,li1,301.3000,160.4800,1.799676
FILLER_55_629,VPWR,li1,297.6200,160.4800,1.799646
FILLER_55_617,VPWR,li1,292.1000,160.4800,1.799621
FILLER_55_615,VPWR,li1,288.6500,160.4800,1.799602
FILLER_55_609,VPWR,li1,287.0400,160.4800,1.799602
FILLER_55_597,VPWR,li1,282.9000,160.4800,1.799583
FILLER_55_576,VPWR,li1,271.4000,160.4800,1.799552
FILLER_55_544,VPWR,li1,257.1400,160.4800,1.799555
FILLER_55_519,VPWR,li1,244.4900,160.4800,1.799566
FILLER_55_490,VPWR,li1,231.8400,160.4800,1.799586
FILLER_55_475,VPWR,li1,224.2500,160.4800,1.799622
FILLER_55_471,VPWR,li1,223.1000,160.4800,1.799622
FILLER_55_449,VPWR,li1,212.7500,160.4800,1.799681
FILLER_55_447,VPWR,li1,211.3700,160.4800,1.799691
FILLER_55_420,VPWR,li1,200.1000,160.4800,1.799756
FILLER_55_391,VPWR,li1,185.6100,160.4800,1.799836
FILLER_55_383,VPWR,li1,183.5400,160.4800,1.799849
FILLER_55_375,VPWR,li1,178.2500,160.4800,1.799894
FILLER_55_371,VPWR,li1,177.1000,160.4800,1.799894
FILLER_55_361,VPWR,li1,172.2700,160.4800,1.799909
FILLER_55_341,VPWR,li1,162.6100,160.4800,1.799900
FILLER_55_337,VPWR,li1,161.4600,160.4800,1.799898
FILLER_55_335,VPWR,li1,159.8500,160.4800,1.799896
FILLER_55_329,VPWR,li1,158.2400,160.4800,1.799896
FILLER_55_319,VPWR,li1,152.7200,160.4800,1.799893
FILLER_55_311,VPWR,li1,150.4200,160.4800,1.799891
FILLER_55_304,VPWR,li1,146.0500,160.4800,1.799889
FILLER_55_296,VPWR,li1,143.5200,160.4800,1.799888
FILLER_55_288,VPWR,li1,138.2300,160.4800,1.799886
FILLER_55_277,VPWR,li1,133.6300,160.4800,1.799885
FILLER_55_269,VPWR,li1,131.1000,160.4800,1.799884
FILLER_55_261,VPWR,li1,126.0400,160.4800,1.799883
FILLER_55_253,VPWR,li1,123.7400,160.4800,1.799883
FILLER_55_243,VPWR,li1,117.9900,160.4800,1.799882
FILLER_55_233,VPWR,li1,113.1600,160.4800,1.799882
FILLER_55_225,VPWR,li1,110.8600,160.4800,1.799882
FILLER_55_216,VPWR,li1,106.7200,160.4800,1.799882
FILLER_55_202,VPWR,li1,98.6700,160.4800,1.799883
FILLER_55_188,VPWR,li1,92.2300,160.4800,1.799885
FILLER_55_160,VPWR,li1,80.9600,160.4800,1.799890
FILLER_55_148,VPWR,li1,76.3600,160.4800,1.799893
FILLER_55_144,VPWR,li1,71.9900,160.4800,1.799895
FILLER_55_140,VPWR,li1,70.8400,160.4800,1.799896
FILLER_55_134,VPWR,li1,67.8500,160.4800,1.799898
FILLER_55_126,VPWR,li1,65.3200,160.4800,1.799900
FILLER_55_113,VPWR,li1,58.4200,160.4800,1.799909
FILLER_55_111,VPWR,li1,56.8100,160.4800,1.799909
FILLER_55_105,VPWR,li1,55.2000,160.4800,1.799912
FILLER_55_93,VPWR,li1,51.0600,160.4800,1.799918
FILLER_55_81,VPWR,li1,45.5400,160.4800,1.799928
FILLER_55_69,VPWR,li1,40.0200,160.4800,1.799937
FILLER_55_57,VPWR,li1,34.5000,160.4800,1.799949
FILLER_55_55,VPWR,li1,31.0500,160.4800,1.799957
FILLER_55_43,VPWR,li1,28.0600,160.4800,1.799966
FILLER_55_31,VPWR,li1,22.5400,160.4800,1.799978
FILLER_55_19,VPWR,li1,17.0200,160.4800,1.799977
FILLER_55_7,VPWR,li1,11.5000,160.4800,1.799977
FILLER_54_813,VPWR,li1,379.7300,160.4800,1.799760
FILLER_54_811,VPWR,li1,378.8100,160.4800,1.799760
FILLER_54_799,VPWR,li1,375.8200,160.4800,1.799760
FILLER_54_787,VPWR,li1,370.3000,160.4800,1.799764
FILLER_54_775,VPWR,li1,364.7800,160.4800,1.799769
FILLER_54_757,VPWR,li1,355.5800,160.4800,1.799784
FILLER_54_755,VPWR,li1,353.0500,160.4800,1.799793
FILLER_54_747,VPWR,li1,350.9800,160.4800,1.799801
FILLER_54_735,VPWR,li1,346.3800,160.4800,1.799816
FILLER_54_716,VPWR,li1,335.3400,160.4800,1.799857
FILLER_54_701,VPWR,li1,328.4400,160.4800,1.799881
FILLER_54_696,VPWR,li1,326.6000,160.4800,1.799861
FILLER_54_684,VPWR,li1,322.9200,160.4800,1.799842
FILLER_54_672,VPWR,li1,317.4000,160.4800,1.799787
FILLER_54_660,VPWR,li1,311.8800,160.4800,1.799755
FILLER_54_653,VPWR,li1,306.1300,160.4800,1.799712
FILLER_54_645,VPWR,li1,304.0600,160.4800,1.799696
FILLER_54_640,VPWR,li1,300.8400,160.4800,1.799661
FILLER_54_621,VPWR,li1,291.4100,160.4800,1.799621
FILLER_54_610,VPWR,li1,287.0400,160.4800,1.799602
FILLER_54_601,VPWR,li1,282.4400,160.4800,1.799583
FILLER_54_589,VPWR,li1,279.2200,160.4800,1.799567
FILLER_54_586,VPWR,li1,275.5400,160.4800,1.799559
FILLER_54_575,VPWR,li1,270.9400,160.4800,1.799552
FILLER_54_563,VPWR,li1,267.2600,160.4800,1.799551
FILLER_54_551,VPWR,li1,261.7400,160.4800,1.799552
FILLER_54_539,VPWR,li1,256.2200,160.4800,1.799556
FILLER_54_520,VPWR,li1,247.4800,160.4800,1.799563
FILLER_54_509,VPWR,li1,241.0400,160.4800,1.799568
FILLER_54_497,VPWR,li1,236.9000,160.4800,1.799576
FILLER_54_491,VPWR,li1,231.8400,160.4800,1.799586
FILLER_54_477,VPWR,li1,225.4000,160.4800,1.799611
FILLER_54_475,VPWR,li1,224.2500,160.4800,1.799622
FILLER_54_471,VPWR,li1,223.1000,160.4800,1.799622
FILLER_54_463,VPWR,li1,218.7300,160.4800,1.799652
FILLER_54_454,VPWR,li1,215.0500,160.4800,1.799666
FILLER_54_446,VPWR,li1,212.5200,160.4800,1.799681
FILLER_54_421,VPWR,li1,199.8700,160.4800,1.799756
FILLER_54_419,VPWR,li1,198.4900,160.4800,1.799756
FILLER_54_413,VPWR,li1,196.8800,160.4800,1.799772
FILLER_54_398,VPWR,li1,189.2900,160.4800,1.799812
FILLER_54_390,VPWR,li1,186.7600,160.4800,1.799836
FILLER_54_374,VPWR,li1,178.9400,160.4800,1.799880
FILLER_54_353,VPWR,li1,168.1300,160.4800,1.799905
FILLER_54_345,VPWR,li1,166.0600,160.4800,1.799903
FILLER_54_331,VPWR,li1,158.2400,160.4800,1.799896
FILLER_54_319,VPWR,li1,155.0200,160.4800,1.799894
FILLER_54_309,VPWR,li1,148.3500,160.4800,1.799890
FILLER_54_289,VPWR,li1,141.2200,160.4800,1.799887
FILLER_54_279,VPWR,li1,134.3200,160.4800,1.799885
FILLER_54_267,VPWR,li1,131.1000,160.4800,1.799884
FILLER_54_253,VPWR,li1,123.7400,160.4800,1.799883
FILLER_54_251,VPWR,li1,121.2100,160.4800,1.799883
FILLER_54_243,VPWR,li1,119.1400,160.4800,1.799882
FILLER_54_234,VPWR,li1,113.6200,160.4800,1.799882
FILLER_54_222,VPWR,li1,110.4000,160.4800,1.799882
FILLER_54_209,VPWR,li1,102.1200,160.4800,1.799883
FILLER_54_197,VPWR,li1,98.9000,160.4800,1.799883
FILLER_54_184,VPWR,li1,92.9200,160.4800,1.799885
FILLER_54_179,VPWR,li1,88.0900,160.4800,1.799887
FILLER_54_163,VPWR,li1,82.3400,160.4800,1.799890
FILLER_54_154,VPWR,li1,76.8200,160.4800,1.799892
FILLER_54_147,VPWR,li1,73.3700,160.4800,1.799895
FILLER_54_136,VPWR,li1,68.3100,160.4800,1.799898
FILLER_54_125,VPWR,li1,63.9400,160.4800,1.799902
FILLER_54_113,VPWR,li1,60.2600,160.4800,1.799904
FILLER_54_101,VPWR,li1,54.7400,160.4800,1.799912
FILLER_54_65,VPWR,li1,38.1800,160.4800,1.799941
FILLER_54_53,VPWR,li1,32.6600,160.4800,1.799957
FILLER_54_41,VPWR,li1,27.1400,160.4800,1.799966
FILLER_54_29,VPWR,li1,21.6200,160.4800,1.799978
FILLER_54_27,VPWR,li1,18.1700,160.4800,1.799977
FILLER_54_15,VPWR,li1,15.1800,160.4800,1.799977
FILLER_54_3,VPWR,li1,9.6600,160.4800,1.799977
FILLER_53_817,VPWR,li1,382.0300,155.0400,1.799820
FILLER_53_809,VPWR,li1,379.5000,155.0400,1.799822
FILLER_53_797,VPWR,li1,374.9000,155.0400,1.799824
FILLER_53_785,VPWR,li1,369.3800,155.0400,1.799828
FILLER_53_783,VPWR,li1,365.9300,155.0400,1.799831
FILLER_53_777,VPWR,li1,364.3200,155.0400,1.799831
FILLER_53_765,VPWR,li1,360.1800,155.0400,1.799836
FILLER_53_729,VPWR,li1,342.7000,155.0400,1.799879
FILLER_53_722,VPWR,li1,339.0200,155.0400,1.799898
FILLER_53_710,VPWR,li1,334.8800,155.0400,1.799916
FILLER_53_690,VPWR,li1,323.1500,155.0400,1.799922
FILLER_53_683,VPWR,li1,320.1600,155.0400,1.799917
FILLER_53_679,VPWR,li1,318.0900,155.0400,1.799913
FILLER_53_673,VPWR,li1,316.4800,155.0400,1.799910
FILLER_53_671,VPWR,li1,314.4100,155.0400,1.799906
FILLER_53_665,VPWR,li1,312.8000,155.0400,1.799906
FILLER_53_653,VPWR,li1,308.6600,155.0400,1.799898
FILLER_53_641,VPWR,li1,303.1400,155.0400,1.799889
FILLER_53_629,VPWR,li1,297.6200,155.0400,1.799881
FILLER_53_623,VPWR,li1,292.7900,155.0400,1.799872
FILLER_53_617,VPWR,li1,289.8000,155.0400,1.799870
FILLER_53_613,VPWR,li1,288.1900,155.0400,1.799866
FILLER_53_600,VPWR,li1,282.2100,155.0400,1.799861
FILLER_53_589,VPWR,li1,277.3800,155.0400,1.799854
FILLER_53_577,VPWR,li1,273.7000,155.0400,1.799852
FILLER_53_568,VPWR,li1,267.2600,155.0400,1.799845
FILLER_53_554,VPWR,li1,260.5900,155.0400,1.799840
FILLER_53_548,VPWR,li1,258.9800,155.0400,1.799838
FILLER_53_529,VPWR,li1,249.0900,155.0400,1.799832
FILLER_53_517,VPWR,li1,246.1000,155.0400,1.799831
FILLER_53_505,VPWR,li1,240.5800,155.0400,1.799828
FILLER_53_503,VPWR,li1,237.1300,155.0400,1.799826
FILLER_53_497,VPWR,li1,235.5200,155.0400,1.799826
FILLER_53_485,VPWR,li1,231.3800,155.0400,1.799828
FILLER_53_473,VPWR,li1,225.8600,155.0400,1.799834
FILLER_53_461,VPWR,li1,220.3400,155.0400,1.799839
FILLER_53_449,VPWR,li1,214.8200,155.0400,1.799846
FILLER_53_440,VPWR,li1,209.7600,155.0400,1.799851
FILLER_53_427,VPWR,li1,203.3200,155.0400,1.799859
FILLER_53_417,VPWR,li1,198.2600,155.0400,1.799869
FILLER_53_405,VPWR,li1,194.5800,155.0400,1.799873
FILLER_53_393,VPWR,li1,189.0600,155.0400,1.799882
FILLER_53_390,VPWR,li1,185.3800,155.0400,1.799888
FILLER_53_382,VPWR,li1,183.0800,155.0400,1.799895
FILLER_53_370,VPWR,li1,178.4800,155.0400,1.799900
FILLER_53_358,VPWR,li1,172.9600,155.0400,1.799875
FILLER_53_344,VPWR,li1,163.9900,155.0400,1.799816
FILLER_53_337,VPWR,li1,160.7700,155.0400,1.799784
FILLER_53_334,VPWR,li1,159.6200,155.0400,1.799784
FILLER_53_322,VPWR,li1,156.4000,155.0400,1.799761
FILLER_53_310,VPWR,li1,150.8800,155.0400,1.799731
FILLER_53_301,VPWR,li1,144.6700,155.0400,1.799702
FILLER_53_293,VPWR,li1,142.1400,155.0400,1.799691
FILLER_53_281,VPWR,li1,137.5400,155.0400,1.799669
FILLER_53_274,VPWR,li1,132.9400,155.0400,1.799650
FILLER_53_264,VPWR,li1,127.6500,155.0400,1.799628
FILLER_53_256,VPWR,li1,123.5100,155.0400,1.799611
FILLER_53_252,VPWR,li1,122.3600,155.0400,1.799610
FILLER_53_240,VPWR,li1,118.6800,155.0400,1.799609
FILLER_53_233,VPWR,li1,112.9300,155.0400,1.799611
FILLER_53_225,VPWR,li1,110.8600,155.0400,1.799615
FILLER_53_220,VPWR,li1,107.6400,155.0400,1.799618
FILLER_53_208,VPWR,li1,103.9600,155.0400,1.799623
FILLER_53_196,VPWR,li1,98.4400,155.0400,1.799633
FILLER_53_188,VPWR,li1,92.2300,155.0400,1.799644
FILLER_53_176,VPWR,li1,89.2400,155.0400,1.799656
FILLER_53_151,VPWR,li1,75.9000,155.0400,1.799704
FILLER_53_146,VPWR,li1,72.9100,155.0400,1.799721
FILLER_53_138,VPWR,li1,69.6900,155.0400,1.799729
FILLER_53_123,VPWR,li1,62.3300,155.0400,1.799758
FILLER_53_119,VPWR,li1,60.4900,155.0400,1.799765
FILLER_53_113,VPWR,li1,58.8800,155.0400,1.799779
FILLER_53_110,VPWR,li1,56.5800,155.0400,1.799787
FILLER_53_100,VPWR,li1,51.9800,155.0400,1.799810
FILLER_53_88,VPWR,li1,48.7600,155.0400,1.799824
FILLER_53_81,VPWR,li1,43.7000,155.0400,1.799849
FILLER_53_69,VPWR,li1,40.0200,155.0400,1.799860
FILLER_53_57,VPWR,li1,34.5000,155.0400,1.799886
FILLER_53_55,VPWR,li1,31.0500,155.0400,1.799908
FILLER_53_51,VPWR,li1,29.9000,155.0400,1.799908
FILLER_53_39,VPWR,li1,26.2200,155.0400,1.799926
FILLER_53_27,VPWR,li1,20.7000,155.0400,1.799952
FILLER_53_15,VPWR,li1,15.1800,155.0400,1.799952
FILLER_53_3,VPWR,li1,9.6600,155.0400,1.799952
FILLER_52_819,VPWR,li1,382.4900,155.0400,1.799820
FILLER_52_813,VPWR,li1,380.8800,155.0400,1.799820
FILLER_52_809,VPWR,li1,378.3500,155.0400,1.799822
FILLER_52_801,VPWR,li1,375.8200,155.0400,1.799824
FILLER_52_789,VPWR,li1,371.2200,155.0400,1.799827
FILLER_52_777,VPWR,li1,365.7000,155.0400,1.799831
FILLER_52_769,VPWR,li1,359.4900,155.0400,1.799836
FILLER_52_757,VPWR,li1,356.5000,155.0400,1.799841
FILLER_52_753,VPWR,li1,352.5900,155.0400,1.799852
FILLER_52_748,VPWR,li1,349.8300,155.0400,1.799859
FILLER_52_741,VPWR,li1,347.0700,155.0400,1.799864
FILLER_52_729,VPWR,li1,343.6200,155.0400,1.799879
FILLER_52_717,VPWR,li1,335.8000,155.0400,1.799906
FILLER_52_709,VPWR,li1,333.5000,155.0400,1.799916
FILLER_52_694,VPWR,li1,326.1400,155.0400,1.799930
FILLER_52_672,VPWR,li1,314.8700,155.0400,1.799910
FILLER_52_666,VPWR,li1,313.2600,155.0400,1.799906
FILLER_52_653,VPWR,li1,306.1300,155.0400,1.799895
FILLER_52_645,VPWR,li1,302.4500,155.0400,1.799889
FILLER_52_630,VPWR,li1,297.1600,155.0400,1.799881
FILLER_52_615,VPWR,li1,291.1800,155.0400,1.799872
FILLER_52_589,VPWR,li1,277.1500,155.0400,1.799854
FILLER_52_587,VPWR,li1,275.7700,155.0400,1.799854
FILLER_52_581,VPWR,li1,274.1600,155.0400,1.799852
FILLER_52_569,VPWR,li1,270.0200,155.0400,1.799847
FILLER_52_546,VPWR,li1,257.3700,155.0400,1.799837
FILLER_52_537,VPWR,li1,253.9200,155.0400,1.799834
FILLER_52_531,VPWR,li1,250.0100,155.0400,1.799833
FILLER_52_523,VPWR,li1,246.3300,155.0400,1.799831
FILLER_52_515,VPWR,li1,244.2600,155.0400,1.799830
FILLER_52_498,VPWR,li1,237.3600,155.0400,1.799827
FILLER_52_481,VPWR,li1,227.0100,155.0400,1.799831
FILLER_52_477,VPWR,li1,225.8600,155.0400,1.799834
FILLER_52_468,VPWR,li1,222.6400,155.0400,1.799836
FILLER_52_456,VPWR,li1,218.0400,155.0400,1.799841
FILLER_52_446,VPWR,li1,211.3700,155.0400,1.799849
FILLER_52_419,VPWR,li1,198.4900,155.0400,1.799869
FILLER_52_413,VPWR,li1,196.8800,155.0400,1.799869
FILLER_52_401,VPWR,li1,192.7400,155.0400,1.799876
FILLER_52_389,VPWR,li1,187.2200,155.0400,1.799885
FILLER_52_377,VPWR,li1,181.7000,155.0400,1.799895
FILLER_52_365,VPWR,li1,176.1800,155.0400,1.799905
FILLER_52_358,VPWR,li1,171.5800,155.0400,1.799875
FILLER_52_346,VPWR,li1,167.4400,155.0400,1.799830
FILLER_52_334,VPWR,li1,161.9200,155.0400,1.799801
FILLER_52_313,VPWR,li1,149.7300,155.0400,1.799721
FILLER_52_309,VPWR,li1,148.5800,155.0400,1.799721
FILLER_52_304,VPWR,li1,146.2800,155.0400,1.799702
FILLER_52_292,VPWR,li1,142.6000,155.0400,1.799691
FILLER_52_270,VPWR,li1,131.1000,155.0400,1.799637
FILLER_52_246,VPWR,li1,120.0600,155.0400,1.799609
FILLER_52_228,VPWR,li1,111.0900,155.0400,1.799615
FILLER_52_215,VPWR,li1,105.1100,155.0400,1.799623
FILLER_52_203,VPWR,li1,101.6600,155.0400,1.799627
FILLER_52_197,VPWR,li1,96.3700,155.0400,1.799636
FILLER_52_193,VPWR,li1,94.9900,155.0400,1.799639
FILLER_52_183,VPWR,li1,90.6200,155.0400,1.799656
FILLER_52_174,VPWR,li1,85.7900,155.0400,1.799671
FILLER_52_166,VPWR,li1,83.7200,155.0400,1.799677
FILLER_52_161,VPWR,li1,80.0400,155.0400,1.799689
FILLER_52_153,VPWR,li1,77.7400,155.0400,1.799697
FILLER_52_141,VPWR,li1,73.1400,155.0400,1.799721
FILLER_52_139,VPWR,li1,69.6900,155.0400,1.799729
FILLER_52_131,VPWR,li1,67.6200,155.0400,1.799738
FILLER_52_124,VPWR,li1,63.0200,155.0400,1.799758
FILLER_52_113,VPWR,li1,57.7300,155.0400,1.799779
FILLER_52_101,VPWR,li1,54.7400,155.0400,1.799795
FILLER_52_97,VPWR,li1,50.3700,155.0400,1.799810
FILLER_52_85,VPWR,li1,47.3800,155.0400,1.799824
FILLER_52_83,VPWR,li1,43.9300,155.0400,1.799849
FILLER_52_77,VPWR,li1,42.3200,155.0400,1.799849
FILLER_52_65,VPWR,li1,38.1800,155.0400,1.799868
FILLER_52_53,VPWR,li1,32.6600,155.0400,1.799895
FILLER_52_41,VPWR,li1,27.1400,155.0400,1.799926
FILLER_52_29,VPWR,li1,21.6200,155.0400,1.799952
FILLER_52_27,VPWR,li1,18.1700,155.0400,1.799952
FILLER_52_15,VPWR,li1,15.1800,155.0400,1.799952
FILLER_52_3,VPWR,li1,9.6600,155.0400,1.799952
FILLER_51_797,VPWR,li1,373.0600,149.6000,1.799625
FILLER_51_785,VPWR,li1,369.3800,149.6000,1.799630
FILLER_51_776,VPWR,li1,364.3200,149.6000,1.799637
FILLER_51_744,VPWR,li1,350.5200,149.6000,1.799679
FILLER_51_732,VPWR,li1,345.0000,149.6000,1.799721
FILLER_51_718,VPWR,li1,336.0300,149.6000,1.799800
FILLER_51_714,VPWR,li1,334.8800,149.6000,1.799800
FILLER_51_702,VPWR,li1,331.2000,149.6000,1.799829
FILLER_51_673,VPWR,li1,315.3300,149.6000,1.799768
FILLER_51_671,VPWR,li1,314.4100,149.6000,1.799768
FILLER_51_667,VPWR,li1,313.2600,149.6000,1.799754
FILLER_51_655,VPWR,li1,307.2800,149.6000,1.799725
FILLER_51_644,VPWR,li1,302.2200,149.6000,1.799703
FILLER_51_636,VPWR,li1,299.9200,149.6000,1.799693
FILLER_51_617,VPWR,li1,292.1000,149.6000,1.799653
FILLER_51_615,VPWR,li1,288.6500,149.6000,1.799635
FILLER_51_609,VPWR,li1,287.0400,149.6000,1.799622
FILLER_51_594,VPWR,li1,279.6800,149.6000,1.799590
FILLER_51_582,VPWR,li1,276.0000,149.6000,1.799566
FILLER_51_573,VPWR,li1,269.7900,149.6000,1.799538
FILLER_51_561,VPWR,li1,266.3400,149.6000,1.799524
FILLER_51_559,VPWR,li1,262.8900,149.6000,1.799501
FILLER_51_555,VPWR,li1,261.7400,149.6000,1.799501
FILLER_51_543,VPWR,li1,258.0600,149.6000,1.799483
FILLER_51_537,VPWR,li1,252.7700,149.6000,1.799457
FILLER_51_531,VPWR,li1,250.0100,149.6000,1.799436
FILLER_51_525,VPWR,li1,248.4000,149.6000,1.799436
FILLER_51_505,VPWR,li1,238.0500,149.6000,1.799383
FILLER_51_503,VPWR,li1,237.1300,149.6000,1.799383
FILLER_51_473,VPWR,li1,223.3300,149.6000,1.799364
FILLER_51_453,VPWR,li1,214.3600,149.6000,1.799401
FILLER_51_447,VPWR,li1,211.3700,149.6000,1.799419
FILLER_51_443,VPWR,li1,210.2200,149.6000,1.799419
FILLER_51_437,VPWR,li1,206.7700,149.6000,1.799447
FILLER_51_431,VPWR,li1,205.1600,149.6000,1.799460
FILLER_51_387,VPWR,li1,183.7700,149.6000,1.799651
FILLER_51_364,VPWR,li1,173.1900,149.6000,1.799747
FILLER_51_358,VPWR,li1,170.8900,149.6000,1.799723
FILLER_51_350,VPWR,li1,168.3600,149.6000,1.799695
FILLER_51_322,VPWR,li1,153.8700,149.6000,1.799594
FILLER_51_299,VPWR,li1,143.2900,149.6000,1.799577
FILLER_51_293,VPWR,li1,141.6800,149.6000,1.799577
FILLER_51_285,VPWR,li1,136.8500,149.6000,1.799572
FILLER_51_281,VPWR,li1,135.7000,149.6000,1.799570
FILLER_51_278,VPWR,li1,133.8600,149.6000,1.799569
FILLER_51_266,VPWR,li1,130.6400,149.6000,1.799567
FILLER_51_254,VPWR,li1,125.1200,149.6000,1.799565
FILLER_51_232,VPWR,li1,112.9300,149.6000,1.799564
FILLER_51_216,VPWR,li1,105.3400,149.6000,1.799570
FILLER_51_208,VPWR,li1,103.0400,149.6000,1.799572
FILLER_51_198,VPWR,li1,97.2900,149.6000,1.799582
FILLER_51_190,VPWR,li1,93.1500,149.6000,1.799593
FILLER_51_178,VPWR,li1,90.1600,149.6000,1.799608
FILLER_51_169,VPWR,li1,84.6400,149.6000,1.799627
FILLER_51_160,VPWR,li1,80.9600,149.6000,1.799641
FILLER_51_148,VPWR,li1,76.3600,149.6000,1.799661
FILLER_51_136,VPWR,li1,70.8400,149.6000,1.799683
FILLER_51_124,VPWR,li1,63.4800,149.6000,1.799708
FILLER_51_113,VPWR,li1,58.8800,149.6000,1.799729
FILLER_51_110,VPWR,li1,56.5800,149.6000,1.799739
FILLER_51_95,VPWR,li1,49.4500,149.6000,1.799775
FILLER_51_86,VPWR,li1,45.5400,149.6000,1.799796
FILLER_51_77,VPWR,li1,41.4000,149.6000,1.799821
FILLER_51_69,VPWR,li1,39.1000,149.6000,1.799840
FILLER_51_57,VPWR,li1,34.5000,149.6000,1.799862
FILLER_51_55,VPWR,li1,31.0500,149.6000,1.799883
FILLER_51_43,VPWR,li1,28.0600,149.6000,1.799906
FILLER_51_31,VPWR,li1,22.5400,149.6000,1.799939
FILLER_51_19,VPWR,li1,17.0200,149.6000,1.799939
FILLER_51_7,VPWR,li1,11.5000,149.6000,1.799939
FILLER_50_819,VPWR,li1,382.4900,149.6000,1.799615
FILLER_50_813,VPWR,li1,380.8800,149.6000,1.799615
FILLER_50_809,VPWR,li1,378.3500,149.6000,1.799617
FILLER_50_801,VPWR,li1,375.8200,149.6000,1.799621
FILLER_50_789,VPWR,li1,371.2200,149.6000,1.799627
FILLER_50_777,VPWR,li1,365.7000,149.6000,1.799637
FILLER_50_765,VPWR,li1,360.1800,149.6000,1.799644
FILLER_50_757,VPWR,li1,354.2000,149.6000,1.799666
FILLER_50_735,VPWR,li1,343.8500,149.6000,1.799721
FILLER_50_727,VPWR,li1,340.1700,149.6000,1.799759
FILLER_50_723,VPWR,li1,339.0200,149.6000,1.799759
FILLER_50_717,VPWR,li1,335.5700,149.6000,1.799800
FILLER_50_713,VPWR,li1,334.4200,149.6000,1.799800
FILLER_50_701,VPWR,li1,330.7400,149.6000,1.799849
FILLER_50_699,VPWR,li1,327.2900,149.6000,1.799833
FILLER_50_695,VPWR,li1,326.1400,149.6000,1.799833
FILLER_50_681,VPWR,li1,319.7000,149.6000,1.799788
FILLER_50_669,VPWR,li1,316.0200,149.6000,1.799768
FILLER_50_657,VPWR,li1,310.5000,149.6000,1.799741
FILLER_50_645,VPWR,li1,304.9800,149.6000,1.799714
FILLER_50_643,VPWR,li1,301.5300,149.6000,1.799693
FILLER_50_639,VPWR,li1,300.3800,149.6000,1.799693
FILLER_50_625,VPWR,li1,294.8600,149.6000,1.799667
FILLER_50_613,VPWR,li1,290.2600,149.6000,1.799635
FILLER_50_605,VPWR,li1,284.2800,149.6000,1.799609
FILLER_50_593,VPWR,li1,281.0600,149.6000,1.799590
FILLER_50_557,VPWR,li1,264.5000,149.6000,1.799515
FILLER_50_545,VPWR,li1,258.9800,149.6000,1.799483
FILLER_50_533,VPWR,li1,253.4600,149.6000,1.799457
FILLER_50_530,VPWR,li1,249.7800,149.6000,1.799436
FILLER_50_518,VPWR,li1,246.5600,149.6000,1.799424
FILLER_50_501,VPWR,li1,237.3600,149.6000,1.799383
FILLER_50_488,VPWR,li1,230.6900,149.6000,1.799364
FILLER_50_477,VPWR,li1,225.8600,149.6000,1.799364
FILLER_50_475,VPWR,li1,224.2500,149.6000,1.799364
FILLER_50_469,VPWR,li1,222.6400,149.6000,1.799364
FILLER_50_457,VPWR,li1,218.5000,149.6000,1.799364
FILLER_50_432,VPWR,li1,204.4700,149.6000,1.799460
FILLER_50_424,VPWR,li1,202.4000,149.6000,1.799475
FILLER_50_417,VPWR,li1,198.0300,149.6000,1.799507
FILLER_50_407,VPWR,li1,193.4300,149.6000,1.799540
FILLER_50_400,VPWR,li1,189.7500,149.6000,1.799575
FILLER_50_390,VPWR,li1,185.6100,149.6000,1.799628
FILLER_50_348,VPWR,li1,166.0600,149.6000,1.799674
FILLER_50_336,VPWR,li1,162.8400,149.6000,1.799642
FILLER_50_321,VPWR,li1,155.9400,149.6000,1.799600
FILLER_50_309,VPWR,li1,150.4200,149.6000,1.799589
FILLER_50_304,VPWR,li1,146.2800,149.6000,1.799580
FILLER_50_292,VPWR,li1,142.6000,149.6000,1.799577
FILLER_50_280,VPWR,li1,137.0800,149.6000,1.799572
FILLER_50_265,VPWR,li1,129.2600,149.6000,1.799567
FILLER_50_253,VPWR,li1,124.6600,149.6000,1.799565
FILLER_50_249,VPWR,li1,120.7500,149.6000,1.799562
FILLER_50_237,VPWR,li1,117.3000,149.6000,1.799562
FILLER_50_225,VPWR,li1,111.7800,149.6000,1.799565
FILLER_50_213,VPWR,li1,106.2600,149.6000,1.799570
FILLER_50_201,VPWR,li1,100.7400,149.6000,1.799576
FILLER_50_195,VPWR,li1,95.4500,149.6000,1.799588
FILLER_50_180,VPWR,li1,88.7800,149.6000,1.799608
FILLER_50_165,VPWR,li1,81.8800,149.6000,1.799634
FILLER_50_141,VPWR,li1,72.2200,149.6000,1.799672
FILLER_50_139,VPWR,li1,69.6900,149.6000,1.799683
FILLER_50_131,VPWR,li1,67.6200,149.6000,1.799692
FILLER_50_117,VPWR,li1,60.0300,149.6000,1.799729
FILLER_50_109,VPWR,li1,57.5000,149.6000,1.799739
FILLER_50_97,VPWR,li1,50.8300,149.6000,1.799775
FILLER_50_85,VPWR,li1,47.3800,149.6000,1.799786
FILLER_50_83,VPWR,li1,43.9300,149.6000,1.799809
FILLER_50_77,VPWR,li1,42.3200,149.6000,1.799821
FILLER_50_65,VPWR,li1,38.1800,149.6000,1.799840
FILLER_50_53,VPWR,li1,32.6600,149.6000,1.799883
FILLER_50_41,VPWR,li1,27.1400,149.6000,1.799906
FILLER_50_29,VPWR,li1,21.6200,149.6000,1.799939
FILLER_50_27,VPWR,li1,18.1700,149.6000,1.799939
FILLER_50_15,VPWR,li1,15.1800,149.6000,1.799939
FILLER_50_3,VPWR,li1,9.6600,149.6000,1.799939
FILLER_49_817,VPWR,li1,382.0300,144.1600,1.799425
FILLER_49_809,VPWR,li1,379.5000,144.1600,1.799425
FILLER_49_797,VPWR,li1,374.9000,144.1600,1.799426
FILLER_49_785,VPWR,li1,369.3800,144.1600,1.799426
FILLER_49_781,VPWR,li1,365.4700,144.1600,1.799426
FILLER_49_769,VPWR,li1,362.0200,144.1600,1.799431
FILLER_49_739,VPWR,li1,346.1500,144.1600,1.799535
FILLER_49_701,VPWR,li1,328.2100,144.1600,1.799800
FILLER_49_697,VPWR,li1,327.0600,144.1600,1.799800
FILLER_49_686,VPWR,li1,321.3100,144.1600,1.799790
FILLER_49_678,VPWR,li1,319.2400,144.1600,1.799790
FILLER_49_670,VPWR,li1,314.1800,144.1600,1.799789
FILLER_49_653,VPWR,li1,306.1300,144.1600,1.799790
FILLER_49_647,VPWR,li1,304.5200,144.1600,1.799790
FILLER_49_635,VPWR,li1,298.0800,144.1600,1.799790
FILLER_49_627,VPWR,li1,294.1700,144.1600,1.799791
FILLER_49_611,VPWR,li1,287.0400,144.1600,1.799793
FILLER_49_601,VPWR,li1,282.6700,144.1600,1.799794
FILLER_49_591,VPWR,li1,278.0700,144.1600,1.799797
FILLER_49_583,VPWR,li1,275.5400,144.1600,1.799798
FILLER_49_574,VPWR,li1,270.0200,144.1600,1.799801
FILLER_49_557,VPWR,li1,262.4300,144.1600,1.799806
FILLER_49_548,VPWR,li1,258.0600,144.1600,1.799810
FILLER_49_540,VPWR,li1,255.7600,144.1600,1.799812
FILLER_49_528,VPWR,li1,251.1600,144.1600,1.799817
FILLER_49_523,VPWR,li1,246.3300,144.1600,1.799821
FILLER_49_517,VPWR,li1,244.7200,144.1600,1.799823
FILLER_49_505,VPWR,li1,240.5800,144.1600,1.799826
FILLER_49_501,VPWR,li1,236.6700,144.1600,1.799832
FILLER_49_489,VPWR,li1,233.2200,144.1600,1.799836
FILLER_49_479,VPWR,li1,227.2400,144.1600,1.799844
FILLER_49_473,VPWR,li1,223.3300,144.1600,1.799849
FILLER_49_461,VPWR,li1,220.3400,144.1600,1.799856
FILLER_49_449,VPWR,li1,214.8200,144.1600,1.799864
FILLER_49_447,VPWR,li1,211.3700,144.1600,1.799874
FILLER_49_441,VPWR,li1,209.7600,144.1600,1.799874
FILLER_49_423,VPWR,li1,202.8600,144.1600,1.799888
FILLER_49_411,VPWR,li1,197.3400,144.1600,1.799905
FILLER_49_399,VPWR,li1,191.8200,144.1600,1.799915
FILLER_49_370,VPWR,li1,175.9500,144.1600,1.799957
FILLER_49_357,VPWR,li1,169.9700,144.1600,1.799948
FILLER_49_337,VPWR,li1,161.2300,144.1600,1.799935
FILLER_49_335,VPWR,li1,159.8500,144.1600,1.799935
FILLER_49_327,VPWR,li1,157.7800,144.1600,1.799933
FILLER_49_320,VPWR,li1,153.6400,144.1600,1.799928
FILLER_49_308,VPWR,li1,149.9600,144.1600,1.799923
FILLER_49_303,VPWR,li1,145.3600,144.1600,1.799918
FILLER_49_281,VPWR,li1,137.5400,144.1600,1.799910
FILLER_49_278,VPWR,li1,133.8600,144.1600,1.799905
FILLER_49_269,VPWR,li1,129.4900,144.1600,1.799903
FILLER_49_261,VPWR,li1,127.4200,144.1600,1.799901
FILLER_49_237,VPWR,li1,117.3000,144.1600,1.799894
FILLER_49_225,VPWR,li1,111.7800,144.1600,1.799891
FILLER_49_223,VPWR,li1,108.3300,144.1600,1.799888
FILLER_49_208,VPWR,li1,103.0400,144.1600,1.799886
FILLER_49_201,VPWR,li1,98.4400,144.1600,1.799885
FILLER_49_189,VPWR,li1,95.2200,144.1600,1.799885
FILLER_49_177,VPWR,li1,89.7000,144.1600,1.799883
FILLER_49_166,VPWR,li1,82.3400,144.1600,1.799883
FILLER_49_142,VPWR,li1,71.0700,144.1600,1.799884
FILLER_49_138,VPWR,li1,69.9200,144.1600,1.799884
FILLER_49_126,VPWR,li1,66.2400,144.1600,1.799885
FILLER_49_113,VPWR,li1,58.8800,144.1600,1.799890
FILLER_49_104,VPWR,li1,55.2000,144.1600,1.799895
FILLER_49_93,VPWR,li1,49.2200,144.1600,1.799905
FILLER_49_81,VPWR,li1,45.5400,144.1600,1.799917
FILLER_49_69,VPWR,li1,40.0200,144.1600,1.799928
FILLER_49_57,VPWR,li1,34.5000,144.1600,1.799941
FILLER_49_55,VPWR,li1,31.0500,144.1600,1.799953
FILLER_49_51,VPWR,li1,29.9000,144.1600,1.799953
FILLER_49_39,VPWR,li1,26.2200,144.1600,1.799962
FILLER_49_27,VPWR,li1,20.7000,144.1600,1.799975
FILLER_49_15,VPWR,li1,15.1800,144.1600,1.799975
FILLER_49_3,VPWR,li1,9.6600,144.1600,1.799975
FILLER_48_821,VPWR,li1,383.8700,144.1600,1.799425
FILLER_48_813,VPWR,li1,381.3400,144.1600,1.799425
FILLER_48_811,VPWR,li1,378.8100,144.1600,1.799425
FILLER_48_805,VPWR,li1,377.2000,144.1600,1.799425
FILLER_48_793,VPWR,li1,373.0600,144.1600,1.799426
FILLER_48_772,VPWR,li1,360.8700,144.1600,1.799431
FILLER_48_764,VPWR,li1,358.8000,144.1600,1.799434
FILLER_48_754,VPWR,li1,352.8200,144.1600,1.799467
FILLER_48_726,VPWR,li1,339.7100,144.1600,1.799624
FILLER_48_722,VPWR,li1,338.5600,144.1600,1.799667
FILLER_48_713,VPWR,li1,333.7300,144.1600,1.799738
FILLER_48_701,VPWR,li1,330.7400,144.1600,1.799804
FILLER_48_699,VPWR,li1,327.2900,144.1600,1.799800
FILLER_48_693,VPWR,li1,325.6800,144.1600,1.799796
FILLER_48_681,VPWR,li1,319.7000,144.1600,1.799790
FILLER_48_669,VPWR,li1,316.0200,144.1600,1.799790
FILLER_48_657,VPWR,li1,308.2000,144.1600,1.799789
FILLER_48_645,VPWR,li1,304.9800,144.1600,1.799790
FILLER_48_643,VPWR,li1,301.5300,144.1600,1.799790
FILLER_48_639,VPWR,li1,300.3800,144.1600,1.799790
FILLER_48_605,VPWR,li1,284.0500,144.1600,1.799794
FILLER_48_593,VPWR,li1,281.0600,144.1600,1.799795
FILLER_48_589,VPWR,li1,276.6900,144.1600,1.799797
FILLER_48_582,VPWR,li1,274.6200,144.1600,1.799798
FILLER_48_569,VPWR,li1,267.7200,144.1600,1.799803
FILLER_48_560,VPWR,li1,264.0400,144.1600,1.799804
FILLER_48_552,VPWR,li1,259.9000,144.1600,1.799809
FILLER_48_529,VPWR,li1,249.5500,144.1600,1.799817
FILLER_48_521,VPWR,li1,245.4100,144.1600,1.799821
FILLER_48_513,VPWR,li1,243.3400,144.1600,1.799823
FILLER_48_502,VPWR,li1,236.6700,144.1600,1.799832
FILLER_48_496,VPWR,li1,235.0600,144.1600,1.799832
FILLER_48_488,VPWR,li1,230.2300,144.1600,1.799840
FILLER_48_484,VPWR,li1,229.0800,144.1600,1.799840
FILLER_48_467,VPWR,li1,221.0300,144.1600,1.799853
FILLER_48_459,VPWR,li1,216.8900,144.1600,1.799860
FILLER_48_446,VPWR,li1,211.1400,144.1600,1.799874
FILLER_48_434,VPWR,li1,207.9200,144.1600,1.799880
FILLER_48_419,VPWR,li1,198.4900,144.1600,1.799899
FILLER_48_411,VPWR,li1,196.4200,144.1600,1.799905
FILLER_48_399,VPWR,li1,191.8200,144.1600,1.799915
FILLER_48_387,VPWR,li1,186.3000,144.1600,1.799932
FILLER_48_375,VPWR,li1,180.7800,144.1600,1.799943
FILLER_48_365,VPWR,li1,174.8000,144.1600,1.799957
FILLER_48_358,VPWR,li1,171.5800,144.1600,1.799953
FILLER_48_346,VPWR,li1,167.4400,144.1600,1.799945
FILLER_48_341,VPWR,li1,162.6100,144.1600,1.799938
FILLER_48_337,VPWR,li1,161.4600,144.1600,1.799938
FILLER_48_313,VPWR,li1,149.7300,144.1600,1.799923
FILLER_48_309,VPWR,li1,148.5800,144.1600,1.799921
FILLER_48_307,VPWR,li1,146.9700,144.1600,1.799918
FILLER_48_301,VPWR,li1,145.3600,144.1600,1.799918
FILLER_48_263,VPWR,li1,126.7300,144.1600,1.799901
FILLER_48_259,VPWR,li1,125.5800,144.1600,1.799899
FILLER_48_239,VPWR,li1,116.8400,144.1600,1.799894
FILLER_48_205,VPWR,li1,100.0500,144.1600,1.799886
FILLER_48_197,VPWR,li1,96.3700,144.1600,1.799885
FILLER_48_186,VPWR,li1,92.4600,144.1600,1.799884
FILLER_48_174,VPWR,li1,88.3200,144.1600,1.799883
FILLER_48_141,VPWR,li1,71.3000,144.1600,1.799884
FILLER_48_139,VPWR,li1,69.6900,144.1600,1.799884
FILLER_48_133,VPWR,li1,68.0800,144.1600,1.799884
FILLER_48_120,VPWR,li1,60.9500,144.1600,1.799888
FILLER_48_112,VPWR,li1,58.8800,144.1600,1.799890
FILLER_48_97,VPWR,li1,51.0600,144.1600,1.799901
FILLER_48_85,VPWR,li1,47.3800,144.1600,1.799910
FILLER_48_83,VPWR,li1,43.9300,144.1600,1.799922
FILLER_48_77,VPWR,li1,42.3200,144.1600,1.799922
FILLER_48_65,VPWR,li1,38.1800,144.1600,1.799932
FILLER_48_53,VPWR,li1,32.6600,144.1600,1.799946
FILLER_48_41,VPWR,li1,27.1400,144.1600,1.799962
FILLER_48_29,VPWR,li1,21.6200,144.1600,1.799975
FILLER_48_27,VPWR,li1,18.1700,144.1600,1.799975
FILLER_48_15,VPWR,li1,15.1800,144.1600,1.799975
FILLER_48_3,VPWR,li1,9.6600,144.1600,1.799975
FILLER_47_813,VPWR,li1,379.7300,138.7200,1.799356
FILLER_47_809,VPWR,li1,378.5800,138.7200,1.799356
FILLER_47_797,VPWR,li1,374.9000,138.7200,1.799358
FILLER_47_785,VPWR,li1,369.3800,138.7200,1.799363
FILLER_47_782,VPWR,li1,365.7000,138.7200,1.799366
FILLER_47_770,VPWR,li1,362.4800,138.7200,1.799370
FILLER_47_758,VPWR,li1,356.9600,138.7200,1.799383
FILLER_47_746,VPWR,li1,351.4400,138.7200,1.799413
FILLER_47_734,VPWR,li1,345.9200,138.7200,1.799446
FILLER_47_729,VPWR,li1,341.0900,138.7200,1.799501
FILLER_47_727,VPWR,li1,340.1700,138.7200,1.799501
FILLER_47_719,VPWR,li1,338.1000,138.7200,1.799526
FILLER_47_707,VPWR,li1,333.5000,138.7200,1.799581
FILLER_47_694,VPWR,li1,326.6000,138.7200,1.799630
FILLER_47_685,VPWR,li1,321.0800,138.7200,1.799546
FILLER_47_673,VPWR,li1,317.8600,138.7200,1.799506
FILLER_47_670,VPWR,li1,314.1800,138.7200,1.799451
FILLER_47_658,VPWR,li1,310.9600,138.7200,1.799419
FILLER_47_646,VPWR,li1,305.4400,138.7200,1.799371
FILLER_47_634,VPWR,li1,299.9200,138.7200,1.799341
FILLER_47_622,VPWR,li1,294.4000,138.7200,1.799326
FILLER_47_615,VPWR,li1,288.6500,138.7200,1.799300
FILLER_47_609,VPWR,li1,286.1200,138.7200,1.799290
FILLER_47_597,VPWR,li1,282.9000,138.7200,1.799284
FILLER_47_585,VPWR,li1,277.3800,138.7200,1.799267
FILLER_47_573,VPWR,li1,271.8600,138.7200,1.799265
FILLER_47_561,VPWR,li1,266.3400,138.7200,1.799266
FILLER_47_554,VPWR,li1,261.7400,138.7200,1.799267
FILLER_47_534,VPWR,li1,251.6200,138.7200,1.799271
FILLER_47_527,VPWR,li1,248.1700,138.7200,1.799272
FILLER_47_515,VPWR,li1,245.1800,138.7200,1.799274
FILLER_47_505,VPWR,li1,238.5100,138.7200,1.799325
FILLER_47_503,VPWR,li1,237.1300,138.7200,1.799325
FILLER_47_491,VPWR,li1,234.1400,138.7200,1.799348
FILLER_47_479,VPWR,li1,228.6200,138.7200,1.799393
FILLER_47_467,VPWR,li1,221.7200,138.7200,1.799447
FILLER_47_455,VPWR,li1,217.5800,138.7200,1.799483
FILLER_47_449,VPWR,li1,212.7500,138.7200,1.799532
FILLER_47_447,VPWR,li1,211.3700,138.7200,1.799532
FILLER_47_443,VPWR,li1,210.2200,138.7200,1.799555
FILLER_47_437,VPWR,li1,206.7700,138.7200,1.799571
FILLER_47_431,VPWR,li1,205.1600,138.7200,1.799597
FILLER_47_416,VPWR,li1,197.3400,138.7200,1.799670
FILLER_47_393,VPWR,li1,186.5300,138.7200,1.799762
FILLER_47_376,VPWR,li1,179.1700,138.7200,1.799831
FILLER_47_361,VPWR,li1,173.4200,138.7200,1.799863
FILLER_47_349,VPWR,li1,168.8200,138.7200,1.799853
FILLER_47_337,VPWR,li1,163.3000,138.7200,1.799840
FILLER_47_328,VPWR,li1,158.2400,138.7200,1.799830
FILLER_47_313,VPWR,li1,150.8800,138.7200,1.799815
FILLER_47_305,VPWR,li1,146.0500,138.7200,1.799806
FILLER_47_293,VPWR,li1,143.0600,138.7200,1.799799
FILLER_47_281,VPWR,li1,137.5400,138.7200,1.799791
FILLER_47_279,VPWR,li1,134.0900,138.7200,1.799785
FILLER_47_275,VPWR,li1,132.2500,138.7200,1.799782
FILLER_47_267,VPWR,li1,128.5700,138.7200,1.799773
FILLER_47_261,VPWR,li1,126.9600,138.7200,1.799773
FILLER_47_251,VPWR,li1,121.2100,138.7200,1.799761
FILLER_47_242,VPWR,li1,117.5300,138.7200,1.799757
FILLER_47_229,VPWR,li1,111.0900,138.7200,1.799756
FILLER_47_225,VPWR,li1,109.9400,138.7200,1.799756
FILLER_47_213,VPWR,li1,104.1900,138.7200,1.799764
FILLER_47_205,VPWR,li1,101.6600,138.7200,1.799767
FILLER_47_197,VPWR,li1,96.3700,138.7200,1.799777
FILLER_47_193,VPWR,li1,95.2200,138.7200,1.799777
FILLER_47_181,VPWR,li1,91.5400,138.7200,1.799783
FILLER_47_169,VPWR,li1,86.0200,138.7200,1.799794
FILLER_47_164,VPWR,li1,81.1900,138.7200,1.799802
FILLER_47_158,VPWR,li1,79.5800,138.7200,1.799802
FILLER_47_146,VPWR,li1,75.4400,138.7200,1.799811
FILLER_47_134,VPWR,li1,69.9200,138.7200,1.799821
FILLER_47_113,VPWR,li1,59.3400,138.7200,1.799841
FILLER_47_111,VPWR,li1,56.8100,138.7200,1.799852
FILLER_47_107,VPWR,li1,55.6600,138.7200,1.799852
FILLER_47_95,VPWR,li1,51.9800,138.7200,1.799862
FILLER_47_69,VPWR,li1,40.0200,138.7200,1.799900
FILLER_47_57,VPWR,li1,34.5000,138.7200,1.799919
FILLER_47_55,VPWR,li1,31.0500,138.7200,1.799935
FILLER_47_51,VPWR,li1,29.9000,138.7200,1.799935
FILLER_47_39,VPWR,li1,26.2200,138.7200,1.799947
FILLER_47_27,VPWR,li1,20.7000,138.7200,1.799966
FILLER_47_15,VPWR,li1,15.1800,138.7200,1.799966
FILLER_47_3,VPWR,li1,9.6600,138.7200,1.799966
FILLER_46_819,VPWR,li1,382.4900,138.7200,1.799354
FILLER_46_813,VPWR,li1,380.8800,138.7200,1.799354
FILLER_46_811,VPWR,li1,378.8100,138.7200,1.799356
FILLER_46_803,VPWR,li1,376.7400,138.7200,1.799357
FILLER_46_791,VPWR,li1,372.1400,138.7200,1.799361
FILLER_46_770,VPWR,li1,359.9500,138.7200,1.799378
FILLER_46_764,VPWR,li1,358.3400,138.7200,1.799378
FILLER_46_750,VPWR,li1,351.9000,138.7200,1.799402
FILLER_46_741,VPWR,li1,347.7600,138.7200,1.799428
FILLER_46_730,VPWR,li1,341.7800,138.7200,1.799501
FILLER_46_718,VPWR,li1,338.5600,138.7200,1.799526
FILLER_46_701,VPWR,li1,328.4400,138.7200,1.799660
FILLER_46_696,VPWR,li1,326.6000,138.7200,1.799630
FILLER_46_688,VPWR,li1,322.4600,138.7200,1.799546
FILLER_46_676,VPWR,li1,319.2400,138.7200,1.799506
FILLER_46_652,VPWR,li1,306.8200,138.7200,1.799394
FILLER_46_642,VPWR,li1,301.3000,138.7200,1.799357
FILLER_46_631,VPWR,li1,296.0100,138.7200,1.799326
FILLER_46_625,VPWR,li1,294.4000,138.7200,1.799326
FILLER_46_613,VPWR,li1,290.2600,138.7200,1.799311
FILLER_46_601,VPWR,li1,284.7400,138.7200,1.799290
FILLER_46_581,VPWR,li1,273.0100,138.7200,1.799265
FILLER_46_577,VPWR,li1,271.8600,138.7200,1.799265
FILLER_46_565,VPWR,li1,268.1800,138.7200,1.799266
FILLER_46_556,VPWR,li1,261.5100,138.7200,1.799267
FILLER_46_550,VPWR,li1,259.9000,138.7200,1.799268
FILLER_46_541,VPWR,li1,254.8400,138.7200,1.799269
FILLER_46_533,VPWR,li1,252.5400,138.7200,1.799270
FILLER_46_531,VPWR,li1,250.0100,138.7200,1.799271
FILLER_46_506,VPWR,li1,239.2000,138.7200,1.799309
FILLER_46_494,VPWR,li1,235.5200,138.7200,1.799348
FILLER_46_477,VPWR,li1,225.8600,138.7200,1.799426
FILLER_46_475,VPWR,li1,224.2500,138.7200,1.799426
FILLER_46_467,VPWR,li1,222.1800,138.7200,1.799447
FILLER_46_456,VPWR,li1,215.5100,138.7200,1.799498
FILLER_46_448,VPWR,li1,213.4400,138.7200,1.799515
FILLER_46_427,VPWR,li1,203.7800,138.7200,1.799597
FILLER_46_419,VPWR,li1,198.4900,138.7200,1.799645
FILLER_46_415,VPWR,li1,197.3400,138.7200,1.799670
FILLER_46_403,VPWR,li1,193.6600,138.7200,1.799689
FILLER_46_387,VPWR,li1,184.2300,138.7200,1.799780
FILLER_46_379,VPWR,li1,181.7000,138.7200,1.799808
FILLER_46_373,VPWR,li1,177.3300,138.7200,1.799850
FILLER_46_365,VPWR,li1,175.2600,138.7200,1.799871
FILLER_46_361,VPWR,li1,172.2700,138.7200,1.799863
FILLER_46_336,VPWR,li1,160.7700,138.7200,1.799834
FILLER_46_328,VPWR,li1,158.2400,138.7200,1.799830
FILLER_46_320,VPWR,li1,152.9500,138.7200,1.799819
FILLER_46_314,VPWR,li1,151.3400,138.7200,1.799815
FILLER_46_294,VPWR,li1,142.1400,138.7200,1.799799
FILLER_46_282,VPWR,li1,138.0000,138.7200,1.799791
FILLER_46_270,VPWR,li1,132.4800,138.7200,1.799782
FILLER_46_258,VPWR,li1,126.9600,138.7200,1.799773
FILLER_46_253,VPWR,li1,122.3600,138.7200,1.799764
FILLER_46_251,VPWR,li1,121.2100,138.7200,1.799761
FILLER_46_239,VPWR,li1,118.2200,138.7200,1.799757
FILLER_46_227,VPWR,li1,112.7000,138.7200,1.799752
FILLER_46_215,VPWR,li1,107.1800,138.7200,1.799761
FILLER_46_203,VPWR,li1,101.6600,138.7200,1.799767
FILLER_46_197,VPWR,li1,96.3700,138.7200,1.799777
FILLER_46_193,VPWR,li1,94.9900,138.7200,1.799777
FILLER_46_185,VPWR,li1,92.4600,138.7200,1.799783
FILLER_46_167,VPWR,li1,82.5700,138.7200,1.799798
FILLER_46_141,VPWR,li1,70.8400,138.7200,1.799817
FILLER_46_136,VPWR,li1,69.0000,138.7200,1.799821
FILLER_46_124,VPWR,li1,65.3200,138.7200,1.799828
FILLER_46_117,VPWR,li1,59.8000,138.7200,1.799841
FILLER_46_109,VPWR,li1,57.5000,138.7200,1.799847
FILLER_46_97,VPWR,li1,52.9000,138.7200,1.799862
FILLER_46_85,VPWR,li1,47.3800,138.7200,1.799876
FILLER_46_83,VPWR,li1,43.9300,138.7200,1.799892
FILLER_46_77,VPWR,li1,42.3200,138.7200,1.799892
FILLER_46_65,VPWR,li1,38.1800,138.7200,1.799906
FILLER_46_53,VPWR,li1,32.6600,138.7200,1.799925
FILLER_46_41,VPWR,li1,27.1400,138.7200,1.799947
FILLER_46_29,VPWR,li1,21.6200,138.7200,1.799966
FILLER_46_27,VPWR,li1,18.1700,138.7200,1.799966
FILLER_46_15,VPWR,li1,15.1800,138.7200,1.799966
FILLER_46_3,VPWR,li1,9.6600,138.7200,1.799966
FILLER_45_817,VPWR,li1,382.0300,133.2800,1.798526
FILLER_45_809,VPWR,li1,379.5000,133.2800,1.798528
FILLER_45_797,VPWR,li1,374.9000,133.2800,1.798531
FILLER_45_785,VPWR,li1,369.3800,133.2800,1.798534
FILLER_45_761,VPWR,li1,356.2700,133.2800,1.798552
FILLER_45_741,VPWR,li1,346.6100,133.2800,1.798647
FILLER_45_709,VPWR,li1,332.1200,133.2800,1.799047
FILLER_45_700,VPWR,li1,328.2100,133.2800,1.799208
FILLER_45_688,VPWR,li1,324.7600,133.2800,1.799026
FILLER_45_673,VPWR,li1,316.9400,133.2800,1.798762
FILLER_45_671,VPWR,li1,314.4100,133.2800,1.798659
FILLER_45_663,VPWR,li1,312.3400,133.2800,1.798584
FILLER_45_653,VPWR,li1,306.5900,133.2800,1.798446
FILLER_45_645,VPWR,li1,304.0600,133.2800,1.798401
FILLER_45_639,VPWR,li1,300.1500,133.2800,1.798326
FILLER_45_629,VPWR,li1,295.5500,133.2800,1.798251
FILLER_45_617,VPWR,li1,292.1000,133.2800,1.798194
FILLER_45_615,VPWR,li1,288.6500,133.2800,1.798166
FILLER_45_609,VPWR,li1,287.0400,133.2800,1.798135
FILLER_45_597,VPWR,li1,282.9000,133.2800,1.798089
FILLER_45_582,VPWR,li1,273.7000,133.2800,1.798064
FILLER_45_572,VPWR,li1,269.3300,133.2800,1.798068
FILLER_45_561,VPWR,li1,263.8100,133.2800,1.798078
FILLER_45_559,VPWR,li1,262.8900,133.2800,1.798078
FILLER_45_553,VPWR,li1,261.2800,133.2800,1.798082
FILLER_45_541,VPWR,li1,257.1400,133.2800,1.798091
FILLER_45_529,VPWR,li1,251.6200,133.2800,1.798108
FILLER_45_517,VPWR,li1,246.1000,133.2800,1.798127
FILLER_45_505,VPWR,li1,240.5800,133.2800,1.798149
FILLER_45_501,VPWR,li1,236.6700,133.2800,1.798165
FILLER_45_480,VPWR,li1,226.5500,133.2800,1.798226
FILLER_45_474,VPWR,li1,224.9400,133.2800,1.798252
FILLER_45_462,VPWR,li1,220.8000,133.2800,1.798308
FILLER_45_449,VPWR,li1,213.9000,133.2800,1.798436
FILLER_45_447,VPWR,li1,211.3700,133.2800,1.798486
FILLER_45_439,VPWR,li1,209.3000,133.2800,1.798527
FILLER_45_409,VPWR,li1,195.5000,133.2800,1.798818
FILLER_45_401,VPWR,li1,190.2100,133.2800,1.798958
FILLER_45_393,VPWR,li1,188.1400,133.2800,1.799024
FILLER_45_384,VPWR,li1,184.0000,133.2800,1.799206
FILLER_45_372,VPWR,li1,179.4000,133.2800,1.799386
FILLER_45_364,VPWR,li1,173.1900,133.2800,1.799457
FILLER_45_360,VPWR,li1,172.0400,133.2800,1.799415
FILLER_45_348,VPWR,li1,168.3600,133.2800,1.799384
FILLER_45_337,VPWR,li1,161.0000,133.2800,1.799299
FILLER_45_328,VPWR,li1,158.2400,133.2800,1.799288
FILLER_45_316,VPWR,li1,153.6400,133.2800,1.799271
FILLER_45_304,VPWR,li1,148.1200,133.2800,1.799251
FILLER_45_296,VPWR,li1,142.1400,133.2800,1.799228
FILLER_45_288,VPWR,li1,139.8400,133.2800,1.799221
FILLER_45_279,VPWR,li1,134.0900,133.2800,1.799200
FILLER_45_267,VPWR,li1,131.1000,133.2800,1.799192
FILLER_45_248,VPWR,li1,120.0600,133.2800,1.799165
FILLER_45_240,VPWR,li1,117.7600,133.2800,1.799157
FILLER_45_222,VPWR,li1,108.1000,133.2800,1.799194
FILLER_45_214,VPWR,li1,105.8000,133.2800,1.799214
FILLER_45_206,VPWR,li1,100.5100,133.2800,1.799240
FILLER_45_184,VPWR,li1,92.9200,133.2800,1.799277
FILLER_45_177,VPWR,li1,87.4000,133.2800,1.799309
FILLER_45_169,VPWR,li1,85.1000,133.2800,1.799322
FILLER_45_158,VPWR,li1,79.1200,133.2800,1.799365
FILLER_45_146,VPWR,li1,75.4400,133.2800,1.799379
FILLER_45_131,VPWR,li1,67.6200,133.2800,1.799426
FILLER_45_113,VPWR,li1,57.7300,133.2800,1.799502
FILLER_45_111,VPWR,li1,56.8100,133.2800,1.799522
FILLER_45_105,VPWR,li1,55.2000,133.2800,1.799522
FILLER_45_93,VPWR,li1,51.0600,133.2800,1.799561
FILLER_45_81,VPWR,li1,45.5400,133.2800,1.799632
FILLER_45_69,VPWR,li1,40.0200,133.2800,1.799680
FILLER_45_57,VPWR,li1,34.5000,133.2800,1.799740
FILLER_45_55,VPWR,li1,31.0500,133.2800,1.799791
FILLER_45_51,VPWR,li1,29.9000,133.2800,1.799791
FILLER_45_39,VPWR,li1,26.2200,133.2800,1.799831
FILLER_45_27,VPWR,li1,20.7000,133.2800,1.799891
FILLER_45_15,VPWR,li1,15.1800,133.2800,1.799891
FILLER_45_3,VPWR,li1,9.6600,133.2800,1.799891
FILLER_44_821,VPWR,li1,383.8700,133.2800,1.798525
FILLER_44_813,VPWR,li1,381.3400,133.2800,1.798526
FILLER_44_811,VPWR,li1,378.8100,133.2800,1.798529
FILLER_44_805,VPWR,li1,377.2000,133.2800,1.798529
FILLER_44_793,VPWR,li1,373.0600,133.2800,1.798532
FILLER_44_781,VPWR,li1,367.5400,133.2800,1.798536
FILLER_44_769,VPWR,li1,362.0200,133.2800,1.798540
FILLER_44_757,VPWR,li1,356.5000,133.2800,1.798552
FILLER_44_749,VPWR,li1,350.2900,133.2800,1.798581
FILLER_44_740,VPWR,li1,346.6100,133.2800,1.798647
FILLER_44_728,VPWR,li1,343.1600,133.2800,1.798707
FILLER_44_721,VPWR,li1,337.6400,133.2800,1.798865
FILLER_44_713,VPWR,li1,335.3400,133.2800,1.798938
FILLER_44_701,VPWR,li1,330.7400,133.2800,1.799112
FILLER_44_699,VPWR,li1,327.2900,133.2800,1.799122
FILLER_44_693,VPWR,li1,325.6800,133.2800,1.799122
FILLER_44_653,VPWR,li1,306.5900,133.2800,1.798446
FILLER_44_645,VPWR,li1,304.0600,133.2800,1.798401
FILLER_44_642,VPWR,li1,301.3000,133.2800,1.798326
FILLER_44_628,VPWR,li1,294.8600,133.2800,1.798251
FILLER_44_619,VPWR,li1,290.7200,133.2800,1.798194
FILLER_44_589,VPWR,li1,277.8400,133.2800,1.798063
FILLER_44_587,VPWR,li1,275.7700,133.2800,1.798064
FILLER_44_579,VPWR,li1,273.7000,133.2800,1.798064
FILLER_44_554,VPWR,li1,260.8200,133.2800,1.798082
FILLER_44_533,VPWR,li1,250.9300,133.2800,1.798115
FILLER_44_530,VPWR,li1,249.7800,133.2800,1.798115
FILLER_44_518,VPWR,li1,246.5600,133.2800,1.798127
FILLER_44_500,VPWR,li1,236.9000,133.2800,1.798165
FILLER_44_496,VPWR,li1,233.9100,133.2800,1.798179
FILLER_44_490,VPWR,li1,232.3000,133.2800,1.798196
FILLER_44_434,VPWR,li1,205.3900,133.2800,1.798632
FILLER_44_418,VPWR,li1,198.2600,133.2800,1.798753
FILLER_44_389,VPWR,li1,185.1500,133.2800,1.799127
FILLER_44_378,VPWR,li1,180.3200,133.2800,1.799296
FILLER_44_365,VPWR,li1,173.6500,133.2800,1.799457
FILLER_44_358,VPWR,li1,170.4300,133.2800,1.799415
FILLER_44_354,VPWR,li1,169.2800,133.2800,1.799384
FILLER_44_327,VPWR,li1,156.1700,133.2800,1.799280
FILLER_44_321,VPWR,li1,154.5600,133.2800,1.799271
FILLER_44_309,VPWR,li1,150.4200,133.2800,1.799259
FILLER_44_304,VPWR,li1,146.2800,133.2800,1.799244
FILLER_44_294,VPWR,li1,141.4500,133.2800,1.799228
FILLER_44_281,VPWR,li1,135.0100,133.2800,1.799207
FILLER_44_266,VPWR,li1,129.7200,133.2800,1.799192
FILLER_44_257,VPWR,li1,124.6600,133.2800,1.799178
FILLER_44_246,VPWR,li1,120.0600,133.2800,1.799165
FILLER_44_230,VPWR,li1,111.7800,133.2800,1.799181
FILLER_44_222,VPWR,li1,109.4800,133.2800,1.799194
FILLER_44_214,VPWR,li1,104.4200,133.2800,1.799214
FILLER_44_202,VPWR,li1,101.2000,133.2800,1.799240
FILLER_44_195,VPWR,li1,95.4500,133.2800,1.799263
FILLER_44_179,VPWR,li1,88.5500,133.2800,1.799309
FILLER_44_171,VPWR,li1,86.0200,133.2800,1.799322
FILLER_44_159,VPWR,li1,81.4200,133.2800,1.799344
FILLER_44_141,VPWR,li1,70.6100,133.2800,1.799411
FILLER_44_134,VPWR,li1,68.5400,133.2800,1.799426
FILLER_44_122,VPWR,li1,64.4000,133.2800,1.799456
FILLER_44_113,VPWR,li1,57.9600,133.2800,1.799502
FILLER_44_105,VPWR,li1,55.6600,133.2800,1.799522
FILLER_44_85,VPWR,li1,46.0000,133.2800,1.799632
FILLER_44_83,VPWR,li1,43.9300,133.2800,1.799655
FILLER_44_77,VPWR,li1,42.3200,133.2800,1.799655
FILLER_44_65,VPWR,li1,38.1800,133.2800,1.799700
FILLER_44_53,VPWR,li1,32.6600,133.2800,1.799760
FILLER_44_41,VPWR,li1,27.1400,133.2800,1.799831
FILLER_44_29,VPWR,li1,21.6200,133.2800,1.799891
FILLER_44_27,VPWR,li1,18.1700,133.2800,1.799891
FILLER_44_15,VPWR,li1,15.1800,133.2800,1.799891
FILLER_44_3,VPWR,li1,9.6600,133.2800,1.799891
FILLER_43_821,VPWR,li1,383.8700,127.8400,1.797218
FILLER_43_809,VPWR,li1,380.4200,127.8400,1.797221
FILLER_43_797,VPWR,li1,374.9000,127.8400,1.797224
FILLER_43_785,VPWR,li1,369.3800,127.8400,1.797227
FILLER_43_778,VPWR,li1,364.7800,127.8400,1.797230
FILLER_43_766,VPWR,li1,360.6400,127.8400,1.797233
FILLER_43_754,VPWR,li1,355.1200,127.8400,1.797237
FILLER_43_742,VPWR,li1,349.6000,127.8400,1.797241
FILLER_43_737,VPWR,li1,345.0000,127.8400,1.797355
FILLER_43_729,VPWR,li1,342.7000,127.8400,1.797532
FILLER_43_716,VPWR,li1,337.6400,127.8400,1.797826
FILLER_43_702,VPWR,li1,330.2800,127.8400,1.798576
FILLER_43_689,VPWR,li1,322.6900,127.8400,1.798244
FILLER_43_685,VPWR,li1,321.5400,127.8400,1.798244
FILLER_43_673,VPWR,li1,317.8600,127.8400,1.798096
FILLER_43_670,VPWR,li1,314.1800,127.8400,1.797909
FILLER_43_658,VPWR,li1,310.9600,127.8400,1.797743
FILLER_43_638,VPWR,li1,299.2300,127.8400,1.797309
FILLER_43_632,VPWR,li1,297.6200,127.8400,1.797185
FILLER_43_620,VPWR,li1,293.4800,127.8400,1.797072
FILLER_43_611,VPWR,li1,286.8100,127.8400,1.796750
FILLER_43_607,VPWR,li1,285.6600,127.8400,1.796750
FILLER_43_595,VPWR,li1,281.9800,127.8400,1.796622
FILLER_43_583,VPWR,li1,276.4600,127.8400,1.796525
FILLER_43_571,VPWR,li1,270.9400,127.8400,1.796416
FILLER_43_561,VPWR,li1,264.5000,127.8400,1.796320
FILLER_43_559,VPWR,li1,262.8900,127.8400,1.796273
FILLER_43_555,VPWR,li1,261.7400,127.8400,1.796273
FILLER_43_543,VPWR,li1,258.0600,127.8400,1.796209
FILLER_43_533,VPWR,li1,251.3900,127.8400,1.796079
FILLER_43_525,VPWR,li1,248.8600,127.8400,1.796024
FILLER_43_505,VPWR,li1,238.7400,127.8400,1.796043
FILLER_43_498,VPWR,li1,235.9800,127.8400,1.796057
FILLER_43_486,VPWR,li1,231.8400,127.8400,1.796222
FILLER_43_474,VPWR,li1,226.3200,127.8400,1.796413
FILLER_43_460,VPWR,li1,217.3500,127.8400,1.796877
FILLER_43_454,VPWR,li1,215.7400,127.8400,1.796877
FILLER_43_445,VPWR,li1,210.9100,127.8400,1.797129
FILLER_43_437,VPWR,li1,208.3800,127.8400,1.797309
FILLER_43_425,VPWR,li1,203.7800,127.8400,1.797501
FILLER_43_419,VPWR,li1,198.4900,127.8400,1.797861
FILLER_43_413,VPWR,li1,196.8800,127.8400,1.797861
FILLER_43_393,VPWR,li1,187.2200,127.8400,1.798418
FILLER_43_379,VPWR,li1,180.0900,127.8400,1.798882
FILLER_43_371,VPWR,li1,178.0200,127.8400,1.799017
FILLER_43_361,VPWR,li1,172.2700,127.8400,1.799221
FILLER_43_349,VPWR,li1,168.8200,127.8400,1.799187
FILLER_43_337,VPWR,li1,161.0000,127.8400,1.799137
FILLER_43_335,VPWR,li1,159.8500,127.8400,1.799137
FILLER_43_327,VPWR,li1,156.4000,127.8400,1.799139
FILLER_43_316,VPWR,li1,151.1100,127.8400,1.799144
FILLER_43_298,VPWR,li1,143.2900,127.8400,1.799164
FILLER_43_286,VPWR,li1,139.8400,127.8400,1.799170
FILLER_43_278,VPWR,li1,133.8600,127.8400,1.799184
FILLER_43_271,VPWR,li1,130.4100,127.8400,1.799196
FILLER_43_259,VPWR,li1,127.4200,127.8400,1.799206
FILLER_43_247,VPWR,li1,121.9000,127.8400,1.799220
FILLER_43_233,VPWR,li1,112.9300,127.8400,1.799254
FILLER_43_225,VPWR,li1,110.8600,127.8400,1.799269
FILLER_43_218,VPWR,li1,107.1800,127.8400,1.799282
FILLER_43_207,VPWR,li1,100.9700,127.8400,1.799312
FILLER_43_195,VPWR,li1,97.9800,127.8400,1.799327
FILLER_43_183,VPWR,li1,92.4600,127.8400,1.799354
FILLER_43_169,VPWR,li1,83.4900,127.8400,1.799405
FILLER_43_165,VPWR,li1,82.1100,127.8400,1.799420
FILLER_43_157,VPWR,li1,79.5800,127.8400,1.799435
FILLER_43_147,VPWR,li1,73.8300,127.8400,1.799479
FILLER_43_137,VPWR,li1,69.2300,127.8400,1.799521
FILLER_43_125,VPWR,li1,65.7800,127.8400,1.799554
FILLER_43_113,VPWR,li1,60.2600,127.8400,1.799589
FILLER_43_111,VPWR,li1,56.8100,127.8400,1.799631
FILLER_43_105,VPWR,li1,55.2000,127.8400,1.799631
FILLER_43_93,VPWR,li1,51.0600,127.8400,1.799665
FILLER_43_81,VPWR,li1,45.5400,127.8400,1.799720
FILLER_43_69,VPWR,li1,40.0200,127.8400,1.799757
FILLER_43_57,VPWR,li1,34.5000,127.8400,1.799802
FILLER_43_55,VPWR,li1,31.0500,127.8400,1.799841
FILLER_43_51,VPWR,li1,29.9000,127.8400,1.799841
FILLER_43_39,VPWR,li1,26.2200,127.8400,1.799871
FILLER_43_27,VPWR,li1,20.7000,127.8400,1.799917
FILLER_43_15,VPWR,li1,15.1800,127.8400,1.799917
FILLER_43_3,VPWR,li1,9.6600,127.8400,1.799917
FILLER_42_819,VPWR,li1,382.4900,127.8400,1.797218
FILLER_42_813,VPWR,li1,380.8800,127.8400,1.797221
FILLER_42_811,VPWR,li1,378.8100,127.8400,1.797222
FILLER_42_805,VPWR,li1,377.2000,127.8400,1.797222
FILLER_42_793,VPWR,li1,373.0600,127.8400,1.797225
FILLER_42_781,VPWR,li1,367.5400,127.8400,1.797229
FILLER_42_769,VPWR,li1,362.0200,127.8400,1.797233
FILLER_42_757,VPWR,li1,356.5000,127.8400,1.797237
FILLER_42_755,VPWR,li1,353.0500,127.8400,1.797239
FILLER_42_751,VPWR,li1,351.9000,127.8400,1.797239
FILLER_42_730,VPWR,li1,342.0100,127.8400,1.797532
FILLER_42_717,VPWR,li1,335.5700,127.8400,1.797977
FILLER_42_709,VPWR,li1,331.8900,127.8400,1.798293
FILLER_42_701,VPWR,li1,329.8200,127.8400,1.798576
FILLER_42_698,VPWR,li1,327.0600,127.8400,1.798421
FILLER_42_673,VPWR,li1,317.8600,127.8400,1.798096
FILLER_42_664,VPWR,li1,311.4200,127.8400,1.797821
FILLER_42_657,VPWR,li1,307.9700,127.8400,1.797646
FILLER_42_645,VPWR,li1,304.9800,127.8400,1.797481
FILLER_42_638,VPWR,li1,300.3800,127.8400,1.797309
FILLER_42_626,VPWR,li1,296.2400,127.8400,1.797185
FILLER_42_614,VPWR,li1,290.7200,127.8400,1.796930
FILLER_42_593,VPWR,li1,278.5300,127.8400,1.796565
FILLER_42_589,VPWR,li1,277.3800,127.8400,1.796525
FILLER_42_587,VPWR,li1,275.7700,127.8400,1.796489
FILLER_42_581,VPWR,li1,274.1600,127.8400,1.796489
FILLER_42_569,VPWR,li1,270.0200,127.8400,1.796416
FILLER_42_557,VPWR,li1,264.5000,127.8400,1.796320
FILLER_42_545,VPWR,li1,258.9800,127.8400,1.796209
FILLER_42_533,VPWR,li1,253.4600,127.8400,1.796129
FILLER_42_493,VPWR,li1,232.5300,127.8400,1.796222
FILLER_42_489,VPWR,li1,231.3800,127.8400,1.796222
FILLER_42_477,VPWR,li1,227.7000,127.8400,1.796413
FILLER_42_459,VPWR,li1,216.8900,127.8400,1.796877
FILLER_42_453,VPWR,li1,214.5900,127.8400,1.797009
FILLER_42_445,VPWR,li1,212.0600,127.8400,1.797129
FILLER_42_433,VPWR,li1,207.4600,127.8400,1.797309
FILLER_42_421,VPWR,li1,201.9400,127.8400,1.797597
FILLER_42_418,VPWR,li1,198.2600,127.8400,1.797861
FILLER_42_406,VPWR,li1,195.0400,127.8400,1.797969
FILLER_42_385,VPWR,li1,183.0800,127.8400,1.798686
FILLER_42_377,VPWR,li1,180.7800,127.8400,1.798882
FILLER_42_365,VPWR,li1,176.1800,127.8400,1.799244
FILLER_42_361,VPWR,li1,172.2700,127.8400,1.799221
FILLER_42_349,VPWR,li1,168.8200,127.8400,1.799187
FILLER_42_340,VPWR,li1,162.6100,127.8400,1.799137
FILLER_42_321,VPWR,li1,154.1000,127.8400,1.799141
FILLER_42_309,VPWR,li1,150.4200,127.8400,1.799147
FILLER_42_307,VPWR,li1,146.9700,127.8400,1.799155
FILLER_42_303,VPWR,li1,145.8200,127.8400,1.799155
FILLER_42_291,VPWR,li1,142.1400,127.8400,1.799164
FILLER_42_279,VPWR,li1,136.6200,127.8400,1.799179
FILLER_42_272,VPWR,li1,131.1000,127.8400,1.799191
FILLER_42_257,VPWR,li1,123.9700,127.8400,1.799212
FILLER_42_253,VPWR,li1,122.8200,127.8400,1.799220
FILLER_42_246,VPWR,li1,120.0600,127.8400,1.799226
FILLER_42_233,VPWR,li1,113.6200,127.8400,1.799254
FILLER_42_221,VPWR,li1,109.9400,127.8400,1.799269
FILLER_42_209,VPWR,li1,104.4200,127.8400,1.799295
FILLER_42_197,VPWR,li1,98.9000,127.8400,1.799327
FILLER_42_188,VPWR,li1,93.8400,127.8400,1.799354
FILLER_42_176,VPWR,li1,89.2400,127.8400,1.799375
FILLER_42_153,VPWR,li1,77.7400,127.8400,1.799461
FILLER_42_141,VPWR,li1,73.1400,127.8400,1.799497
FILLER_42_139,VPWR,li1,69.6900,127.8400,1.799521
FILLER_42_135,VPWR,li1,68.5400,127.8400,1.799521
FILLER_42_121,VPWR,li1,62.1000,127.8400,1.799573
FILLER_42_109,VPWR,li1,58.4200,127.8400,1.799614
FILLER_42_97,VPWR,li1,52.9000,127.8400,1.799650
FILLER_42_85,VPWR,li1,47.3800,127.8400,1.799696
FILLER_42_83,VPWR,li1,43.9300,127.8400,1.799738
FILLER_42_77,VPWR,li1,42.3200,127.8400,1.799738
FILLER_42_65,VPWR,li1,38.1800,127.8400,1.799772
FILLER_42_53,VPWR,li1,32.6600,127.8400,1.799818
FILLER_42_41,VPWR,li1,27.1400,127.8400,1.799871
FILLER_42_29,VPWR,li1,21.6200,127.8400,1.799917
FILLER_42_27,VPWR,li1,18.1700,127.8400,1.799917
FILLER_42_15,VPWR,li1,15.1800,127.8400,1.799917
FILLER_42_3,VPWR,li1,9.6600,127.8400,1.799917
FILLER_41_803,VPWR,li1,375.1300,122.4000,1.796516
FILLER_41_797,VPWR,li1,373.5200,122.4000,1.796516
FILLER_41_785,VPWR,li1,369.3800,122.4000,1.796533
FILLER_41_778,VPWR,li1,364.7800,122.4000,1.796552
FILLER_41_766,VPWR,li1,360.6400,122.4000,1.796573
FILLER_41_754,VPWR,li1,355.1200,122.4000,1.796615
FILLER_41_729,VPWR,li1,341.0900,122.4000,1.797186
FILLER_41_727,VPWR,li1,340.1700,122.4000,1.797186
FILLER_41_719,VPWR,li1,338.1000,122.4000,1.797360
FILLER_41_711,VPWR,li1,332.8100,122.4000,1.797832
FILLER_41_699,VPWR,li1,329.8200,122.4000,1.798129
FILLER_41_691,VPWR,li1,323.6100,122.4000,1.797947
FILLER_41_685,VPWR,li1,322.0000,122.4000,1.797947
FILLER_41_673,VPWR,li1,317.8600,122.4000,1.797669
FILLER_41_668,VPWR,li1,313.7200,122.4000,1.797346
FILLER_41_639,VPWR,li1,302.2200,122.4000,1.796611
FILLER_41_615,VPWR,li1,288.6500,122.4000,1.795727
FILLER_41_601,VPWR,li1,282.2100,122.4000,1.795308
FILLER_41_577,VPWR,li1,271.1700,122.4000,1.794856
FILLER_41_571,VPWR,li1,269.5600,122.4000,1.794856
FILLER_41_548,VPWR,li1,260.3600,122.4000,1.794484
FILLER_41_534,VPWR,li1,252.0800,122.4000,1.794139
FILLER_41_522,VPWR,li1,248.4000,122.4000,1.794061
FILLER_41_514,VPWR,li1,242.1900,122.4000,1.793838
FILLER_41_508,VPWR,li1,239.8900,122.4000,1.793764
FILLER_41_503,VPWR,li1,237.1300,122.4000,1.793678
FILLER_41_480,VPWR,li1,227.0100,122.4000,1.793730
FILLER_41_458,VPWR,li1,216.6600,122.4000,1.794241
FILLER_41_449,VPWR,li1,212.5200,122.4000,1.794582
FILLER_41_447,VPWR,li1,211.3700,122.4000,1.794582
FILLER_41_439,VPWR,li1,209.3000,122.4000,1.794716
FILLER_41_399,VPWR,li1,190.4400,122.4000,1.796569
FILLER_41_391,VPWR,li1,185.6100,122.4000,1.797144
FILLER_41_379,VPWR,li1,182.6200,122.4000,1.797501
FILLER_41_356,VPWR,li1,172.0400,122.4000,1.798313
FILLER_41_343,VPWR,li1,164.6800,122.4000,1.798199
FILLER_41_324,VPWR,li1,157.3200,122.4000,1.798135
FILLER_41_312,VPWR,li1,151.8000,122.4000,1.798118
FILLER_41_293,VPWR,li1,142.1400,122.4000,1.798080
FILLER_41_281,VPWR,li1,137.5400,122.4000,1.798063
FILLER_41_274,VPWR,li1,132.9400,122.4000,1.798045
FILLER_41_262,VPWR,li1,128.8000,122.4000,1.798026
FILLER_41_250,VPWR,li1,123.2800,122.4000,1.798009
FILLER_41_238,VPWR,li1,117.7600,122.4000,1.797991
FILLER_41_221,VPWR,li1,107.8700,122.4000,1.798060
FILLER_41_213,VPWR,li1,105.3400,122.4000,1.798110
FILLER_41_196,VPWR,li1,96.1400,122.4000,1.798207
FILLER_41_179,VPWR,li1,88.5500,122.4000,1.798343
FILLER_41_169,VPWR,li1,84.6400,122.4000,1.798401
FILLER_41_164,VPWR,li1,81.8800,122.4000,1.798434
FILLER_41_150,VPWR,li1,74.7500,122.4000,1.798564
FILLER_41_131,VPWR,li1,68.5400,122.4000,1.798680
FILLER_41_124,VPWR,li1,62.7900,122.4000,1.798818
FILLER_41_120,VPWR,li1,61.6400,122.4000,1.798818
FILLER_41_110,VPWR,li1,56.5800,122.4000,1.798928
FILLER_41_101,VPWR,li1,52.4400,122.4000,1.799024
FILLER_41_93,VPWR,li1,50.1400,122.4000,1.799077
FILLER_41_81,VPWR,li1,45.5400,122.4000,1.799212
FILLER_41_69,VPWR,li1,40.0200,122.4000,1.799314
FILLER_41_57,VPWR,li1,34.5000,122.4000,1.799443
FILLER_41_55,VPWR,li1,31.0500,122.4000,1.799551
FILLER_41_51,VPWR,li1,29.9000,122.4000,1.799551
FILLER_41_39,VPWR,li1,26.2200,122.4000,1.799637
FILLER_41_27,VPWR,li1,20.7000,122.4000,1.799766
FILLER_41_15,VPWR,li1,15.1800,122.4000,1.799766
FILLER_41_3,VPWR,li1,9.6600,122.4000,1.799766
FILLER_40_813,VPWR,li1,379.7300,122.4000,1.796495
FILLER_40_810,VPWR,li1,378.5800,122.4000,1.796495
FILLER_40_798,VPWR,li1,375.3600,122.4000,1.796508
FILLER_40_786,VPWR,li1,369.8400,122.4000,1.796533
FILLER_40_757,VPWR,li1,354.4300,122.4000,1.796615
FILLER_40_748,VPWR,li1,351.4400,122.4000,1.796634
FILLER_40_737,VPWR,li1,344.7700,122.4000,1.796838
FILLER_40_725,VPWR,li1,341.7800,122.4000,1.797186
FILLER_40_713,VPWR,li1,336.2600,122.4000,1.797650
FILLER_40_701,VPWR,li1,330.7400,122.4000,1.798129
FILLER_40_696,VPWR,li1,326.6000,122.4000,1.798148
FILLER_40_661,VPWR,li1,310.5000,122.4000,1.797177
FILLER_40_645,VPWR,li1,304.9800,122.4000,1.796810
FILLER_40_643,VPWR,li1,301.5300,122.4000,1.796473
FILLER_40_637,VPWR,li1,299.9200,122.4000,1.796473
FILLER_40_625,VPWR,li1,293.4800,122.4000,1.796046
FILLER_40_613,VPWR,li1,290.2600,122.4000,1.795727
FILLER_40_605,VPWR,li1,284.0500,122.4000,1.795423
FILLER_40_601,VPWR,li1,282.9000,122.4000,1.795308
FILLER_40_589,VPWR,li1,279.2200,122.4000,1.795227
FILLER_40_584,VPWR,li1,275.0800,122.4000,1.795005
FILLER_40_560,VPWR,li1,263.3500,122.4000,1.794579
FILLER_40_556,VPWR,li1,262.2000,122.4000,1.794579
FILLER_40_533,VPWR,li1,251.1600,122.4000,1.794139
FILLER_40_530,VPWR,li1,249.7800,122.4000,1.794061
FILLER_40_518,VPWR,li1,246.5600,122.4000,1.793992
FILLER_40_508,VPWR,li1,239.8900,122.4000,1.793764
FILLER_40_500,VPWR,li1,237.3600,122.4000,1.793678
FILLER_40_484,VPWR,li1,228.8500,122.4000,1.793617
FILLER_40_477,VPWR,li1,225.8600,122.4000,1.793730
FILLER_40_470,VPWR,li1,223.1000,122.4000,1.793854
FILLER_40_458,VPWR,li1,218.9600,122.4000,1.794108
FILLER_40_433,VPWR,li1,204.9300,122.4000,1.795041
FILLER_40_421,VPWR,li1,201.9400,122.4000,1.795303
FILLER_40_403,VPWR,li1,191.8200,122.4000,1.796569
FILLER_40_391,VPWR,li1,188.1400,122.4000,1.796897
FILLER_40_379,VPWR,li1,182.6200,122.4000,1.797501
FILLER_40_365,VPWR,li1,174.1100,122.4000,1.798352
FILLER_40_356,VPWR,li1,171.1200,122.4000,1.798313
FILLER_40_344,VPWR,li1,166.5200,122.4000,1.798225
FILLER_40_329,VPWR,li1,158.7000,122.4000,1.798147
FILLER_40_315,VPWR,li1,150.8800,122.4000,1.798110
FILLER_40_309,VPWR,li1,148.3500,122.4000,1.798100
FILLER_40_278,VPWR,li1,133.6300,122.4000,1.798045
FILLER_40_267,VPWR,li1,130.1800,122.4000,1.798036
FILLER_40_253,VPWR,li1,122.5900,122.4000,1.798009
FILLER_40_251,VPWR,li1,121.2100,122.4000,1.798000
FILLER_40_247,VPWR,li1,120.0600,122.4000,1.798000
FILLER_40_231,VPWR,li1,112.0100,122.4000,1.798018
FILLER_40_223,VPWR,li1,109.9400,122.4000,1.798035
FILLER_40_213,VPWR,li1,103.7300,122.4000,1.798110
FILLER_40_205,VPWR,li1,101.6600,122.4000,1.798135
FILLER_40_201,VPWR,li1,98.2100,122.4000,1.798177
FILLER_40_197,VPWR,li1,97.0600,122.4000,1.798207
FILLER_40_195,VPWR,li1,95.4500,122.4000,1.798230
FILLER_40_182,VPWR,li1,89.4700,122.4000,1.798301
FILLER_40_176,VPWR,li1,87.8600,122.4000,1.798343
FILLER_40_164,VPWR,li1,83.7200,122.4000,1.798401
FILLER_40_152,VPWR,li1,78.2000,122.4000,1.798530
FILLER_40_141,VPWR,li1,72.2200,122.4000,1.798611
FILLER_40_139,VPWR,li1,69.6900,122.4000,1.798680
FILLER_40_135,VPWR,li1,68.5400,122.4000,1.798680
FILLER_40_109,VPWR,li1,58.4200,122.4000,1.798886
FILLER_40_97,VPWR,li1,52.9000,122.4000,1.799024
FILLER_40_85,VPWR,li1,47.3800,122.4000,1.799142
FILLER_40_83,VPWR,li1,43.9300,122.4000,1.799260
FILLER_40_77,VPWR,li1,42.3200,122.4000,1.799260
FILLER_40_65,VPWR,li1,38.1800,122.4000,1.799357
FILLER_40_53,VPWR,li1,32.6600,122.4000,1.799486
FILLER_40_41,VPWR,li1,27.1400,122.4000,1.799637
FILLER_40_29,VPWR,li1,21.6200,122.4000,1.799766
FILLER_40_27,VPWR,li1,18.1700,122.4000,1.799766
FILLER_40_15,VPWR,li1,15.1800,122.4000,1.799766
FILLER_40_3,VPWR,li1,9.6600,122.4000,1.799766
FILLER_39_803,VPWR,li1,375.1300,116.9600,1.799667
FILLER_39_797,VPWR,li1,373.5200,116.9600,1.799678
FILLER_39_785,VPWR,li1,369.3800,116.9600,1.799689
FILLER_39_783,VPWR,li1,365.9300,116.9600,1.799708
FILLER_39_777,VPWR,li1,364.3200,116.9600,1.799708
FILLER_39_765,VPWR,li1,360.1800,116.9600,1.799724
FILLER_39_753,VPWR,li1,354.6600,116.9600,1.799745
FILLER_39_741,VPWR,li1,349.1400,116.9600,1.799767
FILLER_39_729,VPWR,li1,343.6200,116.9600,1.799795
FILLER_39_727,VPWR,li1,340.1700,116.9600,1.799806
FILLER_39_709,VPWR,li1,332.3500,116.9600,1.799837
FILLER_39_702,VPWR,li1,328.6700,116.9600,1.799858
FILLER_39_698,VPWR,li1,327.5200,116.9600,1.799840
FILLER_39_688,VPWR,li1,322.4600,116.9600,1.799797
FILLER_39_673,VPWR,li1,317.8600,116.9600,1.799764
FILLER_39_669,VPWR,li1,313.9500,116.9600,1.799716
FILLER_39_657,VPWR,li1,310.5000,116.9600,1.799684
FILLER_39_649,VPWR,li1,304.2900,116.9600,1.799635
FILLER_39_641,VPWR,li1,302.2200,116.9600,1.799612
FILLER_39_629,VPWR,li1,297.6200,116.9600,1.799577
FILLER_39_617,VPWR,li1,292.1000,116.9600,1.799514
FILLER_39_615,VPWR,li1,288.6500,116.9600,1.799497
FILLER_39_611,VPWR,li1,287.5000,116.9600,1.799473
FILLER_39_602,VPWR,li1,283.8200,116.9600,1.799450
FILLER_39_590,VPWR,li1,279.6800,116.9600,1.799418
FILLER_39_582,VPWR,li1,273.4700,116.9600,1.799364
FILLER_39_570,VPWR,li1,270.4800,116.9600,1.799339
FILLER_39_561,VPWR,li1,264.0400,116.9600,1.799274
FILLER_39_558,VPWR,li1,262.6600,116.9600,1.799274
FILLER_39_550,VPWR,li1,260.3600,116.9600,1.799252
FILLER_39_537,VPWR,li1,253.4600,116.9600,1.799191
FILLER_39_525,VPWR,li1,249.7800,116.9600,1.799157
FILLER_39_505,VPWR,li1,239.6600,116.9600,1.799087
FILLER_39_503,VPWR,li1,237.1300,116.9600,1.799067
FILLER_39_495,VPWR,li1,235.0600,116.9600,1.799044
FILLER_39_483,VPWR,li1,230.4600,116.9600,1.799008
FILLER_39_479,VPWR,li1,226.0900,116.9600,1.798973
FILLER_39_475,VPWR,li1,224.9400,116.9600,1.798973
FILLER_39_463,VPWR,li1,221.2600,116.9600,1.798944
FILLER_39_446,VPWR,li1,211.1400,116.9600,1.798870
FILLER_39_436,VPWR,li1,206.3100,116.9600,1.798826
FILLER_39_431,VPWR,li1,204.2400,116.9600,1.798812
FILLER_39_419,VPWR,li1,201.0200,116.9600,1.798798
FILLER_39_410,VPWR,li1,194.5800,116.9600,1.798753
FILLER_39_402,VPWR,li1,192.2800,116.9600,1.798737
FILLER_39_393,VPWR,li1,186.5300,116.9600,1.798772
FILLER_39_380,VPWR,li1,183.0800,116.9600,1.798833
FILLER_39_368,VPWR,li1,177.5600,116.9600,1.799039
FILLER_39_356,VPWR,li1,172.0400,116.9600,1.799032
FILLER_39_344,VPWR,li1,164.2200,116.9600,1.798828
FILLER_39_337,VPWR,li1,161.0000,116.9600,1.798807
FILLER_39_324,VPWR,li1,157.3200,116.9600,1.798786
FILLER_39_315,VPWR,li1,150.6500,116.9600,1.798749
FILLER_39_307,VPWR,li1,148.5800,116.9600,1.798737
FILLER_39_299,VPWR,li1,143.9800,116.9600,1.798711
FILLER_39_287,VPWR,li1,140.3000,116.9600,1.798693
FILLER_39_279,VPWR,li1,134.0900,116.9600,1.798660
FILLER_39_269,VPWR,li1,130.1800,116.9600,1.798632
FILLER_39_248,VPWR,li1,121.4400,116.9600,1.798596
FILLER_39_237,VPWR,li1,114.7700,116.9600,1.798564
FILLER_39_225,VPWR,li1,111.7800,116.9600,1.798572
FILLER_39_223,VPWR,li1,108.3300,116.9600,1.798592
FILLER_39_217,VPWR,li1,106.7200,116.9600,1.798592
FILLER_39_206,VPWR,li1,100.5100,116.9600,1.798617
FILLER_39_202,VPWR,li1,99.3600,116.9600,1.798625
FILLER_39_190,VPWR,li1,95.6800,116.9600,1.798637
FILLER_39_181,VPWR,li1,89.7000,116.9600,1.798671
FILLER_39_169,VPWR,li1,86.0200,116.9600,1.798682
FILLER_39_153,VPWR,li1,78.6600,116.9600,1.798759
FILLER_39_141,VPWR,li1,73.1400,116.9600,1.798826
FILLER_39_132,VPWR,li1,66.7000,116.9600,1.798924
FILLER_39_113,VPWR,li1,58.4200,116.9600,1.799081
FILLER_39_111,VPWR,li1,56.8100,116.9600,1.799122
FILLER_39_105,VPWR,li1,55.2000,116.9600,1.799122
FILLER_39_93,VPWR,li1,51.0600,116.9600,1.799203
FILLER_39_81,VPWR,li1,45.5400,116.9600,1.799335
FILLER_39_69,VPWR,li1,40.0200,116.9600,1.799421
FILLER_39_57,VPWR,li1,34.5000,116.9600,1.799530
FILLER_39_55,VPWR,li1,31.0500,116.9600,1.799621
FILLER_39_51,VPWR,li1,29.9000,116.9600,1.799621
FILLER_39_39,VPWR,li1,26.2200,116.9600,1.799694
FILLER_39_27,VPWR,li1,20.7000,116.9600,1.799803
FILLER_39_15,VPWR,li1,15.1800,116.9600,1.799803
FILLER_39_3,VPWR,li1,9.6600,116.9600,1.799803
FILLER_38_819,VPWR,li1,382.4900,116.9600,1.799652
FILLER_38_813,VPWR,li1,380.8800,116.9600,1.799652
FILLER_38_811,VPWR,li1,378.8100,116.9600,1.799653
FILLER_38_803,VPWR,li1,376.7400,116.9600,1.799667
FILLER_38_791,VPWR,li1,372.1400,116.9600,1.799678
FILLER_38_779,VPWR,li1,366.6200,116.9600,1.799700
FILLER_38_767,VPWR,li1,361.1000,116.9600,1.799724
FILLER_38_746,VPWR,li1,348.9100,116.9600,1.799767
FILLER_38_740,VPWR,li1,346.1500,116.9600,1.799778
FILLER_38_723,VPWR,li1,339.4800,116.9600,1.799806
FILLER_38_713,VPWR,li1,333.7300,116.9600,1.799837
FILLER_38_696,VPWR,li1,326.6000,116.9600,1.799840
FILLER_38_686,VPWR,li1,321.7700,116.9600,1.799797
FILLER_38_674,VPWR,li1,318.3200,116.9600,1.799764
FILLER_38_662,VPWR,li1,312.8000,116.9600,1.799716
FILLER_38_645,VPWR,li1,304.0600,116.9600,1.799635
FILLER_38_643,VPWR,li1,301.5300,116.9600,1.799612
FILLER_38_631,VPWR,li1,298.5400,116.9600,1.799577
FILLER_38_610,VPWR,li1,287.5000,116.9600,1.799473
FILLER_38_598,VPWR,li1,283.3600,116.9600,1.799450
FILLER_38_571,VPWR,li1,270.9400,116.9600,1.799339
FILLER_38_559,VPWR,li1,265.4200,116.9600,1.799297
FILLER_38_547,VPWR,li1,259.9000,116.9600,1.799252
FILLER_38_541,VPWR,li1,254.6100,116.9600,1.799208
FILLER_38_533,VPWR,li1,252.5400,116.9600,1.799191
FILLER_38_530,VPWR,li1,249.7800,116.9600,1.799157
FILLER_38_525,VPWR,li1,247.2500,116.9600,1.799140
FILLER_38_515,VPWR,li1,242.6500,116.9600,1.799108
FILLER_38_503,VPWR,li1,239.6600,116.9600,1.799087
FILLER_38_491,VPWR,li1,234.1400,116.9600,1.799044
FILLER_38_482,VPWR,li1,227.4700,116.9600,1.798989
FILLER_38_470,VPWR,li1,223.1000,116.9600,1.798958
FILLER_38_455,VPWR,li1,215.2800,116.9600,1.798899
FILLER_38_427,VPWR,li1,202.6300,116.9600,1.798812
FILLER_38_413,VPWR,li1,196.1900,116.9600,1.798766
FILLER_38_405,VPWR,li1,193.6600,116.9600,1.798753
FILLER_38_372,VPWR,li1,178.0200,116.9600,1.799039
FILLER_38_356,VPWR,li1,169.9700,116.9600,1.798974
FILLER_38_350,VPWR,li1,166.7500,116.9600,1.798847
FILLER_38_340,VPWR,li1,162.3800,116.9600,1.798807
FILLER_38_328,VPWR,li1,159.1600,116.9600,1.798796
FILLER_38_316,VPWR,li1,153.6400,116.9600,1.798760
FILLER_38_304,VPWR,li1,146.2800,116.9600,1.798722
FILLER_38_295,VPWR,li1,141.6800,116.9600,1.798693
FILLER_38_283,VPWR,li1,138.4600,116.9600,1.798683
FILLER_38_273,VPWR,li1,131.3300,116.9600,1.798646
FILLER_38_265,VPWR,li1,129.2600,116.9600,1.798632
FILLER_38_259,VPWR,li1,124.8900,116.9600,1.798606
FILLER_38_253,VPWR,li1,123.2800,116.9600,1.798606
FILLER_38_244,VPWR,li1,119.6000,116.9600,1.798584
FILLER_38_231,VPWR,li1,112.0100,116.9600,1.798572
FILLER_38_219,VPWR,li1,109.0200,116.9600,1.798584
FILLER_38_212,VPWR,li1,103.7300,116.9600,1.798610
FILLER_38_197,VPWR,li1,96.8300,116.9600,1.798637
FILLER_38_193,VPWR,li1,94.9900,116.9600,1.798647
FILLER_38_181,VPWR,li1,89.4700,116.9600,1.798671
FILLER_38_156,VPWR,li1,77.7400,116.9600,1.798759
FILLER_38_148,VPWR,li1,75.4400,116.9600,1.798785
FILLER_38_134,VPWR,li1,68.5400,116.9600,1.798876
FILLER_38_121,VPWR,li1,62.5600,116.9600,1.798979
FILLER_38_109,VPWR,li1,58.4200,116.9600,1.799081
FILLER_38_97,VPWR,li1,52.9000,116.9600,1.799167
FILLER_38_85,VPWR,li1,47.3800,116.9600,1.799276
FILLER_38_83,VPWR,li1,43.9300,116.9600,1.799376
FILLER_38_77,VPWR,li1,42.3200,116.9600,1.799376
FILLER_38_65,VPWR,li1,38.1800,116.9600,1.799458
FILLER_38_53,VPWR,li1,32.6600,116.9600,1.799567
FILLER_38_41,VPWR,li1,27.1400,116.9600,1.799694
FILLER_38_29,VPWR,li1,21.6200,116.9600,1.799803
FILLER_38_27,VPWR,li1,18.1700,116.9600,1.799803
FILLER_38_15,VPWR,li1,15.1800,116.9600,1.799803
FILLER_38_3,VPWR,li1,9.6600,116.9600,1.799803
FILLER_37_821,VPWR,li1,383.8700,111.5200,1.799870
FILLER_37_809,VPWR,li1,380.4200,111.5200,1.799870
FILLER_37_797,VPWR,li1,374.9000,111.5200,1.799870
FILLER_37_785,VPWR,li1,369.3800,111.5200,1.799870
FILLER_37_772,VPWR,li1,363.4000,111.5200,1.799870
FILLER_37_760,VPWR,li1,357.8800,111.5200,1.799870
FILLER_37_748,VPWR,li1,351.4400,111.5200,1.799870
FILLER_37_729,VPWR,li1,341.7800,111.5200,1.799871
FILLER_37_727,VPWR,li1,340.1700,111.5200,1.799871
FILLER_37_721,VPWR,li1,338.5600,111.5200,1.799871
FILLER_37_709,VPWR,li1,334.4200,111.5200,1.799872
FILLER_37_695,VPWR,li1,327.0600,111.5200,1.799848
FILLER_37_678,VPWR,li1,318.3200,111.5200,1.799719
FILLER_37_673,VPWR,li1,315.5600,111.5200,1.799696
FILLER_37_670,VPWR,li1,314.1800,111.5200,1.799670
FILLER_37_655,VPWR,li1,307.2800,111.5200,1.799589
FILLER_37_634,VPWR,li1,297.6200,111.5200,1.799487
FILLER_37_615,VPWR,li1,288.6500,111.5200,1.799380
FILLER_37_611,VPWR,li1,287.5000,111.5200,1.799350
FILLER_37_599,VPWR,li1,283.8200,111.5200,1.799315
FILLER_37_580,VPWR,li1,272.5500,111.5200,1.799182
FILLER_37_576,VPWR,li1,271.4000,111.5200,1.799182
FILLER_37_559,VPWR,li1,262.8900,111.5200,1.799069
FILLER_37_553,VPWR,li1,261.2800,111.5200,1.799069
FILLER_37_539,VPWR,li1,253.6900,111.5200,1.798987
FILLER_37_518,VPWR,li1,244.0300,111.5200,1.798884
FILLER_37_509,VPWR,li1,239.8900,111.5200,1.798829
FILLER_37_505,VPWR,li1,238.7400,111.5200,1.798829
FILLER_37_497,VPWR,li1,234.3700,111.5200,1.798784
FILLER_37_490,VPWR,li1,231.6100,111.5200,1.798756
FILLER_37_480,VPWR,li1,226.7800,111.5200,1.798707
FILLER_37_463,VPWR,li1,219.8800,111.5200,1.798638
FILLER_37_447,VPWR,li1,211.3700,111.5200,1.798545
FILLER_37_443,VPWR,li1,210.2200,111.5200,1.798545
FILLER_37_431,VPWR,li1,206.5400,111.5200,1.798501
FILLER_37_417,VPWR,li1,197.5700,111.5200,1.798426
FILLER_37_405,VPWR,li1,194.5800,111.5200,1.798398
FILLER_37_397,VPWR,li1,188.3700,111.5200,1.798407
FILLER_37_393,VPWR,li1,187.2200,111.5200,1.798470
FILLER_37_384,VPWR,li1,182.3900,111.5200,1.798585
FILLER_37_377,VPWR,li1,179.4000,111.5200,1.798699
FILLER_37_365,VPWR,li1,176.1800,111.5200,1.798893
FILLER_37_343,VPWR,li1,163.5300,111.5200,1.798311
FILLER_37_337,VPWR,li1,161.9200,111.5200,1.798311
FILLER_37_333,VPWR,li1,159.3900,111.5200,1.798244
FILLER_37_321,VPWR,li1,153.4100,111.5200,1.798076
FILLER_37_313,VPWR,li1,151.3400,111.5200,1.798050
FILLER_37_299,VPWR,li1,143.2900,111.5200,1.797955
FILLER_37_261,VPWR,li1,125.8100,111.5200,1.797747
FILLER_37_253,VPWR,li1,123.7400,111.5200,1.797725
FILLER_37_235,VPWR,li1,114.3100,111.5200,1.797693
FILLER_37_213,VPWR,li1,103.7300,111.5200,1.797852
FILLER_37_205,VPWR,li1,100.2800,111.5200,1.797876
FILLER_37_192,VPWR,li1,94.3000,111.5200,1.797955
FILLER_37_180,VPWR,li1,91.0800,111.5200,1.798010
FILLER_37_169,VPWR,li1,84.1800,111.5200,1.798103
FILLER_37_161,VPWR,li1,80.5000,111.5200,1.798182
FILLER_37_153,VPWR,li1,76.1300,111.5200,1.798300
FILLER_37_149,VPWR,li1,74.9800,111.5200,1.798300
FILLER_37_137,VPWR,li1,71.3000,111.5200,1.798427
FILLER_37_125,VPWR,li1,65.7800,111.5200,1.798543
FILLER_37_113,VPWR,li1,60.2600,111.5200,1.798689
FILLER_37_111,VPWR,li1,56.8100,111.5200,1.798823
FILLER_37_105,VPWR,li1,55.2000,111.5200,1.798823
FILLER_37_93,VPWR,li1,51.0600,111.5200,1.798932
FILLER_37_81,VPWR,li1,45.5400,111.5200,1.799109
FILLER_37_69,VPWR,li1,40.0200,111.5200,1.799224
FILLER_37_57,VPWR,li1,34.5000,111.5200,1.799370
FILLER_37_55,VPWR,li1,31.0500,111.5200,1.799492
FILLER_37_51,VPWR,li1,29.9000,111.5200,1.799492
FILLER_37_39,VPWR,li1,26.2200,111.5200,1.799589
FILLER_37_27,VPWR,li1,20.7000,111.5200,1.799735
FILLER_37_15,VPWR,li1,15.1800,111.5200,1.799735
FILLER_37_3,VPWR,li1,9.6600,111.5200,1.799735
FILLER_36_821,VPWR,li1,383.8700,111.5200,1.799870
FILLER_36_813,VPWR,li1,381.3400,111.5200,1.799870
FILLER_36_811,VPWR,li1,378.8100,111.5200,1.799870
FILLER_36_805,VPWR,li1,377.2000,111.5200,1.799870
FILLER_36_793,VPWR,li1,373.0600,111.5200,1.799870
FILLER_36_781,VPWR,li1,367.5400,111.5200,1.799870
FILLER_36_769,VPWR,li1,362.0200,111.5200,1.799870
FILLER_36_757,VPWR,li1,356.5000,111.5200,1.799870
FILLER_36_750,VPWR,li1,351.9000,111.5200,1.799870
FILLER_36_738,VPWR,li1,347.7600,111.5200,1.799870
FILLER_36_726,VPWR,li1,342.2400,111.5200,1.799871
FILLER_36_722,VPWR,li1,337.8700,111.5200,1.799871
FILLER_36_716,VPWR,li1,336.2600,111.5200,1.799871
FILLER_36_707,VPWR,li1,330.9700,111.5200,1.799872
FILLER_36_701,VPWR,li1,329.3600,111.5200,1.799873
FILLER_36_699,VPWR,li1,327.2900,111.5200,1.799848
FILLER_36_691,VPWR,li1,325.2200,111.5200,1.799804
FILLER_36_679,VPWR,li1,320.6200,111.5200,1.799767
FILLER_36_657,VPWR,li1,310.5000,111.5200,1.799642
FILLER_36_645,VPWR,li1,304.9800,111.5200,1.799567
FILLER_36_642,VPWR,li1,301.3000,111.5200,1.799531
FILLER_36_627,VPWR,li1,295.7800,111.5200,1.799465
FILLER_36_607,VPWR,li1,286.1200,111.5200,1.799350
FILLER_36_599,VPWR,li1,281.2900,111.5200,1.799281
FILLER_36_589,VPWR,li1,277.1500,111.5200,1.799231
FILLER_36_582,VPWR,li1,274.6200,111.5200,1.799210
FILLER_36_558,VPWR,li1,262.8900,111.5200,1.799069
FILLER_36_537,VPWR,li1,252.7700,111.5200,1.798967
FILLER_36_533,VPWR,li1,251.6200,111.5200,1.798948
FILLER_36_531,VPWR,li1,250.0100,111.5200,1.798948
FILLER_36_525,VPWR,li1,247.2500,111.5200,1.798918
FILLER_36_487,VPWR,li1,230.4600,111.5200,1.798730
FILLER_36_477,VPWR,li1,225.6300,111.5200,1.798686
FILLER_36_473,VPWR,li1,223.7900,111.5200,1.798661
FILLER_36_433,VPWR,li1,205.6200,111.5200,1.798501
FILLER_36_421,VPWR,li1,201.9400,111.5200,1.798467
FILLER_36_417,VPWR,li1,198.0300,111.5200,1.798426
FILLER_36_409,VPWR,li1,195.5000,111.5200,1.798398
FILLER_36_397,VPWR,li1,190.9000,111.5200,1.798357
FILLER_36_365,VPWR,li1,176.1800,111.5200,1.798893
FILLER_36_360,VPWR,li1,172.0400,111.5200,1.798684
FILLER_36_341,VPWR,li1,165.1400,111.5200,1.798390
FILLER_36_329,VPWR,li1,159.6200,111.5200,1.798244
FILLER_36_318,VPWR,li1,152.0300,111.5200,1.798076
FILLER_36_309,VPWR,li1,147.8900,111.5200,1.798018
FILLER_36_300,VPWR,li1,143.7500,111.5200,1.797955
FILLER_36_296,VPWR,li1,142.6000,111.5200,1.797955
FILLER_36_284,VPWR,li1,138.9200,111.5200,1.797912
FILLER_36_279,VPWR,li1,134.0900,111.5200,1.797840
FILLER_36_267,VPWR,li1,131.1000,111.5200,1.797806
FILLER_36_259,VPWR,li1,124.8900,111.5200,1.797725
FILLER_36_253,VPWR,li1,123.2800,111.5200,1.797700
FILLER_36_244,VPWR,li1,119.6000,111.5200,1.797675
FILLER_36_204,VPWR,li1,100.0500,111.5200,1.797900
FILLER_36_197,VPWR,li1,96.8300,111.5200,1.797931
FILLER_36_190,VPWR,li1,94.3000,111.5200,1.797955
FILLER_36_178,VPWR,li1,90.1600,111.5200,1.798010
FILLER_36_166,VPWR,li1,84.6400,111.5200,1.798103
FILLER_36_161,VPWR,li1,80.0400,111.5200,1.798182
FILLER_36_153,VPWR,li1,77.7400,111.5200,1.798227
FILLER_36_141,VPWR,li1,73.1400,111.5200,1.798348
FILLER_36_139,VPWR,li1,69.6900,111.5200,1.798482
FILLER_36_133,VPWR,li1,68.0800,111.5200,1.798482
FILLER_36_121,VPWR,li1,63.9400,111.5200,1.798592
FILLER_36_109,VPWR,li1,58.4200,111.5200,1.798768
FILLER_36_97,VPWR,li1,52.9000,111.5200,1.798884
FILLER_36_85,VPWR,li1,47.3800,111.5200,1.799030
FILLER_36_83,VPWR,li1,43.9300,111.5200,1.799163
FILLER_36_77,VPWR,li1,42.3200,111.5200,1.799163
FILLER_36_65,VPWR,li1,38.1800,111.5200,1.799273
FILLER_36_53,VPWR,li1,32.6600,111.5200,1.799419
FILLER_36_41,VPWR,li1,27.1400,111.5200,1.799589
FILLER_36_29,VPWR,li1,21.6200,111.5200,1.799735
FILLER_36_27,VPWR,li1,18.1700,111.5200,1.799735
FILLER_36_15,VPWR,li1,15.1800,111.5200,1.799735
FILLER_36_3,VPWR,li1,9.6600,111.5200,1.799735
FILLER_35_817,VPWR,li1,382.0300,106.0800,1.799946
FILLER_35_809,VPWR,li1,379.5000,106.0800,1.799947
FILLER_35_797,VPWR,li1,374.9000,106.0800,1.799947
FILLER_35_785,VPWR,li1,369.3800,106.0800,1.799948
FILLER_35_772,VPWR,li1,363.4000,106.0800,1.799948
FILLER_35_760,VPWR,li1,357.8800,106.0800,1.799949
FILLER_35_748,VPWR,li1,352.3600,106.0800,1.799949
FILLER_35_736,VPWR,li1,346.8400,106.0800,1.799950
FILLER_35_702,VPWR,li1,328.6700,106.0800,1.799947
FILLER_35_685,VPWR,li1,322.0000,106.0800,1.799923
FILLER_35_673,VPWR,li1,317.8600,106.0800,1.799912
FILLER_35_671,VPWR,li1,314.4100,106.0800,1.799900
FILLER_35_655,VPWR,li1,307.7400,106.0800,1.799891
FILLER_35_648,VPWR,li1,303.8300,106.0800,1.799891
FILLER_35_642,VPWR,li1,302.2200,106.0800,1.799890
FILLER_35_629,VPWR,li1,296.2400,106.0800,1.799890
FILLER_35_617,VPWR,li1,292.1000,106.0800,1.799889
FILLER_35_612,VPWR,li1,287.9600,106.0800,1.799889
FILLER_35_600,VPWR,li1,284.2800,106.0800,1.799888
FILLER_35_588,VPWR,li1,276.9200,106.0800,1.799888
FILLER_35_576,VPWR,li1,273.2400,106.0800,1.799888
FILLER_35_561,VPWR,li1,264.9600,106.0800,1.799889
FILLER_35_559,VPWR,li1,262.8900,106.0800,1.799889
FILLER_35_553,VPWR,li1,261.2800,106.0800,1.799890
FILLER_35_541,VPWR,li1,257.1400,106.0800,1.799890
FILLER_35_529,VPWR,li1,251.6200,106.0800,1.799891
FILLER_35_517,VPWR,li1,246.1000,106.0800,1.799892
FILLER_35_505,VPWR,li1,240.5800,106.0800,1.799893
FILLER_35_500,VPWR,li1,236.4400,106.0800,1.799894
FILLER_35_492,VPWR,li1,232.0700,106.0800,1.799895
FILLER_35_486,VPWR,li1,230.4600,106.0800,1.799895
FILLER_35_474,VPWR,li1,226.3200,106.0800,1.799897
FILLER_35_462,VPWR,li1,220.8000,106.0800,1.799898
FILLER_35_436,VPWR,li1,208.8400,106.0800,1.799903
FILLER_35_416,VPWR,li1,197.3400,106.0800,1.799909
FILLER_35_408,VPWR,li1,195.0400,106.0800,1.799911
FILLER_35_393,VPWR,li1,186.9900,106.0800,1.799917
FILLER_35_390,VPWR,li1,185.3800,106.0800,1.799919
FILLER_35_378,VPWR,li1,182.1600,106.0800,1.799922
FILLER_35_357,VPWR,li1,169.9700,106.0800,1.799916
FILLER_35_349,VPWR,li1,167.9000,106.0800,1.799910
FILLER_35_337,VPWR,li1,163.3000,106.0800,1.799896
FILLER_35_334,VPWR,li1,159.6200,106.0800,1.799886
FILLER_35_326,VPWR,li1,157.3200,106.0800,1.799880
FILLER_35_314,VPWR,li1,152.7200,106.0800,1.799879
FILLER_35_305,VPWR,li1,146.7400,106.0800,1.799877
FILLER_35_293,VPWR,li1,143.0600,106.0800,1.799877
FILLER_35_281,VPWR,li1,137.5400,106.0800,1.799876
FILLER_35_268,VPWR,li1,131.5600,106.0800,1.799876
FILLER_35_235,VPWR,li1,116.3800,106.0800,1.799877
FILLER_35_225,VPWR,li1,109.9400,106.0800,1.799880
FILLER_35_223,VPWR,li1,108.3300,106.0800,1.799881
FILLER_35_217,VPWR,li1,106.7200,106.0800,1.799881
FILLER_35_205,VPWR,li1,102.5800,106.0800,1.799883
FILLER_35_193,VPWR,li1,97.0600,106.0800,1.799886
FILLER_35_181,VPWR,li1,91.5400,106.0800,1.799889
FILLER_35_169,VPWR,li1,86.0200,106.0800,1.799892
FILLER_35_165,VPWR,li1,82.1100,106.0800,1.799895
FILLER_35_157,VPWR,li1,79.5800,106.0800,1.799898
FILLER_35_141,VPWR,li1,71.0700,106.0800,1.799905
FILLER_35_129,VPWR,li1,67.6200,106.0800,1.799910
FILLER_35_121,VPWR,li1,61.6400,106.0800,1.799915
FILLER_35_113,VPWR,li1,59.3400,106.0800,1.799919
FILLER_35_109,VPWR,li1,56.3500,106.0800,1.799922
FILLER_35_99,VPWR,li1,51.5200,106.0800,1.799931
FILLER_35_93,VPWR,li1,48.7600,106.0800,1.799936
FILLER_35_81,VPWR,li1,44.6200,106.0800,1.799941
FILLER_35_69,VPWR,li1,40.0200,106.0800,1.799948
FILLER_35_57,VPWR,li1,34.5000,106.0800,1.799958
FILLER_35_55,VPWR,li1,31.0500,106.0800,1.799966
FILLER_35_51,VPWR,li1,29.9000,106.0800,1.799966
FILLER_35_39,VPWR,li1,26.2200,106.0800,1.799973
FILLER_35_27,VPWR,li1,20.7000,106.0800,1.799982
FILLER_35_15,VPWR,li1,15.1800,106.0800,1.799982
FILLER_35_3,VPWR,li1,9.6600,106.0800,1.799982
FILLER_34_813,VPWR,li1,381.3400,106.0800,1.799946
FILLER_34_811,VPWR,li1,378.8100,106.0800,1.799947
FILLER_34_805,VPWR,li1,377.2000,106.0800,1.799947
FILLER_34_793,VPWR,li1,373.0600,106.0800,1.799947
FILLER_34_781,VPWR,li1,367.5400,106.0800,1.799948
FILLER_34_769,VPWR,li1,362.0200,106.0800,1.799948
FILLER_34_757,VPWR,li1,356.5000,106.0800,1.799949
FILLER_34_748,VPWR,li1,351.4400,106.0800,1.799949
FILLER_34_736,VPWR,li1,346.8400,106.0800,1.799950
FILLER_34_717,VPWR,li1,335.5700,106.0800,1.799952
FILLER_34_698,VPWR,li1,327.0600,106.0800,1.799947
FILLER_34_660,VPWR,li1,309.3500,106.0800,1.799892
FILLER_34_636,VPWR,li1,298.3100,106.0800,1.799890
FILLER_34_630,VPWR,li1,296.7000,106.0800,1.799890
FILLER_34_618,VPWR,li1,292.5600,106.0800,1.799889
FILLER_34_606,VPWR,li1,287.0400,106.0800,1.799889
FILLER_34_597,VPWR,li1,280.8300,106.0800,1.799888
FILLER_34_589,VPWR,li1,278.3000,106.0800,1.799888
FILLER_34_586,VPWR,li1,275.5400,106.0800,1.799888
FILLER_34_578,VPWR,li1,273.2400,106.0800,1.799888
FILLER_34_573,VPWR,li1,269.3300,106.0800,1.799889
FILLER_34_561,VPWR,li1,266.3400,106.0800,1.799889
FILLER_34_549,VPWR,li1,260.8200,106.0800,1.799890
FILLER_34_537,VPWR,li1,255.3000,106.0800,1.799890
FILLER_34_525,VPWR,li1,247.2500,106.0800,1.799892
FILLER_34_513,VPWR,li1,244.2600,106.0800,1.799892
FILLER_34_501,VPWR,li1,238.7400,106.0800,1.799893
FILLER_34_496,VPWR,li1,234.1400,106.0800,1.799894
FILLER_34_489,VPWR,li1,230.6900,106.0800,1.799895
FILLER_34_477,VPWR,li1,227.7000,106.0800,1.799897
FILLER_34_475,VPWR,li1,224.2500,106.0800,1.799897
FILLER_34_467,VPWR,li1,222.1800,106.0800,1.799898
FILLER_34_455,VPWR,li1,217.5800,106.0800,1.799900
FILLER_34_443,VPWR,li1,212.0600,106.0800,1.799902
FILLER_34_419,VPWR,li1,198.4900,106.0800,1.799908
FILLER_34_408,VPWR,li1,194.1200,106.0800,1.799911
FILLER_34_394,VPWR,li1,186.9900,106.0800,1.799917
FILLER_34_386,VPWR,li1,184.9200,106.0800,1.799919
FILLER_34_365,VPWR,li1,176.1800,106.0800,1.799931
FILLER_34_361,VPWR,li1,172.2700,106.0800,1.799923
FILLER_34_349,VPWR,li1,168.8200,106.0800,1.799910
FILLER_34_321,VPWR,li1,153.6400,106.0800,1.799879
FILLER_34_309,VPWR,li1,150.4200,106.0800,1.799878
FILLER_34_307,VPWR,li1,146.9700,106.0800,1.799877
FILLER_34_293,VPWR,li1,141.2200,106.0800,1.799877
FILLER_34_281,VPWR,li1,137.5400,106.0800,1.799876
FILLER_34_253,VPWR,li1,122.3600,106.0800,1.799876
FILLER_34_243,VPWR,li1,118.6800,106.0800,1.799877
FILLER_34_231,VPWR,li1,114.5400,106.0800,1.799878
FILLER_34_219,VPWR,li1,107.6400,106.0800,1.799881
FILLER_34_207,VPWR,li1,103.5000,106.0800,1.799883
FILLER_34_185,VPWR,li1,91.3100,106.0800,1.799889
FILLER_34_139,VPWR,li1,69.6900,106.0800,1.799908
FILLER_34_135,VPWR,li1,68.5400,106.0800,1.799908
FILLER_34_116,VPWR,li1,59.1100,106.0800,1.799919
FILLER_34_83,VPWR,li1,43.9300,106.0800,1.799944
FILLER_34_77,VPWR,li1,42.3200,106.0800,1.799944
FILLER_34_65,VPWR,li1,38.1800,106.0800,1.799952
FILLER_34_53,VPWR,li1,32.6600,106.0800,1.799961
FILLER_34_41,VPWR,li1,27.1400,106.0800,1.799973
FILLER_34_29,VPWR,li1,21.6200,106.0800,1.799982
FILLER_34_27,VPWR,li1,18.1700,106.0800,1.799982
FILLER_34_15,VPWR,li1,15.1800,106.0800,1.799982
FILLER_34_3,VPWR,li1,9.6600,106.0800,1.799982
FILLER_33_821,VPWR,li1,383.8700,100.6400,1.799961
FILLER_33_809,VPWR,li1,380.4200,100.6400,1.799961
FILLER_33_797,VPWR,li1,374.9000,100.6400,1.799961
FILLER_33_785,VPWR,li1,369.3800,100.6400,1.799961
FILLER_33_783,VPWR,li1,365.9300,100.6400,1.799961
FILLER_33_771,VPWR,li1,362.9400,100.6400,1.799962
FILLER_33_759,VPWR,li1,357.4200,100.6400,1.799962
FILLER_33_747,VPWR,li1,351.9000,100.6400,1.799962
FILLER_33_735,VPWR,li1,346.3800,100.6400,1.799963
FILLER_33_719,VPWR,li1,336.7200,100.6400,1.799963
FILLER_33_711,VPWR,li1,334.4200,100.6400,1.799963
FILLER_33_688,VPWR,li1,322.9200,100.6400,1.799944
FILLER_33_662,VPWR,li1,310.7300,100.6400,1.799915
FILLER_33_654,VPWR,li1,308.2000,100.6400,1.799913
FILLER_33_647,VPWR,li1,303.3700,100.6400,1.799909
FILLER_33_641,VPWR,li1,301.7600,100.6400,1.799909
FILLER_33_629,VPWR,li1,297.6200,100.6400,1.799906
FILLER_33_612,VPWR,li1,287.2700,100.6400,1.799902
FILLER_33_595,VPWR,li1,279.9100,100.6400,1.799900
FILLER_33_561,VPWR,li1,264.2700,100.6400,1.799898
FILLER_33_549,VPWR,li1,258.7500,100.6400,1.799899
FILLER_33_541,VPWR,li1,256.2200,100.6400,1.799899
FILLER_33_510,VPWR,li1,241.5000,100.6400,1.799905
FILLER_33_480,VPWR,li1,226.5500,100.6400,1.799914
FILLER_33_474,VPWR,li1,224.9400,100.6400,1.799915
FILLER_33_462,VPWR,li1,220.8000,100.6400,1.799918
FILLER_33_438,VPWR,li1,207.6900,100.6400,1.799931
FILLER_33_417,VPWR,li1,198.2600,100.6400,1.799942
FILLER_33_405,VPWR,li1,194.5800,100.6400,1.799947
FILLER_33_393,VPWR,li1,189.0600,100.6400,1.799954
FILLER_33_388,VPWR,li1,184.9200,100.6400,1.799960
FILLER_33_373,VPWR,li1,177.3300,100.6400,1.799971
FILLER_33_362,VPWR,li1,172.2700,100.6400,1.799972
FILLER_33_354,VPWR,li1,170.2000,100.6400,1.799971
FILLER_33_325,VPWR,li1,156.4000,100.6400,1.799958
FILLER_33_313,VPWR,li1,152.2600,100.6400,1.799954
FILLER_33_296,VPWR,li1,141.9100,100.6400,1.799946
FILLER_33_292,VPWR,li1,140.7600,100.6400,1.799945
FILLER_33_281,VPWR,li1,135.0100,100.6400,1.799943
FILLER_33_279,VPWR,li1,134.0900,100.6400,1.799942
FILLER_33_275,VPWR,li1,132.9400,100.6400,1.799942
FILLER_33_267,VPWR,li1,128.5700,100.6400,1.799939
FILLER_33_258,VPWR,li1,125.5800,100.6400,1.799938
FILLER_33_246,VPWR,li1,121.4400,100.6400,1.799936
FILLER_33_221,VPWR,li1,107.8700,100.6400,1.799934
FILLER_33_206,VPWR,li1,102.1200,100.6400,1.799935
FILLER_33_183,VPWR,li1,90.6200,100.6400,1.799938
FILLER_33_174,VPWR,li1,86.4800,100.6400,1.799939
FILLER_33_165,VPWR,li1,82.1100,100.6400,1.799941
FILLER_33_157,VPWR,li1,79.5800,100.6400,1.799942
FILLER_33_146,VPWR,li1,72.9100,100.6400,1.799944
FILLER_33_134,VPWR,li1,69.9200,100.6400,1.799946
FILLER_33_126,VPWR,li1,63.7100,100.6400,1.799949
FILLER_33_119,VPWR,li1,60.4900,100.6400,1.799951
FILLER_33_113,VPWR,li1,58.8800,100.6400,1.799953
FILLER_33_108,VPWR,li1,56.1200,100.6400,1.799955
FILLER_33_90,VPWR,li1,47.6100,100.6400,1.799963
FILLER_33_81,VPWR,li1,43.7000,100.6400,1.799967
FILLER_33_69,VPWR,li1,40.0200,100.6400,1.799970
FILLER_33_57,VPWR,li1,34.5000,100.6400,1.799976
FILLER_33_55,VPWR,li1,31.0500,100.6400,1.799980
FILLER_33_51,VPWR,li1,29.9000,100.6400,1.799980
FILLER_33_39,VPWR,li1,26.2200,100.6400,1.799984
FILLER_33_27,VPWR,li1,20.7000,100.6400,1.799990
FILLER_33_15,VPWR,li1,15.1800,100.6400,1.799990
FILLER_33_3,VPWR,li1,9.6600,100.6400,1.799990
FILLER_32_819,VPWR,li1,382.4900,100.6400,1.799961
FILLER_32_813,VPWR,li1,380.8800,100.6400,1.799961
FILLER_32_811,VPWR,li1,378.8100,100.6400,1.799961
FILLER_32_805,VPWR,li1,377.2000,100.6400,1.799961
FILLER_32_793,VPWR,li1,373.0600,100.6400,1.799961
FILLER_32_781,VPWR,li1,367.5400,100.6400,1.799961
FILLER_32_769,VPWR,li1,362.0200,100.6400,1.799962
FILLER_32_757,VPWR,li1,356.5000,100.6400,1.799962
FILLER_32_752,VPWR,li1,352.3600,100.6400,1.799962
FILLER_32_740,VPWR,li1,348.6800,100.6400,1.799962
FILLER_32_728,VPWR,li1,343.1600,100.6400,1.799963
FILLER_32_716,VPWR,li1,337.6400,100.6400,1.799963
FILLER_32_704,VPWR,li1,332.1200,100.6400,1.799964
FILLER_32_699,VPWR,li1,327.2900,100.6400,1.799958
FILLER_32_691,VPWR,li1,325.2200,100.6400,1.799951
FILLER_32_660,VPWR,li1,309.3500,100.6400,1.799913
FILLER_32_648,VPWR,li1,306.3600,100.6400,1.799911
FILLER_32_643,VPWR,li1,301.5300,100.6400,1.799908
FILLER_32_622,VPWR,li1,291.8700,100.6400,1.799904
FILLER_32_604,VPWR,li1,284.2800,100.6400,1.799901
FILLER_32_589,VPWR,li1,278.3000,100.6400,1.799900
FILLER_32_586,VPWR,li1,275.5400,100.6400,1.799899
FILLER_32_564,VPWR,li1,265.4200,100.6400,1.799898
FILLER_32_549,VPWR,li1,258.2900,100.6400,1.799899
FILLER_32_531,VPWR,li1,250.0100,100.6400,1.799901
FILLER_32_523,VPWR,li1,246.3300,100.6400,1.799903
FILLER_32_515,VPWR,li1,244.2600,100.6400,1.799904
FILLER_32_499,VPWR,li1,236.4400,100.6400,1.799908
FILLER_32_494,VPWR,li1,232.9900,100.6400,1.799910
FILLER_32_466,VPWR,li1,220.5700,100.6400,1.799920
FILLER_32_447,VPWR,li1,211.3700,100.6400,1.799928
FILLER_32_439,VPWR,li1,209.3000,100.6400,1.799931
FILLER_32_421,VPWR,li1,200.1000,100.6400,1.799940
FILLER_32_408,VPWR,li1,195.9600,100.6400,1.799947
FILLER_32_396,VPWR,li1,190.4400,100.6400,1.799954
FILLER_32_365,VPWR,li1,176.1800,100.6400,1.799971
FILLER_32_360,VPWR,li1,172.0400,100.6400,1.799972
FILLER_32_348,VPWR,li1,168.3600,100.6400,1.799968
FILLER_32_334,VPWR,li1,159.8500,100.6400,1.799960
FILLER_32_326,VPWR,li1,157.3200,100.6400,1.799958
FILLER_32_317,VPWR,li1,152.0300,100.6400,1.799954
FILLER_32_309,VPWR,li1,149.5000,100.6400,1.799952
FILLER_32_306,VPWR,li1,146.7400,100.6400,1.799949
FILLER_32_298,VPWR,li1,144.4400,100.6400,1.799947
FILLER_32_294,VPWR,li1,140.9900,100.6400,1.799946
FILLER_32_282,VPWR,li1,138.0000,100.6400,1.799944
FILLER_32_265,VPWR,li1,128.1100,100.6400,1.799939
FILLER_32_253,VPWR,li1,124.6600,100.6400,1.799938
FILLER_32_251,VPWR,li1,121.2100,100.6400,1.799936
FILLER_32_247,VPWR,li1,120.0600,100.6400,1.799936
FILLER_32_239,VPWR,li1,115.9200,100.6400,1.799935
FILLER_32_227,VPWR,li1,112.7000,100.6400,1.799934
FILLER_32_216,VPWR,li1,105.1100,100.6400,1.799934
FILLER_32_208,VPWR,li1,103.0400,100.6400,1.799935
FILLER_32_201,VPWR,li1,98.2100,100.6400,1.799936
FILLER_32_197,VPWR,li1,97.0600,100.6400,1.799936
FILLER_32_195,VPWR,li1,95.4500,100.6400,1.799936
FILLER_32_189,VPWR,li1,93.8400,100.6400,1.799937
FILLER_32_177,VPWR,li1,89.7000,100.6400,1.799939
FILLER_32_165,VPWR,li1,84.1800,100.6400,1.799940
FILLER_32_153,VPWR,li1,78.6600,100.6400,1.799943
FILLER_32_141,VPWR,li1,73.1400,100.6400,1.799944
FILLER_32_139,VPWR,li1,69.6900,100.6400,1.799946
FILLER_32_133,VPWR,li1,68.0800,100.6400,1.799946
FILLER_32_121,VPWR,li1,63.9400,100.6400,1.799949
FILLER_32_109,VPWR,li1,58.4200,100.6400,1.799953
FILLER_32_97,VPWR,li1,52.9000,100.6400,1.799958
FILLER_32_85,VPWR,li1,47.3800,100.6400,1.799964
FILLER_32_83,VPWR,li1,43.9300,100.6400,1.799967
FILLER_32_79,VPWR,li1,42.7800,100.6400,1.799967
FILLER_32_65,VPWR,li1,36.1100,100.6400,1.799976
FILLER_32_53,VPWR,li1,32.6600,100.6400,1.799978
FILLER_32_41,VPWR,li1,27.1400,100.6400,1.799984
FILLER_32_29,VPWR,li1,21.6200,100.6400,1.799990
FILLER_32_27,VPWR,li1,18.1700,100.6400,1.799990
FILLER_32_15,VPWR,li1,15.1800,100.6400,1.799990
FILLER_32_3,VPWR,li1,9.6600,100.6400,1.799990
FILLER_31_809,VPWR,li1,380.4200,95.2000,1.799975
FILLER_31_797,VPWR,li1,374.9000,95.2000,1.799976
FILLER_31_785,VPWR,li1,369.3800,95.2000,1.799976
FILLER_31_783,VPWR,li1,365.9300,95.2000,1.799977
FILLER_31_777,VPWR,li1,364.3200,95.2000,1.799977
FILLER_31_765,VPWR,li1,360.1800,95.2000,1.799977
FILLER_31_753,VPWR,li1,354.6600,95.2000,1.799978
FILLER_31_741,VPWR,li1,349.1400,95.2000,1.799978
FILLER_31_729,VPWR,li1,343.6200,95.2000,1.799979
FILLER_31_727,VPWR,li1,340.1700,95.2000,1.799979
FILLER_31_721,VPWR,li1,338.5600,95.2000,1.799979
FILLER_31_709,VPWR,li1,334.4200,95.2000,1.799980
FILLER_31_685,VPWR,li1,323.3800,95.2000,1.799972
FILLER_31_673,VPWR,li1,317.8600,95.2000,1.799965
FILLER_31_663,VPWR,li1,310.7300,95.2000,1.799956
FILLER_31_657,VPWR,li1,309.1200,95.2000,1.799954
FILLER_31_645,VPWR,li1,304.9800,95.2000,1.799949
FILLER_31_633,VPWR,li1,299.4600,95.2000,1.799944
FILLER_31_614,VPWR,li1,288.4200,95.2000,1.799934
FILLER_31_602,VPWR,li1,283.1300,95.2000,1.799931
FILLER_31_585,VPWR,li1,276.0000,95.2000,1.799926
FILLER_31_573,VPWR,li1,269.5600,95.2000,1.799923
FILLER_31_561,VPWR,li1,266.3400,95.2000,1.799921
FILLER_31_559,VPWR,li1,262.8900,95.2000,1.799919
FILLER_31_552,VPWR,li1,259.6700,95.2000,1.799918
FILLER_31_548,VPWR,li1,258.5200,95.2000,1.799918
FILLER_31_539,VPWR,li1,253.6900,95.2000,1.799916
FILLER_31_535,VPWR,li1,251.8500,95.2000,1.799916
FILLER_31_531,VPWR,li1,250.7000,95.2000,1.799916
FILLER_31_519,VPWR,li1,247.0200,95.2000,1.799915
FILLER_31_502,VPWR,li1,236.9000,95.2000,1.799914
FILLER_31_494,VPWR,li1,234.6000,95.2000,1.799914
FILLER_31_478,VPWR,li1,226.7800,95.2000,1.799914
FILLER_31_468,VPWR,li1,221.4900,95.2000,1.799914
FILLER_31_457,VPWR,li1,215.9700,95.2000,1.799916
FILLER_31_449,VPWR,li1,213.9000,95.2000,1.799917
FILLER_31_446,VPWR,li1,211.1400,95.2000,1.799918
FILLER_31_438,VPWR,li1,208.8400,95.2000,1.799918
FILLER_31_428,VPWR,li1,202.6300,95.2000,1.799922
FILLER_31_420,VPWR,li1,200.5600,95.2000,1.799925
FILLER_31_408,VPWR,li1,195.9600,95.2000,1.799930
FILLER_31_401,VPWR,li1,190.4400,95.2000,1.799935
FILLER_31_393,VPWR,li1,188.1400,95.2000,1.799937
FILLER_31_391,VPWR,li1,185.6100,95.2000,1.799940
FILLER_31_384,VPWR,li1,182.3900,95.2000,1.799946
FILLER_31_378,VPWR,li1,180.7800,95.2000,1.799946
FILLER_31_363,VPWR,li1,172.7300,95.2000,1.799950
FILLER_31_350,VPWR,li1,166.9800,95.2000,1.799936
FILLER_31_337,VPWR,li1,161.9200,95.2000,1.799923
FILLER_31_327,VPWR,li1,156.4000,95.2000,1.799914
FILLER_31_308,VPWR,li1,148.5800,95.2000,1.799895
FILLER_31_289,VPWR,li1,139.1500,95.2000,1.799883
FILLER_31_281,VPWR,li1,136.6200,95.2000,1.799881
FILLER_31_279,VPWR,li1,134.0900,95.2000,1.799878
FILLER_31_275,VPWR,li1,132.9400,95.2000,1.799878
FILLER_31_262,VPWR,li1,126.2700,95.2000,1.799873
FILLER_31_247,VPWR,li1,119.6000,95.2000,1.799870
FILLER_31_232,VPWR,li1,112.7000,95.2000,1.799868
FILLER_31_223,VPWR,li1,108.3300,95.2000,1.799867
FILLER_31_219,VPWR,li1,107.1800,95.2000,1.799867
FILLER_31_211,VPWR,li1,102.8100,95.2000,1.799867
FILLER_31_207,VPWR,li1,101.6600,95.2000,1.799867
FILLER_31_198,VPWR,li1,97.0600,95.2000,1.799868
FILLER_31_188,VPWR,li1,92.2300,95.2000,1.799869
FILLER_31_180,VPWR,li1,90.1600,95.2000,1.799870
FILLER_31_156,VPWR,li1,80.0400,95.2000,1.799878
FILLER_31_144,VPWR,li1,74.5200,95.2000,1.799884
FILLER_31_134,VPWR,li1,67.3900,95.2000,1.799893
FILLER_31_122,VPWR,li1,64.4000,95.2000,1.799897
FILLER_31_113,VPWR,li1,57.9600,95.2000,1.799907
FILLER_31_108,VPWR,li1,56.1200,95.2000,1.799910
FILLER_31_97,VPWR,li1,51.0600,95.2000,1.799918
FILLER_31_86,VPWR,li1,45.3100,95.2000,1.799928
FILLER_31_78,VPWR,li1,43.2400,95.2000,1.799932
FILLER_31_57,VPWR,li1,32.2000,95.2000,1.799954
FILLER_31_55,VPWR,li1,31.0500,95.2000,1.799959
FILLER_31_51,VPWR,li1,29.9000,95.2000,1.799959
FILLER_31_39,VPWR,li1,26.2200,95.2000,1.799967
FILLER_31_27,VPWR,li1,20.7000,95.2000,1.799979
FILLER_31_15,VPWR,li1,15.1800,95.2000,1.799979
FILLER_31_3,VPWR,li1,9.6600,95.2000,1.799979
FILLER_30_819,VPWR,li1,382.4900,95.2000,1.799975
FILLER_30_813,VPWR,li1,380.8800,95.2000,1.799975
FILLER_30_811,VPWR,li1,378.8100,95.2000,1.799976
FILLER_30_805,VPWR,li1,377.2000,95.2000,1.799976
FILLER_30_793,VPWR,li1,373.0600,95.2000,1.799976
FILLER_30_781,VPWR,li1,367.5400,95.2000,1.799977
FILLER_30_769,VPWR,li1,362.0200,95.2000,1.799977
FILLER_30_757,VPWR,li1,356.5000,95.2000,1.799977
FILLER_30_752,VPWR,li1,352.3600,95.2000,1.799978
FILLER_30_740,VPWR,li1,348.6800,95.2000,1.799978
FILLER_30_728,VPWR,li1,343.1600,95.2000,1.799979
FILLER_30_716,VPWR,li1,337.6400,95.2000,1.799979
FILLER_30_697,VPWR,li1,326.8300,95.2000,1.799977
FILLER_30_684,VPWR,li1,320.6200,95.2000,1.799969
FILLER_30_676,VPWR,li1,318.3200,95.2000,1.799965
FILLER_30_655,VPWR,li1,307.2800,95.2000,1.799951
FILLER_30_637,VPWR,li1,299.0000,95.2000,1.799944
FILLER_30_625,VPWR,li1,295.7800,95.2000,1.799941
FILLER_30_613,VPWR,li1,289.3400,95.2000,1.799936
FILLER_30_601,VPWR,li1,284.7400,95.2000,1.799931
FILLER_30_589,VPWR,li1,279.2200,95.2000,1.799928
FILLER_30_586,VPWR,li1,275.5400,95.2000,1.799926
FILLER_30_571,VPWR,li1,269.5600,95.2000,1.799923
FILLER_30_559,VPWR,li1,265.4200,95.2000,1.799921
FILLER_30_547,VPWR,li1,259.9000,95.2000,1.799918
FILLER_30_541,VPWR,li1,254.6100,95.2000,1.799916
FILLER_30_533,VPWR,li1,252.5400,95.2000,1.799916
FILLER_30_530,VPWR,li1,249.7800,95.2000,1.799916
FILLER_30_522,VPWR,li1,247.4800,95.2000,1.799915
FILLER_30_510,VPWR,li1,242.8800,95.2000,1.799914
FILLER_30_505,VPWR,li1,238.0500,95.2000,1.799914
FILLER_30_501,VPWR,li1,236.9000,95.2000,1.799914
FILLER_30_489,VPWR,li1,233.2200,95.2000,1.799913
FILLER_30_477,VPWR,li1,227.7000,95.2000,1.799914
FILLER_30_474,VPWR,li1,224.0200,95.2000,1.799914
FILLER_30_468,VPWR,li1,221.0300,95.2000,1.799914
FILLER_30_458,VPWR,li1,217.1200,95.2000,1.799915
FILLER_30_450,VPWR,li1,212.7500,95.2000,1.799917
FILLER_30_442,VPWR,li1,210.6800,95.2000,1.799918
FILLER_30_421,VPWR,li1,200.1000,95.2000,1.799925
FILLER_30_419,VPWR,li1,198.4900,95.2000,1.799928
FILLER_30_415,VPWR,li1,197.3400,95.2000,1.799928
FILLER_30_396,VPWR,li1,188.6000,95.2000,1.799937
FILLER_30_371,VPWR,li1,178.9400,95.2000,1.799950
FILLER_30_365,VPWR,li1,173.8800,95.2000,1.799956
FILLER_30_352,VPWR,li1,170.2000,95.2000,1.799944
FILLER_30_345,VPWR,li1,164.4500,95.2000,1.799930
FILLER_30_341,VPWR,li1,163.3000,95.2000,1.799930
FILLER_30_329,VPWR,li1,159.6200,95.2000,1.799919
FILLER_30_317,VPWR,li1,151.8000,95.2000,1.799905
FILLER_30_309,VPWR,li1,149.5000,95.2000,1.799900
FILLER_30_300,VPWR,li1,143.7500,95.2000,1.799887
FILLER_30_280,VPWR,li1,136.1600,95.2000,1.799879
FILLER_30_265,VPWR,li1,128.3400,95.2000,1.799875
FILLER_30_253,VPWR,li1,124.6600,95.2000,1.799873
FILLER_30_250,VPWR,li1,120.9800,95.2000,1.799870
FILLER_30_238,VPWR,li1,115.4600,95.2000,1.799869
FILLER_30_226,VPWR,li1,112.2400,95.2000,1.799867
FILLER_30_214,VPWR,li1,106.7200,95.2000,1.799867
FILLER_30_204,VPWR,li1,100.2800,95.2000,1.799867
FILLER_30_194,VPWR,li1,95.2200,95.2000,1.799868
FILLER_30_177,VPWR,li1,87.1700,95.2000,1.799871
FILLER_30_171,VPWR,li1,85.5600,95.2000,1.799873
FILLER_30_155,VPWR,li1,77.5100,95.2000,1.799881
FILLER_30_123,VPWR,li1,62.3300,95.2000,1.799900
FILLER_30_119,VPWR,li1,61.1800,95.2000,1.799904
FILLER_30_110,VPWR,li1,57.0400,95.2000,1.799910
FILLER_30_72,VPWR,li1,40.4800,95.2000,1.799939
FILLER_30_53,VPWR,li1,32.6600,95.2000,1.799954
FILLER_30_41,VPWR,li1,27.1400,95.2000,1.799967
FILLER_30_29,VPWR,li1,21.6200,95.2000,1.799979
FILLER_30_27,VPWR,li1,18.1700,95.2000,1.799979
FILLER_30_15,VPWR,li1,15.1800,95.2000,1.799979
FILLER_30_3,VPWR,li1,9.6600,95.2000,1.799979
FILLER_29_809,VPWR,li1,380.4200,89.7600,1.799919
FILLER_29_797,VPWR,li1,374.9000,89.7600,1.799919
FILLER_29_785,VPWR,li1,369.3800,89.7600,1.799919
FILLER_29_783,VPWR,li1,365.9300,89.7600,1.799919
FILLER_29_777,VPWR,li1,364.3200,89.7600,1.799919
FILLER_29_765,VPWR,li1,360.1800,89.7600,1.799919
FILLER_29_753,VPWR,li1,354.6600,89.7600,1.799919
FILLER_29_741,VPWR,li1,349.1400,89.7600,1.799919
FILLER_29_729,VPWR,li1,343.6200,89.7600,1.799919
FILLER_29_725,VPWR,li1,339.7100,89.7600,1.799919
FILLER_29_717,VPWR,li1,337.1800,89.7600,1.799919
FILLER_29_683,VPWR,li1,319.9300,89.7600,1.799900
FILLER_29_679,VPWR,li1,318.7800,89.7600,1.799900
FILLER_29_658,VPWR,li1,309.1200,89.7600,1.799869
FILLER_29_643,VPWR,li1,301.5300,89.7600,1.799848
FILLER_29_631,VPWR,li1,298.5400,89.7600,1.799840
FILLER_29_615,VPWR,li1,288.6500,89.7600,1.799813
FILLER_29_609,VPWR,li1,287.0400,89.7600,1.799808
FILLER_29_597,VPWR,li1,282.9000,89.7600,1.799793
FILLER_29_582,VPWR,li1,273.7000,89.7600,1.799774
FILLER_29_573,VPWR,li1,269.5600,89.7600,1.799763
FILLER_29_561,VPWR,li1,266.3400,89.7600,1.799758
FILLER_29_559,VPWR,li1,262.8900,89.7600,1.799751
FILLER_29_535,VPWR,li1,251.8500,89.7600,1.799730
FILLER_29_513,VPWR,li1,241.9600,89.7600,1.799721
FILLER_29_505,VPWR,li1,239.6600,89.7600,1.799718
FILLER_29_503,VPWR,li1,237.1300,89.7600,1.799715
FILLER_29_471,VPWR,li1,224.9400,89.7600,1.799734
FILLER_29_464,VPWR,li1,219.6500,89.7600,1.799749
FILLER_29_452,VPWR,li1,216.2000,89.7600,1.799762
FILLER_29_447,VPWR,li1,211.3700,89.7600,1.799784
FILLER_29_441,VPWR,li1,209.7600,89.7600,1.799784
FILLER_29_433,VPWR,li1,204.9300,89.7600,1.799803
FILLER_29_420,VPWR,li1,200.1000,89.7600,1.799822
FILLER_29_405,VPWR,li1,192.0500,89.7600,1.799856
FILLER_29_401,VPWR,li1,190.9000,89.7600,1.799867
FILLER_29_391,VPWR,li1,185.6100,89.7600,1.799889
FILLER_29_380,VPWR,li1,180.5500,89.7600,1.799915
FILLER_29_374,VPWR,li1,178.9400,89.7600,1.799915
FILLER_29_361,VPWR,li1,171.8100,89.7600,1.799923
FILLER_29_349,VPWR,li1,168.8200,89.7600,1.799917
FILLER_29_337,VPWR,li1,163.3000,89.7600,1.799908
FILLER_29_327,VPWR,li1,157.3200,89.7600,1.799898
FILLER_29_315,VPWR,li1,151.8000,89.7600,1.799889
FILLER_29_311,VPWR,li1,148.8100,89.7600,1.799883
FILLER_29_305,VPWR,li1,147.2000,89.7600,1.799883
FILLER_29_293,VPWR,li1,143.0600,89.7600,1.799878
FILLER_29_281,VPWR,li1,137.5400,89.7600,1.799871
FILLER_29_279,VPWR,li1,134.0900,89.7600,1.799867
FILLER_29_267,VPWR,li1,131.1000,89.7600,1.799862
FILLER_29_255,VPWR,li1,125.5800,89.7600,1.799855
FILLER_29_243,VPWR,li1,120.0600,89.7600,1.799848
FILLER_29_231,VPWR,li1,114.5400,89.7600,1.799843
FILLER_29_209,VPWR,li1,103.5000,89.7600,1.799836
FILLER_29_197,VPWR,li1,98.9000,89.7600,1.799835
FILLER_29_184,VPWR,li1,90.8500,89.7600,1.799835
FILLER_29_176,VPWR,li1,88.3200,89.7600,1.799835
FILLER_29_156,VPWR,li1,78.6600,89.7600,1.799845
FILLER_29_150,VPWR,li1,74.7500,89.7600,1.799851
FILLER_29_142,VPWR,li1,72.6800,89.7600,1.799854
FILLER_29_122,VPWR,li1,64.4000,89.7600,1.799868
FILLER_29_109,VPWR,li1,56.3500,89.7600,1.799883
FILLER_29_97,VPWR,li1,52.9000,89.7600,1.799891
FILLER_29_89,VPWR,li1,46.6900,89.7600,1.799905
FILLER_29_57,VPWR,li1,31.9700,89.7600,1.799942
FILLER_29_55,VPWR,li1,31.0500,89.7600,1.799948
FILLER_29_51,VPWR,li1,29.9000,89.7600,1.799948
FILLER_29_39,VPWR,li1,26.2200,89.7600,1.799958
FILLER_29_27,VPWR,li1,20.7000,89.7600,1.799973
FILLER_29_15,VPWR,li1,15.1800,89.7600,1.799973
FILLER_29_3,VPWR,li1,9.6600,89.7600,1.799973
FILLER_28_821,VPWR,li1,383.8700,89.7600,1.799919
FILLER_28_813,VPWR,li1,381.3400,89.7600,1.799919
FILLER_28_811,VPWR,li1,378.8100,89.7600,1.799919
FILLER_28_805,VPWR,li1,377.2000,89.7600,1.799919
FILLER_28_793,VPWR,li1,373.0600,89.7600,1.799919
FILLER_28_781,VPWR,li1,367.5400,89.7600,1.799919
FILLER_28_769,VPWR,li1,362.0200,89.7600,1.799919
FILLER_28_757,VPWR,li1,356.5000,89.7600,1.799919
FILLER_28_750,VPWR,li1,351.9000,89.7600,1.799919
FILLER_28_738,VPWR,li1,347.7600,89.7600,1.799919
FILLER_28_726,VPWR,li1,342.2400,89.7600,1.799919
FILLER_28_701,VPWR,li1,328.2100,89.7600,1.799931
FILLER_28_698,VPWR,li1,327.0600,89.7600,1.799923
FILLER_28_679,VPWR,li1,319.2400,89.7600,1.799900
FILLER_28_670,VPWR,li1,314.1800,89.7600,1.799882
FILLER_28_663,VPWR,li1,310.7300,89.7600,1.799874
FILLER_28_653,VPWR,li1,306.5900,89.7600,1.799862
FILLER_28_645,VPWR,li1,304.0600,89.7600,1.799854
FILLER_28_643,VPWR,li1,301.5300,89.7600,1.799848
FILLER_28_635,VPWR,li1,299.4600,89.7600,1.799840
FILLER_28_623,VPWR,li1,294.8600,89.7600,1.799828
FILLER_28_610,VPWR,li1,286.8100,89.7600,1.799808
FILLER_28_595,VPWR,li1,279.4500,89.7600,1.799784
FILLER_28_589,VPWR,li1,277.8400,89.7600,1.799784
FILLER_28_587,VPWR,li1,275.7700,89.7600,1.799779
FILLER_28_581,VPWR,li1,273.0100,89.7600,1.799769
FILLER_28_567,VPWR,li1,266.5700,89.7600,1.799758
FILLER_28_555,VPWR,li1,263.5800,89.7600,1.799751
FILLER_28_544,VPWR,li1,256.6800,89.7600,1.799738
FILLER_28_511,VPWR,li1,242.4200,89.7600,1.799721
FILLER_28_477,VPWR,li1,225.4000,89.7600,1.799734
FILLER_28_475,VPWR,li1,224.2500,89.7600,1.799739
FILLER_28_471,VPWR,li1,223.1000,89.7600,1.799739
FILLER_28_457,VPWR,li1,215.9700,89.7600,1.799762
FILLER_28_445,VPWR,li1,212.9800,89.7600,1.799777
FILLER_28_433,VPWR,li1,207.4600,89.7600,1.799795
FILLER_28_421,VPWR,li1,201.9400,89.7600,1.799814
FILLER_28_410,VPWR,li1,194.3500,89.7600,1.799849
FILLER_28_406,VPWR,li1,192.5100,89.7600,1.799856
FILLER_28_387,VPWR,li1,186.3000,89.7600,1.799889
FILLER_28_377,VPWR,li1,179.8600,89.7600,1.799915
FILLER_28_365,VPWR,li1,176.1800,89.7600,1.799931
FILLER_28_360,VPWR,li1,172.0400,89.7600,1.799923
FILLER_28_348,VPWR,li1,168.3600,89.7600,1.799917
FILLER_28_325,VPWR,li1,155.2500,89.7600,1.799893
FILLER_28_309,VPWR,li1,147.8900,89.7600,1.799883
FILLER_28_307,VPWR,li1,146.9700,89.7600,1.799881
FILLER_28_301,VPWR,li1,145.3600,89.7600,1.799881
FILLER_28_289,VPWR,li1,141.2200,89.7600,1.799876
FILLER_28_277,VPWR,li1,135.7000,89.7600,1.799867
FILLER_28_265,VPWR,li1,130.1800,89.7600,1.799862
FILLER_28_253,VPWR,li1,124.6600,89.7600,1.799855
FILLER_28_241,VPWR,li1,116.6100,89.7600,1.799846
FILLER_28_229,VPWR,li1,113.6200,89.7600,1.799843
FILLER_28_221,VPWR,li1,107.8700,89.7600,1.799836
FILLER_28_209,VPWR,li1,104.4200,89.7600,1.799836
FILLER_28_197,VPWR,li1,98.9000,89.7600,1.799835
FILLER_28_194,VPWR,li1,95.2200,89.7600,1.799835
FILLER_28_186,VPWR,li1,92.9200,89.7600,1.799835
FILLER_28_173,VPWR,li1,85.3300,89.7600,1.799837
FILLER_28_165,VPWR,li1,83.2600,89.7600,1.799838
FILLER_28_153,VPWR,li1,78.6600,89.7600,1.799845
FILLER_28_141,VPWR,li1,73.1400,89.7600,1.799854
FILLER_28_137,VPWR,li1,69.2300,89.7600,1.799862
FILLER_28_125,VPWR,li1,65.7800,89.7600,1.799868
FILLER_28_113,VPWR,li1,57.7300,89.7600,1.799883
FILLER_28_109,VPWR,li1,56.5800,89.7600,1.799883
FILLER_28_97,VPWR,li1,52.9000,89.7600,1.799891
FILLER_28_85,VPWR,li1,47.3800,89.7600,1.799905
FILLER_28_83,VPWR,li1,43.9300,89.7600,1.799911
FILLER_28_75,VPWR,li1,41.8600,89.7600,1.799916
FILLER_28_53,VPWR,li1,32.6600,89.7600,1.799942
FILLER_28_41,VPWR,li1,27.1400,89.7600,1.799958
FILLER_28_29,VPWR,li1,21.6200,89.7600,1.799973
FILLER_28_27,VPWR,li1,18.1700,89.7600,1.799973
FILLER_28_15,VPWR,li1,15.1800,89.7600,1.799973
FILLER_28_3,VPWR,li1,9.6600,89.7600,1.799973
FILLER_27_817,VPWR,li1,382.0300,84.3200,1.799910
FILLER_27_809,VPWR,li1,379.5000,84.3200,1.799910
FILLER_27_797,VPWR,li1,374.9000,84.3200,1.799912
FILLER_27_785,VPWR,li1,369.3800,84.3200,1.799913
FILLER_27_783,VPWR,li1,365.9300,84.3200,1.799914
FILLER_27_771,VPWR,li1,362.9400,84.3200,1.799915
FILLER_27_759,VPWR,li1,357.4200,84.3200,1.799920
FILLER_27_737,VPWR,li1,345.0000,84.3200,1.799932
FILLER_27_729,VPWR,li1,341.5500,84.3200,1.799938
FILLER_27_697,VPWR,li1,327.0600,84.3200,1.799951
FILLER_27_689,VPWR,li1,322.6900,84.3200,1.799940
FILLER_27_685,VPWR,li1,321.5400,84.3200,1.799934
FILLER_27_673,VPWR,li1,317.8600,84.3200,1.799928
FILLER_27_669,VPWR,li1,313.9500,84.3200,1.799916
FILLER_27_665,VPWR,li1,311.6500,84.3200,1.799911
FILLER_27_653,VPWR,li1,308.6600,84.3200,1.799906
FILLER_27_639,VPWR,li1,300.1500,84.3200,1.799888
FILLER_27_617,VPWR,li1,292.1000,84.3200,1.799874
FILLER_27_609,VPWR,li1,286.3500,84.3200,1.799866
FILLER_27_592,VPWR,li1,278.7600,84.3200,1.799853
FILLER_27_580,VPWR,li1,275.0800,84.3200,1.799847
FILLER_27_568,VPWR,li1,267.2600,84.3200,1.799838
FILLER_27_552,VPWR,li1,259.6700,84.3200,1.799828
FILLER_27_540,VPWR,li1,256.6800,84.3200,1.799823
FILLER_27_515,VPWR,li1,243.3400,84.3200,1.799809
FILLER_27_500,VPWR,li1,236.4400,84.3200,1.799803
FILLER_27_485,VPWR,li1,228.8500,84.3200,1.799800
FILLER_27_473,VPWR,li1,225.8600,84.3200,1.799800
FILLER_27_464,VPWR,li1,219.4200,84.3200,1.799803
FILLER_27_452,VPWR,li1,216.2000,84.3200,1.799809
FILLER_27_447,VPWR,li1,211.3700,84.3200,1.799814
FILLER_27_439,VPWR,li1,207.6900,84.3200,1.799824
FILLER_27_433,VPWR,li1,206.0800,84.3200,1.799824
FILLER_27_426,VPWR,li1,202.1700,84.3200,1.799831
FILLER_27_414,VPWR,li1,198.7200,84.3200,1.799842
FILLER_27_410,VPWR,li1,194.3500,84.3200,1.799850
FILLER_27_405,VPWR,li1,192.0500,84.3200,1.799857
FILLER_27_393,VPWR,li1,189.0600,84.3200,1.799866
FILLER_27_388,VPWR,li1,184.9200,84.3200,1.799879
FILLER_27_376,VPWR,li1,181.2400,84.3200,1.799892
FILLER_27_362,VPWR,li1,173.8800,84.3200,1.799900
FILLER_27_344,VPWR,li1,165.6000,84.3200,1.799867
FILLER_27_324,VPWR,li1,155.4800,84.3200,1.799836
FILLER_27_316,VPWR,li1,151.1100,84.3200,1.799820
FILLER_27_303,VPWR,li1,145.1300,84.3200,1.799798
FILLER_27_295,VPWR,li1,143.0600,84.3200,1.799792
FILLER_27_281,VPWR,li1,135.2400,84.3200,1.799774
FILLER_27_279,VPWR,li1,134.0900,84.3200,1.799770
FILLER_27_273,VPWR,li1,132.4800,84.3200,1.799770
FILLER_27_262,VPWR,li1,126.2700,84.3200,1.799760
FILLER_27_237,VPWR,li1,114.7700,84.3200,1.799745
FILLER_27_221,VPWR,li1,107.8700,84.3200,1.799741
FILLER_27_200,VPWR,li1,98.4400,84.3200,1.799755
FILLER_27_188,VPWR,li1,94.7600,84.3200,1.799760
FILLER_27_176,VPWR,li1,89.2400,84.3200,1.799772
FILLER_27_164,VPWR,li1,81.8800,84.3200,1.799783
FILLER_27_152,VPWR,li1,78.2000,84.3200,1.799790
FILLER_27_140,VPWR,li1,72.6800,84.3200,1.799802
FILLER_27_128,VPWR,li1,67.1600,84.3200,1.799812
FILLER_27_113,VPWR,li1,57.7300,84.3200,1.799835
FILLER_27_106,VPWR,li1,54.5100,84.3200,1.799849
FILLER_27_94,VPWR,li1,51.5200,84.3200,1.799855
FILLER_27_86,VPWR,li1,45.3100,84.3200,1.799879
FILLER_27_80,VPWR,li1,43.7000,84.3200,1.799886
FILLER_27_68,VPWR,li1,39.5600,84.3200,1.799896
FILLER_27_61,VPWR,li1,33.8100,84.3200,1.799920
FILLER_27_57,VPWR,li1,32.6600,84.3200,1.799920
FILLER_27_55,VPWR,li1,31.0500,84.3200,1.799930
FILLER_27_51,VPWR,li1,29.9000,84.3200,1.799930
FILLER_27_39,VPWR,li1,26.2200,84.3200,1.799943
FILLER_27_27,VPWR,li1,20.7000,84.3200,1.799964
FILLER_27_15,VPWR,li1,15.1800,84.3200,1.799964
FILLER_27_3,VPWR,li1,9.6600,84.3200,1.799964
FILLER_26_819,VPWR,li1,382.4900,84.3200,1.799910
FILLER_26_813,VPWR,li1,380.8800,84.3200,1.799910
FILLER_26_808,VPWR,li1,378.1200,84.3200,1.799910
FILLER_26_796,VPWR,li1,374.4400,84.3200,1.799912
FILLER_26_784,VPWR,li1,368.9200,84.3200,1.799913
FILLER_26_762,VPWR,li1,356.5000,84.3200,1.799920
FILLER_26_754,VPWR,li1,352.8200,84.3200,1.799924
FILLER_26_745,VPWR,li1,348.4500,84.3200,1.799930
FILLER_26_739,VPWR,li1,346.8400,84.3200,1.799930
FILLER_26_727,VPWR,li1,342.7000,84.3200,1.799935
FILLER_26_714,VPWR,li1,334.4200,84.3200,1.799948
FILLER_26_706,VPWR,li1,332.1200,84.3200,1.799952
FILLER_26_698,VPWR,li1,327.0600,84.3200,1.799951
FILLER_26_690,VPWR,li1,324.7600,84.3200,1.799944
FILLER_26_678,VPWR,li1,320.1600,84.3200,1.799934
FILLER_26_667,VPWR,li1,312.5700,84.3200,1.799916
FILLER_26_659,VPWR,li1,310.5000,84.3200,1.799911
FILLER_26_645,VPWR,li1,303.1400,84.3200,1.799894
FILLER_26_632,VPWR,li1,299.0000,84.3200,1.799888
FILLER_26_620,VPWR,li1,291.1800,84.3200,1.799874
FILLER_26_608,VPWR,li1,287.9600,84.3200,1.799866
FILLER_26_596,VPWR,li1,282.4400,84.3200,1.799858
FILLER_26_587,VPWR,li1,275.7700,84.3200,1.799850
FILLER_26_583,VPWR,li1,273.9300,84.3200,1.799847
FILLER_26_576,VPWR,li1,270.7100,84.3200,1.799840
FILLER_26_568,VPWR,li1,268.6400,84.3200,1.799838
FILLER_26_549,VPWR,li1,259.4400,84.3200,1.799828
FILLER_26_536,VPWR,li1,252.3100,84.3200,1.799818
FILLER_26_525,VPWR,li1,247.7100,84.3200,1.799813
FILLER_26_513,VPWR,li1,242.1900,84.3200,1.799809
FILLER_26_499,VPWR,li1,235.7500,84.3200,1.799803
FILLER_26_485,VPWR,li1,229.0800,84.3200,1.799800
FILLER_26_477,VPWR,li1,226.7800,84.3200,1.799800
FILLER_26_475,VPWR,li1,224.2500,84.3200,1.799800
FILLER_26_458,VPWR,li1,216.6600,84.3200,1.799807
FILLER_26_439,VPWR,li1,208.8400,84.3200,1.799819
FILLER_26_421,VPWR,li1,200.1000,84.3200,1.799836
FILLER_26_419,VPWR,li1,198.4900,84.3200,1.799842
FILLER_26_415,VPWR,li1,197.3400,84.3200,1.799842
FILLER_26_399,VPWR,li1,189.5200,84.3200,1.799866
FILLER_26_395,VPWR,li1,187.4500,84.3200,1.799873
FILLER_26_382,VPWR,li1,182.1600,84.3200,1.799885
FILLER_26_372,VPWR,li1,177.3300,84.3200,1.799902
FILLER_26_344,VPWR,li1,163.9900,84.3200,1.799867
FILLER_26_336,VPWR,li1,161.9200,84.3200,1.799859
FILLER_26_324,VPWR,li1,157.3200,84.3200,1.799842
FILLER_26_313,VPWR,li1,149.7300,84.3200,1.799813
FILLER_26_309,VPWR,li1,148.5800,84.3200,1.799805
FILLER_26_307,VPWR,li1,146.9700,84.3200,1.799805
FILLER_26_287,VPWR,li1,138.0000,84.3200,1.799779
FILLER_26_279,VPWR,li1,134.0900,84.3200,1.799770
FILLER_26_273,VPWR,li1,131.5600,84.3200,1.799767
FILLER_26_260,VPWR,li1,126.5000,84.3200,1.799760
FILLER_26_251,VPWR,li1,121.2100,84.3200,1.799752
FILLER_26_247,VPWR,li1,120.0600,84.3200,1.799752
FILLER_26_239,VPWR,li1,115.6900,84.3200,1.799745
FILLER_26_227,VPWR,li1,112.7000,84.3200,1.799743
FILLER_26_212,VPWR,li1,103.2700,84.3200,1.799747
FILLER_26_197,VPWR,li1,97.9800,84.3200,1.799755
FILLER_26_195,VPWR,li1,95.4500,84.3200,1.799760
FILLER_26_191,VPWR,li1,94.3000,84.3200,1.799763
FILLER_26_180,VPWR,li1,90.1600,84.3200,1.799767
FILLER_26_173,VPWR,li1,86.0200,84.3200,1.799776
FILLER_26_141,VPWR,li1,70.6100,84.3200,1.799806
FILLER_26_139,VPWR,li1,69.6900,84.3200,1.799806
FILLER_26_133,VPWR,li1,68.0800,84.3200,1.799812
FILLER_26_121,VPWR,li1,63.9400,84.3200,1.799822
FILLER_26_110,VPWR,li1,56.3500,84.3200,1.799841
FILLER_26_98,VPWR,li1,53.3600,84.3200,1.799849
FILLER_26_91,VPWR,li1,47.6100,84.3200,1.799871
FILLER_26_85,VPWR,li1,45.3100,84.3200,1.799879
FILLER_26_76,VPWR,li1,42.3200,84.3200,1.799886
FILLER_26_64,VPWR,li1,37.7200,84.3200,1.799902
FILLER_26_53,VPWR,li1,30.8200,84.3200,1.799930
FILLER_26_41,VPWR,li1,27.1400,84.3200,1.799943
FILLER_26_29,VPWR,li1,21.6200,84.3200,1.799964
FILLER_26_27,VPWR,li1,18.1700,84.3200,1.799964
FILLER_26_15,VPWR,li1,15.1800,84.3200,1.799964
FILLER_26_3,VPWR,li1,9.6600,84.3200,1.799964
FILLER_25_817,VPWR,li1,382.0300,78.8800,1.799881
FILLER_25_809,VPWR,li1,379.5000,78.8800,1.799883
FILLER_25_797,VPWR,li1,374.9000,78.8800,1.799885
FILLER_25_785,VPWR,li1,369.3800,78.8800,1.799889
FILLER_25_782,VPWR,li1,365.7000,78.8800,1.799892
FILLER_25_770,VPWR,li1,362.4800,78.8800,1.799895
FILLER_25_758,VPWR,li1,356.9600,78.8800,1.799899
FILLER_25_746,VPWR,li1,351.4400,78.8800,1.799902
FILLER_25_725,VPWR,li1,339.7100,78.8800,1.799918
FILLER_25_713,VPWR,li1,336.2600,78.8800,1.799923
FILLER_25_701,VPWR,li1,330.7400,78.8800,1.799933
FILLER_25_686,VPWR,li1,323.8400,78.8800,1.799922
FILLER_25_679,VPWR,li1,318.0900,78.8800,1.799896
FILLER_25_673,VPWR,li1,316.4800,78.8800,1.799890
FILLER_25_669,VPWR,li1,313.9500,78.8800,1.799884
FILLER_25_639,VPWR,li1,302.2200,78.8800,1.799853
FILLER_25_609,VPWR,li1,286.5800,78.8800,1.799828
FILLER_25_591,VPWR,li1,278.0700,78.8800,1.799817
FILLER_25_567,VPWR,li1,266.5700,78.8800,1.799808
FILLER_25_561,VPWR,li1,264.9600,78.8800,1.799808
FILLER_25_559,VPWR,li1,262.8900,78.8800,1.799807
FILLER_25_553,VPWR,li1,261.2800,78.8800,1.799807
FILLER_25_541,VPWR,li1,257.1400,78.8800,1.799808
FILLER_25_533,VPWR,li1,251.1600,78.8800,1.799810
FILLER_25_525,VPWR,li1,248.8600,78.8800,1.799812
FILLER_25_520,VPWR,li1,245.1800,78.8800,1.799813
FILLER_25_508,VPWR,li1,241.9600,78.8800,1.799816
FILLER_25_502,VPWR,li1,236.9000,78.8800,1.799819
FILLER_25_497,VPWR,li1,234.3700,78.8800,1.799820
FILLER_25_468,VPWR,li1,221.4900,78.8800,1.799832
FILLER_25_459,VPWR,li1,216.8900,78.8800,1.799839
FILLER_25_455,VPWR,li1,215.7400,78.8800,1.799839
FILLER_25_449,VPWR,li1,212.7500,78.8800,1.799843
FILLER_25_445,VPWR,li1,210.9100,78.8800,1.799846
FILLER_25_433,VPWR,li1,207.4600,78.8800,1.799851
FILLER_25_420,VPWR,li1,198.9500,78.8800,1.799870
FILLER_25_416,VPWR,li1,197.8000,78.8800,1.799870
FILLER_25_404,VPWR,li1,194.1200,78.8800,1.799885
FILLER_25_393,VPWR,li1,186.9900,78.8800,1.799902
FILLER_25_389,VPWR,li1,185.1500,78.8800,1.799908
FILLER_25_381,VPWR,li1,182.6200,78.8800,1.799919
FILLER_25_360,VPWR,li1,172.9600,78.8800,1.799936
FILLER_25_344,VPWR,li1,165.6000,78.8800,1.799930
FILLER_25_335,VPWR,li1,159.8500,78.8800,1.799925
FILLER_25_331,VPWR,li1,158.0100,78.8800,1.799923
FILLER_25_325,VPWR,li1,156.4000,78.8800,1.799921
FILLER_25_313,VPWR,li1,152.2600,78.8800,1.799918
FILLER_25_301,VPWR,li1,146.7400,78.8800,1.799914
FILLER_25_289,VPWR,li1,141.2200,78.8800,1.799910
FILLER_25_281,VPWR,li1,135.7000,78.8800,1.799907
FILLER_25_274,VPWR,li1,132.9400,78.8800,1.799905
FILLER_25_268,VPWR,li1,129.4900,78.8800,1.799904
FILLER_25_256,VPWR,li1,126.0400,78.8800,1.799902
FILLER_25_248,VPWR,li1,119.8300,78.8800,1.799900
FILLER_25_243,VPWR,li1,117.5300,78.8800,1.799900
FILLER_25_237,VPWR,li1,115.9200,78.8800,1.799899
FILLER_25_225,VPWR,li1,111.7800,78.8800,1.799899
FILLER_25_220,VPWR,li1,107.6400,78.8800,1.799898
FILLER_25_211,VPWR,li1,102.8100,78.8800,1.799898
FILLER_25_202,VPWR,li1,99.8200,78.8800,1.799898
FILLER_25_193,VPWR,li1,94.7600,78.8800,1.799899
FILLER_25_169,VPWR,li1,86.0200,78.8800,1.799901
FILLER_25_165,VPWR,li1,82.1100,78.8800,1.799903
FILLER_25_157,VPWR,li1,79.5800,78.8800,1.799904
FILLER_25_131,VPWR,li1,66.0100,78.8800,1.799914
FILLER_25_119,VPWR,li1,63.0200,78.8800,1.799916
FILLER_25_109,VPWR,li1,56.3500,78.8800,1.799923
FILLER_25_101,VPWR,li1,53.8200,78.8800,1.799926
FILLER_25_76,VPWR,li1,41.8600,78.8800,1.799942
FILLER_25_57,VPWR,li1,32.2000,78.8800,1.799959
FILLER_25_55,VPWR,li1,31.0500,78.8800,1.799963
FILLER_25_51,VPWR,li1,29.9000,78.8800,1.799963
FILLER_25_39,VPWR,li1,26.2200,78.8800,1.799970
FILLER_25_27,VPWR,li1,20.7000,78.8800,1.799981
FILLER_25_15,VPWR,li1,15.1800,78.8800,1.799981
FILLER_25_3,VPWR,li1,9.6600,78.8800,1.799981
FILLER_24_819,VPWR,li1,382.4900,78.8800,1.799881
FILLER_24_813,VPWR,li1,380.8800,78.8800,1.799881
FILLER_24_811,VPWR,li1,378.8100,78.8800,1.799883
FILLER_24_803,VPWR,li1,376.7400,78.8800,1.799884
FILLER_24_791,VPWR,li1,372.1400,78.8800,1.799887
FILLER_24_779,VPWR,li1,366.6200,78.8800,1.799892
FILLER_24_767,VPWR,li1,361.1000,78.8800,1.799895
FILLER_24_750,VPWR,li1,351.9000,78.8800,1.799902
FILLER_24_738,VPWR,li1,346.3800,78.8800,1.799908
FILLER_24_734,VPWR,li1,343.3900,78.8800,1.799915
FILLER_24_728,VPWR,li1,341.7800,78.8800,1.799915
FILLER_24_716,VPWR,li1,337.6400,78.8800,1.799923
FILLER_24_698,VPWR,li1,327.0600,78.8800,1.799930
FILLER_24_676,VPWR,li1,316.7100,78.8800,1.799896
FILLER_24_672,VPWR,li1,315.5600,78.8800,1.799890
FILLER_24_657,VPWR,li1,308.2000,78.8800,1.799870
FILLER_24_649,VPWR,li1,305.9000,78.8800,1.799864
FILLER_24_642,VPWR,li1,301.3000,78.8800,1.799853
FILLER_24_621,VPWR,li1,291.8700,78.8800,1.799835
FILLER_24_613,VPWR,li1,289.3400,78.8800,1.799832
FILLER_24_601,VPWR,li1,284.7400,78.8800,1.799826
FILLER_24_589,VPWR,li1,279.2200,78.8800,1.799817
FILLER_24_587,VPWR,li1,275.7700,78.8800,1.799815
FILLER_24_583,VPWR,li1,274.6200,78.8800,1.799811
FILLER_24_564,VPWR,li1,266.3400,78.8800,1.799808
FILLER_24_548,VPWR,li1,258.0600,78.8800,1.799807
FILLER_24_540,VPWR,li1,254.1500,78.8800,1.799808
FILLER_24_529,VPWR,li1,249.5500,78.8800,1.799810
FILLER_24_517,VPWR,li1,244.7200,78.8800,1.799813
FILLER_24_504,VPWR,li1,238.2800,78.8800,1.799819
FILLER_24_492,VPWR,li1,234.6000,78.8800,1.799820
FILLER_24_477,VPWR,li1,225.1700,78.8800,1.799830
FILLER_24_473,VPWR,li1,223.7900,78.8800,1.799830
FILLER_24_465,VPWR,li1,221.2600,78.8800,1.799832
FILLER_24_453,VPWR,li1,216.6600,78.8800,1.799839
FILLER_24_449,VPWR,li1,212.2900,78.8800,1.799846
FILLER_24_445,VPWR,li1,211.1400,78.8800,1.799846
FILLER_24_433,VPWR,li1,207.4600,78.8800,1.799851
FILLER_24_421,VPWR,li1,201.9400,78.8800,1.799861
FILLER_24_419,VPWR,li1,198.4900,78.8800,1.799870
FILLER_24_413,VPWR,li1,196.8800,78.8800,1.799876
FILLER_24_401,VPWR,li1,192.7400,78.8800,1.799885
FILLER_24_389,VPWR,li1,187.2200,78.8800,1.799902
FILLER_24_377,VPWR,li1,181.7000,78.8800,1.799919
FILLER_24_365,VPWR,li1,176.1800,78.8800,1.799940
FILLER_24_361,VPWR,li1,172.2700,78.8800,1.799936
FILLER_24_349,VPWR,li1,168.8200,78.8800,1.799932
FILLER_24_337,VPWR,li1,163.3000,78.8800,1.799927
FILLER_24_309,VPWR,li1,149.5000,78.8800,1.799916
FILLER_24_307,VPWR,li1,146.9700,78.8800,1.799914
FILLER_24_299,VPWR,li1,144.9000,78.8800,1.799913
FILLER_24_293,VPWR,li1,140.9900,78.8800,1.799910
FILLER_24_281,VPWR,li1,137.5400,78.8800,1.799908
FILLER_24_273,VPWR,li1,131.3300,78.8800,1.799905
FILLER_24_265,VPWR,li1,129.2600,78.8800,1.799904
FILLER_24_253,VPWR,li1,124.6600,78.8800,1.799902
FILLER_24_249,VPWR,li1,120.7500,78.8800,1.799900
FILLER_24_245,VPWR,li1,118.4500,78.8800,1.799900
FILLER_24_241,VPWR,li1,117.3000,78.8800,1.799900
FILLER_24_227,VPWR,li1,111.7800,78.8800,1.799899
FILLER_24_215,VPWR,li1,107.1800,78.8800,1.799898
FILLER_24_203,VPWR,li1,101.6600,78.8800,1.799898
FILLER_24_194,VPWR,li1,95.2200,78.8800,1.799899
FILLER_24_176,VPWR,li1,87.1700,78.8800,1.799900
FILLER_24_161,VPWR,li1,80.0400,78.8800,1.799904
FILLER_24_149,VPWR,li1,76.8200,78.8800,1.799906
FILLER_24_103,VPWR,li1,54.7400,78.8800,1.799926
FILLER_24_91,VPWR,li1,50.1400,78.8800,1.799932
FILLER_24_83,VPWR,li1,43.9300,78.8800,1.799939
FILLER_24_75,VPWR,li1,41.8600,78.8800,1.799942
FILLER_24_53,VPWR,li1,31.2800,78.8800,1.799963
FILLER_24_41,VPWR,li1,27.1400,78.8800,1.799970
FILLER_24_29,VPWR,li1,21.6200,78.8800,1.799981
FILLER_24_27,VPWR,li1,18.1700,78.8800,1.799981
FILLER_24_15,VPWR,li1,15.1800,78.8800,1.799981
FILLER_24_3,VPWR,li1,9.6600,78.8800,1.799981
FILLER_23_803,VPWR,li1,375.1300,73.4400,1.799836
FILLER_23_797,VPWR,li1,373.5200,73.4400,1.799836
FILLER_23_785,VPWR,li1,369.3800,73.4400,1.799839
FILLER_23_781,VPWR,li1,365.4700,73.4400,1.799842
FILLER_23_769,VPWR,li1,362.0200,73.4400,1.799843
FILLER_23_748,VPWR,li1,350.5200,73.4400,1.799854
FILLER_23_739,VPWR,li1,346.1500,73.4400,1.799861
FILLER_23_727,VPWR,li1,340.1700,73.4400,1.799878
FILLER_23_723,VPWR,li1,339.0200,73.4400,1.799878
FILLER_23_682,VPWR,li1,319.7000,73.4400,1.799858
FILLER_23_673,VPWR,li1,315.5600,73.4400,1.799831
FILLER_23_671,VPWR,li1,314.4100,73.4400,1.799831
FILLER_23_658,VPWR,li1,308.4300,73.4400,1.799804
FILLER_23_635,VPWR,li1,297.8500,73.4400,1.799768
FILLER_23_629,VPWR,li1,296.2400,73.4400,1.799763
FILLER_23_617,VPWR,li1,292.1000,73.4400,1.799754
FILLER_23_615,VPWR,li1,288.6500,73.4400,1.799743
FILLER_23_609,VPWR,li1,287.0400,73.4400,1.799743
FILLER_23_589,VPWR,li1,277.8400,73.4400,1.799726
FILLER_23_577,VPWR,li1,273.7000,73.4400,1.799722
FILLER_23_569,VPWR,li1,267.4900,73.4400,1.799718
FILLER_23_561,VPWR,li1,265.4200,73.4400,1.799716
FILLER_23_558,VPWR,li1,262.6600,73.4400,1.799715
FILLER_23_552,VPWR,li1,259.9000,73.4400,1.799713
FILLER_23_540,VPWR,li1,256.6800,73.4400,1.799713
FILLER_23_528,VPWR,li1,251.1600,73.4400,1.799718
FILLER_23_516,VPWR,li1,245.6400,73.4400,1.799721
FILLER_23_505,VPWR,li1,238.0500,73.4400,1.799730
FILLER_23_485,VPWR,li1,231.3800,73.4400,1.799738
FILLER_23_473,VPWR,li1,225.8600,73.4400,1.799743
FILLER_23_463,VPWR,li1,218.7300,73.4400,1.799752
FILLER_23_441,VPWR,li1,208.8400,73.4400,1.799765
FILLER_23_433,VPWR,li1,206.5400,73.4400,1.799768
FILLER_23_424,VPWR,li1,200.7900,73.4400,1.799786
FILLER_23_418,VPWR,li1,199.1800,73.4400,1.799795
FILLER_23_406,VPWR,li1,195.0400,73.4400,1.799820
FILLER_23_393,VPWR,li1,187.6800,73.4400,1.799858
FILLER_23_390,VPWR,li1,185.3800,73.4400,1.799870
FILLER_23_382,VPWR,li1,183.0800,73.4400,1.799880
FILLER_23_370,VPWR,li1,178.4800,73.4400,1.799900
FILLER_23_358,VPWR,li1,172.9600,73.4400,1.799922
FILLER_23_345,VPWR,li1,164.4500,73.4400,1.799911
FILLER_23_337,VPWR,li1,162.3800,73.4400,1.799908
FILLER_23_324,VPWR,li1,157.3200,73.4400,1.799901
FILLER_23_316,VPWR,li1,151.1100,73.4400,1.799892
FILLER_23_310,VPWR,li1,149.5000,73.4400,1.799892
FILLER_23_298,VPWR,li1,145.3600,73.4400,1.799887
FILLER_23_289,VPWR,li1,138.9200,73.4400,1.799882
FILLER_23_281,VPWR,li1,136.6200,73.4400,1.799882
FILLER_23_259,VPWR,li1,125.5800,73.4400,1.799882
FILLER_23_247,VPWR,li1,121.9000,73.4400,1.799883
FILLER_23_222,VPWR,li1,108.1000,73.4400,1.799885
FILLER_23_214,VPWR,li1,105.8000,73.4400,1.799886
FILLER_23_203,VPWR,li1,100.7400,73.4400,1.799887
FILLER_23_191,VPWR,li1,96.1400,73.4400,1.799890
FILLER_23_187,VPWR,li1,91.7700,73.4400,1.799892
FILLER_23_181,VPWR,li1,90.1600,73.4400,1.799893
FILLER_23_169,VPWR,li1,86.0200,73.4400,1.799896
FILLER_23_165,VPWR,li1,82.1100,73.4400,1.799898
FILLER_23_153,VPWR,li1,78.6600,73.4400,1.799901
FILLER_23_141,VPWR,li1,73.1400,73.4400,1.799907
FILLER_23_129,VPWR,li1,65.5500,73.4400,1.799914
FILLER_23_121,VPWR,li1,63.0200,73.4400,1.799916
FILLER_23_113,VPWR,li1,57.7300,73.4400,1.799922
FILLER_23_104,VPWR,li1,55.2000,73.4400,1.799925
FILLER_23_84,VPWR,li1,45.5400,73.4400,1.799939
FILLER_23_71,VPWR,li1,39.5600,73.4400,1.799947
FILLER_23_57,VPWR,li1,32.6600,73.4400,1.799961
FILLER_23_55,VPWR,li1,31.0500,73.4400,1.799964
FILLER_23_51,VPWR,li1,29.9000,73.4400,1.799964
FILLER_23_39,VPWR,li1,26.2200,73.4400,1.799971
FILLER_23_27,VPWR,li1,20.7000,73.4400,1.799981
FILLER_23_15,VPWR,li1,15.1800,73.4400,1.799981
FILLER_23_3,VPWR,li1,9.6600,73.4400,1.799981
FILLER_22_821,VPWR,li1,383.8700,73.4400,1.799833
FILLER_22_813,VPWR,li1,381.3400,73.4400,1.799833
FILLER_22_810,VPWR,li1,378.5800,73.4400,1.799833
FILLER_22_798,VPWR,li1,375.3600,73.4400,1.799835
FILLER_22_786,VPWR,li1,369.8400,73.4400,1.799839
FILLER_22_774,VPWR,li1,364.3200,73.4400,1.799842
FILLER_22_762,VPWR,li1,358.8000,73.4400,1.799846
FILLER_22_750,VPWR,li1,351.9000,73.4400,1.799854
FILLER_22_730,VPWR,li1,341.5500,73.4400,1.799871
FILLER_22_713,VPWR,li1,334.1900,73.4400,1.799893
FILLER_22_701,VPWR,li1,330.7400,73.4400,1.799909
FILLER_22_699,VPWR,li1,327.2900,73.4400,1.799893
FILLER_22_694,VPWR,li1,324.9900,73.4400,1.799880
FILLER_22_690,VPWR,li1,323.8400,73.4400,1.799880
FILLER_22_678,VPWR,li1,320.1600,73.4400,1.799858
FILLER_22_666,VPWR,li1,314.6400,73.4400,1.799831
FILLER_22_659,VPWR,li1,308.8900,73.4400,1.799804
FILLER_22_651,VPWR,li1,306.8200,73.4400,1.799796
FILLER_22_645,VPWR,li1,302.4500,73.4400,1.799781
FILLER_22_643,VPWR,li1,301.5300,73.4400,1.799776
FILLER_22_639,VPWR,li1,300.3800,73.4400,1.799776
FILLER_22_603,VPWR,li1,285.6600,73.4400,1.799737
FILLER_22_593,VPWR,li1,279.6800,73.4400,1.799729
FILLER_22_589,VPWR,li1,276.6900,73.4400,1.799724
FILLER_22_587,VPWR,li1,275.7700,73.4400,1.799724
FILLER_22_581,VPWR,li1,273.4700,73.4400,1.799722
FILLER_22_569,VPWR,li1,270.0200,73.4400,1.799719
FILLER_22_557,VPWR,li1,264.5000,73.4400,1.799716
FILLER_22_533,VPWR,li1,253.4600,73.4400,1.799716
FILLER_22_531,VPWR,li1,250.0100,73.4400,1.799719
FILLER_22_525,VPWR,li1,248.4000,73.4400,1.799719
FILLER_22_516,VPWR,li1,243.3400,73.4400,1.799723
FILLER_22_508,VPWR,li1,241.0400,73.4400,1.799726
FILLER_22_496,VPWR,li1,236.4400,73.4400,1.799732
FILLER_22_484,VPWR,li1,230.0000,73.4400,1.799738
FILLER_22_474,VPWR,li1,224.0200,73.4400,1.799745
FILLER_22_463,VPWR,li1,219.1900,73.4400,1.799752
FILLER_22_455,VPWR,li1,216.6600,73.4400,1.799754
FILLER_22_448,VPWR,li1,212.0600,73.4400,1.799761
FILLER_22_436,VPWR,li1,208.8400,73.4400,1.799765
FILLER_22_428,VPWR,li1,202.6300,73.4400,1.799777
FILLER_22_414,VPWR,li1,197.3400,73.4400,1.799810
FILLER_22_408,VPWR,li1,193.6600,73.4400,1.799820
FILLER_22_382,VPWR,li1,182.1600,73.4400,1.799880
FILLER_22_365,VPWR,li1,174.1100,73.4400,1.799925
FILLER_22_348,VPWR,li1,168.3600,73.4400,1.799917
FILLER_22_335,VPWR,li1,159.8500,73.4400,1.799905
FILLER_22_323,VPWR,li1,156.8600,73.4400,1.799901
FILLER_22_309,VPWR,li1,148.1200,73.4400,1.799890
FILLER_22_306,VPWR,li1,146.7400,73.4400,1.799887
FILLER_22_296,VPWR,li1,141.9100,73.4400,1.799882
FILLER_22_290,VPWR,li1,140.3000,73.4400,1.799882
FILLER_22_278,VPWR,li1,136.1600,73.4400,1.799882
FILLER_22_265,VPWR,li1,127.6500,73.4400,1.799882
FILLER_22_253,VPWR,li1,123.2800,73.4400,1.799883
FILLER_22_250,VPWR,li1,120.9800,73.4400,1.799883
FILLER_22_242,VPWR,li1,118.6800,73.4400,1.799883
FILLER_22_233,VPWR,li1,113.3900,73.4400,1.799884
FILLER_22_221,VPWR,li1,109.9400,73.4400,1.799885
FILLER_22_209,VPWR,li1,103.0400,73.4400,1.799886
FILLER_22_197,VPWR,li1,97.5200,73.4400,1.799890
FILLER_22_184,VPWR,li1,92.9200,73.4400,1.799892
FILLER_22_169,VPWR,li1,83.4900,73.4400,1.799898
FILLER_22_163,VPWR,li1,81.8800,73.4400,1.799898
FILLER_22_156,VPWR,li1,77.5100,73.4400,1.799903
FILLER_22_147,VPWR,li1,73.3700,73.4400,1.799907
FILLER_22_141,VPWR,li1,71.7600,73.4400,1.799907
FILLER_22_134,VPWR,li1,68.5400,73.4400,1.799912
FILLER_22_122,VPWR,li1,64.4000,73.4400,1.799916
FILLER_22_110,VPWR,li1,58.8800,73.4400,1.799922
FILLER_22_98,VPWR,li1,53.3600,73.4400,1.799928
FILLER_22_85,VPWR,li1,46.0000,73.4400,1.799939
FILLER_22_76,VPWR,li1,42.3200,73.4400,1.799942
FILLER_22_64,VPWR,li1,37.7200,73.4400,1.799950
FILLER_22_53,VPWR,li1,31.7400,73.4400,1.799961
FILLER_22_41,VPWR,li1,27.1400,73.4400,1.799971
FILLER_22_29,VPWR,li1,21.6200,73.4400,1.799981
FILLER_22_27,VPWR,li1,18.1700,73.4400,1.799981
FILLER_22_15,VPWR,li1,15.1800,73.4400,1.799981
FILLER_22_3,VPWR,li1,9.6600,73.4400,1.799981
FILLER_21_822,VPWR,li1,384.1000,68.0000,1.799881
FILLER_21_801,VPWR,li1,374.2100,68.0000,1.799885
FILLER_21_797,VPWR,li1,373.0600,68.0000,1.799885
FILLER_21_785,VPWR,li1,369.3800,68.0000,1.799888
FILLER_21_783,VPWR,li1,365.9300,68.0000,1.799890
FILLER_21_775,VPWR,li1,363.8600,68.0000,1.799891
FILLER_21_763,VPWR,li1,359.2600,68.0000,1.799894
FILLER_21_751,VPWR,li1,353.7400,68.0000,1.799898
FILLER_21_739,VPWR,li1,348.2200,68.0000,1.799903
FILLER_21_732,VPWR,li1,343.1600,68.0000,1.799906
FILLER_21_727,VPWR,li1,340.1700,68.0000,1.799909
FILLER_21_719,VPWR,li1,338.1000,68.0000,1.799915
FILLER_21_707,VPWR,li1,333.5000,68.0000,1.799921
FILLER_21_695,VPWR,li1,327.9800,68.0000,1.799934
FILLER_21_686,VPWR,li1,321.5400,68.0000,1.799907
FILLER_21_673,VPWR,li1,316.4800,68.0000,1.799879
FILLER_21_671,VPWR,li1,314.4100,68.0000,1.799870
FILLER_21_665,VPWR,li1,312.8000,68.0000,1.799870
FILLER_21_653,VPWR,li1,308.6600,68.0000,1.799853
FILLER_21_641,VPWR,li1,303.1400,68.0000,1.799831
FILLER_21_629,VPWR,li1,297.6200,68.0000,1.799810
FILLER_21_617,VPWR,li1,290.7200,68.0000,1.799782
FILLER_21_615,VPWR,li1,288.6500,68.0000,1.799775
FILLER_21_607,VPWR,li1,286.5800,68.0000,1.799767
FILLER_21_595,VPWR,li1,281.9800,68.0000,1.799749
FILLER_21_569,VPWR,li1,267.4900,68.0000,1.799695
FILLER_21_561,VPWR,li1,265.4200,68.0000,1.799688
FILLER_21_552,VPWR,li1,261.2800,68.0000,1.799674
FILLER_21_540,VPWR,li1,256.6800,68.0000,1.799669
FILLER_21_527,VPWR,li1,248.4000,68.0000,1.799671
FILLER_21_520,VPWR,li1,244.9500,68.0000,1.799675
FILLER_21_512,VPWR,li1,242.8800,68.0000,1.799677
FILLER_21_503,VPWR,li1,237.1300,68.0000,1.799683
FILLER_21_484,VPWR,li1,228.8500,68.0000,1.799696
FILLER_21_476,VPWR,li1,226.3200,68.0000,1.799701
FILLER_21_469,VPWR,li1,221.7200,68.0000,1.799705
FILLER_21_461,VPWR,li1,219.4200,68.0000,1.799710
FILLER_21_449,VPWR,li1,214.8200,68.0000,1.799725
FILLER_21_446,VPWR,li1,211.1400,68.0000,1.799743
FILLER_21_434,VPWR,li1,207.9200,68.0000,1.799756
FILLER_21_418,VPWR,li1,198.4900,68.0000,1.799803
FILLER_21_406,VPWR,li1,195.0400,68.0000,1.799813
FILLER_21_376,VPWR,li1,181.2400,68.0000,1.799884
FILLER_21_350,VPWR,li1,168.3600,68.0000,1.799908
FILLER_21_328,VPWR,li1,156.6300,68.0000,1.799891
FILLER_21_313,VPWR,li1,150.4200,68.0000,1.799883
FILLER_21_299,VPWR,li1,143.2900,68.0000,1.799875
FILLER_21_281,VPWR,li1,135.7000,68.0000,1.799869
FILLER_21_272,VPWR,li1,132.4800,68.0000,1.799866
FILLER_21_241,VPWR,li1,117.7600,68.0000,1.799860
FILLER_21_225,VPWR,li1,109.7100,68.0000,1.799859
FILLER_21_223,VPWR,li1,108.3300,68.0000,1.799859
FILLER_21_205,VPWR,li1,100.7400,68.0000,1.799860
FILLER_21_180,VPWR,li1,89.0100,68.0000,1.799863
FILLER_21_172,VPWR,li1,84.8700,68.0000,1.799865
FILLER_21_164,VPWR,li1,81.8800,68.0000,1.799866
FILLER_21_155,VPWR,li1,77.2800,68.0000,1.799869
FILLER_21_142,VPWR,li1,71.0700,68.0000,1.799872
FILLER_21_131,VPWR,li1,66.7000,68.0000,1.799876
FILLER_21_117,VPWR,li1,59.5700,68.0000,1.799883
FILLER_21_113,VPWR,li1,58.4200,68.0000,1.799883
FILLER_21_106,VPWR,li1,55.6600,68.0000,1.799885
FILLER_21_95,VPWR,li1,51.0600,68.0000,1.799892
FILLER_21_81,VPWR,li1,43.0100,68.0000,1.799906
FILLER_21_69,VPWR,li1,40.0200,68.0000,1.799911
FILLER_21_64,VPWR,li1,35.4200,68.0000,1.799923
FILLER_21_57,VPWR,li1,32.4300,68.0000,1.799932
FILLER_21_55,VPWR,li1,31.0500,68.0000,1.799940
FILLER_21_51,VPWR,li1,29.9000,68.0000,1.799940
FILLER_21_39,VPWR,li1,26.2200,68.0000,1.799951
FILLER_21_27,VPWR,li1,20.7000,68.0000,1.799969
FILLER_21_15,VPWR,li1,15.1800,68.0000,1.799969
FILLER_21_3,VPWR,li1,9.6600,68.0000,1.799969
FILLER_20_821,VPWR,li1,383.8700,68.0000,1.799881
FILLER_20_813,VPWR,li1,381.3400,68.0000,1.799881
FILLER_20_811,VPWR,li1,378.8100,68.0000,1.799883
FILLER_20_805,VPWR,li1,377.2000,68.0000,1.799883
FILLER_20_793,VPWR,li1,373.0600,68.0000,1.799885
FILLER_20_781,VPWR,li1,367.5400,68.0000,1.799890
FILLER_20_769,VPWR,li1,362.0200,68.0000,1.799892
FILLER_20_757,VPWR,li1,356.5000,68.0000,1.799896
FILLER_20_755,VPWR,li1,353.0500,68.0000,1.799898
FILLER_20_747,VPWR,li1,350.9800,68.0000,1.799900
FILLER_20_733,VPWR,li1,344.0800,68.0000,1.799906
FILLER_20_716,VPWR,li1,335.1100,68.0000,1.799921
FILLER_20_704,VPWR,li1,331.2000,68.0000,1.799926
FILLER_20_698,VPWR,li1,327.0600,68.0000,1.799924
FILLER_20_686,VPWR,li1,321.5400,68.0000,1.799907
FILLER_20_673,VPWR,li1,315.3300,68.0000,1.799879
FILLER_20_669,VPWR,li1,314.1800,68.0000,1.799870
FILLER_20_663,VPWR,li1,310.7300,68.0000,1.799862
FILLER_20_659,VPWR,li1,309.5800,68.0000,1.799853
FILLER_20_645,VPWR,li1,304.0600,68.0000,1.799831
FILLER_20_641,VPWR,li1,301.0700,68.0000,1.799823
FILLER_20_633,VPWR,li1,298.5400,68.0000,1.799810
FILLER_20_621,VPWR,li1,293.9400,68.0000,1.799793
FILLER_20_601,VPWR,li1,284.7400,68.0000,1.799759
FILLER_20_589,VPWR,li1,279.2200,68.0000,1.799738
FILLER_20_586,VPWR,li1,275.5400,68.0000,1.799719
FILLER_20_581,VPWR,li1,273.0100,68.0000,1.799709
FILLER_20_575,VPWR,li1,271.4000,68.0000,1.799709
FILLER_20_563,VPWR,li1,267.2600,68.0000,1.799695
FILLER_20_540,VPWR,li1,254.3800,68.0000,1.799669
FILLER_20_531,VPWR,li1,250.0100,68.0000,1.799670
FILLER_20_522,VPWR,li1,246.1000,68.0000,1.799673
FILLER_20_513,VPWR,li1,241.9600,68.0000,1.799677
FILLER_20_505,VPWR,li1,239.6600,68.0000,1.799680
FILLER_20_477,VPWR,li1,227.7000,68.0000,1.799696
FILLER_20_459,VPWR,li1,217.3500,68.0000,1.799717
FILLER_20_448,VPWR,li1,212.5200,68.0000,1.799736
FILLER_20_421,VPWR,li1,199.4100,68.0000,1.799793
FILLER_20_419,VPWR,li1,198.4900,68.0000,1.799803
FILLER_20_413,VPWR,li1,196.8800,68.0000,1.799803
FILLER_20_401,VPWR,li1,192.7400,68.0000,1.799831
FILLER_20_393,VPWR,li1,186.5300,68.0000,1.799858
FILLER_20_381,VPWR,li1,183.5400,68.0000,1.799872
FILLER_20_369,VPWR,li1,178.0200,68.0000,1.799906
FILLER_20_360,VPWR,li1,172.0400,68.0000,1.799917
FILLER_20_348,VPWR,li1,167.4400,68.0000,1.799908
FILLER_20_341,VPWR,li1,162.6100,68.0000,1.799899
FILLER_20_325,VPWR,li1,155.2500,68.0000,1.799887
FILLER_20_321,VPWR,li1,154.1000,68.0000,1.799887
FILLER_20_309,VPWR,li1,150.4200,68.0000,1.799883
FILLER_20_306,VPWR,li1,146.7400,68.0000,1.799877
FILLER_20_289,VPWR,li1,139.3800,68.0000,1.799871
FILLER_20_281,VPWR,li1,135.0100,68.0000,1.799867
FILLER_20_266,VPWR,li1,128.5700,68.0000,1.799864
FILLER_20_253,VPWR,li1,123.2800,68.0000,1.799862
FILLER_20_246,VPWR,li1,120.0600,68.0000,1.799861
FILLER_20_234,VPWR,li1,113.3900,68.0000,1.799860
FILLER_20_222,VPWR,li1,110.4000,68.0000,1.799859
FILLER_20_204,VPWR,li1,100.7400,68.0000,1.799860
FILLER_20_192,VPWR,li1,94.7600,68.0000,1.799861
FILLER_20_180,VPWR,li1,90.1600,68.0000,1.799863
FILLER_20_164,VPWR,li1,81.6500,68.0000,1.799866
FILLER_20_154,VPWR,li1,77.0500,68.0000,1.799869
FILLER_20_149,VPWR,li1,74.2900,68.0000,1.799870
FILLER_20_125,VPWR,li1,65.7800,68.0000,1.799877
FILLER_20_113,VPWR,li1,58.1900,68.0000,1.799883
FILLER_20_105,VPWR,li1,55.6600,68.0000,1.799885
FILLER_20_94,VPWR,li1,49.6800,68.0000,1.799892
FILLER_20_85,VPWR,li1,45.0800,68.0000,1.799901
FILLER_20_78,VPWR,li1,41.8600,68.0000,1.799906
FILLER_20_53,VPWR,li1,30.1300,68.0000,1.799940
FILLER_20_41,VPWR,li1,27.1400,68.0000,1.799951
FILLER_20_29,VPWR,li1,21.6200,68.0000,1.799969
FILLER_20_27,VPWR,li1,18.1700,68.0000,1.799969
FILLER_20_15,VPWR,li1,15.1800,68.0000,1.799969
FILLER_20_3,VPWR,li1,9.6600,68.0000,1.799969
FILLER_19_821,VPWR,li1,383.8700,62.5600,1.799899
FILLER_19_809,VPWR,li1,380.4200,62.5600,1.799899
FILLER_19_797,VPWR,li1,374.9000,62.5600,1.799899
FILLER_19_785,VPWR,li1,369.3800,62.5600,1.799899
FILLER_19_776,VPWR,li1,364.3200,62.5600,1.799899
FILLER_19_764,VPWR,li1,359.7200,62.5600,1.799899
FILLER_19_752,VPWR,li1,354.2000,62.5600,1.799899
FILLER_19_737,VPWR,li1,345.2300,62.5600,1.799903
FILLER_19_729,VPWR,li1,342.7000,62.5600,1.799905
FILLER_19_726,VPWR,li1,339.9400,62.5600,1.799910
FILLER_19_707,VPWR,li1,331.4300,62.5600,1.799929
FILLER_19_695,VPWR,li1,327.9800,62.5600,1.799938
FILLER_19_688,VPWR,li1,322.9200,62.5600,1.799919
FILLER_19_682,VPWR,li1,319.9300,62.5600,1.799910
FILLER_19_673,VPWR,li1,316.4800,62.5600,1.799902
FILLER_19_669,VPWR,li1,313.9500,62.5600,1.799897
FILLER_19_633,VPWR,li1,297.6200,62.5600,1.799853
FILLER_19_585,VPWR,li1,275.0800,62.5600,1.799800
FILLER_19_577,VPWR,li1,271.1700,62.5600,1.799793
FILLER_19_556,VPWR,li1,262.2000,62.5600,1.799778
FILLER_19_545,VPWR,li1,257.6000,62.5600,1.799770
FILLER_19_533,VPWR,li1,253.4600,62.5600,1.799767
FILLER_19_522,VPWR,li1,247.0200,62.5600,1.799761
FILLER_19_514,VPWR,li1,242.4200,62.5600,1.799755
FILLER_19_505,VPWR,li1,239.2000,62.5600,1.799754
FILLER_19_503,VPWR,li1,237.1300,62.5600,1.799752
FILLER_19_487,VPWR,li1,230.9200,62.5600,1.799748
FILLER_19_469,VPWR,li1,222.1800,62.5600,1.799742
FILLER_19_464,VPWR,li1,219.1900,62.5600,1.799741
FILLER_19_456,VPWR,li1,217.1200,62.5600,1.799742
FILLER_19_449,VPWR,li1,212.2900,62.5600,1.799744
FILLER_19_446,VPWR,li1,211.1400,62.5600,1.799745
FILLER_19_434,VPWR,li1,207.9200,62.5600,1.799746
FILLER_19_422,VPWR,li1,202.4000,62.5600,1.799760
FILLER_19_410,VPWR,li1,196.8800,62.5600,1.799789
FILLER_19_401,VPWR,li1,190.6700,62.5600,1.799809
FILLER_19_393,VPWR,li1,188.1400,62.5600,1.799820
FILLER_19_391,VPWR,li1,185.6100,62.5600,1.799838
FILLER_19_385,VPWR,li1,184.0000,62.5600,1.799838
FILLER_19_366,VPWR,li1,175.7200,62.5600,1.799892
FILLER_19_356,VPWR,li1,169.9700,62.5600,1.799876
FILLER_19_337,VPWR,li1,163.3000,62.5600,1.799860
FILLER_19_335,VPWR,li1,159.8500,62.5600,1.799850
FILLER_19_323,VPWR,li1,156.8600,62.5600,1.799845
FILLER_19_305,VPWR,li1,147.2000,62.5600,1.799823
FILLER_19_293,VPWR,li1,143.0600,62.5600,1.799817
FILLER_19_281,VPWR,li1,137.5400,62.5600,1.799813
FILLER_19_273,VPWR,li1,131.7900,62.5600,1.799807
FILLER_19_261,VPWR,li1,128.3400,62.5600,1.799805
FILLER_19_249,VPWR,li1,122.8200,62.5600,1.799801
FILLER_19_237,VPWR,li1,117.3000,62.5600,1.799797
FILLER_19_225,VPWR,li1,111.7800,62.5600,1.799795
FILLER_19_223,VPWR,li1,108.3300,62.5600,1.799796
FILLER_19_219,VPWR,li1,107.1800,62.5600,1.799796
FILLER_19_207,VPWR,li1,103.5000,62.5600,1.799798
FILLER_19_193,VPWR,li1,95.2200,62.5600,1.799804
FILLER_19_181,VPWR,li1,91.5400,62.5600,1.799808
FILLER_19_169,VPWR,li1,86.0200,62.5600,1.799814
FILLER_19_161,VPWR,li1,80.0400,62.5600,1.799826
FILLER_19_151,VPWR,li1,75.2100,62.5600,1.799835
FILLER_19_139,VPWR,li1,72.2200,62.5600,1.799839
FILLER_19_129,VPWR,li1,65.5500,62.5600,1.799853
FILLER_19_113,VPWR,li1,58.4200,62.5600,1.799873
FILLER_19_111,VPWR,li1,56.8100,62.5600,1.799878
FILLER_19_105,VPWR,li1,55.2000,62.5600,1.799878
FILLER_19_93,VPWR,li1,51.0600,62.5600,1.799889
FILLER_19_81,VPWR,li1,45.5400,62.5600,1.799906
FILLER_19_69,VPWR,li1,40.0200,62.5600,1.799918
FILLER_19_63,VPWR,li1,34.7300,62.5600,1.799932
FILLER_19_57,VPWR,li1,33.1200,62.5600,1.799938
FILLER_19_55,VPWR,li1,31.0500,62.5600,1.799946
FILLER_19_51,VPWR,li1,29.9000,62.5600,1.799946
FILLER_19_39,VPWR,li1,26.2200,62.5600,1.799956
FILLER_19_27,VPWR,li1,20.7000,62.5600,1.799972
FILLER_19_15,VPWR,li1,15.1800,62.5600,1.799972
FILLER_19_3,VPWR,li1,9.6600,62.5600,1.799972
FILLER_18_821,VPWR,li1,383.8700,62.5600,1.799899
FILLER_18_813,VPWR,li1,381.3400,62.5600,1.799899
FILLER_18_811,VPWR,li1,378.8100,62.5600,1.799899
FILLER_18_805,VPWR,li1,377.2000,62.5600,1.799899
FILLER_18_793,VPWR,li1,373.0600,62.5600,1.799899
FILLER_18_781,VPWR,li1,367.5400,62.5600,1.799899
FILLER_18_769,VPWR,li1,362.0200,62.5600,1.799899
FILLER_18_757,VPWR,li1,356.5000,62.5600,1.799899
FILLER_18_744,VPWR,li1,350.5200,62.5600,1.799899
FILLER_18_736,VPWR,li1,344.7700,62.5600,1.799903
FILLER_18_728,VPWR,li1,342.2400,62.5600,1.799908
FILLER_18_713,VPWR,li1,333.9600,62.5600,1.799922
FILLER_18_701,VPWR,li1,330.7400,62.5600,1.799929
FILLER_18_688,VPWR,li1,324.7600,62.5600,1.799928
FILLER_18_681,VPWR,li1,319.7000,62.5600,1.799910
FILLER_18_674,VPWR,li1,316.0200,62.5600,1.799902
FILLER_18_662,VPWR,li1,312.8000,62.5600,1.799891
FILLER_18_652,VPWR,li1,305.9000,62.5600,1.799870
FILLER_18_645,VPWR,li1,302.6800,62.5600,1.799864
FILLER_18_643,VPWR,li1,301.5300,62.5600,1.799859
FILLER_18_637,VPWR,li1,299.9200,62.5600,1.799859
FILLER_18_625,VPWR,li1,295.7800,62.5600,1.799846
FILLER_18_618,VPWR,li1,290.2600,62.5600,1.799832
FILLER_18_607,VPWR,li1,285.2000,62.5600,1.799821
FILLER_18_603,VPWR,li1,283.1300,62.5600,1.799816
FILLER_18_599,VPWR,li1,281.9800,62.5600,1.799816
FILLER_18_589,VPWR,li1,277.8400,62.5600,1.799804
FILLER_18_587,VPWR,li1,275.7700,62.5600,1.799800
FILLER_18_578,VPWR,li1,272.3200,62.5600,1.799796
FILLER_18_566,VPWR,li1,268.6400,62.5600,1.799789
FILLER_18_554,VPWR,li1,263.1200,62.5600,1.799778
FILLER_18_540,VPWR,li1,254.3800,62.5600,1.799767
FILLER_18_533,VPWR,li1,251.3900,62.5600,1.799765
FILLER_18_531,VPWR,li1,250.0100,62.5600,1.799763
FILLER_18_525,VPWR,li1,248.4000,62.5600,1.799761
FILLER_18_513,VPWR,li1,244.2600,62.5600,1.799758
FILLER_18_502,VPWR,li1,236.6700,62.5600,1.799752
FILLER_18_496,VPWR,li1,235.0600,62.5600,1.799750
FILLER_18_489,VPWR,li1,230.9200,62.5600,1.799748
FILLER_18_483,VPWR,li1,227.9300,62.5600,1.799745
FILLER_18_477,VPWR,li1,226.3200,62.5600,1.799745
FILLER_18_474,VPWR,li1,224.0200,62.5600,1.799743
FILLER_18_458,VPWR,li1,216.6600,62.5600,1.799742
FILLER_18_450,VPWR,li1,214.3600,62.5600,1.799743
FILLER_18_438,VPWR,li1,209.7600,62.5600,1.799745
FILLER_18_421,VPWR,li1,199.8700,62.5600,1.799773
FILLER_18_412,VPWR,li1,195.2700,62.5600,1.799789
FILLER_18_408,VPWR,li1,194.1200,62.5600,1.799800
FILLER_18_400,VPWR,li1,189.7500,62.5600,1.799820
FILLER_18_394,VPWR,li1,188.1400,62.5600,1.799820
FILLER_18_385,VPWR,li1,183.3100,62.5600,1.799848
FILLER_18_377,VPWR,li1,180.7800,62.5600,1.799863
FILLER_18_365,VPWR,li1,176.1800,62.5600,1.799892
FILLER_18_363,VPWR,li1,172.7300,62.5600,1.799882
FILLER_18_359,VPWR,li1,171.5800,62.5600,1.799876
FILLER_18_352,VPWR,li1,167.6700,62.5600,1.799871
FILLER_18_340,VPWR,li1,164.6800,62.5600,1.799860
FILLER_18_328,VPWR,li1,159.1600,62.5600,1.799850
FILLER_18_309,VPWR,li1,149.0400,62.5600,1.799828
FILLER_18_302,VPWR,li1,145.8200,62.5600,1.799823
FILLER_18_297,VPWR,li1,142.3700,62.5600,1.799817
FILLER_18_289,VPWR,li1,140.3000,62.5600,1.799815
FILLER_18_277,VPWR,li1,135.7000,62.5600,1.799811
FILLER_18_265,VPWR,li1,130.1800,62.5600,1.799807
FILLER_18_251,VPWR,li1,121.2100,62.5600,1.799799
FILLER_18_247,VPWR,li1,120.0600,62.5600,1.799799
FILLER_18_235,VPWR,li1,116.3800,62.5600,1.799797
FILLER_18_227,VPWR,li1,110.4000,62.5600,1.799795
FILLER_18_219,VPWR,li1,108.1000,62.5600,1.799796
FILLER_18_209,VPWR,li1,102.3500,62.5600,1.799798
FILLER_18_201,VPWR,li1,98.2100,62.5600,1.799802
FILLER_18_197,VPWR,li1,97.0600,62.5600,1.799802
FILLER_18_195,VPWR,li1,95.4500,62.5600,1.799804
FILLER_18_187,VPWR,li1,93.3800,62.5600,1.799806
FILLER_18_175,VPWR,li1,88.7800,62.5600,1.799811
FILLER_18_170,VPWR,li1,83.9500,62.5600,1.799816
FILLER_18_166,VPWR,li1,82.8000,62.5600,1.799820
FILLER_18_154,VPWR,li1,79.1200,62.5600,1.799826
FILLER_18_148,VPWR,li1,74.2900,62.5600,1.799835
FILLER_18_133,VPWR,li1,66.9300,62.5600,1.799853
FILLER_18_121,VPWR,li1,63.9400,62.5600,1.799858
FILLER_18_112,VPWR,li1,57.9600,62.5600,1.799873
FILLER_18_97,VPWR,li1,50.8300,62.5600,1.799889
FILLER_18_85,VPWR,li1,47.3800,62.5600,1.799898
FILLER_18_82,VPWR,li1,43.7000,62.5600,1.799910
FILLER_18_76,VPWR,li1,41.1700,62.5600,1.799918
FILLER_18_65,VPWR,li1,37.2600,62.5600,1.799925
FILLER_18_53,VPWR,li1,32.6600,62.5600,1.799938
FILLER_18_41,VPWR,li1,27.1400,62.5600,1.799956
FILLER_18_29,VPWR,li1,21.6200,62.5600,1.799972
FILLER_18_27,VPWR,li1,18.1700,62.5600,1.799972
FILLER_18_15,VPWR,li1,15.1800,62.5600,1.799972
FILLER_18_3,VPWR,li1,9.6600,62.5600,1.799972
FILLER_17_821,VPWR,li1,383.8700,57.1200,1.799724
FILLER_17_809,VPWR,li1,380.4200,57.1200,1.799725
FILLER_17_797,VPWR,li1,374.9000,57.1200,1.799730
FILLER_17_785,VPWR,li1,369.3800,57.1200,1.799732
FILLER_17_778,VPWR,li1,364.7800,57.1200,1.799735
FILLER_17_766,VPWR,li1,360.6400,57.1200,1.799743
FILLER_17_756,VPWR,li1,353.9700,57.1200,1.799754
FILLER_17_735,VPWR,li1,345.4600,57.1200,1.799792
FILLER_17_719,VPWR,li1,336.4900,57.1200,1.799831
FILLER_17_713,VPWR,li1,334.8800,57.1200,1.799841
FILLER_17_709,VPWR,li1,331.8900,57.1200,1.799859
FILLER_17_700,VPWR,li1,328.2100,57.1200,1.799881
FILLER_17_692,VPWR,li1,325.6800,57.1200,1.799868
FILLER_17_671,VPWR,li1,314.4100,57.1200,1.799812
FILLER_17_659,VPWR,li1,311.4200,57.1200,1.799807
FILLER_17_647,VPWR,li1,305.9000,57.1200,1.799793
FILLER_17_630,VPWR,li1,296.7000,57.1200,1.799772
FILLER_17_625,VPWR,li1,293.4800,57.1200,1.799764
FILLER_17_617,VPWR,li1,291.1800,57.1200,1.799759
FILLER_17_614,VPWR,li1,288.4200,57.1200,1.799754
FILLER_17_606,VPWR,li1,286.1200,57.1200,1.799750
FILLER_17_594,VPWR,li1,281.5200,57.1200,1.799740
FILLER_17_582,VPWR,li1,276.0000,57.1200,1.799733
FILLER_17_573,VPWR,li1,269.7900,57.1200,1.799730
FILLER_17_561,VPWR,li1,264.2700,57.1200,1.799728
FILLER_17_525,VPWR,li1,247.7100,57.1200,1.799729
FILLER_17_515,VPWR,li1,243.1100,57.1200,1.799731
FILLER_17_505,VPWR,li1,238.7400,57.1200,1.799734
FILLER_17_503,VPWR,li1,237.1300,57.1200,1.799736
FILLER_17_497,VPWR,li1,235.5200,57.1200,1.799736
FILLER_17_465,VPWR,li1,219.6500,57.1200,1.799752
FILLER_17_449,VPWR,li1,212.7500,57.1200,1.799764
FILLER_17_447,VPWR,li1,211.3700,57.1200,1.799764
FILLER_17_439,VPWR,li1,209.3000,57.1200,1.799767
FILLER_17_429,VPWR,li1,203.5500,57.1200,1.799776
FILLER_17_423,VPWR,li1,200.3300,57.1200,1.799787
FILLER_17_419,VPWR,li1,199.1800,57.1200,1.799787
FILLER_17_410,VPWR,li1,194.5800,57.1200,1.799798
FILLER_17_402,VPWR,li1,190.6700,57.1200,1.799810
FILLER_17_396,VPWR,li1,189.0600,57.1200,1.799819
FILLER_17_391,VPWR,li1,185.6100,57.1200,1.799824
FILLER_17_375,VPWR,li1,178.7100,57.1200,1.799845
FILLER_17_363,VPWR,li1,175.2600,57.1200,1.799856
FILLER_17_357,VPWR,li1,169.9700,57.1200,1.799797
FILLER_17_345,VPWR,li1,166.9800,57.1200,1.799754
FILLER_17_335,VPWR,li1,159.8500,57.1200,1.799688
FILLER_17_327,VPWR,li1,157.7800,57.1200,1.799660
FILLER_17_315,VPWR,li1,153.1800,57.1200,1.799597
FILLER_17_281,VPWR,li1,135.0100,57.1200,1.799478
FILLER_17_272,VPWR,li1,130.8700,57.1200,1.799464
FILLER_17_264,VPWR,li1,128.8000,57.1200,1.799457
FILLER_17_248,VPWR,li1,120.2900,57.1200,1.799427
FILLER_17_240,VPWR,li1,117.7600,57.1200,1.799420
FILLER_17_232,VPWR,li1,112.4700,57.1200,1.799414
FILLER_17_212,VPWR,li1,103.7300,57.1200,1.799434
FILLER_17_204,VPWR,li1,101.2000,57.1200,1.799441
FILLER_17_197,VPWR,li1,96.3700,57.1200,1.799456
FILLER_17_185,VPWR,li1,93.3800,57.1200,1.799464
FILLER_17_169,VPWR,li1,83.7200,57.1200,1.799505
FILLER_17_158,VPWR,li1,78.8900,57.1200,1.799533
FILLER_17_144,VPWR,li1,72.6800,57.1200,1.799567
FILLER_17_132,VPWR,li1,69.0000,57.1200,1.799583
FILLER_17_120,VPWR,li1,63.4800,57.1200,1.799616
FILLER_17_100,VPWR,li1,54.2800,57.1200,1.799679
FILLER_17_92,VPWR,li1,48.0700,57.1200,1.799713
FILLER_17_73,VPWR,li1,39.3300,57.1200,1.799778
FILLER_17_69,VPWR,li1,38.1800,57.1200,1.799796
FILLER_17_57,VPWR,li1,34.5000,57.1200,1.799814
FILLER_17_55,VPWR,li1,31.0500,57.1200,1.799850
FILLER_17_51,VPWR,li1,29.9000,57.1200,1.799850
FILLER_17_39,VPWR,li1,26.2200,57.1200,1.799879
FILLER_17_27,VPWR,li1,20.7000,57.1200,1.799922
FILLER_17_15,VPWR,li1,15.1800,57.1200,1.799922
FILLER_17_3,VPWR,li1,9.6600,57.1200,1.799922
FILLER_16_819,VPWR,li1,382.4900,57.1200,1.799724
FILLER_16_813,VPWR,li1,380.8800,57.1200,1.799725
FILLER_16_806,VPWR,li1,377.6600,57.1200,1.799727
FILLER_16_794,VPWR,li1,373.5200,57.1200,1.799730
FILLER_16_772,VPWR,li1,361.1000,57.1200,1.799741
FILLER_16_755,VPWR,li1,353.0500,57.1200,1.799760
FILLER_16_740,VPWR,li1,346.6100,57.1200,1.799781
FILLER_16_732,VPWR,li1,344.0800,57.1200,1.799792
FILLER_16_720,VPWR,li1,339.4800,57.1200,1.799820
FILLER_16_708,VPWR,li1,331.4300,57.1200,1.799859
FILLER_16_692,VPWR,li1,325.6800,57.1200,1.799868
FILLER_16_671,VPWR,li1,314.4100,57.1200,1.799812
FILLER_16_667,VPWR,li1,313.2600,57.1200,1.799812
FILLER_16_645,VPWR,li1,303.1400,57.1200,1.799783
FILLER_16_643,VPWR,li1,301.5300,57.1200,1.799783
FILLER_16_637,VPWR,li1,299.9200,57.1200,1.799779
FILLER_16_621,VPWR,li1,291.4100,57.1200,1.799759
FILLER_16_617,VPWR,li1,290.2600,57.1200,1.799759
FILLER_16_611,VPWR,li1,286.8100,57.1200,1.799750
FILLER_16_599,VPWR,li1,283.8200,57.1200,1.799745
FILLER_16_589,VPWR,li1,277.1500,57.1200,1.799734
FILLER_16_584,VPWR,li1,275.0800,57.1200,1.799733
FILLER_16_576,VPWR,li1,270.7100,57.1200,1.799731
FILLER_16_569,VPWR,li1,267.4900,57.1200,1.799729
FILLER_16_550,VPWR,li1,258.9800,57.1200,1.799728
FILLER_16_533,VPWR,li1,251.1600,57.1200,1.799728
FILLER_16_519,VPWR,li1,244.4900,57.1200,1.799731
FILLER_16_503,VPWR,li1,237.5900,57.1200,1.799734
FILLER_16_491,VPWR,li1,234.1400,57.1200,1.799737
FILLER_16_477,VPWR,li1,226.3200,57.1200,1.799743
FILLER_16_472,VPWR,li1,223.5600,57.1200,1.799746
FILLER_16_453,VPWR,li1,214.3600,57.1200,1.799759
FILLER_16_445,VPWR,li1,212.0600,57.1200,1.799764
FILLER_16_433,VPWR,li1,207.4600,57.1200,1.799771
FILLER_16_421,VPWR,li1,201.9400,57.1200,1.799779
FILLER_16_412,VPWR,li1,196.8800,57.1200,1.799792
FILLER_16_391,VPWR,li1,185.6100,57.1200,1.799824
FILLER_16_387,VPWR,li1,184.4600,57.1200,1.799830
FILLER_16_372,VPWR,li1,176.8700,57.1200,1.799851
FILLER_16_360,VPWR,li1,172.0400,57.1200,1.799823
FILLER_16_348,VPWR,li1,165.8300,57.1200,1.799754
FILLER_16_319,VPWR,li1,152.9500,57.1200,1.799597
FILLER_16_315,VPWR,li1,150.6500,57.1200,1.799569
FILLER_16_309,VPWR,li1,149.0400,57.1200,1.799569
FILLER_16_306,VPWR,li1,146.7400,57.1200,1.799546
FILLER_16_294,VPWR,li1,143.5200,57.1200,1.799521
FILLER_16_282,VPWR,li1,138.0000,57.1200,1.799493
FILLER_16_273,VPWR,li1,131.7900,57.1200,1.799464
FILLER_16_265,VPWR,li1,129.2600,57.1200,1.799457
FILLER_16_253,VPWR,li1,124.6600,57.1200,1.799442
FILLER_16_246,VPWR,li1,120.0600,57.1200,1.799427
FILLER_16_230,VPWR,li1,112.7000,57.1200,1.799414
FILLER_16_216,VPWR,li1,106.7200,57.1200,1.799429
FILLER_16_204,VPWR,li1,102.1200,57.1200,1.799441
FILLER_16_193,VPWR,li1,94.9900,57.1200,1.799464
FILLER_16_181,VPWR,li1,91.5400,57.1200,1.799470
FILLER_16_174,VPWR,li1,85.7900,57.1200,1.799495
FILLER_16_161,VPWR,li1,80.5000,57.1200,1.799517
FILLER_16_147,VPWR,li1,73.3700,57.1200,1.799567
FILLER_16_141,VPWR,li1,71.7600,57.1200,1.799567
FILLER_16_136,VPWR,li1,69.0000,57.1200,1.799583
FILLER_16_124,VPWR,li1,65.3200,57.1200,1.799605
FILLER_16_102,VPWR,li1,53.3600,57.1200,1.799679
FILLER_16_90,VPWR,li1,49.6800,57.1200,1.799713
FILLER_16_83,VPWR,li1,43.9300,57.1200,1.799742
FILLER_16_75,VPWR,li1,40.7100,57.1200,1.799778
FILLER_16_53,VPWR,li1,32.6600,57.1200,1.799828
FILLER_16_41,VPWR,li1,27.1400,57.1200,1.799879
FILLER_16_29,VPWR,li1,21.6200,57.1200,1.799922
FILLER_16_27,VPWR,li1,18.1700,57.1200,1.799922
FILLER_16_15,VPWR,li1,15.1800,57.1200,1.799922
FILLER_16_3,VPWR,li1,9.6600,57.1200,1.799922
FILLER_15_817,VPWR,li1,382.0300,51.6800,1.799760
FILLER_15_809,VPWR,li1,379.5000,51.6800,1.799762
FILLER_15_797,VPWR,li1,374.9000,51.6800,1.799764
FILLER_15_785,VPWR,li1,369.3800,51.6800,1.799768
FILLER_15_781,VPWR,li1,365.4700,51.6800,1.799771
FILLER_15_769,VPWR,li1,362.0200,51.6800,1.799775
FILLER_15_761,VPWR,li1,356.0400,51.6800,1.799784
FILLER_15_750,VPWR,li1,351.4400,51.6800,1.799794
FILLER_15_741,VPWR,li1,347.0700,51.6800,1.799803
FILLER_15_720,VPWR,li1,337.1800,51.6800,1.799847
FILLER_15_708,VPWR,li1,333.9600,51.6800,1.799864
FILLER_15_696,VPWR,li1,328.4400,51.6800,1.799876
FILLER_15_673,VPWR,li1,315.5600,51.6800,1.799822
FILLER_15_668,VPWR,li1,313.0300,51.6800,1.799816
FILLER_15_656,VPWR,li1,310.0400,51.6800,1.799806
FILLER_15_644,VPWR,li1,304.5200,51.6800,1.799787
FILLER_15_632,VPWR,li1,299.0000,51.6800,1.799772
FILLER_15_615,VPWR,li1,288.6500,51.6800,1.799746
FILLER_15_599,VPWR,li1,282.9000,51.6800,1.799737
FILLER_15_592,VPWR,li1,278.0700,51.6800,1.799732
FILLER_15_557,VPWR,li1,262.4300,51.6800,1.799754
FILLER_15_545,VPWR,li1,258.9800,51.6800,1.799759
FILLER_15_527,VPWR,li1,248.8600,51.6800,1.799775
FILLER_15_521,VPWR,li1,245.4100,51.6800,1.799783
FILLER_15_515,VPWR,li1,243.8000,51.6800,1.799783
FILLER_15_499,VPWR,li1,235.5200,51.6800,1.799797
FILLER_15_491,VPWR,li1,231.8400,51.6800,1.799804
FILLER_15_485,VPWR,li1,229.0800,51.6800,1.799810
FILLER_15_473,VPWR,li1,225.8600,51.6800,1.799817
FILLER_15_461,VPWR,li1,220.3400,51.6800,1.799828
FILLER_15_430,VPWR,li1,206.0800,51.6800,1.799860
FILLER_15_413,VPWR,li1,196.1900,51.6800,1.799891
FILLER_15_401,VPWR,li1,192.7400,51.6800,1.799902
FILLER_15_393,VPWR,li1,186.7600,51.6800,1.799918
FILLER_15_391,VPWR,li1,185.6100,51.6800,1.799924
FILLER_15_379,VPWR,li1,182.6200,51.6800,1.799934
FILLER_15_364,VPWR,li1,174.8000,51.6800,1.799954
FILLER_15_356,VPWR,li1,169.7400,51.6800,1.799947
FILLER_15_344,VPWR,li1,166.5200,51.6800,1.799943
FILLER_15_335,VPWR,li1,159.8500,51.6800,1.799936
FILLER_15_326,VPWR,li1,155.9400,51.6800,1.799932
FILLER_15_310,VPWR,li1,148.5800,51.6800,1.799924
FILLER_15_302,VPWR,li1,146.2800,51.6800,1.799922
FILLER_15_293,VPWR,li1,141.6800,51.6800,1.799919
FILLER_15_281,VPWR,li1,137.5400,51.6800,1.799915
FILLER_15_279,VPWR,li1,134.0900,51.6800,1.799914
FILLER_15_267,VPWR,li1,131.1000,51.6800,1.799911
FILLER_15_257,VPWR,li1,124.4300,51.6800,1.799907
FILLER_15_249,VPWR,li1,121.9000,51.6800,1.799906
FILLER_15_237,VPWR,li1,117.3000,51.6800,1.799905
FILLER_15_225,VPWR,li1,111.7800,51.6800,1.799903
FILLER_15_223,VPWR,li1,108.3300,51.6800,1.799902
FILLER_15_219,VPWR,li1,107.1800,51.6800,1.799902
FILLER_15_212,VPWR,li1,103.2700,51.6800,1.799902
FILLER_15_206,VPWR,li1,101.6600,51.6800,1.799902
FILLER_15_201,VPWR,li1,98.4400,51.6800,1.799902
FILLER_15_181,VPWR,li1,90.6200,51.6800,1.799902
FILLER_15_169,VPWR,li1,86.0200,51.6800,1.799903
FILLER_15_164,VPWR,li1,81.8800,51.6800,1.799904
FILLER_15_152,VPWR,li1,78.2000,51.6800,1.799905
FILLER_15_122,VPWR,li1,63.4800,51.6800,1.799912
FILLER_15_104,VPWR,li1,55.2000,51.6800,1.799921
FILLER_15_92,VPWR,li1,50.6000,51.6800,1.799926
FILLER_15_80,VPWR,li1,45.0800,51.6800,1.799934
FILLER_15_57,VPWR,li1,34.5000,51.6800,1.799950
FILLER_15_55,VPWR,li1,31.0500,51.6800,1.799960
FILLER_15_51,VPWR,li1,29.9000,51.6800,1.799960
FILLER_15_39,VPWR,li1,26.2200,51.6800,1.799968
FILLER_15_27,VPWR,li1,20.7000,51.6800,1.799979
FILLER_15_15,VPWR,li1,15.1800,51.6800,1.799979
FILLER_15_3,VPWR,li1,9.6600,51.6800,1.799979
FILLER_14_821,VPWR,li1,383.8700,51.6800,1.799759
FILLER_14_813,VPWR,li1,381.3400,51.6800,1.799760
FILLER_14_811,VPWR,li1,378.8100,51.6800,1.799762
FILLER_14_803,VPWR,li1,376.7400,51.6800,1.799763
FILLER_14_791,VPWR,li1,372.1400,51.6800,1.799766
FILLER_14_769,VPWR,li1,359.7200,51.6800,1.799778
FILLER_14_757,VPWR,li1,356.5000,51.6800,1.799784
FILLER_14_755,VPWR,li1,353.0500,51.6800,1.799790
FILLER_14_747,VPWR,li1,350.9800,51.6800,1.799794
FILLER_14_731,VPWR,li1,342.2400,51.6800,1.799822
FILLER_14_719,VPWR,li1,339.0200,51.6800,1.799838
FILLER_14_709,VPWR,li1,331.8900,51.6800,1.799874
FILLER_14_701,VPWR,li1,329.8200,51.6800,1.799889
FILLER_14_697,VPWR,li1,326.8300,51.6800,1.799876
FILLER_14_693,VPWR,li1,324.5300,51.6800,1.799863
FILLER_14_678,VPWR,li1,318.0900,51.6800,1.799833
FILLER_14_670,VPWR,li1,314.4100,51.6800,1.799816
FILLER_14_658,VPWR,li1,310.9600,51.6800,1.799806
FILLER_14_640,VPWR,li1,300.8400,51.6800,1.799779
FILLER_14_632,VPWR,li1,296.4700,51.6800,1.799767
FILLER_14_620,VPWR,li1,293.4800,51.6800,1.799760
FILLER_14_616,VPWR,li1,289.1100,51.6800,1.799750
FILLER_14_608,VPWR,li1,285.4300,51.6800,1.799742
FILLER_14_602,VPWR,li1,283.8200,51.6800,1.799737
FILLER_14_589,VPWR,li1,277.8400,51.6800,1.799734
FILLER_14_586,VPWR,li1,275.5400,51.6800,1.799737
FILLER_14_569,VPWR,li1,268.6400,51.6800,1.799746
FILLER_14_557,VPWR,li1,264.5000,51.6800,1.799750
FILLER_14_545,VPWR,li1,258.9800,51.6800,1.799759
FILLER_14_533,VPWR,li1,253.4600,51.6800,1.799768
FILLER_14_526,VPWR,li1,248.8600,51.6800,1.799775
FILLER_14_514,VPWR,li1,244.7200,51.6800,1.799783
FILLER_14_496,VPWR,li1,234.3700,51.6800,1.799801
FILLER_14_477,VPWR,li1,226.3200,51.6800,1.799817
FILLER_14_474,VPWR,li1,224.0200,51.6800,1.799821
FILLER_14_466,VPWR,li1,221.7200,51.6800,1.799828
FILLER_14_458,VPWR,li1,216.4300,51.6800,1.799837
FILLER_14_452,VPWR,li1,214.8200,51.6800,1.799843
FILLER_14_442,VPWR,li1,209.7600,51.6800,1.799852
FILLER_14_426,VPWR,li1,201.9400,51.6800,1.799873
FILLER_14_416,VPWR,li1,197.1100,51.6800,1.799884
FILLER_14_408,VPWR,li1,195.0400,51.6800,1.799891
FILLER_14_403,VPWR,li1,191.3600,51.6800,1.799902
FILLER_14_391,VPWR,li1,188.1400,51.6800,1.799911
FILLER_14_381,VPWR,li1,181.0100,51.6800,1.799934
FILLER_14_377,VPWR,li1,179.8600,51.6800,1.799943
FILLER_14_365,VPWR,li1,176.1800,51.6800,1.799954
FILLER_14_356,VPWR,li1,171.1200,51.6800,1.799947
FILLER_14_347,VPWR,li1,165.6000,51.6800,1.799941
FILLER_14_342,VPWR,li1,163.0700,51.6800,1.799938
FILLER_14_330,VPWR,li1,160.0800,51.6800,1.799936
FILLER_14_318,VPWR,li1,154.5600,51.6800,1.799929
FILLER_14_313,VPWR,li1,149.7300,51.6800,1.799924
FILLER_14_295,VPWR,li1,141.4500,51.6800,1.799919
FILLER_14_286,VPWR,li1,137.5400,51.6800,1.799915
FILLER_14_277,VPWR,li1,133.1700,51.6800,1.799912
FILLER_14_265,VPWR,li1,127.8800,51.6800,1.799910
FILLER_14_253,VPWR,li1,122.1300,51.6800,1.799906
FILLER_14_251,VPWR,li1,121.2100,51.6800,1.799906
FILLER_14_243,VPWR,li1,117.5300,51.6800,1.799905
FILLER_14_236,VPWR,li1,114.5400,51.6800,1.799904
FILLER_14_210,VPWR,li1,102.8100,51.6800,1.799902
FILLER_14_202,VPWR,li1,100.2800,51.6800,1.799902
FILLER_14_195,VPWR,li1,95.4500,51.6800,1.799902
FILLER_14_182,VPWR,li1,89.7000,51.6800,1.799902
FILLER_14_174,VPWR,li1,87.4000,51.6800,1.799903
FILLER_14_156,VPWR,li1,78.2000,51.6800,1.799905
FILLER_14_141,VPWR,li1,71.3000,51.6800,1.799908
FILLER_14_139,VPWR,li1,69.6900,51.6800,1.799909
FILLER_14_125,VPWR,li1,64.8600,51.6800,1.799912
FILLER_14_113,VPWR,li1,60.2600,51.6800,1.799916
FILLER_14_102,VPWR,li1,53.8200,51.6800,1.799921
FILLER_14_90,VPWR,li1,49.6800,51.6800,1.799926
FILLER_14_81,VPWR,li1,43.4700,51.6800,1.799934
FILLER_14_73,VPWR,li1,39.3300,51.6800,1.799941
FILLER_14_65,VPWR,li1,37.2600,51.6800,1.799945
FILLER_14_53,VPWR,li1,32.6600,51.6800,1.799954
FILLER_14_41,VPWR,li1,27.1400,51.6800,1.799968
FILLER_14_29,VPWR,li1,21.6200,51.6800,1.799979
FILLER_14_27,VPWR,li1,18.1700,51.6800,1.799979
FILLER_14_15,VPWR,li1,15.1800,51.6800,1.799979
FILLER_14_3,VPWR,li1,9.6600,51.6800,1.799979
FILLER_13_821,VPWR,li1,383.8700,46.2400,1.799758
FILLER_13_809,VPWR,li1,380.4200,46.2400,1.799760
FILLER_13_797,VPWR,li1,374.9000,46.2400,1.799763
FILLER_13_785,VPWR,li1,369.3800,46.2400,1.799767
FILLER_13_783,VPWR,li1,365.9300,46.2400,1.799769
FILLER_13_775,VPWR,li1,363.8600,46.2400,1.799771
FILLER_13_763,VPWR,li1,359.2600,46.2400,1.799774
FILLER_13_751,VPWR,li1,353.7400,46.2400,1.799783
FILLER_13_729,VPWR,li1,342.2400,46.2400,1.799814
FILLER_13_724,VPWR,li1,338.7900,46.2400,1.799821
FILLER_13_720,VPWR,li1,337.6400,46.2400,1.799828
FILLER_13_713,VPWR,li1,333.7300,46.2400,1.799842
FILLER_13_709,VPWR,li1,332.5800,46.2400,1.799849
FILLER_13_697,VPWR,li1,328.9000,46.2400,1.799840
FILLER_13_681,VPWR,li1,320.6200,46.2400,1.799772
FILLER_13_673,VPWR,li1,315.7900,46.2400,1.799723
FILLER_13_671,VPWR,li1,314.4100,46.2400,1.799698
FILLER_13_667,VPWR,li1,313.2600,46.2400,1.799698
FILLER_13_659,VPWR,li1,308.8900,46.2400,1.799650
FILLER_13_653,VPWR,li1,307.2800,46.2400,1.799630
FILLER_13_641,VPWR,li1,303.1400,46.2400,1.799591
FILLER_13_629,VPWR,li1,296.7000,46.2400,1.799542
FILLER_13_617,VPWR,li1,292.1000,46.2400,1.799490
FILLER_13_614,VPWR,li1,288.4200,46.2400,1.799457
FILLER_13_606,VPWR,li1,286.1200,46.2400,1.799438
FILLER_13_590,VPWR,li1,278.3000,46.2400,1.799405
FILLER_13_578,VPWR,li1,274.1600,46.2400,1.799394
FILLER_13_566,VPWR,li1,268.6400,46.2400,1.799375
FILLER_13_559,VPWR,li1,262.8900,46.2400,1.799367
FILLER_13_548,VPWR,li1,258.2900,46.2400,1.799368
FILLER_13_540,VPWR,li1,255.7600,46.2400,1.799375
FILLER_13_528,VPWR,li1,251.1600,46.2400,1.799395
FILLER_13_503,VPWR,li1,237.1300,46.2400,1.799444
FILLER_13_499,VPWR,li1,235.9800,46.2400,1.799444
FILLER_13_484,VPWR,li1,229.0800,46.2400,1.799476
FILLER_13_473,VPWR,li1,223.3300,46.2400,1.799500
FILLER_13_461,VPWR,li1,220.3400,46.2400,1.799513
FILLER_13_449,VPWR,li1,214.8200,46.2400,1.799547
FILLER_13_446,VPWR,li1,211.1400,46.2400,1.799575
FILLER_13_438,VPWR,li1,208.8400,46.2400,1.799597
FILLER_13_434,VPWR,li1,205.3900,46.2400,1.799631
FILLER_13_428,VPWR,li1,203.7800,46.2400,1.799631
FILLER_13_410,VPWR,li1,194.5800,46.2400,1.799703
FILLER_13_393,VPWR,li1,187.2200,46.2400,1.799775
FILLER_13_391,VPWR,li1,185.6100,46.2400,1.799775
FILLER_13_387,VPWR,li1,184.4600,46.2400,1.799796
FILLER_13_384,VPWR,li1,182.3900,46.2400,1.799812
FILLER_13_375,VPWR,li1,178.4800,46.2400,1.799847
FILLER_13_363,VPWR,li1,175.2600,46.2400,1.799871
FILLER_13_337,VPWR,li1,161.2300,46.2400,1.799857
FILLER_13_331,VPWR,li1,158.0100,46.2400,1.799853
FILLER_13_327,VPWR,li1,156.8600,46.2400,1.799853
FILLER_13_315,VPWR,li1,153.1800,46.2400,1.799851
FILLER_13_303,VPWR,li1,147.6600,46.2400,1.799847
FILLER_13_296,VPWR,li1,141.9100,46.2400,1.799844
FILLER_13_281,VPWR,li1,137.5400,46.2400,1.799842
FILLER_13_277,VPWR,li1,133.6300,46.2400,1.799840
FILLER_13_269,VPWR,li1,131.1000,46.2400,1.799839
FILLER_13_258,VPWR,li1,124.4300,46.2400,1.799836
FILLER_13_254,VPWR,li1,123.2800,46.2400,1.799835
FILLER_13_237,VPWR,li1,115.2300,46.2400,1.799833
FILLER_13_229,VPWR,li1,111.0900,46.2400,1.799833
FILLER_13_225,VPWR,li1,109.9400,46.2400,1.799832
FILLER_13_222,VPWR,li1,108.1000,46.2400,1.799832
FILLER_13_216,VPWR,li1,105.1100,46.2400,1.799832
FILLER_13_208,VPWR,li1,101.4300,46.2400,1.799832
FILLER_13_202,VPWR,li1,99.8200,46.2400,1.799832
FILLER_13_190,VPWR,li1,95.6800,46.2400,1.799832
FILLER_13_180,VPWR,li1,89.0100,46.2400,1.799833
FILLER_13_172,VPWR,li1,86.4800,46.2400,1.799833
FILLER_13_144,VPWR,li1,71.9900,46.2400,1.799837
FILLER_13_140,VPWR,li1,70.8400,46.2400,1.799838
FILLER_13_133,VPWR,li1,66.9300,46.2400,1.799840
FILLER_13_125,VPWR,li1,63.4800,46.2400,1.799841
FILLER_13_113,VPWR,li1,60.2600,46.2400,1.799845
FILLER_13_110,VPWR,li1,56.5800,46.2400,1.799848
FILLER_13_93,VPWR,li1,50.1400,46.2400,1.799861
FILLER_13_77,VPWR,li1,41.6300,46.2400,1.799884
FILLER_13_69,VPWR,li1,39.1000,46.2400,1.799897
FILLER_13_57,VPWR,li1,34.5000,46.2400,1.799911
FILLER_13_55,VPWR,li1,31.0500,46.2400,1.799928
FILLER_13_51,VPWR,li1,29.9000,46.2400,1.799928
FILLER_13_39,VPWR,li1,26.2200,46.2400,1.799942
FILLER_13_27,VPWR,li1,20.7000,46.2400,1.799962
FILLER_13_15,VPWR,li1,15.1800,46.2400,1.799962
FILLER_13_3,VPWR,li1,9.6600,46.2400,1.799962
FILLER_12_819,VPWR,li1,382.4900,46.2400,1.799758
FILLER_12_813,VPWR,li1,380.8800,46.2400,1.799760
FILLER_12_810,VPWR,li1,378.5800,46.2400,1.799761
FILLER_12_802,VPWR,li1,376.2800,46.2400,1.799763
FILLER_12_790,VPWR,li1,371.6800,46.2400,1.799766
FILLER_12_778,VPWR,li1,366.1600,46.2400,1.799769
FILLER_12_757,VPWR,li1,353.9700,46.2400,1.799783
FILLER_12_752,VPWR,li1,352.3600,46.2400,1.799783
FILLER_12_740,VPWR,li1,348.6800,46.2400,1.799789
FILLER_12_728,VPWR,li1,343.1600,46.2400,1.799805
FILLER_12_724,VPWR,li1,338.7900,46.2400,1.799821
FILLER_12_716,VPWR,li1,335.1100,46.2400,1.799835
FILLER_12_708,VPWR,li1,331.4300,46.2400,1.799849
FILLER_12_704,VPWR,li1,330.2800,46.2400,1.799858
FILLER_12_699,VPWR,li1,327.2900,46.2400,1.799840
FILLER_12_672,VPWR,li1,316.0200,46.2400,1.799723
FILLER_12_653,VPWR,li1,306.1300,46.2400,1.799630
FILLER_12_645,VPWR,li1,304.0600,46.2400,1.799611
FILLER_12_638,VPWR,li1,300.3800,46.2400,1.799568
FILLER_12_630,VPWR,li1,295.5500,46.2400,1.799521
FILLER_12_620,VPWR,li1,290.9500,46.2400,1.799490
FILLER_12_614,VPWR,li1,289.3400,46.2400,1.799473
FILLER_12_601,VPWR,li1,282.6700,46.2400,1.799425
FILLER_12_580,VPWR,li1,274.1600,46.2400,1.799394
FILLER_12_572,VPWR,li1,268.8700,46.2400,1.799375
FILLER_12_566,VPWR,li1,267.2600,46.2400,1.799375
FILLER_12_558,VPWR,li1,262.4300,46.2400,1.799364
FILLER_12_529,VPWR,li1,249.5500,46.2400,1.799395
FILLER_12_518,VPWR,li1,244.2600,46.2400,1.799417
FILLER_12_506,VPWR,li1,241.0400,46.2400,1.799430
FILLER_12_494,VPWR,li1,235.5200,46.2400,1.799451
FILLER_12_477,VPWR,li1,225.6300,46.2400,1.799484
FILLER_12_473,VPWR,li1,223.7900,46.2400,1.799492
FILLER_12_460,VPWR,li1,217.3500,46.2400,1.799527
FILLER_12_456,VPWR,li1,216.2000,46.2400,1.799547
FILLER_12_444,VPWR,li1,212.5200,46.2400,1.799575
FILLER_12_440,VPWR,li1,208.1500,46.2400,1.799597
FILLER_12_428,VPWR,li1,205.1600,46.2400,1.799631
FILLER_12_419,VPWR,li1,198.4900,46.2400,1.799685
FILLER_12_406,VPWR,li1,194.1200,46.2400,1.799718
FILLER_12_400,VPWR,li1,189.9800,46.2400,1.799740
FILLER_12_392,VPWR,li1,186.3000,46.2400,1.799775
FILLER_12_377,VPWR,li1,179.4000,46.2400,1.799828
FILLER_12_347,VPWR,li1,165.8300,46.2400,1.799861
FILLER_12_328,VPWR,li1,157.0900,46.2400,1.799853
FILLER_12_320,VPWR,li1,154.5600,46.2400,1.799851
FILLER_12_309,VPWR,li1,148.5800,46.2400,1.799848
FILLER_12_305,VPWR,li1,146.5100,46.2400,1.799847
FILLER_12_297,VPWR,li1,143.9800,46.2400,1.799845
FILLER_12_277,VPWR,li1,134.7800,46.2400,1.799840
FILLER_12_265,VPWR,li1,130.1800,46.2400,1.799838
FILLER_12_253,VPWR,li1,124.6600,46.2400,1.799836
FILLER_12_244,VPWR,li1,119.6000,46.2400,1.799835
FILLER_12_232,VPWR,li1,115.0000,46.2400,1.799833
FILLER_12_225,VPWR,li1,109.2500,46.2400,1.799832
FILLER_12_210,VPWR,li1,102.8100,46.2400,1.799832
FILLER_12_202,VPWR,li1,100.2800,46.2400,1.799832
FILLER_12_195,VPWR,li1,95.4500,46.2400,1.799832
FILLER_12_185,VPWR,li1,92.0000,46.2400,1.799832
FILLER_12_177,VPWR,li1,87.6300,46.2400,1.799833
FILLER_12_165,VPWR,li1,84.1800,46.2400,1.799834
FILLER_12_161,VPWR,li1,79.8100,46.2400,1.799835
FILLER_12_155,VPWR,li1,78.2000,46.2400,1.799835
FILLER_12_149,VPWR,li1,74.2900,46.2400,1.799836
FILLER_12_141,VPWR,li1,72.2200,46.2400,1.799837
FILLER_12_137,VPWR,li1,69.2300,46.2400,1.799839
FILLER_12_115,VPWR,li1,59.1100,46.2400,1.799845
FILLER_12_92,VPWR,li1,48.7600,46.2400,1.799861
FILLER_12_83,VPWR,li1,43.9300,46.2400,1.799875
FILLER_12_77,VPWR,li1,42.3200,46.2400,1.799884
FILLER_12_65,VPWR,li1,38.1800,46.2400,1.799897
FILLER_12_53,VPWR,li1,32.6600,46.2400,1.799918
FILLER_12_41,VPWR,li1,27.1400,46.2400,1.799942
FILLER_12_29,VPWR,li1,21.6200,46.2400,1.799962
FILLER_12_27,VPWR,li1,18.1700,46.2400,1.799962
FILLER_12_15,VPWR,li1,15.1800,46.2400,1.799962
FILLER_12_3,VPWR,li1,9.6600,46.2400,1.799962
FILLER_11_821,VPWR,li1,383.8700,40.8000,1.799856
FILLER_11_809,VPWR,li1,380.4200,40.8000,1.799856
FILLER_11_797,VPWR,li1,374.9000,40.8000,1.799856
FILLER_11_785,VPWR,li1,369.3800,40.8000,1.799856
FILLER_11_780,VPWR,li1,365.2400,40.8000,1.799856
FILLER_11_768,VPWR,li1,361.5600,40.8000,1.799856
FILLER_11_756,VPWR,li1,356.0400,40.8000,1.799856
FILLER_11_744,VPWR,li1,350.5200,40.8000,1.799856
FILLER_11_732,VPWR,li1,345.0000,40.8000,1.799856
FILLER_11_713,VPWR,li1,334.1900,40.8000,1.799870
FILLER_11_708,VPWR,li1,331.6600,40.8000,1.799873
FILLER_11_696,VPWR,li1,328.4400,40.8000,1.799877
FILLER_11_687,VPWR,li1,322.0000,40.8000,1.799809
FILLER_11_673,VPWR,li1,316.9400,40.8000,1.799755
FILLER_11_668,VPWR,li1,313.7200,40.8000,1.799722
FILLER_11_656,VPWR,li1,307.5100,40.8000,1.799654
FILLER_11_650,VPWR,li1,305.9000,40.8000,1.799627
FILLER_11_638,VPWR,li1,301.7600,40.8000,1.799607
FILLER_11_617,VPWR,li1,289.8000,40.8000,1.799541
FILLER_11_608,VPWR,li1,287.0400,40.8000,1.799530
FILLER_11_597,VPWR,li1,280.3700,40.8000,1.799490
FILLER_11_591,VPWR,li1,278.7600,40.8000,1.799490
FILLER_11_579,VPWR,li1,274.6200,40.8000,1.799470
FILLER_11_567,VPWR,li1,269.1000,40.8000,1.799450
FILLER_11_559,VPWR,li1,262.8900,40.8000,1.799426
FILLER_11_552,VPWR,li1,260.1300,40.8000,1.799415
FILLER_11_544,VPWR,li1,257.6000,40.8000,1.799406
FILLER_11_531,VPWR,li1,250.4700,40.8000,1.799382
FILLER_11_523,VPWR,li1,247.9400,40.8000,1.799375
FILLER_11_512,VPWR,li1,241.9600,40.8000,1.799357
FILLER_11_498,VPWR,li1,234.8300,40.8000,1.799340
FILLER_11_492,VPWR,li1,233.2200,40.8000,1.799340
FILLER_11_480,VPWR,li1,229.0800,40.8000,1.799333
FILLER_11_468,VPWR,li1,223.5600,40.8000,1.799352
FILLER_11_456,VPWR,li1,218.0400,40.8000,1.799395
FILLER_11_446,VPWR,li1,211.1400,40.8000,1.799437
FILLER_11_429,VPWR,li1,203.7800,40.8000,1.799499
FILLER_11_417,VPWR,li1,200.1000,40.8000,1.799561
FILLER_11_405,VPWR,li1,194.5800,40.8000,1.799619
FILLER_11_393,VPWR,li1,189.0600,40.8000,1.799675
FILLER_11_391,VPWR,li1,185.6100,40.8000,1.799738
FILLER_11_385,VPWR,li1,184.0000,40.8000,1.799738
FILLER_11_370,VPWR,li1,177.5600,40.8000,1.799819
FILLER_11_358,VPWR,li1,172.9600,40.8000,1.799840
FILLER_11_349,VPWR,li1,166.7500,40.8000,1.799824
FILLER_11_337,VPWR,li1,163.3000,40.8000,1.799815
FILLER_11_332,VPWR,li1,159.1600,40.8000,1.799805
FILLER_11_311,VPWR,li1,148.8100,40.8000,1.799784
FILLER_11_307,VPWR,li1,147.6600,40.8000,1.799781
FILLER_11_299,VPWR,li1,143.2900,40.8000,1.799772
FILLER_11_293,VPWR,li1,141.6800,40.8000,1.799772
FILLER_11_281,VPWR,li1,135.7000,40.8000,1.799759
FILLER_11_279,VPWR,li1,134.0900,40.8000,1.799759
FILLER_11_275,VPWR,li1,132.9400,40.8000,1.799755
FILLER_11_263,VPWR,li1,129.2600,40.8000,1.799751
FILLER_11_255,VPWR,li1,123.0500,40.8000,1.799744
FILLER_11_243,VPWR,li1,120.0600,40.8000,1.799739
FILLER_11_235,VPWR,li1,113.8500,40.8000,1.799744
FILLER_11_222,VPWR,li1,108.1000,40.8000,1.799749
FILLER_11_214,VPWR,li1,105.8000,40.8000,1.799752
FILLER_11_203,VPWR,li1,100.2800,40.8000,1.799759
FILLER_11_197,VPWR,li1,96.3700,40.8000,1.799765
FILLER_11_191,VPWR,li1,94.7600,40.8000,1.799765
FILLER_11_173,VPWR,li1,85.3300,40.8000,1.799779
FILLER_11_169,VPWR,li1,84.1800,40.8000,1.799783
FILLER_11_162,VPWR,li1,81.4200,40.8000,1.799787
FILLER_11_148,VPWR,li1,74.2900,40.8000,1.799798
FILLER_11_136,VPWR,li1,70.8400,40.8000,1.799807
FILLER_11_123,VPWR,li1,62.3300,40.8000,1.799825
FILLER_11_117,VPWR,li1,60.7200,40.8000,1.799825
FILLER_11_111,VPWR,li1,56.8100,40.8000,1.799833
FILLER_11_101,VPWR,li1,52.6700,40.8000,1.799845
FILLER_11_93,VPWR,li1,50.1400,40.8000,1.799854
FILLER_11_81,VPWR,li1,45.5400,40.8000,1.799869
FILLER_11_69,VPWR,li1,40.0200,40.8000,1.799888
FILLER_11_57,VPWR,li1,34.5000,40.8000,1.799909
FILLER_11_55,VPWR,li1,31.0500,40.8000,1.799927
FILLER_11_51,VPWR,li1,29.9000,40.8000,1.799927
FILLER_11_39,VPWR,li1,26.2200,40.8000,1.799941
FILLER_11_27,VPWR,li1,20.7000,40.8000,1.799962
FILLER_11_15,VPWR,li1,15.1800,40.8000,1.799962
FILLER_11_3,VPWR,li1,9.6600,40.8000,1.799962
FILLER_10_821,VPWR,li1,383.8700,40.8000,1.799856
FILLER_10_813,VPWR,li1,381.3400,40.8000,1.799856
FILLER_10_811,VPWR,li1,378.8100,40.8000,1.799856
FILLER_10_805,VPWR,li1,377.2000,40.8000,1.799856
FILLER_10_793,VPWR,li1,373.0600,40.8000,1.799856
FILLER_10_781,VPWR,li1,367.5400,40.8000,1.799856
FILLER_10_769,VPWR,li1,362.0200,40.8000,1.799856
FILLER_10_757,VPWR,li1,356.5000,40.8000,1.799856
FILLER_10_748,VPWR,li1,351.4400,40.8000,1.799856
FILLER_10_736,VPWR,li1,346.8400,40.8000,1.799856
FILLER_10_731,VPWR,li1,342.0100,40.8000,1.799856
FILLER_10_725,VPWR,li1,340.4000,40.8000,1.799859
FILLER_10_713,VPWR,li1,336.2600,40.8000,1.799864
FILLER_10_701,VPWR,li1,330.7400,40.8000,1.799873
FILLER_10_699,VPWR,li1,327.2900,40.8000,1.799853
FILLER_10_695,VPWR,li1,326.1400,40.8000,1.799853
FILLER_10_683,VPWR,li1,322.4600,40.8000,1.799809
FILLER_10_671,VPWR,li1,316.9400,40.8000,1.799755
FILLER_10_659,VPWR,li1,311.4200,40.8000,1.799690
FILLER_10_645,VPWR,li1,302.4500,40.8000,1.799607
FILLER_10_640,VPWR,li1,300.8400,40.8000,1.799607
FILLER_10_628,VPWR,li1,297.1600,40.8000,1.799586
FILLER_10_614,VPWR,li1,288.4200,40.8000,1.799530
FILLER_10_602,VPWR,li1,285.2000,40.8000,1.799517
FILLER_10_587,VPWR,li1,275.7700,40.8000,1.799477
FILLER_10_557,VPWR,li1,263.5800,40.8000,1.799426
FILLER_10_545,VPWR,li1,258.9800,40.8000,1.799406
FILLER_10_533,VPWR,li1,253.4600,40.8000,1.799389
FILLER_10_528,VPWR,li1,249.3200,40.8000,1.799375
FILLER_10_516,VPWR,li1,245.6400,40.8000,1.799364
FILLER_10_510,VPWR,li1,240.3500,40.8000,1.799351
FILLER_10_506,VPWR,li1,239.2000,40.8000,1.799351
FILLER_10_491,VPWR,li1,234.1400,40.8000,1.799340
FILLER_10_474,VPWR,li1,224.0200,40.8000,1.799352
FILLER_10_465,VPWR,li1,219.6500,40.8000,1.799379
FILLER_10_443,VPWR,li1,212.0600,40.8000,1.799437
FILLER_10_436,VPWR,li1,207.0000,40.8000,1.799479
FILLER_10_421,VPWR,li1,199.6400,40.8000,1.799561
FILLER_10_419,VPWR,li1,198.4900,40.8000,1.799561
FILLER_10_415,VPWR,li1,197.3400,40.8000,1.799594
FILLER_10_403,VPWR,li1,193.6600,40.8000,1.799619
FILLER_10_389,VPWR,li1,184.9200,40.8000,1.799738
FILLER_10_377,VPWR,li1,181.7000,40.8000,1.799775
FILLER_10_365,VPWR,li1,176.1800,40.8000,1.799846
FILLER_10_352,VPWR,li1,170.2000,40.8000,1.799829
FILLER_10_340,VPWR,li1,164.6800,40.8000,1.799815
FILLER_10_333,VPWR,li1,159.1600,40.8000,1.799805
FILLER_10_321,VPWR,li1,155.9400,40.8000,1.799798
FILLER_10_309,VPWR,li1,150.4200,40.8000,1.799784
FILLER_10_307,VPWR,li1,146.9700,40.8000,1.799781
FILLER_10_301,VPWR,li1,145.3600,40.8000,1.799778
FILLER_10_289,VPWR,li1,141.2200,40.8000,1.799768
FILLER_10_277,VPWR,li1,135.7000,40.8000,1.799759
FILLER_10_264,VPWR,li1,127.1900,40.8000,1.799749
FILLER_10_258,VPWR,li1,125.5800,40.8000,1.799746
FILLER_10_248,VPWR,li1,120.5200,40.8000,1.799741
FILLER_10_241,VPWR,li1,117.0700,40.8000,1.799741
FILLER_10_229,VPWR,li1,113.6200,40.8000,1.799744
FILLER_10_219,VPWR,li1,106.4900,40.8000,1.799752
FILLER_10_215,VPWR,li1,105.3400,40.8000,1.799752
FILLER_10_197,VPWR,li1,97.0600,40.8000,1.799762
FILLER_10_194,VPWR,li1,95.2200,40.8000,1.799765
FILLER_10_186,VPWR,li1,92.9200,40.8000,1.799769
FILLER_10_179,VPWR,li1,88.3200,40.8000,1.799775
FILLER_10_171,VPWR,li1,86.0200,40.8000,1.799779
FILLER_10_159,VPWR,li1,79.1200,40.8000,1.799792
FILLER_10_145,VPWR,li1,72.4500,40.8000,1.799802
FILLER_10_141,VPWR,li1,71.3000,40.8000,1.799807
FILLER_10_139,VPWR,li1,69.6900,40.8000,1.799807
FILLER_10_133,VPWR,li1,67.3900,40.8000,1.799811
FILLER_10_121,VPWR,li1,62.5600,40.8000,1.799821
FILLER_10_109,VPWR,li1,58.4200,40.8000,1.799833
FILLER_10_97,VPWR,li1,52.9000,40.8000,1.799845
FILLER_10_85,VPWR,li1,47.3800,40.8000,1.799863
FILLER_10_83,VPWR,li1,43.9300,40.8000,1.799879
FILLER_10_79,VPWR,li1,42.7800,40.8000,1.799879
FILLER_10_71,VPWR,li1,38.4100,40.8000,1.799900
FILLER_10_65,VPWR,li1,36.8000,40.8000,1.799900
FILLER_10_53,VPWR,li1,32.6600,40.8000,1.799916
FILLER_10_41,VPWR,li1,27.1400,40.8000,1.799941
FILLER_10_29,VPWR,li1,21.6200,40.8000,1.799962
FILLER_10_27,VPWR,li1,18.1700,40.8000,1.799962
FILLER_10_15,VPWR,li1,15.1800,40.8000,1.799962
FILLER_10_3,VPWR,li1,9.6600,40.8000,1.799962
FILLER_9_821,VPWR,li1,383.8700,35.3600,1.799595
FILLER_9_809,VPWR,li1,380.4200,35.3600,1.799595
FILLER_9_797,VPWR,li1,374.9000,35.3600,1.799595
FILLER_9_785,VPWR,li1,369.3800,35.3600,1.799595
FILLER_9_783,VPWR,li1,365.9300,35.3600,1.799595
FILLER_9_779,VPWR,li1,364.7800,35.3600,1.799595
FILLER_9_767,VPWR,li1,361.1000,35.3600,1.799595
FILLER_9_755,VPWR,li1,355.5800,35.3600,1.799595
FILLER_9_743,VPWR,li1,350.0600,35.3600,1.799595
FILLER_9_726,VPWR,li1,339.9400,35.3600,1.799638
FILLER_9_714,VPWR,li1,336.7200,35.3600,1.799658
FILLER_9_708,VPWR,li1,331.4300,35.3600,1.799704
FILLER_9_702,VPWR,li1,329.8200,35.3600,1.799725
FILLER_9_689,VPWR,li1,323.8400,35.3600,1.799628
FILLER_9_680,VPWR,li1,318.5500,35.3600,1.799559
FILLER_9_671,VPWR,li1,314.4100,35.3600,1.799476
FILLER_9_663,VPWR,li1,311.1900,35.3600,1.799446
FILLER_9_655,VPWR,li1,307.0500,35.3600,1.799373
FILLER_9_643,VPWR,li1,304.0600,35.3600,1.799354
FILLER_9_625,VPWR,li1,293.2500,35.3600,1.799274
FILLER_9_617,VPWR,li1,291.1800,35.3600,1.799257
FILLER_9_615,VPWR,li1,288.6500,35.3600,1.799237
FILLER_9_611,VPWR,li1,287.5000,35.3600,1.799217
FILLER_9_599,VPWR,li1,283.8200,35.3600,1.799197
FILLER_9_587,VPWR,li1,278.3000,35.3600,1.799168
FILLER_9_573,VPWR,li1,269.7900,35.3600,1.799110
FILLER_9_561,VPWR,li1,266.3400,35.3600,1.799093
FILLER_9_559,VPWR,li1,262.8900,35.3600,1.799072
FILLER_9_555,VPWR,li1,261.7400,35.3600,1.799060
FILLER_9_536,VPWR,li1,253.4600,35.3600,1.799038
FILLER_9_525,VPWR,li1,247.2500,35.3600,1.799033
FILLER_9_517,VPWR,li1,245.1800,35.3600,1.799031
FILLER_9_505,VPWR,li1,240.5800,35.3600,1.799029
FILLER_9_503,VPWR,li1,237.1300,35.3600,1.799026
FILLER_9_497,VPWR,li1,235.5200,35.3600,1.799026
FILLER_9_485,VPWR,li1,231.3800,35.3600,1.799023
FILLER_9_473,VPWR,li1,225.8600,35.3600,1.799019
FILLER_9_467,VPWR,li1,220.5700,35.3600,1.799017
FILLER_9_461,VPWR,li1,218.9600,35.3600,1.799017
FILLER_9_449,VPWR,li1,214.8200,35.3600,1.799038
FILLER_9_447,VPWR,li1,211.3700,35.3600,1.799075
FILLER_9_441,VPWR,li1,209.7600,35.3600,1.799075
FILLER_9_433,VPWR,li1,204.9300,35.3600,1.799122
FILLER_9_425,VPWR,li1,202.8600,35.3600,1.799158
FILLER_9_417,VPWR,li1,198.0300,35.3600,1.799210
FILLER_9_407,VPWR,li1,193.4300,35.3600,1.799268
FILLER_9_393,VPWR,li1,186.5300,35.3600,1.799363
FILLER_9_386,VPWR,li1,184.4600,35.3600,1.799393
FILLER_9_372,VPWR,li1,177.3300,35.3600,1.799519
FILLER_9_364,VPWR,li1,173.1900,35.3600,1.799536
FILLER_9_360,VPWR,li1,172.0400,35.3600,1.799536
FILLER_9_347,VPWR,li1,166.5200,35.3600,1.799450
FILLER_9_337,VPWR,li1,161.2300,35.3600,1.799350
FILLER_9_317,VPWR,li1,153.1800,35.3600,1.799214
FILLER_9_304,VPWR,li1,145.8200,35.3600,1.799162
FILLER_9_294,VPWR,li1,141.4500,35.3600,1.799146
FILLER_9_281,VPWR,li1,135.4700,35.3600,1.799137
FILLER_9_278,VPWR,li1,133.8600,35.3600,1.799137
FILLER_9_255,VPWR,li1,125.5800,35.3600,1.799131
FILLER_9_237,VPWR,li1,115.4600,35.3600,1.799151
FILLER_9_225,VPWR,li1,111.7800,35.3600,1.799175
FILLER_9_221,VPWR,li1,107.8700,35.3600,1.799190
FILLER_9_206,VPWR,li1,102.1200,35.3600,1.799225
FILLER_9_194,VPWR,li1,97.5200,35.3600,1.799253
FILLER_9_182,VPWR,li1,92.0000,35.3600,1.799296
FILLER_9_161,VPWR,li1,80.0400,35.3600,1.799365
FILLER_9_153,VPWR,li1,77.7400,35.3600,1.799381
FILLER_9_141,VPWR,li1,73.1400,35.3600,1.799412
FILLER_9_119,VPWR,li1,60.4900,35.3600,1.799507
FILLER_9_113,VPWR,li1,58.8800,35.3600,1.799521
FILLER_9_110,VPWR,li1,56.5800,35.3600,1.799539
FILLER_9_98,VPWR,li1,53.3600,35.3600,1.799557
FILLER_9_86,VPWR,li1,47.8400,35.3600,1.799603
FILLER_9_77,VPWR,li1,41.4000,35.3600,1.799664
FILLER_9_69,VPWR,li1,39.1000,35.3600,1.799699
FILLER_9_57,VPWR,li1,34.5000,35.3600,1.799739
FILLER_9_55,VPWR,li1,31.0500,35.3600,1.799790
FILLER_9_51,VPWR,li1,29.9000,35.3600,1.799790
FILLER_9_39,VPWR,li1,26.2200,35.3600,1.799830
FILLER_9_27,VPWR,li1,20.7000,35.3600,1.799890
FILLER_9_15,VPWR,li1,15.1800,35.3600,1.799890
FILLER_9_3,VPWR,li1,9.6600,35.3600,1.799890
FILLER_8_821,VPWR,li1,383.8700,35.3600,1.799595
FILLER_8_813,VPWR,li1,381.3400,35.3600,1.799595
FILLER_8_811,VPWR,li1,378.8100,35.3600,1.799595
FILLER_8_805,VPWR,li1,377.2000,35.3600,1.799595
FILLER_8_793,VPWR,li1,373.0600,35.3600,1.799595
FILLER_8_781,VPWR,li1,367.5400,35.3600,1.799595
FILLER_8_769,VPWR,li1,362.0200,35.3600,1.799595
FILLER_8_757,VPWR,li1,356.5000,35.3600,1.799595
FILLER_8_755,VPWR,li1,353.0500,35.3600,1.799595
FILLER_8_749,VPWR,li1,351.4400,35.3600,1.799595
FILLER_8_737,VPWR,li1,347.3000,35.3600,1.799595
FILLER_8_728,VPWR,li1,340.6300,35.3600,1.799638
FILLER_8_722,VPWR,li1,339.0200,35.3600,1.799638
FILLER_8_701,VPWR,li1,328.2100,35.3600,1.799683
FILLER_8_698,VPWR,li1,327.0600,35.3600,1.799683
FILLER_8_690,VPWR,li1,323.1500,35.3600,1.799628
FILLER_8_682,VPWR,li1,321.0800,35.3600,1.799597
FILLER_8_674,VPWR,li1,315.7900,35.3600,1.799504
FILLER_8_670,VPWR,li1,314.6400,35.3600,1.799476
FILLER_8_658,VPWR,li1,310.9600,35.3600,1.799446
FILLER_8_645,VPWR,li1,303.1400,35.3600,1.799354
FILLER_8_636,VPWR,li1,298.7700,35.3600,1.799318
FILLER_8_625,VPWR,li1,294.8600,35.3600,1.799274
FILLER_8_613,VPWR,li1,290.2600,35.3600,1.799237
FILLER_8_599,VPWR,li1,282.9000,35.3600,1.799197
FILLER_8_586,VPWR,li1,275.5400,35.3600,1.799146
FILLER_8_577,VPWR,li1,271.4000,35.3600,1.799123
FILLER_8_569,VPWR,li1,269.1000,35.3600,1.799110
FILLER_8_557,VPWR,li1,264.5000,35.3600,1.799072
FILLER_8_546,VPWR,li1,256.9100,35.3600,1.799041
FILLER_8_531,VPWR,li1,250.0100,35.3600,1.799036
FILLER_8_523,VPWR,li1,246.3300,35.3600,1.799033
FILLER_8_519,VPWR,li1,245.1800,35.3600,1.799031
FILLER_8_507,VPWR,li1,239.2000,35.3600,1.799027
FILLER_8_489,VPWR,li1,230.6900,35.3600,1.799023
FILLER_8_477,VPWR,li1,227.7000,35.3600,1.799021
FILLER_8_475,VPWR,li1,224.2500,35.3600,1.799019
FILLER_8_467,VPWR,li1,222.1800,35.3600,1.799017
FILLER_8_453,VPWR,li1,214.3600,35.3600,1.799038
FILLER_8_445,VPWR,li1,212.0600,35.3600,1.799058
FILLER_8_433,VPWR,li1,207.4600,35.3600,1.799099
FILLER_8_421,VPWR,li1,201.9400,35.3600,1.799158
FILLER_8_416,VPWR,li1,197.8000,35.3600,1.799210
FILLER_8_410,VPWR,li1,194.3500,35.3600,1.799268
FILLER_8_404,VPWR,li1,192.7400,35.3600,1.799299
FILLER_8_392,VPWR,li1,188.6000,35.3600,1.799334
FILLER_8_380,VPWR,li1,183.0800,35.3600,1.799436
FILLER_8_369,VPWR,li1,175.4900,35.3600,1.799586
FILLER_8_365,VPWR,li1,174.3400,35.3600,1.799586
FILLER_8_349,VPWR,li1,166.7500,35.3600,1.799450
FILLER_8_341,VPWR,li1,164.2200,35.3600,1.799401
FILLER_8_335,VPWR,li1,159.8500,35.3600,1.799321
FILLER_8_331,VPWR,li1,158.7000,35.3600,1.799321
FILLER_8_319,VPWR,li1,155.0200,35.3600,1.799267
FILLER_8_302,VPWR,li1,145.8200,35.3600,1.799162
FILLER_8_295,VPWR,li1,141.4500,35.3600,1.799146
FILLER_8_289,VPWR,li1,139.8400,35.3600,1.799146
FILLER_8_277,VPWR,li1,135.7000,35.3600,1.799140
FILLER_8_265,VPWR,li1,130.1800,35.3600,1.799133
FILLER_8_253,VPWR,li1,124.6600,35.3600,1.799131
FILLER_8_248,VPWR,li1,120.5200,35.3600,1.799129
FILLER_8_236,VPWR,li1,115.4600,35.3600,1.799151
FILLER_8_228,VPWR,li1,110.6300,35.3600,1.799175
FILLER_8_209,VPWR,li1,103.5000,35.3600,1.799225
FILLER_8_197,VPWR,li1,98.9000,35.3600,1.799253
FILLER_8_193,VPWR,li1,94.9900,35.3600,1.799269
FILLER_8_177,VPWR,li1,88.3200,35.3600,1.799315
FILLER_8_165,VPWR,li1,84.1800,35.3600,1.799346
FILLER_8_153,VPWR,li1,78.6600,35.3600,1.799381
FILLER_8_141,VPWR,li1,70.6100,35.3600,1.799429
FILLER_8_128,VPWR,li1,67.1600,35.3600,1.799465
FILLER_8_120,VPWR,li1,60.9500,35.3600,1.799507
FILLER_8_116,VPWR,li1,59.8000,35.3600,1.799507
FILLER_8_103,VPWR,li1,53.5900,35.3600,1.799557
FILLER_8_95,VPWR,li1,51.0600,35.3600,1.799575
FILLER_8_85,VPWR,li1,45.3100,35.3600,1.799625
FILLER_8_65,VPWR,li1,38.1800,35.3600,1.799699
FILLER_8_53,VPWR,li1,32.6600,35.3600,1.799759
FILLER_8_41,VPWR,li1,27.1400,35.3600,1.799830
FILLER_8_29,VPWR,li1,21.6200,35.3600,1.799890
FILLER_8_27,VPWR,li1,18.1700,35.3600,1.799890
FILLER_8_15,VPWR,li1,15.1800,35.3600,1.799890
FILLER_8_3,VPWR,li1,9.6600,35.3600,1.799890
FILLER_7_821,VPWR,li1,383.8700,29.9200,1.799459
FILLER_7_809,VPWR,li1,380.4200,29.9200,1.799459
FILLER_7_797,VPWR,li1,374.9000,29.9200,1.799459
FILLER_7_785,VPWR,li1,369.3800,29.9200,1.799459
FILLER_7_783,VPWR,li1,365.9300,29.9200,1.799459
FILLER_7_777,VPWR,li1,364.3200,29.9200,1.799459
FILLER_7_765,VPWR,li1,360.1800,29.9200,1.799459
FILLER_7_753,VPWR,li1,354.6600,29.9200,1.799459
FILLER_7_741,VPWR,li1,349.1400,29.9200,1.799459
FILLER_7_729,VPWR,li1,343.6200,29.9200,1.799462
FILLER_7_725,VPWR,li1,339.7100,29.9200,1.799465
FILLER_7_704,VPWR,li1,329.5900,29.9200,1.799476
FILLER_7_700,VPWR,li1,328.4400,29.9200,1.799363
FILLER_7_693,VPWR,li1,324.5300,29.9200,1.799167
FILLER_7_664,VPWR,li1,312.8000,29.9200,1.798669
FILLER_7_652,VPWR,li1,308.2000,29.9200,1.798443
FILLER_7_633,VPWR,li1,297.6200,29.9200,1.797970
FILLER_7_621,VPWR,li1,293.9400,29.9200,1.797834
FILLER_7_614,VPWR,li1,288.4200,29.9200,1.797685
FILLER_7_605,VPWR,li1,284.0500,29.9200,1.797573
FILLER_7_576,VPWR,li1,270.7100,29.9200,1.797381
FILLER_7_568,VPWR,li1,268.6400,29.9200,1.797348
FILLER_7_559,VPWR,li1,262.8900,29.9200,1.797281
FILLER_7_547,VPWR,li1,258.9800,29.9200,1.797286
FILLER_7_536,VPWR,li1,253.9200,29.9200,1.797296
FILLER_7_523,VPWR,li1,247.4800,29.9200,1.797308
FILLER_7_511,VPWR,li1,243.3400,29.9200,1.797313
FILLER_7_500,VPWR,li1,236.4400,29.9200,1.797325
FILLER_7_490,VPWR,li1,231.6100,29.9200,1.797335
FILLER_7_482,VPWR,li1,229.0800,29.9200,1.797339
FILLER_7_470,VPWR,li1,224.4800,29.9200,1.797351
FILLER_7_457,VPWR,li1,216.2000,29.9200,1.797446
FILLER_7_449,VPWR,li1,213.9000,29.9200,1.797493
FILLER_7_446,VPWR,li1,211.1400,29.9200,1.797563
FILLER_7_438,VPWR,li1,208.8400,29.9200,1.797659
FILLER_7_409,VPWR,li1,193.8900,29.9200,1.798304
FILLER_7_405,VPWR,li1,192.7400,29.9200,1.798392
FILLER_7_393,VPWR,li1,189.0600,29.9200,1.798524
FILLER_7_388,VPWR,li1,184.9200,29.9200,1.798792
FILLER_7_376,VPWR,li1,181.2400,29.9200,1.798978
FILLER_7_349,VPWR,li1,167.9000,29.9200,1.799273
FILLER_7_337,VPWR,li1,163.3000,29.9200,1.799230
FILLER_7_334,VPWR,li1,159.6200,29.9200,1.799215
FILLER_7_326,VPWR,li1,157.3200,29.9200,1.799194
FILLER_7_314,VPWR,li1,152.7200,29.9200,1.799164
FILLER_7_308,VPWR,li1,147.6600,29.9200,1.799162
FILLER_7_281,VPWR,li1,137.5400,29.9200,1.799164
FILLER_7_279,VPWR,li1,134.0900,29.9200,1.799166
FILLER_7_273,VPWR,li1,132.4800,29.9200,1.799167
FILLER_7_265,VPWR,li1,127.6500,29.9200,1.799172
FILLER_7_259,VPWR,li1,126.0400,29.9200,1.799172
FILLER_7_247,VPWR,li1,121.9000,29.9200,1.799175
FILLER_7_235,VPWR,li1,116.3800,29.9200,1.799185
FILLER_7_231,VPWR,li1,112.0100,29.9200,1.799198
FILLER_7_225,VPWR,li1,110.4000,29.9200,1.799198
FILLER_7_221,VPWR,li1,107.8700,29.9200,1.799204
FILLER_7_213,VPWR,li1,105.3400,29.9200,1.799209
FILLER_7_204,VPWR,li1,99.8200,29.9200,1.799222
FILLER_7_192,VPWR,li1,96.6000,29.9200,1.799230
FILLER_7_169,VPWR,li1,85.1000,29.9200,1.799259
FILLER_7_165,VPWR,li1,82.1100,29.9200,1.799270
FILLER_7_157,VPWR,li1,79.5800,29.9200,1.799282
FILLER_7_152,VPWR,li1,75.9000,29.9200,1.799305
FILLER_7_140,VPWR,li1,72.6800,29.9200,1.799340
FILLER_7_128,VPWR,li1,67.1600,29.9200,1.799382
FILLER_7_116,VPWR,li1,61.6400,29.9200,1.799438
FILLER_7_110,VPWR,li1,56.5800,29.9200,1.799498
FILLER_7_98,VPWR,li1,51.0600,29.9200,1.799540
FILLER_7_90,VPWR,li1,48.7600,29.9200,1.799580
FILLER_7_81,VPWR,li1,43.2400,29.9200,1.799636
FILLER_7_69,VPWR,li1,40.0200,29.9200,1.799662
FILLER_7_57,VPWR,li1,34.5000,29.9200,1.799726
FILLER_7_55,VPWR,li1,31.0500,29.9200,1.799779
FILLER_7_51,VPWR,li1,29.9000,29.9200,1.799779
FILLER_7_39,VPWR,li1,26.2200,29.9200,1.799821
FILLER_7_27,VPWR,li1,20.7000,29.9200,1.799885
FILLER_7_15,VPWR,li1,15.1800,29.9200,1.799885
FILLER_7_3,VPWR,li1,9.6600,29.9200,1.799885
FILLER_6_821,VPWR,li1,383.8700,29.9200,1.799459
FILLER_6_813,VPWR,li1,381.3400,29.9200,1.799459
FILLER_6_811,VPWR,li1,378.8100,29.9200,1.799459
FILLER_6_805,VPWR,li1,377.2000,29.9200,1.799459
FILLER_6_793,VPWR,li1,373.0600,29.9200,1.799459
FILLER_6_781,VPWR,li1,367.5400,29.9200,1.799459
FILLER_6_769,VPWR,li1,362.0200,29.9200,1.799459
FILLER_6_757,VPWR,li1,356.5000,29.9200,1.799459
FILLER_6_755,VPWR,li1,353.0500,29.9200,1.799459
FILLER_6_751,VPWR,li1,351.9000,29.9200,1.799459
FILLER_6_728,VPWR,li1,341.0900,29.9200,1.799465
FILLER_6_716,VPWR,li1,337.6400,29.9200,1.799467
FILLER_6_701,VPWR,li1,330.7400,29.9200,1.799476
FILLER_6_698,VPWR,li1,327.0600,29.9200,1.799363
FILLER_6_694,VPWR,li1,324.9900,29.9200,1.799268
FILLER_6_686,VPWR,li1,322.9200,29.9200,1.799167
FILLER_6_674,VPWR,li1,318.3200,29.9200,1.798861
FILLER_6_662,VPWR,li1,312.8000,29.9200,1.798669
FILLER_6_653,VPWR,li1,306.3600,29.9200,1.798362
FILLER_6_645,VPWR,li1,302.4500,29.9200,1.798138
FILLER_6_627,VPWR,li1,296.7000,29.9200,1.797970
FILLER_6_605,VPWR,li1,284.0500,29.9200,1.797573
FILLER_6_601,VPWR,li1,282.9000,29.9200,1.797573
FILLER_6_589,VPWR,li1,279.2200,29.9200,1.797499
FILLER_6_587,VPWR,li1,275.7700,29.9200,1.797443
FILLER_6_580,VPWR,li1,272.5500,29.9200,1.797410
FILLER_6_568,VPWR,li1,269.5600,29.9200,1.797348
FILLER_6_556,VPWR,li1,261.7400,29.9200,1.797281
FILLER_6_544,VPWR,li1,258.5200,29.9200,1.797286
FILLER_6_533,VPWR,li1,252.5400,29.9200,1.797296
FILLER_6_529,VPWR,li1,249.5500,29.9200,1.797302
FILLER_6_522,VPWR,li1,245.8700,29.9200,1.797308
FILLER_6_516,VPWR,li1,244.2600,29.9200,1.797313
FILLER_6_504,VPWR,li1,240.1200,29.9200,1.797320
FILLER_6_481,VPWR,li1,227.0100,29.9200,1.797343
FILLER_6_477,VPWR,li1,225.8600,29.9200,1.797347
FILLER_6_467,VPWR,li1,220.8000,29.9200,1.797378
FILLER_6_435,VPWR,li1,208.3800,29.9200,1.797659
FILLER_6_427,VPWR,li1,202.1700,29.9200,1.797945
FILLER_6_421,VPWR,li1,199.6400,29.9200,1.798042
FILLER_6_416,VPWR,li1,197.1100,29.9200,1.798128
FILLER_6_410,VPWR,li1,195.5000,29.9200,1.798216
FILLER_6_392,VPWR,li1,186.0700,29.9200,1.798680
FILLER_6_384,VPWR,li1,184.0000,29.9200,1.798792
FILLER_6_371,VPWR,li1,177.5600,29.9200,1.799157
FILLER_6_363,VPWR,li1,172.7300,29.9200,1.799299
FILLER_6_359,VPWR,li1,171.5800,29.9200,1.799299
FILLER_6_347,VPWR,li1,167.9000,29.9200,1.799273
FILLER_6_334,VPWR,li1,159.6200,29.9200,1.799215
FILLER_6_322,VPWR,li1,156.4000,29.9200,1.799194
FILLER_6_309,VPWR,li1,149.0400,29.9200,1.799162
FILLER_6_306,VPWR,li1,146.7400,29.9200,1.799161
FILLER_6_299,VPWR,li1,143.2900,29.9200,1.799161
FILLER_6_291,VPWR,li1,141.2200,29.9200,1.799162
FILLER_6_282,VPWR,li1,135.4700,29.9200,1.799166
FILLER_6_275,VPWR,li1,132.2500,29.9200,1.799167
FILLER_6_268,VPWR,li1,129.0300,29.9200,1.799169
FILLER_6_256,VPWR,li1,126.0400,29.9200,1.799172
FILLER_6_235,VPWR,li1,114.0800,29.9200,1.799192
FILLER_6_223,VPWR,li1,110.8600,29.9200,1.799198
FILLER_6_218,VPWR,li1,106.0300,29.9200,1.799209
FILLER_6_197,VPWR,li1,97.5200,29.9200,1.799230
FILLER_6_184,VPWR,li1,92.9200,29.9200,1.799238
FILLER_6_177,VPWR,li1,87.8600,29.9200,1.799251
FILLER_6_147,VPWR,li1,73.6000,29.9200,1.799324
FILLER_6_138,VPWR,li1,69.4600,29.9200,1.799361
FILLER_6_125,VPWR,li1,63.2500,29.9200,1.799419
FILLER_6_117,VPWR,li1,61.1800,29.9200,1.799438
FILLER_6_103,VPWR,li1,53.1300,29.9200,1.799518
FILLER_6_97,VPWR,li1,51.5200,29.9200,1.799540
FILLER_6_85,VPWR,li1,47.3800,29.9200,1.799580
FILLER_6_83,VPWR,li1,43.9300,29.9200,1.799636
FILLER_6_77,VPWR,li1,42.3200,29.9200,1.799636
FILLER_6_65,VPWR,li1,38.1800,29.9200,1.799684
FILLER_6_53,VPWR,li1,32.6600,29.9200,1.799747
FILLER_6_41,VPWR,li1,27.1400,29.9200,1.799821
FILLER_6_29,VPWR,li1,21.6200,29.9200,1.799885
FILLER_6_27,VPWR,li1,18.1700,29.9200,1.799885
FILLER_6_15,VPWR,li1,15.1800,29.9200,1.799885
FILLER_6_3,VPWR,li1,9.6600,29.9200,1.799885
FILLER_5_821,VPWR,li1,383.8700,24.4800,1.798565
FILLER_5_809,VPWR,li1,380.4200,24.4800,1.798565
FILLER_5_797,VPWR,li1,374.9000,24.4800,1.798565
FILLER_5_785,VPWR,li1,369.3800,24.4800,1.798565
FILLER_5_783,VPWR,li1,365.9300,24.4800,1.798565
FILLER_5_777,VPWR,li1,364.3200,24.4800,1.798565
FILLER_5_765,VPWR,li1,360.1800,24.4800,1.798565
FILLER_5_753,VPWR,li1,354.6600,24.4800,1.798565
FILLER_5_741,VPWR,li1,349.1400,24.4800,1.798565
FILLER_5_729,VPWR,li1,343.6200,24.4800,1.798565
FILLER_5_722,VPWR,li1,339.0200,24.4800,1.798565
FILLER_5_710,VPWR,li1,334.8800,24.4800,1.798565
FILLER_5_698,VPWR,li1,329.3600,24.4800,1.798577
FILLER_5_690,VPWR,li1,323.1500,24.4800,1.797952
FILLER_5_682,VPWR,li1,321.0800,24.4800,1.797692
FILLER_5_671,VPWR,li1,314.4100,24.4800,1.796832
FILLER_5_667,VPWR,li1,313.2600,24.4800,1.796832
FILLER_5_655,VPWR,li1,309.5800,24.4800,1.796514
FILLER_5_641,VPWR,li1,301.0700,24.4800,1.795833
FILLER_5_629,VPWR,li1,297.6200,24.4800,1.795604
FILLER_5_617,VPWR,li1,292.1000,24.4800,1.795245
FILLER_5_602,VPWR,li1,284.2800,24.4800,1.794861
FILLER_5_590,VPWR,li1,279.6800,24.4800,1.794732
FILLER_5_578,VPWR,li1,274.1600,24.4800,1.794476
FILLER_5_565,VPWR,li1,265.6500,24.4800,1.794303
FILLER_5_561,VPWR,li1,264.5000,24.4800,1.794303
FILLER_5_557,VPWR,li1,262.4300,24.4800,1.794310
FILLER_5_536,VPWR,li1,252.3100,24.4800,1.794349
FILLER_5_532,VPWR,li1,251.1600,24.4800,1.794349
FILLER_5_517,VPWR,li1,243.5700,24.4800,1.794385
FILLER_5_505,VPWR,li1,240.5800,24.4800,1.794397
FILLER_5_501,VPWR,li1,236.6700,24.4800,1.794415
FILLER_5_490,VPWR,li1,231.1500,24.4800,1.794446
FILLER_5_486,VPWR,li1,229.3100,24.4800,1.794459
FILLER_5_480,VPWR,li1,227.7000,24.4800,1.794459
FILLER_5_468,VPWR,li1,223.5600,24.4800,1.794479
FILLER_5_453,VPWR,li1,215.7400,24.4800,1.794561
FILLER_5_449,VPWR,li1,212.2900,24.4800,1.794622
FILLER_5_442,VPWR,li1,210.2200,24.4800,1.794750
FILLER_5_428,VPWR,li1,204.2400,24.4800,1.795141
FILLER_5_405,VPWR,li1,192.0500,24.4800,1.796141
FILLER_5_401,VPWR,li1,190.9000,24.4800,1.796366
FILLER_5_391,VPWR,li1,185.6100,24.4800,1.796833
FILLER_5_387,VPWR,li1,184.4600,24.4800,1.797152
FILLER_5_375,VPWR,li1,180.7800,24.4800,1.797442
FILLER_5_362,VPWR,li1,172.2700,24.4800,1.798233
FILLER_5_354,VPWR,li1,168.5900,24.4800,1.798065
FILLER_5_350,VPWR,li1,167.4400,24.4800,1.798065
FILLER_5_335,VPWR,li1,159.8500,24.4800,1.797849
FILLER_5_327,VPWR,li1,157.7800,24.4800,1.797765
FILLER_5_315,VPWR,li1,153.1800,24.4800,1.797709
FILLER_5_301,VPWR,li1,144.9000,24.4800,1.797659
FILLER_5_281,VPWR,li1,135.0100,24.4800,1.797700
FILLER_5_269,VPWR,li1,129.4900,24.4800,1.797714
FILLER_5_257,VPWR,li1,126.5000,24.4800,1.797726
FILLER_5_248,VPWR,li1,120.0600,24.4800,1.797763
FILLER_5_233,VPWR,li1,113.1600,24.4800,1.797863
FILLER_5_225,VPWR,li1,110.8600,24.4800,1.797903
FILLER_5_223,VPWR,li1,108.3300,24.4800,1.797963
FILLER_5_210,VPWR,li1,102.5800,24.4800,1.798076
FILLER_5_199,VPWR,li1,97.7500,24.4800,1.798133
FILLER_5_191,VPWR,li1,95.2200,24.4800,1.798178
FILLER_5_179,VPWR,li1,90.6200,24.4800,1.798271
FILLER_5_166,VPWR,li1,82.3400,24.4800,1.798407
FILLER_5_158,VPWR,li1,80.0400,24.4800,1.798474
FILLER_5_153,VPWR,li1,76.1300,24.4800,1.798520
FILLER_5_145,VPWR,li1,74.0600,24.4800,1.798578
FILLER_5_133,VPWR,li1,69.4600,24.4800,1.798649
FILLER_5_129,VPWR,li1,65.0900,24.4800,1.798735
FILLER_5_125,VPWR,li1,63.9400,24.4800,1.798779
FILLER_5_113,VPWR,li1,60.2600,24.4800,1.798855
FILLER_5_111,VPWR,li1,56.8100,24.4800,1.798909
FILLER_5_105,VPWR,li1,55.2000,24.4800,1.798976
FILLER_5_93,VPWR,li1,51.0600,24.4800,1.799037
FILLER_5_81,VPWR,li1,45.5400,24.4800,1.799196
FILLER_5_69,VPWR,li1,40.0200,24.4800,1.799300
FILLER_5_57,VPWR,li1,34.5000,24.4800,1.799432
FILLER_5_55,VPWR,li1,31.0500,24.4800,1.799542
FILLER_5_51,VPWR,li1,29.9000,24.4800,1.799542
FILLER_5_39,VPWR,li1,26.2200,24.4800,1.799630
FILLER_5_27,VPWR,li1,20.7000,24.4800,1.799761
FILLER_5_15,VPWR,li1,15.1800,24.4800,1.799761
FILLER_5_3,VPWR,li1,9.6600,24.4800,1.799761
FILLER_4_821,VPWR,li1,383.8700,24.4800,1.798565
FILLER_4_813,VPWR,li1,381.3400,24.4800,1.798565
FILLER_4_811,VPWR,li1,378.8100,24.4800,1.798565
FILLER_4_805,VPWR,li1,377.2000,24.4800,1.798565
FILLER_4_793,VPWR,li1,373.0600,24.4800,1.798565
FILLER_4_781,VPWR,li1,367.5400,24.4800,1.798565
FILLER_4_769,VPWR,li1,362.0200,24.4800,1.798565
FILLER_4_757,VPWR,li1,356.5000,24.4800,1.798565
FILLER_4_755,VPWR,li1,353.0500,24.4800,1.798565
FILLER_4_747,VPWR,li1,350.9800,24.4800,1.798565
FILLER_4_735,VPWR,li1,346.3800,24.4800,1.798565
FILLER_4_723,VPWR,li1,340.8600,24.4800,1.798565
FILLER_4_711,VPWR,li1,335.3400,24.4800,1.798565
FILLER_4_701,VPWR,li1,328.4400,24.4800,1.798577
FILLER_4_684,VPWR,li1,321.0800,24.4800,1.797692
FILLER_4_663,VPWR,li1,311.4200,24.4800,1.796673
FILLER_4_651,VPWR,li1,307.7400,24.4800,1.796355
FILLER_4_642,VPWR,li1,301.3000,24.4800,1.795833
FILLER_4_630,VPWR,li1,298.0800,24.4800,1.795604
FILLER_4_618,VPWR,li1,290.2600,24.4800,1.795116
FILLER_4_606,VPWR,li1,287.0400,24.4800,1.795027
FILLER_4_589,VPWR,li1,277.3800,24.4800,1.794641
FILLER_4_586,VPWR,li1,275.5400,24.4800,1.794568
FILLER_4_578,VPWR,li1,273.2400,24.4800,1.794476
FILLER_4_564,VPWR,li1,265.4200,24.4800,1.794303
FILLER_4_552,VPWR,li1,262.2000,24.4800,1.794310
FILLER_4_528,VPWR,li1,249.3200,24.4800,1.794357
FILLER_4_520,VPWR,li1,245.1800,24.4800,1.794375
FILLER_4_510,VPWR,li1,240.8100,24.4800,1.794397
FILLER_4_502,VPWR,li1,238.2800,24.4800,1.794415
FILLER_4_489,VPWR,li1,231.8400,24.4800,1.794446
FILLER_4_477,VPWR,li1,227.7000,24.4800,1.794459
FILLER_4_473,VPWR,li1,223.7900,24.4800,1.794479
FILLER_4_461,VPWR,li1,220.3400,24.4800,1.794501
FILLER_4_436,VPWR,li1,206.7700,24.4800,1.794965
FILLER_4_428,VPWR,li1,204.2400,24.4800,1.795141
FILLER_4_419,VPWR,li1,198.4900,24.4800,1.795623
FILLER_4_407,VPWR,li1,195.5000,24.4800,1.795803
FILLER_4_400,VPWR,li1,189.7500,24.4800,1.796366
FILLER_4_396,VPWR,li1,187.9100,24.4800,1.796562
FILLER_4_392,VPWR,li1,186.7600,24.4800,1.796833
FILLER_4_380,VPWR,li1,183.0800,24.4800,1.797152
FILLER_4_368,VPWR,li1,177.5600,24.4800,1.797936
FILLER_4_363,VPWR,li1,172.7300,24.4800,1.798233
FILLER_4_357,VPWR,li1,171.1200,24.4800,1.798143
FILLER_4_345,VPWR,li1,166.9800,24.4800,1.798065
FILLER_4_333,VPWR,li1,161.4600,24.4800,1.797849
FILLER_4_325,VPWR,li1,155.2500,24.4800,1.797739
FILLER_4_319,VPWR,li1,153.6400,24.4800,1.797709
FILLER_4_309,VPWR,li1,148.3500,24.4800,1.797650
FILLER_4_300,VPWR,li1,145.3600,24.4800,1.797659
FILLER_4_288,VPWR,li1,140.7600,24.4800,1.797674
FILLER_4_277,VPWR,li1,133.6300,24.4800,1.797700
FILLER_4_265,VPWR,li1,130.1800,24.4800,1.797714
FILLER_4_253,VPWR,li1,124.6600,24.4800,1.797733
FILLER_4_250,VPWR,li1,120.9800,24.4800,1.797763
FILLER_4_243,VPWR,li1,117.5300,24.4800,1.797788
FILLER_4_237,VPWR,li1,115.9200,24.4800,1.797831
FILLER_4_225,VPWR,li1,111.7800,24.4800,1.797903
FILLER_4_217,VPWR,li1,105.5700,24.4800,1.798024
FILLER_4_210,VPWR,li1,102.3500,24.4800,1.798076
FILLER_4_206,VPWR,li1,101.2000,24.4800,1.798076
FILLER_4_195,VPWR,li1,95.4500,24.4800,1.798178
FILLER_4_187,VPWR,li1,93.3800,24.4800,1.798210
FILLER_4_183,VPWR,li1,89.9300,24.4800,1.798271
FILLER_4_177,VPWR,li1,88.3200,24.4800,1.798328
FILLER_4_165,VPWR,li1,84.1800,24.4800,1.798374
FILLER_4_153,VPWR,li1,78.6600,24.4800,1.798474
FILLER_4_141,VPWR,li1,73.1400,24.4800,1.798578
FILLER_4_128,VPWR,li1,67.1600,24.4800,1.798694
FILLER_4_119,VPWR,li1,60.7200,24.4800,1.798855
FILLER_4_97,VPWR,li1,51.0600,24.4800,1.799037
FILLER_4_85,VPWR,li1,47.3800,24.4800,1.799125
FILLER_4_83,VPWR,li1,43.9300,24.4800,1.799245
FILLER_4_77,VPWR,li1,42.3200,24.4800,1.799245
FILLER_4_65,VPWR,li1,38.1800,24.4800,1.799344
FILLER_4_53,VPWR,li1,32.6600,24.4800,1.799476
FILLER_4_41,VPWR,li1,27.1400,24.4800,1.799630
FILLER_4_29,VPWR,li1,21.6200,24.4800,1.799761
FILLER_4_27,VPWR,li1,18.1700,24.4800,1.799761
FILLER_4_15,VPWR,li1,15.1800,24.4800,1.799761
FILLER_4_3,VPWR,li1,9.6600,24.4800,1.799761
FILLER_3_821,VPWR,li1,383.8700,19.0400,1.799049
FILLER_3_809,VPWR,li1,380.4200,19.0400,1.799049
FILLER_3_797,VPWR,li1,374.9000,19.0400,1.799049
FILLER_3_785,VPWR,li1,369.3800,19.0400,1.799049
FILLER_3_783,VPWR,li1,365.9300,19.0400,1.799049
FILLER_3_777,VPWR,li1,364.3200,19.0400,1.799049
FILLER_3_765,VPWR,li1,360.1800,19.0400,1.799049
FILLER_3_753,VPWR,li1,354.6600,19.0400,1.799049
FILLER_3_741,VPWR,li1,349.1400,19.0400,1.799049
FILLER_3_729,VPWR,li1,343.6200,19.0400,1.799049
FILLER_3_727,VPWR,li1,340.1700,19.0400,1.799049
FILLER_3_721,VPWR,li1,338.5600,19.0400,1.799049
FILLER_3_709,VPWR,li1,334.4200,19.0400,1.799053
FILLER_3_705,VPWR,li1,330.0500,19.0400,1.799058
FILLER_3_668,VPWR,li1,313.0300,19.0400,1.797951
FILLER_3_656,VPWR,li1,310.0400,19.0400,1.797743
FILLER_3_629,VPWR,li1,296.2400,19.0400,1.797388
FILLER_3_617,VPWR,li1,292.1000,19.0400,1.797407
FILLER_3_615,VPWR,li1,288.6500,19.0400,1.797417
FILLER_3_611,VPWR,li1,287.5000,19.0400,1.797417
FILLER_3_606,VPWR,li1,284.5100,19.0400,1.797431
FILLER_3_602,VPWR,li1,283.3600,19.0400,1.797431
FILLER_3_581,VPWR,li1,273.0100,19.0400,1.797476
FILLER_3_569,VPWR,li1,267.7200,19.0400,1.797491
FILLER_3_561,VPWR,li1,265.4200,19.0400,1.797500
FILLER_3_559,VPWR,li1,262.8900,19.0400,1.797518
FILLER_3_553,VPWR,li1,261.2800,19.0400,1.797518
FILLER_3_541,VPWR,li1,257.1400,19.0400,1.797535
FILLER_3_529,VPWR,li1,251.6200,19.0400,1.797566
FILLER_3_523,VPWR,li1,246.3300,19.0400,1.797590
FILLER_3_516,VPWR,li1,243.1100,19.0400,1.797601
FILLER_3_510,VPWR,li1,241.5000,19.0400,1.797613
FILLER_3_501,VPWR,li1,236.6700,19.0400,1.797633
FILLER_3_493,VPWR,li1,234.1400,19.0400,1.797642
FILLER_3_481,VPWR,li1,229.5400,19.0400,1.797664
FILLER_3_463,VPWR,li1,218.9600,19.0400,1.797720
FILLER_3_437,VPWR,li1,206.7700,19.0400,1.797799
FILLER_3_433,VPWR,li1,205.6200,19.0400,1.797799
FILLER_3_410,VPWR,li1,194.8100,19.0400,1.797869
FILLER_3_381,VPWR,li1,181.0100,19.0400,1.798417
FILLER_3_369,VPWR,li1,178.0200,19.0400,1.798571
FILLER_3_362,VPWR,li1,172.2700,19.0400,1.798491
FILLER_3_358,VPWR,li1,171.1200,19.0400,1.798491
FILLER_3_345,VPWR,li1,164.6800,19.0400,1.798116
FILLER_3_337,VPWR,li1,162.3800,19.0400,1.797983
FILLER_3_334,VPWR,li1,159.6200,19.0400,1.797823
FILLER_3_326,VPWR,li1,157.3200,19.0400,1.797689
FILLER_3_322,VPWR,li1,153.8700,19.0400,1.797453
FILLER_3_296,VPWR,li1,144.4400,19.0400,1.797167
FILLER_3_284,VPWR,li1,138.9200,19.0400,1.797091
FILLER_3_277,VPWR,li1,133.6300,19.0400,1.796996
FILLER_3_265,VPWR,li1,130.1800,19.0400,1.796956
FILLER_3_253,VPWR,li1,124.6600,19.0400,1.796881
FILLER_3_233,VPWR,li1,113.1600,19.0400,1.796925
FILLER_3_225,VPWR,li1,110.8600,19.0400,1.796967
FILLER_3_221,VPWR,li1,107.8700,19.0400,1.797047
FILLER_3_213,VPWR,li1,103.9600,19.0400,1.797120
FILLER_3_191,VPWR,li1,96.1400,19.0400,1.797272
FILLER_3_169,VPWR,li1,85.1000,19.0400,1.797465
FILLER_3_164,VPWR,li1,81.8800,19.0400,1.797545
FILLER_3_155,VPWR,li1,78.2000,19.0400,1.797585
FILLER_3_146,VPWR,li1,73.3700,19.0400,1.797742
FILLER_3_134,VPWR,li1,69.9200,19.0400,1.797824
FILLER_3_126,VPWR,li1,63.7100,19.0400,1.798081
FILLER_3_120,VPWR,li1,62.1000,19.0400,1.798081
FILLER_3_111,VPWR,li1,56.8100,19.0400,1.798334
FILLER_3_105,VPWR,li1,55.2000,19.0400,1.798334
FILLER_3_93,VPWR,li1,51.0600,19.0400,1.798489
FILLER_3_81,VPWR,li1,45.5400,19.0400,1.798738
FILLER_3_69,VPWR,li1,40.0200,19.0400,1.798902
FILLER_3_57,VPWR,li1,34.5000,19.0400,1.799109
FILLER_3_55,VPWR,li1,31.0500,19.0400,1.799281
FILLER_3_51,VPWR,li1,29.9000,19.0400,1.799281
FILLER_3_39,VPWR,li1,26.2200,19.0400,1.799419
FILLER_3_27,VPWR,li1,20.7000,19.0400,1.799625
FILLER_3_15,VPWR,li1,15.1800,19.0400,1.799625
FILLER_3_3,VPWR,li1,9.6600,19.0400,1.799625
FILLER_2_821,VPWR,li1,383.8700,19.0400,1.799049
FILLER_2_813,VPWR,li1,381.3400,19.0400,1.799049
FILLER_2_811,VPWR,li1,378.8100,19.0400,1.799049
FILLER_2_805,VPWR,li1,377.2000,19.0400,1.799049
FILLER_2_793,VPWR,li1,373.0600,19.0400,1.799049
FILLER_2_781,VPWR,li1,367.5400,19.0400,1.799049
FILLER_2_769,VPWR,li1,362.0200,19.0400,1.799049
FILLER_2_757,VPWR,li1,356.5000,19.0400,1.799049
FILLER_2_744,VPWR,li1,350.5200,19.0400,1.799049
FILLER_2_732,VPWR,li1,345.0000,19.0400,1.799049
FILLER_2_709,VPWR,li1,332.3500,19.0400,1.799055
FILLER_2_701,VPWR,li1,329.8200,19.0400,1.799058
FILLER_2_688,VPWR,li1,324.7600,19.0400,1.798816
FILLER_2_676,VPWR,li1,319.2400,19.0400,1.798377
FILLER_2_664,VPWR,li1,313.7200,19.0400,1.797951
FILLER_2_656,VPWR,li1,307.5100,19.0400,1.797604
FILLER_2_652,VPWR,li1,306.3600,19.0400,1.797604
FILLER_2_638,VPWR,li1,300.3800,19.0400,1.797405
FILLER_2_621,VPWR,li1,293.0200,19.0400,1.797398
FILLER_2_609,VPWR,li1,286.3500,19.0400,1.797423
FILLER_2_598,VPWR,li1,280.8300,19.0400,1.797440
FILLER_2_592,VPWR,li1,279.2200,19.0400,1.797447
FILLER_2_587,VPWR,li1,275.7700,19.0400,1.797463
FILLER_2_557,VPWR,li1,262.2000,19.0400,1.797518
FILLER_2_545,VPWR,li1,258.9800,19.0400,1.797528
FILLER_2_531,VPWR,li1,250.0100,19.0400,1.797566
FILLER_2_523,VPWR,li1,247.9400,19.0400,1.797576
FILLER_2_499,VPWR,li1,235.7500,19.0400,1.797633
FILLER_2_481,VPWR,li1,227.4700,19.0400,1.797674
FILLER_2_456,VPWR,li1,215.7400,19.0400,1.797738
FILLER_2_429,VPWR,li1,203.5500,19.0400,1.797814
FILLER_2_421,VPWR,li1,201.0200,19.0400,1.797829
FILLER_2_419,VPWR,li1,198.4900,19.0400,1.797854
FILLER_2_411,VPWR,li1,196.4200,19.0400,1.797869
FILLER_2_379,VPWR,li1,180.3200,19.0400,1.798417
FILLER_2_371,VPWR,li1,176.6400,19.0400,1.798744
FILLER_2_362,VPWR,li1,172.5000,19.0400,1.798491
FILLER_2_342,VPWR,li1,163.0700,19.0400,1.797983
FILLER_2_300,VPWR,li1,143.7500,19.0400,1.797139
FILLER_2_288,VPWR,li1,138.4600,19.0400,1.797062
FILLER_2_270,VPWR,li1,130.4100,19.0400,1.796956
FILLER_2_249,VPWR,li1,120.7500,19.0400,1.796879
FILLER_2_222,VPWR,li1,107.8700,19.0400,1.797047
FILLER_2_197,VPWR,li1,96.3700,19.0400,1.797237
FILLER_2_190,VPWR,li1,93.1500,19.0400,1.797328
FILLER_2_163,VPWR,li1,80.7300,19.0400,1.797545
FILLER_2_141,VPWR,li1,70.6100,19.0400,1.797824
FILLER_2_139,VPWR,li1,69.6900,19.0400,1.797883
FILLER_2_133,VPWR,li1,68.0800,19.0400,1.797883
FILLER_2_121,VPWR,li1,63.9400,19.0400,1.798016
FILLER_2_109,VPWR,li1,58.4200,19.0400,1.798256
FILLER_2_97,VPWR,li1,52.9000,19.0400,1.798420
FILLER_2_85,VPWR,li1,47.3800,19.0400,1.798627
FILLER_2_83,VPWR,li1,43.9300,19.0400,1.798816
FILLER_2_77,VPWR,li1,42.3200,19.0400,1.798816
FILLER_2_65,VPWR,li1,38.1800,19.0400,1.798971
FILLER_2_53,VPWR,li1,32.6600,19.0400,1.799178
FILLER_2_41,VPWR,li1,27.1400,19.0400,1.799419
FILLER_2_29,VPWR,li1,21.6200,19.0400,1.799625
FILLER_2_27,VPWR,li1,18.1700,19.0400,1.799625
FILLER_2_15,VPWR,li1,15.1800,19.0400,1.799625
FILLER_2_3,VPWR,li1,9.6600,19.0400,1.799625
FILLER_1_821,VPWR,li1,383.8700,13.6000,1.799789
FILLER_1_809,VPWR,li1,380.4200,13.6000,1.799789
FILLER_1_797,VPWR,li1,374.9000,13.6000,1.799789
FILLER_1_785,VPWR,li1,369.3800,13.6000,1.799789
FILLER_1_783,VPWR,li1,365.9300,13.6000,1.799789
FILLER_1_777,VPWR,li1,364.3200,13.6000,1.799789
FILLER_1_765,VPWR,li1,360.1800,13.6000,1.799789
FILLER_1_753,VPWR,li1,354.6600,13.6000,1.799789
FILLER_1_741,VPWR,li1,349.1400,13.6000,1.799791
FILLER_1_729,VPWR,li1,343.6200,13.6000,1.799796
FILLER_1_720,VPWR,li1,338.5600,13.6000,1.799803
FILLER_1_699,VPWR,li1,327.2900,13.6000,1.799805
FILLER_1_671,VPWR,li1,314.4100,13.6000,1.799704
FILLER_1_650,VPWR,li1,304.7500,13.6000,1.799660
FILLER_1_642,VPWR,li1,302.6800,13.6000,1.799651
FILLER_1_617,VPWR,li1,289.5700,13.6000,1.799609
FILLER_1_614,VPWR,li1,288.4200,13.6000,1.799609
FILLER_1_599,VPWR,li1,281.7500,13.6000,1.799589
FILLER_1_587,VPWR,li1,278.3000,13.6000,1.799579
FILLER_1_574,VPWR,li1,270.0200,13.6000,1.799554
FILLER_1_561,VPWR,li1,264.0400,13.6000,1.799538
FILLER_1_559,VPWR,li1,262.8900,13.6000,1.799538
FILLER_1_555,VPWR,li1,261.7400,13.6000,1.799533
FILLER_1_522,VPWR,li1,245.8700,13.6000,1.799502
FILLER_1_518,VPWR,li1,244.7200,13.6000,1.799497
FILLER_1_514,VPWR,li1,242.1900,13.6000,1.799493
FILLER_1_503,VPWR,li1,237.1300,13.6000,1.799487
FILLER_1_496,VPWR,li1,234.3700,13.6000,1.799481
FILLER_1_491,VPWR,li1,231.8400,13.6000,1.799477
FILLER_1_475,VPWR,li1,224.4800,13.6000,1.799470
FILLER_1_453,VPWR,li1,214.1300,13.6000,1.799461
FILLER_1_435,VPWR,li1,206.0800,13.6000,1.799457
FILLER_1_427,VPWR,li1,203.7800,13.6000,1.799455
FILLER_1_399,VPWR,li1,189.9800,13.6000,1.799500
FILLER_1_393,VPWR,li1,186.7600,13.6000,1.799536
FILLER_1_390,VPWR,li1,185.3800,13.6000,1.799536
FILLER_1_356,VPWR,li1,169.7400,13.6000,1.799501
FILLER_1_337,VPWR,li1,161.4600,13.6000,1.799275
FILLER_1_328,VPWR,li1,158.2400,13.6000,1.799166
FILLER_1_308,VPWR,li1,147.8900,13.6000,1.799004
FILLER_1_300,VPWR,li1,145.3600,13.6000,1.798977
FILLER_1_288,VPWR,li1,138.4600,13.6000,1.798909
FILLER_1_252,VPWR,li1,123.2800,13.6000,1.798764
FILLER_1_244,VPWR,li1,117.9900,13.6000,1.798745
FILLER_1_237,VPWR,li1,115.0000,13.6000,1.798756
FILLER_1_232,VPWR,li1,112.7000,13.6000,1.798766
FILLER_1_200,VPWR,li1,97.7500,13.6000,1.798860
FILLER_1_195,VPWR,li1,95.4500,13.6000,1.798874
FILLER_1_191,VPWR,li1,94.3000,13.6000,1.798874
FILLER_1_181,VPWR,li1,89.0100,13.6000,1.798912
FILLER_1_169,VPWR,li1,86.0200,13.6000,1.798933
FILLER_1_167,VPWR,li1,82.5700,13.6000,1.798947
FILLER_1_162,VPWR,li1,80.2700,13.6000,1.798962
FILLER_1_154,VPWR,li1,78.2000,13.6000,1.798976
FILLER_1_143,VPWR,li1,71.5300,13.6000,1.799038
FILLER_1_137,VPWR,li1,69.9200,13.6000,1.799074
FILLER_1_125,VPWR,li1,65.7800,13.6000,1.799128
FILLER_1_113,VPWR,li1,60.2600,13.6000,1.799215
FILLER_1_111,VPWR,li1,56.8100,13.6000,1.799294
FILLER_1_105,VPWR,li1,55.2000,13.6000,1.799294
FILLER_1_93,VPWR,li1,51.0600,13.6000,1.799381
FILLER_1_81,VPWR,li1,45.5400,13.6000,1.799464
FILLER_1_69,VPWR,li1,40.0200,13.6000,1.799548
FILLER_1_57,VPWR,li1,34.5000,13.6000,1.799621
FILLER_1_55,VPWR,li1,31.0500,13.6000,1.799694
FILLER_1_51,VPWR,li1,29.9000,13.6000,1.799694
FILLER_1_39,VPWR,li1,26.2200,13.6000,1.799753
FILLER_1_27,VPWR,li1,20.7000,13.6000,1.799841
FILLER_1_15,VPWR,li1,15.1800,13.6000,1.799841
FILLER_1_3,VPWR,li1,9.6600,13.6000,1.799841
FILLER_0_821,VPWR,li1,383.8700,13.6000,1.799789
FILLER_0_813,VPWR,li1,381.3400,13.6000,1.799789
FILLER_0_809,VPWR,li1,378.3500,13.6000,1.799789
FILLER_0_797,VPWR,li1,374.9000,13.6000,1.799789
FILLER_0_785,VPWR,li1,369.3800,13.6000,1.799789
FILLER_0_781,VPWR,li1,365.4700,13.6000,1.799789
FILLER_0_769,VPWR,li1,362.0200,13.6000,1.799789
FILLER_0_757,VPWR,li1,356.5000,13.6000,1.799789
FILLER_0_750,VPWR,li1,350.9800,13.6000,1.799789
FILLER_0_742,VPWR,li1,348.6800,13.6000,1.799791
FILLER_0_737,VPWR,li1,344.7700,13.6000,1.799793
FILLER_0_729,VPWR,li1,342.7000,13.6000,1.799796
FILLER_0_721,VPWR,li1,337.8700,13.6000,1.799803
FILLER_0_709,VPWR,li1,334.4200,13.6000,1.799810
FILLER_0_698,VPWR,li1,327.0600,13.6000,1.799805
FILLER_0_677,VPWR,li1,317.1700,13.6000,1.799715
FILLER_0_670,VPWR,li1,314.1800,13.6000,1.799704
FILLER_0_663,VPWR,li1,310.7300,13.6000,1.799674
FILLER_0_657,VPWR,li1,309.1200,13.6000,1.799674
FILLER_0_645,VPWR,li1,304.9800,13.6000,1.799660
FILLER_0_636,VPWR,li1,299.9200,13.6000,1.799642
FILLER_0_617,VPWR,li1,291.1800,13.6000,1.799617
FILLER_0_615,VPWR,li1,288.6500,13.6000,1.799609
FILLER_0_607,VPWR,li1,286.5800,13.6000,1.799604
FILLER_0_595,VPWR,li1,281.9800,13.6000,1.799589
FILLER_0_589,VPWR,li1,276.9200,13.6000,1.799573
FILLER_0_584,VPWR,li1,275.0800,13.6000,1.799566
FILLER_0_561,VPWR,li1,264.0400,13.6000,1.799538
FILLER_0_559,VPWR,li1,262.8900,13.6000,1.799538
FILLER_0_554,VPWR,li1,260.8200,13.6000,1.799533
FILLER_0_524,VPWR,li1,247.0200,13.6000,1.799502
FILLER_0_517,VPWR,li1,244.2600,13.6000,1.799497
FILLER_0_510,VPWR,li1,241.0400,13.6000,1.799493
FILLER_0_505,VPWR,li1,238.2800,13.6000,1.799487
FILLER_0_485,VPWR,li1,228.8500,13.6000,1.799474
FILLER_0_474,VPWR,li1,224.0200,13.6000,1.799470
FILLER_0_459,VPWR,li1,217.1200,13.6000,1.799463
FILLER_0_447,VPWR,li1,211.3700,13.6000,1.799459
FILLER_0_434,VPWR,li1,205.8500,13.6000,1.799457
FILLER_0_421,VPWR,li1,199.6400,13.6000,1.799456
FILLER_0_393,VPWR,li1,186.9900,13.6000,1.799536
FILLER_0_391,VPWR,li1,185.6100,13.6000,1.799536
FILLER_0_385,VPWR,li1,183.3100,13.6000,1.799553
FILLER_0_379,VPWR,li1,180.3200,13.6000,1.799591
FILLER_0_350,VPWR,li1,167.2100,13.6000,1.799431
FILLER_0_343,VPWR,li1,163.9900,13.6000,1.799343
FILLER_0_317,VPWR,li1,151.5700,13.6000,1.799055
FILLER_0_309,VPWR,li1,149.5000,13.6000,1.799032
FILLER_0_307,VPWR,li1,146.9700,13.6000,1.799004
FILLER_0_300,VPWR,li1,144.4400,13.6000,1.798977
FILLER_0_287,VPWR,li1,138.2300,13.6000,1.798909
FILLER_0_281,VPWR,li1,135.2400,13.6000,1.798870
FILLER_0_273,VPWR,li1,131.7900,13.6000,1.798842
FILLER_0_267,VPWR,li1,128.8000,13.6000,1.798812
FILLER_0_259,VPWR,li1,126.5000,13.6000,1.798795
FILLER_0_253,VPWR,li1,122.3600,13.6000,1.798764
FILLER_0_244,VPWR,li1,118.6800,13.6000,1.798737
FILLER_0_239,VPWR,li1,115.9200,13.6000,1.798756
FILLER_0_223,VPWR,li1,108.3300,13.6000,1.798800
FILLER_0_217,VPWR,li1,106.7200,13.6000,1.798800
FILLER_0_209,VPWR,li1,102.5800,13.6000,1.798825
FILLER_0_202,VPWR,li1,99.3600,13.6000,1.798844
FILLER_0_197,VPWR,li1,96.6000,13.6000,1.798860
FILLER_0_191,VPWR,li1,93.6100,13.6000,1.798885
FILLER_0_181,VPWR,li1,89.7000,13.6000,1.798912
FILLER_0_174,VPWR,li1,86.4800,13.6000,1.798933
FILLER_0_169,VPWR,li1,83.7200,13.6000,1.798947
FILLER_0_167,VPWR,li1,82.5700,13.6000,1.798947
FILLER_0_163,VPWR,li1,80.7300,13.6000,1.798962
FILLER_0_149,VPWR,li1,74.2900,13.6000,1.799010
FILLER_0_141,VPWR,li1,70.8400,13.6000,1.799074
FILLER_0_137,VPWR,li1,69.2300,13.6000,1.799074
FILLER_0_125,VPWR,li1,65.7800,13.6000,1.799128
FILLER_0_113,VPWR,li1,60.2600,13.6000,1.799215
FILLER_0_110,VPWR,li1,56.5800,13.6000,1.799294
FILLER_0_98,VPWR,li1,53.3600,13.6000,1.799323
FILLER_0_91,VPWR,li1,48.0700,13.6000,1.799431
FILLER_0_85,VPWR,li1,45.0800,13.6000,1.799464
FILLER_0_77,VPWR,li1,41.6300,13.6000,1.799508
FILLER_0_69,VPWR,li1,39.1000,13.6000,1.799548
FILLER_0_57,VPWR,li1,34.5000,13.6000,1.799621
FILLER_0_53,VPWR,li1,30.5900,13.6000,1.799694
FILLER_0_41,VPWR,li1,27.1400,13.6000,1.799753
FILLER_0_29,VPWR,li1,21.6200,13.6000,1.799841
FILLER_0_27,VPWR,li1,18.1700,13.6000,1.799841
FILLER_0_15,VPWR,li1,15.1800,13.6000,1.799841
FILLER_0_3,VPWR,li1,9.6600,13.6000,1.799841
ANTENNA_27,VPWR,li1,230.9200,345.4400,1.799580
ANTENNA_26,VPWR,li1,207.4600,252.9600,1.799797
ANTENNA_25,VPWR,li1,125.5800,350.8800,1.799865
ANTENNA_24,VPWR,li1,164.2200,247.5200,1.799912
ANTENNA_23,VPWR,li1,110.8600,307.3600,1.799891
ANTENNA_22,VPWR,li1,120.5200,171.3600,1.799762
ANTENNA_21,VPWR,li1,125.5800,111.5200,1.797747
ANTENNA_20,VPWR,li1,228.6200,247.5200,1.799705
ANTENNA_19,VPWR,li1,195.5000,220.3200,1.799845
ANTENNA_18,VPWR,li1,233.2200,160.4800,1.799586
ANTENNA_17,VPWR,li1,239.6600,171.3600,1.799727
ANTENNA_16,VPWR,li1,255.3000,171.3600,1.799740
ANTENNA_15,VPWR,li1,161.4600,318.2400,1.799867
ANTENNA_14,VPWR,li1,195.5000,182.2400,1.799889
ANTENNA_13,VPWR,li1,253.9200,269.2800,1.796953
ANTENNA_12,VPWR,li1,228.6200,252.9600,1.799717
ANTENNA_11,VPWR,li1,214.8200,111.5200,1.798589
ANTENNA_10,VPWR,li1,111.3200,106.0800,1.799879
ANTENNA_9,VPWR,li1,225.8600,78.8800,1.799828
ANTENNA_8,VPWR,li1,157.3200,57.1200,1.799660
ANTENNA_7,VPWR,li1,67.6200,89.7600,1.799862
ANTENNA_6,VPWR,li1,285.6600,100.6400,1.799901
ANTENNA_5,VPWR,li1,189.5200,89.7600,1.799867
ANTENNA_4,VPWR,li1,134.7800,220.3200,1.799823
ANTENNA_3,VPWR,li1,184.4600,149.6000,1.799651
ANTENNA_2,VPWR,li1,183.0800,46.2400,1.799796
ANTENNA_1,VPWR,li1,211.6000,122.4000,1.794582
rebuffer3,VPWR,li1,318.3200,323.6800,1.799865
rebuffer2,VPWR,li1,256.2200,307.3600,1.799638
rebuffer1,VPWR,li1,141.9100,383.5200,1.798155
clkload3,VPWR,li1,224.7100,301.9200,1.799872
clkload2,VPWR,li1,297.6200,307.3600,1.799666
clkload1,VPWR,li1,315.1000,100.6400,1.799917
clkload0,VPWR,li1,231.6100,84.3200,1.799799
clkbuf_3_7__f_clk,VPWR,li1,335.8000,307.3600,1.799866
clkbuf_3_6__f_clk,VPWR,li1,352.8200,247.5200,1.799485
clkbuf_3_5__f_clk,VPWR,li1,229.5400,307.3600,1.799648
clkbuf_3_4__f_clk,VPWR,li1,296.7000,307.3600,1.799666
clkbuf_3_3__f_clk,VPWR,li1,348.6800,149.6000,1.799687
clkbuf_3_2__f_clk,VPWR,li1,333.0400,89.7600,1.799919
clkbuf_3_1__f_clk,VPWR,li1,314.1800,106.0800,1.799893
clkbuf_3_0__f_clk,VPWR,li1,233.6800,89.7600,1.799712
clkbuf_0_clk,VPWR,li1,255.3000,198.5600,1.799680
fanout719,VPWR,li1,143.7500,285.6000,1.798822
fanout718,VPWR,li1,383.1800,204.0000,1.799972
fanout717,VPWR,li1,283.8200,383.5200,1.796298
fanout716,VPWR,li1,377.6600,204.0000,1.799973
fanout715,VPWR,li1,134.3200,19.0400,1.797027
fanout714,VPWR,li1,312.3400,13.6000,1.799693
fanout713,VPWR,li1,365.7000,122.4000,1.796552
fanout712,VPWR,li1,325.6800,13.6000,1.799805
fanout711,VPWR,li1,350.5200,285.6000,1.799845
fanout710,VPWR,li1,294.4000,198.5600,1.799828
fanout709,VPWR,li1,103.0400,193.1200,1.799904
fanout708,VPWR,li1,78.2000,193.1200,1.799907
fanout707,VPWR,li1,202.4000,198.5600,1.799850
fanout706,VPWR,li1,51.5200,198.5600,1.799961
fanout705,VPWR,li1,41.8600,198.5600,1.799968
fanout704,VPWR,li1,39.5600,193.1200,1.799950
fanout703,VPWR,li1,350.0600,116.9600,1.799767
fanout702,VPWR,li1,357.4200,116.9600,1.799734
fanout701,VPWR,li1,354.2000,111.5200,1.799870
fanout700,VPWR,li1,248.4000,116.9600,1.799157
fanout699,VPWR,li1,296.2400,111.5200,1.799465
fanout698,VPWR,li1,269.5600,111.5200,1.799161
fanout697,VPWR,li1,212.9800,116.9600,1.798883
fanout696,VPWR,li1,335.1100,274.7200,1.796698
fanout695,VPWR,li1,358.3400,258.4000,1.799766
fanout694,VPWR,li1,233.2200,111.5200,1.798756
fanout693,VPWR,li1,155.9400,122.4000,1.798135
fanout692,VPWR,li1,212.0600,111.5200,1.798562
fanout691,VPWR,li1,157.7800,111.5200,1.798159
fanout690,VPWR,li1,216.2000,111.5200,1.798589
fanout689,VPWR,li1,112.7000,106.0800,1.799879
fanout688,VPWR,li1,127.4200,111.5200,1.797770
fanout687,VPWR,li1,326.1400,149.6000,1.799833
fanout686,VPWR,li1,324.3000,149.6000,1.799822
fanout685,VPWR,li1,247.4800,144.1600,1.799819
fanout684,VPWR,li1,177.5600,149.6000,1.799732
fanout683,VPWR,li1,229.5400,144.1600,1.799840
fanout682,VPWR,li1,203.7800,155.0400,1.799859
fanout681,VPWR,li1,104.8800,144.1600,1.799887
fanout680,VPWR,li1,346.3800,285.6000,1.799848
fanout679,VPWR,li1,344.5400,285.6000,1.799850
fanout678,VPWR,li1,175.7200,149.6000,1.799765
fanout677,VPWR,li1,79.5800,144.1600,1.799882
fanout676,VPWR,li1,169.2800,160.4800,1.799905
fanout675,VPWR,li1,77.2800,149.6000,1.799652
fanout674,VPWR,li1,350.9800,187.6800,1.799933
fanout673,VPWR,li1,297.1600,182.2400,1.799895
fanout672,VPWR,li1,328.9000,182.2400,1.799959
fanout671,VPWR,li1,317.4000,187.6800,1.799955
fanout670,VPWR,li1,319.2400,187.6800,1.799957
fanout669,VPWR,li1,310.5000,187.6800,1.799948
fanout668,VPWR,li1,268.6400,182.2400,1.799861
fanout667,VPWR,li1,290.7200,182.2400,1.799886
fanout666,VPWR,li1,88.7800,165.9200,1.799798
fanout665,VPWR,li1,90.6200,165.9200,1.799796
fanout664,VPWR,li1,80.5000,176.8000,1.799796
fanout663,VPWR,li1,82.3400,171.3600,1.799789
fanout662,VPWR,li1,126.9600,171.3600,1.799771
fanout661,VPWR,li1,77.2800,171.3600,1.799798
fanout660,VPWR,li1,303.6000,291.0400,1.799969
fanout659,VPWR,li1,296.2400,274.7200,1.796409
fanout658,VPWR,li1,330.2800,95.2000,1.799980
fanout657,VPWR,li1,353.5100,214.8800,1.799903
fanout656,VPWR,li1,287.5000,204.0000,1.799942
fanout655,VPWR,li1,332.8100,95.2000,1.799980
fanout654,VPWR,li1,299.9200,100.6400,1.799908
fanout653,VPWR,li1,232.3000,106.0800,1.799894
fanout652,VPWR,li1,171.1200,204.0000,1.799967
fanout651,VPWR,li1,231.8400,100.6400,1.799910
fanout650,VPWR,li1,164.6800,106.0800,1.799896
fanout649,VPWR,li1,267.7200,100.6400,1.799898
fanout648,VPWR,li1,282.4400,204.0000,1.799938
fanout647,VPWR,li1,276.0000,204.0000,1.799935
fanout646,VPWR,li1,272.3200,296.4800,1.799912
fanout645,VPWR,li1,270.9400,204.0000,1.799934
fanout644,VPWR,li1,201.0200,106.0800,1.799906
fanout643,VPWR,li1,270.4800,106.0800,1.799888
fanout642,VPWR,li1,258.0600,193.1200,1.799905
fanout641,VPWR,li1,195.0400,296.4800,1.799916
fanout640,VPWR,li1,246.1000,296.4800,1.799891
fanout639,VPWR,li1,194.5800,291.0400,1.799963
fanout638,VPWR,li1,195.0400,193.1200,1.799928
fanout637,VPWR,li1,100.7400,296.4800,1.799869
fanout636,VPWR,li1,133.4000,291.0400,1.799949
fanout635,VPWR,li1,59.8000,296.4800,1.799898
fanout634,VPWR,li1,227.7000,296.4800,1.799891
fanout633,VPWR,li1,191.8200,296.4800,1.799923
fanout632,VPWR,li1,239.2000,182.2400,1.799845
fanout631,VPWR,li1,203.7800,193.1200,1.799917
fanout630,VPWR,li1,110.4000,296.4800,1.799869
fanout629,VPWR,li1,57.5000,296.4800,1.799903
fanout628,VPWR,li1,105.8000,193.1200,1.799904
fanout627,VPWR,li1,61.6400,193.1200,1.799920
fanout626,VPWR,li1,67.1600,296.4800,1.799888
fanout625,VPWR,li1,201.4800,291.0400,1.799960
fanout624,VPWR,li1,231.3800,301.9200,1.799872
fanout623,VPWR,li1,210.2200,193.1200,1.799910
fanout622,VPWR,li1,201.4800,193.1200,1.799919
fanout621,VPWR,li1,104.8800,296.4800,1.799869
fanout620,VPWR,li1,62.5600,296.4800,1.799894
fanout619,VPWR,li1,107.6400,193.1200,1.799905
fanout618,VPWR,li1,58.4200,193.1200,1.799923
fanout617,VPWR,li1,65.3200,296.4800,1.799890
fanout616,VPWR,li1,185.1500,301.9200,1.799932
fanout615,VPWR,li1,152.2600,204.0000,1.799945
fanout614,VPWR,li1,61.1800,291.0400,1.799964
fanout613,VPWR,li1,61.6400,209.4400,1.799945
fanout612,VPWR,li1,60.7200,187.6800,1.799946
fanout611,VPWR,li1,201.0200,182.2400,1.799879
fanout610,VPWR,li1,58.4200,187.6800,1.799948
fanout609,VPWR,li1,47.3800,106.0800,1.799936
fanout608,VPWR,li1,46.9200,301.9200,1.799929
fanout607,VPWR,li1,163.7600,296.4800,1.799928
fanout606,VPWR,li1,50.6000,296.4800,1.799914
fanout605,VPWR,li1,43.2400,193.1200,1.799944
fanout604,VPWR,li1,167.4400,193.1200,1.799951
fanout603,VPWR,li1,43.4700,198.5600,1.799968
fanout602,VPWR,li1,75.9000,193.1200,1.799908
fanout601,VPWR,li1,45.5400,296.4800,1.799926
fanout600,VPWR,li1,161.9200,301.9200,1.799921
fanout599,VPWR,li1,140.7600,187.6800,1.799925
fanout598,VPWR,li1,46.0000,193.1200,1.799941
fanout597,VPWR,li1,328.9000,383.5200,1.799180
fanout596,VPWR,li1,322.9200,378.0800,1.798552
fanout595,VPWR,li1,279.2200,367.2000,1.797841
fanout594,VPWR,li1,331.6600,285.6000,1.799864
fanout593,VPWR,li1,356.0400,258.4000,1.799766
fanout592,VPWR,li1,357.4200,187.6800,1.799925
fanout591,VPWR,li1,322.4600,106.0800,1.799923
fanout590,VPWR,li1,330.2800,106.0800,1.799954
fanout589,VPWR,li1,339.4800,106.0800,1.799950
fanout588,VPWR,li1,271.8600,29.9200,1.797381
fanout587,VPWR,li1,326.1400,378.0800,1.798852
fanout586,VPWR,li1,327.0600,372.6400,1.799566
fanout585,VPWR,li1,277.3800,367.2000,1.797778
fanout584,VPWR,li1,332.1200,291.0400,1.799988
fanout583,VPWR,li1,342.2400,285.6000,1.799853
fanout582,VPWR,li1,325.6800,106.0800,1.799935
fanout581,VPWR,li1,327.5200,106.0800,1.799947
fanout580,VPWR,li1,341.7800,106.0800,1.799950
fanout579,VPWR,li1,274.1600,35.3600,1.799134
fanout578,VPWR,li1,266.3400,274.7200,1.795021
fanout577,VPWR,li1,264.5000,274.7200,1.794937
fanout576,VPWR,li1,338.1000,372.6400,1.799632
fanout575,VPWR,li1,343.1600,372.6400,1.799631
fanout574,VPWR,li1,342.2400,372.6400,1.799631
fanout573,VPWR,li1,333.0400,291.0400,1.799988
fanout572,VPWR,li1,338.5600,291.0400,1.799987
fanout571,VPWR,li1,329.8200,106.0800,1.799954
fanout570,VPWR,li1,333.0400,106.0800,1.799952
fanout569,VPWR,li1,331.6600,100.6400,1.799964
fanout568,VPWR,li1,264.9600,111.5200,1.799092
fanout567,VPWR,li1,164.2200,285.6000,1.799294
fanout566,VPWR,li1,240.5800,285.6000,1.798893
fanout565,VPWR,li1,243.8000,291.0400,1.799950
fanout564,VPWR,li1,166.0600,285.6000,1.799342
fanout563,VPWR,li1,174.8000,19.0400,1.798612
fanout562,VPWR,li1,247.4800,29.9200,1.797308
fanout561,VPWR,li1,247.0200,24.4800,1.794367
fanout560,VPWR,li1,173.8800,19.0400,1.798612
fanout559,VPWR,li1,223.1000,19.0400,1.797700
fanout558,VPWR,li1,205.6200,285.6000,1.799135
fanout557,VPWR,li1,254.8400,383.5200,1.796564
fanout556,VPWR,li1,245.6400,291.0400,1.799950
fanout555,VPWR,li1,207.4600,285.6000,1.799108
fanout554,VPWR,li1,252.0800,19.0400,1.797557
fanout553,VPWR,li1,254.8400,19.0400,1.797545
fanout552,VPWR,li1,222.1800,13.6000,1.799468
fanout551,VPWR,li1,269.1000,19.0400,1.797491
fanout550,VPWR,li1,250.2400,285.6000,1.798984
fanout549,VPWR,li1,193.6600,388.9600,1.799903
fanout548,VPWR,li1,203.3200,285.6000,1.799168
fanout547,VPWR,li1,274.6200,13.6000,1.799566
fanout546,VPWR,li1,271.4000,19.0400,1.797476
fanout545,VPWR,li1,212.9800,111.5200,1.798562
fanout544,VPWR,li1,178.4800,19.0400,1.798571
fanout543,VPWR,li1,100.2800,19.0400,1.797163
fanout542,VPWR,li1,102.5800,280.1600,1.797195
fanout541,VPWR,li1,218.5000,285.6000,1.798956
fanout540,VPWR,li1,100.2800,378.0800,1.797897
fanout539,VPWR,li1,104.8800,274.7200,1.798722
fanout538,VPWR,li1,217.8100,116.9600,1.798918
fanout537,VPWR,li1,207.0000,19.0400,1.797799
fanout536,VPWR,li1,108.5600,111.5200,1.797782
fanout535,VPWR,li1,106.7200,19.0400,1.797047
fanout534,VPWR,li1,217.1200,19.0400,1.797738
fanout533,VPWR,li1,162.3800,204.0000,1.799955
fanout532,VPWR,li1,210.2200,19.0400,1.797771
fanout531,VPWR,li1,157.7800,236.6400,1.799852
fanout530,VPWR,li1,246.5600,334.5600,1.799674
fanout529,VPWR,li1,262.2000,247.5200,1.799725
fanout528,VPWR,li1,165.1400,68.0000,1.799902
fanout527,VPWR,li1,268.1800,62.5600,1.799789
fanout526,VPWR,li1,251.6200,155.0400,1.799833
fanout525,VPWR,li1,87.4000,236.6400,1.799816
fanout524,VPWR,li1,216.6600,340.0000,1.799843
fanout523,VPWR,li1,226.7800,247.5200,1.799704
fanout522,VPWR,li1,84.6400,236.6400,1.799820
fanout521,VPWR,li1,100.2800,73.4400,1.799887
fanout520,VPWR,li1,218.0400,57.1200,1.799756
fanout519,VPWR,li1,224.4800,149.6000,1.799364
fanout518,VPWR,li1,256.2200,62.5600,1.799770
fanout517,VPWR,li1,253.9200,340.0000,1.799817
fanout516,VPWR,li1,256.2200,247.5200,1.799721
fanout515,VPWR,li1,219.8800,329.1200,1.799727
fanout514,VPWR,li1,221.7200,247.5200,1.799703
fanout513,VPWR,li1,259.4400,57.1200,1.799728
fanout512,VPWR,li1,277.3800,149.6000,1.799578
fanout511,VPWR,li1,258.9800,62.5600,1.799773
fanout510,VPWR,li1,224.4800,57.1200,1.799746
fanout509,VPWR,li1,229.0800,252.9600,1.799717
fanout508,VPWR,li1,246.1000,340.0000,1.799821
fanout507,VPWR,li1,226.7800,252.9600,1.799725
fanout506,VPWR,li1,202.4000,247.5200,1.799783
fanout505,VPWR,li1,221.7200,57.1200,1.799749
fanout504,VPWR,li1,228.1600,155.0400,1.799831
fanout503,VPWR,li1,253.9200,57.1200,1.799728
fanout502,VPWR,li1,218.5000,62.5600,1.799741
fanout501,VPWR,li1,279.2200,291.0400,1.799957
fanout500,VPWR,li1,272.3200,274.7200,1.795222
fanout499,VPWR,li1,256.6800,57.1200,1.799727
fanout498,VPWR,li1,246.5600,258.4000,1.799359
fanout497,VPWR,li1,248.8600,252.9600,1.799666
fanout496,VPWR,li1,200.1000,340.0000,1.799866
fanout495,VPWR,li1,202.8600,242.0800,1.799772
fanout494,VPWR,li1,251.1600,57.1200,1.799728
fanout493,VPWR,li1,200.5600,155.0400,1.799866
fanout492,VPWR,li1,185.3800,62.5600,1.799838
fanout491,VPWR,li1,272.3200,51.6800,1.799740
fanout490,VPWR,li1,251.6200,345.4400,1.799463
fanout489,VPWR,li1,264.9600,252.9600,1.799657
fanout488,VPWR,li1,179.8600,350.8800,1.799862
fanout487,VPWR,li1,181.2400,252.9600,1.799905
fanout486,VPWR,li1,271.8600,57.1200,1.799731
fanout485,VPWR,li1,275.0800,51.6800,1.799737
fanout484,VPWR,li1,179.4000,149.6000,1.799708
fanout483,VPWR,li1,164.2200,51.6800,1.799941
fanout482,VPWR,li1,242.8800,57.1200,1.799731
fanout481,VPWR,li1,232.3000,345.4400,1.799567
fanout480,VPWR,li1,208.8400,252.9600,1.799797
fanout479,VPWR,li1,128.3400,350.8800,1.799866
fanout478,VPWR,li1,166.0600,247.5200,1.799914
fanout477,VPWR,li1,241.5000,51.6800,1.799787
fanout476,VPWR,li1,239.2000,51.6800,1.799793
fanout475,VPWR,li1,159.6200,144.1600,1.799935
fanout474,VPWR,li1,159.1600,46.2400,1.799855
fanout473,VPWR,li1,327.5200,95.2000,1.799977
fanout472,VPWR,li1,209.3000,209.4400,1.799940
fanout471,VPWR,li1,356.9600,214.8800,1.799897
fanout470,VPWR,li1,351.9000,214.8800,1.799903
fanout469,VPWR,li1,329.3600,95.2000,1.799980
fanout468,VPWR,li1,322.0000,95.2000,1.799969
fanout467,VPWR,li1,346.3800,187.6800,1.799942
fanout466,VPWR,li1,245.6400,89.7600,1.799724
fanout465,VPWR,li1,329.3600,89.7600,1.799931
fanout464,VPWR,li1,341.7800,214.8800,1.799926
fanout463,VPWR,li1,341.3200,312.8000,1.799960
fanout462,VPWR,li1,344.5400,214.8800,1.799917
fanout461,VPWR,li1,197.3400,220.3200,1.799838
fanout460,VPWR,li1,329.3600,84.3200,1.799956
fanout459,VPWR,li1,337.6400,182.2400,1.799947
fanout458,VPWR,li1,331.6600,89.7600,1.799919
fanout457,VPWR,li1,229.0800,89.7600,1.799726
fanout456,VPWR,li1,328.4400,214.8800,1.799955
fanout455,VPWR,li1,323.3800,312.8000,1.799950
fanout454,VPWR,li1,325.6800,220.3200,1.799925
fanout453,VPWR,li1,195.9600,225.7600,1.799854
fanout452,VPWR,li1,316.4800,89.7600,1.799891
fanout451,VPWR,li1,324.3000,176.8000,1.799940
fanout450,VPWR,li1,310.9600,89.7600,1.799874
fanout449,VPWR,li1,164.2200,89.7600,1.799908
fanout448,VPWR,li1,253.2300,89.7600,1.799733
fanout447,VPWR,li1,243.8000,307.3600,1.799642
fanout446,VPWR,li1,252.0800,220.3200,1.799780
fanout445,VPWR,li1,167.9000,220.3200,1.799902
fanout444,VPWR,li1,233.6800,165.9200,1.799557
fanout443,VPWR,li1,248.8600,89.7600,1.799727
fanout442,VPWR,li1,154.5600,89.7600,1.799893
fanout441,VPWR,li1,86.9400,323.6800,1.799862
fanout440,VPWR,li1,79.5800,323.6800,1.799870
fanout439,VPWR,li1,247.4800,323.6800,1.799702
fanout438,VPWR,li1,81.4200,312.8000,1.799816
fanout437,VPWR,li1,54.7400,231.2000,1.799905
fanout436,VPWR,li1,238.5100,171.3600,1.799726
fanout435,VPWR,li1,257.1400,171.3600,1.799741
fanout434,VPWR,li1,71.3000,165.9200,1.799823
fanout433,VPWR,li1,67.1600,78.8800,1.799914
fanout432,VPWR,li1,84.6400,323.6800,1.799865
fanout431,VPWR,li1,162.8400,323.6800,1.799862
fanout430,VPWR,li1,252.0800,323.6800,1.799703
fanout429,VPWR,li1,83.2600,323.6800,1.799867
fanout428,VPWR,li1,59.8000,231.2000,1.799899
fanout427,VPWR,li1,80.0400,171.3600,1.799793
fanout426,VPWR,li1,241.0400,176.8000,1.799830
fanout425,VPWR,li1,75.9000,165.9200,1.799816
fanout424,VPWR,li1,74.0600,78.8800,1.799907
fanout423,VPWR,li1,263.1200,285.6000,1.799120
fanout422,VPWR,li1,259.9000,285.6000,1.799091
fanout421,VPWR,li1,80.0400,323.6800,1.799870
fanout420,VPWR,li1,200.5600,329.1200,1.799807
fanout419,VPWR,li1,77.2800,323.6800,1.799873
fanout418,VPWR,li1,129.7200,323.6800,1.799841
fanout417,VPWR,li1,76.3600,176.8000,1.799805
fanout416,VPWR,li1,205.1600,165.9200,1.799606
fanout415,VPWR,li1,131.1000,165.9200,1.799792
fanout414,VPWR,li1,168.8200,204.0000,1.799963
fanout413,VPWR,li1,163.7600,291.0400,1.799970
fanout412,VPWR,li1,166.9800,204.0000,1.799961
fanout411,VPWR,li1,148.1200,68.0000,1.799879
fanout410,VPWR,li1,144.9000,68.0000,1.799875
fanout409,VPWR,li1,202.1700,274.7200,1.796334
fanout408,VPWR,li1,256.6800,280.1600,1.797648
fanout407,VPWR,li1,320.6200,242.0800,1.799844
fanout406,VPWR,li1,314.1800,252.9600,1.799724
fanout405,VPWR,li1,299.6900,209.4400,1.799941
fanout404,VPWR,li1,355.1200,209.4400,1.799926
fanout403,VPWR,li1,319.2400,247.5200,1.799801
fanout402,VPWR,li1,328.4400,242.0800,1.799865
fanout401,VPWR,li1,283.1300,252.9600,1.799657
fanout400,VPWR,li1,309.5800,247.5200,1.799787
fanout399,VPWR,li1,260.8200,247.5200,1.799725
fanout398,VPWR,li1,286.1200,242.0800,1.799782
fanout397,VPWR,li1,100.7400,252.9600,1.799830
fanout396,VPWR,li1,82.3400,252.9600,1.799846
fanout395,VPWR,li1,76.8200,252.9600,1.799853
fanout394,VPWR,li1,134.7800,252.9600,1.799847
fanout393,VPWR,li1,352.3600,209.4400,1.799929
fanout392,VPWR,li1,324.7600,214.8800,1.799948
fanout391,VPWR,li1,333.5000,209.4400,1.799958
fanout390,VPWR,li1,290.9500,214.8800,1.799899
fanout389,VPWR,li1,316.4800,209.4400,1.799955
fanout388,VPWR,li1,280.6000,231.2000,1.799745
fanout387,VPWR,li1,290.4900,204.0000,1.799945
fanout386,VPWR,li1,298.5400,209.4400,1.799941
fanout385,VPWR,li1,224.4800,231.2000,1.799736
fanout384,VPWR,li1,114.0800,231.2000,1.799857
fanout383,VPWR,li1,84.1800,231.2000,1.799873
fanout382,VPWR,li1,137.5400,220.3200,1.799828
fanout381,VPWR,li1,66.2400,225.7600,1.799866
fanout380,VPWR,li1,129.4900,220.3200,1.799818
fanout379,VPWR,li1,57.0400,231.2000,1.799902
fanout378,VPWR,li1,298.7700,301.9200,1.799924
fanout377,VPWR,li1,337.1800,301.9200,1.799977
fanout376,VPWR,li1,253.2300,296.4800,1.799895
fanout375,VPWR,li1,235.5200,296.4800,1.799890
fanout374,VPWR,li1,279.6800,301.9200,1.799901
fanout373,VPWR,li1,197.3400,296.4800,1.799913
fanout372,VPWR,li1,241.9600,296.4800,1.799890
fanout371,VPWR,li1,225.4000,291.0400,1.799952
fanout370,VPWR,li1,244.7200,296.4800,1.799891
fanout369,VPWR,li1,132.9400,204.0000,1.799931
fanout368,VPWR,li1,216.2000,296.4800,1.799895
fanout367,VPWR,li1,55.2000,296.4800,1.799906
fanout366,VPWR,li1,346.3800,372.6400,1.799630
fanout365,VPWR,li1,315.7900,378.0800,1.798042
fanout364,VPWR,li1,270.9400,383.5200,1.796363
fanout363,VPWR,li1,344.5400,372.6400,1.799630
fanout362,VPWR,li1,270.9400,383.5200,1.796363
fanout361,VPWR,li1,271.4000,367.2000,1.797646
fanout360,VPWR,li1,245.6400,383.5200,1.796699
fanout359,VPWR,li1,253.0000,383.5200,1.796597
fanout358,VPWR,li1,224.4800,383.5200,1.796992
fanout357,VPWR,li1,178.4800,383.5200,1.798858
fanout356,VPWR,li1,233.6800,383.5200,1.796853
fanout355,VPWR,li1,238.7400,388.9600,1.799832
fanout354,VPWR,li1,235.9800,383.5200,1.796825
fanout353,VPWR,li1,102.5800,204.0000,1.799922
fanout352,VPWR,li1,313.2600,340.0000,1.799882
fanout351,VPWR,li1,254.8400,345.4400,1.799451
fanout350,VPWR,li1,272.7800,340.0000,1.799811
fanout349,VPWR,li1,251.1600,334.5600,1.799686
fanout348,VPWR,li1,287.9600,334.5600,1.799789
fanout347,VPWR,li1,272.7800,334.5600,1.799747
fanout346,VPWR,li1,218.5000,334.5600,1.799608
fanout345,VPWR,li1,220.3400,340.0000,1.799840
fanout344,VPWR,li1,240.5800,334.5600,1.799658
fanout343,VPWR,li1,175.2600,340.0000,1.799905
fanout342,VPWR,li1,120.0600,350.8800,1.799863
fanout341,VPWR,li1,251.6200,323.6800,1.799703
fanout340,VPWR,li1,284.9700,312.8000,1.799873
fanout339,VPWR,li1,254.3800,323.6800,1.799705
fanout338,VPWR,li1,74.5200,198.5600,1.799947
fanout337,VPWR,li1,240.1200,318.2400,1.799733
fanout336,VPWR,li1,235.9800,318.2400,1.799732
fanout335,VPWR,li1,281.9800,307.3600,1.799648
fanout334,VPWR,li1,271.8600,307.3600,1.799643
fanout333,VPWR,li1,292.1000,301.9200,1.799915
fanout332,VPWR,li1,237.3600,312.8000,1.799831
fanout331,VPWR,li1,172.0400,312.8000,1.799908
fanout330,VPWR,li1,207.4600,307.3600,1.799758
fanout329,VPWR,li1,157.7800,301.9200,1.799913
fanout328,VPWR,li1,286.8100,100.6400,1.799902
fanout327,VPWR,li1,187.6800,89.7600,1.799875
fanout326,VPWR,li1,253.0000,100.6400,1.799900
fanout325,VPWR,li1,282.9000,106.0800,1.799888
fanout324,VPWR,li1,204.7000,100.6400,1.799934
fanout323,VPWR,li1,117.7600,100.6400,1.799935
fanout322,VPWR,li1,93.8400,95.2000,1.799869
fanout321,VPWR,li1,199.1800,198.5600,1.799862
fanout320,VPWR,li1,54.2800,204.0000,1.799947
fanout319,VPWR,li1,69.4600,89.7600,1.799859
fanout318,VPWR,li1,182.1600,106.0800,1.799922
fanout317,VPWR,li1,46.9200,95.2000,1.799928
fanout316,VPWR,li1,49.2200,95.2000,1.799923
fanout315,VPWR,li1,123.2800,106.0800,1.799876
fanout314,VPWR,li1,39.5600,89.7600,1.799923
fanout313,VPWR,li1,277.3800,19.0400,1.797454
fanout312,VPWR,li1,295.3200,13.6000,1.799629
fanout311,VPWR,li1,266.8000,19.0400,1.797500
fanout310,VPWR,li1,212.9800,13.6000,1.799461
fanout309,VPWR,li1,251.6200,13.6000,1.799512
fanout308,VPWR,li1,169.2800,19.0400,1.798384
fanout307,VPWR,li1,143.0600,24.4800,1.797665
fanout306,VPWR,li1,229.0800,13.6000,1.799474
fanout305,VPWR,li1,181.2400,13.6000,1.799570
fanout304,VPWR,li1,107.1800,29.9200,1.799204
fanout303,VPWR,li1,39.5600,204.0000,1.799964
fanout302,VPWR,li1,178.9400,13.6000,1.799591
fanout301,VPWR,li1,102.5800,19.0400,1.797120
fanout300,VPWR,li1,198.0300,51.6800,1.799884
fanout299,VPWR,li1,120.5200,19.0400,1.796879
fanout298,VPWR,li1,236.4400,29.9200,1.797325
fanout297,VPWR,li1,205.1600,57.1200,1.799776
fanout296,VPWR,li1,253.0000,62.5600,1.799765
fanout295,VPWR,li1,233.6800,51.6800,1.799801
fanout294,VPWR,li1,230.4600,51.6800,1.799810
fanout293,VPWR,li1,148.5800,51.6800,1.799924
fanout292,VPWR,li1,234.6000,62.5600,1.799750
fanout291,VPWR,li1,240.5800,62.5600,1.799754
fanout290,VPWR,li1,104.8800,51.6800,1.799902
fanout289,VPWR,li1,160.0800,57.1200,1.799688
fanout288,VPWR,li1,84.1800,51.6800,1.799903
fanout287,VPWR,li1,123.2800,51.6800,1.799907
fanout286,VPWR,li1,81.4200,46.2400,1.799834
fanout285,VPWR,li1,111.7800,209.4400,1.799931
fanout284,VPWR,li1,40.0200,209.4400,1.799965
fanout283,VPWR,li1,191.3600,68.0000,1.799831
fanout282,VPWR,li1,240.5800,73.4400,1.799726
fanout281,VPWR,li1,184.0000,73.4400,1.799870
fanout280,VPWR,li1,228.6200,78.8800,1.799825
fanout279,VPWR,li1,143.5200,73.4400,1.799885
fanout278,VPWR,li1,129.2600,68.0000,1.799864
fanout277,VPWR,li1,274.1600,95.2000,1.799925
fanout276,VPWR,li1,278.7600,89.7600,1.799784
fanout275,VPWR,li1,89.2400,73.4400,1.799893
fanout274,VPWR,li1,84.6400,73.4400,1.799896
fanout273,VPWR,li1,149.7300,89.7600,1.799886
fanout272,VPWR,li1,75.4400,68.0000,1.799870
fanout271,VPWR,li1,120.7500,89.7600,1.799851
fanout270,VPWR,li1,79.1200,73.4400,1.799901
fanout269,VPWR,li1,345.9200,187.6800,1.799942
fanout268,VPWR,li1,290.0300,193.1200,1.799931
fanout267,VPWR,li1,306.3600,193.1200,1.799952
fanout266,VPWR,li1,220.8000,285.6000,1.798917
fanout265,VPWR,li1,109.0200,285.6000,1.798950
fanout264,VPWR,li1,212.9800,122.4000,1.794582
fanout263,VPWR,li1,110.4000,106.0800,1.799880
fanout262,VPWR,li1,52.4400,301.9200,1.799919
fanout261,VPWR,li1,47.8400,198.5600,1.799963
fanout260,VPWR,li1,196.8800,350.8800,1.799723
fanout259,VPWR,li1,210.2200,345.4400,1.799698
fanout258,VPWR,li1,184.9200,149.6000,1.799651
fanout257,VPWR,li1,184.0000,51.6800,1.799924
fanout256,VPWR,li1,86.9400,73.4400,1.799895
fanout255,VPWR,li1,161.9200,329.1200,1.799904
fanout254,VPWR,li1,164.2200,236.6400,1.799873
max_cap253,VPWR,li1,77.9700,144.1600,1.799882
fanout252,VPWR,li1,203.7800,144.1600,1.799888
fanout251,VPWR,li1,184.4600,138.7200,1.799780
fanout250,VPWR,li1,195.0400,356.3200,1.799656
fanout249,VPWR,li1,188.1400,46.2400,1.799754
fanout248,VPWR,li1,168.8200,40.8000,1.799829
fanout247,VPWR,li1,203.7800,258.4000,1.799642
fanout246,VPWR,li1,155.4800,258.4000,1.799770
max_cap245,VPWR,li1,205.3900,116.9600,1.798826
max_cap244,VPWR,li1,185.1500,378.0800,1.798307
max_cap243,VPWR,li1,53.5900,68.0000,1.799889
max_cap242,VPWR,li1,61.4100,155.0400,1.799765
max_cap241,VPWR,li1,58.6500,155.0400,1.799779
max_cap240,VPWR,li1,296.0100,171.3600,1.799811
max_cap239,VPWR,li1,330.0500,171.3600,1.799924
max_cap238,VPWR,li1,331.2000,323.6800,1.799909
max_cap237,VPWR,li1,325.6800,78.8800,1.799930
max_cap236,VPWR,li1,350.2900,165.9200,1.799748
max_cap235,VPWR,li1,331.8900,345.4400,1.799781
wire234,VPWR,li1,321.3100,62.5600,1.799919
max_cap233,VPWR,li1,339.7100,62.5600,1.799910
max_cap232,VPWR,li1,344.7700,242.0800,1.799710
max_cap231,VPWR,li1,361.3300,334.5600,1.799895
output229,VPWR,li1,383.6400,133.2800,1.798525
output228,VPWR,li1,383.6400,138.7200,1.799352
output227,VPWR,li1,383.6400,149.6000,1.799613
output226,VPWR,li1,383.6400,155.0400,1.799818
output225,VPWR,li1,383.6400,165.9200,1.799685
output224,VPWR,li1,383.6400,176.8000,1.799849
output223,VPWR,li1,383.6400,176.8000,1.799849
output222,VPWR,li1,383.6400,187.6800,1.799902
output221,VPWR,li1,383.6400,193.1200,1.799965
output220,VPWR,li1,159.1600,13.6000,1.799214
output219,VPWR,li1,174.3400,13.6000,1.799629
output218,VPWR,li1,188.1400,13.6000,1.799513
output217,VPWR,li1,201.0200,13.6000,1.799456
output216,VPWR,li1,383.6400,127.8400,1.797218
output215,VPWR,li1,383.6400,116.9600,1.799650
output214,VPWR,li1,380.8800,122.4000,1.796493
output213,VPWR,li1,383.6400,193.1200,1.799965
output212,VPWR,li1,339.4800,13.6000,1.799803
output211,VPWR,li1,345.9200,13.6000,1.799793
output210,VPWR,li1,352.3600,13.6000,1.799789
output209,VPWR,li1,383.6400,46.2400,1.799758
output208,VPWR,li1,383.6400,51.6800,1.799759
output207,VPWR,li1,383.6400,57.1200,1.799724
output206,VPWR,li1,383.6400,78.8800,1.799880
output205,VPWR,li1,383.6400,78.8800,1.799880
output204,VPWR,li1,383.6400,84.3200,1.799909
output203,VPWR,li1,136.6200,13.6000,1.798889
output202,VPWR,li1,165.6000,13.6000,1.799343
output201,VPWR,li1,191.8200,13.6000,1.799486
output200,VPWR,li1,204.2400,13.6000,1.799455
output199,VPWR,li1,330.7400,13.6000,1.799817
output198,VPWR,li1,316.0200,13.6000,1.799715
output197,VPWR,li1,328.9000,13.6000,1.799830
output196,VPWR,li1,383.6400,84.3200,1.799909
output195,VPWR,li1,320.6200,388.9600,1.799909
output194,VPWR,li1,322.4600,388.9600,1.799916
output193,VPWR,li1,342.7000,388.9600,1.799924
output192,VPWR,li1,352.3600,388.9600,1.799918
output191,VPWR,li1,383.6400,350.8800,1.799569
output190,VPWR,li1,383.6400,350.8800,1.799569
output189,VPWR,li1,383.6400,340.0000,1.799817
output188,VPWR,li1,383.6400,329.1200,1.799833
output187,VPWR,li1,383.6400,329.1200,1.799833
output186,VPWR,li1,139.8400,388.9600,1.799865
output185,VPWR,li1,152.7200,388.9600,1.799874
output184,VPWR,li1,155.9400,388.9600,1.799881
output183,VPWR,li1,207.4600,388.9600,1.799870
output182,VPWR,li1,281.5200,388.9600,1.799834
output181,VPWR,li1,294.4000,388.9600,1.799847
output180,VPWR,li1,310.5000,388.9600,1.799882
output179,VPWR,li1,383.6400,323.6800,1.799855
output178,VPWR,li1,383.6400,274.7200,1.794082
output177,VPWR,li1,383.6400,263.8400,1.797979
output176,VPWR,li1,383.6400,247.5200,1.799399
output175,VPWR,li1,383.6400,236.6400,1.799647
output174,VPWR,li1,383.6400,225.7600,1.799749
output173,VPWR,li1,383.6400,214.8800,1.799862
output172,VPWR,li1,383.6400,209.4400,1.799887
output171,VPWR,li1,381.8000,209.4400,1.799888
output170,VPWR,li1,383.6400,198.5600,1.799912
output169,VPWR,li1,136.6200,388.9600,1.799866
output168,VPWR,li1,146.2800,388.9600,1.799867
output167,VPWR,li1,149.5000,388.9600,1.799869
output166,VPWR,li1,240.5800,388.9600,1.799830
output165,VPWR,li1,383.6400,274.7200,1.794082
output164,VPWR,li1,383.6400,285.6000,1.799824
output163,VPWR,li1,383.6400,280.1600,1.799660
output162,VPWR,li1,383.6400,220.3200,1.799836
input161,VPWR,li1,139.8400,13.6000,1.798909
input160,VPWR,li1,7.8200,323.6800,1.799978
input159,VPWR,li1,7.5900,312.8000,1.799971
input158,VPWR,li1,7.5900,318.2400,1.799964
input157,VPWR,li1,242.6500,13.6000,1.799493
input156,VPWR,li1,383.6400,106.0800,1.799946
input155,VPWR,li1,383.8700,95.2000,1.799975
input154,VPWR,li1,383.8700,89.7600,1.799919
input153,VPWR,li1,231.6100,13.6000,1.799477
input152,VPWR,li1,234.8300,13.6000,1.799483
input151,VPWR,li1,261.9700,13.6000,1.799533
input150,VPWR,li1,245.8700,13.6000,1.799502
input149,VPWR,li1,227.7000,13.6000,1.799474
input148,VPWR,li1,239.4300,13.6000,1.799490
input147,VPWR,li1,92.0000,13.6000,1.798898
input146,VPWR,li1,161.9200,13.6000,1.799275
input145,VPWR,li1,202.6300,13.6000,1.799455
input144,VPWR,li1,97.7500,13.6000,1.798860
input143,VPWR,li1,259.6700,13.6000,1.799526
input142,VPWR,li1,220.1100,19.0400,1.797720
input141,VPWR,li1,168.8200,13.6000,1.799431
input140,VPWR,li1,332.8100,388.9600,1.799940
input139,VPWR,li1,324.0700,388.9600,1.799916
input138,VPWR,li1,329.5900,388.9600,1.799943
input137,VPWR,li1,8.2800,274.7200,1.799830
input136,VPWR,li1,9.2000,301.9200,1.799979
input135,VPWR,li1,7.5900,280.1600,1.799601
input134,VPWR,li1,7.5900,285.6000,1.799883
input133,VPWR,li1,7.5900,285.6000,1.799883
input132,VPWR,li1,7.8200,296.4800,1.799976
input131,VPWR,li1,271.4000,13.6000,1.799560
input130,VPWR,li1,383.6400,95.2000,1.799975
input129,VPWR,li1,7.5900,171.3600,1.799964
input128,VPWR,li1,7.5900,176.8000,1.799965
input127,VPWR,li1,7.5900,176.8000,1.799965
input126,VPWR,li1,382.2600,160.4800,1.799760
input125,VPWR,li1,383.6400,155.0400,1.799818
input124,VPWR,li1,383.8700,149.6000,1.799613
input123,VPWR,li1,383.8700,165.9200,1.799685
input122,VPWR,li1,383.6400,171.3600,1.799830
input121,VPWR,li1,7.8200,160.4800,1.799977
input120,VPWR,li1,7.8200,149.6000,1.799938
input119,VPWR,li1,104.4200,13.6000,1.798814
input118,VPWR,li1,225.8600,19.0400,1.797688
input117,VPWR,li1,172.0400,13.6000,1.799559
input116,VPWR,li1,383.6400,144.1600,1.799425
input115,VPWR,li1,382.2600,138.7200,1.799354
input114,VPWR,li1,383.1800,122.4000,1.796492
input113,VPWR,li1,123.7400,13.6000,1.798764
input112,VPWR,li1,114.5400,13.6000,1.798756
input111,VPWR,li1,154.1000,13.6000,1.799083
input110,VPWR,li1,157.3200,13.6000,1.799166
input109,VPWR,li1,214.3600,13.6000,1.799461
input108,VPWR,li1,258.2900,13.6000,1.799526
input107,VPWR,li1,383.8700,106.0800,1.799946
input106,VPWR,li1,383.6400,100.6400,1.799961
input105,VPWR,li1,7.8200,187.6800,1.799987
input104,VPWR,li1,7.8200,193.1200,1.799980
input103,VPWR,li1,7.8200,193.1200,1.799980
input102,VPWR,li1,7.8200,187.6800,1.799987
input101,VPWR,li1,7.8200,182.2400,1.799978
input100,VPWR,li1,383.6400,187.6800,1.799902
input99,VPWR,li1,381.1100,204.0000,1.799973
input98,VPWR,li1,383.6400,182.2400,1.799909
input97,VPWR,li1,81.6500,13.6000,1.798962
input96,VPWR,li1,76.8200,13.6000,1.798992
input95,VPWR,li1,84.8700,13.6000,1.798933
input94,VPWR,li1,265.1900,13.6000,1.799544
input93,VPWR,li1,130.1800,13.6000,1.798812
input92,VPWR,li1,150.8800,13.6000,1.799032
input91,VPWR,li1,184.6900,13.6000,1.799553
input90,VPWR,li1,188.6000,13.6000,1.799513
input89,VPWR,li1,79.8100,13.6000,1.798976
input88,VPWR,li1,88.0900,13.6000,1.798912
input87,VPWR,li1,111.3200,13.6000,1.798778
input86,VPWR,li1,232.9900,13.6000,1.799481
input85,VPWR,li1,146.0500,13.6000,1.798977
input84,VPWR,li1,248.1700,13.6000,1.799505
input83,VPWR,li1,208.8400,13.6000,1.799458
input82,VPWR,li1,236.4400,13.6000,1.799483
input81,VPWR,li1,117.0700,13.6000,1.798745
input80,VPWR,li1,100.9700,13.6000,1.798844
input79,VPWR,li1,113.8500,13.6000,1.798766
input78,VPWR,li1,142.8300,13.6000,1.798956
input77,VPWR,li1,170.4300,13.6000,1.799501
input76,VPWR,li1,225.8600,13.6000,1.799472
input75,VPWR,li1,273.4700,13.6000,1.799566
input74,VPWR,li1,278.3000,13.6000,1.799579
input73,VPWR,li1,49.6800,13.6000,1.799381
input72,VPWR,li1,43.2400,13.6000,1.799508
input71,VPWR,li1,46.4600,13.6000,1.799431
input70,VPWR,li1,72.6800,13.6000,1.799038
input69,VPWR,li1,94.7600,13.6000,1.798874
input68,VPWR,li1,120.5200,13.6000,1.798751
input67,VPWR,li1,251.3900,13.6000,1.799512
input66,VPWR,li1,181.7000,13.6000,1.799570
input65,VPWR,li1,143.0600,388.9600,1.799866
input64,VPWR,li1,197.8000,388.9600,1.799891
input63,VPWR,li1,234.3700,388.9600,1.799836
input62,VPWR,li1,274.8500,388.9600,1.799831
input61,VPWR,li1,284.7400,388.9600,1.799837
input60,VPWR,li1,204.0100,388.9600,1.799881
input59,VPWR,li1,287.7300,388.9600,1.799841
input58,VPWR,li1,291.1800,388.9600,1.799843
input57,VPWR,li1,175.0300,388.9600,1.799945
input56,VPWR,li1,231.6100,388.9600,1.799839
input55,VPWR,li1,200.7900,388.9600,1.799887
input54,VPWR,li1,258.9800,388.9600,1.799828
input53,VPWR,li1,271.8600,388.9600,1.799830
input52,VPWR,li1,265.1900,388.9600,1.799829
input51,VPWR,li1,253.0000,388.9600,1.799829
input50,VPWR,li1,317.4000,388.9600,1.799900
input49,VPWR,li1,230.0000,388.9600,1.799842
input48,VPWR,li1,232.9900,388.9600,1.799839
input47,VPWR,li1,213.6700,388.9600,1.799863
input46,VPWR,li1,255.9900,388.9600,1.799828
input45,VPWR,li1,300.6100,388.9600,1.799859
input44,VPWR,li1,326.3700,388.9600,1.799927
input43,VPWR,li1,297.3900,388.9600,1.799853
input42,VPWR,li1,337.6400,388.9600,1.799931
input41,VPWR,li1,7.8200,291.0400,1.799991
input40,VPWR,li1,210.6800,388.9600,1.799865
input39,VPWR,li1,220.1100,388.9600,1.799853
input38,VPWR,li1,225.8600,388.9600,1.799846
input37,VPWR,li1,195.5000,388.9600,1.799896
input36,VPWR,li1,268.6400,388.9600,1.799830
input35,VPWR,li1,243.5700,388.9600,1.799830
input34,VPWR,li1,307.0500,388.9600,1.799875
input33,VPWR,li1,9.2000,220.3200,1.799964
input32,VPWR,li1,9.2000,231.2000,1.799972
input31,VPWR,li1,8.2800,225.7600,1.799971
input30,VPWR,li1,7.8200,231.2000,1.799971
input29,VPWR,li1,383.6400,231.2000,1.799778
input28,VPWR,li1,382.0300,236.6400,1.799649
input27,VPWR,li1,382.0300,242.0800,1.799585
input26,VPWR,li1,383.6400,242.0800,1.799585
input25,VPWR,li1,7.8200,247.5200,1.799976
input24,VPWR,li1,7.8200,252.9600,1.799969
input23,VPWR,li1,7.8200,247.5200,1.799976
input22,VPWR,li1,246.1000,388.9600,1.799829
input21,VPWR,li1,383.8700,247.5200,1.799399
input20,VPWR,li1,383.8700,252.9600,1.799732
input19,VPWR,li1,383.6400,258.4000,1.799764
input18,VPWR,li1,383.6400,269.2800,1.798378
input17,VPWR,li1,217.1200,388.9600,1.799857
input16,VPWR,li1,257.3700,388.9600,1.799828
input15,VPWR,li1,278.0700,388.9600,1.799832
input14,VPWR,li1,261.9700,388.9600,1.799829
input13,VPWR,li1,303.8300,388.9600,1.799868
input12,VPWR,li1,383.8700,258.4000,1.799764
input11,VPWR,li1,382.0300,274.7200,1.794085
input10,VPWR,li1,383.6400,285.6000,1.799824
input9,VPWR,li1,7.5900,214.8800,1.799975
input8,VPWR,li1,7.8200,209.4400,1.799987
input7,VPWR,li1,7.8200,204.0000,1.799985
input6,VPWR,li1,7.8200,198.5600,1.799987
input5,VPWR,li1,7.8200,204.0000,1.799985
input4,VPWR,li1,7.8200,214.8800,1.799975
input3,VPWR,li1,382.0300,214.8800,1.799862
input2,VPWR,li1,382.0300,225.7600,1.799751
input1,VPWR,li1,133.4000,13.6000,1.798842
TAP_TAPCELL_ROW_138_2321,VPWR,li1,379.2700,388.6530,1.799918
TAP_TAPCELL_ROW_138_2320,VPWR,li1,366.3900,388.6530,1.799918
TAP_TAPCELL_ROW_138_2319,VPWR,li1,353.5100,388.6530,1.799918
TAP_TAPCELL_ROW_138_2318,VPWR,li1,340.6300,388.6530,1.799928
TAP_TAPCELL_ROW_138_2317,VPWR,li1,327.7500,388.6530,1.799936
TAP_TAPCELL_ROW_138_2316,VPWR,li1,314.8700,388.6530,1.799893
TAP_TAPCELL_ROW_138_2315,VPWR,li1,301.9900,388.6530,1.799864
TAP_TAPCELL_ROW_138_2314,VPWR,li1,289.1100,388.6530,1.799841
TAP_TAPCELL_ROW_138_2313,VPWR,li1,276.2300,388.6530,1.799831
TAP_TAPCELL_ROW_138_2312,VPWR,li1,263.3500,388.6530,1.799829
TAP_TAPCELL_ROW_138_2311,VPWR,li1,250.4700,388.6530,1.799829
TAP_TAPCELL_ROW_138_2310,VPWR,li1,237.5900,388.6530,1.799835
TAP_TAPCELL_ROW_138_2309,VPWR,li1,224.7100,388.6530,1.799849
TAP_TAPCELL_ROW_138_2308,VPWR,li1,211.8300,388.6530,1.799865
TAP_TAPCELL_ROW_138_2307,VPWR,li1,198.9500,388.6530,1.799891
TAP_TAPCELL_ROW_138_2306,VPWR,li1,186.0700,388.6530,1.799920
TAP_TAPCELL_ROW_138_2305,VPWR,li1,173.1900,388.6530,1.799937
TAP_TAPCELL_ROW_138_2304,VPWR,li1,160.3100,388.6530,1.799900
TAP_TAPCELL_ROW_138_2303,VPWR,li1,147.4300,388.6530,1.799867
TAP_TAPCELL_ROW_138_2302,VPWR,li1,134.5500,388.6530,1.799869
TAP_TAPCELL_ROW_138_2301,VPWR,li1,121.6700,388.6530,1.799883
TAP_TAPCELL_ROW_138_2300,VPWR,li1,108.7900,388.6530,1.799896
TAP_TAPCELL_ROW_138_2299,VPWR,li1,95.9100,388.6530,1.799910
TAP_TAPCELL_ROW_138_2298,VPWR,li1,83.0300,388.6530,1.799924
TAP_TAPCELL_ROW_138_2297,VPWR,li1,70.1500,388.6530,1.799938
TAP_TAPCELL_ROW_138_2296,VPWR,li1,57.2700,388.6530,1.799952
TAP_TAPCELL_ROW_138_2295,VPWR,li1,44.3900,388.6530,1.799966
TAP_TAPCELL_ROW_138_2294,VPWR,li1,31.5100,388.6530,1.799980
TAP_TAPCELL_ROW_138_2293,VPWR,li1,18.6300,388.6530,1.799989
TAP_TAPCELL_ROW_137_2292,VPWR,li1,366.3900,383.8260,1.799157
TAP_TAPCELL_ROW_137_2291,VPWR,li1,340.6300,383.8260,1.799162
TAP_TAPCELL_ROW_137_2290,VPWR,li1,314.8700,383.8260,1.798062
TAP_TAPCELL_ROW_137_2289,VPWR,li1,289.1100,383.8260,1.796479
TAP_TAPCELL_ROW_137_2288,VPWR,li1,263.3500,383.8260,1.796457
TAP_TAPCELL_ROW_137_2287,VPWR,li1,237.5900,383.8260,1.796797
TAP_TAPCELL_ROW_137_2286,VPWR,li1,211.8300,383.8260,1.797146
TAP_TAPCELL_ROW_137_2285,VPWR,li1,186.0700,383.8260,1.798332
TAP_TAPCELL_ROW_137_2284,VPWR,li1,160.3100,383.8260,1.798594
TAP_TAPCELL_ROW_137_2283,VPWR,li1,134.5500,383.8260,1.798198
TAP_TAPCELL_ROW_137_2282,VPWR,li1,108.7900,383.8260,1.798544
TAP_TAPCELL_ROW_137_2281,VPWR,li1,83.0300,383.8260,1.798924
TAP_TAPCELL_ROW_137_2280,VPWR,li1,57.2700,383.8260,1.799305
TAP_TAPCELL_ROW_137_2279,VPWR,li1,31.5100,383.8260,1.799714
TAP_TAPCELL_ROW_136_2278,VPWR,li1,379.2700,383.2130,1.799157
TAP_TAPCELL_ROW_136_2277,VPWR,li1,353.5100,383.2130,1.799157
TAP_TAPCELL_ROW_136_2276,VPWR,li1,327.7500,383.2130,1.799180
TAP_TAPCELL_ROW_136_2275,VPWR,li1,301.9900,383.2130,1.797079
TAP_TAPCELL_ROW_136_2274,VPWR,li1,276.2300,383.2130,1.796305
TAP_TAPCELL_ROW_136_2273,VPWR,li1,250.4700,383.2130,1.796621
TAP_TAPCELL_ROW_136_2272,VPWR,li1,224.7100,383.2130,1.796967
TAP_TAPCELL_ROW_136_2271,VPWR,li1,198.9500,383.2130,1.797465
TAP_TAPCELL_ROW_136_2270,VPWR,li1,173.1900,383.2130,1.799000
TAP_TAPCELL_ROW_136_2269,VPWR,li1,147.4300,383.2130,1.798254
TAP_TAPCELL_ROW_136_2268,VPWR,li1,121.6700,383.2130,1.798384
TAP_TAPCELL_ROW_136_2267,VPWR,li1,95.9100,383.2130,1.798731
TAP_TAPCELL_ROW_136_2266,VPWR,li1,70.1500,383.2130,1.799113
TAP_TAPCELL_ROW_136_2265,VPWR,li1,44.3900,383.2130,1.799497
TAP_TAPCELL_ROW_136_2264,VPWR,li1,18.6300,383.2130,1.799851
TAP_TAPCELL_ROW_135_2263,VPWR,li1,366.3900,378.3860,1.799104
TAP_TAPCELL_ROW_135_2262,VPWR,li1,340.6300,378.3860,1.799104
TAP_TAPCELL_ROW_135_2261,VPWR,li1,314.8700,378.3860,1.798042
TAP_TAPCELL_ROW_135_2260,VPWR,li1,289.1100,378.3860,1.796430
TAP_TAPCELL_ROW_135_2259,VPWR,li1,263.3500,378.3860,1.796158
TAP_TAPCELL_ROW_135_2258,VPWR,li1,237.5900,378.3860,1.796422
TAP_TAPCELL_ROW_135_2257,VPWR,li1,211.8300,378.3860,1.796841
TAP_TAPCELL_ROW_135_2256,VPWR,li1,186.0700,378.3860,1.798307
TAP_TAPCELL_ROW_135_2255,VPWR,li1,160.3100,378.3860,1.798190
TAP_TAPCELL_ROW_135_2254,VPWR,li1,134.5500,378.3860,1.797432
TAP_TAPCELL_ROW_135_2253,VPWR,li1,108.7900,378.3860,1.797744
TAP_TAPCELL_ROW_135_2252,VPWR,li1,83.0300,378.3860,1.798169
TAP_TAPCELL_ROW_135_2251,VPWR,li1,57.2700,378.3860,1.798819
TAP_TAPCELL_ROW_135_2250,VPWR,li1,31.5100,378.3860,1.799513
TAP_TAPCELL_ROW_134_2249,VPWR,li1,379.2700,377.7730,1.799104
TAP_TAPCELL_ROW_134_2248,VPWR,li1,353.5100,377.7730,1.799104
TAP_TAPCELL_ROW_134_2247,VPWR,li1,327.7500,377.7730,1.798993
TAP_TAPCELL_ROW_134_2246,VPWR,li1,301.9900,377.7730,1.797048
TAP_TAPCELL_ROW_134_2245,VPWR,li1,276.2300,377.7730,1.796020
TAP_TAPCELL_ROW_134_2244,VPWR,li1,250.4700,377.7730,1.796303
TAP_TAPCELL_ROW_134_2243,VPWR,li1,224.7100,377.7730,1.796572
TAP_TAPCELL_ROW_134_2242,VPWR,li1,198.9500,377.7730,1.797529
TAP_TAPCELL_ROW_134_2241,VPWR,li1,173.1900,377.7730,1.798752
TAP_TAPCELL_ROW_134_2240,VPWR,li1,147.4300,377.7730,1.797694
TAP_TAPCELL_ROW_134_2239,VPWR,li1,121.6700,377.7730,1.797537
TAP_TAPCELL_ROW_134_2238,VPWR,li1,95.9100,377.7730,1.797951
TAP_TAPCELL_ROW_134_2237,VPWR,li1,70.1500,377.7730,1.798504
TAP_TAPCELL_ROW_134_2236,VPWR,li1,44.3900,377.7730,1.799146
TAP_TAPCELL_ROW_134_2235,VPWR,li1,18.6300,377.7730,1.799746
TAP_TAPCELL_ROW_133_2234,VPWR,li1,366.3900,372.9460,1.799630
TAP_TAPCELL_ROW_133_2233,VPWR,li1,340.6300,372.9460,1.799631
TAP_TAPCELL_ROW_133_2232,VPWR,li1,314.8700,372.9460,1.799153
TAP_TAPCELL_ROW_133_2231,VPWR,li1,289.1100,372.9460,1.798575
TAP_TAPCELL_ROW_133_2230,VPWR,li1,263.3500,372.9460,1.798196
TAP_TAPCELL_ROW_133_2229,VPWR,li1,237.5900,372.9460,1.798343
TAP_TAPCELL_ROW_133_2228,VPWR,li1,211.8300,372.9460,1.798554
TAP_TAPCELL_ROW_133_2227,VPWR,li1,186.0700,372.9460,1.799016
TAP_TAPCELL_ROW_133_2226,VPWR,li1,160.3100,372.9460,1.798639
TAP_TAPCELL_ROW_133_2225,VPWR,li1,134.5500,372.9460,1.798076
TAP_TAPCELL_ROW_133_2224,VPWR,li1,108.7900,372.9460,1.798155
TAP_TAPCELL_ROW_133_2223,VPWR,li1,83.0300,372.9460,1.798330
TAP_TAPCELL_ROW_133_2222,VPWR,li1,57.2700,372.9460,1.798862
TAP_TAPCELL_ROW_133_2221,VPWR,li1,31.5100,372.9460,1.799531
TAP_TAPCELL_ROW_132_2220,VPWR,li1,379.2700,372.3330,1.799630
TAP_TAPCELL_ROW_132_2219,VPWR,li1,353.5100,372.3330,1.799630
TAP_TAPCELL_ROW_132_2218,VPWR,li1,327.7500,372.3330,1.799566
TAP_TAPCELL_ROW_132_2217,VPWR,li1,301.9900,372.3330,1.798789
TAP_TAPCELL_ROW_132_2216,VPWR,li1,276.2300,372.3330,1.798352
TAP_TAPCELL_ROW_132_2215,VPWR,li1,250.4700,372.3330,1.798268
TAP_TAPCELL_ROW_132_2214,VPWR,li1,224.7100,372.3330,1.798434
TAP_TAPCELL_ROW_132_2213,VPWR,li1,198.9500,372.3330,1.798731
TAP_TAPCELL_ROW_132_2212,VPWR,li1,173.1900,372.3330,1.799053
TAP_TAPCELL_ROW_132_2211,VPWR,li1,147.4300,372.3330,1.798241
TAP_TAPCELL_ROW_132_2210,VPWR,li1,121.6700,372.3330,1.798074
TAP_TAPCELL_ROW_132_2209,VPWR,li1,95.9100,372.3330,1.798245
TAP_TAPCELL_ROW_132_2208,VPWR,li1,70.1500,372.3330,1.798573
TAP_TAPCELL_ROW_132_2207,VPWR,li1,44.3900,372.3330,1.799177
TAP_TAPCELL_ROW_132_2206,VPWR,li1,18.6300,372.3330,1.799756
TAP_TAPCELL_ROW_131_2205,VPWR,li1,366.3900,367.5060,1.799595
TAP_TAPCELL_ROW_131_2204,VPWR,li1,340.6300,367.5060,1.799595
TAP_TAPCELL_ROW_131_2203,VPWR,li1,314.8700,367.5060,1.799048
TAP_TAPCELL_ROW_131_2202,VPWR,li1,289.1100,367.5060,1.798110
TAP_TAPCELL_ROW_131_2201,VPWR,li1,263.3500,367.5060,1.797459
TAP_TAPCELL_ROW_131_2200,VPWR,li1,237.5900,367.5060,1.797126
TAP_TAPCELL_ROW_131_2199,VPWR,li1,211.8300,367.5060,1.797315
TAP_TAPCELL_ROW_131_2198,VPWR,li1,186.0700,367.5060,1.798511
TAP_TAPCELL_ROW_131_2197,VPWR,li1,160.3100,367.5060,1.798814
TAP_TAPCELL_ROW_131_2196,VPWR,li1,134.5500,367.5060,1.798514
TAP_TAPCELL_ROW_131_2195,VPWR,li1,108.7900,367.5060,1.798497
TAP_TAPCELL_ROW_131_2194,VPWR,li1,83.0300,367.5060,1.798694
TAP_TAPCELL_ROW_131_2193,VPWR,li1,57.2700,367.5060,1.799107
TAP_TAPCELL_ROW_131_2192,VPWR,li1,31.5100,367.5060,1.799632
TAP_TAPCELL_ROW_130_2191,VPWR,li1,379.2700,366.8930,1.799595
TAP_TAPCELL_ROW_130_2190,VPWR,li1,353.5100,366.8930,1.799595
TAP_TAPCELL_ROW_130_2189,VPWR,li1,327.7500,366.8930,1.799598
TAP_TAPCELL_ROW_130_2188,VPWR,li1,301.9900,366.8930,1.798561
TAP_TAPCELL_ROW_130_2187,VPWR,li1,276.2300,366.8930,1.797778
TAP_TAPCELL_ROW_130_2186,VPWR,li1,250.4700,366.8930,1.797296
TAP_TAPCELL_ROW_130_2185,VPWR,li1,224.7100,366.8930,1.797084
TAP_TAPCELL_ROW_130_2184,VPWR,li1,198.9500,366.8930,1.797874
TAP_TAPCELL_ROW_130_2183,VPWR,li1,173.1900,366.8930,1.799080
TAP_TAPCELL_ROW_130_2182,VPWR,li1,147.4300,366.8930,1.798639
TAP_TAPCELL_ROW_130_2181,VPWR,li1,121.6700,366.8930,1.798477
TAP_TAPCELL_ROW_130_2180,VPWR,li1,95.9100,366.8930,1.798574
TAP_TAPCELL_ROW_130_2179,VPWR,li1,70.1500,366.8930,1.798865
TAP_TAPCELL_ROW_130_2178,VPWR,li1,44.3900,366.8930,1.799354
TAP_TAPCELL_ROW_130_2177,VPWR,li1,18.6300,366.8930,1.799808
TAP_TAPCELL_ROW_129_2176,VPWR,li1,366.3900,362.0660,1.799781
TAP_TAPCELL_ROW_129_2175,VPWR,li1,340.6300,362.0660,1.799782
TAP_TAPCELL_ROW_129_2174,VPWR,li1,314.8700,362.0660,1.799518
TAP_TAPCELL_ROW_129_2173,VPWR,li1,289.1100,362.0660,1.798991
TAP_TAPCELL_ROW_129_2172,VPWR,li1,263.3500,362.0660,1.798744
TAP_TAPCELL_ROW_129_2171,VPWR,li1,237.5900,362.0660,1.798752
TAP_TAPCELL_ROW_129_2170,VPWR,li1,211.8300,362.0660,1.798930
TAP_TAPCELL_ROW_129_2169,VPWR,li1,186.0700,362.0660,1.799406
TAP_TAPCELL_ROW_129_2168,VPWR,li1,160.3100,362.0660,1.799464
TAP_TAPCELL_ROW_129_2167,VPWR,li1,134.5500,362.0660,1.799341
TAP_TAPCELL_ROW_129_2166,VPWR,li1,108.7900,362.0660,1.799336
TAP_TAPCELL_ROW_129_2165,VPWR,li1,83.0300,362.0660,1.799409
TAP_TAPCELL_ROW_129_2164,VPWR,li1,57.2700,362.0660,1.799540
TAP_TAPCELL_ROW_129_2163,VPWR,li1,31.5100,362.0660,1.799810
TAP_TAPCELL_ROW_128_2162,VPWR,li1,379.2700,361.4530,1.799781
TAP_TAPCELL_ROW_128_2161,VPWR,li1,353.5100,361.4530,1.799781
TAP_TAPCELL_ROW_128_2160,VPWR,li1,327.7500,361.4530,1.799786
TAP_TAPCELL_ROW_128_2159,VPWR,li1,301.9900,361.4530,1.799239
TAP_TAPCELL_ROW_128_2158,VPWR,li1,276.2300,361.4530,1.798847
TAP_TAPCELL_ROW_128_2157,VPWR,li1,250.4700,361.4530,1.798740
TAP_TAPCELL_ROW_128_2156,VPWR,li1,224.7100,361.4530,1.798806
TAP_TAPCELL_ROW_128_2155,VPWR,li1,198.9500,361.4530,1.799171
TAP_TAPCELL_ROW_128_2154,VPWR,li1,173.1900,361.4530,1.799593
TAP_TAPCELL_ROW_128_2153,VPWR,li1,147.4300,361.4530,1.799390
TAP_TAPCELL_ROW_128_2152,VPWR,li1,121.6700,361.4530,1.799325
TAP_TAPCELL_ROW_128_2151,VPWR,li1,95.9100,361.4530,1.799359
TAP_TAPCELL_ROW_128_2150,VPWR,li1,70.1500,361.4530,1.799458
TAP_TAPCELL_ROW_128_2149,VPWR,li1,44.3900,361.4530,1.799667
TAP_TAPCELL_ROW_128_2148,VPWR,li1,18.6300,361.4530,1.799901
TAP_TAPCELL_ROW_127_2147,VPWR,li1,366.3900,356.6260,1.799813
TAP_TAPCELL_ROW_127_2146,VPWR,li1,340.6300,356.6260,1.799817
TAP_TAPCELL_ROW_127_2145,VPWR,li1,314.8700,356.6260,1.799718
TAP_TAPCELL_ROW_127_2144,VPWR,li1,289.1100,356.6260,1.799532
TAP_TAPCELL_ROW_127_2143,VPWR,li1,263.3500,356.6260,1.799377
TAP_TAPCELL_ROW_127_2142,VPWR,li1,237.5900,356.6260,1.799354
TAP_TAPCELL_ROW_127_2141,VPWR,li1,211.8300,356.6260,1.799511
TAP_TAPCELL_ROW_127_2140,VPWR,li1,186.0700,356.6260,1.799748
TAP_TAPCELL_ROW_127_2139,VPWR,li1,160.3100,356.6260,1.799763
TAP_TAPCELL_ROW_127_2138,VPWR,li1,134.5500,356.6260,1.799709
TAP_TAPCELL_ROW_127_2137,VPWR,li1,108.7900,356.6260,1.799698
TAP_TAPCELL_ROW_127_2136,VPWR,li1,83.0300,356.6260,1.799732
TAP_TAPCELL_ROW_127_2135,VPWR,li1,57.2700,356.6260,1.799796
TAP_TAPCELL_ROW_127_2134,VPWR,li1,31.5100,356.6260,1.799914
TAP_TAPCELL_ROW_126_2133,VPWR,li1,379.2700,356.0130,1.799813
TAP_TAPCELL_ROW_126_2132,VPWR,li1,353.5100,356.0130,1.799813
TAP_TAPCELL_ROW_126_2131,VPWR,li1,327.7500,356.0130,1.799832
TAP_TAPCELL_ROW_126_2130,VPWR,li1,301.9900,356.0130,1.799610
TAP_TAPCELL_ROW_126_2129,VPWR,li1,276.2300,356.0130,1.799445
TAP_TAPCELL_ROW_126_2128,VPWR,li1,250.4700,356.0130,1.799355
TAP_TAPCELL_ROW_126_2127,VPWR,li1,224.7100,356.0130,1.799412
TAP_TAPCELL_ROW_126_2126,VPWR,li1,198.9500,356.0130,1.799621
TAP_TAPCELL_ROW_126_2125,VPWR,li1,173.1900,356.0130,1.799836
TAP_TAPCELL_ROW_126_2124,VPWR,li1,147.4300,356.0130,1.799722
TAP_TAPCELL_ROW_126_2123,VPWR,li1,121.6700,356.0130,1.799702
TAP_TAPCELL_ROW_126_2122,VPWR,li1,95.9100,356.0130,1.799706
TAP_TAPCELL_ROW_126_2121,VPWR,li1,70.1500,356.0130,1.799761
TAP_TAPCELL_ROW_126_2120,VPWR,li1,44.3900,356.0130,1.799848
TAP_TAPCELL_ROW_126_2119,VPWR,li1,18.6300,356.0130,1.799955
TAP_TAPCELL_ROW_125_2118,VPWR,li1,366.3900,351.1860,1.799580
TAP_TAPCELL_ROW_125_2117,VPWR,li1,340.6300,351.1860,1.799664
TAP_TAPCELL_ROW_125_2116,VPWR,li1,314.8700,351.1860,1.799535
TAP_TAPCELL_ROW_125_2115,VPWR,li1,289.1100,351.1860,1.799364
TAP_TAPCELL_ROW_125_2114,VPWR,li1,263.3500,351.1860,1.799380
TAP_TAPCELL_ROW_125_2113,VPWR,li1,237.5900,351.1860,1.799456
TAP_TAPCELL_ROW_125_2112,VPWR,li1,211.8300,351.1860,1.799616
TAP_TAPCELL_ROW_125_2111,VPWR,li1,186.0700,351.1860,1.799822
TAP_TAPCELL_ROW_125_2110,VPWR,li1,160.3100,351.1860,1.799890
TAP_TAPCELL_ROW_125_2109,VPWR,li1,134.5500,351.1860,1.799869
TAP_TAPCELL_ROW_125_2108,VPWR,li1,108.7900,351.1860,1.799860
TAP_TAPCELL_ROW_125_2107,VPWR,li1,83.0300,351.1860,1.799867
TAP_TAPCELL_ROW_125_2106,VPWR,li1,57.2700,351.1860,1.799886
TAP_TAPCELL_ROW_125_2105,VPWR,li1,31.5100,351.1860,1.799953
TAP_TAPCELL_ROW_124_2104,VPWR,li1,379.2700,350.5730,1.799572
TAP_TAPCELL_ROW_124_2103,VPWR,li1,353.5100,350.5730,1.799604
TAP_TAPCELL_ROW_124_2102,VPWR,li1,327.7500,350.5730,1.799715
TAP_TAPCELL_ROW_124_2101,VPWR,li1,301.9900,350.5730,1.799409
TAP_TAPCELL_ROW_124_2100,VPWR,li1,276.2300,350.5730,1.799366
TAP_TAPCELL_ROW_124_2099,VPWR,li1,250.4700,350.5730,1.799411
TAP_TAPCELL_ROW_124_2098,VPWR,li1,224.7100,350.5730,1.799519
TAP_TAPCELL_ROW_124_2097,VPWR,li1,198.9500,350.5730,1.799707
TAP_TAPCELL_ROW_124_2096,VPWR,li1,173.1900,350.5730,1.799903
TAP_TAPCELL_ROW_124_2095,VPWR,li1,147.4300,350.5730,1.799878
TAP_TAPCELL_ROW_124_2094,VPWR,li1,121.6700,350.5730,1.799863
TAP_TAPCELL_ROW_124_2093,VPWR,li1,95.9100,350.5730,1.799860
TAP_TAPCELL_ROW_124_2092,VPWR,li1,70.1500,350.5730,1.799874
TAP_TAPCELL_ROW_124_2091,VPWR,li1,44.3900,350.5730,1.799918
TAP_TAPCELL_ROW_124_2090,VPWR,li1,18.6300,350.5730,1.799976
TAP_TAPCELL_ROW_123_2089,VPWR,li1,366.3900,345.7460,1.799717
TAP_TAPCELL_ROW_123_2088,VPWR,li1,340.6300,345.7460,1.799755
TAP_TAPCELL_ROW_123_2087,VPWR,li1,314.8700,345.7460,1.799595
TAP_TAPCELL_ROW_123_2086,VPWR,li1,289.1100,345.7460,1.799400
TAP_TAPCELL_ROW_123_2085,VPWR,li1,263.3500,345.7460,1.799409
TAP_TAPCELL_ROW_123_2084,VPWR,li1,237.5900,345.7460,1.799538
TAP_TAPCELL_ROW_123_2083,VPWR,li1,211.8300,345.7460,1.799681
TAP_TAPCELL_ROW_123_2082,VPWR,li1,186.0700,345.7460,1.799843
TAP_TAPCELL_ROW_123_2081,VPWR,li1,160.3100,345.7460,1.799880
TAP_TAPCELL_ROW_123_2080,VPWR,li1,134.5500,345.7460,1.799837
TAP_TAPCELL_ROW_123_2079,VPWR,li1,108.7900,345.7460,1.799806
TAP_TAPCELL_ROW_123_2078,VPWR,li1,83.0300,345.7460,1.799801
TAP_TAPCELL_ROW_123_2077,VPWR,li1,57.2700,345.7460,1.799841
TAP_TAPCELL_ROW_123_2076,VPWR,li1,31.5100,345.7460,1.799934
TAP_TAPCELL_ROW_122_2075,VPWR,li1,379.2700,345.1330,1.799707
TAP_TAPCELL_ROW_122_2074,VPWR,li1,353.5100,345.1330,1.799726
TAP_TAPCELL_ROW_122_2073,VPWR,li1,327.7500,345.1330,1.799760
TAP_TAPCELL_ROW_122_2072,VPWR,li1,301.9900,345.1330,1.799462
TAP_TAPCELL_ROW_122_2071,VPWR,li1,276.2300,345.1330,1.799394
TAP_TAPCELL_ROW_122_2070,VPWR,li1,250.4700,345.1330,1.799472
TAP_TAPCELL_ROW_122_2069,VPWR,li1,224.7100,345.1330,1.799609
TAP_TAPCELL_ROW_122_2068,VPWR,li1,198.9500,345.1330,1.799758
TAP_TAPCELL_ROW_122_2067,VPWR,li1,173.1900,345.1330,1.799905
TAP_TAPCELL_ROW_122_2066,VPWR,li1,147.4300,345.1330,1.799857
TAP_TAPCELL_ROW_122_2065,VPWR,li1,121.6700,345.1330,1.799820
TAP_TAPCELL_ROW_122_2064,VPWR,li1,95.9100,345.1330,1.799799
TAP_TAPCELL_ROW_122_2063,VPWR,li1,70.1500,345.1330,1.799809
TAP_TAPCELL_ROW_122_2062,VPWR,li1,44.3900,345.1330,1.799884
TAP_TAPCELL_ROW_122_2061,VPWR,li1,18.6300,345.1330,1.799965
TAP_TAPCELL_ROW_121_2060,VPWR,li1,366.3900,340.3060,1.799830
TAP_TAPCELL_ROW_121_2059,VPWR,li1,340.6300,340.3060,1.799877
TAP_TAPCELL_ROW_121_2058,VPWR,li1,314.8700,340.3060,1.799882
TAP_TAPCELL_ROW_121_2057,VPWR,li1,289.1100,340.3060,1.799816
TAP_TAPCELL_ROW_121_2056,VPWR,li1,263.3500,340.3060,1.799813
TAP_TAPCELL_ROW_121_2055,VPWR,li1,237.5900,340.3060,1.799828
TAP_TAPCELL_ROW_121_2054,VPWR,li1,211.8300,340.3060,1.799848
TAP_TAPCELL_ROW_121_2053,VPWR,li1,186.0700,340.3060,1.799886
TAP_TAPCELL_ROW_121_2052,VPWR,li1,160.3100,340.3060,1.799785
TAP_TAPCELL_ROW_121_2051,VPWR,li1,134.5500,340.3060,1.799689
TAP_TAPCELL_ROW_121_2050,VPWR,li1,108.7900,340.3060,1.799707
TAP_TAPCELL_ROW_121_2049,VPWR,li1,83.0300,340.3060,1.799760
TAP_TAPCELL_ROW_121_2048,VPWR,li1,57.2700,340.3060,1.799833
TAP_TAPCELL_ROW_121_2047,VPWR,li1,31.5100,340.3060,1.799928
TAP_TAPCELL_ROW_120_2046,VPWR,li1,379.2700,339.6930,1.799821
TAP_TAPCELL_ROW_120_2045,VPWR,li1,353.5100,339.6930,1.799845
TAP_TAPCELL_ROW_120_2044,VPWR,li1,327.7500,339.6930,1.799920
TAP_TAPCELL_ROW_120_2043,VPWR,li1,301.9900,339.6930,1.799848
TAP_TAPCELL_ROW_120_2042,VPWR,li1,276.2300,339.6930,1.799810
TAP_TAPCELL_ROW_120_2041,VPWR,li1,250.4700,339.6930,1.799818
TAP_TAPCELL_ROW_120_2040,VPWR,li1,224.7100,339.6930,1.799837
TAP_TAPCELL_ROW_120_2039,VPWR,li1,198.9500,339.6930,1.799866
TAP_TAPCELL_ROW_120_2038,VPWR,li1,173.1900,339.6930,1.799885
TAP_TAPCELL_ROW_120_2037,VPWR,li1,147.4300,339.6930,1.799728
TAP_TAPCELL_ROW_120_2036,VPWR,li1,121.6700,339.6930,1.799685
TAP_TAPCELL_ROW_120_2035,VPWR,li1,95.9100,339.6930,1.799729
TAP_TAPCELL_ROW_120_2034,VPWR,li1,70.1500,339.6930,1.799790
TAP_TAPCELL_ROW_120_2033,VPWR,li1,44.3900,339.6930,1.799875
TAP_TAPCELL_ROW_120_2032,VPWR,li1,18.6300,339.6930,1.799962
TAP_TAPCELL_ROW_119_2031,VPWR,li1,366.3900,334.8660,1.799891
TAP_TAPCELL_ROW_119_2030,VPWR,li1,340.6300,334.8660,1.799923
TAP_TAPCELL_ROW_119_2029,VPWR,li1,314.8700,334.8660,1.799883
TAP_TAPCELL_ROW_119_2028,VPWR,li1,289.1100,334.8660,1.799796
TAP_TAPCELL_ROW_119_2027,VPWR,li1,263.3500,334.8660,1.799716
TAP_TAPCELL_ROW_119_2026,VPWR,li1,237.5900,334.8660,1.799651
TAP_TAPCELL_ROW_119_2025,VPWR,li1,211.8300,334.8660,1.799620
TAP_TAPCELL_ROW_119_2024,VPWR,li1,186.0700,334.8660,1.799746
TAP_TAPCELL_ROW_119_2023,VPWR,li1,160.3100,334.8660,1.799825
TAP_TAPCELL_ROW_119_2022,VPWR,li1,134.5500,334.8660,1.799812
TAP_TAPCELL_ROW_119_2021,VPWR,li1,108.7900,334.8660,1.799818
TAP_TAPCELL_ROW_119_2020,VPWR,li1,83.0300,334.8660,1.799839
TAP_TAPCELL_ROW_119_2019,VPWR,li1,57.2700,334.8660,1.799873
TAP_TAPCELL_ROW_119_2018,VPWR,li1,31.5100,334.8660,1.799946
TAP_TAPCELL_ROW_118_2017,VPWR,li1,379.2700,334.2530,1.799885
TAP_TAPCELL_ROW_118_2016,VPWR,li1,353.5100,334.2530,1.799903
TAP_TAPCELL_ROW_118_2015,VPWR,li1,327.7500,334.2530,1.799934
TAP_TAPCELL_ROW_118_2014,VPWR,li1,301.9900,334.2530,1.799841
TAP_TAPCELL_ROW_118_2013,VPWR,li1,276.2300,334.2530,1.799755
TAP_TAPCELL_ROW_118_2012,VPWR,li1,250.4700,334.2530,1.799680
TAP_TAPCELL_ROW_118_2011,VPWR,li1,224.7100,334.2530,1.799622
TAP_TAPCELL_ROW_118_2010,VPWR,li1,198.9500,334.2530,1.799679
TAP_TAPCELL_ROW_118_2009,VPWR,li1,173.1900,334.2530,1.799853
TAP_TAPCELL_ROW_118_2008,VPWR,li1,147.4300,334.2530,1.799812
TAP_TAPCELL_ROW_118_2007,VPWR,li1,121.6700,334.2530,1.799815
TAP_TAPCELL_ROW_118_2006,VPWR,li1,95.9100,334.2530,1.799827
TAP_TAPCELL_ROW_118_2005,VPWR,li1,70.1500,334.2530,1.799853
TAP_TAPCELL_ROW_118_2004,VPWR,li1,44.3900,334.2530,1.799905
TAP_TAPCELL_ROW_118_2003,VPWR,li1,18.6300,334.2530,1.799972
TAP_TAPCELL_ROW_117_2002,VPWR,li1,366.3900,329.4260,1.799849
TAP_TAPCELL_ROW_117_2001,VPWR,li1,340.6300,329.4260,1.799898
TAP_TAPCELL_ROW_117_2000,VPWR,li1,314.8700,329.4260,1.799866
TAP_TAPCELL_ROW_117_1999,VPWR,li1,289.1100,329.4260,1.799762
TAP_TAPCELL_ROW_117_1998,VPWR,li1,263.3500,329.4260,1.799676
TAP_TAPCELL_ROW_117_1997,VPWR,li1,237.5900,329.4260,1.799686
TAP_TAPCELL_ROW_117_1996,VPWR,li1,211.8300,329.4260,1.799761
TAP_TAPCELL_ROW_117_1995,VPWR,li1,186.0700,329.4260,1.799874
TAP_TAPCELL_ROW_117_1994,VPWR,li1,160.3100,329.4260,1.799904
TAP_TAPCELL_ROW_117_1993,VPWR,li1,134.5500,329.4260,1.799878
TAP_TAPCELL_ROW_117_1992,VPWR,li1,108.7900,329.4260,1.799865
TAP_TAPCELL_ROW_117_1991,VPWR,li1,83.0300,329.4260,1.799858
TAP_TAPCELL_ROW_117_1990,VPWR,li1,57.2700,329.4260,1.799872
TAP_TAPCELL_ROW_117_1989,VPWR,li1,31.5100,329.4260,1.799944
TAP_TAPCELL_ROW_116_1988,VPWR,li1,379.2700,328.8130,1.799835
TAP_TAPCELL_ROW_116_1987,VPWR,li1,353.5100,328.8130,1.799871
TAP_TAPCELL_ROW_116_1986,VPWR,li1,327.7500,328.8130,1.799921
TAP_TAPCELL_ROW_116_1985,VPWR,li1,301.9900,328.8130,1.799818
TAP_TAPCELL_ROW_116_1984,VPWR,li1,276.2300,328.8130,1.799717
TAP_TAPCELL_ROW_116_1983,VPWR,li1,250.4700,328.8130,1.799671
TAP_TAPCELL_ROW_116_1982,VPWR,li1,224.7100,328.8130,1.799710
TAP_TAPCELL_ROW_116_1981,VPWR,li1,198.9500,328.8130,1.799817
TAP_TAPCELL_ROW_116_1980,VPWR,li1,173.1900,328.8130,1.799924
TAP_TAPCELL_ROW_116_1979,VPWR,li1,147.4300,328.8130,1.799888
TAP_TAPCELL_ROW_116_1978,VPWR,li1,121.6700,328.8130,1.799871
TAP_TAPCELL_ROW_116_1977,VPWR,li1,95.9100,328.8130,1.799860
TAP_TAPCELL_ROW_116_1976,VPWR,li1,70.1500,328.8130,1.799859
TAP_TAPCELL_ROW_116_1975,VPWR,li1,44.3900,328.8130,1.799903
TAP_TAPCELL_ROW_116_1974,VPWR,li1,18.6300,328.8130,1.799971
TAP_TAPCELL_ROW_115_1973,VPWR,li1,366.3900,323.9860,1.799864
TAP_TAPCELL_ROW_115_1972,VPWR,li1,340.6300,323.9860,1.799895
TAP_TAPCELL_ROW_115_1971,VPWR,li1,314.8700,323.9860,1.799849
TAP_TAPCELL_ROW_115_1970,VPWR,li1,289.1100,323.9860,1.799754
TAP_TAPCELL_ROW_115_1969,VPWR,li1,263.3500,323.9860,1.799714
TAP_TAPCELL_ROW_115_1968,VPWR,li1,237.5900,323.9860,1.799699
TAP_TAPCELL_ROW_115_1967,VPWR,li1,211.8300,323.9860,1.799719
TAP_TAPCELL_ROW_115_1966,VPWR,li1,186.0700,323.9860,1.799835
TAP_TAPCELL_ROW_115_1965,VPWR,li1,160.3100,323.9860,1.799855
TAP_TAPCELL_ROW_115_1964,VPWR,li1,134.5500,323.9860,1.799840
TAP_TAPCELL_ROW_115_1963,VPWR,li1,108.7900,323.9860,1.799848
TAP_TAPCELL_ROW_115_1962,VPWR,li1,83.0300,323.9860,1.799867
TAP_TAPCELL_ROW_115_1961,VPWR,li1,57.2700,323.9860,1.799906
TAP_TAPCELL_ROW_115_1960,VPWR,li1,31.5100,323.9860,1.799960
TAP_TAPCELL_ROW_114_1959,VPWR,li1,379.2700,323.3730,1.799855
TAP_TAPCELL_ROW_114_1958,VPWR,li1,353.5100,323.3730,1.799879
TAP_TAPCELL_ROW_114_1957,VPWR,li1,327.7500,323.3730,1.799917
TAP_TAPCELL_ROW_114_1956,VPWR,li1,301.9900,323.3730,1.799793
TAP_TAPCELL_ROW_114_1955,VPWR,li1,276.2300,323.3730,1.799730
TAP_TAPCELL_ROW_114_1954,VPWR,li1,250.4700,323.3730,1.799702
TAP_TAPCELL_ROW_114_1953,VPWR,li1,224.7100,323.3730,1.799700
TAP_TAPCELL_ROW_114_1952,VPWR,li1,198.9500,323.3730,1.799764
TAP_TAPCELL_ROW_114_1951,VPWR,li1,173.1900,323.3730,1.799889
TAP_TAPCELL_ROW_114_1950,VPWR,li1,147.4300,323.3730,1.799840
TAP_TAPCELL_ROW_114_1949,VPWR,li1,121.6700,323.3730,1.799843
TAP_TAPCELL_ROW_114_1948,VPWR,li1,95.9100,323.3730,1.799857
TAP_TAPCELL_ROW_114_1947,VPWR,li1,70.1500,323.3730,1.799886
TAP_TAPCELL_ROW_114_1946,VPWR,li1,44.3900,323.3730,1.799931
TAP_TAPCELL_ROW_114_1945,VPWR,li1,18.6300,323.3730,1.799979
TAP_TAPCELL_ROW_113_1944,VPWR,li1,366.3900,318.5460,1.799933
TAP_TAPCELL_ROW_113_1943,VPWR,li1,340.6300,318.5460,1.799934
TAP_TAPCELL_ROW_113_1942,VPWR,li1,314.8700,318.5460,1.799876
TAP_TAPCELL_ROW_113_1941,VPWR,li1,289.1100,318.5460,1.799792
TAP_TAPCELL_ROW_113_1940,VPWR,li1,263.3500,318.5460,1.799743
TAP_TAPCELL_ROW_113_1939,VPWR,li1,237.5900,318.5460,1.799732
TAP_TAPCELL_ROW_113_1938,VPWR,li1,211.8300,318.5460,1.799756
TAP_TAPCELL_ROW_113_1937,VPWR,li1,186.0700,318.5460,1.799868
TAP_TAPCELL_ROW_113_1936,VPWR,li1,160.3100,318.5460,1.799861
TAP_TAPCELL_ROW_113_1935,VPWR,li1,134.5500,318.5460,1.799819
TAP_TAPCELL_ROW_113_1934,VPWR,li1,108.7900,318.5460,1.799800
TAP_TAPCELL_ROW_113_1933,VPWR,li1,83.0300,318.5460,1.799800
TAP_TAPCELL_ROW_113_1932,VPWR,li1,57.2700,318.5460,1.799848
TAP_TAPCELL_ROW_113_1931,VPWR,li1,31.5100,318.5460,1.799933
TAP_TAPCELL_ROW_112_1930,VPWR,li1,379.2700,317.9330,1.799933
TAP_TAPCELL_ROW_112_1929,VPWR,li1,353.5100,317.9330,1.799933
TAP_TAPCELL_ROW_112_1928,VPWR,li1,327.7500,317.9330,1.799941
TAP_TAPCELL_ROW_112_1927,VPWR,li1,301.9900,317.9330,1.799828
TAP_TAPCELL_ROW_112_1926,VPWR,li1,276.2300,317.9330,1.799763
TAP_TAPCELL_ROW_112_1925,VPWR,li1,250.4700,317.9330,1.799735
TAP_TAPCELL_ROW_112_1924,VPWR,li1,224.7100,317.9330,1.799736
TAP_TAPCELL_ROW_112_1923,VPWR,li1,198.9500,317.9330,1.799810
TAP_TAPCELL_ROW_112_1922,VPWR,li1,173.1900,317.9330,1.799902
TAP_TAPCELL_ROW_112_1921,VPWR,li1,147.4300,317.9330,1.799834
TAP_TAPCELL_ROW_112_1920,VPWR,li1,121.6700,317.9330,1.799806
TAP_TAPCELL_ROW_112_1919,VPWR,li1,95.9100,317.9330,1.799797
TAP_TAPCELL_ROW_112_1918,VPWR,li1,70.1500,317.9330,1.799812
TAP_TAPCELL_ROW_112_1917,VPWR,li1,44.3900,317.9330,1.799886
TAP_TAPCELL_ROW_112_1916,VPWR,li1,18.6300,317.9330,1.799965
TAP_TAPCELL_ROW_111_1915,VPWR,li1,366.3900,313.1060,1.799960
TAP_TAPCELL_ROW_111_1914,VPWR,li1,340.6300,313.1060,1.799960
TAP_TAPCELL_ROW_111_1913,VPWR,li1,314.8700,313.1060,1.799924
TAP_TAPCELL_ROW_111_1912,VPWR,li1,289.1100,313.1060,1.799880
TAP_TAPCELL_ROW_111_1911,VPWR,li1,263.3500,313.1060,1.799850
TAP_TAPCELL_ROW_111_1910,VPWR,li1,237.5900,313.1060,1.799831
TAP_TAPCELL_ROW_111_1909,VPWR,li1,211.8300,313.1060,1.799833
TAP_TAPCELL_ROW_111_1908,VPWR,li1,186.0700,313.1060,1.799877
TAP_TAPCELL_ROW_111_1907,VPWR,li1,160.3100,313.1060,1.799864
TAP_TAPCELL_ROW_111_1906,VPWR,li1,134.5500,313.1060,1.799779
TAP_TAPCELL_ROW_111_1905,VPWR,li1,108.7900,313.1060,1.799775
TAP_TAPCELL_ROW_111_1904,VPWR,li1,83.0300,313.1060,1.799816
TAP_TAPCELL_ROW_111_1903,VPWR,li1,57.2700,313.1060,1.799876
TAP_TAPCELL_ROW_111_1902,VPWR,li1,31.5100,313.1060,1.799945
TAP_TAPCELL_ROW_110_1901,VPWR,li1,379.2700,312.4930,1.799960
TAP_TAPCELL_ROW_110_1900,VPWR,li1,353.5100,312.4930,1.799960
TAP_TAPCELL_ROW_110_1899,VPWR,li1,327.7500,312.4930,1.799963
TAP_TAPCELL_ROW_110_1898,VPWR,li1,301.9900,312.4930,1.799897
TAP_TAPCELL_ROW_110_1897,VPWR,li1,276.2300,312.4930,1.799864
TAP_TAPCELL_ROW_110_1896,VPWR,li1,250.4700,312.4930,1.799839
TAP_TAPCELL_ROW_110_1895,VPWR,li1,224.7100,312.4930,1.799827
TAP_TAPCELL_ROW_110_1894,VPWR,li1,198.9500,312.4930,1.799852
TAP_TAPCELL_ROW_110_1893,VPWR,li1,173.1900,312.4930,1.799908
TAP_TAPCELL_ROW_110_1892,VPWR,li1,147.4300,312.4930,1.799813
TAP_TAPCELL_ROW_110_1891,VPWR,li1,121.6700,312.4930,1.799764
TAP_TAPCELL_ROW_110_1890,VPWR,li1,95.9100,312.4930,1.799787
TAP_TAPCELL_ROW_110_1889,VPWR,li1,70.1500,312.4930,1.799840
TAP_TAPCELL_ROW_110_1888,VPWR,li1,44.3900,312.4930,1.799908
TAP_TAPCELL_ROW_110_1887,VPWR,li1,18.6300,312.4930,1.799971
TAP_TAPCELL_ROW_109_1886,VPWR,li1,366.3900,307.6660,1.799866
TAP_TAPCELL_ROW_109_1885,VPWR,li1,340.6300,307.6660,1.799866
TAP_TAPCELL_ROW_109_1884,VPWR,li1,314.8700,307.6660,1.799787
TAP_TAPCELL_ROW_109_1883,VPWR,li1,289.1100,307.6660,1.799657
TAP_TAPCELL_ROW_109_1882,VPWR,li1,263.3500,307.6660,1.799639
TAP_TAPCELL_ROW_109_1881,VPWR,li1,237.5900,307.6660,1.799644
TAP_TAPCELL_ROW_109_1880,VPWR,li1,211.8300,307.6660,1.799737
TAP_TAPCELL_ROW_109_1879,VPWR,li1,186.0700,307.6660,1.799877
TAP_TAPCELL_ROW_109_1878,VPWR,li1,160.3100,307.6660,1.799911
TAP_TAPCELL_ROW_109_1877,VPWR,li1,134.5500,307.6660,1.799897
TAP_TAPCELL_ROW_109_1876,VPWR,li1,108.7900,307.6660,1.799890
TAP_TAPCELL_ROW_109_1875,VPWR,li1,83.0300,307.6660,1.799896
TAP_TAPCELL_ROW_109_1874,VPWR,li1,57.2700,307.6660,1.799922
TAP_TAPCELL_ROW_109_1873,VPWR,li1,31.5100,307.6660,1.799966
TAP_TAPCELL_ROW_108_1872,VPWR,li1,379.2700,307.0530,1.799866
TAP_TAPCELL_ROW_108_1871,VPWR,li1,353.5100,307.0530,1.799866
TAP_TAPCELL_ROW_108_1870,VPWR,li1,327.7500,307.0530,1.799892
TAP_TAPCELL_ROW_108_1869,VPWR,li1,301.9900,307.0530,1.799701
TAP_TAPCELL_ROW_108_1868,VPWR,li1,276.2300,307.0530,1.799645
TAP_TAPCELL_ROW_108_1867,VPWR,li1,250.4700,307.0530,1.799640
TAP_TAPCELL_ROW_108_1866,VPWR,li1,224.7100,307.0530,1.799673
TAP_TAPCELL_ROW_108_1865,VPWR,li1,198.9500,307.0530,1.799808
TAP_TAPCELL_ROW_108_1864,VPWR,li1,173.1900,307.0530,1.799927
TAP_TAPCELL_ROW_108_1863,VPWR,li1,147.4300,307.0530,1.799901
TAP_TAPCELL_ROW_108_1862,VPWR,li1,121.6700,307.0530,1.799893
TAP_TAPCELL_ROW_108_1861,VPWR,li1,95.9100,307.0530,1.799890
TAP_TAPCELL_ROW_108_1860,VPWR,li1,70.1500,307.0530,1.799909
TAP_TAPCELL_ROW_108_1859,VPWR,li1,44.3900,307.0530,1.799943
TAP_TAPCELL_ROW_108_1858,VPWR,li1,18.6300,307.0530,1.799982
TAP_TAPCELL_ROW_107_1857,VPWR,li1,366.3900,302.2260,1.799977
TAP_TAPCELL_ROW_107_1856,VPWR,li1,340.6300,302.2260,1.799977
TAP_TAPCELL_ROW_107_1855,VPWR,li1,314.8700,302.2260,1.799950
TAP_TAPCELL_ROW_107_1854,VPWR,li1,289.1100,302.2260,1.799911
TAP_TAPCELL_ROW_107_1853,VPWR,li1,263.3500,302.2260,1.799886
TAP_TAPCELL_ROW_107_1852,VPWR,li1,237.5900,302.2260,1.799873
TAP_TAPCELL_ROW_107_1851,VPWR,li1,211.8300,302.2260,1.799885
TAP_TAPCELL_ROW_107_1850,VPWR,li1,186.0700,302.2260,1.799928
TAP_TAPCELL_ROW_107_1849,VPWR,li1,160.3100,302.2260,1.799917
TAP_TAPCELL_ROW_107_1848,VPWR,li1,134.5500,302.2260,1.799873
TAP_TAPCELL_ROW_107_1847,VPWR,li1,108.7900,302.2260,1.799858
TAP_TAPCELL_ROW_107_1846,VPWR,li1,83.0300,302.2260,1.799876
TAP_TAPCELL_ROW_107_1845,VPWR,li1,57.2700,302.2260,1.799911
TAP_TAPCELL_ROW_107_1844,VPWR,li1,31.5100,302.2260,1.799962
TAP_TAPCELL_ROW_106_1843,VPWR,li1,379.2700,301.6130,1.799977
TAP_TAPCELL_ROW_106_1842,VPWR,li1,353.5100,301.6130,1.799977
TAP_TAPCELL_ROW_106_1841,VPWR,li1,327.7500,301.6130,1.799973
TAP_TAPCELL_ROW_106_1840,VPWR,li1,301.9900,301.6130,1.799927
TAP_TAPCELL_ROW_106_1839,VPWR,li1,276.2300,301.6130,1.799898
TAP_TAPCELL_ROW_106_1838,VPWR,li1,250.4700,301.6130,1.799878
TAP_TAPCELL_ROW_106_1837,VPWR,li1,224.7100,301.6130,1.799872
TAP_TAPCELL_ROW_106_1836,VPWR,li1,198.9500,301.6130,1.799908
TAP_TAPCELL_ROW_106_1835,VPWR,li1,173.1900,301.6130,1.799943
TAP_TAPCELL_ROW_106_1834,VPWR,li1,147.4300,301.6130,1.799892
TAP_TAPCELL_ROW_106_1833,VPWR,li1,121.6700,301.6130,1.799859
TAP_TAPCELL_ROW_106_1832,VPWR,li1,95.9100,301.6130,1.799863
TAP_TAPCELL_ROW_106_1831,VPWR,li1,70.1500,301.6130,1.799892
TAP_TAPCELL_ROW_106_1830,VPWR,li1,44.3900,301.6130,1.799934
TAP_TAPCELL_ROW_106_1829,VPWR,li1,18.6300,301.6130,1.799980
TAP_TAPCELL_ROW_105_1828,VPWR,li1,366.3900,296.7860,1.799986
TAP_TAPCELL_ROW_105_1827,VPWR,li1,340.6300,296.7860,1.799986
TAP_TAPCELL_ROW_105_1826,VPWR,li1,314.8700,296.7860,1.799965
TAP_TAPCELL_ROW_105_1825,VPWR,li1,289.1100,296.7860,1.799930
TAP_TAPCELL_ROW_105_1824,VPWR,li1,263.3500,296.7860,1.799902
TAP_TAPCELL_ROW_105_1823,VPWR,li1,237.5900,296.7860,1.799890
TAP_TAPCELL_ROW_105_1822,VPWR,li1,211.8300,296.7860,1.799899
TAP_TAPCELL_ROW_105_1821,VPWR,li1,186.0700,296.7860,1.799930
TAP_TAPCELL_ROW_105_1820,VPWR,li1,160.3100,296.7860,1.799917
TAP_TAPCELL_ROW_105_1819,VPWR,li1,134.5500,296.7860,1.799884
TAP_TAPCELL_ROW_105_1818,VPWR,li1,108.7900,296.7860,1.799869
TAP_TAPCELL_ROW_105_1817,VPWR,li1,83.0300,296.7860,1.799875
TAP_TAPCELL_ROW_105_1816,VPWR,li1,57.2700,296.7860,1.799903
TAP_TAPCELL_ROW_105_1815,VPWR,li1,31.5100,296.7860,1.799957
TAP_TAPCELL_ROW_104_1814,VPWR,li1,379.2700,296.1730,1.799986
TAP_TAPCELL_ROW_104_1813,VPWR,li1,353.5100,296.1730,1.799986
TAP_TAPCELL_ROW_104_1812,VPWR,li1,327.7500,296.1730,1.799986
TAP_TAPCELL_ROW_104_1811,VPWR,li1,301.9900,296.1730,1.799946
TAP_TAPCELL_ROW_104_1810,VPWR,li1,276.2300,296.1730,1.799915
TAP_TAPCELL_ROW_104_1809,VPWR,li1,250.4700,296.1730,1.799893
TAP_TAPCELL_ROW_104_1808,VPWR,li1,224.7100,296.1730,1.799891
TAP_TAPCELL_ROW_104_1807,VPWR,li1,198.9500,296.1730,1.799911
TAP_TAPCELL_ROW_104_1806,VPWR,li1,173.1900,296.1730,1.799946
TAP_TAPCELL_ROW_104_1805,VPWR,li1,147.4300,296.1730,1.799897
TAP_TAPCELL_ROW_104_1804,VPWR,li1,121.6700,296.1730,1.799873
TAP_TAPCELL_ROW_104_1803,VPWR,li1,95.9100,296.1730,1.799869
TAP_TAPCELL_ROW_104_1802,VPWR,li1,70.1500,296.1730,1.799886
TAP_TAPCELL_ROW_104_1801,VPWR,li1,44.3900,296.1730,1.799926
TAP_TAPCELL_ROW_104_1800,VPWR,li1,18.6300,296.1730,1.799977
TAP_TAPCELL_ROW_103_1799,VPWR,li1,366.3900,291.3460,1.799987
TAP_TAPCELL_ROW_103_1798,VPWR,li1,340.6300,291.3460,1.799987
TAP_TAPCELL_ROW_103_1797,VPWR,li1,314.8700,291.3460,1.799976
TAP_TAPCELL_ROW_103_1796,VPWR,li1,289.1100,291.3460,1.799961
TAP_TAPCELL_ROW_103_1795,VPWR,li1,263.3500,291.3460,1.799954
TAP_TAPCELL_ROW_103_1794,VPWR,li1,237.5900,291.3460,1.799951
TAP_TAPCELL_ROW_103_1793,VPWR,li1,211.8300,291.3460,1.799956
TAP_TAPCELL_ROW_103_1792,VPWR,li1,186.0700,291.3460,1.799970
TAP_TAPCELL_ROW_103_1791,VPWR,li1,160.3100,291.3460,1.799967
TAP_TAPCELL_ROW_103_1790,VPWR,li1,134.5500,291.3460,1.799949
TAP_TAPCELL_ROW_103_1789,VPWR,li1,108.7900,291.3460,1.799947
TAP_TAPCELL_ROW_103_1788,VPWR,li1,83.0300,291.3460,1.799952
TAP_TAPCELL_ROW_103_1787,VPWR,li1,57.2700,291.3460,1.799966
TAP_TAPCELL_ROW_103_1786,VPWR,li1,31.5100,291.3460,1.799985
TAP_TAPCELL_ROW_102_1785,VPWR,li1,379.2700,290.7330,1.799987
TAP_TAPCELL_ROW_102_1784,VPWR,li1,353.5100,290.7330,1.799987
TAP_TAPCELL_ROW_102_1783,VPWR,li1,327.7500,290.7330,1.799987
TAP_TAPCELL_ROW_102_1782,VPWR,li1,301.9900,290.7330,1.799967
TAP_TAPCELL_ROW_102_1781,VPWR,li1,276.2300,290.7330,1.799956
TAP_TAPCELL_ROW_102_1780,VPWR,li1,250.4700,290.7330,1.799951
TAP_TAPCELL_ROW_102_1779,VPWR,li1,224.7100,290.7330,1.799952
TAP_TAPCELL_ROW_102_1778,VPWR,li1,198.9500,290.7330,1.799961
TAP_TAPCELL_ROW_102_1777,VPWR,li1,173.1900,290.7330,1.799977
TAP_TAPCELL_ROW_102_1776,VPWR,li1,147.4300,290.7330,1.799957
TAP_TAPCELL_ROW_102_1775,VPWR,li1,121.6700,290.7330,1.799946
TAP_TAPCELL_ROW_102_1774,VPWR,li1,95.9100,290.7330,1.799949
TAP_TAPCELL_ROW_102_1773,VPWR,li1,70.1500,290.7330,1.799958
TAP_TAPCELL_ROW_102_1772,VPWR,li1,44.3900,290.7330,1.799975
TAP_TAPCELL_ROW_102_1771,VPWR,li1,18.6300,290.7330,1.799992
TAP_TAPCELL_ROW_101_1770,VPWR,li1,366.3900,285.9060,1.799836
TAP_TAPCELL_ROW_101_1769,VPWR,li1,340.6300,285.9060,1.799853
TAP_TAPCELL_ROW_101_1768,VPWR,li1,314.8700,285.9060,1.799685
TAP_TAPCELL_ROW_101_1767,VPWR,li1,289.1100,285.9060,1.799405
TAP_TAPCELL_ROW_101_1766,VPWR,li1,263.3500,285.9060,1.799120
TAP_TAPCELL_ROW_101_1765,VPWR,li1,237.5900,285.9060,1.798868
TAP_TAPCELL_ROW_101_1764,VPWR,li1,211.8300,285.9060,1.799062
TAP_TAPCELL_ROW_101_1763,VPWR,li1,186.0700,285.9060,1.799425
TAP_TAPCELL_ROW_101_1762,VPWR,li1,160.3100,285.9060,1.799176
TAP_TAPCELL_ROW_101_1761,VPWR,li1,134.5500,285.9060,1.798769
TAP_TAPCELL_ROW_101_1760,VPWR,li1,108.7900,285.9060,1.798950
TAP_TAPCELL_ROW_101_1759,VPWR,li1,83.0300,285.9060,1.799190
TAP_TAPCELL_ROW_101_1758,VPWR,li1,57.2700,285.9060,1.799471
TAP_TAPCELL_ROW_101_1757,VPWR,li1,31.5100,285.9060,1.799777
TAP_TAPCELL_ROW_100_1756,VPWR,li1,379.2700,285.2930,1.799826
TAP_TAPCELL_ROW_100_1755,VPWR,li1,353.5100,285.2930,1.799844
TAP_TAPCELL_ROW_100_1754,VPWR,li1,327.7500,285.2930,1.799843
TAP_TAPCELL_ROW_100_1753,VPWR,li1,301.9900,285.2930,1.799537
TAP_TAPCELL_ROW_100_1752,VPWR,li1,276.2300,285.2930,1.799260
TAP_TAPCELL_ROW_100_1751,VPWR,li1,250.4700,285.2930,1.798984
TAP_TAPCELL_ROW_100_1750,VPWR,li1,224.7100,285.2930,1.798885
TAP_TAPCELL_ROW_100_1749,VPWR,li1,198.9500,285.2930,1.799233
TAP_TAPCELL_ROW_100_1748,VPWR,li1,173.1900,285.2930,1.799527
TAP_TAPCELL_ROW_100_1747,VPWR,li1,147.4300,285.2930,1.798882
TAP_TAPCELL_ROW_100_1746,VPWR,li1,121.6700,285.2930,1.798836
TAP_TAPCELL_ROW_100_1745,VPWR,li1,95.9100,285.2930,1.799064
TAP_TAPCELL_ROW_100_1744,VPWR,li1,70.1500,285.2930,1.799325
TAP_TAPCELL_ROW_100_1743,VPWR,li1,44.3900,285.2930,1.799620
TAP_TAPCELL_ROW_100_1742,VPWR,li1,18.6300,285.2930,1.799884
TAP_TAPCELL_ROW_99_1741,VPWR,li1,366.3900,280.4660,1.799671
TAP_TAPCELL_ROW_99_1740,VPWR,li1,340.6300,280.4660,1.799690
TAP_TAPCELL_ROW_99_1739,VPWR,li1,314.8700,280.4660,1.799255
TAP_TAPCELL_ROW_99_1738,VPWR,li1,289.1100,280.4660,1.798554
TAP_TAPCELL_ROW_99_1737,VPWR,li1,263.3500,280.4660,1.797801
TAP_TAPCELL_ROW_99_1736,VPWR,li1,237.5900,280.4660,1.797113
TAP_TAPCELL_ROW_99_1735,VPWR,li1,211.8300,280.4660,1.797665
TAP_TAPCELL_ROW_99_1734,VPWR,li1,186.0700,280.4660,1.798621
TAP_TAPCELL_ROW_99_1733,VPWR,li1,160.3100,280.4660,1.798184
TAP_TAPCELL_ROW_99_1732,VPWR,li1,134.5500,280.4660,1.797174
TAP_TAPCELL_ROW_99_1731,VPWR,li1,108.7900,280.4660,1.797151
TAP_TAPCELL_ROW_99_1730,VPWR,li1,83.0300,280.4660,1.797385
TAP_TAPCELL_ROW_99_1729,VPWR,li1,57.2700,280.4660,1.798184
TAP_TAPCELL_ROW_99_1728,VPWR,li1,31.5100,280.4660,1.799236
TAP_TAPCELL_ROW_98_1727,VPWR,li1,379.2700,279.8530,1.799663
TAP_TAPCELL_ROW_98_1726,VPWR,li1,353.5100,279.8530,1.799680
TAP_TAPCELL_ROW_98_1725,VPWR,li1,327.7500,279.8530,1.799635
TAP_TAPCELL_ROW_98_1724,VPWR,li1,301.9900,279.8530,1.798919
TAP_TAPCELL_ROW_98_1723,VPWR,li1,276.2300,279.8530,1.798146
TAP_TAPCELL_ROW_98_1722,VPWR,li1,250.4700,279.8530,1.797444
TAP_TAPCELL_ROW_98_1721,VPWR,li1,224.7100,279.8530,1.797147
TAP_TAPCELL_ROW_98_1720,VPWR,li1,198.9500,279.8530,1.798119
TAP_TAPCELL_ROW_98_1719,VPWR,li1,173.1900,279.8530,1.798890
TAP_TAPCELL_ROW_98_1718,VPWR,li1,147.4300,279.8530,1.797435
TAP_TAPCELL_ROW_98_1717,VPWR,li1,121.6700,279.8530,1.797056
TAP_TAPCELL_ROW_98_1716,VPWR,li1,95.9100,279.8530,1.797251
TAP_TAPCELL_ROW_98_1715,VPWR,li1,70.1500,279.8530,1.797707
TAP_TAPCELL_ROW_98_1714,VPWR,li1,44.3900,279.8530,1.798697
TAP_TAPCELL_ROW_98_1713,VPWR,li1,18.6300,279.8530,1.799602
TAP_TAPCELL_ROW_97_1712,VPWR,li1,366.3900,275.0260,1.794114
TAP_TAPCELL_ROW_97_1711,VPWR,li1,340.6300,275.0260,1.795927
TAP_TAPCELL_ROW_97_1710,VPWR,li1,314.8700,275.0260,1.797209
TAP_TAPCELL_ROW_97_1709,VPWR,li1,289.1100,275.0260,1.796033
TAP_TAPCELL_ROW_97_1708,VPWR,li1,263.3500,275.0260,1.794853
TAP_TAPCELL_ROW_97_1707,VPWR,li1,237.5900,275.0260,1.794032
TAP_TAPCELL_ROW_97_1706,VPWR,li1,211.8300,275.0260,1.795595
TAP_TAPCELL_ROW_97_1705,VPWR,li1,186.0700,275.0260,1.797621
TAP_TAPCELL_ROW_97_1704,VPWR,li1,160.3100,275.0260,1.798536
TAP_TAPCELL_ROW_97_1703,VPWR,li1,134.5500,275.0260,1.798466
TAP_TAPCELL_ROW_97_1702,VPWR,li1,108.7900,275.0260,1.798694
TAP_TAPCELL_ROW_97_1701,VPWR,li1,83.0300,275.0260,1.798948
TAP_TAPCELL_ROW_97_1700,VPWR,li1,57.2700,275.0260,1.799250
TAP_TAPCELL_ROW_97_1699,VPWR,li1,31.5100,275.0260,1.799682
TAP_TAPCELL_ROW_96_1698,VPWR,li1,379.2700,274.4130,1.794086
TAP_TAPCELL_ROW_96_1697,VPWR,li1,353.5100,274.4130,1.794547
TAP_TAPCELL_ROW_96_1696,VPWR,li1,327.7500,274.4130,1.797895
TAP_TAPCELL_ROW_96_1695,VPWR,li1,301.9900,274.4130,1.796635
TAP_TAPCELL_ROW_96_1694,VPWR,li1,276.2300,274.4130,1.795476
TAP_TAPCELL_ROW_96_1693,VPWR,li1,250.4700,274.4130,1.794256
TAP_TAPCELL_ROW_96_1692,VPWR,li1,224.7100,274.4130,1.794744
TAP_TAPCELL_ROW_96_1691,VPWR,li1,198.9500,274.4130,1.796686
TAP_TAPCELL_ROW_96_1690,VPWR,li1,173.1900,274.4130,1.798662
TAP_TAPCELL_ROW_96_1689,VPWR,li1,147.4300,274.4130,1.798448
TAP_TAPCELL_ROW_96_1688,VPWR,li1,121.6700,274.4130,1.798554
TAP_TAPCELL_ROW_96_1687,VPWR,li1,95.9100,274.4130,1.798820
TAP_TAPCELL_ROW_96_1686,VPWR,li1,70.1500,274.4130,1.799092
TAP_TAPCELL_ROW_96_1685,VPWR,li1,44.3900,274.4130,1.799451
TAP_TAPCELL_ROW_96_1684,VPWR,li1,18.6300,274.4130,1.799831
TAP_TAPCELL_ROW_95_1683,VPWR,li1,366.3900,269.5860,1.798426
TAP_TAPCELL_ROW_95_1682,VPWR,li1,340.6300,269.5860,1.798932
TAP_TAPCELL_ROW_95_1681,VPWR,li1,314.8700,269.5860,1.798523
TAP_TAPCELL_ROW_95_1680,VPWR,li1,289.1100,269.5860,1.797414
TAP_TAPCELL_ROW_95_1679,VPWR,li1,263.3500,269.5860,1.797067
TAP_TAPCELL_ROW_95_1678,VPWR,li1,237.5900,269.5860,1.796964
TAP_TAPCELL_ROW_95_1677,VPWR,li1,211.8300,269.5860,1.797540
TAP_TAPCELL_ROW_95_1676,VPWR,li1,186.0700,269.5860,1.798579
TAP_TAPCELL_ROW_95_1675,VPWR,li1,160.3100,269.5860,1.798901
TAP_TAPCELL_ROW_95_1674,VPWR,li1,134.5500,269.5860,1.798487
TAP_TAPCELL_ROW_95_1673,VPWR,li1,108.7900,269.5860,1.798612
TAP_TAPCELL_ROW_95_1672,VPWR,li1,83.0300,269.5860,1.798834
TAP_TAPCELL_ROW_95_1671,VPWR,li1,57.2700,269.5860,1.799240
TAP_TAPCELL_ROW_95_1670,VPWR,li1,31.5100,269.5860,1.799679
TAP_TAPCELL_ROW_94_1669,VPWR,li1,379.2700,268.9730,1.798378
TAP_TAPCELL_ROW_94_1668,VPWR,li1,353.5100,268.9730,1.798579
TAP_TAPCELL_ROW_94_1667,VPWR,li1,327.7500,268.9730,1.799142
TAP_TAPCELL_ROW_94_1666,VPWR,li1,301.9900,268.9730,1.798014
TAP_TAPCELL_ROW_94_1665,VPWR,li1,276.2300,268.9730,1.797240
TAP_TAPCELL_ROW_94_1664,VPWR,li1,250.4700,268.9730,1.796917
TAP_TAPCELL_ROW_94_1663,VPWR,li1,224.7100,268.9730,1.797087
TAP_TAPCELL_ROW_94_1662,VPWR,li1,198.9500,268.9730,1.798010
TAP_TAPCELL_ROW_94_1661,VPWR,li1,173.1900,268.9730,1.799164
TAP_TAPCELL_ROW_94_1660,VPWR,li1,147.4300,268.9730,1.798628
TAP_TAPCELL_ROW_94_1659,VPWR,li1,121.6700,268.9730,1.798525
TAP_TAPCELL_ROW_94_1658,VPWR,li1,95.9100,268.9730,1.798701
TAP_TAPCELL_ROW_94_1657,VPWR,li1,70.1500,268.9730,1.799033
TAP_TAPCELL_ROW_94_1656,VPWR,li1,44.3900,268.9730,1.799437
TAP_TAPCELL_ROW_94_1655,VPWR,li1,18.6300,268.9730,1.799833
TAP_TAPCELL_ROW_93_1654,VPWR,li1,366.3900,264.1460,1.797990
TAP_TAPCELL_ROW_93_1653,VPWR,li1,340.6300,264.1460,1.798566
TAP_TAPCELL_ROW_93_1652,VPWR,li1,314.8700,264.1460,1.798783
TAP_TAPCELL_ROW_93_1651,VPWR,li1,289.1100,264.1460,1.798283
TAP_TAPCELL_ROW_93_1650,VPWR,li1,263.3500,264.1460,1.798143
TAP_TAPCELL_ROW_93_1649,VPWR,li1,237.5900,264.1460,1.798221
TAP_TAPCELL_ROW_93_1648,VPWR,li1,211.8300,264.1460,1.798659
TAP_TAPCELL_ROW_93_1647,VPWR,li1,186.0700,264.1460,1.799214
TAP_TAPCELL_ROW_93_1646,VPWR,li1,160.3100,264.1460,1.799334
TAP_TAPCELL_ROW_93_1645,VPWR,li1,134.5500,264.1460,1.799131
TAP_TAPCELL_ROW_93_1644,VPWR,li1,108.7900,264.1460,1.799208
TAP_TAPCELL_ROW_93_1643,VPWR,li1,83.0300,264.1460,1.799339
TAP_TAPCELL_ROW_93_1642,VPWR,li1,57.2700,264.1460,1.799499
TAP_TAPCELL_ROW_93_1641,VPWR,li1,31.5100,264.1460,1.799784
TAP_TAPCELL_ROW_92_1640,VPWR,li1,379.2700,263.5330,1.797981
TAP_TAPCELL_ROW_92_1639,VPWR,li1,353.5100,263.5330,1.798112
TAP_TAPCELL_ROW_92_1638,VPWR,li1,327.7500,263.5330,1.799058
TAP_TAPCELL_ROW_92_1637,VPWR,li1,301.9900,263.5330,1.798504
TAP_TAPCELL_ROW_92_1636,VPWR,li1,276.2300,263.5330,1.798162
TAP_TAPCELL_ROW_92_1635,VPWR,li1,250.4700,263.5330,1.798140
TAP_TAPCELL_ROW_92_1634,VPWR,li1,224.7100,263.5330,1.798391
TAP_TAPCELL_ROW_92_1633,VPWR,li1,198.9500,263.5330,1.798913
TAP_TAPCELL_ROW_92_1632,VPWR,li1,173.1900,263.5330,1.799502
TAP_TAPCELL_ROW_92_1631,VPWR,li1,147.4300,263.5330,1.799173
TAP_TAPCELL_ROW_92_1630,VPWR,li1,121.6700,263.5330,1.799151
TAP_TAPCELL_ROW_92_1629,VPWR,li1,95.9100,263.5330,1.799275
TAP_TAPCELL_ROW_92_1628,VPWR,li1,70.1500,263.5330,1.799407
TAP_TAPCELL_ROW_92_1627,VPWR,li1,44.3900,263.5330,1.799621
TAP_TAPCELL_ROW_92_1626,VPWR,li1,18.6300,263.5330,1.799888
TAP_TAPCELL_ROW_91_1625,VPWR,li1,366.3900,258.7060,1.799765
TAP_TAPCELL_ROW_91_1624,VPWR,li1,340.6300,258.7060,1.799772
TAP_TAPCELL_ROW_91_1623,VPWR,li1,314.8700,258.7060,1.799595
TAP_TAPCELL_ROW_91_1622,VPWR,li1,289.1100,258.7060,1.799421
TAP_TAPCELL_ROW_91_1621,VPWR,li1,263.3500,258.7060,1.799363
TAP_TAPCELL_ROW_91_1620,VPWR,li1,237.5900,258.7060,1.799412
TAP_TAPCELL_ROW_91_1619,VPWR,li1,211.8300,258.7060,1.799584
TAP_TAPCELL_ROW_91_1618,VPWR,li1,186.0700,258.7060,1.799778
TAP_TAPCELL_ROW_91_1617,VPWR,li1,160.3100,258.7060,1.799799
TAP_TAPCELL_ROW_91_1616,VPWR,li1,134.5500,258.7060,1.799722
TAP_TAPCELL_ROW_91_1615,VPWR,li1,108.7900,258.7060,1.799730
TAP_TAPCELL_ROW_91_1614,VPWR,li1,83.0300,258.7060,1.799766
TAP_TAPCELL_ROW_91_1613,VPWR,li1,57.2700,258.7060,1.799823
TAP_TAPCELL_ROW_91_1612,VPWR,li1,31.5100,258.7060,1.799923
TAP_TAPCELL_ROW_90_1611,VPWR,li1,379.2700,258.0930,1.799764
TAP_TAPCELL_ROW_90_1610,VPWR,li1,353.5100,258.0930,1.799767
TAP_TAPCELL_ROW_90_1609,VPWR,li1,327.7500,258.0930,1.799791
TAP_TAPCELL_ROW_90_1608,VPWR,li1,301.9900,258.0930,1.799497
TAP_TAPCELL_ROW_90_1607,VPWR,li1,276.2300,258.0930,1.799376
TAP_TAPCELL_ROW_90_1606,VPWR,li1,250.4700,258.0930,1.799355
TAP_TAPCELL_ROW_90_1605,VPWR,li1,224.7100,258.0930,1.799500
TAP_TAPCELL_ROW_90_1604,VPWR,li1,198.9500,258.0930,1.799689
TAP_TAPCELL_ROW_90_1603,VPWR,li1,173.1900,258.0930,1.799858
TAP_TAPCELL_ROW_90_1602,VPWR,li1,147.4300,258.0930,1.799744
TAP_TAPCELL_ROW_90_1601,VPWR,li1,121.6700,258.0930,1.799717
TAP_TAPCELL_ROW_90_1600,VPWR,li1,95.9100,258.0930,1.799745
TAP_TAPCELL_ROW_90_1599,VPWR,li1,70.1500,258.0930,1.799790
TAP_TAPCELL_ROW_90_1598,VPWR,li1,44.3900,258.0930,1.799864
TAP_TAPCELL_ROW_90_1597,VPWR,li1,18.6300,258.0930,1.799960
TAP_TAPCELL_ROW_89_1596,VPWR,li1,366.3900,253.2660,1.799732
TAP_TAPCELL_ROW_89_1595,VPWR,li1,340.6300,253.2660,1.799799
TAP_TAPCELL_ROW_89_1594,VPWR,li1,314.8700,253.2660,1.799724
TAP_TAPCELL_ROW_89_1593,VPWR,li1,289.1100,253.2660,1.799665
TAP_TAPCELL_ROW_89_1592,VPWR,li1,263.3500,253.2660,1.799659
TAP_TAPCELL_ROW_89_1591,VPWR,li1,237.5900,253.2660,1.799692
TAP_TAPCELL_ROW_89_1590,VPWR,li1,211.8300,253.2660,1.799785
TAP_TAPCELL_ROW_89_1589,VPWR,li1,186.0700,253.2660,1.799889
TAP_TAPCELL_ROW_89_1588,VPWR,li1,160.3100,253.2660,1.799896
TAP_TAPCELL_ROW_89_1587,VPWR,li1,134.5500,253.2660,1.799844
TAP_TAPCELL_ROW_89_1586,VPWR,li1,108.7900,253.2660,1.799823
TAP_TAPCELL_ROW_89_1585,VPWR,li1,83.0300,253.2660,1.799846
TAP_TAPCELL_ROW_89_1584,VPWR,li1,57.2700,253.2660,1.799882
TAP_TAPCELL_ROW_89_1583,VPWR,li1,31.5100,253.2660,1.799944
TAP_TAPCELL_ROW_88_1582,VPWR,li1,379.2700,252.6530,1.799732
TAP_TAPCELL_ROW_88_1581,VPWR,li1,353.5100,252.6530,1.799755
TAP_TAPCELL_ROW_88_1580,VPWR,li1,327.7500,252.6530,1.799808
TAP_TAPCELL_ROW_88_1579,VPWR,li1,301.9900,252.6530,1.799685
TAP_TAPCELL_ROW_88_1578,VPWR,li1,276.2300,252.6530,1.799654
TAP_TAPCELL_ROW_88_1577,VPWR,li1,250.4700,252.6530,1.799666
TAP_TAPCELL_ROW_88_1576,VPWR,li1,224.7100,252.6530,1.799734
TAP_TAPCELL_ROW_88_1575,VPWR,li1,198.9500,252.6530,1.799837
TAP_TAPCELL_ROW_88_1574,VPWR,li1,173.1900,252.6530,1.799928
TAP_TAPCELL_ROW_88_1573,VPWR,li1,147.4300,252.6530,1.799869
TAP_TAPCELL_ROW_88_1572,VPWR,li1,121.6700,252.6530,1.799825
TAP_TAPCELL_ROW_88_1571,VPWR,li1,95.9100,252.6530,1.799833
TAP_TAPCELL_ROW_88_1570,VPWR,li1,70.1500,252.6530,1.799862
TAP_TAPCELL_ROW_88_1569,VPWR,li1,44.3900,252.6530,1.799906
TAP_TAPCELL_ROW_88_1568,VPWR,li1,18.6300,252.6530,1.799970
TAP_TAPCELL_ROW_87_1567,VPWR,li1,366.3900,247.8260,1.799411
TAP_TAPCELL_ROW_87_1566,VPWR,li1,340.6300,247.8260,1.799660
TAP_TAPCELL_ROW_87_1565,VPWR,li1,314.8700,247.8260,1.799792
TAP_TAPCELL_ROW_87_1564,VPWR,li1,289.1100,247.8260,1.799759
TAP_TAPCELL_ROW_87_1563,VPWR,li1,263.3500,247.8260,1.799728
TAP_TAPCELL_ROW_87_1562,VPWR,li1,237.5900,247.8260,1.799708
TAP_TAPCELL_ROW_87_1561,VPWR,li1,211.8300,247.8260,1.799735
TAP_TAPCELL_ROW_87_1560,VPWR,li1,186.0700,247.8260,1.799865
TAP_TAPCELL_ROW_87_1559,VPWR,li1,160.3100,247.8260,1.799907
TAP_TAPCELL_ROW_87_1558,VPWR,li1,134.5500,247.8260,1.799879
TAP_TAPCELL_ROW_87_1557,VPWR,li1,108.7900,247.8260,1.799864
TAP_TAPCELL_ROW_87_1556,VPWR,li1,83.0300,247.8260,1.799874
TAP_TAPCELL_ROW_87_1555,VPWR,li1,57.2700,247.8260,1.799902
TAP_TAPCELL_ROW_87_1554,VPWR,li1,31.5100,247.8260,1.799956
TAP_TAPCELL_ROW_86_1553,VPWR,li1,379.2700,247.2130,1.799401
TAP_TAPCELL_ROW_86_1552,VPWR,li1,353.5100,247.2130,1.799485
TAP_TAPCELL_ROW_86_1551,VPWR,li1,327.7500,247.2130,1.799815
TAP_TAPCELL_ROW_86_1550,VPWR,li1,301.9900,247.2130,1.799776
TAP_TAPCELL_ROW_86_1549,VPWR,li1,276.2300,247.2130,1.799742
TAP_TAPCELL_ROW_86_1548,VPWR,li1,250.4700,247.2130,1.799716
TAP_TAPCELL_ROW_86_1547,VPWR,li1,224.7100,247.2130,1.799704
TAP_TAPCELL_ROW_86_1546,VPWR,li1,198.9500,247.2130,1.799795
TAP_TAPCELL_ROW_86_1545,VPWR,li1,173.1900,247.2130,1.799925
TAP_TAPCELL_ROW_86_1544,VPWR,li1,147.4300,247.2130,1.799893
TAP_TAPCELL_ROW_86_1543,VPWR,li1,121.6700,247.2130,1.799870
TAP_TAPCELL_ROW_86_1542,VPWR,li1,95.9100,247.2130,1.799868
TAP_TAPCELL_ROW_86_1541,VPWR,li1,70.1500,247.2130,1.799884
TAP_TAPCELL_ROW_86_1540,VPWR,li1,44.3900,247.2130,1.799926
TAP_TAPCELL_ROW_86_1539,VPWR,li1,18.6300,247.2130,1.799977
TAP_TAPCELL_ROW_85_1538,VPWR,li1,366.3900,242.3860,1.799608
TAP_TAPCELL_ROW_85_1537,VPWR,li1,340.6300,242.3860,1.799752
TAP_TAPCELL_ROW_85_1536,VPWR,li1,314.8700,242.3860,1.799836
TAP_TAPCELL_ROW_85_1535,VPWR,li1,289.1100,242.3860,1.799785
TAP_TAPCELL_ROW_85_1534,VPWR,li1,263.3500,242.3860,1.799753
TAP_TAPCELL_ROW_85_1533,VPWR,li1,237.5900,242.3860,1.799744
TAP_TAPCELL_ROW_85_1532,VPWR,li1,211.8300,242.3860,1.799761
TAP_TAPCELL_ROW_85_1531,VPWR,li1,186.0700,242.3860,1.799802
TAP_TAPCELL_ROW_85_1530,VPWR,li1,160.3100,242.3860,1.799676
TAP_TAPCELL_ROW_85_1529,VPWR,li1,134.5500,242.3860,1.799539
TAP_TAPCELL_ROW_85_1528,VPWR,li1,108.7900,242.3860,1.799515
TAP_TAPCELL_ROW_85_1527,VPWR,li1,83.0300,242.3860,1.799599
TAP_TAPCELL_ROW_85_1526,VPWR,li1,57.2700,242.3860,1.799729
TAP_TAPCELL_ROW_85_1525,VPWR,li1,31.5100,242.3860,1.799879
TAP_TAPCELL_ROW_84_1524,VPWR,li1,379.2700,241.7730,1.799585
TAP_TAPCELL_ROW_84_1523,VPWR,li1,353.5100,241.7730,1.799653
TAP_TAPCELL_ROW_84_1522,VPWR,li1,327.7500,241.7730,1.799865
TAP_TAPCELL_ROW_84_1521,VPWR,li1,301.9900,241.7730,1.799810
TAP_TAPCELL_ROW_84_1520,VPWR,li1,276.2300,241.7730,1.799767
TAP_TAPCELL_ROW_84_1519,VPWR,li1,250.4700,241.7730,1.799747
TAP_TAPCELL_ROW_84_1518,VPWR,li1,224.7100,241.7730,1.799748
TAP_TAPCELL_ROW_84_1517,VPWR,li1,198.9500,241.7730,1.799777
TAP_TAPCELL_ROW_84_1516,VPWR,li1,173.1900,241.7730,1.799820
TAP_TAPCELL_ROW_84_1515,VPWR,li1,147.4300,241.7730,1.799573
TAP_TAPCELL_ROW_84_1514,VPWR,li1,121.6700,241.7730,1.799515
TAP_TAPCELL_ROW_84_1513,VPWR,li1,95.9100,241.7730,1.799541
TAP_TAPCELL_ROW_84_1512,VPWR,li1,70.1500,241.7730,1.799665
TAP_TAPCELL_ROW_84_1511,VPWR,li1,44.3900,241.7730,1.799794
TAP_TAPCELL_ROW_84_1510,VPWR,li1,18.6300,241.7730,1.799937
TAP_TAPCELL_ROW_83_1509,VPWR,li1,366.3900,236.9460,1.799678
TAP_TAPCELL_ROW_83_1508,VPWR,li1,340.6300,236.9460,1.799791
TAP_TAPCELL_ROW_83_1507,VPWR,li1,314.8700,236.9460,1.799773
TAP_TAPCELL_ROW_83_1506,VPWR,li1,289.1100,236.9460,1.799642
TAP_TAPCELL_ROW_83_1505,VPWR,li1,263.3500,236.9460,1.799598
TAP_TAPCELL_ROW_83_1504,VPWR,li1,237.5900,236.9460,1.799629
TAP_TAPCELL_ROW_83_1503,VPWR,li1,211.8300,236.9460,1.799711
TAP_TAPCELL_ROW_83_1502,VPWR,li1,186.0700,236.9460,1.799840
TAP_TAPCELL_ROW_83_1501,VPWR,li1,160.3100,236.9460,1.799859
TAP_TAPCELL_ROW_83_1500,VPWR,li1,134.5500,236.9460,1.799807
TAP_TAPCELL_ROW_83_1499,VPWR,li1,108.7900,236.9460,1.799799
TAP_TAPCELL_ROW_83_1498,VPWR,li1,83.0300,236.9460,1.799826
TAP_TAPCELL_ROW_83_1497,VPWR,li1,57.2700,236.9460,1.799881
TAP_TAPCELL_ROW_83_1496,VPWR,li1,31.5100,236.9460,1.799948
TAP_TAPCELL_ROW_82_1495,VPWR,li1,379.2700,236.3330,1.799650
TAP_TAPCELL_ROW_82_1494,VPWR,li1,353.5100,236.3330,1.799732
TAP_TAPCELL_ROW_82_1493,VPWR,li1,327.7500,236.3330,1.799841
TAP_TAPCELL_ROW_82_1492,VPWR,li1,301.9900,236.3330,1.799705
TAP_TAPCELL_ROW_82_1491,VPWR,li1,276.2300,236.3330,1.799598
TAP_TAPCELL_ROW_82_1490,VPWR,li1,250.4700,236.3330,1.799605
TAP_TAPCELL_ROW_82_1489,VPWR,li1,224.7100,236.3330,1.799670
TAP_TAPCELL_ROW_82_1488,VPWR,li1,198.9500,236.3330,1.799772
TAP_TAPCELL_ROW_82_1487,VPWR,li1,173.1900,236.3330,1.799898
TAP_TAPCELL_ROW_82_1486,VPWR,li1,147.4300,236.3330,1.799818
TAP_TAPCELL_ROW_82_1485,VPWR,li1,121.6700,236.3330,1.799797
TAP_TAPCELL_ROW_82_1484,VPWR,li1,95.9100,236.3330,1.799805
TAP_TAPCELL_ROW_82_1483,VPWR,li1,70.1500,236.3330,1.799851
TAP_TAPCELL_ROW_82_1482,VPWR,li1,44.3900,236.3330,1.799911
TAP_TAPCELL_ROW_82_1481,VPWR,li1,18.6300,236.3330,1.799973
TAP_TAPCELL_ROW_81_1480,VPWR,li1,366.3900,231.5060,1.799792
TAP_TAPCELL_ROW_81_1479,VPWR,li1,340.6300,231.5060,1.799841
TAP_TAPCELL_ROW_81_1478,VPWR,li1,314.8700,231.5060,1.799826
TAP_TAPCELL_ROW_81_1477,VPWR,li1,289.1100,231.5060,1.799760
TAP_TAPCELL_ROW_81_1476,VPWR,li1,263.3500,231.5060,1.799725
TAP_TAPCELL_ROW_81_1475,VPWR,li1,237.5900,231.5060,1.799726
TAP_TAPCELL_ROW_81_1474,VPWR,li1,211.8300,231.5060,1.799769
TAP_TAPCELL_ROW_81_1473,VPWR,li1,186.0700,231.5060,1.799891
TAP_TAPCELL_ROW_81_1472,VPWR,li1,160.3100,231.5060,1.799910
TAP_TAPCELL_ROW_81_1471,VPWR,li1,134.5500,231.5060,1.799878
TAP_TAPCELL_ROW_81_1470,VPWR,li1,108.7900,231.5060,1.799856
TAP_TAPCELL_ROW_81_1469,VPWR,li1,83.0300,231.5060,1.799876
TAP_TAPCELL_ROW_81_1468,VPWR,li1,57.2700,231.5060,1.799902
TAP_TAPCELL_ROW_81_1467,VPWR,li1,31.5100,231.5060,1.799949
TAP_TAPCELL_ROW_80_1466,VPWR,li1,379.2700,230.8930,1.799778
TAP_TAPCELL_ROW_80_1465,VPWR,li1,353.5100,230.8930,1.799808
TAP_TAPCELL_ROW_80_1464,VPWR,li1,327.7500,230.8930,1.799881
TAP_TAPCELL_ROW_80_1463,VPWR,li1,301.9900,230.8930,1.799790
TAP_TAPCELL_ROW_80_1462,VPWR,li1,276.2300,230.8930,1.799737
TAP_TAPCELL_ROW_80_1461,VPWR,li1,250.4700,230.8930,1.799723
TAP_TAPCELL_ROW_80_1460,VPWR,li1,224.7100,230.8930,1.799735
TAP_TAPCELL_ROW_80_1459,VPWR,li1,198.9500,230.8930,1.799825
TAP_TAPCELL_ROW_80_1458,VPWR,li1,173.1900,230.8930,1.799930
TAP_TAPCELL_ROW_80_1457,VPWR,li1,147.4300,230.8930,1.799894
TAP_TAPCELL_ROW_80_1456,VPWR,li1,121.6700,230.8930,1.799865
TAP_TAPCELL_ROW_80_1455,VPWR,li1,95.9100,230.8930,1.799865
TAP_TAPCELL_ROW_80_1454,VPWR,li1,70.1500,230.8930,1.799888
TAP_TAPCELL_ROW_80_1453,VPWR,li1,44.3900,230.8930,1.799919
TAP_TAPCELL_ROW_80_1452,VPWR,li1,18.6300,230.8930,1.799973
TAP_TAPCELL_ROW_79_1451,VPWR,li1,366.3900,226.0660,1.799774
TAP_TAPCELL_ROW_79_1450,VPWR,li1,340.6300,226.0660,1.799856
TAP_TAPCELL_ROW_79_1449,VPWR,li1,314.8700,226.0660,1.799870
TAP_TAPCELL_ROW_79_1448,VPWR,li1,289.1100,226.0660,1.799823
TAP_TAPCELL_ROW_79_1447,VPWR,li1,263.3500,226.0660,1.799802
TAP_TAPCELL_ROW_79_1446,VPWR,li1,237.5900,226.0660,1.799791
TAP_TAPCELL_ROW_79_1445,VPWR,li1,211.8300,226.0660,1.799815
TAP_TAPCELL_ROW_79_1444,VPWR,li1,186.0700,226.0660,1.799884
TAP_TAPCELL_ROW_79_1443,VPWR,li1,160.3100,226.0660,1.799877
TAP_TAPCELL_ROW_79_1442,VPWR,li1,134.5500,226.0660,1.799819
TAP_TAPCELL_ROW_79_1441,VPWR,li1,108.7900,226.0660,1.799800
TAP_TAPCELL_ROW_79_1440,VPWR,li1,83.0300,226.0660,1.799835
TAP_TAPCELL_ROW_79_1439,VPWR,li1,57.2700,226.0660,1.799886
TAP_TAPCELL_ROW_79_1438,VPWR,li1,31.5100,226.0660,1.799950
TAP_TAPCELL_ROW_78_1437,VPWR,li1,379.2700,225.4530,1.799753
TAP_TAPCELL_ROW_78_1436,VPWR,li1,353.5100,225.4530,1.799811
TAP_TAPCELL_ROW_78_1435,VPWR,li1,327.7500,225.4530,1.799916
TAP_TAPCELL_ROW_78_1434,VPWR,li1,301.9900,225.4530,1.799842
TAP_TAPCELL_ROW_78_1433,VPWR,li1,276.2300,225.4530,1.799810
TAP_TAPCELL_ROW_78_1432,VPWR,li1,250.4700,225.4530,1.799794
TAP_TAPCELL_ROW_78_1431,VPWR,li1,224.7100,225.4530,1.799800
TAP_TAPCELL_ROW_78_1430,VPWR,li1,198.9500,225.4530,1.799848
TAP_TAPCELL_ROW_78_1429,VPWR,li1,173.1900,225.4530,1.799914
TAP_TAPCELL_ROW_78_1428,VPWR,li1,147.4300,225.4530,1.799843
TAP_TAPCELL_ROW_78_1427,VPWR,li1,121.6700,225.4530,1.799801
TAP_TAPCELL_ROW_78_1426,VPWR,li1,95.9100,225.4530,1.799812
TAP_TAPCELL_ROW_78_1425,VPWR,li1,70.1500,225.4530,1.799859
TAP_TAPCELL_ROW_78_1424,VPWR,li1,44.3900,225.4530,1.799917
TAP_TAPCELL_ROW_78_1423,VPWR,li1,18.6300,225.4530,1.799973
TAP_TAPCELL_ROW_77_1422,VPWR,li1,366.3900,220.6260,1.799851
TAP_TAPCELL_ROW_77_1421,VPWR,li1,340.6300,220.6260,1.799898
TAP_TAPCELL_ROW_77_1420,VPWR,li1,314.8700,220.6260,1.799885
TAP_TAPCELL_ROW_77_1419,VPWR,li1,289.1100,220.6260,1.799823
TAP_TAPCELL_ROW_77_1418,VPWR,li1,263.3500,220.6260,1.799788
TAP_TAPCELL_ROW_77_1417,VPWR,li1,237.5900,220.6260,1.799773
TAP_TAPCELL_ROW_77_1416,VPWR,li1,211.8300,220.6260,1.799803
TAP_TAPCELL_ROW_77_1415,VPWR,li1,186.0700,220.6260,1.799871
TAP_TAPCELL_ROW_77_1414,VPWR,li1,160.3100,220.6260,1.799877
TAP_TAPCELL_ROW_77_1413,VPWR,li1,134.5500,220.6260,1.799823
TAP_TAPCELL_ROW_77_1412,VPWR,li1,108.7900,220.6260,1.799802
TAP_TAPCELL_ROW_77_1411,VPWR,li1,83.0300,220.6260,1.799814
TAP_TAPCELL_ROW_77_1410,VPWR,li1,57.2700,220.6260,1.799860
TAP_TAPCELL_ROW_77_1409,VPWR,li1,31.5100,220.6260,1.799931
TAP_TAPCELL_ROW_76_1408,VPWR,li1,379.2700,220.0130,1.799837
TAP_TAPCELL_ROW_76_1407,VPWR,li1,353.5100,220.0130,1.799872
TAP_TAPCELL_ROW_76_1406,VPWR,li1,327.7500,220.0130,1.799933
TAP_TAPCELL_ROW_76_1405,VPWR,li1,301.9900,220.0130,1.799853
TAP_TAPCELL_ROW_76_1404,VPWR,li1,276.2300,220.0130,1.799800
TAP_TAPCELL_ROW_76_1403,VPWR,li1,250.4700,220.0130,1.799778
TAP_TAPCELL_ROW_76_1402,VPWR,li1,224.7100,220.0130,1.799785
TAP_TAPCELL_ROW_76_1401,VPWR,li1,198.9500,220.0130,1.799833
TAP_TAPCELL_ROW_76_1400,VPWR,li1,173.1900,220.0130,1.799913
TAP_TAPCELL_ROW_76_1399,VPWR,li1,147.4300,220.0130,1.799843
TAP_TAPCELL_ROW_76_1398,VPWR,li1,121.6700,220.0130,1.799809
TAP_TAPCELL_ROW_76_1397,VPWR,li1,95.9100,220.0130,1.799806
TAP_TAPCELL_ROW_76_1396,VPWR,li1,70.1500,220.0130,1.799828
TAP_TAPCELL_ROW_76_1395,VPWR,li1,44.3900,220.0130,1.799891
TAP_TAPCELL_ROW_76_1394,VPWR,li1,18.6300,220.0130,1.799965
TAP_TAPCELL_ROW_75_1393,VPWR,li1,366.3900,215.1860,1.799882
TAP_TAPCELL_ROW_75_1392,VPWR,li1,340.6300,215.1860,1.799926
TAP_TAPCELL_ROW_75_1391,VPWR,li1,314.8700,215.1860,1.799931
TAP_TAPCELL_ROW_75_1390,VPWR,li1,289.1100,215.1860,1.799897
TAP_TAPCELL_ROW_75_1389,VPWR,li1,263.3500,215.1860,1.799880
TAP_TAPCELL_ROW_75_1388,VPWR,li1,237.5900,215.1860,1.799877
TAP_TAPCELL_ROW_75_1387,VPWR,li1,211.8300,215.1860,1.799897
TAP_TAPCELL_ROW_75_1386,VPWR,li1,186.0700,215.1860,1.799931
TAP_TAPCELL_ROW_75_1385,VPWR,li1,160.3100,215.1860,1.799920
TAP_TAPCELL_ROW_75_1384,VPWR,li1,134.5500,215.1860,1.799879
TAP_TAPCELL_ROW_75_1383,VPWR,li1,108.7900,215.1860,1.799860
TAP_TAPCELL_ROW_75_1382,VPWR,li1,83.0300,215.1860,1.799870
TAP_TAPCELL_ROW_75_1381,VPWR,li1,57.2700,215.1860,1.799907
TAP_TAPCELL_ROW_75_1380,VPWR,li1,31.5100,215.1860,1.799956
TAP_TAPCELL_ROW_74_1379,VPWR,li1,379.2700,214.5730,1.799864
TAP_TAPCELL_ROW_74_1378,VPWR,li1,353.5100,214.5730,1.799903
TAP_TAPCELL_ROW_74_1377,VPWR,li1,327.7500,214.5730,1.799951
TAP_TAPCELL_ROW_74_1376,VPWR,li1,301.9900,214.5730,1.799913
TAP_TAPCELL_ROW_74_1375,VPWR,li1,276.2300,214.5730,1.799886
TAP_TAPCELL_ROW_74_1374,VPWR,li1,250.4700,214.5730,1.799878
TAP_TAPCELL_ROW_74_1373,VPWR,li1,224.7100,214.5730,1.799883
TAP_TAPCELL_ROW_74_1372,VPWR,li1,198.9500,214.5730,1.799912
TAP_TAPCELL_ROW_74_1371,VPWR,li1,173.1900,214.5730,1.799949
TAP_TAPCELL_ROW_74_1370,VPWR,li1,147.4300,214.5730,1.799895
TAP_TAPCELL_ROW_74_1369,VPWR,li1,121.6700,214.5730,1.799867
TAP_TAPCELL_ROW_74_1368,VPWR,li1,95.9100,214.5730,1.799862
TAP_TAPCELL_ROW_74_1367,VPWR,li1,70.1500,214.5730,1.799888
TAP_TAPCELL_ROW_74_1366,VPWR,li1,44.3900,214.5730,1.799931
TAP_TAPCELL_ROW_74_1365,VPWR,li1,18.6300,214.5730,1.799976
TAP_TAPCELL_ROW_73_1364,VPWR,li1,366.3900,209.7460,1.799909
TAP_TAPCELL_ROW_73_1363,VPWR,li1,340.6300,209.7460,1.799947
TAP_TAPCELL_ROW_73_1362,VPWR,li1,314.8700,209.7460,1.799953
TAP_TAPCELL_ROW_73_1361,VPWR,li1,289.1100,209.7460,1.799935
TAP_TAPCELL_ROW_73_1360,VPWR,li1,263.3500,209.7460,1.799926
TAP_TAPCELL_ROW_73_1359,VPWR,li1,237.5900,209.7460,1.799928
TAP_TAPCELL_ROW_73_1358,VPWR,li1,211.8300,209.7460,1.799939
TAP_TAPCELL_ROW_73_1357,VPWR,li1,186.0700,209.7460,1.799962
TAP_TAPCELL_ROW_73_1356,VPWR,li1,160.3100,209.7460,1.799955
TAP_TAPCELL_ROW_73_1355,VPWR,li1,134.5500,209.7460,1.799936
TAP_TAPCELL_ROW_73_1354,VPWR,li1,108.7900,209.7460,1.799930
TAP_TAPCELL_ROW_73_1353,VPWR,li1,83.0300,209.7460,1.799935
TAP_TAPCELL_ROW_73_1352,VPWR,li1,57.2700,209.7460,1.799949
TAP_TAPCELL_ROW_73_1351,VPWR,li1,31.5100,209.7460,1.799977
TAP_TAPCELL_ROW_72_1350,VPWR,li1,379.2700,209.1330,1.799891
TAP_TAPCELL_ROW_72_1349,VPWR,li1,353.5100,209.1330,1.799926
TAP_TAPCELL_ROW_72_1348,VPWR,li1,327.7500,209.1330,1.799969
TAP_TAPCELL_ROW_72_1347,VPWR,li1,301.9900,209.1330,1.799942
TAP_TAPCELL_ROW_72_1346,VPWR,li1,276.2300,209.1330,1.799929
TAP_TAPCELL_ROW_72_1345,VPWR,li1,250.4700,209.1330,1.799926
TAP_TAPCELL_ROW_72_1344,VPWR,li1,224.7100,209.1330,1.799932
TAP_TAPCELL_ROW_72_1343,VPWR,li1,198.9500,209.1330,1.799948
TAP_TAPCELL_ROW_72_1342,VPWR,li1,173.1900,209.1330,1.799971
TAP_TAPCELL_ROW_72_1341,VPWR,li1,147.4300,209.1330,1.799943
TAP_TAPCELL_ROW_72_1340,VPWR,li1,121.6700,209.1330,1.799932
TAP_TAPCELL_ROW_72_1339,VPWR,li1,95.9100,209.1330,1.799931
TAP_TAPCELL_ROW_72_1338,VPWR,li1,70.1500,209.1330,1.799940
TAP_TAPCELL_ROW_72_1337,VPWR,li1,44.3900,209.1330,1.799962
TAP_TAPCELL_ROW_72_1336,VPWR,li1,18.6300,209.1330,1.799987
TAP_TAPCELL_ROW_71_1335,VPWR,li1,366.3900,204.3060,1.799976
TAP_TAPCELL_ROW_71_1334,VPWR,li1,340.6300,204.3060,1.799983
TAP_TAPCELL_ROW_71_1333,VPWR,li1,314.8700,204.3060,1.799971
TAP_TAPCELL_ROW_71_1332,VPWR,li1,289.1100,204.3060,1.799942
TAP_TAPCELL_ROW_71_1331,VPWR,li1,263.3500,204.3060,1.799933
TAP_TAPCELL_ROW_71_1330,VPWR,li1,237.5900,204.3060,1.799935
TAP_TAPCELL_ROW_71_1329,VPWR,li1,211.8300,204.3060,1.799943
TAP_TAPCELL_ROW_71_1328,VPWR,li1,186.0700,204.3060,1.799962
TAP_TAPCELL_ROW_71_1327,VPWR,li1,160.3100,204.3060,1.799953
TAP_TAPCELL_ROW_71_1326,VPWR,li1,134.5500,204.3060,1.799933
TAP_TAPCELL_ROW_71_1325,VPWR,li1,108.7900,204.3060,1.799923
TAP_TAPCELL_ROW_71_1324,VPWR,li1,83.0300,204.3060,1.799929
TAP_TAPCELL_ROW_71_1323,VPWR,li1,57.2700,204.3060,1.799945
TAP_TAPCELL_ROW_71_1322,VPWR,li1,31.5100,204.3060,1.799974
TAP_TAPCELL_ROW_70_1321,VPWR,li1,379.2700,203.6930,1.799973
TAP_TAPCELL_ROW_70_1320,VPWR,li1,353.5100,203.6930,1.799979
TAP_TAPCELL_ROW_70_1319,VPWR,li1,327.7500,203.6930,1.799986
TAP_TAPCELL_ROW_70_1318,VPWR,li1,301.9900,203.6930,1.799955
TAP_TAPCELL_ROW_70_1317,VPWR,li1,276.2300,203.6930,1.799935
TAP_TAPCELL_ROW_70_1316,VPWR,li1,250.4700,203.6930,1.799933
TAP_TAPCELL_ROW_70_1315,VPWR,li1,224.7100,203.6930,1.799938
TAP_TAPCELL_ROW_70_1314,VPWR,li1,198.9500,203.6930,1.799952
TAP_TAPCELL_ROW_70_1313,VPWR,li1,173.1900,203.6930,1.799969
TAP_TAPCELL_ROW_70_1312,VPWR,li1,147.4300,203.6930,1.799941
TAP_TAPCELL_ROW_70_1311,VPWR,li1,121.6700,203.6930,1.799926
TAP_TAPCELL_ROW_70_1310,VPWR,li1,95.9100,203.6930,1.799924
TAP_TAPCELL_ROW_70_1309,VPWR,li1,70.1500,203.6930,1.799936
TAP_TAPCELL_ROW_70_1308,VPWR,li1,44.3900,203.6930,1.799958
TAP_TAPCELL_ROW_70_1307,VPWR,li1,18.6300,203.6930,1.799986
TAP_TAPCELL_ROW_69_1306,VPWR,li1,366.3900,198.8660,1.799923
TAP_TAPCELL_ROW_69_1305,VPWR,li1,340.6300,198.8660,1.799944
TAP_TAPCELL_ROW_69_1304,VPWR,li1,314.8700,198.8660,1.799906
TAP_TAPCELL_ROW_69_1303,VPWR,li1,289.1100,198.8660,1.799809
TAP_TAPCELL_ROW_69_1302,VPWR,li1,263.3500,198.8660,1.799715
TAP_TAPCELL_ROW_69_1301,VPWR,li1,237.5900,198.8660,1.799733
TAP_TAPCELL_ROW_69_1300,VPWR,li1,211.8300,198.8660,1.799820
TAP_TAPCELL_ROW_69_1299,VPWR,li1,186.0700,198.8660,1.799913
TAP_TAPCELL_ROW_69_1298,VPWR,li1,160.3100,198.8660,1.799940
TAP_TAPCELL_ROW_69_1297,VPWR,li1,134.5500,198.8660,1.799931
TAP_TAPCELL_ROW_69_1296,VPWR,li1,108.7900,198.8660,1.799935
TAP_TAPCELL_ROW_69_1295,VPWR,li1,83.0300,198.8660,1.799944
TAP_TAPCELL_ROW_69_1294,VPWR,li1,57.2700,198.8660,1.799958
TAP_TAPCELL_ROW_69_1293,VPWR,li1,31.5100,198.8660,1.799979
TAP_TAPCELL_ROW_68_1292,VPWR,li1,379.2700,198.2530,1.799913
TAP_TAPCELL_ROW_68_1291,VPWR,li1,353.5100,198.2530,1.799934
TAP_TAPCELL_ROW_68_1290,VPWR,li1,327.7500,198.2530,1.799954
TAP_TAPCELL_ROW_68_1289,VPWR,li1,301.9900,198.2530,1.799854
TAP_TAPCELL_ROW_68_1288,VPWR,li1,276.2300,198.2530,1.799760
TAP_TAPCELL_ROW_68_1287,VPWR,li1,250.4700,198.2530,1.799695
TAP_TAPCELL_ROW_68_1286,VPWR,li1,224.7100,198.2530,1.799775
TAP_TAPCELL_ROW_68_1285,VPWR,li1,198.9500,198.2530,1.799868
TAP_TAPCELL_ROW_68_1284,VPWR,li1,173.1900,198.2530,1.799950
TAP_TAPCELL_ROW_68_1283,VPWR,li1,147.4300,198.2530,1.799935
TAP_TAPCELL_ROW_68_1282,VPWR,li1,121.6700,198.2530,1.799931
TAP_TAPCELL_ROW_68_1281,VPWR,li1,95.9100,198.2530,1.799939
TAP_TAPCELL_ROW_68_1280,VPWR,li1,70.1500,198.2530,1.799950
TAP_TAPCELL_ROW_68_1279,VPWR,li1,44.3900,198.2530,1.799966
TAP_TAPCELL_ROW_68_1278,VPWR,li1,18.6300,198.2530,1.799988
TAP_TAPCELL_ROW_67_1277,VPWR,li1,366.3900,193.4260,1.799971
TAP_TAPCELL_ROW_67_1276,VPWR,li1,340.6300,193.4260,1.799979
TAP_TAPCELL_ROW_67_1275,VPWR,li1,314.8700,193.4260,1.799964
TAP_TAPCELL_ROW_67_1274,VPWR,li1,289.1100,193.4260,1.799931
TAP_TAPCELL_ROW_67_1273,VPWR,li1,263.3500,193.4260,1.799908
TAP_TAPCELL_ROW_67_1272,VPWR,li1,237.5900,193.4260,1.799900
TAP_TAPCELL_ROW_67_1271,VPWR,li1,211.8300,193.4260,1.799910
TAP_TAPCELL_ROW_67_1270,VPWR,li1,186.0700,193.4260,1.799944
TAP_TAPCELL_ROW_67_1269,VPWR,li1,160.3100,193.4260,1.799942
TAP_TAPCELL_ROW_67_1268,VPWR,li1,134.5500,193.4260,1.799918
TAP_TAPCELL_ROW_67_1267,VPWR,li1,108.7900,193.4260,1.799905
TAP_TAPCELL_ROW_67_1266,VPWR,li1,83.0300,193.4260,1.799906
TAP_TAPCELL_ROW_67_1265,VPWR,li1,57.2700,193.4260,1.799925
TAP_TAPCELL_ROW_67_1264,VPWR,li1,31.5100,193.4260,1.799965
TAP_TAPCELL_ROW_66_1263,VPWR,li1,379.2700,192.8130,1.799967
TAP_TAPCELL_ROW_66_1262,VPWR,li1,353.5100,192.8130,1.799975
TAP_TAPCELL_ROW_66_1261,VPWR,li1,327.7500,192.8130,1.799983
TAP_TAPCELL_ROW_66_1260,VPWR,li1,301.9900,192.8130,1.799944
TAP_TAPCELL_ROW_66_1259,VPWR,li1,276.2300,192.8130,1.799918
TAP_TAPCELL_ROW_66_1258,VPWR,li1,250.4700,192.8130,1.799902
TAP_TAPCELL_ROW_66_1257,VPWR,li1,224.7100,192.8130,1.799902
TAP_TAPCELL_ROW_66_1256,VPWR,li1,198.9500,192.8130,1.799924
TAP_TAPCELL_ROW_66_1255,VPWR,li1,173.1900,192.8130,1.799959
TAP_TAPCELL_ROW_66_1254,VPWR,li1,147.4300,192.8130,1.799928
TAP_TAPCELL_ROW_66_1253,VPWR,li1,121.6700,192.8130,1.799911
TAP_TAPCELL_ROW_66_1252,VPWR,li1,95.9100,192.8130,1.799904
TAP_TAPCELL_ROW_66_1251,VPWR,li1,70.1500,192.8130,1.799912
TAP_TAPCELL_ROW_66_1250,VPWR,li1,44.3900,192.8130,1.799944
TAP_TAPCELL_ROW_66_1249,VPWR,li1,18.6300,192.8130,1.799981
TAP_TAPCELL_ROW_65_1248,VPWR,li1,366.3900,187.9860,1.799914
TAP_TAPCELL_ROW_65_1247,VPWR,li1,340.6300,187.9860,1.799949
TAP_TAPCELL_ROW_65_1246,VPWR,li1,314.8700,187.9860,1.799953
TAP_TAPCELL_ROW_65_1245,VPWR,li1,289.1100,187.9860,1.799936
TAP_TAPCELL_ROW_65_1244,VPWR,li1,263.3500,187.9860,1.799931
TAP_TAPCELL_ROW_65_1243,VPWR,li1,237.5900,187.9860,1.799934
TAP_TAPCELL_ROW_65_1242,VPWR,li1,211.8300,187.9860,1.799942
TAP_TAPCELL_ROW_65_1241,VPWR,li1,186.0700,187.9860,1.799955
TAP_TAPCELL_ROW_65_1240,VPWR,li1,160.3100,187.9860,1.799942
TAP_TAPCELL_ROW_65_1239,VPWR,li1,134.5500,187.9860,1.799924
TAP_TAPCELL_ROW_65_1238,VPWR,li1,108.7900,187.9860,1.799925
TAP_TAPCELL_ROW_65_1237,VPWR,li1,83.0300,187.9860,1.799934
TAP_TAPCELL_ROW_65_1236,VPWR,li1,57.2700,187.9860,1.799951
TAP_TAPCELL_ROW_65_1235,VPWR,li1,31.5100,187.9860,1.799977
TAP_TAPCELL_ROW_64_1234,VPWR,li1,379.2700,187.3730,1.799904
TAP_TAPCELL_ROW_64_1233,VPWR,li1,353.5100,187.3730,1.799930
TAP_TAPCELL_ROW_64_1232,VPWR,li1,327.7500,187.3730,1.799966
TAP_TAPCELL_ROW_64_1231,VPWR,li1,301.9900,187.3730,1.799943
TAP_TAPCELL_ROW_64_1230,VPWR,li1,276.2300,187.3730,1.799932
TAP_TAPCELL_ROW_64_1229,VPWR,li1,250.4700,187.3730,1.799931
TAP_TAPCELL_ROW_64_1228,VPWR,li1,224.7100,187.3730,1.799938
TAP_TAPCELL_ROW_64_1227,VPWR,li1,198.9500,187.3730,1.799947
TAP_TAPCELL_ROW_64_1226,VPWR,li1,173.1900,187.3730,1.799964
TAP_TAPCELL_ROW_64_1225,VPWR,li1,147.4300,187.3730,1.799928
TAP_TAPCELL_ROW_64_1224,VPWR,li1,121.6700,187.3730,1.799923
TAP_TAPCELL_ROW_64_1223,VPWR,li1,95.9100,187.3730,1.799929
TAP_TAPCELL_ROW_64_1222,VPWR,li1,70.1500,187.3730,1.799941
TAP_TAPCELL_ROW_64_1221,VPWR,li1,44.3900,187.3730,1.799962
TAP_TAPCELL_ROW_64_1220,VPWR,li1,18.6300,187.3730,1.799988
TAP_TAPCELL_ROW_63_1219,VPWR,li1,366.3900,182.5460,1.799914
TAP_TAPCELL_ROW_63_1218,VPWR,li1,340.6300,182.5460,1.799942
TAP_TAPCELL_ROW_63_1217,VPWR,li1,314.8700,182.5460,1.799928
TAP_TAPCELL_ROW_63_1216,VPWR,li1,289.1100,182.5460,1.799882
TAP_TAPCELL_ROW_63_1215,VPWR,li1,263.3500,182.5460,1.799857
TAP_TAPCELL_ROW_63_1214,VPWR,li1,237.5900,182.5460,1.799845
TAP_TAPCELL_ROW_63_1213,VPWR,li1,211.8300,182.5460,1.799860
TAP_TAPCELL_ROW_63_1212,VPWR,li1,186.0700,182.5460,1.799910
TAP_TAPCELL_ROW_63_1211,VPWR,li1,160.3100,182.5460,1.799910
TAP_TAPCELL_ROW_63_1210,VPWR,li1,134.5500,182.5460,1.799880
TAP_TAPCELL_ROW_63_1209,VPWR,li1,108.7900,182.5460,1.799867
TAP_TAPCELL_ROW_63_1208,VPWR,li1,83.0300,182.5460,1.799880
TAP_TAPCELL_ROW_63_1207,VPWR,li1,57.2700,182.5460,1.799914
TAP_TAPCELL_ROW_63_1206,VPWR,li1,31.5100,182.5460,1.799960
TAP_TAPCELL_ROW_62_1205,VPWR,li1,379.2700,181.9330,1.799909
TAP_TAPCELL_ROW_62_1204,VPWR,li1,353.5100,181.9330,1.799925
TAP_TAPCELL_ROW_62_1203,VPWR,li1,327.7500,181.9330,1.799959
TAP_TAPCELL_ROW_62_1202,VPWR,li1,301.9900,181.9330,1.799905
TAP_TAPCELL_ROW_62_1201,VPWR,li1,276.2300,181.9330,1.799867
TAP_TAPCELL_ROW_62_1200,VPWR,li1,250.4700,181.9330,1.799850
TAP_TAPCELL_ROW_62_1199,VPWR,li1,224.7100,181.9330,1.799847
TAP_TAPCELL_ROW_62_1198,VPWR,li1,198.9500,181.9330,1.799885
TAP_TAPCELL_ROW_62_1197,VPWR,li1,173.1900,181.9330,1.799940
TAP_TAPCELL_ROW_62_1196,VPWR,li1,147.4300,181.9330,1.799892
TAP_TAPCELL_ROW_62_1195,VPWR,li1,121.6700,181.9330,1.799869
TAP_TAPCELL_ROW_62_1194,VPWR,li1,95.9100,181.9330,1.799871
TAP_TAPCELL_ROW_62_1193,VPWR,li1,70.1500,181.9330,1.799895
TAP_TAPCELL_ROW_62_1192,VPWR,li1,44.3900,181.9330,1.799933
TAP_TAPCELL_ROW_62_1191,VPWR,li1,18.6300,181.9330,1.799979
TAP_TAPCELL_ROW_61_1190,VPWR,li1,366.3900,177.1060,1.799866
TAP_TAPCELL_ROW_61_1189,VPWR,li1,340.6300,177.1060,1.799917
TAP_TAPCELL_ROW_61_1188,VPWR,li1,314.8700,177.1060,1.799923
TAP_TAPCELL_ROW_61_1187,VPWR,li1,289.1100,177.1060,1.799884
TAP_TAPCELL_ROW_61_1186,VPWR,li1,263.3500,177.1060,1.799853
TAP_TAPCELL_ROW_61_1185,VPWR,li1,237.5900,177.1060,1.799828
TAP_TAPCELL_ROW_61_1184,VPWR,li1,211.8300,177.1060,1.799837
TAP_TAPCELL_ROW_61_1183,VPWR,li1,186.0700,177.1060,1.799879
TAP_TAPCELL_ROW_61_1182,VPWR,li1,160.3100,177.1060,1.799853
TAP_TAPCELL_ROW_61_1181,VPWR,li1,134.5500,177.1060,1.799787
TAP_TAPCELL_ROW_61_1180,VPWR,li1,108.7900,177.1060,1.799760
TAP_TAPCELL_ROW_61_1179,VPWR,li1,83.0300,177.1060,1.799791
TAP_TAPCELL_ROW_61_1178,VPWR,li1,57.2700,177.1060,1.799847
TAP_TAPCELL_ROW_61_1177,VPWR,li1,31.5100,177.1060,1.799933
TAP_TAPCELL_ROW_60_1176,VPWR,li1,379.2700,176.4930,1.799851
TAP_TAPCELL_ROW_60_1175,VPWR,li1,353.5100,176.4930,1.799888
TAP_TAPCELL_ROW_60_1174,VPWR,li1,327.7500,176.4930,1.799946
TAP_TAPCELL_ROW_60_1173,VPWR,li1,301.9900,176.4930,1.799903
TAP_TAPCELL_ROW_60_1172,VPWR,li1,276.2300,176.4930,1.799868
TAP_TAPCELL_ROW_60_1171,VPWR,li1,250.4700,176.4930,1.799839
TAP_TAPCELL_ROW_60_1170,VPWR,li1,224.7100,176.4930,1.799827
TAP_TAPCELL_ROW_60_1169,VPWR,li1,198.9500,176.4930,1.799852
TAP_TAPCELL_ROW_60_1168,VPWR,li1,173.1900,176.4930,1.799906
TAP_TAPCELL_ROW_60_1167,VPWR,li1,147.4300,176.4930,1.799813
TAP_TAPCELL_ROW_60_1166,VPWR,li1,121.6700,176.4930,1.799769
TAP_TAPCELL_ROW_60_1165,VPWR,li1,95.9100,176.4930,1.799767
TAP_TAPCELL_ROW_60_1164,VPWR,li1,70.1500,176.4930,1.799815
TAP_TAPCELL_ROW_60_1163,VPWR,li1,44.3900,176.4930,1.799888
TAP_TAPCELL_ROW_60_1162,VPWR,li1,18.6300,176.4930,1.799965
TAP_TAPCELL_ROW_59_1161,VPWR,li1,366.3900,171.6660,1.799837
TAP_TAPCELL_ROW_59_1160,VPWR,li1,340.6300,171.6660,1.799887
TAP_TAPCELL_ROW_59_1159,VPWR,li1,314.8700,171.6660,1.799869
TAP_TAPCELL_ROW_59_1158,VPWR,li1,289.1100,171.6660,1.799795
TAP_TAPCELL_ROW_59_1157,VPWR,li1,263.3500,171.6660,1.799749
TAP_TAPCELL_ROW_59_1156,VPWR,li1,237.5900,171.6660,1.799726
TAP_TAPCELL_ROW_59_1155,VPWR,li1,211.8300,171.6660,1.799751
TAP_TAPCELL_ROW_59_1154,VPWR,li1,186.0700,171.6660,1.799835
TAP_TAPCELL_ROW_59_1153,VPWR,li1,160.3100,171.6660,1.799830
TAP_TAPCELL_ROW_59_1152,VPWR,li1,134.5500,171.6660,1.799779
TAP_TAPCELL_ROW_59_1151,VPWR,li1,108.7900,171.6660,1.799763
TAP_TAPCELL_ROW_59_1150,VPWR,li1,83.0300,171.6660,1.799789
TAP_TAPCELL_ROW_59_1149,VPWR,li1,57.2700,171.6660,1.799851
TAP_TAPCELL_ROW_59_1148,VPWR,li1,31.5100,171.6660,1.799933
TAP_TAPCELL_ROW_58_1147,VPWR,li1,379.2700,171.0530,1.799830
TAP_TAPCELL_ROW_58_1146,VPWR,li1,353.5100,171.0530,1.799858
TAP_TAPCELL_ROW_58_1145,VPWR,li1,327.7500,171.0530,1.799916
TAP_TAPCELL_ROW_58_1144,VPWR,li1,301.9900,171.0530,1.799825
TAP_TAPCELL_ROW_58_1143,VPWR,li1,276.2300,171.0530,1.799766
TAP_TAPCELL_ROW_58_1142,VPWR,li1,250.4700,171.0530,1.799735
TAP_TAPCELL_ROW_58_1141,VPWR,li1,224.7100,171.0530,1.799726
TAP_TAPCELL_ROW_58_1140,VPWR,li1,198.9500,171.0530,1.799788
TAP_TAPCELL_ROW_58_1139,VPWR,li1,173.1900,171.0530,1.799883
TAP_TAPCELL_ROW_58_1138,VPWR,li1,147.4300,171.0530,1.799800
TAP_TAPCELL_ROW_58_1137,VPWR,li1,121.6700,171.0530,1.799764
TAP_TAPCELL_ROW_58_1136,VPWR,li1,95.9100,171.0530,1.799772
TAP_TAPCELL_ROW_58_1135,VPWR,li1,70.1500,171.0530,1.799814
TAP_TAPCELL_ROW_58_1134,VPWR,li1,44.3900,171.0530,1.799890
TAP_TAPCELL_ROW_58_1133,VPWR,li1,18.6300,171.0530,1.799965
TAP_TAPCELL_ROW_57_1132,VPWR,li1,366.3900,166.2260,1.799700
TAP_TAPCELL_ROW_57_1131,VPWR,li1,340.6300,166.2260,1.799802
TAP_TAPCELL_ROW_57_1130,VPWR,li1,314.8700,166.2260,1.799777
TAP_TAPCELL_ROW_57_1129,VPWR,li1,289.1100,166.2260,1.799668
TAP_TAPCELL_ROW_57_1128,VPWR,li1,263.3500,166.2260,1.799601
TAP_TAPCELL_ROW_57_1127,VPWR,li1,237.5900,166.2260,1.799561
TAP_TAPCELL_ROW_57_1126,VPWR,li1,211.8300,166.2260,1.799577
TAP_TAPCELL_ROW_57_1125,VPWR,li1,186.0700,166.2260,1.799750
TAP_TAPCELL_ROW_57_1124,VPWR,li1,160.3100,166.2260,1.799840
TAP_TAPCELL_ROW_57_1123,VPWR,li1,134.5500,166.2260,1.799797
TAP_TAPCELL_ROW_57_1122,VPWR,li1,108.7900,166.2260,1.799779
TAP_TAPCELL_ROW_57_1121,VPWR,li1,83.0300,166.2260,1.799806
TAP_TAPCELL_ROW_57_1120,VPWR,li1,57.2700,166.2260,1.799851
TAP_TAPCELL_ROW_57_1119,VPWR,li1,31.5100,166.2260,1.799933
TAP_TAPCELL_ROW_56_1118,VPWR,li1,379.2700,165.6130,1.799688
TAP_TAPCELL_ROW_56_1117,VPWR,li1,353.5100,165.6130,1.799738
TAP_TAPCELL_ROW_56_1116,VPWR,li1,327.7500,165.6130,1.799865
TAP_TAPCELL_ROW_56_1115,VPWR,li1,301.9900,165.6130,1.799717
TAP_TAPCELL_ROW_56_1114,VPWR,li1,276.2300,165.6130,1.799627
TAP_TAPCELL_ROW_56_1113,VPWR,li1,250.4700,165.6130,1.799580
TAP_TAPCELL_ROW_56_1112,VPWR,li1,224.7100,165.6130,1.799545
TAP_TAPCELL_ROW_56_1111,VPWR,li1,198.9500,165.6130,1.799643
TAP_TAPCELL_ROW_56_1110,VPWR,li1,173.1900,165.6130,1.799864
TAP_TAPCELL_ROW_56_1109,VPWR,li1,147.4300,165.6130,1.799818
TAP_TAPCELL_ROW_56_1108,VPWR,li1,121.6700,165.6130,1.799780
TAP_TAPCELL_ROW_56_1107,VPWR,li1,95.9100,165.6130,1.799791
TAP_TAPCELL_ROW_56_1106,VPWR,li1,70.1500,165.6130,1.799823
TAP_TAPCELL_ROW_56_1105,VPWR,li1,44.3900,165.6130,1.799884
TAP_TAPCELL_ROW_56_1104,VPWR,li1,18.6300,165.6130,1.799965
TAP_TAPCELL_ROW_55_1103,VPWR,li1,366.3900,160.7860,1.799769
TAP_TAPCELL_ROW_55_1102,VPWR,li1,340.6300,160.7860,1.799836
TAP_TAPCELL_ROW_55_1101,VPWR,li1,314.8700,160.7860,1.799773
TAP_TAPCELL_ROW_55_1100,VPWR,li1,289.1100,160.7860,1.799611
TAP_TAPCELL_ROW_55_1099,VPWR,li1,263.3500,160.7860,1.799552
TAP_TAPCELL_ROW_55_1098,VPWR,li1,237.5900,160.7860,1.799572
TAP_TAPCELL_ROW_55_1097,VPWR,li1,211.8300,160.7860,1.799681
TAP_TAPCELL_ROW_55_1096,VPWR,li1,186.0700,160.7860,1.799836
TAP_TAPCELL_ROW_55_1095,VPWR,li1,160.3100,160.7860,1.799898
TAP_TAPCELL_ROW_55_1094,VPWR,li1,134.5500,160.7860,1.799885
TAP_TAPCELL_ROW_55_1093,VPWR,li1,108.7900,160.7860,1.799882
TAP_TAPCELL_ROW_55_1092,VPWR,li1,83.0300,160.7860,1.799889
TAP_TAPCELL_ROW_55_1091,VPWR,li1,57.2700,160.7860,1.799909
TAP_TAPCELL_ROW_55_1090,VPWR,li1,31.5100,160.7860,1.799957
TAP_TAPCELL_ROW_54_1089,VPWR,li1,379.2700,160.1730,1.799760
TAP_TAPCELL_ROW_54_1088,VPWR,li1,353.5100,160.1730,1.799793
TAP_TAPCELL_ROW_54_1087,VPWR,li1,327.7500,160.1730,1.799881
TAP_TAPCELL_ROW_54_1086,VPWR,li1,301.9900,160.1730,1.799676
TAP_TAPCELL_ROW_54_1085,VPWR,li1,276.2300,160.1730,1.799559
TAP_TAPCELL_ROW_54_1084,VPWR,li1,250.4700,160.1730,1.799560
TAP_TAPCELL_ROW_54_1083,VPWR,li1,224.7100,160.1730,1.799622
TAP_TAPCELL_ROW_54_1082,VPWR,li1,198.9500,160.1730,1.799756
TAP_TAPCELL_ROW_54_1081,VPWR,li1,173.1900,160.1730,1.799909
TAP_TAPCELL_ROW_54_1080,VPWR,li1,147.4300,160.1730,1.799890
TAP_TAPCELL_ROW_54_1079,VPWR,li1,121.6700,160.1730,1.799883
TAP_TAPCELL_ROW_54_1078,VPWR,li1,95.9100,160.1730,1.799884
TAP_TAPCELL_ROW_54_1077,VPWR,li1,70.1500,160.1730,1.799896
TAP_TAPCELL_ROW_54_1076,VPWR,li1,44.3900,160.1730,1.799928
TAP_TAPCELL_ROW_54_1075,VPWR,li1,18.6300,160.1730,1.799977
TAP_TAPCELL_ROW_53_1074,VPWR,li1,366.3900,155.3460,1.799830
TAP_TAPCELL_ROW_53_1073,VPWR,li1,340.6300,155.3460,1.799889
TAP_TAPCELL_ROW_53_1072,VPWR,li1,314.8700,155.3460,1.799910
TAP_TAPCELL_ROW_53_1071,VPWR,li1,289.1100,155.3460,1.799870
TAP_TAPCELL_ROW_53_1070,VPWR,li1,263.3500,155.3460,1.799842
TAP_TAPCELL_ROW_53_1069,VPWR,li1,237.5900,155.3460,1.799827
TAP_TAPCELL_ROW_53_1068,VPWR,li1,211.8300,155.3460,1.799849
TAP_TAPCELL_ROW_53_1067,VPWR,li1,186.0700,155.3460,1.799888
TAP_TAPCELL_ROW_53_1066,VPWR,li1,160.3100,155.3460,1.799784
TAP_TAPCELL_ROW_53_1065,VPWR,li1,134.5500,155.3460,1.799650
TAP_TAPCELL_ROW_53_1064,VPWR,li1,108.7900,155.3460,1.799618
TAP_TAPCELL_ROW_53_1063,VPWR,li1,83.0300,155.3460,1.799677
TAP_TAPCELL_ROW_53_1062,VPWR,li1,57.2700,155.3460,1.799779
TAP_TAPCELL_ROW_53_1061,VPWR,li1,31.5100,155.3460,1.799908
TAP_TAPCELL_ROW_52_1060,VPWR,li1,379.2700,154.7330,1.799822
TAP_TAPCELL_ROW_52_1059,VPWR,li1,353.5100,154.7330,1.799847
TAP_TAPCELL_ROW_52_1058,VPWR,li1,327.7500,154.7330,1.799930
TAP_TAPCELL_ROW_52_1057,VPWR,li1,301.9900,154.7330,1.799886
TAP_TAPCELL_ROW_52_1056,VPWR,li1,276.2300,154.7330,1.799854
TAP_TAPCELL_ROW_52_1055,VPWR,li1,250.4700,154.7330,1.799833
TAP_TAPCELL_ROW_52_1054,VPWR,li1,224.7100,154.7330,1.799834
TAP_TAPCELL_ROW_52_1053,VPWR,li1,198.9500,154.7330,1.799866
TAP_TAPCELL_ROW_52_1052,VPWR,li1,173.1900,154.7330,1.799875
TAP_TAPCELL_ROW_52_1051,VPWR,li1,147.4300,154.7330,1.799712
TAP_TAPCELL_ROW_52_1050,VPWR,li1,121.6700,154.7330,1.799610
TAP_TAPCELL_ROW_52_1049,VPWR,li1,95.9100,154.7330,1.799636
TAP_TAPCELL_ROW_52_1048,VPWR,li1,70.1500,154.7330,1.799729
TAP_TAPCELL_ROW_52_1047,VPWR,li1,44.3900,154.7330,1.799839
TAP_TAPCELL_ROW_52_1046,VPWR,li1,18.6300,154.7330,1.799952
TAP_TAPCELL_ROW_51_1045,VPWR,li1,366.3900,149.9060,1.799634
TAP_TAPCELL_ROW_51_1044,VPWR,li1,340.6300,149.9060,1.799759
TAP_TAPCELL_ROW_51_1043,VPWR,li1,314.8700,149.9060,1.799768
TAP_TAPCELL_ROW_51_1042,VPWR,li1,289.1100,149.9060,1.799635
TAP_TAPCELL_ROW_51_1041,VPWR,li1,263.3500,149.9060,1.799501
TAP_TAPCELL_ROW_51_1040,VPWR,li1,237.5900,149.9060,1.799383
TAP_TAPCELL_ROW_51_1039,VPWR,li1,211.8300,149.9060,1.799419
TAP_TAPCELL_ROW_51_1038,VPWR,li1,186.0700,149.9060,1.799628
TAP_TAPCELL_ROW_51_1037,VPWR,li1,160.3100,149.9060,1.799620
TAP_TAPCELL_ROW_51_1036,VPWR,li1,134.5500,149.9060,1.799570
TAP_TAPCELL_ROW_51_1035,VPWR,li1,108.7900,149.9060,1.799568
TAP_TAPCELL_ROW_51_1034,VPWR,li1,83.0300,149.9060,1.799634
TAP_TAPCELL_ROW_51_1033,VPWR,li1,57.2700,149.9060,1.799739
TAP_TAPCELL_ROW_51_1032,VPWR,li1,31.5100,149.9060,1.799883
TAP_TAPCELL_ROW_50_1031,VPWR,li1,379.2700,149.2930,1.799617
TAP_TAPCELL_ROW_50_1030,VPWR,li1,353.5100,149.2930,1.799666
TAP_TAPCELL_ROW_50_1029,VPWR,li1,327.7500,149.2930,1.799833
TAP_TAPCELL_ROW_50_1028,VPWR,li1,301.9900,149.2930,1.799703
TAP_TAPCELL_ROW_50_1027,VPWR,li1,276.2300,149.2930,1.799566
TAP_TAPCELL_ROW_50_1026,VPWR,li1,250.4700,149.2930,1.799446
TAP_TAPCELL_ROW_50_1025,VPWR,li1,224.7100,149.2930,1.799364
TAP_TAPCELL_ROW_50_1024,VPWR,li1,198.9500,149.2930,1.799507
TAP_TAPCELL_ROW_50_1023,VPWR,li1,173.1900,149.2930,1.799747
TAP_TAPCELL_ROW_50_1022,VPWR,li1,147.4300,149.2930,1.799584
TAP_TAPCELL_ROW_50_1021,VPWR,li1,121.6700,149.2930,1.799563
TAP_TAPCELL_ROW_50_1020,VPWR,li1,95.9100,149.2930,1.799588
TAP_TAPCELL_ROW_50_1019,VPWR,li1,70.1500,149.2930,1.799683
TAP_TAPCELL_ROW_50_1018,VPWR,li1,44.3900,149.2930,1.799809
TAP_TAPCELL_ROW_50_1017,VPWR,li1,18.6300,149.2930,1.799939
TAP_TAPCELL_ROW_49_1016,VPWR,li1,366.3900,144.4660,1.799426
TAP_TAPCELL_ROW_49_1015,VPWR,li1,340.6300,144.4660,1.799624
TAP_TAPCELL_ROW_49_1014,VPWR,li1,314.8700,144.4660,1.799789
TAP_TAPCELL_ROW_49_1013,VPWR,li1,289.1100,144.4660,1.799792
TAP_TAPCELL_ROW_49_1012,VPWR,li1,263.3500,144.4660,1.799806
TAP_TAPCELL_ROW_49_1011,VPWR,li1,237.5900,144.4660,1.799829
TAP_TAPCELL_ROW_49_1010,VPWR,li1,211.8300,144.4660,1.799869
TAP_TAPCELL_ROW_49_1009,VPWR,li1,186.0700,144.4660,1.799932
TAP_TAPCELL_ROW_49_1008,VPWR,li1,160.3100,144.4660,1.799935
TAP_TAPCELL_ROW_49_1007,VPWR,li1,134.5500,144.4660,1.799908
TAP_TAPCELL_ROW_49_1006,VPWR,li1,108.7900,144.4660,1.799889
TAP_TAPCELL_ROW_49_1005,VPWR,li1,83.0300,144.4660,1.799883
TAP_TAPCELL_ROW_49_1004,VPWR,li1,57.2700,144.4660,1.799892
TAP_TAPCELL_ROW_49_1003,VPWR,li1,31.5100,144.4660,1.799953
TAP_TAPCELL_ROW_48_1002,VPWR,li1,379.2700,143.8530,1.799425
TAP_TAPCELL_ROW_48_1001,VPWR,li1,353.5100,143.8530,1.799451
TAP_TAPCELL_ROW_48_1000,VPWR,li1,327.7500,143.8530,1.799800
TAP_TAPCELL_ROW_48_999,VPWR,li1,301.9900,143.8530,1.799790
TAP_TAPCELL_ROW_48_998,VPWR,li1,276.2300,143.8530,1.799798
TAP_TAPCELL_ROW_48_997,VPWR,li1,250.4700,143.8530,1.799817
TAP_TAPCELL_ROW_48_996,VPWR,li1,224.7100,143.8530,1.799849
TAP_TAPCELL_ROW_48_995,VPWR,li1,198.9500,143.8530,1.799899
TAP_TAPCELL_ROW_48_994,VPWR,li1,173.1900,143.8530,1.799953
TAP_TAPCELL_ROW_48_993,VPWR,li1,147.4300,143.8530,1.799921
TAP_TAPCELL_ROW_48_992,VPWR,li1,121.6700,143.8530,1.799897
TAP_TAPCELL_ROW_48_991,VPWR,li1,95.9100,143.8530,1.799885
TAP_TAPCELL_ROW_48_990,VPWR,li1,70.1500,143.8530,1.799884
TAP_TAPCELL_ROW_48_989,VPWR,li1,44.3900,143.8530,1.799917
TAP_TAPCELL_ROW_48_988,VPWR,li1,18.6300,143.8530,1.799975
TAP_TAPCELL_ROW_47_987,VPWR,li1,366.3900,139.0260,1.799366
TAP_TAPCELL_ROW_47_986,VPWR,li1,340.6300,139.0260,1.799501
TAP_TAPCELL_ROW_47_985,VPWR,li1,314.8700,139.0260,1.799451
TAP_TAPCELL_ROW_47_984,VPWR,li1,289.1100,139.0260,1.799300
TAP_TAPCELL_ROW_47_983,VPWR,li1,263.3500,139.0260,1.799267
TAP_TAPCELL_ROW_47_982,VPWR,li1,237.5900,139.0260,1.799325
TAP_TAPCELL_ROW_47_981,VPWR,li1,211.8300,139.0260,1.799532
TAP_TAPCELL_ROW_47_980,VPWR,li1,186.0700,139.0260,1.799762
TAP_TAPCELL_ROW_47_979,VPWR,li1,160.3100,139.0260,1.799834
TAP_TAPCELL_ROW_47_978,VPWR,li1,134.5500,139.0260,1.799785
TAP_TAPCELL_ROW_47_977,VPWR,li1,108.7900,139.0260,1.799758
TAP_TAPCELL_ROW_47_976,VPWR,li1,83.0300,139.0260,1.799798
TAP_TAPCELL_ROW_47_975,VPWR,li1,57.2700,139.0260,1.799852
TAP_TAPCELL_ROW_47_974,VPWR,li1,31.5100,139.0260,1.799935
TAP_TAPCELL_ROW_46_973,VPWR,li1,379.2700,138.4130,1.799356
TAP_TAPCELL_ROW_46_972,VPWR,li1,353.5100,138.4130,1.799402
TAP_TAPCELL_ROW_46_971,VPWR,li1,327.7500,138.4130,1.799630
TAP_TAPCELL_ROW_46_970,VPWR,li1,301.9900,138.4130,1.799357
TAP_TAPCELL_ROW_46_969,VPWR,li1,276.2300,138.4130,1.799264
TAP_TAPCELL_ROW_46_968,VPWR,li1,250.4700,138.4130,1.799271
TAP_TAPCELL_ROW_46_967,VPWR,li1,224.7100,138.4130,1.799426
TAP_TAPCELL_ROW_46_966,VPWR,li1,198.9500,138.4130,1.799645
TAP_TAPCELL_ROW_46_965,VPWR,li1,173.1900,138.4130,1.799863
TAP_TAPCELL_ROW_46_964,VPWR,li1,147.4300,138.4130,1.799806
TAP_TAPCELL_ROW_46_963,VPWR,li1,121.6700,138.4130,1.799764
TAP_TAPCELL_ROW_46_962,VPWR,li1,95.9100,138.4130,1.799777
TAP_TAPCELL_ROW_46_961,VPWR,li1,70.1500,138.4130,1.799821
TAP_TAPCELL_ROW_46_960,VPWR,li1,44.3900,138.4130,1.799885
TAP_TAPCELL_ROW_46_959,VPWR,li1,18.6300,138.4130,1.799966
TAP_TAPCELL_ROW_45_958,VPWR,li1,366.3900,133.5860,1.798536
TAP_TAPCELL_ROW_45_957,VPWR,li1,340.6300,133.5860,1.798775
TAP_TAPCELL_ROW_45_956,VPWR,li1,314.8700,133.5860,1.798659
TAP_TAPCELL_ROW_45_955,VPWR,li1,289.1100,133.5860,1.798166
TAP_TAPCELL_ROW_45_954,VPWR,li1,263.3500,133.5860,1.798078
TAP_TAPCELL_ROW_45_953,VPWR,li1,237.5900,133.5860,1.798165
TAP_TAPCELL_ROW_45_952,VPWR,li1,211.8300,133.5860,1.798486
TAP_TAPCELL_ROW_45_951,VPWR,li1,186.0700,133.5860,1.799127
TAP_TAPCELL_ROW_45_950,VPWR,li1,160.3100,133.5860,1.799299
TAP_TAPCELL_ROW_45_949,VPWR,li1,134.5500,133.5860,1.799207
TAP_TAPCELL_ROW_45_948,VPWR,li1,108.7900,133.5860,1.799194
TAP_TAPCELL_ROW_45_947,VPWR,li1,83.0300,133.5860,1.799344
TAP_TAPCELL_ROW_45_946,VPWR,li1,57.2700,133.5860,1.799502
TAP_TAPCELL_ROW_45_945,VPWR,li1,31.5100,133.5860,1.799791
TAP_TAPCELL_ROW_44_944,VPWR,li1,379.2700,132.9730,1.798528
TAP_TAPCELL_ROW_44_943,VPWR,li1,353.5100,132.9730,1.798558
TAP_TAPCELL_ROW_44_942,VPWR,li1,327.7500,132.9730,1.799208
TAP_TAPCELL_ROW_44_941,VPWR,li1,301.9900,132.9730,1.798357
TAP_TAPCELL_ROW_44_940,VPWR,li1,276.2300,132.9730,1.798064
TAP_TAPCELL_ROW_44_939,VPWR,li1,250.4700,132.9730,1.798115
TAP_TAPCELL_ROW_44_938,VPWR,li1,224.7100,132.9730,1.798252
TAP_TAPCELL_ROW_44_937,VPWR,li1,198.9500,132.9730,1.798753
TAP_TAPCELL_ROW_44_936,VPWR,li1,173.1900,132.9730,1.799457
TAP_TAPCELL_ROW_44_935,VPWR,li1,147.4300,132.9730,1.799244
TAP_TAPCELL_ROW_44_934,VPWR,li1,121.6700,132.9730,1.799165
TAP_TAPCELL_ROW_44_933,VPWR,li1,95.9100,132.9730,1.799263
TAP_TAPCELL_ROW_44_932,VPWR,li1,70.1500,132.9730,1.799411
TAP_TAPCELL_ROW_44_931,VPWR,li1,44.3900,132.9730,1.799632
TAP_TAPCELL_ROW_44_930,VPWR,li1,18.6300,132.9730,1.799891
TAP_TAPCELL_ROW_43_929,VPWR,li1,366.3900,128.1460,1.797230
TAP_TAPCELL_ROW_43_928,VPWR,li1,340.6300,128.1460,1.797647
TAP_TAPCELL_ROW_43_927,VPWR,li1,314.8700,128.1460,1.797909
TAP_TAPCELL_ROW_43_926,VPWR,li1,289.1100,128.1460,1.796845
TAP_TAPCELL_ROW_43_925,VPWR,li1,263.3500,128.1460,1.796273
TAP_TAPCELL_ROW_43_924,VPWR,li1,237.5900,128.1460,1.796043
TAP_TAPCELL_ROW_43_923,VPWR,li1,211.8300,128.1460,1.797129
TAP_TAPCELL_ROW_43_922,VPWR,li1,186.0700,128.1460,1.798537
TAP_TAPCELL_ROW_43_921,VPWR,li1,160.3100,128.1460,1.799137
TAP_TAPCELL_ROW_43_920,VPWR,li1,134.5500,128.1460,1.799184
TAP_TAPCELL_ROW_43_919,VPWR,li1,108.7900,128.1460,1.799282
TAP_TAPCELL_ROW_43_918,VPWR,li1,83.0300,128.1460,1.799420
TAP_TAPCELL_ROW_43_917,VPWR,li1,57.2700,128.1460,1.799614
TAP_TAPCELL_ROW_43_916,VPWR,li1,31.5100,128.1460,1.799841
TAP_TAPCELL_ROW_42_915,VPWR,li1,379.2700,127.5330,1.797221
TAP_TAPCELL_ROW_42_914,VPWR,li1,353.5100,127.5330,1.797239
TAP_TAPCELL_ROW_42_913,VPWR,li1,327.7500,127.5330,1.798501
TAP_TAPCELL_ROW_42_912,VPWR,li1,301.9900,127.5330,1.797384
TAP_TAPCELL_ROW_42_911,VPWR,li1,276.2300,127.5330,1.796525
TAP_TAPCELL_ROW_42_910,VPWR,li1,250.4700,127.5330,1.796079
TAP_TAPCELL_ROW_42_909,VPWR,li1,224.7100,127.5330,1.796508
TAP_TAPCELL_ROW_42_908,VPWR,li1,198.9500,127.5330,1.797753
TAP_TAPCELL_ROW_42_907,VPWR,li1,173.1900,127.5330,1.799221
TAP_TAPCELL_ROW_42_906,VPWR,li1,147.4300,127.5330,1.799155
TAP_TAPCELL_ROW_42_905,VPWR,li1,121.6700,127.5330,1.799226
TAP_TAPCELL_ROW_42_904,VPWR,li1,95.9100,127.5330,1.799337
TAP_TAPCELL_ROW_42_903,VPWR,li1,70.1500,127.5330,1.799521
TAP_TAPCELL_ROW_42_902,VPWR,li1,44.3900,127.5330,1.799720
TAP_TAPCELL_ROW_42_901,VPWR,li1,18.6300,127.5330,1.799917
TAP_TAPCELL_ROW_41_900,VPWR,li1,366.3900,122.7060,1.796552
TAP_TAPCELL_ROW_41_899,VPWR,li1,340.6300,122.7060,1.797186
TAP_TAPCELL_ROW_41_898,VPWR,li1,314.8700,122.7060,1.797469
TAP_TAPCELL_ROW_41_897,VPWR,li1,289.1100,122.7060,1.795727
TAP_TAPCELL_ROW_41_896,VPWR,li1,263.3500,122.7060,1.794579
TAP_TAPCELL_ROW_41_895,VPWR,li1,237.5900,122.7060,1.793678
TAP_TAPCELL_ROW_41_894,VPWR,li1,211.8300,122.7060,1.794582
TAP_TAPCELL_ROW_41_893,VPWR,li1,186.0700,122.7060,1.797144
TAP_TAPCELL_ROW_41_892,VPWR,li1,160.3100,122.7060,1.798147
TAP_TAPCELL_ROW_41_891,VPWR,li1,134.5500,122.7060,1.798052
TAP_TAPCELL_ROW_41_890,VPWR,li1,108.7900,122.7060,1.798060
TAP_TAPCELL_ROW_41_889,VPWR,li1,83.0300,122.7060,1.798434
TAP_TAPCELL_ROW_41_888,VPWR,li1,57.2700,122.7060,1.798928
TAP_TAPCELL_ROW_41_887,VPWR,li1,31.5100,122.7060,1.799551
TAP_TAPCELL_ROW_40_886,VPWR,li1,379.2700,122.0930,1.796495
TAP_TAPCELL_ROW_40_885,VPWR,li1,353.5100,122.0930,1.796615
TAP_TAPCELL_ROW_40_884,VPWR,li1,327.7500,122.0930,1.798334
TAP_TAPCELL_ROW_40_883,VPWR,li1,301.9900,122.0930,1.796611
TAP_TAPCELL_ROW_40_882,VPWR,li1,276.2300,122.0930,1.795111
TAP_TAPCELL_ROW_40_881,VPWR,li1,250.4700,122.0930,1.794139
TAP_TAPCELL_ROW_40_880,VPWR,li1,224.7100,122.0930,1.793854
TAP_TAPCELL_ROW_40_879,VPWR,li1,198.9500,122.0930,1.795609
TAP_TAPCELL_ROW_40_878,VPWR,li1,173.1900,122.0930,1.798352
TAP_TAPCELL_ROW_40_877,VPWR,li1,147.4300,122.0930,1.798100
TAP_TAPCELL_ROW_40_876,VPWR,li1,121.6700,122.0930,1.798000
TAP_TAPCELL_ROW_40_875,VPWR,li1,95.9100,122.0930,1.798207
TAP_TAPCELL_ROW_40_874,VPWR,li1,70.1500,122.0930,1.798680
TAP_TAPCELL_ROW_40_873,VPWR,li1,44.3900,122.0930,1.799212
TAP_TAPCELL_ROW_40_872,VPWR,li1,18.6300,122.0930,1.799766
TAP_TAPCELL_ROW_39_871,VPWR,li1,366.3900,117.2660,1.799700
TAP_TAPCELL_ROW_39_870,VPWR,li1,340.6300,117.2660,1.799806
TAP_TAPCELL_ROW_39_869,VPWR,li1,314.8700,117.2660,1.799736
TAP_TAPCELL_ROW_39_868,VPWR,li1,289.1100,117.2660,1.799497
TAP_TAPCELL_ROW_39_867,VPWR,li1,263.3500,117.2660,1.799274
TAP_TAPCELL_ROW_39_866,VPWR,li1,237.5900,117.2660,1.799067
TAP_TAPCELL_ROW_39_865,VPWR,li1,211.8300,117.2660,1.798870
TAP_TAPCELL_ROW_39_864,VPWR,li1,186.0700,117.2660,1.798772
TAP_TAPCELL_ROW_39_863,VPWR,li1,160.3100,117.2660,1.798796
TAP_TAPCELL_ROW_39_862,VPWR,li1,134.5500,117.2660,1.798660
TAP_TAPCELL_ROW_39_861,VPWR,li1,108.7900,117.2660,1.798584
TAP_TAPCELL_ROW_39_860,VPWR,li1,83.0300,117.2660,1.798712
TAP_TAPCELL_ROW_39_859,VPWR,li1,57.2700,117.2660,1.799081
TAP_TAPCELL_ROW_39_858,VPWR,li1,31.5100,117.2660,1.799621
TAP_TAPCELL_ROW_38_857,VPWR,li1,379.2700,116.6530,1.799653
TAP_TAPCELL_ROW_38_856,VPWR,li1,353.5100,116.6530,1.799755
TAP_TAPCELL_ROW_38_855,VPWR,li1,327.7500,116.6530,1.799858
TAP_TAPCELL_ROW_38_854,VPWR,li1,301.9900,116.6530,1.799612
TAP_TAPCELL_ROW_38_853,VPWR,li1,276.2300,116.6530,1.799380
TAP_TAPCELL_ROW_38_852,VPWR,li1,250.4700,116.6530,1.799174
TAP_TAPCELL_ROW_38_851,VPWR,li1,224.7100,116.6530,1.798958
TAP_TAPCELL_ROW_38_850,VPWR,li1,198.9500,116.6530,1.798778
TAP_TAPCELL_ROW_38_849,VPWR,li1,173.1900,116.6530,1.799032
TAP_TAPCELL_ROW_38_848,VPWR,li1,147.4300,116.6530,1.798722
TAP_TAPCELL_ROW_38_847,VPWR,li1,121.6700,116.6530,1.798596
TAP_TAPCELL_ROW_38_846,VPWR,li1,95.9100,116.6530,1.798637
TAP_TAPCELL_ROW_38_845,VPWR,li1,70.1500,116.6530,1.798876
TAP_TAPCELL_ROW_38_844,VPWR,li1,44.3900,116.6530,1.799335
TAP_TAPCELL_ROW_38_843,VPWR,li1,18.6300,116.6530,1.799803
TAP_TAPCELL_ROW_37_842,VPWR,li1,366.3900,111.8260,1.799870
TAP_TAPCELL_ROW_37_841,VPWR,li1,340.6300,111.8260,1.799871
TAP_TAPCELL_ROW_37_840,VPWR,li1,314.8700,111.8260,1.799696
TAP_TAPCELL_ROW_37_839,VPWR,li1,289.1100,111.8260,1.799380
TAP_TAPCELL_ROW_37_838,VPWR,li1,263.3500,111.8260,1.799092
TAP_TAPCELL_ROW_37_837,VPWR,li1,237.5900,111.8260,1.798803
TAP_TAPCELL_ROW_37_836,VPWR,li1,211.8300,111.8260,1.798545
TAP_TAPCELL_ROW_37_835,VPWR,li1,186.0700,111.8260,1.798470
TAP_TAPCELL_ROW_37_834,VPWR,li1,160.3100,111.8260,1.798244
TAP_TAPCELL_ROW_37_833,VPWR,li1,134.5500,111.8260,1.797840
TAP_TAPCELL_ROW_37_832,VPWR,li1,108.7900,111.8260,1.797782
TAP_TAPCELL_ROW_37_831,VPWR,li1,83.0300,111.8260,1.798142
TAP_TAPCELL_ROW_37_830,VPWR,li1,57.2700,111.8260,1.798768
TAP_TAPCELL_ROW_37_829,VPWR,li1,31.5100,111.8260,1.799492
TAP_TAPCELL_ROW_36_828,VPWR,li1,379.2700,111.2130,1.799870
TAP_TAPCELL_ROW_36_827,VPWR,li1,353.5100,111.2130,1.799870
TAP_TAPCELL_ROW_36_826,VPWR,li1,327.7500,111.2130,1.799848
TAP_TAPCELL_ROW_36_825,VPWR,li1,301.9900,111.2130,1.799531
TAP_TAPCELL_ROW_36_824,VPWR,li1,276.2300,111.2130,1.799231
TAP_TAPCELL_ROW_36_823,VPWR,li1,250.4700,111.2130,1.798948
TAP_TAPCELL_ROW_36_822,VPWR,li1,224.7100,111.2130,1.798686
TAP_TAPCELL_ROW_36_821,VPWR,li1,198.9500,111.2130,1.798426
TAP_TAPCELL_ROW_36_820,VPWR,li1,173.1900,111.2130,1.798684
TAP_TAPCELL_ROW_36_819,VPWR,li1,147.4300,111.2130,1.798018
TAP_TAPCELL_ROW_36_818,VPWR,li1,121.6700,111.2130,1.797700
TAP_TAPCELL_ROW_36_817,VPWR,li1,95.9100,111.2130,1.797955
TAP_TAPCELL_ROW_36_816,VPWR,li1,70.1500,111.2130,1.798427
TAP_TAPCELL_ROW_36_815,VPWR,li1,44.3900,111.2130,1.799109
TAP_TAPCELL_ROW_36_814,VPWR,li1,18.6300,111.2130,1.799735
TAP_TAPCELL_ROW_35_813,VPWR,li1,366.3900,106.3860,1.799948
TAP_TAPCELL_ROW_35_812,VPWR,li1,340.6300,106.3860,1.799950
TAP_TAPCELL_ROW_35_811,VPWR,li1,314.8700,106.3860,1.799900
TAP_TAPCELL_ROW_35_810,VPWR,li1,289.1100,106.3860,1.799889
TAP_TAPCELL_ROW_35_809,VPWR,li1,263.3500,106.3860,1.799889
TAP_TAPCELL_ROW_35_808,VPWR,li1,237.5900,106.3860,1.799894
TAP_TAPCELL_ROW_35_807,VPWR,li1,211.8300,106.3860,1.799902
TAP_TAPCELL_ROW_35_806,VPWR,li1,186.0700,106.3860,1.799919
TAP_TAPCELL_ROW_35_805,VPWR,li1,160.3100,106.3860,1.799886
TAP_TAPCELL_ROW_35_804,VPWR,li1,134.5500,106.3860,1.799876
TAP_TAPCELL_ROW_35_803,VPWR,li1,108.7900,106.3860,1.799880
TAP_TAPCELL_ROW_35_802,VPWR,li1,83.0300,106.3860,1.799895
TAP_TAPCELL_ROW_35_801,VPWR,li1,57.2700,106.3860,1.799922
TAP_TAPCELL_ROW_35_800,VPWR,li1,31.5100,106.3860,1.799966
TAP_TAPCELL_ROW_34_799,VPWR,li1,379.2700,105.7730,1.799947
TAP_TAPCELL_ROW_34_798,VPWR,li1,353.5100,105.7730,1.799949
TAP_TAPCELL_ROW_34_797,VPWR,li1,327.7500,105.7730,1.799947
TAP_TAPCELL_ROW_34_796,VPWR,li1,301.9900,105.7730,1.799890
TAP_TAPCELL_ROW_34_795,VPWR,li1,276.2300,105.7730,1.799888
TAP_TAPCELL_ROW_34_794,VPWR,li1,250.4700,105.7730,1.799891
TAP_TAPCELL_ROW_34_793,VPWR,li1,224.7100,105.7730,1.799897
TAP_TAPCELL_ROW_34_792,VPWR,li1,198.9500,105.7730,1.799908
TAP_TAPCELL_ROW_34_791,VPWR,li1,173.1900,105.7730,1.799923
TAP_TAPCELL_ROW_34_790,VPWR,li1,147.4300,105.7730,1.799877
TAP_TAPCELL_ROW_34_789,VPWR,li1,121.6700,105.7730,1.799876
TAP_TAPCELL_ROW_34_788,VPWR,li1,95.9100,105.7730,1.799886
TAP_TAPCELL_ROW_34_787,VPWR,li1,70.1500,105.7730,1.799908
TAP_TAPCELL_ROW_34_786,VPWR,li1,44.3900,105.7730,1.799941
TAP_TAPCELL_ROW_34_785,VPWR,li1,18.6300,105.7730,1.799982
TAP_TAPCELL_ROW_33_784,VPWR,li1,366.3900,100.9460,1.799961
TAP_TAPCELL_ROW_33_783,VPWR,li1,340.6300,100.9460,1.799963
TAP_TAPCELL_ROW_33_782,VPWR,li1,314.8700,100.9460,1.799917
TAP_TAPCELL_ROW_33_781,VPWR,li1,289.1100,100.9460,1.799903
TAP_TAPCELL_ROW_33_780,VPWR,li1,263.3500,100.9460,1.799898
TAP_TAPCELL_ROW_33_779,VPWR,li1,237.5900,100.9460,1.799908
TAP_TAPCELL_ROW_33_778,VPWR,li1,211.8300,100.9460,1.799926
TAP_TAPCELL_ROW_33_777,VPWR,li1,186.0700,100.9460,1.799957
TAP_TAPCELL_ROW_33_776,VPWR,li1,160.3100,100.9460,1.799960
TAP_TAPCELL_ROW_33_775,VPWR,li1,134.5500,100.9460,1.799942
TAP_TAPCELL_ROW_33_774,VPWR,li1,108.7900,100.9460,1.799934
TAP_TAPCELL_ROW_33_773,VPWR,li1,83.0300,100.9460,1.799941
TAP_TAPCELL_ROW_33_772,VPWR,li1,57.2700,100.9460,1.799955
TAP_TAPCELL_ROW_33_771,VPWR,li1,31.5100,100.9460,1.799980
TAP_TAPCELL_ROW_32_770,VPWR,li1,379.2700,100.3330,1.799961
TAP_TAPCELL_ROW_32_769,VPWR,li1,353.5100,100.3330,1.799962
TAP_TAPCELL_ROW_32_768,VPWR,li1,327.7500,100.3330,1.799958
TAP_TAPCELL_ROW_32_767,VPWR,li1,301.9900,100.3330,1.799909
TAP_TAPCELL_ROW_32_766,VPWR,li1,276.2300,100.3330,1.799899
TAP_TAPCELL_ROW_32_765,VPWR,li1,250.4700,100.3330,1.799901
TAP_TAPCELL_ROW_32_764,VPWR,li1,224.7100,100.3330,1.799915
TAP_TAPCELL_ROW_32_763,VPWR,li1,198.9500,100.3330,1.799942
TAP_TAPCELL_ROW_32_762,VPWR,li1,173.1900,100.3330,1.799972
TAP_TAPCELL_ROW_32_761,VPWR,li1,147.4300,100.3330,1.799950
TAP_TAPCELL_ROW_32_760,VPWR,li1,121.6700,100.3330,1.799936
TAP_TAPCELL_ROW_32_759,VPWR,li1,95.9100,100.3330,1.799936
TAP_TAPCELL_ROW_32_758,VPWR,li1,70.1500,100.3330,1.799946
TAP_TAPCELL_ROW_32_757,VPWR,li1,44.3900,100.3330,1.799967
TAP_TAPCELL_ROW_32_756,VPWR,li1,18.6300,100.3330,1.799990
TAP_TAPCELL_ROW_31_755,VPWR,li1,366.3900,95.5060,1.799977
TAP_TAPCELL_ROW_31_754,VPWR,li1,340.6300,95.5060,1.799979
TAP_TAPCELL_ROW_31_753,VPWR,li1,314.8700,95.5060,1.799960
TAP_TAPCELL_ROW_31_752,VPWR,li1,289.1100,95.5060,1.799936
TAP_TAPCELL_ROW_31_751,VPWR,li1,263.3500,95.5060,1.799920
TAP_TAPCELL_ROW_31_750,VPWR,li1,237.5900,95.5060,1.799914
TAP_TAPCELL_ROW_31_749,VPWR,li1,211.8300,95.5060,1.799918
TAP_TAPCELL_ROW_31_748,VPWR,li1,186.0700,95.5060,1.799940
TAP_TAPCELL_ROW_31_747,VPWR,li1,160.3100,95.5060,1.799923
TAP_TAPCELL_ROW_31_746,VPWR,li1,134.5500,95.5060,1.799879
TAP_TAPCELL_ROW_31_745,VPWR,li1,108.7900,95.5060,1.799867
TAP_TAPCELL_ROW_31_744,VPWR,li1,83.0300,95.5060,1.799875
TAP_TAPCELL_ROW_31_743,VPWR,li1,57.2700,95.5060,1.799910
TAP_TAPCELL_ROW_31_742,VPWR,li1,31.5100,95.5060,1.799959
TAP_TAPCELL_ROW_30_741,VPWR,li1,379.2700,94.8930,1.799975
TAP_TAPCELL_ROW_30_740,VPWR,li1,353.5100,94.8930,1.799978
TAP_TAPCELL_ROW_30_739,VPWR,li1,327.7500,94.8930,1.799977
TAP_TAPCELL_ROW_30_738,VPWR,li1,301.9900,94.8930,1.799947
TAP_TAPCELL_ROW_30_737,VPWR,li1,276.2300,94.8930,1.799926
TAP_TAPCELL_ROW_30_736,VPWR,li1,250.4700,94.8930,1.799916
TAP_TAPCELL_ROW_30_735,VPWR,li1,224.7100,94.8930,1.799914
TAP_TAPCELL_ROW_30_734,VPWR,li1,198.9500,94.8930,1.799928
TAP_TAPCELL_ROW_30_733,VPWR,li1,173.1900,94.8930,1.799950
TAP_TAPCELL_ROW_30_732,VPWR,li1,147.4300,94.8930,1.799895
TAP_TAPCELL_ROW_30_731,VPWR,li1,121.6700,94.8930,1.799871
TAP_TAPCELL_ROW_30_730,VPWR,li1,95.9100,94.8930,1.799868
TAP_TAPCELL_ROW_30_729,VPWR,li1,70.1500,94.8930,1.799890
TAP_TAPCELL_ROW_30_728,VPWR,li1,44.3900,94.8930,1.799932
TAP_TAPCELL_ROW_30_727,VPWR,li1,18.6300,94.8930,1.799979
TAP_TAPCELL_ROW_29_726,VPWR,li1,366.3900,90.0660,1.799919
TAP_TAPCELL_ROW_29_725,VPWR,li1,340.6300,90.0660,1.799919
TAP_TAPCELL_ROW_29_724,VPWR,li1,314.8700,90.0660,1.799882
TAP_TAPCELL_ROW_29_723,VPWR,li1,289.1100,90.0660,1.799813
TAP_TAPCELL_ROW_29_722,VPWR,li1,263.3500,90.0660,1.799751
TAP_TAPCELL_ROW_29_721,VPWR,li1,237.5900,90.0660,1.799715
TAP_TAPCELL_ROW_29_720,VPWR,li1,211.8300,90.0660,1.799777
TAP_TAPCELL_ROW_29_719,VPWR,li1,186.0700,90.0660,1.799889
TAP_TAPCELL_ROW_29_718,VPWR,li1,160.3100,90.0660,1.799901
TAP_TAPCELL_ROW_29_717,VPWR,li1,134.5500,90.0660,1.799867
TAP_TAPCELL_ROW_29_716,VPWR,li1,108.7900,90.0660,1.799837
TAP_TAPCELL_ROW_29_715,VPWR,li1,83.0300,90.0660,1.799840
TAP_TAPCELL_ROW_29_714,VPWR,li1,57.2700,90.0660,1.799883
TAP_TAPCELL_ROW_29_713,VPWR,li1,31.5100,90.0660,1.799948
TAP_TAPCELL_ROW_28_712,VPWR,li1,379.2700,89.4530,1.799919
TAP_TAPCELL_ROW_28_711,VPWR,li1,353.5100,89.4530,1.799919
TAP_TAPCELL_ROW_28_710,VPWR,li1,327.7500,89.4530,1.799931
TAP_TAPCELL_ROW_28_709,VPWR,li1,301.9900,89.4530,1.799848
TAP_TAPCELL_ROW_28_708,VPWR,li1,276.2300,89.4530,1.799779
TAP_TAPCELL_ROW_28_707,VPWR,li1,250.4700,89.4530,1.799730
TAP_TAPCELL_ROW_28_706,VPWR,li1,224.7100,89.4530,1.799739
TAP_TAPCELL_ROW_28_705,VPWR,li1,198.9500,89.4530,1.799832
TAP_TAPCELL_ROW_28_704,VPWR,li1,173.1900,89.4530,1.799923
TAP_TAPCELL_ROW_28_703,VPWR,li1,147.4300,89.4530,1.799883
TAP_TAPCELL_ROW_28_702,VPWR,li1,121.6700,89.4530,1.799851
TAP_TAPCELL_ROW_28_701,VPWR,li1,95.9100,89.4530,1.799835
TAP_TAPCELL_ROW_28_700,VPWR,li1,70.1500,89.4530,1.799859
TAP_TAPCELL_ROW_28_699,VPWR,li1,44.3900,89.4530,1.799911
TAP_TAPCELL_ROW_28_698,VPWR,li1,18.6300,89.4530,1.799973
TAP_TAPCELL_ROW_27_697,VPWR,li1,366.3900,84.6260,1.799914
TAP_TAPCELL_ROW_27_696,VPWR,li1,340.6300,84.6260,1.799938
TAP_TAPCELL_ROW_27_695,VPWR,li1,314.8700,84.6260,1.799921
TAP_TAPCELL_ROW_27_694,VPWR,li1,289.1100,84.6260,1.799871
TAP_TAPCELL_ROW_27_693,VPWR,li1,263.3500,84.6260,1.799833
TAP_TAPCELL_ROW_27_692,VPWR,li1,237.5900,84.6260,1.799804
TAP_TAPCELL_ROW_27_691,VPWR,li1,211.8300,84.6260,1.799814
TAP_TAPCELL_ROW_27_690,VPWR,li1,186.0700,84.6260,1.799873
TAP_TAPCELL_ROW_27_689,VPWR,li1,160.3100,84.6260,1.799850
TAP_TAPCELL_ROW_27_688,VPWR,li1,134.5500,84.6260,1.799774
TAP_TAPCELL_ROW_27_687,VPWR,li1,108.7900,84.6260,1.799741
TAP_TAPCELL_ROW_27_686,VPWR,li1,83.0300,84.6260,1.799779
TAP_TAPCELL_ROW_27_685,VPWR,li1,57.2700,84.6260,1.799841
TAP_TAPCELL_ROW_27_684,VPWR,li1,31.5100,84.6260,1.799930
TAP_TAPCELL_ROW_26_683,VPWR,li1,379.2700,84.0130,1.799910
TAP_TAPCELL_ROW_26_682,VPWR,li1,353.5100,84.0130,1.799922
TAP_TAPCELL_ROW_26_681,VPWR,li1,327.7500,84.0130,1.799951
TAP_TAPCELL_ROW_26_680,VPWR,li1,301.9900,84.0130,1.799894
TAP_TAPCELL_ROW_26_679,VPWR,li1,276.2300,84.0130,1.799850
TAP_TAPCELL_ROW_26_678,VPWR,li1,250.4700,84.0130,1.799816
TAP_TAPCELL_ROW_26_677,VPWR,li1,224.7100,84.0130,1.799800
TAP_TAPCELL_ROW_26_676,VPWR,li1,198.9500,84.0130,1.799842
TAP_TAPCELL_ROW_26_675,VPWR,li1,173.1900,84.0130,1.799900
TAP_TAPCELL_ROW_26_674,VPWR,li1,147.4300,84.0130,1.799805
TAP_TAPCELL_ROW_26_673,VPWR,li1,121.6700,84.0130,1.799752
TAP_TAPCELL_ROW_26_672,VPWR,li1,95.9100,84.0130,1.799760
TAP_TAPCELL_ROW_26_671,VPWR,li1,70.1500,84.0130,1.799806
TAP_TAPCELL_ROW_26_670,VPWR,li1,44.3900,84.0130,1.799879
TAP_TAPCELL_ROW_26_669,VPWR,li1,18.6300,84.0130,1.799964
TAP_TAPCELL_ROW_25_668,VPWR,li1,366.3900,79.1860,1.799892
TAP_TAPCELL_ROW_25_667,VPWR,li1,340.6300,79.1860,1.799918
TAP_TAPCELL_ROW_25_666,VPWR,li1,314.8700,79.1860,1.799890
TAP_TAPCELL_ROW_25_665,VPWR,li1,289.1100,79.1860,1.799832
TAP_TAPCELL_ROW_25_664,VPWR,li1,263.3500,79.1860,1.799807
TAP_TAPCELL_ROW_25_663,VPWR,li1,237.5900,79.1860,1.799819
TAP_TAPCELL_ROW_25_662,VPWR,li1,211.8300,79.1860,1.799846
TAP_TAPCELL_ROW_25_661,VPWR,li1,186.0700,79.1860,1.799908
TAP_TAPCELL_ROW_25_660,VPWR,li1,160.3100,79.1860,1.799925
TAP_TAPCELL_ROW_25_659,VPWR,li1,134.5500,79.1860,1.799906
TAP_TAPCELL_ROW_25_658,VPWR,li1,108.7900,79.1860,1.799898
TAP_TAPCELL_ROW_25_657,VPWR,li1,83.0300,79.1860,1.799903
TAP_TAPCELL_ROW_25_656,VPWR,li1,57.2700,79.1860,1.799923
TAP_TAPCELL_ROW_25_655,VPWR,li1,31.5100,79.1860,1.799963
TAP_TAPCELL_ROW_24_654,VPWR,li1,379.2700,78.5730,1.799883
TAP_TAPCELL_ROW_24_653,VPWR,li1,353.5100,78.5730,1.799900
TAP_TAPCELL_ROW_24_652,VPWR,li1,327.7500,78.5730,1.799938
TAP_TAPCELL_ROW_24_651,VPWR,li1,301.9900,78.5730,1.799853
TAP_TAPCELL_ROW_24_650,VPWR,li1,276.2300,78.5730,1.799815
TAP_TAPCELL_ROW_24_649,VPWR,li1,250.4700,78.5730,1.799810
TAP_TAPCELL_ROW_24_648,VPWR,li1,224.7100,78.5730,1.799830
TAP_TAPCELL_ROW_24_647,VPWR,li1,198.9500,78.5730,1.799870
TAP_TAPCELL_ROW_24_646,VPWR,li1,173.1900,78.5730,1.799936
TAP_TAPCELL_ROW_24_645,VPWR,li1,147.4300,78.5730,1.799914
TAP_TAPCELL_ROW_24_644,VPWR,li1,121.6700,78.5730,1.799901
TAP_TAPCELL_ROW_24_643,VPWR,li1,95.9100,78.5730,1.799899
TAP_TAPCELL_ROW_24_642,VPWR,li1,70.1500,78.5730,1.799911
TAP_TAPCELL_ROW_24_641,VPWR,li1,44.3900,78.5730,1.799939
TAP_TAPCELL_ROW_24_640,VPWR,li1,18.6300,78.5730,1.799981
TAP_TAPCELL_ROW_23_639,VPWR,li1,366.3900,73.7460,1.799841
TAP_TAPCELL_ROW_23_638,VPWR,li1,340.6300,73.7460,1.799878
TAP_TAPCELL_ROW_23_637,VPWR,li1,314.8700,73.7460,1.799831
TAP_TAPCELL_ROW_23_636,VPWR,li1,289.1100,73.7460,1.799747
TAP_TAPCELL_ROW_23_635,VPWR,li1,263.3500,73.7460,1.799715
TAP_TAPCELL_ROW_23_634,VPWR,li1,237.5900,73.7460,1.799730
TAP_TAPCELL_ROW_23_633,VPWR,li1,211.8300,73.7460,1.799761
TAP_TAPCELL_ROW_23_632,VPWR,li1,186.0700,73.7460,1.799858
TAP_TAPCELL_ROW_23_631,VPWR,li1,160.3100,73.7460,1.799905
TAP_TAPCELL_ROW_23_630,VPWR,li1,134.5500,73.7460,1.799882
TAP_TAPCELL_ROW_23_629,VPWR,li1,108.7900,73.7460,1.799885
TAP_TAPCELL_ROW_23_628,VPWR,li1,83.0300,73.7460,1.799898
TAP_TAPCELL_ROW_23_627,VPWR,li1,57.2700,73.7460,1.799922
TAP_TAPCELL_ROW_23_626,VPWR,li1,31.5100,73.7460,1.799964
TAP_TAPCELL_ROW_22_625,VPWR,li1,379.2700,73.1330,1.799833
TAP_TAPCELL_ROW_22_624,VPWR,li1,353.5100,73.1330,1.799850
TAP_TAPCELL_ROW_22_623,VPWR,li1,327.7500,73.1330,1.799893
TAP_TAPCELL_ROW_22_622,VPWR,li1,301.9900,73.1330,1.799776
TAP_TAPCELL_ROW_22_621,VPWR,li1,276.2300,73.1330,1.799724
TAP_TAPCELL_ROW_22_620,VPWR,li1,250.4700,73.1330,1.799718
TAP_TAPCELL_ROW_22_619,VPWR,li1,224.7100,73.1330,1.799745
TAP_TAPCELL_ROW_22_618,VPWR,li1,198.9500,73.1330,1.799795
TAP_TAPCELL_ROW_22_617,VPWR,li1,173.1900,73.1330,1.799922
TAP_TAPCELL_ROW_22_616,VPWR,li1,147.4300,73.1330,1.799890
TAP_TAPCELL_ROW_22_615,VPWR,li1,121.6700,73.1330,1.799883
TAP_TAPCELL_ROW_22_614,VPWR,li1,95.9100,73.1330,1.799890
TAP_TAPCELL_ROW_22_613,VPWR,li1,70.1500,73.1330,1.799910
TAP_TAPCELL_ROW_22_612,VPWR,li1,44.3900,73.1330,1.799939
TAP_TAPCELL_ROW_22_611,VPWR,li1,18.6300,73.1330,1.799981
TAP_TAPCELL_ROW_21_610,VPWR,li1,366.3900,68.3060,1.799890
TAP_TAPCELL_ROW_21_609,VPWR,li1,340.6300,68.3060,1.799909
TAP_TAPCELL_ROW_21_608,VPWR,li1,314.8700,68.3060,1.799879
TAP_TAPCELL_ROW_21_607,VPWR,li1,289.1100,68.3060,1.799775
TAP_TAPCELL_ROW_21_606,VPWR,li1,263.3500,68.3060,1.799681
TAP_TAPCELL_ROW_21_605,VPWR,li1,237.5900,68.3060,1.799683
TAP_TAPCELL_ROW_21_604,VPWR,li1,211.8300,68.3060,1.799736
TAP_TAPCELL_ROW_21_603,VPWR,li1,186.0700,68.3060,1.799858
TAP_TAPCELL_ROW_21_602,VPWR,li1,160.3100,68.3060,1.799896
TAP_TAPCELL_ROW_21_601,VPWR,li1,134.5500,68.3060,1.799867
TAP_TAPCELL_ROW_21_600,VPWR,li1,108.7900,68.3060,1.799859
TAP_TAPCELL_ROW_21_599,VPWR,li1,83.0300,68.3060,1.799866
TAP_TAPCELL_ROW_21_598,VPWR,li1,57.2700,68.3060,1.799885
TAP_TAPCELL_ROW_21_597,VPWR,li1,31.5100,68.3060,1.799940
TAP_TAPCELL_ROW_20_596,VPWR,li1,379.2700,67.6930,1.799881
TAP_TAPCELL_ROW_20_595,VPWR,li1,353.5100,67.6930,1.799898
TAP_TAPCELL_ROW_20_594,VPWR,li1,327.7500,67.6930,1.799934
TAP_TAPCELL_ROW_20_593,VPWR,li1,301.9900,67.6930,1.799823
TAP_TAPCELL_ROW_20_592,VPWR,li1,276.2300,67.6930,1.799727
TAP_TAPCELL_ROW_20_591,VPWR,li1,250.4700,67.6930,1.799670
TAP_TAPCELL_ROW_20_590,VPWR,li1,224.7100,67.6930,1.799701
TAP_TAPCELL_ROW_20_589,VPWR,li1,198.9500,67.6930,1.799793
TAP_TAPCELL_ROW_20_588,VPWR,li1,173.1900,67.6930,1.799917
TAP_TAPCELL_ROW_20_587,VPWR,li1,147.4300,67.6930,1.799879
TAP_TAPCELL_ROW_20_586,VPWR,li1,121.6700,67.6930,1.799861
TAP_TAPCELL_ROW_20_585,VPWR,li1,95.9100,67.6930,1.799861
TAP_TAPCELL_ROW_20_584,VPWR,li1,70.1500,67.6930,1.799874
TAP_TAPCELL_ROW_20_583,VPWR,li1,44.3900,67.6930,1.799901
TAP_TAPCELL_ROW_20_582,VPWR,li1,18.6300,67.6930,1.799969
TAP_TAPCELL_ROW_19_581,VPWR,li1,366.3900,62.8660,1.799899
TAP_TAPCELL_ROW_19_580,VPWR,li1,340.6300,62.8660,1.799908
TAP_TAPCELL_ROW_19_579,VPWR,li1,314.8700,62.8660,1.799897
TAP_TAPCELL_ROW_19_578,VPWR,li1,289.1100,62.8660,1.799832
TAP_TAPCELL_ROW_19_577,VPWR,li1,263.3500,62.8660,1.799778
TAP_TAPCELL_ROW_19_576,VPWR,li1,237.5900,62.8660,1.799752
TAP_TAPCELL_ROW_19_575,VPWR,li1,211.8300,62.8660,1.799744
TAP_TAPCELL_ROW_19_574,VPWR,li1,186.0700,62.8660,1.799829
TAP_TAPCELL_ROW_19_573,VPWR,li1,160.3100,62.8660,1.799850
TAP_TAPCELL_ROW_19_572,VPWR,li1,134.5500,62.8660,1.799809
TAP_TAPCELL_ROW_19_571,VPWR,li1,108.7900,62.8660,1.799796
TAP_TAPCELL_ROW_19_570,VPWR,li1,83.0300,62.8660,1.799820
TAP_TAPCELL_ROW_19_569,VPWR,li1,57.2700,62.8660,1.799873
TAP_TAPCELL_ROW_19_568,VPWR,li1,31.5100,62.8660,1.799946
TAP_TAPCELL_ROW_18_567,VPWR,li1,379.2700,62.2530,1.799899
TAP_TAPCELL_ROW_18_566,VPWR,li1,353.5100,62.2530,1.799899
TAP_TAPCELL_ROW_18_565,VPWR,li1,327.7500,62.2530,1.799938
TAP_TAPCELL_ROW_18_564,VPWR,li1,301.9900,62.2530,1.799864
TAP_TAPCELL_ROW_18_563,VPWR,li1,276.2300,62.2530,1.799804
TAP_TAPCELL_ROW_18_562,VPWR,li1,250.4700,62.2530,1.799763
TAP_TAPCELL_ROW_18_561,VPWR,li1,224.7100,62.2530,1.799743
TAP_TAPCELL_ROW_18_560,VPWR,li1,198.9500,62.2530,1.799773
TAP_TAPCELL_ROW_18_559,VPWR,li1,173.1900,62.2530,1.799882
TAP_TAPCELL_ROW_18_558,VPWR,li1,147.4300,62.2530,1.799823
TAP_TAPCELL_ROW_18_557,VPWR,li1,121.6700,62.2530,1.799799
TAP_TAPCELL_ROW_18_556,VPWR,li1,95.9100,62.2530,1.799804
TAP_TAPCELL_ROW_18_555,VPWR,li1,70.1500,62.2530,1.799843
TAP_TAPCELL_ROW_18_554,VPWR,li1,44.3900,62.2530,1.799906
TAP_TAPCELL_ROW_18_553,VPWR,li1,18.6300,62.2530,1.799972
TAP_TAPCELL_ROW_17_552,VPWR,li1,366.3900,57.4260,1.799735
TAP_TAPCELL_ROW_17_551,VPWR,li1,340.6300,57.4260,1.799808
TAP_TAPCELL_ROW_17_550,VPWR,li1,314.8700,57.4260,1.799812
TAP_TAPCELL_ROW_17_549,VPWR,li1,289.1100,57.4260,1.799754
TAP_TAPCELL_ROW_17_548,VPWR,li1,263.3500,57.4260,1.799728
TAP_TAPCELL_ROW_17_547,VPWR,li1,237.5900,57.4260,1.799734
TAP_TAPCELL_ROW_17_546,VPWR,li1,211.8300,57.4260,1.799764
TAP_TAPCELL_ROW_17_545,VPWR,li1,186.0700,57.4260,1.799824
TAP_TAPCELL_ROW_17_544,VPWR,li1,160.3100,57.4260,1.799688
TAP_TAPCELL_ROW_17_543,VPWR,li1,134.5500,57.4260,1.799478
TAP_TAPCELL_ROW_17_542,VPWR,li1,108.7900,57.4260,1.799423
TAP_TAPCELL_ROW_17_541,VPWR,li1,83.0300,57.4260,1.799505
TAP_TAPCELL_ROW_17_540,VPWR,li1,57.2700,57.4260,1.799662
TAP_TAPCELL_ROW_17_539,VPWR,li1,31.5100,57.4260,1.799850
TAP_TAPCELL_ROW_16_538,VPWR,li1,379.2700,56.8130,1.799727
TAP_TAPCELL_ROW_16_537,VPWR,li1,353.5100,56.8130,1.799760
TAP_TAPCELL_ROW_16_536,VPWR,li1,327.7500,56.8130,1.799881
TAP_TAPCELL_ROW_16_535,VPWR,li1,301.9900,56.8130,1.799783
TAP_TAPCELL_ROW_16_534,VPWR,li1,276.2300,56.8130,1.799733
TAP_TAPCELL_ROW_16_533,VPWR,li1,250.4700,56.8130,1.799728
TAP_TAPCELL_ROW_16_532,VPWR,li1,224.7100,56.8130,1.799746
TAP_TAPCELL_ROW_16_531,VPWR,li1,198.9500,56.8130,1.799787
TAP_TAPCELL_ROW_16_530,VPWR,li1,173.1900,56.8130,1.799823
TAP_TAPCELL_ROW_16_529,VPWR,li1,147.4300,56.8130,1.799546
TAP_TAPCELL_ROW_16_528,VPWR,li1,121.6700,56.8130,1.799427
TAP_TAPCELL_ROW_16_527,VPWR,li1,95.9100,56.8130,1.799456
TAP_TAPCELL_ROW_16_526,VPWR,li1,70.1500,56.8130,1.799583
TAP_TAPCELL_ROW_16_525,VPWR,li1,44.3900,56.8130,1.799742
TAP_TAPCELL_ROW_16_524,VPWR,li1,18.6300,56.8130,1.799922
TAP_TAPCELL_ROW_15_523,VPWR,li1,366.3900,51.9860,1.799771
TAP_TAPCELL_ROW_15_522,VPWR,li1,340.6300,51.9860,1.799838
TAP_TAPCELL_ROW_15_521,VPWR,li1,314.8700,51.9860,1.799822
TAP_TAPCELL_ROW_15_520,VPWR,li1,289.1100,51.9860,1.799750
TAP_TAPCELL_ROW_15_519,VPWR,li1,263.3500,51.9860,1.799754
TAP_TAPCELL_ROW_15_518,VPWR,li1,237.5900,51.9860,1.799793
TAP_TAPCELL_ROW_15_517,VPWR,li1,211.8300,51.9860,1.799847
TAP_TAPCELL_ROW_15_516,VPWR,li1,186.0700,51.9860,1.799918
TAP_TAPCELL_ROW_15_515,VPWR,li1,160.3100,51.9860,1.799936
TAP_TAPCELL_ROW_15_514,VPWR,li1,134.5500,51.9860,1.799914
TAP_TAPCELL_ROW_15_513,VPWR,li1,108.7900,51.9860,1.799902
TAP_TAPCELL_ROW_15_512,VPWR,li1,83.0300,51.9860,1.799903
TAP_TAPCELL_ROW_15_511,VPWR,li1,57.2700,51.9860,1.799918
TAP_TAPCELL_ROW_15_510,VPWR,li1,31.5100,51.9860,1.799960
TAP_TAPCELL_ROW_14_509,VPWR,li1,379.2700,51.3730,1.799762
TAP_TAPCELL_ROW_14_508,VPWR,li1,353.5100,51.3730,1.799790
TAP_TAPCELL_ROW_14_507,VPWR,li1,327.7500,51.3730,1.799876
TAP_TAPCELL_ROW_14_506,VPWR,li1,301.9900,51.3730,1.799779
TAP_TAPCELL_ROW_14_505,VPWR,li1,276.2300,51.3730,1.799734
TAP_TAPCELL_ROW_14_504,VPWR,li1,250.4700,51.3730,1.799775
TAP_TAPCELL_ROW_14_503,VPWR,li1,224.7100,51.3730,1.799821
TAP_TAPCELL_ROW_14_502,VPWR,li1,198.9500,51.3730,1.799879
TAP_TAPCELL_ROW_14_501,VPWR,li1,173.1900,51.3730,1.799950
TAP_TAPCELL_ROW_14_500,VPWR,li1,147.4300,51.3730,1.799922
TAP_TAPCELL_ROW_14_499,VPWR,li1,121.6700,51.3730,1.799906
TAP_TAPCELL_ROW_14_498,VPWR,li1,95.9100,51.3730,1.799902
TAP_TAPCELL_ROW_14_497,VPWR,li1,70.1500,51.3730,1.799908
TAP_TAPCELL_ROW_14_496,VPWR,li1,44.3900,51.3730,1.799934
TAP_TAPCELL_ROW_14_495,VPWR,li1,18.6300,51.3730,1.799979
TAP_TAPCELL_ROW_13_494,VPWR,li1,366.3900,46.5460,1.799769
TAP_TAPCELL_ROW_13_493,VPWR,li1,340.6300,46.5460,1.799814
TAP_TAPCELL_ROW_13_492,VPWR,li1,314.8700,46.5460,1.799698
TAP_TAPCELL_ROW_13_491,VPWR,li1,289.1100,46.5460,1.799473
TAP_TAPCELL_ROW_13_490,VPWR,li1,263.3500,46.5460,1.799367
TAP_TAPCELL_ROW_13_489,VPWR,li1,237.5900,46.5460,1.799444
TAP_TAPCELL_ROW_13_488,VPWR,li1,211.8300,46.5460,1.799575
TAP_TAPCELL_ROW_13_487,VPWR,li1,186.0700,46.5460,1.799775
TAP_TAPCELL_ROW_13_486,VPWR,li1,160.3100,46.5460,1.799855
TAP_TAPCELL_ROW_13_485,VPWR,li1,134.5500,46.5460,1.799840
TAP_TAPCELL_ROW_13_484,VPWR,li1,108.7900,46.5460,1.799832
TAP_TAPCELL_ROW_13_483,VPWR,li1,83.0300,46.5460,1.799834
TAP_TAPCELL_ROW_13_482,VPWR,li1,57.2700,46.5460,1.799846
TAP_TAPCELL_ROW_13_481,VPWR,li1,31.5100,46.5460,1.799928
TAP_TAPCELL_ROW_12_480,VPWR,li1,379.2700,45.9330,1.799761
TAP_TAPCELL_ROW_12_479,VPWR,li1,353.5100,45.9330,1.799783
TAP_TAPCELL_ROW_12_478,VPWR,li1,327.7500,45.9330,1.799840
TAP_TAPCELL_ROW_12_477,VPWR,li1,301.9900,45.9330,1.799591
TAP_TAPCELL_ROW_12_476,VPWR,li1,276.2300,45.9330,1.799400
TAP_TAPCELL_ROW_12_475,VPWR,li1,250.4700,45.9330,1.799395
TAP_TAPCELL_ROW_12_474,VPWR,li1,224.7100,45.9330,1.799492
TAP_TAPCELL_ROW_12_473,VPWR,li1,198.9500,45.9330,1.799669
TAP_TAPCELL_ROW_12_472,VPWR,li1,173.1900,45.9330,1.799869
TAP_TAPCELL_ROW_12_471,VPWR,li1,147.4300,45.9330,1.799847
TAP_TAPCELL_ROW_12_470,VPWR,li1,121.6700,45.9330,1.799835
TAP_TAPCELL_ROW_12_469,VPWR,li1,95.9100,45.9330,1.799832
TAP_TAPCELL_ROW_12_468,VPWR,li1,70.1500,45.9330,1.799838
TAP_TAPCELL_ROW_12_467,VPWR,li1,44.3900,45.9330,1.799875
TAP_TAPCELL_ROW_12_466,VPWR,li1,18.6300,45.9330,1.799962
TAP_TAPCELL_ROW_11_465,VPWR,li1,366.3900,41.1060,1.799856
TAP_TAPCELL_ROW_11_464,VPWR,li1,340.6300,41.1060,1.799859
TAP_TAPCELL_ROW_11_463,VPWR,li1,314.8700,41.1060,1.799722
TAP_TAPCELL_ROW_11_462,VPWR,li1,289.1100,41.1060,1.799541
TAP_TAPCELL_ROW_11_461,VPWR,li1,263.3500,41.1060,1.799426
TAP_TAPCELL_ROW_11_460,VPWR,li1,237.5900,41.1060,1.799345
TAP_TAPCELL_ROW_11_459,VPWR,li1,211.8300,41.1060,1.799437
TAP_TAPCELL_ROW_11_458,VPWR,li1,186.0700,41.1060,1.799712
TAP_TAPCELL_ROW_11_457,VPWR,li1,160.3100,41.1060,1.799805
TAP_TAPCELL_ROW_11_456,VPWR,li1,134.5500,41.1060,1.799759
TAP_TAPCELL_ROW_11_455,VPWR,li1,108.7900,41.1060,1.799749
TAP_TAPCELL_ROW_11_454,VPWR,li1,83.0300,41.1060,1.799783
TAP_TAPCELL_ROW_11_453,VPWR,li1,57.2700,41.1060,1.799833
TAP_TAPCELL_ROW_11_452,VPWR,li1,31.5100,41.1060,1.799927
TAP_TAPCELL_ROW_10_451,VPWR,li1,379.2700,40.4930,1.799856
TAP_TAPCELL_ROW_10_450,VPWR,li1,353.5100,40.4930,1.799856
TAP_TAPCELL_ROW_10_449,VPWR,li1,327.7500,40.4930,1.799853
TAP_TAPCELL_ROW_10_448,VPWR,li1,301.9900,40.4930,1.799607
TAP_TAPCELL_ROW_10_447,VPWR,li1,276.2300,40.4930,1.799477
TAP_TAPCELL_ROW_10_446,VPWR,li1,250.4700,40.4930,1.799382
TAP_TAPCELL_ROW_10_445,VPWR,li1,224.7100,40.4930,1.799352
TAP_TAPCELL_ROW_10_444,VPWR,li1,198.9500,40.4930,1.799561
TAP_TAPCELL_ROW_10_443,VPWR,li1,173.1900,40.4930,1.799840
TAP_TAPCELL_ROW_10_442,VPWR,li1,147.4300,40.4930,1.799781
TAP_TAPCELL_ROW_10_441,VPWR,li1,121.6700,40.4930,1.799741
TAP_TAPCELL_ROW_10_440,VPWR,li1,95.9100,40.4930,1.799765
TAP_TAPCELL_ROW_10_439,VPWR,li1,70.1500,40.4930,1.799807
TAP_TAPCELL_ROW_10_438,VPWR,li1,44.3900,40.4930,1.799879
TAP_TAPCELL_ROW_10_437,VPWR,li1,18.6300,40.4930,1.799962
TAP_TAPCELL_ROW_9_436,VPWR,li1,366.3900,35.6660,1.799595
TAP_TAPCELL_ROW_9_435,VPWR,li1,340.6300,35.6660,1.799638
TAP_TAPCELL_ROW_9_434,VPWR,li1,314.8700,35.6660,1.799504
TAP_TAPCELL_ROW_9_433,VPWR,li1,289.1100,35.6660,1.799237
TAP_TAPCELL_ROW_9_432,VPWR,li1,263.3500,35.6660,1.799072
TAP_TAPCELL_ROW_9_431,VPWR,li1,237.5900,35.6660,1.799027
TAP_TAPCELL_ROW_9_430,VPWR,li1,211.8300,35.6660,1.799058
TAP_TAPCELL_ROW_9_429,VPWR,li1,186.0700,35.6660,1.799393
TAP_TAPCELL_ROW_9_428,VPWR,li1,160.3100,35.6660,1.799350
TAP_TAPCELL_ROW_9_427,VPWR,li1,134.5500,35.6660,1.799137
TAP_TAPCELL_ROW_9_426,VPWR,li1,108.7900,35.6660,1.799190
TAP_TAPCELL_ROW_9_425,VPWR,li1,83.0300,35.6660,1.799346
TAP_TAPCELL_ROW_9_424,VPWR,li1,57.2700,35.6660,1.799539
TAP_TAPCELL_ROW_9_423,VPWR,li1,31.5100,35.6660,1.799790
TAP_TAPCELL_ROW_8_422,VPWR,li1,379.2700,35.0530,1.799595
TAP_TAPCELL_ROW_8_421,VPWR,li1,353.5100,35.0530,1.799595
TAP_TAPCELL_ROW_8_420,VPWR,li1,327.7500,35.0530,1.799683
TAP_TAPCELL_ROW_8_419,VPWR,li1,301.9900,35.0530,1.799333
TAP_TAPCELL_ROW_8_418,VPWR,li1,276.2300,35.0530,1.799146
TAP_TAPCELL_ROW_8_417,VPWR,li1,250.4700,35.0530,1.799036
TAP_TAPCELL_ROW_8_416,VPWR,li1,224.7100,35.0530,1.799019
TAP_TAPCELL_ROW_8_415,VPWR,li1,198.9500,35.0530,1.799210
TAP_TAPCELL_ROW_8_414,VPWR,li1,173.1900,35.0530,1.799536
TAP_TAPCELL_ROW_8_413,VPWR,li1,147.4300,35.0530,1.799162
TAP_TAPCELL_ROW_8_412,VPWR,li1,121.6700,35.0530,1.799129
TAP_TAPCELL_ROW_8_411,VPWR,li1,95.9100,35.0530,1.799269
TAP_TAPCELL_ROW_8_410,VPWR,li1,70.1500,35.0530,1.799442
TAP_TAPCELL_ROW_8_409,VPWR,li1,44.3900,35.0530,1.799642
TAP_TAPCELL_ROW_8_408,VPWR,li1,18.6300,35.0530,1.799890
TAP_TAPCELL_ROW_7_407,VPWR,li1,366.3900,30.2260,1.799459
TAP_TAPCELL_ROW_7_406,VPWR,li1,340.6300,30.2260,1.799465
TAP_TAPCELL_ROW_7_405,VPWR,li1,314.8700,30.2260,1.798771
TAP_TAPCELL_ROW_7_404,VPWR,li1,289.1100,30.2260,1.797685
TAP_TAPCELL_ROW_7_403,VPWR,li1,263.3500,30.2260,1.797281
TAP_TAPCELL_ROW_7_402,VPWR,li1,237.5900,30.2260,1.797325
TAP_TAPCELL_ROW_7_401,VPWR,li1,211.8300,30.2260,1.797563
TAP_TAPCELL_ROW_7_400,VPWR,li1,186.0700,30.2260,1.798680
TAP_TAPCELL_ROW_7_399,VPWR,li1,160.3100,30.2260,1.799215
TAP_TAPCELL_ROW_7_398,VPWR,li1,134.5500,30.2260,1.799166
TAP_TAPCELL_ROW_7_397,VPWR,li1,108.7900,30.2260,1.799204
TAP_TAPCELL_ROW_7_396,VPWR,li1,83.0300,30.2260,1.799270
TAP_TAPCELL_ROW_7_395,VPWR,li1,57.2700,30.2260,1.799476
TAP_TAPCELL_ROW_7_394,VPWR,li1,31.5100,30.2260,1.799779
TAP_TAPCELL_ROW_6_393,VPWR,li1,379.2700,29.6130,1.799459
TAP_TAPCELL_ROW_6_392,VPWR,li1,353.5100,29.6130,1.799459
TAP_TAPCELL_ROW_6_391,VPWR,li1,327.7500,29.6130,1.799363
TAP_TAPCELL_ROW_6_390,VPWR,li1,301.9900,29.6130,1.798138
TAP_TAPCELL_ROW_6_389,VPWR,li1,276.2300,29.6130,1.797443
TAP_TAPCELL_ROW_6_388,VPWR,li1,250.4700,29.6130,1.797302
TAP_TAPCELL_ROW_6_387,VPWR,li1,224.7100,29.6130,1.797347
TAP_TAPCELL_ROW_6_386,VPWR,li1,198.9500,29.6130,1.798042
TAP_TAPCELL_ROW_6_385,VPWR,li1,173.1900,29.6130,1.799299
TAP_TAPCELL_ROW_6_384,VPWR,li1,147.4300,29.6130,1.799162
TAP_TAPCELL_ROW_6_383,VPWR,li1,121.6700,29.6130,1.799175
TAP_TAPCELL_ROW_6_382,VPWR,li1,95.9100,29.6130,1.799230
TAP_TAPCELL_ROW_6_381,VPWR,li1,70.1500,29.6130,1.799361
TAP_TAPCELL_ROW_6_380,VPWR,li1,44.3900,29.6130,1.799612
TAP_TAPCELL_ROW_6_379,VPWR,li1,18.6300,29.6130,1.799885
TAP_TAPCELL_ROW_5_378,VPWR,li1,366.3900,24.7860,1.798565
TAP_TAPCELL_ROW_5_377,VPWR,li1,340.6300,24.7860,1.798565
TAP_TAPCELL_ROW_5_376,VPWR,li1,314.8700,24.7860,1.796832
TAP_TAPCELL_ROW_5_375,VPWR,li1,289.1100,24.7860,1.795116
TAP_TAPCELL_ROW_5_374,VPWR,li1,263.3500,24.7860,1.794310
TAP_TAPCELL_ROW_5_373,VPWR,li1,237.5900,24.7860,1.794415
TAP_TAPCELL_ROW_5_372,VPWR,li1,211.8300,24.7860,1.794750
TAP_TAPCELL_ROW_5_371,VPWR,li1,186.0700,24.7860,1.796833
TAP_TAPCELL_ROW_5_370,VPWR,li1,160.3100,24.7860,1.797849
TAP_TAPCELL_ROW_5_369,VPWR,li1,134.5500,24.7860,1.797700
TAP_TAPCELL_ROW_5_368,VPWR,li1,108.7900,24.7860,1.797963
TAP_TAPCELL_ROW_5_367,VPWR,li1,83.0300,24.7860,1.798407
TAP_TAPCELL_ROW_5_366,VPWR,li1,57.2700,24.7860,1.798909
TAP_TAPCELL_ROW_5_365,VPWR,li1,31.5100,24.7860,1.799542
TAP_TAPCELL_ROW_4_364,VPWR,li1,379.2700,24.1730,1.798565
TAP_TAPCELL_ROW_4_363,VPWR,li1,353.5100,24.1730,1.798565
TAP_TAPCELL_ROW_4_362,VPWR,li1,327.7500,24.1730,1.798577
TAP_TAPCELL_ROW_4_361,VPWR,li1,301.9900,24.1730,1.795833
TAP_TAPCELL_ROW_4_360,VPWR,li1,276.2300,24.1730,1.794568
TAP_TAPCELL_ROW_4_359,VPWR,li1,250.4700,24.1730,1.794357
TAP_TAPCELL_ROW_4_358,VPWR,li1,224.7100,24.1730,1.794479
TAP_TAPCELL_ROW_4_357,VPWR,li1,198.9500,24.1730,1.795623
TAP_TAPCELL_ROW_4_356,VPWR,li1,173.1900,24.1730,1.798233
TAP_TAPCELL_ROW_4_355,VPWR,li1,147.4300,24.1730,1.797650
TAP_TAPCELL_ROW_4_354,VPWR,li1,121.6700,24.1730,1.797763
TAP_TAPCELL_ROW_4_353,VPWR,li1,95.9100,24.1730,1.798178
TAP_TAPCELL_ROW_4_352,VPWR,li1,70.1500,24.1730,1.798649
TAP_TAPCELL_ROW_4_351,VPWR,li1,44.3900,24.1730,1.799196
TAP_TAPCELL_ROW_4_350,VPWR,li1,18.6300,24.1730,1.799761
TAP_TAPCELL_ROW_3_349,VPWR,li1,366.3900,19.3460,1.799049
TAP_TAPCELL_ROW_3_348,VPWR,li1,340.6300,19.3460,1.799049
TAP_TAPCELL_ROW_3_347,VPWR,li1,314.8700,19.3460,1.798070
TAP_TAPCELL_ROW_3_346,VPWR,li1,289.1100,19.3460,1.797417
TAP_TAPCELL_ROW_3_345,VPWR,li1,263.3500,19.3460,1.797509
TAP_TAPCELL_ROW_3_344,VPWR,li1,237.5900,19.3460,1.797624
TAP_TAPCELL_ROW_3_343,VPWR,li1,211.8300,19.3460,1.797771
TAP_TAPCELL_ROW_3_342,VPWR,li1,186.0700,19.3460,1.798120
TAP_TAPCELL_ROW_3_341,VPWR,li1,160.3100,19.3460,1.797823
TAP_TAPCELL_ROW_3_340,VPWR,li1,134.5500,19.3460,1.797027
TAP_TAPCELL_ROW_3_339,VPWR,li1,108.7900,19.3460,1.797005
TAP_TAPCELL_ROW_3_338,VPWR,li1,83.0300,19.3460,1.797509
TAP_TAPCELL_ROW_3_337,VPWR,li1,57.2700,19.3460,1.798256
TAP_TAPCELL_ROW_3_336,VPWR,li1,31.5100,19.3460,1.799281
TAP_TAPCELL_ROW_2_335,VPWR,li1,379.2700,18.7330,1.799049
TAP_TAPCELL_ROW_2_334,VPWR,li1,353.5100,18.7330,1.799049
TAP_TAPCELL_ROW_2_333,VPWR,li1,327.7500,18.7330,1.799065
TAP_TAPCELL_ROW_2_332,VPWR,li1,301.9900,18.7330,1.797405
TAP_TAPCELL_ROW_2_331,VPWR,li1,276.2300,18.7330,1.797463
TAP_TAPCELL_ROW_2_330,VPWR,li1,250.4700,18.7330,1.797566
TAP_TAPCELL_ROW_2_329,VPWR,li1,224.7100,18.7330,1.797688
TAP_TAPCELL_ROW_2_328,VPWR,li1,198.9500,18.7330,1.797842
TAP_TAPCELL_ROW_2_327,VPWR,li1,173.1900,18.7330,1.798612
TAP_TAPCELL_ROW_2_326,VPWR,li1,147.4300,18.7330,1.797239
TAP_TAPCELL_ROW_2_325,VPWR,li1,121.6700,18.7330,1.796879
TAP_TAPCELL_ROW_2_324,VPWR,li1,95.9100,18.7330,1.797272
TAP_TAPCELL_ROW_2_323,VPWR,li1,70.1500,18.7330,1.797824
TAP_TAPCELL_ROW_2_322,VPWR,li1,44.3900,18.7330,1.798738
TAP_TAPCELL_ROW_2_321,VPWR,li1,18.6300,18.7330,1.799625
TAP_TAPCELL_ROW_1_320,VPWR,li1,366.3900,13.9060,1.799789
TAP_TAPCELL_ROW_1_319,VPWR,li1,340.6300,13.9060,1.799799
TAP_TAPCELL_ROW_1_318,VPWR,li1,314.8700,13.9060,1.799704
TAP_TAPCELL_ROW_1_317,VPWR,li1,289.1100,13.9060,1.799609
TAP_TAPCELL_ROW_1_316,VPWR,li1,263.3500,13.9060,1.799538
TAP_TAPCELL_ROW_1_315,VPWR,li1,237.5900,13.9060,1.799487
TAP_TAPCELL_ROW_1_314,VPWR,li1,211.8300,13.9060,1.799459
TAP_TAPCELL_ROW_1_313,VPWR,li1,186.0700,13.9060,1.799536
TAP_TAPCELL_ROW_1_312,VPWR,li1,160.3100,13.9060,1.799214
TAP_TAPCELL_ROW_1_311,VPWR,li1,134.5500,13.9060,1.798870
TAP_TAPCELL_ROW_1_310,VPWR,li1,108.7900,13.9060,1.798789
TAP_TAPCELL_ROW_1_309,VPWR,li1,83.0300,13.9060,1.798947
TAP_TAPCELL_ROW_1_308,VPWR,li1,57.2700,13.9060,1.799262
TAP_TAPCELL_ROW_1_307,VPWR,li1,31.5100,13.9060,1.799694
TAP_TAPCELL_ROW_0_306,VPWR,li1,379.2700,13.2930,1.799789
TAP_TAPCELL_ROW_0_305,VPWR,li1,366.3900,13.2930,1.799789
TAP_TAPCELL_ROW_0_304,VPWR,li1,353.5100,13.2930,1.799789
TAP_TAPCELL_ROW_0_303,VPWR,li1,340.6300,13.2930,1.799799
TAP_TAPCELL_ROW_0_302,VPWR,li1,327.7500,13.2930,1.799830
TAP_TAPCELL_ROW_0_301,VPWR,li1,314.8700,13.2930,1.799704
TAP_TAPCELL_ROW_0_300,VPWR,li1,301.9900,13.2930,1.799651
TAP_TAPCELL_ROW_0_299,VPWR,li1,289.1100,13.2930,1.799609
TAP_TAPCELL_ROW_0_298,VPWR,li1,276.2300,13.2930,1.799573
TAP_TAPCELL_ROW_0_297,VPWR,li1,263.3500,13.2930,1.799538
TAP_TAPCELL_ROW_0_296,VPWR,li1,250.4700,13.2930,1.799509
TAP_TAPCELL_ROW_0_295,VPWR,li1,237.5900,13.2930,1.799487
TAP_TAPCELL_ROW_0_294,VPWR,li1,224.7100,13.2930,1.799470
TAP_TAPCELL_ROW_0_293,VPWR,li1,211.8300,13.2930,1.799459
TAP_TAPCELL_ROW_0_292,VPWR,li1,198.9500,13.2930,1.799458
TAP_TAPCELL_ROW_0_291,VPWR,li1,186.0700,13.2930,1.799536
TAP_TAPCELL_ROW_0_290,VPWR,li1,173.1900,13.2930,1.799559
TAP_TAPCELL_ROW_0_289,VPWR,li1,160.3100,13.2930,1.799214
TAP_TAPCELL_ROW_0_288,VPWR,li1,147.4300,13.2930,1.799004
TAP_TAPCELL_ROW_0_287,VPWR,li1,134.5500,13.2930,1.798870
TAP_TAPCELL_ROW_0_286,VPWR,li1,121.6700,13.2930,1.798751
TAP_TAPCELL_ROW_0_285,VPWR,li1,108.7900,13.2930,1.798789
TAP_TAPCELL_ROW_0_284,VPWR,li1,95.9100,13.2930,1.798874
TAP_TAPCELL_ROW_0_283,VPWR,li1,83.0300,13.2930,1.798947
TAP_TAPCELL_ROW_0_282,VPWR,li1,70.1500,13.2930,1.799074
TAP_TAPCELL_ROW_0_281,VPWR,li1,57.2700,13.2930,1.799262
TAP_TAPCELL_ROW_0_280,VPWR,li1,44.3900,13.2930,1.799464
TAP_TAPCELL_ROW_0_279,VPWR,li1,31.5100,13.2930,1.799694
TAP_TAPCELL_ROW_0_278,VPWR,li1,18.6300,13.2930,1.799841
PHY_EDGE_ROW_138_Left_277,VPWR,li1,6.2100,388.9600,1.799989
PHY_EDGE_ROW_137_Left_276,VPWR,li1,6.2100,383.5200,1.799851
PHY_EDGE_ROW_136_Left_275,VPWR,li1,6.2100,383.5200,1.799851
PHY_EDGE_ROW_135_Left_274,VPWR,li1,6.2100,378.0800,1.799746
PHY_EDGE_ROW_134_Left_273,VPWR,li1,6.2100,378.0800,1.799746
PHY_EDGE_ROW_133_Left_272,VPWR,li1,6.2100,372.6400,1.799756
PHY_EDGE_ROW_132_Left_271,VPWR,li1,6.2100,372.6400,1.799756
PHY_EDGE_ROW_131_Left_270,VPWR,li1,6.2100,367.2000,1.799808
PHY_EDGE_ROW_130_Left_269,VPWR,li1,6.2100,367.2000,1.799808
PHY_EDGE_ROW_129_Left_268,VPWR,li1,6.2100,361.7600,1.799901
PHY_EDGE_ROW_128_Left_267,VPWR,li1,6.2100,361.7600,1.799901
PHY_EDGE_ROW_127_Left_266,VPWR,li1,6.2100,356.3200,1.799955
PHY_EDGE_ROW_126_Left_265,VPWR,li1,6.2100,356.3200,1.799955
PHY_EDGE_ROW_125_Left_264,VPWR,li1,6.2100,350.8800,1.799976
PHY_EDGE_ROW_124_Left_263,VPWR,li1,6.2100,350.8800,1.799976
PHY_EDGE_ROW_123_Left_262,VPWR,li1,6.2100,345.4400,1.799965
PHY_EDGE_ROW_122_Left_261,VPWR,li1,6.2100,345.4400,1.799965
PHY_EDGE_ROW_121_Left_260,VPWR,li1,6.2100,340.0000,1.799962
PHY_EDGE_ROW_120_Left_259,VPWR,li1,6.2100,340.0000,1.799962
PHY_EDGE_ROW_119_Left_258,VPWR,li1,6.2100,334.5600,1.799972
PHY_EDGE_ROW_118_Left_257,VPWR,li1,6.2100,334.5600,1.799972
PHY_EDGE_ROW_117_Left_256,VPWR,li1,6.2100,329.1200,1.799971
PHY_EDGE_ROW_116_Left_255,VPWR,li1,6.2100,329.1200,1.799971
PHY_EDGE_ROW_115_Left_254,VPWR,li1,6.2100,323.6800,1.799978
PHY_EDGE_ROW_114_Left_253,VPWR,li1,6.2100,323.6800,1.799978
PHY_EDGE_ROW_113_Left_252,VPWR,li1,6.2100,318.2400,1.799964
PHY_EDGE_ROW_112_Left_251,VPWR,li1,6.2100,318.2400,1.799964
PHY_EDGE_ROW_111_Left_250,VPWR,li1,6.2100,312.8000,1.799971
PHY_EDGE_ROW_110_Left_249,VPWR,li1,6.2100,312.8000,1.799971
PHY_EDGE_ROW_109_Left_248,VPWR,li1,6.2100,307.3600,1.799982
PHY_EDGE_ROW_108_Left_247,VPWR,li1,6.2100,307.3600,1.799982
PHY_EDGE_ROW_107_Left_246,VPWR,li1,6.2100,301.9200,1.799979
PHY_EDGE_ROW_106_Left_245,VPWR,li1,6.2100,301.9200,1.799979
PHY_EDGE_ROW_105_Left_244,VPWR,li1,6.2100,296.4800,1.799976
PHY_EDGE_ROW_104_Left_243,VPWR,li1,6.2100,296.4800,1.799976
PHY_EDGE_ROW_103_Left_242,VPWR,li1,6.2100,291.0400,1.799991
PHY_EDGE_ROW_102_Left_241,VPWR,li1,6.2100,291.0400,1.799991
PHY_EDGE_ROW_101_Left_240,VPWR,li1,6.2100,285.6000,1.799883
PHY_EDGE_ROW_100_Left_239,VPWR,li1,6.2100,285.6000,1.799883
PHY_EDGE_ROW_99_Left_238,VPWR,li1,6.2100,280.1600,1.799601
PHY_EDGE_ROW_98_Left_237,VPWR,li1,6.2100,280.1600,1.799601
PHY_EDGE_ROW_97_Left_236,VPWR,li1,6.2100,274.7200,1.799830
PHY_EDGE_ROW_96_Left_235,VPWR,li1,6.2100,274.7200,1.799830
PHY_EDGE_ROW_95_Left_234,VPWR,li1,6.2100,269.2800,1.799833
PHY_EDGE_ROW_94_Left_233,VPWR,li1,6.2100,269.2800,1.799833
PHY_EDGE_ROW_93_Left_232,VPWR,li1,6.2100,263.8400,1.799888
PHY_EDGE_ROW_92_Left_231,VPWR,li1,6.2100,263.8400,1.799888
PHY_EDGE_ROW_91_Left_230,VPWR,li1,6.2100,258.4000,1.799960
PHY_EDGE_ROW_90_Left_229,VPWR,li1,6.2100,258.4000,1.799960
PHY_EDGE_ROW_89_Left_228,VPWR,li1,6.2100,252.9600,1.799969
PHY_EDGE_ROW_88_Left_227,VPWR,li1,6.2100,252.9600,1.799969
PHY_EDGE_ROW_87_Left_226,VPWR,li1,6.2100,247.5200,1.799976
PHY_EDGE_ROW_86_Left_225,VPWR,li1,6.2100,247.5200,1.799976
PHY_EDGE_ROW_85_Left_224,VPWR,li1,6.2100,242.0800,1.799937
PHY_EDGE_ROW_84_Left_223,VPWR,li1,6.2100,242.0800,1.799937
PHY_EDGE_ROW_83_Left_222,VPWR,li1,6.2100,236.6400,1.799973
PHY_EDGE_ROW_82_Left_221,VPWR,li1,6.2100,236.6400,1.799973
PHY_EDGE_ROW_81_Left_220,VPWR,li1,6.2100,231.2000,1.799971
PHY_EDGE_ROW_80_Left_219,VPWR,li1,6.2100,231.2000,1.799971
PHY_EDGE_ROW_79_Left_218,VPWR,li1,6.2100,225.7600,1.799971
PHY_EDGE_ROW_78_Left_217,VPWR,li1,6.2100,225.7600,1.799971
PHY_EDGE_ROW_77_Left_216,VPWR,li1,6.2100,220.3200,1.799964
PHY_EDGE_ROW_76_Left_215,VPWR,li1,6.2100,220.3200,1.799964
PHY_EDGE_ROW_75_Left_214,VPWR,li1,6.2100,214.8800,1.799975
PHY_EDGE_ROW_74_Left_213,VPWR,li1,6.2100,214.8800,1.799975
PHY_EDGE_ROW_73_Left_212,VPWR,li1,6.2100,209.4400,1.799987
PHY_EDGE_ROW_72_Left_211,VPWR,li1,6.2100,209.4400,1.799987
PHY_EDGE_ROW_71_Left_210,VPWR,li1,6.2100,204.0000,1.799985
PHY_EDGE_ROW_70_Left_209,VPWR,li1,6.2100,204.0000,1.799985
PHY_EDGE_ROW_69_Left_208,VPWR,li1,6.2100,198.5600,1.799987
PHY_EDGE_ROW_68_Left_207,VPWR,li1,6.2100,198.5600,1.799987
PHY_EDGE_ROW_67_Left_206,VPWR,li1,6.2100,193.1200,1.799980
PHY_EDGE_ROW_66_Left_205,VPWR,li1,6.2100,193.1200,1.799980
PHY_EDGE_ROW_65_Left_204,VPWR,li1,6.2100,187.6800,1.799987
PHY_EDGE_ROW_64_Left_203,VPWR,li1,6.2100,187.6800,1.799987
PHY_EDGE_ROW_63_Left_202,VPWR,li1,6.2100,182.2400,1.799978
PHY_EDGE_ROW_62_Left_201,VPWR,li1,6.2100,182.2400,1.799978
PHY_EDGE_ROW_61_Left_200,VPWR,li1,6.2100,176.8000,1.799965
PHY_EDGE_ROW_60_Left_199,VPWR,li1,6.2100,176.8000,1.799965
PHY_EDGE_ROW_59_Left_198,VPWR,li1,6.2100,171.3600,1.799964
PHY_EDGE_ROW_58_Left_197,VPWR,li1,6.2100,171.3600,1.799964
PHY_EDGE_ROW_57_Left_196,VPWR,li1,6.2100,165.9200,1.799965
PHY_EDGE_ROW_56_Left_195,VPWR,li1,6.2100,165.9200,1.799965
PHY_EDGE_ROW_55_Left_194,VPWR,li1,6.2100,160.4800,1.799977
PHY_EDGE_ROW_54_Left_193,VPWR,li1,6.2100,160.4800,1.799977
PHY_EDGE_ROW_53_Left_192,VPWR,li1,6.2100,155.0400,1.799952
PHY_EDGE_ROW_52_Left_191,VPWR,li1,6.2100,155.0400,1.799952
PHY_EDGE_ROW_51_Left_190,VPWR,li1,6.2100,149.6000,1.799938
PHY_EDGE_ROW_50_Left_189,VPWR,li1,6.2100,149.6000,1.799938
PHY_EDGE_ROW_49_Left_188,VPWR,li1,6.2100,144.1600,1.799975
PHY_EDGE_ROW_48_Left_187,VPWR,li1,6.2100,144.1600,1.799975
PHY_EDGE_ROW_47_Left_186,VPWR,li1,6.2100,138.7200,1.799966
PHY_EDGE_ROW_46_Left_185,VPWR,li1,6.2100,138.7200,1.799966
PHY_EDGE_ROW_45_Left_184,VPWR,li1,6.2100,133.2800,1.799891
PHY_EDGE_ROW_44_Left_183,VPWR,li1,6.2100,133.2800,1.799891
PHY_EDGE_ROW_43_Left_182,VPWR,li1,6.2100,127.8400,1.799917
PHY_EDGE_ROW_42_Left_181,VPWR,li1,6.2100,127.8400,1.799917
PHY_EDGE_ROW_41_Left_180,VPWR,li1,6.2100,122.4000,1.799766
PHY_EDGE_ROW_40_Left_179,VPWR,li1,6.2100,122.4000,1.799766
PHY_EDGE_ROW_39_Left_178,VPWR,li1,6.2100,116.9600,1.799803
PHY_EDGE_ROW_38_Left_177,VPWR,li1,6.2100,116.9600,1.799803
PHY_EDGE_ROW_37_Left_176,VPWR,li1,6.2100,111.5200,1.799735
PHY_EDGE_ROW_36_Left_175,VPWR,li1,6.2100,111.5200,1.799735
PHY_EDGE_ROW_35_Left_174,VPWR,li1,6.2100,106.0800,1.799982
PHY_EDGE_ROW_34_Left_173,VPWR,li1,6.2100,106.0800,1.799982
PHY_EDGE_ROW_33_Left_172,VPWR,li1,6.2100,100.6400,1.799990
PHY_EDGE_ROW_32_Left_171,VPWR,li1,6.2100,100.6400,1.799990
PHY_EDGE_ROW_31_Left_170,VPWR,li1,6.2100,95.2000,1.799979
PHY_EDGE_ROW_30_Left_169,VPWR,li1,6.2100,95.2000,1.799979
PHY_EDGE_ROW_29_Left_168,VPWR,li1,6.2100,89.7600,1.799973
PHY_EDGE_ROW_28_Left_167,VPWR,li1,6.2100,89.7600,1.799973
PHY_EDGE_ROW_27_Left_166,VPWR,li1,6.2100,84.3200,1.799964
PHY_EDGE_ROW_26_Left_165,VPWR,li1,6.2100,84.3200,1.799964
PHY_EDGE_ROW_25_Left_164,VPWR,li1,6.2100,78.8800,1.799981
PHY_EDGE_ROW_24_Left_163,VPWR,li1,6.2100,78.8800,1.799981
PHY_EDGE_ROW_23_Left_162,VPWR,li1,6.2100,73.4400,1.799981
PHY_EDGE_ROW_22_Left_161,VPWR,li1,6.2100,73.4400,1.799981
PHY_EDGE_ROW_21_Left_160,VPWR,li1,6.2100,68.0000,1.799969
PHY_EDGE_ROW_20_Left_159,VPWR,li1,6.2100,68.0000,1.799969
PHY_EDGE_ROW_19_Left_158,VPWR,li1,6.2100,62.5600,1.799972
PHY_EDGE_ROW_18_Left_157,VPWR,li1,6.2100,62.5600,1.799972
PHY_EDGE_ROW_17_Left_156,VPWR,li1,6.2100,57.1200,1.799922
PHY_EDGE_ROW_16_Left_155,VPWR,li1,6.2100,57.1200,1.799922
PHY_EDGE_ROW_15_Left_154,VPWR,li1,6.2100,51.6800,1.799979
PHY_EDGE_ROW_14_Left_153,VPWR,li1,6.2100,51.6800,1.799979
PHY_EDGE_ROW_13_Left_152,VPWR,li1,6.2100,46.2400,1.799962
PHY_EDGE_ROW_12_Left_151,VPWR,li1,6.2100,46.2400,1.799962
PHY_EDGE_ROW_11_Left_150,VPWR,li1,6.2100,40.8000,1.799962
PHY_EDGE_ROW_10_Left_149,VPWR,li1,6.2100,40.8000,1.799962
PHY_EDGE_ROW_9_Left_148,VPWR,li1,6.2100,35.3600,1.799890
PHY_EDGE_ROW_8_Left_147,VPWR,li1,6.2100,35.3600,1.799890
PHY_EDGE_ROW_7_Left_146,VPWR,li1,6.2100,29.9200,1.799885
PHY_EDGE_ROW_6_Left_145,VPWR,li1,6.2100,29.9200,1.799885
PHY_EDGE_ROW_5_Left_144,VPWR,li1,6.2100,24.4800,1.799761
PHY_EDGE_ROW_4_Left_143,VPWR,li1,6.2100,24.4800,1.799761
PHY_EDGE_ROW_3_Left_142,VPWR,li1,6.2100,19.0400,1.799625
PHY_EDGE_ROW_2_Left_141,VPWR,li1,6.2100,19.0400,1.799625
PHY_EDGE_ROW_1_Left_140,VPWR,li1,6.2100,13.6000,1.799841
PHY_EDGE_ROW_0_Left_139,VPWR,li1,6.2100,13.6000,1.799841
PHY_EDGE_ROW_138_Right_138,VPWR,li1,385.2500,388.9600,1.799918
PHY_EDGE_ROW_137_Right_137,VPWR,li1,385.2500,383.5200,1.799157
PHY_EDGE_ROW_136_Right_136,VPWR,li1,385.2500,383.5200,1.799157
PHY_EDGE_ROW_135_Right_135,VPWR,li1,385.2500,378.0800,1.799104
PHY_EDGE_ROW_134_Right_134,VPWR,li1,385.2500,378.0800,1.799104
PHY_EDGE_ROW_133_Right_133,VPWR,li1,385.2500,372.6400,1.799630
PHY_EDGE_ROW_132_Right_132,VPWR,li1,385.2500,372.6400,1.799630
PHY_EDGE_ROW_131_Right_131,VPWR,li1,385.2500,367.2000,1.799595
PHY_EDGE_ROW_130_Right_130,VPWR,li1,385.2500,367.2000,1.799595
PHY_EDGE_ROW_129_Right_129,VPWR,li1,385.2500,361.7600,1.799781
PHY_EDGE_ROW_128_Right_128,VPWR,li1,385.2500,361.7600,1.799781
PHY_EDGE_ROW_127_Right_127,VPWR,li1,385.2500,356.3200,1.799813
PHY_EDGE_ROW_126_Right_126,VPWR,li1,385.2500,356.3200,1.799813
PHY_EDGE_ROW_125_Right_125,VPWR,li1,385.2500,350.8800,1.799569
PHY_EDGE_ROW_124_Right_124,VPWR,li1,385.2500,350.8800,1.799569
PHY_EDGE_ROW_123_Right_123,VPWR,li1,385.2500,345.4400,1.799707
PHY_EDGE_ROW_122_Right_122,VPWR,li1,385.2500,345.4400,1.799707
PHY_EDGE_ROW_121_Right_121,VPWR,li1,385.2500,340.0000,1.799817
PHY_EDGE_ROW_120_Right_120,VPWR,li1,385.2500,340.0000,1.799817
PHY_EDGE_ROW_119_Right_119,VPWR,li1,385.2500,334.5600,1.799885
PHY_EDGE_ROW_118_Right_118,VPWR,li1,385.2500,334.5600,1.799885
PHY_EDGE_ROW_117_Right_117,VPWR,li1,385.2500,329.1200,1.799833
PHY_EDGE_ROW_116_Right_116,VPWR,li1,385.2500,329.1200,1.799833
PHY_EDGE_ROW_115_Right_115,VPWR,li1,385.2500,323.6800,1.799855
PHY_EDGE_ROW_114_Right_114,VPWR,li1,385.2500,323.6800,1.799855
PHY_EDGE_ROW_113_Right_113,VPWR,li1,385.2500,318.2400,1.799933
PHY_EDGE_ROW_112_Right_112,VPWR,li1,385.2500,318.2400,1.799933
PHY_EDGE_ROW_111_Right_111,VPWR,li1,385.2500,312.8000,1.799960
PHY_EDGE_ROW_110_Right_110,VPWR,li1,385.2500,312.8000,1.799960
PHY_EDGE_ROW_109_Right_109,VPWR,li1,385.2500,307.3600,1.799866
PHY_EDGE_ROW_108_Right_108,VPWR,li1,385.2500,307.3600,1.799866
PHY_EDGE_ROW_107_Right_107,VPWR,li1,385.2500,301.9200,1.799977
PHY_EDGE_ROW_106_Right_106,VPWR,li1,385.2500,301.9200,1.799977
PHY_EDGE_ROW_105_Right_105,VPWR,li1,385.2500,296.4800,1.799986
PHY_EDGE_ROW_104_Right_104,VPWR,li1,385.2500,296.4800,1.799986
PHY_EDGE_ROW_103_Right_103,VPWR,li1,385.2500,291.0400,1.799987
PHY_EDGE_ROW_102_Right_102,VPWR,li1,385.2500,291.0400,1.799987
PHY_EDGE_ROW_101_Right_101,VPWR,li1,385.2500,285.6000,1.799824
PHY_EDGE_ROW_100_Right_100,VPWR,li1,385.2500,285.6000,1.799824
PHY_EDGE_ROW_99_Right_99,VPWR,li1,385.2500,280.1600,1.799660
PHY_EDGE_ROW_98_Right_98,VPWR,li1,385.2500,280.1600,1.799660
PHY_EDGE_ROW_97_Right_97,VPWR,li1,385.2500,274.7200,1.794082
PHY_EDGE_ROW_96_Right_96,VPWR,li1,385.2500,274.7200,1.794082
PHY_EDGE_ROW_95_Right_95,VPWR,li1,385.2500,269.2800,1.798378
PHY_EDGE_ROW_94_Right_94,VPWR,li1,385.2500,269.2800,1.798378
PHY_EDGE_ROW_93_Right_93,VPWR,li1,385.2500,263.8400,1.797979
PHY_EDGE_ROW_92_Right_92,VPWR,li1,385.2500,263.8400,1.797979
PHY_EDGE_ROW_91_Right_91,VPWR,li1,385.2500,258.4000,1.799764
PHY_EDGE_ROW_90_Right_90,VPWR,li1,385.2500,258.4000,1.799764
PHY_EDGE_ROW_89_Right_89,VPWR,li1,385.2500,252.9600,1.799732
PHY_EDGE_ROW_88_Right_88,VPWR,li1,385.2500,252.9600,1.799732
PHY_EDGE_ROW_87_Right_87,VPWR,li1,385.2500,247.5200,1.799399
PHY_EDGE_ROW_86_Right_86,VPWR,li1,385.2500,247.5200,1.799399
PHY_EDGE_ROW_85_Right_85,VPWR,li1,385.2500,242.0800,1.799585
PHY_EDGE_ROW_84_Right_84,VPWR,li1,385.2500,242.0800,1.799585
PHY_EDGE_ROW_83_Right_83,VPWR,li1,385.2500,236.6400,1.799647
PHY_EDGE_ROW_82_Right_82,VPWR,li1,385.2500,236.6400,1.799647
PHY_EDGE_ROW_81_Right_81,VPWR,li1,385.2500,231.2000,1.799778
PHY_EDGE_ROW_80_Right_80,VPWR,li1,385.2500,231.2000,1.799778
PHY_EDGE_ROW_79_Right_79,VPWR,li1,385.2500,225.7600,1.799749
PHY_EDGE_ROW_78_Right_78,VPWR,li1,385.2500,225.7600,1.799749
PHY_EDGE_ROW_77_Right_77,VPWR,li1,385.2500,220.3200,1.799836
PHY_EDGE_ROW_76_Right_76,VPWR,li1,385.2500,220.3200,1.799836
PHY_EDGE_ROW_75_Right_75,VPWR,li1,385.2500,214.8800,1.799862
PHY_EDGE_ROW_74_Right_74,VPWR,li1,385.2500,214.8800,1.799862
PHY_EDGE_ROW_73_Right_73,VPWR,li1,385.2500,209.4400,1.799887
PHY_EDGE_ROW_72_Right_72,VPWR,li1,385.2500,209.4400,1.799887
PHY_EDGE_ROW_71_Right_71,VPWR,li1,385.2500,204.0000,1.799972
PHY_EDGE_ROW_70_Right_70,VPWR,li1,385.2500,204.0000,1.799972
PHY_EDGE_ROW_69_Right_69,VPWR,li1,385.2500,198.5600,1.799912
PHY_EDGE_ROW_68_Right_68,VPWR,li1,385.2500,198.5600,1.799912
PHY_EDGE_ROW_67_Right_67,VPWR,li1,385.2500,193.1200,1.799965
PHY_EDGE_ROW_66_Right_66,VPWR,li1,385.2500,193.1200,1.799965
PHY_EDGE_ROW_65_Right_65,VPWR,li1,385.2500,187.6800,1.799902
PHY_EDGE_ROW_64_Right_64,VPWR,li1,385.2500,187.6800,1.799902
PHY_EDGE_ROW_63_Right_63,VPWR,li1,385.2500,182.2400,1.799909
PHY_EDGE_ROW_62_Right_62,VPWR,li1,385.2500,182.2400,1.799909
PHY_EDGE_ROW_61_Right_61,VPWR,li1,385.2500,176.8000,1.799849
PHY_EDGE_ROW_60_Right_60,VPWR,li1,385.2500,176.8000,1.799849
PHY_EDGE_ROW_59_Right_59,VPWR,li1,385.2500,171.3600,1.799830
PHY_EDGE_ROW_58_Right_58,VPWR,li1,385.2500,171.3600,1.799830
PHY_EDGE_ROW_57_Right_57,VPWR,li1,385.2500,165.9200,1.799685
PHY_EDGE_ROW_56_Right_56,VPWR,li1,385.2500,165.9200,1.799685
PHY_EDGE_ROW_55_Right_55,VPWR,li1,385.2500,160.4800,1.799760
PHY_EDGE_ROW_54_Right_54,VPWR,li1,385.2500,160.4800,1.799760
PHY_EDGE_ROW_53_Right_53,VPWR,li1,385.2500,155.0400,1.799818
PHY_EDGE_ROW_52_Right_52,VPWR,li1,385.2500,155.0400,1.799818
PHY_EDGE_ROW_51_Right_51,VPWR,li1,385.2500,149.6000,1.799613
PHY_EDGE_ROW_50_Right_50,VPWR,li1,385.2500,149.6000,1.799613
PHY_EDGE_ROW_49_Right_49,VPWR,li1,385.2500,144.1600,1.799425
PHY_EDGE_ROW_48_Right_48,VPWR,li1,385.2500,144.1600,1.799425
PHY_EDGE_ROW_47_Right_47,VPWR,li1,385.2500,138.7200,1.799352
PHY_EDGE_ROW_46_Right_46,VPWR,li1,385.2500,138.7200,1.799352
PHY_EDGE_ROW_45_Right_45,VPWR,li1,385.2500,133.2800,1.798525
PHY_EDGE_ROW_44_Right_44,VPWR,li1,385.2500,133.2800,1.798525
PHY_EDGE_ROW_43_Right_43,VPWR,li1,385.2500,127.8400,1.797218
PHY_EDGE_ROW_42_Right_42,VPWR,li1,385.2500,127.8400,1.797218
PHY_EDGE_ROW_41_Right_41,VPWR,li1,385.2500,122.4000,1.796492
PHY_EDGE_ROW_40_Right_40,VPWR,li1,385.2500,122.4000,1.796492
PHY_EDGE_ROW_39_Right_39,VPWR,li1,385.2500,116.9600,1.799650
PHY_EDGE_ROW_38_Right_38,VPWR,li1,385.2500,116.9600,1.799650
PHY_EDGE_ROW_37_Right_37,VPWR,li1,385.2500,111.5200,1.799870
PHY_EDGE_ROW_36_Right_36,VPWR,li1,385.2500,111.5200,1.799870
PHY_EDGE_ROW_35_Right_35,VPWR,li1,385.2500,106.0800,1.799946
PHY_EDGE_ROW_34_Right_34,VPWR,li1,385.2500,106.0800,1.799946
PHY_EDGE_ROW_33_Right_33,VPWR,li1,385.2500,100.6400,1.799961
PHY_EDGE_ROW_32_Right_32,VPWR,li1,385.2500,100.6400,1.799961
PHY_EDGE_ROW_31_Right_31,VPWR,li1,385.2500,95.2000,1.799975
PHY_EDGE_ROW_30_Right_30,VPWR,li1,385.2500,95.2000,1.799975
PHY_EDGE_ROW_29_Right_29,VPWR,li1,385.2500,89.7600,1.799919
PHY_EDGE_ROW_28_Right_28,VPWR,li1,385.2500,89.7600,1.799919
PHY_EDGE_ROW_27_Right_27,VPWR,li1,385.2500,84.3200,1.799909
PHY_EDGE_ROW_26_Right_26,VPWR,li1,385.2500,84.3200,1.799909
PHY_EDGE_ROW_25_Right_25,VPWR,li1,385.2500,78.8800,1.799880
PHY_EDGE_ROW_24_Right_24,VPWR,li1,385.2500,78.8800,1.799880
PHY_EDGE_ROW_23_Right_23,VPWR,li1,385.2500,73.4400,1.799833
PHY_EDGE_ROW_22_Right_22,VPWR,li1,385.2500,73.4400,1.799833
PHY_EDGE_ROW_21_Right_21,VPWR,li1,385.2500,68.0000,1.799881
PHY_EDGE_ROW_20_Right_20,VPWR,li1,385.2500,68.0000,1.799881
PHY_EDGE_ROW_19_Right_19,VPWR,li1,385.2500,62.5600,1.799899
PHY_EDGE_ROW_18_Right_18,VPWR,li1,385.2500,62.5600,1.799899
PHY_EDGE_ROW_17_Right_17,VPWR,li1,385.2500,57.1200,1.799724
PHY_EDGE_ROW_16_Right_16,VPWR,li1,385.2500,57.1200,1.799724
PHY_EDGE_ROW_15_Right_15,VPWR,li1,385.2500,51.6800,1.799759
PHY_EDGE_ROW_14_Right_14,VPWR,li1,385.2500,51.6800,1.799759
PHY_EDGE_ROW_13_Right_13,VPWR,li1,385.2500,46.2400,1.799758
PHY_EDGE_ROW_12_Right_12,VPWR,li1,385.2500,46.2400,1.799758
PHY_EDGE_ROW_11_Right_11,VPWR,li1,385.2500,40.8000,1.799856
PHY_EDGE_ROW_10_Right_10,VPWR,li1,385.2500,40.8000,1.799856
PHY_EDGE_ROW_9_Right_9,VPWR,li1,385.2500,35.3600,1.799595
PHY_EDGE_ROW_8_Right_8,VPWR,li1,385.2500,35.3600,1.799595
PHY_EDGE_ROW_7_Right_7,VPWR,li1,385.2500,29.9200,1.799459
PHY_EDGE_ROW_6_Right_6,VPWR,li1,385.2500,29.9200,1.799459
PHY_EDGE_ROW_5_Right_5,VPWR,li1,385.2500,24.4800,1.798565
PHY_EDGE_ROW_4_Right_4,VPWR,li1,385.2500,24.4800,1.798565
PHY_EDGE_ROW_3_Right_3,VPWR,li1,385.2500,19.0400,1.799049
PHY_EDGE_ROW_2_Right_2,VPWR,li1,385.2500,19.0400,1.799049
PHY_EDGE_ROW_1_Right_1,VPWR,li1,385.2500,13.6000,1.799789
PHY_EDGE_ROW_0_Right_0,VPWR,li1,385.2500,13.6000,1.799789
_13701_,VPWR,li1,158.7000,106.0800,1.799880
_13700_,VPWR,li1,174.8000,106.0800,1.799931
_13699_,VPWR,li1,183.5400,111.5200,1.798585
_13698_,VPWR,li1,194.1200,13.6000,1.799470
_13697_,VPWR,li1,379.9600,122.4000,1.796495
_13696_,VPWR,li1,379.9600,116.9600,1.799653
_13695_,VPWR,li1,359.7200,122.4000,1.796573
_13694_,VPWR,li1,361.5600,133.2800,1.798540
_13693_,VPWR,li1,364.7800,138.7200,1.799366
_13692_,VPWR,li1,365.7000,144.1600,1.799426
_13691_,VPWR,li1,378.5800,149.6000,1.799617
_13690_,VPWR,li1,377.2000,160.4800,1.799760
_13689_,VPWR,li1,374.4400,171.3600,1.799831
_13688_,VPWR,li1,374.4400,176.8000,1.799854
_13687_,VPWR,li1,372.6000,182.2400,1.799909
_13686_,VPWR,li1,370.7600,187.6800,1.799911
_13685_,VPWR,li1,364.3200,193.1200,1.799971
_13684_,VPWR,li1,129.7200,13.6000,1.798812
_13683_,VPWR,li1,158.2400,19.0400,1.797689
_13682_,VPWR,li1,186.7600,19.0400,1.798120
_13681_,VPWR,li1,197.3400,13.6000,1.799458
_13680_,VPWR,li1,322.0000,13.6000,1.799762
_13679_,VPWR,li1,309.5800,13.6000,1.799674
_13678_,VPWR,li1,319.7000,13.6000,1.799740
_13677_,VPWR,li1,332.1200,13.6000,1.799817
_13676_,VPWR,li1,337.6400,19.0400,1.799049
_13675_,VPWR,li1,346.3800,29.9200,1.799459
_13674_,VPWR,li1,358.8000,46.2400,1.799774
_13673_,VPWR,li1,364.7800,51.6800,1.799771
_13672_,VPWR,li1,366.1600,57.1200,1.799735
_13671_,VPWR,li1,379.0400,68.0000,1.799881
_13670_,VPWR,li1,379.9600,73.4400,1.799833
_13669_,VPWR,li1,361.5600,84.3200,1.799915
_13668_,VPWR,li1,350.0600,84.3200,1.799925
_13667_,VPWR,li1,133.4000,383.5200,1.798198
_13666_,VPWR,li1,147.2000,378.0800,1.797694
_13665_,VPWR,li1,150.8800,383.5200,1.798356
_13664_,VPWR,li1,205.6200,383.5200,1.797233
_13663_,VPWR,li1,277.8400,383.5200,1.796279
_13662_,VPWR,li1,293.9400,383.5200,1.796658
_13661_,VPWR,li1,303.1400,383.5200,1.797247
_13660_,VPWR,li1,313.7200,383.5200,1.798062
_13659_,VPWR,li1,319.7000,383.5200,1.798534
_13658_,VPWR,li1,335.8000,383.5200,1.799166
_13657_,VPWR,li1,346.8400,383.5200,1.799157
_13656_,VPWR,li1,379.9600,345.4400,1.799707
_13655_,VPWR,li1,366.1600,350.8800,1.799580
_13654_,VPWR,li1,377.2000,334.5600,1.799885
_13653_,VPWR,li1,371.2200,329.1200,1.799841
_13652_,VPWR,li1,379.9600,323.6800,1.799855
_13651_,VPWR,li1,365.7000,323.6800,1.799864
_13650_,VPWR,li1,136.6200,285.6000,1.798777
_13649_,VPWR,li1,152.2600,285.6000,1.798994
_13648_,VPWR,li1,154.5600,285.6000,1.799046
_13647_,VPWR,li1,232.7600,285.6000,1.798806
_13646_,VPWR,li1,379.9600,269.2800,1.798378
_13645_,VPWR,li1,368.9200,274.7200,1.794097
_13644_,VPWR,li1,371.2200,274.7200,1.794091
_13643_,VPWR,li1,368.0000,269.2800,1.798413
_13642_,VPWR,li1,365.7000,263.8400,1.797991
_13641_,VPWR,li1,379.9600,242.0800,1.799585
_13640_,VPWR,li1,379.9600,236.6400,1.799650
_13639_,VPWR,li1,379.5000,231.2000,1.799778
_13638_,VPWR,li1,379.9600,225.7600,1.799753
_13637_,VPWR,li1,379.9600,220.3200,1.799837
_13636_,VPWR,li1,379.9600,204.0000,1.799973
_13635_,VPWR,li1,379.5000,198.5600,1.799913
_13634_,VPWR,li1,379.9600,214.8800,1.799864
_13633_,VPWR,li1,372.8300,220.3200,1.799843
_13632_,VPWR,li1,130.4100,285.6000,1.798755
_13631_,VPWR,li1,125.3500,280.1600,1.797041
_13630_,VPWR,li1,77.5100,280.1600,1.797483
_13629_,VPWR,li1,85.3300,280.1600,1.797339
_13628_,VPWR,li1,85.5600,285.6000,1.799160
_13627_,VPWR,li1,71.5300,280.1600,1.797707
_13626_,VPWR,li1,68.3100,280.1600,1.797769
_13625_,VPWR,li1,66.0100,280.1600,1.797883
_13624_,VPWR,li1,65.3200,274.7200,1.799156
_13623_,VPWR,li1,65.3200,285.6000,1.799377
_13622_,VPWR,li1,55.4300,274.7200,1.799276
_13621_,VPWR,li1,52.2100,274.7200,1.799321
_13620_,VPWR,li1,77.0500,274.7200,1.799023
_13619_,VPWR,li1,55.2000,274.7200,1.799276
_13618_,VPWR,li1,48.5300,263.8400,1.799589
_13617_,VPWR,li1,44.8500,252.9600,1.799906
_13616_,VPWR,li1,41.6300,242.0800,1.799808
_13615_,VPWR,li1,38.4100,231.2000,1.799933
_13614_,VPWR,li1,40.0200,220.3200,1.799903
_13613_,VPWR,li1,48.0700,252.9600,1.799897
_13612_,VPWR,li1,45.3100,263.8400,1.799621
_13611_,VPWR,li1,59.1100,263.8400,1.799480
_13610_,VPWR,li1,70.3800,263.8400,1.799407
_13609_,VPWR,li1,54.9700,263.8400,1.799517
_13608_,VPWR,li1,55.6600,242.0800,1.799729
_13607_,VPWR,li1,73.3700,269.2800,1.798997
_13606_,VPWR,li1,75.9000,269.2800,1.798954
_13605_,VPWR,li1,47.8400,231.2000,1.799913
_13604_,VPWR,li1,38.6400,225.7600,1.799930
_13603_,VPWR,li1,41.1700,242.0800,1.799808
_13602_,VPWR,li1,40.7100,236.6400,1.799919
_13601_,VPWR,li1,38.4100,242.0800,1.799826
_13600_,VPWR,li1,51.7500,225.7600,1.799898
_13599_,VPWR,li1,52.6700,231.2000,1.799908
_13598_,VPWR,li1,129.2600,280.1600,1.797089
_13597_,VPWR,li1,143.9800,280.1600,1.797335
_13596_,VPWR,li1,146.5100,280.1600,1.797435
_13595_,VPWR,li1,145.1300,285.6000,1.798822
_13594_,VPWR,li1,145.8200,280.1600,1.797435
_13593_,VPWR,li1,140.9900,280.1600,1.797285
_13592_,VPWR,li1,143.0600,280.1600,1.797335
_13591_,VPWR,li1,140.9900,280.1600,1.797285
_13590_,VPWR,li1,126.7300,280.1600,1.797041
_13589_,VPWR,li1,123.5100,280.1600,1.797043
_13588_,VPWR,li1,124.4300,274.7200,1.798527
_13587_,VPWR,li1,127.4200,274.7200,1.798510
_13586_,VPWR,li1,89.0100,280.1600,1.797310
_13585_,VPWR,li1,91.3100,280.1600,1.797291
_13584_,VPWR,li1,89.0100,285.6000,1.799143
_13583_,VPWR,li1,87.4000,280.1600,1.797310
_13582_,VPWR,li1,89.7000,280.1600,1.797291
_13581_,VPWR,li1,93.3800,280.1600,1.797270
_13580_,VPWR,li1,80.7300,280.1600,1.797416
_13579_,VPWR,li1,80.7300,280.1600,1.797416
_13578_,VPWR,li1,86.9400,269.2800,1.798788
_13577_,VPWR,li1,65.0900,280.1600,1.797883
_13576_,VPWR,li1,64.6300,274.7200,1.799156
_13575_,VPWR,li1,67.3900,274.7200,1.799124
_13574_,VPWR,li1,67.1600,269.2800,1.799072
_13573_,VPWR,li1,64.8600,269.2800,1.799134
_13572_,VPWR,li1,76.1300,274.7200,1.799023
_13571_,VPWR,li1,79.1200,274.7200,1.798993
_13570_,VPWR,li1,83.4900,263.8400,1.799339
_13569_,VPWR,li1,80.9600,263.8400,1.799355
_13568_,VPWR,li1,72.4500,263.8400,1.799394
_13567_,VPWR,li1,76.3600,258.4000,1.799778
_13566_,VPWR,li1,68.3100,263.8400,1.799418
_13565_,VPWR,li1,70.8400,258.4000,1.799790
_13564_,VPWR,li1,71.9900,269.2800,1.798997
_13563_,VPWR,li1,74.7500,269.2800,1.798954
_13562_,VPWR,li1,76.5900,269.2800,1.798926
_13561_,VPWR,li1,71.3000,252.9600,1.799859
_13560_,VPWR,li1,78.8900,274.7200,1.798993
_13559_,VPWR,li1,97.7500,280.1600,1.797230
_13558_,VPWR,li1,94.9900,280.1600,1.797251
_13557_,VPWR,li1,102.8100,269.2800,1.798648
_13556_,VPWR,li1,59.5700,280.1600,1.798093
_13555_,VPWR,li1,62.3300,280.1600,1.797987
_13554_,VPWR,li1,61.1800,263.8400,1.799464
_13553_,VPWR,li1,52.6700,274.7200,1.799321
_13552_,VPWR,li1,50.3700,252.9600,1.799892
_13551_,VPWR,li1,53.1300,252.9600,1.799887
_13550_,VPWR,li1,50.8300,247.5200,1.799912
_13549_,VPWR,li1,53.5900,247.5200,1.799907
_13548_,VPWR,li1,45.5400,247.5200,1.799926
_13547_,VPWR,li1,49.9100,242.0800,1.799767
_13546_,VPWR,li1,52.6700,242.0800,1.799745
_13545_,VPWR,li1,55.6600,236.6400,1.799881
_13544_,VPWR,li1,58.6500,236.6400,1.799874
_13543_,VPWR,li1,61.4100,236.6400,1.799870
_13542_,VPWR,li1,72.2200,231.2000,1.799885
_13541_,VPWR,li1,63.0200,247.5200,1.799892
_13540_,VPWR,li1,48.0700,269.2800,1.799387
_13539_,VPWR,li1,51.0600,269.2800,1.799328
_13538_,VPWR,li1,48.7600,258.4000,1.799849
_13537_,VPWR,li1,44.8500,231.2000,1.799919
_13536_,VPWR,li1,40.2500,231.2000,1.799928
_13535_,VPWR,li1,41.4000,231.2000,1.799928
_13534_,VPWR,li1,36.1100,225.7600,1.799935
_13533_,VPWR,li1,36.8000,220.3200,1.799917
_13532_,VPWR,li1,45.3100,231.2000,1.799919
_13531_,VPWR,li1,47.6100,220.3200,1.799881
_13530_,VPWR,li1,42.3200,225.7600,1.799923
_13529_,VPWR,li1,42.3200,220.3200,1.799897
_13528_,VPWR,li1,42.0900,214.8800,1.799935
_13527_,VPWR,li1,45.7700,220.3200,1.799886
_13526_,VPWR,li1,148.8100,280.1600,1.797569
_13525_,VPWR,li1,231.1500,280.1600,1.796959
_13524_,VPWR,li1,148.8100,280.1600,1.797569
_13523_,VPWR,li1,147.8900,274.7200,1.798448
_13522_,VPWR,li1,149.7300,274.7200,1.798464
_13521_,VPWR,li1,167.4400,274.7200,1.798592
_13520_,VPWR,li1,142.3700,274.7200,1.798433
_13519_,VPWR,li1,144.6700,274.7200,1.798440
_13518_,VPWR,li1,137.3100,269.2800,1.798498
_13517_,VPWR,li1,138.2300,274.7200,1.798448
_13516_,VPWR,li1,138.4600,269.2800,1.798498
_13515_,VPWR,li1,130.8700,269.2800,1.798482
_13514_,VPWR,li1,127.8800,269.2800,1.798493
_13513_,VPWR,li1,128.1100,269.2800,1.798486
_13512_,VPWR,li1,129.4900,269.2800,1.798486
_13511_,VPWR,li1,126.5000,258.4000,1.799715
_13510_,VPWR,li1,90.3900,269.2800,1.798744
_13509_,VPWR,li1,87.6300,263.8400,1.799312
_13508_,VPWR,li1,93.6100,269.2800,1.798716
_13507_,VPWR,li1,90.8500,274.7200,1.798863
_13506_,VPWR,li1,89.9300,269.2800,1.798744
_13505_,VPWR,li1,93.1500,274.7200,1.798839
_13504_,VPWR,li1,96.8300,269.2800,1.798701
_13503_,VPWR,li1,98.4400,269.2800,1.798679
_13502_,VPWR,li1,100.5100,269.2800,1.798664
_13501_,VPWR,li1,103.5000,263.8400,1.799231
_13500_,VPWR,li1,101.2000,263.8400,1.799243
_13499_,VPWR,li1,92.2300,263.8400,1.799292
_13498_,VPWR,li1,89.2400,263.8400,1.799312
_13497_,VPWR,li1,86.7100,258.4000,1.799762
_13496_,VPWR,li1,87.4000,258.4000,1.799758
_13495_,VPWR,li1,85.1000,258.4000,1.799762
_13494_,VPWR,li1,81.1900,258.4000,1.799769
_13493_,VPWR,li1,76.1300,258.4000,1.799778
_13492_,VPWR,li1,78.4300,258.4000,1.799774
_13491_,VPWR,li1,79.1200,247.5200,1.799877
_13490_,VPWR,li1,77.9700,269.2800,1.798926
_13489_,VPWR,li1,92.6900,258.4000,1.799751
_13488_,VPWR,li1,99.5900,285.6000,1.799030
_13487_,VPWR,li1,100.5100,280.1600,1.797214
_13486_,VPWR,li1,97.5200,285.6000,1.799064
_13485_,VPWR,li1,101.6600,285.6000,1.799011
_13484_,VPWR,li1,99.8200,280.1600,1.797214
_13483_,VPWR,li1,96.3700,280.1600,1.797251
_13482_,VPWR,li1,101.8900,274.7200,1.798748
_13481_,VPWR,li1,92.2300,247.5200,1.799868
_13480_,VPWR,li1,111.3200,263.8400,1.799193
_13479_,VPWR,li1,83.9500,269.2800,1.798834
_13478_,VPWR,li1,98.4400,242.0800,1.799530
_13477_,VPWR,li1,62.7900,263.8400,1.799451
_13476_,VPWR,li1,61.8700,258.4000,1.799807
_13475_,VPWR,li1,64.8600,258.4000,1.799801
_13474_,VPWR,li1,60.9500,252.9600,1.799873
_13473_,VPWR,li1,63.9400,252.9600,1.799869
_13472_,VPWR,li1,60.0300,247.5200,1.799898
_13471_,VPWR,li1,60.4900,247.5200,1.799896
_13470_,VPWR,li1,63.2500,247.5200,1.799892
_13469_,VPWR,li1,68.5400,242.0800,1.799665
_13468_,VPWR,li1,60.9500,242.0800,1.799706
_13467_,VPWR,li1,61.4100,236.6400,1.799870
_13466_,VPWR,li1,64.1700,236.6400,1.799861
_13465_,VPWR,li1,72.2200,236.6400,1.799845
_13464_,VPWR,li1,58.1900,236.6400,1.799874
_13463_,VPWR,li1,55.4300,236.6400,1.799885
_13462_,VPWR,li1,69.2300,231.2000,1.799888
_13461_,VPWR,li1,72.4500,225.7600,1.799855
_13460_,VPWR,li1,76.5900,231.2000,1.799880
_13459_,VPWR,li1,71.7600,231.2000,1.799885
_13458_,VPWR,li1,58.1900,231.2000,1.799899
_13457_,VPWR,li1,72.6800,247.5200,1.799882
_13456_,VPWR,li1,74.0600,252.9600,1.799855
_13455_,VPWR,li1,64.8600,220.3200,1.799839
_13454_,VPWR,li1,82.3400,247.5200,1.799874
_13453_,VPWR,li1,58.1900,263.8400,1.799499
_13452_,VPWR,li1,59.3400,258.4000,1.799814
_13451_,VPWR,li1,73.1400,220.3200,1.799822
_13450_,VPWR,li1,51.2900,258.4000,1.799838
_13449_,VPWR,li1,54.0500,258.4000,1.799830
_13448_,VPWR,li1,48.0700,247.5200,1.799917
_13447_,VPWR,li1,51.0600,247.5200,1.799912
_13446_,VPWR,li1,50.1400,242.0800,1.799767
_13445_,VPWR,li1,53.1300,220.3200,1.799866
_13444_,VPWR,li1,50.6000,220.3200,1.799873
_13443_,VPWR,li1,49.2200,225.7600,1.799903
_13442_,VPWR,li1,48.0700,258.4000,1.799849
_13441_,VPWR,li1,51.9800,214.8800,1.799915
_13440_,VPWR,li1,44.8500,220.3200,1.799891
_13439_,VPWR,li1,42.0900,220.3200,1.799897
_13438_,VPWR,li1,35.6500,220.3200,1.799917
_13437_,VPWR,li1,34.9600,214.8800,1.799948
_13436_,VPWR,li1,38.4100,214.8800,1.799941
_13435_,VPWR,li1,39.1000,220.3200,1.799911
_13434_,VPWR,li1,41.1700,214.8800,1.799935
_13433_,VPWR,li1,38.6400,214.8800,1.799941
_13432_,VPWR,li1,36.5700,214.8800,1.799948
_13431_,VPWR,li1,39.3300,209.4400,1.799967
_13430_,VPWR,li1,35.8800,204.0000,1.799968
_13429_,VPWR,li1,126.2700,269.2800,1.798493
_13428_,VPWR,li1,124.4300,269.2800,1.798511
_13427_,VPWR,li1,121.4400,269.2800,1.798525
_13426_,VPWR,li1,114.0800,269.2800,1.798572
_13425_,VPWR,li1,228.8500,285.6000,1.798804
_13424_,VPWR,li1,231.1500,285.6000,1.798806
_13423_,VPWR,li1,226.5500,280.1600,1.797059
_13422_,VPWR,li1,232.0700,280.1600,1.796986
_13421_,VPWR,li1,230.2300,280.1600,1.796959
_13420_,VPWR,li1,227.4700,280.1600,1.797059
_13419_,VPWR,li1,174.5700,274.7200,1.798703
_13418_,VPWR,li1,170.4300,274.7200,1.798620
_13417_,VPWR,li1,174.1100,274.7200,1.798662
_13416_,VPWR,li1,185.8400,274.7200,1.797787
_13415_,VPWR,li1,140.9900,269.2800,1.798537
_13414_,VPWR,li1,137.3100,263.8400,1.799133
_13413_,VPWR,li1,139.6100,263.8400,1.799142
_13412_,VPWR,li1,145.8200,263.8400,1.799173
_13411_,VPWR,li1,129.4900,263.8400,1.799129
_13410_,VPWR,li1,119.8300,252.9600,1.799822
_13409_,VPWR,li1,112.4700,247.5200,1.799863
_13408_,VPWR,li1,114.7700,252.9600,1.799821
_13407_,VPWR,li1,111.0900,231.2000,1.799855
_13406_,VPWR,li1,101.4300,242.0800,1.799523
_13405_,VPWR,li1,95.4500,242.0800,1.799541
_13404_,VPWR,li1,98.4400,242.0800,1.799530
_13403_,VPWR,li1,89.9300,242.0800,1.799564
_13402_,VPWR,li1,90.6200,242.0800,1.799564
_13401_,VPWR,li1,84.8700,242.0800,1.799586
_13400_,VPWR,li1,81.1900,242.0800,1.799611
_13399_,VPWR,li1,82.1100,242.0800,1.799599
_13398_,VPWR,li1,94.3000,236.6400,1.799805
_13397_,VPWR,li1,76.5900,242.0800,1.799625
_13396_,VPWR,li1,74.2900,242.0800,1.799637
_13395_,VPWR,li1,71.9900,242.0800,1.799651
_13394_,VPWR,li1,70.1500,236.6400,1.799851
_13393_,VPWR,li1,74.7500,236.6400,1.799840
_13392_,VPWR,li1,79.8100,231.2000,1.799878
_13391_,VPWR,li1,74.0600,231.2000,1.799883
_13390_,VPWR,li1,63.0200,225.7600,1.799873
_13389_,VPWR,li1,81.6500,236.6400,1.799826
_13388_,VPWR,li1,86.2500,247.5200,1.799872
_13387_,VPWR,li1,84.4100,252.9600,1.799844
_13386_,VPWR,li1,84.4100,247.5200,1.799873
_13385_,VPWR,li1,79.3500,252.9600,1.799849
_13384_,VPWR,li1,77.0500,252.9600,1.799853
_13383_,VPWR,li1,71.5300,252.9600,1.799859
_13382_,VPWR,li1,74.5200,247.5200,1.799880
_13381_,VPWR,li1,74.2900,252.9600,1.799855
_13380_,VPWR,li1,91.5400,225.7600,1.799819
_13379_,VPWR,li1,105.8000,242.0800,1.799518
_13378_,VPWR,li1,97.7500,236.6400,1.799802
_13377_,VPWR,li1,100.7400,236.6400,1.799801
_13376_,VPWR,li1,100.2800,231.2000,1.799861
_13375_,VPWR,li1,76.1300,220.3200,1.799819
_13374_,VPWR,li1,67.8500,220.3200,1.799833
_13373_,VPWR,li1,67.8500,220.3200,1.799833
_13372_,VPWR,li1,64.6300,214.8800,1.799897
_13371_,VPWR,li1,66.7000,214.8800,1.799892
_13370_,VPWR,li1,53.5900,225.7600,1.799893
_13369_,VPWR,li1,59.1100,225.7600,1.799882
_13368_,VPWR,li1,56.8100,225.7600,1.799886
_13367_,VPWR,li1,54.7400,225.7600,1.799893
_13366_,VPWR,li1,70.3800,220.3200,1.799828
_13365_,VPWR,li1,73.3700,220.3200,1.799822
_13364_,VPWR,li1,76.1300,220.3200,1.799819
_13363_,VPWR,li1,84.1800,214.8800,1.799870
_13362_,VPWR,li1,55.8900,220.3200,1.799860
_13361_,VPWR,li1,51.2900,214.8800,1.799915
_13360_,VPWR,li1,54.2800,214.8800,1.799912
_13359_,VPWR,li1,48.5300,209.4400,1.799956
_13358_,VPWR,li1,48.5300,214.8800,1.799921
_13357_,VPWR,li1,46.2300,209.4400,1.799959
_13356_,VPWR,li1,44.8500,204.0000,1.799958
_13355_,VPWR,li1,38.6400,204.0000,1.799964
_13354_,VPWR,li1,42.3200,204.0000,1.799960
_13353_,VPWR,li1,58.8800,209.4400,1.799949
_13352_,VPWR,li1,51.7500,204.0000,1.799950
_13351_,VPWR,li1,58.1900,220.3200,1.799854
_13350_,VPWR,li1,54.9700,214.8800,1.799912
_13349_,VPWR,li1,73.8300,214.8800,1.799882
_13348_,VPWR,li1,71.9900,214.8800,1.799884
_13347_,VPWR,li1,125.8100,263.8400,1.799137
_13346_,VPWR,li1,126.0400,263.8400,1.799137
_13345_,VPWR,li1,121.6700,263.8400,1.799151
_13344_,VPWR,li1,120.2900,258.4000,1.799717
_13343_,VPWR,li1,119.6000,263.8400,1.799160
_13342_,VPWR,li1,114.3100,263.8400,1.799180
_13341_,VPWR,li1,117.0700,263.8400,1.799169
_13340_,VPWR,li1,112.9300,263.8400,1.799193
_13339_,VPWR,li1,115.0000,263.8400,1.799180
_13338_,VPWR,li1,110.6300,258.4000,1.799727
_13337_,VPWR,li1,107.1800,263.8400,1.799221
_13336_,VPWR,li1,103.2700,258.4000,1.799735
_13335_,VPWR,li1,106.2600,258.4000,1.799732
_13334_,VPWR,li1,98.2100,258.4000,1.799742
_13333_,VPWR,li1,94.5300,258.4000,1.799748
_13332_,VPWR,li1,94.0700,258.4000,1.799748
_13331_,VPWR,li1,97.2900,258.4000,1.799745
_13330_,VPWR,li1,91.5400,252.9600,1.799837
_13329_,VPWR,li1,104.1900,252.9600,1.799827
_13328_,VPWR,li1,112.9300,258.4000,1.799724
_13327_,VPWR,li1,111.5500,269.2800,1.798600
_13326_,VPWR,li1,111.0900,274.7200,1.798663
_13325_,VPWR,li1,110.1700,274.7200,1.798663
_13324_,VPWR,li1,112.0100,274.7200,1.798645
_13323_,VPWR,li1,112.7000,280.1600,1.797121
_13322_,VPWR,li1,108.3300,280.1600,1.797151
_13321_,VPWR,li1,109.9400,280.1600,1.797151
_13320_,VPWR,li1,102.3500,280.1600,1.797195
_13319_,VPWR,li1,105.3400,280.1600,1.797173
_13318_,VPWR,li1,105.8000,285.6000,1.798973
_13317_,VPWR,li1,105.8000,280.1600,1.797173
_13316_,VPWR,li1,159.1600,263.8400,1.799306
_13315_,VPWR,li1,146.2800,269.2800,1.798628
_13314_,VPWR,li1,152.4900,269.2800,1.798741
_13313_,VPWR,li1,151.8000,274.7200,1.798479
_13312_,VPWR,li1,158.7000,274.7200,1.798521
_13311_,VPWR,li1,355.3500,274.7200,1.794333
_13310_,VPWR,li1,350.5200,274.7200,1.794700
_13309_,VPWR,li1,349.6000,274.7200,1.794700
_13308_,VPWR,li1,345.6900,274.7200,1.795244
_13307_,VPWR,li1,337.1800,274.7200,1.796362
_13306_,VPWR,li1,339.9400,274.7200,1.795927
_13305_,VPWR,li1,353.7400,263.8400,1.798112
_13304_,VPWR,li1,350.9800,269.2800,1.798616
_13303_,VPWR,li1,355.1200,274.7200,1.794333
_13302_,VPWR,li1,347.9900,274.7200,1.794994
_13301_,VPWR,li1,240.8100,274.7200,1.793934
_13300_,VPWR,li1,234.3700,280.1600,1.797038
_13299_,VPWR,li1,239.8900,269.2800,1.796929
_13298_,VPWR,li1,231.1500,274.7200,1.794263
_13297_,VPWR,li1,227.4700,274.7200,1.794462
_13296_,VPWR,li1,225.1700,274.7200,1.794595
_13295_,VPWR,li1,221.0300,274.7200,1.794893
_13294_,VPWR,li1,222.6400,269.2800,1.797133
_13293_,VPWR,li1,190.2100,274.7200,1.797250
_13292_,VPWR,li1,189.2900,269.2800,1.798368
_13291_,VPWR,li1,187.4500,274.7200,1.797621
_13290_,VPWR,li1,187.9100,263.8400,1.799149
_13289_,VPWR,li1,151.5700,263.8400,1.799203
_13288_,VPWR,li1,145.5900,258.4000,1.799736
_13287_,VPWR,li1,145.5900,258.4000,1.799736
_13286_,VPWR,li1,149.2700,242.0800,1.799588
_13285_,VPWR,li1,118.9100,242.0800,1.799510
_13284_,VPWR,li1,117.9900,236.6400,1.799796
_13283_,VPWR,li1,119.8300,236.6400,1.799796
_13282_,VPWR,li1,111.0900,231.2000,1.799855
_13281_,VPWR,li1,117.7600,225.7600,1.799795
_13280_,VPWR,li1,106.0300,231.2000,1.799857
_13279_,VPWR,li1,108.3300,231.2000,1.799856
_13278_,VPWR,li1,107.4100,225.7600,1.799800
_13277_,VPWR,li1,98.2100,225.7600,1.799808
_13276_,VPWR,li1,96.1400,220.3200,1.799806
_13275_,VPWR,li1,92.2300,220.3200,1.799808
_13274_,VPWR,li1,79.3500,225.7600,1.799840
_13273_,VPWR,li1,62.7900,225.7600,1.799873
_13272_,VPWR,li1,60.4900,225.7600,1.799878
_13271_,VPWR,li1,64.1700,231.2000,1.799893
_13270_,VPWR,li1,62.5600,231.2000,1.799896
_13269_,VPWR,li1,58.6500,225.7600,1.799882
_13268_,VPWR,li1,93.3800,209.4400,1.799932
_13267_,VPWR,li1,94.9900,225.7600,1.799815
_13266_,VPWR,li1,101.4300,225.7600,1.799805
_13265_,VPWR,li1,105.3400,214.8800,1.799859
_13264_,VPWR,li1,84.8700,214.8800,1.799868
_13263_,VPWR,li1,72.9100,209.4400,1.799938
_13262_,VPWR,li1,68.7700,209.4400,1.799941
_13261_,VPWR,li1,62.3300,204.0000,1.799941
_13260_,VPWR,li1,65.3200,204.0000,1.799938
_13259_,VPWR,li1,59.1100,204.0000,1.799943
_13258_,VPWR,li1,56.3500,204.0000,1.799945
_13257_,VPWR,li1,51.2900,204.0000,1.799952
_13256_,VPWR,li1,48.3000,204.0000,1.799955
_13255_,VPWR,li1,51.2900,198.5600,1.799961
_13254_,VPWR,li1,62.5600,209.4400,1.799945
_13253_,VPWR,li1,75.4400,204.0000,1.799932
_13252_,VPWR,li1,86.2500,214.8800,1.799868
_13251_,VPWR,li1,81.1900,214.8800,1.799872
_13250_,VPWR,li1,78.8900,214.8800,1.799875
_13249_,VPWR,li1,86.7100,209.4400,1.799934
_13248_,VPWR,li1,76.5900,214.8800,1.799879
_13247_,VPWR,li1,67.8500,209.4400,1.799941
_13246_,VPWR,li1,70.1500,209.4400,1.799940
_13245_,VPWR,li1,117.0700,242.0800,1.799509
_13244_,VPWR,li1,120.0600,242.0800,1.799510
_13243_,VPWR,li1,113.8500,242.0800,1.799510
_13242_,VPWR,li1,115.0000,242.0800,1.799510
_13241_,VPWR,li1,110.6300,242.0800,1.799512
_13240_,VPWR,li1,105.1100,242.0800,1.799518
_13239_,VPWR,li1,107.4100,242.0800,1.799515
_13238_,VPWR,li1,128.3400,236.6400,1.799801
_13237_,VPWR,li1,96.3700,236.6400,1.799802
_13236_,VPWR,li1,89.0100,236.6400,1.799813
_13235_,VPWR,li1,92.0000,236.6400,1.799809
_13234_,VPWR,li1,84.8700,236.6400,1.799820
_13233_,VPWR,li1,84.8700,231.2000,1.799873
_13232_,VPWR,li1,78.8900,236.6400,1.799831
_13231_,VPWR,li1,81.4200,231.2000,1.799876
_13230_,VPWR,li1,86.0200,225.7600,1.799830
_13229_,VPWR,li1,117.0700,236.6400,1.799796
_13228_,VPWR,li1,104.1900,247.5200,1.799865
_13227_,VPWR,li1,103.2700,252.9600,1.799827
_13226_,VPWR,li1,97.7500,252.9600,1.799831
_13225_,VPWR,li1,96.8300,247.5200,1.799867
_13224_,VPWR,li1,95.9100,252.9600,1.799833
_13223_,VPWR,li1,94.5300,247.5200,1.799868
_13222_,VPWR,li1,94.0700,252.9600,1.799835
_13221_,VPWR,li1,110.1700,252.9600,1.799823
_13220_,VPWR,li1,114.5400,225.7600,1.799796
_13219_,VPWR,li1,136.6200,242.0800,1.799545
_13218_,VPWR,li1,154.3300,269.2800,1.798776
_13217_,VPWR,li1,155.4800,269.2800,1.798776
_13216_,VPWR,li1,149.7300,269.2800,1.798677
_13215_,VPWR,li1,155.2500,263.8400,1.799268
_13214_,VPWR,li1,161.2300,269.2800,1.798901
_13213_,VPWR,li1,163.0700,263.8400,1.799366
_13212_,VPWR,li1,164.9100,263.8400,1.799402
_13211_,VPWR,li1,162.3800,263.8400,1.799366
_13210_,VPWR,li1,160.0800,263.8400,1.799334
_13209_,VPWR,li1,136.8500,258.4000,1.799726
_13208_,VPWR,li1,133.1700,258.4000,1.799722
_13207_,VPWR,li1,126.7300,258.4000,1.799716
_13206_,VPWR,li1,123.9700,258.4000,1.799716
_13205_,VPWR,li1,118.4500,258.4000,1.799719
_13204_,VPWR,li1,114.7700,258.4000,1.799722
_13203_,VPWR,li1,115.2300,252.9600,1.799821
_13202_,VPWR,li1,117.9900,252.9600,1.799821
_13201_,VPWR,li1,123.0500,252.9600,1.799825
_13200_,VPWR,li1,128.3400,252.9600,1.799836
_13199_,VPWR,li1,150.1900,258.4000,1.799751
_13198_,VPWR,li1,159.8500,274.7200,1.798536
_13197_,VPWR,li1,161.2300,274.7200,1.798536
_13196_,VPWR,li1,162.8400,280.1600,1.798312
_13195_,VPWR,li1,160.5400,280.1600,1.798184
_13194_,VPWR,li1,116.1500,280.1600,1.797094
_13193_,VPWR,li1,114.7700,280.1600,1.797107
_13192_,VPWR,li1,116.8400,285.6000,1.798876
_13191_,VPWR,li1,113.3900,285.6000,1.798905
_13190_,VPWR,li1,112.4700,280.1600,1.797121
_13189_,VPWR,li1,116.6100,285.6000,1.798876
_13188_,VPWR,li1,118.9100,285.6000,1.798856
_13187_,VPWR,li1,113.8500,274.7200,1.798626
_13186_,VPWR,li1,116.3800,274.7200,1.798601
_13185_,VPWR,li1,115.0000,274.7200,1.798626
_13184_,VPWR,li1,151.5700,242.0800,1.799601
_13183_,VPWR,li1,175.0300,263.8400,1.799542
_13182_,VPWR,li1,184.4600,274.7200,1.797787
_13181_,VPWR,li1,181.9300,274.7200,1.798070
_13180_,VPWR,li1,181.2400,274.7200,1.798070
_13179_,VPWR,li1,184.0000,280.1600,1.798702
_13178_,VPWR,li1,360.4100,274.7200,1.794161
_13177_,VPWR,li1,363.1700,274.7200,1.794129
_13176_,VPWR,li1,343.3900,274.7200,1.795514
_13175_,VPWR,li1,245.8700,274.7200,1.794026
_13174_,VPWR,li1,239.8900,274.7200,1.793934
_13173_,VPWR,li1,236.2100,274.7200,1.794122
_13172_,VPWR,li1,247.2500,269.2800,1.796908
_13171_,VPWR,li1,226.5500,269.2800,1.797047
_13170_,VPWR,li1,221.4900,269.2800,1.797199
_13169_,VPWR,li1,221.0300,269.2800,1.797199
_13168_,VPWR,li1,220.5700,263.8400,1.798440
_13167_,VPWR,li1,191.1300,269.2800,1.798283
_13166_,VPWR,li1,186.5300,263.8400,1.799214
_13165_,VPWR,li1,190.2100,263.8400,1.799096
_13164_,VPWR,li1,185.1500,242.0800,1.799802
_13163_,VPWR,li1,152.4900,242.0800,1.799601
_13162_,VPWR,li1,146.0500,236.6400,1.799818
_13161_,VPWR,li1,149.7300,236.6400,1.799824
_13160_,VPWR,li1,146.0500,220.3200,1.799843
_13159_,VPWR,li1,118.4500,225.7600,1.799795
_13158_,VPWR,li1,113.3900,220.3200,1.799801
_13157_,VPWR,li1,117.5300,214.8800,1.799864
_13156_,VPWR,li1,115.0000,214.8800,1.799863
_13155_,VPWR,li1,103.2700,214.8800,1.799859
_13154_,VPWR,li1,99.1300,209.4400,1.799931
_13153_,VPWR,li1,90.3900,204.0000,1.799925
_13152_,VPWR,li1,89.4700,209.4400,1.799933
_13151_,VPWR,li1,82.5700,204.0000,1.799929
_13150_,VPWR,li1,76.1300,204.0000,1.799932
_13149_,VPWR,li1,76.5900,198.5600,1.799946
_13148_,VPWR,li1,71.9900,204.0000,1.799934
_13147_,VPWR,li1,73.3700,204.0000,1.799934
_13146_,VPWR,li1,90.8500,204.0000,1.799925
_13145_,VPWR,li1,101.8900,204.0000,1.799922
_13144_,VPWR,li1,99.1300,214.8800,1.799860
_13143_,VPWR,li1,103.2700,214.8800,1.799859
_13142_,VPWR,li1,101.4300,209.4400,1.799930
_13141_,VPWR,li1,90.3900,214.8800,1.799865
_13140_,VPWR,li1,66.0100,209.4400,1.799942
_13139_,VPWR,li1,67.3900,204.0000,1.799937
_13138_,VPWR,li1,63.7100,209.4400,1.799943
_13137_,VPWR,li1,62.5600,204.0000,1.799941
_13136_,VPWR,li1,59.1100,209.4400,1.799947
_13135_,VPWR,li1,116.1500,220.3200,1.799803
_13134_,VPWR,li1,112.4700,225.7600,1.799798
_13133_,VPWR,li1,111.5500,220.3200,1.799801
_13132_,VPWR,li1,103.2700,220.3200,1.799802
_13131_,VPWR,li1,100.9700,225.7600,1.799805
_13130_,VPWR,li1,90.8500,225.7600,1.799822
_13129_,VPWR,li1,88.5500,225.7600,1.799826
_13128_,VPWR,li1,83.4900,225.7600,1.799835
_13127_,VPWR,li1,88.3200,220.3200,1.799810
_13126_,VPWR,li1,85.3300,220.3200,1.799812
_13125_,VPWR,li1,104.6500,220.3200,1.799802
_13124_,VPWR,li1,117.3000,204.0000,1.799924
_13123_,VPWR,li1,127.1900,225.7600,1.799807
_13122_,VPWR,li1,146.5100,242.0800,1.799573
_13121_,VPWR,li1,149.5000,247.5200,1.799895
_13120_,VPWR,li1,141.9100,242.0800,1.799560
_13119_,VPWR,li1,143.5200,242.0800,1.799566
_13118_,VPWR,li1,135.9300,242.0800,1.799545
_13117_,VPWR,li1,132.7100,242.0800,1.799534
_13116_,VPWR,li1,153.1800,236.6400,1.799838
_13115_,VPWR,li1,130.8700,236.6400,1.799803
_13114_,VPWR,li1,126.7300,236.6400,1.799801
_13113_,VPWR,li1,129.7200,236.6400,1.799803
_13112_,VPWR,li1,123.5100,236.6400,1.799799
_13111_,VPWR,li1,116.6100,231.2000,1.799860
_13110_,VPWR,li1,117.5300,231.2000,1.799860
_13109_,VPWR,li1,119.6000,231.2000,1.799863
_13108_,VPWR,li1,129.0300,231.2000,1.799871
_13107_,VPWR,li1,138.9200,231.2000,1.799882
_13106_,VPWR,li1,133.1700,242.0800,1.799539
_13105_,VPWR,li1,133.4000,247.5200,1.799879
_13104_,VPWR,li1,131.3300,247.5200,1.799878
_13103_,VPWR,li1,136.8500,252.9600,1.799850
_13102_,VPWR,li1,130.8700,252.9600,1.799840
_13101_,VPWR,li1,130.8700,252.9600,1.799840
_13100_,VPWR,li1,143.7500,252.9600,1.799864
_13099_,VPWR,li1,139.6100,252.9600,1.799854
_13098_,VPWR,li1,140.7600,247.5200,1.799886
_13097_,VPWR,li1,126.2700,247.5200,1.799873
_13096_,VPWR,li1,124.4300,247.5200,1.799872
_13095_,VPWR,li1,125.8100,247.5200,1.799873
_13094_,VPWR,li1,128.8000,247.5200,1.799875
_13093_,VPWR,li1,122.1300,247.5200,1.799870
_13092_,VPWR,li1,141.2200,225.7600,1.799834
_13091_,VPWR,li1,163.7600,242.0800,1.799721
_13090_,VPWR,li1,185.1500,269.2800,1.798678
_13089_,VPWR,li1,183.5400,269.2800,1.798678
_13088_,VPWR,li1,178.7100,269.2800,1.798952
_13087_,VPWR,li1,179.8600,263.8400,1.799381
_13086_,VPWR,li1,175.0300,269.2800,1.799203
_13085_,VPWR,li1,171.8100,263.8400,1.799502
_13084_,VPWR,li1,174.5700,263.8400,1.799542
_13083_,VPWR,li1,169.0500,263.8400,1.799459
_13082_,VPWR,li1,193.2000,263.8400,1.799050
_13081_,VPWR,li1,167.6700,258.4000,1.799833
_13080_,VPWR,li1,170.4300,258.4000,1.799844
_13079_,VPWR,li1,162.1500,258.4000,1.799808
_13078_,VPWR,li1,159.3900,258.4000,1.799788
_13077_,VPWR,li1,154.3300,258.4000,1.799770
_13076_,VPWR,li1,149.2700,258.4000,1.799751
_13075_,VPWR,li1,151.1100,252.9600,1.799879
_13074_,VPWR,li1,151.5700,258.4000,1.799761
_13073_,VPWR,li1,162.3800,252.9600,1.799901
_13072_,VPWR,li1,159.6200,252.9600,1.799896
_13071_,VPWR,li1,177.1000,258.4000,1.799850
_13070_,VPWR,li1,180.0900,280.1600,1.798855
_13069_,VPWR,li1,177.7900,285.6000,1.799550
_13068_,VPWR,li1,180.7800,285.6000,1.799505
_13067_,VPWR,li1,188.1400,285.6000,1.799394
_13066_,VPWR,li1,170.4300,280.1600,1.798761
_13065_,VPWR,li1,167.2100,280.1600,1.798543
_13064_,VPWR,li1,172.7300,280.1600,1.798890
_13063_,VPWR,li1,170.2000,274.7200,1.798620
_13062_,VPWR,li1,163.9900,274.7200,1.798556
_13061_,VPWR,li1,170.2000,280.1600,1.798761
_13060_,VPWR,li1,166.2900,280.1600,1.798543
_13059_,VPWR,li1,162.1500,280.1600,1.798312
_13058_,VPWR,li1,168.8200,285.6000,1.799413
_13057_,VPWR,li1,132.2500,280.1600,1.797144
_13056_,VPWR,li1,132.2500,285.6000,1.798761
_13055_,VPWR,li1,118.4500,280.1600,1.797078
_13054_,VPWR,li1,179.8600,242.0800,1.799830
_13053_,VPWR,li1,205.6200,269.2800,1.797730
_13052_,VPWR,li1,221.0300,274.7200,1.794893
_13051_,VPWR,li1,219.1900,274.7200,1.795085
_13050_,VPWR,li1,216.4300,274.7200,1.795243
_13049_,VPWR,li1,210.6800,280.1600,1.797665
_13048_,VPWR,li1,287.5000,269.2800,1.797414
_13047_,VPWR,li1,360.4100,269.2800,1.798451
_13046_,VPWR,li1,358.3400,269.2800,1.798473
_13045_,VPWR,li1,360.6400,274.7200,1.794161
_13044_,VPWR,li1,357.8800,263.8400,1.798036
_13043_,VPWR,li1,350.7500,263.8400,1.798159
_13042_,VPWR,li1,357.8800,274.7200,1.794243
_13041_,VPWR,li1,346.1500,269.2800,1.798767
_13040_,VPWR,li1,346.1500,274.7200,1.795244
_13039_,VPWR,li1,339.4800,263.8400,1.798566
_13038_,VPWR,li1,290.9500,269.2800,1.797517
_13037_,VPWR,li1,284.5100,269.2800,1.797350
_13036_,VPWR,li1,284.5100,269.2800,1.797350
_13035_,VPWR,li1,284.2800,263.8400,1.798202
_13034_,VPWR,li1,250.0100,269.2800,1.796917
_13033_,VPWR,li1,245.8700,263.8400,1.798144
_13032_,VPWR,li1,248.1700,263.8400,1.798141
_13031_,VPWR,li1,250.2400,258.4000,1.799355
_13030_,VPWR,li1,226.5500,263.8400,1.798345
_13029_,VPWR,li1,216.8900,247.5200,1.799705
_13028_,VPWR,li1,219.6500,247.5200,1.799703
_13027_,VPWR,li1,217.1200,231.2000,1.799746
_13026_,VPWR,li1,188.3700,242.0800,1.799790
_13025_,VPWR,li1,181.9300,225.7600,1.799891
_13024_,VPWR,li1,183.0800,225.7600,1.799891
_13023_,VPWR,li1,183.5400,220.3200,1.799878
_13022_,VPWR,li1,149.2700,225.7600,1.799848
_13021_,VPWR,li1,142.8300,214.8800,1.799888
_13020_,VPWR,li1,145.5900,214.8800,1.799892
_13019_,VPWR,li1,145.8200,214.8800,1.799892
_13018_,VPWR,li1,117.0700,214.8800,1.799864
_13017_,VPWR,li1,112.9300,214.8800,1.799862
_13016_,VPWR,li1,114.5400,209.4400,1.799931
_13015_,VPWR,li1,117.7600,209.4400,1.799932
_13014_,VPWR,li1,105.1100,209.4400,1.799930
_13013_,VPWR,li1,97.7500,204.0000,1.799923
_13012_,VPWR,li1,96.8300,198.5600,1.799939
_13011_,VPWR,li1,92.9200,198.5600,1.799940
_13010_,VPWR,li1,87.6300,204.0000,1.799926
_13009_,VPWR,li1,94.0700,204.0000,1.799924
_13008_,VPWR,li1,110.6300,209.4400,1.799931
_13007_,VPWR,li1,114.3100,204.0000,1.799923
_13006_,VPWR,li1,112.0100,204.0000,1.799923
_13005_,VPWR,li1,115.0000,204.0000,1.799923
_13004_,VPWR,li1,106.4900,204.0000,1.799922
_13003_,VPWR,li1,104.6500,204.0000,1.799922
_13002_,VPWR,li1,102.3500,198.5600,1.799936
_13001_,VPWR,li1,105.1100,198.5600,1.799936
_13000_,VPWR,li1,100.0500,198.5600,1.799938
_12999_,VPWR,li1,117.5300,204.0000,1.799924
_12998_,VPWR,li1,126.9600,204.0000,1.799928
_12997_,VPWR,li1,141.9100,220.3200,1.799836
_12996_,VPWR,li1,138.2300,220.3200,1.799828
_12995_,VPWR,li1,139.6100,225.7600,1.799829
_12994_,VPWR,li1,131.7900,220.3200,1.799820
_12993_,VPWR,li1,129.4900,220.3200,1.799818
_12992_,VPWR,li1,126.7300,220.3200,1.799814
_12991_,VPWR,li1,119.8300,220.3200,1.799807
_12990_,VPWR,li1,127.6500,214.8800,1.799873
_12989_,VPWR,li1,126.2700,220.3200,1.799814
_12988_,VPWR,li1,130.8700,225.7600,1.799816
_12987_,VPWR,li1,127.6500,231.2000,1.799871
_12986_,VPWR,li1,129.7200,231.2000,1.799874
_12985_,VPWR,li1,128.3400,225.7600,1.799812
_12984_,VPWR,li1,133.4000,231.2000,1.799878
_12983_,VPWR,li1,125.8100,231.2000,1.799869
_12982_,VPWR,li1,139.3800,209.4400,1.799938
_12981_,VPWR,li1,155.0200,220.3200,1.799864
_12980_,VPWR,li1,181.0100,242.0800,1.799818
_12979_,VPWR,li1,176.8700,242.0800,1.799843
_12978_,VPWR,li1,178.4800,236.6400,1.799880
_12977_,VPWR,li1,166.7500,242.0800,1.799752
_12976_,VPWR,li1,162.6100,242.0800,1.799698
_12975_,VPWR,li1,165.3700,242.0800,1.799721
_12974_,VPWR,li1,171.5800,236.6400,1.799898
_12973_,VPWR,li1,156.1700,236.6400,1.799845
_12972_,VPWR,li1,150.6500,236.6400,1.799831
_12971_,VPWR,li1,153.4100,236.6400,1.799838
_12970_,VPWR,li1,143.7500,231.2000,1.799890
_12969_,VPWR,li1,139.6100,231.2000,1.799885
_12968_,VPWR,li1,141.4500,231.2000,1.799887
_12967_,VPWR,li1,142.6000,231.2000,1.799887
_12966_,VPWR,li1,152.0300,225.7600,1.799855
_12965_,VPWR,li1,161.0000,236.6400,1.799859
_12964_,VPWR,li1,162.1500,247.5200,1.799909
_12963_,VPWR,li1,155.2500,247.5200,1.799901
_12962_,VPWR,li1,155.2500,252.9600,1.799887
_12961_,VPWR,li1,175.0300,252.9600,1.799932
_12960_,VPWR,li1,152.9500,252.9600,1.799882
_12959_,VPWR,li1,141.9100,252.9600,1.799860
_12958_,VPWR,li1,143.0600,247.5200,1.799888
_12957_,VPWR,li1,145.1300,252.9600,1.799864
_12956_,VPWR,li1,142.6000,252.9600,1.799860
_12955_,VPWR,li1,164.4500,252.9600,1.799907
_12954_,VPWR,li1,172.2700,252.9600,1.799922
_12953_,VPWR,li1,167.2100,252.9600,1.799914
_12952_,VPWR,li1,168.1300,252.9600,1.799914
_12951_,VPWR,li1,164.9100,252.9600,1.799907
_12950_,VPWR,li1,176.6400,220.3200,1.799908
_12949_,VPWR,li1,190.9000,242.0800,1.799787
_12948_,VPWR,li1,217.8100,263.8400,1.798496
_12947_,VPWR,li1,216.8900,269.2800,1.797314
_12946_,VPWR,li1,212.7500,269.2800,1.797463
_12945_,VPWR,li1,213.2100,269.2800,1.797463
_12944_,VPWR,li1,208.6100,269.2800,1.797617
_12943_,VPWR,li1,205.3900,263.8400,1.798762
_12942_,VPWR,li1,208.1500,263.8400,1.798718
_12941_,VPWR,li1,210.6800,258.4000,1.799603
_12940_,VPWR,li1,196.6500,263.8400,1.798953
_12939_,VPWR,li1,190.6700,258.4000,1.799755
_12938_,VPWR,li1,192.0500,258.4000,1.799731
_12937_,VPWR,li1,184.2300,258.4000,1.799793
_12936_,VPWR,li1,177.7900,258.4000,1.799850
_12935_,VPWR,li1,180.5500,258.4000,1.799828
_12934_,VPWR,li1,179.4000,252.9600,1.799913
_12933_,VPWR,li1,195.2700,269.2800,1.798124
_12932_,VPWR,li1,189.9800,252.9600,1.799869
_12931_,VPWR,li1,194.5800,258.4000,1.799712
_12930_,VPWR,li1,208.1500,280.1600,1.797762
_12929_,VPWR,li1,206.7700,280.1600,1.797859
_12928_,VPWR,li1,209.7600,280.1600,1.797762
_12927_,VPWR,li1,214.3600,280.1600,1.797523
_12926_,VPWR,li1,194.8100,280.1600,1.798280
_12925_,VPWR,li1,194.8100,285.6000,1.799294
_12924_,VPWR,li1,191.3600,280.1600,1.798414
_12923_,VPWR,li1,192.0500,285.6000,1.799335
_12922_,VPWR,li1,188.8300,285.6000,1.799394
_12921_,VPWR,li1,201.0200,285.6000,1.799202
_12920_,VPWR,li1,166.7500,285.6000,1.799342
_12919_,VPWR,li1,170.6600,285.6000,1.799461
_12918_,VPWR,li1,164.4500,280.1600,1.798440
_12917_,VPWR,li1,161.2300,285.6000,1.799176
_12916_,VPWR,li1,163.3000,285.6000,1.799241
_12915_,VPWR,li1,159.8500,285.6000,1.799176
_12914_,VPWR,li1,119.8300,285.6000,1.798856
_12913_,VPWR,li1,210.6800,236.6400,1.799720
_12912_,VPWR,li1,230.4600,263.8400,1.798297
_12911_,VPWR,li1,247.7100,269.2800,1.796908
_12910_,VPWR,li1,245.8700,269.2800,1.796913
_12909_,VPWR,li1,243.1100,269.2800,1.796920
_12908_,VPWR,li1,246.5600,274.7200,1.794120
_12907_,VPWR,li1,281.0600,274.7200,1.795700
_12906_,VPWR,li1,361.3300,263.8400,1.797997
_12905_,VPWR,li1,355.8100,269.2800,1.798520
_12904_,VPWR,li1,352.5900,263.8400,1.798112
_12903_,VPWR,li1,346.8400,263.8400,1.798284
_12902_,VPWR,li1,344.7700,263.8400,1.798352
_12901_,VPWR,li1,336.9500,263.8400,1.798673
_12900_,VPWR,li1,332.3500,263.8400,1.798943
_12899_,VPWR,li1,333.5000,263.8400,1.798943
_12898_,VPWR,li1,316.9400,258.4000,1.799622
_12897_,VPWR,li1,286.3500,263.8400,1.798231
_12896_,VPWR,li1,281.2900,263.8400,1.798180
_12895_,VPWR,li1,282.4400,258.4000,1.799388
_12894_,VPWR,li1,279.6800,258.4000,1.799380
_12893_,VPWR,li1,247.7100,258.4000,1.799359
_12892_,VPWR,li1,242.6500,252.9600,1.799670
_12891_,VPWR,li1,244.2600,258.4000,1.799371
_12890_,VPWR,li1,243.3400,236.6400,1.799612
_12889_,VPWR,li1,218.2700,231.2000,1.799740
_12888_,VPWR,li1,214.5900,225.7600,1.799809
_12887_,VPWR,li1,217.3500,225.7600,1.799805
_12886_,VPWR,li1,217.5800,220.3200,1.799795
_12885_,VPWR,li1,187.9100,220.3200,1.799864
_12884_,VPWR,li1,181.4700,214.8800,1.799939
_12883_,VPWR,li1,184.2300,214.8800,1.799934
_12882_,VPWR,li1,188.1400,209.4400,1.799960
_12881_,VPWR,li1,151.1100,214.8800,1.799898
_12880_,VPWR,li1,147.8900,209.4400,1.799943
_12879_,VPWR,li1,150.1900,209.4400,1.799945
_12878_,VPWR,li1,145.5900,209.4400,1.799941
_12877_,VPWR,li1,151.8000,209.4400,1.799947
_12876_,VPWR,li1,123.9700,209.4400,1.799933
_12875_,VPWR,li1,124.8900,209.4400,1.799933
_12874_,VPWR,li1,127.8800,209.4400,1.799934
_12873_,VPWR,li1,77.0500,209.4400,1.799937
_12872_,VPWR,li1,89.4700,209.4400,1.799933
_12871_,VPWR,li1,118.9100,204.0000,1.799925
_12870_,VPWR,li1,120.5200,198.5600,1.799932
_12869_,VPWR,li1,119.6000,198.5600,1.799932
_12868_,VPWR,li1,124.2000,198.5600,1.799931
_12867_,VPWR,li1,116.6100,198.5600,1.799932
_12866_,VPWR,li1,141.9100,209.4400,1.799939
_12865_,VPWR,li1,138.2300,209.4400,1.799938
_12864_,VPWR,li1,140.9900,209.4400,1.799939
_12863_,VPWR,li1,136.3900,204.0000,1.799934
_12862_,VPWR,li1,129.9500,204.0000,1.799929
_12861_,VPWR,li1,129.9500,204.0000,1.799929
_12860_,VPWR,li1,129.4900,198.5600,1.799930
_12859_,VPWR,li1,131.3300,198.5600,1.799931
_12858_,VPWR,li1,141.9100,204.0000,1.799938
_12857_,VPWR,li1,161.4600,209.4400,1.799957
_12856_,VPWR,li1,179.1700,220.3200,1.799898
_12855_,VPWR,li1,176.4100,220.3200,1.799908
_12854_,VPWR,li1,181.4700,220.3200,1.799886
_12853_,VPWR,li1,157.5500,220.3200,1.799871
_12852_,VPWR,li1,154.3300,220.3200,1.799864
_12851_,VPWR,li1,157.0900,220.3200,1.799871
_12850_,VPWR,li1,163.9900,220.3200,1.799890
_12849_,VPWR,li1,132.7100,220.3200,1.799820
_12848_,VPWR,li1,135.4700,214.8800,1.799879
_12847_,VPWR,li1,125.3500,214.8800,1.799871
_12846_,VPWR,li1,153.8700,225.7600,1.799861
_12845_,VPWR,li1,156.1700,225.7600,1.799868
_12844_,VPWR,li1,154.7900,225.7600,1.799861
_12843_,VPWR,li1,154.3300,231.2000,1.799903
_12842_,VPWR,li1,151.1100,231.2000,1.799899
_12841_,VPWR,li1,177.1000,209.4400,1.799973
_12840_,VPWR,li1,178.7100,220.3200,1.799898
_12839_,VPWR,li1,213.2100,236.6400,1.799704
_12838_,VPWR,li1,208.1500,236.6400,1.799732
_12837_,VPWR,li1,209.3000,231.2000,1.799777
_12836_,VPWR,li1,194.8100,236.6400,1.799790
_12835_,VPWR,li1,191.5900,236.6400,1.799807
_12834_,VPWR,li1,188.6000,236.6400,1.799824
_12833_,VPWR,li1,191.5900,236.6400,1.799807
_12832_,VPWR,li1,193.6600,231.2000,1.799847
_12831_,VPWR,li1,174.1100,236.6400,1.799906
_12830_,VPWR,li1,169.5100,231.2000,1.799925
_12829_,VPWR,li1,170.8900,236.6400,1.799891
_12828_,VPWR,li1,166.2900,231.2000,1.799920
_12827_,VPWR,li1,162.1500,231.2000,1.799914
_12826_,VPWR,li1,159.3900,231.2000,1.799910
_12825_,VPWR,li1,162.3800,231.2000,1.799914
_12824_,VPWR,li1,170.8900,225.7600,1.799909
_12823_,VPWR,li1,175.9500,231.2000,1.799935
_12822_,VPWR,li1,190.2100,247.5200,1.799851
_12821_,VPWR,li1,190.6700,247.5200,1.799840
_12820_,VPWR,li1,193.2000,247.5200,1.799826
_12819_,VPWR,li1,187.4500,247.5200,1.799865
_12818_,VPWR,li1,196.6500,247.5200,1.799812
_12817_,VPWR,li1,173.6500,247.5200,1.799925
_12816_,VPWR,li1,176.8700,247.5200,1.799917
_12815_,VPWR,li1,170.4300,247.5200,1.799920
_12814_,VPWR,li1,176.8700,252.9600,1.799924
_12813_,VPWR,li1,175.0300,247.5200,1.799928
_12812_,VPWR,li1,139.8400,252.9600,1.799854
_12811_,VPWR,li1,137.3100,247.5200,1.799883
_12810_,VPWR,li1,185.6100,252.9600,1.799889
_12809_,VPWR,li1,201.2500,252.9600,1.799828
_12808_,VPWR,li1,183.3100,252.9600,1.799897
_12807_,VPWR,li1,181.0100,247.5200,1.799894
_12806_,VPWR,li1,181.0100,252.9600,1.799913
_12805_,VPWR,li1,207.4600,225.7600,1.799825
_12804_,VPWR,li1,216.6600,236.6400,1.799697
_12803_,VPWR,li1,244.0300,263.8400,1.798159
_12802_,VPWR,li1,243.1100,263.8400,1.798182
_12801_,VPWR,li1,239.4300,263.8400,1.798202
_12800_,VPWR,li1,236.6700,263.8400,1.798240
_12799_,VPWR,li1,233.9100,263.8400,1.798274
_12798_,VPWR,li1,230.6900,263.8400,1.798297
_12797_,VPWR,li1,228.3900,263.8400,1.798321
_12796_,VPWR,li1,232.5300,263.8400,1.798274
_12795_,VPWR,li1,234.6000,258.4000,1.799438
_12794_,VPWR,li1,216.8900,258.4000,1.799548
_12793_,VPWR,li1,213.6700,258.4000,1.799570
_12792_,VPWR,li1,209.0700,258.4000,1.799603
_12791_,VPWR,li1,200.7900,258.4000,1.799666
_12790_,VPWR,li1,200.5600,258.4000,1.799666
_12789_,VPWR,li1,197.5700,258.4000,1.799689
_12788_,VPWR,li1,199.6400,269.2800,1.798010
_12787_,VPWR,li1,204.0100,274.7200,1.796193
_12786_,VPWR,li1,205.6200,252.9600,1.799806
_12785_,VPWR,li1,196.8800,269.2800,1.798124
_12784_,VPWR,li1,210.2200,242.0800,1.799764
_12783_,VPWR,li1,221.2600,252.9600,1.799751
_12782_,VPWR,li1,246.7900,280.1600,1.797375
_12781_,VPWR,li1,244.9500,280.1600,1.797318
_12780_,VPWR,li1,247.7100,280.1600,1.797375
_12779_,VPWR,li1,258.2900,285.6000,1.799073
_12778_,VPWR,li1,214.5900,280.1600,1.797523
_12777_,VPWR,li1,215.9700,280.1600,1.797523
_12776_,VPWR,li1,218.0400,280.1600,1.797383
_12775_,VPWR,li1,221.7200,280.1600,1.797243
_12774_,VPWR,li1,213.2100,285.6000,1.799029
_12773_,VPWR,li1,214.5900,285.6000,1.799029
_12772_,VPWR,li1,215.0500,285.6000,1.798999
_12771_,VPWR,li1,240.1200,285.6000,1.798893
_12770_,VPWR,li1,204.4700,285.6000,1.799168
_12769_,VPWR,li1,203.5500,280.1600,1.797940
_12768_,VPWR,li1,201.2500,285.6000,1.799202
_12767_,VPWR,li1,201.4800,280.1600,1.798020
_12766_,VPWR,li1,197.1100,285.6000,1.799260
_12765_,VPWR,li1,237.3600,242.0800,1.799744
_12764_,VPWR,li1,256.4500,263.8400,1.798140
_12763_,VPWR,li1,281.2900,269.2800,1.797309
_12762_,VPWR,li1,278.0700,274.7200,1.795561
_12761_,VPWR,li1,283.1300,274.7200,1.795797
_12760_,VPWR,li1,281.9800,280.1600,1.798352
_12759_,VPWR,li1,276.0000,263.8400,1.798162
_12758_,VPWR,li1,360.4100,263.8400,1.798016
_12757_,VPWR,li1,357.1900,263.8400,1.798036
_12756_,VPWR,li1,359.0300,263.8400,1.798016
_12755_,VPWR,li1,360.8700,252.9600,1.799732
_12754_,VPWR,li1,348.9100,263.8400,1.798215
_12753_,VPWR,li1,346.3800,263.8400,1.798284
_12752_,VPWR,li1,344.3100,263.8400,1.798352
_12751_,VPWR,li1,341.3200,263.8400,1.798477
_12750_,VPWR,li1,339.2500,263.8400,1.798566
_12749_,VPWR,li1,331.2000,258.4000,1.799781
_12748_,VPWR,li1,341.5500,258.4000,1.799769
_12747_,VPWR,li1,327.9800,258.4000,1.799791
_12746_,VPWR,li1,320.1600,258.4000,1.799677
_12745_,VPWR,li1,316.4800,258.4000,1.799622
_12744_,VPWR,li1,313.2600,258.4000,1.799572
_12743_,VPWR,li1,312.1100,258.4000,1.799572
_12742_,VPWR,li1,282.9000,258.4000,1.799388
_12741_,VPWR,li1,280.1400,252.9600,1.799653
_12740_,VPWR,li1,278.3000,236.6400,1.799603
_12739_,VPWR,li1,274.1600,236.6400,1.799597
_12738_,VPWR,li1,246.5600,236.6400,1.799607
_12737_,VPWR,li1,244.2600,231.2000,1.799722
_12736_,VPWR,li1,240.1200,220.3200,1.799772
_12735_,VPWR,li1,238.7400,220.3200,1.799772
_12734_,VPWR,li1,220.8000,220.3200,1.799788
_12733_,VPWR,li1,223.1000,220.3200,1.799785
_12732_,VPWR,li1,218.2700,209.4400,1.799934
_12731_,VPWR,li1,218.9600,214.8800,1.799888
_12730_,VPWR,li1,184.4600,209.4400,1.799962
_12729_,VPWR,li1,185.8400,214.8800,1.799934
_12728_,VPWR,li1,184.4600,209.4400,1.799962
_12727_,VPWR,li1,186.7600,209.4400,1.799960
_12726_,VPWR,li1,189.0600,204.0000,1.799959
_12725_,VPWR,li1,157.3200,209.4400,1.799952
_12724_,VPWR,li1,155.9400,204.0000,1.799948
_12723_,VPWR,li1,154.5600,209.4400,1.799949
_12722_,VPWR,li1,153.6400,204.0000,1.799945
_12721_,VPWR,li1,130.1800,209.4400,1.799934
_12720_,VPWR,li1,132.9400,209.4400,1.799935
_12719_,VPWR,li1,131.3300,209.4400,1.799935
_12718_,VPWR,li1,129.4900,209.4400,1.799934
_12717_,VPWR,li1,149.2700,204.0000,1.799943
_12716_,VPWR,li1,148.8100,198.5600,1.799935
_12715_,VPWR,li1,144.9000,198.5600,1.799934
_12714_,VPWR,li1,141.9100,198.5600,1.799932
_12713_,VPWR,li1,145.1300,204.0000,1.799940
_12712_,VPWR,li1,179.6300,209.4400,1.799969
_12711_,VPWR,li1,175.0300,204.0000,1.799973
_12710_,VPWR,li1,178.0200,204.0000,1.799969
_12709_,VPWR,li1,168.1300,209.4400,1.799964
_12708_,VPWR,li1,164.4500,204.0000,1.799958
_12707_,VPWR,li1,164.4500,209.4400,1.799959
_12706_,VPWR,li1,193.8900,209.4400,1.799953
_12705_,VPWR,li1,174.1100,209.4400,1.799971
_12704_,VPWR,li1,200.3300,204.0000,1.799950
_12703_,VPWR,li1,209.9900,220.3200,1.799807
_12702_,VPWR,li1,207.2300,220.3200,1.799813
_12701_,VPWR,li1,203.7800,225.7600,1.799834
_12700_,VPWR,li1,202.6300,220.3200,1.799824
_12699_,VPWR,li1,171.5800,220.3200,1.799913
_12698_,VPWR,li1,173.8800,220.3200,1.799920
_12697_,VPWR,li1,172.0400,214.8800,1.799949
_12696_,VPWR,li1,174.3400,214.8800,1.799954
_12695_,VPWR,li1,195.2700,214.8800,1.799918
_12694_,VPWR,li1,164.4500,214.8800,1.799931
_12693_,VPWR,li1,166.2900,214.8800,1.799935
_12692_,VPWR,li1,162.1500,214.8800,1.799925
_12691_,VPWR,li1,161.6900,220.3200,1.799884
_12690_,VPWR,li1,123.0500,220.3200,1.799809
_12689_,VPWR,li1,169.0500,220.3200,1.799902
_12688_,VPWR,li1,171.3500,220.3200,1.799907
_12687_,VPWR,li1,170.6600,225.7600,1.799909
_12686_,VPWR,li1,167.6700,225.7600,1.799900
_12685_,VPWR,li1,167.6700,225.7600,1.799900
_12684_,VPWR,li1,206.5400,209.4400,1.799943
_12683_,VPWR,li1,200.5600,220.3200,1.799833
_12682_,VPWR,li1,239.4300,236.6400,1.799621
_12681_,VPWR,li1,229.3100,242.0800,1.799745
_12680_,VPWR,li1,231.3800,236.6400,1.799643
_12679_,VPWR,li1,219.6500,242.0800,1.799752
_12678_,VPWR,li1,215.9700,236.6400,1.799697
_12677_,VPWR,li1,218.9600,236.6400,1.799684
_12676_,VPWR,li1,228.1600,236.6400,1.799654
_12675_,VPWR,li1,196.1900,231.2000,1.799837
_12674_,VPWR,li1,191.1300,231.2000,1.799859
_12673_,VPWR,li1,193.8900,231.2000,1.799847
_12672_,VPWR,li1,182.3900,231.2000,1.799901
_12671_,VPWR,li1,176.4100,236.6400,1.799892
_12670_,VPWR,li1,179.1700,231.2000,1.799917
_12669_,VPWR,li1,180.5500,231.2000,1.799917
_12668_,VPWR,li1,200.5600,231.2000,1.799816
_12667_,VPWR,li1,190.2100,220.3200,1.799856
_12666_,VPWR,li1,220.5700,231.2000,1.799738
_12665_,VPWR,li1,212.7500,247.5200,1.799725
_12664_,VPWR,li1,206.3100,247.5200,1.799757
_12663_,VPWR,li1,209.3000,247.5200,1.799746
_12662_,VPWR,li1,206.5400,236.6400,1.799732
_12661_,VPWR,li1,201.2500,247.5200,1.799783
_12660_,VPWR,li1,203.5500,247.5200,1.799771
_12659_,VPWR,li1,199.6400,247.5200,1.799795
_12658_,VPWR,li1,197.1100,242.0800,1.799780
_12657_,VPWR,li1,197.1100,247.5200,1.799812
_12656_,VPWR,li1,212.7500,242.0800,1.799761
_12655_,VPWR,li1,211.8300,252.9600,1.799785
_12654_,VPWR,li1,214.1300,252.9600,1.799772
_12653_,VPWR,li1,208.3800,247.5200,1.799746
_12652_,VPWR,li1,208.6100,252.9600,1.799797
_12651_,VPWR,li1,205.3900,252.9600,1.799806
_12650_,VPWR,li1,229.5400,225.7600,1.799796
_12649_,VPWR,li1,242.4200,242.0800,1.799744
_12648_,VPWR,li1,278.0700,263.8400,1.798168
_12647_,VPWR,li1,271.1700,263.8400,1.798151
_12646_,VPWR,li1,272.3200,258.4000,1.799371
_12645_,VPWR,li1,265.1900,263.8400,1.798144
_12644_,VPWR,li1,261.5100,263.8400,1.798142
_12643_,VPWR,li1,258.7500,263.8400,1.798140
_12642_,VPWR,li1,261.5100,263.8400,1.798142
_12641_,VPWR,li1,267.2600,263.8400,1.798146
_12640_,VPWR,li1,252.7700,258.4000,1.799356
_12639_,VPWR,li1,233.4500,258.4000,1.799438
_12638_,VPWR,li1,235.7500,258.4000,1.799424
_12637_,VPWR,li1,227.4700,258.4000,1.799477
_12636_,VPWR,li1,245.8700,252.9600,1.799668
_12635_,VPWR,li1,221.9500,258.4000,1.799517
_12634_,VPWR,li1,221.4900,258.4000,1.799517
_12633_,VPWR,li1,218.9600,258.4000,1.799534
_12632_,VPWR,li1,204.0100,269.2800,1.797808
_12631_,VPWR,li1,201.0200,274.7200,1.796510
_12630_,VPWR,li1,206.3100,269.2800,1.797730
_12629_,VPWR,li1,199.8700,274.7200,1.796510
_12628_,VPWR,li1,197.5700,274.7200,1.796686
_12627_,VPWR,li1,226.5500,252.9600,1.799725
_12626_,VPWR,li1,235.9800,252.9600,1.799692
_12625_,VPWR,li1,258.5200,252.9600,1.799661
_12624_,VPWR,li1,278.9900,280.1600,1.798268
_12623_,VPWR,li1,278.0700,285.6000,1.799285
_12622_,VPWR,li1,280.8300,285.6000,1.799315
_12621_,VPWR,li1,291.1800,285.6000,1.799428
_12620_,VPWR,li1,273.0100,285.6000,1.799230
_12619_,VPWR,li1,266.3400,285.6000,1.799142
_12618_,VPWR,li1,271.1700,285.6000,1.799211
_12617_,VPWR,li1,255.9900,285.6000,1.799051
_12616_,VPWR,li1,253.2300,285.6000,1.799023
_12615_,VPWR,li1,259.6700,280.1600,1.797705
_12614_,VPWR,li1,247.2500,285.6000,1.798952
_12613_,VPWR,li1,247.7100,285.6000,1.798952
_12612_,VPWR,li1,243.8000,285.6000,1.798927
_12611_,VPWR,li1,243.5700,285.6000,1.798927
_12610_,VPWR,li1,241.7300,291.0400,1.799950
_12609_,VPWR,li1,268.6400,285.6000,1.799184
_12608_,VPWR,li1,268.8700,280.1600,1.797948
_12607_,VPWR,li1,267.7200,285.6000,1.799162
_12606_,VPWR,li1,284.5100,280.1600,1.798424
_12605_,VPWR,li1,283.1300,285.6000,1.799340
_12604_,VPWR,li1,284.9700,285.6000,1.799360
_12603_,VPWR,li1,300.8400,285.6000,1.799537
_12602_,VPWR,li1,279.4500,285.6000,1.799285
_12601_,VPWR,li1,264.9600,242.0800,1.799753
_12600_,VPWR,li1,291.6400,263.8400,1.798331
_12599_,VPWR,li1,313.9500,263.8400,1.798783
_12598_,VPWR,li1,310.7300,263.8400,1.798712
_12597_,VPWR,li1,311.6500,263.8400,1.798712
_12596_,VPWR,li1,311.8800,280.1600,1.799202
_12595_,VPWR,li1,361.1000,247.5200,1.799417
_12594_,VPWR,li1,363.4000,247.5200,1.799412
_12593_,VPWR,li1,368.2300,242.0800,1.799603
_12592_,VPWR,li1,356.2700,247.5200,1.799464
_12591_,VPWR,li1,358.5700,247.5200,1.799430
_12590_,VPWR,li1,345.6900,247.5200,1.799564
_12589_,VPWR,li1,336.9500,242.0800,1.799770
_12588_,VPWR,li1,336.2600,247.5200,1.799701
_12587_,VPWR,li1,326.8300,252.9600,1.799808
_12586_,VPWR,li1,329.1300,258.4000,1.799791
_12585_,VPWR,li1,322.6900,252.9600,1.799768
_12584_,VPWR,li1,323.8400,252.9600,1.799768
_12583_,VPWR,li1,323.8400,236.6400,1.799822
_12582_,VPWR,li1,312.5700,252.9600,1.799713
_12581_,VPWR,li1,309.8100,258.4000,1.799543
_12580_,VPWR,li1,304.2900,252.9600,1.799689
_12579_,VPWR,li1,303.3700,258.4000,1.799507
_12578_,VPWR,li1,299.0000,231.2000,1.799781
_12577_,VPWR,li1,276.2300,236.6400,1.799598
_12576_,VPWR,li1,278.9900,236.6400,1.799603
_12575_,VPWR,li1,271.1700,231.2000,1.799730
_12574_,VPWR,li1,273.9300,231.2000,1.799733
_12573_,VPWR,li1,272.7800,220.3200,1.799796
_12572_,VPWR,li1,238.0500,225.7600,1.799791
_12571_,VPWR,li1,236.2100,220.3200,1.799773
_12570_,VPWR,li1,233.9100,214.8800,1.799879
_12569_,VPWR,li1,239.2000,214.8800,1.799877
_12568_,VPWR,li1,235.5200,214.8800,1.799878
_12567_,VPWR,li1,222.8700,214.8800,1.799884
_12566_,VPWR,li1,220.5700,214.8800,1.799886
_12565_,VPWR,li1,221.4900,209.4400,1.799932
_12564_,VPWR,li1,219.8800,209.4400,1.799934
_12563_,VPWR,li1,230.0000,209.4400,1.799930
_12562_,VPWR,li1,191.5900,204.0000,1.799956
_12561_,VPWR,li1,188.3700,204.0000,1.799959
_12560_,VPWR,li1,189.7500,209.4400,1.799957
_12559_,VPWR,li1,226.3200,204.0000,1.799938
_12558_,VPWR,li1,173.1900,198.5600,1.799950
_12557_,VPWR,li1,175.7200,204.0000,1.799973
_12556_,VPWR,li1,171.1200,204.0000,1.799967
_12555_,VPWR,li1,168.1300,204.0000,1.799961
_12554_,VPWR,li1,169.2800,198.5600,1.799947
_12553_,VPWR,li1,210.9100,214.8800,1.799897
_12552_,VPWR,li1,208.3800,209.4400,1.799940
_12551_,VPWR,li1,205.1600,209.4400,1.799943
_12550_,VPWR,li1,205.8500,204.0000,1.799947
_12549_,VPWR,li1,203.5500,204.0000,1.799948
_12548_,VPWR,li1,202.6300,204.0000,1.799948
_12547_,VPWR,li1,200.7900,204.0000,1.799950
_12546_,VPWR,li1,197.5700,204.0000,1.799952
_12545_,VPWR,li1,209.9900,204.0000,1.799944
_12544_,VPWR,li1,232.0700,220.3200,1.799776
_12543_,VPWR,li1,227.0100,220.3200,1.799781
_12542_,VPWR,li1,229.3100,220.3200,1.799778
_12541_,VPWR,li1,205.3900,220.3200,1.799818
_12540_,VPWR,li1,207.6900,220.3200,1.799813
_12539_,VPWR,li1,205.1600,220.3200,1.799818
_12538_,VPWR,li1,203.0900,220.3200,1.799824
_12537_,VPWR,li1,246.5600,214.8800,1.799877
_12536_,VPWR,li1,198.7200,214.8800,1.799915
_12535_,VPWR,li1,202.1700,214.8800,1.799908
_12534_,VPWR,li1,193.8900,214.8800,1.799920
_12533_,VPWR,li1,195.7300,209.4400,1.799951
_12532_,VPWR,li1,197.1100,214.8800,1.799915
_12531_,VPWR,li1,164.4500,209.4400,1.799959
_12530_,VPWR,li1,193.4300,220.3200,1.799852
_12529_,VPWR,li1,191.8200,220.3200,1.799852
_12528_,VPWR,li1,188.3700,214.8800,1.799928
_12527_,VPWR,li1,192.9700,225.7600,1.799865
_12526_,VPWR,li1,191.5900,225.7600,1.799865
_12525_,VPWR,li1,156.6300,214.8800,1.799914
_12524_,VPWR,li1,159.3900,214.8800,1.799920
_12523_,VPWR,li1,232.0700,225.7600,1.799794
_12522_,VPWR,li1,249.0900,225.7600,1.799794
_12521_,VPWR,li1,267.4900,242.0800,1.799756
_12520_,VPWR,li1,259.2100,236.6400,1.799599
_12519_,VPWR,li1,260.3600,236.6400,1.799599
_12518_,VPWR,li1,245.8700,236.6400,1.799607
_12517_,VPWR,li1,245.8700,242.0800,1.799745
_12516_,VPWR,li1,239.8900,242.0800,1.799744
_12515_,VPWR,li1,247.7100,242.0800,1.799746
_12514_,VPWR,li1,253.2300,242.0800,1.799748
_12513_,VPWR,li1,234.3700,242.0800,1.799744
_12512_,VPWR,li1,233.9100,236.6400,1.799638
_12511_,VPWR,li1,230.0000,231.2000,1.799731
_12510_,VPWR,li1,227.9300,231.2000,1.799733
_12509_,VPWR,li1,229.3100,231.2000,1.799731
_12508_,VPWR,li1,226.5500,231.2000,1.799733
_12507_,VPWR,li1,222.8700,231.2000,1.799736
_12506_,VPWR,li1,223.7900,225.7600,1.799800
_12505_,VPWR,li1,234.8300,225.7600,1.799792
_12504_,VPWR,li1,239.4300,247.5200,1.799709
_12503_,VPWR,li1,236.6700,247.5200,1.799708
_12502_,VPWR,li1,236.2100,247.5200,1.799708
_12501_,VPWR,li1,234.3700,247.5200,1.799707
_12500_,VPWR,li1,254.1500,247.5200,1.799719
_12499_,VPWR,li1,204.0100,236.6400,1.799744
_12498_,VPWR,li1,158.0100,231.2000,1.799907
_12497_,VPWR,li1,161.9200,236.6400,1.799865
_12496_,VPWR,li1,202.6300,236.6400,1.799753
_12495_,VPWR,li1,205.3900,236.6400,1.799744
_12494_,VPWR,li1,204.2400,231.2000,1.799799
_12493_,VPWR,li1,200.3300,236.6400,1.799762
_12492_,VPWR,li1,231.1500,252.9600,1.799709
_12491_,VPWR,li1,227.2400,247.5200,1.799704
_12490_,VPWR,li1,224.2500,247.5200,1.799704
_12489_,VPWR,li1,229.7700,247.5200,1.799705
_12488_,VPWR,li1,257.6000,231.2000,1.799724
_12487_,VPWR,li1,270.7100,242.0800,1.799760
_12486_,VPWR,li1,308.4300,263.8400,1.798653
_12485_,VPWR,li1,308.8900,263.8400,1.798653
_12484_,VPWR,li1,302.4500,263.8400,1.798540
_12483_,VPWR,li1,305.2100,263.8400,1.798592
_12482_,VPWR,li1,298.7700,263.8400,1.798467
_12481_,VPWR,li1,294.1700,263.8400,1.798370
_12480_,VPWR,li1,296.4700,263.8400,1.798423
_12479_,VPWR,li1,293.7100,263.8400,1.798370
_12478_,VPWR,li1,294.8600,269.2800,1.797692
_12477_,VPWR,li1,271.6300,263.8400,1.798151
_12476_,VPWR,li1,267.4900,258.4000,1.799366
_12475_,VPWR,li1,266.5700,258.4000,1.799365
_12474_,VPWR,li1,260.1300,258.4000,1.799360
_12473_,VPWR,li1,258.7500,258.4000,1.799360
_12472_,VPWR,li1,251.3900,252.9600,1.799664
_12471_,VPWR,li1,246.3300,252.9600,1.799668
_12470_,VPWR,li1,246.3300,247.5200,1.799713
_12469_,VPWR,li1,261.9700,252.9600,1.799659
_12468_,VPWR,li1,259.2100,269.2800,1.797033
_12467_,VPWR,li1,268.6400,252.9600,1.799656
_12466_,VPWR,li1,311.1900,280.1600,1.799142
_12465_,VPWR,li1,313.0300,285.6000,1.799661
_12464_,VPWR,li1,313.7200,285.6000,1.799685
_12463_,VPWR,li1,316.4800,285.6000,1.799712
_12462_,VPWR,li1,294.6300,285.6000,1.799454
_12461_,VPWR,li1,287.2700,285.6000,1.799382
_12460_,VPWR,li1,289.5700,285.6000,1.799405
_12459_,VPWR,li1,304.0600,291.0400,1.799969
_12458_,VPWR,li1,260.5900,285.6000,1.799091
_12457_,VPWR,li1,256.4500,280.1600,1.797597
_12456_,VPWR,li1,253.6900,280.1600,1.797533
_12455_,VPWR,li1,258.7500,280.1600,1.797705
_12454_,VPWR,li1,254.8400,274.7200,1.794497
_12453_,VPWR,li1,286.8100,291.0400,1.799960
_12452_,VPWR,li1,281.9800,285.6000,1.799315
_12451_,VPWR,li1,281.2900,291.0400,1.799958
_12450_,VPWR,li1,278.0700,291.0400,1.799957
_12449_,VPWR,li1,310.2700,285.6000,1.799632
_12448_,VPWR,li1,304.7500,285.6000,1.799581
_12447_,VPWR,li1,307.0500,285.6000,1.799608
_12446_,VPWR,li1,304.0600,285.6000,1.799558
_12445_,VPWR,li1,301.5300,285.6000,1.799537
_12444_,VPWR,li1,305.6700,285.6000,1.799581
_12443_,VPWR,li1,269.7900,285.6000,1.799184
_12442_,VPWR,li1,297.3900,236.6400,1.799688
_12441_,VPWR,li1,313.2600,269.2800,1.798523
_12440_,VPWR,li1,326.8300,263.8400,1.799058
_12439_,VPWR,li1,325.9100,269.2800,1.799037
_12438_,VPWR,li1,321.5400,263.8400,1.798952
_12437_,VPWR,li1,371.4500,242.0800,1.799593
_12436_,VPWR,li1,368.4600,236.6400,1.799672
_12435_,VPWR,li1,362.2500,236.6400,1.799698
_12434_,VPWR,li1,362.2500,247.5200,1.799417
_12433_,VPWR,li1,358.5700,242.0800,1.799627
_12432_,VPWR,li1,361.7900,242.0800,1.799621
_12431_,VPWR,li1,352.5900,242.0800,1.799665
_12430_,VPWR,li1,356.0400,242.0800,1.799642
_12429_,VPWR,li1,334.1900,242.0800,1.799796
_12428_,VPWR,li1,334.8800,242.0800,1.799796
_12427_,VPWR,li1,332.1200,236.6400,1.799835
_12426_,VPWR,li1,330.2800,236.6400,1.799856
_12425_,VPWR,li1,326.1400,231.2000,1.799881
_12424_,VPWR,li1,326.6000,236.6400,1.799841
_12423_,VPWR,li1,317.4000,231.2000,1.799833
_12422_,VPWR,li1,312.8000,231.2000,1.799820
_12421_,VPWR,li1,299.0000,225.7600,1.799838
_12420_,VPWR,li1,303.1400,231.2000,1.799795
_12419_,VPWR,li1,284.5100,225.7600,1.799817
_12418_,VPWR,li1,285.2000,225.7600,1.799817
_12417_,VPWR,li1,276.0000,220.3200,1.799800
_12416_,VPWR,li1,272.7800,220.3200,1.799796
_12415_,VPWR,li1,272.3200,214.8800,1.799882
_12414_,VPWR,li1,271.1700,214.8800,1.799882
_12413_,VPWR,li1,240.1200,214.8800,1.799877
_12412_,VPWR,li1,238.0500,214.8800,1.799877
_12411_,VPWR,li1,235.5200,209.4400,1.799928
_12410_,VPWR,li1,237.8200,209.4400,1.799928
_12409_,VPWR,li1,257.1400,209.4400,1.799925
_12408_,VPWR,li1,231.8400,204.0000,1.799936
_12407_,VPWR,li1,229.5400,204.0000,1.799937
_12406_,VPWR,li1,234.6000,204.0000,1.799936
_12405_,VPWR,li1,230.9200,204.0000,1.799936
_12404_,VPWR,li1,256.6800,204.0000,1.799933
_12403_,VPWR,li1,225.4000,198.5600,1.799775
_12402_,VPWR,li1,228.8500,204.0000,1.799937
_12401_,VPWR,li1,221.7200,204.0000,1.799939
_12400_,VPWR,li1,217.8100,204.0000,1.799941
_12399_,VPWR,li1,225.6300,204.0000,1.799938
_12398_,VPWR,li1,216.8900,204.0000,1.799941
_12397_,VPWR,li1,213.4400,204.0000,1.799943
_12396_,VPWR,li1,209.9900,204.0000,1.799944
_12395_,VPWR,li1,213.2100,204.0000,1.799943
_12394_,VPWR,li1,219.1900,204.0000,1.799940
_12393_,VPWR,li1,230.6900,214.8800,1.799880
_12392_,VPWR,li1,232.9900,214.8800,1.799879
_12391_,VPWR,li1,213.2100,214.8800,1.799894
_12390_,VPWR,li1,206.7700,214.8800,1.799902
_12389_,VPWR,li1,207.4600,214.8800,1.799902
_12388_,VPWR,li1,241.7300,209.4400,1.799927
_12387_,VPWR,li1,260.5900,231.2000,1.799724
_12386_,VPWR,li1,255.5300,231.2000,1.799723
_12385_,VPWR,li1,255.3000,225.7600,1.799798
_12384_,VPWR,li1,253.2300,225.7600,1.799796
_12383_,VPWR,li1,249.7800,225.7600,1.799794
_12382_,VPWR,li1,247.4800,225.7600,1.799793
_12381_,VPWR,li1,252.0800,225.7600,1.799796
_12380_,VPWR,li1,250.7000,220.3200,1.799778
_12379_,VPWR,li1,259.9000,220.3200,1.799786
_12378_,VPWR,li1,247.9400,220.3200,1.799777
_12377_,VPWR,li1,249.0900,214.8800,1.799878
_12376_,VPWR,li1,247.9400,220.3200,1.799777
_12375_,VPWR,li1,244.0300,220.3200,1.799775
_12374_,VPWR,li1,194.3500,220.3200,1.799845
_12373_,VPWR,li1,254.1500,220.3200,1.799782
_12372_,VPWR,li1,242.1900,231.2000,1.799723
_12371_,VPWR,li1,239.2000,225.7600,1.799791
_12370_,VPWR,li1,235.2900,231.2000,1.799728
_12369_,VPWR,li1,238.5100,231.2000,1.799726
_12368_,VPWR,li1,244.4900,231.2000,1.799722
_12367_,VPWR,li1,267.2600,231.2000,1.799728
_12366_,VPWR,li1,295.0900,236.6400,1.799672
_12365_,VPWR,li1,292.5600,236.6400,1.799663
_12364_,VPWR,li1,292.1000,236.6400,1.799663
_12363_,VPWR,li1,284.5100,236.6400,1.799629
_12362_,VPWR,li1,287.5000,236.6400,1.799642
_12361_,VPWR,li1,273.4700,242.0800,1.799763
_12360_,VPWR,li1,276.2300,242.0800,1.799767
_12359_,VPWR,li1,267.4900,242.0800,1.799756
_12358_,VPWR,li1,270.4800,242.0800,1.799760
_12357_,VPWR,li1,254.6100,242.0800,1.799748
_12356_,VPWR,li1,248.6300,242.0800,1.799746
_12355_,VPWR,li1,251.6200,242.0800,1.799747
_12354_,VPWR,li1,228.1600,242.0800,1.799745
_12353_,VPWR,li1,231.3800,242.0800,1.799745
_12352_,VPWR,li1,272.0900,252.9600,1.799655
_12351_,VPWR,li1,268.4100,247.5200,1.799733
_12350_,VPWR,li1,278.0700,252.9600,1.799654
_12349_,VPWR,li1,258.7500,247.5200,1.799723
_12348_,VPWR,li1,255.7600,247.5200,1.799719
_12347_,VPWR,li1,255.7600,242.0800,1.799750
_12346_,VPWR,li1,259.2100,247.5200,1.799723
_12345_,VPWR,li1,252.7700,247.5200,1.799717
_12344_,VPWR,li1,233.4500,252.9600,1.799701
_12343_,VPWR,li1,257.8300,242.0800,1.799751
_12342_,VPWR,li1,267.4900,252.9600,1.799656
_12341_,VPWR,li1,262.2000,252.9600,1.799659
_12340_,VPWR,li1,259.2100,252.9600,1.799660
_12339_,VPWR,li1,287.9600,242.0800,1.799785
_12338_,VPWR,li1,323.6100,263.8400,1.798999
_12337_,VPWR,li1,323.8400,263.8400,1.798999
_12336_,VPWR,li1,319.4700,263.8400,1.798890
_12335_,VPWR,li1,316.7100,269.2800,1.798648
_12334_,VPWR,li1,310.7300,269.2800,1.798398
_12333_,VPWR,li1,310.5000,274.7200,1.797046
_12332_,VPWR,li1,313.2600,274.7200,1.797209
_12331_,VPWR,li1,310.9600,274.7200,1.797046
_12330_,VPWR,li1,313.2600,274.7200,1.797209
_12329_,VPWR,li1,303.8300,274.7200,1.796721
_12328_,VPWR,li1,293.2500,269.2800,1.797599
_12327_,VPWR,li1,269.7900,274.7200,1.795105
_12326_,VPWR,li1,269.3300,269.2800,1.797144
_12325_,VPWR,li1,271.6300,280.1600,1.798063
_12324_,VPWR,li1,264.2700,274.7200,1.794853
_12323_,VPWR,li1,266.5700,274.7200,1.795021
_12322_,VPWR,li1,260.8200,274.7200,1.794769
_12321_,VPWR,li1,261.0500,274.7200,1.794769
_12320_,VPWR,li1,257.8300,274.7200,1.794633
_12319_,VPWR,li1,261.5100,285.6000,1.799091
_12318_,VPWR,li1,290.9500,252.9600,1.799668
_12317_,VPWR,li1,322.6900,269.2800,1.798900
_12316_,VPWR,li1,324.9900,269.2800,1.799037
_12315_,VPWR,li1,326.8300,269.2800,1.799142
_12314_,VPWR,li1,321.3100,285.6000,1.799763
_12313_,VPWR,li1,316.0200,285.6000,1.799712
_12312_,VPWR,li1,319.2400,285.6000,1.799739
_12311_,VPWR,li1,314.8700,291.0400,1.799976
_12310_,VPWR,li1,317.6300,291.0400,1.799979
_12309_,VPWR,li1,322.0000,291.0400,1.799982
_12308_,VPWR,li1,306.1300,291.0400,1.799970
_12307_,VPWR,li1,301.0700,291.0400,1.799967
_12306_,VPWR,li1,301.9900,291.0400,1.799967
_12305_,VPWR,li1,307.2800,291.0400,1.799970
_12304_,VPWR,li1,298.7700,291.0400,1.799966
_12303_,VPWR,li1,289.1100,291.0400,1.799961
_12302_,VPWR,li1,307.2800,236.6400,1.799733
_12301_,VPWR,li1,325.6800,274.7200,1.797797
_12300_,VPWR,li1,376.7400,236.6400,1.799653
_12299_,VPWR,li1,373.7500,236.6400,1.799659
_12298_,VPWR,li1,370.5300,236.6400,1.799667
_12297_,VPWR,li1,362.9400,242.0800,1.799613
_12296_,VPWR,li1,364.5500,236.6400,1.799684
_12295_,VPWR,li1,357.6500,231.2000,1.799803
_12294_,VPWR,li1,359.0300,242.0800,1.799627
_12293_,VPWR,li1,348.2200,242.0800,1.799696
_12292_,VPWR,li1,351.4400,242.0800,1.799665
_12291_,VPWR,li1,349.1400,236.6400,1.799747
_12290_,VPWR,li1,345.0000,236.6400,1.799764
_12289_,VPWR,li1,336.0300,236.6400,1.799812
_12288_,VPWR,li1,330.5100,231.2000,1.799879
_12287_,VPWR,li1,333.7300,231.2000,1.799866
_12286_,VPWR,li1,320.6200,225.7600,1.799891
_12285_,VPWR,li1,329.1300,236.6400,1.799856
_12284_,VPWR,li1,320.6200,231.2000,1.799850
_12283_,VPWR,li1,314.1800,231.2000,1.799826
_12282_,VPWR,li1,317.1700,225.7600,1.799879
_12281_,VPWR,li1,312.3400,231.2000,1.799820
_12280_,VPWR,li1,310.5000,225.7600,1.799862
_12279_,VPWR,li1,310.0400,225.7600,1.799862
_12278_,VPWR,li1,283.8200,220.3200,1.799813
_12277_,VPWR,li1,284.5100,220.3200,1.799813
_12276_,VPWR,li1,285.4300,214.8800,1.799894
_12275_,VPWR,li1,278.9900,220.3200,1.799806
_12274_,VPWR,li1,282.2100,214.8800,1.799890
_12273_,VPWR,li1,268.1800,214.8800,1.799881
_12272_,VPWR,li1,267.9500,214.8800,1.799881
_12271_,VPWR,li1,266.3400,214.8800,1.799880
_12270_,VPWR,li1,264.5000,214.8800,1.799880
_12269_,VPWR,li1,264.7300,209.4400,1.799926
_12268_,VPWR,li1,269.5600,209.4400,1.799927
_12267_,VPWR,li1,260.3600,209.4400,1.799925
_12266_,VPWR,li1,262.6600,209.4400,1.799926
_12265_,VPWR,li1,259.4400,204.0000,1.799933
_12264_,VPWR,li1,261.7400,204.0000,1.799933
_12263_,VPWR,li1,265.4200,204.0000,1.799933
_12262_,VPWR,li1,252.5400,198.5600,1.799689
_12261_,VPWR,li1,258.7500,204.0000,1.799933
_12260_,VPWR,li1,253.0000,204.0000,1.799933
_12259_,VPWR,li1,248.6300,204.0000,1.799934
_12258_,VPWR,li1,254.6100,198.5600,1.799681
_12257_,VPWR,li1,248.6300,204.0000,1.799934
_12256_,VPWR,li1,244.7200,209.4400,1.799927
_12255_,VPWR,li1,242.1900,204.0000,1.799934
_12254_,VPWR,li1,245.4100,204.0000,1.799934
_12253_,VPWR,li1,243.1100,204.0000,1.799934
_12252_,VPWR,li1,254.6100,214.8800,1.799878
_12251_,VPWR,li1,251.6200,214.8800,1.799878
_12250_,VPWR,li1,251.3900,214.8800,1.799878
_12249_,VPWR,li1,286.8100,225.7600,1.799820
_12248_,VPWR,li1,288.4200,231.2000,1.799760
_12247_,VPWR,li1,286.1200,231.2000,1.799753
_12246_,VPWR,li1,264.2700,231.2000,1.799726
_12245_,VPWR,li1,264.2700,231.2000,1.799726
_12244_,VPWR,li1,266.8000,225.7600,1.799805
_12243_,VPWR,li1,264.7300,225.7600,1.799803
_12242_,VPWR,li1,275.3100,225.7600,1.799810
_12241_,VPWR,li1,264.0400,225.7600,1.799803
_12240_,VPWR,li1,261.9700,225.7600,1.799802
_12239_,VPWR,li1,265.8800,220.3200,1.799791
_12238_,VPWR,li1,259.6700,220.3200,1.799786
_12237_,VPWR,li1,261.9700,220.3200,1.799788
_12236_,VPWR,li1,257.3700,236.6400,1.799600
_12235_,VPWR,li1,252.3100,236.6400,1.799603
_12234_,VPWR,li1,255.3000,236.6400,1.799601
_12233_,VPWR,li1,309.8100,231.2000,1.799813
_12232_,VPWR,li1,310.0400,236.6400,1.799752
_12231_,VPWR,li1,307.2800,231.2000,1.799805
_12230_,VPWR,li1,304.2900,236.6400,1.799722
_12229_,VPWR,li1,295.0900,236.6400,1.799672
_12228_,VPWR,li1,293.9400,242.0800,1.799795
_12227_,VPWR,li1,290.4900,242.0800,1.799788
_12226_,VPWR,li1,291.8700,242.0800,1.799791
_12225_,VPWR,li1,297.1600,242.0800,1.799801
_12224_,VPWR,li1,264.7300,242.0800,1.799753
_12223_,VPWR,li1,233.9100,242.0800,1.799744
_12222_,VPWR,li1,230.2300,247.5200,1.799705
_12221_,VPWR,li1,261.2800,242.0800,1.799752
_12220_,VPWR,li1,289.1100,252.9600,1.799665
_12219_,VPWR,li1,290.7200,247.5200,1.799759
_12218_,VPWR,li1,286.1200,252.9600,1.799661
_12217_,VPWR,li1,287.2700,247.5200,1.799757
_12216_,VPWR,li1,293.0200,252.9600,1.799671
_12215_,VPWR,li1,280.6000,252.9600,1.799653
_12214_,VPWR,li1,282.4400,247.5200,1.799750
_12213_,VPWR,li1,279.4500,247.5200,1.799747
_12212_,VPWR,li1,276.6900,247.5200,1.799742
_12211_,VPWR,li1,278.9900,247.5200,1.799744
_12210_,VPWR,li1,285.4300,247.5200,1.799753
_12209_,VPWR,li1,307.5100,247.5200,1.799784
_12208_,VPWR,li1,336.9500,247.5200,1.799701
_12207_,VPWR,li1,334.1900,247.5200,1.799734
_12206_,VPWR,li1,332.8100,247.5200,1.799767
_12205_,VPWR,li1,328.6700,247.5200,1.799815
_12204_,VPWR,li1,330.5100,247.5200,1.799818
_12203_,VPWR,li1,329.1300,274.7200,1.797895
_12202_,VPWR,li1,324.5300,280.1600,1.799568
_12201_,VPWR,li1,326.8300,280.1600,1.799635
_12200_,VPWR,li1,316.7100,274.7200,1.797372
_12199_,VPWR,li1,302.9100,274.7200,1.796721
_12198_,VPWR,li1,301.0700,274.7200,1.796635
_12197_,VPWR,li1,299.2300,274.7200,1.796549
_12196_,VPWR,li1,305.2100,274.7200,1.796830
_12195_,VPWR,li1,290.9500,274.7200,1.796162
_12194_,VPWR,li1,289.1100,280.1600,1.798554
_12193_,VPWR,li1,276.9200,274.7200,1.795476
_12192_,VPWR,li1,270.7100,274.7200,1.795222
_12191_,VPWR,li1,273.9300,274.7200,1.795370
_12190_,VPWR,li1,323.1500,274.7200,1.797634
_12189_,VPWR,li1,329.1300,274.7200,1.797895
_12188_,VPWR,li1,330.9700,274.7200,1.797371
_12187_,VPWR,li1,323.6100,285.6000,1.799802
_12186_,VPWR,li1,320.3900,285.6000,1.799763
_12185_,VPWR,li1,319.4700,291.0400,1.799980
_12184_,VPWR,li1,324.7600,291.0400,1.799985
_12183_,VPWR,li1,325.4500,291.0400,1.799985
_12182_,VPWR,li1,342.9300,242.0800,1.799724
_12181_,VPWR,li1,370.9900,231.2000,1.799785
_12180_,VPWR,li1,370.0700,225.7600,1.799765
_12179_,VPWR,li1,372.8300,225.7600,1.799762
_12178_,VPWR,li1,368.0000,225.7600,1.799769
_12177_,VPWR,li1,367.3100,225.7600,1.799774
_12176_,VPWR,li1,356.0400,225.7600,1.799798
_12175_,VPWR,li1,365.9300,236.6400,1.799684
_12174_,VPWR,li1,357.6500,225.7600,1.799798
_12173_,VPWR,li1,358.1100,231.2000,1.799800
_12172_,VPWR,li1,353.0500,225.7600,1.799811
_12171_,VPWR,li1,356.2700,231.2000,1.799803
_12170_,VPWR,li1,350.5200,225.7600,1.799822
_12169_,VPWR,li1,359.0300,236.6400,1.799708
_12168_,VPWR,li1,350.0600,231.2000,1.799814
_12167_,VPWR,li1,353.7400,231.2000,1.799808
_12166_,VPWR,li1,350.5200,231.2000,1.799814
_12165_,VPWR,li1,341.7800,225.7600,1.799856
_12164_,VPWR,li1,348.4500,252.9600,1.799768
_12163_,VPWR,li1,348.6800,252.9600,1.799768
_12162_,VPWR,li1,347.0700,225.7600,1.799830
_12161_,VPWR,li1,338.5600,225.7600,1.799867
_12160_,VPWR,li1,345.0000,231.2000,1.799831
_12159_,VPWR,li1,344.5400,236.6400,1.799764
_12158_,VPWR,li1,347.0700,231.2000,1.799822
_12157_,VPWR,li1,336.4900,231.2000,1.799856
_12156_,VPWR,li1,342.0100,231.2000,1.799841
_12155_,VPWR,li1,343.1600,225.7600,1.799845
_12154_,VPWR,li1,321.0800,220.3200,1.799908
_12153_,VPWR,li1,345.2300,242.0800,1.799710
_12152_,VPWR,li1,339.2500,242.0800,1.799752
_12151_,VPWR,li1,324.7600,220.3200,1.799916
_12150_,VPWR,li1,316.0200,220.3200,1.799891
_12149_,VPWR,li1,324.3000,214.8800,1.799948
_12148_,VPWR,li1,322.2300,231.2000,1.799860
_12147_,VPWR,li1,325.2200,231.2000,1.799871
_12146_,VPWR,li1,322.9200,225.7600,1.799899
_12145_,VPWR,li1,321.5400,220.3200,1.799908
_12144_,VPWR,li1,317.4000,220.3200,1.799891
_12143_,VPWR,li1,318.3200,220.3200,1.799899
_12142_,VPWR,li1,316.9400,214.8800,1.799936
_12141_,VPWR,li1,304.2900,220.3200,1.799858
_12140_,VPWR,li1,307.5100,214.8800,1.799920
_12139_,VPWR,li1,313.7200,214.8800,1.799931
_12138_,VPWR,li1,307.7400,209.4400,1.799948
_12137_,VPWR,li1,308.6600,220.3200,1.799868
_12136_,VPWR,li1,312.1100,220.3200,1.799878
_12135_,VPWR,li1,308.6600,220.3200,1.799868
_12134_,VPWR,li1,305.9000,214.8800,1.799920
_12133_,VPWR,li1,303.3700,220.3200,1.799858
_12132_,VPWR,li1,306.1300,220.3200,1.799862
_12131_,VPWR,li1,306.3600,214.8800,1.799920
_12130_,VPWR,li1,310.0400,209.4400,1.799950
_12129_,VPWR,li1,303.6000,209.4400,1.799944
_12128_,VPWR,li1,309.3500,214.8800,1.799925
_12127_,VPWR,li1,303.6000,209.4400,1.799944
_12126_,VPWR,li1,288.4200,209.4400,1.799935
_12125_,VPWR,li1,285.4300,214.8800,1.799894
_12124_,VPWR,li1,288.1900,214.8800,1.799897
_12123_,VPWR,li1,281.0600,214.8800,1.799890
_12122_,VPWR,li1,278.7600,214.8800,1.799888
_12121_,VPWR,li1,284.0500,209.4400,1.799932
_12120_,VPWR,li1,286.1200,209.4400,1.799934
_12119_,VPWR,li1,294.1700,209.4400,1.799938
_12118_,VPWR,li1,284.7400,198.5600,1.799793
_12117_,VPWR,li1,287.2700,209.4400,1.799934
_12116_,VPWR,li1,281.7500,209.4400,1.799931
_12115_,VPWR,li1,284.7400,204.0000,1.799940
_12114_,VPWR,li1,288.1900,204.0000,1.799942
_12113_,VPWR,li1,272.7800,209.4400,1.799928
_12112_,VPWR,li1,275.0800,209.4400,1.799929
_12111_,VPWR,li1,271.4000,204.0000,1.799934
_12110_,VPWR,li1,268.6400,209.4400,1.799927
_12109_,VPWR,li1,278.3000,204.0000,1.799936
_12108_,VPWR,li1,282.4400,209.4400,1.799932
_12107_,VPWR,li1,281.7500,204.0000,1.799938
_12106_,VPWR,li1,278.0700,209.4400,1.799930
_12105_,VPWR,li1,274.8500,204.0000,1.799935
_12104_,VPWR,li1,268.1800,204.0000,1.799933
_12103_,VPWR,li1,268.1800,198.5600,1.799733
_12102_,VPWR,li1,265.1900,204.0000,1.799933
_12101_,VPWR,li1,262.4300,204.0000,1.799933
_12100_,VPWR,li1,266.1100,198.5600,1.799725
_12099_,VPWR,li1,255.5300,209.4400,1.799926
_12098_,VPWR,li1,253.4600,209.4400,1.799926
_12097_,VPWR,li1,250.4700,209.4400,1.799926
_12096_,VPWR,li1,305.2100,220.3200,1.799862
_12095_,VPWR,li1,305.2100,225.7600,1.799852
_12094_,VPWR,li1,303.3700,225.7600,1.799848
_12093_,VPWR,li1,303.8300,214.8800,1.799916
_12092_,VPWR,li1,299.6900,214.8800,1.799910
_12091_,VPWR,li1,296.0100,225.7600,1.799834
_12090_,VPWR,li1,293.7100,225.7600,1.799831
_12089_,VPWR,li1,290.9500,225.7600,1.799826
_12088_,VPWR,li1,288.1900,225.7600,1.799820
_12087_,VPWR,li1,293.2500,220.3200,1.799834
_12086_,VPWR,li1,295.3200,214.8800,1.799906
_12085_,VPWR,li1,296.4700,214.8800,1.799906
_12084_,VPWR,li1,296.4700,220.3200,1.799839
_12083_,VPWR,li1,293.2500,214.8800,1.799903
_12082_,VPWR,li1,282.6700,231.2000,1.799750
_12081_,VPWR,li1,278.3000,231.2000,1.799741
_12080_,VPWR,li1,278.0700,231.2000,1.799741
_12079_,VPWR,li1,278.5300,225.7600,1.799813
_12078_,VPWR,li1,280.3700,231.2000,1.799745
_12077_,VPWR,li1,298.3100,225.7600,1.799838
_12076_,VPWR,li1,326.3700,242.0800,1.799859
_12075_,VPWR,li1,321.0800,242.0800,1.799849
_12074_,VPWR,li1,323.8400,242.0800,1.799853
_12073_,VPWR,li1,318.3200,242.0800,1.799840
_12072_,VPWR,li1,309.8100,242.0800,1.799825
_12071_,VPWR,li1,302.4500,242.0800,1.799810
_12070_,VPWR,li1,305.2100,247.5200,1.799781
_12069_,VPWR,li1,294.8600,242.0800,1.799795
_12068_,VPWR,li1,283.1300,242.0800,1.799777
_12067_,VPWR,li1,288.1900,242.0800,1.799785
_12066_,VPWR,li1,309.3500,252.9600,1.799704
_12065_,VPWR,li1,305.2100,252.9600,1.799689
_12064_,VPWR,li1,307.0500,252.9600,1.799697
_12063_,VPWR,li1,301.0700,252.9600,1.799682
_12062_,VPWR,li1,297.6200,252.9600,1.799677
_12061_,VPWR,li1,296.4700,252.9600,1.799677
_12060_,VPWR,li1,296.4700,258.4000,1.799463
_12059_,VPWR,li1,347.9900,247.5200,1.799536
_12058_,VPWR,li1,346.6100,242.0800,1.799696
_12057_,VPWR,li1,350.2900,247.5200,1.799509
_12056_,VPWR,li1,346.8400,258.4000,1.799768
_12055_,VPWR,li1,345.6900,252.9600,1.799777
_12054_,VPWR,li1,342.9300,247.5200,1.799604
_12053_,VPWR,li1,342.4700,252.9600,1.799788
_12052_,VPWR,li1,339.2500,252.9600,1.799799
_12051_,VPWR,li1,336.4900,252.9600,1.799810
_12050_,VPWR,li1,336.0300,252.9600,1.799810
_12049_,VPWR,li1,344.7700,258.4000,1.799769
_12048_,VPWR,li1,343.3900,280.1600,1.799688
_12047_,VPWR,li1,339.0200,285.6000,1.799855
_12046_,VPWR,li1,336.4900,274.7200,1.796698
_12045_,VPWR,li1,337.4100,280.1600,1.799692
_12044_,VPWR,li1,335.5700,280.1600,1.799695
_12043_,VPWR,li1,342.2400,280.1600,1.799688
_12042_,VPWR,li1,338.7900,285.6000,1.799855
_12041_,VPWR,li1,329.5900,280.1600,1.799699
_12040_,VPWR,li1,329.1300,280.1600,1.799699
_12039_,VPWR,li1,335.5700,285.6000,1.799861
_12038_,VPWR,li1,333.9600,285.6000,1.799861
_12037_,VPWR,li1,336.0300,291.0400,1.799987
_12036_,VPWR,li1,336.4900,285.6000,1.799858
_12035_,VPWR,li1,330.5100,291.0400,1.799989
_12034_,VPWR,li1,302.9100,280.1600,1.798919
_12033_,VPWR,li1,299.4600,274.7200,1.796549
_12032_,VPWR,li1,299.4600,280.1600,1.798848
_12031_,VPWR,li1,291.6400,280.1600,1.798626
_12030_,VPWR,li1,294.6300,280.1600,1.798710
_12029_,VPWR,li1,335.5700,258.4000,1.799777
_12028_,VPWR,li1,332.8100,274.7200,1.797072
_12027_,VPWR,li1,334.1900,252.9600,1.799817
_12026_,VPWR,li1,331.8900,252.9600,1.799825
_12025_,VPWR,li1,340.6300,242.0800,1.799752
_12024_,VPWR,li1,324.5300,247.5200,1.799810
_12023_,VPWR,li1,319.9300,247.5200,1.799801
_12022_,VPWR,li1,322.6900,247.5200,1.799807
_12021_,VPWR,li1,315.3300,247.5200,1.799795
_12020_,VPWR,li1,316.0200,242.0800,1.799836
_12019_,VPWR,li1,306.1300,242.0800,1.799818
_12018_,VPWR,li1,305.9000,242.0800,1.799814
_12017_,VPWR,li1,300.1500,242.0800,1.799806
_12016_,VPWR,li1,298.7700,242.0800,1.799801
_12015_,VPWR,li1,309.3500,242.0800,1.799821
_12014_,VPWR,li1,312.1100,252.9600,1.799713
_12013_,VPWR,li1,303.3700,252.9600,1.799685
_12012_,VPWR,li1,294.6300,252.9600,1.799671
_12011_,VPWR,li1,309.5800,252.9600,1.799704
_12010_,VPWR,li1,371.9100,214.8800,1.799872
_12009_,VPWR,li1,370.5300,220.3200,1.799845
_12008_,VPWR,li1,368.0000,220.3200,1.799847
_12007_,VPWR,li1,363.4000,220.3200,1.799855
_12006_,VPWR,li1,365.2400,220.3200,1.799851
_12005_,VPWR,li1,359.0300,225.7600,1.799790
_12004_,VPWR,li1,352.1300,225.7600,1.799811
_12003_,VPWR,li1,353.5100,220.3200,1.799872
_12002_,VPWR,li1,350.7500,252.9600,1.799761
_12001_,VPWR,li1,352.5900,252.9600,1.799755
_12000_,VPWR,li1,354.4300,252.9600,1.799749
_11999_,VPWR,li1,348.9100,280.1600,1.799684
_11998_,VPWR,li1,345.4600,280.1600,1.799686
_11997_,VPWR,li1,347.9900,285.6000,1.799848
_11996_,VPWR,li1,344.7700,285.6000,1.799850
_11995_,VPWR,li1,347.5300,280.1600,1.799684
_11994_,VPWR,li1,341.5500,285.6000,1.799853
_11993_,VPWR,li1,347.5300,220.3200,1.799882
_11992_,VPWR,li1,350.2900,220.3200,1.799876
_11991_,VPWR,li1,342.4700,220.3200,1.799893
_11990_,VPWR,li1,338.7900,220.3200,1.799903
_11989_,VPWR,li1,332.8100,225.7600,1.799892
_11988_,VPWR,li1,335.5700,225.7600,1.799879
_11987_,VPWR,li1,329.5900,225.7600,1.799907
_11986_,VPWR,li1,307.9700,242.0800,1.799821
_11985_,VPWR,li1,326.3700,225.7600,1.799906
_11984_,VPWR,li1,325.4500,242.0800,1.799859
_11983_,VPWR,li1,329.5900,225.7600,1.799907
_11982_,VPWR,li1,336.0300,214.8800,1.799936
_11981_,VPWR,li1,338.7900,214.8800,1.799931
_11980_,VPWR,li1,338.1000,214.8800,1.799931
_11979_,VPWR,li1,329.5900,214.8800,1.799955
_11978_,VPWR,li1,326.3700,214.8800,1.799951
_11977_,VPWR,li1,320.8500,214.8800,1.799942
_11976_,VPWR,li1,324.7600,209.4400,1.799965
_11975_,VPWR,li1,321.7700,209.4400,1.799961
_11974_,VPWR,li1,322.6900,209.4400,1.799961
_11973_,VPWR,li1,315.7900,209.4400,1.799955
_11972_,VPWR,li1,312.1100,209.4400,1.799952
_11971_,VPWR,li1,313.9500,209.4400,1.799953
_11970_,VPWR,li1,303.8300,204.0000,1.799958
_11969_,VPWR,li1,300.6100,209.4400,1.799942
_11968_,VPWR,li1,297.3900,204.0000,1.799951
_11967_,VPWR,li1,290.7200,209.4400,1.799936
_11966_,VPWR,li1,294.1700,204.0000,1.799947
_11965_,VPWR,li1,290.9500,204.0000,1.799945
_11964_,VPWR,li1,296.4700,204.0000,1.799949
_11963_,VPWR,li1,371.9100,214.8800,1.799872
_11962_,VPWR,li1,369.6100,214.8800,1.799875
_11961_,VPWR,li1,371.4500,220.3200,1.799843
_11960_,VPWR,li1,368.2300,214.8800,1.799879
_11959_,VPWR,li1,365.0100,220.3200,1.799851
_11958_,VPWR,li1,363.4000,220.3200,1.799855
_11957_,VPWR,li1,361.3300,220.3200,1.799859
_11956_,VPWR,li1,359.9500,252.9600,1.799732
_11955_,VPWR,li1,364.5500,252.9600,1.799732
_11954_,VPWR,li1,356.7300,252.9600,1.799742
_11953_,VPWR,li1,361.3300,220.3200,1.799859
_11952_,VPWR,li1,362.2500,214.8800,1.799886
_11951_,VPWR,li1,355.5800,220.3200,1.799869
_11950_,VPWR,li1,347.5300,220.3200,1.799882
_11949_,VPWR,li1,345.0000,220.3200,1.799887
_11948_,VPWR,li1,342.9300,220.3200,1.799893
_11947_,VPWR,li1,319.0100,242.0800,1.799844
_11946_,VPWR,li1,317.1700,242.0800,1.799840
_11945_,VPWR,li1,329.5900,220.3200,1.799928
_11944_,VPWR,li1,341.5500,209.4400,1.799947
_11943_,VPWR,li1,342.7000,214.8800,1.799921
_11942_,VPWR,li1,340.6300,214.8800,1.799926
_11941_,VPWR,li1,337.8700,209.4400,1.799951
_11940_,VPWR,li1,336.4900,214.8800,1.799936
_11939_,VPWR,li1,330.9700,209.4400,1.799963
_11938_,VPWR,li1,319.0100,209.4400,1.799958
_11937_,VPWR,li1,335.1100,209.4400,1.799958
_11936_,VPWR,li1,301.0700,209.4400,1.799942
_11935_,VPWR,li1,300.6100,204.0000,1.799955
_11934_,VPWR,li1,298.5400,204.0000,1.799951
_11933_,VPWR,li1,367.7700,214.8800,1.799879
_11932_,VPWR,li1,358.3400,220.3200,1.799864
_11931_,VPWR,li1,359.4900,214.8800,1.799890
_11930_,VPWR,li1,359.9500,220.3200,1.799859
_11929_,VPWR,li1,359.7200,214.8800,1.799890
_11928_,VPWR,li1,350.5200,214.8800,1.799908
_11927_,VPWR,li1,331.8900,220.3200,1.799922
_11926_,VPWR,li1,349.3700,214.8800,1.799908
_11925_,VPWR,li1,357.6500,214.8800,1.799893
_11924_,VPWR,li1,355.3500,214.8800,1.799897
_11923_,VPWR,li1,356.2700,73.4400,1.799848
_11922_,VPWR,li1,123.5100,19.0400,1.796881
_11921_,VPWR,li1,117.5300,19.0400,1.796877
_11920_,VPWR,li1,73.3700,13.6000,1.799010
_11919_,VPWR,li1,75.4400,19.0400,1.797655
_11918_,VPWR,li1,75.6700,19.0400,1.797655
_11917_,VPWR,li1,65.5500,19.0400,1.798016
_11916_,VPWR,li1,53.1300,29.9200,1.799518
_11915_,VPWR,li1,47.6100,35.3600,1.799603
_11914_,VPWR,li1,45.3100,29.9200,1.799612
_11913_,VPWR,li1,42.5500,35.3600,1.799664
_11912_,VPWR,li1,67.8500,29.9200,1.799382
_11911_,VPWR,li1,44.3900,57.1200,1.799742
_11910_,VPWR,li1,46.9200,57.1200,1.799729
_11909_,VPWR,li1,53.3600,62.5600,1.799882
_11908_,VPWR,li1,58.1900,29.9200,1.799476
_11907_,VPWR,li1,39.7900,68.0000,1.799911
_11906_,VPWR,li1,52.2100,68.0000,1.799889
_11905_,VPWR,li1,48.5300,73.4400,1.799932
_11904_,VPWR,li1,51.0600,78.8800,1.799929
_11903_,VPWR,li1,51.7500,73.4400,1.799928
_11902_,VPWR,li1,48.9900,73.4400,1.799932
_11901_,VPWR,li1,59.5700,73.4400,1.799920
_11900_,VPWR,li1,63.2500,78.8800,1.799916
_11899_,VPWR,li1,34.0400,68.0000,1.799932
_11898_,VPWR,li1,43.4700,35.3600,1.799642
_11897_,VPWR,li1,40.2500,40.8000,1.799888
_11896_,VPWR,li1,62.3300,35.3600,1.799488
_11895_,VPWR,li1,65.5500,35.3600,1.799465
_11894_,VPWR,li1,62.7900,35.3600,1.799488
_11893_,VPWR,li1,65.3200,46.2400,1.799840
_11892_,VPWR,li1,65.3200,40.8000,1.799815
_11891_,VPWR,li1,39.1000,51.6800,1.799941
_11890_,VPWR,li1,46.9200,46.2400,1.799867
_11889_,VPWR,li1,62.7900,24.4800,1.798779
_11888_,VPWR,li1,56.5800,24.4800,1.798909
_11887_,VPWR,li1,118.2200,19.0400,1.796877
_11886_,VPWR,li1,149.2700,19.0400,1.797292
_11885_,VPWR,li1,154.7900,13.6000,1.799083
_11884_,VPWR,li1,152.9500,19.0400,1.797453
_11883_,VPWR,li1,145.5900,19.0400,1.797167
_11882_,VPWR,li1,152.2600,19.0400,1.797366
_11881_,VPWR,li1,151.1100,19.0400,1.797366
_11880_,VPWR,li1,148.5800,19.0400,1.797239
_11879_,VPWR,li1,119.8300,13.6000,1.798737
_11878_,VPWR,li1,114.7700,19.0400,1.796925
_11877_,VPWR,li1,116.6100,13.6000,1.798745
_11876_,VPWR,li1,119.1400,24.4800,1.797788
_11875_,VPWR,li1,78.8900,19.0400,1.797585
_11874_,VPWR,li1,80.2700,19.0400,1.797545
_11873_,VPWR,li1,82.1100,19.0400,1.797509
_11872_,VPWR,li1,81.4200,13.6000,1.798962
_11871_,VPWR,li1,86.9400,19.0400,1.797416
_11870_,VPWR,li1,72.4500,19.0400,1.797742
_11869_,VPWR,li1,75.6700,13.6000,1.798992
_11868_,VPWR,li1,77.2800,24.4800,1.798520
_11867_,VPWR,li1,59.1100,19.0400,1.798187
_11866_,VPWR,li1,59.1100,24.4800,1.798855
_11865_,VPWR,li1,54.9700,29.9200,1.799498
_11864_,VPWR,li1,57.9600,29.9200,1.799476
_11863_,VPWR,li1,55.4300,29.9200,1.799498
_11862_,VPWR,li1,57.9600,35.3600,1.799521
_11861_,VPWR,li1,55.6600,35.3600,1.799539
_11860_,VPWR,li1,65.0900,29.9200,1.799401
_11859_,VPWR,li1,71.7600,29.9200,1.799340
_11858_,VPWR,li1,74.7500,35.3600,1.799412
_11857_,VPWR,li1,72.2200,35.3600,1.799429
_11856_,VPWR,li1,68.7700,35.3600,1.799442
_11855_,VPWR,li1,68.7700,40.8000,1.799811
_11854_,VPWR,li1,74.0600,40.8000,1.799802
_11853_,VPWR,li1,65.5500,46.2400,1.799840
_11852_,VPWR,li1,61.1800,46.2400,1.799843
_11851_,VPWR,li1,64.1700,40.8000,1.799821
_11850_,VPWR,li1,66.9300,40.8000,1.799815
_11849_,VPWR,li1,69.2300,46.2400,1.799839
_11848_,VPWR,li1,68.0800,51.6800,1.799909
_11847_,VPWR,li1,66.0100,24.4800,1.798735
_11846_,VPWR,li1,91.7700,19.0400,1.797328
_11845_,VPWR,li1,90.8500,24.4800,1.798271
_11844_,VPWR,li1,90.1600,29.9200,1.799245
_11843_,VPWR,li1,53.5900,24.4800,1.798976
_11842_,VPWR,li1,58.4200,40.8000,1.799833
_11841_,VPWR,li1,46.2300,46.2400,1.799867
_11840_,VPWR,li1,45.7700,51.6800,1.799930
_11839_,VPWR,li1,41.1700,51.6800,1.799937
_11838_,VPWR,li1,41.6300,51.6800,1.799937
_11837_,VPWR,li1,39.1000,57.1200,1.799778
_11836_,VPWR,li1,36.8000,57.1200,1.799796
_11835_,VPWR,li1,49.9100,57.1200,1.799701
_11834_,VPWR,li1,56.1200,62.5600,1.799878
_11833_,VPWR,li1,60.0300,68.0000,1.799881
_11832_,VPWR,li1,62.1000,68.0000,1.799879
_11831_,VPWR,li1,58.8800,57.1200,1.799643
_11830_,VPWR,li1,43.9300,46.2400,1.799875
_11829_,VPWR,li1,43.2400,68.0000,1.799906
_11828_,VPWR,li1,45.7700,57.1200,1.799729
_11827_,VPWR,li1,42.5500,57.1200,1.799762
_11826_,VPWR,li1,42.5500,62.5600,1.799910
_11825_,VPWR,li1,39.7900,62.5600,1.799918
_11824_,VPWR,li1,33.3500,68.0000,1.799932
_11823_,VPWR,li1,34.2700,73.4400,1.799956
_11822_,VPWR,li1,37.2600,73.4400,1.799950
_11821_,VPWR,li1,34.9600,73.4400,1.799956
_11820_,VPWR,li1,41.1700,57.1200,1.799762
_11819_,VPWR,li1,46.4600,78.8800,1.799936
_11818_,VPWR,li1,49.9100,84.3200,1.799865
_11817_,VPWR,li1,48.9900,78.8800,1.799932
_11816_,VPWR,li1,46.0000,78.8800,1.799936
_11815_,VPWR,li1,181.4700,19.0400,1.798417
_11814_,VPWR,li1,181.9300,19.0400,1.798417
_11813_,VPWR,li1,190.2100,19.0400,1.797941
_11812_,VPWR,li1,184.2300,19.0400,1.798204
_11811_,VPWR,li1,157.0900,24.4800,1.797765
_11810_,VPWR,li1,154.7900,19.0400,1.797550
_11809_,VPWR,li1,171.1200,24.4800,1.798142
_11808_,VPWR,li1,150.6500,24.4800,1.797659
_11807_,VPWR,li1,147.4300,24.4800,1.797650
_11806_,VPWR,li1,149.7300,24.4800,1.797659
_11805_,VPWR,li1,149.0400,29.9200,1.799162
_11804_,VPWR,li1,122.1300,24.4800,1.797742
_11803_,VPWR,li1,117.9900,24.4800,1.797788
_11802_,VPWR,li1,122.5900,29.9200,1.799175
_11801_,VPWR,li1,118.6800,40.8000,1.799739
_11800_,VPWR,li1,78.8900,29.9200,1.799282
_11799_,VPWR,li1,85.3300,29.9200,1.799259
_11798_,VPWR,li1,86.7100,24.4800,1.798328
_11797_,VPWR,li1,82.1100,29.9200,1.799270
_11796_,VPWR,li1,84.4100,24.4800,1.798374
_11795_,VPWR,li1,89.4700,29.9200,1.799251
_11794_,VPWR,li1,87.8600,29.9200,1.799251
_11793_,VPWR,li1,92.6900,29.9200,1.799238
_11792_,VPWR,li1,90.6200,35.3600,1.799296
_11791_,VPWR,li1,92.9200,35.3600,1.799282
_11790_,VPWR,li1,87.6300,35.3600,1.799315
_11789_,VPWR,li1,84.6400,35.3600,1.799346
_11788_,VPWR,li1,81.6500,35.3600,1.799365
_11787_,VPWR,li1,83.2600,40.8000,1.799783
_11786_,VPWR,li1,80.9600,40.8000,1.799787
_11785_,VPWR,li1,77.0500,40.8000,1.799795
_11784_,VPWR,li1,79.3500,40.8000,1.799792
_11783_,VPWR,li1,77.9700,40.8000,1.799792
_11782_,VPWR,li1,76.1300,40.8000,1.799795
_11781_,VPWR,li1,75.4400,46.2400,1.799836
_11780_,VPWR,li1,67.8500,46.2400,1.799839
_11779_,VPWR,li1,86.2500,40.8000,1.799779
_11778_,VPWR,li1,90.3900,13.6000,1.798898
_11777_,VPWR,li1,84.4100,19.0400,1.797465
_11776_,VPWR,li1,92.4600,13.6000,1.798885
_11775_,VPWR,li1,89.2400,19.0400,1.797372
_11774_,VPWR,li1,91.5400,19.0400,1.797328
_11773_,VPWR,li1,88.5500,19.0400,1.797416
_11772_,VPWR,li1,98.2100,24.4800,1.798133
_11771_,VPWR,li1,84.8700,57.1200,1.799495
_11770_,VPWR,li1,109.4800,35.3600,1.799190
_11769_,VPWR,li1,75.6700,29.9200,1.799305
_11768_,VPWR,li1,77.0500,29.9200,1.799305
_11767_,VPWR,li1,85.1000,62.5600,1.799816
_11766_,VPWR,li1,54.9700,40.8000,1.799837
_11765_,VPWR,li1,54.0500,46.2400,1.799850
_11764_,VPWR,li1,57.0400,46.2400,1.799848
_11763_,VPWR,li1,56.3500,51.6800,1.799918
_11762_,VPWR,li1,58.6500,51.6800,1.799916
_11761_,VPWR,li1,60.7200,51.6800,1.799914
_11760_,VPWR,li1,55.8900,57.1200,1.799662
_11759_,VPWR,li1,61.4100,57.1200,1.799628
_11758_,VPWR,li1,59.1100,57.1200,1.799643
_11757_,VPWR,li1,68.5400,62.5600,1.799848
_11756_,VPWR,li1,60.0300,62.5600,1.799866
_11755_,VPWR,li1,63.4800,62.5600,1.799858
_11754_,VPWR,li1,60.7200,62.5600,1.799866
_11753_,VPWR,li1,72.2200,68.0000,1.799872
_11752_,VPWR,li1,61.4100,68.0000,1.799881
_11751_,VPWR,li1,64.4000,68.0000,1.799877
_11750_,VPWR,li1,69.2300,68.0000,1.799874
_11749_,VPWR,li1,74.7500,73.4400,1.799905
_11748_,VPWR,li1,76.5900,73.4400,1.799903
_11747_,VPWR,li1,79.3500,68.0000,1.799868
_11746_,VPWR,li1,75.4400,68.0000,1.799870
_11745_,VPWR,li1,64.6300,78.8800,1.799916
_11744_,VPWR,li1,70.3800,51.6800,1.799908
_11743_,VPWR,li1,74.0600,51.6800,1.799906
_11742_,VPWR,li1,74.9800,57.1200,1.799548
_11741_,VPWR,li1,55.4300,46.2400,1.799848
_11740_,VPWR,li1,51.0600,46.2400,1.799855
_11739_,VPWR,li1,53.3600,46.2400,1.799850
_11738_,VPWR,li1,59.3400,89.7600,1.799878
_11737_,VPWR,li1,47.1500,68.0000,1.799896
_11736_,VPWR,li1,36.5700,68.0000,1.799923
_11735_,VPWR,li1,36.1100,62.5600,1.799932
_11734_,VPWR,li1,36.5700,68.0000,1.799923
_11733_,VPWR,li1,39.1000,89.7600,1.799923
_11732_,VPWR,li1,36.8000,89.7600,1.799930
_11731_,VPWR,li1,31.0500,68.0000,1.799940
_11730_,VPWR,li1,58.8800,78.8800,1.799920
_11729_,VPWR,li1,44.8500,68.0000,1.799901
_11728_,VPWR,li1,47.1500,68.0000,1.799896
_11727_,VPWR,li1,48.5300,68.0000,1.799896
_11726_,VPWR,li1,44.1600,78.8800,1.799939
_11725_,VPWR,li1,42.5500,73.4400,1.799942
_11724_,VPWR,li1,34.2700,78.8800,1.799955
_11723_,VPWR,li1,37.2600,78.8800,1.799952
_11722_,VPWR,li1,36.1100,78.8800,1.799952
_11721_,VPWR,li1,33.3500,84.3200,1.799920
_11720_,VPWR,li1,39.3300,78.8800,1.799946
_11719_,VPWR,li1,39.3300,78.8800,1.799946
_11718_,VPWR,li1,33.3500,78.8800,1.799959
_11717_,VPWR,li1,36.1100,84.3200,1.799913
_11716_,VPWR,li1,34.7300,84.3200,1.799913
_11715_,VPWR,li1,36.5700,89.7600,1.799930
_11714_,VPWR,li1,33.5800,95.2000,1.799954
_11713_,VPWR,li1,115.0000,24.4800,1.797831
_11712_,VPWR,li1,119.8300,29.9200,1.799179
_11711_,VPWR,li1,116.3800,29.9200,1.799185
_11710_,VPWR,li1,104.8800,29.9200,1.799209
_11709_,VPWR,li1,192.9700,19.0400,1.797882
_11708_,VPWR,li1,188.8300,24.4800,1.796562
_11707_,VPWR,li1,191.3600,24.4800,1.796366
_11706_,VPWR,li1,187.2200,24.4800,1.796833
_11705_,VPWR,li1,189.0600,24.4800,1.796562
_11704_,VPWR,li1,174.1100,24.4800,1.798294
_11703_,VPWR,li1,174.1100,24.4800,1.798294
_11702_,VPWR,li1,176.8700,24.4800,1.797936
_11701_,VPWR,li1,169.5100,24.4800,1.798142
_11700_,VPWR,li1,177.5600,29.9200,1.799157
_11699_,VPWR,li1,152.0300,29.9200,1.799164
_11698_,VPWR,li1,149.2700,35.3600,1.799181
_11697_,VPWR,li1,151.5700,35.3600,1.799214
_11696_,VPWR,li1,147.2000,35.3600,1.799162
_11695_,VPWR,li1,121.2100,35.3600,1.799129
_11694_,VPWR,li1,115.6900,57.1200,1.799411
_11693_,VPWR,li1,117.9900,57.1200,1.799420
_11692_,VPWR,li1,112.2400,62.5600,1.799795
_11691_,VPWR,li1,89.0100,57.1200,1.799482
_11690_,VPWR,li1,85.7900,57.1200,1.799495
_11689_,VPWR,li1,87.4000,57.1200,1.799482
_11688_,VPWR,li1,81.1900,57.1200,1.799517
_11687_,VPWR,li1,82.8000,57.1200,1.799505
_11686_,VPWR,li1,77.9700,57.1200,1.799533
_11685_,VPWR,li1,75.2100,57.1200,1.799548
_11684_,VPWR,li1,77.5100,57.1200,1.799533
_11683_,VPWR,li1,92.9200,68.0000,1.799862
_11682_,VPWR,li1,75.6700,62.5600,1.799835
_11681_,VPWR,li1,76.5900,62.5600,1.799830
_11680_,VPWR,li1,78.6600,62.5600,1.799826
_11679_,VPWR,li1,71.9900,62.5600,1.799839
_11678_,VPWR,li1,67.8500,62.5600,1.799848
_11677_,VPWR,li1,69.2300,68.0000,1.799874
_11676_,VPWR,li1,79.3500,68.0000,1.799868
_11675_,VPWR,li1,72.6800,68.0000,1.799872
_11674_,VPWR,li1,72.2200,78.8800,1.799909
_11673_,VPWR,li1,82.1100,51.6800,1.799903
_11672_,VPWR,li1,80.7300,46.2400,1.799834
_11671_,VPWR,li1,80.2700,51.6800,1.799904
_11670_,VPWR,li1,78.4300,46.2400,1.799835
_11669_,VPWR,li1,83.9500,46.2400,1.799834
_11668_,VPWR,li1,76.5900,51.6800,1.799905
_11667_,VPWR,li1,73.1400,46.2400,1.799837
_11666_,VPWR,li1,75.6700,46.2400,1.799836
_11665_,VPWR,li1,80.9600,84.3200,1.799783
_11664_,VPWR,li1,97.9800,57.1200,1.799451
_11663_,VPWR,li1,82.1100,78.8800,1.799903
_11662_,VPWR,li1,85.1000,78.8800,1.799901
_11661_,VPWR,li1,81.4200,89.7600,1.799840
_11660_,VPWR,li1,62.7900,84.3200,1.799822
_11659_,VPWR,li1,59.5700,84.3200,1.799830
_11658_,VPWR,li1,60.4900,84.3200,1.799830
_11657_,VPWR,li1,61.8700,89.7600,1.799874
_11656_,VPWR,li1,58.6500,89.7600,1.799878
_11655_,VPWR,li1,60.7200,89.7600,1.799874
_11654_,VPWR,li1,59.5700,78.8800,1.799920
_11653_,VPWR,li1,67.3900,73.4400,1.799912
_11652_,VPWR,li1,66.4700,78.8800,1.799914
_11651_,VPWR,li1,69.4600,73.4400,1.799910
_11650_,VPWR,li1,71.7600,84.3200,1.799802
_11649_,VPWR,li1,58.1900,84.3200,1.799835
_11648_,VPWR,li1,55.8900,84.3200,1.799841
_11647_,VPWR,li1,62.1000,100.6400,1.799951
_11646_,VPWR,li1,47.1500,84.3200,1.799871
_11645_,VPWR,li1,42.0900,89.7600,1.799916
_11644_,VPWR,li1,45.0800,89.7600,1.799911
_11643_,VPWR,li1,37.0300,95.2000,1.799946
_11642_,VPWR,li1,33.3500,89.7600,1.799942
_11641_,VPWR,li1,36.1100,95.2000,1.799946
_11640_,VPWR,li1,37.4900,100.6400,1.799973
_11639_,VPWR,li1,39.5600,95.2000,1.799939
_11638_,VPWR,li1,40.0200,100.6400,1.799970
_11637_,VPWR,li1,46.0000,106.0800,1.799941
_11636_,VPWR,li1,43.2400,95.2000,1.799932
_11635_,VPWR,li1,46.6900,84.3200,1.799871
_11634_,VPWR,li1,54.5100,106.0800,1.799925
_11633_,VPWR,li1,48.5300,84.3200,1.799865
_11632_,VPWR,li1,50.8300,100.6400,1.799960
_11631_,VPWR,li1,117.9900,35.3600,1.799138
_11630_,VPWR,li1,118.2200,35.3600,1.799138
_11629_,VPWR,li1,112.4700,35.3600,1.799165
_11628_,VPWR,li1,112.9300,29.9200,1.799192
_11627_,VPWR,li1,106.9500,35.3600,1.799203
_11626_,VPWR,li1,105.5700,35.3600,1.799203
_11625_,VPWR,li1,108.1000,40.8000,1.799749
_11624_,VPWR,li1,110.1700,40.8000,1.799747
_11623_,VPWR,li1,103.2700,40.8000,1.799754
_11622_,VPWR,li1,100.9700,40.8000,1.799757
_11621_,VPWR,li1,98.9000,40.8000,1.799759
_11620_,VPWR,li1,97.7500,40.8000,1.799762
_11619_,VPWR,li1,97.2900,46.2400,1.799832
_11618_,VPWR,li1,94.3000,46.2400,1.799832
_11617_,VPWR,li1,91.7700,40.8000,1.799769
_11616_,VPWR,li1,89.4700,46.2400,1.799833
_11615_,VPWR,li1,88.5500,40.8000,1.799775
_11614_,VPWR,li1,89.9300,40.8000,1.799775
_11613_,VPWR,li1,94.3000,51.6800,1.799902
_11612_,VPWR,li1,101.8900,29.9200,1.799216
_11611_,VPWR,li1,99.5900,29.9200,1.799222
_11610_,VPWR,li1,100.9700,24.4800,1.798076
_11609_,VPWR,li1,99.1300,24.4800,1.798133
_11608_,VPWR,li1,103.9600,24.4800,1.798024
_11607_,VPWR,li1,97.7500,19.0400,1.797237
_11606_,VPWR,li1,96.6000,13.6000,1.798860
_11605_,VPWR,li1,94.5300,19.0400,1.797272
_11604_,VPWR,li1,99.8200,13.6000,1.798844
_11603_,VPWR,li1,103.5000,13.6000,1.798825
_11602_,VPWR,li1,101.2000,19.0400,1.797163
_11601_,VPWR,li1,107.8700,57.1200,1.799423
_11600_,VPWR,li1,129.2600,35.3600,1.799133
_11599_,VPWR,li1,144.9000,29.9200,1.799161
_11598_,VPWR,li1,145.5900,29.9200,1.799161
_11597_,VPWR,li1,142.1400,29.9200,1.799162
_11596_,VPWR,li1,130.6400,29.9200,1.799169
_11595_,VPWR,li1,313.9500,19.0400,1.797951
_11594_,VPWR,li1,316.7100,19.0400,1.798190
_11593_,VPWR,li1,316.2500,24.4800,1.797090
_11592_,VPWR,li1,301.9900,19.0400,1.797405
_11591_,VPWR,li1,324.7600,24.4800,1.797952
_11590_,VPWR,li1,318.5500,24.4800,1.797373
_11589_,VPWR,li1,299.0000,19.0400,1.797381
_11588_,VPWR,li1,212.5200,24.4800,1.794621
_11587_,VPWR,li1,207.4600,24.4800,1.794965
_11586_,VPWR,li1,215.7400,29.9200,1.797446
_11585_,VPWR,li1,197.3400,24.4800,1.795623
_11584_,VPWR,li1,193.4300,29.9200,1.798304
_11583_,VPWR,li1,189.0600,29.9200,1.798524
_11582_,VPWR,li1,186.9900,29.9200,1.798680
_11581_,VPWR,li1,191.5900,29.9200,1.798392
_11580_,VPWR,li1,201.0200,29.9200,1.797945
_11579_,VPWR,li1,180.5500,29.9200,1.798978
_11578_,VPWR,li1,177.3300,35.3600,1.799519
_11577_,VPWR,li1,179.6300,35.3600,1.799472
_11576_,VPWR,li1,178.9400,35.3600,1.799519
_11575_,VPWR,li1,149.7300,35.3600,1.799181
_11574_,VPWR,li1,147.4300,57.1200,1.799546
_11573_,VPWR,li1,149.7300,57.1200,1.799569
_11572_,VPWR,li1,143.5200,62.5600,1.799817
_11571_,VPWR,li1,114.3100,57.1200,1.799411
_11570_,VPWR,li1,108.3300,84.3200,1.799741
_11569_,VPWR,li1,113.3900,84.3200,1.799743
_11568_,VPWR,li1,110.4000,89.7600,1.799837
_11567_,VPWR,li1,87.1700,89.7600,1.799835
_11566_,VPWR,li1,89.9300,89.7600,1.799835
_11565_,VPWR,li1,84.8700,84.3200,1.799776
_11564_,VPWR,li1,83.9500,84.3200,1.799779
_11563_,VPWR,li1,77.5100,84.3200,1.799790
_11562_,VPWR,li1,74.2900,84.3200,1.799796
_11561_,VPWR,li1,71.5300,78.8800,1.799909
_11560_,VPWR,li1,75.6700,78.8800,1.799907
_11559_,VPWR,li1,77.0500,78.8800,1.799906
_11558_,VPWR,li1,69.0000,78.8800,1.799911
_11557_,VPWR,li1,68.7700,78.8800,1.799911
_11556_,VPWR,li1,82.8000,95.2000,1.799875
_11555_,VPWR,li1,87.6300,84.3200,1.799772
_11554_,VPWR,li1,84.8700,89.7600,1.799838
_11553_,VPWR,li1,87.4000,95.2000,1.799871
_11552_,VPWR,li1,65.5500,100.6400,1.799947
_11551_,VPWR,li1,60.0300,95.2000,1.799904
_11550_,VPWR,li1,59.1100,95.2000,1.799907
_11549_,VPWR,li1,53.5900,95.2000,1.799914
_11548_,VPWR,li1,54.7400,95.2000,1.799914
_11547_,VPWR,li1,48.5300,89.7600,1.799901
_11546_,VPWR,li1,45.3100,95.2000,1.799928
_11545_,VPWR,li1,51.5200,95.2000,1.799918
_11544_,VPWR,li1,47.8400,95.2000,1.799923
_11543_,VPWR,li1,51.0600,106.0800,1.799931
_11542_,VPWR,li1,65.3200,95.2000,1.799897
_11541_,VPWR,li1,62.7900,106.0800,1.799915
_11540_,VPWR,li1,62.7900,106.0800,1.799915
_11539_,VPWR,li1,64.1700,106.0800,1.799912
_11538_,VPWR,li1,60.2600,106.0800,1.799919
_11537_,VPWR,li1,57.2700,106.0800,1.799922
_11536_,VPWR,li1,54.2800,106.0800,1.799927
_11535_,VPWR,li1,48.3000,106.0800,1.799936
_11534_,VPWR,li1,110.6300,57.1200,1.799418
_11533_,VPWR,li1,109.9400,57.1200,1.799418
_11532_,VPWR,li1,104.6500,62.5600,1.799797
_11531_,VPWR,li1,105.8000,57.1200,1.799429
_11530_,VPWR,li1,100.0500,62.5600,1.799800
_11529_,VPWR,li1,97.7500,62.5600,1.799802
_11528_,VPWR,li1,100.0500,62.5600,1.799800
_11527_,VPWR,li1,114.5400,68.0000,1.799860
_11526_,VPWR,li1,97.7500,68.0000,1.799860
_11525_,VPWR,li1,91.3100,68.0000,1.799862
_11524_,VPWR,li1,94.3000,68.0000,1.799861
_11523_,VPWR,li1,86.7100,68.0000,1.799864
_11522_,VPWR,li1,81.6500,62.5600,1.799820
_11521_,VPWR,li1,83.9500,68.0000,1.799865
_11520_,VPWR,li1,83.9500,68.0000,1.799865
_11519_,VPWR,li1,86.9400,68.0000,1.799864
_11518_,VPWR,li1,92.9200,78.8800,1.799899
_11517_,VPWR,li1,103.7300,68.0000,1.799859
_11516_,VPWR,li1,97.7500,57.1200,1.799451
_11515_,VPWR,li1,97.2900,51.6800,1.799902
_11514_,VPWR,li1,94.0700,51.6800,1.799902
_11513_,VPWR,li1,99.5900,51.6800,1.799902
_11512_,VPWR,li1,96.8300,51.6800,1.799902
_11511_,VPWR,li1,91.3100,46.2400,1.799832
_11510_,VPWR,li1,91.7700,51.6800,1.799902
_11509_,VPWR,li1,110.1700,51.6800,1.799903
_11508_,VPWR,li1,104.8800,78.8800,1.799898
_11507_,VPWR,li1,122.3600,57.1200,1.799434
_11506_,VPWR,li1,143.7500,35.3600,1.799153
_11505_,VPWR,li1,143.0600,35.3600,1.799153
_11504_,VPWR,li1,137.7700,35.3600,1.799142
_11503_,VPWR,li1,140.0700,35.3600,1.799146
_11502_,VPWR,li1,131.7900,35.3600,1.799135
_11501_,VPWR,li1,129.0300,40.8000,1.799751
_11500_,VPWR,li1,131.7900,40.8000,1.799755
_11499_,VPWR,li1,153.1800,40.8000,1.799792
_11498_,VPWR,li1,124.8900,40.8000,1.799746
_11497_,VPWR,li1,123.0500,40.8000,1.799744
_11496_,VPWR,li1,115.6900,40.8000,1.799741
_11495_,VPWR,li1,112.9300,40.8000,1.799744
_11494_,VPWR,li1,110.6300,40.8000,1.799747
_11493_,VPWR,li1,102.8100,40.8000,1.799754
_11492_,VPWR,li1,108.3300,46.2400,1.799832
_11491_,VPWR,li1,104.6500,46.2400,1.799832
_11490_,VPWR,li1,106.7200,46.2400,1.799832
_11489_,VPWR,li1,117.3000,46.2400,1.799834
_11488_,VPWR,li1,139.6100,40.8000,1.799768
_11487_,VPWR,li1,129.4900,29.9200,1.799169
_11486_,VPWR,li1,134.5500,29.9200,1.799166
_11485_,VPWR,li1,133.4000,24.4800,1.797700
_11484_,VPWR,li1,131.1000,24.4800,1.797714
_11483_,VPWR,li1,107.4100,24.4800,1.797963
_11482_,VPWR,li1,106.4900,19.0400,1.797047
_11481_,VPWR,li1,105.1100,19.0400,1.797082
_11480_,VPWR,li1,104.6500,19.0400,1.797082
_11479_,VPWR,li1,109.9400,19.0400,1.797005
_11478_,VPWR,li1,106.9500,13.6000,1.798800
_11477_,VPWR,li1,112.4700,19.0400,1.796967
_11476_,VPWR,li1,107.4100,24.4800,1.797963
_11475_,VPWR,li1,104.8800,24.4800,1.798024
_11474_,VPWR,li1,102.1200,29.9200,1.799216
_11473_,VPWR,li1,135.9300,57.1200,1.799478
_11472_,VPWR,li1,155.9400,35.3600,1.799267
_11471_,VPWR,li1,174.8000,29.9200,1.799322
_11470_,VPWR,li1,175.0300,29.9200,1.799322
_11469_,VPWR,li1,171.5800,29.9200,1.799299
_11468_,VPWR,li1,164.2200,29.9200,1.799247
_11467_,VPWR,li1,303.8300,19.0400,1.797486
_11466_,VPWR,li1,305.4400,19.0400,1.797486
_11465_,VPWR,li1,304.2900,24.4800,1.795955
_11464_,VPWR,li1,267.2600,24.4800,1.794295
_11463_,VPWR,li1,302.9100,24.4800,1.795955
_11462_,VPWR,li1,270.0200,24.4800,1.794349
_11461_,VPWR,li1,219.1900,24.4800,1.794501
_11460_,VPWR,li1,212.7500,29.9200,1.797563
_11459_,VPWR,li1,213.2100,24.4800,1.794622
_11458_,VPWR,li1,218.0400,29.9200,1.797411
_11457_,VPWR,li1,204.0100,29.9200,1.797814
_11456_,VPWR,li1,204.0100,29.9200,1.797814
_11455_,VPWR,li1,206.3100,29.9200,1.797731
_11454_,VPWR,li1,204.7000,40.8000,1.799499
_11453_,VPWR,li1,181.4700,35.3600,1.799436
_11452_,VPWR,li1,177.3300,46.2400,1.799847
_11451_,VPWR,li1,181.4700,46.2400,1.799812
_11450_,VPWR,li1,181.7000,62.5600,1.799848
_11449_,VPWR,li1,144.2100,57.1200,1.799521
_11448_,VPWR,li1,140.9900,73.4400,1.799882
_11447_,VPWR,li1,142.3700,78.8800,1.799910
_11446_,VPWR,li1,145.8200,84.3200,1.799798
_11445_,VPWR,li1,110.6300,84.3200,1.799741
_11444_,VPWR,li1,109.7100,89.7600,1.799837
_11443_,VPWR,li1,106.9500,89.7600,1.799836
_11442_,VPWR,li1,109.0200,100.6400,1.799934
_11441_,VPWR,li1,84.8700,95.2000,1.799873
_11440_,VPWR,li1,79.8100,95.2000,1.799878
_11439_,VPWR,li1,75.2100,95.2000,1.799884
_11438_,VPWR,li1,76.1300,89.7600,1.799851
_11437_,VPWR,li1,71.9900,95.2000,1.799887
_11436_,VPWR,li1,71.0700,95.2000,1.799890
_11435_,VPWR,li1,68.3100,95.2000,1.799893
_11434_,VPWR,li1,69.0000,95.2000,1.799893
_11433_,VPWR,li1,63.2500,95.2000,1.799900
_11432_,VPWR,li1,74.7500,100.6400,1.799944
_11431_,VPWR,li1,92.4600,95.2000,1.799869
_11430_,VPWR,li1,78.4300,106.0800,1.799898
_11429_,VPWR,li1,84.4100,100.6400,1.799940
_11428_,VPWR,li1,81.8800,106.0800,1.799895
_11427_,VPWR,li1,66.0100,106.0800,1.799910
_11426_,VPWR,li1,53.5900,100.6400,1.799958
_11425_,VPWR,li1,52.6700,106.0800,1.799927
_11424_,VPWR,li1,48.9900,100.6400,1.799963
_11423_,VPWR,li1,50.1400,106.0800,1.799931
_11422_,VPWR,li1,45.7700,100.6400,1.799964
_11421_,VPWR,li1,105.1100,84.3200,1.799744
_11420_,VPWR,li1,101.4300,84.3200,1.799750
_11419_,VPWR,li1,101.8900,78.8800,1.799898
_11418_,VPWR,li1,96.8300,78.8800,1.799898
_11417_,VPWR,li1,89.9300,78.8800,1.799900
_11416_,VPWR,li1,92.6900,78.8800,1.799899
_11415_,VPWR,li1,92.6900,73.4400,1.799892
_11414_,VPWR,li1,92.6900,84.3200,1.799763
_11413_,VPWR,li1,97.5200,78.8800,1.799898
_11412_,VPWR,li1,89.4700,78.8800,1.799900
_11411_,VPWR,li1,103.2700,84.3200,1.799747
_11410_,VPWR,li1,102.5800,95.2000,1.799867
_11409_,VPWR,li1,118.6800,78.8800,1.799900
_11408_,VPWR,li1,138.2300,57.1200,1.799493
_11407_,VPWR,li1,141.2200,57.1200,1.799510
_11406_,VPWR,li1,132.7100,57.1200,1.799471
_11405_,VPWR,li1,133.8600,57.1200,1.799471
_11404_,VPWR,li1,125.3500,57.1200,1.799442
_11403_,VPWR,li1,123.5100,62.5600,1.799801
_11402_,VPWR,li1,126.2700,62.5600,1.799804
_11401_,VPWR,li1,133.4000,62.5600,1.799809
_11400_,VPWR,li1,117.0700,68.0000,1.799860
_11399_,VPWR,li1,112.0100,68.0000,1.799859
_11398_,VPWR,li1,115.0000,68.0000,1.799860
_11397_,VPWR,li1,106.4900,68.0000,1.799859
_11396_,VPWR,li1,103.2700,68.0000,1.799859
_11395_,VPWR,li1,106.4900,68.0000,1.799859
_11394_,VPWR,li1,105.8000,73.4400,1.799886
_11393_,VPWR,li1,114.0800,73.4400,1.799884
_11392_,VPWR,li1,126.2700,68.0000,1.799864
_11391_,VPWR,li1,119.3700,51.6800,1.799905
_11390_,VPWR,li1,121.6700,46.2400,1.799835
_11389_,VPWR,li1,126.7300,51.6800,1.799908
_11388_,VPWR,li1,116.1500,51.6800,1.799904
_11387_,VPWR,li1,119.8300,46.2400,1.799835
_11386_,VPWR,li1,126.2700,46.2400,1.799837
_11385_,VPWR,li1,128.5700,46.2400,1.799838
_11384_,VPWR,li1,112.9300,46.2400,1.799833
_11383_,VPWR,li1,110.8600,46.2400,1.799833
_11382_,VPWR,li1,134.0900,51.6800,1.799914
_11381_,VPWR,li1,106.4900,46.2400,1.799832
_11380_,VPWR,li1,104.8800,51.6800,1.799902
_11379_,VPWR,li1,103.2700,46.2400,1.799832
_11378_,VPWR,li1,132.9400,84.3200,1.799770
_11377_,VPWR,li1,151.8000,62.5600,1.799834
_11376_,VPWR,li1,175.0300,35.3600,1.799586
_11375_,VPWR,li1,171.5800,35.3600,1.799536
_11374_,VPWR,li1,169.5100,35.3600,1.799488
_11373_,VPWR,li1,168.8200,35.3600,1.799488
_11372_,VPWR,li1,163.5300,35.3600,1.799401
_11371_,VPWR,li1,158.4700,35.3600,1.799321
_11370_,VPWR,li1,160.7700,40.8000,1.799805
_11369_,VPWR,li1,161.2300,35.3600,1.799350
_11368_,VPWR,li1,179.8600,46.2400,1.799828
_11367_,VPWR,li1,156.6300,40.8000,1.799798
_11366_,VPWR,li1,151.1100,46.2400,1.799849
_11365_,VPWR,li1,150.1900,40.8000,1.799784
_11364_,VPWR,li1,145.1300,40.8000,1.799778
_11363_,VPWR,li1,137.7700,40.8000,1.799765
_11362_,VPWR,li1,138.2300,46.2400,1.799842
_11361_,VPWR,li1,140.9900,46.2400,1.799844
_11360_,VPWR,li1,140.9900,46.2400,1.799844
_11359_,VPWR,li1,150.8800,51.6800,1.799926
_11358_,VPWR,li1,158.7000,46.2400,1.799855
_11357_,VPWR,li1,161.6900,29.9200,1.799230
_11356_,VPWR,li1,162.1500,24.4800,1.797918
_11355_,VPWR,li1,165.1400,24.4800,1.798009
_11354_,VPWR,li1,164.2200,13.6000,1.799343
_11353_,VPWR,li1,140.5300,24.4800,1.797674
_11352_,VPWR,li1,135.4700,24.4800,1.797692
_11351_,VPWR,li1,137.3100,24.4800,1.797685
_11350_,VPWR,li1,137.0800,24.4800,1.797692
_11349_,VPWR,li1,133.1700,29.9200,1.799167
_11348_,VPWR,li1,137.5400,29.9200,1.799164
_11347_,VPWR,li1,135.4700,19.0400,1.797027
_11346_,VPWR,li1,136.8500,19.0400,1.797062
_11345_,VPWR,li1,132.0200,19.0400,1.796996
_11344_,VPWR,li1,126.7300,19.0400,1.796924
_11343_,VPWR,li1,129.0300,19.0400,1.796956
_11342_,VPWR,li1,110.6300,13.6000,1.798778
_11341_,VPWR,li1,170.2000,68.0000,1.799913
_11340_,VPWR,li1,188.1400,35.3600,1.799363
_11339_,VPWR,li1,198.0300,29.9200,1.798128
_11338_,VPWR,li1,195.2700,29.9200,1.798216
_11337_,VPWR,li1,199.4100,29.9200,1.798042
_11336_,VPWR,li1,200.3300,19.0400,1.797842
_11335_,VPWR,li1,309.3500,19.0400,1.797743
_11334_,VPWR,li1,319.2400,19.0400,1.798377
_11333_,VPWR,li1,316.4800,24.4800,1.797090
_11332_,VPWR,li1,292.3300,24.4800,1.795245
_11331_,VPWR,li1,294.6300,24.4800,1.795405
_11330_,VPWR,li1,293.0200,29.9200,1.797834
_11329_,VPWR,li1,267.4900,24.4800,1.794295
_11328_,VPWR,li1,270.2500,24.4800,1.794349
_11327_,VPWR,li1,263.8100,29.9200,1.797277
_11326_,VPWR,li1,266.1100,29.9200,1.797308
_11325_,VPWR,li1,261.7400,29.9200,1.797281
_11324_,VPWR,li1,222.8700,29.9200,1.797351
_11323_,VPWR,li1,216.4300,35.3600,1.799021
_11322_,VPWR,li1,219.1900,35.3600,1.799017
_11321_,VPWR,li1,221.7200,40.8000,1.799359
_11320_,VPWR,li1,206.7700,35.3600,1.799099
_11319_,VPWR,li1,205.3900,62.5600,1.799747
_11318_,VPWR,li1,201.7100,57.1200,1.799779
_11317_,VPWR,li1,202.8600,73.4400,1.799777
_11316_,VPWR,li1,179.1700,62.5600,1.799863
_11315_,VPWR,li1,176.4100,78.8800,1.799940
_11314_,VPWR,li1,179.4000,78.8800,1.799926
_11313_,VPWR,li1,177.1000,84.3200,1.799902
_11312_,VPWR,li1,143.2900,84.3200,1.799792
_11311_,VPWR,li1,139.6100,95.2000,1.799883
_11310_,VPWR,li1,142.3700,95.2000,1.799887
_11309_,VPWR,li1,145.8200,95.2000,1.799892
_11308_,VPWR,li1,110.6300,95.2000,1.799867
_11307_,VPWR,li1,105.5700,100.6400,1.799934
_11306_,VPWR,li1,106.7200,100.6400,1.799934
_11305_,VPWR,li1,110.8600,100.6400,1.799934
_11304_,VPWR,li1,89.0100,106.0800,1.799890
_11303_,VPWR,li1,75.2100,106.0800,1.799901
_11302_,VPWR,li1,77.0500,100.6400,1.799943
_11301_,VPWR,li1,76.3600,106.0800,1.799901
_11300_,VPWR,li1,73.3700,106.0800,1.799903
_11299_,VPWR,li1,71.9900,106.0800,1.799905
_11298_,VPWR,li1,85.5600,106.0800,1.799892
_11297_,VPWR,li1,104.6500,95.2000,1.799867
_11296_,VPWR,li1,99.1300,95.2000,1.799867
_11295_,VPWR,li1,99.8200,100.6400,1.799936
_11294_,VPWR,li1,97.7500,95.2000,1.799868
_11293_,VPWR,li1,95.4500,89.7600,1.799835
_11292_,VPWR,li1,93.1500,89.7600,1.799835
_11291_,VPWR,li1,88.7800,95.2000,1.799871
_11290_,VPWR,li1,95.9100,95.2000,1.799868
_11289_,VPWR,li1,99.5900,100.6400,1.799936
_11288_,VPWR,li1,116.8400,95.2000,1.799869
_11287_,VPWR,li1,135.9300,84.3200,1.799774
_11286_,VPWR,li1,129.4900,84.3200,1.799763
_11285_,VPWR,li1,130.8700,78.8800,1.799904
_11284_,VPWR,li1,121.6700,78.8800,1.799901
_11283_,VPWR,li1,118.4500,89.7600,1.799848
_11282_,VPWR,li1,121.6700,84.3200,1.799752
_11281_,VPWR,li1,117.5300,84.3200,1.799749
_11280_,VPWR,li1,115.6900,84.3200,1.799745
_11279_,VPWR,li1,117.9900,84.3200,1.799749
_11278_,VPWR,li1,119.3700,78.8800,1.799900
_11277_,VPWR,li1,117.5300,73.4400,1.799883
_11276_,VPWR,li1,115.6900,78.8800,1.799899
_11275_,VPWR,li1,114.3100,78.8800,1.799899
_11274_,VPWR,li1,115.4600,73.4400,1.799884
_11273_,VPWR,li1,110.6300,73.4400,1.799885
_11272_,VPWR,li1,130.1800,95.2000,1.799876
_11271_,VPWR,li1,137.5400,78.8800,1.799908
_11270_,VPWR,li1,172.2700,62.5600,1.799882
_11269_,VPWR,li1,167.6700,62.5600,1.799871
_11268_,VPWR,li1,169.2800,62.5600,1.799871
_11267_,VPWR,li1,154.7900,62.5600,1.799840
_11266_,VPWR,li1,150.1900,62.5600,1.799828
_11265_,VPWR,li1,152.9500,62.5600,1.799834
_11264_,VPWR,li1,152.2600,68.0000,1.799885
_11263_,VPWR,li1,136.8500,68.0000,1.799869
_11262_,VPWR,li1,130.8700,68.0000,1.799866
_11261_,VPWR,li1,133.6300,68.0000,1.799867
_11260_,VPWR,li1,126.2700,68.0000,1.799864
_11259_,VPWR,li1,123.0500,68.0000,1.799862
_11258_,VPWR,li1,120.2900,68.0000,1.799861
_11257_,VPWR,li1,126.0400,73.4400,1.799882
_11256_,VPWR,li1,131.3300,73.4400,1.799882
_11255_,VPWR,li1,141.2200,68.0000,1.799873
_11254_,VPWR,li1,150.6500,51.6800,1.799926
_11253_,VPWR,li1,153.8700,51.6800,1.799929
_11252_,VPWR,li1,151.5700,57.1200,1.799597
_11251_,VPWR,li1,161.6900,57.1200,1.799708
_11250_,VPWR,li1,129.9500,51.6800,1.799911
_11249_,VPWR,li1,132.2500,51.6800,1.799912
_11248_,VPWR,li1,125.8100,51.6800,1.799908
_11247_,VPWR,li1,143.7500,51.6800,1.799920
_11246_,VPWR,li1,146.0500,51.6800,1.799922
_11245_,VPWR,li1,143.2900,51.6800,1.799920
_11244_,VPWR,li1,143.5200,46.2400,1.799845
_11243_,VPWR,li1,139.6100,51.6800,1.799918
_11242_,VPWR,li1,170.2000,78.8800,1.799934
_11241_,VPWR,li1,174.3400,68.0000,1.799922
_11240_,VPWR,li1,201.7100,40.8000,1.799522
_11239_,VPWR,li1,199.8700,35.3600,1.799184
_11238_,VPWR,li1,195.7300,35.3600,1.799236
_11237_,VPWR,li1,195.7300,35.3600,1.799236
_11236_,VPWR,li1,191.1300,35.3600,1.799299
_11235_,VPWR,li1,186.9900,40.8000,1.799712
_11234_,VPWR,li1,189.7500,40.8000,1.799675
_11233_,VPWR,li1,201.0200,51.6800,1.799873
_11232_,VPWR,li1,181.0100,40.8000,1.799775
_11231_,VPWR,li1,171.3500,46.2400,1.799866
_11230_,VPWR,li1,174.5700,46.2400,1.799869
_11229_,VPWR,li1,168.1300,46.2400,1.799863
_11228_,VPWR,li1,161.2300,46.2400,1.799857
_11227_,VPWR,li1,163.9900,46.2400,1.799859
_11226_,VPWR,li1,171.5800,46.2400,1.799866
_11225_,VPWR,li1,192.5100,51.6800,1.799902
_11224_,VPWR,li1,171.5800,51.6800,1.799950
_11223_,VPWR,li1,181.2400,46.2400,1.799812
_11222_,VPWR,li1,200.7900,24.4800,1.795382
_11221_,VPWR,li1,197.1100,19.0400,1.797854
_11220_,VPWR,li1,203.3200,19.0400,1.797814
_11219_,VPWR,li1,207.9200,19.0400,1.797785
_11218_,VPWR,li1,166.7500,19.0400,1.798223
_11217_,VPWR,li1,163.9900,19.0400,1.797983
_11216_,VPWR,li1,170.2000,19.0400,1.798384
_11215_,VPWR,li1,166.5200,19.0400,1.798223
_11214_,VPWR,li1,167.6700,13.6000,1.799431
_11213_,VPWR,li1,175.2600,13.6000,1.799629
_11212_,VPWR,li1,142.3700,19.0400,1.797139
_11211_,VPWR,li1,142.6000,13.6000,1.798956
_11210_,VPWR,li1,140.0700,19.0400,1.797091
_11209_,VPWR,li1,141.4500,13.6000,1.798931
_11208_,VPWR,li1,140.3000,13.6000,1.798931
_11207_,VPWR,li1,136.3900,13.6000,1.798889
_11206_,VPWR,li1,114.7700,19.0400,1.796925
_11205_,VPWR,li1,195.0400,73.4400,1.799820
_11204_,VPWR,li1,206.0800,40.8000,1.799479
_11203_,VPWR,li1,217.8100,29.9200,1.797411
_11202_,VPWR,li1,220.5700,29.9200,1.797378
_11201_,VPWR,li1,219.4200,29.9200,1.797411
_11200_,VPWR,li1,225.4000,19.0400,1.797688
_11199_,VPWR,li1,260.3600,24.4800,1.794320
_11198_,VPWR,li1,328.2100,19.0400,1.799064
_11197_,VPWR,li1,324.7600,19.0400,1.798816
_11196_,VPWR,li1,321.5400,19.0400,1.798547
_11195_,VPWR,li1,303.1400,24.4800,1.795955
_11194_,VPWR,li1,305.6700,24.4800,1.796176
_11193_,VPWR,li1,290.4900,29.9200,1.797740
_11192_,VPWR,li1,285.8900,29.9200,1.797625
_11191_,VPWR,li1,287.5000,24.4800,1.795027
_11190_,VPWR,li1,286.1200,29.9200,1.797625
_11189_,VPWR,li1,265.1900,29.9200,1.797277
_11188_,VPWR,li1,258.7500,35.3600,1.799044
_11187_,VPWR,li1,261.0500,35.3600,1.799060
_11186_,VPWR,li1,260.8200,46.2400,1.799364
_11185_,VPWR,li1,229.7700,40.8000,1.799333
_11184_,VPWR,li1,219.1900,46.2400,1.799513
_11183_,VPWR,li1,221.9500,46.2400,1.799500
_11182_,VPWR,li1,219.8800,68.0000,1.799710
_11181_,VPWR,li1,204.4700,73.4400,1.799771
_11180_,VPWR,li1,200.7900,78.8800,1.799861
_11179_,VPWR,li1,203.5500,78.8800,1.799856
_11178_,VPWR,li1,202.8600,84.3200,1.799831
_11177_,VPWR,li1,179.6300,84.3200,1.799892
_11176_,VPWR,li1,173.6500,89.7600,1.799927
_11175_,VPWR,li1,176.4100,89.7600,1.799931
_11174_,VPWR,li1,174.8000,95.2000,1.799956
_11173_,VPWR,li1,145.5900,95.2000,1.799892
_11172_,VPWR,li1,142.8300,95.2000,1.799887
_11171_,VPWR,li1,140.5300,95.2000,1.799883
_11170_,VPWR,li1,141.9100,100.6400,1.799946
_11169_,VPWR,li1,148.1200,100.6400,1.799950
_11168_,VPWR,li1,115.6900,100.6400,1.799935
_11167_,VPWR,li1,120.7500,106.0800,1.799876
_11166_,VPWR,li1,120.0600,106.0800,1.799877
_11165_,VPWR,li1,88.5500,100.6400,1.799939
_11164_,VPWR,li1,98.2100,100.6400,1.799936
_11163_,VPWR,li1,98.4400,106.0800,1.799885
_11162_,VPWR,li1,93.8400,106.0800,1.799887
_11161_,VPWR,li1,96.1400,100.6400,1.799936
_11160_,VPWR,li1,93.1500,100.6400,1.799937
_11159_,VPWR,li1,132.7100,95.2000,1.799878
_11158_,VPWR,li1,128.1100,95.2000,1.799875
_11157_,VPWR,li1,130.8700,95.2000,1.799876
_11156_,VPWR,li1,121.6700,95.2000,1.799871
_11155_,VPWR,li1,119.8300,95.2000,1.799870
_11154_,VPWR,li1,117.5300,95.2000,1.799869
_11153_,VPWR,li1,124.6600,95.2000,1.799873
_11152_,VPWR,li1,113.8500,95.2000,1.799868
_11151_,VPWR,li1,133.6300,100.6400,1.799942
_11150_,VPWR,li1,153.6400,95.2000,1.799908
_11149_,VPWR,li1,175.0300,84.3200,1.799912
_11148_,VPWR,li1,167.2100,84.3200,1.799880
_11147_,VPWR,li1,164.9100,84.3200,1.799867
_11146_,VPWR,li1,140.0700,84.3200,1.799785
_11145_,VPWR,li1,137.3100,84.3200,1.799779
_11144_,VPWR,li1,140.0700,84.3200,1.799785
_11143_,VPWR,li1,146.5100,84.3200,1.799798
_11142_,VPWR,li1,128.1100,84.3200,1.799763
_11141_,VPWR,li1,130.4100,84.3200,1.799767
_11140_,VPWR,li1,123.5100,84.3200,1.799756
_11139_,VPWR,li1,133.1700,78.8800,1.799906
_11138_,VPWR,li1,133.6300,73.4400,1.799882
_11137_,VPWR,li1,132.2500,73.4400,1.799882
_11136_,VPWR,li1,128.1100,73.4400,1.799882
_11135_,VPWR,li1,129.4900,73.4400,1.799882
_11134_,VPWR,li1,171.5800,95.2000,1.799950
_11133_,VPWR,li1,172.2700,84.3200,1.799900
_11132_,VPWR,li1,200.7900,73.4400,1.799786
_11131_,VPWR,li1,190.6700,73.4400,1.799841
_11130_,VPWR,li1,191.8200,73.4400,1.799829
_11129_,VPWR,li1,176.4100,73.4400,1.799912
_11128_,VPWR,li1,174.1100,68.0000,1.799922
_11127_,VPWR,li1,177.1000,68.0000,1.799906
_11126_,VPWR,li1,171.3500,68.0000,1.799913
_11125_,VPWR,li1,172.0400,73.4400,1.799922
_11124_,VPWR,li1,154.7900,68.0000,1.799887
_11123_,VPWR,li1,150.1900,73.4400,1.799892
_11122_,VPWR,li1,152.9500,73.4400,1.799896
_11121_,VPWR,li1,145.1300,68.0000,1.799877
_11120_,VPWR,li1,141.9100,68.0000,1.799873
_11119_,VPWR,li1,145.5900,73.4400,1.799887
_11118_,VPWR,li1,138.0000,68.0000,1.799871
_11117_,VPWR,li1,152.9500,73.4400,1.799896
_11116_,VPWR,li1,158.4700,68.0000,1.799893
_11115_,VPWR,li1,175.0300,57.1200,1.799856
_11114_,VPWR,li1,171.3500,57.1200,1.799797
_11113_,VPWR,li1,169.7400,57.1200,1.799797
_11112_,VPWR,li1,167.2100,57.1200,1.799754
_11111_,VPWR,li1,178.2500,51.6800,1.799943
_11110_,VPWR,li1,162.1500,51.6800,1.799938
_11109_,VPWR,li1,163.9900,57.1200,1.799728
_11108_,VPWR,li1,155.2500,57.1200,1.799637
_11107_,VPWR,li1,163.5300,57.1200,1.799728
_11106_,VPWR,li1,158.0100,51.6800,1.799934
_11105_,VPWR,li1,135.9300,51.6800,1.799915
_11104_,VPWR,li1,167.6700,51.6800,1.799943
_11103_,VPWR,li1,181.9300,51.6800,1.799934
_11102_,VPWR,li1,169.5100,46.2400,1.799863
_11101_,VPWR,li1,166.7500,46.2400,1.799861
_11100_,VPWR,li1,163.5300,46.2400,1.799859
_11099_,VPWR,li1,189.5200,78.8800,1.799895
_11098_,VPWR,li1,201.0200,68.0000,1.799784
_11097_,VPWR,li1,226.5500,40.8000,1.799340
_11096_,VPWR,li1,221.9500,35.3600,1.799017
_11095_,VPWR,li1,216.4300,40.8000,1.799395
_11094_,VPWR,li1,218.7300,40.8000,1.799379
_11093_,VPWR,li1,213.6700,40.8000,1.799416
_11092_,VPWR,li1,209.0700,40.8000,1.799457
_11091_,VPWR,li1,209.0700,46.2400,1.799597
_11090_,VPWR,li1,208.6100,40.8000,1.799457
_11089_,VPWR,li1,227.9300,46.2400,1.799476
_11088_,VPWR,li1,204.0100,51.6800,1.799865
_11087_,VPWR,li1,198.4900,51.6800,1.799884
_11086_,VPWR,li1,202.6300,51.6800,1.799873
_11085_,VPWR,li1,189.7500,46.2400,1.799754
_11084_,VPWR,li1,192.7400,46.2400,1.799718
_11083_,VPWR,li1,184.2300,46.2400,1.799796
_11082_,VPWR,li1,196.8800,46.2400,1.799685
_11081_,VPWR,li1,200.3300,51.6800,1.799879
_11080_,VPWR,li1,188.6000,51.6800,1.799911
_11079_,VPWR,li1,191.3600,46.2400,1.799740
_11078_,VPWR,li1,195.9600,57.1200,1.799798
_11077_,VPWR,li1,212.0600,51.6800,1.799847
_11076_,VPWR,li1,222.4100,19.0400,1.797700
_11075_,VPWR,li1,220.1100,19.0400,1.797720
_11074_,VPWR,li1,217.3500,19.0400,1.797738
_11073_,VPWR,li1,228.8500,19.0400,1.797674
_11072_,VPWR,li1,213.6700,19.0400,1.797750
_11071_,VPWR,li1,204.9300,19.0400,1.797814
_11070_,VPWR,li1,210.2200,19.0400,1.797771
_11069_,VPWR,li1,213.9000,19.0400,1.797750
_11068_,VPWR,li1,210.9100,13.6000,1.799459
_11067_,VPWR,li1,207.2300,13.6000,1.799457
_11066_,VPWR,li1,209.0700,13.6000,1.799458
_11065_,VPWR,li1,218.5000,13.6000,1.799465
_11064_,VPWR,li1,178.7100,13.6000,1.799591
_11063_,VPWR,li1,184.2300,13.6000,1.799553
_11062_,VPWR,li1,182.8500,13.6000,1.799570
_11061_,VPWR,li1,176.6400,13.6000,1.799609
_11060_,VPWR,li1,171.8100,13.6000,1.799559
_11059_,VPWR,li1,213.9000,62.5600,1.799743
_11058_,VPWR,li1,237.5900,40.8000,1.799345
_11057_,VPWR,li1,257.3700,24.4800,1.794326
_11056_,VPWR,li1,254.1500,24.4800,1.794336
_11055_,VPWR,li1,255.0700,29.9200,1.797292
_11054_,VPWR,li1,244.7200,19.0400,1.797590
_11053_,VPWR,li1,254.8400,40.8000,1.799396
_11052_,VPWR,li1,330.9700,19.0400,1.799058
_11051_,VPWR,li1,330.0500,24.4800,1.798567
_11050_,VPWR,li1,331.8900,24.4800,1.798565
_11049_,VPWR,li1,342.7000,35.3600,1.799616
_11048_,VPWR,li1,324.9900,24.4800,1.798196
_11047_,VPWR,li1,308.4300,29.9200,1.798443
_11046_,VPWR,li1,303.8300,29.9200,1.798252
_11045_,VPWR,li1,304.2900,29.9200,1.798252
_11044_,VPWR,li1,300.6100,29.9200,1.798064
_11043_,VPWR,li1,301.0700,29.9200,1.798138
_11042_,VPWR,li1,305.4400,35.3600,1.799373
_11041_,VPWR,li1,299.2300,29.9200,1.798064
_11040_,VPWR,li1,286.1200,35.3600,1.799217
_11039_,VPWR,li1,290.2600,29.9200,1.797740
_11038_,VPWR,li1,280.8300,51.6800,1.799732
_11037_,VPWR,li1,281.9800,46.2400,1.799415
_11036_,VPWR,li1,261.2800,46.2400,1.799364
_11035_,VPWR,li1,264.7300,46.2400,1.799369
_11034_,VPWR,li1,259.4400,68.0000,1.799671
_11033_,VPWR,li1,256.2200,68.0000,1.799669
_11032_,VPWR,li1,223.1000,68.0000,1.799705
_11031_,VPWR,li1,220.3400,62.5600,1.799741
_11030_,VPWR,li1,219.4200,84.3200,1.799803
_11029_,VPWR,li1,218.9600,78.8800,1.799834
_11028_,VPWR,li1,206.0800,84.3200,1.799824
_11027_,VPWR,li1,203.7800,84.3200,1.799831
_11026_,VPWR,li1,203.0900,89.7600,1.799814
_11025_,VPWR,li1,203.3200,95.2000,1.799922
_11024_,VPWR,li1,178.0200,95.2000,1.799950
_11023_,VPWR,li1,175.2600,95.2000,1.799956
_11022_,VPWR,li1,173.8800,100.6400,1.799974
_11021_,VPWR,li1,176.1800,100.6400,1.799971
_11020_,VPWR,li1,188.6000,106.0800,1.799917
_11019_,VPWR,li1,145.3600,100.6400,1.799949
_11018_,VPWR,li1,143.0600,100.6400,1.799947
_11017_,VPWR,li1,143.5200,106.0800,1.799877
_11016_,VPWR,li1,145.8200,106.0800,1.799877
_11015_,VPWR,li1,128.3400,106.0800,1.799875
_11014_,VPWR,li1,125.5800,106.0800,1.799875
_11013_,VPWR,li1,123.5100,106.0800,1.799876
_11012_,VPWR,li1,130.8700,106.0800,1.799876
_11011_,VPWR,li1,136.8500,100.6400,1.799944
_11010_,VPWR,li1,139.1500,100.6400,1.799945
_11009_,VPWR,li1,133.4000,106.0800,1.799876
_11008_,VPWR,li1,130.4100,100.6400,1.799941
_11007_,VPWR,li1,130.4100,100.6400,1.799941
_11006_,VPWR,li1,169.0500,95.2000,1.799944
_11005_,VPWR,li1,164.9100,95.2000,1.799930
_11004_,VPWR,li1,166.0600,95.2000,1.799936
_11003_,VPWR,li1,158.4700,95.2000,1.799919
_11002_,VPWR,li1,156.1700,95.2000,1.799914
_11001_,VPWR,li1,153.8700,95.2000,1.799908
_11000_,VPWR,li1,154.1000,100.6400,1.799956
_10999_,VPWR,li1,164.9100,100.6400,1.799965
_10998_,VPWR,li1,179.6300,100.6400,1.799967
_10997_,VPWR,li1,191.5900,84.3200,1.799857
_10996_,VPWR,li1,188.3700,84.3200,1.799866
_10995_,VPWR,li1,186.3000,84.3200,1.799873
_10994_,VPWR,li1,184.2300,84.3200,1.799879
_10993_,VPWR,li1,170.2000,84.3200,1.799892
_10992_,VPWR,li1,168.3600,78.8800,1.799932
_10991_,VPWR,li1,168.8200,84.3200,1.799880
_10990_,VPWR,li1,171.1200,84.3200,1.799892
_10989_,VPWR,li1,190.6700,89.7600,1.799867
_10988_,VPWR,li1,151.1100,84.3200,1.799820
_10987_,VPWR,li1,152.9500,84.3200,1.799826
_10986_,VPWR,li1,149.2700,84.3200,1.799813
_10985_,VPWR,li1,153.4100,84.3200,1.799826
_10984_,VPWR,li1,124.8900,84.3200,1.799756
_10983_,VPWR,li1,162.1500,78.8800,1.799927
_10982_,VPWR,li1,158.9300,78.8800,1.799923
_10981_,VPWR,li1,159.1600,78.8800,1.799923
_10980_,VPWR,li1,156.1700,78.8800,1.799921
_10979_,VPWR,li1,152.9500,78.8800,1.799918
_10978_,VPWR,li1,184.0000,95.2000,1.799943
_10977_,VPWR,li1,193.2000,84.3200,1.799857
_10976_,VPWR,li1,215.0500,68.0000,1.799725
_10975_,VPWR,li1,209.9900,68.0000,1.799743
_10974_,VPWR,li1,207.0000,68.0000,1.799756
_10973_,VPWR,li1,204.0100,68.0000,1.799770
_10972_,VPWR,li1,200.7900,68.0000,1.799784
_10971_,VPWR,li1,203.7800,68.0000,1.799770
_10970_,VPWR,li1,221.7200,73.4400,1.799748
_10969_,VPWR,li1,179.6300,73.4400,1.799900
_10968_,VPWR,li1,166.2900,73.4400,1.799914
_10967_,VPWR,li1,169.0500,73.4400,1.799917
_10966_,VPWR,li1,161.6900,73.4400,1.799908
_10965_,VPWR,li1,97.7500,68.0000,1.799860
_10964_,VPWR,li1,162.1500,68.0000,1.799899
_10963_,VPWR,li1,164.4500,73.4400,1.799911
_10962_,VPWR,li1,164.2200,68.0000,1.799902
_10961_,VPWR,li1,161.2300,89.7600,1.799904
_10960_,VPWR,li1,213.2100,78.8800,1.799843
_10959_,VPWR,li1,197.1100,62.5600,1.799781
_10958_,VPWR,li1,191.5900,62.5600,1.799809
_10957_,VPWR,li1,192.7400,62.5600,1.799800
_10956_,VPWR,li1,184.9200,68.0000,1.799872
_10955_,VPWR,li1,183.7700,57.1200,1.799830
_10954_,VPWR,li1,186.9900,57.1200,1.799824
_10953_,VPWR,li1,180.7800,57.1200,1.799839
_10952_,VPWR,li1,178.7100,57.1200,1.799845
_10951_,VPWR,li1,181.9300,57.1200,1.799839
_10950_,VPWR,li1,197.5700,57.1200,1.799792
_10949_,VPWR,li1,192.5100,57.1200,1.799804
_10948_,VPWR,li1,206.7700,57.1200,1.799771
_10947_,VPWR,li1,193.6600,57.1200,1.799804
_10946_,VPWR,li1,187.4500,57.1200,1.799819
_10945_,VPWR,li1,190.6700,57.1200,1.799810
_10944_,VPWR,li1,211.6000,84.3200,1.799814
_10943_,VPWR,li1,232.7600,68.0000,1.799689
_10942_,VPWR,li1,258.7500,46.2400,1.799368
_10941_,VPWR,li1,255.5300,46.2400,1.799375
_10940_,VPWR,li1,252.5400,40.8000,1.799389
_10939_,VPWR,li1,244.4900,40.8000,1.799364
_10938_,VPWR,li1,241.7300,40.8000,1.799357
_10937_,VPWR,li1,239.4300,40.8000,1.799351
_10936_,VPWR,li1,236.2100,40.8000,1.799345
_10935_,VPWR,li1,246.1000,46.2400,1.799408
_10934_,VPWR,li1,231.1500,46.2400,1.799462
_10933_,VPWR,li1,225.1700,46.2400,1.799492
_10932_,VPWR,li1,227.4700,46.2400,1.799476
_10931_,VPWR,li1,218.2700,51.6800,1.799833
_10930_,VPWR,li1,232.3000,51.6800,1.799804
_10929_,VPWR,li1,213.6700,51.6800,1.799843
_10928_,VPWR,li1,216.4300,51.6800,1.799837
_10927_,VPWR,li1,210.2200,51.6800,1.799852
_10926_,VPWR,li1,207.2300,51.6800,1.799860
_10925_,VPWR,li1,200.5600,46.2400,1.799669
_10924_,VPWR,li1,206.3100,46.2400,1.799612
_10923_,VPWR,li1,200.7900,46.2400,1.799654
_10922_,VPWR,li1,197.1100,46.2400,1.799685
_10921_,VPWR,li1,216.4300,57.1200,1.799756
_10920_,VPWR,li1,227.7000,57.1200,1.799743
_10919_,VPWR,li1,239.6600,46.2400,1.799430
_10918_,VPWR,li1,243.1100,24.4800,1.794385
_10917_,VPWR,li1,242.1900,19.0400,1.797601
_10916_,VPWR,li1,244.9500,19.0400,1.797590
_10915_,VPWR,li1,255.7600,13.6000,1.799521
_10914_,VPWR,li1,239.8900,19.0400,1.797613
_10913_,VPWR,li1,235.9800,13.6000,1.799483
_10912_,VPWR,li1,238.9700,13.6000,1.799490
_10911_,VPWR,li1,231.1500,19.0400,1.797664
_10910_,VPWR,li1,233.9100,19.0400,1.797642
_10909_,VPWR,li1,232.9900,24.4800,1.794433
_10908_,VPWR,li1,226.5500,13.6000,1.799472
_10907_,VPWR,li1,230.6900,13.6000,1.799477
_10906_,VPWR,li1,222.1800,13.6000,1.799468
_10905_,VPWR,li1,219.1900,13.6000,1.799465
_10904_,VPWR,li1,215.5100,13.6000,1.799463
_10903_,VPWR,li1,237.8200,19.0400,1.797624
_10902_,VPWR,li1,238.9700,19.0400,1.797624
_10901_,VPWR,li1,241.0400,13.6000,1.799493
_10900_,VPWR,li1,254.6100,24.4800,1.794336
_10899_,VPWR,li1,256.9100,24.4800,1.794326
_10898_,VPWR,li1,258.7500,24.4800,1.794320
_10897_,VPWR,li1,269.1000,19.0400,1.797491
_10896_,VPWR,li1,247.7100,19.0400,1.797576
_10895_,VPWR,li1,253.0000,68.0000,1.799669
_10894_,VPWR,li1,261.7400,40.8000,1.799415
_10893_,VPWR,li1,288.1900,29.9200,1.797685
_10892_,VPWR,li1,282.6700,29.9200,1.797573
_10891_,VPWR,li1,280.6000,29.9200,1.797539
_10890_,VPWR,li1,282.9000,24.4800,1.794861
_10889_,VPWR,li1,343.6200,35.3600,1.799604
_10888_,VPWR,li1,343.1600,40.8000,1.799855
_10887_,VPWR,li1,344.5400,46.2400,1.799805
_10886_,VPWR,li1,341.5500,35.3600,1.799616
_10885_,VPWR,li1,346.1500,35.3600,1.799595
_10884_,VPWR,li1,326.8300,35.3600,1.799683
_10883_,VPWR,li1,325.9100,29.9200,1.799268
_10882_,VPWR,li1,325.4500,29.9200,1.799268
_10881_,VPWR,li1,325.4500,51.6800,1.799863
_10880_,VPWR,li1,308.8900,35.3600,1.799394
_10879_,VPWR,li1,304.2900,40.8000,1.799627
_10878_,VPWR,li1,307.5100,35.3600,1.799394
_10877_,VPWR,li1,307.2800,40.8000,1.799654
_10876_,VPWR,li1,305.9000,57.1200,1.799793
_10875_,VPWR,li1,284.9700,46.2400,1.799438
_10874_,VPWR,li1,287.2700,46.2400,1.799457
_10873_,VPWR,li1,279.4500,57.1200,1.799736
_10872_,VPWR,li1,279.6800,51.6800,1.799732
_10871_,VPWR,li1,281.0600,73.4400,1.799729
_10870_,VPWR,li1,262.8900,68.0000,1.799674
_10869_,VPWR,li1,260.1300,62.5600,1.799773
_10868_,VPWR,li1,257.8300,73.4400,1.799713
_10867_,VPWR,li1,260.5900,73.4400,1.799713
_10866_,VPWR,li1,260.3600,78.8800,1.799807
_10865_,VPWR,li1,221.4900,84.3200,1.799800
_10864_,VPWR,li1,222.8700,84.3200,1.799800
_10863_,VPWR,li1,217.8100,89.7600,1.799755
_10862_,VPWR,li1,220.8000,89.7600,1.799749
_10861_,VPWR,li1,219.4200,95.2000,1.799914
_10860_,VPWR,li1,206.7700,89.7600,1.799795
_10859_,VPWR,li1,206.3100,95.2000,1.799919
_10858_,VPWR,li1,207.2300,95.2000,1.799919
_10857_,VPWR,li1,204.2400,95.2000,1.799922
_10856_,VPWR,li1,213.4400,100.6400,1.799926
_10855_,VPWR,li1,191.5900,106.0800,1.799913
_10854_,VPWR,li1,189.2900,106.0800,1.799915
_10853_,VPWR,li1,192.0500,106.0800,1.799913
_10852_,VPWR,li1,205.1600,106.0800,1.799905
_10851_,VPWR,li1,167.6700,100.6400,1.799968
_10850_,VPWR,li1,164.6800,100.6400,1.799965
_10849_,VPWR,li1,162.3800,100.6400,1.799962
_10848_,VPWR,li1,158.9300,100.6400,1.799960
_10847_,VPWR,li1,161.4600,100.6400,1.799962
_10846_,VPWR,li1,186.0700,95.2000,1.799940
_10845_,VPWR,li1,183.0800,95.2000,1.799943
_10844_,VPWR,li1,184.0000,100.6400,1.799960
_10843_,VPWR,li1,186.5300,100.6400,1.799957
_10842_,VPWR,li1,181.4700,100.6400,1.799963
_10841_,VPWR,li1,182.3900,100.6400,1.799963
_10840_,VPWR,li1,179.1700,100.6400,1.799967
_10839_,VPWR,li1,180.0900,106.0800,1.799925
_10838_,VPWR,li1,205.8500,100.6400,1.799934
_10837_,VPWR,li1,214.5900,84.3200,1.799809
_10836_,VPWR,li1,209.5300,84.3200,1.799819
_10835_,VPWR,li1,212.7500,84.3200,1.799814
_10834_,VPWR,li1,194.8100,84.3200,1.799850
_10833_,VPWR,li1,195.2700,84.3200,1.799850
_10832_,VPWR,li1,197.8000,89.7600,1.799832
_10831_,VPWR,li1,195.7300,89.7600,1.799841
_10830_,VPWR,li1,230.9200,84.3200,1.799799
_10829_,VPWR,li1,194.5800,95.2000,1.799930
_10828_,VPWR,li1,197.1100,89.7600,1.799841
_10827_,VPWR,li1,191.1300,95.2000,1.799935
_10826_,VPWR,li1,192.0500,95.2000,1.799935
_10825_,VPWR,li1,193.8900,89.7600,1.799849
_10824_,VPWR,li1,150.6500,95.2000,1.799900
_10823_,VPWR,li1,162.1500,84.3200,1.799859
_10822_,VPWR,li1,158.2400,89.7600,1.799898
_10821_,VPWR,li1,157.5500,84.3200,1.799842
_10820_,VPWR,li1,156.1700,89.7600,1.799893
_10819_,VPWR,li1,159.3900,84.3200,1.799850
_10818_,VPWR,li1,152.9500,89.7600,1.799889
_10817_,VPWR,li1,149.5000,89.7600,1.799886
_10816_,VPWR,li1,214.1300,78.8800,1.799843
_10815_,VPWR,li1,240.3500,84.3200,1.799807
_10814_,VPWR,li1,250.4700,68.0000,1.799670
_10813_,VPWR,li1,245.4100,73.4400,1.799721
_10812_,VPWR,li1,246.5600,68.0000,1.799673
_10811_,VPWR,li1,239.4300,68.0000,1.799680
_10810_,VPWR,li1,232.0700,68.0000,1.799689
_10809_,VPWR,li1,230.2300,68.0000,1.799692
_10808_,VPWR,li1,234.3700,68.0000,1.799686
_10807_,VPWR,li1,235.7500,68.0000,1.799686
_10806_,VPWR,li1,226.5500,73.4400,1.799743
_10805_,VPWR,li1,223.3300,68.0000,1.799705
_10804_,VPWR,li1,222.1800,73.4400,1.799748
_10803_,VPWR,li1,220.1100,73.4400,1.799752
_10802_,VPWR,li1,213.6700,73.4400,1.799758
_10801_,VPWR,li1,216.8900,73.4400,1.799754
_10800_,VPWR,li1,213.6700,73.4400,1.799758
_10799_,VPWR,li1,210.4500,73.4400,1.799765
_10798_,VPWR,li1,230.2300,78.8800,1.799825
_10797_,VPWR,li1,231.1500,57.1200,1.799739
_10796_,VPWR,li1,233.4500,57.1200,1.799737
_10795_,VPWR,li1,228.8500,57.1200,1.799741
_10794_,VPWR,li1,230.6900,57.1200,1.799739
_10793_,VPWR,li1,249.0900,57.1200,1.799729
_10792_,VPWR,li1,188.3700,68.0000,1.799846
_10791_,VPWR,li1,160.3100,68.0000,1.799896
_10790_,VPWR,li1,156.8600,68.0000,1.799891
_10789_,VPWR,li1,186.5300,73.4400,1.799858
_10788_,VPWR,li1,189.2900,73.4400,1.799841
_10787_,VPWR,li1,189.0600,68.0000,1.799846
_10786_,VPWR,li1,186.9900,68.0000,1.799858
_10785_,VPWR,li1,221.4900,57.1200,1.799749
_10784_,VPWR,li1,219.4200,57.1200,1.799752
_10783_,VPWR,li1,215.0500,57.1200,1.799759
_10782_,VPWR,li1,221.0300,62.5600,1.799741
_10781_,VPWR,li1,247.4800,78.8800,1.799812
_10780_,VPWR,li1,248.1700,68.0000,1.799671
_10779_,VPWR,li1,282.2100,40.8000,1.799505
_10778_,VPWR,li1,284.5100,40.8000,1.799517
_10777_,VPWR,li1,278.0700,46.2400,1.799405
_10776_,VPWR,li1,280.8300,46.2400,1.799415
_10775_,VPWR,li1,270.7100,46.2400,1.799384
_10774_,VPWR,li1,264.2700,46.2400,1.799367
_10773_,VPWR,li1,264.2700,40.8000,1.799426
_10772_,VPWR,li1,265.6500,40.8000,1.799436
_10771_,VPWR,li1,267.2600,40.8000,1.799436
_10770_,VPWR,li1,252.3100,46.2400,1.799386
_10769_,VPWR,li1,248.1700,46.2400,1.799401
_10768_,VPWR,li1,245.8700,46.2400,1.799408
_10767_,VPWR,li1,247.7100,46.2400,1.799401
_10766_,VPWR,li1,243.1100,46.2400,1.799417
_10765_,VPWR,li1,236.6700,51.6800,1.799797
_10764_,VPWR,li1,239.4300,51.6800,1.799790
_10763_,VPWR,li1,233.9100,46.2400,1.799451
_10762_,VPWR,li1,229.3100,51.6800,1.799810
_10761_,VPWR,li1,231.3800,46.2400,1.799462
_10760_,VPWR,li1,236.4400,35.3600,1.799026
_10759_,VPWR,li1,246.1000,57.1200,1.799730
_10758_,VPWR,li1,279.9100,24.4800,1.794732
_10757_,VPWR,li1,281.7500,19.0400,1.797440
_10756_,VPWR,li1,284.7400,19.0400,1.797431
_10755_,VPWR,li1,282.4400,19.0400,1.797440
_10754_,VPWR,li1,259.2100,13.6000,1.799526
_10753_,VPWR,li1,253.6900,13.6000,1.799517
_10752_,VPWR,li1,256.4500,13.6000,1.799521
_10751_,VPWR,li1,266.3400,13.6000,1.799544
_10750_,VPWR,li1,234.8300,24.4800,1.794424
_10749_,VPWR,li1,231.1500,29.9200,1.797335
_10748_,VPWR,li1,228.3900,29.9200,1.797343
_10747_,VPWR,li1,230.2300,24.4800,1.794446
_10746_,VPWR,li1,234.1400,29.9200,1.797330
_10745_,VPWR,li1,247.7100,13.6000,1.799505
_10744_,VPWR,li1,252.0800,24.4800,1.794349
_10743_,VPWR,li1,245.4100,24.4800,1.794375
_10742_,VPWR,li1,248.6300,24.4800,1.794367
_10741_,VPWR,li1,280.3700,19.0400,1.797447
_10740_,VPWR,li1,274.8500,19.0400,1.797463
_10739_,VPWR,li1,278.9900,19.0400,1.797447
_10738_,VPWR,li1,274.6200,19.0400,1.797463
_10737_,VPWR,li1,272.0900,19.0400,1.797476
_10736_,VPWR,li1,277.1500,19.0400,1.797454
_10735_,VPWR,li1,243.1100,13.6000,1.799497
_10734_,VPWR,li1,274.8500,73.4400,1.799722
_10733_,VPWR,li1,291.6400,40.8000,1.799555
_10732_,VPWR,li1,299.6900,35.3600,1.799318
_10731_,VPWR,li1,300.6100,35.3600,1.799333
_10730_,VPWR,li1,299.4600,46.2400,1.799568
_10729_,VPWR,li1,349.3700,46.2400,1.799789
_10728_,VPWR,li1,355.5800,57.1200,1.799754
_10727_,VPWR,li1,349.1400,57.1200,1.799769
_10726_,VPWR,li1,346.6100,46.2400,1.799794
_10725_,VPWR,li1,347.5300,51.6800,1.799803
_10724_,VPWR,li1,344.3100,51.6800,1.799813
_10723_,VPWR,li1,339.0200,51.6800,1.799838
_10722_,VPWR,li1,342.4700,51.6800,1.799822
_10721_,VPWR,li1,318.3200,51.6800,1.799833
_10720_,VPWR,li1,322.4600,51.6800,1.799852
_10719_,VPWR,li1,322.4600,57.1200,1.799845
_10718_,VPWR,li1,324.9900,51.6800,1.799863
_10717_,VPWR,li1,317.8600,57.1200,1.799826
_10716_,VPWR,li1,309.1200,57.1200,1.799801
_10715_,VPWR,li1,311.4200,57.1200,1.799807
_10714_,VPWR,li1,302.2200,73.4400,1.799781
_10713_,VPWR,li1,306.3600,73.4400,1.799796
_10712_,VPWR,li1,284.2800,73.4400,1.799737
_10711_,VPWR,li1,281.9800,73.4400,1.799732
_10710_,VPWR,li1,269.3300,73.4400,1.799719
_10709_,VPWR,li1,270.0200,78.8800,1.799809
_10708_,VPWR,li1,263.5800,78.8800,1.799807
_10707_,VPWR,li1,261.2800,73.4400,1.799713
_10706_,VPWR,li1,260.3600,89.7600,1.799743
_10705_,VPWR,li1,259.2100,89.7600,1.799743
_10704_,VPWR,li1,221.2600,89.7600,1.799749
_10703_,VPWR,li1,222.4100,95.2000,1.799914
_10702_,VPWR,li1,219.4200,95.2000,1.799914
_10701_,VPWR,li1,217.1200,95.2000,1.799915
_10700_,VPWR,li1,239.6600,95.2000,1.799914
_10699_,VPWR,li1,216.6600,100.6400,1.799922
_10698_,VPWR,li1,218.9600,100.6400,1.799920
_10697_,VPWR,li1,214.8200,100.6400,1.799923
_10696_,VPWR,li1,217.1200,100.6400,1.799922
_10695_,VPWR,li1,235.9800,100.6400,1.799908
_10694_,VPWR,li1,198.7200,106.0800,1.799908
_10693_,VPWR,li1,203.5500,106.0800,1.799905
_10692_,VPWR,li1,201.4800,106.0800,1.799906
_10691_,VPWR,li1,196.6500,106.0800,1.799909
_10690_,VPWR,li1,205.3900,106.0800,1.799904
_10689_,VPWR,li1,209.9900,100.6400,1.799928
_10688_,VPWR,li1,207.9200,106.0800,1.799903
_10687_,VPWR,li1,202.6300,100.6400,1.799936
_10686_,VPWR,li1,200.7900,100.6400,1.799940
_10685_,VPWR,li1,212.7500,100.6400,1.799926
_10684_,VPWR,li1,214.5900,95.2000,1.799916
_10683_,VPWR,li1,212.7500,89.7600,1.799777
_10682_,VPWR,li1,184.6900,89.7600,1.799889
_10681_,VPWR,li1,182.3900,89.7600,1.799900
_10680_,VPWR,li1,182.1600,89.7600,1.799900
_10679_,VPWR,li1,223.7900,95.2000,1.799914
_10678_,VPWR,li1,252.3100,78.8800,1.799809
_10677_,VPWR,li1,246.3300,78.8800,1.799813
_10676_,VPWR,li1,246.1000,84.3200,1.799813
_10675_,VPWR,li1,244.0300,84.3200,1.799811
_10674_,VPWR,li1,237.8200,84.3200,1.799804
_10673_,VPWR,li1,235.5200,78.8800,1.799820
_10672_,VPWR,li1,239.2000,84.3200,1.799804
_10671_,VPWR,li1,241.5000,84.3200,1.799807
_10670_,VPWR,li1,245.6400,84.3200,1.799811
_10669_,VPWR,li1,235.9800,89.7600,1.799715
_10668_,VPWR,li1,239.4300,89.7600,1.799718
_10667_,VPWR,li1,232.7600,89.7600,1.799712
_10666_,VPWR,li1,227.4700,89.7600,1.799726
_10665_,VPWR,li1,159.3900,89.7600,1.799901
_10664_,VPWR,li1,234.8300,84.3200,1.799801
_10663_,VPWR,li1,232.5300,78.8800,1.799822
_10662_,VPWR,li1,233.6800,84.3200,1.799801
_10661_,VPWR,li1,223.7900,78.8800,1.799830
_10660_,VPWR,li1,227.0100,78.8800,1.799828
_10659_,VPWR,li1,238.5100,78.8800,1.799819
_10658_,VPWR,li1,253.0000,78.8800,1.799809
_10657_,VPWR,li1,277.6100,73.4400,1.799726
_10656_,VPWR,li1,277.8400,68.0000,1.799727
_10655_,VPWR,li1,275.0800,68.0000,1.799719
_10654_,VPWR,li1,269.3300,68.0000,1.799702
_10653_,VPWR,li1,272.3200,68.0000,1.799709
_10652_,VPWR,li1,252.3100,68.0000,1.799669
_10651_,VPWR,li1,249.5500,62.5600,1.799763
_10650_,VPWR,li1,244.0300,68.0000,1.799675
_10649_,VPWR,li1,244.2600,62.5600,1.799758
_10648_,VPWR,li1,237.1300,68.0000,1.799683
_10647_,VPWR,li1,235.7500,68.0000,1.799686
_10646_,VPWR,li1,232.7600,73.4400,1.799735
_10645_,VPWR,li1,224.9400,62.5600,1.799743
_10644_,VPWR,li1,228.1600,62.5600,1.799746
_10643_,VPWR,li1,245.4100,57.1200,1.799730
_10642_,VPWR,li1,246.7900,51.6800,1.799778
_10641_,VPWR,li1,248.8600,57.1200,1.799729
_10640_,VPWR,li1,250.9300,51.6800,1.799772
_10639_,VPWR,li1,264.9600,51.6800,1.799750
_10638_,VPWR,li1,253.4600,57.1200,1.799728
_10637_,VPWR,li1,253.4600,51.6800,1.799768
_10636_,VPWR,li1,256.9100,57.1200,1.799727
_10635_,VPWR,li1,261.9700,57.1200,1.799728
_10634_,VPWR,li1,222.8700,62.5600,1.799742
_10633_,VPWR,li1,255.5300,51.6800,1.799764
_10632_,VPWR,li1,241.0400,57.1200,1.799733
_10631_,VPWR,li1,239.8900,57.1200,1.799733
_10630_,VPWR,li1,241.2700,51.6800,1.799787
_10629_,VPWR,li1,236.6700,51.6800,1.799797
_10628_,VPWR,li1,274.1600,68.0000,1.799719
_10627_,VPWR,li1,303.8300,51.6800,1.799787
_10626_,VPWR,li1,306.8200,51.6800,1.799796
_10625_,VPWR,li1,298.3100,51.6800,1.799772
_10624_,VPWR,li1,294.6300,40.8000,1.799571
_10623_,VPWR,li1,292.3300,46.2400,1.799490
_10622_,VPWR,li1,290.2600,40.8000,1.799541
_10621_,VPWR,li1,293.0200,40.8000,1.799555
_10620_,VPWR,li1,294.4000,46.2400,1.799521
_10619_,VPWR,li1,297.6200,40.8000,1.799586
_10618_,VPWR,li1,273.9300,40.8000,1.799470
_10617_,VPWR,li1,270.7100,40.8000,1.799450
_10616_,VPWR,li1,249.0900,35.3600,1.799035
_10615_,VPWR,li1,251.3900,35.3600,1.799036
_10614_,VPWR,li1,250.4700,29.9200,1.797302
_10613_,VPWR,li1,241.2700,35.3600,1.799029
_10612_,VPWR,li1,243.5700,35.3600,1.799031
_10611_,VPWR,li1,239.2000,29.9200,1.797320
_10610_,VPWR,li1,232.5300,35.3600,1.799024
_10609_,VPWR,li1,233.9100,29.9200,1.797330
_10608_,VPWR,li1,235.2900,24.4800,1.794424
_10607_,VPWR,li1,269.3300,51.6800,1.799743
_10606_,VPWR,li1,296.9300,35.3600,1.799303
_10605_,VPWR,li1,294.6300,35.3600,1.799274
_10604_,VPWR,li1,297.3900,35.3600,1.799303
_10603_,VPWR,li1,290.4900,19.0400,1.797407
_10602_,VPWR,li1,285.6600,19.0400,1.797423
_10601_,VPWR,li1,288.4200,19.0400,1.797417
_10600_,VPWR,li1,284.0500,13.6000,1.799596
_10599_,VPWR,li1,286.8100,13.6000,1.799604
_10598_,VPWR,li1,294.8600,13.6000,1.799629
_10597_,VPWR,li1,272.0900,13.6000,1.799560
_10596_,VPWR,li1,269.3300,13.6000,1.799554
_10595_,VPWR,li1,268.8700,13.6000,1.799549
_10594_,VPWR,li1,267.2600,13.6000,1.799549
_10593_,VPWR,li1,264.2700,19.0400,1.797509
_10592_,VPWR,li1,249.5500,13.6000,1.799509
_10591_,VPWR,li1,293.0200,73.4400,1.799754
_10590_,VPWR,li1,308.2000,46.2400,1.799650
_10589_,VPWR,li1,357.8800,51.6800,1.799781
_10588_,VPWR,li1,359.0300,57.1200,1.799743
_10587_,VPWR,li1,353.9700,51.6800,1.799790
_10586_,VPWR,li1,349.1400,51.6800,1.799798
_10585_,VPWR,li1,351.9000,57.1200,1.799760
_10584_,VPWR,li1,347.5300,62.5600,1.799900
_10583_,VPWR,li1,345.2300,51.6800,1.799813
_10582_,VPWR,li1,342.2400,57.1200,1.799808
_10581_,VPWR,li1,338.5600,57.1200,1.799820
_10580_,VPWR,li1,336.7200,62.5600,1.799915
_10579_,VPWR,li1,335.5700,62.5600,1.799915
_10578_,VPWR,li1,318.0900,57.1200,1.799826
_10577_,VPWR,li1,321.7700,57.1200,1.799845
_10576_,VPWR,li1,317.6300,62.5600,1.799902
_10575_,VPWR,li1,310.5000,73.4400,1.799813
_10574_,VPWR,li1,315.7900,57.1200,1.799819
_10573_,VPWR,li1,312.3400,73.4400,1.799821
_10572_,VPWR,li1,303.1400,78.8800,1.799857
_10571_,VPWR,li1,303.8300,73.4400,1.799781
_10570_,VPWR,li1,299.0000,73.4400,1.799768
_10569_,VPWR,li1,299.0000,78.8800,1.799848
_10568_,VPWR,li1,294.8600,78.8800,1.799840
_10567_,VPWR,li1,274.1600,78.8800,1.799811
_10566_,VPWR,li1,269.7900,78.8800,1.799809
_10565_,VPWR,li1,271.8600,89.7600,1.799769
_10564_,VPWR,li1,268.8700,89.7600,1.799763
_10563_,VPWR,li1,271.6300,89.7600,1.799769
_10562_,VPWR,li1,253.0000,89.7600,1.799733
_10561_,VPWR,li1,255.9900,89.7600,1.799738
_10560_,VPWR,li1,254.8400,95.2000,1.799916
_10559_,VPWR,li1,256.6800,95.2000,1.799917
_10558_,VPWR,li1,255.9900,95.2000,1.799917
_10557_,VPWR,li1,260.3600,100.6400,1.799898
_10556_,VPWR,li1,242.8800,95.2000,1.799914
_10555_,VPWR,li1,239.2000,95.2000,1.799914
_10554_,VPWR,li1,239.2000,100.6400,1.799906
_10553_,VPWR,li1,241.5000,100.6400,1.799905
_10552_,VPWR,li1,247.0200,100.6400,1.799903
_10551_,VPWR,li1,234.1400,100.6400,1.799909
_10550_,VPWR,li1,238.9700,100.6400,1.799906
_10549_,VPWR,li1,232.3000,100.6400,1.799910
_10548_,VPWR,li1,228.3900,100.6400,1.799913
_10547_,VPWR,li1,235.2900,106.0800,1.799894
_10546_,VPWR,li1,229.7700,95.2000,1.799913
_10545_,VPWR,li1,229.5400,100.6400,1.799913
_10544_,VPWR,li1,226.5500,100.6400,1.799914
_10543_,VPWR,li1,222.8700,100.6400,1.799917
_10542_,VPWR,li1,232.0700,95.2000,1.799913
_10541_,VPWR,li1,250.4700,89.7600,1.799730
_10540_,VPWR,li1,243.3400,89.7600,1.799721
_10539_,VPWR,li1,248.1700,89.7600,1.799727
_10538_,VPWR,li1,273.0100,78.8800,1.799811
_10537_,VPWR,li1,276.4600,78.8800,1.799815
_10536_,VPWR,li1,272.3200,84.3200,1.799844
_10535_,VPWR,li1,255.9900,78.8800,1.799808
_10534_,VPWR,li1,257.3700,84.3200,1.799823
_10533_,VPWR,li1,255.7600,84.3200,1.799823
_10532_,VPWR,li1,253.6900,84.3200,1.799821
_10531_,VPWR,li1,262.4300,84.3200,1.799830
_10530_,VPWR,li1,249.3200,84.3200,1.799816
_10529_,VPWR,li1,252.7700,84.3200,1.799818
_10528_,VPWR,li1,249.3200,84.3200,1.799816
_10527_,VPWR,li1,245.8700,89.7600,1.799724
_10526_,VPWR,li1,251.3900,84.3200,1.799818
_10525_,VPWR,li1,242.6500,78.8800,1.799815
_10524_,VPWR,li1,235.7500,73.4400,1.799732
_10523_,VPWR,li1,240.5800,78.8800,1.799816
_10522_,VPWR,li1,298.3100,73.4400,1.799768
_10521_,VPWR,li1,293.4800,68.0000,1.799793
_10520_,VPWR,li1,295.7800,73.4400,1.799763
_10519_,VPWR,li1,290.0300,73.4400,1.799747
_10518_,VPWR,li1,277.1500,62.5600,1.799804
_10517_,VPWR,li1,280.1400,62.5600,1.799812
_10516_,VPWR,li1,273.0100,62.5600,1.799796
_10515_,VPWR,li1,274.3900,62.5600,1.799800
_10514_,VPWR,li1,280.1400,62.5600,1.799812
_10513_,VPWR,li1,241.2700,62.5600,1.799755
_10512_,VPWR,li1,232.5300,62.5600,1.799748
_10511_,VPWR,li1,229.3100,62.5600,1.799746
_10510_,VPWR,li1,238.2800,62.5600,1.799752
_10509_,VPWR,li1,272.5500,57.1200,1.799732
_10508_,VPWR,li1,271.4000,51.6800,1.799740
_10507_,VPWR,li1,269.1000,57.1200,1.799730
_10506_,VPWR,li1,273.9300,51.6800,1.799737
_10505_,VPWR,li1,286.5800,51.6800,1.799742
_10504_,VPWR,li1,268.1800,57.1200,1.799730
_10503_,VPWR,li1,266.1100,57.1200,1.799729
_10502_,VPWR,li1,264.9600,57.1200,1.799728
_10501_,VPWR,li1,261.0500,57.1200,1.799728
_10500_,VPWR,li1,267.0300,51.6800,1.799746
_10499_,VPWR,li1,277.1500,51.6800,1.799734
_10498_,VPWR,li1,291.8700,62.5600,1.799838
_10497_,VPWR,li1,323.1500,51.6800,1.799852
_10496_,VPWR,li1,320.3900,51.6800,1.799843
_10495_,VPWR,li1,317.6300,46.2400,1.799741
_10494_,VPWR,li1,313.9500,51.6800,1.799816
_10493_,VPWR,li1,316.2500,51.6800,1.799822
_10492_,VPWR,li1,310.7300,46.2400,1.799674
_10491_,VPWR,li1,311.6500,46.2400,1.799674
_10490_,VPWR,li1,312.1100,40.8000,1.799690
_10489_,VPWR,li1,297.3900,46.2400,1.799542
_10488_,VPWR,li1,279.4500,40.8000,1.799490
_10487_,VPWR,li1,271.1700,35.3600,1.799123
_10486_,VPWR,li1,273.0100,35.3600,1.799134
_10485_,VPWR,li1,274.8500,35.3600,1.799146
_10484_,VPWR,li1,257.8300,35.3600,1.799044
_10483_,VPWR,li1,256.4500,29.9200,1.797292
_10482_,VPWR,li1,255.3000,35.3600,1.799041
_10481_,VPWR,li1,252.3100,35.3600,1.799038
_10480_,VPWR,li1,248.1700,35.3600,1.799035
_10479_,VPWR,li1,313.9500,46.2400,1.799698
_10478_,VPWR,li1,308.8900,40.8000,1.799654
_10477_,VPWR,li1,310.7300,40.8000,1.799690
_10476_,VPWR,li1,299.2300,13.6000,1.799642
_10475_,VPWR,li1,298.3100,19.0400,1.797381
_10474_,VPWR,li1,297.3900,13.6000,1.799636
_10473_,VPWR,li1,296.2400,19.0400,1.797388
_10472_,VPWR,li1,291.4100,13.6000,1.799617
_10471_,VPWR,li1,330.2800,57.1200,1.799870
_10470_,VPWR,li1,356.2700,57.1200,1.799749
_10469_,VPWR,li1,353.0500,73.4400,1.799850
_10468_,VPWR,li1,354.8900,73.4400,1.799848
_10467_,VPWR,li1,348.2200,73.4400,1.799857
_10466_,VPWR,li1,349.3700,73.4400,1.799857
_10465_,VPWR,li1,346.3800,73.4400,1.799861
_10464_,VPWR,li1,350.2900,57.1200,1.799769
_10463_,VPWR,li1,343.1600,73.4400,1.799871
_10462_,VPWR,li1,350.2900,62.5600,1.799899
_10461_,VPWR,li1,348.4500,68.0000,1.799901
_10460_,VPWR,li1,344.7700,68.0000,1.799906
_10459_,VPWR,li1,346.6100,68.0000,1.799903
_10458_,VPWR,li1,339.9400,73.4400,1.799878
_10457_,VPWR,li1,346.6100,62.5600,1.799900
_10456_,VPWR,li1,336.7200,68.0000,1.799915
_10455_,VPWR,li1,340.4000,68.0000,1.799909
_10454_,VPWR,li1,336.7200,73.4400,1.799885
_10453_,VPWR,li1,330.2800,78.8800,1.799933
_10452_,VPWR,li1,335.1100,51.6800,1.799864
_10451_,VPWR,li1,335.3400,46.2400,1.799835
_10450_,VPWR,li1,327.7500,73.4400,1.799893
_10449_,VPWR,li1,322.0000,73.4400,1.799870
_10448_,VPWR,li1,333.0400,62.5600,1.799922
_10447_,VPWR,li1,333.9600,68.0000,1.799921
_10446_,VPWR,li1,338.3300,62.5600,1.799910
_10445_,VPWR,li1,317.6300,73.4400,1.799847
_10444_,VPWR,li1,320.8500,78.8800,1.799906
_10443_,VPWR,li1,319.7000,78.8800,1.799906
_10442_,VPWR,li1,316.4800,84.3200,1.799921
_10441_,VPWR,li1,328.6700,68.0000,1.799934
_10440_,VPWR,li1,325.4500,68.0000,1.799924
_10439_,VPWR,li1,314.1800,84.3200,1.799916
_10438_,VPWR,li1,305.4400,84.3200,1.799897
_10437_,VPWR,li1,313.2600,89.7600,1.799882
_10436_,VPWR,li1,313.0300,78.8800,1.799884
_10435_,VPWR,li1,310.0400,78.8800,1.799875
_10434_,VPWR,li1,309.5800,73.4400,1.799804
_10433_,VPWR,li1,311.4200,78.8800,1.799875
_10432_,VPWR,li1,307.2800,78.8800,1.799864
_10431_,VPWR,li1,307.7400,84.3200,1.799906
_10430_,VPWR,li1,306.8200,89.7600,1.799862
_10429_,VPWR,li1,305.2100,84.3200,1.799897
_10428_,VPWR,li1,303.8300,84.3200,1.799897
_10427_,VPWR,li1,303.6000,89.7600,1.799854
_10426_,VPWR,li1,294.4000,89.7600,1.799828
_10425_,VPWR,li1,293.0200,84.3200,1.799877
_10424_,VPWR,li1,296.0100,78.8800,1.799840
_10423_,VPWR,li1,295.3200,84.3200,1.799881
_10422_,VPWR,li1,287.9600,84.3200,1.799866
_10421_,VPWR,li1,298.7700,78.8800,1.799848
_10420_,VPWR,li1,290.9500,89.7600,1.799819
_10419_,VPWR,li1,291.1800,89.7600,1.799819
_10418_,VPWR,li1,292.1000,95.2000,1.799938
_10417_,VPWR,li1,290.7200,95.2000,1.799936
_10416_,VPWR,li1,288.6500,89.7600,1.799813
_10415_,VPWR,li1,293.0200,95.2000,1.799938
_10414_,VPWR,li1,287.0400,95.2000,1.799934
_10413_,VPWR,li1,275.7700,89.7600,1.799779
_10412_,VPWR,li1,274.3900,89.7600,1.799774
_10411_,VPWR,li1,271.4000,95.2000,1.799923
_10410_,VPWR,li1,273.7000,95.2000,1.799925
_10409_,VPWR,li1,272.0900,95.2000,1.799923
_10408_,VPWR,li1,281.0600,95.2000,1.799930
_10407_,VPWR,li1,284.9700,95.2000,1.799932
_10406_,VPWR,li1,278.3000,100.6400,1.799900
_10405_,VPWR,li1,290.9500,100.6400,1.799904
_10404_,VPWR,li1,278.5300,95.2000,1.799928
_10403_,VPWR,li1,271.8600,100.6400,1.799898
_10402_,VPWR,li1,282.2100,100.6400,1.799901
_10401_,VPWR,li1,261.2800,95.2000,1.799919
_10400_,VPWR,li1,262.2000,100.6400,1.799898
_10399_,VPWR,li1,263.5800,100.6400,1.799898
_10398_,VPWR,li1,260.3600,100.6400,1.799898
_10397_,VPWR,li1,270.0200,100.6400,1.799898
_10396_,VPWR,li1,276.4600,100.6400,1.799899
_10395_,VPWR,li1,273.4700,100.6400,1.799898
_10394_,VPWR,li1,274.3900,100.6400,1.799899
_10393_,VPWR,li1,267.0300,100.6400,1.799898
_10392_,VPWR,li1,248.8600,106.0800,1.799891
_10391_,VPWR,li1,251.6200,106.0800,1.799891
_10390_,VPWR,li1,250.4700,100.6400,1.799901
_10389_,VPWR,li1,244.0300,100.6400,1.799904
_10388_,VPWR,li1,253.2300,100.6400,1.799900
_10387_,VPWR,li1,252.7700,95.2000,1.799916
_10386_,VPWR,li1,256.6800,100.6400,1.799899
_10385_,VPWR,li1,248.1700,100.6400,1.799902
_10384_,VPWR,li1,292.7900,78.8800,1.799835
_10383_,VPWR,li1,288.1900,78.8800,1.799828
_10382_,VPWR,li1,290.4900,78.8800,1.799832
_10381_,VPWR,li1,301.9900,84.3200,1.799894
_10380_,VPWR,li1,296.4700,84.3200,1.799881
_10379_,VPWR,li1,282.6700,78.8800,1.799823
_10378_,VPWR,li1,279.9100,78.8800,1.799820
_10377_,VPWR,li1,278.0700,84.3200,1.799853
_10376_,VPWR,li1,274.8500,84.3200,1.799847
_10375_,VPWR,li1,281.2900,84.3200,1.799858
_10374_,VPWR,li1,284.2800,84.3200,1.799863
_10373_,VPWR,li1,281.2900,89.7600,1.799793
_10372_,VPWR,li1,298.7700,84.3200,1.799888
_10371_,VPWR,li1,284.5100,89.7600,1.799802
_10370_,VPWR,li1,269.3300,84.3200,1.799840
_10369_,VPWR,li1,265.4200,84.3200,1.799835
_10368_,VPWR,li1,265.1900,84.3200,1.799835
_10367_,VPWR,li1,261.5100,84.3200,1.799830
_10366_,VPWR,li1,271.6300,84.3200,1.799844
_10365_,VPWR,li1,284.9700,78.8800,1.799826
_10364_,VPWR,li1,312.1100,68.0000,1.799862
_10363_,VPWR,li1,309.1200,62.5600,1.799883
_10362_,VPWR,li1,311.8800,62.5600,1.799891
_10361_,VPWR,li1,306.3600,62.5600,1.799875
_10360_,VPWR,li1,295.0900,62.5600,1.799846
_10359_,VPWR,li1,287.2700,62.5600,1.799827
_10358_,VPWR,li1,288.6500,68.0000,1.799775
_10357_,VPWR,li1,282.9000,62.5600,1.799816
_10356_,VPWR,li1,265.1900,62.5600,1.799784
_10355_,VPWR,li1,270.2500,62.5600,1.799793
_10354_,VPWR,li1,295.0900,57.1200,1.799768
_10353_,VPWR,li1,294.6300,57.1200,1.799768
_10352_,VPWR,li1,297.3900,57.1200,1.799772
_10351_,VPWR,li1,294.6300,51.6800,1.799760
_10350_,VPWR,li1,291.1800,51.6800,1.799755
_10349_,VPWR,li1,287.2700,51.6800,1.799746
_10348_,VPWR,li1,290.0300,51.6800,1.799750
_10347_,VPWR,li1,332.8100,57.1200,1.799859
_10346_,VPWR,li1,332.8100,57.1200,1.799859
_10345_,VPWR,li1,336.0300,57.1200,1.799841
_10344_,VPWR,li1,333.0400,51.6800,1.799874
_10343_,VPWR,li1,333.2700,46.2400,1.799842
_10342_,VPWR,li1,329.5900,57.1200,1.799870
_10341_,VPWR,li1,334.6500,57.1200,1.799841
_10340_,VPWR,li1,325.4500,46.2400,1.799821
_10339_,VPWR,li1,323.6100,46.2400,1.799802
_10338_,VPWR,li1,322.2300,46.2400,1.799772
_10337_,VPWR,li1,320.8500,40.8000,1.799782
_10336_,VPWR,li1,332.8100,40.8000,1.799870
_10335_,VPWR,li1,332.8100,35.3600,1.799704
_10334_,VPWR,li1,329.3600,35.3600,1.799725
_10333_,VPWR,li1,319.4700,40.8000,1.799782
_10332_,VPWR,li1,321.7700,35.3600,1.799597
_10331_,VPWR,li1,319.9300,35.3600,1.799559
_10330_,VPWR,li1,331.6600,35.3600,1.799704
_10329_,VPWR,li1,324.9900,35.3600,1.799656
_10328_,VPWR,li1,316.7100,35.3600,1.799531
_10327_,VPWR,li1,313.0300,35.3600,1.799476
_10326_,VPWR,li1,317.6300,35.3600,1.799531
_10325_,VPWR,li1,322.9200,29.9200,1.799167
_10324_,VPWR,li1,319.9300,29.9200,1.799019
_10323_,VPWR,li1,326.8300,29.9200,1.799363
_10322_,VPWR,li1,316.7100,29.9200,1.798861
_10321_,VPWR,li1,272.5500,35.3600,1.799123
_10320_,VPWR,li1,274.6200,29.9200,1.797443
_10319_,VPWR,li1,278.7600,35.3600,1.799168
_10318_,VPWR,li1,274.1600,29.9200,1.797410
_10317_,VPWR,li1,278.0700,29.9200,1.797499
_10316_,VPWR,li1,325.4500,46.2400,1.799821
_10315_,VPWR,li1,319.0100,46.2400,1.799741
_10314_,VPWR,li1,328.6700,46.2400,1.799840
_10313_,VPWR,li1,324.0700,40.8000,1.799831
_10312_,VPWR,li1,324.5300,62.5600,1.799928
_10311_,VPWR,li1,309.3500,62.5600,1.799883
_10310_,VPWR,li1,307.9700,68.0000,1.799845
_10309_,VPWR,li1,307.5100,62.5600,1.799875
_10308_,VPWR,li1,303.3700,62.5600,1.799864
_10307_,VPWR,li1,300.8400,62.5600,1.799859
_10306_,VPWR,li1,291.4100,62.5600,1.799838
_10305_,VPWR,li1,287.0400,62.5600,1.799827
_10304_,VPWR,li1,284.0500,62.5600,1.799821
_10303_,VPWR,li1,284.9700,62.5600,1.799821
_10302_,VPWR,li1,290.4900,68.0000,1.799782
_10301_,VPWR,li1,301.9900,57.1200,1.799783
_10300_,VPWR,li1,292.7900,57.1200,1.799764
_10299_,VPWR,li1,288.1900,57.1200,1.799754
_10298_,VPWR,li1,299.4600,57.1200,1.799779
_10297_,VPWR,li1,355.3500,78.8800,1.799899
_10296_,VPWR,li1,358.5700,73.4400,1.799846
_10295_,VPWR,li1,349.1400,78.8800,1.799906
_10294_,VPWR,li1,345.9200,78.8800,1.799908
_10293_,VPWR,li1,347.7600,78.8800,1.799906
_10292_,VPWR,li1,344.3100,73.4400,1.799865
_10291_,VPWR,li1,342.0100,73.4400,1.799871
_10290_,VPWR,li1,341.5500,68.0000,1.799909
_10289_,VPWR,li1,339.7100,46.2400,1.799821
_10288_,VPWR,li1,339.2500,40.8000,1.799859
_10287_,VPWR,li1,341.5500,40.8000,1.799856
_10286_,VPWR,li1,336.9500,35.3600,1.799658
_10285_,VPWR,li1,337.6400,29.9200,1.799467
_10284_,VPWR,li1,334.6500,35.3600,1.799676
_10283_,VPWR,li1,334.6500,29.9200,1.799471
_10282_,VPWR,li1,334.1900,29.9200,1.799471
_10281_,VPWR,li1,331.4300,29.9200,1.799474
_10280_,VPWR,li1,334.1900,73.4400,1.799893
_10279_,VPWR,li1,336.9500,73.4400,1.799885
_10278_,VPWR,li1,330.9700,73.4400,1.799903
_10277_,VPWR,li1,327.2900,78.8800,1.799930
_10276_,VPWR,li1,323.6100,68.0000,1.799916
_10275_,VPWR,li1,323.1500,68.0000,1.799907
_10274_,VPWR,li1,317.1700,68.0000,1.799888
_10273_,VPWR,li1,289.1100,62.5600,1.799832
_10272_,VPWR,li1,319.9300,68.0000,1.799898
_10271_,VPWR,li1,299.2300,62.5600,1.799853
_10270_,VPWR,li1,321.3100,62.5600,1.799919
_10269_,VPWR,li1,324.5300,84.3200,1.799944
_10268_,VPWR,li1,329.1300,84.3200,1.799956
_10267_,VPWR,li1,323.3800,89.7600,1.799915
_10266_,VPWR,li1,316.2500,89.7600,1.799891
_10265_,VPWR,li1,312.5700,84.3200,1.799916
_10264_,VPWR,li1,308.8900,89.7600,1.799869
_10263_,VPWR,li1,312.3400,89.7600,1.799874
_10262_,VPWR,li1,311.6500,95.2000,1.799956
_10261_,VPWR,li1,312.1100,95.2000,1.799956
_10260_,VPWR,li1,303.8300,95.2000,1.799949
_10259_,VPWR,li1,300.6100,95.2000,1.799944
_10258_,VPWR,li1,306.1300,95.2000,1.799951
_10257_,VPWR,li1,296.9300,100.6400,1.799906
_10256_,VPWR,li1,293.7100,100.6400,1.799905
_10255_,VPWR,li1,290.9500,100.6400,1.799904
_10254_,VPWR,li1,288.8800,100.6400,1.799903
_10253_,VPWR,li1,281.7500,100.6400,1.799901
_10252_,VPWR,li1,285.4300,100.6400,1.799901
_10251_,VPWR,li1,288.1900,100.6400,1.799902
_10250_,VPWR,li1,354.8900,84.3200,1.799922
_10249_,VPWR,li1,351.6700,84.3200,1.799924
_10248_,VPWR,li1,357.6500,78.8800,1.799897
_10247_,VPWR,li1,349.8300,84.3200,1.799925
_10246_,VPWR,li1,344.3100,78.8800,1.799911
_10245_,VPWR,li1,344.0800,78.8800,1.799911
_10244_,VPWR,li1,342.0100,78.8800,1.799915
_10243_,VPWR,li1,336.4900,40.8000,1.799864
_10242_,VPWR,li1,339.7100,46.2400,1.799821
_10241_,VPWR,li1,336.9500,46.2400,1.799828
_10240_,VPWR,li1,339.2500,84.3200,1.799942
_10239_,VPWR,li1,336.0300,84.3200,1.799945
_10238_,VPWR,li1,336.7200,84.3200,1.799945
_10237_,VPWR,li1,333.7300,78.8800,1.799928
_10236_,VPWR,li1,326.1400,73.4400,1.799893
_10235_,VPWR,li1,324.9900,73.4400,1.799880
_10234_,VPWR,li1,306.5900,68.0000,1.799845
_10233_,VPWR,li1,304.2900,62.5600,1.799870
_10232_,VPWR,li1,319.4700,68.0000,1.799898
_10231_,VPWR,li1,334.6500,89.7600,1.799919
_10230_,VPWR,li1,321.5400,89.7600,1.799907
_10229_,VPWR,li1,325.4500,89.7600,1.799923
_10228_,VPWR,li1,323.1500,89.7600,1.799915
_10227_,VPWR,li1,320.8500,89.7600,1.799907
_10226_,VPWR,li1,314.8700,95.2000,1.799960
_10225_,VPWR,li1,308.8900,95.2000,1.799954
_10224_,VPWR,li1,313.9500,95.2000,1.799960
_10223_,VPWR,li1,302.9100,100.6400,1.799909
_10222_,VPWR,li1,293.7100,100.6400,1.799905
_10221_,VPWR,li1,295.3200,95.2000,1.799941
_10220_,VPWR,li1,343.3900,84.3200,1.799935
_10219_,VPWR,li1,338.5600,89.7600,1.799919
_10218_,VPWR,li1,339.2500,84.3200,1.799942
_10217_,VPWR,li1,337.8700,84.3200,1.799942
_10216_,VPWR,li1,333.9600,84.3200,1.799948
_10215_,VPWR,li1,331.6600,84.3200,1.799952
_10214_,VPWR,li1,318.5500,62.5600,1.799910
_10213_,VPWR,li1,324.5300,95.2000,1.799972
_10212_,VPWR,li1,333.2700,89.7600,1.799919
_10211_,VPWR,li1,326.3700,89.7600,1.799923
_10210_,VPWR,li1,362.2500,340.0000,1.799832
_10209_,VPWR,li1,128.1100,383.5200,1.798271
_10208_,VPWR,li1,122.1300,378.0800,1.797537
_10207_,VPWR,li1,83.9500,378.0800,1.798169
_10206_,VPWR,li1,78.8900,372.6400,1.798394
_10205_,VPWR,li1,72.9100,372.6400,1.798489
_10204_,VPWR,li1,69.2300,372.6400,1.798573
_10203_,VPWR,li1,65.0900,372.6400,1.798671
_10202_,VPWR,li1,67.8500,378.0800,1.798551
_10201_,VPWR,li1,71.3000,361.7600,1.799450
_10200_,VPWR,li1,60.7200,350.8800,1.799881
_10199_,VPWR,li1,69.0000,367.2000,1.798914
_10198_,VPWR,li1,60.4900,361.7600,1.799508
_10197_,VPWR,li1,59.1100,356.3200,1.799788
_10196_,VPWR,li1,51.7500,356.3200,1.799818
_10195_,VPWR,li1,47.1500,340.0000,1.799862
_10194_,VPWR,li1,46.6900,329.1200,1.799897
_10193_,VPWR,li1,73.6000,350.8800,1.799872
_10192_,VPWR,li1,43.9300,340.0000,1.799875
_10191_,VPWR,li1,49.6800,329.1200,1.799891
_10190_,VPWR,li1,58.1900,356.3200,1.799796
_10189_,VPWR,li1,54.9700,356.3200,1.799803
_10188_,VPWR,li1,67.8500,356.3200,1.799765
_10187_,VPWR,li1,81.4200,350.8800,1.799867
_10186_,VPWR,li1,52.6700,318.2400,1.799857
_10185_,VPWR,li1,47.1500,312.8000,1.799899
_10184_,VPWR,li1,48.9900,318.2400,1.799868
_10183_,VPWR,li1,59.5700,318.2400,1.799839
_10182_,VPWR,li1,57.9600,345.4400,1.799841
_10181_,VPWR,li1,66.7000,361.7600,1.799467
_10180_,VPWR,li1,80.9600,372.6400,1.798364
_10179_,VPWR,li1,123.7400,378.0800,1.797492
_10178_,VPWR,li1,138.2300,378.0800,1.797442
_10177_,VPWR,li1,141.2200,378.0800,1.797529
_10176_,VPWR,li1,140.0700,383.5200,1.798136
_10175_,VPWR,li1,139.6100,383.5200,1.798142
_10174_,VPWR,li1,132.7100,378.0800,1.797424
_10173_,VPWR,li1,136.6200,378.0800,1.797442
_10172_,VPWR,li1,139.1500,378.0800,1.797486
_10171_,VPWR,li1,137.5400,372.6400,1.798097
_10170_,VPWR,li1,125.8100,378.0800,1.797464
_10169_,VPWR,li1,125.8100,378.0800,1.797464
_10168_,VPWR,li1,122.5900,372.6400,1.798074
_10167_,VPWR,li1,119.8300,372.6400,1.798082
_10166_,VPWR,li1,125.5800,372.6400,1.798062
_10165_,VPWR,li1,83.4900,372.6400,1.798330
_10164_,VPWR,li1,86.7100,372.6400,1.798304
_10163_,VPWR,li1,86.9400,378.0800,1.798102
_10162_,VPWR,li1,89.0100,378.0800,1.798067
_10161_,VPWR,li1,99.3600,367.2000,1.798535
_10160_,VPWR,li1,79.3500,367.2000,1.798721
_10159_,VPWR,li1,84.6400,367.2000,1.798665
_10158_,VPWR,li1,101.6600,367.2000,1.798520
_10157_,VPWR,li1,71.9900,367.2000,1.798832
_10156_,VPWR,li1,68.7700,367.2000,1.798914
_10155_,VPWR,li1,65.5500,367.2000,1.798948
_10154_,VPWR,li1,71.7600,367.2000,1.798865
_10153_,VPWR,li1,68.7700,361.7600,1.799458
_10152_,VPWR,li1,74.0600,361.7600,1.799437
_10151_,VPWR,li1,71.9900,361.7600,1.799450
_10150_,VPWR,li1,76.1300,361.7600,1.799429
_10149_,VPWR,li1,78.2000,361.7600,1.799421
_10148_,VPWR,li1,76.1300,356.3200,1.799745
_10147_,VPWR,li1,84.6400,350.8800,1.799865
_10146_,VPWR,li1,72.9100,356.3200,1.799753
_10145_,VPWR,li1,75.6700,350.8800,1.799870
_10144_,VPWR,li1,80.2700,356.3200,1.799736
_10143_,VPWR,li1,82.1100,356.3200,1.799732
_10142_,VPWR,li1,86.2500,356.3200,1.799724
_10141_,VPWR,li1,79.1200,345.4400,1.799802
_10140_,VPWR,li1,86.0200,383.5200,1.798890
_10139_,VPWR,li1,88.7800,383.5200,1.798859
_10138_,VPWR,li1,71.9900,345.4400,1.799806
_10137_,VPWR,li1,95.6800,367.2000,1.798574
_10136_,VPWR,li1,63.7100,361.7600,1.799484
_10135_,VPWR,li1,63.7100,361.7600,1.799484
_10134_,VPWR,li1,65.0900,361.7600,1.799484
_10133_,VPWR,li1,67.6200,345.4400,1.799814
_10132_,VPWR,li1,60.4900,350.8800,1.799881
_10131_,VPWR,li1,59.1100,345.4400,1.799834
_10130_,VPWR,li1,60.4900,345.4400,1.799834
_10129_,VPWR,li1,54.9700,345.4400,1.799847
_10128_,VPWR,li1,53.1300,340.0000,1.799843
_10127_,VPWR,li1,55.8900,340.0000,1.799833
_10126_,VPWR,li1,75.2100,329.1200,1.799858
_10125_,VPWR,li1,73.3700,334.5600,1.799850
_10124_,VPWR,li1,74.2900,334.5600,1.799848
_10123_,VPWR,li1,80.2700,329.1200,1.799858
_10122_,VPWR,li1,59.3400,329.1200,1.799869
_10121_,VPWR,li1,62.7900,340.0000,1.799814
_10120_,VPWR,li1,59.1100,334.5600,1.799869
_10119_,VPWR,li1,58.8800,334.5600,1.799873
_10118_,VPWR,li1,57.5000,329.1200,1.799872
_10117_,VPWR,li1,46.6900,334.5600,1.799899
_10116_,VPWR,li1,51.7500,329.1200,1.799885
_10115_,VPWR,li1,43.9300,329.1200,1.799908
_10114_,VPWR,li1,48.9900,334.5600,1.799893
_10113_,VPWR,li1,46.2300,329.1200,1.799897
_10112_,VPWR,li1,48.9900,329.1200,1.799891
_10111_,VPWR,li1,46.2300,307.3600,1.799939
_10110_,VPWR,li1,41.6300,329.1200,1.799914
_10109_,VPWR,li1,49.2200,318.2400,1.799868
_10108_,VPWR,li1,43.4700,318.2400,1.799886
_10107_,VPWR,li1,42.5500,318.2400,1.799892
_10106_,VPWR,li1,144.2100,383.5200,1.798194
_10105_,VPWR,li1,200.7900,383.5200,1.797370
_10104_,VPWR,li1,145.1300,378.0800,1.797591
_10103_,VPWR,li1,144.6700,372.6400,1.798171
_10102_,VPWR,li1,143.7500,378.0800,1.797591
_10101_,VPWR,li1,166.9800,372.6400,1.798816
_10100_,VPWR,li1,140.5300,372.6400,1.798130
_10099_,VPWR,li1,143.5200,372.6400,1.798171
_10098_,VPWR,li1,138.6900,367.2000,1.798546
_10097_,VPWR,li1,138.2300,372.6400,1.798097
_10096_,VPWR,li1,152.7200,372.6400,1.798416
_10095_,VPWR,li1,129.4900,372.6400,1.798060
_10094_,VPWR,li1,125.3500,367.2000,1.798473
_10093_,VPWR,li1,128.1100,367.2000,1.798486
_10092_,VPWR,li1,131.1000,367.2000,1.798497
_10091_,VPWR,li1,104.1900,367.2000,1.798506
_10090_,VPWR,li1,101.4300,367.2000,1.798520
_10089_,VPWR,li1,98.2100,367.2000,1.798553
_10088_,VPWR,li1,98.6700,372.6400,1.798230
_10087_,VPWR,li1,93.1500,367.2000,1.798598
_10086_,VPWR,li1,91.7700,367.2000,1.798598
_10085_,VPWR,li1,94.5300,367.2000,1.798574
_10084_,VPWR,li1,116.3800,361.7600,1.799328
_10083_,VPWR,li1,89.9300,361.7600,1.799378
_10082_,VPWR,li1,89.9300,361.7600,1.799378
_10081_,VPWR,li1,90.8500,356.3200,1.799716
_10080_,VPWR,li1,91.7700,356.3200,1.799716
_10079_,VPWR,li1,93.8400,356.3200,1.799710
_10078_,VPWR,li1,88.5500,356.3200,1.799720
_10077_,VPWR,li1,84.8700,356.3200,1.799728
_10076_,VPWR,li1,82.5700,356.3200,1.799732
_10075_,VPWR,li1,85.5600,350.8800,1.799865
_10074_,VPWR,li1,84.4100,356.3200,1.799728
_10073_,VPWR,li1,110.4000,356.3200,1.799698
_10072_,VPWR,li1,92.2300,372.6400,1.798262
_10071_,VPWR,li1,91.7700,378.0800,1.798021
_10070_,VPWR,li1,93.6100,378.0800,1.797990
_10069_,VPWR,li1,89.0100,383.5200,1.798832
_10068_,VPWR,li1,89.2400,378.0800,1.798067
_10067_,VPWR,li1,93.8400,383.5200,1.798761
_10066_,VPWR,li1,91.7700,378.0800,1.798021
_10065_,VPWR,li1,91.3100,383.5200,1.798798
_10064_,VPWR,li1,91.3100,383.5200,1.798798
_10063_,VPWR,li1,98.2100,383.5200,1.798697
_10062_,VPWR,li1,99.8200,340.0000,1.799719
_10061_,VPWR,li1,112.7000,367.2000,1.798490
_10060_,VPWR,li1,99.5900,361.7600,1.799344
_10059_,VPWR,li1,101.2000,361.7600,1.799344
_10058_,VPWR,li1,103.9600,356.3200,1.799698
_10057_,VPWR,li1,70.6100,345.4400,1.799809
_10056_,VPWR,li1,74.7500,345.4400,1.799804
_10055_,VPWR,li1,75.4400,340.0000,1.799776
_10054_,VPWR,li1,73.1400,340.0000,1.799782
_10053_,VPWR,li1,68.7700,340.0000,1.799795
_10052_,VPWR,li1,71.0700,340.0000,1.799790
_10051_,VPWR,li1,66.0100,340.0000,1.799801
_10050_,VPWR,li1,64.1700,340.0000,1.799807
_10049_,VPWR,li1,64.6300,334.5600,1.799860
_10048_,VPWR,li1,67.3900,334.5600,1.799857
_10047_,VPWR,li1,91.5400,334.5600,1.799831
_10046_,VPWR,li1,68.3100,334.5600,1.799857
_10045_,VPWR,li1,86.9400,329.1200,1.799859
_10044_,VPWR,li1,72.4500,329.1200,1.799858
_10043_,VPWR,li1,77.5100,334.5600,1.799844
_10042_,VPWR,li1,80.7300,334.5600,1.799841
_10041_,VPWR,li1,84.4100,329.1200,1.799858
_10040_,VPWR,li1,83.7200,334.5600,1.799839
_10039_,VPWR,li1,78.2000,323.6800,1.799873
_10038_,VPWR,li1,80.2700,345.4400,1.799802
_10037_,VPWR,li1,84.8700,345.4400,1.799801
_10036_,VPWR,li1,68.5400,323.6800,1.799886
_10035_,VPWR,li1,66.4700,329.1200,1.799860
_10034_,VPWR,li1,69.2300,329.1200,1.799859
_10033_,VPWR,li1,71.7600,318.2400,1.799812
_10032_,VPWR,li1,60.0300,329.1200,1.799869
_10031_,VPWR,li1,55.4300,329.1200,1.799877
_10030_,VPWR,li1,54.9700,329.1200,1.799877
_10029_,VPWR,li1,55.2000,323.6800,1.799910
_10028_,VPWR,li1,58.8800,307.3600,1.799922
_10027_,VPWR,li1,64.6300,318.2400,1.799824
_10026_,VPWR,li1,58.1900,323.6800,1.799906
_10025_,VPWR,li1,56.8100,323.6800,1.799906
_10024_,VPWR,li1,58.6500,323.6800,1.799903
_10023_,VPWR,li1,58.8800,318.2400,1.799839
_10022_,VPWR,li1,46.2300,318.2400,1.799879
_10021_,VPWR,li1,47.1500,323.6800,1.799925
_10020_,VPWR,li1,43.0100,307.3600,1.799943
_10019_,VPWR,li1,45.5400,307.3600,1.799939
_10018_,VPWR,li1,49.2200,307.3600,1.799934
_10017_,VPWR,li1,51.2900,307.3600,1.799931
_10016_,VPWR,li1,50.3700,307.3600,1.799931
_10015_,VPWR,li1,48.3000,307.3600,1.799934
_10014_,VPWR,li1,51.7500,307.3600,1.799931
_10013_,VPWR,li1,47.3800,296.4800,1.799922
_10012_,VPWR,li1,49.4500,301.9200,1.799924
_10011_,VPWR,li1,122.5900,372.6400,1.798074
_10010_,VPWR,li1,125.3500,372.6400,1.798067
_10009_,VPWR,li1,115.4600,372.6400,1.798109
_10008_,VPWR,li1,123.7400,367.2000,1.798473
_10007_,VPWR,li1,199.4100,383.5200,1.797464
_10006_,VPWR,li1,205.8500,383.5200,1.797233
_10005_,VPWR,li1,203.7800,383.5200,1.797276
_10004_,VPWR,li1,201.0200,378.0800,1.797348
_10003_,VPWR,li1,202.8600,378.0800,1.797245
_10002_,VPWR,li1,169.5100,378.0800,1.798552
_10001_,VPWR,li1,168.5900,372.6400,1.798881
_10000_,VPWR,li1,167.6700,372.6400,1.798881
_09999_,VPWR,li1,169.7400,372.6400,1.798969
_09998_,VPWR,li1,158.0100,372.6400,1.798565
_09997_,VPWR,li1,155.9400,367.2000,1.798756
_09996_,VPWR,li1,153.4100,367.2000,1.798718
_09995_,VPWR,li1,152.0300,367.2000,1.798687
_09994_,VPWR,li1,154.5600,361.7600,1.799429
_09993_,VPWR,li1,135.0100,367.2000,1.798524
_09992_,VPWR,li1,129.4900,361.7600,1.799325
_09991_,VPWR,li1,131.7900,361.7600,1.799333
_09990_,VPWR,li1,129.7200,340.0000,1.799681
_09989_,VPWR,li1,101.4300,356.3200,1.799698
_09988_,VPWR,li1,100.0500,345.4400,1.799800
_09987_,VPWR,li1,97.7500,345.4400,1.799799
_09986_,VPWR,li1,100.7400,345.4400,1.799800
_09985_,VPWR,li1,96.8300,340.0000,1.799725
_09984_,VPWR,li1,94.5300,345.4400,1.799799
_09983_,VPWR,li1,95.4500,340.0000,1.799729
_09982_,VPWR,li1,97.7500,340.0000,1.799725
_09981_,VPWR,li1,94.9900,340.0000,1.799729
_09980_,VPWR,li1,109.9400,334.5600,1.799818
_09979_,VPWR,li1,93.1500,334.5600,1.799829
_09978_,VPWR,li1,88.0900,334.5600,1.799833
_09977_,VPWR,li1,89.9300,329.1200,1.799859
_09976_,VPWR,li1,89.4700,329.1200,1.799859
_09975_,VPWR,li1,92.2300,329.1200,1.799860
_09974_,VPWR,li1,87.6300,323.6800,1.799862
_09973_,VPWR,li1,86.4800,329.1200,1.799859
_09972_,VPWR,li1,85.1000,318.2400,1.799799
_09971_,VPWR,li1,99.8200,334.5600,1.799824
_09970_,VPWR,li1,90.8500,345.4400,1.799799
_09969_,VPWR,li1,90.1600,345.4400,1.799799
_09968_,VPWR,li1,87.1700,345.4400,1.799800
_09967_,VPWR,li1,92.2300,345.4400,1.799799
_09966_,VPWR,li1,87.1700,345.4400,1.799800
_09965_,VPWR,li1,84.1800,345.4400,1.799801
_09964_,VPWR,li1,84.4100,340.0000,1.799755
_09963_,VPWR,li1,97.0600,318.2400,1.799797
_09962_,VPWR,li1,113.6200,340.0000,1.799696
_09961_,VPWR,li1,99.1300,356.3200,1.799703
_09960_,VPWR,li1,99.1300,350.8800,1.799859
_09959_,VPWR,li1,100.9700,350.8800,1.799858
_09958_,VPWR,li1,102.3500,350.8800,1.799858
_09957_,VPWR,li1,97.9800,312.8000,1.799784
_09956_,VPWR,li1,74.7500,318.2400,1.799805
_09955_,VPWR,li1,71.9900,323.6800,1.799881
_09954_,VPWR,li1,68.3100,318.2400,1.799815
_09953_,VPWR,li1,74.2900,318.2400,1.799805
_09952_,VPWR,li1,68.5400,318.2400,1.799815
_09951_,VPWR,li1,79.3500,318.2400,1.799802
_09950_,VPWR,li1,78.6600,318.2400,1.799802
_09949_,VPWR,li1,69.0000,307.3600,1.799909
_09948_,VPWR,li1,86.9400,312.8000,1.799805
_09947_,VPWR,li1,70.1500,312.8000,1.799840
_09946_,VPWR,li1,72.9100,312.8000,1.799833
_09945_,VPWR,li1,74.9800,301.9200,1.799885
_09944_,VPWR,li1,60.9500,312.8000,1.799861
_09943_,VPWR,li1,58.6500,312.8000,1.799868
_09942_,VPWR,li1,55.4300,307.3600,1.799924
_09941_,VPWR,li1,56.3500,307.3600,1.799924
_09940_,VPWR,li1,52.2100,301.9200,1.799919
_09939_,VPWR,li1,54.9700,301.9200,1.799914
_09938_,VPWR,li1,49.4500,296.4800,1.799917
_09937_,VPWR,li1,52.9000,296.4800,1.799910
_09936_,VPWR,li1,52.6700,296.4800,1.799910
_09935_,VPWR,li1,59.8000,296.4800,1.799898
_09934_,VPWR,li1,61.1800,301.9200,1.799904
_09933_,VPWR,li1,61.8700,318.2400,1.799831
_09932_,VPWR,li1,75.6700,296.4800,1.799880
_09931_,VPWR,li1,77.5100,296.4800,1.799878
_09930_,VPWR,li1,130.4100,361.7600,1.799325
_09929_,VPWR,li1,127.4200,361.7600,1.799324
_09928_,VPWR,li1,123.9700,361.7600,1.799323
_09927_,VPWR,li1,115.6900,367.2000,1.798483
_09926_,VPWR,li1,118.4500,367.2000,1.798479
_09925_,VPWR,li1,115.6900,361.7600,1.799328
_09924_,VPWR,li1,117.5300,361.7600,1.799327
_09923_,VPWR,li1,136.6200,356.3200,1.799710
_09922_,VPWR,li1,113.3900,361.7600,1.799331
_09921_,VPWR,li1,111.5500,356.3200,1.799698
_09920_,VPWR,li1,114.3100,356.3200,1.799699
_09919_,VPWR,li1,106.9500,356.3200,1.799698
_09918_,VPWR,li1,107.8700,356.3200,1.799698
_09917_,VPWR,li1,114.7700,356.3200,1.799699
_09916_,VPWR,li1,107.6400,345.4400,1.799806
_09915_,VPWR,li1,114.0800,350.8800,1.799861
_09914_,VPWR,li1,121.4400,356.3200,1.799701
_09913_,VPWR,li1,111.0900,372.6400,1.798137
_09912_,VPWR,li1,106.4900,378.0800,1.797775
_09911_,VPWR,li1,109.4800,378.0800,1.797744
_09910_,VPWR,li1,110.8600,378.0800,1.797703
_09909_,VPWR,li1,99.1300,383.5200,1.798697
_09908_,VPWR,li1,97.2900,378.0800,1.797951
_09907_,VPWR,li1,103.5000,378.0800,1.797832
_09906_,VPWR,li1,99.8200,378.0800,1.797897
_09905_,VPWR,li1,102.1200,383.5200,1.798650
_09904_,VPWR,li1,124.6600,334.5600,1.799814
_09903_,VPWR,li1,147.2000,361.7600,1.799390
_09902_,VPWR,li1,150.8800,367.2000,1.798687
_09901_,VPWR,li1,154.3300,372.6400,1.798416
_09900_,VPWR,li1,150.8800,372.6400,1.798369
_09899_,VPWR,li1,157.3200,378.0800,1.798107
_09898_,VPWR,li1,277.8400,383.5200,1.796279
_09897_,VPWR,li1,280.6000,383.5200,1.796281
_09896_,VPWR,li1,275.7700,378.0800,1.796020
_09895_,VPWR,li1,278.0700,378.0800,1.796049
_09894_,VPWR,li1,277.3800,378.0800,1.796020
_09893_,VPWR,li1,280.1400,378.0800,1.796083
_09892_,VPWR,li1,304.9800,383.5200,1.797385
_09891_,VPWR,li1,294.1700,383.5200,1.796658
_09890_,VPWR,li1,298.7700,383.5200,1.796937
_09889_,VPWR,li1,220.1100,378.0800,1.796620
_09888_,VPWR,li1,213.6700,378.0800,1.796768
_09887_,VPWR,li1,210.9100,378.0800,1.796914
_09886_,VPWR,li1,221.2600,372.6400,1.798457
_09885_,VPWR,li1,205.3900,378.0800,1.797110
_09884_,VPWR,li1,207.6900,378.0800,1.797012
_09883_,VPWR,li1,200.3300,372.6400,1.798674
_09882_,VPWR,li1,203.0900,372.6400,1.798636
_09881_,VPWR,li1,208.8400,367.2000,1.797399
_09880_,VPWR,li1,173.6500,372.6400,1.799147
_09879_,VPWR,li1,171.3500,372.6400,1.798969
_09878_,VPWR,li1,169.9700,367.2000,1.799020
_09877_,VPWR,li1,171.5800,367.2000,1.799080
_09876_,VPWR,li1,169.2800,367.2000,1.799020
_09875_,VPWR,li1,162.1500,361.7600,1.799480
_09874_,VPWR,li1,151.1100,356.3200,1.799726
_09873_,VPWR,li1,153.8700,356.3200,1.799737
_09872_,VPWR,li1,153.6400,334.5600,1.799815
_09871_,VPWR,li1,131.3300,340.0000,1.799683
_09870_,VPWR,li1,126.7300,312.8000,1.799763
_09869_,VPWR,li1,123.9700,312.8000,1.799763
_09868_,VPWR,li1,127.4200,312.8000,1.799765
_09867_,VPWR,li1,100.5100,312.8000,1.799780
_09866_,VPWR,li1,94.0700,318.2400,1.799796
_09865_,VPWR,li1,90.8500,318.2400,1.799797
_09864_,VPWR,li1,94.0700,312.8000,1.799791
_09863_,VPWR,li1,87.6300,318.2400,1.799798
_09862_,VPWR,li1,83.9500,318.2400,1.799800
_09861_,VPWR,li1,89.0100,312.8000,1.799801
_09860_,VPWR,li1,88.0900,318.2400,1.799798
_09859_,VPWR,li1,90.1600,318.2400,1.799797
_09858_,VPWR,li1,81.1900,318.2400,1.799801
_09857_,VPWR,li1,93.3800,307.3600,1.799890
_09856_,VPWR,li1,98.9000,318.2400,1.799797
_09855_,VPWR,li1,95.4500,307.3600,1.799890
_09854_,VPWR,li1,97.7500,307.3600,1.799890
_09853_,VPWR,li1,94.7600,301.9200,1.799865
_09852_,VPWR,li1,77.5100,307.3600,1.799899
_09851_,VPWR,li1,72.4500,307.3600,1.799904
_09850_,VPWR,li1,67.8500,301.9200,1.799895
_09849_,VPWR,li1,70.1500,301.9200,1.799892
_09848_,VPWR,li1,64.6300,301.9200,1.799899
_09847_,VPWR,li1,63.7100,307.3600,1.799915
_09846_,VPWR,li1,61.4100,301.9200,1.799904
_09845_,VPWR,li1,64.8600,301.9200,1.799899
_09844_,VPWR,li1,58.1900,301.9200,1.799911
_09843_,VPWR,li1,63.4800,296.4800,1.799894
_09842_,VPWR,li1,80.9600,301.9200,1.799879
_09841_,VPWR,li1,74.7500,296.4800,1.799880
_09840_,VPWR,li1,75.2100,301.9200,1.799885
_09839_,VPWR,li1,76.8200,291.0400,1.799955
_09838_,VPWR,li1,72.4500,296.4800,1.799882
_09837_,VPWR,li1,66.9300,291.0400,1.799960
_09836_,VPWR,li1,67.8500,291.0400,1.799960
_09835_,VPWR,li1,126.2700,340.0000,1.799682
_09834_,VPWR,li1,119.8300,340.0000,1.799687
_09833_,VPWR,li1,123.2800,340.0000,1.799685
_09832_,VPWR,li1,116.6100,340.0000,1.799691
_09831_,VPWR,li1,113.8500,334.5600,1.799817
_09830_,VPWR,li1,113.8500,334.5600,1.799817
_09829_,VPWR,li1,116.6100,334.5600,1.799816
_09828_,VPWR,li1,130.1800,334.5600,1.799812
_09827_,VPWR,li1,110.1700,334.5600,1.799817
_09826_,VPWR,li1,106.4900,334.5600,1.799819
_09825_,VPWR,li1,110.4000,329.1200,1.799865
_09824_,VPWR,li1,103.2700,329.1200,1.799863
_09823_,VPWR,li1,100.0500,329.1200,1.799862
_09822_,VPWR,li1,102.3500,334.5600,1.799822
_09821_,VPWR,li1,101.2000,329.1200,1.799862
_09820_,VPWR,li1,105.5700,323.6800,1.799849
_09819_,VPWR,li1,119.1400,329.1200,1.799869
_09818_,VPWR,li1,113.3900,345.4400,1.799812
_09817_,VPWR,li1,111.0900,345.4400,1.799809
_09816_,VPWR,li1,116.6100,345.4400,1.799814
_09815_,VPWR,li1,113.8500,345.4400,1.799812
_09814_,VPWR,li1,105.1100,345.4400,1.799804
_09813_,VPWR,li1,108.3300,345.4400,1.799806
_09812_,VPWR,li1,120.2900,345.4400,1.799818
_09811_,VPWR,li1,119.1400,345.4400,1.799818
_09810_,VPWR,li1,118.2200,323.6800,1.799843
_09809_,VPWR,li1,137.5400,340.0000,1.799699
_09808_,VPWR,li1,155.7100,367.2000,1.798756
_09807_,VPWR,li1,158.7000,367.2000,1.798814
_09806_,VPWR,li1,149.2700,367.2000,1.798666
_09805_,VPWR,li1,149.7300,361.7600,1.799399
_09804_,VPWR,li1,144.6700,361.7600,1.799381
_09803_,VPWR,li1,142.3700,361.7600,1.799369
_09802_,VPWR,li1,145.1300,361.7600,1.799381
_09801_,VPWR,li1,161.4600,356.3200,1.799773
_09800_,VPWR,li1,139.1500,356.3200,1.799712
_09799_,VPWR,li1,134.5500,356.3200,1.799709
_09798_,VPWR,li1,137.3100,356.3200,1.799710
_09797_,VPWR,li1,126.7300,356.3200,1.799704
_09796_,VPWR,li1,123.5100,356.3200,1.799703
_09795_,VPWR,li1,120.7500,356.3200,1.799701
_09794_,VPWR,li1,123.7400,350.8800,1.799864
_09793_,VPWR,li1,138.0000,350.8800,1.799872
_09792_,VPWR,li1,148.5800,356.3200,1.799722
_09791_,VPWR,li1,154.3300,378.0800,1.798005
_09790_,VPWR,li1,155.2500,378.0800,1.798005
_09789_,VPWR,li1,158.7000,383.5200,1.798594
_09788_,VPWR,li1,156.4000,383.5200,1.798521
_09787_,VPWR,li1,113.3900,383.5200,1.798478
_09786_,VPWR,li1,106.9500,383.5200,1.798574
_09785_,VPWR,li1,110.1700,383.5200,1.798544
_09784_,VPWR,li1,103.7300,383.5200,1.798617
_09783_,VPWR,li1,104.1900,388.9600,1.799902
_09782_,VPWR,li1,113.3900,383.5200,1.798478
_09781_,VPWR,li1,116.1500,378.0800,1.797627
_09780_,VPWR,li1,113.6200,378.0800,1.797657
_09779_,VPWR,li1,112.7000,372.6400,1.798137
_09778_,VPWR,li1,149.9600,334.5600,1.799813
_09777_,VPWR,li1,169.2800,361.7600,1.799538
_09776_,VPWR,li1,175.7200,372.6400,1.799240
_09775_,VPWR,li1,182.8500,372.6400,1.799069
_09774_,VPWR,li1,179.4000,372.6400,1.799148
_09773_,VPWR,li1,179.4000,378.0800,1.798725
_09772_,VPWR,li1,284.5100,383.5200,1.796318
_09771_,VPWR,li1,286.1200,378.0800,1.796330
_09770_,VPWR,li1,280.8300,378.0800,1.796083
_09769_,VPWR,li1,227.9300,372.6400,1.798410
_09768_,VPWR,li1,221.0300,367.2000,1.797097
_09767_,VPWR,li1,224.7100,367.2000,1.797084
_09766_,VPWR,li1,230.6900,367.2000,1.797070
_09765_,VPWR,li1,215.0500,367.2000,1.797239
_09764_,VPWR,li1,209.9900,367.2000,1.797399
_09763_,VPWR,li1,213.6700,367.2000,1.797239
_09762_,VPWR,li1,211.8300,361.7600,1.798930
_09761_,VPWR,li1,186.9900,367.2000,1.798410
_09760_,VPWR,li1,183.3100,361.7600,1.799475
_09759_,VPWR,li1,179.6300,361.7600,1.799526
_09758_,VPWR,li1,174.5700,361.7600,1.799593
_09757_,VPWR,li1,181.2400,334.5600,1.799783
_09756_,VPWR,li1,157.0900,340.0000,1.799766
_09755_,VPWR,li1,152.9500,323.6800,1.799842
_09754_,VPWR,li1,148.8100,323.6800,1.799840
_09753_,VPWR,li1,151.8000,318.2400,1.799838
_09752_,VPWR,li1,131.3300,312.8000,1.799770
_09751_,VPWR,li1,125.3500,301.9200,1.799861
_09750_,VPWR,li1,124.8900,301.9200,1.799861
_09749_,VPWR,li1,120.5200,301.9200,1.799859
_09748_,VPWR,li1,99.1300,301.9200,1.799861
_09747_,VPWR,li1,94.0700,301.9200,1.799865
_09746_,VPWR,li1,88.0900,307.3600,1.799892
_09745_,VPWR,li1,91.0800,307.3600,1.799891
_09744_,VPWR,li1,83.9500,307.3600,1.799896
_09743_,VPWR,li1,83.9500,301.9200,1.799876
_09742_,VPWR,li1,80.7300,307.3600,1.799897
_09741_,VPWR,li1,101.4300,307.3600,1.799890
_09740_,VPWR,li1,81.6500,307.3600,1.799897
_09739_,VPWR,li1,87.1700,296.4800,1.799872
_09738_,VPWR,li1,104.6500,307.3600,1.799890
_09737_,VPWR,li1,93.6100,296.4800,1.799869
_09736_,VPWR,li1,97.7500,296.4800,1.799869
_09735_,VPWR,li1,86.9400,296.4800,1.799872
_09734_,VPWR,li1,82.1100,296.4800,1.799875
_09733_,VPWR,li1,71.5300,291.0400,1.799957
_09732_,VPWR,li1,71.0700,291.0400,1.799957
_09731_,VPWR,li1,63.9400,291.0400,1.799961
_09730_,VPWR,li1,61.1800,291.0400,1.799964
_09729_,VPWR,li1,58.6500,291.0400,1.799966
_09728_,VPWR,li1,119.8300,318.2400,1.799804
_09727_,VPWR,li1,112.9300,323.6800,1.799845
_09726_,VPWR,li1,115.9200,323.6800,1.799844
_09725_,VPWR,li1,102.8100,318.2400,1.799798
_09724_,VPWR,li1,99.1300,323.6800,1.799854
_09723_,VPWR,li1,105.8000,323.6800,1.799849
_09722_,VPWR,li1,101.6600,323.6800,1.799852
_09721_,VPWR,li1,109.4800,323.6800,1.799848
_09720_,VPWR,li1,103.2700,323.6800,1.799851
_09719_,VPWR,li1,100.9700,318.2400,1.799797
_09718_,VPWR,li1,111.5500,312.8000,1.799771
_09717_,VPWR,li1,116.3800,301.9200,1.799858
_09716_,VPWR,li1,119.6000,318.2400,1.799804
_09715_,VPWR,li1,151.1100,340.0000,1.799741
_09714_,VPWR,li1,145.5900,340.0000,1.799721
_09713_,VPWR,li1,147.6600,334.5600,1.799812
_09712_,VPWR,li1,140.9900,340.0000,1.799708
_09711_,VPWR,li1,138.2300,334.5600,1.799812
_09710_,VPWR,li1,138.2300,334.5600,1.799812
_09709_,VPWR,li1,140.9900,334.5600,1.799812
_09708_,VPWR,li1,149.0400,329.1200,1.799890
_09707_,VPWR,li1,132.7100,334.5600,1.799812
_09706_,VPWR,li1,128.5700,329.1200,1.799875
_09705_,VPWR,li1,131.5600,329.1200,1.799877
_09704_,VPWR,li1,123.9700,329.1200,1.799872
_09703_,VPWR,li1,119.8300,329.1200,1.799870
_09702_,VPWR,li1,121.6700,329.1200,1.799871
_09701_,VPWR,li1,123.2800,329.1200,1.799871
_09700_,VPWR,li1,131.7900,323.6800,1.799840
_09699_,VPWR,li1,138.4600,329.1200,1.799881
_09698_,VPWR,li1,136.3900,345.4400,1.799840
_09697_,VPWR,li1,135.2400,350.8800,1.799869
_09696_,VPWR,li1,135.4700,350.8800,1.799869
_09695_,VPWR,li1,128.5700,345.4400,1.799830
_09694_,VPWR,li1,140.9900,345.4400,1.799847
_09693_,VPWR,li1,140.0700,350.8800,1.799873
_09692_,VPWR,li1,142.8300,345.4400,1.799850
_09691_,VPWR,li1,132.2500,350.8800,1.799868
_09690_,VPWR,li1,148.3500,350.8800,1.799880
_09689_,VPWR,li1,127.1900,350.8800,1.799865
_09688_,VPWR,li1,125.8100,345.4400,1.799826
_09687_,VPWR,li1,124.4300,345.4400,1.799824
_09686_,VPWR,li1,144.4400,312.8000,1.799804
_09685_,VPWR,li1,163.9900,334.5600,1.799834
_09684_,VPWR,li1,181.0100,367.2000,1.798827
_09683_,VPWR,li1,183.0800,367.2000,1.798624
_09682_,VPWR,li1,179.1700,361.7600,1.799526
_09681_,VPWR,li1,179.4000,367.2000,1.798827
_09680_,VPWR,li1,175.0300,367.2000,1.799144
_09679_,VPWR,li1,168.1300,361.7600,1.799538
_09678_,VPWR,li1,170.8900,361.7600,1.799570
_09677_,VPWR,li1,185.3800,361.7600,1.799406
_09676_,VPWR,li1,163.9900,356.3200,1.799786
_09675_,VPWR,li1,160.3100,356.3200,1.799763
_09674_,VPWR,li1,163.0700,356.3200,1.799773
_09673_,VPWR,li1,154.7900,356.3200,1.799737
_09672_,VPWR,li1,149.2700,350.8800,1.799880
_09671_,VPWR,li1,151.5700,350.8800,1.799882
_09670_,VPWR,li1,152.7200,350.8800,1.799882
_09669_,VPWR,li1,165.1400,345.4400,1.799889
_09668_,VPWR,li1,168.8200,356.3200,1.799809
_09667_,VPWR,li1,178.7100,378.0800,1.798725
_09666_,VPWR,li1,181.0100,378.0800,1.798558
_09665_,VPWR,li1,184.0000,383.5200,1.798452
_09664_,VPWR,li1,181.7000,383.5200,1.798587
_09663_,VPWR,li1,163.9900,383.5200,1.798746
_09662_,VPWR,li1,161.2300,383.5200,1.798666
_09661_,VPWR,li1,166.2900,383.5200,1.798813
_09660_,VPWR,li1,167.9000,378.0800,1.798552
_09659_,VPWR,li1,158.9300,378.0800,1.798190
_09658_,VPWR,li1,164.2200,378.0800,1.798403
_09657_,VPWR,li1,162.1500,383.5200,1.798666
_09656_,VPWR,li1,157.5500,383.5200,1.798521
_09655_,VPWR,li1,170.4300,388.9600,1.799931
_09654_,VPWR,li1,122.1300,383.5200,1.798355
_09653_,VPWR,li1,124.4300,383.5200,1.798323
_09652_,VPWR,li1,117.9900,383.5200,1.798413
_09651_,VPWR,li1,179.8600,334.5600,1.799807
_09650_,VPWR,li1,193.6600,367.2000,1.798097
_09649_,VPWR,li1,210.4500,367.2000,1.797399
_09648_,VPWR,li1,204.9300,367.2000,1.797577
_09647_,VPWR,li1,207.0000,367.2000,1.797493
_09646_,VPWR,li1,192.0500,372.6400,1.798860
_09645_,VPWR,li1,264.0400,372.6400,1.798196
_09644_,VPWR,li1,297.3900,378.0800,1.796875
_09643_,VPWR,li1,300.8400,383.5200,1.797079
_09642_,VPWR,li1,296.2400,383.5200,1.796803
_09641_,VPWR,li1,304.0600,378.0800,1.797168
_09640_,VPWR,li1,304.2900,378.0800,1.797281
_09639_,VPWR,li1,287.7300,383.5200,1.796390
_09638_,VPWR,li1,287.5000,367.2000,1.798049
_09637_,VPWR,li1,267.0300,372.6400,1.798200
_09636_,VPWR,li1,265.1900,367.2000,1.797508
_09635_,VPWR,li1,267.4900,367.2000,1.797560
_09634_,VPWR,li1,264.5000,361.7600,1.798744
_09633_,VPWR,li1,233.9100,367.2000,1.797078
_09632_,VPWR,li1,229.7700,361.7600,1.798762
_09631_,VPWR,li1,232.0700,361.7600,1.798757
_09630_,VPWR,li1,230.9200,356.3200,1.799373
_09629_,VPWR,li1,215.0500,361.7600,1.798891
_09628_,VPWR,li1,215.0500,334.5600,1.799603
_09627_,VPWR,li1,210.2200,334.5600,1.799620
_09626_,VPWR,li1,213.9000,318.2400,1.799746
_09625_,VPWR,li1,186.0700,334.5600,1.799746
_09624_,VPWR,li1,180.5500,323.6800,1.799863
_09623_,VPWR,li1,179.1700,318.2400,1.799903
_09622_,VPWR,li1,181.7000,312.8000,1.799894
_09621_,VPWR,li1,155.2500,318.2400,1.799848
_09620_,VPWR,li1,150.6500,307.3600,1.799902
_09619_,VPWR,li1,150.1900,301.9200,1.799896
_09618_,VPWR,li1,150.4200,296.4800,1.799902
_09617_,VPWR,li1,123.0500,296.4800,1.799873
_09616_,VPWR,li1,117.9900,291.0400,1.799946
_09615_,VPWR,li1,117.7600,296.4800,1.799871
_09614_,VPWR,li1,113.6200,296.4800,1.799870
_09613_,VPWR,li1,91.3100,296.4800,1.799870
_09612_,VPWR,li1,85.3300,291.0400,1.799951
_09611_,VPWR,li1,88.3200,291.0400,1.799951
_09610_,VPWR,li1,86.4800,291.0400,1.799951
_09609_,VPWR,li1,92.0000,291.0400,1.799950
_09608_,VPWR,li1,81.1900,291.0400,1.799953
_09607_,VPWR,li1,79.8100,296.4800,1.799876
_09606_,VPWR,li1,117.9900,301.9200,1.799858
_09605_,VPWR,li1,112.0100,301.9200,1.799858
_09604_,VPWR,li1,111.3200,301.9200,1.799858
_09603_,VPWR,li1,106.9500,301.9200,1.799858
_09602_,VPWR,li1,104.1900,301.9200,1.799860
_09601_,VPWR,li1,108.3300,307.3600,1.799890
_09600_,VPWR,li1,129.9500,301.9200,1.799867
_09599_,VPWR,li1,105.1100,307.3600,1.799890
_09598_,VPWR,li1,112.0100,296.4800,1.799869
_09597_,VPWR,li1,136.8500,301.9200,1.799875
_09596_,VPWR,li1,147.8900,312.8000,1.799813
_09595_,VPWR,li1,141.4500,312.8000,1.799794
_09594_,VPWR,li1,141.6800,312.8000,1.799794
_09593_,VPWR,li1,129.4900,318.2400,1.799813
_09592_,VPWR,li1,116.6100,312.8000,1.799767
_09591_,VPWR,li1,116.6100,312.8000,1.799767
_09590_,VPWR,li1,115.6900,318.2400,1.799802
_09589_,VPWR,li1,113.1600,307.3600,1.799891
_09588_,VPWR,li1,113.8500,312.8000,1.799769
_09587_,VPWR,li1,111.5500,312.8000,1.799771
_09586_,VPWR,li1,119.6000,312.8000,1.799765
_09585_,VPWR,li1,124.4300,323.6800,1.799842
_09584_,VPWR,li1,130.6400,323.6800,1.799841
_09583_,VPWR,li1,129.2600,318.2400,1.799813
_09582_,VPWR,li1,134.3200,323.6800,1.799840
_09581_,VPWR,li1,126.7300,323.6800,1.799841
_09580_,VPWR,li1,143.5200,301.9200,1.799887
_09579_,VPWR,li1,150.6500,318.2400,1.799838
_09578_,VPWR,li1,182.8500,329.1200,1.799890
_09577_,VPWR,li1,176.8700,334.5600,1.799832
_09576_,VPWR,li1,178.0200,329.1200,1.799912
_09575_,VPWR,li1,167.6700,334.5600,1.799842
_09574_,VPWR,li1,163.9900,334.5600,1.799834
_09573_,VPWR,li1,161.2300,334.5600,1.799829
_09572_,VPWR,li1,166.7500,334.5600,1.799838
_09571_,VPWR,li1,166.5200,329.1200,1.799912
_09570_,VPWR,li1,152.4900,329.1200,1.799895
_09569_,VPWR,li1,149.2700,329.1200,1.799890
_09568_,VPWR,li1,152.0300,329.1200,1.799892
_09567_,VPWR,li1,142.8300,329.1200,1.799885
_09566_,VPWR,li1,139.6100,329.1200,1.799883
_09565_,VPWR,li1,140.9900,329.1200,1.799883
_09564_,VPWR,li1,140.3000,323.6800,1.799840
_09563_,VPWR,li1,144.2100,323.6800,1.799840
_09562_,VPWR,li1,155.9400,329.1200,1.799899
_09561_,VPWR,li1,162.1500,345.4400,1.799883
_09560_,VPWR,li1,162.8400,350.8800,1.799894
_09559_,VPWR,li1,169.0500,345.4400,1.799897
_09558_,VPWR,li1,165.6000,345.4400,1.799889
_09557_,VPWR,li1,159.1600,345.4400,1.799876
_09556_,VPWR,li1,162.3800,345.4400,1.799883
_09555_,VPWR,li1,143.0600,350.8800,1.799876
_09554_,VPWR,li1,156.1700,345.4400,1.799872
_09553_,VPWR,li1,177.3300,345.4400,1.799895
_09552_,VPWR,li1,153.8700,345.4400,1.799868
_09551_,VPWR,li1,152.4900,345.4400,1.799865
_09550_,VPWR,li1,149.2700,345.4400,1.799860
_09549_,VPWR,li1,181.2400,312.8000,1.799894
_09548_,VPWR,li1,187.4500,329.1200,1.799863
_09547_,VPWR,li1,208.1500,361.7600,1.798989
_09546_,VPWR,li1,208.1500,361.7600,1.798989
_09545_,VPWR,li1,203.0900,361.7600,1.799078
_09544_,VPWR,li1,205.8500,361.7600,1.799033
_09543_,VPWR,li1,196.6500,367.2000,1.798001
_09542_,VPWR,li1,192.9700,361.7600,1.799264
_09541_,VPWR,li1,195.7300,361.7600,1.799213
_09540_,VPWR,li1,208.8400,350.8800,1.799630
_09539_,VPWR,li1,187.9100,356.3200,1.799729
_09538_,VPWR,li1,182.8500,356.3200,1.799772
_09537_,VPWR,li1,184.2300,356.3200,1.799772
_09536_,VPWR,li1,175.0300,356.3200,1.799846
_09535_,VPWR,li1,172.2700,350.8800,1.799903
_09534_,VPWR,li1,174.5700,350.8800,1.799906
_09533_,VPWR,li1,182.1600,350.8800,1.799843
_09532_,VPWR,li1,171.3500,356.3200,1.799825
_09531_,VPWR,li1,172.2700,356.3200,1.799825
_09530_,VPWR,li1,184.0000,340.0000,1.799889
_09529_,VPWR,li1,189.9800,350.8800,1.799779
_09528_,VPWR,li1,193.8900,372.6400,1.798818
_09527_,VPWR,li1,196.1900,372.6400,1.798777
_09526_,VPWR,li1,195.2700,372.6400,1.798818
_09525_,VPWR,li1,214.8200,378.0800,1.796768
_09524_,VPWR,li1,189.7500,372.6400,1.798912
_09523_,VPWR,li1,189.5200,383.5200,1.798077
_09522_,VPWR,li1,187.6800,378.0800,1.798154
_09521_,VPWR,li1,189.9800,378.0800,1.798015
_09520_,VPWR,li1,191.3600,378.0800,1.798015
_09519_,VPWR,li1,183.7700,383.5200,1.798452
_09518_,VPWR,li1,180.7800,383.5200,1.798707
_09517_,VPWR,li1,195.7300,383.5200,1.797778
_09516_,VPWR,li1,175.9500,383.5200,1.799053
_09515_,VPWR,li1,173.6500,383.5200,1.799000
_09514_,VPWR,li1,174.5700,383.5200,1.799053
_09513_,VPWR,li1,170.8900,383.5200,1.798946
_09512_,VPWR,li1,170.8900,383.5200,1.798946
_09511_,VPWR,li1,116.6100,383.5200,1.798452
_09510_,VPWR,li1,202.4000,318.2400,1.799792
_09509_,VPWR,li1,216.6600,356.3200,1.799465
_09508_,VPWR,li1,229.3100,367.2000,1.797073
_09507_,VPWR,li1,227.4700,367.2000,1.797079
_09506_,VPWR,li1,227.0100,367.2000,1.797079
_09505_,VPWR,li1,229.5400,372.6400,1.798392
_09504_,VPWR,li1,258.0600,372.6400,1.798230
_09503_,VPWR,li1,307.0500,378.0800,1.797454
_09502_,VPWR,li1,307.2800,378.0800,1.797454
_09501_,VPWR,li1,306.1300,372.6400,1.798872
_09500_,VPWR,li1,304.0600,372.6400,1.798824
_09499_,VPWR,li1,304.5200,372.6400,1.798824
_09498_,VPWR,li1,290.0300,367.2000,1.798110
_09497_,VPWR,li1,285.8900,361.7600,1.798952
_09496_,VPWR,li1,290.7200,361.7600,1.799033
_09495_,VPWR,li1,291.1800,350.8800,1.799367
_09494_,VPWR,li1,261.5100,361.7600,1.798732
_09493_,VPWR,li1,260.1300,356.3200,1.799365
_09492_,VPWR,li1,261.5100,361.7600,1.798732
_09491_,VPWR,li1,265.4200,345.4400,1.799402
_09490_,VPWR,li1,232.9900,356.3200,1.799356
_09489_,VPWR,li1,227.4700,350.8800,1.799502
_09488_,VPWR,li1,230.4600,350.8800,1.799488
_09487_,VPWR,li1,227.7000,329.1200,1.799701
_09486_,VPWR,li1,212.2900,323.6800,1.799712
_09485_,VPWR,li1,207.6900,318.2400,1.799764
_09484_,VPWR,li1,210.4500,318.2400,1.799756
_09483_,VPWR,li1,213.9000,312.8000,1.799832
_09482_,VPWR,li1,184.2300,312.8000,1.799881
_09481_,VPWR,li1,179.1700,301.9200,1.799942
_09480_,VPWR,li1,181.9300,301.9200,1.799936
_09479_,VPWR,li1,181.2400,296.4800,1.799938
_09478_,VPWR,li1,154.3300,296.4800,1.799908
_09477_,VPWR,li1,151.1100,296.4800,1.799902
_09476_,VPWR,li1,148.3500,296.4800,1.799897
_09475_,VPWR,li1,146.9700,296.4800,1.799897
_09474_,VPWR,li1,145.8200,296.4800,1.799894
_09473_,VPWR,li1,117.5300,296.4800,1.799871
_09472_,VPWR,li1,122.8200,291.0400,1.799946
_09471_,VPWR,li1,98.6700,291.0400,1.799948
_09470_,VPWR,li1,99.1300,291.0400,1.799948
_09469_,VPWR,li1,101.8900,291.0400,1.799947
_09468_,VPWR,li1,106.9500,296.4800,1.799869
_09467_,VPWR,li1,107.1800,296.4800,1.799869
_09466_,VPWR,li1,106.2600,291.0400,1.799947
_09465_,VPWR,li1,110.4000,291.0400,1.799946
_09464_,VPWR,li1,103.2700,296.4800,1.799869
_09463_,VPWR,li1,149.2700,301.9200,1.799896
_09462_,VPWR,li1,140.5300,301.9200,1.799882
_09461_,VPWR,li1,140.7600,301.9200,1.799882
_09460_,VPWR,li1,135.9300,301.9200,1.799875
_09459_,VPWR,li1,132.7100,307.3600,1.799896
_09458_,VPWR,li1,132.7100,301.9200,1.799870
_09457_,VPWR,li1,159.3900,301.9200,1.799913
_09456_,VPWR,li1,133.1700,301.9200,1.799870
_09455_,VPWR,li1,135.9300,296.4800,1.799884
_09454_,VPWR,li1,158.7000,296.4800,1.799917
_09453_,VPWR,li1,178.7100,312.8000,1.799905
_09452_,VPWR,li1,175.4900,312.8000,1.799917
_09451_,VPWR,li1,177.3300,312.8000,1.799905
_09450_,VPWR,li1,152.9500,312.8000,1.799836
_09449_,VPWR,li1,151.1100,312.8000,1.799830
_09448_,VPWR,li1,153.4100,312.8000,1.799836
_09447_,VPWR,li1,161.6900,312.8000,1.799864
_09446_,VPWR,li1,123.5100,312.8000,1.799763
_09445_,VPWR,li1,120.7500,307.3600,1.799893
_09444_,VPWR,li1,120.2900,312.8000,1.799765
_09443_,VPWR,li1,121.9000,307.3600,1.799893
_09442_,VPWR,li1,119.6000,307.3600,1.799892
_09441_,VPWR,li1,142.8300,318.2400,1.799829
_09440_,VPWR,li1,137.7700,312.8000,1.799785
_09439_,VPWR,li1,138.6900,318.2400,1.799823
_09438_,VPWR,li1,141.4500,318.2400,1.799826
_09437_,VPWR,li1,144.6700,318.2400,1.799831
_09436_,VPWR,li1,174.3400,296.4800,1.799952
_09435_,VPWR,li1,175.9500,312.8000,1.799917
_09434_,VPWR,li1,205.3900,323.6800,1.799736
_09433_,VPWR,li1,200.7900,323.6800,1.799756
_09432_,VPWR,li1,197.3400,323.6800,1.799778
_09431_,VPWR,li1,191.5900,323.6800,1.799798
_09430_,VPWR,li1,187.9100,323.6800,1.799818
_09429_,VPWR,li1,184.4600,323.6800,1.799835
_09428_,VPWR,li1,190.2100,329.1200,1.799851
_09427_,VPWR,li1,187.6800,323.6800,1.799818
_09426_,VPWR,li1,169.5100,323.6800,1.799882
_09425_,VPWR,li1,164.4500,323.6800,1.799868
_09424_,VPWR,li1,165.8300,323.6800,1.799868
_09423_,VPWR,li1,159.8500,329.1200,1.799902
_09422_,VPWR,li1,156.6300,329.1200,1.799899
_09421_,VPWR,li1,158.4700,329.1200,1.799902
_09420_,VPWR,li1,156.8600,323.6800,1.799851
_09419_,VPWR,li1,166.7500,318.2400,1.799881
_09418_,VPWR,li1,171.3500,329.1200,1.799921
_09417_,VPWR,li1,186.9900,345.4400,1.799831
_09416_,VPWR,li1,180.0900,345.4400,1.799880
_09415_,VPWR,li1,182.6200,345.4400,1.799860
_09414_,VPWR,li1,181.4700,340.0000,1.799896
_09413_,VPWR,li1,191.1300,340.0000,1.799877
_09412_,VPWR,li1,171.3500,345.4400,1.799901
_09411_,VPWR,li1,172.7300,345.4400,1.799905
_09410_,VPWR,li1,175.2600,345.4400,1.799910
_09409_,VPWR,li1,175.0300,345.4400,1.799910
_09408_,VPWR,li1,172.7300,340.0000,1.799885
_09407_,VPWR,li1,177.7900,345.4400,1.799895
_09406_,VPWR,li1,168.5900,345.4400,1.799893
_09405_,VPWR,li1,148.8100,340.0000,1.799728
_09404_,VPWR,li1,189.2900,345.4400,1.799817
_09403_,VPWR,li1,193.4300,345.4400,1.799797
_09402_,VPWR,li1,184.6900,350.8800,1.799822
_09401_,VPWR,li1,182.8500,345.4400,1.799860
_09400_,VPWR,li1,179.6300,345.4400,1.799880
_09399_,VPWR,li1,197.8000,312.8000,1.799856
_09398_,VPWR,li1,207.4600,323.6800,1.799729
_09397_,VPWR,li1,229.3100,356.3200,1.799373
_09396_,VPWR,li1,226.5500,356.3200,1.799400
_09395_,VPWR,li1,223.3300,356.3200,1.799412
_09394_,VPWR,li1,223.7900,361.7600,1.798823
_09393_,VPWR,li1,219.6500,356.3200,1.799444
_09392_,VPWR,li1,216.8900,356.3200,1.799465
_09391_,VPWR,li1,220.5700,356.3200,1.799444
_09390_,VPWR,li1,219.1900,356.3200,1.799444
_09389_,VPWR,li1,229.3100,350.8800,1.799488
_09388_,VPWR,li1,211.8300,350.8800,1.799616
_09387_,VPWR,li1,207.2300,350.8800,1.799651
_09386_,VPWR,li1,209.5300,350.8800,1.799630
_09385_,VPWR,li1,196.1900,350.8800,1.799742
_09384_,VPWR,li1,194.5800,350.8800,1.799742
_09383_,VPWR,li1,192.9700,350.8800,1.799760
_09382_,VPWR,li1,191.1300,356.3200,1.799705
_09381_,VPWR,li1,201.4800,356.3200,1.799599
_09380_,VPWR,li1,198.7200,345.4400,1.799758
_09379_,VPWR,li1,192.7400,356.3200,1.799682
_09378_,VPWR,li1,210.6800,340.0000,1.799850
_09377_,VPWR,li1,217.1200,345.4400,1.799648
_09376_,VPWR,li1,232.5300,372.6400,1.798375
_09375_,VPWR,li1,227.4700,378.0800,1.796530
_09374_,VPWR,li1,232.0700,372.6400,1.798375
_09373_,VPWR,li1,232.0700,378.0800,1.796481
_09372_,VPWR,li1,217.3500,378.0800,1.796675
_09371_,VPWR,li1,219.6500,372.6400,1.798457
_09370_,VPWR,li1,217.1200,372.6400,1.798484
_09369_,VPWR,li1,217.1200,372.6400,1.798484
_09368_,VPWR,li1,218.7300,383.5200,1.797049
_09367_,VPWR,li1,220.1100,383.5200,1.797049
_09366_,VPWR,li1,216.8900,383.5200,1.797078
_09365_,VPWR,li1,220.3400,383.5200,1.797049
_09364_,VPWR,li1,213.6700,383.5200,1.797120
_09363_,VPWR,li1,210.9100,383.5200,1.797182
_09362_,VPWR,li1,190.2100,383.5200,1.798077
_09361_,VPWR,li1,194.1200,383.5200,1.797778
_09360_,VPWR,li1,192.5100,383.5200,1.797913
_09359_,VPWR,li1,222.6400,323.6800,1.799701
_09358_,VPWR,li1,243.3400,356.3200,1.799352
_09357_,VPWR,li1,259.2100,367.2000,1.797424
_09356_,VPWR,li1,255.9900,367.2000,1.797380
_09355_,VPWR,li1,260.1300,372.6400,1.798211
_09354_,VPWR,li1,252.0800,372.6400,1.798254
_09353_,VPWR,li1,257.6000,356.3200,1.799360
_09352_,VPWR,li1,311.1900,378.0800,1.797760
_09351_,VPWR,li1,331.4300,378.0800,1.799114
_09350_,VPWR,li1,309.8100,378.0800,1.797602
_09349_,VPWR,li1,309.1200,372.6400,1.798965
_09348_,VPWR,li1,307.0500,372.6400,1.798872
_09347_,VPWR,li1,307.2800,367.2000,1.798783
_09346_,VPWR,li1,305.2100,367.2000,1.798697
_09345_,VPWR,li1,303.6000,350.8800,1.799409
_09344_,VPWR,li1,308.8900,367.2000,1.798783
_09343_,VPWR,li1,302.6800,350.8800,1.799409
_09342_,VPWR,li1,291.1800,350.8800,1.799367
_09341_,VPWR,li1,293.4800,350.8800,1.799374
_09340_,VPWR,li1,285.8900,345.4400,1.799389
_09339_,VPWR,li1,286.5800,345.4400,1.799389
_09338_,VPWR,li1,262.2000,345.4400,1.799418
_09337_,VPWR,li1,264.7300,345.4400,1.799402
_09336_,VPWR,li1,259.9000,329.1200,1.799668
_09335_,VPWR,li1,258.5200,323.6800,1.799707
_09334_,VPWR,li1,230.9200,329.1200,1.799694
_09333_,VPWR,li1,228.1600,323.6800,1.799698
_09332_,VPWR,li1,224.9400,312.8000,1.799827
_09331_,VPWR,li1,220.8000,312.8000,1.799828
_09330_,VPWR,li1,210.6800,312.8000,1.799836
_09329_,VPWR,li1,212.9800,312.8000,1.799833
_09328_,VPWR,li1,209.9900,301.9200,1.799887
_09327_,VPWR,li1,214.3600,301.9200,1.799882
_09326_,VPWR,li1,182.1600,301.9200,1.799936
_09325_,VPWR,li1,184.0000,296.4800,1.799934
_09324_,VPWR,li1,180.7800,296.4800,1.799938
_09323_,VPWR,li1,183.0800,296.4800,1.799934
_09322_,VPWR,li1,184.4600,291.0400,1.799970
_09321_,VPWR,li1,146.2800,291.0400,1.799957
_09320_,VPWR,li1,148.5800,296.4800,1.799897
_09319_,VPWR,li1,143.5200,291.0400,1.799955
_09318_,VPWR,li1,141.2200,291.0400,1.799954
_09317_,VPWR,li1,129.9500,291.0400,1.799948
_09316_,VPWR,li1,126.5000,291.0400,1.799947
_09315_,VPWR,li1,135.4700,291.0400,1.799950
_09314_,VPWR,li1,128.5700,296.4800,1.799879
_09313_,VPWR,li1,139.1500,296.4800,1.799889
_09312_,VPWR,li1,141.4500,296.4800,1.799891
_09311_,VPWR,li1,137.0800,291.0400,1.799951
_09310_,VPWR,li1,131.7900,296.4800,1.799882
_09309_,VPWR,li1,135.0100,296.4800,1.799884
_09308_,VPWR,li1,176.8700,296.4800,1.799946
_09307_,VPWR,li1,175.0300,296.4800,1.799952
_09306_,VPWR,li1,171.5800,296.4800,1.799946
_09305_,VPWR,li1,165.8300,296.4800,1.799932
_09304_,VPWR,li1,161.6900,301.9200,1.799921
_09303_,VPWR,li1,162.1500,296.4800,1.799923
_09302_,VPWR,li1,187.4500,296.4800,1.799927
_09301_,VPWR,li1,175.0300,291.0400,1.799980
_09300_,VPWR,li1,197.1100,296.4800,1.799913
_09299_,VPWR,li1,201.2500,312.8000,1.799848
_09298_,VPWR,li1,197.5700,318.2400,1.799810
_09297_,VPWR,li1,192.7400,312.8000,1.799863
_09296_,VPWR,li1,194.8100,312.8000,1.799859
_09295_,VPWR,li1,172.5000,312.8000,1.799908
_09294_,VPWR,li1,170.2000,312.8000,1.799901
_09293_,VPWR,li1,174.3400,307.3600,1.799927
_09292_,VPWR,li1,172.0400,307.3600,1.799924
_09291_,VPWR,li1,191.1300,307.3600,1.799844
_09290_,VPWR,li1,162.1500,307.3600,1.799914
_09289_,VPWR,li1,164.9100,307.3600,1.799917
_09288_,VPWR,li1,158.4700,307.3600,1.799909
_09287_,VPWR,li1,159.8500,312.8000,1.799856
_09286_,VPWR,li1,123.7400,307.3600,1.799894
_09285_,VPWR,li1,167.2100,318.2400,1.799887
_09284_,VPWR,li1,169.5100,318.2400,1.799895
_09283_,VPWR,li1,165.6000,312.8000,1.799882
_09282_,VPWR,li1,163.5300,318.2400,1.799875
_09281_,VPWR,li1,163.5300,318.2400,1.799875
_09280_,VPWR,li1,199.6400,301.9200,1.799904
_09279_,VPWR,li1,200.1000,312.8000,1.799852
_09278_,VPWR,li1,222.8700,329.1200,1.799716
_09277_,VPWR,li1,219.1900,323.6800,1.799703
_09276_,VPWR,li1,219.8800,329.1200,1.799727
_09275_,VPWR,li1,213.6700,329.1200,1.799751
_09274_,VPWR,li1,213.6700,323.6800,1.799712
_09273_,VPWR,li1,210.2200,323.6800,1.799719
_09272_,VPWR,li1,239.2000,323.6800,1.799699
_09271_,VPWR,li1,190.6700,323.6800,1.799807
_09270_,VPWR,li1,185.1500,323.6800,1.799835
_09269_,VPWR,li1,183.3100,318.2400,1.799877
_09268_,VPWR,li1,175.0300,323.6800,1.799896
_09267_,VPWR,li1,83.0300,329.1200,1.799858
_09266_,VPWR,li1,175.0300,329.1200,1.799927
_09265_,VPWR,li1,177.7900,329.1200,1.799912
_09264_,VPWR,li1,196.8800,329.1200,1.799829
_09263_,VPWR,li1,171.3500,307.3600,1.799924
_09262_,VPWR,li1,230.6900,323.6800,1.799698
_09261_,VPWR,li1,208.1500,340.0000,1.799853
_09260_,VPWR,li1,203.5500,340.0000,1.799858
_09259_,VPWR,li1,204.7000,334.5600,1.799648
_09258_,VPWR,li1,205.1600,329.1200,1.799786
_09257_,VPWR,li1,196.6500,340.0000,1.799870
_09256_,VPWR,li1,194.3500,340.0000,1.799874
_09255_,VPWR,li1,194.1200,340.0000,1.799874
_09254_,VPWR,li1,191.5900,334.5600,1.799714
_09253_,VPWR,li1,191.5900,340.0000,1.799877
_09252_,VPWR,li1,207.6900,340.0000,1.799853
_09251_,VPWR,li1,204.0100,345.4400,1.799733
_09250_,VPWR,li1,208.1500,345.4400,1.799711
_09249_,VPWR,li1,200.5600,340.0000,1.799863
_09248_,VPWR,li1,200.7900,345.4400,1.799746
_09247_,VPWR,li1,197.1100,345.4400,1.799778
_09246_,VPWR,li1,223.1000,318.2400,1.799736
_09245_,VPWR,li1,236.2100,329.1200,1.799686
_09244_,VPWR,li1,260.1300,350.8800,1.799384
_09243_,VPWR,li1,255.5300,350.8800,1.799397
_09242_,VPWR,li1,255.7600,350.8800,1.799397
_09241_,VPWR,li1,246.7900,356.3200,1.799352
_09240_,VPWR,li1,239.8900,356.3200,1.799352
_09239_,VPWR,li1,241.7300,350.8800,1.799441
_09238_,VPWR,li1,248.8600,350.8800,1.799417
_09237_,VPWR,li1,234.8300,350.8800,1.799467
_09236_,VPWR,li1,227.0100,345.4400,1.799593
_09235_,VPWR,li1,229.3100,345.4400,1.799580
_09234_,VPWR,li1,221.0300,345.4400,1.799626
_09233_,VPWR,li1,231.1500,340.0000,1.799831
_09232_,VPWR,li1,217.3500,345.4400,1.799648
_09231_,VPWR,li1,216.8900,350.8800,1.799571
_09230_,VPWR,li1,214.3600,345.4400,1.799665
_09229_,VPWR,li1,206.0800,350.8800,1.799651
_09228_,VPWR,li1,201.9400,350.8800,1.799684
_09227_,VPWR,li1,205.3900,356.3200,1.799570
_09226_,VPWR,li1,200.5600,356.3200,1.799621
_09225_,VPWR,li1,197.5700,356.3200,1.799640
_09224_,VPWR,li1,219.1900,340.0000,1.799841
_09223_,VPWR,li1,229.5400,340.0000,1.799833
_09222_,VPWR,li1,241.5000,345.4400,1.799523
_09221_,VPWR,li1,247.7100,372.6400,1.798284
_09220_,VPWR,li1,246.7900,372.6400,1.798284
_09219_,VPWR,li1,249.5500,372.6400,1.798268
_09218_,VPWR,li1,255.7600,383.5200,1.796564
_09217_,VPWR,li1,240.8100,372.6400,1.798331
_09216_,VPWR,li1,241.5000,378.0800,1.796380
_09215_,VPWR,li1,239.4300,378.0800,1.796402
_09214_,VPWR,li1,232.9900,383.5200,1.796853
_09213_,VPWR,li1,230.2300,383.5200,1.796913
_09212_,VPWR,li1,237.1300,383.5200,1.796797
_09211_,VPWR,li1,226.5500,383.5200,1.796941
_09210_,VPWR,li1,227.4700,388.9600,1.799846
_09209_,VPWR,li1,228.6200,383.5200,1.796913
_09208_,VPWR,li1,222.8700,383.5200,1.796992
_09207_,VPWR,li1,223.3300,388.9600,1.799849
_09206_,VPWR,li1,240.1200,372.6400,1.798331
_09205_,VPWR,li1,242.6500,372.6400,1.798309
_09204_,VPWR,li1,239.2000,372.6400,1.798331
_09203_,VPWR,li1,255.9900,372.6400,1.798240
_09202_,VPWR,li1,258.2900,372.6400,1.798220
_09201_,VPWR,li1,260.1300,372.6400,1.798211
_09200_,VPWR,li1,270.4800,378.0800,1.796075
_09199_,VPWR,li1,250.9300,383.5200,1.796621
_09198_,VPWR,li1,253.4600,329.1200,1.799669
_09197_,VPWR,li1,266.8000,356.3200,1.799400
_09196_,VPWR,li1,291.4100,356.3200,1.799547
_09195_,VPWR,li1,286.3500,356.3200,1.799506
_09194_,VPWR,li1,288.4200,356.3200,1.799519
_09193_,VPWR,li1,287.0400,372.6400,1.798534
_09192_,VPWR,li1,336.0300,378.0800,1.799104
_09191_,VPWR,li1,336.2600,356.3200,1.799826
_09190_,VPWR,li1,330.5100,378.0800,1.799128
_09189_,VPWR,li1,332.8100,378.0800,1.799114
_09188_,VPWR,li1,322.2300,372.6400,1.799394
_09187_,VPWR,li1,321.3100,356.3200,1.799765
_09186_,VPWR,li1,316.0200,350.8800,1.799557
_09185_,VPWR,li1,308.4300,350.8800,1.799466
_09184_,VPWR,li1,306.1300,350.8800,1.799439
_09183_,VPWR,li1,303.8300,345.4400,1.799484
_09182_,VPWR,li1,306.8200,345.4400,1.799511
_09181_,VPWR,li1,310.5000,345.4400,1.799535
_09180_,VPWR,li1,290.9500,345.4400,1.799406
_09179_,VPWR,li1,293.2500,345.4400,1.799418
_09178_,VPWR,li1,285.4300,340.0000,1.799810
_09177_,VPWR,li1,285.6600,340.0000,1.799810
_09176_,VPWR,li1,288.4200,323.6800,1.799754
_09175_,VPWR,li1,261.5100,329.1200,1.799668
_09174_,VPWR,li1,262.8900,329.1200,1.799676
_09173_,VPWR,li1,257.8300,318.2400,1.799739
_09172_,VPWR,li1,260.5900,318.2400,1.799740
_09171_,VPWR,li1,261.2800,318.2400,1.799740
_09170_,VPWR,li1,226.5500,318.2400,1.799733
_09169_,VPWR,li1,228.3900,312.8000,1.799827
_09168_,VPWR,li1,221.9500,307.3600,1.799683
_09167_,VPWR,li1,229.0800,307.3600,1.799648
_09166_,VPWR,li1,226.3200,307.3600,1.799661
_09165_,VPWR,li1,214.1300,307.3600,1.799721
_09164_,VPWR,li1,212.7500,301.9200,1.799885
_09163_,VPWR,li1,213.6700,296.4800,1.799897
_09162_,VPWR,li1,216.6600,296.4800,1.799895
_09161_,VPWR,li1,220.8000,296.4800,1.799893
_09160_,VPWR,li1,187.9100,291.0400,1.799967
_09159_,VPWR,li1,186.0700,291.0400,1.799970
_09158_,VPWR,li1,188.8300,291.0400,1.799967
_09157_,VPWR,li1,220.3400,291.0400,1.799953
_09156_,VPWR,li1,173.6500,291.0400,1.799977
_09155_,VPWR,li1,170.6600,291.0400,1.799975
_09154_,VPWR,li1,166.5200,291.0400,1.799972
_09153_,VPWR,li1,166.7500,291.0400,1.799972
_09152_,VPWR,li1,166.5200,296.4800,1.799932
_09151_,VPWR,li1,205.3900,301.9200,1.799895
_09150_,VPWR,li1,202.4000,301.9200,1.799900
_09149_,VPWR,li1,200.1000,296.4800,1.799911
_09148_,VPWR,li1,202.6300,296.4800,1.799907
_09147_,VPWR,li1,197.1100,291.0400,1.799962
_09146_,VPWR,li1,200.7900,296.4800,1.799909
_09145_,VPWR,li1,194.3500,296.4800,1.799919
_09144_,VPWR,li1,199.4100,291.0400,1.799961
_09143_,VPWR,li1,204.0100,291.0400,1.799959
_09142_,VPWR,li1,220.1100,318.2400,1.799739
_09141_,VPWR,li1,217.3500,312.8000,1.799830
_09140_,VPWR,li1,217.3500,312.8000,1.799830
_09139_,VPWR,li1,196.6500,312.8000,1.799856
_09138_,VPWR,li1,194.3500,312.8000,1.799863
_09137_,VPWR,li1,197.8000,307.3600,1.799808
_09136_,VPWR,li1,195.7300,307.3600,1.799819
_09135_,VPWR,li1,239.2000,307.3600,1.799644
_09134_,VPWR,li1,193.6600,307.3600,1.799830
_09133_,VPWR,li1,190.2100,307.3600,1.799854
_09132_,VPWR,li1,188.3700,301.9200,1.799925
_09131_,VPWR,li1,189.7500,301.9200,1.799922
_09130_,VPWR,li1,191.5900,301.9200,1.799918
_09129_,VPWR,li1,161.6900,296.4800,1.799923
_09128_,VPWR,li1,185.6100,312.8000,1.799881
_09127_,VPWR,li1,168.3600,307.3600,1.799919
_09126_,VPWR,li1,167.6700,307.3600,1.799919
_09125_,VPWR,li1,174.1100,307.3600,1.799927
_09124_,VPWR,li1,169.9700,307.3600,1.799922
_09123_,VPWR,li1,157.5500,307.3600,1.799909
_09122_,VPWR,li1,161.2300,307.3600,1.799911
_09121_,VPWR,li1,221.0300,318.2400,1.799739
_09120_,VPWR,li1,249.5500,312.8000,1.799839
_09119_,VPWR,li1,255.9900,329.1200,1.799668
_09118_,VPWR,li1,252.3100,329.1200,1.799669
_09117_,VPWR,li1,249.5500,329.1200,1.799673
_09116_,VPWR,li1,239.2000,329.1200,1.799682
_09115_,VPWR,li1,241.5000,329.1200,1.799679
_09114_,VPWR,li1,240.1200,329.1200,1.799682
_09113_,VPWR,li1,237.8200,329.1200,1.799686
_09112_,VPWR,li1,245.6400,329.1200,1.799675
_09111_,VPWR,li1,242.4200,329.1200,1.799679
_09110_,VPWR,li1,241.7300,323.6800,1.799700
_09109_,VPWR,li1,237.8200,323.6800,1.799699
_09108_,VPWR,li1,235.7500,323.6800,1.799699
_09107_,VPWR,li1,230.2300,318.2400,1.799732
_09106_,VPWR,li1,232.9900,318.2400,1.799732
_09105_,VPWR,li1,230.2300,318.2400,1.799732
_09104_,VPWR,li1,232.9900,318.2400,1.799732
_09103_,VPWR,li1,239.4300,318.2400,1.799733
_09102_,VPWR,li1,232.5300,334.5600,1.799638
_09101_,VPWR,li1,229.3100,334.5600,1.799631
_09100_,VPWR,li1,230.2300,334.5600,1.799631
_09099_,VPWR,li1,232.0700,334.5600,1.799638
_09098_,VPWR,li1,249.0900,334.5600,1.799680
_09097_,VPWR,li1,202.6300,334.5600,1.799658
_09096_,VPWR,li1,168.5900,329.1200,1.799916
_09095_,VPWR,li1,164.4500,329.1200,1.799909
_09094_,VPWR,li1,200.3300,329.1200,1.799807
_09093_,VPWR,li1,203.0900,329.1200,1.799795
_09092_,VPWR,li1,203.3200,329.1200,1.799795
_09091_,VPWR,li1,199.8700,323.6800,1.799764
_09090_,VPWR,li1,222.8700,334.5600,1.799618
_09089_,VPWR,li1,220.8000,334.5600,1.799612
_09088_,VPWR,li1,219.6500,334.5600,1.799612
_09087_,VPWR,li1,225.6300,334.5600,1.799622
_09086_,VPWR,li1,254.8400,318.2400,1.799737
_09085_,VPWR,li1,268.1800,329.1200,1.799692
_09084_,VPWR,li1,286.3500,350.8800,1.799362
_09083_,VPWR,li1,290.0300,356.3200,1.799532
_09082_,VPWR,li1,280.8300,350.8800,1.799362
_09081_,VPWR,li1,283.5900,350.8800,1.799362
_09080_,VPWR,li1,274.8500,350.8800,1.799366
_09079_,VPWR,li1,268.8700,350.8800,1.799372
_09078_,VPWR,li1,268.4100,356.3200,1.799400
_09077_,VPWR,li1,271.1700,350.8800,1.799370
_09076_,VPWR,li1,272.3200,356.3200,1.799427
_09075_,VPWR,li1,252.3100,350.8800,1.799403
_09074_,VPWR,li1,248.1700,350.8800,1.799417
_09073_,VPWR,li1,251.3900,350.8800,1.799411
_09072_,VPWR,li1,245.4100,345.4400,1.799494
_09071_,VPWR,li1,239.8900,345.4400,1.799523
_09070_,VPWR,li1,233.9100,340.0000,1.799829
_09069_,VPWR,li1,234.8300,345.4400,1.799550
_09068_,VPWR,li1,231.6100,345.4400,1.799567
_09067_,VPWR,li1,241.7300,340.0000,1.799824
_09066_,VPWR,li1,241.2700,361.7600,1.798748
_09065_,VPWR,li1,258.5200,340.0000,1.799814
_09064_,VPWR,li1,284.0500,372.6400,1.798493
_09063_,VPWR,li1,289.1100,372.6400,1.798575
_09062_,VPWR,li1,287.9600,372.6400,1.798534
_09061_,VPWR,li1,290.7200,372.6400,1.798575
_09060_,VPWR,li1,262.4300,383.5200,1.796480
_09059_,VPWR,li1,259.2100,383.5200,1.796529
_09058_,VPWR,li1,255.5300,378.0800,1.796232
_09057_,VPWR,li1,265.4200,383.5200,1.796431
_09056_,VPWR,li1,242.6500,383.5200,1.796724
_09055_,VPWR,li1,239.4300,383.5200,1.796773
_09054_,VPWR,li1,236.2100,388.9600,1.799835
_09053_,VPWR,li1,232.0700,383.5200,1.796881
_09052_,VPWR,li1,240.5800,383.5200,1.796773
_09051_,VPWR,li1,252.3100,383.5200,1.796597
_09050_,VPWR,li1,251.1600,378.0800,1.796278
_09049_,VPWR,li1,248.1700,383.5200,1.796651
_09048_,VPWR,li1,248.6300,383.5200,1.796651
_09047_,VPWR,li1,281.7500,372.6400,1.798443
_09046_,VPWR,li1,274.3900,378.0800,1.796044
_09045_,VPWR,li1,294.1700,378.0800,1.796719
_09044_,VPWR,li1,268.6400,372.6400,1.798233
_09043_,VPWR,li1,267.9500,378.0800,1.796102
_09042_,VPWR,li1,272.0900,378.0800,1.796075
_09041_,VPWR,li1,244.4900,372.6400,1.798298
_09040_,VPWR,li1,279.4500,323.6800,1.799738
_09039_,VPWR,li1,294.8600,361.7600,1.799115
_09038_,VPWR,li1,303.8300,361.7600,1.799285
_09037_,VPWR,li1,303.3700,361.7600,1.799285
_09036_,VPWR,li1,303.1400,356.3200,1.799630
_09035_,VPWR,li1,342.4700,356.3200,1.799814
_09034_,VPWR,li1,350.5200,350.8800,1.799614
_09033_,VPWR,li1,347.7600,345.4400,1.799737
_09032_,VPWR,li1,342.2400,350.8800,1.799649
_09031_,VPWR,li1,339.4800,356.3200,1.799817
_09030_,VPWR,li1,337.1800,350.8800,1.799685
_09029_,VPWR,li1,330.5100,350.8800,1.799729
_09028_,VPWR,li1,331.2000,350.8800,1.799729
_09027_,VPWR,li1,325.4500,350.8800,1.799685
_09026_,VPWR,li1,321.5400,350.8800,1.799619
_09025_,VPWR,li1,320.1600,345.4400,1.799668
_09024_,VPWR,li1,320.6200,350.8800,1.799619
_09023_,VPWR,li1,312.3400,345.4400,1.799571
_09022_,VPWR,li1,314.6400,345.4400,1.799595
_09021_,VPWR,li1,309.1200,323.6800,1.799823
_09020_,VPWR,li1,309.1200,323.6800,1.799823
_09019_,VPWR,li1,291.6400,323.6800,1.799765
_09018_,VPWR,li1,293.9400,323.6800,1.799772
_09017_,VPWR,li1,282.6700,318.2400,1.799776
_09016_,VPWR,li1,286.5800,318.2400,1.799785
_09015_,VPWR,li1,264.5000,318.2400,1.799745
_09014_,VPWR,li1,266.8000,318.2400,1.799748
_09013_,VPWR,li1,260.3600,307.3600,1.799638
_09012_,VPWR,li1,260.1300,307.3600,1.799638
_09011_,VPWR,li1,235.0600,307.3600,1.799645
_09010_,VPWR,li1,229.3100,301.9200,1.799872
_09009_,VPWR,li1,226.7800,301.9200,1.799872
_09008_,VPWR,li1,229.0800,301.9200,1.799872
_09007_,VPWR,li1,244.7200,301.9200,1.799876
_09006_,VPWR,li1,226.3200,296.4800,1.799891
_09005_,VPWR,li1,222.6400,296.4800,1.799892
_09004_,VPWR,li1,223.1000,291.0400,1.799952
_09003_,VPWR,li1,223.5600,296.4800,1.799892
_09002_,VPWR,li1,239.2000,296.4800,1.799890
_09001_,VPWR,li1,222.1800,291.0400,1.799952
_09000_,VPWR,li1,220.1100,291.0400,1.799953
_08999_,VPWR,li1,216.6600,291.0400,1.799954
_08998_,VPWR,li1,214.5900,291.0400,1.799955
_08997_,VPWR,li1,223.7900,291.0400,1.799952
_08996_,VPWR,li1,210.4500,296.4800,1.799900
_08995_,VPWR,li1,206.0800,296.4800,1.799903
_08994_,VPWR,li1,204.0100,296.4800,1.799907
_08993_,VPWR,li1,207.2300,296.4800,1.799903
_08992_,VPWR,li1,207.6900,291.0400,1.799958
_08991_,VPWR,li1,221.9500,307.3600,1.799683
_08990_,VPWR,li1,219.1900,307.3600,1.799697
_08989_,VPWR,li1,209.0700,307.3600,1.799748
_08988_,VPWR,li1,202.1700,307.3600,1.799784
_08987_,VPWR,li1,205.1600,307.3600,1.799768
_08986_,VPWR,li1,230.2300,296.4800,1.799890
_08985_,VPWR,li1,257.8300,318.2400,1.799739
_08984_,VPWR,li1,252.7700,318.2400,1.799736
_08983_,VPWR,li1,253.9200,312.8000,1.799843
_08982_,VPWR,li1,251.8500,312.8000,1.799841
_08981_,VPWR,li1,247.0200,312.8000,1.799837
_08980_,VPWR,li1,244.7200,312.8000,1.799836
_08979_,VPWR,li1,246.1000,307.3600,1.799641
_08978_,VPWR,li1,248.4000,307.3600,1.799640
_08977_,VPWR,li1,266.8000,307.3600,1.799640
_08976_,VPWR,li1,239.2000,312.8000,1.799832
_08975_,VPWR,li1,241.7300,307.3600,1.799642
_08974_,VPWR,li1,238.7400,307.3600,1.799644
_08973_,VPWR,li1,235.7500,307.3600,1.799645
_08972_,VPWR,li1,185.1500,307.3600,1.799877
_08971_,VPWR,li1,240.8100,312.8000,1.799832
_08970_,VPWR,li1,244.0300,318.2400,1.799734
_08969_,VPWR,li1,242.4200,312.8000,1.799834
_08968_,VPWR,li1,239.4300,312.8000,1.799832
_08967_,VPWR,li1,236.2100,318.2400,1.799732
_08966_,VPWR,li1,242.1900,312.8000,1.799834
_08965_,VPWR,li1,267.2600,312.8000,1.799853
_08964_,VPWR,li1,285.4300,323.6800,1.799749
_08963_,VPWR,li1,283.3600,323.6800,1.799744
_08962_,VPWR,li1,280.6000,323.6800,1.799738
_08961_,VPWR,li1,274.8500,323.6800,1.799730
_08960_,VPWR,li1,277.8400,323.6800,1.799734
_08959_,VPWR,li1,267.9500,329.1200,1.799692
_08958_,VPWR,li1,265.1900,329.1200,1.799683
_08957_,VPWR,li1,266.1100,334.5600,1.799724
_08956_,VPWR,li1,267.9500,334.5600,1.799733
_08955_,VPWR,li1,270.4800,329.1200,1.799701
_08954_,VPWR,li1,250.0100,329.1200,1.799671
_08953_,VPWR,li1,243.3400,329.1200,1.799678
_08952_,VPWR,li1,248.1700,329.1200,1.799673
_08951_,VPWR,li1,244.0300,334.5600,1.799667
_08950_,VPWR,li1,241.2700,334.5600,1.799658
_08949_,VPWR,li1,260.5900,345.4400,1.799418
_08948_,VPWR,li1,259.2100,340.0000,1.799814
_08947_,VPWR,li1,269.3300,340.0000,1.799811
_08946_,VPWR,li1,253.6900,334.5600,1.799692
_08945_,VPWR,li1,252.5400,340.0000,1.799817
_08944_,VPWR,li1,255.7600,340.0000,1.799815
_08943_,VPWR,li1,248.6300,340.0000,1.799819
_08942_,VPWR,li1,251.8500,340.0000,1.799818
_08941_,VPWR,li1,223.7900,340.0000,1.799837
_08940_,VPWR,li1,250.0100,340.0000,1.799819
_08939_,VPWR,li1,256.4500,345.4400,1.799438
_08938_,VPWR,li1,253.9200,345.4400,1.799451
_08937_,VPWR,li1,243.1100,345.4400,1.799506
_08936_,VPWR,li1,281.2900,329.1200,1.799740
_08935_,VPWR,li1,309.8100,356.3200,1.799676
_08934_,VPWR,li1,309.1200,356.3200,1.799676
_08933_,VPWR,li1,303.8300,356.3200,1.799630
_08932_,VPWR,li1,297.3900,356.3200,1.799588
_08931_,VPWR,li1,296.0100,356.3200,1.799574
_08930_,VPWR,li1,293.4800,356.3200,1.799561
_08929_,VPWR,li1,293.4800,356.3200,1.799561
_08928_,VPWR,li1,304.9800,367.2000,1.798697
_08927_,VPWR,li1,305.9000,361.7600,1.799336
_08926_,VPWR,li1,277.1500,356.3200,1.799460
_08925_,VPWR,li1,271.6300,356.3200,1.799427
_08924_,VPWR,li1,252.3100,361.7600,1.798738
_08923_,VPWR,li1,254.6100,361.7600,1.798737
_08922_,VPWR,li1,252.3100,367.2000,1.797323
_08921_,VPWR,li1,245.8700,361.7600,1.798744
_08920_,VPWR,li1,243.5700,361.7600,1.798746
_08919_,VPWR,li1,241.9600,367.2000,1.797197
_08918_,VPWR,li1,242.6500,361.7600,1.798748
_08917_,VPWR,li1,239.4300,361.7600,1.798750
_08916_,VPWR,li1,242.1900,388.9600,1.799830
_08915_,VPWR,li1,274.3900,345.4400,1.799395
_08914_,VPWR,li1,299.6900,361.7600,1.799202
_08913_,VPWR,li1,299.2300,361.7600,1.799202
_08912_,VPWR,li1,301.0700,361.7600,1.799239
_08911_,VPWR,li1,299.6900,372.6400,1.798751
_08910_,VPWR,li1,295.3200,372.6400,1.798651
_08909_,VPWR,li1,297.6200,372.6400,1.798716
_08908_,VPWR,li1,293.7100,372.6400,1.798651
_08907_,VPWR,li1,291.8700,372.6400,1.798621
_08906_,VPWR,li1,316.4800,378.0800,1.798042
_08905_,VPWR,li1,268.4100,383.5200,1.796394
_08904_,VPWR,li1,266.1100,383.5200,1.796431
_08903_,VPWR,li1,266.5700,388.9600,1.799829
_08902_,VPWR,li1,268.6400,383.5200,1.796394
_08901_,VPWR,li1,261.5100,383.5200,1.796480
_08900_,VPWR,li1,253.2300,378.0800,1.796257
_08899_,VPWR,li1,302.2200,323.6800,1.799793
_08898_,VPWR,li1,316.9400,361.7600,1.799561
_08897_,VPWR,li1,357.8800,350.8800,1.799591
_08896_,VPWR,li1,358.5700,350.8800,1.799591
_08895_,VPWR,li1,355.3500,350.8800,1.799598
_08894_,VPWR,li1,350.9800,345.4400,1.799729
_08893_,VPWR,li1,347.3000,350.8800,1.799623
_08892_,VPWR,li1,344.5400,350.8800,1.799637
_08891_,VPWR,li1,344.3100,350.8800,1.799637
_08890_,VPWR,li1,334.1900,345.4400,1.799771
_08889_,VPWR,li1,336.9500,345.4400,1.799763
_08888_,VPWR,li1,333.0400,350.8800,1.799711
_08887_,VPWR,li1,329.3600,345.4400,1.799795
_08886_,VPWR,li1,331.6600,345.4400,1.799781
_08885_,VPWR,li1,321.7700,345.4400,1.799668
_08884_,VPWR,li1,318.0900,345.4400,1.799621
_08883_,VPWR,li1,324.5300,345.4400,1.799727
_08882_,VPWR,li1,316.4800,318.2400,1.799888
_08881_,VPWR,li1,320.3900,340.0000,1.799898
_08880_,VPWR,li1,318.3200,323.6800,1.799865
_08879_,VPWR,li1,313.7200,318.2400,1.799876
_08878_,VPWR,li1,313.0300,323.6800,1.799839
_08877_,VPWR,li1,306.3600,323.6800,1.799813
_08876_,VPWR,li1,305.9000,318.2400,1.799846
_08875_,VPWR,li1,306.8200,318.2400,1.799846
_08874_,VPWR,li1,290.2600,318.2400,1.799792
_08873_,VPWR,li1,284.5100,318.2400,1.799780
_08872_,VPWR,li1,281.2900,307.3600,1.799648
_08871_,VPWR,li1,285.4300,307.3600,1.799652
_08870_,VPWR,li1,284.9700,307.3600,1.799652
_08869_,VPWR,li1,262.6600,307.3600,1.799639
_08868_,VPWR,li1,255.9900,307.3600,1.799638
_08867_,VPWR,li1,258.9800,301.9200,1.799883
_08866_,VPWR,li1,252.5400,301.9200,1.799879
_08865_,VPWR,li1,254.6100,301.9200,1.799881
_08864_,VPWR,li1,260.8200,301.9200,1.799885
_08863_,VPWR,li1,247.9400,301.9200,1.799877
_08862_,VPWR,li1,247.0200,301.9200,1.799877
_08861_,VPWR,li1,247.4800,296.4800,1.799892
_08860_,VPWR,li1,251.6200,296.4800,1.799895
_08859_,VPWR,li1,257.1400,296.4800,1.799898
_08858_,VPWR,li1,243.3400,291.0400,1.799950
_08857_,VPWR,li1,243.1100,296.4800,1.799890
_08856_,VPWR,li1,240.1200,291.0400,1.799950
_08855_,VPWR,li1,236.2100,296.4800,1.799890
_08854_,VPWR,li1,240.3500,301.9200,1.799874
_08853_,VPWR,li1,239.4300,296.4800,1.799890
_08852_,VPWR,li1,233.2200,296.4800,1.799890
_08851_,VPWR,li1,229.7700,296.4800,1.799890
_08850_,VPWR,li1,232.9900,296.4800,1.799890
_08849_,VPWR,li1,236.2100,301.9200,1.799873
_08848_,VPWR,li1,256.9100,301.9200,1.799882
_08847_,VPWR,li1,249.3200,307.3600,1.799640
_08846_,VPWR,li1,251.8500,307.3600,1.799640
_08845_,VPWR,li1,281.7500,312.8000,1.799870
_08844_,VPWR,li1,280.1400,318.2400,1.799771
_08843_,VPWR,li1,277.8400,318.2400,1.799766
_08842_,VPWR,li1,269.3300,318.2400,1.799753
_08841_,VPWR,li1,269.3300,312.8000,1.799855
_08840_,VPWR,li1,271.8600,312.8000,1.799860
_08839_,VPWR,li1,269.7900,312.8000,1.799857
_08838_,VPWR,li1,278.0700,307.3600,1.799646
_08837_,VPWR,li1,267.7200,312.8000,1.799855
_08836_,VPWR,li1,273.0100,307.3600,1.799643
_08835_,VPWR,li1,269.5600,307.3600,1.799641
_08834_,VPWR,li1,265.6500,307.3600,1.799639
_08833_,VPWR,li1,268.8700,307.3600,1.799641
_08832_,VPWR,li1,251.8500,318.2400,1.799736
_08831_,VPWR,li1,247.7100,323.6800,1.799702
_08830_,VPWR,li1,249.7800,318.2400,1.799735
_08829_,VPWR,li1,304.7500,323.6800,1.799803
_08828_,VPWR,li1,303.6000,329.1200,1.799818
_08827_,VPWR,li1,306.3600,329.1200,1.799836
_08826_,VPWR,li1,300.1500,329.1200,1.799811
_08825_,VPWR,li1,284.9700,329.1200,1.799752
_08824_,VPWR,li1,284.5100,334.5600,1.799781
_08823_,VPWR,li1,281.7500,334.5600,1.799774
_08822_,VPWR,li1,279.9100,334.5600,1.799763
_08821_,VPWR,li1,270.4800,334.5600,1.799740
_08820_,VPWR,li1,248.1700,334.5600,1.799674
_08819_,VPWR,li1,223.3300,334.5600,1.799618
_08818_,VPWR,li1,221.9500,340.0000,1.799840
_08817_,VPWR,li1,277.6100,340.0000,1.799810
_08816_,VPWR,li1,276.0000,345.4400,1.799395
_08815_,VPWR,li1,277.8400,345.4400,1.799394
_08814_,VPWR,li1,274.8500,340.0000,1.799810
_08813_,VPWR,li1,295.3200,340.0000,1.799834
_08812_,VPWR,li1,271.8600,340.0000,1.799811
_08811_,VPWR,li1,280.6000,340.0000,1.799810
_08810_,VPWR,li1,268.8700,340.0000,1.799811
_08809_,VPWR,li1,270.7100,345.4400,1.799398
_08808_,VPWR,li1,266.5700,340.0000,1.799812
_08807_,VPWR,li1,243.5700,340.0000,1.799822
_08806_,VPWR,li1,300.1500,329.1200,1.799811
_08805_,VPWR,li1,324.5300,356.3200,1.799811
_08804_,VPWR,li1,324.5300,356.3200,1.799811
_08803_,VPWR,li1,324.9900,350.8800,1.799685
_08802_,VPWR,li1,327.7500,350.8800,1.799715
_08801_,VPWR,li1,318.0900,350.8800,1.799585
_08800_,VPWR,li1,317.1700,361.7600,1.799561
_08799_,VPWR,li1,313.0300,361.7600,1.799476
_08798_,VPWR,li1,314.8700,367.2000,1.799048
_08797_,VPWR,li1,308.8900,361.7600,1.799382
_08796_,VPWR,li1,279.9100,361.7600,1.798896
_08795_,VPWR,li1,279.4500,356.3200,1.799472
_08794_,VPWR,li1,277.6100,361.7600,1.798866
_08793_,VPWR,li1,281.7500,367.2000,1.797916
_08792_,VPWR,li1,268.4100,361.7600,1.798790
_08791_,VPWR,li1,267.0300,361.7600,1.798769
_08790_,VPWR,li1,256.6800,361.7600,1.798735
_08789_,VPWR,li1,253.6900,361.7600,1.798738
_08788_,VPWR,li1,250.4700,361.7600,1.798740
_08787_,VPWR,li1,317.1700,367.2000,1.799130
_08786_,VPWR,li1,319.9300,361.7600,1.799623
_08785_,VPWR,li1,321.7700,361.7600,1.799661
_08784_,VPWR,li1,316.7100,372.6400,1.799213
_08783_,VPWR,li1,317.1700,378.0800,1.798218
_08782_,VPWR,li1,318.5500,378.0800,1.798218
_08781_,VPWR,li1,319.7000,378.0800,1.798411
_08780_,VPWR,li1,313.0300,378.0800,1.797901
_08779_,VPWR,li1,333.7300,334.5600,1.799932
_08778_,VPWR,li1,356.7300,345.4400,1.799723
_08777_,VPWR,li1,358.8000,340.0000,1.799835
_08776_,VPWR,li1,359.7200,340.0000,1.799835
_08775_,VPWR,li1,356.0400,340.0000,1.799842
_08774_,VPWR,li1,356.2700,340.0000,1.799839
_08773_,VPWR,li1,347.5300,340.0000,1.799856
_08772_,VPWR,li1,349.3700,350.8800,1.799614
_08771_,VPWR,li1,350.5200,340.0000,1.799850
_08770_,VPWR,li1,347.7600,340.0000,1.799856
_08769_,VPWR,li1,344.5400,340.0000,1.799865
_08768_,VPWR,li1,344.7700,345.4400,1.799741
_08767_,VPWR,li1,342.7000,345.4400,1.799747
_08766_,VPWR,li1,339.7100,345.4400,1.799755
_08765_,VPWR,li1,341.3200,340.0000,1.799877
_08764_,VPWR,li1,343.1600,318.2400,1.799933
_08763_,VPWR,li1,342.0100,340.0000,1.799877
_08762_,VPWR,li1,342.2400,334.5600,1.799918
_08761_,VPWR,li1,337.8700,318.2400,1.799934
_08760_,VPWR,li1,330.2800,318.2400,1.799939
_08759_,VPWR,li1,336.2600,340.0000,1.799892
_08758_,VPWR,li1,331.2000,340.0000,1.799917
_08757_,VPWR,li1,334.1900,340.0000,1.799900
_08756_,VPWR,li1,325.9100,323.6800,1.799906
_08755_,VPWR,li1,331.8900,323.6800,1.799909
_08754_,VPWR,li1,327.0600,318.2400,1.799930
_08753_,VPWR,li1,326.6000,312.8000,1.799957
_08752_,VPWR,li1,331.8900,334.5600,1.799936
_08751_,VPWR,li1,330.0500,334.5600,1.799941
_08750_,VPWR,li1,324.5300,312.8000,1.799950
_08749_,VPWR,li1,312.3400,312.8000,1.799919
_08748_,VPWR,li1,325.6800,312.8000,1.799957
_08747_,VPWR,li1,322.2300,323.6800,1.799886
_08746_,VPWR,li1,321.0800,318.2400,1.799908
_08745_,VPWR,li1,318.7800,318.2400,1.799898
_08744_,VPWR,li1,315.5600,312.8000,1.799924
_08743_,VPWR,li1,317.4000,312.8000,1.799932
_08742_,VPWR,li1,318.3200,312.8000,1.799932
_08741_,VPWR,li1,316.9400,307.3600,1.799812
_08740_,VPWR,li1,310.2700,312.8000,1.799913
_08739_,VPWR,li1,313.9500,312.8000,1.799924
_08738_,VPWR,li1,313.7200,307.3600,1.799787
_08737_,VPWR,li1,308.6600,301.9200,1.799939
_08736_,VPWR,li1,303.6000,312.8000,1.799902
_08735_,VPWR,li1,307.0500,312.8000,1.799909
_08734_,VPWR,li1,310.0400,312.8000,1.799913
_08733_,VPWR,li1,300.8400,301.9200,1.799927
_08732_,VPWR,li1,308.4300,318.2400,1.799855
_08731_,VPWR,li1,308.4300,307.3600,1.799750
_08730_,VPWR,li1,305.4400,301.9200,1.799934
_08729_,VPWR,li1,310.5000,307.3600,1.799765
_08728_,VPWR,li1,308.2000,301.9200,1.799939
_08727_,VPWR,li1,306.1300,307.3600,1.799734
_08726_,VPWR,li1,305.9000,296.4800,1.799954
_08725_,VPWR,li1,287.9600,296.4800,1.799930
_08724_,VPWR,li1,289.1100,307.3600,1.799657
_08723_,VPWR,li1,294.6300,301.9200,1.799919
_08722_,VPWR,li1,283.8200,301.9200,1.799906
_08721_,VPWR,li1,284.2800,301.9200,1.799906
_08720_,VPWR,li1,286.3500,301.9200,1.799909
_08719_,VPWR,li1,285.6600,296.4800,1.799927
_08718_,VPWR,li1,291.4100,296.4800,1.799934
_08717_,VPWR,li1,275.5400,291.0400,1.799956
_08716_,VPWR,li1,286.3500,296.4800,1.799927
_08715_,VPWR,li1,277.6100,301.9200,1.799898
_08714_,VPWR,li1,272.3200,296.4800,1.799912
_08713_,VPWR,li1,278.5300,296.4800,1.799919
_08712_,VPWR,li1,264.0400,301.9200,1.799886
_08711_,VPWR,li1,266.3400,301.9200,1.799889
_08710_,VPWR,li1,263.5800,296.4800,1.799904
_08709_,VPWR,li1,261.7400,296.4800,1.799902
_08708_,VPWR,li1,267.7200,296.4800,1.799908
_08707_,VPWR,li1,271.4000,291.0400,1.799955
_08706_,VPWR,li1,269.3300,296.4800,1.799908
_08705_,VPWR,li1,274.8500,296.4800,1.799915
_08704_,VPWR,li1,266.5700,296.4800,1.799906
_08703_,VPWR,li1,258.9800,296.4800,1.799900
_08702_,VPWR,li1,260.8200,291.0400,1.799953
_08701_,VPWR,li1,260.5900,296.4800,1.799900
_08700_,VPWR,li1,256.4500,291.0400,1.799952
_08699_,VPWR,li1,258.7500,291.0400,1.799953
_08698_,VPWR,li1,254.6100,296.4800,1.799897
_08697_,VPWR,li1,252.0800,296.4800,1.799895
_08696_,VPWR,li1,249.0900,296.4800,1.799893
_08695_,VPWR,li1,301.0700,312.8000,1.799897
_08694_,VPWR,li1,302.9100,318.2400,1.799835
_08693_,VPWR,li1,300.6100,318.2400,1.799828
_08692_,VPWR,li1,313.4900,307.3600,1.799787
_08691_,VPWR,li1,303.8300,312.8000,1.799902
_08690_,VPWR,li1,294.6300,318.2400,1.799809
_08689_,VPWR,li1,291.8700,318.2400,1.799801
_08688_,VPWR,li1,290.9500,312.8000,1.799883
_08687_,VPWR,li1,287.2700,312.8000,1.799877
_08686_,VPWR,li1,297.8500,312.8000,1.799893
_08685_,VPWR,li1,303.6000,307.3600,1.799715
_08684_,VPWR,li1,304.7500,307.3600,1.799715
_08683_,VPWR,li1,298.3100,301.9200,1.799921
_08682_,VPWR,li1,294.6300,312.8000,1.799889
_08681_,VPWR,li1,281.2900,312.8000,1.799870
_08680_,VPWR,li1,278.3000,312.8000,1.799867
_08679_,VPWR,li1,275.7700,307.3600,1.799644
_08678_,VPWR,li1,278.9900,307.3600,1.799646
_08677_,VPWR,li1,283.5900,312.8000,1.799873
_08676_,VPWR,li1,296.9300,318.2400,1.799817
_08675_,VPWR,li1,322.2300,334.5600,1.799913
_08674_,VPWR,li1,316.9400,334.5600,1.799892
_08673_,VPWR,li1,319.7000,334.5600,1.799899
_08672_,VPWR,li1,314.1800,334.5600,1.799883
_08671_,VPWR,li1,303.8300,334.5600,1.799847
_08670_,VPWR,li1,295.0900,329.1200,1.799791
_08669_,VPWR,li1,297.8500,329.1200,1.799802
_08668_,VPWR,li1,278.3000,334.5600,1.799763
_08667_,VPWR,li1,274.3900,334.5600,1.799747
_08666_,VPWR,li1,274.8500,329.1200,1.799717
_08665_,VPWR,li1,304.2900,340.0000,1.799853
_08664_,VPWR,li1,306.1300,340.0000,1.799859
_08663_,VPWR,li1,304.7500,340.0000,1.799859
_08662_,VPWR,li1,297.8500,345.4400,1.799446
_08661_,VPWR,li1,299.0000,340.0000,1.799843
_08660_,VPWR,li1,296.0100,340.0000,1.799834
_08659_,VPWR,li1,292.7900,340.0000,1.799828
_08658_,VPWR,li1,336.4900,340.0000,1.799892
_08657_,VPWR,li1,332.3500,340.0000,1.799907
_08656_,VPWR,li1,334.1900,340.0000,1.799900
_08655_,VPWR,li1,338.5600,340.0000,1.799884
_08654_,VPWR,li1,340.6300,361.7600,1.799782
_08653_,VPWR,li1,330.5100,334.5600,1.799941
_08652_,VPWR,li1,332.8100,361.7600,1.799784
_08651_,VPWR,li1,329.1300,356.3200,1.799856
_08650_,VPWR,li1,329.5900,361.7600,1.799785
_08649_,VPWR,li1,326.3700,361.7600,1.799747
_08648_,VPWR,li1,342.9300,361.7600,1.799782
_08647_,VPWR,li1,337.4100,367.2000,1.799596
_08646_,VPWR,li1,339.9400,372.6400,1.799631
_08645_,VPWR,li1,324.0700,367.2000,1.799442
_08644_,VPWR,li1,325.9100,361.7600,1.799747
_08643_,VPWR,li1,325.9100,367.2000,1.799524
_08642_,VPWR,li1,339.9400,367.2000,1.799595
_08641_,VPWR,li1,336.0300,372.6400,1.799633
_08640_,VPWR,li1,319.4700,367.2000,1.799267
_08639_,VPWR,li1,316.7100,367.2000,1.799130
_08638_,VPWR,li1,323.1500,372.6400,1.799394
_08637_,VPWR,li1,330.7400,372.6400,1.799637
_08636_,VPWR,li1,325.4500,378.0800,1.798852
_08635_,VPWR,li1,338.3300,372.6400,1.799632
_08634_,VPWR,li1,324.9900,372.6400,1.799492
_08633_,VPWR,li1,283.1300,367.2000,1.797916
_08632_,VPWR,li1,274.1600,367.2000,1.797726
_08631_,VPWR,li1,278.7600,367.2000,1.797841
_08630_,VPWR,li1,275.0800,367.2000,1.797726
_08629_,VPWR,li1,274.8500,361.7600,1.798847
_08628_,VPWR,li1,332.8100,361.7600,1.799784
_08627_,VPWR,li1,329.5900,367.2000,1.799597
_08626_,VPWR,li1,334.1900,361.7600,1.799784
_08625_,VPWR,li1,330.5100,361.7600,1.799785
_08624_,VPWR,li1,333.2700,334.5600,1.799936
_08623_,VPWR,li1,319.9300,334.5600,1.799899
_08622_,VPWR,li1,318.5500,334.5600,1.799899
_08621_,VPWR,li1,316.7100,334.5600,1.799892
_08620_,VPWR,li1,312.5700,334.5600,1.799874
_08619_,VPWR,li1,311.8800,329.1200,1.799853
_08618_,VPWR,li1,291.4100,334.5600,1.799805
_08617_,VPWR,li1,294.8600,334.5600,1.799812
_08616_,VPWR,li1,290.0300,329.1200,1.799772
_08615_,VPWR,li1,286.3500,334.5600,1.799789
_08614_,VPWR,li1,290.0300,334.5600,1.799796
_08613_,VPWR,li1,311.1900,340.0000,1.799876
_08612_,VPWR,li1,301.9900,340.0000,1.799848
_08611_,VPWR,li1,298.7700,340.0000,1.799843
_08610_,VPWR,li1,308.6600,340.0000,1.799865
_08609_,VPWR,li1,365.0100,329.1200,1.799849
_08608_,VPWR,li1,362.4800,329.1200,1.799854
_08607_,VPWR,li1,359.2600,329.1200,1.799858
_08606_,VPWR,li1,357.8800,334.5600,1.799897
_08605_,VPWR,li1,355.1200,334.5600,1.799900
_08604_,VPWR,li1,354.2000,329.1200,1.799871
_08603_,VPWR,li1,350.2900,334.5600,1.799905
_08602_,VPWR,li1,352.5900,340.0000,1.799845
_08601_,VPWR,li1,348.9100,361.7600,1.799781
_08600_,VPWR,li1,348.4500,356.3200,1.799813
_08599_,VPWR,li1,346.1500,361.7600,1.799782
_08598_,VPWR,li1,347.9900,367.2000,1.799595
_08597_,VPWR,li1,344.0800,367.2000,1.799595
_08596_,VPWR,li1,345.6900,367.2000,1.799595
_08595_,VPWR,li1,342.4700,367.2000,1.799595
_08594_,VPWR,li1,342.0100,367.2000,1.799595
_08593_,VPWR,li1,338.7900,367.2000,1.799596
_08592_,VPWR,li1,342.9300,329.1200,1.799893
_08591_,VPWR,li1,345.6900,329.1200,1.799886
_08590_,VPWR,li1,337.8700,323.6800,1.799898
_08589_,VPWR,li1,340.1700,323.6800,1.799895
_08588_,VPWR,li1,330.9700,329.1200,1.799923
_08587_,VPWR,li1,329.1300,323.6800,1.799917
_08586_,VPWR,li1,324.9900,329.1200,1.799913
_08585_,VPWR,li1,291.4100,329.1200,1.799772
_08584_,VPWR,li1,324.9900,329.1200,1.799913
_08583_,VPWR,li1,308.8900,334.5600,1.799864
_08582_,VPWR,li1,328.6700,329.1200,1.799929
_08581_,VPWR,li1,335.5700,318.2400,1.799936
_08580_,VPWR,li1,338.3300,318.2400,1.799934
_08579_,VPWR,li1,339.4800,312.8000,1.799960
_08578_,VPWR,li1,329.5900,312.8000,1.799963
_08577_,VPWR,li1,325.9100,307.3600,1.799879
_08576_,VPWR,li1,320.8500,312.8000,1.799942
_08575_,VPWR,li1,323.8400,307.3600,1.799853
_08574_,VPWR,li1,323.1500,301.9200,1.799966
_08573_,VPWR,li1,324.0700,307.3600,1.799853
_08572_,VPWR,li1,316.7100,301.9200,1.799954
_08571_,VPWR,li1,311.6500,301.9200,1.799942
_08570_,VPWR,li1,313.4900,301.9200,1.799946
_08569_,VPWR,li1,305.2100,301.9200,1.799934
_08568_,VPWR,li1,303.8300,296.4800,1.799951
_08567_,VPWR,li1,295.0900,296.4800,1.799939
_08566_,VPWR,li1,282.9000,296.4800,1.799924
_08565_,VPWR,li1,279.9100,296.4800,1.799919
_08564_,VPWR,li1,276.6900,296.4800,1.799917
_08563_,VPWR,li1,292.7900,296.4800,1.799934
_08562_,VPWR,li1,363.1700,329.1200,1.799851
_08561_,VPWR,li1,359.9500,334.5600,1.799895
_08560_,VPWR,li1,352.3600,334.5600,1.799903
_08559_,VPWR,li1,354.8900,334.5600,1.799900
_08558_,VPWR,li1,348.4500,361.7600,1.799781
_08557_,VPWR,li1,352.1300,356.3200,1.799813
_08556_,VPWR,li1,351.6700,361.7600,1.799781
_08555_,VPWR,li1,351.6700,329.1200,1.799874
_08554_,VPWR,li1,350.7500,329.1200,1.799874
_08553_,VPWR,li1,348.2200,329.1200,1.799880
_08552_,VPWR,li1,342.0100,329.1200,1.799893
_08551_,VPWR,li1,336.2600,329.1200,1.799908
_08550_,VPWR,li1,338.3300,329.1200,1.799903
_08549_,VPWR,li1,315.7900,329.1200,1.799875
_08548_,VPWR,li1,311.6500,334.5600,1.799874
_08547_,VPWR,li1,328.2100,329.1200,1.799921
_08546_,VPWR,li1,342.9300,312.8000,1.799960
_08545_,VPWR,li1,337.6400,312.8000,1.799961
_08544_,VPWR,li1,342.0100,307.3600,1.799866
_08543_,VPWR,li1,335.1100,312.8000,1.799961
_08542_,VPWR,li1,330.5100,307.3600,1.799886
_08541_,VPWR,li1,326.3700,301.9200,1.799973
_08540_,VPWR,li1,320.3900,301.9200,1.799958
_08539_,VPWR,li1,328.6700,301.9200,1.799978
_08538_,VPWR,li1,300.6100,301.9200,1.799927
_08537_,VPWR,li1,298.3100,296.4800,1.799943
_08536_,VPWR,li1,301.3000,296.4800,1.799946
_08535_,VPWR,li1,358.1100,323.6800,1.799873
_08534_,VPWR,li1,350.5200,323.6800,1.799882
_08533_,VPWR,li1,350.9800,323.6800,1.799882
_08532_,VPWR,li1,347.3000,323.6800,1.799886
_08531_,VPWR,li1,345.0000,323.6800,1.799888
_08530_,VPWR,li1,326.8300,329.1200,1.799921
_08529_,VPWR,li1,336.0300,307.3600,1.799866
_08528_,VPWR,li1,343.8500,307.3600,1.799866
_08527_,VPWR,li1,339.2500,307.3600,1.799866
_08526_,VPWR,li1,365.9300,176.8000,1.799866
_08525_,VPWR,li1,153.8700,111.5200,1.798099
_08524_,VPWR,li1,116.1500,111.5200,1.797669
_08523_,VPWR,li1,77.9700,111.5200,1.798227
_08522_,VPWR,li1,79.5800,116.9600,1.798737
_08521_,VPWR,li1,82.5700,116.9600,1.798712
_08520_,VPWR,li1,71.9900,116.9600,1.798826
_08519_,VPWR,li1,68.7700,116.9600,1.798876
_08518_,VPWR,li1,60.7200,116.9600,1.799013
_08517_,VPWR,li1,66.0100,122.4000,1.798727
_08516_,VPWR,li1,59.1100,122.4000,1.798886
_08515_,VPWR,li1,52.2100,133.2800,1.799561
_08514_,VPWR,li1,47.6100,149.6000,1.799786
_08513_,VPWR,li1,50.6000,160.4800,1.799918
_08512_,VPWR,li1,51.2900,149.6000,1.799765
_08511_,VPWR,li1,48.9900,133.2800,1.799582
_08510_,VPWR,li1,47.6100,138.7200,1.799876
_08509_,VPWR,li1,43.4700,149.6000,1.799809
_08508_,VPWR,li1,44.3900,138.7200,1.799885
_08507_,VPWR,li1,41.1700,171.3600,1.799898
_08506_,VPWR,li1,74.5200,138.7200,1.799811
_08505_,VPWR,li1,46.6900,171.3600,1.799884
_08504_,VPWR,li1,38.4100,176.8000,1.799907
_08503_,VPWR,li1,44.3900,176.8000,1.799888
_08502_,VPWR,li1,42.7800,165.9200,1.799890
_08501_,VPWR,li1,71.5300,127.8400,1.799497
_08500_,VPWR,li1,77.7400,133.2800,1.799365
_08499_,VPWR,li1,65.0900,122.4000,1.798775
_08498_,VPWR,li1,54.5100,122.4000,1.798975
_08497_,VPWR,li1,76.5900,122.4000,1.798530
_08496_,VPWR,li1,56.1200,144.1600,1.799892
_08495_,VPWR,li1,116.8400,111.5200,1.797669
_08494_,VPWR,li1,167.6700,111.5200,1.798470
_08493_,VPWR,li1,169.5100,111.5200,1.798543
_08492_,VPWR,li1,172.7300,111.5200,1.798684
_08491_,VPWR,li1,168.1300,116.9600,1.798915
_08490_,VPWR,li1,165.3700,116.9600,1.798847
_08489_,VPWR,li1,164.9100,111.5200,1.798390
_08488_,VPWR,li1,170.6600,111.5200,1.798543
_08487_,VPWR,li1,163.5300,116.9600,1.798828
_08486_,VPWR,li1,120.2900,111.5200,1.797675
_08485_,VPWR,li1,113.8500,116.9600,1.798564
_08484_,VPWR,li1,116.6100,116.9600,1.798573
_08483_,VPWR,li1,114.0800,122.4000,1.798003
_08482_,VPWR,li1,86.7100,111.5200,1.798056
_08481_,VPWR,li1,88.0900,116.9600,1.798671
_08480_,VPWR,li1,91.3100,116.9600,1.798656
_08479_,VPWR,li1,93.3800,116.9600,1.798647
_08478_,VPWR,li1,96.1400,111.5200,1.797931
_08477_,VPWR,li1,85.7900,116.9600,1.798682
_08476_,VPWR,li1,82.1100,116.9600,1.798712
_08475_,VPWR,li1,82.1100,111.5200,1.798142
_08474_,VPWR,li1,86.9400,122.4000,1.798343
_08473_,VPWR,li1,65.5500,116.9600,1.798924
_08472_,VPWR,li1,65.5500,116.9600,1.798924
_08471_,VPWR,li1,62.7900,122.4000,1.798818
_08470_,VPWR,li1,63.4800,116.9600,1.798979
_08469_,VPWR,li1,63.7100,122.4000,1.798775
_08468_,VPWR,li1,66.7000,127.8400,1.799536
_08467_,VPWR,li1,64.4000,127.8400,1.799554
_08466_,VPWR,li1,72.9100,122.4000,1.798611
_08465_,VPWR,li1,79.5800,122.4000,1.798476
_08464_,VPWR,li1,84.8700,127.8400,1.799405
_08463_,VPWR,li1,81.4200,127.8400,1.799420
_08462_,VPWR,li1,76.1300,127.8400,1.799461
_08461_,VPWR,li1,81.4200,133.2800,1.799344
_08460_,VPWR,li1,72.4500,133.2800,1.799397
_08459_,VPWR,li1,75.4400,133.2800,1.799379
_08458_,VPWR,li1,71.0700,133.2800,1.799411
_08457_,VPWR,li1,72.4500,138.7200,1.799817
_08456_,VPWR,li1,76.1300,138.7200,1.799811
_08455_,VPWR,li1,73.6000,144.1600,1.799883
_08454_,VPWR,li1,74.7500,122.4000,1.798564
_08453_,VPWR,li1,102.3500,116.9600,1.798610
_08452_,VPWR,li1,104.6500,116.9600,1.798600
_08451_,VPWR,li1,99.8200,122.4000,1.798177
_08450_,VPWR,li1,60.0300,133.2800,1.799477
_08449_,VPWR,li1,60.2600,133.2800,1.799477
_08448_,VPWR,li1,58.6500,133.2800,1.799502
_08447_,VPWR,li1,53.5900,144.1600,1.799895
_08446_,VPWR,li1,51.7500,144.1600,1.799901
_08445_,VPWR,li1,52.9000,149.6000,1.799765
_08444_,VPWR,li1,54.5100,149.6000,1.799748
_08443_,VPWR,li1,51.2900,155.0400,1.799810
_08442_,VPWR,li1,60.9500,155.0400,1.799765
_08441_,VPWR,li1,61.4100,149.6000,1.799717
_08440_,VPWR,li1,64.1700,155.0400,1.799750
_08439_,VPWR,li1,64.6300,155.0400,1.799750
_08438_,VPWR,li1,53.8200,165.9200,1.799856
_08437_,VPWR,li1,62.5600,149.6000,1.799717
_08436_,VPWR,li1,54.9700,149.6000,1.799748
_08435_,VPWR,li1,53.5900,155.0400,1.799795
_08434_,VPWR,li1,55.4300,155.0400,1.799787
_08433_,VPWR,li1,57.5000,165.9200,1.799847
_08432_,VPWR,li1,47.6100,160.4800,1.799922
_08431_,VPWR,li1,45.3100,160.4800,1.799928
_08430_,VPWR,li1,46.2300,165.9200,1.799878
_08429_,VPWR,li1,39.7900,165.9200,1.799899
_08428_,VPWR,li1,42.5500,165.9200,1.799890
_08427_,VPWR,li1,38.1800,182.2400,1.799945
_08426_,VPWR,li1,42.5500,160.4800,1.799932
_08425_,VPWR,li1,45.3100,155.0400,1.799839
_08424_,VPWR,li1,42.0900,176.8000,1.799898
_08423_,VPWR,li1,45.5400,176.8000,1.799888
_08422_,VPWR,li1,181.0100,111.5200,1.798699
_08421_,VPWR,li1,180.5500,116.9600,1.798916
_08420_,VPWR,li1,184.6900,116.9600,1.798833
_08419_,VPWR,li1,184.2300,111.5200,1.798520
_08418_,VPWR,li1,175.0300,116.9600,1.799143
_08417_,VPWR,li1,171.8100,116.9600,1.799032
_08416_,VPWR,li1,175.7200,122.4000,1.798395
_08415_,VPWR,li1,166.2900,116.9600,1.798847
_08414_,VPWR,li1,168.5900,116.9600,1.798916
_08413_,VPWR,li1,162.1500,122.4000,1.798161
_08412_,VPWR,li1,162.6100,116.9600,1.798807
_08411_,VPWR,li1,164.6800,127.8400,1.799147
_08410_,VPWR,li1,117.5300,122.4000,1.797991
_08409_,VPWR,li1,110.6300,122.4000,1.798035
_08408_,VPWR,li1,113.6200,122.4000,1.798018
_08407_,VPWR,li1,114.0800,133.2800,1.799164
_08406_,VPWR,li1,94.0700,122.4000,1.798230
_08405_,VPWR,li1,90.8500,122.4000,1.798301
_08404_,VPWR,li1,91.7700,116.9600,1.798656
_08403_,VPWR,li1,91.3100,122.4000,1.798272
_08402_,VPWR,li1,94.0700,122.4000,1.798230
_08401_,VPWR,li1,99.1300,122.4000,1.798177
_08400_,VPWR,li1,97.5200,122.4000,1.798207
_08399_,VPWR,li1,102.3500,122.4000,1.798135
_08398_,VPWR,li1,104.8800,127.8400,1.799295
_08397_,VPWR,li1,102.5800,127.8400,1.799312
_08396_,VPWR,li1,93.6100,133.2800,1.799277
_08395_,VPWR,li1,90.6200,133.2800,1.799290
_08394_,VPWR,li1,89.0100,133.2800,1.799309
_08393_,VPWR,li1,89.7000,138.7200,1.799785
_08392_,VPWR,li1,87.4000,138.7200,1.799789
_08391_,VPWR,li1,84.4100,138.7200,1.799794
_08390_,VPWR,li1,82.1100,138.7200,1.799798
_08389_,VPWR,li1,81.1900,138.7200,1.799802
_08388_,VPWR,li1,77.5100,138.7200,1.799806
_08387_,VPWR,li1,79.1200,138.7200,1.799806
_08386_,VPWR,li1,99.5900,133.2800,1.799240
_08385_,VPWR,li1,98.6700,116.9600,1.798625
_08384_,VPWR,li1,98.6700,111.5200,1.797900
_08383_,VPWR,li1,98.4400,111.5200,1.797900
_08382_,VPWR,li1,101.6600,111.5200,1.797876
_08381_,VPWR,li1,102.1200,111.5200,1.797852
_08380_,VPWR,li1,101.4300,116.9600,1.798617
_08379_,VPWR,li1,106.0300,122.4000,1.798082
_08378_,VPWR,li1,97.0600,149.6000,1.799582
_08377_,VPWR,li1,129.0300,127.8400,1.799196
_08376_,VPWR,li1,85.3300,127.8400,1.799391
_08375_,VPWR,li1,88.3200,127.8400,1.799375
_08374_,VPWR,li1,92.9200,155.0400,1.799644
_08373_,VPWR,li1,62.7900,133.2800,1.799456
_08372_,VPWR,li1,65.0900,133.2800,1.799442
_08371_,VPWR,li1,62.7900,138.7200,1.799835
_08370_,VPWR,li1,65.7800,138.7200,1.799828
_08369_,VPWR,li1,62.7900,144.1600,1.799886
_08368_,VPWR,li1,65.5500,144.1600,1.799885
_08367_,VPWR,li1,61.8700,144.1600,1.799888
_08366_,VPWR,li1,65.0900,149.6000,1.799708
_08365_,VPWR,li1,65.5500,149.6000,1.799700
_08364_,VPWR,li1,67.3900,149.6000,1.799692
_08363_,VPWR,li1,81.4200,155.0400,1.799689
_08362_,VPWR,li1,67.3900,155.0400,1.799738
_08361_,VPWR,li1,86.2500,165.9200,1.799801
_08360_,VPWR,li1,66.4700,160.4800,1.799900
_08359_,VPWR,li1,71.7600,160.4800,1.799896
_08358_,VPWR,li1,69.2300,160.4800,1.799898
_08357_,VPWR,li1,69.2300,160.4800,1.799898
_08356_,VPWR,li1,71.5300,155.0400,1.799721
_08355_,VPWR,li1,72.9100,160.4800,1.799895
_08354_,VPWR,li1,74.0600,155.0400,1.799712
_08353_,VPWR,li1,74.9800,160.4800,1.799893
_08352_,VPWR,li1,74.2900,165.9200,1.799816
_08351_,VPWR,li1,74.2900,144.1600,1.799883
_08350_,VPWR,li1,76.5900,144.1600,1.799882
_08349_,VPWR,li1,68.7700,171.3600,1.799820
_08348_,VPWR,li1,83.7200,149.6000,1.799627
_08347_,VPWR,li1,61.4100,138.7200,1.799835
_08346_,VPWR,li1,60.4900,160.4800,1.799904
_08345_,VPWR,li1,62.5600,160.4800,1.799902
_08344_,VPWR,li1,54.9700,165.9200,1.799856
_08343_,VPWR,li1,51.2900,165.9200,1.799863
_08342_,VPWR,li1,52.6700,171.3600,1.799864
_08341_,VPWR,li1,54.7400,171.3600,1.799858
_08340_,VPWR,li1,52.4400,171.3600,1.799864
_08339_,VPWR,li1,71.9900,171.3600,1.799809
_08338_,VPWR,li1,54.9700,171.3600,1.799858
_08337_,VPWR,li1,56.1200,176.8000,1.799852
_08336_,VPWR,li1,54.0500,176.8000,1.799860
_08335_,VPWR,li1,48.0700,176.8000,1.799875
_08334_,VPWR,li1,45.7700,182.2400,1.799930
_08333_,VPWR,li1,42.0900,182.2400,1.799937
_08332_,VPWR,li1,39.3300,182.2400,1.799942
_08331_,VPWR,li1,35.6500,182.2400,1.799951
_08330_,VPWR,li1,41.6300,187.6800,1.799965
_08329_,VPWR,li1,40.2500,187.6800,1.799968
_08328_,VPWR,li1,41.6300,187.6800,1.799965
_08327_,VPWR,li1,41.4000,193.1200,1.799947
_08326_,VPWR,li1,116.6100,116.9600,1.798573
_08325_,VPWR,li1,118.9100,116.9600,1.798584
_08324_,VPWR,li1,127.4200,122.4000,1.798026
_08323_,VPWR,li1,117.9900,127.8400,1.799234
_08322_,VPWR,li1,190.2100,111.5200,1.798357
_08321_,VPWR,li1,191.1300,116.9600,1.798737
_08320_,VPWR,li1,189.0600,116.9600,1.798736
_08319_,VPWR,li1,187.6800,116.9600,1.798772
_08318_,VPWR,li1,189.5200,116.9600,1.798736
_08317_,VPWR,li1,178.2500,122.4000,1.798078
_08316_,VPWR,li1,179.1700,122.4000,1.798078
_08315_,VPWR,li1,175.9500,122.4000,1.798395
_08314_,VPWR,li1,177.7900,122.4000,1.798078
_08313_,VPWR,li1,191.3600,127.8400,1.798166
_08312_,VPWR,li1,167.6700,122.4000,1.798225
_08311_,VPWR,li1,163.0700,127.8400,1.799137
_08310_,VPWR,li1,165.3700,127.8400,1.799147
_08309_,VPWR,li1,162.3800,133.2800,1.799310
_08308_,VPWR,li1,117.0700,133.2800,1.799157
_08307_,VPWR,li1,112.9300,138.7200,1.799752
_08306_,VPWR,li1,115.6900,138.7200,1.799755
_08305_,VPWR,li1,116.8400,155.0400,1.799608
_08304_,VPWR,li1,99.5900,149.6000,1.799576
_08303_,VPWR,li1,97.7500,155.0400,1.799633
_08302_,VPWR,li1,94.9900,149.6000,1.799588
_08301_,VPWR,li1,90.8500,149.6000,1.799601
_08300_,VPWR,li1,93.8400,149.6000,1.799593
_08299_,VPWR,li1,86.7100,149.6000,1.799615
_08298_,VPWR,li1,86.7100,149.6000,1.799615
_08297_,VPWR,li1,87.1700,155.0400,1.799662
_08296_,VPWR,li1,89.0100,155.0400,1.799656
_08295_,VPWR,li1,106.7200,160.4800,1.799882
_08294_,VPWR,li1,84.8700,155.0400,1.799671
_08293_,VPWR,li1,81.1900,155.0400,1.799689
_08292_,VPWR,li1,78.4300,155.0400,1.799697
_08291_,VPWR,li1,78.8900,160.4800,1.799891
_08290_,VPWR,li1,86.0200,160.4800,1.799887
_08289_,VPWR,li1,84.6400,160.4800,1.799889
_08288_,VPWR,li1,77.7400,165.9200,1.799813
_08287_,VPWR,li1,87.8600,160.4800,1.799887
_08286_,VPWR,li1,86.2500,144.1600,1.799883
_08285_,VPWR,li1,84.6400,144.1600,1.799883
_08284_,VPWR,li1,82.3400,144.1600,1.799883
_08283_,VPWR,li1,80.2700,144.1600,1.799882
_08282_,VPWR,li1,84.4100,144.1600,1.799883
_08281_,VPWR,li1,74.9800,149.6000,1.799661
_08280_,VPWR,li1,80.0400,149.6000,1.799641
_08279_,VPWR,li1,92.9200,171.3600,1.799775
_08278_,VPWR,li1,107.1800,149.6000,1.799568
_08277_,VPWR,li1,94.0700,155.0400,1.799639
_08276_,VPWR,li1,98.9000,176.8000,1.799762
_08275_,VPWR,li1,64.1700,165.9200,1.799832
_08274_,VPWR,li1,62.7900,165.9200,1.799837
_08273_,VPWR,li1,63.2500,171.3600,1.799831
_08272_,VPWR,li1,66.2400,171.3600,1.799825
_08271_,VPWR,li1,65.5500,171.3600,1.799825
_08270_,VPWR,li1,66.0100,176.8000,1.799826
_08269_,VPWR,li1,68.0800,176.8000,1.799820
_08268_,VPWR,li1,74.5200,171.3600,1.799803
_08267_,VPWR,li1,74.7500,171.3600,1.799803
_08266_,VPWR,li1,73.1400,165.9200,1.799820
_08265_,VPWR,li1,85.5600,171.3600,1.799785
_08264_,VPWR,li1,63.2500,176.8000,1.799831
_08263_,VPWR,li1,63.2500,176.8000,1.799831
_08262_,VPWR,li1,65.3200,176.8000,1.799826
_08261_,VPWR,li1,55.4300,176.8000,1.799852
_08260_,VPWR,li1,58.6500,176.8000,1.799847
_08259_,VPWR,li1,53.1300,182.2400,1.799918
_08258_,VPWR,li1,53.5900,182.2400,1.799918
_08257_,VPWR,li1,51.2900,187.6800,1.799955
_08256_,VPWR,li1,55.8900,182.2400,1.799914
_08255_,VPWR,li1,49.4500,193.1200,1.799935
_08254_,VPWR,li1,44.3900,187.6800,1.799962
_08253_,VPWR,li1,41.4000,193.1200,1.799947
_08252_,VPWR,li1,45.0800,193.1200,1.799941
_08251_,VPWR,li1,60.4900,187.6800,1.799946
_08250_,VPWR,li1,54.2800,193.1200,1.799928
_08249_,VPWR,li1,50.8300,176.8000,1.799866
_08248_,VPWR,li1,66.9300,182.2400,1.799899
_08247_,VPWR,li1,68.7700,182.2400,1.799895
_08246_,VPWR,li1,113.8500,133.2800,1.799164
_08245_,VPWR,li1,117.7600,127.8400,1.799234
_08244_,VPWR,li1,114.7700,127.8400,1.799246
_08243_,VPWR,li1,115.9200,127.8400,1.799246
_08242_,VPWR,li1,125.8100,127.8400,1.799206
_08241_,VPWR,li1,132.7100,127.8400,1.799191
_08240_,VPWR,li1,135.9300,127.8400,1.799179
_08239_,VPWR,li1,132.0200,127.8400,1.799191
_08238_,VPWR,li1,132.4800,133.2800,1.799200
_08237_,VPWR,li1,126.7300,133.2800,1.799183
_08236_,VPWR,li1,121.6700,133.2800,1.799165
_08235_,VPWR,li1,122.8200,133.2800,1.799173
_08234_,VPWR,li1,110.6300,133.2800,1.799181
_08233_,VPWR,li1,106.2600,133.2800,1.799204
_08232_,VPWR,li1,102.3500,133.2800,1.799225
_08231_,VPWR,li1,97.2900,133.2800,1.799253
_08230_,VPWR,li1,97.2900,133.2800,1.799253
_08229_,VPWR,li1,97.7500,138.7200,1.799773
_08228_,VPWR,li1,94.7600,144.1600,1.799885
_08227_,VPWR,li1,107.8700,138.7200,1.799758
_08226_,VPWR,li1,124.8900,122.4000,1.798017
_08225_,VPWR,li1,128.5700,116.9600,1.798632
_08224_,VPWR,li1,124.6600,116.9600,1.798606
_08223_,VPWR,li1,126.9600,116.9600,1.798621
_08222_,VPWR,li1,107.4100,111.5200,1.797782
_08221_,VPWR,li1,105.3400,116.9600,1.798600
_08220_,VPWR,li1,105.1100,111.5200,1.797821
_08219_,VPWR,li1,112.7000,111.5200,1.797732
_08218_,VPWR,li1,104.4200,111.5200,1.797821
_08217_,VPWR,li1,111.3200,111.5200,1.797732
_08216_,VPWR,li1,115.0000,149.6000,1.799563
_08215_,VPWR,li1,145.8200,127.8400,1.799155
_08214_,VPWR,li1,161.9200,122.4000,1.798161
_08213_,VPWR,li1,160.3100,127.8400,1.799137
_08212_,VPWR,li1,156.8600,127.8400,1.799139
_08211_,VPWR,li1,148.1200,122.4000,1.798100
_08210_,VPWR,li1,349.3700,127.8400,1.797241
_08209_,VPWR,li1,345.9200,127.8400,1.797354
_08208_,VPWR,li1,347.7600,122.4000,1.796727
_08207_,VPWR,li1,343.3900,127.8400,1.797532
_08206_,VPWR,li1,333.5000,127.8400,1.798293
_08205_,VPWR,li1,333.7300,127.8400,1.798128
_08204_,VPWR,li1,348.4500,133.2800,1.798599
_08203_,VPWR,li1,346.1500,127.8400,1.797355
_08202_,VPWR,li1,342.4700,122.4000,1.796993
_08201_,VPWR,li1,348.9100,122.4000,1.796664
_08200_,VPWR,li1,230.6900,122.4000,1.793547
_08199_,VPWR,li1,227.4700,122.4000,1.793730
_08198_,VPWR,li1,235.2900,122.4000,1.793624
_08197_,VPWR,li1,208.1500,122.4000,1.794880
_08196_,VPWR,li1,206.7700,122.4000,1.794880
_08195_,VPWR,li1,203.0900,122.4000,1.795303
_08194_,VPWR,li1,198.9500,122.4000,1.795609
_08193_,VPWR,li1,218.7300,122.4000,1.794108
_08192_,VPWR,li1,194.8100,122.4000,1.796050
_08191_,VPWR,li1,191.1300,127.8400,1.798166
_08190_,VPWR,li1,194.8100,127.8400,1.797969
_08189_,VPWR,li1,192.0500,133.2800,1.798898
_08188_,VPWR,li1,165.3700,133.2800,1.799326
_08187_,VPWR,li1,163.5300,149.6000,1.799642
_08186_,VPWR,li1,159.3900,149.6000,1.799620
_08185_,VPWR,li1,157.5500,155.0400,1.799761
_08184_,VPWR,li1,124.8900,155.0400,1.799611
_08183_,VPWR,li1,115.2300,165.9200,1.799773
_08182_,VPWR,li1,114.3100,165.9200,1.799774
_08181_,VPWR,li1,117.7600,176.8000,1.799763
_08180_,VPWR,li1,101.4300,176.8000,1.799760
_08179_,VPWR,li1,101.4300,176.8000,1.799760
_08178_,VPWR,li1,96.3700,171.3600,1.799772
_08177_,VPWR,li1,89.4700,171.3600,1.799781
_08176_,VPWR,li1,90.3900,171.3600,1.799778
_08175_,VPWR,li1,85.3300,171.3600,1.799785
_08174_,VPWR,li1,82.1100,176.8000,1.799791
_08173_,VPWR,li1,81.6500,165.9200,1.799809
_08172_,VPWR,li1,77.9700,165.9200,1.799813
_08171_,VPWR,li1,80.9600,171.3600,1.799793
_08170_,VPWR,li1,78.4300,176.8000,1.799801
_08169_,VPWR,li1,80.0400,165.9200,1.799809
_08168_,VPWR,li1,75.2100,165.9200,1.799816
_08167_,VPWR,li1,91.5400,187.6800,1.799930
_08166_,VPWR,li1,99.8200,171.3600,1.799770
_08165_,VPWR,li1,95.9100,176.8000,1.799767
_08164_,VPWR,li1,94.7600,182.2400,1.799871
_08163_,VPWR,li1,77.5100,182.2400,1.799884
_08162_,VPWR,li1,75.6700,176.8000,1.799805
_08161_,VPWR,li1,71.9900,193.1200,1.799910
_08160_,VPWR,li1,69.2300,193.1200,1.799913
_08159_,VPWR,li1,64.1700,193.1200,1.799917
_08158_,VPWR,li1,66.9300,193.1200,1.799915
_08157_,VPWR,li1,59.1100,193.1200,1.799923
_08156_,VPWR,li1,54.5100,198.5600,1.799960
_08155_,VPWR,li1,50.6000,193.1200,1.799935
_08154_,VPWR,li1,54.2800,193.1200,1.799928
_08153_,VPWR,li1,63.9400,193.1200,1.799917
_08152_,VPWR,li1,75.9000,198.5600,1.799947
_08151_,VPWR,li1,77.0500,176.8000,1.799801
_08150_,VPWR,li1,73.8300,182.2400,1.799888
_08149_,VPWR,li1,73.3700,176.8000,1.799811
_08148_,VPWR,li1,74.0600,182.2400,1.799888
_08147_,VPWR,li1,71.0700,182.2400,1.799892
_08146_,VPWR,li1,68.5400,187.6800,1.799941
_08145_,VPWR,li1,63.9400,187.6800,1.799945
_08144_,VPWR,li1,119.3700,149.6000,1.799562
_08143_,VPWR,li1,113.3900,155.0400,1.799611
_08142_,VPWR,li1,114.5400,155.0400,1.799611
_08141_,VPWR,li1,110.6300,149.6000,1.799565
_08140_,VPWR,li1,107.4100,155.0400,1.799618
_08139_,VPWR,li1,109.7100,155.0400,1.799615
_08138_,VPWR,li1,128.8000,155.0400,1.799628
_08137_,VPWR,li1,104.1900,160.4800,1.799882
_08136_,VPWR,li1,100.5100,160.4800,1.799883
_08135_,VPWR,li1,103.5000,160.4800,1.799882
_08134_,VPWR,li1,94.0700,160.4800,1.799885
_08133_,VPWR,li1,97.0600,160.4800,1.799884
_08132_,VPWR,li1,89.2400,160.4800,1.799887
_08131_,VPWR,li1,102.5800,165.9200,1.799784
_08130_,VPWR,li1,115.4600,160.4800,1.799882
_08129_,VPWR,li1,106.4900,144.1600,1.799887
_08128_,VPWR,li1,106.0300,138.7200,1.799761
_08127_,VPWR,li1,101.8900,144.1600,1.799886
_08126_,VPWR,li1,106.9500,144.1600,1.799888
_08125_,VPWR,li1,100.0500,144.1600,1.799886
_08124_,VPWR,li1,98.2100,138.7200,1.799773
_08123_,VPWR,li1,98.2100,144.1600,1.799885
_08122_,VPWR,li1,111.5500,144.1600,1.799891
_08121_,VPWR,li1,110.8600,171.3600,1.799761
_08120_,VPWR,li1,138.4600,155.0400,1.799669
_08119_,VPWR,li1,159.3900,133.2800,1.799288
_08118_,VPWR,li1,158.2400,127.8400,1.799137
_08117_,VPWR,li1,152.9500,127.8400,1.799141
_08116_,VPWR,li1,155.2500,127.8400,1.799139
_08115_,VPWR,li1,149.2700,127.8400,1.799147
_08114_,VPWR,li1,143.7500,133.2800,1.799235
_08113_,VPWR,li1,143.9800,133.2800,1.799235
_08112_,VPWR,li1,166.5200,138.7200,1.799848
_08111_,VPWR,li1,139.1500,133.2800,1.799221
_08110_,VPWR,li1,136.3900,133.2800,1.799212
_08109_,VPWR,li1,136.3900,133.2800,1.799212
_08108_,VPWR,li1,134.0900,133.2800,1.799200
_08107_,VPWR,li1,126.7300,133.2800,1.799183
_08106_,VPWR,li1,123.9700,133.2800,1.799173
_08105_,VPWR,li1,123.5100,138.7200,1.799767
_08104_,VPWR,li1,122.5900,138.7200,1.799764
_08103_,VPWR,li1,124.6600,138.7200,1.799767
_08102_,VPWR,li1,133.1700,138.7200,1.799782
_08101_,VPWR,li1,144.2100,138.7200,1.799803
_08100_,VPWR,li1,145.5900,122.4000,1.798093
_08099_,VPWR,li1,142.8300,122.4000,1.798080
_08098_,VPWR,li1,145.8200,122.4000,1.798093
_08097_,VPWR,li1,145.8200,116.9600,1.798722
_08096_,VPWR,li1,136.1600,116.9600,1.798671
_08095_,VPWR,li1,132.4800,116.9600,1.798646
_08094_,VPWR,li1,132.7100,116.9600,1.798646
_08093_,VPWR,li1,136.6200,111.5200,1.797866
_08092_,VPWR,li1,133.1700,111.5200,1.797840
_08091_,VPWR,li1,126.2700,116.9600,1.798621
_08090_,VPWR,li1,134.7800,116.9600,1.798660
_08089_,VPWR,li1,135.2400,111.5200,1.797866
_08088_,VPWR,li1,132.7100,122.4000,1.798045
_08087_,VPWR,li1,139.3800,122.4000,1.798070
_08086_,VPWR,li1,135.7000,122.4000,1.798052
_08085_,VPWR,li1,152.9500,149.6000,1.799594
_08084_,VPWR,li1,175.0300,133.2800,1.799485
_08083_,VPWR,li1,187.6800,122.4000,1.796897
_08082_,VPWR,li1,188.8300,127.8400,1.798418
_08081_,VPWR,li1,185.3800,127.8400,1.798537
_08080_,VPWR,li1,195.9600,116.9600,1.798766
_08079_,VPWR,li1,346.6100,122.4000,1.796727
_08078_,VPWR,li1,345.0000,122.4000,1.796838
_08077_,VPWR,li1,334.6500,122.4000,1.797650
_08076_,VPWR,li1,235.7500,127.8400,1.796056
_08075_,VPWR,li1,232.5300,122.4000,1.793559
_08074_,VPWR,li1,238.5100,122.4000,1.793677
_08073_,VPWR,li1,244.0300,122.4000,1.793897
_08072_,VPWR,li1,223.3300,122.4000,1.793854
_08071_,VPWR,li1,220.1100,127.8400,1.796653
_08070_,VPWR,li1,223.7900,127.8400,1.796508
_08069_,VPWR,li1,222.4100,133.2800,1.798308
_08068_,VPWR,li1,194.8100,133.2800,1.798818
_08067_,VPWR,li1,191.5900,149.6000,1.799553
_08066_,VPWR,li1,190.6700,149.6000,1.799575
_08065_,VPWR,li1,189.7500,165.9200,1.799701
_08064_,VPWR,li1,157.0900,149.6000,1.799600
_08063_,VPWR,li1,155.7100,171.3600,1.799819
_08062_,VPWR,li1,159.3900,171.3600,1.799830
_08061_,VPWR,li1,155.7100,171.3600,1.799819
_08060_,VPWR,li1,117.0700,171.3600,1.799758
_08059_,VPWR,li1,117.0700,171.3600,1.799758
_08058_,VPWR,li1,114.7700,176.8000,1.799762
_08057_,VPWR,li1,120.0600,187.6800,1.799923
_08056_,VPWR,li1,97.7500,182.2400,1.799869
_08055_,VPWR,li1,94.5300,187.6800,1.799929
_08054_,VPWR,li1,90.3900,193.1200,1.799904
_08053_,VPWR,li1,93.3800,193.1200,1.799904
_08052_,VPWR,li1,79.8100,193.1200,1.799906
_08051_,VPWR,li1,75.2100,193.1200,1.799909
_08050_,VPWR,li1,70.6100,193.1200,1.799912
_08049_,VPWR,li1,72.4500,193.1200,1.799910
_08048_,VPWR,li1,80.2700,193.1200,1.799906
_08047_,VPWR,li1,85.3300,193.1200,1.799905
_08046_,VPWR,li1,100.2800,187.6800,1.799927
_08045_,VPWR,li1,88.0900,182.2400,1.799875
_08044_,VPWR,li1,90.8500,182.2400,1.799873
_08043_,VPWR,li1,87.4000,187.6800,1.799932
_08042_,VPWR,li1,81.6500,182.2400,1.799880
_08041_,VPWR,li1,65.5500,187.6800,1.799943
_08040_,VPWR,li1,66.4700,193.1200,1.799915
_08039_,VPWR,li1,63.2500,187.6800,1.799945
_08038_,VPWR,li1,66.7000,187.6800,1.799943
_08037_,VPWR,li1,60.4900,193.1200,1.799920
_08036_,VPWR,li1,112.4700,171.3600,1.799760
_08035_,VPWR,li1,108.7900,176.8000,1.799760
_08034_,VPWR,li1,111.7800,176.8000,1.799761
_08033_,VPWR,li1,104.6500,171.3600,1.799765
_08032_,VPWR,li1,102.3500,165.9200,1.799784
_08031_,VPWR,li1,104.6500,165.9200,1.799781
_08030_,VPWR,li1,106.0300,165.9200,1.799781
_08029_,VPWR,li1,105.8000,165.9200,1.799781
_08028_,VPWR,li1,99.1300,165.9200,1.799787
_08027_,VPWR,li1,126.7300,176.8000,1.799775
_08026_,VPWR,li1,110.4000,182.2400,1.799867
_08025_,VPWR,li1,129.2600,171.3600,1.799773
_08024_,VPWR,li1,152.9500,155.0400,1.799741
_08023_,VPWR,li1,150.8800,149.6000,1.799589
_08022_,VPWR,li1,145.1300,149.6000,1.799580
_08021_,VPWR,li1,148.1200,149.6000,1.799584
_08020_,VPWR,li1,138.6900,149.6000,1.799573
_08019_,VPWR,li1,135.4700,155.0400,1.799660
_08018_,VPWR,li1,133.1700,155.0400,1.799650
_08017_,VPWR,li1,147.6600,160.4800,1.799890
_08016_,VPWR,li1,129.9500,155.0400,1.799637
_08015_,VPWR,li1,125.3500,155.0400,1.799619
_08014_,VPWR,li1,126.9600,160.4800,1.799883
_08013_,VPWR,li1,120.2900,160.4800,1.799883
_08012_,VPWR,li1,115.6900,160.4800,1.799882
_08011_,VPWR,li1,119.6000,165.9200,1.799776
_08010_,VPWR,li1,126.9600,165.9200,1.799787
_08009_,VPWR,li1,136.6200,160.4800,1.799886
_08008_,VPWR,li1,132.7100,149.6000,1.799569
_08007_,VPWR,li1,132.2500,144.1600,1.799905
_08006_,VPWR,li1,129.9500,144.1600,1.799903
_08005_,VPWR,li1,137.3100,144.1600,1.799910
_08004_,VPWR,li1,127.6500,144.1600,1.799901
_08003_,VPWR,li1,130.4100,138.7200,1.799779
_08002_,VPWR,li1,130.4100,144.1600,1.799903
_08001_,VPWR,li1,133.8600,144.1600,1.799905
_08000_,VPWR,li1,123.9700,144.1600,1.799899
_07999_,VPWR,li1,123.2800,144.1600,1.799897
_07998_,VPWR,li1,146.5100,144.1600,1.799918
_07997_,VPWR,li1,121.2100,144.1600,1.799896
_07996_,VPWR,li1,119.6000,138.7200,1.799761
_07995_,VPWR,li1,119.8300,144.1600,1.799896
_07994_,VPWR,li1,145.8200,171.3600,1.799800
_07993_,VPWR,li1,162.3800,155.0400,1.799801
_07992_,VPWR,li1,188.8300,133.2800,1.799024
_07991_,VPWR,li1,184.4600,127.8400,1.798686
_07990_,VPWR,li1,182.8500,133.2800,1.799206
_07989_,VPWR,li1,181.7000,127.8400,1.798882
_07988_,VPWR,li1,177.7900,133.2800,1.799386
_07987_,VPWR,li1,174.5700,127.8400,1.799244
_07986_,VPWR,li1,171.8100,133.2800,1.799415
_07985_,VPWR,li1,175.0300,133.2800,1.799485
_07984_,VPWR,li1,189.9800,138.7200,1.799724
_07983_,VPWR,li1,169.9700,138.7200,1.799853
_07982_,VPWR,li1,163.0700,138.7200,1.799840
_07981_,VPWR,li1,164.4500,133.2800,1.799326
_07980_,VPWR,li1,154.7900,138.7200,1.799823
_07979_,VPWR,li1,146.0500,138.7200,1.799806
_07978_,VPWR,li1,147.8900,138.7200,1.799810
_07977_,VPWR,li1,148.8100,138.7200,1.799810
_07976_,VPWR,li1,152.9500,138.7200,1.799819
_07975_,VPWR,li1,163.7600,144.1600,1.799940
_07974_,VPWR,li1,177.1000,144.1600,1.799951
_07973_,VPWR,li1,195.7300,122.4000,1.796050
_07972_,VPWR,li1,197.5700,116.9600,1.798778
_07971_,VPWR,li1,197.8000,116.9600,1.798778
_07970_,VPWR,li1,200.5600,116.9600,1.798798
_07969_,VPWR,li1,149.2700,116.9600,1.798737
_07968_,VPWR,li1,149.7300,122.4000,1.798110
_07967_,VPWR,li1,152.7200,116.9600,1.798760
_07966_,VPWR,li1,153.1800,122.4000,1.798118
_07965_,VPWR,li1,143.7500,116.9600,1.798711
_07964_,VPWR,li1,144.9000,111.5200,1.797986
_07963_,VPWR,li1,147.8900,111.5200,1.798018
_07962_,VPWR,li1,140.0700,111.5200,1.797912
_07961_,VPWR,li1,142.3700,111.5200,1.797955
_07960_,VPWR,li1,130.4100,111.5200,1.797806
_07959_,VPWR,li1,127.1900,198.5600,1.799930
_07958_,VPWR,li1,184.0000,160.4800,1.799849
_07957_,VPWR,li1,207.0000,133.2800,1.798595
_07956_,VPWR,li1,215.9700,127.8400,1.796877
_07955_,VPWR,li1,215.0500,122.4000,1.794374
_07954_,VPWR,li1,214.5900,122.4000,1.794374
_07953_,VPWR,li1,215.5100,111.5200,1.798589
_07952_,VPWR,li1,286.3500,127.8400,1.796750
_07951_,VPWR,li1,350.7500,122.4000,1.796634
_07950_,VPWR,li1,348.6800,133.2800,1.798599
_07949_,VPWR,li1,343.6200,133.2800,1.798707
_07948_,VPWR,li1,337.4100,127.8400,1.797826
_07947_,VPWR,li1,340.1700,127.8400,1.797647
_07946_,VPWR,li1,315.5600,133.2800,1.798659
_07945_,VPWR,li1,285.4300,122.4000,1.795423
_07944_,VPWR,li1,281.7500,127.8400,1.796622
_07943_,VPWR,li1,281.2900,122.4000,1.795308
_07942_,VPWR,li1,284.0500,133.2800,1.798089
_07941_,VPWR,li1,247.2500,127.8400,1.796024
_07940_,VPWR,li1,244.0300,127.8400,1.796008
_07939_,VPWR,li1,240.3500,127.8400,1.796024
_07938_,VPWR,li1,241.7300,138.7200,1.799289
_07937_,VPWR,li1,227.9300,133.2800,1.798226
_07936_,VPWR,li1,220.1100,149.6000,1.799364
_07935_,VPWR,li1,215.9700,149.6000,1.799385
_07934_,VPWR,li1,218.9600,165.9200,1.799548
_07933_,VPWR,li1,192.0500,165.9200,1.799679
_07932_,VPWR,li1,189.2900,171.3600,1.799816
_07931_,VPWR,li1,187.2200,171.3600,1.799835
_07930_,VPWR,li1,187.6800,176.8000,1.799871
_07929_,VPWR,li1,158.4700,176.8000,1.799840
_07928_,VPWR,li1,154.7900,182.2400,1.799899
_07927_,VPWR,li1,150.6500,182.2400,1.799895
_07926_,VPWR,li1,153.6400,182.2400,1.799899
_07925_,VPWR,li1,120.7500,182.2400,1.799869
_07924_,VPWR,li1,117.9900,182.2400,1.799868
_07923_,VPWR,li1,117.7600,187.6800,1.799923
_07922_,VPWR,li1,118.2200,193.1200,1.799910
_07921_,VPWR,li1,88.0900,182.2400,1.799875
_07920_,VPWR,li1,84.4100,193.1200,1.799905
_07919_,VPWR,li1,88.3200,193.1200,1.799904
_07918_,VPWR,li1,86.9400,193.1200,1.799904
_07917_,VPWR,li1,92.0000,193.1200,1.799904
_07916_,VPWR,li1,85.3300,198.5600,1.799943
_07915_,VPWR,li1,80.7300,182.2400,1.799882
_07914_,VPWR,li1,113.3900,182.2400,1.799867
_07913_,VPWR,li1,106.9500,182.2400,1.799867
_07912_,VPWR,li1,108.5600,187.6800,1.799925
_07911_,VPWR,li1,102.8100,187.6800,1.799926
_07910_,VPWR,li1,100.0500,193.1200,1.799904
_07909_,VPWR,li1,97.7500,193.1200,1.799904
_07908_,VPWR,li1,100.0500,193.1200,1.799904
_07907_,VPWR,li1,101.8900,193.1200,1.799904
_07906_,VPWR,li1,108.7900,193.1200,1.799905
_07905_,VPWR,li1,134.0900,187.6800,1.799924
_07904_,VPWR,li1,150.6500,176.8000,1.799821
_07903_,VPWR,li1,143.7500,176.8000,1.799804
_07902_,VPWR,li1,142.3700,171.3600,1.799791
_07901_,VPWR,li1,136.3900,171.3600,1.799784
_07900_,VPWR,li1,131.3300,176.8000,1.799781
_07899_,VPWR,li1,130.6400,171.3600,1.799773
_07898_,VPWR,li1,135.9300,176.8000,1.799791
_07897_,VPWR,li1,122.8200,176.8000,1.799769
_07896_,VPWR,li1,134.0900,176.8000,1.799787
_07895_,VPWR,li1,120.7500,176.8000,1.799766
_07894_,VPWR,li1,130.1800,176.8000,1.799781
_07893_,VPWR,li1,128.1100,165.9200,1.799787
_07892_,VPWR,li1,128.5700,160.4800,1.799884
_07891_,VPWR,li1,127.1900,160.4800,1.799883
_07890_,VPWR,li1,130.1800,165.9200,1.799792
_07889_,VPWR,li1,123.5100,165.9200,1.799783
_07888_,VPWR,li1,148.1200,187.6800,1.799929
_07887_,VPWR,li1,149.2700,171.3600,1.799806
_07886_,VPWR,li1,189.2900,160.4800,1.799812
_07885_,VPWR,li1,180.0900,160.4800,1.799880
_07884_,VPWR,li1,181.7000,160.4800,1.799862
_07883_,VPWR,li1,165.8300,155.0400,1.799830
_07882_,VPWR,li1,160.3100,160.4800,1.799898
_07881_,VPWR,li1,163.0700,160.4800,1.799900
_07880_,VPWR,li1,163.7600,160.4800,1.799900
_07879_,VPWR,li1,150.6500,160.4800,1.799891
_07878_,VPWR,li1,145.5900,160.4800,1.799889
_07877_,VPWR,li1,146.7400,155.0400,1.799712
_07876_,VPWR,li1,140.0700,160.4800,1.799887
_07875_,VPWR,li1,136.3900,160.4800,1.799886
_07874_,VPWR,li1,137.0800,165.9200,1.799800
_07873_,VPWR,li1,146.5100,165.9200,1.799815
_07872_,VPWR,li1,155.0200,160.4800,1.799894
_07871_,VPWR,li1,166.7500,144.1600,1.799945
_07870_,VPWR,li1,163.5300,144.1600,1.799940
_07869_,VPWR,li1,169.0500,144.1600,1.799948
_07868_,VPWR,li1,174.5700,144.1600,1.799957
_07867_,VPWR,li1,143.2900,144.1600,1.799916
_07866_,VPWR,li1,140.9900,144.1600,1.799913
_07865_,VPWR,li1,140.0700,144.1600,1.799913
_07864_,VPWR,li1,138.6900,198.5600,1.799932
_07863_,VPWR,li1,155.2500,144.1600,1.799928
_07862_,VPWR,li1,157.5500,144.1600,1.799933
_07861_,VPWR,li1,154.7900,144.1600,1.799928
_07860_,VPWR,li1,155.0200,138.7200,1.799823
_07859_,VPWR,li1,151.5700,144.1600,1.799925
_07858_,VPWR,li1,180.7800,171.3600,1.799864
_07857_,VPWR,li1,191.5900,160.4800,1.799798
_07856_,VPWR,li1,220.5700,127.8400,1.796653
_07855_,VPWR,li1,216.8900,133.2800,1.798378
_07854_,VPWR,li1,217.3500,133.2800,1.798378
_07853_,VPWR,li1,213.2100,127.8400,1.797009
_07852_,VPWR,li1,211.3700,133.2800,1.798486
_07851_,VPWR,li1,208.6100,138.7200,1.799555
_07850_,VPWR,li1,208.1500,138.7200,1.799571
_07849_,VPWR,li1,215.7400,144.1600,1.799864
_07848_,VPWR,li1,193.8900,138.7200,1.799689
_07847_,VPWR,li1,187.9100,138.7200,1.799744
_07846_,VPWR,li1,187.9100,138.7200,1.799744
_07845_,VPWR,li1,181.4700,138.7200,1.799808
_07844_,VPWR,li1,176.8700,138.7200,1.799871
_07843_,VPWR,li1,178.7100,138.7200,1.799850
_07842_,VPWR,li1,180.3200,144.1600,1.799943
_07841_,VPWR,li1,198.0300,133.2800,1.798753
_07840_,VPWR,li1,182.6200,149.6000,1.799675
_07839_,VPWR,li1,200.5600,138.7200,1.799626
_07838_,VPWR,li1,218.7300,116.9600,1.798918
_07837_,VPWR,li1,217.8100,111.5200,1.798618
_07836_,VPWR,li1,215.5100,116.9600,1.798899
_07835_,VPWR,li1,222.1800,111.5200,1.798661
_07834_,VPWR,li1,214.1300,116.9600,1.798883
_07833_,VPWR,li1,207.9200,116.9600,1.798848
_07832_,VPWR,li1,204.7000,116.9600,1.798826
_07831_,VPWR,li1,211.6000,116.9600,1.798870
_07830_,VPWR,li1,208.6100,116.9600,1.798848
_07829_,VPWR,li1,202.1700,111.5200,1.798467
_07828_,VPWR,li1,199.1800,111.5200,1.798426
_07827_,VPWR,li1,208.1500,111.5200,1.798525
_07826_,VPWR,li1,155.2500,111.5200,1.798099
_07825_,VPWR,li1,156.1700,111.5200,1.798159
_07824_,VPWR,li1,149.9600,111.5200,1.798050
_07823_,VPWR,li1,145.5900,111.5200,1.797986
_07822_,VPWR,li1,148.8100,106.0800,1.799878
_07821_,VPWR,li1,127.1900,111.5200,1.797747
_07820_,VPWR,li1,213.2100,165.9200,1.799568
_07819_,VPWR,li1,228.1600,133.2800,1.798226
_07818_,VPWR,li1,241.2700,122.4000,1.793764
_07817_,VPWR,li1,243.1100,127.8400,1.796008
_07816_,VPWR,li1,240.3500,127.8400,1.796024
_07815_,VPWR,li1,242.4200,116.9600,1.799108
_07814_,VPWR,li1,279.2200,122.4000,1.795227
_07813_,VPWR,li1,353.9700,133.2800,1.798558
_07812_,VPWR,li1,351.9000,133.2800,1.798581
_07811_,VPWR,li1,345.6900,133.2800,1.798647
_07810_,VPWR,li1,339.2500,133.2800,1.798865
_07809_,VPWR,li1,341.5500,133.2800,1.798775
_07808_,VPWR,li1,313.0300,133.2800,1.798584
_07807_,VPWR,li1,308.8900,133.2800,1.798487
_07806_,VPWR,li1,310.0400,133.2800,1.798487
_07805_,VPWR,li1,310.0400,138.7200,1.799419
_07804_,VPWR,li1,280.8300,133.2800,1.798070
_07803_,VPWR,li1,275.7700,133.2800,1.798064
_07802_,VPWR,li1,278.7600,133.2800,1.798063
_07801_,VPWR,li1,278.3000,138.7200,1.799267
_07800_,VPWR,li1,244.9500,138.7200,1.799274
_07799_,VPWR,li1,233.9100,149.6000,1.799365
_07798_,VPWR,li1,233.2200,155.0400,1.799825
_07797_,VPWR,li1,235.5200,160.4800,1.799576
_07796_,VPWR,li1,222.4100,165.9200,1.799542
_07795_,VPWR,li1,217.8100,171.3600,1.799731
_07794_,VPWR,li1,217.1200,171.3600,1.799731
_07793_,VPWR,li1,219.4200,176.8000,1.799829
_07792_,VPWR,li1,189.7500,176.8000,1.799865
_07791_,VPWR,li1,189.2900,182.2400,1.799903
_07790_,VPWR,li1,184.0000,182.2400,1.799919
_07789_,VPWR,li1,185.3800,187.6800,1.799955
_07788_,VPWR,li1,157.5500,187.6800,1.799937
_07787_,VPWR,li1,153.4100,187.6800,1.799933
_07786_,VPWR,li1,152.4900,193.1200,1.799933
_07785_,VPWR,li1,155.4800,193.1200,1.799935
_07784_,VPWR,li1,121.2100,187.6800,1.799923
_07783_,VPWR,li1,126.0400,187.6800,1.799923
_07782_,VPWR,li1,129.0300,291.0400,1.799948
_07781_,VPWR,li1,117.0700,187.6800,1.799923
_07780_,VPWR,li1,128.5700,193.1200,1.799915
_07779_,VPWR,li1,127.1900,187.6800,1.799923
_07778_,VPWR,li1,114.7700,193.1200,1.799908
_07777_,VPWR,li1,111.7800,193.1200,1.799906
_07776_,VPWR,li1,110.8600,187.6800,1.799924
_07775_,VPWR,li1,113.6200,193.1200,1.799908
_07774_,VPWR,li1,110.6300,193.1200,1.799906
_07773_,VPWR,li1,150.6500,187.6800,1.799930
_07772_,VPWR,li1,143.7500,187.6800,1.799926
_07771_,VPWR,li1,143.2900,187.6800,1.799926
_07770_,VPWR,li1,137.7700,187.6800,1.799925
_07769_,VPWR,li1,131.3300,187.6800,1.799923
_07768_,VPWR,li1,137.7700,187.6800,1.799925
_07767_,VPWR,li1,138.6900,182.2400,1.799885
_07766_,VPWR,li1,135.4700,182.2400,1.799882
_07765_,VPWR,li1,143.7500,193.1200,1.799924
_07764_,VPWR,li1,164.4500,193.1200,1.799947
_07763_,VPWR,li1,182.3900,176.8000,1.799888
_07762_,VPWR,li1,177.3300,176.8000,1.799907
_07761_,VPWR,li1,178.4800,171.3600,1.799878
_07760_,VPWR,li1,147.4300,176.8000,1.799813
_07759_,VPWR,li1,143.2900,176.8000,1.799804
_07758_,VPWR,li1,145.1300,182.2400,1.799890
_07757_,VPWR,li1,172.2700,182.2400,1.799940
_07756_,VPWR,li1,136.3900,176.8000,1.799791
_07755_,VPWR,li1,133.6300,176.8000,1.799784
_07754_,VPWR,li1,132.2500,176.8000,1.799784
_07753_,VPWR,li1,127.1900,176.8000,1.799775
_07752_,VPWR,li1,127.1900,106.0800,1.799875
_07751_,VPWR,li1,144.6700,171.3600,1.799796
_07750_,VPWR,li1,145.3600,165.9200,1.799815
_07749_,VPWR,li1,143.9800,165.9200,1.799810
_07748_,VPWR,li1,149.0400,165.9200,1.799818
_07747_,VPWR,li1,140.0700,165.9200,1.799807
_07746_,VPWR,li1,178.9400,187.6800,1.799963
_07745_,VPWR,li1,175.0300,176.8000,1.799916
_07744_,VPWR,li1,215.9700,165.9200,1.799557
_07743_,VPWR,li1,208.6100,165.9200,1.799595
_07742_,VPWR,li1,209.3000,165.9200,1.799586
_07741_,VPWR,li1,196.1900,165.9200,1.799655
_07740_,VPWR,li1,193.8900,160.4800,1.799783
_07739_,VPWR,li1,192.7400,165.9200,1.799679
_07738_,VPWR,li1,194.3500,160.4800,1.799783
_07737_,VPWR,li1,195.9600,165.9200,1.799666
_07736_,VPWR,li1,166.2900,160.4800,1.799903
_07735_,VPWR,li1,163.5300,165.9200,1.799843
_07734_,VPWR,li1,166.2900,165.9200,1.799848
_07733_,VPWR,li1,158.4700,165.9200,1.799837
_07732_,VPWR,li1,155.2500,165.9200,1.799829
_07731_,VPWR,li1,155.9400,165.9200,1.799829
_07730_,VPWR,li1,166.7500,165.9200,1.799852
_07729_,VPWR,li1,169.7400,160.4800,1.799905
_07728_,VPWR,li1,187.9100,149.6000,1.799604
_07727_,VPWR,li1,187.4500,149.6000,1.799604
_07726_,VPWR,li1,187.6800,144.1600,1.799925
_07725_,VPWR,li1,182.3900,144.1600,1.799938
_07724_,VPWR,li1,195.7300,149.6000,1.799523
_07723_,VPWR,li1,171.3500,149.6000,1.799723
_07722_,VPWR,li1,175.0300,149.6000,1.799765
_07721_,VPWR,li1,171.8100,144.1600,1.799953
_07720_,VPWR,li1,172.2700,149.6000,1.799723
_07719_,VPWR,li1,168.1300,149.6000,1.799695
_07718_,VPWR,li1,142.8300,144.1600,1.799916
_07717_,VPWR,li1,181.9300,149.6000,1.799675
_07716_,VPWR,li1,192.0500,149.6000,1.799553
_07715_,VPWR,li1,184.6900,144.1600,1.799932
_07714_,VPWR,li1,177.7900,144.1600,1.799951
_07713_,VPWR,li1,179.6300,149.6000,1.799708
_07712_,VPWR,li1,207.6900,176.8000,1.799840
_07711_,VPWR,li1,217.3500,160.4800,1.799652
_07710_,VPWR,li1,239.8900,133.2800,1.798149
_07709_,VPWR,li1,242.6500,133.2800,1.798138
_07708_,VPWR,li1,234.3700,133.2800,1.798179
_07707_,VPWR,li1,234.8300,133.2800,1.798179
_07706_,VPWR,li1,231.1500,133.2800,1.798196
_07705_,VPWR,li1,228.3900,138.7200,1.799393
_07704_,VPWR,li1,232.0700,138.7200,1.799375
_07703_,VPWR,li1,230.6900,138.7200,1.799375
_07702_,VPWR,li1,240.8100,138.7200,1.799309
_07701_,VPWR,li1,218.7300,144.1600,1.799856
_07700_,VPWR,li1,213.2100,144.1600,1.799869
_07699_,VPWR,li1,214.1300,138.7200,1.799515
_07698_,VPWR,li1,202.1700,138.7200,1.799626
_07697_,VPWR,li1,199.1800,138.7200,1.799645
_07696_,VPWR,li1,200.7900,144.1600,1.799893
_07695_,VPWR,li1,202.4000,133.2800,1.798692
_07694_,VPWR,li1,204.0100,133.2800,1.798632
_07693_,VPWR,li1,207.0000,144.1600,1.799880
_07692_,VPWR,li1,199.6400,133.2800,1.798753
_07691_,VPWR,li1,212.9800,149.6000,1.799401
_07690_,VPWR,li1,224.4800,138.7200,1.799426
_07689_,VPWR,li1,242.1900,122.4000,1.793838
_07688_,VPWR,li1,246.3300,116.9600,1.799140
_07687_,VPWR,li1,244.4900,116.9600,1.799125
_07686_,VPWR,li1,244.0300,116.9600,1.799108
_07685_,VPWR,li1,246.1000,116.9600,1.799125
_07684_,VPWR,li1,227.9300,111.5200,1.798707
_07683_,VPWR,li1,227.0100,116.9600,1.798989
_07682_,VPWR,li1,229.0800,111.5200,1.798730
_07681_,VPWR,li1,229.5400,116.9600,1.799008
_07680_,VPWR,li1,224.7100,111.5200,1.798686
_07679_,VPWR,li1,226.0900,116.9600,1.798973
_07678_,VPWR,li1,232.9900,111.5200,1.798756
_07677_,VPWR,li1,218.7300,111.5200,1.798618
_07676_,VPWR,li1,222.4100,111.5200,1.798661
_07675_,VPWR,li1,221.0300,111.5200,1.798638
_07674_,VPWR,li1,216.6600,106.0800,1.799900
_07673_,VPWR,li1,213.6700,106.0800,1.799901
_07672_,VPWR,li1,230.0000,160.4800,1.799594
_07671_,VPWR,li1,255.3000,133.2800,1.798096
_07670_,VPWR,li1,276.2300,122.4000,1.795111
_07669_,VPWR,li1,273.0100,122.4000,1.794925
_07668_,VPWR,li1,273.4700,122.4000,1.795005
_07667_,VPWR,li1,277.8400,116.9600,1.799401
_07666_,VPWR,li1,270.9400,133.2800,1.798064
_07665_,VPWR,li1,336.2600,133.2800,1.798938
_07664_,VPWR,li1,355.3500,138.7200,1.799383
_07663_,VPWR,li1,351.2100,133.2800,1.798581
_07662_,VPWR,li1,355.3500,144.1600,1.799439
_07661_,VPWR,li1,349.8300,138.7200,1.799413
_07660_,VPWR,li1,345.4600,138.7200,1.799446
_07659_,VPWR,li1,343.3900,138.7200,1.799476
_07658_,VPWR,li1,333.5000,133.2800,1.799047
_07657_,VPWR,li1,339.2500,133.2800,1.798865
_07656_,VPWR,li1,330.2800,133.2800,1.799112
_07655_,VPWR,li1,330.7400,138.7200,1.799622
_07654_,VPWR,li1,313.2600,138.7200,1.799451
_07653_,VPWR,li1,315.5600,138.7200,1.799478
_07652_,VPWR,li1,297.8500,133.2800,1.798280
_07651_,VPWR,li1,298.5400,138.7200,1.799341
_07650_,VPWR,li1,274.6200,138.7200,1.799264
_07649_,VPWR,li1,281.0600,138.7200,1.799277
_07648_,VPWR,li1,273.4700,160.4800,1.799553
_07647_,VPWR,li1,274.6200,160.4800,1.799553
_07646_,VPWR,li1,239.2000,160.4800,1.799572
_07645_,VPWR,li1,233.2200,160.4800,1.799586
_07644_,VPWR,li1,232.7600,176.8000,1.799825
_07643_,VPWR,li1,228.8500,176.8000,1.799824
_07642_,VPWR,li1,215.2800,176.8000,1.799832
_07641_,VPWR,li1,217.3500,176.8000,1.799830
_07640_,VPWR,li1,215.5100,182.2400,1.799855
_07639_,VPWR,li1,213.4400,182.2400,1.799860
_07638_,VPWR,li1,216.6600,182.2400,1.799855
_07637_,VPWR,li1,188.6000,187.6800,1.799953
_07636_,VPWR,li1,187.2200,187.6800,1.799953
_07635_,VPWR,li1,184.9200,193.1200,1.799944
_07634_,VPWR,li1,184.4600,187.6800,1.799958
_07633_,VPWR,li1,189.0600,193.1200,1.799937
_07632_,VPWR,li1,155.9400,193.1200,1.799935
_07631_,VPWR,li1,158.2400,193.1200,1.799939
_07630_,VPWR,li1,158.7000,193.1200,1.799939
_07629_,VPWR,li1,150.4200,193.1200,1.799931
_07628_,VPWR,li1,163.5300,198.5600,1.799942
_07627_,VPWR,li1,132.0200,193.1200,1.799917
_07626_,VPWR,li1,129.7200,187.6800,1.799923
_07625_,VPWR,li1,134.0900,193.1200,1.799918
_07624_,VPWR,li1,130.8700,198.5600,1.799930
_07623_,VPWR,li1,129.0300,193.1200,1.799915
_07622_,VPWR,li1,148.3500,193.1200,1.799928
_07621_,VPWR,li1,150.6500,193.1200,1.799931
_07620_,VPWR,li1,145.3600,193.1200,1.799927
_07619_,VPWR,li1,142.3700,193.1200,1.799924
_07618_,VPWR,li1,140.5300,193.1200,1.799923
_07617_,VPWR,li1,181.0100,193.1200,1.799952
_07616_,VPWR,li1,175.9500,187.6800,1.799968
_07615_,VPWR,li1,176.6400,193.1200,1.799963
_07614_,VPWR,li1,165.3700,187.6800,1.799950
_07613_,VPWR,li1,161.6900,193.1200,1.799942
_07612_,VPWR,li1,164.4500,193.1200,1.799947
_07611_,VPWR,li1,191.1300,198.5600,1.799890
_07610_,VPWR,li1,178.7100,193.1200,1.799956
_07609_,VPWR,li1,198.9500,187.6800,1.799947
_07608_,VPWR,li1,210.9100,176.8000,1.799837
_07607_,VPWR,li1,207.4600,171.3600,1.799760
_07606_,VPWR,li1,204.7000,171.3600,1.799768
_07605_,VPWR,li1,205.3900,176.8000,1.799845
_07604_,VPWR,li1,177.5600,176.8000,1.799907
_07603_,VPWR,li1,179.8600,176.8000,1.799900
_07602_,VPWR,li1,176.6400,182.2400,1.799937
_07601_,VPWR,li1,178.9400,182.2400,1.799930
_07600_,VPWR,li1,197.1100,187.6800,1.799948
_07599_,VPWR,li1,168.1300,182.2400,1.799930
_07598_,VPWR,li1,169.9700,182.2400,1.799934
_07597_,VPWR,li1,166.2900,182.2400,1.799926
_07596_,VPWR,li1,165.8300,182.2400,1.799921
_07595_,VPWR,li1,124.4300,176.8000,1.799772
_07594_,VPWR,li1,171.8100,171.3600,1.799883
_07593_,VPWR,li1,171.8100,171.3600,1.799883
_07592_,VPWR,li1,168.8200,171.3600,1.799871
_07591_,VPWR,li1,169.5100,171.3600,1.799871
_07590_,VPWR,li1,166.2900,171.3600,1.799861
_07589_,VPWR,li1,206.0800,187.6800,1.799944
_07588_,VPWR,li1,201.0200,176.8000,1.799849
_07587_,VPWR,li1,229.3100,160.4800,1.799594
_07586_,VPWR,li1,226.0900,160.4800,1.799611
_07585_,VPWR,li1,227.2400,160.4800,1.799603
_07584_,VPWR,li1,220.5700,160.4800,1.799634
_07583_,VPWR,li1,220.5700,160.4800,1.799634
_07582_,VPWR,li1,217.1200,160.4800,1.799652
_07581_,VPWR,li1,214.5900,160.4800,1.799666
_07580_,VPWR,li1,243.5700,160.4800,1.799566
_07579_,VPWR,li1,197.1100,160.4800,1.799772
_07578_,VPWR,li1,180.5500,165.9200,1.799805
_07577_,VPWR,li1,183.3100,165.9200,1.799774
_07576_,VPWR,li1,174.5700,160.4800,1.799913
_07575_,VPWR,li1,175.4900,160.4800,1.799913
_07574_,VPWR,li1,168.8200,155.0400,1.799853
_07573_,VPWR,li1,175.0300,165.9200,1.799867
_07572_,VPWR,li1,90.8500,160.4800,1.799885
_07571_,VPWR,li1,171.5800,160.4800,1.799909
_07570_,VPWR,li1,169.9700,176.8000,1.799893
_07569_,VPWR,li1,243.5700,160.4800,1.799566
_07568_,VPWR,li1,213.6700,155.0400,1.799846
_07567_,VPWR,li1,206.7700,155.0400,1.799855
_07566_,VPWR,li1,209.5300,155.0400,1.799851
_07565_,VPWR,li1,206.3100,155.0400,1.799855
_07564_,VPWR,li1,200.7900,155.0400,1.799863
_07563_,VPWR,li1,199.8700,149.6000,1.799493
_07562_,VPWR,li1,202.4000,149.6000,1.799475
_07561_,VPWR,li1,196.1900,149.6000,1.799523
_07560_,VPWR,li1,199.4100,149.6000,1.799507
_07559_,VPWR,li1,212.7500,149.6000,1.799401
_07558_,VPWR,li1,215.0500,149.6000,1.799385
_07557_,VPWR,li1,208.1500,149.6000,1.799434
_07556_,VPWR,li1,209.5300,149.6000,1.799434
_07555_,VPWR,li1,206.3100,149.6000,1.799447
_07554_,VPWR,li1,226.3200,171.3600,1.799725
_07553_,VPWR,li1,253.2300,165.9200,1.799584
_07552_,VPWR,li1,271.6300,133.2800,1.798064
_07551_,VPWR,li1,265.6500,133.2800,1.798071
_07550_,VPWR,li1,266.8000,127.8400,1.796360
_07549_,VPWR,li1,258.7500,133.2800,1.798091
_07548_,VPWR,li1,253.6900,127.8400,1.796129
_07547_,VPWR,li1,252.3100,133.2800,1.798108
_07546_,VPWR,li1,262.6600,133.2800,1.798078
_07545_,VPWR,li1,248.1700,138.7200,1.799272
_07544_,VPWR,li1,238.5100,144.1600,1.799829
_07543_,VPWR,li1,240.8100,144.1600,1.799826
_07542_,VPWR,li1,232.0700,144.1600,1.799836
_07541_,VPWR,li1,249.7800,138.7200,1.799272
_07540_,VPWR,li1,226.5500,144.1600,1.799844
_07539_,VPWR,li1,224.7100,144.1600,1.799849
_07538_,VPWR,li1,223.1000,144.1600,1.799849
_07537_,VPWR,li1,217.3500,138.7200,1.799483
_07536_,VPWR,li1,201.0200,133.2800,1.798692
_07535_,VPWR,li1,219.6500,138.7200,1.799464
_07534_,VPWR,li1,205.8500,133.2800,1.798595
_07533_,VPWR,li1,202.1700,62.5600,1.799760
_07532_,VPWR,li1,199.8700,127.8400,1.797753
_07531_,VPWR,li1,228.3900,149.6000,1.799364
_07530_,VPWR,li1,240.5800,149.6000,1.799395
_07529_,VPWR,li1,253.9200,138.7200,1.799270
_07528_,VPWR,li1,275.3100,116.9600,1.799380
_07527_,VPWR,li1,279.9100,116.9600,1.799418
_07526_,VPWR,li1,280.1400,111.5200,1.799281
_07525_,VPWR,li1,277.8400,111.5200,1.799254
_07524_,VPWR,li1,251.8500,111.5200,1.798967
_07523_,VPWR,li1,248.6300,111.5200,1.798918
_07522_,VPWR,li1,245.4100,111.5200,1.798884
_07521_,VPWR,li1,243.1100,111.5200,1.798860
_07520_,VPWR,li1,255.5300,111.5200,1.799007
_07519_,VPWR,li1,239.4300,111.5200,1.798829
_07518_,VPWR,li1,241.7300,111.5200,1.798860
_07517_,VPWR,li1,235.9800,111.5200,1.798784
_07516_,VPWR,li1,236.2100,111.5200,1.798803
_07515_,VPWR,li1,233.9100,106.0800,1.799894
_07514_,VPWR,li1,245.4100,111.5200,1.798884
_07513_,VPWR,li1,248.4000,111.5200,1.798918
_07512_,VPWR,li1,241.9600,111.5200,1.798860
_07511_,VPWR,li1,274.8500,116.9600,1.799364
_07510_,VPWR,li1,273.9300,111.5200,1.799210
_07509_,VPWR,li1,275.7700,111.5200,1.799231
_07508_,VPWR,li1,299.0000,111.5200,1.799487
_07507_,VPWR,li1,267.4900,111.5200,1.799138
_07506_,VPWR,li1,265.4200,160.4800,1.799551
_07505_,VPWR,li1,287.9600,127.8400,1.796845
_07504_,VPWR,li1,307.9700,133.2800,1.798446
_07503_,VPWR,li1,305.2100,127.8400,1.797558
_07502_,VPWR,li1,307.2800,127.8400,1.797646
_07501_,VPWR,li1,307.2800,116.9600,1.799654
_07500_,VPWR,li1,356.2700,144.1600,1.799439
_07499_,VPWR,li1,356.0400,149.6000,1.799655
_07498_,VPWR,li1,353.0500,144.1600,1.799451
_07497_,VPWR,li1,358.5700,144.1600,1.799434
_07496_,VPWR,li1,351.2100,144.1600,1.799467
_07495_,VPWR,li1,345.6900,144.1600,1.799535
_07494_,VPWR,li1,342.2400,138.7200,1.799476
_07493_,VPWR,li1,334.1900,138.7200,1.799581
_07492_,VPWR,li1,329.5900,138.7200,1.799660
_07491_,VPWR,li1,323.1500,138.7200,1.799572
_07490_,VPWR,li1,324.3000,138.7200,1.799572
_07489_,VPWR,li1,322.4600,144.1600,1.799790
_07488_,VPWR,li1,303.8300,138.7200,1.799371
_07487_,VPWR,li1,301.5300,133.2800,1.798357
_07486_,VPWR,li1,296.9300,160.4800,1.799646
_07485_,VPWR,li1,299.2300,160.4800,1.799661
_07484_,VPWR,li1,299.9200,165.9200,1.799708
_07483_,VPWR,li1,278.5300,160.4800,1.799567
_07482_,VPWR,li1,274.3900,165.9200,1.799622
_07481_,VPWR,li1,272.5500,165.9200,1.799616
_07480_,VPWR,li1,275.5400,165.9200,1.799622
_07479_,VPWR,li1,278.3000,171.3600,1.799772
_07478_,VPWR,li1,232.5300,171.3600,1.799722
_07477_,VPWR,li1,235.7500,176.8000,1.799826
_07476_,VPWR,li1,229.3100,182.2400,1.799844
_07475_,VPWR,li1,232.0700,182.2400,1.799844
_07474_,VPWR,li1,231.3800,182.2400,1.799844
_07473_,VPWR,li1,220.1100,182.2400,1.799850
_07472_,VPWR,li1,217.8100,182.2400,1.799852
_07471_,VPWR,li1,216.4300,193.1200,1.799905
_07470_,VPWR,li1,219.4200,193.1200,1.799904
_07469_,VPWR,li1,229.5400,193.1200,1.799900
_07468_,VPWR,li1,192.0500,193.1200,1.799932
_07467_,VPWR,li1,188.8300,193.1200,1.799937
_07466_,VPWR,li1,191.5900,193.1200,1.799932
_07465_,VPWR,li1,225.8600,193.1200,1.799902
_07464_,VPWR,li1,191.3600,198.5600,1.799890
_07463_,VPWR,li1,161.0000,198.5600,1.799940
_07462_,VPWR,li1,159.3900,198.5600,1.799940
_07461_,VPWR,li1,174.5700,193.1200,1.799959
_07460_,VPWR,li1,175.7200,193.1200,1.799963
_07459_,VPWR,li1,171.1200,193.1200,1.799954
_07458_,VPWR,li1,171.3500,187.6800,1.799961
_07457_,VPWR,li1,171.1200,193.1200,1.799954
_07456_,VPWR,li1,210.9100,187.6800,1.799942
_07455_,VPWR,li1,207.9200,187.6800,1.799943
_07454_,VPWR,li1,204.7000,193.1200,1.799917
_07453_,VPWR,li1,205.3900,187.6800,1.799944
_07452_,VPWR,li1,197.5700,193.1200,1.799924
_07451_,VPWR,li1,201.2500,193.1200,1.799919
_07450_,VPWR,li1,198.0300,193.1200,1.799924
_07449_,VPWR,li1,200.3300,198.5600,1.799862
_07448_,VPWR,li1,208.1500,198.5600,1.799831
_07447_,VPWR,li1,227.9300,171.3600,1.799724
_07446_,VPWR,li1,223.7900,171.3600,1.799726
_07445_,VPWR,li1,221.4900,171.3600,1.799728
_07444_,VPWR,li1,204.4700,176.8000,1.799845
_07443_,VPWR,li1,201.2500,171.3600,1.799778
_07442_,VPWR,li1,203.7800,182.2400,1.799874
_07441_,VPWR,li1,206.0800,182.2400,1.799870
_07440_,VPWR,li1,245.1800,176.8000,1.799835
_07439_,VPWR,li1,197.8000,182.2400,1.799885
_07438_,VPWR,li1,200.7900,182.2400,1.799879
_07437_,VPWR,li1,193.8900,187.6800,1.799949
_07436_,VPWR,li1,203.5500,182.2400,1.799874
_07435_,VPWR,li1,194.3500,182.2400,1.799893
_07434_,VPWR,li1,167.2100,193.1200,1.799951
_07433_,VPWR,li1,194.3500,176.8000,1.799858
_07432_,VPWR,li1,170.2000,182.2400,1.799934
_07431_,VPWR,li1,165.8300,176.8000,1.799869
_07430_,VPWR,li1,174.1100,182.2400,1.799945
_07429_,VPWR,li1,162.6100,182.2400,1.799916
_07428_,VPWR,li1,162.1500,182.2400,1.799916
_07427_,VPWR,li1,251.3900,171.3600,1.799736
_07426_,VPWR,li1,268.8700,160.4800,1.799551
_07425_,VPWR,li1,261.5100,160.4800,1.799552
_07424_,VPWR,li1,259.2100,160.4800,1.799553
_07423_,VPWR,li1,252.5400,160.4800,1.799558
_07422_,VPWR,li1,254.8400,160.4800,1.799556
_07421_,VPWR,li1,252.0800,160.4800,1.799558
_07420_,VPWR,li1,251.6200,165.9200,1.799580
_07419_,VPWR,li1,254.8400,155.0400,1.799836
_07418_,VPWR,li1,246.5600,160.4800,1.799563
_07417_,VPWR,li1,249.7800,160.4800,1.799560
_07416_,VPWR,li1,242.8800,165.9200,1.799570
_07415_,VPWR,li1,245.1800,165.9200,1.799573
_07414_,VPWR,li1,238.9700,165.9200,1.799563
_07413_,VPWR,li1,239.8900,165.9200,1.799566
_07412_,VPWR,li1,236.2100,165.9200,1.799561
_07411_,VPWR,li1,241.7300,160.4800,1.799568
_07410_,VPWR,li1,242.1900,171.3600,1.799728
_07409_,VPWR,li1,243.1100,149.6000,1.799410
_07408_,VPWR,li1,239.8900,149.6000,1.799395
_07407_,VPWR,li1,241.2700,155.0400,1.799828
_07406_,VPWR,li1,243.1100,149.6000,1.799410
_07405_,VPWR,li1,269.3300,149.6000,1.799538
_07404_,VPWR,li1,207.6900,160.4800,1.799703
_07403_,VPWR,li1,202.6300,160.4800,1.799735
_07402_,VPWR,li1,205.8500,160.4800,1.799714
_07401_,VPWR,li1,209.9900,160.4800,1.799691
_07400_,VPWR,li1,204.2400,165.9200,1.799616
_07399_,VPWR,li1,202.1700,160.4800,1.799735
_07398_,VPWR,li1,232.9900,149.6000,1.799365
_07397_,VPWR,li1,230.4600,155.0400,1.799828
_07396_,VPWR,li1,227.0100,149.6000,1.799364
_07395_,VPWR,li1,229.7700,149.6000,1.799364
_07394_,VPWR,li1,260.8200,171.3600,1.799746
_07393_,VPWR,li1,265.8800,155.0400,1.799843
_07392_,VPWR,li1,301.0700,127.8400,1.797384
_07391_,VPWR,li1,303.3700,127.8400,1.797481
_07390_,VPWR,li1,296.9300,133.2800,1.798280
_07389_,VPWR,li1,299.6900,133.2800,1.798326
_07388_,VPWR,li1,292.7900,133.2800,1.798222
_07387_,VPWR,li1,288.6500,133.2800,1.798166
_07386_,VPWR,li1,286.3500,133.2800,1.798135
_07385_,VPWR,li1,290.0300,127.8400,1.796930
_07384_,VPWR,li1,291.1800,122.4000,1.795894
_07383_,VPWR,li1,267.0300,133.2800,1.798071
_07382_,VPWR,li1,267.9500,133.2800,1.798068
_07381_,VPWR,li1,262.8900,138.7200,1.799267
_07380_,VPWR,li1,264.7300,138.7200,1.799267
_07379_,VPWR,li1,256.9100,138.7200,1.799268
_07378_,VPWR,li1,257.3700,138.7200,1.799268
_07377_,VPWR,li1,256.9100,144.1600,1.799810
_07376_,VPWR,li1,254.6100,144.1600,1.799812
_07375_,VPWR,li1,247.2500,144.1600,1.799819
_07374_,VPWR,li1,252.0800,144.1600,1.799815
_07373_,VPWR,li1,255.3000,122.4000,1.794320
_07372_,VPWR,li1,268.1800,144.1600,1.799802
_07371_,VPWR,li1,306.1300,116.9600,1.799654
_07370_,VPWR,li1,308.4300,111.5200,1.799617
_07369_,VPWR,li1,312.8000,111.5200,1.799670
_07368_,VPWR,li1,310.5000,111.5200,1.799642
_07367_,VPWR,li1,283.1300,111.5200,1.799315
_07366_,VPWR,li1,280.8300,106.0800,1.799888
_07365_,VPWR,li1,279.4500,111.5200,1.799254
_07364_,VPWR,li1,278.9900,106.0800,1.799888
_07363_,VPWR,li1,304.0600,106.0800,1.799891
_07362_,VPWR,li1,259.2100,111.5200,1.799039
_07361_,VPWR,li1,255.9900,111.5200,1.799007
_07360_,VPWR,li1,255.9900,116.9600,1.799208
_07359_,VPWR,li1,253.6900,111.5200,1.798987
_07358_,VPWR,li1,258.5200,111.5200,1.799039
_07357_,VPWR,li1,271.6300,111.5200,1.799182
_07356_,VPWR,li1,267.7200,106.0800,1.799889
_07355_,VPWR,li1,265.1900,111.5200,1.799112
_07354_,VPWR,li1,268.4100,111.5200,1.799138
_07353_,VPWR,li1,309.3500,116.9600,1.799684
_07352_,VPWR,li1,301.5300,111.5200,1.799531
_07351_,VPWR,li1,306.1300,111.5200,1.799589
_07350_,VPWR,li1,304.2900,111.5200,1.799567
_07349_,VPWR,li1,299.2300,111.5200,1.799487
_07348_,VPWR,li1,299.2300,106.0800,1.799890
_07347_,VPWR,li1,291.1800,155.0400,1.799872
_07346_,VPWR,li1,309.5800,127.8400,1.797743
_07345_,VPWR,li1,324.5300,127.8400,1.798322
_07344_,VPWR,li1,327.2900,127.8400,1.798501
_07343_,VPWR,li1,323.3800,133.2800,1.799026
_07342_,VPWR,li1,361.3300,155.0400,1.799833
_07341_,VPWR,li1,362.4800,160.4800,1.799772
_07340_,VPWR,li1,359.0300,160.4800,1.799776
_07339_,VPWR,li1,361.1000,149.6000,1.799644
_07338_,VPWR,li1,358.1100,149.6000,1.799648
_07337_,VPWR,li1,354.8900,149.6000,1.799666
_07336_,VPWR,li1,348.4500,144.1600,1.799498
_07335_,VPWR,li1,349.1400,144.1600,1.799498
_07334_,VPWR,li1,342.0100,149.6000,1.799738
_07333_,VPWR,li1,342.2400,144.1600,1.799585
_07332_,VPWR,li1,343.1600,144.1600,1.799585
_07331_,VPWR,li1,337.1800,144.1600,1.799667
_07330_,VPWR,li1,322.9200,144.1600,1.799790
_07329_,VPWR,li1,325.2200,144.1600,1.799796
_07328_,VPWR,li1,314.1800,165.9200,1.799777
_07327_,VPWR,li1,310.0400,165.9200,1.799756
_07326_,VPWR,li1,297.1600,165.9200,1.799698
_07325_,VPWR,li1,294.8600,165.9200,1.799683
_07324_,VPWR,li1,285.4300,165.9200,1.799655
_07323_,VPWR,li1,286.5800,165.9200,1.799655
_07322_,VPWR,li1,274.6200,171.3600,1.799766
_07321_,VPWR,li1,277.8400,165.9200,1.799627
_07320_,VPWR,li1,274.6200,182.2400,1.799864
_07319_,VPWR,li1,273.4700,182.2400,1.799864
_07318_,VPWR,li1,235.9800,182.2400,1.799845
_07317_,VPWR,li1,233.9100,182.2400,1.799844
_07316_,VPWR,li1,233.6800,193.1200,1.799900
_07315_,VPWR,li1,235.9800,193.1200,1.799900
_07314_,VPWR,li1,247.4800,193.1200,1.799901
_07313_,VPWR,li1,230.9200,193.1200,1.799900
_07312_,VPWR,li1,235.0600,193.1200,1.799900
_07311_,VPWR,li1,232.7600,193.1200,1.799900
_07310_,VPWR,li1,230.4600,198.5600,1.799756
_07309_,VPWR,li1,241.5000,198.5600,1.799723
_07308_,VPWR,li1,225.8600,198.5600,1.799775
_07307_,VPWR,li1,226.0900,193.1200,1.799902
_07306_,VPWR,li1,222.1800,193.1200,1.799903
_07305_,VPWR,li1,218.2700,193.1200,1.799904
_07304_,VPWR,li1,227.4700,198.5600,1.799766
_07303_,VPWR,li1,214.1300,193.1200,1.799907
_07302_,VPWR,li1,211.1400,193.1200,1.799910
_07301_,VPWR,li1,207.6900,193.1200,1.799912
_07300_,VPWR,li1,208.1500,193.1200,1.799912
_07299_,VPWR,li1,213.6700,193.1200,1.799908
_07298_,VPWR,li1,226.0900,182.2400,1.799846
_07297_,VPWR,li1,223.3300,182.2400,1.799849
_07296_,VPWR,li1,222.8700,182.2400,1.799849
_07295_,VPWR,li1,206.7700,182.2400,1.799870
_07294_,VPWR,li1,209.7600,182.2400,1.799864
_07293_,VPWR,li1,240.1200,187.6800,1.799933
_07292_,VPWR,li1,264.2700,171.3600,1.799749
_07291_,VPWR,li1,260.5900,165.9200,1.799597
_07290_,VPWR,li1,258.5200,171.3600,1.799741
_07289_,VPWR,li1,256.4500,171.3600,1.799740
_07288_,VPWR,li1,252.0800,176.8000,1.799841
_07287_,VPWR,li1,254.3800,176.8000,1.799844
_07286_,VPWR,li1,252.0800,176.8000,1.799841
_07285_,VPWR,li1,254.3800,176.8000,1.799844
_07284_,VPWR,li1,261.2800,176.8000,1.799851
_07283_,VPWR,li1,247.4800,176.8000,1.799837
_07282_,VPWR,li1,251.8500,182.2400,1.799851
_07281_,VPWR,li1,247.4800,182.2400,1.799849
_07280_,VPWR,li1,243.5700,182.2400,1.799848
_07279_,VPWR,li1,196.6500,176.8000,1.799855
_07278_,VPWR,li1,247.7100,182.2400,1.799849
_07277_,VPWR,li1,248.1700,171.3600,1.799732
_07276_,VPWR,li1,243.3400,176.8000,1.799833
_07275_,VPWR,li1,241.7300,171.3600,1.799728
_07274_,VPWR,li1,244.9500,171.3600,1.799731
_07273_,VPWR,li1,244.4900,171.3600,1.799731
_07272_,VPWR,li1,266.3400,171.3600,1.799752
_07271_,VPWR,li1,294.1700,155.0400,1.799876
_07270_,VPWR,li1,292.7900,160.4800,1.799621
_07269_,VPWR,li1,294.6300,160.4800,1.799636
_07268_,VPWR,li1,289.5700,160.4800,1.799611
_07267_,VPWR,li1,269.3300,155.0400,1.799847
_07266_,VPWR,li1,265.1900,155.0400,1.799843
_07265_,VPWR,li1,261.9700,155.0400,1.799840
_07264_,VPWR,li1,263.8100,155.0400,1.799842
_07263_,VPWR,li1,262.2000,155.0400,1.799840
_07262_,VPWR,li1,256.9100,155.0400,1.799837
_07261_,VPWR,li1,250.2400,155.0400,1.799833
_07260_,VPWR,li1,252.3100,155.0400,1.799834
_07259_,VPWR,li1,245.8700,149.6000,1.799424
_07258_,VPWR,li1,248.1700,155.0400,1.799832
_07257_,VPWR,li1,265.1900,144.1600,1.799804
_07256_,VPWR,li1,266.1100,144.1600,1.799803
_07255_,VPWR,li1,269.5600,144.1600,1.799802
_07254_,VPWR,li1,272.0900,144.1600,1.799799
_07253_,VPWR,li1,286.1200,149.6000,1.799622
_07252_,VPWR,li1,271.8600,149.6000,1.799551
_07251_,VPWR,li1,271.8600,149.6000,1.799551
_07250_,VPWR,li1,272.0900,144.1600,1.799799
_07249_,VPWR,li1,274.8500,149.6000,1.799566
_07248_,VPWR,li1,235.2900,149.6000,1.799375
_07247_,VPWR,li1,267.9500,149.6000,1.799524
_07246_,VPWR,li1,261.7400,144.1600,1.799806
_07245_,VPWR,li1,260.1300,144.1600,1.799809
_07244_,VPWR,li1,258.7500,144.1600,1.799809
_07243_,VPWR,li1,259.6700,138.7200,1.799268
_07242_,VPWR,li1,286.5800,155.0400,1.799866
_07241_,VPWR,li1,320.3900,133.2800,1.798902
_07240_,VPWR,li1,321.0800,133.2800,1.798902
_07239_,VPWR,li1,318.0900,133.2800,1.798762
_07238_,VPWR,li1,313.4900,127.8400,1.797909
_07237_,VPWR,li1,311.6500,122.4000,1.797177
_07236_,VPWR,li1,306.3600,122.4000,1.796810
_07235_,VPWR,li1,309.1200,122.4000,1.797055
_07234_,VPWR,li1,308.6600,122.4000,1.797055
_07233_,VPWR,li1,316.0200,122.4000,1.797469
_07232_,VPWR,li1,297.8500,122.4000,1.796336
_07231_,VPWR,li1,294.6300,122.4000,1.796046
_07230_,VPWR,li1,265.1900,122.4000,1.794691
_07229_,VPWR,li1,267.4900,122.4000,1.794778
_07228_,VPWR,li1,266.1100,116.9600,1.799297
_07227_,VPWR,li1,259.6700,122.4000,1.794484
_07226_,VPWR,li1,257.8300,116.9600,1.799234
_07225_,VPWR,li1,255.7600,116.9600,1.799208
_07224_,VPWR,li1,253.2300,122.4000,1.794242
_07223_,VPWR,li1,256.4500,122.4000,1.794320
_07222_,VPWR,li1,261.5100,111.5200,1.799069
_07221_,VPWR,li1,288.6500,144.1600,1.799793
_07220_,VPWR,li1,323.1500,127.8400,1.798322
_07219_,VPWR,li1,325.4500,127.8400,1.798421
_07218_,VPWR,li1,321.3100,127.8400,1.798244
_07217_,VPWR,li1,316.7100,111.5200,1.799719
_07216_,VPWR,li1,314.1800,111.5200,1.799670
_07215_,VPWR,li1,316.4800,111.5200,1.799696
_07214_,VPWR,li1,312.5700,106.0800,1.799893
_07213_,VPWR,li1,309.8100,106.0800,1.799892
_07212_,VPWR,li1,316.9400,100.6400,1.799924
_07211_,VPWR,li1,307.5100,106.0800,1.799891
_07210_,VPWR,li1,306.1300,106.0800,1.799891
_07209_,VPWR,li1,304.7500,106.0800,1.799891
_07208_,VPWR,li1,304.9800,100.6400,1.799911
_07207_,VPWR,li1,300.1500,106.0800,1.799890
_07206_,VPWR,li1,269.7900,106.0800,1.799888
_07205_,VPWR,li1,307.2800,160.4800,1.799712
_07204_,VPWR,li1,322.4600,122.4000,1.797947
_07203_,VPWR,li1,368.4600,165.9200,1.799697
_07202_,VPWR,li1,365.0100,165.9200,1.799700
_07201_,VPWR,li1,368.2300,160.4800,1.799766
_07200_,VPWR,li1,358.8000,160.4800,1.799776
_07199_,VPWR,li1,361.1000,160.4800,1.799772
_07198_,VPWR,li1,356.0400,160.4800,1.799784
_07197_,VPWR,li1,356.2700,155.0400,1.799841
_07196_,VPWR,li1,350.9800,155.0400,1.799852
_07195_,VPWR,li1,353.9700,155.0400,1.799847
_07194_,VPWR,li1,348.6800,155.0400,1.799859
_07193_,VPWR,li1,350.9800,155.0400,1.799852
_07192_,VPWR,li1,346.8400,155.0400,1.799864
_07191_,VPWR,li1,337.6400,155.0400,1.799898
_07190_,VPWR,li1,338.3300,149.6000,1.799776
_07189_,VPWR,li1,339.9400,155.0400,1.799889
_07188_,VPWR,li1,321.5400,165.9200,1.799822
_07187_,VPWR,li1,341.5500,149.6000,1.799738
_07186_,VPWR,li1,325.6800,165.9200,1.799850
_07185_,VPWR,li1,316.0200,160.4800,1.799787
_07184_,VPWR,li1,317.6300,165.9200,1.799793
_07183_,VPWR,li1,312.3400,165.9200,1.799767
_07182_,VPWR,li1,312.8000,171.3600,1.799860
_07181_,VPWR,li1,308.6600,171.3600,1.799847
_07180_,VPWR,li1,290.9500,171.3600,1.799799
_07179_,VPWR,li1,287.0400,171.3600,1.799788
_07178_,VPWR,li1,289.3400,182.2400,1.799882
_07177_,VPWR,li1,285.2000,182.2400,1.799878
_07176_,VPWR,li1,270.9400,182.2400,1.799862
_07175_,VPWR,li1,272.0900,187.6800,1.799931
_07174_,VPWR,li1,268.6400,182.2400,1.799861
_07173_,VPWR,li1,266.3400,187.6800,1.799931
_07172_,VPWR,li1,277.6100,182.2400,1.799869
_07171_,VPWR,li1,268.4100,187.6800,1.799931
_07170_,VPWR,li1,271.4000,193.1200,1.799914
_07169_,VPWR,li1,252.0800,193.1200,1.799903
_07168_,VPWR,li1,249.3200,187.6800,1.799932
_07167_,VPWR,li1,248.4000,193.1200,1.799901
_07166_,VPWR,li1,250.7000,193.1200,1.799902
_07165_,VPWR,li1,260.8200,193.1200,1.799906
_07164_,VPWR,li1,246.1000,193.1200,1.799901
_07163_,VPWR,li1,244.0300,193.1200,1.799901
_07162_,VPWR,li1,240.5800,193.1200,1.799900
_07161_,VPWR,li1,238.5100,198.5600,1.799733
_07160_,VPWR,li1,242.6500,193.1200,1.799901
_07159_,VPWR,li1,242.6500,187.6800,1.799932
_07158_,VPWR,li1,240.8100,182.2400,1.799846
_07157_,VPWR,li1,243.3400,187.6800,1.799932
_07156_,VPWR,li1,236.6700,187.6800,1.799934
_07155_,VPWR,li1,245.4100,187.6800,1.799932
_07154_,VPWR,li1,258.2900,182.2400,1.799854
_07153_,VPWR,li1,253.4600,182.2400,1.799851
_07152_,VPWR,li1,255.5300,182.2400,1.799853
_07151_,VPWR,li1,290.2600,165.9200,1.799668
_07150_,VPWR,li1,293.9400,171.3600,1.799805
_07149_,VPWR,li1,269.7900,171.3600,1.799758
_07148_,VPWR,li1,267.0300,171.3600,1.799752
_07147_,VPWR,li1,268.1800,176.8000,1.799859
_07146_,VPWR,li1,266.1100,176.8000,1.799857
_07145_,VPWR,li1,278.0700,176.8000,1.799870
_07144_,VPWR,li1,266.8000,182.2400,1.799859
_07143_,VPWR,li1,264.7300,176.8000,1.799853
_07142_,VPWR,li1,263.5800,182.2400,1.799857
_07141_,VPWR,li1,259.6700,182.2400,1.799855
_07140_,VPWR,li1,264.2700,182.2400,1.799857
_07139_,VPWR,li1,253.6900,171.3600,1.799738
_07138_,VPWR,li1,252.7700,165.9200,1.799584
_07137_,VPWR,li1,255.7600,165.9200,1.799589
_07136_,VPWR,li1,312.5700,160.4800,1.799755
_07135_,VPWR,li1,307.7400,160.4800,1.799712
_07134_,VPWR,li1,310.0400,160.4800,1.799741
_07133_,VPWR,li1,304.2900,160.4800,1.799696
_07132_,VPWR,li1,284.5100,160.4800,1.799591
_07131_,VPWR,li1,284.2800,155.0400,1.799864
_07130_,VPWR,li1,279.9100,155.0400,1.799858
_07129_,VPWR,li1,279.2200,155.0400,1.799858
_07128_,VPWR,li1,282.9000,155.0400,1.799861
_07127_,VPWR,li1,260.3600,155.0400,1.799838
_07126_,VPWR,li1,255.9900,155.0400,1.799836
_07125_,VPWR,li1,254.1500,149.6000,1.799457
_07124_,VPWR,li1,251.3900,149.6000,1.799446
_07123_,VPWR,li1,280.3700,144.1600,1.799795
_07122_,VPWR,li1,285.6600,144.1600,1.799793
_07121_,VPWR,li1,291.6400,144.1600,1.799792
_07120_,VPWR,li1,294.1700,144.1600,1.799791
_07119_,VPWR,li1,296.7000,144.1600,1.799791
_07118_,VPWR,li1,287.5000,138.7200,1.799300
_07117_,VPWR,li1,290.4900,138.7200,1.799311
_07116_,VPWR,li1,291.6400,144.1600,1.799792
_07115_,VPWR,li1,284.9700,144.1600,1.799793
_07114_,VPWR,li1,288.1900,144.1600,1.799793
_07113_,VPWR,li1,277.6100,144.1600,1.799797
_07112_,VPWR,li1,307.9700,155.0400,1.799898
_07111_,VPWR,li1,336.9500,149.6000,1.799776
_07110_,VPWR,li1,335.1100,144.1600,1.799699
_07109_,VPWR,li1,336.9500,144.1600,1.799667
_07108_,VPWR,li1,330.0500,144.1600,1.799804
_07107_,VPWR,li1,332.8100,144.1600,1.799738
_07106_,VPWR,li1,325.4500,122.4000,1.798148
_07105_,VPWR,li1,319.0100,122.4000,1.797669
_07104_,VPWR,li1,321.3100,116.9600,1.799797
_07103_,VPWR,li1,313.0300,122.4000,1.797346
_07102_,VPWR,li1,295.5500,122.4000,1.796183
_07101_,VPWR,li1,297.8500,122.4000,1.796336
_07100_,VPWR,li1,293.2500,116.9600,1.799538
_07099_,VPWR,li1,295.0900,116.9600,1.799555
_07098_,VPWR,li1,285.8900,122.4000,1.795544
_07097_,VPWR,li1,285.8900,116.9600,1.799473
_07096_,VPWR,li1,271.4000,122.4000,1.794925
_07095_,VPWR,li1,268.4100,122.4000,1.794778
_07094_,VPWR,li1,265.1900,122.4000,1.794691
_07093_,VPWR,li1,324.9900,122.4000,1.798148
_07092_,VPWR,li1,324.0700,116.9600,1.799823
_07091_,VPWR,li1,325.9100,116.9600,1.799840
_07090_,VPWR,li1,320.3900,100.6400,1.799935
_07089_,VPWR,li1,320.8500,106.0800,1.799923
_07088_,VPWR,li1,319.4700,106.0800,1.799912
_07087_,VPWR,li1,322.0000,100.6400,1.799935
_07086_,VPWR,li1,313.0300,100.6400,1.799916
_07085_,VPWR,li1,334.8800,116.9600,1.799825
_07084_,VPWR,li1,342.7000,160.4800,1.799825
_07083_,VPWR,li1,368.2300,165.9200,1.799697
_07082_,VPWR,li1,364.0900,171.3600,1.799839
_07081_,VPWR,li1,367.3100,171.3600,1.799837
_07080_,VPWR,li1,357.8800,171.3600,1.799847
_07079_,VPWR,li1,359.9500,171.3600,1.799844
_07078_,VPWR,li1,351.9000,171.3600,1.799858
_07077_,VPWR,li1,359.9500,165.9200,1.799713
_07076_,VPWR,li1,353.9700,160.4800,1.799793
_07075_,VPWR,li1,355.5800,171.3600,1.799851
_07074_,VPWR,li1,346.8400,171.3600,1.799870
_07073_,VPWR,li1,355.8100,165.9200,1.799730
_07072_,VPWR,li1,348.2200,165.9200,1.799756
_07071_,VPWR,li1,349.6000,160.4800,1.799801
_07070_,VPWR,li1,343.6200,171.3600,1.799879
_07069_,VPWR,li1,338.5600,171.3600,1.799893
_07068_,VPWR,li1,343.3900,165.9200,1.799786
_07067_,VPWR,li1,339.4800,160.4800,1.799836
_07066_,VPWR,li1,336.4900,171.3600,1.799899
_07065_,VPWR,li1,334.4200,176.8000,1.799935
_07064_,VPWR,li1,334.4200,171.3600,1.799908
_07063_,VPWR,li1,350.0600,165.9200,1.799748
_07062_,VPWR,li1,346.1500,165.9200,1.799766
_07061_,VPWR,li1,329.5900,165.9200,1.799854
_07060_,VPWR,li1,330.9700,165.9200,1.799854
_07059_,VPWR,li1,332.3500,171.3600,1.799916
_07058_,VPWR,li1,329.8200,171.3600,1.799924
_07057_,VPWR,li1,322.4600,176.8000,1.799935
_07056_,VPWR,li1,330.5100,160.4800,1.799873
_07055_,VPWR,li1,324.7600,176.8000,1.799940
_07054_,VPWR,li1,316.0200,176.8000,1.799923
_07053_,VPWR,li1,323.6100,182.2400,1.799949
_07052_,VPWR,li1,322.6900,165.9200,1.799822
_07051_,VPWR,li1,325.6800,165.9200,1.799850
_07050_,VPWR,li1,320.1600,165.9200,1.799806
_07049_,VPWR,li1,318.7800,171.3600,1.799883
_07048_,VPWR,li1,320.1600,171.3600,1.799883
_07047_,VPWR,li1,317.1700,176.8000,1.799928
_07046_,VPWR,li1,313.2600,176.8000,1.799920
_07045_,VPWR,li1,305.6700,176.8000,1.799910
_07044_,VPWR,li1,307.5100,176.8000,1.799912
_07043_,VPWR,li1,314.1800,182.2400,1.799928
_07042_,VPWR,li1,317.1700,182.2400,1.799933
_07041_,VPWR,li1,311.4200,182.2400,1.799920
_07040_,VPWR,li1,305.4400,171.3600,1.799838
_07039_,VPWR,li1,312.5700,171.3600,1.799860
_07038_,VPWR,li1,308.6600,171.3600,1.799847
_07037_,VPWR,li1,307.2800,182.2400,1.799915
_07036_,VPWR,li1,308.8900,176.8000,1.799912
_07035_,VPWR,li1,305.2100,182.2400,1.799911
_07034_,VPWR,li1,308.2000,182.2400,1.799915
_07033_,VPWR,li1,313.7200,182.2400,1.799928
_07032_,VPWR,li1,307.7400,187.6800,1.799947
_07031_,VPWR,li1,309.8100,182.2400,1.799920
_07030_,VPWR,li1,310.0400,187.6800,1.799948
_07029_,VPWR,li1,289.8000,187.6800,1.799936
_07028_,VPWR,li1,286.3500,176.8000,1.799881
_07027_,VPWR,li1,285.6600,182.2400,1.799878
_07026_,VPWR,li1,287.0400,187.6800,1.799936
_07025_,VPWR,li1,283.8200,187.6800,1.799934
_07024_,VPWR,li1,290.7200,187.6800,1.799936
_07023_,VPWR,li1,293.2500,187.6800,1.799939
_07022_,VPWR,li1,287.0400,193.1200,1.799928
_07021_,VPWR,li1,286.8100,193.1200,1.799927
_07020_,VPWR,li1,283.3600,193.1200,1.799925
_07019_,VPWR,li1,292.3300,193.1200,1.799933
_07018_,VPWR,li1,272.3200,187.6800,1.799931
_07017_,VPWR,li1,272.3200,193.1200,1.799914
_07016_,VPWR,li1,274.6200,193.1200,1.799916
_07015_,VPWR,li1,268.6400,193.1200,1.799912
_07014_,VPWR,li1,280.1400,193.1200,1.799920
_07013_,VPWR,li1,281.9800,198.5600,1.799778
_07012_,VPWR,li1,276.6900,193.1200,1.799918
_07011_,VPWR,li1,280.8300,193.1200,1.799922
_07010_,VPWR,li1,278.5300,193.1200,1.799920
_07009_,VPWR,li1,264.9600,193.1200,1.799909
_07008_,VPWR,li1,267.2600,193.1200,1.799911
_07007_,VPWR,li1,259.6700,193.1200,1.799906
_07006_,VPWR,li1,262.4300,193.1200,1.799908
_07005_,VPWR,li1,264.7300,193.1200,1.799909
_07004_,VPWR,li1,258.2900,187.6800,1.799931
_07003_,VPWR,li1,256.2200,187.6800,1.799931
_07002_,VPWR,li1,254.6100,187.6800,1.799931
_07001_,VPWR,li1,288.6500,193.1200,1.799928
_07000_,VPWR,li1,305.6700,176.8000,1.799910
_06999_,VPWR,li1,301.0700,171.3600,1.799825
_06998_,VPWR,li1,302.9100,171.3600,1.799830
_06997_,VPWR,li1,303.3700,176.8000,1.799906
_06996_,VPWR,li1,293.2500,182.2400,1.799890
_06995_,VPWR,li1,295.7800,176.8000,1.799893
_06994_,VPWR,li1,296.4700,171.3600,1.799811
_06993_,VPWR,li1,293.7100,171.3600,1.799805
_06992_,VPWR,li1,290.9500,171.3600,1.799799
_06991_,VPWR,li1,290.2600,176.8000,1.799887
_06990_,VPWR,li1,293.2500,176.8000,1.799890
_06989_,VPWR,li1,296.2400,182.2400,1.799895
_06988_,VPWR,li1,299.9200,182.2400,1.799902
_06987_,VPWR,li1,294.1700,182.2400,1.799890
_06986_,VPWR,li1,282.2100,176.8000,1.799875
_06985_,VPWR,li1,278.7600,176.8000,1.799870
_06984_,VPWR,li1,274.3900,176.8000,1.799866
_06983_,VPWR,li1,276.2300,171.3600,1.799766
_06982_,VPWR,li1,284.5100,176.8000,1.799878
_06981_,VPWR,li1,297.3900,171.3600,1.799811
_06980_,VPWR,li1,320.3900,149.6000,1.799800
_06979_,VPWR,li1,318.0900,149.6000,1.799788
_06978_,VPWR,li1,316.2500,149.6000,1.799778
_06977_,VPWR,li1,320.3900,155.0400,1.799917
_06976_,VPWR,li1,309.3500,149.6000,1.799741
_06975_,VPWR,li1,304.2900,155.0400,1.799892
_06974_,VPWR,li1,304.0600,149.6000,1.799714
_06973_,VPWR,li1,286.8100,155.0400,1.799866
_06972_,VPWR,li1,281.7500,149.6000,1.799600
_06971_,VPWR,li1,258.7500,155.0400,1.799838
_06970_,VPWR,li1,283.5900,149.6000,1.799609
_06969_,VPWR,li1,309.8100,144.1600,1.799789
_06968_,VPWR,li1,307.0500,144.1600,1.799789
_06967_,VPWR,li1,312.1100,144.1600,1.799789
_06966_,VPWR,li1,300.1500,144.1600,1.799790
_06965_,VPWR,li1,298.7700,144.1600,1.799790
_06964_,VPWR,li1,298.0800,149.6000,1.799683
_06963_,VPWR,li1,296.0100,144.1600,1.799791
_06962_,VPWR,li1,302.4500,144.1600,1.799790
_06961_,VPWR,li1,342.4700,160.4800,1.799825
_06960_,VPWR,li1,345.2300,160.4800,1.799816
_06959_,VPWR,li1,343.8500,116.9600,1.799788
_06958_,VPWR,li1,345.2300,116.9600,1.799788
_06957_,VPWR,li1,337.4100,160.4800,1.799846
_06956_,VPWR,li1,340.4000,160.4800,1.799836
_06955_,VPWR,li1,338.3300,116.9600,1.799814
_06954_,VPWR,li1,335.3400,116.9600,1.799825
_06953_,VPWR,li1,337.4100,116.9600,1.799814
_06952_,VPWR,li1,331.8900,116.9600,1.799846
_06951_,VPWR,li1,342.0100,116.9600,1.799795
_06950_,VPWR,li1,336.9500,106.0800,1.799952
_06949_,VPWR,li1,330.2800,111.5200,1.799873
_06948_,VPWR,li1,323.6100,111.5200,1.799804
_06947_,VPWR,li1,320.6200,111.5200,1.799767
_06946_,VPWR,li1,324.0700,106.0800,1.799935
_06945_,VPWR,li1,290.0300,111.5200,1.799380
_06944_,VPWR,li1,292.1000,111.5200,1.799421
_06943_,VPWR,li1,293.0200,111.5200,1.799421
_06942_,VPWR,li1,288.8800,111.5200,1.799380
_06941_,VPWR,li1,290.4900,116.9600,1.799514
_06940_,VPWR,li1,332.3500,111.5200,1.799872
_06939_,VPWR,li1,334.1900,111.5200,1.799872
_06938_,VPWR,li1,333.9600,106.0800,1.799952
_06937_,VPWR,li1,328.9000,100.6400,1.799958
_06936_,VPWR,li1,325.4500,100.6400,1.799951
_06935_,VPWR,li1,328.6700,100.6400,1.799958
_06934_,VPWR,li1,324.9900,106.0800,1.799935
_06933_,VPWR,li1,338.7900,111.5200,1.799871
_06932_,VPWR,li1,329.1300,116.9600,1.799858
_06931_,VPWR,li1,324.0700,116.9600,1.799823
_06930_,VPWR,li1,330.2800,116.9600,1.799846
_06929_,VPWR,li1,333.7300,160.4800,1.799857
_06928_,VPWR,li1,321.7700,155.0400,1.799922
_06927_,VPWR,li1,319.0100,155.0400,1.799917
_06926_,VPWR,li1,323.6100,155.0400,1.799925
_06925_,VPWR,li1,316.7100,155.0400,1.799913
_06924_,VPWR,li1,322.4600,149.6000,1.799811
_06923_,VPWR,li1,300.3800,155.0400,1.799886
_06922_,VPWR,li1,296.4700,149.6000,1.799667
_06921_,VPWR,li1,284.9700,149.6000,1.799609
_06920_,VPWR,li1,294.6300,155.0400,1.799876
_06919_,VPWR,li1,316.2500,144.1600,1.799790
_06918_,VPWR,li1,309.3500,144.1600,1.799789
_06917_,VPWR,li1,312.3400,144.1600,1.799789
_06916_,VPWR,li1,366.3900,182.2400,1.799914
_06915_,VPWR,li1,363.4000,182.2400,1.799916
_06914_,VPWR,li1,363.6300,176.8000,1.799871
_06913_,VPWR,li1,358.5700,176.8000,1.799879
_06912_,VPWR,li1,360.6400,176.8000,1.799874
_06911_,VPWR,li1,354.4300,176.8000,1.799888
_06910_,VPWR,li1,353.0500,171.3600,1.799858
_06909_,VPWR,li1,351.2100,171.3600,1.799863
_06908_,VPWR,li1,347.5300,116.9600,1.799778
_06907_,VPWR,li1,343.3900,111.5200,1.799871
_06906_,VPWR,li1,345.2300,111.5200,1.799870
_06905_,VPWR,li1,343.3900,106.0800,1.799950
_06904_,VPWR,li1,337.6400,106.0800,1.799951
_06903_,VPWR,li1,341.7800,106.0800,1.799950
_06902_,VPWR,li1,342.2400,100.6400,1.799963
_06901_,VPWR,li1,338.7900,100.6400,1.799963
_06900_,VPWR,li1,345.2300,176.8000,1.799907
_06899_,VPWR,li1,347.9900,176.8000,1.799899
_06898_,VPWR,li1,337.4100,176.8000,1.799924
_06897_,VPWR,li1,333.7300,160.4800,1.799857
_06896_,VPWR,li1,329.5900,160.4800,1.799873
_06895_,VPWR,li1,331.4300,160.4800,1.799866
_06894_,VPWR,li1,331.4300,155.0400,1.799927
_06893_,VPWR,li1,326.3700,155.0400,1.799930
_06892_,VPWR,li1,324.5300,149.6000,1.799822
_06891_,VPWR,li1,310.7300,155.0400,1.799903
_06890_,VPWR,li1,306.1300,149.6000,1.799725
_06889_,VPWR,li1,322.2300,149.6000,1.799811
_06888_,VPWR,li1,333.2700,176.8000,1.799935
_06887_,VPWR,li1,335.5700,176.8000,1.799929
_06886_,VPWR,li1,335.3400,182.2400,1.799950
_06885_,VPWR,li1,326.8300,182.2400,1.799955
_06884_,VPWR,li1,325.9100,182.2400,1.799955
_06883_,VPWR,li1,319.0100,176.8000,1.799931
_06882_,VPWR,li1,323.3800,182.2400,1.799949
_06881_,VPWR,li1,323.1500,187.6800,1.799962
_06880_,VPWR,li1,316.7100,187.6800,1.799955
_06879_,VPWR,li1,316.2500,182.2400,1.799933
_06878_,VPWR,li1,320.8500,187.6800,1.799957
_06877_,VPWR,li1,304.7500,187.6800,1.799945
_06876_,VPWR,li1,304.2900,187.6800,1.799944
_06875_,VPWR,li1,298.7700,193.1200,1.799942
_06874_,VPWR,li1,296.2400,193.1200,1.799938
_06873_,VPWR,li1,295.5500,193.1200,1.799938
_06872_,VPWR,li1,293.2500,193.1200,1.799936
_06871_,VPWR,li1,298.3100,193.1200,1.799942
_06870_,VPWR,li1,364.0900,182.2400,1.799916
_06869_,VPWR,li1,360.8700,182.2400,1.799917
_06868_,VPWR,li1,362.7100,182.2400,1.799916
_06867_,VPWR,li1,360.8700,182.2400,1.799917
_06866_,VPWR,li1,359.4900,182.2400,1.799920
_06865_,VPWR,li1,356.2700,182.2400,1.799922
_06864_,VPWR,li1,352.1300,116.9600,1.799755
_06863_,VPWR,li1,347.9900,111.5200,1.799870
_06862_,VPWR,li1,355.1200,116.9600,1.799745
_06861_,VPWR,li1,358.1100,182.2400,1.799920
_06860_,VPWR,li1,354.4300,182.2400,1.799925
_06859_,VPWR,li1,351.6700,182.2400,1.799927
_06858_,VPWR,li1,345.6900,176.8000,1.799907
_06857_,VPWR,li1,342.4700,176.8000,1.799911
_06856_,VPWR,li1,344.3100,176.8000,1.799907
_06855_,VPWR,li1,330.0500,176.8000,1.799949
_06854_,VPWR,li1,329.3600,155.0400,1.799936
_06853_,VPWR,li1,324.0700,155.0400,1.799925
_06852_,VPWR,li1,327.7500,149.6000,1.799833
_06851_,VPWR,li1,330.9700,155.0400,1.799927
_06850_,VPWR,li1,311.6500,149.6000,1.799754
_06849_,VPWR,li1,337.8700,182.2400,1.799945
_06848_,VPWR,li1,341.5500,182.2400,1.799942
_06847_,VPWR,li1,334.6500,187.6800,1.799959
_06846_,VPWR,li1,334.1900,182.2400,1.799950
_06845_,VPWR,li1,337.4100,187.6800,1.799955
_06844_,VPWR,li1,331.2000,187.6800,1.799965
_06843_,VPWR,li1,329.1300,187.6800,1.799969
_06842_,VPWR,li1,298.7700,187.6800,1.799942
_06841_,VPWR,li1,303.8300,193.1200,1.799948
_06840_,VPWR,li1,300.8400,187.6800,1.799943
_06839_,VPWR,li1,355.3500,187.6800,1.799928
_06838_,VPWR,li1,355.3500,187.6800,1.799928
_06837_,VPWR,li1,354.4300,182.2400,1.799925
_06836_,VPWR,li1,352.5900,187.6800,1.799933
_06835_,VPWR,li1,348.6800,187.6800,1.799938
_06834_,VPWR,li1,349.8300,182.2400,1.799930
_06833_,VPWR,li1,348.6800,187.6800,1.799938
_06832_,VPWR,li1,329.1300,155.0400,1.799936
_06831_,VPWR,li1,343.8500,182.2400,1.799937
_06830_,VPWR,li1,351.6700,182.2400,1.799927
_06829_,VPWR,li1,347.0700,182.2400,1.799933
_06828_,VPWR,li1,107.8700,209.4400,1.799930
_06827_,VPWR,li1,199.8700,214.8800,1.799912
_06826_,VPWR,li1,127.6500,100.6400,1.799939
_06825_,VPWR,li1,193.4300,89.7600,1.799856
_06824_,VPWR,li1,126.7300,296.4800,1.799876
_06823_,VPWR,li1,196.1900,307.3600,1.799819
_06822_,VPWR,li1,130.8700,193.1200,1.799917
_06821_,VPWR,li1,81.1900,111.5200,1.798182
_06820_,VPWR,li1,189.2900,334.5600,1.799726
_06819_,VPWR,li1,45.3100,296.4800,1.799926
_06818_,VPWR,li1,103.2700,73.4400,1.799886
_06817_,VPWR,li1,199.8700,187.6800,1.799946
