Instance,Terminal,Layer,X location,Y location,Voltage
FILLER_138_821,VPWR,li1,383.8700,388.9600,1.799876
FILLER_138_813,VPWR,li1,381.3400,388.9600,1.799876
FILLER_138_809,VPWR,li1,378.3500,388.9600,1.799876
FILLER_138_797,VPWR,li1,374.9000,388.9600,1.799876
FILLER_138_785,VPWR,li1,369.3800,388.9600,1.799876
FILLER_138_781,VPWR,li1,365.4700,388.9600,1.799876
FILLER_138_769,VPWR,li1,362.0200,388.9600,1.799876
FILLER_138_757,VPWR,li1,356.5000,388.9600,1.799876
FILLER_138_751,VPWR,li1,351.2100,388.9600,1.799878
FILLER_138_747,VPWR,li1,350.0600,388.9600,1.799878
FILLER_138_735,VPWR,li1,346.3800,388.9600,1.799882
FILLER_138_729,VPWR,li1,341.3200,388.9600,1.799891
FILLER_138_727,VPWR,li1,340.1700,388.9600,1.799891
FILLER_138_713,VPWR,li1,334.4200,388.9600,1.799903
FILLER_138_706,VPWR,li1,331.2000,388.9600,1.799910
FILLER_138_701,VPWR,li1,328.4400,388.9600,1.799903
FILLER_138_699,VPWR,li1,327.2900,388.9600,1.799903
FILLER_138_694,VPWR,li1,325.2200,388.9600,1.799890
FILLER_138_671,VPWR,li1,314.4100,388.9600,1.799829
FILLER_138_665,VPWR,li1,312.8000,388.9600,1.799829
FILLER_138_657,VPWR,li1,308.6600,388.9600,1.799809
FILLER_138_650,VPWR,li1,305.4400,388.9600,1.799799
FILLER_138_645,VPWR,li1,302.6800,388.9600,1.799792
FILLER_138_643,VPWR,li1,301.5300,388.9600,1.799792
FILLER_138_636,VPWR,li1,299.0000,388.9600,1.799784
FILLER_138_630,VPWR,li1,296.0100,388.9600,1.799775
FILLER_138_623,VPWR,li1,292.7900,388.9600,1.799766
FILLER_138_617,VPWR,li1,289.8000,388.9600,1.799760
FILLER_138_615,VPWR,li1,288.6500,388.9600,1.799756
FILLER_138_609,VPWR,li1,286.3500,388.9600,1.799751
FILLER_138_602,VPWR,li1,283.1300,388.9600,1.799746
FILLER_138_594,VPWR,li1,279.6800,388.9600,1.799744
FILLER_138_589,VPWR,li1,276.9200,388.9600,1.799743
FILLER_138_587,VPWR,li1,275.7700,388.9600,1.799741
FILLER_138_581,VPWR,li1,273.4700,388.9600,1.799740
FILLER_138_576,VPWR,li1,270.7100,388.9600,1.799739
FILLER_138_561,VPWR,li1,263.8100,388.9600,1.799737
FILLER_138_559,VPWR,li1,262.8900,388.9600,1.799737
FILLER_138_553,VPWR,li1,260.5900,388.9600,1.799736
FILLER_138_531,VPWR,li1,250.0100,388.9600,1.799737
FILLER_138_525,VPWR,li1,248.4000,388.9600,1.799737
FILLER_138_503,VPWR,li1,237.1300,388.9600,1.799747
FILLER_138_496,VPWR,li1,234.6000,388.9600,1.799751
FILLER_138_490,VPWR,li1,231.6100,388.9600,1.799755
FILLER_138_484,VPWR,li1,228.6200,388.9600,1.799760
FILLER_138_468,VPWR,li1,221.0300,388.9600,1.799775
FILLER_138_462,VPWR,li1,218.7300,388.9600,1.799781
FILLER_138_454,VPWR,li1,215.2800,388.9600,1.799785
FILLER_138_449,VPWR,li1,212.5200,388.9600,1.799791
FILLER_138_441,VPWR,li1,209.0700,388.9600,1.799802
FILLER_138_433,VPWR,li1,205.6200,388.9600,1.799808
FILLER_138_426,VPWR,li1,202.4000,388.9600,1.799819
FILLER_138_421,VPWR,li1,199.6400,388.9600,1.799828
FILLER_138_415,VPWR,li1,196.6500,388.9600,1.799842
FILLER_138_405,VPWR,li1,192.2800,388.9600,1.799853
FILLER_138_393,VPWR,li1,189.0600,388.9600,1.799865
FILLER_138_390,VPWR,li1,185.3800,388.9600,1.799879
FILLER_138_382,VPWR,li1,183.0800,388.9600,1.799887
FILLER_138_370,VPWR,li1,178.4800,388.9600,1.799904
FILLER_138_365,VPWR,li1,173.8800,388.9600,1.799906
FILLER_138_363,VPWR,li1,172.7300,388.9600,1.799906
FILLER_138_355,VPWR,li1,169.0500,388.9600,1.799882
FILLER_138_349,VPWR,li1,167.4400,388.9600,1.799882
FILLER_138_337,VPWR,li1,163.3000,388.9600,1.799863
FILLER_138_335,VPWR,li1,159.8500,388.9600,1.799840
FILLER_138_329,VPWR,li1,158.2400,388.9600,1.799840
FILLER_138_322,VPWR,li1,154.3300,388.9600,1.799822
FILLER_138_315,VPWR,li1,151.1100,388.9600,1.799810
FILLER_138_309,VPWR,li1,148.1200,388.9600,1.799803
FILLER_138_301,VPWR,li1,144.6700,388.9600,1.799798
FILLER_138_294,VPWR,li1,141.4500,388.9600,1.799797
FILLER_138_287,VPWR,li1,138.2300,388.9600,1.799799
FILLER_138_281,VPWR,li1,135.2400,388.9600,1.799804
FILLER_138_277,VPWR,li1,133.6300,388.9600,1.799804
FILLER_138_265,VPWR,li1,130.1800,388.9600,1.799809
FILLER_138_253,VPWR,li1,124.6600,388.9600,1.799818
FILLER_138_249,VPWR,li1,120.7500,388.9600,1.799825
FILLER_138_237,VPWR,li1,117.3000,388.9600,1.799830
FILLER_138_225,VPWR,li1,111.7800,388.9600,1.799839
FILLER_138_221,VPWR,li1,107.8700,388.9600,1.799845
FILLER_138_209,VPWR,li1,104.4200,388.9600,1.799851
FILLER_138_197,VPWR,li1,98.9000,388.9600,1.799860
FILLER_138_193,VPWR,li1,94.9900,388.9600,1.799866
FILLER_138_181,VPWR,li1,91.5400,388.9600,1.799871
FILLER_138_169,VPWR,li1,86.0200,388.9600,1.799880
FILLER_138_165,VPWR,li1,82.1100,388.9600,1.799887
FILLER_138_153,VPWR,li1,78.6600,388.9600,1.799892
FILLER_138_141,VPWR,li1,73.1400,388.9600,1.799901
FILLER_138_137,VPWR,li1,69.2300,388.9600,1.799907
FILLER_138_125,VPWR,li1,65.7800,388.9600,1.799913
FILLER_138_113,VPWR,li1,60.2600,388.9600,1.799922
FILLER_138_109,VPWR,li1,56.3500,388.9600,1.799928
FILLER_138_97,VPWR,li1,52.9000,388.9600,1.799934
FILLER_138_85,VPWR,li1,47.3800,388.9600,1.799942
FILLER_138_81,VPWR,li1,43.4700,388.9600,1.799949
FILLER_138_69,VPWR,li1,40.0200,388.9600,1.799954
FILLER_138_57,VPWR,li1,34.5000,388.9600,1.799963
FILLER_138_53,VPWR,li1,30.5900,388.9600,1.799969
FILLER_138_41,VPWR,li1,27.1400,388.9600,1.799975
FILLER_138_29,VPWR,li1,21.6200,388.9600,1.799984
FILLER_138_27,VPWR,li1,18.1700,388.9600,1.799984
FILLER_138_15,VPWR,li1,15.1800,388.9600,1.799984
FILLER_138_3,VPWR,li1,9.6600,388.9600,1.799984
FILLER_137_821,VPWR,li1,383.8700,383.5200,1.798403
FILLER_137_809,VPWR,li1,380.4200,383.5200,1.798403
FILLER_137_797,VPWR,li1,374.9000,383.5200,1.798403
FILLER_137_785,VPWR,li1,369.3800,383.5200,1.798403
FILLER_137_783,VPWR,li1,365.9300,383.5200,1.798403
FILLER_137_777,VPWR,li1,364.3200,383.5200,1.798403
FILLER_137_765,VPWR,li1,360.1800,383.5200,1.798403
FILLER_137_753,VPWR,li1,354.6600,383.5200,1.798403
FILLER_137_741,VPWR,li1,349.1400,383.5200,1.798403
FILLER_137_729,VPWR,li1,343.6200,383.5200,1.798408
FILLER_137_725,VPWR,li1,339.7100,383.5200,1.798412
FILLER_137_717,VPWR,li1,337.1800,383.5200,1.798415
FILLER_137_705,VPWR,li1,332.5800,383.5200,1.798427
FILLER_137_693,VPWR,li1,327.0600,383.5200,1.798123
FILLER_137_664,VPWR,li1,312.8000,383.5200,1.796160
FILLER_137_615,VPWR,li1,288.6500,383.5200,1.793174
FILLER_137_609,VPWR,li1,287.0400,383.5200,1.793174
FILLER_137_575,VPWR,li1,270.4800,383.5200,1.793120
FILLER_137_551,VPWR,li1,259.4400,383.5200,1.793535
FILLER_137_523,VPWR,li1,246.5600,383.5200,1.793976
FILLER_137_456,VPWR,li1,217.1200,383.5200,1.795004
FILLER_137_446,VPWR,li1,211.1400,383.5200,1.795201
FILLER_137_418,VPWR,li1,198.0300,383.5200,1.795910
FILLER_137_399,VPWR,li1,189.5200,383.5200,1.797020
FILLER_137_379,VPWR,li1,181.2400,383.5200,1.797925
FILLER_137_364,VPWR,li1,173.1900,383.5200,1.798354
FILLER_137_356,VPWR,li1,169.5100,383.5200,1.798151
FILLER_137_344,VPWR,li1,166.5200,383.5200,1.798064
FILLER_137_332,VPWR,li1,159.1600,383.5200,1.797746
FILLER_137_326,VPWR,li1,156.1700,383.5200,1.797641
FILLER_137_298,VPWR,li1,144.4400,383.5200,1.797168
FILLER_137_287,VPWR,li1,137.7700,383.5200,1.797136
FILLER_137_281,VPWR,li1,136.1600,383.5200,1.797136
FILLER_137_278,VPWR,li1,133.8600,383.5200,1.797186
FILLER_137_270,VPWR,li1,131.5600,383.5200,1.797226
FILLER_137_260,VPWR,li1,125.8100,383.5200,1.797382
FILLER_137_249,VPWR,li1,120.2900,383.5200,1.797474
FILLER_137_239,VPWR,li1,116.1500,383.5200,1.797580
FILLER_137_207,VPWR,li1,101.2000,383.5200,1.797902
FILLER_137_198,VPWR,li1,97.0600,383.5200,1.798023
FILLER_137_186,VPWR,li1,93.8400,383.5200,1.798071
FILLER_137_169,VPWR,li1,86.0200,383.5200,1.798251
FILLER_137_167,VPWR,li1,82.5700,383.5200,1.798369
FILLER_137_161,VPWR,li1,80.9600,383.5200,1.798369
FILLER_137_149,VPWR,li1,76.8200,383.5200,1.798465
FILLER_137_137,VPWR,li1,71.3000,383.5200,1.798620
FILLER_137_125,VPWR,li1,65.7800,383.5200,1.798721
FILLER_137_113,VPWR,li1,60.2600,383.5200,1.798849
FILLER_137_111,VPWR,li1,56.8100,383.5200,1.798967
FILLER_137_105,VPWR,li1,55.2000,383.5200,1.798967
FILLER_137_93,VPWR,li1,51.0600,383.5200,1.799063
FILLER_137_81,VPWR,li1,45.5400,383.5200,1.799218
FILLER_137_69,VPWR,li1,40.0200,383.5200,1.799319
FILLER_137_57,VPWR,li1,34.5000,383.5200,1.799447
FILLER_137_55,VPWR,li1,31.0500,383.5200,1.799554
FILLER_137_51,VPWR,li1,29.9000,383.5200,1.799554
FILLER_137_39,VPWR,li1,26.2200,383.5200,1.799640
FILLER_137_27,VPWR,li1,20.7000,383.5200,1.799768
FILLER_137_15,VPWR,li1,15.1800,383.5200,1.799768
FILLER_137_3,VPWR,li1,9.6600,383.5200,1.799768
FILLER_136_821,VPWR,li1,383.8700,383.5200,1.798403
FILLER_136_813,VPWR,li1,381.3400,383.5200,1.798403
FILLER_136_811,VPWR,li1,378.8100,383.5200,1.798403
FILLER_136_805,VPWR,li1,377.2000,383.5200,1.798403
FILLER_136_793,VPWR,li1,373.0600,383.5200,1.798403
FILLER_136_781,VPWR,li1,367.5400,383.5200,1.798403
FILLER_136_769,VPWR,li1,362.0200,383.5200,1.798403
FILLER_136_757,VPWR,li1,356.5000,383.5200,1.798403
FILLER_136_754,VPWR,li1,352.8200,383.5200,1.798403
FILLER_136_713,VPWR,li1,333.7300,383.5200,1.798427
FILLER_136_701,VPWR,li1,330.7400,383.5200,1.798432
FILLER_136_692,VPWR,li1,325.6800,383.5200,1.798123
FILLER_136_680,VPWR,li1,321.0800,383.5200,1.797206
FILLER_136_649,VPWR,li1,304.2900,383.5200,1.794790
FILLER_136_645,VPWR,li1,303.1400,383.5200,1.794790
FILLER_136_624,VPWR,li1,293.0200,383.5200,1.793639
FILLER_136_602,VPWR,li1,282.9000,383.5200,1.793014
FILLER_136_589,VPWR,li1,277.3800,383.5200,1.793003
FILLER_136_580,VPWR,li1,274.1600,383.5200,1.793033
FILLER_136_563,VPWR,li1,265.1900,383.5200,1.793296
FILLER_136_533,VPWR,li1,250.9300,383.5200,1.793794
FILLER_136_518,VPWR,li1,245.6400,383.5200,1.793976
FILLER_136_507,VPWR,li1,239.2000,383.5200,1.794183
FILLER_136_499,VPWR,li1,235.2900,383.5200,1.794320
FILLER_136_475,VPWR,li1,224.2500,383.5200,1.794767
FILLER_136_469,VPWR,li1,222.6400,383.5200,1.794767
FILLER_136_457,VPWR,li1,215.9700,383.5200,1.795004
FILLER_136_449,VPWR,li1,213.9000,383.5200,1.795086
FILLER_136_445,VPWR,li1,210.4500,383.5200,1.795201
FILLER_136_437,VPWR,li1,208.3800,383.5200,1.795276
FILLER_136_414,VPWR,li1,197.3400,383.5200,1.796168
FILLER_136_407,VPWR,li1,192.9700,383.5200,1.796478
FILLER_136_403,VPWR,li1,191.8200,383.5200,1.796736
FILLER_136_391,VPWR,li1,188.1400,383.5200,1.797020
FILLER_136_378,VPWR,li1,180.0900,383.5200,1.797925
FILLER_136_370,VPWR,li1,177.5600,383.5200,1.798210
FILLER_136_351,VPWR,li1,168.3600,383.5200,1.798151
FILLER_136_335,VPWR,li1,159.8500,383.5200,1.797746
FILLER_136_321,VPWR,li1,154.1000,383.5200,1.797555
FILLER_136_309,VPWR,li1,150.4200,383.5200,1.797402
FILLER_136_305,VPWR,li1,146.5100,383.5200,1.797255
FILLER_136_296,VPWR,li1,142.1400,383.5200,1.797112
FILLER_136_288,VPWR,li1,138.2300,383.5200,1.797098
FILLER_136_265,VPWR,li1,128.1100,383.5200,1.797302
FILLER_136_253,VPWR,li1,124.6600,383.5200,1.797382
FILLER_136_251,VPWR,li1,121.2100,383.5200,1.797474
FILLER_136_245,VPWR,li1,119.6000,383.5200,1.797514
FILLER_136_238,VPWR,li1,115.4600,383.5200,1.797580
FILLER_136_230,VPWR,li1,111.5500,383.5200,1.797688
FILLER_136_226,VPWR,li1,110.4000,383.5200,1.797730
FILLER_136_214,VPWR,li1,106.7200,383.5200,1.797776
FILLER_136_171,VPWR,li1,84.4100,383.5200,1.798326
FILLER_136_165,VPWR,li1,82.8000,383.5200,1.798326
FILLER_136_153,VPWR,li1,78.6600,383.5200,1.798422
FILLER_136_141,VPWR,li1,73.1400,383.5200,1.798550
FILLER_136_139,VPWR,li1,69.6900,383.5200,1.798668
FILLER_136_133,VPWR,li1,68.0800,383.5200,1.798668
FILLER_136_121,VPWR,li1,63.9400,383.5200,1.798764
FILLER_136_109,VPWR,li1,58.4200,383.5200,1.798919
FILLER_136_97,VPWR,li1,52.9000,383.5200,1.799020
FILLER_136_85,VPWR,li1,47.3800,383.5200,1.799148
FILLER_136_83,VPWR,li1,43.9300,383.5200,1.799266
FILLER_136_77,VPWR,li1,42.3200,383.5200,1.799266
FILLER_136_65,VPWR,li1,38.1800,383.5200,1.799362
FILLER_136_53,VPWR,li1,32.6600,383.5200,1.799490
FILLER_136_41,VPWR,li1,27.1400,383.5200,1.799640
FILLER_136_29,VPWR,li1,21.6200,383.5200,1.799768
FILLER_136_27,VPWR,li1,18.1700,383.5200,1.799768
FILLER_136_15,VPWR,li1,15.1800,383.5200,1.799768
FILLER_136_3,VPWR,li1,9.6600,383.5200,1.799768
FILLER_135_821,VPWR,li1,383.8700,378.0800,1.798629
FILLER_135_809,VPWR,li1,380.4200,378.0800,1.798629
FILLER_135_797,VPWR,li1,374.9000,378.0800,1.798629
FILLER_135_785,VPWR,li1,369.3800,378.0800,1.798629
FILLER_135_783,VPWR,li1,365.9300,378.0800,1.798629
FILLER_135_777,VPWR,li1,364.3200,378.0800,1.798629
FILLER_135_765,VPWR,li1,360.1800,378.0800,1.798629
FILLER_135_753,VPWR,li1,354.6600,378.0800,1.798629
FILLER_135_741,VPWR,li1,349.1400,378.0800,1.798629
FILLER_135_729,VPWR,li1,343.6200,378.0800,1.798629
FILLER_135_720,VPWR,li1,338.5600,378.0800,1.798629
FILLER_135_715,VPWR,li1,334.8800,378.0800,1.798629
FILLER_135_700,VPWR,li1,329.3600,378.0800,1.798689
FILLER_135_693,VPWR,li1,324.5300,378.0800,1.798166
FILLER_135_685,VPWR,li1,322.4600,378.0800,1.797820
FILLER_135_670,VPWR,li1,314.1800,378.0800,1.796970
FILLER_135_638,VPWR,li1,300.8400,378.0800,1.795752
FILLER_135_629,VPWR,li1,295.7800,378.0800,1.795321
FILLER_135_617,VPWR,li1,292.1000,378.0800,1.795121
FILLER_135_615,VPWR,li1,288.6500,378.0800,1.795001
FILLER_135_603,VPWR,li1,285.6600,378.0800,1.794801
FILLER_135_585,VPWR,li1,274.8500,378.0800,1.794516
FILLER_135_573,VPWR,li1,271.8600,378.0800,1.794593
FILLER_135_561,VPWR,li1,266.3400,378.0800,1.794685
FILLER_135_559,VPWR,li1,262.8900,378.0800,1.794745
FILLER_135_547,VPWR,li1,259.9000,378.0800,1.794823
FILLER_135_538,VPWR,li1,253.9200,378.0800,1.794956
FILLER_135_529,VPWR,li1,249.0900,378.0800,1.795025
FILLER_135_517,VPWR,li1,246.1000,378.0800,1.795099
FILLER_135_505,VPWR,li1,240.5800,378.0800,1.795210
FILLER_135_492,VPWR,li1,234.6000,378.0800,1.795311
FILLER_135_480,VPWR,li1,229.0800,378.0800,1.795446
FILLER_135_468,VPWR,li1,223.5600,378.0800,1.795535
FILLER_135_464,VPWR,li1,219.1900,378.0800,1.795624
FILLER_135_456,VPWR,li1,217.1200,378.0800,1.795722
FILLER_135_444,VPWR,li1,209.9900,378.0800,1.796061
FILLER_135_432,VPWR,li1,207.0000,378.0800,1.796275
FILLER_135_421,VPWR,li1,201.0200,378.0800,1.796608
FILLER_135_409,VPWR,li1,196.4200,378.0800,1.797003
FILLER_135_383,VPWR,li1,182.3900,378.0800,1.798042
FILLER_135_375,VPWR,li1,178.2500,378.0800,1.798241
FILLER_135_369,VPWR,li1,176.6400,378.0800,1.798458
FILLER_135_357,VPWR,li1,172.5000,378.0800,1.798195
FILLER_135_337,VPWR,li1,161.4600,378.0800,1.797410
FILLER_135_335,VPWR,li1,159.8500,378.0800,1.797235
FILLER_135_331,VPWR,li1,158.0100,378.0800,1.797091
FILLER_135_327,VPWR,li1,156.8600,378.0800,1.797091
FILLER_135_318,VPWR,li1,153.1800,378.0800,1.796758
FILLER_135_281,VPWR,li1,135.7000,378.0800,1.795883
FILLER_135_265,VPWR,li1,129.2600,378.0800,1.795856
FILLER_135_257,VPWR,li1,123.9700,378.0800,1.795894
FILLER_135_249,VPWR,li1,120.2900,378.0800,1.796027
FILLER_135_245,VPWR,li1,119.1400,378.0800,1.796027
FILLER_135_233,VPWR,li1,115.4600,378.0800,1.796142
FILLER_135_223,VPWR,li1,108.3300,378.0800,1.796396
FILLER_135_217,VPWR,li1,106.7200,378.0800,1.796462
FILLER_135_190,VPWR,li1,94.7600,378.0800,1.796894
FILLER_135_178,VPWR,li1,87.6300,378.0800,1.797204
FILLER_135_169,VPWR,li1,83.9500,378.0800,1.797331
FILLER_135_167,VPWR,li1,82.5700,378.0800,1.797331
FILLER_135_161,VPWR,li1,80.9600,378.0800,1.797408
FILLER_135_149,VPWR,li1,76.8200,378.0800,1.797560
FILLER_135_137,VPWR,li1,71.3000,378.0800,1.797790
FILLER_135_125,VPWR,li1,65.7800,378.0800,1.797952
FILLER_135_113,VPWR,li1,60.2600,378.0800,1.798158
FILLER_135_111,VPWR,li1,56.8100,378.0800,1.798346
FILLER_135_105,VPWR,li1,55.2000,378.0800,1.798346
FILLER_135_93,VPWR,li1,51.0600,378.0800,1.798500
FILLER_135_81,VPWR,li1,45.5400,378.0800,1.798748
FILLER_135_69,VPWR,li1,40.0200,378.0800,1.798910
FILLER_135_57,VPWR,li1,34.5000,378.0800,1.799115
FILLER_135_55,VPWR,li1,31.0500,378.0800,1.799286
FILLER_135_51,VPWR,li1,29.9000,378.0800,1.799286
FILLER_135_39,VPWR,li1,26.2200,378.0800,1.799423
FILLER_135_27,VPWR,li1,20.7000,378.0800,1.799628
FILLER_135_15,VPWR,li1,15.1800,378.0800,1.799628
FILLER_135_3,VPWR,li1,9.6600,378.0800,1.799628
FILLER_134_821,VPWR,li1,383.8700,378.0800,1.798629
FILLER_134_813,VPWR,li1,381.3400,378.0800,1.798629
FILLER_134_811,VPWR,li1,378.8100,378.0800,1.798629
FILLER_134_805,VPWR,li1,377.2000,378.0800,1.798629
FILLER_134_793,VPWR,li1,373.0600,378.0800,1.798629
FILLER_134_781,VPWR,li1,367.5400,378.0800,1.798629
FILLER_134_769,VPWR,li1,362.0200,378.0800,1.798629
FILLER_134_757,VPWR,li1,356.5000,378.0800,1.798629
FILLER_134_753,VPWR,li1,352.5900,378.0800,1.798629
FILLER_134_741,VPWR,li1,349.1400,378.0800,1.798629
FILLER_134_729,VPWR,li1,343.6200,378.0800,1.798629
FILLER_134_701,VPWR,li1,328.4400,378.0800,1.798486
FILLER_134_699,VPWR,li1,327.2900,378.0800,1.798486
FILLER_134_686,VPWR,li1,321.5400,378.0800,1.797820
FILLER_134_664,VPWR,li1,311.1900,378.0800,1.796526
FILLER_134_641,VPWR,li1,301.0700,378.0800,1.795752
FILLER_134_629,VPWR,li1,297.6200,378.0800,1.795521
FILLER_134_614,VPWR,li1,290.7200,378.0800,1.795121
FILLER_134_602,VPWR,li1,285.2000,378.0800,1.794801
FILLER_134_593,VPWR,li1,278.5300,378.0800,1.794479
FILLER_134_565,VPWR,li1,265.8800,378.0800,1.794685
FILLER_134_557,VPWR,li1,263.5800,378.0800,1.794745
FILLER_134_545,VPWR,li1,258.9800,378.0800,1.794823
FILLER_134_533,VPWR,li1,253.4600,378.0800,1.794956
FILLER_134_531,VPWR,li1,250.0100,378.0800,1.795025
FILLER_134_527,VPWR,li1,248.8600,378.0800,1.795025
FILLER_134_515,VPWR,li1,245.1800,378.0800,1.795099
FILLER_134_495,VPWR,li1,235.9800,378.0800,1.795311
FILLER_134_491,VPWR,li1,231.6100,378.0800,1.795395
FILLER_134_487,VPWR,li1,230.4600,378.0800,1.795395
FILLER_134_477,VPWR,li1,225.6300,378.0800,1.795493
FILLER_134_473,VPWR,li1,223.7900,378.0800,1.795535
FILLER_134_465,VPWR,li1,221.2600,378.0800,1.795582
FILLER_134_451,VPWR,li1,213.6700,378.0800,1.795886
FILLER_134_439,VPWR,li1,210.2200,378.0800,1.796061
FILLER_134_431,VPWR,li1,204.0100,378.0800,1.796477
FILLER_134_421,VPWR,li1,199.6400,378.0800,1.796789
FILLER_134_419,VPWR,li1,198.4900,378.0800,1.796789
FILLER_134_407,VPWR,li1,195.5000,378.0800,1.797003
FILLER_134_392,VPWR,li1,186.0700,378.0800,1.797678
FILLER_134_380,VPWR,li1,183.0800,378.0800,1.797893
FILLER_134_365,VPWR,li1,175.2600,378.0800,1.798458
FILLER_134_360,VPWR,li1,172.0400,378.0800,1.798195
FILLER_134_345,VPWR,li1,166.0600,378.0800,1.797729
FILLER_134_333,VPWR,li1,161.4600,378.0800,1.797410
FILLER_134_317,VPWR,li1,152.0300,378.0800,1.796758
FILLER_134_309,VPWR,li1,149.5000,378.0800,1.796583
FILLER_134_305,VPWR,li1,146.5100,378.0800,1.796378
FILLER_134_293,VPWR,li1,141.6800,378.0800,1.796084
FILLER_134_274,VPWR,li1,133.4000,378.0800,1.795855
FILLER_134_262,VPWR,li1,128.8000,378.0800,1.795856
FILLER_134_250,VPWR,li1,120.9800,378.0800,1.795945
FILLER_134_242,VPWR,li1,118.6800,378.0800,1.796027
FILLER_134_229,VPWR,li1,111.3200,378.0800,1.796306
FILLER_134_210,VPWR,li1,103.5000,378.0800,1.796570
FILLER_134_205,VPWR,li1,100.0500,378.0800,1.796703
FILLER_134_197,VPWR,li1,97.9800,378.0800,1.796794
FILLER_134_166,VPWR,li1,82.1100,378.0800,1.797408
FILLER_134_160,VPWR,li1,80.5000,378.0800,1.797408
FILLER_134_148,VPWR,li1,76.3600,378.0800,1.797560
FILLER_134_139,VPWR,li1,69.6900,378.0800,1.797867
FILLER_134_133,VPWR,li1,68.0800,378.0800,1.797867
FILLER_134_121,VPWR,li1,63.9400,378.0800,1.798021
FILLER_134_109,VPWR,li1,58.4200,378.0800,1.798269
FILLER_134_97,VPWR,li1,52.9000,378.0800,1.798431
FILLER_134_85,VPWR,li1,47.3800,378.0800,1.798636
FILLER_134_83,VPWR,li1,43.9300,378.0800,1.798825
FILLER_134_77,VPWR,li1,42.3200,378.0800,1.798825
FILLER_134_65,VPWR,li1,38.1800,378.0800,1.798978
FILLER_134_53,VPWR,li1,32.6600,378.0800,1.799184
FILLER_134_41,VPWR,li1,27.1400,378.0800,1.799423
FILLER_134_29,VPWR,li1,21.6200,378.0800,1.799628
FILLER_134_27,VPWR,li1,18.1700,378.0800,1.799628
FILLER_134_15,VPWR,li1,15.1800,378.0800,1.799628
FILLER_134_3,VPWR,li1,9.6600,378.0800,1.799628
FILLER_133_821,VPWR,li1,383.8700,372.6400,1.799484
FILLER_133_809,VPWR,li1,380.4200,372.6400,1.799484
FILLER_133_797,VPWR,li1,374.9000,372.6400,1.799484
FILLER_133_785,VPWR,li1,369.3800,372.6400,1.799484
FILLER_133_781,VPWR,li1,365.4700,372.6400,1.799484
FILLER_133_769,VPWR,li1,362.0200,372.6400,1.799484
FILLER_133_757,VPWR,li1,356.5000,372.6400,1.799484
FILLER_133_745,VPWR,li1,350.9800,372.6400,1.799484
FILLER_133_733,VPWR,li1,345.4600,372.6400,1.799484
FILLER_133_723,VPWR,li1,338.3300,372.6400,1.799485
FILLER_133_664,VPWR,li1,312.8000,372.6400,1.798955
FILLER_133_652,VPWR,li1,308.2000,372.6400,1.798801
FILLER_133_643,VPWR,li1,301.9900,372.6400,1.798715
FILLER_133_631,VPWR,li1,298.5400,372.6400,1.798654
FILLER_133_623,VPWR,li1,292.3300,372.6400,1.798581
FILLER_133_611,VPWR,li1,286.8100,372.6400,1.798506
FILLER_133_603,VPWR,li1,284.7400,372.6400,1.798470
FILLER_133_598,VPWR,li1,281.0600,372.6400,1.798433
FILLER_133_586,VPWR,li1,277.8400,372.6400,1.798393
FILLER_133_574,VPWR,li1,272.3200,372.6400,1.798318
FILLER_133_569,VPWR,li1,267.4900,372.6400,1.798264
FILLER_133_561,VPWR,li1,265.4200,372.6400,1.798238
FILLER_133_556,VPWR,li1,262.2000,372.6400,1.798207
FILLER_133_542,VPWR,li1,255.0700,372.6400,1.798198
FILLER_133_534,VPWR,li1,253.0000,372.6400,1.798194
FILLER_133_503,VPWR,li1,237.1300,372.6400,1.798183
FILLER_133_495,VPWR,li1,235.0600,372.6400,1.798182
FILLER_133_483,VPWR,li1,227.9300,372.6400,1.798182
FILLER_133_479,VPWR,li1,226.7800,372.6400,1.798182
FILLER_133_467,VPWR,li1,223.1000,372.6400,1.798183
FILLER_133_455,VPWR,li1,215.0500,372.6400,1.798236
FILLER_133_449,VPWR,li1,213.4400,372.6400,1.798236
FILLER_133_445,VPWR,li1,210.9100,372.6400,1.798252
FILLER_133_433,VPWR,li1,207.4600,372.6400,1.798283
FILLER_133_419,VPWR,li1,198.7200,372.6400,1.798423
FILLER_133_401,VPWR,li1,190.2100,372.6400,1.798610
FILLER_133_393,VPWR,li1,188.1400,372.6400,1.798686
FILLER_133_389,VPWR,li1,185.1500,372.6400,1.798740
FILLER_133_356,VPWR,li1,169.7400,372.6400,1.798529
FILLER_133_337,VPWR,li1,163.3000,372.6400,1.798230
FILLER_133_335,VPWR,li1,159.8500,372.6400,1.798008
FILLER_133_329,VPWR,li1,158.2400,372.6400,1.798008
FILLER_133_317,VPWR,li1,154.1000,372.6400,1.797834
FILLER_133_305,VPWR,li1,148.5800,372.6400,1.797596
FILLER_133_298,VPWR,li1,143.0600,372.6400,1.797378
FILLER_133_290,VPWR,li1,140.7600,372.6400,1.797307
FILLER_133_281,VPWR,li1,136.1600,372.6400,1.797229
FILLER_133_279,VPWR,li1,134.0900,372.6400,1.797201
FILLER_133_275,VPWR,li1,132.9400,372.6400,1.797201
FILLER_133_263,VPWR,li1,129.2600,372.6400,1.797165
FILLER_133_247,VPWR,li1,119.3700,372.6400,1.797199
FILLER_133_241,VPWR,li1,117.7600,372.6400,1.797199
FILLER_133_225,VPWR,li1,109.9400,372.6400,1.797280
FILLER_133_223,VPWR,li1,108.3300,372.6400,1.797299
FILLER_133_217,VPWR,li1,106.7200,372.6400,1.797299
FILLER_133_205,VPWR,li1,102.5800,372.6400,1.797341
FILLER_133_193,VPWR,li1,97.0600,372.6400,1.797388
FILLER_133_181,VPWR,li1,91.5400,372.6400,1.797440
FILLER_133_169,VPWR,li1,86.0200,372.6400,1.797492
FILLER_133_164,VPWR,li1,81.8800,372.6400,1.797561
FILLER_133_151,VPWR,li1,76.3600,372.6400,1.797692
FILLER_133_143,VPWR,li1,71.5300,372.6400,1.797844
FILLER_133_134,VPWR,li1,67.6200,372.6400,1.797978
FILLER_133_125,VPWR,li1,63.4800,372.6400,1.798123
FILLER_133_113,VPWR,li1,60.2600,372.6400,1.798238
FILLER_133_111,VPWR,li1,56.8100,372.6400,1.798418
FILLER_133_105,VPWR,li1,55.2000,372.6400,1.798418
FILLER_133_93,VPWR,li1,51.0600,372.6400,1.798565
FILLER_133_81,VPWR,li1,45.5400,372.6400,1.798802
FILLER_133_69,VPWR,li1,40.0200,372.6400,1.798957
FILLER_133_57,VPWR,li1,34.5000,372.6400,1.799154
FILLER_133_55,VPWR,li1,31.0500,372.6400,1.799317
FILLER_133_51,VPWR,li1,29.9000,372.6400,1.799317
FILLER_133_39,VPWR,li1,26.2200,372.6400,1.799448
FILLER_133_27,VPWR,li1,20.7000,372.6400,1.799644
FILLER_133_15,VPWR,li1,15.1800,372.6400,1.799644
FILLER_133_3,VPWR,li1,9.6600,372.6400,1.799644
FILLER_132_821,VPWR,li1,383.8700,372.6400,1.799484
FILLER_132_813,VPWR,li1,381.3400,372.6400,1.799484
FILLER_132_811,VPWR,li1,378.8100,372.6400,1.799484
FILLER_132_805,VPWR,li1,377.2000,372.6400,1.799484
FILLER_132_793,VPWR,li1,373.0600,372.6400,1.799484
FILLER_132_781,VPWR,li1,367.5400,372.6400,1.799484
FILLER_132_769,VPWR,li1,362.0200,372.6400,1.799484
FILLER_132_757,VPWR,li1,356.5000,372.6400,1.799484
FILLER_132_754,VPWR,li1,352.8200,372.6400,1.799484
FILLER_132_742,VPWR,li1,349.6000,372.6400,1.799484
FILLER_132_728,VPWR,li1,340.6300,372.6400,1.799484
FILLER_132_708,VPWR,li1,331.8900,372.6400,1.799501
FILLER_132_699,VPWR,li1,327.2900,372.6400,1.799395
FILLER_132_695,VPWR,li1,326.1400,372.6400,1.799395
FILLER_132_686,VPWR,li1,321.5400,372.6400,1.799224
FILLER_132_678,VPWR,li1,319.2400,372.6400,1.799146
FILLER_132_666,VPWR,li1,314.6400,372.6400,1.799011
FILLER_132_652,VPWR,li1,305.6700,372.6400,1.798743
FILLER_132_645,VPWR,li1,302.4500,372.6400,1.798715
FILLER_132_642,VPWR,li1,301.3000,372.6400,1.798686
FILLER_132_626,VPWR,li1,294.1700,372.6400,1.798606
FILLER_132_618,VPWR,li1,290.4900,372.6400,1.798537
FILLER_132_601,VPWR,li1,282.2100,372.6400,1.798433
FILLER_132_589,VPWR,li1,279.2200,372.6400,1.798393
FILLER_132_585,VPWR,li1,275.3100,372.6400,1.798361
FILLER_132_573,VPWR,li1,271.8600,372.6400,1.798318
FILLER_132_556,VPWR,li1,262.2000,372.6400,1.798207
FILLER_132_539,VPWR,li1,255.3000,372.6400,1.798198
FILLER_132_531,VPWR,li1,250.0100,372.6400,1.798191
FILLER_132_523,VPWR,li1,246.3300,372.6400,1.798187
FILLER_132_511,VPWR,li1,243.3400,372.6400,1.798186
FILLER_132_505,VPWR,li1,238.0500,372.6400,1.798183
FILLER_132_497,VPWR,li1,235.9800,372.6400,1.798182
FILLER_132_472,VPWR,li1,223.5600,372.6400,1.798183
FILLER_132_464,VPWR,li1,219.8800,372.6400,1.798196
FILLER_132_453,VPWR,li1,214.5900,372.6400,1.798236
FILLER_132_445,VPWR,li1,212.0600,372.6400,1.798252
FILLER_132_441,VPWR,li1,208.6100,372.6400,1.798267
FILLER_132_433,VPWR,li1,206.5400,372.6400,1.798283
FILLER_132_421,VPWR,li1,201.9400,372.6400,1.798342
FILLER_132_419,VPWR,li1,198.4900,372.6400,1.798423
FILLER_132_413,VPWR,li1,196.8800,372.6400,1.798469
FILLER_132_405,VPWR,li1,192.0500,372.6400,1.798562
FILLER_132_401,VPWR,li1,190.9000,372.6400,1.798610
FILLER_132_389,VPWR,li1,187.2200,372.6400,1.798686
FILLER_132_377,VPWR,li1,181.7000,372.6400,1.798828
FILLER_132_365,VPWR,li1,176.1800,372.6400,1.798993
FILLER_132_363,VPWR,li1,172.7300,372.6400,1.798792
FILLER_132_359,VPWR,li1,171.5800,372.6400,1.798673
FILLER_132_348,VPWR,li1,166.0600,372.6400,1.798386
FILLER_132_336,VPWR,li1,162.8400,372.6400,1.798230
FILLER_132_327,VPWR,li1,156.4000,372.6400,1.797931
FILLER_132_309,VPWR,li1,148.3500,372.6400,1.797596
FILLER_132_307,VPWR,li1,146.9700,372.6400,1.797491
FILLER_132_303,VPWR,li1,145.8200,372.6400,1.797491
FILLER_132_282,VPWR,li1,135.7000,372.6400,1.797229
FILLER_132_274,VPWR,li1,133.4000,372.6400,1.797201
FILLER_132_265,VPWR,li1,127.8800,372.6400,1.797165
FILLER_132_258,VPWR,li1,124.4300,372.6400,1.797156
FILLER_132_251,VPWR,li1,121.2100,372.6400,1.797182
FILLER_132_245,VPWR,li1,119.6000,372.6400,1.797182
FILLER_132_233,VPWR,li1,115.4600,372.6400,1.797219
FILLER_132_224,VPWR,li1,109.0200,372.6400,1.797280
FILLER_132_216,VPWR,li1,106.7200,372.6400,1.797299
FILLER_132_204,VPWR,li1,102.1200,372.6400,1.797341
FILLER_132_197,VPWR,li1,97.0600,372.6400,1.797388
FILLER_132_193,VPWR,li1,94.9900,372.6400,1.797407
FILLER_132_181,VPWR,li1,91.5400,372.6400,1.797440
FILLER_132_157,VPWR,li1,79.1200,372.6400,1.797610
FILLER_132_145,VPWR,li1,74.9800,372.6400,1.797781
FILLER_132_139,VPWR,li1,69.6900,372.6400,1.797907
FILLER_132_133,VPWR,li1,68.0800,372.6400,1.797978
FILLER_132_121,VPWR,li1,63.9400,372.6400,1.798123
FILLER_132_109,VPWR,li1,58.4200,372.6400,1.798344
FILLER_132_97,VPWR,li1,52.9000,372.6400,1.798499
FILLER_132_85,VPWR,li1,47.3800,372.6400,1.798696
FILLER_132_83,VPWR,li1,43.9300,372.6400,1.798876
FILLER_132_77,VPWR,li1,42.3200,372.6400,1.798876
FILLER_132_65,VPWR,li1,38.1800,372.6400,1.799023
FILLER_132_53,VPWR,li1,32.6600,372.6400,1.799219
FILLER_132_41,VPWR,li1,27.1400,372.6400,1.799448
FILLER_132_29,VPWR,li1,21.6200,372.6400,1.799644
FILLER_132_27,VPWR,li1,18.1700,372.6400,1.799644
FILLER_132_15,VPWR,li1,15.1800,372.6400,1.799644
FILLER_132_3,VPWR,li1,9.6600,372.6400,1.799644
FILLER_131_821,VPWR,li1,383.8700,367.2000,1.799408
FILLER_131_809,VPWR,li1,380.4200,367.2000,1.799408
FILLER_131_797,VPWR,li1,374.9000,367.2000,1.799408
FILLER_131_785,VPWR,li1,369.3800,367.2000,1.799408
FILLER_131_783,VPWR,li1,365.9300,367.2000,1.799408
FILLER_131_779,VPWR,li1,364.7800,367.2000,1.799408
FILLER_131_767,VPWR,li1,361.1000,367.2000,1.799408
FILLER_131_755,VPWR,li1,355.5800,367.2000,1.799408
FILLER_131_743,VPWR,li1,350.0600,367.2000,1.799408
FILLER_131_719,VPWR,li1,336.7200,367.2000,1.799409
FILLER_131_711,VPWR,li1,334.4200,367.2000,1.799410
FILLER_131_699,VPWR,li1,329.8200,367.2000,1.799412
FILLER_131_687,VPWR,li1,324.3000,367.2000,1.799157
FILLER_131_673,VPWR,li1,315.5600,367.2000,1.798609
FILLER_131_671,VPWR,li1,314.4100,367.2000,1.798488
FILLER_131_665,VPWR,li1,312.8000,367.2000,1.798488
FILLER_131_641,VPWR,li1,302.2200,367.2000,1.797890
FILLER_131_629,VPWR,li1,297.6200,367.2000,1.797655
FILLER_131_617,VPWR,li1,292.1000,367.2000,1.797296
FILLER_131_613,VPWR,li1,288.1900,367.2000,1.797171
FILLER_131_601,VPWR,li1,284.7400,367.2000,1.797016
FILLER_131_579,VPWR,li1,272.5500,367.2000,1.796628
FILLER_131_571,VPWR,li1,270.0200,367.2000,1.796540
FILLER_131_556,VPWR,li1,262.2000,367.2000,1.796312
FILLER_131_541,VPWR,li1,254.6100,367.2000,1.796173
FILLER_131_529,VPWR,li1,251.6200,367.2000,1.796121
FILLER_131_517,VPWR,li1,246.1000,367.2000,1.796026
FILLER_131_505,VPWR,li1,240.5800,367.2000,1.795930
FILLER_131_501,VPWR,li1,236.6700,367.2000,1.795863
FILLER_131_489,VPWR,li1,233.2200,367.2000,1.795803
FILLER_131_479,VPWR,li1,226.3200,367.2000,1.795812
FILLER_131_462,VPWR,li1,218.2700,367.2000,1.795921
FILLER_131_429,VPWR,li1,203.5500,367.2000,1.796759
FILLER_131_417,VPWR,li1,200.1000,367.2000,1.796986
FILLER_131_405,VPWR,li1,194.5800,367.2000,1.797305
FILLER_131_393,VPWR,li1,189.0600,367.2000,1.797613
FILLER_131_389,VPWR,li1,185.1500,367.2000,1.797897
FILLER_131_381,VPWR,li1,181.2400,367.2000,1.798206
FILLER_131_371,VPWR,li1,177.1000,367.2000,1.798542
FILLER_131_359,VPWR,li1,173.4200,367.2000,1.798630
FILLER_131_353,VPWR,li1,168.1300,367.2000,1.798362
FILLER_131_349,VPWR,li1,166.9800,367.2000,1.798362
FILLER_131_337,VPWR,li1,163.3000,367.2000,1.798242
FILLER_131_335,VPWR,li1,159.8500,367.2000,1.798107
FILLER_131_331,VPWR,li1,158.7000,367.2000,1.798107
FILLER_131_323,VPWR,li1,154.5600,367.2000,1.797944
FILLER_131_311,VPWR,li1,149.0400,367.2000,1.797863
FILLER_131_303,VPWR,li1,146.7400,367.2000,1.797821
FILLER_131_291,VPWR,li1,142.1400,367.2000,1.797749
FILLER_131_287,VPWR,li1,137.7700,367.2000,1.797658
FILLER_131_281,VPWR,li1,136.1600,367.2000,1.797658
FILLER_131_277,VPWR,li1,133.6300,367.2000,1.797625
FILLER_131_269,VPWR,li1,131.1000,367.2000,1.797597
FILLER_131_249,VPWR,li1,121.9000,367.2000,1.797583
FILLER_131_237,VPWR,li1,117.3000,367.2000,1.797601
FILLER_131_225,VPWR,li1,111.7800,367.2000,1.797624
FILLER_131_212,VPWR,li1,105.8000,367.2000,1.797654
FILLER_131_175,VPWR,li1,88.7800,367.2000,1.797887
FILLER_131_166,VPWR,li1,82.3400,367.2000,1.797971
FILLER_131_156,VPWR,li1,77.9700,367.2000,1.798063
FILLER_131_148,VPWR,li1,75.4400,367.2000,1.798124
FILLER_131_125,VPWR,li1,63.7100,367.2000,1.798482
FILLER_131_113,VPWR,li1,60.2600,367.2000,1.798543
FILLER_131_111,VPWR,li1,56.8100,367.2000,1.798692
FILLER_131_105,VPWR,li1,55.2000,367.2000,1.798692
FILLER_131_93,VPWR,li1,51.0600,367.2000,1.798814
FILLER_131_81,VPWR,li1,45.5400,367.2000,1.799010
FILLER_131_69,VPWR,li1,40.0200,367.2000,1.799138
FILLER_131_57,VPWR,li1,34.5000,367.2000,1.799300
FILLER_131_55,VPWR,li1,31.0500,367.2000,1.799436
FILLER_131_51,VPWR,li1,29.9000,367.2000,1.799436
FILLER_131_39,VPWR,li1,26.2200,367.2000,1.799544
FILLER_131_27,VPWR,li1,20.7000,367.2000,1.799706
FILLER_131_15,VPWR,li1,15.1800,367.2000,1.799706
FILLER_131_3,VPWR,li1,9.6600,367.2000,1.799706
FILLER_130_821,VPWR,li1,383.8700,367.2000,1.799408
FILLER_130_813,VPWR,li1,381.3400,367.2000,1.799408
FILLER_130_811,VPWR,li1,378.8100,367.2000,1.799408
FILLER_130_805,VPWR,li1,377.2000,367.2000,1.799408
FILLER_130_793,VPWR,li1,373.0600,367.2000,1.799408
FILLER_130_781,VPWR,li1,367.5400,367.2000,1.799408
FILLER_130_769,VPWR,li1,362.0200,367.2000,1.799408
FILLER_130_757,VPWR,li1,356.5000,367.2000,1.799408
FILLER_130_754,VPWR,li1,352.8200,367.2000,1.799408
FILLER_130_742,VPWR,li1,349.6000,367.2000,1.799408
FILLER_130_729,VPWR,li1,341.0900,367.2000,1.799409
FILLER_130_715,VPWR,li1,335.1100,367.2000,1.799410
FILLER_130_707,VPWR,li1,332.5800,367.2000,1.799411
FILLER_130_691,VPWR,li1,324.3000,367.2000,1.799157
FILLER_130_679,VPWR,li1,320.6200,367.2000,1.798903
FILLER_130_673,VPWR,li1,315.7900,367.2000,1.798609
FILLER_130_669,VPWR,li1,313.4900,367.2000,1.798488
FILLER_130_657,VPWR,li1,310.5000,367.2000,1.798274
FILLER_130_645,VPWR,li1,304.9800,367.2000,1.798051
FILLER_130_636,VPWR,li1,299.9200,367.2000,1.797779
FILLER_130_624,VPWR,li1,295.3200,367.2000,1.797531
FILLER_130_616,VPWR,li1,289.1100,367.2000,1.797171
FILLER_130_606,VPWR,li1,285.6600,367.2000,1.797090
FILLER_130_569,VPWR,li1,270.0200,367.2000,1.796540
FILLER_130_557,VPWR,li1,264.5000,367.2000,1.796355
FILLER_130_545,VPWR,li1,258.9800,367.2000,1.796251
FILLER_130_533,VPWR,li1,252.0800,367.2000,1.796121
FILLER_130_530,VPWR,li1,249.7800,367.2000,1.796089
FILLER_130_518,VPWR,li1,246.5600,367.2000,1.796026
FILLER_130_500,VPWR,li1,238.2800,367.2000,1.795863
FILLER_130_485,VPWR,li1,228.8500,367.2000,1.795800
FILLER_130_477,VPWR,li1,225.1700,367.2000,1.795823
FILLER_130_475,VPWR,li1,224.2500,367.2000,1.795823
FILLER_130_463,VPWR,li1,221.2600,367.2000,1.795839
FILLER_130_451,VPWR,li1,215.7400,367.2000,1.796010
FILLER_130_437,VPWR,li1,206.7700,367.2000,1.796532
FILLER_130_433,VPWR,li1,205.6200,367.2000,1.796532
FILLER_130_421,VPWR,li1,201.9400,367.2000,1.796759
FILLER_130_419,VPWR,li1,198.4900,367.2000,1.796986
FILLER_130_405,VPWR,li1,192.0500,367.2000,1.797490
FILLER_130_401,VPWR,li1,190.9000,367.2000,1.797490
FILLER_130_372,VPWR,li1,177.3300,367.2000,1.798542
FILLER_130_362,VPWR,li1,172.5000,367.2000,1.798537
FILLER_130_348,VPWR,li1,166.5200,367.2000,1.798362
FILLER_130_336,VPWR,li1,162.8400,367.2000,1.798242
FILLER_130_316,VPWR,li1,151.1100,367.2000,1.797896
FILLER_130_305,VPWR,li1,146.5100,367.2000,1.797821
FILLER_130_297,VPWR,li1,143.9800,367.2000,1.797779
FILLER_130_285,VPWR,li1,139.3800,367.2000,1.797691
FILLER_130_277,VPWR,li1,133.1700,367.2000,1.797607
FILLER_130_269,VPWR,li1,129.7200,367.2000,1.797597
FILLER_130_261,VPWR,li1,127.4200,367.2000,1.797584
FILLER_130_248,VPWR,li1,120.5200,367.2000,1.797583
FILLER_130_227,VPWR,li1,110.6300,367.2000,1.797624
FILLER_130_219,VPWR,li1,108.1000,367.2000,1.797637
FILLER_130_207,VPWR,li1,100.9700,367.2000,1.797710
FILLER_130_197,VPWR,li1,97.0600,367.2000,1.797742
FILLER_130_192,VPWR,li1,94.7600,367.2000,1.797774
FILLER_130_184,VPWR,li1,90.3900,367.2000,1.797840
FILLER_130_172,VPWR,li1,87.4000,367.2000,1.797887
FILLER_130_160,VPWR,li1,81.8800,367.2000,1.798008
FILLER_130_148,VPWR,li1,76.3600,367.2000,1.798124
FILLER_130_137,VPWR,li1,69.2300,367.2000,1.798285
FILLER_130_125,VPWR,li1,65.7800,367.2000,1.798382
FILLER_130_121,VPWR,li1,61.4100,367.2000,1.798543
FILLER_130_109,VPWR,li1,58.4200,367.2000,1.798631
FILLER_130_97,VPWR,li1,52.9000,367.2000,1.798759
FILLER_130_85,VPWR,li1,47.3800,367.2000,1.798922
FILLER_130_83,VPWR,li1,43.9300,367.2000,1.799070
FILLER_130_77,VPWR,li1,42.3200,367.2000,1.799070
FILLER_130_65,VPWR,li1,38.1800,367.2000,1.799192
FILLER_130_53,VPWR,li1,32.6600,367.2000,1.799354
FILLER_130_41,VPWR,li1,27.1400,367.2000,1.799544
FILLER_130_29,VPWR,li1,21.6200,367.2000,1.799706
FILLER_130_27,VPWR,li1,18.1700,367.2000,1.799706
FILLER_130_15,VPWR,li1,15.1800,367.2000,1.799706
FILLER_130_3,VPWR,li1,9.6600,367.2000,1.799706
FILLER_129_821,VPWR,li1,383.8700,361.7600,1.799677
FILLER_129_809,VPWR,li1,380.4200,361.7600,1.799677
FILLER_129_797,VPWR,li1,374.9000,361.7600,1.799677
FILLER_129_785,VPWR,li1,369.3800,361.7600,1.799677
FILLER_129_772,VPWR,li1,363.4000,361.7600,1.799677
FILLER_129_760,VPWR,li1,357.8800,361.7600,1.799677
FILLER_129_748,VPWR,li1,352.3600,361.7600,1.799677
FILLER_129_741,VPWR,li1,347.3000,361.7600,1.799677
FILLER_129_729,VPWR,li1,343.6200,361.7600,1.799678
FILLER_129_726,VPWR,li1,339.9400,361.7600,1.799679
FILLER_129_714,VPWR,li1,336.7200,361.7600,1.799679
FILLER_129_689,VPWR,li1,324.3000,361.7600,1.799535
FILLER_129_663,VPWR,li1,310.9600,361.7600,1.799126
FILLER_129_654,VPWR,li1,306.8200,361.7600,1.798988
FILLER_129_643,VPWR,li1,301.7600,361.7600,1.798803
FILLER_129_623,VPWR,li1,294.8600,361.7600,1.798613
FILLER_129_614,VPWR,li1,288.4200,361.7600,1.798468
FILLER_129_604,VPWR,li1,284.0500,361.7600,1.798384
FILLER_129_590,VPWR,li1,277.1500,361.7600,1.798290
FILLER_129_580,VPWR,li1,273.2400,361.7600,1.798237
FILLER_129_565,VPWR,li1,265.8800,361.7600,1.798138
FILLER_129_550,VPWR,li1,259.2100,361.7600,1.798090
FILLER_129_527,VPWR,li1,248.4000,361.7600,1.798102
FILLER_129_505,VPWR,li1,238.0500,361.7600,1.798119
FILLER_129_502,VPWR,li1,236.9000,361.7600,1.798119
FILLER_129_494,VPWR,li1,234.6000,361.7600,1.798122
FILLER_129_481,VPWR,li1,227.4700,361.7600,1.798164
FILLER_129_473,VPWR,li1,224.9400,361.7600,1.798199
FILLER_129_461,VPWR,li1,220.3400,361.7600,1.798268
FILLER_129_449,VPWR,li1,214.8200,361.7600,1.798328
FILLER_129_447,VPWR,li1,211.3700,361.7600,1.798432
FILLER_129_443,VPWR,li1,210.2200,361.7600,1.798432
FILLER_129_424,VPWR,li1,201.0200,361.7600,1.798670
FILLER_129_416,VPWR,li1,198.7200,361.7600,1.798734
FILLER_129_401,VPWR,li1,190.6700,361.7600,1.798961
FILLER_129_393,VPWR,li1,188.1400,361.7600,1.799040
FILLER_129_389,VPWR,li1,185.1500,361.7600,1.799159
FILLER_129_385,VPWR,li1,182.8500,361.7600,1.799223
FILLER_129_381,VPWR,li1,181.7000,361.7600,1.799223
FILLER_129_371,VPWR,li1,176.8700,361.7600,1.799448
FILLER_129_359,VPWR,li1,173.4200,361.7600,1.799412
FILLER_129_352,VPWR,li1,168.1300,361.7600,1.799340
FILLER_129_344,VPWR,li1,165.6000,361.7600,1.799299
FILLER_129_328,VPWR,li1,158.2400,361.7600,1.799225
FILLER_129_321,VPWR,li1,153.4100,361.7600,1.799184
FILLER_129_315,VPWR,li1,151.8000,361.7600,1.799166
FILLER_129_310,VPWR,li1,148.5800,361.7600,1.799155
FILLER_129_293,VPWR,li1,141.6800,361.7600,1.799120
FILLER_129_281,VPWR,li1,137.5400,361.7600,1.799104
FILLER_129_279,VPWR,li1,134.0900,361.7600,1.799091
FILLER_129_275,VPWR,li1,132.9400,361.7600,1.799084
FILLER_129_261,VPWR,li1,125.8100,361.7600,1.799080
FILLER_129_253,VPWR,li1,122.1300,361.7600,1.799088
FILLER_129_245,VPWR,li1,120.0600,361.7600,1.799093
FILLER_129_225,VPWR,li1,111.7800,361.7600,1.799113
FILLER_129_221,VPWR,li1,107.8700,361.7600,1.799126
FILLER_129_209,VPWR,li1,104.4200,361.7600,1.799136
FILLER_129_201,VPWR,li1,98.2100,361.7600,1.799158
FILLER_129_193,VPWR,li1,96.1400,361.7600,1.799169
FILLER_129_187,VPWR,li1,91.7700,361.7600,1.799190
FILLER_129_181,VPWR,li1,90.1600,361.7600,1.799190
FILLER_129_169,VPWR,li1,86.0200,361.7600,1.799209
FILLER_129_165,VPWR,li1,82.1100,361.7600,1.799231
FILLER_129_153,VPWR,li1,78.6600,361.7600,1.799248
FILLER_129_134,VPWR,li1,67.8500,361.7600,1.799294
FILLER_129_113,VPWR,li1,57.7300,361.7600,1.799386
FILLER_129_111,VPWR,li1,56.8100,361.7600,1.799413
FILLER_129_105,VPWR,li1,55.2000,361.7600,1.799413
FILLER_129_93,VPWR,li1,51.0600,361.7600,1.799468
FILLER_129_81,VPWR,li1,45.5400,361.7600,1.799556
FILLER_129_69,VPWR,li1,40.0200,361.7600,1.799613
FILLER_129_57,VPWR,li1,34.5000,361.7600,1.799686
FILLER_129_55,VPWR,li1,31.0500,361.7600,1.799747
FILLER_129_51,VPWR,li1,29.9000,361.7600,1.799747
FILLER_129_39,VPWR,li1,26.2200,361.7600,1.799795
FILLER_129_27,VPWR,li1,20.7000,361.7600,1.799868
FILLER_129_15,VPWR,li1,15.1800,361.7600,1.799868
FILLER_129_3,VPWR,li1,9.6600,361.7600,1.799868
FILLER_128_821,VPWR,li1,383.8700,361.7600,1.799677
FILLER_128_813,VPWR,li1,381.3400,361.7600,1.799677
FILLER_128_811,VPWR,li1,378.8100,361.7600,1.799677
FILLER_128_805,VPWR,li1,377.2000,361.7600,1.799677
FILLER_128_793,VPWR,li1,373.0600,361.7600,1.799677
FILLER_128_781,VPWR,li1,367.5400,361.7600,1.799677
FILLER_128_769,VPWR,li1,362.0200,361.7600,1.799677
FILLER_128_757,VPWR,li1,356.5000,361.7600,1.799677
FILLER_128_738,VPWR,li1,345.2300,361.7600,1.799677
FILLER_128_734,VPWR,li1,344.0800,361.7600,1.799678
FILLER_128_723,VPWR,li1,338.3300,361.7600,1.799679
FILLER_128_715,VPWR,li1,336.2600,361.7600,1.799679
FILLER_128_693,VPWR,li1,324.5300,361.7600,1.799535
FILLER_128_681,VPWR,li1,321.5400,361.7600,1.799400
FILLER_128_662,VPWR,li1,312.8000,361.7600,1.799182
FILLER_128_652,VPWR,li1,306.3600,361.7600,1.798988
FILLER_128_643,VPWR,li1,301.5300,361.7600,1.798803
FILLER_128_637,VPWR,li1,298.7700,361.7600,1.798728
FILLER_128_633,VPWR,li1,297.6200,361.7600,1.798728
FILLER_128_626,VPWR,li1,293.7100,361.7600,1.798613
FILLER_128_618,VPWR,li1,291.6400,361.7600,1.798525
FILLER_128_606,VPWR,li1,287.0400,361.7600,1.798416
FILLER_128_594,VPWR,li1,281.5200,361.7600,1.798333
FILLER_128_584,VPWR,li1,275.0800,361.7600,1.798262
FILLER_128_572,VPWR,li1,271.4000,361.7600,1.798212
FILLER_128_567,VPWR,li1,266.8000,361.7600,1.798138
FILLER_128_555,VPWR,li1,263.5800,361.7600,1.798104
FILLER_128_543,VPWR,li1,258.0600,361.7600,1.798092
FILLER_128_520,VPWR,li1,247.4800,361.7600,1.798105
FILLER_128_516,VPWR,li1,243.1100,361.7600,1.798109
FILLER_128_501,VPWR,li1,237.8200,361.7600,1.798119
FILLER_128_489,VPWR,li1,233.2200,361.7600,1.798126
FILLER_128_477,VPWR,li1,227.7000,361.7600,1.798164
FILLER_128_471,VPWR,li1,222.6400,361.7600,1.798226
FILLER_128_459,VPWR,li1,219.4200,361.7600,1.798268
FILLER_128_444,VPWR,li1,209.9900,361.7600,1.798432
FILLER_128_433,VPWR,li1,205.6200,361.7600,1.798544
FILLER_128_421,VPWR,li1,201.9400,361.7600,1.798670
FILLER_128_412,VPWR,li1,196.8800,361.7600,1.798818
FILLER_128_400,VPWR,li1,192.2800,361.7600,1.798961
FILLER_128_385,VPWR,li1,184.4600,361.7600,1.799159
FILLER_128_370,VPWR,li1,176.1800,361.7600,1.799448
FILLER_128_362,VPWR,li1,172.5000,361.7600,1.799379
FILLER_128_349,VPWR,li1,166.2900,361.7600,1.799299
FILLER_128_345,VPWR,li1,165.1400,361.7600,1.799299
FILLER_128_333,VPWR,li1,161.4600,361.7600,1.799242
FILLER_128_321,VPWR,li1,155.9400,361.7600,1.799205
FILLER_128_309,VPWR,li1,150.4200,361.7600,1.799166
FILLER_128_306,VPWR,li1,146.7400,361.7600,1.799145
FILLER_128_293,VPWR,li1,140.5300,361.7600,1.799112
FILLER_128_289,VPWR,li1,139.3800,361.7600,1.799112
FILLER_128_277,VPWR,li1,135.7000,361.7600,1.799091
FILLER_128_265,VPWR,li1,127.8800,361.7600,1.799078
FILLER_128_253,VPWR,li1,124.6600,361.7600,1.799082
FILLER_128_244,VPWR,li1,119.6000,361.7600,1.799093
FILLER_128_230,VPWR,li1,111.5500,361.7600,1.799119
FILLER_128_224,VPWR,li1,109.9400,361.7600,1.799119
FILLER_128_212,VPWR,li1,105.8000,361.7600,1.799136
FILLER_128_205,VPWR,li1,100.0500,361.7600,1.799150
FILLER_128_197,VPWR,li1,97.9800,361.7600,1.799158
FILLER_128_194,VPWR,li1,95.2200,361.7600,1.799169
FILLER_128_170,VPWR,li1,86.4800,361.7600,1.799209
FILLER_128_158,VPWR,li1,80.9600,361.7600,1.799231
FILLER_128_146,VPWR,li1,73.3700,361.7600,1.799266
FILLER_128_141,VPWR,li1,70.6100,361.7600,1.799282
FILLER_128_138,VPWR,li1,69.4600,361.7600,1.799294
FILLER_128_126,VPWR,li1,66.2400,361.7600,1.799306
FILLER_128_121,VPWR,li1,61.6400,361.7600,1.799336
FILLER_128_109,VPWR,li1,58.4200,361.7600,1.799386
FILLER_128_97,VPWR,li1,52.9000,361.7600,1.799443
FILLER_128_85,VPWR,li1,47.3800,361.7600,1.799516
FILLER_128_83,VPWR,li1,43.9300,361.7600,1.799583
FILLER_128_77,VPWR,li1,42.3200,361.7600,1.799583
FILLER_128_65,VPWR,li1,38.1800,361.7600,1.799638
FILLER_128_53,VPWR,li1,32.6600,361.7600,1.799710
FILLER_128_41,VPWR,li1,27.1400,361.7600,1.799795
FILLER_128_29,VPWR,li1,21.6200,361.7600,1.799868
FILLER_128_27,VPWR,li1,18.1700,361.7600,1.799868
FILLER_128_15,VPWR,li1,15.1800,361.7600,1.799868
FILLER_128_3,VPWR,li1,9.6600,361.7600,1.799868
FILLER_127_821,VPWR,li1,383.8700,356.3200,1.799725
FILLER_127_809,VPWR,li1,380.4200,356.3200,1.799725
FILLER_127_797,VPWR,li1,374.9000,356.3200,1.799725
FILLER_127_785,VPWR,li1,369.3800,356.3200,1.799725
FILLER_127_783,VPWR,li1,365.9300,356.3200,1.799725
FILLER_127_779,VPWR,li1,364.7800,356.3200,1.799725
FILLER_127_767,VPWR,li1,361.1000,356.3200,1.799725
FILLER_127_755,VPWR,li1,355.5800,356.3200,1.799725
FILLER_127_749,VPWR,li1,350.7500,356.3200,1.799725
FILLER_127_741,VPWR,li1,347.0700,356.3200,1.799726
FILLER_127_729,VPWR,li1,343.6200,356.3200,1.799726
FILLER_127_727,VPWR,li1,340.1700,356.3200,1.799730
FILLER_127_723,VPWR,li1,339.0200,356.3200,1.799730
FILLER_127_710,VPWR,li1,332.3500,356.3200,1.799758
FILLER_127_706,VPWR,li1,331.2000,356.3200,1.799758
FILLER_127_700,VPWR,li1,327.7500,356.3200,1.799730
FILLER_127_696,VPWR,li1,326.6000,356.3200,1.799730
FILLER_127_685,VPWR,li1,322.0000,356.3200,1.799644
FILLER_127_673,VPWR,li1,317.8600,356.3200,1.799592
FILLER_127_670,VPWR,li1,314.1800,356.3200,1.799536
FILLER_127_662,VPWR,li1,311.8800,356.3200,1.799496
FILLER_127_650,VPWR,li1,307.2800,356.3200,1.799453
FILLER_127_645,VPWR,li1,302.4500,356.3200,1.799380
FILLER_127_639,VPWR,li1,300.8400,356.3200,1.799380
FILLER_127_629,VPWR,li1,295.5500,356.3200,1.799319
FILLER_127_617,VPWR,li1,290.7200,356.3200,1.799265
FILLER_127_610,VPWR,li1,287.5000,356.3200,1.799222
FILLER_127_598,VPWR,li1,283.3600,356.3200,1.799183
FILLER_127_586,VPWR,li1,275.5400,356.3200,1.799102
FILLER_127_576,VPWR,li1,270.9400,356.3200,1.799058
FILLER_127_564,VPWR,li1,267.7200,356.3200,1.799032
FILLER_127_558,VPWR,li1,262.6600,356.3200,1.798991
FILLER_127_549,VPWR,li1,258.5200,356.3200,1.798973
FILLER_127_541,VPWR,li1,256.2200,356.3200,1.798970
FILLER_127_529,VPWR,li1,251.6200,356.3200,1.798967
FILLER_127_517,VPWR,li1,246.1000,356.3200,1.798964
FILLER_127_505,VPWR,li1,240.5800,356.3200,1.798967
FILLER_127_503,VPWR,li1,237.1300,356.3200,1.798972
FILLER_127_499,VPWR,li1,235.9800,356.3200,1.798972
FILLER_127_490,VPWR,li1,231.3800,356.3200,1.798992
FILLER_127_477,VPWR,li1,225.1700,356.3200,1.799052
FILLER_127_469,VPWR,li1,221.4900,356.3200,1.799095
FILLER_127_455,VPWR,li1,215.0500,356.3200,1.799196
FILLER_127_449,VPWR,li1,213.4400,356.3200,1.799225
FILLER_127_440,VPWR,li1,209.7600,356.3200,1.799254
FILLER_127_428,VPWR,li1,205.1600,356.3200,1.799319
FILLER_127_418,VPWR,li1,198.7200,356.3200,1.799410
FILLER_127_410,VPWR,li1,194.8100,356.3200,1.799469
FILLER_127_402,VPWR,li1,192.2800,356.3200,1.799503
FILLER_127_389,VPWR,li1,185.1500,356.3200,1.799612
FILLER_127_378,VPWR,li1,180.3200,356.3200,1.799696
FILLER_127_366,VPWR,li1,176.6400,356.3200,1.799762
FILLER_127_360,VPWR,li1,171.3500,356.3200,1.799731
FILLER_127_348,VPWR,li1,168.3600,356.3200,1.799706
FILLER_127_334,VPWR,li1,159.6200,356.3200,1.799636
FILLER_127_326,VPWR,li1,157.3200,356.3200,1.799619
FILLER_127_306,VPWR,li1,148.1200,356.3200,1.799570
FILLER_127_294,VPWR,li1,143.5200,356.3200,1.799563
FILLER_127_281,VPWR,li1,135.2400,356.3200,1.799547
FILLER_127_278,VPWR,li1,133.8600,356.3200,1.799544
FILLER_127_266,VPWR,li1,130.6400,356.3200,1.799541
FILLER_127_254,VPWR,li1,125.1200,356.3200,1.799535
FILLER_127_247,VPWR,li1,119.8300,356.3200,1.799531
FILLER_127_239,VPWR,li1,117.3000,356.3200,1.799528
FILLER_127_225,VPWR,li1,109.4800,356.3200,1.799521
FILLER_127_212,VPWR,li1,105.8000,356.3200,1.799520
FILLER_127_200,VPWR,li1,100.2800,356.3200,1.799521
FILLER_127_188,VPWR,li1,94.7600,356.3200,1.799538
FILLER_127_184,VPWR,li1,90.3900,356.3200,1.799548
FILLER_127_178,VPWR,li1,88.7800,356.3200,1.799554
FILLER_127_156,VPWR,li1,80.0400,356.3200,1.799589
FILLER_127_144,VPWR,li1,74.5200,356.3200,1.799609
FILLER_127_132,VPWR,li1,69.0000,356.3200,1.799629
FILLER_127_120,VPWR,li1,63.4800,356.3200,1.799649
FILLER_127_111,VPWR,li1,56.8100,356.3200,1.799688
FILLER_127_105,VPWR,li1,55.2000,356.3200,1.799688
FILLER_127_93,VPWR,li1,51.0600,356.3200,1.799720
FILLER_127_81,VPWR,li1,45.5400,356.3200,1.799762
FILLER_127_69,VPWR,li1,40.0200,356.3200,1.799793
FILLER_127_57,VPWR,li1,34.5000,356.3200,1.799832
FILLER_127_55,VPWR,li1,31.0500,356.3200,1.799864
FILLER_127_51,VPWR,li1,29.9000,356.3200,1.799864
FILLER_127_39,VPWR,li1,26.2200,356.3200,1.799890
FILLER_127_27,VPWR,li1,20.7000,356.3200,1.799929
FILLER_127_15,VPWR,li1,15.1800,356.3200,1.799929
FILLER_127_3,VPWR,li1,9.6600,356.3200,1.799929
FILLER_126_821,VPWR,li1,383.8700,356.3200,1.799725
FILLER_126_813,VPWR,li1,381.3400,356.3200,1.799725
FILLER_126_811,VPWR,li1,378.8100,356.3200,1.799725
FILLER_126_805,VPWR,li1,377.2000,356.3200,1.799725
FILLER_126_793,VPWR,li1,373.0600,356.3200,1.799725
FILLER_126_781,VPWR,li1,367.5400,356.3200,1.799725
FILLER_126_769,VPWR,li1,362.0200,356.3200,1.799725
FILLER_126_757,VPWR,li1,356.5000,356.3200,1.799725
FILLER_126_754,VPWR,li1,352.8200,356.3200,1.799725
FILLER_126_746,VPWR,li1,350.5200,356.3200,1.799725
FILLER_126_734,VPWR,li1,345.9200,356.3200,1.799726
FILLER_126_709,VPWR,li1,333.5000,356.3200,1.799745
FILLER_126_697,VPWR,li1,326.8300,356.3200,1.799730
FILLER_126_689,VPWR,li1,322.6900,356.3200,1.799644
FILLER_126_672,VPWR,li1,317.4000,356.3200,1.799592
FILLER_126_658,VPWR,li1,308.4300,356.3200,1.799453
FILLER_126_652,VPWR,li1,306.8200,356.3200,1.799453
FILLER_126_642,VPWR,li1,301.3000,356.3200,1.799380
FILLER_126_634,VPWR,li1,299.0000,356.3200,1.799345
FILLER_126_621,VPWR,li1,291.6400,356.3200,1.799265
FILLER_126_605,VPWR,li1,284.0500,356.3200,1.799183
FILLER_126_601,VPWR,li1,282.9000,356.3200,1.799183
FILLER_126_589,VPWR,li1,279.2200,356.3200,1.799131
FILLER_126_587,VPWR,li1,275.7700,356.3200,1.799102
FILLER_126_583,VPWR,li1,274.6200,356.3200,1.799102
FILLER_126_574,VPWR,li1,270.0200,356.3200,1.799058
FILLER_126_566,VPWR,li1,266.1100,356.3200,1.799012
FILLER_126_562,VPWR,li1,264.9600,356.3200,1.799012
FILLER_126_550,VPWR,li1,261.2800,356.3200,1.798976
FILLER_126_545,VPWR,li1,256.4500,356.3200,1.798970
FILLER_126_533,VPWR,li1,253.4600,356.3200,1.798969
FILLER_126_528,VPWR,li1,249.3200,356.3200,1.798966
FILLER_126_504,VPWR,li1,237.8200,356.3200,1.798970
FILLER_126_492,VPWR,li1,234.6000,356.3200,1.798975
FILLER_126_485,VPWR,li1,229.3100,356.3200,1.799008
FILLER_126_477,VPWR,li1,226.7800,356.3200,1.799052
FILLER_126_470,VPWR,li1,223.1000,356.3200,1.799095
FILLER_126_456,VPWR,li1,215.5100,356.3200,1.799196
FILLER_126_450,VPWR,li1,213.9000,356.3200,1.799196
FILLER_126_438,VPWR,li1,209.7600,356.3200,1.799254
FILLER_126_418,VPWR,li1,198.2600,356.3200,1.799440
FILLER_126_405,VPWR,li1,192.5100,356.3200,1.799503
FILLER_126_396,VPWR,li1,189.0600,356.3200,1.799574
FILLER_126_384,VPWR,li1,184.9200,356.3200,1.799612
FILLER_126_372,VPWR,li1,179.4000,356.3200,1.799696
FILLER_126_345,VPWR,li1,166.0600,356.3200,1.799687
FILLER_126_332,VPWR,li1,158.4700,356.3200,1.799619
FILLER_126_328,VPWR,li1,157.3200,356.3200,1.799619
FILLER_126_313,VPWR,li1,151.3400,356.3200,1.799578
FILLER_126_307,VPWR,li1,146.9700,356.3200,1.799566
FILLER_126_301,VPWR,li1,145.3600,356.3200,1.799566
FILLER_126_289,VPWR,li1,141.2200,356.3200,1.799558
FILLER_126_274,VPWR,li1,132.2500,356.3200,1.799544
FILLER_126_266,VPWR,li1,129.7200,356.3200,1.799541
FILLER_126_257,VPWR,li1,124.2000,356.3200,1.799535
FILLER_126_253,VPWR,li1,122.1300,356.3200,1.799532
FILLER_126_244,VPWR,li1,117.9900,356.3200,1.799528
FILLER_126_240,VPWR,li1,116.8400,356.3200,1.799528
FILLER_126_233,VPWR,li1,113.1600,356.3200,1.799524
FILLER_126_216,VPWR,li1,105.5700,356.3200,1.799519
FILLER_126_201,VPWR,li1,98.2100,356.3200,1.799525
FILLER_126_197,VPWR,li1,97.0600,356.3200,1.799532
FILLER_126_194,VPWR,li1,95.2200,356.3200,1.799538
FILLER_126_184,VPWR,li1,90.3900,356.3200,1.799548
FILLER_126_175,VPWR,li1,86.4800,356.3200,1.799561
FILLER_126_167,VPWR,li1,82.5700,356.3200,1.799574
FILLER_126_141,VPWR,li1,70.8400,356.3200,1.799622
FILLER_126_139,VPWR,li1,69.6900,356.3200,1.799622
FILLER_126_131,VPWR,li1,66.0100,356.3200,1.799637
FILLER_126_119,VPWR,li1,63.0200,356.3200,1.799649
FILLER_126_97,VPWR,li1,50.3700,356.3200,1.799720
FILLER_126_85,VPWR,li1,47.3800,356.3200,1.799741
FILLER_126_83,VPWR,li1,43.9300,356.3200,1.799777
FILLER_126_77,VPWR,li1,42.3200,356.3200,1.799777
FILLER_126_65,VPWR,li1,38.1800,356.3200,1.799806
FILLER_126_53,VPWR,li1,32.6600,356.3200,1.799845
FILLER_126_41,VPWR,li1,27.1400,356.3200,1.799890
FILLER_126_29,VPWR,li1,21.6200,356.3200,1.799929
FILLER_126_27,VPWR,li1,18.1700,356.3200,1.799929
FILLER_126_15,VPWR,li1,15.1800,356.3200,1.799929
FILLER_126_3,VPWR,li1,9.6600,356.3200,1.799929
FILLER_125_817,VPWR,li1,382.0300,350.8800,1.799289
FILLER_125_809,VPWR,li1,379.5000,350.8800,1.799291
FILLER_125_797,VPWR,li1,374.9000,350.8800,1.799297
FILLER_125_785,VPWR,li1,369.3800,350.8800,1.799301
FILLER_125_783,VPWR,li1,365.9300,350.8800,1.799305
FILLER_125_771,VPWR,li1,362.9400,350.8800,1.799311
FILLER_125_764,VPWR,li1,357.1900,350.8800,1.799323
FILLER_125_758,VPWR,li1,355.5800,350.8800,1.799330
FILLER_125_741,VPWR,li1,346.6100,350.8800,1.799378
FILLER_125_729,VPWR,li1,343.6200,350.8800,1.799396
FILLER_125_727,VPWR,li1,340.1700,350.8800,1.799437
FILLER_125_673,VPWR,li1,315.5600,350.8800,1.799316
FILLER_125_669,VPWR,li1,313.9500,350.8800,1.799270
FILLER_125_657,VPWR,li1,310.5000,350.8800,1.799185
FILLER_125_649,VPWR,li1,304.7500,350.8800,1.799111
FILLER_125_637,VPWR,li1,301.3000,350.8800,1.799080
FILLER_125_625,VPWR,li1,295.7800,350.8800,1.799029
FILLER_125_615,VPWR,li1,288.6500,350.8800,1.798993
FILLER_125_607,VPWR,li1,284.9700,350.8800,1.798992
FILLER_125_589,VPWR,li1,277.8400,350.8800,1.798997
FILLER_125_580,VPWR,li1,272.7800,350.8800,1.799008
FILLER_125_569,VPWR,li1,267.4900,350.8800,1.799017
FILLER_125_561,VPWR,li1,265.4200,350.8800,1.799022
FILLER_125_557,VPWR,li1,262.4300,350.8800,1.799029
FILLER_125_547,VPWR,li1,257.8300,350.8800,1.799043
FILLER_125_524,VPWR,li1,247.2500,350.8800,1.799097
FILLER_125_516,VPWR,li1,244.7200,350.8800,1.799109
FILLER_125_505,VPWR,li1,239.2000,350.8800,1.799151
FILLER_125_501,VPWR,li1,236.6700,350.8800,1.799162
FILLER_125_493,VPWR,li1,234.1400,350.8800,1.799173
FILLER_125_479,VPWR,li1,226.0900,350.8800,1.799235
FILLER_125_473,VPWR,li1,224.4800,350.8800,1.799258
FILLER_125_461,VPWR,li1,220.3400,350.8800,1.799299
FILLER_125_449,VPWR,li1,214.8200,350.8800,1.799367
FILLER_125_445,VPWR,li1,210.9100,350.8800,1.799406
FILLER_125_440,VPWR,li1,208.1500,350.8800,1.799438
FILLER_125_430,VPWR,li1,203.7800,350.8800,1.799490
FILLER_125_423,VPWR,li1,200.3300,350.8800,1.799532
FILLER_125_401,VPWR,li1,190.4400,350.8800,1.799657
FILLER_125_393,VPWR,li1,188.1400,350.8800,1.799689
FILLER_125_389,VPWR,li1,185.1500,350.8800,1.799727
FILLER_125_381,VPWR,li1,182.6200,350.8800,1.799759
FILLER_125_369,VPWR,li1,178.0200,350.8800,1.799812
FILLER_125_357,VPWR,li1,170.2000,350.8800,1.799850
FILLER_125_349,VPWR,li1,167.9000,350.8800,1.799845
FILLER_125_337,VPWR,li1,163.3000,350.8800,1.799839
FILLER_125_335,VPWR,li1,159.8500,350.8800,1.799834
FILLER_125_331,VPWR,li1,158.7000,350.8800,1.799834
FILLER_125_319,VPWR,li1,155.0200,350.8800,1.799829
FILLER_125_308,VPWR,li1,147.4300,350.8800,1.799819
FILLER_125_296,VPWR,li1,144.4400,350.8800,1.799814
FILLER_125_284,VPWR,li1,138.9200,350.8800,1.799809
FILLER_125_279,VPWR,li1,134.0900,350.8800,1.799805
FILLER_125_267,VPWR,li1,131.1000,350.8800,1.799803
FILLER_125_261,VPWR,li1,125.8100,350.8800,1.799800
FILLER_125_253,VPWR,li1,123.7400,350.8800,1.799799
FILLER_125_241,VPWR,li1,119.1400,350.8800,1.799797
FILLER_125_229,VPWR,li1,113.6200,350.8800,1.799795
FILLER_125_221,VPWR,li1,107.8700,350.8800,1.799793
FILLER_125_213,VPWR,li1,105.3400,350.8800,1.799793
FILLER_125_200,VPWR,li1,97.9800,350.8800,1.799793
FILLER_125_192,VPWR,li1,95.6800,350.8800,1.799795
FILLER_125_180,VPWR,li1,91.0800,350.8800,1.799799
FILLER_125_162,VPWR,li1,80.7300,350.8800,1.799806
FILLER_125_154,VPWR,li1,78.2000,350.8800,1.799809
FILLER_125_142,VPWR,li1,71.5300,350.8800,1.799815
FILLER_125_134,VPWR,li1,69.0000,350.8800,1.799818
FILLER_125_122,VPWR,li1,64.4000,350.8800,1.799822
FILLER_125_113,VPWR,li1,57.9600,350.8800,1.799835
FILLER_125_111,VPWR,li1,56.8100,350.8800,1.799842
FILLER_125_105,VPWR,li1,55.2000,350.8800,1.799842
FILLER_125_93,VPWR,li1,51.0600,350.8800,1.799857
FILLER_125_81,VPWR,li1,45.5400,350.8800,1.799880
FILLER_125_69,VPWR,li1,40.0200,350.8800,1.799896
FILLER_125_57,VPWR,li1,34.5000,350.8800,1.799915
FILLER_125_55,VPWR,li1,31.0500,350.8800,1.799932
FILLER_125_51,VPWR,li1,29.9000,350.8800,1.799932
FILLER_125_39,VPWR,li1,26.2200,350.8800,1.799945
FILLER_125_27,VPWR,li1,20.7000,350.8800,1.799964
FILLER_125_15,VPWR,li1,15.1800,350.8800,1.799964
FILLER_125_3,VPWR,li1,9.6600,350.8800,1.799964
FILLER_124_819,VPWR,li1,382.4900,350.8800,1.799289
FILLER_124_813,VPWR,li1,380.8800,350.8800,1.799291
FILLER_124_811,VPWR,li1,378.8100,350.8800,1.799293
FILLER_124_807,VPWR,li1,377.6600,350.8800,1.799293
FILLER_124_795,VPWR,li1,373.9800,350.8800,1.799297
FILLER_124_771,VPWR,li1,361.1000,350.8800,1.799315
FILLER_124_733,VPWR,li1,343.6200,350.8800,1.799396
FILLER_124_708,VPWR,li1,331.6600,350.8800,1.799525
FILLER_124_675,VPWR,li1,317.4000,350.8800,1.799352
FILLER_124_663,VPWR,li1,313.2600,350.8800,1.799270
FILLER_124_653,VPWR,li1,306.5900,350.8800,1.799149
FILLER_124_637,VPWR,li1,298.7700,350.8800,1.799052
FILLER_124_629,VPWR,li1,296.7000,350.8800,1.799029
FILLER_124_613,VPWR,li1,288.8800,350.8800,1.798993
FILLER_124_601,VPWR,li1,284.7400,350.8800,1.798992
FILLER_124_589,VPWR,li1,279.2200,350.8800,1.798997
FILLER_124_587,VPWR,li1,275.7700,350.8800,1.799001
FILLER_124_583,VPWR,li1,274.6200,350.8800,1.799001
FILLER_124_571,VPWR,li1,270.9400,350.8800,1.799013
FILLER_124_559,VPWR,li1,265.4200,350.8800,1.799022
FILLER_124_547,VPWR,li1,259.9000,350.8800,1.799035
FILLER_124_540,VPWR,li1,254.1500,350.8800,1.799057
FILLER_124_536,VPWR,li1,253.0000,350.8800,1.799066
FILLER_124_524,VPWR,li1,246.7900,350.8800,1.799097
FILLER_124_516,VPWR,li1,244.7200,350.8800,1.799109
FILLER_124_504,VPWR,li1,240.1200,350.8800,1.799136
FILLER_124_496,VPWR,li1,233.9100,350.8800,1.799173
FILLER_124_490,VPWR,li1,232.3000,350.8800,1.799192
FILLER_124_477,VPWR,li1,226.3200,350.8800,1.799235
FILLER_124_474,VPWR,li1,224.0200,350.8800,1.799258
FILLER_124_462,VPWR,li1,220.8000,350.8800,1.799299
FILLER_124_456,VPWR,li1,215.5100,350.8800,1.799367
FILLER_124_452,VPWR,li1,214.3600,350.8800,1.799367
FILLER_124_443,VPWR,li1,209.7600,350.8800,1.799438
FILLER_124_421,VPWR,li1,201.9400,350.8800,1.799532
FILLER_124_419,VPWR,li1,198.4900,350.8800,1.799569
FILLER_124_415,VPWR,li1,197.3400,350.8800,1.799569
FILLER_124_409,VPWR,li1,194.1200,350.8800,1.799608
FILLER_124_400,VPWR,li1,190.2100,350.8800,1.799657
FILLER_124_392,VPWR,li1,187.6800,350.8800,1.799689
FILLER_124_365,VPWR,li1,176.1800,350.8800,1.799856
FILLER_124_363,VPWR,li1,172.7300,350.8800,1.799853
FILLER_124_357,VPWR,li1,171.1200,350.8800,1.799850
FILLER_124_345,VPWR,li1,166.9800,350.8800,1.799845
FILLER_124_335,VPWR,li1,160.5400,350.8800,1.799836
FILLER_124_323,VPWR,li1,156.8600,350.8800,1.799831
FILLER_124_309,VPWR,li1,149.5000,350.8800,1.799821
FILLER_124_303,VPWR,li1,145.3600,350.8800,1.799816
FILLER_124_294,VPWR,li1,140.9900,350.8800,1.799811
FILLER_124_253,VPWR,li1,122.5900,350.8800,1.799798
FILLER_124_251,VPWR,li1,121.2100,350.8800,1.799798
FILLER_124_239,VPWR,li1,117.3000,350.8800,1.799796
FILLER_124_221,VPWR,li1,109.9400,350.8800,1.799794
FILLER_124_209,VPWR,li1,104.4200,350.8800,1.799793
FILLER_124_197,VPWR,li1,98.9000,350.8800,1.799793
FILLER_124_195,VPWR,li1,95.4500,350.8800,1.799796
FILLER_124_189,VPWR,li1,93.8400,350.8800,1.799796
FILLER_124_177,VPWR,li1,89.7000,350.8800,1.799799
FILLER_124_165,VPWR,li1,84.1800,350.8800,1.799804
FILLER_124_153,VPWR,li1,78.6600,350.8800,1.799809
FILLER_124_141,VPWR,li1,73.1400,350.8800,1.799815
FILLER_124_134,VPWR,li1,68.5400,350.8800,1.799818
FILLER_124_122,VPWR,li1,64.4000,350.8800,1.799822
FILLER_124_117,VPWR,li1,59.5700,350.8800,1.799826
FILLER_124_109,VPWR,li1,57.5000,350.8800,1.799835
FILLER_124_97,VPWR,li1,52.9000,350.8800,1.799850
FILLER_124_85,VPWR,li1,47.3800,350.8800,1.799870
FILLER_124_83,VPWR,li1,43.9300,350.8800,1.799888
FILLER_124_77,VPWR,li1,42.3200,350.8800,1.799888
FILLER_124_65,VPWR,li1,38.1800,350.8800,1.799902
FILLER_124_53,VPWR,li1,32.6600,350.8800,1.799922
FILLER_124_41,VPWR,li1,27.1400,350.8800,1.799945
FILLER_124_29,VPWR,li1,21.6200,350.8800,1.799964
FILLER_124_27,VPWR,li1,18.1700,350.8800,1.799964
FILLER_124_15,VPWR,li1,15.1800,350.8800,1.799964
FILLER_124_3,VPWR,li1,9.6600,350.8800,1.799964
FILLER_123_803,VPWR,li1,375.1300,345.4400,1.799530
FILLER_123_797,VPWR,li1,373.5200,345.4400,1.799532
FILLER_123_785,VPWR,li1,369.3800,345.4400,1.799536
FILLER_123_780,VPWR,li1,365.2400,345.4400,1.799540
FILLER_123_768,VPWR,li1,361.5600,345.4400,1.799544
FILLER_123_749,VPWR,li1,352.8200,345.4400,1.799558
FILLER_123_733,VPWR,li1,342.9300,345.4400,1.799578
FILLER_123_729,VPWR,li1,341.7800,345.4400,1.799589
FILLER_123_700,VPWR,li1,327.7500,345.4400,1.799602
FILLER_123_670,VPWR,li1,314.1800,345.4400,1.799349
FILLER_123_658,VPWR,li1,310.9600,345.4400,1.799292
FILLER_123_639,VPWR,li1,300.8400,345.4400,1.799156
FILLER_123_627,VPWR,li1,296.7000,345.4400,1.799117
FILLER_123_600,VPWR,li1,282.9000,345.4400,1.799056
FILLER_123_588,VPWR,li1,278.7600,345.4400,1.799061
FILLER_123_574,VPWR,li1,271.4000,345.4400,1.799071
FILLER_123_550,VPWR,li1,259.9000,345.4400,1.799126
FILLER_123_538,VPWR,li1,255.7600,345.4400,1.799148
FILLER_123_526,VPWR,li1,250.2400,345.4400,1.799190
FILLER_123_505,VPWR,li1,238.7400,345.4400,1.799291
FILLER_123_503,VPWR,li1,237.1300,345.4400,1.799291
FILLER_123_497,VPWR,li1,235.5200,345.4400,1.799306
FILLER_123_492,VPWR,li1,232.0700,345.4400,1.799332
FILLER_123_488,VPWR,li1,230.9200,345.4400,1.799354
FILLER_123_472,VPWR,li1,224.0200,345.4400,1.799398
FILLER_123_464,VPWR,li1,219.1900,345.4400,1.799440
FILLER_123_449,VPWR,li1,212.5200,345.4400,1.799505
FILLER_123_436,VPWR,li1,207.4600,345.4400,1.799552
FILLER_123_424,VPWR,li1,203.3200,345.4400,1.799581
FILLER_123_417,VPWR,li1,197.5700,345.4400,1.799634
FILLER_123_411,VPWR,li1,195.9600,345.4400,1.799652
FILLER_123_406,VPWR,li1,192.7400,345.4400,1.799695
FILLER_123_388,VPWR,li1,184.9200,345.4400,1.799754
FILLER_123_369,VPWR,li1,175.7200,345.4400,1.799858
FILLER_123_358,VPWR,li1,170.4300,345.4400,1.799842
FILLER_123_329,VPWR,li1,157.0900,345.4400,1.799792
FILLER_123_307,VPWR,li1,146.9700,345.4400,1.799754
FILLER_123_288,VPWR,li1,138.4600,345.4400,1.799733
FILLER_123_278,VPWR,li1,133.8600,345.4400,1.799721
FILLER_123_270,VPWR,li1,131.5600,345.4400,1.799715
FILLER_123_257,VPWR,li1,123.9700,345.4400,1.799695
FILLER_123_238,VPWR,li1,115.6900,345.4400,1.799675
FILLER_123_225,VPWR,li1,109.2500,345.4400,1.799658
FILLER_123_219,VPWR,li1,106.4900,345.4400,1.799653
FILLER_123_207,VPWR,li1,103.5000,345.4400,1.799648
FILLER_123_199,VPWR,li1,97.5200,345.4400,1.799641
FILLER_123_191,VPWR,li1,95.2200,345.4400,1.799640
FILLER_123_163,VPWR,li1,80.9600,345.4400,1.799638
FILLER_123_156,VPWR,li1,77.5100,345.4400,1.799640
FILLER_123_144,VPWR,li1,74.5200,345.4400,1.799640
FILLER_123_128,VPWR,li1,65.0900,345.4400,1.799666
FILLER_123_120,VPWR,li1,62.5600,345.4400,1.799684
FILLER_123_111,VPWR,li1,56.8100,345.4400,1.799717
FILLER_123_105,VPWR,li1,55.2000,345.4400,1.799717
FILLER_123_93,VPWR,li1,51.0600,345.4400,1.799743
FILLER_123_81,VPWR,li1,45.5400,345.4400,1.799785
FILLER_123_69,VPWR,li1,40.0200,345.4400,1.799813
FILLER_123_57,VPWR,li1,34.5000,345.4400,1.799848
FILLER_123_55,VPWR,li1,31.0500,345.4400,1.799878
FILLER_123_51,VPWR,li1,29.9000,345.4400,1.799878
FILLER_123_39,VPWR,li1,26.2200,345.4400,1.799901
FILLER_123_27,VPWR,li1,20.7000,345.4400,1.799936
FILLER_123_15,VPWR,li1,15.1800,345.4400,1.799936
FILLER_123_3,VPWR,li1,9.6600,345.4400,1.799936
FILLER_122_821,VPWR,li1,383.8700,345.4400,1.799526
FILLER_122_813,VPWR,li1,381.3400,345.4400,1.799526
FILLER_122_811,VPWR,li1,378.8100,345.4400,1.799528
FILLER_122_805,VPWR,li1,377.2000,345.4400,1.799528
FILLER_122_793,VPWR,li1,373.0600,345.4400,1.799532
FILLER_122_781,VPWR,li1,367.5400,345.4400,1.799538
FILLER_122_769,VPWR,li1,362.0200,345.4400,1.799544
FILLER_122_757,VPWR,li1,356.5000,345.4400,1.799549
FILLER_122_755,VPWR,li1,353.0500,345.4400,1.799558
FILLER_122_749,VPWR,li1,351.4400,345.4400,1.799558
FILLER_122_737,VPWR,li1,347.3000,345.4400,1.799568
FILLER_122_723,VPWR,li1,338.3300,345.4400,1.799598
FILLER_122_717,VPWR,li1,336.7200,345.4400,1.799607
FILLER_122_678,VPWR,li1,317.6300,345.4400,1.799381
FILLER_122_657,VPWR,li1,308.2000,345.4400,1.799228
FILLER_122_645,VPWR,li1,304.9800,345.4400,1.799188
FILLER_122_643,VPWR,li1,301.5300,345.4400,1.799156
FILLER_122_639,VPWR,li1,300.3800,345.4400,1.799156
FILLER_122_631,VPWR,li1,296.0100,345.4400,1.799117
FILLER_122_625,VPWR,li1,294.4000,345.4400,1.799092
FILLER_122_613,VPWR,li1,290.2600,345.4400,1.799066
FILLER_122_604,VPWR,li1,283.8200,345.4400,1.799054
FILLER_122_596,VPWR,li1,281.5200,345.4400,1.799056
FILLER_122_587,VPWR,li1,275.7700,345.4400,1.799065
FILLER_122_565,VPWR,li1,267.2600,345.4400,1.799076
FILLER_122_553,VPWR,li1,262.6600,345.4400,1.799101
FILLER_122_537,VPWR,li1,252.7700,345.4400,1.799171
FILLER_122_533,VPWR,li1,251.6200,345.4400,1.799190
FILLER_122_531,VPWR,li1,250.0100,345.4400,1.799204
FILLER_122_525,VPWR,li1,248.4000,345.4400,1.799204
FILLER_122_503,VPWR,li1,237.8200,345.4400,1.799291
FILLER_122_477,VPWR,li1,227.7000,345.4400,1.799373
FILLER_122_475,VPWR,li1,224.2500,345.4400,1.799398
FILLER_122_463,VPWR,li1,221.2600,345.4400,1.799424
FILLER_122_455,VPWR,li1,215.2800,345.4400,1.799482
FILLER_122_443,VPWR,li1,212.0600,345.4400,1.799505
FILLER_122_439,VPWR,li1,207.6900,345.4400,1.799552
FILLER_122_435,VPWR,li1,206.5400,345.4400,1.799552
FILLER_122_412,VPWR,li1,195.2700,345.4400,1.799671
FILLER_122_406,VPWR,li1,193.6600,345.4400,1.799671
FILLER_122_373,VPWR,li1,178.0200,345.4400,1.799835
FILLER_122_348,VPWR,li1,165.8300,345.4400,1.799820
FILLER_122_336,VPWR,li1,160.3100,345.4400,1.799804
FILLER_122_324,VPWR,li1,157.3200,345.4400,1.799792
FILLER_122_317,VPWR,li1,151.8000,345.4400,1.799775
FILLER_122_309,VPWR,li1,149.5000,345.4400,1.799768
FILLER_122_300,VPWR,li1,145.3600,345.4400,1.799754
FILLER_122_286,VPWR,li1,137.3100,345.4400,1.799727
FILLER_122_274,VPWR,li1,134.3200,345.4400,1.799721
FILLER_122_262,VPWR,li1,128.8000,345.4400,1.799707
FILLER_122_253,VPWR,li1,122.3600,345.4400,1.799687
FILLER_122_250,VPWR,li1,120.9800,345.4400,1.799687
FILLER_122_238,VPWR,li1,116.3800,345.4400,1.799675
FILLER_122_227,VPWR,li1,110.8600,345.4400,1.799664
FILLER_122_189,VPWR,li1,92.6900,345.4400,1.799639
FILLER_122_180,VPWR,li1,88.7800,345.4400,1.799638
FILLER_122_153,VPWR,li1,76.5900,345.4400,1.799640
FILLER_122_139,VPWR,li1,69.6900,345.4400,1.799646
FILLER_122_135,VPWR,li1,68.5400,345.4400,1.799654
FILLER_122_123,VPWR,li1,64.8600,345.4400,1.799666
FILLER_122_97,VPWR,li1,51.9800,345.4400,1.799743
FILLER_122_85,VPWR,li1,47.3800,345.4400,1.799766
FILLER_122_83,VPWR,li1,43.9300,345.4400,1.799799
FILLER_122_77,VPWR,li1,42.3200,345.4400,1.799799
FILLER_122_65,VPWR,li1,38.1800,345.4400,1.799825
FILLER_122_53,VPWR,li1,32.6600,345.4400,1.799860
FILLER_122_41,VPWR,li1,27.1400,345.4400,1.799901
FILLER_122_29,VPWR,li1,21.6200,345.4400,1.799936
FILLER_122_27,VPWR,li1,18.1700,345.4400,1.799936
FILLER_122_15,VPWR,li1,15.1800,345.4400,1.799936
FILLER_122_3,VPWR,li1,9.6600,345.4400,1.799936
FILLER_121_818,VPWR,li1,382.2600,340.0000,1.799651
FILLER_121_797,VPWR,li1,372.3700,340.0000,1.799664
FILLER_121_785,VPWR,li1,369.3800,340.0000,1.799670
FILLER_121_780,VPWR,li1,365.2400,340.0000,1.799678
FILLER_121_772,VPWR,li1,360.8700,340.0000,1.799688
FILLER_121_759,VPWR,li1,354.8900,340.0000,1.799707
FILLER_121_753,VPWR,li1,353.2800,340.0000,1.799714
FILLER_121_741,VPWR,li1,346.6100,340.0000,1.799740
FILLER_121_729,VPWR,li1,343.6200,340.0000,1.799756
FILLER_121_727,VPWR,li1,340.1700,340.0000,1.799785
FILLER_121_721,VPWR,li1,338.5600,340.0000,1.799785
FILLER_121_702,VPWR,li1,328.9000,340.0000,1.799849
FILLER_121_670,VPWR,li1,314.1800,340.0000,1.799748
FILLER_121_662,VPWR,li1,311.8800,340.0000,1.799739
FILLER_121_650,VPWR,li1,307.2800,340.0000,1.799717
FILLER_121_646,VPWR,li1,302.9100,340.0000,1.799706
FILLER_121_642,VPWR,li1,301.7600,340.0000,1.799697
FILLER_121_617,VPWR,li1,290.7200,340.0000,1.799650
FILLER_121_602,VPWR,li1,282.6700,340.0000,1.799638
FILLER_121_589,VPWR,li1,276.6900,340.0000,1.799641
FILLER_121_568,VPWR,li1,267.0300,340.0000,1.799646
FILLER_121_559,VPWR,li1,262.8900,340.0000,1.799650
FILLER_121_555,VPWR,li1,261.7400,340.0000,1.799650
FILLER_121_545,VPWR,li1,256.6800,340.0000,1.799657
FILLER_121_528,VPWR,li1,248.6300,340.0000,1.799666
FILLER_121_520,VPWR,li1,246.5600,340.0000,1.799670
FILLER_121_511,VPWR,li1,240.8100,340.0000,1.799681
FILLER_121_505,VPWR,li1,239.2000,340.0000,1.799681
FILLER_121_500,VPWR,li1,236.4400,340.0000,1.799686
FILLER_121_482,VPWR,li1,228.6200,340.0000,1.799700
FILLER_121_470,VPWR,li1,224.4800,340.0000,1.799709
FILLER_121_465,VPWR,li1,219.6500,340.0000,1.799720
FILLER_121_461,VPWR,li1,218.5000,340.0000,1.799720
FILLER_121_449,VPWR,li1,214.8200,340.0000,1.799728
FILLER_121_447,VPWR,li1,211.3700,340.0000,1.799739
FILLER_121_443,VPWR,li1,210.2200,340.0000,1.799739
FILLER_121_428,VPWR,li1,204.2400,340.0000,1.799756
FILLER_121_421,VPWR,li1,199.4100,340.0000,1.799770
FILLER_121_413,VPWR,li1,197.3400,340.0000,1.799776
FILLER_121_405,VPWR,li1,192.2800,340.0000,1.799790
FILLER_121_393,VPWR,li1,189.0600,340.0000,1.799800
FILLER_121_391,VPWR,li1,185.6100,340.0000,1.799816
FILLER_121_382,VPWR,li1,181.9300,340.0000,1.799824
FILLER_121_370,VPWR,li1,178.4800,340.0000,1.799834
FILLER_121_357,VPWR,li1,170.2000,340.0000,1.799792
FILLER_121_349,VPWR,li1,167.9000,340.0000,1.799765
FILLER_121_337,VPWR,li1,163.3000,340.0000,1.799694
FILLER_121_335,VPWR,li1,159.8500,340.0000,1.799669
FILLER_121_327,VPWR,li1,157.7800,340.0000,1.799637
FILLER_121_315,VPWR,li1,153.1800,340.0000,1.799610
FILLER_121_309,VPWR,li1,148.1200,340.0000,1.799575
FILLER_121_301,VPWR,li1,144.6700,340.0000,1.799556
FILLER_121_293,VPWR,li1,142.1400,340.0000,1.799546
FILLER_121_281,VPWR,li1,137.5400,340.0000,1.799533
FILLER_121_277,VPWR,li1,133.6300,340.0000,1.799518
FILLER_121_269,VPWR,li1,129.4900,340.0000,1.799507
FILLER_121_261,VPWR,li1,127.4200,340.0000,1.799508
FILLER_121_249,VPWR,li1,122.8200,340.0000,1.799514
FILLER_121_237,VPWR,li1,117.3000,340.0000,1.799523
FILLER_121_225,VPWR,li1,111.7800,340.0000,1.799537
FILLER_121_223,VPWR,li1,108.3300,340.0000,1.799549
FILLER_121_217,VPWR,li1,106.7200,340.0000,1.799549
FILLER_121_205,VPWR,li1,102.5800,340.0000,1.799562
FILLER_121_186,VPWR,li1,93.8400,340.0000,1.799589
FILLER_121_174,VPWR,li1,88.3200,340.0000,1.799606
FILLER_121_167,VPWR,li1,82.5700,340.0000,1.799626
FILLER_121_155,VPWR,li1,79.5800,340.0000,1.799640
FILLER_121_121,VPWR,li1,61.8700,340.0000,1.799710
FILLER_121_113,VPWR,li1,59.3400,340.0000,1.799721
FILLER_121_108,VPWR,li1,56.1200,340.0000,1.799737
FILLER_121_94,VPWR,li1,49.2200,340.0000,1.799772
FILLER_121_81,VPWR,li1,44.1600,340.0000,1.799800
FILLER_121_69,VPWR,li1,40.0200,340.0000,1.799825
FILLER_121_57,VPWR,li1,34.5000,340.0000,1.799858
FILLER_121_55,VPWR,li1,31.0500,340.0000,1.799885
FILLER_121_51,VPWR,li1,29.9000,340.0000,1.799885
FILLER_121_39,VPWR,li1,26.2200,340.0000,1.799907
FILLER_121_27,VPWR,li1,20.7000,340.0000,1.799940
FILLER_121_15,VPWR,li1,15.1800,340.0000,1.799940
FILLER_121_3,VPWR,li1,9.6600,340.0000,1.799940
FILLER_120_821,VPWR,li1,383.8700,340.0000,1.799648
FILLER_120_813,VPWR,li1,381.3400,340.0000,1.799651
FILLER_120_810,VPWR,li1,378.5800,340.0000,1.799655
FILLER_120_798,VPWR,li1,375.3600,340.0000,1.799658
FILLER_120_786,VPWR,li1,369.8400,340.0000,1.799670
FILLER_120_774,VPWR,li1,364.3200,340.0000,1.799683
FILLER_120_767,VPWR,li1,358.5700,340.0000,1.799693
FILLER_120_761,VPWR,li1,355.8100,340.0000,1.799707
FILLER_120_757,VPWR,li1,354.6600,340.0000,1.799707
FILLER_120_754,VPWR,li1,352.8200,340.0000,1.799714
FILLER_120_719,VPWR,li1,336.9500,340.0000,1.799803
FILLER_120_709,VPWR,li1,332.1200,340.0000,1.799832
FILLER_120_701,VPWR,li1,329.8200,340.0000,1.799849
FILLER_120_694,VPWR,li1,326.1400,340.0000,1.799828
FILLER_120_682,VPWR,li1,322.0000,340.0000,1.799798
FILLER_120_670,VPWR,li1,316.4800,340.0000,1.799758
FILLER_120_640,VPWR,li1,300.8400,340.0000,1.799697
FILLER_120_625,VPWR,li1,293.7100,340.0000,1.799665
FILLER_120_613,VPWR,li1,290.2600,340.0000,1.799650
FILLER_120_595,VPWR,li1,281.9800,340.0000,1.799638
FILLER_120_585,VPWR,li1,275.3100,340.0000,1.799641
FILLER_120_576,VPWR,li1,270.7100,340.0000,1.799643
FILLER_120_568,VPWR,li1,268.6400,340.0000,1.799646
FILLER_120_556,VPWR,li1,264.0400,340.0000,1.799648
FILLER_120_547,VPWR,li1,257.6000,340.0000,1.799654
FILLER_120_522,VPWR,li1,245.8700,340.0000,1.799670
FILLER_120_516,VPWR,li1,244.2600,340.0000,1.799673
FILLER_120_504,VPWR,li1,240.1200,340.0000,1.799681
FILLER_120_492,VPWR,li1,234.6000,340.0000,1.799690
FILLER_120_483,VPWR,li1,227.9300,340.0000,1.799705
FILLER_120_477,VPWR,li1,226.3200,340.0000,1.799705
FILLER_120_474,VPWR,li1,224.0200,340.0000,1.799709
FILLER_120_456,VPWR,li1,215.5100,340.0000,1.799728
FILLER_120_444,VPWR,li1,212.5200,340.0000,1.799734
FILLER_120_434,VPWR,li1,205.8500,340.0000,1.799749
FILLER_120_425,VPWR,li1,201.4800,340.0000,1.799763
FILLER_120_419,VPWR,li1,198.4900,340.0000,1.799770
FILLER_120_389,VPWR,li1,185.8400,340.0000,1.799810
FILLER_120_377,VPWR,li1,181.7000,340.0000,1.799824
FILLER_120_365,VPWR,li1,176.1800,340.0000,1.799847
FILLER_120_361,VPWR,li1,172.2700,340.0000,1.799817
FILLER_120_349,VPWR,li1,168.8200,340.0000,1.799765
FILLER_120_336,VPWR,li1,161.9200,340.0000,1.799694
FILLER_120_309,VPWR,li1,147.8900,340.0000,1.799575
FILLER_120_298,VPWR,li1,143.2900,340.0000,1.799556
FILLER_120_289,VPWR,li1,138.9200,340.0000,1.799533
FILLER_120_273,VPWR,li1,133.8600,340.0000,1.799518
FILLER_120_266,VPWR,li1,128.1100,340.0000,1.799507
FILLER_120_237,VPWR,li1,114.7700,340.0000,1.799531
FILLER_120_232,VPWR,li1,112.4700,340.0000,1.799537
FILLER_120_228,VPWR,li1,111.3200,340.0000,1.799537
FILLER_120_216,VPWR,li1,107.6400,340.0000,1.799549
FILLER_120_204,VPWR,li1,102.1200,340.0000,1.799562
FILLER_120_189,VPWR,li1,93.3800,340.0000,1.799589
FILLER_120_177,VPWR,li1,89.7000,340.0000,1.799606
FILLER_120_165,VPWR,li1,84.1800,340.0000,1.799626
FILLER_120_153,VPWR,li1,78.6600,340.0000,1.799640
FILLER_120_141,VPWR,li1,73.1400,340.0000,1.799666
FILLER_120_128,VPWR,li1,67.1600,340.0000,1.799687
FILLER_120_116,VPWR,li1,61.6400,340.0000,1.799710
FILLER_120_104,VPWR,li1,56.1200,340.0000,1.799737
FILLER_120_92,VPWR,li1,50.6000,340.0000,1.799772
FILLER_120_83,VPWR,li1,43.9300,340.0000,1.799811
FILLER_120_77,VPWR,li1,42.3200,340.0000,1.799811
FILLER_120_65,VPWR,li1,38.1800,340.0000,1.799836
FILLER_120_53,VPWR,li1,32.6600,340.0000,1.799869
FILLER_120_41,VPWR,li1,27.1400,340.0000,1.799907
FILLER_120_29,VPWR,li1,21.6200,340.0000,1.799940
FILLER_120_27,VPWR,li1,18.1700,340.0000,1.799940
FILLER_120_15,VPWR,li1,15.1800,340.0000,1.799940
FILLER_120_3,VPWR,li1,9.6600,340.0000,1.799940
FILLER_119_821,VPWR,li1,383.8700,334.5600,1.799883
FILLER_119_809,VPWR,li1,380.4200,334.5600,1.799883
FILLER_119_797,VPWR,li1,374.9000,334.5600,1.799883
FILLER_119_785,VPWR,li1,369.3800,334.5600,1.799883
FILLER_119_783,VPWR,li1,365.9300,334.5600,1.799883
FILLER_119_775,VPWR,li1,363.8600,334.5600,1.799883
FILLER_119_763,VPWR,li1,359.2600,334.5600,1.799884
FILLER_119_758,VPWR,li1,354.4300,334.5600,1.799886
FILLER_119_754,VPWR,li1,353.2800,334.5600,1.799888
FILLER_119_735,VPWR,li1,346.3800,334.5600,1.799895
FILLER_119_723,VPWR,li1,338.3300,334.5600,1.799909
FILLER_119_703,VPWR,li1,329.1300,334.5600,1.799923
FILLER_119_697,VPWR,li1,327.5200,334.5600,1.799908
FILLER_119_685,VPWR,li1,323.3800,334.5600,1.799892
FILLER_119_673,VPWR,li1,315.3300,334.5600,1.799840
FILLER_119_668,VPWR,li1,313.7200,334.5600,1.799840
FILLER_119_661,VPWR,li1,310.2700,334.5600,1.799815
FILLER_119_653,VPWR,li1,307.7400,334.5600,1.799802
FILLER_119_647,VPWR,li1,303.3700,334.5600,1.799787
FILLER_119_641,VPWR,li1,301.7600,334.5600,1.799778
FILLER_119_629,VPWR,li1,297.6200,334.5600,1.799760
FILLER_119_617,VPWR,li1,292.1000,334.5600,1.799731
FILLER_119_612,VPWR,li1,287.9600,334.5600,1.799707
FILLER_119_600,VPWR,li1,284.2800,334.5600,1.799696
FILLER_119_593,VPWR,li1,278.7600,334.5600,1.799671
FILLER_119_585,VPWR,li1,276.4600,334.5600,1.799657
FILLER_119_573,VPWR,li1,271.8600,334.5600,1.799635
FILLER_119_561,VPWR,li1,266.3400,334.5600,1.799616
FILLER_119_559,VPWR,li1,262.8900,334.5600,1.799599
FILLER_119_555,VPWR,li1,261.7400,334.5600,1.799599
FILLER_119_543,VPWR,li1,258.0600,334.5600,1.799585
FILLER_119_527,VPWR,li1,248.8600,334.5600,1.799544
FILLER_119_515,VPWR,li1,245.1800,334.5600,1.799534
FILLER_119_505,VPWR,li1,238.7400,334.5600,1.799514
FILLER_119_498,VPWR,li1,235.9800,334.5600,1.799505
FILLER_119_469,VPWR,li1,221.4900,334.5600,1.799462
FILLER_119_436,VPWR,li1,207.4600,334.5600,1.799501
FILLER_119_429,VPWR,li1,203.0900,334.5600,1.799540
FILLER_119_423,VPWR,li1,201.4800,334.5600,1.799540
FILLER_119_411,VPWR,li1,197.3400,334.5600,1.799585
FILLER_119_393,VPWR,li1,188.1400,334.5600,1.799645
FILLER_119_390,VPWR,li1,185.3800,334.5600,1.799667
FILLER_119_382,VPWR,li1,183.0800,334.5600,1.799698
FILLER_119_368,VPWR,li1,176.6400,334.5600,1.799806
FILLER_119_356,VPWR,li1,172.0400,334.5600,1.799794
FILLER_119_341,VPWR,li1,162.6100,334.5600,1.799762
FILLER_119_337,VPWR,li1,161.4600,334.5600,1.799762
FILLER_119_334,VPWR,li1,159.6200,334.5600,1.799757
FILLER_119_326,VPWR,li1,157.3200,334.5600,1.799748
FILLER_119_312,VPWR,li1,150.4200,334.5600,1.799740
FILLER_119_305,VPWR,li1,146.0500,334.5600,1.799738
FILLER_119_297,VPWR,li1,143.9800,334.5600,1.799738
FILLER_119_281,VPWR,li1,135.7000,334.5600,1.799735
FILLER_119_279,VPWR,li1,134.0900,334.5600,1.799735
FILLER_119_273,VPWR,li1,132.4800,334.5600,1.799734
FILLER_119_261,VPWR,li1,128.3400,334.5600,1.799735
FILLER_119_256,VPWR,li1,123.5100,334.5600,1.799735
FILLER_119_244,VPWR,li1,120.5200,334.5600,1.799735
FILLER_119_231,VPWR,li1,112.0100,334.5600,1.799737
FILLER_119_225,VPWR,li1,110.4000,334.5600,1.799738
FILLER_119_218,VPWR,li1,107.1800,334.5600,1.799739
FILLER_119_206,VPWR,li1,103.0400,334.5600,1.799743
FILLER_119_194,VPWR,li1,97.5200,334.5600,1.799746
FILLER_119_181,VPWR,li1,90.1600,334.5600,1.799753
FILLER_119_169,VPWR,li1,86.0200,334.5600,1.799758
FILLER_119_167,VPWR,li1,82.5700,334.5600,1.799764
FILLER_119_163,VPWR,li1,81.4200,334.5600,1.799764
FILLER_119_151,VPWR,li1,77.7400,334.5600,1.799772
FILLER_119_138,VPWR,li1,70.3800,334.5600,1.799781
FILLER_119_111,VPWR,li1,56.8100,334.5600,1.799819
FILLER_119_105,VPWR,li1,55.2000,334.5600,1.799819
FILLER_119_93,VPWR,li1,51.0600,334.5600,1.799839
FILLER_119_81,VPWR,li1,45.5400,334.5600,1.799859
FILLER_119_69,VPWR,li1,40.0200,334.5600,1.799877
FILLER_119_57,VPWR,li1,34.5000,334.5600,1.799900
FILLER_119_55,VPWR,li1,31.0500,334.5600,1.799920
FILLER_119_51,VPWR,li1,29.9000,334.5600,1.799920
FILLER_119_39,VPWR,li1,26.2200,334.5600,1.799935
FILLER_119_27,VPWR,li1,20.7000,334.5600,1.799958
FILLER_119_15,VPWR,li1,15.1800,334.5600,1.799958
FILLER_119_3,VPWR,li1,9.6600,334.5600,1.799958
FILLER_118_821,VPWR,li1,383.8700,334.5600,1.799883
FILLER_118_813,VPWR,li1,381.3400,334.5600,1.799883
FILLER_118_810,VPWR,li1,378.5800,334.5600,1.799883
FILLER_118_798,VPWR,li1,375.3600,334.5600,1.799883
FILLER_118_786,VPWR,li1,369.8400,334.5600,1.799883
FILLER_118_774,VPWR,li1,364.3200,334.5600,1.799883
FILLER_118_748,VPWR,li1,350.5200,334.5600,1.799889
FILLER_118_736,VPWR,li1,346.8400,334.5600,1.799895
FILLER_118_724,VPWR,li1,341.3200,334.5600,1.799902
FILLER_118_712,VPWR,li1,335.8000,334.5600,1.799913
FILLER_118_701,VPWR,li1,328.6700,334.5600,1.799923
FILLER_118_694,VPWR,li1,326.1400,334.5600,1.799908
FILLER_118_662,VPWR,li1,310.5000,334.5600,1.799815
FILLER_118_656,VPWR,li1,307.5100,334.5600,1.799802
FILLER_118_652,VPWR,li1,306.3600,334.5600,1.799802
FILLER_118_643,VPWR,li1,301.5300,334.5600,1.799778
FILLER_118_631,VPWR,li1,298.5400,334.5600,1.799760
FILLER_118_610,VPWR,li1,286.5800,334.5600,1.799707
FILLER_118_589,VPWR,li1,276.6900,334.5600,1.799657
FILLER_118_586,VPWR,li1,275.5400,334.5600,1.799657
FILLER_118_572,VPWR,li1,268.8700,334.5600,1.799624
FILLER_118_551,VPWR,li1,261.7400,334.5600,1.799599
FILLER_118_537,VPWR,li1,253.4600,334.5600,1.799560
FILLER_118_533,VPWR,li1,250.9300,334.5600,1.799553
FILLER_118_531,VPWR,li1,250.0100,334.5600,1.799553
FILLER_118_522,VPWR,li1,246.1000,334.5600,1.799534
FILLER_118_504,VPWR,li1,238.7400,334.5600,1.799514
FILLER_118_492,VPWR,li1,234.6000,334.5600,1.799495
FILLER_118_486,VPWR,li1,229.3100,334.5600,1.799480
FILLER_118_482,VPWR,li1,228.1600,334.5600,1.799480
FILLER_118_455,VPWR,li1,215.7400,334.5600,1.799447
FILLER_118_443,VPWR,li1,212.0600,334.5600,1.799463
FILLER_118_431,VPWR,li1,206.5400,334.5600,1.799501
FILLER_118_421,VPWR,li1,199.8700,334.5600,1.799563
FILLER_118_419,VPWR,li1,198.4900,334.5600,1.799563
FILLER_118_411,VPWR,li1,196.4200,334.5600,1.799585
FILLER_118_399,VPWR,li1,191.8200,334.5600,1.799618
FILLER_118_365,VPWR,li1,173.6500,334.5600,1.799794
FILLER_118_362,VPWR,li1,172.5000,334.5600,1.799794
FILLER_118_354,VPWR,li1,170.2000,334.5600,1.799788
FILLER_118_341,VPWR,li1,162.6100,334.5600,1.799762
FILLER_118_333,VPWR,li1,160.5400,334.5600,1.799757
FILLER_118_321,VPWR,li1,155.9400,334.5600,1.799748
FILLER_118_309,VPWR,li1,150.4200,334.5600,1.799740
FILLER_118_307,VPWR,li1,146.9700,334.5600,1.799738
FILLER_118_303,VPWR,li1,145.8200,334.5600,1.799738
FILLER_118_291,VPWR,li1,142.1400,334.5600,1.799736
FILLER_118_285,VPWR,li1,136.8500,334.5600,1.799735
FILLER_118_279,VPWR,li1,135.2400,334.5600,1.799735
FILLER_118_265,VPWR,li1,128.1100,334.5600,1.799735
FILLER_118_253,VPWR,li1,124.6600,334.5600,1.799735
FILLER_118_250,VPWR,li1,120.9800,334.5600,1.799735
FILLER_118_238,VPWR,li1,117.7600,334.5600,1.799736
FILLER_118_230,VPWR,li1,112.0100,334.5600,1.799737
FILLER_118_211,VPWR,li1,102.8100,334.5600,1.799743
FILLER_118_197,VPWR,li1,96.8300,334.5600,1.799748
FILLER_118_195,VPWR,li1,95.4500,334.5600,1.799748
FILLER_118_191,VPWR,li1,94.3000,334.5600,1.799750
FILLER_118_174,VPWR,li1,86.0200,334.5600,1.799758
FILLER_118_153,VPWR,li1,76.1300,334.5600,1.799772
FILLER_118_121,VPWR,li1,63.9400,334.5600,1.799793
FILLER_118_109,VPWR,li1,58.4200,334.5600,1.799811
FILLER_118_97,VPWR,li1,52.9000,334.5600,1.799827
FILLER_118_85,VPWR,li1,45.0800,334.5600,1.799859
FILLER_118_83,VPWR,li1,43.9300,334.5600,1.799868
FILLER_118_77,VPWR,li1,42.3200,334.5600,1.799868
FILLER_118_65,VPWR,li1,38.1800,334.5600,1.799885
FILLER_118_53,VPWR,li1,32.6600,334.5600,1.799908
FILLER_118_41,VPWR,li1,27.1400,334.5600,1.799935
FILLER_118_29,VPWR,li1,21.6200,334.5600,1.799958
FILLER_118_27,VPWR,li1,18.1700,334.5600,1.799958
FILLER_118_15,VPWR,li1,15.1800,334.5600,1.799958
FILLER_118_3,VPWR,li1,9.6600,334.5600,1.799958
FILLER_117_818,VPWR,li1,382.2600,329.1200,1.799703
FILLER_117_806,VPWR,li1,379.0400,329.1200,1.799706
FILLER_117_785,VPWR,li1,366.8500,329.1200,1.799726
FILLER_117_783,VPWR,li1,365.9300,329.1200,1.799731
FILLER_117_762,VPWR,li1,356.9600,329.1200,1.799757
FILLER_117_754,VPWR,li1,353.2800,329.1200,1.799773
FILLER_117_743,VPWR,li1,349.1400,329.1200,1.799790
FILLER_117_729,VPWR,li1,341.3200,329.1200,1.799822
FILLER_117_720,VPWR,li1,338.5600,329.1200,1.799831
FILLER_117_708,VPWR,li1,333.9600,329.1200,1.799854
FILLER_117_704,VPWR,li1,329.5900,329.1200,1.799877
FILLER_117_700,VPWR,li1,328.4400,329.1200,1.799863
FILLER_117_692,VPWR,li1,324.0700,329.1200,1.799833
FILLER_117_688,VPWR,li1,322.9200,329.1200,1.799833
FILLER_117_676,VPWR,li1,319.2400,329.1200,1.799807
FILLER_117_664,VPWR,li1,311.6500,329.1200,1.799752
FILLER_117_656,VPWR,li1,309.1200,329.1200,1.799735
FILLER_117_644,VPWR,li1,304.5200,329.1200,1.799698
FILLER_117_617,VPWR,li1,289.5700,329.1200,1.799606
FILLER_117_612,VPWR,li1,287.2700,329.1200,1.799595
FILLER_117_588,VPWR,li1,277.8400,329.1200,1.799539
FILLER_117_584,VPWR,li1,274.3900,329.1200,1.799512
FILLER_117_558,VPWR,li1,262.6600,329.1200,1.799456
FILLER_117_534,VPWR,li1,251.3900,329.1200,1.799462
FILLER_117_515,VPWR,li1,242.6500,329.1200,1.799481
FILLER_117_497,VPWR,li1,235.0600,329.1200,1.799500
FILLER_117_485,VPWR,li1,231.3800,329.1200,1.799509
FILLER_117_473,VPWR,li1,225.8600,329.1200,1.799534
FILLER_117_461,VPWR,li1,220.3400,329.1200,1.799562
FILLER_117_449,VPWR,li1,214.8200,329.1200,1.799595
FILLER_117_446,VPWR,li1,211.1400,329.1200,1.799611
FILLER_117_438,VPWR,li1,208.8400,329.1200,1.799626
FILLER_117_410,VPWR,li1,195.5000,329.1200,1.799714
FILLER_117_398,VPWR,li1,191.3600,329.1200,1.799748
FILLER_117_386,VPWR,li1,184.4600,329.1200,1.799790
FILLER_117_369,VPWR,li1,175.9500,329.1200,1.799876
FILLER_117_357,VPWR,li1,172.5000,329.1200,1.799868
FILLER_117_348,VPWR,li1,166.9800,329.1200,1.799856
FILLER_117_334,VPWR,li1,159.6200,329.1200,1.799842
FILLER_117_314,VPWR,li1,150.4200,329.1200,1.799829
FILLER_117_308,VPWR,li1,147.6600,329.1200,1.799826
FILLER_117_296,VPWR,li1,144.4400,329.1200,1.799821
FILLER_117_281,VPWR,li1,135.7000,329.1200,1.799814
FILLER_117_277,VPWR,li1,133.6300,329.1200,1.799812
FILLER_117_260,VPWR,li1,126.0400,329.1200,1.799806
FILLER_117_239,VPWR,li1,116.1500,329.1200,1.799800
FILLER_117_231,VPWR,li1,113.6200,329.1200,1.799800
FILLER_117_216,VPWR,li1,106.7200,329.1200,1.799796
FILLER_117_199,VPWR,li1,97.7500,329.1200,1.799795
FILLER_117_187,VPWR,li1,94.3000,329.1200,1.799794
FILLER_117_178,VPWR,li1,88.3200,329.1200,1.799793
FILLER_117_165,VPWR,li1,82.1100,329.1200,1.799794
FILLER_117_157,VPWR,li1,78.4300,329.1200,1.799794
FILLER_117_149,VPWR,li1,75.9000,329.1200,1.799795
FILLER_117_141,VPWR,li1,70.6100,329.1200,1.799798
FILLER_117_121,VPWR,li1,63.0200,329.1200,1.799806
FILLER_117_110,VPWR,li1,56.5800,329.1200,1.799820
FILLER_117_102,VPWR,li1,54.2800,329.1200,1.799828
FILLER_117_75,VPWR,li1,40.2500,329.1200,1.799878
FILLER_117_69,VPWR,li1,38.6400,329.1200,1.799886
FILLER_117_57,VPWR,li1,34.5000,329.1200,1.799902
FILLER_117_55,VPWR,li1,31.0500,329.1200,1.799921
FILLER_117_51,VPWR,li1,29.9000,329.1200,1.799921
FILLER_117_39,VPWR,li1,26.2200,329.1200,1.799936
FILLER_117_27,VPWR,li1,20.7000,329.1200,1.799959
FILLER_117_15,VPWR,li1,15.1800,329.1200,1.799959
FILLER_117_3,VPWR,li1,9.6600,329.1200,1.799959
FILLER_116_819,VPWR,li1,382.4900,329.1200,1.799703
FILLER_116_813,VPWR,li1,380.8800,329.1200,1.799703
FILLER_116_809,VPWR,li1,378.3500,329.1200,1.799706
FILLER_116_781,VPWR,li1,366.6200,329.1200,1.799731
FILLER_116_773,VPWR,li1,361.3300,329.1200,1.799742
FILLER_116_769,VPWR,li1,360.1800,329.1200,1.799749
FILLER_116_757,VPWR,li1,356.5000,329.1200,1.799764
FILLER_116_753,VPWR,li1,352.5900,329.1200,1.799773
FILLER_116_741,VPWR,li1,346.6100,329.1200,1.799803
FILLER_116_735,VPWR,li1,345.0000,329.1200,1.799803
FILLER_116_727,VPWR,li1,340.6300,329.1200,1.799822
FILLER_116_717,VPWR,li1,335.5700,329.1200,1.799854
FILLER_116_711,VPWR,li1,333.9600,329.1200,1.799854
FILLER_116_698,VPWR,li1,327.0600,329.1200,1.799863
FILLER_116_690,VPWR,li1,323.1500,329.1200,1.799833
FILLER_116_682,VPWR,li1,321.0800,329.1200,1.799820
FILLER_116_670,VPWR,li1,316.4800,329.1200,1.799782
FILLER_116_657,VPWR,li1,309.1200,329.1200,1.799735
FILLER_116_643,VPWR,li1,301.5300,329.1200,1.799684
FILLER_116_633,VPWR,li1,297.3900,329.1200,1.799658
FILLER_116_625,VPWR,li1,294.8600,329.1200,1.799642
FILLER_116_613,VPWR,li1,290.2600,329.1200,1.799606
FILLER_116_601,VPWR,li1,284.7400,329.1200,1.799579
FILLER_116_589,VPWR,li1,279.2200,329.1200,1.799539
FILLER_116_587,VPWR,li1,275.7700,329.1200,1.799524
FILLER_116_575,VPWR,li1,272.7800,329.1200,1.799500
FILLER_116_567,VPWR,li1,266.5700,329.1200,1.799466
FILLER_116_559,VPWR,li1,264.5000,329.1200,1.799461
FILLER_116_540,VPWR,li1,255.7600,329.1200,1.799454
FILLER_116_530,VPWR,li1,249.7800,329.1200,1.799466
FILLER_116_518,VPWR,li1,246.5600,329.1200,1.799471
FILLER_116_502,VPWR,li1,236.9000,329.1200,1.799494
FILLER_116_494,VPWR,li1,234.6000,329.1200,1.799500
FILLER_116_477,VPWR,li1,225.6300,329.1200,1.799534
FILLER_116_468,VPWR,li1,221.0300,329.1200,1.799552
FILLER_116_460,VPWR,li1,217.3500,329.1200,1.799580
FILLER_116_456,VPWR,li1,216.2000,329.1200,1.799580
FILLER_116_445,VPWR,li1,211.1400,329.1200,1.799611
FILLER_116_433,VPWR,li1,207.4600,329.1200,1.799646
FILLER_116_424,VPWR,li1,201.2500,329.1200,1.799685
FILLER_116_419,VPWR,li1,198.4900,329.1200,1.799698
FILLER_116_405,VPWR,li1,193.6600,329.1200,1.799726
FILLER_116_389,VPWR,li1,185.1500,329.1200,1.799790
FILLER_116_377,VPWR,li1,181.7000,329.1200,1.799813
FILLER_116_353,VPWR,li1,168.8200,329.1200,1.799862
FILLER_116_348,VPWR,li1,165.8300,329.1200,1.799856
FILLER_116_340,VPWR,li1,163.7600,329.1200,1.799852
FILLER_116_332,VPWR,li1,158.4700,329.1200,1.799842
FILLER_116_321,VPWR,li1,154.1000,329.1200,1.799832
FILLER_116_307,VPWR,li1,146.9700,329.1200,1.799824
FILLER_116_303,VPWR,li1,145.8200,329.1200,1.799824
FILLER_116_295,VPWR,li1,141.4500,329.1200,1.799819
FILLER_116_287,VPWR,li1,137.7700,329.1200,1.799816
FILLER_116_283,VPWR,li1,136.6200,329.1200,1.799814
FILLER_116_271,VPWR,li1,132.9400,329.1200,1.799810
FILLER_116_259,VPWR,li1,127.4200,329.1200,1.799806
FILLER_116_243,VPWR,li1,117.7600,329.1200,1.799801
FILLER_116_235,VPWR,li1,115.4600,329.1200,1.799800
FILLER_116_223,VPWR,li1,110.8600,329.1200,1.799799
FILLER_116_211,VPWR,li1,105.3400,329.1200,1.799796
FILLER_116_197,VPWR,li1,97.9800,329.1200,1.799795
FILLER_116_195,VPWR,li1,95.4500,329.1200,1.799794
FILLER_116_191,VPWR,li1,94.3000,329.1200,1.799794
FILLER_116_163,VPWR,li1,80.7300,329.1200,1.799794
FILLER_116_153,VPWR,li1,77.2800,329.1200,1.799795
FILLER_116_141,VPWR,li1,73.1400,329.1200,1.799797
FILLER_116_139,VPWR,li1,69.6900,329.1200,1.799799
FILLER_116_135,VPWR,li1,68.5400,329.1200,1.799799
FILLER_116_123,VPWR,li1,64.8600,329.1200,1.799802
FILLER_116_101,VPWR,li1,52.2100,329.1200,1.799838
FILLER_116_97,VPWR,li1,51.0600,329.1200,1.799838
FILLER_116_83,VPWR,li1,43.9300,329.1200,1.799870
FILLER_116_77,VPWR,li1,42.3200,329.1200,1.799870
FILLER_116_65,VPWR,li1,38.1800,329.1200,1.799886
FILLER_116_53,VPWR,li1,32.6600,329.1200,1.799909
FILLER_116_41,VPWR,li1,27.1400,329.1200,1.799936
FILLER_116_29,VPWR,li1,21.6200,329.1200,1.799959
FILLER_116_27,VPWR,li1,18.1700,329.1200,1.799959
FILLER_116_15,VPWR,li1,15.1800,329.1200,1.799959
FILLER_116_3,VPWR,li1,9.6600,329.1200,1.799959
FILLER_115_821,VPWR,li1,383.8700,323.6800,1.799823
FILLER_115_809,VPWR,li1,380.4200,323.6800,1.799824
FILLER_115_797,VPWR,li1,374.9000,323.6800,1.799825
FILLER_115_785,VPWR,li1,369.3800,323.6800,1.799826
FILLER_115_781,VPWR,li1,365.4700,323.6800,1.799827
FILLER_115_773,VPWR,li1,362.9400,323.6800,1.799830
FILLER_115_756,VPWR,li1,356.0400,323.6800,1.799836
FILLER_115_735,VPWR,li1,343.8500,323.6800,1.799850
FILLER_115_729,VPWR,li1,342.2400,323.6800,1.799853
FILLER_115_724,VPWR,li1,339.4800,323.6800,1.799855
FILLER_115_712,VPWR,li1,335.8000,323.6800,1.799860
FILLER_115_701,VPWR,li1,328.9000,323.6800,1.799852
FILLER_115_697,VPWR,li1,326.3700,323.6800,1.799831
FILLER_115_688,VPWR,li1,323.3800,323.6800,1.799812
FILLER_115_666,VPWR,li1,313.2600,323.6800,1.799719
FILLER_115_647,VPWR,li1,303.8300,323.6800,1.799656
FILLER_115_629,VPWR,li1,297.6200,323.6800,1.799630
FILLER_115_617,VPWR,li1,292.1000,323.6800,1.799604
FILLER_115_608,VPWR,li1,287.0400,323.6800,1.799588
FILLER_115_589,VPWR,li1,276.6900,323.6800,1.799565
FILLER_115_585,VPWR,li1,275.5400,323.6800,1.799562
FILLER_115_573,VPWR,li1,271.8600,323.6800,1.799558
FILLER_115_561,VPWR,li1,266.3400,323.6800,1.799550
FILLER_115_559,VPWR,li1,262.8900,323.6800,1.799545
FILLER_115_547,VPWR,li1,259.9000,323.6800,1.799539
FILLER_115_535,VPWR,li1,254.3800,323.6800,1.799532
FILLER_115_528,VPWR,li1,249.0900,323.6800,1.799524
FILLER_115_516,VPWR,li1,245.6400,323.6800,1.799522
FILLER_115_503,VPWR,li1,237.1300,323.6800,1.799512
FILLER_115_499,VPWR,li1,235.9800,323.6800,1.799512
FILLER_115_487,VPWR,li1,232.3000,323.6800,1.799509
FILLER_115_476,VPWR,li1,225.1700,323.6800,1.799506
FILLER_115_469,VPWR,li1,221.4900,323.6800,1.799509
FILLER_115_462,VPWR,li1,218.2700,323.6800,1.799513
FILLER_115_456,VPWR,li1,216.6600,323.6800,1.799513
FILLER_115_430,VPWR,li1,204.7000,323.6800,1.799564
FILLER_115_425,VPWR,li1,201.2500,323.6800,1.799602
FILLER_115_419,VPWR,li1,199.6400,323.6800,1.799602
FILLER_115_407,VPWR,li1,195.5000,323.6800,1.799647
FILLER_115_391,VPWR,li1,185.6100,323.6800,1.799737
FILLER_115_385,VPWR,li1,184.0000,323.6800,1.799737
FILLER_115_373,VPWR,li1,179.8600,323.6800,1.799776
FILLER_115_365,VPWR,li1,173.6500,323.6800,1.799823
FILLER_115_361,VPWR,li1,172.5000,323.6800,1.799823
FILLER_115_341,VPWR,li1,162.6100,323.6800,1.799782
FILLER_115_337,VPWR,li1,161.4600,323.6800,1.799782
FILLER_115_333,VPWR,li1,159.3900,323.6800,1.799772
FILLER_115_326,VPWR,li1,155.7100,323.6800,1.799762
FILLER_115_320,VPWR,li1,154.1000,323.6800,1.799752
FILLER_115_308,VPWR,li1,149.9600,323.6800,1.799750
FILLER_115_296,VPWR,li1,144.4400,323.6800,1.799750
FILLER_115_289,VPWR,li1,138.6900,323.6800,1.799750
FILLER_115_281,VPWR,li1,136.6200,323.6800,1.799750
FILLER_115_279,VPWR,li1,134.0900,323.6800,1.799751
FILLER_115_275,VPWR,li1,132.9400,323.6800,1.799751
FILLER_115_265,VPWR,li1,127.6500,323.6800,1.799752
FILLER_115_261,VPWR,li1,126.5000,323.6800,1.799752
FILLER_115_249,VPWR,li1,122.8200,323.6800,1.799754
FILLER_115_237,VPWR,li1,117.3000,323.6800,1.799757
FILLER_115_225,VPWR,li1,111.7800,323.6800,1.799760
FILLER_115_216,VPWR,li1,106.7200,323.6800,1.799765
FILLER_115_208,VPWR,li1,101.4300,323.6800,1.799769
FILLER_115_204,VPWR,li1,100.2800,323.6800,1.799772
FILLER_115_192,VPWR,li1,96.6000,323.6800,1.799774
FILLER_115_180,VPWR,li1,91.0800,323.6800,1.799780
FILLER_115_169,VPWR,li1,84.1800,323.6800,1.799790
FILLER_115_152,VPWR,li1,75.9000,323.6800,1.799805
FILLER_115_144,VPWR,li1,73.6000,323.6800,1.799811
FILLER_115_132,VPWR,li1,69.0000,323.6800,1.799818
FILLER_115_120,VPWR,li1,63.4800,323.6800,1.799833
FILLER_115_111,VPWR,li1,56.8100,323.6800,1.799848
FILLER_115_93,VPWR,li1,51.0600,323.6800,1.799867
FILLER_115_81,VPWR,li1,45.5400,323.6800,1.799888
FILLER_115_69,VPWR,li1,40.0200,323.6800,1.799902
FILLER_115_57,VPWR,li1,34.5000,323.6800,1.799920
FILLER_115_55,VPWR,li1,31.0500,323.6800,1.799935
FILLER_115_51,VPWR,li1,29.9000,323.6800,1.799935
FILLER_115_39,VPWR,li1,26.2200,323.6800,1.799948
FILLER_115_27,VPWR,li1,20.7000,323.6800,1.799966
FILLER_115_15,VPWR,li1,15.1800,323.6800,1.799965
FILLER_115_3,VPWR,li1,9.6600,323.6800,1.799965
FILLER_114_819,VPWR,li1,382.4900,323.6800,1.799823
FILLER_114_813,VPWR,li1,380.8800,323.6800,1.799824
FILLER_114_806,VPWR,li1,377.6600,323.6800,1.799824
FILLER_114_794,VPWR,li1,373.5200,323.6800,1.799825
FILLER_114_773,VPWR,li1,361.3300,323.6800,1.799832
FILLER_114_769,VPWR,li1,360.1800,323.6800,1.799832
FILLER_114_757,VPWR,li1,356.5000,323.6800,1.799836
FILLER_114_754,VPWR,li1,352.8200,323.6800,1.799839
FILLER_114_740,VPWR,li1,347.3000,323.6800,1.799845
FILLER_114_728,VPWR,li1,343.1600,323.6800,1.799850
FILLER_114_720,VPWR,li1,336.9500,323.6800,1.799860
FILLER_114_714,VPWR,li1,335.3400,323.6800,1.799860
FILLER_114_694,VPWR,li1,325.2200,323.6800,1.799831
FILLER_114_673,VPWR,li1,315.3300,323.6800,1.799734
FILLER_114_654,VPWR,li1,306.8200,323.6800,1.799666
FILLER_114_641,VPWR,li1,301.0700,323.6800,1.799646
FILLER_114_629,VPWR,li1,297.6200,323.6800,1.799630
FILLER_114_608,VPWR,li1,285.8900,323.6800,1.799582
FILLER_114_596,VPWR,li1,282.4400,323.6800,1.799577
FILLER_114_581,VPWR,li1,273.0100,323.6800,1.799558
FILLER_114_569,VPWR,li1,270.0200,323.6800,1.799555
FILLER_114_557,VPWR,li1,264.5000,323.6800,1.799545
FILLER_114_545,VPWR,li1,258.9800,323.6800,1.799539
FILLER_114_530,VPWR,li1,249.7800,323.6800,1.799526
FILLER_114_522,VPWR,li1,245.8700,323.6800,1.799522
FILLER_114_510,VPWR,li1,242.8800,323.6800,1.799518
FILLER_114_491,VPWR,li1,232.0700,323.6800,1.799509
FILLER_114_485,VPWR,li1,229.3100,323.6800,1.799507
FILLER_114_477,VPWR,li1,226.7800,323.6800,1.799505
FILLER_114_468,VPWR,li1,222.6400,323.6800,1.799507
FILLER_114_456,VPWR,li1,218.0400,323.6800,1.799513
FILLER_114_438,VPWR,li1,207.6900,323.6800,1.799547
FILLER_114_428,VPWR,li1,203.0900,323.6800,1.799581
FILLER_114_406,VPWR,li1,194.1200,323.6800,1.799647
FILLER_114_398,VPWR,li1,188.8300,323.6800,1.799701
FILLER_114_373,VPWR,li1,177.3300,323.6800,1.799808
FILLER_114_365,VPWR,li1,175.2600,323.6800,1.799834
FILLER_114_363,VPWR,li1,172.7300,323.6800,1.799823
FILLER_114_357,VPWR,li1,171.1200,323.6800,1.799813
FILLER_114_345,VPWR,li1,166.9800,323.6800,1.799802
FILLER_114_339,VPWR,li1,161.9200,323.6800,1.799782
FILLER_114_327,VPWR,li1,158.7000,323.6800,1.799772
FILLER_114_305,VPWR,li1,146.5100,323.6800,1.799750
FILLER_114_295,VPWR,li1,141.9100,323.6800,1.799750
FILLER_114_283,VPWR,li1,138.4600,323.6800,1.799750
FILLER_114_253,VPWR,li1,122.5900,323.6800,1.799754
FILLER_114_251,VPWR,li1,121.2100,323.6800,1.799755
FILLER_114_247,VPWR,li1,120.0600,323.6800,1.799755
FILLER_114_229,VPWR,li1,111.0900,323.6800,1.799760
FILLER_114_201,VPWR,li1,98.2100,323.6800,1.799774
FILLER_114_197,VPWR,li1,97.0600,323.6800,1.799774
FILLER_114_192,VPWR,li1,94.7600,323.6800,1.799776
FILLER_114_180,VPWR,li1,91.0800,323.6800,1.799780
FILLER_114_138,VPWR,li1,69.4600,323.6800,1.799818
FILLER_114_130,VPWR,li1,67.1600,323.6800,1.799823
FILLER_114_118,VPWR,li1,62.5600,323.6800,1.799833
FILLER_114_104,VPWR,li1,54.7400,323.6800,1.799854
FILLER_114_92,VPWR,li1,50.6000,323.6800,1.799867
FILLER_114_85,VPWR,li1,45.0800,323.6800,1.799888
FILLER_114_83,VPWR,li1,43.9300,323.6800,1.799894
FILLER_114_77,VPWR,li1,42.3200,323.6800,1.799894
FILLER_114_65,VPWR,li1,38.1800,323.6800,1.799908
FILLER_114_53,VPWR,li1,32.6600,323.6800,1.799926
FILLER_114_41,VPWR,li1,27.1400,323.6800,1.799948
FILLER_114_29,VPWR,li1,21.6200,323.6800,1.799966
FILLER_114_27,VPWR,li1,18.1700,323.6800,1.799966
FILLER_114_19,VPWR,li1,16.1000,323.6800,1.799965
FILLER_114_7,VPWR,li1,11.5000,323.6800,1.799965
FILLER_113_821,VPWR,li1,383.8700,318.2400,1.799893
FILLER_113_809,VPWR,li1,380.4200,318.2400,1.799893
FILLER_113_797,VPWR,li1,374.9000,318.2400,1.799893
FILLER_113_785,VPWR,li1,369.3800,318.2400,1.799893
FILLER_113_783,VPWR,li1,365.9300,318.2400,1.799893
FILLER_113_775,VPWR,li1,363.8600,318.2400,1.799893
FILLER_113_763,VPWR,li1,359.2600,318.2400,1.799893
FILLER_113_751,VPWR,li1,353.7400,318.2400,1.799893
FILLER_113_739,VPWR,li1,348.2200,318.2400,1.799893
FILLER_113_714,VPWR,li1,334.8800,318.2400,1.799899
FILLER_113_680,VPWR,li1,318.5500,318.2400,1.799829
FILLER_113_663,VPWR,li1,310.9600,318.2400,1.799774
FILLER_113_650,VPWR,li1,304.7500,318.2400,1.799750
FILLER_113_638,VPWR,li1,301.7600,318.2400,1.799736
FILLER_113_626,VPWR,li1,296.2400,318.2400,1.799712
FILLER_113_617,VPWR,li1,290.2600,318.2400,1.799686
FILLER_113_612,VPWR,li1,287.9600,318.2400,1.799677
FILLER_113_597,VPWR,li1,281.9800,318.2400,1.799656
FILLER_113_585,VPWR,li1,277.3800,318.2400,1.799643
FILLER_113_573,VPWR,li1,271.8600,318.2400,1.799627
FILLER_113_561,VPWR,li1,266.3400,318.2400,1.799613
FILLER_113_557,VPWR,li1,262.4300,318.2400,1.799603
FILLER_113_544,VPWR,li1,255.9900,318.2400,1.799597
FILLER_113_538,VPWR,li1,254.3800,318.2400,1.799597
FILLER_113_527,VPWR,li1,248.4000,318.2400,1.799600
FILLER_113_515,VPWR,li1,245.1800,318.2400,1.799601
FILLER_113_503,VPWR,li1,237.1300,318.2400,1.799608
FILLER_113_484,VPWR,li1,228.3900,318.2400,1.799614
FILLER_113_478,VPWR,li1,226.7800,318.2400,1.799615
FILLER_113_470,VPWR,li1,222.4100,318.2400,1.799626
FILLER_113_461,VPWR,li1,218.9600,318.2400,1.799640
FILLER_113_449,VPWR,li1,214.8200,318.2400,1.799652
FILLER_113_447,VPWR,li1,211.3700,318.2400,1.799667
FILLER_113_441,VPWR,li1,209.7600,318.2400,1.799667
FILLER_113_429,VPWR,li1,205.6200,318.2400,1.799695
FILLER_113_417,VPWR,li1,200.1000,318.2400,1.799725
FILLER_113_405,VPWR,li1,194.5800,318.2400,1.799751
FILLER_113_393,VPWR,li1,189.0600,318.2400,1.799784
FILLER_113_389,VPWR,li1,185.1500,318.2400,1.799807
FILLER_113_380,VPWR,li1,181.2400,318.2400,1.799830
FILLER_113_374,VPWR,li1,177.7900,318.2400,1.799851
FILLER_113_366,VPWR,li1,175.7200,318.2400,1.799875
FILLER_113_354,VPWR,li1,171.1200,318.2400,1.799847
FILLER_113_337,VPWR,li1,161.2300,318.2400,1.799799
FILLER_113_330,VPWR,li1,158.7000,318.2400,1.799784
FILLER_113_318,VPWR,li1,154.5600,318.2400,1.799761
FILLER_113_306,VPWR,li1,149.0400,318.2400,1.799737
FILLER_113_281,VPWR,li1,136.1600,318.2400,1.799705
FILLER_113_277,VPWR,li1,133.6300,318.2400,1.799698
FILLER_113_269,VPWR,li1,131.1000,318.2400,1.799692
FILLER_113_254,VPWR,li1,124.2000,318.2400,1.799686
FILLER_113_237,VPWR,li1,115.4600,318.2400,1.799681
FILLER_113_225,VPWR,li1,111.7800,318.2400,1.799681
FILLER_113_218,VPWR,li1,107.1800,318.2400,1.799681
FILLER_113_214,VPWR,li1,104.1900,318.2400,1.799681
FILLER_113_205,VPWR,li1,100.2800,318.2400,1.799681
FILLER_113_198,VPWR,li1,96.8300,318.2400,1.799683
FILLER_113_186,VPWR,li1,93.8400,318.2400,1.799684
FILLER_113_122,VPWR,li1,63.0200,318.2400,1.799747
FILLER_113_111,VPWR,li1,56.8100,318.2400,1.799774
FILLER_113_107,VPWR,li1,55.6600,318.2400,1.799774
FILLER_113_97,VPWR,li1,50.8300,318.2400,1.799794
FILLER_113_77,VPWR,li1,41.4000,318.2400,1.799839
FILLER_113_69,VPWR,li1,39.1000,318.2400,1.799856
FILLER_113_57,VPWR,li1,34.5000,318.2400,1.799875
FILLER_113_55,VPWR,li1,31.0500,318.2400,1.799899
FILLER_113_51,VPWR,li1,29.9000,318.2400,1.799899
FILLER_113_39,VPWR,li1,26.2200,318.2400,1.799918
FILLER_113_27,VPWR,li1,20.7000,318.2400,1.799947
FILLER_113_15,VPWR,li1,15.1800,318.2400,1.799947
FILLER_113_3,VPWR,li1,9.6600,318.2400,1.799947
FILLER_112_821,VPWR,li1,383.8700,318.2400,1.799893
FILLER_112_813,VPWR,li1,381.3400,318.2400,1.799893
FILLER_112_811,VPWR,li1,378.8100,318.2400,1.799893
FILLER_112_805,VPWR,li1,377.2000,318.2400,1.799893
FILLER_112_793,VPWR,li1,373.0600,318.2400,1.799893
FILLER_112_781,VPWR,li1,367.5400,318.2400,1.799893
FILLER_112_769,VPWR,li1,362.0200,318.2400,1.799893
FILLER_112_757,VPWR,li1,356.5000,318.2400,1.799893
FILLER_112_755,VPWR,li1,353.0500,318.2400,1.799893
FILLER_112_751,VPWR,li1,351.9000,318.2400,1.799893
FILLER_112_739,VPWR,li1,348.2200,318.2400,1.799893
FILLER_112_727,VPWR,li1,342.7000,318.2400,1.799893
FILLER_112_711,VPWR,li1,333.5000,318.2400,1.799899
FILLER_112_701,VPWR,li1,328.4400,318.2400,1.799887
FILLER_112_697,VPWR,li1,326.8300,318.2400,1.799887
FILLER_112_685,VPWR,li1,323.3800,318.2400,1.799862
FILLER_112_673,VPWR,li1,317.8600,318.2400,1.799817
FILLER_112_645,VPWR,li1,302.4500,318.2400,1.799736
FILLER_112_637,VPWR,li1,299.0000,318.2400,1.799724
FILLER_112_599,VPWR,li1,281.2900,318.2400,1.799651
FILLER_112_585,VPWR,li1,275.3100,318.2400,1.799637
FILLER_112_577,VPWR,li1,272.7800,318.2400,1.799627
FILLER_112_569,VPWR,li1,267.4900,318.2400,1.799613
FILLER_112_533,VPWR,li1,251.1600,318.2400,1.799599
FILLER_112_524,VPWR,li1,248.4000,318.2400,1.799600
FILLER_112_497,VPWR,li1,235.5200,318.2400,1.799608
FILLER_112_484,VPWR,li1,228.3900,318.2400,1.799614
FILLER_112_460,VPWR,li1,217.8100,318.2400,1.799640
FILLER_112_448,VPWR,li1,214.3600,318.2400,1.799652
FILLER_112_435,VPWR,li1,205.8500,318.2400,1.799695
FILLER_112_429,VPWR,li1,204.2400,318.2400,1.799695
FILLER_112_415,VPWR,li1,196.8800,318.2400,1.799738
FILLER_112_407,VPWR,li1,194.5800,318.2400,1.799751
FILLER_112_395,VPWR,li1,189.9800,318.2400,1.799784
FILLER_112_383,VPWR,li1,184.4600,318.2400,1.799818
FILLER_112_371,VPWR,li1,178.9400,318.2400,1.799851
FILLER_112_365,VPWR,li1,174.1100,318.2400,1.799875
FILLER_112_358,VPWR,li1,171.5800,318.2400,1.799860
FILLER_112_347,VPWR,li1,165.3700,318.2400,1.799823
FILLER_112_332,VPWR,li1,159.6200,318.2400,1.799784
FILLER_112_309,VPWR,li1,148.5800,318.2400,1.799737
FILLER_112_302,VPWR,li1,145.8200,318.2400,1.799729
FILLER_112_292,VPWR,li1,140.5300,318.2400,1.799717
FILLER_112_280,VPWR,li1,137.0800,318.2400,1.799705
FILLER_112_265,VPWR,li1,127.8800,318.2400,1.799689
FILLER_112_253,VPWR,li1,124.6600,318.2400,1.799686
FILLER_112_250,VPWR,li1,120.9800,318.2400,1.799683
FILLER_112_242,VPWR,li1,117.3000,318.2400,1.799681
FILLER_112_231,VPWR,li1,113.1600,318.2400,1.799681
FILLER_112_219,VPWR,li1,109.0200,318.2400,1.799681
FILLER_112_207,VPWR,li1,103.5000,318.2400,1.799681
FILLER_112_197,VPWR,li1,96.3700,318.2400,1.799683
FILLER_112_184,VPWR,li1,90.6200,318.2400,1.799687
FILLER_112_155,VPWR,li1,77.0500,318.2400,1.799702
FILLER_112_139,VPWR,li1,69.6900,318.2400,1.799724
FILLER_112_135,VPWR,li1,68.5400,318.2400,1.799724
FILLER_112_126,VPWR,li1,63.9400,318.2400,1.799747
FILLER_112_101,VPWR,li1,54.7400,318.2400,1.799784
FILLER_112_65,VPWR,li1,38.1800,318.2400,1.799856
FILLER_112_53,VPWR,li1,32.6600,318.2400,1.799885
FILLER_112_41,VPWR,li1,27.1400,318.2400,1.799918
FILLER_112_29,VPWR,li1,21.6200,318.2400,1.799947
FILLER_112_26,VPWR,li1,17.9400,318.2400,1.799947
FILLER_112_18,VPWR,li1,15.6400,318.2400,1.799947
FILLER_112_6,VPWR,li1,11.0400,318.2400,1.799947
FILLER_111_821,VPWR,li1,383.8700,312.8000,1.799935
FILLER_111_809,VPWR,li1,380.4200,312.8000,1.799935
FILLER_111_797,VPWR,li1,374.9000,312.8000,1.799935
FILLER_111_785,VPWR,li1,369.3800,312.8000,1.799935
FILLER_111_783,VPWR,li1,365.9300,312.8000,1.799935
FILLER_111_777,VPWR,li1,364.3200,312.8000,1.799935
FILLER_111_765,VPWR,li1,360.1800,312.8000,1.799935
FILLER_111_753,VPWR,li1,354.6600,312.8000,1.799935
FILLER_111_741,VPWR,li1,349.1400,312.8000,1.799935
FILLER_111_729,VPWR,li1,343.6200,312.8000,1.799935
FILLER_111_725,VPWR,li1,339.7100,312.8000,1.799935
FILLER_111_713,VPWR,li1,336.2600,312.8000,1.799937
FILLER_111_701,VPWR,li1,330.7400,312.8000,1.799939
FILLER_111_691,VPWR,li1,323.6100,312.8000,1.799910
FILLER_111_683,VPWR,li1,321.5400,312.8000,1.799900
FILLER_111_641,VPWR,li1,300.8400,312.8000,1.799818
FILLER_111_636,VPWR,li1,298.5400,312.8000,1.799812
FILLER_111_632,VPWR,li1,296.4700,312.8000,1.799806
FILLER_111_624,VPWR,li1,294.4000,312.8000,1.799796
FILLER_111_595,VPWR,li1,281.0600,312.8000,1.799768
FILLER_111_591,VPWR,li1,277.6100,312.8000,1.799760
FILLER_111_587,VPWR,li1,276.4600,312.8000,1.799760
FILLER_111_575,VPWR,li1,272.7800,312.8000,1.799754
FILLER_111_565,VPWR,li1,265.6500,312.8000,1.799745
FILLER_111_561,VPWR,li1,264.5000,312.8000,1.799743
FILLER_111_559,VPWR,li1,262.8900,312.8000,1.799743
FILLER_111_553,VPWR,li1,261.2800,312.8000,1.799740
FILLER_111_541,VPWR,li1,257.1400,312.8000,1.799737
FILLER_111_505,VPWR,li1,238.5100,312.8000,1.799725
FILLER_111_502,VPWR,li1,236.9000,312.8000,1.799725
FILLER_111_494,VPWR,li1,234.6000,312.8000,1.799725
FILLER_111_482,VPWR,li1,230.0000,312.8000,1.799724
FILLER_111_464,VPWR,li1,219.4200,312.8000,1.799727
FILLER_111_439,VPWR,li1,208.1500,312.8000,1.799748
FILLER_111_427,VPWR,li1,204.7000,312.8000,1.799753
FILLER_111_400,VPWR,li1,190.4400,312.8000,1.799800
FILLER_111_384,VPWR,li1,184.0000,312.8000,1.799829
FILLER_111_359,VPWR,li1,170.8900,312.8000,1.799852
FILLER_111_351,VPWR,li1,168.8200,312.8000,1.799841
FILLER_111_337,VPWR,li1,162.3800,312.8000,1.799808
FILLER_111_332,VPWR,li1,159.1600,312.8000,1.799787
FILLER_111_316,VPWR,li1,151.3400,312.8000,1.799752
FILLER_111_302,VPWR,li1,144.6700,312.8000,1.799718
FILLER_111_285,VPWR,li1,136.8500,312.8000,1.799696
FILLER_111_281,VPWR,li1,135.7000,312.8000,1.799690
FILLER_111_274,VPWR,li1,132.9400,312.8000,1.799684
FILLER_111_254,VPWR,li1,122.5900,312.8000,1.799664
FILLER_111_231,VPWR,li1,112.7000,312.8000,1.799667
FILLER_111_225,VPWR,li1,109.7100,312.8000,1.799669
FILLER_111_223,VPWR,li1,108.3300,312.8000,1.799670
FILLER_111_211,VPWR,li1,105.3400,312.8000,1.799671
FILLER_111_198,VPWR,li1,97.9800,312.8000,1.799681
FILLER_111_193,VPWR,li1,94.5300,312.8000,1.799687
FILLER_111_180,VPWR,li1,89.7000,312.8000,1.799699
FILLER_111_173,VPWR,li1,85.3300,312.8000,1.799710
FILLER_111_169,VPWR,li1,84.1800,312.8000,1.799716
FILLER_111_167,VPWR,li1,82.5700,312.8000,1.799722
FILLER_111_163,VPWR,li1,81.4200,312.8000,1.799722
FILLER_111_151,VPWR,li1,77.7400,312.8000,1.799730
FILLER_111_137,VPWR,li1,68.7700,312.8000,1.799761
FILLER_111_125,VPWR,li1,65.7800,312.8000,1.799769
FILLER_111_117,VPWR,li1,59.5700,312.8000,1.799796
FILLER_111_113,VPWR,li1,58.4200,312.8000,1.799804
FILLER_111_111,VPWR,li1,56.8100,312.8000,1.799812
FILLER_111_105,VPWR,li1,55.2000,312.8000,1.799812
FILLER_111_93,VPWR,li1,51.0600,312.8000,1.799830
FILLER_111_81,VPWR,li1,45.5400,312.8000,1.799859
FILLER_111_69,VPWR,li1,40.0200,312.8000,1.799878
FILLER_111_57,VPWR,li1,34.5000,312.8000,1.799901
FILLER_111_54,VPWR,li1,30.8200,312.8000,1.799917
FILLER_111_42,VPWR,li1,27.6000,312.8000,1.799933
FILLER_111_30,VPWR,li1,22.0800,312.8000,1.799957
FILLER_111_18,VPWR,li1,16.5600,312.8000,1.799956
FILLER_111_6,VPWR,li1,11.0400,312.8000,1.799956
FILLER_110_821,VPWR,li1,383.8700,312.8000,1.799935
FILLER_110_813,VPWR,li1,381.3400,312.8000,1.799935
FILLER_110_811,VPWR,li1,378.8100,312.8000,1.799935
FILLER_110_805,VPWR,li1,377.2000,312.8000,1.799935
FILLER_110_793,VPWR,li1,373.0600,312.8000,1.799935
FILLER_110_781,VPWR,li1,367.5400,312.8000,1.799935
FILLER_110_769,VPWR,li1,362.0200,312.8000,1.799935
FILLER_110_757,VPWR,li1,356.5000,312.8000,1.799935
FILLER_110_755,VPWR,li1,353.0500,312.8000,1.799935
FILLER_110_751,VPWR,li1,351.9000,312.8000,1.799935
FILLER_110_739,VPWR,li1,348.2200,312.8000,1.799935
FILLER_110_724,VPWR,li1,339.0200,312.8000,1.799936
FILLER_110_712,VPWR,li1,333.2700,312.8000,1.799938
FILLER_110_708,VPWR,li1,332.1200,312.8000,1.799938
FILLER_110_692,VPWR,li1,324.3000,312.8000,1.799910
FILLER_110_684,VPWR,li1,320.3900,312.8000,1.799889
FILLER_110_662,VPWR,li1,310.2700,312.8000,1.799850
FILLER_110_645,VPWR,li1,302.6800,312.8000,1.799825
FILLER_110_643,VPWR,li1,301.5300,312.8000,1.799818
FILLER_110_639,VPWR,li1,300.3800,312.8000,1.799818
FILLER_110_624,VPWR,li1,292.7900,312.8000,1.799796
FILLER_110_618,VPWR,li1,291.1800,312.8000,1.799791
FILLER_110_589,VPWR,li1,276.6900,312.8000,1.799760
FILLER_110_587,VPWR,li1,275.7700,312.8000,1.799757
FILLER_110_581,VPWR,li1,274.1600,312.8000,1.799757
FILLER_110_558,VPWR,li1,262.8900,312.8000,1.799743
FILLER_110_545,VPWR,li1,256.9100,312.8000,1.799737
FILLER_110_533,VPWR,li1,253.4600,312.8000,1.799734
FILLER_110_531,VPWR,li1,250.0100,312.8000,1.799730
FILLER_110_525,VPWR,li1,248.4000,312.8000,1.799730
FILLER_110_511,VPWR,li1,242.4200,312.8000,1.799727
FILLER_110_499,VPWR,li1,235.2900,312.8000,1.799725
FILLER_110_495,VPWR,li1,234.1400,312.8000,1.799725
FILLER_110_483,VPWR,li1,230.4600,312.8000,1.799724
FILLER_110_472,VPWR,li1,223.5600,312.8000,1.799724
FILLER_110_462,VPWR,li1,218.5000,312.8000,1.799727
FILLER_110_456,VPWR,li1,215.9700,312.8000,1.799730
FILLER_110_448,VPWR,li1,213.4400,312.8000,1.799736
FILLER_110_441,VPWR,li1,209.0700,312.8000,1.799741
FILLER_110_433,VPWR,li1,206.5400,312.8000,1.799748
FILLER_110_421,VPWR,li1,201.9400,312.8000,1.799761
FILLER_110_407,VPWR,li1,194.1200,312.8000,1.799785
FILLER_110_395,VPWR,li1,189.9800,312.8000,1.799800
FILLER_110_386,VPWR,li1,183.5400,312.8000,1.799829
FILLER_110_379,VPWR,li1,180.0900,312.8000,1.799856
FILLER_110_375,VPWR,li1,178.9400,312.8000,1.799856
FILLER_110_365,VPWR,li1,174.1100,312.8000,1.799865
FILLER_110_359,VPWR,li1,170.8900,312.8000,1.799852
FILLER_110_353,VPWR,li1,169.2800,312.8000,1.799841
FILLER_110_341,VPWR,li1,165.1400,312.8000,1.799822
FILLER_110_331,VPWR,li1,158.2400,312.8000,1.799787
FILLER_110_323,VPWR,li1,155.9400,312.8000,1.799775
FILLER_110_309,VPWR,li1,148.5800,312.8000,1.799741
FILLER_110_304,VPWR,li1,146.2800,312.8000,1.799730
FILLER_110_299,VPWR,li1,143.2900,312.8000,1.799718
FILLER_110_287,VPWR,li1,138.9200,312.8000,1.799703
FILLER_110_275,VPWR,li1,134.7800,312.8000,1.799690
FILLER_110_253,VPWR,li1,122.3600,312.8000,1.799664
FILLER_110_251,VPWR,li1,121.2100,312.8000,1.799665
FILLER_110_244,VPWR,li1,117.9900,312.8000,1.799665
FILLER_110_217,VPWR,li1,107.1800,312.8000,1.799670
FILLER_110_205,VPWR,li1,102.5800,312.8000,1.799674
FILLER_110_197,VPWR,li1,97.0600,312.8000,1.799681
FILLER_110_194,VPWR,li1,95.2200,312.8000,1.799687
FILLER_110_182,VPWR,li1,92.0000,312.8000,1.799693
FILLER_110_170,VPWR,li1,86.4800,312.8000,1.799710
FILLER_110_158,VPWR,li1,80.9600,312.8000,1.799722
FILLER_110_146,VPWR,li1,75.4400,312.8000,1.799737
FILLER_110_132,VPWR,li1,68.0800,312.8000,1.799761
FILLER_110_120,VPWR,li1,63.4800,312.8000,1.799778
FILLER_110_109,VPWR,li1,56.5800,312.8000,1.799812
FILLER_110_97,VPWR,li1,52.9000,312.8000,1.799822
FILLER_110_85,VPWR,li1,47.3800,312.8000,1.799846
FILLER_110_83,VPWR,li1,43.9300,312.8000,1.799868
FILLER_110_77,VPWR,li1,42.3200,312.8000,1.799868
FILLER_110_65,VPWR,li1,38.1800,312.8000,1.799885
FILLER_110_53,VPWR,li1,32.6600,312.8000,1.799909
FILLER_110_41,VPWR,li1,27.1400,312.8000,1.799933
FILLER_110_29,VPWR,li1,21.6200,312.8000,1.799957
FILLER_110_27,VPWR,li1,18.1700,312.8000,1.799956
FILLER_110_15,VPWR,li1,15.1800,312.8000,1.799956
FILLER_110_3,VPWR,li1,9.6600,312.8000,1.799956
FILLER_109_821,VPWR,li1,383.8700,307.3600,1.799803
FILLER_109_809,VPWR,li1,380.4200,307.3600,1.799803
FILLER_109_797,VPWR,li1,374.9000,307.3600,1.799803
FILLER_109_785,VPWR,li1,369.3800,307.3600,1.799803
FILLER_109_776,VPWR,li1,364.3200,307.3600,1.799803
FILLER_109_764,VPWR,li1,359.7200,307.3600,1.799803
FILLER_109_752,VPWR,li1,354.2000,307.3600,1.799803
FILLER_109_740,VPWR,li1,348.6800,307.3600,1.799803
FILLER_109_707,VPWR,li1,330.9700,307.3600,1.799828
FILLER_109_703,VPWR,li1,329.8200,307.3600,1.799840
FILLER_109_689,VPWR,li1,322.6900,307.3600,1.799767
FILLER_109_685,VPWR,li1,321.5400,307.3600,1.799767
FILLER_109_673,VPWR,li1,317.8600,307.3600,1.799726
FILLER_109_665,VPWR,li1,311.8800,307.3600,1.799647
FILLER_109_653,VPWR,li1,306.5900,307.3600,1.799600
FILLER_109_621,VPWR,li1,291.4100,307.3600,1.799485
FILLER_109_617,VPWR,li1,290.2600,307.3600,1.799485
FILLER_109_609,VPWR,li1,286.1200,307.3600,1.799477
FILLER_109_597,VPWR,li1,280.8300,307.3600,1.799472
FILLER_109_554,VPWR,li1,261.7400,307.3600,1.799461
FILLER_109_539,VPWR,li1,253.9200,307.3600,1.799463
FILLER_109_532,VPWR,li1,250.7000,307.3600,1.799464
FILLER_109_524,VPWR,li1,248.4000,307.3600,1.799465
FILLER_109_503,VPWR,li1,237.1300,307.3600,1.799474
FILLER_109_495,VPWR,li1,233.4500,307.3600,1.799477
FILLER_109_483,VPWR,li1,230.4600,307.3600,1.799481
FILLER_109_473,VPWR,li1,224.0200,307.3600,1.799522
FILLER_109_465,VPWR,li1,219.6500,307.3600,1.799556
FILLER_109_461,VPWR,li1,218.5000,307.3600,1.799571
FILLER_109_449,VPWR,li1,214.8200,307.3600,1.799593
FILLER_109_445,VPWR,li1,210.9100,307.3600,1.799618
FILLER_109_433,VPWR,li1,207.4600,307.3600,1.799645
FILLER_109_421,VPWR,li1,201.9400,307.3600,1.799688
FILLER_109_411,VPWR,li1,194.8100,307.3600,1.799753
FILLER_109_407,VPWR,li1,193.6600,307.3600,1.799753
FILLER_109_399,VPWR,li1,189.2900,307.3600,1.799788
FILLER_109_393,VPWR,li1,187.6800,307.3600,1.799804
FILLER_109_388,VPWR,li1,184.2300,307.3600,1.799841
FILLER_109_382,VPWR,li1,182.6200,307.3600,1.799841
FILLER_109_370,VPWR,li1,178.4800,307.3600,1.799882
FILLER_109_349,VPWR,li1,166.9800,307.3600,1.799882
FILLER_109_317,VPWR,li1,154.1000,307.3600,1.799863
FILLER_109_305,VPWR,li1,148.5800,307.3600,1.799857
FILLER_109_293,VPWR,li1,143.0600,307.3600,1.799855
FILLER_109_281,VPWR,li1,137.5400,307.3600,1.799852
FILLER_109_272,VPWR,li1,132.4800,307.3600,1.799850
FILLER_109_260,VPWR,li1,127.8800,307.3600,1.799849
FILLER_109_244,VPWR,li1,118.2200,307.3600,1.799847
FILLER_109_236,VPWR,li1,115.9200,307.3600,1.799846
FILLER_109_231,VPWR,li1,112.0100,307.3600,1.799846
FILLER_109_225,VPWR,li1,110.4000,307.3600,1.799846
FILLER_109_223,VPWR,li1,108.3300,307.3600,1.799846
FILLER_109_217,VPWR,li1,106.7200,307.3600,1.799846
FILLER_109_211,VPWR,li1,103.2700,307.3600,1.799846
FILLER_109_203,VPWR,li1,100.7400,307.3600,1.799846
FILLER_109_181,VPWR,li1,91.5400,307.3600,1.799849
FILLER_109_169,VPWR,li1,86.0200,307.3600,1.799853
FILLER_109_166,VPWR,li1,82.3400,307.3600,1.799856
FILLER_109_155,VPWR,li1,78.6600,307.3600,1.799859
FILLER_109_143,VPWR,li1,74.0600,307.3600,1.799866
FILLER_109_131,VPWR,li1,68.5400,307.3600,1.799872
FILLER_109_119,VPWR,li1,63.0200,307.3600,1.799881
FILLER_109_101,VPWR,li1,52.9000,307.3600,1.799902
FILLER_109_77,VPWR,li1,41.1700,307.3600,1.799924
FILLER_109_69,VPWR,li1,39.1000,307.3600,1.799931
FILLER_109_57,VPWR,li1,34.5000,307.3600,1.799940
FILLER_109_55,VPWR,li1,31.0500,307.3600,1.799952
FILLER_109_51,VPWR,li1,29.9000,307.3600,1.799952
FILLER_109_39,VPWR,li1,26.2200,307.3600,1.799961
FILLER_109_27,VPWR,li1,20.7000,307.3600,1.799975
FILLER_109_15,VPWR,li1,15.1800,307.3600,1.799975
FILLER_109_3,VPWR,li1,9.6600,307.3600,1.799975
FILLER_108_821,VPWR,li1,383.8700,307.3600,1.799803
FILLER_108_813,VPWR,li1,381.3400,307.3600,1.799803
FILLER_108_811,VPWR,li1,378.8100,307.3600,1.799803
FILLER_108_805,VPWR,li1,377.2000,307.3600,1.799803
FILLER_108_793,VPWR,li1,373.0600,307.3600,1.799803
FILLER_108_781,VPWR,li1,367.5400,307.3600,1.799803
FILLER_108_769,VPWR,li1,362.0200,307.3600,1.799803
FILLER_108_757,VPWR,li1,356.5000,307.3600,1.799803
FILLER_108_753,VPWR,li1,352.5900,307.3600,1.799803
FILLER_108_741,VPWR,li1,349.1400,307.3600,1.799803
FILLER_108_729,VPWR,li1,343.6200,307.3600,1.799803
FILLER_108_713,VPWR,li1,333.9600,307.3600,1.799813
FILLER_108_701,VPWR,li1,330.7400,307.3600,1.799828
FILLER_108_694,VPWR,li1,326.1400,307.3600,1.799817
FILLER_108_682,VPWR,li1,322.0000,307.3600,1.799767
FILLER_108_656,VPWR,li1,307.7400,307.3600,1.799600
FILLER_108_642,VPWR,li1,301.3000,307.3600,1.799549
FILLER_108_619,VPWR,li1,290.9500,307.3600,1.799485
FILLER_108_602,VPWR,li1,282.6700,307.3600,1.799474
FILLER_108_587,VPWR,li1,275.7700,307.3600,1.799467
FILLER_108_581,VPWR,li1,274.1600,307.3600,1.799465
FILLER_108_538,VPWR,li1,253.2300,307.3600,1.799463
FILLER_108_519,VPWR,li1,244.7200,307.3600,1.799468
FILLER_108_511,VPWR,li1,242.4200,307.3600,1.799469
FILLER_108_505,VPWR,li1,238.2800,307.3600,1.799474
FILLER_108_497,VPWR,li1,234.6000,307.3600,1.799477
FILLER_108_473,VPWR,li1,223.7900,307.3600,1.799522
FILLER_108_457,VPWR,li1,217.1200,307.3600,1.799571
FILLER_108_444,VPWR,li1,211.1400,307.3600,1.799618
FILLER_108_421,VPWR,li1,199.8700,307.3600,1.799704
FILLER_108_416,VPWR,li1,197.8000,307.3600,1.799720
FILLER_108_392,VPWR,li1,187.2200,307.3600,1.799804
FILLER_108_380,VPWR,li1,183.0800,307.3600,1.799841
FILLER_108_368,VPWR,li1,177.5600,307.3600,1.799882
FILLER_108_349,VPWR,li1,166.2900,307.3600,1.799882
FILLER_108_341,VPWR,li1,164.2200,307.3600,1.799878
FILLER_108_322,VPWR,li1,154.5600,307.3600,1.799863
FILLER_108_300,VPWR,li1,145.3600,307.3600,1.799856
FILLER_108_288,VPWR,li1,140.7600,307.3600,1.799854
FILLER_108_278,VPWR,li1,134.0900,307.3600,1.799851
FILLER_108_274,VPWR,li1,131.7900,307.3600,1.799850
FILLER_108_262,VPWR,li1,128.8000,307.3600,1.799849
FILLER_108_253,VPWR,li1,122.8200,307.3600,1.799847
FILLER_108_251,VPWR,li1,121.2100,307.3600,1.799847
FILLER_108_239,VPWR,li1,118.2200,307.3600,1.799847
FILLER_108_227,VPWR,li1,112.7000,307.3600,1.799846
FILLER_108_209,VPWR,li1,102.1200,307.3600,1.799846
FILLER_108_197,VPWR,li1,98.9000,307.3600,1.799846
FILLER_108_190,VPWR,li1,94.3000,307.3600,1.799847
FILLER_108_183,VPWR,li1,90.3900,307.3600,1.799849
FILLER_108_175,VPWR,li1,87.8600,307.3600,1.799851
FILLER_108_153,VPWR,li1,76.1300,307.3600,1.799863
FILLER_108_149,VPWR,li1,74.9800,307.3600,1.799863
FILLER_108_141,VPWR,li1,70.6100,307.3600,1.799869
FILLER_108_135,VPWR,li1,67.8500,307.3600,1.799876
FILLER_108_129,VPWR,li1,66.2400,307.3600,1.799876
FILLER_108_113,VPWR,li1,58.1900,307.3600,1.799889
FILLER_108_107,VPWR,li1,54.9700,307.3600,1.799897
FILLER_108_103,VPWR,li1,53.8200,307.3600,1.799897
FILLER_108_90,VPWR,li1,47.1500,307.3600,1.799910
FILLER_108_85,VPWR,li1,44.8500,307.3600,1.799915
FILLER_108_83,VPWR,li1,43.9300,307.3600,1.799919
FILLER_108_77,VPWR,li1,42.3200,307.3600,1.799924
FILLER_108_65,VPWR,li1,38.1800,307.3600,1.799931
FILLER_108_53,VPWR,li1,32.6600,307.3600,1.799945
FILLER_108_41,VPWR,li1,27.1400,307.3600,1.799961
FILLER_108_29,VPWR,li1,21.6200,307.3600,1.799975
FILLER_108_27,VPWR,li1,18.1700,307.3600,1.799975
FILLER_108_15,VPWR,li1,15.1800,307.3600,1.799975
FILLER_108_3,VPWR,li1,9.6600,307.3600,1.799975
FILLER_107_821,VPWR,li1,383.8700,301.9200,1.799957
FILLER_107_809,VPWR,li1,380.4200,301.9200,1.799957
FILLER_107_797,VPWR,li1,374.9000,301.9200,1.799957
FILLER_107_785,VPWR,li1,369.3800,301.9200,1.799957
FILLER_107_783,VPWR,li1,365.9300,301.9200,1.799957
FILLER_107_777,VPWR,li1,364.3200,301.9200,1.799957
FILLER_107_765,VPWR,li1,360.1800,301.9200,1.799957
FILLER_107_753,VPWR,li1,354.6600,301.9200,1.799957
FILLER_107_741,VPWR,li1,349.1400,301.9200,1.799957
FILLER_107_729,VPWR,li1,343.6200,301.9200,1.799957
FILLER_107_724,VPWR,li1,339.4800,301.9200,1.799957
FILLER_107_717,VPWR,li1,335.5700,301.9200,1.799957
FILLER_107_705,VPWR,li1,332.5800,301.9200,1.799957
FILLER_107_680,VPWR,li1,319.0100,301.9200,1.799919
FILLER_107_670,VPWR,li1,314.1800,301.9200,1.799897
FILLER_107_664,VPWR,li1,311.1900,301.9200,1.799891
FILLER_107_647,VPWR,li1,303.8300,301.9200,1.799862
FILLER_107_637,VPWR,li1,299.2300,301.9200,1.799849
FILLER_107_630,VPWR,li1,296.2400,301.9200,1.799844
FILLER_107_615,VPWR,li1,288.6500,301.9200,1.799823
FILLER_107_596,VPWR,li1,280.1400,301.9200,1.799804
FILLER_107_588,VPWR,li1,276.2300,301.9200,1.799796
FILLER_107_580,VPWR,li1,274.1600,301.9200,1.799792
FILLER_107_568,VPWR,li1,269.5600,301.9200,1.799783
FILLER_107_559,VPWR,li1,262.8900,301.9200,1.799771
FILLER_107_521,VPWR,li1,245.4100,301.9200,1.799758
FILLER_107_517,VPWR,li1,244.2600,301.9200,1.799758
FILLER_107_505,VPWR,li1,240.5800,301.9200,1.799758
FILLER_107_492,VPWR,li1,234.6000,301.9200,1.799758
FILLER_107_482,VPWR,li1,227.4700,301.9200,1.799761
FILLER_107_459,VPWR,li1,219.4200,301.9200,1.799771
FILLER_107_438,VPWR,li1,207.6900,301.9200,1.799800
FILLER_107_416,VPWR,li1,197.5700,301.9200,1.799831
FILLER_107_408,VPWR,li1,195.0400,301.9200,1.799843
FILLER_107_393,VPWR,li1,186.5300,301.9200,1.799869
FILLER_107_386,VPWR,li1,183.7700,301.9200,1.799877
FILLER_107_373,VPWR,li1,177.3300,301.9200,1.799905
FILLER_107_367,VPWR,li1,175.7200,301.9200,1.799914
FILLER_107_355,VPWR,li1,171.5800,301.9200,1.799896
FILLER_107_343,VPWR,li1,166.0600,301.9200,1.799879
FILLER_107_332,VPWR,li1,159.1600,301.9200,1.799857
FILLER_107_317,VPWR,li1,153.1800,301.9200,1.799838
FILLER_107_311,VPWR,li1,148.8100,301.9200,1.799824
FILLER_107_303,VPWR,li1,146.7400,301.9200,1.799818
FILLER_107_252,VPWR,li1,122.1300,301.9200,1.799765
FILLER_107_240,VPWR,li1,118.6800,301.9200,1.799763
FILLER_107_233,VPWR,li1,112.9300,301.9200,1.799763
FILLER_107_225,VPWR,li1,110.8600,301.9200,1.799762
FILLER_107_213,VPWR,li1,103.7300,301.9200,1.799764
FILLER_107_207,VPWR,li1,100.9700,301.9200,1.799765
FILLER_107_199,VPWR,li1,98.9000,301.9200,1.799766
FILLER_107_184,VPWR,li1,90.6200,301.9200,1.799779
FILLER_107_169,VPWR,li1,85.1000,301.9200,1.799789
FILLER_107_155,VPWR,li1,77.7400,301.9200,1.799801
FILLER_107_141,VPWR,li1,72.2200,301.9200,1.799812
FILLER_107_113,VPWR,li1,57.7300,301.9200,1.799849
FILLER_107_111,VPWR,li1,56.8100,301.9200,1.799849
FILLER_107_105,VPWR,li1,55.2000,301.9200,1.799855
FILLER_107_97,VPWR,li1,50.3700,301.9200,1.799872
FILLER_107_93,VPWR,li1,49.2200,301.9200,1.799872
FILLER_107_81,VPWR,li1,44.6200,301.9200,1.799887
FILLER_107_69,VPWR,li1,40.0200,301.9200,1.799902
FILLER_107_57,VPWR,li1,34.5000,301.9200,1.799920
FILLER_107_55,VPWR,li1,31.0500,301.9200,1.799935
FILLER_107_51,VPWR,li1,29.9000,301.9200,1.799935
FILLER_107_39,VPWR,li1,26.2200,301.9200,1.799947
FILLER_107_27,VPWR,li1,20.7000,301.9200,1.799966
FILLER_107_15,VPWR,li1,15.1800,301.9200,1.799965
FILLER_107_3,VPWR,li1,9.6600,301.9200,1.799965
FILLER_106_821,VPWR,li1,383.8700,301.9200,1.799957
FILLER_106_813,VPWR,li1,381.3400,301.9200,1.799957
FILLER_106_811,VPWR,li1,378.8100,301.9200,1.799957
FILLER_106_805,VPWR,li1,377.2000,301.9200,1.799957
FILLER_106_793,VPWR,li1,373.0600,301.9200,1.799957
FILLER_106_781,VPWR,li1,367.5400,301.9200,1.799957
FILLER_106_769,VPWR,li1,362.0200,301.9200,1.799957
FILLER_106_757,VPWR,li1,356.5000,301.9200,1.799957
FILLER_106_755,VPWR,li1,353.0500,301.9200,1.799957
FILLER_106_749,VPWR,li1,351.4400,301.9200,1.799957
FILLER_106_737,VPWR,li1,347.3000,301.9200,1.799957
FILLER_106_725,VPWR,li1,341.7800,301.9200,1.799957
FILLER_106_713,VPWR,li1,336.2600,301.9200,1.799957
FILLER_106_701,VPWR,li1,330.7400,301.9200,1.799958
FILLER_106_696,VPWR,li1,326.6000,301.9200,1.799948
FILLER_106_690,VPWR,li1,323.1500,301.9200,1.799935
FILLER_106_684,VPWR,li1,321.5400,301.9200,1.799926
FILLER_106_672,VPWR,li1,317.4000,301.9200,1.799911
FILLER_106_668,VPWR,li1,313.0300,301.9200,1.799897
FILLER_106_662,VPWR,li1,311.4200,301.9200,1.799891
FILLER_106_638,VPWR,li1,299.2300,301.9200,1.799849
FILLER_106_634,VPWR,li1,297.3900,301.9200,1.799844
FILLER_106_630,VPWR,li1,296.2400,301.9200,1.799844
FILLER_106_618,VPWR,li1,292.5600,301.9200,1.799829
FILLER_106_601,VPWR,li1,282.6700,301.9200,1.799809
FILLER_106_577,VPWR,li1,271.6300,301.9200,1.799787
FILLER_106_569,VPWR,li1,269.1000,301.9200,1.799783
FILLER_106_547,VPWR,li1,257.6000,301.9200,1.799766
FILLER_106_530,VPWR,li1,249.7800,301.9200,1.799760
FILLER_106_522,VPWR,li1,245.8700,301.9200,1.799759
FILLER_106_497,VPWR,li1,234.3700,301.9200,1.799758
FILLER_106_491,VPWR,li1,232.7600,301.9200,1.799758
FILLER_106_483,VPWR,li1,227.9300,301.9200,1.799761
FILLER_106_464,VPWR,li1,220.8000,301.9200,1.799771
FILLER_106_452,VPWR,li1,216.2000,301.9200,1.799778
FILLER_106_445,VPWR,li1,211.1400,301.9200,1.799792
FILLER_106_433,VPWR,li1,207.4600,301.9200,1.799800
FILLER_106_421,VPWR,li1,201.9400,301.9200,1.799817
FILLER_106_419,VPWR,li1,198.4900,301.9200,1.799831
FILLER_106_403,VPWR,li1,193.6600,301.9200,1.799843
FILLER_106_392,VPWR,li1,187.2200,301.9200,1.799869
FILLER_106_377,VPWR,li1,179.1700,301.9200,1.799896
FILLER_106_365,VPWR,li1,176.1800,301.9200,1.799914
FILLER_106_362,VPWR,li1,172.5000,301.9200,1.799904
FILLER_106_354,VPWR,li1,170.2000,301.9200,1.799896
FILLER_106_342,VPWR,li1,165.6000,301.9200,1.799879
FILLER_106_337,VPWR,li1,161.0000,301.9200,1.799863
FILLER_106_328,VPWR,li1,157.3200,301.9200,1.799849
FILLER_106_316,VPWR,li1,153.6400,301.9200,1.799838
FILLER_106_305,VPWR,li1,146.5100,301.9200,1.799818
FILLER_106_297,VPWR,li1,143.9800,301.9200,1.799810
FILLER_106_288,VPWR,li1,138.6900,301.9200,1.799798
FILLER_106_280,VPWR,li1,136.1600,301.9200,1.799788
FILLER_106_274,VPWR,li1,132.2500,301.9200,1.799782
FILLER_106_266,VPWR,li1,129.7200,301.9200,1.799777
FILLER_106_251,VPWR,li1,121.2100,301.9200,1.799765
FILLER_106_222,VPWR,li1,108.3300,301.9200,1.799763
FILLER_106_210,VPWR,li1,104.8800,301.9200,1.799764
FILLER_106_186,VPWR,li1,92.4600,301.9200,1.799774
FILLER_106_177,VPWR,li1,87.6300,301.9200,1.799782
FILLER_106_165,VPWR,li1,84.1800,301.9200,1.799789
FILLER_106_153,VPWR,li1,78.6600,301.9200,1.799801
FILLER_106_141,VPWR,li1,73.1400,301.9200,1.799812
FILLER_106_139,VPWR,li1,69.6900,301.9200,1.799818
FILLER_106_131,VPWR,li1,67.6200,301.9200,1.799823
FILLER_106_117,VPWR,li1,59.8000,301.9200,1.799844
FILLER_106_109,VPWR,li1,57.5000,301.9200,1.799849
FILLER_106_85,VPWR,li1,45.0800,301.9200,1.799887
FILLER_106_83,VPWR,li1,43.9300,301.9200,1.799894
FILLER_106_77,VPWR,li1,42.3200,301.9200,1.799894
FILLER_106_65,VPWR,li1,38.1800,301.9200,1.799908
FILLER_106_53,VPWR,li1,32.6600,301.9200,1.799926
FILLER_106_41,VPWR,li1,27.1400,301.9200,1.799947
FILLER_106_29,VPWR,li1,21.6200,301.9200,1.799966
FILLER_106_25,VPWR,li1,17.7100,301.9200,1.799965
FILLER_106_13,VPWR,li1,14.2600,301.9200,1.799965
FILLER_105_821,VPWR,li1,383.8700,296.4800,1.799979
FILLER_105_809,VPWR,li1,380.4200,296.4800,1.799979
FILLER_105_797,VPWR,li1,374.9000,296.4800,1.799979
FILLER_105_785,VPWR,li1,369.3800,296.4800,1.799979
FILLER_105_783,VPWR,li1,365.9300,296.4800,1.799979
FILLER_105_777,VPWR,li1,364.3200,296.4800,1.799979
FILLER_105_765,VPWR,li1,360.1800,296.4800,1.799979
FILLER_105_753,VPWR,li1,354.6600,296.4800,1.799979
FILLER_105_741,VPWR,li1,349.1400,296.4800,1.799979
FILLER_105_729,VPWR,li1,343.6200,296.4800,1.799979
FILLER_105_727,VPWR,li1,340.1700,296.4800,1.799979
FILLER_105_721,VPWR,li1,338.5600,296.4800,1.799979
FILLER_105_709,VPWR,li1,334.4200,296.4800,1.799979
FILLER_105_697,VPWR,li1,328.9000,296.4800,1.799979
FILLER_105_685,VPWR,li1,323.3800,296.4800,1.799970
FILLER_105_673,VPWR,li1,317.8600,296.4800,1.799959
FILLER_105_670,VPWR,li1,314.1800,296.4800,1.799951
FILLER_105_658,VPWR,li1,310.9600,296.4800,1.799943
FILLER_105_646,VPWR,li1,305.4400,296.4800,1.799932
FILLER_105_610,VPWR,li1,286.8100,296.4800,1.799893
FILLER_105_605,VPWR,li1,284.0500,296.4800,1.799889
FILLER_105_584,VPWR,li1,274.3900,296.4800,1.799874
FILLER_105_573,VPWR,li1,269.3300,296.4800,1.799868
FILLER_105_561,VPWR,li1,266.3400,296.4800,1.799864
FILLER_105_559,VPWR,li1,262.8900,296.4800,1.799858
FILLER_105_554,VPWR,li1,260.5900,296.4800,1.799855
FILLER_105_548,VPWR,li1,258.9800,296.4800,1.799855
FILLER_105_542,VPWR,li1,255.0700,296.4800,1.799850
FILLER_105_524,VPWR,li1,246.7900,296.4800,1.799843
FILLER_105_514,VPWR,li1,242.8800,296.4800,1.799841
FILLER_105_479,VPWR,li1,226.0900,296.4800,1.799841
FILLER_105_475,VPWR,li1,224.9400,296.4800,1.799841
FILLER_105_468,VPWR,li1,221.0300,296.4800,1.799844
FILLER_105_462,VPWR,li1,219.4200,296.4800,1.799844
FILLER_105_439,VPWR,li1,208.1500,296.4800,1.799857
FILLER_105_431,VPWR,li1,204.2400,296.4800,1.799866
FILLER_105_418,VPWR,li1,198.2600,296.4800,1.799874
FILLER_105_406,VPWR,li1,192.9700,296.4800,1.799884
FILLER_105_398,VPWR,li1,190.4400,296.4800,1.799891
FILLER_105_386,VPWR,li1,184.4600,296.4800,1.799904
FILLER_105_381,VPWR,li1,181.0100,296.4800,1.799916
FILLER_105_364,VPWR,li1,174.3400,296.4800,1.799933
FILLER_105_352,VPWR,li1,170.2000,296.4800,1.799918
FILLER_105_344,VPWR,li1,163.9900,296.4800,1.799899
FILLER_105_328,VPWR,li1,156.8600,296.4800,1.799879
FILLER_105_319,VPWR,li1,152.7200,296.4800,1.799869
FILLER_105_306,VPWR,li1,146.5100,296.4800,1.799857
FILLER_105_298,VPWR,li1,144.4400,296.4800,1.799854
FILLER_105_286,VPWR,li1,139.8400,296.4800,1.799847
FILLER_105_278,VPWR,li1,133.8600,296.4800,1.799839
FILLER_105_265,VPWR,li1,128.8000,296.4800,1.799834
FILLER_105_253,VPWR,li1,124.6600,296.4800,1.799829
FILLER_105_248,VPWR,li1,119.8300,296.4800,1.799824
FILLER_105_241,VPWR,li1,116.6100,296.4800,1.799822
FILLER_105_233,VPWR,li1,114.5400,296.4800,1.799820
FILLER_105_225,VPWR,li1,109.4800,296.4800,1.799818
FILLER_105_222,VPWR,li1,108.1000,296.4800,1.799818
FILLER_105_218,VPWR,li1,106.0300,296.4800,1.799817
FILLER_105_212,VPWR,li1,103.5000,296.4800,1.799817
FILLER_105_204,VPWR,li1,101.2000,296.4800,1.799817
FILLER_105_185,VPWR,li1,90.8500,296.4800,1.799819
FILLER_105_181,VPWR,li1,89.7000,296.4800,1.799819
FILLER_105_169,VPWR,li1,86.0200,296.4800,1.799822
FILLER_105_160,VPWR,li1,80.9600,296.4800,1.799825
FILLER_105_147,VPWR,li1,73.3700,296.4800,1.799833
FILLER_105_141,VPWR,li1,71.7600,296.4800,1.799837
FILLER_105_129,VPWR,li1,67.6200,296.4800,1.799840
FILLER_105_110,VPWR,li1,56.5800,296.4800,1.799863
FILLER_105_99,VPWR,li1,51.2900,296.4800,1.799875
FILLER_105_77,VPWR,li1,41.6300,296.4800,1.799901
FILLER_105_69,VPWR,li1,39.1000,296.4800,1.799912
FILLER_105_57,VPWR,li1,34.5000,296.4800,1.799924
FILLER_105_55,VPWR,li1,31.0500,296.4800,1.799938
FILLER_105_51,VPWR,li1,29.9000,296.4800,1.799938
FILLER_105_39,VPWR,li1,26.2200,296.4800,1.799950
FILLER_105_27,VPWR,li1,20.7000,296.4800,1.799967
FILLER_105_15,VPWR,li1,15.1800,296.4800,1.799967
FILLER_105_3,VPWR,li1,9.6600,296.4800,1.799966
FILLER_104_821,VPWR,li1,383.8700,296.4800,1.799979
FILLER_104_813,VPWR,li1,381.3400,296.4800,1.799979
FILLER_104_811,VPWR,li1,378.8100,296.4800,1.799979
FILLER_104_805,VPWR,li1,377.2000,296.4800,1.799979
FILLER_104_793,VPWR,li1,373.0600,296.4800,1.799979
FILLER_104_781,VPWR,li1,367.5400,296.4800,1.799979
FILLER_104_769,VPWR,li1,362.0200,296.4800,1.799979
FILLER_104_757,VPWR,li1,356.5000,296.4800,1.799979
FILLER_104_755,VPWR,li1,353.0500,296.4800,1.799979
FILLER_104_749,VPWR,li1,351.4400,296.4800,1.799979
FILLER_104_737,VPWR,li1,347.3000,296.4800,1.799979
FILLER_104_725,VPWR,li1,341.7800,296.4800,1.799979
FILLER_104_713,VPWR,li1,336.2600,296.4800,1.799979
FILLER_104_701,VPWR,li1,330.7400,296.4800,1.799979
FILLER_104_699,VPWR,li1,327.2900,296.4800,1.799975
FILLER_104_693,VPWR,li1,325.6800,296.4800,1.799975
FILLER_104_681,VPWR,li1,321.5400,296.4800,1.799966
FILLER_104_669,VPWR,li1,316.0200,296.4800,1.799955
FILLER_104_657,VPWR,li1,310.5000,296.4800,1.799943
FILLER_104_645,VPWR,li1,304.9800,296.4800,1.799932
FILLER_104_643,VPWR,li1,301.5300,296.4800,1.799924
FILLER_104_637,VPWR,li1,299.9200,296.4800,1.799918
FILLER_104_625,VPWR,li1,295.7800,296.4800,1.799912
FILLER_104_620,VPWR,li1,291.1800,296.4800,1.799904
FILLER_104_608,VPWR,li1,287.9600,296.4800,1.799898
FILLER_104_596,VPWR,li1,282.4400,296.4800,1.799889
FILLER_104_587,VPWR,li1,275.7700,296.4800,1.799878
FILLER_104_561,VPWR,li1,264.2700,296.4800,1.799862
FILLER_104_539,VPWR,li1,253.6900,296.4800,1.799850
FILLER_104_531,VPWR,li1,250.0100,296.4800,1.799846
FILLER_104_481,VPWR,li1,228.1600,296.4800,1.799840
FILLER_104_475,VPWR,li1,224.2500,296.4800,1.799842
FILLER_104_462,VPWR,li1,218.2700,296.4800,1.799846
FILLER_104_455,VPWR,li1,215.0500,296.4800,1.799849
FILLER_104_449,VPWR,li1,213.4400,296.4800,1.799849
FILLER_104_400,VPWR,li1,189.9800,296.4800,1.799891
FILLER_104_388,VPWR,li1,186.7600,296.4800,1.799899
FILLER_104_361,VPWR,li1,172.2700,296.4800,1.799927
FILLER_104_353,VPWR,li1,169.7400,296.4800,1.799918
FILLER_104_347,VPWR,li1,165.6000,296.4800,1.799905
FILLER_104_337,VPWR,li1,160.7700,296.4800,1.799890
FILLER_104_333,VPWR,li1,159.6200,296.4800,1.799884
FILLER_104_321,VPWR,li1,155.9400,296.4800,1.799873
FILLER_104_313,VPWR,li1,149.7300,296.4800,1.799861
FILLER_104_301,VPWR,li1,144.2100,296.4800,1.799854
FILLER_104_297,VPWR,li1,143.0600,296.4800,1.799850
FILLER_104_285,VPWR,li1,137.0800,296.4800,1.799844
FILLER_104_277,VPWR,li1,133.1700,296.4800,1.799839
FILLER_104_261,VPWR,li1,125.8100,296.4800,1.799831
FILLER_104_253,VPWR,li1,123.7400,296.4800,1.799829
FILLER_104_250,VPWR,li1,120.9800,296.4800,1.799824
FILLER_104_207,VPWR,li1,101.2000,296.4800,1.799817
FILLER_104_197,VPWR,li1,97.5200,296.4800,1.799817
FILLER_104_192,VPWR,li1,94.7600,296.4800,1.799817
FILLER_104_170,VPWR,li1,85.1000,296.4800,1.799822
FILLER_104_141,VPWR,li1,71.0700,296.4800,1.799837
FILLER_104_133,VPWR,li1,67.1600,296.4800,1.799843
FILLER_104_101,VPWR,li1,53.3600,296.4800,1.799869
FILLER_104_93,VPWR,li1,48.7600,296.4800,1.799880
FILLER_104_85,VPWR,li1,46.4600,296.4800,1.799887
FILLER_104_83,VPWR,li1,43.9300,296.4800,1.799894
FILLER_104_77,VPWR,li1,42.3200,296.4800,1.799901
FILLER_104_65,VPWR,li1,38.1800,296.4800,1.799912
FILLER_104_53,VPWR,li1,32.6600,296.4800,1.799930
FILLER_104_41,VPWR,li1,27.1400,296.4800,1.799950
FILLER_104_29,VPWR,li1,21.6200,296.4800,1.799967
FILLER_104_27,VPWR,li1,18.1700,296.4800,1.799967
FILLER_104_19,VPWR,li1,16.1000,296.4800,1.799967
FILLER_104_7,VPWR,li1,11.5000,296.4800,1.799966
FILLER_103_821,VPWR,li1,383.8700,291.0400,1.799980
FILLER_103_809,VPWR,li1,380.4200,291.0400,1.799980
FILLER_103_797,VPWR,li1,374.9000,291.0400,1.799980
FILLER_103_785,VPWR,li1,369.3800,291.0400,1.799980
FILLER_103_783,VPWR,li1,365.9300,291.0400,1.799980
FILLER_103_777,VPWR,li1,364.3200,291.0400,1.799980
FILLER_103_765,VPWR,li1,360.1800,291.0400,1.799980
FILLER_103_753,VPWR,li1,354.6600,291.0400,1.799980
FILLER_103_741,VPWR,li1,349.1400,291.0400,1.799980
FILLER_103_729,VPWR,li1,343.6200,291.0400,1.799980
FILLER_103_726,VPWR,li1,339.9400,291.0400,1.799980
FILLER_103_714,VPWR,li1,336.7200,291.0400,1.799980
FILLER_103_702,VPWR,li1,328.6700,291.0400,1.799983
FILLER_103_698,VPWR,li1,327.5200,291.0400,1.799983
FILLER_103_680,VPWR,li1,321.0800,291.0400,1.799973
FILLER_103_669,VPWR,li1,313.9500,291.0400,1.799965
FILLER_103_657,VPWR,li1,310.5000,291.0400,1.799963
FILLER_103_641,VPWR,li1,300.8400,291.0400,1.799954
FILLER_103_629,VPWR,li1,297.6200,291.0400,1.799951
FILLER_103_617,VPWR,li1,292.1000,291.0400,1.799948
FILLER_103_615,VPWR,li1,288.6500,291.0400,1.799946
FILLER_103_609,VPWR,li1,287.0400,291.0400,1.799944
FILLER_103_597,VPWR,li1,282.9000,291.0400,1.799941
FILLER_103_591,VPWR,li1,277.8400,291.0400,1.799940
FILLER_103_585,VPWR,li1,274.8500,291.0400,1.799939
FILLER_103_577,VPWR,li1,272.7800,291.0400,1.799938
FILLER_103_569,VPWR,li1,267.9500,291.0400,1.799936
FILLER_103_561,VPWR,li1,265.4200,291.0400,1.799935
FILLER_103_558,VPWR,li1,262.6600,291.0400,1.799934
FILLER_103_550,VPWR,li1,259.4400,291.0400,1.799934
FILLER_103_545,VPWR,li1,256.4500,291.0400,1.799932
FILLER_103_536,VPWR,li1,253.0000,291.0400,1.799932
FILLER_103_524,VPWR,li1,249.3200,291.0400,1.799931
FILLER_103_496,VPWR,li1,233.9100,291.0400,1.799929
FILLER_103_492,VPWR,li1,232.7600,291.0400,1.799929
FILLER_103_480,VPWR,li1,229.0800,291.0400,1.799929
FILLER_103_453,VPWR,li1,214.1300,291.0400,1.799932
FILLER_103_449,VPWR,li1,212.9800,291.0400,1.799933
FILLER_103_447,VPWR,li1,211.3700,291.0400,1.799934
FILLER_103_441,VPWR,li1,209.7600,291.0400,1.799934
FILLER_103_435,VPWR,li1,206.3100,291.0400,1.799936
FILLER_103_425,VPWR,li1,201.7100,291.0400,1.799938
FILLER_103_407,VPWR,li1,192.9700,291.0400,1.799943
FILLER_103_380,VPWR,li1,181.7000,291.0400,1.799958
FILLER_103_368,VPWR,li1,177.5600,291.0400,1.799964
FILLER_103_337,VPWR,li1,161.9200,291.0400,1.799946
FILLER_103_333,VPWR,li1,159.3900,291.0400,1.799943
FILLER_103_321,VPWR,li1,155.9400,291.0400,1.799939
FILLER_103_309,VPWR,li1,150.4200,291.0400,1.799932
FILLER_103_302,VPWR,li1,144.6700,291.0400,1.799924
FILLER_103_289,VPWR,li1,139.1500,291.0400,1.799920
FILLER_103_281,VPWR,li1,135.2400,291.0400,1.799916
FILLER_103_279,VPWR,li1,134.0900,291.0400,1.799914
FILLER_103_275,VPWR,li1,132.9400,291.0400,1.799914
FILLER_103_259,VPWR,li1,124.8900,291.0400,1.799910
FILLER_103_237,VPWR,li1,114.7700,291.0400,1.799908
FILLER_103_231,VPWR,li1,113.1600,291.0400,1.799908
FILLER_103_222,VPWR,li1,108.1000,291.0400,1.799909
FILLER_103_213,VPWR,li1,103.7300,291.0400,1.799909
FILLER_103_209,VPWR,li1,102.5800,291.0400,1.799909
FILLER_103_203,VPWR,li1,99.1300,291.0400,1.799910
FILLER_103_197,VPWR,li1,96.8300,291.0400,1.799910
FILLER_103_169,VPWR,li1,83.9500,291.0400,1.799916
FILLER_103_155,VPWR,li1,77.0500,291.0400,1.799919
FILLER_103_147,VPWR,li1,73.3700,291.0400,1.799922
FILLER_103_113,VPWR,li1,57.9600,291.0400,1.799940
FILLER_103_111,VPWR,li1,56.8100,291.0400,1.799942
FILLER_103_105,VPWR,li1,55.2000,291.0400,1.799942
FILLER_103_93,VPWR,li1,51.0600,291.0400,1.799947
FILLER_103_81,VPWR,li1,45.5400,291.0400,1.799956
FILLER_103_69,VPWR,li1,40.0200,291.0400,1.799961
FILLER_103_57,VPWR,li1,34.5000,291.0400,1.799968
FILLER_103_55,VPWR,li1,31.0500,291.0400,1.799974
FILLER_103_51,VPWR,li1,29.9000,291.0400,1.799974
FILLER_103_39,VPWR,li1,26.2200,291.0400,1.799979
FILLER_103_27,VPWR,li1,20.7000,291.0400,1.799986
FILLER_103_15,VPWR,li1,15.1800,291.0400,1.799985
FILLER_103_3,VPWR,li1,9.6600,291.0400,1.799985
FILLER_102_821,VPWR,li1,383.8700,291.0400,1.799980
FILLER_102_813,VPWR,li1,381.3400,291.0400,1.799980
FILLER_102_811,VPWR,li1,378.8100,291.0400,1.799980
FILLER_102_805,VPWR,li1,377.2000,291.0400,1.799980
FILLER_102_793,VPWR,li1,373.0600,291.0400,1.799980
FILLER_102_781,VPWR,li1,367.5400,291.0400,1.799980
FILLER_102_769,VPWR,li1,362.0200,291.0400,1.799980
FILLER_102_757,VPWR,li1,356.5000,291.0400,1.799980
FILLER_102_750,VPWR,li1,351.9000,291.0400,1.799980
FILLER_102_738,VPWR,li1,347.7600,291.0400,1.799980
FILLER_102_726,VPWR,li1,342.2400,291.0400,1.799980
FILLER_102_704,VPWR,li1,329.5900,291.0400,1.799982
FILLER_102_674,VPWR,li1,317.4000,291.0400,1.799969
FILLER_102_667,VPWR,li1,312.8000,291.0400,1.799965
FILLER_102_659,VPWR,li1,310.5000,291.0400,1.799963
FILLER_102_630,VPWR,li1,296.2400,291.0400,1.799951
FILLER_102_618,VPWR,li1,292.5600,291.0400,1.799948
FILLER_102_607,VPWR,li1,284.9700,291.0400,1.799943
FILLER_102_603,VPWR,li1,283.8200,291.0400,1.799943
FILLER_102_587,VPWR,li1,275.7700,291.0400,1.799939
FILLER_102_581,VPWR,li1,274.1600,291.0400,1.799938
FILLER_102_569,VPWR,li1,270.0200,291.0400,1.799937
FILLER_102_557,VPWR,li1,264.5000,291.0400,1.799935
FILLER_102_545,VPWR,li1,258.9800,291.0400,1.799933
FILLER_102_533,VPWR,li1,253.4600,291.0400,1.799932
FILLER_102_529,VPWR,li1,249.5500,291.0400,1.799931
FILLER_102_521,VPWR,li1,247.0200,291.0400,1.799931
FILLER_102_509,VPWR,li1,242.4200,291.0400,1.799929
FILLER_102_501,VPWR,li1,236.9000,291.0400,1.799929
FILLER_102_489,VPWR,li1,233.2200,291.0400,1.799929
FILLER_102_477,VPWR,li1,227.7000,291.0400,1.799929
FILLER_102_458,VPWR,li1,217.5800,291.0400,1.799931
FILLER_102_445,VPWR,li1,211.6000,291.0400,1.799933
FILLER_102_433,VPWR,li1,207.4600,291.0400,1.799936
FILLER_102_421,VPWR,li1,201.9400,291.0400,1.799938
FILLER_102_419,VPWR,li1,198.4900,291.0400,1.799940
FILLER_102_415,VPWR,li1,197.3400,291.0400,1.799941
FILLER_102_409,VPWR,li1,194.3500,291.0400,1.799943
FILLER_102_397,VPWR,li1,190.9000,291.0400,1.799945
FILLER_102_389,VPWR,li1,185.1500,291.0400,1.799954
FILLER_102_377,VPWR,li1,181.7000,291.0400,1.799958
FILLER_102_365,VPWR,li1,176.1800,291.0400,1.799967
FILLER_102_361,VPWR,li1,172.2700,291.0400,1.799960
FILLER_102_354,VPWR,li1,169.2800,291.0400,1.799957
FILLER_102_347,VPWR,li1,165.6000,291.0400,1.799951
FILLER_102_333,VPWR,li1,160.5400,291.0400,1.799943
FILLER_102_321,VPWR,li1,155.9400,291.0400,1.799939
FILLER_102_309,VPWR,li1,150.4200,291.0400,1.799932
FILLER_102_305,VPWR,li1,146.5100,291.0400,1.799927
FILLER_102_297,VPWR,li1,143.9800,291.0400,1.799924
FILLER_102_285,VPWR,li1,139.3800,291.0400,1.799920
FILLER_102_261,VPWR,li1,126.0400,291.0400,1.799910
FILLER_102_253,VPWR,li1,123.7400,291.0400,1.799909
FILLER_102_250,VPWR,li1,120.9800,291.0400,1.799909
FILLER_102_238,VPWR,li1,117.7600,291.0400,1.799908
FILLER_102_226,VPWR,li1,112.2400,291.0400,1.799908
FILLER_102_214,VPWR,li1,106.7200,291.0400,1.799909
FILLER_102_202,VPWR,li1,101.2000,291.0400,1.799909
FILLER_102_193,VPWR,li1,94.9900,291.0400,1.799911
FILLER_102_181,VPWR,li1,91.5400,291.0400,1.799912
FILLER_102_172,VPWR,li1,84.8700,291.0400,1.799915
FILLER_102_168,VPWR,li1,83.7200,291.0400,1.799916
FILLER_102_156,VPWR,li1,80.0400,291.0400,1.799918
FILLER_102_144,VPWR,li1,74.5200,291.0400,1.799922
FILLER_102_138,VPWR,li1,69.4600,291.0400,1.799927
FILLER_102_133,VPWR,li1,67.1600,291.0400,1.799930
FILLER_102_121,VPWR,li1,63.9400,291.0400,1.799933
FILLER_102_115,VPWR,li1,58.6500,291.0400,1.799940
FILLER_102_109,VPWR,li1,57.0400,291.0400,1.799940
FILLER_102_97,VPWR,li1,52.9000,291.0400,1.799945
FILLER_102_85,VPWR,li1,47.3800,291.0400,1.799952
FILLER_102_83,VPWR,li1,43.9300,291.0400,1.799958
FILLER_102_77,VPWR,li1,42.3200,291.0400,1.799958
FILLER_102_65,VPWR,li1,38.1800,291.0400,1.799964
FILLER_102_53,VPWR,li1,32.6600,291.0400,1.799971
FILLER_102_41,VPWR,li1,27.1400,291.0400,1.799979
FILLER_102_29,VPWR,li1,21.6200,291.0400,1.799986
FILLER_102_27,VPWR,li1,18.1700,291.0400,1.799986
FILLER_102_19,VPWR,li1,16.1000,291.0400,1.799985
FILLER_102_7,VPWR,li1,11.5000,291.0400,1.799985
FILLER_101_817,VPWR,li1,382.0300,285.6000,1.799735
FILLER_101_809,VPWR,li1,379.5000,285.6000,1.799738
FILLER_101_797,VPWR,li1,374.9000,285.6000,1.799742
FILLER_101_785,VPWR,li1,369.3800,285.6000,1.799748
FILLER_101_783,VPWR,li1,365.9300,285.6000,1.799751
FILLER_101_771,VPWR,li1,362.9400,285.6000,1.799755
FILLER_101_759,VPWR,li1,357.4200,285.6000,1.799761
FILLER_101_747,VPWR,li1,351.9000,285.6000,1.799767
FILLER_101_729,VPWR,li1,341.0900,285.6000,1.799780
FILLER_101_703,VPWR,li1,329.1300,285.6000,1.799802
FILLER_101_697,VPWR,li1,327.5200,285.6000,1.799766
FILLER_101_688,VPWR,li1,322.4600,285.6000,1.799664
FILLER_101_657,VPWR,li1,309.5800,285.6000,1.799437
FILLER_101_632,VPWR,li1,297.1600,285.6000,1.799253
FILLER_101_608,VPWR,li1,285.4300,285.6000,1.799055
FILLER_101_604,VPWR,li1,284.2800,285.6000,1.799025
FILLER_101_597,VPWR,li1,280.3700,285.6000,1.798982
FILLER_101_589,VPWR,li1,277.1500,285.6000,1.798910
FILLER_101_577,VPWR,li1,273.7000,285.6000,1.798867
FILLER_101_572,VPWR,li1,269.1000,285.6000,1.798786
FILLER_101_565,VPWR,li1,266.1100,285.6000,1.798747
FILLER_101_544,VPWR,li1,257.1400,285.6000,1.798604
FILLER_101_532,VPWR,li1,253.0000,285.6000,1.798567
FILLER_101_515,VPWR,li1,242.6500,285.6000,1.798393
FILLER_101_478,VPWR,li1,226.7800,285.6000,1.798252
FILLER_101_466,VPWR,li1,222.6400,285.6000,1.798345
FILLER_101_454,VPWR,li1,217.1200,285.6000,1.798495
FILLER_101_449,VPWR,li1,212.5200,285.6000,1.798579
FILLER_101_436,VPWR,li1,208.8400,285.6000,1.798689
FILLER_101_415,VPWR,li1,198.2600,285.6000,1.798903
FILLER_101_403,VPWR,li1,193.6600,285.6000,1.799011
FILLER_101_380,VPWR,li1,183.0800,285.6000,1.799261
FILLER_101_371,VPWR,li1,176.8700,285.6000,1.799444
FILLER_101_359,VPWR,li1,173.4200,285.6000,1.799374
FILLER_101_337,VPWR,li1,161.0000,285.6000,1.798954
FILLER_101_334,VPWR,li1,159.6200,285.6000,1.798954
FILLER_101_306,VPWR,li1,148.1200,285.6000,1.798608
FILLER_101_293,VPWR,li1,141.6800,285.6000,1.798561
FILLER_101_281,VPWR,li1,137.5400,285.6000,1.798556
FILLER_101_272,VPWR,li1,130.8700,285.6000,1.798562
FILLER_101_260,VPWR,li1,127.8800,285.6000,1.798570
FILLER_101_248,VPWR,li1,122.3600,285.6000,1.798588
FILLER_101_237,VPWR,li1,114.7700,285.6000,1.798609
FILLER_101_225,VPWR,li1,111.7800,285.6000,1.798617
FILLER_101_216,VPWR,li1,106.7200,285.6000,1.798635
FILLER_101_204,VPWR,li1,102.1200,285.6000,1.798646
FILLER_101_199,VPWR,li1,97.2900,285.6000,1.798667
FILLER_101_193,VPWR,li1,95.6800,285.6000,1.798667
FILLER_101_181,VPWR,li1,91.5400,285.6000,1.798681
FILLER_101_169,VPWR,li1,86.0200,285.6000,1.798702
FILLER_101_167,VPWR,li1,82.5700,285.6000,1.798727
FILLER_101_161,VPWR,li1,80.9600,285.6000,1.798727
FILLER_101_149,VPWR,li1,76.8200,285.6000,1.798778
FILLER_101_137,VPWR,li1,71.3000,285.6000,1.798891
FILLER_101_125,VPWR,li1,65.7800,285.6000,1.798974
FILLER_101_113,VPWR,li1,60.2600,285.6000,1.799078
FILLER_101_111,VPWR,li1,56.8100,285.6000,1.799174
FILLER_101_105,VPWR,li1,55.2000,285.6000,1.799174
FILLER_101_93,VPWR,li1,51.0600,285.6000,1.799253
FILLER_101_81,VPWR,li1,45.5400,285.6000,1.799379
FILLER_101_69,VPWR,li1,40.0200,285.6000,1.799462
FILLER_101_57,VPWR,li1,34.5000,285.6000,1.799566
FILLER_101_54,VPWR,li1,30.8200,285.6000,1.799636
FILLER_101_42,VPWR,li1,27.6000,285.6000,1.799706
FILLER_101_30,VPWR,li1,22.0800,285.6000,1.799810
FILLER_101_18,VPWR,li1,16.5600,285.6000,1.799810
FILLER_101_6,VPWR,li1,11.0400,285.6000,1.799810
FILLER_100_819,VPWR,li1,382.4900,285.6000,1.799735
FILLER_100_813,VPWR,li1,380.8800,285.6000,1.799738
FILLER_100_811,VPWR,li1,378.8100,285.6000,1.799740
FILLER_100_805,VPWR,li1,377.2000,285.6000,1.799740
FILLER_100_793,VPWR,li1,373.0600,285.6000,1.799744
FILLER_100_781,VPWR,li1,367.5400,285.6000,1.799751
FILLER_100_769,VPWR,li1,362.0200,285.6000,1.799755
FILLER_100_757,VPWR,li1,356.5000,285.6000,1.799761
FILLER_100_752,VPWR,li1,352.3600,285.6000,1.799765
FILLER_100_722,VPWR,li1,337.8700,285.6000,1.799785
FILLER_100_717,VPWR,li1,335.8000,285.6000,1.799789
FILLER_100_709,VPWR,li1,332.1200,285.6000,1.799796
FILLER_100_701,VPWR,li1,329.8200,285.6000,1.799802
FILLER_100_698,VPWR,li1,327.0600,285.6000,1.799766
FILLER_100_690,VPWR,li1,324.7600,285.6000,1.799721
FILLER_100_678,VPWR,li1,320.1600,285.6000,1.799628
FILLER_100_672,VPWR,li1,315.1000,285.6000,1.799535
FILLER_100_662,VPWR,li1,310.2700,285.6000,1.799472
FILLER_100_654,VPWR,li1,308.2000,285.6000,1.799437
FILLER_100_645,VPWR,li1,302.6800,285.6000,1.799318
FILLER_100_643,VPWR,li1,301.5300,285.6000,1.799318
FILLER_100_631,VPWR,li1,298.5400,285.6000,1.799253
FILLER_100_619,VPWR,li1,293.0200,285.6000,1.799184
FILLER_100_613,VPWR,li1,287.7300,285.6000,1.799091
FILLER_100_609,VPWR,li1,286.5800,285.6000,1.799055
FILLER_100_587,VPWR,li1,275.7700,285.6000,1.798910
FILLER_100_583,VPWR,li1,274.6200,285.6000,1.798867
FILLER_100_564,VPWR,li1,265.1900,285.6000,1.798747
FILLER_100_558,VPWR,li1,263.5800,285.6000,1.798719
FILLER_100_533,VPWR,li1,251.1600,285.6000,1.798540
FILLER_100_531,VPWR,li1,250.0100,285.6000,1.798506
FILLER_100_527,VPWR,li1,248.8600,285.6000,1.798506
FILLER_100_516,VPWR,li1,244.2600,285.6000,1.798430
FILLER_100_494,VPWR,li1,232.9900,285.6000,1.798278
FILLER_100_490,VPWR,li1,231.8400,285.6000,1.798255
FILLER_100_477,VPWR,li1,225.6300,285.6000,1.798299
FILLER_100_475,VPWR,li1,224.2500,285.6000,1.798345
FILLER_100_469,VPWR,li1,222.6400,285.6000,1.798345
FILLER_100_442,VPWR,li1,210.2200,285.6000,1.798626
FILLER_100_409,VPWR,li1,194.5800,285.6000,1.799011
FILLER_100_384,VPWR,li1,184.0000,285.6000,1.799261
FILLER_100_365,VPWR,li1,174.8000,285.6000,1.799374
FILLER_100_352,VPWR,li1,170.2000,285.6000,1.799274
FILLER_100_329,VPWR,li1,157.5500,285.6000,1.798890
FILLER_100_305,VPWR,li1,146.5100,285.6000,1.798608
FILLER_100_265,VPWR,li1,128.8000,285.6000,1.798570
FILLER_100_253,VPWR,li1,124.6600,285.6000,1.798580
FILLER_100_235,VPWR,li1,114.5400,285.6000,1.798609
FILLER_100_230,VPWR,li1,111.7800,285.6000,1.798617
FILLER_100_222,VPWR,li1,109.4800,285.6000,1.798626
FILLER_100_208,VPWR,li1,101.6600,285.6000,1.798653
FILLER_100_197,VPWR,li1,96.6000,285.6000,1.798667
FILLER_100_184,VPWR,li1,92.9200,285.6000,1.798681
FILLER_100_177,VPWR,li1,87.4000,285.6000,1.798695
FILLER_100_169,VPWR,li1,83.7200,285.6000,1.798715
FILLER_100_161,VPWR,li1,81.4200,285.6000,1.798727
FILLER_100_153,VPWR,li1,76.1300,285.6000,1.798778
FILLER_100_141,VPWR,li1,73.1400,285.6000,1.798835
FILLER_100_139,VPWR,li1,69.6900,285.6000,1.798930
FILLER_100_133,VPWR,li1,68.0800,285.6000,1.798930
FILLER_100_121,VPWR,li1,63.0200,285.6000,1.799026
FILLER_100_109,VPWR,li1,58.4200,285.6000,1.799135
FILLER_100_97,VPWR,li1,52.9000,285.6000,1.799218
FILLER_100_85,VPWR,li1,47.3800,285.6000,1.799322
FILLER_100_83,VPWR,li1,43.9300,285.6000,1.799418
FILLER_100_77,VPWR,li1,42.3200,285.6000,1.799418
FILLER_100_65,VPWR,li1,38.1800,285.6000,1.799497
FILLER_100_53,VPWR,li1,32.6600,285.6000,1.799601
FILLER_100_41,VPWR,li1,27.1400,285.6000,1.799706
FILLER_100_29,VPWR,li1,21.6200,285.6000,1.799810
FILLER_100_26,VPWR,li1,17.9400,285.6000,1.799810
FILLER_100_18,VPWR,li1,15.6400,285.6000,1.799810
FILLER_100_6,VPWR,li1,11.0400,285.6000,1.799810
FILLER_99_817,VPWR,li1,382.0300,280.1600,1.798665
FILLER_99_809,VPWR,li1,379.5000,280.1600,1.798667
FILLER_99_797,VPWR,li1,374.9000,280.1600,1.798671
FILLER_99_785,VPWR,li1,369.3800,280.1600,1.798678
FILLER_99_783,VPWR,li1,365.9300,280.1600,1.798692
FILLER_99_771,VPWR,li1,362.9400,280.1600,1.798709
FILLER_99_759,VPWR,li1,357.4200,280.1600,1.798745
FILLER_99_747,VPWR,li1,351.9000,280.1600,1.798775
FILLER_99_735,VPWR,li1,344.3100,280.1600,1.798898
FILLER_99_727,VPWR,li1,340.1700,280.1600,1.799007
FILLER_99_719,VPWR,li1,338.1000,280.1600,1.799079
FILLER_99_707,VPWR,li1,333.5000,280.1600,1.799183
FILLER_99_693,VPWR,li1,324.7600,280.1600,1.799137
FILLER_99_685,VPWR,li1,322.4600,280.1600,1.799011
FILLER_99_673,VPWR,li1,317.8600,280.1600,1.798838
FILLER_99_668,VPWR,li1,313.7200,280.1600,1.798683
FILLER_99_653,VPWR,li1,307.7400,280.1600,1.798377
FILLER_99_641,VPWR,li1,303.1400,280.1600,1.798196
FILLER_99_629,VPWR,li1,297.6200,280.1600,1.797977
FILLER_99_617,VPWR,li1,292.1000,280.1600,1.797768
FILLER_99_615,VPWR,li1,288.6500,280.1600,1.797645
FILLER_99_609,VPWR,li1,287.0400,280.1600,1.797550
FILLER_99_587,VPWR,li1,276.4600,280.1600,1.797145
FILLER_99_575,VPWR,li1,272.7800,280.1600,1.796968
FILLER_99_569,VPWR,li1,267.4900,280.1600,1.796782
FILLER_99_561,VPWR,li1,265.4200,280.1600,1.796699
FILLER_99_557,VPWR,li1,262.4300,280.1600,1.796578
FILLER_99_539,VPWR,li1,253.9200,280.1600,1.796217
FILLER_99_533,VPWR,li1,251.3900,280.1600,1.796134
FILLER_99_512,VPWR,li1,242.8800,280.1600,1.795795
FILLER_99_496,VPWR,li1,235.5200,280.1600,1.795461
FILLER_99_474,VPWR,li1,224.0200,280.1600,1.795552
FILLER_99_466,VPWR,li1,221.7200,280.1600,1.795683
FILLER_99_449,VPWR,li1,212.5200,280.1600,1.796286
FILLER_99_446,VPWR,li1,211.1400,280.1600,1.796286
FILLER_99_432,VPWR,li1,204.4700,280.1600,1.796669
FILLER_99_422,VPWR,li1,199.8700,280.1600,1.796937
FILLER_99_414,VPWR,li1,197.8000,280.1600,1.797057
FILLER_99_393,VPWR,li1,187.6800,280.1600,1.797742
FILLER_99_380,VPWR,li1,183.0800,280.1600,1.797998
FILLER_99_368,VPWR,li1,175.0300,280.1600,1.798389
FILLER_99_364,VPWR,li1,173.8800,280.1600,1.798107
FILLER_99_346,VPWR,li1,166.5200,280.1600,1.797520
FILLER_99_337,VPWR,li1,160.7700,280.1600,1.796818
FILLER_99_334,VPWR,li1,159.6200,280.1600,1.796818
FILLER_99_326,VPWR,li1,157.3200,280.1600,1.796537
FILLER_99_314,VPWR,li1,152.7200,280.1600,1.796116
FILLER_99_304,VPWR,li1,146.0500,280.1600,1.795435
FILLER_99_289,VPWR,li1,138.9200,280.1600,1.795146
FILLER_99_281,VPWR,li1,136.6200,280.1600,1.795099
FILLER_99_277,VPWR,li1,133.6300,280.1600,1.795038
FILLER_99_264,VPWR,li1,128.3400,280.1600,1.794985
FILLER_99_256,VPWR,li1,123.5100,280.1600,1.795031
FILLER_99_250,VPWR,li1,121.9000,280.1600,1.795074
FILLER_99_240,VPWR,li1,116.6100,280.1600,1.795204
FILLER_99_222,VPWR,li1,108.1000,280.1600,1.795395
FILLER_99_209,VPWR,li1,102.3500,280.1600,1.795533
FILLER_99_201,VPWR,li1,98.4400,280.1600,1.795645
FILLER_99_166,VPWR,li1,82.3400,280.1600,1.796083
FILLER_99_147,VPWR,li1,75.9000,280.1600,1.796347
FILLER_99_139,VPWR,li1,69.6900,280.1600,1.796633
FILLER_99_113,VPWR,li1,60.2600,280.1600,1.797178
FILLER_99_111,VPWR,li1,56.8100,280.1600,1.797435
FILLER_99_105,VPWR,li1,55.2000,280.1600,1.797435
FILLER_99_93,VPWR,li1,51.0600,280.1600,1.797678
FILLER_99_81,VPWR,li1,45.5400,280.1600,1.798071
FILLER_99_69,VPWR,li1,40.0200,280.1600,1.798328
FILLER_99_57,VPWR,li1,34.5000,280.1600,1.798653
FILLER_99_54,VPWR,li1,30.8200,280.1600,1.798870
FILLER_99_42,VPWR,li1,27.6000,280.1600,1.799086
FILLER_99_30,VPWR,li1,22.0800,280.1600,1.799411
FILLER_99_18,VPWR,li1,16.5600,280.1600,1.799411
FILLER_99_6,VPWR,li1,11.0400,280.1600,1.799410
FILLER_98_821,VPWR,li1,383.8700,280.1600,1.798663
FILLER_98_813,VPWR,li1,381.3400,280.1600,1.798665
FILLER_98_811,VPWR,li1,378.8100,280.1600,1.798667
FILLER_98_799,VPWR,li1,375.8200,280.1600,1.798671
FILLER_98_777,VPWR,li1,363.4000,280.1600,1.798709
FILLER_98_769,VPWR,li1,361.1000,280.1600,1.798719
FILLER_98_757,VPWR,li1,356.5000,280.1600,1.798745
FILLER_98_755,VPWR,li1,353.0500,280.1600,1.798764
FILLER_98_747,VPWR,li1,350.9800,280.1600,1.798775
FILLER_98_743,VPWR,li1,347.5300,280.1600,1.798844
FILLER_98_737,VPWR,li1,345.9200,280.1600,1.798898
FILLER_98_726,VPWR,li1,340.8600,280.1600,1.799007
FILLER_98_712,VPWR,li1,333.7300,280.1600,1.799183
FILLER_98_704,VPWR,li1,331.2000,280.1600,1.799244
FILLER_98_684,VPWR,li1,321.5400,280.1600,1.799011
FILLER_98_672,VPWR,li1,317.4000,280.1600,1.798838
FILLER_98_660,VPWR,li1,311.8800,280.1600,1.798577
FILLER_98_648,VPWR,li1,306.3600,280.1600,1.798377
FILLER_98_632,VPWR,li1,296.7000,280.1600,1.797977
FILLER_98_601,VPWR,li1,283.8200,280.1600,1.797445
FILLER_98_589,VPWR,li1,279.2200,280.1600,1.797247
FILLER_98_587,VPWR,li1,275.7700,280.1600,1.797070
FILLER_98_574,VPWR,li1,270.0200,280.1600,1.796884
FILLER_98_562,VPWR,li1,266.8000,280.1600,1.796699
FILLER_98_558,VPWR,li1,262.4300,280.1600,1.796578
FILLER_98_550,VPWR,li1,260.3600,280.1600,1.796495
FILLER_98_533,VPWR,li1,253.4600,280.1600,1.796217
FILLER_98_530,VPWR,li1,249.7800,280.1600,1.796051
FILLER_98_511,VPWR,li1,243.3400,280.1600,1.795795
FILLER_98_499,VPWR,li1,237.8200,280.1600,1.795587
FILLER_98_492,VPWR,li1,232.7600,280.1600,1.795356
FILLER_98_464,VPWR,li1,221.7200,280.1600,1.795683
FILLER_98_454,VPWR,li1,214.8200,280.1600,1.796154
FILLER_98_447,VPWR,li1,211.8300,280.1600,1.796286
FILLER_98_433,VPWR,li1,205.3900,280.1600,1.796669
FILLER_98_421,VPWR,li1,201.9400,280.1600,1.796816
FILLER_98_419,VPWR,li1,198.4900,280.1600,1.797057
FILLER_98_413,VPWR,li1,196.8800,280.1600,1.797178
FILLER_98_401,VPWR,li1,192.7400,280.1600,1.797352
FILLER_98_389,VPWR,li1,187.2200,280.1600,1.797742
FILLER_98_377,VPWR,li1,181.7000,280.1600,1.797998
FILLER_98_365,VPWR,li1,176.1800,280.1600,1.798389
FILLER_98_361,VPWR,li1,172.2700,280.1600,1.798107
FILLER_98_347,VPWR,li1,165.3700,280.1600,1.797262
FILLER_98_343,VPWR,li1,164.2200,280.1600,1.797262
FILLER_98_332,VPWR,li1,158.4700,280.1600,1.796537
FILLER_98_326,VPWR,li1,156.8600,280.1600,1.796537
FILLER_98_314,VPWR,li1,152.7200,280.1600,1.796116
FILLER_98_307,VPWR,li1,146.9700,280.1600,1.795435
FILLER_98_291,VPWR,li1,139.6100,280.1600,1.795146
FILLER_98_283,VPWR,li1,137.5400,280.1600,1.795099
FILLER_98_271,VPWR,li1,132.9400,280.1600,1.794991
FILLER_98_244,VPWR,li1,119.6000,280.1600,1.795139
FILLER_98_236,VPWR,li1,114.3100,280.1600,1.795247
FILLER_98_226,VPWR,li1,110.4000,280.1600,1.795346
FILLER_98_185,VPWR,li1,92.4600,280.1600,1.795774
FILLER_98_173,VPWR,li1,85.5600,280.1600,1.795969
FILLER_98_165,VPWR,li1,83.2600,280.1600,1.796083
FILLER_98_159,VPWR,li1,78.8900,280.1600,1.796214
FILLER_98_153,VPWR,li1,77.2800,280.1600,1.796347
FILLER_98_141,VPWR,li1,73.1400,280.1600,1.796542
FILLER_98_139,VPWR,li1,69.6900,280.1600,1.796633
FILLER_98_135,VPWR,li1,68.5400,280.1600,1.796725
FILLER_98_126,VPWR,li1,63.9400,280.1600,1.797021
FILLER_98_113,VPWR,li1,57.7300,280.1600,1.797313
FILLER_98_109,VPWR,li1,56.5800,280.1600,1.797435
FILLER_98_97,VPWR,li1,52.9000,280.1600,1.797570
FILLER_98_85,VPWR,li1,47.3800,280.1600,1.797895
FILLER_98_83,VPWR,li1,43.9300,280.1600,1.798193
FILLER_98_77,VPWR,li1,42.3200,280.1600,1.798193
FILLER_98_65,VPWR,li1,38.1800,280.1600,1.798436
FILLER_98_53,VPWR,li1,32.6600,280.1600,1.798761
FILLER_98_41,VPWR,li1,27.1400,280.1600,1.799086
FILLER_98_29,VPWR,li1,21.6200,280.1600,1.799411
FILLER_98_27,VPWR,li1,18.1700,280.1600,1.799411
FILLER_98_15,VPWR,li1,15.1800,280.1600,1.799411
FILLER_98_3,VPWR,li1,9.6600,280.1600,1.799410
FILLER_97_817,VPWR,li1,382.0300,274.7200,1.790696
FILLER_97_805,VPWR,li1,378.5800,274.7200,1.790698
FILLER_97_764,VPWR,li1,357.6500,274.7200,1.790964
FILLER_97_732,VPWR,li1,344.0800,274.7200,1.792878
FILLER_97_724,VPWR,li1,339.4800,274.7200,1.793836
FILLER_97_712,VPWR,li1,335.8000,274.7200,1.794990
FILLER_97_680,VPWR,li1,321.0800,274.7200,1.795990
FILLER_97_664,VPWR,li1,311.4200,274.7200,1.795175
FILLER_97_659,VPWR,li1,308.8900,274.7200,1.794800
FILLER_97_653,VPWR,li1,307.2800,274.7200,1.794800
FILLER_97_634,VPWR,li1,297.3900,274.7200,1.793909
FILLER_97_629,VPWR,li1,295.0900,274.7200,1.793702
FILLER_97_617,VPWR,li1,292.1000,274.7200,1.793434
FILLER_97_614,VPWR,li1,288.4200,274.7200,1.793083
FILLER_97_606,VPWR,li1,286.1200,274.7200,1.792891
FILLER_97_594,VPWR,li1,281.5200,274.7200,1.792678
FILLER_97_573,VPWR,li1,269.3300,274.7200,1.792022
FILLER_97_569,VPWR,li1,268.1800,274.7200,1.792022
FILLER_97_558,VPWR,li1,262.6600,274.7200,1.791742
FILLER_97_551,VPWR,li1,259.2100,274.7200,1.791487
FILLER_97_542,VPWR,li1,255.5300,274.7200,1.791383
FILLER_97_530,VPWR,li1,252.0800,274.7200,1.791210
FILLER_97_518,VPWR,li1,246.5600,274.7200,1.790875
FILLER_97_503,VPWR,li1,237.1300,274.7200,1.791036
FILLER_97_495,VPWR,li1,235.0600,274.7200,1.791284
FILLER_97_461,VPWR,li1,218.2700,274.7200,1.792812
FILLER_97_449,VPWR,li1,214.8200,274.7200,1.793202
FILLER_97_447,VPWR,li1,211.3700,274.7200,1.793776
FILLER_97_441,VPWR,li1,209.7600,274.7200,1.793776
FILLER_97_429,VPWR,li1,205.6200,274.7200,1.794376
FILLER_97_407,VPWR,li1,195.5000,274.7200,1.795419
FILLER_97_393,VPWR,li1,186.5300,274.7200,1.796562
FILLER_97_376,VPWR,li1,178.7100,274.7200,1.797711
FILLER_97_372,VPWR,li1,177.5600,274.7200,1.797711
FILLER_97_360,VPWR,li1,171.3500,274.7200,1.797931
FILLER_97_351,VPWR,li1,167.2100,274.7200,1.797850
FILLER_97_345,VPWR,li1,165.6000,274.7200,1.797850
FILLER_97_340,VPWR,li1,162.3800,274.7200,1.797783
FILLER_97_335,VPWR,li1,159.8500,274.7200,1.797756
FILLER_97_326,VPWR,li1,156.1700,274.7200,1.797691
FILLER_97_314,VPWR,li1,152.7200,274.7200,1.797657
FILLER_97_303,VPWR,li1,145.5900,274.7200,1.797564
FILLER_97_299,VPWR,li1,143.2900,274.7200,1.797559
FILLER_97_293,VPWR,li1,141.6800,274.7200,1.797559
FILLER_97_281,VPWR,li1,137.5400,274.7200,1.797588
FILLER_97_279,VPWR,li1,134.0900,274.7200,1.797623
FILLER_97_273,VPWR,li1,132.4800,274.7200,1.797648
FILLER_97_261,VPWR,li1,128.3400,274.7200,1.797683
FILLER_97_255,VPWR,li1,123.0500,274.7200,1.797744
FILLER_97_251,VPWR,li1,121.9000,274.7200,1.797777
FILLER_97_233,VPWR,li1,112.9300,274.7200,1.797919
FILLER_97_218,VPWR,li1,107.1800,274.7200,1.797997
FILLER_97_193,VPWR,li1,97.0600,274.7200,1.798181
FILLER_97_181,VPWR,li1,91.5400,274.7200,1.798264
FILLER_97_169,VPWR,li1,86.0200,274.7200,1.798344
FILLER_97_167,VPWR,li1,82.5700,274.7200,1.798428
FILLER_97_161,VPWR,li1,80.9600,274.7200,1.798428
FILLER_97_149,VPWR,li1,74.9800,274.7200,1.798542
FILLER_97_137,VPWR,li1,71.3000,274.7200,1.798594
FILLER_97_125,VPWR,li1,65.7800,274.7200,1.798713
FILLER_97_113,VPWR,li1,60.2600,274.7200,1.798806
FILLER_97_111,VPWR,li1,56.8100,274.7200,1.798864
FILLER_97_101,VPWR,li1,52.6700,274.7200,1.798955
FILLER_97_93,VPWR,li1,50.1400,274.7200,1.799047
FILLER_97_81,VPWR,li1,45.5400,274.7200,1.799164
FILLER_97_69,VPWR,li1,40.0200,274.7200,1.799275
FILLER_97_57,VPWR,li1,34.5000,274.7200,1.799416
FILLER_97_53,VPWR,li1,30.5900,274.7200,1.799515
FILLER_97_45,VPWR,li1,28.0600,274.7200,1.799603
FILLER_97_33,VPWR,li1,23.4600,274.7200,1.799697
FILLER_97_21,VPWR,li1,17.9400,274.7200,1.799743
FILLER_97_9,VPWR,li1,12.4200,274.7200,1.799742
FILLER_96_813,VPWR,li1,380.4200,274.7200,1.790696
FILLER_96_811,VPWR,li1,378.8100,274.7200,1.790698
FILLER_96_799,VPWR,li1,375.8200,274.7200,1.790701
FILLER_96_787,VPWR,li1,370.3000,274.7200,1.790706
FILLER_96_775,VPWR,li1,364.7800,274.7200,1.790748
FILLER_96_750,VPWR,li1,351.9000,274.7200,1.791678
FILLER_96_745,VPWR,li1,348.4500,274.7200,1.792029
FILLER_96_739,VPWR,li1,346.8400,274.7200,1.792359
FILLER_96_717,VPWR,li1,336.0300,274.7200,1.794990
FILLER_96_704,VPWR,li1,330.0500,274.7200,1.796104
FILLER_96_698,VPWR,li1,327.0600,274.7200,1.796450
FILLER_96_684,VPWR,li1,320.3900,274.7200,1.795990
FILLER_96_676,VPWR,li1,318.3200,274.7200,1.795801
FILLER_96_652,VPWR,li1,306.8200,274.7200,1.794613
FILLER_96_630,VPWR,li1,296.7000,274.7200,1.793702
FILLER_96_618,VPWR,li1,292.5600,274.7200,1.793434
FILLER_96_602,VPWR,li1,283.1300,274.7200,1.792785
FILLER_96_595,VPWR,li1,279.4500,274.7200,1.792549
FILLER_96_589,VPWR,li1,277.1500,274.7200,1.792432
FILLER_96_587,VPWR,li1,275.7700,274.7200,1.792326
FILLER_96_581,VPWR,li1,274.1600,274.7200,1.792326
FILLER_96_570,VPWR,li1,267.9500,274.7200,1.791928
FILLER_96_566,VPWR,li1,266.8000,274.7200,1.791928
FILLER_96_533,VPWR,li1,253.4600,274.7200,1.791210
FILLER_96_528,VPWR,li1,249.3200,274.7200,1.791071
FILLER_96_514,VPWR,li1,242.1900,274.7200,1.790819
FILLER_96_494,VPWR,li1,233.6800,274.7200,1.791284
FILLER_96_482,VPWR,li1,230.0000,274.7200,1.791562
FILLER_96_477,VPWR,li1,225.4000,274.7200,1.792119
FILLER_96_475,VPWR,li1,224.2500,274.7200,1.792338
FILLER_96_469,VPWR,li1,222.6400,274.7200,1.792338
FILLER_96_446,VPWR,li1,212.5200,274.7200,1.793541
FILLER_96_434,VPWR,li1,207.9200,274.7200,1.793985
FILLER_96_429,VPWR,li1,203.3200,274.7200,1.794636
FILLER_96_406,VPWR,li1,193.2000,274.7200,1.795655
FILLER_96_394,VPWR,li1,189.5200,274.7200,1.796073
FILLER_96_386,VPWR,li1,184.0000,274.7200,1.796815
FILLER_96_368,VPWR,li1,177.5600,274.7200,1.797711
FILLER_96_363,VPWR,li1,172.7300,274.7200,1.797988
FILLER_96_350,VPWR,li1,167.9000,274.7200,1.797885
FILLER_96_338,VPWR,li1,163.7600,274.7200,1.797818
FILLER_96_329,VPWR,li1,157.3200,274.7200,1.797725
FILLER_96_321,VPWR,li1,155.0200,274.7200,1.797691
FILLER_96_309,VPWR,li1,150.4200,274.7200,1.797606
FILLER_96_307,VPWR,li1,146.9700,274.7200,1.797579
FILLER_96_303,VPWR,li1,145.8200,274.7200,1.797564
FILLER_96_291,VPWR,li1,139.8400,274.7200,1.797572
FILLER_96_280,VPWR,li1,135.7000,274.7200,1.797623
FILLER_96_268,VPWR,li1,131.5600,274.7200,1.797648
FILLER_96_259,VPWR,li1,124.8900,274.7200,1.797721
FILLER_96_253,VPWR,li1,123.2800,274.7200,1.797744
FILLER_96_250,VPWR,li1,120.9800,274.7200,1.797777
FILLER_96_242,VPWR,li1,118.6800,274.7200,1.797813
FILLER_96_231,VPWR,li1,112.4700,274.7200,1.797919
FILLER_96_227,VPWR,li1,110.1700,274.7200,1.797949
FILLER_96_221,VPWR,li1,108.5600,274.7200,1.797997
FILLER_96_209,VPWR,li1,104.4200,274.7200,1.798042
FILLER_96_197,VPWR,li1,98.9000,274.7200,1.798132
FILLER_96_188,VPWR,li1,93.8400,274.7200,1.798215
FILLER_96_175,VPWR,li1,87.8600,274.7200,1.798313
FILLER_96_163,VPWR,li1,83.2600,274.7200,1.798394
FILLER_96_149,VPWR,li1,74.2900,274.7200,1.798542
FILLER_96_141,VPWR,li1,72.2200,274.7200,1.798594
FILLER_96_138,VPWR,li1,69.4600,274.7200,1.798627
FILLER_96_114,VPWR,li1,59.8000,274.7200,1.798806
FILLER_96_93,VPWR,li1,48.9900,274.7200,1.799047
FILLER_96_85,VPWR,li1,46.4600,274.7200,1.799111
FILLER_96_83,VPWR,li1,43.9300,274.7200,1.799217
FILLER_96_77,VPWR,li1,42.3200,274.7200,1.799217
FILLER_96_65,VPWR,li1,38.1800,274.7200,1.799322
FILLER_96_53,VPWR,li1,32.6600,274.7200,1.799462
FILLER_96_41,VPWR,li1,27.1400,274.7200,1.799603
FILLER_96_29,VPWR,li1,21.6200,274.7200,1.799743
FILLER_96_27,VPWR,li1,18.1700,274.7200,1.799743
FILLER_96_15,VPWR,li1,15.1800,274.7200,1.799742
FILLER_96_3,VPWR,li1,9.6600,274.7200,1.799741
FILLER_95_803,VPWR,li1,375.1300,269.2800,1.798067
FILLER_95_797,VPWR,li1,373.5200,269.2800,1.798067
FILLER_95_785,VPWR,li1,369.3800,269.2800,1.798087
FILLER_95_783,VPWR,li1,365.9300,269.2800,1.798105
FILLER_95_771,VPWR,li1,362.9400,269.2800,1.798132
FILLER_95_764,VPWR,li1,357.1900,269.2800,1.798170
FILLER_95_756,VPWR,li1,355.1200,269.2800,1.798214
FILLER_95_744,VPWR,li1,350.5200,269.2800,1.798329
FILLER_95_732,VPWR,li1,345.0000,269.2800,1.798510
FILLER_95_716,VPWR,li1,337.6400,269.2800,1.798772
FILLER_95_704,VPWR,li1,332.1200,269.2800,1.798997
FILLER_95_692,VPWR,li1,326.6000,269.2800,1.799007
FILLER_95_680,VPWR,li1,321.0800,269.2800,1.798674
FILLER_95_670,VPWR,li1,314.1800,269.2800,1.798353
FILLER_95_657,VPWR,li1,309.5800,269.2800,1.798215
FILLER_95_645,VPWR,li1,304.9800,269.2800,1.798002
FILLER_95_633,VPWR,li1,299.4600,269.2800,1.797748
FILLER_95_617,VPWR,li1,289.5700,269.2800,1.797271
FILLER_95_613,VPWR,li1,288.1900,269.2800,1.797166
FILLER_95_585,VPWR,li1,275.5400,269.2800,1.796777
FILLER_95_573,VPWR,li1,271.8600,269.2800,1.796660
FILLER_95_561,VPWR,li1,266.3400,269.2800,1.796502
FILLER_95_559,VPWR,li1,262.8900,269.2800,1.796443
FILLER_95_555,VPWR,li1,261.7400,269.2800,1.796391
FILLER_95_536,VPWR,li1,254.8400,269.2800,1.796177
FILLER_95_513,VPWR,li1,241.9600,269.2800,1.795999
FILLER_95_505,VPWR,li1,238.0500,269.2800,1.796010
FILLER_95_500,VPWR,li1,236.4400,269.2800,1.796010
FILLER_95_488,VPWR,li1,232.7600,269.2800,1.796030
FILLER_95_474,VPWR,li1,223.7900,269.2800,1.796172
FILLER_95_466,VPWR,li1,220.8000,269.2800,1.796233
FILLER_95_454,VPWR,li1,217.1200,269.2800,1.796401
FILLER_95_447,VPWR,li1,211.3700,269.2800,1.796702
FILLER_95_435,VPWR,li1,208.3800,269.2800,1.796812
FILLER_95_426,VPWR,li1,201.9400,269.2800,1.797173
FILLER_95_410,VPWR,li1,194.3500,269.2800,1.797561
FILLER_95_406,VPWR,li1,193.2000,269.2800,1.797561
FILLER_95_385,VPWR,li1,183.5400,269.2800,1.798198
FILLER_95_373,VPWR,li1,179.8600,269.2800,1.798557
FILLER_95_361,VPWR,li1,174.3400,269.2800,1.798890
FILLER_95_349,VPWR,li1,168.8200,269.2800,1.798701
FILLER_95_337,VPWR,li1,163.3000,269.2800,1.798512
FILLER_95_335,VPWR,li1,159.8500,269.2800,1.798394
FILLER_95_327,VPWR,li1,157.7800,269.2800,1.798317
FILLER_95_311,VPWR,li1,148.8100,269.2800,1.798042
FILLER_95_307,VPWR,li1,147.6600,269.2800,1.797983
FILLER_95_289,VPWR,li1,141.2200,269.2800,1.797821
FILLER_95_281,VPWR,li1,135.0100,269.2800,1.797714
FILLER_95_276,VPWR,li1,133.4000,269.2800,1.797714
FILLER_95_249,VPWR,li1,120.5200,269.2800,1.797758
FILLER_95_237,VPWR,li1,117.3000,269.2800,1.797781
FILLER_95_225,VPWR,li1,109.2500,269.2800,1.797871
FILLER_95_223,VPWR,li1,108.3300,269.2800,1.797871
FILLER_95_215,VPWR,li1,106.2600,269.2800,1.797893
FILLER_95_196,VPWR,li1,96.1400,269.2800,1.798002
FILLER_95_169,VPWR,li1,84.6400,269.2800,1.798171
FILLER_95_167,VPWR,li1,82.5700,269.2800,1.798213
FILLER_95_155,VPWR,li1,79.5800,269.2800,1.798321
FILLER_95_143,VPWR,li1,71.5300,269.2800,1.798474
FILLER_95_135,VPWR,li1,69.4600,269.2800,1.798523
FILLER_95_113,VPWR,li1,60.2600,269.2800,1.798746
FILLER_95_110,VPWR,li1,56.5800,269.2800,1.798836
FILLER_95_102,VPWR,li1,54.2800,269.2800,1.798925
FILLER_95_81,VPWR,li1,44.6200,269.2800,1.799138
FILLER_95_69,VPWR,li1,40.0200,269.2800,1.799250
FILLER_95_57,VPWR,li1,34.5000,269.2800,1.799391
FILLER_95_55,VPWR,li1,31.0500,269.2800,1.799509
FILLER_95_51,VPWR,li1,29.9000,269.2800,1.799509
FILLER_95_39,VPWR,li1,26.2200,269.2800,1.799603
FILLER_95_27,VPWR,li1,20.7000,269.2800,1.799744
FILLER_95_15,VPWR,li1,15.1800,269.2800,1.799744
FILLER_95_3,VPWR,li1,9.6600,269.2800,1.799744
FILLER_94_819,VPWR,li1,382.4900,269.2800,1.798034
FILLER_94_813,VPWR,li1,380.8800,269.2800,1.798035
FILLER_94_808,VPWR,li1,378.1200,269.2800,1.798044
FILLER_94_796,VPWR,li1,374.4400,269.2800,1.798067
FILLER_94_775,VPWR,li1,362.2500,269.2800,1.798132
FILLER_94_767,VPWR,li1,360.1800,269.2800,1.798148
FILLER_94_754,VPWR,li1,352.8200,269.2800,1.798272
FILLER_94_744,VPWR,li1,348.6800,269.2800,1.798389
FILLER_94_732,VPWR,li1,345.0000,269.2800,1.798510
FILLER_94_726,VPWR,li1,340.1700,269.2800,1.798669
FILLER_94_718,VPWR,li1,337.6400,269.2800,1.798772
FILLER_94_706,VPWR,li1,333.0400,269.2800,1.798997
FILLER_94_696,VPWR,li1,326.6000,269.2800,1.799007
FILLER_94_688,VPWR,li1,322.2300,269.2800,1.798802
FILLER_94_681,VPWR,li1,319.4700,269.2800,1.798674
FILLER_94_669,VPWR,li1,316.0200,269.2800,1.798459
FILLER_94_657,VPWR,li1,310.5000,269.2800,1.798215
FILLER_94_645,VPWR,li1,304.9800,269.2800,1.798002
FILLER_94_643,VPWR,li1,301.5300,269.2800,1.797843
FILLER_94_637,VPWR,li1,299.9200,269.2800,1.797748
FILLER_94_625,VPWR,li1,295.7800,269.2800,1.797535
FILLER_94_613,VPWR,li1,290.2600,269.2800,1.797271
FILLER_94_601,VPWR,li1,284.7400,269.2800,1.797067
FILLER_94_589,VPWR,li1,279.2200,269.2800,1.796876
FILLER_94_582,VPWR,li1,274.6200,269.2800,1.796777
FILLER_94_570,VPWR,li1,270.4800,269.2800,1.796660
FILLER_94_558,VPWR,li1,264.9600,269.2800,1.796502
FILLER_94_545,VPWR,li1,258.0600,269.2800,1.796307
FILLER_94_533,VPWR,li1,253.4600,269.2800,1.796177
FILLER_94_528,VPWR,li1,249.3200,269.2800,1.796061
FILLER_94_516,VPWR,li1,243.1100,269.2800,1.795999
FILLER_94_504,VPWR,li1,240.1200,269.2800,1.795992
FILLER_94_492,VPWR,li1,234.6000,269.2800,1.796020
FILLER_94_480,VPWR,li1,229.0800,269.2800,1.796049
FILLER_94_461,VPWR,li1,218.0400,269.2800,1.796401
FILLER_94_454,VPWR,li1,214.8200,269.2800,1.796507
FILLER_94_445,VPWR,li1,210.6800,269.2800,1.796702
FILLER_94_429,VPWR,li1,203.5500,269.2800,1.797048
FILLER_94_421,VPWR,li1,201.0200,269.2800,1.797173
FILLER_94_418,VPWR,li1,198.2600,269.2800,1.797309
FILLER_94_410,VPWR,li1,195.9600,269.2800,1.797458
FILLER_94_380,VPWR,li1,181.2400,269.2800,1.798369
FILLER_94_372,VPWR,li1,176.8700,269.2800,1.798697
FILLER_94_361,VPWR,li1,172.2700,269.2800,1.798819
FILLER_94_353,VPWR,li1,169.7400,269.2800,1.798701
FILLER_94_341,VPWR,li1,165.1400,269.2800,1.798575
FILLER_94_332,VPWR,li1,158.7000,269.2800,1.798317
FILLER_94_306,VPWR,li1,146.7400,269.2800,1.797983
FILLER_94_298,VPWR,li1,144.4400,269.2800,1.797917
FILLER_94_286,VPWR,li1,137.3100,269.2800,1.797754
FILLER_94_278,VPWR,li1,135.2400,269.2800,1.797724
FILLER_94_266,VPWR,li1,130.6400,269.2800,1.797699
FILLER_94_262,VPWR,li1,126.2700,269.2800,1.797699
FILLER_94_253,VPWR,li1,122.3600,269.2800,1.797737
FILLER_94_251,VPWR,li1,121.2100,269.2800,1.797758
FILLER_94_245,VPWR,li1,119.6000,269.2800,1.797758
FILLER_94_233,VPWR,li1,115.4600,269.2800,1.797800
FILLER_94_221,VPWR,li1,109.9400,269.2800,1.797871
FILLER_94_209,VPWR,li1,104.4200,269.2800,1.797923
FILLER_94_197,VPWR,li1,98.9000,269.2800,1.797970
FILLER_94_188,VPWR,li1,93.8400,269.2800,1.798025
FILLER_94_179,VPWR,li1,88.7800,269.2800,1.798095
FILLER_94_165,VPWR,li1,81.6500,269.2800,1.798273
FILLER_94_159,VPWR,li1,80.0400,269.2800,1.798273
FILLER_94_139,VPWR,li1,69.6900,269.2800,1.798523
FILLER_94_133,VPWR,li1,68.0800,269.2800,1.798589
FILLER_94_121,VPWR,li1,63.9400,269.2800,1.798656
FILLER_94_109,VPWR,li1,58.4200,269.2800,1.798791
FILLER_94_97,VPWR,li1,52.9000,269.2800,1.798925
FILLER_94_85,VPWR,li1,47.3800,269.2800,1.799061
FILLER_94_83,VPWR,li1,43.9300,269.2800,1.799191
FILLER_94_77,VPWR,li1,42.3200,269.2800,1.799191
FILLER_94_65,VPWR,li1,38.1800,269.2800,1.799297
FILLER_94_53,VPWR,li1,32.6600,269.2800,1.799438
FILLER_94_41,VPWR,li1,27.1400,269.2800,1.799603
FILLER_94_29,VPWR,li1,21.6200,269.2800,1.799744
FILLER_94_27,VPWR,li1,18.1700,269.2800,1.799744
FILLER_94_15,VPWR,li1,15.1800,269.2800,1.799744
FILLER_94_3,VPWR,li1,9.6600,269.2800,1.799744
FILLER_93_821,VPWR,li1,383.8700,263.8400,1.796679
FILLER_93_809,VPWR,li1,380.4200,263.8400,1.796681
FILLER_93_797,VPWR,li1,374.9000,263.8400,1.796687
FILLER_93_785,VPWR,li1,369.3800,263.8400,1.796692
FILLER_93_783,VPWR,li1,365.9300,263.8400,1.796695
FILLER_93_775,VPWR,li1,363.8600,263.8400,1.796698
FILLER_93_729,VPWR,li1,341.0900,263.8400,1.797582
FILLER_93_726,VPWR,li1,339.9400,263.8400,1.797582
FILLER_93_700,VPWR,li1,329.3600,263.8400,1.798584
FILLER_93_685,VPWR,li1,321.0800,263.8400,1.798307
FILLER_93_677,VPWR,li1,317.1700,263.8400,1.798136
FILLER_93_673,VPWR,li1,316.0200,263.8400,1.798136
FILLER_93_654,VPWR,li1,306.5900,263.8400,1.797816
FILLER_93_641,VPWR,li1,300.6100,263.8400,1.797698
FILLER_93_617,VPWR,li1,290.0300,263.8400,1.797405
FILLER_93_608,VPWR,li1,287.0400,263.8400,1.797336
FILLER_93_601,VPWR,li1,282.6700,263.8400,1.797277
FILLER_93_589,VPWR,li1,279.2200,263.8400,1.797270
FILLER_93_584,VPWR,li1,274.3900,263.8400,1.797267
FILLER_93_568,VPWR,li1,267.4900,263.8400,1.797270
FILLER_93_558,VPWR,li1,262.6600,263.8400,1.797281
FILLER_93_541,VPWR,li1,254.8400,263.8400,1.797300
FILLER_93_529,VPWR,li1,251.6200,263.8400,1.797306
FILLER_93_500,VPWR,li1,236.4400,263.8400,1.797466
FILLER_93_484,VPWR,li1,228.8500,263.8400,1.797588
FILLER_93_476,VPWR,li1,226.3200,263.8400,1.797658
FILLER_93_465,VPWR,li1,220.3400,263.8400,1.797751
FILLER_93_457,VPWR,li1,215.9700,263.8400,1.797885
FILLER_93_449,VPWR,li1,213.9000,263.8400,1.797951
FILLER_93_442,VPWR,li1,210.2200,263.8400,1.798067
FILLER_93_424,VPWR,li1,201.9400,263.8400,1.798332
FILLER_93_412,VPWR,li1,197.8000,263.8400,1.798518
FILLER_93_400,VPWR,li1,192.2800,263.8400,1.798646
FILLER_93_389,VPWR,li1,185.1500,263.8400,1.798898
FILLER_93_382,VPWR,li1,181.4700,263.8400,1.799094
FILLER_93_375,VPWR,li1,178.2500,263.8400,1.799207
FILLER_93_371,VPWR,li1,177.1000,263.8400,1.799335
FILLER_93_348,VPWR,li1,166.5200,263.8400,1.799153
FILLER_93_337,VPWR,li1,161.0000,263.8400,1.799047
FILLER_93_332,VPWR,li1,159.1600,263.8400,1.799009
FILLER_93_305,VPWR,li1,147.6600,263.8400,1.798849
FILLER_93_293,VPWR,li1,143.0600,263.8400,1.798834
FILLER_93_281,VPWR,li1,135.2400,263.8400,1.798813
FILLER_93_276,VPWR,li1,133.4000,263.8400,1.798817
FILLER_93_264,VPWR,li1,129.7200,263.8400,1.798824
FILLER_93_255,VPWR,li1,123.5100,263.8400,1.798839
FILLER_93_244,VPWR,li1,119.1400,263.8400,1.798856
FILLER_93_225,VPWR,li1,109.2500,263.8400,1.798911
FILLER_93_223,VPWR,li1,108.3300,263.8400,1.798911
FILLER_93_215,VPWR,li1,106.2600,263.8400,1.798923
FILLER_93_193,VPWR,li1,97.0600,263.8400,1.798979
FILLER_93_181,VPWR,li1,91.5400,263.8400,1.799013
FILLER_93_175,VPWR,li1,86.2500,263.8400,1.799049
FILLER_93_169,VPWR,li1,84.6400,263.8400,1.799073
FILLER_93_156,VPWR,li1,80.0400,263.8400,1.799097
FILLER_93_144,VPWR,li1,74.5200,263.8400,1.799142
FILLER_93_132,VPWR,li1,69.0000,263.8400,1.799195
FILLER_93_120,VPWR,li1,63.4800,263.8400,1.799239
FILLER_93_111,VPWR,li1,56.8100,263.8400,1.799313
FILLER_93_96,VPWR,li1,51.5200,263.8400,1.799393
FILLER_93_81,VPWR,li1,44.6200,263.8400,1.799481
FILLER_93_69,VPWR,li1,40.0200,263.8400,1.799549
FILLER_93_57,VPWR,li1,34.5000,263.8400,1.799634
FILLER_93_55,VPWR,li1,31.0500,263.8400,1.799704
FILLER_93_51,VPWR,li1,29.9000,263.8400,1.799704
FILLER_93_39,VPWR,li1,26.2200,263.8400,1.799761
FILLER_93_27,VPWR,li1,20.7000,263.8400,1.799846
FILLER_93_15,VPWR,li1,15.1800,263.8400,1.799846
FILLER_93_3,VPWR,li1,9.6600,263.8400,1.799846
FILLER_92_819,VPWR,li1,382.4900,263.8400,1.796679
FILLER_92_813,VPWR,li1,380.8800,263.8400,1.796681
FILLER_92_810,VPWR,li1,378.5800,263.8400,1.796683
FILLER_92_802,VPWR,li1,376.2800,263.8400,1.796687
FILLER_92_790,VPWR,li1,371.6800,263.8400,1.796690
FILLER_92_767,VPWR,li1,359.0300,263.8400,1.796724
FILLER_92_757,VPWR,li1,353.9700,263.8400,1.796821
FILLER_92_755,VPWR,li1,353.0500,263.8400,1.796821
FILLER_92_749,VPWR,li1,350.7500,263.8400,1.796893
FILLER_92_741,VPWR,li1,347.0700,263.8400,1.797102
FILLER_92_718,VPWR,li1,337.1800,263.8400,1.797794
FILLER_92_709,VPWR,li1,332.3500,263.8400,1.798231
FILLER_92_701,VPWR,li1,329.8200,263.8400,1.798584
FILLER_92_694,VPWR,li1,326.1400,263.8400,1.798482
FILLER_92_682,VPWR,li1,322.0000,263.8400,1.798307
FILLER_92_666,VPWR,li1,313.7200,263.8400,1.798067
FILLER_92_657,VPWR,li1,307.9700,263.8400,1.797898
FILLER_92_645,VPWR,li1,304.9800,263.8400,1.797816
FILLER_92_640,VPWR,li1,300.8400,263.8400,1.797698
FILLER_92_628,VPWR,li1,297.1600,263.8400,1.797591
FILLER_92_622,VPWR,li1,292.3300,263.8400,1.797468
FILLER_92_614,VPWR,li1,289.8000,263.8400,1.797405
FILLER_92_603,VPWR,li1,283.8200,263.8400,1.797301
FILLER_92_586,VPWR,li1,275.5400,263.8400,1.797268
FILLER_92_571,VPWR,li1,268.6400,263.8400,1.797270
FILLER_92_557,VPWR,li1,263.5800,263.8400,1.797276
FILLER_92_545,VPWR,li1,258.9800,263.8400,1.797287
FILLER_92_533,VPWR,li1,253.4600,263.8400,1.797300
FILLER_92_529,VPWR,li1,249.5500,263.8400,1.797312
FILLER_92_521,VPWR,li1,247.0200,263.8400,1.797319
FILLER_92_515,VPWR,li1,242.6500,263.8400,1.797391
FILLER_92_511,VPWR,li1,241.5000,263.8400,1.797391
FILLER_92_499,VPWR,li1,237.8200,263.8400,1.797466
FILLER_92_485,VPWR,li1,228.8500,263.8400,1.797588
FILLER_92_477,VPWR,li1,226.7800,263.8400,1.797623
FILLER_92_473,VPWR,li1,223.7900,263.8400,1.797690
FILLER_92_460,VPWR,li1,218.0400,263.8400,1.797827
FILLER_92_448,VPWR,li1,214.3600,263.8400,1.797951
FILLER_92_433,VPWR,li1,207.4600,263.8400,1.798155
FILLER_92_421,VPWR,li1,201.9400,263.8400,1.798332
FILLER_92_418,VPWR,li1,198.2600,263.8400,1.798451
FILLER_92_410,VPWR,li1,194.3500,263.8400,1.798578
FILLER_92_403,VPWR,li1,191.5900,263.8400,1.798714
FILLER_92_385,VPWR,li1,183.0800,263.8400,1.798990
FILLER_92_377,VPWR,li1,180.7800,263.8400,1.799094
FILLER_92_365,VPWR,li1,176.1800,263.8400,1.799335
FILLER_92_356,VPWR,li1,169.9700,263.8400,1.799194
FILLER_92_333,VPWR,li1,158.9300,263.8400,1.799009
FILLER_92_321,VPWR,li1,155.9400,263.8400,1.798955
FILLER_92_309,VPWR,li1,150.4200,263.8400,1.798879
FILLER_92_300,VPWR,li1,144.4400,263.8400,1.798834
FILLER_92_288,VPWR,li1,140.7600,263.8400,1.798818
FILLER_92_276,VPWR,li1,135.2400,263.8400,1.798813
FILLER_92_264,VPWR,li1,129.7200,263.8400,1.798824
FILLER_92_253,VPWR,li1,122.8200,263.8400,1.798845
FILLER_92_240,VPWR,li1,116.8400,263.8400,1.798866
FILLER_92_223,VPWR,li1,109.9400,263.8400,1.798911
FILLER_92_209,VPWR,li1,103.5000,263.8400,1.798940
FILLER_92_197,VPWR,li1,98.9000,263.8400,1.798968
FILLER_92_195,VPWR,li1,95.4500,263.8400,1.798996
FILLER_92_191,VPWR,li1,94.3000,263.8400,1.798996
FILLER_92_172,VPWR,li1,86.0200,263.8400,1.799049
FILLER_92_160,VPWR,li1,79.3500,263.8400,1.799116
FILLER_92_154,VPWR,li1,77.7400,263.8400,1.799116
FILLER_92_129,VPWR,li1,65.7800,263.8400,1.799217
FILLER_92_104,VPWR,li1,56.1200,263.8400,1.799337
FILLER_92_92,VPWR,li1,50.6000,263.8400,1.799393
FILLER_92_83,VPWR,li1,43.9300,263.8400,1.799513
FILLER_92_77,VPWR,li1,42.3200,263.8400,1.799513
FILLER_92_65,VPWR,li1,38.1800,263.8400,1.799577
FILLER_92_53,VPWR,li1,32.6600,263.8400,1.799662
FILLER_92_41,VPWR,li1,27.1400,263.8400,1.799761
FILLER_92_29,VPWR,li1,21.6200,263.8400,1.799846
FILLER_92_27,VPWR,li1,18.1700,263.8400,1.799846
FILLER_92_15,VPWR,li1,15.1800,263.8400,1.799846
FILLER_92_3,VPWR,li1,9.6600,263.8400,1.799846
FILLER_91_809,VPWR,li1,380.4200,258.4000,1.799697
FILLER_91_797,VPWR,li1,374.9000,258.4000,1.799697
FILLER_91_785,VPWR,li1,369.3800,258.4000,1.799698
FILLER_91_783,VPWR,li1,365.9300,258.4000,1.799698
FILLER_91_777,VPWR,li1,364.3200,258.4000,1.799698
FILLER_91_765,VPWR,li1,360.1800,258.4000,1.799699
FILLER_91_753,VPWR,li1,354.6600,258.4000,1.799700
FILLER_91_741,VPWR,li1,349.1400,258.4000,1.799703
FILLER_91_729,VPWR,li1,343.6200,258.4000,1.799705
FILLER_91_727,VPWR,li1,340.1700,258.4000,1.799708
FILLER_91_719,VPWR,li1,338.1000,258.4000,1.799709
FILLER_91_707,VPWR,li1,333.5000,258.4000,1.799712
FILLER_91_685,VPWR,li1,322.4600,258.4000,1.799572
FILLER_91_673,VPWR,li1,315.5600,258.4000,1.799447
FILLER_91_671,VPWR,li1,314.4100,258.4000,1.799447
FILLER_91_661,VPWR,li1,310.2700,258.4000,1.799402
FILLER_91_653,VPWR,li1,307.7400,258.4000,1.799376
FILLER_91_641,VPWR,li1,303.1400,258.4000,1.799327
FILLER_91_629,VPWR,li1,297.6200,258.4000,1.799294
FILLER_91_617,VPWR,li1,292.1000,258.4000,1.799247
FILLER_91_614,VPWR,li1,288.4200,258.4000,1.799216
FILLER_91_606,VPWR,li1,286.1200,258.4000,1.799192
FILLER_91_588,VPWR,li1,276.9200,258.4000,1.799147
FILLER_91_576,VPWR,li1,273.2400,258.4000,1.799143
FILLER_91_561,VPWR,li1,264.0400,258.4000,1.799129
FILLER_91_546,VPWR,li1,256.9100,258.4000,1.799123
FILLER_91_540,VPWR,li1,255.3000,258.4000,1.799121
FILLER_91_521,VPWR,li1,245.4100,258.4000,1.799146
FILLER_91_517,VPWR,li1,244.2600,258.4000,1.799146
FILLER_91_505,VPWR,li1,240.5800,258.4000,1.799177
FILLER_91_500,VPWR,li1,236.4400,258.4000,1.799217
FILLER_91_495,VPWR,li1,233.4500,258.4000,1.799236
FILLER_91_483,VPWR,li1,230.4600,258.4000,1.799261
FILLER_91_471,VPWR,li1,224.9400,258.4000,1.799316
FILLER_91_458,VPWR,li1,218.0400,258.4000,1.799378
FILLER_91_449,VPWR,li1,212.5200,258.4000,1.799425
FILLER_91_440,VPWR,li1,208.1500,258.4000,1.799473
FILLER_91_434,VPWR,li1,206.5400,258.4000,1.799473
FILLER_91_406,VPWR,li1,192.7400,258.4000,1.799609
FILLER_91_393,VPWR,li1,187.6800,258.4000,1.799678
FILLER_91_382,VPWR,li1,181.9300,258.4000,1.799720
FILLER_91_374,VPWR,li1,179.4000,258.4000,1.799746
FILLER_91_364,VPWR,li1,174.3400,258.4000,1.799759
FILLER_91_352,VPWR,li1,170.2000,258.4000,1.799727
FILLER_91_344,VPWR,li1,164.4500,258.4000,1.799668
FILLER_91_329,VPWR,li1,157.7800,258.4000,1.799601
FILLER_91_322,VPWR,li1,153.8700,258.4000,1.799562
FILLER_91_316,VPWR,li1,152.2600,258.4000,1.799534
FILLER_91_297,VPWR,li1,142.8300,258.4000,1.799464
FILLER_91_289,VPWR,li1,140.3000,258.4000,1.799452
FILLER_91_281,VPWR,li1,135.0100,258.4000,1.799428
FILLER_91_272,VPWR,li1,131.3300,258.4000,1.799412
FILLER_91_260,VPWR,li1,125.3500,258.4000,1.799405
FILLER_91_252,VPWR,li1,123.2800,258.4000,1.799411
FILLER_91_244,VPWR,li1,117.9900,258.4000,1.799419
FILLER_91_232,VPWR,li1,115.0000,258.4000,1.799428
FILLER_91_222,VPWR,li1,108.1000,258.4000,1.799444
FILLER_91_205,VPWR,li1,100.7400,258.4000,1.799466
FILLER_91_187,VPWR,li1,92.2300,258.4000,1.799494
FILLER_91_179,VPWR,li1,89.7000,258.4000,1.799501
FILLER_91_173,VPWR,li1,85.3300,258.4000,1.799516
FILLER_91_169,VPWR,li1,84.1800,258.4000,1.799525
FILLER_91_156,VPWR,li1,80.0400,258.4000,1.799542
FILLER_91_149,VPWR,li1,74.2900,258.4000,1.799558
FILLER_91_143,VPWR,li1,72.6800,258.4000,1.799566
FILLER_91_138,VPWR,li1,69.2300,258.4000,1.799583
FILLER_91_126,VPWR,li1,66.2400,258.4000,1.799595
FILLER_91_111,VPWR,li1,56.8100,258.4000,1.799641
FILLER_91_105,VPWR,li1,55.2000,258.4000,1.799653
FILLER_91_93,VPWR,li1,51.0600,258.4000,1.799680
FILLER_91_81,VPWR,li1,45.5400,258.4000,1.799732
FILLER_91_69,VPWR,li1,40.0200,258.4000,1.799767
FILLER_91_57,VPWR,li1,34.5000,258.4000,1.799811
FILLER_91_55,VPWR,li1,31.0500,258.4000,1.799847
FILLER_91_51,VPWR,li1,29.9000,258.4000,1.799847
FILLER_91_39,VPWR,li1,26.2200,258.4000,1.799877
FILLER_91_27,VPWR,li1,20.7000,258.4000,1.799921
FILLER_91_15,VPWR,li1,15.1800,258.4000,1.799921
FILLER_91_3,VPWR,li1,9.6600,258.4000,1.799921
FILLER_90_819,VPWR,li1,382.4900,258.4000,1.799696
FILLER_90_813,VPWR,li1,380.8800,258.4000,1.799696
FILLER_90_811,VPWR,li1,378.8100,258.4000,1.799697
FILLER_90_803,VPWR,li1,376.7400,258.4000,1.799697
FILLER_90_791,VPWR,li1,372.1400,258.4000,1.799697
FILLER_90_779,VPWR,li1,366.6200,258.4000,1.799698
FILLER_90_767,VPWR,li1,361.1000,258.4000,1.799699
FILLER_90_746,VPWR,li1,349.1400,258.4000,1.799703
FILLER_90_734,VPWR,li1,343.6200,258.4000,1.799705
FILLER_90_722,VPWR,li1,340.4000,258.4000,1.799708
FILLER_90_712,VPWR,li1,333.2700,258.4000,1.799713
FILLER_90_706,VPWR,li1,331.6600,258.4000,1.799713
FILLER_90_696,VPWR,li1,326.6000,258.4000,1.799662
FILLER_90_687,VPWR,li1,322.2300,258.4000,1.799572
FILLER_90_675,VPWR,li1,318.7800,258.4000,1.799490
FILLER_90_652,VPWR,li1,307.2800,258.4000,1.799376
FILLER_90_645,VPWR,li1,303.1400,258.4000,1.799327
FILLER_90_643,VPWR,li1,301.5300,258.4000,1.799327
FILLER_90_631,VPWR,li1,298.5400,258.4000,1.799294
FILLER_90_623,VPWR,li1,292.3300,258.4000,1.799247
FILLER_90_615,VPWR,li1,290.2600,258.4000,1.799231
FILLER_90_603,VPWR,li1,285.6600,258.4000,1.799192
FILLER_90_589,VPWR,li1,277.3800,258.4000,1.799147
FILLER_90_580,VPWR,li1,274.1600,258.4000,1.799143
FILLER_90_568,VPWR,li1,269.5600,258.4000,1.799137
FILLER_90_564,VPWR,li1,265.1900,258.4000,1.799131
FILLER_90_556,VPWR,li1,263.1200,258.4000,1.799129
FILLER_90_541,VPWR,li1,254.8400,258.4000,1.799121
FILLER_90_533,VPWR,li1,252.5400,258.4000,1.799119
FILLER_90_528,VPWR,li1,249.3200,258.4000,1.799118
FILLER_90_514,VPWR,li1,242.4200,258.4000,1.799162
FILLER_90_502,VPWR,li1,239.2000,258.4000,1.799201
FILLER_90_486,VPWR,li1,230.4600,258.4000,1.799261
FILLER_90_477,VPWR,li1,225.4000,258.4000,1.799316
FILLER_90_474,VPWR,li1,224.0200,258.4000,1.799316
FILLER_90_458,VPWR,li1,216.8900,258.4000,1.799378
FILLER_90_450,VPWR,li1,214.3600,258.4000,1.799400
FILLER_90_445,VPWR,li1,210.4500,258.4000,1.799451
FILLER_90_439,VPWR,li1,208.8400,258.4000,1.799451
FILLER_90_427,VPWR,li1,204.7000,258.4000,1.799499
FILLER_90_408,VPWR,li1,195.9600,258.4000,1.799591
FILLER_90_402,VPWR,li1,190.6700,258.4000,1.799631
FILLER_90_394,VPWR,li1,188.6000,258.4000,1.799652
FILLER_90_382,VPWR,li1,184.0000,258.4000,1.799699
FILLER_90_369,VPWR,li1,175.4900,258.4000,1.799788
FILLER_90_365,VPWR,li1,174.3400,258.4000,1.799759
FILLER_90_363,VPWR,li1,172.7300,258.4000,1.799759
FILLER_90_351,VPWR,li1,169.7400,258.4000,1.799727
FILLER_90_339,VPWR,li1,164.2200,258.4000,1.799668
FILLER_90_327,VPWR,li1,158.7000,258.4000,1.799601
FILLER_90_319,VPWR,li1,152.4900,258.4000,1.799534
FILLER_90_307,VPWR,li1,146.9700,258.4000,1.799494
FILLER_90_302,VPWR,li1,144.9000,258.4000,1.799474
FILLER_90_290,VPWR,li1,141.6800,258.4000,1.799452
FILLER_90_278,VPWR,li1,136.1600,258.4000,1.799428
FILLER_90_266,VPWR,li1,130.6400,258.4000,1.799402
FILLER_90_257,VPWR,li1,124.2000,258.4000,1.799405
FILLER_90_253,VPWR,li1,122.1300,258.4000,1.799411
FILLER_90_248,VPWR,li1,120.5200,258.4000,1.799414
FILLER_90_239,VPWR,li1,115.9200,258.4000,1.799428
FILLER_90_230,VPWR,li1,111.5500,258.4000,1.799438
FILLER_90_226,VPWR,li1,110.4000,258.4000,1.799438
FILLER_90_214,VPWR,li1,106.7200,258.4000,1.799449
FILLER_90_202,VPWR,li1,101.2000,258.4000,1.799466
FILLER_90_195,VPWR,li1,95.4500,258.4000,1.799482
FILLER_90_187,VPWR,li1,91.7700,258.4000,1.799494
FILLER_90_179,VPWR,li1,89.7000,258.4000,1.799501
FILLER_90_168,VPWR,li1,83.0300,258.4000,1.799525
FILLER_90_160,VPWR,li1,79.3500,258.4000,1.799542
FILLER_90_149,VPWR,li1,74.2900,258.4000,1.799558
FILLER_90_141,VPWR,li1,72.2200,258.4000,1.799566
FILLER_90_139,VPWR,li1,69.6900,258.4000,1.799583
FILLER_90_133,VPWR,li1,68.0800,258.4000,1.799583
FILLER_90_118,VPWR,li1,60.2600,258.4000,1.799626
FILLER_90_110,VPWR,li1,57.9600,258.4000,1.799641
FILLER_90_85,VPWR,li1,46.0000,258.4000,1.799732
FILLER_90_83,VPWR,li1,43.9300,258.4000,1.799749
FILLER_90_77,VPWR,li1,42.3200,258.4000,1.799749
FILLER_90_65,VPWR,li1,38.1800,258.4000,1.799782
FILLER_90_53,VPWR,li1,32.6600,258.4000,1.799826
FILLER_90_41,VPWR,li1,27.1400,258.4000,1.799877
FILLER_90_29,VPWR,li1,21.6200,258.4000,1.799921
FILLER_90_27,VPWR,li1,18.1700,258.4000,1.799921
FILLER_90_15,VPWR,li1,15.1800,258.4000,1.799921
FILLER_90_3,VPWR,li1,9.6600,258.4000,1.799921
FILLER_89_809,VPWR,li1,380.4200,252.9600,1.799735
FILLER_89_797,VPWR,li1,374.9000,252.9600,1.799735
FILLER_89_785,VPWR,li1,369.3800,252.9600,1.799735
FILLER_89_783,VPWR,li1,365.9300,252.9600,1.799735
FILLER_89_771,VPWR,li1,362.9400,252.9600,1.799735
FILLER_89_756,VPWR,li1,353.5100,252.9600,1.799745
FILLER_89_751,VPWR,li1,351.4400,252.9600,1.799750
FILLER_89_729,VPWR,li1,343.6200,252.9600,1.799769
FILLER_89_727,VPWR,li1,340.1700,252.9600,1.799777
FILLER_89_712,VPWR,li1,333.2700,252.9600,1.799796
FILLER_89_704,VPWR,li1,329.5900,252.9600,1.799809
FILLER_89_694,VPWR,li1,325.4500,252.9600,1.799758
FILLER_89_685,VPWR,li1,321.0800,252.9600,1.799717
FILLER_89_673,VPWR,li1,317.8600,252.9600,1.799698
FILLER_89_671,VPWR,li1,314.4100,252.9600,1.799674
FILLER_89_661,VPWR,li1,310.2700,252.9600,1.799653
FILLER_89_610,VPWR,li1,287.5000,252.9600,1.799600
FILLER_89_598,VPWR,li1,283.3600,252.9600,1.799597
FILLER_89_594,VPWR,li1,278.9900,252.9600,1.799592
FILLER_89_586,VPWR,li1,276.9200,252.9600,1.799589
FILLER_89_574,VPWR,li1,272.3200,252.9600,1.799585
FILLER_89_539,VPWR,li1,254.8400,252.9600,1.799575
FILLER_89_505,VPWR,li1,239.6600,252.9600,1.799595
FILLER_89_503,VPWR,li1,237.1300,252.9600,1.799605
FILLER_89_499,VPWR,li1,235.9800,252.9600,1.799605
FILLER_89_487,VPWR,li1,232.3000,252.9600,1.799621
FILLER_89_471,VPWR,li1,223.5600,252.9600,1.799663
FILLER_89_461,VPWR,li1,218.5000,252.9600,1.799691
FILLER_89_449,VPWR,li1,214.8200,252.9600,1.799708
FILLER_89_444,VPWR,li1,210.6800,252.9600,1.799722
FILLER_89_433,VPWR,li1,204.9300,252.9600,1.799752
FILLER_89_429,VPWR,li1,203.7800,252.9600,1.799764
FILLER_89_417,VPWR,li1,200.1000,252.9600,1.799778
FILLER_89_405,VPWR,li1,194.5800,252.9600,1.799809
FILLER_89_393,VPWR,li1,189.0600,252.9600,1.799842
FILLER_89_389,VPWR,li1,185.1500,252.9600,1.799857
FILLER_89_373,VPWR,li1,177.3300,252.9600,1.799900
FILLER_89_367,VPWR,li1,175.7200,252.9600,1.799911
FILLER_89_355,VPWR,li1,171.5800,252.9600,1.799897
FILLER_89_341,VPWR,li1,162.6100,252.9600,1.799869
FILLER_89_337,VPWR,li1,161.4600,252.9600,1.799869
FILLER_89_335,VPWR,li1,159.8500,252.9600,1.799864
FILLER_89_331,VPWR,li1,158.7000,252.9600,1.799857
FILLER_89_319,VPWR,li1,155.0200,252.9600,1.799848
FILLER_89_311,VPWR,li1,148.8100,252.9600,1.799836
FILLER_89_303,VPWR,li1,146.7400,252.9600,1.799831
FILLER_89_293,VPWR,li1,140.5300,252.9600,1.799813
FILLER_89_281,VPWR,li1,135.4700,252.9600,1.799805
FILLER_89_274,VPWR,li1,132.9400,252.9600,1.799800
FILLER_89_261,VPWR,li1,126.0400,252.9600,1.799786
FILLER_89_249,VPWR,li1,122.8200,252.9600,1.799777
FILLER_89_233,VPWR,li1,112.9300,252.9600,1.799775
FILLER_89_225,VPWR,li1,110.8600,252.9600,1.799775
FILLER_89_223,VPWR,li1,108.3300,252.9600,1.799776
FILLER_89_215,VPWR,li1,106.2600,252.9600,1.799778
FILLER_89_211,VPWR,li1,102.8100,252.9600,1.799778
FILLER_89_199,VPWR,li1,99.8200,252.9600,1.799780
FILLER_89_181,VPWR,li1,91.5400,252.9600,1.799786
FILLER_89_169,VPWR,li1,86.0200,252.9600,1.799790
FILLER_89_162,VPWR,li1,81.4200,252.9600,1.799794
FILLER_89_149,VPWR,li1,74.5200,252.9600,1.799803
FILLER_89_137,VPWR,li1,71.3000,252.9600,1.799808
FILLER_89_125,VPWR,li1,65.7800,252.9600,1.799815
FILLER_89_113,VPWR,li1,60.2600,252.9600,1.799827
FILLER_89_110,VPWR,li1,56.5800,252.9600,1.799833
FILLER_89_98,VPWR,li1,53.3600,252.9600,1.799841
FILLER_89_89,VPWR,li1,47.1500,252.9600,1.799858
FILLER_89_81,VPWR,li1,44.6200,252.9600,1.799865
FILLER_89_69,VPWR,li1,40.0200,252.9600,1.799883
FILLER_89_57,VPWR,li1,34.5000,252.9600,1.799905
FILLER_89_55,VPWR,li1,31.0500,252.9600,1.799919
FILLER_89_43,VPWR,li1,28.0600,252.9600,1.799935
FILLER_89_31,VPWR,li1,22.5400,252.9600,1.799958
FILLER_89_19,VPWR,li1,17.0200,252.9600,1.799957
FILLER_89_7,VPWR,li1,11.5000,252.9600,1.799957
FILLER_88_821,VPWR,li1,383.8700,252.9600,1.799735
FILLER_88_813,VPWR,li1,381.3400,252.9600,1.799735
FILLER_88_810,VPWR,li1,378.5800,252.9600,1.799735
FILLER_88_798,VPWR,li1,375.3600,252.9600,1.799735
FILLER_88_786,VPWR,li1,369.8400,252.9600,1.799735
FILLER_88_774,VPWR,li1,364.3200,252.9600,1.799735
FILLER_88_765,VPWR,li1,357.8800,252.9600,1.799735
FILLER_88_757,VPWR,li1,355.5800,252.9600,1.799741
FILLER_88_748,VPWR,li1,351.4400,252.9600,1.799750
FILLER_88_740,VPWR,li1,346.6100,252.9600,1.799761
FILLER_88_732,VPWR,li1,344.0800,252.9600,1.799769
FILLER_88_720,VPWR,li1,339.4800,252.9600,1.799782
FILLER_88_713,VPWR,li1,333.9600,252.9600,1.799796
FILLER_88_701,VPWR,li1,330.7400,252.9600,1.799809
FILLER_88_699,VPWR,li1,327.2900,252.9600,1.799781
FILLER_88_691,VPWR,li1,325.2200,252.9600,1.799758
FILLER_88_679,VPWR,li1,320.6200,252.9600,1.799717
FILLER_88_667,VPWR,li1,315.1000,252.9600,1.799674
FILLER_88_650,VPWR,li1,305.9000,252.9600,1.799637
FILLER_88_643,VPWR,li1,301.5300,252.9600,1.799619
FILLER_88_637,VPWR,li1,298.7700,252.9600,1.799616
FILLER_88_633,VPWR,li1,297.6200,252.9600,1.799616
FILLER_88_629,VPWR,li1,295.0900,252.9600,1.799612
FILLER_88_620,VPWR,li1,290.9500,252.9600,1.799606
FILLER_88_589,VPWR,li1,276.9200,252.9600,1.799589
FILLER_88_587,VPWR,li1,275.7700,252.9600,1.799587
FILLER_88_583,VPWR,li1,274.6200,252.9600,1.799587
FILLER_88_567,VPWR,li1,266.5700,252.9600,1.799579
FILLER_88_563,VPWR,li1,265.4200,252.9600,1.799579
FILLER_88_558,VPWR,li1,262.8900,252.9600,1.799578
FILLER_88_537,VPWR,li1,252.7700,252.9600,1.799575
FILLER_88_533,VPWR,li1,251.6200,252.9600,1.799575
FILLER_88_530,VPWR,li1,249.7800,252.9600,1.799575
FILLER_88_516,VPWR,li1,243.5700,252.9600,1.799575
FILLER_88_508,VPWR,li1,241.0400,252.9600,1.799584
FILLER_88_495,VPWR,li1,233.6800,252.9600,1.799621
FILLER_88_484,VPWR,li1,228.3900,252.9600,1.799638
FILLER_88_466,VPWR,li1,220.5700,252.9600,1.799674
FILLER_88_454,VPWR,li1,217.1200,252.9600,1.799691
FILLER_88_427,VPWR,li1,202.6300,252.9600,1.799764
FILLER_88_421,VPWR,li1,199.8700,252.9600,1.799778
FILLER_88_416,VPWR,li1,197.8000,252.9600,1.799789
FILLER_88_404,VPWR,li1,194.1200,252.9600,1.799809
FILLER_88_395,VPWR,li1,187.9100,252.9600,1.799842
FILLER_88_385,VPWR,li1,183.3100,252.9600,1.799867
FILLER_88_377,VPWR,li1,179.1700,252.9600,1.799890
FILLER_88_371,VPWR,li1,177.5600,252.9600,1.799900
FILLER_88_362,VPWR,li1,172.5000,252.9600,1.799897
FILLER_88_328,VPWR,li1,157.0900,252.9600,1.799857
FILLER_88_317,VPWR,li1,152.0300,252.9600,1.799841
FILLER_88_309,VPWR,li1,149.5000,252.9600,1.799836
FILLER_88_274,VPWR,li1,133.4000,252.9600,1.799800
FILLER_88_263,VPWR,li1,127.8800,252.9600,1.799790
FILLER_88_257,VPWR,li1,124.4300,252.9600,1.799781
FILLER_88_253,VPWR,li1,122.1300,252.9600,1.799777
FILLER_88_251,VPWR,li1,121.2100,252.9600,1.799777
FILLER_88_247,VPWR,li1,120.0600,252.9600,1.799774
FILLER_88_235,VPWR,li1,116.3800,252.9600,1.799774
FILLER_88_214,VPWR,li1,104.8800,252.9600,1.799778
FILLER_88_207,VPWR,li1,101.2000,252.9600,1.799780
FILLER_88_195,VPWR,li1,95.4500,252.9600,1.799782
FILLER_88_172,VPWR,li1,87.4000,252.9600,1.799790
FILLER_88_141,VPWR,li1,70.6100,252.9600,1.799808
FILLER_88_130,VPWR,li1,66.2400,252.9600,1.799815
FILLER_88_116,VPWR,li1,59.1100,252.9600,1.799827
FILLER_88_104,VPWR,li1,56.1200,252.9600,1.799833
FILLER_88_83,VPWR,li1,43.9300,252.9600,1.799874
FILLER_88_77,VPWR,li1,42.3200,252.9600,1.799874
FILLER_88_65,VPWR,li1,38.1800,252.9600,1.799890
FILLER_88_53,VPWR,li1,32.6600,252.9600,1.799919
FILLER_88_41,VPWR,li1,27.1400,252.9600,1.799935
FILLER_88_29,VPWR,li1,21.6200,252.9600,1.799958
FILLER_88_27,VPWR,li1,18.1700,252.9600,1.799957
FILLER_88_15,VPWR,li1,15.1800,252.9600,1.799957
FILLER_88_3,VPWR,li1,9.6600,252.9600,1.799956
FILLER_87_809,VPWR,li1,380.4200,247.5200,1.799051
FILLER_87_797,VPWR,li1,374.9000,247.5200,1.799057
FILLER_87_785,VPWR,li1,369.3800,247.5200,1.799067
FILLER_87_764,VPWR,li1,357.1900,247.5200,1.799144
FILLER_87_741,VPWR,li1,347.0700,247.5200,1.799348
FILLER_87_729,VPWR,li1,343.6200,247.5200,1.799408
FILLER_87_727,VPWR,li1,340.1700,247.5200,1.799493
FILLER_87_723,VPWR,li1,339.0200,247.5200,1.799493
FILLER_87_705,VPWR,li1,331.2000,247.5200,1.799669
FILLER_87_693,VPWR,li1,327.0600,247.5200,1.799726
FILLER_87_673,VPWR,li1,315.7900,247.5200,1.799693
FILLER_87_670,VPWR,li1,314.1800,247.5200,1.799688
FILLER_87_658,VPWR,li1,310.9600,247.5200,1.799683
FILLER_87_647,VPWR,li1,304.9800,247.5200,1.799669
FILLER_87_635,VPWR,li1,300.3800,247.5200,1.799655
FILLER_87_623,VPWR,li1,294.8600,247.5200,1.799642
FILLER_87_614,VPWR,li1,288.4200,247.5200,1.799631
FILLER_87_607,VPWR,li1,284.9700,247.5200,1.799621
FILLER_87_603,VPWR,li1,283.1300,247.5200,1.799617
FILLER_87_576,VPWR,li1,273.2400,247.5200,1.799600
FILLER_87_567,VPWR,li1,266.8000,247.5200,1.799589
FILLER_87_559,VPWR,li1,262.8900,247.5200,1.799581
FILLER_87_532,VPWR,li1,250.4700,247.5200,1.799564
FILLER_87_524,VPWR,li1,248.4000,247.5200,1.799561
FILLER_87_512,VPWR,li1,243.8000,247.5200,1.799555
FILLER_87_495,VPWR,li1,233.4500,247.5200,1.799542
FILLER_87_489,VPWR,li1,231.8400,247.5200,1.799542
FILLER_87_473,VPWR,li1,223.3300,247.5200,1.799535
FILLER_87_461,VPWR,li1,220.3400,247.5200,1.799533
FILLER_87_449,VPWR,li1,214.8200,247.5200,1.799549
FILLER_87_447,VPWR,li1,211.3700,247.5200,1.799581
FILLER_87_443,VPWR,li1,210.2200,247.5200,1.799581
FILLER_87_435,VPWR,li1,206.0800,247.5200,1.799611
FILLER_87_427,VPWR,li1,203.7800,247.5200,1.799629
FILLER_87_405,VPWR,li1,192.2800,247.5200,1.799714
FILLER_87_391,VPWR,li1,185.6100,247.5200,1.799776
FILLER_87_385,VPWR,li1,184.0000,247.5200,1.799776
FILLER_87_376,VPWR,li1,178.9400,247.5200,1.799816
FILLER_87_344,VPWR,li1,164.6800,247.5200,1.799772
FILLER_87_335,VPWR,li1,159.8500,247.5200,1.799727
FILLER_87_329,VPWR,li1,158.2400,247.5200,1.799727
FILLER_87_320,VPWR,li1,153.1800,247.5200,1.799692
FILLER_87_312,VPWR,li1,150.8800,247.5200,1.799676
FILLER_87_300,VPWR,li1,146.2800,247.5200,1.799670
FILLER_87_289,VPWR,li1,138.6900,247.5200,1.799661
FILLER_87_281,VPWR,li1,136.6200,247.5200,1.799659
FILLER_87_256,VPWR,li1,123.7400,247.5200,1.799646
FILLER_87_246,VPWR,li1,119.3700,247.5200,1.799642
FILLER_87_238,VPWR,li1,116.8400,247.5200,1.799640
FILLER_87_229,VPWR,li1,111.0900,247.5200,1.799643
FILLER_87_225,VPWR,li1,109.9400,247.5200,1.799643
FILLER_87_218,VPWR,li1,107.1800,247.5200,1.799647
FILLER_87_208,VPWR,li1,101.8900,247.5200,1.799656
FILLER_87_200,VPWR,li1,99.3600,247.5200,1.799662
FILLER_87_185,VPWR,li1,91.3100,247.5200,1.799678
FILLER_87_177,VPWR,li1,88.7800,247.5200,1.799684
FILLER_87_167,VPWR,li1,82.5700,247.5200,1.799702
FILLER_87_163,VPWR,li1,81.4200,247.5200,1.799702
FILLER_87_127,VPWR,li1,65.7800,247.5200,1.799750
FILLER_87_113,VPWR,li1,57.7300,247.5200,1.799779
FILLER_87_110,VPWR,li1,56.5800,247.5200,1.799788
FILLER_87_98,VPWR,li1,53.3600,247.5200,1.799803
FILLER_87_92,VPWR,li1,48.0700,247.5200,1.799827
FILLER_87_81,VPWR,li1,44.6200,247.5200,1.799838
FILLER_87_69,VPWR,li1,40.0200,247.5200,1.799859
FILLER_87_57,VPWR,li1,34.5000,247.5200,1.799886
FILLER_87_55,VPWR,li1,31.0500,247.5200,1.799903
FILLER_87_43,VPWR,li1,28.0600,247.5200,1.799922
FILLER_87_31,VPWR,li1,22.5400,247.5200,1.799950
FILLER_87_19,VPWR,li1,17.0200,247.5200,1.799949
FILLER_87_7,VPWR,li1,11.5000,247.5200,1.799948
FILLER_86_819,VPWR,li1,382.4900,247.5200,1.799049
FILLER_86_813,VPWR,li1,380.8800,247.5200,1.799051
FILLER_86_808,VPWR,li1,378.1200,247.5200,1.799054
FILLER_86_782,VPWR,li1,366.6200,247.5200,1.799074
FILLER_86_769,VPWR,li1,359.7200,247.5200,1.799113
FILLER_86_757,VPWR,li1,354.6600,247.5200,1.799187
FILLER_86_752,VPWR,li1,352.3600,247.5200,1.799228
FILLER_86_727,VPWR,li1,340.6300,247.5200,1.799493
FILLER_86_713,VPWR,li1,334.1900,247.5200,1.799600
FILLER_86_701,VPWR,li1,328.4400,247.5200,1.799733
FILLER_86_699,VPWR,li1,327.2900,247.5200,1.799726
FILLER_86_665,VPWR,li1,311.6500,247.5200,1.799683
FILLER_86_651,VPWR,li1,305.2100,247.5200,1.799669
FILLER_86_645,VPWR,li1,303.6000,247.5200,1.799662
FILLER_86_632,VPWR,li1,299.0000,247.5200,1.799655
FILLER_86_620,VPWR,li1,293.4800,247.5200,1.799642
FILLER_86_608,VPWR,li1,287.9600,247.5200,1.799627
FILLER_86_601,VPWR,li1,282.2100,247.5200,1.799617
FILLER_86_589,VPWR,li1,279.2200,247.5200,1.799612
FILLER_86_587,VPWR,li1,275.7700,247.5200,1.799606
FILLER_86_575,VPWR,li1,272.7800,247.5200,1.799600
FILLER_86_568,VPWR,li1,267.0300,247.5200,1.799589
FILLER_86_560,VPWR,li1,264.9600,247.5200,1.799586
FILLER_86_551,VPWR,li1,259.6700,247.5200,1.799577
FILLER_86_533,VPWR,li1,251.3900,247.5200,1.799564
FILLER_86_526,VPWR,li1,248.8600,247.5200,1.799561
FILLER_86_514,VPWR,li1,244.7200,247.5200,1.799555
FILLER_86_502,VPWR,li1,239.2000,247.5200,1.799549
FILLER_86_490,VPWR,li1,233.6800,247.5200,1.799544
FILLER_86_468,VPWR,li1,222.6400,247.5200,1.799535
FILLER_86_454,VPWR,li1,214.8200,247.5200,1.799549
FILLER_86_446,VPWR,li1,210.9100,247.5200,1.799581
FILLER_86_432,VPWR,li1,204.4700,247.5200,1.799629
FILLER_86_421,VPWR,li1,199.4100,247.5200,1.799663
FILLER_86_412,VPWR,li1,195.2700,247.5200,1.799699
FILLER_86_408,VPWR,li1,194.1200,247.5200,1.799699
FILLER_86_395,VPWR,li1,187.6800,247.5200,1.799760
FILLER_86_383,VPWR,li1,184.4600,247.5200,1.799776
FILLER_86_371,VPWR,li1,178.9400,247.5200,1.799816
FILLER_86_365,VPWR,li1,173.6500,247.5200,1.799829
FILLER_86_362,VPWR,li1,172.5000,247.5200,1.799829
FILLER_86_350,VPWR,li1,169.2800,247.5200,1.799805
FILLER_86_338,VPWR,li1,163.7600,247.5200,1.799754
FILLER_86_326,VPWR,li1,158.2400,247.5200,1.799727
FILLER_86_309,VPWR,li1,148.5800,247.5200,1.799673
FILLER_86_304,VPWR,li1,146.2800,247.5200,1.799670
FILLER_86_292,VPWR,li1,142.6000,247.5200,1.799666
FILLER_86_280,VPWR,li1,137.0800,247.5200,1.799659
FILLER_86_273,VPWR,li1,131.5600,247.5200,1.799653
FILLER_86_261,VPWR,li1,128.3400,247.5200,1.799650
FILLER_86_253,VPWR,li1,122.5900,247.5200,1.799644
FILLER_86_244,VPWR,li1,119.6000,247.5200,1.799642
FILLER_86_232,VPWR,li1,115.0000,247.5200,1.799638
FILLER_86_220,VPWR,li1,109.4800,247.5200,1.799643
FILLER_86_213,VPWR,li1,103.7300,247.5200,1.799652
FILLER_86_209,VPWR,li1,102.5800,247.5200,1.799656
FILLER_86_197,VPWR,li1,98.9000,247.5200,1.799662
FILLER_86_190,VPWR,li1,94.3000,247.5200,1.799673
FILLER_86_181,VPWR,li1,90.1600,247.5200,1.799684
FILLER_86_169,VPWR,li1,86.0200,247.5200,1.799695
FILLER_86_151,VPWR,li1,77.7400,247.5200,1.799713
FILLER_86_141,VPWR,li1,71.7600,247.5200,1.799730
FILLER_86_139,VPWR,li1,69.6900,247.5200,1.799737
FILLER_86_127,VPWR,li1,66.7000,247.5200,1.799750
FILLER_86_103,VPWR,li1,55.6600,247.5200,1.799788
FILLER_86_93,VPWR,li1,48.5300,247.5200,1.799818
FILLER_86_85,VPWR,li1,46.4600,247.5200,1.799827
FILLER_86_83,VPWR,li1,43.9300,247.5200,1.799848
FILLER_86_77,VPWR,li1,42.3200,247.5200,1.799848
FILLER_86_65,VPWR,li1,38.1800,247.5200,1.799868
FILLER_86_53,VPWR,li1,32.6600,247.5200,1.799903
FILLER_86_41,VPWR,li1,27.1400,247.5200,1.799922
FILLER_86_29,VPWR,li1,21.6200,247.5200,1.799950
FILLER_86_27,VPWR,li1,18.1700,247.5200,1.799949
FILLER_86_19,VPWR,li1,16.1000,247.5200,1.799949
FILLER_86_7,VPWR,li1,11.5000,247.5200,1.799948
FILLER_85_816,VPWR,li1,381.8000,242.0800,1.799405
FILLER_85_804,VPWR,li1,378.1200,242.0800,1.799405
FILLER_85_792,VPWR,li1,372.6000,242.0800,1.799406
FILLER_85_783,VPWR,li1,365.9300,242.0800,1.799413
FILLER_85_779,VPWR,li1,364.7800,242.0800,1.799413
FILLER_85_771,VPWR,li1,360.4100,242.0800,1.799422
FILLER_85_763,VPWR,li1,356.7300,242.0800,1.799442
FILLER_85_743,VPWR,li1,347.9900,242.0800,1.799526
FILLER_85_729,VPWR,li1,341.0900,242.0800,1.799600
FILLER_85_721,VPWR,li1,337.6400,242.0800,1.799657
FILLER_85_706,VPWR,li1,330.9700,242.0800,1.799761
FILLER_85_702,VPWR,li1,328.6700,242.0800,1.799792
FILLER_85_698,VPWR,li1,327.5200,242.0800,1.799786
FILLER_85_671,VPWR,li1,314.4100,242.0800,1.799750
FILLER_85_665,VPWR,li1,312.8000,242.0800,1.799743
FILLER_85_641,VPWR,li1,300.6100,242.0800,1.799709
FILLER_85_617,VPWR,li1,290.0300,242.0800,1.799682
FILLER_85_615,VPWR,li1,288.6500,242.0800,1.799677
FILLER_85_609,VPWR,li1,287.0400,242.0800,1.799677
FILLER_85_597,VPWR,li1,280.6000,242.0800,1.799662
FILLER_85_589,VPWR,li1,278.3000,242.0800,1.799657
FILLER_85_566,VPWR,li1,266.3400,242.0800,1.799634
FILLER_85_561,VPWR,li1,264.0400,242.0800,1.799633
FILLER_85_551,VPWR,li1,259.6700,242.0800,1.799629
FILLER_85_543,VPWR,li1,257.1400,242.0800,1.799628
FILLER_85_531,VPWR,li1,252.5400,242.0800,1.799625
FILLER_85_525,VPWR,li1,247.7100,242.0800,1.799623
FILLER_85_509,VPWR,li1,239.8900,242.0800,1.799622
FILLER_85_505,VPWR,li1,238.7400,242.0800,1.799622
FILLER_85_503,VPWR,li1,237.1300,242.0800,1.799625
FILLER_85_499,VPWR,li1,235.9800,242.0800,1.799625
FILLER_85_476,VPWR,li1,225.4000,242.0800,1.799644
FILLER_85_464,VPWR,li1,221.7200,242.0800,1.799649
FILLER_85_452,VPWR,li1,216.2000,242.0800,1.799662
FILLER_85_446,VPWR,li1,211.1400,242.0800,1.799675
FILLER_85_440,VPWR,li1,208.3800,242.0800,1.799682
FILLER_85_432,VPWR,li1,206.0800,242.0800,1.799689
FILLER_85_424,VPWR,li1,201.0200,242.0800,1.799703
FILLER_85_417,VPWR,li1,197.5700,242.0800,1.799713
FILLER_85_405,VPWR,li1,194.5800,242.0800,1.799722
FILLER_85_393,VPWR,li1,189.0600,242.0800,1.799741
FILLER_85_389,VPWR,li1,185.1500,242.0800,1.799762
FILLER_85_381,VPWR,li1,182.6200,242.0800,1.799786
FILLER_85_374,VPWR,li1,178.2500,242.0800,1.799817
FILLER_85_366,VPWR,li1,175.7200,242.0800,1.799834
FILLER_85_354,VPWR,li1,171.1200,242.0800,1.799799
FILLER_85_346,VPWR,li1,164.9100,242.0800,1.799750
FILLER_85_337,VPWR,li1,161.2300,242.0800,1.799717
FILLER_85_334,VPWR,li1,159.6200,242.0800,1.799702
FILLER_85_322,VPWR,li1,156.4000,242.0800,1.799690
FILLER_85_292,VPWR,li1,140.0700,242.0800,1.799601
FILLER_85_288,VPWR,li1,138.9200,242.0800,1.799601
FILLER_85_271,VPWR,li1,130.4100,242.0800,1.799577
FILLER_85_263,VPWR,li1,128.3400,242.0800,1.799572
FILLER_85_251,VPWR,li1,123.7400,242.0800,1.799562
FILLER_85_225,VPWR,li1,110.4000,242.0800,1.799540
FILLER_85_216,VPWR,li1,105.1100,242.0800,1.799539
FILLER_85_212,VPWR,li1,103.9600,242.0800,1.799539
FILLER_85_191,VPWR,li1,93.6100,242.0800,1.799563
FILLER_85_187,VPWR,li1,92.4600,242.0800,1.799563
FILLER_85_176,VPWR,li1,87.4000,242.0800,1.799580
FILLER_85_167,VPWR,li1,82.5700,242.0800,1.799605
FILLER_85_161,VPWR,li1,80.2700,242.0800,1.799616
FILLER_85_149,VPWR,li1,76.8200,242.0800,1.799627
FILLER_85_137,VPWR,li1,71.3000,242.0800,1.799649
FILLER_85_125,VPWR,li1,65.7800,242.0800,1.799675
FILLER_85_113,VPWR,li1,60.2600,242.0800,1.799708
FILLER_85_104,VPWR,li1,55.2000,242.0800,1.799733
FILLER_85_88,VPWR,li1,46.6900,242.0800,1.799776
FILLER_85_80,VPWR,li1,44.1600,242.0800,1.799793
FILLER_85_69,VPWR,li1,38.1800,242.0800,1.799830
FILLER_85_57,VPWR,li1,34.5000,242.0800,1.799845
FILLER_85_55,VPWR,li1,31.0500,242.0800,1.799875
FILLER_85_51,VPWR,li1,29.9000,242.0800,1.799875
FILLER_85_39,VPWR,li1,26.2200,242.0800,1.799899
FILLER_85_27,VPWR,li1,20.7000,242.0800,1.799935
FILLER_85_15,VPWR,li1,15.1800,242.0800,1.799935
FILLER_85_3,VPWR,li1,9.6600,242.0800,1.799935
FILLER_84_813,VPWR,li1,381.3400,242.0800,1.799405
FILLER_84_809,VPWR,li1,378.3500,242.0800,1.799405
FILLER_84_801,VPWR,li1,375.8200,242.0800,1.799405
FILLER_84_789,VPWR,li1,371.2200,242.0800,1.799406
FILLER_84_777,VPWR,li1,365.7000,242.0800,1.799413
FILLER_84_739,VPWR,li1,346.1500,242.0800,1.799548
FILLER_84_730,VPWR,li1,342.7000,242.0800,1.799574
FILLER_84_719,VPWR,li1,338.1000,242.0800,1.799631
FILLER_84_705,VPWR,li1,330.7400,242.0800,1.799761
FILLER_84_701,VPWR,li1,328.2100,242.0800,1.799792
FILLER_84_697,VPWR,li1,326.8300,242.0800,1.799786
FILLER_84_685,VPWR,li1,323.3800,242.0800,1.799777
FILLER_84_680,VPWR,li1,318.7800,242.0800,1.799763
FILLER_84_672,VPWR,li1,316.4800,242.0800,1.799756
FILLER_84_660,VPWR,li1,311.8800,242.0800,1.799743
FILLER_84_649,VPWR,li1,304.2900,242.0800,1.799721
FILLER_84_645,VPWR,li1,303.1400,242.0800,1.799715
FILLER_84_642,VPWR,li1,301.3000,242.0800,1.799709
FILLER_84_630,VPWR,li1,298.0800,242.0800,1.799701
FILLER_84_623,VPWR,li1,292.3300,242.0800,1.799689
FILLER_84_609,VPWR,li1,286.3500,242.0800,1.799672
FILLER_84_601,VPWR,li1,283.8200,242.0800,1.799667
FILLER_84_589,VPWR,li1,279.2200,242.0800,1.799657
FILLER_84_587,VPWR,li1,275.7700,242.0800,1.799649
FILLER_84_583,VPWR,li1,274.6200,242.0800,1.799649
FILLER_84_577,VPWR,li1,271.1700,242.0800,1.799640
FILLER_84_565,VPWR,li1,265.6500,242.0800,1.799634
FILLER_84_557,VPWR,li1,263.5800,242.0800,1.799633
FILLER_84_548,VPWR,li1,258.2900,242.0800,1.799629
FILLER_84_540,VPWR,li1,255.7600,242.0800,1.799628
FILLER_84_520,VPWR,li1,245.6400,242.0800,1.799622
FILLER_84_509,VPWR,li1,239.8900,242.0800,1.799622
FILLER_84_501,VPWR,li1,236.2100,242.0800,1.799625
FILLER_84_491,VPWR,li1,232.0700,242.0800,1.799631
FILLER_84_483,VPWR,li1,227.9300,242.0800,1.799639
FILLER_84_477,VPWR,li1,226.3200,242.0800,1.799639
FILLER_84_475,VPWR,li1,224.2500,242.0800,1.799644
FILLER_84_469,VPWR,li1,222.6400,242.0800,1.799649
FILLER_84_461,VPWR,li1,217.8100,242.0800,1.799662
FILLER_84_457,VPWR,li1,216.6600,242.0800,1.799662
FILLER_84_445,VPWR,li1,212.9800,242.0800,1.799670
FILLER_84_433,VPWR,li1,207.4600,242.0800,1.799689
FILLER_84_421,VPWR,li1,201.9400,242.0800,1.799703
FILLER_84_417,VPWR,li1,198.0300,242.0800,1.799713
FILLER_84_405,VPWR,li1,194.5800,242.0800,1.799722
FILLER_84_386,VPWR,li1,183.3100,242.0800,1.799774
FILLER_84_377,VPWR,li1,179.4000,242.0800,1.799801
FILLER_84_369,VPWR,li1,175.4900,242.0800,1.799834
FILLER_84_365,VPWR,li1,174.3400,242.0800,1.799816
FILLER_84_362,VPWR,li1,172.5000,242.0800,1.799799
FILLER_84_350,VPWR,li1,169.2800,242.0800,1.799784
FILLER_84_336,VPWR,li1,160.5400,242.0800,1.799717
FILLER_84_328,VPWR,li1,158.2400,242.0800,1.799702
FILLER_84_316,VPWR,li1,153.6400,242.0800,1.799666
FILLER_84_307,VPWR,li1,146.9700,242.0800,1.799632
FILLER_84_302,VPWR,li1,144.9000,242.0800,1.799623
FILLER_84_294,VPWR,li1,141.2200,242.0800,1.799608
FILLER_84_282,VPWR,li1,138.0000,242.0800,1.799593
FILLER_84_273,VPWR,li1,131.5600,242.0800,1.799577
FILLER_84_265,VPWR,li1,129.2600,242.0800,1.799572
FILLER_84_253,VPWR,li1,124.6600,242.0800,1.799562
FILLER_84_249,VPWR,li1,120.7500,242.0800,1.799552
FILLER_84_241,VPWR,li1,118.2200,242.0800,1.799546
FILLER_84_223,VPWR,li1,110.8600,242.0800,1.799541
FILLER_84_212,VPWR,li1,103.2700,242.0800,1.799539
FILLER_84_204,VPWR,li1,101.2000,242.0800,1.799538
FILLER_84_197,VPWR,li1,96.8300,242.0800,1.799553
FILLER_84_195,VPWR,li1,95.4500,242.0800,1.799553
FILLER_84_187,VPWR,li1,93.3800,242.0800,1.799563
FILLER_84_180,VPWR,li1,88.5500,242.0800,1.799580
FILLER_84_168,VPWR,li1,85.5600,242.0800,1.799590
FILLER_84_157,VPWR,li1,78.6600,242.0800,1.799616
FILLER_84_148,VPWR,li1,74.0600,242.0800,1.799636
FILLER_84_133,VPWR,li1,66.9300,242.0800,1.799675
FILLER_84_121,VPWR,li1,63.9400,242.0800,1.799683
FILLER_84_112,VPWR,li1,57.2700,242.0800,1.799724
FILLER_84_104,VPWR,li1,53.8200,242.0800,1.799733
FILLER_84_85,VPWR,li1,46.0000,242.0800,1.799776
FILLER_84_78,VPWR,li1,42.7800,242.0800,1.799793
FILLER_84_65,VPWR,li1,36.8000,242.0800,1.799830
FILLER_84_53,VPWR,li1,32.6600,242.0800,1.799857
FILLER_84_41,VPWR,li1,27.1400,242.0800,1.799899
FILLER_84_29,VPWR,li1,21.6200,242.0800,1.799935
FILLER_84_27,VPWR,li1,18.1700,242.0800,1.799935
FILLER_84_15,VPWR,li1,15.1800,242.0800,1.799935
FILLER_84_3,VPWR,li1,9.6600,242.0800,1.799935
FILLER_83_822,VPWR,li1,384.1000,236.6400,1.799430
FILLER_83_801,VPWR,li1,374.2100,236.6400,1.799446
FILLER_83_793,VPWR,li1,372.1400,236.6400,1.799456
FILLER_83_781,VPWR,li1,365.4700,236.6400,1.799484
FILLER_83_769,VPWR,li1,361.1000,236.6400,1.799502
FILLER_83_757,VPWR,li1,356.5000,236.6400,1.799536
FILLER_83_729,VPWR,li1,341.7800,236.6400,1.799652
FILLER_83_727,VPWR,li1,340.1700,236.6400,1.799652
FILLER_83_721,VPWR,li1,338.5600,236.6400,1.799668
FILLER_83_685,VPWR,li1,322.4600,236.6400,1.799709
FILLER_83_673,VPWR,li1,317.8600,236.6400,1.799668
FILLER_83_670,VPWR,li1,314.1800,236.6400,1.799653
FILLER_83_658,VPWR,li1,310.9600,236.6400,1.799623
FILLER_83_646,VPWR,li1,305.4400,236.6400,1.799587
FILLER_83_634,VPWR,li1,299.9200,236.6400,1.799564
FILLER_83_617,VPWR,li1,289.5700,236.6400,1.799504
FILLER_83_599,VPWR,li1,281.9800,236.6400,1.799468
FILLER_83_577,VPWR,li1,271.1700,236.6400,1.799457
FILLER_83_573,VPWR,li1,270.0200,236.6400,1.799457
FILLER_83_561,VPWR,li1,266.3400,236.6400,1.799463
FILLER_83_556,VPWR,li1,262.2000,236.6400,1.799470
FILLER_83_548,VPWR,li1,257.8300,236.6400,1.799478
FILLER_83_540,VPWR,li1,255.7600,236.6400,1.799483
FILLER_83_531,VPWR,li1,250.2400,236.6400,1.799498
FILLER_83_523,VPWR,li1,247.9400,236.6400,1.799503
FILLER_83_511,VPWR,li1,243.3400,236.6400,1.799513
FILLER_83_503,VPWR,li1,237.1300,236.6400,1.799538
FILLER_83_499,VPWR,li1,235.9800,236.6400,1.799538
FILLER_83_479,VPWR,li1,226.0900,236.6400,1.799577
FILLER_83_467,VPWR,li1,223.1000,236.6400,1.799589
FILLER_83_453,VPWR,li1,214.1300,236.6400,1.799631
FILLER_83_449,VPWR,li1,212.9800,236.6400,1.799631
FILLER_83_447,VPWR,li1,211.3700,236.6400,1.799641
FILLER_83_435,VPWR,li1,208.3800,236.6400,1.799655
FILLER_83_427,VPWR,li1,202.6300,236.6400,1.799690
FILLER_83_415,VPWR,li1,199.1800,236.6400,1.799715
FILLER_83_393,VPWR,li1,186.7600,236.6400,1.799801
FILLER_83_391,VPWR,li1,185.6100,236.6400,1.799801
FILLER_83_379,VPWR,li1,182.6200,236.6400,1.799822
FILLER_83_370,VPWR,li1,176.4100,236.6400,1.799873
FILLER_83_355,VPWR,li1,170.6600,236.6400,1.799844
FILLER_83_343,VPWR,li1,166.0600,236.6400,1.799824
FILLER_83_335,VPWR,li1,159.8500,236.6400,1.799793
FILLER_83_331,VPWR,li1,158.7000,236.6400,1.799783
FILLER_83_323,VPWR,li1,154.3300,236.6400,1.799762
FILLER_83_313,VPWR,li1,150.8800,236.6400,1.799751
FILLER_83_299,VPWR,li1,143.2900,236.6400,1.799714
FILLER_83_293,VPWR,li1,141.6800,236.6400,1.799714
FILLER_83_281,VPWR,li1,137.5400,236.6400,1.799696
FILLER_83_279,VPWR,li1,134.0900,236.6400,1.799677
FILLER_83_266,VPWR,li1,128.3400,236.6400,1.799652
FILLER_83_254,VPWR,li1,125.1200,236.6400,1.799640
FILLER_83_242,VPWR,li1,117.3000,236.6400,1.799625
FILLER_83_237,VPWR,li1,115.0000,236.6400,1.799627
FILLER_83_225,VPWR,li1,111.7800,236.6400,1.799629
FILLER_83_223,VPWR,li1,108.3300,236.6400,1.799634
FILLER_83_217,VPWR,li1,106.7200,236.6400,1.799634
FILLER_83_205,VPWR,li1,102.5800,236.6400,1.799637
FILLER_83_193,VPWR,li1,97.0600,236.6400,1.799648
FILLER_83_181,VPWR,li1,91.5400,236.6400,1.799660
FILLER_83_162,VPWR,li1,81.4200,236.6400,1.799693
FILLER_83_150,VPWR,li1,77.2800,236.6400,1.799708
FILLER_83_144,VPWR,li1,72.4500,236.6400,1.799727
FILLER_83_136,VPWR,li1,68.3100,236.6400,1.799741
FILLER_83_130,VPWR,li1,66.7000,236.6400,1.799749
FILLER_83_119,VPWR,li1,60.4900,236.6400,1.799778
FILLER_83_111,VPWR,li1,56.8100,236.6400,1.799787
FILLER_83_103,VPWR,li1,54.7400,236.6400,1.799799
FILLER_83_96,VPWR,li1,50.1400,236.6400,1.799815
FILLER_83_84,VPWR,li1,46.9200,236.6400,1.799830
FILLER_83_69,VPWR,li1,37.4900,236.6400,1.799873
FILLER_83_57,VPWR,li1,34.5000,236.6400,1.799887
FILLER_83_55,VPWR,li1,31.0500,236.6400,1.799909
FILLER_83_51,VPWR,li1,29.9000,236.6400,1.799909
FILLER_83_39,VPWR,li1,26.2200,236.6400,1.799926
FILLER_83_27,VPWR,li1,20.7000,236.6400,1.799952
FILLER_83_15,VPWR,li1,15.1800,236.6400,1.799952
FILLER_83_3,VPWR,li1,9.6600,236.6400,1.799952
FILLER_82_813,VPWR,li1,380.4200,236.6400,1.799433
FILLER_82_811,VPWR,li1,378.8100,236.6400,1.799438
FILLER_82_772,VPWR,li1,360.8700,236.6400,1.799502
FILLER_82_765,VPWR,li1,357.8800,236.6400,1.799520
FILLER_82_757,VPWR,li1,355.5800,236.6400,1.799536
FILLER_82_755,VPWR,li1,353.0500,236.6400,1.799561
FILLER_82_751,VPWR,li1,351.9000,236.6400,1.799561
FILLER_82_739,VPWR,li1,348.2200,236.6400,1.799586
FILLER_82_727,VPWR,li1,341.7800,236.6400,1.799652
FILLER_82_701,VPWR,li1,328.4400,236.6400,1.799747
FILLER_82_698,VPWR,li1,327.0600,236.6400,1.799747
FILLER_82_679,VPWR,li1,318.0900,236.6400,1.799668
FILLER_82_673,VPWR,li1,316.4800,236.6400,1.799668
FILLER_82_642,VPWR,li1,301.3000,236.6400,1.799564
FILLER_82_630,VPWR,li1,298.0800,236.6400,1.799553
FILLER_82_626,VPWR,li1,293.7100,236.6400,1.799519
FILLER_82_618,VPWR,li1,290.2600,236.6400,1.799504
FILLER_82_606,VPWR,li1,287.0400,236.6400,1.799493
FILLER_82_594,VPWR,li1,281.5200,236.6400,1.799468
FILLER_82_587,VPWR,li1,275.7700,236.6400,1.799452
FILLER_82_581,VPWR,li1,274.1600,236.6400,1.799453
FILLER_82_569,VPWR,li1,270.0200,236.6400,1.799457
FILLER_82_557,VPWR,li1,264.5000,236.6400,1.799466
FILLER_82_545,VPWR,li1,258.9800,236.6400,1.799478
FILLER_82_533,VPWR,li1,251.3900,236.6400,1.799492
FILLER_82_531,VPWR,li1,250.0100,236.6400,1.799498
FILLER_82_527,VPWR,li1,248.8600,236.6400,1.799498
FILLER_82_501,VPWR,li1,238.7400,236.6400,1.799528
FILLER_82_489,VPWR,li1,233.2200,236.6400,1.799549
FILLER_82_477,VPWR,li1,227.7000,236.6400,1.799577
FILLER_82_474,VPWR,li1,224.0200,236.6400,1.799589
FILLER_82_462,VPWR,li1,220.8000,236.6400,1.799598
FILLER_82_455,VPWR,li1,215.0500,236.6400,1.799621
FILLER_82_446,VPWR,li1,211.1400,236.6400,1.799641
FILLER_82_419,VPWR,li1,198.4900,236.6400,1.799715
FILLER_82_407,VPWR,li1,195.5000,236.6400,1.799738
FILLER_82_399,VPWR,li1,189.7500,236.6400,1.799780
FILLER_82_387,VPWR,li1,186.3000,236.6400,1.799801
FILLER_82_375,VPWR,li1,180.7800,236.6400,1.799835
FILLER_82_365,VPWR,li1,173.6500,236.6400,1.799858
FILLER_82_363,VPWR,li1,172.7300,236.6400,1.799858
FILLER_82_356,VPWR,li1,169.9700,236.6400,1.799844
FILLER_82_348,VPWR,li1,167.4400,236.6400,1.799824
FILLER_82_324,VPWR,li1,155.0200,236.6400,1.799770
FILLER_82_309,VPWR,li1,148.3500,236.6400,1.799742
FILLER_82_305,VPWR,li1,146.5100,236.6400,1.799734
FILLER_82_297,VPWR,li1,143.9800,236.6400,1.799723
FILLER_82_285,VPWR,li1,139.3800,236.6400,1.799704
FILLER_82_273,VPWR,li1,133.8600,236.6400,1.799677
FILLER_82_246,VPWR,li1,120.0600,236.6400,1.799626
FILLER_82_238,VPWR,li1,115.2300,236.6400,1.799627
FILLER_82_234,VPWR,li1,114.0800,236.6400,1.799627
FILLER_82_222,VPWR,li1,110.4000,236.6400,1.799632
FILLER_82_210,VPWR,li1,104.8800,236.6400,1.799635
FILLER_82_176,VPWR,li1,86.9400,236.6400,1.799674
FILLER_82_156,VPWR,li1,77.5100,236.6400,1.799708
FILLER_82_152,VPWR,li1,76.3600,236.6400,1.799717
FILLER_82_138,VPWR,li1,69.4600,236.6400,1.799741
FILLER_82_126,VPWR,li1,66.2400,236.6400,1.799749
FILLER_82_118,VPWR,li1,60.0300,236.6400,1.799778
FILLER_82_105,VPWR,li1,54.0500,236.6400,1.799799
FILLER_82_97,VPWR,li1,51.9800,236.6400,1.799807
FILLER_82_85,VPWR,li1,47.3800,236.6400,1.799830
FILLER_82_83,VPWR,li1,43.9300,236.6400,1.799850
FILLER_82_77,VPWR,li1,42.3200,236.6400,1.799850
FILLER_82_65,VPWR,li1,38.1800,236.6400,1.799873
FILLER_82_53,VPWR,li1,32.6600,236.6400,1.799896
FILLER_82_41,VPWR,li1,27.1400,236.6400,1.799926
FILLER_82_29,VPWR,li1,21.6200,236.6400,1.799952
FILLER_82_27,VPWR,li1,18.1700,236.6400,1.799952
FILLER_82_15,VPWR,li1,15.1800,236.6400,1.799952
FILLER_82_3,VPWR,li1,9.6600,236.6400,1.799952
FILLER_81_800,VPWR,li1,374.4400,231.2000,1.799640
FILLER_81_785,VPWR,li1,368.4600,231.2000,1.799650
FILLER_81_777,VPWR,li1,363.4000,231.2000,1.799659
FILLER_81_769,VPWR,li1,361.1000,231.2000,1.799664
FILLER_81_762,VPWR,li1,356.5000,231.2000,1.799676
FILLER_81_729,VPWR,li1,342.7000,231.2000,1.799736
FILLER_81_719,VPWR,li1,336.7200,231.2000,1.799772
FILLER_81_709,VPWR,li1,332.3500,231.2000,1.799802
FILLER_81_699,VPWR,li1,327.2900,231.2000,1.799823
FILLER_81_691,VPWR,li1,323.8400,231.2000,1.799811
FILLER_81_683,VPWR,li1,321.5400,231.2000,1.799796
FILLER_81_659,VPWR,li1,308.8900,231.2000,1.799722
FILLER_81_652,VPWR,li1,305.6700,231.2000,1.799711
FILLER_81_648,VPWR,li1,304.5200,231.2000,1.799711
FILLER_81_629,VPWR,li1,295.0900,231.2000,1.799671
FILLER_81_617,VPWR,li1,292.1000,231.2000,1.799664
FILLER_81_615,VPWR,li1,288.6500,231.2000,1.799655
FILLER_81_609,VPWR,li1,287.0400,231.2000,1.799649
FILLER_81_597,VPWR,li1,282.9000,231.2000,1.799638
FILLER_81_585,VPWR,li1,277.3800,231.2000,1.799624
FILLER_81_573,VPWR,li1,271.8600,231.2000,1.799608
FILLER_81_561,VPWR,li1,266.3400,231.2000,1.799603
FILLER_81_557,VPWR,li1,262.4300,231.2000,1.799599
FILLER_81_545,VPWR,li1,258.9800,231.2000,1.799596
FILLER_81_533,VPWR,li1,253.4600,231.2000,1.799593
FILLER_81_521,VPWR,li1,247.9400,231.2000,1.799591
FILLER_81_505,VPWR,li1,240.5800,231.2000,1.799593
FILLER_81_502,VPWR,li1,236.9000,231.2000,1.799595
FILLER_81_491,VPWR,li1,232.3000,231.2000,1.799598
FILLER_81_481,VPWR,li1,227.0100,231.2000,1.799603
FILLER_81_466,VPWR,li1,221.7200,231.2000,1.799609
FILLER_81_453,VPWR,li1,215.2800,231.2000,1.799624
FILLER_81_446,VPWR,li1,211.1400,231.2000,1.799650
FILLER_81_436,VPWR,li1,207.0000,231.2000,1.799677
FILLER_81_418,VPWR,li1,198.4900,231.2000,1.799734
FILLER_81_410,VPWR,li1,194.3500,231.2000,1.799771
FILLER_81_405,VPWR,li1,192.0500,231.2000,1.799788
FILLER_81_393,VPWR,li1,189.0600,231.2000,1.799807
FILLER_81_388,VPWR,li1,184.9200,231.2000,1.799833
FILLER_81_366,VPWR,li1,174.1100,231.2000,1.799891
FILLER_81_353,VPWR,li1,168.1300,231.2000,1.799879
FILLER_81_344,VPWR,li1,164.2200,231.2000,1.799869
FILLER_81_328,VPWR,li1,156.8600,231.2000,1.799852
FILLER_81_316,VPWR,li1,153.6400,231.2000,1.799845
FILLER_81_304,VPWR,li1,148.1200,231.2000,1.799830
FILLER_81_285,VPWR,li1,136.8500,231.2000,1.799808
FILLER_81_281,VPWR,li1,135.7000,231.2000,1.799808
FILLER_81_279,VPWR,li1,134.0900,231.2000,1.799804
FILLER_81_271,VPWR,li1,132.0200,231.2000,1.799801
FILLER_81_263,VPWR,li1,126.9600,231.2000,1.799791
FILLER_81_251,VPWR,li1,123.7400,231.2000,1.799786
FILLER_81_233,VPWR,li1,112.9300,231.2000,1.799769
FILLER_81_225,VPWR,li1,109.2500,231.2000,1.799766
FILLER_81_223,VPWR,li1,108.3300,231.2000,1.799766
FILLER_81_211,VPWR,li1,105.3400,231.2000,1.799766
FILLER_81_199,VPWR,li1,99.8200,231.2000,1.799770
FILLER_81_187,VPWR,li1,94.3000,231.2000,1.799778
FILLER_81_175,VPWR,li1,87.4000,231.2000,1.799788
FILLER_81_153,VPWR,li1,76.1300,231.2000,1.799806
FILLER_81_149,VPWR,li1,74.9800,231.2000,1.799810
FILLER_81_128,VPWR,li1,66.2400,231.2000,1.799824
FILLER_81_116,VPWR,li1,61.6400,231.2000,1.799833
FILLER_81_106,VPWR,li1,55.6600,231.2000,1.799845
FILLER_81_94,VPWR,li1,51.5200,231.2000,1.799855
FILLER_81_69,VPWR,li1,40.0200,231.2000,1.799890
FILLER_81_57,VPWR,li1,34.5000,231.2000,1.799910
FILLER_81_55,VPWR,li1,31.0500,231.2000,1.799924
FILLER_81_43,VPWR,li1,28.0600,231.2000,1.799939
FILLER_81_31,VPWR,li1,22.5400,231.2000,1.799960
FILLER_81_19,VPWR,li1,17.0200,231.2000,1.799960
FILLER_81_7,VPWR,li1,11.5000,231.2000,1.799959
FILLER_80_819,VPWR,li1,382.4900,231.2000,1.799634
FILLER_80_813,VPWR,li1,380.8800,231.2000,1.799635
FILLER_80_811,VPWR,li1,378.8100,231.2000,1.799637
FILLER_80_805,VPWR,li1,377.2000,231.2000,1.799637
FILLER_80_793,VPWR,li1,373.0600,231.2000,1.799643
FILLER_80_781,VPWR,li1,367.5400,231.2000,1.799653
FILLER_80_769,VPWR,li1,362.0200,231.2000,1.799664
FILLER_80_757,VPWR,li1,354.6600,231.2000,1.799682
FILLER_80_754,VPWR,li1,352.8200,231.2000,1.799688
FILLER_80_745,VPWR,li1,348.4500,231.2000,1.799711
FILLER_80_739,VPWR,li1,346.8400,231.2000,1.799721
FILLER_80_714,VPWR,li1,335.8000,231.2000,1.799786
FILLER_80_701,VPWR,li1,329.8200,231.2000,1.799823
FILLER_80_699,VPWR,li1,327.2900,231.2000,1.799823
FILLER_80_681,VPWR,li1,319.0100,231.2000,1.799780
FILLER_80_669,VPWR,li1,313.9500,231.2000,1.799745
FILLER_80_657,VPWR,li1,310.5000,231.2000,1.799733
FILLER_80_645,VPWR,li1,304.9800,231.2000,1.799711
FILLER_80_642,VPWR,li1,301.3000,231.2000,1.799698
FILLER_80_634,VPWR,li1,299.0000,231.2000,1.799689
FILLER_80_625,VPWR,li1,293.4800,231.2000,1.799671
FILLER_80_617,VPWR,li1,291.1800,231.2000,1.799664
FILLER_80_605,VPWR,li1,284.2800,231.2000,1.799643
FILLER_80_597,VPWR,li1,280.3700,231.2000,1.799632
FILLER_80_589,VPWR,li1,278.3000,231.2000,1.799624
FILLER_80_585,VPWR,li1,275.3100,231.2000,1.799619
FILLER_80_572,VPWR,li1,268.8700,231.2000,1.799606
FILLER_80_568,VPWR,li1,267.7200,231.2000,1.799603
FILLER_80_541,VPWR,li1,254.6100,231.2000,1.799594
FILLER_80_533,VPWR,li1,252.5400,231.2000,1.799593
FILLER_80_529,VPWR,li1,249.5500,231.2000,1.799592
FILLER_80_521,VPWR,li1,247.0200,231.2000,1.799591
FILLER_80_510,VPWR,li1,240.3500,231.2000,1.799593
FILLER_80_495,VPWR,li1,233.4500,231.2000,1.799598
FILLER_80_491,VPWR,li1,232.3000,231.2000,1.799598
FILLER_80_470,VPWR,li1,221.9500,231.2000,1.799609
FILLER_80_464,VPWR,li1,220.3400,231.2000,1.799609
FILLER_80_453,VPWR,li1,214.5900,231.2000,1.799638
FILLER_80_445,VPWR,li1,212.0600,231.2000,1.799650
FILLER_80_433,VPWR,li1,207.4600,231.2000,1.799677
FILLER_80_421,VPWR,li1,201.9400,231.2000,1.799720
FILLER_80_419,VPWR,li1,198.4900,231.2000,1.799734
FILLER_80_411,VPWR,li1,196.4200,231.2000,1.799753
FILLER_80_395,VPWR,li1,188.1400,231.2000,1.799807
FILLER_80_383,VPWR,li1,184.4600,231.2000,1.799833
FILLER_80_377,VPWR,li1,179.1700,231.2000,1.799871
FILLER_80_365,VPWR,li1,176.1800,231.2000,1.799899
FILLER_80_363,VPWR,li1,172.7300,231.2000,1.799891
FILLER_80_355,VPWR,li1,170.6600,231.2000,1.799884
FILLER_80_348,VPWR,li1,165.8300,231.2000,1.799869
FILLER_80_344,VPWR,li1,164.6800,231.2000,1.799869
FILLER_80_326,VPWR,li1,158.2400,231.2000,1.799852
FILLER_80_309,VPWR,li1,148.3500,231.2000,1.799830
FILLER_80_307,VPWR,li1,146.9700,231.2000,1.799830
FILLER_80_301,VPWR,li1,145.3600,231.2000,1.799824
FILLER_80_282,VPWR,li1,136.6200,231.2000,1.799808
FILLER_80_253,VPWR,li1,123.2800,231.2000,1.799783
FILLER_80_246,VPWR,li1,120.0600,231.2000,1.799779
FILLER_80_233,VPWR,li1,114.5400,231.2000,1.799769
FILLER_80_225,VPWR,li1,109.2500,231.2000,1.799766
FILLER_80_214,VPWR,li1,104.1900,231.2000,1.799768
FILLER_80_210,VPWR,li1,103.0400,231.2000,1.799768
FILLER_80_201,VPWR,li1,98.2100,231.2000,1.799774
FILLER_80_197,VPWR,li1,97.0600,231.2000,1.799774
FILLER_80_192,VPWR,li1,94.7600,231.2000,1.799778
FILLER_80_180,VPWR,li1,91.0800,231.2000,1.799784
FILLER_80_168,VPWR,li1,85.5600,231.2000,1.799790
FILLER_80_156,VPWR,li1,78.6600,231.2000,1.799802
FILLER_80_137,VPWR,li1,69.2300,231.2000,1.799818
FILLER_80_129,VPWR,li1,66.7000,231.2000,1.799824
FILLER_80_121,VPWR,li1,61.4100,231.2000,1.799833
FILLER_80_103,VPWR,li1,53.3600,231.2000,1.799851
FILLER_80_88,VPWR,li1,48.7600,231.2000,1.799866
FILLER_80_65,VPWR,li1,36.8000,231.2000,1.799901
FILLER_80_53,VPWR,li1,32.6600,231.2000,1.799924
FILLER_80_41,VPWR,li1,27.1400,231.2000,1.799939
FILLER_80_29,VPWR,li1,21.6200,231.2000,1.799960
FILLER_80_27,VPWR,li1,18.1700,231.2000,1.799960
FILLER_80_19,VPWR,li1,16.1000,231.2000,1.799960
FILLER_80_7,VPWR,li1,11.5000,231.2000,1.799959
FILLER_79_796,VPWR,li1,373.5200,225.7600,1.799630
FILLER_79_782,VPWR,li1,365.7000,225.7600,1.799652
FILLER_79_774,VPWR,li1,363.4000,225.7600,1.799660
FILLER_79_753,VPWR,li1,352.1300,225.7600,1.799707
FILLER_79_739,VPWR,li1,347.3000,225.7600,1.799741
FILLER_79_712,VPWR,li1,333.2700,225.7600,1.799832
FILLER_79_704,VPWR,li1,330.0500,225.7600,1.799856
FILLER_79_700,VPWR,li1,327.7500,225.7600,1.799839
FILLER_79_696,VPWR,li1,326.6000,225.7600,1.799839
FILLER_79_677,VPWR,li1,317.1700,225.7600,1.799775
FILLER_79_673,VPWR,li1,316.0200,225.7600,1.799775
FILLER_79_670,VPWR,li1,314.1800,225.7600,1.799762
FILLER_79_646,VPWR,li1,303.3700,225.7600,1.799719
FILLER_79_634,VPWR,li1,299.9200,225.7600,1.799704
FILLER_79_624,VPWR,li1,293.2500,225.7600,1.799684
FILLER_79_612,VPWR,li1,287.2700,225.7600,1.799665
FILLER_79_574,VPWR,li1,269.7900,225.7600,1.799639
FILLER_79_570,VPWR,li1,268.6400,225.7600,1.799639
FILLER_79_552,VPWR,li1,259.9000,225.7600,1.799634
FILLER_79_544,VPWR,li1,257.6000,225.7600,1.799633
FILLER_79_533,VPWR,li1,251.1600,225.7600,1.799631
FILLER_79_511,VPWR,li1,243.3400,225.7600,1.799630
FILLER_79_492,VPWR,li1,234.6000,225.7600,1.799635
FILLER_79_480,VPWR,li1,229.0800,225.7600,1.799643
FILLER_79_473,VPWR,li1,223.5600,225.7600,1.799653
FILLER_79_461,VPWR,li1,220.3400,225.7600,1.799659
FILLER_79_449,VPWR,li1,214.8200,225.7600,1.799678
FILLER_79_447,VPWR,li1,211.3700,225.7600,1.799687
FILLER_79_435,VPWR,li1,208.3800,225.7600,1.799702
FILLER_79_423,VPWR,li1,202.8600,225.7600,1.799722
FILLER_79_411,VPWR,li1,197.3400,225.7600,1.799753
FILLER_79_399,VPWR,li1,191.8200,225.7600,1.799778
FILLER_79_391,VPWR,li1,185.6100,225.7600,1.799808
FILLER_79_387,VPWR,li1,184.4600,225.7600,1.799808
FILLER_79_379,VPWR,li1,180.0900,225.7600,1.799845
FILLER_79_375,VPWR,li1,178.9400,225.7600,1.799845
FILLER_79_363,VPWR,li1,175.2600,225.7600,1.799874
FILLER_79_337,VPWR,li1,163.3000,225.7600,1.799819
FILLER_79_335,VPWR,li1,159.8500,225.7600,1.799802
FILLER_79_327,VPWR,li1,157.7800,225.7600,1.799786
FILLER_79_313,VPWR,li1,149.9600,225.7600,1.799755
FILLER_79_305,VPWR,li1,147.6600,225.7600,1.799747
FILLER_79_293,VPWR,li1,143.0600,225.7600,1.799737
FILLER_79_281,VPWR,li1,137.5400,225.7600,1.799722
FILLER_79_279,VPWR,li1,134.0900,225.7600,1.799713
FILLER_79_275,VPWR,li1,132.9400,225.7600,1.799705
FILLER_79_263,VPWR,li1,126.7300,225.7600,1.799690
FILLER_79_259,VPWR,li1,125.5800,225.7600,1.799690
FILLER_79_247,VPWR,li1,121.9000,225.7600,1.799681
FILLER_79_225,VPWR,li1,110.8600,225.7600,1.799673
FILLER_79_218,VPWR,li1,106.0300,225.7600,1.799677
FILLER_79_212,VPWR,li1,104.4200,225.7600,1.799679
FILLER_79_201,VPWR,li1,98.9000,225.7600,1.799688
FILLER_79_190,VPWR,li1,94.3000,225.7600,1.799697
FILLER_79_182,VPWR,li1,89.7000,225.7600,1.799711
FILLER_79_175,VPWR,li1,86.2500,225.7600,1.799722
FILLER_79_169,VPWR,li1,84.6400,225.7600,1.799722
FILLER_79_167,VPWR,li1,82.5700,225.7600,1.799728
FILLER_79_159,VPWR,li1,80.5000,225.7600,1.799736
FILLER_79_147,VPWR,li1,75.9000,225.7600,1.799747
FILLER_79_143,VPWR,li1,71.5300,225.7600,1.799760
FILLER_79_135,VPWR,li1,69.4600,225.7600,1.799766
FILLER_79_110,VPWR,li1,56.5800,225.7600,1.799808
FILLER_79_89,VPWR,li1,46.9200,225.7600,1.799846
FILLER_79_77,VPWR,li1,43.7000,225.7600,1.799862
FILLER_79_57,VPWR,li1,32.2000,225.7600,1.799913
FILLER_79_53,VPWR,li1,30.5900,225.7600,1.799913
FILLER_79_45,VPWR,li1,28.0600,225.7600,1.799928
FILLER_79_33,VPWR,li1,23.4600,225.7600,1.799945
FILLER_79_21,VPWR,li1,17.9400,225.7600,1.799952
FILLER_79_9,VPWR,li1,12.4200,225.7600,1.799952
FILLER_78_813,VPWR,li1,380.4200,225.7600,1.799618
FILLER_78_811,VPWR,li1,378.8100,225.7600,1.799618
FILLER_78_803,VPWR,li1,376.7400,225.7600,1.799622
FILLER_78_788,VPWR,li1,368.2300,225.7600,1.799644
FILLER_78_784,VPWR,li1,367.0800,225.7600,1.799652
FILLER_78_772,VPWR,li1,363.4000,225.7600,1.799660
FILLER_78_757,VPWR,li1,354.2000,225.7600,1.799696
FILLER_78_750,VPWR,li1,350.7500,225.7600,1.799720
FILLER_78_746,VPWR,li1,349.6000,225.7600,1.799720
FILLER_78_734,VPWR,li1,345.9200,225.7600,1.799741
FILLER_78_715,VPWR,li1,335.8000,225.7600,1.799809
FILLER_78_689,VPWR,li1,323.8400,225.7600,1.799822
FILLER_78_650,VPWR,li1,305.4400,225.7600,1.799726
FILLER_78_642,VPWR,li1,301.3000,225.7600,1.799712
FILLER_78_634,VPWR,li1,299.0000,225.7600,1.799704
FILLER_78_602,VPWR,li1,282.6700,225.7600,1.799655
FILLER_78_597,VPWR,li1,280.6000,225.7600,1.799652
FILLER_78_589,VPWR,li1,278.3000,225.7600,1.799649
FILLER_78_587,VPWR,li1,275.7700,225.7600,1.799644
FILLER_78_574,VPWR,li1,269.7900,225.7600,1.799639
FILLER_78_568,VPWR,li1,268.1800,225.7600,1.799638
FILLER_78_556,VPWR,li1,264.0400,225.7600,1.799636
FILLER_78_551,VPWR,li1,259.2100,225.7600,1.799634
FILLER_78_543,VPWR,li1,257.1400,225.7600,1.799633
FILLER_78_526,VPWR,li1,247.7100,225.7600,1.799630
FILLER_78_520,VPWR,li1,246.1000,225.7600,1.799630
FILLER_78_508,VPWR,li1,241.9600,225.7600,1.799630
FILLER_78_498,VPWR,li1,235.2900,225.7600,1.799635
FILLER_78_481,VPWR,li1,227.0100,225.7600,1.799649
FILLER_78_477,VPWR,li1,225.8600,225.7600,1.799649
FILLER_78_464,VPWR,li1,221.7200,225.7600,1.799659
FILLER_78_451,VPWR,li1,213.2100,225.7600,1.799678
FILLER_78_443,VPWR,li1,211.1400,225.7600,1.799687
FILLER_78_433,VPWR,li1,205.1600,225.7600,1.799711
FILLER_78_428,VPWR,li1,202.6300,225.7600,1.799722
FILLER_78_409,VPWR,li1,194.1200,225.7600,1.799766
FILLER_78_401,VPWR,li1,190.4400,225.7600,1.799778
FILLER_78_389,VPWR,li1,187.2200,225.7600,1.799793
FILLER_78_377,VPWR,li1,181.7000,225.7600,1.799824
FILLER_78_365,VPWR,li1,176.1800,225.7600,1.799874
FILLER_78_362,VPWR,li1,172.5000,225.7600,1.799861
FILLER_78_341,VPWR,li1,164.2200,225.7600,1.799819
FILLER_78_329,VPWR,li1,159.6200,225.7600,1.799802
FILLER_78_316,VPWR,li1,151.5700,225.7600,1.799765
FILLER_78_305,VPWR,li1,146.5100,225.7600,1.799747
FILLER_78_297,VPWR,li1,143.9800,225.7600,1.799737
FILLER_78_281,VPWR,li1,137.5400,225.7600,1.799722
FILLER_78_269,VPWR,li1,132.0200,225.7600,1.799705
FILLER_78_261,VPWR,li1,125.8100,225.7600,1.799690
FILLER_78_253,VPWR,li1,123.7400,225.7600,1.799686
FILLER_78_220,VPWR,li1,108.1000,225.7600,1.799675
FILLER_78_205,VPWR,li1,100.2800,225.7600,1.799684
FILLER_78_197,VPWR,li1,96.3700,225.7600,1.799692
FILLER_78_157,VPWR,li1,77.9700,225.7600,1.799741
FILLER_78_153,VPWR,li1,76.8200,225.7600,1.799747
FILLER_78_141,VPWR,li1,73.1400,225.7600,1.799760
FILLER_78_128,VPWR,li1,67.1600,225.7600,1.799776
FILLER_78_119,VPWR,li1,60.7200,225.7600,1.799795
FILLER_78_103,VPWR,li1,53.3600,225.7600,1.799820
FILLER_78_93,VPWR,li1,48.9900,225.7600,1.799837
FILLER_78_85,VPWR,li1,46.4600,225.7600,1.799846
FILLER_78_82,VPWR,li1,43.7000,225.7600,1.799862
FILLER_78_77,VPWR,li1,41.1700,225.7600,1.799872
FILLER_78_65,VPWR,li1,38.1800,225.7600,1.799882
FILLER_78_53,VPWR,li1,32.6600,225.7600,1.799903
FILLER_78_41,VPWR,li1,27.1400,225.7600,1.799928
FILLER_78_29,VPWR,li1,21.6200,225.7600,1.799953
FILLER_78_27,VPWR,li1,18.1700,225.7600,1.799952
FILLER_78_15,VPWR,li1,15.1800,225.7600,1.799952
FILLER_78_3,VPWR,li1,9.6600,225.7600,1.799951
FILLER_77_803,VPWR,li1,375.1300,220.3200,1.799790
FILLER_77_799,VPWR,li1,373.9800,220.3200,1.799793
FILLER_77_782,VPWR,li1,365.7000,220.3200,1.799805
FILLER_77_757,VPWR,li1,356.5000,220.3200,1.799822
FILLER_77_751,VPWR,li1,351.6700,220.3200,1.799833
FILLER_77_736,VPWR,li1,344.7700,220.3200,1.799854
FILLER_77_722,VPWR,li1,339.0200,220.3200,1.799877
FILLER_77_710,VPWR,li1,334.8800,220.3200,1.799894
FILLER_77_694,VPWR,li1,326.1400,220.3200,1.799900
FILLER_77_681,VPWR,li1,319.4700,220.3200,1.799871
FILLER_77_645,VPWR,li1,304.0600,220.3200,1.799817
FILLER_77_641,VPWR,li1,300.6100,220.3200,1.799809
FILLER_77_629,VPWR,li1,297.6200,220.3200,1.799802
FILLER_77_617,VPWR,li1,292.1000,220.3200,1.799784
FILLER_77_615,VPWR,li1,288.6500,220.3200,1.799776
FILLER_77_611,VPWR,li1,287.5000,220.3200,1.799776
FILLER_77_595,VPWR,li1,280.1400,220.3200,1.799759
FILLER_77_583,VPWR,li1,276.4600,220.3200,1.799752
FILLER_77_571,VPWR,li1,269.5600,220.3200,1.799742
FILLER_77_544,VPWR,li1,256.6800,220.3200,1.799726
FILLER_77_532,VPWR,li1,253.0000,220.3200,1.799722
FILLER_77_523,VPWR,li1,246.5600,220.3200,1.799717
FILLER_77_515,VPWR,li1,244.2600,220.3200,1.799715
FILLER_77_496,VPWR,li1,234.3700,220.3200,1.799714
FILLER_77_488,VPWR,li1,231.8400,220.3200,1.799716
FILLER_77_472,VPWR,li1,224.0200,220.3200,1.799722
FILLER_77_457,VPWR,li1,215.9700,220.3200,1.799733
FILLER_77_449,VPWR,li1,213.9000,220.3200,1.799738
FILLER_77_421,VPWR,li1,199.4100,220.3200,1.799781
FILLER_77_400,VPWR,li1,189.7500,220.3200,1.799808
FILLER_77_390,VPWR,li1,185.3800,220.3200,1.799827
FILLER_77_368,VPWR,li1,175.2600,220.3200,1.799885
FILLER_77_362,VPWR,li1,172.5000,220.3200,1.799866
FILLER_77_349,VPWR,li1,166.7500,220.3200,1.799844
FILLER_77_337,VPWR,li1,163.3000,220.3200,1.799823
FILLER_77_334,VPWR,li1,159.6200,220.3200,1.799812
FILLER_77_321,VPWR,li1,153.6400,220.3200,1.799790
FILLER_77_309,VPWR,li1,150.4200,220.3200,1.799773
FILLER_77_300,VPWR,li1,143.9800,220.3200,1.799757
FILLER_77_292,VPWR,li1,140.0700,220.3200,1.799746
FILLER_77_281,VPWR,li1,135.7000,220.3200,1.799737
FILLER_77_278,VPWR,li1,133.8600,220.3200,1.799733
FILLER_77_247,VPWR,li1,121.9000,220.3200,1.799714
FILLER_77_232,VPWR,li1,112.7000,220.3200,1.799705
FILLER_77_225,VPWR,li1,109.9400,220.3200,1.799707
FILLER_77_206,VPWR,li1,100.5100,220.3200,1.799714
FILLER_77_200,VPWR,li1,98.9000,220.3200,1.799714
FILLER_77_192,VPWR,li1,94.3000,220.3200,1.799717
FILLER_77_183,VPWR,li1,90.1600,220.3200,1.799721
FILLER_77_169,VPWR,li1,85.1000,220.3200,1.799727
FILLER_77_156,VPWR,li1,80.0400,220.3200,1.799733
FILLER_77_142,VPWR,li1,71.0700,220.3200,1.799747
FILLER_77_125,VPWR,li1,64.4000,220.3200,1.799768
FILLER_77_113,VPWR,li1,60.2600,220.3200,1.799782
FILLER_77_110,VPWR,li1,56.5800,220.3200,1.799794
FILLER_77_102,VPWR,li1,54.2800,220.3200,1.799802
FILLER_77_90,VPWR,li1,49.6800,220.3200,1.799820
FILLER_77_69,VPWR,li1,38.1800,220.3200,1.799876
FILLER_77_57,VPWR,li1,34.5000,220.3200,1.799887
FILLER_77_55,VPWR,li1,31.0500,220.3200,1.799912
FILLER_77_49,VPWR,li1,29.4400,220.3200,1.799912
FILLER_77_37,VPWR,li1,25.3000,220.3200,1.799932
FILLER_77_25,VPWR,li1,19.7800,220.3200,1.799950
FILLER_77_13,VPWR,li1,14.2600,220.3200,1.799949
FILLER_76_819,VPWR,li1,382.4900,220.3200,1.799785
FILLER_76_813,VPWR,li1,380.8800,220.3200,1.799785
FILLER_76_809,VPWR,li1,378.3500,220.3200,1.799786
FILLER_76_797,VPWR,li1,374.9000,220.3200,1.799790
FILLER_76_793,VPWR,li1,370.5300,220.3200,1.799795
FILLER_76_781,VPWR,li1,367.5400,220.3200,1.799801
FILLER_76_773,VPWR,li1,361.3300,220.3200,1.799813
FILLER_76_769,VPWR,li1,360.1800,220.3200,1.799817
FILLER_76_744,VPWR,li1,350.5200,220.3200,1.799838
FILLER_76_738,VPWR,li1,345.2300,220.3200,1.799854
FILLER_76_728,VPWR,li1,340.6300,220.3200,1.799869
FILLER_76_720,VPWR,li1,338.5600,220.3200,1.799877
FILLER_76_708,VPWR,li1,333.9600,220.3200,1.799894
FILLER_76_699,VPWR,li1,327.2900,220.3200,1.799900
FILLER_76_680,VPWR,li1,321.0800,220.3200,1.799871
FILLER_76_669,VPWR,li1,313.4900,220.3200,1.799843
FILLER_76_663,VPWR,li1,311.8800,220.3200,1.799843
FILLER_76_641,VPWR,li1,301.0700,220.3200,1.799809
FILLER_76_633,VPWR,li1,298.5400,220.3200,1.799802
FILLER_76_628,VPWR,li1,294.8600,220.3200,1.799795
FILLER_76_618,VPWR,li1,290.4900,220.3200,1.799784
FILLER_76_610,VPWR,li1,287.9600,220.3200,1.799776
FILLER_76_582,VPWR,li1,274.6200,220.3200,1.799749
FILLER_76_570,VPWR,li1,270.4800,220.3200,1.799742
FILLER_76_558,VPWR,li1,264.9600,220.3200,1.799735
FILLER_76_547,VPWR,li1,257.6000,220.3200,1.799728
FILLER_76_539,VPWR,li1,255.3000,220.3200,1.799726
FILLER_76_514,VPWR,li1,242.1900,220.3200,1.799713
FILLER_76_510,VPWR,li1,241.0400,220.3200,1.799712
FILLER_76_501,VPWR,li1,236.2100,220.3200,1.799713
FILLER_76_489,VPWR,li1,233.2200,220.3200,1.799716
FILLER_76_477,VPWR,li1,227.7000,220.3200,1.799719
FILLER_76_474,VPWR,li1,224.0200,220.3200,1.799722
FILLER_76_466,VPWR,li1,221.7200,220.3200,1.799724
FILLER_76_461,VPWR,li1,217.8100,220.3200,1.799729
FILLER_76_453,VPWR,li1,215.7400,220.3200,1.799733
FILLER_76_441,VPWR,li1,211.1400,220.3200,1.799746
FILLER_76_436,VPWR,li1,206.5400,220.3200,1.799759
FILLER_76_424,VPWR,li1,201.2500,220.3200,1.799774
FILLER_76_408,VPWR,li1,195.9600,220.3200,1.799791
FILLER_76_400,VPWR,li1,189.9800,220.3200,1.799808
FILLER_76_394,VPWR,li1,186.9900,220.3200,1.799827
FILLER_76_390,VPWR,li1,185.8400,220.3200,1.799827
FILLER_76_378,VPWR,li1,182.1600,220.3200,1.799848
FILLER_76_365,VPWR,li1,174.1100,220.3200,1.799875
FILLER_76_355,VPWR,li1,169.5100,220.3200,1.799855
FILLER_76_347,VPWR,li1,165.6000,220.3200,1.799832
FILLER_76_338,VPWR,li1,161.9200,220.3200,1.799823
FILLER_76_327,VPWR,li1,156.8600,220.3200,1.799802
FILLER_76_309,VPWR,li1,149.0400,220.3200,1.799773
FILLER_76_305,VPWR,li1,146.5100,220.3200,1.799762
FILLER_76_293,VPWR,li1,143.0600,220.3200,1.799751
FILLER_76_289,VPWR,li1,138.6900,220.3200,1.799741
FILLER_76_285,VPWR,li1,137.5400,220.3200,1.799741
FILLER_76_275,VPWR,li1,132.7100,220.3200,1.799729
FILLER_76_253,VPWR,li1,122.1300,220.3200,1.799714
FILLER_76_246,VPWR,li1,118.9100,220.3200,1.799710
FILLER_76_227,VPWR,li1,110.1700,220.3200,1.799707
FILLER_76_221,VPWR,li1,108.5600,220.3200,1.799707
FILLER_76_209,VPWR,li1,104.4200,220.3200,1.799709
FILLER_76_197,VPWR,li1,98.9000,220.3200,1.799714
FILLER_76_195,VPWR,li1,95.4500,220.3200,1.799717
FILLER_76_191,VPWR,li1,94.3000,220.3200,1.799717
FILLER_76_179,VPWR,li1,90.6200,220.3200,1.799721
FILLER_76_167,VPWR,li1,85.1000,220.3200,1.799727
FILLER_76_155,VPWR,li1,79.5800,220.3200,1.799733
FILLER_76_141,VPWR,li1,70.8400,220.3200,1.799753
FILLER_76_137,VPWR,li1,69.2300,220.3200,1.799753
FILLER_76_116,VPWR,li1,60.7200,220.3200,1.799782
FILLER_76_104,VPWR,li1,53.8200,220.3200,1.799809
FILLER_76_90,VPWR,li1,47.8400,220.3200,1.799827
FILLER_76_82,VPWR,li1,43.7000,220.3200,1.799844
FILLER_76_71,VPWR,li1,38.4100,220.3200,1.799876
FILLER_76_53,VPWR,li1,32.6600,220.3200,1.799902
FILLER_76_41,VPWR,li1,27.1400,220.3200,1.799923
FILLER_76_29,VPWR,li1,21.6200,220.3200,1.799950
FILLER_76_27,VPWR,li1,18.1700,220.3200,1.799950
FILLER_76_15,VPWR,li1,15.1800,220.3200,1.799949
FILLER_76_3,VPWR,li1,9.6600,220.3200,1.799949
FILLER_75_803,VPWR,li1,375.1300,214.8800,1.799801
FILLER_75_799,VPWR,li1,373.9800,214.8800,1.799801
FILLER_75_790,VPWR,li1,369.3800,214.8800,1.799813
FILLER_75_780,VPWR,li1,364.5500,214.8800,1.799822
FILLER_75_776,VPWR,li1,363.4000,214.8800,1.799822
FILLER_75_743,VPWR,li1,347.5300,214.8800,1.799861
FILLER_75_735,VPWR,li1,345.4600,214.8800,1.799867
FILLER_75_726,VPWR,li1,339.9400,214.8800,1.799890
FILLER_75_702,VPWR,li1,331.2000,214.8800,1.799920
FILLER_75_673,VPWR,li1,316.4800,214.8800,1.799894
FILLER_75_671,VPWR,li1,314.4100,214.8800,1.799889
FILLER_75_665,VPWR,li1,312.8000,214.8800,1.799889
FILLER_75_650,VPWR,li1,305.4400,214.8800,1.799868
FILLER_75_617,VPWR,li1,289.5700,214.8800,1.799840
FILLER_75_615,VPWR,li1,288.6500,214.8800,1.799837
FILLER_75_611,VPWR,li1,287.5000,214.8800,1.799837
FILLER_75_596,VPWR,li1,279.9100,214.8800,1.799823
FILLER_75_584,VPWR,li1,276.9200,214.8800,1.799821
FILLER_75_571,VPWR,li1,268.8700,214.8800,1.799813
FILLER_75_565,VPWR,li1,265.8800,214.8800,1.799810
FILLER_75_556,VPWR,li1,262.2000,214.8800,1.799808
FILLER_75_544,VPWR,li1,258.5200,214.8800,1.799807
FILLER_75_538,VPWR,li1,253.2300,214.8800,1.799806
FILLER_75_532,VPWR,li1,251.6200,214.8800,1.799806
FILLER_75_519,VPWR,li1,244.7200,214.8800,1.799805
FILLER_75_511,VPWR,li1,242.4200,214.8800,1.799805
FILLER_75_500,VPWR,li1,236.4400,214.8800,1.799806
FILLER_75_485,VPWR,li1,230.4600,214.8800,1.799810
FILLER_75_473,VPWR,li1,225.8600,214.8800,1.799816
FILLER_75_461,VPWR,li1,220.3400,214.8800,1.799823
FILLER_75_449,VPWR,li1,214.8200,214.8800,1.799834
FILLER_75_447,VPWR,li1,211.3700,214.8800,1.799838
FILLER_75_443,VPWR,li1,210.2200,214.8800,1.799842
FILLER_75_431,VPWR,li1,205.1600,214.8800,1.799851
FILLER_75_405,VPWR,li1,192.7400,214.8800,1.799880
FILLER_75_393,VPWR,li1,189.0600,214.8800,1.799886
FILLER_75_391,VPWR,li1,185.6100,214.8800,1.799898
FILLER_75_377,VPWR,li1,179.4000,214.8800,1.799913
FILLER_75_369,VPWR,li1,177.1000,214.8800,1.799924
FILLER_75_356,VPWR,li1,169.9700,214.8800,1.799916
FILLER_75_332,VPWR,li1,159.1600,214.8800,1.799878
FILLER_75_319,VPWR,li1,153.1800,214.8800,1.799861
FILLER_75_307,VPWR,li1,149.5000,214.8800,1.799850
FILLER_75_292,VPWR,li1,140.5300,214.8800,1.799832
FILLER_75_284,VPWR,li1,138.0000,214.8800,1.799829
FILLER_75_279,VPWR,li1,134.0900,214.8800,1.799825
FILLER_75_267,VPWR,li1,131.1000,214.8800,1.799820
FILLER_75_249,VPWR,li1,121.9000,214.8800,1.799810
FILLER_75_237,VPWR,li1,117.3000,214.8800,1.799805
FILLER_75_225,VPWR,li1,111.7800,214.8800,1.799802
FILLER_75_220,VPWR,li1,107.6400,214.8800,1.799800
FILLER_75_206,VPWR,li1,100.5100,214.8800,1.799800
FILLER_75_200,VPWR,li1,98.9000,214.8800,1.799800
FILLER_75_188,VPWR,li1,94.7600,214.8800,1.799803
FILLER_75_176,VPWR,li1,89.2400,214.8800,1.799806
FILLER_75_165,VPWR,li1,82.1100,214.8800,1.799815
FILLER_75_158,VPWR,li1,78.4300,214.8800,1.799819
FILLER_75_146,VPWR,li1,75.4400,214.8800,1.799824
FILLER_75_134,VPWR,li1,69.9200,214.8800,1.799835
FILLER_75_113,VPWR,li1,60.2600,214.8800,1.799857
FILLER_75_110,VPWR,li1,56.5800,214.8800,1.799867
FILLER_75_102,VPWR,li1,53.1300,214.8800,1.799871
FILLER_75_95,VPWR,li1,49.6800,214.8800,1.799884
FILLER_75_83,VPWR,li1,46.4600,214.8800,1.799891
FILLER_75_57,VPWR,li1,32.4300,214.8800,1.799934
FILLER_75_55,VPWR,li1,31.0500,214.8800,1.799934
FILLER_75_43,VPWR,li1,28.0600,214.8800,1.799947
FILLER_75_31,VPWR,li1,22.5400,214.8800,1.799965
FILLER_75_19,VPWR,li1,17.0200,214.8800,1.799964
FILLER_75_7,VPWR,li1,11.5000,214.8800,1.799963
FILLER_74_813,VPWR,li1,380.4200,214.8800,1.799791
FILLER_74_810,VPWR,li1,378.5800,214.8800,1.799793
FILLER_74_798,VPWR,li1,375.3600,214.8800,1.799801
FILLER_74_790,VPWR,li1,369.6100,214.8800,1.799809
FILLER_74_779,VPWR,li1,365.2400,214.8800,1.799818
FILLER_74_767,VPWR,li1,361.1000,214.8800,1.799827
FILLER_74_737,VPWR,li1,344.7700,214.8800,1.799872
FILLER_74_723,VPWR,li1,338.3300,214.8800,1.799890
FILLER_74_707,VPWR,li1,332.1200,214.8800,1.799912
FILLER_74_701,VPWR,li1,328.4400,214.8800,1.799929
FILLER_74_679,VPWR,li1,319.7000,214.8800,1.799906
FILLER_74_663,VPWR,li1,310.9600,214.8800,1.799883
FILLER_74_645,VPWR,li1,303.1400,214.8800,1.799865
FILLER_74_632,VPWR,li1,299.0000,214.8800,1.799859
FILLER_74_618,VPWR,li1,291.6400,214.8800,1.799845
FILLER_74_606,VPWR,li1,287.0400,214.8800,1.799837
FILLER_74_589,VPWR,li1,276.9200,214.8800,1.799821
FILLER_74_587,VPWR,li1,275.7700,214.8800,1.799818
FILLER_74_581,VPWR,li1,274.1600,214.8800,1.799818
FILLER_74_542,VPWR,li1,257.6000,214.8800,1.799807
FILLER_74_531,VPWR,li1,250.0100,214.8800,1.799806
FILLER_74_525,VPWR,li1,248.4000,214.8800,1.799806
FILLER_74_513,VPWR,li1,244.2600,214.8800,1.799805
FILLER_74_503,VPWR,li1,237.1300,214.8800,1.799806
FILLER_74_496,VPWR,li1,233.9100,214.8800,1.799808
FILLER_74_484,VPWR,li1,228.6200,214.8800,1.799812
FILLER_74_473,VPWR,li1,223.7900,214.8800,1.799819
FILLER_74_459,VPWR,li1,216.8900,214.8800,1.799830
FILLER_74_453,VPWR,li1,215.2800,214.8800,1.799830
FILLER_74_442,VPWR,li1,209.0700,214.8800,1.799842
FILLER_74_426,VPWR,li1,202.1700,214.8800,1.799856
FILLER_74_403,VPWR,li1,191.5900,214.8800,1.799880
FILLER_74_395,VPWR,li1,189.0600,214.8800,1.799886
FILLER_74_389,VPWR,li1,184.9200,214.8800,1.799898
FILLER_74_377,VPWR,li1,181.7000,214.8800,1.799906
FILLER_74_365,VPWR,li1,176.1800,214.8800,1.799924
FILLER_74_360,VPWR,li1,172.0400,214.8800,1.799923
FILLER_74_348,VPWR,li1,168.3600,214.8800,1.799908
FILLER_74_335,VPWR,li1,159.8500,214.8800,1.799878
FILLER_74_331,VPWR,li1,158.7000,214.8800,1.799878
FILLER_74_319,VPWR,li1,155.0200,214.8800,1.799867
FILLER_74_309,VPWR,li1,148.3500,214.8800,1.799845
FILLER_74_301,VPWR,li1,144.2100,214.8800,1.799835
FILLER_74_289,VPWR,li1,141.2200,214.8800,1.799832
FILLER_74_277,VPWR,li1,135.7000,214.8800,1.799825
FILLER_74_265,VPWR,li1,130.1800,214.8800,1.799820
FILLER_74_253,VPWR,li1,124.6600,214.8800,1.799813
FILLER_74_251,VPWR,li1,121.2100,214.8800,1.799808
FILLER_74_247,VPWR,li1,120.0600,214.8800,1.799808
FILLER_74_235,VPWR,li1,113.8500,214.8800,1.799803
FILLER_74_227,VPWR,li1,111.7800,214.8800,1.799802
FILLER_74_215,VPWR,li1,107.1800,214.8800,1.799800
FILLER_74_188,VPWR,li1,93.8400,214.8800,1.799803
FILLER_74_173,VPWR,li1,86.9400,214.8800,1.799808
FILLER_74_157,VPWR,li1,78.4300,214.8800,1.799819
FILLER_74_141,VPWR,li1,70.6100,214.8800,1.799835
FILLER_74_132,VPWR,li1,68.0800,214.8800,1.799839
FILLER_74_120,VPWR,li1,63.4800,214.8800,1.799848
FILLER_74_108,VPWR,li1,56.5800,214.8800,1.799867
FILLER_74_89,VPWR,li1,46.6900,214.8800,1.799891
FILLER_74_85,VPWR,li1,45.5400,214.8800,1.799891
FILLER_74_81,VPWR,li1,43.4700,214.8800,1.799896
FILLER_74_59,VPWR,li1,32.8900,214.8800,1.799928
FILLER_74_53,VPWR,li1,31.2800,214.8800,1.799934
FILLER_74_41,VPWR,li1,27.1400,214.8800,1.799947
FILLER_74_29,VPWR,li1,21.6200,214.8800,1.799965
FILLER_74_26,VPWR,li1,17.9400,214.8800,1.799964
FILLER_74_18,VPWR,li1,15.6400,214.8800,1.799964
FILLER_74_6,VPWR,li1,11.0400,214.8800,1.799963
FILLER_73_803,VPWR,li1,375.1300,209.4400,1.799853
FILLER_73_797,VPWR,li1,373.5200,209.4400,1.799857
FILLER_73_785,VPWR,li1,369.3800,209.4400,1.799864
FILLER_73_783,VPWR,li1,365.9300,209.4400,1.799874
FILLER_73_777,VPWR,li1,364.3200,209.4400,1.799874
FILLER_73_765,VPWR,li1,360.1800,209.4400,1.799882
FILLER_73_744,VPWR,li1,349.1400,209.4400,1.799905
FILLER_73_732,VPWR,li1,345.0000,209.4400,1.799915
FILLER_73_727,VPWR,li1,340.1700,209.4400,1.799928
FILLER_73_723,VPWR,li1,339.0200,209.4400,1.799928
FILLER_73_718,VPWR,li1,336.0300,209.4400,1.799935
FILLER_73_710,VPWR,li1,333.9600,209.4400,1.799940
FILLER_73_699,VPWR,li1,327.2900,209.4400,1.799945
FILLER_73_695,VPWR,li1,326.1400,209.4400,1.799945
FILLER_73_680,VPWR,li1,318.7800,209.4400,1.799928
FILLER_73_657,VPWR,li1,308.6600,209.4400,1.799907
FILLER_73_652,VPWR,li1,305.6700,209.4400,1.799904
FILLER_73_648,VPWR,li1,304.5200,209.4400,1.799900
FILLER_73_640,VPWR,li1,300.1500,209.4400,1.799893
FILLER_73_636,VPWR,li1,299.0000,209.4400,1.799893
FILLER_73_624,VPWR,li1,295.3200,209.4400,1.799887
FILLER_73_617,VPWR,li1,290.0300,209.4400,1.799880
FILLER_73_613,VPWR,li1,288.1900,209.4400,1.799877
FILLER_73_607,VPWR,li1,285.4300,209.4400,1.799874
FILLER_73_599,VPWR,li1,282.9000,209.4400,1.799872
FILLER_73_589,VPWR,li1,277.8400,209.4400,1.799867
FILLER_73_558,VPWR,li1,262.6600,209.4400,1.799856
FILLER_73_546,VPWR,li1,257.1400,209.4400,1.799856
FILLER_73_523,VPWR,li1,246.3300,209.4400,1.799858
FILLER_73_517,VPWR,li1,244.7200,209.4400,1.799858
FILLER_73_505,VPWR,li1,240.5800,209.4400,1.799860
FILLER_73_498,VPWR,li1,235.9800,209.4400,1.799862
FILLER_73_486,VPWR,li1,231.8400,209.4400,1.799865
FILLER_73_474,VPWR,li1,226.3200,209.4400,1.799868
FILLER_73_457,VPWR,li1,216.4300,209.4400,1.799877
FILLER_73_449,VPWR,li1,213.9000,209.4400,1.799881
FILLER_73_446,VPWR,li1,211.1400,209.4400,1.799885
FILLER_73_433,VPWR,li1,204.9300,209.4400,1.799895
FILLER_73_425,VPWR,li1,202.8600,209.4400,1.799899
FILLER_73_413,VPWR,li1,198.2600,209.4400,1.799907
FILLER_73_401,VPWR,li1,192.7400,209.4400,1.799918
FILLER_73_383,VPWR,li1,182.3900,209.4400,1.799936
FILLER_73_371,VPWR,li1,178.9400,209.4400,1.799946
FILLER_73_359,VPWR,li1,173.4200,209.4400,1.799947
FILLER_73_347,VPWR,li1,167.9000,209.4400,1.799931
FILLER_73_342,VPWR,li1,163.3000,209.4400,1.799924
FILLER_73_328,VPWR,li1,158.2400,209.4400,1.799913
FILLER_73_316,VPWR,li1,153.6400,209.4400,1.799904
FILLER_73_300,VPWR,li1,144.2100,209.4400,1.799888
FILLER_73_281,VPWR,li1,136.6200,209.4400,1.799879
FILLER_73_268,VPWR,li1,129.0300,209.4400,1.799870
FILLER_73_247,VPWR,li1,120.0600,209.4400,1.799865
FILLER_73_238,VPWR,li1,115.6900,209.4400,1.799862
FILLER_73_225,VPWR,li1,109.4800,209.4400,1.799861
FILLER_73_192,VPWR,li1,94.0700,209.4400,1.799866
FILLER_73_184,VPWR,li1,92.0000,209.4400,1.799868
FILLER_73_169,VPWR,li1,83.9500,209.4400,1.799874
FILLER_73_165,VPWR,li1,82.1100,209.4400,1.799876
FILLER_73_157,VPWR,li1,79.5800,209.4400,1.799878
FILLER_73_142,VPWR,li1,73.6000,209.4400,1.799885
FILLER_73_131,VPWR,li1,66.0100,209.4400,1.799894
FILLER_73_127,VPWR,li1,64.8600,209.4400,1.799897
FILLER_73_117,VPWR,li1,59.5700,209.4400,1.799905
FILLER_73_113,VPWR,li1,58.4200,209.4400,1.799905
FILLER_73_109,VPWR,li1,56.3500,209.4400,1.799908
FILLER_73_97,VPWR,li1,52.9000,209.4400,1.799914
FILLER_73_89,VPWR,li1,46.6900,209.4400,1.799925
FILLER_73_81,VPWR,li1,44.6200,209.4400,1.799930
FILLER_73_69,VPWR,li1,37.9500,209.4400,1.799945
FILLER_73_57,VPWR,li1,34.5000,209.4400,1.799950
FILLER_73_55,VPWR,li1,31.0500,209.4400,1.799959
FILLER_73_51,VPWR,li1,29.9000,209.4400,1.799959
FILLER_73_39,VPWR,li1,26.2200,209.4400,1.799967
FILLER_73_27,VPWR,li1,20.7000,209.4400,1.799978
FILLER_73_15,VPWR,li1,15.1800,209.4400,1.799977
FILLER_73_3,VPWR,li1,9.6600,209.4400,1.799977
FILLER_72_819,VPWR,li1,382.4900,209.4400,1.799842
FILLER_72_813,VPWR,li1,380.8800,209.4400,1.799845
FILLER_72_811,VPWR,li1,378.8100,209.4400,1.799849
FILLER_72_805,VPWR,li1,377.2000,209.4400,1.799849
FILLER_72_793,VPWR,li1,373.0600,209.4400,1.799857
FILLER_72_781,VPWR,li1,367.5400,209.4400,1.799870
FILLER_72_769,VPWR,li1,362.0200,209.4400,1.799879
FILLER_72_757,VPWR,li1,356.5000,209.4400,1.799890
FILLER_72_755,VPWR,li1,353.0500,209.4400,1.799900
FILLER_72_749,VPWR,li1,351.4400,209.4400,1.799900
FILLER_72_737,VPWR,li1,347.3000,209.4400,1.799910
FILLER_72_725,VPWR,li1,341.7800,209.4400,1.799922
FILLER_72_713,VPWR,li1,336.2600,209.4400,1.799935
FILLER_72_701,VPWR,li1,330.7400,209.4400,1.799952
FILLER_72_699,VPWR,li1,327.2900,209.4400,1.799945
FILLER_72_691,VPWR,li1,325.2200,209.4400,1.799940
FILLER_72_680,VPWR,li1,318.5500,209.4400,1.799928
FILLER_72_674,VPWR,li1,316.9400,209.4400,1.799924
FILLER_72_663,VPWR,li1,312.3400,209.4400,1.799913
FILLER_72_651,VPWR,li1,307.7400,209.4400,1.799907
FILLER_72_635,VPWR,li1,298.0800,209.4400,1.799890
FILLER_72_601,VPWR,li1,282.6700,209.4400,1.799872
FILLER_72_589,VPWR,li1,276.6900,209.4400,1.799864
FILLER_72_579,VPWR,li1,272.0900,209.4400,1.799861
FILLER_72_571,VPWR,li1,269.1000,209.4400,1.799860
FILLER_72_543,VPWR,li1,255.5300,209.4400,1.799856
FILLER_72_533,VPWR,li1,250.9300,209.4400,1.799857
FILLER_72_531,VPWR,li1,250.0100,209.4400,1.799857
FILLER_72_508,VPWR,li1,239.8900,209.4400,1.799861
FILLER_72_492,VPWR,li1,233.2200,209.4400,1.799865
FILLER_72_483,VPWR,li1,227.9300,209.4400,1.799868
FILLER_72_477,VPWR,li1,226.3200,209.4400,1.799868
FILLER_72_470,VPWR,li1,223.1000,209.4400,1.799870
FILLER_72_462,VPWR,li1,218.5000,209.4400,1.799874
FILLER_72_450,VPWR,li1,215.2800,209.4400,1.799881
FILLER_72_438,VPWR,li1,209.7600,209.4400,1.799888
FILLER_72_429,VPWR,li1,203.5500,209.4400,1.799899
FILLER_72_421,VPWR,li1,201.0200,209.4400,1.799902
FILLER_72_412,VPWR,li1,196.8800,209.4400,1.799911
FILLER_72_403,VPWR,li1,191.8200,209.4400,1.799918
FILLER_72_396,VPWR,li1,188.1400,209.4400,1.799927
FILLER_72_374,VPWR,li1,177.7900,209.4400,1.799946
FILLER_72_368,VPWR,li1,176.1800,209.4400,1.799952
FILLER_72_363,VPWR,li1,172.7300,209.4400,1.799942
FILLER_72_357,VPWR,li1,171.1200,209.4400,1.799942
FILLER_72_349,VPWR,li1,166.2900,209.4400,1.799931
FILLER_72_317,VPWR,li1,151.5700,209.4400,1.799901
FILLER_72_309,VPWR,li1,149.5000,209.4400,1.799897
FILLER_72_305,VPWR,li1,146.5100,209.4400,1.799892
FILLER_72_297,VPWR,li1,143.9800,209.4400,1.799888
FILLER_72_284,VPWR,li1,136.3900,209.4400,1.799879
FILLER_72_276,VPWR,li1,134.3200,209.4400,1.799876
FILLER_72_266,VPWR,li1,128.1100,209.4400,1.799870
FILLER_72_262,VPWR,li1,126.9600,209.4400,1.799868
FILLER_72_253,VPWR,li1,123.2800,209.4400,1.799866
FILLER_72_240,VPWR,li1,118.6800,209.4400,1.799863
FILLER_72_231,VPWR,li1,112.4700,209.4400,1.799861
FILLER_72_224,VPWR,li1,109.4800,209.4400,1.799861
FILLER_72_212,VPWR,li1,105.8000,209.4400,1.799861
FILLER_72_197,VPWR,li1,97.9800,209.4400,1.799863
FILLER_72_195,VPWR,li1,95.4500,209.4400,1.799864
FILLER_72_185,VPWR,li1,91.0800,209.4400,1.799868
FILLER_72_174,VPWR,li1,87.4000,209.4400,1.799872
FILLER_72_162,VPWR,li1,82.8000,209.4400,1.799876
FILLER_72_150,VPWR,li1,77.2800,209.4400,1.799881
FILLER_72_141,VPWR,li1,70.8400,209.4400,1.799888
FILLER_72_134,VPWR,li1,67.3900,209.4400,1.799891
FILLER_72_113,VPWR,li1,57.7300,209.4400,1.799908
FILLER_72_109,VPWR,li1,56.5800,209.4400,1.799908
FILLER_72_97,VPWR,li1,52.9000,209.4400,1.799914
FILLER_72_85,VPWR,li1,47.3800,209.4400,1.799925
FILLER_72_80,VPWR,li1,43.2400,209.4400,1.799935
FILLER_72_65,VPWR,li1,36.8000,209.4400,1.799945
FILLER_72_53,VPWR,li1,32.6600,209.4400,1.799953
FILLER_72_41,VPWR,li1,27.1400,209.4400,1.799967
FILLER_72_29,VPWR,li1,21.6200,209.4400,1.799978
FILLER_72_27,VPWR,li1,18.1700,209.4400,1.799978
FILLER_72_19,VPWR,li1,16.1000,209.4400,1.799977
FILLER_72_7,VPWR,li1,11.5000,209.4400,1.799977
FILLER_71_823,VPWR,li1,384.3300,204.0000,1.799897
FILLER_71_809,VPWR,li1,378.5800,204.0000,1.799901
FILLER_71_797,VPWR,li1,374.9000,204.0000,1.799904
FILLER_71_785,VPWR,li1,369.3800,204.0000,1.799912
FILLER_71_783,VPWR,li1,365.9300,204.0000,1.799919
FILLER_71_777,VPWR,li1,364.3200,204.0000,1.799919
FILLER_71_765,VPWR,li1,360.1800,204.0000,1.799925
FILLER_71_753,VPWR,li1,354.6600,204.0000,1.799934
FILLER_71_741,VPWR,li1,349.1400,204.0000,1.799940
FILLER_71_729,VPWR,li1,343.6200,204.0000,1.799948
FILLER_71_727,VPWR,li1,340.1700,204.0000,1.799955
FILLER_71_721,VPWR,li1,338.5600,204.0000,1.799955
FILLER_71_709,VPWR,li1,334.4200,204.0000,1.799961
FILLER_71_697,VPWR,li1,328.9000,204.0000,1.799970
FILLER_71_685,VPWR,li1,323.3800,204.0000,1.799963
FILLER_71_673,VPWR,li1,317.8600,204.0000,1.799954
FILLER_71_671,VPWR,li1,314.4100,204.0000,1.799949
FILLER_71_659,VPWR,li1,311.4200,204.0000,1.799942
FILLER_71_615,VPWR,li1,288.6500,204.0000,1.799911
FILLER_71_595,VPWR,li1,279.4500,204.0000,1.799902
FILLER_71_576,VPWR,li1,271.1700,204.0000,1.799897
FILLER_71_569,VPWR,li1,267.4900,204.0000,1.799896
FILLER_71_559,VPWR,li1,262.8900,204.0000,1.799895
FILLER_71_525,VPWR,li1,247.2500,204.0000,1.799896
FILLER_71_505,VPWR,li1,239.2000,204.0000,1.799897
FILLER_71_501,VPWR,li1,236.6700,204.0000,1.799898
FILLER_71_481,VPWR,li1,227.7000,204.0000,1.799901
FILLER_71_466,VPWR,li1,222.6400,204.0000,1.799904
FILLER_71_455,VPWR,li1,215.0500,204.0000,1.799909
FILLER_71_438,VPWR,li1,207.6900,204.0000,1.799916
FILLER_71_432,VPWR,li1,204.4700,204.0000,1.799918
FILLER_71_421,VPWR,li1,199.4100,204.0000,1.799922
FILLER_71_409,VPWR,li1,196.4200,204.0000,1.799926
FILLER_71_393,VPWR,li1,186.7600,204.0000,1.799940
FILLER_71_390,VPWR,li1,185.3800,204.0000,1.799940
FILLER_71_378,VPWR,li1,182.1600,204.0000,1.799948
FILLER_71_363,VPWR,li1,172.9600,204.0000,1.799949
FILLER_71_347,VPWR,li1,166.9800,204.0000,1.799939
FILLER_71_343,VPWR,li1,163.5300,204.0000,1.799928
FILLER_71_337,VPWR,li1,161.9200,204.0000,1.799928
FILLER_71_335,VPWR,li1,159.8500,204.0000,1.799922
FILLER_71_329,VPWR,li1,158.2400,204.0000,1.799922
FILLER_71_324,VPWR,li1,154.7900,204.0000,1.799916
FILLER_71_312,VPWR,li1,150.8800,204.0000,1.799908
FILLER_71_300,VPWR,li1,146.2800,204.0000,1.799902
FILLER_71_288,VPWR,li1,140.7600,204.0000,1.799896
FILLER_71_272,VPWR,li1,131.1000,204.0000,1.799884
FILLER_71_266,VPWR,li1,128.1100,204.0000,1.799883
FILLER_71_258,VPWR,li1,126.0400,204.0000,1.799881
FILLER_71_246,VPWR,li1,121.4400,204.0000,1.799878
FILLER_71_225,VPWR,li1,110.8600,204.0000,1.799872
FILLER_71_223,VPWR,li1,108.3300,204.0000,1.799871
FILLER_71_217,VPWR,li1,106.7200,204.0000,1.799871
FILLER_71_204,VPWR,li1,100.2800,204.0000,1.799871
FILLER_71_192,VPWR,li1,96.6000,204.0000,1.799872
FILLER_71_177,VPWR,li1,87.4000,204.0000,1.799876
FILLER_71_169,VPWR,li1,85.1000,204.0000,1.799878
FILLER_71_156,VPWR,li1,80.0400,204.0000,1.799882
FILLER_71_135,VPWR,li1,70.3800,204.0000,1.799892
FILLER_71_113,VPWR,li1,58.8800,204.0000,1.799906
FILLER_71_103,VPWR,li1,53.3600,204.0000,1.799912
FILLER_71_95,VPWR,li1,49.4500,204.0000,1.799921
FILLER_71_91,VPWR,li1,48.3000,204.0000,1.799921
FILLER_71_63,VPWR,li1,34.7300,204.0000,1.799951
FILLER_71_57,VPWR,li1,33.1200,204.0000,1.799951
FILLER_71_55,VPWR,li1,31.0500,204.0000,1.799955
FILLER_71_43,VPWR,li1,28.0600,204.0000,1.799964
FILLER_71_31,VPWR,li1,22.5400,204.0000,1.799976
FILLER_71_19,VPWR,li1,17.0200,204.0000,1.799976
FILLER_71_7,VPWR,li1,11.5000,204.0000,1.799975
FILLER_70_813,VPWR,li1,379.9600,204.0000,1.799898
FILLER_70_811,VPWR,li1,378.8100,204.0000,1.799901
FILLER_70_805,VPWR,li1,377.2000,204.0000,1.799901
FILLER_70_793,VPWR,li1,373.0600,204.0000,1.799907
FILLER_70_781,VPWR,li1,367.5400,204.0000,1.799916
FILLER_70_769,VPWR,li1,362.0200,204.0000,1.799922
FILLER_70_757,VPWR,li1,356.5000,204.0000,1.799930
FILLER_70_755,VPWR,li1,353.0500,204.0000,1.799937
FILLER_70_749,VPWR,li1,351.4400,204.0000,1.799937
FILLER_70_737,VPWR,li1,347.3000,204.0000,1.799943
FILLER_70_725,VPWR,li1,341.7800,204.0000,1.799952
FILLER_70_713,VPWR,li1,336.2600,204.0000,1.799958
FILLER_70_701,VPWR,li1,330.7400,204.0000,1.799966
FILLER_70_699,VPWR,li1,327.2900,204.0000,1.799967
FILLER_70_693,VPWR,li1,325.6800,204.0000,1.799967
FILLER_70_681,VPWR,li1,321.5400,204.0000,1.799960
FILLER_70_669,VPWR,li1,316.0200,204.0000,1.799949
FILLER_70_657,VPWR,li1,310.5000,204.0000,1.799942
FILLER_70_645,VPWR,li1,304.9800,204.0000,1.799933
FILLER_70_643,VPWR,li1,301.5300,204.0000,1.799927
FILLER_70_639,VPWR,li1,300.3800,204.0000,1.799927
FILLER_70_625,VPWR,li1,294.8600,204.0000,1.799919
FILLER_70_605,VPWR,li1,284.7400,204.0000,1.799907
FILLER_70_556,VPWR,li1,261.9700,204.0000,1.799895
FILLER_70_546,VPWR,li1,257.1400,204.0000,1.799894
FILLER_70_516,VPWR,li1,244.2600,204.0000,1.799896
FILLER_70_504,VPWR,li1,240.1200,204.0000,1.799897
FILLER_70_492,VPWR,li1,234.6000,204.0000,1.799899
FILLER_70_455,VPWR,li1,215.7400,204.0000,1.799909
FILLER_70_433,VPWR,li1,206.5400,204.0000,1.799916
FILLER_70_414,VPWR,li1,196.1900,204.0000,1.799926
FILLER_70_402,VPWR,li1,193.2000,204.0000,1.799931
FILLER_70_395,VPWR,li1,187.4500,204.0000,1.799937
FILLER_70_387,VPWR,li1,185.3800,204.0000,1.799940
FILLER_70_375,VPWR,li1,180.7800,204.0000,1.799948
FILLER_70_345,VPWR,li1,164.6800,204.0000,1.799934
FILLER_70_338,VPWR,li1,161.2300,204.0000,1.799925
FILLER_70_334,VPWR,li1,160.0800,204.0000,1.799925
FILLER_70_322,VPWR,li1,156.4000,204.0000,1.799916
FILLER_70_307,VPWR,li1,146.9700,204.0000,1.799905
FILLER_70_287,VPWR,li1,138.9200,204.0000,1.799894
FILLER_70_277,VPWR,li1,133.1700,204.0000,1.799886
FILLER_70_253,VPWR,li1,123.7400,204.0000,1.799880
FILLER_70_248,VPWR,li1,120.5200,204.0000,1.799876
FILLER_70_240,VPWR,li1,116.3800,204.0000,1.799874
FILLER_70_225,VPWR,li1,109.4800,204.0000,1.799872
FILLER_70_213,VPWR,li1,103.9600,204.0000,1.799871
FILLER_70_174,VPWR,li1,86.0200,204.0000,1.799878
FILLER_70_160,VPWR,li1,79.3500,204.0000,1.799882
FILLER_70_141,VPWR,li1,70.6100,204.0000,1.799892
FILLER_70_137,VPWR,li1,69.2300,204.0000,1.799892
FILLER_70_125,VPWR,li1,65.7800,204.0000,1.799897
FILLER_70_119,VPWR,li1,60.7200,204.0000,1.799902
FILLER_70_111,VPWR,li1,58.4200,204.0000,1.799906
FILLER_70_85,VPWR,li1,45.5400,204.0000,1.799927
FILLER_70_80,VPWR,li1,43.2400,204.0000,1.799933
FILLER_70_65,VPWR,li1,36.8000,204.0000,1.799945
FILLER_70_53,VPWR,li1,32.6600,204.0000,1.799955
FILLER_70_41,VPWR,li1,27.1400,204.0000,1.799964
FILLER_70_29,VPWR,li1,21.6200,204.0000,1.799976
FILLER_70_27,VPWR,li1,18.1700,204.0000,1.799976
FILLER_70_19,VPWR,li1,16.1000,204.0000,1.799976
FILLER_70_7,VPWR,li1,11.5000,204.0000,1.799975
FILLER_69_803,VPWR,li1,375.1300,198.5600,1.799870
FILLER_69_797,VPWR,li1,373.5200,198.5600,1.799872
FILLER_69_785,VPWR,li1,369.3800,198.5600,1.799877
FILLER_69_783,VPWR,li1,365.9300,198.5600,1.799883
FILLER_69_777,VPWR,li1,364.3200,198.5600,1.799883
FILLER_69_765,VPWR,li1,360.1800,198.5600,1.799888
FILLER_69_753,VPWR,li1,354.6600,198.5600,1.799896
FILLER_69_741,VPWR,li1,349.1400,198.5600,1.799901
FILLER_69_729,VPWR,li1,343.6200,198.5600,1.799907
FILLER_69_727,VPWR,li1,340.1700,198.5600,1.799913
FILLER_69_721,VPWR,li1,338.5600,198.5600,1.799913
FILLER_69_709,VPWR,li1,334.4200,198.5600,1.799918
FILLER_69_697,VPWR,li1,328.9000,198.5600,1.799926
FILLER_69_685,VPWR,li1,323.3800,198.5600,1.799899
FILLER_69_673,VPWR,li1,317.8600,198.5600,1.799865
FILLER_69_671,VPWR,li1,314.4100,198.5600,1.799834
FILLER_69_665,VPWR,li1,312.8000,198.5600,1.799834
FILLER_69_653,VPWR,li1,308.6600,198.5600,1.799809
FILLER_69_641,VPWR,li1,303.1400,198.5600,1.799775
FILLER_69_629,VPWR,li1,297.6200,198.5600,1.799741
FILLER_69_617,VPWR,li1,292.1000,198.5600,1.799707
FILLER_69_615,VPWR,li1,288.6500,198.5600,1.799687
FILLER_69_607,VPWR,li1,286.5800,198.5600,1.799666
FILLER_69_595,VPWR,li1,281.9800,198.5600,1.799639
FILLER_69_559,VPWR,li1,262.8900,198.5600,1.799530
FILLER_69_529,VPWR,li1,249.7800,198.5600,1.799526
FILLER_69_517,VPWR,li1,246.1000,198.5600,1.799537
FILLER_69_505,VPWR,li1,240.5800,198.5600,1.799565
FILLER_69_492,VPWR,li1,234.6000,198.5600,1.799600
FILLER_69_480,VPWR,li1,229.0800,198.5600,1.799632
FILLER_69_473,VPWR,li1,223.7900,198.5600,1.799657
FILLER_69_461,VPWR,li1,220.3400,198.5600,1.799669
FILLER_69_449,VPWR,li1,214.8200,198.5600,1.799698
FILLER_69_436,VPWR,li1,208.8400,198.5600,1.799734
FILLER_69_424,VPWR,li1,203.3200,198.5600,1.799764
FILLER_69_419,VPWR,li1,198.4900,198.5600,1.799792
FILLER_69_415,VPWR,li1,197.3400,198.5600,1.799792
FILLER_69_390,VPWR,li1,185.3800,198.5600,1.799869
FILLER_69_378,VPWR,li1,182.1600,198.5600,1.799880
FILLER_69_366,VPWR,li1,176.6400,198.5600,1.799924
FILLER_69_362,VPWR,li1,172.2700,198.5600,1.799917
FILLER_69_350,VPWR,li1,167.9000,198.5600,1.799914
FILLER_69_325,VPWR,li1,156.8600,198.5600,1.799904
FILLER_69_313,VPWR,li1,152.2600,198.5600,1.799901
FILLER_69_306,VPWR,li1,147.2000,198.5600,1.799898
FILLER_69_299,VPWR,li1,143.2900,198.5600,1.799896
FILLER_69_281,VPWR,li1,135.7000,198.5600,1.799894
FILLER_69_278,VPWR,li1,133.8600,198.5600,1.799894
FILLER_69_265,VPWR,li1,127.6500,198.5600,1.799894
FILLER_69_261,VPWR,li1,126.5000,198.5600,1.799894
FILLER_69_237,VPWR,li1,114.7700,198.5600,1.799899
FILLER_69_225,VPWR,li1,111.7800,198.5600,1.799900
FILLER_69_223,VPWR,li1,108.3300,198.5600,1.799902
FILLER_69_219,VPWR,li1,107.1800,198.5600,1.799902
FILLER_69_206,VPWR,li1,100.5100,198.5600,1.799906
FILLER_69_200,VPWR,li1,98.9000,198.5600,1.799906
FILLER_69_195,VPWR,li1,95.6800,198.5600,1.799908
FILLER_69_187,VPWR,li1,93.3800,198.5600,1.799909
FILLER_69_177,VPWR,li1,87.6300,198.5600,1.799913
FILLER_69_169,VPWR,li1,85.1000,198.5600,1.799915
FILLER_69_165,VPWR,li1,82.1100,198.5600,1.799917
FILLER_69_157,VPWR,li1,79.5800,198.5600,1.799918
FILLER_69_145,VPWR,li1,72.9100,198.5600,1.799924
FILLER_69_137,VPWR,li1,70.3800,198.5600,1.799926
FILLER_69_125,VPWR,li1,65.7800,198.5600,1.799931
FILLER_69_113,VPWR,li1,60.2600,198.5600,1.799936
FILLER_69_100,VPWR,li1,54.2800,198.5600,1.799942
FILLER_69_93,VPWR,li1,49.2200,198.5600,1.799949
FILLER_69_81,VPWR,li1,45.5400,198.5600,1.799952
FILLER_69_69,VPWR,li1,40.0200,198.5600,1.799960
FILLER_69_57,VPWR,li1,34.5000,198.5600,1.799967
FILLER_69_55,VPWR,li1,31.0500,198.5600,1.799972
FILLER_69_43,VPWR,li1,28.0600,198.5600,1.799977
FILLER_69_31,VPWR,li1,22.5400,198.5600,1.799985
FILLER_69_19,VPWR,li1,17.0200,198.5600,1.799984
FILLER_69_7,VPWR,li1,11.5000,198.5600,1.799983
FILLER_68_819,VPWR,li1,382.4900,198.5600,1.799863
FILLER_68_813,VPWR,li1,380.8800,198.5600,1.799865
FILLER_68_811,VPWR,li1,378.8100,198.5600,1.799867
FILLER_68_805,VPWR,li1,377.2000,198.5600,1.799867
FILLER_68_793,VPWR,li1,373.0600,198.5600,1.799872
FILLER_68_781,VPWR,li1,367.5400,198.5600,1.799880
FILLER_68_769,VPWR,li1,362.0200,198.5600,1.799885
FILLER_68_757,VPWR,li1,356.5000,198.5600,1.799892
FILLER_68_755,VPWR,li1,353.0500,198.5600,1.799898
FILLER_68_749,VPWR,li1,351.4400,198.5600,1.799898
FILLER_68_737,VPWR,li1,347.3000,198.5600,1.799903
FILLER_68_725,VPWR,li1,341.7800,198.5600,1.799911
FILLER_68_713,VPWR,li1,336.2600,198.5600,1.799916
FILLER_68_701,VPWR,li1,330.7400,198.5600,1.799923
FILLER_68_699,VPWR,li1,327.2900,198.5600,1.799914
FILLER_68_693,VPWR,li1,325.6800,198.5600,1.799914
FILLER_68_681,VPWR,li1,321.5400,198.5600,1.799888
FILLER_68_669,VPWR,li1,316.0200,198.5600,1.799847
FILLER_68_657,VPWR,li1,310.5000,198.5600,1.799820
FILLER_68_645,VPWR,li1,304.9800,198.5600,1.799786
FILLER_68_641,VPWR,li1,301.0700,198.5600,1.799762
FILLER_68_629,VPWR,li1,297.6200,198.5600,1.799741
FILLER_68_611,VPWR,li1,286.8100,198.5600,1.799666
FILLER_68_605,VPWR,li1,285.2000,198.5600,1.799666
FILLER_68_600,VPWR,li1,281.9800,198.5600,1.799639
FILLER_68_594,VPWR,li1,279.2200,198.5600,1.799622
FILLER_68_586,VPWR,li1,275.5400,198.5600,1.799610
FILLER_68_574,VPWR,li1,272.3200,198.5600,1.799592
FILLER_68_567,VPWR,li1,266.5700,198.5600,1.799558
FILLER_68_561,VPWR,li1,264.9600,198.5600,1.799542
FILLER_68_555,VPWR,li1,261.0500,198.5600,1.799520
FILLER_68_549,VPWR,li1,259.4400,198.5600,1.799520
FILLER_68_541,VPWR,li1,254.6100,198.5600,1.799495
FILLER_68_533,VPWR,li1,252.5400,198.5600,1.799505
FILLER_68_531,VPWR,li1,250.0100,198.5600,1.799526
FILLER_68_525,VPWR,li1,248.4000,198.5600,1.799526
FILLER_68_520,VPWR,li1,244.9500,198.5600,1.799549
FILLER_68_516,VPWR,li1,243.8000,198.5600,1.799549
FILLER_68_500,VPWR,li1,236.2100,198.5600,1.799587
FILLER_68_492,VPWR,li1,233.6800,198.5600,1.799600
FILLER_68_484,VPWR,li1,229.0800,198.5600,1.799632
FILLER_68_468,VPWR,li1,222.6400,198.5600,1.799657
FILLER_68_456,VPWR,li1,218.0400,198.5600,1.799682
FILLER_68_444,VPWR,li1,212.5200,198.5600,1.799714
FILLER_68_436,VPWR,li1,206.3100,198.5600,1.799752
FILLER_68_430,VPWR,li1,204.7000,198.5600,1.799752
FILLER_68_416,VPWR,li1,197.8000,198.5600,1.799792
FILLER_68_404,VPWR,li1,194.1200,198.5600,1.799809
FILLER_68_398,VPWR,li1,188.8300,198.5600,1.799840
FILLER_68_394,VPWR,li1,187.6800,198.5600,1.799857
FILLER_68_382,VPWR,li1,184.0000,198.5600,1.799869
FILLER_68_370,VPWR,li1,178.4800,198.5600,1.799903
FILLER_68_365,VPWR,li1,173.8800,198.5600,1.799921
FILLER_68_361,VPWR,li1,172.2700,198.5600,1.799917
FILLER_68_349,VPWR,li1,168.8200,198.5600,1.799914
FILLER_68_321,VPWR,li1,154.5600,198.5600,1.799903
FILLER_68_309,VPWR,li1,150.4200,198.5600,1.799899
FILLER_68_305,VPWR,li1,146.5100,198.5600,1.799898
FILLER_68_294,VPWR,li1,141.6800,198.5600,1.799896
FILLER_68_282,VPWR,li1,138.0000,198.5600,1.799894
FILLER_68_270,VPWR,li1,132.4800,198.5600,1.799894
FILLER_68_261,VPWR,li1,126.0400,198.5600,1.799894
FILLER_68_253,VPWR,li1,123.7400,198.5600,1.799895
FILLER_68_241,VPWR,li1,117.0700,198.5600,1.799898
FILLER_68_233,VPWR,li1,114.5400,198.5600,1.799899
FILLER_68_221,VPWR,li1,109.9400,198.5600,1.799901
FILLER_68_209,VPWR,li1,104.4200,198.5600,1.799903
FILLER_68_197,VPWR,li1,98.9000,198.5600,1.799906
FILLER_68_188,VPWR,li1,93.8400,198.5600,1.799909
FILLER_68_176,VPWR,li1,89.2400,198.5600,1.799913
FILLER_68_167,VPWR,li1,82.8000,198.5600,1.799917
FILLER_68_155,VPWR,li1,79.5800,198.5600,1.799918
FILLER_68_141,VPWR,li1,72.2200,198.5600,1.799924
FILLER_68_132,VPWR,li1,68.0800,198.5600,1.799928
FILLER_68_120,VPWR,li1,63.4800,198.5600,1.799933
FILLER_68_108,VPWR,li1,57.9600,198.5600,1.799939
FILLER_68_96,VPWR,li1,52.4400,198.5600,1.799946
FILLER_68_89,VPWR,li1,46.6900,198.5600,1.799952
FILLER_68_83,VPWR,li1,43.9300,198.5600,1.799956
FILLER_68_77,VPWR,li1,41.6300,198.5600,1.799960
FILLER_68_65,VPWR,li1,38.1800,198.5600,1.799962
FILLER_68_53,VPWR,li1,32.6600,198.5600,1.799972
FILLER_68_41,VPWR,li1,27.1400,198.5600,1.799977
FILLER_68_29,VPWR,li1,21.6200,198.5600,1.799985
FILLER_68_27,VPWR,li1,18.1700,198.5600,1.799984
FILLER_68_15,VPWR,li1,15.1800,198.5600,1.799984
FILLER_68_3,VPWR,li1,9.6600,198.5600,1.799983
FILLER_67_817,VPWR,li1,382.0300,193.1200,1.799918
FILLER_67_809,VPWR,li1,379.5000,193.1200,1.799920
FILLER_67_797,VPWR,li1,374.9000,193.1200,1.799922
FILLER_67_785,VPWR,li1,369.3800,193.1200,1.799924
FILLER_67_783,VPWR,li1,365.9300,193.1200,1.799927
FILLER_67_777,VPWR,li1,364.3200,193.1200,1.799927
FILLER_67_765,VPWR,li1,360.1800,193.1200,1.799932
FILLER_67_753,VPWR,li1,354.6600,193.1200,1.799940
FILLER_67_741,VPWR,li1,349.1400,193.1200,1.799945
FILLER_67_729,VPWR,li1,343.6200,193.1200,1.799951
FILLER_67_727,VPWR,li1,340.1700,193.1200,1.799957
FILLER_67_721,VPWR,li1,338.5600,193.1200,1.799957
FILLER_67_709,VPWR,li1,334.4200,193.1200,1.799962
FILLER_67_697,VPWR,li1,328.9000,193.1200,1.799968
FILLER_67_685,VPWR,li1,323.3800,193.1200,1.799957
FILLER_67_673,VPWR,li1,317.8600,193.1200,1.799946
FILLER_67_671,VPWR,li1,314.4100,193.1200,1.799940
FILLER_67_659,VPWR,li1,311.4200,193.1200,1.799934
FILLER_67_647,VPWR,li1,305.9000,193.1200,1.799923
FILLER_67_615,VPWR,li1,288.6500,193.1200,1.799890
FILLER_67_585,VPWR,li1,274.8500,193.1200,1.799871
FILLER_67_579,VPWR,li1,273.2400,193.1200,1.799871
FILLER_67_567,VPWR,li1,268.1800,193.1200,1.799864
FILLER_67_559,VPWR,li1,262.8900,193.1200,1.799860
FILLER_67_543,VPWR,li1,255.7600,193.1200,1.799855
FILLER_67_531,VPWR,li1,250.2400,193.1200,1.799853
FILLER_67_505,VPWR,li1,238.0500,193.1200,1.799851
FILLER_67_503,VPWR,li1,237.1300,193.1200,1.799851
FILLER_67_482,VPWR,li1,227.4700,193.1200,1.799853
FILLER_67_447,VPWR,li1,211.3700,193.1200,1.799868
FILLER_67_433,VPWR,li1,205.3900,193.1200,1.799878
FILLER_67_422,VPWR,li1,199.8700,193.1200,1.799885
FILLER_67_393,VPWR,li1,187.6800,193.1200,1.799911
FILLER_67_391,VPWR,li1,185.6100,193.1200,1.799917
FILLER_67_387,VPWR,li1,184.4600,193.1200,1.799922
FILLER_67_352,VPWR,li1,170.2000,193.1200,1.799934
FILLER_67_345,VPWR,li1,164.4500,193.1200,1.799926
FILLER_67_337,VPWR,li1,162.3800,193.1200,1.799920
FILLER_67_320,VPWR,li1,154.1000,193.1200,1.799910
FILLER_67_293,VPWR,li1,141.2200,193.1200,1.799897
FILLER_67_281,VPWR,li1,137.5400,193.1200,1.799893
FILLER_67_279,VPWR,li1,134.0900,193.1200,1.799890
FILLER_67_275,VPWR,li1,132.9400,193.1200,1.799888
FILLER_67_266,VPWR,li1,128.1100,193.1200,1.799885
FILLER_67_262,VPWR,li1,126.9600,193.1200,1.799884
FILLER_67_250,VPWR,li1,123.2800,193.1200,1.799882
FILLER_67_238,VPWR,li1,117.7600,193.1200,1.799878
FILLER_67_208,VPWR,li1,103.0400,193.1200,1.799873
FILLER_67_191,VPWR,li1,96.1400,193.1200,1.799872
FILLER_67_169,VPWR,li1,83.9500,193.1200,1.799873
FILLER_67_165,VPWR,li1,82.1100,193.1200,1.799873
FILLER_67_138,VPWR,li1,69.2300,193.1200,1.799881
FILLER_67_134,VPWR,li1,68.0800,193.1200,1.799881
FILLER_67_120,VPWR,li1,61.4100,193.1200,1.799891
FILLER_67_73,VPWR,li1,39.3300,193.1200,1.799933
FILLER_67_69,VPWR,li1,38.1800,193.1200,1.799933
FILLER_67_57,VPWR,li1,34.5000,193.1200,1.799942
FILLER_67_55,VPWR,li1,31.0500,193.1200,1.799950
FILLER_67_43,VPWR,li1,28.0600,193.1200,1.799960
FILLER_67_31,VPWR,li1,22.5400,193.1200,1.799974
FILLER_67_19,VPWR,li1,17.0200,193.1200,1.799973
FILLER_67_7,VPWR,li1,11.5000,193.1200,1.799972
FILLER_66_819,VPWR,li1,382.4900,193.1200,1.799918
FILLER_66_813,VPWR,li1,380.8800,193.1200,1.799920
FILLER_66_804,VPWR,li1,377.2000,193.1200,1.799921
FILLER_66_792,VPWR,li1,372.6000,193.1200,1.799923
FILLER_66_769,VPWR,li1,359.9500,193.1200,1.799932
FILLER_66_757,VPWR,li1,356.5000,193.1200,1.799936
FILLER_66_755,VPWR,li1,353.0500,193.1200,1.799942
FILLER_66_749,VPWR,li1,351.4400,193.1200,1.799942
FILLER_66_737,VPWR,li1,347.3000,193.1200,1.799947
FILLER_66_725,VPWR,li1,341.7800,193.1200,1.799955
FILLER_66_713,VPWR,li1,336.2600,193.1200,1.799960
FILLER_66_701,VPWR,li1,330.7400,193.1200,1.799966
FILLER_66_696,VPWR,li1,326.6000,193.1200,1.799964
FILLER_66_684,VPWR,li1,322.9200,193.1200,1.799957
FILLER_66_672,VPWR,li1,317.4000,193.1200,1.799946
FILLER_66_660,VPWR,li1,311.8800,193.1200,1.799934
FILLER_66_648,VPWR,li1,306.3600,193.1200,1.799923
FILLER_66_640,VPWR,li1,300.8400,193.1200,1.799913
FILLER_66_608,VPWR,li1,285.8900,193.1200,1.799888
FILLER_66_587,VPWR,li1,275.7700,193.1200,1.799874
FILLER_66_570,VPWR,li1,268.4100,193.1200,1.799864
FILLER_66_543,VPWR,li1,256.6800,193.1200,1.799856
FILLER_66_530,VPWR,li1,249.7800,193.1200,1.799853
FILLER_66_521,VPWR,li1,245.4100,193.1200,1.799851
FILLER_66_517,VPWR,li1,244.2600,193.1200,1.799851
FILLER_66_502,VPWR,li1,239.2000,193.1200,1.799851
FILLER_66_491,VPWR,li1,231.6100,193.1200,1.799852
FILLER_66_486,VPWR,li1,229.3100,193.1200,1.799853
FILLER_66_482,VPWR,li1,228.1600,193.1200,1.799853
FILLER_66_468,VPWR,li1,222.6400,193.1200,1.799856
FILLER_66_449,VPWR,li1,213.4400,193.1200,1.799864
FILLER_66_421,VPWR,li1,199.6400,193.1200,1.799885
FILLER_66_413,VPWR,li1,195.9600,193.1200,1.799896
FILLER_66_394,VPWR,li1,186.9900,193.1200,1.799917
FILLER_66_386,VPWR,li1,183.5400,193.1200,1.799922
FILLER_66_358,VPWR,li1,170.4300,193.1200,1.799938
FILLER_66_337,VPWR,li1,161.0000,193.1200,1.799920
FILLER_66_322,VPWR,li1,153.8700,193.1200,1.799910
FILLER_66_309,VPWR,li1,149.5000,193.1200,1.799905
FILLER_66_307,VPWR,li1,146.9700,193.1200,1.799901
FILLER_66_303,VPWR,li1,145.8200,193.1200,1.799901
FILLER_66_284,VPWR,li1,138.9200,193.1200,1.799893
FILLER_66_261,VPWR,li1,126.0400,193.1200,1.799884
FILLER_66_253,VPWR,li1,123.7400,193.1200,1.799882
FILLER_66_251,VPWR,li1,121.2100,193.1200,1.799880
FILLER_66_247,VPWR,li1,120.0600,193.1200,1.799880
FILLER_66_239,VPWR,li1,116.3800,193.1200,1.799878
FILLER_66_215,VPWR,li1,106.2600,193.1200,1.799873
FILLER_66_197,VPWR,li1,96.6000,193.1200,1.799872
FILLER_66_168,VPWR,li1,83.0300,193.1200,1.799873
FILLER_66_160,VPWR,li1,80.9600,193.1200,1.799874
FILLER_66_148,VPWR,li1,73.8300,193.1200,1.799876
FILLER_66_136,VPWR,li1,68.3100,193.1200,1.799881
FILLER_66_121,VPWR,li1,61.6400,193.1200,1.799891
FILLER_66_81,VPWR,li1,43.4700,193.1200,1.799924
FILLER_66_65,VPWR,li1,36.3400,193.1200,1.799937
FILLER_66_53,VPWR,li1,32.6600,193.1200,1.799950
FILLER_66_41,VPWR,li1,27.1400,193.1200,1.799960
FILLER_66_29,VPWR,li1,21.6200,193.1200,1.799974
FILLER_66_27,VPWR,li1,18.1700,193.1200,1.799973
FILLER_66_19,VPWR,li1,16.1000,193.1200,1.799973
FILLER_66_7,VPWR,li1,11.5000,193.1200,1.799972
FILLER_65_817,VPWR,li1,382.0300,187.6800,1.799860
FILLER_65_809,VPWR,li1,379.5000,187.6800,1.799862
FILLER_65_797,VPWR,li1,374.9000,187.6800,1.799867
FILLER_65_785,VPWR,li1,369.3800,187.6800,1.799872
FILLER_65_776,VPWR,li1,364.3200,187.6800,1.799883
FILLER_65_764,VPWR,li1,359.7200,187.6800,1.799889
FILLER_65_753,VPWR,li1,352.8200,187.6800,1.799903
FILLER_65_741,VPWR,li1,349.1400,187.6800,1.799909
FILLER_65_729,VPWR,li1,343.6200,187.6800,1.799923
FILLER_65_725,VPWR,li1,339.7100,187.6800,1.799929
FILLER_65_717,VPWR,li1,337.1800,187.6800,1.799936
FILLER_65_705,VPWR,li1,332.5800,187.6800,1.799948
FILLER_65_693,VPWR,li1,327.0600,187.6800,1.799949
FILLER_65_681,VPWR,li1,321.5400,187.6800,1.799936
FILLER_65_673,VPWR,li1,316.0200,187.6800,1.799925
FILLER_65_670,VPWR,li1,314.1800,187.6800,1.799921
FILLER_65_662,VPWR,li1,311.8800,187.6800,1.799915
FILLER_65_644,VPWR,li1,302.2200,187.6800,1.799902
FILLER_65_635,VPWR,li1,298.0800,187.6800,1.799897
FILLER_65_606,VPWR,li1,284.9700,187.6800,1.799885
FILLER_65_594,VPWR,li1,281.5200,187.6800,1.799882
FILLER_65_567,VPWR,li1,266.5700,187.6800,1.799877
FILLER_65_561,VPWR,li1,264.9600,187.6800,1.799877
FILLER_65_554,VPWR,li1,260.8200,187.6800,1.799878
FILLER_65_535,VPWR,li1,252.3100,187.6800,1.799879
FILLER_65_527,VPWR,li1,248.1700,187.6800,1.799880
FILLER_65_519,VPWR,li1,246.1000,187.6800,1.799881
FILLER_65_511,VPWR,li1,240.8100,187.6800,1.799883
FILLER_65_505,VPWR,li1,239.2000,187.6800,1.799883
FILLER_65_503,VPWR,li1,237.1300,187.6800,1.799885
FILLER_65_497,VPWR,li1,235.5200,187.6800,1.799886
FILLER_65_485,VPWR,li1,231.3800,187.6800,1.799888
FILLER_65_473,VPWR,li1,225.8600,187.6800,1.799892
FILLER_65_461,VPWR,li1,220.3400,187.6800,1.799894
FILLER_65_449,VPWR,li1,214.8200,187.6800,1.799898
FILLER_65_444,VPWR,li1,210.6800,187.6800,1.799900
FILLER_65_437,VPWR,li1,206.7700,187.6800,1.799903
FILLER_65_430,VPWR,li1,203.7800,187.6800,1.799907
FILLER_65_422,VPWR,li1,201.4800,187.6800,1.799909
FILLER_65_417,VPWR,li1,197.8000,187.6800,1.799911
FILLER_65_409,VPWR,li1,195.5000,187.6800,1.799914
FILLER_65_397,VPWR,li1,190.9000,187.6800,1.799917
FILLER_65_386,VPWR,li1,183.5400,187.6800,1.799928
FILLER_65_378,VPWR,li1,181.2400,187.6800,1.799933
FILLER_65_367,VPWR,li1,174.5700,187.6800,1.799947
FILLER_65_363,VPWR,li1,172.9600,187.6800,1.799940
FILLER_65_353,VPWR,li1,169.2800,187.6800,1.799933
FILLER_65_337,VPWR,li1,161.9200,187.6800,1.799911
FILLER_65_333,VPWR,li1,159.3900,187.6800,1.799904
FILLER_65_313,VPWR,li1,150.1900,187.6800,1.799885
FILLER_65_292,VPWR,li1,140.3000,187.6800,1.799874
FILLER_65_281,VPWR,li1,135.7000,187.6800,1.799870
FILLER_65_274,VPWR,li1,132.9400,187.6800,1.799869
FILLER_65_267,VPWR,li1,128.5700,187.6800,1.799867
FILLER_65_233,VPWR,li1,114.5400,187.6800,1.799866
FILLER_65_221,VPWR,li1,107.8700,187.6800,1.799868
FILLER_65_209,VPWR,li1,104.4200,187.6800,1.799871
FILLER_65_202,VPWR,li1,98.6700,187.6800,1.799875
FILLER_65_196,VPWR,li1,97.0600,187.6800,1.799876
FILLER_65_181,VPWR,li1,89.2400,187.6800,1.799882
FILLER_65_169,VPWR,li1,86.0200,187.6800,1.799886
FILLER_65_166,VPWR,li1,82.3400,187.6800,1.799889
FILLER_65_158,VPWR,li1,80.0400,187.6800,1.799893
FILLER_65_146,VPWR,li1,75.4400,187.6800,1.799897
FILLER_65_134,VPWR,li1,69.9200,187.6800,1.799904
FILLER_65_113,VPWR,li1,57.7300,187.6800,1.799918
FILLER_65_96,VPWR,li1,52.4400,187.6800,1.799928
FILLER_65_84,VPWR,li1,46.9200,187.6800,1.799936
FILLER_65_69,VPWR,li1,38.6400,187.6800,1.799950
FILLER_65_57,VPWR,li1,34.5000,187.6800,1.799957
FILLER_65_55,VPWR,li1,31.0500,187.6800,1.799963
FILLER_65_43,VPWR,li1,28.0600,187.6800,1.799971
FILLER_65_31,VPWR,li1,22.5400,187.6800,1.799981
FILLER_65_19,VPWR,li1,17.0200,187.6800,1.799980
FILLER_65_7,VPWR,li1,11.5000,187.6800,1.799979
FILLER_64_819,VPWR,li1,382.4900,187.6800,1.799860
FILLER_64_813,VPWR,li1,380.8800,187.6800,1.799862
FILLER_64_804,VPWR,li1,377.2000,187.6800,1.799864
FILLER_64_772,VPWR,li1,363.4000,187.6800,1.799883
FILLER_64_760,VPWR,li1,357.8800,187.6800,1.799892
FILLER_64_755,VPWR,li1,353.0500,187.6800,1.799903
FILLER_64_751,VPWR,li1,351.9000,187.6800,1.799903
FILLER_64_726,VPWR,li1,342.2400,187.6800,1.799923
FILLER_64_714,VPWR,li1,336.7200,187.6800,1.799936
FILLER_64_688,VPWR,li1,324.7600,187.6800,1.799944
FILLER_64_668,VPWR,li1,314.1800,187.6800,1.799921
FILLER_64_649,VPWR,li1,304.5200,187.6800,1.799905
FILLER_64_637,VPWR,li1,298.7700,187.6800,1.799899
FILLER_64_625,VPWR,li1,295.7800,187.6800,1.799894
FILLER_64_613,VPWR,li1,290.2600,187.6800,1.799890
FILLER_64_597,VPWR,li1,280.6000,187.6800,1.799882
FILLER_64_589,VPWR,li1,278.3000,187.6800,1.799881
FILLER_64_584,VPWR,li1,275.0800,187.6800,1.799879
FILLER_64_569,VPWR,li1,267.9500,187.6800,1.799877
FILLER_64_557,VPWR,li1,264.5000,187.6800,1.799877
FILLER_64_545,VPWR,li1,258.9800,187.6800,1.799878
FILLER_64_533,VPWR,li1,253.4600,187.6800,1.799879
FILLER_64_531,VPWR,li1,250.0100,187.6800,1.799879
FILLER_64_523,VPWR,li1,247.9400,187.6800,1.799880
FILLER_64_497,VPWR,li1,234.6000,187.6800,1.799886
FILLER_64_489,VPWR,li1,232.3000,187.6800,1.799888
FILLER_64_477,VPWR,li1,227.7000,187.6800,1.799890
FILLER_64_475,VPWR,li1,224.2500,187.6800,1.799892
FILLER_64_463,VPWR,li1,221.2600,187.6800,1.799894
FILLER_64_451,VPWR,li1,215.7400,187.6800,1.799898
FILLER_64_440,VPWR,li1,208.8400,187.6800,1.799902
FILLER_64_432,VPWR,li1,204.7000,187.6800,1.799905
FILLER_64_424,VPWR,li1,202.4000,187.6800,1.799907
FILLER_64_419,VPWR,li1,198.4900,187.6800,1.799911
FILLER_64_413,VPWR,li1,196.8800,187.6800,1.799912
FILLER_64_402,VPWR,li1,191.3600,187.6800,1.799917
FILLER_64_385,VPWR,li1,183.3100,187.6800,1.799928
FILLER_64_377,VPWR,li1,180.7800,187.6800,1.799933
FILLER_64_365,VPWR,li1,176.1800,187.6800,1.799942
FILLER_64_361,VPWR,li1,172.2700,187.6800,1.799940
FILLER_64_349,VPWR,li1,168.8200,187.6800,1.799927
FILLER_64_337,VPWR,li1,163.3000,187.6800,1.799911
FILLER_64_322,VPWR,li1,154.1000,187.6800,1.799891
FILLER_64_307,VPWR,li1,146.9700,187.6800,1.799880
FILLER_64_303,VPWR,li1,145.8200,187.6800,1.799880
FILLER_64_297,VPWR,li1,142.3700,187.6800,1.799876
FILLER_64_268,VPWR,li1,129.7200,187.6800,1.799867
FILLER_64_261,VPWR,li1,126.0400,187.6800,1.799866
FILLER_64_253,VPWR,li1,123.7400,187.6800,1.799865
FILLER_64_239,VPWR,li1,116.1500,187.6800,1.799865
FILLER_64_231,VPWR,li1,113.6200,187.6800,1.799866
FILLER_64_215,VPWR,li1,105.1100,187.6800,1.799870
FILLER_64_205,VPWR,li1,100.5100,187.6800,1.799873
FILLER_64_197,VPWR,li1,97.9800,187.6800,1.799875
FILLER_64_193,VPWR,li1,94.9900,187.6800,1.799878
FILLER_64_181,VPWR,li1,91.5400,187.6800,1.799880
FILLER_64_173,VPWR,li1,85.5600,187.6800,1.799886
FILLER_64_165,VPWR,li1,83.2600,187.6800,1.799889
FILLER_64_153,VPWR,li1,78.6600,187.6800,1.799893
FILLER_64_141,VPWR,li1,73.1400,187.6800,1.799899
FILLER_64_126,VPWR,li1,63.7100,187.6800,1.799910
FILLER_64_122,VPWR,li1,61.8700,187.6800,1.799912
FILLER_64_103,VPWR,li1,55.6600,187.6800,1.799921
FILLER_64_93,VPWR,li1,48.9900,187.6800,1.799932
FILLER_64_85,VPWR,li1,46.4600,187.6800,1.799936
FILLER_64_81,VPWR,li1,43.4700,187.6800,1.799941
FILLER_64_71,VPWR,li1,38.4100,187.6800,1.799953
FILLER_64_65,VPWR,li1,36.8000,187.6800,1.799953
FILLER_64_53,VPWR,li1,32.6600,187.6800,1.799963
FILLER_64_41,VPWR,li1,27.1400,187.6800,1.799971
FILLER_64_29,VPWR,li1,21.6200,187.6800,1.799981
FILLER_64_27,VPWR,li1,18.1700,187.6800,1.799980
FILLER_64_19,VPWR,li1,16.1000,187.6800,1.799980
FILLER_64_7,VPWR,li1,11.5000,187.6800,1.799979
FILLER_63_822,VPWR,li1,384.1000,182.2400,1.799846
FILLER_63_814,VPWR,li1,381.8000,182.2400,1.799846
FILLER_63_793,VPWR,li1,370.5300,182.2400,1.799851
FILLER_63_785,VPWR,li1,368.4600,182.2400,1.799854
FILLER_63_783,VPWR,li1,365.9300,182.2400,1.799857
FILLER_63_771,VPWR,li1,360.4100,182.2400,1.799864
FILLER_63_767,VPWR,li1,359.2600,182.2400,1.799867
FILLER_63_729,VPWR,li1,341.7800,182.2400,1.799903
FILLER_63_708,VPWR,li1,331.4300,182.2400,1.799926
FILLER_63_702,VPWR,li1,329.8200,182.2400,1.799932
FILLER_63_686,VPWR,li1,321.5400,182.2400,1.799903
FILLER_63_678,VPWR,li1,319.2400,182.2400,1.799895
FILLER_63_653,VPWR,li1,306.1300,182.2400,1.799846
FILLER_63_647,VPWR,li1,304.5200,182.2400,1.799846
FILLER_63_635,VPWR,li1,300.3800,182.2400,1.799829
FILLER_63_630,VPWR,li1,295.5500,182.2400,1.799817
FILLER_63_599,VPWR,li1,281.7500,182.2400,1.799781
FILLER_63_556,VPWR,li1,261.5100,182.2400,1.799755
FILLER_63_552,VPWR,li1,260.3600,182.2400,1.799753
FILLER_63_546,VPWR,li1,256.9100,182.2400,1.799752
FILLER_63_536,VPWR,li1,252.3100,182.2400,1.799749
FILLER_63_528,VPWR,li1,250.2400,182.2400,1.799748
FILLER_63_513,VPWR,li1,244.2600,182.2400,1.799746
FILLER_63_505,VPWR,li1,238.0500,182.2400,1.799743
FILLER_63_483,VPWR,li1,229.0800,182.2400,1.799745
FILLER_63_470,VPWR,li1,221.9500,182.2400,1.799755
FILLER_63_431,VPWR,li1,204.7000,182.2400,1.799802
FILLER_63_385,VPWR,li1,182.8500,182.2400,1.799877
FILLER_63_373,VPWR,li1,179.8600,182.2400,1.799894
FILLER_63_361,VPWR,li1,174.3400,182.2400,1.799919
FILLER_63_345,VPWR,li1,164.6800,182.2400,1.799892
FILLER_63_337,VPWR,li1,160.7700,182.2400,1.799878
FILLER_63_334,VPWR,li1,159.6200,182.2400,1.799878
FILLER_63_326,VPWR,li1,157.3200,182.2400,1.799873
FILLER_63_319,VPWR,li1,152.4900,182.2400,1.799863
FILLER_63_315,VPWR,li1,151.3400,182.2400,1.799863
FILLER_63_303,VPWR,li1,147.6600,182.2400,1.799860
FILLER_63_291,VPWR,li1,142.1400,182.2400,1.799855
FILLER_63_284,VPWR,li1,136.6200,182.2400,1.799851
FILLER_63_278,VPWR,li1,133.8600,182.2400,1.799850
FILLER_63_270,VPWR,li1,131.5600,182.2400,1.799847
FILLER_63_258,VPWR,li1,126.9600,182.2400,1.799845
FILLER_63_242,VPWR,li1,117.5300,182.2400,1.799838
FILLER_63_225,VPWR,li1,109.9400,182.2400,1.799836
FILLER_63_223,VPWR,li1,108.3300,182.2400,1.799836
FILLER_63_215,VPWR,li1,106.2600,182.2400,1.799836
FILLER_63_203,VPWR,li1,101.6600,182.2400,1.799835
FILLER_63_191,VPWR,li1,96.1400,182.2400,1.799836
FILLER_63_169,VPWR,li1,84.1800,182.2400,1.799844
FILLER_63_167,VPWR,li1,82.5700,182.2400,1.799846
FILLER_63_159,VPWR,li1,78.8900,182.2400,1.799850
FILLER_63_153,VPWR,li1,77.2800,182.2400,1.799853
FILLER_63_146,VPWR,li1,72.9100,182.2400,1.799857
FILLER_63_133,VPWR,li1,66.9300,182.2400,1.799867
FILLER_63_125,VPWR,li1,64.8600,182.2400,1.799871
FILLER_63_113,VPWR,li1,60.2600,182.2400,1.799879
FILLER_63_99,VPWR,li1,51.2900,182.2400,1.799897
FILLER_63_91,VPWR,li1,49.2200,182.2400,1.799901
FILLER_63_65,VPWR,li1,35.8800,182.2400,1.799932
FILLER_63_57,VPWR,li1,33.5800,182.2400,1.799940
FILLER_63_55,VPWR,li1,31.0500,182.2400,1.799948
FILLER_63_51,VPWR,li1,29.9000,182.2400,1.799948
FILLER_63_39,VPWR,li1,26.2200,182.2400,1.799958
FILLER_63_27,VPWR,li1,20.7000,182.2400,1.799972
FILLER_63_15,VPWR,li1,15.1800,182.2400,1.799971
FILLER_63_3,VPWR,li1,9.6600,182.2400,1.799971
FILLER_62_819,VPWR,li1,382.4900,182.2400,1.799846
FILLER_62_813,VPWR,li1,380.8800,182.2400,1.799846
FILLER_62_810,VPWR,li1,378.5800,182.2400,1.799846
FILLER_62_802,VPWR,li1,376.2800,182.2400,1.799846
FILLER_62_790,VPWR,li1,371.6800,182.2400,1.799851
FILLER_62_783,VPWR,li1,366.1600,182.2400,1.799857
FILLER_62_769,VPWR,li1,361.1000,182.2400,1.799864
FILLER_62_760,VPWR,li1,356.5000,182.2400,1.799871
FILLER_62_749,VPWR,li1,350.5200,182.2400,1.799885
FILLER_62_738,VPWR,li1,345.2300,182.2400,1.799895
FILLER_62_728,VPWR,li1,340.6300,182.2400,1.799903
FILLER_62_714,VPWR,li1,334.1900,182.2400,1.799919
FILLER_62_708,VPWR,li1,332.5800,182.2400,1.799926
FILLER_62_688,VPWR,li1,322.2300,182.2400,1.799903
FILLER_62_680,VPWR,li1,320.1600,182.2400,1.799895
FILLER_62_645,VPWR,li1,304.9800,182.2400,1.799846
FILLER_62_642,VPWR,li1,301.3000,182.2400,1.799835
FILLER_62_620,VPWR,li1,292.1000,182.2400,1.799807
FILLER_62_595,VPWR,li1,279.4500,182.2400,1.799776
FILLER_62_589,VPWR,li1,277.8400,182.2400,1.799772
FILLER_62_585,VPWR,li1,275.3100,182.2400,1.799769
FILLER_62_577,VPWR,li1,271.1700,182.2400,1.799762
FILLER_62_573,VPWR,li1,270.0200,182.2400,1.799762
FILLER_62_546,VPWR,li1,257.1400,182.2400,1.799752
FILLER_62_538,VPWR,li1,254.8400,182.2400,1.799751
FILLER_62_531,VPWR,li1,250.0100,182.2400,1.799748
FILLER_62_513,VPWR,li1,241.7300,182.2400,1.799745
FILLER_62_507,VPWR,li1,240.1200,182.2400,1.799744
FILLER_62_495,VPWR,li1,235.9800,182.2400,1.799743
FILLER_62_477,VPWR,li1,226.3200,182.2400,1.799749
FILLER_62_474,VPWR,li1,224.0200,182.2400,1.799752
FILLER_62_470,VPWR,li1,221.9500,182.2400,1.799755
FILLER_62_464,VPWR,li1,220.3400,182.2400,1.799758
FILLER_62_460,VPWR,li1,217.3500,182.2400,1.799763
FILLER_62_449,VPWR,li1,212.9800,182.2400,1.799777
FILLER_62_437,VPWR,li1,209.3000,182.2400,1.799784
FILLER_62_417,VPWR,li1,198.0300,182.2400,1.799818
FILLER_62_404,VPWR,li1,192.7400,182.2400,1.799836
FILLER_62_392,VPWR,li1,188.6000,182.2400,1.799850
FILLER_62_380,VPWR,li1,183.0800,182.2400,1.799877
FILLER_62_368,VPWR,li1,175.2600,182.2400,1.799919
FILLER_62_362,VPWR,li1,172.5000,182.2400,1.799914
FILLER_62_354,VPWR,li1,168.5900,182.2400,1.799903
FILLER_62_337,VPWR,li1,160.7700,182.2400,1.799878
FILLER_62_331,VPWR,li1,159.1600,182.2400,1.799878
FILLER_62_317,VPWR,li1,151.5700,182.2400,1.799863
FILLER_62_309,VPWR,li1,149.5000,182.2400,1.799862
FILLER_62_307,VPWR,li1,146.9700,182.2400,1.799859
FILLER_62_301,VPWR,li1,145.3600,182.2400,1.799859
FILLER_62_289,VPWR,li1,141.2200,182.2400,1.799855
FILLER_62_277,VPWR,li1,135.7000,182.2400,1.799851
FILLER_62_265,VPWR,li1,130.1800,182.2400,1.799847
FILLER_62_253,VPWR,li1,124.6600,182.2400,1.799843
FILLER_62_251,VPWR,li1,121.2100,182.2400,1.799840
FILLER_62_237,VPWR,li1,114.7700,182.2400,1.799836
FILLER_62_231,VPWR,li1,113.1600,182.2400,1.799836
FILLER_62_224,VPWR,li1,108.7900,182.2400,1.799836
FILLER_62_216,VPWR,li1,106.7200,182.2400,1.799836
FILLER_62_204,VPWR,li1,102.1200,182.2400,1.799835
FILLER_62_191,VPWR,li1,93.6100,182.2400,1.799837
FILLER_62_183,VPWR,li1,91.5400,182.2400,1.799838
FILLER_62_175,VPWR,li1,86.2500,182.2400,1.799842
FILLER_62_169,VPWR,li1,84.6400,182.2400,1.799844
FILLER_62_160,VPWR,li1,79.5800,182.2400,1.799848
FILLER_62_152,VPWR,li1,75.6700,182.2400,1.799853
FILLER_62_141,VPWR,li1,71.3000,182.2400,1.799862
FILLER_62_139,VPWR,li1,69.6900,182.2400,1.799862
FILLER_62_135,VPWR,li1,68.5400,182.2400,1.799867
FILLER_62_130,VPWR,li1,65.7800,182.2400,1.799871
FILLER_62_118,VPWR,li1,62.5600,182.2400,1.799875
FILLER_62_106,VPWR,li1,57.0400,182.2400,1.799887
FILLER_62_97,VPWR,li1,51.5200,182.2400,1.799897
FILLER_62_85,VPWR,li1,47.3800,182.2400,1.799905
FILLER_62_76,VPWR,li1,42.3200,182.2400,1.799916
FILLER_62_65,VPWR,li1,36.3400,182.2400,1.799932
FILLER_62_53,VPWR,li1,32.6600,182.2400,1.799940
FILLER_62_41,VPWR,li1,27.1400,182.2400,1.799958
FILLER_62_29,VPWR,li1,21.6200,182.2400,1.799972
FILLER_62_27,VPWR,li1,18.1700,182.2400,1.799972
FILLER_62_19,VPWR,li1,16.1000,182.2400,1.799971
FILLER_62_7,VPWR,li1,11.5000,182.2400,1.799971
FILLER_61_817,VPWR,li1,382.0300,176.8000,1.799830
FILLER_61_809,VPWR,li1,379.5000,176.8000,1.799833
FILLER_61_797,VPWR,li1,374.9000,176.8000,1.799836
FILLER_61_785,VPWR,li1,369.3800,176.8000,1.799842
FILLER_61_776,VPWR,li1,362.7100,176.8000,1.799852
FILLER_61_766,VPWR,li1,358.1100,176.8000,1.799858
FILLER_61_760,VPWR,li1,355.3500,176.8000,1.799864
FILLER_61_753,VPWR,li1,352.8200,176.8000,1.799873
FILLER_61_744,VPWR,li1,349.1400,176.8000,1.799878
FILLER_61_729,VPWR,li1,341.7800,176.8000,1.799898
FILLER_61_720,VPWR,li1,338.5600,176.8000,1.799904
FILLER_61_709,VPWR,li1,331.8900,176.8000,1.799920
FILLER_61_697,VPWR,li1,328.9000,176.8000,1.799932
FILLER_61_689,VPWR,li1,322.9200,176.8000,1.799913
FILLER_61_617,VPWR,li1,290.7200,176.8000,1.799834
FILLER_61_596,VPWR,li1,280.6000,176.8000,1.799817
FILLER_61_578,VPWR,li1,274.1600,176.8000,1.799805
FILLER_61_566,VPWR,li1,268.6400,176.8000,1.799797
FILLER_61_557,VPWR,li1,262.4300,176.8000,1.799790
FILLER_61_543,VPWR,li1,257.1400,176.8000,1.799782
FILLER_61_532,VPWR,li1,250.4700,176.8000,1.799772
FILLER_61_528,VPWR,li1,249.3200,176.8000,1.799772
FILLER_61_517,VPWR,li1,243.5700,176.8000,1.799764
FILLER_61_505,VPWR,li1,240.5800,176.8000,1.799762
FILLER_61_503,VPWR,li1,237.1300,176.8000,1.799758
FILLER_61_491,VPWR,li1,234.1400,176.8000,1.799755
FILLER_61_479,VPWR,li1,228.6200,176.8000,1.799753
FILLER_61_467,VPWR,li1,223.1000,176.8000,1.799753
FILLER_61_453,VPWR,li1,214.1300,176.8000,1.799759
FILLER_61_449,VPWR,li1,212.9800,176.8000,1.799759
FILLER_61_445,VPWR,li1,210.9100,176.8000,1.799761
FILLER_61_437,VPWR,li1,208.3800,176.8000,1.799766
FILLER_61_426,VPWR,li1,202.8600,176.8000,1.799778
FILLER_61_419,VPWR,li1,198.9500,176.8000,1.799783
FILLER_61_411,VPWR,li1,196.4200,176.8000,1.799788
FILLER_61_399,VPWR,li1,191.8200,176.8000,1.799798
FILLER_61_384,VPWR,li1,184.0000,176.8000,1.799827
FILLER_61_369,VPWR,li1,175.7200,176.8000,1.799873
FILLER_61_361,VPWR,li1,173.4200,176.8000,1.799858
FILLER_61_352,VPWR,li1,167.9000,176.8000,1.799823
FILLER_61_337,VPWR,li1,161.2300,176.8000,1.799779
FILLER_61_324,VPWR,li1,157.3200,176.8000,1.799750
FILLER_61_315,VPWR,li1,151.3400,176.8000,1.799725
FILLER_61_304,VPWR,li1,145.5900,176.8000,1.799710
FILLER_61_296,VPWR,li1,141.9100,176.8000,1.799699
FILLER_61_288,VPWR,li1,139.8400,176.8000,1.799693
FILLER_61_255,VPWR,li1,123.0500,176.8000,1.799646
FILLER_61_249,VPWR,li1,121.4400,176.8000,1.799646
FILLER_61_237,VPWR,li1,117.3000,176.8000,1.799638
FILLER_61_225,VPWR,li1,111.7800,176.8000,1.799633
FILLER_61_223,VPWR,li1,108.3300,176.8000,1.799631
FILLER_61_211,VPWR,li1,105.3400,176.8000,1.799630
FILLER_61_181,VPWR,li1,91.5400,176.8000,1.799649
FILLER_61_169,VPWR,li1,86.0200,176.8000,1.799665
FILLER_61_165,VPWR,li1,82.1100,176.8000,1.799676
FILLER_61_157,VPWR,li1,79.5800,176.8000,1.799683
FILLER_61_150,VPWR,li1,74.7500,176.8000,1.799699
FILLER_61_144,VPWR,li1,71.9900,176.8000,1.799708
FILLER_61_132,VPWR,li1,69.0000,176.8000,1.799721
FILLER_61_122,VPWR,li1,61.8700,176.8000,1.799749
FILLER_61_118,VPWR,li1,60.7200,176.8000,1.799749
FILLER_61_102,VPWR,li1,53.1300,176.8000,1.799781
FILLER_61_89,VPWR,li1,46.6900,176.8000,1.799817
FILLER_61_76,VPWR,li1,41.4000,176.8000,1.799839
FILLER_61_57,VPWR,li1,34.5000,176.8000,1.799876
FILLER_61_54,VPWR,li1,30.8200,176.8000,1.799896
FILLER_61_42,VPWR,li1,27.6000,176.8000,1.799915
FILLER_61_30,VPWR,li1,22.0800,176.8000,1.799945
FILLER_61_18,VPWR,li1,16.5600,176.8000,1.799945
FILLER_61_6,VPWR,li1,11.0400,176.8000,1.799945
FILLER_60_819,VPWR,li1,382.4900,176.8000,1.799830
FILLER_60_813,VPWR,li1,380.8800,176.8000,1.799830
FILLER_60_809,VPWR,li1,378.3500,176.8000,1.799833
FILLER_60_801,VPWR,li1,375.8200,176.8000,1.799836
FILLER_60_789,VPWR,li1,371.2200,176.8000,1.799840
FILLER_60_776,VPWR,li1,363.8600,176.8000,1.799848
FILLER_60_764,VPWR,li1,359.7200,176.8000,1.799858
FILLER_60_757,VPWR,li1,354.6600,176.8000,1.799868
FILLER_60_753,VPWR,li1,352.5900,176.8000,1.799873
FILLER_60_741,VPWR,li1,349.1400,176.8000,1.799878
FILLER_60_729,VPWR,li1,343.6200,176.8000,1.799891
FILLER_60_717,VPWR,li1,338.1000,176.8000,1.799904
FILLER_60_705,VPWR,li1,332.5800,176.8000,1.799920
FILLER_60_689,VPWR,li1,322.9200,176.8000,1.799913
FILLER_60_674,VPWR,li1,316.2500,176.8000,1.799886
FILLER_60_651,VPWR,li1,305.2100,176.8000,1.799860
FILLER_60_645,VPWR,li1,303.6000,176.8000,1.799860
FILLER_60_638,VPWR,li1,300.3800,176.8000,1.799854
FILLER_60_626,VPWR,li1,296.2400,176.8000,1.799844
FILLER_60_620,VPWR,li1,290.9500,176.8000,1.799834
FILLER_60_616,VPWR,li1,289.8000,176.8000,1.799834
FILLER_60_606,VPWR,li1,285.2000,176.8000,1.799822
FILLER_60_580,VPWR,li1,272.5500,176.8000,1.799805
FILLER_60_572,VPWR,li1,270.4800,176.8000,1.799801
FILLER_60_557,VPWR,li1,263.1200,176.8000,1.799790
FILLER_60_545,VPWR,li1,258.9800,176.8000,1.799785
FILLER_60_533,VPWR,li1,253.4600,176.8000,1.799776
FILLER_60_530,VPWR,li1,249.7800,176.8000,1.799772
FILLER_60_522,VPWR,li1,247.4800,176.8000,1.799770
FILLER_60_501,VPWR,li1,238.7400,176.8000,1.799758
FILLER_60_480,VPWR,li1,228.1600,176.8000,1.799753
FILLER_60_475,VPWR,li1,224.2500,176.8000,1.799753
FILLER_60_463,VPWR,li1,221.2600,176.8000,1.799753
FILLER_60_451,VPWR,li1,215.7400,176.8000,1.799756
FILLER_60_421,VPWR,li1,199.4100,176.8000,1.799783
FILLER_60_417,VPWR,li1,198.0300,176.8000,1.799788
FILLER_60_392,VPWR,li1,186.3000,176.8000,1.799817
FILLER_60_377,VPWR,li1,179.4000,176.8000,1.799850
FILLER_60_369,VPWR,li1,175.4900,176.8000,1.799873
FILLER_60_365,VPWR,li1,174.3400,176.8000,1.799858
FILLER_60_352,VPWR,li1,170.2000,176.8000,1.799837
FILLER_60_340,VPWR,li1,164.6800,176.8000,1.799796
FILLER_60_326,VPWR,li1,155.7100,176.8000,1.799750
FILLER_60_322,VPWR,li1,154.5600,176.8000,1.799740
FILLER_60_307,VPWR,li1,146.9700,176.8000,1.799710
FILLER_60_282,VPWR,li1,138.0000,176.8000,1.799683
FILLER_60_247,VPWR,li1,119.6000,176.8000,1.799642
FILLER_60_220,VPWR,li1,106.9500,176.8000,1.799630
FILLER_60_216,VPWR,li1,105.8000,176.8000,1.799630
FILLER_60_197,VPWR,li1,97.5200,176.8000,1.799634
FILLER_60_193,VPWR,li1,94.9900,176.8000,1.799640
FILLER_60_181,VPWR,li1,91.5400,176.8000,1.799649
FILLER_60_169,VPWR,li1,86.0200,176.8000,1.799665
FILLER_60_160,VPWR,li1,79.5800,176.8000,1.799683
FILLER_60_141,VPWR,li1,73.1400,176.8000,1.799708
FILLER_60_138,VPWR,li1,69.4600,176.8000,1.799721
FILLER_60_128,VPWR,li1,64.6300,176.8000,1.799739
FILLER_60_120,VPWR,li1,61.4100,176.8000,1.799749
FILLER_60_112,VPWR,li1,58.8800,176.8000,1.799763
FILLER_60_101,VPWR,li1,52.4400,176.8000,1.799789
FILLER_60_89,VPWR,li1,49.2200,176.8000,1.799803
FILLER_60_82,VPWR,li1,43.7000,176.8000,1.799827
FILLER_60_73,VPWR,li1,39.5600,176.8000,1.799848
FILLER_60_65,VPWR,li1,37.2600,176.8000,1.799861
FILLER_60_53,VPWR,li1,32.6600,176.8000,1.799886
FILLER_60_41,VPWR,li1,27.1400,176.8000,1.799915
FILLER_60_29,VPWR,li1,21.6200,176.8000,1.799945
FILLER_60_26,VPWR,li1,17.9400,176.8000,1.799945
FILLER_60_18,VPWR,li1,15.6400,176.8000,1.799945
FILLER_60_6,VPWR,li1,11.0400,176.8000,1.799945
FILLER_59_800,VPWR,li1,374.4400,171.3600,1.799634
FILLER_59_782,VPWR,li1,365.7000,171.3600,1.799647
FILLER_59_768,VPWR,li1,359.2600,171.3600,1.799659
FILLER_59_737,VPWR,li1,344.7700,171.3600,1.799724
FILLER_59_729,VPWR,li1,342.7000,171.3600,1.799735
FILLER_59_726,VPWR,li1,339.9400,171.3600,1.799761
FILLER_59_647,VPWR,li1,303.3700,171.3600,1.799642
FILLER_59_643,VPWR,li1,301.5300,171.3600,1.799632
FILLER_59_635,VPWR,li1,299.4600,171.3600,1.799618
FILLER_59_627,VPWR,li1,294.1700,171.3600,1.799591
FILLER_59_603,VPWR,li1,284.2800,171.3600,1.799554
FILLER_59_591,VPWR,li1,280.1400,171.3600,1.799539
FILLER_59_583,VPWR,li1,273.9300,171.3600,1.799513
FILLER_59_577,VPWR,li1,272.3200,171.3600,1.799513
FILLER_59_561,VPWR,li1,263.8100,171.3600,1.799488
FILLER_59_552,VPWR,li1,261.2800,171.3600,1.799482
FILLER_59_542,VPWR,li1,255.0700,171.3600,1.799468
FILLER_59_528,VPWR,li1,248.6300,171.3600,1.799458
FILLER_59_505,VPWR,li1,238.2800,171.3600,1.799441
FILLER_59_501,VPWR,li1,236.6700,171.3600,1.799441
FILLER_59_478,VPWR,li1,225.8600,171.3600,1.799443
FILLER_59_468,VPWR,li1,221.4900,171.3600,1.799448
FILLER_59_449,VPWR,li1,213.4400,171.3600,1.799486
FILLER_59_447,VPWR,li1,211.3700,171.3600,1.799505
FILLER_59_443,VPWR,li1,210.2200,171.3600,1.799505
FILLER_59_436,VPWR,li1,206.3100,171.3600,1.799544
FILLER_59_428,VPWR,li1,202.8600,171.3600,1.799557
FILLER_59_424,VPWR,li1,200.7900,171.3600,1.799572
FILLER_59_418,VPWR,li1,199.1800,171.3600,1.799588
FILLER_59_406,VPWR,li1,195.0400,171.3600,1.799613
FILLER_59_384,VPWR,li1,184.0000,171.3600,1.799712
FILLER_59_373,VPWR,li1,177.3300,171.3600,1.799789
FILLER_59_365,VPWR,li1,175.2600,171.3600,1.799813
FILLER_59_349,VPWR,li1,166.7500,171.3600,1.799750
FILLER_59_337,VPWR,li1,163.3000,171.3600,1.799720
FILLER_59_332,VPWR,li1,159.1600,171.3600,1.799701
FILLER_59_322,VPWR,li1,153.8700,171.3600,1.799674
FILLER_59_316,VPWR,li1,152.2600,171.3600,1.799668
FILLER_59_288,VPWR,li1,139.8400,171.3600,1.799635
FILLER_59_278,VPWR,li1,133.8600,171.3600,1.799620
FILLER_59_258,VPWR,li1,124.4300,171.3600,1.799602
FILLER_59_254,VPWR,li1,123.2800,171.3600,1.799602
FILLER_59_239,VPWR,li1,115.9200,171.3600,1.799596
FILLER_59_225,VPWR,li1,109.2500,171.3600,1.799604
FILLER_59_223,VPWR,li1,108.3300,171.3600,1.799606
FILLER_59_219,VPWR,li1,107.1800,171.3600,1.799606
FILLER_59_208,VPWR,li1,102.1200,171.3600,1.799613
FILLER_59_179,VPWR,li1,88.0900,171.3600,1.799640
FILLER_59_167,VPWR,li1,82.5700,171.3600,1.799655
FILLER_59_138,VPWR,li1,69.2300,171.3600,1.799707
FILLER_59_132,VPWR,li1,67.6200,171.3600,1.799707
FILLER_59_125,VPWR,li1,63.9400,171.3600,1.799726
FILLER_59_113,VPWR,li1,60.2600,171.3600,1.799739
FILLER_59_109,VPWR,li1,56.3500,171.3600,1.799757
FILLER_59_93,VPWR,li1,49.6800,171.3600,1.799790
FILLER_59_81,VPWR,li1,45.5400,171.3600,1.799817
FILLER_59_69,VPWR,li1,40.0200,171.3600,1.799841
FILLER_59_57,VPWR,li1,34.5000,171.3600,1.799872
FILLER_59_54,VPWR,li1,30.8200,171.3600,1.799892
FILLER_59_42,VPWR,li1,27.6000,171.3600,1.799913
FILLER_59_30,VPWR,li1,22.0800,171.3600,1.799944
FILLER_59_18,VPWR,li1,16.5600,171.3600,1.799943
FILLER_59_6,VPWR,li1,11.0400,171.3600,1.799943
FILLER_58_819,VPWR,li1,382.4900,171.3600,1.799628
FILLER_58_813,VPWR,li1,380.8800,171.3600,1.799629
FILLER_58_789,VPWR,li1,369.1500,171.3600,1.799639
FILLER_58_777,VPWR,li1,365.7000,171.3600,1.799647
FILLER_58_753,VPWR,li1,352.5900,171.3600,1.799684
FILLER_58_732,VPWR,li1,343.6200,171.3600,1.799735
FILLER_58_719,VPWR,li1,336.4900,171.3600,1.799772
FILLER_58_697,VPWR,li1,326.8300,171.3600,1.799804
FILLER_58_686,VPWR,li1,321.5400,171.3600,1.799759
FILLER_58_674,VPWR,li1,316.2500,171.3600,1.799716
FILLER_58_650,VPWR,li1,305.4400,171.3600,1.799651
FILLER_58_643,VPWR,li1,301.5300,171.3600,1.799632
FILLER_58_639,VPWR,li1,300.3800,171.3600,1.799618
FILLER_58_597,VPWR,li1,281.9800,171.3600,1.799546
FILLER_58_581,VPWR,li1,273.0100,171.3600,1.799513
FILLER_58_569,VPWR,li1,270.0200,171.3600,1.799505
FILLER_58_558,VPWR,li1,262.4300,171.3600,1.799482
FILLER_58_550,VPWR,li1,258.9800,171.3600,1.799477
FILLER_58_533,VPWR,li1,252.0800,171.3600,1.799461
FILLER_58_524,VPWR,li1,248.4000,171.3600,1.799458
FILLER_58_506,VPWR,li1,239.2000,171.3600,1.799444
FILLER_58_494,VPWR,li1,235.5200,171.3600,1.799438
FILLER_58_482,VPWR,li1,230.0000,171.3600,1.799438
FILLER_58_477,VPWR,li1,225.1700,171.3600,1.799443
FILLER_58_475,VPWR,li1,224.2500,171.3600,1.799445
FILLER_58_469,VPWR,li1,222.6400,171.3600,1.799445
FILLER_58_445,VPWR,li1,212.9800,171.3600,1.799486
FILLER_58_433,VPWR,li1,207.4600,171.3600,1.799524
FILLER_58_421,VPWR,li1,201.9400,171.3600,1.799572
FILLER_58_419,VPWR,li1,198.4900,171.3600,1.799588
FILLER_58_411,VPWR,li1,196.4200,171.3600,1.799613
FILLER_58_399,VPWR,li1,191.8200,171.3600,1.799636
FILLER_58_389,VPWR,li1,185.3800,171.3600,1.799712
FILLER_58_377,VPWR,li1,181.7000,171.3600,1.799744
FILLER_58_365,VPWR,li1,176.1800,171.3600,1.799813
FILLER_58_363,VPWR,li1,172.7300,171.3600,1.799788
FILLER_58_344,VPWR,li1,164.2200,171.3600,1.799736
FILLER_58_336,VPWR,li1,161.9200,171.3600,1.799720
FILLER_58_317,VPWR,li1,152.0300,171.3600,1.799668
FILLER_58_309,VPWR,li1,149.5000,171.3600,1.799660
FILLER_58_306,VPWR,li1,146.7400,171.3600,1.799649
FILLER_58_297,VPWR,li1,143.0600,171.3600,1.799643
FILLER_58_285,VPWR,li1,139.3800,171.3600,1.799635
FILLER_58_273,VPWR,li1,133.8600,171.3600,1.799620
FILLER_58_265,VPWR,li1,127.8800,171.3600,1.799608
FILLER_58_253,VPWR,li1,124.6600,171.3600,1.799602
FILLER_58_251,VPWR,li1,121.2100,171.3600,1.799598
FILLER_58_245,VPWR,li1,119.6000,171.3600,1.799595
FILLER_58_238,VPWR,li1,115.4600,171.3600,1.799598
FILLER_58_226,VPWR,li1,112.2400,171.3600,1.799601
FILLER_58_214,VPWR,li1,106.7200,171.3600,1.799606
FILLER_58_205,VPWR,li1,100.2800,171.3600,1.799616
FILLER_58_197,VPWR,li1,97.9800,171.3600,1.799619
FILLER_58_188,VPWR,li1,93.8400,171.3600,1.799628
FILLER_58_177,VPWR,li1,88.3200,171.3600,1.799640
FILLER_58_141,VPWR,li1,70.6100,171.3600,1.799697
FILLER_58_121,VPWR,li1,61.4100,171.3600,1.799739
FILLER_58_109,VPWR,li1,58.4200,171.3600,1.799748
FILLER_58_104,VPWR,li1,53.8200,171.3600,1.799769
FILLER_58_100,VPWR,li1,51.7500,171.3600,1.799779
FILLER_58_94,VPWR,li1,50.1400,171.3600,1.799790
FILLER_58_65,VPWR,li1,38.1800,171.3600,1.799851
FILLER_58_53,VPWR,li1,32.6600,171.3600,1.799882
FILLER_58_41,VPWR,li1,27.1400,171.3600,1.799913
FILLER_58_29,VPWR,li1,21.6200,171.3600,1.799944
FILLER_58_27,VPWR,li1,18.1700,171.3600,1.799943
FILLER_58_15,VPWR,li1,15.1800,171.3600,1.799943
FILLER_58_3,VPWR,li1,9.6600,171.3600,1.799943
FILLER_57_816,VPWR,li1,381.8000,165.9200,1.799599
FILLER_57_804,VPWR,li1,378.1200,165.9200,1.799603
FILLER_57_792,VPWR,li1,372.6000,165.9200,1.799609
FILLER_57_781,VPWR,li1,365.4700,165.9200,1.799620
FILLER_57_769,VPWR,li1,362.0200,165.9200,1.799631
FILLER_57_757,VPWR,li1,356.5000,165.9200,1.799654
FILLER_57_740,VPWR,li1,346.6100,165.9200,1.799691
FILLER_57_729,VPWR,li1,341.0900,165.9200,1.799724
FILLER_57_720,VPWR,li1,338.5600,165.9200,1.799736
FILLER_57_686,VPWR,li1,321.7700,165.9200,1.799737
FILLER_57_673,VPWR,li1,315.7900,165.9200,1.799666
FILLER_57_656,VPWR,li1,307.5100,165.9200,1.799595
FILLER_57_644,VPWR,li1,304.5200,165.9200,1.799579
FILLER_57_632,VPWR,li1,299.0000,165.9200,1.799540
FILLER_57_615,VPWR,li1,288.6500,165.9200,1.799477
FILLER_57_602,VPWR,li1,283.1300,165.9200,1.799452
FILLER_57_590,VPWR,li1,279.6800,165.9200,1.799437
FILLER_57_584,VPWR,li1,274.6200,165.9200,1.799418
FILLER_57_573,VPWR,li1,270.0200,165.9200,1.799404
FILLER_57_561,VPWR,li1,266.3400,165.9200,1.799397
FILLER_57_556,VPWR,li1,262.2000,165.9200,1.799385
FILLER_57_547,VPWR,li1,258.5200,165.9200,1.799382
FILLER_57_522,VPWR,li1,248.4000,165.9200,1.799362
FILLER_57_510,VPWR,li1,242.8800,165.9200,1.799354
FILLER_57_502,VPWR,li1,236.9000,165.9200,1.799342
FILLER_57_490,VPWR,li1,233.6800,165.9200,1.799338
FILLER_57_478,VPWR,li1,228.1600,165.9200,1.799336
FILLER_57_464,VPWR,li1,219.1900,165.9200,1.799351
FILLER_57_449,VPWR,li1,212.5200,165.9200,1.799386
FILLER_57_428,VPWR,li1,202.6300,165.9200,1.799458
FILLER_57_416,VPWR,li1,199.6400,165.9200,1.799477
FILLER_57_393,VPWR,li1,187.6800,165.9200,1.799596
FILLER_57_390,VPWR,li1,185.3800,165.9200,1.799634
FILLER_57_378,VPWR,li1,182.1600,165.9200,1.799713
FILLER_57_366,VPWR,li1,176.6400,165.9200,1.799805
FILLER_57_354,VPWR,li1,171.1200,165.9200,1.799791
FILLER_57_345,VPWR,li1,164.6800,165.9200,1.799773
FILLER_57_337,VPWR,li1,162.3800,165.9200,1.799767
FILLER_57_335,VPWR,li1,159.8500,165.9200,1.799760
FILLER_57_331,VPWR,li1,158.7000,165.9200,1.799760
FILLER_57_323,VPWR,li1,154.5600,165.9200,1.799747
FILLER_57_315,VPWR,li1,152.2600,165.9200,1.799741
FILLER_57_297,VPWR,li1,142.6000,165.9200,1.799721
FILLER_57_289,VPWR,li1,138.6900,165.9200,1.799712
FILLER_57_281,VPWR,li1,136.6200,165.9200,1.799708
FILLER_57_276,VPWR,li1,133.4000,165.9200,1.799700
FILLER_57_251,VPWR,li1,123.7400,165.9200,1.799678
FILLER_57_239,VPWR,li1,118.2200,165.9200,1.799671
FILLER_57_233,VPWR,li1,112.9300,165.9200,1.799669
FILLER_57_225,VPWR,li1,110.8600,165.9200,1.799672
FILLER_57_221,VPWR,li1,107.8700,165.9200,1.799676
FILLER_57_199,VPWR,li1,97.2900,165.9200,1.799694
FILLER_57_193,VPWR,li1,95.6800,165.9200,1.799694
FILLER_57_181,VPWR,li1,91.5400,165.9200,1.799701
FILLER_57_169,VPWR,li1,86.0200,165.9200,1.799712
FILLER_57_167,VPWR,li1,82.5700,165.9200,1.799717
FILLER_57_154,VPWR,li1,76.5900,165.9200,1.799731
FILLER_57_140,VPWR,li1,70.1500,165.9200,1.799746
FILLER_57_134,VPWR,li1,68.5400,165.9200,1.799746
FILLER_57_121,VPWR,li1,61.8700,165.9200,1.799765
FILLER_57_113,VPWR,li1,59.3400,165.9200,1.799777
FILLER_57_108,VPWR,li1,56.1200,165.9200,1.799784
FILLER_57_95,VPWR,li1,49.6800,165.9200,1.799811
FILLER_57_83,VPWR,li1,46.4600,165.9200,1.799825
FILLER_57_69,VPWR,li1,37.7200,165.9200,1.799867
FILLER_57_57,VPWR,li1,34.5000,165.9200,1.799882
FILLER_57_55,VPWR,li1,31.0500,165.9200,1.799905
FILLER_57_51,VPWR,li1,29.9000,165.9200,1.799905
FILLER_57_39,VPWR,li1,26.2200,165.9200,1.799923
FILLER_57_27,VPWR,li1,20.7000,165.9200,1.799951
FILLER_57_15,VPWR,li1,15.1800,165.9200,1.799951
FILLER_57_3,VPWR,li1,9.6600,165.9200,1.799951
FILLER_56_813,VPWR,li1,381.3400,165.9200,1.799599
FILLER_56_806,VPWR,li1,377.6600,165.9200,1.799603
FILLER_56_794,VPWR,li1,373.5200,165.9200,1.799609
FILLER_56_787,VPWR,li1,367.7700,165.9200,1.799614
FILLER_56_774,VPWR,li1,362.9400,165.9200,1.799631
FILLER_56_765,VPWR,li1,357.8800,165.9200,1.799646
FILLER_56_757,VPWR,li1,355.5800,165.9200,1.799654
FILLER_56_754,VPWR,li1,352.8200,165.9200,1.799664
FILLER_56_727,VPWR,li1,340.6300,165.9200,1.799724
FILLER_56_715,VPWR,li1,337.1800,165.9200,1.799752
FILLER_56_675,VPWR,li1,316.2500,165.9200,1.799666
FILLER_56_653,VPWR,li1,306.3600,165.9200,1.799595
FILLER_56_645,VPWR,li1,304.0600,165.9200,1.799579
FILLER_56_642,VPWR,li1,301.3000,165.9200,1.799559
FILLER_56_621,VPWR,li1,292.5600,165.9200,1.799501
FILLER_56_611,VPWR,li1,287.9600,165.9200,1.799477
FILLER_56_601,VPWR,li1,282.6700,165.9200,1.799452
FILLER_56_589,VPWR,li1,279.2200,165.9200,1.799437
FILLER_56_586,VPWR,li1,275.5400,165.9200,1.799418
FILLER_56_579,VPWR,li1,272.0900,165.9200,1.799408
FILLER_56_573,VPWR,li1,270.4800,165.9200,1.799404
FILLER_56_561,VPWR,li1,266.3400,165.9200,1.799397
FILLER_56_549,VPWR,li1,260.8200,165.9200,1.799385
FILLER_56_537,VPWR,li1,255.3000,165.9200,1.799375
FILLER_56_531,VPWR,li1,250.0100,165.9200,1.799366
FILLER_56_523,VPWR,li1,247.9400,165.9200,1.799362
FILLER_56_504,VPWR,li1,237.8200,165.9200,1.799345
FILLER_56_489,VPWR,li1,231.3800,165.9200,1.799338
FILLER_56_477,VPWR,li1,227.7000,165.9200,1.799336
FILLER_56_464,VPWR,li1,221.7200,165.9200,1.799334
FILLER_56_455,VPWR,li1,215.7400,165.9200,1.799360
FILLER_56_446,VPWR,li1,211.1400,165.9200,1.799386
FILLER_56_437,VPWR,li1,207.2300,165.9200,1.799410
FILLER_56_429,VPWR,li1,203.3200,165.9200,1.799440
FILLER_56_421,VPWR,li1,201.0200,165.9200,1.799458
FILLER_56_419,VPWR,li1,198.4900,165.9200,1.799477
FILLER_56_410,VPWR,li1,194.5800,165.9200,1.799508
FILLER_56_389,VPWR,li1,186.3000,165.9200,1.799634
FILLER_56_376,VPWR,li1,178.7100,165.9200,1.799763
FILLER_56_372,VPWR,li1,177.5600,165.9200,1.799763
FILLER_56_352,VPWR,li1,170.2000,165.9200,1.799791
FILLER_56_337,VPWR,li1,161.2300,165.9200,1.799767
FILLER_56_320,VPWR,li1,153.4100,165.9200,1.799747
FILLER_56_312,VPWR,li1,150.8800,165.9200,1.799741
FILLER_56_306,VPWR,li1,146.7400,165.9200,1.799731
FILLER_56_297,VPWR,li1,142.3700,165.9200,1.799721
FILLER_56_289,VPWR,li1,140.3000,165.9200,1.799712
FILLER_56_275,VPWR,li1,133.8600,165.9200,1.799700
FILLER_56_253,VPWR,li1,122.1300,165.9200,1.799678
FILLER_56_229,VPWR,li1,111.7800,165.9200,1.799672
FILLER_56_217,VPWR,li1,108.1000,165.9200,1.799676
FILLER_56_209,VPWR,li1,102.1200,165.9200,1.799684
FILLER_56_197,VPWR,li1,98.9000,165.9200,1.799689
FILLER_56_188,VPWR,li1,93.8400,165.9200,1.799697
FILLER_56_171,VPWR,li1,84.8700,165.9200,1.799712
FILLER_56_159,VPWR,li1,81.4200,165.9200,1.799721
FILLER_56_147,VPWR,li1,73.3700,165.9200,1.799735
FILLER_56_141,VPWR,li1,71.7600,165.9200,1.799739
FILLER_56_128,VPWR,li1,67.1600,165.9200,1.799750
FILLER_56_116,VPWR,li1,61.6400,165.9200,1.799765
FILLER_56_103,VPWR,li1,53.3600,165.9200,1.799802
FILLER_56_91,VPWR,li1,50.1400,165.9200,1.799811
FILLER_56_83,VPWR,li1,43.9300,165.9200,1.799844
FILLER_56_77,VPWR,li1,42.3200,165.9200,1.799844
FILLER_56_65,VPWR,li1,38.1800,165.9200,1.799867
FILLER_56_53,VPWR,li1,32.6600,165.9200,1.799892
FILLER_56_41,VPWR,li1,27.1400,165.9200,1.799923
FILLER_56_29,VPWR,li1,21.6200,165.9200,1.799951
FILLER_56_27,VPWR,li1,18.1700,165.9200,1.799951
FILLER_56_15,VPWR,li1,15.1800,165.9200,1.799951
FILLER_56_3,VPWR,li1,9.6600,165.9200,1.799951
FILLER_55_822,VPWR,li1,384.1000,160.4800,1.799524
FILLER_55_800,VPWR,li1,373.9800,160.4800,1.799530
FILLER_55_792,VPWR,li1,371.6800,160.4800,1.799532
FILLER_55_782,VPWR,li1,365.7000,160.4800,1.799540
FILLER_55_745,VPWR,li1,348.6800,160.4800,1.799617
FILLER_55_736,VPWR,li1,344.3100,160.4800,1.799647
FILLER_55_716,VPWR,li1,336.7200,160.4800,1.799715
FILLER_55_710,VPWR,li1,332.3500,160.4800,1.799736
FILLER_55_700,VPWR,li1,328.2100,160.4800,1.799769
FILLER_55_656,VPWR,li1,307.5100,160.4800,1.799484
FILLER_55_652,VPWR,li1,306.3600,160.4800,1.799484
FILLER_55_644,VPWR,li1,301.9900,160.4800,1.799435
FILLER_55_636,VPWR,li1,299.9200,160.4800,1.799405
FILLER_55_629,VPWR,li1,295.5500,160.4800,1.799368
FILLER_55_617,VPWR,li1,292.1000,160.4800,1.799352
FILLER_55_615,VPWR,li1,288.6500,160.4800,1.799325
FILLER_55_609,VPWR,li1,287.0400,160.4800,1.799325
FILLER_55_597,VPWR,li1,282.9000,160.4800,1.799303
FILLER_55_576,VPWR,li1,270.7100,160.4800,1.799266
FILLER_55_549,VPWR,li1,258.2900,160.4800,1.799290
FILLER_55_543,VPWR,li1,256.6800,160.4800,1.799290
FILLER_55_514,VPWR,li1,242.1900,160.4800,1.799332
FILLER_55_489,VPWR,li1,230.6900,160.4800,1.799377
FILLER_55_475,VPWR,li1,224.2500,160.4800,1.799422
FILLER_55_471,VPWR,li1,223.1000,160.4800,1.799422
FILLER_55_449,VPWR,li1,213.9000,160.4800,1.799492
FILLER_55_447,VPWR,li1,211.3700,160.4800,1.799524
FILLER_55_425,VPWR,li1,201.2500,160.4800,1.799608
FILLER_55_421,VPWR,li1,200.1000,160.4800,1.799608
FILLER_55_413,VPWR,li1,195.7300,160.4800,1.799651
FILLER_55_384,VPWR,li1,184.0000,160.4800,1.799763
FILLER_55_376,VPWR,li1,178.7100,160.4800,1.799837
FILLER_55_372,VPWR,li1,177.5600,160.4800,1.799837
FILLER_55_361,VPWR,li1,172.5000,160.4800,1.799860
FILLER_55_341,VPWR,li1,162.6100,160.4800,1.799846
FILLER_55_337,VPWR,li1,161.4600,160.4800,1.799846
FILLER_55_330,VPWR,li1,158.7000,160.4800,1.799843
FILLER_55_320,VPWR,li1,153.1800,160.4800,1.799836
FILLER_55_308,VPWR,li1,149.9600,160.4800,1.799833
FILLER_55_296,VPWR,li1,144.4400,160.4800,1.799827
FILLER_55_288,VPWR,li1,138.2300,160.4800,1.799823
FILLER_55_278,VPWR,li1,133.8600,160.4800,1.799821
FILLER_55_270,VPWR,li1,131.5600,160.4800,1.799819
FILLER_55_261,VPWR,li1,126.2700,160.4800,1.799817
FILLER_55_253,VPWR,li1,123.7400,160.4800,1.799816
FILLER_55_243,VPWR,li1,117.9900,160.4800,1.799815
FILLER_55_233,VPWR,li1,113.1600,160.4800,1.799814
FILLER_55_225,VPWR,li1,110.8600,160.4800,1.799814
FILLER_55_223,VPWR,li1,108.3300,160.4800,1.799814
FILLER_55_217,VPWR,li1,106.7200,160.4800,1.799814
FILLER_55_202,VPWR,li1,98.9000,160.4800,1.799816
FILLER_55_167,VPWR,li1,82.5700,160.4800,1.799826
FILLER_55_163,VPWR,li1,81.4200,160.4800,1.799826
FILLER_55_151,VPWR,li1,77.7400,160.4800,1.799830
FILLER_55_146,VPWR,li1,72.9100,160.4800,1.799835
FILLER_55_138,VPWR,li1,70.8400,160.4800,1.799838
FILLER_55_126,VPWR,li1,66.2400,160.4800,1.799842
FILLER_55_113,VPWR,li1,58.4200,160.4800,1.799856
FILLER_55_111,VPWR,li1,56.8100,160.4800,1.799856
FILLER_55_99,VPWR,li1,53.8200,160.4800,1.799862
FILLER_55_87,VPWR,li1,48.3000,160.4800,1.799876
FILLER_55_77,VPWR,li1,41.6300,160.4800,1.799894
FILLER_55_69,VPWR,li1,39.1000,160.4800,1.799906
FILLER_55_57,VPWR,li1,34.5000,160.4800,1.799919
FILLER_55_55,VPWR,li1,31.0500,160.4800,1.799931
FILLER_55_43,VPWR,li1,28.0600,160.4800,1.799944
FILLER_55_31,VPWR,li1,22.5400,160.4800,1.799964
FILLER_55_19,VPWR,li1,17.0200,160.4800,1.799963
FILLER_55_7,VPWR,li1,11.5000,160.4800,1.799963
FILLER_54_813,VPWR,li1,379.7300,160.4800,1.799524
FILLER_54_811,VPWR,li1,378.8100,160.4800,1.799526
FILLER_54_805,VPWR,li1,377.2000,160.4800,1.799526
FILLER_54_793,VPWR,li1,373.0600,160.4800,1.799532
FILLER_54_781,VPWR,li1,367.5400,160.4800,1.799537
FILLER_54_757,VPWR,li1,355.1200,160.4800,1.799574
FILLER_54_755,VPWR,li1,353.0500,160.4800,1.799587
FILLER_54_747,VPWR,li1,350.9800,160.4800,1.799601
FILLER_54_735,VPWR,li1,346.3800,160.4800,1.799633
FILLER_54_701,VPWR,li1,328.9000,160.4800,1.799769
FILLER_54_699,VPWR,li1,327.2900,160.4800,1.799737
FILLER_54_695,VPWR,li1,326.1400,160.4800,1.799737
FILLER_54_684,VPWR,li1,320.6200,160.4800,1.799658
FILLER_54_672,VPWR,li1,315.3300,160.4800,1.799584
FILLER_54_664,VPWR,li1,312.8000,160.4800,1.799558
FILLER_54_651,VPWR,li1,305.2100,160.4800,1.799456
FILLER_54_645,VPWR,li1,303.6000,160.4800,1.799435
FILLER_54_640,VPWR,li1,300.8400,160.4800,1.799405
FILLER_54_605,VPWR,li1,284.0500,160.4800,1.799303
FILLER_54_601,VPWR,li1,282.9000,160.4800,1.799303
FILLER_54_589,VPWR,li1,279.2200,160.4800,1.799280
FILLER_54_587,VPWR,li1,275.7700,160.4800,1.799271
FILLER_54_579,VPWR,li1,272.0900,160.4800,1.799266
FILLER_54_567,VPWR,li1,269.1000,160.4800,1.799267
FILLER_54_555,VPWR,li1,263.5800,160.4800,1.799276
FILLER_54_543,VPWR,li1,258.0600,160.4800,1.799290
FILLER_54_530,VPWR,li1,249.7800,160.4800,1.799308
FILLER_54_518,VPWR,li1,246.5600,160.4800,1.799317
FILLER_54_506,VPWR,li1,241.0400,160.4800,1.799332
FILLER_54_497,VPWR,li1,235.5200,160.4800,1.799348
FILLER_54_483,VPWR,li1,227.9300,160.4800,1.799388
FILLER_54_477,VPWR,li1,226.3200,160.4800,1.799400
FILLER_54_475,VPWR,li1,224.2500,160.4800,1.799422
FILLER_54_471,VPWR,li1,223.1000,160.4800,1.799422
FILLER_54_463,VPWR,li1,218.7300,160.4800,1.799466
FILLER_54_455,VPWR,li1,215.2800,160.4800,1.799492
FILLER_54_447,VPWR,li1,212.9800,160.4800,1.799509
FILLER_54_421,VPWR,li1,200.1000,160.4800,1.799608
FILLER_54_419,VPWR,li1,198.4900,160.4800,1.799632
FILLER_54_415,VPWR,li1,197.3400,160.4800,1.799632
FILLER_54_391,VPWR,li1,188.1400,160.4800,1.799718
FILLER_54_380,VPWR,li1,180.5500,160.4800,1.799802
FILLER_54_374,VPWR,li1,178.9400,160.4800,1.799837
FILLER_54_352,VPWR,li1,167.9000,160.4800,1.799854
FILLER_54_344,VPWR,li1,165.6000,160.4800,1.799851
FILLER_54_338,VPWR,li1,161.2300,160.4800,1.799846
FILLER_54_332,VPWR,li1,159.6200,160.4800,1.799843
FILLER_54_320,VPWR,li1,155.4800,160.4800,1.799839
FILLER_54_289,VPWR,li1,141.2200,160.4800,1.799824
FILLER_54_279,VPWR,li1,134.3200,160.4800,1.799821
FILLER_54_271,VPWR,li1,132.0200,160.4800,1.799819
FILLER_54_257,VPWR,li1,123.9700,160.4800,1.799816
FILLER_54_253,VPWR,li1,122.8200,160.4800,1.799816
FILLER_54_250,VPWR,li1,120.9800,160.4800,1.799815
FILLER_54_242,VPWR,li1,118.6800,160.4800,1.799815
FILLER_54_223,VPWR,li1,110.8600,160.4800,1.799814
FILLER_54_209,VPWR,li1,102.3500,160.4800,1.799815
FILLER_54_197,VPWR,li1,98.9000,160.4800,1.799816
FILLER_54_193,VPWR,li1,94.9900,160.4800,1.799818
FILLER_54_185,VPWR,li1,92.4600,160.4800,1.799819
FILLER_54_180,VPWR,li1,88.5500,160.4800,1.799821
FILLER_54_171,VPWR,li1,84.4100,160.4800,1.799824
FILLER_54_163,VPWR,li1,82.3400,160.4800,1.799826
FILLER_54_154,VPWR,li1,76.8200,160.4800,1.799830
FILLER_54_147,VPWR,li1,73.3700,160.4800,1.799835
FILLER_54_129,VPWR,li1,65.0900,160.4800,1.799842
FILLER_54_125,VPWR,li1,63.9400,160.4800,1.799845
FILLER_54_113,VPWR,li1,60.2600,160.4800,1.799849
FILLER_54_101,VPWR,li1,54.7400,160.4800,1.799862
FILLER_54_65,VPWR,li1,38.1800,160.4800,1.799906
FILLER_54_53,VPWR,li1,32.6600,160.4800,1.799931
FILLER_54_41,VPWR,li1,27.1400,160.4800,1.799944
FILLER_54_29,VPWR,li1,21.6200,160.4800,1.799964
FILLER_54_27,VPWR,li1,18.1700,160.4800,1.799963
FILLER_54_15,VPWR,li1,15.1800,160.4800,1.799963
FILLER_54_3,VPWR,li1,9.6600,160.4800,1.799963
FILLER_53_817,VPWR,li1,382.0300,155.0400,1.799689
FILLER_53_809,VPWR,li1,379.5000,155.0400,1.799692
FILLER_53_797,VPWR,li1,374.9000,155.0400,1.799695
FILLER_53_785,VPWR,li1,369.3800,155.0400,1.799701
FILLER_53_783,VPWR,li1,365.9300,155.0400,1.799704
FILLER_53_771,VPWR,li1,362.9400,155.0400,1.799707
FILLER_53_729,VPWR,li1,341.7800,155.0400,1.799795
FILLER_53_727,VPWR,li1,340.1700,155.0400,1.799795
FILLER_53_721,VPWR,li1,337.8700,155.0400,1.799812
FILLER_53_709,VPWR,li1,334.4200,155.0400,1.799848
FILLER_53_688,VPWR,li1,322.4600,155.0400,1.799861
FILLER_53_682,VPWR,li1,319.4700,155.0400,1.799854
FILLER_53_673,VPWR,li1,316.4800,155.0400,1.799844
FILLER_53_671,VPWR,li1,314.4100,155.0400,1.799838
FILLER_53_659,VPWR,li1,311.4200,155.0400,1.799831
FILLER_53_652,VPWR,li1,305.6700,155.0400,1.799815
FILLER_53_644,VPWR,li1,303.6000,155.0400,1.799811
FILLER_53_632,VPWR,li1,299.0000,155.0400,1.799799
FILLER_53_617,VPWR,li1,290.2600,155.0400,1.799784
FILLER_53_615,VPWR,li1,288.6500,155.0400,1.799779
FILLER_53_601,VPWR,li1,282.2100,155.0400,1.799770
FILLER_53_593,VPWR,li1,278.5300,155.0400,1.799765
FILLER_53_589,VPWR,li1,277.3800,155.0400,1.799761
FILLER_53_577,VPWR,li1,273.7000,155.0400,1.799758
FILLER_53_568,VPWR,li1,267.2600,155.0400,1.799749
FILLER_53_554,VPWR,li1,260.5900,155.0400,1.799741
FILLER_53_548,VPWR,li1,258.9800,155.0400,1.799741
FILLER_53_529,VPWR,li1,249.0900,155.0400,1.799734
FILLER_53_517,VPWR,li1,246.1000,155.0400,1.799732
FILLER_53_505,VPWR,li1,240.5800,155.0400,1.799729
FILLER_53_503,VPWR,li1,237.1300,155.0400,1.799728
FILLER_53_497,VPWR,li1,235.5200,155.0400,1.799727
FILLER_53_485,VPWR,li1,231.3800,155.0400,1.799730
FILLER_53_473,VPWR,li1,225.8600,155.0400,1.799739
FILLER_53_461,VPWR,li1,220.3400,155.0400,1.799747
FILLER_53_449,VPWR,li1,214.8200,155.0400,1.799759
FILLER_53_440,VPWR,li1,209.7600,155.0400,1.799767
FILLER_53_427,VPWR,li1,203.3200,155.0400,1.799781
FILLER_53_417,VPWR,li1,198.2600,155.0400,1.799793
FILLER_53_405,VPWR,li1,194.5800,155.0400,1.799804
FILLER_53_393,VPWR,li1,189.0600,155.0400,1.799817
FILLER_53_384,VPWR,li1,184.0000,155.0400,1.799830
FILLER_53_372,VPWR,li1,179.4000,155.0400,1.799842
FILLER_53_360,VPWR,li1,173.8800,155.0400,1.799857
FILLER_53_344,VPWR,li1,164.4500,155.0400,1.799750
FILLER_53_334,VPWR,li1,159.6200,155.0400,1.799698
FILLER_53_322,VPWR,li1,156.4000,155.0400,1.799665
FILLER_53_310,VPWR,li1,150.8800,155.0400,1.799622
FILLER_53_301,VPWR,li1,144.6700,155.0400,1.799581
FILLER_53_293,VPWR,li1,142.1400,155.0400,1.799565
FILLER_53_281,VPWR,li1,137.5400,155.0400,1.799534
FILLER_53_279,VPWR,li1,134.0900,155.0400,1.799507
FILLER_53_275,VPWR,li1,132.9400,155.0400,1.799507
FILLER_53_252,VPWR,li1,124.2000,155.0400,1.799457
FILLER_53_240,VPWR,li1,118.6800,155.0400,1.799454
FILLER_53_233,VPWR,li1,112.9300,155.0400,1.799458
FILLER_53_225,VPWR,li1,110.8600,155.0400,1.799463
FILLER_53_221,VPWR,li1,107.8700,155.0400,1.799467
FILLER_53_209,VPWR,li1,104.4200,155.0400,1.799472
FILLER_53_197,VPWR,li1,98.9000,155.0400,1.799482
FILLER_53_188,VPWR,li1,92.4600,155.0400,1.799499
FILLER_53_176,VPWR,li1,89.2400,155.0400,1.799516
FILLER_53_167,VPWR,li1,82.5700,155.0400,1.799549
FILLER_53_163,VPWR,li1,80.7300,155.0400,1.799559
FILLER_53_141,VPWR,li1,70.6100,155.0400,1.799618
FILLER_53_123,VPWR,li1,62.3300,155.0400,1.799664
FILLER_53_119,VPWR,li1,60.4900,155.0400,1.799679
FILLER_53_113,VPWR,li1,58.8800,155.0400,1.799679
FILLER_53_111,VPWR,li1,56.8100,155.0400,1.799691
FILLER_53_102,VPWR,li1,52.6700,155.0400,1.799717
FILLER_53_94,VPWR,li1,50.6000,155.0400,1.799732
FILLER_53_89,VPWR,li1,46.9200,155.0400,1.799755
FILLER_53_81,VPWR,li1,44.6200,155.0400,1.799772
FILLER_53_69,VPWR,li1,40.0200,155.0400,1.799801
FILLER_53_57,VPWR,li1,34.5000,155.0400,1.799839
FILLER_53_55,VPWR,li1,31.0500,155.0400,1.799870
FILLER_53_51,VPWR,li1,29.9000,155.0400,1.799870
FILLER_53_39,VPWR,li1,26.2200,155.0400,1.799895
FILLER_53_27,VPWR,li1,20.7000,155.0400,1.799932
FILLER_53_15,VPWR,li1,15.1800,155.0400,1.799932
FILLER_53_3,VPWR,li1,9.6600,155.0400,1.799932
FILLER_52_819,VPWR,li1,382.4900,155.0400,1.799689
FILLER_52_813,VPWR,li1,380.8800,155.0400,1.799689
FILLER_52_808,VPWR,li1,378.1200,155.0400,1.799692
FILLER_52_796,VPWR,li1,374.4400,155.0400,1.799695
FILLER_52_784,VPWR,li1,368.9200,155.0400,1.799701
FILLER_52_772,VPWR,li1,363.4000,155.0400,1.799707
FILLER_52_765,VPWR,li1,357.6500,155.0400,1.799712
FILLER_52_757,VPWR,li1,355.5800,155.0400,1.799719
FILLER_52_755,VPWR,li1,353.0500,155.0400,1.799731
FILLER_52_750,VPWR,li1,350.7500,155.0400,1.799741
FILLER_52_734,VPWR,li1,345.9200,155.0400,1.799758
FILLER_52_717,VPWR,li1,336.0300,155.0400,1.799827
FILLER_52_709,VPWR,li1,333.5000,155.0400,1.799848
FILLER_52_696,VPWR,li1,326.6000,155.0400,1.799878
FILLER_52_665,VPWR,li1,312.8000,155.0400,1.799838
FILLER_52_645,VPWR,li1,302.4500,155.0400,1.799811
FILLER_52_632,VPWR,li1,297.6200,155.0400,1.799799
FILLER_52_627,VPWR,li1,294.4000,155.0400,1.799791
FILLER_52_615,VPWR,li1,291.1800,155.0400,1.799784
FILLER_52_589,VPWR,li1,277.1500,155.0400,1.799761
FILLER_52_587,VPWR,li1,275.7700,155.0400,1.799761
FILLER_52_581,VPWR,li1,274.1600,155.0400,1.799758
FILLER_52_569,VPWR,li1,270.0200,155.0400,1.799752
FILLER_52_562,VPWR,li1,264.2700,155.0400,1.799746
FILLER_52_546,VPWR,li1,257.1400,155.0400,1.799740
FILLER_52_541,VPWR,li1,254.8400,155.0400,1.799738
FILLER_52_533,VPWR,li1,252.5400,155.0400,1.799737
FILLER_52_528,VPWR,li1,249.3200,155.0400,1.799734
FILLER_52_523,VPWR,li1,246.3300,155.0400,1.799732
FILLER_52_515,VPWR,li1,244.2600,155.0400,1.799731
FILLER_52_508,VPWR,li1,239.6600,155.0400,1.799729
FILLER_52_500,VPWR,li1,237.3600,155.0400,1.799728
FILLER_52_481,VPWR,li1,227.0100,155.0400,1.799735
FILLER_52_477,VPWR,li1,225.8600,155.0400,1.799739
FILLER_52_468,VPWR,li1,222.6400,155.0400,1.799743
FILLER_52_456,VPWR,li1,218.0400,155.0400,1.799751
FILLER_52_446,VPWR,li1,211.3700,155.0400,1.799763
FILLER_52_433,VPWR,li1,204.9300,155.0400,1.799781
FILLER_52_429,VPWR,li1,203.7800,155.0400,1.799781
FILLER_52_421,VPWR,li1,199.6400,155.0400,1.799793
FILLER_52_418,VPWR,li1,198.2600,155.0400,1.799793
FILLER_52_408,VPWR,li1,193.8900,155.0400,1.799804
FILLER_52_400,VPWR,li1,191.3600,155.0400,1.799811
FILLER_52_388,VPWR,li1,186.7600,155.0400,1.799825
FILLER_52_376,VPWR,li1,181.2400,155.0400,1.799837
FILLER_52_371,VPWR,li1,176.4100,155.0400,1.799850
FILLER_52_365,VPWR,li1,174.8000,155.0400,1.799857
FILLER_52_358,VPWR,li1,171.5800,155.0400,1.799830
FILLER_52_346,VPWR,li1,167.4400,155.0400,1.799775
FILLER_52_334,VPWR,li1,160.5400,155.0400,1.799698
FILLER_52_313,VPWR,li1,149.7300,155.0400,1.799607
FILLER_52_309,VPWR,li1,148.5800,155.0400,1.799607
FILLER_52_304,VPWR,li1,146.2800,155.0400,1.799581
FILLER_52_292,VPWR,li1,142.6000,155.0400,1.799565
FILLER_52_278,VPWR,li1,133.6300,155.0400,1.799507
FILLER_52_266,VPWR,li1,130.6400,155.0400,1.799492
FILLER_52_228,VPWR,li1,111.3200,155.0400,1.799463
FILLER_52_216,VPWR,li1,105.3400,155.0400,1.799472
FILLER_52_204,VPWR,li1,102.1200,155.0400,1.799476
FILLER_52_197,VPWR,li1,96.6000,155.0400,1.799487
FILLER_52_193,VPWR,li1,94.9900,155.0400,1.799492
FILLER_52_183,VPWR,li1,90.6200,155.0400,1.799516
FILLER_52_173,VPWR,li1,85.5600,155.0400,1.799537
FILLER_52_165,VPWR,li1,83.2600,155.0400,1.799549
FILLER_52_153,VPWR,li1,78.6600,155.0400,1.799569
FILLER_52_141,VPWR,li1,73.1400,155.0400,1.799605
FILLER_52_139,VPWR,li1,69.6900,155.0400,1.799618
FILLER_52_131,VPWR,li1,67.6200,155.0400,1.799631
FILLER_52_124,VPWR,li1,63.0200,155.0400,1.799664
FILLER_52_113,VPWR,li1,58.1900,155.0400,1.799691
FILLER_52_101,VPWR,li1,54.7400,155.0400,1.799704
FILLER_52_97,VPWR,li1,50.3700,155.0400,1.799732
FILLER_52_85,VPWR,li1,47.3800,155.0400,1.799755
FILLER_52_83,VPWR,li1,43.9300,155.0400,1.799786
FILLER_52_77,VPWR,li1,42.3200,155.0400,1.799786
FILLER_52_65,VPWR,li1,38.1800,155.0400,1.799814
FILLER_52_53,VPWR,li1,32.6600,155.0400,1.799851
FILLER_52_41,VPWR,li1,27.1400,155.0400,1.799895
FILLER_52_29,VPWR,li1,21.6200,155.0400,1.799932
FILLER_52_27,VPWR,li1,18.1700,155.0400,1.799932
FILLER_52_15,VPWR,li1,15.1800,155.0400,1.799932
FILLER_52_3,VPWR,li1,9.6600,155.0400,1.799932
FILLER_51_803,VPWR,li1,375.1300,149.6000,1.799409
FILLER_51_797,VPWR,li1,373.5200,149.6000,1.799409
FILLER_51_785,VPWR,li1,369.3800,149.6000,1.799421
FILLER_51_783,VPWR,li1,365.9300,149.6000,1.799428
FILLER_51_779,VPWR,li1,364.7800,149.6000,1.799428
FILLER_51_771,VPWR,li1,360.4100,149.6000,1.799440
FILLER_51_756,VPWR,li1,353.5100,149.6000,1.799479
FILLER_51_744,VPWR,li1,350.5200,149.6000,1.799512
FILLER_51_732,VPWR,li1,345.0000,149.6000,1.799564
FILLER_51_703,VPWR,li1,330.2800,149.6000,1.799753
FILLER_51_693,VPWR,li1,324.9900,149.6000,1.799717
FILLER_51_681,VPWR,li1,319.0100,149.6000,1.799654
FILLER_51_671,VPWR,li1,314.4100,149.6000,1.799628
FILLER_51_663,VPWR,li1,312.3400,149.6000,1.799612
FILLER_51_646,VPWR,li1,302.9100,149.6000,1.799537
FILLER_51_638,VPWR,li1,300.8400,149.6000,1.799517
FILLER_51_629,VPWR,li1,295.3200,149.6000,1.799477
FILLER_51_617,VPWR,li1,292.1000,149.6000,1.799452
FILLER_51_615,VPWR,li1,288.6500,149.6000,1.799426
FILLER_51_607,VPWR,li1,286.5800,149.6000,1.799409
FILLER_51_603,VPWR,li1,283.1300,149.6000,1.799372
FILLER_51_586,VPWR,li1,277.8400,149.6000,1.799329
FILLER_51_573,VPWR,li1,270.0200,149.6000,1.799276
FILLER_51_561,VPWR,li1,266.3400,149.6000,1.799254
FILLER_51_559,VPWR,li1,262.8900,149.6000,1.799216
FILLER_51_555,VPWR,li1,261.7400,149.6000,1.799216
FILLER_51_543,VPWR,li1,258.0600,149.6000,1.799191
FILLER_51_537,VPWR,li1,252.7700,149.6000,1.799152
FILLER_51_531,VPWR,li1,251.1600,149.6000,1.799134
FILLER_51_523,VPWR,li1,246.3300,149.6000,1.799097
FILLER_51_505,VPWR,li1,238.0500,149.6000,1.799033
FILLER_51_502,VPWR,li1,236.9000,149.6000,1.799033
FILLER_51_473,VPWR,li1,223.3300,149.6000,1.799017
FILLER_51_459,VPWR,li1,216.8900,149.6000,1.799040
FILLER_51_453,VPWR,li1,215.2800,149.6000,1.799060
FILLER_51_444,VPWR,li1,210.6800,149.6000,1.799122
FILLER_51_438,VPWR,li1,207.2300,149.6000,1.799149
FILLER_51_430,VPWR,li1,205.1600,149.6000,1.799173
FILLER_51_419,VPWR,li1,198.4900,149.6000,1.799250
FILLER_51_411,VPWR,li1,194.8100,149.6000,1.799306
FILLER_51_387,VPWR,li1,183.7700,149.6000,1.799483
FILLER_51_373,VPWR,li1,177.7900,149.6000,1.799603
FILLER_51_365,VPWR,li1,173.6500,149.6000,1.799618
FILLER_51_360,VPWR,li1,171.5800,149.6000,1.799591
FILLER_51_352,VPWR,li1,169.2800,149.6000,1.799545
FILLER_51_340,VPWR,li1,164.6800,149.6000,1.799482
FILLER_51_322,VPWR,li1,153.8700,149.6000,1.799389
FILLER_51_299,VPWR,li1,143.2900,149.6000,1.799372
FILLER_51_293,VPWR,li1,141.6800,149.6000,1.799372
FILLER_51_285,VPWR,li1,136.8500,149.6000,1.799369
FILLER_51_281,VPWR,li1,135.0100,149.6000,1.799369
FILLER_51_277,VPWR,li1,133.6300,149.6000,1.799368
FILLER_51_265,VPWR,li1,130.1800,149.6000,1.799368
FILLER_51_253,VPWR,li1,124.6600,149.6000,1.799368
FILLER_51_238,VPWR,li1,115.2300,149.6000,1.799371
FILLER_51_232,VPWR,li1,113.6200,149.6000,1.799371
FILLER_51_216,VPWR,li1,105.3400,149.6000,1.799378
FILLER_51_208,VPWR,li1,103.0400,149.6000,1.799381
FILLER_51_199,VPWR,li1,97.5200,149.6000,1.799391
FILLER_51_190,VPWR,li1,93.3800,149.6000,1.799407
FILLER_51_178,VPWR,li1,90.1600,149.6000,1.799428
FILLER_51_169,VPWR,li1,84.6400,149.6000,1.799455
FILLER_51_160,VPWR,li1,80.9600,149.6000,1.799475
FILLER_51_148,VPWR,li1,76.3600,149.6000,1.799503
FILLER_51_136,VPWR,li1,70.8400,149.6000,1.799531
FILLER_51_124,VPWR,li1,63.4800,149.6000,1.799573
FILLER_51_113,VPWR,li1,58.4200,149.6000,1.799603
FILLER_51_110,VPWR,li1,56.5800,149.6000,1.799615
FILLER_51_95,VPWR,li1,49.4500,149.6000,1.799668
FILLER_51_69,VPWR,li1,40.0200,149.6000,1.799748
FILLER_51_57,VPWR,li1,34.5000,149.6000,1.799797
FILLER_51_55,VPWR,li1,31.0500,149.6000,1.799827
FILLER_51_43,VPWR,li1,28.0600,149.6000,1.799862
FILLER_51_31,VPWR,li1,22.5400,149.6000,1.799911
FILLER_51_19,VPWR,li1,17.0200,149.6000,1.799910
FILLER_51_7,VPWR,li1,11.5000,149.6000,1.799910
FILLER_50_813,VPWR,li1,380.4200,149.6000,1.799395
FILLER_50_806,VPWR,li1,377.6600,149.6000,1.799400
FILLER_50_794,VPWR,li1,373.5200,149.6000,1.799409
FILLER_50_782,VPWR,li1,368.0000,149.6000,1.799421
FILLER_50_770,VPWR,li1,362.4800,149.6000,1.799434
FILLER_50_760,VPWR,li1,356.0400,149.6000,1.799467
FILLER_50_733,VPWR,li1,344.0800,149.6000,1.799564
FILLER_50_705,VPWR,li1,330.0500,149.6000,1.799753
FILLER_50_701,VPWR,li1,328.9000,149.6000,1.799738
FILLER_50_699,VPWR,li1,327.2900,149.6000,1.799738
FILLER_50_693,VPWR,li1,325.6800,149.6000,1.799717
FILLER_50_681,VPWR,li1,319.0100,149.6000,1.799654
FILLER_50_669,VPWR,li1,316.0200,149.6000,1.799628
FILLER_50_657,VPWR,li1,310.5000,149.6000,1.799584
FILLER_50_645,VPWR,li1,304.9800,149.6000,1.799553
FILLER_50_643,VPWR,li1,301.5300,149.6000,1.799517
FILLER_50_639,VPWR,li1,300.3800,149.6000,1.799517
FILLER_50_630,VPWR,li1,296.0100,149.6000,1.799477
FILLER_50_622,VPWR,li1,293.4800,149.6000,1.799452
FILLER_50_610,VPWR,li1,288.8800,149.6000,1.799426
FILLER_50_598,VPWR,li1,283.3600,149.6000,1.799372
FILLER_50_584,VPWR,li1,275.0800,149.6000,1.799315
FILLER_50_570,VPWR,li1,267.9500,149.6000,1.799254
FILLER_50_562,VPWR,li1,264.7300,149.6000,1.799231
FILLER_50_550,VPWR,li1,261.2800,149.6000,1.799216
FILLER_50_538,VPWR,li1,255.7600,149.6000,1.799174
FILLER_50_524,VPWR,li1,248.4000,149.6000,1.799117
FILLER_50_515,VPWR,li1,243.3400,149.6000,1.799080
FILLER_50_506,VPWR,li1,238.5100,149.6000,1.799047
FILLER_50_498,VPWR,li1,236.4400,149.6000,1.799033
FILLER_50_488,VPWR,li1,230.6900,149.6000,1.799010
FILLER_50_477,VPWR,li1,225.8600,149.6000,1.799013
FILLER_50_474,VPWR,li1,224.0200,149.6000,1.799015
FILLER_50_466,VPWR,li1,221.7200,149.6000,1.799017
FILLER_50_457,VPWR,li1,216.6600,149.6000,1.799060
FILLER_50_427,VPWR,li1,203.3200,149.6000,1.799202
FILLER_50_419,VPWR,li1,198.4900,149.6000,1.799250
FILLER_50_411,VPWR,li1,194.8100,149.6000,1.799306
FILLER_50_407,VPWR,li1,193.6600,149.6000,1.799306
FILLER_50_400,VPWR,li1,189.7500,149.6000,1.799364
FILLER_50_348,VPWR,li1,166.0600,149.6000,1.799515
FILLER_50_340,VPWR,li1,163.7600,149.6000,1.799482
FILLER_50_321,VPWR,li1,154.5600,149.6000,1.799389
FILLER_50_309,VPWR,li1,150.4200,149.6000,1.799384
FILLER_50_304,VPWR,li1,146.2800,149.6000,1.799375
FILLER_50_292,VPWR,li1,142.6000,149.6000,1.799372
FILLER_50_280,VPWR,li1,137.0800,149.6000,1.799369
FILLER_50_265,VPWR,li1,129.2600,149.6000,1.799368
FILLER_50_253,VPWR,li1,124.6600,149.6000,1.799368
FILLER_50_249,VPWR,li1,120.7500,149.6000,1.799368
FILLER_50_237,VPWR,li1,117.3000,149.6000,1.799369
FILLER_50_225,VPWR,li1,111.7800,149.6000,1.799373
FILLER_50_213,VPWR,li1,106.2600,149.6000,1.799378
FILLER_50_201,VPWR,li1,100.7400,149.6000,1.799385
FILLER_50_180,VPWR,li1,89.0100,149.6000,1.799428
FILLER_50_165,VPWR,li1,81.8800,149.6000,1.799465
FILLER_50_141,VPWR,li1,72.2200,149.6000,1.799519
FILLER_50_136,VPWR,li1,69.0000,149.6000,1.799547
FILLER_50_109,VPWR,li1,58.4200,149.6000,1.799603
FILLER_50_97,VPWR,li1,50.8300,149.6000,1.799668
FILLER_50_85,VPWR,li1,47.3800,149.6000,1.799684
FILLER_50_83,VPWR,li1,43.9300,149.6000,1.799728
FILLER_50_77,VPWR,li1,42.3200,149.6000,1.799728
FILLER_50_65,VPWR,li1,38.1800,149.6000,1.799764
FILLER_50_53,VPWR,li1,32.6600,149.6000,1.799827
FILLER_50_41,VPWR,li1,27.1400,149.6000,1.799862
FILLER_50_29,VPWR,li1,21.6200,149.6000,1.799911
FILLER_50_27,VPWR,li1,18.1700,149.6000,1.799910
FILLER_50_15,VPWR,li1,15.1800,149.6000,1.799910
FILLER_50_3,VPWR,li1,9.6600,149.6000,1.799910
FILLER_49_817,VPWR,li1,382.0300,144.1600,1.799129
FILLER_49_809,VPWR,li1,379.5000,144.1600,1.799129
FILLER_49_797,VPWR,li1,374.9000,144.1600,1.799129
FILLER_49_785,VPWR,li1,369.3800,144.1600,1.799130
FILLER_49_781,VPWR,li1,365.4700,144.1600,1.799130
FILLER_49_769,VPWR,li1,362.0200,144.1600,1.799138
FILLER_49_726,VPWR,li1,339.9400,144.1600,1.799489
FILLER_49_703,VPWR,li1,329.1300,144.1600,1.799719
FILLER_49_686,VPWR,li1,321.7700,144.1600,1.799704
FILLER_49_678,VPWR,li1,319.2400,144.1600,1.799704
FILLER_49_668,VPWR,li1,313.7200,144.1600,1.799705
FILLER_49_646,VPWR,li1,304.5200,144.1600,1.799707
FILLER_49_634,VPWR,li1,297.6200,144.1600,1.799710
FILLER_49_602,VPWR,li1,282.6700,144.1600,1.799720
FILLER_49_596,VPWR,li1,281.0600,144.1600,1.799720
FILLER_49_584,VPWR,li1,276.9200,144.1600,1.799723
FILLER_49_568,VPWR,li1,267.4900,144.1600,1.799730
FILLER_49_559,VPWR,li1,262.8900,144.1600,1.799736
FILLER_49_553,VPWR,li1,261.2800,144.1600,1.799736
FILLER_49_544,VPWR,li1,257.1400,144.1600,1.799742
FILLER_49_529,VPWR,li1,251.6200,144.1600,1.799749
FILLER_49_517,VPWR,li1,246.1000,144.1600,1.799757
FILLER_49_505,VPWR,li1,240.5800,144.1600,1.799764
FILLER_49_492,VPWR,li1,234.6000,144.1600,1.799774
FILLER_49_485,VPWR,li1,228.8500,144.1600,1.799786
FILLER_49_479,VPWR,li1,227.2400,144.1600,1.799790
FILLER_49_473,VPWR,li1,223.3300,144.1600,1.799798
FILLER_49_461,VPWR,li1,220.3400,144.1600,1.799804
FILLER_49_449,VPWR,li1,214.8200,144.1600,1.799817
FILLER_49_442,VPWR,li1,210.2200,144.1600,1.799829
FILLER_49_435,VPWR,li1,205.8500,144.1600,1.799840
FILLER_49_423,VPWR,li1,202.8600,144.1600,1.799849
FILLER_49_411,VPWR,li1,197.3400,144.1600,1.799871
FILLER_49_399,VPWR,li1,191.8200,144.1600,1.799883
FILLER_49_391,VPWR,li1,185.6100,144.1600,1.799907
FILLER_49_387,VPWR,li1,184.4600,144.1600,1.799907
FILLER_49_370,VPWR,li1,175.9500,144.1600,1.799941
FILLER_49_356,VPWR,li1,169.7400,144.1600,1.799931
FILLER_49_341,VPWR,li1,162.6100,144.1600,1.799915
FILLER_49_337,VPWR,li1,161.4600,144.1600,1.799912
FILLER_49_328,VPWR,li1,158.2400,144.1600,1.799908
FILLER_49_322,VPWR,li1,154.3300,144.1600,1.799902
FILLER_49_310,VPWR,li1,150.8800,144.1600,1.799897
FILLER_49_306,VPWR,li1,146.5100,144.1600,1.799889
FILLER_49_293,VPWR,li1,140.9900,144.1600,1.799881
FILLER_49_281,VPWR,li1,137.5400,144.1600,1.799877
FILLER_49_278,VPWR,li1,133.8600,144.1600,1.799871
FILLER_49_270,VPWR,li1,130.4100,144.1600,1.799869
FILLER_49_262,VPWR,li1,127.8800,144.1600,1.799865
FILLER_49_249,VPWR,li1,121.4400,144.1600,1.799858
FILLER_49_237,VPWR,li1,117.3000,144.1600,1.799854
FILLER_49_225,VPWR,li1,111.7800,144.1600,1.799849
FILLER_49_223,VPWR,li1,108.3300,144.1600,1.799846
FILLER_49_208,VPWR,li1,103.0400,144.1600,1.799843
FILLER_49_202,VPWR,li1,98.6700,144.1600,1.799842
FILLER_49_190,VPWR,li1,95.6800,144.1600,1.799841
FILLER_49_178,VPWR,li1,90.1600,144.1600,1.799839
FILLER_49_166,VPWR,li1,82.3400,144.1600,1.799837
FILLER_49_157,VPWR,li1,78.2000,144.1600,1.799837
FILLER_49_143,VPWR,li1,71.5300,144.1600,1.799839
FILLER_49_139,VPWR,li1,70.3800,144.1600,1.799839
FILLER_49_127,VPWR,li1,66.7000,144.1600,1.799841
FILLER_49_121,VPWR,li1,61.8700,144.1600,1.799843
FILLER_49_113,VPWR,li1,59.3400,144.1600,1.799846
FILLER_49_104,VPWR,li1,55.2000,144.1600,1.799853
FILLER_49_93,VPWR,li1,49.2200,144.1600,1.799868
FILLER_49_81,VPWR,li1,45.5400,144.1600,1.799885
FILLER_49_69,VPWR,li1,40.0200,144.1600,1.799900
FILLER_49_57,VPWR,li1,34.5000,144.1600,1.799918
FILLER_49_55,VPWR,li1,31.0500,144.1600,1.799934
FILLER_49_51,VPWR,li1,29.9000,144.1600,1.799934
FILLER_49_39,VPWR,li1,26.2200,144.1600,1.799947
FILLER_49_27,VPWR,li1,20.7000,144.1600,1.799966
FILLER_49_15,VPWR,li1,15.1800,144.1600,1.799966
FILLER_49_3,VPWR,li1,9.6600,144.1600,1.799966
FILLER_48_821,VPWR,li1,383.8700,144.1600,1.799128
FILLER_48_813,VPWR,li1,381.3400,144.1600,1.799129
FILLER_48_811,VPWR,li1,378.8100,144.1600,1.799129
FILLER_48_807,VPWR,li1,377.6600,144.1600,1.799129
FILLER_48_795,VPWR,li1,373.9800,144.1600,1.799129
FILLER_48_774,VPWR,li1,361.7900,144.1600,1.799138
FILLER_48_770,VPWR,li1,360.6400,144.1600,1.799138
FILLER_48_754,VPWR,li1,352.8200,144.1600,1.799195
FILLER_48_736,VPWR,li1,344.5400,144.1600,1.799345
FILLER_48_726,VPWR,li1,340.1700,144.1600,1.799445
FILLER_48_718,VPWR,li1,337.6400,144.1600,1.799546
FILLER_48_713,VPWR,li1,333.9600,144.1600,1.799602
FILLER_48_701,VPWR,li1,330.7400,144.1600,1.799719
FILLER_48_694,VPWR,li1,326.1400,144.1600,1.799710
FILLER_48_680,VPWR,li1,319.7000,144.1600,1.799704
FILLER_48_668,VPWR,li1,315.5600,144.1600,1.799705
FILLER_48_653,VPWR,li1,306.5900,144.1600,1.799706
FILLER_48_645,VPWR,li1,304.0600,144.1600,1.799707
FILLER_48_642,VPWR,li1,301.3000,144.1600,1.799709
FILLER_48_616,VPWR,li1,289.1100,144.1600,1.799715
FILLER_48_609,VPWR,li1,285.8900,144.1600,1.799717
FILLER_48_594,VPWR,li1,279.2200,144.1600,1.799722
FILLER_48_589,VPWR,li1,276.9200,144.1600,1.799723
FILLER_48_587,VPWR,li1,275.7700,144.1600,1.799723
FILLER_48_579,VPWR,li1,273.7000,144.1600,1.799726
FILLER_48_570,VPWR,li1,268.6400,144.1600,1.799730
FILLER_48_549,VPWR,li1,258.5200,144.1600,1.799742
FILLER_48_530,VPWR,li1,249.7800,144.1600,1.799751
FILLER_48_521,VPWR,li1,245.6400,144.1600,1.799757
FILLER_48_513,VPWR,li1,243.3400,144.1600,1.799761
FILLER_48_497,VPWR,li1,235.5200,144.1600,1.799774
FILLER_48_484,VPWR,li1,229.5400,144.1600,1.799786
FILLER_48_464,VPWR,li1,220.3400,144.1600,1.799804
FILLER_48_446,VPWR,li1,211.1400,144.1600,1.799829
FILLER_48_434,VPWR,li1,207.9200,144.1600,1.799835
FILLER_48_419,VPWR,li1,198.4900,144.1600,1.799862
FILLER_48_413,VPWR,li1,196.8800,144.1600,1.799871
FILLER_48_401,VPWR,li1,192.7400,144.1600,1.799883
FILLER_48_389,VPWR,li1,186.3000,144.1600,1.799901
FILLER_48_377,VPWR,li1,181.7000,144.1600,1.799920
FILLER_48_365,VPWR,li1,176.1800,144.1600,1.799941
FILLER_48_362,VPWR,li1,172.5000,144.1600,1.799935
FILLER_48_350,VPWR,li1,169.2800,144.1600,1.799926
FILLER_48_342,VPWR,li1,163.0700,144.1600,1.799915
FILLER_48_338,VPWR,li1,161.9200,144.1600,1.799915
FILLER_48_309,VPWR,li1,149.0400,144.1600,1.799891
FILLER_48_302,VPWR,li1,145.8200,144.1600,1.799889
FILLER_48_264,VPWR,li1,127.1900,144.1600,1.799865
FILLER_48_244,VPWR,li1,117.9900,144.1600,1.799854
FILLER_48_238,VPWR,li1,116.3800,144.1600,1.799854
FILLER_48_219,VPWR,li1,106.7200,144.1600,1.799846
FILLER_48_205,VPWR,li1,100.0500,144.1600,1.799843
FILLER_48_197,VPWR,li1,96.3700,144.1600,1.799841
FILLER_48_184,VPWR,li1,92.0000,144.1600,1.799840
FILLER_48_172,VPWR,li1,87.4000,144.1600,1.799838
FILLER_48_164,VPWR,li1,81.1900,144.1600,1.799837
FILLER_48_141,VPWR,li1,71.3000,144.1600,1.799839
FILLER_48_139,VPWR,li1,69.6900,144.1600,1.799840
FILLER_48_133,VPWR,li1,68.0800,144.1600,1.799840
FILLER_48_113,VPWR,li1,59.3400,144.1600,1.799846
FILLER_48_101,VPWR,li1,52.2100,144.1600,1.799862
FILLER_48_97,VPWR,li1,51.0600,144.1600,1.799862
FILLER_48_85,VPWR,li1,47.3800,144.1600,1.799874
FILLER_48_83,VPWR,li1,43.9300,144.1600,1.799892
FILLER_48_77,VPWR,li1,42.3200,144.1600,1.799892
FILLER_48_65,VPWR,li1,38.1800,144.1600,1.799906
FILLER_48_53,VPWR,li1,32.6600,144.1600,1.799925
FILLER_48_41,VPWR,li1,27.1400,144.1600,1.799947
FILLER_48_29,VPWR,li1,21.6200,144.1600,1.799966
FILLER_48_27,VPWR,li1,18.1700,144.1600,1.799966
FILLER_48_15,VPWR,li1,15.1800,144.1600,1.799966
FILLER_48_3,VPWR,li1,9.6600,144.1600,1.799966
FILLER_47_813,VPWR,li1,379.7300,138.7200,1.798155
FILLER_47_809,VPWR,li1,378.5800,138.7200,1.798155
FILLER_47_797,VPWR,li1,374.9000,138.7200,1.798159
FILLER_47_785,VPWR,li1,369.3800,138.7200,1.798165
FILLER_47_783,VPWR,li1,365.9300,138.7200,1.798171
FILLER_47_777,VPWR,li1,364.3200,138.7200,1.798171
FILLER_47_763,VPWR,li1,356.7300,138.7200,1.798195
FILLER_47_755,VPWR,li1,354.6600,138.7200,1.798215
FILLER_47_749,VPWR,li1,350.2900,138.7200,1.798282
FILLER_47_741,VPWR,li1,346.8400,138.7200,1.798419
FILLER_47_735,VPWR,li1,343.8500,138.7200,1.798534
FILLER_47_729,VPWR,li1,341.3200,138.7200,1.798633
FILLER_47_720,VPWR,li1,338.5600,138.7200,1.798731
FILLER_47_708,VPWR,li1,333.9600,138.7200,1.798949
FILLER_47_695,VPWR,li1,327.0600,138.7200,1.799189
FILLER_47_685,VPWR,li1,321.3100,138.7200,1.799076
FILLER_47_673,VPWR,li1,317.8600,138.7200,1.799033
FILLER_47_668,VPWR,li1,313.7200,138.7200,1.798976
FILLER_47_656,VPWR,li1,310.0400,138.7200,1.798928
FILLER_47_644,VPWR,li1,304.5200,138.7200,1.798866
FILLER_47_632,VPWR,li1,299.0000,138.7200,1.798834
FILLER_47_615,VPWR,li1,288.6500,138.7200,1.798766
FILLER_47_610,VPWR,li1,286.3500,138.7200,1.798749
FILLER_47_597,VPWR,li1,281.0600,138.7200,1.798717
FILLER_47_585,VPWR,li1,277.3800,138.7200,1.798695
FILLER_47_573,VPWR,li1,271.8600,138.7200,1.798684
FILLER_47_561,VPWR,li1,266.3400,138.7200,1.798678
FILLER_47_552,VPWR,li1,261.2800,138.7200,1.798673
FILLER_47_535,VPWR,li1,252.0800,138.7200,1.798667
FILLER_47_523,VPWR,li1,246.5600,138.7200,1.798665
FILLER_47_515,VPWR,li1,244.2600,138.7200,1.798688
FILLER_47_505,VPWR,li1,238.5100,138.7200,1.798773
FILLER_47_492,VPWR,li1,234.6000,138.7200,1.798816
FILLER_47_480,VPWR,li1,229.0800,138.7200,1.798904
FILLER_47_458,VPWR,li1,216.8900,138.7200,1.799075
FILLER_47_453,VPWR,li1,214.1300,138.7200,1.799117
FILLER_47_449,VPWR,li1,212.9800,138.7200,1.799153
FILLER_47_447,VPWR,li1,211.3700,138.7200,1.799181
FILLER_47_422,VPWR,li1,199.8700,138.7200,1.799372
FILLER_47_415,VPWR,li1,196.6500,138.7200,1.799415
FILLER_47_399,VPWR,li1,189.7500,138.7200,1.799517
FILLER_47_393,VPWR,li1,186.5300,138.7200,1.799574
FILLER_47_377,VPWR,li1,179.4000,138.7200,1.799702
FILLER_47_369,VPWR,li1,175.4900,138.7200,1.799778
FILLER_47_361,VPWR,li1,173.4200,138.7200,1.799767
FILLER_47_349,VPWR,li1,168.8200,138.7200,1.799753
FILLER_47_337,VPWR,li1,163.3000,138.7200,1.799734
FILLER_47_335,VPWR,li1,159.8500,138.7200,1.799719
FILLER_47_329,VPWR,li1,158.2400,138.7200,1.799719
FILLER_47_314,VPWR,li1,151.3400,138.7200,1.799699
FILLER_47_304,VPWR,li1,146.0500,138.7200,1.799683
FILLER_47_296,VPWR,li1,143.5200,138.7200,1.799678
FILLER_47_284,VPWR,li1,138.9200,138.7200,1.799666
FILLER_47_276,VPWR,li1,132.7100,138.7200,1.799651
FILLER_47_268,VPWR,li1,129.0300,138.7200,1.799639
FILLER_47_262,VPWR,li1,127.4200,138.7200,1.799639
FILLER_47_251,VPWR,li1,121.4400,138.7200,1.799625
FILLER_47_242,VPWR,li1,117.5300,138.7200,1.799616
FILLER_47_229,VPWR,li1,111.0900,138.7200,1.799615
FILLER_47_225,VPWR,li1,109.9400,138.7200,1.799615
FILLER_47_213,VPWR,li1,104.1900,138.7200,1.799631
FILLER_47_209,VPWR,li1,101.8900,138.7200,1.799636
FILLER_47_205,VPWR,li1,100.7400,138.7200,1.799636
FILLER_47_197,VPWR,li1,96.3700,138.7200,1.799649
FILLER_47_193,VPWR,li1,95.2200,138.7200,1.799649
FILLER_47_181,VPWR,li1,91.5400,138.7200,1.799658
FILLER_47_169,VPWR,li1,86.0200,138.7200,1.799676
FILLER_47_167,VPWR,li1,82.5700,138.7200,1.799681
FILLER_47_159,VPWR,li1,80.5000,138.7200,1.799687
FILLER_47_153,VPWR,li1,76.1300,138.7200,1.799702
FILLER_47_147,VPWR,li1,74.5200,138.7200,1.799708
FILLER_47_135,VPWR,li1,70.3800,138.7200,1.799719
FILLER_47_121,VPWR,li1,61.4100,138.7200,1.799748
FILLER_47_113,VPWR,li1,59.3400,138.7200,1.799759
FILLER_47_111,VPWR,li1,56.8100,138.7200,1.799769
FILLER_47_107,VPWR,li1,55.6600,138.7200,1.799769
FILLER_47_95,VPWR,li1,51.9800,138.7200,1.799785
FILLER_47_87,VPWR,li1,45.7700,138.7200,1.799823
FILLER_47_81,VPWR,li1,44.1600,138.7200,1.799823
FILLER_47_69,VPWR,li1,40.0200,138.7200,1.799845
FILLER_47_57,VPWR,li1,34.5000,138.7200,1.799874
FILLER_47_55,VPWR,li1,31.0500,138.7200,1.799899
FILLER_47_51,VPWR,li1,29.9000,138.7200,1.799899
FILLER_47_39,VPWR,li1,26.2200,138.7200,1.799918
FILLER_47_27,VPWR,li1,20.7000,138.7200,1.799947
FILLER_47_15,VPWR,li1,15.1800,138.7200,1.799947
FILLER_47_3,VPWR,li1,9.6600,138.7200,1.799947
FILLER_46_819,VPWR,li1,382.4900,138.7200,1.798152
FILLER_46_813,VPWR,li1,380.8800,138.7200,1.798152
FILLER_46_810,VPWR,li1,378.5800,138.7200,1.798155
FILLER_46_802,VPWR,li1,376.2800,138.7200,1.798159
FILLER_46_790,VPWR,li1,371.6800,138.7200,1.798163
FILLER_46_764,VPWR,li1,358.3400,138.7200,1.798177
FILLER_46_745,VPWR,li1,348.6800,138.7200,1.798326
FILLER_46_731,VPWR,li1,342.2400,138.7200,1.798633
FILLER_46_719,VPWR,li1,339.0200,138.7200,1.798731
FILLER_46_701,VPWR,li1,328.6700,138.7200,1.799229
FILLER_46_697,VPWR,li1,326.8300,138.7200,1.799189
FILLER_46_689,VPWR,li1,322.9200,138.7200,1.799108
FILLER_46_681,VPWR,li1,319.0100,138.7200,1.799033
FILLER_46_677,VPWR,li1,317.8600,138.7200,1.799033
FILLER_46_658,VPWR,li1,308.4300,138.7200,1.798896
FILLER_46_652,VPWR,li1,306.8200,138.7200,1.798896
FILLER_46_643,VPWR,li1,301.5300,138.7200,1.798850
FILLER_46_632,VPWR,li1,296.4700,138.7200,1.798811
FILLER_46_628,VPWR,li1,295.3200,138.7200,1.798799
FILLER_46_616,VPWR,li1,291.6400,138.7200,1.798781
FILLER_46_604,VPWR,li1,286.1200,138.7200,1.798749
FILLER_46_578,VPWR,li1,272.3200,138.7200,1.798684
FILLER_46_566,VPWR,li1,268.6400,138.7200,1.798681
FILLER_46_550,VPWR,li1,260.3600,138.7200,1.798673
FILLER_46_540,VPWR,li1,254.6100,138.7200,1.798668
FILLER_46_531,VPWR,li1,250.0100,138.7200,1.798666
FILLER_46_510,VPWR,li1,240.3500,138.7200,1.798734
FILLER_46_506,VPWR,li1,239.2000,138.7200,1.798773
FILLER_46_494,VPWR,li1,235.5200,138.7200,1.798816
FILLER_46_477,VPWR,li1,225.8600,138.7200,1.798941
FILLER_46_474,VPWR,li1,224.0200,138.7200,1.798968
FILLER_46_466,VPWR,li1,221.7200,138.7200,1.799002
FILLER_46_448,VPWR,li1,213.4400,138.7200,1.799153
FILLER_46_433,VPWR,li1,205.1600,138.7200,1.799258
FILLER_46_421,VPWR,li1,201.9400,138.7200,1.799311
FILLER_46_419,VPWR,li1,198.4900,138.7200,1.799372
FILLER_46_415,VPWR,li1,197.3400,138.7200,1.799415
FILLER_46_403,VPWR,li1,193.6600,138.7200,1.799453
FILLER_46_389,VPWR,li1,184.6900,138.7200,1.799610
FILLER_46_383,VPWR,li1,183.0800,138.7200,1.799664
FILLER_46_373,VPWR,li1,177.3300,138.7200,1.799740
FILLER_46_365,VPWR,li1,175.2600,138.7200,1.799778
FILLER_46_362,VPWR,li1,172.5000,138.7200,1.799767
FILLER_46_328,VPWR,li1,159.1600,138.7200,1.799719
FILLER_46_319,VPWR,li1,152.7200,138.7200,1.799699
FILLER_46_307,VPWR,li1,146.9700,138.7200,1.799688
FILLER_46_303,VPWR,li1,145.1300,138.7200,1.799683
FILLER_46_295,VPWR,li1,143.0600,138.7200,1.799678
FILLER_46_283,VPWR,li1,138.4600,138.7200,1.799666
FILLER_46_271,VPWR,li1,132.9400,138.7200,1.799651
FILLER_46_259,VPWR,li1,127.4200,138.7200,1.799639
FILLER_46_253,VPWR,li1,122.5900,138.7200,1.799625
FILLER_46_251,VPWR,li1,121.2100,138.7200,1.799621
FILLER_46_245,VPWR,li1,119.6000,138.7200,1.799621
FILLER_46_233,VPWR,li1,115.4600,138.7200,1.799612
FILLER_46_221,VPWR,li1,109.9400,138.7200,1.799615
FILLER_46_209,VPWR,li1,104.4200,138.7200,1.799631
FILLER_46_193,VPWR,li1,94.9900,138.7200,1.799649
FILLER_46_185,VPWR,li1,92.4600,138.7200,1.799658
FILLER_46_167,VPWR,li1,82.5700,138.7200,1.799681
FILLER_46_156,VPWR,li1,77.7400,138.7200,1.799695
FILLER_46_141,VPWR,li1,71.0700,138.7200,1.799713
FILLER_46_137,VPWR,li1,69.2300,138.7200,1.799719
FILLER_46_125,VPWR,li1,65.7800,138.7200,1.799729
FILLER_46_118,VPWR,li1,60.2600,138.7200,1.799748
FILLER_46_110,VPWR,li1,57.9600,138.7200,1.799759
FILLER_46_98,VPWR,li1,53.3600,138.7200,1.799785
FILLER_46_85,VPWR,li1,46.0000,138.7200,1.799813
FILLER_46_83,VPWR,li1,43.9300,138.7200,1.799833
FILLER_46_77,VPWR,li1,42.3200,138.7200,1.799833
FILLER_46_65,VPWR,li1,38.1800,138.7200,1.799855
FILLER_46_53,VPWR,li1,32.6600,138.7200,1.799884
FILLER_46_41,VPWR,li1,27.1400,138.7200,1.799918
FILLER_46_29,VPWR,li1,21.6200,138.7200,1.799947
FILLER_46_27,VPWR,li1,18.1700,138.7200,1.799947
FILLER_46_15,VPWR,li1,15.1800,138.7200,1.799947
FILLER_46_3,VPWR,li1,9.6600,138.7200,1.799947
FILLER_45_817,VPWR,li1,382.0300,133.2800,1.797808
FILLER_45_809,VPWR,li1,379.5000,133.2800,1.797811
FILLER_45_797,VPWR,li1,374.9000,133.2800,1.797814
FILLER_45_785,VPWR,li1,369.3800,133.2800,1.797820
FILLER_45_783,VPWR,li1,365.9300,133.2800,1.797823
FILLER_45_775,VPWR,li1,363.8600,133.2800,1.797827
FILLER_45_763,VPWR,li1,359.2600,133.2800,1.797838
FILLER_45_723,VPWR,li1,338.5600,133.2800,1.798319
FILLER_45_714,VPWR,li1,334.1900,133.2800,1.798586
FILLER_45_710,VPWR,li1,333.0400,133.2800,1.798586
FILLER_45_702,VPWR,li1,328.9000,133.2800,1.798849
FILLER_45_690,VPWR,li1,325.6800,133.2800,1.798713
FILLER_45_673,VPWR,li1,316.0200,133.2800,1.798008
FILLER_45_669,VPWR,li1,313.9500,133.2800,1.797902
FILLER_45_657,VPWR,li1,310.5000,133.2800,1.797709
FILLER_45_645,VPWR,li1,304.9800,133.2800,1.797537
FILLER_45_639,VPWR,li1,300.1500,133.2800,1.797399
FILLER_45_620,VPWR,li1,293.4800,133.2800,1.797173
FILLER_45_604,VPWR,li1,286.1200,133.2800,1.796956
FILLER_45_582,VPWR,li1,273.9300,133.2800,1.796799
FILLER_45_571,VPWR,li1,269.1000,133.2800,1.796815
FILLER_45_564,VPWR,li1,265.1900,133.2800,1.796833
FILLER_45_559,VPWR,li1,262.8900,133.2800,1.796846
FILLER_45_553,VPWR,li1,261.2800,133.2800,1.796858
FILLER_45_541,VPWR,li1,257.1400,133.2800,1.796877
FILLER_45_529,VPWR,li1,251.6200,133.2800,1.796922
FILLER_45_517,VPWR,li1,246.1000,133.2800,1.796958
FILLER_45_505,VPWR,li1,240.5800,133.2800,1.796995
FILLER_45_501,VPWR,li1,236.6700,133.2800,1.797038
FILLER_45_480,VPWR,li1,226.5500,133.2800,1.797165
FILLER_45_474,VPWR,li1,224.9400,133.2800,1.797211
FILLER_45_462,VPWR,li1,220.8000,133.2800,1.797308
FILLER_45_449,VPWR,li1,213.9000,133.2800,1.797527
FILLER_45_447,VPWR,li1,211.3700,133.2800,1.797610
FILLER_45_439,VPWR,li1,209.3000,133.2800,1.797679
FILLER_45_409,VPWR,li1,195.5000,133.2800,1.798170
FILLER_45_401,VPWR,li1,190.2100,133.2800,1.798392
FILLER_45_393,VPWR,li1,188.1400,133.2800,1.798497
FILLER_45_384,VPWR,li1,184.0000,133.2800,1.798784
FILLER_45_372,VPWR,li1,179.4000,133.2800,1.799067
FILLER_45_361,VPWR,li1,172.5000,133.2800,1.799116
FILLER_45_349,VPWR,li1,168.8200,133.2800,1.799049
FILLER_45_341,VPWR,li1,163.0700,133.2800,1.798940
FILLER_45_328,VPWR,li1,158.2400,133.2800,1.798891
FILLER_45_316,VPWR,li1,153.6400,133.2800,1.798864
FILLER_45_304,VPWR,li1,148.1200,133.2800,1.798833
FILLER_45_296,VPWR,li1,142.1400,133.2800,1.798795
FILLER_45_288,VPWR,li1,139.8400,133.2800,1.798784
FILLER_45_268,VPWR,li1,131.5600,133.2800,1.798747
FILLER_45_249,VPWR,li1,120.5200,133.2800,1.798695
FILLER_45_241,VPWR,li1,118.2200,133.2800,1.798682
FILLER_45_232,VPWR,li1,112.4700,133.2800,1.798703
FILLER_45_222,VPWR,li1,108.1000,133.2800,1.798739
FILLER_45_214,VPWR,li1,105.8000,133.2800,1.798767
FILLER_45_206,VPWR,li1,100.5100,133.2800,1.798809
FILLER_45_196,VPWR,li1,96.1400,133.2800,1.798839
FILLER_45_184,VPWR,li1,92.9200,133.2800,1.798865
FILLER_45_178,VPWR,li1,87.6300,133.2800,1.798925
FILLER_45_172,VPWR,li1,86.0200,133.2800,1.798925
FILLER_45_160,VPWR,li1,79.5800,133.2800,1.798982
FILLER_45_152,VPWR,li1,77.2800,133.2800,1.799002
FILLER_45_147,VPWR,li1,73.6000,133.2800,1.799042
FILLER_45_132,VPWR,li1,68.0800,133.2800,1.799087
FILLER_45_113,VPWR,li1,57.9600,133.2800,1.799208
FILLER_45_111,VPWR,li1,56.8100,133.2800,1.799239
FILLER_45_105,VPWR,li1,55.2000,133.2800,1.799239
FILLER_45_93,VPWR,li1,51.0600,133.2800,1.799318
FILLER_45_81,VPWR,li1,45.5400,133.2800,1.799421
FILLER_45_69,VPWR,li1,40.0200,133.2800,1.799496
FILLER_45_57,VPWR,li1,34.5000,133.2800,1.799591
FILLER_45_55,VPWR,li1,31.0500,133.2800,1.799670
FILLER_45_51,VPWR,li1,29.9000,133.2800,1.799670
FILLER_45_39,VPWR,li1,26.2200,133.2800,1.799733
FILLER_45_27,VPWR,li1,20.7000,133.2800,1.799828
FILLER_45_15,VPWR,li1,15.1800,133.2800,1.799828
FILLER_45_3,VPWR,li1,9.6600,133.2800,1.799828
FILLER_44_821,VPWR,li1,383.8700,133.2800,1.797806
FILLER_44_813,VPWR,li1,381.3400,133.2800,1.797808
FILLER_44_810,VPWR,li1,378.5800,133.2800,1.797811
FILLER_44_798,VPWR,li1,375.3600,133.2800,1.797814
FILLER_44_786,VPWR,li1,369.8400,133.2800,1.797820
FILLER_44_763,VPWR,li1,357.1900,133.2800,1.797845
FILLER_44_735,VPWR,li1,344.0800,133.2800,1.798161
FILLER_44_727,VPWR,li1,341.7800,133.2800,1.798244
FILLER_44_721,VPWR,li1,337.4100,133.2800,1.798427
FILLER_44_713,VPWR,li1,334.4200,133.2800,1.798586
FILLER_44_701,VPWR,li1,330.7400,133.2800,1.798700
FILLER_44_698,VPWR,li1,327.0600,133.2800,1.798713
FILLER_44_686,VPWR,li1,323.8400,133.2800,1.798592
FILLER_44_676,VPWR,li1,317.8600,133.2800,1.798202
FILLER_44_663,VPWR,li1,310.9600,133.2800,1.797805
FILLER_44_645,VPWR,li1,304.0600,133.2800,1.797537
FILLER_44_643,VPWR,li1,301.5300,133.2800,1.797399
FILLER_44_629,VPWR,li1,295.3200,133.2800,1.797237
FILLER_44_620,VPWR,li1,291.1800,133.2800,1.797110
FILLER_44_589,VPWR,li1,277.8400,133.2800,1.796788
FILLER_44_587,VPWR,li1,275.7700,133.2800,1.796793
FILLER_44_579,VPWR,li1,273.7000,133.2800,1.796799
FILLER_44_553,VPWR,li1,260.5900,133.2800,1.796858
FILLER_44_524,VPWR,li1,248.4000,133.2800,1.796936
FILLER_44_500,VPWR,li1,236.9000,133.2800,1.797038
FILLER_44_496,VPWR,li1,233.9100,133.2800,1.797068
FILLER_44_490,VPWR,li1,232.3000,133.2800,1.797103
FILLER_44_434,VPWR,li1,205.3900,133.2800,1.797856
FILLER_44_418,VPWR,li1,198.2600,133.2800,1.798060
FILLER_44_389,VPWR,li1,185.1500,133.2800,1.798660
FILLER_44_378,VPWR,li1,180.3200,133.2800,1.798926
FILLER_44_365,VPWR,li1,173.6500,133.2800,1.799158
FILLER_44_353,VPWR,li1,169.2800,133.2800,1.799049
FILLER_44_321,VPWR,li1,154.5600,133.2800,1.798864
FILLER_44_309,VPWR,li1,150.4200,133.2800,1.798846
FILLER_44_304,VPWR,li1,146.2800,133.2800,1.798822
FILLER_44_294,VPWR,li1,141.4500,133.2800,1.798795
FILLER_44_281,VPWR,li1,135.0100,133.2800,1.798759
FILLER_44_273,VPWR,li1,131.3300,133.2800,1.798738
FILLER_44_267,VPWR,li1,129.7200,133.2800,1.798738
FILLER_44_258,VPWR,li1,125.1200,133.2800,1.798714
FILLER_44_253,VPWR,li1,122.1300,133.2800,1.798704
FILLER_44_246,VPWR,li1,120.0600,133.2800,1.798695
FILLER_44_230,VPWR,li1,111.7800,133.2800,1.798718
FILLER_44_222,VPWR,li1,109.4800,133.2800,1.798739
FILLER_44_215,VPWR,li1,104.6500,133.2800,1.798767
FILLER_44_209,VPWR,li1,103.0400,133.2800,1.798785
FILLER_44_197,VPWR,li1,98.9000,133.2800,1.798824
FILLER_44_180,VPWR,li1,89.0100,133.2800,1.798899
FILLER_44_172,VPWR,li1,86.4800,133.2800,1.798925
FILLER_44_160,VPWR,li1,81.8800,133.2800,1.798965
FILLER_44_141,VPWR,li1,70.8400,133.2800,1.799068
FILLER_44_139,VPWR,li1,69.6900,133.2800,1.799087
FILLER_44_135,VPWR,li1,68.5400,133.2800,1.799087
FILLER_44_123,VPWR,li1,64.8600,133.2800,1.799134
FILLER_44_112,VPWR,li1,57.9600,133.2800,1.799208
FILLER_44_97,VPWR,li1,50.3700,133.2800,1.799318
FILLER_44_85,VPWR,li1,47.3800,133.2800,1.799370
FILLER_44_83,VPWR,li1,43.9300,133.2800,1.799457
FILLER_44_77,VPWR,li1,42.3200,133.2800,1.799457
FILLER_44_65,VPWR,li1,38.1800,133.2800,1.799528
FILLER_44_53,VPWR,li1,32.6600,133.2800,1.799623
FILLER_44_41,VPWR,li1,27.1400,133.2800,1.799733
FILLER_44_29,VPWR,li1,21.6200,133.2800,1.799828
FILLER_44_27,VPWR,li1,18.1700,133.2800,1.799828
FILLER_44_15,VPWR,li1,15.1800,133.2800,1.799828
FILLER_44_3,VPWR,li1,9.6600,133.2800,1.799828
FILLER_43_821,VPWR,li1,383.8700,127.8400,1.796157
FILLER_43_809,VPWR,li1,380.4200,127.8400,1.796160
FILLER_43_797,VPWR,li1,374.9000,127.8400,1.796164
FILLER_43_785,VPWR,li1,369.3800,127.8400,1.796170
FILLER_43_778,VPWR,li1,364.7800,127.8400,1.796175
FILLER_43_766,VPWR,li1,360.6400,127.8400,1.796179
FILLER_43_754,VPWR,li1,355.1200,127.8400,1.796184
FILLER_43_742,VPWR,li1,349.6000,127.8400,1.796190
FILLER_43_737,VPWR,li1,345.0000,127.8400,1.796353
FILLER_43_729,VPWR,li1,342.7000,127.8400,1.796519
FILLER_43_716,VPWR,li1,337.6400,127.8400,1.796933
FILLER_43_709,VPWR,li1,331.8900,127.8400,1.797531
FILLER_43_703,VPWR,li1,330.2800,127.8400,1.797802
FILLER_43_685,VPWR,li1,322.0000,127.8400,1.797617
FILLER_43_673,VPWR,li1,317.8600,127.8400,1.797461
FILLER_43_671,VPWR,li1,314.4100,127.8400,1.797249
FILLER_43_665,VPWR,li1,312.8000,127.8400,1.797136
FILLER_43_632,VPWR,li1,298.0800,127.8400,1.796309
FILLER_43_620,VPWR,li1,293.4800,127.8400,1.796056
FILLER_43_613,VPWR,li1,288.1900,127.8400,1.795765
FILLER_43_605,VPWR,li1,285.6600,127.8400,1.795613
FILLER_43_593,VPWR,li1,281.0600,127.8400,1.795388
FILLER_43_581,VPWR,li1,275.5400,127.8400,1.795192
FILLER_43_569,VPWR,li1,270.0200,127.8400,1.795075
FILLER_43_561,VPWR,li1,263.8100,127.8400,1.794900
FILLER_43_554,VPWR,li1,261.7400,127.8400,1.794843
FILLER_43_542,VPWR,li1,257.6000,127.8400,1.794730
FILLER_43_533,VPWR,li1,251.1600,127.8400,1.794536
FILLER_43_525,VPWR,li1,248.8600,127.8400,1.794450
FILLER_43_505,VPWR,li1,238.7400,127.8400,1.794471
FILLER_43_498,VPWR,li1,235.9800,127.8400,1.794489
FILLER_43_486,VPWR,li1,231.8400,127.8400,1.794728
FILLER_43_474,VPWR,li1,226.3200,127.8400,1.795005
FILLER_43_460,VPWR,li1,217.3500,127.8400,1.795654
FILLER_43_454,VPWR,li1,215.7400,127.8400,1.795654
FILLER_43_436,VPWR,li1,208.8400,127.8400,1.796246
FILLER_43_424,VPWR,li1,203.3200,127.8400,1.796641
FILLER_43_411,VPWR,li1,195.9600,127.8400,1.797136
FILLER_43_393,VPWR,li1,186.7600,127.8400,1.797934
FILLER_43_379,VPWR,li1,180.0900,127.8400,1.798416
FILLER_43_371,VPWR,li1,178.0200,127.8400,1.798605
FILLER_43_361,VPWR,li1,172.2700,127.8400,1.798882
FILLER_43_349,VPWR,li1,168.8200,127.8400,1.798824
FILLER_43_337,VPWR,li1,161.0000,127.8400,1.798740
FILLER_43_334,VPWR,li1,159.6200,127.8400,1.798740
FILLER_43_326,VPWR,li1,155.9400,127.8400,1.798738
FILLER_43_315,VPWR,li1,150.6500,127.8400,1.798742
FILLER_43_298,VPWR,li1,143.0600,127.8400,1.798761
FILLER_43_286,VPWR,li1,139.8400,127.8400,1.798770
FILLER_43_278,VPWR,li1,133.8600,127.8400,1.798792
FILLER_43_271,VPWR,li1,130.4100,127.8400,1.798802
FILLER_43_259,VPWR,li1,127.4200,127.8400,1.798813
FILLER_43_247,VPWR,li1,121.9000,127.8400,1.798838
FILLER_43_233,VPWR,li1,112.9300,127.8400,1.798887
FILLER_43_225,VPWR,li1,110.8600,127.8400,1.798907
FILLER_43_218,VPWR,li1,107.1800,127.8400,1.798926
FILLER_43_196,VPWR,li1,98.4400,127.8400,1.798987
FILLER_43_184,VPWR,li1,92.9200,127.8400,1.799026
FILLER_43_169,VPWR,li1,83.7200,127.8400,1.799114
FILLER_43_166,VPWR,li1,82.3400,127.8400,1.799114
FILLER_43_158,VPWR,li1,80.0400,127.8400,1.799139
FILLER_43_148,VPWR,li1,74.2900,127.8400,1.799203
FILLER_43_137,VPWR,li1,69.4600,127.8400,1.799263
FILLER_43_125,VPWR,li1,65.7800,127.8400,1.799311
FILLER_43_113,VPWR,li1,60.2600,127.8400,1.799366
FILLER_43_111,VPWR,li1,56.8100,127.8400,1.799407
FILLER_43_105,VPWR,li1,55.2000,127.8400,1.799446
FILLER_43_93,VPWR,li1,51.0600,127.8400,1.799478
FILLER_43_81,VPWR,li1,45.5400,127.8400,1.799565
FILLER_43_69,VPWR,li1,40.0200,127.8400,1.799621
FILLER_43_57,VPWR,li1,34.5000,127.8400,1.799692
FILLER_43_55,VPWR,li1,31.0500,127.8400,1.799752
FILLER_43_51,VPWR,li1,29.9000,127.8400,1.799752
FILLER_43_39,VPWR,li1,26.2200,127.8400,1.799799
FILLER_43_27,VPWR,li1,20.7000,127.8400,1.799871
FILLER_43_15,VPWR,li1,15.1800,127.8400,1.799871
FILLER_43_3,VPWR,li1,9.6600,127.8400,1.799871
FILLER_42_819,VPWR,li1,382.4900,127.8400,1.796157
FILLER_42_813,VPWR,li1,380.8800,127.8400,1.796160
FILLER_42_811,VPWR,li1,378.8100,127.8400,1.796162
FILLER_42_805,VPWR,li1,377.2000,127.8400,1.796162
FILLER_42_793,VPWR,li1,373.0600,127.8400,1.796166
FILLER_42_781,VPWR,li1,367.5400,127.8400,1.796172
FILLER_42_769,VPWR,li1,362.0200,127.8400,1.796179
FILLER_42_757,VPWR,li1,356.5000,127.8400,1.796184
FILLER_42_750,VPWR,li1,351.9000,127.8400,1.796188
FILLER_42_725,VPWR,li1,340.8600,127.8400,1.796681
FILLER_42_717,VPWR,li1,335.5700,127.8400,1.797125
FILLER_42_709,VPWR,li1,331.8900,127.8400,1.797531
FILLER_42_701,VPWR,li1,329.8200,127.8400,1.797802
FILLER_42_699,VPWR,li1,327.2900,127.8400,1.797958
FILLER_42_683,VPWR,li1,320.3900,127.8400,1.797617
FILLER_42_675,VPWR,li1,317.8600,127.8400,1.797461
FILLER_42_667,VPWR,li1,312.5700,127.8400,1.797136
FILLER_42_657,VPWR,li1,308.6600,127.8400,1.796849
FILLER_42_645,VPWR,li1,304.9800,127.8400,1.796628
FILLER_42_642,VPWR,li1,301.3000,127.8400,1.796486
FILLER_42_634,VPWR,li1,299.0000,127.8400,1.796309
FILLER_42_622,VPWR,li1,294.4000,127.8400,1.796056
FILLER_42_610,VPWR,li1,288.8800,127.8400,1.795765
FILLER_42_593,VPWR,li1,278.5300,127.8400,1.795317
FILLER_42_589,VPWR,li1,277.3800,127.8400,1.795251
FILLER_42_587,VPWR,li1,275.7700,127.8400,1.795192
FILLER_42_581,VPWR,li1,274.1600,127.8400,1.795192
FILLER_42_569,VPWR,li1,270.0200,127.8400,1.795075
FILLER_42_557,VPWR,li1,264.5000,127.8400,1.794900
FILLER_42_545,VPWR,li1,258.9800,127.8400,1.794730
FILLER_42_533,VPWR,li1,253.4600,127.8400,1.794611
FILLER_42_493,VPWR,li1,232.5300,127.8400,1.794728
FILLER_42_489,VPWR,li1,231.3800,127.8400,1.794728
FILLER_42_477,VPWR,li1,227.7000,127.8400,1.795005
FILLER_42_474,VPWR,li1,224.0200,127.8400,1.795131
FILLER_42_457,VPWR,li1,215.9700,127.8400,1.795654
FILLER_42_445,VPWR,li1,212.9800,127.8400,1.795932
FILLER_42_433,VPWR,li1,207.4600,127.8400,1.796246
FILLER_42_421,VPWR,li1,201.9400,127.8400,1.796641
FILLER_42_418,VPWR,li1,198.2600,127.8400,1.796938
FILLER_42_406,VPWR,li1,195.0400,127.8400,1.797136
FILLER_42_385,VPWR,li1,183.0800,127.8400,1.798143
FILLER_42_377,VPWR,li1,180.7800,127.8400,1.798416
FILLER_42_365,VPWR,li1,176.1800,127.8400,1.798922
FILLER_42_360,VPWR,li1,172.0400,127.8400,1.798882
FILLER_42_348,VPWR,li1,168.3600,127.8400,1.798824
FILLER_42_340,VPWR,li1,162.3800,127.8400,1.798744
FILLER_42_321,VPWR,li1,154.1000,127.8400,1.798739
FILLER_42_309,VPWR,li1,150.4200,127.8400,1.798742
FILLER_42_304,VPWR,li1,146.2800,127.8400,1.798753
FILLER_42_292,VPWR,li1,142.6000,127.8400,1.798761
FILLER_42_280,VPWR,li1,137.0800,127.8400,1.798782
FILLER_42_271,VPWR,li1,131.1000,127.8400,1.798802
FILLER_42_253,VPWR,li1,122.8200,127.8400,1.798838
FILLER_42_246,VPWR,li1,120.0600,127.8400,1.798847
FILLER_42_233,VPWR,li1,113.6200,127.8400,1.798887
FILLER_42_221,VPWR,li1,109.9400,127.8400,1.798907
FILLER_42_209,VPWR,li1,104.4200,127.8400,1.798945
FILLER_42_197,VPWR,li1,98.9000,127.8400,1.798987
FILLER_42_188,VPWR,li1,93.8400,127.8400,1.799026
FILLER_42_176,VPWR,li1,89.2400,127.8400,1.799055
FILLER_42_153,VPWR,li1,77.7400,127.8400,1.799177
FILLER_42_141,VPWR,li1,73.1400,127.8400,1.799228
FILLER_42_136,VPWR,li1,69.0000,127.8400,1.799263
FILLER_42_123,VPWR,li1,62.7900,127.8400,1.799336
FILLER_42_115,VPWR,li1,60.2600,127.8400,1.799366
FILLER_42_97,VPWR,li1,51.0600,127.8400,1.799478
FILLER_42_85,VPWR,li1,47.3800,127.8400,1.799526
FILLER_42_83,VPWR,li1,43.9300,127.8400,1.799591
FILLER_42_77,VPWR,li1,42.3200,127.8400,1.799591
FILLER_42_65,VPWR,li1,38.1800,127.8400,1.799645
FILLER_42_53,VPWR,li1,32.6600,127.8400,1.799716
FILLER_42_41,VPWR,li1,27.1400,127.8400,1.799799
FILLER_42_29,VPWR,li1,21.6200,127.8400,1.799871
FILLER_42_27,VPWR,li1,18.1700,127.8400,1.799871
FILLER_42_15,VPWR,li1,15.1800,127.8400,1.799871
FILLER_42_3,VPWR,li1,9.6600,127.8400,1.799871
FILLER_41_803,VPWR,li1,375.1300,122.4000,1.793277
FILLER_41_797,VPWR,li1,373.5200,122.4000,1.793277
FILLER_41_785,VPWR,li1,369.3800,122.4000,1.793303
FILLER_41_782,VPWR,li1,365.7000,122.4000,1.793329
FILLER_41_770,VPWR,li1,362.4800,122.4000,1.793346
FILLER_41_758,VPWR,li1,356.9600,122.4000,1.793390
FILLER_41_740,VPWR,li1,346.8400,122.4000,1.793880
FILLER_41_727,VPWR,li1,340.1700,122.4000,1.794782
FILLER_41_719,VPWR,li1,336.9500,122.4000,1.795112
FILLER_41_700,VPWR,li1,330.2800,122.4000,1.796406
FILLER_41_685,VPWR,li1,322.4600,122.4000,1.796356
FILLER_41_673,VPWR,li1,317.8600,122.4000,1.795870
FILLER_41_670,VPWR,li1,314.1800,122.4000,1.795312
FILLER_41_651,VPWR,li1,305.4400,122.4000,1.794515
FILLER_41_639,VPWR,li1,302.2200,122.4000,1.794202
FILLER_41_615,VPWR,li1,288.6500,122.4000,1.792663
FILLER_41_598,VPWR,li1,281.5200,122.4000,1.792186
FILLER_41_577,VPWR,li1,271.1700,122.4000,1.791521
FILLER_41_571,VPWR,li1,269.5600,122.4000,1.791521
FILLER_41_548,VPWR,li1,260.3600,122.4000,1.791003
FILLER_41_534,VPWR,li1,252.0800,122.4000,1.790475
FILLER_41_522,VPWR,li1,248.4000,122.4000,1.790362
FILLER_41_508,VPWR,li1,240.1200,122.4000,1.789933
FILLER_41_503,VPWR,li1,237.1300,122.4000,1.789808
FILLER_41_481,VPWR,li1,227.2400,122.4000,1.789949
FILLER_41_460,VPWR,li1,217.3500,122.4000,1.790780
FILLER_41_449,VPWR,li1,212.2900,122.4000,1.791306
FILLER_41_447,VPWR,li1,211.3700,122.4000,1.791306
FILLER_41_439,VPWR,li1,209.3000,122.4000,1.791522
FILLER_41_419,VPWR,li1,199.1800,122.4000,1.793072
FILLER_41_405,VPWR,li1,192.0500,122.4000,1.794507
FILLER_41_399,VPWR,li1,190.4400,122.4000,1.794507
FILLER_41_390,VPWR,li1,185.3800,122.4000,1.795467
FILLER_41_378,VPWR,li1,182.1600,122.4000,1.796079
FILLER_41_355,VPWR,li1,171.5800,122.4000,1.797262
FILLER_41_347,VPWR,li1,165.3700,122.4000,1.797080
FILLER_41_343,VPWR,li1,164.2200,122.4000,1.797080
FILLER_41_335,VPWR,li1,159.8500,122.4000,1.796979
FILLER_41_323,VPWR,li1,156.8600,122.4000,1.796967
FILLER_41_311,VPWR,li1,151.3400,122.4000,1.796943
FILLER_41_299,VPWR,li1,143.2900,122.4000,1.796895
FILLER_41_293,VPWR,li1,141.6800,122.4000,1.796895
FILLER_41_281,VPWR,li1,137.5400,122.4000,1.796876
FILLER_41_274,VPWR,li1,132.9400,122.4000,1.796854
FILLER_41_262,VPWR,li1,128.8000,122.4000,1.796830
FILLER_41_250,VPWR,li1,123.2800,122.4000,1.796809
FILLER_41_238,VPWR,li1,117.7600,122.4000,1.796787
FILLER_41_222,VPWR,li1,108.1000,122.4000,1.796900
FILLER_41_214,VPWR,li1,105.8000,122.4000,1.796946
FILLER_41_195,VPWR,li1,96.1400,122.4000,1.797159
FILLER_41_180,VPWR,li1,88.5500,122.4000,1.797320
FILLER_41_175,VPWR,li1,86.2500,122.4000,1.797382
FILLER_41_169,VPWR,li1,84.6400,122.4000,1.797457
FILLER_41_164,VPWR,li1,81.8800,122.4000,1.797511
FILLER_41_142,VPWR,li1,71.3000,122.4000,1.797829
FILLER_41_121,VPWR,li1,61.6400,122.4000,1.798157
FILLER_41_113,VPWR,li1,59.3400,122.4000,1.798232
FILLER_41_111,VPWR,li1,56.8100,122.4000,1.798382
FILLER_41_105,VPWR,li1,55.2000,122.4000,1.798382
FILLER_41_93,VPWR,li1,51.0600,122.4000,1.798533
FILLER_41_81,VPWR,li1,45.5400,122.4000,1.798775
FILLER_41_69,VPWR,li1,40.0200,122.4000,1.798934
FILLER_41_57,VPWR,li1,34.5000,122.4000,1.799135
FILLER_41_55,VPWR,li1,31.0500,122.4000,1.799302
FILLER_41_51,VPWR,li1,29.9000,122.4000,1.799302
FILLER_41_39,VPWR,li1,26.2200,122.4000,1.799436
FILLER_41_27,VPWR,li1,20.7000,122.4000,1.799636
FILLER_41_15,VPWR,li1,15.1800,122.4000,1.799636
FILLER_41_3,VPWR,li1,9.6600,122.4000,1.799636
FILLER_40_813,VPWR,li1,379.7300,122.4000,1.793247
FILLER_40_809,VPWR,li1,378.3500,122.4000,1.793247
FILLER_40_797,VPWR,li1,374.9000,122.4000,1.793277
FILLER_40_785,VPWR,li1,369.3800,122.4000,1.793303
FILLER_40_757,VPWR,li1,354.2000,122.4000,1.793418
FILLER_40_752,VPWR,li1,352.3600,122.4000,1.793437
FILLER_40_738,VPWR,li1,345.2300,122.4000,1.793880
FILLER_40_733,VPWR,li1,343.1600,122.4000,1.794104
FILLER_40_725,VPWR,li1,340.8600,122.4000,1.794460
FILLER_40_713,VPWR,li1,336.2600,122.4000,1.795524
FILLER_40_701,VPWR,li1,330.7400,122.4000,1.796406
FILLER_40_697,VPWR,li1,326.8300,122.4000,1.796672
FILLER_40_665,VPWR,li1,311.6500,122.4000,1.795046
FILLER_40_661,VPWR,li1,310.5000,122.4000,1.795046
FILLER_40_645,VPWR,li1,304.9800,122.4000,1.794515
FILLER_40_643,VPWR,li1,301.5300,122.4000,1.793984
FILLER_40_637,VPWR,li1,299.9200,122.4000,1.793984
FILLER_40_624,VPWR,li1,293.2500,122.4000,1.793286
FILLER_40_616,VPWR,li1,290.7200,122.4000,1.792855
FILLER_40_601,VPWR,li1,282.2100,122.4000,1.792186
FILLER_40_589,VPWR,li1,279.2200,122.4000,1.792057
FILLER_40_585,VPWR,li1,275.3100,122.4000,1.791761
FILLER_40_581,VPWR,li1,273.0100,122.4000,1.791622
FILLER_40_557,VPWR,li1,262.6600,122.4000,1.791141
FILLER_40_533,VPWR,li1,251.3900,122.4000,1.790475
FILLER_40_530,VPWR,li1,249.7800,122.4000,1.790362
FILLER_40_518,VPWR,li1,246.5600,122.4000,1.790261
FILLER_40_508,VPWR,li1,239.8900,122.4000,1.789933
FILLER_40_500,VPWR,li1,237.3600,122.4000,1.789808
FILLER_40_485,VPWR,li1,229.0800,122.4000,1.789814
FILLER_40_477,VPWR,li1,225.6300,122.4000,1.789949
FILLER_40_470,VPWR,li1,223.1000,122.4000,1.790134
FILLER_40_458,VPWR,li1,218.9600,122.4000,1.790521
FILLER_40_426,VPWR,li1,203.3200,122.4000,1.792305
FILLER_40_419,VPWR,li1,198.4900,122.4000,1.793072
FILLER_40_415,VPWR,li1,197.3400,122.4000,1.793544
FILLER_40_403,VPWR,li1,193.6600,122.4000,1.793899
FILLER_40_391,VPWR,li1,188.1400,122.4000,1.795029
FILLER_40_379,VPWR,li1,182.6200,122.4000,1.796079
FILLER_40_365,VPWR,li1,174.1100,122.4000,1.797325
FILLER_40_363,VPWR,li1,172.7300,122.4000,1.797325
FILLER_40_355,VPWR,li1,170.6600,122.4000,1.797262
FILLER_40_343,VPWR,li1,166.0600,122.4000,1.797122
FILLER_40_335,VPWR,li1,159.8500,122.4000,1.796979
FILLER_40_329,VPWR,li1,158.2400,122.4000,1.796979
FILLER_40_309,VPWR,li1,149.5000,122.4000,1.796934
FILLER_40_278,VPWR,li1,133.6300,122.4000,1.796854
FILLER_40_267,VPWR,li1,130.1800,122.4000,1.796842
FILLER_40_253,VPWR,li1,122.5900,122.4000,1.796809
FILLER_40_251,VPWR,li1,121.2100,122.4000,1.796798
FILLER_40_247,VPWR,li1,120.0600,122.4000,1.796798
FILLER_40_231,VPWR,li1,112.0100,122.4000,1.796833
FILLER_40_223,VPWR,li1,109.9400,122.4000,1.796863
FILLER_40_206,VPWR,li1,102.1200,122.4000,1.797020
FILLER_40_197,VPWR,li1,97.5200,122.4000,1.797115
FILLER_40_195,VPWR,li1,95.4500,122.4000,1.797159
FILLER_40_182,VPWR,li1,89.4700,122.4000,1.797320
FILLER_40_176,VPWR,li1,87.8600,122.4000,1.797382
FILLER_40_164,VPWR,li1,83.7200,122.4000,1.797457
FILLER_40_152,VPWR,li1,78.2000,122.4000,1.797669
FILLER_40_141,VPWR,li1,72.2200,122.4000,1.797829
FILLER_40_139,VPWR,li1,69.6900,122.4000,1.797913
FILLER_40_135,VPWR,li1,68.5400,122.4000,1.797913
FILLER_40_121,VPWR,li1,61.4100,122.4000,1.798157
FILLER_40_109,VPWR,li1,58.4200,122.4000,1.798307
FILLER_40_97,VPWR,li1,52.9000,122.4000,1.798466
FILLER_40_85,VPWR,li1,47.3800,122.4000,1.798667
FILLER_40_83,VPWR,li1,43.9300,122.4000,1.798850
FILLER_40_77,VPWR,li1,42.3200,122.4000,1.798850
FILLER_40_65,VPWR,li1,38.1800,122.4000,1.799001
FILLER_40_53,VPWR,li1,32.6600,122.4000,1.799202
FILLER_40_41,VPWR,li1,27.1400,122.4000,1.799436
FILLER_40_29,VPWR,li1,21.6200,122.4000,1.799636
FILLER_40_27,VPWR,li1,18.1700,122.4000,1.799636
FILLER_40_15,VPWR,li1,15.1800,122.4000,1.799636
FILLER_40_3,VPWR,li1,9.6600,122.4000,1.799636
FILLER_39_823,VPWR,li1,384.3300,116.9600,1.799433
FILLER_39_797,VPWR,li1,373.5200,116.9600,1.799467
FILLER_39_785,VPWR,li1,369.3800,116.9600,1.799490
FILLER_39_772,VPWR,li1,363.4000,116.9600,1.799524
FILLER_39_760,VPWR,li1,357.8800,116.9600,1.799561
FILLER_39_753,VPWR,li1,352.5900,116.9600,1.799586
FILLER_39_741,VPWR,li1,349.1400,116.9600,1.799608
FILLER_39_729,VPWR,li1,343.6200,116.9600,1.799642
FILLER_39_727,VPWR,li1,340.1700,116.9600,1.799673
FILLER_39_721,VPWR,li1,338.5600,116.9600,1.799673
FILLER_39_713,VPWR,li1,333.7300,116.9600,1.799711
FILLER_39_709,VPWR,li1,332.5800,116.9600,1.799711
FILLER_39_698,VPWR,li1,327.9800,116.9600,1.799744
FILLER_39_689,VPWR,li1,322.6900,116.9600,1.799649
FILLER_39_685,VPWR,li1,320.8500,116.9600,1.799614
FILLER_39_673,VPWR,li1,317.8600,116.9600,1.799558
FILLER_39_671,VPWR,li1,314.4100,116.9600,1.799494
FILLER_39_659,VPWR,li1,311.4200,116.9600,1.799438
FILLER_39_649,VPWR,li1,304.7500,116.9600,1.799302
FILLER_39_641,VPWR,li1,302.2200,116.9600,1.799257
FILLER_39_629,VPWR,li1,297.6200,116.9600,1.799187
FILLER_39_617,VPWR,li1,292.1000,116.9600,1.799088
FILLER_39_612,VPWR,li1,287.9600,116.9600,1.798985
FILLER_39_603,VPWR,li1,284.2800,116.9600,1.798948
FILLER_39_591,VPWR,li1,280.1400,116.9600,1.798874
FILLER_39_583,VPWR,li1,273.9300,116.9600,1.798765
FILLER_39_571,VPWR,li1,270.9400,116.9600,1.798715
FILLER_39_561,VPWR,li1,264.2700,116.9600,1.798578
FILLER_39_559,VPWR,li1,262.8900,116.9600,1.798578
FILLER_39_551,VPWR,li1,260.8200,116.9600,1.798543
FILLER_39_541,VPWR,li1,254.6100,116.9600,1.798419
FILLER_39_537,VPWR,li1,253.4600,116.9600,1.798419
FILLER_39_525,VPWR,li1,249.7800,116.9600,1.798338
FILLER_39_505,VPWR,li1,239.6600,116.9600,1.798190
FILLER_39_503,VPWR,li1,237.1300,116.9600,1.798130
FILLER_39_499,VPWR,li1,235.9800,116.9600,1.798130
FILLER_39_487,VPWR,li1,232.3000,116.9600,1.798062
FILLER_39_475,VPWR,li1,226.7800,116.9600,1.797954
FILLER_39_463,VPWR,li1,221.2600,116.9600,1.797890
FILLER_39_446,VPWR,li1,211.1400,116.9600,1.797732
FILLER_39_435,VPWR,li1,206.0800,116.9600,1.797636
FILLER_39_426,VPWR,li1,202.8600,116.9600,1.797605
FILLER_39_408,VPWR,li1,193.6600,116.9600,1.797477
FILLER_39_391,VPWR,li1,185.6100,116.9600,1.797575
FILLER_39_383,VPWR,li1,183.5400,116.9600,1.797702
FILLER_39_375,VPWR,li1,178.2500,116.9600,1.798083
FILLER_39_371,VPWR,li1,177.1000,116.9600,1.798344
FILLER_39_359,VPWR,li1,173.4200,116.9600,1.798179
FILLER_39_337,VPWR,li1,160.7700,116.9600,1.797948
FILLER_39_324,VPWR,li1,157.3200,116.9600,1.797950
FILLER_39_315,VPWR,li1,150.6500,116.9600,1.797956
FILLER_39_311,VPWR,li1,148.8100,116.9600,1.797958
FILLER_39_307,VPWR,li1,147.6600,116.9600,1.797958
FILLER_39_299,VPWR,li1,143.9800,116.9600,1.797963
FILLER_39_287,VPWR,li1,140.3000,116.9600,1.797968
FILLER_39_279,VPWR,li1,134.0900,116.9600,1.797976
FILLER_39_269,VPWR,li1,130.1800,116.9600,1.797985
FILLER_39_248,VPWR,li1,121.4400,116.9600,1.797999
FILLER_39_237,VPWR,li1,114.7700,116.9600,1.798012
FILLER_39_225,VPWR,li1,111.7800,116.9600,1.798020
FILLER_39_223,VPWR,li1,108.3300,116.9600,1.798034
FILLER_39_217,VPWR,li1,106.7200,116.9600,1.798034
FILLER_39_206,VPWR,li1,100.5100,116.9600,1.798055
FILLER_39_202,VPWR,li1,99.3600,116.9600,1.798055
FILLER_39_190,VPWR,li1,95.6800,116.9600,1.798068
FILLER_39_181,VPWR,li1,89.7000,116.9600,1.798085
FILLER_39_169,VPWR,li1,86.0200,116.9600,1.798101
FILLER_39_164,VPWR,li1,81.1900,116.9600,1.798173
FILLER_39_156,VPWR,li1,79.1200,116.9600,1.798202
FILLER_39_144,VPWR,li1,74.5200,116.9600,1.798253
FILLER_39_121,VPWR,li1,61.4100,116.9600,1.798549
FILLER_39_113,VPWR,li1,59.3400,116.9600,1.798608
FILLER_39_111,VPWR,li1,56.8100,116.9600,1.798727
FILLER_39_105,VPWR,li1,55.2000,116.9600,1.798727
FILLER_39_93,VPWR,li1,51.0600,116.9600,1.798845
FILLER_39_81,VPWR,li1,45.5400,116.9600,1.799036
FILLER_39_69,VPWR,li1,40.0200,116.9600,1.799161
FILLER_39_57,VPWR,li1,34.5000,116.9600,1.799319
FILLER_39_55,VPWR,li1,31.0500,116.9600,1.799451
FILLER_39_51,VPWR,li1,29.9000,116.9600,1.799451
FILLER_39_39,VPWR,li1,26.2200,116.9600,1.799556
FILLER_39_27,VPWR,li1,20.7000,116.9600,1.799714
FILLER_39_15,VPWR,li1,15.1800,116.9600,1.799714
FILLER_39_3,VPWR,li1,9.6600,116.9600,1.799714
FILLER_38_819,VPWR,li1,382.4900,116.9600,1.799436
FILLER_38_813,VPWR,li1,380.8800,116.9600,1.799436
FILLER_38_810,VPWR,li1,378.5800,116.9600,1.799438
FILLER_38_802,VPWR,li1,376.2800,116.9600,1.799451
FILLER_38_790,VPWR,li1,371.6800,116.9600,1.799477
FILLER_38_778,VPWR,li1,366.1600,116.9600,1.799509
FILLER_38_766,VPWR,li1,360.6400,116.9600,1.799540
FILLER_38_749,VPWR,li1,350.7500,116.9600,1.799597
FILLER_38_736,VPWR,li1,345.9200,116.9600,1.799627
FILLER_38_727,VPWR,li1,340.6300,116.9600,1.799659
FILLER_38_709,VPWR,li1,332.5800,116.9600,1.799711
FILLER_38_701,VPWR,li1,328.4400,116.9600,1.799744
FILLER_38_699,VPWR,li1,327.2900,116.9600,1.799709
FILLER_38_695,VPWR,li1,326.1400,116.9600,1.799709
FILLER_38_686,VPWR,li1,321.5400,116.9600,1.799614
FILLER_38_674,VPWR,li1,318.3200,116.9600,1.799558
FILLER_38_662,VPWR,li1,312.8000,116.9600,1.799438
FILLER_38_645,VPWR,li1,304.0600,116.9600,1.799302
FILLER_38_643,VPWR,li1,301.5300,116.9600,1.799257
FILLER_38_631,VPWR,li1,298.5400,116.9600,1.799187
FILLER_38_612,VPWR,li1,287.9600,116.9600,1.798985
FILLER_38_600,VPWR,li1,284.2800,116.9600,1.798948
FILLER_38_583,VPWR,li1,274.1600,116.9600,1.798765
FILLER_38_575,VPWR,li1,271.8600,116.9600,1.798715
FILLER_38_563,VPWR,li1,267.2600,116.9600,1.798640
FILLER_38_551,VPWR,li1,261.7400,116.9600,1.798543
FILLER_38_533,VPWR,li1,253.4600,116.9600,1.798419
FILLER_38_531,VPWR,li1,250.0100,116.9600,1.798338
FILLER_38_516,VPWR,li1,243.1100,116.9600,1.798219
FILLER_38_510,VPWR,li1,241.5000,116.9600,1.798219
FILLER_38_498,VPWR,li1,237.3600,116.9600,1.798130
FILLER_38_486,VPWR,li1,231.8400,116.9600,1.798062
FILLER_38_477,VPWR,li1,225.1700,116.9600,1.797954
FILLER_38_470,VPWR,li1,223.1000,116.9600,1.797920
FILLER_38_455,VPWR,li1,215.2800,116.9600,1.797795
FILLER_38_427,VPWR,li1,202.6300,116.9600,1.797605
FILLER_38_415,VPWR,li1,196.6500,116.9600,1.797502
FILLER_38_410,VPWR,li1,194.3500,116.9600,1.797477
FILLER_38_382,VPWR,li1,181.4700,116.9600,1.797913
FILLER_38_378,VPWR,li1,180.3200,116.9600,1.797913
FILLER_38_353,VPWR,li1,169.2800,116.9600,1.798078
FILLER_38_344,VPWR,li1,163.9900,116.9600,1.797952
FILLER_38_340,VPWR,li1,162.8400,116.9600,1.797946
FILLER_38_328,VPWR,li1,159.1600,116.9600,1.797948
FILLER_38_316,VPWR,li1,153.6400,116.9600,1.797954
FILLER_38_304,VPWR,li1,146.2800,116.9600,1.797960
FILLER_38_295,VPWR,li1,141.6800,116.9600,1.797968
FILLER_38_283,VPWR,li1,138.4600,116.9600,1.797970
FILLER_38_273,VPWR,li1,131.3300,116.9600,1.797980
FILLER_38_265,VPWR,li1,129.2600,116.9600,1.797985
FILLER_38_259,VPWR,li1,124.8900,116.9600,1.797994
FILLER_38_253,VPWR,li1,123.2800,116.9600,1.797994
FILLER_38_249,VPWR,li1,120.7500,116.9600,1.797999
FILLER_38_241,VPWR,li1,118.2200,116.9600,1.798007
FILLER_38_231,VPWR,li1,112.4700,116.9600,1.798020
FILLER_38_219,VPWR,li1,109.0200,116.9600,1.798028
FILLER_38_212,VPWR,li1,103.7300,116.9600,1.798043
FILLER_38_204,VPWR,li1,99.5900,116.9600,1.798055
FILLER_38_197,VPWR,li1,96.8300,116.9600,1.798063
FILLER_38_193,VPWR,li1,94.9900,116.9600,1.798068
FILLER_38_182,VPWR,li1,89.7000,116.9600,1.798085
FILLER_38_178,VPWR,li1,87.6300,116.9600,1.798093
FILLER_38_156,VPWR,li1,77.7400,116.9600,1.798202
FILLER_38_148,VPWR,li1,75.4400,116.9600,1.798253
FILLER_38_121,VPWR,li1,63.9400,116.9600,1.798481
FILLER_38_109,VPWR,li1,58.4200,116.9600,1.798667
FILLER_38_97,VPWR,li1,52.9000,116.9600,1.798793
FILLER_38_85,VPWR,li1,47.3800,116.9600,1.798950
FILLER_38_83,VPWR,li1,43.9300,116.9600,1.799095
FILLER_38_77,VPWR,li1,42.3200,116.9600,1.799095
FILLER_38_65,VPWR,li1,38.1800,116.9600,1.799214
FILLER_38_53,VPWR,li1,32.6600,116.9600,1.799372
FILLER_38_41,VPWR,li1,27.1400,116.9600,1.799556
FILLER_38_29,VPWR,li1,21.6200,116.9600,1.799714
FILLER_38_27,VPWR,li1,18.1700,116.9600,1.799714
FILLER_38_15,VPWR,li1,15.1800,116.9600,1.799714
FILLER_38_3,VPWR,li1,9.6600,116.9600,1.799714
FILLER_37_821,VPWR,li1,383.8700,111.5200,1.799720
FILLER_37_809,VPWR,li1,380.4200,111.5200,1.799720
FILLER_37_797,VPWR,li1,374.9000,111.5200,1.799720
FILLER_37_785,VPWR,li1,369.3800,111.5200,1.799720
FILLER_37_781,VPWR,li1,365.4700,111.5200,1.799720
FILLER_37_769,VPWR,li1,362.0200,111.5200,1.799720
FILLER_37_757,VPWR,li1,356.5000,111.5200,1.799720
FILLER_37_749,VPWR,li1,350.5200,111.5200,1.799720
FILLER_37_734,VPWR,li1,343.8500,111.5200,1.799720
FILLER_37_720,VPWR,li1,338.5600,111.5200,1.799720
FILLER_37_714,VPWR,li1,334.6500,111.5200,1.799721
FILLER_37_700,VPWR,li1,327.7500,111.5200,1.799657
FILLER_37_696,VPWR,li1,326.6000,111.5200,1.799657
FILLER_37_682,VPWR,li1,319.4700,111.5200,1.799464
FILLER_37_678,VPWR,li1,318.3200,111.5200,1.799390
FILLER_37_673,VPWR,li1,315.5600,111.5200,1.799341
FILLER_37_670,VPWR,li1,314.1800,111.5200,1.799285
FILLER_37_655,VPWR,li1,307.2800,111.5200,1.799108
FILLER_37_634,VPWR,li1,297.6200,111.5200,1.798884
FILLER_37_615,VPWR,li1,288.6500,111.5200,1.798651
FILLER_37_611,VPWR,li1,287.5000,111.5200,1.798585
FILLER_37_599,VPWR,li1,283.8200,111.5200,1.798508
FILLER_37_587,VPWR,li1,276.0000,111.5200,1.798327
FILLER_37_576,VPWR,li1,271.1700,111.5200,1.798171
FILLER_37_561,VPWR,li1,263.8100,111.5200,1.798005
FILLER_37_559,VPWR,li1,262.8900,111.5200,1.797960
FILLER_37_553,VPWR,li1,261.2800,111.5200,1.797960
FILLER_37_540,VPWR,li1,254.1500,111.5200,1.797785
FILLER_37_517,VPWR,li1,243.5700,111.5200,1.797531
FILLER_37_505,VPWR,li1,238.7400,111.5200,1.797416
FILLER_37_503,VPWR,li1,237.1300,111.5200,1.797351
FILLER_37_480,VPWR,li1,227.0100,111.5200,1.797140
FILLER_37_463,VPWR,li1,219.8800,111.5200,1.796960
FILLER_37_447,VPWR,li1,211.3700,111.5200,1.796783
FILLER_37_443,VPWR,li1,210.2200,111.5200,1.796731
FILLER_37_431,VPWR,li1,206.5400,111.5200,1.796674
FILLER_37_423,VPWR,li1,200.3300,111.5200,1.796535
FILLER_37_419,VPWR,li1,199.1800,111.5200,1.796484
FILLER_37_393,VPWR,li1,187.2200,111.5200,1.796777
FILLER_37_361,VPWR,li1,172.0400,111.5200,1.797433
FILLER_37_337,VPWR,li1,161.9200,111.5200,1.797041
FILLER_37_330,VPWR,li1,158.7000,111.5200,1.796985
FILLER_37_318,VPWR,li1,153.6400,111.5200,1.796883
FILLER_37_306,VPWR,li1,149.0400,111.5200,1.796782
FILLER_37_299,VPWR,li1,143.2900,111.5200,1.796681
FILLER_37_264,VPWR,li1,127.8800,111.5200,1.796395
FILLER_37_252,VPWR,li1,124.2000,111.5200,1.796315
FILLER_37_235,VPWR,li1,114.0800,111.5200,1.796231
FILLER_37_213,VPWR,li1,103.7300,111.5200,1.796460
FILLER_37_200,VPWR,li1,97.9800,111.5200,1.796540
FILLER_37_186,VPWR,li1,92.9200,111.5200,1.796639
FILLER_37_169,VPWR,li1,84.1800,111.5200,1.796860
FILLER_37_161,VPWR,li1,80.5000,111.5200,1.796989
FILLER_37_153,VPWR,li1,76.1300,111.5200,1.797194
FILLER_37_149,VPWR,li1,74.9800,111.5200,1.797194
FILLER_37_137,VPWR,li1,71.3000,111.5200,1.797405
FILLER_37_125,VPWR,li1,65.7800,111.5200,1.797595
FILLER_37_113,VPWR,li1,60.2600,111.5200,1.797836
FILLER_37_111,VPWR,li1,56.8100,111.5200,1.798057
FILLER_37_105,VPWR,li1,55.2000,111.5200,1.798057
FILLER_37_93,VPWR,li1,51.0600,111.5200,1.798238
FILLER_37_81,VPWR,li1,45.5400,111.5200,1.798529
FILLER_37_69,VPWR,li1,40.0200,111.5200,1.798720
FILLER_37_57,VPWR,li1,34.5000,111.5200,1.798961
FILLER_37_55,VPWR,li1,31.0500,111.5200,1.799162
FILLER_37_51,VPWR,li1,29.9000,111.5200,1.799162
FILLER_37_39,VPWR,li1,26.2200,111.5200,1.799322
FILLER_37_27,VPWR,li1,20.7000,111.5200,1.799563
FILLER_37_15,VPWR,li1,15.1800,111.5200,1.799563
FILLER_37_3,VPWR,li1,9.6600,111.5200,1.799563
FILLER_36_821,VPWR,li1,383.8700,111.5200,1.799720
FILLER_36_813,VPWR,li1,381.3400,111.5200,1.799720
FILLER_36_811,VPWR,li1,378.8100,111.5200,1.799720
FILLER_36_805,VPWR,li1,377.2000,111.5200,1.799720
FILLER_36_793,VPWR,li1,373.0600,111.5200,1.799720
FILLER_36_781,VPWR,li1,367.5400,111.5200,1.799720
FILLER_36_769,VPWR,li1,362.0200,111.5200,1.799720
FILLER_36_757,VPWR,li1,356.5000,111.5200,1.799720
FILLER_36_744,VPWR,li1,350.5200,111.5200,1.799720
FILLER_36_740,VPWR,li1,346.1500,111.5200,1.799720
FILLER_36_728,VPWR,li1,343.1600,111.5200,1.799720
FILLER_36_712,VPWR,li1,335.8000,111.5200,1.799721
FILLER_36_707,VPWR,li1,330.9700,111.5200,1.799722
FILLER_36_701,VPWR,li1,329.3600,111.5200,1.799723
FILLER_36_692,VPWR,li1,325.6800,111.5200,1.799588
FILLER_36_680,VPWR,li1,321.0800,111.5200,1.799464
FILLER_36_673,VPWR,li1,315.3300,111.5200,1.799341
FILLER_36_668,VPWR,li1,313.0300,111.5200,1.799285
FILLER_36_664,VPWR,li1,311.8800,111.5200,1.799224
FILLER_36_652,VPWR,li1,308.2000,111.5200,1.799163
FILLER_36_642,VPWR,li1,301.3000,111.5200,1.798981
FILLER_36_627,VPWR,li1,295.7800,111.5200,1.798836
FILLER_36_607,VPWR,li1,286.1200,111.5200,1.798585
FILLER_36_599,VPWR,li1,281.2900,111.5200,1.798431
FILLER_36_589,VPWR,li1,277.1500,111.5200,1.798327
FILLER_36_586,VPWR,li1,275.5400,111.5200,1.798280
FILLER_36_559,VPWR,li1,263.1200,111.5200,1.798005
FILLER_36_537,VPWR,li1,253.0000,111.5200,1.797723
FILLER_36_529,VPWR,li1,249.5500,111.5200,1.797674
FILLER_36_522,VPWR,li1,246.1000,111.5200,1.797574
FILLER_36_516,VPWR,li1,243.5700,111.5200,1.797531
FILLER_36_491,VPWR,li1,231.6100,111.5200,1.797248
FILLER_36_487,VPWR,li1,230.4600,111.5200,1.797200
FILLER_36_477,VPWR,li1,225.6300,111.5200,1.797071
FILLER_36_474,VPWR,li1,224.0200,111.5200,1.797071
FILLER_36_460,VPWR,li1,217.3500,111.5200,1.796918
FILLER_36_427,VPWR,li1,204.7000,111.5200,1.796633
FILLER_36_417,VPWR,li1,198.0300,111.5200,1.796484
FILLER_36_409,VPWR,li1,195.5000,111.5200,1.796428
FILLER_36_397,VPWR,li1,190.9000,111.5200,1.796424
FILLER_36_376,VPWR,li1,178.7100,111.5200,1.797390
FILLER_36_370,VPWR,li1,177.1000,111.5200,1.797726
FILLER_36_363,VPWR,li1,172.7300,111.5200,1.797433
FILLER_36_359,VPWR,li1,171.5800,111.5200,1.797433
FILLER_36_344,VPWR,li1,165.6000,111.5200,1.797125
FILLER_36_332,VPWR,li1,161.0000,111.5200,1.797041
FILLER_36_300,VPWR,li1,143.7500,111.5200,1.796681
FILLER_36_296,VPWR,li1,142.6000,111.5200,1.796681
FILLER_36_284,VPWR,li1,138.9200,111.5200,1.796612
FILLER_36_279,VPWR,li1,134.0900,111.5200,1.796494
FILLER_36_275,VPWR,li1,132.9400,111.5200,1.796494
FILLER_36_261,VPWR,li1,125.8100,111.5200,1.796355
FILLER_36_253,VPWR,li1,123.7400,111.5200,1.796315
FILLER_36_250,VPWR,li1,120.9800,111.5200,1.796230
FILLER_36_205,VPWR,li1,100.0500,111.5200,1.796500
FILLER_36_197,VPWR,li1,96.8300,111.5200,1.796590
FILLER_36_195,VPWR,li1,95.4500,111.5200,1.796590
FILLER_36_191,VPWR,li1,94.3000,111.5200,1.796639
FILLER_36_179,VPWR,li1,90.6200,111.5200,1.796685
FILLER_36_167,VPWR,li1,85.1000,111.5200,1.796860
FILLER_36_161,VPWR,li1,80.2700,111.5200,1.796989
FILLER_36_153,VPWR,li1,77.7400,111.5200,1.797073
FILLER_36_141,VPWR,li1,73.1400,111.5200,1.797274
FILLER_36_139,VPWR,li1,69.6900,111.5200,1.797495
FILLER_36_133,VPWR,li1,68.0800,111.5200,1.797495
FILLER_36_121,VPWR,li1,63.9400,111.5200,1.797676
FILLER_36_109,VPWR,li1,58.4200,111.5200,1.797967
FILLER_36_97,VPWR,li1,52.9000,111.5200,1.798158
FILLER_36_85,VPWR,li1,47.3800,111.5200,1.798399
FILLER_36_83,VPWR,li1,43.9300,111.5200,1.798620
FILLER_36_77,VPWR,li1,42.3200,111.5200,1.798620
FILLER_36_65,VPWR,li1,38.1800,111.5200,1.798800
FILLER_36_53,VPWR,li1,32.6600,111.5200,1.799041
FILLER_36_41,VPWR,li1,27.1400,111.5200,1.799322
FILLER_36_29,VPWR,li1,21.6200,111.5200,1.799563
FILLER_36_27,VPWR,li1,18.1700,111.5200,1.799563
FILLER_36_15,VPWR,li1,15.1800,111.5200,1.799563
FILLER_36_3,VPWR,li1,9.6600,111.5200,1.799563
FILLER_35_817,VPWR,li1,382.0300,106.0800,1.799953
FILLER_35_809,VPWR,li1,379.5000,106.0800,1.799953
FILLER_35_797,VPWR,li1,374.9000,106.0800,1.799954
FILLER_35_785,VPWR,li1,369.3800,106.0800,1.799955
FILLER_35_778,VPWR,li1,364.7800,106.0800,1.799955
FILLER_35_766,VPWR,li1,360.6400,106.0800,1.799956
FILLER_35_754,VPWR,li1,355.1200,106.0800,1.799956
FILLER_35_742,VPWR,li1,349.6000,106.0800,1.799957
FILLER_35_702,VPWR,li1,328.6700,106.0800,1.799959
FILLER_35_685,VPWR,li1,322.0000,106.0800,1.799945
FILLER_35_673,VPWR,li1,317.8600,106.0800,1.799933
FILLER_35_671,VPWR,li1,314.4100,106.0800,1.799927
FILLER_35_655,VPWR,li1,307.7400,106.0800,1.799908
FILLER_35_641,VPWR,li1,302.2200,106.0800,1.799900
FILLER_35_629,VPWR,li1,297.6200,106.0800,1.799891
FILLER_35_617,VPWR,li1,292.1000,106.0800,1.799879
FILLER_35_612,VPWR,li1,287.9600,106.0800,1.799872
FILLER_35_600,VPWR,li1,284.2800,106.0800,1.799865
FILLER_35_589,VPWR,li1,277.1500,106.0800,1.799850
FILLER_35_581,VPWR,li1,274.6200,106.0800,1.799847
FILLER_35_567,VPWR,li1,266.5700,106.0800,1.799832
FILLER_35_561,VPWR,li1,264.9600,106.0800,1.799832
FILLER_35_559,VPWR,li1,262.8900,106.0800,1.799830
FILLER_35_547,VPWR,li1,259.9000,106.0800,1.799826
FILLER_35_535,VPWR,li1,254.3800,106.0800,1.799820
FILLER_35_523,VPWR,li1,248.8600,106.0800,1.799813
FILLER_35_511,VPWR,li1,243.3400,106.0800,1.799807
FILLER_35_501,VPWR,li1,236.6700,106.0800,1.799799
FILLER_35_486,VPWR,li1,230.9200,106.0800,1.799793
FILLER_35_474,VPWR,li1,226.3200,106.0800,1.799789
FILLER_35_462,VPWR,li1,220.8000,106.0800,1.799784
FILLER_35_446,VPWR,li1,211.1400,106.0800,1.799777
FILLER_35_434,VPWR,li1,207.9200,106.0800,1.799775
FILLER_35_423,VPWR,li1,200.5600,106.0800,1.799770
FILLER_35_416,VPWR,li1,197.1100,106.0800,1.799768
FILLER_35_404,VPWR,li1,194.1200,106.0800,1.799767
FILLER_35_393,VPWR,li1,187.6800,106.0800,1.799766
FILLER_35_390,VPWR,li1,185.3800,106.0800,1.799766
FILLER_35_378,VPWR,li1,182.1600,106.0800,1.799766
FILLER_35_357,VPWR,li1,169.9700,106.0800,1.799652
FILLER_35_349,VPWR,li1,167.9000,106.0800,1.799612
FILLER_35_337,VPWR,li1,163.3000,106.0800,1.799525
FILLER_35_334,VPWR,li1,159.6200,106.0800,1.799455
FILLER_35_326,VPWR,li1,157.3200,106.0800,1.799412
FILLER_35_311,VPWR,li1,150.4200,106.0800,1.799366
FILLER_35_301,VPWR,li1,144.6700,106.0800,1.799383
FILLER_35_293,VPWR,li1,142.1400,106.0800,1.799390
FILLER_35_281,VPWR,li1,137.5400,106.0800,1.799404
FILLER_35_277,VPWR,li1,133.6300,106.0800,1.799416
FILLER_35_269,VPWR,li1,131.1000,106.0800,1.799424
FILLER_35_247,VPWR,li1,119.3700,106.0800,1.799467
FILLER_35_243,VPWR,li1,118.2200,106.0800,1.799467
FILLER_35_231,VPWR,li1,114.5400,106.0800,1.799480
FILLER_35_212,VPWR,li1,103.9600,106.0800,1.799522
FILLER_35_200,VPWR,li1,100.2800,106.0800,1.799535
FILLER_35_193,VPWR,li1,94.5300,106.0800,1.799564
FILLER_35_181,VPWR,li1,91.5400,106.0800,1.799572
FILLER_35_169,VPWR,li1,86.0200,106.0800,1.799595
FILLER_35_156,VPWR,li1,80.0400,106.0800,1.799627
FILLER_35_141,VPWR,li1,70.8400,106.0800,1.799666
FILLER_35_129,VPWR,li1,67.6200,106.0800,1.799678
FILLER_35_121,VPWR,li1,61.4100,106.0800,1.799709
FILLER_35_113,VPWR,li1,59.3400,106.0800,1.799721
FILLER_35_109,VPWR,li1,56.3500,106.0800,1.799735
FILLER_35_81,VPWR,li1,45.5400,106.0800,1.799802
FILLER_35_69,VPWR,li1,40.0200,106.0800,1.799828
FILLER_35_57,VPWR,li1,34.5000,106.0800,1.799860
FILLER_35_55,VPWR,li1,31.0500,106.0800,1.799887
FILLER_35_51,VPWR,li1,29.9000,106.0800,1.799887
FILLER_35_39,VPWR,li1,26.2200,106.0800,1.799909
FILLER_35_27,VPWR,li1,20.7000,106.0800,1.799941
FILLER_35_15,VPWR,li1,15.1800,106.0800,1.799941
FILLER_35_3,VPWR,li1,9.6600,106.0800,1.799941
FILLER_34_813,VPWR,li1,381.3400,106.0800,1.799953
FILLER_34_811,VPWR,li1,378.8100,106.0800,1.799954
FILLER_34_805,VPWR,li1,377.2000,106.0800,1.799954
FILLER_34_793,VPWR,li1,373.0600,106.0800,1.799954
FILLER_34_781,VPWR,li1,367.5400,106.0800,1.799955
FILLER_34_769,VPWR,li1,362.0200,106.0800,1.799956
FILLER_34_757,VPWR,li1,356.5000,106.0800,1.799956
FILLER_34_753,VPWR,li1,352.5900,106.0800,1.799957
FILLER_34_741,VPWR,li1,349.1400,106.0800,1.799957
FILLER_34_699,VPWR,li1,327.2900,106.0800,1.799959
FILLER_34_687,VPWR,li1,321.7700,106.0800,1.799945
FILLER_34_683,VPWR,li1,320.6200,106.0800,1.799938
FILLER_34_676,VPWR,li1,316.7100,106.0800,1.799933
FILLER_34_672,VPWR,li1,315.5600,106.0800,1.799927
FILLER_34_660,VPWR,li1,311.8800,106.0800,1.799921
FILLER_34_635,VPWR,li1,298.0800,106.0800,1.799891
FILLER_34_627,VPWR,li1,295.7800,106.0800,1.799888
FILLER_34_615,VPWR,li1,291.1800,106.0800,1.799879
FILLER_34_608,VPWR,li1,286.1200,106.0800,1.799869
FILLER_34_596,VPWR,li1,282.4400,106.0800,1.799859
FILLER_34_587,VPWR,li1,275.7700,106.0800,1.799847
FILLER_34_580,VPWR,li1,272.5500,106.0800,1.799842
FILLER_34_561,VPWR,li1,263.8100,106.0800,1.799830
FILLER_34_549,VPWR,li1,260.8200,106.0800,1.799826
FILLER_34_537,VPWR,li1,255.3000,106.0800,1.799820
FILLER_34_514,VPWR,li1,244.7200,106.0800,1.799807
FILLER_34_501,VPWR,li1,236.9000,106.0800,1.799799
FILLER_34_495,VPWR,li1,233.9100,106.0800,1.799796
FILLER_34_485,VPWR,li1,228.8500,106.0800,1.799791
FILLER_34_477,VPWR,li1,226.7800,106.0800,1.799789
FILLER_34_475,VPWR,li1,224.2500,106.0800,1.799787
FILLER_34_471,VPWR,li1,223.1000,106.0800,1.799787
FILLER_34_459,VPWR,li1,219.4200,106.0800,1.799784
FILLER_34_447,VPWR,li1,213.9000,106.0800,1.799779
FILLER_34_419,VPWR,li1,198.4900,106.0800,1.799769
FILLER_34_410,VPWR,li1,194.5800,106.0800,1.799768
FILLER_34_394,VPWR,li1,187.2200,106.0800,1.799766
FILLER_34_382,VPWR,li1,184.0000,106.0800,1.799766
FILLER_34_365,VPWR,li1,176.1800,106.0800,1.799766
FILLER_34_352,VPWR,li1,170.2000,106.0800,1.799652
FILLER_34_321,VPWR,li1,153.6400,106.0800,1.799357
FILLER_34_309,VPWR,li1,150.4200,106.0800,1.799366
FILLER_34_307,VPWR,li1,146.9700,106.0800,1.799376
FILLER_34_289,VPWR,li1,140.3000,106.0800,1.799396
FILLER_34_277,VPWR,li1,135.7000,106.0800,1.799410
FILLER_34_247,VPWR,li1,119.6000,106.0800,1.799467
FILLER_34_235,VPWR,li1,116.3800,106.0800,1.799473
FILLER_34_231,VPWR,li1,112.0100,106.0800,1.799489
FILLER_34_219,VPWR,li1,109.0200,106.0800,1.799501
FILLER_34_207,VPWR,li1,103.5000,106.0800,1.799522
FILLER_34_194,VPWR,li1,95.2200,106.0800,1.799555
FILLER_34_185,VPWR,li1,91.0800,106.0800,1.799572
FILLER_34_134,VPWR,li1,68.5400,106.0800,1.799678
FILLER_34_116,VPWR,li1,59.1100,106.0800,1.799721
FILLER_34_83,VPWR,li1,43.9300,106.0800,1.799814
FILLER_34_77,VPWR,li1,42.3200,106.0800,1.799814
FILLER_34_65,VPWR,li1,38.1800,106.0800,1.799839
FILLER_34_53,VPWR,li1,32.6600,106.0800,1.799871
FILLER_34_41,VPWR,li1,27.1400,106.0800,1.799909
FILLER_34_29,VPWR,li1,21.6200,106.0800,1.799941
FILLER_34_27,VPWR,li1,18.1700,106.0800,1.799941
FILLER_34_15,VPWR,li1,15.1800,106.0800,1.799941
FILLER_34_3,VPWR,li1,9.6600,106.0800,1.799941
FILLER_33_821,VPWR,li1,383.8700,100.6400,1.799937
FILLER_33_809,VPWR,li1,380.4200,100.6400,1.799937
FILLER_33_797,VPWR,li1,374.9000,100.6400,1.799938
FILLER_33_785,VPWR,li1,369.3800,100.6400,1.799938
FILLER_33_781,VPWR,li1,365.4700,100.6400,1.799939
FILLER_33_769,VPWR,li1,362.0200,100.6400,1.799939
FILLER_33_757,VPWR,li1,356.5000,100.6400,1.799939
FILLER_33_745,VPWR,li1,350.9800,100.6400,1.799940
FILLER_33_733,VPWR,li1,345.4600,100.6400,1.799940
FILLER_33_726,VPWR,li1,339.9400,100.6400,1.799941
FILLER_33_714,VPWR,li1,336.7200,100.6400,1.799941
FILLER_33_688,VPWR,li1,322.9200,100.6400,1.799915
FILLER_33_663,VPWR,li1,310.9600,100.6400,1.799859
FILLER_33_655,VPWR,li1,308.6600,100.6400,1.799856
FILLER_33_636,VPWR,li1,298.3100,100.6400,1.799840
FILLER_33_630,VPWR,li1,296.7000,100.6400,1.799840
FILLER_33_624,VPWR,li1,292.7900,100.6400,1.799836
FILLER_33_591,VPWR,li1,277.6100,100.6400,1.799824
FILLER_33_561,VPWR,li1,264.5000,100.6400,1.799822
FILLER_33_558,VPWR,li1,262.6600,100.6400,1.799822
FILLER_33_546,VPWR,li1,258.0600,100.6400,1.799823
FILLER_33_541,VPWR,li1,254.8400,100.6400,1.799824
FILLER_33_515,VPWR,li1,242.6500,100.6400,1.799832
FILLER_33_480,VPWR,li1,226.5500,100.6400,1.799851
FILLER_33_474,VPWR,li1,224.9400,100.6400,1.799853
FILLER_33_462,VPWR,li1,220.8000,100.6400,1.799859
FILLER_33_449,VPWR,li1,212.7500,100.6400,1.799872
FILLER_33_439,VPWR,li1,207.9200,100.6400,1.799880
FILLER_33_414,VPWR,li1,197.8000,100.6400,1.799900
FILLER_33_402,VPWR,li1,193.2000,100.6400,1.799910
FILLER_33_393,VPWR,li1,186.9900,100.6400,1.799926
FILLER_33_388,VPWR,li1,184.9200,100.6400,1.799930
FILLER_33_373,VPWR,li1,177.3300,100.6400,1.799950
FILLER_33_362,VPWR,li1,172.2700,100.6400,1.799953
FILLER_33_354,VPWR,li1,170.2000,100.6400,1.799951
FILLER_33_325,VPWR,li1,156.4000,100.6400,1.799932
FILLER_33_313,VPWR,li1,152.2600,100.6400,1.799926
FILLER_33_293,VPWR,li1,141.2200,100.6400,1.799915
FILLER_33_281,VPWR,li1,135.2400,100.6400,1.799910
FILLER_33_274,VPWR,li1,132.9400,100.6400,1.799909
FILLER_33_260,VPWR,li1,126.0400,100.6400,1.799905
FILLER_33_255,VPWR,li1,123.2800,100.6400,1.799903
FILLER_33_247,VPWR,li1,120.9800,100.6400,1.799902
FILLER_33_233,VPWR,li1,112.9300,100.6400,1.799900
FILLER_33_221,VPWR,li1,107.8700,100.6400,1.799900
FILLER_33_212,VPWR,li1,103.5000,100.6400,1.799900
FILLER_33_204,VPWR,li1,101.2000,100.6400,1.799901
FILLER_33_182,VPWR,li1,91.0800,100.6400,1.799904
FILLER_33_174,VPWR,li1,86.2500,100.6400,1.799907
FILLER_33_165,VPWR,li1,82.1100,100.6400,1.799909
FILLER_33_157,VPWR,li1,79.5800,100.6400,1.799910
FILLER_33_135,VPWR,li1,70.3800,100.6400,1.799915
FILLER_33_126,VPWR,li1,63.9400,100.6400,1.799920
FILLER_33_119,VPWR,li1,60.4900,100.6400,1.799924
FILLER_33_113,VPWR,li1,58.8800,100.6400,1.799926
FILLER_33_98,VPWR,li1,51.0600,100.6400,1.799938
FILLER_33_89,VPWR,li1,46.6900,100.6400,1.799942
FILLER_33_81,VPWR,li1,44.6200,100.6400,1.799945
FILLER_33_69,VPWR,li1,40.0200,100.6400,1.799953
FILLER_33_57,VPWR,li1,34.5000,100.6400,1.799962
FILLER_33_55,VPWR,li1,31.0500,100.6400,1.799969
FILLER_33_51,VPWR,li1,29.9000,100.6400,1.799969
FILLER_33_39,VPWR,li1,26.2200,100.6400,1.799975
FILLER_33_27,VPWR,li1,20.7000,100.6400,1.799984
FILLER_33_15,VPWR,li1,15.1800,100.6400,1.799984
FILLER_33_3,VPWR,li1,9.6600,100.6400,1.799984
FILLER_32_819,VPWR,li1,382.4900,100.6400,1.799937
FILLER_32_813,VPWR,li1,380.8800,100.6400,1.799937
FILLER_32_811,VPWR,li1,378.8100,100.6400,1.799938
FILLER_32_805,VPWR,li1,377.2000,100.6400,1.799938
FILLER_32_793,VPWR,li1,373.0600,100.6400,1.799938
FILLER_32_781,VPWR,li1,367.5400,100.6400,1.799938
FILLER_32_769,VPWR,li1,362.0200,100.6400,1.799939
FILLER_32_757,VPWR,li1,356.5000,100.6400,1.799939
FILLER_32_755,VPWR,li1,353.0500,100.6400,1.799940
FILLER_32_749,VPWR,li1,351.4400,100.6400,1.799940
FILLER_32_737,VPWR,li1,347.3000,100.6400,1.799940
FILLER_32_725,VPWR,li1,341.7800,100.6400,1.799940
FILLER_32_713,VPWR,li1,336.2600,100.6400,1.799941
FILLER_32_701,VPWR,li1,330.7400,100.6400,1.799941
FILLER_32_697,VPWR,li1,326.8300,100.6400,1.799929
FILLER_32_689,VPWR,li1,324.3000,100.6400,1.799915
FILLER_32_657,VPWR,li1,308.2000,100.6400,1.799856
FILLER_32_645,VPWR,li1,304.9800,100.6400,1.799851
FILLER_32_621,VPWR,li1,291.4100,100.6400,1.799834
FILLER_32_606,VPWR,li1,284.7400,100.6400,1.799829
FILLER_32_599,VPWR,li1,281.2900,100.6400,1.799826
FILLER_32_564,VPWR,li1,265.4200,100.6400,1.799822
FILLER_32_531,VPWR,li1,250.0100,100.6400,1.799827
FILLER_32_466,VPWR,li1,220.5700,100.6400,1.799861
FILLER_32_446,VPWR,li1,211.1400,100.6400,1.799876
FILLER_32_439,VPWR,li1,208.3800,100.6400,1.799880
FILLER_32_421,VPWR,li1,200.1000,100.6400,1.799895
FILLER_32_408,VPWR,li1,195.9600,100.6400,1.799905
FILLER_32_396,VPWR,li1,190.4400,100.6400,1.799919
FILLER_32_373,VPWR,li1,177.7900,100.6400,1.799950
FILLER_32_365,VPWR,li1,175.2600,100.6400,1.799956
FILLER_32_360,VPWR,li1,172.0400,100.6400,1.799953
FILLER_32_348,VPWR,li1,168.3600,100.6400,1.799947
FILLER_32_334,VPWR,li1,159.8500,100.6400,1.799935
FILLER_32_326,VPWR,li1,157.3200,100.6400,1.799932
FILLER_32_317,VPWR,li1,152.0300,100.6400,1.799926
FILLER_32_309,VPWR,li1,149.5000,100.6400,1.799923
FILLER_32_306,VPWR,li1,146.7400,100.6400,1.799919
FILLER_32_298,VPWR,li1,144.4400,100.6400,1.799916
FILLER_32_294,VPWR,li1,140.9900,100.6400,1.799913
FILLER_32_288,VPWR,li1,139.3800,100.6400,1.799913
FILLER_32_265,VPWR,li1,128.1100,100.6400,1.799906
FILLER_32_253,VPWR,li1,124.6600,100.6400,1.799903
FILLER_32_251,VPWR,li1,121.2100,100.6400,1.799902
FILLER_32_247,VPWR,li1,120.0600,100.6400,1.799902
FILLER_32_235,VPWR,li1,115.0000,100.6400,1.799900
FILLER_32_223,VPWR,li1,110.8600,100.6400,1.799900
FILLER_32_216,VPWR,li1,105.1100,100.6400,1.799900
FILLER_32_208,VPWR,li1,103.0400,100.6400,1.799900
FILLER_32_201,VPWR,li1,98.2100,100.6400,1.799901
FILLER_32_197,VPWR,li1,97.0600,100.6400,1.799902
FILLER_32_195,VPWR,li1,95.4500,100.6400,1.799903
FILLER_32_189,VPWR,li1,93.8400,100.6400,1.799903
FILLER_32_177,VPWR,li1,89.7000,100.6400,1.799906
FILLER_32_165,VPWR,li1,84.1800,100.6400,1.799908
FILLER_32_153,VPWR,li1,78.6600,100.6400,1.799911
FILLER_32_141,VPWR,li1,73.1400,100.6400,1.799913
FILLER_32_139,VPWR,li1,69.6900,100.6400,1.799916
FILLER_32_133,VPWR,li1,68.0800,100.6400,1.799916
FILLER_32_121,VPWR,li1,63.9400,100.6400,1.799920
FILLER_32_109,VPWR,li1,58.4200,100.6400,1.799926
FILLER_32_97,VPWR,li1,52.9000,100.6400,1.799933
FILLER_32_85,VPWR,li1,47.3800,100.6400,1.799942
FILLER_32_83,VPWR,li1,43.9300,100.6400,1.799948
FILLER_32_79,VPWR,li1,42.7800,100.6400,1.799948
FILLER_32_61,VPWR,li1,34.2700,100.6400,1.799962
FILLER_32_53,VPWR,li1,31.7400,100.6400,1.799966
FILLER_32_41,VPWR,li1,27.1400,100.6400,1.799975
FILLER_32_29,VPWR,li1,21.6200,100.6400,1.799984
FILLER_32_27,VPWR,li1,18.1700,100.6400,1.799984
FILLER_32_15,VPWR,li1,15.1800,100.6400,1.799984
FILLER_32_3,VPWR,li1,9.6600,100.6400,1.799984
FILLER_31_809,VPWR,li1,380.4200,95.2000,1.799926
FILLER_31_797,VPWR,li1,374.9000,95.2000,1.799926
FILLER_31_785,VPWR,li1,369.3800,95.2000,1.799926
FILLER_31_783,VPWR,li1,365.9300,95.2000,1.799926
FILLER_31_777,VPWR,li1,364.3200,95.2000,1.799926
FILLER_31_765,VPWR,li1,360.1800,95.2000,1.799926
FILLER_31_753,VPWR,li1,354.6600,95.2000,1.799926
FILLER_31_741,VPWR,li1,349.1400,95.2000,1.799926
FILLER_31_729,VPWR,li1,343.6200,95.2000,1.799926
FILLER_31_725,VPWR,li1,339.7100,95.2000,1.799926
FILLER_31_717,VPWR,li1,337.1800,95.2000,1.799926
FILLER_31_697,VPWR,li1,326.6000,95.2000,1.799913
FILLER_31_685,VPWR,li1,323.3800,95.2000,1.799900
FILLER_31_673,VPWR,li1,317.8600,95.2000,1.799865
FILLER_31_671,VPWR,li1,314.4100,95.2000,1.799836
FILLER_31_663,VPWR,li1,311.1900,95.2000,1.799834
FILLER_31_655,VPWR,li1,308.6600,95.2000,1.799831
FILLER_31_649,VPWR,li1,304.7500,95.2000,1.799825
FILLER_31_637,VPWR,li1,301.3000,95.2000,1.799822
FILLER_31_623,VPWR,li1,292.3300,95.2000,1.799813
FILLER_31_614,VPWR,li1,288.4200,95.2000,1.799811
FILLER_31_588,VPWR,li1,276.6900,95.2000,1.799803
FILLER_31_565,VPWR,li1,265.6500,95.2000,1.799799
FILLER_31_539,VPWR,li1,253.9200,95.2000,1.799800
FILLER_31_531,VPWR,li1,250.2400,95.2000,1.799802
FILLER_31_523,VPWR,li1,247.9400,95.2000,1.799803
FILLER_31_494,VPWR,li1,234.1400,95.2000,1.799810
FILLER_31_478,VPWR,li1,226.7800,95.2000,1.799817
FILLER_31_468,VPWR,li1,221.4900,95.2000,1.799822
FILLER_31_457,VPWR,li1,215.9700,95.2000,1.799829
FILLER_31_449,VPWR,li1,213.9000,95.2000,1.799832
FILLER_31_446,VPWR,li1,211.1400,95.2000,1.799837
FILLER_31_434,VPWR,li1,207.9200,95.2000,1.799842
FILLER_31_420,VPWR,li1,200.5600,95.2000,1.799856
FILLER_31_408,VPWR,li1,195.9600,95.2000,1.799868
FILLER_31_401,VPWR,li1,190.4400,95.2000,1.799880
FILLER_31_393,VPWR,li1,188.1400,95.2000,1.799886
FILLER_31_391,VPWR,li1,185.6100,95.2000,1.799892
FILLER_31_382,VPWR,li1,181.9300,95.2000,1.799905
FILLER_31_378,VPWR,li1,179.6300,95.2000,1.799912
FILLER_31_363,VPWR,li1,172.7300,95.2000,1.799915
FILLER_31_349,VPWR,li1,166.7500,95.2000,1.799897
FILLER_31_341,VPWR,li1,162.6100,95.2000,1.799881
FILLER_31_337,VPWR,li1,161.4600,95.2000,1.799873
FILLER_31_327,VPWR,li1,156.4000,95.2000,1.799857
FILLER_31_308,VPWR,li1,148.5800,95.2000,1.799827
FILLER_31_289,VPWR,li1,139.1500,95.2000,1.799805
FILLER_31_281,VPWR,li1,136.6200,95.2000,1.799802
FILLER_31_279,VPWR,li1,134.0900,95.2000,1.799796
FILLER_31_275,VPWR,li1,132.9400,95.2000,1.799796
FILLER_31_262,VPWR,li1,126.2700,95.2000,1.799786
FILLER_31_247,VPWR,li1,119.6000,95.2000,1.799781
FILLER_31_232,VPWR,li1,112.7000,95.2000,1.799775
FILLER_31_218,VPWR,li1,106.2600,95.2000,1.799771
FILLER_31_207,VPWR,li1,101.6600,95.2000,1.799771
FILLER_31_198,VPWR,li1,97.0600,95.2000,1.799772
FILLER_31_188,VPWR,li1,92.2300,95.2000,1.799773
FILLER_31_176,VPWR,li1,89.2400,95.2000,1.799776
FILLER_31_161,VPWR,li1,80.2700,95.2000,1.799786
FILLER_31_153,VPWR,li1,77.7400,95.2000,1.799791
FILLER_31_141,VPWR,li1,73.1400,95.2000,1.799803
FILLER_31_134,VPWR,li1,67.3900,95.2000,1.799813
FILLER_31_122,VPWR,li1,64.4000,95.2000,1.799821
FILLER_31_113,VPWR,li1,57.9600,95.2000,1.799841
FILLER_31_110,VPWR,li1,56.5800,95.2000,1.799841
FILLER_31_98,VPWR,li1,53.3600,95.2000,1.799850
FILLER_31_84,VPWR,li1,44.3900,95.2000,1.799878
FILLER_31_78,VPWR,li1,42.7800,95.2000,1.799884
FILLER_31_69,VPWR,li1,37.4900,95.2000,1.799901
FILLER_31_61,VPWR,li1,33.8100,95.2000,1.799919
FILLER_31_57,VPWR,li1,32.6600,95.2000,1.799919
FILLER_31_55,VPWR,li1,31.0500,95.2000,1.799929
FILLER_31_51,VPWR,li1,29.9000,95.2000,1.799929
FILLER_31_39,VPWR,li1,26.2200,95.2000,1.799943
FILLER_31_27,VPWR,li1,20.7000,95.2000,1.799963
FILLER_31_15,VPWR,li1,15.1800,95.2000,1.799963
FILLER_31_3,VPWR,li1,9.6600,95.2000,1.799963
FILLER_30_821,VPWR,li1,383.8700,95.2000,1.799926
FILLER_30_813,VPWR,li1,381.3400,95.2000,1.799926
FILLER_30_811,VPWR,li1,378.8100,95.2000,1.799926
FILLER_30_805,VPWR,li1,377.2000,95.2000,1.799926
FILLER_30_793,VPWR,li1,373.0600,95.2000,1.799926
FILLER_30_781,VPWR,li1,367.5400,95.2000,1.799926
FILLER_30_769,VPWR,li1,362.0200,95.2000,1.799926
FILLER_30_757,VPWR,li1,356.5000,95.2000,1.799926
FILLER_30_755,VPWR,li1,353.0500,95.2000,1.799926
FILLER_30_743,VPWR,li1,350.0600,95.2000,1.799926
FILLER_30_731,VPWR,li1,344.5400,95.2000,1.799926
FILLER_30_719,VPWR,li1,339.0200,95.2000,1.799926
FILLER_30_686,VPWR,li1,321.3100,95.2000,1.799887
FILLER_30_652,VPWR,li1,305.9000,95.2000,1.799827
FILLER_30_643,VPWR,li1,301.5300,95.2000,1.799822
FILLER_30_631,VPWR,li1,298.5400,95.2000,1.799818
FILLER_30_622,VPWR,li1,291.8700,95.2000,1.799813
FILLER_30_614,VPWR,li1,289.8000,95.2000,1.799811
FILLER_30_609,VPWR,li1,285.8900,95.2000,1.799809
FILLER_30_605,VPWR,li1,284.7400,95.2000,1.799808
FILLER_30_593,VPWR,li1,281.0600,95.2000,1.799806
FILLER_30_586,VPWR,li1,275.5400,95.2000,1.799802
FILLER_30_563,VPWR,li1,266.3400,95.2000,1.799800
FILLER_30_551,VPWR,li1,261.7400,95.2000,1.799799
FILLER_30_541,VPWR,li1,254.6100,95.2000,1.799800
FILLER_30_533,VPWR,li1,252.5400,95.2000,1.799801
FILLER_30_531,VPWR,li1,250.0100,95.2000,1.799802
FILLER_30_525,VPWR,li1,248.4000,95.2000,1.799803
FILLER_30_513,VPWR,li1,244.2600,95.2000,1.799805
FILLER_30_501,VPWR,li1,238.7400,95.2000,1.799807
FILLER_30_489,VPWR,li1,233.2200,95.2000,1.799812
FILLER_30_477,VPWR,li1,227.7000,95.2000,1.799817
FILLER_30_473,VPWR,li1,223.7900,95.2000,1.799820
FILLER_30_463,VPWR,li1,218.7300,95.2000,1.799825
FILLER_30_457,VPWR,li1,217.1200,95.2000,1.799829
FILLER_30_442,VPWR,li1,210.6800,95.2000,1.799837
FILLER_30_421,VPWR,li1,200.1000,95.2000,1.799861
FILLER_30_419,VPWR,li1,198.4900,95.2000,1.799861
FILLER_30_413,VPWR,li1,196.8800,95.2000,1.799868
FILLER_30_396,VPWR,li1,188.3700,95.2000,1.799886
FILLER_30_371,VPWR,li1,178.9400,95.2000,1.799912
FILLER_30_365,VPWR,li1,173.8800,95.2000,1.799924
FILLER_30_352,VPWR,li1,170.2000,95.2000,1.799905
FILLER_30_345,VPWR,li1,164.4500,95.2000,1.799888
FILLER_30_341,VPWR,li1,163.3000,95.2000,1.799881
FILLER_30_329,VPWR,li1,159.6200,95.2000,1.799866
FILLER_30_317,VPWR,li1,151.8000,95.2000,1.799842
FILLER_30_309,VPWR,li1,149.5000,95.2000,1.799834
FILLER_30_300,VPWR,li1,143.7500,95.2000,1.799812
FILLER_30_280,VPWR,li1,136.1600,95.2000,1.799799
FILLER_30_265,VPWR,li1,128.3400,95.2000,1.799790
FILLER_30_253,VPWR,li1,124.6600,95.2000,1.799786
FILLER_30_250,VPWR,li1,120.9800,95.2000,1.799781
FILLER_30_238,VPWR,li1,115.4600,95.2000,1.799777
FILLER_30_226,VPWR,li1,112.2400,95.2000,1.799773
FILLER_30_214,VPWR,li1,106.7200,95.2000,1.799771
FILLER_30_204,VPWR,li1,100.2800,95.2000,1.799771
FILLER_30_194,VPWR,li1,95.2200,95.2000,1.799772
FILLER_30_172,VPWR,li1,86.0200,95.2000,1.799778
FILLER_30_155,VPWR,li1,77.5100,95.2000,1.799791
FILLER_30_120,VPWR,li1,61.6400,95.2000,1.799828
FILLER_30_101,VPWR,li1,52.2100,95.2000,1.799857
FILLER_30_80,VPWR,li1,42.5500,95.2000,1.799884
FILLER_30_72,VPWR,li1,40.4800,95.2000,1.799894
FILLER_30_53,VPWR,li1,32.6600,95.2000,1.799919
FILLER_30_41,VPWR,li1,27.1400,95.2000,1.799943
FILLER_30_29,VPWR,li1,21.6200,95.2000,1.799963
FILLER_30_27,VPWR,li1,18.1700,95.2000,1.799963
FILLER_30_15,VPWR,li1,15.1800,95.2000,1.799963
FILLER_30_3,VPWR,li1,9.6600,95.2000,1.799963
FILLER_29_809,VPWR,li1,378.3500,89.7600,1.799862
FILLER_29_797,VPWR,li1,374.9000,89.7600,1.799862
FILLER_29_785,VPWR,li1,369.3800,89.7600,1.799863
FILLER_29_783,VPWR,li1,365.9300,89.7600,1.799865
FILLER_29_777,VPWR,li1,364.3200,89.7600,1.799865
FILLER_29_765,VPWR,li1,360.1800,89.7600,1.799865
FILLER_29_753,VPWR,li1,354.6600,89.7600,1.799867
FILLER_29_741,VPWR,li1,349.1400,89.7600,1.799868
FILLER_29_729,VPWR,li1,343.6200,89.7600,1.799869
FILLER_29_716,VPWR,li1,337.6400,89.7600,1.799870
FILLER_29_685,VPWR,li1,320.8500,89.7600,1.799842
FILLER_29_670,VPWR,li1,314.1800,89.7600,1.799816
FILLER_29_658,VPWR,li1,308.4300,89.7600,1.799781
FILLER_29_631,VPWR,li1,297.6200,89.7600,1.799735
FILLER_29_608,VPWR,li1,287.0400,89.7600,1.799695
FILLER_29_596,VPWR,li1,282.4400,89.7600,1.799674
FILLER_29_582,VPWR,li1,273.4700,89.7600,1.799645
FILLER_29_573,VPWR,li1,269.5600,89.7600,1.799630
FILLER_29_561,VPWR,li1,266.3400,89.7600,1.799623
FILLER_29_559,VPWR,li1,262.8900,89.7600,1.799613
FILLER_29_539,VPWR,li1,253.6900,89.7600,1.799587
FILLER_29_535,VPWR,li1,252.5400,89.7600,1.799587
FILLER_29_513,VPWR,li1,241.9600,89.7600,1.799571
FILLER_29_505,VPWR,li1,239.6600,89.7600,1.799568
FILLER_29_502,VPWR,li1,236.9000,89.7600,1.799563
FILLER_29_480,VPWR,li1,227.0100,89.7600,1.799589
FILLER_29_468,VPWR,li1,223.5600,89.7600,1.799601
FILLER_29_460,VPWR,li1,217.5800,89.7600,1.799627
FILLER_29_452,VPWR,li1,215.2800,89.7600,1.799639
FILLER_29_444,VPWR,li1,210.6800,89.7600,1.799674
FILLER_29_432,VPWR,li1,204.7000,89.7600,1.799700
FILLER_29_424,VPWR,li1,200.7900,89.7600,1.799725
FILLER_29_418,VPWR,li1,199.1800,89.7600,1.799737
FILLER_29_399,VPWR,li1,189.2900,89.7600,1.799813
FILLER_29_391,VPWR,li1,185.6100,89.7600,1.799834
FILLER_29_380,VPWR,li1,180.5500,89.7600,1.799875
FILLER_29_374,VPWR,li1,178.9400,89.7600,1.799875
FILLER_29_360,VPWR,li1,171.5800,89.7600,1.799891
FILLER_29_352,VPWR,li1,169.2800,89.7600,1.799885
FILLER_29_340,VPWR,li1,164.6800,89.7600,1.799877
FILLER_29_334,VPWR,li1,159.6200,89.7600,1.799868
FILLER_29_326,VPWR,li1,157.3200,89.7600,1.799864
FILLER_29_319,VPWR,li1,152.4900,89.7600,1.799855
FILLER_29_315,VPWR,li1,151.3400,89.7600,1.799855
FILLER_29_311,VPWR,li1,148.8100,89.7600,1.799849
FILLER_29_305,VPWR,li1,147.2000,89.7600,1.799849
FILLER_29_293,VPWR,li1,143.0600,89.7600,1.799843
FILLER_29_281,VPWR,li1,137.5400,89.7600,1.799836
FILLER_29_279,VPWR,li1,134.0900,89.7600,1.799831
FILLER_29_267,VPWR,li1,131.1000,89.7600,1.799826
FILLER_29_255,VPWR,li1,125.5800,89.7600,1.799819
FILLER_29_243,VPWR,li1,120.0600,89.7600,1.799811
FILLER_29_231,VPWR,li1,114.5400,89.7600,1.799805
FILLER_29_209,VPWR,li1,103.5000,89.7600,1.799801
FILLER_29_197,VPWR,li1,98.9000,89.7600,1.799802
FILLER_29_186,VPWR,li1,91.3100,89.7600,1.799806
FILLER_29_180,VPWR,li1,89.7000,89.7600,1.799806
FILLER_29_167,VPWR,li1,82.5700,89.7600,1.799816
FILLER_29_163,VPWR,li1,81.4200,89.7600,1.799816
FILLER_29_156,VPWR,li1,77.5100,89.7600,1.799827
FILLER_29_150,VPWR,li1,74.7500,89.7600,1.799833
FILLER_29_144,VPWR,li1,73.1400,89.7600,1.799833
FILLER_29_130,VPWR,li1,66.0100,89.7600,1.799848
FILLER_29_122,VPWR,li1,63.4800,89.7600,1.799856
FILLER_29_111,VPWR,li1,56.8100,89.7600,1.799873
FILLER_29_107,VPWR,li1,55.6600,89.7600,1.799873
FILLER_29_95,VPWR,li1,51.9800,89.7600,1.799882
FILLER_29_84,VPWR,li1,44.8500,89.7600,1.799904
FILLER_29_57,VPWR,li1,32.2000,89.7600,1.799935
FILLER_29_55,VPWR,li1,31.0500,89.7600,1.799942
FILLER_29_51,VPWR,li1,29.9000,89.7600,1.799942
FILLER_29_39,VPWR,li1,26.2200,89.7600,1.799953
FILLER_29_27,VPWR,li1,20.7000,89.7600,1.799970
FILLER_29_15,VPWR,li1,15.1800,89.7600,1.799970
FILLER_29_3,VPWR,li1,9.6600,89.7600,1.799970
FILLER_28_813,VPWR,li1,381.3400,89.7600,1.799861
FILLER_28_811,VPWR,li1,378.8100,89.7600,1.799862
FILLER_28_805,VPWR,li1,377.2000,89.7600,1.799862
FILLER_28_793,VPWR,li1,373.0600,89.7600,1.799863
FILLER_28_781,VPWR,li1,367.5400,89.7600,1.799864
FILLER_28_769,VPWR,li1,362.0200,89.7600,1.799865
FILLER_28_757,VPWR,li1,356.5000,89.7600,1.799866
FILLER_28_755,VPWR,li1,353.0500,89.7600,1.799867
FILLER_28_747,VPWR,li1,350.9800,89.7600,1.799867
FILLER_28_735,VPWR,li1,346.3800,89.7600,1.799868
FILLER_28_723,VPWR,li1,340.8600,89.7600,1.799869
FILLER_28_701,VPWR,li1,328.4400,89.7600,1.799895
FILLER_28_681,VPWR,li1,319.4700,89.7600,1.799842
FILLER_28_673,VPWR,li1,315.3300,89.7600,1.799816
FILLER_28_645,VPWR,li1,304.9800,89.7600,1.799767
FILLER_28_638,VPWR,li1,300.3800,89.7600,1.799753
FILLER_28_626,VPWR,li1,296.2400,89.7600,1.799735
FILLER_28_610,VPWR,li1,286.5800,89.7600,1.799695
FILLER_28_594,VPWR,li1,279.2200,89.7600,1.799660
FILLER_28_584,VPWR,li1,275.0800,89.7600,1.799645
FILLER_28_567,VPWR,li1,266.5700,89.7600,1.799623
FILLER_28_555,VPWR,li1,263.5800,89.7600,1.799613
FILLER_28_544,VPWR,li1,256.6800,89.7600,1.799595
FILLER_28_518,VPWR,li1,244.0300,89.7600,1.799573
FILLER_28_512,VPWR,li1,242.4200,89.7600,1.799571
FILLER_28_477,VPWR,li1,225.6300,89.7600,1.799589
FILLER_28_470,VPWR,li1,223.1000,89.7600,1.799601
FILLER_28_445,VPWR,li1,212.9800,89.7600,1.799658
FILLER_28_433,VPWR,li1,207.4600,89.7600,1.799687
FILLER_28_421,VPWR,li1,201.9400,89.7600,1.799725
FILLER_28_419,VPWR,li1,198.4900,89.7600,1.799750
FILLER_28_399,VPWR,li1,189.9800,89.7600,1.799798
FILLER_28_387,VPWR,li1,186.3000,89.7600,1.799834
FILLER_28_377,VPWR,li1,179.8600,89.7600,1.799875
FILLER_28_365,VPWR,li1,176.1800,89.7600,1.799900
FILLER_28_360,VPWR,li1,172.0400,89.7600,1.799891
FILLER_28_348,VPWR,li1,168.3600,89.7600,1.799885
FILLER_28_307,VPWR,li1,146.9700,89.7600,1.799846
FILLER_28_301,VPWR,li1,145.3600,89.7600,1.799846
FILLER_28_289,VPWR,li1,141.2200,89.7600,1.799841
FILLER_28_277,VPWR,li1,135.7000,89.7600,1.799831
FILLER_28_265,VPWR,li1,130.1800,89.7600,1.799826
FILLER_28_253,VPWR,li1,124.6600,89.7600,1.799819
FILLER_28_241,VPWR,li1,116.6100,89.7600,1.799809
FILLER_28_229,VPWR,li1,113.6200,89.7600,1.799805
FILLER_28_221,VPWR,li1,107.8700,89.7600,1.799799
FILLER_28_209,VPWR,li1,104.4200,89.7600,1.799801
FILLER_28_197,VPWR,li1,98.9000,89.7600,1.799802
FILLER_28_193,VPWR,li1,94.9900,89.7600,1.799804
FILLER_28_181,VPWR,li1,91.5400,89.7600,1.799805
FILLER_28_173,VPWR,li1,85.3300,89.7600,1.799810
FILLER_28_165,VPWR,li1,83.2600,89.7600,1.799812
FILLER_28_153,VPWR,li1,78.6600,89.7600,1.799822
FILLER_28_141,VPWR,li1,73.1400,89.7600,1.799833
FILLER_28_138,VPWR,li1,69.4600,89.7600,1.799842
FILLER_28_130,VPWR,li1,67.1600,89.7600,1.799848
FILLER_28_118,VPWR,li1,62.5600,89.7600,1.799856
FILLER_28_109,VPWR,li1,56.5800,89.7600,1.799873
FILLER_28_97,VPWR,li1,52.9000,89.7600,1.799882
FILLER_28_85,VPWR,li1,47.3800,89.7600,1.799893
FILLER_28_80,VPWR,li1,43.2400,89.7600,1.799904
FILLER_28_71,VPWR,li1,38.8700,89.7600,1.799915
FILLER_28_53,VPWR,li1,32.6600,89.7600,1.799935
FILLER_28_41,VPWR,li1,27.1400,89.7600,1.799953
FILLER_28_29,VPWR,li1,21.6200,89.7600,1.799970
FILLER_28_27,VPWR,li1,18.1700,89.7600,1.799970
FILLER_28_15,VPWR,li1,15.1800,89.7600,1.799970
FILLER_28_3,VPWR,li1,9.6600,89.7600,1.799970
FILLER_27_817,VPWR,li1,382.0300,84.3200,1.799885
FILLER_27_809,VPWR,li1,379.5000,84.3200,1.799886
FILLER_27_797,VPWR,li1,374.9000,84.3200,1.799888
FILLER_27_785,VPWR,li1,369.3800,84.3200,1.799890
FILLER_27_781,VPWR,li1,365.4700,84.3200,1.799892
FILLER_27_773,VPWR,li1,362.9400,84.3200,1.799893
FILLER_27_761,VPWR,li1,358.3400,84.3200,1.799896
FILLER_27_739,VPWR,li1,345.9200,84.3200,1.799908
FILLER_27_727,VPWR,li1,340.1700,84.3200,1.799916
FILLER_27_697,VPWR,li1,326.3700,84.3200,1.799922
FILLER_27_689,VPWR,li1,322.6900,84.3200,1.799905
FILLER_27_685,VPWR,li1,321.5400,84.3200,1.799896
FILLER_27_673,VPWR,li1,317.8600,84.3200,1.799878
FILLER_27_671,VPWR,li1,314.4100,84.3200,1.799870
FILLER_27_665,VPWR,li1,312.8000,84.3200,1.799863
FILLER_27_653,VPWR,li1,308.6600,84.3200,1.799844
FILLER_27_640,VPWR,li1,300.3800,84.3200,1.799814
FILLER_27_629,VPWR,li1,295.0900,84.3200,1.799798
FILLER_27_617,VPWR,li1,292.1000,84.3200,1.799788
FILLER_27_615,VPWR,li1,288.6500,84.3200,1.799776
FILLER_27_609,VPWR,li1,287.0400,84.3200,1.799776
FILLER_27_592,VPWR,li1,278.7600,84.3200,1.799750
FILLER_27_580,VPWR,li1,275.0800,84.3200,1.799740
FILLER_27_568,VPWR,li1,267.2600,84.3200,1.799722
FILLER_27_552,VPWR,li1,259.6700,84.3200,1.799704
FILLER_27_540,VPWR,li1,256.6800,84.3200,1.799696
FILLER_27_515,VPWR,li1,243.3400,84.3200,1.799668
FILLER_27_502,VPWR,li1,236.9000,84.3200,1.799656
FILLER_27_481,VPWR,li1,228.1600,84.3200,1.799648
FILLER_27_469,VPWR,li1,224.0200,84.3200,1.799646
FILLER_27_463,VPWR,li1,218.7300,84.3200,1.799651
FILLER_27_455,VPWR,li1,216.6600,84.3200,1.799655
FILLER_27_449,VPWR,li1,212.7500,84.3200,1.799669
FILLER_27_444,VPWR,li1,210.6800,84.3200,1.799676
FILLER_27_432,VPWR,li1,207.0000,84.3200,1.799688
FILLER_27_425,VPWR,li1,201.7100,84.3200,1.799713
FILLER_27_413,VPWR,li1,198.2600,84.3200,1.799722
FILLER_27_409,VPWR,li1,193.8900,84.3200,1.799743
FILLER_27_405,VPWR,li1,192.7400,84.3200,1.799758
FILLER_27_393,VPWR,li1,189.0600,84.3200,1.799773
FILLER_27_388,VPWR,li1,184.9200,84.3200,1.799796
FILLER_27_376,VPWR,li1,181.2400,84.3200,1.799823
FILLER_27_369,VPWR,li1,175.4900,84.3200,1.799857
FILLER_27_361,VPWR,li1,173.4200,84.3200,1.799840
FILLER_27_350,VPWR,li1,166.7500,84.3200,1.799807
FILLER_27_344,VPWR,li1,165.1400,84.3200,1.799796
FILLER_27_329,VPWR,li1,157.0900,84.3200,1.799753
FILLER_27_316,VPWR,li1,151.1100,84.3200,1.799721
FILLER_27_302,VPWR,li1,144.9000,84.3200,1.799688
FILLER_27_294,VPWR,li1,142.6000,84.3200,1.799678
FILLER_27_281,VPWR,li1,135.0100,84.3200,1.799653
FILLER_27_272,VPWR,li1,132.4800,84.3200,1.799647
FILLER_27_237,VPWR,li1,114.7700,84.3200,1.799614
FILLER_27_222,VPWR,li1,108.1000,84.3200,1.799608
FILLER_27_204,VPWR,li1,99.5900,84.3200,1.799631
FILLER_27_200,VPWR,li1,98.4400,84.3200,1.799631
FILLER_27_188,VPWR,li1,94.7600,84.3200,1.799640
FILLER_27_176,VPWR,li1,89.2400,84.3200,1.799653
FILLER_27_162,VPWR,li1,81.4200,84.3200,1.799675
FILLER_27_150,VPWR,li1,77.2800,84.3200,1.799687
FILLER_27_138,VPWR,li1,71.7600,84.3200,1.799710
FILLER_27_126,VPWR,li1,66.2400,84.3200,1.799722
FILLER_27_113,VPWR,li1,57.7300,84.3200,1.799755
FILLER_27_106,VPWR,li1,55.6600,84.3200,1.799765
FILLER_27_94,VPWR,li1,51.5200,84.3200,1.799792
FILLER_27_86,VPWR,li1,45.3100,84.3200,1.799820
FILLER_27_74,VPWR,li1,42.3200,84.3200,1.799831
FILLER_27_66,VPWR,li1,36.1100,84.3200,1.799862
FILLER_27_57,VPWR,li1,33.1200,84.3200,1.799885
FILLER_27_55,VPWR,li1,31.0500,84.3200,1.799896
FILLER_27_51,VPWR,li1,29.9000,84.3200,1.799896
FILLER_27_39,VPWR,li1,26.2200,84.3200,1.799916
FILLER_27_27,VPWR,li1,20.7000,84.3200,1.799946
FILLER_27_15,VPWR,li1,15.1800,84.3200,1.799946
FILLER_27_3,VPWR,li1,9.6600,84.3200,1.799946
FILLER_26_819,VPWR,li1,382.4900,84.3200,1.799885
FILLER_26_813,VPWR,li1,380.8800,84.3200,1.799885
FILLER_26_810,VPWR,li1,378.5800,84.3200,1.799886
FILLER_26_798,VPWR,li1,375.3600,84.3200,1.799888
FILLER_26_786,VPWR,li1,369.8400,84.3200,1.799890
FILLER_26_774,VPWR,li1,364.3200,84.3200,1.799893
FILLER_26_762,VPWR,li1,358.8000,84.3200,1.799896
FILLER_26_755,VPWR,li1,353.0500,84.3200,1.799899
FILLER_26_741,VPWR,li1,347.7600,84.3200,1.799903
FILLER_26_729,VPWR,li1,343.6200,84.3200,1.799911
FILLER_26_714,VPWR,li1,334.1900,84.3200,1.799923
FILLER_26_706,VPWR,li1,332.1200,84.3200,1.799927
FILLER_26_699,VPWR,li1,327.2900,84.3200,1.799922
FILLER_26_687,VPWR,li1,324.3000,84.3200,1.799905
FILLER_26_674,VPWR,li1,316.2500,84.3200,1.799878
FILLER_26_667,VPWR,li1,312.5700,84.3200,1.799863
FILLER_26_659,VPWR,li1,310.5000,84.3200,1.799855
FILLER_26_645,VPWR,li1,303.1400,84.3200,1.799822
FILLER_26_643,VPWR,li1,301.5300,84.3200,1.799822
FILLER_26_639,VPWR,li1,300.3800,84.3200,1.799814
FILLER_26_616,VPWR,li1,289.3400,84.3200,1.799782
FILLER_26_608,VPWR,li1,287.0400,84.3200,1.799776
FILLER_26_596,VPWR,li1,282.4400,84.3200,1.799759
FILLER_26_583,VPWR,li1,274.1600,84.3200,1.799740
FILLER_26_576,VPWR,li1,270.7100,84.3200,1.799728
FILLER_26_568,VPWR,li1,268.6400,84.3200,1.799722
FILLER_26_549,VPWR,li1,259.4400,84.3200,1.799704
FILLER_26_536,VPWR,li1,252.3100,84.3200,1.799686
FILLER_26_525,VPWR,li1,247.7100,84.3200,1.799675
FILLER_26_513,VPWR,li1,242.1900,84.3200,1.799668
FILLER_26_497,VPWR,li1,234.3700,84.3200,1.799652
FILLER_26_493,VPWR,li1,233.2200,84.3200,1.799652
FILLER_26_477,VPWR,li1,225.8600,84.3200,1.799647
FILLER_26_450,VPWR,li1,213.2100,84.3200,1.799669
FILLER_26_439,VPWR,li1,207.6900,84.3200,1.799688
FILLER_26_421,VPWR,li1,200.1000,84.3200,1.799713
FILLER_26_418,VPWR,li1,198.2600,84.3200,1.799722
FILLER_26_399,VPWR,li1,189.2900,84.3200,1.799773
FILLER_26_395,VPWR,li1,187.4500,84.3200,1.799786
FILLER_26_382,VPWR,li1,182.1600,84.3200,1.799808
FILLER_26_372,VPWR,li1,177.3300,84.3200,1.799841
FILLER_26_343,VPWR,li1,163.7600,84.3200,1.799781
FILLER_26_331,VPWR,li1,160.5400,84.3200,1.799766
FILLER_26_319,VPWR,li1,155.0200,84.3200,1.799742
FILLER_26_313,VPWR,li1,149.7300,84.3200,1.799711
FILLER_26_309,VPWR,li1,148.5800,84.3200,1.799699
FILLER_26_307,VPWR,li1,146.9700,84.3200,1.799699
FILLER_26_287,VPWR,li1,138.0000,84.3200,1.799664
FILLER_26_278,VPWR,li1,133.8600,84.3200,1.799653
FILLER_26_273,VPWR,li1,131.3300,84.3200,1.799647
FILLER_26_260,VPWR,li1,126.5000,84.3200,1.799636
FILLER_26_251,VPWR,li1,121.2100,84.3200,1.799624
FILLER_26_247,VPWR,li1,120.0600,84.3200,1.799624
FILLER_26_239,VPWR,li1,115.6900,84.3200,1.799614
FILLER_26_227,VPWR,li1,112.7000,84.3200,1.799610
FILLER_26_212,VPWR,li1,103.2700,84.3200,1.799618
FILLER_26_197,VPWR,li1,97.9800,84.3200,1.799631
FILLER_26_195,VPWR,li1,95.4500,84.3200,1.799640
FILLER_26_191,VPWR,li1,94.3000,84.3200,1.799640
FILLER_26_187,VPWR,li1,91.7700,84.3200,1.799647
FILLER_26_181,VPWR,li1,90.1600,84.3200,1.799653
FILLER_26_174,VPWR,li1,86.4800,84.3200,1.799660
FILLER_26_146,VPWR,li1,72.9100,84.3200,1.799701
FILLER_26_141,VPWR,li1,70.6100,84.3200,1.799710
FILLER_26_128,VPWR,li1,67.1600,84.3200,1.799722
FILLER_26_110,VPWR,li1,56.3500,84.3200,1.799765
FILLER_26_98,VPWR,li1,53.3600,84.3200,1.799776
FILLER_26_91,VPWR,li1,47.6100,84.3200,1.799806
FILLER_26_85,VPWR,li1,46.0000,84.3200,1.799820
FILLER_26_83,VPWR,li1,43.9300,84.3200,1.799831
FILLER_26_77,VPWR,li1,42.3200,84.3200,1.799831
FILLER_26_65,VPWR,li1,38.1800,84.3200,1.799852
FILLER_26_57,VPWR,li1,31.9700,84.3200,1.799885
FILLER_26_53,VPWR,li1,30.8200,84.3200,1.799896
FILLER_26_41,VPWR,li1,27.1400,84.3200,1.799916
FILLER_26_29,VPWR,li1,21.6200,84.3200,1.799946
FILLER_26_27,VPWR,li1,18.1700,84.3200,1.799946
FILLER_26_15,VPWR,li1,15.1800,84.3200,1.799946
FILLER_26_3,VPWR,li1,9.6600,84.3200,1.799946
FILLER_25_803,VPWR,li1,375.1300,78.8800,1.799724
FILLER_25_797,VPWR,li1,373.5200,78.8800,1.799724
FILLER_25_785,VPWR,li1,369.3800,78.8800,1.799735
FILLER_25_783,VPWR,li1,365.9300,78.8800,1.799749
FILLER_25_777,VPWR,li1,364.3200,78.8800,1.799749
FILLER_25_765,VPWR,li1,360.1800,78.8800,1.799762
FILLER_25_757,VPWR,li1,353.9700,78.8800,1.799783
FILLER_25_745,VPWR,li1,350.9800,78.8800,1.799791
FILLER_25_727,VPWR,li1,340.1700,78.8800,1.799833
FILLER_25_718,VPWR,li1,337.1800,78.8800,1.799842
FILLER_25_706,VPWR,li1,333.0400,78.8800,1.799860
FILLER_25_695,VPWR,li1,326.1400,78.8800,1.799860
FILLER_25_679,VPWR,li1,318.7800,78.8800,1.799811
FILLER_25_669,VPWR,li1,313.9500,78.8800,1.799784
FILLER_25_661,VPWR,li1,311.4200,78.8800,1.799766
FILLER_25_647,VPWR,li1,304.0600,78.8800,1.799737
FILLER_25_609,VPWR,li1,286.5800,78.8800,1.799684
FILLER_25_593,VPWR,li1,278.5300,78.8800,1.799670
FILLER_25_567,VPWR,li1,266.5700,78.8800,1.799659
FILLER_25_561,VPWR,li1,264.9600,78.8800,1.799659
FILLER_25_559,VPWR,li1,262.8900,78.8800,1.799659
FILLER_25_553,VPWR,li1,261.2800,78.8800,1.799659
FILLER_25_541,VPWR,li1,257.1400,78.8800,1.799661
FILLER_25_533,VPWR,li1,251.1600,78.8800,1.799667
FILLER_25_525,VPWR,li1,248.8600,78.8800,1.799669
FILLER_25_521,VPWR,li1,245.4100,78.8800,1.799672
FILLER_25_517,VPWR,li1,244.2600,78.8800,1.799675
FILLER_25_505,VPWR,li1,240.5800,78.8800,1.799678
FILLER_25_500,VPWR,li1,236.4400,78.8800,1.799683
FILLER_25_467,VPWR,li1,221.2600,78.8800,1.799705
FILLER_25_457,VPWR,li1,216.2000,78.8800,1.799717
FILLER_25_449,VPWR,li1,212.2900,78.8800,1.799729
FILLER_25_445,VPWR,li1,210.9100,78.8800,1.799729
FILLER_25_433,VPWR,li1,207.4600,78.8800,1.799739
FILLER_25_415,VPWR,li1,197.8000,78.8800,1.799776
FILLER_25_403,VPWR,li1,193.6600,78.8800,1.799802
FILLER_25_393,VPWR,li1,186.7600,78.8800,1.799841
FILLER_25_390,VPWR,li1,185.3800,78.8800,1.799841
FILLER_25_382,VPWR,li1,183.0800,78.8800,1.799861
FILLER_25_368,VPWR,li1,175.0300,78.8800,1.799904
FILLER_25_360,VPWR,li1,172.9600,78.8800,1.799902
FILLER_25_344,VPWR,li1,165.6000,78.8800,1.799891
FILLER_25_333,VPWR,li1,159.3900,78.8800,1.799885
FILLER_25_325,VPWR,li1,156.8600,78.8800,1.799882
FILLER_25_313,VPWR,li1,152.2600,78.8800,1.799878
FILLER_25_301,VPWR,li1,146.7400,78.8800,1.799872
FILLER_25_289,VPWR,li1,141.2200,78.8800,1.799867
FILLER_25_281,VPWR,li1,135.7000,78.8800,1.799862
FILLER_25_274,VPWR,li1,132.9400,78.8800,1.799858
FILLER_25_267,VPWR,li1,129.2600,78.8800,1.799856
FILLER_25_255,VPWR,li1,125.5800,78.8800,1.799852
FILLER_25_243,VPWR,li1,117.5300,78.8800,1.799846
FILLER_25_237,VPWR,li1,115.9200,78.8800,1.799846
FILLER_25_225,VPWR,li1,111.7800,78.8800,1.799844
FILLER_25_220,VPWR,li1,107.6400,78.8800,1.799843
FILLER_25_211,VPWR,li1,102.8100,78.8800,1.799841
FILLER_25_202,VPWR,li1,99.8200,78.8800,1.799841
FILLER_25_194,VPWR,li1,94.9900,78.8800,1.799840
FILLER_25_181,VPWR,li1,89.0100,78.8800,1.799840
FILLER_25_169,VPWR,li1,86.0200,78.8800,1.799841
FILLER_25_165,VPWR,li1,82.1100,78.8800,1.799843
FILLER_25_157,VPWR,li1,79.5800,78.8800,1.799845
FILLER_25_120,VPWR,li1,63.4800,78.8800,1.799859
FILLER_25_113,VPWR,li1,57.7300,78.8800,1.799868
FILLER_25_109,VPWR,li1,56.3500,78.8800,1.799872
FILLER_25_101,VPWR,li1,53.8200,78.8800,1.799877
FILLER_25_80,VPWR,li1,42.5500,78.8800,1.799903
FILLER_25_76,VPWR,li1,41.4000,78.8800,1.799903
FILLER_25_57,VPWR,li1,32.2000,78.8800,1.799931
FILLER_25_55,VPWR,li1,31.0500,78.8800,1.799938
FILLER_25_51,VPWR,li1,29.9000,78.8800,1.799938
FILLER_25_39,VPWR,li1,26.2200,78.8800,1.799950
FILLER_25_27,VPWR,li1,20.7000,78.8800,1.799968
FILLER_25_15,VPWR,li1,15.1800,78.8800,1.799968
FILLER_25_3,VPWR,li1,9.6600,78.8800,1.799968
FILLER_24_813,VPWR,li1,380.1900,78.8800,1.799708
FILLER_24_800,VPWR,li1,376.2800,78.8800,1.799716
FILLER_24_788,VPWR,li1,370.7600,78.8800,1.799735
FILLER_24_776,VPWR,li1,365.2400,78.8800,1.799749
FILLER_24_764,VPWR,li1,359.7200,78.8800,1.799762
FILLER_24_757,VPWR,li1,353.9700,78.8800,1.799783
FILLER_24_752,VPWR,li1,352.3600,78.8800,1.799783
FILLER_24_740,VPWR,li1,347.3000,78.8800,1.799806
FILLER_24_735,VPWR,li1,343.8500,78.8800,1.799814
FILLER_24_723,VPWR,li1,340.8600,78.8800,1.799833
FILLER_24_711,VPWR,li1,335.3400,78.8800,1.799850
FILLER_24_694,VPWR,li1,325.4500,78.8800,1.799847
FILLER_24_674,VPWR,li1,316.2500,78.8800,1.799797
FILLER_24_649,VPWR,li1,304.5200,78.8800,1.799737
FILLER_24_640,VPWR,li1,300.8400,78.8800,1.799721
FILLER_24_623,VPWR,li1,292.3300,78.8800,1.799700
FILLER_24_617,VPWR,li1,290.7200,78.8800,1.799696
FILLER_24_605,VPWR,li1,286.5800,78.8800,1.799684
FILLER_24_593,VPWR,li1,281.0600,78.8800,1.799674
FILLER_24_587,VPWR,li1,275.7700,78.8800,1.799666
FILLER_24_583,VPWR,li1,274.6200,78.8800,1.799663
FILLER_24_564,VPWR,li1,266.3400,78.8800,1.799659
FILLER_24_548,VPWR,li1,258.0600,78.8800,1.799660
FILLER_24_540,VPWR,li1,254.1500,78.8800,1.799663
FILLER_24_529,VPWR,li1,249.5500,78.8800,1.799667
FILLER_24_517,VPWR,li1,244.7200,78.8800,1.799672
FILLER_24_504,VPWR,li1,238.2800,78.8800,1.799681
FILLER_24_492,VPWR,li1,234.6000,78.8800,1.799685
FILLER_24_477,VPWR,li1,225.1700,78.8800,1.799699
FILLER_24_470,VPWR,li1,223.1000,78.8800,1.799702
FILLER_24_458,VPWR,li1,218.9600,78.8800,1.799710
FILLER_24_445,VPWR,li1,211.1400,78.8800,1.799729
FILLER_24_433,VPWR,li1,207.4600,78.8800,1.799739
FILLER_24_421,VPWR,li1,201.9400,78.8800,1.799761
FILLER_24_419,VPWR,li1,198.4900,78.8800,1.799776
FILLER_24_413,VPWR,li1,196.8800,78.8800,1.799787
FILLER_24_401,VPWR,li1,192.7400,78.8800,1.799802
FILLER_24_389,VPWR,li1,187.2200,78.8800,1.799831
FILLER_24_377,VPWR,li1,181.7000,78.8800,1.799861
FILLER_24_365,VPWR,li1,176.1800,78.8800,1.799904
FILLER_24_352,VPWR,li1,170.2000,78.8800,1.799898
FILLER_24_340,VPWR,li1,164.6800,78.8800,1.799891
FILLER_24_309,VPWR,li1,149.5000,78.8800,1.799875
FILLER_24_305,VPWR,li1,146.5100,78.8800,1.799872
FILLER_24_293,VPWR,li1,143.0600,78.8800,1.799869
FILLER_24_281,VPWR,li1,137.5400,78.8800,1.799864
FILLER_24_273,VPWR,li1,131.3300,78.8800,1.799858
FILLER_24_265,VPWR,li1,129.2600,78.8800,1.799856
FILLER_24_253,VPWR,li1,124.6600,78.8800,1.799852
FILLER_24_249,VPWR,li1,120.7500,78.8800,1.799849
FILLER_24_245,VPWR,li1,118.4500,78.8800,1.799847
FILLER_24_237,VPWR,li1,116.3800,78.8800,1.799846
FILLER_24_233,VPWR,li1,112.9300,78.8800,1.799844
FILLER_24_227,VPWR,li1,111.3200,78.8800,1.799844
FILLER_24_215,VPWR,li1,107.1800,78.8800,1.799843
FILLER_24_203,VPWR,li1,101.6600,78.8800,1.799841
FILLER_24_194,VPWR,li1,95.2200,78.8800,1.799840
FILLER_24_176,VPWR,li1,87.1700,78.8800,1.799841
FILLER_24_161,VPWR,li1,80.0400,78.8800,1.799845
FILLER_24_149,VPWR,li1,76.8200,78.8800,1.799847
FILLER_24_101,VPWR,li1,52.9000,78.8800,1.799877
FILLER_24_89,VPWR,li1,49.2200,78.8800,1.799885
FILLER_24_75,VPWR,li1,40.7100,78.8800,1.799909
FILLER_24_53,VPWR,li1,31.2800,78.8800,1.799938
FILLER_24_41,VPWR,li1,27.1400,78.8800,1.799950
FILLER_24_29,VPWR,li1,21.6200,78.8800,1.799968
FILLER_24_27,VPWR,li1,18.1700,78.8800,1.799968
FILLER_24_15,VPWR,li1,15.1800,78.8800,1.799968
FILLER_24_3,VPWR,li1,9.6600,78.8800,1.799968
FILLER_23_803,VPWR,li1,375.1300,73.4400,1.799720
FILLER_23_797,VPWR,li1,373.5200,73.4400,1.799723
FILLER_23_785,VPWR,li1,369.3800,73.4400,1.799726
FILLER_23_780,VPWR,li1,365.2400,73.4400,1.799730
FILLER_23_768,VPWR,li1,361.5600,73.4400,1.799739
FILLER_23_740,VPWR,li1,346.6100,73.4400,1.799776
FILLER_23_729,VPWR,li1,342.2400,73.4400,1.799796
FILLER_23_724,VPWR,li1,339.4800,73.4400,1.799805
FILLER_23_703,VPWR,li1,329.8200,73.4400,1.799856
FILLER_23_694,VPWR,li1,325.2200,73.4400,1.799822
FILLER_23_682,VPWR,li1,322.0000,73.4400,1.799793
FILLER_23_673,VPWR,li1,315.5600,73.4400,1.799726
FILLER_23_670,VPWR,li1,314.1800,73.4400,1.799726
FILLER_23_650,VPWR,li1,304.9800,73.4400,1.799660
FILLER_23_635,VPWR,li1,297.8500,73.4400,1.799626
FILLER_23_629,VPWR,li1,296.2400,73.4400,1.799618
FILLER_23_617,VPWR,li1,292.1000,73.4400,1.799603
FILLER_23_615,VPWR,li1,288.6500,73.4400,1.799584
FILLER_23_609,VPWR,li1,287.0400,73.4400,1.799584
FILLER_23_594,VPWR,li1,278.9900,73.4400,1.799557
FILLER_23_588,VPWR,li1,277.3800,73.4400,1.799554
FILLER_23_576,VPWR,li1,273.2400,73.4400,1.799550
FILLER_23_561,VPWR,li1,265.4200,73.4400,1.799539
FILLER_23_558,VPWR,li1,262.6600,73.4400,1.799537
FILLER_23_552,VPWR,li1,259.9000,73.4400,1.799534
FILLER_23_540,VPWR,li1,256.6800,73.4400,1.799533
FILLER_23_528,VPWR,li1,251.1600,73.4400,1.799539
FILLER_23_516,VPWR,li1,245.6400,73.4400,1.799544
FILLER_23_505,VPWR,li1,238.0500,73.4400,1.799556
FILLER_23_494,VPWR,li1,233.4500,73.4400,1.799563
FILLER_23_486,VPWR,li1,230.9200,73.4400,1.799568
FILLER_23_474,VPWR,li1,226.3200,73.4400,1.799574
FILLER_23_463,VPWR,li1,218.9600,73.4400,1.799587
FILLER_23_441,VPWR,li1,208.8400,73.4400,1.799606
FILLER_23_433,VPWR,li1,206.5400,73.4400,1.799611
FILLER_23_417,VPWR,li1,199.1800,73.4400,1.799649
FILLER_23_405,VPWR,li1,194.5800,73.4400,1.799698
FILLER_23_393,VPWR,li1,186.9900,73.4400,1.799762
FILLER_23_390,VPWR,li1,185.3800,73.4400,1.799782
FILLER_23_382,VPWR,li1,183.0800,73.4400,1.799806
FILLER_23_370,VPWR,li1,178.4800,73.4400,1.799838
FILLER_23_358,VPWR,li1,172.9600,73.4400,1.799864
FILLER_23_345,VPWR,li1,164.4500,73.4400,1.799848
FILLER_23_337,VPWR,li1,162.3800,73.4400,1.799842
FILLER_23_324,VPWR,li1,157.3200,73.4400,1.799831
FILLER_23_313,VPWR,li1,150.4200,73.4400,1.799818
FILLER_23_301,VPWR,li1,146.7400,73.4400,1.799811
FILLER_23_289,VPWR,li1,138.9200,73.4400,1.799804
FILLER_23_281,VPWR,li1,136.6200,73.4400,1.799804
FILLER_23_279,VPWR,li1,134.0900,73.4400,1.799805
FILLER_23_258,VPWR,li1,125.1200,73.4400,1.799807
FILLER_23_246,VPWR,li1,121.4400,73.4400,1.799809
FILLER_23_225,VPWR,li1,109.7100,73.4400,1.799815
FILLER_23_216,VPWR,li1,106.7200,73.4400,1.799818
FILLER_23_204,VPWR,li1,102.1200,73.4400,1.799820
FILLER_23_192,VPWR,li1,96.6000,73.4400,1.799825
FILLER_23_177,VPWR,li1,89.7000,73.4400,1.799831
FILLER_23_169,VPWR,li1,84.1800,73.4400,1.799837
FILLER_23_166,VPWR,li1,82.3400,73.4400,1.799840
FILLER_23_154,VPWR,li1,79.1200,73.4400,1.799844
FILLER_23_142,VPWR,li1,73.6000,73.4400,1.799852
FILLER_23_132,VPWR,li1,66.4700,73.4400,1.799863
FILLER_23_120,VPWR,li1,63.4800,73.4400,1.799868
FILLER_23_110,VPWR,li1,56.5800,73.4400,1.799879
FILLER_23_83,VPWR,li1,45.0800,73.4400,1.799905
FILLER_23_70,VPWR,li1,39.1000,73.4400,1.799919
FILLER_23_57,VPWR,li1,32.4300,73.4400,1.799939
FILLER_23_55,VPWR,li1,31.0500,73.4400,1.799944
FILLER_23_51,VPWR,li1,29.9000,73.4400,1.799944
FILLER_23_39,VPWR,li1,26.2200,73.4400,1.799955
FILLER_23_27,VPWR,li1,20.7000,73.4400,1.799971
FILLER_23_15,VPWR,li1,15.1800,73.4400,1.799971
FILLER_23_3,VPWR,li1,9.6600,73.4400,1.799971
FILLER_22_821,VPWR,li1,383.8700,73.4400,1.799717
FILLER_22_813,VPWR,li1,381.3400,73.4400,1.799717
FILLER_22_811,VPWR,li1,378.8100,73.4400,1.799717
FILLER_22_803,VPWR,li1,376.7400,73.4400,1.799720
FILLER_22_791,VPWR,li1,372.1400,73.4400,1.799723
FILLER_22_770,VPWR,li1,359.9500,73.4400,1.799739
FILLER_22_762,VPWR,li1,357.8800,73.4400,1.799745
FILLER_22_755,VPWR,li1,353.0500,73.4400,1.799755
FILLER_22_743,VPWR,li1,350.0600,73.4400,1.799768
FILLER_22_733,VPWR,li1,342.9300,73.4400,1.799796
FILLER_22_722,VPWR,li1,338.3300,73.4400,1.799814
FILLER_22_710,VPWR,li1,334.8800,73.4400,1.799827
FILLER_22_696,VPWR,li1,326.6000,73.4400,1.799822
FILLER_22_684,VPWR,li1,322.9200,73.4400,1.799793
FILLER_22_673,VPWR,li1,316.9400,73.4400,1.799749
FILLER_22_659,VPWR,li1,308.8900,73.4400,1.799679
FILLER_22_655,VPWR,li1,307.7400,73.4400,1.799679
FILLER_22_645,VPWR,li1,302.4500,73.4400,1.799646
FILLER_22_643,VPWR,li1,301.5300,73.4400,1.799638
FILLER_22_639,VPWR,li1,300.3800,73.4400,1.799638
FILLER_22_603,VPWR,li1,285.6600,73.4400,1.799575
FILLER_22_593,VPWR,li1,279.6800,73.4400,1.799561
FILLER_22_589,VPWR,li1,276.6900,73.4400,1.799554
FILLER_22_587,VPWR,li1,275.7700,73.4400,1.799554
FILLER_22_581,VPWR,li1,273.4700,73.4400,1.799550
FILLER_22_569,VPWR,li1,270.0200,73.4400,1.799543
FILLER_22_557,VPWR,li1,264.5000,73.4400,1.799539
FILLER_22_533,VPWR,li1,253.4600,73.4400,1.799536
FILLER_22_531,VPWR,li1,250.0100,73.4400,1.799541
FILLER_22_525,VPWR,li1,248.4000,73.4400,1.799541
FILLER_22_516,VPWR,li1,243.3400,73.4400,1.799547
FILLER_22_508,VPWR,li1,241.0400,73.4400,1.799551
FILLER_22_496,VPWR,li1,236.4400,73.4400,1.799559
FILLER_22_484,VPWR,li1,230.0000,73.4400,1.799568
FILLER_22_475,VPWR,li1,224.2500,73.4400,1.799577
FILLER_22_464,VPWR,li1,219.6500,73.4400,1.799587
FILLER_22_456,VPWR,li1,217.1200,73.4400,1.799590
FILLER_22_448,VPWR,li1,212.2900,73.4400,1.799600
FILLER_22_436,VPWR,li1,208.8400,73.4400,1.799606
FILLER_22_428,VPWR,li1,202.6300,73.4400,1.799624
FILLER_22_419,VPWR,li1,198.4900,73.4400,1.799664
FILLER_22_415,VPWR,li1,197.3400,73.4400,1.799664
FILLER_22_397,VPWR,li1,188.3700,73.4400,1.799741
FILLER_22_348,VPWR,li1,168.3600,73.4400,1.799856
FILLER_22_334,VPWR,li1,159.6200,73.4400,1.799838
FILLER_22_322,VPWR,li1,156.4000,73.4400,1.799831
FILLER_22_309,VPWR,li1,147.8900,73.4400,1.799815
FILLER_22_307,VPWR,li1,146.9700,73.4400,1.799811
FILLER_22_303,VPWR,li1,145.8200,73.4400,1.799811
FILLER_22_293,VPWR,li1,140.5300,73.4400,1.799804
FILLER_22_289,VPWR,li1,139.3800,73.4400,1.799804
FILLER_22_277,VPWR,li1,135.7000,73.4400,1.799804
FILLER_22_264,VPWR,li1,127.1900,73.4400,1.799807
FILLER_22_257,VPWR,li1,123.9700,73.4400,1.799808
FILLER_22_253,VPWR,li1,122.8200,73.4400,1.799808
FILLER_22_249,VPWR,li1,120.7500,73.4400,1.799809
FILLER_22_241,VPWR,li1,118.2200,73.4400,1.799811
FILLER_22_232,VPWR,li1,112.9300,73.4400,1.799813
FILLER_22_224,VPWR,li1,108.7900,73.4400,1.799816
FILLER_22_220,VPWR,li1,107.6400,73.4400,1.799816
FILLER_22_211,VPWR,li1,103.2700,73.4400,1.799819
FILLER_22_197,VPWR,li1,97.9800,73.4400,1.799825
FILLER_22_192,VPWR,li1,94.7600,73.4400,1.799826
FILLER_22_185,VPWR,li1,91.3100,73.4400,1.799831
FILLER_22_168,VPWR,li1,83.0300,73.4400,1.799840
FILLER_22_164,VPWR,li1,81.8800,73.4400,1.799840
FILLER_22_152,VPWR,li1,76.8200,73.4400,1.799847
FILLER_22_141,VPWR,li1,71.7600,73.4400,1.799855
FILLER_22_139,VPWR,li1,69.6900,73.4400,1.799858
FILLER_22_133,VPWR,li1,68.0800,73.4400,1.799863
FILLER_22_121,VPWR,li1,63.9400,73.4400,1.799868
FILLER_22_109,VPWR,li1,58.4200,73.4400,1.799876
FILLER_22_97,VPWR,li1,52.9000,73.4400,1.799890
FILLER_22_85,VPWR,li1,47.3800,73.4400,1.799898
FILLER_22_76,VPWR,li1,42.3200,73.4400,1.799911
FILLER_22_64,VPWR,li1,37.7200,73.4400,1.799925
FILLER_22_53,VPWR,li1,31.7400,73.4400,1.799939
FILLER_22_41,VPWR,li1,27.1400,73.4400,1.799955
FILLER_22_29,VPWR,li1,21.6200,73.4400,1.799971
FILLER_22_27,VPWR,li1,18.1700,73.4400,1.799971
FILLER_22_15,VPWR,li1,15.1800,73.4400,1.799971
FILLER_22_3,VPWR,li1,9.6600,73.4400,1.799971
FILLER_21_821,VPWR,li1,383.8700,68.0000,1.799896
FILLER_21_809,VPWR,li1,380.4200,68.0000,1.799896
FILLER_21_797,VPWR,li1,374.9000,68.0000,1.799896
FILLER_21_785,VPWR,li1,369.3800,68.0000,1.799896
FILLER_21_782,VPWR,li1,365.7000,68.0000,1.799896
FILLER_21_770,VPWR,li1,362.4800,68.0000,1.799896
FILLER_21_758,VPWR,li1,356.9600,68.0000,1.799896
FILLER_21_746,VPWR,li1,351.4400,68.0000,1.799896
FILLER_21_737,VPWR,li1,344.7700,68.0000,1.799898
FILLER_21_729,VPWR,li1,342.7000,68.0000,1.799900
FILLER_21_725,VPWR,li1,339.7100,68.0000,1.799902
FILLER_21_715,VPWR,li1,334.8800,68.0000,1.799909
FILLER_21_707,VPWR,li1,332.5800,68.0000,1.799914
FILLER_21_695,VPWR,li1,327.9800,68.0000,1.799920
FILLER_21_687,VPWR,li1,321.7700,68.0000,1.799883
FILLER_21_673,VPWR,li1,315.5600,68.0000,1.799838
FILLER_21_671,VPWR,li1,314.4100,68.0000,1.799838
FILLER_21_665,VPWR,li1,312.8000,68.0000,1.799824
FILLER_21_653,VPWR,li1,308.6600,68.0000,1.799803
FILLER_21_641,VPWR,li1,303.1400,68.0000,1.799773
FILLER_21_629,VPWR,li1,297.6200,68.0000,1.799741
FILLER_21_617,VPWR,li1,290.7200,68.0000,1.799702
FILLER_21_615,VPWR,li1,288.6500,68.0000,1.799691
FILLER_21_607,VPWR,li1,286.5800,68.0000,1.799676
FILLER_21_595,VPWR,li1,281.9800,68.0000,1.799654
FILLER_21_569,VPWR,li1,267.4900,68.0000,1.799576
FILLER_21_561,VPWR,li1,265.4200,68.0000,1.799567
FILLER_21_552,VPWR,li1,261.2800,68.0000,1.799547
FILLER_21_540,VPWR,li1,256.6800,68.0000,1.799539
FILLER_21_527,VPWR,li1,248.4000,68.0000,1.799548
FILLER_21_520,VPWR,li1,244.9500,68.0000,1.799556
FILLER_21_512,VPWR,li1,242.8800,68.0000,1.799560
FILLER_21_503,VPWR,li1,237.1300,68.0000,1.799571
FILLER_21_485,VPWR,li1,229.0800,68.0000,1.799592
FILLER_21_477,VPWR,li1,226.7800,68.0000,1.799599
FILLER_21_469,VPWR,li1,221.9500,68.0000,1.799613
FILLER_21_461,VPWR,li1,219.4200,68.0000,1.799623
FILLER_21_449,VPWR,li1,214.8200,68.0000,1.799642
FILLER_21_446,VPWR,li1,211.1400,68.0000,1.799666
FILLER_21_434,VPWR,li1,207.9200,68.0000,1.799683
FILLER_21_418,VPWR,li1,198.4900,68.0000,1.799747
FILLER_21_406,VPWR,li1,195.0400,68.0000,1.799760
FILLER_21_388,VPWR,li1,184.9200,68.0000,1.799831
FILLER_21_376,VPWR,li1,181.2400,68.0000,1.799857
FILLER_21_358,VPWR,li1,170.8900,68.0000,1.799886
FILLER_21_350,VPWR,li1,168.3600,68.0000,1.799880
FILLER_21_327,VPWR,li1,156.4000,68.0000,1.799851
FILLER_21_312,VPWR,li1,149.9600,68.0000,1.799839
FILLER_21_298,VPWR,li1,142.8300,68.0000,1.799827
FILLER_21_281,VPWR,li1,135.4700,68.0000,1.799818
FILLER_21_279,VPWR,li1,134.0900,68.0000,1.799816
FILLER_21_271,VPWR,li1,132.0200,68.0000,1.799814
FILLER_21_240,VPWR,li1,117.3000,68.0000,1.799807
FILLER_21_225,VPWR,li1,109.4800,68.0000,1.799806
FILLER_21_222,VPWR,li1,108.1000,68.0000,1.799806
FILLER_21_207,VPWR,li1,100.9700,68.0000,1.799807
FILLER_21_197,VPWR,li1,96.3700,68.0000,1.799809
FILLER_21_180,VPWR,li1,89.0100,68.0000,1.799814
FILLER_21_172,VPWR,li1,84.8700,68.0000,1.799819
FILLER_21_165,VPWR,li1,82.1100,68.0000,1.799820
FILLER_21_134,VPWR,li1,67.3900,68.0000,1.799839
FILLER_21_130,VPWR,li1,66.2400,68.0000,1.799839
FILLER_21_113,VPWR,li1,58.4200,68.0000,1.799851
FILLER_21_106,VPWR,li1,55.6600,68.0000,1.799855
FILLER_21_100,VPWR,li1,52.2100,68.0000,1.799861
FILLER_21_88,VPWR,li1,48.7600,68.0000,1.799868
FILLER_21_81,VPWR,li1,43.7000,68.0000,1.799882
FILLER_21_69,VPWR,li1,40.0200,68.0000,1.799888
FILLER_21_57,VPWR,li1,33.1200,68.0000,1.799917
FILLER_21_55,VPWR,li1,31.0500,68.0000,1.799925
FILLER_21_51,VPWR,li1,29.9000,68.0000,1.799925
FILLER_21_39,VPWR,li1,26.2200,68.0000,1.799939
FILLER_21_27,VPWR,li1,20.7000,68.0000,1.799961
FILLER_21_15,VPWR,li1,15.1800,68.0000,1.799961
FILLER_21_3,VPWR,li1,9.6600,68.0000,1.799961
FILLER_20_821,VPWR,li1,383.8700,68.0000,1.799896
FILLER_20_813,VPWR,li1,381.3400,68.0000,1.799896
FILLER_20_811,VPWR,li1,378.8100,68.0000,1.799896
FILLER_20_805,VPWR,li1,377.2000,68.0000,1.799896
FILLER_20_793,VPWR,li1,373.0600,68.0000,1.799896
FILLER_20_781,VPWR,li1,367.5400,68.0000,1.799896
FILLER_20_769,VPWR,li1,362.0200,68.0000,1.799896
FILLER_20_757,VPWR,li1,356.5000,68.0000,1.799896
FILLER_20_755,VPWR,li1,353.0500,68.0000,1.799896
FILLER_20_747,VPWR,li1,350.9800,68.0000,1.799896
FILLER_20_738,VPWR,li1,345.2300,68.0000,1.799898
FILLER_20_730,VPWR,li1,343.1600,68.0000,1.799900
FILLER_20_716,VPWR,li1,335.3400,68.0000,1.799909
FILLER_20_704,VPWR,li1,332.1200,68.0000,1.799914
FILLER_20_698,VPWR,li1,327.0600,68.0000,1.799906
FILLER_20_682,VPWR,li1,319.9300,68.0000,1.799872
FILLER_20_669,VPWR,li1,314.6400,68.0000,1.799838
FILLER_20_660,VPWR,li1,310.0400,68.0000,1.799803
FILLER_20_653,VPWR,li1,306.1300,68.0000,1.799790
FILLER_20_645,VPWR,li1,302.9100,68.0000,1.799762
FILLER_20_642,VPWR,li1,301.3000,68.0000,1.799762
FILLER_20_630,VPWR,li1,298.0800,68.0000,1.799741
FILLER_20_618,VPWR,li1,292.5600,68.0000,1.799713
FILLER_20_609,VPWR,li1,285.8900,68.0000,1.799676
FILLER_20_601,VPWR,li1,283.8200,68.0000,1.799664
FILLER_20_589,VPWR,li1,279.2200,68.0000,1.799639
FILLER_20_586,VPWR,li1,275.5400,68.0000,1.799611
FILLER_20_581,VPWR,li1,273.0100,68.0000,1.799597
FILLER_20_575,VPWR,li1,271.4000,68.0000,1.799597
FILLER_20_563,VPWR,li1,267.2600,68.0000,1.799576
FILLER_20_537,VPWR,li1,252.7700,68.0000,1.799542
FILLER_20_533,VPWR,li1,251.6200,68.0000,1.799545
FILLER_20_531,VPWR,li1,250.0100,68.0000,1.799545
FILLER_20_522,VPWR,li1,246.1000,68.0000,1.799552
FILLER_20_513,VPWR,li1,241.9600,68.0000,1.799560
FILLER_20_505,VPWR,li1,239.6600,68.0000,1.799566
FILLER_20_477,VPWR,li1,227.7000,68.0000,1.799599
FILLER_20_475,VPWR,li1,224.2500,68.0000,1.799607
FILLER_20_458,VPWR,li1,216.8900,68.0000,1.799633
FILLER_20_448,VPWR,li1,212.2900,68.0000,1.799656
FILLER_20_421,VPWR,li1,199.4100,68.0000,1.799733
FILLER_20_419,VPWR,li1,198.4900,68.0000,1.799747
FILLER_20_413,VPWR,li1,196.8800,68.0000,1.799747
FILLER_20_401,VPWR,li1,192.7400,68.0000,1.799786
FILLER_20_393,VPWR,li1,186.5300,68.0000,1.799831
FILLER_20_389,VPWR,li1,185.3800,68.0000,1.799831
FILLER_20_377,VPWR,li1,181.7000,68.0000,1.799857
FILLER_20_365,VPWR,li1,176.1800,68.0000,1.799899
FILLER_20_360,VPWR,li1,172.0400,68.0000,1.799886
FILLER_20_348,VPWR,li1,168.3600,68.0000,1.799880
FILLER_20_340,VPWR,li1,162.3800,68.0000,1.799864
FILLER_20_321,VPWR,li1,154.1000,68.0000,1.799847
FILLER_20_309,VPWR,li1,150.4200,68.0000,1.799839
FILLER_20_305,VPWR,li1,146.5100,68.0000,1.799833
FILLER_20_288,VPWR,li1,138.9200,68.0000,1.799821
FILLER_20_280,VPWR,li1,134.5500,68.0000,1.799816
FILLER_20_266,VPWR,li1,128.3400,68.0000,1.799812
FILLER_20_253,VPWR,li1,123.2800,68.0000,1.799809
FILLER_20_251,VPWR,li1,121.2100,68.0000,1.799808
FILLER_20_245,VPWR,li1,119.6000,68.0000,1.799808
FILLER_20_233,VPWR,li1,112.9300,68.0000,1.799806
FILLER_20_221,VPWR,li1,109.9400,68.0000,1.799806
FILLER_20_197,VPWR,li1,98.9000,68.0000,1.799808
FILLER_20_192,VPWR,li1,94.7600,68.0000,1.799810
FILLER_20_183,VPWR,li1,90.3900,68.0000,1.799814
FILLER_20_175,VPWR,li1,87.8600,68.0000,1.799816
FILLER_20_165,VPWR,li1,82.1100,68.0000,1.799820
FILLER_20_152,VPWR,li1,76.8200,68.0000,1.799826
FILLER_20_136,VPWR,li1,68.3100,68.0000,1.799836
FILLER_20_124,VPWR,li1,65.3200,68.0000,1.799842
FILLER_20_113,VPWR,li1,57.9600,68.0000,1.799851
FILLER_20_105,VPWR,li1,55.6600,68.0000,1.799855
FILLER_20_95,VPWR,li1,49.9100,68.0000,1.799868
FILLER_20_79,VPWR,li1,42.0900,68.0000,1.799882
FILLER_20_57,VPWR,li1,31.9700,68.0000,1.799917
FILLER_20_53,VPWR,li1,30.8200,68.0000,1.799925
FILLER_20_41,VPWR,li1,27.1400,68.0000,1.799939
FILLER_20_29,VPWR,li1,21.6200,68.0000,1.799961
FILLER_20_27,VPWR,li1,18.1700,68.0000,1.799961
FILLER_20_15,VPWR,li1,15.1800,68.0000,1.799961
FILLER_20_3,VPWR,li1,9.6600,68.0000,1.799961
FILLER_19_821,VPWR,li1,383.8700,62.5600,1.799836
FILLER_19_809,VPWR,li1,380.4200,62.5600,1.799836
FILLER_19_797,VPWR,li1,374.9000,62.5600,1.799836
FILLER_19_785,VPWR,li1,369.3800,62.5600,1.799836
FILLER_19_783,VPWR,li1,365.9300,62.5600,1.799836
FILLER_19_777,VPWR,li1,364.3200,62.5600,1.799836
FILLER_19_765,VPWR,li1,360.1800,62.5600,1.799836
FILLER_19_753,VPWR,li1,354.6600,62.5600,1.799836
FILLER_19_739,VPWR,li1,345.9200,62.5600,1.799840
FILLER_19_726,VPWR,li1,339.9400,62.5600,1.799854
FILLER_19_707,VPWR,li1,332.1200,62.5600,1.799885
FILLER_19_695,VPWR,li1,327.9800,62.5600,1.799899
FILLER_19_691,VPWR,li1,323.6100,62.5600,1.799866
FILLER_19_685,VPWR,li1,322.0000,62.5600,1.799866
FILLER_19_673,VPWR,li1,317.8600,62.5600,1.799835
FILLER_19_670,VPWR,li1,314.1800,62.5600,1.799825
FILLER_19_637,VPWR,li1,298.7700,62.5600,1.799749
FILLER_19_633,VPWR,li1,297.6200,62.5600,1.799749
FILLER_19_624,VPWR,li1,293.0200,62.5600,1.799729
FILLER_19_606,VPWR,li1,284.5100,62.5600,1.799694
FILLER_19_584,VPWR,li1,274.8500,62.5600,1.799655
FILLER_19_559,VPWR,li1,262.8900,62.5600,1.799617
FILLER_19_540,VPWR,li1,255.7600,62.5600,1.799598
FILLER_19_522,VPWR,li1,247.0200,62.5600,1.799586
FILLER_19_514,VPWR,li1,242.4200,62.5600,1.799579
FILLER_19_505,VPWR,li1,239.2000,62.5600,1.799574
FILLER_19_500,VPWR,li1,236.4400,62.5600,1.799571
FILLER_19_486,VPWR,li1,230.0000,62.5600,1.799562
FILLER_19_469,VPWR,li1,221.9500,62.5600,1.799555
FILLER_19_460,VPWR,li1,217.3500,62.5600,1.799553
FILLER_19_456,VPWR,li1,216.2000,62.5600,1.799553
FILLER_19_449,VPWR,li1,212.2900,62.5600,1.799557
FILLER_19_446,VPWR,li1,211.1400,62.5600,1.799560
FILLER_19_434,VPWR,li1,207.9200,62.5600,1.799562
FILLER_19_422,VPWR,li1,202.4000,62.5600,1.799589
FILLER_19_410,VPWR,li1,196.8800,62.5600,1.799643
FILLER_19_401,VPWR,li1,190.6700,62.5600,1.799679
FILLER_19_393,VPWR,li1,188.1400,62.5600,1.799700
FILLER_19_386,VPWR,li1,184.4600,62.5600,1.799730
FILLER_19_374,VPWR,li1,177.7900,62.5600,1.799798
FILLER_19_366,VPWR,li1,175.7200,62.5600,1.799829
FILLER_19_345,VPWR,li1,164.9100,62.5600,1.799793
FILLER_19_337,VPWR,li1,162.3800,62.5600,1.799788
FILLER_19_335,VPWR,li1,159.8500,62.5600,1.799779
FILLER_19_323,VPWR,li1,156.8600,62.5600,1.799774
FILLER_19_305,VPWR,li1,147.2000,62.5600,1.799753
FILLER_19_293,VPWR,li1,143.0600,62.5600,1.799747
FILLER_19_281,VPWR,li1,137.5400,62.5600,1.799738
FILLER_19_279,VPWR,li1,134.0900,62.5600,1.799731
FILLER_19_273,VPWR,li1,131.5600,62.5600,1.799727
FILLER_19_261,VPWR,li1,128.3400,62.5600,1.799724
FILLER_19_249,VPWR,li1,122.8200,62.5600,1.799716
FILLER_19_237,VPWR,li1,117.3000,62.5600,1.799708
FILLER_19_225,VPWR,li1,111.7800,62.5600,1.799703
FILLER_19_223,VPWR,li1,108.3300,62.5600,1.799704
FILLER_19_219,VPWR,li1,107.1800,62.5600,1.799704
FILLER_19_207,VPWR,li1,103.5000,62.5600,1.799705
FILLER_19_193,VPWR,li1,95.2200,62.5600,1.799713
FILLER_19_181,VPWR,li1,91.5400,62.5600,1.799717
FILLER_19_169,VPWR,li1,86.0200,62.5600,1.799726
FILLER_19_161,VPWR,li1,80.0400,62.5600,1.799742
FILLER_19_151,VPWR,li1,75.2100,62.5600,1.799754
FILLER_19_139,VPWR,li1,72.2200,62.5600,1.799760
FILLER_19_129,VPWR,li1,65.5500,62.5600,1.799778
FILLER_19_113,VPWR,li1,58.4200,62.5600,1.799801
FILLER_19_106,VPWR,li1,55.6600,62.5600,1.799809
FILLER_19_94,VPWR,li1,51.5200,62.5600,1.799825
FILLER_19_81,VPWR,li1,44.1600,62.5600,1.799856
FILLER_19_69,VPWR,li1,40.0200,62.5600,1.799875
FILLER_19_57,VPWR,li1,32.4300,62.5600,1.799901
FILLER_19_55,VPWR,li1,31.0500,62.5600,1.799913
FILLER_19_51,VPWR,li1,29.9000,62.5600,1.799913
FILLER_19_39,VPWR,li1,26.2200,62.5600,1.799930
FILLER_19_27,VPWR,li1,20.7000,62.5600,1.799955
FILLER_19_15,VPWR,li1,15.1800,62.5600,1.799955
FILLER_19_3,VPWR,li1,9.6600,62.5600,1.799955
FILLER_18_821,VPWR,li1,383.8700,62.5600,1.799836
FILLER_18_813,VPWR,li1,381.3400,62.5600,1.799836
FILLER_18_811,VPWR,li1,378.8100,62.5600,1.799836
FILLER_18_805,VPWR,li1,377.2000,62.5600,1.799836
FILLER_18_793,VPWR,li1,373.0600,62.5600,1.799836
FILLER_18_781,VPWR,li1,367.5400,62.5600,1.799836
FILLER_18_769,VPWR,li1,362.0200,62.5600,1.799836
FILLER_18_757,VPWR,li1,356.5000,62.5600,1.799836
FILLER_18_753,VPWR,li1,352.5900,62.5600,1.799836
FILLER_18_745,VPWR,li1,350.0600,62.5600,1.799836
FILLER_18_737,VPWR,li1,345.2300,62.5600,1.799840
FILLER_18_729,VPWR,li1,342.7000,62.5600,1.799844
FILLER_18_713,VPWR,li1,334.1900,62.5600,1.799870
FILLER_18_701,VPWR,li1,330.7400,62.5600,1.799885
FILLER_18_688,VPWR,li1,324.7600,62.5600,1.799881
FILLER_18_681,VPWR,li1,319.7000,62.5600,1.799853
FILLER_18_675,VPWR,li1,316.2500,62.5600,1.799835
FILLER_18_663,VPWR,li1,313.2600,62.5600,1.799816
FILLER_18_653,VPWR,li1,306.3600,62.5600,1.799788
FILLER_18_645,VPWR,li1,304.0600,62.5600,1.799776
FILLER_18_643,VPWR,li1,301.5300,62.5600,1.799766
FILLER_18_637,VPWR,li1,299.9200,62.5600,1.799758
FILLER_18_625,VPWR,li1,295.7800,62.5600,1.799737
FILLER_18_618,VPWR,li1,290.2600,62.5600,1.799712
FILLER_18_599,VPWR,li1,281.2900,62.5600,1.799681
FILLER_18_589,VPWR,li1,277.8400,62.5600,1.799662
FILLER_18_587,VPWR,li1,275.7700,62.5600,1.799655
FILLER_18_580,VPWR,li1,272.7800,62.5600,1.799649
FILLER_18_572,VPWR,li1,270.4800,62.5600,1.799641
FILLER_18_560,VPWR,li1,265.8800,62.5600,1.799625
FILLER_18_540,VPWR,li1,254.3800,62.5600,1.799598
FILLER_18_533,VPWR,li1,251.3900,62.5600,1.799593
FILLER_18_531,VPWR,li1,250.0100,62.5600,1.799590
FILLER_18_525,VPWR,li1,248.4000,62.5600,1.799586
FILLER_18_513,VPWR,li1,244.2600,62.5600,1.799582
FILLER_18_501,VPWR,li1,236.4400,62.5600,1.799571
FILLER_18_493,VPWR,li1,234.1400,62.5600,1.799567
FILLER_18_486,VPWR,li1,229.5400,62.5600,1.799562
FILLER_18_477,VPWR,li1,226.3200,62.5600,1.799560
FILLER_18_475,VPWR,li1,224.2500,62.5600,1.799557
FILLER_18_471,VPWR,li1,223.1000,62.5600,1.799557
FILLER_18_458,VPWR,li1,216.6600,62.5600,1.799553
FILLER_18_450,VPWR,li1,214.3600,62.5600,1.799555
FILLER_18_438,VPWR,li1,209.7600,62.5600,1.799560
FILLER_18_421,VPWR,li1,199.8700,62.5600,1.799614
FILLER_18_412,VPWR,li1,195.2700,62.5600,1.799643
FILLER_18_408,VPWR,li1,194.1200,62.5600,1.799663
FILLER_18_400,VPWR,li1,189.7500,62.5600,1.799700
FILLER_18_394,VPWR,li1,188.1400,62.5600,1.799700
FILLER_18_385,VPWR,li1,183.3100,62.5600,1.799749
FILLER_18_377,VPWR,li1,180.7800,62.5600,1.799774
FILLER_18_365,VPWR,li1,176.1800,62.5600,1.799829
FILLER_18_358,VPWR,li1,171.5800,62.5600,1.799813
FILLER_18_351,VPWR,li1,167.2100,62.5600,1.799801
FILLER_18_339,VPWR,li1,164.2200,62.5600,1.799793
FILLER_18_327,VPWR,li1,158.7000,62.5600,1.799779
FILLER_18_313,VPWR,li1,149.7300,62.5600,1.799757
FILLER_18_309,VPWR,li1,148.5800,62.5600,1.799753
FILLER_18_307,VPWR,li1,146.9700,62.5600,1.799750
FILLER_18_301,VPWR,li1,145.3600,62.5600,1.799750
FILLER_18_289,VPWR,li1,140.3000,62.5600,1.799742
FILLER_18_277,VPWR,li1,135.7000,62.5600,1.799735
FILLER_18_265,VPWR,li1,130.1800,62.5600,1.799727
FILLER_18_251,VPWR,li1,121.2100,62.5600,1.799712
FILLER_18_247,VPWR,li1,120.0600,62.5600,1.799712
FILLER_18_235,VPWR,li1,116.3800,62.5600,1.799708
FILLER_18_227,VPWR,li1,110.4000,62.5600,1.799703
FILLER_18_219,VPWR,li1,108.1000,62.5600,1.799704
FILLER_18_209,VPWR,li1,102.3500,62.5600,1.799705
FILLER_18_201,VPWR,li1,98.2100,62.5600,1.799710
FILLER_18_197,VPWR,li1,97.0600,62.5600,1.799710
FILLER_18_195,VPWR,li1,95.4500,62.5600,1.799713
FILLER_18_187,VPWR,li1,93.3800,62.5600,1.799715
FILLER_18_175,VPWR,li1,88.7800,62.5600,1.799721
FILLER_18_165,VPWR,li1,82.8000,62.5600,1.799735
FILLER_18_153,VPWR,li1,78.6600,62.5600,1.799742
FILLER_18_148,VPWR,li1,74.0600,62.5600,1.799754
FILLER_18_133,VPWR,li1,66.9300,62.5600,1.799778
FILLER_18_121,VPWR,li1,63.9400,62.5600,1.799784
FILLER_18_112,VPWR,li1,57.9600,62.5600,1.799801
FILLER_18_97,VPWR,li1,50.8300,62.5600,1.799825
FILLER_18_85,VPWR,li1,47.3800,62.5600,1.799838
FILLER_18_83,VPWR,li1,43.9300,62.5600,1.799856
FILLER_18_75,VPWR,li1,40.9400,62.5600,1.799864
FILLER_18_71,VPWR,li1,38.4100,62.5600,1.799875
FILLER_18_65,VPWR,li1,36.8000,62.5600,1.799885
FILLER_18_53,VPWR,li1,32.6600,62.5600,1.799901
FILLER_18_41,VPWR,li1,27.1400,62.5600,1.799930
FILLER_18_29,VPWR,li1,21.6200,62.5600,1.799955
FILLER_18_27,VPWR,li1,18.1700,62.5600,1.799955
FILLER_18_15,VPWR,li1,15.1800,62.5600,1.799955
FILLER_18_3,VPWR,li1,9.6600,62.5600,1.799955
FILLER_17_821,VPWR,li1,383.8700,57.1200,1.799575
FILLER_17_809,VPWR,li1,380.4200,57.1200,1.799577
FILLER_17_797,VPWR,li1,374.9000,57.1200,1.799584
FILLER_17_785,VPWR,li1,369.3800,57.1200,1.799588
FILLER_17_783,VPWR,li1,365.9300,57.1200,1.799593
FILLER_17_779,VPWR,li1,364.7800,57.1200,1.799593
FILLER_17_767,VPWR,li1,361.1000,57.1200,1.799600
FILLER_17_757,VPWR,li1,354.4300,57.1200,1.799616
FILLER_17_743,VPWR,li1,347.5300,57.1200,1.799658
FILLER_17_737,VPWR,li1,345.9200,57.1200,1.799658
FILLER_17_714,VPWR,li1,334.1900,57.1200,1.799750
FILLER_17_692,VPWR,li1,325.2200,57.1200,1.799767
FILLER_17_660,VPWR,li1,311.8800,57.1200,1.799655
FILLER_17_648,VPWR,li1,306.3600,57.1200,1.799630
FILLER_17_636,VPWR,li1,298.3100,57.1200,1.799606
FILLER_17_630,VPWR,li1,296.7000,57.1200,1.799599
FILLER_17_625,VPWR,li1,293.4800,57.1200,1.799592
FILLER_17_617,VPWR,li1,291.1800,57.1200,1.799585
FILLER_17_615,VPWR,li1,288.6500,57.1200,1.799579
FILLER_17_607,VPWR,li1,286.5800,57.1200,1.799574
FILLER_17_601,VPWR,li1,282.6700,57.1200,1.799563
FILLER_17_589,VPWR,li1,279.2200,57.1200,1.799553
FILLER_17_574,VPWR,li1,270.2500,57.1200,1.799550
FILLER_17_558,VPWR,li1,262.6600,57.1200,1.799552
FILLER_17_525,VPWR,li1,247.7100,57.1200,1.799565
FILLER_17_517,VPWR,li1,243.5700,57.1200,1.799570
FILLER_17_505,VPWR,li1,240.5800,57.1200,1.799575
FILLER_17_503,VPWR,li1,237.1300,57.1200,1.799579
FILLER_17_495,VPWR,li1,235.0600,57.1200,1.799583
FILLER_17_479,VPWR,li1,226.0900,57.1200,1.799601
FILLER_17_465,VPWR,li1,219.6500,57.1200,1.799618
FILLER_17_449,VPWR,li1,212.7500,57.1200,1.799636
FILLER_17_447,VPWR,li1,211.3700,57.1200,1.799642
FILLER_17_443,VPWR,li1,210.2200,57.1200,1.799642
FILLER_17_429,VPWR,li1,203.0900,57.1200,1.799669
FILLER_17_423,VPWR,li1,200.3300,57.1200,1.799682
FILLER_17_419,VPWR,li1,199.1800,57.1200,1.799682
FILLER_17_410,VPWR,li1,194.5800,57.1200,1.799704
FILLER_17_402,VPWR,li1,190.6700,57.1200,1.799724
FILLER_17_396,VPWR,li1,189.0600,57.1200,1.799741
FILLER_17_391,VPWR,li1,185.6100,57.1200,1.799750
FILLER_17_375,VPWR,li1,178.7100,57.1200,1.799788
FILLER_17_363,VPWR,li1,175.2600,57.1200,1.799808
FILLER_17_357,VPWR,li1,169.9700,57.1200,1.799736
FILLER_17_345,VPWR,li1,166.9800,57.1200,1.799683
FILLER_17_324,VPWR,li1,157.3200,57.1200,1.799570
FILLER_17_312,VPWR,li1,151.8000,57.1200,1.799494
FILLER_17_281,VPWR,li1,135.0100,57.1200,1.799330
FILLER_17_271,VPWR,li1,130.6400,57.1200,1.799305
FILLER_17_263,VPWR,li1,128.3400,57.1200,1.799291
FILLER_17_248,VPWR,li1,120.0600,57.1200,1.799241
FILLER_17_240,VPWR,li1,117.7600,57.1200,1.799230
FILLER_17_232,VPWR,li1,112.4700,57.1200,1.799218
FILLER_17_212,VPWR,li1,103.7300,57.1200,1.799241
FILLER_17_204,VPWR,li1,101.2000,57.1200,1.799249
FILLER_17_197,VPWR,li1,96.3700,57.1200,1.799268
FILLER_17_185,VPWR,li1,93.3800,57.1200,1.799277
FILLER_17_169,VPWR,li1,83.7200,57.1200,1.799329
FILLER_17_158,VPWR,li1,78.8900,57.1200,1.799366
FILLER_17_144,VPWR,li1,72.6800,57.1200,1.799410
FILLER_17_132,VPWR,li1,69.0000,57.1200,1.799432
FILLER_17_120,VPWR,li1,63.4800,57.1200,1.799489
FILLER_17_100,VPWR,li1,54.2800,57.1200,1.799561
FILLER_17_89,VPWR,li1,47.3800,57.1200,1.799614
FILLER_17_80,VPWR,li1,42.7800,57.1200,1.799664
FILLER_17_69,VPWR,li1,37.4900,57.1200,1.799718
FILLER_17_57,VPWR,li1,34.5000,57.1200,1.799743
FILLER_17_55,VPWR,li1,31.0500,57.1200,1.799793
FILLER_17_51,VPWR,li1,29.9000,57.1200,1.799793
FILLER_17_39,VPWR,li1,26.2200,57.1200,1.799832
FILLER_17_27,VPWR,li1,20.7000,57.1200,1.799892
FILLER_17_15,VPWR,li1,15.1800,57.1200,1.799892
FILLER_17_3,VPWR,li1,9.6600,57.1200,1.799892
FILLER_16_819,VPWR,li1,382.4900,57.1200,1.799575
FILLER_16_813,VPWR,li1,380.8800,57.1200,1.799577
FILLER_16_806,VPWR,li1,377.6600,57.1200,1.799580
FILLER_16_794,VPWR,li1,373.5200,57.1200,1.799584
FILLER_16_772,VPWR,li1,361.1000,57.1200,1.799600
FILLER_16_741,VPWR,li1,347.0700,57.1200,1.799658
FILLER_16_729,VPWR,li1,343.6200,57.1200,1.799678
FILLER_16_717,VPWR,li1,338.1000,57.1200,1.799708
FILLER_16_708,VPWR,li1,331.4300,57.1200,1.799770
FILLER_16_701,VPWR,li1,328.9000,57.1200,1.799796
FILLER_16_692,VPWR,li1,325.6800,57.1200,1.799767
FILLER_16_671,VPWR,li1,314.4100,57.1200,1.799666
FILLER_16_667,VPWR,li1,313.2600,57.1200,1.799666
FILLER_16_645,VPWR,li1,303.1400,57.1200,1.799618
FILLER_16_638,VPWR,li1,300.3800,57.1200,1.799612
FILLER_16_622,VPWR,li1,291.8700,57.1200,1.799585
FILLER_16_618,VPWR,li1,290.7200,57.1200,1.799585
FILLER_16_611,VPWR,li1,287.0400,57.1200,1.799574
FILLER_16_599,VPWR,li1,283.8200,57.1200,1.799563
FILLER_16_589,VPWR,li1,277.1500,57.1200,1.799552
FILLER_16_568,VPWR,li1,267.0300,57.1200,1.799551
FILLER_16_549,VPWR,li1,258.5200,57.1200,1.799553
FILLER_16_533,VPWR,li1,250.9300,57.1200,1.799559
FILLER_16_518,VPWR,li1,244.2600,57.1200,1.799568
FILLER_16_504,VPWR,li1,237.5900,57.1200,1.799579
FILLER_16_492,VPWR,li1,234.6000,57.1200,1.799583
FILLER_16_483,VPWR,li1,227.9300,57.1200,1.799595
FILLER_16_477,VPWR,li1,225.1700,57.1200,1.799601
FILLER_16_475,VPWR,li1,224.2500,57.1200,1.799605
FILLER_16_462,VPWR,li1,218.2700,57.1200,1.799618
FILLER_16_453,VPWR,li1,214.3600,57.1200,1.799629
FILLER_16_445,VPWR,li1,212.0600,57.1200,1.799636
FILLER_16_433,VPWR,li1,207.4600,57.1200,1.799654
FILLER_16_421,VPWR,li1,201.9400,57.1200,1.799669
FILLER_16_412,VPWR,li1,196.8800,57.1200,1.799692
FILLER_16_391,VPWR,li1,185.6100,57.1200,1.799750
FILLER_16_387,VPWR,li1,184.4600,57.1200,1.799760
FILLER_16_372,VPWR,li1,176.8700,57.1200,1.799798
FILLER_16_360,VPWR,li1,172.0400,57.1200,1.799767
FILLER_16_348,VPWR,li1,165.8300,57.1200,1.799683
FILLER_16_319,VPWR,li1,152.9500,57.1200,1.799494
FILLER_16_315,VPWR,li1,150.6500,57.1200,1.799461
FILLER_16_309,VPWR,li1,149.0400,57.1200,1.799461
FILLER_16_305,VPWR,li1,146.5100,57.1200,1.799428
FILLER_16_301,VPWR,li1,144.2100,57.1200,1.799407
FILLER_16_293,VPWR,li1,142.1400,57.1200,1.799382
FILLER_16_281,VPWR,li1,137.5400,57.1200,1.799352
FILLER_16_273,VPWR,li1,131.5600,57.1200,1.799305
FILLER_16_265,VPWR,li1,129.2600,57.1200,1.799291
FILLER_16_253,VPWR,li1,124.6600,57.1200,1.799269
FILLER_16_251,VPWR,li1,121.2100,57.1200,1.799241
FILLER_16_245,VPWR,li1,119.6000,57.1200,1.799241
FILLER_16_234,VPWR,li1,113.3900,57.1200,1.799218
FILLER_16_230,VPWR,li1,112.2400,57.1200,1.799218
FILLER_16_216,VPWR,li1,106.7200,57.1200,1.799234
FILLER_16_204,VPWR,li1,102.1200,57.1200,1.799249
FILLER_16_193,VPWR,li1,94.9900,57.1200,1.799277
FILLER_16_181,VPWR,li1,91.5400,57.1200,1.799284
FILLER_16_174,VPWR,li1,85.7900,57.1200,1.799315
FILLER_16_161,VPWR,li1,80.5000,57.1200,1.799344
FILLER_16_147,VPWR,li1,73.3700,57.1200,1.799410
FILLER_16_141,VPWR,li1,71.7600,57.1200,1.799410
FILLER_16_137,VPWR,li1,69.2300,57.1200,1.799432
FILLER_16_125,VPWR,li1,65.7800,57.1200,1.799458
FILLER_16_106,VPWR,li1,54.5100,57.1200,1.799561
FILLER_16_102,VPWR,li1,53.3600,57.1200,1.799561
FILLER_16_90,VPWR,li1,49.6800,57.1200,1.799593
FILLER_16_82,VPWR,li1,43.7000,57.1200,1.799664
FILLER_16_75,VPWR,li1,40.4800,57.1200,1.799694
FILLER_16_53,VPWR,li1,32.6600,57.1200,1.799763
FILLER_16_41,VPWR,li1,27.1400,57.1200,1.799832
FILLER_16_29,VPWR,li1,21.6200,57.1200,1.799892
FILLER_16_27,VPWR,li1,18.1700,57.1200,1.799892
FILLER_16_15,VPWR,li1,15.1800,57.1200,1.799892
FILLER_16_3,VPWR,li1,9.6600,57.1200,1.799892
FILLER_15_817,VPWR,li1,382.0300,51.6800,1.799633
FILLER_15_809,VPWR,li1,379.5000,51.6800,1.799635
FILLER_15_797,VPWR,li1,374.9000,51.6800,1.799640
FILLER_15_785,VPWR,li1,369.3800,51.6800,1.799645
FILLER_15_782,VPWR,li1,365.7000,51.6800,1.799649
FILLER_15_770,VPWR,li1,362.4800,51.6800,1.799652
FILLER_15_751,VPWR,li1,352.3600,51.6800,1.799670
FILLER_15_741,VPWR,li1,347.3000,51.6800,1.799685
FILLER_15_720,VPWR,li1,337.1800,51.6800,1.799761
FILLER_15_712,VPWR,li1,334.8800,51.6800,1.799780
FILLER_15_700,VPWR,li1,330.2800,51.6800,1.799823
FILLER_15_668,VPWR,li1,313.0300,51.6800,1.799768
FILLER_15_656,VPWR,li1,310.0400,51.6800,1.799760
FILLER_15_644,VPWR,li1,304.5200,51.6800,1.799744
FILLER_15_632,VPWR,li1,299.0000,51.6800,1.799734
FILLER_15_600,VPWR,li1,283.3600,51.6800,1.799716
FILLER_15_590,VPWR,li1,277.8400,51.6800,1.799712
FILLER_15_557,VPWR,li1,262.4300,51.6800,1.799724
FILLER_15_545,VPWR,li1,258.9800,51.6800,1.799727
FILLER_15_527,VPWR,li1,248.8600,51.6800,1.799738
FILLER_15_521,VPWR,li1,245.4100,51.6800,1.799743
FILLER_15_517,VPWR,li1,244.2600,51.6800,1.799743
FILLER_15_499,VPWR,li1,235.2900,51.6800,1.799759
FILLER_15_491,VPWR,li1,231.8400,51.6800,1.799762
FILLER_15_486,VPWR,li1,229.3100,51.6800,1.799767
FILLER_15_480,VPWR,li1,227.7000,51.6800,1.799774
FILLER_15_468,VPWR,li1,223.5600,51.6800,1.799779
FILLER_15_461,VPWR,li1,217.8100,51.6800,1.799795
FILLER_15_439,VPWR,li1,208.1500,51.6800,1.799815
FILLER_15_431,VPWR,li1,205.6200,51.6800,1.799822
FILLER_15_413,VPWR,li1,195.9600,51.6800,1.799855
FILLER_15_401,VPWR,li1,192.7400,51.6800,1.799869
FILLER_15_393,VPWR,li1,186.7600,51.6800,1.799897
FILLER_15_391,VPWR,li1,185.6100,51.6800,1.799897
FILLER_15_379,VPWR,li1,182.6200,51.6800,1.799913
FILLER_15_371,VPWR,li1,176.4100,51.6800,1.799939
FILLER_15_363,VPWR,li1,174.3400,51.6800,1.799934
FILLER_15_356,VPWR,li1,169.5100,51.6800,1.799927
FILLER_15_344,VPWR,li1,166.5200,51.6800,1.799922
FILLER_15_334,VPWR,li1,159.6200,51.6800,1.799910
FILLER_15_326,VPWR,li1,155.7100,51.6800,1.799903
FILLER_15_310,VPWR,li1,148.5800,51.6800,1.799893
FILLER_15_302,VPWR,li1,146.2800,51.6800,1.799890
FILLER_15_293,VPWR,li1,141.6800,51.6800,1.799884
FILLER_15_281,VPWR,li1,137.5400,51.6800,1.799879
FILLER_15_279,VPWR,li1,134.0900,51.6800,1.799876
FILLER_15_267,VPWR,li1,131.1000,51.6800,1.799872
FILLER_15_257,VPWR,li1,124.4300,51.6800,1.799867
FILLER_15_249,VPWR,li1,121.9000,51.6800,1.799865
FILLER_15_237,VPWR,li1,117.3000,51.6800,1.799863
FILLER_15_225,VPWR,li1,111.7800,51.6800,1.799861
FILLER_15_218,VPWR,li1,107.1800,51.6800,1.799860
FILLER_15_206,VPWR,li1,101.6600,51.6800,1.799859
FILLER_15_201,VPWR,li1,98.4400,51.6800,1.799859
FILLER_15_181,VPWR,li1,90.6200,51.6800,1.799860
FILLER_15_169,VPWR,li1,86.0200,51.6800,1.799861
FILLER_15_164,VPWR,li1,81.8800,51.6800,1.799862
FILLER_15_152,VPWR,li1,78.2000,51.6800,1.799863
FILLER_15_122,VPWR,li1,63.4800,51.6800,1.799875
FILLER_15_109,VPWR,li1,56.3500,51.6800,1.799884
FILLER_15_97,VPWR,li1,52.9000,51.6800,1.799888
FILLER_15_85,VPWR,li1,47.3800,51.6800,1.799897
FILLER_15_73,VPWR,li1,41.8600,51.6800,1.799907
FILLER_15_69,VPWR,li1,37.4900,51.6800,1.799922
FILLER_15_57,VPWR,li1,34.5000,51.6800,1.799928
FILLER_15_55,VPWR,li1,31.0500,51.6800,1.799942
FILLER_15_51,VPWR,li1,29.9000,51.6800,1.799942
FILLER_15_39,VPWR,li1,26.2200,51.6800,1.799953
FILLER_15_27,VPWR,li1,20.7000,51.6800,1.799970
FILLER_15_15,VPWR,li1,15.1800,51.6800,1.799970
FILLER_15_3,VPWR,li1,9.6600,51.6800,1.799970
FILLER_14_821,VPWR,li1,383.8700,51.6800,1.799631
FILLER_14_813,VPWR,li1,381.3400,51.6800,1.799633
FILLER_14_811,VPWR,li1,378.8100,51.6800,1.799637
FILLER_14_805,VPWR,li1,377.2000,51.6800,1.799637
FILLER_14_793,VPWR,li1,373.0600,51.6800,1.799641
FILLER_14_769,VPWR,li1,360.1800,51.6800,1.799654
FILLER_14_757,VPWR,li1,356.5000,51.6800,1.799662
FILLER_14_755,VPWR,li1,353.0500,51.6800,1.799670
FILLER_14_747,VPWR,li1,350.9800,51.6800,1.799677
FILLER_14_731,VPWR,li1,342.2400,51.6800,1.799718
FILLER_14_719,VPWR,li1,339.0200,51.6800,1.799745
FILLER_14_709,VPWR,li1,331.8900,51.6800,1.799805
FILLER_14_701,VPWR,li1,329.8200,51.6800,1.799823
FILLER_14_698,VPWR,li1,327.0600,51.6800,1.799827
FILLER_14_693,VPWR,li1,324.7600,51.6800,1.799809
FILLER_14_678,VPWR,li1,318.0900,51.6800,1.799782
FILLER_14_670,VPWR,li1,314.4100,51.6800,1.799768
FILLER_14_658,VPWR,li1,310.9600,51.6800,1.799760
FILLER_14_640,VPWR,li1,300.8400,51.6800,1.799739
FILLER_14_621,VPWR,li1,293.9400,51.6800,1.799728
FILLER_14_617,VPWR,li1,289.5700,51.6800,1.799723
FILLER_14_609,VPWR,li1,285.8900,51.6800,1.799718
FILLER_14_601,VPWR,li1,283.8200,51.6800,1.799716
FILLER_14_589,VPWR,li1,279.2200,51.6800,1.799711
FILLER_14_587,VPWR,li1,275.7700,51.6800,1.799713
FILLER_14_581,VPWR,li1,274.1600,51.6800,1.799713
FILLER_14_569,VPWR,li1,268.1800,51.6800,1.799719
FILLER_14_557,VPWR,li1,264.5000,51.6800,1.799722
FILLER_14_545,VPWR,li1,258.9800,51.6800,1.799727
FILLER_14_533,VPWR,li1,253.4600,51.6800,1.799733
FILLER_14_526,VPWR,li1,248.8600,51.6800,1.799738
FILLER_14_514,VPWR,li1,244.7200,51.6800,1.799743
FILLER_14_477,VPWR,li1,226.3200,51.6800,1.799774
FILLER_14_474,VPWR,li1,224.0200,51.6800,1.799779
FILLER_14_466,VPWR,li1,221.7200,51.6800,1.799783
FILLER_14_458,VPWR,li1,216.4300,51.6800,1.799795
FILLER_14_454,VPWR,li1,215.2800,51.6800,1.799801
FILLER_14_418,VPWR,li1,198.2600,51.6800,1.799846
FILLER_14_412,VPWR,li1,195.2700,51.6800,1.799862
FILLER_14_408,VPWR,li1,194.1200,51.6800,1.799862
FILLER_14_400,VPWR,li1,190.4400,51.6800,1.799877
FILLER_14_384,VPWR,li1,183.0800,51.6800,1.799913
FILLER_14_377,VPWR,li1,179.8600,51.6800,1.799927
FILLER_14_365,VPWR,li1,176.1800,51.6800,1.799939
FILLER_14_356,VPWR,li1,171.1200,51.6800,1.799927
FILLER_14_347,VPWR,li1,165.6000,51.6800,1.799917
FILLER_14_338,VPWR,li1,161.6900,51.6800,1.799913
FILLER_14_330,VPWR,li1,159.1600,51.6800,1.799906
FILLER_14_318,VPWR,li1,154.5600,51.6800,1.799900
FILLER_14_313,VPWR,li1,149.7300,51.6800,1.799893
FILLER_14_295,VPWR,li1,141.4500,51.6800,1.799884
FILLER_14_282,VPWR,li1,135.4700,51.6800,1.799876
FILLER_14_276,VPWR,li1,133.1700,51.6800,1.799874
FILLER_14_265,VPWR,li1,127.6500,51.6800,1.799870
FILLER_14_253,VPWR,li1,122.1300,51.6800,1.799865
FILLER_14_251,VPWR,li1,121.2100,51.6800,1.799865
FILLER_14_243,VPWR,li1,117.5300,51.6800,1.799863
FILLER_14_235,VPWR,li1,114.3100,51.6800,1.799862
FILLER_14_210,VPWR,li1,102.5800,51.6800,1.799859
FILLER_14_202,VPWR,li1,100.2800,51.6800,1.799859
FILLER_14_195,VPWR,li1,95.4500,51.6800,1.799859
FILLER_14_182,VPWR,li1,89.7000,51.6800,1.799860
FILLER_14_174,VPWR,li1,87.4000,51.6800,1.799861
FILLER_14_166,VPWR,li1,82.3400,51.6800,1.799862
FILLER_14_155,VPWR,li1,77.5100,51.6800,1.799864
FILLER_14_141,VPWR,li1,71.0700,51.6800,1.799868
FILLER_14_139,VPWR,li1,69.6900,51.6800,1.799868
FILLER_14_132,VPWR,li1,66.4700,51.6800,1.799871
FILLER_14_126,VPWR,li1,64.8600,51.6800,1.799875
FILLER_14_114,VPWR,li1,60.7200,51.6800,1.799878
FILLER_14_108,VPWR,li1,55.4300,51.6800,1.799884
FILLER_14_102,VPWR,li1,53.8200,51.6800,1.799888
FILLER_14_90,VPWR,li1,49.6800,51.6800,1.799893
FILLER_14_65,VPWR,li1,36.3400,51.6800,1.799922
FILLER_14_53,VPWR,li1,32.6600,51.6800,1.799933
FILLER_14_41,VPWR,li1,27.1400,51.6800,1.799953
FILLER_14_29,VPWR,li1,21.6200,51.6800,1.799970
FILLER_14_27,VPWR,li1,18.1700,51.6800,1.799970
FILLER_14_15,VPWR,li1,15.1800,51.6800,1.799970
FILLER_14_3,VPWR,li1,9.6600,51.6800,1.799970
FILLER_13_821,VPWR,li1,383.8700,46.2400,1.799565
FILLER_13_809,VPWR,li1,380.4200,46.2400,1.799567
FILLER_13_797,VPWR,li1,374.9000,46.2400,1.799572
FILLER_13_785,VPWR,li1,369.3800,46.2400,1.799578
FILLER_13_781,VPWR,li1,365.4700,46.2400,1.799582
FILLER_13_769,VPWR,li1,362.0200,46.2400,1.799585
FILLER_13_757,VPWR,li1,356.5000,46.2400,1.799593
FILLER_13_720,VPWR,li1,338.5600,46.2400,1.799688
FILLER_13_711,VPWR,li1,333.2700,46.2400,1.799714
FILLER_13_699,VPWR,li1,329.8200,46.2400,1.799744
FILLER_13_689,VPWR,li1,323.1500,46.2400,1.799635
FILLER_13_681,VPWR,li1,320.6200,46.2400,1.799588
FILLER_13_673,VPWR,li1,315.7900,46.2400,1.799497
FILLER_13_671,VPWR,li1,314.4100,46.2400,1.799456
FILLER_13_667,VPWR,li1,313.2600,46.2400,1.799456
FILLER_13_652,VPWR,li1,307.2800,46.2400,1.799351
FILLER_13_640,VPWR,li1,302.6800,46.2400,1.799253
FILLER_13_635,VPWR,li1,297.8500,46.2400,1.799163
FILLER_13_629,VPWR,li1,296.2400,46.2400,1.799163
FILLER_13_617,VPWR,li1,292.1000,46.2400,1.799093
FILLER_13_614,VPWR,li1,288.4200,46.2400,1.799020
FILLER_13_606,VPWR,li1,286.1200,46.2400,1.798985
FILLER_13_594,VPWR,li1,279.2200,46.2400,1.798917
FILLER_13_582,VPWR,li1,276.0000,46.2400,1.798907
FILLER_13_570,VPWR,li1,270.4800,46.2400,1.798881
FILLER_13_559,VPWR,li1,262.8900,46.2400,1.798855
FILLER_13_548,VPWR,li1,258.2900,46.2400,1.798862
FILLER_13_540,VPWR,li1,255.7600,46.2400,1.798877
FILLER_13_528,VPWR,li1,251.1600,46.2400,1.798915
FILLER_13_503,VPWR,li1,237.1300,46.2400,1.799008
FILLER_13_499,VPWR,li1,235.9800,46.2400,1.799008
FILLER_13_484,VPWR,li1,229.0800,46.2400,1.799069
FILLER_13_473,VPWR,li1,223.3300,46.2400,1.799112
FILLER_13_461,VPWR,li1,220.3400,46.2400,1.799137
FILLER_13_449,VPWR,li1,214.8200,46.2400,1.799198
FILLER_13_446,VPWR,li1,211.1400,46.2400,1.799249
FILLER_13_438,VPWR,li1,208.8400,46.2400,1.799291
FILLER_13_433,VPWR,li1,205.1600,46.2400,1.799333
FILLER_13_410,VPWR,li1,194.5800,46.2400,1.799503
FILLER_13_393,VPWR,li1,187.2200,46.2400,1.799593
FILLER_13_391,VPWR,li1,185.6100,46.2400,1.799635
FILLER_13_387,VPWR,li1,184.4600,46.2400,1.799635
FILLER_13_375,VPWR,li1,180.7800,46.2400,1.799704
FILLER_13_363,VPWR,li1,175.2600,46.2400,1.799787
FILLER_13_337,VPWR,li1,161.2300,46.2400,1.799773
FILLER_13_328,VPWR,li1,157.3200,46.2400,1.799769
FILLER_13_316,VPWR,li1,153.6400,46.2400,1.799768
FILLER_13_304,VPWR,li1,148.1200,46.2400,1.799763
FILLER_13_296,VPWR,li1,142.1400,46.2400,1.799758
FILLER_13_281,VPWR,li1,137.5400,46.2400,1.799756
FILLER_13_277,VPWR,li1,133.6300,46.2400,1.799755
FILLER_13_269,VPWR,li1,131.1000,46.2400,1.799753
FILLER_13_253,VPWR,li1,123.2800,46.2400,1.799750
FILLER_13_237,VPWR,li1,115.0000,46.2400,1.799746
FILLER_13_229,VPWR,li1,111.0900,46.2400,1.799745
FILLER_13_225,VPWR,li1,109.9400,46.2400,1.799745
FILLER_13_222,VPWR,li1,108.1000,46.2400,1.799745
FILLER_13_216,VPWR,li1,105.1100,46.2400,1.799744
FILLER_13_203,VPWR,li1,100.2800,46.2400,1.799744
FILLER_13_191,VPWR,li1,96.1400,46.2400,1.799745
FILLER_13_172,VPWR,li1,87.4000,46.2400,1.799746
FILLER_13_165,VPWR,li1,82.1100,46.2400,1.799748
FILLER_13_133,VPWR,li1,66.9300,46.2400,1.799757
FILLER_13_125,VPWR,li1,63.4800,46.2400,1.799760
FILLER_13_113,VPWR,li1,60.2600,46.2400,1.799765
FILLER_13_110,VPWR,li1,56.5800,46.2400,1.799769
FILLER_13_93,VPWR,li1,50.1400,46.2400,1.799790
FILLER_13_77,VPWR,li1,41.6300,46.2400,1.799825
FILLER_13_69,VPWR,li1,39.1000,46.2400,1.799844
FILLER_13_57,VPWR,li1,34.5000,46.2400,1.799865
FILLER_13_55,VPWR,li1,31.0500,46.2400,1.799891
FILLER_13_51,VPWR,li1,29.9000,46.2400,1.799891
FILLER_13_39,VPWR,li1,26.2200,46.2400,1.799912
FILLER_13_27,VPWR,li1,20.7000,46.2400,1.799943
FILLER_13_15,VPWR,li1,15.1800,46.2400,1.799943
FILLER_13_3,VPWR,li1,9.6600,46.2400,1.799943
FILLER_12_819,VPWR,li1,382.4900,46.2400,1.799565
FILLER_12_813,VPWR,li1,380.8800,46.2400,1.799567
FILLER_12_809,VPWR,li1,378.3500,46.2400,1.799569
FILLER_12_801,VPWR,li1,375.8200,46.2400,1.799572
FILLER_12_789,VPWR,li1,371.2200,46.2400,1.799576
FILLER_12_777,VPWR,li1,365.7000,46.2400,1.799582
FILLER_12_753,VPWR,li1,352.5900,46.2400,1.799602
FILLER_12_741,VPWR,li1,349.1400,46.2400,1.799617
FILLER_12_729,VPWR,li1,343.6200,46.2400,1.799643
FILLER_12_724,VPWR,li1,339.0200,46.2400,1.799674
FILLER_12_716,VPWR,li1,335.1100,46.2400,1.799701
FILLER_12_708,VPWR,li1,331.4300,46.2400,1.799727
FILLER_12_704,VPWR,li1,330.2800,46.2400,1.799744
FILLER_12_698,VPWR,li1,327.0600,46.2400,1.799707
FILLER_12_671,VPWR,li1,315.5600,46.2400,1.799497
FILLER_12_645,VPWR,li1,304.0600,46.2400,1.799296
FILLER_12_643,VPWR,li1,301.5300,46.2400,1.799253
FILLER_12_639,VPWR,li1,300.3800,46.2400,1.799210
FILLER_12_630,VPWR,li1,295.7800,46.2400,1.799132
FILLER_12_615,VPWR,li1,289.8000,46.2400,1.799055
FILLER_12_603,VPWR,li1,283.3600,46.2400,1.798960
FILLER_12_587,VPWR,li1,275.7700,46.2400,1.798898
FILLER_12_581,VPWR,li1,274.1600,46.2400,1.798898
FILLER_12_573,VPWR,li1,269.3300,46.2400,1.798869
FILLER_12_567,VPWR,li1,267.7200,46.2400,1.798869
FILLER_12_558,VPWR,li1,262.6600,46.2400,1.798855
FILLER_12_529,VPWR,li1,249.5500,46.2400,1.798915
FILLER_12_518,VPWR,li1,244.2600,46.2400,1.798958
FILLER_12_506,VPWR,li1,241.0400,46.2400,1.798982
FILLER_12_494,VPWR,li1,235.5200,46.2400,1.799023
FILLER_12_477,VPWR,li1,225.6300,46.2400,1.799084
FILLER_12_473,VPWR,li1,223.7900,46.2400,1.799098
FILLER_12_460,VPWR,li1,217.3500,46.2400,1.799163
FILLER_12_456,VPWR,li1,216.2000,46.2400,1.799198
FILLER_12_444,VPWR,li1,212.5200,46.2400,1.799249
FILLER_12_440,VPWR,li1,208.1500,46.2400,1.799291
FILLER_12_428,VPWR,li1,205.1600,46.2400,1.799333
FILLER_12_407,VPWR,li1,193.2000,46.2400,1.799503
FILLER_12_384,VPWR,li1,182.3900,46.2400,1.799666
FILLER_12_347,VPWR,li1,165.8300,46.2400,1.799777
FILLER_12_333,VPWR,li1,159.1600,46.2400,1.799772
FILLER_12_321,VPWR,li1,155.9400,46.2400,1.799769
FILLER_12_309,VPWR,li1,150.4200,46.2400,1.799765
FILLER_12_296,VPWR,li1,144.4400,46.2400,1.799761
FILLER_12_283,VPWR,li1,135.9300,46.2400,1.799756
FILLER_12_277,VPWR,li1,134.3200,46.2400,1.799755
FILLER_12_265,VPWR,li1,130.1800,46.2400,1.799752
FILLER_12_253,VPWR,li1,124.6600,46.2400,1.799750
FILLER_12_251,VPWR,li1,121.2100,46.2400,1.799749
FILLER_12_243,VPWR,li1,119.1400,46.2400,1.799748
FILLER_12_231,VPWR,li1,114.5400,46.2400,1.799746
FILLER_12_222,VPWR,li1,108.3300,46.2400,1.799745
FILLER_12_202,VPWR,li1,100.2800,46.2400,1.799744
FILLER_12_195,VPWR,li1,95.4500,46.2400,1.799745
FILLER_12_183,VPWR,li1,91.5400,46.2400,1.799745
FILLER_12_177,VPWR,li1,87.6300,46.2400,1.799746
FILLER_12_169,VPWR,li1,85.1000,46.2400,1.799747
FILLER_12_157,VPWR,li1,80.5000,46.2400,1.799748
FILLER_12_149,VPWR,li1,74.5200,46.2400,1.799751
FILLER_12_141,VPWR,li1,72.2200,46.2400,1.799753
FILLER_12_137,VPWR,li1,69.2300,46.2400,1.799756
FILLER_12_115,VPWR,li1,59.1100,46.2400,1.799765
FILLER_12_92,VPWR,li1,48.7600,46.2400,1.799790
FILLER_12_83,VPWR,li1,43.9300,46.2400,1.799812
FILLER_12_77,VPWR,li1,42.3200,46.2400,1.799825
FILLER_12_65,VPWR,li1,38.1800,46.2400,1.799844
FILLER_12_53,VPWR,li1,32.6600,46.2400,1.799876
FILLER_12_41,VPWR,li1,27.1400,46.2400,1.799912
FILLER_12_29,VPWR,li1,21.6200,46.2400,1.799943
FILLER_12_27,VPWR,li1,18.1700,46.2400,1.799943
FILLER_12_15,VPWR,li1,15.1800,46.2400,1.799943
FILLER_12_3,VPWR,li1,9.6600,46.2400,1.799943
FILLER_11_821,VPWR,li1,383.8700,40.8000,1.799804
FILLER_11_809,VPWR,li1,380.4200,40.8000,1.799804
FILLER_11_797,VPWR,li1,374.9000,40.8000,1.799804
FILLER_11_785,VPWR,li1,369.3800,40.8000,1.799804
FILLER_11_782,VPWR,li1,365.7000,40.8000,1.799804
FILLER_11_770,VPWR,li1,362.4800,40.8000,1.799804
FILLER_11_758,VPWR,li1,356.9600,40.8000,1.799804
FILLER_11_746,VPWR,li1,351.4400,40.8000,1.799804
FILLER_11_734,VPWR,li1,345.9200,40.8000,1.799804
FILLER_11_727,VPWR,li1,340.1700,40.8000,1.799804
FILLER_11_713,VPWR,li1,334.4200,40.8000,1.799804
FILLER_11_709,VPWR,li1,331.8900,40.8000,1.799804
FILLER_11_697,VPWR,li1,328.9000,40.8000,1.799805
FILLER_11_687,VPWR,li1,322.0000,40.8000,1.799671
FILLER_11_673,VPWR,li1,316.9400,40.8000,1.799578
FILLER_11_668,VPWR,li1,313.7200,40.8000,1.799534
FILLER_11_656,VPWR,li1,307.5100,40.8000,1.799411
FILLER_11_650,VPWR,li1,305.9000,40.8000,1.799361
FILLER_11_638,VPWR,li1,301.7600,40.8000,1.799319
FILLER_11_617,VPWR,li1,289.8000,40.8000,1.799179
FILLER_11_608,VPWR,li1,287.0400,40.8000,1.799156
FILLER_11_594,VPWR,li1,279.6800,40.8000,1.799074
FILLER_11_587,VPWR,li1,276.0000,40.8000,1.799025
FILLER_11_579,VPWR,li1,273.7000,40.8000,1.799002
FILLER_11_567,VPWR,li1,269.1000,40.8000,1.798961
FILLER_11_544,VPWR,li1,258.5200,40.8000,1.798877
FILLER_11_531,VPWR,li1,250.4700,40.8000,1.798806
FILLER_11_523,VPWR,li1,247.9400,40.8000,1.798785
FILLER_11_512,VPWR,li1,241.9600,40.8000,1.798736
FILLER_11_498,VPWR,li1,234.8300,40.8000,1.798683
FILLER_11_486,VPWR,li1,231.8400,40.8000,1.798692
FILLER_11_474,VPWR,li1,226.3200,40.8000,1.798734
FILLER_11_462,VPWR,li1,220.8000,40.8000,1.798772
FILLER_11_417,VPWR,li1,200.1000,40.8000,1.799123
FILLER_11_405,VPWR,li1,194.5800,40.8000,1.799289
FILLER_11_393,VPWR,li1,189.0600,40.8000,1.799386
FILLER_11_391,VPWR,li1,185.6100,40.8000,1.799504
FILLER_11_385,VPWR,li1,184.0000,40.8000,1.799504
FILLER_11_370,VPWR,li1,177.5600,40.8000,1.799663
FILLER_11_358,VPWR,li1,172.9600,40.8000,1.799706
FILLER_11_349,VPWR,li1,166.7500,40.8000,1.799684
FILLER_11_341,VPWR,li1,164.2200,40.8000,1.799676
FILLER_11_332,VPWR,li1,159.1600,40.8000,1.799657
FILLER_11_307,VPWR,li1,147.4300,40.8000,1.799626
FILLER_11_292,VPWR,li1,141.6800,40.8000,1.799613
FILLER_11_281,VPWR,li1,135.4700,40.8000,1.799599
FILLER_11_274,VPWR,li1,132.9400,40.8000,1.799593
FILLER_11_262,VPWR,li1,128.8000,40.8000,1.799587
FILLER_11_243,VPWR,li1,120.0600,40.8000,1.799573
FILLER_11_235,VPWR,li1,113.8500,40.8000,1.799580
FILLER_11_231,VPWR,li1,112.0100,40.8000,1.799583
FILLER_11_225,VPWR,li1,110.4000,40.8000,1.799587
FILLER_11_213,VPWR,li1,104.4200,40.8000,1.799600
FILLER_11_202,VPWR,li1,99.8200,40.8000,1.799611
FILLER_11_195,VPWR,li1,95.6800,40.8000,1.799623
FILLER_11_175,VPWR,li1,86.2500,40.8000,1.799645
FILLER_11_169,VPWR,li1,84.6400,40.8000,1.799654
FILLER_11_167,VPWR,li1,82.5700,40.8000,1.799660
FILLER_11_161,VPWR,li1,80.9600,40.8000,1.799660
FILLER_11_148,VPWR,li1,74.0600,40.8000,1.799686
FILLER_11_136,VPWR,li1,70.8400,40.8000,1.799694
FILLER_11_123,VPWR,li1,62.3300,40.8000,1.799724
FILLER_11_117,VPWR,li1,60.7200,40.8000,1.799724
FILLER_11_111,VPWR,li1,56.8100,40.8000,1.799738
FILLER_11_101,VPWR,li1,52.6700,40.8000,1.799757
FILLER_11_93,VPWR,li1,50.1400,40.8000,1.799770
FILLER_11_81,VPWR,li1,45.5400,40.8000,1.799795
FILLER_11_69,VPWR,li1,40.0200,40.8000,1.799824
FILLER_11_57,VPWR,li1,34.5000,40.8000,1.799857
FILLER_11_55,VPWR,li1,31.0500,40.8000,1.799885
FILLER_11_51,VPWR,li1,29.9000,40.8000,1.799885
FILLER_11_39,VPWR,li1,26.2200,40.8000,1.799907
FILLER_11_27,VPWR,li1,20.7000,40.8000,1.799940
FILLER_11_15,VPWR,li1,15.1800,40.8000,1.799940
FILLER_11_3,VPWR,li1,9.6600,40.8000,1.799940
FILLER_10_821,VPWR,li1,383.8700,40.8000,1.799804
FILLER_10_813,VPWR,li1,381.3400,40.8000,1.799804
FILLER_10_811,VPWR,li1,378.8100,40.8000,1.799804
FILLER_10_805,VPWR,li1,377.2000,40.8000,1.799804
FILLER_10_793,VPWR,li1,373.0600,40.8000,1.799804
FILLER_10_781,VPWR,li1,367.5400,40.8000,1.799804
FILLER_10_769,VPWR,li1,362.0200,40.8000,1.799804
FILLER_10_757,VPWR,li1,356.5000,40.8000,1.799804
FILLER_10_755,VPWR,li1,353.0500,40.8000,1.799804
FILLER_10_749,VPWR,li1,351.4400,40.8000,1.799804
FILLER_10_737,VPWR,li1,347.3000,40.8000,1.799804
FILLER_10_725,VPWR,li1,341.7800,40.8000,1.799804
FILLER_10_713,VPWR,li1,336.2600,40.8000,1.799804
FILLER_10_701,VPWR,li1,330.7400,40.8000,1.799804
FILLER_10_697,VPWR,li1,326.8300,40.8000,1.799760
FILLER_10_689,VPWR,li1,324.3000,40.8000,1.799724
FILLER_10_679,VPWR,li1,318.3200,40.8000,1.799622
FILLER_10_671,VPWR,li1,316.0200,40.8000,1.799578
FILLER_10_659,VPWR,li1,311.4200,40.8000,1.799477
FILLER_10_645,VPWR,li1,302.4500,40.8000,1.799319
FILLER_10_640,VPWR,li1,300.8400,40.8000,1.799319
FILLER_10_628,VPWR,li1,297.1600,40.8000,1.799274
FILLER_10_614,VPWR,li1,288.4200,40.8000,1.799156
FILLER_10_602,VPWR,li1,285.2000,40.8000,1.799127
FILLER_10_586,VPWR,li1,275.5400,40.8000,1.799025
FILLER_10_574,VPWR,li1,270.0200,40.8000,1.798983
FILLER_10_557,VPWR,li1,262.2000,40.8000,1.798910
FILLER_10_545,VPWR,li1,258.9800,40.8000,1.798877
FILLER_10_533,VPWR,li1,253.4600,40.8000,1.798824
FILLER_10_528,VPWR,li1,249.3200,40.8000,1.798785
FILLER_10_516,VPWR,li1,245.6400,40.8000,1.798756
FILLER_10_510,VPWR,li1,240.3500,40.8000,1.798717
FILLER_10_506,VPWR,li1,239.2000,40.8000,1.798717
FILLER_10_453,VPWR,li1,214.3600,40.8000,1.798857
FILLER_10_445,VPWR,li1,212.0600,40.8000,1.798897
FILLER_10_421,VPWR,li1,199.6400,40.8000,1.799166
FILLER_10_418,VPWR,li1,198.2600,40.8000,1.799166
FILLER_10_410,VPWR,li1,195.9600,40.8000,1.799225
FILLER_10_389,VPWR,li1,185.1500,40.8000,1.799504
FILLER_10_377,VPWR,li1,181.7000,40.8000,1.799577
FILLER_10_365,VPWR,li1,176.1800,40.8000,1.799715
FILLER_10_363,VPWR,li1,172.7300,40.8000,1.799706
FILLER_10_351,VPWR,li1,169.7400,40.8000,1.799691
FILLER_10_339,VPWR,li1,164.2200,40.8000,1.799676
FILLER_10_331,VPWR,li1,158.4700,40.8000,1.799657
FILLER_10_319,VPWR,li1,155.0200,40.8000,1.799646
FILLER_10_313,VPWR,li1,149.7300,40.8000,1.799633
FILLER_10_309,VPWR,li1,148.5800,40.8000,1.799626
FILLER_10_307,VPWR,li1,146.9700,40.8000,1.799626
FILLER_10_301,VPWR,li1,145.3600,40.8000,1.799622
FILLER_10_289,VPWR,li1,141.2200,40.8000,1.799613
FILLER_10_277,VPWR,li1,135.7000,40.8000,1.799599
FILLER_10_264,VPWR,li1,127.1900,40.8000,1.799582
FILLER_10_258,VPWR,li1,125.5800,40.8000,1.799582
FILLER_10_248,VPWR,li1,120.5200,40.8000,1.799575
FILLER_10_241,VPWR,li1,117.0700,40.8000,1.799577
FILLER_10_229,VPWR,li1,113.6200,40.8000,1.799583
FILLER_10_219,VPWR,li1,106.4900,40.8000,1.799596
FILLER_10_215,VPWR,li1,105.3400,40.8000,1.799596
FILLER_10_197,VPWR,li1,97.0600,40.8000,1.799618
FILLER_10_184,VPWR,li1,92.9200,40.8000,1.799630
FILLER_10_171,VPWR,li1,86.0200,40.8000,1.799645
FILLER_10_159,VPWR,li1,79.1200,40.8000,1.799670
FILLER_10_145,VPWR,li1,72.4500,40.8000,1.799686
FILLER_10_141,VPWR,li1,71.3000,40.8000,1.799694
FILLER_10_139,VPWR,li1,69.6900,40.8000,1.799694
FILLER_10_133,VPWR,li1,67.3900,40.8000,1.799702
FILLER_10_121,VPWR,li1,62.5600,40.8000,1.799718
FILLER_10_109,VPWR,li1,58.4200,40.8000,1.799738
FILLER_10_97,VPWR,li1,52.9000,40.8000,1.799757
FILLER_10_85,VPWR,li1,47.3800,40.8000,1.799785
FILLER_10_83,VPWR,li1,43.9300,40.8000,1.799810
FILLER_10_79,VPWR,li1,42.7800,40.8000,1.799810
FILLER_10_71,VPWR,li1,38.4100,40.8000,1.799844
FILLER_10_65,VPWR,li1,36.8000,40.8000,1.799844
FILLER_10_53,VPWR,li1,32.6600,40.8000,1.799869
FILLER_10_41,VPWR,li1,27.1400,40.8000,1.799907
FILLER_10_29,VPWR,li1,21.6200,40.8000,1.799940
FILLER_10_27,VPWR,li1,18.1700,40.8000,1.799940
FILLER_10_15,VPWR,li1,15.1800,40.8000,1.799940
FILLER_10_3,VPWR,li1,9.6600,40.8000,1.799940
FILLER_9_821,VPWR,li1,383.8700,35.3600,1.799379
FILLER_9_809,VPWR,li1,380.4200,35.3600,1.799379
FILLER_9_797,VPWR,li1,374.9000,35.3600,1.799379
FILLER_9_785,VPWR,li1,369.3800,35.3600,1.799379
FILLER_9_783,VPWR,li1,365.9300,35.3600,1.799379
FILLER_9_775,VPWR,li1,363.8600,35.3600,1.799379
FILLER_9_763,VPWR,li1,359.2600,35.3600,1.799379
FILLER_9_751,VPWR,li1,353.7400,35.3600,1.799379
FILLER_9_739,VPWR,li1,348.2200,35.3600,1.799379
FILLER_9_729,VPWR,li1,341.0900,35.3600,1.799423
FILLER_9_717,VPWR,li1,337.1800,35.3600,1.799460
FILLER_9_703,VPWR,li1,330.2800,35.3600,1.799581
FILLER_9_692,VPWR,li1,324.7600,35.3600,1.799478
FILLER_9_680,VPWR,li1,321.0800,35.3600,1.799399
FILLER_9_671,VPWR,li1,314.4100,35.3600,1.799225
FILLER_9_663,VPWR,li1,311.1900,35.3600,1.799186
FILLER_9_653,VPWR,li1,306.5900,35.3600,1.799101
FILLER_9_641,VPWR,li1,303.1400,35.3600,1.799040
FILLER_9_617,VPWR,li1,292.1000,35.3600,1.798927
FILLER_9_612,VPWR,li1,287.9600,35.3600,1.798880
FILLER_9_600,VPWR,li1,284.2800,35.3600,1.798830
FILLER_9_588,VPWR,li1,278.7600,35.3600,1.798793
FILLER_9_579,VPWR,li1,272.0900,35.3600,1.798719
FILLER_9_573,VPWR,li1,270.4800,35.3600,1.798719
FILLER_9_561,VPWR,li1,266.3400,35.3600,1.798673
FILLER_9_556,VPWR,li1,262.2000,35.3600,1.798651
FILLER_9_542,VPWR,li1,255.0700,35.3600,1.798639
FILLER_9_536,VPWR,li1,253.4600,35.3600,1.798640
FILLER_9_525,VPWR,li1,247.2500,35.3600,1.798645
FILLER_9_517,VPWR,li1,245.1800,35.3600,1.798647
FILLER_9_505,VPWR,li1,240.5800,35.3600,1.798652
FILLER_9_503,VPWR,li1,237.1300,35.3600,1.798656
FILLER_9_497,VPWR,li1,235.5200,35.3600,1.798656
FILLER_9_485,VPWR,li1,231.3800,35.3600,1.798661
FILLER_9_473,VPWR,li1,225.8600,35.3600,1.798667
FILLER_9_465,VPWR,li1,220.1100,35.3600,1.798678
FILLER_9_461,VPWR,li1,217.8100,35.3600,1.798687
FILLER_9_449,VPWR,li1,214.8200,35.3600,1.798701
FILLER_9_447,VPWR,li1,211.3700,35.3600,1.798714
FILLER_9_428,VPWR,li1,203.7800,35.3600,1.798784
FILLER_9_393,VPWR,li1,187.2200,35.3600,1.799082
FILLER_9_386,VPWR,li1,184.4600,35.3600,1.799118
FILLER_9_371,VPWR,li1,177.1000,35.3600,1.799303
FILLER_9_360,VPWR,li1,172.0400,35.3600,1.799366
FILLER_9_347,VPWR,li1,166.5200,35.3600,1.799285
FILLER_9_337,VPWR,li1,161.2300,35.3600,1.799195
FILLER_9_324,VPWR,li1,154.7900,35.3600,1.799118
FILLER_9_316,VPWR,li1,152.7200,35.3600,1.799075
FILLER_9_303,VPWR,li1,145.3600,35.3600,1.799027
FILLER_9_293,VPWR,li1,140.9900,35.3600,1.799020
FILLER_9_281,VPWR,li1,135.2400,35.3600,1.799023
FILLER_9_277,VPWR,li1,133.6300,35.3600,1.799023
FILLER_9_263,VPWR,li1,127.1900,35.3600,1.799033
FILLER_9_255,VPWR,li1,124.6600,35.3600,1.799039
FILLER_9_247,VPWR,li1,119.3700,35.3600,1.799051
FILLER_9_237,VPWR,li1,115.2300,35.3600,1.799066
FILLER_9_225,VPWR,li1,111.7800,35.3600,1.799086
FILLER_9_221,VPWR,li1,107.8700,35.3600,1.799100
FILLER_9_206,VPWR,li1,102.1200,35.3600,1.799134
FILLER_9_194,VPWR,li1,97.5200,35.3600,1.799163
FILLER_9_182,VPWR,li1,92.0000,35.3600,1.799198
FILLER_9_160,VPWR,li1,79.8100,35.3600,1.799280
FILLER_9_152,VPWR,li1,77.2800,35.3600,1.799304
FILLER_9_140,VPWR,li1,72.6800,35.3600,1.799335
FILLER_9_128,VPWR,li1,67.1600,35.3600,1.799372
FILLER_9_113,VPWR,li1,59.3400,35.3600,1.799441
FILLER_9_110,VPWR,li1,56.5800,35.3600,1.799460
FILLER_9_98,VPWR,li1,53.3600,35.3600,1.799479
FILLER_9_86,VPWR,li1,47.8400,35.3600,1.799528
FILLER_9_77,VPWR,li1,41.4000,35.3600,1.799599
FILLER_9_69,VPWR,li1,39.1000,35.3600,1.799641
FILLER_9_57,VPWR,li1,34.5000,35.3600,1.799689
FILLER_9_55,VPWR,li1,31.0500,35.3600,1.799749
FILLER_9_51,VPWR,li1,29.9000,35.3600,1.799749
FILLER_9_39,VPWR,li1,26.2200,35.3600,1.799797
FILLER_9_27,VPWR,li1,20.7000,35.3600,1.799869
FILLER_9_15,VPWR,li1,15.1800,35.3600,1.799869
FILLER_9_3,VPWR,li1,9.6600,35.3600,1.799869
FILLER_8_821,VPWR,li1,383.8700,35.3600,1.799379
FILLER_8_813,VPWR,li1,381.3400,35.3600,1.799379
FILLER_8_811,VPWR,li1,378.8100,35.3600,1.799379
FILLER_8_805,VPWR,li1,377.2000,35.3600,1.799379
FILLER_8_793,VPWR,li1,373.0600,35.3600,1.799379
FILLER_8_781,VPWR,li1,367.5400,35.3600,1.799379
FILLER_8_769,VPWR,li1,362.0200,35.3600,1.799379
FILLER_8_757,VPWR,li1,356.5000,35.3600,1.799379
FILLER_8_748,VPWR,li1,351.4400,35.3600,1.799379
FILLER_8_728,VPWR,li1,340.6300,35.3600,1.799423
FILLER_8_701,VPWR,li1,328.2100,35.3600,1.799528
FILLER_8_698,VPWR,li1,327.0600,35.3600,1.799528
FILLER_8_683,VPWR,li1,321.5400,35.3600,1.799399
FILLER_8_675,VPWR,li1,316.2500,35.3600,1.799265
FILLER_8_671,VPWR,li1,315.1000,35.3600,1.799265
FILLER_8_659,VPWR,li1,311.4200,35.3600,1.799186
FILLER_8_649,VPWR,li1,304.2900,35.3600,1.799067
FILLER_8_645,VPWR,li1,303.1400,35.3600,1.799040
FILLER_8_643,VPWR,li1,301.5300,35.3600,1.799019
FILLER_8_637,VPWR,li1,298.7700,35.3600,1.798993
FILLER_8_625,VPWR,li1,293.9400,35.3600,1.798948
FILLER_8_613,VPWR,li1,290.2600,35.3600,1.798906
FILLER_8_599,VPWR,li1,282.9000,35.3600,1.798830
FILLER_8_586,VPWR,li1,275.5400,35.3600,1.798762
FILLER_8_578,VPWR,li1,271.6300,35.3600,1.798719
FILLER_8_566,VPWR,li1,268.6400,35.3600,1.798703
FILLER_8_546,VPWR,li1,256.9100,35.3600,1.798637
FILLER_8_524,VPWR,li1,246.7900,35.3600,1.798645
FILLER_8_520,VPWR,li1,245.6400,35.3600,1.798647
FILLER_8_507,VPWR,li1,239.4300,35.3600,1.798652
FILLER_8_489,VPWR,li1,230.6900,35.3600,1.798661
FILLER_8_477,VPWR,li1,227.7000,35.3600,1.798665
FILLER_8_473,VPWR,li1,223.7900,35.3600,1.798669
FILLER_8_453,VPWR,li1,214.3600,35.3600,1.798701
FILLER_8_445,VPWR,li1,212.0600,35.3600,1.798714
FILLER_8_433,VPWR,li1,207.4600,35.3600,1.798730
FILLER_8_421,VPWR,li1,201.9400,35.3600,1.798821
FILLER_8_416,VPWR,li1,197.8000,35.3600,1.798874
FILLER_8_408,VPWR,li1,193.8900,35.3600,1.798939
FILLER_8_400,VPWR,li1,191.3600,35.3600,1.798989
FILLER_8_392,VPWR,li1,186.3000,35.3600,1.799082
FILLER_8_380,VPWR,li1,183.0800,35.3600,1.799176
FILLER_8_369,VPWR,li1,175.4900,35.3600,1.799413
FILLER_8_365,VPWR,li1,174.3400,35.3600,1.799413
FILLER_8_349,VPWR,li1,166.7500,35.3600,1.799285
FILLER_8_341,VPWR,li1,164.2200,35.3600,1.799241
FILLER_8_335,VPWR,li1,159.8500,35.3600,1.799169
FILLER_8_331,VPWR,li1,158.7000,35.3600,1.799169
FILLER_8_319,VPWR,li1,155.0200,35.3600,1.799118
FILLER_8_302,VPWR,li1,145.8200,35.3600,1.799027
FILLER_8_295,VPWR,li1,141.4500,35.3600,1.799020
FILLER_8_289,VPWR,li1,139.8400,35.3600,1.799020
FILLER_8_277,VPWR,li1,135.7000,35.3600,1.799020
FILLER_8_265,VPWR,li1,130.1800,35.3600,1.799027
FILLER_8_253,VPWR,li1,124.6600,35.3600,1.799039
FILLER_8_251,VPWR,li1,121.2100,35.3600,1.799047
FILLER_8_247,VPWR,li1,120.0600,35.3600,1.799051
FILLER_8_240,VPWR,li1,116.1500,35.3600,1.799066
FILLER_8_236,VPWR,li1,115.0000,35.3600,1.799066
FILLER_8_228,VPWR,li1,110.6300,35.3600,1.799086
FILLER_8_209,VPWR,li1,103.5000,35.3600,1.799134
FILLER_8_197,VPWR,li1,98.9000,35.3600,1.799163
FILLER_8_193,VPWR,li1,94.9900,35.3600,1.799179
FILLER_8_180,VPWR,li1,89.0100,35.3600,1.799217
FILLER_8_172,VPWR,li1,86.4800,35.3600,1.799234
FILLER_8_160,VPWR,li1,81.8800,35.3600,1.799267
FILLER_8_148,VPWR,li1,76.3600,35.3600,1.799304
FILLER_8_137,VPWR,li1,69.2300,35.3600,1.799355
FILLER_8_122,VPWR,li1,61.8700,35.3600,1.799422
FILLER_8_116,VPWR,li1,60.2600,35.3600,1.799422
FILLER_8_103,VPWR,li1,53.5900,35.3600,1.799479
FILLER_8_95,VPWR,li1,51.0600,35.3600,1.799499
FILLER_8_85,VPWR,li1,45.3100,35.3600,1.799553
FILLER_8_65,VPWR,li1,38.1800,35.3600,1.799641
FILLER_8_53,VPWR,li1,32.6600,35.3600,1.799713
FILLER_8_41,VPWR,li1,27.1400,35.3600,1.799797
FILLER_8_29,VPWR,li1,21.6200,35.3600,1.799869
FILLER_8_27,VPWR,li1,18.1700,35.3600,1.799869
FILLER_8_15,VPWR,li1,15.1800,35.3600,1.799869
FILLER_8_3,VPWR,li1,9.6600,35.3600,1.799869
FILLER_7_821,VPWR,li1,383.8700,29.9200,1.799126
FILLER_7_809,VPWR,li1,380.4200,29.9200,1.799126
FILLER_7_797,VPWR,li1,374.9000,29.9200,1.799126
FILLER_7_785,VPWR,li1,369.3800,29.9200,1.799126
FILLER_7_783,VPWR,li1,365.9300,29.9200,1.799126
FILLER_7_777,VPWR,li1,364.3200,29.9200,1.799126
FILLER_7_765,VPWR,li1,360.1800,29.9200,1.799126
FILLER_7_753,VPWR,li1,354.6600,29.9200,1.799126
FILLER_7_741,VPWR,li1,349.1400,29.9200,1.799126
FILLER_7_729,VPWR,li1,343.6200,29.9200,1.799130
FILLER_7_727,VPWR,li1,340.1700,29.9200,1.799135
FILLER_7_719,VPWR,li1,338.1000,29.9200,1.799138
FILLER_7_704,VPWR,li1,329.5900,29.9200,1.799151
FILLER_7_700,VPWR,li1,328.4400,29.9200,1.799154
FILLER_7_673,VPWR,li1,315.3300,29.9200,1.798118
FILLER_7_664,VPWR,li1,312.8000,29.9200,1.797953
FILLER_7_652,VPWR,li1,308.2000,29.9200,1.797493
FILLER_7_633,VPWR,li1,297.6200,29.9200,1.796816
FILLER_7_621,VPWR,li1,293.9400,29.9200,1.796590
FILLER_7_614,VPWR,li1,288.4200,29.9200,1.796340
FILLER_7_605,VPWR,li1,284.0500,29.9200,1.796140
FILLER_7_576,VPWR,li1,270.7100,29.9200,1.795784
FILLER_7_568,VPWR,li1,268.6400,29.9200,1.795723
FILLER_7_559,VPWR,li1,262.8900,29.9200,1.795583
FILLER_7_549,VPWR,li1,259.4400,29.9200,1.795573
FILLER_7_537,VPWR,li1,255.3000,29.9200,1.795563
FILLER_7_529,VPWR,li1,249.0900,29.9200,1.795541
FILLER_7_523,VPWR,li1,247.4800,29.9200,1.795541
FILLER_7_511,VPWR,li1,243.3400,29.9200,1.795529
FILLER_7_500,VPWR,li1,236.4400,29.9200,1.795509
FILLER_7_491,VPWR,li1,231.8400,29.9200,1.795497
FILLER_7_483,VPWR,li1,229.5400,29.9200,1.795487
FILLER_7_471,VPWR,li1,224.9400,29.9200,1.795533
FILLER_7_449,VPWR,li1,213.9000,29.9200,1.795782
FILLER_7_446,VPWR,li1,211.1400,29.9200,1.795893
FILLER_7_438,VPWR,li1,208.8400,29.9200,1.796017
FILLER_7_409,VPWR,li1,193.8900,29.9200,1.797134
FILLER_7_405,VPWR,li1,192.7400,29.9200,1.797287
FILLER_7_393,VPWR,li1,189.0600,29.9200,1.797511
FILLER_7_391,VPWR,li1,185.6100,29.9200,1.797967
FILLER_7_387,VPWR,li1,184.4600,29.9200,1.797967
FILLER_7_375,VPWR,li1,180.7800,29.9200,1.798283
FILLER_7_355,VPWR,li1,169.0500,29.9200,1.798680
FILLER_7_349,VPWR,li1,167.4400,29.9200,1.798680
FILLER_7_337,VPWR,li1,163.3000,29.9200,1.798599
FILLER_7_334,VPWR,li1,159.6200,29.9200,1.798568
FILLER_7_326,VPWR,li1,157.3200,29.9200,1.798521
FILLER_7_314,VPWR,li1,152.7200,29.9200,1.798461
FILLER_7_307,VPWR,li1,147.4300,29.9200,1.798453
FILLER_7_289,VPWR,li1,139.1500,29.9200,1.798469
FILLER_7_281,VPWR,li1,136.6200,29.9200,1.798476
FILLER_7_279,VPWR,li1,134.0900,29.9200,1.798482
FILLER_7_273,VPWR,li1,132.4800,29.9200,1.798487
FILLER_7_265,VPWR,li1,127.6500,29.9200,1.798500
FILLER_7_259,VPWR,li1,126.0400,29.9200,1.798508
FILLER_7_247,VPWR,li1,121.9000,29.9200,1.798518
FILLER_7_235,VPWR,li1,116.3800,29.9200,1.798543
FILLER_7_231,VPWR,li1,112.0100,29.9200,1.798572
FILLER_7_225,VPWR,li1,110.4000,29.9200,1.798572
FILLER_7_212,VPWR,li1,105.8000,29.9200,1.798601
FILLER_7_193,VPWR,li1,97.0600,29.9200,1.798640
FILLER_7_181,VPWR,li1,89.4700,29.9200,1.798691
FILLER_7_169,VPWR,li1,86.0200,29.9200,1.798707
FILLER_7_166,VPWR,li1,82.3400,29.9200,1.798730
FILLER_7_158,VPWR,li1,80.0400,29.9200,1.798747
FILLER_7_154,VPWR,li1,76.5900,29.9200,1.798798
FILLER_7_140,VPWR,li1,70.6100,29.9200,1.798879
FILLER_7_128,VPWR,li1,67.1600,29.9200,1.798932
FILLER_7_116,VPWR,li1,61.6400,29.9200,1.799028
FILLER_7_110,VPWR,li1,56.5800,29.9200,1.799134
FILLER_7_99,VPWR,li1,51.2900,29.9200,1.799202
FILLER_7_91,VPWR,li1,49.2200,29.9200,1.799241
FILLER_7_81,VPWR,li1,43.4700,29.9200,1.799372
FILLER_7_69,VPWR,li1,40.0200,29.9200,1.799418
FILLER_7_57,VPWR,li1,34.5000,29.9200,1.799528
FILLER_7_55,VPWR,li1,31.0500,29.9200,1.799619
FILLER_7_51,VPWR,li1,29.9000,29.9200,1.799619
FILLER_7_39,VPWR,li1,26.2200,29.9200,1.799692
FILLER_7_27,VPWR,li1,20.7000,29.9200,1.799801
FILLER_7_15,VPWR,li1,15.1800,29.9200,1.799801
FILLER_7_3,VPWR,li1,9.6600,29.9200,1.799801
FILLER_6_821,VPWR,li1,383.8700,29.9200,1.799126
FILLER_6_813,VPWR,li1,381.3400,29.9200,1.799126
FILLER_6_811,VPWR,li1,378.8100,29.9200,1.799126
FILLER_6_805,VPWR,li1,377.2000,29.9200,1.799126
FILLER_6_793,VPWR,li1,373.0600,29.9200,1.799126
FILLER_6_781,VPWR,li1,367.5400,29.9200,1.799126
FILLER_6_769,VPWR,li1,362.0200,29.9200,1.799126
FILLER_6_757,VPWR,li1,356.5000,29.9200,1.799126
FILLER_6_755,VPWR,li1,353.0500,29.9200,1.799126
FILLER_6_751,VPWR,li1,351.9000,29.9200,1.799126
FILLER_6_725,VPWR,li1,340.4000,29.9200,1.799135
FILLER_6_713,VPWR,li1,336.2600,29.9200,1.799143
FILLER_6_701,VPWR,li1,330.7400,29.9200,1.799151
FILLER_6_698,VPWR,li1,327.0600,29.9200,1.798963
FILLER_6_687,VPWR,li1,323.3800,29.9200,1.798798
FILLER_6_675,VPWR,li1,318.7800,29.9200,1.798302
FILLER_6_663,VPWR,li1,313.2600,29.9200,1.797953
FILLER_6_654,VPWR,li1,306.8200,29.9200,1.797493
FILLER_6_645,VPWR,li1,302.6800,29.9200,1.797093
FILLER_6_627,VPWR,li1,296.7000,29.9200,1.796816
FILLER_6_605,VPWR,li1,284.0500,29.9200,1.796140
FILLER_6_601,VPWR,li1,282.9000,29.9200,1.796140
FILLER_6_589,VPWR,li1,279.2200,29.9200,1.796003
FILLER_6_587,VPWR,li1,275.7700,29.9200,1.795900
FILLER_6_580,VPWR,li1,272.5500,29.9200,1.795839
FILLER_6_568,VPWR,li1,269.5600,29.9200,1.795723
FILLER_6_556,VPWR,li1,261.7400,29.9200,1.795583
FILLER_6_544,VPWR,li1,258.5200,29.9200,1.795573
FILLER_6_533,VPWR,li1,252.5400,29.9200,1.795555
FILLER_6_529,VPWR,li1,249.5500,29.9200,1.795547
FILLER_6_519,VPWR,li1,245.1800,29.9200,1.795534
FILLER_6_507,VPWR,li1,241.5000,29.9200,1.795523
FILLER_6_470,VPWR,li1,223.1000,29.9200,1.795561
FILLER_6_444,VPWR,li1,210.4500,29.9200,1.796017
FILLER_6_436,VPWR,li1,207.9200,29.9200,1.796154
FILLER_6_428,VPWR,li1,202.6300,29.9200,1.796477
FILLER_6_418,VPWR,li1,198.2600,29.9200,1.796737
FILLER_6_410,VPWR,li1,195.9600,29.9200,1.796982
FILLER_6_392,VPWR,li1,186.0700,29.9200,1.797777
FILLER_6_384,VPWR,li1,184.0000,29.9200,1.797967
FILLER_6_371,VPWR,li1,177.5600,29.9200,1.798583
FILLER_6_363,VPWR,li1,172.7300,29.9200,1.798731
FILLER_6_359,VPWR,li1,171.5800,29.9200,1.798731
FILLER_6_347,VPWR,li1,167.9000,29.9200,1.798680
FILLER_6_333,VPWR,li1,159.3900,29.9200,1.798568
FILLER_6_321,VPWR,li1,155.9400,29.9200,1.798521
FILLER_6_313,VPWR,li1,149.7300,29.9200,1.798451
FILLER_6_309,VPWR,li1,148.5800,29.9200,1.798451
FILLER_6_306,VPWR,li1,146.7400,29.9200,1.798453
FILLER_6_298,VPWR,li1,143.0600,29.9200,1.798462
FILLER_6_290,VPWR,li1,140.7600,29.9200,1.798469
FILLER_6_279,VPWR,li1,134.5500,29.9200,1.798482
FILLER_6_275,VPWR,li1,132.2500,29.9200,1.798487
FILLER_6_264,VPWR,li1,127.4200,29.9200,1.798500
FILLER_6_256,VPWR,li1,125.1200,29.9200,1.798508
FILLER_6_235,VPWR,li1,114.0800,29.9200,1.798559
FILLER_6_223,VPWR,li1,110.8600,29.9200,1.798572
FILLER_6_217,VPWR,li1,105.8000,29.9200,1.798601
FILLER_6_197,VPWR,li1,97.9800,29.9200,1.798640
FILLER_6_190,VPWR,li1,94.3000,29.9200,1.798655
FILLER_6_177,VPWR,li1,87.8600,29.9200,1.798691
FILLER_6_151,VPWR,li1,75.2100,29.9200,1.798798
FILLER_6_133,VPWR,li1,66.9300,29.9200,1.798932
FILLER_6_125,VPWR,li1,63.2500,29.9200,1.798993
FILLER_6_117,VPWR,li1,61.1800,29.9200,1.799028
FILLER_6_103,VPWR,li1,53.1300,29.9200,1.799168
FILLER_6_97,VPWR,li1,51.5200,29.9200,1.799202
FILLER_6_85,VPWR,li1,47.3800,29.9200,1.799275
FILLER_6_83,VPWR,li1,43.9300,29.9200,1.799372
FILLER_6_77,VPWR,li1,42.3200,29.9200,1.799372
FILLER_6_65,VPWR,li1,38.1800,29.9200,1.799455
FILLER_6_53,VPWR,li1,32.6600,29.9200,1.799564
FILLER_6_41,VPWR,li1,27.1400,29.9200,1.799692
FILLER_6_29,VPWR,li1,21.6200,29.9200,1.799801
FILLER_6_27,VPWR,li1,18.1700,29.9200,1.799801
FILLER_6_15,VPWR,li1,15.1800,29.9200,1.799801
FILLER_6_3,VPWR,li1,9.6600,29.9200,1.799801
FILLER_5_821,VPWR,li1,383.8700,24.4800,1.797668
FILLER_5_809,VPWR,li1,380.4200,24.4800,1.797668
FILLER_5_797,VPWR,li1,374.9000,24.4800,1.797668
FILLER_5_785,VPWR,li1,369.3800,24.4800,1.797668
FILLER_5_783,VPWR,li1,365.9300,24.4800,1.797668
FILLER_5_777,VPWR,li1,364.3200,24.4800,1.797668
FILLER_5_765,VPWR,li1,360.1800,24.4800,1.797668
FILLER_5_753,VPWR,li1,354.6600,24.4800,1.797668
FILLER_5_741,VPWR,li1,349.1400,24.4800,1.797668
FILLER_5_729,VPWR,li1,343.6200,24.4800,1.797668
FILLER_5_722,VPWR,li1,339.0200,24.4800,1.797668
FILLER_5_710,VPWR,li1,334.8800,24.4800,1.797668
FILLER_5_698,VPWR,li1,329.3600,24.4800,1.797690
FILLER_5_690,VPWR,li1,323.1500,24.4800,1.796678
FILLER_5_682,VPWR,li1,319.7000,24.4800,1.795777
FILLER_5_668,VPWR,li1,313.7200,24.4800,1.795032
FILLER_5_656,VPWR,li1,310.0400,24.4800,1.794565
FILLER_5_641,VPWR,li1,301.3000,24.4800,1.793532
FILLER_5_629,VPWR,li1,297.6200,24.4800,1.793171
FILLER_5_617,VPWR,li1,292.1000,24.4800,1.792647
FILLER_5_602,VPWR,li1,284.2800,24.4800,1.792084
FILLER_5_590,VPWR,li1,279.6800,24.4800,1.791897
FILLER_5_578,VPWR,li1,274.1600,24.4800,1.791524
FILLER_5_565,VPWR,li1,265.6500,24.4800,1.791269
FILLER_5_561,VPWR,li1,264.5000,24.4800,1.791269
FILLER_5_557,VPWR,li1,262.4300,24.4800,1.791277
FILLER_5_536,VPWR,li1,252.3100,24.4800,1.791328
FILLER_5_532,VPWR,li1,251.1600,24.4800,1.791328
FILLER_5_517,VPWR,li1,243.5700,24.4800,1.791375
FILLER_5_505,VPWR,li1,240.5800,24.4800,1.791391
FILLER_5_501,VPWR,li1,236.6700,24.4800,1.791416
FILLER_5_487,VPWR,li1,229.7700,24.4800,1.791461
FILLER_5_481,VPWR,li1,227.0100,24.4800,1.791480
FILLER_5_473,VPWR,li1,224.9400,24.4800,1.791501
FILLER_5_449,VPWR,li1,214.8200,24.4800,1.791652
FILLER_5_442,VPWR,li1,210.2200,24.4800,1.791924
FILLER_5_428,VPWR,li1,204.2400,24.4800,1.792501
FILLER_5_405,VPWR,li1,192.0500,24.4800,1.794154
FILLER_5_401,VPWR,li1,190.9000,24.4800,1.794154
FILLER_5_386,VPWR,li1,184.4600,24.4800,1.795531
FILLER_5_374,VPWR,li1,180.3200,24.4800,1.796056
FILLER_5_350,VPWR,li1,168.3600,24.4800,1.796913
FILLER_5_330,VPWR,li1,158.7000,24.4800,1.796434
FILLER_5_318,VPWR,li1,154.5600,24.4800,1.796243
FILLER_5_301,VPWR,li1,144.2100,24.4800,1.796180
FILLER_5_281,VPWR,li1,135.0100,24.4800,1.796243
FILLER_5_257,VPWR,li1,125.5800,24.4800,1.796327
FILLER_5_248,VPWR,li1,120.0600,24.4800,1.796383
FILLER_5_233,VPWR,li1,113.1600,24.4800,1.796549
FILLER_5_225,VPWR,li1,110.8600,24.4800,1.796614
FILLER_5_222,VPWR,li1,108.1000,24.4800,1.796725
FILLER_5_210,VPWR,li1,102.3500,24.4800,1.796896
FILLER_5_198,VPWR,li1,96.8300,24.4800,1.797056
FILLER_5_186,VPWR,li1,93.8400,24.4800,1.797115
FILLER_5_174,VPWR,li1,88.3200,24.4800,1.797262
FILLER_5_157,VPWR,li1,79.1200,24.4800,1.797544
FILLER_5_146,VPWR,li1,73.6000,24.4800,1.797713
FILLER_5_134,VPWR,li1,69.9200,24.4800,1.797815
FILLER_5_125,VPWR,li1,64.4000,24.4800,1.798041
FILLER_5_113,VPWR,li1,60.2600,24.4800,1.798164
FILLER_5_111,VPWR,li1,56.8100,24.4800,1.798251
FILLER_5_105,VPWR,li1,55.2000,24.4800,1.798359
FILLER_5_93,VPWR,li1,51.0600,24.4800,1.798456
FILLER_5_81,VPWR,li1,45.5400,24.4800,1.798711
FILLER_5_69,VPWR,li1,40.0200,24.4800,1.798878
FILLER_5_57,VPWR,li1,34.5000,24.4800,1.799089
FILLER_5_55,VPWR,li1,31.0500,24.4800,1.799265
FILLER_5_51,VPWR,li1,29.9000,24.4800,1.799265
FILLER_5_39,VPWR,li1,26.2200,24.4800,1.799406
FILLER_5_27,VPWR,li1,20.7000,24.4800,1.799617
FILLER_5_15,VPWR,li1,15.1800,24.4800,1.799617
FILLER_5_3,VPWR,li1,9.6600,24.4800,1.799617
FILLER_4_821,VPWR,li1,383.8700,24.4800,1.797668
FILLER_4_813,VPWR,li1,381.3400,24.4800,1.797668
FILLER_4_811,VPWR,li1,378.8100,24.4800,1.797668
FILLER_4_805,VPWR,li1,377.2000,24.4800,1.797668
FILLER_4_793,VPWR,li1,373.0600,24.4800,1.797668
FILLER_4_781,VPWR,li1,367.5400,24.4800,1.797668
FILLER_4_769,VPWR,li1,362.0200,24.4800,1.797668
FILLER_4_757,VPWR,li1,356.5000,24.4800,1.797668
FILLER_4_755,VPWR,li1,353.0500,24.4800,1.797668
FILLER_4_749,VPWR,li1,351.4400,24.4800,1.797668
FILLER_4_737,VPWR,li1,347.3000,24.4800,1.797668
FILLER_4_725,VPWR,li1,341.7800,24.4800,1.797668
FILLER_4_713,VPWR,li1,336.2600,24.4800,1.797668
FILLER_4_701,VPWR,li1,328.4400,24.4800,1.797690
FILLER_4_684,VPWR,li1,321.0800,24.4800,1.796255
FILLER_4_663,VPWR,li1,311.4200,24.4800,1.794565
FILLER_4_651,VPWR,li1,307.7400,24.4800,1.794068
FILLER_4_643,VPWR,li1,301.5300,24.4800,1.793532
FILLER_4_631,VPWR,li1,298.5400,24.4800,1.793171
FILLER_4_618,VPWR,li1,290.4900,24.4800,1.792458
FILLER_4_606,VPWR,li1,287.0400,24.4800,1.792327
FILLER_4_589,VPWR,li1,277.3800,24.4800,1.791764
FILLER_4_586,VPWR,li1,275.5400,24.4800,1.791657
FILLER_4_578,VPWR,li1,273.2400,24.4800,1.791524
FILLER_4_564,VPWR,li1,265.4200,24.4800,1.791269
FILLER_4_552,VPWR,li1,262.2000,24.4800,1.791277
FILLER_4_528,VPWR,li1,249.3200,24.4800,1.791339
FILLER_4_520,VPWR,li1,245.1800,24.4800,1.791363
FILLER_4_510,VPWR,li1,240.8100,24.4800,1.791391
FILLER_4_502,VPWR,li1,238.2800,24.4800,1.791416
FILLER_4_489,VPWR,li1,231.8400,24.4800,1.791448
FILLER_4_477,VPWR,li1,227.7000,24.4800,1.791480
FILLER_4_473,VPWR,li1,223.7900,24.4800,1.791501
FILLER_4_461,VPWR,li1,220.3400,24.4800,1.791535
FILLER_4_436,VPWR,li1,206.7700,24.4800,1.792239
FILLER_4_428,VPWR,li1,204.2400,24.4800,1.792501
FILLER_4_419,VPWR,li1,198.4900,24.4800,1.793215
FILLER_4_407,VPWR,li1,195.5000,24.4800,1.793484
FILLER_4_400,VPWR,li1,189.7500,24.4800,1.794555
FILLER_4_392,VPWR,li1,186.5300,24.4800,1.794962
FILLER_4_380,VPWR,li1,183.0800,24.4800,1.795531
FILLER_4_368,VPWR,li1,177.5600,24.4800,1.796800
FILLER_4_360,VPWR,li1,171.3500,24.4800,1.797005
FILLER_4_356,VPWR,li1,170.2000,24.4800,1.797005
FILLER_4_344,VPWR,li1,166.5200,24.4800,1.796753
FILLER_4_332,VPWR,li1,161.0000,24.4800,1.796547
FILLER_4_324,VPWR,li1,154.7900,24.4800,1.796243
FILLER_4_318,VPWR,li1,153.1800,24.4800,1.796243
FILLER_4_309,VPWR,li1,148.1200,24.4800,1.796153
FILLER_4_305,VPWR,li1,146.5100,24.4800,1.796165
FILLER_4_297,VPWR,li1,143.9800,24.4800,1.796180
FILLER_4_285,VPWR,li1,139.3800,24.4800,1.796209
FILLER_4_281,VPWR,li1,135.0100,24.4800,1.796243
FILLER_4_277,VPWR,li1,133.8600,24.4800,1.796258
FILLER_4_265,VPWR,li1,130.1800,24.4800,1.796282
FILLER_4_253,VPWR,li1,124.6600,24.4800,1.796327
FILLER_4_250,VPWR,li1,120.9800,24.4800,1.796383
FILLER_4_243,VPWR,li1,117.5300,24.4800,1.796427
FILLER_4_237,VPWR,li1,115.9200,24.4800,1.796497
FILLER_4_225,VPWR,li1,111.7800,24.4800,1.796614
FILLER_4_217,VPWR,li1,105.5700,24.4800,1.796811
FILLER_4_210,VPWR,li1,102.3500,24.4800,1.796896
FILLER_4_206,VPWR,li1,101.2000,24.4800,1.796896
FILLER_4_195,VPWR,li1,95.4500,24.4800,1.797056
FILLER_4_187,VPWR,li1,93.3800,24.4800,1.797115
FILLER_4_183,VPWR,li1,89.9300,24.4800,1.797262
FILLER_4_177,VPWR,li1,88.3200,24.4800,1.797262
FILLER_4_165,VPWR,li1,84.1800,24.4800,1.797382
FILLER_4_153,VPWR,li1,78.6600,24.4800,1.797544
FILLER_4_141,VPWR,li1,73.1400,24.4800,1.797713
FILLER_4_128,VPWR,li1,67.1600,24.4800,1.797924
FILLER_4_119,VPWR,li1,60.7200,24.4800,1.798164
FILLER_4_97,VPWR,li1,51.0600,24.4800,1.798456
FILLER_4_85,VPWR,li1,47.3800,24.4800,1.798596
FILLER_4_83,VPWR,li1,43.9300,24.4800,1.798790
FILLER_4_77,VPWR,li1,42.3200,24.4800,1.798790
FILLER_4_65,VPWR,li1,38.1800,24.4800,1.798948
FILLER_4_53,VPWR,li1,32.6600,24.4800,1.799160
FILLER_4_41,VPWR,li1,27.1400,24.4800,1.799406
FILLER_4_29,VPWR,li1,21.6200,24.4800,1.799617
FILLER_4_27,VPWR,li1,18.1700,24.4800,1.799617
FILLER_4_15,VPWR,li1,15.1800,24.4800,1.799617
FILLER_4_3,VPWR,li1,9.6600,24.4800,1.799617
FILLER_3_821,VPWR,li1,383.8700,19.0400,1.798783
FILLER_3_809,VPWR,li1,380.4200,19.0400,1.798783
FILLER_3_797,VPWR,li1,374.9000,19.0400,1.798783
FILLER_3_785,VPWR,li1,369.3800,19.0400,1.798783
FILLER_3_783,VPWR,li1,365.9300,19.0400,1.798783
FILLER_3_777,VPWR,li1,364.3200,19.0400,1.798783
FILLER_3_765,VPWR,li1,360.1800,19.0400,1.798783
FILLER_3_753,VPWR,li1,354.6600,19.0400,1.798783
FILLER_3_741,VPWR,li1,349.1400,19.0400,1.798783
FILLER_3_729,VPWR,li1,343.6200,19.0400,1.798783
FILLER_3_727,VPWR,li1,340.1700,19.0400,1.798783
FILLER_3_721,VPWR,li1,338.5600,19.0400,1.798783
FILLER_3_709,VPWR,li1,334.4200,19.0400,1.798788
FILLER_3_705,VPWR,li1,330.0500,19.0400,1.798796
FILLER_3_687,VPWR,li1,322.2300,19.0400,1.798232
FILLER_3_667,VPWR,li1,312.8000,19.0400,1.797352
FILLER_3_655,VPWR,li1,309.5800,19.0400,1.797107
FILLER_3_633,VPWR,li1,296.9300,19.0400,1.796689
FILLER_3_629,VPWR,li1,295.7800,19.0400,1.796689
FILLER_3_617,VPWR,li1,292.1000,19.0400,1.796692
FILLER_3_614,VPWR,li1,288.4200,19.0400,1.796694
FILLER_3_602,VPWR,li1,285.2000,19.0400,1.796697
FILLER_3_581,VPWR,li1,273.0100,19.0400,1.796711
FILLER_3_576,VPWR,li1,270.7100,19.0400,1.796715
FILLER_3_569,VPWR,li1,267.9500,19.0400,1.796721
FILLER_3_561,VPWR,li1,265.4200,19.0400,1.796726
FILLER_3_559,VPWR,li1,262.8900,19.0400,1.796735
FILLER_3_553,VPWR,li1,261.2800,19.0400,1.796735
FILLER_3_541,VPWR,li1,257.1400,19.0400,1.796745
FILLER_3_529,VPWR,li1,251.6200,19.0400,1.796762
FILLER_3_523,VPWR,li1,246.3300,19.0400,1.796775
FILLER_3_516,VPWR,li1,243.1100,19.0400,1.796783
FILLER_3_510,VPWR,li1,241.5000,19.0400,1.796790
FILLER_3_502,VPWR,li1,236.9000,19.0400,1.796803
FILLER_3_494,VPWR,li1,234.6000,19.0400,1.796810
FILLER_3_482,VPWR,li1,230.0000,19.0400,1.796823
FILLER_3_463,VPWR,li1,219.8800,19.0400,1.796860
FILLER_3_435,VPWR,li1,206.3100,19.0400,1.796937
FILLER_3_427,VPWR,li1,203.7800,19.0400,1.796948
FILLER_3_410,VPWR,li1,194.8100,19.0400,1.796996
FILLER_3_381,VPWR,li1,181.0100,19.0400,1.797757
FILLER_3_369,VPWR,li1,178.0200,19.0400,1.797978
FILLER_3_362,VPWR,li1,172.2700,19.0400,1.797878
FILLER_3_358,VPWR,li1,171.1200,19.0400,1.797878
FILLER_3_345,VPWR,li1,164.6800,19.0400,1.797360
FILLER_3_337,VPWR,li1,162.3800,19.0400,1.797176
FILLER_3_334,VPWR,li1,159.6200,19.0400,1.796955
FILLER_3_326,VPWR,li1,157.3200,19.0400,1.796771
FILLER_3_320,VPWR,li1,153.4100,19.0400,1.796379
FILLER_3_314,VPWR,li1,150.6500,19.0400,1.796246
FILLER_3_304,VPWR,li1,146.0500,19.0400,1.796120
FILLER_3_296,VPWR,li1,143.5200,19.0400,1.796059
FILLER_3_284,VPWR,li1,138.9200,19.0400,1.795975
FILLER_3_279,VPWR,li1,134.0900,19.0400,1.795881
FILLER_3_275,VPWR,li1,132.9400,19.0400,1.795840
FILLER_3_263,VPWR,li1,129.2600,19.0400,1.795780
FILLER_3_251,VPWR,li1,123.7400,19.0400,1.795671
FILLER_3_233,VPWR,li1,113.1600,19.0400,1.795703
FILLER_3_225,VPWR,li1,110.8600,19.0400,1.795747
FILLER_3_221,VPWR,li1,107.8700,19.0400,1.795833
FILLER_3_212,VPWR,li1,103.2700,19.0400,1.795919
FILLER_3_207,VPWR,li1,100.9700,19.0400,1.795966
FILLER_3_202,VPWR,li1,98.6700,19.0400,1.796008
FILLER_3_190,VPWR,li1,95.6800,19.0400,1.796050
FILLER_3_175,VPWR,li1,86.2500,19.0400,1.796243
FILLER_3_169,VPWR,li1,84.6400,19.0400,1.796281
FILLER_3_165,VPWR,li1,82.1100,19.0400,1.796328
FILLER_3_157,VPWR,li1,79.5800,19.0400,1.796414
FILLER_3_143,VPWR,li1,71.5300,19.0400,1.796703
FILLER_3_135,VPWR,li1,69.4600,19.0400,1.796804
FILLER_3_120,VPWR,li1,62.5600,19.0400,1.797089
FILLER_3_111,VPWR,li1,56.8100,19.0400,1.797493
FILLER_3_105,VPWR,li1,55.2000,19.0400,1.797493
FILLER_3_93,VPWR,li1,51.0600,19.0400,1.797726
FILLER_3_81,VPWR,li1,45.5400,19.0400,1.798102
FILLER_3_69,VPWR,li1,40.0200,19.0400,1.798348
FILLER_3_57,VPWR,li1,34.5000,19.0400,1.798659
FILLER_3_55,VPWR,li1,31.0500,19.0400,1.798918
FILLER_3_51,VPWR,li1,29.9000,19.0400,1.798918
FILLER_3_39,VPWR,li1,26.2200,19.0400,1.799126
FILLER_3_27,VPWR,li1,20.7000,19.0400,1.799436
FILLER_3_15,VPWR,li1,15.1800,19.0400,1.799436
FILLER_3_3,VPWR,li1,9.6600,19.0400,1.799436
FILLER_2_821,VPWR,li1,383.8700,19.0400,1.798783
FILLER_2_813,VPWR,li1,381.3400,19.0400,1.798783
FILLER_2_811,VPWR,li1,378.8100,19.0400,1.798783
FILLER_2_805,VPWR,li1,377.2000,19.0400,1.798783
FILLER_2_793,VPWR,li1,373.0600,19.0400,1.798783
FILLER_2_781,VPWR,li1,367.5400,19.0400,1.798783
FILLER_2_769,VPWR,li1,362.0200,19.0400,1.798783
FILLER_2_757,VPWR,li1,356.5000,19.0400,1.798783
FILLER_2_755,VPWR,li1,353.0500,19.0400,1.798783
FILLER_2_743,VPWR,li1,350.0600,19.0400,1.798783
FILLER_2_731,VPWR,li1,344.5400,19.0400,1.798783
FILLER_2_709,VPWR,li1,332.1200,19.0400,1.798792
FILLER_2_701,VPWR,li1,329.8200,19.0400,1.798796
FILLER_2_688,VPWR,li1,324.7600,19.0400,1.798495
FILLER_2_676,VPWR,li1,319.2400,19.0400,1.797921
FILLER_2_664,VPWR,li1,313.7200,19.0400,1.797352
FILLER_2_656,VPWR,li1,307.5100,19.0400,1.796940
FILLER_2_652,VPWR,li1,306.3600,19.0400,1.796940
FILLER_2_643,VPWR,li1,301.5300,19.0400,1.796751
FILLER_2_635,VPWR,li1,299.4600,19.0400,1.796687
FILLER_2_628,VPWR,li1,294.6300,19.0400,1.796691
FILLER_2_622,VPWR,li1,293.0200,19.0400,1.796691
FILLER_2_593,VPWR,li1,279.6800,19.0400,1.796702
FILLER_2_565,VPWR,li1,265.6500,19.0400,1.796726
FILLER_2_557,VPWR,li1,261.9700,19.0400,1.796735
FILLER_2_545,VPWR,li1,258.9800,19.0400,1.796740
FILLER_2_531,VPWR,li1,250.0100,19.0400,1.796762
FILLER_2_523,VPWR,li1,247.9400,19.0400,1.796767
FILLER_2_499,VPWR,li1,235.7500,19.0400,1.796803
FILLER_2_483,VPWR,li1,227.9300,19.0400,1.796830
FILLER_2_477,VPWR,li1,226.3200,19.0400,1.796841
FILLER_2_456,VPWR,li1,215.7400,19.0400,1.796879
FILLER_2_431,VPWR,li1,204.0100,19.0400,1.796948
FILLER_2_427,VPWR,li1,202.8600,19.0400,1.796948
FILLER_2_419,VPWR,li1,198.4900,19.0400,1.796982
FILLER_2_411,VPWR,li1,196.4200,19.0400,1.796996
FILLER_2_379,VPWR,li1,180.3200,19.0400,1.797757
FILLER_2_371,VPWR,li1,176.6400,19.0400,1.798227
FILLER_2_362,VPWR,li1,172.5000,19.0400,1.797878
FILLER_2_342,VPWR,li1,163.0700,19.0400,1.797176
FILLER_2_309,VPWR,li1,147.8900,19.0400,1.796172
FILLER_2_301,VPWR,li1,144.2100,19.0400,1.796059
FILLER_2_288,VPWR,li1,138.6900,19.0400,1.795975
FILLER_2_270,VPWR,li1,130.4100,19.0400,1.795780
FILLER_2_249,VPWR,li1,120.7500,19.0400,1.795668
FILLER_2_222,VPWR,li1,107.8700,19.0400,1.795833
FILLER_2_197,VPWR,li1,96.3700,19.0400,1.796050
FILLER_2_189,VPWR,li1,92.9200,19.0400,1.796106
FILLER_2_180,VPWR,li1,89.0100,19.0400,1.796205
FILLER_2_141,VPWR,li1,71.0700,19.0400,1.796703
FILLER_2_139,VPWR,li1,69.6900,19.0400,1.796804
FILLER_2_133,VPWR,li1,68.0800,19.0400,1.796804
FILLER_2_121,VPWR,li1,63.9400,19.0400,1.797089
FILLER_2_109,VPWR,li1,58.4200,19.0400,1.797376
FILLER_2_97,VPWR,li1,52.9000,19.0400,1.797623
FILLER_2_85,VPWR,li1,47.3800,19.0400,1.797934
FILLER_2_83,VPWR,li1,43.9300,19.0400,1.798219
FILLER_2_77,VPWR,li1,42.3200,19.0400,1.798219
FILLER_2_65,VPWR,li1,38.1800,19.0400,1.798452
FILLER_2_53,VPWR,li1,32.6600,19.0400,1.798763
FILLER_2_41,VPWR,li1,27.1400,19.0400,1.799126
FILLER_2_29,VPWR,li1,21.6200,19.0400,1.799436
FILLER_2_27,VPWR,li1,18.1700,19.0400,1.799436
FILLER_2_15,VPWR,li1,15.1800,19.0400,1.799436
FILLER_2_3,VPWR,li1,9.6600,19.0400,1.799436
FILLER_1_821,VPWR,li1,383.8700,13.6000,1.799717
FILLER_1_809,VPWR,li1,380.4200,13.6000,1.799717
FILLER_1_797,VPWR,li1,374.9000,13.6000,1.799717
FILLER_1_785,VPWR,li1,369.3800,13.6000,1.799717
FILLER_1_783,VPWR,li1,365.9300,13.6000,1.799717
FILLER_1_777,VPWR,li1,364.3200,13.6000,1.799717
FILLER_1_765,VPWR,li1,360.1800,13.6000,1.799717
FILLER_1_753,VPWR,li1,354.6600,13.6000,1.799717
FILLER_1_741,VPWR,li1,349.1400,13.6000,1.799719
FILLER_1_729,VPWR,li1,343.6200,13.6000,1.799727
FILLER_1_720,VPWR,li1,338.5600,13.6000,1.799737
FILLER_1_699,VPWR,li1,327.2900,13.6000,1.799748
FILLER_1_670,VPWR,li1,314.1800,13.6000,1.799634
FILLER_1_649,VPWR,li1,304.2900,13.6000,1.799579
FILLER_1_641,VPWR,li1,302.2200,13.6000,1.799566
FILLER_1_614,VPWR,li1,288.4200,13.6000,1.799492
FILLER_1_598,VPWR,li1,281.5200,13.6000,1.799456
FILLER_1_586,VPWR,li1,277.8400,13.6000,1.799437
FILLER_1_574,VPWR,li1,269.7900,13.6000,1.799395
FILLER_1_561,VPWR,li1,264.0400,13.6000,1.799365
FILLER_1_559,VPWR,li1,262.8900,13.6000,1.799365
FILLER_1_555,VPWR,li1,261.7400,13.6000,1.799355
FILLER_1_522,VPWR,li1,245.8700,13.6000,1.799297
FILLER_1_518,VPWR,li1,244.7200,13.6000,1.799287
FILLER_1_514,VPWR,li1,242.1900,13.6000,1.799280
FILLER_1_503,VPWR,li1,237.1300,13.6000,1.799265
FILLER_1_496,VPWR,li1,234.3700,13.6000,1.799258
FILLER_1_492,VPWR,li1,232.0700,13.6000,1.799250
FILLER_1_453,VPWR,li1,214.1300,13.6000,1.799208
FILLER_1_435,VPWR,li1,206.0800,13.6000,1.799196
FILLER_1_427,VPWR,li1,203.7800,13.6000,1.799191
FILLER_1_399,VPWR,li1,189.9800,13.6000,1.799248
FILLER_1_393,VPWR,li1,186.7600,13.6000,1.799298
FILLER_1_390,VPWR,li1,185.3800,13.6000,1.799298
FILLER_1_356,VPWR,li1,169.7400,13.6000,1.799226
FILLER_1_337,VPWR,li1,161.4600,13.6000,1.798867
FILLER_1_328,VPWR,li1,158.2400,13.6000,1.798694
FILLER_1_308,VPWR,li1,147.8900,13.6000,1.798427
FILLER_1_300,VPWR,li1,145.3600,13.6000,1.798379
FILLER_1_288,VPWR,li1,138.4600,13.6000,1.798263
FILLER_1_252,VPWR,li1,123.2800,13.6000,1.798011
FILLER_1_237,VPWR,li1,114.7700,13.6000,1.798001
FILLER_1_232,VPWR,li1,112.7000,13.6000,1.798028
FILLER_1_200,VPWR,li1,97.7500,13.6000,1.798276
FILLER_1_195,VPWR,li1,95.4500,13.6000,1.798312
FILLER_1_191,VPWR,li1,94.3000,13.6000,1.798312
FILLER_1_177,VPWR,li1,87.1700,13.6000,1.798438
FILLER_1_169,VPWR,li1,85.1000,13.6000,1.798483
FILLER_1_167,VPWR,li1,82.5700,13.6000,1.798517
FILLER_1_160,VPWR,li1,79.8100,13.6000,1.798547
FILLER_1_152,VPWR,li1,77.2800,13.6000,1.798596
FILLER_1_137,VPWR,li1,70.3800,13.6000,1.798739
FILLER_1_125,VPWR,li1,65.7800,13.6000,1.798812
FILLER_1_113,VPWR,li1,60.2600,13.6000,1.798930
FILLER_1_111,VPWR,li1,56.8100,13.6000,1.799038
FILLER_1_105,VPWR,li1,55.2000,13.6000,1.799038
FILLER_1_93,VPWR,li1,51.0600,13.6000,1.799156
FILLER_1_81,VPWR,li1,45.5400,13.6000,1.799269
FILLER_1_69,VPWR,li1,40.0200,13.6000,1.799384
FILLER_1_57,VPWR,li1,34.5000,13.6000,1.799483
FILLER_1_55,VPWR,li1,31.0500,13.6000,1.799583
FILLER_1_51,VPWR,li1,29.9000,13.6000,1.799583
FILLER_1_39,VPWR,li1,26.2200,13.6000,1.799663
FILLER_1_27,VPWR,li1,20.7000,13.6000,1.799783
FILLER_1_15,VPWR,li1,15.1800,13.6000,1.799783
FILLER_1_3,VPWR,li1,9.6600,13.6000,1.799783
FILLER_0_821,VPWR,li1,383.8700,13.6000,1.799717
FILLER_0_813,VPWR,li1,381.3400,13.6000,1.799717
FILLER_0_809,VPWR,li1,378.3500,13.6000,1.799717
FILLER_0_797,VPWR,li1,374.9000,13.6000,1.799717
FILLER_0_785,VPWR,li1,369.3800,13.6000,1.799717
FILLER_0_781,VPWR,li1,365.4700,13.6000,1.799717
FILLER_0_769,VPWR,li1,362.0200,13.6000,1.799717
FILLER_0_757,VPWR,li1,356.5000,13.6000,1.799717
FILLER_0_750,VPWR,li1,350.9800,13.6000,1.799717
FILLER_0_742,VPWR,li1,348.6800,13.6000,1.799719
FILLER_0_737,VPWR,li1,344.7700,13.6000,1.799723
FILLER_0_729,VPWR,li1,342.7000,13.6000,1.799727
FILLER_0_721,VPWR,li1,337.8700,13.6000,1.799737
FILLER_0_709,VPWR,li1,334.4200,13.6000,1.799748
FILLER_0_698,VPWR,li1,327.0600,13.6000,1.799748
FILLER_0_677,VPWR,li1,317.1700,13.6000,1.799646
FILLER_0_669,VPWR,li1,313.9500,13.6000,1.799634
FILLER_0_657,VPWR,li1,309.1200,13.6000,1.799606
FILLER_0_645,VPWR,li1,304.9800,13.6000,1.799579
FILLER_0_638,VPWR,li1,300.3800,13.6000,1.799548
FILLER_0_623,VPWR,li1,292.3300,13.6000,1.799504
FILLER_0_617,VPWR,li1,290.7200,13.6000,1.799504
FILLER_0_615,VPWR,li1,288.6500,13.6000,1.799492
FILLER_0_607,VPWR,li1,286.5800,13.6000,1.799482
FILLER_0_595,VPWR,li1,281.9800,13.6000,1.799456
FILLER_0_589,VPWR,li1,276.9200,13.6000,1.799426
FILLER_0_587,VPWR,li1,275.7700,13.6000,1.799426
FILLER_0_561,VPWR,li1,264.0400,13.6000,1.799365
FILLER_0_559,VPWR,li1,262.8900,13.6000,1.799365
FILLER_0_554,VPWR,li1,260.8200,13.6000,1.799355
FILLER_0_524,VPWR,li1,247.0200,13.6000,1.799297
FILLER_0_517,VPWR,li1,244.2600,13.6000,1.799287
FILLER_0_510,VPWR,li1,241.0400,13.6000,1.799280
FILLER_0_505,VPWR,li1,238.2800,13.6000,1.799271
FILLER_0_485,VPWR,li1,228.8500,13.6000,1.799240
FILLER_0_474,VPWR,li1,224.0200,13.6000,1.799231
FILLER_0_459,VPWR,li1,217.1200,13.6000,1.799213
FILLER_0_441,VPWR,li1,209.0700,13.6000,1.799201
FILLER_0_434,VPWR,li1,205.8500,13.6000,1.799196
FILLER_0_421,VPWR,li1,199.6400,13.6000,1.799190
FILLER_0_393,VPWR,li1,186.9900,13.6000,1.799298
FILLER_0_391,VPWR,li1,185.6100,13.6000,1.799298
FILLER_0_385,VPWR,li1,183.3100,13.6000,1.799322
FILLER_0_379,VPWR,li1,180.3200,13.6000,1.799376
FILLER_0_350,VPWR,li1,167.2100,13.6000,1.799114
FILLER_0_343,VPWR,li1,163.9900,13.6000,1.798974
FILLER_0_317,VPWR,li1,151.5700,13.6000,1.798513
FILLER_0_309,VPWR,li1,149.5000,13.6000,1.798474
FILLER_0_307,VPWR,li1,146.9700,13.6000,1.798427
FILLER_0_300,VPWR,li1,144.4400,13.6000,1.798379
FILLER_0_287,VPWR,li1,138.2300,13.6000,1.798263
FILLER_0_281,VPWR,li1,135.2400,13.6000,1.798197
FILLER_0_273,VPWR,li1,131.7900,13.6000,1.798149
FILLER_0_267,VPWR,li1,128.8000,13.6000,1.798097
FILLER_0_259,VPWR,li1,126.5000,13.6000,1.798066
FILLER_0_253,VPWR,li1,122.3600,13.6000,1.798011
FILLER_0_244,VPWR,li1,118.6800,13.6000,1.797962
FILLER_0_239,VPWR,li1,115.9200,13.6000,1.798001
FILLER_0_223,VPWR,li1,108.3300,13.6000,1.798119
FILLER_0_217,VPWR,li1,106.7200,13.6000,1.798119
FILLER_0_209,VPWR,li1,102.5800,13.6000,1.798183
FILLER_0_202,VPWR,li1,99.3600,13.6000,1.798233
FILLER_0_197,VPWR,li1,96.6000,13.6000,1.798276
FILLER_0_191,VPWR,li1,93.6100,13.6000,1.798342
FILLER_0_181,VPWR,li1,89.7000,13.6000,1.798408
FILLER_0_174,VPWR,li1,86.4800,13.6000,1.798438
FILLER_0_169,VPWR,li1,83.7200,13.6000,1.798483
FILLER_0_167,VPWR,li1,82.5700,13.6000,1.798517
FILLER_0_163,VPWR,li1,80.7300,13.6000,1.798547
FILLER_0_149,VPWR,li1,74.2900,13.6000,1.798665
FILLER_0_141,VPWR,li1,70.8400,13.6000,1.798739
FILLER_0_137,VPWR,li1,69.2300,13.6000,1.798739
FILLER_0_125,VPWR,li1,65.7800,13.6000,1.798812
FILLER_0_113,VPWR,li1,60.2600,13.6000,1.798930
FILLER_0_110,VPWR,li1,56.5800,13.6000,1.799038
FILLER_0_98,VPWR,li1,53.3600,13.6000,1.799077
FILLER_0_91,VPWR,li1,48.0700,13.6000,1.799225
FILLER_0_85,VPWR,li1,45.0800,13.6000,1.799269
FILLER_0_77,VPWR,li1,41.6300,13.6000,1.799329
FILLER_0_69,VPWR,li1,39.1000,13.6000,1.799384
FILLER_0_57,VPWR,li1,34.5000,13.6000,1.799483
FILLER_0_53,VPWR,li1,30.5900,13.6000,1.799583
FILLER_0_41,VPWR,li1,27.1400,13.6000,1.799663
FILLER_0_29,VPWR,li1,21.6200,13.6000,1.799783
FILLER_0_27,VPWR,li1,18.1700,13.6000,1.799783
FILLER_0_15,VPWR,li1,15.1800,13.6000,1.799783
FILLER_0_3,VPWR,li1,9.6600,13.6000,1.799783
ANTENNA_21,VPWR,li1,173.8800,187.6800,1.799947
ANTENNA_20,VPWR,li1,267.2600,106.0800,1.799836
ANTENNA_19,VPWR,li1,345.9200,182.2400,1.799895
ANTENNA_18,VPWR,li1,163.7600,176.8000,1.799796
ANTENNA_17,VPWR,li1,308.2000,182.2400,1.799857
ANTENNA_16,VPWR,li1,129.2600,111.5200,1.796395
ANTENNA_15,VPWR,li1,228.1600,247.5200,1.799538
ANTENNA_14,VPWR,li1,266.8000,252.9600,1.799580
ANTENNA_13,VPWR,li1,264.0400,252.9600,1.799578
ANTENNA_12,VPWR,li1,179.8600,252.9600,1.799890
ANTENNA_11,VPWR,li1,162.8400,51.6800,1.799913
ANTENNA_10,VPWR,li1,109.4800,312.8000,1.799669
ANTENNA_9,VPWR,li1,161.4600,318.2400,1.799799
ANTENNA_8,VPWR,li1,203.3200,182.2400,1.799802
ANTENNA_7,VPWR,li1,155.9400,236.6400,1.799770
ANTENNA_6,VPWR,li1,197.8000,127.8400,1.796938
ANTENNA_5,VPWR,li1,225.8600,78.8800,1.799699
ANTENNA_4,VPWR,li1,157.3200,57.1200,1.799570
ANTENNA_3,VPWR,li1,67.1600,89.7600,1.799848
ANTENNA_2,VPWR,li1,161.0000,214.8800,1.799886
ANTENNA_1,VPWR,li1,211.6000,122.4000,1.791306
clone312,VPWR,li1,275.0800,100.6400,1.799823
rebuffer311,VPWR,li1,314.4100,73.4400,1.799726
rebuffer310,VPWR,li1,205.3900,106.0800,1.799773
rebuffer309,VPWR,li1,179.1700,193.1200,1.799937
rebuffer308,VPWR,li1,265.4200,106.0800,1.799832
rebuffer307,VPWR,li1,245.8700,100.6400,1.799830
rebuffer306,VPWR,li1,289.3400,198.5600,1.799686
rebuffer279,VPWR,li1,329.1300,242.0800,1.799792
rebuffer278,VPWR,li1,354.2000,242.0800,1.799460
rebuffer277,VPWR,li1,334.1900,236.6400,1.799707
rebuffer276,VPWR,li1,336.4900,247.5200,1.799548
rebuffer275,VPWR,li1,321.5400,231.2000,1.799796
rebuffer274,VPWR,li1,283.1300,198.5600,1.799654
rebuffer273,VPWR,li1,280.6000,198.5600,1.799639
rebuffer272,VPWR,li1,262.2000,187.6800,1.799878
rebuffer271,VPWR,li1,301.3000,100.6400,1.799845
rebuffer226,VPWR,li1,291.6400,144.1600,1.799713
clone225,VPWR,li1,278.9900,106.0800,1.799855
rebuffer224,VPWR,li1,258.2900,334.5600,1.799585
rebuffer223,VPWR,li1,255.9900,334.5600,1.799576
rebuffer222,VPWR,li1,257.3700,252.9600,1.799576
rebuffer221,VPWR,li1,261.0500,62.5600,1.799612
rebuffer220,VPWR,li1,349.3700,138.7200,1.798282
rebuffer219,VPWR,li1,339.2500,155.0400,1.799812
rebuffer218,VPWR,li1,346.1500,144.1600,1.799345
rebuffer217,VPWR,li1,349.8300,171.3600,1.799697
rebuffer216,VPWR,li1,350.2900,171.3600,1.799697
rebuffer215,VPWR,li1,319.0100,171.3600,1.799739
rebuffer214,VPWR,li1,308.6600,187.6800,1.799912
rebuffer213,VPWR,li1,318.7800,165.9200,1.799704
rebuffer212,VPWR,li1,314.6400,176.8000,1.799886
rebuffer211,VPWR,li1,253.0000,193.1200,1.799853
rebuffer210,VPWR,li1,250.9300,187.6800,1.799879
rebuffer209,VPWR,li1,315.7900,171.3600,1.799716
rebuffer208,VPWR,li1,307.7400,165.9200,1.799595
rebuffer207,VPWR,li1,339.7100,149.6000,1.799608
rebuffer206,VPWR,li1,332.3500,149.6000,1.799723
rebuffer188,VPWR,li1,325.4500,350.8800,1.799533
rebuffer187,VPWR,li1,325.4500,350.8800,1.799533
rebuffer186,VPWR,li1,338.5600,350.8800,1.799437
rebuffer139,VPWR,li1,282.6700,138.7200,1.798717
rebuffer138,VPWR,li1,311.6500,182.2400,1.799868
clone137,VPWR,li1,330.9700,149.6000,1.799723
rebuffer136,VPWR,li1,278.5300,193.1200,1.799877
rebuffer135,VPWR,li1,124.4300,312.8000,1.799665
rebuffer134,VPWR,li1,200.7900,225.7600,1.799730
rebuffer133,VPWR,li1,329.5900,220.3200,1.799913
rebuffer132,VPWR,li1,291.6400,193.1200,1.799896
rebuffer131,VPWR,li1,293.2500,171.3600,1.799591
rebuffer130,VPWR,li1,312.1100,187.6800,1.799915
rebuffer129,VPWR,li1,183.5400,111.5200,1.796962
rebuffer128,VPWR,li1,350.2900,144.1600,1.799228
rebuffer127,VPWR,li1,333.9600,149.6000,1.799677
rebuffer126,VPWR,li1,324.0700,171.3600,1.799779
rebuffer125,VPWR,li1,309.3500,165.9200,1.799618
rebuffer124,VPWR,li1,323.1500,160.4800,1.799692
rebuffer123,VPWR,li1,291.1800,193.1200,1.799896
rebuffer122,VPWR,li1,347.9900,138.7200,1.798326
rebuffer96,VPWR,li1,272.5500,187.6800,1.799878
rebuffer95,VPWR,li1,287.2700,171.3600,1.799565
rebuffer69,VPWR,li1,257.8300,95.2000,1.799799
rebuffer68,VPWR,li1,286.8100,100.6400,1.799831
rebuffer67,VPWR,li1,280.3700,100.6400,1.799826
rebuffer66,VPWR,li1,273.7000,100.6400,1.799823
rebuffer65,VPWR,li1,256.9100,100.6400,1.799823
rebuffer64,VPWR,li1,240.1200,100.6400,1.799835
rebuffer60,VPWR,li1,295.5500,231.2000,1.799677
clone59,VPWR,li1,273.2400,209.4400,1.799863
rebuffer58,VPWR,li1,264.9600,204.0000,1.799895
rebuffer57,VPWR,li1,253.0000,204.0000,1.799895
rebuffer48,VPWR,li1,276.9200,198.5600,1.799610
clone47,VPWR,li1,274.8500,296.4800,1.799874
rebuffer46,VPWR,li1,236.4400,296.4800,1.799840
rebuffer45,VPWR,li1,260.3600,307.3600,1.799461
rebuffer44,VPWR,li1,313.0300,318.2400,1.799791
rebuffer43,VPWR,li1,293.4800,318.2400,1.799695
rebuffer42,VPWR,li1,283.5900,307.3600,1.799474
rebuffer41,VPWR,li1,315.7900,323.6800,1.799734
rebuffer40,VPWR,li1,312.1100,329.1200,1.799752
rebuffer39,VPWR,li1,309.5800,318.2400,1.799774
rebuffer38,VPWR,li1,311.4200,225.7600,1.799745
rebuffer37,VPWR,li1,261.5100,209.4400,1.799856
rebuffer36,VPWR,li1,294.6300,209.4400,1.799887
rebuffer34,VPWR,li1,131.3300,296.4800,1.799837
rebuffer33,VPWR,li1,135.4700,204.0000,1.799889
rebuffer32,VPWR,li1,275.0800,209.4400,1.799864
rebuffer31,VPWR,li1,252.7700,301.9200,1.799762
rebuffer30,VPWR,li1,285.6600,301.9200,1.799816
rebuffer29,VPWR,li1,326.8300,345.4400,1.799602
rebuffer28,VPWR,li1,322.4600,323.6800,1.799789
rebuffer27,VPWR,li1,263.8100,214.8800,1.799809
rebuffer26,VPWR,li1,265.8800,209.4400,1.799858
rebuffer25,VPWR,li1,243.5700,100.6400,1.799832
rebuffer24,VPWR,li1,239.6600,100.6400,1.799835
rebuffer23,VPWR,li1,310.5000,307.3600,1.799647
rebuffer22,VPWR,li1,297.8500,84.3200,1.799806
rebuffer21,VPWR,li1,257.6000,204.0000,1.799894
rebuffer20,VPWR,li1,249.0900,204.0000,1.799895
rebuffer19,VPWR,li1,248.6300,307.3600,1.799465
rebuffer18,VPWR,li1,255.7600,307.3600,1.799461
rebuffer17,VPWR,li1,141.9100,383.5200,1.797112
rebuffer16,VPWR,li1,306.3600,312.8000,1.799832
rebuffer15,VPWR,li1,313.7200,312.8000,1.799862
rebuffer14,VPWR,li1,330.9700,356.3200,1.799758
rebuffer13,VPWR,li1,323.8400,345.4400,1.799539
rebuffer12,VPWR,li1,265.1900,307.3600,1.799462
rebuffer11,VPWR,li1,312.3400,220.3200,1.799843
rebuffer10,VPWR,li1,259.2100,209.4400,1.799856
rebuffer9,VPWR,li1,251.1600,296.4800,1.799847
rebuffer8,VPWR,li1,247.7100,301.9200,1.799759
rebuffer7,VPWR,li1,306.8200,383.5200,1.795292
rebuffer6,VPWR,li1,324.7600,165.9200,1.799770
rebuffer5,VPWR,li1,327.9800,171.3600,1.799804
rebuffer4,VPWR,li1,327.7500,340.0000,1.799828
rebuffer3,VPWR,li1,323.3800,340.0000,1.799798
rebuffer2,VPWR,li1,338.3300,236.6400,1.799668
rebuffer1,VPWR,li1,334.6500,231.2000,1.799786
rebuffer35,VPWR,li1,290.7200,209.4400,1.799880
clkload3,VPWR,li1,224.7100,301.9200,1.799763
clkload2,VPWR,li1,297.1600,307.3600,1.799496
clkload1,VPWR,li1,314.1800,100.6400,1.799862
clkload0,VPWR,li1,232.0700,84.3200,1.799649
clkbuf_3_7__f_clk,VPWR,li1,335.8000,307.3600,1.799804
clkbuf_3_6__f_clk,VPWR,li1,352.3600,247.5200,1.799228
clkbuf_3_5__f_clk,VPWR,li1,229.5400,307.3600,1.799481
clkbuf_3_4__f_clk,VPWR,li1,296.2400,307.3600,1.799496
clkbuf_3_3__f_clk,VPWR,li1,351.4400,144.1600,1.799228
clkbuf_3_2__f_clk,VPWR,li1,333.5000,89.7600,1.799871
clkbuf_3_1__f_clk,VPWR,li1,313.2600,95.2000,1.799836
clkbuf_3_0__f_clk,VPWR,li1,234.1400,89.7600,1.799559
clkbuf_0_clk,VPWR,li1,255.3000,198.5600,1.799494
fanout719,VPWR,li1,143.2900,285.6000,1.798561
fanout718,VPWR,li1,383.1800,204.0000,1.799897
fanout717,VPWR,li1,284.2800,383.5200,1.793014
fanout716,VPWR,li1,382.7200,204.0000,1.799897
fanout715,VPWR,li1,134.3200,19.0400,1.795881
fanout714,VPWR,li1,311.8800,13.6000,1.799622
fanout713,VPWR,li1,365.2400,122.4000,1.793329
fanout712,VPWR,li1,325.6800,13.6000,1.799748
fanout711,VPWR,li1,350.5200,285.6000,1.799767
fanout710,VPWR,li1,293.9400,198.5600,1.799718
fanout709,VPWR,li1,103.0400,193.1200,1.799873
fanout708,VPWR,li1,75.4400,193.1200,1.799876
fanout707,VPWR,li1,202.4000,198.5600,1.799764
fanout706,VPWR,li1,51.5200,193.1200,1.799906
fanout705,VPWR,li1,41.8600,193.1200,1.799924
fanout704,VPWR,li1,38.1800,193.1200,1.799933
fanout703,VPWR,li1,352.3600,116.9600,1.799597
fanout702,VPWR,li1,356.9600,116.9600,1.799561
fanout701,VPWR,li1,354.2000,116.9600,1.799586
fanout700,VPWR,li1,251.6200,111.5200,1.797723
fanout699,VPWR,li1,296.2400,111.5200,1.798836
fanout698,VPWR,li1,274.1600,111.5200,1.798280
fanout697,VPWR,li1,212.9800,116.9600,1.797760
fanout696,VPWR,li1,334.6500,274.7200,1.794990
fanout695,VPWR,li1,357.4200,258.4000,1.799699
fanout694,VPWR,li1,235.9800,111.5200,1.797351
fanout693,VPWR,li1,155.9400,122.4000,1.796967
fanout692,VPWR,li1,212.9800,111.5200,1.796783
fanout691,VPWR,li1,156.4000,111.5200,1.796938
fanout690,VPWR,li1,216.2000,111.5200,1.796876
fanout689,VPWR,li1,111.3200,111.5200,1.796284
fanout688,VPWR,li1,127.4200,111.5200,1.796355
fanout687,VPWR,li1,326.6000,149.6000,1.799717
fanout686,VPWR,li1,323.3800,149.6000,1.799693
fanout685,VPWR,li1,247.9400,138.7200,1.798665
fanout684,VPWR,li1,177.5600,155.0400,1.799850
fanout683,VPWR,li1,228.1600,155.0400,1.799735
fanout682,VPWR,li1,201.4800,155.0400,1.799787
fanout681,VPWR,li1,104.8800,144.1600,1.799845
fanout680,VPWR,li1,346.8400,285.6000,1.799771
fanout679,VPWR,li1,345.0000,285.6000,1.799774
fanout678,VPWR,li1,175.7200,149.6000,1.799651
fanout677,VPWR,li1,79.5800,144.1600,1.799837
fanout676,VPWR,li1,169.2800,160.4800,1.799854
fanout675,VPWR,li1,77.2800,149.6000,1.799490
fanout674,VPWR,li1,348.6800,187.6800,1.799909
fanout673,VPWR,li1,296.7000,182.2400,1.799817
fanout672,VPWR,li1,333.0400,187.6800,1.799944
fanout671,VPWR,li1,317.8600,187.6800,1.799928
fanout670,VPWR,li1,319.7000,187.6800,1.799932
fanout669,VPWR,li1,310.5000,187.6800,1.799915
fanout668,VPWR,li1,268.1800,182.2400,1.799760
fanout667,VPWR,li1,290.7200,182.2400,1.799798
fanout666,VPWR,li1,89.2400,165.9200,1.799704
fanout665,VPWR,li1,91.0800,165.9200,1.799701
fanout664,VPWR,li1,80.9600,176.8000,1.799683
fanout663,VPWR,li1,82.8000,171.3600,1.799655
fanout662,VPWR,li1,126.9600,171.3600,1.799608
fanout661,VPWR,li1,77.7400,171.3600,1.799669
fanout660,VPWR,li1,303.6000,291.0400,1.799956
fanout659,VPWR,li1,296.2400,274.7200,1.793702
fanout658,VPWR,li1,332.5800,95.2000,1.799926
fanout657,VPWR,li1,353.2800,209.4400,1.799896
fanout656,VPWR,li1,282.4400,204.0000,1.799904
fanout655,VPWR,li1,333.5000,95.2000,1.799926
fanout654,VPWR,li1,297.6200,100.6400,1.799840
fanout653,VPWR,li1,231.1500,106.0800,1.799793
fanout652,VPWR,li1,170.6600,198.5600,1.799917
fanout651,VPWR,li1,231.8400,100.6400,1.799844
fanout650,VPWR,li1,165.3700,106.0800,1.799564
fanout649,VPWR,li1,269.5600,106.0800,1.799838
fanout648,VPWR,li1,275.5400,204.0000,1.799898
fanout647,VPWR,li1,279.2200,204.0000,1.799902
fanout646,VPWR,li1,279.2200,301.9200,1.799799
fanout645,VPWR,li1,266.3400,198.5600,1.799558
fanout644,VPWR,li1,269.1000,100.6400,1.799822
fanout643,VPWR,li1,268.6400,100.6400,1.799822
fanout642,VPWR,li1,257.6000,193.1200,1.799856
fanout641,VPWR,li1,195.7300,296.4800,1.799878
fanout640,VPWR,li1,247.0200,296.4800,1.799844
fanout639,VPWR,li1,194.5800,291.0400,1.799943
fanout638,VPWR,li1,194.3500,193.1200,1.799896
fanout637,VPWR,li1,99.8200,296.4800,1.799817
fanout636,VPWR,li1,133.8600,291.0400,1.799914
fanout635,VPWR,li1,60.7200,296.4800,1.799851
fanout634,VPWR,li1,227.2400,296.4800,1.799840
fanout633,VPWR,li1,197.3400,301.9200,1.799837
fanout632,VPWR,li1,239.2000,182.2400,1.799744
fanout631,VPWR,li1,203.7800,193.1200,1.799878
fanout630,VPWR,li1,110.4000,296.4800,1.799819
fanout629,VPWR,li1,65.7800,296.4800,1.799843
fanout628,VPWR,li1,105.8000,193.1200,1.799873
fanout627,VPWR,li1,56.1200,193.1200,1.799896
fanout626,VPWR,li1,63.4800,296.4800,1.799848
fanout625,VPWR,li1,199.6400,291.0400,1.799940
fanout624,VPWR,li1,230.9200,296.4800,1.799840
fanout623,VPWR,li1,210.2200,193.1200,1.799868
fanout622,VPWR,li1,201.4800,193.1200,1.799882
fanout621,VPWR,li1,104.8800,296.4800,1.799817
fanout620,VPWR,li1,58.8800,296.4800,1.799858
fanout619,VPWR,li1,107.6400,193.1200,1.799873
fanout618,VPWR,li1,57.9600,193.1200,1.799893
fanout617,VPWR,li1,61.6400,301.9200,1.799838
fanout616,VPWR,li1,185.1500,301.9200,1.799877
fanout615,VPWR,li1,152.2600,204.0000,1.799912
fanout614,VPWR,li1,58.4200,296.4800,1.799858
fanout613,VPWR,li1,61.1800,209.4400,1.799900
fanout612,VPWR,li1,60.0300,187.6800,1.799915
fanout611,VPWR,li1,202.4000,182.2400,1.799809
fanout610,VPWR,li1,56.1200,187.6800,1.799921
fanout609,VPWR,li1,47.8400,100.6400,1.799942
fanout608,VPWR,li1,54.7400,301.9200,1.799855
fanout607,VPWR,li1,163.7600,296.4800,1.799899
fanout606,VPWR,li1,50.6000,296.4800,1.799875
fanout605,VPWR,li1,45.5400,198.5600,1.799952
fanout604,VPWR,li1,166.0600,193.1200,1.799926
fanout603,VPWR,li1,43.0100,198.5600,1.799956
fanout602,VPWR,li1,75.4400,198.5600,1.799921
fanout601,VPWR,li1,45.0800,296.4800,1.799894
fanout600,VPWR,li1,161.9200,301.9200,1.799863
fanout599,VPWR,li1,140.7600,187.6800,1.799874
fanout598,VPWR,li1,46.0000,193.1200,1.799918
fanout597,VPWR,li1,322.9200,378.0800,1.797820
fanout596,VPWR,li1,320.6200,372.6400,1.799146
fanout595,VPWR,li1,279.6800,367.2000,1.796846
fanout594,VPWR,li1,331.6600,285.6000,1.799796
fanout593,VPWR,li1,355.1200,258.4000,1.799700
fanout592,VPWR,li1,357.4200,182.2400,1.799871
fanout591,VPWR,li1,322.9200,106.0800,1.799945
fanout590,VPWR,li1,330.2800,106.0800,1.799964
fanout589,VPWR,li1,339.4800,111.5200,1.799720
fanout588,VPWR,li1,271.8600,29.9200,1.795784
fanout587,VPWR,li1,326.1400,378.0800,1.798166
fanout586,VPWR,li1,327.0600,372.6400,1.799395
fanout585,VPWR,li1,274.1600,367.2000,1.796628
fanout584,VPWR,li1,332.1200,291.0400,1.799981
fanout583,VPWR,li1,342.7000,285.6000,1.799777
fanout582,VPWR,li1,325.6800,106.0800,1.799951
fanout581,VPWR,li1,327.5200,106.0800,1.799959
fanout580,VPWR,li1,341.7800,100.6400,1.799940
fanout579,VPWR,li1,274.1600,35.3600,1.798737
fanout578,VPWR,li1,266.3400,274.7200,1.791928
fanout577,VPWR,li1,264.5000,274.7200,1.791835
fanout576,VPWR,li1,339.9400,378.0800,1.798629
fanout575,VPWR,li1,338.1000,372.6400,1.799485
fanout574,VPWR,li1,342.2400,372.6400,1.799484
fanout573,VPWR,li1,333.0400,291.0400,1.799981
fanout572,VPWR,li1,338.5600,291.0400,1.799980
fanout571,VPWR,li1,332.1200,111.5200,1.799722
fanout570,VPWR,li1,333.5000,106.0800,1.799961
fanout569,VPWR,li1,331.6600,100.6400,1.799941
fanout568,VPWR,li1,265.4200,111.5200,1.798056
fanout567,VPWR,li1,163.7600,291.0400,1.799948
fanout566,VPWR,li1,239.2000,285.6000,1.798367
fanout565,VPWR,li1,241.5000,285.6000,1.798393
fanout564,VPWR,li1,165.6000,285.6000,1.799102
fanout563,VPWR,li1,174.8000,19.0400,1.798044
fanout562,VPWR,li1,247.4800,29.9200,1.795541
fanout561,VPWR,li1,247.0200,24.4800,1.791352
fanout560,VPWR,li1,173.8800,19.0400,1.798044
fanout559,VPWR,li1,217.5800,19.0400,1.796871
fanout558,VPWR,li1,205.1600,285.6000,1.798742
fanout557,VPWR,li1,256.2200,383.5200,1.793597
fanout556,VPWR,li1,238.7400,291.0400,1.799929
fanout555,VPWR,li1,202.8600,280.1600,1.796816
fanout554,VPWR,li1,252.0800,19.0400,1.796756
fanout553,VPWR,li1,254.8400,19.0400,1.796750
fanout552,VPWR,li1,222.1800,13.6000,1.799227
fanout551,VPWR,li1,274.6200,19.0400,1.796711
fanout550,VPWR,li1,248.8600,285.6000,1.798506
fanout549,VPWR,li1,193.6600,388.9600,1.799853
fanout548,VPWR,li1,202.8600,285.6000,1.798795
fanout547,VPWR,li1,277.3800,19.0400,1.796705
fanout546,VPWR,li1,268.6400,19.0400,1.796721
fanout545,VPWR,li1,212.9800,111.5200,1.796783
fanout544,VPWR,li1,178.4800,19.0400,1.797978
fanout543,VPWR,li1,104.8800,19.0400,1.795869
fanout542,VPWR,li1,102.5800,280.1600,1.795533
fanout541,VPWR,li1,218.0400,285.6000,1.798448
fanout540,VPWR,li1,101.2000,378.0800,1.796703
fanout539,VPWR,li1,104.8800,274.7200,1.798042
fanout538,VPWR,li1,217.8100,116.9600,1.797834
fanout537,VPWR,li1,207.0000,19.0400,1.796925
fanout536,VPWR,li1,108.1000,111.5200,1.796358
fanout535,VPWR,li1,99.8200,19.0400,1.795966
fanout534,VPWR,li1,217.1200,19.0400,1.796879
fanout533,VPWR,li1,162.8400,204.0000,1.799928
fanout532,VPWR,li1,210.2200,19.0400,1.796907
fanout531,VPWR,li1,157.7800,236.6400,1.799783
fanout530,VPWR,li1,247.4800,334.5600,1.799544
fanout529,VPWR,li1,261.7400,247.5200,1.799581
fanout528,VPWR,li1,165.1400,68.0000,1.799869
fanout527,VPWR,li1,268.1800,62.5600,1.799634
fanout526,VPWR,li1,247.4800,155.0400,1.799732
fanout525,VPWR,li1,87.4000,236.6400,1.799674
fanout524,VPWR,li1,216.6600,340.0000,1.799724
fanout523,VPWR,li1,226.3200,247.5200,1.799537
fanout522,VPWR,li1,84.6400,236.6400,1.799681
fanout521,VPWR,li1,101.2000,73.4400,1.799820
fanout520,VPWR,li1,218.0400,57.1200,1.799623
fanout519,VPWR,li1,229.5400,149.6000,1.799012
fanout518,VPWR,li1,256.9100,62.5600,1.799603
fanout517,VPWR,li1,253.9200,340.0000,1.799660
fanout516,VPWR,li1,254.3800,252.9600,1.799575
fanout515,VPWR,li1,217.5800,334.5600,1.799453
fanout514,VPWR,li1,224.4800,247.5200,1.799536
fanout513,VPWR,li1,260.1300,57.1200,1.799553
fanout512,VPWR,li1,277.8400,149.6000,1.799329
fanout511,VPWR,li1,258.9800,62.5600,1.799607
fanout510,VPWR,li1,224.4800,57.1200,1.799605
fanout509,VPWR,li1,228.6200,252.9600,1.799638
fanout508,VPWR,li1,247.0200,340.0000,1.799670
fanout507,VPWR,li1,226.3200,252.9600,1.799655
fanout506,VPWR,li1,194.1200,247.5200,1.799699
fanout505,VPWR,li1,220.5700,57.1200,1.799612
fanout504,VPWR,li1,224.4800,149.6000,1.799015
fanout503,VPWR,li1,253.9200,57.1200,1.799557
fanout502,VPWR,li1,218.5000,62.5600,1.799552
fanout501,VPWR,li1,279.2200,291.0400,1.799940
fanout500,VPWR,li1,274.6200,280.1600,1.797070
fanout499,VPWR,li1,256.6800,57.1200,1.799554
fanout498,VPWR,li1,248.4000,252.9600,1.799575
fanout497,VPWR,li1,247.0200,258.4000,1.799124
fanout496,VPWR,li1,200.1000,340.0000,1.799770
fanout495,VPWR,li1,202.8600,242.0800,1.799698
fanout494,VPWR,li1,251.1600,57.1200,1.799559
fanout493,VPWR,li1,200.5600,155.0400,1.799787
fanout492,VPWR,li1,185.3800,62.5600,1.799730
fanout491,VPWR,li1,272.7800,51.6800,1.799714
fanout490,VPWR,li1,253.9200,345.4400,1.799171
fanout489,VPWR,li1,264.9600,252.9600,1.799579
fanout488,VPWR,li1,179.8600,350.8800,1.799788
fanout487,VPWR,li1,181.2400,252.9600,1.799880
fanout486,VPWR,li1,272.3200,57.1200,1.799550
fanout485,VPWR,li1,275.0800,57.1200,1.799551
fanout484,VPWR,li1,179.4000,149.6000,1.799603
fanout483,VPWR,li1,164.2200,51.6800,1.799917
fanout482,VPWR,li1,239.2000,51.6800,1.799749
fanout481,VPWR,li1,233.2200,345.4400,1.799332
fanout480,VPWR,li1,208.8400,252.9600,1.799735
fanout479,VPWR,li1,128.3400,350.8800,1.799801
fanout478,VPWR,li1,167.4400,252.9600,1.799886
fanout477,VPWR,li1,236.4400,51.6800,1.799754
fanout476,VPWR,li1,241.9600,51.6800,1.799746
fanout475,VPWR,li1,160.0800,144.1600,1.799912
fanout474,VPWR,li1,159.1600,46.2400,1.799772
fanout473,VPWR,li1,328.4400,95.2000,1.799928
fanout472,VPWR,li1,204.2400,214.8800,1.799851
fanout471,VPWR,li1,350.9800,214.8800,1.799851
fanout470,VPWR,li1,345.9200,214.8800,1.799867
fanout469,VPWR,li1,329.3600,95.2000,1.799928
fanout468,VPWR,li1,322.4600,95.2000,1.799887
fanout467,VPWR,li1,347.3000,182.2400,1.799889
fanout466,VPWR,li1,245.6400,89.7600,1.799573
fanout465,VPWR,li1,325.4500,95.2000,1.799913
fanout464,VPWR,li1,342.2400,214.8800,1.799882
fanout463,VPWR,li1,340.8600,312.8000,1.799935
fanout462,VPWR,li1,343.6200,214.8800,1.799872
fanout461,VPWR,li1,197.8000,220.3200,1.799781
fanout460,VPWR,li1,328.6700,84.3200,1.799932
fanout459,VPWR,li1,342.2400,182.2400,1.799903
fanout458,VPWR,li1,333.5000,89.7600,1.799871
fanout457,VPWR,li1,229.0800,89.7600,1.799579
fanout456,VPWR,li1,327.0600,214.8800,1.799923
fanout455,VPWR,li1,326.6000,307.3600,1.799817
fanout454,VPWR,li1,324.7600,220.3200,1.799889
fanout453,VPWR,li1,195.9600,225.7600,1.799753
fanout452,VPWR,li1,319.2400,89.7600,1.799842
fanout451,VPWR,li1,324.7600,176.8000,1.799920
fanout450,VPWR,li1,309.5800,89.7600,1.799793
fanout449,VPWR,li1,164.2200,89.7600,1.799877
fanout448,VPWR,li1,253.2300,89.7600,1.799587
fanout447,VPWR,li1,239.6600,307.3600,1.799472
fanout446,VPWR,li1,252.0800,220.3200,1.799722
fanout445,VPWR,li1,167.4400,220.3200,1.799844
fanout444,VPWR,li1,241.0400,160.4800,1.799332
fanout443,VPWR,li1,248.8600,89.7600,1.799580
fanout442,VPWR,li1,154.1000,89.7600,1.799859
fanout441,VPWR,li1,86.9400,323.6800,1.799785
fanout440,VPWR,li1,79.5800,323.6800,1.799796
fanout439,VPWR,li1,252.0800,323.6800,1.799529
fanout438,VPWR,li1,77.2800,323.6800,1.799800
fanout437,VPWR,li1,54.7400,231.2000,1.799851
fanout436,VPWR,li1,244.9500,176.8000,1.799767
fanout435,VPWR,li1,257.1400,171.3600,1.799473
fanout434,VPWR,li1,71.3000,165.9200,1.799739
fanout433,VPWR,li1,67.1600,78.8800,1.799856
fanout432,VPWR,li1,81.4200,323.6800,1.799793
fanout431,VPWR,li1,163.3000,323.6800,1.799788
fanout430,VPWR,li1,167.4400,231.2000,1.799874
fanout429,VPWR,li1,83.2600,323.6800,1.799790
fanout428,VPWR,li1,59.8000,231.2000,1.799840
fanout427,VPWR,li1,80.5000,171.3600,1.799661
fanout426,VPWR,li1,244.2600,171.3600,1.799450
fanout425,VPWR,li1,73.1400,165.9200,1.799735
fanout424,VPWR,li1,74.0600,78.8800,1.799848
fanout423,VPWR,li1,261.2800,285.6000,1.798688
fanout422,VPWR,li1,264.5000,285.6000,1.798719
fanout421,VPWR,li1,79.5800,329.1200,1.799794
fanout420,VPWR,li1,203.3200,329.1200,1.799662
fanout419,VPWR,li1,79.1200,323.6800,1.799796
fanout418,VPWR,li1,129.2600,323.6800,1.799751
fanout417,VPWR,li1,76.8200,176.8000,1.799692
fanout416,VPWR,li1,205.1600,165.9200,1.799426
fanout415,VPWR,li1,131.1000,165.9200,1.799694
fanout414,VPWR,li1,169.7400,204.0000,1.799945
fanout413,VPWR,li1,164.2200,291.0400,1.799948
fanout412,VPWR,li1,166.0600,204.0000,1.799934
fanout411,VPWR,li1,147.6600,68.0000,1.799833
fanout410,VPWR,li1,144.4400,68.0000,1.799827
fanout409,VPWR,li1,202.1700,274.7200,1.794636
fanout408,VPWR,li1,260.3600,280.1600,1.796495
fanout407,VPWR,li1,324.3000,247.5200,1.799720
fanout406,VPWR,li1,322.4600,247.5200,1.799713
fanout405,VPWR,li1,301.0700,209.4400,1.799896
fanout404,VPWR,li1,353.7400,214.8800,1.799844
fanout403,VPWR,li1,319.2400,247.5200,1.799701
fanout402,VPWR,li1,326.1400,247.5200,1.799726
fanout401,VPWR,li1,278.0700,252.9600,1.799589
fanout400,VPWR,li1,309.1200,247.5200,1.799679
fanout399,VPWR,li1,261.7400,247.5200,1.799581
fanout398,VPWR,li1,283.8200,247.5200,1.799621
fanout397,VPWR,li1,95.6800,252.9600,1.799782
fanout396,VPWR,li1,81.8800,252.9600,1.799794
fanout395,VPWR,li1,76.3600,252.9600,1.799800
fanout394,VPWR,li1,137.0800,252.9600,1.799805
fanout393,VPWR,li1,355.1200,214.8800,1.799844
fanout392,VPWR,li1,323.3800,214.8800,1.799915
fanout391,VPWR,li1,329.8200,214.8800,1.799920
fanout390,VPWR,li1,290.4900,214.8800,1.799840
fanout389,VPWR,li1,313.2600,209.4400,1.799917
fanout388,VPWR,li1,307.7400,214.8800,1.799877
fanout387,VPWR,li1,292.3300,204.0000,1.799914
fanout386,VPWR,li1,299.4600,209.4400,1.799893
fanout385,VPWR,li1,224.4800,231.2000,1.799606
fanout384,VPWR,li1,114.0800,231.2000,1.799769
fanout383,VPWR,li1,84.6400,231.2000,1.799794
fanout382,VPWR,li1,163.7600,214.8800,1.799895
fanout381,VPWR,li1,66.2400,225.7600,1.799776
fanout380,VPWR,li1,129.4900,220.3200,1.799725
fanout379,VPWR,li1,57.0400,231.2000,1.799845
fanout378,VPWR,li1,298.3100,301.9200,1.799849
fanout377,VPWR,li1,337.1800,301.9200,1.799957
fanout376,VPWR,li1,252.7700,296.4800,1.799847
fanout375,VPWR,li1,233.2200,296.4800,1.799839
fanout374,VPWR,li1,273.2400,301.9200,1.799787
fanout373,VPWR,li1,197.3400,296.4800,1.799878
fanout372,VPWR,li1,242.8800,296.4800,1.799841
fanout371,VPWR,li1,225.4000,291.0400,1.799929
fanout370,VPWR,li1,239.2000,296.4800,1.799840
fanout369,VPWR,li1,132.9400,204.0000,1.799886
fanout368,VPWR,li1,216.6600,296.4800,1.799846
fanout367,VPWR,li1,55.2000,296.4800,1.799863
fanout366,VPWR,li1,344.5400,372.6400,1.799484
fanout365,VPWR,li1,318.5500,378.0800,1.797474
fanout364,VPWR,li1,271.4000,383.5200,1.793120
fanout363,VPWR,li1,341.7800,372.6400,1.799484
fanout362,VPWR,li1,267.7200,388.9600,1.799738
fanout361,VPWR,li1,281.9800,367.2000,1.796935
fanout360,VPWR,li1,258.0600,383.5200,1.793535
fanout359,VPWR,li1,254.3800,383.5200,1.793715
fanout358,VPWR,li1,224.9400,383.5200,1.794693
fanout357,VPWR,li1,178.9400,383.5200,1.798210
fanout356,VPWR,li1,245.1800,383.5200,1.793976
fanout355,VPWR,li1,241.0400,388.9600,1.799741
fanout354,VPWR,li1,235.9800,383.5200,1.794320
fanout353,VPWR,li1,102.5800,204.0000,1.799871
fanout352,VPWR,li1,312.8000,340.0000,1.799748
fanout351,VPWR,li1,246.1000,345.4400,1.799223
fanout350,VPWR,li1,274.1600,340.0000,1.799642
fanout349,VPWR,li1,251.6200,340.0000,1.799663
fanout348,VPWR,li1,287.9600,334.5600,1.799707
fanout347,VPWR,li1,272.7800,334.5600,1.799645
fanout346,VPWR,li1,225.8600,334.5600,1.799474
fanout345,VPWR,li1,220.8000,340.0000,1.799715
fanout344,VPWR,li1,241.0400,334.5600,1.799521
fanout343,VPWR,li1,174.8000,340.0000,1.799847
fanout342,VPWR,li1,120.0600,350.8800,1.799797
fanout341,VPWR,li1,254.8400,323.6800,1.799532
fanout340,VPWR,li1,287.7300,312.8000,1.799779
fanout339,VPWR,li1,250.7000,323.6800,1.799526
fanout338,VPWR,li1,74.9800,198.5600,1.799921
fanout337,VPWR,li1,240.1200,318.2400,1.799604
fanout336,VPWR,li1,235.5200,318.2400,1.799608
fanout335,VPWR,li1,284.2800,312.8000,1.799774
fanout334,VPWR,li1,271.8600,307.3600,1.799464
fanout333,VPWR,li1,293.9400,301.9200,1.799837
fanout332,VPWR,li1,236.4400,312.8000,1.799725
fanout331,VPWR,li1,172.0400,312.8000,1.799852
fanout330,VPWR,li1,207.4600,307.3600,1.799645
fanout329,VPWR,li1,161.0000,307.3600,1.799871
fanout328,VPWR,li1,287.7300,106.0800,1.799869
fanout327,VPWR,li1,187.6800,89.7600,1.799813
fanout326,VPWR,li1,253.0000,100.6400,1.799825
fanout325,VPWR,li1,282.9000,100.6400,1.799827
fanout324,VPWR,li1,205.1600,100.6400,1.799885
fanout323,VPWR,li1,117.7600,100.6400,1.799901
fanout322,VPWR,li1,93.8400,95.2000,1.799773
fanout321,VPWR,li1,199.6400,198.5600,1.799779
fanout320,VPWR,li1,53.8200,204.0000,1.799912
fanout319,VPWR,li1,69.0000,89.7600,1.799842
fanout318,VPWR,li1,179.4000,100.6400,1.799942
fanout317,VPWR,li1,46.0000,95.2000,1.799878
fanout316,VPWR,li1,51.0600,95.2000,1.799857
fanout315,VPWR,li1,123.7400,106.0800,1.799447
fanout314,VPWR,li1,40.0200,89.7600,1.799915
fanout313,VPWR,li1,277.3800,19.0400,1.796705
fanout312,VPWR,li1,294.8600,13.6000,1.799524
fanout311,VPWR,li1,269.5600,19.0400,1.796721
fanout310,VPWR,li1,212.9800,13.6000,1.799208
fanout309,VPWR,li1,251.6200,13.6000,1.799316
fanout308,VPWR,li1,169.2800,19.0400,1.797729
fanout307,VPWR,li1,143.0600,24.4800,1.796180
fanout306,VPWR,li1,229.5400,13.6000,1.799244
fanout305,VPWR,li1,181.2400,13.6000,1.799346
fanout304,VPWR,li1,107.1800,29.9200,1.798587
fanout303,VPWR,li1,39.5600,204.0000,1.799939
fanout302,VPWR,li1,178.9400,13.6000,1.799376
fanout301,VPWR,li1,102.1200,19.0400,1.795919
fanout300,VPWR,li1,194.3500,46.2400,1.799503
fanout299,VPWR,li1,117.3000,19.0400,1.795673
fanout298,VPWR,li1,237.8200,29.9200,1.795509
fanout297,VPWR,li1,208.3800,57.1200,1.799647
fanout296,VPWR,li1,253.0000,62.5600,1.799593
fanout295,VPWR,li1,233.6800,51.6800,1.799759
fanout294,VPWR,li1,230.4600,51.6800,1.799767
fanout293,VPWR,li1,148.5800,51.6800,1.799893
fanout292,VPWR,li1,233.2200,62.5600,1.799567
fanout291,VPWR,li1,240.5800,62.5600,1.799577
fanout290,VPWR,li1,104.4200,51.6800,1.799859
fanout289,VPWR,li1,160.0800,57.1200,1.799606
fanout288,VPWR,li1,84.1800,51.6800,1.799861
fanout287,VPWR,li1,123.2800,51.6800,1.799867
fanout286,VPWR,li1,75.4400,46.2400,1.799751
fanout285,VPWR,li1,110.8600,209.4400,1.799861
fanout284,VPWR,li1,41.8600,209.4400,1.799935
fanout283,VPWR,li1,190.9000,73.4400,1.799723
fanout282,VPWR,li1,240.5800,73.4400,1.799551
fanout281,VPWR,li1,184.0000,73.4400,1.799782
fanout280,VPWR,li1,228.6200,78.8800,1.799696
fanout279,VPWR,li1,143.5200,73.4400,1.799806
fanout278,VPWR,li1,128.8000,68.0000,1.799812
fanout277,VPWR,li1,269.1000,95.2000,1.799800
fanout276,VPWR,li1,278.3000,89.7600,1.799660
fanout275,VPWR,li1,89.7000,73.4400,1.799831
fanout274,VPWR,li1,86.0200,73.4400,1.799835
fanout273,VPWR,li1,149.7300,89.7600,1.799851
fanout272,VPWR,li1,77.2800,68.0000,1.799826
fanout271,VPWR,li1,120.7500,89.7600,1.799814
fanout270,VPWR,li1,79.5800,73.4400,1.799844
fanout269,VPWR,li1,346.3800,187.6800,1.799914
fanout268,VPWR,li1,292.3300,198.5600,1.799707
fanout267,VPWR,li1,303.1400,187.6800,1.799902
fanout266,VPWR,li1,220.3400,285.6000,1.798396
fanout265,VPWR,li1,119.6000,274.7200,1.797813
fanout264,VPWR,li1,212.9800,122.4000,1.791306
fanout263,VPWR,li1,110.4000,106.0800,1.799501
fanout262,VPWR,li1,46.9200,301.9200,1.799879
fanout261,VPWR,li1,48.3000,198.5600,1.799949
fanout260,VPWR,li1,195.5000,350.8800,1.799608
fanout259,VPWR,li1,210.2200,345.4400,1.799533
fanout258,VPWR,li1,184.9200,149.6000,1.799483
fanout257,VPWR,li1,206.0800,57.1200,1.799654
fanout256,VPWR,li1,87.4000,73.4400,1.799835
fanout255,VPWR,li1,161.9200,329.1200,1.799845
fanout254,VPWR,li1,164.2200,236.6400,1.799814
max_cap253,VPWR,li1,83.9500,144.1600,1.799837
fanout252,VPWR,li1,203.7800,144.1600,1.799849
fanout251,VPWR,li1,184.4600,138.7200,1.799610
fanout250,VPWR,li1,194.5800,356.3200,1.799469
fanout249,VPWR,li1,190.6700,46.2400,1.799540
fanout248,VPWR,li1,168.8200,40.8000,1.799691
fanout247,VPWR,li1,203.7800,258.4000,1.799499
fanout246,VPWR,li1,155.4800,258.4000,1.799562
max_cap245,VPWR,li1,204.9300,116.9600,1.797636
max_cap244,VPWR,li1,186.9900,378.0800,1.797678
max_cap243,VPWR,li1,53.5900,68.0000,1.799861
max_cap242,VPWR,li1,59.5700,155.0400,1.799679
max_cap241,VPWR,li1,61.4100,155.0400,1.799664
max_cap240,VPWR,li1,294.1700,165.9200,1.799501
max_cap239,VPWR,li1,332.8100,171.3600,1.799807
max_cap238,VPWR,li1,326.6000,323.6800,1.799831
max_cap237,VPWR,li1,324.3000,78.8800,1.799847
max_cap236,VPWR,li1,352.8200,165.9200,1.799664
max_cap235,VPWR,li1,326.6000,345.4400,1.799602
wire234,VPWR,li1,321.3100,62.5600,1.799853
max_cap233,VPWR,li1,340.1700,62.5600,1.799854
max_cap232,VPWR,li1,344.7700,242.0800,1.799548
max_cap231,VPWR,li1,360.8700,334.5600,1.799883
output229,VPWR,li1,383.6400,133.2800,1.797806
output228,VPWR,li1,383.6400,138.7200,1.798150
output227,VPWR,li1,383.6400,149.6000,1.799393
output226,VPWR,li1,383.6400,155.0400,1.799686
output225,VPWR,li1,383.6400,165.9200,1.799597
output224,VPWR,li1,383.6400,176.8000,1.799827
output223,VPWR,li1,383.6400,176.8000,1.799827
output222,VPWR,li1,383.6400,187.6800,1.799860
output221,VPWR,li1,383.6400,193.1200,1.799918
output220,VPWR,li1,159.1600,13.6000,1.798769
output219,VPWR,li1,174.3400,13.6000,1.799428
output218,VPWR,li1,188.1400,13.6000,1.799267
output217,VPWR,li1,201.0200,13.6000,1.799190
output216,VPWR,li1,383.6400,127.8400,1.796157
output215,VPWR,li1,383.6400,116.9600,1.799433
output214,VPWR,li1,380.8800,122.4000,1.793244
output213,VPWR,li1,383.6400,193.1200,1.799918
output212,VPWR,li1,339.4800,13.6000,1.799737
output211,VPWR,li1,345.9200,13.6000,1.799723
output210,VPWR,li1,352.3600,13.6000,1.799717
output209,VPWR,li1,383.6400,46.2400,1.799565
output208,VPWR,li1,383.6400,51.6800,1.799631
output207,VPWR,li1,383.6400,57.1200,1.799575
output206,VPWR,li1,381.8000,78.8800,1.799703
output205,VPWR,li1,383.6400,78.8800,1.799701
output204,VPWR,li1,383.6400,84.3200,1.799884
output203,VPWR,li1,136.6200,13.6000,1.798229
output202,VPWR,li1,165.6000,13.6000,1.798974
output201,VPWR,li1,191.8200,13.6000,1.799229
output200,VPWR,li1,204.2400,13.6000,1.799191
output199,VPWR,li1,330.7400,13.6000,1.799759
output198,VPWR,li1,316.0200,13.6000,1.799646
output197,VPWR,li1,328.9000,13.6000,1.799778
output196,VPWR,li1,383.6400,84.3200,1.799884
output195,VPWR,li1,320.6200,388.9600,1.799862
output194,VPWR,li1,322.4600,388.9600,1.799872
output193,VPWR,li1,342.7000,388.9600,1.799886
output192,VPWR,li1,352.3600,388.9600,1.799876
output191,VPWR,li1,383.6400,350.8800,1.799289
output190,VPWR,li1,383.6400,350.8800,1.799289
output189,VPWR,li1,383.6400,340.0000,1.799648
output188,VPWR,li1,383.6400,329.1200,1.799700
output187,VPWR,li1,383.6400,329.1200,1.799700
output186,VPWR,li1,139.8400,388.9600,1.799797
output185,VPWR,li1,152.7200,388.9600,1.799810
output184,VPWR,li1,155.9400,388.9600,1.799822
output183,VPWR,li1,207.4600,388.9600,1.799802
output182,VPWR,li1,281.5200,388.9600,1.799746
output181,VPWR,li1,294.4000,388.9600,1.799766
output180,VPWR,li1,310.5000,388.9600,1.799820
output179,VPWR,li1,383.6400,323.6800,1.799823
output178,VPWR,li1,383.6400,274.7200,1.790693
output177,VPWR,li1,383.6400,263.8400,1.796679
output176,VPWR,li1,383.6400,247.5200,1.799049
output175,VPWR,li1,383.6400,236.6400,1.799430
output174,VPWR,li1,383.6400,225.7600,1.799614
output173,VPWR,li1,383.6400,214.8800,1.799787
output172,VPWR,li1,383.6400,209.4400,1.799842
output171,VPWR,li1,380.4200,204.0000,1.799898
output170,VPWR,li1,383.6400,198.5600,1.799863
output169,VPWR,li1,136.6200,388.9600,1.799799
output168,VPWR,li1,146.2800,388.9600,1.799800
output167,VPWR,li1,149.5000,388.9600,1.799803
output166,VPWR,li1,242.8800,388.9600,1.799739
output165,VPWR,li1,383.6400,274.7200,1.790693
output164,VPWR,li1,383.6400,285.6000,1.799735
output163,VPWR,li1,383.6400,280.1600,1.798663
output162,VPWR,li1,383.6400,220.3200,1.799784
input161,VPWR,li1,139.8400,13.6000,1.798263
input160,VPWR,li1,7.8200,323.6800,1.799964
input159,VPWR,li1,7.5900,312.8000,1.799956
input158,VPWR,li1,7.5900,318.2400,1.799946
input157,VPWR,li1,242.6500,13.6000,1.799280
input156,VPWR,li1,383.6400,106.0800,1.799953
input155,VPWR,li1,383.8700,95.2000,1.799926
input154,VPWR,li1,383.8700,89.7600,1.799861
input153,VPWR,li1,231.6100,13.6000,1.799250
input152,VPWR,li1,234.8300,13.6000,1.799258
input151,VPWR,li1,261.9700,13.6000,1.799355
input150,VPWR,li1,245.8700,13.6000,1.799297
input149,VPWR,li1,225.8600,13.6000,1.799235
input148,VPWR,li1,239.4300,13.6000,1.799271
input147,VPWR,li1,92.0000,13.6000,1.798374
input146,VPWR,li1,161.9200,13.6000,1.798867
input145,VPWR,li1,202.6300,13.6000,1.799191
input144,VPWR,li1,97.7500,13.6000,1.798276
input143,VPWR,li1,259.6700,13.6000,1.799344
input142,VPWR,li1,224.7100,13.6000,1.799231
input141,VPWR,li1,168.8200,13.6000,1.799114
input140,VPWR,li1,332.8100,388.9600,1.799910
input139,VPWR,li1,324.0700,388.9600,1.799872
input138,VPWR,li1,329.5900,388.9600,1.799914
input137,VPWR,li1,8.2800,274.7200,1.799741
input136,VPWR,li1,9.2000,301.9200,1.799965
input135,VPWR,li1,7.5900,280.1600,1.799410
input134,VPWR,li1,7.5900,285.6000,1.799809
input133,VPWR,li1,7.5900,285.6000,1.799809
input132,VPWR,li1,7.8200,296.4800,1.799965
input131,VPWR,li1,273.4700,13.6000,1.799415
input130,VPWR,li1,381.8000,89.7600,1.799861
input129,VPWR,li1,7.5900,171.3600,1.799943
input128,VPWR,li1,7.5900,176.8000,1.799945
input127,VPWR,li1,7.5900,176.8000,1.799945
input126,VPWR,li1,382.2600,160.4800,1.799524
input125,VPWR,li1,383.6400,155.0400,1.799686
input124,VPWR,li1,382.0300,149.6000,1.799393
input123,VPWR,li1,383.8700,165.9200,1.799597
input122,VPWR,li1,383.6400,171.3600,1.799628
input121,VPWR,li1,7.8200,160.4800,1.799962
input120,VPWR,li1,7.8200,149.6000,1.799909
input119,VPWR,li1,104.4200,13.6000,1.798155
input118,VPWR,li1,227.7000,13.6000,1.799240
input117,VPWR,li1,172.0400,13.6000,1.799317
input116,VPWR,li1,383.6400,144.1600,1.799128
input115,VPWR,li1,382.2600,138.7200,1.798152
input114,VPWR,li1,383.1800,122.4000,1.793244
input113,VPWR,li1,123.7400,13.6000,1.798011
input112,VPWR,li1,114.5400,13.6000,1.798001
input111,VPWR,li1,154.1000,13.6000,1.798561
input110,VPWR,li1,157.3200,13.6000,1.798694
input109,VPWR,li1,214.3600,13.6000,1.799208
input108,VPWR,li1,258.2900,13.6000,1.799344
input107,VPWR,li1,383.8700,106.0800,1.799953
input106,VPWR,li1,383.6400,100.6400,1.799937
input105,VPWR,li1,7.8200,187.6800,1.799979
input104,VPWR,li1,7.8200,193.1200,1.799971
input103,VPWR,li1,7.8200,193.1200,1.799971
input102,VPWR,li1,7.8200,187.6800,1.799979
input101,VPWR,li1,7.8200,182.2400,1.799970
input100,VPWR,li1,383.6400,187.6800,1.799860
input99,VPWR,li1,381.1100,204.0000,1.799897
input98,VPWR,li1,383.6400,182.2400,1.799846
input97,VPWR,li1,81.6500,13.6000,1.798517
input96,VPWR,li1,76.8200,13.6000,1.798596
input95,VPWR,li1,84.8700,13.6000,1.798483
input94,VPWR,li1,265.1900,13.6000,1.799375
input93,VPWR,li1,130.1800,13.6000,1.798097
input92,VPWR,li1,150.8800,13.6000,1.798474
input91,VPWR,li1,184.6900,13.6000,1.799322
input90,VPWR,li1,188.6000,13.6000,1.799267
input89,VPWR,li1,79.8100,13.6000,1.798547
input88,VPWR,li1,88.0900,13.6000,1.798438
input87,VPWR,li1,111.3200,13.6000,1.798060
input86,VPWR,li1,232.9900,13.6000,1.799250
input85,VPWR,li1,146.0500,13.6000,1.798379
input84,VPWR,li1,248.1700,13.6000,1.799303
input83,VPWR,li1,207.4600,13.6000,1.799196
input82,VPWR,li1,236.4400,13.6000,1.799265
input81,VPWR,li1,117.0700,13.6000,1.797970
input80,VPWR,li1,100.9700,13.6000,1.798233
input79,VPWR,li1,113.8500,13.6000,1.798028
input78,VPWR,li1,142.8300,13.6000,1.798345
input77,VPWR,li1,170.4300,13.6000,1.799226
input76,VPWR,li1,210.6800,13.6000,1.799201
input75,VPWR,li1,270.7100,13.6000,1.799395
input74,VPWR,li1,278.3000,13.6000,1.799437
input73,VPWR,li1,49.6800,13.6000,1.799156
input72,VPWR,li1,43.2400,13.6000,1.799329
input71,VPWR,li1,46.4600,13.6000,1.799225
input70,VPWR,li1,72.6800,13.6000,1.798665
input69,VPWR,li1,94.7600,13.6000,1.798312
input68,VPWR,li1,120.5200,13.6000,1.797986
input67,VPWR,li1,251.3900,13.6000,1.799316
input66,VPWR,li1,181.7000,13.6000,1.799346
input65,VPWR,li1,143.0600,388.9600,1.799798
input64,VPWR,li1,197.8000,388.9600,1.799834
input63,VPWR,li1,236.2100,388.9600,1.799751
input62,VPWR,li1,274.8500,388.9600,1.799741
input61,VPWR,li1,284.7400,388.9600,1.799751
input60,VPWR,li1,204.0100,388.9600,1.799819
input59,VPWR,li1,287.7300,388.9600,1.799756
input58,VPWR,li1,291.1800,388.9600,1.799760
input57,VPWR,li1,175.0300,388.9600,1.799917
input56,VPWR,li1,221.9500,388.9600,1.799772
input55,VPWR,li1,200.7900,388.9600,1.799828
input54,VPWR,li1,258.9800,388.9600,1.799736
input53,VPWR,li1,271.8600,388.9600,1.799740
input52,VPWR,li1,264.7300,388.9600,1.799737
input51,VPWR,li1,253.0000,388.9600,1.799737
input50,VPWR,li1,317.4000,388.9600,1.799849
input49,VPWR,li1,230.0000,388.9600,1.799760
input48,VPWR,li1,232.9900,388.9600,1.799755
input47,VPWR,li1,213.6700,388.9600,1.799791
input46,VPWR,li1,255.9900,388.9600,1.799736
input45,VPWR,li1,300.6100,388.9600,1.799784
input44,VPWR,li1,326.3700,388.9600,1.799890
input43,VPWR,li1,297.3900,388.9600,1.799775
input42,VPWR,li1,337.6400,388.9600,1.799896
input41,VPWR,li1,7.8200,291.0400,1.799984
input40,VPWR,li1,210.6800,388.9600,1.799795
input39,VPWR,li1,220.1100,388.9600,1.799775
input38,VPWR,li1,223.5600,388.9600,1.799772
input37,VPWR,li1,195.5000,388.9600,1.799842
input36,VPWR,li1,269.5600,388.9600,1.799739
input35,VPWR,li1,244.4900,388.9600,1.799739
input34,VPWR,li1,307.0500,388.9600,1.799809
input33,VPWR,li1,9.2000,220.3200,1.799949
input32,VPWR,li1,7.8200,231.2000,1.799959
input31,VPWR,li1,8.2800,225.7600,1.799951
input30,VPWR,li1,7.8200,231.2000,1.799959
input29,VPWR,li1,383.6400,231.2000,1.799634
input28,VPWR,li1,382.0300,236.6400,1.799430
input27,VPWR,li1,383.8700,242.0800,1.799404
input26,VPWR,li1,383.6400,242.0800,1.799404
input25,VPWR,li1,7.8200,247.5200,1.799948
input24,VPWR,li1,7.8200,252.9600,1.799956
input23,VPWR,li1,7.8200,247.5200,1.799948
input22,VPWR,li1,246.1000,388.9600,1.799738
input21,VPWR,li1,383.8700,247.5200,1.799049
input20,VPWR,li1,383.8700,252.9600,1.799735
input19,VPWR,li1,383.6400,258.4000,1.799696
input18,VPWR,li1,383.6400,269.2800,1.798034
input17,VPWR,li1,217.1200,388.9600,1.799781
input16,VPWR,li1,257.3700,388.9600,1.799736
input15,VPWR,li1,278.0700,388.9600,1.799743
input14,VPWR,li1,261.9700,388.9600,1.799737
input13,VPWR,li1,303.8300,388.9600,1.799799
input12,VPWR,li1,383.8700,258.4000,1.799696
input11,VPWR,li1,382.0300,274.7200,1.790696
input10,VPWR,li1,383.6400,285.6000,1.799735
input9,VPWR,li1,7.5900,214.8800,1.799962
input8,VPWR,li1,7.8200,209.4400,1.799976
input7,VPWR,li1,7.8200,204.0000,1.799975
input6,VPWR,li1,7.8200,198.5600,1.799983
input5,VPWR,li1,7.8200,204.0000,1.799975
input4,VPWR,li1,7.8200,214.8800,1.799962
input3,VPWR,li1,382.0300,214.8800,1.799791
input2,VPWR,li1,382.0300,225.7600,1.799614
input1,VPWR,li1,133.4000,13.6000,1.798149
TAP_TAPCELL_ROW_138_2321,VPWR,li1,379.2700,388.6530,1.799876
TAP_TAPCELL_ROW_138_2320,VPWR,li1,366.3900,388.6530,1.799876
TAP_TAPCELL_ROW_138_2319,VPWR,li1,353.5100,388.6530,1.799876
TAP_TAPCELL_ROW_138_2318,VPWR,li1,340.6300,388.6530,1.799891
TAP_TAPCELL_ROW_138_2317,VPWR,li1,327.7500,388.6530,1.799903
TAP_TAPCELL_ROW_138_2316,VPWR,li1,314.8700,388.6530,1.799838
TAP_TAPCELL_ROW_138_2315,VPWR,li1,301.9900,388.6530,1.799792
TAP_TAPCELL_ROW_138_2314,VPWR,li1,289.1100,388.6530,1.799756
TAP_TAPCELL_ROW_138_2313,VPWR,li1,276.2300,388.6530,1.799741
TAP_TAPCELL_ROW_138_2312,VPWR,li1,263.3500,388.6530,1.799737
TAP_TAPCELL_ROW_138_2311,VPWR,li1,250.4700,388.6530,1.799737
TAP_TAPCELL_ROW_138_2310,VPWR,li1,237.5900,388.6530,1.799747
TAP_TAPCELL_ROW_138_2309,VPWR,li1,224.7100,388.6530,1.799767
TAP_TAPCELL_ROW_138_2308,VPWR,li1,211.8300,388.6530,1.799795
TAP_TAPCELL_ROW_138_2307,VPWR,li1,198.9500,388.6530,1.799834
TAP_TAPCELL_ROW_138_2306,VPWR,li1,186.0700,388.6530,1.799879
TAP_TAPCELL_ROW_138_2305,VPWR,li1,173.1900,388.6530,1.799906
TAP_TAPCELL_ROW_138_2304,VPWR,li1,160.3100,388.6530,1.799849
TAP_TAPCELL_ROW_138_2303,VPWR,li1,147.4300,388.6530,1.799800
TAP_TAPCELL_ROW_138_2302,VPWR,li1,134.5500,388.6530,1.799804
TAP_TAPCELL_ROW_138_2301,VPWR,li1,121.6700,388.6530,1.799825
TAP_TAPCELL_ROW_138_2300,VPWR,li1,108.7900,388.6530,1.799845
TAP_TAPCELL_ROW_138_2299,VPWR,li1,95.9100,388.6530,1.799866
TAP_TAPCELL_ROW_138_2298,VPWR,li1,83.0300,388.6530,1.799887
TAP_TAPCELL_ROW_138_2297,VPWR,li1,70.1500,388.6530,1.799907
TAP_TAPCELL_ROW_138_2296,VPWR,li1,57.2700,388.6530,1.799928
TAP_TAPCELL_ROW_138_2295,VPWR,li1,44.3900,388.6530,1.799949
TAP_TAPCELL_ROW_138_2294,VPWR,li1,31.5100,388.6530,1.799969
TAP_TAPCELL_ROW_138_2293,VPWR,li1,18.6300,388.6530,1.799984
TAP_TAPCELL_ROW_137_2292,VPWR,li1,366.3900,383.8260,1.798403
TAP_TAPCELL_ROW_137_2291,VPWR,li1,340.6300,383.8260,1.798412
TAP_TAPCELL_ROW_137_2290,VPWR,li1,314.8700,383.8260,1.796474
TAP_TAPCELL_ROW_137_2289,VPWR,li1,289.1100,383.8260,1.793327
TAP_TAPCELL_ROW_137_2288,VPWR,li1,263.3500,383.8260,1.793357
TAP_TAPCELL_ROW_137_2287,VPWR,li1,237.5900,383.8260,1.794256
TAP_TAPCELL_ROW_137_2286,VPWR,li1,211.8300,383.8260,1.795201
TAP_TAPCELL_ROW_137_2285,VPWR,li1,186.0700,383.8260,1.797253
TAP_TAPCELL_ROW_137_2284,VPWR,li1,160.3100,383.8260,1.797746
TAP_TAPCELL_ROW_137_2283,VPWR,li1,134.5500,383.8260,1.797186
TAP_TAPCELL_ROW_137_2282,VPWR,li1,108.7900,383.8260,1.797730
TAP_TAPCELL_ROW_137_2281,VPWR,li1,83.0300,383.8260,1.798326
TAP_TAPCELL_ROW_137_2280,VPWR,li1,57.2700,383.8260,1.798919
TAP_TAPCELL_ROW_137_2279,VPWR,li1,31.5100,383.8260,1.799554
TAP_TAPCELL_ROW_136_2278,VPWR,li1,379.2700,383.2130,1.798403
TAP_TAPCELL_ROW_136_2277,VPWR,li1,353.5100,383.2130,1.798403
TAP_TAPCELL_ROW_136_2276,VPWR,li1,327.7500,383.2130,1.798440
TAP_TAPCELL_ROW_136_2275,VPWR,li1,301.9900,383.2130,1.794507
TAP_TAPCELL_ROW_136_2274,VPWR,li1,276.2300,383.2130,1.793003
TAP_TAPCELL_ROW_136_2273,VPWR,li1,250.4700,383.2130,1.793794
TAP_TAPCELL_ROW_136_2272,VPWR,li1,224.7100,383.2130,1.794693
TAP_TAPCELL_ROW_136_2271,VPWR,li1,198.9500,383.2130,1.795910
TAP_TAPCELL_ROW_136_2270,VPWR,li1,173.1900,383.2130,1.798354
TAP_TAPCELL_ROW_136_2269,VPWR,li1,147.4300,383.2130,1.797255
TAP_TAPCELL_ROW_136_2268,VPWR,li1,121.6700,383.2130,1.797474
TAP_TAPCELL_ROW_136_2267,VPWR,li1,95.9100,383.2130,1.798023
TAP_TAPCELL_ROW_136_2266,VPWR,li1,70.1500,383.2130,1.798620
TAP_TAPCELL_ROW_136_2265,VPWR,li1,44.3900,383.2130,1.799218
TAP_TAPCELL_ROW_136_2264,VPWR,li1,18.6300,383.2130,1.799768
TAP_TAPCELL_ROW_135_2263,VPWR,li1,366.3900,378.3860,1.798629
TAP_TAPCELL_ROW_135_2262,VPWR,li1,340.6300,378.3860,1.798629
TAP_TAPCELL_ROW_135_2261,VPWR,li1,314.8700,378.3860,1.796970
TAP_TAPCELL_ROW_135_2260,VPWR,li1,289.1100,378.3860,1.795001
TAP_TAPCELL_ROW_135_2259,VPWR,li1,263.3500,378.3860,1.794745
TAP_TAPCELL_ROW_135_2258,VPWR,li1,237.5900,378.3860,1.795251
TAP_TAPCELL_ROW_135_2257,VPWR,li1,211.8300,378.3860,1.795973
TAP_TAPCELL_ROW_135_2256,VPWR,li1,186.0700,378.3860,1.797678
TAP_TAPCELL_ROW_135_2255,VPWR,li1,160.3100,378.3860,1.797235
TAP_TAPCELL_ROW_135_2254,VPWR,li1,134.5500,378.3860,1.795883
TAP_TAPCELL_ROW_135_2253,VPWR,li1,108.7900,378.3860,1.796396
TAP_TAPCELL_ROW_135_2252,VPWR,li1,83.0300,378.3860,1.797331
TAP_TAPCELL_ROW_135_2251,VPWR,li1,57.2700,378.3860,1.798269
TAP_TAPCELL_ROW_135_2250,VPWR,li1,31.5100,378.3860,1.799286
TAP_TAPCELL_ROW_134_2249,VPWR,li1,379.2700,377.7730,1.798629
TAP_TAPCELL_ROW_134_2248,VPWR,li1,353.5100,377.7730,1.798629
TAP_TAPCELL_ROW_134_2247,VPWR,li1,327.7500,377.7730,1.798486
TAP_TAPCELL_ROW_134_2246,VPWR,li1,301.9900,377.7730,1.795752
TAP_TAPCELL_ROW_134_2245,VPWR,li1,276.2300,377.7730,1.794491
TAP_TAPCELL_ROW_134_2244,VPWR,li1,250.4700,377.7730,1.795025
TAP_TAPCELL_ROW_134_2243,VPWR,li1,224.7100,377.7730,1.795535
TAP_TAPCELL_ROW_134_2242,VPWR,li1,198.9500,377.7730,1.796789
TAP_TAPCELL_ROW_134_2241,VPWR,li1,173.1900,377.7730,1.798195
TAP_TAPCELL_ROW_134_2240,VPWR,li1,147.4300,377.7730,1.796378
TAP_TAPCELL_ROW_134_2239,VPWR,li1,121.6700,377.7730,1.795945
TAP_TAPCELL_ROW_134_2238,VPWR,li1,95.9100,377.7730,1.796894
TAP_TAPCELL_ROW_134_2237,VPWR,li1,70.1500,377.7730,1.797790
TAP_TAPCELL_ROW_134_2236,VPWR,li1,44.3900,377.7730,1.798748
TAP_TAPCELL_ROW_134_2235,VPWR,li1,18.6300,377.7730,1.799628
TAP_TAPCELL_ROW_133_2234,VPWR,li1,366.3900,372.9460,1.799484
TAP_TAPCELL_ROW_133_2233,VPWR,li1,340.6300,372.9460,1.799484
TAP_TAPCELL_ROW_133_2232,VPWR,li1,314.8700,372.9460,1.799011
TAP_TAPCELL_ROW_133_2231,VPWR,li1,289.1100,372.9460,1.798537
TAP_TAPCELL_ROW_133_2230,VPWR,li1,263.3500,372.9460,1.798212
TAP_TAPCELL_ROW_133_2229,VPWR,li1,237.5900,372.9460,1.798183
TAP_TAPCELL_ROW_133_2228,VPWR,li1,211.8300,372.9460,1.798252
TAP_TAPCELL_ROW_133_2227,VPWR,li1,186.0700,372.9460,1.798740
TAP_TAPCELL_ROW_133_2226,VPWR,li1,160.3100,372.9460,1.798108
TAP_TAPCELL_ROW_133_2225,VPWR,li1,134.5500,372.9460,1.797201
TAP_TAPCELL_ROW_133_2224,VPWR,li1,108.7900,372.9460,1.797280
TAP_TAPCELL_ROW_133_2223,VPWR,li1,83.0300,372.9460,1.797561
TAP_TAPCELL_ROW_133_2222,VPWR,li1,57.2700,372.9460,1.798344
TAP_TAPCELL_ROW_133_2221,VPWR,li1,31.5100,372.9460,1.799317
TAP_TAPCELL_ROW_132_2220,VPWR,li1,379.2700,372.3330,1.799484
TAP_TAPCELL_ROW_132_2219,VPWR,li1,353.5100,372.3330,1.799484
TAP_TAPCELL_ROW_132_2218,VPWR,li1,327.7500,372.3330,1.799395
TAP_TAPCELL_ROW_132_2217,VPWR,li1,301.9900,372.3330,1.798715
TAP_TAPCELL_ROW_132_2216,VPWR,li1,276.2300,372.3330,1.798361
TAP_TAPCELL_ROW_132_2215,VPWR,li1,250.4700,372.3330,1.798191
TAP_TAPCELL_ROW_132_2214,VPWR,li1,224.7100,372.3330,1.798183
TAP_TAPCELL_ROW_132_2213,VPWR,li1,198.9500,372.3330,1.798423
TAP_TAPCELL_ROW_132_2212,VPWR,li1,173.1900,372.3330,1.798792
TAP_TAPCELL_ROW_132_2211,VPWR,li1,147.4300,372.3330,1.797491
TAP_TAPCELL_ROW_132_2210,VPWR,li1,121.6700,372.3330,1.797169
TAP_TAPCELL_ROW_132_2209,VPWR,li1,95.9100,372.3330,1.797407
TAP_TAPCELL_ROW_132_2208,VPWR,li1,70.1500,372.3330,1.797907
TAP_TAPCELL_ROW_132_2207,VPWR,li1,44.3900,372.3330,1.798802
TAP_TAPCELL_ROW_132_2206,VPWR,li1,18.6300,372.3330,1.799644
TAP_TAPCELL_ROW_131_2205,VPWR,li1,366.3900,367.5060,1.799408
TAP_TAPCELL_ROW_131_2204,VPWR,li1,340.6300,367.5060,1.799409
TAP_TAPCELL_ROW_131_2203,VPWR,li1,314.8700,367.5060,1.798609
TAP_TAPCELL_ROW_131_2202,VPWR,li1,289.1100,367.5060,1.797171
TAP_TAPCELL_ROW_131_2201,VPWR,li1,263.3500,367.5060,1.796312
TAP_TAPCELL_ROW_131_2200,VPWR,li1,237.5900,367.5060,1.795863
TAP_TAPCELL_ROW_131_2199,VPWR,li1,211.8300,367.5060,1.796160
TAP_TAPCELL_ROW_131_2198,VPWR,li1,186.0700,367.5060,1.797897
TAP_TAPCELL_ROW_131_2197,VPWR,li1,160.3100,367.5060,1.798107
TAP_TAPCELL_ROW_131_2196,VPWR,li1,134.5500,367.5060,1.797625
TAP_TAPCELL_ROW_131_2195,VPWR,li1,108.7900,367.5060,1.797637
TAP_TAPCELL_ROW_131_2194,VPWR,li1,83.0300,367.5060,1.797971
TAP_TAPCELL_ROW_131_2193,VPWR,li1,57.2700,367.5060,1.798631
TAP_TAPCELL_ROW_131_2192,VPWR,li1,31.5100,367.5060,1.799436
TAP_TAPCELL_ROW_130_2191,VPWR,li1,379.2700,366.8930,1.799408
TAP_TAPCELL_ROW_130_2190,VPWR,li1,353.5100,366.8930,1.799408
TAP_TAPCELL_ROW_130_2189,VPWR,li1,327.7500,366.8930,1.799278
TAP_TAPCELL_ROW_130_2188,VPWR,li1,301.9900,366.8930,1.797890
TAP_TAPCELL_ROW_130_2187,VPWR,li1,276.2300,366.8930,1.796757
TAP_TAPCELL_ROW_130_2186,VPWR,li1,250.4700,366.8930,1.796089
TAP_TAPCELL_ROW_130_2185,VPWR,li1,224.7100,366.8930,1.795823
TAP_TAPCELL_ROW_130_2184,VPWR,li1,198.9500,366.8930,1.796986
TAP_TAPCELL_ROW_130_2183,VPWR,li1,173.1900,366.8930,1.798630
TAP_TAPCELL_ROW_130_2182,VPWR,li1,147.4300,366.8930,1.797821
TAP_TAPCELL_ROW_130_2181,VPWR,li1,121.6700,366.8930,1.797583
TAP_TAPCELL_ROW_130_2180,VPWR,li1,95.9100,366.8930,1.797774
TAP_TAPCELL_ROW_130_2179,VPWR,li1,70.1500,366.8930,1.798285
TAP_TAPCELL_ROW_130_2178,VPWR,li1,44.3900,366.8930,1.799010
TAP_TAPCELL_ROW_130_2177,VPWR,li1,18.6300,366.8930,1.799706
TAP_TAPCELL_ROW_129_2176,VPWR,li1,366.3900,362.0660,1.799677
TAP_TAPCELL_ROW_129_2175,VPWR,li1,340.6300,362.0660,1.799678
TAP_TAPCELL_ROW_129_2174,VPWR,li1,314.8700,362.0660,1.799245
TAP_TAPCELL_ROW_129_2173,VPWR,li1,289.1100,362.0660,1.798468
TAP_TAPCELL_ROW_129_2172,VPWR,li1,263.3500,362.0660,1.798104
TAP_TAPCELL_ROW_129_2171,VPWR,li1,237.5900,362.0660,1.798119
TAP_TAPCELL_ROW_129_2170,VPWR,li1,211.8300,362.0660,1.798387
TAP_TAPCELL_ROW_129_2169,VPWR,li1,186.0700,362.0660,1.799093
TAP_TAPCELL_ROW_129_2168,VPWR,li1,160.3100,362.0660,1.799242
TAP_TAPCELL_ROW_129_2167,VPWR,li1,134.5500,362.0660,1.799091
TAP_TAPCELL_ROW_129_2166,VPWR,li1,108.7900,362.0660,1.799126
TAP_TAPCELL_ROW_129_2165,VPWR,li1,83.0300,362.0660,1.799222
TAP_TAPCELL_ROW_129_2164,VPWR,li1,57.2700,362.0660,1.799386
TAP_TAPCELL_ROW_129_2163,VPWR,li1,31.5100,362.0660,1.799747
TAP_TAPCELL_ROW_128_2162,VPWR,li1,379.2700,361.4530,1.799677
TAP_TAPCELL_ROW_128_2161,VPWR,li1,353.5100,361.4530,1.799677
TAP_TAPCELL_ROW_128_2160,VPWR,li1,327.7500,361.4530,1.799614
TAP_TAPCELL_ROW_128_2159,VPWR,li1,301.9900,361.4530,1.798858
TAP_TAPCELL_ROW_128_2158,VPWR,li1,276.2300,361.4530,1.798262
TAP_TAPCELL_ROW_128_2157,VPWR,li1,250.4700,361.4530,1.798099
TAP_TAPCELL_ROW_128_2156,VPWR,li1,224.7100,361.4530,1.798199
TAP_TAPCELL_ROW_128_2155,VPWR,li1,198.9500,361.4530,1.798734
TAP_TAPCELL_ROW_128_2154,VPWR,li1,173.1900,361.4530,1.799412
TAP_TAPCELL_ROW_128_2153,VPWR,li1,147.4300,361.4530,1.799145
TAP_TAPCELL_ROW_128_2152,VPWR,li1,121.6700,361.4530,1.799088
TAP_TAPCELL_ROW_128_2151,VPWR,li1,95.9100,361.4530,1.799169
TAP_TAPCELL_ROW_128_2150,VPWR,li1,70.1500,361.4530,1.799282
TAP_TAPCELL_ROW_128_2149,VPWR,li1,44.3900,361.4530,1.799556
TAP_TAPCELL_ROW_128_2148,VPWR,li1,18.6300,361.4530,1.799868
TAP_TAPCELL_ROW_127_2147,VPWR,li1,366.3900,356.6260,1.799725
TAP_TAPCELL_ROW_127_2146,VPWR,li1,340.6300,356.6260,1.799730
TAP_TAPCELL_ROW_127_2145,VPWR,li1,314.8700,356.6260,1.799536
TAP_TAPCELL_ROW_127_2144,VPWR,li1,289.1100,356.6260,1.799245
TAP_TAPCELL_ROW_127_2143,VPWR,li1,263.3500,356.6260,1.798991
TAP_TAPCELL_ROW_127_2142,VPWR,li1,237.5900,356.6260,1.798972
TAP_TAPCELL_ROW_127_2141,VPWR,li1,211.8300,356.6260,1.799225
TAP_TAPCELL_ROW_127_2140,VPWR,li1,186.0700,356.6260,1.799612
TAP_TAPCELL_ROW_127_2139,VPWR,li1,160.3100,356.6260,1.799636
TAP_TAPCELL_ROW_127_2138,VPWR,li1,134.5500,356.6260,1.799547
TAP_TAPCELL_ROW_127_2137,VPWR,li1,108.7900,356.6260,1.799521
TAP_TAPCELL_ROW_127_2136,VPWR,li1,83.0300,356.6260,1.799574
TAP_TAPCELL_ROW_127_2135,VPWR,li1,57.2700,356.6260,1.799675
TAP_TAPCELL_ROW_127_2134,VPWR,li1,31.5100,356.6260,1.799864
TAP_TAPCELL_ROW_126_2133,VPWR,li1,379.2700,356.0130,1.799725
TAP_TAPCELL_ROW_126_2132,VPWR,li1,353.5100,356.0130,1.799725
TAP_TAPCELL_ROW_126_2131,VPWR,li1,327.7500,356.0130,1.799730
TAP_TAPCELL_ROW_126_2130,VPWR,li1,301.9900,356.0130,1.799380
TAP_TAPCELL_ROW_126_2129,VPWR,li1,276.2300,356.0130,1.799102
TAP_TAPCELL_ROW_126_2128,VPWR,li1,250.4700,356.0130,1.798966
TAP_TAPCELL_ROW_126_2127,VPWR,li1,224.7100,356.0130,1.799072
TAP_TAPCELL_ROW_126_2126,VPWR,li1,198.9500,356.0130,1.799410
TAP_TAPCELL_ROW_126_2125,VPWR,li1,173.1900,356.0130,1.799747
TAP_TAPCELL_ROW_126_2124,VPWR,li1,147.4300,356.0130,1.799570
TAP_TAPCELL_ROW_126_2123,VPWR,li1,121.6700,356.0130,1.799532
TAP_TAPCELL_ROW_126_2122,VPWR,li1,95.9100,356.0130,1.799532
TAP_TAPCELL_ROW_126_2121,VPWR,li1,70.1500,356.0130,1.799622
TAP_TAPCELL_ROW_126_2120,VPWR,li1,44.3900,356.0130,1.799762
TAP_TAPCELL_ROW_126_2119,VPWR,li1,18.6300,356.0130,1.799929
TAP_TAPCELL_ROW_125_2118,VPWR,li1,366.3900,351.1860,1.799305
TAP_TAPCELL_ROW_125_2117,VPWR,li1,340.6300,351.1860,1.799421
TAP_TAPCELL_ROW_125_2116,VPWR,li1,314.8700,351.1860,1.799270
TAP_TAPCELL_ROW_125_2115,VPWR,li1,289.1100,351.1860,1.798993
TAP_TAPCELL_ROW_125_2114,VPWR,li1,263.3500,351.1860,1.799029
TAP_TAPCELL_ROW_125_2113,VPWR,li1,237.5900,351.1860,1.799151
TAP_TAPCELL_ROW_125_2112,VPWR,li1,211.8300,351.1860,1.799406
TAP_TAPCELL_ROW_125_2111,VPWR,li1,186.0700,351.1860,1.799727
TAP_TAPCELL_ROW_125_2110,VPWR,li1,160.3100,351.1860,1.799834
TAP_TAPCELL_ROW_125_2109,VPWR,li1,134.5500,351.1860,1.799805
TAP_TAPCELL_ROW_125_2108,VPWR,li1,108.7900,351.1860,1.799793
TAP_TAPCELL_ROW_125_2107,VPWR,li1,83.0300,351.1860,1.799804
TAP_TAPCELL_ROW_125_2106,VPWR,li1,57.2700,351.1860,1.799835
TAP_TAPCELL_ROW_125_2105,VPWR,li1,31.5100,351.1860,1.799932
TAP_TAPCELL_ROW_124_2104,VPWR,li1,379.2700,350.5730,1.799293
TAP_TAPCELL_ROW_124_2103,VPWR,li1,353.5100,350.5730,1.799342
TAP_TAPCELL_ROW_124_2102,VPWR,li1,327.7500,350.5730,1.799589
TAP_TAPCELL_ROW_124_2101,VPWR,li1,301.9900,350.5730,1.799080
TAP_TAPCELL_ROW_124_2100,VPWR,li1,276.2300,350.5730,1.799001
TAP_TAPCELL_ROW_124_2099,VPWR,li1,250.4700,350.5730,1.799076
TAP_TAPCELL_ROW_124_2098,VPWR,li1,224.7100,350.5730,1.799258
TAP_TAPCELL_ROW_124_2097,VPWR,li1,198.9500,350.5730,1.799569
TAP_TAPCELL_ROW_124_2096,VPWR,li1,173.1900,350.5730,1.799853
TAP_TAPCELL_ROW_124_2095,VPWR,li1,147.4300,350.5730,1.799819
TAP_TAPCELL_ROW_124_2094,VPWR,li1,121.6700,350.5730,1.799798
TAP_TAPCELL_ROW_124_2093,VPWR,li1,95.9100,350.5730,1.799795
TAP_TAPCELL_ROW_124_2092,VPWR,li1,70.1500,350.5730,1.799818
TAP_TAPCELL_ROW_124_2091,VPWR,li1,44.3900,350.5730,1.799880
TAP_TAPCELL_ROW_124_2090,VPWR,li1,18.6300,350.5730,1.799964
TAP_TAPCELL_ROW_123_2089,VPWR,li1,366.3900,345.7460,1.799540
TAP_TAPCELL_ROW_123_2088,VPWR,li1,340.6300,345.7460,1.799589
TAP_TAPCELL_ROW_123_2087,VPWR,li1,314.8700,345.7460,1.799349
TAP_TAPCELL_ROW_123_2086,VPWR,li1,289.1100,345.7460,1.799066
TAP_TAPCELL_ROW_123_2085,VPWR,li1,263.3500,345.7460,1.799101
TAP_TAPCELL_ROW_123_2084,VPWR,li1,237.5900,345.7460,1.799291
TAP_TAPCELL_ROW_123_2083,VPWR,li1,211.8300,345.7460,1.799505
TAP_TAPCELL_ROW_123_2082,VPWR,li1,186.0700,345.7460,1.799754
TAP_TAPCELL_ROW_123_2081,VPWR,li1,160.3100,345.7460,1.799804
TAP_TAPCELL_ROW_123_2080,VPWR,li1,134.5500,345.7460,1.799721
TAP_TAPCELL_ROW_123_2079,VPWR,li1,108.7900,345.7460,1.799658
TAP_TAPCELL_ROW_123_2078,VPWR,li1,83.0300,345.7460,1.799638
TAP_TAPCELL_ROW_123_2077,VPWR,li1,57.2700,345.7460,1.799704
TAP_TAPCELL_ROW_123_2076,VPWR,li1,31.5100,345.7460,1.799878
TAP_TAPCELL_ROW_122_2075,VPWR,li1,379.2700,345.1330,1.799526
TAP_TAPCELL_ROW_122_2074,VPWR,li1,353.5100,345.1330,1.799554
TAP_TAPCELL_ROW_122_2073,VPWR,li1,327.7500,345.1330,1.799602
TAP_TAPCELL_ROW_122_2072,VPWR,li1,301.9900,345.1330,1.799156
TAP_TAPCELL_ROW_122_2071,VPWR,li1,276.2300,345.1330,1.799065
TAP_TAPCELL_ROW_122_2070,VPWR,li1,250.4700,345.1330,1.799190
TAP_TAPCELL_ROW_122_2069,VPWR,li1,224.7100,345.1330,1.799398
TAP_TAPCELL_ROW_122_2068,VPWR,li1,198.9500,345.1330,1.799634
TAP_TAPCELL_ROW_122_2067,VPWR,li1,173.1900,345.1330,1.799849
TAP_TAPCELL_ROW_122_2066,VPWR,li1,147.4300,345.1330,1.799761
TAP_TAPCELL_ROW_122_2065,VPWR,li1,121.6700,345.1330,1.799687
TAP_TAPCELL_ROW_122_2064,VPWR,li1,95.9100,345.1330,1.799640
TAP_TAPCELL_ROW_122_2063,VPWR,li1,70.1500,345.1330,1.799646
TAP_TAPCELL_ROW_122_2062,VPWR,li1,44.3900,345.1330,1.799785
TAP_TAPCELL_ROW_122_2061,VPWR,li1,18.6300,345.1330,1.799936
TAP_TAPCELL_ROW_121_2060,VPWR,li1,366.3900,340.3060,1.799678
TAP_TAPCELL_ROW_121_2059,VPWR,li1,340.6300,340.3060,1.799772
TAP_TAPCELL_ROW_121_2058,VPWR,li1,314.8700,340.3060,1.799758
TAP_TAPCELL_ROW_121_2057,VPWR,li1,289.1100,340.3060,1.799650
TAP_TAPCELL_ROW_121_2056,VPWR,li1,263.3500,340.3060,1.799650
TAP_TAPCELL_ROW_121_2055,VPWR,li1,237.5900,340.3060,1.799686
TAP_TAPCELL_ROW_121_2054,VPWR,li1,211.8300,340.3060,1.799739
TAP_TAPCELL_ROW_121_2053,VPWR,li1,186.0700,340.3060,1.799810
TAP_TAPCELL_ROW_121_2052,VPWR,li1,160.3100,340.3060,1.799669
TAP_TAPCELL_ROW_121_2051,VPWR,li1,134.5500,340.3060,1.799518
TAP_TAPCELL_ROW_121_2050,VPWR,li1,108.7900,340.3060,1.799544
TAP_TAPCELL_ROW_121_2049,VPWR,li1,83.0300,340.3060,1.799626
TAP_TAPCELL_ROW_121_2048,VPWR,li1,57.2700,340.3060,1.799737
TAP_TAPCELL_ROW_121_2047,VPWR,li1,31.5100,340.3060,1.799885
TAP_TAPCELL_ROW_120_2046,VPWR,li1,379.2700,339.6930,1.799653
TAP_TAPCELL_ROW_120_2045,VPWR,li1,353.5100,339.6930,1.799714
TAP_TAPCELL_ROW_120_2044,VPWR,li1,327.7500,339.6930,1.799828
TAP_TAPCELL_ROW_120_2043,VPWR,li1,301.9900,339.6930,1.799697
TAP_TAPCELL_ROW_120_2042,VPWR,li1,276.2300,339.6930,1.799641
TAP_TAPCELL_ROW_120_2041,VPWR,li1,250.4700,339.6930,1.799663
TAP_TAPCELL_ROW_120_2040,VPWR,li1,224.7100,339.6930,1.799709
TAP_TAPCELL_ROW_120_2039,VPWR,li1,198.9500,339.6930,1.799770
TAP_TAPCELL_ROW_120_2038,VPWR,li1,173.1900,339.6930,1.799817
TAP_TAPCELL_ROW_120_2037,VPWR,li1,147.4300,339.6930,1.799575
TAP_TAPCELL_ROW_120_2036,VPWR,li1,121.6700,339.6930,1.799514
TAP_TAPCELL_ROW_120_2035,VPWR,li1,95.9100,339.6930,1.799580
TAP_TAPCELL_ROW_120_2034,VPWR,li1,70.1500,339.6930,1.799675
TAP_TAPCELL_ROW_120_2033,VPWR,li1,44.3900,339.6930,1.799800
TAP_TAPCELL_ROW_120_2032,VPWR,li1,18.6300,339.6930,1.799940
TAP_TAPCELL_ROW_119_2031,VPWR,li1,366.3900,334.8660,1.799883
TAP_TAPCELL_ROW_119_2030,VPWR,li1,340.6300,334.8660,1.799905
TAP_TAPCELL_ROW_119_2029,VPWR,li1,314.8700,334.8660,1.799840
TAP_TAPCELL_ROW_119_2028,VPWR,li1,289.1100,334.8660,1.799719
TAP_TAPCELL_ROW_119_2027,VPWR,li1,263.3500,334.8660,1.799599
TAP_TAPCELL_ROW_119_2026,VPWR,li1,237.5900,334.8660,1.799505
TAP_TAPCELL_ROW_119_2025,VPWR,li1,211.8300,334.8660,1.799473
TAP_TAPCELL_ROW_119_2024,VPWR,li1,186.0700,334.8660,1.799667
TAP_TAPCELL_ROW_119_2023,VPWR,li1,160.3100,334.8660,1.799757
TAP_TAPCELL_ROW_119_2022,VPWR,li1,134.5500,334.8660,1.799735
TAP_TAPCELL_ROW_119_2021,VPWR,li1,108.7900,334.8660,1.799738
TAP_TAPCELL_ROW_119_2020,VPWR,li1,83.0300,334.8660,1.799762
TAP_TAPCELL_ROW_119_2019,VPWR,li1,57.2700,334.8660,1.799811
TAP_TAPCELL_ROW_119_2018,VPWR,li1,31.5100,334.8660,1.799920
TAP_TAPCELL_ROW_118_2017,VPWR,li1,379.2700,334.2530,1.799883
TAP_TAPCELL_ROW_118_2016,VPWR,li1,353.5100,334.2530,1.799888
TAP_TAPCELL_ROW_118_2015,VPWR,li1,327.7500,334.2530,1.799908
TAP_TAPCELL_ROW_118_2014,VPWR,li1,301.9900,334.2530,1.799778
TAP_TAPCELL_ROW_118_2013,VPWR,li1,276.2300,334.2530,1.799657
TAP_TAPCELL_ROW_118_2012,VPWR,li1,250.4700,334.2530,1.799553
TAP_TAPCELL_ROW_118_2011,VPWR,li1,224.7100,334.2530,1.799467
TAP_TAPCELL_ROW_118_2010,VPWR,li1,198.9500,334.2530,1.799563
TAP_TAPCELL_ROW_118_2009,VPWR,li1,173.1900,334.2530,1.799794
TAP_TAPCELL_ROW_118_2008,VPWR,li1,147.4300,334.2530,1.799738
TAP_TAPCELL_ROW_118_2007,VPWR,li1,121.6700,334.2530,1.799735
TAP_TAPCELL_ROW_118_2006,VPWR,li1,95.9100,334.2530,1.799748
TAP_TAPCELL_ROW_118_2005,VPWR,li1,70.1500,334.2530,1.799781
TAP_TAPCELL_ROW_118_2004,VPWR,li1,44.3900,334.2530,1.799859
TAP_TAPCELL_ROW_118_2003,VPWR,li1,18.6300,334.2530,1.799958
TAP_TAPCELL_ROW_117_2002,VPWR,li1,366.3900,329.4260,1.799731
TAP_TAPCELL_ROW_117_2001,VPWR,li1,340.6300,329.4260,1.799822
TAP_TAPCELL_ROW_117_2000,VPWR,li1,314.8700,329.4260,1.799765
TAP_TAPCELL_ROW_117_1999,VPWR,li1,289.1100,329.4260,1.799606
TAP_TAPCELL_ROW_117_1998,VPWR,li1,263.3500,329.4260,1.799461
TAP_TAPCELL_ROW_117_1997,VPWR,li1,237.5900,329.4260,1.799494
TAP_TAPCELL_ROW_117_1996,VPWR,li1,211.8300,329.4260,1.799611
TAP_TAPCELL_ROW_117_1995,VPWR,li1,186.0700,329.4260,1.799790
TAP_TAPCELL_ROW_117_1994,VPWR,li1,160.3100,329.4260,1.799845
TAP_TAPCELL_ROW_117_1993,VPWR,li1,134.5500,329.4260,1.799812
TAP_TAPCELL_ROW_117_1992,VPWR,li1,108.7900,329.4260,1.799798
TAP_TAPCELL_ROW_117_1991,VPWR,li1,83.0300,329.4260,1.799794
TAP_TAPCELL_ROW_117_1990,VPWR,li1,57.2700,329.4260,1.799820
TAP_TAPCELL_ROW_117_1989,VPWR,li1,31.5100,329.4260,1.799921
TAP_TAPCELL_ROW_116_1988,VPWR,li1,379.2700,328.8130,1.799706
TAP_TAPCELL_ROW_116_1987,VPWR,li1,353.5100,328.8130,1.799773
TAP_TAPCELL_ROW_116_1986,VPWR,li1,327.7500,328.8130,1.799863
TAP_TAPCELL_ROW_116_1985,VPWR,li1,301.9900,328.8130,1.799684
TAP_TAPCELL_ROW_116_1984,VPWR,li1,276.2300,328.8130,1.799524
TAP_TAPCELL_ROW_116_1983,VPWR,li1,250.4700,328.8130,1.799462
TAP_TAPCELL_ROW_116_1982,VPWR,li1,224.7100,328.8130,1.799534
TAP_TAPCELL_ROW_116_1981,VPWR,li1,198.9500,328.8130,1.799698
TAP_TAPCELL_ROW_116_1980,VPWR,li1,173.1900,328.8130,1.799872
TAP_TAPCELL_ROW_116_1979,VPWR,li1,147.4300,328.8130,1.799824
TAP_TAPCELL_ROW_116_1978,VPWR,li1,121.6700,328.8130,1.799803
TAP_TAPCELL_ROW_116_1977,VPWR,li1,95.9100,328.8130,1.799794
TAP_TAPCELL_ROW_116_1976,VPWR,li1,70.1500,328.8130,1.799799
TAP_TAPCELL_ROW_116_1975,VPWR,li1,44.3900,328.8130,1.799861
TAP_TAPCELL_ROW_116_1974,VPWR,li1,18.6300,328.8130,1.799959
TAP_TAPCELL_ROW_115_1973,VPWR,li1,366.3900,323.9860,1.799827
TAP_TAPCELL_ROW_115_1972,VPWR,li1,340.6300,323.9860,1.799853
TAP_TAPCELL_ROW_115_1971,VPWR,li1,314.8700,323.9860,1.799734
TAP_TAPCELL_ROW_115_1970,VPWR,li1,289.1100,323.9860,1.799595
TAP_TAPCELL_ROW_115_1969,VPWR,li1,263.3500,323.9860,1.799545
TAP_TAPCELL_ROW_115_1968,VPWR,li1,237.5900,323.9860,1.799514
TAP_TAPCELL_ROW_115_1967,VPWR,li1,211.8300,323.9860,1.799530
TAP_TAPCELL_ROW_115_1966,VPWR,li1,186.0700,323.9860,1.799718
TAP_TAPCELL_ROW_115_1965,VPWR,li1,160.3100,323.9860,1.799772
TAP_TAPCELL_ROW_115_1964,VPWR,li1,134.5500,323.9860,1.799751
TAP_TAPCELL_ROW_115_1963,VPWR,li1,108.7900,323.9860,1.799762
TAP_TAPCELL_ROW_115_1962,VPWR,li1,83.0300,323.9860,1.799793
TAP_TAPCELL_ROW_115_1961,VPWR,li1,57.2700,323.9860,1.799848
TAP_TAPCELL_ROW_115_1960,VPWR,li1,31.5100,323.9860,1.799935
TAP_TAPCELL_ROW_114_1959,VPWR,li1,379.2700,323.3730,1.799824
TAP_TAPCELL_ROW_114_1958,VPWR,li1,353.5100,323.3730,1.799839
TAP_TAPCELL_ROW_114_1957,VPWR,li1,327.7500,323.3730,1.799852
TAP_TAPCELL_ROW_114_1956,VPWR,li1,301.9900,323.3730,1.799646
TAP_TAPCELL_ROW_114_1955,VPWR,li1,276.2300,323.3730,1.799562
TAP_TAPCELL_ROW_114_1954,VPWR,li1,250.4700,323.3730,1.799526
TAP_TAPCELL_ROW_114_1953,VPWR,li1,224.7100,323.3730,1.799506
TAP_TAPCELL_ROW_114_1952,VPWR,li1,198.9500,323.3730,1.799621
TAP_TAPCELL_ROW_114_1951,VPWR,li1,173.1900,323.3730,1.799823
TAP_TAPCELL_ROW_114_1950,VPWR,li1,147.4300,323.3730,1.799750
TAP_TAPCELL_ROW_114_1949,VPWR,li1,121.6700,323.3730,1.799755
TAP_TAPCELL_ROW_114_1948,VPWR,li1,95.9100,323.3730,1.799776
TAP_TAPCELL_ROW_114_1947,VPWR,li1,70.1500,323.3730,1.799818
TAP_TAPCELL_ROW_114_1946,VPWR,li1,44.3900,323.3730,1.799888
TAP_TAPCELL_ROW_114_1945,VPWR,li1,18.6300,323.3730,1.799966
TAP_TAPCELL_ROW_113_1944,VPWR,li1,366.3900,318.5460,1.799893
TAP_TAPCELL_ROW_113_1943,VPWR,li1,340.6300,318.5460,1.799894
TAP_TAPCELL_ROW_113_1942,VPWR,li1,314.8700,318.5460,1.799802
TAP_TAPCELL_ROW_113_1941,VPWR,li1,289.1100,318.5460,1.799677
TAP_TAPCELL_ROW_113_1940,VPWR,li1,263.3500,318.5460,1.799603
TAP_TAPCELL_ROW_113_1939,VPWR,li1,237.5900,318.5460,1.799606
TAP_TAPCELL_ROW_113_1938,VPWR,li1,211.8300,318.5460,1.799660
TAP_TAPCELL_ROW_113_1937,VPWR,li1,186.0700,318.5460,1.799807
TAP_TAPCELL_ROW_113_1936,VPWR,li1,160.3100,318.5460,1.799784
TAP_TAPCELL_ROW_113_1935,VPWR,li1,134.5500,318.5460,1.799698
TAP_TAPCELL_ROW_113_1934,VPWR,li1,108.7900,318.5460,1.799681
TAP_TAPCELL_ROW_113_1933,VPWR,li1,83.0300,318.5460,1.799694
TAP_TAPCELL_ROW_113_1932,VPWR,li1,57.2700,318.5460,1.799774
TAP_TAPCELL_ROW_113_1931,VPWR,li1,31.5100,318.5460,1.799899
TAP_TAPCELL_ROW_112_1930,VPWR,li1,379.2700,317.9330,1.799893
TAP_TAPCELL_ROW_112_1929,VPWR,li1,353.5100,317.9330,1.799893
TAP_TAPCELL_ROW_112_1928,VPWR,li1,327.7500,317.9330,1.799887
TAP_TAPCELL_ROW_112_1927,VPWR,li1,301.9900,317.9330,1.799736
TAP_TAPCELL_ROW_112_1926,VPWR,li1,276.2300,317.9330,1.799637
TAP_TAPCELL_ROW_112_1925,VPWR,li1,250.4700,317.9330,1.799599
TAP_TAPCELL_ROW_112_1924,VPWR,li1,224.7100,317.9330,1.799620
TAP_TAPCELL_ROW_112_1923,VPWR,li1,198.9500,317.9330,1.799725
TAP_TAPCELL_ROW_112_1922,VPWR,li1,173.1900,317.9330,1.799860
TAP_TAPCELL_ROW_112_1921,VPWR,li1,147.4300,317.9330,1.799737
TAP_TAPCELL_ROW_112_1920,VPWR,li1,121.6700,317.9330,1.799683
TAP_TAPCELL_ROW_112_1919,VPWR,li1,95.9100,317.9330,1.799683
TAP_TAPCELL_ROW_112_1918,VPWR,li1,70.1500,317.9330,1.799724
TAP_TAPCELL_ROW_112_1917,VPWR,li1,44.3900,317.9330,1.799824
TAP_TAPCELL_ROW_112_1916,VPWR,li1,18.6300,317.9330,1.799947
TAP_TAPCELL_ROW_111_1915,VPWR,li1,366.3900,313.1060,1.799935
TAP_TAPCELL_ROW_111_1914,VPWR,li1,340.6300,313.1060,1.799935
TAP_TAPCELL_ROW_111_1913,VPWR,li1,314.8700,313.1060,1.799862
TAP_TAPCELL_ROW_111_1912,VPWR,li1,289.1100,313.1060,1.799786
TAP_TAPCELL_ROW_111_1911,VPWR,li1,263.3500,313.1060,1.799743
TAP_TAPCELL_ROW_111_1910,VPWR,li1,237.5900,313.1060,1.799725
TAP_TAPCELL_ROW_111_1909,VPWR,li1,211.8300,313.1060,1.799736
TAP_TAPCELL_ROW_111_1908,VPWR,li1,186.0700,313.1060,1.799818
TAP_TAPCELL_ROW_111_1907,VPWR,li1,160.3100,313.1060,1.799797
TAP_TAPCELL_ROW_111_1906,VPWR,li1,134.5500,313.1060,1.799684
TAP_TAPCELL_ROW_111_1905,VPWR,li1,108.7900,313.1060,1.799670
TAP_TAPCELL_ROW_111_1904,VPWR,li1,83.0300,313.1060,1.799716
TAP_TAPCELL_ROW_111_1903,VPWR,li1,57.2700,313.1060,1.799804
TAP_TAPCELL_ROW_111_1902,VPWR,li1,31.5100,313.1060,1.799917
TAP_TAPCELL_ROW_110_1901,VPWR,li1,379.2700,312.4930,1.799935
TAP_TAPCELL_ROW_110_1900,VPWR,li1,353.5100,312.4930,1.799935
TAP_TAPCELL_ROW_110_1899,VPWR,li1,327.7500,312.4930,1.799923
TAP_TAPCELL_ROW_110_1898,VPWR,li1,301.9900,312.4930,1.799818
TAP_TAPCELL_ROW_110_1897,VPWR,li1,276.2300,312.4930,1.799760
TAP_TAPCELL_ROW_110_1896,VPWR,li1,250.4700,312.4930,1.799732
TAP_TAPCELL_ROW_110_1895,VPWR,li1,224.7100,312.4930,1.799724
TAP_TAPCELL_ROW_110_1894,VPWR,li1,198.9500,312.4930,1.799769
TAP_TAPCELL_ROW_110_1893,VPWR,li1,173.1900,312.4930,1.799865
TAP_TAPCELL_ROW_110_1892,VPWR,li1,147.4300,312.4930,1.799730
TAP_TAPCELL_ROW_110_1891,VPWR,li1,121.6700,312.4930,1.799665
TAP_TAPCELL_ROW_110_1890,VPWR,li1,95.9100,312.4930,1.799687
TAP_TAPCELL_ROW_110_1889,VPWR,li1,70.1500,312.4930,1.799753
TAP_TAPCELL_ROW_110_1888,VPWR,li1,44.3900,312.4930,1.799859
TAP_TAPCELL_ROW_110_1887,VPWR,li1,18.6300,312.4930,1.799956
TAP_TAPCELL_ROW_109_1886,VPWR,li1,366.3900,307.6660,1.799803
TAP_TAPCELL_ROW_109_1885,VPWR,li1,340.6300,307.6660,1.799803
TAP_TAPCELL_ROW_109_1884,VPWR,li1,314.8700,307.6660,1.799679
TAP_TAPCELL_ROW_109_1883,VPWR,li1,289.1100,307.6660,1.799481
TAP_TAPCELL_ROW_109_1882,VPWR,li1,263.3500,307.6660,1.799461
TAP_TAPCELL_ROW_109_1881,VPWR,li1,237.5900,307.6660,1.799474
TAP_TAPCELL_ROW_109_1880,VPWR,li1,211.8300,307.6660,1.799618
TAP_TAPCELL_ROW_109_1879,VPWR,li1,186.0700,307.6660,1.799821
TAP_TAPCELL_ROW_109_1878,VPWR,li1,160.3100,307.6660,1.799871
TAP_TAPCELL_ROW_109_1877,VPWR,li1,134.5500,307.6660,1.799851
TAP_TAPCELL_ROW_109_1876,VPWR,li1,108.7900,307.6660,1.799846
TAP_TAPCELL_ROW_109_1875,VPWR,li1,83.0300,307.6660,1.799855
TAP_TAPCELL_ROW_109_1874,VPWR,li1,57.2700,307.6660,1.799892
TAP_TAPCELL_ROW_109_1873,VPWR,li1,31.5100,307.6660,1.799952
TAP_TAPCELL_ROW_108_1872,VPWR,li1,379.2700,307.0530,1.799803
TAP_TAPCELL_ROW_108_1871,VPWR,li1,353.5100,307.0530,1.799803
TAP_TAPCELL_ROW_108_1870,VPWR,li1,327.7500,307.0530,1.799817
TAP_TAPCELL_ROW_108_1869,VPWR,li1,301.9900,307.0530,1.799549
TAP_TAPCELL_ROW_108_1868,VPWR,li1,276.2300,307.0530,1.799467
TAP_TAPCELL_ROW_108_1867,VPWR,li1,250.4700,307.0530,1.799464
TAP_TAPCELL_ROW_108_1866,VPWR,li1,224.7100,307.0530,1.799522
TAP_TAPCELL_ROW_108_1865,VPWR,li1,198.9500,307.0530,1.799720
TAP_TAPCELL_ROW_108_1864,VPWR,li1,173.1900,307.0530,1.799894
TAP_TAPCELL_ROW_108_1863,VPWR,li1,147.4300,307.0530,1.799857
TAP_TAPCELL_ROW_108_1862,VPWR,li1,121.6700,307.0530,1.799847
TAP_TAPCELL_ROW_108_1861,VPWR,li1,95.9100,307.0530,1.799847
TAP_TAPCELL_ROW_108_1860,VPWR,li1,70.1500,307.0530,1.799872
TAP_TAPCELL_ROW_108_1859,VPWR,li1,44.3900,307.0530,1.799919
TAP_TAPCELL_ROW_108_1858,VPWR,li1,18.6300,307.0530,1.799975
TAP_TAPCELL_ROW_107_1857,VPWR,li1,366.3900,302.2260,1.799957
TAP_TAPCELL_ROW_107_1856,VPWR,li1,340.6300,302.2260,1.799957
TAP_TAPCELL_ROW_107_1855,VPWR,li1,314.8700,302.2260,1.799904
TAP_TAPCELL_ROW_107_1854,VPWR,li1,289.1100,302.2260,1.799823
TAP_TAPCELL_ROW_107_1853,VPWR,li1,263.3500,302.2260,1.799771
TAP_TAPCELL_ROW_107_1852,VPWR,li1,237.5900,302.2260,1.799758
TAP_TAPCELL_ROW_107_1851,VPWR,li1,211.8300,302.2260,1.799788
TAP_TAPCELL_ROW_107_1850,VPWR,li1,186.0700,302.2260,1.799869
TAP_TAPCELL_ROW_107_1849,VPWR,li1,160.3100,302.2260,1.799857
TAP_TAPCELL_ROW_107_1848,VPWR,li1,134.5500,302.2260,1.799788
TAP_TAPCELL_ROW_107_1847,VPWR,li1,108.7900,302.2260,1.799763
TAP_TAPCELL_ROW_107_1846,VPWR,li1,83.0300,302.2260,1.799793
TAP_TAPCELL_ROW_107_1845,VPWR,li1,57.2700,302.2260,1.799849
TAP_TAPCELL_ROW_107_1844,VPWR,li1,31.5100,302.2260,1.799935
TAP_TAPCELL_ROW_106_1843,VPWR,li1,379.2700,301.6130,1.799957
TAP_TAPCELL_ROW_106_1842,VPWR,li1,353.5100,301.6130,1.799957
TAP_TAPCELL_ROW_106_1841,VPWR,li1,327.7500,301.6130,1.799948
TAP_TAPCELL_ROW_106_1840,VPWR,li1,301.9900,301.6130,1.799856
TAP_TAPCELL_ROW_106_1839,VPWR,li1,276.2300,301.6130,1.799796
TAP_TAPCELL_ROW_106_1838,VPWR,li1,250.4700,301.6130,1.799760
TAP_TAPCELL_ROW_106_1837,VPWR,li1,224.7100,301.6130,1.799763
TAP_TAPCELL_ROW_106_1836,VPWR,li1,198.9500,301.6130,1.799831
TAP_TAPCELL_ROW_106_1835,VPWR,li1,173.1900,301.6130,1.799904
TAP_TAPCELL_ROW_106_1834,VPWR,li1,147.4300,301.6130,1.799818
TAP_TAPCELL_ROW_106_1833,VPWR,li1,121.6700,301.6130,1.799765
TAP_TAPCELL_ROW_106_1832,VPWR,li1,95.9100,301.6130,1.799771
TAP_TAPCELL_ROW_106_1831,VPWR,li1,70.1500,301.6130,1.799818
TAP_TAPCELL_ROW_106_1830,VPWR,li1,44.3900,301.6130,1.799887
TAP_TAPCELL_ROW_106_1829,VPWR,li1,18.6300,301.6130,1.799965
TAP_TAPCELL_ROW_105_1828,VPWR,li1,366.3900,296.7860,1.799979
TAP_TAPCELL_ROW_105_1827,VPWR,li1,340.6300,296.7860,1.799979
TAP_TAPCELL_ROW_105_1826,VPWR,li1,314.8700,296.7860,1.799951
TAP_TAPCELL_ROW_105_1825,VPWR,li1,289.1100,296.7860,1.799898
TAP_TAPCELL_ROW_105_1824,VPWR,li1,263.3500,296.7860,1.799858
TAP_TAPCELL_ROW_105_1823,VPWR,li1,237.5900,296.7860,1.799840
TAP_TAPCELL_ROW_105_1822,VPWR,li1,211.8300,296.7860,1.799854
TAP_TAPCELL_ROW_105_1821,VPWR,li1,186.0700,296.7860,1.799904
TAP_TAPCELL_ROW_105_1820,VPWR,li1,160.3100,296.7860,1.799884
TAP_TAPCELL_ROW_105_1819,VPWR,li1,134.5500,296.7860,1.799839
TAP_TAPCELL_ROW_105_1818,VPWR,li1,108.7900,296.7860,1.799818
TAP_TAPCELL_ROW_105_1817,VPWR,li1,83.0300,296.7860,1.799824
TAP_TAPCELL_ROW_105_1816,VPWR,li1,57.2700,296.7860,1.799858
TAP_TAPCELL_ROW_105_1815,VPWR,li1,31.5100,296.7860,1.799938
TAP_TAPCELL_ROW_104_1814,VPWR,li1,379.2700,296.1730,1.799979
TAP_TAPCELL_ROW_104_1813,VPWR,li1,353.5100,296.1730,1.799979
TAP_TAPCELL_ROW_104_1812,VPWR,li1,327.7500,296.1730,1.799979
TAP_TAPCELL_ROW_104_1811,VPWR,li1,301.9900,296.1730,1.799924
TAP_TAPCELL_ROW_104_1810,VPWR,li1,276.2300,296.1730,1.799878
TAP_TAPCELL_ROW_104_1809,VPWR,li1,250.4700,296.1730,1.799846
TAP_TAPCELL_ROW_104_1808,VPWR,li1,224.7100,296.1730,1.799841
TAP_TAPCELL_ROW_104_1807,VPWR,li1,198.9500,296.1730,1.799874
TAP_TAPCELL_ROW_104_1806,VPWR,li1,173.1900,296.1730,1.799927
TAP_TAPCELL_ROW_104_1805,VPWR,li1,147.4300,296.1730,1.799857
TAP_TAPCELL_ROW_104_1804,VPWR,li1,121.6700,296.1730,1.799826
TAP_TAPCELL_ROW_104_1803,VPWR,li1,95.9100,296.1730,1.799817
TAP_TAPCELL_ROW_104_1802,VPWR,li1,70.1500,296.1730,1.799837
TAP_TAPCELL_ROW_104_1801,VPWR,li1,44.3900,296.1730,1.799894
TAP_TAPCELL_ROW_104_1800,VPWR,li1,18.6300,296.1730,1.799967
TAP_TAPCELL_ROW_103_1799,VPWR,li1,366.3900,291.3460,1.799980
TAP_TAPCELL_ROW_103_1798,VPWR,li1,340.6300,291.3460,1.799980
TAP_TAPCELL_ROW_103_1797,VPWR,li1,314.8700,291.3460,1.799967
TAP_TAPCELL_ROW_103_1796,VPWR,li1,289.1100,291.3460,1.799946
TAP_TAPCELL_ROW_103_1795,VPWR,li1,263.3500,291.3460,1.799935
TAP_TAPCELL_ROW_103_1794,VPWR,li1,237.5900,291.3460,1.799929
TAP_TAPCELL_ROW_103_1793,VPWR,li1,211.8300,291.3460,1.799933
TAP_TAPCELL_ROW_103_1792,VPWR,li1,186.0700,291.3460,1.799954
TAP_TAPCELL_ROW_103_1791,VPWR,li1,160.3100,291.3460,1.799943
TAP_TAPCELL_ROW_103_1790,VPWR,li1,134.5500,291.3460,1.799914
TAP_TAPCELL_ROW_103_1789,VPWR,li1,108.7900,291.3460,1.799909
TAP_TAPCELL_ROW_103_1788,VPWR,li1,83.0300,291.3460,1.799916
TAP_TAPCELL_ROW_103_1787,VPWR,li1,57.2700,291.3460,1.799940
TAP_TAPCELL_ROW_103_1786,VPWR,li1,31.5100,291.3460,1.799974
TAP_TAPCELL_ROW_102_1785,VPWR,li1,379.2700,290.7330,1.799980
TAP_TAPCELL_ROW_102_1784,VPWR,li1,353.5100,290.7330,1.799980
TAP_TAPCELL_ROW_102_1783,VPWR,li1,327.7500,290.7330,1.799983
TAP_TAPCELL_ROW_102_1782,VPWR,li1,301.9900,290.7330,1.799954
TAP_TAPCELL_ROW_102_1781,VPWR,li1,276.2300,290.7330,1.799939
TAP_TAPCELL_ROW_102_1780,VPWR,li1,250.4700,290.7330,1.799931
TAP_TAPCELL_ROW_102_1779,VPWR,li1,224.7100,290.7330,1.799929
TAP_TAPCELL_ROW_102_1778,VPWR,li1,198.9500,290.7330,1.799940
TAP_TAPCELL_ROW_102_1777,VPWR,li1,173.1900,290.7330,1.799963
TAP_TAPCELL_ROW_102_1776,VPWR,li1,147.4300,290.7330,1.799927
TAP_TAPCELL_ROW_102_1775,VPWR,li1,121.6700,290.7330,1.799909
TAP_TAPCELL_ROW_102_1774,VPWR,li1,95.9100,290.7330,1.799911
TAP_TAPCELL_ROW_102_1773,VPWR,li1,70.1500,290.7330,1.799925
TAP_TAPCELL_ROW_102_1772,VPWR,li1,44.3900,290.7330,1.799956
TAP_TAPCELL_ROW_102_1771,VPWR,li1,18.6300,290.7330,1.799986
TAP_TAPCELL_ROW_101_1770,VPWR,li1,366.3900,285.9060,1.799751
TAP_TAPCELL_ROW_101_1769,VPWR,li1,340.6300,285.9060,1.799780
TAP_TAPCELL_ROW_101_1768,VPWR,li1,314.8700,285.9060,1.799535
TAP_TAPCELL_ROW_101_1767,VPWR,li1,289.1100,285.9060,1.799121
TAP_TAPCELL_ROW_101_1766,VPWR,li1,263.3500,285.9060,1.798719
TAP_TAPCELL_ROW_101_1765,VPWR,li1,237.5900,285.9060,1.798342
TAP_TAPCELL_ROW_101_1764,VPWR,li1,211.8300,285.9060,1.798626
TAP_TAPCELL_ROW_101_1763,VPWR,li1,186.0700,285.9060,1.799189
TAP_TAPCELL_ROW_101_1762,VPWR,li1,160.3100,285.9060,1.798954
TAP_TAPCELL_ROW_101_1761,VPWR,li1,134.5500,285.9060,1.798552
TAP_TAPCELL_ROW_101_1760,VPWR,li1,108.7900,285.9060,1.798626
TAP_TAPCELL_ROW_101_1759,VPWR,li1,83.0300,285.9060,1.798715
TAP_TAPCELL_ROW_101_1758,VPWR,li1,57.2700,285.9060,1.799135
TAP_TAPCELL_ROW_101_1757,VPWR,li1,31.5100,285.9060,1.799636
TAP_TAPCELL_ROW_100_1756,VPWR,li1,379.2700,285.2930,1.799738
TAP_TAPCELL_ROW_100_1755,VPWR,li1,353.5100,285.2930,1.799765
TAP_TAPCELL_ROW_100_1754,VPWR,li1,327.7500,285.2930,1.799766
TAP_TAPCELL_ROW_100_1753,VPWR,li1,301.9900,285.2930,1.799318
TAP_TAPCELL_ROW_100_1752,VPWR,li1,276.2300,285.2930,1.798910
TAP_TAPCELL_ROW_100_1751,VPWR,li1,250.4700,285.2930,1.798506
TAP_TAPCELL_ROW_100_1750,VPWR,li1,224.7100,285.2930,1.798299
TAP_TAPCELL_ROW_100_1749,VPWR,li1,198.9500,285.2930,1.798903
TAP_TAPCELL_ROW_100_1748,VPWR,li1,173.1900,285.2930,1.799374
TAP_TAPCELL_ROW_100_1747,VPWR,li1,147.4300,285.2930,1.798608
TAP_TAPCELL_ROW_100_1746,VPWR,li1,121.6700,285.2930,1.798588
TAP_TAPCELL_ROW_100_1745,VPWR,li1,95.9100,285.2930,1.798667
TAP_TAPCELL_ROW_100_1744,VPWR,li1,70.1500,285.2930,1.798891
TAP_TAPCELL_ROW_100_1743,VPWR,li1,44.3900,285.2930,1.799379
TAP_TAPCELL_ROW_100_1742,VPWR,li1,18.6300,285.2930,1.799810
TAP_TAPCELL_ROW_99_1741,VPWR,li1,366.3900,280.4660,1.798692
TAP_TAPCELL_ROW_99_1740,VPWR,li1,340.6300,280.4660,1.799007
TAP_TAPCELL_ROW_99_1739,VPWR,li1,314.8700,280.4660,1.798683
TAP_TAPCELL_ROW_99_1738,VPWR,li1,289.1100,280.4660,1.797645
TAP_TAPCELL_ROW_99_1737,VPWR,li1,263.3500,280.4660,1.796578
TAP_TAPCELL_ROW_99_1736,VPWR,li1,237.5900,280.4660,1.795587
TAP_TAPCELL_ROW_99_1735,VPWR,li1,211.8300,280.4660,1.796286
TAP_TAPCELL_ROW_99_1734,VPWR,li1,186.0700,280.4660,1.797742
TAP_TAPCELL_ROW_99_1733,VPWR,li1,160.3100,280.4660,1.796818
TAP_TAPCELL_ROW_99_1732,VPWR,li1,134.5500,280.4660,1.795038
TAP_TAPCELL_ROW_99_1731,VPWR,li1,108.7900,280.4660,1.795395
TAP_TAPCELL_ROW_99_1730,VPWR,li1,83.0300,280.4660,1.796083
TAP_TAPCELL_ROW_99_1729,VPWR,li1,57.2700,280.4660,1.797313
TAP_TAPCELL_ROW_99_1728,VPWR,li1,31.5100,280.4660,1.798870
TAP_TAPCELL_ROW_98_1727,VPWR,li1,379.2700,279.8530,1.798667
TAP_TAPCELL_ROW_98_1726,VPWR,li1,353.5100,279.8530,1.798764
TAP_TAPCELL_ROW_98_1725,VPWR,li1,327.7500,279.8530,1.799214
TAP_TAPCELL_ROW_98_1724,VPWR,li1,301.9900,279.8530,1.798196
TAP_TAPCELL_ROW_98_1723,VPWR,li1,276.2300,279.8530,1.797070
TAP_TAPCELL_ROW_98_1722,VPWR,li1,250.4700,279.8530,1.796051
TAP_TAPCELL_ROW_98_1721,VPWR,li1,224.7100,279.8530,1.795552
TAP_TAPCELL_ROW_98_1720,VPWR,li1,198.9500,279.8530,1.797057
TAP_TAPCELL_ROW_98_1719,VPWR,li1,173.1900,279.8530,1.798107
TAP_TAPCELL_ROW_98_1718,VPWR,li1,147.4300,279.8530,1.795579
TAP_TAPCELL_ROW_98_1717,VPWR,li1,121.6700,279.8530,1.795074
TAP_TAPCELL_ROW_98_1716,VPWR,li1,95.9100,279.8530,1.795712
TAP_TAPCELL_ROW_98_1715,VPWR,li1,70.1500,279.8530,1.796633
TAP_TAPCELL_ROW_98_1714,VPWR,li1,44.3900,279.8530,1.798071
TAP_TAPCELL_ROW_98_1713,VPWR,li1,18.6300,279.8530,1.799411
TAP_TAPCELL_ROW_97_1712,VPWR,li1,366.3900,275.0260,1.790725
TAP_TAPCELL_ROW_97_1711,VPWR,li1,340.6300,275.0260,1.793836
TAP_TAPCELL_ROW_97_1710,VPWR,li1,314.8700,275.0260,1.795342
TAP_TAPCELL_ROW_97_1709,VPWR,li1,289.1100,275.0260,1.793083
TAP_TAPCELL_ROW_97_1708,VPWR,li1,263.3500,275.0260,1.791742
TAP_TAPCELL_ROW_97_1707,VPWR,li1,237.5900,275.0260,1.791036
TAP_TAPCELL_ROW_97_1706,VPWR,li1,211.8300,275.0260,1.793541
TAP_TAPCELL_ROW_97_1705,VPWR,li1,186.0700,275.0260,1.796562
TAP_TAPCELL_ROW_97_1704,VPWR,li1,160.3100,275.0260,1.797756
TAP_TAPCELL_ROW_97_1703,VPWR,li1,134.5500,275.0260,1.797623
TAP_TAPCELL_ROW_97_1702,VPWR,li1,108.7900,275.0260,1.797997
TAP_TAPCELL_ROW_97_1701,VPWR,li1,83.0300,275.0260,1.798394
TAP_TAPCELL_ROW_97_1700,VPWR,li1,57.2700,275.0260,1.798864
TAP_TAPCELL_ROW_97_1699,VPWR,li1,31.5100,275.0260,1.799515
TAP_TAPCELL_ROW_96_1698,VPWR,li1,379.2700,274.4130,1.790698
TAP_TAPCELL_ROW_96_1697,VPWR,li1,353.5100,274.4130,1.791319
TAP_TAPCELL_ROW_96_1696,VPWR,li1,327.7500,274.4130,1.796660
TAP_TAPCELL_ROW_96_1695,VPWR,li1,301.9900,274.4130,1.794240
TAP_TAPCELL_ROW_96_1694,VPWR,li1,276.2300,274.4130,1.792432
TAP_TAPCELL_ROW_96_1693,VPWR,li1,250.4700,274.4130,1.791071
TAP_TAPCELL_ROW_96_1692,VPWR,li1,224.7100,274.4130,1.792119
TAP_TAPCELL_ROW_96_1691,VPWR,li1,198.9500,274.4130,1.795158
TAP_TAPCELL_ROW_96_1690,VPWR,li1,173.1900,274.4130,1.797988
TAP_TAPCELL_ROW_96_1689,VPWR,li1,147.4300,274.4130,1.797579
TAP_TAPCELL_ROW_96_1688,VPWR,li1,121.6700,274.4130,1.797777
TAP_TAPCELL_ROW_96_1687,VPWR,li1,95.9100,274.4130,1.798181
TAP_TAPCELL_ROW_96_1686,VPWR,li1,70.1500,274.4130,1.798627
TAP_TAPCELL_ROW_96_1685,VPWR,li1,44.3900,274.4130,1.799164
TAP_TAPCELL_ROW_96_1684,VPWR,li1,18.6300,274.4130,1.799743
TAP_TAPCELL_ROW_95_1683,VPWR,li1,366.3900,269.5860,1.798105
TAP_TAPCELL_ROW_95_1682,VPWR,li1,340.6300,269.5860,1.798669
TAP_TAPCELL_ROW_95_1681,VPWR,li1,314.8700,269.5860,1.798459
TAP_TAPCELL_ROW_95_1680,VPWR,li1,289.1100,269.5860,1.797271
TAP_TAPCELL_ROW_95_1679,VPWR,li1,263.3500,269.5860,1.796443
TAP_TAPCELL_ROW_95_1678,VPWR,li1,237.5900,269.5860,1.796010
TAP_TAPCELL_ROW_95_1677,VPWR,li1,211.8300,269.5860,1.796702
TAP_TAPCELL_ROW_95_1676,VPWR,li1,186.0700,269.5860,1.798013
TAP_TAPCELL_ROW_95_1675,VPWR,li1,160.3100,269.5860,1.798394
TAP_TAPCELL_ROW_95_1674,VPWR,li1,134.5500,269.5860,1.797714
TAP_TAPCELL_ROW_95_1673,VPWR,li1,108.7900,269.5860,1.797871
TAP_TAPCELL_ROW_95_1672,VPWR,li1,83.0300,269.5860,1.798213
TAP_TAPCELL_ROW_95_1671,VPWR,li1,57.2700,269.5860,1.798836
TAP_TAPCELL_ROW_95_1670,VPWR,li1,31.5100,269.5860,1.799509
TAP_TAPCELL_ROW_94_1669,VPWR,li1,379.2700,268.9730,1.798044
TAP_TAPCELL_ROW_94_1668,VPWR,li1,353.5100,268.9730,1.798272
TAP_TAPCELL_ROW_94_1667,VPWR,li1,327.7500,268.9730,1.799007
TAP_TAPCELL_ROW_94_1666,VPWR,li1,301.9900,268.9730,1.797843
TAP_TAPCELL_ROW_94_1665,VPWR,li1,276.2300,268.9730,1.796777
TAP_TAPCELL_ROW_94_1664,VPWR,li1,250.4700,268.9730,1.796061
TAP_TAPCELL_ROW_94_1663,VPWR,li1,224.7100,268.9730,1.796117
TAP_TAPCELL_ROW_94_1662,VPWR,li1,198.9500,268.9730,1.797309
TAP_TAPCELL_ROW_94_1661,VPWR,li1,173.1900,268.9730,1.798819
TAP_TAPCELL_ROW_94_1660,VPWR,li1,147.4300,268.9730,1.797983
TAP_TAPCELL_ROW_94_1659,VPWR,li1,121.6700,268.9730,1.797737
TAP_TAPCELL_ROW_94_1658,VPWR,li1,95.9100,268.9730,1.798002
TAP_TAPCELL_ROW_94_1657,VPWR,li1,70.1500,268.9730,1.798523
TAP_TAPCELL_ROW_94_1656,VPWR,li1,44.3900,268.9730,1.799138
TAP_TAPCELL_ROW_94_1655,VPWR,li1,18.6300,268.9730,1.799744
TAP_TAPCELL_ROW_93_1654,VPWR,li1,366.3900,264.1460,1.796695
TAP_TAPCELL_ROW_93_1653,VPWR,li1,340.6300,264.1460,1.797582
TAP_TAPCELL_ROW_93_1652,VPWR,li1,314.8700,264.1460,1.798067
TAP_TAPCELL_ROW_93_1651,VPWR,li1,289.1100,264.1460,1.797405
TAP_TAPCELL_ROW_93_1650,VPWR,li1,263.3500,264.1460,1.797276
TAP_TAPCELL_ROW_93_1649,VPWR,li1,237.5900,264.1460,1.797466
TAP_TAPCELL_ROW_93_1648,VPWR,li1,211.8300,264.1460,1.798067
TAP_TAPCELL_ROW_93_1647,VPWR,li1,186.0700,264.1460,1.798898
TAP_TAPCELL_ROW_93_1646,VPWR,li1,160.3100,264.1460,1.799009
TAP_TAPCELL_ROW_93_1645,VPWR,li1,134.5500,264.1460,1.798817
TAP_TAPCELL_ROW_93_1644,VPWR,li1,108.7900,264.1460,1.798911
TAP_TAPCELL_ROW_93_1643,VPWR,li1,83.0300,264.1460,1.799073
TAP_TAPCELL_ROW_93_1642,VPWR,li1,57.2700,264.1460,1.799313
TAP_TAPCELL_ROW_93_1641,VPWR,li1,31.5100,264.1460,1.799704
TAP_TAPCELL_ROW_92_1640,VPWR,li1,379.2700,263.5330,1.796683
TAP_TAPCELL_ROW_92_1639,VPWR,li1,353.5100,263.5330,1.796821
TAP_TAPCELL_ROW_92_1638,VPWR,li1,327.7500,263.5330,1.798482
TAP_TAPCELL_ROW_92_1637,VPWR,li1,301.9900,263.5330,1.797698
TAP_TAPCELL_ROW_92_1636,VPWR,li1,276.2300,263.5330,1.797268
TAP_TAPCELL_ROW_92_1635,VPWR,li1,250.4700,263.5330,1.797312
TAP_TAPCELL_ROW_92_1634,VPWR,li1,224.7100,263.5330,1.797658
TAP_TAPCELL_ROW_92_1633,VPWR,li1,198.9500,263.5330,1.798451
TAP_TAPCELL_ROW_92_1632,VPWR,li1,173.1900,263.5330,1.799287
TAP_TAPCELL_ROW_92_1631,VPWR,li1,147.4300,263.5330,1.798849
TAP_TAPCELL_ROW_92_1630,VPWR,li1,121.6700,263.5330,1.798845
TAP_TAPCELL_ROW_92_1629,VPWR,li1,95.9100,263.5330,1.798996
TAP_TAPCELL_ROW_92_1628,VPWR,li1,70.1500,263.5330,1.799179
TAP_TAPCELL_ROW_92_1627,VPWR,li1,44.3900,263.5330,1.799481
TAP_TAPCELL_ROW_92_1626,VPWR,li1,18.6300,263.5330,1.799846
TAP_TAPCELL_ROW_91_1625,VPWR,li1,366.3900,258.7060,1.799698
TAP_TAPCELL_ROW_91_1624,VPWR,li1,340.6300,258.7060,1.799708
TAP_TAPCELL_ROW_91_1623,VPWR,li1,314.8700,258.7060,1.799447
TAP_TAPCELL_ROW_91_1622,VPWR,li1,289.1100,258.7060,1.799216
TAP_TAPCELL_ROW_91_1621,VPWR,li1,263.3500,258.7060,1.799129
TAP_TAPCELL_ROW_91_1620,VPWR,li1,237.5900,258.7060,1.799201
TAP_TAPCELL_ROW_91_1619,VPWR,li1,211.8300,258.7060,1.799425
TAP_TAPCELL_ROW_91_1618,VPWR,li1,186.0700,258.7060,1.799678
TAP_TAPCELL_ROW_91_1617,VPWR,li1,160.3100,258.7060,1.799627
TAP_TAPCELL_ROW_91_1616,VPWR,li1,134.5500,258.7060,1.799420
TAP_TAPCELL_ROW_91_1615,VPWR,li1,108.7900,258.7060,1.799444
TAP_TAPCELL_ROW_91_1614,VPWR,li1,83.0300,258.7060,1.799525
TAP_TAPCELL_ROW_91_1613,VPWR,li1,57.2700,258.7060,1.799641
TAP_TAPCELL_ROW_91_1612,VPWR,li1,31.5100,258.7060,1.799847
TAP_TAPCELL_ROW_90_1611,VPWR,li1,379.2700,258.0930,1.799697
TAP_TAPCELL_ROW_90_1610,VPWR,li1,353.5100,258.0930,1.799701
TAP_TAPCELL_ROW_90_1609,VPWR,li1,327.7500,258.0930,1.799662
TAP_TAPCELL_ROW_90_1608,VPWR,li1,301.9900,258.0930,1.799327
TAP_TAPCELL_ROW_90_1607,VPWR,li1,276.2300,258.0930,1.799147
TAP_TAPCELL_ROW_90_1606,VPWR,li1,250.4700,258.0930,1.799118
TAP_TAPCELL_ROW_90_1605,VPWR,li1,224.7100,258.0930,1.799316
TAP_TAPCELL_ROW_90_1604,VPWR,li1,198.9500,258.0930,1.799561
TAP_TAPCELL_ROW_90_1603,VPWR,li1,173.1900,258.0930,1.799759
TAP_TAPCELL_ROW_90_1602,VPWR,li1,147.4300,258.0930,1.799494
TAP_TAPCELL_ROW_90_1601,VPWR,li1,121.6700,258.0930,1.799411
TAP_TAPCELL_ROW_90_1600,VPWR,li1,95.9100,258.0930,1.799482
TAP_TAPCELL_ROW_90_1599,VPWR,li1,70.1500,258.0930,1.799575
TAP_TAPCELL_ROW_90_1598,VPWR,li1,44.3900,258.0930,1.799732
TAP_TAPCELL_ROW_90_1597,VPWR,li1,18.6300,258.0930,1.799921
TAP_TAPCELL_ROW_89_1596,VPWR,li1,366.3900,253.2660,1.799735
TAP_TAPCELL_ROW_89_1595,VPWR,li1,340.6300,253.2660,1.799777
TAP_TAPCELL_ROW_89_1594,VPWR,li1,314.8700,253.2660,1.799674
TAP_TAPCELL_ROW_89_1593,VPWR,li1,289.1100,253.2660,1.799604
TAP_TAPCELL_ROW_89_1592,VPWR,li1,263.3500,253.2660,1.799578
TAP_TAPCELL_ROW_89_1591,VPWR,li1,237.5900,253.2660,1.799605
TAP_TAPCELL_ROW_89_1590,VPWR,li1,211.8300,253.2660,1.799722
TAP_TAPCELL_ROW_89_1589,VPWR,li1,186.0700,253.2660,1.799857
TAP_TAPCELL_ROW_89_1588,VPWR,li1,160.3100,253.2660,1.799864
TAP_TAPCELL_ROW_89_1587,VPWR,li1,134.5500,253.2660,1.799800
TAP_TAPCELL_ROW_89_1586,VPWR,li1,108.7900,253.2660,1.799776
TAP_TAPCELL_ROW_89_1585,VPWR,li1,83.0300,253.2660,1.799794
TAP_TAPCELL_ROW_89_1584,VPWR,li1,57.2700,253.2660,1.799833
TAP_TAPCELL_ROW_89_1583,VPWR,li1,31.5100,253.2660,1.799919
TAP_TAPCELL_ROW_88_1582,VPWR,li1,379.2700,252.6530,1.799735
TAP_TAPCELL_ROW_88_1581,VPWR,li1,353.5100,252.6530,1.799745
TAP_TAPCELL_ROW_88_1580,VPWR,li1,327.7500,252.6530,1.799781
TAP_TAPCELL_ROW_88_1579,VPWR,li1,301.9900,252.6530,1.799622
TAP_TAPCELL_ROW_88_1578,VPWR,li1,276.2300,252.6530,1.799587
TAP_TAPCELL_ROW_88_1577,VPWR,li1,250.4700,252.6530,1.799575
TAP_TAPCELL_ROW_88_1576,VPWR,li1,224.7100,252.6530,1.799655
TAP_TAPCELL_ROW_88_1575,VPWR,li1,198.9500,252.6530,1.799789
TAP_TAPCELL_ROW_88_1574,VPWR,li1,173.1900,252.6530,1.799904
TAP_TAPCELL_ROW_88_1573,VPWR,li1,147.4300,252.6530,1.799831
TAP_TAPCELL_ROW_88_1572,VPWR,li1,121.6700,252.6530,1.799777
TAP_TAPCELL_ROW_88_1571,VPWR,li1,95.9100,252.6530,1.799782
TAP_TAPCELL_ROW_88_1570,VPWR,li1,70.1500,252.6530,1.799811
TAP_TAPCELL_ROW_88_1569,VPWR,li1,44.3900,252.6530,1.799865
TAP_TAPCELL_ROW_88_1568,VPWR,li1,18.6300,252.6530,1.799957
TAP_TAPCELL_ROW_87_1567,VPWR,li1,366.3900,247.8260,1.799079
TAP_TAPCELL_ROW_87_1566,VPWR,li1,340.6300,247.8260,1.799493
TAP_TAPCELL_ROW_87_1565,VPWR,li1,314.8700,247.8260,1.799693
TAP_TAPCELL_ROW_87_1564,VPWR,li1,289.1100,247.8260,1.799631
TAP_TAPCELL_ROW_87_1563,VPWR,li1,263.3500,247.8260,1.799581
TAP_TAPCELL_ROW_87_1562,VPWR,li1,237.5900,247.8260,1.799546
TAP_TAPCELL_ROW_87_1561,VPWR,li1,211.8300,247.8260,1.799581
TAP_TAPCELL_ROW_87_1560,VPWR,li1,186.0700,247.8260,1.799760
TAP_TAPCELL_ROW_87_1559,VPWR,li1,160.3100,247.8260,1.799741
TAP_TAPCELL_ROW_87_1558,VPWR,li1,134.5500,247.8260,1.799655
TAP_TAPCELL_ROW_87_1557,VPWR,li1,108.7900,247.8260,1.799647
TAP_TAPCELL_ROW_87_1556,VPWR,li1,83.0300,247.8260,1.799702
TAP_TAPCELL_ROW_87_1555,VPWR,li1,57.2700,247.8260,1.799788
TAP_TAPCELL_ROW_87_1554,VPWR,li1,31.5100,247.8260,1.799903
TAP_TAPCELL_ROW_86_1553,VPWR,li1,379.2700,247.2130,1.799054
TAP_TAPCELL_ROW_86_1552,VPWR,li1,353.5100,247.2130,1.799228
TAP_TAPCELL_ROW_86_1551,VPWR,li1,327.7500,247.2130,1.799726
TAP_TAPCELL_ROW_86_1550,VPWR,li1,301.9900,247.2130,1.799662
TAP_TAPCELL_ROW_86_1549,VPWR,li1,276.2300,247.2130,1.799606
TAP_TAPCELL_ROW_86_1548,VPWR,li1,250.4700,247.2130,1.799564
TAP_TAPCELL_ROW_86_1547,VPWR,li1,224.7100,247.2130,1.799536
TAP_TAPCELL_ROW_86_1546,VPWR,li1,198.9500,247.2130,1.799663
TAP_TAPCELL_ROW_86_1545,VPWR,li1,173.1900,247.2130,1.799829
TAP_TAPCELL_ROW_86_1544,VPWR,li1,147.4300,247.2130,1.799670
TAP_TAPCELL_ROW_86_1543,VPWR,li1,121.6700,247.2130,1.799644
TAP_TAPCELL_ROW_86_1542,VPWR,li1,95.9100,247.2130,1.799668
TAP_TAPCELL_ROW_86_1541,VPWR,li1,70.1500,247.2130,1.799737
TAP_TAPCELL_ROW_86_1540,VPWR,li1,44.3900,247.2130,1.799838
TAP_TAPCELL_ROW_86_1539,VPWR,li1,18.6300,247.2130,1.799949
TAP_TAPCELL_ROW_85_1538,VPWR,li1,366.3900,242.3860,1.799413
TAP_TAPCELL_ROW_85_1537,VPWR,li1,340.6300,242.3860,1.799600
TAP_TAPCELL_ROW_85_1536,VPWR,li1,314.8700,242.3860,1.799750
TAP_TAPCELL_ROW_85_1535,VPWR,li1,289.1100,242.3860,1.799682
TAP_TAPCELL_ROW_85_1534,VPWR,li1,263.3500,242.3860,1.799633
TAP_TAPCELL_ROW_85_1533,VPWR,li1,237.5900,242.3860,1.799625
TAP_TAPCELL_ROW_85_1532,VPWR,li1,211.8300,242.3860,1.799675
TAP_TAPCELL_ROW_85_1531,VPWR,li1,186.0700,242.3860,1.799762
TAP_TAPCELL_ROW_85_1530,VPWR,li1,160.3100,242.3860,1.799717
TAP_TAPCELL_ROW_85_1529,VPWR,li1,134.5500,242.3860,1.799587
TAP_TAPCELL_ROW_85_1528,VPWR,li1,108.7900,242.3860,1.799540
TAP_TAPCELL_ROW_85_1527,VPWR,li1,83.0300,242.3860,1.799597
TAP_TAPCELL_ROW_85_1526,VPWR,li1,57.2700,242.3860,1.799724
TAP_TAPCELL_ROW_85_1525,VPWR,li1,31.5100,242.3860,1.799875
TAP_TAPCELL_ROW_84_1524,VPWR,li1,379.2700,241.7730,1.799405
TAP_TAPCELL_ROW_84_1523,VPWR,li1,353.5100,241.7730,1.799460
TAP_TAPCELL_ROW_84_1522,VPWR,li1,327.7500,241.7730,1.799792
TAP_TAPCELL_ROW_84_1521,VPWR,li1,301.9900,241.7730,1.799715
TAP_TAPCELL_ROW_84_1520,VPWR,li1,276.2300,241.7730,1.799649
TAP_TAPCELL_ROW_84_1519,VPWR,li1,250.4700,241.7730,1.799624
TAP_TAPCELL_ROW_84_1518,VPWR,li1,224.7100,241.7730,1.799644
TAP_TAPCELL_ROW_84_1517,VPWR,li1,198.9500,241.7730,1.799713
TAP_TAPCELL_ROW_84_1516,VPWR,li1,173.1900,241.7730,1.799816
TAP_TAPCELL_ROW_84_1515,VPWR,li1,147.4300,241.7730,1.799632
TAP_TAPCELL_ROW_84_1514,VPWR,li1,121.6700,241.7730,1.799557
TAP_TAPCELL_ROW_84_1513,VPWR,li1,95.9100,241.7730,1.799553
TAP_TAPCELL_ROW_84_1512,VPWR,li1,70.1500,241.7730,1.799662
TAP_TAPCELL_ROW_84_1511,VPWR,li1,44.3900,241.7730,1.799793
TAP_TAPCELL_ROW_84_1510,VPWR,li1,18.6300,241.7730,1.799935
TAP_TAPCELL_ROW_83_1509,VPWR,li1,366.3900,236.9460,1.799471
TAP_TAPCELL_ROW_83_1508,VPWR,li1,340.6300,236.9460,1.799652
TAP_TAPCELL_ROW_83_1507,VPWR,li1,314.8700,236.9460,1.799653
TAP_TAPCELL_ROW_83_1506,VPWR,li1,289.1100,236.9460,1.799504
TAP_TAPCELL_ROW_83_1505,VPWR,li1,263.3500,236.9460,1.799470
TAP_TAPCELL_ROW_83_1504,VPWR,li1,237.5900,236.9460,1.799538
TAP_TAPCELL_ROW_83_1503,VPWR,li1,211.8300,236.9460,1.799641
TAP_TAPCELL_ROW_83_1502,VPWR,li1,186.0700,236.9460,1.799801
TAP_TAPCELL_ROW_83_1501,VPWR,li1,160.3100,236.9460,1.799793
TAP_TAPCELL_ROW_83_1500,VPWR,li1,134.5500,236.9460,1.799677
TAP_TAPCELL_ROW_83_1499,VPWR,li1,108.7900,236.9460,1.799632
TAP_TAPCELL_ROW_83_1498,VPWR,li1,83.0300,236.9460,1.799693
TAP_TAPCELL_ROW_83_1497,VPWR,li1,57.2700,236.9460,1.799787
TAP_TAPCELL_ROW_83_1496,VPWR,li1,31.5100,236.9460,1.799909
TAP_TAPCELL_ROW_82_1495,VPWR,li1,379.2700,236.3330,1.799433
TAP_TAPCELL_ROW_82_1494,VPWR,li1,353.5100,236.3330,1.799561
TAP_TAPCELL_ROW_82_1493,VPWR,li1,327.7500,236.3330,1.799747
TAP_TAPCELL_ROW_82_1492,VPWR,li1,301.9900,236.3330,1.799576
TAP_TAPCELL_ROW_82_1491,VPWR,li1,276.2300,236.3330,1.799452
TAP_TAPCELL_ROW_82_1490,VPWR,li1,250.4700,236.3330,1.799498
TAP_TAPCELL_ROW_82_1489,VPWR,li1,224.7100,236.3330,1.799589
TAP_TAPCELL_ROW_82_1488,VPWR,li1,198.9500,236.3330,1.799715
TAP_TAPCELL_ROW_82_1487,VPWR,li1,173.1900,236.3330,1.799858
TAP_TAPCELL_ROW_82_1486,VPWR,li1,147.4300,236.3330,1.799734
TAP_TAPCELL_ROW_82_1485,VPWR,li1,121.6700,236.3330,1.799632
TAP_TAPCELL_ROW_82_1484,VPWR,li1,95.9100,236.3330,1.799648
TAP_TAPCELL_ROW_82_1483,VPWR,li1,70.1500,236.3330,1.799734
TAP_TAPCELL_ROW_82_1482,VPWR,li1,44.3900,236.3330,1.799841
TAP_TAPCELL_ROW_82_1481,VPWR,li1,18.6300,236.3330,1.799952
TAP_TAPCELL_ROW_81_1480,VPWR,li1,366.3900,231.5060,1.799653
TAP_TAPCELL_ROW_81_1479,VPWR,li1,340.6300,231.5060,1.799747
TAP_TAPCELL_ROW_81_1478,VPWR,li1,314.8700,231.5060,1.799756
TAP_TAPCELL_ROW_81_1477,VPWR,li1,289.1100,231.5060,1.799655
TAP_TAPCELL_ROW_81_1476,VPWR,li1,263.3500,231.5060,1.799599
TAP_TAPCELL_ROW_81_1475,VPWR,li1,237.5900,231.5060,1.799595
TAP_TAPCELL_ROW_81_1474,VPWR,li1,211.8300,231.5060,1.799650
TAP_TAPCELL_ROW_81_1473,VPWR,li1,186.0700,231.5060,1.799833
TAP_TAPCELL_ROW_81_1472,VPWR,li1,160.3100,231.5060,1.799858
TAP_TAPCELL_ROW_81_1471,VPWR,li1,134.5500,231.5060,1.799804
TAP_TAPCELL_ROW_81_1470,VPWR,li1,108.7900,231.5060,1.799766
TAP_TAPCELL_ROW_81_1469,VPWR,li1,83.0300,231.5060,1.799794
TAP_TAPCELL_ROW_81_1468,VPWR,li1,57.2700,231.5060,1.799845
TAP_TAPCELL_ROW_81_1467,VPWR,li1,31.5100,231.5060,1.799924
TAP_TAPCELL_ROW_80_1466,VPWR,li1,379.2700,230.8930,1.799635
TAP_TAPCELL_ROW_80_1465,VPWR,li1,353.5100,230.8930,1.799688
TAP_TAPCELL_ROW_80_1464,VPWR,li1,327.7500,230.8930,1.799839
TAP_TAPCELL_ROW_80_1463,VPWR,li1,301.9900,230.8930,1.799698
TAP_TAPCELL_ROW_80_1462,VPWR,li1,276.2300,230.8930,1.799619
TAP_TAPCELL_ROW_80_1461,VPWR,li1,250.4700,230.8930,1.799592
TAP_TAPCELL_ROW_80_1460,VPWR,li1,224.7100,230.8930,1.799606
TAP_TAPCELL_ROW_80_1459,VPWR,li1,198.9500,230.8930,1.799734
TAP_TAPCELL_ROW_80_1458,VPWR,li1,173.1900,230.8930,1.799891
TAP_TAPCELL_ROW_80_1457,VPWR,li1,147.4300,230.8930,1.799830
TAP_TAPCELL_ROW_80_1456,VPWR,li1,121.6700,230.8930,1.799783
TAP_TAPCELL_ROW_80_1455,VPWR,li1,95.9100,230.8930,1.799778
TAP_TAPCELL_ROW_80_1454,VPWR,li1,70.1500,230.8930,1.799818
TAP_TAPCELL_ROW_80_1453,VPWR,li1,44.3900,230.8930,1.799879
TAP_TAPCELL_ROW_80_1452,VPWR,li1,18.6300,230.8930,1.799960
TAP_TAPCELL_ROW_79_1451,VPWR,li1,366.3900,226.0660,1.799652
TAP_TAPCELL_ROW_79_1450,VPWR,li1,340.6300,226.0660,1.799772
TAP_TAPCELL_ROW_79_1449,VPWR,li1,314.8700,226.0660,1.799762
TAP_TAPCELL_ROW_79_1448,VPWR,li1,289.1100,226.0660,1.799670
TAP_TAPCELL_ROW_79_1447,VPWR,li1,263.3500,226.0660,1.799635
TAP_TAPCELL_ROW_79_1446,VPWR,li1,237.5900,226.0660,1.799630
TAP_TAPCELL_ROW_79_1445,VPWR,li1,211.8300,226.0660,1.799687
TAP_TAPCELL_ROW_79_1444,VPWR,li1,186.0700,226.0660,1.799808
TAP_TAPCELL_ROW_79_1443,VPWR,li1,160.3100,226.0660,1.799802
TAP_TAPCELL_ROW_79_1442,VPWR,li1,134.5500,226.0660,1.799713
TAP_TAPCELL_ROW_79_1441,VPWR,li1,108.7900,226.0660,1.799675
TAP_TAPCELL_ROW_79_1440,VPWR,li1,83.0300,226.0660,1.799728
TAP_TAPCELL_ROW_79_1439,VPWR,li1,57.2700,226.0660,1.799808
TAP_TAPCELL_ROW_79_1438,VPWR,li1,31.5100,226.0660,1.799913
TAP_TAPCELL_ROW_78_1437,VPWR,li1,379.2700,225.4530,1.799618
TAP_TAPCELL_ROW_78_1436,VPWR,li1,353.5100,225.4530,1.799707
TAP_TAPCELL_ROW_78_1435,VPWR,li1,327.7500,225.4530,1.799839
TAP_TAPCELL_ROW_78_1434,VPWR,li1,301.9900,225.4530,1.799712
TAP_TAPCELL_ROW_78_1433,VPWR,li1,276.2300,225.4530,1.799644
TAP_TAPCELL_ROW_78_1432,VPWR,li1,250.4700,225.4530,1.799630
TAP_TAPCELL_ROW_78_1431,VPWR,li1,224.7100,225.4530,1.799653
TAP_TAPCELL_ROW_78_1430,VPWR,li1,198.9500,225.4530,1.799743
TAP_TAPCELL_ROW_78_1429,VPWR,li1,173.1900,225.4530,1.799861
TAP_TAPCELL_ROW_78_1428,VPWR,li1,147.4300,225.4530,1.799747
TAP_TAPCELL_ROW_78_1427,VPWR,li1,121.6700,225.4530,1.799681
TAP_TAPCELL_ROW_78_1426,VPWR,li1,95.9100,225.4530,1.799697
TAP_TAPCELL_ROW_78_1425,VPWR,li1,70.1500,225.4530,1.799766
TAP_TAPCELL_ROW_78_1424,VPWR,li1,44.3900,225.4530,1.799854
TAP_TAPCELL_ROW_78_1423,VPWR,li1,18.6300,225.4530,1.799952
TAP_TAPCELL_ROW_77_1422,VPWR,li1,366.3900,220.6260,1.799801
TAP_TAPCELL_ROW_77_1421,VPWR,li1,340.6300,220.6260,1.799869
TAP_TAPCELL_ROW_77_1420,VPWR,li1,314.8700,220.6260,1.799853
TAP_TAPCELL_ROW_77_1419,VPWR,li1,289.1100,220.6260,1.799776
TAP_TAPCELL_ROW_77_1418,VPWR,li1,263.3500,220.6260,1.799735
TAP_TAPCELL_ROW_77_1417,VPWR,li1,237.5900,220.6260,1.799713
TAP_TAPCELL_ROW_77_1416,VPWR,li1,211.8300,220.6260,1.799742
TAP_TAPCELL_ROW_77_1415,VPWR,li1,186.0700,220.6260,1.799827
TAP_TAPCELL_ROW_77_1414,VPWR,li1,160.3100,220.6260,1.799812
TAP_TAPCELL_ROW_77_1413,VPWR,li1,134.5500,220.6260,1.799733
TAP_TAPCELL_ROW_77_1412,VPWR,li1,108.7900,220.6260,1.799707
TAP_TAPCELL_ROW_77_1411,VPWR,li1,83.0300,220.6260,1.799729
TAP_TAPCELL_ROW_77_1410,VPWR,li1,57.2700,220.6260,1.799794
TAP_TAPCELL_ROW_77_1409,VPWR,li1,31.5100,220.6260,1.799902
TAP_TAPCELL_ROW_76_1408,VPWR,li1,379.2700,220.0130,1.799786
TAP_TAPCELL_ROW_76_1407,VPWR,li1,353.5100,220.0130,1.799829
TAP_TAPCELL_ROW_76_1406,VPWR,li1,327.7500,220.0130,1.799900
TAP_TAPCELL_ROW_76_1405,VPWR,li1,301.9900,220.0130,1.799809
TAP_TAPCELL_ROW_76_1404,VPWR,li1,276.2300,220.0130,1.799749
TAP_TAPCELL_ROW_76_1403,VPWR,li1,250.4700,220.0130,1.799720
TAP_TAPCELL_ROW_76_1402,VPWR,li1,224.7100,220.0130,1.799722
TAP_TAPCELL_ROW_76_1401,VPWR,li1,198.9500,220.0130,1.799781
TAP_TAPCELL_ROW_76_1400,VPWR,li1,173.1900,220.0130,1.799875
TAP_TAPCELL_ROW_76_1399,VPWR,li1,147.4300,220.0130,1.799762
TAP_TAPCELL_ROW_76_1398,VPWR,li1,121.6700,220.0130,1.799714
TAP_TAPCELL_ROW_76_1397,VPWR,li1,95.9100,220.0130,1.799717
TAP_TAPCELL_ROW_76_1396,VPWR,li1,70.1500,220.0130,1.799753
TAP_TAPCELL_ROW_76_1395,VPWR,li1,44.3900,220.0130,1.799844
TAP_TAPCELL_ROW_76_1394,VPWR,li1,18.6300,220.0130,1.799950
TAP_TAPCELL_ROW_75_1393,VPWR,li1,366.3900,215.1860,1.799818
TAP_TAPCELL_ROW_75_1392,VPWR,li1,340.6300,215.1860,1.799882
TAP_TAPCELL_ROW_75_1391,VPWR,li1,314.8700,215.1860,1.799894
TAP_TAPCELL_ROW_75_1390,VPWR,li1,289.1100,215.1860,1.799840
TAP_TAPCELL_ROW_75_1389,VPWR,li1,263.3500,215.1860,1.799809
TAP_TAPCELL_ROW_75_1388,VPWR,li1,237.5900,215.1860,1.799805
TAP_TAPCELL_ROW_75_1387,VPWR,li1,211.8300,215.1860,1.799838
TAP_TAPCELL_ROW_75_1386,VPWR,li1,186.0700,215.1860,1.799893
TAP_TAPCELL_ROW_75_1385,VPWR,li1,160.3100,215.1860,1.799878
TAP_TAPCELL_ROW_75_1384,VPWR,li1,134.5500,215.1860,1.799825
TAP_TAPCELL_ROW_75_1383,VPWR,li1,108.7900,215.1860,1.799800
TAP_TAPCELL_ROW_75_1382,VPWR,li1,83.0300,215.1860,1.799812
TAP_TAPCELL_ROW_75_1381,VPWR,li1,57.2700,215.1860,1.799862
TAP_TAPCELL_ROW_75_1380,VPWR,li1,31.5100,215.1860,1.799934
TAP_TAPCELL_ROW_74_1379,VPWR,li1,379.2700,214.5730,1.799793
TAP_TAPCELL_ROW_74_1378,VPWR,li1,353.5100,214.5730,1.799844
TAP_TAPCELL_ROW_74_1377,VPWR,li1,327.7500,214.5730,1.799929
TAP_TAPCELL_ROW_74_1376,VPWR,li1,301.9900,214.5730,1.799865
TAP_TAPCELL_ROW_74_1375,VPWR,li1,276.2300,214.5730,1.799821
TAP_TAPCELL_ROW_74_1374,VPWR,li1,250.4700,214.5730,1.799806
TAP_TAPCELL_ROW_74_1373,VPWR,li1,224.7100,214.5730,1.799816
TAP_TAPCELL_ROW_74_1372,VPWR,li1,198.9500,214.5730,1.799864
TAP_TAPCELL_ROW_74_1371,VPWR,li1,173.1900,214.5730,1.799923
TAP_TAPCELL_ROW_74_1370,VPWR,li1,147.4300,214.5730,1.799845
TAP_TAPCELL_ROW_74_1369,VPWR,li1,121.6700,214.5730,1.799808
TAP_TAPCELL_ROW_74_1368,VPWR,li1,95.9100,214.5730,1.799802
TAP_TAPCELL_ROW_74_1367,VPWR,li1,70.1500,214.5730,1.799835
TAP_TAPCELL_ROW_74_1366,VPWR,li1,44.3900,214.5730,1.799896
TAP_TAPCELL_ROW_74_1365,VPWR,li1,18.6300,214.5730,1.799964
TAP_TAPCELL_ROW_73_1364,VPWR,li1,366.3900,209.7460,1.799870
TAP_TAPCELL_ROW_73_1363,VPWR,li1,340.6300,209.7460,1.799928
TAP_TAPCELL_ROW_73_1362,VPWR,li1,314.8700,209.7460,1.799917
TAP_TAPCELL_ROW_73_1361,VPWR,li1,289.1100,209.7460,1.799880
TAP_TAPCELL_ROW_73_1360,VPWR,li1,263.3500,209.7460,1.799857
TAP_TAPCELL_ROW_73_1359,VPWR,li1,237.5900,209.7460,1.799862
TAP_TAPCELL_ROW_73_1358,VPWR,li1,211.8300,209.7460,1.799885
TAP_TAPCELL_ROW_73_1357,VPWR,li1,186.0700,209.7460,1.799931
TAP_TAPCELL_ROW_73_1356,VPWR,li1,160.3100,209.7460,1.799918
TAP_TAPCELL_ROW_73_1355,VPWR,li1,134.5500,209.7460,1.799876
TAP_TAPCELL_ROW_73_1354,VPWR,li1,108.7900,209.7460,1.799861
TAP_TAPCELL_ROW_73_1353,VPWR,li1,83.0300,209.7460,1.799876
TAP_TAPCELL_ROW_73_1352,VPWR,li1,57.2700,209.7460,1.799908
TAP_TAPCELL_ROW_73_1351,VPWR,li1,31.5100,209.7460,1.799959
TAP_TAPCELL_ROW_72_1350,VPWR,li1,379.2700,209.1330,1.799845
TAP_TAPCELL_ROW_72_1349,VPWR,li1,353.5100,209.1330,1.799896
TAP_TAPCELL_ROW_72_1348,VPWR,li1,327.7500,209.1330,1.799945
TAP_TAPCELL_ROW_72_1347,VPWR,li1,301.9900,209.1330,1.799896
TAP_TAPCELL_ROW_72_1346,VPWR,li1,276.2300,209.1330,1.799864
TAP_TAPCELL_ROW_72_1345,VPWR,li1,250.4700,209.1330,1.799857
TAP_TAPCELL_ROW_72_1344,VPWR,li1,224.7100,209.1330,1.799870
TAP_TAPCELL_ROW_72_1343,VPWR,li1,198.9500,209.1330,1.799907
TAP_TAPCELL_ROW_72_1342,VPWR,li1,173.1900,209.1330,1.799947
TAP_TAPCELL_ROW_72_1341,VPWR,li1,147.4300,209.1330,1.799892
TAP_TAPCELL_ROW_72_1340,VPWR,li1,121.6700,209.1330,1.799865
TAP_TAPCELL_ROW_72_1339,VPWR,li1,95.9100,209.1330,1.799864
TAP_TAPCELL_ROW_72_1338,VPWR,li1,70.1500,209.1330,1.799888
TAP_TAPCELL_ROW_72_1337,VPWR,li1,44.3900,209.1330,1.799930
TAP_TAPCELL_ROW_72_1336,VPWR,li1,18.6300,209.1330,1.799978
TAP_TAPCELL_ROW_71_1335,VPWR,li1,366.3900,204.3060,1.799916
TAP_TAPCELL_ROW_71_1334,VPWR,li1,340.6300,204.3060,1.799952
TAP_TAPCELL_ROW_71_1333,VPWR,li1,314.8700,204.3060,1.799949
TAP_TAPCELL_ROW_71_1332,VPWR,li1,289.1100,204.3060,1.799911
TAP_TAPCELL_ROW_71_1331,VPWR,li1,263.3500,204.3060,1.799895
TAP_TAPCELL_ROW_71_1330,VPWR,li1,237.5900,204.3060,1.799898
TAP_TAPCELL_ROW_71_1329,VPWR,li1,211.8300,204.3060,1.799911
TAP_TAPCELL_ROW_71_1328,VPWR,li1,186.0700,204.3060,1.799940
TAP_TAPCELL_ROW_71_1327,VPWR,li1,160.3100,204.3060,1.799925
TAP_TAPCELL_ROW_71_1326,VPWR,li1,134.5500,204.3060,1.799889
TAP_TAPCELL_ROW_71_1325,VPWR,li1,108.7900,204.3060,1.799872
TAP_TAPCELL_ROW_71_1324,VPWR,li1,83.0300,204.3060,1.799879
TAP_TAPCELL_ROW_71_1323,VPWR,li1,57.2700,204.3060,1.799906
TAP_TAPCELL_ROW_71_1322,VPWR,li1,31.5100,204.3060,1.799955
TAP_TAPCELL_ROW_70_1321,VPWR,li1,379.2700,203.6930,1.799898
TAP_TAPCELL_ROW_70_1320,VPWR,li1,353.5100,203.6930,1.799934
TAP_TAPCELL_ROW_70_1319,VPWR,li1,327.7500,203.6930,1.799970
TAP_TAPCELL_ROW_70_1318,VPWR,li1,301.9900,203.6930,1.799927
TAP_TAPCELL_ROW_70_1317,VPWR,li1,276.2300,203.6930,1.799900
TAP_TAPCELL_ROW_70_1316,VPWR,li1,250.4700,203.6930,1.799895
TAP_TAPCELL_ROW_70_1315,VPWR,li1,224.7100,203.6930,1.799902
TAP_TAPCELL_ROW_70_1314,VPWR,li1,198.9500,203.6930,1.799924
TAP_TAPCELL_ROW_70_1313,VPWR,li1,173.1900,203.6930,1.799949
TAP_TAPCELL_ROW_70_1312,VPWR,li1,147.4300,203.6930,1.799905
TAP_TAPCELL_ROW_70_1311,VPWR,li1,121.6700,203.6930,1.799878
TAP_TAPCELL_ROW_70_1310,VPWR,li1,95.9100,203.6930,1.799873
TAP_TAPCELL_ROW_70_1309,VPWR,li1,70.1500,203.6930,1.799892
TAP_TAPCELL_ROW_70_1308,VPWR,li1,44.3900,203.6930,1.799927
TAP_TAPCELL_ROW_70_1307,VPWR,li1,18.6300,203.6930,1.799976
TAP_TAPCELL_ROW_69_1306,VPWR,li1,366.3900,198.8660,1.799880
TAP_TAPCELL_ROW_69_1305,VPWR,li1,340.6300,198.8660,1.799911
TAP_TAPCELL_ROW_69_1304,VPWR,li1,314.8700,198.8660,1.799847
TAP_TAPCELL_ROW_69_1303,VPWR,li1,289.1100,198.8660,1.799687
TAP_TAPCELL_ROW_69_1302,VPWR,li1,263.3500,198.8660,1.799542
TAP_TAPCELL_ROW_69_1301,VPWR,li1,237.5900,198.8660,1.799587
TAP_TAPCELL_ROW_69_1300,VPWR,li1,211.8300,198.8660,1.799714
TAP_TAPCELL_ROW_69_1299,VPWR,li1,186.0700,198.8660,1.799857
TAP_TAPCELL_ROW_69_1298,VPWR,li1,160.3100,198.8660,1.799905
TAP_TAPCELL_ROW_69_1297,VPWR,li1,134.5500,198.8660,1.799894
TAP_TAPCELL_ROW_69_1296,VPWR,li1,108.7900,198.8660,1.799902
TAP_TAPCELL_ROW_69_1295,VPWR,li1,83.0300,198.8660,1.799917
TAP_TAPCELL_ROW_69_1294,VPWR,li1,57.2700,198.8660,1.799939
TAP_TAPCELL_ROW_69_1293,VPWR,li1,31.5100,198.8660,1.799972
TAP_TAPCELL_ROW_68_1292,VPWR,li1,379.2700,198.2530,1.799865
TAP_TAPCELL_ROW_68_1291,VPWR,li1,353.5100,198.2530,1.799896
TAP_TAPCELL_ROW_68_1290,VPWR,li1,327.7500,198.2530,1.799926
TAP_TAPCELL_ROW_68_1289,VPWR,li1,301.9900,198.2530,1.799762
TAP_TAPCELL_ROW_68_1288,VPWR,li1,276.2300,198.2530,1.799610
TAP_TAPCELL_ROW_68_1287,VPWR,li1,250.4700,198.2530,1.799515
TAP_TAPCELL_ROW_68_1286,VPWR,li1,224.7100,198.2530,1.799646
TAP_TAPCELL_ROW_68_1285,VPWR,li1,198.9500,198.2530,1.799792
TAP_TAPCELL_ROW_68_1284,VPWR,li1,173.1900,198.2530,1.799921
TAP_TAPCELL_ROW_68_1283,VPWR,li1,147.4300,198.2530,1.799898
TAP_TAPCELL_ROW_68_1282,VPWR,li1,121.6700,198.2530,1.799896
TAP_TAPCELL_ROW_68_1281,VPWR,li1,95.9100,198.2530,1.799908
TAP_TAPCELL_ROW_68_1280,VPWR,li1,70.1500,198.2530,1.799926
TAP_TAPCELL_ROW_68_1279,VPWR,li1,44.3900,198.2530,1.799956
TAP_TAPCELL_ROW_68_1278,VPWR,li1,18.6300,198.2530,1.799984
TAP_TAPCELL_ROW_67_1277,VPWR,li1,366.3900,193.4260,1.799926
TAP_TAPCELL_ROW_67_1276,VPWR,li1,340.6300,193.4260,1.799955
TAP_TAPCELL_ROW_67_1275,VPWR,li1,314.8700,193.4260,1.799940
TAP_TAPCELL_ROW_67_1274,VPWR,li1,289.1100,193.4260,1.799890
TAP_TAPCELL_ROW_67_1273,VPWR,li1,263.3500,193.4260,1.799860
TAP_TAPCELL_ROW_67_1272,VPWR,li1,237.5900,193.4260,1.799851
TAP_TAPCELL_ROW_67_1271,VPWR,li1,211.8300,193.4260,1.799868
TAP_TAPCELL_ROW_67_1270,VPWR,li1,186.0700,193.4260,1.799917
TAP_TAPCELL_ROW_67_1269,VPWR,li1,160.3100,193.4260,1.799917
TAP_TAPCELL_ROW_67_1268,VPWR,li1,134.5500,193.4260,1.799890
TAP_TAPCELL_ROW_67_1267,VPWR,li1,108.7900,193.4260,1.799873
TAP_TAPCELL_ROW_67_1266,VPWR,li1,83.0300,193.4260,1.799873
TAP_TAPCELL_ROW_67_1265,VPWR,li1,57.2700,193.4260,1.799896
TAP_TAPCELL_ROW_67_1264,VPWR,li1,31.5100,193.4260,1.799950
TAP_TAPCELL_ROW_66_1263,VPWR,li1,379.2700,192.8130,1.799920
TAP_TAPCELL_ROW_66_1262,VPWR,li1,353.5100,192.8130,1.799940
TAP_TAPCELL_ROW_66_1261,VPWR,li1,327.7500,192.8130,1.799964
TAP_TAPCELL_ROW_66_1260,VPWR,li1,301.9900,192.8130,1.799913
TAP_TAPCELL_ROW_66_1259,VPWR,li1,276.2300,192.8130,1.799874
TAP_TAPCELL_ROW_66_1258,VPWR,li1,250.4700,192.8130,1.799853
TAP_TAPCELL_ROW_66_1257,VPWR,li1,224.7100,192.8130,1.799855
TAP_TAPCELL_ROW_66_1256,VPWR,li1,198.9500,192.8130,1.799889
TAP_TAPCELL_ROW_66_1255,VPWR,li1,173.1900,192.8130,1.799943
TAP_TAPCELL_ROW_66_1254,VPWR,li1,147.4300,192.8130,1.799901
TAP_TAPCELL_ROW_66_1253,VPWR,li1,121.6700,192.8130,1.799880
TAP_TAPCELL_ROW_66_1252,VPWR,li1,95.9100,192.8130,1.799872
TAP_TAPCELL_ROW_66_1251,VPWR,li1,70.1500,192.8130,1.799879
TAP_TAPCELL_ROW_66_1250,VPWR,li1,44.3900,192.8130,1.799918
TAP_TAPCELL_ROW_66_1249,VPWR,li1,18.6300,192.8130,1.799973
TAP_TAPCELL_ROW_65_1248,VPWR,li1,366.3900,187.9860,1.799877
TAP_TAPCELL_ROW_65_1247,VPWR,li1,340.6300,187.9860,1.799929
TAP_TAPCELL_ROW_65_1246,VPWR,li1,314.8700,187.9860,1.799921
TAP_TAPCELL_ROW_65_1245,VPWR,li1,289.1100,187.9860,1.799887
TAP_TAPCELL_ROW_65_1244,VPWR,li1,263.3500,187.9860,1.799878
TAP_TAPCELL_ROW_65_1243,VPWR,li1,237.5900,187.9860,1.799885
TAP_TAPCELL_ROW_65_1242,VPWR,li1,211.8300,187.9860,1.799900
TAP_TAPCELL_ROW_65_1241,VPWR,li1,186.0700,187.9860,1.799923
TAP_TAPCELL_ROW_65_1240,VPWR,li1,160.3100,187.9860,1.799904
TAP_TAPCELL_ROW_65_1239,VPWR,li1,134.5500,187.9860,1.799870
TAP_TAPCELL_ROW_65_1238,VPWR,li1,108.7900,187.9860,1.799868
TAP_TAPCELL_ROW_65_1237,VPWR,li1,83.0300,187.9860,1.799889
TAP_TAPCELL_ROW_65_1236,VPWR,li1,57.2700,187.9860,1.799921
TAP_TAPCELL_ROW_65_1235,VPWR,li1,31.5100,187.9860,1.799963
TAP_TAPCELL_ROW_64_1234,VPWR,li1,379.2700,187.3730,1.799862
TAP_TAPCELL_ROW_64_1233,VPWR,li1,353.5100,187.3730,1.799903
TAP_TAPCELL_ROW_64_1232,VPWR,li1,327.7500,187.3730,1.799949
TAP_TAPCELL_ROW_64_1231,VPWR,li1,301.9900,187.3730,1.799902
TAP_TAPCELL_ROW_64_1230,VPWR,li1,276.2300,187.3730,1.799879
TAP_TAPCELL_ROW_64_1229,VPWR,li1,250.4700,187.3730,1.799879
TAP_TAPCELL_ROW_64_1228,VPWR,li1,224.7100,187.3730,1.799892
TAP_TAPCELL_ROW_64_1227,VPWR,li1,198.9500,187.3730,1.799911
TAP_TAPCELL_ROW_64_1226,VPWR,li1,173.1900,187.3730,1.799940
TAP_TAPCELL_ROW_64_1225,VPWR,li1,147.4300,187.3730,1.799880
TAP_TAPCELL_ROW_64_1224,VPWR,li1,121.6700,187.3730,1.799865
TAP_TAPCELL_ROW_64_1223,VPWR,li1,95.9100,187.3730,1.799876
TAP_TAPCELL_ROW_64_1222,VPWR,li1,70.1500,187.3730,1.799904
TAP_TAPCELL_ROW_64_1221,VPWR,li1,44.3900,187.3730,1.799941
TAP_TAPCELL_ROW_64_1220,VPWR,li1,18.6300,187.3730,1.799980
TAP_TAPCELL_ROW_63_1219,VPWR,li1,366.3900,182.5460,1.799857
TAP_TAPCELL_ROW_63_1218,VPWR,li1,340.6300,182.5460,1.799903
TAP_TAPCELL_ROW_63_1217,VPWR,li1,314.8700,182.5460,1.799875
TAP_TAPCELL_ROW_63_1216,VPWR,li1,289.1100,182.5460,1.799798
TAP_TAPCELL_ROW_63_1215,VPWR,li1,263.3500,182.5460,1.799756
TAP_TAPCELL_ROW_63_1214,VPWR,li1,237.5900,182.5460,1.799743
TAP_TAPCELL_ROW_63_1213,VPWR,li1,211.8300,182.5460,1.799777
TAP_TAPCELL_ROW_63_1212,VPWR,li1,186.0700,182.5460,1.799862
TAP_TAPCELL_ROW_63_1211,VPWR,li1,160.3100,182.5460,1.799878
TAP_TAPCELL_ROW_63_1210,VPWR,li1,134.5500,182.5460,1.799850
TAP_TAPCELL_ROW_63_1209,VPWR,li1,108.7900,182.5460,1.799836
TAP_TAPCELL_ROW_63_1208,VPWR,li1,83.0300,182.5460,1.799846
TAP_TAPCELL_ROW_63_1207,VPWR,li1,57.2700,182.5460,1.799887
TAP_TAPCELL_ROW_63_1206,VPWR,li1,31.5100,182.5460,1.799948
TAP_TAPCELL_ROW_62_1205,VPWR,li1,379.2700,181.9330,1.799846
TAP_TAPCELL_ROW_62_1204,VPWR,li1,353.5100,181.9330,1.799879
TAP_TAPCELL_ROW_62_1203,VPWR,li1,327.7500,181.9330,1.799921
TAP_TAPCELL_ROW_62_1202,VPWR,li1,301.9900,181.9330,1.799835
TAP_TAPCELL_ROW_62_1201,VPWR,li1,276.2300,181.9330,1.799769
TAP_TAPCELL_ROW_62_1200,VPWR,li1,250.4700,181.9330,1.799748
TAP_TAPCELL_ROW_62_1199,VPWR,li1,224.7100,181.9330,1.799752
TAP_TAPCELL_ROW_62_1198,VPWR,li1,198.9500,181.9330,1.799818
TAP_TAPCELL_ROW_62_1197,VPWR,li1,173.1900,181.9330,1.799914
TAP_TAPCELL_ROW_62_1196,VPWR,li1,147.4300,181.9330,1.799860
TAP_TAPCELL_ROW_62_1195,VPWR,li1,121.6700,181.9330,1.799840
TAP_TAPCELL_ROW_62_1194,VPWR,li1,95.9100,181.9330,1.799836
TAP_TAPCELL_ROW_62_1193,VPWR,li1,70.1500,181.9330,1.799862
TAP_TAPCELL_ROW_62_1192,VPWR,li1,44.3900,181.9330,1.799911
TAP_TAPCELL_ROW_62_1191,VPWR,li1,18.6300,181.9330,1.799972
TAP_TAPCELL_ROW_61_1190,VPWR,li1,366.3900,177.1060,1.799845
TAP_TAPCELL_ROW_61_1189,VPWR,li1,340.6300,177.1060,1.799898
TAP_TAPCELL_ROW_61_1188,VPWR,li1,314.8700,177.1060,1.799886
TAP_TAPCELL_ROW_61_1187,VPWR,li1,289.1100,177.1060,1.799829
TAP_TAPCELL_ROW_61_1186,VPWR,li1,263.3500,177.1060,1.799790
TAP_TAPCELL_ROW_61_1185,VPWR,li1,237.5900,177.1060,1.799758
TAP_TAPCELL_ROW_61_1184,VPWR,li1,211.8300,177.1060,1.799761
TAP_TAPCELL_ROW_61_1183,VPWR,li1,186.0700,177.1060,1.799817
TAP_TAPCELL_ROW_61_1182,VPWR,li1,160.3100,177.1060,1.799764
TAP_TAPCELL_ROW_61_1181,VPWR,li1,134.5500,177.1060,1.799677
TAP_TAPCELL_ROW_61_1180,VPWR,li1,108.7900,177.1060,1.799631
TAP_TAPCELL_ROW_61_1179,VPWR,li1,83.0300,177.1060,1.799676
TAP_TAPCELL_ROW_61_1178,VPWR,li1,57.2700,177.1060,1.799763
TAP_TAPCELL_ROW_61_1177,VPWR,li1,31.5100,177.1060,1.799896
TAP_TAPCELL_ROW_60_1176,VPWR,li1,379.2700,176.4930,1.799833
TAP_TAPCELL_ROW_60_1175,VPWR,li1,353.5100,176.4930,1.799868
TAP_TAPCELL_ROW_60_1174,VPWR,li1,327.7500,176.4930,1.799932
TAP_TAPCELL_ROW_60_1173,VPWR,li1,301.9900,176.4930,1.799854
TAP_TAPCELL_ROW_60_1172,VPWR,li1,276.2300,176.4930,1.799810
TAP_TAPCELL_ROW_60_1171,VPWR,li1,250.4700,176.4930,1.799772
TAP_TAPCELL_ROW_60_1170,VPWR,li1,224.7100,176.4930,1.799753
TAP_TAPCELL_ROW_60_1169,VPWR,li1,198.9500,176.4930,1.799783
TAP_TAPCELL_ROW_60_1168,VPWR,li1,173.1900,176.4930,1.799858
TAP_TAPCELL_ROW_60_1167,VPWR,li1,147.4300,176.4930,1.799716
TAP_TAPCELL_ROW_60_1166,VPWR,li1,121.6700,176.4930,1.799646
TAP_TAPCELL_ROW_60_1165,VPWR,li1,95.9100,176.4930,1.799640
TAP_TAPCELL_ROW_60_1164,VPWR,li1,70.1500,176.4930,1.799714
TAP_TAPCELL_ROW_60_1163,VPWR,li1,44.3900,176.4930,1.799827
TAP_TAPCELL_ROW_60_1162,VPWR,li1,18.6300,176.4930,1.799945
TAP_TAPCELL_ROW_59_1161,VPWR,li1,366.3900,171.6660,1.799644
TAP_TAPCELL_ROW_59_1160,VPWR,li1,340.6300,171.6660,1.799747
TAP_TAPCELL_ROW_59_1159,VPWR,li1,314.8700,171.6660,1.799702
TAP_TAPCELL_ROW_59_1158,VPWR,li1,289.1100,171.6660,1.799573
TAP_TAPCELL_ROW_59_1157,VPWR,li1,263.3500,171.6660,1.799488
TAP_TAPCELL_ROW_59_1156,VPWR,li1,237.5900,171.6660,1.799441
TAP_TAPCELL_ROW_59_1155,VPWR,li1,211.8300,171.6660,1.799505
TAP_TAPCELL_ROW_59_1154,VPWR,li1,186.0700,171.6660,1.799689
TAP_TAPCELL_ROW_59_1153,VPWR,li1,160.3100,171.6660,1.799701
TAP_TAPCELL_ROW_59_1152,VPWR,li1,134.5500,171.6660,1.799624
TAP_TAPCELL_ROW_59_1151,VPWR,li1,108.7900,171.6660,1.799604
TAP_TAPCELL_ROW_59_1150,VPWR,li1,83.0300,171.6660,1.799655
TAP_TAPCELL_ROW_59_1149,VPWR,li1,57.2700,171.6660,1.799757
TAP_TAPCELL_ROW_59_1148,VPWR,li1,31.5100,171.6660,1.799892
TAP_TAPCELL_ROW_58_1147,VPWR,li1,379.2700,171.0530,1.799629
TAP_TAPCELL_ROW_58_1146,VPWR,li1,353.5100,171.0530,1.799684
TAP_TAPCELL_ROW_58_1145,VPWR,li1,327.7500,171.0530,1.799804
TAP_TAPCELL_ROW_58_1144,VPWR,li1,301.9900,171.0530,1.799632
TAP_TAPCELL_ROW_58_1143,VPWR,li1,276.2300,171.0530,1.799520
TAP_TAPCELL_ROW_58_1142,VPWR,li1,250.4700,171.0530,1.799461
TAP_TAPCELL_ROW_58_1141,VPWR,li1,224.7100,171.0530,1.799443
TAP_TAPCELL_ROW_58_1140,VPWR,li1,198.9500,171.0530,1.799588
TAP_TAPCELL_ROW_58_1139,VPWR,li1,173.1900,171.0530,1.799788
TAP_TAPCELL_ROW_58_1138,VPWR,li1,147.4300,171.0530,1.799655
TAP_TAPCELL_ROW_58_1137,VPWR,li1,121.6700,171.0530,1.799598
TAP_TAPCELL_ROW_58_1136,VPWR,li1,95.9100,171.0530,1.799623
TAP_TAPCELL_ROW_58_1135,VPWR,li1,70.1500,171.0530,1.799697
TAP_TAPCELL_ROW_58_1134,VPWR,li1,44.3900,171.0530,1.799817
TAP_TAPCELL_ROW_58_1133,VPWR,li1,18.6300,171.0530,1.799943
TAP_TAPCELL_ROW_57_1132,VPWR,li1,366.3900,166.2260,1.799620
TAP_TAPCELL_ROW_57_1131,VPWR,li1,340.6300,166.2260,1.799724
TAP_TAPCELL_ROW_57_1130,VPWR,li1,314.8700,166.2260,1.799666
TAP_TAPCELL_ROW_57_1129,VPWR,li1,289.1100,166.2260,1.799477
TAP_TAPCELL_ROW_57_1128,VPWR,li1,263.3500,166.2260,1.799391
TAP_TAPCELL_ROW_57_1127,VPWR,li1,237.5900,166.2260,1.799345
TAP_TAPCELL_ROW_57_1126,VPWR,li1,211.8300,166.2260,1.799386
TAP_TAPCELL_ROW_57_1125,VPWR,li1,186.0700,166.2260,1.799634
TAP_TAPCELL_ROW_57_1124,VPWR,li1,160.3100,166.2260,1.799760
TAP_TAPCELL_ROW_57_1123,VPWR,li1,134.5500,166.2260,1.799700
TAP_TAPCELL_ROW_57_1122,VPWR,li1,108.7900,166.2260,1.799676
TAP_TAPCELL_ROW_57_1121,VPWR,li1,83.0300,166.2260,1.799717
TAP_TAPCELL_ROW_57_1120,VPWR,li1,57.2700,166.2260,1.799784
TAP_TAPCELL_ROW_57_1119,VPWR,li1,31.5100,166.2260,1.799905
TAP_TAPCELL_ROW_56_1118,VPWR,li1,379.2700,165.6130,1.799603
TAP_TAPCELL_ROW_56_1117,VPWR,li1,353.5100,165.6130,1.799664
TAP_TAPCELL_ROW_56_1116,VPWR,li1,327.7500,165.6130,1.799805
TAP_TAPCELL_ROW_56_1115,VPWR,li1,301.9900,165.6130,1.799559
TAP_TAPCELL_ROW_56_1114,VPWR,li1,276.2300,165.6130,1.799418
TAP_TAPCELL_ROW_56_1113,VPWR,li1,250.4700,165.6130,1.799366
TAP_TAPCELL_ROW_56_1112,VPWR,li1,224.7100,165.6130,1.799335
TAP_TAPCELL_ROW_56_1111,VPWR,li1,198.9500,165.6130,1.799477
TAP_TAPCELL_ROW_56_1110,VPWR,li1,173.1900,165.6130,1.799800
TAP_TAPCELL_ROW_56_1109,VPWR,li1,147.4300,165.6130,1.799731
TAP_TAPCELL_ROW_56_1108,VPWR,li1,121.6700,165.6130,1.799674
TAP_TAPCELL_ROW_56_1107,VPWR,li1,95.9100,165.6130,1.799694
TAP_TAPCELL_ROW_56_1106,VPWR,li1,70.1500,165.6130,1.799746
TAP_TAPCELL_ROW_56_1105,VPWR,li1,44.3900,165.6130,1.799835
TAP_TAPCELL_ROW_56_1104,VPWR,li1,18.6300,165.6130,1.799951
TAP_TAPCELL_ROW_55_1103,VPWR,li1,366.3900,160.7860,1.799540
TAP_TAPCELL_ROW_55_1102,VPWR,li1,340.6300,160.7860,1.799682
TAP_TAPCELL_ROW_55_1101,VPWR,li1,314.8700,160.7860,1.799584
TAP_TAPCELL_ROW_55_1100,VPWR,li1,289.1100,160.7860,1.799337
TAP_TAPCELL_ROW_55_1099,VPWR,li1,263.3500,160.7860,1.799276
TAP_TAPCELL_ROW_55_1098,VPWR,li1,237.5900,160.7860,1.799342
TAP_TAPCELL_ROW_55_1097,VPWR,li1,211.8300,160.7860,1.799509
TAP_TAPCELL_ROW_55_1096,VPWR,li1,186.0700,160.7860,1.799740
TAP_TAPCELL_ROW_55_1095,VPWR,li1,160.3100,160.7860,1.799843
TAP_TAPCELL_ROW_55_1094,VPWR,li1,134.5500,160.7860,1.799821
TAP_TAPCELL_ROW_55_1093,VPWR,li1,108.7900,160.7860,1.799814
TAP_TAPCELL_ROW_55_1092,VPWR,li1,83.0300,160.7860,1.799826
TAP_TAPCELL_ROW_55_1091,VPWR,li1,57.2700,160.7860,1.799856
TAP_TAPCELL_ROW_55_1090,VPWR,li1,31.5100,160.7860,1.799931
TAP_TAPCELL_ROW_54_1089,VPWR,li1,379.2700,160.1730,1.799524
TAP_TAPCELL_ROW_54_1088,VPWR,li1,353.5100,160.1730,1.799587
TAP_TAPCELL_ROW_54_1087,VPWR,li1,327.7500,160.1730,1.799737
TAP_TAPCELL_ROW_54_1086,VPWR,li1,301.9900,160.1730,1.799435
TAP_TAPCELL_ROW_54_1085,VPWR,li1,276.2300,160.1730,1.799271
TAP_TAPCELL_ROW_54_1084,VPWR,li1,250.4700,160.1730,1.799308
TAP_TAPCELL_ROW_54_1083,VPWR,li1,224.7100,160.1730,1.799422
TAP_TAPCELL_ROW_54_1082,VPWR,li1,198.9500,160.1730,1.799632
TAP_TAPCELL_ROW_54_1081,VPWR,li1,173.1900,160.1730,1.799860
TAP_TAPCELL_ROW_54_1080,VPWR,li1,147.4300,160.1730,1.799830
TAP_TAPCELL_ROW_54_1079,VPWR,li1,121.6700,160.1730,1.799815
TAP_TAPCELL_ROW_54_1078,VPWR,li1,95.9100,160.1730,1.799817
TAP_TAPCELL_ROW_54_1077,VPWR,li1,70.1500,160.1730,1.799838
TAP_TAPCELL_ROW_54_1076,VPWR,li1,44.3900,160.1730,1.799886
TAP_TAPCELL_ROW_54_1075,VPWR,li1,18.6300,160.1730,1.799963
TAP_TAPCELL_ROW_53_1074,VPWR,li1,366.3900,155.3460,1.799704
TAP_TAPCELL_ROW_53_1073,VPWR,li1,340.6300,155.3460,1.799795
TAP_TAPCELL_ROW_53_1072,VPWR,li1,314.8700,155.3460,1.799844
TAP_TAPCELL_ROW_53_1071,VPWR,li1,289.1100,155.3460,1.799779
TAP_TAPCELL_ROW_53_1070,VPWR,li1,263.3500,155.3460,1.799744
TAP_TAPCELL_ROW_53_1069,VPWR,li1,237.5900,155.3460,1.799728
TAP_TAPCELL_ROW_53_1068,VPWR,li1,211.8300,155.3460,1.799763
TAP_TAPCELL_ROW_53_1067,VPWR,li1,186.0700,155.3460,1.799825
TAP_TAPCELL_ROW_53_1066,VPWR,li1,160.3100,155.3460,1.799698
TAP_TAPCELL_ROW_53_1065,VPWR,li1,134.5500,155.3460,1.799507
TAP_TAPCELL_ROW_53_1064,VPWR,li1,108.7900,155.3460,1.799467
TAP_TAPCELL_ROW_53_1063,VPWR,li1,83.0300,155.3460,1.799549
TAP_TAPCELL_ROW_53_1062,VPWR,li1,57.2700,155.3460,1.799691
TAP_TAPCELL_ROW_53_1061,VPWR,li1,31.5100,155.3460,1.799870
TAP_TAPCELL_ROW_52_1060,VPWR,li1,379.2700,154.7330,1.799692
TAP_TAPCELL_ROW_52_1059,VPWR,li1,353.5100,154.7330,1.799731
TAP_TAPCELL_ROW_52_1058,VPWR,li1,327.7500,154.7330,1.799878
TAP_TAPCELL_ROW_52_1057,VPWR,li1,301.9900,154.7330,1.799806
TAP_TAPCELL_ROW_52_1056,VPWR,li1,276.2300,154.7330,1.799761
TAP_TAPCELL_ROW_52_1055,VPWR,li1,250.4700,154.7330,1.799734
TAP_TAPCELL_ROW_52_1054,VPWR,li1,224.7100,154.7330,1.799739
TAP_TAPCELL_ROW_52_1053,VPWR,li1,198.9500,154.7330,1.799793
TAP_TAPCELL_ROW_52_1052,VPWR,li1,173.1900,154.7330,1.799830
TAP_TAPCELL_ROW_52_1051,VPWR,li1,147.4300,154.7330,1.799595
TAP_TAPCELL_ROW_52_1050,VPWR,li1,121.6700,154.7330,1.799455
TAP_TAPCELL_ROW_52_1049,VPWR,li1,95.9100,154.7330,1.799492
TAP_TAPCELL_ROW_52_1048,VPWR,li1,70.1500,154.7330,1.799618
TAP_TAPCELL_ROW_52_1047,VPWR,li1,44.3900,154.7330,1.799772
TAP_TAPCELL_ROW_52_1046,VPWR,li1,18.6300,154.7330,1.799932
TAP_TAPCELL_ROW_51_1045,VPWR,li1,366.3900,149.9060,1.799428
TAP_TAPCELL_ROW_51_1044,VPWR,li1,340.6300,149.9060,1.799608
TAP_TAPCELL_ROW_51_1043,VPWR,li1,314.8700,149.9060,1.799628
TAP_TAPCELL_ROW_51_1042,VPWR,li1,289.1100,149.9060,1.799426
TAP_TAPCELL_ROW_51_1041,VPWR,li1,263.3500,149.9060,1.799231
TAP_TAPCELL_ROW_51_1040,VPWR,li1,237.5900,149.9060,1.799033
TAP_TAPCELL_ROW_51_1039,VPWR,li1,211.8300,149.9060,1.799096
TAP_TAPCELL_ROW_51_1038,VPWR,li1,186.0700,149.9060,1.799437
TAP_TAPCELL_ROW_51_1037,VPWR,li1,160.3100,149.9060,1.799414
TAP_TAPCELL_ROW_51_1036,VPWR,li1,134.5500,149.9060,1.799369
TAP_TAPCELL_ROW_51_1035,VPWR,li1,108.7900,149.9060,1.799376
TAP_TAPCELL_ROW_51_1034,VPWR,li1,83.0300,149.9060,1.799465
TAP_TAPCELL_ROW_51_1033,VPWR,li1,57.2700,149.9060,1.799615
TAP_TAPCELL_ROW_51_1032,VPWR,li1,31.5100,149.9060,1.799827
TAP_TAPCELL_ROW_50_1031,VPWR,li1,379.2700,149.2930,1.799400
TAP_TAPCELL_ROW_50_1030,VPWR,li1,353.5100,149.2930,1.799479
TAP_TAPCELL_ROW_50_1029,VPWR,li1,327.7500,149.2930,1.799738
TAP_TAPCELL_ROW_50_1028,VPWR,li1,301.9900,149.2930,1.799517
TAP_TAPCELL_ROW_50_1027,VPWR,li1,276.2300,149.2930,1.799329
TAP_TAPCELL_ROW_50_1026,VPWR,li1,250.4700,149.2930,1.799134
TAP_TAPCELL_ROW_50_1025,VPWR,li1,224.7100,149.2930,1.799015
TAP_TAPCELL_ROW_50_1024,VPWR,li1,198.9500,149.2930,1.799250
TAP_TAPCELL_ROW_50_1023,VPWR,li1,173.1900,149.2930,1.799618
TAP_TAPCELL_ROW_50_1022,VPWR,li1,147.4300,149.2930,1.799379
TAP_TAPCELL_ROW_50_1021,VPWR,li1,121.6700,149.2930,1.799368
TAP_TAPCELL_ROW_50_1020,VPWR,li1,95.9100,149.2930,1.799398
TAP_TAPCELL_ROW_50_1019,VPWR,li1,70.1500,149.2930,1.799531
TAP_TAPCELL_ROW_50_1018,VPWR,li1,44.3900,149.2930,1.799710
TAP_TAPCELL_ROW_50_1017,VPWR,li1,18.6300,149.2930,1.799910
TAP_TAPCELL_ROW_49_1016,VPWR,li1,366.3900,144.4660,1.799130
TAP_TAPCELL_ROW_49_1015,VPWR,li1,340.6300,144.4660,1.799445
TAP_TAPCELL_ROW_49_1014,VPWR,li1,314.8700,144.4660,1.799705
TAP_TAPCELL_ROW_49_1013,VPWR,li1,289.1100,144.4660,1.799715
TAP_TAPCELL_ROW_49_1012,VPWR,li1,263.3500,144.4660,1.799734
TAP_TAPCELL_ROW_49_1011,VPWR,li1,237.5900,144.4660,1.799769
TAP_TAPCELL_ROW_49_1010,VPWR,li1,211.8300,144.4660,1.799829
TAP_TAPCELL_ROW_49_1009,VPWR,li1,186.0700,144.4660,1.799907
TAP_TAPCELL_ROW_49_1008,VPWR,li1,160.3100,144.4660,1.799912
TAP_TAPCELL_ROW_49_1007,VPWR,li1,134.5500,144.4660,1.799873
TAP_TAPCELL_ROW_49_1006,VPWR,li1,108.7900,144.4660,1.799848
TAP_TAPCELL_ROW_49_1005,VPWR,li1,83.0300,144.4660,1.799837
TAP_TAPCELL_ROW_49_1004,VPWR,li1,57.2700,144.4660,1.799849
TAP_TAPCELL_ROW_49_1003,VPWR,li1,31.5100,144.4660,1.799934
TAP_TAPCELL_ROW_48_1002,VPWR,li1,379.2700,143.8530,1.799129
TAP_TAPCELL_ROW_48_1001,VPWR,li1,353.5100,143.8530,1.799195
TAP_TAPCELL_ROW_48_1000,VPWR,li1,327.7500,143.8530,1.799710
TAP_TAPCELL_ROW_48_999,VPWR,li1,301.9900,143.8530,1.799708
TAP_TAPCELL_ROW_48_998,VPWR,li1,276.2300,143.8530,1.799723
TAP_TAPCELL_ROW_48_997,VPWR,li1,250.4700,143.8530,1.799751
TAP_TAPCELL_ROW_48_996,VPWR,li1,224.7100,143.8530,1.799798
TAP_TAPCELL_ROW_48_995,VPWR,li1,198.9500,143.8530,1.799862
TAP_TAPCELL_ROW_48_994,VPWR,li1,173.1900,143.8530,1.799935
TAP_TAPCELL_ROW_48_993,VPWR,li1,147.4300,143.8530,1.799891
TAP_TAPCELL_ROW_48_992,VPWR,li1,121.6700,143.8530,1.799859
TAP_TAPCELL_ROW_48_991,VPWR,li1,95.9100,143.8530,1.799841
TAP_TAPCELL_ROW_48_990,VPWR,li1,70.1500,143.8530,1.799839
TAP_TAPCELL_ROW_48_989,VPWR,li1,44.3900,143.8530,1.799885
TAP_TAPCELL_ROW_48_988,VPWR,li1,18.6300,143.8530,1.799966
TAP_TAPCELL_ROW_47_987,VPWR,li1,366.3900,139.0260,1.798168
TAP_TAPCELL_ROW_47_986,VPWR,li1,340.6300,139.0260,1.798633
TAP_TAPCELL_ROW_47_985,VPWR,li1,314.8700,139.0260,1.798976
TAP_TAPCELL_ROW_47_984,VPWR,li1,289.1100,139.0260,1.798766
TAP_TAPCELL_ROW_47_983,VPWR,li1,263.3500,139.0260,1.798676
TAP_TAPCELL_ROW_47_982,VPWR,li1,237.5900,139.0260,1.798773
TAP_TAPCELL_ROW_47_981,VPWR,li1,211.8300,139.0260,1.799153
TAP_TAPCELL_ROW_47_980,VPWR,li1,186.0700,139.0260,1.799610
TAP_TAPCELL_ROW_47_979,VPWR,li1,160.3100,139.0260,1.799725
TAP_TAPCELL_ROW_47_978,VPWR,li1,134.5500,139.0260,1.799656
TAP_TAPCELL_ROW_47_977,VPWR,li1,108.7900,139.0260,1.799619
TAP_TAPCELL_ROW_47_976,VPWR,li1,83.0300,139.0260,1.799681
TAP_TAPCELL_ROW_47_975,VPWR,li1,57.2700,139.0260,1.799769
TAP_TAPCELL_ROW_47_974,VPWR,li1,31.5100,139.0260,1.799899
TAP_TAPCELL_ROW_46_973,VPWR,li1,379.2700,138.4130,1.798155
TAP_TAPCELL_ROW_46_972,VPWR,li1,353.5100,138.4130,1.798215
TAP_TAPCELL_ROW_46_971,VPWR,li1,327.7500,138.4130,1.799189
TAP_TAPCELL_ROW_46_970,VPWR,li1,301.9900,138.4130,1.798850
TAP_TAPCELL_ROW_46_969,VPWR,li1,276.2300,138.4130,1.798687
TAP_TAPCELL_ROW_46_968,VPWR,li1,250.4700,138.4130,1.798666
TAP_TAPCELL_ROW_46_967,VPWR,li1,224.7100,138.4130,1.798968
TAP_TAPCELL_ROW_46_966,VPWR,li1,198.9500,138.4130,1.799372
TAP_TAPCELL_ROW_46_965,VPWR,li1,173.1900,138.4130,1.799767
TAP_TAPCELL_ROW_46_964,VPWR,li1,147.4300,138.4130,1.799688
TAP_TAPCELL_ROW_46_963,VPWR,li1,121.6700,138.4130,1.799625
TAP_TAPCELL_ROW_46_962,VPWR,li1,95.9100,138.4130,1.799649
TAP_TAPCELL_ROW_46_961,VPWR,li1,70.1500,138.4130,1.799719
TAP_TAPCELL_ROW_46_960,VPWR,li1,44.3900,138.4130,1.799823
TAP_TAPCELL_ROW_46_959,VPWR,li1,18.6300,138.4130,1.799947
TAP_TAPCELL_ROW_45_958,VPWR,li1,366.3900,133.5860,1.797823
TAP_TAPCELL_ROW_45_957,VPWR,li1,340.6300,133.5860,1.798244
TAP_TAPCELL_ROW_45_956,VPWR,li1,314.8700,133.5860,1.798008
TAP_TAPCELL_ROW_45_955,VPWR,li1,289.1100,133.5860,1.797046
TAP_TAPCELL_ROW_45_954,VPWR,li1,263.3500,133.5860,1.796846
TAP_TAPCELL_ROW_45_953,VPWR,li1,237.5900,133.5860,1.797038
TAP_TAPCELL_ROW_45_952,VPWR,li1,211.8300,133.5860,1.797610
TAP_TAPCELL_ROW_45_951,VPWR,li1,186.0700,133.5860,1.798660
TAP_TAPCELL_ROW_45_950,VPWR,li1,160.3100,133.5860,1.798909
TAP_TAPCELL_ROW_45_949,VPWR,li1,134.5500,133.5860,1.798759
TAP_TAPCELL_ROW_45_948,VPWR,li1,108.7900,133.5860,1.798739
TAP_TAPCELL_ROW_45_947,VPWR,li1,83.0300,133.5860,1.798965
TAP_TAPCELL_ROW_45_946,VPWR,li1,57.2700,133.5860,1.799208
TAP_TAPCELL_ROW_45_945,VPWR,li1,31.5100,133.5860,1.799670
TAP_TAPCELL_ROW_44_944,VPWR,li1,379.2700,132.9730,1.797811
TAP_TAPCELL_ROW_44_943,VPWR,li1,353.5100,132.9730,1.797857
TAP_TAPCELL_ROW_44_942,VPWR,li1,327.7500,132.9730,1.798849
TAP_TAPCELL_ROW_44_941,VPWR,li1,301.9900,132.9730,1.797464
TAP_TAPCELL_ROW_44_940,VPWR,li1,276.2300,132.9730,1.796793
TAP_TAPCELL_ROW_44_939,VPWR,li1,250.4700,132.9730,1.796922
TAP_TAPCELL_ROW_44_938,VPWR,li1,224.7100,132.9730,1.797211
TAP_TAPCELL_ROW_44_937,VPWR,li1,198.9500,132.9730,1.798060
TAP_TAPCELL_ROW_44_936,VPWR,li1,173.1900,132.9730,1.799116
TAP_TAPCELL_ROW_44_935,VPWR,li1,147.4300,132.9730,1.798822
TAP_TAPCELL_ROW_44_934,VPWR,li1,121.6700,132.9730,1.798695
TAP_TAPCELL_ROW_44_933,VPWR,li1,95.9100,132.9730,1.798839
TAP_TAPCELL_ROW_44_932,VPWR,li1,70.1500,132.9730,1.799068
TAP_TAPCELL_ROW_44_931,VPWR,li1,44.3900,132.9730,1.799421
TAP_TAPCELL_ROW_44_930,VPWR,li1,18.6300,132.9730,1.799828
TAP_TAPCELL_ROW_43_929,VPWR,li1,366.3900,128.1460,1.796175
TAP_TAPCELL_ROW_43_928,VPWR,li1,340.6300,128.1460,1.796681
TAP_TAPCELL_ROW_43_927,VPWR,li1,314.8700,128.1460,1.797249
TAP_TAPCELL_ROW_43_926,VPWR,li1,289.1100,128.1460,1.795765
TAP_TAPCELL_ROW_43_925,VPWR,li1,263.3500,128.1460,1.794843
TAP_TAPCELL_ROW_43_924,VPWR,li1,237.5900,128.1460,1.794471
TAP_TAPCELL_ROW_43_923,VPWR,li1,211.8300,128.1460,1.795932
TAP_TAPCELL_ROW_43_922,VPWR,li1,186.0700,128.1460,1.797934
TAP_TAPCELL_ROW_43_921,VPWR,li1,160.3100,128.1460,1.798740
TAP_TAPCELL_ROW_43_920,VPWR,li1,134.5500,128.1460,1.798792
TAP_TAPCELL_ROW_43_919,VPWR,li1,108.7900,128.1460,1.798926
TAP_TAPCELL_ROW_43_918,VPWR,li1,83.0300,128.1460,1.799114
TAP_TAPCELL_ROW_43_917,VPWR,li1,57.2700,128.1460,1.799407
TAP_TAPCELL_ROW_43_916,VPWR,li1,31.5100,128.1460,1.799752
TAP_TAPCELL_ROW_42_915,VPWR,li1,379.2700,127.5330,1.796160
TAP_TAPCELL_ROW_42_914,VPWR,li1,353.5100,127.5330,1.796188
TAP_TAPCELL_ROW_42_913,VPWR,li1,327.7500,127.5330,1.798072
TAP_TAPCELL_ROW_42_912,VPWR,li1,301.9900,127.5330,1.796486
TAP_TAPCELL_ROW_42_911,VPWR,li1,276.2300,127.5330,1.795251
TAP_TAPCELL_ROW_42_910,VPWR,li1,250.4700,127.5330,1.794536
TAP_TAPCELL_ROW_42_909,VPWR,li1,224.7100,127.5330,1.795131
TAP_TAPCELL_ROW_42_908,VPWR,li1,198.9500,127.5330,1.796938
TAP_TAPCELL_ROW_42_907,VPWR,li1,173.1900,127.5330,1.798882
TAP_TAPCELL_ROW_42_906,VPWR,li1,147.4300,127.5330,1.798748
TAP_TAPCELL_ROW_42_905,VPWR,li1,121.6700,127.5330,1.798847
TAP_TAPCELL_ROW_42_904,VPWR,li1,95.9100,127.5330,1.799005
TAP_TAPCELL_ROW_42_903,VPWR,li1,70.1500,127.5330,1.799263
TAP_TAPCELL_ROW_42_902,VPWR,li1,44.3900,127.5330,1.799565
TAP_TAPCELL_ROW_42_901,VPWR,li1,18.6300,127.5330,1.799871
TAP_TAPCELL_ROW_41_900,VPWR,li1,366.3900,122.7060,1.793329
TAP_TAPCELL_ROW_41_899,VPWR,li1,340.6300,122.7060,1.794460
TAP_TAPCELL_ROW_41_898,VPWR,li1,314.8700,122.7060,1.795554
TAP_TAPCELL_ROW_41_897,VPWR,li1,289.1100,122.7060,1.792855
TAP_TAPCELL_ROW_41_896,VPWR,li1,263.3500,122.7060,1.791141
TAP_TAPCELL_ROW_41_895,VPWR,li1,237.5900,122.7060,1.789808
TAP_TAPCELL_ROW_41_894,VPWR,li1,211.8300,122.7060,1.791306
TAP_TAPCELL_ROW_41_893,VPWR,li1,186.0700,122.7060,1.795467
TAP_TAPCELL_ROW_41_892,VPWR,li1,160.3100,122.7060,1.796990
TAP_TAPCELL_ROW_41_891,VPWR,li1,134.5500,122.7060,1.796862
TAP_TAPCELL_ROW_41_890,VPWR,li1,108.7900,122.7060,1.796900
TAP_TAPCELL_ROW_41_889,VPWR,li1,83.0300,122.7060,1.797511
TAP_TAPCELL_ROW_41_888,VPWR,li1,57.2700,122.7060,1.798307
TAP_TAPCELL_ROW_41_887,VPWR,li1,31.5100,122.7060,1.799302
TAP_TAPCELL_ROW_40_886,VPWR,li1,379.2700,122.0930,1.793247
TAP_TAPCELL_ROW_40_885,VPWR,li1,353.5100,122.0930,1.793437
TAP_TAPCELL_ROW_40_884,VPWR,li1,327.7500,122.0930,1.796917
TAP_TAPCELL_ROW_40_883,VPWR,li1,301.9900,122.0930,1.794202
TAP_TAPCELL_ROW_40_882,VPWR,li1,276.2300,122.0930,1.791888
TAP_TAPCELL_ROW_40_881,VPWR,li1,250.4700,122.0930,1.790475
TAP_TAPCELL_ROW_40_880,VPWR,li1,224.7100,122.0930,1.790134
TAP_TAPCELL_ROW_40_879,VPWR,li1,198.9500,122.0930,1.793072
TAP_TAPCELL_ROW_40_878,VPWR,li1,173.1900,122.0930,1.797325
TAP_TAPCELL_ROW_40_877,VPWR,li1,147.4300,122.0930,1.796923
TAP_TAPCELL_ROW_40_876,VPWR,li1,121.6700,122.0930,1.796798
TAP_TAPCELL_ROW_40_875,VPWR,li1,95.9100,122.0930,1.797159
TAP_TAPCELL_ROW_40_874,VPWR,li1,70.1500,122.0930,1.797913
TAP_TAPCELL_ROW_40_873,VPWR,li1,44.3900,122.0930,1.798775
TAP_TAPCELL_ROW_40_872,VPWR,li1,18.6300,122.0930,1.799636
TAP_TAPCELL_ROW_39_871,VPWR,li1,366.3900,117.2660,1.799509
TAP_TAPCELL_ROW_39_870,VPWR,li1,340.6300,117.2660,1.799659
TAP_TAPCELL_ROW_39_869,VPWR,li1,314.8700,117.2660,1.799494
TAP_TAPCELL_ROW_39_868,VPWR,li1,289.1100,117.2660,1.799034
TAP_TAPCELL_ROW_39_867,VPWR,li1,263.3500,117.2660,1.798578
TAP_TAPCELL_ROW_39_866,VPWR,li1,237.5900,117.2660,1.798130
TAP_TAPCELL_ROW_39_865,VPWR,li1,211.8300,117.2660,1.797732
TAP_TAPCELL_ROW_39_864,VPWR,li1,186.0700,117.2660,1.797575
TAP_TAPCELL_ROW_39_863,VPWR,li1,160.3100,117.2660,1.797948
TAP_TAPCELL_ROW_39_862,VPWR,li1,134.5500,117.2660,1.797976
TAP_TAPCELL_ROW_39_861,VPWR,li1,108.7900,117.2660,1.798028
TAP_TAPCELL_ROW_39_860,VPWR,li1,83.0300,117.2660,1.798139
TAP_TAPCELL_ROW_39_859,VPWR,li1,57.2700,117.2660,1.798667
TAP_TAPCELL_ROW_39_858,VPWR,li1,31.5100,117.2660,1.799451
TAP_TAPCELL_ROW_38_857,VPWR,li1,379.2700,116.6530,1.799438
TAP_TAPCELL_ROW_38_856,VPWR,li1,353.5100,116.6530,1.799586
TAP_TAPCELL_ROW_38_855,VPWR,li1,327.7500,116.6530,1.799744
TAP_TAPCELL_ROW_38_854,VPWR,li1,301.9900,116.6530,1.799257
TAP_TAPCELL_ROW_38_853,VPWR,li1,276.2300,116.6530,1.798797
TAP_TAPCELL_ROW_38_852,VPWR,li1,250.4700,116.6530,1.798369
TAP_TAPCELL_ROW_38_851,VPWR,li1,224.7100,116.6530,1.797920
TAP_TAPCELL_ROW_38_850,VPWR,li1,198.9500,116.6530,1.797535
TAP_TAPCELL_ROW_38_849,VPWR,li1,173.1900,116.6530,1.798179
TAP_TAPCELL_ROW_38_848,VPWR,li1,147.4300,116.6530,1.797960
TAP_TAPCELL_ROW_38_847,VPWR,li1,121.6700,116.6530,1.797999
TAP_TAPCELL_ROW_38_846,VPWR,li1,95.9100,116.6530,1.798068
TAP_TAPCELL_ROW_38_845,VPWR,li1,70.1500,116.6530,1.798331
TAP_TAPCELL_ROW_38_844,VPWR,li1,44.3900,116.6530,1.799036
TAP_TAPCELL_ROW_38_843,VPWR,li1,18.6300,116.6530,1.799714
TAP_TAPCELL_ROW_37_842,VPWR,li1,366.3900,111.8260,1.799720
TAP_TAPCELL_ROW_37_841,VPWR,li1,340.6300,111.8260,1.799720
TAP_TAPCELL_ROW_37_840,VPWR,li1,314.8700,111.8260,1.799341
TAP_TAPCELL_ROW_37_839,VPWR,li1,289.1100,111.8260,1.798651
TAP_TAPCELL_ROW_37_838,VPWR,li1,263.3500,111.8260,1.798005
TAP_TAPCELL_ROW_37_837,VPWR,li1,237.5900,111.8260,1.797351
TAP_TAPCELL_ROW_37_836,VPWR,li1,211.8300,111.8260,1.796783
TAP_TAPCELL_ROW_37_835,VPWR,li1,186.0700,111.8260,1.796777
TAP_TAPCELL_ROW_37_834,VPWR,li1,160.3100,111.8260,1.797041
TAP_TAPCELL_ROW_37_833,VPWR,li1,134.5500,111.8260,1.796494
TAP_TAPCELL_ROW_37_832,VPWR,li1,108.7900,111.8260,1.796358
TAP_TAPCELL_ROW_37_831,VPWR,li1,83.0300,111.8260,1.796927
TAP_TAPCELL_ROW_37_830,VPWR,li1,57.2700,111.8260,1.797967
TAP_TAPCELL_ROW_37_829,VPWR,li1,31.5100,111.8260,1.799162
TAP_TAPCELL_ROW_36_828,VPWR,li1,379.2700,111.2130,1.799720
TAP_TAPCELL_ROW_36_827,VPWR,li1,353.5100,111.2130,1.799720
TAP_TAPCELL_ROW_36_826,VPWR,li1,327.7500,111.2130,1.799657
TAP_TAPCELL_ROW_36_825,VPWR,li1,301.9900,111.2130,1.798981
TAP_TAPCELL_ROW_36_824,VPWR,li1,276.2300,111.2130,1.798327
TAP_TAPCELL_ROW_36_823,VPWR,li1,250.4700,111.2130,1.797674
TAP_TAPCELL_ROW_36_822,VPWR,li1,224.7100,111.2130,1.797071
TAP_TAPCELL_ROW_36_821,VPWR,li1,198.9500,111.2130,1.796484
TAP_TAPCELL_ROW_36_820,VPWR,li1,173.1900,111.2130,1.797433
TAP_TAPCELL_ROW_36_819,VPWR,li1,147.4300,111.2130,1.796782
TAP_TAPCELL_ROW_36_818,VPWR,li1,121.6700,111.2130,1.796275
TAP_TAPCELL_ROW_36_817,VPWR,li1,95.9100,111.2130,1.796590
TAP_TAPCELL_ROW_36_816,VPWR,li1,70.1500,111.2130,1.797405
TAP_TAPCELL_ROW_36_815,VPWR,li1,44.3900,111.2130,1.798529
TAP_TAPCELL_ROW_36_814,VPWR,li1,18.6300,111.2130,1.799563
TAP_TAPCELL_ROW_35_813,VPWR,li1,366.3900,106.3860,1.799955
TAP_TAPCELL_ROW_35_812,VPWR,li1,340.6300,106.3860,1.799959
TAP_TAPCELL_ROW_35_811,VPWR,li1,314.8700,106.3860,1.799927
TAP_TAPCELL_ROW_35_810,VPWR,li1,289.1100,106.3860,1.799872
TAP_TAPCELL_ROW_35_809,VPWR,li1,263.3500,106.3860,1.799830
TAP_TAPCELL_ROW_35_808,VPWR,li1,237.5900,106.3860,1.799799
TAP_TAPCELL_ROW_35_807,VPWR,li1,211.8300,106.3860,1.799777
TAP_TAPCELL_ROW_35_806,VPWR,li1,186.0700,106.3860,1.799766
TAP_TAPCELL_ROW_35_805,VPWR,li1,160.3100,106.3860,1.799455
TAP_TAPCELL_ROW_35_804,VPWR,li1,134.5500,106.3860,1.799416
TAP_TAPCELL_ROW_35_803,VPWR,li1,108.7900,106.3860,1.799501
TAP_TAPCELL_ROW_35_802,VPWR,li1,83.0300,106.3860,1.799611
TAP_TAPCELL_ROW_35_801,VPWR,li1,57.2700,106.3860,1.799735
TAP_TAPCELL_ROW_35_800,VPWR,li1,31.5100,106.3860,1.799887
TAP_TAPCELL_ROW_34_799,VPWR,li1,379.2700,105.7730,1.799953
TAP_TAPCELL_ROW_34_798,VPWR,li1,353.5100,105.7730,1.799957
TAP_TAPCELL_ROW_34_797,VPWR,li1,327.7500,105.7730,1.799959
TAP_TAPCELL_ROW_34_796,VPWR,li1,301.9900,105.7730,1.799900
TAP_TAPCELL_ROW_34_795,VPWR,li1,276.2300,105.7730,1.799850
TAP_TAPCELL_ROW_34_794,VPWR,li1,250.4700,105.7730,1.799813
TAP_TAPCELL_ROW_34_793,VPWR,li1,224.7100,105.7730,1.799787
TAP_TAPCELL_ROW_34_792,VPWR,li1,198.9500,105.7730,1.799769
TAP_TAPCELL_ROW_34_791,VPWR,li1,173.1900,105.7730,1.799713
TAP_TAPCELL_ROW_34_790,VPWR,li1,147.4300,105.7730,1.799376
TAP_TAPCELL_ROW_34_789,VPWR,li1,121.6700,105.7730,1.799459
TAP_TAPCELL_ROW_34_788,VPWR,li1,95.9100,105.7730,1.799555
TAP_TAPCELL_ROW_34_787,VPWR,li1,70.1500,105.7730,1.799666
TAP_TAPCELL_ROW_34_786,VPWR,li1,44.3900,105.7730,1.799802
TAP_TAPCELL_ROW_34_785,VPWR,li1,18.6300,105.7730,1.799941
TAP_TAPCELL_ROW_33_784,VPWR,li1,366.3900,100.9460,1.799939
TAP_TAPCELL_ROW_33_783,VPWR,li1,340.6300,100.9460,1.799941
TAP_TAPCELL_ROW_33_782,VPWR,li1,314.8700,100.9460,1.799872
TAP_TAPCELL_ROW_33_781,VPWR,li1,289.1100,100.9460,1.799833
TAP_TAPCELL_ROW_33_780,VPWR,li1,263.3500,100.9460,1.799822
TAP_TAPCELL_ROW_33_779,VPWR,li1,237.5900,100.9460,1.799839
TAP_TAPCELL_ROW_33_778,VPWR,li1,211.8300,100.9460,1.799872
TAP_TAPCELL_ROW_33_777,VPWR,li1,186.0700,100.9460,1.799926
TAP_TAPCELL_ROW_33_776,VPWR,li1,160.3100,100.9460,1.799935
TAP_TAPCELL_ROW_33_775,VPWR,li1,134.5500,100.9460,1.799909
TAP_TAPCELL_ROW_33_774,VPWR,li1,108.7900,100.9460,1.799900
TAP_TAPCELL_ROW_33_773,VPWR,li1,83.0300,100.9460,1.799909
TAP_TAPCELL_ROW_33_772,VPWR,li1,57.2700,100.9460,1.799930
TAP_TAPCELL_ROW_33_771,VPWR,li1,31.5100,100.9460,1.799969
TAP_TAPCELL_ROW_32_770,VPWR,li1,379.2700,100.3330,1.799937
TAP_TAPCELL_ROW_32_769,VPWR,li1,353.5100,100.3330,1.799940
TAP_TAPCELL_ROW_32_768,VPWR,li1,327.7500,100.3330,1.799942
TAP_TAPCELL_ROW_32_767,VPWR,li1,301.9900,100.3330,1.799845
TAP_TAPCELL_ROW_32_766,VPWR,li1,276.2300,100.3330,1.799824
TAP_TAPCELL_ROW_32_765,VPWR,li1,250.4700,100.3330,1.799827
TAP_TAPCELL_ROW_32_764,VPWR,li1,224.7100,100.3330,1.799853
TAP_TAPCELL_ROW_32_763,VPWR,li1,198.9500,100.3330,1.799900
TAP_TAPCELL_ROW_32_762,VPWR,li1,173.1900,100.3330,1.799953
TAP_TAPCELL_ROW_32_761,VPWR,li1,147.4300,100.3330,1.799921
TAP_TAPCELL_ROW_32_760,VPWR,li1,121.6700,100.3330,1.799902
TAP_TAPCELL_ROW_32_759,VPWR,li1,95.9100,100.3330,1.799902
TAP_TAPCELL_ROW_32_758,VPWR,li1,70.1500,100.3330,1.799915
TAP_TAPCELL_ROW_32_757,VPWR,li1,44.3900,100.3330,1.799948
TAP_TAPCELL_ROW_32_756,VPWR,li1,18.6300,100.3330,1.799984
TAP_TAPCELL_ROW_31_755,VPWR,li1,366.3900,95.5060,1.799926
TAP_TAPCELL_ROW_31_754,VPWR,li1,340.6300,95.5060,1.799926
TAP_TAPCELL_ROW_31_753,VPWR,li1,314.8700,95.5060,1.799847
TAP_TAPCELL_ROW_31_752,VPWR,li1,289.1100,95.5060,1.799811
TAP_TAPCELL_ROW_31_751,VPWR,li1,263.3500,95.5060,1.799799
TAP_TAPCELL_ROW_31_750,VPWR,li1,237.5900,95.5060,1.799809
TAP_TAPCELL_ROW_31_749,VPWR,li1,211.8300,95.5060,1.799837
TAP_TAPCELL_ROW_31_748,VPWR,li1,186.0700,95.5060,1.799892
TAP_TAPCELL_ROW_31_747,VPWR,li1,160.3100,95.5060,1.799873
TAP_TAPCELL_ROW_31_746,VPWR,li1,134.5500,95.5060,1.799799
TAP_TAPCELL_ROW_31_745,VPWR,li1,108.7900,95.5060,1.799772
TAP_TAPCELL_ROW_31_744,VPWR,li1,83.0300,95.5060,1.799782
TAP_TAPCELL_ROW_31_743,VPWR,li1,57.2700,95.5060,1.799841
TAP_TAPCELL_ROW_31_742,VPWR,li1,31.5100,95.5060,1.799929
TAP_TAPCELL_ROW_30_741,VPWR,li1,379.2700,94.8930,1.799926
TAP_TAPCELL_ROW_30_740,VPWR,li1,353.5100,94.8930,1.799926
TAP_TAPCELL_ROW_30_739,VPWR,li1,327.7500,94.8930,1.799928
TAP_TAPCELL_ROW_30_738,VPWR,li1,301.9900,94.8930,1.799822
TAP_TAPCELL_ROW_30_737,VPWR,li1,276.2300,94.8930,1.799803
TAP_TAPCELL_ROW_30_736,VPWR,li1,250.4700,94.8930,1.799802
TAP_TAPCELL_ROW_30_735,VPWR,li1,224.7100,94.8930,1.799820
TAP_TAPCELL_ROW_30_734,VPWR,li1,198.9500,94.8930,1.799861
TAP_TAPCELL_ROW_30_733,VPWR,li1,173.1900,94.8930,1.799915
TAP_TAPCELL_ROW_30_732,VPWR,li1,147.4300,94.8930,1.799827
TAP_TAPCELL_ROW_30_731,VPWR,li1,121.6700,94.8930,1.799783
TAP_TAPCELL_ROW_30_730,VPWR,li1,95.9100,94.8930,1.799772
TAP_TAPCELL_ROW_30_729,VPWR,li1,70.1500,94.8930,1.799807
TAP_TAPCELL_ROW_30_728,VPWR,li1,44.3900,94.8930,1.799878
TAP_TAPCELL_ROW_30_727,VPWR,li1,18.6300,94.8930,1.799963
TAP_TAPCELL_ROW_29_726,VPWR,li1,366.3900,90.0660,1.799864
TAP_TAPCELL_ROW_29_725,VPWR,li1,340.6300,90.0660,1.799869
TAP_TAPCELL_ROW_29_724,VPWR,li1,314.8700,90.0660,1.799816
TAP_TAPCELL_ROW_29_723,VPWR,li1,289.1100,90.0660,1.799705
TAP_TAPCELL_ROW_29_722,VPWR,li1,263.3500,90.0660,1.799613
TAP_TAPCELL_ROW_29_721,VPWR,li1,237.5900,90.0660,1.799565
TAP_TAPCELL_ROW_29_720,VPWR,li1,211.8300,90.0660,1.799658
TAP_TAPCELL_ROW_29_719,VPWR,li1,186.0700,90.0660,1.799834
TAP_TAPCELL_ROW_29_718,VPWR,li1,160.3100,90.0660,1.799868
TAP_TAPCELL_ROW_29_717,VPWR,li1,134.5500,90.0660,1.799831
TAP_TAPCELL_ROW_29_716,VPWR,li1,108.7900,90.0660,1.799800
TAP_TAPCELL_ROW_29_715,VPWR,li1,83.0300,90.0660,1.799816
TAP_TAPCELL_ROW_29_714,VPWR,li1,57.2700,90.0660,1.799873
TAP_TAPCELL_ROW_29_713,VPWR,li1,31.5100,90.0660,1.799942
TAP_TAPCELL_ROW_28_712,VPWR,li1,379.2700,89.4530,1.799861
TAP_TAPCELL_ROW_28_711,VPWR,li1,353.5100,89.4530,1.799867
TAP_TAPCELL_ROW_28_710,VPWR,li1,327.7500,89.4530,1.799882
TAP_TAPCELL_ROW_28_709,VPWR,li1,301.9900,89.4530,1.799753
TAP_TAPCELL_ROW_28_708,VPWR,li1,276.2300,89.4530,1.799651
TAP_TAPCELL_ROW_28_707,VPWR,li1,250.4700,89.4530,1.799584
TAP_TAPCELL_ROW_28_706,VPWR,li1,224.7100,89.4530,1.799601
TAP_TAPCELL_ROW_28_705,VPWR,li1,198.9500,89.4530,1.799737
TAP_TAPCELL_ROW_28_704,VPWR,li1,173.1900,89.4530,1.799891
TAP_TAPCELL_ROW_28_703,VPWR,li1,147.4300,89.4530,1.799849
TAP_TAPCELL_ROW_28_702,VPWR,li1,121.6700,89.4530,1.799814
TAP_TAPCELL_ROW_28_701,VPWR,li1,95.9100,89.4530,1.799804
TAP_TAPCELL_ROW_28_700,VPWR,li1,70.1500,89.4530,1.799842
TAP_TAPCELL_ROW_28_699,VPWR,li1,44.3900,89.4530,1.799904
TAP_TAPCELL_ROW_28_698,VPWR,li1,18.6300,89.4530,1.799970
TAP_TAPCELL_ROW_27_697,VPWR,li1,366.3900,84.6260,1.799892
TAP_TAPCELL_ROW_27_696,VPWR,li1,340.6300,84.6260,1.799916
TAP_TAPCELL_ROW_27_695,VPWR,li1,314.8700,84.6260,1.799870
TAP_TAPCELL_ROW_27_694,VPWR,li1,289.1100,84.6260,1.799782
TAP_TAPCELL_ROW_27_693,VPWR,li1,263.3500,84.6260,1.799713
TAP_TAPCELL_ROW_27_692,VPWR,li1,237.5900,84.6260,1.799659
TAP_TAPCELL_ROW_27_691,VPWR,li1,211.8300,84.6260,1.799669
TAP_TAPCELL_ROW_27_690,VPWR,li1,186.0700,84.6260,1.799786
TAP_TAPCELL_ROW_27_689,VPWR,li1,160.3100,84.6260,1.799766
TAP_TAPCELL_ROW_27_688,VPWR,li1,134.5500,84.6260,1.799653
TAP_TAPCELL_ROW_27_687,VPWR,li1,108.7900,84.6260,1.799608
TAP_TAPCELL_ROW_27_686,VPWR,li1,83.0300,84.6260,1.799675
TAP_TAPCELL_ROW_27_685,VPWR,li1,57.2700,84.6260,1.799765
TAP_TAPCELL_ROW_27_684,VPWR,li1,31.5100,84.6260,1.799896
TAP_TAPCELL_ROW_26_683,VPWR,li1,379.2700,84.0130,1.799886
TAP_TAPCELL_ROW_26_682,VPWR,li1,353.5100,84.0130,1.799899
TAP_TAPCELL_ROW_26_681,VPWR,li1,327.7500,84.0130,1.799922
TAP_TAPCELL_ROW_26_680,VPWR,li1,301.9900,84.0130,1.799822
TAP_TAPCELL_ROW_26_679,VPWR,li1,276.2300,84.0130,1.799746
TAP_TAPCELL_ROW_26_678,VPWR,li1,250.4700,84.0130,1.799682
TAP_TAPCELL_ROW_26_677,VPWR,li1,224.7100,84.0130,1.799647
TAP_TAPCELL_ROW_26_676,VPWR,li1,198.9500,84.0130,1.799722
TAP_TAPCELL_ROW_26_675,VPWR,li1,173.1900,84.0130,1.799840
TAP_TAPCELL_ROW_26_674,VPWR,li1,147.4300,84.0130,1.799699
TAP_TAPCELL_ROW_26_673,VPWR,li1,121.6700,84.0130,1.799624
TAP_TAPCELL_ROW_26_672,VPWR,li1,95.9100,84.0130,1.799640
TAP_TAPCELL_ROW_26_671,VPWR,li1,70.1500,84.0130,1.799710
TAP_TAPCELL_ROW_26_670,VPWR,li1,44.3900,84.0130,1.799820
TAP_TAPCELL_ROW_26_669,VPWR,li1,18.6300,84.0130,1.799946
TAP_TAPCELL_ROW_25_668,VPWR,li1,366.3900,79.1860,1.799744
TAP_TAPCELL_ROW_25_667,VPWR,li1,340.6300,79.1860,1.799833
TAP_TAPCELL_ROW_25_666,VPWR,li1,314.8700,79.1860,1.799784
TAP_TAPCELL_ROW_25_665,VPWR,li1,289.1100,79.1860,1.799691
TAP_TAPCELL_ROW_25_664,VPWR,li1,263.3500,79.1860,1.799659
TAP_TAPCELL_ROW_25_663,VPWR,li1,237.5900,79.1860,1.799683
TAP_TAPCELL_ROW_25_662,VPWR,li1,211.8300,79.1860,1.799729
TAP_TAPCELL_ROW_25_661,VPWR,li1,186.0700,79.1860,1.799841
TAP_TAPCELL_ROW_25_660,VPWR,li1,160.3100,79.1860,1.799885
TAP_TAPCELL_ROW_25_659,VPWR,li1,134.5500,79.1860,1.799859
TAP_TAPCELL_ROW_25_658,VPWR,li1,108.7900,79.1860,1.799843
TAP_TAPCELL_ROW_25_657,VPWR,li1,83.0300,79.1860,1.799843
TAP_TAPCELL_ROW_25_656,VPWR,li1,57.2700,79.1860,1.799868
TAP_TAPCELL_ROW_25_655,VPWR,li1,31.5100,79.1860,1.799938
TAP_TAPCELL_ROW_24_654,VPWR,li1,379.2700,78.5730,1.799708
TAP_TAPCELL_ROW_24_653,VPWR,li1,353.5100,78.5730,1.799783
TAP_TAPCELL_ROW_24_652,VPWR,li1,327.7500,78.5730,1.799860
TAP_TAPCELL_ROW_24_651,VPWR,li1,301.9900,78.5730,1.799729
TAP_TAPCELL_ROW_24_650,VPWR,li1,276.2300,78.5730,1.799666
TAP_TAPCELL_ROW_24_649,VPWR,li1,250.4700,78.5730,1.799667
TAP_TAPCELL_ROW_24_648,VPWR,li1,224.7100,78.5730,1.799702
TAP_TAPCELL_ROW_24_647,VPWR,li1,198.9500,78.5730,1.799776
TAP_TAPCELL_ROW_24_646,VPWR,li1,173.1900,78.5730,1.799902
TAP_TAPCELL_ROW_24_645,VPWR,li1,147.4300,78.5730,1.799872
TAP_TAPCELL_ROW_24_644,VPWR,li1,121.6700,78.5730,1.799849
TAP_TAPCELL_ROW_24_643,VPWR,li1,95.9100,78.5730,1.799840
TAP_TAPCELL_ROW_24_642,VPWR,li1,70.1500,78.5730,1.799853
TAP_TAPCELL_ROW_24_641,VPWR,li1,44.3900,78.5730,1.799897
TAP_TAPCELL_ROW_24_640,VPWR,li1,18.6300,78.5730,1.799968
TAP_TAPCELL_ROW_23_639,VPWR,li1,366.3900,73.7460,1.799730
TAP_TAPCELL_ROW_23_638,VPWR,li1,340.6300,73.7460,1.799805
TAP_TAPCELL_ROW_23_637,VPWR,li1,314.8700,73.7460,1.799726
TAP_TAPCELL_ROW_23_636,VPWR,li1,289.1100,73.7460,1.799592
TAP_TAPCELL_ROW_23_635,VPWR,li1,263.3500,73.7460,1.799537
TAP_TAPCELL_ROW_23_634,VPWR,li1,237.5900,73.7460,1.799556
TAP_TAPCELL_ROW_23_633,VPWR,li1,211.8300,73.7460,1.799600
TAP_TAPCELL_ROW_23_632,VPWR,li1,186.0700,73.7460,1.799762
TAP_TAPCELL_ROW_23_631,VPWR,li1,160.3100,73.7460,1.799838
TAP_TAPCELL_ROW_23_630,VPWR,li1,134.5500,73.7460,1.799805
TAP_TAPCELL_ROW_23_629,VPWR,li1,108.7900,73.7460,1.799816
TAP_TAPCELL_ROW_23_628,VPWR,li1,83.0300,73.7460,1.799840
TAP_TAPCELL_ROW_23_627,VPWR,li1,57.2700,73.7460,1.799879
TAP_TAPCELL_ROW_23_626,VPWR,li1,31.5100,73.7460,1.799944
TAP_TAPCELL_ROW_22_625,VPWR,li1,379.2700,73.1330,1.799717
TAP_TAPCELL_ROW_22_624,VPWR,li1,353.5100,73.1330,1.799755
TAP_TAPCELL_ROW_22_623,VPWR,li1,327.7500,73.1330,1.799840
TAP_TAPCELL_ROW_22_622,VPWR,li1,301.9900,73.1330,1.799638
TAP_TAPCELL_ROW_22_621,VPWR,li1,276.2300,73.1330,1.799554
TAP_TAPCELL_ROW_22_620,VPWR,li1,250.4700,73.1330,1.799539
TAP_TAPCELL_ROW_22_619,VPWR,li1,224.7100,73.1330,1.799577
TAP_TAPCELL_ROW_22_618,VPWR,li1,198.9500,73.1330,1.799664
TAP_TAPCELL_ROW_22_617,VPWR,li1,173.1900,73.1330,1.799864
TAP_TAPCELL_ROW_22_616,VPWR,li1,147.4300,73.1330,1.799811
TAP_TAPCELL_ROW_22_615,VPWR,li1,121.6700,73.1330,1.799809
TAP_TAPCELL_ROW_22_614,VPWR,li1,95.9100,73.1330,1.799826
TAP_TAPCELL_ROW_22_613,VPWR,li1,70.1500,73.1330,1.799858
TAP_TAPCELL_ROW_22_612,VPWR,li1,44.3900,73.1330,1.799905
TAP_TAPCELL_ROW_22_611,VPWR,li1,18.6300,73.1330,1.799971
TAP_TAPCELL_ROW_21_610,VPWR,li1,366.3900,68.3060,1.799896
TAP_TAPCELL_ROW_21_609,VPWR,li1,340.6300,68.3060,1.799902
TAP_TAPCELL_ROW_21_608,VPWR,li1,314.8700,68.3060,1.799838
TAP_TAPCELL_ROW_21_607,VPWR,li1,289.1100,68.3060,1.799691
TAP_TAPCELL_ROW_21_606,VPWR,li1,263.3500,68.3060,1.799557
TAP_TAPCELL_ROW_21_605,VPWR,li1,237.5900,68.3060,1.799571
TAP_TAPCELL_ROW_21_604,VPWR,li1,211.8300,68.3060,1.799656
TAP_TAPCELL_ROW_21_603,VPWR,li1,186.0700,68.3060,1.799831
TAP_TAPCELL_ROW_21_602,VPWR,li1,160.3100,68.3060,1.799860
TAP_TAPCELL_ROW_21_601,VPWR,li1,134.5500,68.3060,1.799816
TAP_TAPCELL_ROW_21_600,VPWR,li1,108.7900,68.3060,1.799806
TAP_TAPCELL_ROW_21_599,VPWR,li1,83.0300,68.3060,1.799820
TAP_TAPCELL_ROW_21_598,VPWR,li1,57.2700,68.3060,1.799855
TAP_TAPCELL_ROW_21_597,VPWR,li1,31.5100,68.3060,1.799925
TAP_TAPCELL_ROW_20_596,VPWR,li1,379.2700,67.6930,1.799896
TAP_TAPCELL_ROW_20_595,VPWR,li1,353.5100,67.6930,1.799896
TAP_TAPCELL_ROW_20_594,VPWR,li1,327.7500,67.6930,1.799920
TAP_TAPCELL_ROW_20_593,VPWR,li1,301.9900,67.6930,1.799762
TAP_TAPCELL_ROW_20_592,VPWR,li1,276.2300,67.6930,1.799622
TAP_TAPCELL_ROW_20_591,VPWR,li1,250.4700,67.6930,1.799545
TAP_TAPCELL_ROW_20_590,VPWR,li1,224.7100,67.6930,1.799607
TAP_TAPCELL_ROW_20_589,VPWR,li1,198.9500,67.6930,1.799733
TAP_TAPCELL_ROW_20_588,VPWR,li1,173.1900,67.6930,1.799892
TAP_TAPCELL_ROW_20_587,VPWR,li1,147.4300,67.6930,1.799833
TAP_TAPCELL_ROW_20_586,VPWR,li1,121.6700,67.6930,1.799809
TAP_TAPCELL_ROW_20_585,VPWR,li1,95.9100,67.6930,1.799810
TAP_TAPCELL_ROW_20_584,VPWR,li1,70.1500,67.6930,1.799834
TAP_TAPCELL_ROW_20_583,VPWR,li1,44.3900,67.6930,1.799877
TAP_TAPCELL_ROW_20_582,VPWR,li1,18.6300,67.6930,1.799961
TAP_TAPCELL_ROW_19_581,VPWR,li1,366.3900,62.8660,1.799836
TAP_TAPCELL_ROW_19_580,VPWR,li1,340.6300,62.8660,1.799849
TAP_TAPCELL_ROW_19_579,VPWR,li1,314.8700,62.8660,1.799825
TAP_TAPCELL_ROW_19_578,VPWR,li1,289.1100,62.8660,1.799712
TAP_TAPCELL_ROW_19_577,VPWR,li1,263.3500,62.8660,1.799617
TAP_TAPCELL_ROW_19_576,VPWR,li1,237.5900,62.8660,1.799571
TAP_TAPCELL_ROW_19_575,VPWR,li1,211.8300,62.8660,1.799557
TAP_TAPCELL_ROW_19_574,VPWR,li1,186.0700,62.8660,1.799730
TAP_TAPCELL_ROW_19_573,VPWR,li1,160.3100,62.8660,1.799779
TAP_TAPCELL_ROW_19_572,VPWR,li1,134.5500,62.8660,1.799731
TAP_TAPCELL_ROW_19_571,VPWR,li1,108.7900,62.8660,1.799704
TAP_TAPCELL_ROW_19_570,VPWR,li1,83.0300,62.8660,1.799735
TAP_TAPCELL_ROW_19_569,VPWR,li1,57.2700,62.8660,1.799809
TAP_TAPCELL_ROW_19_568,VPWR,li1,31.5100,62.8660,1.799913
TAP_TAPCELL_ROW_18_567,VPWR,li1,379.2700,62.2530,1.799836
TAP_TAPCELL_ROW_18_566,VPWR,li1,353.5100,62.2530,1.799836
TAP_TAPCELL_ROW_18_565,VPWR,li1,327.7500,62.2530,1.799899
TAP_TAPCELL_ROW_18_564,VPWR,li1,301.9900,62.2530,1.799766
TAP_TAPCELL_ROW_18_563,VPWR,li1,276.2300,62.2530,1.799662
TAP_TAPCELL_ROW_18_562,VPWR,li1,250.4700,62.2530,1.799590
TAP_TAPCELL_ROW_18_561,VPWR,li1,224.7100,62.2530,1.799557
TAP_TAPCELL_ROW_18_560,VPWR,li1,198.9500,62.2530,1.799614
TAP_TAPCELL_ROW_18_559,VPWR,li1,173.1900,62.2530,1.799813
TAP_TAPCELL_ROW_18_558,VPWR,li1,147.4300,62.2530,1.799753
TAP_TAPCELL_ROW_18_557,VPWR,li1,121.6700,62.2530,1.799712
TAP_TAPCELL_ROW_18_556,VPWR,li1,95.9100,62.2530,1.799713
TAP_TAPCELL_ROW_18_555,VPWR,li1,70.1500,62.2530,1.799765
TAP_TAPCELL_ROW_18_554,VPWR,li1,44.3900,62.2530,1.799856
TAP_TAPCELL_ROW_18_553,VPWR,li1,18.6300,62.2530,1.799955
TAP_TAPCELL_ROW_17_552,VPWR,li1,366.3900,57.4260,1.799593
TAP_TAPCELL_ROW_17_551,VPWR,li1,340.6300,57.4260,1.799691
TAP_TAPCELL_ROW_17_550,VPWR,li1,314.8700,57.4260,1.799666
TAP_TAPCELL_ROW_17_549,VPWR,li1,289.1100,57.4260,1.799579
TAP_TAPCELL_ROW_17_548,VPWR,li1,263.3500,57.4260,1.799552
TAP_TAPCELL_ROW_17_547,VPWR,li1,237.5900,57.4260,1.799579
TAP_TAPCELL_ROW_17_546,VPWR,li1,211.8300,57.4260,1.799642
TAP_TAPCELL_ROW_17_545,VPWR,li1,186.0700,57.4260,1.799750
TAP_TAPCELL_ROW_17_544,VPWR,li1,160.3100,57.4260,1.799606
TAP_TAPCELL_ROW_17_543,VPWR,li1,134.5500,57.4260,1.799330
TAP_TAPCELL_ROW_17_542,VPWR,li1,108.7900,57.4260,1.799228
TAP_TAPCELL_ROW_17_541,VPWR,li1,83.0300,57.4260,1.799329
TAP_TAPCELL_ROW_17_540,VPWR,li1,57.2700,57.4260,1.799534
TAP_TAPCELL_ROW_17_539,VPWR,li1,31.5100,57.4260,1.799793
TAP_TAPCELL_ROW_16_538,VPWR,li1,379.2700,56.8130,1.799580
TAP_TAPCELL_ROW_16_537,VPWR,li1,353.5100,56.8130,1.799624
TAP_TAPCELL_ROW_16_536,VPWR,li1,327.7500,56.8130,1.799796
TAP_TAPCELL_ROW_16_535,VPWR,li1,301.9900,56.8130,1.799618
TAP_TAPCELL_ROW_16_534,VPWR,li1,276.2300,56.8130,1.799551
TAP_TAPCELL_ROW_16_533,VPWR,li1,250.4700,56.8130,1.799562
TAP_TAPCELL_ROW_16_532,VPWR,li1,224.7100,56.8130,1.799605
TAP_TAPCELL_ROW_16_531,VPWR,li1,198.9500,56.8130,1.799682
TAP_TAPCELL_ROW_16_530,VPWR,li1,173.1900,56.8130,1.799767
TAP_TAPCELL_ROW_16_529,VPWR,li1,147.4300,56.8130,1.799428
TAP_TAPCELL_ROW_16_528,VPWR,li1,121.6700,56.8130,1.799252
TAP_TAPCELL_ROW_16_527,VPWR,li1,95.9100,56.8130,1.799268
TAP_TAPCELL_ROW_16_526,VPWR,li1,70.1500,56.8130,1.799432
TAP_TAPCELL_ROW_16_525,VPWR,li1,44.3900,56.8130,1.799641
TAP_TAPCELL_ROW_16_524,VPWR,li1,18.6300,56.8130,1.799892
TAP_TAPCELL_ROW_15_523,VPWR,li1,366.3900,51.9860,1.799649
TAP_TAPCELL_ROW_15_522,VPWR,li1,340.6300,51.9860,1.799745
TAP_TAPCELL_ROW_15_521,VPWR,li1,314.8700,51.9860,1.799773
TAP_TAPCELL_ROW_15_520,VPWR,li1,289.1100,51.9860,1.799721
TAP_TAPCELL_ROW_15_519,VPWR,li1,263.3500,51.9860,1.799724
TAP_TAPCELL_ROW_15_518,VPWR,li1,237.5900,51.9860,1.799754
TAP_TAPCELL_ROW_15_517,VPWR,li1,211.8300,51.9860,1.799806
TAP_TAPCELL_ROW_15_516,VPWR,li1,186.0700,51.9860,1.799897
TAP_TAPCELL_ROW_15_515,VPWR,li1,160.3100,51.9860,1.799910
TAP_TAPCELL_ROW_15_514,VPWR,li1,134.5500,51.9860,1.799876
TAP_TAPCELL_ROW_15_513,VPWR,li1,108.7900,51.9860,1.799860
TAP_TAPCELL_ROW_15_512,VPWR,li1,83.0300,51.9860,1.799861
TAP_TAPCELL_ROW_15_511,VPWR,li1,57.2700,51.9860,1.799881
TAP_TAPCELL_ROW_15_510,VPWR,li1,31.5100,51.9860,1.799942
TAP_TAPCELL_ROW_14_509,VPWR,li1,379.2700,51.3730,1.799635
TAP_TAPCELL_ROW_14_508,VPWR,li1,353.5100,51.3730,1.799670
TAP_TAPCELL_ROW_14_507,VPWR,li1,327.7500,51.3730,1.799840
TAP_TAPCELL_ROW_14_506,VPWR,li1,301.9900,51.3730,1.799739
TAP_TAPCELL_ROW_14_505,VPWR,li1,276.2300,51.3730,1.799712
TAP_TAPCELL_ROW_14_504,VPWR,li1,250.4700,51.3730,1.799738
TAP_TAPCELL_ROW_14_503,VPWR,li1,224.7100,51.3730,1.799779
TAP_TAPCELL_ROW_14_502,VPWR,li1,198.9500,51.3730,1.799846
TAP_TAPCELL_ROW_14_501,VPWR,li1,173.1900,51.3730,1.799934
TAP_TAPCELL_ROW_14_500,VPWR,li1,147.4300,51.3730,1.799890
TAP_TAPCELL_ROW_14_499,VPWR,li1,121.6700,51.3730,1.799865
TAP_TAPCELL_ROW_14_498,VPWR,li1,95.9100,51.3730,1.799859
TAP_TAPCELL_ROW_14_497,VPWR,li1,70.1500,51.3730,1.799868
TAP_TAPCELL_ROW_14_496,VPWR,li1,44.3900,51.3730,1.799902
TAP_TAPCELL_ROW_14_495,VPWR,li1,18.6300,51.3730,1.799970
TAP_TAPCELL_ROW_13_494,VPWR,li1,366.3900,46.5460,1.799582
TAP_TAPCELL_ROW_13_493,VPWR,li1,340.6300,46.5460,1.799674
TAP_TAPCELL_ROW_13_492,VPWR,li1,314.8700,46.5460,1.799456
TAP_TAPCELL_ROW_13_491,VPWR,li1,289.1100,46.5460,1.799020
TAP_TAPCELL_ROW_13_490,VPWR,li1,263.3500,46.5460,1.798855
TAP_TAPCELL_ROW_13_489,VPWR,li1,237.5900,46.5460,1.799008
TAP_TAPCELL_ROW_13_488,VPWR,li1,211.8300,46.5460,1.799249
TAP_TAPCELL_ROW_13_487,VPWR,li1,186.0700,46.5460,1.799635
TAP_TAPCELL_ROW_13_486,VPWR,li1,160.3100,46.5460,1.799772
TAP_TAPCELL_ROW_13_485,VPWR,li1,134.5500,46.5460,1.799755
TAP_TAPCELL_ROW_13_484,VPWR,li1,108.7900,46.5460,1.799745
TAP_TAPCELL_ROW_13_483,VPWR,li1,83.0300,46.5460,1.799748
TAP_TAPCELL_ROW_13_482,VPWR,li1,57.2700,46.5460,1.799767
TAP_TAPCELL_ROW_13_481,VPWR,li1,31.5100,46.5460,1.799891
TAP_TAPCELL_ROW_12_480,VPWR,li1,379.2700,45.9330,1.799569
TAP_TAPCELL_ROW_12_479,VPWR,li1,353.5100,45.9330,1.799602
TAP_TAPCELL_ROW_12_478,VPWR,li1,327.7500,45.9330,1.799707
TAP_TAPCELL_ROW_12_477,VPWR,li1,301.9900,45.9330,1.799253
TAP_TAPCELL_ROW_12_476,VPWR,li1,276.2300,45.9330,1.798907
TAP_TAPCELL_ROW_12_475,VPWR,li1,250.4700,45.9330,1.798915
TAP_TAPCELL_ROW_12_474,VPWR,li1,224.7100,45.9330,1.799098
TAP_TAPCELL_ROW_12_473,VPWR,li1,198.9500,45.9330,1.799440
TAP_TAPCELL_ROW_12_472,VPWR,li1,173.1900,45.9330,1.799784
TAP_TAPCELL_ROW_12_471,VPWR,li1,147.4300,45.9330,1.799763
TAP_TAPCELL_ROW_12_470,VPWR,li1,121.6700,45.9330,1.799749
TAP_TAPCELL_ROW_12_469,VPWR,li1,95.9100,45.9330,1.799745
TAP_TAPCELL_ROW_12_468,VPWR,li1,70.1500,45.9330,1.799754
TAP_TAPCELL_ROW_12_467,VPWR,li1,44.3900,45.9330,1.799812
TAP_TAPCELL_ROW_12_466,VPWR,li1,18.6300,45.9330,1.799943
TAP_TAPCELL_ROW_11_465,VPWR,li1,366.3900,41.1060,1.799804
TAP_TAPCELL_ROW_11_464,VPWR,li1,340.6300,41.1060,1.799804
TAP_TAPCELL_ROW_11_463,VPWR,li1,314.8700,41.1060,1.799534
TAP_TAPCELL_ROW_11_462,VPWR,li1,289.1100,41.1060,1.799179
TAP_TAPCELL_ROW_11_461,VPWR,li1,263.3500,41.1060,1.798910
TAP_TAPCELL_ROW_11_460,VPWR,li1,237.5900,41.1060,1.798697
TAP_TAPCELL_ROW_11_459,VPWR,li1,211.8300,41.1060,1.798897
TAP_TAPCELL_ROW_11_458,VPWR,li1,186.0700,41.1060,1.799454
TAP_TAPCELL_ROW_11_457,VPWR,li1,160.3100,41.1060,1.799663
TAP_TAPCELL_ROW_11_456,VPWR,li1,134.5500,41.1060,1.799599
TAP_TAPCELL_ROW_11_455,VPWR,li1,108.7900,41.1060,1.799591
TAP_TAPCELL_ROW_11_454,VPWR,li1,83.0300,41.1060,1.799654
TAP_TAPCELL_ROW_11_453,VPWR,li1,57.2700,41.1060,1.799738
TAP_TAPCELL_ROW_11_452,VPWR,li1,31.5100,41.1060,1.799885
TAP_TAPCELL_ROW_10_451,VPWR,li1,379.2700,40.4930,1.799804
TAP_TAPCELL_ROW_10_450,VPWR,li1,353.5100,40.4930,1.799804
TAP_TAPCELL_ROW_10_449,VPWR,li1,327.7500,40.4930,1.799805
TAP_TAPCELL_ROW_10_448,VPWR,li1,301.9900,40.4930,1.799319
TAP_TAPCELL_ROW_10_447,VPWR,li1,276.2300,40.4930,1.799042
TAP_TAPCELL_ROW_10_446,VPWR,li1,250.4700,40.4930,1.798806
TAP_TAPCELL_ROW_10_445,VPWR,li1,224.7100,40.4930,1.798734
TAP_TAPCELL_ROW_10_444,VPWR,li1,198.9500,40.4930,1.799166
TAP_TAPCELL_ROW_10_443,VPWR,li1,173.1900,40.4930,1.799706
TAP_TAPCELL_ROW_10_442,VPWR,li1,147.4300,40.4930,1.799626
TAP_TAPCELL_ROW_10_441,VPWR,li1,121.6700,40.4930,1.799575
TAP_TAPCELL_ROW_10_440,VPWR,li1,95.9100,40.4930,1.799618
TAP_TAPCELL_ROW_10_439,VPWR,li1,70.1500,40.4930,1.799694
TAP_TAPCELL_ROW_10_438,VPWR,li1,44.3900,40.4930,1.799810
TAP_TAPCELL_ROW_10_437,VPWR,li1,18.6300,40.4930,1.799940
TAP_TAPCELL_ROW_9_436,VPWR,li1,366.3900,35.6660,1.799379
TAP_TAPCELL_ROW_9_435,VPWR,li1,340.6300,35.6660,1.799423
TAP_TAPCELL_ROW_9_434,VPWR,li1,314.8700,35.6660,1.799265
TAP_TAPCELL_ROW_9_433,VPWR,li1,289.1100,35.6660,1.798880
TAP_TAPCELL_ROW_9_432,VPWR,li1,263.3500,35.6660,1.798651
TAP_TAPCELL_ROW_9_431,VPWR,li1,237.5900,35.6660,1.798654
TAP_TAPCELL_ROW_9_430,VPWR,li1,211.8300,35.6660,1.798714
TAP_TAPCELL_ROW_9_429,VPWR,li1,186.0700,35.6660,1.799118
TAP_TAPCELL_ROW_9_428,VPWR,li1,160.3100,35.6660,1.799195
TAP_TAPCELL_ROW_9_427,VPWR,li1,134.5500,35.6660,1.799023
TAP_TAPCELL_ROW_9_426,VPWR,li1,108.7900,35.6660,1.799100
TAP_TAPCELL_ROW_9_425,VPWR,li1,83.0300,35.6660,1.799267
TAP_TAPCELL_ROW_9_424,VPWR,li1,57.2700,35.6660,1.799460
TAP_TAPCELL_ROW_9_423,VPWR,li1,31.5100,35.6660,1.799749
TAP_TAPCELL_ROW_8_422,VPWR,li1,379.2700,35.0530,1.799379
TAP_TAPCELL_ROW_8_421,VPWR,li1,353.5100,35.0530,1.799379
TAP_TAPCELL_ROW_8_420,VPWR,li1,327.7500,35.0530,1.799528
TAP_TAPCELL_ROW_8_419,VPWR,li1,301.9900,35.0530,1.799040
TAP_TAPCELL_ROW_8_418,VPWR,li1,276.2300,35.0530,1.798762
TAP_TAPCELL_ROW_8_417,VPWR,li1,250.4700,35.0530,1.798642
TAP_TAPCELL_ROW_8_416,VPWR,li1,224.7100,35.0530,1.798669
TAP_TAPCELL_ROW_8_415,VPWR,li1,198.9500,35.0530,1.798874
TAP_TAPCELL_ROW_8_414,VPWR,li1,173.1900,35.0530,1.799366
TAP_TAPCELL_ROW_8_413,VPWR,li1,147.4300,35.0530,1.799037
TAP_TAPCELL_ROW_8_412,VPWR,li1,121.6700,35.0530,1.799047
TAP_TAPCELL_ROW_8_411,VPWR,li1,95.9100,35.0530,1.799179
TAP_TAPCELL_ROW_8_410,VPWR,li1,70.1500,35.0530,1.799355
TAP_TAPCELL_ROW_8_409,VPWR,li1,44.3900,35.0530,1.799574
TAP_TAPCELL_ROW_8_408,VPWR,li1,18.6300,35.0530,1.799869
TAP_TAPCELL_ROW_7_407,VPWR,li1,366.3900,30.2260,1.799126
TAP_TAPCELL_ROW_7_406,VPWR,li1,340.6300,30.2260,1.799135
TAP_TAPCELL_ROW_7_405,VPWR,li1,314.8700,30.2260,1.798118
TAP_TAPCELL_ROW_7_404,VPWR,li1,289.1100,30.2260,1.796340
TAP_TAPCELL_ROW_7_403,VPWR,li1,263.3500,30.2260,1.795583
TAP_TAPCELL_ROW_7_402,VPWR,li1,237.5900,30.2260,1.795509
TAP_TAPCELL_ROW_7_401,VPWR,li1,211.8300,30.2260,1.795893
TAP_TAPCELL_ROW_7_400,VPWR,li1,186.0700,30.2260,1.797777
TAP_TAPCELL_ROW_7_399,VPWR,li1,160.3100,30.2260,1.798568
TAP_TAPCELL_ROW_7_398,VPWR,li1,134.5500,30.2260,1.798482
TAP_TAPCELL_ROW_7_397,VPWR,li1,108.7900,30.2260,1.798587
TAP_TAPCELL_ROW_7_396,VPWR,li1,83.0300,30.2260,1.798730
TAP_TAPCELL_ROW_7_395,VPWR,li1,57.2700,30.2260,1.799094
TAP_TAPCELL_ROW_7_394,VPWR,li1,31.5100,30.2260,1.799619
TAP_TAPCELL_ROW_6_393,VPWR,li1,379.2700,29.6130,1.799126
TAP_TAPCELL_ROW_6_392,VPWR,li1,353.5100,29.6130,1.799126
TAP_TAPCELL_ROW_6_391,VPWR,li1,327.7500,29.6130,1.799154
TAP_TAPCELL_ROW_6_390,VPWR,li1,301.9900,29.6130,1.797093
TAP_TAPCELL_ROW_6_389,VPWR,li1,276.2300,29.6130,1.795900
TAP_TAPCELL_ROW_6_388,VPWR,li1,250.4700,29.6130,1.795547
TAP_TAPCELL_ROW_6_387,VPWR,li1,224.7100,29.6130,1.795561
TAP_TAPCELL_ROW_6_386,VPWR,li1,198.9500,29.6130,1.796737
TAP_TAPCELL_ROW_6_385,VPWR,li1,173.1900,29.6130,1.798761
TAP_TAPCELL_ROW_6_384,VPWR,li1,147.4300,29.6130,1.798453
TAP_TAPCELL_ROW_6_383,VPWR,li1,121.6700,29.6130,1.798518
TAP_TAPCELL_ROW_6_382,VPWR,li1,95.9100,29.6130,1.798655
TAP_TAPCELL_ROW_6_381,VPWR,li1,70.1500,29.6130,1.798879
TAP_TAPCELL_ROW_6_380,VPWR,li1,44.3900,29.6130,1.799331
TAP_TAPCELL_ROW_6_379,VPWR,li1,18.6300,29.6130,1.799801
TAP_TAPCELL_ROW_5_378,VPWR,li1,366.3900,24.7860,1.797668
TAP_TAPCELL_ROW_5_377,VPWR,li1,340.6300,24.7860,1.797668
TAP_TAPCELL_ROW_5_376,VPWR,li1,314.8700,24.7860,1.795032
TAP_TAPCELL_ROW_5_375,VPWR,li1,289.1100,24.7860,1.792458
TAP_TAPCELL_ROW_5_374,VPWR,li1,263.3500,24.7860,1.791277
TAP_TAPCELL_ROW_5_373,VPWR,li1,237.5900,24.7860,1.791416
TAP_TAPCELL_ROW_5_372,VPWR,li1,211.8300,24.7860,1.791924
TAP_TAPCELL_ROW_5_371,VPWR,li1,186.0700,24.7860,1.794962
TAP_TAPCELL_ROW_5_370,VPWR,li1,160.3100,24.7860,1.796434
TAP_TAPCELL_ROW_5_369,VPWR,li1,134.5500,24.7860,1.796258
TAP_TAPCELL_ROW_5_368,VPWR,li1,108.7900,24.7860,1.796673
TAP_TAPCELL_ROW_5_367,VPWR,li1,83.0300,24.7860,1.797455
TAP_TAPCELL_ROW_5_366,VPWR,li1,57.2700,24.7860,1.798251
TAP_TAPCELL_ROW_5_365,VPWR,li1,31.5100,24.7860,1.799265
TAP_TAPCELL_ROW_4_364,VPWR,li1,379.2700,24.1730,1.797668
TAP_TAPCELL_ROW_4_363,VPWR,li1,353.5100,24.1730,1.797668
TAP_TAPCELL_ROW_4_362,VPWR,li1,327.7500,24.1730,1.797690
TAP_TAPCELL_ROW_4_361,VPWR,li1,301.9900,24.1730,1.793532
TAP_TAPCELL_ROW_4_360,VPWR,li1,276.2300,24.1730,1.791657
TAP_TAPCELL_ROW_4_359,VPWR,li1,250.4700,24.1730,1.791339
TAP_TAPCELL_ROW_4_358,VPWR,li1,224.7100,24.1730,1.791501
TAP_TAPCELL_ROW_4_357,VPWR,li1,198.9500,24.1730,1.793215
TAP_TAPCELL_ROW_4_356,VPWR,li1,173.1900,24.1730,1.797120
TAP_TAPCELL_ROW_4_355,VPWR,li1,147.4300,24.1730,1.796153
TAP_TAPCELL_ROW_4_354,VPWR,li1,121.6700,24.1730,1.796383
TAP_TAPCELL_ROW_4_353,VPWR,li1,95.9100,24.1730,1.797056
TAP_TAPCELL_ROW_4_352,VPWR,li1,70.1500,24.1730,1.797815
TAP_TAPCELL_ROW_4_351,VPWR,li1,44.3900,24.1730,1.798711
TAP_TAPCELL_ROW_4_350,VPWR,li1,18.6300,24.1730,1.799617
TAP_TAPCELL_ROW_3_349,VPWR,li1,366.3900,19.3460,1.798783
TAP_TAPCELL_ROW_3_348,VPWR,li1,340.6300,19.3460,1.798783
TAP_TAPCELL_ROW_3_347,VPWR,li1,314.8700,19.3460,1.797523
TAP_TAPCELL_ROW_3_346,VPWR,li1,289.1100,19.3460,1.796694
TAP_TAPCELL_ROW_3_345,VPWR,li1,263.3500,19.3460,1.796731
TAP_TAPCELL_ROW_3_344,VPWR,li1,237.5900,19.3460,1.796797
TAP_TAPCELL_ROW_3_343,VPWR,li1,211.8300,19.3460,1.796907
TAP_TAPCELL_ROW_3_342,VPWR,li1,186.0700,19.3460,1.797336
TAP_TAPCELL_ROW_3_341,VPWR,li1,160.3100,19.3460,1.796955
TAP_TAPCELL_ROW_3_340,VPWR,li1,134.5500,19.3460,1.795881
TAP_TAPCELL_ROW_3_339,VPWR,li1,108.7900,19.3460,1.795788
TAP_TAPCELL_ROW_3_338,VPWR,li1,83.0300,19.3460,1.796328
TAP_TAPCELL_ROW_3_337,VPWR,li1,57.2700,19.3460,1.797376
TAP_TAPCELL_ROW_3_336,VPWR,li1,31.5100,19.3460,1.798918
TAP_TAPCELL_ROW_2_335,VPWR,li1,379.2700,18.7330,1.798783
TAP_TAPCELL_ROW_2_334,VPWR,li1,353.5100,18.7330,1.798783
TAP_TAPCELL_ROW_2_333,VPWR,li1,327.7500,18.7330,1.798805
TAP_TAPCELL_ROW_2_332,VPWR,li1,301.9900,18.7330,1.796751
TAP_TAPCELL_ROW_2_331,VPWR,li1,276.2300,18.7330,1.796709
TAP_TAPCELL_ROW_2_330,VPWR,li1,250.4700,18.7330,1.796762
TAP_TAPCELL_ROW_2_329,VPWR,li1,224.7100,18.7330,1.796841
TAP_TAPCELL_ROW_2_328,VPWR,li1,198.9500,18.7330,1.796971
TAP_TAPCELL_ROW_2_327,VPWR,li1,173.1900,18.7330,1.798044
TAP_TAPCELL_ROW_2_326,VPWR,li1,147.4300,18.7330,1.796120
TAP_TAPCELL_ROW_2_325,VPWR,li1,121.6700,18.7330,1.795669
TAP_TAPCELL_ROW_2_324,VPWR,li1,95.9100,18.7330,1.796050
TAP_TAPCELL_ROW_2_323,VPWR,li1,70.1500,18.7330,1.796703
TAP_TAPCELL_ROW_2_322,VPWR,li1,44.3900,18.7330,1.798102
TAP_TAPCELL_ROW_2_321,VPWR,li1,18.6300,18.7330,1.799436
TAP_TAPCELL_ROW_1_320,VPWR,li1,366.3900,13.9060,1.799717
TAP_TAPCELL_ROW_1_319,VPWR,li1,340.6300,13.9060,1.799732
TAP_TAPCELL_ROW_1_318,VPWR,li1,314.8700,13.9060,1.799634
TAP_TAPCELL_ROW_1_317,VPWR,li1,289.1100,13.9060,1.799492
TAP_TAPCELL_ROW_1_316,VPWR,li1,263.3500,13.9060,1.799365
TAP_TAPCELL_ROW_1_315,VPWR,li1,237.5900,13.9060,1.799265
TAP_TAPCELL_ROW_1_314,VPWR,li1,211.8300,13.9060,1.799204
TAP_TAPCELL_ROW_1_313,VPWR,li1,186.0700,13.9060,1.799298
TAP_TAPCELL_ROW_1_312,VPWR,li1,160.3100,13.9060,1.798769
TAP_TAPCELL_ROW_1_311,VPWR,li1,134.5500,13.9060,1.798197
TAP_TAPCELL_ROW_1_310,VPWR,li1,108.7900,13.9060,1.798088
TAP_TAPCELL_ROW_1_309,VPWR,li1,83.0300,13.9060,1.798517
TAP_TAPCELL_ROW_1_308,VPWR,li1,57.2700,13.9060,1.798994
TAP_TAPCELL_ROW_1_307,VPWR,li1,31.5100,13.9060,1.799583
TAP_TAPCELL_ROW_0_306,VPWR,li1,379.2700,13.2930,1.799717
TAP_TAPCELL_ROW_0_305,VPWR,li1,366.3900,13.2930,1.799717
TAP_TAPCELL_ROW_0_304,VPWR,li1,353.5100,13.2930,1.799717
TAP_TAPCELL_ROW_0_303,VPWR,li1,340.6300,13.2930,1.799732
TAP_TAPCELL_ROW_0_302,VPWR,li1,327.7500,13.2930,1.799778
TAP_TAPCELL_ROW_0_301,VPWR,li1,314.8700,13.2930,1.799634
TAP_TAPCELL_ROW_0_300,VPWR,li1,301.9900,13.2930,1.799566
TAP_TAPCELL_ROW_0_299,VPWR,li1,289.1100,13.2930,1.799492
TAP_TAPCELL_ROW_0_298,VPWR,li1,276.2300,13.2930,1.799426
TAP_TAPCELL_ROW_0_297,VPWR,li1,263.3500,13.2930,1.799365
TAP_TAPCELL_ROW_0_296,VPWR,li1,250.4700,13.2930,1.799310
TAP_TAPCELL_ROW_0_295,VPWR,li1,237.5900,13.2930,1.799265
TAP_TAPCELL_ROW_0_294,VPWR,li1,224.7100,13.2930,1.799231
TAP_TAPCELL_ROW_0_293,VPWR,li1,211.8300,13.2930,1.799204
TAP_TAPCELL_ROW_0_292,VPWR,li1,198.9500,13.2930,1.799192
TAP_TAPCELL_ROW_0_291,VPWR,li1,186.0700,13.2930,1.799298
TAP_TAPCELL_ROW_0_290,VPWR,li1,173.1900,13.2930,1.799317
TAP_TAPCELL_ROW_0_289,VPWR,li1,160.3100,13.2930,1.798769
TAP_TAPCELL_ROW_0_288,VPWR,li1,147.4300,13.2930,1.798427
TAP_TAPCELL_ROW_0_287,VPWR,li1,134.5500,13.2930,1.798197
TAP_TAPCELL_ROW_0_286,VPWR,li1,121.6700,13.2930,1.797986
TAP_TAPCELL_ROW_0_285,VPWR,li1,108.7900,13.2930,1.798088
TAP_TAPCELL_ROW_0_284,VPWR,li1,95.9100,13.2930,1.798312
TAP_TAPCELL_ROW_0_283,VPWR,li1,83.0300,13.2930,1.798517
TAP_TAPCELL_ROW_0_282,VPWR,li1,70.1500,13.2930,1.798739
TAP_TAPCELL_ROW_0_281,VPWR,li1,57.2700,13.2930,1.798994
TAP_TAPCELL_ROW_0_280,VPWR,li1,44.3900,13.2930,1.799269
TAP_TAPCELL_ROW_0_279,VPWR,li1,31.5100,13.2930,1.799583
TAP_TAPCELL_ROW_0_278,VPWR,li1,18.6300,13.2930,1.799783
PHY_EDGE_ROW_138_Left_277,VPWR,li1,6.2100,388.9600,1.799984
PHY_EDGE_ROW_137_Left_276,VPWR,li1,6.2100,383.5200,1.799768
PHY_EDGE_ROW_136_Left_275,VPWR,li1,6.2100,383.5200,1.799768
PHY_EDGE_ROW_135_Left_274,VPWR,li1,6.2100,378.0800,1.799628
PHY_EDGE_ROW_134_Left_273,VPWR,li1,6.2100,378.0800,1.799628
PHY_EDGE_ROW_133_Left_272,VPWR,li1,6.2100,372.6400,1.799644
PHY_EDGE_ROW_132_Left_271,VPWR,li1,6.2100,372.6400,1.799644
PHY_EDGE_ROW_131_Left_270,VPWR,li1,6.2100,367.2000,1.799706
PHY_EDGE_ROW_130_Left_269,VPWR,li1,6.2100,367.2000,1.799706
PHY_EDGE_ROW_129_Left_268,VPWR,li1,6.2100,361.7600,1.799868
PHY_EDGE_ROW_128_Left_267,VPWR,li1,6.2100,361.7600,1.799868
PHY_EDGE_ROW_127_Left_266,VPWR,li1,6.2100,356.3200,1.799929
PHY_EDGE_ROW_126_Left_265,VPWR,li1,6.2100,356.3200,1.799929
PHY_EDGE_ROW_125_Left_264,VPWR,li1,6.2100,350.8800,1.799964
PHY_EDGE_ROW_124_Left_263,VPWR,li1,6.2100,350.8800,1.799964
PHY_EDGE_ROW_123_Left_262,VPWR,li1,6.2100,345.4400,1.799936
PHY_EDGE_ROW_122_Left_261,VPWR,li1,6.2100,345.4400,1.799936
PHY_EDGE_ROW_121_Left_260,VPWR,li1,6.2100,340.0000,1.799940
PHY_EDGE_ROW_120_Left_259,VPWR,li1,6.2100,340.0000,1.799940
PHY_EDGE_ROW_119_Left_258,VPWR,li1,6.2100,334.5600,1.799958
PHY_EDGE_ROW_118_Left_257,VPWR,li1,6.2100,334.5600,1.799958
PHY_EDGE_ROW_117_Left_256,VPWR,li1,6.2100,329.1200,1.799959
PHY_EDGE_ROW_116_Left_255,VPWR,li1,6.2100,329.1200,1.799959
PHY_EDGE_ROW_115_Left_254,VPWR,li1,6.2100,323.6800,1.799964
PHY_EDGE_ROW_114_Left_253,VPWR,li1,6.2100,323.6800,1.799964
PHY_EDGE_ROW_113_Left_252,VPWR,li1,6.2100,318.2400,1.799946
PHY_EDGE_ROW_112_Left_251,VPWR,li1,6.2100,318.2400,1.799946
PHY_EDGE_ROW_111_Left_250,VPWR,li1,6.2100,312.8000,1.799956
PHY_EDGE_ROW_110_Left_249,VPWR,li1,6.2100,312.8000,1.799956
PHY_EDGE_ROW_109_Left_248,VPWR,li1,6.2100,307.3600,1.799975
PHY_EDGE_ROW_108_Left_247,VPWR,li1,6.2100,307.3600,1.799975
PHY_EDGE_ROW_107_Left_246,VPWR,li1,6.2100,301.9200,1.799965
PHY_EDGE_ROW_106_Left_245,VPWR,li1,6.2100,301.9200,1.799965
PHY_EDGE_ROW_105_Left_244,VPWR,li1,6.2100,296.4800,1.799965
PHY_EDGE_ROW_104_Left_243,VPWR,li1,6.2100,296.4800,1.799965
PHY_EDGE_ROW_103_Left_242,VPWR,li1,6.2100,291.0400,1.799984
PHY_EDGE_ROW_102_Left_241,VPWR,li1,6.2100,291.0400,1.799984
PHY_EDGE_ROW_101_Left_240,VPWR,li1,6.2100,285.6000,1.799809
PHY_EDGE_ROW_100_Left_239,VPWR,li1,6.2100,285.6000,1.799809
PHY_EDGE_ROW_99_Left_238,VPWR,li1,6.2100,280.1600,1.799410
PHY_EDGE_ROW_98_Left_237,VPWR,li1,6.2100,280.1600,1.799410
PHY_EDGE_ROW_97_Left_236,VPWR,li1,6.2100,274.7200,1.799741
PHY_EDGE_ROW_96_Left_235,VPWR,li1,6.2100,274.7200,1.799741
PHY_EDGE_ROW_95_Left_234,VPWR,li1,6.2100,269.2800,1.799744
PHY_EDGE_ROW_94_Left_233,VPWR,li1,6.2100,269.2800,1.799744
PHY_EDGE_ROW_93_Left_232,VPWR,li1,6.2100,263.8400,1.799846
PHY_EDGE_ROW_92_Left_231,VPWR,li1,6.2100,263.8400,1.799846
PHY_EDGE_ROW_91_Left_230,VPWR,li1,6.2100,258.4000,1.799921
PHY_EDGE_ROW_90_Left_229,VPWR,li1,6.2100,258.4000,1.799921
PHY_EDGE_ROW_89_Left_228,VPWR,li1,6.2100,252.9600,1.799956
PHY_EDGE_ROW_88_Left_227,VPWR,li1,6.2100,252.9600,1.799956
PHY_EDGE_ROW_87_Left_226,VPWR,li1,6.2100,247.5200,1.799948
PHY_EDGE_ROW_86_Left_225,VPWR,li1,6.2100,247.5200,1.799948
PHY_EDGE_ROW_85_Left_224,VPWR,li1,6.2100,242.0800,1.799935
PHY_EDGE_ROW_84_Left_223,VPWR,li1,6.2100,242.0800,1.799935
PHY_EDGE_ROW_83_Left_222,VPWR,li1,6.2100,236.6400,1.799952
PHY_EDGE_ROW_82_Left_221,VPWR,li1,6.2100,236.6400,1.799952
PHY_EDGE_ROW_81_Left_220,VPWR,li1,6.2100,231.2000,1.799959
PHY_EDGE_ROW_80_Left_219,VPWR,li1,6.2100,231.2000,1.799959
PHY_EDGE_ROW_79_Left_218,VPWR,li1,6.2100,225.7600,1.799951
PHY_EDGE_ROW_78_Left_217,VPWR,li1,6.2100,225.7600,1.799951
PHY_EDGE_ROW_77_Left_216,VPWR,li1,6.2100,220.3200,1.799949
PHY_EDGE_ROW_76_Left_215,VPWR,li1,6.2100,220.3200,1.799949
PHY_EDGE_ROW_75_Left_214,VPWR,li1,6.2100,214.8800,1.799962
PHY_EDGE_ROW_74_Left_213,VPWR,li1,6.2100,214.8800,1.799962
PHY_EDGE_ROW_73_Left_212,VPWR,li1,6.2100,209.4400,1.799976
PHY_EDGE_ROW_72_Left_211,VPWR,li1,6.2100,209.4400,1.799976
PHY_EDGE_ROW_71_Left_210,VPWR,li1,6.2100,204.0000,1.799975
PHY_EDGE_ROW_70_Left_209,VPWR,li1,6.2100,204.0000,1.799975
PHY_EDGE_ROW_69_Left_208,VPWR,li1,6.2100,198.5600,1.799983
PHY_EDGE_ROW_68_Left_207,VPWR,li1,6.2100,198.5600,1.799983
PHY_EDGE_ROW_67_Left_206,VPWR,li1,6.2100,193.1200,1.799971
PHY_EDGE_ROW_66_Left_205,VPWR,li1,6.2100,193.1200,1.799971
PHY_EDGE_ROW_65_Left_204,VPWR,li1,6.2100,187.6800,1.799979
PHY_EDGE_ROW_64_Left_203,VPWR,li1,6.2100,187.6800,1.799979
PHY_EDGE_ROW_63_Left_202,VPWR,li1,6.2100,182.2400,1.799970
PHY_EDGE_ROW_62_Left_201,VPWR,li1,6.2100,182.2400,1.799970
PHY_EDGE_ROW_61_Left_200,VPWR,li1,6.2100,176.8000,1.799945
PHY_EDGE_ROW_60_Left_199,VPWR,li1,6.2100,176.8000,1.799945
PHY_EDGE_ROW_59_Left_198,VPWR,li1,6.2100,171.3600,1.799943
PHY_EDGE_ROW_58_Left_197,VPWR,li1,6.2100,171.3600,1.799943
PHY_EDGE_ROW_57_Left_196,VPWR,li1,6.2100,165.9200,1.799951
PHY_EDGE_ROW_56_Left_195,VPWR,li1,6.2100,165.9200,1.799951
PHY_EDGE_ROW_55_Left_194,VPWR,li1,6.2100,160.4800,1.799962
PHY_EDGE_ROW_54_Left_193,VPWR,li1,6.2100,160.4800,1.799962
PHY_EDGE_ROW_53_Left_192,VPWR,li1,6.2100,155.0400,1.799932
PHY_EDGE_ROW_52_Left_191,VPWR,li1,6.2100,155.0400,1.799932
PHY_EDGE_ROW_51_Left_190,VPWR,li1,6.2100,149.6000,1.799909
PHY_EDGE_ROW_50_Left_189,VPWR,li1,6.2100,149.6000,1.799909
PHY_EDGE_ROW_49_Left_188,VPWR,li1,6.2100,144.1600,1.799966
PHY_EDGE_ROW_48_Left_187,VPWR,li1,6.2100,144.1600,1.799966
PHY_EDGE_ROW_47_Left_186,VPWR,li1,6.2100,138.7200,1.799947
PHY_EDGE_ROW_46_Left_185,VPWR,li1,6.2100,138.7200,1.799947
PHY_EDGE_ROW_45_Left_184,VPWR,li1,6.2100,133.2800,1.799828
PHY_EDGE_ROW_44_Left_183,VPWR,li1,6.2100,133.2800,1.799828
PHY_EDGE_ROW_43_Left_182,VPWR,li1,6.2100,127.8400,1.799871
PHY_EDGE_ROW_42_Left_181,VPWR,li1,6.2100,127.8400,1.799871
PHY_EDGE_ROW_41_Left_180,VPWR,li1,6.2100,122.4000,1.799636
PHY_EDGE_ROW_40_Left_179,VPWR,li1,6.2100,122.4000,1.799636
PHY_EDGE_ROW_39_Left_178,VPWR,li1,6.2100,116.9600,1.799714
PHY_EDGE_ROW_38_Left_177,VPWR,li1,6.2100,116.9600,1.799714
PHY_EDGE_ROW_37_Left_176,VPWR,li1,6.2100,111.5200,1.799563
PHY_EDGE_ROW_36_Left_175,VPWR,li1,6.2100,111.5200,1.799563
PHY_EDGE_ROW_35_Left_174,VPWR,li1,6.2100,106.0800,1.799941
PHY_EDGE_ROW_34_Left_173,VPWR,li1,6.2100,106.0800,1.799941
PHY_EDGE_ROW_33_Left_172,VPWR,li1,6.2100,100.6400,1.799984
PHY_EDGE_ROW_32_Left_171,VPWR,li1,6.2100,100.6400,1.799984
PHY_EDGE_ROW_31_Left_170,VPWR,li1,6.2100,95.2000,1.799963
PHY_EDGE_ROW_30_Left_169,VPWR,li1,6.2100,95.2000,1.799963
PHY_EDGE_ROW_29_Left_168,VPWR,li1,6.2100,89.7600,1.799970
PHY_EDGE_ROW_28_Left_167,VPWR,li1,6.2100,89.7600,1.799970
PHY_EDGE_ROW_27_Left_166,VPWR,li1,6.2100,84.3200,1.799946
PHY_EDGE_ROW_26_Left_165,VPWR,li1,6.2100,84.3200,1.799946
PHY_EDGE_ROW_25_Left_164,VPWR,li1,6.2100,78.8800,1.799968
PHY_EDGE_ROW_24_Left_163,VPWR,li1,6.2100,78.8800,1.799968
PHY_EDGE_ROW_23_Left_162,VPWR,li1,6.2100,73.4400,1.799971
PHY_EDGE_ROW_22_Left_161,VPWR,li1,6.2100,73.4400,1.799971
PHY_EDGE_ROW_21_Left_160,VPWR,li1,6.2100,68.0000,1.799961
PHY_EDGE_ROW_20_Left_159,VPWR,li1,6.2100,68.0000,1.799961
PHY_EDGE_ROW_19_Left_158,VPWR,li1,6.2100,62.5600,1.799955
PHY_EDGE_ROW_18_Left_157,VPWR,li1,6.2100,62.5600,1.799955
PHY_EDGE_ROW_17_Left_156,VPWR,li1,6.2100,57.1200,1.799892
PHY_EDGE_ROW_16_Left_155,VPWR,li1,6.2100,57.1200,1.799892
PHY_EDGE_ROW_15_Left_154,VPWR,li1,6.2100,51.6800,1.799970
PHY_EDGE_ROW_14_Left_153,VPWR,li1,6.2100,51.6800,1.799970
PHY_EDGE_ROW_13_Left_152,VPWR,li1,6.2100,46.2400,1.799943
PHY_EDGE_ROW_12_Left_151,VPWR,li1,6.2100,46.2400,1.799943
PHY_EDGE_ROW_11_Left_150,VPWR,li1,6.2100,40.8000,1.799940
PHY_EDGE_ROW_10_Left_149,VPWR,li1,6.2100,40.8000,1.799940
PHY_EDGE_ROW_9_Left_148,VPWR,li1,6.2100,35.3600,1.799869
PHY_EDGE_ROW_8_Left_147,VPWR,li1,6.2100,35.3600,1.799869
PHY_EDGE_ROW_7_Left_146,VPWR,li1,6.2100,29.9200,1.799801
PHY_EDGE_ROW_6_Left_145,VPWR,li1,6.2100,29.9200,1.799801
PHY_EDGE_ROW_5_Left_144,VPWR,li1,6.2100,24.4800,1.799617
PHY_EDGE_ROW_4_Left_143,VPWR,li1,6.2100,24.4800,1.799617
PHY_EDGE_ROW_3_Left_142,VPWR,li1,6.2100,19.0400,1.799436
PHY_EDGE_ROW_2_Left_141,VPWR,li1,6.2100,19.0400,1.799436
PHY_EDGE_ROW_1_Left_140,VPWR,li1,6.2100,13.6000,1.799783
PHY_EDGE_ROW_0_Left_139,VPWR,li1,6.2100,13.6000,1.799783
PHY_EDGE_ROW_138_Right_138,VPWR,li1,385.2500,388.9600,1.799876
PHY_EDGE_ROW_137_Right_137,VPWR,li1,385.2500,383.5200,1.798403
PHY_EDGE_ROW_136_Right_136,VPWR,li1,385.2500,383.5200,1.798403
PHY_EDGE_ROW_135_Right_135,VPWR,li1,385.2500,378.0800,1.798629
PHY_EDGE_ROW_134_Right_134,VPWR,li1,385.2500,378.0800,1.798629
PHY_EDGE_ROW_133_Right_133,VPWR,li1,385.2500,372.6400,1.799484
PHY_EDGE_ROW_132_Right_132,VPWR,li1,385.2500,372.6400,1.799484
PHY_EDGE_ROW_131_Right_131,VPWR,li1,385.2500,367.2000,1.799408
PHY_EDGE_ROW_130_Right_130,VPWR,li1,385.2500,367.2000,1.799408
PHY_EDGE_ROW_129_Right_129,VPWR,li1,385.2500,361.7600,1.799677
PHY_EDGE_ROW_128_Right_128,VPWR,li1,385.2500,361.7600,1.799677
PHY_EDGE_ROW_127_Right_127,VPWR,li1,385.2500,356.3200,1.799725
PHY_EDGE_ROW_126_Right_126,VPWR,li1,385.2500,356.3200,1.799725
PHY_EDGE_ROW_125_Right_125,VPWR,li1,385.2500,350.8800,1.799289
PHY_EDGE_ROW_124_Right_124,VPWR,li1,385.2500,350.8800,1.799289
PHY_EDGE_ROW_123_Right_123,VPWR,li1,385.2500,345.4400,1.799526
PHY_EDGE_ROW_122_Right_122,VPWR,li1,385.2500,345.4400,1.799526
PHY_EDGE_ROW_121_Right_121,VPWR,li1,385.2500,340.0000,1.799648
PHY_EDGE_ROW_120_Right_120,VPWR,li1,385.2500,340.0000,1.799648
PHY_EDGE_ROW_119_Right_119,VPWR,li1,385.2500,334.5600,1.799883
PHY_EDGE_ROW_118_Right_118,VPWR,li1,385.2500,334.5600,1.799883
PHY_EDGE_ROW_117_Right_117,VPWR,li1,385.2500,329.1200,1.799700
PHY_EDGE_ROW_116_Right_116,VPWR,li1,385.2500,329.1200,1.799700
PHY_EDGE_ROW_115_Right_115,VPWR,li1,385.2500,323.6800,1.799823
PHY_EDGE_ROW_114_Right_114,VPWR,li1,385.2500,323.6800,1.799823
PHY_EDGE_ROW_113_Right_113,VPWR,li1,385.2500,318.2400,1.799893
PHY_EDGE_ROW_112_Right_112,VPWR,li1,385.2500,318.2400,1.799893
PHY_EDGE_ROW_111_Right_111,VPWR,li1,385.2500,312.8000,1.799935
PHY_EDGE_ROW_110_Right_110,VPWR,li1,385.2500,312.8000,1.799935
PHY_EDGE_ROW_109_Right_109,VPWR,li1,385.2500,307.3600,1.799803
PHY_EDGE_ROW_108_Right_108,VPWR,li1,385.2500,307.3600,1.799803
PHY_EDGE_ROW_107_Right_107,VPWR,li1,385.2500,301.9200,1.799957
PHY_EDGE_ROW_106_Right_106,VPWR,li1,385.2500,301.9200,1.799957
PHY_EDGE_ROW_105_Right_105,VPWR,li1,385.2500,296.4800,1.799979
PHY_EDGE_ROW_104_Right_104,VPWR,li1,385.2500,296.4800,1.799979
PHY_EDGE_ROW_103_Right_103,VPWR,li1,385.2500,291.0400,1.799980
PHY_EDGE_ROW_102_Right_102,VPWR,li1,385.2500,291.0400,1.799980
PHY_EDGE_ROW_101_Right_101,VPWR,li1,385.2500,285.6000,1.799735
PHY_EDGE_ROW_100_Right_100,VPWR,li1,385.2500,285.6000,1.799735
PHY_EDGE_ROW_99_Right_99,VPWR,li1,385.2500,280.1600,1.798663
PHY_EDGE_ROW_98_Right_98,VPWR,li1,385.2500,280.1600,1.798663
PHY_EDGE_ROW_97_Right_97,VPWR,li1,385.2500,274.7200,1.790693
PHY_EDGE_ROW_96_Right_96,VPWR,li1,385.2500,274.7200,1.790693
PHY_EDGE_ROW_95_Right_95,VPWR,li1,385.2500,269.2800,1.798034
PHY_EDGE_ROW_94_Right_94,VPWR,li1,385.2500,269.2800,1.798034
PHY_EDGE_ROW_93_Right_93,VPWR,li1,385.2500,263.8400,1.796679
PHY_EDGE_ROW_92_Right_92,VPWR,li1,385.2500,263.8400,1.796679
PHY_EDGE_ROW_91_Right_91,VPWR,li1,385.2500,258.4000,1.799696
PHY_EDGE_ROW_90_Right_90,VPWR,li1,385.2500,258.4000,1.799696
PHY_EDGE_ROW_89_Right_89,VPWR,li1,385.2500,252.9600,1.799735
PHY_EDGE_ROW_88_Right_88,VPWR,li1,385.2500,252.9600,1.799735
PHY_EDGE_ROW_87_Right_87,VPWR,li1,385.2500,247.5200,1.799049
PHY_EDGE_ROW_86_Right_86,VPWR,li1,385.2500,247.5200,1.799049
PHY_EDGE_ROW_85_Right_85,VPWR,li1,385.2500,242.0800,1.799404
PHY_EDGE_ROW_84_Right_84,VPWR,li1,385.2500,242.0800,1.799404
PHY_EDGE_ROW_83_Right_83,VPWR,li1,385.2500,236.6400,1.799430
PHY_EDGE_ROW_82_Right_82,VPWR,li1,385.2500,236.6400,1.799430
PHY_EDGE_ROW_81_Right_81,VPWR,li1,385.2500,231.2000,1.799634
PHY_EDGE_ROW_80_Right_80,VPWR,li1,385.2500,231.2000,1.799634
PHY_EDGE_ROW_79_Right_79,VPWR,li1,385.2500,225.7600,1.799614
PHY_EDGE_ROW_78_Right_78,VPWR,li1,385.2500,225.7600,1.799614
PHY_EDGE_ROW_77_Right_77,VPWR,li1,385.2500,220.3200,1.799784
PHY_EDGE_ROW_76_Right_76,VPWR,li1,385.2500,220.3200,1.799784
PHY_EDGE_ROW_75_Right_75,VPWR,li1,385.2500,214.8800,1.799787
PHY_EDGE_ROW_74_Right_74,VPWR,li1,385.2500,214.8800,1.799787
PHY_EDGE_ROW_73_Right_73,VPWR,li1,385.2500,209.4400,1.799842
PHY_EDGE_ROW_72_Right_72,VPWR,li1,385.2500,209.4400,1.799842
PHY_EDGE_ROW_71_Right_71,VPWR,li1,385.2500,204.0000,1.799897
PHY_EDGE_ROW_70_Right_70,VPWR,li1,385.2500,204.0000,1.799897
PHY_EDGE_ROW_69_Right_69,VPWR,li1,385.2500,198.5600,1.799863
PHY_EDGE_ROW_68_Right_68,VPWR,li1,385.2500,198.5600,1.799863
PHY_EDGE_ROW_67_Right_67,VPWR,li1,385.2500,193.1200,1.799918
PHY_EDGE_ROW_66_Right_66,VPWR,li1,385.2500,193.1200,1.799918
PHY_EDGE_ROW_65_Right_65,VPWR,li1,385.2500,187.6800,1.799860
PHY_EDGE_ROW_64_Right_64,VPWR,li1,385.2500,187.6800,1.799860
PHY_EDGE_ROW_63_Right_63,VPWR,li1,385.2500,182.2400,1.799846
PHY_EDGE_ROW_62_Right_62,VPWR,li1,385.2500,182.2400,1.799846
PHY_EDGE_ROW_61_Right_61,VPWR,li1,385.2500,176.8000,1.799827
PHY_EDGE_ROW_60_Right_60,VPWR,li1,385.2500,176.8000,1.799827
PHY_EDGE_ROW_59_Right_59,VPWR,li1,385.2500,171.3600,1.799628
PHY_EDGE_ROW_58_Right_58,VPWR,li1,385.2500,171.3600,1.799628
PHY_EDGE_ROW_57_Right_57,VPWR,li1,385.2500,165.9200,1.799597
PHY_EDGE_ROW_56_Right_56,VPWR,li1,385.2500,165.9200,1.799597
PHY_EDGE_ROW_55_Right_55,VPWR,li1,385.2500,160.4800,1.799524
PHY_EDGE_ROW_54_Right_54,VPWR,li1,385.2500,160.4800,1.799524
PHY_EDGE_ROW_53_Right_53,VPWR,li1,385.2500,155.0400,1.799686
PHY_EDGE_ROW_52_Right_52,VPWR,li1,385.2500,155.0400,1.799686
PHY_EDGE_ROW_51_Right_51,VPWR,li1,385.2500,149.6000,1.799393
PHY_EDGE_ROW_50_Right_50,VPWR,li1,385.2500,149.6000,1.799393
PHY_EDGE_ROW_49_Right_49,VPWR,li1,385.2500,144.1600,1.799128
PHY_EDGE_ROW_48_Right_48,VPWR,li1,385.2500,144.1600,1.799128
PHY_EDGE_ROW_47_Right_47,VPWR,li1,385.2500,138.7200,1.798150
PHY_EDGE_ROW_46_Right_46,VPWR,li1,385.2500,138.7200,1.798150
PHY_EDGE_ROW_45_Right_45,VPWR,li1,385.2500,133.2800,1.797806
PHY_EDGE_ROW_44_Right_44,VPWR,li1,385.2500,133.2800,1.797806
PHY_EDGE_ROW_43_Right_43,VPWR,li1,385.2500,127.8400,1.796157
PHY_EDGE_ROW_42_Right_42,VPWR,li1,385.2500,127.8400,1.796157
PHY_EDGE_ROW_41_Right_41,VPWR,li1,385.2500,122.4000,1.793244
PHY_EDGE_ROW_40_Right_40,VPWR,li1,385.2500,122.4000,1.793244
PHY_EDGE_ROW_39_Right_39,VPWR,li1,385.2500,116.9600,1.799433
PHY_EDGE_ROW_38_Right_38,VPWR,li1,385.2500,116.9600,1.799433
PHY_EDGE_ROW_37_Right_37,VPWR,li1,385.2500,111.5200,1.799720
PHY_EDGE_ROW_36_Right_36,VPWR,li1,385.2500,111.5200,1.799720
PHY_EDGE_ROW_35_Right_35,VPWR,li1,385.2500,106.0800,1.799953
PHY_EDGE_ROW_34_Right_34,VPWR,li1,385.2500,106.0800,1.799953
PHY_EDGE_ROW_33_Right_33,VPWR,li1,385.2500,100.6400,1.799937
PHY_EDGE_ROW_32_Right_32,VPWR,li1,385.2500,100.6400,1.799937
PHY_EDGE_ROW_31_Right_31,VPWR,li1,385.2500,95.2000,1.799926
PHY_EDGE_ROW_30_Right_30,VPWR,li1,385.2500,95.2000,1.799926
PHY_EDGE_ROW_29_Right_29,VPWR,li1,385.2500,89.7600,1.799861
PHY_EDGE_ROW_28_Right_28,VPWR,li1,385.2500,89.7600,1.799861
PHY_EDGE_ROW_27_Right_27,VPWR,li1,385.2500,84.3200,1.799884
PHY_EDGE_ROW_26_Right_26,VPWR,li1,385.2500,84.3200,1.799884
PHY_EDGE_ROW_25_Right_25,VPWR,li1,385.2500,78.8800,1.799701
PHY_EDGE_ROW_24_Right_24,VPWR,li1,385.2500,78.8800,1.799701
PHY_EDGE_ROW_23_Right_23,VPWR,li1,385.2500,73.4400,1.799717
PHY_EDGE_ROW_22_Right_22,VPWR,li1,385.2500,73.4400,1.799717
PHY_EDGE_ROW_21_Right_21,VPWR,li1,385.2500,68.0000,1.799896
PHY_EDGE_ROW_20_Right_20,VPWR,li1,385.2500,68.0000,1.799896
PHY_EDGE_ROW_19_Right_19,VPWR,li1,385.2500,62.5600,1.799836
PHY_EDGE_ROW_18_Right_18,VPWR,li1,385.2500,62.5600,1.799836
PHY_EDGE_ROW_17_Right_17,VPWR,li1,385.2500,57.1200,1.799575
PHY_EDGE_ROW_16_Right_16,VPWR,li1,385.2500,57.1200,1.799575
PHY_EDGE_ROW_15_Right_15,VPWR,li1,385.2500,51.6800,1.799631
PHY_EDGE_ROW_14_Right_14,VPWR,li1,385.2500,51.6800,1.799631
PHY_EDGE_ROW_13_Right_13,VPWR,li1,385.2500,46.2400,1.799565
PHY_EDGE_ROW_12_Right_12,VPWR,li1,385.2500,46.2400,1.799565
PHY_EDGE_ROW_11_Right_11,VPWR,li1,385.2500,40.8000,1.799804
PHY_EDGE_ROW_10_Right_10,VPWR,li1,385.2500,40.8000,1.799804
PHY_EDGE_ROW_9_Right_9,VPWR,li1,385.2500,35.3600,1.799379
PHY_EDGE_ROW_8_Right_8,VPWR,li1,385.2500,35.3600,1.799379
PHY_EDGE_ROW_7_Right_7,VPWR,li1,385.2500,29.9200,1.799126
PHY_EDGE_ROW_6_Right_6,VPWR,li1,385.2500,29.9200,1.799126
PHY_EDGE_ROW_5_Right_5,VPWR,li1,385.2500,24.4800,1.797668
PHY_EDGE_ROW_4_Right_4,VPWR,li1,385.2500,24.4800,1.797668
PHY_EDGE_ROW_3_Right_3,VPWR,li1,385.2500,19.0400,1.798783
PHY_EDGE_ROW_2_Right_2,VPWR,li1,385.2500,19.0400,1.798783
PHY_EDGE_ROW_1_Right_1,VPWR,li1,385.2500,13.6000,1.799717
PHY_EDGE_ROW_0_Right_0,VPWR,li1,385.2500,13.6000,1.799717
_13701_,VPWR,li1,158.7000,106.0800,1.799412
_13700_,VPWR,li1,174.8000,106.0800,1.799713
_13699_,VPWR,li1,183.5400,111.5200,1.796962
_13698_,VPWR,li1,194.1200,13.6000,1.799207
_13697_,VPWR,li1,379.9600,122.4000,1.793247
_13696_,VPWR,li1,379.5000,116.9600,1.799438
_13695_,VPWR,li1,359.2600,122.4000,1.793367
_13694_,VPWR,li1,362.4800,133.2800,1.797827
_13693_,VPWR,li1,364.3200,138.7200,1.798171
_13692_,VPWR,li1,366.6200,144.1600,1.799130
_13691_,VPWR,li1,379.9600,149.6000,1.799395
_13690_,VPWR,li1,379.0400,160.4800,1.799524
_13689_,VPWR,li1,374.4400,171.3600,1.799634
_13688_,VPWR,li1,379.9600,171.3600,1.799629
_13687_,VPWR,li1,375.3600,182.2400,1.799846
_13686_,VPWR,li1,370.7600,187.6800,1.799872
_13685_,VPWR,li1,365.2400,193.1200,1.799927
_13684_,VPWR,li1,129.7200,13.6000,1.798097
_13683_,VPWR,li1,158.2400,19.0400,1.796771
_13682_,VPWR,li1,186.7600,19.0400,1.797336
_13681_,VPWR,li1,197.3400,13.6000,1.799192
_13680_,VPWR,li1,322.0000,13.6000,1.799695
_13679_,VPWR,li1,309.1200,13.6000,1.799606
_13678_,VPWR,li1,319.7000,13.6000,1.799671
_13677_,VPWR,li1,332.1200,13.6000,1.799759
_13676_,VPWR,li1,337.1800,19.0400,1.798783
_13675_,VPWR,li1,346.3800,29.9200,1.799126
_13674_,VPWR,li1,358.3400,46.2400,1.799589
_13673_,VPWR,li1,365.7000,51.6800,1.799649
_13672_,VPWR,li1,366.1600,57.1200,1.799593
_13671_,VPWR,li1,364.7800,73.4400,1.799730
_13670_,VPWR,li1,379.9600,73.4400,1.799717
_13669_,VPWR,li1,379.9600,78.8800,1.799708
_13668_,VPWR,li1,350.9800,84.3200,1.799900
_13667_,VPWR,li1,133.4000,383.5200,1.797186
_13666_,VPWR,li1,147.2000,378.0800,1.796378
_13665_,VPWR,li1,150.8800,383.5200,1.797402
_13664_,VPWR,li1,206.0800,383.5200,1.795366
_13663_,VPWR,li1,278.3000,383.5200,1.792973
_13662_,VPWR,li1,293.9400,383.5200,1.793639
_13661_,VPWR,li1,303.1400,383.5200,1.794790
_13660_,VPWR,li1,313.7200,383.5200,1.796160
_13659_,VPWR,li1,319.7000,383.5200,1.797206
_13658_,VPWR,li1,338.5600,383.5200,1.798415
_13657_,VPWR,li1,347.7600,383.5200,1.798403
_13656_,VPWR,li1,379.9600,345.4400,1.799526
_13655_,VPWR,li1,366.6200,350.8800,1.799305
_13654_,VPWR,li1,377.2000,340.0000,1.799655
_13653_,VPWR,li1,371.6800,329.1200,1.799712
_13652_,VPWR,li1,373.0600,329.1200,1.799712
_13651_,VPWR,li1,366.1600,323.6800,1.799827
_13650_,VPWR,li1,136.1600,285.6000,1.798552
_13649_,VPWR,li1,152.2600,285.6000,1.798738
_13648_,VPWR,li1,154.5600,285.6000,1.798799
_13647_,VPWR,li1,232.7600,285.6000,1.798278
_13646_,VPWR,li1,379.9600,269.2800,1.798035
_13645_,VPWR,li1,368.4600,280.1600,1.798678
_13644_,VPWR,li1,371.2200,274.7200,1.790706
_13643_,VPWR,li1,367.0800,269.2800,1.798105
_13642_,VPWR,li1,364.3200,263.8400,1.796698
_13641_,VPWR,li1,372.6000,247.5200,1.799060
_13640_,VPWR,li1,379.0400,236.6400,1.799433
_13639_,VPWR,li1,379.9600,231.2000,1.799635
_13638_,VPWR,li1,379.9600,225.7600,1.799618
_13637_,VPWR,li1,379.9600,220.3200,1.799786
_13636_,VPWR,li1,379.9600,209.4400,1.799845
_13635_,VPWR,li1,379.9600,198.5600,1.799865
_13634_,VPWR,li1,379.9600,214.8800,1.799793
_13633_,VPWR,li1,373.2900,225.7600,1.799630
_13632_,VPWR,li1,131.3300,280.1600,1.794991
_13631_,VPWR,li1,125.3500,280.1600,1.794988
_13630_,VPWR,li1,77.9700,285.6000,1.798743
_13629_,VPWR,li1,85.3300,280.1600,1.795969
_13628_,VPWR,li1,85.5600,285.6000,1.798702
_13627_,VPWR,li1,71.5300,280.1600,1.796542
_13626_,VPWR,li1,67.8500,280.1600,1.796725
_13625_,VPWR,li1,66.0100,280.1600,1.796893
_13624_,VPWR,li1,67.6200,274.7200,1.798659
_13623_,VPWR,li1,65.7800,285.6000,1.798974
_13622_,VPWR,li1,54.9700,274.7200,1.798900
_13621_,VPWR,li1,53.1300,274.7200,1.798955
_13620_,VPWR,li1,77.0500,274.7200,1.798509
_13619_,VPWR,li1,50.6000,274.7200,1.799047
_13618_,VPWR,li1,48.0700,263.8400,1.799426
_13617_,VPWR,li1,46.2300,252.9600,1.799858
_13616_,VPWR,li1,40.7100,242.0800,1.799810
_13615_,VPWR,li1,37.4900,225.7600,1.799882
_13614_,VPWR,li1,39.5600,220.3200,1.799863
_13613_,VPWR,li1,47.1500,247.5200,1.799827
_13612_,VPWR,li1,46.2300,263.8400,1.799453
_13611_,VPWR,li1,59.1100,263.8400,1.799284
_13610_,VPWR,li1,70.3800,258.4000,1.799575
_13609_,VPWR,li1,54.9700,263.8400,1.799337
_13608_,VPWR,li1,55.6600,242.0800,1.799724
_13607_,VPWR,li1,73.3700,269.2800,1.798430
_13606_,VPWR,li1,75.9000,269.2800,1.798370
_13605_,VPWR,li1,47.3800,231.2000,1.799866
_13604_,VPWR,li1,40.0200,225.7600,1.799872
_13603_,VPWR,li1,39.7900,242.0800,1.799810
_13602_,VPWR,li1,39.3300,236.6400,1.799864
_13601_,VPWR,li1,42.5500,236.6400,1.799850
_13600_,VPWR,li1,51.2900,225.7600,1.799827
_13599_,VPWR,li1,52.2100,231.2000,1.799855
_13598_,VPWR,li1,129.2600,280.1600,1.794985
_13597_,VPWR,li1,143.5200,280.1600,1.795300
_13596_,VPWR,li1,144.2100,274.7200,1.797564
_13595_,VPWR,li1,144.6700,285.6000,1.798566
_13594_,VPWR,li1,145.3600,280.1600,1.795435
_13593_,VPWR,li1,140.5300,280.1600,1.795146
_13592_,VPWR,li1,143.0600,280.1600,1.795300
_13591_,VPWR,li1,140.9900,280.1600,1.795214
_13590_,VPWR,li1,126.7300,280.1600,1.794988
_13589_,VPWR,li1,123.5100,280.1600,1.795031
_13588_,VPWR,li1,124.4300,274.7200,1.797744
_13587_,VPWR,li1,125.1200,269.2800,1.797710
_13586_,VPWR,li1,89.0100,280.1600,1.795899
_13585_,VPWR,li1,91.3100,280.1600,1.795841
_13584_,VPWR,li1,89.0100,285.6000,1.798695
_13583_,VPWR,li1,87.4000,280.1600,1.795899
_13582_,VPWR,li1,89.7000,280.1600,1.795841
_13581_,VPWR,li1,93.3800,280.1600,1.795774
_13580_,VPWR,li1,80.2700,280.1600,1.796213
_13579_,VPWR,li1,80.2700,280.1600,1.796214
_13578_,VPWR,li1,86.4800,269.2800,1.798133
_13577_,VPWR,li1,64.6300,280.1600,1.796893
_13576_,VPWR,li1,64.6300,274.7200,1.798713
_13575_,VPWR,li1,62.3300,274.7200,1.798757
_13574_,VPWR,li1,66.7000,269.2800,1.798589
_13573_,VPWR,li1,64.4000,269.2800,1.798656
_13572_,VPWR,li1,76.1300,274.7200,1.798509
_13571_,VPWR,li1,79.1200,274.7200,1.798463
_13570_,VPWR,li1,83.4900,263.8400,1.799073
_13569_,VPWR,li1,80.9600,263.8400,1.799097
_13568_,VPWR,li1,71.9900,263.8400,1.799163
_13567_,VPWR,li1,75.9000,258.4000,1.799558
_13566_,VPWR,li1,68.3100,263.8400,1.799195
_13565_,VPWR,li1,74.9800,263.8400,1.799142
_13564_,VPWR,li1,71.9900,269.2800,1.798474
_13563_,VPWR,li1,74.7500,269.2800,1.798430
_13562_,VPWR,li1,76.5900,269.2800,1.798370
_13561_,VPWR,li1,68.5400,252.9600,1.799811
_13560_,VPWR,li1,78.8900,274.7200,1.798463
_13559_,VPWR,li1,97.7500,280.1600,1.795645
_13558_,VPWR,li1,94.9900,280.1600,1.795712
_13557_,VPWR,li1,103.2700,269.2800,1.797923
_13556_,VPWR,li1,59.5700,280.1600,1.797178
_13555_,VPWR,li1,62.3300,280.1600,1.797021
_13554_,VPWR,li1,60.2600,263.8400,1.799284
_13553_,VPWR,li1,56.3500,274.7200,1.798900
_13552_,VPWR,li1,49.4500,252.9600,1.799848
_13551_,VPWR,li1,52.2100,252.9600,1.799841
_13550_,VPWR,li1,49.4500,247.5200,1.799818
_13549_,VPWR,li1,49.9100,247.5200,1.799818
_13548_,VPWR,li1,51.9800,247.5200,1.799803
_13547_,VPWR,li1,48.9900,242.0800,1.799759
_13546_,VPWR,li1,51.7500,236.6400,1.799815
_13545_,VPWR,li1,58.8800,236.6400,1.799778
_13544_,VPWR,li1,58.6500,242.0800,1.799708
_13543_,VPWR,li1,61.8700,236.6400,1.799766
_13542_,VPWR,li1,72.6800,231.2000,1.799814
_13541_,VPWR,li1,62.5600,247.5200,1.799761
_13540_,VPWR,li1,48.0700,269.2800,1.799061
_13539_,VPWR,li1,51.0600,269.2800,1.798970
_13538_,VPWR,li1,49.2200,252.9600,1.799848
_13537_,VPWR,li1,44.3900,231.2000,1.799879
_13536_,VPWR,li1,39.7900,231.2000,1.799890
_13535_,VPWR,li1,42.7800,231.2000,1.799879
_13534_,VPWR,li1,34.2700,225.7600,1.799903
_13533_,VPWR,li1,36.8000,220.3200,1.799876
_13532_,VPWR,li1,45.3100,231.2000,1.799872
_13531_,VPWR,li1,40.2500,220.3200,1.799863
_13530_,VPWR,li1,42.3200,225.7600,1.799862
_13529_,VPWR,li1,41.8600,220.3200,1.799852
_13528_,VPWR,li1,42.0900,214.8800,1.799902
_13527_,VPWR,li1,45.7700,220.3200,1.799835
_13526_,VPWR,li1,148.3500,280.1600,1.795579
_13525_,VPWR,li1,229.7700,280.1600,1.795318
_13524_,VPWR,li1,148.8100,280.1600,1.795579
_13523_,VPWR,li1,147.4300,274.7200,1.797579
_13522_,VPWR,li1,149.2700,274.7200,1.797606
_13521_,VPWR,li1,172.5000,274.7200,1.797931
_13520_,VPWR,li1,141.9100,274.7200,1.797559
_13519_,VPWR,li1,144.2100,274.7200,1.797564
_13518_,VPWR,li1,136.8500,269.2800,1.797724
_13517_,VPWR,li1,138.2300,274.7200,1.797588
_13516_,VPWR,li1,138.4600,269.2800,1.797754
_13515_,VPWR,li1,130.8700,269.2800,1.797699
_13514_,VPWR,li1,127.8800,269.2800,1.797699
_13513_,VPWR,li1,127.1900,269.2800,1.797699
_13512_,VPWR,li1,128.1100,274.7200,1.797683
_13511_,VPWR,li1,126.5000,258.4000,1.799401
_13510_,VPWR,li1,90.8500,269.2800,1.798061
_13509_,VPWR,li1,87.6300,263.8400,1.799049
_13508_,VPWR,li1,94.0700,269.2800,1.798025
_13507_,VPWR,li1,90.8500,269.2800,1.798061
_13506_,VPWR,li1,87.6300,269.2800,1.798133
_13505_,VPWR,li1,90.8500,274.7200,1.798264
_13504_,VPWR,li1,97.2900,269.2800,1.798002
_13503_,VPWR,li1,98.9000,269.2800,1.797970
_13502_,VPWR,li1,100.9700,269.2800,1.797947
_13501_,VPWR,li1,103.5000,263.8400,1.798940
_13500_,VPWR,li1,101.2000,263.8400,1.798954
_13499_,VPWR,li1,91.7700,263.8400,1.799013
_13498_,VPWR,li1,88.7800,263.8400,1.799031
_13497_,VPWR,li1,86.7100,258.4000,1.799516
_13496_,VPWR,li1,86.9400,258.4000,1.799516
_13495_,VPWR,li1,84.6400,258.4000,1.799525
_13494_,VPWR,li1,81.1900,258.4000,1.799531
_13493_,VPWR,li1,76.1300,258.4000,1.799551
_13492_,VPWR,li1,78.4300,258.4000,1.799542
_13491_,VPWR,li1,79.1200,247.5200,1.799713
_13490_,VPWR,li1,77.9700,269.2800,1.798321
_13489_,VPWR,li1,95.9100,258.4000,1.799482
_13488_,VPWR,li1,100.0500,285.6000,1.798653
_13487_,VPWR,li1,100.5100,280.1600,1.795583
_13486_,VPWR,li1,98.4400,285.6000,1.798659
_13485_,VPWR,li1,97.9800,285.6000,1.798659
_13484_,VPWR,li1,100.2800,280.1600,1.795583
_13483_,VPWR,li1,96.3700,280.1600,1.795712
_13482_,VPWR,li1,101.8900,274.7200,1.798083
_13481_,VPWR,li1,92.2300,247.5200,1.799678
_13480_,VPWR,li1,110.8600,263.8400,1.798896
_13479_,VPWR,li1,83.4900,269.2800,1.798213
_13478_,VPWR,li1,98.4400,242.0800,1.799543
_13477_,VPWR,li1,63.2500,263.8400,1.799239
_13476_,VPWR,li1,62.3300,258.4000,1.799609
_13475_,VPWR,li1,65.3200,258.4000,1.799595
_13474_,VPWR,li1,60.9500,252.9600,1.799823
_13473_,VPWR,li1,63.9400,252.9600,1.799818
_13472_,VPWR,li1,59.5700,247.5200,1.799771
_13471_,VPWR,li1,60.0300,247.5200,1.799771
_13470_,VPWR,li1,62.7900,247.5200,1.799761
_13469_,VPWR,li1,68.5400,242.0800,1.799662
_13468_,VPWR,li1,60.4900,242.0800,1.799700
_13467_,VPWR,li1,64.1700,236.6400,1.799757
_13466_,VPWR,li1,61.8700,236.6400,1.799766
_13465_,VPWR,li1,72.2200,236.6400,1.799727
_13464_,VPWR,li1,58.1900,236.6400,1.799787
_13463_,VPWR,li1,55.4300,236.6400,1.799799
_13462_,VPWR,li1,69.6900,231.2000,1.799818
_13461_,VPWR,li1,72.4500,225.7600,1.799760
_13460_,VPWR,li1,76.1300,231.2000,1.799806
_13459_,VPWR,li1,71.3000,231.2000,1.799814
_13458_,VPWR,li1,58.1900,231.2000,1.799840
_13457_,VPWR,li1,72.6800,247.5200,1.799730
_13456_,VPWR,li1,74.0600,252.9600,1.799803
_13455_,VPWR,li1,64.4000,220.3200,1.799768
_13454_,VPWR,li1,81.8800,247.5200,1.799702
_13453_,VPWR,li1,59.1100,258.4000,1.799626
_13452_,VPWR,li1,62.1000,258.4000,1.799609
_13451_,VPWR,li1,72.6800,220.3200,1.799747
_13450_,VPWR,li1,52.2100,258.4000,1.799680
_13449_,VPWR,li1,54.9700,258.4000,1.799653
_13448_,VPWR,li1,48.9900,242.0800,1.799759
_13447_,VPWR,li1,51.9800,242.0800,1.799743
_13446_,VPWR,li1,51.9800,242.0800,1.799743
_13445_,VPWR,li1,51.2900,214.8800,1.799876
_13444_,VPWR,li1,50.1400,220.3200,1.799820
_13443_,VPWR,li1,48.7600,225.7600,1.799837
_13442_,VPWR,li1,48.9900,258.4000,1.799696
_13441_,VPWR,li1,52.4400,220.3200,1.799809
_13440_,VPWR,li1,45.3100,220.3200,1.799844
_13439_,VPWR,li1,42.5500,220.3200,1.799852
_13438_,VPWR,li1,34.7300,214.8800,1.799922
_13437_,VPWR,li1,35.8800,214.8800,1.799922
_13436_,VPWR,li1,38.4100,214.8800,1.799911
_13435_,VPWR,li1,41.4000,214.8800,1.799902
_13434_,VPWR,li1,39.7900,209.4400,1.799939
_13433_,VPWR,li1,38.6400,214.8800,1.799911
_13432_,VPWR,li1,33.8100,214.8800,1.799928
_13431_,VPWR,li1,40.2500,209.4400,1.799939
_13430_,VPWR,li1,35.8800,204.0000,1.799945
_13429_,VPWR,li1,126.2700,274.7200,1.797721
_13428_,VPWR,li1,124.4300,269.2800,1.797710
_13427_,VPWR,li1,122.3600,269.2800,1.797737
_13426_,VPWR,li1,113.6200,269.2800,1.797818
_13425_,VPWR,li1,227.9300,285.6000,1.798252
_13424_,VPWR,li1,230.2300,285.6000,1.798254
_13423_,VPWR,li1,225.1700,280.1600,1.795552
_13422_,VPWR,li1,231.1500,280.1600,1.795356
_13421_,VPWR,li1,229.3100,280.1600,1.795318
_13420_,VPWR,li1,226.5500,280.1600,1.795430
_13419_,VPWR,li1,175.0300,274.7200,1.798064
_13418_,VPWR,li1,170.8900,274.7200,1.797931
_13417_,VPWR,li1,174.1100,274.7200,1.797988
_13416_,VPWR,li1,185.8400,274.7200,1.796562
_13415_,VPWR,li1,140.9900,269.2800,1.797821
_13414_,VPWR,li1,137.3100,263.8400,1.798809
_13413_,VPWR,li1,139.6100,263.8400,1.798818
_13412_,VPWR,li1,146.2800,263.8400,1.798849
_13411_,VPWR,li1,129.0300,258.4000,1.799402
_13410_,VPWR,li1,119.3700,252.9600,1.799774
_13409_,VPWR,li1,112.4700,247.5200,1.799638
_13408_,VPWR,li1,114.3100,247.5200,1.799638
_13407_,VPWR,li1,111.0900,231.2000,1.799766
_13406_,VPWR,li1,101.4300,242.0800,1.799538
_13405_,VPWR,li1,95.4500,242.0800,1.799553
_13404_,VPWR,li1,98.4400,242.0800,1.799543
_13403_,VPWR,li1,89.9300,242.0800,1.799571
_13402_,VPWR,li1,90.1600,242.0800,1.799571
_13401_,VPWR,li1,84.8700,242.0800,1.799590
_13400_,VPWR,li1,81.1900,242.0800,1.799605
_13399_,VPWR,li1,81.6500,242.0800,1.799605
_13398_,VPWR,li1,91.5400,236.6400,1.799660
_13397_,VPWR,li1,76.1300,242.0800,1.799627
_13396_,VPWR,li1,73.8300,236.6400,1.799727
_13395_,VPWR,li1,71.9900,242.0800,1.799649
_13394_,VPWR,li1,70.1500,236.6400,1.799734
_13393_,VPWR,li1,74.7500,236.6400,1.799717
_13392_,VPWR,li1,77.9700,231.2000,1.799802
_13391_,VPWR,li1,73.6000,231.2000,1.799810
_13390_,VPWR,li1,63.0200,225.7600,1.799787
_13389_,VPWR,li1,81.6500,236.6400,1.799693
_13388_,VPWR,li1,86.2500,247.5200,1.799690
_13387_,VPWR,li1,83.9500,252.9600,1.799792
_13386_,VPWR,li1,84.4100,247.5200,1.799695
_13385_,VPWR,li1,78.8900,252.9600,1.799797
_13384_,VPWR,li1,76.5900,252.9600,1.799800
_13383_,VPWR,li1,71.5300,252.9600,1.799808
_13382_,VPWR,li1,74.0600,247.5200,1.799723
_13381_,VPWR,li1,78.8900,252.9600,1.799797
_13380_,VPWR,li1,91.5400,225.7600,1.799704
_13379_,VPWR,li1,105.3400,247.5200,1.799652
_13378_,VPWR,li1,97.7500,236.6400,1.799643
_13377_,VPWR,li1,100.7400,236.6400,1.799639
_13376_,VPWR,li1,100.2800,231.2000,1.799770
_13375_,VPWR,li1,75.6700,220.3200,1.799737
_13374_,VPWR,li1,67.3900,220.3200,1.799758
_13373_,VPWR,li1,67.3900,220.3200,1.799758
_13372_,VPWR,li1,64.1700,214.8800,1.799848
_13371_,VPWR,li1,66.2400,214.8800,1.799842
_13370_,VPWR,li1,53.1300,225.7600,1.799820
_13369_,VPWR,li1,59.1100,225.7600,1.799801
_13368_,VPWR,li1,56.8100,225.7600,1.799808
_13367_,VPWR,li1,54.7400,225.7600,1.799820
_13366_,VPWR,li1,69.9200,220.3200,1.799753
_13365_,VPWR,li1,72.9100,220.3200,1.799743
_13364_,VPWR,li1,75.6700,220.3200,1.799737
_13363_,VPWR,li1,80.0400,214.8800,1.799819
_13362_,VPWR,li1,55.8900,220.3200,1.799802
_13361_,VPWR,li1,50.8300,214.8800,1.799876
_13360_,VPWR,li1,53.8200,214.8800,1.799871
_13359_,VPWR,li1,48.5300,209.4400,1.799922
_13358_,VPWR,li1,48.0700,214.8800,1.799884
_13357_,VPWR,li1,45.7700,204.0000,1.799927
_13356_,VPWR,li1,41.6300,204.0000,1.799933
_13355_,VPWR,li1,38.6400,204.0000,1.799939
_13354_,VPWR,li1,42.3200,204.0000,1.799933
_13353_,VPWR,li1,59.3400,214.8800,1.799857
_13352_,VPWR,li1,51.2900,204.0000,1.799916
_13351_,VPWR,li1,58.1900,220.3200,1.799794
_13350_,VPWR,li1,54.9700,214.8800,1.799867
_13349_,VPWR,li1,73.3700,214.8800,1.799828
_13348_,VPWR,li1,71.5300,214.8800,1.799835
_13347_,VPWR,li1,125.3500,263.8400,1.798832
_13346_,VPWR,li1,125.5800,263.8400,1.798832
_13345_,VPWR,li1,121.6700,263.8400,1.798845
_13344_,VPWR,li1,119.8300,258.4000,1.799414
_13343_,VPWR,li1,119.6000,263.8400,1.798856
_13342_,VPWR,li1,113.8500,263.8400,1.798884
_13341_,VPWR,li1,116.6100,263.8400,1.798874
_13340_,VPWR,li1,112.9300,263.8400,1.798884
_13339_,VPWR,li1,115.0000,263.8400,1.798874
_13338_,VPWR,li1,110.6300,258.4000,1.799438
_13337_,VPWR,li1,106.7200,263.8400,1.798923
_13336_,VPWR,li1,103.2700,258.4000,1.799458
_13335_,VPWR,li1,106.2600,258.4000,1.799449
_13334_,VPWR,li1,98.2100,258.4000,1.799476
_13333_,VPWR,li1,94.0700,258.4000,1.799488
_13332_,VPWR,li1,93.6100,258.4000,1.799488
_13331_,VPWR,li1,97.2900,258.4000,1.799476
_13330_,VPWR,li1,91.0800,252.9600,1.799786
_13329_,VPWR,li1,103.7300,252.9600,1.799778
_13328_,VPWR,li1,112.4700,258.4000,1.799433
_13327_,VPWR,li1,111.0900,269.2800,1.797843
_13326_,VPWR,li1,111.0900,274.7200,1.797949
_13325_,VPWR,li1,110.1700,274.7200,1.797949
_13324_,VPWR,li1,112.0100,274.7200,1.797919
_13323_,VPWR,li1,112.7000,280.1600,1.795291
_13322_,VPWR,li1,108.3300,280.1600,1.795395
_13321_,VPWR,li1,103.0400,285.6000,1.798646
_13320_,VPWR,li1,110.1700,280.1600,1.795346
_13319_,VPWR,li1,105.3400,280.1600,1.795462
_13318_,VPWR,li1,105.8000,285.6000,1.798635
_13317_,VPWR,li1,105.3400,280.1600,1.795462
_13316_,VPWR,li1,164.6800,263.8400,1.799117
_13315_,VPWR,li1,145.3600,269.2800,1.797917
_13314_,VPWR,li1,154.3300,269.2800,1.798195
_13313_,VPWR,li1,150.8800,269.2800,1.798104
_13312_,VPWR,li1,158.2400,274.7200,1.797725
_13311_,VPWR,li1,355.3500,274.7200,1.791125
_13310_,VPWR,li1,350.5200,274.7200,1.791678
_13309_,VPWR,li1,349.6000,274.7200,1.792029
_13308_,VPWR,li1,346.6100,274.7200,1.792359
_13307_,VPWR,li1,337.6400,274.7200,1.794267
_13306_,VPWR,li1,340.4000,274.7200,1.793836
_13305_,VPWR,li1,356.0400,269.2800,1.798214
_13304_,VPWR,li1,350.9800,269.2800,1.798329
_13303_,VPWR,li1,355.1200,274.7200,1.791319
_13302_,VPWR,li1,348.4500,280.1600,1.798789
_13301_,VPWR,li1,240.8100,274.7200,1.790818
_13300_,VPWR,li1,234.3700,280.1600,1.795460
_13299_,VPWR,li1,239.8900,269.2800,1.795992
_13298_,VPWR,li1,230.2300,274.7200,1.791562
_13297_,VPWR,li1,226.5500,274.7200,1.791925
_13296_,VPWR,li1,224.2500,274.7200,1.792338
_13295_,VPWR,li1,220.1100,274.7200,1.792605
_13294_,VPWR,li1,222.6400,269.2800,1.796172
_13293_,VPWR,li1,189.7500,274.7200,1.796072
_13292_,VPWR,li1,189.2900,269.2800,1.797777
_13291_,VPWR,li1,185.1500,269.2800,1.798198
_13290_,VPWR,li1,187.9100,263.8400,1.798791
_13289_,VPWR,li1,152.4900,263.8400,1.798893
_13288_,VPWR,li1,146.5100,258.4000,1.799474
_13287_,VPWR,li1,146.0500,258.4000,1.799474
_13286_,VPWR,li1,149.2700,242.0800,1.799642
_13285_,VPWR,li1,118.9100,236.6400,1.799626
_13284_,VPWR,li1,121.2100,236.6400,1.799632
_13283_,VPWR,li1,116.1500,236.6400,1.799625
_13282_,VPWR,li1,111.0900,231.2000,1.799766
_13281_,VPWR,li1,117.7600,225.7600,1.799671
_13280_,VPWR,li1,106.0300,231.2000,1.799766
_13279_,VPWR,li1,108.3300,231.2000,1.799766
_13278_,VPWR,li1,107.4100,225.7600,1.799677
_13277_,VPWR,li1,98.2100,225.7600,1.799688
_13276_,VPWR,li1,96.1400,220.3200,1.799716
_13275_,VPWR,li1,92.2300,220.3200,1.799719
_13274_,VPWR,li1,79.8100,225.7600,1.799736
_13273_,VPWR,li1,62.7900,225.7600,1.799787
_13272_,VPWR,li1,60.4900,225.7600,1.799795
_13271_,VPWR,li1,64.1700,231.2000,1.799828
_13270_,VPWR,li1,62.5600,231.2000,1.799833
_13269_,VPWR,li1,58.6500,225.7600,1.799801
_13268_,VPWR,li1,93.3800,209.4400,1.799866
_13267_,VPWR,li1,94.9900,225.7600,1.799697
_13266_,VPWR,li1,101.4300,225.7600,1.799684
_13265_,VPWR,li1,101.2000,209.4400,1.799861
_13264_,VPWR,li1,84.8700,214.8800,1.799810
_13263_,VPWR,li1,72.9100,209.4400,1.799885
_13262_,VPWR,li1,68.7700,209.4400,1.799891
_13261_,VPWR,li1,61.8700,204.0000,1.799902
_13260_,VPWR,li1,64.8600,204.0000,1.799897
_13259_,VPWR,li1,55.4300,204.0000,1.799909
_13258_,VPWR,li1,55.8900,204.0000,1.799909
_13257_,VPWR,li1,50.8300,204.0000,1.799916
_13256_,VPWR,li1,47.8400,204.0000,1.799921
_13255_,VPWR,li1,50.8300,198.5600,1.799946
_13254_,VPWR,li1,62.1000,209.4400,1.799900
_13253_,VPWR,li1,75.9000,204.0000,1.799885
_13252_,VPWR,li1,83.0300,214.8800,1.799812
_13251_,VPWR,li1,80.7300,214.8800,1.799815
_13250_,VPWR,li1,84.4100,214.8800,1.799812
_13249_,VPWR,li1,86.2500,209.4400,1.799872
_13248_,VPWR,li1,76.1300,214.8800,1.799824
_13247_,VPWR,li1,67.8500,209.4400,1.799891
_13246_,VPWR,li1,70.1500,209.4400,1.799888
_13245_,VPWR,li1,116.6100,242.0800,1.799546
_13244_,VPWR,li1,119.6000,242.0800,1.799552
_13243_,VPWR,li1,113.3900,242.0800,1.799542
_13242_,VPWR,li1,115.0000,242.0800,1.799542
_13241_,VPWR,li1,106.9500,242.0800,1.799539
_13240_,VPWR,li1,105.1100,242.0800,1.799539
_13239_,VPWR,li1,107.4100,242.0800,1.799539
_13238_,VPWR,li1,132.9400,236.6400,1.799677
_13237_,VPWR,li1,94.0700,236.6400,1.799653
_13236_,VPWR,li1,89.0100,236.6400,1.799667
_13235_,VPWR,li1,90.1600,231.2000,1.799784
_13234_,VPWR,li1,84.8700,236.6400,1.799681
_13233_,VPWR,li1,81.1900,231.2000,1.799797
_13232_,VPWR,li1,78.8900,236.6400,1.799708
_13231_,VPWR,li1,81.4200,231.2000,1.799797
_13230_,VPWR,li1,86.4800,225.7600,1.799717
_13229_,VPWR,li1,117.0700,236.6400,1.799625
_13228_,VPWR,li1,104.1900,247.5200,1.799652
_13227_,VPWR,li1,102.8100,252.9600,1.799778
_13226_,VPWR,li1,97.7500,252.9600,1.799781
_13225_,VPWR,li1,100.0500,252.9600,1.799780
_13224_,VPWR,li1,96.3700,247.5200,1.799668
_13223_,VPWR,li1,93.6100,247.5200,1.799673
_13222_,VPWR,li1,93.6100,252.9600,1.799784
_13221_,VPWR,li1,109.7100,252.9600,1.799776
_13220_,VPWR,li1,114.5400,225.7600,1.799672
_13219_,VPWR,li1,132.4800,242.0800,1.799582
_13218_,VPWR,li1,153.8700,269.2800,1.798195
_13217_,VPWR,li1,156.8600,263.8400,1.798955
_13216_,VPWR,li1,149.2700,269.2800,1.798042
_13215_,VPWR,li1,157.5500,269.2800,1.798317
_13214_,VPWR,li1,160.7700,269.2800,1.798394
_13213_,VPWR,li1,162.6100,263.8400,1.799047
_13212_,VPWR,li1,164.9100,263.8400,1.799117
_13211_,VPWR,li1,162.3800,263.8400,1.799047
_13210_,VPWR,li1,160.0800,263.8400,1.799009
_13209_,VPWR,li1,136.8500,258.4000,1.799436
_13208_,VPWR,li1,133.1700,258.4000,1.799420
_13207_,VPWR,li1,126.2700,258.4000,1.799401
_13206_,VPWR,li1,123.0500,258.4000,1.799411
_13205_,VPWR,li1,117.9900,258.4000,1.799419
_13204_,VPWR,li1,114.3100,258.4000,1.799428
_13203_,VPWR,li1,114.7700,252.9600,1.799774
_13202_,VPWR,li1,117.5300,252.9600,1.799774
_13201_,VPWR,li1,123.0500,252.9600,1.799781
_13200_,VPWR,li1,127.8800,252.9600,1.799790
_13199_,VPWR,li1,150.1900,258.4000,1.799512
_13198_,VPWR,li1,159.3900,274.7200,1.797756
_13197_,VPWR,li1,161.2300,274.7200,1.797783
_13196_,VPWR,li1,162.3800,280.1600,1.797075
_13195_,VPWR,li1,160.0800,280.1600,1.796818
_13194_,VPWR,li1,116.1500,280.1600,1.795204
_13193_,VPWR,li1,114.7700,280.1600,1.795247
_13192_,VPWR,li1,117.3000,285.6000,1.798602
_13191_,VPWR,li1,112.9300,285.6000,1.798617
_13190_,VPWR,li1,112.4700,280.1600,1.795291
_13189_,VPWR,li1,116.6100,285.6000,1.798602
_13188_,VPWR,li1,118.9100,285.6000,1.798596
_13187_,VPWR,li1,113.8500,274.7200,1.797890
_13186_,VPWR,li1,116.3800,274.7200,1.797849
_13185_,VPWR,li1,115.0000,274.7200,1.797890
_13184_,VPWR,li1,152.9500,242.0800,1.799666
_13183_,VPWR,li1,174.5700,263.8400,1.799287
_13182_,VPWR,li1,181.7000,274.7200,1.797261
_13181_,VPWR,li1,184.2300,274.7200,1.796815
_13180_,VPWR,li1,180.7800,274.7200,1.797261
_13179_,VPWR,li1,179.4000,280.1600,1.798132
_13178_,VPWR,li1,359.9500,274.7200,1.790831
_13177_,VPWR,li1,363.1700,274.7200,1.790748
_13176_,VPWR,li1,343.8500,274.7200,1.792878
_13175_,VPWR,li1,245.4100,274.7200,1.790875
_13174_,VPWR,li1,238.9700,274.7200,1.790904
_13173_,VPWR,li1,235.2900,274.7200,1.791284
_13172_,VPWR,li1,247.2500,269.2800,1.796015
_13171_,VPWR,li1,227.0100,269.2800,1.796060
_13170_,VPWR,li1,221.4900,269.2800,1.796233
_13169_,VPWR,li1,225.6300,269.2800,1.796117
_13168_,VPWR,li1,221.0300,263.8400,1.797751
_13167_,VPWR,li1,191.1300,269.2800,1.797663
_13166_,VPWR,li1,186.5300,263.8400,1.798898
_13165_,VPWR,li1,190.2100,263.8400,1.798714
_13164_,VPWR,li1,185.1500,242.0800,1.799762
_13163_,VPWR,li1,152.4900,247.5200,1.799676
_13162_,VPWR,li1,146.5100,236.6400,1.799734
_13161_,VPWR,li1,146.0500,242.0800,1.799623
_13160_,VPWR,li1,146.0500,220.3200,1.799762
_13159_,VPWR,li1,118.4500,225.7600,1.799671
_13158_,VPWR,li1,113.3900,220.3200,1.799704
_13157_,VPWR,li1,117.5300,220.3200,1.799706
_13156_,VPWR,li1,115.0000,214.8800,1.799803
_13155_,VPWR,li1,103.7300,214.8800,1.799798
_13154_,VPWR,li1,97.2900,209.4400,1.799863
_13153_,VPWR,li1,90.8500,204.0000,1.799874
_13152_,VPWR,li1,89.9300,209.4400,1.799869
_13151_,VPWR,li1,82.5700,204.0000,1.799879
_13150_,VPWR,li1,76.1300,204.0000,1.799885
_13149_,VPWR,li1,77.0500,198.5600,1.799920
_13148_,VPWR,li1,71.9900,204.0000,1.799889
_13147_,VPWR,li1,73.8300,204.0000,1.799887
_13146_,VPWR,li1,91.3100,204.0000,1.799874
_13145_,VPWR,li1,101.4300,204.0000,1.799871
_13144_,VPWR,li1,99.1300,214.8800,1.799800
_13143_,VPWR,li1,103.2700,214.8800,1.799798
_13142_,VPWR,li1,101.4300,209.4400,1.799861
_13141_,VPWR,li1,90.3900,214.8800,1.799806
_13140_,VPWR,li1,65.5500,209.4400,1.799894
_13139_,VPWR,li1,66.9300,204.0000,1.799895
_13138_,VPWR,li1,63.2500,209.4400,1.799897
_13137_,VPWR,li1,62.1000,204.0000,1.799902
_13136_,VPWR,li1,59.1100,209.4400,1.799905
_13135_,VPWR,li1,116.1500,220.3200,1.799706
_13134_,VPWR,li1,112.4700,225.7600,1.799673
_13133_,VPWR,li1,111.5500,220.3200,1.799705
_13132_,VPWR,li1,103.7300,225.7600,1.799679
_13131_,VPWR,li1,96.8300,225.7600,1.799692
_13130_,VPWR,li1,91.3100,225.7600,1.799704
_13129_,VPWR,li1,88.5500,225.7600,1.799711
_13128_,VPWR,li1,87.1700,225.7600,1.799717
_13127_,VPWR,li1,88.3200,220.3200,1.799723
_13126_,VPWR,li1,83.0300,225.7600,1.799728
_13125_,VPWR,li1,104.6500,220.3200,1.799709
_13124_,VPWR,li1,117.3000,204.0000,1.799874
_13123_,VPWR,li1,127.6500,225.7600,1.799695
_13122_,VPWR,li1,149.2700,242.0800,1.799642
_13121_,VPWR,li1,144.9000,242.0800,1.799623
_13120_,VPWR,li1,141.9100,242.0800,1.799608
_13119_,VPWR,li1,143.0600,242.0800,1.799615
_13118_,VPWR,li1,136.3900,242.0800,1.799593
_13117_,VPWR,li1,133.6300,242.0800,1.799582
_13116_,VPWR,li1,153.1800,236.6400,1.799762
_13115_,VPWR,li1,130.4100,236.6400,1.799664
_13114_,VPWR,li1,126.7300,236.6400,1.799652
_13113_,VPWR,li1,129.7200,236.6400,1.799664
_13112_,VPWR,li1,123.5100,236.6400,1.799640
_13111_,VPWR,li1,116.6100,231.2000,1.799774
_13110_,VPWR,li1,117.5300,231.2000,1.799774
_13109_,VPWR,li1,119.6000,231.2000,1.799779
_13108_,VPWR,li1,129.4900,231.2000,1.799794
_13107_,VPWR,li1,138.9200,231.2000,1.799814
_13106_,VPWR,li1,133.1700,247.5200,1.799655
_13105_,VPWR,li1,133.4000,247.5200,1.799655
_13104_,VPWR,li1,131.3300,247.5200,1.799653
_13103_,VPWR,li1,139.1500,252.9600,1.799813
_13102_,VPWR,li1,130.4100,252.9600,1.799795
_13101_,VPWR,li1,130.4100,252.9600,1.799795
_13100_,VPWR,li1,146.5100,252.9600,1.799831
_13099_,VPWR,li1,139.1500,252.9600,1.799813
_13098_,VPWR,li1,140.3000,247.5200,1.799661
_13097_,VPWR,li1,125.8100,252.9600,1.799786
_13096_,VPWR,li1,124.4300,247.5200,1.799646
_13095_,VPWR,li1,125.8100,247.5200,1.799647
_13094_,VPWR,li1,128.8000,247.5200,1.799650
_13093_,VPWR,li1,121.6700,247.5200,1.799644
_13092_,VPWR,li1,141.2200,225.7600,1.799732
_13091_,VPWR,li1,163.3000,242.0800,1.799733
_13090_,VPWR,li1,185.1500,269.2800,1.798198
_13089_,VPWR,li1,183.0800,263.8400,1.798990
_13088_,VPWR,li1,178.7100,269.2800,1.798557
_13087_,VPWR,li1,179.8600,263.8400,1.799207
_13086_,VPWR,li1,175.0300,269.2800,1.798890
_13085_,VPWR,li1,171.3500,263.8400,1.799249
_13084_,VPWR,li1,171.8100,263.8400,1.799249
_13083_,VPWR,li1,168.5900,263.8400,1.799194
_13082_,VPWR,li1,193.2000,263.8400,1.798646
_13081_,VPWR,li1,167.6700,263.8400,1.799153
_13080_,VPWR,li1,166.2900,258.4000,1.799690
_13079_,VPWR,li1,162.1500,258.4000,1.799646
_13078_,VPWR,li1,159.3900,258.4000,1.799601
_13077_,VPWR,li1,154.3300,258.4000,1.799562
_13076_,VPWR,li1,148.8100,258.4000,1.799512
_13075_,VPWR,li1,150.6500,252.9600,1.799841
_13074_,VPWR,li1,151.1100,258.4000,1.799534
_13073_,VPWR,li1,162.3800,252.9600,1.799869
_13072_,VPWR,li1,159.6200,252.9600,1.799864
_13071_,VPWR,li1,176.6400,258.4000,1.799788
_13070_,VPWR,li1,179.1700,285.6000,1.799359
_13069_,VPWR,li1,176.8700,280.1600,1.798280
_13068_,VPWR,li1,178.9400,285.6000,1.799359
_13067_,VPWR,li1,187.6800,285.6000,1.799189
_13066_,VPWR,li1,169.9700,280.1600,1.797848
_13065_,VPWR,li1,166.7500,280.1600,1.797520
_13064_,VPWR,li1,172.2700,280.1600,1.798107
_13063_,VPWR,li1,169.2800,274.7200,1.797885
_13062_,VPWR,li1,163.5300,274.7200,1.797818
_13061_,VPWR,li1,169.7400,280.1600,1.797848
_13060_,VPWR,li1,163.9900,280.1600,1.797262
_13059_,VPWR,li1,162.1500,280.1600,1.797075
_13058_,VPWR,li1,162.3800,285.6000,1.799039
_13057_,VPWR,li1,132.7100,285.6000,1.798557
_13056_,VPWR,li1,130.8700,285.6000,1.798562
_13055_,VPWR,li1,118.9100,280.1600,1.795139
_13054_,VPWR,li1,179.8600,242.0800,1.799801
_13053_,VPWR,li1,205.6200,269.2800,1.796946
_13052_,VPWR,li1,220.5700,274.7200,1.792605
_13051_,VPWR,li1,218.7300,274.7200,1.792812
_13050_,VPWR,li1,215.9700,274.7200,1.793202
_13049_,VPWR,li1,210.2200,280.1600,1.796391
_13048_,VPWR,li1,285.2000,274.7200,1.792891
_13047_,VPWR,li1,365.4700,274.7200,1.790725
_13046_,VPWR,li1,358.8000,269.2800,1.798170
_13045_,VPWR,li1,360.6400,274.7200,1.790832
_13044_,VPWR,li1,352.8200,263.8400,1.796821
_13043_,VPWR,li1,348.4500,263.8400,1.797001
_13042_,VPWR,li1,357.8800,274.7200,1.790964
_13041_,VPWR,li1,341.5500,269.2800,1.798669
_13040_,VPWR,li1,341.5500,274.7200,1.793375
_13039_,VPWR,li1,335.3400,263.8400,1.798033
_13038_,VPWR,li1,288.1900,274.7200,1.793083
_13037_,VPWR,li1,284.5100,269.2800,1.797067
_13036_,VPWR,li1,286.8100,269.2800,1.797166
_13035_,VPWR,li1,284.2800,263.8400,1.797301
_13034_,VPWR,li1,250.4700,269.2800,1.796060
_13033_,VPWR,li1,247.2500,263.8400,1.797319
_13032_,VPWR,li1,246.3300,269.2800,1.796015
_13031_,VPWR,li1,249.7800,258.4000,1.799118
_13030_,VPWR,li1,222.8700,263.8400,1.797690
_13029_,VPWR,li1,216.8900,247.5200,1.799535
_13028_,VPWR,li1,219.6500,247.5200,1.799533
_13027_,VPWR,li1,217.1200,231.2000,1.799612
_13026_,VPWR,li1,188.3700,242.0800,1.799741
_13025_,VPWR,li1,181.9300,225.7600,1.799824
_13024_,VPWR,li1,187.6800,225.7600,1.799793
_13023_,VPWR,li1,183.5400,220.3200,1.799836
_13022_,VPWR,li1,149.2700,225.7600,1.799755
_13021_,VPWR,li1,142.8300,214.8800,1.799835
_13020_,VPWR,li1,145.5900,214.8800,1.799840
_13019_,VPWR,li1,145.8200,214.8800,1.799840
_13018_,VPWR,li1,117.5300,214.8800,1.799805
_13017_,VPWR,li1,113.3900,209.4400,1.799861
_13016_,VPWR,li1,114.5400,209.4400,1.799861
_13015_,VPWR,li1,117.7600,209.4400,1.799863
_13014_,VPWR,li1,103.7300,209.4400,1.799861
_13013_,VPWR,li1,97.7500,204.0000,1.799872
_13012_,VPWR,li1,96.8300,198.5600,1.799908
_13011_,VPWR,li1,94.3000,204.0000,1.799873
_13010_,VPWR,li1,89.9300,198.5600,1.799911
_13009_,VPWR,li1,88.0900,204.0000,1.799876
_13008_,VPWR,li1,106.9500,209.4400,1.799861
_13007_,VPWR,li1,114.3100,204.0000,1.799873
_13006_,VPWR,li1,111.5500,204.0000,1.799872
_13005_,VPWR,li1,114.5400,204.0000,1.799873
_13004_,VPWR,li1,106.0300,204.0000,1.799871
_13003_,VPWR,li1,104.6500,204.0000,1.799871
_13002_,VPWR,li1,102.3500,198.5600,1.799904
_13001_,VPWR,li1,105.1100,198.5600,1.799903
_13000_,VPWR,li1,108.3300,204.0000,1.799871
_12999_,VPWR,li1,117.5300,204.0000,1.799874
_12998_,VPWR,li1,126.9600,204.0000,1.799881
_12997_,VPWR,li1,141.9100,220.3200,1.799751
_12996_,VPWR,li1,138.2300,220.3200,1.799741
_12995_,VPWR,li1,139.6100,220.3200,1.799746
_12994_,VPWR,li1,131.7900,220.3200,1.799729
_12993_,VPWR,li1,130.4100,220.3200,1.799725
_12992_,VPWR,li1,126.7300,220.3200,1.799721
_12991_,VPWR,li1,123.9700,220.3200,1.799717
_12990_,VPWR,li1,127.6500,214.8800,1.799817
_12989_,VPWR,li1,127.1900,220.3200,1.799721
_12988_,VPWR,li1,131.3300,225.7600,1.799705
_12987_,VPWR,li1,128.1100,231.2000,1.799794
_12986_,VPWR,li1,130.1800,231.2000,1.799798
_12985_,VPWR,li1,128.8000,225.7600,1.799695
_12984_,VPWR,li1,133.8600,231.2000,1.799804
_12983_,VPWR,li1,126.2700,231.2000,1.799791
_12982_,VPWR,li1,139.3800,209.4400,1.799881
_12981_,VPWR,li1,155.0200,220.3200,1.799790
_12980_,VPWR,li1,181.4700,242.0800,1.799786
_12979_,VPWR,li1,177.3300,242.0800,1.799817
_12978_,VPWR,li1,178.4800,236.6400,1.799851
_12977_,VPWR,li1,166.7500,242.0800,1.799764
_12976_,VPWR,li1,162.6100,242.0800,1.799733
_12975_,VPWR,li1,165.3700,242.0800,1.799750
_12974_,VPWR,li1,171.5800,236.6400,1.799844
_12973_,VPWR,li1,156.1700,236.6400,1.799770
_12972_,VPWR,li1,150.6500,236.6400,1.799751
_12971_,VPWR,li1,153.4100,236.6400,1.799762
_12970_,VPWR,li1,143.7500,231.2000,1.799824
_12969_,VPWR,li1,139.6100,231.2000,1.799814
_12968_,VPWR,li1,141.4500,231.2000,1.799819
_12967_,VPWR,li1,142.6000,231.2000,1.799819
_12966_,VPWR,li1,152.0300,225.7600,1.799765
_12965_,VPWR,li1,161.0000,236.6400,1.799793
_12964_,VPWR,li1,162.1500,247.5200,1.799754
_12963_,VPWR,li1,155.2500,247.5200,1.799706
_12962_,VPWR,li1,155.2500,252.9600,1.799853
_12961_,VPWR,li1,175.0300,247.5200,1.799847
_12960_,VPWR,li1,153.4100,252.9600,1.799848
_12959_,VPWR,li1,141.9100,252.9600,1.799820
_12958_,VPWR,li1,142.6000,247.5200,1.799666
_12957_,VPWR,li1,144.6700,252.9600,1.799825
_12956_,VPWR,li1,142.1400,252.9600,1.799820
_12955_,VPWR,li1,164.4500,252.9600,1.799877
_12954_,VPWR,li1,175.4900,252.9600,1.799911
_12953_,VPWR,li1,170.8900,252.9600,1.799897
_12952_,VPWR,li1,168.1300,252.9600,1.799886
_12951_,VPWR,li1,164.9100,252.9600,1.799877
_12950_,VPWR,li1,176.6400,220.3200,1.799885
_12949_,VPWR,li1,190.9000,242.0800,1.799733
_12948_,VPWR,li1,217.8100,263.8400,1.797827
_12947_,VPWR,li1,216.4300,269.2800,1.796507
_12946_,VPWR,li1,212.7500,269.2800,1.796602
_12945_,VPWR,li1,213.2100,269.2800,1.796602
_12944_,VPWR,li1,208.6100,269.2800,1.796812
_12943_,VPWR,li1,204.9300,263.8400,1.798235
_12942_,VPWR,li1,207.6900,263.8400,1.798155
_12941_,VPWR,li1,211.6000,258.4000,1.799425
_12940_,VPWR,li1,196.1900,263.8400,1.798518
_12939_,VPWR,li1,190.6700,258.4000,1.799631
_12938_,VPWR,li1,192.0500,258.4000,1.799631
_12937_,VPWR,li1,184.2300,258.4000,1.799699
_12936_,VPWR,li1,177.3300,258.4000,1.799768
_12935_,VPWR,li1,180.0900,258.4000,1.799746
_12934_,VPWR,li1,178.4800,252.9600,1.799900
_12933_,VPWR,li1,195.2700,269.2800,1.797458
_12932_,VPWR,li1,189.9800,252.9600,1.799831
_12931_,VPWR,li1,194.5800,258.4000,1.799591
_12930_,VPWR,li1,207.6900,280.1600,1.796563
_12929_,VPWR,li1,206.3100,280.1600,1.796563
_12928_,VPWR,li1,209.3000,280.1600,1.796391
_12927_,VPWR,li1,213.4400,280.1600,1.796154
_12926_,VPWR,li1,194.3500,280.1600,1.797352
_12925_,VPWR,li1,190.2100,285.6000,1.799092
_12924_,VPWR,li1,190.9000,280.1600,1.797460
_12923_,VPWR,li1,191.5900,285.6000,1.799092
_12922_,VPWR,li1,187.9100,285.6000,1.799146
_12921_,VPWR,li1,201.0200,285.6000,1.798844
_12920_,VPWR,li1,164.4500,285.6000,1.799102
_12919_,VPWR,li1,166.5200,285.6000,1.799167
_12918_,VPWR,li1,168.1300,285.6000,1.799167
_12917_,VPWR,li1,169.9700,285.6000,1.799274
_12916_,VPWR,li1,162.8400,285.6000,1.799039
_12915_,VPWR,li1,159.8500,285.6000,1.798954
_12914_,VPWR,li1,120.2900,285.6000,1.798596
_12913_,VPWR,li1,212.9800,231.2000,1.799638
_12912_,VPWR,li1,230.9200,263.8400,1.797556
_12911_,VPWR,li1,247.7100,269.2800,1.796015
_12910_,VPWR,li1,244.4900,269.2800,1.796006
_12909_,VPWR,li1,244.0300,269.2800,1.796006
_12908_,VPWR,li1,249.3200,280.1600,1.796051
_12907_,VPWR,li1,281.0600,274.7200,1.792678
_12906_,VPWR,li1,358.1100,263.8400,1.796724
_12905_,VPWR,li1,354.8900,263.8400,1.796775
_12904_,VPWR,li1,352.1300,263.8400,1.796893
_12903_,VPWR,li1,345.4600,263.8400,1.797257
_12902_,VPWR,li1,346.6100,263.8400,1.797102
_12901_,VPWR,li1,337.8700,263.8400,1.797793
_12900_,VPWR,li1,332.8100,263.8400,1.798231
_12899_,VPWR,li1,334.4200,263.8400,1.798033
_12898_,VPWR,li1,317.4000,263.8400,1.798136
_12897_,VPWR,li1,286.3500,263.8400,1.797336
_12896_,VPWR,li1,281.2900,263.8400,1.797277
_12895_,VPWR,li1,282.9000,258.4000,1.799161
_12894_,VPWR,li1,279.6800,258.4000,1.799152
_12893_,VPWR,li1,247.2500,258.4000,1.799124
_12892_,VPWR,li1,243.1100,252.9600,1.799575
_12891_,VPWR,li1,244.2600,258.4000,1.799146
_12890_,VPWR,li1,243.3400,236.6400,1.799513
_12889_,VPWR,li1,218.2700,231.2000,1.799612
_12888_,VPWR,li1,215.0500,225.7600,1.799670
_12887_,VPWR,li1,217.8100,225.7600,1.799664
_12886_,VPWR,li1,218.0400,220.3200,1.799729
_12885_,VPWR,li1,187.9100,220.3200,1.799814
_12884_,VPWR,li1,181.4700,214.8800,1.799906
_12883_,VPWR,li1,184.2300,214.8800,1.799898
_12882_,VPWR,li1,188.1400,209.4400,1.799927
_12881_,VPWR,li1,150.6500,214.8800,1.799850
_12880_,VPWR,li1,147.8900,209.4400,1.799892
_12879_,VPWR,li1,150.1900,209.4400,1.799897
_12878_,VPWR,li1,145.5900,209.4400,1.799888
_12877_,VPWR,li1,153.1800,209.4400,1.799901
_12876_,VPWR,li1,123.9700,209.4400,1.799866
_12875_,VPWR,li1,125.3500,209.4400,1.799868
_12874_,VPWR,li1,127.8800,209.4400,1.799870
_12873_,VPWR,li1,77.0500,209.4400,1.799881
_12872_,VPWR,li1,89.0100,209.4400,1.799869
_12871_,VPWR,li1,118.9100,204.0000,1.799876
_12870_,VPWR,li1,120.5200,198.5600,1.799896
_12869_,VPWR,li1,119.6000,198.5600,1.799896
_12868_,VPWR,li1,124.2000,198.5600,1.799895
_12867_,VPWR,li1,116.6100,198.5600,1.799898
_12866_,VPWR,li1,141.9100,209.4400,1.799884
_12865_,VPWR,li1,138.2300,209.4400,1.799881
_12864_,VPWR,li1,140.9900,209.4400,1.799884
_12863_,VPWR,li1,136.3900,204.0000,1.799891
_12862_,VPWR,li1,132.2500,204.0000,1.799886
_12861_,VPWR,li1,129.9500,204.0000,1.799884
_12860_,VPWR,li1,129.4900,204.0000,1.799883
_12859_,VPWR,li1,128.5700,198.5600,1.799894
_12858_,VPWR,li1,141.9100,204.0000,1.799896
_12857_,VPWR,li1,161.4600,209.4400,1.799918
_12856_,VPWR,li1,179.1700,220.3200,1.799863
_12855_,VPWR,li1,176.4100,220.3200,1.799885
_12854_,VPWR,li1,181.4700,220.3200,1.799848
_12853_,VPWR,li1,157.5500,220.3200,1.799802
_12852_,VPWR,li1,154.3300,220.3200,1.799790
_12851_,VPWR,li1,151.5700,220.3200,1.799782
_12850_,VPWR,li1,163.9900,220.3200,1.799832
_12849_,VPWR,li1,135.0100,220.3200,1.799733
_12848_,VPWR,li1,135.4700,214.8800,1.799825
_12847_,VPWR,li1,125.3500,214.8800,1.799813
_12846_,VPWR,li1,153.8700,225.7600,1.799776
_12845_,VPWR,li1,156.1700,225.7600,1.799786
_12844_,VPWR,li1,154.7900,225.7600,1.799776
_12843_,VPWR,li1,153.8700,231.2000,1.799845
_12842_,VPWR,li1,150.6500,231.2000,1.799838
_12841_,VPWR,li1,182.1600,209.4400,1.799936
_12840_,VPWR,li1,178.7100,220.3200,1.799863
_12839_,VPWR,li1,213.2100,236.6400,1.799631
_12838_,VPWR,li1,209.0700,236.6400,1.799655
_12837_,VPWR,li1,209.3000,231.2000,1.799662
_12836_,VPWR,li1,194.8100,236.6400,1.799738
_12835_,VPWR,li1,191.5900,236.6400,1.799759
_12834_,VPWR,li1,188.6000,236.6400,1.799780
_12833_,VPWR,li1,191.5900,236.6400,1.799759
_12832_,VPWR,li1,193.2000,231.2000,1.799771
_12831_,VPWR,li1,174.1100,236.6400,1.799858
_12830_,VPWR,li1,169.9700,231.2000,1.799884
_12829_,VPWR,li1,172.7300,231.2000,1.799891
_12828_,VPWR,li1,166.2900,231.2000,1.799874
_12827_,VPWR,li1,162.1500,231.2000,1.799864
_12826_,VPWR,li1,159.3900,231.2000,1.799858
_12825_,VPWR,li1,162.3800,231.2000,1.799864
_12824_,VPWR,li1,170.8900,225.7600,1.799853
_12823_,VPWR,li1,175.9500,231.2000,1.799899
_12822_,VPWR,li1,190.2100,247.5200,1.799733
_12821_,VPWR,li1,187.4500,247.5200,1.799760
_12820_,VPWR,li1,189.5200,247.5200,1.799733
_12819_,VPWR,li1,192.0500,247.5200,1.799714
_12818_,VPWR,li1,200.3300,247.5200,1.799663
_12817_,VPWR,li1,173.6500,247.5200,1.799829
_12816_,VPWR,li1,176.8700,247.5200,1.799833
_12815_,VPWR,li1,170.4300,247.5200,1.799805
_12814_,VPWR,li1,174.1100,252.9600,1.799904
_12813_,VPWR,li1,167.2100,247.5200,1.799790
_12812_,VPWR,li1,143.9800,252.9600,1.799825
_12811_,VPWR,li1,136.3900,252.9600,1.799805
_12810_,VPWR,li1,185.6100,252.9600,1.799857
_12809_,VPWR,li1,201.2500,252.9600,1.799778
_12808_,VPWR,li1,183.3100,252.9600,1.799867
_12807_,VPWR,li1,181.0100,247.5200,1.799800
_12806_,VPWR,li1,181.0100,252.9600,1.799880
_12805_,VPWR,li1,207.4600,225.7600,1.799702
_12804_,VPWR,li1,216.6600,236.6400,1.799621
_12803_,VPWR,li1,244.0300,263.8400,1.797356
_12802_,VPWR,li1,244.0300,263.8400,1.797356
_12801_,VPWR,li1,239.4300,263.8400,1.797420
_12800_,VPWR,li1,241.7300,263.8400,1.797391
_12799_,VPWR,li1,233.9100,263.8400,1.797519
_12798_,VPWR,li1,230.6900,263.8400,1.797556
_12797_,VPWR,li1,234.3700,263.8400,1.797519
_12796_,VPWR,li1,232.9900,263.8400,1.797519
_12795_,VPWR,li1,234.6000,258.4000,1.799236
_12794_,VPWR,li1,214.5900,258.4000,1.799400
_12793_,VPWR,li1,209.9900,258.4000,1.799451
_12792_,VPWR,li1,210.9100,263.8400,1.798067
_12791_,VPWR,li1,200.7900,258.4000,1.799531
_12790_,VPWR,li1,200.5600,258.4000,1.799531
_12789_,VPWR,li1,197.5700,258.4000,1.799561
_12788_,VPWR,li1,199.6400,269.2800,1.797309
_12787_,VPWR,li1,197.5700,274.7200,1.795158
_12786_,VPWR,li1,206.5400,252.9600,1.799752
_12785_,VPWR,li1,196.8800,269.2800,1.797458
_12784_,VPWR,li1,209.7600,242.0800,1.799682
_12783_,VPWR,li1,220.8000,252.9600,1.799674
_12782_,VPWR,li1,247.7100,280.1600,1.795931
_12781_,VPWR,li1,246.3300,280.1600,1.795931
_12780_,VPWR,li1,246.7900,285.6000,1.798463
_12779_,VPWR,li1,252.7700,280.1600,1.796134
_12778_,VPWR,li1,214.5900,280.1600,1.796154
_12777_,VPWR,li1,215.9700,285.6000,1.798495
_12776_,VPWR,li1,217.1200,280.1600,1.795944
_12775_,VPWR,li1,218.0400,280.1600,1.795944
_12774_,VPWR,li1,212.2900,285.6000,1.798579
_12773_,VPWR,li1,213.6700,285.6000,1.798579
_12772_,VPWR,li1,214.1300,285.6000,1.798537
_12771_,VPWR,li1,237.3600,285.6000,1.798342
_12770_,VPWR,li1,204.4700,285.6000,1.798795
_12769_,VPWR,li1,200.7900,280.1600,1.796937
_12768_,VPWR,li1,200.7900,285.6000,1.798844
_12767_,VPWR,li1,207.4600,285.6000,1.798689
_12766_,VPWR,li1,197.1100,285.6000,1.798962
_12765_,VPWR,li1,239.2000,236.6400,1.799528
_12764_,VPWR,li1,255.9900,263.8400,1.797293
_12763_,VPWR,li1,281.2900,269.2800,1.796970
_12762_,VPWR,li1,278.0700,269.2800,1.796876
_12761_,VPWR,li1,278.5300,274.7200,1.792549
_12760_,VPWR,li1,281.9800,280.1600,1.797370
_12759_,VPWR,li1,275.5400,263.8400,1.797268
_12758_,VPWR,li1,357.6500,263.8400,1.796724
_12757_,VPWR,li1,360.8700,263.8400,1.796705
_12756_,VPWR,li1,356.2700,263.8400,1.796775
_12755_,VPWR,li1,360.4100,247.5200,1.799113
_12754_,VPWR,li1,348.9100,263.8400,1.797001
_12753_,VPWR,li1,342.2400,263.8400,1.797406
_12752_,VPWR,li1,344.3100,263.8400,1.797257
_12751_,VPWR,li1,343.6200,263.8400,1.797406
_12750_,VPWR,li1,340.6300,263.8400,1.797582
_12749_,VPWR,li1,325.6800,258.4000,1.799609
_12748_,VPWR,li1,341.5500,269.2800,1.798669
_12747_,VPWR,li1,328.9000,258.4000,1.799715
_12746_,VPWR,li1,317.4000,258.4000,1.799490
_12745_,VPWR,li1,319.7000,258.4000,1.799528
_12744_,VPWR,li1,313.7200,258.4000,1.799421
_12743_,VPWR,li1,312.5700,258.4000,1.799421
_12742_,VPWR,li1,279.6800,258.4000,1.799152
_12741_,VPWR,li1,281.9800,258.4000,1.799161
_12740_,VPWR,li1,276.0000,236.6400,1.799452
_12739_,VPWR,li1,272.7800,236.6400,1.799453
_12738_,VPWR,li1,246.5600,236.6400,1.799503
_12737_,VPWR,li1,244.2600,231.2000,1.799590
_12736_,VPWR,li1,240.1200,220.3200,1.799712
_12735_,VPWR,li1,238.2800,220.3200,1.799711
_12734_,VPWR,li1,221.2600,220.3200,1.799724
_12733_,VPWR,li1,218.9600,220.3200,1.799729
_12732_,VPWR,li1,218.7300,209.4400,1.799874
_12731_,VPWR,li1,219.4200,214.8800,1.799823
_12730_,VPWR,li1,184.4600,209.4400,1.799931
_12729_,VPWR,li1,186.3000,214.8800,1.799893
_12728_,VPWR,li1,184.4600,209.4400,1.799931
_12727_,VPWR,li1,186.7600,209.4400,1.799927
_12726_,VPWR,li1,189.0600,204.0000,1.799937
_12725_,VPWR,li1,155.9400,209.4400,1.799909
_12724_,VPWR,li1,155.9400,204.0000,1.799916
_12723_,VPWR,li1,158.7000,209.4400,1.799913
_12722_,VPWR,li1,153.6400,204.0000,1.799912
_12721_,VPWR,li1,130.6400,209.4400,1.799872
_12720_,VPWR,li1,129.7200,209.4400,1.799872
_12719_,VPWR,li1,131.7900,209.4400,1.799874
_12718_,VPWR,li1,133.1700,209.4400,1.799874
_12717_,VPWR,li1,149.2700,204.0000,1.799908
_12716_,VPWR,li1,148.8100,198.5600,1.799899
_12715_,VPWR,li1,144.9000,198.5600,1.799896
_12714_,VPWR,li1,141.4500,198.5600,1.799896
_12713_,VPWR,li1,145.1300,204.0000,1.799902
_12712_,VPWR,li1,179.6300,209.4400,1.799942
_12711_,VPWR,li1,175.0300,204.0000,1.799957
_12710_,VPWR,li1,178.0200,204.0000,1.799952
_12709_,VPWR,li1,168.1300,209.4400,1.799935
_12708_,VPWR,li1,164.4500,204.0000,1.799934
_12707_,VPWR,li1,164.4500,209.4400,1.799924
_12706_,VPWR,li1,193.8900,209.4400,1.799914
_12705_,VPWR,li1,174.1100,209.4400,1.799947
_12704_,VPWR,li1,200.3300,204.0000,1.799922
_12703_,VPWR,li1,209.9900,220.3200,1.799746
_12702_,VPWR,li1,207.6900,220.3200,1.799752
_12701_,VPWR,li1,203.7800,225.7600,1.799722
_12700_,VPWR,li1,202.6300,220.3200,1.799766
_12699_,VPWR,li1,171.5800,220.3200,1.799866
_12698_,VPWR,li1,173.8800,220.3200,1.799875
_12697_,VPWR,li1,172.0400,214.8800,1.799923
_12696_,VPWR,li1,174.3400,214.8800,1.799931
_12695_,VPWR,li1,195.2700,214.8800,1.799875
_12694_,VPWR,li1,164.4500,214.8800,1.799895
_12693_,VPWR,li1,167.6700,214.8800,1.799908
_12692_,VPWR,li1,161.6900,214.8800,1.799886
_12691_,VPWR,li1,161.6900,209.4400,1.799918
_12690_,VPWR,li1,120.2900,220.3200,1.799710
_12689_,VPWR,li1,169.0500,220.3200,1.799855
_12688_,VPWR,li1,171.3500,220.3200,1.799866
_12687_,VPWR,li1,170.6600,225.7600,1.799853
_12686_,VPWR,li1,167.6700,225.7600,1.799839
_12685_,VPWR,li1,167.6700,225.7600,1.799839
_12684_,VPWR,li1,206.5400,209.4400,1.799895
_12683_,VPWR,li1,200.5600,220.3200,1.799774
_12682_,VPWR,li1,238.0500,242.0800,1.799622
_12681_,VPWR,li1,229.7700,242.0800,1.799635
_12680_,VPWR,li1,231.3800,236.6400,1.799556
_12679_,VPWR,li1,219.6500,242.0800,1.799653
_12678_,VPWR,li1,215.9700,236.6400,1.799621
_12677_,VPWR,li1,218.9600,236.6400,1.799606
_12676_,VPWR,li1,228.1600,236.6400,1.799568
_12675_,VPWR,li1,196.1900,231.2000,1.799753
_12674_,VPWR,li1,190.6700,231.2000,1.799788
_12673_,VPWR,li1,193.4300,231.2000,1.799771
_12672_,VPWR,li1,182.3900,231.2000,1.799848
_12671_,VPWR,li1,175.9500,236.6400,1.799873
_12670_,VPWR,li1,179.1700,231.2000,1.799871
_12669_,VPWR,li1,180.5500,231.2000,1.799871
_12668_,VPWR,li1,200.5600,231.2000,1.799720
_12667_,VPWR,li1,191.5900,220.3200,1.799801
_12666_,VPWR,li1,226.0900,231.2000,1.799603
_12665_,VPWR,li1,212.7500,247.5200,1.799564
_12664_,VPWR,li1,206.3100,247.5200,1.799611
_12663_,VPWR,li1,209.3000,247.5200,1.799598
_12662_,VPWR,li1,200.1000,236.6400,1.799715
_12661_,VPWR,li1,201.2500,247.5200,1.799646
_12660_,VPWR,li1,203.5500,247.5200,1.799629
_12659_,VPWR,li1,199.1800,242.0800,1.799713
_12658_,VPWR,li1,197.1100,247.5200,1.799677
_12657_,VPWR,li1,197.1100,247.5200,1.799677
_12656_,VPWR,li1,212.7500,242.0800,1.799675
_12655_,VPWR,li1,211.3700,252.9600,1.799722
_12654_,VPWR,li1,213.6700,252.9600,1.799708
_12653_,VPWR,li1,207.9200,247.5200,1.799598
_12652_,VPWR,li1,208.1500,252.9600,1.799735
_12651_,VPWR,li1,204.9300,252.9600,1.799752
_12650_,VPWR,li1,228.6200,225.7600,1.799643
_12649_,VPWR,li1,241.9600,242.0800,1.799621
_12648_,VPWR,li1,278.0700,263.8400,1.797270
_12647_,VPWR,li1,270.7100,263.8400,1.797266
_12646_,VPWR,li1,273.7000,263.8400,1.797267
_12645_,VPWR,li1,265.1900,263.8400,1.797272
_12644_,VPWR,li1,261.0500,269.2800,1.796391
_12643_,VPWR,li1,258.2900,263.8400,1.797287
_12642_,VPWR,li1,261.0500,263.8400,1.797281
_12641_,VPWR,li1,266.8000,263.8400,1.797272
_12640_,VPWR,li1,252.3100,258.4000,1.799119
_12639_,VPWR,li1,233.4500,258.4000,1.799236
_12638_,VPWR,li1,235.7500,258.4000,1.799217
_12637_,VPWR,li1,227.4700,258.4000,1.799286
_12636_,VPWR,li1,245.8700,252.9600,1.799575
_12635_,VPWR,li1,221.9500,258.4000,1.799342
_12634_,VPWR,li1,221.0300,258.4000,1.799342
_12633_,VPWR,li1,218.9600,258.4000,1.799360
_12632_,VPWR,li1,204.0100,269.2800,1.797048
_12631_,VPWR,li1,201.0200,274.7200,1.794897
_12630_,VPWR,li1,204.4700,274.7200,1.794376
_12629_,VPWR,li1,199.8700,274.7200,1.794897
_12628_,VPWR,li1,195.2700,274.7200,1.795419
_12627_,VPWR,li1,222.8700,252.9600,1.799663
_12626_,VPWR,li1,235.9800,252.9600,1.799605
_12625_,VPWR,li1,258.5200,252.9600,1.799576
_12624_,VPWR,li1,278.9900,280.1600,1.797247
_12623_,VPWR,li1,278.0700,285.6000,1.798945
_12622_,VPWR,li1,280.8300,285.6000,1.798982
_12621_,VPWR,li1,291.1800,285.6000,1.799154
_12620_,VPWR,li1,273.0100,285.6000,1.798867
_12619_,VPWR,li1,266.3400,285.6000,1.798747
_12618_,VPWR,li1,271.1700,285.6000,1.798824
_12617_,VPWR,li1,255.5300,285.6000,1.798604
_12616_,VPWR,li1,252.7700,285.6000,1.798540
_12615_,VPWR,li1,258.7500,285.6000,1.798651
_12614_,VPWR,li1,245.8700,285.6000,1.798463
_12613_,VPWR,li1,243.5700,285.6000,1.798430
_12612_,VPWR,li1,241.0400,285.6000,1.798393
_12611_,VPWR,li1,239.4300,280.1600,1.795660
_12610_,VPWR,li1,234.3700,285.6000,1.798278
_12609_,VPWR,li1,268.6400,285.6000,1.798786
_12608_,VPWR,li1,268.8700,280.1600,1.796782
_12607_,VPWR,li1,267.7200,285.6000,1.798786
_12606_,VPWR,li1,284.5100,280.1600,1.797445
_12605_,VPWR,li1,283.1300,285.6000,1.799025
_12604_,VPWR,li1,284.9700,285.6000,1.799055
_12603_,VPWR,li1,303.6000,285.6000,1.799360
_12602_,VPWR,li1,278.9900,285.6000,1.798945
_12601_,VPWR,li1,270.0200,242.0800,1.799640
_12600_,VPWR,li1,291.6400,263.8400,1.797468
_12599_,VPWR,li1,313.9500,263.8400,1.798067
_12598_,VPWR,li1,310.7300,263.8400,1.797978
_12597_,VPWR,li1,311.6500,263.8400,1.797978
_12596_,VPWR,li1,311.8800,285.6000,1.799472
_12595_,VPWR,li1,364.7800,247.5200,1.799079
_12594_,VPWR,li1,359.2600,252.9600,1.799735
_12593_,VPWR,li1,362.2500,242.0800,1.799417
_12592_,VPWR,li1,356.2700,247.5200,1.799187
_12591_,VPWR,li1,358.1100,247.5200,1.799144
_12590_,VPWR,li1,345.6900,247.5200,1.799348
_12589_,VPWR,li1,336.0300,242.0800,1.799657
_12588_,VPWR,li1,339.0200,247.5200,1.799493
_12587_,VPWR,li1,327.7500,252.9600,1.799781
_12586_,VPWR,li1,329.1300,258.4000,1.799715
_12585_,VPWR,li1,323.1500,252.9600,1.799734
_12584_,VPWR,li1,324.3000,258.4000,1.799609
_12583_,VPWR,li1,324.7600,236.6400,1.799726
_12582_,VPWR,li1,312.5700,252.9600,1.799662
_12581_,VPWR,li1,310.2700,258.4000,1.799402
_12580_,VPWR,li1,303.3700,252.9600,1.799622
_12579_,VPWR,li1,303.3700,252.9600,1.799622
_12578_,VPWR,li1,299.0000,231.2000,1.799689
_12577_,VPWR,li1,279.4500,236.6400,1.799458
_12576_,VPWR,li1,277.6100,236.6400,1.799454
_12575_,VPWR,li1,270.7100,231.2000,1.799608
_12574_,VPWR,li1,273.4700,231.2000,1.799613
_12573_,VPWR,li1,271.8600,225.7600,1.799641
_12572_,VPWR,li1,237.5900,225.7600,1.799630
_12571_,VPWR,li1,236.2100,220.3200,1.799713
_12570_,VPWR,li1,233.9100,214.8800,1.799808
_12569_,VPWR,li1,239.2000,214.8800,1.799805
_12568_,VPWR,li1,235.5200,214.8800,1.799806
_12567_,VPWR,li1,226.5500,214.8800,1.799814
_12566_,VPWR,li1,222.4100,214.8800,1.799819
_12565_,VPWR,li1,221.9500,209.4400,1.799872
_12564_,VPWR,li1,220.3400,209.4400,1.799872
_12563_,VPWR,li1,230.0000,209.4400,1.799866
_12562_,VPWR,li1,192.0500,204.0000,1.799931
_12561_,VPWR,li1,188.8300,204.0000,1.799937
_12560_,VPWR,li1,189.7500,209.4400,1.799921
_12559_,VPWR,li1,226.3200,204.0000,1.799902
_12558_,VPWR,li1,173.1900,198.5600,1.799921
_12557_,VPWR,li1,175.7200,204.0000,1.799957
_12556_,VPWR,li1,171.1200,204.0000,1.799945
_12555_,VPWR,li1,168.1300,204.0000,1.799939
_12554_,VPWR,li1,171.5800,204.0000,1.799949
_12553_,VPWR,li1,210.9100,214.8800,1.799838
_12552_,VPWR,li1,209.3000,209.4400,1.799888
_12551_,VPWR,li1,205.6200,209.4400,1.799895
_12550_,VPWR,li1,205.8500,204.0000,1.799918
_12549_,VPWR,li1,203.5500,204.0000,1.799919
_12548_,VPWR,li1,202.6300,204.0000,1.799919
_12547_,VPWR,li1,200.7900,204.0000,1.799922
_12546_,VPWR,li1,197.5700,204.0000,1.799924
_12545_,VPWR,li1,209.9900,204.0000,1.799913
_12544_,VPWR,li1,231.6100,225.7600,1.799638
_12543_,VPWR,li1,227.0100,220.3200,1.799719
_12542_,VPWR,li1,229.3100,220.3200,1.799718
_12541_,VPWR,li1,205.3900,220.3200,1.799759
_12540_,VPWR,li1,207.6900,220.3200,1.799752
_12539_,VPWR,li1,205.1600,220.3200,1.799759
_12538_,VPWR,li1,203.0900,220.3200,1.799766
_12537_,VPWR,li1,246.5600,214.8800,1.799805
_12536_,VPWR,li1,198.7200,214.8800,1.799864
_12535_,VPWR,li1,202.1700,214.8800,1.799856
_12534_,VPWR,li1,193.8900,214.8800,1.799875
_12533_,VPWR,li1,200.3300,214.8800,1.799864
_12532_,VPWR,li1,197.1100,214.8800,1.799870
_12531_,VPWR,li1,164.4500,209.4400,1.799924
_12530_,VPWR,li1,194.8100,220.3200,1.799791
_12529_,VPWR,li1,191.8200,220.3200,1.799801
_12528_,VPWR,li1,188.3700,220.3200,1.799814
_12527_,VPWR,li1,192.9700,225.7600,1.799766
_12526_,VPWR,li1,191.5900,225.7600,1.799778
_12525_,VPWR,li1,156.1700,214.8800,1.799867
_12524_,VPWR,li1,159.3900,220.3200,1.799812
_12523_,VPWR,li1,233.9100,225.7600,1.799635
_12522_,VPWR,li1,249.0900,225.7600,1.799630
_12521_,VPWR,li1,267.4900,242.0800,1.799636
_12520_,VPWR,li1,259.6700,236.6400,1.799474
_12519_,VPWR,li1,260.3600,242.0800,1.799631
_12518_,VPWR,li1,245.4100,242.0800,1.799622
_12517_,VPWR,li1,241.7300,242.0800,1.799621
_12516_,VPWR,li1,244.0300,242.0800,1.799622
_12515_,VPWR,li1,247.2500,242.0800,1.799623
_12514_,VPWR,li1,249.0900,242.0800,1.799624
_12513_,VPWR,li1,234.3700,242.0800,1.799627
_12512_,VPWR,li1,233.9100,236.6400,1.799549
_12511_,VPWR,li1,230.4600,231.2000,1.799599
_12510_,VPWR,li1,228.3900,231.2000,1.799601
_12509_,VPWR,li1,225.1700,225.7600,1.799653
_12508_,VPWR,li1,229.7700,231.2000,1.799601
_12507_,VPWR,li1,226.5500,231.2000,1.799603
_12506_,VPWR,li1,223.3300,231.2000,1.799606
_12505_,VPWR,li1,234.8300,231.2000,1.799596
_12504_,VPWR,li1,239.4300,247.5200,1.799549
_12503_,VPWR,li1,238.5100,252.9600,1.799595
_12502_,VPWR,li1,236.2100,247.5200,1.799546
_12501_,VPWR,li1,234.3700,247.5200,1.799544
_12500_,VPWR,li1,251.3900,247.5200,1.799564
_12499_,VPWR,li1,205.8500,236.6400,1.799679
_12498_,VPWR,li1,158.0100,231.2000,1.799852
_12497_,VPWR,li1,161.9200,236.6400,1.799803
_12496_,VPWR,li1,202.6300,236.6400,1.799690
_12495_,VPWR,li1,204.4700,236.6400,1.799679
_12494_,VPWR,li1,204.7000,231.2000,1.799692
_12493_,VPWR,li1,202.6300,231.2000,1.799706
_12492_,VPWR,li1,230.2300,252.9600,1.799630
_12491_,VPWR,li1,226.7800,247.5200,1.799537
_12490_,VPWR,li1,226.5500,252.9600,1.799646
_12489_,VPWR,li1,229.3100,247.5200,1.799538
_12488_,VPWR,li1,257.6000,231.2000,1.799596
_12487_,VPWR,li1,271.6300,242.0800,1.799640
_12486_,VPWR,li1,308.4300,263.8400,1.797898
_12485_,VPWR,li1,308.8900,263.8400,1.797898
_12484_,VPWR,li1,302.4500,263.8400,1.797747
_12483_,VPWR,li1,305.2100,263.8400,1.797816
_12482_,VPWR,li1,298.7700,263.8400,1.797650
_12481_,VPWR,li1,294.1700,263.8400,1.797520
_12480_,VPWR,li1,296.4700,263.8400,1.797591
_12479_,VPWR,li1,293.7100,263.8400,1.797520
_12478_,VPWR,li1,294.8600,269.2800,1.797535
_12477_,VPWR,li1,271.1700,263.8400,1.797266
_12476_,VPWR,li1,267.4900,258.4000,1.799134
_12475_,VPWR,li1,266.1100,258.4000,1.799131
_12474_,VPWR,li1,260.1300,258.4000,1.799126
_12473_,VPWR,li1,258.2900,258.4000,1.799123
_12472_,VPWR,li1,252.3100,252.9600,1.799575
_12471_,VPWR,li1,246.3300,252.9600,1.799575
_12470_,VPWR,li1,249.5500,252.9600,1.799575
_12469_,VPWR,li1,261.9700,252.9600,1.799577
_12468_,VPWR,li1,259.2100,269.2800,1.796307
_12467_,VPWR,li1,268.6400,252.9600,1.799582
_12466_,VPWR,li1,311.1900,280.1600,1.798577
_12465_,VPWR,li1,312.1100,285.6000,1.799503
_12464_,VPWR,li1,313.7200,285.6000,1.799503
_12463_,VPWR,li1,316.4800,285.6000,1.799580
_12462_,VPWR,li1,294.6300,285.6000,1.799184
_12461_,VPWR,li1,287.2700,285.6000,1.799091
_12460_,VPWR,li1,289.1100,285.6000,1.799121
_12459_,VPWR,li1,304.0600,291.0400,1.799956
_12458_,VPWR,li1,261.5100,285.6000,1.798688
_12457_,VPWR,li1,257.3700,280.1600,1.796374
_12456_,VPWR,li1,257.3700,280.1600,1.796374
_12455_,VPWR,li1,255.0700,280.1600,1.796217
_12454_,VPWR,li1,257.6000,274.7200,1.791487
_12453_,VPWR,li1,286.8100,291.0400,1.799944
_12452_,VPWR,li1,281.9800,285.6000,1.798982
_12451_,VPWR,li1,281.2900,291.0400,1.799941
_12450_,VPWR,li1,278.0700,291.0400,1.799940
_12449_,VPWR,li1,313.9500,285.6000,1.799535
_12448_,VPWR,li1,304.7500,285.6000,1.799360
_12447_,VPWR,li1,307.0500,285.6000,1.799391
_12446_,VPWR,li1,305.4400,285.6000,1.799391
_12445_,VPWR,li1,301.0700,285.6000,1.799318
_12444_,VPWR,li1,298.7700,285.6000,1.799253
_12443_,VPWR,li1,270.2500,285.6000,1.798824
_12442_,VPWR,li1,290.4900,236.6400,1.799504
_12441_,VPWR,li1,315.1000,274.7200,1.795508
_12440_,VPWR,li1,324.0700,269.2800,1.798888
_12439_,VPWR,li1,329.1300,269.2800,1.799122
_12438_,VPWR,li1,321.0800,269.2800,1.798674
_12437_,VPWR,li1,368.2300,242.0800,1.799407
_12436_,VPWR,li1,368.4600,236.6400,1.799464
_12435_,VPWR,li1,362.2500,236.6400,1.799502
_12434_,VPWR,li1,362.7100,247.5200,1.799090
_12433_,VPWR,li1,358.5700,242.0800,1.799428
_12432_,VPWR,li1,359.9500,242.0800,1.799428
_12431_,VPWR,li1,350.2900,242.0800,1.799488
_12430_,VPWR,li1,356.0400,242.0800,1.799442
_12429_,VPWR,li1,333.2700,242.0800,1.799698
_12428_,VPWR,li1,333.9600,242.0800,1.799698
_12427_,VPWR,li1,331.2000,236.6400,1.799740
_12426_,VPWR,li1,329.3600,236.6400,1.799766
_12425_,VPWR,li1,325.6800,231.2000,1.799823
_12424_,VPWR,li1,325.2200,236.6400,1.799726
_12423_,VPWR,li1,317.4000,231.2000,1.799765
_12422_,VPWR,li1,312.8000,231.2000,1.799745
_12421_,VPWR,li1,302.2200,231.2000,1.799698
_12420_,VPWR,li1,296.2400,231.2000,1.799677
_12419_,VPWR,li1,284.0500,225.7600,1.799655
_12418_,VPWR,li1,285.2000,225.7600,1.799660
_12417_,VPWR,li1,272.3200,220.3200,1.799746
_12416_,VPWR,li1,274.6200,225.7600,1.799644
_12415_,VPWR,li1,271.8600,214.8800,1.799814
_12414_,VPWR,li1,271.1700,214.8800,1.799814
_12413_,VPWR,li1,240.5800,214.8800,1.799805
_12412_,VPWR,li1,238.5100,214.8800,1.799805
_12411_,VPWR,li1,235.9800,209.4400,1.799862
_12410_,VPWR,li1,238.2800,209.4400,1.799861
_12409_,VPWR,li1,257.6000,209.4400,1.799856
_12408_,VPWR,li1,231.8400,204.0000,1.799899
_12407_,VPWR,li1,229.5400,204.0000,1.799900
_12406_,VPWR,li1,234.6000,204.0000,1.799899
_12405_,VPWR,li1,230.9200,204.0000,1.799900
_12404_,VPWR,li1,261.2800,198.5600,1.799530
_12403_,VPWR,li1,225.4000,198.5600,1.799646
_12402_,VPWR,li1,228.8500,204.0000,1.799901
_12401_,VPWR,li1,222.1800,204.0000,1.799904
_12400_,VPWR,li1,218.2700,204.0000,1.799907
_12399_,VPWR,li1,226.0900,204.0000,1.799902
_12398_,VPWR,li1,216.8900,204.0000,1.799907
_12397_,VPWR,li1,213.4400,204.0000,1.799911
_12396_,VPWR,li1,209.9900,204.0000,1.799913
_12395_,VPWR,li1,213.2100,204.0000,1.799911
_12394_,VPWR,li1,219.1900,204.0000,1.799906
_12393_,VPWR,li1,230.6900,214.8800,1.799810
_12392_,VPWR,li1,232.9900,214.8800,1.799808
_12391_,VPWR,li1,213.2100,214.8800,1.799834
_12390_,VPWR,li1,207.2300,214.8800,1.799845
_12389_,VPWR,li1,207.9200,214.8800,1.799845
_12388_,VPWR,li1,242.1900,209.4400,1.799860
_12387_,VPWR,li1,260.5900,231.2000,1.799597
_12386_,VPWR,li1,255.5300,231.2000,1.799594
_12385_,VPWR,li1,254.8400,225.7600,1.799632
_12384_,VPWR,li1,252.7700,225.7600,1.799631
_12383_,VPWR,li1,249.3200,225.7600,1.799630
_12382_,VPWR,li1,247.0200,225.7600,1.799630
_12381_,VPWR,li1,252.0800,225.7600,1.799631
_12380_,VPWR,li1,254.3800,225.7600,1.799632
_12379_,VPWR,li1,259.4400,220.3200,1.799730
_12378_,VPWR,li1,247.9400,220.3200,1.799717
_12377_,VPWR,li1,249.0900,214.8800,1.799806
_12376_,VPWR,li1,247.9400,220.3200,1.799717
_12375_,VPWR,li1,244.0300,220.3200,1.799715
_12374_,VPWR,li1,198.0300,225.7600,1.799743
_12373_,VPWR,li1,249.5500,220.3200,1.799720
_12372_,VPWR,li1,242.1900,231.2000,1.799591
_12371_,VPWR,li1,239.2000,225.7600,1.799630
_12370_,VPWR,li1,235.2900,231.2000,1.799596
_12369_,VPWR,li1,238.5100,231.2000,1.799595
_12368_,VPWR,li1,244.4900,231.2000,1.799590
_12367_,VPWR,li1,261.7400,225.7600,1.799635
_12366_,VPWR,li1,294.6300,236.6400,1.799532
_12365_,VPWR,li1,292.5600,236.6400,1.799519
_12364_,VPWR,li1,292.1000,236.6400,1.799519
_12363_,VPWR,li1,284.5100,236.6400,1.799481
_12362_,VPWR,li1,287.5000,236.6400,1.799493
_12361_,VPWR,li1,274.8500,242.0800,1.799649
_12360_,VPWR,li1,272.5500,242.0800,1.799645
_12359_,VPWR,li1,268.4100,242.0800,1.799636
_12358_,VPWR,li1,268.6400,247.5200,1.799592
_12357_,VPWR,li1,253.2300,242.0800,1.799625
_12356_,VPWR,li1,249.0900,242.0800,1.799624
_12355_,VPWR,li1,251.6200,242.0800,1.799625
_12354_,VPWR,li1,228.1600,242.0800,1.799635
_12353_,VPWR,li1,231.3800,242.0800,1.799631
_12352_,VPWR,li1,272.0900,252.9600,1.799585
_12351_,VPWR,li1,268.8700,247.5200,1.799592
_12350_,VPWR,li1,279.9100,252.9600,1.799592
_12349_,VPWR,li1,253.2300,247.5200,1.799567
_12348_,VPWR,li1,256.2200,247.5200,1.799570
_12347_,VPWR,li1,259.4400,247.5200,1.799574
_12346_,VPWR,li1,255.0700,247.5200,1.799570
_12345_,VPWR,li1,257.8300,247.5200,1.799574
_12344_,VPWR,li1,232.5300,252.9600,1.799621
_12343_,VPWR,li1,252.7700,247.5200,1.799567
_12342_,VPWR,li1,268.4100,252.9600,1.799580
_12341_,VPWR,li1,264.9600,247.5200,1.799586
_12340_,VPWR,li1,260.5900,252.9600,1.799577
_12339_,VPWR,li1,287.9600,242.0800,1.799677
_12338_,VPWR,li1,323.1500,263.8400,1.798378
_12337_,VPWR,li1,326.1400,263.8400,1.798482
_12336_,VPWR,li1,319.0100,263.8400,1.798236
_12335_,VPWR,li1,316.7100,269.2800,1.798545
_12334_,VPWR,li1,312.5700,269.2800,1.798353
_12333_,VPWR,li1,309.5800,274.7200,1.795008
_12332_,VPWR,li1,312.3400,274.7200,1.795175
_12331_,VPWR,li1,310.0400,274.7200,1.795008
_12330_,VPWR,li1,313.2600,274.7200,1.795342
_12329_,VPWR,li1,303.8300,274.7200,1.794406
_12328_,VPWR,li1,291.4100,269.2800,1.797377
_12327_,VPWR,li1,269.7900,274.7200,1.792022
_12326_,VPWR,li1,272.0900,274.7200,1.792174
_12325_,VPWR,li1,272.0900,280.1600,1.796968
_12324_,VPWR,li1,264.2700,274.7200,1.791742
_12323_,VPWR,li1,263.3500,280.1600,1.796578
_12322_,VPWR,li1,260.8200,274.7200,1.791649
_12321_,VPWR,li1,261.0500,274.7200,1.791649
_12320_,VPWR,li1,257.8300,274.7200,1.791487
_12319_,VPWR,li1,259.2100,285.6000,1.798651
_12318_,VPWR,li1,290.9500,252.9600,1.799606
_12317_,VPWR,li1,323.1500,274.7200,1.796241
_12316_,VPWR,li1,325.4500,274.7200,1.796450
_12315_,VPWR,li1,321.3100,274.7200,1.795990
_12314_,VPWR,li1,321.3100,285.6000,1.799664
_12313_,VPWR,li1,316.4800,285.6000,1.799580
_12312_,VPWR,li1,319.2400,285.6000,1.799628
_12311_,VPWR,li1,316.7100,291.0400,1.799969
_12310_,VPWR,li1,314.4100,291.0400,1.799965
_12309_,VPWR,li1,322.4600,291.0400,1.799976
_12308_,VPWR,li1,306.1300,291.0400,1.799958
_12307_,VPWR,li1,301.0700,291.0400,1.799954
_12306_,VPWR,li1,301.9900,291.0400,1.799954
_12305_,VPWR,li1,307.2800,291.0400,1.799958
_12304_,VPWR,li1,298.7700,291.0400,1.799952
_12303_,VPWR,li1,289.1100,291.0400,1.799946
_12302_,VPWR,li1,306.8200,236.6400,1.799606
_12301_,VPWR,li1,325.6800,274.7200,1.796450
_12300_,VPWR,li1,377.2000,236.6400,1.799438
_12299_,VPWR,li1,374.2100,236.6400,1.799446
_12298_,VPWR,li1,370.9900,236.6400,1.799456
_12297_,VPWR,li1,363.8600,236.6400,1.799484
_12296_,VPWR,li1,365.0100,231.2000,1.799659
_12295_,VPWR,li1,358.1100,231.2000,1.799676
_12294_,VPWR,li1,362.2500,242.0800,1.799417
_12293_,VPWR,li1,348.2200,242.0800,1.799526
_12292_,VPWR,li1,351.4400,242.0800,1.799488
_12291_,VPWR,li1,351.9000,236.6400,1.799561
_12290_,VPWR,li1,346.3800,236.6400,1.799599
_12289_,VPWR,li1,335.1100,236.6400,1.799707
_12288_,VPWR,li1,329.5900,231.2000,1.799823
_12287_,VPWR,li1,332.8100,231.2000,1.799802
_12286_,VPWR,li1,320.6200,236.6400,1.799696
_12285_,VPWR,li1,336.4900,236.6400,1.799685
_12284_,VPWR,li1,321.0800,225.7600,1.799801
_12283_,VPWR,li1,314.1800,236.6400,1.799653
_12282_,VPWR,li1,316.7100,231.2000,1.799765
_12281_,VPWR,li1,310.0400,231.2000,1.799733
_12280_,VPWR,li1,308.2000,225.7600,1.799737
_12279_,VPWR,li1,310.0400,225.7600,1.799745
_12278_,VPWR,li1,283.8200,220.3200,1.799767
_12277_,VPWR,li1,290.4900,225.7600,1.799670
_12276_,VPWR,li1,278.0700,220.3200,1.799752
_12275_,VPWR,li1,281.7500,220.3200,1.799759
_12274_,VPWR,li1,281.7500,214.8800,1.799826
_12273_,VPWR,li1,267.2600,214.8800,1.799810
_12272_,VPWR,li1,267.4900,214.8800,1.799810
_12271_,VPWR,li1,261.2800,214.8800,1.799808
_12270_,VPWR,li1,264.5000,214.8800,1.799809
_12269_,VPWR,li1,267.0300,209.4400,1.799858
_12268_,VPWR,li1,270.0200,209.4400,1.799860
_12267_,VPWR,li1,264.5000,209.4400,1.799857
_12266_,VPWR,li1,261.2800,209.4400,1.799856
_12265_,VPWR,li1,261.2800,204.0000,1.799895
_12264_,VPWR,li1,259.4400,204.0000,1.799894
_12263_,VPWR,li1,265.4200,204.0000,1.799895
_12262_,VPWR,li1,256.4500,198.5600,1.799504
_12261_,VPWR,li1,253.2300,209.4400,1.799856
_12260_,VPWR,li1,253.0000,204.0000,1.799895
_12259_,VPWR,li1,248.6300,204.0000,1.799895
_12258_,VPWR,li1,255.9900,204.0000,1.799894
_12257_,VPWR,li1,246.7900,209.4400,1.799857
_12256_,VPWR,li1,247.9400,209.4400,1.799857
_12255_,VPWR,li1,242.1900,204.0000,1.799897
_12254_,VPWR,li1,245.4100,204.0000,1.799896
_12253_,VPWR,li1,246.3300,204.0000,1.799896
_12252_,VPWR,li1,254.6100,214.8800,1.799806
_12251_,VPWR,li1,253.9200,214.8800,1.799806
_12250_,VPWR,li1,251.8500,214.8800,1.799806
_12249_,VPWR,li1,286.3500,225.7600,1.799660
_12248_,VPWR,li1,288.4200,231.2000,1.799655
_12247_,VPWR,li1,286.1200,231.2000,1.799649
_12246_,VPWR,li1,263.8100,231.2000,1.799599
_12245_,VPWR,li1,266.1100,231.2000,1.799603
_12244_,VPWR,li1,266.8000,225.7600,1.799638
_12243_,VPWR,li1,264.7300,225.7600,1.799636
_12242_,VPWR,li1,271.6300,225.7600,1.799641
_12241_,VPWR,li1,260.3600,225.7600,1.799634
_12240_,VPWR,li1,261.9700,220.3200,1.799733
_12239_,VPWR,li1,265.8800,220.3200,1.799738
_12238_,VPWR,li1,259.2100,220.3200,1.799728
_12237_,VPWR,li1,261.5100,220.3200,1.799733
_12236_,VPWR,li1,255.5300,236.6400,1.799483
_12235_,VPWR,li1,252.3100,236.6400,1.799492
_12234_,VPWR,li1,253.4600,236.6400,1.799487
_12233_,VPWR,li1,312.1100,236.6400,1.799639
_12232_,VPWR,li1,309.5800,236.6400,1.799623
_12231_,VPWR,li1,307.2800,231.2000,1.799722
_12230_,VPWR,li1,303.8300,236.6400,1.799587
_12229_,VPWR,li1,295.5500,236.6400,1.799532
_12228_,VPWR,li1,293.9400,242.0800,1.799694
_12227_,VPWR,li1,290.4900,242.0800,1.799682
_12226_,VPWR,li1,291.8700,242.0800,1.799689
_12225_,VPWR,li1,296.7000,242.0800,1.799701
_12224_,VPWR,li1,265.1900,242.0800,1.799634
_12223_,VPWR,li1,233.9100,242.0800,1.799627
_12222_,VPWR,li1,229.7700,247.5200,1.799538
_12221_,VPWR,li1,261.7400,242.0800,1.799631
_12220_,VPWR,li1,289.1100,252.9600,1.799604
_12219_,VPWR,li1,290.7200,247.5200,1.799636
_12218_,VPWR,li1,286.5800,247.5200,1.799627
_12217_,VPWR,li1,286.3500,252.9600,1.799600
_12216_,VPWR,li1,293.0200,252.9600,1.799609
_12215_,VPWR,li1,280.6000,252.9600,1.799592
_12214_,VPWR,li1,283.8200,252.9600,1.799597
_12213_,VPWR,li1,278.9900,247.5200,1.799612
_12212_,VPWR,li1,281.7500,247.5200,1.799617
_12211_,VPWR,li1,276.6900,247.5200,1.799606
_12210_,VPWR,li1,284.0500,247.5200,1.799621
_12209_,VPWR,li1,307.9700,242.0800,1.799731
_12208_,VPWR,li1,336.9500,247.5200,1.799548
_12207_,VPWR,li1,334.1900,247.5200,1.799600
_12206_,VPWR,li1,332.3500,247.5200,1.799669
_12205_,VPWR,li1,329.5900,242.0800,1.799761
_12204_,VPWR,li1,330.0500,247.5200,1.799733
_12203_,VPWR,li1,329.1300,274.7200,1.796660
_12202_,VPWR,li1,324.5300,280.1600,1.799137
_12201_,VPWR,li1,326.8300,280.1600,1.799214
_12200_,VPWR,li1,316.7100,274.7200,1.795508
_12199_,VPWR,li1,302.9100,274.7200,1.794406
_12198_,VPWR,li1,301.0700,274.7200,1.794240
_12197_,VPWR,li1,299.2300,274.7200,1.794074
_12196_,VPWR,li1,305.2100,274.7200,1.794613
_12195_,VPWR,li1,288.6500,280.1600,1.797645
_12194_,VPWR,li1,286.3500,280.1600,1.797550
_12193_,VPWR,li1,277.3800,274.7200,1.792432
_12192_,VPWR,li1,271.1700,274.7200,1.792174
_12191_,VPWR,li1,274.3900,274.7200,1.792326
_12190_,VPWR,li1,328.6700,274.7200,1.796660
_12189_,VPWR,li1,331.8900,274.7200,1.795658
_12188_,VPWR,li1,328.6700,280.1600,1.799311
_12187_,VPWR,li1,324.5300,285.6000,1.799721
_12186_,VPWR,li1,319.9300,291.0400,1.799973
_12185_,VPWR,li1,328.6700,291.0400,1.799983
_12184_,VPWR,li1,325.2200,291.0400,1.799980
_12183_,VPWR,li1,325.9100,291.0400,1.799980
_12182_,VPWR,li1,342.9300,242.0800,1.799574
_12181_,VPWR,li1,371.9100,231.2000,1.799643
_12180_,VPWR,li1,370.0700,225.7600,1.799638
_12179_,VPWR,li1,370.5300,220.3200,1.799795
_12178_,VPWR,li1,368.0000,225.7600,1.799644
_12177_,VPWR,li1,370.5300,225.7600,1.799638
_12176_,VPWR,li1,356.5000,225.7600,1.799685
_12175_,VPWR,li1,366.3900,236.6400,1.799471
_12174_,VPWR,li1,357.6500,225.7600,1.799685
_12173_,VPWR,li1,358.5700,231.2000,1.799671
_12172_,VPWR,li1,353.0500,225.7600,1.799707
_12171_,VPWR,li1,356.7300,231.2000,1.799676
_12170_,VPWR,li1,350.5200,225.7600,1.799720
_12169_,VPWR,li1,359.4900,236.6400,1.799520
_12168_,VPWR,li1,350.0600,231.2000,1.799698
_12167_,VPWR,li1,353.7400,231.2000,1.799688
_12166_,VPWR,li1,350.5200,231.2000,1.799698
_12165_,VPWR,li1,340.8600,225.7600,1.799772
_12164_,VPWR,li1,348.4500,252.9600,1.799756
_12163_,VPWR,li1,347.7600,252.9600,1.799761
_12162_,VPWR,li1,335.1100,225.7600,1.799809
_12161_,VPWR,li1,338.5600,225.7600,1.799790
_12160_,VPWR,li1,345.4600,231.2000,1.799721
_12159_,VPWR,li1,344.5400,236.6400,1.799614
_12158_,VPWR,li1,347.5300,231.2000,1.799711
_12157_,VPWR,li1,338.7900,231.2000,1.799759
_12156_,VPWR,li1,341.5500,231.2000,1.799747
_12155_,VPWR,li1,343.1600,225.7600,1.799757
_12154_,VPWR,li1,323.8400,220.3200,1.799889
_12153_,VPWR,li1,345.2300,242.0800,1.799548
_12152_,VPWR,li1,339.2500,242.0800,1.799631
_12151_,VPWR,li1,321.5400,220.3200,1.799879
_12150_,VPWR,li1,315.1000,220.3200,1.799853
_12149_,VPWR,li1,322.9200,214.8800,1.799915
_12148_,VPWR,li1,325.4500,231.2000,1.799811
_12147_,VPWR,li1,324.3000,225.7600,1.799822
_12146_,VPWR,li1,318.3200,225.7600,1.799788
_12145_,VPWR,li1,320.6200,225.7600,1.799801
_12144_,VPWR,li1,316.4800,225.7600,1.799775
_12143_,VPWR,li1,317.4000,220.3200,1.799861
_12142_,VPWR,li1,316.4800,214.8800,1.799894
_12141_,VPWR,li1,309.8100,220.3200,1.799836
_12140_,VPWR,li1,303.8300,214.8800,1.799868
_12139_,VPWR,li1,313.2600,214.8800,1.799889
_12138_,VPWR,li1,309.1200,214.8800,1.799877
_12137_,VPWR,li1,307.7400,220.3200,1.799829
_12136_,VPWR,li1,307.9700,220.3200,1.799829
_12135_,VPWR,li1,316.9400,220.3200,1.799861
_12134_,VPWR,li1,305.4400,220.3200,1.799822
_12133_,VPWR,li1,313.4900,225.7600,1.799762
_12132_,VPWR,li1,301.9900,214.8800,1.799865
_12131_,VPWR,li1,305.9000,214.8800,1.799873
_12130_,VPWR,li1,306.8200,209.4400,1.799904
_12129_,VPWR,li1,303.6000,209.4400,1.799900
_12128_,VPWR,li1,310.2700,214.8800,1.799883
_12127_,VPWR,li1,302.6800,209.4400,1.799896
_12126_,VPWR,li1,291.6400,209.4400,1.799883
_12125_,VPWR,li1,284.9700,214.8800,1.799833
_12124_,VPWR,li1,284.9700,220.3200,1.799767
_12123_,VPWR,li1,280.6000,214.8800,1.799826
_12122_,VPWR,li1,278.3000,214.8800,1.799823
_12121_,VPWR,li1,283.1300,214.8800,1.799830
_12120_,VPWR,li1,284.7400,209.4400,1.799874
_12119_,VPWR,li1,291.4100,204.0000,1.799914
_12118_,VPWR,li1,282.9000,204.0000,1.799904
_12117_,VPWR,li1,286.8100,209.4400,1.799877
_12116_,VPWR,li1,287.2700,209.4400,1.799877
_12115_,VPWR,li1,280.6000,209.4400,1.799869
_12114_,VPWR,li1,295.0900,204.0000,1.799919
_12113_,VPWR,li1,273.2400,209.4400,1.799863
_12112_,VPWR,li1,275.5400,209.4400,1.799864
_12111_,VPWR,li1,269.1000,204.0000,1.799896
_12110_,VPWR,li1,270.9400,209.4400,1.799861
_12109_,VPWR,li1,274.1600,204.0000,1.799898
_12108_,VPWR,li1,280.1400,209.4400,1.799869
_12107_,VPWR,li1,273.0100,198.5600,1.799592
_12106_,VPWR,li1,278.0700,209.4400,1.799867
_12105_,VPWR,li1,277.6100,198.5600,1.799622
_12104_,VPWR,li1,268.1800,198.5600,1.799568
_12103_,VPWR,li1,271.4000,204.0000,1.799897
_12102_,VPWR,li1,268.8700,204.0000,1.799896
_12101_,VPWR,li1,262.4300,198.5600,1.799530
_12100_,VPWR,li1,270.2500,198.5600,1.799580
_12099_,VPWR,li1,255.9900,209.4400,1.799856
_12098_,VPWR,li1,253.9200,209.4400,1.799856
_12097_,VPWR,li1,250.9300,209.4400,1.799857
_12096_,VPWR,li1,305.2100,225.7600,1.799726
_12095_,VPWR,li1,301.5300,220.3200,1.799809
_12094_,VPWR,li1,303.3700,225.7600,1.799719
_12093_,VPWR,li1,303.3700,220.3200,1.799817
_12092_,VPWR,li1,299.2300,214.8800,1.799859
_12091_,VPWR,li1,295.5500,225.7600,1.799692
_12090_,VPWR,li1,294.6300,225.7600,1.799684
_12089_,VPWR,li1,290.9500,225.7600,1.799676
_12088_,VPWR,li1,288.1900,225.7600,1.799665
_12087_,VPWR,li1,292.7900,220.3200,1.799789
_12086_,VPWR,li1,294.8600,214.8800,1.799851
_12085_,VPWR,li1,296.0100,214.8800,1.799851
_12084_,VPWR,li1,296.0100,220.3200,1.799795
_12083_,VPWR,li1,292.7900,214.8800,1.799845
_12082_,VPWR,li1,282.2100,231.2000,1.799638
_12081_,VPWR,li1,281.0600,225.7600,1.799652
_12080_,VPWR,li1,278.0700,225.7600,1.799649
_12079_,VPWR,li1,274.8500,225.7600,1.799644
_12078_,VPWR,li1,281.7500,225.7600,1.799652
_12077_,VPWR,li1,296.4700,225.7600,1.799692
_12076_,VPWR,li1,324.0700,242.0800,1.799777
_12075_,VPWR,li1,318.7800,242.0800,1.799763
_12074_,VPWR,li1,321.5400,242.0800,1.799772
_12073_,VPWR,li1,317.8600,247.5200,1.799701
_12072_,VPWR,li1,309.8100,242.0800,1.799736
_12071_,VPWR,li1,302.4500,242.0800,1.799715
_12070_,VPWR,li1,305.6700,242.0800,1.799721
_12069_,VPWR,li1,294.4000,242.0800,1.799694
_12068_,VPWR,li1,282.6700,242.0800,1.799667
_12067_,VPWR,li1,284.9700,242.0800,1.799672
_12066_,VPWR,li1,308.4300,252.9600,1.799646
_12065_,VPWR,li1,304.7500,258.4000,1.799355
_12064_,VPWR,li1,306.1300,252.9600,1.799637
_12063_,VPWR,li1,300.1500,252.9600,1.799619
_12062_,VPWR,li1,296.7000,252.9600,1.799612
_12061_,VPWR,li1,294.1700,258.4000,1.799264
_12060_,VPWR,li1,296.0100,252.9600,1.799612
_12059_,VPWR,li1,347.9900,247.5200,1.799306
_12058_,VPWR,li1,346.6100,242.0800,1.799526
_12057_,VPWR,li1,350.2900,247.5200,1.799265
_12056_,VPWR,li1,350.0600,252.9600,1.799756
_12055_,VPWR,li1,345.6900,258.4000,1.799704
_12054_,VPWR,li1,342.9300,247.5200,1.799408
_12053_,VPWR,li1,338.3300,252.9600,1.799782
_12052_,VPWR,li1,335.5700,252.9600,1.799791
_12051_,VPWR,li1,335.1100,252.9600,1.799791
_12050_,VPWR,li1,336.9500,258.4000,1.799710
_12049_,VPWR,li1,347.9900,258.4000,1.799703
_12048_,VPWR,li1,343.3900,280.1600,1.798952
_12047_,VPWR,li1,339.0200,285.6000,1.799785
_12046_,VPWR,li1,337.4100,280.1600,1.799079
_12045_,VPWR,li1,338.7900,280.1600,1.799079
_12044_,VPWR,li1,335.5700,280.1600,1.799128
_12043_,VPWR,li1,342.2400,280.1600,1.798952
_12042_,VPWR,li1,338.7900,285.6000,1.799785
_12041_,VPWR,li1,329.1300,280.1600,1.799311
_12040_,VPWR,li1,326.3700,280.1600,1.799214
_12039_,VPWR,li1,335.5700,285.6000,1.799792
_12038_,VPWR,li1,333.9600,285.6000,1.799792
_12037_,VPWR,li1,336.0300,291.0400,1.799980
_12036_,VPWR,li1,336.9500,285.6000,1.799789
_12035_,VPWR,li1,330.5100,291.0400,1.799982
_12034_,VPWR,li1,302.9100,280.1600,1.798196
_12033_,VPWR,li1,299.4600,274.7200,1.794074
_12032_,VPWR,li1,299.4600,280.1600,1.798091
_12031_,VPWR,li1,291.6400,280.1600,1.797768
_12030_,VPWR,li1,294.6300,280.1600,1.797892
_12029_,VPWR,li1,335.5700,258.4000,1.799710
_12028_,VPWR,li1,332.3500,274.7200,1.795658
_12027_,VPWR,li1,334.1900,258.4000,1.799712
_12026_,VPWR,li1,331.4300,252.9600,1.799802
_12025_,VPWR,li1,340.6300,242.0800,1.799600
_12024_,VPWR,li1,323.6100,247.5200,1.799713
_12023_,VPWR,li1,322.2300,247.5200,1.799713
_12022_,VPWR,li1,320.3900,247.5200,1.799708
_12021_,VPWR,li1,315.3300,247.5200,1.799693
_12020_,VPWR,li1,312.8000,247.5200,1.799688
_12019_,VPWR,li1,306.1300,242.0800,1.799726
_12018_,VPWR,li1,306.8200,247.5200,1.799673
_12017_,VPWR,li1,299.6900,242.0800,1.799709
_12016_,VPWR,li1,298.3100,242.0800,1.799701
_12015_,VPWR,li1,307.5100,247.5200,1.799673
_12014_,VPWR,li1,311.1900,252.9600,1.799653
_12013_,VPWR,li1,300.1500,252.9600,1.799619
_12012_,VPWR,li1,293.7100,252.9600,1.799609
_12011_,VPWR,li1,308.6600,252.9600,1.799646
_12010_,VPWR,li1,371.4500,214.8800,1.799805
_12009_,VPWR,li1,372.3700,220.3200,1.799793
_12008_,VPWR,li1,368.0000,220.3200,1.799801
_12007_,VPWR,li1,362.4800,220.3200,1.799808
_12006_,VPWR,li1,364.3200,220.3200,1.799805
_12005_,VPWR,li1,359.4900,225.7600,1.799673
_12004_,VPWR,li1,352.1300,225.7600,1.799707
_12003_,VPWR,li1,353.0500,220.3200,1.799833
_12002_,VPWR,li1,352.5900,252.9600,1.799750
_12001_,VPWR,li1,352.1300,258.4000,1.799701
_12000_,VPWR,li1,350.2900,258.4000,1.799702
_11999_,VPWR,li1,348.4500,285.6000,1.799771
_11998_,VPWR,li1,346.3800,280.1600,1.798844
_11997_,VPWR,li1,347.9900,285.6000,1.799771
_11996_,VPWR,li1,344.7700,285.6000,1.799774
_11995_,VPWR,li1,348.4500,280.1600,1.798789
_11994_,VPWR,li1,341.5500,285.6000,1.799780
_11993_,VPWR,li1,347.0700,220.3200,1.799848
_11992_,VPWR,li1,349.8300,220.3200,1.799838
_11991_,VPWR,li1,342.4700,220.3200,1.799862
_11990_,VPWR,li1,337.8700,225.7600,1.799790
_11989_,VPWR,li1,332.8100,225.7600,1.799832
_11988_,VPWR,li1,331.8900,225.7600,1.799832
_11987_,VPWR,li1,329.5900,225.7600,1.799856
_11986_,VPWR,li1,310.7300,247.5200,1.799679
_11985_,VPWR,li1,326.3700,225.7600,1.799839
_11984_,VPWR,li1,325.9100,242.0800,1.799786
_11983_,VPWR,li1,328.6700,225.7600,1.799856
_11982_,VPWR,li1,335.5700,214.8800,1.799904
_11981_,VPWR,li1,338.3300,214.8800,1.799890
_11980_,VPWR,li1,337.1800,209.4400,1.799935
_11979_,VPWR,li1,325.9100,214.8800,1.799923
_11978_,VPWR,li1,326.3700,220.3200,1.799900
_11977_,VPWR,li1,319.4700,214.8800,1.799906
_11976_,VPWR,li1,323.8400,209.4400,1.799940
_11975_,VPWR,li1,320.8500,209.4400,1.799933
_11974_,VPWR,li1,322.2300,209.4400,1.799933
_11973_,VPWR,li1,316.7100,209.4400,1.799924
_11972_,VPWR,li1,310.7300,209.4400,1.799913
_11971_,VPWR,li1,314.8700,209.4400,1.799917
_11970_,VPWR,li1,304.7500,204.0000,1.799933
_11969_,VPWR,li1,307.5100,204.0000,1.799938
_11968_,VPWR,li1,298.3100,204.0000,1.799923
_11967_,VPWR,li1,290.2600,204.0000,1.799911
_11966_,VPWR,li1,287.2700,204.0000,1.799909
_11965_,VPWR,li1,286.8100,204.0000,1.799909
_11964_,VPWR,li1,296.9300,209.4400,1.799890
_11963_,VPWR,li1,371.4500,214.8800,1.799805
_11962_,VPWR,li1,365.4700,214.8800,1.799818
_11961_,VPWR,li1,371.4500,220.3200,1.799795
_11960_,VPWR,li1,367.7700,214.8800,1.799813
_11959_,VPWR,li1,364.0900,220.3200,1.799808
_11958_,VPWR,li1,362.4800,220.3200,1.799808
_11957_,VPWR,li1,360.4100,220.3200,1.799813
_11956_,VPWR,li1,358.5700,252.9600,1.799735
_11955_,VPWR,li1,360.8700,252.9600,1.799735
_11954_,VPWR,li1,355.3500,252.9600,1.799741
_11953_,VPWR,li1,358.5700,220.3200,1.799817
_11952_,VPWR,li1,359.0300,214.8800,1.799831
_11951_,VPWR,li1,355.1200,220.3200,1.799829
_11950_,VPWR,li1,346.6100,220.3200,1.799848
_11949_,VPWR,li1,344.0800,220.3200,1.799862
_11948_,VPWR,li1,342.0100,220.3200,1.799869
_11947_,VPWR,li1,319.9300,242.0800,1.799763
_11946_,VPWR,li1,316.2500,242.0800,1.799756
_11945_,VPWR,li1,329.1300,220.3200,1.799913
_11944_,VPWR,li1,341.5500,209.4400,1.799922
_11943_,VPWR,li1,341.7800,214.8800,1.799882
_11942_,VPWR,li1,339.7100,214.8800,1.799890
_11941_,VPWR,li1,336.4900,214.8800,1.799896
_11940_,VPWR,li1,334.1900,214.8800,1.799904
_11939_,VPWR,li1,329.1300,209.4400,1.799952
_11938_,VPWR,li1,319.9300,209.4400,1.799928
_11937_,VPWR,li1,331.4300,209.4400,1.799946
_11936_,VPWR,li1,301.0700,209.4400,1.799896
_11935_,VPWR,li1,301.5300,204.0000,1.799927
_11934_,VPWR,li1,298.0800,204.0000,1.799923
_11933_,VPWR,li1,367.7700,214.8800,1.799813
_11932_,VPWR,li1,357.4200,214.8800,1.799837
_11931_,VPWR,li1,361.3300,214.8800,1.799827
_11930_,VPWR,li1,357.1900,220.3200,1.799822
_11929_,VPWR,li1,356.5000,214.8800,1.799837
_11928_,VPWR,li1,348.6800,214.8800,1.799861
_11927_,VPWR,li1,331.4300,220.3200,1.799904
_11926_,VPWR,li1,348.4500,214.8800,1.799861
_11925_,VPWR,li1,356.7300,209.4400,1.799890
_11924_,VPWR,li1,351.6700,214.8800,1.799851
_11923_,VPWR,li1,357.1900,73.4400,1.799745
_11922_,VPWR,li1,123.5100,19.0400,1.795670
_11921_,VPWR,li1,114.7700,19.0400,1.795703
_11920_,VPWR,li1,73.3700,19.0400,1.796591
_11919_,VPWR,li1,76.3600,19.0400,1.796510
_11918_,VPWR,li1,74.7500,19.0400,1.796510
_11917_,VPWR,li1,66.0100,19.0400,1.796904
_11916_,VPWR,li1,53.1300,29.9200,1.799168
_11915_,VPWR,li1,47.6100,35.3600,1.799528
_11914_,VPWR,li1,45.7700,29.9200,1.799331
_11913_,VPWR,li1,42.5500,35.3600,1.799599
_11912_,VPWR,li1,72.6800,29.9200,1.798838
_11911_,VPWR,li1,44.8500,57.1200,1.799641
_11910_,VPWR,li1,42.7800,62.5600,1.799856
_11909_,VPWR,li1,53.3600,62.5600,1.799816
_11908_,VPWR,li1,58.1900,29.9200,1.799094
_11907_,VPWR,li1,40.2500,68.0000,1.799888
_11906_,VPWR,li1,52.2100,68.0000,1.799861
_11905_,VPWR,li1,54.5100,73.4400,1.799883
_11904_,VPWR,li1,51.0600,78.8800,1.799880
_11903_,VPWR,li1,51.2900,73.4400,1.799890
_11902_,VPWR,li1,48.0700,73.4400,1.799898
_11901_,VPWR,li1,59.1100,73.4400,1.799876
_11900_,VPWR,li1,63.2500,78.8800,1.799859
_11899_,VPWR,li1,34.0400,62.5600,1.799901
_11898_,VPWR,li1,43.4700,35.3600,1.799574
_11897_,VPWR,li1,40.2500,40.8000,1.799824
_11896_,VPWR,li1,62.7900,35.3600,1.799402
_11895_,VPWR,li1,63.7100,35.3600,1.799402
_11894_,VPWR,li1,66.9300,35.3600,1.799372
_11893_,VPWR,li1,65.3200,46.2400,1.799757
_11892_,VPWR,li1,65.3200,40.8000,1.799708
_11891_,VPWR,li1,39.1000,51.6800,1.799916
_11890_,VPWR,li1,46.9200,46.2400,1.799799
_11889_,VPWR,li1,62.7900,24.4800,1.798041
_11888_,VPWR,li1,56.5800,24.4800,1.798251
_11887_,VPWR,li1,118.2200,19.0400,1.795673
_11886_,VPWR,li1,149.7300,19.0400,1.796246
_11885_,VPWR,li1,154.7900,13.6000,1.798561
_11884_,VPWR,li1,152.0300,19.0400,1.796379
_11883_,VPWR,li1,148.3500,19.0400,1.796172
_11882_,VPWR,li1,145.8200,19.0400,1.796120
_11881_,VPWR,li1,152.4900,19.0400,1.796379
_11880_,VPWR,li1,150.4200,24.4800,1.796167
_11879_,VPWR,li1,119.8300,13.6000,1.797962
_11878_,VPWR,li1,116.6100,13.6000,1.797970
_11877_,VPWR,li1,119.8300,19.0400,1.795668
_11876_,VPWR,li1,119.1400,24.4800,1.796427
_11875_,VPWR,li1,77.9700,19.0400,1.796414
_11874_,VPWR,li1,80.2700,19.0400,1.796366
_11873_,VPWR,li1,82.1100,19.0400,1.796328
_11872_,VPWR,li1,81.4200,13.6000,1.798547
_11871_,VPWR,li1,86.9400,19.0400,1.796243
_11870_,VPWR,li1,73.8300,13.6000,1.798665
_11869_,VPWR,li1,72.4500,19.0400,1.796591
_11868_,VPWR,li1,76.3600,29.9200,1.798798
_11867_,VPWR,li1,59.1100,19.0400,1.797273
_11866_,VPWR,li1,59.1100,24.4800,1.798164
_11865_,VPWR,li1,54.9700,29.9200,1.799134
_11864_,VPWR,li1,57.9600,29.9200,1.799094
_11863_,VPWR,li1,55.4300,29.9200,1.799134
_11862_,VPWR,li1,57.9600,35.3600,1.799441
_11861_,VPWR,li1,55.6600,35.3600,1.799460
_11860_,VPWR,li1,65.0900,29.9200,1.798962
_11859_,VPWR,li1,68.5400,29.9200,1.798932
_11858_,VPWR,li1,75.2100,29.9200,1.798798
_11857_,VPWR,li1,72.6800,29.9200,1.798838
_11856_,VPWR,li1,71.9900,35.3600,1.799335
_11855_,VPWR,li1,68.7700,40.8000,1.799702
_11854_,VPWR,li1,74.0600,40.8000,1.799686
_11853_,VPWR,li1,65.5500,46.2400,1.799757
_11852_,VPWR,li1,61.1800,46.2400,1.799762
_11851_,VPWR,li1,64.1700,40.8000,1.799718
_11850_,VPWR,li1,66.9300,40.8000,1.799708
_11849_,VPWR,li1,69.2300,46.2400,1.799756
_11848_,VPWR,li1,68.0800,51.6800,1.799871
_11847_,VPWR,li1,66.4700,24.4800,1.797924
_11846_,VPWR,li1,91.3100,19.0400,1.796143
_11845_,VPWR,li1,90.8500,24.4800,1.797189
_11844_,VPWR,li1,90.1600,29.9200,1.798677
_11843_,VPWR,li1,53.5900,24.4800,1.798359
_11842_,VPWR,li1,58.4200,40.8000,1.799738
_11841_,VPWR,li1,46.2300,46.2400,1.799799
_11840_,VPWR,li1,45.7700,51.6800,1.799902
_11839_,VPWR,li1,42.5500,51.6800,1.799907
_11838_,VPWR,li1,38.4100,51.6800,1.799916
_11837_,VPWR,li1,39.1000,57.1200,1.799694
_11836_,VPWR,li1,36.8000,57.1200,1.799718
_11835_,VPWR,li1,49.9100,57.1200,1.799593
_11834_,VPWR,li1,56.1200,62.5600,1.799809
_11833_,VPWR,li1,59.5700,68.0000,1.799851
_11832_,VPWR,li1,61.6400,68.0000,1.799847
_11831_,VPWR,li1,59.3400,57.1200,1.799511
_11830_,VPWR,li1,43.9300,46.2400,1.799812
_11829_,VPWR,li1,43.2400,68.0000,1.799882
_11828_,VPWR,li1,45.7700,57.1200,1.799641
_11827_,VPWR,li1,42.0900,57.1200,1.799664
_11826_,VPWR,li1,38.4100,57.1200,1.799718
_11825_,VPWR,li1,39.3300,62.5600,1.799875
_11824_,VPWR,li1,33.8100,68.0000,1.799909
_11823_,VPWR,li1,34.2700,73.4400,1.799932
_11822_,VPWR,li1,36.8000,73.4400,1.799925
_11821_,VPWR,li1,34.5000,73.4400,1.799932
_11820_,VPWR,li1,40.7100,57.1200,1.799694
_11819_,VPWR,li1,46.4600,78.8800,1.799890
_11818_,VPWR,li1,49.9100,84.3200,1.799792
_11817_,VPWR,li1,43.9300,78.8800,1.799897
_11816_,VPWR,li1,42.7800,78.8800,1.799903
_11815_,VPWR,li1,181.4700,19.0400,1.797757
_11814_,VPWR,li1,181.9300,19.0400,1.797757
_11813_,VPWR,li1,190.2100,19.0400,1.797086
_11812_,VPWR,li1,184.2300,19.0400,1.797455
_11811_,VPWR,li1,156.6300,24.4800,1.796332
_11810_,VPWR,li1,154.7900,19.0400,1.796579
_11809_,VPWR,li1,171.1200,24.4800,1.797005
_11808_,VPWR,li1,150.1900,24.4800,1.796167
_11807_,VPWR,li1,147.4300,24.4800,1.796152
_11806_,VPWR,li1,145.1300,24.4800,1.796165
_11805_,VPWR,li1,149.0400,29.9200,1.798451
_11804_,VPWR,li1,122.1300,24.4800,1.796348
_11803_,VPWR,li1,117.9900,24.4800,1.796427
_11802_,VPWR,li1,122.5900,29.9200,1.798518
_11801_,VPWR,li1,118.6800,40.8000,1.799573
_11800_,VPWR,li1,78.8900,29.9200,1.798767
_11799_,VPWR,li1,85.3300,29.9200,1.798707
_11798_,VPWR,li1,81.6500,24.4800,1.797455
_11797_,VPWR,li1,82.1100,29.9200,1.798730
_11796_,VPWR,li1,84.4100,24.4800,1.797382
_11795_,VPWR,li1,92.2300,29.9200,1.798665
_11794_,VPWR,li1,93.3800,29.9200,1.798665
_11793_,VPWR,li1,91.3100,29.9200,1.798677
_11792_,VPWR,li1,90.6200,35.3600,1.799217
_11791_,VPWR,li1,92.9200,35.3600,1.799198
_11790_,VPWR,li1,87.6300,35.3600,1.799234
_11789_,VPWR,li1,84.6400,35.3600,1.799246
_11788_,VPWR,li1,81.6500,35.3600,1.799267
_11787_,VPWR,li1,83.2600,40.8000,1.799654
_11786_,VPWR,li1,80.9600,40.8000,1.799660
_11785_,VPWR,li1,77.0500,40.8000,1.799675
_11784_,VPWR,li1,78.8900,40.8000,1.799670
_11783_,VPWR,li1,77.5100,40.8000,1.799670
_11782_,VPWR,li1,75.6700,40.8000,1.799675
_11781_,VPWR,li1,76.3600,46.2400,1.799750
_11780_,VPWR,li1,67.8500,46.2400,1.799756
_11779_,VPWR,li1,89.0100,46.2400,1.799746
_11778_,VPWR,li1,90.3900,13.6000,1.798374
_11777_,VPWR,li1,84.4100,19.0400,1.796281
_11776_,VPWR,li1,88.3200,13.6000,1.798408
_11775_,VPWR,li1,92.4600,13.6000,1.798342
_11774_,VPWR,li1,91.0800,19.0400,1.796143
_11773_,VPWR,li1,88.0900,19.0400,1.796205
_11772_,VPWR,li1,98.2100,24.4800,1.796989
_11771_,VPWR,li1,84.8700,57.1200,1.799315
_11770_,VPWR,li1,109.4800,35.3600,1.799100
_11769_,VPWR,li1,76.1300,24.4800,1.797618
_11768_,VPWR,li1,77.5100,29.9200,1.798767
_11767_,VPWR,li1,85.1000,62.5600,1.799726
_11766_,VPWR,li1,54.9700,40.8000,1.799744
_11765_,VPWR,li1,54.0500,46.2400,1.799774
_11764_,VPWR,li1,57.0400,46.2400,1.799769
_11763_,VPWR,li1,56.8100,51.6800,1.799884
_11762_,VPWR,li1,58.6500,51.6800,1.799881
_11761_,VPWR,li1,60.7200,51.6800,1.799878
_11760_,VPWR,li1,56.3500,57.1200,1.799534
_11759_,VPWR,li1,61.8700,57.1200,1.799489
_11758_,VPWR,li1,59.1100,57.1200,1.799511
_11757_,VPWR,li1,68.5400,62.5600,1.799771
_11756_,VPWR,li1,60.0300,62.5600,1.799795
_11755_,VPWR,li1,63.4800,62.5600,1.799784
_11754_,VPWR,li1,60.7200,62.5600,1.799795
_11753_,VPWR,li1,72.2200,68.0000,1.799831
_11752_,VPWR,li1,60.9500,68.0000,1.799847
_11751_,VPWR,li1,63.9400,68.0000,1.799842
_11750_,VPWR,li1,69.2300,68.0000,1.799836
_11749_,VPWR,li1,74.2900,73.4400,1.799852
_11748_,VPWR,li1,74.7500,68.0000,1.799828
_11747_,VPWR,li1,79.8100,68.0000,1.799823
_11746_,VPWR,li1,74.9800,68.0000,1.799828
_11745_,VPWR,li1,64.6300,78.8800,1.799859
_11744_,VPWR,li1,70.3800,51.6800,1.799868
_11743_,VPWR,li1,73.6000,51.6800,1.799865
_11742_,VPWR,li1,74.9800,57.1200,1.799385
_11741_,VPWR,li1,55.4300,46.2400,1.799769
_11740_,VPWR,li1,51.0600,46.2400,1.799781
_11739_,VPWR,li1,53.3600,46.2400,1.799774
_11738_,VPWR,li1,59.3400,78.8800,1.799864
_11737_,VPWR,li1,47.1500,62.5600,1.799838
_11736_,VPWR,li1,37.0300,68.0000,1.799899
_11735_,VPWR,li1,36.1100,62.5600,1.799885
_11734_,VPWR,li1,36.5700,68.0000,1.799899
_11733_,VPWR,li1,37.2600,84.3200,1.799862
_11732_,VPWR,li1,36.8000,89.7600,1.799921
_11731_,VPWR,li1,35.1900,68.0000,1.799909
_11730_,VPWR,li1,55.2000,78.8800,1.799872
_11729_,VPWR,li1,46.2300,68.0000,1.799873
_11728_,VPWR,li1,45.3100,68.0000,1.799877
_11727_,VPWR,li1,48.5300,68.0000,1.799868
_11726_,VPWR,li1,45.5400,78.8800,1.799897
_11725_,VPWR,li1,42.0900,73.4400,1.799911
_11724_,VPWR,li1,34.2700,78.8800,1.799924
_11723_,VPWR,li1,37.2600,78.8800,1.799918
_11722_,VPWR,li1,36.1100,78.8800,1.799918
_11721_,VPWR,li1,33.8100,84.3200,1.799875
_11720_,VPWR,li1,39.3300,78.8800,1.799909
_11719_,VPWR,li1,39.3300,78.8800,1.799909
_11718_,VPWR,li1,33.3500,78.8800,1.799931
_11717_,VPWR,li1,38.8700,84.3200,1.799852
_11716_,VPWR,li1,35.1900,84.3200,1.799875
_11715_,VPWR,li1,37.0300,89.7600,1.799921
_11714_,VPWR,li1,35.8800,100.6400,1.799962
_11713_,VPWR,li1,115.0000,24.4800,1.796497
_11712_,VPWR,li1,119.8300,29.9200,1.798526
_11711_,VPWR,li1,116.3800,29.9200,1.798543
_11710_,VPWR,li1,104.4200,29.9200,1.798601
_11709_,VPWR,li1,192.9700,19.0400,1.797007
_11708_,VPWR,li1,188.3700,24.4800,1.794555
_11707_,VPWR,li1,191.3600,24.4800,1.794154
_11706_,VPWR,li1,187.2200,24.4800,1.794962
_11705_,VPWR,li1,189.0600,24.4800,1.794555
_11704_,VPWR,li1,173.6500,24.4800,1.797120
_11703_,VPWR,li1,174.1100,24.4800,1.797251
_11702_,VPWR,li1,176.4100,24.4800,1.796800
_11701_,VPWR,li1,172.2700,24.4800,1.797120
_11700_,VPWR,li1,177.1000,29.9200,1.798796
_11699_,VPWR,li1,151.5700,29.9200,1.798461
_11698_,VPWR,li1,149.2700,35.3600,1.799047
_11697_,VPWR,li1,151.5700,35.3600,1.799075
_11696_,VPWR,li1,146.7400,35.3600,1.799027
_11695_,VPWR,li1,121.2100,35.3600,1.799047
_11694_,VPWR,li1,115.2300,57.1200,1.799215
_11693_,VPWR,li1,117.5300,57.1200,1.799230
_11692_,VPWR,li1,112.2400,62.5600,1.799703
_11691_,VPWR,li1,89.0100,57.1200,1.799299
_11690_,VPWR,li1,85.7900,57.1200,1.799315
_11689_,VPWR,li1,87.4000,57.1200,1.799299
_11688_,VPWR,li1,81.1900,57.1200,1.799344
_11687_,VPWR,li1,82.8000,57.1200,1.799329
_11686_,VPWR,li1,77.9700,57.1200,1.799366
_11685_,VPWR,li1,75.2100,57.1200,1.799385
_11684_,VPWR,li1,77.5100,57.1200,1.799366
_11683_,VPWR,li1,92.9200,73.4400,1.799828
_11682_,VPWR,li1,75.2100,62.5600,1.799754
_11681_,VPWR,li1,76.5900,62.5600,1.799748
_11680_,VPWR,li1,78.6600,62.5600,1.799742
_11679_,VPWR,li1,71.9900,62.5600,1.799760
_11678_,VPWR,li1,67.8500,62.5600,1.799771
_11677_,VPWR,li1,69.2300,68.0000,1.799836
_11676_,VPWR,li1,79.8100,68.0000,1.799823
_11675_,VPWR,li1,72.2200,68.0000,1.799831
_11674_,VPWR,li1,72.2200,78.8800,1.799851
_11673_,VPWR,li1,78.8900,51.6800,1.799863
_11672_,VPWR,li1,80.7300,46.2400,1.799748
_11671_,VPWR,li1,80.7300,51.6800,1.799862
_11670_,VPWR,li1,78.4300,46.2400,1.799749
_11669_,VPWR,li1,83.9500,46.2400,1.799748
_11668_,VPWR,li1,76.1300,51.6800,1.799864
_11667_,VPWR,li1,70.8400,46.2400,1.799754
_11666_,VPWR,li1,72.9100,46.2400,1.799753
_11665_,VPWR,li1,81.4200,84.3200,1.799675
_11664_,VPWR,li1,97.9800,57.1200,1.799261
_11663_,VPWR,li1,82.1100,78.8800,1.799843
_11662_,VPWR,li1,85.1000,78.8800,1.799841
_11661_,VPWR,li1,84.6400,89.7600,1.799812
_11660_,VPWR,li1,62.7900,84.3200,1.799735
_11659_,VPWR,li1,59.5700,84.3200,1.799747
_11658_,VPWR,li1,60.4900,84.3200,1.799747
_11657_,VPWR,li1,58.6500,89.7600,1.799865
_11656_,VPWR,li1,58.6500,89.7600,1.799865
_11655_,VPWR,li1,60.7200,89.7600,1.799860
_11654_,VPWR,li1,59.5700,78.8800,1.799864
_11653_,VPWR,li1,67.8500,73.4400,1.799863
_11652_,VPWR,li1,66.4700,78.8800,1.799856
_11651_,VPWR,li1,69.9200,73.4400,1.799858
_11650_,VPWR,li1,71.7600,84.3200,1.799710
_11649_,VPWR,li1,58.1900,84.3200,1.799755
_11648_,VPWR,li1,62.3300,84.3200,1.799735
_11647_,VPWR,li1,62.1000,100.6400,1.799924
_11646_,VPWR,li1,47.1500,84.3200,1.799806
_11645_,VPWR,li1,42.5500,89.7600,1.799909
_11644_,VPWR,li1,40.9400,89.7600,1.799909
_11643_,VPWR,li1,37.0300,95.2000,1.799908
_11642_,VPWR,li1,33.8100,89.7600,1.799935
_11641_,VPWR,li1,35.6500,95.2000,1.799908
_11640_,VPWR,li1,37.4900,100.6400,1.799956
_11639_,VPWR,li1,39.5600,95.2000,1.799894
_11638_,VPWR,li1,40.0200,100.6400,1.799953
_11637_,VPWR,li1,46.0000,106.0800,1.799802
_11636_,VPWR,li1,45.5400,95.2000,1.799878
_11635_,VPWR,li1,48.9900,78.8800,1.799885
_11634_,VPWR,li1,54.5100,106.0800,1.799751
_11633_,VPWR,li1,48.5300,84.3200,1.799806
_11632_,VPWR,li1,55.8900,100.6400,1.799930
_11631_,VPWR,li1,117.5300,35.3600,1.799055
_11630_,VPWR,li1,117.7600,35.3600,1.799055
_11629_,VPWR,li1,112.4700,35.3600,1.799076
_11628_,VPWR,li1,112.9300,29.9200,1.798559
_11627_,VPWR,li1,106.9500,35.3600,1.799112
_11626_,VPWR,li1,105.5700,35.3600,1.799112
_11625_,VPWR,li1,108.1000,40.8000,1.799591
_11624_,VPWR,li1,110.1700,40.8000,1.799587
_11623_,VPWR,li1,103.2700,40.8000,1.799600
_11622_,VPWR,li1,100.9700,40.8000,1.799606
_11621_,VPWR,li1,98.9000,40.8000,1.799611
_11620_,VPWR,li1,97.2900,40.8000,1.799618
_11619_,VPWR,li1,97.2900,46.2400,1.799745
_11618_,VPWR,li1,94.3000,46.2400,1.799745
_11617_,VPWR,li1,91.3100,40.8000,1.799630
_11616_,VPWR,li1,89.0100,40.8000,1.799639
_11615_,VPWR,li1,88.0900,40.8000,1.799639
_11614_,VPWR,li1,94.0700,40.8000,1.799623
_11613_,VPWR,li1,94.3000,51.6800,1.799859
_11612_,VPWR,li1,101.4300,29.9200,1.798617
_11611_,VPWR,li1,99.1300,24.4800,1.796989
_11610_,VPWR,li1,100.9700,24.4800,1.796896
_11609_,VPWR,li1,97.7500,24.4800,1.796989
_11608_,VPWR,li1,103.9600,24.4800,1.796811
_11607_,VPWR,li1,97.7500,19.0400,1.796008
_11606_,VPWR,li1,96.6000,13.6000,1.798276
_11605_,VPWR,li1,94.5300,19.0400,1.796106
_11604_,VPWR,li1,99.8200,13.6000,1.798233
_11603_,VPWR,li1,103.5000,13.6000,1.798183
_11602_,VPWR,li1,101.2000,19.0400,1.795966
_11601_,VPWR,li1,107.8700,57.1200,1.799228
_11600_,VPWR,li1,128.8000,35.3600,1.799033
_11599_,VPWR,li1,144.9000,29.9200,1.798455
_11598_,VPWR,li1,145.1300,29.9200,1.798455
_11597_,VPWR,li1,141.6800,29.9200,1.798462
_11596_,VPWR,li1,130.6400,29.9200,1.798494
_11595_,VPWR,li1,313.9500,19.0400,1.797352
_11594_,VPWR,li1,316.7100,19.0400,1.797676
_11593_,VPWR,li1,316.2500,24.4800,1.795353
_11592_,VPWR,li1,301.5300,19.0400,1.796751
_11591_,VPWR,li1,324.7600,24.4800,1.796678
_11590_,VPWR,li1,318.5500,24.4800,1.795777
_11589_,VPWR,li1,298.5400,19.0400,1.796687
_11588_,VPWR,li1,212.5200,24.4800,1.791713
_11587_,VPWR,li1,207.4600,24.4800,1.792239
_11586_,VPWR,li1,215.7400,29.9200,1.795708
_11585_,VPWR,li1,197.3400,24.4800,1.793215
_11584_,VPWR,li1,193.4300,29.9200,1.797134
_11583_,VPWR,li1,189.0600,29.9200,1.797511
_11582_,VPWR,li1,186.9900,29.9200,1.797777
_11581_,VPWR,li1,191.5900,29.9200,1.797287
_11580_,VPWR,li1,201.4800,29.9200,1.796477
_11579_,VPWR,li1,180.5500,29.9200,1.798283
_11578_,VPWR,li1,177.3300,35.3600,1.799303
_11577_,VPWR,li1,179.6300,35.3600,1.799245
_11576_,VPWR,li1,178.9400,35.3600,1.799245
_11575_,VPWR,li1,149.2700,35.3600,1.799047
_11574_,VPWR,li1,147.4300,57.1200,1.799428
_11573_,VPWR,li1,145.1300,57.1200,1.799407
_11572_,VPWR,li1,143.0600,62.5600,1.799747
_11571_,VPWR,li1,114.3100,57.1200,1.799215
_11570_,VPWR,li1,108.3300,84.3200,1.799608
_11569_,VPWR,li1,113.3900,84.3200,1.799610
_11568_,VPWR,li1,110.4000,89.7600,1.799800
_11567_,VPWR,li1,87.1700,89.7600,1.799807
_11566_,VPWR,li1,87.1700,89.7600,1.799807
_11565_,VPWR,li1,84.8700,84.3200,1.799666
_11564_,VPWR,li1,84.4100,84.3200,1.799666
_11563_,VPWR,li1,77.9700,84.3200,1.799687
_11562_,VPWR,li1,74.7500,84.3200,1.799695
_11561_,VPWR,li1,71.5300,78.8800,1.799851
_11560_,VPWR,li1,75.6700,78.8800,1.799848
_11559_,VPWR,li1,77.0500,78.8800,1.799847
_11558_,VPWR,li1,69.0000,78.8800,1.799853
_11557_,VPWR,li1,68.7700,78.8800,1.799853
_11556_,VPWR,li1,79.1200,89.7600,1.799822
_11555_,VPWR,li1,88.0900,84.3200,1.799660
_11554_,VPWR,li1,83.0300,95.2000,1.799782
_11553_,VPWR,li1,81.8800,95.2000,1.799782
_11552_,VPWR,li1,66.0100,100.6400,1.799918
_11551_,VPWR,li1,60.0300,95.2000,1.799833
_11550_,VPWR,li1,59.5700,95.2000,1.799833
_11549_,VPWR,li1,54.0500,95.2000,1.799850
_11548_,VPWR,li1,57.0400,95.2000,1.799841
_11547_,VPWR,li1,48.9900,95.2000,1.799865
_11546_,VPWR,li1,43.4700,95.2000,1.799884
_11545_,VPWR,li1,47.3800,89.7600,1.799893
_11544_,VPWR,li1,48.3000,95.2000,1.799865
_11543_,VPWR,li1,51.5200,106.0800,1.799764
_11542_,VPWR,li1,65.3200,95.2000,1.799821
_11541_,VPWR,li1,62.3300,106.0800,1.799709
_11540_,VPWR,li1,60.0300,106.0800,1.799721
_11539_,VPWR,li1,64.1700,106.0800,1.799695
_11538_,VPWR,li1,62.5600,106.0800,1.799709
_11537_,VPWR,li1,57.2700,106.0800,1.799735
_11536_,VPWR,li1,51.0600,106.0800,1.799764
_11535_,VPWR,li1,49.6800,100.6400,1.799938
_11534_,VPWR,li1,110.6300,57.1200,1.799222
_11533_,VPWR,li1,109.9400,57.1200,1.799222
_11532_,VPWR,li1,104.6500,62.5600,1.799704
_11531_,VPWR,li1,105.8000,57.1200,1.799234
_11530_,VPWR,li1,100.0500,62.5600,1.799707
_11529_,VPWR,li1,97.7500,62.5600,1.799710
_11528_,VPWR,li1,100.0500,62.5600,1.799707
_11527_,VPWR,li1,114.0800,68.0000,1.799806
_11526_,VPWR,li1,94.5300,68.0000,1.799810
_11525_,VPWR,li1,91.3100,68.0000,1.799812
_11524_,VPWR,li1,92.4600,68.0000,1.799812
_11523_,VPWR,li1,86.7100,68.0000,1.799816
_11522_,VPWR,li1,81.6500,62.5600,1.799735
_11521_,VPWR,li1,83.9500,68.0000,1.799819
_11520_,VPWR,li1,84.4100,68.0000,1.799819
_11519_,VPWR,li1,84.6400,73.4400,1.799837
_11518_,VPWR,li1,92.9200,78.8800,1.799840
_11517_,VPWR,li1,103.2700,68.0000,1.799807
_11516_,VPWR,li1,97.7500,57.1200,1.799261
_11515_,VPWR,li1,97.2900,51.6800,1.799859
_11514_,VPWR,li1,94.0700,51.6800,1.799859
_11513_,VPWR,li1,99.5900,51.6800,1.799859
_11512_,VPWR,li1,96.8300,51.6800,1.799859
_11511_,VPWR,li1,91.7700,46.2400,1.799745
_11510_,VPWR,li1,91.7700,51.6800,1.799859
_11509_,VPWR,li1,109.7100,51.6800,1.799860
_11508_,VPWR,li1,104.8800,78.8800,1.799842
_11507_,VPWR,li1,121.9000,57.1200,1.799252
_11506_,VPWR,li1,143.2900,35.3600,1.799022
_11505_,VPWR,li1,143.0600,35.3600,1.799020
_11504_,VPWR,li1,137.3100,35.3600,1.799020
_11503_,VPWR,li1,139.6100,35.3600,1.799020
_11502_,VPWR,li1,131.3300,35.3600,1.799027
_11501_,VPWR,li1,129.0300,40.8000,1.799587
_11500_,VPWR,li1,131.7900,40.8000,1.799593
_11499_,VPWR,li1,153.1800,40.8000,1.799641
_11498_,VPWR,li1,124.4300,40.8000,1.799578
_11497_,VPWR,li1,123.0500,40.8000,1.799578
_11496_,VPWR,li1,115.6900,40.8000,1.799577
_11495_,VPWR,li1,112.9300,40.8000,1.799583
_11494_,VPWR,li1,106.9500,40.8000,1.799596
_11493_,VPWR,li1,102.3500,40.8000,1.799606
_11492_,VPWR,li1,102.8100,46.2400,1.799744
_11491_,VPWR,li1,104.6500,46.2400,1.799744
_11490_,VPWR,li1,106.7200,46.2400,1.799745
_11489_,VPWR,li1,116.8400,46.2400,1.799747
_11488_,VPWR,li1,139.1500,40.8000,1.799609
_11487_,VPWR,li1,129.4900,29.9200,1.798494
_11486_,VPWR,li1,128.5700,29.9200,1.798500
_11485_,VPWR,li1,128.3400,24.4800,1.796297
_11484_,VPWR,li1,130.6400,24.4800,1.796282
_11483_,VPWR,li1,107.4100,24.4800,1.796725
_11482_,VPWR,li1,106.4900,19.0400,1.795833
_11481_,VPWR,li1,106.9500,19.0400,1.795833
_11480_,VPWR,li1,104.6500,19.0400,1.795869
_11479_,VPWR,li1,109.9400,19.0400,1.795788
_11478_,VPWR,li1,106.9500,13.6000,1.798119
_11477_,VPWR,li1,112.4700,19.0400,1.795747
_11476_,VPWR,li1,106.9500,24.4800,1.796725
_11475_,VPWR,li1,104.4200,24.4800,1.796811
_11474_,VPWR,li1,101.6600,29.9200,1.798617
_11473_,VPWR,li1,135.9300,57.1200,1.799330
_11472_,VPWR,li1,155.9400,35.3600,1.799118
_11471_,VPWR,li1,174.8000,29.9200,1.798761
_11470_,VPWR,li1,174.5700,29.9200,1.798761
_11469_,VPWR,li1,171.1200,29.9200,1.798731
_11468_,VPWR,li1,164.2200,29.9200,1.798634
_11467_,VPWR,li1,303.8300,19.0400,1.796799
_11466_,VPWR,li1,304.9800,19.0400,1.796799
_11465_,VPWR,li1,304.2900,24.4800,1.793770
_11464_,VPWR,li1,267.2600,24.4800,1.791258
_11463_,VPWR,li1,302.9100,24.4800,1.793532
_11462_,VPWR,li1,270.0200,24.4800,1.791338
_11461_,VPWR,li1,219.1900,24.4800,1.791534
_11460_,VPWR,li1,212.7500,29.9200,1.795892
_11459_,VPWR,li1,221.0300,29.9200,1.795593
_11458_,VPWR,li1,217.8100,29.9200,1.795652
_11457_,VPWR,li1,204.4700,29.9200,1.796284
_11456_,VPWR,li1,204.0100,29.9200,1.796284
_11455_,VPWR,li1,206.3100,29.9200,1.796154
_11454_,VPWR,li1,207.4600,40.8000,1.798966
_11453_,VPWR,li1,181.4700,35.3600,1.799176
_11452_,VPWR,li1,177.3300,46.2400,1.799745
_11451_,VPWR,li1,181.4700,46.2400,1.799704
_11450_,VPWR,li1,182.1600,62.5600,1.799749
_11449_,VPWR,li1,144.2100,57.1200,1.799407
_11448_,VPWR,li1,140.9900,73.4400,1.799803
_11447_,VPWR,li1,143.2900,73.4400,1.799806
_11446_,VPWR,li1,145.8200,84.3200,1.799688
_11445_,VPWR,li1,110.6300,84.3200,1.799608
_11444_,VPWR,li1,109.7100,89.7600,1.799800
_11443_,VPWR,li1,106.9500,89.7600,1.799799
_11442_,VPWR,li1,107.6400,95.2000,1.799771
_11441_,VPWR,li1,84.8700,95.2000,1.799778
_11440_,VPWR,li1,79.8100,95.2000,1.799786
_11439_,VPWR,li1,75.2100,95.2000,1.799795
_11438_,VPWR,li1,76.1300,89.7600,1.799827
_11437_,VPWR,li1,71.9900,95.2000,1.799803
_11436_,VPWR,li1,71.0700,89.7600,1.799837
_11435_,VPWR,li1,68.3100,95.2000,1.799813
_11434_,VPWR,li1,69.0000,95.2000,1.799813
_11433_,VPWR,li1,63.2500,95.2000,1.799828
_11432_,VPWR,li1,74.7500,100.6400,1.799913
_11431_,VPWR,li1,92.4600,95.2000,1.799773
_11430_,VPWR,li1,78.4300,106.0800,1.799627
_11429_,VPWR,li1,84.4100,100.6400,1.799908
_11428_,VPWR,li1,81.8800,106.0800,1.799611
_11427_,VPWR,li1,65.5500,106.0800,1.799695
_11426_,VPWR,li1,53.1300,100.6400,1.799933
_11425_,VPWR,li1,54.9700,106.0800,1.799751
_11424_,VPWR,li1,48.9900,106.0800,1.799778
_11423_,VPWR,li1,53.3600,106.0800,1.799751
_11422_,VPWR,li1,48.5300,106.0800,1.799778
_11421_,VPWR,li1,105.1100,84.3200,1.799613
_11420_,VPWR,li1,101.4300,84.3200,1.799622
_11419_,VPWR,li1,101.8900,78.8800,1.799841
_11418_,VPWR,li1,96.8300,78.8800,1.799840
_11417_,VPWR,li1,90.3900,78.8800,1.799840
_11416_,VPWR,li1,93.1500,78.8800,1.799840
_11415_,VPWR,li1,93.1500,73.4400,1.799828
_11414_,VPWR,li1,92.6900,84.3200,1.799647
_11413_,VPWR,li1,97.5200,78.8800,1.799840
_11412_,VPWR,li1,89.4700,78.8800,1.799840
_11411_,VPWR,li1,103.7300,84.3200,1.799618
_11410_,VPWR,li1,102.5800,95.2000,1.799771
_11409_,VPWR,li1,118.6800,78.8800,1.799847
_11408_,VPWR,li1,138.2300,57.1200,1.799352
_11407_,VPWR,li1,141.2200,57.1200,1.799382
_11406_,VPWR,li1,132.7100,57.1200,1.799317
_11405_,VPWR,li1,133.4000,57.1200,1.799317
_11404_,VPWR,li1,124.8900,57.1200,1.799269
_11403_,VPWR,li1,123.5100,62.5600,1.799716
_11402_,VPWR,li1,126.2700,62.5600,1.799721
_11401_,VPWR,li1,132.9400,62.5600,1.799731
_11400_,VPWR,li1,116.6100,68.0000,1.799807
_11399_,VPWR,li1,111.5500,68.0000,1.799806
_11398_,VPWR,li1,114.5400,68.0000,1.799806
_11397_,VPWR,li1,106.0300,68.0000,1.799806
_11396_,VPWR,li1,102.8100,68.0000,1.799807
_11395_,VPWR,li1,106.0300,68.0000,1.799806
_11394_,VPWR,li1,105.3400,73.4400,1.799818
_11393_,VPWR,li1,113.6200,73.4400,1.799813
_11392_,VPWR,li1,125.8100,68.0000,1.799811
_11391_,VPWR,li1,119.3700,51.6800,1.799864
_11390_,VPWR,li1,121.2100,46.2400,1.799749
_11389_,VPWR,li1,126.7300,51.6800,1.799869
_11388_,VPWR,li1,116.1500,51.6800,1.799863
_11387_,VPWR,li1,119.3700,46.2400,1.799748
_11386_,VPWR,li1,126.2700,46.2400,1.799751
_11385_,VPWR,li1,128.5700,46.2400,1.799752
_11384_,VPWR,li1,112.9300,46.2400,1.799746
_11383_,VPWR,li1,110.4000,46.2400,1.799745
_11382_,VPWR,li1,134.5500,51.6800,1.799876
_11381_,VPWR,li1,106.4900,46.2400,1.799745
_11380_,VPWR,li1,104.4200,51.6800,1.799859
_11379_,VPWR,li1,103.2700,46.2400,1.799744
_11378_,VPWR,li1,132.4800,84.3200,1.799647
_11377_,VPWR,li1,151.3400,62.5600,1.799757
_11376_,VPWR,li1,174.5700,35.3600,1.799413
_11375_,VPWR,li1,171.5800,35.3600,1.799366
_11374_,VPWR,li1,169.5100,35.3600,1.799320
_11373_,VPWR,li1,168.8200,35.3600,1.799320
_11372_,VPWR,li1,163.5300,35.3600,1.799241
_11371_,VPWR,li1,158.4700,35.3600,1.799169
_11370_,VPWR,li1,160.3100,40.8000,1.799663
_11369_,VPWR,li1,161.2300,35.3600,1.799195
_11368_,VPWR,li1,179.8600,46.2400,1.799704
_11367_,VPWR,li1,156.6300,40.8000,1.799646
_11366_,VPWR,li1,149.7300,40.8000,1.799633
_11365_,VPWR,li1,151.1100,40.8000,1.799633
_11364_,VPWR,li1,145.1300,40.8000,1.799622
_11363_,VPWR,li1,137.3100,40.8000,1.799605
_11362_,VPWR,li1,137.7700,46.2400,1.799757
_11361_,VPWR,li1,140.5300,46.2400,1.799758
_11360_,VPWR,li1,140.9900,46.2400,1.799758
_11359_,VPWR,li1,150.8800,51.6800,1.799895
_11358_,VPWR,li1,161.4600,40.8000,1.799663
_11357_,VPWR,li1,161.6900,29.9200,1.798599
_11356_,VPWR,li1,162.1500,24.4800,1.796547
_11355_,VPWR,li1,165.1400,24.4800,1.796753
_11354_,VPWR,li1,164.2200,13.6000,1.798974
_11353_,VPWR,li1,140.5300,24.4800,1.796209
_11352_,VPWR,li1,133.1700,24.4800,1.796258
_11351_,VPWR,li1,135.9300,24.4800,1.796243
_11350_,VPWR,li1,137.0800,24.4800,1.796227
_11349_,VPWR,li1,133.1700,29.9200,1.798487
_11348_,VPWR,li1,137.0800,29.9200,1.798476
_11347_,VPWR,li1,135.4700,19.0400,1.795881
_11346_,VPWR,li1,136.8500,19.0400,1.795937
_11345_,VPWR,li1,132.0200,19.0400,1.795840
_11344_,VPWR,li1,126.7300,19.0400,1.795734
_11343_,VPWR,li1,129.0300,19.0400,1.795780
_11342_,VPWR,li1,110.6300,13.6000,1.798060
_11341_,VPWR,li1,169.7400,62.5600,1.799807
_11340_,VPWR,li1,188.1400,35.3600,1.799046
_11339_,VPWR,li1,199.8700,29.9200,1.796737
_11338_,VPWR,li1,195.2700,29.9200,1.796982
_11337_,VPWR,li1,199.4100,29.9200,1.796737
_11336_,VPWR,li1,200.3300,19.0400,1.796971
_11335_,VPWR,li1,309.3500,19.0400,1.797107
_11334_,VPWR,li1,319.9300,19.0400,1.797921
_11333_,VPWR,li1,316.4800,24.4800,1.795353
_11332_,VPWR,li1,292.7900,24.4800,1.792646
_11331_,VPWR,li1,295.0900,24.4800,1.792924
_11330_,VPWR,li1,293.0200,29.9200,1.796590
_11329_,VPWR,li1,267.4900,24.4800,1.791258
_11328_,VPWR,li1,270.2500,24.4800,1.791338
_11327_,VPWR,li1,263.8100,29.9200,1.795590
_11326_,VPWR,li1,266.1100,29.9200,1.795649
_11325_,VPWR,li1,261.7400,29.9200,1.795583
_11324_,VPWR,li1,227.9300,29.9200,1.795486
_11323_,VPWR,li1,217.8100,35.3600,1.798687
_11322_,VPWR,li1,221.9500,35.3600,1.798671
_11321_,VPWR,li1,222.6400,40.8000,1.798749
_11320_,VPWR,li1,208.1500,35.3600,1.798730
_11319_,VPWR,li1,205.3900,62.5600,1.799565
_11318_,VPWR,li1,201.7100,57.1200,1.799669
_11317_,VPWR,li1,202.8600,73.4400,1.799624
_11316_,VPWR,li1,179.6300,62.5600,1.799774
_11315_,VPWR,li1,176.8700,78.8800,1.799889
_11314_,VPWR,li1,179.8600,78.8800,1.799871
_11313_,VPWR,li1,177.1000,84.3200,1.799841
_11312_,VPWR,li1,143.2900,84.3200,1.799678
_11311_,VPWR,li1,139.6100,95.2000,1.799805
_11310_,VPWR,li1,142.3700,95.2000,1.799812
_11309_,VPWR,li1,145.8200,95.2000,1.799821
_11308_,VPWR,li1,110.6300,95.2000,1.799773
_11307_,VPWR,li1,105.5700,100.6400,1.799900
_11306_,VPWR,li1,106.7200,100.6400,1.799900
_11305_,VPWR,li1,110.8600,100.6400,1.799900
_11304_,VPWR,li1,89.0100,106.0800,1.799581
_11303_,VPWR,li1,75.2100,106.0800,1.799642
_11302_,VPWR,li1,77.0500,100.6400,1.799911
_11301_,VPWR,li1,75.9000,106.0800,1.799642
_11300_,VPWR,li1,72.9100,106.0800,1.799657
_11299_,VPWR,li1,71.9900,106.0800,1.799657
_11298_,VPWR,li1,85.5600,106.0800,1.799595
_11297_,VPWR,li1,104.1900,95.2000,1.799771
_11296_,VPWR,li1,99.1300,95.2000,1.799771
_11295_,VPWR,li1,99.8200,100.6400,1.799901
_11294_,VPWR,li1,97.7500,95.2000,1.799772
_11293_,VPWR,li1,95.4500,89.7600,1.799804
_11292_,VPWR,li1,93.1500,89.7600,1.799805
_11291_,VPWR,li1,88.7800,95.2000,1.799776
_11290_,VPWR,li1,95.9100,95.2000,1.799772
_11289_,VPWR,li1,98.6700,100.6400,1.799901
_11288_,VPWR,li1,116.8400,95.2000,1.799777
_11287_,VPWR,li1,135.9300,84.3200,1.799658
_11286_,VPWR,li1,129.4900,84.3200,1.799642
_11285_,VPWR,li1,130.8700,78.8800,1.799856
_11284_,VPWR,li1,121.2100,78.8800,1.799849
_11283_,VPWR,li1,118.4500,89.7600,1.799811
_11282_,VPWR,li1,121.6700,84.3200,1.799624
_11281_,VPWR,li1,117.5300,84.3200,1.799619
_11280_,VPWR,li1,115.6900,84.3200,1.799614
_11279_,VPWR,li1,117.9900,84.3200,1.799619
_11278_,VPWR,li1,119.3700,78.8800,1.799847
_11277_,VPWR,li1,117.0700,73.4400,1.799811
_11276_,VPWR,li1,111.0900,73.4400,1.799815
_11275_,VPWR,li1,113.8500,78.8800,1.799845
_11274_,VPWR,li1,115.0000,73.4400,1.799812
_11273_,VPWR,li1,110.6300,73.4400,1.799815
_11272_,VPWR,li1,130.1800,95.2000,1.799793
_11271_,VPWR,li1,137.5400,78.8800,1.799864
_11270_,VPWR,li1,172.2700,62.5600,1.799813
_11269_,VPWR,li1,167.2100,62.5600,1.799801
_11268_,VPWR,li1,168.8200,62.5600,1.799801
_11267_,VPWR,li1,154.3300,62.5600,1.799764
_11266_,VPWR,li1,150.1900,62.5600,1.799757
_11265_,VPWR,li1,152.9500,62.5600,1.799764
_11264_,VPWR,li1,151.8000,68.0000,1.799842
_11263_,VPWR,li1,136.3900,68.0000,1.799818
_11262_,VPWR,li1,130.4100,68.0000,1.799814
_11261_,VPWR,li1,133.1700,68.0000,1.799816
_11260_,VPWR,li1,126.2700,68.0000,1.799811
_11259_,VPWR,li1,122.5900,68.0000,1.799809
_11258_,VPWR,li1,119.8300,68.0000,1.799808
_11257_,VPWR,li1,125.5800,73.4400,1.799807
_11256_,VPWR,li1,130.8700,73.4400,1.799805
_11255_,VPWR,li1,140.7600,68.0000,1.799825
_11254_,VPWR,li1,150.6500,51.6800,1.799895
_11253_,VPWR,li1,153.8700,51.6800,1.799900
_11252_,VPWR,li1,151.5700,57.1200,1.799494
_11251_,VPWR,li1,161.6900,57.1200,1.799606
_11250_,VPWR,li1,129.4900,51.6800,1.799872
_11249_,VPWR,li1,131.7900,51.6800,1.799874
_11248_,VPWR,li1,125.8100,51.6800,1.799869
_11247_,VPWR,li1,143.7500,51.6800,1.799886
_11246_,VPWR,li1,146.0500,51.6800,1.799890
_11245_,VPWR,li1,143.2900,51.6800,1.799886
_11244_,VPWR,li1,143.9800,46.2400,1.799761
_11243_,VPWR,li1,139.6100,51.6800,1.799882
_11242_,VPWR,li1,170.2000,78.8800,1.799898
_11241_,VPWR,li1,177.5600,68.0000,1.799883
_11240_,VPWR,li1,203.0900,40.8000,1.799053
_11239_,VPWR,li1,201.2500,35.3600,1.798821
_11238_,VPWR,li1,197.1100,35.3600,1.798906
_11237_,VPWR,li1,195.7300,35.3600,1.798906
_11236_,VPWR,li1,191.1300,35.3600,1.798989
_11235_,VPWR,li1,188.8300,40.8000,1.799386
_11234_,VPWR,li1,192.9700,40.8000,1.799289
_11233_,VPWR,li1,200.7900,51.6800,1.799837
_11232_,VPWR,li1,181.0100,40.8000,1.799577
_11231_,VPWR,li1,171.3500,46.2400,1.799782
_11230_,VPWR,li1,174.5700,46.2400,1.799784
_11229_,VPWR,li1,168.1300,46.2400,1.799778
_11228_,VPWR,li1,161.2300,46.2400,1.799773
_11227_,VPWR,li1,163.9900,46.2400,1.799775
_11226_,VPWR,li1,171.5800,46.2400,1.799782
_11225_,VPWR,li1,195.7300,46.2400,1.799467
_11224_,VPWR,li1,171.1200,51.6800,1.799927
_11223_,VPWR,li1,185.3800,51.6800,1.799897
_11222_,VPWR,li1,200.7900,24.4800,1.792857
_11221_,VPWR,li1,197.1100,19.0400,1.796982
_11220_,VPWR,li1,200.5600,19.0400,1.796971
_11219_,VPWR,li1,207.9200,19.0400,1.796925
_11218_,VPWR,li1,166.7500,19.0400,1.797507
_11217_,VPWR,li1,163.9900,19.0400,1.797176
_11216_,VPWR,li1,170.2000,19.0400,1.797729
_11215_,VPWR,li1,166.5200,19.0400,1.797507
_11214_,VPWR,li1,167.6700,13.6000,1.799114
_11213_,VPWR,li1,175.2600,13.6000,1.799428
_11212_,VPWR,li1,142.8300,19.0400,1.796059
_11211_,VPWR,li1,142.6000,13.6000,1.798345
_11210_,VPWR,li1,140.5300,19.0400,1.796012
_11209_,VPWR,li1,141.4500,13.6000,1.798302
_11208_,VPWR,li1,140.3000,13.6000,1.798302
_11207_,VPWR,li1,136.3900,13.6000,1.798229
_11206_,VPWR,li1,114.7700,19.0400,1.795703
_11205_,VPWR,li1,195.5000,73.4400,1.799678
_11204_,VPWR,li1,204.2400,40.8000,1.799053
_11203_,VPWR,li1,221.9500,24.4800,1.791513
_11202_,VPWR,li1,221.0300,29.9200,1.795593
_11201_,VPWR,li1,218.7300,29.9200,1.795652
_11200_,VPWR,li1,225.8600,19.0400,1.796841
_11199_,VPWR,li1,260.3600,24.4800,1.791290
_11198_,VPWR,li1,328.2100,19.0400,1.798805
_11197_,VPWR,li1,324.7600,19.0400,1.798494
_11196_,VPWR,li1,321.5400,24.4800,1.796254
_11195_,VPWR,li1,303.6000,24.4800,1.793770
_11194_,VPWR,li1,306.1300,24.4800,1.794068
_11193_,VPWR,li1,290.4900,29.9200,1.796433
_11192_,VPWR,li1,285.8900,29.9200,1.796237
_11191_,VPWR,li1,287.5000,24.4800,1.792327
_11190_,VPWR,li1,286.1200,29.9200,1.796237
_11189_,VPWR,li1,265.1900,29.9200,1.795590
_11188_,VPWR,li1,260.1300,35.3600,1.798636
_11187_,VPWR,li1,265.1900,35.3600,1.798673
_11186_,VPWR,li1,260.8200,46.2400,1.798853
_11185_,VPWR,li1,233.9100,40.8000,1.798683
_11184_,VPWR,li1,219.1900,46.2400,1.799137
_11183_,VPWR,li1,221.9500,46.2400,1.799112
_11182_,VPWR,li1,219.4200,68.0000,1.799623
_11181_,VPWR,li1,204.4700,73.4400,1.799615
_11180_,VPWR,li1,200.7900,78.8800,1.799761
_11179_,VPWR,li1,203.5500,78.8800,1.799751
_11178_,VPWR,li1,202.8600,84.3200,1.799700
_11177_,VPWR,li1,179.6300,84.3200,1.799823
_11176_,VPWR,li1,173.6500,89.7600,1.799895
_11175_,VPWR,li1,176.4100,89.7600,1.799900
_11174_,VPWR,li1,174.8000,95.2000,1.799924
_11173_,VPWR,li1,145.5900,95.2000,1.799821
_11172_,VPWR,li1,142.8300,95.2000,1.799812
_11171_,VPWR,li1,140.5300,95.2000,1.799805
_11170_,VPWR,li1,141.9100,100.6400,1.799915
_11169_,VPWR,li1,148.1200,100.6400,1.799921
_11168_,VPWR,li1,116.1500,100.6400,1.799900
_11167_,VPWR,li1,120.7500,106.0800,1.799459
_11166_,VPWR,li1,120.5200,106.0800,1.799459
_11165_,VPWR,li1,88.0900,100.6400,1.799906
_11164_,VPWR,li1,97.2900,100.6400,1.799902
_11163_,VPWR,li1,98.4400,106.0800,1.799542
_11162_,VPWR,li1,94.7600,100.6400,1.799903
_11161_,VPWR,li1,96.1400,106.0800,1.799555
_11160_,VPWR,li1,93.1500,106.0800,1.799564
_11159_,VPWR,li1,132.7100,95.2000,1.799796
_11158_,VPWR,li1,128.1100,95.2000,1.799790
_11157_,VPWR,li1,130.8700,95.2000,1.799793
_11156_,VPWR,li1,121.6700,95.2000,1.799783
_11155_,VPWR,li1,119.8300,95.2000,1.799781
_11154_,VPWR,li1,117.5300,95.2000,1.799779
_11153_,VPWR,li1,124.6600,95.2000,1.799786
_11152_,VPWR,li1,113.8500,95.2000,1.799775
_11151_,VPWR,li1,133.6300,100.6400,1.799909
_11150_,VPWR,li1,153.6400,95.2000,1.799848
_11149_,VPWR,li1,175.0300,84.3200,1.799857
_11148_,VPWR,li1,167.2100,84.3200,1.799807
_11147_,VPWR,li1,164.9100,84.3200,1.799796
_11146_,VPWR,li1,140.0700,84.3200,1.799670
_11145_,VPWR,li1,136.8500,84.3200,1.799658
_11144_,VPWR,li1,139.6100,84.3200,1.799664
_11143_,VPWR,li1,146.5100,84.3200,1.799688
_11142_,VPWR,li1,127.6500,84.3200,1.799636
_11141_,VPWR,li1,129.9500,84.3200,1.799642
_11140_,VPWR,li1,123.5100,84.3200,1.799630
_11139_,VPWR,li1,133.1700,78.8800,1.799859
_11138_,VPWR,li1,133.1700,73.4400,1.799805
_11137_,VPWR,li1,131.7900,73.4400,1.799805
_11136_,VPWR,li1,127.6500,73.4400,1.799807
_11135_,VPWR,li1,129.0300,73.4400,1.799806
_11134_,VPWR,li1,171.5800,95.2000,1.799915
_11133_,VPWR,li1,172.2700,84.3200,1.799840
_11132_,VPWR,li1,200.7900,73.4400,1.799649
_11131_,VPWR,li1,190.2100,73.4400,1.799723
_11130_,VPWR,li1,193.2000,73.4400,1.799698
_11129_,VPWR,li1,181.4700,73.4400,1.799806
_11128_,VPWR,li1,175.0300,73.4400,1.799871
_11127_,VPWR,li1,172.9600,68.0000,1.799892
_11126_,VPWR,li1,175.4900,68.0000,1.799899
_11125_,VPWR,li1,172.0400,73.4400,1.799864
_11124_,VPWR,li1,154.3300,68.0000,1.799847
_11123_,VPWR,li1,149.7300,73.4400,1.799818
_11122_,VPWR,li1,152.4900,73.4400,1.799823
_11121_,VPWR,li1,144.6700,68.0000,1.799830
_11120_,VPWR,li1,141.4500,68.0000,1.799825
_11119_,VPWR,li1,141.4500,73.4400,1.799803
_11118_,VPWR,li1,137.5400,68.0000,1.799821
_11117_,VPWR,li1,152.9500,73.4400,1.799823
_11116_,VPWR,li1,158.4700,68.0000,1.799856
_11115_,VPWR,li1,175.0300,57.1200,1.799808
_11114_,VPWR,li1,171.3500,57.1200,1.799736
_11113_,VPWR,li1,169.7400,57.1200,1.799736
_11112_,VPWR,li1,167.2100,57.1200,1.799683
_11111_,VPWR,li1,178.2500,51.6800,1.799927
_11110_,VPWR,li1,162.1500,51.6800,1.799913
_11109_,VPWR,li1,163.9900,57.1200,1.799653
_11108_,VPWR,li1,155.2500,57.1200,1.799543
_11107_,VPWR,li1,163.5300,57.1200,1.799653
_11106_,VPWR,li1,157.5500,51.6800,1.799906
_11105_,VPWR,li1,136.8500,51.6800,1.799879
_11104_,VPWR,li1,167.6700,51.6800,1.799922
_11103_,VPWR,li1,181.4700,51.6800,1.799913
_11102_,VPWR,li1,169.5100,46.2400,1.799778
_11101_,VPWR,li1,166.7500,46.2400,1.799777
_11100_,VPWR,li1,163.5300,46.2400,1.799775
_11099_,VPWR,li1,189.0600,78.8800,1.799822
_11098_,VPWR,li1,201.0200,68.0000,1.799721
_11097_,VPWR,li1,227.9300,40.8000,1.798709
_11096_,VPWR,li1,221.9500,35.3600,1.798671
_11095_,VPWR,li1,217.8100,40.8000,1.798808
_11094_,VPWR,li1,218.7300,35.3600,1.798687
_11093_,VPWR,li1,215.0500,40.8000,1.798857
_11092_,VPWR,li1,208.6100,40.8000,1.798966
_11091_,VPWR,li1,209.0700,46.2400,1.799291
_11090_,VPWR,li1,209.5300,40.8000,1.798933
_11089_,VPWR,li1,227.9300,46.2400,1.799069
_11088_,VPWR,li1,205.3900,51.6800,1.799822
_11087_,VPWR,li1,199.4100,51.6800,1.799846
_11086_,VPWR,li1,203.0900,51.6800,1.799830
_11085_,VPWR,li1,191.1300,46.2400,1.799540
_11084_,VPWR,li1,188.1400,51.6800,1.799886
_11083_,VPWR,li1,185.6100,46.2400,1.799635
_11082_,VPWR,li1,198.0300,46.2400,1.799440
_11081_,VPWR,li1,197.5700,46.2400,1.799440
_11080_,VPWR,li1,188.6000,51.6800,1.799886
_11079_,VPWR,li1,192.2800,51.6800,1.799869
_11078_,VPWR,li1,195.9600,57.1200,1.799704
_11077_,VPWR,li1,212.9800,51.6800,1.799806
_11076_,VPWR,li1,222.8700,19.0400,1.796848
_11075_,VPWR,li1,220.5700,19.0400,1.796860
_11074_,VPWR,li1,223.3300,19.0400,1.796848
_11073_,VPWR,li1,228.8500,19.0400,1.796830
_11072_,VPWR,li1,213.6700,19.0400,1.796890
_11071_,VPWR,li1,204.9300,19.0400,1.796937
_11070_,VPWR,li1,210.2200,19.0400,1.796907
_11069_,VPWR,li1,213.9000,19.0400,1.796890
_11068_,VPWR,li1,210.9100,13.6000,1.799204
_11067_,VPWR,li1,207.2300,13.6000,1.799196
_11066_,VPWR,li1,209.0700,13.6000,1.799201
_11065_,VPWR,li1,218.5000,13.6000,1.799219
_11064_,VPWR,li1,178.7100,13.6000,1.799376
_11063_,VPWR,li1,184.2300,13.6000,1.799322
_11062_,VPWR,li1,182.8500,13.6000,1.799346
_11061_,VPWR,li1,176.6400,13.6000,1.799400
_11060_,VPWR,li1,171.8100,13.6000,1.799317
_11059_,VPWR,li1,213.9000,62.5600,1.799555
_11058_,VPWR,li1,237.5900,40.8000,1.798697
_11057_,VPWR,li1,257.3700,24.4800,1.791298
_11056_,VPWR,li1,254.1500,24.4800,1.791311
_11055_,VPWR,li1,255.0700,29.9200,1.795563
_11054_,VPWR,li1,244.7200,19.0400,1.796775
_11053_,VPWR,li1,254.8400,40.8000,1.798843
_11052_,VPWR,li1,330.9700,19.0400,1.798796
_11051_,VPWR,li1,330.0500,24.4800,1.797674
_11050_,VPWR,li1,332.3500,24.4800,1.797668
_11049_,VPWR,li1,343.8500,35.3600,1.799384
_11048_,VPWR,li1,324.9900,24.4800,1.797073
_11047_,VPWR,li1,308.8900,29.9200,1.797641
_11046_,VPWR,li1,303.8300,29.9200,1.797280
_11045_,VPWR,li1,304.7500,29.9200,1.797280
_11044_,VPWR,li1,300.6100,29.9200,1.796971
_11043_,VPWR,li1,301.0700,29.9200,1.797093
_11042_,VPWR,li1,305.9000,35.3600,1.799066
_11041_,VPWR,li1,299.2300,29.9200,1.796971
_11040_,VPWR,li1,286.1200,35.3600,1.798860
_11039_,VPWR,li1,290.2600,29.9200,1.796433
_11038_,VPWR,li1,281.2900,46.2400,1.798936
_11037_,VPWR,li1,281.9800,46.2400,1.798936
_11036_,VPWR,li1,261.2800,46.2400,1.798853
_11035_,VPWR,li1,265.6500,46.2400,1.798857
_11034_,VPWR,li1,259.4400,68.0000,1.799543
_11033_,VPWR,li1,255.3000,68.0000,1.799539
_11032_,VPWR,li1,222.6400,68.0000,1.799613
_11031_,VPWR,li1,219.4200,62.5600,1.799552
_11030_,VPWR,li1,217.5800,84.3200,1.799655
_11029_,VPWR,li1,218.5000,78.8800,1.799710
_11028_,VPWR,li1,206.0800,84.3200,1.799688
_11027_,VPWR,li1,203.3200,84.3200,1.799700
_11026_,VPWR,li1,202.6300,89.7600,1.799713
_11025_,VPWR,li1,203.3200,95.2000,1.799850
_11024_,VPWR,li1,178.0200,95.2000,1.799912
_11023_,VPWR,li1,175.2600,95.2000,1.799924
_11022_,VPWR,li1,173.8800,100.6400,1.799956
_11021_,VPWR,li1,176.1800,100.6400,1.799950
_11020_,VPWR,li1,189.0600,100.6400,1.799919
_11019_,VPWR,li1,145.3600,100.6400,1.799919
_11018_,VPWR,li1,143.0600,100.6400,1.799916
_11017_,VPWR,li1,143.5200,106.0800,1.799390
_11016_,VPWR,li1,145.8200,106.0800,1.799383
_11015_,VPWR,li1,128.1100,106.0800,1.799435
_11014_,VPWR,li1,131.5600,106.0800,1.799424
_11013_,VPWR,li1,124.4300,100.6400,1.799903
_11012_,VPWR,li1,123.9700,106.0800,1.799447
_11011_,VPWR,li1,137.3100,100.6400,1.799912
_11010_,VPWR,li1,139.6100,100.6400,1.799913
_11009_,VPWR,li1,136.6200,100.6400,1.799910
_11008_,VPWR,li1,129.9500,100.6400,1.799907
_11007_,VPWR,li1,130.4100,100.6400,1.799907
_11006_,VPWR,li1,169.0500,95.2000,1.799905
_11005_,VPWR,li1,164.4500,95.2000,1.799888
_11004_,VPWR,li1,166.0600,95.2000,1.799888
_11003_,VPWR,li1,158.4700,95.2000,1.799866
_11002_,VPWR,li1,156.1700,95.2000,1.799857
_11001_,VPWR,li1,153.8700,95.2000,1.799848
_11000_,VPWR,li1,154.1000,100.6400,1.799929
_10999_,VPWR,li1,164.9100,100.6400,1.799943
_10998_,VPWR,li1,180.5500,95.2000,1.799905
_10997_,VPWR,li1,191.1300,84.3200,1.799758
_10996_,VPWR,li1,188.3700,84.3200,1.799773
_10995_,VPWR,li1,186.3000,84.3200,1.799786
_10994_,VPWR,li1,184.2300,84.3200,1.799796
_10993_,VPWR,li1,170.2000,84.3200,1.799827
_10992_,VPWR,li1,168.3600,78.8800,1.799896
_10991_,VPWR,li1,168.3600,84.3200,1.799807
_10990_,VPWR,li1,170.6600,84.3200,1.799827
_10989_,VPWR,li1,192.5100,89.7600,1.799780
_10988_,VPWR,li1,151.1100,84.3200,1.799721
_10987_,VPWR,li1,152.9500,84.3200,1.799731
_10986_,VPWR,li1,149.2700,84.3200,1.799711
_10985_,VPWR,li1,155.7100,84.3200,1.799742
_10984_,VPWR,li1,124.8900,84.3200,1.799630
_10983_,VPWR,li1,162.1500,78.8800,1.799887
_10982_,VPWR,li1,161.2300,78.8800,1.799887
_10981_,VPWR,li1,159.1600,78.8800,1.799885
_10980_,VPWR,li1,156.1700,78.8800,1.799882
_10979_,VPWR,li1,152.9500,78.8800,1.799878
_10978_,VPWR,li1,184.0000,95.2000,1.799898
_10977_,VPWR,li1,196.8800,84.3200,1.799734
_10976_,VPWR,li1,214.5900,68.0000,1.799642
_10975_,VPWR,li1,209.9900,68.0000,1.799666
_10974_,VPWR,li1,207.0000,68.0000,1.799683
_10973_,VPWR,li1,204.0100,68.0000,1.799702
_10972_,VPWR,li1,200.7900,68.0000,1.799721
_10971_,VPWR,li1,203.7800,68.0000,1.799702
_10970_,VPWR,li1,222.1800,73.4400,1.799581
_10969_,VPWR,li1,178.2500,73.4400,1.799838
_10968_,VPWR,li1,166.2900,73.4400,1.799851
_10967_,VPWR,li1,169.0500,73.4400,1.799856
_10966_,VPWR,li1,161.6900,73.4400,1.799842
_10965_,VPWR,li1,98.6700,68.0000,1.799808
_10964_,VPWR,li1,162.1500,68.0000,1.799864
_10963_,VPWR,li1,164.4500,73.4400,1.799848
_10962_,VPWR,li1,164.2200,68.0000,1.799869
_10961_,VPWR,li1,161.2300,89.7600,1.799868
_10960_,VPWR,li1,215.5100,78.8800,1.799717
_10959_,VPWR,li1,197.1100,62.5600,1.799628
_10958_,VPWR,li1,191.5900,62.5600,1.799679
_10957_,VPWR,li1,192.7400,62.5600,1.799663
_10956_,VPWR,li1,191.3600,68.0000,1.799786
_10955_,VPWR,li1,183.7700,57.1200,1.799760
_10954_,VPWR,li1,186.9900,57.1200,1.799750
_10953_,VPWR,li1,180.7800,57.1200,1.799776
_10952_,VPWR,li1,178.7100,57.1200,1.799788
_10951_,VPWR,li1,181.9300,57.1200,1.799776
_10950_,VPWR,li1,197.5700,57.1200,1.799692
_10949_,VPWR,li1,192.5100,57.1200,1.799714
_10948_,VPWR,li1,204.0100,57.1200,1.799661
_10947_,VPWR,li1,193.6600,57.1200,1.799714
_10946_,VPWR,li1,187.4500,57.1200,1.799741
_10945_,VPWR,li1,190.6700,57.1200,1.799724
_10944_,VPWR,li1,213.4400,78.8800,1.799722
_10943_,VPWR,li1,232.7600,68.0000,1.799584
_10942_,VPWR,li1,258.7500,46.2400,1.798862
_10941_,VPWR,li1,255.5300,46.2400,1.798877
_10940_,VPWR,li1,252.5400,40.8000,1.798824
_10939_,VPWR,li1,244.4900,40.8000,1.798756
_10938_,VPWR,li1,241.7300,40.8000,1.798736
_10937_,VPWR,li1,239.4300,40.8000,1.798717
_10936_,VPWR,li1,236.2100,40.8000,1.798697
_10935_,VPWR,li1,246.1000,46.2400,1.798939
_10934_,VPWR,li1,231.1500,46.2400,1.799042
_10933_,VPWR,li1,225.1700,46.2400,1.799098
_10932_,VPWR,li1,227.4700,46.2400,1.799069
_10931_,VPWR,li1,218.2700,51.6800,1.799790
_10930_,VPWR,li1,232.3000,51.6800,1.799762
_10929_,VPWR,li1,213.6700,51.6800,1.799801
_10928_,VPWR,li1,216.4300,51.6800,1.799795
_10927_,VPWR,li1,210.2200,51.6800,1.799810
_10926_,VPWR,li1,209.9900,51.6800,1.799810
_10925_,VPWR,li1,202.8600,46.2400,1.799365
_10924_,VPWR,li1,206.3100,46.2400,1.799333
_10923_,VPWR,li1,200.7900,46.2400,1.799394
_10922_,VPWR,li1,196.6500,51.6800,1.799855
_10921_,VPWR,li1,216.4300,57.1200,1.799623
_10920_,VPWR,li1,228.1600,57.1200,1.799595
_10919_,VPWR,li1,239.6600,46.2400,1.798982
_10918_,VPWR,li1,243.1100,24.4800,1.791375
_10917_,VPWR,li1,242.1900,19.0400,1.796783
_10916_,VPWR,li1,244.9500,19.0400,1.796775
_10915_,VPWR,li1,255.7600,13.6000,1.799333
_10914_,VPWR,li1,239.8900,19.0400,1.796790
_10913_,VPWR,li1,235.9800,13.6000,1.799258
_10912_,VPWR,li1,238.9700,13.6000,1.799271
_10911_,VPWR,li1,231.1500,19.0400,1.796823
_10910_,VPWR,li1,233.9100,19.0400,1.796810
_10909_,VPWR,li1,232.9900,24.4800,1.791448
_10908_,VPWR,li1,227.0100,13.6000,1.799235
_10907_,VPWR,li1,231.1500,13.6000,1.799244
_10906_,VPWR,li1,222.1800,13.6000,1.799227
_10905_,VPWR,li1,219.1900,13.6000,1.799219
_10904_,VPWR,li1,215.5100,13.6000,1.799213
_10903_,VPWR,li1,237.8200,19.0400,1.796797
_10902_,VPWR,li1,238.9700,19.0400,1.796797
_10901_,VPWR,li1,241.0400,13.6000,1.799280
_10900_,VPWR,li1,254.6100,24.4800,1.791311
_10899_,VPWR,li1,256.9100,24.4800,1.791298
_10898_,VPWR,li1,258.7500,24.4800,1.791290
_10897_,VPWR,li1,271.8600,19.0400,1.796715
_10896_,VPWR,li1,247.7100,19.0400,1.796767
_10895_,VPWR,li1,253.0000,68.0000,1.799542
_10894_,VPWR,li1,262.2000,40.8000,1.798910
_10893_,VPWR,li1,288.1900,29.9200,1.796340
_10892_,VPWR,li1,282.6700,29.9200,1.796140
_10891_,VPWR,li1,280.6000,29.9200,1.796078
_10890_,VPWR,li1,282.9000,24.4800,1.792084
_10889_,VPWR,li1,348.2200,35.3600,1.799379
_10888_,VPWR,li1,344.5400,35.3600,1.799379
_10887_,VPWR,li1,343.8500,46.2400,1.799643
_10886_,VPWR,li1,339.7100,35.3600,1.799423
_10885_,VPWR,li1,342.4700,35.3600,1.799384
_10884_,VPWR,li1,327.2900,35.3600,1.799528
_10883_,VPWR,li1,325.9100,29.9200,1.798963
_10882_,VPWR,li1,325.4500,29.9200,1.798963
_10881_,VPWR,li1,325.9100,51.6800,1.799827
_10880_,VPWR,li1,308.8900,35.3600,1.799137
_10879_,VPWR,li1,304.2900,40.8000,1.799361
_10878_,VPWR,li1,307.9700,35.3600,1.799101
_10877_,VPWR,li1,307.2800,40.8000,1.799411
_10876_,VPWR,li1,305.9000,57.1200,1.799630
_10875_,VPWR,li1,285.4300,46.2400,1.798985
_10874_,VPWR,li1,287.7300,46.2400,1.799020
_10873_,VPWR,li1,279.4500,57.1200,1.799553
_10872_,VPWR,li1,280.1400,51.6800,1.799711
_10871_,VPWR,li1,281.0600,73.4400,1.799561
_10870_,VPWR,li1,262.8900,68.0000,1.799547
_10869_,VPWR,li1,261.5100,62.5600,1.799612
_10868_,VPWR,li1,257.8300,73.4400,1.799533
_10867_,VPWR,li1,260.5900,73.4400,1.799534
_10866_,VPWR,li1,260.3600,78.8800,1.799659
_10865_,VPWR,li1,222.8700,84.3200,1.799646
_10864_,VPWR,li1,220.1100,84.3200,1.799651
_10863_,VPWR,li1,217.3500,89.7600,1.799627
_10862_,VPWR,li1,220.3400,89.7600,1.799617
_10861_,VPWR,li1,219.4200,89.7600,1.799617
_10860_,VPWR,li1,206.7700,89.7600,1.799687
_10859_,VPWR,li1,209.0700,89.7600,1.799674
_10858_,VPWR,li1,207.2300,95.2000,1.799842
_10857_,VPWR,li1,203.7800,95.2000,1.799850
_10856_,VPWR,li1,213.4400,100.6400,1.799872
_10855_,VPWR,li1,192.5100,106.0800,1.799767
_10854_,VPWR,li1,189.2900,106.0800,1.799766
_10853_,VPWR,li1,190.2100,106.0800,1.799766
_10852_,VPWR,li1,198.7200,106.0800,1.799769
_10851_,VPWR,li1,167.6700,100.6400,1.799947
_10850_,VPWR,li1,164.6800,100.6400,1.799943
_10849_,VPWR,li1,162.3800,100.6400,1.799938
_10848_,VPWR,li1,158.9300,100.6400,1.799935
_10847_,VPWR,li1,161.4600,100.6400,1.799938
_10846_,VPWR,li1,186.0700,95.2000,1.799892
_10845_,VPWR,li1,183.0800,95.2000,1.799898
_10844_,VPWR,li1,184.0000,100.6400,1.799930
_10843_,VPWR,li1,186.5300,100.6400,1.799926
_10842_,VPWR,li1,181.4700,100.6400,1.799936
_10841_,VPWR,li1,182.3900,100.6400,1.799936
_10840_,VPWR,li1,179.1700,100.6400,1.799942
_10839_,VPWR,li1,180.0900,106.0800,1.799766
_10838_,VPWR,li1,205.8500,100.6400,1.799885
_10837_,VPWR,li1,214.1300,78.8800,1.799722
_10836_,VPWR,li1,209.5300,84.3200,1.799676
_10835_,VPWR,li1,211.8300,84.3200,1.799669
_10834_,VPWR,li1,194.3500,84.3200,1.799743
_10833_,VPWR,li1,194.8100,84.3200,1.799743
_10832_,VPWR,li1,197.3400,89.7600,1.799750
_10831_,VPWR,li1,195.2700,89.7600,1.799766
_10830_,VPWR,li1,230.9200,84.3200,1.799649
_10829_,VPWR,li1,194.5800,89.7600,1.799766
_10828_,VPWR,li1,191.1300,89.7600,1.799798
_10827_,VPWR,li1,190.6700,95.2000,1.799880
_10826_,VPWR,li1,192.0500,95.2000,1.799880
_10825_,VPWR,li1,193.8900,95.2000,1.799872
_10824_,VPWR,li1,150.6500,95.2000,1.799834
_10823_,VPWR,li1,162.1500,84.3200,1.799781
_10822_,VPWR,li1,158.2400,89.7600,1.799864
_10821_,VPWR,li1,155.7100,89.7600,1.799859
_10820_,VPWR,li1,161.2300,89.7600,1.799868
_10819_,VPWR,li1,159.3900,84.3200,1.799766
_10818_,VPWR,li1,152.4900,89.7600,1.799855
_10817_,VPWR,li1,149.0400,89.7600,1.799851
_10816_,VPWR,li1,214.1300,84.3200,1.799662
_10815_,VPWR,li1,240.3500,84.3200,1.799664
_10814_,VPWR,li1,250.4700,68.0000,1.799545
_10813_,VPWR,li1,245.4100,73.4400,1.799544
_10812_,VPWR,li1,246.5600,68.0000,1.799552
_10811_,VPWR,li1,239.4300,68.0000,1.799566
_10810_,VPWR,li1,232.0700,68.0000,1.799584
_10809_,VPWR,li1,230.2300,68.0000,1.799592
_10808_,VPWR,li1,234.3700,68.0000,1.799578
_10807_,VPWR,li1,235.7500,68.0000,1.799578
_10806_,VPWR,li1,226.5500,73.4400,1.799574
_10805_,VPWR,li1,223.7900,68.0000,1.799607
_10804_,VPWR,li1,222.6400,73.4400,1.799581
_10803_,VPWR,li1,220.5700,73.4400,1.799587
_10802_,VPWR,li1,214.1300,73.4400,1.799597
_10801_,VPWR,li1,216.8900,73.4400,1.799590
_10800_,VPWR,li1,213.6700,73.4400,1.799597
_10799_,VPWR,li1,210.4500,73.4400,1.799606
_10798_,VPWR,li1,230.2300,78.8800,1.799691
_10797_,VPWR,li1,231.6100,57.1200,1.799589
_10796_,VPWR,li1,231.1500,57.1200,1.799589
_10795_,VPWR,li1,229.3100,57.1200,1.799595
_10794_,VPWR,li1,228.3900,62.5600,1.799562
_10793_,VPWR,li1,249.0900,57.1200,1.799562
_10792_,VPWR,li1,188.3700,68.0000,1.799816
_10791_,VPWR,li1,159.8500,68.0000,1.799856
_10790_,VPWR,li1,156.4000,68.0000,1.799851
_10789_,VPWR,li1,186.5300,73.4400,1.799762
_10788_,VPWR,li1,188.8300,73.4400,1.799741
_10787_,VPWR,li1,189.0600,68.0000,1.799801
_10786_,VPWR,li1,186.9900,68.0000,1.799816
_10785_,VPWR,li1,221.4900,57.1200,1.799612
_10784_,VPWR,li1,219.4200,51.6800,1.799790
_10783_,VPWR,li1,215.0500,57.1200,1.799629
_10782_,VPWR,li1,221.0300,62.5600,1.799555
_10781_,VPWR,li1,247.4800,78.8800,1.799669
_10780_,VPWR,li1,248.1700,68.0000,1.799548
_10779_,VPWR,li1,282.2100,40.8000,1.799101
_10778_,VPWR,li1,284.5100,40.8000,1.799127
_10777_,VPWR,li1,278.0700,46.2400,1.798917
_10776_,VPWR,li1,277.6100,40.8000,1.799042
_10775_,VPWR,li1,271.1700,46.2400,1.798881
_10774_,VPWR,li1,264.7300,46.2400,1.798857
_10773_,VPWR,li1,264.2700,40.8000,1.798929
_10772_,VPWR,li1,265.6500,40.8000,1.798929
_10771_,VPWR,li1,267.7200,40.8000,1.798961
_10770_,VPWR,li1,252.3100,46.2400,1.798897
_10769_,VPWR,li1,248.1700,46.2400,1.798927
_10768_,VPWR,li1,245.8700,46.2400,1.798939
_10767_,VPWR,li1,247.7100,46.2400,1.798927
_10766_,VPWR,li1,243.1100,46.2400,1.798958
_10765_,VPWR,li1,236.6700,51.6800,1.799754
_10764_,VPWR,li1,239.4300,51.6800,1.799749
_10763_,VPWR,li1,233.9100,46.2400,1.799023
_10762_,VPWR,li1,229.3100,51.6800,1.799767
_10761_,VPWR,li1,231.3800,46.2400,1.799042
_10760_,VPWR,li1,236.4400,35.3600,1.798656
_10759_,VPWR,li1,246.1000,57.1200,1.799565
_10758_,VPWR,li1,279.9100,24.4800,1.791897
_10757_,VPWR,li1,281.7500,19.0400,1.796699
_10756_,VPWR,li1,284.7400,19.0400,1.796697
_10755_,VPWR,li1,282.4400,19.0400,1.796699
_10754_,VPWR,li1,259.2100,13.6000,1.799344
_10753_,VPWR,li1,253.6900,13.6000,1.799325
_10752_,VPWR,li1,256.4500,13.6000,1.799333
_10751_,VPWR,li1,266.3400,13.6000,1.799375
_10750_,VPWR,li1,234.8300,24.4800,1.791428
_10749_,VPWR,li1,232.5300,29.9200,1.795497
_10748_,VPWR,li1,228.3900,24.4800,1.791480
_10747_,VPWR,li1,230.6900,24.4800,1.791461
_10746_,VPWR,li1,235.5200,29.9200,1.795502
_10745_,VPWR,li1,247.7100,13.6000,1.799303
_10744_,VPWR,li1,252.0800,24.4800,1.791328
_10743_,VPWR,li1,245.4100,24.4800,1.791363
_10742_,VPWR,li1,248.6300,24.4800,1.791352
_10741_,VPWR,li1,280.3700,19.0400,1.796702
_10740_,VPWR,li1,274.8500,19.0400,1.796709
_10739_,VPWR,li1,278.9900,19.0400,1.796705
_10738_,VPWR,li1,274.1600,13.6000,1.799415
_10737_,VPWR,li1,271.6300,19.0400,1.796715
_10736_,VPWR,li1,266.5700,19.0400,1.796726
_10735_,VPWR,li1,243.1100,13.6000,1.799287
_10734_,VPWR,li1,274.8500,73.4400,1.799550
_10733_,VPWR,li1,291.6400,40.8000,1.799208
_10732_,VPWR,li1,298.7700,35.3600,1.798993
_10731_,VPWR,li1,300.1500,35.3600,1.799019
_10730_,VPWR,li1,299.0000,46.2400,1.799210
_10729_,VPWR,li1,352.1300,46.2400,1.799602
_10728_,VPWR,li1,355.5800,57.1200,1.799616
_10727_,VPWR,li1,349.6000,57.1200,1.799635
_10726_,VPWR,li1,347.9900,46.2400,1.799617
_10725_,VPWR,li1,347.5300,51.6800,1.799685
_10724_,VPWR,li1,344.3100,51.6800,1.799703
_10723_,VPWR,li1,339.0200,51.6800,1.799745
_10722_,VPWR,li1,342.4700,51.6800,1.799718
_10721_,VPWR,li1,318.7800,51.6800,1.799782
_10720_,VPWR,li1,324.3000,51.6800,1.799809
_10719_,VPWR,li1,322.4600,57.1200,1.799729
_10718_,VPWR,li1,326.8300,51.6800,1.799827
_10717_,VPWR,li1,317.8600,57.1200,1.799693
_10716_,VPWR,li1,309.1200,57.1200,1.799644
_10715_,VPWR,li1,311.4200,57.1200,1.799655
_10714_,VPWR,li1,302.2200,73.4400,1.799646
_10713_,VPWR,li1,310.5000,78.8800,1.799766
_10712_,VPWR,li1,284.2800,73.4400,1.799575
_10711_,VPWR,li1,281.9800,73.4400,1.799567
_10710_,VPWR,li1,268.8700,73.4400,1.799543
_10709_,VPWR,li1,270.0200,78.8800,1.799659
_10708_,VPWR,li1,263.5800,78.8800,1.799659
_10707_,VPWR,li1,261.2800,73.4400,1.799534
_10706_,VPWR,li1,260.3600,89.7600,1.799602
_10705_,VPWR,li1,259.2100,89.7600,1.799602
_10704_,VPWR,li1,219.8800,95.2000,1.799825
_10703_,VPWR,li1,221.9500,95.2000,1.799822
_10702_,VPWR,li1,219.4200,95.2000,1.799825
_10701_,VPWR,li1,217.1200,95.2000,1.799829
_10700_,VPWR,li1,239.6600,95.2000,1.799807
_10699_,VPWR,li1,216.6600,100.6400,1.799864
_10698_,VPWR,li1,218.9600,100.6400,1.799861
_10697_,VPWR,li1,214.8200,100.6400,1.799867
_10696_,VPWR,li1,217.1200,100.6400,1.799864
_10695_,VPWR,li1,235.9800,100.6400,1.799839
_10694_,VPWR,li1,204.2400,106.0800,1.799773
_10693_,VPWR,li1,202.1700,106.0800,1.799770
_10692_,VPWR,li1,201.4800,106.0800,1.799770
_10691_,VPWR,li1,196.6500,106.0800,1.799768
_10690_,VPWR,li1,210.4500,106.0800,1.799777
_10689_,VPWR,li1,209.9900,100.6400,1.799876
_10688_,VPWR,li1,208.3800,106.0800,1.799775
_10687_,VPWR,li1,202.6300,100.6400,1.799890
_10686_,VPWR,li1,201.2500,100.6400,1.799895
_10685_,VPWR,li1,209.9900,100.6400,1.799876
_10684_,VPWR,li1,214.1300,95.2000,1.799832
_10683_,VPWR,li1,212.7500,89.7600,1.799658
_10682_,VPWR,li1,184.6900,89.7600,1.799834
_10681_,VPWR,li1,182.3900,89.7600,1.799852
_10680_,VPWR,li1,182.1600,89.7600,1.799852
_10679_,VPWR,li1,223.7900,95.2000,1.799820
_10678_,VPWR,li1,252.3100,78.8800,1.799664
_10677_,VPWR,li1,246.3300,78.8800,1.799672
_10676_,VPWR,li1,246.1000,84.3200,1.799675
_10675_,VPWR,li1,244.0300,84.3200,1.799671
_10674_,VPWR,li1,237.8200,84.3200,1.799659
_10673_,VPWR,li1,235.5200,84.3200,1.799656
_10672_,VPWR,li1,239.2000,84.3200,1.799659
_10671_,VPWR,li1,241.5000,84.3200,1.799664
_10670_,VPWR,li1,245.6400,84.3200,1.799671
_10669_,VPWR,li1,235.5200,84.3200,1.799656
_10668_,VPWR,li1,239.8900,89.7600,1.799568
_10667_,VPWR,li1,232.7600,89.7600,1.799559
_10666_,VPWR,li1,227.9300,89.7600,1.799579
_10665_,VPWR,li1,158.0100,84.3200,1.799753
_10664_,VPWR,li1,235.7500,89.7600,1.799563
_10663_,VPWR,li1,232.5300,78.8800,1.799688
_10662_,VPWR,li1,228.1600,84.3200,1.799648
_10661_,VPWR,li1,223.7900,78.8800,1.799702
_10660_,VPWR,li1,227.0100,78.8800,1.799696
_10659_,VPWR,li1,234.8300,78.8800,1.799685
_10658_,VPWR,li1,253.0000,78.8800,1.799664
_10657_,VPWR,li1,277.6100,73.4400,1.799557
_10656_,VPWR,li1,277.8400,68.0000,1.799622
_10655_,VPWR,li1,275.0800,68.0000,1.799611
_10654_,VPWR,li1,269.3300,68.0000,1.799586
_10653_,VPWR,li1,272.3200,68.0000,1.799597
_10652_,VPWR,li1,252.3100,62.5600,1.799593
_10651_,VPWR,li1,249.5500,62.5600,1.799590
_10650_,VPWR,li1,244.0300,68.0000,1.799556
_10649_,VPWR,li1,244.2600,62.5600,1.799582
_10648_,VPWR,li1,237.1300,68.0000,1.799571
_10647_,VPWR,li1,235.7500,68.0000,1.799578
_10646_,VPWR,li1,232.7600,73.4400,1.799563
_10645_,VPWR,li1,224.4800,62.5600,1.799557
_10644_,VPWR,li1,227.7000,62.5600,1.799560
_10643_,VPWR,li1,245.4100,57.1200,1.799568
_10642_,VPWR,li1,246.7900,51.6800,1.799740
_10641_,VPWR,li1,248.8600,57.1200,1.799562
_10640_,VPWR,li1,250.9300,51.6800,1.799736
_10639_,VPWR,li1,264.9600,51.6800,1.799722
_10638_,VPWR,li1,253.0000,57.1200,1.799557
_10637_,VPWR,li1,253.4600,51.6800,1.799733
_10636_,VPWR,li1,256.4500,57.1200,1.799554
_10635_,VPWR,li1,264.7300,57.1200,1.799551
_10634_,VPWR,li1,223.3300,57.1200,1.799605
_10633_,VPWR,li1,255.5300,51.6800,1.799731
_10632_,VPWR,li1,242.4200,57.1200,1.799570
_10631_,VPWR,li1,239.4300,57.1200,1.799575
_10630_,VPWR,li1,234.3700,51.6800,1.799759
_10629_,VPWR,li1,241.2700,51.6800,1.799746
_10628_,VPWR,li1,274.1600,68.0000,1.799611
_10627_,VPWR,li1,303.8300,51.6800,1.799744
_10626_,VPWR,li1,306.8200,51.6800,1.799752
_10625_,VPWR,li1,298.3100,51.6800,1.799734
_10624_,VPWR,li1,294.6300,40.8000,1.799244
_10623_,VPWR,li1,292.3300,46.2400,1.799093
_10622_,VPWR,li1,290.2600,40.8000,1.799179
_10621_,VPWR,li1,293.0200,40.8000,1.799208
_10620_,VPWR,li1,294.4000,46.2400,1.799132
_10619_,VPWR,li1,297.6200,40.8000,1.799274
_10618_,VPWR,li1,272.0900,40.8000,1.799002
_10617_,VPWR,li1,264.2700,40.8000,1.798929
_10616_,VPWR,li1,249.0900,35.3600,1.798643
_10615_,VPWR,li1,251.3900,35.3600,1.798642
_10614_,VPWR,li1,250.9300,29.9200,1.795547
_10613_,VPWR,li1,241.7300,35.3600,1.798649
_10612_,VPWR,li1,244.0300,35.3600,1.798647
_10611_,VPWR,li1,239.2000,29.9200,1.795517
_10610_,VPWR,li1,232.5300,35.3600,1.798659
_10609_,VPWR,li1,233.9100,29.9200,1.795502
_10608_,VPWR,li1,235.2900,24.4800,1.791428
_10607_,VPWR,li1,269.7900,51.6800,1.799716
_10606_,VPWR,li1,296.0100,35.3600,1.798972
_10605_,VPWR,li1,296.0100,35.3600,1.798972
_10604_,VPWR,li1,297.8500,35.3600,1.798993
_10603_,VPWR,li1,290.9500,19.0400,1.796692
_10602_,VPWR,li1,286.5800,19.0400,1.796695
_10601_,VPWR,li1,288.8800,19.0400,1.796694
_10600_,VPWR,li1,284.0500,13.6000,1.799469
_10599_,VPWR,li1,286.8100,13.6000,1.799482
_10598_,VPWR,li1,294.4000,13.6000,1.799524
_10597_,VPWR,li1,271.6300,13.6000,1.799406
_10596_,VPWR,li1,269.3300,13.6000,1.799395
_10595_,VPWR,li1,268.8700,13.6000,1.799385
_10594_,VPWR,li1,267.2600,13.6000,1.799385
_10593_,VPWR,li1,263.8100,19.0400,1.796731
_10592_,VPWR,li1,249.5500,13.6000,1.799310
_10591_,VPWR,li1,293.0200,73.4400,1.799603
_10590_,VPWR,li1,307.7400,46.2400,1.799351
_10589_,VPWR,li1,358.3400,51.6800,1.799656
_10588_,VPWR,li1,355.3500,51.6800,1.799662
_10587_,VPWR,li1,359.0300,57.1200,1.799605
_10586_,VPWR,li1,349.6000,51.6800,1.799677
_10585_,VPWR,li1,352.3600,57.1200,1.799624
_10584_,VPWR,li1,347.9900,62.5600,1.799837
_10583_,VPWR,li1,345.2300,51.6800,1.799703
_10582_,VPWR,li1,339.0200,57.1200,1.799708
_10581_,VPWR,li1,342.7000,57.1200,1.799678
_10580_,VPWR,li1,337.1800,62.5600,1.799860
_10579_,VPWR,li1,336.0300,57.1200,1.799734
_10578_,VPWR,li1,318.0900,57.1200,1.799693
_10577_,VPWR,li1,321.7700,57.1200,1.799729
_10576_,VPWR,li1,317.6300,62.5600,1.799835
_10575_,VPWR,li1,311.4200,73.4400,1.799696
_10574_,VPWR,li1,315.7900,57.1200,1.799680
_10573_,VPWR,li1,310.5000,73.4400,1.799696
_10572_,VPWR,li1,303.1400,78.8800,1.799729
_10571_,VPWR,li1,304.7500,73.4400,1.799660
_10570_,VPWR,li1,299.0000,73.4400,1.799626
_10569_,VPWR,li1,299.9200,78.8800,1.799721
_10568_,VPWR,li1,296.2400,78.8800,1.799708
_10567_,VPWR,li1,275.5400,78.8800,1.799666
_10566_,VPWR,li1,269.7900,78.8800,1.799659
_10565_,VPWR,li1,272.5500,89.7600,1.799638
_10564_,VPWR,li1,268.8700,89.7600,1.799630
_10563_,VPWR,li1,271.6300,89.7600,1.799638
_10562_,VPWR,li1,258.0600,95.2000,1.799799
_10561_,VPWR,li1,255.9900,89.7600,1.799595
_10560_,VPWR,li1,255.3000,95.2000,1.799800
_10559_,VPWR,li1,260.3600,95.2000,1.799799
_10558_,VPWR,li1,255.9900,95.2000,1.799799
_10557_,VPWR,li1,260.3600,100.6400,1.799822
_10556_,VPWR,li1,242.8800,95.2000,1.799805
_10555_,VPWR,li1,236.4400,95.2000,1.799809
_10554_,VPWR,li1,235.9800,100.6400,1.799839
_10553_,VPWR,li1,245.1800,95.2000,1.799804
_10552_,VPWR,li1,247.0200,100.6400,1.799830
_10551_,VPWR,li1,233.6800,100.6400,1.799841
_10550_,VPWR,li1,239.8900,106.0800,1.799802
_10549_,VPWR,li1,232.3000,100.6400,1.799844
_10548_,VPWR,li1,228.3900,100.6400,1.799848
_10547_,VPWR,li1,235.2900,106.0800,1.799796
_10546_,VPWR,li1,229.7700,95.2000,1.799814
_10545_,VPWR,li1,229.5400,100.6400,1.799848
_10544_,VPWR,li1,226.5500,100.6400,1.799851
_10543_,VPWR,li1,222.8700,100.6400,1.799856
_10542_,VPWR,li1,232.0700,95.2000,1.799812
_10541_,VPWR,li1,250.4700,89.7600,1.799584
_10540_,VPWR,li1,243.3400,89.7600,1.799571
_10539_,VPWR,li1,248.1700,89.7600,1.799580
_10538_,VPWR,li1,273.0100,78.8800,1.799663
_10537_,VPWR,li1,277.3800,78.8800,1.799670
_10536_,VPWR,li1,272.3200,84.3200,1.799733
_10535_,VPWR,li1,255.9900,78.8800,1.799661
_10534_,VPWR,li1,257.3700,84.3200,1.799696
_10533_,VPWR,li1,255.7600,84.3200,1.799696
_10532_,VPWR,li1,253.6900,84.3200,1.799691
_10531_,VPWR,li1,262.4300,84.3200,1.799709
_10530_,VPWR,li1,249.3200,84.3200,1.799682
_10529_,VPWR,li1,252.7700,84.3200,1.799686
_10528_,VPWR,li1,249.3200,84.3200,1.799682
_10527_,VPWR,li1,245.8700,89.7600,1.799576
_10526_,VPWR,li1,251.3900,84.3200,1.799686
_10525_,VPWR,li1,242.6500,78.8800,1.799675
_10524_,VPWR,li1,235.7500,73.4400,1.799559
_10523_,VPWR,li1,240.5800,78.8800,1.799678
_10522_,VPWR,li1,298.3100,73.4400,1.799626
_10521_,VPWR,li1,293.4800,68.0000,1.799713
_10520_,VPWR,li1,295.7800,73.4400,1.799618
_10519_,VPWR,li1,290.0300,73.4400,1.799592
_10518_,VPWR,li1,278.5300,62.5600,1.799670
_10517_,VPWR,li1,282.9000,62.5600,1.799681
_10516_,VPWR,li1,272.5500,62.5600,1.799649
_10515_,VPWR,li1,274.3900,62.5600,1.799655
_10514_,VPWR,li1,280.1400,62.5600,1.799670
_10513_,VPWR,li1,241.2700,62.5600,1.799577
_10512_,VPWR,li1,231.1500,62.5600,1.799565
_10511_,VPWR,li1,226.5500,57.1200,1.799601
_10510_,VPWR,li1,238.2800,62.5600,1.799574
_10509_,VPWR,li1,273.0100,57.1200,1.799550
_10508_,VPWR,li1,275.5400,51.6800,1.799713
_10507_,VPWR,li1,268.6400,57.1200,1.799551
_10506_,VPWR,li1,270.2500,51.6800,1.799716
_10505_,VPWR,li1,287.0400,51.6800,1.799718
_10504_,VPWR,li1,267.2600,51.6800,1.799719
_10503_,VPWR,li1,267.0300,57.1200,1.799551
_10502_,VPWR,li1,264.5000,57.1200,1.799551
_10501_,VPWR,li1,260.5900,57.1200,1.799553
_10500_,VPWR,li1,268.8700,57.1200,1.799550
_10499_,VPWR,li1,272.0900,51.6800,1.799714
_10498_,VPWR,li1,291.8700,62.5600,1.799720
_10497_,VPWR,li1,323.1500,51.6800,1.799809
_10496_,VPWR,li1,320.3900,51.6800,1.799794
_10495_,VPWR,li1,317.6300,46.2400,1.799534
_10494_,VPWR,li1,313.9500,51.6800,1.799768
_10493_,VPWR,li1,316.2500,51.6800,1.799773
_10492_,VPWR,li1,310.7300,46.2400,1.799411
_10491_,VPWR,li1,311.1900,46.2400,1.799411
_10490_,VPWR,li1,312.1100,40.8000,1.799477
_10489_,VPWR,li1,297.8500,46.2400,1.799163
_10488_,VPWR,li1,279.4500,40.8000,1.799074
_10487_,VPWR,li1,274.3900,40.8000,1.799025
_10486_,VPWR,li1,273.4700,35.3600,1.798737
_10485_,VPWR,li1,275.3100,35.3600,1.798762
_10484_,VPWR,li1,258.2900,35.3600,1.798637
_10483_,VPWR,li1,263.8100,35.3600,1.798651
_10482_,VPWR,li1,255.3000,35.3600,1.798639
_10481_,VPWR,li1,252.3100,35.3600,1.798640
_10480_,VPWR,li1,248.6300,35.3600,1.798643
_10479_,VPWR,li1,313.4900,46.2400,1.799456
_10478_,VPWR,li1,308.8900,40.8000,1.799411
_10477_,VPWR,li1,310.7300,40.8000,1.799477
_10476_,VPWR,li1,298.7700,13.6000,1.799548
_10475_,VPWR,li1,298.3100,13.6000,1.799538
_10474_,VPWR,li1,296.9300,13.6000,1.799538
_10473_,VPWR,li1,296.2400,19.0400,1.796689
_10472_,VPWR,li1,290.9500,13.6000,1.799504
_10471_,VPWR,li1,331.2000,57.1200,1.799770
_10470_,VPWR,li1,356.7300,57.1200,1.799610
_10469_,VPWR,li1,353.9700,73.4400,1.799755
_10468_,VPWR,li1,354.8900,73.4400,1.799750
_10467_,VPWR,li1,348.6800,73.4400,1.799768
_10466_,VPWR,li1,351.2100,73.4400,1.799760
_10465_,VPWR,li1,346.8400,68.0000,1.799896
_10464_,VPWR,li1,350.7500,57.1200,1.799635
_10463_,VPWR,li1,344.5400,73.4400,1.799783
_10462_,VPWR,li1,350.7500,62.5600,1.799836
_10461_,VPWR,li1,348.4500,68.0000,1.799896
_10460_,VPWR,li1,346.6100,73.4400,1.799776
_10459_,VPWR,li1,346.6100,68.0000,1.799896
_10458_,VPWR,li1,337.1800,68.0000,1.799906
_10457_,VPWR,li1,347.0700,62.5600,1.799837
_10456_,VPWR,li1,339.9400,68.0000,1.799902
_10455_,VPWR,li1,343.1600,62.5600,1.799844
_10454_,VPWR,li1,337.1800,68.0000,1.799906
_10453_,VPWR,li1,330.2800,78.8800,1.799878
_10452_,VPWR,li1,335.1100,51.6800,1.799780
_10451_,VPWR,li1,335.3400,46.2400,1.799701
_10450_,VPWR,li1,327.2900,73.4400,1.799840
_10449_,VPWR,li1,321.5400,78.8800,1.799823
_10448_,VPWR,li1,338.5600,62.5600,1.799854
_10447_,VPWR,li1,334.4200,62.5600,1.799870
_10446_,VPWR,li1,336.4900,62.5600,1.799860
_10445_,VPWR,li1,317.6300,73.4400,1.799749
_10444_,VPWR,li1,320.8500,78.8800,1.799823
_10443_,VPWR,li1,318.3200,84.3200,1.799886
_10442_,VPWR,li1,320.6200,84.3200,1.799896
_10441_,VPWR,li1,328.6700,68.0000,1.799920
_10440_,VPWR,li1,325.4500,68.0000,1.799906
_10439_,VPWR,li1,314.1800,84.3200,1.799863
_10438_,VPWR,li1,305.4400,84.3200,1.799830
_10437_,VPWR,li1,316.4800,89.7600,1.799828
_10436_,VPWR,li1,313.9500,78.8800,1.799784
_10435_,VPWR,li1,316.4800,78.8800,1.799797
_10434_,VPWR,li1,306.3600,73.4400,1.799660
_10433_,VPWR,li1,306.8200,78.8800,1.799748
_10432_,VPWR,li1,307.2800,78.8800,1.799748
_10431_,VPWR,li1,307.7400,84.3200,1.799844
_10430_,VPWR,li1,306.8200,89.7600,1.799781
_10429_,VPWR,li1,305.2100,84.3200,1.799830
_10428_,VPWR,li1,303.8300,84.3200,1.799830
_10427_,VPWR,li1,303.6000,89.7600,1.799767
_10426_,VPWR,li1,294.4000,89.7600,1.799727
_10425_,VPWR,li1,291.1800,84.3200,1.799788
_10424_,VPWR,li1,296.0100,78.8800,1.799708
_10423_,VPWR,li1,294.4000,84.3200,1.799798
_10422_,VPWR,li1,292.5600,89.7600,1.799713
_10421_,VPWR,li1,302.4500,78.8800,1.799729
_10420_,VPWR,li1,290.4900,89.7600,1.799705
_10419_,VPWR,li1,291.1800,89.7600,1.799713
_10418_,VPWR,li1,294.8600,95.2000,1.799816
_10417_,VPWR,li1,290.7200,95.2000,1.799813
_10416_,VPWR,li1,288.1900,89.7600,1.799695
_10415_,VPWR,li1,293.0200,95.2000,1.799815
_10414_,VPWR,li1,287.0400,95.2000,1.799809
_10413_,VPWR,li1,275.3100,89.7600,1.799651
_10412_,VPWR,li1,277.6100,89.7600,1.799660
_10411_,VPWR,li1,271.4000,95.2000,1.799801
_10410_,VPWR,li1,277.3800,95.2000,1.799803
_10409_,VPWR,li1,273.9300,95.2000,1.799802
_10408_,VPWR,li1,281.0600,95.2000,1.799806
_10407_,VPWR,li1,285.8900,95.2000,1.799809
_10406_,VPWR,li1,277.3800,106.0800,1.799850
_10405_,VPWR,li1,283.1300,95.2000,1.799808
_10404_,VPWR,li1,278.5300,95.2000,1.799805
_10403_,VPWR,li1,274.1600,106.0800,1.799847
_10402_,VPWR,li1,282.6700,100.6400,1.799827
_10401_,VPWR,li1,263.5800,100.6400,1.799822
_10400_,VPWR,li1,264.5000,95.2000,1.799799
_10399_,VPWR,li1,260.8200,100.6400,1.799822
_10398_,VPWR,li1,262.2000,95.2000,1.799799
_10397_,VPWR,li1,272.3200,95.2000,1.799801
_10396_,VPWR,li1,275.0800,95.2000,1.799802
_10395_,VPWR,li1,278.0700,100.6400,1.799825
_10394_,VPWR,li1,271.6300,106.0800,1.799842
_10393_,VPWR,li1,268.1800,95.2000,1.799800
_10392_,VPWR,li1,248.8600,106.0800,1.799813
_10391_,VPWR,li1,251.6200,106.0800,1.799816
_10390_,VPWR,li1,250.4700,100.6400,1.799827
_10389_,VPWR,li1,244.0300,100.6400,1.799832
_10388_,VPWR,li1,253.2300,100.6400,1.799825
_10387_,VPWR,li1,255.9900,100.6400,1.799824
_10386_,VPWR,li1,252.0800,95.2000,1.799801
_10385_,VPWR,li1,248.1700,100.6400,1.799828
_10384_,VPWR,li1,292.7900,78.8800,1.799700
_10383_,VPWR,li1,288.1900,78.8800,1.799691
_10382_,VPWR,li1,290.4900,78.8800,1.799696
_10381_,VPWR,li1,301.9900,84.3200,1.799822
_10380_,VPWR,li1,296.9300,84.3200,1.799806
_10379_,VPWR,li1,282.6700,78.8800,1.799680
_10378_,VPWR,li1,279.9100,78.8800,1.799674
_10377_,VPWR,li1,278.0700,84.3200,1.799750
_10376_,VPWR,li1,275.3100,84.3200,1.799740
_10375_,VPWR,li1,281.2900,84.3200,1.799759
_10374_,VPWR,li1,284.2800,84.3200,1.799768
_10373_,VPWR,li1,281.2900,89.7600,1.799674
_10372_,VPWR,li1,299.2300,84.3200,1.799814
_10371_,VPWR,li1,284.5100,89.7600,1.799686
_10370_,VPWR,li1,269.3300,84.3200,1.799728
_10369_,VPWR,li1,265.4200,84.3200,1.799717
_10368_,VPWR,li1,265.1900,84.3200,1.799717
_10367_,VPWR,li1,261.5100,84.3200,1.799709
_10366_,VPWR,li1,271.6300,84.3200,1.799733
_10365_,VPWR,li1,284.9700,78.8800,1.799684
_10364_,VPWR,li1,312.1100,68.0000,1.799824
_10363_,VPWR,li1,309.5800,62.5600,1.799803
_10362_,VPWR,li1,312.3400,62.5600,1.799816
_10361_,VPWR,li1,306.8200,62.5600,1.799788
_10360_,VPWR,li1,295.0900,62.5600,1.799737
_10359_,VPWR,li1,290.9500,62.5600,1.799720
_10358_,VPWR,li1,288.6500,68.0000,1.799691
_10357_,VPWR,li1,282.9000,62.5600,1.799681
_10356_,VPWR,li1,265.1900,62.5600,1.799625
_10355_,VPWR,li1,270.2500,62.5600,1.799641
_10354_,VPWR,li1,295.5500,57.1200,1.799599
_10353_,VPWR,li1,294.6300,57.1200,1.799592
_10352_,VPWR,li1,297.8500,57.1200,1.799606
_10351_,VPWR,li1,294.6300,51.6800,1.799728
_10350_,VPWR,li1,291.1800,51.6800,1.799723
_10349_,VPWR,li1,287.7300,51.6800,1.799721
_10348_,VPWR,li1,290.4900,51.6800,1.799723
_10347_,VPWR,li1,333.2700,57.1200,1.799750
_10346_,VPWR,li1,332.8100,57.1200,1.799750
_10345_,VPWR,li1,334.6500,57.1200,1.799734
_10344_,VPWR,li1,333.0400,51.6800,1.799805
_10343_,VPWR,li1,333.2700,46.2400,1.799714
_10342_,VPWR,li1,328.2100,57.1200,1.799796
_10341_,VPWR,li1,330.5100,57.1200,1.799770
_10340_,VPWR,li1,325.4500,46.2400,1.799668
_10339_,VPWR,li1,323.6100,40.8000,1.799724
_10338_,VPWR,li1,321.7700,46.2400,1.799588
_10337_,VPWR,li1,320.8500,40.8000,1.799671
_10336_,VPWR,li1,332.8100,40.8000,1.799804
_10335_,VPWR,li1,332.8100,35.3600,1.799542
_10334_,VPWR,li1,329.3600,35.3600,1.799581
_10333_,VPWR,li1,319.4700,40.8000,1.799622
_10332_,VPWR,li1,321.7700,40.8000,1.799671
_10331_,VPWR,li1,319.9300,40.8000,1.799622
_10330_,VPWR,li1,331.6600,35.3600,1.799542
_10329_,VPWR,li1,324.9900,35.3600,1.799478
_10328_,VPWR,li1,316.7100,35.3600,1.799304
_10327_,VPWR,li1,313.0300,35.3600,1.799225
_10326_,VPWR,li1,318.0900,35.3600,1.799304
_10325_,VPWR,li1,323.3800,29.9200,1.798798
_10324_,VPWR,li1,320.3900,29.9200,1.798559
_10323_,VPWR,li1,326.8300,29.9200,1.798963
_10322_,VPWR,li1,317.1700,29.9200,1.798302
_10321_,VPWR,li1,272.5500,35.3600,1.798737
_10320_,VPWR,li1,274.6200,29.9200,1.795900
_10319_,VPWR,li1,278.7600,35.3600,1.798793
_10318_,VPWR,li1,274.1600,29.9200,1.795839
_10317_,VPWR,li1,278.0700,29.9200,1.796003
_10316_,VPWR,li1,325.4500,40.8000,1.799760
_10315_,VPWR,li1,318.5500,46.2400,1.799534
_10314_,VPWR,li1,328.6700,46.2400,1.799707
_10313_,VPWR,li1,324.9900,46.2400,1.799668
_10312_,VPWR,li1,324.5300,62.5600,1.799881
_10311_,VPWR,li1,309.8100,62.5600,1.799803
_10310_,VPWR,li1,308.4300,68.0000,1.799803
_10309_,VPWR,li1,307.9700,62.5600,1.799788
_10308_,VPWR,li1,303.8300,62.5600,1.799776
_10307_,VPWR,li1,301.3000,62.5600,1.799758
_10306_,VPWR,li1,286.8100,62.5600,1.799703
_10305_,VPWR,li1,287.0400,62.5600,1.799703
_10304_,VPWR,li1,284.0500,57.1200,1.799563
_10303_,VPWR,li1,284.9700,62.5600,1.799694
_10302_,VPWR,li1,289.1100,62.5600,1.799712
_10301_,VPWR,li1,302.4500,57.1200,1.799618
_10300_,VPWR,li1,293.2500,57.1200,1.799592
_10299_,VPWR,li1,288.6500,57.1200,1.799579
_10298_,VPWR,li1,299.9200,57.1200,1.799612
_10297_,VPWR,li1,355.8100,78.8800,1.799775
_10296_,VPWR,li1,356.2700,78.8800,1.799775
_10295_,VPWR,li1,350.0600,78.8800,1.799791
_10294_,VPWR,li1,345.9200,78.8800,1.799806
_10293_,VPWR,li1,345.0000,78.8800,1.799814
_10292_,VPWR,li1,344.7700,73.4400,1.799783
_10291_,VPWR,li1,341.5500,73.4400,1.799796
_10290_,VPWR,li1,339.7100,73.4400,1.799805
_10289_,VPWR,li1,340.1700,46.2400,1.799674
_10288_,VPWR,li1,342.0100,40.8000,1.799804
_10287_,VPWR,li1,339.2500,40.8000,1.799804
_10286_,VPWR,li1,339.7100,35.3600,1.799423
_10285_,VPWR,li1,337.6400,35.3600,1.799460
_10284_,VPWR,li1,334.6500,35.3600,1.799498
_10283_,VPWR,li1,334.6500,29.9200,1.799143
_10282_,VPWR,li1,334.6500,35.3600,1.799498
_10281_,VPWR,li1,331.4300,29.9200,1.799148
_10280_,VPWR,li1,334.6500,73.4400,1.799827
_10279_,VPWR,li1,337.4100,73.4400,1.799814
_10278_,VPWR,li1,328.6700,78.8800,1.799878
_10277_,VPWR,li1,326.8300,78.8800,1.799860
_10276_,VPWR,li1,323.6100,68.0000,1.799894
_10275_,VPWR,li1,323.1500,68.0000,1.799883
_10274_,VPWR,li1,317.6300,68.0000,1.799855
_10273_,VPWR,li1,286.8100,68.0000,1.799676
_10272_,VPWR,li1,317.1700,68.0000,1.799855
_10271_,VPWR,li1,299.6900,62.5600,1.799758
_10270_,VPWR,li1,321.3100,68.0000,1.799872
_10269_,VPWR,li1,324.5300,84.3200,1.799913
_10268_,VPWR,li1,329.1300,84.3200,1.799932
_10267_,VPWR,li1,324.3000,89.7600,1.799869
_10266_,VPWR,li1,317.1700,89.7600,1.799828
_10265_,VPWR,li1,314.4100,89.7600,1.799816
_10264_,VPWR,li1,309.3500,89.7600,1.799793
_10263_,VPWR,li1,312.3400,89.7600,1.799806
_10262_,VPWR,li1,312.1100,89.7600,1.799806
_10261_,VPWR,li1,313.0300,95.2000,1.799836
_10260_,VPWR,li1,303.8300,95.2000,1.799825
_10259_,VPWR,li1,300.6100,89.7600,1.799753
_10258_,VPWR,li1,306.1300,95.2000,1.799827
_10257_,VPWR,li1,296.9300,95.2000,1.799818
_10256_,VPWR,li1,294.1700,100.6400,1.799836
_10255_,VPWR,li1,290.9500,100.6400,1.799834
_10254_,VPWR,li1,289.8000,100.6400,1.799833
_10253_,VPWR,li1,285.8900,100.6400,1.799829
_10252_,VPWR,li1,279.4500,100.6400,1.799825
_10251_,VPWR,li1,288.1900,100.6400,1.799831
_10250_,VPWR,li1,354.8900,84.3200,1.799897
_10249_,VPWR,li1,352.1300,84.3200,1.799899
_10248_,VPWR,li1,354.8900,78.8800,1.799775
_10247_,VPWR,li1,350.2900,84.3200,1.799900
_10246_,VPWR,li1,347.5300,78.8800,1.799806
_10245_,VPWR,li1,344.0800,78.8800,1.799814
_10244_,VPWR,li1,342.0100,78.8800,1.799822
_10243_,VPWR,li1,336.9500,40.8000,1.799804
_10242_,VPWR,li1,341.5500,46.2400,1.799657
_10241_,VPWR,li1,336.9500,46.2400,1.799688
_10240_,VPWR,li1,339.2500,78.8800,1.799833
_10239_,VPWR,li1,338.3300,84.3200,1.799918
_10238_,VPWR,li1,335.8000,84.3200,1.799923
_10237_,VPWR,li1,331.8900,73.4400,1.799844
_10236_,VPWR,li1,331.2000,73.4400,1.799844
_10235_,VPWR,li1,329.1300,73.4400,1.799856
_10234_,VPWR,li1,307.0500,68.0000,1.799790
_10233_,VPWR,li1,304.7500,68.0000,1.799773
_10232_,VPWR,li1,319.9300,68.0000,1.799872
_10231_,VPWR,li1,331.4300,84.3200,1.799927
_10230_,VPWR,li1,322.4600,89.7600,1.799856
_10229_,VPWR,li1,326.3700,89.7600,1.799882
_10228_,VPWR,li1,324.0700,89.7600,1.799869
_10227_,VPWR,li1,320.8500,89.7600,1.799842
_10226_,VPWR,li1,319.4700,95.2000,1.799865
_10225_,VPWR,li1,307.5100,95.2000,1.799827
_10224_,VPWR,li1,321.7700,89.7600,1.799856
_10223_,VPWR,li1,301.0700,100.6400,1.799845
_10222_,VPWR,li1,293.2500,100.6400,1.799836
_10221_,VPWR,li1,293.9400,95.2000,1.799815
_10220_,VPWR,li1,344.3100,84.3200,1.799908
_10219_,VPWR,li1,339.0200,84.3200,1.799916
_10218_,VPWR,li1,342.0100,84.3200,1.799911
_10217_,VPWR,li1,340.1700,84.3200,1.799916
_10216_,VPWR,li1,334.8800,84.3200,1.799923
_10215_,VPWR,li1,337.1800,84.3200,1.799918
_10214_,VPWR,li1,319.4700,73.4400,1.799771
_10213_,VPWR,li1,327.2900,89.7600,1.799882
_10212_,VPWR,li1,332.8100,84.3200,1.799927
_10211_,VPWR,li1,330.5100,89.7600,1.799885
_10210_,VPWR,li1,362.7100,340.0000,1.799683
_10209_,VPWR,li1,128.1100,383.5200,1.797302
_10208_,VPWR,li1,122.1300,378.0800,1.795945
_10207_,VPWR,li1,83.9500,378.0800,1.797331
_10206_,VPWR,li1,79.3500,372.6400,1.797610
_10205_,VPWR,li1,73.3700,372.6400,1.797781
_10204_,VPWR,li1,69.6900,372.6400,1.797907
_10203_,VPWR,li1,65.5500,372.6400,1.798050
_10202_,VPWR,li1,71.9900,378.0800,1.797722
_10201_,VPWR,li1,71.7600,361.7600,1.799282
_10200_,VPWR,li1,60.7200,350.8800,1.799826
_10199_,VPWR,li1,71.3000,372.6400,1.797907
_10198_,VPWR,li1,59.5700,361.7600,1.799356
_10197_,VPWR,li1,59.1100,356.3200,1.799665
_10196_,VPWR,li1,52.2100,356.3200,1.799707
_10195_,VPWR,li1,47.1500,340.0000,1.799788
_10194_,VPWR,li1,46.6900,329.1200,1.799854
_10193_,VPWR,li1,73.1400,350.8800,1.799815
_10192_,VPWR,li1,46.2300,340.0000,1.799788
_10191_,VPWR,li1,49.6800,329.1200,1.799845
_10190_,VPWR,li1,58.6500,356.3200,1.799675
_10189_,VPWR,li1,55.4300,356.3200,1.799688
_10188_,VPWR,li1,67.8500,356.3200,1.799629
_10187_,VPWR,li1,84.6400,356.3200,1.799567
_10186_,VPWR,li1,53.1300,318.2400,1.799784
_10185_,VPWR,li1,46.2300,318.2400,1.799815
_10184_,VPWR,li1,49.9100,318.2400,1.799804
_10183_,VPWR,li1,59.5700,318.2400,1.799758
_10182_,VPWR,li1,58.4200,345.4400,1.799704
_10181_,VPWR,li1,65.7800,361.7600,1.799306
_10180_,VPWR,li1,81.4200,372.6400,1.797561
_10179_,VPWR,li1,123.2800,378.0800,1.795894
_10178_,VPWR,li1,138.2300,378.0800,1.795915
_10177_,VPWR,li1,141.2200,378.0800,1.796084
_10176_,VPWR,li1,140.0700,383.5200,1.797086
_10175_,VPWR,li1,139.6100,383.5200,1.797098
_10174_,VPWR,li1,132.7100,378.0800,1.795855
_10173_,VPWR,li1,136.6200,378.0800,1.795915
_10172_,VPWR,li1,139.1500,378.0800,1.796002
_10171_,VPWR,li1,137.5400,372.6400,1.797248
_10170_,VPWR,li1,125.8100,378.0800,1.795857
_10169_,VPWR,li1,125.3500,378.0800,1.795857
_10168_,VPWR,li1,120.2900,372.6400,1.797182
_10167_,VPWR,li1,125.3500,372.6400,1.797156
_10166_,VPWR,li1,126.0400,372.6400,1.797156
_10165_,VPWR,li1,83.9500,372.6400,1.797513
_10164_,VPWR,li1,87.1700,372.6400,1.797492
_10163_,VPWR,li1,86.9400,378.0800,1.797204
_10162_,VPWR,li1,89.0100,378.0800,1.797095
_10161_,VPWR,li1,99.3600,367.2000,1.797710
_10160_,VPWR,li1,80.2700,367.2000,1.798008
_10159_,VPWR,li1,84.6400,367.2000,1.797930
_10158_,VPWR,li1,102.1200,367.2000,1.797684
_10157_,VPWR,li1,71.9900,367.2000,1.798207
_10156_,VPWR,li1,69.2300,367.2000,1.798285
_10155_,VPWR,li1,66.0100,367.2000,1.798382
_10154_,VPWR,li1,72.2200,367.2000,1.798207
_10153_,VPWR,li1,69.2300,361.7600,1.799294
_10152_,VPWR,li1,71.7600,361.7600,1.799282
_10151_,VPWR,li1,74.7500,361.7600,1.799266
_10150_,VPWR,li1,75.2100,361.7600,1.799257
_10149_,VPWR,li1,77.2800,361.7600,1.799248
_10148_,VPWR,li1,76.1300,356.3200,1.799597
_10147_,VPWR,li1,84.6400,350.8800,1.799804
_10146_,VPWR,li1,72.9100,356.3200,1.799609
_10145_,VPWR,li1,75.2100,350.8800,1.799811
_10144_,VPWR,li1,80.7300,356.3200,1.799580
_10143_,VPWR,li1,82.1100,350.8800,1.799806
_10142_,VPWR,li1,78.4300,356.3200,1.799589
_10141_,VPWR,li1,79.1200,345.4400,1.799639
_10140_,VPWR,li1,86.0200,378.0800,1.797204
_10139_,VPWR,li1,86.0200,383.5200,1.798251
_10138_,VPWR,li1,71.9900,345.4400,1.799643
_10137_,VPWR,li1,95.6800,367.2000,1.797774
_10136_,VPWR,li1,62.7900,361.7600,1.799336
_10135_,VPWR,li1,62.7900,361.7600,1.799336
_10134_,VPWR,li1,62.3300,367.2000,1.798482
_10133_,VPWR,li1,67.1600,345.4400,1.799654
_10132_,VPWR,li1,60.0300,350.8800,1.799826
_10131_,VPWR,li1,59.1100,345.4400,1.799694
_10130_,VPWR,li1,60.9500,345.4400,1.799684
_10129_,VPWR,li1,55.4300,345.4400,1.799717
_10128_,VPWR,li1,53.5900,340.0000,1.799750
_10127_,VPWR,li1,50.8300,340.0000,1.799772
_10126_,VPWR,li1,71.5300,334.5600,1.799781
_10125_,VPWR,li1,73.3700,334.5600,1.799776
_10124_,VPWR,li1,74.2900,334.5600,1.799776
_10123_,VPWR,li1,80.2700,329.1200,1.799794
_10122_,VPWR,li1,59.3400,329.1200,1.799813
_10121_,VPWR,li1,63.2500,340.0000,1.799710
_10120_,VPWR,li1,59.1100,334.5600,1.799805
_10119_,VPWR,li1,62.1000,334.5600,1.799797
_10118_,VPWR,li1,58.4200,323.6800,1.799848
_10117_,VPWR,li1,47.1500,334.5600,1.799848
_10116_,VPWR,li1,49.4500,334.5600,1.799839
_10115_,VPWR,li1,43.9300,329.1200,1.799870
_10114_,VPWR,li1,51.7500,329.1200,1.799838
_10113_,VPWR,li1,46.2300,329.1200,1.799854
_10112_,VPWR,li1,48.9900,329.1200,1.799845
_10111_,VPWR,li1,46.2300,307.3600,1.799915
_10110_,VPWR,li1,41.6300,329.1200,1.799878
_10109_,VPWR,li1,48.7600,318.2400,1.799804
_10108_,VPWR,li1,43.0100,318.2400,1.799839
_10107_,VPWR,li1,42.5500,318.2400,1.799839
_10106_,VPWR,li1,144.2100,383.5200,1.797168
_10105_,VPWR,li1,200.7900,383.5200,1.795704
_10104_,VPWR,li1,145.1300,378.0800,1.796199
_10103_,VPWR,li1,144.6700,372.6400,1.797377
_10102_,VPWR,li1,143.7500,378.0800,1.796199
_10101_,VPWR,li1,166.9800,372.6400,1.798386
_10100_,VPWR,li1,140.5300,372.6400,1.797307
_10099_,VPWR,li1,143.5200,372.6400,1.797377
_10098_,VPWR,li1,138.6900,367.2000,1.797691
_10097_,VPWR,li1,138.2300,372.6400,1.797248
_10096_,VPWR,li1,153.1800,367.2000,1.797944
_10095_,VPWR,li1,129.9500,372.6400,1.797171
_10094_,VPWR,li1,125.3500,367.2000,1.797571
_10093_,VPWR,li1,128.1100,367.2000,1.797584
_10092_,VPWR,li1,131.5600,367.2000,1.797607
_10091_,VPWR,li1,104.6500,367.2000,1.797654
_10090_,VPWR,li1,101.4300,367.2000,1.797684
_10089_,VPWR,li1,98.2100,367.2000,1.797742
_10088_,VPWR,li1,98.6700,372.6400,1.797388
_10087_,VPWR,li1,93.1500,367.2000,1.797812
_10086_,VPWR,li1,92.2300,367.2000,1.797812
_10085_,VPWR,li1,93.1500,361.7600,1.799178
_10084_,VPWR,li1,116.3800,361.7600,1.799102
_10083_,VPWR,li1,90.8500,361.7600,1.799190
_10082_,VPWR,li1,93.6100,361.7600,1.799178
_10081_,VPWR,li1,91.3100,356.3200,1.799548
_10080_,VPWR,li1,91.7700,356.3200,1.799548
_10079_,VPWR,li1,93.8400,356.3200,1.799538
_10078_,VPWR,li1,88.5500,356.3200,1.799554
_10077_,VPWR,li1,84.4100,356.3200,1.799567
_10076_,VPWR,li1,86.7100,356.3200,1.799561
_10075_,VPWR,li1,84.6400,345.4400,1.799638
_10074_,VPWR,li1,87.1700,350.8800,1.799801
_10073_,VPWR,li1,109.9400,350.8800,1.799794
_10072_,VPWR,li1,92.2300,378.0800,1.796994
_10071_,VPWR,li1,94.5300,378.0800,1.796894
_10070_,VPWR,li1,90.3900,378.0800,1.797095
_10069_,VPWR,li1,89.0100,383.5200,1.798182
_10068_,VPWR,li1,89.2400,378.0800,1.797095
_10067_,VPWR,li1,93.8400,383.5200,1.798071
_10066_,VPWR,li1,91.7700,378.0800,1.796994
_10065_,VPWR,li1,89.9300,383.5200,1.798182
_10064_,VPWR,li1,91.3100,383.5200,1.798129
_10063_,VPWR,li1,98.2100,383.5200,1.797970
_10062_,VPWR,li1,102.5800,345.4400,1.799648
_10061_,VPWR,li1,112.7000,367.2000,1.797614
_10060_,VPWR,li1,100.0500,361.7600,1.799150
_10059_,VPWR,li1,101.6600,361.7600,1.799150
_10058_,VPWR,li1,103.9600,356.3200,1.799519
_10057_,VPWR,li1,70.1500,345.4400,1.799646
_10056_,VPWR,li1,74.7500,345.4400,1.799640
_10055_,VPWR,li1,75.9000,340.0000,1.799650
_10054_,VPWR,li1,73.6000,340.0000,1.799658
_10053_,VPWR,li1,69.2300,340.0000,1.799675
_10052_,VPWR,li1,71.5300,340.0000,1.799666
_10051_,VPWR,li1,66.4700,340.0000,1.799687
_10050_,VPWR,li1,64.6300,340.0000,1.799696
_10049_,VPWR,li1,65.0900,334.5600,1.799793
_10048_,VPWR,li1,67.8500,334.5600,1.799785
_10047_,VPWR,li1,91.5400,334.5600,1.799753
_10046_,VPWR,li1,68.3100,334.5600,1.799785
_10045_,VPWR,li1,86.4800,329.1200,1.799793
_10044_,VPWR,li1,72.4500,329.1200,1.799797
_10043_,VPWR,li1,77.9700,334.5600,1.799769
_10042_,VPWR,li1,81.1900,334.5600,1.799764
_10041_,VPWR,li1,84.4100,329.1200,1.799793
_10040_,VPWR,li1,84.1800,334.5600,1.799762
_10039_,VPWR,li1,77.2800,323.6800,1.799800
_10038_,VPWR,li1,80.2700,345.4400,1.799639
_10037_,VPWR,li1,84.8700,345.4400,1.799638
_10036_,VPWR,li1,74.9800,323.6800,1.799805
_10035_,VPWR,li1,66.4700,329.1200,1.799802
_10034_,VPWR,li1,69.2300,329.1200,1.799799
_10033_,VPWR,li1,73.6000,312.8000,1.799741
_10032_,VPWR,li1,60.4900,329.1200,1.799813
_10031_,VPWR,li1,57.2700,329.1200,1.799820
_10030_,VPWR,li1,54.0500,329.1200,1.799828
_10029_,VPWR,li1,55.2000,323.6800,1.799854
_10028_,VPWR,li1,58.8800,307.3600,1.799889
_10027_,VPWR,li1,66.0100,318.2400,1.799733
_10026_,VPWR,li1,60.0300,323.6800,1.799842
_10025_,VPWR,li1,57.2700,323.6800,1.799848
_10024_,VPWR,li1,59.1100,323.6800,1.799842
_10023_,VPWR,li1,59.3400,318.2400,1.799758
_10022_,VPWR,li1,45.7700,318.2400,1.799824
_10021_,VPWR,li1,46.6900,323.6800,1.799880
_10020_,VPWR,li1,43.0100,307.3600,1.799919
_10019_,VPWR,li1,46.0000,307.3600,1.799915
_10018_,VPWR,li1,49.2200,307.3600,1.799906
_10017_,VPWR,li1,51.2900,307.3600,1.799902
_10016_,VPWR,li1,50.8300,307.3600,1.799906
_10015_,VPWR,li1,48.7600,307.3600,1.799910
_10014_,VPWR,li1,52.2100,307.3600,1.799902
_10013_,VPWR,li1,47.3800,301.9200,1.799879
_10012_,VPWR,li1,49.9100,301.9200,1.799872
_10011_,VPWR,li1,122.5900,372.6400,1.797169
_10010_,VPWR,li1,123.0500,372.6400,1.797169
_10009_,VPWR,li1,115.4600,372.6400,1.797219
_10008_,VPWR,li1,123.7400,367.2000,1.797571
_10007_,VPWR,li1,199.8700,383.5200,1.795704
_10006_,VPWR,li1,205.8500,383.5200,1.795366
_10005_,VPWR,li1,203.7800,383.5200,1.795468
_10004_,VPWR,li1,201.0200,378.0800,1.796608
_10003_,VPWR,li1,202.8600,378.0800,1.796477
_10002_,VPWR,li1,169.5100,378.0800,1.797857
_10001_,VPWR,li1,168.5900,372.6400,1.798529
_10000_,VPWR,li1,167.6700,372.6400,1.798386
_09999_,VPWR,li1,169.7400,372.6400,1.798529
_09998_,VPWR,li1,158.4700,372.6400,1.798008
_09997_,VPWR,li1,156.4000,367.2000,1.798009
_09996_,VPWR,li1,153.4100,367.2000,1.797944
_09995_,VPWR,li1,152.0300,367.2000,1.797896
_09994_,VPWR,li1,155.0200,361.7600,1.799184
_09993_,VPWR,li1,135.0100,367.2000,1.797625
_09992_,VPWR,li1,129.9500,361.7600,1.799076
_09991_,VPWR,li1,132.2500,361.7600,1.799084
_09990_,VPWR,li1,129.7200,340.0000,1.799507
_09989_,VPWR,li1,101.4300,356.3200,1.799521
_09988_,VPWR,li1,100.0500,345.4400,1.799643
_09987_,VPWR,li1,98.2100,340.0000,1.799574
_09986_,VPWR,li1,99.3600,345.4400,1.799643
_09985_,VPWR,li1,94.9900,345.4400,1.799640
_09984_,VPWR,li1,97.2900,345.4400,1.799641
_09983_,VPWR,li1,93.6100,345.4400,1.799639
_09982_,VPWR,li1,97.7500,340.0000,1.799574
_09981_,VPWR,li1,94.9900,340.0000,1.799589
_09980_,VPWR,li1,103.9600,334.5600,1.799741
_09979_,VPWR,li1,93.1500,334.5600,1.799750
_09978_,VPWR,li1,88.0900,334.5600,1.799755
_09977_,VPWR,li1,90.3900,329.1200,1.799793
_09976_,VPWR,li1,89.4700,329.1200,1.799793
_09975_,VPWR,li1,92.2300,329.1200,1.799794
_09974_,VPWR,li1,86.7100,323.6800,1.799785
_09973_,VPWR,li1,86.4800,329.1200,1.799793
_09972_,VPWR,li1,85.1000,318.2400,1.799692
_09971_,VPWR,li1,99.3600,334.5600,1.799745
_09970_,VPWR,li1,90.8500,345.4400,1.799638
_09969_,VPWR,li1,90.6200,345.4400,1.799638
_09968_,VPWR,li1,87.6300,345.4400,1.799638
_09967_,VPWR,li1,92.6900,345.4400,1.799639
_09966_,VPWR,li1,82.1100,345.4400,1.799638
_09965_,VPWR,li1,87.4000,345.4400,1.799638
_09964_,VPWR,li1,84.4100,340.0000,1.799620
_09963_,VPWR,li1,95.6800,312.8000,1.799687
_09962_,VPWR,li1,113.6200,340.0000,1.799531
_09961_,VPWR,li1,99.1300,356.3200,1.799525
_09960_,VPWR,li1,99.5900,350.8800,1.799793
_09959_,VPWR,li1,101.4300,350.8800,1.799792
_09958_,VPWR,li1,102.8100,350.8800,1.799792
_09957_,VPWR,li1,98.9000,312.8000,1.799677
_09956_,VPWR,li1,75.2100,318.2400,1.799705
_09955_,VPWR,li1,71.9900,318.2400,1.799714
_09954_,VPWR,li1,71.9900,323.6800,1.799811
_09953_,VPWR,li1,75.2100,318.2400,1.799705
_09952_,VPWR,li1,69.4600,318.2400,1.799724
_09951_,VPWR,li1,79.3500,318.2400,1.799699
_09950_,VPWR,li1,78.6600,318.2400,1.799702
_09949_,VPWR,li1,69.0000,307.3600,1.799872
_09948_,VPWR,li1,86.9400,312.8000,1.799710
_09947_,VPWR,li1,70.6100,312.8000,1.799753
_09946_,VPWR,li1,71.5300,312.8000,1.799753
_09945_,VPWR,li1,75.4400,301.9200,1.799805
_09944_,VPWR,li1,61.4100,312.8000,1.799786
_09943_,VPWR,li1,59.1100,312.8000,1.799796
_09942_,VPWR,li1,55.4300,307.3600,1.799897
_09941_,VPWR,li1,56.3500,307.3600,1.799892
_09940_,VPWR,li1,52.2100,301.9200,1.799863
_09939_,VPWR,li1,52.6700,301.9200,1.799863
_09938_,VPWR,li1,49.4500,296.4800,1.799880
_09937_,VPWR,li1,52.9000,296.4800,1.799869
_09936_,VPWR,li1,47.1500,296.4800,1.799887
_09935_,VPWR,li1,56.1200,296.4800,1.799863
_09934_,VPWR,li1,61.1800,307.3600,1.799884
_09933_,VPWR,li1,62.3300,318.2400,1.799747
_09932_,VPWR,li1,75.2100,291.0400,1.799921
_09931_,VPWR,li1,68.7700,296.4800,1.799840
_09930_,VPWR,li1,130.4100,361.7600,1.799076
_09929_,VPWR,li1,127.4200,361.7600,1.799080
_09928_,VPWR,li1,123.9700,361.7600,1.799082
_09927_,VPWR,li1,115.6900,367.2000,1.797601
_09926_,VPWR,li1,118.4500,367.2000,1.797590
_09925_,VPWR,li1,115.6900,361.7600,1.799102
_09924_,VPWR,li1,117.5300,361.7600,1.799098
_09923_,VPWR,li1,136.6200,356.3200,1.799550
_09922_,VPWR,li1,113.3900,361.7600,1.799113
_09921_,VPWR,li1,111.5500,356.3200,1.799522
_09920_,VPWR,li1,114.3100,356.3200,1.799524
_09919_,VPWR,li1,111.0900,356.3200,1.799522
_09918_,VPWR,li1,107.8700,356.3200,1.799521
_09917_,VPWR,li1,114.7700,356.3200,1.799524
_09916_,VPWR,li1,107.6400,345.4400,1.799658
_09915_,VPWR,li1,114.0800,350.8800,1.799795
_09914_,VPWR,li1,121.4400,356.3200,1.799531
_09913_,VPWR,li1,111.0900,372.6400,1.797258
_09912_,VPWR,li1,106.4900,378.0800,1.796462
_09911_,VPWR,li1,109.4800,378.0800,1.796396
_09910_,VPWR,li1,110.8600,378.0800,1.796306
_09909_,VPWR,li1,99.1300,383.5200,1.797970
_09908_,VPWR,li1,97.2900,378.0800,1.796794
_09907_,VPWR,li1,103.5000,378.0800,1.796570
_09906_,VPWR,li1,99.8200,378.0800,1.796703
_09905_,VPWR,li1,102.1200,383.5200,1.797902
_09904_,VPWR,li1,124.6600,334.5600,1.799735
_09903_,VPWR,li1,147.2000,361.7600,1.799145
_09902_,VPWR,li1,150.8800,367.2000,1.797896
_09901_,VPWR,li1,154.3300,372.6400,1.797834
_09900_,VPWR,li1,150.8800,372.6400,1.797700
_09899_,VPWR,li1,157.3200,378.0800,1.797091
_09898_,VPWR,li1,272.3200,383.5200,1.793059
_09897_,VPWR,li1,280.3700,383.5200,1.792952
_09896_,VPWR,li1,278.0700,378.0800,1.794479
_09895_,VPWR,li1,275.7700,378.0800,1.794516
_09894_,VPWR,li1,277.3800,378.0800,1.794491
_09893_,VPWR,li1,280.6000,378.0800,1.794534
_09892_,VPWR,li1,306.5900,378.0800,1.796173
_09891_,VPWR,li1,301.0700,383.5200,1.794507
_09890_,VPWR,li1,299.2300,383.5200,1.794263
_09889_,VPWR,li1,220.1100,378.0800,1.795624
_09888_,VPWR,li1,213.6700,378.0800,1.795886
_09887_,VPWR,li1,210.9100,378.0800,1.796060
_09886_,VPWR,li1,221.7200,372.6400,1.798183
_09885_,VPWR,li1,205.8500,378.0800,1.796275
_09884_,VPWR,li1,203.5500,378.0800,1.796477
_09883_,VPWR,li1,200.7900,372.6400,1.798342
_09882_,VPWR,li1,203.5500,372.6400,1.798307
_09881_,VPWR,li1,209.3000,367.2000,1.796277
_09880_,VPWR,li1,173.1900,372.6400,1.798792
_09879_,VPWR,li1,170.8900,372.6400,1.798673
_09878_,VPWR,li1,169.5100,367.2000,1.798437
_09877_,VPWR,li1,171.1200,367.2000,1.798537
_09876_,VPWR,li1,168.8200,367.2000,1.798437
_09875_,VPWR,li1,162.1500,361.7600,1.799258
_09874_,VPWR,li1,151.5700,356.3200,1.799578
_09873_,VPWR,li1,154.3300,356.3200,1.799597
_09872_,VPWR,li1,153.6400,334.5600,1.799742
_09871_,VPWR,li1,131.3300,340.0000,1.799509
_09870_,VPWR,li1,126.7300,312.8000,1.799666
_09869_,VPWR,li1,123.9700,312.8000,1.799664
_09868_,VPWR,li1,130.6400,312.8000,1.799674
_09867_,VPWR,li1,100.9700,312.8000,1.799674
_09866_,VPWR,li1,94.0700,318.2400,1.799684
_09865_,VPWR,li1,92.6900,312.8000,1.799693
_09864_,VPWR,li1,91.7700,318.2400,1.799687
_09863_,VPWR,li1,88.5500,318.2400,1.799689
_09862_,VPWR,li1,83.9500,318.2400,1.799694
_09861_,VPWR,li1,86.2500,318.2400,1.799692
_09860_,VPWR,li1,88.0900,318.2400,1.799689
_09859_,VPWR,li1,90.1600,318.2400,1.799687
_09858_,VPWR,li1,81.1900,318.2400,1.799696
_09857_,VPWR,li1,92.0000,307.3600,1.799849
_09856_,VPWR,li1,98.4400,318.2400,1.799682
_09855_,VPWR,li1,95.9100,307.3600,1.799847
_09854_,VPWR,li1,98.2100,307.3600,1.799846
_09853_,VPWR,li1,94.7600,301.9200,1.799771
_09852_,VPWR,li1,77.9700,307.3600,1.799859
_09851_,VPWR,li1,72.4500,307.3600,1.799866
_09850_,VPWR,li1,67.3900,301.9200,1.799823
_09849_,VPWR,li1,69.6900,301.9200,1.799818
_09848_,VPWR,li1,64.1700,301.9200,1.799830
_09847_,VPWR,li1,64.1700,307.3600,1.799881
_09846_,VPWR,li1,60.9500,301.9200,1.799838
_09845_,VPWR,li1,64.4000,301.9200,1.799830
_09844_,VPWR,li1,58.6500,301.9200,1.799844
_09843_,VPWR,li1,62.5600,296.4800,1.799848
_09842_,VPWR,li1,80.0400,301.9200,1.799796
_09841_,VPWR,li1,75.2100,296.4800,1.799831
_09840_,VPWR,li1,77.9700,296.4800,1.799828
_09839_,VPWR,li1,76.3600,296.4800,1.799831
_09838_,VPWR,li1,73.3700,296.4800,1.799833
_09837_,VPWR,li1,65.5500,291.0400,1.799930
_09836_,VPWR,li1,71.0700,291.0400,1.799925
_09835_,VPWR,li1,126.2700,340.0000,1.799508
_09834_,VPWR,li1,119.8300,340.0000,1.799517
_09833_,VPWR,li1,123.2800,340.0000,1.799514
_09832_,VPWR,li1,116.6100,340.0000,1.799523
_09831_,VPWR,li1,113.8500,334.5600,1.799736
_09830_,VPWR,li1,113.8500,334.5600,1.799736
_09829_,VPWR,li1,116.6100,334.5600,1.799736
_09828_,VPWR,li1,129.7200,334.5600,1.799735
_09827_,VPWR,li1,109.7100,334.5600,1.799738
_09826_,VPWR,li1,106.4900,334.5600,1.799739
_09825_,VPWR,li1,110.4000,329.1200,1.799798
_09824_,VPWR,li1,103.2700,329.1200,1.799796
_09823_,VPWR,li1,100.0500,329.1200,1.799795
_09822_,VPWR,li1,101.8900,334.5600,1.799743
_09821_,VPWR,li1,101.2000,329.1200,1.799795
_09820_,VPWR,li1,105.1100,318.2400,1.799681
_09819_,VPWR,li1,118.6800,329.1200,1.799801
_09818_,VPWR,li1,113.3900,345.4400,1.799670
_09817_,VPWR,li1,111.0900,345.4400,1.799664
_09816_,VPWR,li1,117.0700,345.4400,1.799675
_09815_,VPWR,li1,113.8500,345.4400,1.799670
_09814_,VPWR,li1,105.1100,345.4400,1.799653
_09813_,VPWR,li1,108.3300,345.4400,1.799658
_09812_,VPWR,li1,120.7500,345.4400,1.799683
_09811_,VPWR,li1,119.1400,345.4400,1.799683
_09810_,VPWR,li1,118.2200,323.6800,1.799755
_09809_,VPWR,li1,137.5400,340.0000,1.799533
_09808_,VPWR,li1,155.7100,367.2000,1.798009
_09807_,VPWR,li1,158.7000,367.2000,1.798107
_09806_,VPWR,li1,149.2700,367.2000,1.797863
_09805_,VPWR,li1,149.7300,361.7600,1.799155
_09804_,VPWR,li1,144.6700,361.7600,1.799134
_09803_,VPWR,li1,142.3700,361.7600,1.799120
_09802_,VPWR,li1,145.1300,361.7600,1.799134
_09801_,VPWR,li1,161.4600,356.3200,1.799650
_09800_,VPWR,li1,139.1500,356.3200,1.799554
_09799_,VPWR,li1,134.5500,356.3200,1.799547
_09798_,VPWR,li1,137.3100,356.3200,1.799550
_09797_,VPWR,li1,126.2700,356.3200,1.799537
_09796_,VPWR,li1,119.8300,356.3200,1.799531
_09795_,VPWR,li1,123.0500,356.3200,1.799532
_09794_,VPWR,li1,124.6600,350.8800,1.799799
_09793_,VPWR,li1,138.0000,350.8800,1.799809
_09792_,VPWR,li1,148.5800,356.3200,1.799570
_09791_,VPWR,li1,154.3300,378.0800,1.796916
_09790_,VPWR,li1,155.2500,378.0800,1.796916
_09789_,VPWR,li1,158.7000,383.5200,1.797746
_09788_,VPWR,li1,156.4000,383.5200,1.797641
_09787_,VPWR,li1,113.3900,383.5200,1.797626
_09786_,VPWR,li1,110.6300,383.5200,1.797688
_09785_,VPWR,li1,107.4100,383.5200,1.797776
_09784_,VPWR,li1,104.6500,383.5200,1.797823
_09783_,VPWR,li1,102.3500,383.5200,1.797902
_09782_,VPWR,li1,113.8500,383.5200,1.797626
_09781_,VPWR,li1,116.1500,378.0800,1.796142
_09780_,VPWR,li1,113.6200,378.0800,1.796207
_09779_,VPWR,li1,112.7000,372.6400,1.797258
_09778_,VPWR,li1,149.5000,340.0000,1.799585
_09777_,VPWR,li1,169.7400,361.7600,1.799340
_09776_,VPWR,li1,176.1800,372.6400,1.798993
_09775_,VPWR,li1,182.8500,372.6400,1.798828
_09774_,VPWR,li1,179.4000,372.6400,1.798889
_09773_,VPWR,li1,179.4000,378.0800,1.798241
_09772_,VPWR,li1,284.9700,383.5200,1.793066
_09771_,VPWR,li1,291.1800,383.5200,1.793481
_09770_,VPWR,li1,281.2900,378.0800,1.794534
_09769_,VPWR,li1,227.9300,372.6400,1.798182
_09768_,VPWR,li1,221.4900,367.2000,1.795839
_09767_,VPWR,li1,225.1700,367.2000,1.795823
_09766_,VPWR,li1,230.6900,367.2000,1.795793
_09765_,VPWR,li1,215.0500,367.2000,1.796010
_09764_,VPWR,li1,209.9900,367.2000,1.796277
_09763_,VPWR,li1,209.5300,372.6400,1.798267
_09762_,VPWR,li1,211.8300,361.7600,1.798387
_09761_,VPWR,li1,186.9900,367.2000,1.797752
_09760_,VPWR,li1,183.7700,361.7600,1.799159
_09759_,VPWR,li1,179.6300,361.7600,1.799301
_09758_,VPWR,li1,174.5700,361.7600,1.799412
_09757_,VPWR,li1,181.2400,329.1200,1.799813
_09756_,VPWR,li1,157.0900,340.0000,1.799637
_09755_,VPWR,li1,152.9500,323.6800,1.799752
_09754_,VPWR,li1,148.8100,323.6800,1.799750
_09753_,VPWR,li1,150.8800,318.2400,1.799747
_09752_,VPWR,li1,131.3300,318.2400,1.799692
_09751_,VPWR,li1,125.8100,301.9200,1.799766
_09750_,VPWR,li1,124.8900,307.3600,1.799847
_09749_,VPWR,li1,120.9800,296.4800,1.799824
_09748_,VPWR,li1,99.1300,301.9200,1.799766
_09747_,VPWR,li1,94.0700,301.9200,1.799774
_09746_,VPWR,li1,88.5500,301.9200,1.799782
_09745_,VPWR,li1,89.7000,301.9200,1.799779
_09744_,VPWR,li1,84.4100,307.3600,1.799855
_09743_,VPWR,li1,81.1900,307.3600,1.799856
_09742_,VPWR,li1,81.1900,307.3600,1.799856
_09741_,VPWR,li1,102.3500,301.9200,1.799765
_09740_,VPWR,li1,82.1100,301.9200,1.799793
_09739_,VPWR,li1,87.1700,296.4800,1.799821
_09738_,VPWR,li1,104.6500,307.3600,1.799846
_09737_,VPWR,li1,94.0700,296.4800,1.799817
_09736_,VPWR,li1,98.2100,296.4800,1.799817
_09735_,VPWR,li1,94.7600,291.0400,1.799911
_09734_,VPWR,li1,80.7300,296.4800,1.799825
_09733_,VPWR,li1,70.1500,291.0400,1.799925
_09732_,VPWR,li1,68.3100,291.0400,1.799927
_09731_,VPWR,li1,62.5600,291.0400,1.799933
_09730_,VPWR,li1,59.8000,291.0400,1.799936
_09729_,VPWR,li1,60.0300,291.0400,1.799936
_09728_,VPWR,li1,119.3700,318.2400,1.799681
_09727_,VPWR,li1,112.9300,323.6800,1.799759
_09726_,VPWR,li1,115.9200,323.6800,1.799757
_09725_,VPWR,li1,102.3500,318.2400,1.799681
_09724_,VPWR,li1,99.1300,323.6800,1.799772
_09723_,VPWR,li1,105.8000,323.6800,1.799765
_09722_,VPWR,li1,101.6600,323.6800,1.799769
_09721_,VPWR,li1,109.4800,323.6800,1.799762
_09720_,VPWR,li1,103.2700,323.6800,1.799767
_09719_,VPWR,li1,98.6700,318.2400,1.799682
_09718_,VPWR,li1,111.0900,312.8000,1.799669
_09717_,VPWR,li1,114.5400,301.9200,1.799763
_09716_,VPWR,li1,119.1400,318.2400,1.799681
_09715_,VPWR,li1,151.1100,340.0000,1.799585
_09714_,VPWR,li1,145.5900,340.0000,1.799565
_09713_,VPWR,li1,147.6600,334.5600,1.799739
_09712_,VPWR,li1,140.9900,340.0000,1.799546
_09711_,VPWR,li1,138.2300,334.5600,1.799735
_09710_,VPWR,li1,138.2300,334.5600,1.799735
_09709_,VPWR,li1,140.9900,334.5600,1.799736
_09708_,VPWR,li1,149.0400,329.1200,1.799826
_09707_,VPWR,li1,132.2500,334.5600,1.799734
_09706_,VPWR,li1,128.5700,329.1200,1.799808
_09705_,VPWR,li1,131.5600,329.1200,1.799810
_09704_,VPWR,li1,123.5100,329.1200,1.799804
_09703_,VPWR,li1,119.8300,329.1200,1.799802
_09702_,VPWR,li1,121.2100,329.1200,1.799802
_09701_,VPWR,li1,123.2800,329.1200,1.799803
_09700_,VPWR,li1,131.3300,323.6800,1.799751
_09699_,VPWR,li1,138.4600,329.1200,1.799816
_09698_,VPWR,li1,136.3900,345.4400,1.799727
_09697_,VPWR,li1,135.2400,350.8800,1.799805
_09696_,VPWR,li1,135.4700,350.8800,1.799805
_09695_,VPWR,li1,128.5700,345.4400,1.799707
_09694_,VPWR,li1,140.5300,345.4400,1.799739
_09693_,VPWR,li1,140.0700,350.8800,1.799811
_09692_,VPWR,li1,142.8300,345.4400,1.799746
_09691_,VPWR,li1,132.2500,350.8800,1.799803
_09690_,VPWR,li1,146.5100,350.8800,1.799816
_09689_,VPWR,li1,127.1900,350.8800,1.799800
_09688_,VPWR,li1,125.8100,345.4400,1.799700
_09687_,VPWR,li1,124.4300,345.4400,1.799695
_09686_,VPWR,li1,144.4400,312.8000,1.799718
_09685_,VPWR,li1,164.4500,334.5600,1.799769
_09684_,VPWR,li1,181.0100,367.2000,1.798352
_09683_,VPWR,li1,183.0800,367.2000,1.798060
_09682_,VPWR,li1,179.1700,361.7600,1.799301
_09681_,VPWR,li1,179.4000,367.2000,1.798352
_09680_,VPWR,li1,175.0300,367.2000,1.798713
_09679_,VPWR,li1,168.1300,361.7600,1.799340
_09678_,VPWR,li1,170.8900,361.7600,1.799379
_09677_,VPWR,li1,189.5200,356.3200,1.799544
_09676_,VPWR,li1,163.9900,356.3200,1.799670
_09675_,VPWR,li1,160.3100,356.3200,1.799636
_09674_,VPWR,li1,163.0700,356.3200,1.799650
_09673_,VPWR,li1,154.7900,356.3200,1.799597
_09672_,VPWR,li1,149.2700,350.8800,1.799821
_09671_,VPWR,li1,151.5700,350.8800,1.799824
_09670_,VPWR,li1,152.7200,350.8800,1.799824
_09669_,VPWR,li1,158.7000,345.4400,1.799792
_09668_,VPWR,li1,168.8200,356.3200,1.799706
_09667_,VPWR,li1,178.7100,378.0800,1.798241
_09666_,VPWR,li1,181.0100,378.0800,1.798042
_09665_,VPWR,li1,184.4600,383.5200,1.797459
_09664_,VPWR,li1,182.1600,383.5200,1.797692
_09663_,VPWR,li1,163.9900,383.5200,1.797967
_09662_,VPWR,li1,161.2300,383.5200,1.797851
_09661_,VPWR,li1,166.2900,383.5200,1.798064
_09660_,VPWR,li1,167.9000,378.0800,1.797857
_09659_,VPWR,li1,158.9300,378.0800,1.797235
_09658_,VPWR,li1,164.2200,378.0800,1.797601
_09657_,VPWR,li1,162.1500,383.5200,1.797851
_09656_,VPWR,li1,157.5500,383.5200,1.797641
_09655_,VPWR,li1,170.8900,388.9600,1.799897
_09654_,VPWR,li1,122.1300,383.5200,1.797433
_09653_,VPWR,li1,124.4300,383.5200,1.797382
_09652_,VPWR,li1,118.4500,383.5200,1.797514
_09651_,VPWR,li1,179.8600,334.5600,1.799740
_09650_,VPWR,li1,193.6600,367.2000,1.797305
_09649_,VPWR,li1,210.9100,367.2000,1.796277
_09648_,VPWR,li1,205.3900,367.2000,1.796532
_09647_,VPWR,li1,207.4600,367.2000,1.796397
_09646_,VPWR,li1,192.0500,372.6400,1.798562
_09645_,VPWR,li1,264.5000,372.6400,1.798212
_09644_,VPWR,li1,297.8500,378.0800,1.795521
_09643_,VPWR,li1,294.4000,383.5200,1.793639
_09642_,VPWR,li1,296.7000,383.5200,1.793999
_09641_,VPWR,li1,304.0600,372.6400,1.798743
_09640_,VPWR,li1,304.2900,378.0800,1.795999
_09639_,VPWR,li1,288.1900,383.5200,1.793174
_09638_,VPWR,li1,287.9600,367.2000,1.797171
_09637_,VPWR,li1,267.4900,372.6400,1.798263
_09636_,VPWR,li1,265.1900,367.2000,1.796355
_09635_,VPWR,li1,267.4900,367.2000,1.796451
_09634_,VPWR,li1,264.5000,361.7600,1.798104
_09633_,VPWR,li1,233.9100,367.2000,1.795803
_09632_,VPWR,li1,229.7700,361.7600,1.798135
_09631_,VPWR,li1,232.0700,361.7600,1.798126
_09630_,VPWR,li1,230.9200,356.3200,1.799008
_09629_,VPWR,li1,215.0500,361.7600,1.798328
_09628_,VPWR,li1,215.0500,334.5600,1.799447
_09627_,VPWR,li1,210.2200,334.5600,1.799473
_09626_,VPWR,li1,210.2200,323.6800,1.799530
_09625_,VPWR,li1,186.0700,334.5600,1.799667
_09624_,VPWR,li1,180.5500,323.6800,1.799776
_09623_,VPWR,li1,179.1700,318.2400,1.799851
_09622_,VPWR,li1,181.7000,312.8000,1.799840
_09621_,VPWR,li1,155.2500,318.2400,1.799761
_09620_,VPWR,li1,150.6500,307.3600,1.799858
_09619_,VPWR,li1,150.1900,301.9200,1.799824
_09618_,VPWR,li1,150.8800,296.4800,1.799865
_09617_,VPWR,li1,124.8900,301.9200,1.799766
_09616_,VPWR,li1,117.9900,291.0400,1.799908
_09615_,VPWR,li1,118.2200,296.4800,1.799822
_09614_,VPWR,li1,113.6200,296.4800,1.799820
_09613_,VPWR,li1,90.8500,296.4800,1.799819
_09612_,VPWR,li1,85.3300,291.0400,1.799915
_09611_,VPWR,li1,88.3200,291.0400,1.799914
_09610_,VPWR,li1,86.9400,291.0400,1.799914
_09609_,VPWR,li1,92.0000,291.0400,1.799912
_09608_,VPWR,li1,81.1900,291.0400,1.799918
_09607_,VPWR,li1,78.4300,291.0400,1.799919
_09606_,VPWR,li1,117.9900,301.9200,1.799763
_09605_,VPWR,li1,112.0100,301.9200,1.799762
_09604_,VPWR,li1,111.3200,296.4800,1.799819
_09603_,VPWR,li1,106.9500,301.9200,1.799763
_09602_,VPWR,li1,104.6500,307.3600,1.799846
_09601_,VPWR,li1,108.3300,307.3600,1.799846
_09600_,VPWR,li1,129.9500,301.9200,1.799777
_09599_,VPWR,li1,104.6500,301.9200,1.799764
_09598_,VPWR,li1,112.0100,296.4800,1.799819
_09597_,VPWR,li1,136.8500,301.9200,1.799793
_09596_,VPWR,li1,147.8900,312.8000,1.799730
_09595_,VPWR,li1,141.4500,312.8000,1.799711
_09594_,VPWR,li1,141.6800,312.8000,1.799711
_09593_,VPWR,li1,129.9500,312.8000,1.799674
_09592_,VPWR,li1,116.1500,312.8000,1.799666
_09591_,VPWR,li1,116.6100,312.8000,1.799666
_09590_,VPWR,li1,115.6900,318.2400,1.799681
_09589_,VPWR,li1,113.1600,307.3600,1.799846
_09588_,VPWR,li1,113.3900,312.8000,1.799667
_09587_,VPWR,li1,111.0900,312.8000,1.799669
_09586_,VPWR,li1,119.6000,312.8000,1.799665
_09585_,VPWR,li1,123.9700,323.6800,1.799754
_09584_,VPWR,li1,130.6400,323.6800,1.799751
_09583_,VPWR,li1,126.5000,323.6800,1.799752
_09582_,VPWR,li1,134.3200,323.6800,1.799751
_09581_,VPWR,li1,127.6500,318.2400,1.799689
_09580_,VPWR,li1,143.5200,301.9200,1.799810
_09579_,VPWR,li1,156.6300,312.8000,1.799775
_09578_,VPWR,li1,180.0900,334.5600,1.799740
_09577_,VPWR,li1,175.4900,334.5600,1.799806
_09576_,VPWR,li1,178.0200,329.1200,1.799848
_09575_,VPWR,li1,167.6700,334.5600,1.799777
_09574_,VPWR,li1,164.4500,334.5600,1.799769
_09573_,VPWR,li1,167.2100,334.5600,1.799777
_09572_,VPWR,li1,164.9100,340.0000,1.799729
_09571_,VPWR,li1,166.9800,329.1200,1.799856
_09570_,VPWR,li1,152.4900,329.1200,1.799832
_09569_,VPWR,li1,149.2700,329.1200,1.799826
_09568_,VPWR,li1,152.0300,329.1200,1.799829
_09567_,VPWR,li1,143.2900,329.1200,1.799821
_09566_,VPWR,li1,139.6100,329.1200,1.799817
_09565_,VPWR,li1,140.9900,329.1200,1.799817
_09564_,VPWR,li1,140.3000,323.6800,1.799750
_09563_,VPWR,li1,144.2100,323.6800,1.799750
_09562_,VPWR,li1,155.9400,329.1200,1.799838
_09561_,VPWR,li1,162.1500,345.4400,1.799810
_09560_,VPWR,li1,162.8400,350.8800,1.799839
_09559_,VPWR,li1,168.5900,345.4400,1.799834
_09558_,VPWR,li1,165.1400,345.4400,1.799820
_09557_,VPWR,li1,164.6800,345.4400,1.799820
_09556_,VPWR,li1,161.9200,345.4400,1.799804
_09555_,VPWR,li1,143.0600,350.8800,1.799814
_09554_,VPWR,li1,155.2500,345.4400,1.799786
_09553_,VPWR,li1,176.8700,345.4400,1.799835
_09552_,VPWR,li1,153.4100,345.4400,1.799775
_09551_,VPWR,li1,152.0300,345.4400,1.799775
_09550_,VPWR,li1,148.8100,345.4400,1.799761
_09549_,VPWR,li1,181.2400,312.8000,1.799840
_09548_,VPWR,li1,187.4500,329.1200,1.799768
_09547_,VPWR,li1,208.1500,361.7600,1.798478
_09546_,VPWR,li1,208.1500,361.7600,1.798478
_09545_,VPWR,li1,203.0900,361.7600,1.798612
_09544_,VPWR,li1,205.8500,361.7600,1.798544
_09543_,VPWR,li1,196.6500,367.2000,1.797167
_09542_,VPWR,li1,192.9700,361.7600,1.798895
_09541_,VPWR,li1,195.7300,361.7600,1.798818
_09540_,VPWR,li1,209.3000,350.8800,1.799438
_09539_,VPWR,li1,187.9100,361.7600,1.799040
_09538_,VPWR,li1,182.8500,356.3200,1.799643
_09537_,VPWR,li1,187.4500,356.3200,1.799574
_09536_,VPWR,li1,175.0300,356.3200,1.799762
_09535_,VPWR,li1,172.2700,350.8800,1.799853
_09534_,VPWR,li1,174.5700,350.8800,1.799856
_09533_,VPWR,li1,182.1600,350.8800,1.799759
_09532_,VPWR,li1,171.3500,356.3200,1.799731
_09531_,VPWR,li1,172.7300,356.3200,1.799731
_09530_,VPWR,li1,184.0000,340.0000,1.799816
_09529_,VPWR,li1,192.2800,350.8800,1.799631
_09528_,VPWR,li1,193.8900,372.6400,1.798515
_09527_,VPWR,li1,197.5700,372.6400,1.798423
_09526_,VPWR,li1,195.2700,372.6400,1.798515
_09525_,VPWR,li1,215.2800,378.0800,1.795886
_09524_,VPWR,li1,192.0500,378.0800,1.797266
_09523_,VPWR,li1,189.5200,378.0800,1.797530
_09522_,VPWR,li1,184.4600,378.0800,1.797893
_09521_,VPWR,li1,188.1400,378.0800,1.797530
_09520_,VPWR,li1,191.8200,378.0800,1.797266
_09519_,VPWR,li1,184.2300,383.5200,1.797459
_09518_,VPWR,li1,187.6800,383.5200,1.797253
_09517_,VPWR,li1,196.1900,383.5200,1.796168
_09516_,VPWR,li1,176.4100,383.5200,1.798449
_09515_,VPWR,li1,174.1100,383.5200,1.798354
_09514_,VPWR,li1,174.5700,383.5200,1.798354
_09513_,VPWR,li1,171.3500,383.5200,1.798277
_09512_,VPWR,li1,171.3500,383.5200,1.798277
_09511_,VPWR,li1,117.0700,383.5200,1.797580
_09510_,VPWR,li1,202.4000,323.6800,1.799581
_09509_,VPWR,li1,216.6600,356.3200,1.799157
_09508_,VPWR,li1,229.7700,367.2000,1.795800
_09507_,VPWR,li1,227.9300,367.2000,1.795812
_09506_,VPWR,li1,227.0100,367.2000,1.795812
_09505_,VPWR,li1,229.5400,372.6400,1.798181
_09504_,VPWR,li1,258.5200,372.6400,1.798203
_09503_,VPWR,li1,309.3500,383.5200,1.795645
_09502_,VPWR,li1,316.4800,378.0800,1.797235
_09501_,VPWR,li1,310.2700,378.0800,1.796526
_09500_,VPWR,li1,304.0600,372.6400,1.798743
_09499_,VPWR,li1,309.1200,372.6400,1.798846
_09498_,VPWR,li1,290.9500,367.2000,1.797296
_09497_,VPWR,li1,286.3500,361.7600,1.798416
_09496_,VPWR,li1,290.7200,361.7600,1.798525
_09495_,VPWR,li1,291.1800,350.8800,1.798996
_09494_,VPWR,li1,261.5100,361.7600,1.798087
_09493_,VPWR,li1,260.5900,356.3200,1.798976
_09492_,VPWR,li1,264.2700,356.3200,1.798991
_09491_,VPWR,li1,265.4200,345.4400,1.799082
_09490_,VPWR,li1,233.4500,356.3200,1.798975
_09489_,VPWR,li1,227.9300,350.8800,1.799214
_09488_,VPWR,li1,230.9200,350.8800,1.799192
_09487_,VPWR,li1,228.1600,329.1200,1.799519
_09486_,VPWR,li1,213.6700,323.6800,1.799516
_09485_,VPWR,li1,207.6900,318.2400,1.799675
_09484_,VPWR,li1,210.4500,318.2400,1.799667
_09483_,VPWR,li1,213.9000,312.8000,1.799733
_09482_,VPWR,li1,187.9100,312.8000,1.799807
_09481_,VPWR,li1,179.1700,301.9200,1.799896
_09480_,VPWR,li1,181.9300,301.9200,1.799887
_09479_,VPWR,li1,181.2400,301.9200,1.799887
_09478_,VPWR,li1,154.7900,296.4800,1.799873
_09477_,VPWR,li1,151.5700,296.4800,1.799865
_09476_,VPWR,li1,148.8100,296.4800,1.799861
_09475_,VPWR,li1,147.4300,296.4800,1.799857
_09474_,VPWR,li1,145.8200,296.4800,1.799854
_09473_,VPWR,li1,117.5300,296.4800,1.799822
_09472_,VPWR,li1,122.8200,291.0400,1.799909
_09471_,VPWR,li1,97.2900,291.0400,1.799910
_09470_,VPWR,li1,98.2100,291.0400,1.799910
_09469_,VPWR,li1,100.5100,291.0400,1.799910
_09468_,VPWR,li1,106.9500,296.4800,1.799817
_09467_,VPWR,li1,107.1800,296.4800,1.799817
_09466_,VPWR,li1,105.8000,291.0400,1.799909
_09465_,VPWR,li1,110.4000,291.0400,1.799908
_09464_,VPWR,li1,103.2700,296.4800,1.799817
_09463_,VPWR,li1,149.2700,301.9200,1.799824
_09462_,VPWR,li1,140.5300,301.9200,1.799802
_09461_,VPWR,li1,140.7600,301.9200,1.799802
_09460_,VPWR,li1,136.3900,307.3600,1.799852
_09459_,VPWR,li1,132.7100,307.3600,1.799850
_09458_,VPWR,li1,132.7100,301.9200,1.799782
_09457_,VPWR,li1,159.3900,301.9200,1.799857
_09456_,VPWR,li1,133.6300,301.9200,1.799782
_09455_,VPWR,li1,135.9300,296.4800,1.799841
_09454_,VPWR,li1,158.7000,296.4800,1.799884
_09453_,VPWR,li1,178.7100,312.8000,1.799856
_09452_,VPWR,li1,176.4100,312.8000,1.799877
_09451_,VPWR,li1,176.4100,312.8000,1.799877
_09450_,VPWR,li1,153.4100,312.8000,1.799763
_09449_,VPWR,li1,151.1100,312.8000,1.799752
_09448_,VPWR,li1,153.4100,312.8000,1.799763
_09447_,VPWR,li1,161.6900,312.8000,1.799797
_09446_,VPWR,li1,127.6500,312.8000,1.799666
_09445_,VPWR,li1,121.6700,312.8000,1.799665
_09444_,VPWR,li1,120.2900,312.8000,1.799665
_09443_,VPWR,li1,122.3600,307.3600,1.799847
_09442_,VPWR,li1,120.0600,307.3600,1.799847
_09441_,VPWR,li1,142.8300,318.2400,1.799723
_09440_,VPWR,li1,137.7700,312.8000,1.799696
_09439_,VPWR,li1,138.6900,318.2400,1.799712
_09438_,VPWR,li1,141.4500,318.2400,1.799717
_09437_,VPWR,li1,144.6700,318.2400,1.799729
_09436_,VPWR,li1,179.8600,296.4800,1.799916
_09435_,VPWR,li1,175.4900,318.2400,1.799875
_09434_,VPWR,li1,205.3900,323.6800,1.799564
_09433_,VPWR,li1,200.7900,323.6800,1.799602
_09432_,VPWR,li1,197.3400,323.6800,1.799621
_09431_,VPWR,li1,191.1300,323.6800,1.799676
_09430_,VPWR,li1,187.9100,323.6800,1.799701
_09429_,VPWR,li1,190.4400,329.1200,1.799748
_09428_,VPWR,li1,187.4500,329.1200,1.799768
_09427_,VPWR,li1,187.6800,323.6800,1.799718
_09426_,VPWR,li1,169.9700,323.6800,1.799813
_09425_,VPWR,li1,164.4500,323.6800,1.799788
_09424_,VPWR,li1,167.2100,323.6800,1.799802
_09423_,VPWR,li1,160.3100,329.1200,1.799845
_09422_,VPWR,li1,156.6300,329.1200,1.799838
_09421_,VPWR,li1,158.4700,329.1200,1.799842
_09420_,VPWR,li1,157.3200,323.6800,1.799762
_09419_,VPWR,li1,166.7500,318.2400,1.799823
_09418_,VPWR,li1,171.3500,329.1200,1.799868
_09417_,VPWR,li1,186.9900,345.4400,1.799734
_09416_,VPWR,li1,180.0900,345.4400,1.799812
_09415_,VPWR,li1,182.6200,345.4400,1.799779
_09414_,VPWR,li1,191.1300,345.4400,1.799695
_09413_,VPWR,li1,188.8300,340.0000,1.799800
_09412_,VPWR,li1,171.3500,345.4400,1.799842
_09411_,VPWR,li1,172.2700,345.4400,1.799849
_09410_,VPWR,li1,175.2600,345.4400,1.799858
_09409_,VPWR,li1,174.5700,345.4400,1.799858
_09408_,VPWR,li1,172.2700,340.0000,1.799817
_09407_,VPWR,li1,166.7500,345.4400,1.799827
_09406_,VPWR,li1,168.5900,345.4400,1.799834
_09405_,VPWR,li1,146.5100,340.0000,1.799565
_09404_,VPWR,li1,189.2900,345.4400,1.799712
_09403_,VPWR,li1,193.8900,345.4400,1.799671
_09402_,VPWR,li1,184.6900,350.8800,1.799727
_09401_,VPWR,li1,182.3900,345.4400,1.799779
_09400_,VPWR,li1,179.1700,345.4400,1.799812
_09399_,VPWR,li1,201.0200,318.2400,1.799713
_09398_,VPWR,li1,207.4600,323.6800,1.799547
_09397_,VPWR,li1,229.3100,356.3200,1.799008
_09396_,VPWR,li1,226.5500,356.3200,1.799052
_09395_,VPWR,li1,223.3300,356.3200,1.799072
_09394_,VPWR,li1,223.7900,361.7600,1.798226
_09393_,VPWR,li1,219.6500,356.3200,1.799118
_09392_,VPWR,li1,217.3500,356.3200,1.799157
_09391_,VPWR,li1,221.0300,356.3200,1.799118
_09390_,VPWR,li1,219.6500,356.3200,1.799118
_09389_,VPWR,li1,229.3100,350.8800,1.799214
_09388_,VPWR,li1,211.8300,350.8800,1.799406
_09387_,VPWR,li1,207.6900,350.8800,1.799462
_09386_,VPWR,li1,205.3900,350.8800,1.799490
_09385_,VPWR,li1,195.7300,350.8800,1.799608
_09384_,VPWR,li1,198.7200,350.8800,1.799569
_09383_,VPWR,li1,192.5100,350.8800,1.799631
_09382_,VPWR,li1,191.1300,356.3200,1.799544
_09381_,VPWR,li1,201.4800,356.3200,1.799377
_09380_,VPWR,li1,199.1800,345.4400,1.799634
_09379_,VPWR,li1,196.8800,356.3200,1.799440
_09378_,VPWR,li1,207.0000,340.0000,1.799749
_09377_,VPWR,li1,217.1200,345.4400,1.799458
_09376_,VPWR,li1,232.5300,372.6400,1.798181
_09375_,VPWR,li1,227.9300,378.0800,1.795446
_09374_,VPWR,li1,232.0700,372.6400,1.798181
_09373_,VPWR,li1,232.5300,378.0800,1.795353
_09372_,VPWR,li1,217.8100,378.0800,1.795722
_09371_,VPWR,li1,219.6500,372.6400,1.798196
_09370_,VPWR,li1,217.1200,372.6400,1.798212
_09369_,VPWR,li1,217.1200,372.6400,1.798212
_09368_,VPWR,li1,219.1900,383.5200,1.794889
_09367_,VPWR,li1,220.5700,383.5200,1.794889
_09366_,VPWR,li1,217.3500,383.5200,1.795004
_09365_,VPWR,li1,220.8000,383.5200,1.794889
_09364_,VPWR,li1,213.6700,383.5200,1.795086
_09363_,VPWR,li1,211.3700,383.5200,1.795201
_09362_,VPWR,li1,190.6700,383.5200,1.796736
_09361_,VPWR,li1,194.5800,383.5200,1.796478
_09360_,VPWR,li1,192.9700,383.5200,1.796478
_09359_,VPWR,li1,223.1000,323.6800,1.799507
_09358_,VPWR,li1,243.3400,356.3200,1.798965
_09357_,VPWR,li1,259.6700,367.2000,1.796251
_09356_,VPWR,li1,256.4500,367.2000,1.796205
_09355_,VPWR,li1,260.5900,372.6400,1.798207
_09354_,VPWR,li1,252.0800,372.6400,1.798194
_09353_,VPWR,li1,257.6000,356.3200,1.798970
_09352_,VPWR,li1,312.1100,378.0800,1.796731
_09351_,VPWR,li1,335.1100,372.6400,1.799488
_09350_,VPWR,li1,307.9700,378.0800,1.796173
_09349_,VPWR,li1,310.9600,372.6400,1.798898
_09348_,VPWR,li1,307.0500,372.6400,1.798801
_09347_,VPWR,li1,309.1200,367.2000,1.798274
_09346_,VPWR,li1,306.1300,367.2000,1.798051
_09345_,VPWR,li1,300.3800,350.8800,1.799052
_09344_,VPWR,li1,310.7300,367.2000,1.798274
_09343_,VPWR,li1,304.0600,350.8800,1.799111
_09342_,VPWR,li1,291.6400,350.8800,1.798996
_09341_,VPWR,li1,293.9400,350.8800,1.799014
_09340_,VPWR,li1,285.8900,345.4400,1.799051
_09339_,VPWR,li1,286.5800,345.4400,1.799051
_09338_,VPWR,li1,262.2000,345.4400,1.799101
_09337_,VPWR,li1,268.4100,345.4400,1.799076
_09336_,VPWR,li1,260.3600,329.1200,1.799451
_09335_,VPWR,li1,258.9800,329.1200,1.799451
_09334_,VPWR,li1,231.3800,329.1200,1.799509
_09333_,VPWR,li1,227.7000,323.6800,1.799505
_09332_,VPWR,li1,223.5600,312.8000,1.799724
_09331_,VPWR,li1,220.8000,312.8000,1.799725
_09330_,VPWR,li1,210.2200,312.8000,1.799741
_09329_,VPWR,li1,210.6800,312.8000,1.799741
_09328_,VPWR,li1,209.9900,301.9200,1.799792
_09327_,VPWR,li1,214.3600,301.9200,1.799781
_09326_,VPWR,li1,184.4600,301.9200,1.799877
_09325_,VPWR,li1,182.1600,296.4800,1.799910
_09324_,VPWR,li1,180.7800,296.4800,1.799916
_09323_,VPWR,li1,183.0800,296.4800,1.799910
_09322_,VPWR,li1,184.4600,291.0400,1.799954
_09321_,VPWR,li1,146.2800,291.0400,1.799927
_09320_,VPWR,li1,148.5800,296.4800,1.799861
_09319_,VPWR,li1,143.0600,291.0400,1.799924
_09318_,VPWR,li1,140.7600,291.0400,1.799920
_09317_,VPWR,li1,129.9500,291.0400,1.799912
_09316_,VPWR,li1,126.5000,291.0400,1.799910
_09315_,VPWR,li1,135.9300,291.0400,1.799916
_09314_,VPWR,li1,128.5700,296.4800,1.799834
_09313_,VPWR,li1,139.1500,296.4800,1.799847
_09312_,VPWR,li1,141.4500,296.4800,1.799850
_09311_,VPWR,li1,137.0800,291.0400,1.799918
_09310_,VPWR,li1,131.7900,296.4800,1.799837
_09309_,VPWR,li1,135.0100,296.4800,1.799841
_09308_,VPWR,li1,177.3300,296.4800,1.799924
_09307_,VPWR,li1,175.0300,296.4800,1.799933
_09306_,VPWR,li1,178.0200,296.4800,1.799924
_09305_,VPWR,li1,165.8300,296.4800,1.799905
_09304_,VPWR,li1,162.1500,301.9200,1.799863
_09303_,VPWR,li1,162.1500,296.4800,1.799890
_09302_,VPWR,li1,187.4500,296.4800,1.799899
_09301_,VPWR,li1,170.8900,291.0400,1.799957
_09300_,VPWR,li1,195.7300,291.0400,1.799941
_09299_,VPWR,li1,200.3300,312.8000,1.799769
_09298_,VPWR,li1,198.0300,318.2400,1.799738
_09297_,VPWR,li1,192.2800,312.8000,1.799791
_09296_,VPWR,li1,194.3500,312.8000,1.799785
_09295_,VPWR,li1,172.5000,312.8000,1.799852
_09294_,VPWR,li1,174.8000,312.8000,1.799865
_09293_,VPWR,li1,174.3400,307.3600,1.799894
_09292_,VPWR,li1,168.8200,307.3600,1.799886
_09291_,VPWR,li1,191.1300,307.3600,1.799773
_09290_,VPWR,li1,161.6900,307.3600,1.799871
_09289_,VPWR,li1,164.4500,307.3600,1.799878
_09288_,VPWR,li1,158.4700,307.3600,1.799867
_09287_,VPWR,li1,159.8500,312.8000,1.799787
_09286_,VPWR,li1,124.2000,307.3600,1.799847
_09285_,VPWR,li1,167.2100,318.2400,1.799834
_09284_,VPWR,li1,169.5100,318.2400,1.799847
_09283_,VPWR,li1,165.6000,312.8000,1.799822
_09282_,VPWR,li1,163.5300,318.2400,1.799812
_09281_,VPWR,li1,163.5300,318.2400,1.799812
_09280_,VPWR,li1,199.6400,301.9200,1.799824
_09279_,VPWR,li1,196.4200,312.8000,1.799777
_09278_,VPWR,li1,222.8700,329.1200,1.799542
_09277_,VPWR,li1,219.1900,329.1200,1.799562
_09276_,VPWR,li1,219.8800,323.6800,1.799509
_09275_,VPWR,li1,213.6700,329.1200,1.799595
_09274_,VPWR,li1,213.6700,323.6800,1.799516
_09273_,VPWR,li1,210.2200,323.6800,1.799530
_09272_,VPWR,li1,239.2000,323.6800,1.799514
_09271_,VPWR,li1,190.6700,323.6800,1.799676
_09270_,VPWR,li1,185.1500,323.6800,1.799737
_09269_,VPWR,li1,183.3100,318.2400,1.799818
_09268_,VPWR,li1,175.4900,323.6800,1.799834
_09267_,VPWR,li1,83.0300,329.1200,1.799794
_09266_,VPWR,li1,175.0300,329.1200,1.799876
_09265_,VPWR,li1,177.7900,329.1200,1.799848
_09264_,VPWR,li1,196.8800,329.1200,1.799714
_09263_,VPWR,li1,171.3500,307.3600,1.799891
_09262_,VPWR,li1,230.6900,323.6800,1.799507
_09261_,VPWR,li1,208.1500,340.0000,1.799744
_09260_,VPWR,li1,203.5500,340.0000,1.799756
_09259_,VPWR,li1,204.7000,334.5600,1.799515
_09258_,VPWR,li1,197.8000,329.1200,1.799698
_09257_,VPWR,li1,196.6500,340.0000,1.799776
_09256_,VPWR,li1,194.3500,340.0000,1.799783
_09255_,VPWR,li1,194.1200,340.0000,1.799783
_09254_,VPWR,li1,191.5900,334.5600,1.799618
_09253_,VPWR,li1,192.0500,340.0000,1.799790
_09252_,VPWR,li1,208.6100,340.0000,1.799744
_09251_,VPWR,li1,204.0100,345.4400,1.799581
_09250_,VPWR,li1,208.6100,345.4400,1.799533
_09249_,VPWR,li1,201.0200,340.0000,1.799763
_09248_,VPWR,li1,200.7900,345.4400,1.799605
_09247_,VPWR,li1,197.1100,345.4400,1.799652
_09246_,VPWR,li1,223.1000,318.2400,1.799626
_09245_,VPWR,li1,236.6700,329.1200,1.799494
_09244_,VPWR,li1,260.1300,350.8800,1.799035
_09243_,VPWR,li1,255.5300,350.8800,1.799057
_09242_,VPWR,li1,255.7600,350.8800,1.799057
_09241_,VPWR,li1,246.7900,356.3200,1.798964
_09240_,VPWR,li1,239.8900,356.3200,1.798967
_09239_,VPWR,li1,241.7300,350.8800,1.799136
_09238_,VPWR,li1,249.3200,350.8800,1.799086
_09237_,VPWR,li1,235.7500,350.8800,1.799162
_09236_,VPWR,li1,227.0100,345.4400,1.799373
_09235_,VPWR,li1,229.3100,345.4400,1.799354
_09234_,VPWR,li1,221.0300,345.4400,1.799424
_09233_,VPWR,li1,231.6100,340.0000,1.799695
_09232_,VPWR,li1,217.3500,345.4400,1.799458
_09231_,VPWR,li1,216.8900,350.8800,1.799338
_09230_,VPWR,li1,214.3600,345.4400,1.799482
_09229_,VPWR,li1,206.0800,350.8800,1.799462
_09228_,VPWR,li1,201.9400,350.8800,1.799532
_09227_,VPWR,li1,205.3900,356.3200,1.799319
_09226_,VPWR,li1,201.0200,356.3200,1.799377
_09225_,VPWR,li1,196.6500,356.3200,1.799440
_09224_,VPWR,li1,219.1900,340.0000,1.799720
_09223_,VPWR,li1,230.0000,340.0000,1.799700
_09222_,VPWR,li1,241.9600,345.4400,1.799266
_09221_,VPWR,li1,248.1700,372.6400,1.798188
_09220_,VPWR,li1,247.2500,372.6400,1.798188
_09219_,VPWR,li1,250.0100,372.6400,1.798191
_09218_,VPWR,li1,256.2200,383.5200,1.793597
_09217_,VPWR,li1,238.5100,372.6400,1.798183
_09216_,VPWR,li1,241.5000,378.0800,1.795173
_09215_,VPWR,li1,239.4300,372.6400,1.798184
_09214_,VPWR,li1,233.4500,383.5200,1.794384
_09213_,VPWR,li1,230.6900,383.5200,1.794482
_09212_,VPWR,li1,237.1300,383.5200,1.794256
_09211_,VPWR,li1,226.5500,388.9600,1.799764
_09210_,VPWR,li1,228.8500,383.5200,1.794547
_09209_,VPWR,li1,229.0800,383.5200,1.794547
_09208_,VPWR,li1,226.5500,383.5200,1.794628
_09207_,VPWR,li1,232.0700,383.5200,1.794482
_09206_,VPWR,li1,240.5800,372.6400,1.798184
_09205_,VPWR,li1,243.1100,372.6400,1.798186
_09204_,VPWR,li1,239.6600,378.0800,1.795210
_09203_,VPWR,li1,256.4500,372.6400,1.798198
_09202_,VPWR,li1,258.7500,372.6400,1.798203
_09201_,VPWR,li1,260.5900,372.6400,1.798207
_09200_,VPWR,li1,270.4800,378.0800,1.794593
_09199_,VPWR,li1,250.4700,378.0800,1.795025
_09198_,VPWR,li1,253.4600,329.1200,1.799458
_09197_,VPWR,li1,267.2600,356.3200,1.799032
_09196_,VPWR,li1,284.9700,356.3200,1.799203
_09195_,VPWR,li1,286.8100,356.3200,1.799222
_09194_,VPWR,li1,288.8800,356.3200,1.799245
_09193_,VPWR,li1,287.0400,372.6400,1.798506
_09192_,VPWR,li1,332.8100,378.0800,1.798632
_09191_,VPWR,li1,336.7200,356.3200,1.799734
_09190_,VPWR,li1,333.9600,378.0800,1.798632
_09189_,VPWR,li1,336.0300,378.0800,1.798629
_09188_,VPWR,li1,323.6100,372.6400,1.799289
_09187_,VPWR,li1,321.3100,356.3200,1.799644
_09186_,VPWR,li1,318.3200,350.8800,1.799352
_09185_,VPWR,li1,308.8900,350.8800,1.799185
_09184_,VPWR,li1,306.5900,350.8800,1.799149
_09183_,VPWR,li1,303.8300,345.4400,1.799188
_09182_,VPWR,li1,306.8200,345.4400,1.799228
_09181_,VPWR,li1,311.6500,345.4400,1.799292
_09180_,VPWR,li1,290.9500,345.4400,1.799075
_09179_,VPWR,li1,293.2500,345.4400,1.799092
_09178_,VPWR,li1,285.8900,340.0000,1.799637
_09177_,VPWR,li1,286.1200,340.0000,1.799637
_09176_,VPWR,li1,288.4200,323.6800,1.799588
_09175_,VPWR,li1,265.1900,329.1200,1.799466
_09174_,VPWR,li1,261.5100,329.1200,1.799456
_09173_,VPWR,li1,257.8300,318.2400,1.799596
_09172_,VPWR,li1,260.5900,318.2400,1.799600
_09171_,VPWR,li1,260.8200,318.2400,1.799600
_09170_,VPWR,li1,226.5500,318.2400,1.799615
_09169_,VPWR,li1,224.2500,318.2400,1.799620
_09168_,VPWR,li1,221.4900,307.3600,1.799539
_09167_,VPWR,li1,226.3200,312.8000,1.799724
_09166_,VPWR,li1,226.3200,307.3600,1.799504
_09165_,VPWR,li1,214.1300,307.3600,1.799593
_09164_,VPWR,li1,212.7500,301.9200,1.799788
_09163_,VPWR,li1,215.0500,296.4800,1.799849
_09162_,VPWR,li1,210.2200,296.4800,1.799854
_09161_,VPWR,li1,220.3400,296.4800,1.799844
_09160_,VPWR,li1,191.1300,291.0400,1.799945
_09159_,VPWR,li1,187.9100,291.0400,1.799950
_09158_,VPWR,li1,186.9900,291.0400,1.799950
_09157_,VPWR,li1,220.3400,291.0400,1.799930
_09156_,VPWR,li1,174.1100,291.0400,1.799963
_09155_,VPWR,li1,171.1200,291.0400,1.799960
_09154_,VPWR,li1,166.9800,291.0400,1.799951
_09153_,VPWR,li1,167.2100,291.0400,1.799951
_09152_,VPWR,li1,166.9800,296.4800,1.799905
_09151_,VPWR,li1,205.3900,301.9200,1.799806
_09150_,VPWR,li1,202.4000,301.9200,1.799817
_09149_,VPWR,li1,200.1000,296.4800,1.799870
_09148_,VPWR,li1,202.6300,296.4800,1.799866
_09147_,VPWR,li1,197.1100,291.0400,1.799941
_09146_,VPWR,li1,200.7900,296.4800,1.799870
_09145_,VPWR,li1,194.3500,296.4800,1.799884
_09144_,VPWR,li1,191.5900,296.4800,1.799891
_09143_,VPWR,li1,204.0100,291.0400,1.799937
_09142_,VPWR,li1,220.1100,318.2400,1.799632
_09141_,VPWR,li1,217.3500,312.8000,1.799730
_09140_,VPWR,li1,217.3500,312.8000,1.799730
_09139_,VPWR,li1,197.1100,312.8000,1.799777
_09138_,VPWR,li1,198.0300,312.8000,1.799777
_09137_,VPWR,li1,198.2600,307.3600,1.799720
_09136_,VPWR,li1,196.1900,307.3600,1.799737
_09135_,VPWR,li1,236.4400,307.3600,1.799476
_09134_,VPWR,li1,193.6600,307.3600,1.799753
_09133_,VPWR,li1,190.2100,307.3600,1.799788
_09132_,VPWR,li1,188.3700,301.9200,1.799861
_09131_,VPWR,li1,189.7500,301.9200,1.799861
_09130_,VPWR,li1,191.5900,301.9200,1.799850
_09129_,VPWR,li1,161.6900,296.4800,1.799890
_09128_,VPWR,li1,185.6100,312.8000,1.799818
_09127_,VPWR,li1,170.2000,307.3600,1.799886
_09126_,VPWR,li1,167.6700,307.3600,1.799882
_09125_,VPWR,li1,174.1100,307.3600,1.799894
_09124_,VPWR,li1,172.2700,307.3600,1.799891
_09123_,VPWR,li1,157.5500,307.3600,1.799867
_09122_,VPWR,li1,156.6300,301.9200,1.799849
_09121_,VPWR,li1,221.0300,318.2400,1.799632
_09120_,VPWR,li1,249.0900,312.8000,1.799730
_09119_,VPWR,li1,256.9100,329.1200,1.799454
_09118_,VPWR,li1,252.3100,329.1200,1.799458
_09117_,VPWR,li1,251.8500,334.5600,1.799560
_09116_,VPWR,li1,239.2000,329.1200,1.799487
_09115_,VPWR,li1,241.5000,329.1200,1.799481
_09114_,VPWR,li1,240.5800,329.1200,1.799487
_09113_,VPWR,li1,238.2800,329.1200,1.799494
_09112_,VPWR,li1,246.1000,329.1200,1.799471
_09111_,VPWR,li1,242.8800,329.1200,1.799481
_09110_,VPWR,li1,241.7300,323.6800,1.799518
_09109_,VPWR,li1,233.6800,323.6800,1.799509
_09108_,VPWR,li1,235.7500,323.6800,1.799512
_09107_,VPWR,li1,229.7700,318.2400,1.799614
_09106_,VPWR,li1,232.5300,318.2400,1.799610
_09105_,VPWR,li1,230.2300,318.2400,1.799612
_09104_,VPWR,li1,232.9900,318.2400,1.799610
_09103_,VPWR,li1,238.5100,323.6800,1.799514
_09102_,VPWR,li1,232.9900,334.5600,1.799495
_09101_,VPWR,li1,229.7700,334.5600,1.799480
_09100_,VPWR,li1,230.6900,334.5600,1.799488
_09099_,VPWR,li1,227.4700,334.5600,1.799474
_09098_,VPWR,li1,255.5300,340.0000,1.799657
_09097_,VPWR,li1,202.1700,334.5600,1.799540
_09096_,VPWR,li1,169.0500,329.1200,1.799862
_09095_,VPWR,li1,164.4500,329.1200,1.799852
_09094_,VPWR,li1,200.3300,329.1200,1.799685
_09093_,VPWR,li1,205.8500,329.1200,1.799646
_09092_,VPWR,li1,203.3200,329.1200,1.799662
_09091_,VPWR,li1,199.8700,329.1200,1.799685
_09090_,VPWR,li1,223.3300,334.5600,1.799467
_09089_,VPWR,li1,222.1800,340.0000,1.799715
_09088_,VPWR,li1,219.6500,334.5600,1.799458
_09087_,VPWR,li1,221.9500,334.5600,1.799462
_09086_,VPWR,li1,254.3800,318.2400,1.799597
_09085_,VPWR,li1,265.8800,334.5600,1.799616
_09084_,VPWR,li1,286.8100,350.8800,1.798992
_09083_,VPWR,li1,290.4900,356.3200,1.799245
_09082_,VPWR,li1,280.8300,350.8800,1.798993
_09081_,VPWR,li1,283.5900,350.8800,1.798992
_09080_,VPWR,li1,274.8500,350.8800,1.799001
_09079_,VPWR,li1,269.3300,350.8800,1.799013
_09078_,VPWR,li1,268.8700,356.3200,1.799032
_09077_,VPWR,li1,271.6300,350.8800,1.799008
_09076_,VPWR,li1,273.2400,356.3200,1.799077
_09075_,VPWR,li1,252.3100,350.8800,1.799066
_09074_,VPWR,li1,248.6300,350.8800,1.799086
_09073_,VPWR,li1,251.3900,350.8800,1.799076
_09072_,VPWR,li1,245.8700,345.4400,1.799223
_09071_,VPWR,li1,240.3500,345.4400,1.799266
_09070_,VPWR,li1,234.3700,340.0000,1.799690
_09069_,VPWR,li1,235.2900,345.4400,1.799306
_09068_,VPWR,li1,232.0700,345.4400,1.799332
_09067_,VPWR,li1,242.1900,340.0000,1.799676
_09066_,VPWR,li1,241.2700,361.7600,1.798114
_09065_,VPWR,li1,258.9800,340.0000,1.799654
_09064_,VPWR,li1,284.0500,372.6400,1.798470
_09063_,VPWR,li1,289.1100,372.6400,1.798537
_09062_,VPWR,li1,287.9600,372.6400,1.798506
_09061_,VPWR,li1,290.7200,372.6400,1.798537
_09060_,VPWR,li1,262.8900,383.5200,1.793418
_09059_,VPWR,li1,259.6700,383.5200,1.793535
_09058_,VPWR,li1,255.9900,378.0800,1.794883
_09057_,VPWR,li1,265.4200,383.5200,1.793296
_09056_,VPWR,li1,242.6500,383.5200,1.794119
_09055_,VPWR,li1,239.4300,383.5200,1.794183
_09054_,VPWR,li1,238.9700,388.9600,1.799744
_09053_,VPWR,li1,233.9100,383.5200,1.794384
_09052_,VPWR,li1,241.0400,383.5200,1.794119
_09051_,VPWR,li1,252.7700,383.5200,1.793715
_09050_,VPWR,li1,248.8600,383.5200,1.793857
_09049_,VPWR,li1,248.6300,383.5200,1.793857
_09048_,VPWR,li1,251.8500,383.5200,1.793794
_09047_,VPWR,li1,282.2100,372.6400,1.798433
_09046_,VPWR,li1,274.3900,378.0800,1.794516
_09045_,VPWR,li1,294.1700,378.0800,1.795321
_09044_,VPWR,li1,268.6400,372.6400,1.798264
_09043_,VPWR,li1,267.9500,378.0800,1.794644
_09042_,VPWR,li1,272.0900,378.0800,1.794593
_09041_,VPWR,li1,244.9500,372.6400,1.798187
_09040_,VPWR,li1,277.6100,323.6800,1.799565
_09039_,VPWR,li1,295.3200,361.7600,1.798613
_09038_,VPWR,li1,303.8300,361.7600,1.798912
_09037_,VPWR,li1,303.3700,361.7600,1.798858
_09036_,VPWR,li1,303.6000,356.3200,1.799413
_09035_,VPWR,li1,341.5500,356.3200,1.799726
_09034_,VPWR,li1,352.3600,350.8800,1.799342
_09033_,VPWR,li1,348.6800,350.8800,1.799359
_09032_,VPWR,li1,333.9600,356.3200,1.799745
_09031_,VPWR,li1,335.8000,350.8800,1.799466
_09030_,VPWR,li1,337.6400,356.3200,1.799734
_09029_,VPWR,li1,333.2700,345.4400,1.799636
_09028_,VPWR,li1,333.2700,350.8800,1.799525
_09027_,VPWR,li1,329.5900,350.8800,1.799557
_09026_,VPWR,li1,321.5400,350.8800,1.799432
_09025_,VPWR,li1,320.1600,345.4400,1.799460
_09024_,VPWR,li1,318.3200,345.4400,1.799423
_09023_,VPWR,li1,316.0200,345.4400,1.799381
_09022_,VPWR,li1,316.0200,340.0000,1.799758
_09021_,VPWR,li1,308.2000,323.6800,1.799683
_09020_,VPWR,li1,309.1200,323.6800,1.799683
_09019_,VPWR,li1,291.6400,323.6800,1.799604
_09018_,VPWR,li1,293.9400,323.6800,1.799613
_09017_,VPWR,li1,285.4300,318.2400,1.799663
_09016_,VPWR,li1,289.3400,318.2400,1.799677
_09015_,VPWR,li1,264.0400,318.2400,1.799603
_09014_,VPWR,li1,266.3400,318.2400,1.799613
_09013_,VPWR,li1,259.9000,312.8000,1.799740
_09012_,VPWR,li1,265.1900,301.9200,1.799776
_09011_,VPWR,li1,230.9200,301.9200,1.799759
_09010_,VPWR,li1,228.8500,301.9200,1.799759
_09009_,VPWR,li1,226.3200,301.9200,1.799761
_09008_,VPWR,li1,223.5600,301.9200,1.799763
_09007_,VPWR,li1,243.8000,301.9200,1.799758
_09006_,VPWR,li1,222.6400,296.4800,1.799842
_09005_,VPWR,li1,225.8600,296.4800,1.799841
_09004_,VPWR,li1,223.1000,291.0400,1.799929
_09003_,VPWR,li1,223.1000,296.4800,1.799842
_09002_,VPWR,li1,240.1200,296.4800,1.799840
_09001_,VPWR,li1,222.1800,291.0400,1.799929
_09000_,VPWR,li1,220.1100,291.0400,1.799930
_08999_,VPWR,li1,216.6600,291.0400,1.799931
_08998_,VPWR,li1,214.5900,291.0400,1.799932
_08997_,VPWR,li1,223.7900,291.0400,1.799929
_08996_,VPWR,li1,210.4500,296.4800,1.799854
_08995_,VPWR,li1,206.0800,296.4800,1.799860
_08994_,VPWR,li1,204.0100,296.4800,1.799866
_08993_,VPWR,li1,207.2300,296.4800,1.799860
_08992_,VPWR,li1,207.6900,291.0400,1.799936
_08991_,VPWR,li1,221.4900,307.3600,1.799539
_08990_,VPWR,li1,219.1900,307.3600,1.799556
_08989_,VPWR,li1,209.0700,307.3600,1.799645
_08988_,VPWR,li1,202.1700,307.3600,1.799688
_08987_,VPWR,li1,205.1600,307.3600,1.799663
_08986_,VPWR,li1,229.7700,301.9200,1.799759
_08985_,VPWR,li1,257.3700,318.2400,1.799596
_08984_,VPWR,li1,252.3100,318.2400,1.799598
_08983_,VPWR,li1,253.4600,312.8000,1.799734
_08982_,VPWR,li1,251.3900,312.8000,1.799732
_08981_,VPWR,li1,246.5600,312.8000,1.799729
_08980_,VPWR,li1,244.2600,312.8000,1.799728
_08979_,VPWR,li1,245.6400,312.8000,1.799728
_08978_,VPWR,li1,245.6400,307.3600,1.799468
_08977_,VPWR,li1,268.1800,307.3600,1.799463
_08976_,VPWR,li1,238.2800,312.8000,1.799725
_08975_,VPWR,li1,243.5700,307.3600,1.799469
_08974_,VPWR,li1,240.1200,307.3600,1.799472
_08973_,VPWR,li1,235.2900,307.3600,1.799476
_08972_,VPWR,li1,185.1500,307.3600,1.799821
_08971_,VPWR,li1,239.8900,312.8000,1.799725
_08970_,VPWR,li1,244.9500,318.2400,1.799601
_08969_,VPWR,li1,240.5800,312.8000,1.799726
_08968_,VPWR,li1,241.7300,318.2400,1.799604
_08967_,VPWR,li1,238.5100,318.2400,1.799606
_08966_,VPWR,li1,242.6500,312.8000,1.799727
_08965_,VPWR,li1,267.2600,312.8000,1.799748
_08964_,VPWR,li1,284.5100,323.6800,1.799582
_08963_,VPWR,li1,282.4400,323.6800,1.799577
_08962_,VPWR,li1,279.6800,323.6800,1.799571
_08961_,VPWR,li1,278.0700,323.6800,1.799565
_08960_,VPWR,li1,274.6200,323.6800,1.799562
_08959_,VPWR,li1,268.4100,329.1200,1.799484
_08958_,VPWR,li1,268.4100,329.1200,1.799484
_08957_,VPWR,li1,271.1700,329.1200,1.799500
_08956_,VPWR,li1,267.9500,334.5600,1.799624
_08955_,VPWR,li1,273.2400,329.1200,1.799512
_08954_,VPWR,li1,250.4700,329.1200,1.799462
_08953_,VPWR,li1,243.8000,329.1200,1.799476
_08952_,VPWR,li1,248.6300,329.1200,1.799466
_08951_,VPWR,li1,244.4900,334.5600,1.799534
_08950_,VPWR,li1,241.7300,334.5600,1.799521
_08949_,VPWR,li1,265.1900,340.0000,1.799648
_08948_,VPWR,li1,259.6700,340.0000,1.799652
_08947_,VPWR,li1,274.8500,345.4400,1.799065
_08946_,VPWR,li1,254.1500,334.5600,1.799569
_08945_,VPWR,li1,252.5400,340.0000,1.799660
_08944_,VPWR,li1,255.7600,340.0000,1.799657
_08943_,VPWR,li1,251.3900,334.5600,1.799553
_08942_,VPWR,li1,249.0900,340.0000,1.799666
_08941_,VPWR,li1,223.7900,334.5600,1.799467
_08940_,VPWR,li1,249.5500,340.0000,1.799666
_08939_,VPWR,li1,258.7500,345.4400,1.799126
_08938_,VPWR,li1,256.2200,345.4400,1.799148
_08937_,VPWR,li1,243.5700,345.4400,1.799240
_08936_,VPWR,li1,281.7500,329.1200,1.799561
_08935_,VPWR,li1,310.2700,356.3200,1.799496
_08934_,VPWR,li1,313.2600,356.3200,1.799536
_08933_,VPWR,li1,303.8300,356.3200,1.799413
_08932_,VPWR,li1,297.8500,356.3200,1.799345
_08931_,VPWR,li1,296.0100,356.3200,1.799319
_08930_,VPWR,li1,293.4800,356.3200,1.799295
_08929_,VPWR,li1,293.4800,356.3200,1.799295
_08928_,VPWR,li1,305.4400,361.7600,1.798912
_08927_,VPWR,li1,308.6600,361.7600,1.799057
_08926_,VPWR,li1,277.6100,356.3200,1.799131
_08925_,VPWR,li1,272.0900,356.3200,1.799077
_08924_,VPWR,li1,252.3100,361.7600,1.798097
_08923_,VPWR,li1,254.6100,361.7600,1.798094
_08922_,VPWR,li1,256.9100,361.7600,1.798092
_08921_,VPWR,li1,246.3300,361.7600,1.798105
_08920_,VPWR,li1,244.0300,361.7600,1.798109
_08919_,VPWR,li1,242.4200,367.2000,1.795962
_08918_,VPWR,li1,243.1100,361.7600,1.798109
_08917_,VPWR,li1,239.8900,361.7600,1.798114
_08916_,VPWR,li1,243.1100,383.5200,1.794048
_08915_,VPWR,li1,278.0700,345.4400,1.799061
_08914_,VPWR,li1,300.1500,361.7600,1.798803
_08913_,VPWR,li1,300.1500,361.7600,1.798803
_08912_,VPWR,li1,298.3100,361.7600,1.798728
_08911_,VPWR,li1,295.5500,372.6400,1.798606
_08910_,VPWR,li1,299.9200,372.6400,1.798686
_08909_,VPWR,li1,297.6200,372.6400,1.798654
_08908_,VPWR,li1,294.1700,372.6400,1.798606
_08907_,VPWR,li1,292.3300,372.6400,1.798581
_08906_,VPWR,li1,316.4800,378.0800,1.797235
_08905_,VPWR,li1,268.8700,383.5200,1.793181
_08904_,VPWR,li1,266.5700,383.5200,1.793296
_08903_,VPWR,li1,266.1100,388.9600,1.799738
_08902_,VPWR,li1,268.6400,383.5200,1.793181
_08901_,VPWR,li1,261.5100,383.5200,1.793418
_08900_,VPWR,li1,252.3100,378.0800,1.794956
_08899_,VPWR,li1,301.7600,323.6800,1.799646
_08898_,VPWR,li1,316.9400,361.7600,1.799308
_08897_,VPWR,li1,358.8000,350.8800,1.799323
_08896_,VPWR,li1,358.5700,350.8800,1.799323
_08895_,VPWR,li1,355.3500,350.8800,1.799330
_08894_,VPWR,li1,345.9200,350.8800,1.799378
_08893_,VPWR,li1,349.1400,345.4400,1.799562
_08892_,VPWR,li1,346.3800,345.4400,1.799568
_08891_,VPWR,li1,342.0100,350.8800,1.799421
_08890_,VPWR,li1,336.4900,345.4400,1.799607
_08889_,VPWR,li1,339.2500,345.4400,1.799598
_08888_,VPWR,li1,340.4000,350.8800,1.799421
_08887_,VPWR,li1,329.8200,345.4400,1.799660
_08886_,VPWR,li1,331.6600,345.4400,1.799636
_08885_,VPWR,li1,324.0700,345.4400,1.799539
_08884_,VPWR,li1,319.0100,340.0000,1.799780
_08883_,VPWR,li1,321.0800,350.8800,1.799432
_08882_,VPWR,li1,317.8600,323.6800,1.799758
_08881_,VPWR,li1,326.3700,340.0000,1.799828
_08880_,VPWR,li1,318.3200,323.6800,1.799758
_08879_,VPWR,li1,316.7100,318.2400,1.799817
_08878_,VPWR,li1,313.0300,323.6800,1.799719
_08877_,VPWR,li1,303.1400,323.6800,1.799656
_08876_,VPWR,li1,306.8200,318.2400,1.799759
_08875_,VPWR,li1,307.7400,318.2400,1.799759
_08874_,VPWR,li1,284.2800,318.2400,1.799663
_08873_,VPWR,li1,285.8900,312.8000,1.799774
_08872_,VPWR,li1,279.4500,307.3600,1.799469
_08871_,VPWR,li1,284.9700,307.3600,1.799477
_08870_,VPWR,li1,288.6500,307.3600,1.799481
_08869_,VPWR,li1,257.3700,307.3600,1.799461
_08868_,VPWR,li1,264.7300,307.3600,1.799461
_08867_,VPWR,li1,257.8300,301.9200,1.799766
_08866_,VPWR,li1,261.7400,301.9200,1.799771
_08865_,VPWR,li1,249.5500,301.9200,1.799760
_08864_,VPWR,li1,259.9000,301.9200,1.799768
_08863_,VPWR,li1,247.0200,301.9200,1.799759
_08862_,VPWR,li1,253.9200,301.9200,1.799762
_08861_,VPWR,li1,245.1800,296.4800,1.799843
_08860_,VPWR,li1,248.8600,296.4800,1.799846
_08859_,VPWR,li1,255.7600,296.4800,1.799852
_08858_,VPWR,li1,245.1800,296.4800,1.799843
_08857_,VPWR,li1,244.4900,291.0400,1.799930
_08856_,VPWR,li1,240.1200,291.0400,1.799929
_08855_,VPWR,li1,235.7500,291.0400,1.799929
_08854_,VPWR,li1,241.2700,296.4800,1.799841
_08853_,VPWR,li1,237.5900,301.9200,1.799758
_08852_,VPWR,li1,235.9800,296.4800,1.799840
_08851_,VPWR,li1,229.7700,296.4800,1.799840
_08850_,VPWR,li1,232.9900,296.4800,1.799839
_08849_,VPWR,li1,241.2700,301.9200,1.799758
_08848_,VPWR,li1,252.3100,307.3600,1.799463
_08847_,VPWR,li1,246.1000,307.3600,1.799468
_08846_,VPWR,li1,251.8500,307.3600,1.799464
_08845_,VPWR,li1,278.5300,312.8000,1.799763
_08844_,VPWR,li1,280.1400,318.2400,1.799651
_08843_,VPWR,li1,277.8400,318.2400,1.799643
_08842_,VPWR,li1,269.3300,318.2400,1.799620
_08841_,VPWR,li1,269.3300,312.8000,1.799751
_08840_,VPWR,li1,271.8600,312.8000,1.799754
_08839_,VPWR,li1,269.7900,312.8000,1.799751
_08838_,VPWR,li1,278.0700,301.9200,1.799799
_08837_,VPWR,li1,267.7200,312.8000,1.799748
_08836_,VPWR,li1,272.5500,307.3600,1.799465
_08835_,VPWR,li1,269.1000,307.3600,1.799463
_08834_,VPWR,li1,265.1900,312.8000,1.799745
_08833_,VPWR,li1,270.2500,307.3600,1.799464
_08832_,VPWR,li1,252.3100,318.2400,1.799598
_08831_,VPWR,li1,247.7100,323.6800,1.799524
_08830_,VPWR,li1,250.2400,318.2400,1.799599
_08829_,VPWR,li1,305.2100,323.6800,1.799666
_08828_,VPWR,li1,303.6000,329.1200,1.799698
_08827_,VPWR,li1,306.3600,329.1200,1.799716
_08826_,VPWR,li1,299.6900,329.1200,1.799672
_08825_,VPWR,li1,285.4300,329.1200,1.799579
_08824_,VPWR,li1,284.9700,334.5600,1.799696
_08823_,VPWR,li1,282.2100,334.5600,1.799687
_08822_,VPWR,li1,280.3700,334.5600,1.799671
_08821_,VPWR,li1,270.4800,334.5600,1.799635
_08820_,VPWR,li1,249.0900,334.5600,1.799544
_08819_,VPWR,li1,226.0900,334.5600,1.799474
_08818_,VPWR,li1,219.6500,334.5600,1.799458
_08817_,VPWR,li1,278.5300,340.0000,1.799639
_08816_,VPWR,li1,277.8400,340.0000,1.799639
_08815_,VPWR,li1,274.6200,345.4400,1.799065
_08814_,VPWR,li1,281.2900,340.0000,1.799638
_08813_,VPWR,li1,295.3200,340.0000,1.799675
_08812_,VPWR,li1,272.7800,340.0000,1.799642
_08811_,VPWR,li1,272.7800,345.4400,1.799068
_08810_,VPWR,li1,270.2500,340.0000,1.799643
_08809_,VPWR,li1,270.2500,345.4400,1.799071
_08808_,VPWR,li1,267.9500,340.0000,1.799646
_08807_,VPWR,li1,244.0300,340.0000,1.799673
_08806_,VPWR,li1,300.6100,329.1200,1.799672
_08805_,VPWR,li1,324.5300,356.3200,1.799696
_08804_,VPWR,li1,324.5300,356.3200,1.799696
_08803_,VPWR,li1,329.1300,356.3200,1.799770
_08802_,VPWR,li1,316.7100,350.8800,1.799316
_08801_,VPWR,li1,328.2100,350.8800,1.799589
_08800_,VPWR,li1,317.1700,361.7600,1.799308
_08799_,VPWR,li1,313.0300,361.7600,1.799182
_08798_,VPWR,li1,314.4100,367.2000,1.798488
_08797_,VPWR,li1,308.8900,361.7600,1.799057
_08796_,VPWR,li1,280.3700,361.7600,1.798333
_08795_,VPWR,li1,279.9100,356.3200,1.799153
_08794_,VPWR,li1,277.6100,361.7600,1.798290
_08793_,VPWR,li1,283.5900,367.2000,1.797016
_08792_,VPWR,li1,269.3300,361.7600,1.798165
_08791_,VPWR,li1,267.9500,361.7600,1.798165
_08790_,VPWR,li1,254.8400,367.2000,1.796173
_08789_,VPWR,li1,253.6900,361.7600,1.798097
_08788_,VPWR,li1,250.4700,361.7600,1.798099
_08787_,VPWR,li1,317.1700,367.2000,1.798742
_08786_,VPWR,li1,319.9300,361.7600,1.799400
_08785_,VPWR,li1,321.7700,361.7600,1.799457
_08784_,VPWR,li1,316.7100,372.6400,1.799075
_08783_,VPWR,li1,319.0100,372.6400,1.799146
_08782_,VPWR,li1,319.9300,378.0800,1.797474
_08781_,VPWR,li1,319.7000,378.0800,1.797474
_08780_,VPWR,li1,313.0300,378.0800,1.796731
_08779_,VPWR,li1,334.1900,334.5600,1.799913
_08778_,VPWR,li1,357.1900,345.4400,1.799549
_08777_,VPWR,li1,359.2600,340.0000,1.799693
_08776_,VPWR,li1,360.1800,340.0000,1.799693
_08775_,VPWR,li1,356.5000,340.0000,1.799700
_08774_,VPWR,li1,357.1900,340.0000,1.799700
_08773_,VPWR,li1,347.9900,340.0000,1.799740
_08772_,VPWR,li1,350.2900,350.8800,1.799359
_08771_,VPWR,li1,350.9800,340.0000,1.799721
_08770_,VPWR,li1,348.6800,340.0000,1.799730
_08769_,VPWR,li1,345.0000,340.0000,1.799756
_08768_,VPWR,li1,343.8500,345.4400,1.799578
_08767_,VPWR,li1,343.1600,345.4400,1.799578
_08766_,VPWR,li1,340.1700,345.4400,1.799589
_08765_,VPWR,li1,341.7800,340.0000,1.799772
_08764_,VPWR,li1,343.1600,318.2400,1.799893
_08763_,VPWR,li1,338.7900,340.0000,1.799785
_08762_,VPWR,li1,342.2400,334.5600,1.799902
_08761_,VPWR,li1,338.7900,318.2400,1.799894
_08760_,VPWR,li1,330.7400,318.2400,1.799904
_08759_,VPWR,li1,336.2600,340.0000,1.799803
_08758_,VPWR,li1,331.2000,340.0000,1.799832
_08757_,VPWR,li1,334.1900,340.0000,1.799814
_08756_,VPWR,li1,329.5900,323.6800,1.799871
_08755_,VPWR,li1,330.0500,318.2400,1.799904
_08754_,VPWR,li1,332.5800,323.6800,1.799866
_08753_,VPWR,li1,327.0600,312.8000,1.799923
_08752_,VPWR,li1,330.5100,329.1200,1.799877
_08751_,VPWR,li1,330.5100,334.5600,1.799919
_08750_,VPWR,li1,324.9900,312.8000,1.799910
_08749_,VPWR,li1,313.2600,312.8000,1.799862
_08748_,VPWR,li1,326.1400,312.8000,1.799923
_08747_,VPWR,li1,320.3900,318.2400,1.799841
_08746_,VPWR,li1,324.0700,318.2400,1.799862
_08745_,VPWR,li1,321.0800,323.6800,1.799789
_08744_,VPWR,li1,316.4800,312.8000,1.799875
_08743_,VPWR,li1,317.4000,312.8000,1.799875
_08742_,VPWR,li1,319.2400,312.8000,1.799889
_08741_,VPWR,li1,317.8600,307.3600,1.799726
_08740_,VPWR,li1,314.4100,318.2400,1.799802
_08739_,VPWR,li1,311.1900,312.8000,1.799850
_08738_,VPWR,li1,314.6400,307.3600,1.799679
_08737_,VPWR,li1,309.5800,301.9200,1.799884
_08736_,VPWR,li1,302.6800,312.8000,1.799825
_08735_,VPWR,li1,310.7300,312.8000,1.799850
_08734_,VPWR,li1,304.9800,312.8000,1.799832
_08733_,VPWR,li1,300.8400,301.9200,1.799856
_08732_,VPWR,li1,303.3700,318.2400,1.799736
_08731_,VPWR,li1,308.4300,307.3600,1.799625
_08730_,VPWR,li1,306.3600,301.9200,1.799874
_08729_,VPWR,li1,310.5000,307.3600,1.799647
_08728_,VPWR,li1,306.8200,301.9200,1.799874
_08727_,VPWR,li1,306.1300,307.3600,1.799600
_08726_,VPWR,li1,309.1200,301.9200,1.799884
_08725_,VPWR,li1,285.2000,296.4800,1.799893
_08724_,VPWR,li1,290.9500,301.9200,1.799829
_08723_,VPWR,li1,287.7300,307.3600,1.799481
_08722_,VPWR,li1,287.0400,301.9200,1.799816
_08721_,VPWR,li1,288.8800,301.9200,1.799823
_08720_,VPWR,li1,281.7500,301.9200,1.799804
_08719_,VPWR,li1,284.2800,301.9200,1.799809
_08718_,VPWR,li1,291.4100,296.4800,1.799904
_08717_,VPWR,li1,275.0800,301.9200,1.799792
_08716_,VPWR,li1,288.1900,296.4800,1.799898
_08715_,VPWR,li1,276.2300,291.0400,1.799939
_08714_,VPWR,li1,270.9400,296.4800,1.799870
_08713_,VPWR,li1,278.0700,296.4800,1.799881
_08712_,VPWR,li1,265.8800,301.9200,1.799776
_08711_,VPWR,li1,261.7400,296.4800,1.799858
_08710_,VPWR,li1,263.1200,301.9200,1.799771
_08709_,VPWR,li1,261.2800,291.0400,1.799934
_08708_,VPWR,li1,269.1000,296.4800,1.799868
_08707_,VPWR,li1,273.2400,296.4800,1.799874
_08706_,VPWR,li1,272.5500,296.4800,1.799870
_08705_,VPWR,li1,269.7900,291.0400,1.799937
_08704_,VPWR,li1,266.1100,296.4800,1.799864
_08703_,VPWR,li1,262.2000,296.4800,1.799858
_08702_,VPWR,li1,257.6000,291.0400,1.799933
_08701_,VPWR,li1,259.2100,296.4800,1.799855
_08700_,VPWR,li1,255.0700,291.0400,1.799932
_08699_,VPWR,li1,256.4500,296.4800,1.799852
_08698_,VPWR,li1,254.1500,296.4800,1.799850
_08697_,VPWR,li1,252.0800,296.4800,1.799847
_08696_,VPWR,li1,248.6300,296.4800,1.799844
_08695_,VPWR,li1,312.5700,318.2400,1.799791
_08694_,VPWR,li1,299.6900,312.8000,1.799812
_08693_,VPWR,li1,300.6100,318.2400,1.799724
_08692_,VPWR,li1,313.4900,307.3600,1.799679
_08691_,VPWR,li1,308.4300,312.8000,1.799844
_08690_,VPWR,li1,296.9300,318.2400,1.799712
_08689_,VPWR,li1,292.3300,318.2400,1.799695
_08688_,VPWR,li1,290.9500,312.8000,1.799791
_08687_,VPWR,li1,289.1100,312.8000,1.799786
_08686_,VPWR,li1,297.8500,312.8000,1.799806
_08685_,VPWR,li1,303.6000,307.3600,1.799573
_08684_,VPWR,li1,304.2900,307.3600,1.799573
_08683_,VPWR,li1,297.8500,301.9200,1.799844
_08682_,VPWR,li1,294.6300,312.8000,1.799801
_08681_,VPWR,li1,281.2900,312.8000,1.799768
_08680_,VPWR,li1,278.3000,312.8000,1.799763
_08679_,VPWR,li1,275.3100,307.3600,1.799467
_08678_,VPWR,li1,278.5300,307.3600,1.799469
_08677_,VPWR,li1,286.3500,312.8000,1.799779
_08676_,VPWR,li1,297.3900,312.8000,1.799806
_08675_,VPWR,li1,323.6100,334.5600,1.799892
_08674_,VPWR,li1,318.3200,334.5600,1.799864
_08673_,VPWR,li1,321.0800,334.5600,1.799879
_08672_,VPWR,li1,315.5600,334.5600,1.799849
_08671_,VPWR,li1,303.8300,334.5600,1.799787
_08670_,VPWR,li1,295.5500,329.1200,1.799642
_08669_,VPWR,li1,298.3100,329.1200,1.799658
_08668_,VPWR,li1,278.7600,334.5600,1.799671
_08667_,VPWR,li1,274.3900,334.5600,1.799645
_08666_,VPWR,li1,275.3100,329.1200,1.799524
_08665_,VPWR,li1,305.6700,340.0000,1.799717
_08664_,VPWR,li1,303.8300,340.0000,1.799706
_08663_,VPWR,li1,304.7500,334.5600,1.799787
_08662_,VPWR,li1,297.8500,345.4400,1.799134
_08661_,VPWR,li1,299.0000,340.0000,1.799689
_08660_,VPWR,li1,296.0100,340.0000,1.799675
_08659_,VPWR,li1,292.7900,340.0000,1.799665
_08658_,VPWR,li1,333.7300,340.0000,1.799814
_08657_,VPWR,li1,335.5700,340.0000,1.799803
_08656_,VPWR,li1,336.9500,334.5600,1.799909
_08655_,VPWR,li1,339.4800,334.5600,1.799905
_08654_,VPWR,li1,340.1700,361.7600,1.799678
_08653_,VPWR,li1,330.9700,334.5600,1.799919
_08652_,VPWR,li1,332.8100,361.7600,1.799680
_08651_,VPWR,li1,329.1300,356.3200,1.799770
_08650_,VPWR,li1,329.5900,361.7600,1.799682
_08649_,VPWR,li1,326.8300,361.7600,1.799614
_08648_,VPWR,li1,342.4700,361.7600,1.799678
_08647_,VPWR,li1,336.9500,367.2000,1.799409
_08646_,VPWR,li1,339.4800,372.6400,1.799485
_08645_,VPWR,li1,328.6700,367.2000,1.799412
_08644_,VPWR,li1,330.0500,367.2000,1.799412
_08643_,VPWR,li1,326.3700,367.2000,1.799278
_08642_,VPWR,li1,339.4800,367.2000,1.799409
_08641_,VPWR,li1,334.1900,372.6400,1.799488
_08640_,VPWR,li1,319.9300,367.2000,1.798903
_08639_,VPWR,li1,317.1700,367.2000,1.798742
_08638_,VPWR,li1,329.5900,372.6400,1.799518
_08637_,VPWR,li1,330.7400,372.6400,1.799518
_08636_,VPWR,li1,325.4500,378.0800,1.798166
_08635_,VPWR,li1,346.1500,372.6400,1.799484
_08634_,VPWR,li1,323.1500,372.6400,1.799224
_08633_,VPWR,li1,281.2900,367.2000,1.796935
_08632_,VPWR,li1,276.9200,367.2000,1.796757
_08631_,VPWR,li1,278.7600,367.2000,1.796846
_08630_,VPWR,li1,275.5400,361.7600,1.798262
_08629_,VPWR,li1,274.3900,367.2000,1.796692
_08628_,VPWR,li1,325.4500,361.7600,1.799535
_08627_,VPWR,li1,327.7500,361.7600,1.799614
_08626_,VPWR,li1,333.2700,361.7600,1.799680
_08625_,VPWR,li1,330.9700,361.7600,1.799681
_08624_,VPWR,li1,332.3500,334.5600,1.799916
_08623_,VPWR,li1,319.9300,334.5600,1.799864
_08622_,VPWR,li1,318.5500,334.5600,1.799864
_08621_,VPWR,li1,316.7100,334.5600,1.799849
_08620_,VPWR,li1,312.5700,334.5600,1.799830
_08619_,VPWR,li1,311.8800,334.5600,1.799830
_08618_,VPWR,li1,291.8700,329.1200,1.799623
_08617_,VPWR,li1,291.6400,334.5600,1.799731
_08616_,VPWR,li1,288.1900,329.1200,1.799595
_08615_,VPWR,li1,289.5700,334.5600,1.799719
_08614_,VPWR,li1,293.7100,334.5600,1.799741
_08613_,VPWR,li1,310.7300,340.0000,1.799739
_08612_,VPWR,li1,303.3700,340.0000,1.799706
_08611_,VPWR,li1,298.7700,340.0000,1.799689
_08610_,VPWR,li1,308.2000,340.0000,1.799728
_08609_,VPWR,li1,365.0100,329.1200,1.799731
_08608_,VPWR,li1,362.4800,329.1200,1.799742
_08607_,VPWR,li1,359.2600,329.1200,1.799749
_08606_,VPWR,li1,358.8000,334.5600,1.799884
_08605_,VPWR,li1,355.5800,334.5600,1.799886
_08604_,VPWR,li1,355.1200,329.1200,1.799764
_08603_,VPWR,li1,350.7500,334.5600,1.799889
_08602_,VPWR,li1,351.2100,340.0000,1.799721
_08601_,VPWR,li1,348.9100,361.7600,1.799677
_08600_,VPWR,li1,348.9100,356.3200,1.799725
_08599_,VPWR,li1,346.1500,361.7600,1.799677
_08598_,VPWR,li1,346.1500,367.2000,1.799408
_08597_,VPWR,li1,344.0800,367.2000,1.799408
_08596_,VPWR,li1,345.6900,367.2000,1.799408
_08595_,VPWR,li1,342.4700,367.2000,1.799408
_08594_,VPWR,li1,342.0100,367.2000,1.799409
_08593_,VPWR,li1,338.7900,367.2000,1.799409
_08592_,VPWR,li1,343.3900,329.1200,1.799813
_08591_,VPWR,li1,346.1500,329.1200,1.799803
_08590_,VPWR,li1,338.7900,323.6800,1.799855
_08589_,VPWR,li1,336.4900,318.2400,1.799896
_08588_,VPWR,li1,331.4300,323.6800,1.799866
_08587_,VPWR,li1,331.4300,329.1200,1.799866
_08586_,VPWR,li1,324.9900,329.1200,1.799848
_08585_,VPWR,li1,295.0900,334.5600,1.799741
_08584_,VPWR,li1,329.1300,329.1200,1.799877
_08583_,VPWR,li1,308.8900,334.5600,1.799815
_08582_,VPWR,li1,327.2900,323.6800,1.799852
_08581_,VPWR,li1,336.0300,318.2400,1.799896
_08580_,VPWR,li1,338.7900,318.2400,1.799894
_08579_,VPWR,li1,343.1600,312.8000,1.799935
_08578_,VPWR,li1,329.5900,312.8000,1.799939
_08577_,VPWR,li1,328.2100,307.3600,1.799840
_08576_,VPWR,li1,322.2300,312.8000,1.799900
_08575_,VPWR,li1,324.3000,307.3600,1.799797
_08574_,VPWR,li1,323.6100,301.9200,1.799935
_08573_,VPWR,li1,324.5300,301.9200,1.799935
_08572_,VPWR,li1,316.7100,301.9200,1.799911
_08571_,VPWR,li1,312.5700,301.9200,1.799891
_08570_,VPWR,li1,313.9500,301.9200,1.799897
_08569_,VPWR,li1,303.8300,301.9200,1.799862
_08568_,VPWR,li1,300.6100,301.9200,1.799856
_08567_,VPWR,li1,295.0900,296.4800,1.799912
_08566_,VPWR,li1,282.4400,296.4800,1.799889
_08565_,VPWR,li1,279.4500,296.4800,1.799881
_08564_,VPWR,li1,276.2300,296.4800,1.799878
_08563_,VPWR,li1,292.3300,296.4800,1.799904
_08562_,VPWR,li1,363.1700,329.1200,1.799736
_08561_,VPWR,li1,356.7300,334.5600,1.799884
_08560_,VPWR,li1,352.3600,334.5600,1.799888
_08559_,VPWR,li1,354.8900,334.5600,1.799886
_08558_,VPWR,li1,348.4500,361.7600,1.799677
_08557_,VPWR,li1,352.1300,356.3200,1.799725
_08556_,VPWR,li1,351.6700,361.7600,1.799677
_08555_,VPWR,li1,351.6700,329.1200,1.799780
_08554_,VPWR,li1,350.7500,329.1200,1.799780
_08553_,VPWR,li1,348.2200,329.1200,1.799790
_08552_,VPWR,li1,342.4700,329.1200,1.799813
_08551_,VPWR,li1,336.7200,329.1200,1.799840
_08550_,VPWR,li1,338.7900,329.1200,1.799831
_08549_,VPWR,li1,315.7900,329.1200,1.799782
_08548_,VPWR,li1,313.4900,329.1200,1.799765
_08547_,VPWR,li1,325.9100,329.1200,1.799848
_08546_,VPWR,li1,344.7700,312.8000,1.799935
_08545_,VPWR,li1,337.6400,312.8000,1.799936
_08544_,VPWR,li1,342.0100,307.3600,1.799803
_08543_,VPWR,li1,335.1100,312.8000,1.799937
_08542_,VPWR,li1,343.8500,307.3600,1.799803
_08541_,VPWR,li1,326.8300,301.9200,1.799948
_08540_,VPWR,li1,320.8500,301.9200,1.799926
_08539_,VPWR,li1,329.1300,301.9200,1.799958
_08538_,VPWR,li1,302.4500,301.9200,1.799862
_08537_,VPWR,li1,298.3100,296.4800,1.799918
_08536_,VPWR,li1,301.3000,296.4800,1.799924
_08535_,VPWR,li1,359.9500,323.6800,1.799832
_08534_,VPWR,li1,350.5200,323.6800,1.799842
_08533_,VPWR,li1,350.9800,323.6800,1.799842
_08532_,VPWR,li1,347.3000,323.6800,1.799845
_08531_,VPWR,li1,345.0000,323.6800,1.799848
_08530_,VPWR,li1,325.4500,323.6800,1.799831
_08529_,VPWR,li1,336.0300,307.3600,1.799804
_08528_,VPWR,li1,345.2300,307.3600,1.799803
_08527_,VPWR,li1,339.2500,307.3600,1.799803
_08526_,VPWR,li1,366.8500,176.8000,1.799845
_08525_,VPWR,li1,153.8700,106.0800,1.799357
_08524_,VPWR,li1,114.7700,116.9600,1.798012
_08523_,VPWR,li1,77.9700,111.5200,1.797073
_08522_,VPWR,li1,79.5800,116.9600,1.798173
_08521_,VPWR,li1,82.5700,116.9600,1.798139
_08520_,VPWR,li1,71.9900,116.9600,1.798293
_08519_,VPWR,li1,68.3100,116.9600,1.798388
_08518_,VPWR,li1,63.0200,116.9600,1.798549
_08517_,VPWR,li1,66.4700,122.4000,1.797978
_08516_,VPWR,li1,56.8100,127.8400,1.799407
_08515_,VPWR,li1,52.2100,133.2800,1.799287
_08514_,VPWR,li1,47.6100,149.6000,1.799684
_08513_,VPWR,li1,50.6000,160.4800,1.799869
_08512_,VPWR,li1,51.2900,149.6000,1.799653
_08511_,VPWR,li1,55.4300,133.2800,1.799239
_08510_,VPWR,li1,48.9900,138.7200,1.799799
_08509_,VPWR,li1,44.3900,149.6000,1.799710
_08508_,VPWR,li1,47.6100,138.7200,1.799813
_08507_,VPWR,li1,42.5500,171.3600,1.799827
_08506_,VPWR,li1,74.9800,138.7200,1.799702
_08505_,VPWR,li1,46.6900,171.3600,1.799805
_08504_,VPWR,li1,38.8700,176.8000,1.799861
_08503_,VPWR,li1,44.3900,176.8000,1.799827
_08502_,VPWR,li1,46.0000,165.9200,1.799835
_08501_,VPWR,li1,71.9900,127.8400,1.799228
_08500_,VPWR,li1,78.2000,133.2800,1.799002
_08499_,VPWR,li1,68.7700,122.4000,1.797913
_08498_,VPWR,li1,53.5900,127.8400,1.799446
_08497_,VPWR,li1,76.5900,122.4000,1.797669
_08496_,VPWR,li1,56.5800,144.1600,1.799849
_08495_,VPWR,li1,116.3800,111.5200,1.796224
_08494_,VPWR,li1,167.2100,111.5200,1.797193
_08493_,VPWR,li1,169.0500,111.5200,1.797267
_08492_,VPWR,li1,173.6500,111.5200,1.797569
_08491_,VPWR,li1,174.5700,111.5200,1.797569
_08490_,VPWR,li1,165.3700,116.9600,1.797952
_08489_,VPWR,li1,164.4500,111.5200,1.797125
_08488_,VPWR,li1,170.2000,111.5200,1.797267
_08487_,VPWR,li1,167.2100,116.9600,1.797996
_08486_,VPWR,li1,119.8300,111.5200,1.796230
_08485_,VPWR,li1,115.2300,111.5200,1.796231
_08484_,VPWR,li1,119.3700,111.5200,1.796230
_08483_,VPWR,li1,114.0800,122.4000,1.796807
_08482_,VPWR,li1,88.0900,111.5200,1.796734
_08481_,VPWR,li1,88.5500,116.9600,1.798093
_08480_,VPWR,li1,91.3100,116.9600,1.798085
_08479_,VPWR,li1,93.3800,116.9600,1.798078
_08478_,VPWR,li1,96.1400,111.5200,1.796590
_08477_,VPWR,li1,85.7900,116.9600,1.798101
_08476_,VPWR,li1,82.1100,116.9600,1.798139
_08475_,VPWR,li1,82.1100,111.5200,1.796927
_08474_,VPWR,li1,87.4000,122.4000,1.797382
_08473_,VPWR,li1,67.3900,116.9600,1.798388
_08472_,VPWR,li1,71.0700,116.9600,1.798331
_08471_,VPWR,li1,64.6300,122.4000,1.798081
_08470_,VPWR,li1,63.4800,122.4000,1.798081
_08469_,VPWR,li1,70.1500,122.4000,1.797913
_08468_,VPWR,li1,67.1600,127.8400,1.799284
_08467_,VPWR,li1,64.8600,127.8400,1.799311
_08466_,VPWR,li1,73.3700,122.4000,1.797766
_08465_,VPWR,li1,79.5800,122.4000,1.797579
_08464_,VPWR,li1,84.8700,127.8400,1.799086
_08463_,VPWR,li1,81.4200,127.8400,1.799139
_08462_,VPWR,li1,76.5900,127.8400,1.799177
_08461_,VPWR,li1,81.4200,133.2800,1.798965
_08460_,VPWR,li1,72.9100,133.2800,1.799042
_08459_,VPWR,li1,75.9000,133.2800,1.799025
_08458_,VPWR,li1,71.5300,133.2800,1.799068
_08457_,VPWR,li1,72.9100,138.7200,1.799708
_08456_,VPWR,li1,76.5900,138.7200,1.799702
_08455_,VPWR,li1,73.6000,144.1600,1.799837
_08454_,VPWR,li1,74.7500,122.4000,1.797766
_08453_,VPWR,li1,102.3500,116.9600,1.798049
_08452_,VPWR,li1,104.6500,116.9600,1.798043
_08451_,VPWR,li1,100.2800,122.4000,1.797072
_08450_,VPWR,li1,60.4900,133.2800,1.799181
_08449_,VPWR,li1,60.7200,133.2800,1.799181
_08448_,VPWR,li1,59.1100,133.2800,1.799181
_08447_,VPWR,li1,54.0500,144.1600,1.799853
_08446_,VPWR,li1,51.7500,144.1600,1.799862
_08445_,VPWR,li1,52.9000,149.6000,1.799653
_08444_,VPWR,li1,54.5100,149.6000,1.799629
_08443_,VPWR,li1,51.2900,155.0400,1.799732
_08442_,VPWR,li1,60.9500,149.6000,1.799586
_08441_,VPWR,li1,61.4100,155.0400,1.799664
_08440_,VPWR,li1,64.1700,155.0400,1.799649
_08439_,VPWR,li1,64.6300,155.0400,1.799649
_08438_,VPWR,li1,54.2800,165.9200,1.799791
_08437_,VPWR,li1,63.0200,149.6000,1.799573
_08436_,VPWR,li1,54.9700,149.6000,1.799629
_08435_,VPWR,li1,54.0500,155.0400,1.799717
_08434_,VPWR,li1,55.8900,155.0400,1.799704
_08433_,VPWR,li1,57.9600,165.9200,1.799777
_08432_,VPWR,li1,47.6100,160.4800,1.799876
_08431_,VPWR,li1,48.0700,155.0400,1.799755
_08430_,VPWR,li1,43.9300,160.4800,1.799886
_08429_,VPWR,li1,39.7900,165.9200,1.799856
_08428_,VPWR,li1,42.5500,165.9200,1.799844
_08427_,VPWR,li1,38.1800,182.2400,1.799926
_08426_,VPWR,li1,42.5500,160.4800,1.799894
_08425_,VPWR,li1,45.3100,160.4800,1.799886
_08424_,VPWR,li1,41.6300,176.8000,1.799839
_08423_,VPWR,li1,45.5400,176.8000,1.799817
_08422_,VPWR,li1,176.4100,111.5200,1.797726
_08421_,VPWR,li1,180.0900,116.9600,1.797913
_08420_,VPWR,li1,186.5300,116.9600,1.797575
_08419_,VPWR,li1,179.6300,111.5200,1.797390
_08418_,VPWR,li1,176.4100,116.9600,1.798344
_08417_,VPWR,li1,171.8100,116.9600,1.798179
_08416_,VPWR,li1,175.7200,122.4000,1.797408
_08415_,VPWR,li1,167.6700,116.9600,1.797996
_08414_,VPWR,li1,163.9900,116.9600,1.797952
_08413_,VPWR,li1,161.6900,122.4000,1.796990
_08412_,VPWR,li1,162.1500,116.9600,1.797946
_08411_,VPWR,li1,164.2200,127.8400,1.798759
_08410_,VPWR,li1,117.5300,122.4000,1.796787
_08409_,VPWR,li1,110.6300,122.4000,1.796863
_08408_,VPWR,li1,113.6200,122.4000,1.796833
_08407_,VPWR,li1,114.5400,133.2800,1.798690
_08406_,VPWR,li1,90.3900,122.4000,1.797270
_08405_,VPWR,li1,93.6100,122.4000,1.797198
_08404_,VPWR,li1,91.7700,116.9600,1.798078
_08403_,VPWR,li1,91.3100,122.4000,1.797270
_08402_,VPWR,li1,94.0700,122.4000,1.797198
_08401_,VPWR,li1,99.5900,122.4000,1.797072
_08400_,VPWR,li1,97.9800,122.4000,1.797115
_08399_,VPWR,li1,102.8100,122.4000,1.797020
_08398_,VPWR,li1,104.8800,127.8400,1.798945
_08397_,VPWR,li1,102.5800,127.8400,1.798958
_08396_,VPWR,li1,94.0700,133.2800,1.798865
_08395_,VPWR,li1,91.0800,133.2800,1.798881
_08394_,VPWR,li1,89.0100,133.2800,1.798899
_08393_,VPWR,li1,89.7000,138.7200,1.799662
_08392_,VPWR,li1,87.4000,138.7200,1.799668
_08391_,VPWR,li1,84.4100,138.7200,1.799676
_08390_,VPWR,li1,83.9500,133.2800,1.798943
_08389_,VPWR,li1,81.1900,138.7200,1.799687
_08388_,VPWR,li1,74.7500,133.2800,1.799025
_08387_,VPWR,li1,79.1200,138.7200,1.799695
_08386_,VPWR,li1,99.5900,133.2800,1.798809
_08385_,VPWR,li1,99.5900,111.5200,1.796540
_08384_,VPWR,li1,98.6700,111.5200,1.796540
_08383_,VPWR,li1,98.4400,116.9600,1.798063
_08382_,VPWR,li1,101.2000,111.5200,1.796500
_08381_,VPWR,li1,102.1200,111.5200,1.796460
_08380_,VPWR,li1,101.4300,116.9600,1.798049
_08379_,VPWR,li1,106.0300,122.4000,1.796946
_08378_,VPWR,li1,97.0600,149.6000,1.799398
_08377_,VPWR,li1,128.5700,127.8400,1.798813
_08376_,VPWR,li1,85.7900,127.8400,1.799086
_08375_,VPWR,li1,88.7800,127.8400,1.799055
_08374_,VPWR,li1,92.9200,155.0400,1.799499
_08373_,VPWR,li1,63.2500,133.2800,1.799134
_08372_,VPWR,li1,65.5500,133.2800,1.799111
_08371_,VPWR,li1,63.2500,138.7200,1.799737
_08370_,VPWR,li1,66.2400,138.7200,1.799729
_08369_,VPWR,li1,62.7900,144.1600,1.799843
_08368_,VPWR,li1,65.5500,144.1600,1.799841
_08367_,VPWR,li1,66.4700,149.6000,1.799557
_08366_,VPWR,li1,63.2500,144.1600,1.799843
_08365_,VPWR,li1,65.5500,149.6000,1.799557
_08364_,VPWR,li1,67.3900,149.6000,1.799547
_08363_,VPWR,li1,75.9000,155.0400,1.799584
_08362_,VPWR,li1,67.3900,155.0400,1.799631
_08361_,VPWR,li1,84.8700,160.4800,1.799824
_08360_,VPWR,li1,66.9300,160.4800,1.799840
_08359_,VPWR,li1,71.7600,160.4800,1.799835
_08358_,VPWR,li1,69.6900,155.0400,1.799618
_08357_,VPWR,li1,69.2300,160.4800,1.799838
_08356_,VPWR,li1,71.9900,155.0400,1.799605
_08355_,VPWR,li1,73.8300,155.0400,1.799595
_08354_,VPWR,li1,74.0600,160.4800,1.799833
_08353_,VPWR,li1,74.9800,160.4800,1.799833
_08352_,VPWR,li1,74.2900,165.9200,1.799735
_08351_,VPWR,li1,74.7500,144.1600,1.799837
_08350_,VPWR,li1,76.5900,144.1600,1.799837
_08349_,VPWR,li1,68.7700,171.3600,1.799707
_08348_,VPWR,li1,83.7200,149.6000,1.799455
_08347_,VPWR,li1,61.8700,138.7200,1.799748
_08346_,VPWR,li1,60.4900,160.4800,1.799849
_08345_,VPWR,li1,62.5600,160.4800,1.799845
_08344_,VPWR,li1,55.4300,165.9200,1.799791
_08343_,VPWR,li1,51.7500,165.9200,1.799802
_08342_,VPWR,li1,52.6700,171.3600,1.799779
_08341_,VPWR,li1,54.7400,171.3600,1.799769
_08340_,VPWR,li1,52.4400,171.3600,1.799779
_08339_,VPWR,li1,72.4500,171.3600,1.799688
_08338_,VPWR,li1,54.9700,171.3600,1.799769
_08337_,VPWR,li1,56.1200,176.8000,1.799771
_08336_,VPWR,li1,54.0500,176.8000,1.799781
_08335_,VPWR,li1,48.5300,176.8000,1.799803
_08334_,VPWR,li1,45.7700,182.2400,1.799911
_08333_,VPWR,li1,42.0900,182.2400,1.799916
_08332_,VPWR,li1,38.8700,182.2400,1.799926
_08331_,VPWR,li1,39.3300,187.6800,1.799950
_08330_,VPWR,li1,42.0900,187.6800,1.799946
_08329_,VPWR,li1,40.7100,187.6800,1.799946
_08328_,VPWR,li1,42.0900,187.6800,1.799946
_08327_,VPWR,li1,40.0200,193.1200,1.799928
_08326_,VPWR,li1,116.6100,116.9600,1.798007
_08325_,VPWR,li1,118.9100,116.9600,1.798002
_08324_,VPWR,li1,127.4200,122.4000,1.796830
_08323_,VPWR,li1,117.9900,127.8400,1.798858
_08322_,VPWR,li1,191.1300,111.5200,1.796424
_08321_,VPWR,li1,196.1900,111.5200,1.796428
_08320_,VPWR,li1,192.7400,116.9600,1.797449
_08319_,VPWR,li1,188.1400,116.9600,1.797493
_08318_,VPWR,li1,191.5900,116.9600,1.797449
_08317_,VPWR,li1,178.2500,122.4000,1.796997
_08316_,VPWR,li1,178.7100,122.4000,1.796997
_08315_,VPWR,li1,175.4900,122.4000,1.797408
_08314_,VPWR,li1,177.3300,122.4000,1.796997
_08313_,VPWR,li1,191.3600,127.8400,1.797400
_08312_,VPWR,li1,167.2100,122.4000,1.797122
_08311_,VPWR,li1,163.0700,127.8400,1.798744
_08310_,VPWR,li1,165.3700,127.8400,1.798759
_08309_,VPWR,li1,161.4600,133.2800,1.798909
_08308_,VPWR,li1,117.0700,133.2800,1.798682
_08307_,VPWR,li1,112.9300,138.7200,1.799608
_08306_,VPWR,li1,115.6900,138.7200,1.799612
_08305_,VPWR,li1,117.3000,149.6000,1.799369
_08304_,VPWR,li1,99.5900,149.6000,1.799385
_08303_,VPWR,li1,98.2100,155.0400,1.799487
_08302_,VPWR,li1,95.4500,149.6000,1.799398
_08301_,VPWR,li1,91.3100,149.6000,1.799416
_08300_,VPWR,li1,94.3000,149.6000,1.799407
_08299_,VPWR,li1,86.7100,149.6000,1.799439
_08298_,VPWR,li1,86.7100,149.6000,1.799439
_08297_,VPWR,li1,87.1700,155.0400,1.799525
_08296_,VPWR,li1,89.0100,155.0400,1.799516
_08295_,VPWR,li1,107.1800,160.4800,1.799814
_08294_,VPWR,li1,84.8700,155.0400,1.799537
_08293_,VPWR,li1,81.6500,155.0400,1.799559
_08292_,VPWR,li1,78.8900,155.0400,1.799569
_08291_,VPWR,li1,78.8900,160.4800,1.799828
_08290_,VPWR,li1,86.4800,160.4800,1.799822
_08289_,VPWR,li1,86.9400,165.9200,1.799709
_08288_,VPWR,li1,77.7400,165.9200,1.799726
_08287_,VPWR,li1,88.3200,160.4800,1.799821
_08286_,VPWR,li1,86.7100,144.1600,1.799838
_08285_,VPWR,li1,82.3400,144.1600,1.799837
_08284_,VPWR,li1,84.6400,144.1600,1.799838
_08283_,VPWR,li1,80.2700,144.1600,1.799837
_08282_,VPWR,li1,77.5100,138.7200,1.799695
_08281_,VPWR,li1,74.9800,149.6000,1.799503
_08280_,VPWR,li1,80.0400,149.6000,1.799475
_08279_,VPWR,li1,93.3800,171.3600,1.799628
_08278_,VPWR,li1,107.1800,149.6000,1.799376
_08277_,VPWR,li1,94.5300,155.0400,1.799492
_08276_,VPWR,li1,98.9000,176.8000,1.799634
_08275_,VPWR,li1,64.1700,165.9200,1.799756
_08274_,VPWR,li1,66.4700,165.9200,1.799750
_08273_,VPWR,li1,63.2500,171.3600,1.799726
_08272_,VPWR,li1,66.2400,171.3600,1.799716
_08271_,VPWR,li1,65.5500,171.3600,1.799716
_08270_,VPWR,li1,66.0100,176.8000,1.799731
_08269_,VPWR,li1,68.0800,176.8000,1.799721
_08268_,VPWR,li1,74.5200,171.3600,1.799680
_08267_,VPWR,li1,75.2100,171.3600,1.799680
_08266_,VPWR,li1,75.9000,165.9200,1.799731
_08265_,VPWR,li1,85.5600,171.3600,1.799647
_08264_,VPWR,li1,63.2500,176.8000,1.799739
_08263_,VPWR,li1,63.2500,176.8000,1.799739
_08262_,VPWR,li1,65.3200,176.8000,1.799731
_08261_,VPWR,li1,55.4300,176.8000,1.799771
_08260_,VPWR,li1,58.6500,176.8000,1.799763
_08259_,VPWR,li1,53.1300,182.2400,1.799893
_08258_,VPWR,li1,53.5900,182.2400,1.799893
_08257_,VPWR,li1,51.2900,187.6800,1.799928
_08256_,VPWR,li1,55.8900,182.2400,1.799887
_08255_,VPWR,li1,48.9900,193.1200,1.799911
_08254_,VPWR,li1,47.6100,193.1200,1.799911
_08253_,VPWR,li1,41.4000,193.1200,1.799928
_08252_,VPWR,li1,45.0800,193.1200,1.799918
_08251_,VPWR,li1,60.0300,187.6800,1.799915
_08250_,VPWR,li1,53.8200,193.1200,1.799900
_08249_,VPWR,li1,51.2900,176.8000,1.799789
_08248_,VPWR,li1,66.9300,182.2400,1.799867
_08247_,VPWR,li1,68.3100,182.2400,1.799867
_08246_,VPWR,li1,113.8500,133.2800,1.798703
_08245_,VPWR,li1,117.7600,127.8400,1.798858
_08244_,VPWR,li1,114.7700,127.8400,1.798875
_08243_,VPWR,li1,115.9200,127.8400,1.798875
_08242_,VPWR,li1,125.3500,127.8400,1.798822
_08241_,VPWR,li1,133.1700,127.8400,1.798792
_08240_,VPWR,li1,135.9300,127.8400,1.798782
_08239_,VPWR,li1,132.0200,127.8400,1.798802
_08238_,VPWR,li1,132.4800,133.2800,1.798747
_08237_,VPWR,li1,127.1900,133.2800,1.798726
_08236_,VPWR,li1,122.1300,133.2800,1.798704
_08235_,VPWR,li1,123.2800,133.2800,1.798704
_08234_,VPWR,li1,110.6300,133.2800,1.798718
_08233_,VPWR,li1,106.2600,133.2800,1.798767
_08232_,VPWR,li1,102.3500,133.2800,1.798785
_08231_,VPWR,li1,97.7500,133.2800,1.798824
_08230_,VPWR,li1,97.7500,138.7200,1.799642
_08229_,VPWR,li1,100.5100,138.7200,1.799636
_08228_,VPWR,li1,94.7600,144.1600,1.799841
_08227_,VPWR,li1,107.8700,138.7200,1.799619
_08226_,VPWR,li1,124.8900,122.4000,1.796819
_08225_,VPWR,li1,128.5700,116.9600,1.797985
_08224_,VPWR,li1,124.6600,116.9600,1.797994
_08223_,VPWR,li1,126.9600,116.9600,1.797989
_08222_,VPWR,li1,107.4100,111.5200,1.796358
_08221_,VPWR,li1,105.3400,116.9600,1.798043
_08220_,VPWR,li1,105.1100,111.5200,1.796424
_08219_,VPWR,li1,106.7200,106.0800,1.799509
_08218_,VPWR,li1,103.9600,111.5200,1.796424
_08217_,VPWR,li1,111.3200,111.5200,1.796284
_08216_,VPWR,li1,120.5200,149.6000,1.799368
_08215_,VPWR,li1,145.3600,127.8400,1.798753
_08214_,VPWR,li1,161.9200,122.4000,1.796990
_08213_,VPWR,li1,160.3100,127.8400,1.798740
_08212_,VPWR,li1,156.8600,127.8400,1.798737
_08211_,VPWR,li1,147.6600,122.4000,1.796923
_08210_,VPWR,li1,349.3700,122.4000,1.793508
_08209_,VPWR,li1,347.3000,127.8400,1.796192
_08208_,VPWR,li1,350.0600,122.4000,1.793508
_08207_,VPWR,li1,343.3900,127.8400,1.796519
_08206_,VPWR,li1,333.5000,127.8400,1.797531
_08205_,VPWR,li1,333.7300,127.8400,1.797318
_08204_,VPWR,li1,348.9100,133.2800,1.797956
_08203_,VPWR,li1,346.1500,127.8400,1.796353
_08202_,VPWR,li1,342.0100,122.4000,1.794460
_08201_,VPWR,li1,344.3100,122.4000,1.794104
_08200_,VPWR,li1,230.6900,122.4000,1.789631
_08199_,VPWR,li1,227.4700,122.4000,1.789814
_08198_,VPWR,li1,235.2900,122.4000,1.789731
_08197_,VPWR,li1,208.1500,122.4000,1.791786
_08196_,VPWR,li1,206.7700,122.4000,1.791786
_08195_,VPWR,li1,203.0900,122.4000,1.792305
_08194_,VPWR,li1,200.3300,122.4000,1.792757
_08193_,VPWR,li1,219.1900,122.4000,1.790521
_08192_,VPWR,li1,195.2700,122.4000,1.793899
_08191_,VPWR,li1,191.5900,127.8400,1.797400
_08190_,VPWR,li1,187.9100,127.8400,1.797705
_08189_,VPWR,li1,192.0500,133.2800,1.798298
_08188_,VPWR,li1,164.9100,133.2800,1.798961
_08187_,VPWR,li1,158.9300,149.6000,1.799414
_08186_,VPWR,li1,161.2300,149.6000,1.799445
_08185_,VPWR,li1,157.5500,155.0400,1.799665
_08184_,VPWR,li1,124.8900,155.0400,1.799457
_08183_,VPWR,li1,115.6900,165.9200,1.799666
_08182_,VPWR,li1,114.3100,165.9200,1.799669
_08181_,VPWR,li1,117.7600,176.8000,1.799638
_08180_,VPWR,li1,101.8900,176.8000,1.799629
_08179_,VPWR,li1,101.4300,176.8000,1.799629
_08178_,VPWR,li1,96.8300,171.3600,1.799623
_08177_,VPWR,li1,89.9300,171.3600,1.799636
_08176_,VPWR,li1,90.8500,171.3600,1.799636
_08175_,VPWR,li1,85.3300,171.3600,1.799647
_08174_,VPWR,li1,82.5700,176.8000,1.799676
_08173_,VPWR,li1,81.6500,165.9200,1.799721
_08172_,VPWR,li1,77.9700,165.9200,1.799726
_08171_,VPWR,li1,80.9600,171.3600,1.799661
_08170_,VPWR,li1,78.4300,176.8000,1.799692
_08169_,VPWR,li1,80.0400,165.9200,1.799721
_08168_,VPWR,li1,75.2100,165.9200,1.799731
_08167_,VPWR,li1,91.0800,187.6800,1.799880
_08166_,VPWR,li1,99.8200,171.3600,1.799616
_08165_,VPWR,li1,95.9100,176.8000,1.799640
_08164_,VPWR,li1,94.7600,182.2400,1.799837
_08163_,VPWR,li1,77.5100,182.2400,1.799850
_08162_,VPWR,li1,75.6700,176.8000,1.799699
_08161_,VPWR,li1,71.9900,193.1200,1.799878
_08160_,VPWR,li1,69.2300,193.1200,1.799881
_08159_,VPWR,li1,63.7100,193.1200,1.799886
_08158_,VPWR,li1,66.9300,193.1200,1.799883
_08157_,VPWR,li1,59.1100,193.1200,1.799893
_08156_,VPWR,li1,56.3500,193.1200,1.799896
_08155_,VPWR,li1,50.1400,193.1200,1.799906
_08154_,VPWR,li1,53.8200,193.1200,1.799900
_08153_,VPWR,li1,63.9400,193.1200,1.799886
_08152_,VPWR,li1,72.2200,193.1200,1.799878
_08151_,VPWR,li1,77.0500,176.8000,1.799692
_08150_,VPWR,li1,73.8300,182.2400,1.799857
_08149_,VPWR,li1,73.3700,176.8000,1.799708
_08148_,VPWR,li1,74.5200,182.2400,1.799857
_08147_,VPWR,li1,71.0700,182.2400,1.799862
_08146_,VPWR,li1,68.5400,187.6800,1.799904
_08145_,VPWR,li1,63.9400,187.6800,1.799910
_08144_,VPWR,li1,118.4500,155.0400,1.799454
_08143_,VPWR,li1,113.8500,155.0400,1.799458
_08142_,VPWR,li1,114.5400,155.0400,1.799458
_08141_,VPWR,li1,110.6300,149.6000,1.799373
_08140_,VPWR,li1,107.4100,155.0400,1.799467
_08139_,VPWR,li1,109.7100,155.0400,1.799463
_08138_,VPWR,li1,127.8800,155.0400,1.799477
_08137_,VPWR,li1,104.6500,160.4800,1.799814
_08136_,VPWR,li1,100.9700,160.4800,1.799815
_08135_,VPWR,li1,103.9600,160.4800,1.799814
_08134_,VPWR,li1,94.0700,160.4800,1.799818
_08133_,VPWR,li1,97.0600,160.4800,1.799817
_08132_,VPWR,li1,89.7000,160.4800,1.799821
_08131_,VPWR,li1,102.5800,165.9200,1.799684
_08130_,VPWR,li1,115.4600,160.4800,1.799814
_08129_,VPWR,li1,106.4900,144.1600,1.799845
_08128_,VPWR,li1,106.0300,138.7200,1.799623
_08127_,VPWR,li1,101.8900,144.1600,1.799843
_08126_,VPWR,li1,102.8100,138.7200,1.799631
_08125_,VPWR,li1,100.0500,144.1600,1.799843
_08124_,VPWR,li1,98.2100,138.7200,1.799642
_08123_,VPWR,li1,98.2100,144.1600,1.799842
_08122_,VPWR,li1,111.0900,144.1600,1.799849
_08121_,VPWR,li1,110.8600,171.3600,1.799601
_08120_,VPWR,li1,138.4600,155.0400,1.799534
_08119_,VPWR,li1,158.9300,133.2800,1.798891
_08118_,VPWR,li1,157.7800,127.8400,1.798737
_08117_,VPWR,li1,152.4900,127.8400,1.798739
_08116_,VPWR,li1,154.7900,127.8400,1.798738
_08115_,VPWR,li1,148.8100,127.8400,1.798748
_08114_,VPWR,li1,143.7500,133.2800,1.798807
_08113_,VPWR,li1,143.9800,133.2800,1.798807
_08112_,VPWR,li1,166.9800,138.7200,1.799746
_08111_,VPWR,li1,139.1500,133.2800,1.798784
_08110_,VPWR,li1,136.3900,133.2800,1.798770
_08109_,VPWR,li1,136.3900,133.2800,1.798770
_08108_,VPWR,li1,134.0900,133.2800,1.798759
_08107_,VPWR,li1,127.1900,133.2800,1.798726
_08106_,VPWR,li1,124.4300,133.2800,1.798714
_08105_,VPWR,li1,123.9700,138.7200,1.799631
_08104_,VPWR,li1,123.0500,138.7200,1.799625
_08103_,VPWR,li1,125.1200,138.7200,1.799631
_08102_,VPWR,li1,133.6300,138.7200,1.799651
_08101_,VPWR,li1,146.0500,138.7200,1.799683
_08100_,VPWR,li1,145.1300,122.4000,1.796911
_08099_,VPWR,li1,142.8300,122.4000,1.796895
_08098_,VPWR,li1,145.8200,122.4000,1.796911
_08097_,VPWR,li1,145.8200,116.9600,1.797960
_08096_,VPWR,li1,136.1600,116.9600,1.797973
_08095_,VPWR,li1,132.4800,116.9600,1.797980
_08094_,VPWR,li1,132.7100,116.9600,1.797980
_08093_,VPWR,li1,136.6200,111.5200,1.796540
_08092_,VPWR,li1,133.1700,111.5200,1.796494
_08091_,VPWR,li1,126.2700,116.9600,1.797989
_08090_,VPWR,li1,134.7800,116.9600,1.797976
_08089_,VPWR,li1,135.2400,111.5200,1.796540
_08088_,VPWR,li1,132.7100,122.4000,1.796854
_08087_,VPWR,li1,139.3800,122.4000,1.796884
_08086_,VPWR,li1,135.7000,122.4000,1.796862
_08085_,VPWR,li1,152.9500,149.6000,1.799389
_08084_,VPWR,li1,175.0300,133.2800,1.799158
_08083_,VPWR,li1,187.6800,122.4000,1.795029
_08082_,VPWR,li1,188.8300,127.8400,1.797705
_08081_,VPWR,li1,185.3800,127.8400,1.797934
_08080_,VPWR,li1,195.5000,116.9600,1.797502
_08079_,VPWR,li1,347.0700,122.4000,1.793681
_08078_,VPWR,li1,344.5400,122.4000,1.794104
_08077_,VPWR,li1,334.6500,122.4000,1.795524
_08076_,VPWR,li1,235.7500,127.8400,1.794489
_08075_,VPWR,li1,232.5300,122.4000,1.789643
_08074_,VPWR,li1,238.5100,122.4000,1.789808
_08073_,VPWR,li1,244.0300,122.4000,1.790123
_08072_,VPWR,li1,223.7900,122.4000,1.790134
_08071_,VPWR,li1,220.5700,127.8400,1.795320
_08070_,VPWR,li1,216.8900,127.8400,1.795654
_08069_,VPWR,li1,222.4100,133.2800,1.797308
_08068_,VPWR,li1,194.8100,133.2800,1.798170
_08067_,VPWR,li1,191.5900,149.6000,1.799330
_08066_,VPWR,li1,190.6700,149.6000,1.799364
_08065_,VPWR,li1,189.7500,165.9200,1.799562
_08064_,VPWR,li1,157.0900,149.6000,1.799399
_08063_,VPWR,li1,155.7100,171.3600,1.799679
_08062_,VPWR,li1,159.3900,171.3600,1.799701
_08061_,VPWR,li1,156.1700,171.3600,1.799679
_08060_,VPWR,li1,119.3700,171.3600,1.799595
_08059_,VPWR,li1,117.0700,171.3600,1.799596
_08058_,VPWR,li1,114.7700,176.8000,1.799634
_08057_,VPWR,li1,120.5200,187.6800,1.799865
_08056_,VPWR,li1,97.7500,182.2400,1.799835
_08055_,VPWR,li1,94.0700,187.6800,1.799878
_08054_,VPWR,li1,89.9300,193.1200,1.799872
_08053_,VPWR,li1,92.9200,193.1200,1.799872
_08052_,VPWR,li1,79.8100,193.1200,1.799874
_08051_,VPWR,li1,75.2100,193.1200,1.799876
_08050_,VPWR,li1,77.5100,193.1200,1.799875
_08049_,VPWR,li1,77.9700,193.1200,1.799875
_08048_,VPWR,li1,70.1500,193.1200,1.799879
_08047_,VPWR,li1,85.3300,193.1200,1.799873
_08046_,VPWR,li1,100.2800,187.6800,1.799873
_08045_,VPWR,li1,88.0900,182.2400,1.799840
_08044_,VPWR,li1,92.2300,182.2400,1.799838
_08043_,VPWR,li1,87.4000,187.6800,1.799884
_08042_,VPWR,li1,81.6500,182.2400,1.799846
_08041_,VPWR,li1,65.5500,187.6800,1.799907
_08040_,VPWR,li1,66.4700,187.6800,1.799907
_08039_,VPWR,li1,62.7900,187.6800,1.799912
_08038_,VPWR,li1,66.2400,193.1200,1.799883
_08037_,VPWR,li1,60.0300,193.1200,1.799891
_08036_,VPWR,li1,113.8500,171.3600,1.799598
_08035_,VPWR,li1,108.7900,176.8000,1.799631
_08034_,VPWR,li1,111.7800,176.8000,1.799633
_08033_,VPWR,li1,104.6500,171.3600,1.799609
_08032_,VPWR,li1,102.3500,171.3600,1.799613
_08031_,VPWR,li1,103.2700,165.9200,1.799684
_08030_,VPWR,li1,104.6500,165.9200,1.799680
_08029_,VPWR,li1,105.8000,165.9200,1.799680
_08028_,VPWR,li1,99.1300,165.9200,1.799689
_08027_,VPWR,li1,126.7300,176.8000,1.799657
_08026_,VPWR,li1,110.4000,182.2400,1.799836
_08025_,VPWR,li1,129.7200,171.3600,1.799613
_08024_,VPWR,li1,152.9500,155.0400,1.799636
_08023_,VPWR,li1,150.8800,149.6000,1.799384
_08022_,VPWR,li1,145.1300,149.6000,1.799375
_08021_,VPWR,li1,148.1200,149.6000,1.799379
_08020_,VPWR,li1,138.6900,149.6000,1.799370
_08019_,VPWR,li1,135.4700,155.0400,1.799522
_08018_,VPWR,li1,135.9300,149.6000,1.799369
_08017_,VPWR,li1,148.5800,160.4800,1.799830
_08016_,VPWR,li1,130.4100,155.0400,1.799492
_08015_,VPWR,li1,125.8100,160.4800,1.799817
_08014_,VPWR,li1,128.8000,160.4800,1.799817
_08013_,VPWR,li1,120.2900,160.4800,1.799815
_08012_,VPWR,li1,115.2300,160.4800,1.799814
_08011_,VPWR,li1,120.0600,165.9200,1.799674
_08010_,VPWR,li1,127.4200,165.9200,1.799688
_08009_,VPWR,li1,136.6200,160.4800,1.799822
_08008_,VPWR,li1,132.7100,149.6000,1.799368
_08007_,VPWR,li1,132.2500,144.1600,1.799871
_08006_,VPWR,li1,130.4100,144.1600,1.799869
_08005_,VPWR,li1,137.7700,144.1600,1.799877
_08004_,VPWR,li1,135.4700,138.7200,1.799656
_08003_,VPWR,li1,130.8700,138.7200,1.799647
_08002_,VPWR,li1,128.1100,144.1600,1.799865
_08001_,VPWR,li1,134.3200,144.1600,1.799873
_08000_,VPWR,li1,124.4300,144.1600,1.799862
_07999_,VPWR,li1,123.2800,144.1600,1.799859
_07998_,VPWR,li1,147.4300,144.1600,1.799891
_07997_,VPWR,li1,125.8100,144.1600,1.799862
_07996_,VPWR,li1,119.6000,138.7200,1.799621
_07995_,VPWR,li1,119.8300,144.1600,1.799858
_07994_,VPWR,li1,145.8200,171.3600,1.799649
_07993_,VPWR,li1,163.3000,155.0400,1.799724
_07992_,VPWR,li1,188.8300,133.2800,1.798497
_07991_,VPWR,li1,184.4600,127.8400,1.798143
_07990_,VPWR,li1,182.8500,133.2800,1.798784
_07989_,VPWR,li1,181.7000,127.8400,1.798416
_07988_,VPWR,li1,177.7900,133.2800,1.799067
_07987_,VPWR,li1,174.5700,127.8400,1.798922
_07986_,VPWR,li1,171.8100,133.2800,1.799116
_07985_,VPWR,li1,175.0300,133.2800,1.799158
_07984_,VPWR,li1,189.0600,144.1600,1.799892
_07983_,VPWR,li1,170.4300,138.7200,1.799753
_07982_,VPWR,li1,163.5300,138.7200,1.799734
_07981_,VPWR,li1,164.9100,133.2800,1.798961
_07980_,VPWR,li1,154.7900,138.7200,1.799705
_07979_,VPWR,li1,151.1100,138.7200,1.799699
_07978_,VPWR,li1,148.3500,138.7200,1.799688
_07977_,VPWR,li1,148.8100,138.7200,1.799692
_07976_,VPWR,li1,153.4100,138.7200,1.799705
_07975_,VPWR,li1,164.2200,144.1600,1.799919
_07974_,VPWR,li1,180.7800,138.7200,1.799702
_07973_,VPWR,li1,197.1100,116.9600,1.797502
_07972_,VPWR,li1,200.7900,116.9600,1.797575
_07971_,VPWR,li1,197.8000,116.9600,1.797535
_07970_,VPWR,li1,200.5600,116.9600,1.797575
_07969_,VPWR,li1,149.2700,116.9600,1.797958
_07968_,VPWR,li1,149.7300,116.9600,1.797956
_07967_,VPWR,li1,152.7200,116.9600,1.797954
_07966_,VPWR,li1,153.1800,122.4000,1.796953
_07965_,VPWR,li1,143.7500,116.9600,1.797963
_07964_,VPWR,li1,144.9000,111.5200,1.796731
_07963_,VPWR,li1,145.5900,111.5200,1.796731
_07962_,VPWR,li1,140.0700,111.5200,1.796612
_07961_,VPWR,li1,142.3700,111.5200,1.796681
_07960_,VPWR,li1,130.4100,111.5200,1.796445
_07959_,VPWR,li1,128.1100,198.5600,1.799894
_07958_,VPWR,li1,184.4600,160.4800,1.799763
_07957_,VPWR,li1,207.0000,133.2800,1.797794
_07956_,VPWR,li1,216.4300,122.4000,1.790780
_07955_,VPWR,li1,215.0500,122.4000,1.791018
_07954_,VPWR,li1,214.1300,122.4000,1.791018
_07953_,VPWR,li1,215.5100,111.5200,1.796876
_07952_,VPWR,li1,284.0500,122.4000,1.792328
_07951_,VPWR,li1,352.5900,122.4000,1.793437
_07950_,VPWR,li1,355.1200,133.2800,1.797857
_07949_,VPWR,li1,347.0700,133.2800,1.798012
_07948_,VPWR,li1,337.4100,127.8400,1.796933
_07947_,VPWR,li1,338.7900,122.4000,1.794782
_07946_,VPWR,li1,315.5600,133.2800,1.798008
_07945_,VPWR,li1,285.4300,122.4000,1.792328
_07944_,VPWR,li1,281.7500,127.8400,1.795388
_07943_,VPWR,li1,285.4300,127.8400,1.795613
_07942_,VPWR,li1,284.0500,133.2800,1.796894
_07941_,VPWR,li1,247.2500,127.8400,1.794450
_07940_,VPWR,li1,244.0300,127.8400,1.794423
_07939_,VPWR,li1,240.3500,127.8400,1.794444
_07938_,VPWR,li1,242.1900,138.7200,1.798708
_07937_,VPWR,li1,227.9300,133.2800,1.797164
_07936_,VPWR,li1,220.1100,149.6000,1.799019
_07935_,VPWR,li1,218.7300,149.6000,1.799019
_07934_,VPWR,li1,219.8800,171.3600,1.799448
_07933_,VPWR,li1,192.0500,165.9200,1.799530
_07932_,VPWR,li1,189.2900,171.3600,1.799654
_07931_,VPWR,li1,187.6800,171.3600,1.799689
_07930_,VPWR,li1,187.6800,176.8000,1.799817
_07929_,VPWR,li1,158.9300,176.8000,1.799764
_07928_,VPWR,li1,154.7900,182.2400,1.799866
_07927_,VPWR,li1,153.4100,176.8000,1.799740
_07926_,VPWR,li1,154.1000,182.2400,1.799866
_07925_,VPWR,li1,121.2100,182.2400,1.799840
_07924_,VPWR,li1,117.9900,182.2400,1.799838
_07923_,VPWR,li1,118.2200,187.6800,1.799865
_07922_,VPWR,li1,118.2200,193.1200,1.799879
_07921_,VPWR,li1,88.0900,182.2400,1.799840
_07920_,VPWR,li1,83.9500,193.1200,1.799873
_07919_,VPWR,li1,88.3200,193.1200,1.799872
_07918_,VPWR,li1,86.4800,193.1200,1.799872
_07917_,VPWR,li1,92.0000,193.1200,1.799872
_07916_,VPWR,li1,84.8700,198.5600,1.799915
_07915_,VPWR,li1,80.7300,182.2400,1.799848
_07914_,VPWR,li1,113.8500,182.2400,1.799836
_07913_,VPWR,li1,107.4100,187.6800,1.799868
_07912_,VPWR,li1,110.4000,187.6800,1.799867
_07911_,VPWR,li1,102.8100,187.6800,1.799871
_07910_,VPWR,li1,100.0500,193.1200,1.799872
_07909_,VPWR,li1,97.7500,193.1200,1.799872
_07908_,VPWR,li1,100.0500,193.1200,1.799872
_07907_,VPWR,li1,94.9900,193.1200,1.799872
_07906_,VPWR,li1,108.7900,193.1200,1.799873
_07905_,VPWR,li1,134.0900,187.6800,1.799870
_07904_,VPWR,li1,150.6500,176.8000,1.799725
_07903_,VPWR,li1,143.7500,176.8000,1.799704
_07902_,VPWR,li1,142.8300,171.3600,1.799643
_07901_,VPWR,li1,136.3900,171.3600,1.799628
_07900_,VPWR,li1,131.3300,176.8000,1.799666
_07899_,VPWR,li1,130.6400,171.3600,1.799613
_07898_,VPWR,li1,132.7100,171.3600,1.799620
_07897_,VPWR,li1,122.8200,176.8000,1.799646
_07896_,VPWR,li1,134.0900,176.8000,1.799677
_07895_,VPWR,li1,120.7500,176.8000,1.799642
_07894_,VPWR,li1,130.1800,176.8000,1.799666
_07893_,VPWR,li1,128.1100,165.9200,1.799688
_07892_,VPWR,li1,129.0300,160.4800,1.799817
_07891_,VPWR,li1,127.6500,160.4800,1.799817
_07890_,VPWR,li1,130.6400,165.9200,1.799694
_07889_,VPWR,li1,123.9700,165.9200,1.799681
_07888_,VPWR,li1,148.1200,187.6800,1.799883
_07887_,VPWR,li1,149.2700,171.3600,1.799660
_07886_,VPWR,li1,189.2900,160.4800,1.799718
_07885_,VPWR,li1,180.5500,160.4800,1.799802
_07884_,VPWR,li1,182.1600,160.4800,1.799802
_07883_,VPWR,li1,166.7500,155.0400,1.799775
_07882_,VPWR,li1,162.1500,155.0400,1.799724
_07881_,VPWR,li1,162.6100,160.4800,1.799846
_07880_,VPWR,li1,163.7600,160.4800,1.799849
_07879_,VPWR,li1,151.1100,160.4800,1.799833
_07878_,VPWR,li1,145.5900,160.4800,1.799827
_07877_,VPWR,li1,146.7400,155.0400,1.799595
_07876_,VPWR,li1,140.0700,160.4800,1.799824
_07875_,VPWR,li1,136.3900,160.4800,1.799822
_07874_,VPWR,li1,137.0800,165.9200,1.799708
_07873_,VPWR,li1,148.3500,165.9200,1.799731
_07872_,VPWR,li1,155.4800,160.4800,1.799839
_07871_,VPWR,li1,167.6700,144.1600,1.799926
_07870_,VPWR,li1,164.4500,144.1600,1.799919
_07869_,VPWR,li1,165.8300,144.1600,1.799919
_07868_,VPWR,li1,174.5700,144.1600,1.799941
_07867_,VPWR,li1,143.2900,144.1600,1.799885
_07866_,VPWR,li1,145.5900,144.1600,1.799889
_07865_,VPWR,li1,140.5300,144.1600,1.799881
_07864_,VPWR,li1,138.2300,198.5600,1.799894
_07863_,VPWR,li1,155.7100,144.1600,1.799902
_07862_,VPWR,li1,158.0100,144.1600,1.799908
_07861_,VPWR,li1,155.2500,144.1600,1.799902
_07860_,VPWR,li1,155.4800,138.7200,1.799711
_07859_,VPWR,li1,152.0300,144.1600,1.799897
_07858_,VPWR,li1,181.2400,171.3600,1.799744
_07857_,VPWR,li1,192.5100,160.4800,1.799676
_07856_,VPWR,li1,220.5700,127.8400,1.795320
_07855_,VPWR,li1,216.8900,133.2800,1.797427
_07854_,VPWR,li1,217.3500,133.2800,1.797427
_07853_,VPWR,li1,213.2100,127.8400,1.795932
_07852_,VPWR,li1,211.3700,133.2800,1.797610
_07851_,VPWR,li1,208.6100,138.7200,1.799220
_07850_,VPWR,li1,209.9900,138.7200,1.799181
_07849_,VPWR,li1,215.2800,138.7200,1.799117
_07848_,VPWR,li1,193.4300,138.7200,1.799453
_07847_,VPWR,li1,187.9100,138.7200,1.799574
_07846_,VPWR,li1,187.9100,138.7200,1.799574
_07845_,VPWR,li1,181.4700,138.7200,1.799664
_07844_,VPWR,li1,177.3300,138.7200,1.799740
_07843_,VPWR,li1,178.7100,138.7200,1.799740
_07842_,VPWR,li1,182.6200,144.1600,1.799913
_07841_,VPWR,li1,198.0300,133.2800,1.798060
_07840_,VPWR,li1,184.9200,149.6000,1.799483
_07839_,VPWR,li1,198.2600,138.7200,1.799372
_07838_,VPWR,li1,218.7300,116.9600,1.797834
_07837_,VPWR,li1,217.8100,111.5200,1.796918
_07836_,VPWR,li1,215.5100,116.9600,1.797795
_07835_,VPWR,li1,222.1800,111.5200,1.797013
_07834_,VPWR,li1,214.1300,116.9600,1.797760
_07833_,VPWR,li1,207.9200,116.9600,1.797684
_07832_,VPWR,li1,204.7000,116.9600,1.797636
_07831_,VPWR,li1,211.6000,116.9600,1.797732
_07830_,VPWR,li1,208.6100,116.9600,1.797684
_07829_,VPWR,li1,202.1700,111.5200,1.796576
_07828_,VPWR,li1,200.5600,111.5200,1.796535
_07827_,VPWR,li1,209.0700,111.5200,1.796731
_07826_,VPWR,li1,155.2500,111.5200,1.796938
_07825_,VPWR,li1,157.5500,111.5200,1.796985
_07824_,VPWR,li1,149.5000,111.5200,1.796823
_07823_,VPWR,li1,146.9700,106.0800,1.799376
_07822_,VPWR,li1,152.4900,111.5200,1.796883
_07821_,VPWR,li1,130.8700,111.5200,1.796445
_07820_,VPWR,li1,213.2100,165.9200,1.799374
_07819_,VPWR,li1,228.1600,133.2800,1.797165
_07818_,VPWR,li1,241.7300,122.4000,1.790016
_07817_,VPWR,li1,243.1100,127.8400,1.794423
_07816_,VPWR,li1,240.3500,127.8400,1.794444
_07815_,VPWR,li1,242.4200,116.9600,1.798219
_07814_,VPWR,li1,279.2200,122.4000,1.792057
_07813_,VPWR,li1,354.8900,133.2800,1.797857
_07812_,VPWR,li1,350.5200,138.7200,1.798282
_07811_,VPWR,li1,347.5300,138.7200,1.798326
_07810_,VPWR,li1,338.7900,133.2800,1.798319
_07809_,VPWR,li1,339.7100,133.2800,1.798319
_07808_,VPWR,li1,313.0300,133.2800,1.797902
_07807_,VPWR,li1,308.8900,133.2800,1.797709
_07806_,VPWR,li1,310.0400,127.8400,1.796980
_07805_,VPWR,li1,310.5000,138.7200,1.798928
_07804_,VPWR,li1,280.8300,133.2800,1.796819
_07803_,VPWR,li1,277.6100,133.2800,1.796788
_07802_,VPWR,li1,281.9800,133.2800,1.796819
_07801_,VPWR,li1,278.3000,138.7200,1.798695
_07800_,VPWR,li1,246.7900,138.7200,1.798665
_07799_,VPWR,li1,233.4500,149.6000,1.799009
_07798_,VPWR,li1,232.7600,155.0400,1.799726
_07797_,VPWR,li1,232.7600,160.4800,1.799360
_07796_,VPWR,li1,222.4100,165.9200,1.799334
_07795_,VPWR,li1,217.8100,171.3600,1.799458
_07794_,VPWR,li1,217.1200,171.3600,1.799458
_07793_,VPWR,li1,219.4200,176.8000,1.799753
_07792_,VPWR,li1,189.7500,176.8000,1.799802
_07791_,VPWR,li1,189.2900,182.2400,1.799850
_07790_,VPWR,li1,184.4600,182.2400,1.799877
_07789_,VPWR,li1,185.8400,187.6800,1.799923
_07788_,VPWR,li1,157.5500,187.6800,1.799898
_07787_,VPWR,li1,153.8700,187.6800,1.799891
_07786_,VPWR,li1,152.4900,193.1200,1.799908
_07785_,VPWR,li1,155.9400,193.1200,1.799912
_07784_,VPWR,li1,121.6700,187.6800,1.799865
_07783_,VPWR,li1,126.5000,187.6800,1.799866
_07782_,VPWR,li1,129.4900,291.0400,1.799912
_07781_,VPWR,li1,117.5300,187.6800,1.799865
_07780_,VPWR,li1,128.5700,193.1200,1.799885
_07779_,VPWR,li1,127.6500,187.6800,1.799866
_07778_,VPWR,li1,114.7700,193.1200,1.799876
_07777_,VPWR,li1,111.7800,193.1200,1.799875
_07776_,VPWR,li1,110.8600,187.6800,1.799867
_07775_,VPWR,li1,113.6200,193.1200,1.799876
_07774_,VPWR,li1,110.6300,193.1200,1.799875
_07773_,VPWR,li1,150.6500,187.6800,1.799885
_07772_,VPWR,li1,143.7500,187.6800,1.799876
_07771_,VPWR,li1,143.7500,187.6800,1.799876
_07770_,VPWR,li1,138.2300,187.6800,1.799872
_07769_,VPWR,li1,131.3300,187.6800,1.799869
_07768_,VPWR,li1,137.7700,187.6800,1.799872
_07767_,VPWR,li1,138.2300,182.2400,1.799853
_07766_,VPWR,li1,135.4700,182.2400,1.799850
_07765_,VPWR,li1,144.2100,198.5600,1.799896
_07764_,VPWR,li1,164.9100,193.1200,1.799926
_07763_,VPWR,li1,182.8500,176.8000,1.799839
_07762_,VPWR,li1,177.3300,176.8000,1.799862
_07761_,VPWR,li1,178.9400,171.3600,1.799789
_07760_,VPWR,li1,147.4300,176.8000,1.799716
_07759_,VPWR,li1,143.7500,176.8000,1.799704
_07758_,VPWR,li1,149.7300,176.8000,1.799725
_07757_,VPWR,li1,174.1100,182.2400,1.799914
_07756_,VPWR,li1,136.3900,176.8000,1.799683
_07755_,VPWR,li1,133.6300,176.8000,1.799672
_07754_,VPWR,li1,132.2500,176.8000,1.799672
_07753_,VPWR,li1,127.1900,176.8000,1.799657
_07752_,VPWR,li1,127.6500,106.0800,1.799435
_07751_,VPWR,li1,145.1300,171.3600,1.799649
_07750_,VPWR,li1,145.3600,165.9200,1.799725
_07749_,VPWR,li1,144.4400,165.9200,1.799725
_07748_,VPWR,li1,149.0400,165.9200,1.799736
_07747_,VPWR,li1,140.5300,165.9200,1.799716
_07746_,VPWR,li1,178.4800,193.1200,1.799937
_07745_,VPWR,li1,181.4700,176.8000,1.799839
_07744_,VPWR,li1,215.9700,165.9200,1.799360
_07743_,VPWR,li1,208.6100,165.9200,1.799410
_07742_,VPWR,li1,209.3000,165.9200,1.799397
_07741_,VPWR,li1,196.6500,165.9200,1.799491
_07740_,VPWR,li1,193.8900,160.4800,1.799676
_07739_,VPWR,li1,192.7400,165.9200,1.799530
_07738_,VPWR,li1,195.2700,160.4800,1.799651
_07737_,VPWR,li1,195.9600,165.9200,1.799508
_07736_,VPWR,li1,166.2900,160.4800,1.799851
_07735_,VPWR,li1,163.5300,165.9200,1.799773
_07734_,VPWR,li1,166.2900,165.9200,1.799780
_07733_,VPWR,li1,158.9300,165.9200,1.799760
_07732_,VPWR,li1,155.7100,165.9200,1.799752
_07731_,VPWR,li1,156.4000,165.9200,1.799752
_07730_,VPWR,li1,166.7500,165.9200,1.799780
_07729_,VPWR,li1,169.7400,160.4800,1.799857
_07728_,VPWR,li1,187.9100,149.6000,1.799400
_07727_,VPWR,li1,187.4500,149.6000,1.799437
_07726_,VPWR,li1,187.6800,144.1600,1.799901
_07725_,VPWR,li1,182.3900,149.6000,1.799519
_07724_,VPWR,li1,196.1900,155.0400,1.799799
_07723_,VPWR,li1,171.3500,149.6000,1.799591
_07722_,VPWR,li1,175.4900,149.6000,1.799651
_07721_,VPWR,li1,171.8100,144.1600,1.799935
_07720_,VPWR,li1,172.7300,149.6000,1.799591
_07719_,VPWR,li1,168.1300,149.6000,1.799545
_07718_,VPWR,li1,143.2900,144.1600,1.799885
_07717_,VPWR,li1,181.9300,149.6000,1.799519
_07716_,VPWR,li1,192.0500,149.6000,1.799330
_07715_,VPWR,li1,180.5500,144.1600,1.799920
_07714_,VPWR,li1,177.7900,144.1600,1.799930
_07713_,VPWR,li1,179.6300,149.6000,1.799566
_07712_,VPWR,li1,208.1500,176.8000,1.799766
_07711_,VPWR,li1,217.3500,160.4800,1.799466
_07710_,VPWR,li1,241.2700,133.2800,1.796995
_07709_,VPWR,li1,245.4100,133.2800,1.796958
_07708_,VPWR,li1,234.3700,133.2800,1.797068
_07707_,VPWR,li1,234.8300,133.2800,1.797068
_07706_,VPWR,li1,231.1500,133.2800,1.797103
_07705_,VPWR,li1,228.3900,138.7200,1.798904
_07704_,VPWR,li1,232.0700,138.7200,1.798871
_07703_,VPWR,li1,230.6900,138.7200,1.798871
_07702_,VPWR,li1,240.8100,138.7200,1.798734
_07701_,VPWR,li1,220.5700,138.7200,1.799040
_07700_,VPWR,li1,214.5900,144.1600,1.799817
_07699_,VPWR,li1,218.2700,144.1600,1.799809
_07698_,VPWR,li1,203.0900,138.7200,1.799311
_07697_,VPWR,li1,207.4600,138.7200,1.799220
_07696_,VPWR,li1,200.7900,144.1600,1.799855
_07695_,VPWR,li1,202.4000,133.2800,1.797957
_07694_,VPWR,li1,204.0100,133.2800,1.797856
_07693_,VPWR,li1,207.4600,144.1600,1.799840
_07692_,VPWR,li1,199.6400,133.2800,1.798060
_07691_,VPWR,li1,212.9800,149.6000,1.799096
_07690_,VPWR,li1,224.9400,138.7200,1.798968
_07689_,VPWR,li1,242.1900,122.4000,1.790016
_07688_,VPWR,li1,246.3300,116.9600,1.798299
_07687_,VPWR,li1,244.4900,116.9600,1.798268
_07686_,VPWR,li1,244.4900,116.9600,1.798268
_07685_,VPWR,li1,246.5600,116.9600,1.798299
_07684_,VPWR,li1,227.9300,111.5200,1.797140
_07683_,VPWR,li1,228.3900,116.9600,1.798006
_07682_,VPWR,li1,233.2200,111.5200,1.797248
_07681_,VPWR,li1,229.5400,111.5200,1.797200
_07680_,VPWR,li1,224.7100,111.5200,1.797071
_07679_,VPWR,li1,226.5500,116.9600,1.797954
_07678_,VPWR,li1,233.4500,111.5200,1.797291
_07677_,VPWR,li1,219.1900,111.5200,1.796960
_07676_,VPWR,li1,222.8700,111.5200,1.797013
_07675_,VPWR,li1,221.4900,111.5200,1.797013
_07674_,VPWR,li1,216.6600,106.0800,1.799782
_07673_,VPWR,li1,213.6700,106.0800,1.799779
_07672_,VPWR,li1,232.7600,160.4800,1.799360
_07671_,VPWR,li1,254.8400,133.2800,1.796891
_07670_,VPWR,li1,276.2300,122.4000,1.791888
_07669_,VPWR,li1,273.0100,122.4000,1.791622
_07668_,VPWR,li1,273.9300,122.4000,1.791761
_07667_,VPWR,li1,277.8400,116.9600,1.798833
_07666_,VPWR,li1,270.9400,133.2800,1.796806
_07665_,VPWR,li1,336.2600,133.2800,1.798427
_07664_,VPWR,li1,355.3500,138.7200,1.798195
_07663_,VPWR,li1,351.2100,133.2800,1.797903
_07662_,VPWR,li1,359.9500,138.7200,1.798177
_07661_,VPWR,li1,352.5900,138.7200,1.798235
_07660_,VPWR,li1,345.9200,138.7200,1.798419
_07659_,VPWR,li1,343.8500,138.7200,1.798534
_07658_,VPWR,li1,336.2600,133.2800,1.798427
_07657_,VPWR,li1,342.9300,133.2800,1.798161
_07656_,VPWR,li1,330.7400,133.2800,1.798700
_07655_,VPWR,li1,331.2000,138.7200,1.799091
_07654_,VPWR,li1,313.7200,138.7200,1.798976
_07653_,VPWR,li1,316.0200,138.7200,1.799006
_07652_,VPWR,li1,297.8500,133.2800,1.797302
_07651_,VPWR,li1,299.0000,138.7200,1.798834
_07650_,VPWR,li1,274.6200,138.7200,1.798687
_07649_,VPWR,li1,281.0600,138.7200,1.798717
_07648_,VPWR,li1,273.9300,160.4800,1.799265
_07647_,VPWR,li1,274.6200,160.4800,1.799265
_07646_,VPWR,li1,235.9800,160.4800,1.799348
_07645_,VPWR,li1,233.2200,165.9200,1.799338
_07644_,VPWR,li1,232.3000,176.8000,1.799753
_07643_,VPWR,li1,231.1500,171.3600,1.799438
_07642_,VPWR,li1,215.2800,176.8000,1.799756
_07641_,VPWR,li1,217.3500,176.8000,1.799754
_07640_,VPWR,li1,215.5100,182.2400,1.799767
_07639_,VPWR,li1,213.4400,182.2400,1.799777
_07638_,VPWR,li1,216.6600,182.2400,1.799767
_07637_,VPWR,li1,189.0600,187.6800,1.799919
_07636_,VPWR,li1,187.2200,187.6800,1.799923
_07635_,VPWR,li1,185.3800,193.1200,1.799917
_07634_,VPWR,li1,184.9200,187.6800,1.799928
_07633_,VPWR,li1,191.8200,193.1200,1.799904
_07632_,VPWR,li1,156.8600,193.1200,1.799912
_07631_,VPWR,li1,159.1600,193.1200,1.799917
_07630_,VPWR,li1,159.1600,193.1200,1.799917
_07629_,VPWR,li1,157.7800,187.6800,1.799898
_07628_,VPWR,li1,163.5300,198.5600,1.799909
_07627_,VPWR,li1,132.7100,193.1200,1.799888
_07626_,VPWR,li1,130.1800,187.6800,1.799867
_07625_,VPWR,li1,135.4700,193.1200,1.799890
_07624_,VPWR,li1,131.3300,198.5600,1.799894
_07623_,VPWR,li1,129.4900,193.1200,1.799885
_07622_,VPWR,li1,149.7300,193.1200,1.799905
_07621_,VPWR,li1,152.0300,193.1200,1.799908
_07620_,VPWR,li1,146.7400,193.1200,1.799901
_07619_,VPWR,li1,143.2900,193.1200,1.799899
_07618_,VPWR,li1,143.7500,193.1200,1.799899
_07617_,VPWR,li1,181.4700,193.1200,1.799928
_07616_,VPWR,li1,176.4100,187.6800,1.799942
_07615_,VPWR,li1,182.1600,193.1200,1.799928
_07614_,VPWR,li1,168.5900,193.1200,1.799934
_07613_,VPWR,li1,167.2100,187.6800,1.799927
_07612_,VPWR,li1,164.9100,187.6800,1.799920
_07611_,VPWR,li1,194.3500,193.1200,1.799896
_07610_,VPWR,li1,178.7100,187.6800,1.799937
_07609_,VPWR,li1,198.9500,187.6800,1.799911
_07608_,VPWR,li1,211.3700,176.8000,1.799761
_07607_,VPWR,li1,207.9200,171.3600,1.799524
_07606_,VPWR,li1,204.7000,171.3600,1.799544
_07605_,VPWR,li1,205.3900,176.8000,1.799771
_07604_,VPWR,li1,177.5600,176.8000,1.799862
_07603_,VPWR,li1,179.8600,176.8000,1.799850
_07602_,VPWR,li1,177.1000,182.2400,1.799905
_07601_,VPWR,li1,179.4000,182.2400,1.799894
_07600_,VPWR,li1,195.7300,182.2400,1.799826
_07599_,VPWR,li1,168.5900,182.2400,1.799903
_07598_,VPWR,li1,170.4300,182.2400,1.799908
_07597_,VPWR,li1,166.7500,182.2400,1.799898
_07596_,VPWR,li1,166.2900,182.2400,1.799892
_07595_,VPWR,li1,124.4300,176.8000,1.799652
_07594_,VPWR,li1,171.8100,171.3600,1.799788
_07593_,VPWR,li1,171.8100,171.3600,1.799788
_07592_,VPWR,li1,168.8200,171.3600,1.799768
_07591_,VPWR,li1,169.5100,171.3600,1.799768
_07590_,VPWR,li1,166.2900,171.3600,1.799750
_07589_,VPWR,li1,206.5400,187.6800,1.799903
_07588_,VPWR,li1,201.4800,176.8000,1.799778
_07587_,VPWR,li1,229.7700,160.4800,1.799377
_07586_,VPWR,li1,226.0900,160.4800,1.799400
_07585_,VPWR,li1,229.0800,160.4800,1.799388
_07584_,VPWR,li1,220.5700,160.4800,1.799440
_07583_,VPWR,li1,220.5700,160.4800,1.799440
_07582_,VPWR,li1,217.1200,160.4800,1.799466
_07581_,VPWR,li1,217.8100,165.9200,1.799351
_07580_,VPWR,li1,243.5700,160.4800,1.799325
_07579_,VPWR,li1,197.5700,160.4800,1.799632
_07578_,VPWR,li1,180.5500,165.9200,1.799713
_07577_,VPWR,li1,183.3100,165.9200,1.799668
_07576_,VPWR,li1,175.0300,160.4800,1.799866
_07575_,VPWR,li1,175.4900,160.4800,1.799866
_07574_,VPWR,li1,169.7400,155.0400,1.799809
_07573_,VPWR,li1,175.0300,165.9200,1.799805
_07572_,VPWR,li1,91.3100,160.4800,1.799819
_07571_,VPWR,li1,171.5800,160.4800,1.799860
_07570_,VPWR,li1,169.9700,176.8000,1.799837
_07569_,VPWR,li1,237.5900,160.4800,1.799342
_07568_,VPWR,li1,213.6700,155.0400,1.799759
_07567_,VPWR,li1,206.7700,155.0400,1.799774
_07566_,VPWR,li1,209.5300,155.0400,1.799767
_07565_,VPWR,li1,206.3100,155.0400,1.799774
_07564_,VPWR,li1,200.3300,149.6000,1.799228
_07563_,VPWR,li1,202.6300,149.6000,1.799202
_07562_,VPWR,li1,200.5600,149.6000,1.799228
_07561_,VPWR,li1,196.6500,149.6000,1.799282
_07560_,VPWR,li1,196.6500,149.6000,1.799282
_07559_,VPWR,li1,212.7500,149.6000,1.799096
_07558_,VPWR,li1,215.0500,149.6000,1.799060
_07557_,VPWR,li1,208.6100,149.6000,1.799149
_07556_,VPWR,li1,209.5300,149.6000,1.799122
_07555_,VPWR,li1,206.3100,149.6000,1.799173
_07554_,VPWR,li1,226.3200,171.3600,1.799443
_07553_,VPWR,li1,254.6100,160.4800,1.799296
_07552_,VPWR,li1,271.6300,133.2800,1.796806
_07551_,VPWR,li1,265.6500,127.8400,1.794950
_07550_,VPWR,li1,266.8000,133.2800,1.796833
_07549_,VPWR,li1,258.2900,133.2800,1.796877
_07548_,VPWR,li1,253.2300,127.8400,1.794611
_07547_,VPWR,li1,251.8500,133.2800,1.796922
_07546_,VPWR,li1,262.6600,133.2800,1.796846
_07545_,VPWR,li1,252.3100,138.7200,1.798667
_07544_,VPWR,li1,238.5100,144.1600,1.799769
_07543_,VPWR,li1,240.8100,144.1600,1.799764
_07542_,VPWR,li1,232.5300,144.1600,1.799778
_07541_,VPWR,li1,250.2400,138.7200,1.798666
_07540_,VPWR,li1,226.5500,144.1600,1.799790
_07539_,VPWR,li1,224.7100,144.1600,1.799798
_07538_,VPWR,li1,223.1000,144.1600,1.799798
_07537_,VPWR,li1,216.8900,138.7200,1.799075
_07536_,VPWR,li1,201.0200,133.2800,1.797957
_07535_,VPWR,li1,219.1900,138.7200,1.799040
_07534_,VPWR,li1,205.8500,133.2800,1.797794
_07533_,VPWR,li1,202.1700,62.5600,1.799589
_07532_,VPWR,li1,199.4100,127.8400,1.796938
_07531_,VPWR,li1,228.3900,149.6000,1.799012
_07530_,VPWR,li1,240.5800,149.6000,1.799062
_07529_,VPWR,li1,254.3800,138.7200,1.798668
_07528_,VPWR,li1,275.7700,116.9600,1.798797
_07527_,VPWR,li1,275.3100,116.9600,1.798765
_07526_,VPWR,li1,280.1400,111.5200,1.798431
_07525_,VPWR,li1,277.8400,111.5200,1.798373
_07524_,VPWR,li1,252.3100,111.5200,1.797723
_07523_,VPWR,li1,248.6300,116.9600,1.798338
_07522_,VPWR,li1,245.4100,111.5200,1.797574
_07521_,VPWR,li1,244.9500,111.5200,1.797531
_07520_,VPWR,li1,255.9900,111.5200,1.797830
_07519_,VPWR,li1,239.8900,111.5200,1.797416
_07518_,VPWR,li1,242.1900,111.5200,1.797481
_07517_,VPWR,li1,239.2000,106.0800,1.799802
_07516_,VPWR,li1,236.6700,111.5200,1.797351
_07515_,VPWR,li1,234.3700,106.0800,1.799796
_07514_,VPWR,li1,247.7100,111.5200,1.797629
_07513_,VPWR,li1,248.8600,111.5200,1.797629
_07512_,VPWR,li1,241.5000,111.5200,1.797481
_07511_,VPWR,li1,280.3700,116.9600,1.798874
_07510_,VPWR,li1,274.3900,111.5200,1.798280
_07509_,VPWR,li1,272.5500,111.5200,1.798217
_07508_,VPWR,li1,299.0000,111.5200,1.798884
_07507_,VPWR,li1,267.9500,111.5200,1.798125
_07506_,VPWR,li1,265.4200,160.4800,1.799272
_07505_,VPWR,li1,286.5800,133.2800,1.796956
_07504_,VPWR,li1,306.5900,133.2800,1.797626
_07503_,VPWR,li1,305.6700,127.8400,1.796732
_07502_,VPWR,li1,307.7400,127.8400,1.796849
_07501_,VPWR,li1,307.2800,116.9600,1.799356
_07500_,VPWR,li1,357.6500,144.1600,1.799145
_07499_,VPWR,li1,359.2600,155.0400,1.799712
_07498_,VPWR,li1,356.7300,144.1600,1.799145
_07497_,VPWR,li1,354.4300,149.6000,1.799479
_07496_,VPWR,li1,351.6700,138.7200,1.798235
_07495_,VPWR,li1,345.2300,138.7200,1.798419
_07494_,VPWR,li1,342.7000,138.7200,1.798534
_07493_,VPWR,li1,334.6500,138.7200,1.798949
_07492_,VPWR,li1,330.0500,138.7200,1.799229
_07491_,VPWR,li1,323.6100,138.7200,1.799108
_07490_,VPWR,li1,324.7600,138.7200,1.799144
_07489_,VPWR,li1,322.9200,144.1600,1.799704
_07488_,VPWR,li1,303.8300,138.7200,1.798866
_07487_,VPWR,li1,301.5300,133.2800,1.797399
_07486_,VPWR,li1,296.9300,160.4800,1.799383
_07485_,VPWR,li1,299.2300,160.4800,1.799405
_07484_,VPWR,li1,298.7700,165.9200,1.799540
_07483_,VPWR,li1,278.5300,160.4800,1.799280
_07482_,VPWR,li1,271.6300,160.4800,1.799266
_07481_,VPWR,li1,272.5500,165.9200,1.799408
_07480_,VPWR,li1,273.7000,165.9200,1.799408
_07479_,VPWR,li1,278.3000,171.3600,1.799532
_07478_,VPWR,li1,234.3700,171.3600,1.799438
_07477_,VPWR,li1,235.2900,176.8000,1.799755
_07476_,VPWR,li1,229.3100,182.2400,1.799745
_07475_,VPWR,li1,232.0700,182.2400,1.799744
_07474_,VPWR,li1,231.8400,182.2400,1.799744
_07473_,VPWR,li1,220.1100,182.2400,1.799758
_07472_,VPWR,li1,218.2700,182.2400,1.799763
_07471_,VPWR,li1,216.4300,193.1200,1.799861
_07470_,VPWR,li1,219.4200,193.1200,1.799859
_07469_,VPWR,li1,229.5400,193.1200,1.799853
_07468_,VPWR,li1,190.6700,193.1200,1.799904
_07467_,VPWR,li1,188.8300,193.1200,1.799911
_07466_,VPWR,li1,190.2100,198.5600,1.799840
_07465_,VPWR,li1,225.8600,193.1200,1.799855
_07464_,VPWR,li1,191.3600,198.5600,1.799824
_07463_,VPWR,li1,161.0000,198.5600,1.799905
_07462_,VPWR,li1,159.3900,198.5600,1.799905
_07461_,VPWR,li1,175.0300,198.5600,1.799924
_07460_,VPWR,li1,175.2600,193.1200,1.799947
_07459_,VPWR,li1,175.2600,193.1200,1.799947
_07458_,VPWR,li1,171.8100,193.1200,1.799938
_07457_,VPWR,li1,171.5800,187.6800,1.799940
_07456_,VPWR,li1,211.3700,187.6800,1.799900
_07455_,VPWR,li1,208.3800,187.6800,1.799902
_07454_,VPWR,li1,204.7000,193.1200,1.799878
_07453_,VPWR,li1,205.3900,187.6800,1.799905
_07452_,VPWR,li1,197.5700,193.1200,1.799889
_07451_,VPWR,li1,201.7100,193.1200,1.799882
_07450_,VPWR,li1,198.0300,193.1200,1.799889
_07449_,VPWR,li1,200.3300,198.5600,1.799779
_07448_,VPWR,li1,208.1500,198.5600,1.799734
_07447_,VPWR,li1,227.9300,171.3600,1.799439
_07446_,VPWR,li1,223.7900,171.3600,1.799445
_07445_,VPWR,li1,225.6300,176.8000,1.799753
_07444_,VPWR,li1,204.9300,176.8000,1.799771
_07443_,VPWR,li1,201.7100,171.3600,1.799572
_07442_,VPWR,li1,205.1600,182.2400,1.799796
_07441_,VPWR,li1,200.5600,176.8000,1.799783
_07440_,VPWR,li1,245.1800,176.8000,1.799767
_07439_,VPWR,li1,201.0200,182.2400,1.799809
_07438_,VPWR,li1,199.4100,182.2400,1.799818
_07437_,VPWR,li1,193.8900,187.6800,1.799914
_07436_,VPWR,li1,193.4300,182.2400,1.799836
_07435_,VPWR,li1,196.1900,182.2400,1.799826
_07434_,VPWR,li1,162.1500,193.1200,1.799920
_07433_,VPWR,li1,194.3500,176.8000,1.799792
_07432_,VPWR,li1,170.6600,182.2400,1.799908
_07431_,VPWR,li1,165.8300,176.8000,1.799810
_07430_,VPWR,li1,162.6100,176.8000,1.799779
_07429_,VPWR,li1,163.0700,182.2400,1.799886
_07428_,VPWR,li1,162.6100,182.2400,1.799886
_07427_,VPWR,li1,249.5500,171.3600,1.799458
_07426_,VPWR,li1,268.8700,160.4800,1.799267
_07425_,VPWR,li1,261.5100,160.4800,1.799279
_07424_,VPWR,li1,259.2100,160.4800,1.799284
_07423_,VPWR,li1,252.5400,160.4800,1.799301
_07422_,VPWR,li1,251.6200,165.9200,1.799366
_07421_,VPWR,li1,252.0800,160.4800,1.799301
_07420_,VPWR,li1,254.3800,160.4800,1.799296
_07419_,VPWR,li1,254.8400,155.0400,1.799738
_07418_,VPWR,li1,246.5600,160.4800,1.799317
_07417_,VPWR,li1,249.7800,160.4800,1.799308
_07416_,VPWR,li1,242.8800,165.9200,1.799354
_07415_,VPWR,li1,245.1800,165.9200,1.799357
_07414_,VPWR,li1,238.9700,165.9200,1.799345
_07413_,VPWR,li1,239.8900,165.9200,1.799349
_07412_,VPWR,li1,235.7500,165.9200,1.799342
_07411_,VPWR,li1,238.9700,160.4800,1.799342
_07410_,VPWR,li1,241.7300,171.3600,1.799447
_07409_,VPWR,li1,243.1100,149.6000,1.799080
_07408_,VPWR,li1,239.8900,149.6000,1.799047
_07407_,VPWR,li1,241.2700,155.0400,1.799729
_07406_,VPWR,li1,245.4100,149.6000,1.799097
_07405_,VPWR,li1,274.3900,149.6000,1.799315
_07404_,VPWR,li1,208.1500,160.4800,1.799539
_07403_,VPWR,li1,203.0900,160.4800,1.799590
_07402_,VPWR,li1,205.8500,160.4800,1.799559
_07401_,VPWR,li1,209.9900,160.4800,1.799524
_07400_,VPWR,li1,204.2400,165.9200,1.799440
_07399_,VPWR,li1,202.1700,160.4800,1.799590
_07398_,VPWR,li1,232.9900,149.6000,1.799009
_07397_,VPWR,li1,230.4600,144.1600,1.799786
_07396_,VPWR,li1,227.0100,149.6000,1.799013
_07395_,VPWR,li1,230.2300,155.0400,1.799730
_07394_,VPWR,li1,260.8200,171.3600,1.799482
_07393_,VPWR,li1,265.8800,155.0400,1.799746
_07392_,VPWR,li1,301.5300,127.8400,1.796486
_07391_,VPWR,li1,303.8300,127.8400,1.796628
_07390_,VPWR,li1,297.3900,133.2800,1.797302
_07389_,VPWR,li1,300.1500,133.2800,1.797399
_07388_,VPWR,li1,293.2500,133.2800,1.797173
_07387_,VPWR,li1,289.1100,133.2800,1.797046
_07386_,VPWR,li1,290.0300,127.8400,1.795866
_07385_,VPWR,li1,290.0300,133.2800,1.797046
_07384_,VPWR,li1,291.1800,122.4000,1.793070
_07383_,VPWR,li1,267.0300,133.2800,1.796824
_07382_,VPWR,li1,264.2700,133.2800,1.796846
_07381_,VPWR,li1,263.3500,138.7200,1.798676
_07380_,VPWR,li1,265.1900,138.7200,1.798678
_07379_,VPWR,li1,256.9100,138.7200,1.798670
_07378_,VPWR,li1,257.8300,138.7200,1.798670
_07377_,VPWR,li1,256.9100,144.1600,1.799742
_07376_,VPWR,li1,254.6100,144.1600,1.799745
_07375_,VPWR,li1,247.7100,144.1600,1.799754
_07374_,VPWR,li1,252.0800,144.1600,1.799749
_07373_,VPWR,li1,255.3000,122.4000,1.790650
_07372_,VPWR,li1,266.3400,144.1600,1.799732
_07371_,VPWR,li1,307.0500,116.9600,1.799356
_07370_,VPWR,li1,308.4300,111.5200,1.799163
_07369_,VPWR,li1,312.8000,111.5200,1.799285
_07368_,VPWR,li1,310.5000,111.5200,1.799224
_07367_,VPWR,li1,283.1300,111.5200,1.798508
_07366_,VPWR,li1,280.8300,106.0800,1.799859
_07365_,VPWR,li1,279.4500,111.5200,1.798373
_07364_,VPWR,li1,278.9900,106.0800,1.799855
_07363_,VPWR,li1,304.0600,106.0800,1.799904
_07362_,VPWR,li1,259.6700,111.5200,1.797898
_07361_,VPWR,li1,256.4500,111.5200,1.797830
_07360_,VPWR,li1,258.7500,111.5200,1.797898
_07359_,VPWR,li1,254.1500,111.5200,1.797785
_07358_,VPWR,li1,257.6000,116.9600,1.798465
_07357_,VPWR,li1,271.6300,111.5200,1.798217
_07356_,VPWR,li1,269.1000,106.0800,1.799838
_07355_,VPWR,li1,265.1900,111.5200,1.798056
_07354_,VPWR,li1,268.4100,111.5200,1.798125
_07353_,VPWR,li1,309.3500,116.9600,1.799399
_07352_,VPWR,li1,301.5300,111.5200,1.798981
_07351_,VPWR,li1,306.1300,111.5200,1.799108
_07350_,VPWR,li1,304.2900,111.5200,1.799047
_07349_,VPWR,li1,299.2300,111.5200,1.798884
_07348_,VPWR,li1,303.8300,111.5200,1.799047
_07347_,VPWR,li1,294.4000,160.4800,1.799368
_07346_,VPWR,li1,310.9600,127.8400,1.796980
_07345_,VPWR,li1,324.9900,127.8400,1.797815
_07344_,VPWR,li1,327.7500,127.8400,1.798072
_07343_,VPWR,li1,320.1600,133.2800,1.798351
_07342_,VPWR,li1,362.2500,149.6000,1.799434
_07341_,VPWR,li1,362.9400,160.4800,1.799543
_07340_,VPWR,li1,359.9500,165.9200,1.799639
_07339_,VPWR,li1,358.3400,149.6000,1.799448
_07338_,VPWR,li1,358.5700,149.6000,1.799448
_07337_,VPWR,li1,355.3500,149.6000,1.799467
_07336_,VPWR,li1,346.6100,144.1600,1.799301
_07335_,VPWR,li1,349.3700,149.6000,1.799512
_07334_,VPWR,li1,342.4700,144.1600,1.799390
_07333_,VPWR,li1,343.1600,144.1600,1.799390
_07332_,VPWR,li1,340.4000,149.6000,1.799608
_07331_,VPWR,li1,334.8800,149.6000,1.799677
_07330_,VPWR,li1,323.8400,144.1600,1.799706
_07329_,VPWR,li1,327.0600,144.1600,1.799710
_07328_,VPWR,li1,312.3400,165.9200,1.799642
_07327_,VPWR,li1,309.5800,160.4800,1.799520
_07326_,VPWR,li1,295.3200,165.9200,1.799518
_07325_,VPWR,li1,297.1600,160.4800,1.799383
_07324_,VPWR,li1,284.9700,165.9200,1.799462
_07323_,VPWR,li1,286.1200,165.9200,1.799462
_07322_,VPWR,li1,274.6200,171.3600,1.799520
_07321_,VPWR,li1,276.0000,165.9200,1.799418
_07320_,VPWR,li1,277.3800,182.2400,1.799772
_07319_,VPWR,li1,273.0100,182.2400,1.799764
_07318_,VPWR,li1,236.4400,182.2400,1.799743
_07317_,VPWR,li1,234.3700,182.2400,1.799743
_07316_,VPWR,li1,233.2200,193.1200,1.799852
_07315_,VPWR,li1,235.5200,193.1200,1.799851
_07314_,VPWR,li1,247.4800,193.1200,1.799852
_07313_,VPWR,li1,235.5200,193.1200,1.799851
_07312_,VPWR,li1,230.9200,198.5600,1.799614
_07311_,VPWR,li1,232.7600,193.1200,1.799852
_07310_,VPWR,li1,230.4600,193.1200,1.799853
_07309_,VPWR,li1,241.5000,198.5600,1.799565
_07308_,VPWR,li1,225.8600,198.5600,1.799646
_07307_,VPWR,li1,226.0900,193.1200,1.799855
_07306_,VPWR,li1,222.1800,193.1200,1.799856
_07305_,VPWR,li1,218.2700,193.1200,1.799859
_07304_,VPWR,li1,227.4700,198.5600,1.799632
_07303_,VPWR,li1,213.6700,193.1200,1.799864
_07302_,VPWR,li1,210.6800,193.1200,1.799868
_07301_,VPWR,li1,207.6900,193.1200,1.799872
_07300_,VPWR,li1,207.6900,193.1200,1.799872
_07299_,VPWR,li1,215.9700,193.1200,1.799861
_07298_,VPWR,li1,226.0900,182.2400,1.799749
_07297_,VPWR,li1,223.3300,182.2400,1.799755
_07296_,VPWR,li1,222.8700,182.2400,1.799755
_07295_,VPWR,li1,207.2300,182.2400,1.799790
_07294_,VPWR,li1,210.2200,182.2400,1.799784
_07293_,VPWR,li1,240.1200,187.6800,1.799883
_07292_,VPWR,li1,264.2700,171.3600,1.799488
_07291_,VPWR,li1,260.5900,165.9200,1.799385
_07290_,VPWR,li1,258.5200,171.3600,1.799477
_07289_,VPWR,li1,256.4500,171.3600,1.799473
_07288_,VPWR,li1,251.6200,171.3600,1.799461
_07287_,VPWR,li1,253.9200,171.3600,1.799468
_07286_,VPWR,li1,252.0800,176.8000,1.799776
_07285_,VPWR,li1,254.3800,176.8000,1.799779
_07284_,VPWR,li1,260.3600,176.8000,1.799785
_07283_,VPWR,li1,247.4800,176.8000,1.799770
_07282_,VPWR,li1,251.8500,182.2400,1.799749
_07281_,VPWR,li1,247.4800,182.2400,1.799747
_07280_,VPWR,li1,243.5700,182.2400,1.799746
_07279_,VPWR,li1,196.6500,176.8000,1.799788
_07278_,VPWR,li1,247.7100,182.2400,1.799747
_07277_,VPWR,li1,246.7900,171.3600,1.799454
_07276_,VPWR,li1,242.8800,176.8000,1.799764
_07275_,VPWR,li1,240.3500,171.3600,1.799444
_07274_,VPWR,li1,243.5700,171.3600,1.799450
_07273_,VPWR,li1,245.8700,171.3600,1.799454
_07272_,VPWR,li1,265.8800,171.3600,1.799495
_07271_,VPWR,li1,295.5500,155.0400,1.799791
_07270_,VPWR,li1,292.3300,155.0400,1.799788
_07269_,VPWR,li1,294.1700,155.0400,1.799791
_07268_,VPWR,li1,291.8700,160.4800,1.799352
_07267_,VPWR,li1,269.3300,155.0400,1.799752
_07266_,VPWR,li1,265.1900,155.0400,1.799746
_07265_,VPWR,li1,261.9700,155.0400,1.799744
_07264_,VPWR,li1,263.3500,155.0400,1.799744
_07263_,VPWR,li1,261.7400,155.0400,1.799744
_07262_,VPWR,li1,256.9100,155.0400,1.799740
_07261_,VPWR,li1,250.2400,155.0400,1.799734
_07260_,VPWR,li1,252.3100,155.0400,1.799737
_07259_,VPWR,li1,245.4100,149.6000,1.799097
_07258_,VPWR,li1,248.1700,149.6000,1.799117
_07257_,VPWR,li1,265.1900,144.1600,1.799732
_07256_,VPWR,li1,266.5700,149.6000,1.799254
_07255_,VPWR,li1,269.5600,144.1600,1.799728
_07254_,VPWR,li1,270.7100,144.1600,1.799728
_07253_,VPWR,li1,287.5000,144.1600,1.799715
_07252_,VPWR,li1,272.3200,149.6000,1.799299
_07251_,VPWR,li1,272.3200,149.6000,1.799299
_07250_,VPWR,li1,272.5500,144.1600,1.799726
_07249_,VPWR,li1,269.3300,149.6000,1.799276
_07248_,VPWR,li1,234.8300,155.0400,1.799727
_07247_,VPWR,li1,279.9100,149.6000,1.799358
_07246_,VPWR,li1,263.5800,144.1600,1.799734
_07245_,VPWR,li1,260.5900,144.1600,1.799739
_07244_,VPWR,li1,255.0700,144.1600,1.799745
_07243_,VPWR,li1,259.2100,144.1600,1.799739
_07242_,VPWR,li1,287.5000,155.0400,1.799779
_07241_,VPWR,li1,320.8500,138.7200,1.799076
_07240_,VPWR,li1,321.5400,133.2800,1.798351
_07239_,VPWR,li1,318.5500,133.2800,1.798202
_07238_,VPWR,li1,314.4100,127.8400,1.797249
_07237_,VPWR,li1,312.5700,122.4000,1.795312
_07236_,VPWR,li1,307.2800,122.4000,1.794756
_07235_,VPWR,li1,310.0400,122.4000,1.795046
_07234_,VPWR,li1,308.6600,122.4000,1.794756
_07233_,VPWR,li1,316.4800,122.4000,1.795554
_07232_,VPWR,li1,297.8500,122.4000,1.793767
_07231_,VPWR,li1,294.6300,122.4000,1.793286
_07230_,VPWR,li1,265.1900,122.4000,1.791280
_07229_,VPWR,li1,267.4900,122.4000,1.791407
_07228_,VPWR,li1,266.5700,116.9600,1.798640
_07227_,VPWR,li1,260.1300,122.4000,1.791003
_07226_,VPWR,li1,258.2900,116.9600,1.798500
_07225_,VPWR,li1,256.2200,116.9600,1.798465
_07224_,VPWR,li1,253.6900,122.4000,1.790650
_07223_,VPWR,li1,256.9100,122.4000,1.790827
_07222_,VPWR,li1,261.9700,111.5200,1.797960
_07221_,VPWR,li1,290.9500,138.7200,1.798781
_07220_,VPWR,li1,323.6100,127.8400,1.797815
_07219_,VPWR,li1,325.9100,127.8400,1.797958
_07218_,VPWR,li1,321.7700,127.8400,1.797617
_07217_,VPWR,li1,316.7100,111.5200,1.799390
_07216_,VPWR,li1,314.1800,111.5200,1.799285
_07215_,VPWR,li1,316.9400,111.5200,1.799390
_07214_,VPWR,li1,312.5700,106.0800,1.799921
_07213_,VPWR,li1,309.8100,106.0800,1.799917
_07212_,VPWR,li1,316.9400,100.6400,1.799883
_07211_,VPWR,li1,307.5100,106.0800,1.799908
_07210_,VPWR,li1,306.1300,106.0800,1.799908
_07209_,VPWR,li1,304.7500,106.0800,1.799904
_07208_,VPWR,li1,305.4400,100.6400,1.799851
_07207_,VPWR,li1,300.1500,106.0800,1.799896
_07206_,VPWR,li1,269.7900,111.5200,1.798171
_07205_,VPWR,li1,306.8200,160.4800,1.799484
_07204_,VPWR,li1,322.9200,122.4000,1.796356
_07203_,VPWR,li1,369.3800,165.9200,1.799614
_07202_,VPWR,li1,365.9300,165.9200,1.799620
_07201_,VPWR,li1,368.2300,160.4800,1.799537
_07200_,VPWR,li1,359.7200,160.4800,1.799549
_07199_,VPWR,li1,357.4200,160.4800,1.799561
_07198_,VPWR,li1,356.5000,160.4800,1.799574
_07197_,VPWR,li1,359.0300,155.0400,1.799712
_07196_,VPWR,li1,351.9000,155.0400,1.799731
_07195_,VPWR,li1,355.8100,155.0400,1.799719
_07194_,VPWR,li1,349.6000,155.0400,1.799741
_07193_,VPWR,li1,351.9000,155.0400,1.799731
_07192_,VPWR,li1,346.3800,155.0400,1.799758
_07191_,VPWR,li1,338.1000,155.0400,1.799812
_07190_,VPWR,li1,336.9500,149.6000,1.799640
_07189_,VPWR,li1,341.3200,155.0400,1.799795
_07188_,VPWR,li1,320.1600,165.9200,1.799704
_07187_,VPWR,li1,341.5500,149.6000,1.799589
_07186_,VPWR,li1,324.3000,160.4800,1.799692
_07185_,VPWR,li1,318.0900,160.4800,1.799625
_07184_,VPWR,li1,318.0900,160.4800,1.799625
_07183_,VPWR,li1,314.6400,171.3600,1.799702
_07182_,VPWR,li1,312.8000,165.9200,1.799642
_07181_,VPWR,li1,310.0400,171.3600,1.799676
_07180_,VPWR,li1,294.8600,171.3600,1.799591
_07179_,VPWR,li1,287.7300,171.3600,1.799565
_07178_,VPWR,li1,285.6600,182.2400,1.799789
_07177_,VPWR,li1,285.2000,176.8000,1.799822
_07176_,VPWR,li1,272.3200,182.2400,1.799764
_07175_,VPWR,li1,269.7900,187.6800,1.799877
_07174_,VPWR,li1,266.5700,182.2400,1.799758
_07173_,VPWR,li1,272.5500,187.6800,1.799878
_07172_,VPWR,li1,280.3700,182.2400,1.799776
_07171_,VPWR,li1,268.8700,187.6800,1.799877
_07170_,VPWR,li1,270.9400,193.1200,1.799868
_07169_,VPWR,li1,252.0800,193.1200,1.799853
_07168_,VPWR,li1,249.3200,187.6800,1.799880
_07167_,VPWR,li1,248.4000,193.1200,1.799852
_07166_,VPWR,li1,254.3800,193.1200,1.799855
_07165_,VPWR,li1,260.8200,193.1200,1.799858
_07164_,VPWR,li1,246.1000,198.5600,1.799537
_07163_,VPWR,li1,244.9500,193.1200,1.799851
_07162_,VPWR,li1,240.5800,193.1200,1.799851
_07161_,VPWR,li1,238.5100,198.5600,1.799576
_07160_,VPWR,li1,242.6500,193.1200,1.799851
_07159_,VPWR,li1,242.6500,187.6800,1.799882
_07158_,VPWR,li1,240.8100,182.2400,1.799744
_07157_,VPWR,li1,243.3400,187.6800,1.799882
_07156_,VPWR,li1,236.6700,187.6800,1.799885
_07155_,VPWR,li1,245.4100,187.6800,1.799881
_07154_,VPWR,li1,258.2900,182.2400,1.799752
_07153_,VPWR,li1,253.4600,182.2400,1.799749
_07152_,VPWR,li1,255.5300,182.2400,1.799751
_07151_,VPWR,li1,290.2600,165.9200,1.799488
_07150_,VPWR,li1,290.7200,165.9200,1.799488
_07149_,VPWR,li1,269.3300,171.3600,1.799505
_07148_,VPWR,li1,266.5700,171.3600,1.799495
_07147_,VPWR,li1,267.7200,176.8000,1.799797
_07146_,VPWR,li1,265.6500,176.8000,1.799793
_07145_,VPWR,li1,278.0700,176.8000,1.799813
_07144_,VPWR,li1,266.3400,182.2400,1.799758
_07143_,VPWR,li1,264.7300,176.8000,1.799793
_07142_,VPWR,li1,263.1200,182.2400,1.799755
_07141_,VPWR,li1,259.2100,182.2400,1.799753
_07140_,VPWR,li1,262.4300,182.2400,1.799755
_07139_,VPWR,li1,254.6100,171.3600,1.799468
_07138_,VPWR,li1,252.7700,165.9200,1.799371
_07137_,VPWR,li1,255.7600,165.9200,1.799375
_07136_,VPWR,li1,313.0300,160.4800,1.799558
_07135_,VPWR,li1,307.2800,155.0400,1.799823
_07134_,VPWR,li1,309.5800,160.4800,1.799520
_07133_,VPWR,li1,303.8300,160.4800,1.799456
_07132_,VPWR,li1,287.2700,160.4800,1.799325
_07131_,VPWR,li1,285.2000,155.0400,1.799775
_07130_,VPWR,li1,280.3700,155.0400,1.799767
_07129_,VPWR,li1,279.2200,155.0400,1.799765
_07128_,VPWR,li1,282.9000,155.0400,1.799770
_07127_,VPWR,li1,259.9000,155.0400,1.799741
_07126_,VPWR,li1,255.9900,155.0400,1.799738
_07125_,VPWR,li1,254.1500,149.6000,1.799152
_07124_,VPWR,li1,251.8500,149.6000,1.799134
_07123_,VPWR,li1,282.6700,144.1600,1.799720
_07122_,VPWR,li1,287.5000,144.1600,1.799715
_07121_,VPWR,li1,295.3200,144.1600,1.799711
_07120_,VPWR,li1,293.7100,138.7200,1.798799
_07119_,VPWR,li1,298.0800,144.1600,1.799710
_07118_,VPWR,li1,287.5000,138.7200,1.798749
_07117_,VPWR,li1,284.0500,138.7200,1.798736
_07116_,VPWR,li1,291.6400,144.1600,1.799713
_07115_,VPWR,li1,284.5100,144.1600,1.799717
_07114_,VPWR,li1,295.5500,138.7200,1.798811
_07113_,VPWR,li1,278.0700,144.1600,1.799722
_07112_,VPWR,li1,307.5100,155.0400,1.799823
_07111_,VPWR,li1,338.3300,144.1600,1.799489
_07110_,VPWR,li1,336.0300,144.1600,1.799546
_07109_,VPWR,li1,335.1100,144.1600,1.799602
_07108_,VPWR,li1,330.9700,144.1600,1.799671
_07107_,VPWR,li1,333.7300,144.1600,1.799602
_07106_,VPWR,li1,325.9100,122.4000,1.796672
_07105_,VPWR,li1,319.4700,122.4000,1.795870
_07104_,VPWR,li1,321.7700,116.9600,1.799614
_07103_,VPWR,li1,313.4900,122.4000,1.795312
_07102_,VPWR,li1,295.5500,122.4000,1.793527
_07101_,VPWR,li1,297.8500,122.4000,1.793767
_07100_,VPWR,li1,293.2500,116.9600,1.799088
_07099_,VPWR,li1,295.0900,116.9600,1.799141
_07098_,VPWR,li1,287.2700,122.4000,1.792663
_07097_,VPWR,li1,286.3500,116.9600,1.798985
_07096_,VPWR,li1,271.4000,122.4000,1.791622
_07095_,VPWR,li1,268.4100,122.4000,1.791407
_07094_,VPWR,li1,265.1900,122.4000,1.791280
_07093_,VPWR,li1,325.4500,122.4000,1.796672
_07092_,VPWR,li1,324.0700,116.9600,1.799649
_07091_,VPWR,li1,325.9100,116.9600,1.799709
_07090_,VPWR,li1,320.3900,100.6400,1.799902
_07089_,VPWR,li1,319.0100,106.0800,1.799938
_07088_,VPWR,li1,317.6300,106.0800,1.799933
_07087_,VPWR,li1,321.0800,100.6400,1.799902
_07086_,VPWR,li1,313.0300,100.6400,1.799862
_07085_,VPWR,li1,335.3400,116.9600,1.799693
_07084_,VPWR,li1,342.7000,160.4800,1.799660
_07083_,VPWR,li1,368.2300,165.9200,1.799614
_07082_,VPWR,li1,370.0700,171.3600,1.799639
_07081_,VPWR,li1,364.5500,171.3600,1.799647
_07080_,VPWR,li1,362.9400,171.3600,1.799652
_07079_,VPWR,li1,360.8700,171.3600,1.799659
_07078_,VPWR,li1,361.5600,171.3600,1.799652
_07077_,VPWR,li1,360.8700,160.4800,1.799549
_07076_,VPWR,li1,364.5500,160.4800,1.799543
_07075_,VPWR,li1,356.9600,171.3600,1.799666
_07074_,VPWR,li1,346.8400,171.3600,1.799713
_07073_,VPWR,li1,353.9700,160.4800,1.799587
_07072_,VPWR,li1,349.6000,165.9200,1.799679
_07071_,VPWR,li1,350.9800,160.4800,1.799601
_07070_,VPWR,li1,343.6200,165.9200,1.799713
_07069_,VPWR,li1,338.3300,171.3600,1.799761
_07068_,VPWR,li1,344.3100,165.9200,1.799703
_07067_,VPWR,li1,339.4800,160.4800,1.799682
_07066_,VPWR,li1,341.0900,171.3600,1.799747
_07065_,VPWR,li1,334.8800,171.3600,1.799787
_07064_,VPWR,li1,335.8000,165.9200,1.799752
_07063_,VPWR,li1,346.3800,160.4800,1.799633
_07062_,VPWR,li1,348.6800,165.9200,1.799679
_07061_,VPWR,li1,331.2000,165.9200,1.799780
_07060_,VPWR,li1,330.9700,165.9200,1.799780
_07059_,VPWR,li1,334.1900,171.3600,1.799787
_07058_,VPWR,li1,329.8200,171.3600,1.799825
_07057_,VPWR,li1,328.9000,176.8000,1.799932
_07056_,VPWR,li1,330.5100,160.4800,1.799750
_07055_,VPWR,li1,325.4500,176.8000,1.799920
_07054_,VPWR,li1,321.5400,176.8000,1.799906
_07053_,VPWR,li1,326.8300,182.2400,1.799921
_07052_,VPWR,li1,325.4500,171.3600,1.799779
_07051_,VPWR,li1,330.0500,171.3600,1.799825
_07050_,VPWR,li1,325.6800,165.9200,1.799770
_07049_,VPWR,li1,318.7800,176.8000,1.799893
_07048_,VPWR,li1,320.1600,171.3600,1.799739
_07047_,VPWR,li1,317.1700,176.8000,1.799893
_07046_,VPWR,li1,313.7200,171.3600,1.799702
_07045_,VPWR,li1,313.4900,176.8000,1.799879
_07044_,VPWR,li1,299.2300,176.8000,1.799849
_07043_,VPWR,li1,314.1800,182.2400,1.799875
_07042_,VPWR,li1,317.1700,182.2400,1.799884
_07041_,VPWR,li1,311.4200,182.2400,1.799868
_07040_,VPWR,li1,312.3400,176.8000,1.799879
_07039_,VPWR,li1,308.8900,176.8000,1.799871
_07038_,VPWR,li1,309.8100,171.3600,1.799676
_07037_,VPWR,li1,305.2100,176.8000,1.799860
_07036_,VPWR,li1,306.1300,176.8000,1.799865
_07035_,VPWR,li1,310.2700,176.8000,1.799871
_07034_,VPWR,li1,308.2000,182.2400,1.799857
_07033_,VPWR,li1,313.7200,182.2400,1.799875
_07032_,VPWR,li1,306.3600,187.6800,1.799908
_07031_,VPWR,li1,309.8100,182.2400,1.799857
_07030_,VPWR,li1,309.1200,187.6800,1.799912
_07029_,VPWR,li1,287.9600,187.6800,1.799887
_07028_,VPWR,li1,289.1100,182.2400,1.799798
_07027_,VPWR,li1,283.5900,182.2400,1.799784
_07026_,VPWR,li1,286.1200,187.6800,1.799885
_07025_,VPWR,li1,282.9000,187.6800,1.799883
_07024_,VPWR,li1,290.7200,187.6800,1.799890
_07023_,VPWR,li1,294.1700,187.6800,1.799894
_07022_,VPWR,li1,287.5000,193.1200,1.799888
_07021_,VPWR,li1,287.7300,193.1200,1.799890
_07020_,VPWR,li1,283.3600,193.1200,1.799882
_07019_,VPWR,li1,295.0900,193.1200,1.799902
_07018_,VPWR,li1,275.5400,187.6800,1.799879
_07017_,VPWR,li1,277.8400,187.6800,1.799881
_07016_,VPWR,li1,274.1600,193.1200,1.799871
_07015_,VPWR,li1,270.9400,193.1200,1.799868
_07014_,VPWR,li1,280.1400,193.1200,1.799877
_07013_,VPWR,li1,285.6600,193.1200,1.799885
_07012_,VPWR,li1,276.6900,193.1200,1.799874
_07011_,VPWR,li1,284.0500,193.1200,1.799885
_07010_,VPWR,li1,281.7500,193.1200,1.799882
_07009_,VPWR,li1,264.9600,193.1200,1.799862
_07008_,VPWR,li1,266.8000,193.1200,1.799864
_07007_,VPWR,li1,259.6700,193.1200,1.799858
_07006_,VPWR,li1,262.4300,193.1200,1.799860
_07005_,VPWR,li1,264.7300,193.1200,1.799862
_07004_,VPWR,li1,259.6700,187.6800,1.799878
_07003_,VPWR,li1,257.6000,187.6800,1.799878
_07002_,VPWR,li1,254.6100,187.6800,1.799878
_07001_,VPWR,li1,286.3500,187.6800,1.799885
_07000_,VPWR,li1,305.2100,171.3600,1.799651
_06999_,VPWR,li1,302.4500,171.3600,1.799632
_06998_,VPWR,li1,303.3700,171.3600,1.799642
_06997_,VPWR,li1,301.0700,176.8000,1.799854
_06996_,VPWR,li1,297.8500,176.8000,1.799849
_06995_,VPWR,li1,295.3200,176.8000,1.799844
_06994_,VPWR,li1,296.0100,171.3600,1.799604
_06993_,VPWR,li1,292.3300,176.8000,1.799838
_06992_,VPWR,li1,290.9500,171.3600,1.799580
_06991_,VPWR,li1,287.5000,176.8000,1.799829
_06990_,VPWR,li1,292.7900,176.8000,1.799838
_06989_,VPWR,li1,295.7800,182.2400,1.799817
_06988_,VPWR,li1,299.4600,182.2400,1.799829
_06987_,VPWR,li1,293.7100,182.2400,1.799807
_06986_,VPWR,li1,281.2900,176.8000,1.799817
_06985_,VPWR,li1,278.3000,176.8000,1.799813
_06984_,VPWR,li1,274.3900,176.8000,1.799807
_06983_,VPWR,li1,275.7700,171.3600,1.799520
_06982_,VPWR,li1,283.5900,176.8000,1.799822
_06981_,VPWR,li1,298.7700,171.3600,1.799618
_06980_,VPWR,li1,320.3900,149.6000,1.799677
_06979_,VPWR,li1,317.6300,149.6000,1.799654
_06978_,VPWR,li1,315.7900,149.6000,1.799628
_06977_,VPWR,li1,319.4700,155.0400,1.799854
_06976_,VPWR,li1,308.8900,149.6000,1.799584
_06975_,VPWR,li1,304.2900,155.0400,1.799815
_06974_,VPWR,li1,304.5200,149.6000,1.799537
_06973_,VPWR,li1,286.8100,155.0400,1.799775
_06972_,VPWR,li1,281.7500,149.6000,1.799372
_06971_,VPWR,li1,258.2900,155.0400,1.799740
_06970_,VPWR,li1,283.1300,155.0400,1.799770
_06969_,VPWR,li1,308.8900,144.1600,1.799706
_06968_,VPWR,li1,307.0500,144.1600,1.799706
_06967_,VPWR,li1,311.6500,144.1600,1.799705
_06966_,VPWR,li1,299.6900,144.1600,1.799709
_06965_,VPWR,li1,301.9900,144.1600,1.799708
_06964_,VPWR,li1,298.0800,149.6000,1.799493
_06963_,VPWR,li1,295.5500,144.1600,1.799711
_06962_,VPWR,li1,300.1500,144.1600,1.799709
_06961_,VPWR,li1,342.4700,160.4800,1.799660
_06960_,VPWR,li1,342.4700,165.9200,1.799713
_06959_,VPWR,li1,342.0100,116.9600,1.799659
_06958_,VPWR,li1,343.3900,116.9600,1.799642
_06957_,VPWR,li1,337.4100,160.4800,1.799697
_06956_,VPWR,li1,340.4000,160.4800,1.799682
_06955_,VPWR,li1,335.5700,116.9600,1.799693
_06954_,VPWR,li1,338.5600,116.9600,1.799673
_06953_,VPWR,li1,336.0300,111.5200,1.799721
_06952_,VPWR,li1,332.3500,111.5200,1.799722
_06951_,VPWR,li1,342.0100,111.5200,1.799720
_06950_,VPWR,li1,337.4100,106.0800,1.799960
_06949_,VPWR,li1,330.2800,116.9600,1.799727
_06948_,VPWR,li1,324.0700,111.5200,1.799588
_06947_,VPWR,li1,321.0800,111.5200,1.799464
_06946_,VPWR,li1,324.0700,106.0800,1.799951
_06945_,VPWR,li1,290.0300,111.5200,1.798651
_06944_,VPWR,li1,292.1000,111.5200,1.798740
_06943_,VPWR,li1,293.0200,111.5200,1.798740
_06942_,VPWR,li1,288.8800,111.5200,1.798651
_06941_,VPWR,li1,290.4900,116.9600,1.799034
_06940_,VPWR,li1,330.0500,106.0800,1.799964
_06939_,VPWR,li1,336.0300,106.0800,1.799960
_06938_,VPWR,li1,333.9600,106.0800,1.799961
_06937_,VPWR,li1,328.9000,100.6400,1.799942
_06936_,VPWR,li1,325.4500,100.6400,1.799929
_06935_,VPWR,li1,333.2700,100.6400,1.799941
_06934_,VPWR,li1,325.4500,106.0800,1.799951
_06933_,VPWR,li1,339.7100,106.0800,1.799959
_06932_,VPWR,li1,330.5100,116.9600,1.799727
_06931_,VPWR,li1,323.6100,116.9600,1.799649
_06930_,VPWR,li1,329.3600,111.5200,1.799723
_06929_,VPWR,li1,333.2700,160.4800,1.799736
_06928_,VPWR,li1,320.8500,155.0400,1.799861
_06927_,VPWR,li1,318.5500,155.0400,1.799854
_06926_,VPWR,li1,322.6900,155.0400,1.799866
_06925_,VPWR,li1,315.7900,155.0400,1.799844
_06924_,VPWR,li1,324.7600,155.0400,1.799873
_06923_,VPWR,li1,300.3800,155.0400,1.799806
_06922_,VPWR,li1,297.3900,149.6000,1.799493
_06921_,VPWR,li1,284.0500,149.6000,1.799390
_06920_,VPWR,li1,295.5500,155.0400,1.799791
_06919_,VPWR,li1,316.2500,144.1600,1.799705
_06918_,VPWR,li1,308.8900,144.1600,1.799706
_06917_,VPWR,li1,311.4200,144.1600,1.799705
_06916_,VPWR,li1,367.7700,182.2400,1.799854
_06915_,VPWR,li1,364.3200,182.2400,1.799860
_06914_,VPWR,li1,364.5500,176.8000,1.799848
_06913_,VPWR,li1,359.4900,176.8000,1.799858
_06912_,VPWR,li1,361.5600,176.8000,1.799852
_06911_,VPWR,li1,358.1100,171.3600,1.799666
_06910_,VPWR,li1,356.7300,171.3600,1.799666
_06909_,VPWR,li1,354.8900,171.3600,1.799674
_06908_,VPWR,li1,348.9100,116.9600,1.799608
_06907_,VPWR,li1,347.0700,111.5200,1.799720
_06906_,VPWR,li1,345.6900,111.5200,1.799720
_06905_,VPWR,li1,346.1500,106.0800,1.799958
_06904_,VPWR,li1,341.7800,106.0800,1.799959
_06903_,VPWR,li1,343.1600,106.0800,1.799958
_06902_,VPWR,li1,345.0000,106.0800,1.799958
_06901_,VPWR,li1,338.3300,106.0800,1.799959
_06900_,VPWR,li1,346.6100,171.3600,1.799713
_06899_,VPWR,li1,352.5900,171.3600,1.799684
_06898_,VPWR,li1,337.8700,171.3600,1.799772
_06897_,VPWR,li1,333.7300,160.4800,1.799736
_06896_,VPWR,li1,335.1100,160.4800,1.799715
_06895_,VPWR,li1,330.9700,160.4800,1.799750
_06894_,VPWR,li1,330.9700,155.0400,1.799868
_06893_,VPWR,li1,325.9100,155.0400,1.799873
_06892_,VPWR,li1,322.2300,149.6000,1.799693
_06891_,VPWR,li1,310.2700,155.0400,1.799831
_06890_,VPWR,li1,306.5900,149.6000,1.799553
_06889_,VPWR,li1,320.8500,149.6000,1.799677
_06888_,VPWR,li1,333.7300,176.8000,1.799915
_06887_,VPWR,li1,336.0300,176.8000,1.799909
_06886_,VPWR,li1,335.8000,182.2400,1.799919
_06885_,VPWR,li1,329.5900,182.2400,1.799932
_06884_,VPWR,li1,326.3700,182.2400,1.799921
_06883_,VPWR,li1,320.8500,176.8000,1.799906
_06882_,VPWR,li1,323.8400,182.2400,1.799911
_06881_,VPWR,li1,323.6100,182.2400,1.799911
_06880_,VPWR,li1,317.1700,187.6800,1.799925
_06879_,VPWR,li1,316.2500,182.2400,1.799884
_06878_,VPWR,li1,321.3100,187.6800,1.799932
_06877_,VPWR,li1,304.2900,187.6800,1.799905
_06876_,VPWR,li1,307.0500,187.6800,1.799908
_06875_,VPWR,li1,298.3100,193.1200,1.799908
_06874_,VPWR,li1,301.7600,193.1200,1.799913
_06873_,VPWR,li1,295.5500,193.1200,1.799902
_06872_,VPWR,li1,298.7700,193.1200,1.799908
_06871_,VPWR,li1,296.9300,187.6800,1.799897
_06870_,VPWR,li1,365.0100,182.2400,1.799860
_06869_,VPWR,li1,361.7900,182.2400,1.799864
_06868_,VPWR,li1,363.6300,182.2400,1.799860
_06867_,VPWR,li1,358.5700,182.2400,1.799867
_06866_,VPWR,li1,356.2700,176.8000,1.799864
_06865_,VPWR,li1,356.7300,176.8000,1.799864
_06864_,VPWR,li1,354.8900,116.9600,1.799573
_06863_,VPWR,li1,348.4500,111.5200,1.799720
_06862_,VPWR,li1,352.3600,111.5200,1.799720
_06861_,VPWR,li1,354.4300,176.8000,1.799868
_06860_,VPWR,li1,351.2100,176.8000,1.799873
_06859_,VPWR,li1,352.1300,182.2400,1.799879
_06858_,VPWR,li1,347.0700,176.8000,1.799886
_06857_,VPWR,li1,343.8500,176.8000,1.799891
_06856_,VPWR,li1,345.6900,176.8000,1.799886
_06855_,VPWR,li1,331.4300,171.3600,1.799807
_06854_,VPWR,li1,328.9000,155.0400,1.799885
_06853_,VPWR,li1,323.6100,155.0400,1.799866
_06852_,VPWR,li1,323.6100,149.6000,1.799693
_06851_,VPWR,li1,330.9700,155.0400,1.799868
_06850_,VPWR,li1,328.2100,149.6000,1.799738
_06849_,VPWR,li1,338.7900,182.2400,1.799907
_06848_,VPWR,li1,344.3100,182.2400,1.799895
_06847_,VPWR,li1,335.5700,182.2400,1.799919
_06846_,VPWR,li1,338.7900,182.2400,1.799907
_06845_,VPWR,li1,332.8100,182.2400,1.799926
_06844_,VPWR,li1,331.2000,187.6800,1.799948
_06843_,VPWR,li1,329.1300,187.6800,1.799953
_06842_,VPWR,li1,302.9100,193.1200,1.799917
_06841_,VPWR,li1,300.1500,187.6800,1.799899
_06840_,VPWR,li1,300.3800,187.6800,1.799899
_06839_,VPWR,li1,355.3500,187.6800,1.799899
_06838_,VPWR,li1,355.3500,182.2400,1.799875
_06837_,VPWR,li1,354.4300,182.2400,1.799875
_06836_,VPWR,li1,354.4300,187.6800,1.799899
_06835_,VPWR,li1,350.5200,182.2400,1.799885
_06834_,VPWR,li1,353.0500,182.2400,1.799879
_06833_,VPWR,li1,349.1400,182.2400,1.799885
_06832_,VPWR,li1,329.1300,155.0400,1.799885
_06831_,VPWR,li1,344.3100,182.2400,1.799895
_06830_,VPWR,li1,350.2900,187.6800,1.799909
_06829_,VPWR,li1,347.5300,182.2400,1.799889
_06828_,VPWR,li1,111.0900,209.4400,1.799861
_06827_,VPWR,li1,199.8700,220.3200,1.799774
_06826_,VPWR,li1,127.6500,100.6400,1.799905
_06825_,VPWR,li1,197.1100,89.7600,1.799750
_06824_,VPWR,li1,126.7300,296.4800,1.799831
_06823_,VPWR,li1,196.1900,307.3600,1.799737
_06822_,VPWR,li1,131.3300,193.1200,1.799888
_06821_,VPWR,li1,81.6500,111.5200,1.796989
_06820_,VPWR,li1,193.8900,334.5600,1.799599
_06819_,VPWR,li1,43.0100,296.4800,1.799901
_06818_,VPWR,li1,112.9300,106.0800,1.799489
_06817_,VPWR,li1,199.8700,187.6800,1.799909
