
===========================================================================
report_checks -path_delay max (Setup)
============================================================================
======================= nom_ss_100C_1v60 Corner ===================================

Startpoint: x1[0] (input port clocked by clk)
Endpoint: _13684_ (rising edge-triggered flip-flop clocked by clk)
Path Group: clk
Path Type: max

Fanout         Cap        Slew       Delay        Time   Description
---------------------------------------------------------------------------------------------
                                  0.000000    0.000000   clock clk (rise edge)
                                  0.000000    0.000000   clock network delay (propagated)
                                  3.000000    3.000000 ^ input external delay
     1    0.003438    0.036502    0.019165    3.019165 ^ x1[0] (in)
                                                         x1[0] (net)
                      0.036502    0.000000    3.019165 ^ input138/A (sky130_fd_sc_hd__clkbuf_1)
     1    0.002401    0.065731    0.129865    3.149030 ^ input138/X (sky130_fd_sc_hd__clkbuf_1)
                                                         net138 (net)
                      0.065731    0.000068    3.149099 ^ fanout597/A (sky130_fd_sc_hd__buf_2)
     5    0.052200    0.405738    0.434613    3.583712 ^ fanout597/X (sky130_fd_sc_hd__buf_2)
                                                         net597 (net)
                      0.405838    0.005318    3.589030 ^ fanout592/A (sky130_fd_sc_hd__buf_2)
     7    0.054723    0.423764    0.590920    4.179950 ^ fanout592/X (sky130_fd_sc_hd__buf_2)
                                                         net592 (net)
                      0.424024    0.006055    4.186006 ^ fanout591/A (sky130_fd_sc_hd__clkbuf_2)
     5    0.039529    0.338314    0.529725    4.715730 ^ fanout591/X (sky130_fd_sc_hd__clkbuf_2)
                                                         net591 (net)
                      0.338320    0.002022    4.717752 ^ fanout588/A (sky130_fd_sc_hd__buf_2)
    10    0.043858    0.344208    0.510163    5.227916 ^ fanout588/X (sky130_fd_sc_hd__buf_2)
                                                         net588 (net)
                      0.344222    0.002594    5.230510 ^ _10922_/A (sky130_fd_sc_hd__and3_1)
     4    0.011020    0.198080    0.480025    5.710536 ^ _10922_/X (sky130_fd_sc_hd__and3_1)
                                                         _03570_ (net)
                      0.198080    0.000186    5.710721 ^ _10925_/A_N (sky130_fd_sc_hd__and4b_1)
     3    0.009105    0.126996    0.498027    6.208748 v _10925_/X (sky130_fd_sc_hd__and4b_1)
                                                         _03573_ (net)
                      0.126996    0.000150    6.208898 v _11082_/B1_N (sky130_fd_sc_hd__o21ba_2)
     5    0.028797    0.276070    0.662900    6.871798 ^ _11082_/X (sky130_fd_sc_hd__o21ba_2)
                                                         _03745_ (net)
                      0.276070    0.000831    6.872629 ^ fanout249/A (sky130_fd_sc_hd__clkbuf_4)
    10    0.048581    0.242633    0.467516    7.340145 ^ fanout249/X (sky130_fd_sc_hd__clkbuf_4)
                                                         net249 (net)
                      0.242633    0.000774    7.340919 ^ _11083_/B (sky130_fd_sc_hd__xor2_1)
     2    0.007950    0.329662    0.421614    7.762533 ^ _11083_/X (sky130_fd_sc_hd__xor2_1)
                                                         _03746_ (net)
                      0.329662    0.000218    7.762752 ^ _11085_/B (sky130_fd_sc_hd__xor2_1)
     2    0.010225    0.396309    0.494797    8.257548 ^ _11085_/X (sky130_fd_sc_hd__xor2_1)
                                                         _03748_ (net)
                      0.396309    0.000335    8.257883 ^ _11087_/B (sky130_fd_sc_hd__xor2_1)
     2    0.008251    0.338363    0.468448    8.726332 ^ _11087_/X (sky130_fd_sc_hd__xor2_1)
                                                         _03750_ (net)
                      0.338363    0.000231    8.726562 ^ _11088_/B (sky130_fd_sc_hd__xor2_1)
     3    0.012139    0.453225    0.539340    9.265903 ^ _11088_/X (sky130_fd_sc_hd__xor2_1)
                                                         _03752_ (net)
                      0.453225    0.000343    9.266246 ^ _11092_/A (sky130_fd_sc_hd__xor2_1)
     1    0.004832    0.240359    0.401408    9.667654 ^ _11092_/X (sky130_fd_sc_hd__xor2_1)
                                                         _03756_ (net)
                      0.240359    0.000099    9.667752 ^ _11093_/B (sky130_fd_sc_hd__xnor2_1)
     2    0.007851    0.348702    0.316377    9.984129 ^ _11093_/Y (sky130_fd_sc_hd__xnor2_1)
                                                         _03757_ (net)
                      0.348702    0.000203    9.984333 ^ _11095_/B (sky130_fd_sc_hd__xnor2_1)
     2    0.007911    0.350482    0.351903   10.336236 ^ _11095_/Y (sky130_fd_sc_hd__xnor2_1)
                                                         _03759_ (net)
                      0.350482    0.000306   10.336542 ^ _11097_/B (sky130_fd_sc_hd__xnor2_1)
     2    0.008445    0.173138    0.286851   10.623393 v _11097_/Y (sky130_fd_sc_hd__xnor2_1)
                                                         _03761_ (net)
                      0.173138    0.000130   10.623523 v _11185_/A (sky130_fd_sc_hd__xnor2_1)
     2    0.012340    0.496061    0.523558   11.147081 ^ _11185_/Y (sky130_fd_sc_hd__xnor2_1)
                                                         _03858_ (net)
                      0.496061    0.000549   11.147630 ^ _11188_/A (sky130_fd_sc_hd__xor2_1)
     2    0.008142    0.335641    0.487232   11.634861 ^ _11188_/X (sky130_fd_sc_hd__xor2_1)
                                                         _03862_ (net)
                      0.335641    0.000206   11.635067 ^ _11325_/A2 (sky130_fd_sc_hd__a21oi_1)
     2    0.008136    0.187265    0.292758   11.927825 v _11325_/Y (sky130_fd_sc_hd__a21oi_1)
                                                         _04011_ (net)
                      0.187265    0.000211   11.928037 v _11327_/B (sky130_fd_sc_hd__xor2_1)
     2    0.007627    0.193976    0.348597   12.276633 v _11327_/X (sky130_fd_sc_hd__xor2_1)
                                                         _04013_ (net)
                      0.193976    0.000162   12.276795 v _11328_/B (sky130_fd_sc_hd__and2_1)
     2    0.004509    0.082842    0.391680   12.668474 v _11328_/X (sky130_fd_sc_hd__and2_1)
                                                         _04015_ (net)
                      0.082842    0.000100   12.668575 v _11462_/B (sky130_fd_sc_hd__or3_2)
     3    0.017278    0.251874    1.204025   13.872601 v _11462_/X (sky130_fd_sc_hd__or3_2)
                                                         _04161_ (net)
                      0.251874    0.000825   13.873425 v _11589_/C_N (sky130_fd_sc_hd__nor3b_1)
     2    0.009055    0.162733    0.413836   14.287262 v _11589_/Y (sky130_fd_sc_hd__nor3b_1)
                                                         _04299_ (net)
                      0.162733    0.000319   14.287580 v _11591_/D_N (sky130_fd_sc_hd__or4bb_4)
     2    0.012193    0.087370    0.463134   14.750714 ^ _11591_/X (sky130_fd_sc_hd__or4bb_4)
                                                         _04301_ (net)
                      0.087370    0.000311   14.751025 ^ _11593_/A1 (sky130_fd_sc_hd__a31oi_4)
     4    0.036065    0.305385    0.299623   15.050648 v _11593_/Y (sky130_fd_sc_hd__a31oi_4)
                                                         _04303_ (net)
                      0.305456    0.003716   15.054363 v _11813_/A3 (sky130_fd_sc_hd__o311a_4)
     3    0.014951    0.113196    0.678829   15.733193 v _11813_/X (sky130_fd_sc_hd__o311a_4)
                                                         _04543_ (net)
                      0.113196    0.000499   15.733692 v _11886_/A2 (sky130_fd_sc_hd__o31a_1)
     1    0.008868    0.137367    0.598744   16.332436 v _11886_/X (sky130_fd_sc_hd__o31a_1)
                                                         _04621_ (net)
                      0.137367    0.000314   16.332750 v _11922_/A (sky130_fd_sc_hd__xnor2_1)
     1    0.002468    0.086469    0.240268   16.573019 v _11922_/Y (sky130_fd_sc_hd__xnor2_1)
                                                         _00019_ (net)
                      0.086469    0.000069   16.573088 v _13684_/D (sky130_fd_sc_hd__dfrtp_1)
                                             16.573088   data arrival time

                                 15.000000   15.000000   clock clk (rise edge)
                                  0.000000   15.000000   clock source latency
     1    0.050594    0.363095    0.258083   15.258083 ^ clk (in)
                                                         clk (net)
                      0.363560    0.000000   15.258083 ^ clkbuf_0_clk/A (sky130_fd_sc_hd__clkbuf_16)
     8    0.161004    0.263137    0.506523   15.764606 ^ clkbuf_0_clk/X (sky130_fd_sc_hd__clkbuf_16)
                                                         clknet_0_clk (net)
                      0.263436    0.007926   15.772532 ^ clkbuf_3_0__f_clk/A (sky130_fd_sc_hd__clkbuf_16)
     9    0.060542    0.122080    0.357872   16.130404 ^ clkbuf_3_0__f_clk/X (sky130_fd_sc_hd__clkbuf_16)
                                                         clknet_3_0__leaf_clk (net)
                      0.122424    0.005485   16.135889 ^ _13684_/CLK (sky130_fd_sc_hd__dfrtp_1)
                                 -0.250000   15.885890   clock uncertainty
                                  0.000000   15.885890   clock reconvergence pessimism
                                 -0.269456   15.616435   library setup time
                                             15.616435   data required time
---------------------------------------------------------------------------------------------
                                             15.616435   data required time
                                            -16.573088   data arrival time
---------------------------------------------------------------------------------------------
                                             -0.956653   slack (VIOLATED)


Startpoint: x0[4] (input port clocked by clk)
Endpoint: _13666_ (rising edge-triggered flip-flop clocked by clk)
Path Group: clk
Path Type: max

Fanout         Cap        Slew       Delay        Time   Description
---------------------------------------------------------------------------------------------
                                  0.000000    0.000000   clock clk (rise edge)
                                  0.000000    0.000000   clock network delay (propagated)
                                  3.000000    3.000000 ^ input external delay
     1    0.002769    0.032050    0.015627    3.015627 ^ x0[4] (in)
                                                         x0[4] (net)
                      0.032050    0.000000    3.015627 ^ input134/A (sky130_fd_sc_hd__buf_1)
     1    0.013181    0.258685    0.268088    3.283715 ^ input134/X (sky130_fd_sc_hd__buf_1)
                                                         net134 (net)
                      0.258687    0.000679    3.284394 ^ fanout626/A (sky130_fd_sc_hd__buf_4)
     7    0.089709    0.395407    0.531063    3.815457 ^ fanout626/X (sky130_fd_sc_hd__buf_4)
                                                         net626 (net)
                      0.395476    0.005123    3.820580 ^ fanout625/A (sky130_fd_sc_hd__buf_2)
     7    0.037390    0.296372    0.498513    4.319093 ^ fanout625/X (sky130_fd_sc_hd__buf_2)
                                                         net625 (net)
                      0.296372    0.000916    4.320009 ^ fanout624/A (sky130_fd_sc_hd__clkbuf_4)
    10    0.054264    0.267645    0.494441    4.814450 ^ fanout624/X (sky130_fd_sc_hd__clkbuf_4)
                                                         net624 (net)
                      0.267645    0.000646    4.815096 ^ _08850_/B (sky130_fd_sc_hd__and4_1)
     2    0.004497    0.125147    0.459238    5.274333 ^ _08850_/X (sky130_fd_sc_hd__and4_1)
                                                         _01316_ (net)
                      0.125147    0.000104    5.274437 ^ _08852_/A_N (sky130_fd_sc_hd__and2b_1)
     1    0.005186    0.085497    0.401248    5.675685 v _08852_/X (sky130_fd_sc_hd__and2b_1)
                                                         _01318_ (net)
                      0.085497    0.000113    5.675798 v _08853_/B (sky130_fd_sc_hd__xnor2_1)
     3    0.012220    0.492308    0.453428    6.129226 ^ _08853_/Y (sky130_fd_sc_hd__xnor2_1)
                                                         _01319_ (net)
                      0.492308    0.000314    6.129539 ^ _08862_/A (sky130_fd_sc_hd__nand3_2)
     3    0.008105    0.195501    0.296906    6.426445 v _08862_/Y (sky130_fd_sc_hd__nand3_2)
                                                         _01328_ (net)
                      0.195501    0.000125    6.426570 v _08865_/B (sky130_fd_sc_hd__and3_1)
     2    0.007145    0.105930    0.432947    6.859517 v _08865_/X (sky130_fd_sc_hd__and3_1)
                                                         _01331_ (net)
                      0.105930    0.000180    6.859697 v _08868_/A (sky130_fd_sc_hd__or3_4)
     4    0.020999    0.166413    0.846165    7.705863 v _08868_/X (sky130_fd_sc_hd__or3_4)
                                                         _01334_ (net)
                      0.166413    0.000636    7.706499 v _09012_/A2 (sky130_fd_sc_hd__a211o_1)
     3    0.009532    0.144639    0.646389    8.352887 v _09012_/X (sky130_fd_sc_hd__a211o_1)
                                                         _01491_ (net)
                      0.144639    0.000273    8.353160 v _09171_/B1_N (sky130_fd_sc_hd__a21bo_1)
     2    0.007925    0.124853    0.419084    8.772244 ^ _09171_/X (sky130_fd_sc_hd__a21bo_1)
                                                         _01664_ (net)
                      0.124853    0.000210    8.772455 ^ _09173_/B (sky130_fd_sc_hd__xor2_1)
     2    0.008423    0.191686    0.202416    8.974871 v _09173_/X (sky130_fd_sc_hd__xor2_1)
                                                         _01666_ (net)
                      0.191686    0.000210    8.975080 v _09174_/B (sky130_fd_sc_hd__or2_1)
     2    0.006325    0.127910    0.547670    9.522751 v _09174_/X (sky130_fd_sc_hd__or2_1)
                                                         _01667_ (net)
                      0.127910    0.000152    9.522902 v _09335_/A2 (sky130_fd_sc_hd__a211oi_1)
     3    0.010837    0.673080    0.702396   10.225299 ^ _09335_/Y (sky130_fd_sc_hd__a211oi_1)
                                                         _01843_ (net)
                      0.673080    0.000419   10.225718 ^ _09338_/A1 (sky130_fd_sc_hd__o21ai_1)
     2    0.010145    0.239635    0.446921   10.672639 v _09338_/Y (sky130_fd_sc_hd__o21ai_1)
                                                         _01847_ (net)
                      0.239635    0.000318   10.672957 v _09340_/A2 (sky130_fd_sc_hd__a211o_1)
     3    0.009757    0.146902    0.676947   11.349903 v _09340_/X (sky130_fd_sc_hd__a211o_1)
                                                         _01849_ (net)
                      0.146902    0.000257   11.350161 v _09342_/A2 (sky130_fd_sc_hd__a21o_1)
     2    0.006455    0.088611    0.378724   11.728884 v _09342_/X (sky130_fd_sc_hd__a21o_1)
                                                         _01851_ (net)
                      0.088611    0.000162   11.729046 v _09343_/C1 (sky130_fd_sc_hd__o211a_1)
     3    0.012973    0.161475    0.291067   12.020112 v _09343_/X (sky130_fd_sc_hd__o211a_1)
                                                         _01852_ (net)
                      0.161475    0.000362   12.020474 v _09346_/B (sky130_fd_sc_hd__or3_1)
     4    0.010352    0.214400    0.934897   12.955371 v _09346_/X (sky130_fd_sc_hd__or3_1)
                                                         _01855_ (net)
                      0.214400    0.000242   12.955614 v _09348_/B (sky130_fd_sc_hd__and3_1)
     3    0.007136    0.105865    0.442238   13.397852 v _09348_/X (sky130_fd_sc_hd__and3_1)
                                                         _01858_ (net)
                      0.105865    0.000182   13.398034 v _09350_/A (sky130_fd_sc_hd__or2_1)
     4    0.014563    0.194884    0.629791   14.027825 v _09350_/X (sky130_fd_sc_hd__or2_1)
                                                         _01860_ (net)
                      0.194884    0.000401   14.028227 v _09892_/A (sky130_fd_sc_hd__nor4_2)
     2    0.009945    0.536688    0.678287   14.706513 ^ _09892_/Y (sky130_fd_sc_hd__nor4_2)
                                                         _02450_ (net)
                      0.536688    0.000509   14.707023 ^ _09896_/A3 (sky130_fd_sc_hd__o31a_1)
     3    0.022804    0.388438    0.601360   15.308383 ^ _09896_/X (sky130_fd_sc_hd__o31a_1)
                                                         _02454_ (net)
                      0.388438    0.000824   15.309207 ^ _10105_/A3 (sky130_fd_sc_hd__o31a_1)
     3    0.019847    0.341841    0.522553   15.831759 ^ _10105_/X (sky130_fd_sc_hd__o31a_1)
                                                         _02682_ (net)
                      0.341841    0.000533   15.832293 ^ rebuffer1/A (sky130_fd_sc_hd__clkbuf_1)
     1    0.005123    0.114826    0.277824   16.110117 ^ rebuffer1/X (sky130_fd_sc_hd__clkbuf_1)
                                                         net720 (net)
                      0.114826    0.000153   16.110270 ^ _10175_/A1 (sky130_fd_sc_hd__a21oi_2)
     1    0.005051    0.109039    0.122878   16.233147 v _10175_/Y (sky130_fd_sc_hd__a21oi_2)
                                                         _02758_ (net)
                      0.109039    0.000153   16.233299 v _10176_/B (sky130_fd_sc_hd__xnor2_1)
     1    0.002885    0.106265    0.221121   16.454420 v _10176_/Y (sky130_fd_sc_hd__xnor2_1)
                                                         _00060_ (net)
                      0.106265    0.000085   16.454506 v _13666_/D (sky130_fd_sc_hd__dfrtp_1)
                                             16.454506   data arrival time

                                 15.000000   15.000000   clock clk (rise edge)
                                  0.000000   15.000000   clock source latency
     1    0.050594    0.363095    0.258083   15.258083 ^ clk (in)
                                                         clk (net)
                      0.363560    0.000000   15.258083 ^ clkbuf_0_clk/A (sky130_fd_sc_hd__clkbuf_16)
     8    0.161004    0.263137    0.506523   15.764606 ^ clkbuf_0_clk/X (sky130_fd_sc_hd__clkbuf_16)
                                                         clknet_0_clk (net)
                      0.263217    0.004452   15.769057 ^ clkbuf_3_5__f_clk/A (sky130_fd_sc_hd__clkbuf_16)
     9    0.070993    0.136062    0.369479   16.138536 ^ clkbuf_3_5__f_clk/X (sky130_fd_sc_hd__clkbuf_16)
                                                         clknet_3_5__leaf_clk (net)
                      0.136272    0.004674   16.143209 ^ _13666_/CLK (sky130_fd_sc_hd__dfrtp_1)
                                 -0.250000   15.893210   clock uncertainty
                                  0.000000   15.893210   clock reconvergence pessimism
                                 -0.274010   15.619201   library setup time
                                             15.619201   data required time
---------------------------------------------------------------------------------------------
                                             15.619201   data required time
                                            -16.454506   data arrival time
---------------------------------------------------------------------------------------------
                                             -0.835305   slack (VIOLATED)


Startpoint: x0[4] (input port clocked by clk)
Endpoint: _13667_ (rising edge-triggered flip-flop clocked by clk)
Path Group: clk
Path Type: max

Fanout         Cap        Slew       Delay        Time   Description
---------------------------------------------------------------------------------------------
                                  0.000000    0.000000   clock clk (rise edge)
                                  0.000000    0.000000   clock network delay (propagated)
                                  3.000000    3.000000 ^ input external delay
     1    0.002769    0.032050    0.015627    3.015627 ^ x0[4] (in)
                                                         x0[4] (net)
                      0.032050    0.000000    3.015627 ^ input134/A (sky130_fd_sc_hd__buf_1)
     1    0.013181    0.258685    0.268088    3.283715 ^ input134/X (sky130_fd_sc_hd__buf_1)
                                                         net134 (net)
                      0.258687    0.000679    3.284394 ^ fanout626/A (sky130_fd_sc_hd__buf_4)
     7    0.089709    0.395407    0.531063    3.815457 ^ fanout626/X (sky130_fd_sc_hd__buf_4)
                                                         net626 (net)
                      0.395476    0.005123    3.820580 ^ fanout625/A (sky130_fd_sc_hd__buf_2)
     7    0.037390    0.296372    0.498513    4.319093 ^ fanout625/X (sky130_fd_sc_hd__buf_2)
                                                         net625 (net)
                      0.296372    0.000916    4.320009 ^ fanout624/A (sky130_fd_sc_hd__clkbuf_4)
    10    0.054264    0.267645    0.494441    4.814450 ^ fanout624/X (sky130_fd_sc_hd__clkbuf_4)
                                                         net624 (net)
                      0.267645    0.000646    4.815096 ^ _08850_/B (sky130_fd_sc_hd__and4_1)
     2    0.004497    0.125147    0.459238    5.274333 ^ _08850_/X (sky130_fd_sc_hd__and4_1)
                                                         _01316_ (net)
                      0.125147    0.000104    5.274437 ^ _08852_/A_N (sky130_fd_sc_hd__and2b_1)
     1    0.005186    0.085497    0.401248    5.675685 v _08852_/X (sky130_fd_sc_hd__and2b_1)
                                                         _01318_ (net)
                      0.085497    0.000113    5.675798 v _08853_/B (sky130_fd_sc_hd__xnor2_1)
     3    0.012220    0.492308    0.453428    6.129226 ^ _08853_/Y (sky130_fd_sc_hd__xnor2_1)
                                                         _01319_ (net)
                      0.492308    0.000314    6.129539 ^ _08862_/A (sky130_fd_sc_hd__nand3_2)
     3    0.008105    0.195501    0.296906    6.426445 v _08862_/Y (sky130_fd_sc_hd__nand3_2)
                                                         _01328_ (net)
                      0.195501    0.000125    6.426570 v _08865_/B (sky130_fd_sc_hd__and3_1)
     2    0.007145    0.105930    0.432947    6.859517 v _08865_/X (sky130_fd_sc_hd__and3_1)
                                                         _01331_ (net)
                      0.105930    0.000180    6.859697 v _08868_/A (sky130_fd_sc_hd__or3_4)
     4    0.020999    0.166413    0.846165    7.705863 v _08868_/X (sky130_fd_sc_hd__or3_4)
                                                         _01334_ (net)
                      0.166413    0.000636    7.706499 v _09012_/A2 (sky130_fd_sc_hd__a211o_1)
     3    0.009532    0.144639    0.646389    8.352887 v _09012_/X (sky130_fd_sc_hd__a211o_1)
                                                         _01491_ (net)
                      0.144639    0.000273    8.353160 v _09171_/B1_N (sky130_fd_sc_hd__a21bo_1)
     2    0.007925    0.124853    0.419084    8.772244 ^ _09171_/X (sky130_fd_sc_hd__a21bo_1)
                                                         _01664_ (net)
                      0.124853    0.000210    8.772455 ^ _09173_/B (sky130_fd_sc_hd__xor2_1)
     2    0.008423    0.191686    0.202416    8.974871 v _09173_/X (sky130_fd_sc_hd__xor2_1)
                                                         _01666_ (net)
                      0.191686    0.000210    8.975080 v _09174_/B (sky130_fd_sc_hd__or2_1)
     2    0.006325    0.127910    0.547670    9.522751 v _09174_/X (sky130_fd_sc_hd__or2_1)
                                                         _01667_ (net)
                      0.127910    0.000152    9.522902 v _09335_/A2 (sky130_fd_sc_hd__a211oi_1)
     3    0.010837    0.673080    0.702396   10.225299 ^ _09335_/Y (sky130_fd_sc_hd__a211oi_1)
                                                         _01843_ (net)
                      0.673080    0.000419   10.225718 ^ _09338_/A1 (sky130_fd_sc_hd__o21ai_1)
     2    0.010145    0.239635    0.446921   10.672639 v _09338_/Y (sky130_fd_sc_hd__o21ai_1)
                                                         _01847_ (net)
                      0.239635    0.000318   10.672957 v _09340_/A2 (sky130_fd_sc_hd__a211o_1)
     3    0.009757    0.146902    0.676947   11.349903 v _09340_/X (sky130_fd_sc_hd__a211o_1)
                                                         _01849_ (net)
                      0.146902    0.000257   11.350161 v _09342_/A2 (sky130_fd_sc_hd__a21o_1)
     2    0.006455    0.088611    0.378724   11.728884 v _09342_/X (sky130_fd_sc_hd__a21o_1)
                                                         _01851_ (net)
                      0.088611    0.000162   11.729046 v _09343_/C1 (sky130_fd_sc_hd__o211a_1)
     3    0.012973    0.161475    0.291067   12.020112 v _09343_/X (sky130_fd_sc_hd__o211a_1)
                                                         _01852_ (net)
                      0.161475    0.000362   12.020474 v _09346_/B (sky130_fd_sc_hd__or3_1)
     4    0.010352    0.214400    0.934897   12.955371 v _09346_/X (sky130_fd_sc_hd__or3_1)
                                                         _01855_ (net)
                      0.214400    0.000242   12.955614 v _09348_/B (sky130_fd_sc_hd__and3_1)
     3    0.007136    0.105865    0.442238   13.397852 v _09348_/X (sky130_fd_sc_hd__and3_1)
                                                         _01858_ (net)
                      0.105865    0.000182   13.398034 v _09350_/A (sky130_fd_sc_hd__or2_1)
     4    0.014563    0.194884    0.629791   14.027825 v _09350_/X (sky130_fd_sc_hd__or2_1)
                                                         _01860_ (net)
                      0.194884    0.000401   14.028227 v _09892_/A (sky130_fd_sc_hd__nor4_2)
     2    0.009945    0.536688    0.678287   14.706513 ^ _09892_/Y (sky130_fd_sc_hd__nor4_2)
                                                         _02450_ (net)
                      0.536688    0.000509   14.707023 ^ _09896_/A3 (sky130_fd_sc_hd__o31a_1)
     3    0.022804    0.388438    0.601360   15.308383 ^ _09896_/X (sky130_fd_sc_hd__o31a_1)
                                                         _02454_ (net)
                      0.388438    0.000824   15.309207 ^ _10105_/A3 (sky130_fd_sc_hd__o31a_1)
     3    0.019847    0.341841    0.522553   15.831759 ^ _10105_/X (sky130_fd_sc_hd__o31a_1)
                                                         _02682_ (net)
                      0.341841    0.000504   15.832264 ^ _10178_/A1 (sky130_fd_sc_hd__a31o_1)
     1    0.006642    0.134218    0.413893   16.246157 ^ _10178_/X (sky130_fd_sc_hd__a31o_1)
                                                         _02761_ (net)
                      0.134218    0.000250   16.246407 ^ _10209_/A (sky130_fd_sc_hd__xnor2_1)
     1    0.002252    0.083428    0.152035   16.398441 v _10209_/Y (sky130_fd_sc_hd__xnor2_1)
                                                         _00061_ (net)
                      0.083428    0.000062   16.398504 v _13667_/D (sky130_fd_sc_hd__dfrtp_1)
                                             16.398504   data arrival time

                                 15.000000   15.000000   clock clk (rise edge)
                                  0.000000   15.000000   clock source latency
     1    0.050594    0.363095    0.258083   15.258083 ^ clk (in)
                                                         clk (net)
                      0.363560    0.000000   15.258083 ^ clkbuf_0_clk/A (sky130_fd_sc_hd__clkbuf_16)
     8    0.161004    0.263137    0.506523   15.764606 ^ clkbuf_0_clk/X (sky130_fd_sc_hd__clkbuf_16)
                                                         clknet_0_clk (net)
                      0.263217    0.004452   15.769057 ^ clkbuf_3_5__f_clk/A (sky130_fd_sc_hd__clkbuf_16)
     9    0.070993    0.136062    0.369479   16.138536 ^ clkbuf_3_5__f_clk/X (sky130_fd_sc_hd__clkbuf_16)
                                                         clknet_3_5__leaf_clk (net)
                      0.136281    0.004761   16.143297 ^ _13667_/CLK (sky130_fd_sc_hd__dfrtp_1)
                                 -0.250000   15.893298   clock uncertainty
                                  0.000000   15.893298   clock reconvergence pessimism
                                 -0.264494   15.628803   library setup time
                                             15.628803   data required time
---------------------------------------------------------------------------------------------
                                             15.628803   data required time
                                            -16.398504   data arrival time
---------------------------------------------------------------------------------------------
                                             -0.769701   slack (VIOLATED)


Startpoint: x1[0] (input port clocked by clk)
Endpoint: _13683_ (rising edge-triggered flip-flop clocked by clk)
Path Group: clk
Path Type: max

Fanout         Cap        Slew       Delay        Time   Description
---------------------------------------------------------------------------------------------
                                  0.000000    0.000000   clock clk (rise edge)
                                  0.000000    0.000000   clock network delay (propagated)
                                  3.000000    3.000000 ^ input external delay
     1    0.003438    0.036502    0.019165    3.019165 ^ x1[0] (in)
                                                         x1[0] (net)
                      0.036502    0.000000    3.019165 ^ input138/A (sky130_fd_sc_hd__clkbuf_1)
     1    0.002401    0.065731    0.129865    3.149030 ^ input138/X (sky130_fd_sc_hd__clkbuf_1)
                                                         net138 (net)
                      0.065731    0.000068    3.149099 ^ fanout597/A (sky130_fd_sc_hd__buf_2)
     5    0.052200    0.405738    0.434613    3.583712 ^ fanout597/X (sky130_fd_sc_hd__buf_2)
                                                         net597 (net)
                      0.405838    0.005318    3.589030 ^ fanout592/A (sky130_fd_sc_hd__buf_2)
     7    0.054723    0.423764    0.590920    4.179950 ^ fanout592/X (sky130_fd_sc_hd__buf_2)
                                                         net592 (net)
                      0.424024    0.006055    4.186006 ^ fanout591/A (sky130_fd_sc_hd__clkbuf_2)
     5    0.039529    0.338314    0.529725    4.715730 ^ fanout591/X (sky130_fd_sc_hd__clkbuf_2)
                                                         net591 (net)
                      0.338320    0.002022    4.717752 ^ fanout588/A (sky130_fd_sc_hd__buf_2)
    10    0.043858    0.344208    0.510163    5.227916 ^ fanout588/X (sky130_fd_sc_hd__buf_2)
                                                         net588 (net)
                      0.344222    0.002594    5.230510 ^ _10922_/A (sky130_fd_sc_hd__and3_1)
     4    0.011020    0.198080    0.480025    5.710536 ^ _10922_/X (sky130_fd_sc_hd__and3_1)
                                                         _03570_ (net)
                      0.198080    0.000186    5.710721 ^ _10925_/A_N (sky130_fd_sc_hd__and4b_1)
     3    0.009105    0.126996    0.498027    6.208748 v _10925_/X (sky130_fd_sc_hd__and4b_1)
                                                         _03573_ (net)
                      0.126996    0.000150    6.208898 v _11082_/B1_N (sky130_fd_sc_hd__o21ba_2)
     5    0.028797    0.276070    0.662900    6.871798 ^ _11082_/X (sky130_fd_sc_hd__o21ba_2)
                                                         _03745_ (net)
                      0.276070    0.000831    6.872629 ^ fanout249/A (sky130_fd_sc_hd__clkbuf_4)
    10    0.048581    0.242633    0.467516    7.340145 ^ fanout249/X (sky130_fd_sc_hd__clkbuf_4)
                                                         net249 (net)
                      0.242633    0.000774    7.340919 ^ _11083_/B (sky130_fd_sc_hd__xor2_1)
     2    0.007950    0.329662    0.421614    7.762533 ^ _11083_/X (sky130_fd_sc_hd__xor2_1)
                                                         _03746_ (net)
                      0.329662    0.000218    7.762752 ^ _11085_/B (sky130_fd_sc_hd__xor2_1)
     2    0.010225    0.396309    0.494797    8.257548 ^ _11085_/X (sky130_fd_sc_hd__xor2_1)
                                                         _03748_ (net)
                      0.396309    0.000335    8.257883 ^ _11087_/B (sky130_fd_sc_hd__xor2_1)
     2    0.008251    0.338363    0.468448    8.726332 ^ _11087_/X (sky130_fd_sc_hd__xor2_1)
                                                         _03750_ (net)
                      0.338363    0.000231    8.726562 ^ _11088_/B (sky130_fd_sc_hd__xor2_1)
     3    0.012139    0.453225    0.539340    9.265903 ^ _11088_/X (sky130_fd_sc_hd__xor2_1)
                                                         _03752_ (net)
                      0.453225    0.000343    9.266246 ^ _11092_/A (sky130_fd_sc_hd__xor2_1)
     1    0.004832    0.240359    0.401408    9.667654 ^ _11092_/X (sky130_fd_sc_hd__xor2_1)
                                                         _03756_ (net)
                      0.240359    0.000099    9.667752 ^ _11093_/B (sky130_fd_sc_hd__xnor2_1)
     2    0.007851    0.348702    0.316377    9.984129 ^ _11093_/Y (sky130_fd_sc_hd__xnor2_1)
                                                         _03757_ (net)
                      0.348702    0.000203    9.984333 ^ _11095_/B (sky130_fd_sc_hd__xnor2_1)
     2    0.007735    0.162605    0.276692   10.261024 v _11095_/Y (sky130_fd_sc_hd__xnor2_1)
                                                         _03759_ (net)
                      0.162605    0.000195   10.261219 v _11096_/A_N (sky130_fd_sc_hd__nand2b_1)
     2    0.005597    0.128973    0.371499   10.632718 v _11096_/Y (sky130_fd_sc_hd__nand2b_1)
                                                         _03760_ (net)
                      0.128973    0.000151   10.632869 v _11201_/A2 (sky130_fd_sc_hd__a21oi_1)
     3    0.010411    0.397880    0.428543   11.061413 ^ _11201_/Y (sky130_fd_sc_hd__a21oi_1)
                                                         _03875_ (net)
                      0.397880    0.000133   11.061545 ^ _11203_/A (sky130_fd_sc_hd__nor2_1)
     2    0.007951    0.129020    0.246618   11.308164 v _11203_/Y (sky130_fd_sc_hd__nor2_1)
                                                         _03877_ (net)
                      0.129020    0.000204   11.308368 v _11324_/A (sky130_fd_sc_hd__xnor2_1)
     2    0.015009    0.584717    0.570332   11.878700 ^ _11324_/Y (sky130_fd_sc_hd__xnor2_1)
                                                         _04010_ (net)
                      0.584718    0.000705   11.879405 ^ _11327_/A (sky130_fd_sc_hd__xor2_1)
     2    0.007824    0.327608    0.505259   12.384665 ^ _11327_/X (sky130_fd_sc_hd__xor2_1)
                                                         _04013_ (net)
                      0.327608    0.000203   12.384867 ^ _11329_/B (sky130_fd_sc_hd__xnor2_1)
     2    0.011804    0.478352    0.386586   12.771453 ^ _11329_/Y (sky130_fd_sc_hd__xnor2_1)
                                                         _04016_ (net)
                      0.478352    0.000476   12.771929 ^ _11332_/A (sky130_fd_sc_hd__xnor2_1)
     3    0.012614    0.254047    0.404363   13.176291 v _11332_/Y (sky130_fd_sc_hd__xnor2_1)
                                                         _04019_ (net)
                      0.254047    0.000342   13.176634 v _11589_/B (sky130_fd_sc_hd__nor3b_1)
     2    0.009317    0.573328    0.611362   13.787995 ^ _11589_/Y (sky130_fd_sc_hd__nor3b_1)
                                                         _04299_ (net)
                      0.573328    0.000330   13.788324 ^ _11591_/D_N (sky130_fd_sc_hd__or4bb_4)
     2    0.011722    0.178576    1.117688   14.906013 v _11591_/X (sky130_fd_sc_hd__or4bb_4)
                                                         _04301_ (net)
                      0.178576    0.000297   14.906309 v _11593_/A1 (sky130_fd_sc_hd__a31oi_4)
     4    0.037344    0.501177    0.508338   15.414648 ^ _11593_/Y (sky130_fd_sc_hd__a31oi_4)
                                                         _04303_ (net)
                      0.501225    0.003892   15.418540 ^ _11813_/A3 (sky130_fd_sc_hd__o311a_4)
     3    0.015608    0.121739    0.506946   15.925486 ^ _11813_/X (sky130_fd_sc_hd__o311a_4)
                                                         _04543_ (net)
                      0.121739    0.000483   15.925968 ^ _11884_/B (sky130_fd_sc_hd__nor2_1)
     1    0.005329    0.082136    0.107866   16.033834 v _11884_/Y (sky130_fd_sc_hd__nor2_1)
                                                         _04620_ (net)
                      0.082136    0.000165   16.034000 v _11885_/B (sky130_fd_sc_hd__xnor2_1)
     1    0.002247    0.091620    0.200624   16.234623 v _11885_/Y (sky130_fd_sc_hd__xnor2_1)
                                                         _00018_ (net)
                      0.091620    0.000062   16.234686 v _13683_/D (sky130_fd_sc_hd__dfrtp_1)
                                             16.234686   data arrival time

                                 15.000000   15.000000   clock clk (rise edge)
                                  0.000000   15.000000   clock source latency
     1    0.050594    0.363095    0.258083   15.258083 ^ clk (in)
                                                         clk (net)
                      0.363560    0.000000   15.258083 ^ clkbuf_0_clk/A (sky130_fd_sc_hd__clkbuf_16)
     8    0.161004    0.263137    0.506523   15.764606 ^ clkbuf_0_clk/X (sky130_fd_sc_hd__clkbuf_16)
                                                         clknet_0_clk (net)
                      0.263436    0.007926   15.772532 ^ clkbuf_3_0__f_clk/A (sky130_fd_sc_hd__clkbuf_16)
     9    0.060542    0.122080    0.357872   16.130404 ^ clkbuf_3_0__f_clk/X (sky130_fd_sc_hd__clkbuf_16)
                                                         clknet_3_0__leaf_clk (net)
                      0.122390    0.005226   16.135630 ^ _13683_/CLK (sky130_fd_sc_hd__dfrtp_1)
                                 -0.250000   15.885631   clock uncertainty
                                  0.000000   15.885631   clock reconvergence pessimism
                                 -0.271611   15.614020   library setup time
                                             15.614020   data required time
---------------------------------------------------------------------------------------------
                                             15.614020   data required time
                                            -16.234686   data arrival time
---------------------------------------------------------------------------------------------
                                             -0.620664   slack (VIOLATED)


Startpoint: x3[1] (input port clocked by clk)
Endpoint: _13650_ (rising edge-triggered flip-flop clocked by clk)
Path Group: clk
Path Type: max

Fanout         Cap        Slew       Delay        Time   Description
---------------------------------------------------------------------------------------------
                                  0.000000    0.000000   clock clk (rise edge)
                                  0.000000    0.000000   clock network delay (propagated)
                                  3.000000    3.000000 ^ input external delay
     1    0.002706    0.031635    0.015296    3.015296 ^ x3[1] (in)
                                                         x3[1] (net)
                      0.031635    0.000000    3.015296 ^ input155/A (sky130_fd_sc_hd__buf_1)
     1    0.009197    0.186527    0.216427    3.231723 ^ input155/X (sky130_fd_sc_hd__buf_1)
                                                         net155 (net)
                      0.186587    0.000562    3.232285 ^ fanout465/A (sky130_fd_sc_hd__clkbuf_4)
     6    0.092047    0.430083    0.563696    3.795981 ^ fanout465/X (sky130_fd_sc_hd__clkbuf_4)
                                                         net465 (net)
                      0.430143    0.004269    3.800250 ^ fanout464/A (sky130_fd_sc_hd__buf_2)
     6    0.044980    0.352821    0.551366    4.351615 ^ fanout464/X (sky130_fd_sc_hd__buf_2)
                                                         net464 (net)
                      0.352821    0.000469    4.352085 ^ fanout462/A (sky130_fd_sc_hd__buf_2)
    10    0.049051    0.383151    0.541675    4.893760 ^ fanout462/X (sky130_fd_sc_hd__buf_2)
                                                         net462 (net)
                      0.383369    0.005034    4.898794 ^ _12079_/A (sky130_fd_sc_hd__and4_1)
     2    0.004996    0.131397    0.486616    5.385410 ^ _12079_/X (sky130_fd_sc_hd__and4_1)
                                                         _04829_ (net)
                      0.131397    0.000093    5.385503 ^ _12081_/A_N (sky130_fd_sc_hd__and2b_1)
     1    0.005179    0.085447    0.403840    5.789342 v _12081_/X (sky130_fd_sc_hd__and2b_1)
                                                         _04831_ (net)
                      0.085447    0.000159    5.789502 v _12082_/B (sky130_fd_sc_hd__xnor2_1)
     2    0.008613    0.373607    0.363875    6.153377 ^ _12082_/Y (sky130_fd_sc_hd__xnor2_1)
                                                         _04832_ (net)
                      0.373607    0.000268    6.153645 ^ _12089_/A (sky130_fd_sc_hd__xor2_1)
     2    0.008193    0.336937    0.453758    6.607403 ^ _12089_/X (sky130_fd_sc_hd__xor2_1)
                                                         _04840_ (net)
                      0.336937    0.000207    6.607611 ^ _12091_/B (sky130_fd_sc_hd__xnor2_1)
     2    0.005406    0.128287    0.242050    6.849660 v _12091_/Y (sky130_fd_sc_hd__xnor2_1)
                                                         _04842_ (net)
                      0.128287    0.000086    6.849746 v _12094_/A (sky130_fd_sc_hd__and2_1)
     3    0.011047    0.134380    0.370226    7.219972 v _12094_/X (sky130_fd_sc_hd__and2_1)
                                                         _04845_ (net)
                      0.134380    0.000189    7.220160 v _12096_/A (sky130_fd_sc_hd__or2_1)
     3    0.008435    0.145594    0.583583    7.803744 v _12096_/X (sky130_fd_sc_hd__or2_1)
                                                         _04847_ (net)
                      0.145594    0.000133    7.803877 v _12136_/A (sky130_fd_sc_hd__or3_4)
     2    0.012763    0.141457    0.821971    8.625848 v _12136_/X (sky130_fd_sc_hd__or3_4)
                                                         _04891_ (net)
                      0.141457    0.000355    8.626204 v _12279_/A2 (sky130_fd_sc_hd__a211oi_4)
     5    0.017311    0.440058    0.560325    9.186528 ^ _12279_/Y (sky130_fd_sc_hd__a211oi_4)
                                                         _05048_ (net)
                      0.440058    0.000337    9.186865 ^ _12283_/A1 (sky130_fd_sc_hd__o21ai_1)
     2    0.008749    0.199845    0.347836    9.534700 v _12283_/Y (sky130_fd_sc_hd__o21ai_1)
                                                         _05052_ (net)
                      0.199845    0.000205    9.534905 v _12286_/A2 (sky130_fd_sc_hd__a211oi_1)
     3    0.011553    0.707177    0.758065   10.292971 ^ _12286_/Y (sky130_fd_sc_hd__a211oi_1)
                                                         _05055_ (net)
                      0.707177    0.000385   10.293355 ^ _12287_/D (sky130_fd_sc_hd__nor4_1)
     2    0.008841    0.191743    0.345412   10.638766 v _12287_/Y (sky130_fd_sc_hd__nor4_1)
                                                         _05056_ (net)
                      0.191743    0.000271   10.639037 v max_cap232/A (sky130_fd_sc_hd__clkbuf_1)
     1    0.004449    0.067280    0.233270   10.872308 v max_cap232/X (sky130_fd_sc_hd__clkbuf_1)
                                                         net232 (net)
                      0.067280    0.000129   10.872437 v _12290_/B1 (sky130_fd_sc_hd__a211oi_2)
     4    0.017781    0.594793    0.600457   11.472894 ^ _12290_/Y (sky130_fd_sc_hd__a211oi_2)
                                                         _05060_ (net)
                      0.594793    0.000499   11.473393 ^ _12292_/B (sky130_fd_sc_hd__nor3_2)
     6    0.018547    0.175257    0.329234   11.802627 v _12292_/Y (sky130_fd_sc_hd__nor3_2)
                                                         _05062_ (net)
                      0.175257    0.000750   11.803376 v _12296_/A (sky130_fd_sc_hd__or3_1)
     3    0.008093    0.189467    0.959934   12.763310 v _12296_/X (sky130_fd_sc_hd__or3_1)
                                                         _05066_ (net)
                      0.189467    0.000129   12.763439 v _12436_/A3 (sky130_fd_sc_hd__a41o_1)
     2    0.010189    0.129731    0.521211   13.284650 v _12436_/X (sky130_fd_sc_hd__a41o_1)
                                                         _05219_ (net)
                      0.129731    0.000289   13.284939 v _12593_/A2 (sky130_fd_sc_hd__a21oi_2)
     3    0.011803    0.276112    0.348090   13.633028 ^ _12593_/Y (sky130_fd_sc_hd__a21oi_2)
                                                         _05391_ (net)
                      0.276196    0.000307   13.633336 ^ _12755_/A1 (sky130_fd_sc_hd__o21ba_4)
     3    0.008595    0.080795    0.359272   13.992607 ^ _12755_/X (sky130_fd_sc_hd__o21ba_4)
                                                         _05567_ (net)
                      0.080795    0.000237   13.992845 ^ _13305_/A_N (sky130_fd_sc_hd__and4bb_1)
     2    0.008955    0.126697    0.421865   14.414710 v _13305_/X (sky130_fd_sc_hd__and4bb_1)
                                                         _06168_ (net)
                      0.126697    0.000296   14.415006 v _13310_/A3 (sky130_fd_sc_hd__o31a_4)
     2    0.033817    0.155499    0.631460   15.046466 v _13310_/X (sky130_fd_sc_hd__o31a_4)
                                                         _06174_ (net)
                      0.155680    0.003386   15.049851 v _13525_/A3 (sky130_fd_sc_hd__o31ai_4)
     3    0.026306    0.566554    0.554913   15.604764 ^ _13525_/Y (sky130_fd_sc_hd__o31ai_4)
                                                         _06408_ (net)
                      0.566554    0.000943   15.605707 ^ _13597_/A3 (sky130_fd_sc_hd__o32a_1)
     1    0.006960    0.144394    0.478458   16.084166 ^ _13597_/X (sky130_fd_sc_hd__o32a_1)
                                                         _06485_ (net)
                      0.144394    0.000245   16.084412 ^ _13632_/A (sky130_fd_sc_hd__xnor2_1)
     1    0.002226    0.083081    0.155612   16.240023 v _13632_/Y (sky130_fd_sc_hd__xnor2_1)
                                                         _00033_ (net)
                      0.083081    0.000043   16.240067 v _13650_/D (sky130_fd_sc_hd__dfrtp_1)
                                             16.240067   data arrival time

                                 15.000000   15.000000   clock clk (rise edge)
                                  0.000000   15.000000   clock source latency
     1    0.050594    0.363095    0.258083   15.258083 ^ clk (in)
                                                         clk (net)
                      0.363560    0.000000   15.258083 ^ clkbuf_0_clk/A (sky130_fd_sc_hd__clkbuf_16)
     8    0.161004    0.263137    0.506523   15.764606 ^ clkbuf_0_clk/X (sky130_fd_sc_hd__clkbuf_16)
                                                         clknet_0_clk (net)
                      0.263217    0.004452   15.769057 ^ clkbuf_3_5__f_clk/A (sky130_fd_sc_hd__clkbuf_16)
     9    0.070993    0.136062    0.369479   16.138536 ^ clkbuf_3_5__f_clk/X (sky130_fd_sc_hd__clkbuf_16)
                                                         clknet_3_5__leaf_clk (net)
                      0.136125    0.002824   16.141361 ^ _13650_/CLK (sky130_fd_sc_hd__dfrtp_1)
                                 -0.250000   15.891361   clock uncertainty
                                  0.000000   15.891361   clock reconvergence pessimism
                                 -0.264392   15.626970   library setup time
                                             15.626970   data required time
---------------------------------------------------------------------------------------------
                                             15.626970   data required time
                                            -16.240067   data arrival time
---------------------------------------------------------------------------------------------
                                             -0.613095   slack (VIOLATED)


Startpoint: x0[2] (input port clocked by clk)
Endpoint: _13699_ (rising edge-triggered flip-flop clocked by clk)
Path Group: clk
Path Type: max

Fanout         Cap        Slew       Delay        Time   Description
---------------------------------------------------------------------------------------------
                                  0.000000    0.000000   clock clk (rise edge)
                                  0.000000    0.000000   clock network delay (propagated)
                                  3.000000    3.000000 ^ input external delay
     1    0.003003    0.033593    0.016865    3.016865 ^ x0[2] (in)
                                                         x0[2] (net)
                      0.033593    0.000000    3.016865 ^ input132/A (sky130_fd_sc_hd__clkbuf_2)
     3    0.043466    0.369672    0.388443    3.405308 ^ input132/X (sky130_fd_sc_hd__clkbuf_2)
                                                         net132 (net)
                      0.369703    0.002804    3.408112 ^ fanout641/A (sky130_fd_sc_hd__clkbuf_4)
     7    0.071151    0.340630    0.578625    3.986737 ^ fanout641/X (sky130_fd_sc_hd__clkbuf_4)
                                                         net641 (net)
                      0.341000    0.007004    3.993741 ^ fanout638/A (sky130_fd_sc_hd__buf_4)
    10    0.066224    0.298346    0.494507    4.488248 ^ fanout638/X (sky130_fd_sc_hd__buf_4)
                                                         net638 (net)
                      0.298358    0.002215    4.490463 ^ _07160_/A (sky130_fd_sc_hd__nand2_1)
     3    0.007090    0.154005    0.237217    4.727680 v _07160_/Y (sky130_fd_sc_hd__nand2_1)
                                                         _05078_ (net)
                      0.154005    0.000144    4.727825 v _07163_/A (sky130_fd_sc_hd__or3_1)
     2    0.005773    0.167293    0.920518    5.648343 v _07163_/X (sky130_fd_sc_hd__or3_1)
                                                         _05111_ (net)
                      0.167293    0.000088    5.648431 v _07167_/A1 (sky130_fd_sc_hd__a21o_1)
     3    0.008728    0.106354    0.374941    6.023372 v _07167_/X (sky130_fd_sc_hd__a21o_1)
                                                         _05155_ (net)
                      0.106354    0.000205    6.023576 v _07169_/A2 (sky130_fd_sc_hd__a21o_1)
     2    0.006931    0.092333    0.365369    6.388945 v _07169_/X (sky130_fd_sc_hd__a21o_1)
                                                         _05177_ (net)
                      0.092333    0.000236    6.389181 v _07171_/B (sky130_fd_sc_hd__and3_1)
     4    0.013241    0.153050    0.432863    6.822043 v _07171_/X (sky130_fd_sc_hd__and3_1)
                                                         _05199_ (net)
                      0.153050    0.000348    6.822392 v _07174_/B (sky130_fd_sc_hd__nor3_1)
     2    0.010770    0.600883    0.593491    7.415882 ^ _07174_/Y (sky130_fd_sc_hd__nor3_1)
                                                         _05231_ (net)
                      0.600883    0.000388    7.416270 ^ _07177_/B1 (sky130_fd_sc_hd__a211oi_2)
     4    0.017095    0.199720    0.324032    7.740302 v _07177_/Y (sky130_fd_sc_hd__a211oi_2)
                                                         _05264_ (net)
                      0.199720    0.000462    7.740764 v _07179_/C (sky130_fd_sc_hd__nor4_2)
     3    0.011909    0.623860    0.634360    8.375124 ^ _07179_/Y (sky130_fd_sc_hd__nor4_2)
                                                         _05286_ (net)
                      0.623860    0.000167    8.375291 ^ max_cap240/A (sky130_fd_sc_hd__buf_1)
     2    0.010428    0.211480    0.425973    8.801264 ^ max_cap240/X (sky130_fd_sc_hd__buf_1)
                                                         net240 (net)
                      0.211480    0.000236    8.801500 ^ _07181_/B1 (sky130_fd_sc_hd__a211oi_2)
     5    0.015863    0.190342    0.178014    8.979514 v _07181_/Y (sky130_fd_sc_hd__a211oi_2)
                                                         _05308_ (net)
                      0.190342    0.000409    8.979923 v _07184_/B (sky130_fd_sc_hd__or3_1)
     2    0.007734    0.186082    0.910274    9.890197 v _07184_/X (sky130_fd_sc_hd__or3_1)
                                                         _05341_ (net)
                      0.186082    0.000128    9.890325 v _07186_/B1 (sky130_fd_sc_hd__o211a_1)
     4    0.016749    0.187084    0.394426   10.284750 v _07186_/X (sky130_fd_sc_hd__o211a_1)
                                                         _05363_ (net)
                      0.187084    0.000573   10.285323 v _07190_/B (sky130_fd_sc_hd__or3_4)
     2    0.009768    0.134273    0.788448   11.073771 v _07190_/X (sky130_fd_sc_hd__or3_4)
                                                         _05406_ (net)
                      0.134273    0.000260   11.074032 v _07331_/A1 (sky130_fd_sc_hd__a211o_4)
     4    0.013948    0.100391    0.629852   11.703883 v _07331_/X (sky130_fd_sc_hd__a211o_4)
                                                         _06562_ (net)
                      0.100391    0.000323   11.704206 v _07334_/A1 (sky130_fd_sc_hd__a211o_1)
     2    0.008494    0.135452    0.556131   12.260338 v _07334_/X (sky130_fd_sc_hd__a211o_1)
                                                         _06565_ (net)
                      0.135452    0.000261   12.260599 v _07336_/A2 (sky130_fd_sc_hd__a211o_1)
     2    0.005918    0.113418    0.598527   12.859127 v _07336_/X (sky130_fd_sc_hd__a211o_1)
                                                         _06567_ (net)
                      0.113418    0.000175   12.859302 v _07337_/D (sky130_fd_sc_hd__and4_1)
     2    0.004919    0.091162    0.442221   13.301523 v _07337_/X (sky130_fd_sc_hd__and4_1)
                                                         _06568_ (net)
                      0.091162    0.000106   13.301629 v _07499_/B1 (sky130_fd_sc_hd__a21o_1)
     2    0.009506    0.112594    0.339120   13.640748 v _07499_/X (sky130_fd_sc_hd__a21o_1)
                                                         _06729_ (net)
                      0.112594    0.000226   13.640974 v _07662_/A1 (sky130_fd_sc_hd__a21oi_2)
     3    0.010178    0.248998    0.299149   13.940124 ^ _07662_/Y (sky130_fd_sc_hd__a21oi_2)
                                                         _00142_ (net)
                      0.248998    0.000263   13.940386 ^ _08204_/A (sky130_fd_sc_hd__nor4b_1)
     1    0.003365    0.088180    0.167954   14.108339 v _08204_/Y (sky130_fd_sc_hd__nor4b_1)
                                                         _00680_ (net)
                      0.088180    0.000108   14.108448 v _08209_/A3 (sky130_fd_sc_hd__o31a_2)
     3    0.041735    0.250864    0.750862   14.859311 v _08209_/X (sky130_fd_sc_hd__o31a_2)
                                                         _00685_ (net)
                      0.250998    0.005358   14.864669 v _08419_/A2 (sky130_fd_sc_hd__o31a_1)
     1    0.001764    0.076193    0.574114   15.438783 v _08419_/X (sky130_fd_sc_hd__o31a_1)
                                                         _00893_ (net)
                      0.076193    0.000050   15.438833 v _08421_/B (sky130_fd_sc_hd__or2_1)
     1    0.001889    0.088235    0.443771   15.882605 v _08421_/X (sky130_fd_sc_hd__or2_1)
                                                         _00895_ (net)
                      0.088235    0.000052   15.882656 v _08422_/B (sky130_fd_sc_hd__and2_1)
     1    0.002156    0.063016    0.314506   16.197161 v _08422_/X (sky130_fd_sc_hd__and2_1)
                                                         _00045_ (net)
                      0.063016    0.000060   16.197222 v _13699_/D (sky130_fd_sc_hd__dfrtp_1)
                                             16.197222   data arrival time

                                 15.000000   15.000000   clock clk (rise edge)
                                  0.000000   15.000000   clock source latency
     1    0.050594    0.363095    0.258083   15.258083 ^ clk (in)
                                                         clk (net)
                      0.363560    0.000000   15.258083 ^ clkbuf_0_clk/A (sky130_fd_sc_hd__clkbuf_16)
     8    0.161004    0.263137    0.506523   15.764606 ^ clkbuf_0_clk/X (sky130_fd_sc_hd__clkbuf_16)
                                                         clknet_0_clk (net)
                      0.263436    0.007926   15.772532 ^ clkbuf_3_0__f_clk/A (sky130_fd_sc_hd__clkbuf_16)
     9    0.060542    0.122080    0.357872   16.130404 ^ clkbuf_3_0__f_clk/X (sky130_fd_sc_hd__clkbuf_16)
                                                         clknet_3_0__leaf_clk (net)
                      0.122213    0.003613   16.134018 ^ _13699_/CLK (sky130_fd_sc_hd__dfrtp_1)
                                 -0.250000   15.884018   clock uncertainty
                                  0.000000   15.884018   clock reconvergence pessimism
                                 -0.259740   15.624277   library setup time
                                             15.624277   data required time
---------------------------------------------------------------------------------------------
                                             15.624277   data required time
                                            -16.197222   data arrival time
---------------------------------------------------------------------------------------------
                                             -0.572944   slack (VIOLATED)


Startpoint: x3[1] (input port clocked by clk)
Endpoint: _13649_ (rising edge-triggered flip-flop clocked by clk)
Path Group: clk
Path Type: max

Fanout         Cap        Slew       Delay        Time   Description
---------------------------------------------------------------------------------------------
                                  0.000000    0.000000   clock clk (rise edge)
                                  0.000000    0.000000   clock network delay (propagated)
                                  3.000000    3.000000 ^ input external delay
     1    0.002706    0.031635    0.015296    3.015296 ^ x3[1] (in)
                                                         x3[1] (net)
                      0.031635    0.000000    3.015296 ^ input155/A (sky130_fd_sc_hd__buf_1)
     1    0.009197    0.186527    0.216427    3.231723 ^ input155/X (sky130_fd_sc_hd__buf_1)
                                                         net155 (net)
                      0.186587    0.000562    3.232285 ^ fanout465/A (sky130_fd_sc_hd__clkbuf_4)
     6    0.092047    0.430083    0.563696    3.795981 ^ fanout465/X (sky130_fd_sc_hd__clkbuf_4)
                                                         net465 (net)
                      0.430143    0.004269    3.800250 ^ fanout464/A (sky130_fd_sc_hd__buf_2)
     6    0.044980    0.352821    0.551366    4.351615 ^ fanout464/X (sky130_fd_sc_hd__buf_2)
                                                         net464 (net)
                      0.352821    0.000469    4.352085 ^ fanout462/A (sky130_fd_sc_hd__buf_2)
    10    0.049051    0.383151    0.541675    4.893760 ^ fanout462/X (sky130_fd_sc_hd__buf_2)
                                                         net462 (net)
                      0.383369    0.005034    4.898794 ^ _12079_/A (sky130_fd_sc_hd__and4_1)
     2    0.004996    0.131397    0.486616    5.385410 ^ _12079_/X (sky130_fd_sc_hd__and4_1)
                                                         _04829_ (net)
                      0.131397    0.000093    5.385503 ^ _12081_/A_N (sky130_fd_sc_hd__and2b_1)
     1    0.005179    0.085447    0.403840    5.789342 v _12081_/X (sky130_fd_sc_hd__and2b_1)
                                                         _04831_ (net)
                      0.085447    0.000159    5.789502 v _12082_/B (sky130_fd_sc_hd__xnor2_1)
     2    0.008613    0.373607    0.363875    6.153377 ^ _12082_/Y (sky130_fd_sc_hd__xnor2_1)
                                                         _04832_ (net)
                      0.373607    0.000268    6.153645 ^ _12089_/A (sky130_fd_sc_hd__xor2_1)
     2    0.008193    0.336937    0.453758    6.607403 ^ _12089_/X (sky130_fd_sc_hd__xor2_1)
                                                         _04840_ (net)
                      0.336937    0.000207    6.607611 ^ _12091_/B (sky130_fd_sc_hd__xnor2_1)
     2    0.005406    0.128287    0.242050    6.849660 v _12091_/Y (sky130_fd_sc_hd__xnor2_1)
                                                         _04842_ (net)
                      0.128287    0.000086    6.849746 v _12094_/A (sky130_fd_sc_hd__and2_1)
     3    0.011047    0.134380    0.370226    7.219972 v _12094_/X (sky130_fd_sc_hd__and2_1)
                                                         _04845_ (net)
                      0.134380    0.000189    7.220160 v _12096_/A (sky130_fd_sc_hd__or2_1)
     3    0.008435    0.145594    0.583583    7.803744 v _12096_/X (sky130_fd_sc_hd__or2_1)
                                                         _04847_ (net)
                      0.145594    0.000133    7.803877 v _12136_/A (sky130_fd_sc_hd__or3_4)
     2    0.012763    0.141457    0.821971    8.625848 v _12136_/X (sky130_fd_sc_hd__or3_4)
                                                         _04891_ (net)
                      0.141457    0.000355    8.626204 v _12279_/A2 (sky130_fd_sc_hd__a211oi_4)
     5    0.017311    0.440058    0.560325    9.186528 ^ _12279_/Y (sky130_fd_sc_hd__a211oi_4)
                                                         _05048_ (net)
                      0.440058    0.000337    9.186865 ^ _12283_/A1 (sky130_fd_sc_hd__o21ai_1)
     2    0.008749    0.199845    0.347836    9.534700 v _12283_/Y (sky130_fd_sc_hd__o21ai_1)
                                                         _05052_ (net)
                      0.199845    0.000205    9.534905 v _12286_/A2 (sky130_fd_sc_hd__a211oi_1)
     3    0.011553    0.707177    0.758065   10.292971 ^ _12286_/Y (sky130_fd_sc_hd__a211oi_1)
                                                         _05055_ (net)
                      0.707177    0.000385   10.293355 ^ _12287_/D (sky130_fd_sc_hd__nor4_1)
     2    0.008841    0.191743    0.345412   10.638766 v _12287_/Y (sky130_fd_sc_hd__nor4_1)
                                                         _05056_ (net)
                      0.191743    0.000271   10.639037 v max_cap232/A (sky130_fd_sc_hd__clkbuf_1)
     1    0.004449    0.067280    0.233270   10.872308 v max_cap232/X (sky130_fd_sc_hd__clkbuf_1)
                                                         net232 (net)
                      0.067280    0.000129   10.872437 v _12290_/B1 (sky130_fd_sc_hd__a211oi_2)
     4    0.017781    0.594793    0.600457   11.472894 ^ _12290_/Y (sky130_fd_sc_hd__a211oi_2)
                                                         _05060_ (net)
                      0.594793    0.000499   11.473393 ^ _12292_/B (sky130_fd_sc_hd__nor3_2)
     6    0.018547    0.175257    0.329234   11.802627 v _12292_/Y (sky130_fd_sc_hd__nor3_2)
                                                         _05062_ (net)
                      0.175257    0.000750   11.803376 v _12296_/A (sky130_fd_sc_hd__or3_1)
     3    0.008093    0.189467    0.959934   12.763310 v _12296_/X (sky130_fd_sc_hd__or3_1)
                                                         _05066_ (net)
                      0.189467    0.000129   12.763439 v _12436_/A3 (sky130_fd_sc_hd__a41o_1)
     2    0.010189    0.129731    0.521211   13.284650 v _12436_/X (sky130_fd_sc_hd__a41o_1)
                                                         _05219_ (net)
                      0.129731    0.000289   13.284939 v _12593_/A2 (sky130_fd_sc_hd__a21oi_2)
     3    0.011803    0.276112    0.348090   13.633028 ^ _12593_/Y (sky130_fd_sc_hd__a21oi_2)
                                                         _05391_ (net)
                      0.276196    0.000307   13.633336 ^ _12755_/A1 (sky130_fd_sc_hd__o21ba_4)
     3    0.008595    0.080795    0.359272   13.992607 ^ _12755_/X (sky130_fd_sc_hd__o21ba_4)
                                                         _05567_ (net)
                      0.080795    0.000237   13.992845 ^ _13305_/A_N (sky130_fd_sc_hd__and4bb_1)
     2    0.008955    0.126697    0.421865   14.414710 v _13305_/X (sky130_fd_sc_hd__and4bb_1)
                                                         _06168_ (net)
                      0.126697    0.000296   14.415006 v _13310_/A3 (sky130_fd_sc_hd__o31a_4)
     2    0.033817    0.155499    0.631460   15.046466 v _13310_/X (sky130_fd_sc_hd__o31a_4)
                                                         _06174_ (net)
                      0.155680    0.003386   15.049851 v _13525_/A3 (sky130_fd_sc_hd__o31ai_4)
     3    0.026306    0.566554    0.554913   15.604764 ^ _13525_/Y (sky130_fd_sc_hd__o31ai_4)
                                                         _06408_ (net)
                      0.566554    0.000968   15.605732 ^ _13594_/A2 (sky130_fd_sc_hd__o21bai_1)
     1    0.005707    0.156111    0.314341   15.920073 v _13594_/Y (sky130_fd_sc_hd__o21bai_1)
                                                         _06483_ (net)
                      0.156111    0.000187   15.920259 v _13595_/B (sky130_fd_sc_hd__xnor2_1)
     1    0.003821    0.105704    0.254634   16.174892 v _13595_/Y (sky130_fd_sc_hd__xnor2_1)
                                                         _00032_ (net)
                      0.105704    0.000119   16.175013 v _13649_/D (sky130_fd_sc_hd__dfrtp_1)
                                             16.175013   data arrival time

                                 15.000000   15.000000   clock clk (rise edge)
                                  0.000000   15.000000   clock source latency
     1    0.050594    0.363095    0.258083   15.258083 ^ clk (in)
                                                         clk (net)
                      0.363560    0.000000   15.258083 ^ clkbuf_0_clk/A (sky130_fd_sc_hd__clkbuf_16)
     8    0.161004    0.263137    0.506523   15.764606 ^ clkbuf_0_clk/X (sky130_fd_sc_hd__clkbuf_16)
                                                         clknet_0_clk (net)
                      0.263217    0.004452   15.769057 ^ clkbuf_3_5__f_clk/A (sky130_fd_sc_hd__clkbuf_16)
     9    0.070993    0.136062    0.369479   16.138536 ^ clkbuf_3_5__f_clk/X (sky130_fd_sc_hd__clkbuf_16)
                                                         clknet_3_5__leaf_clk (net)
                      0.136117    0.002689   16.141226 ^ _13649_/CLK (sky130_fd_sc_hd__dfrtp_1)
                                 -0.250000   15.891227   clock uncertainty
                                  0.000000   15.891227   clock reconvergence pessimism
                                 -0.273817   15.617410   library setup time
                                             15.617410   data required time
---------------------------------------------------------------------------------------------
                                             15.617410   data required time
                                            -16.175013   data arrival time
---------------------------------------------------------------------------------------------
                                             -0.557602   slack (VIOLATED)


Startpoint: x0[2] (input port clocked by clk)
Endpoint: _13701_ (rising edge-triggered flip-flop clocked by clk)
Path Group: clk
Path Type: max

Fanout         Cap        Slew       Delay        Time   Description
---------------------------------------------------------------------------------------------
                                  0.000000    0.000000   clock clk (rise edge)
                                  0.000000    0.000000   clock network delay (propagated)
                                  3.000000    3.000000 ^ input external delay
     1    0.003003    0.033593    0.016865    3.016865 ^ x0[2] (in)
                                                         x0[2] (net)
                      0.033593    0.000000    3.016865 ^ input132/A (sky130_fd_sc_hd__clkbuf_2)
     3    0.043466    0.369672    0.388443    3.405308 ^ input132/X (sky130_fd_sc_hd__clkbuf_2)
                                                         net132 (net)
                      0.369703    0.002804    3.408112 ^ fanout641/A (sky130_fd_sc_hd__clkbuf_4)
     7    0.071151    0.340630    0.578625    3.986737 ^ fanout641/X (sky130_fd_sc_hd__clkbuf_4)
                                                         net641 (net)
                      0.341000    0.007004    3.993741 ^ fanout638/A (sky130_fd_sc_hd__buf_4)
    10    0.066224    0.298346    0.494507    4.488248 ^ fanout638/X (sky130_fd_sc_hd__buf_4)
                                                         net638 (net)
                      0.298358    0.002215    4.490463 ^ _07160_/A (sky130_fd_sc_hd__nand2_1)
     3    0.007090    0.154005    0.237217    4.727680 v _07160_/Y (sky130_fd_sc_hd__nand2_1)
                                                         _05078_ (net)
                      0.154005    0.000144    4.727825 v _07163_/A (sky130_fd_sc_hd__or3_1)
     2    0.005773    0.167293    0.920518    5.648343 v _07163_/X (sky130_fd_sc_hd__or3_1)
                                                         _05111_ (net)
                      0.167293    0.000088    5.648431 v _07167_/A1 (sky130_fd_sc_hd__a21o_1)
     3    0.008728    0.106354    0.374941    6.023372 v _07167_/X (sky130_fd_sc_hd__a21o_1)
                                                         _05155_ (net)
                      0.106354    0.000205    6.023576 v _07169_/A2 (sky130_fd_sc_hd__a21o_1)
     2    0.006931    0.092333    0.365369    6.388945 v _07169_/X (sky130_fd_sc_hd__a21o_1)
                                                         _05177_ (net)
                      0.092333    0.000236    6.389181 v _07171_/B (sky130_fd_sc_hd__and3_1)
     4    0.013241    0.153050    0.432863    6.822043 v _07171_/X (sky130_fd_sc_hd__and3_1)
                                                         _05199_ (net)
                      0.153050    0.000348    6.822392 v _07174_/B (sky130_fd_sc_hd__nor3_1)
     2    0.010770    0.600883    0.593491    7.415882 ^ _07174_/Y (sky130_fd_sc_hd__nor3_1)
                                                         _05231_ (net)
                      0.600883    0.000388    7.416270 ^ _07177_/B1 (sky130_fd_sc_hd__a211oi_2)
     4    0.017095    0.199720    0.324032    7.740302 v _07177_/Y (sky130_fd_sc_hd__a211oi_2)
                                                         _05264_ (net)
                      0.199720    0.000462    7.740764 v _07179_/C (sky130_fd_sc_hd__nor4_2)
     3    0.011909    0.623860    0.634360    8.375124 ^ _07179_/Y (sky130_fd_sc_hd__nor4_2)
                                                         _05286_ (net)
                      0.623860    0.000167    8.375291 ^ max_cap240/A (sky130_fd_sc_hd__buf_1)
     2    0.010428    0.211480    0.425973    8.801264 ^ max_cap240/X (sky130_fd_sc_hd__buf_1)
                                                         net240 (net)
                      0.211480    0.000236    8.801500 ^ _07181_/B1 (sky130_fd_sc_hd__a211oi_2)
     5    0.015863    0.190342    0.178014    8.979514 v _07181_/Y (sky130_fd_sc_hd__a211oi_2)
                                                         _05308_ (net)
                      0.190342    0.000409    8.979923 v _07184_/B (sky130_fd_sc_hd__or3_1)
     2    0.007734    0.186082    0.910274    9.890197 v _07184_/X (sky130_fd_sc_hd__or3_1)
                                                         _05341_ (net)
                      0.186082    0.000128    9.890325 v _07186_/B1 (sky130_fd_sc_hd__o211a_1)
     4    0.016749    0.187084    0.394426   10.284750 v _07186_/X (sky130_fd_sc_hd__o211a_1)
                                                         _05363_ (net)
                      0.187084    0.000573   10.285323 v _07190_/B (sky130_fd_sc_hd__or3_4)
     2    0.009768    0.134273    0.788448   11.073771 v _07190_/X (sky130_fd_sc_hd__or3_4)
                                                         _05406_ (net)
                      0.134273    0.000260   11.074032 v _07331_/A1 (sky130_fd_sc_hd__a211o_4)
     4    0.013948    0.100391    0.629852   11.703883 v _07331_/X (sky130_fd_sc_hd__a211o_4)
                                                         _06562_ (net)
                      0.100391    0.000323   11.704206 v _07334_/A1 (sky130_fd_sc_hd__a211o_1)
     2    0.008494    0.135452    0.556131   12.260338 v _07334_/X (sky130_fd_sc_hd__a211o_1)
                                                         _06565_ (net)
                      0.135452    0.000261   12.260599 v _07336_/A2 (sky130_fd_sc_hd__a211o_1)
     2    0.005918    0.113418    0.598527   12.859127 v _07336_/X (sky130_fd_sc_hd__a211o_1)
                                                         _06567_ (net)
                      0.113418    0.000175   12.859302 v _07337_/D (sky130_fd_sc_hd__and4_1)
     2    0.004919    0.091162    0.442221   13.301523 v _07337_/X (sky130_fd_sc_hd__and4_1)
                                                         _06568_ (net)
                      0.091162    0.000106   13.301629 v _07499_/B1 (sky130_fd_sc_hd__a21o_1)
     2    0.009506    0.112594    0.339120   13.640748 v _07499_/X (sky130_fd_sc_hd__a21o_1)
                                                         _06729_ (net)
                      0.112594    0.000226   13.640974 v _07662_/A1 (sky130_fd_sc_hd__a21oi_2)
     3    0.010178    0.248998    0.299149   13.940124 ^ _07662_/Y (sky130_fd_sc_hd__a21oi_2)
                                                         _00142_ (net)
                      0.248998    0.000263   13.940386 ^ _08204_/A (sky130_fd_sc_hd__nor4b_1)
     1    0.003365    0.088180    0.167954   14.108339 v _08204_/Y (sky130_fd_sc_hd__nor4b_1)
                                                         _00680_ (net)
                      0.088180    0.000108   14.108448 v _08209_/A3 (sky130_fd_sc_hd__o31a_2)
     3    0.041735    0.250864    0.750862   14.859311 v _08209_/X (sky130_fd_sc_hd__o31a_2)
                                                         _00685_ (net)
                      0.250998    0.005361   14.864672 v _08420_/A2 (sky130_fd_sc_hd__o311ai_2)
     3    0.009563    0.488409    0.604661   15.469333 ^ _08420_/Y (sky130_fd_sc_hd__o311ai_2)
                                                         _00894_ (net)
                      0.488409    0.000306   15.469639 ^ _08494_/A2 (sky130_fd_sc_hd__a31o_1)
     1    0.007216    0.142224    0.483803   15.953442 ^ _08494_/X (sky130_fd_sc_hd__a31o_1)
                                                         _00966_ (net)
                      0.142224    0.000266   15.953708 ^ _08525_/A (sky130_fd_sc_hd__xnor2_1)
     1    0.003644    0.116987    0.172580   16.126287 v _08525_/Y (sky130_fd_sc_hd__xnor2_1)
                                                         _00047_ (net)
                      0.116987    0.000117   16.126406 v _13701_/D (sky130_fd_sc_hd__dfrtp_1)
                                             16.126406   data arrival time

                                 15.000000   15.000000   clock clk (rise edge)
                                  0.000000   15.000000   clock source latency
     1    0.050594    0.363095    0.258083   15.258083 ^ clk (in)
                                                         clk (net)
                      0.363560    0.000000   15.258083 ^ clkbuf_0_clk/A (sky130_fd_sc_hd__clkbuf_16)
     8    0.161004    0.263137    0.506523   15.764606 ^ clkbuf_0_clk/X (sky130_fd_sc_hd__clkbuf_16)
                                                         clknet_0_clk (net)
                      0.263436    0.007926   15.772532 ^ clkbuf_3_0__f_clk/A (sky130_fd_sc_hd__clkbuf_16)
     9    0.060542    0.122080    0.357872   16.130404 ^ clkbuf_3_0__f_clk/X (sky130_fd_sc_hd__clkbuf_16)
                                                         clknet_3_0__leaf_clk (net)
                      0.122229    0.003785   16.134190 ^ _13701_/CLK (sky130_fd_sc_hd__dfrtp_1)
                                 -0.250000   15.884191   clock uncertainty
                                  0.000000   15.884191   clock reconvergence pessimism
                                 -0.282223   15.601967   library setup time
                                             15.601967   data required time
---------------------------------------------------------------------------------------------
                                             15.601967   data required time
                                            -16.126406   data arrival time
---------------------------------------------------------------------------------------------
                                             -0.524439   slack (VIOLATED)


Startpoint: x0[4] (input port clocked by clk)
Endpoint: _13665_ (rising edge-triggered flip-flop clocked by clk)
Path Group: clk
Path Type: max

Fanout         Cap        Slew       Delay        Time   Description
---------------------------------------------------------------------------------------------
                                  0.000000    0.000000   clock clk (rise edge)
                                  0.000000    0.000000   clock network delay (propagated)
                                  3.000000    3.000000 ^ input external delay
     1    0.002769    0.032050    0.015627    3.015627 ^ x0[4] (in)
                                                         x0[4] (net)
                      0.032050    0.000000    3.015627 ^ input134/A (sky130_fd_sc_hd__buf_1)
     1    0.013181    0.258685    0.268088    3.283715 ^ input134/X (sky130_fd_sc_hd__buf_1)
                                                         net134 (net)
                      0.258687    0.000679    3.284394 ^ fanout626/A (sky130_fd_sc_hd__buf_4)
     7    0.089709    0.395407    0.531063    3.815457 ^ fanout626/X (sky130_fd_sc_hd__buf_4)
                                                         net626 (net)
                      0.395476    0.005123    3.820580 ^ fanout625/A (sky130_fd_sc_hd__buf_2)
     7    0.037390    0.296372    0.498513    4.319093 ^ fanout625/X (sky130_fd_sc_hd__buf_2)
                                                         net625 (net)
                      0.296372    0.000916    4.320009 ^ fanout624/A (sky130_fd_sc_hd__clkbuf_4)
    10    0.054264    0.267645    0.494441    4.814450 ^ fanout624/X (sky130_fd_sc_hd__clkbuf_4)
                                                         net624 (net)
                      0.267645    0.000646    4.815096 ^ _08850_/B (sky130_fd_sc_hd__and4_1)
     2    0.004497    0.125147    0.459238    5.274333 ^ _08850_/X (sky130_fd_sc_hd__and4_1)
                                                         _01316_ (net)
                      0.125147    0.000104    5.274437 ^ _08852_/A_N (sky130_fd_sc_hd__and2b_1)
     1    0.005186    0.085497    0.401248    5.675685 v _08852_/X (sky130_fd_sc_hd__and2b_1)
                                                         _01318_ (net)
                      0.085497    0.000113    5.675798 v _08853_/B (sky130_fd_sc_hd__xnor2_1)
     3    0.012220    0.492308    0.453428    6.129226 ^ _08853_/Y (sky130_fd_sc_hd__xnor2_1)
                                                         _01319_ (net)
                      0.492308    0.000314    6.129539 ^ _08862_/A (sky130_fd_sc_hd__nand3_2)
     3    0.008105    0.195501    0.296906    6.426445 v _08862_/Y (sky130_fd_sc_hd__nand3_2)
                                                         _01328_ (net)
                      0.195501    0.000125    6.426570 v _08865_/B (sky130_fd_sc_hd__and3_1)
     2    0.007145    0.105930    0.432947    6.859517 v _08865_/X (sky130_fd_sc_hd__and3_1)
                                                         _01331_ (net)
                      0.105930    0.000180    6.859697 v _08868_/A (sky130_fd_sc_hd__or3_4)
     4    0.020999    0.166413    0.846165    7.705863 v _08868_/X (sky130_fd_sc_hd__or3_4)
                                                         _01334_ (net)
                      0.166413    0.000636    7.706499 v _09012_/A2 (sky130_fd_sc_hd__a211o_1)
     3    0.009532    0.144639    0.646389    8.352887 v _09012_/X (sky130_fd_sc_hd__a211o_1)
                                                         _01491_ (net)
                      0.144639    0.000273    8.353160 v _09171_/B1_N (sky130_fd_sc_hd__a21bo_1)
     2    0.007925    0.124853    0.419084    8.772244 ^ _09171_/X (sky130_fd_sc_hd__a21bo_1)
                                                         _01664_ (net)
                      0.124853    0.000210    8.772455 ^ _09173_/B (sky130_fd_sc_hd__xor2_1)
     2    0.008423    0.191686    0.202416    8.974871 v _09173_/X (sky130_fd_sc_hd__xor2_1)
                                                         _01666_ (net)
                      0.191686    0.000210    8.975080 v _09174_/B (sky130_fd_sc_hd__or2_1)
     2    0.006325    0.127910    0.547670    9.522751 v _09174_/X (sky130_fd_sc_hd__or2_1)
                                                         _01667_ (net)
                      0.127910    0.000152    9.522902 v _09335_/A2 (sky130_fd_sc_hd__a211oi_1)
     3    0.010837    0.673080    0.702396   10.225299 ^ _09335_/Y (sky130_fd_sc_hd__a211oi_1)
                                                         _01843_ (net)
                      0.673080    0.000419   10.225718 ^ _09338_/A1 (sky130_fd_sc_hd__o21ai_1)
     2    0.010145    0.239635    0.446921   10.672639 v _09338_/Y (sky130_fd_sc_hd__o21ai_1)
                                                         _01847_ (net)
                      0.239635    0.000318   10.672957 v _09340_/A2 (sky130_fd_sc_hd__a211o_1)
     3    0.009757    0.146902    0.676947   11.349903 v _09340_/X (sky130_fd_sc_hd__a211o_1)
                                                         _01849_ (net)
                      0.146902    0.000257   11.350161 v _09342_/A2 (sky130_fd_sc_hd__a21o_1)
     2    0.006455    0.088611    0.378724   11.728884 v _09342_/X (sky130_fd_sc_hd__a21o_1)
                                                         _01851_ (net)
                      0.088611    0.000162   11.729046 v _09343_/C1 (sky130_fd_sc_hd__o211a_1)
     3    0.012973    0.161475    0.291067   12.020112 v _09343_/X (sky130_fd_sc_hd__o211a_1)
                                                         _01852_ (net)
                      0.161475    0.000362   12.020474 v _09346_/B (sky130_fd_sc_hd__or3_1)
     4    0.010352    0.214400    0.934897   12.955371 v _09346_/X (sky130_fd_sc_hd__or3_1)
                                                         _01855_ (net)
                      0.214400    0.000242   12.955614 v _09348_/B (sky130_fd_sc_hd__and3_1)
     3    0.007136    0.105865    0.442238   13.397852 v _09348_/X (sky130_fd_sc_hd__and3_1)
                                                         _01858_ (net)
                      0.105865    0.000182   13.398034 v _09350_/A (sky130_fd_sc_hd__or2_1)
     4    0.014563    0.194884    0.629791   14.027825 v _09350_/X (sky130_fd_sc_hd__or2_1)
                                                         _01860_ (net)
                      0.194884    0.000401   14.028227 v _09892_/A (sky130_fd_sc_hd__nor4_2)
     2    0.009945    0.536688    0.678287   14.706513 ^ _09892_/Y (sky130_fd_sc_hd__nor4_2)
                                                         _02450_ (net)
                      0.536688    0.000509   14.707023 ^ _09896_/A3 (sky130_fd_sc_hd__o31a_1)
     3    0.022804    0.388438    0.601360   15.308383 ^ _09896_/X (sky130_fd_sc_hd__o31a_1)
                                                         _02454_ (net)
                      0.388438    0.000824   15.309207 ^ _10105_/A3 (sky130_fd_sc_hd__o31a_1)
     3    0.019847    0.341841    0.522553   15.831759 ^ _10105_/X (sky130_fd_sc_hd__o31a_1)
                                                         _02682_ (net)
                      0.341841    0.000563   15.832322 ^ _10106_/B (sky130_fd_sc_hd__xor2_1)
     1    0.002509    0.120929    0.215442   16.047764 v _10106_/X (sky130_fd_sc_hd__xor2_1)
                                                         _00059_ (net)
                      0.120929    0.000073   16.047838 v _13665_/D (sky130_fd_sc_hd__dfrtp_1)
                                             16.047838   data arrival time

                                 15.000000   15.000000   clock clk (rise edge)
                                  0.000000   15.000000   clock source latency
     1    0.050594    0.363095    0.258083   15.258083 ^ clk (in)
                                                         clk (net)
                      0.363560    0.000000   15.258083 ^ clkbuf_0_clk/A (sky130_fd_sc_hd__clkbuf_16)
     8    0.161004    0.263137    0.506523   15.764606 ^ clkbuf_0_clk/X (sky130_fd_sc_hd__clkbuf_16)
                                                         clknet_0_clk (net)
                      0.263217    0.004452   15.769057 ^ clkbuf_3_5__f_clk/A (sky130_fd_sc_hd__clkbuf_16)
     9    0.070993    0.136062    0.369479   16.138536 ^ clkbuf_3_5__f_clk/X (sky130_fd_sc_hd__clkbuf_16)
                                                         clknet_3_5__leaf_clk (net)
                      0.136264    0.004594   16.143129 ^ _13665_/CLK (sky130_fd_sc_hd__dfrtp_1)
                                 -0.250000   15.893131   clock uncertainty
                                  0.000000   15.893131   clock reconvergence pessimism
                                 -0.280120   15.613011   library setup time
                                             15.613011   data required time
---------------------------------------------------------------------------------------------
                                             15.613011   data required time
                                            -16.047838   data arrival time
---------------------------------------------------------------------------------------------
                                             -0.434826   slack (VIOLATED)


Startpoint: x1[0] (input port clocked by clk)
Endpoint: _13682_ (rising edge-triggered flip-flop clocked by clk)
Path Group: clk
Path Type: max

Fanout         Cap        Slew       Delay        Time   Description
---------------------------------------------------------------------------------------------
                                  0.000000    0.000000   clock clk (rise edge)
                                  0.000000    0.000000   clock network delay (propagated)
                                  3.000000    3.000000 ^ input external delay
     1    0.003438    0.036502    0.019165    3.019165 ^ x1[0] (in)
                                                         x1[0] (net)
                      0.036502    0.000000    3.019165 ^ input138/A (sky130_fd_sc_hd__clkbuf_1)
     1    0.002401    0.065731    0.129865    3.149030 ^ input138/X (sky130_fd_sc_hd__clkbuf_1)
                                                         net138 (net)
                      0.065731    0.000068    3.149099 ^ fanout597/A (sky130_fd_sc_hd__buf_2)
     5    0.052200    0.405738    0.434613    3.583712 ^ fanout597/X (sky130_fd_sc_hd__buf_2)
                                                         net597 (net)
                      0.405838    0.005318    3.589030 ^ fanout592/A (sky130_fd_sc_hd__buf_2)
     7    0.054723    0.423764    0.590920    4.179950 ^ fanout592/X (sky130_fd_sc_hd__buf_2)
                                                         net592 (net)
                      0.424024    0.006055    4.186006 ^ fanout591/A (sky130_fd_sc_hd__clkbuf_2)
     5    0.039529    0.338314    0.529725    4.715730 ^ fanout591/X (sky130_fd_sc_hd__clkbuf_2)
                                                         net591 (net)
                      0.338320    0.002022    4.717752 ^ fanout588/A (sky130_fd_sc_hd__buf_2)
    10    0.043858    0.344208    0.510163    5.227916 ^ fanout588/X (sky130_fd_sc_hd__buf_2)
                                                         net588 (net)
                      0.344222    0.002594    5.230510 ^ _10922_/A (sky130_fd_sc_hd__and3_1)
     4    0.011020    0.198080    0.480025    5.710536 ^ _10922_/X (sky130_fd_sc_hd__and3_1)
                                                         _03570_ (net)
                      0.198080    0.000186    5.710721 ^ _10925_/A_N (sky130_fd_sc_hd__and4b_1)
     3    0.009105    0.126996    0.498027    6.208748 v _10925_/X (sky130_fd_sc_hd__and4b_1)
                                                         _03573_ (net)
                      0.126996    0.000150    6.208898 v _11082_/B1_N (sky130_fd_sc_hd__o21ba_2)
     5    0.028797    0.276070    0.662900    6.871798 ^ _11082_/X (sky130_fd_sc_hd__o21ba_2)
                                                         _03745_ (net)
                      0.276070    0.000831    6.872629 ^ fanout249/A (sky130_fd_sc_hd__clkbuf_4)
    10    0.048581    0.242633    0.467516    7.340145 ^ fanout249/X (sky130_fd_sc_hd__clkbuf_4)
                                                         net249 (net)
                      0.242633    0.000774    7.340919 ^ _11083_/B (sky130_fd_sc_hd__xor2_1)
     2    0.007950    0.329662    0.421614    7.762533 ^ _11083_/X (sky130_fd_sc_hd__xor2_1)
                                                         _03746_ (net)
                      0.329662    0.000218    7.762752 ^ _11085_/B (sky130_fd_sc_hd__xor2_1)
     2    0.010225    0.396309    0.494797    8.257548 ^ _11085_/X (sky130_fd_sc_hd__xor2_1)
                                                         _03748_ (net)
                      0.396309    0.000335    8.257883 ^ _11087_/B (sky130_fd_sc_hd__xor2_1)
     2    0.008251    0.338363    0.468448    8.726332 ^ _11087_/X (sky130_fd_sc_hd__xor2_1)
                                                         _03750_ (net)
                      0.338363    0.000231    8.726562 ^ _11088_/B (sky130_fd_sc_hd__xor2_1)
     3    0.012139    0.453225    0.539340    9.265903 ^ _11088_/X (sky130_fd_sc_hd__xor2_1)
                                                         _03752_ (net)
                      0.453225    0.000343    9.266246 ^ _11092_/A (sky130_fd_sc_hd__xor2_1)
     1    0.004832    0.240359    0.401408    9.667654 ^ _11092_/X (sky130_fd_sc_hd__xor2_1)
                                                         _03756_ (net)
                      0.240359    0.000099    9.667752 ^ _11093_/B (sky130_fd_sc_hd__xnor2_1)
     2    0.007851    0.348702    0.316377    9.984129 ^ _11093_/Y (sky130_fd_sc_hd__xnor2_1)
                                                         _03757_ (net)
                      0.348702    0.000203    9.984333 ^ _11095_/B (sky130_fd_sc_hd__xnor2_1)
     2    0.007735    0.162605    0.276692   10.261024 v _11095_/Y (sky130_fd_sc_hd__xnor2_1)
                                                         _03759_ (net)
                      0.162605    0.000195   10.261219 v _11096_/A_N (sky130_fd_sc_hd__nand2b_1)
     2    0.005597    0.128973    0.371499   10.632718 v _11096_/Y (sky130_fd_sc_hd__nand2b_1)
                                                         _03760_ (net)
                      0.128973    0.000151   10.632869 v _11201_/A2 (sky130_fd_sc_hd__a21oi_1)
     3    0.010411    0.397880    0.428543   11.061413 ^ _11201_/Y (sky130_fd_sc_hd__a21oi_1)
                                                         _03875_ (net)
                      0.397880    0.000133   11.061545 ^ _11203_/A (sky130_fd_sc_hd__nor2_1)
     2    0.007951    0.129020    0.246618   11.308164 v _11203_/Y (sky130_fd_sc_hd__nor2_1)
                                                         _03877_ (net)
                      0.129020    0.000204   11.308368 v _11324_/A (sky130_fd_sc_hd__xnor2_1)
     2    0.015009    0.584717    0.570332   11.878700 ^ _11324_/Y (sky130_fd_sc_hd__xnor2_1)
                                                         _04010_ (net)
                      0.584718    0.000705   11.879405 ^ _11327_/A (sky130_fd_sc_hd__xor2_1)
     2    0.007824    0.327608    0.505259   12.384665 ^ _11327_/X (sky130_fd_sc_hd__xor2_1)
                                                         _04013_ (net)
                      0.327608    0.000203   12.384867 ^ _11329_/B (sky130_fd_sc_hd__xnor2_1)
     2    0.011804    0.478352    0.386586   12.771453 ^ _11329_/Y (sky130_fd_sc_hd__xnor2_1)
                                                         _04016_ (net)
                      0.478352    0.000476   12.771929 ^ _11332_/A (sky130_fd_sc_hd__xnor2_1)
     3    0.012614    0.254047    0.404363   13.176291 v _11332_/Y (sky130_fd_sc_hd__xnor2_1)
                                                         _04019_ (net)
                      0.254047    0.000342   13.176634 v _11589_/B (sky130_fd_sc_hd__nor3b_1)
     2    0.009317    0.573328    0.611362   13.787995 ^ _11589_/Y (sky130_fd_sc_hd__nor3b_1)
                                                         _04299_ (net)
                      0.573328    0.000330   13.788324 ^ _11591_/D_N (sky130_fd_sc_hd__or4bb_4)
     2    0.011722    0.178576    1.117688   14.906013 v _11591_/X (sky130_fd_sc_hd__or4bb_4)
                                                         _04301_ (net)
                      0.178576    0.000297   14.906309 v _11593_/A1 (sky130_fd_sc_hd__a31oi_4)
     4    0.037344    0.501177    0.508338   15.414648 ^ _11593_/Y (sky130_fd_sc_hd__a31oi_4)
                                                         _04303_ (net)
                      0.501225    0.003892   15.418540 ^ _11813_/A3 (sky130_fd_sc_hd__o311a_4)
     3    0.015608    0.121739    0.506946   15.925486 ^ _11813_/X (sky130_fd_sc_hd__o311a_4)
                                                         _04543_ (net)
                      0.121739    0.000284   15.925770 ^ _11815_/A (sky130_fd_sc_hd__nor2_1)
     1    0.002270    0.047442    0.096547   16.022316 v _11815_/Y (sky130_fd_sc_hd__nor2_1)
                                                         _00017_ (net)
                      0.047442    0.000046   16.022362 v _13682_/D (sky130_fd_sc_hd__dfrtp_1)
                                             16.022362   data arrival time

                                 15.000000   15.000000   clock clk (rise edge)
                                  0.000000   15.000000   clock source latency
     1    0.050594    0.363095    0.258083   15.258083 ^ clk (in)
                                                         clk (net)
                      0.363560    0.000000   15.258083 ^ clkbuf_0_clk/A (sky130_fd_sc_hd__clkbuf_16)
     8    0.161004    0.263137    0.506523   15.764606 ^ clkbuf_0_clk/X (sky130_fd_sc_hd__clkbuf_16)
                                                         clknet_0_clk (net)
                      0.263436    0.007926   15.772532 ^ clkbuf_3_0__f_clk/A (sky130_fd_sc_hd__clkbuf_16)
     9    0.060542    0.122080    0.357872   16.130404 ^ clkbuf_3_0__f_clk/X (sky130_fd_sc_hd__clkbuf_16)
                                                         clknet_3_0__leaf_clk (net)
                      0.122340    0.004828   16.135233 ^ _13682_/CLK (sky130_fd_sc_hd__dfrtp_1)
                                 -0.250000   15.885233   clock uncertainty
                                  0.000000   15.885233   clock reconvergence pessimism
                                 -0.253217   15.632015   library setup time
                                             15.632015   data required time
---------------------------------------------------------------------------------------------
                                             15.632015   data required time
                                            -16.022362   data arrival time
---------------------------------------------------------------------------------------------
                                             -0.390347   slack (VIOLATED)


Startpoint: x0[2] (input port clocked by clk)
Endpoint: _13700_ (rising edge-triggered flip-flop clocked by clk)
Path Group: clk
Path Type: max

Fanout         Cap        Slew       Delay        Time   Description
---------------------------------------------------------------------------------------------
                                  0.000000    0.000000   clock clk (rise edge)
                                  0.000000    0.000000   clock network delay (propagated)
                                  3.000000    3.000000 ^ input external delay
     1    0.003003    0.033593    0.016865    3.016865 ^ x0[2] (in)
                                                         x0[2] (net)
                      0.033593    0.000000    3.016865 ^ input132/A (sky130_fd_sc_hd__clkbuf_2)
     3    0.043466    0.369672    0.388443    3.405308 ^ input132/X (sky130_fd_sc_hd__clkbuf_2)
                                                         net132 (net)
                      0.369703    0.002804    3.408112 ^ fanout641/A (sky130_fd_sc_hd__clkbuf_4)
     7    0.071151    0.340630    0.578625    3.986737 ^ fanout641/X (sky130_fd_sc_hd__clkbuf_4)
                                                         net641 (net)
                      0.341000    0.007004    3.993741 ^ fanout638/A (sky130_fd_sc_hd__buf_4)
    10    0.066224    0.298346    0.494507    4.488248 ^ fanout638/X (sky130_fd_sc_hd__buf_4)
                                                         net638 (net)
                      0.298358    0.002215    4.490463 ^ _07160_/A (sky130_fd_sc_hd__nand2_1)
     3    0.007090    0.154005    0.237217    4.727680 v _07160_/Y (sky130_fd_sc_hd__nand2_1)
                                                         _05078_ (net)
                      0.154005    0.000144    4.727825 v _07163_/A (sky130_fd_sc_hd__or3_1)
     2    0.005773    0.167293    0.920518    5.648343 v _07163_/X (sky130_fd_sc_hd__or3_1)
                                                         _05111_ (net)
                      0.167293    0.000088    5.648431 v _07167_/A1 (sky130_fd_sc_hd__a21o_1)
     3    0.008728    0.106354    0.374941    6.023372 v _07167_/X (sky130_fd_sc_hd__a21o_1)
                                                         _05155_ (net)
                      0.106354    0.000205    6.023576 v _07169_/A2 (sky130_fd_sc_hd__a21o_1)
     2    0.006931    0.092333    0.365369    6.388945 v _07169_/X (sky130_fd_sc_hd__a21o_1)
                                                         _05177_ (net)
                      0.092333    0.000236    6.389181 v _07171_/B (sky130_fd_sc_hd__and3_1)
     4    0.013241    0.153050    0.432863    6.822043 v _07171_/X (sky130_fd_sc_hd__and3_1)
                                                         _05199_ (net)
                      0.153050    0.000348    6.822392 v _07174_/B (sky130_fd_sc_hd__nor3_1)
     2    0.010770    0.600883    0.593491    7.415882 ^ _07174_/Y (sky130_fd_sc_hd__nor3_1)
                                                         _05231_ (net)
                      0.600883    0.000388    7.416270 ^ _07177_/B1 (sky130_fd_sc_hd__a211oi_2)
     4    0.017095    0.199720    0.324032    7.740302 v _07177_/Y (sky130_fd_sc_hd__a211oi_2)
                                                         _05264_ (net)
                      0.199720    0.000462    7.740764 v _07179_/C (sky130_fd_sc_hd__nor4_2)
     3    0.011909    0.623860    0.634360    8.375124 ^ _07179_/Y (sky130_fd_sc_hd__nor4_2)
                                                         _05286_ (net)
                      0.623860    0.000167    8.375291 ^ max_cap240/A (sky130_fd_sc_hd__buf_1)
     2    0.010428    0.211480    0.425973    8.801264 ^ max_cap240/X (sky130_fd_sc_hd__buf_1)
                                                         net240 (net)
                      0.211480    0.000236    8.801500 ^ _07181_/B1 (sky130_fd_sc_hd__a211oi_2)
     5    0.015863    0.190342    0.178014    8.979514 v _07181_/Y (sky130_fd_sc_hd__a211oi_2)
                                                         _05308_ (net)
                      0.190342    0.000409    8.979923 v _07184_/B (sky130_fd_sc_hd__or3_1)
     2    0.007734    0.186082    0.910274    9.890197 v _07184_/X (sky130_fd_sc_hd__or3_1)
                                                         _05341_ (net)
                      0.186082    0.000128    9.890325 v _07186_/B1 (sky130_fd_sc_hd__o211a_1)
     4    0.016749    0.187084    0.394426   10.284750 v _07186_/X (sky130_fd_sc_hd__o211a_1)
                                                         _05363_ (net)
                      0.187084    0.000573   10.285323 v _07190_/B (sky130_fd_sc_hd__or3_4)
     2    0.009768    0.134273    0.788448   11.073771 v _07190_/X (sky130_fd_sc_hd__or3_4)
                                                         _05406_ (net)
                      0.134273    0.000260   11.074032 v _07331_/A1 (sky130_fd_sc_hd__a211o_4)
     4    0.013948    0.100391    0.629852   11.703883 v _07331_/X (sky130_fd_sc_hd__a211o_4)
                                                         _06562_ (net)
                      0.100391    0.000323   11.704206 v _07334_/A1 (sky130_fd_sc_hd__a211o_1)
     2    0.008494    0.135452    0.556131   12.260338 v _07334_/X (sky130_fd_sc_hd__a211o_1)
                                                         _06565_ (net)
                      0.135452    0.000261   12.260599 v _07336_/A2 (sky130_fd_sc_hd__a211o_1)
     2    0.005918    0.113418    0.598527   12.859127 v _07336_/X (sky130_fd_sc_hd__a211o_1)
                                                         _06567_ (net)
                      0.113418    0.000175   12.859302 v _07337_/D (sky130_fd_sc_hd__and4_1)
     2    0.004919    0.091162    0.442221   13.301523 v _07337_/X (sky130_fd_sc_hd__and4_1)
                                                         _06568_ (net)
                      0.091162    0.000106   13.301629 v _07499_/B1 (sky130_fd_sc_hd__a21o_1)
     2    0.009506    0.112594    0.339120   13.640748 v _07499_/X (sky130_fd_sc_hd__a21o_1)
                                                         _06729_ (net)
                      0.112594    0.000226   13.640974 v _07662_/A1 (sky130_fd_sc_hd__a21oi_2)
     3    0.010178    0.248998    0.299149   13.940124 ^ _07662_/Y (sky130_fd_sc_hd__a21oi_2)
                                                         _00142_ (net)
                      0.248998    0.000263   13.940386 ^ _08204_/A (sky130_fd_sc_hd__nor4b_1)
     1    0.003365    0.088180    0.167954   14.108339 v _08204_/Y (sky130_fd_sc_hd__nor4b_1)
                                                         _00680_ (net)
                      0.088180    0.000108   14.108448 v _08209_/A3 (sky130_fd_sc_hd__o31a_2)
     3    0.041735    0.250864    0.750862   14.859311 v _08209_/X (sky130_fd_sc_hd__o31a_2)
                                                         _00685_ (net)
                      0.250998    0.005361   14.864672 v _08420_/A2 (sky130_fd_sc_hd__o311ai_2)
     3    0.009563    0.488409    0.604661   15.469333 ^ _08420_/Y (sky130_fd_sc_hd__o311ai_2)
                                                         _00894_ (net)
                      0.488409    0.000277   15.469610 ^ _08492_/B (sky130_fd_sc_hd__nand2_1)
     1    0.005240    0.140879    0.275328   15.744938 v _08492_/Y (sky130_fd_sc_hd__nand2_1)
                                                         _00965_ (net)
                      0.140879    0.000163   15.745102 v _08493_/B (sky130_fd_sc_hd__xnor2_1)
     1    0.002431    0.085950    0.230662   15.975763 v _08493_/Y (sky130_fd_sc_hd__xnor2_1)
                                                         _00046_ (net)
                      0.085950    0.000069   15.975833 v _13700_/D (sky130_fd_sc_hd__dfrtp_1)
                                             15.975833   data arrival time

                                 15.000000   15.000000   clock clk (rise edge)
                                  0.000000   15.000000   clock source latency
     1    0.050594    0.363095    0.258083   15.258083 ^ clk (in)
                                                         clk (net)
                      0.363560    0.000000   15.258083 ^ clkbuf_0_clk/A (sky130_fd_sc_hd__clkbuf_16)
     8    0.161004    0.263137    0.506523   15.764606 ^ clkbuf_0_clk/X (sky130_fd_sc_hd__clkbuf_16)
                                                         clknet_0_clk (net)
                      0.263436    0.007926   15.772532 ^ clkbuf_3_0__f_clk/A (sky130_fd_sc_hd__clkbuf_16)
     9    0.060542    0.122080    0.357872   16.130404 ^ clkbuf_3_0__f_clk/X (sky130_fd_sc_hd__clkbuf_16)
                                                         clknet_3_0__leaf_clk (net)
                      0.122217    0.003656   16.134060 ^ _13700_/CLK (sky130_fd_sc_hd__dfrtp_1)
                                 -0.250000   15.884061   clock uncertainty
                                  0.000000   15.884061   clock reconvergence pessimism
                                 -0.269294   15.614767   library setup time
                                             15.614767   data required time
---------------------------------------------------------------------------------------------
                                             15.614767   data required time
                                            -15.975833   data arrival time
---------------------------------------------------------------------------------------------
                                             -0.361066   slack (VIOLATED)


Startpoint: x3[1] (input port clocked by clk)
Endpoint: _13648_ (rising edge-triggered flip-flop clocked by clk)
Path Group: clk
Path Type: max

Fanout         Cap        Slew       Delay        Time   Description
---------------------------------------------------------------------------------------------
                                  0.000000    0.000000   clock clk (rise edge)
                                  0.000000    0.000000   clock network delay (propagated)
                                  3.000000    3.000000 ^ input external delay
     1    0.002706    0.031635    0.015296    3.015296 ^ x3[1] (in)
                                                         x3[1] (net)
                      0.031635    0.000000    3.015296 ^ input155/A (sky130_fd_sc_hd__buf_1)
     1    0.009197    0.186527    0.216427    3.231723 ^ input155/X (sky130_fd_sc_hd__buf_1)
                                                         net155 (net)
                      0.186587    0.000562    3.232285 ^ fanout465/A (sky130_fd_sc_hd__clkbuf_4)
     6    0.092047    0.430083    0.563696    3.795981 ^ fanout465/X (sky130_fd_sc_hd__clkbuf_4)
                                                         net465 (net)
                      0.430143    0.004269    3.800250 ^ fanout464/A (sky130_fd_sc_hd__buf_2)
     6    0.044980    0.352821    0.551366    4.351615 ^ fanout464/X (sky130_fd_sc_hd__buf_2)
                                                         net464 (net)
                      0.352821    0.000469    4.352085 ^ fanout462/A (sky130_fd_sc_hd__buf_2)
    10    0.049051    0.383151    0.541675    4.893760 ^ fanout462/X (sky130_fd_sc_hd__buf_2)
                                                         net462 (net)
                      0.383369    0.005034    4.898794 ^ _12079_/A (sky130_fd_sc_hd__and4_1)
     2    0.004996    0.131397    0.486616    5.385410 ^ _12079_/X (sky130_fd_sc_hd__and4_1)
                                                         _04829_ (net)
                      0.131397    0.000093    5.385503 ^ _12081_/A_N (sky130_fd_sc_hd__and2b_1)
     1    0.005179    0.085447    0.403840    5.789342 v _12081_/X (sky130_fd_sc_hd__and2b_1)
                                                         _04831_ (net)
                      0.085447    0.000159    5.789502 v _12082_/B (sky130_fd_sc_hd__xnor2_1)
     2    0.008613    0.373607    0.363875    6.153377 ^ _12082_/Y (sky130_fd_sc_hd__xnor2_1)
                                                         _04832_ (net)
                      0.373607    0.000268    6.153645 ^ _12089_/A (sky130_fd_sc_hd__xor2_1)
     2    0.008193    0.336937    0.453758    6.607403 ^ _12089_/X (sky130_fd_sc_hd__xor2_1)
                                                         _04840_ (net)
                      0.336937    0.000207    6.607611 ^ _12091_/B (sky130_fd_sc_hd__xnor2_1)
     2    0.005406    0.128287    0.242050    6.849660 v _12091_/Y (sky130_fd_sc_hd__xnor2_1)
                                                         _04842_ (net)
                      0.128287    0.000086    6.849746 v _12094_/A (sky130_fd_sc_hd__and2_1)
     3    0.011047    0.134380    0.370226    7.219972 v _12094_/X (sky130_fd_sc_hd__and2_1)
                                                         _04845_ (net)
                      0.134380    0.000189    7.220160 v _12096_/A (sky130_fd_sc_hd__or2_1)
     3    0.008435    0.145594    0.583583    7.803744 v _12096_/X (sky130_fd_sc_hd__or2_1)
                                                         _04847_ (net)
                      0.145594    0.000133    7.803877 v _12136_/A (sky130_fd_sc_hd__or3_4)
     2    0.012763    0.141457    0.821971    8.625848 v _12136_/X (sky130_fd_sc_hd__or3_4)
                                                         _04891_ (net)
                      0.141457    0.000355    8.626204 v _12279_/A2 (sky130_fd_sc_hd__a211oi_4)
     5    0.017311    0.440058    0.560325    9.186528 ^ _12279_/Y (sky130_fd_sc_hd__a211oi_4)
                                                         _05048_ (net)
                      0.440058    0.000337    9.186865 ^ _12283_/A1 (sky130_fd_sc_hd__o21ai_1)
     2    0.008749    0.199845    0.347836    9.534700 v _12283_/Y (sky130_fd_sc_hd__o21ai_1)
                                                         _05052_ (net)
                      0.199845    0.000205    9.534905 v _12286_/A2 (sky130_fd_sc_hd__a211oi_1)
     3    0.011553    0.707177    0.758065   10.292971 ^ _12286_/Y (sky130_fd_sc_hd__a211oi_1)
                                                         _05055_ (net)
                      0.707177    0.000385   10.293355 ^ _12287_/D (sky130_fd_sc_hd__nor4_1)
     2    0.008841    0.191743    0.345412   10.638766 v _12287_/Y (sky130_fd_sc_hd__nor4_1)
                                                         _05056_ (net)
                      0.191743    0.000271   10.639037 v max_cap232/A (sky130_fd_sc_hd__clkbuf_1)
     1    0.004449    0.067280    0.233270   10.872308 v max_cap232/X (sky130_fd_sc_hd__clkbuf_1)
                                                         net232 (net)
                      0.067280    0.000129   10.872437 v _12290_/B1 (sky130_fd_sc_hd__a211oi_2)
     4    0.017781    0.594793    0.600457   11.472894 ^ _12290_/Y (sky130_fd_sc_hd__a211oi_2)
                                                         _05060_ (net)
                      0.594793    0.000499   11.473393 ^ _12292_/B (sky130_fd_sc_hd__nor3_2)
     6    0.018547    0.175257    0.329234   11.802627 v _12292_/Y (sky130_fd_sc_hd__nor3_2)
                                                         _05062_ (net)
                      0.175257    0.000750   11.803376 v _12296_/A (sky130_fd_sc_hd__or3_1)
     3    0.008093    0.189467    0.959934   12.763310 v _12296_/X (sky130_fd_sc_hd__or3_1)
                                                         _05066_ (net)
                      0.189467    0.000129   12.763439 v _12436_/A3 (sky130_fd_sc_hd__a41o_1)
     2    0.010189    0.129731    0.521211   13.284650 v _12436_/X (sky130_fd_sc_hd__a41o_1)
                                                         _05219_ (net)
                      0.129731    0.000289   13.284939 v _12593_/A2 (sky130_fd_sc_hd__a21oi_2)
     3    0.011803    0.276112    0.348090   13.633028 ^ _12593_/Y (sky130_fd_sc_hd__a21oi_2)
                                                         _05391_ (net)
                      0.276196    0.000307   13.633336 ^ _12755_/A1 (sky130_fd_sc_hd__o21ba_4)
     3    0.008595    0.080795    0.359272   13.992607 ^ _12755_/X (sky130_fd_sc_hd__o21ba_4)
                                                         _05567_ (net)
                      0.080795    0.000237   13.992845 ^ _13305_/A_N (sky130_fd_sc_hd__and4bb_1)
     2    0.008955    0.126697    0.421865   14.414710 v _13305_/X (sky130_fd_sc_hd__and4bb_1)
                                                         _06168_ (net)
                      0.126697    0.000296   14.415006 v _13310_/A3 (sky130_fd_sc_hd__o31a_4)
     2    0.033817    0.155499    0.631460   15.046466 v _13310_/X (sky130_fd_sc_hd__o31a_4)
                                                         _06174_ (net)
                      0.155680    0.003386   15.049851 v _13525_/A3 (sky130_fd_sc_hd__o31ai_4)
     3    0.026306    0.566554    0.554913   15.604764 ^ _13525_/Y (sky130_fd_sc_hd__o31ai_4)
                                                         _06408_ (net)
                      0.566554    0.000933   15.605697 ^ _13526_/B (sky130_fd_sc_hd__xor2_1)
     1    0.003502    0.169312    0.303842   15.909539 v _13526_/X (sky130_fd_sc_hd__xor2_1)
                                                         _00031_ (net)
                      0.169312    0.000117   15.909657 v _13648_/D (sky130_fd_sc_hd__dfrtp_1)
                                             15.909657   data arrival time

                                 15.000000   15.000000   clock clk (rise edge)
                                  0.000000   15.000000   clock source latency
     1    0.050594    0.363095    0.258083   15.258083 ^ clk (in)
                                                         clk (net)
                      0.363560    0.000000   15.258083 ^ clkbuf_0_clk/A (sky130_fd_sc_hd__clkbuf_16)
     8    0.161004    0.263137    0.506523   15.764606 ^ clkbuf_0_clk/X (sky130_fd_sc_hd__clkbuf_16)
                                                         clknet_0_clk (net)
                      0.263217    0.004452   15.769057 ^ clkbuf_3_5__f_clk/A (sky130_fd_sc_hd__clkbuf_16)
     9    0.070993    0.136062    0.369479   16.138536 ^ clkbuf_3_5__f_clk/X (sky130_fd_sc_hd__clkbuf_16)
                                                         clknet_3_5__leaf_clk (net)
                      0.136112    0.002583   16.141119 ^ _13648_/CLK (sky130_fd_sc_hd__dfrtp_1)
                                 -0.250000   15.891120   clock uncertainty
                                  0.000000   15.891120   clock reconvergence pessimism
                                 -0.300314   15.590806   library setup time
                                             15.590806   data required time
---------------------------------------------------------------------------------------------
                                             15.590806   data required time
                                            -15.909657   data arrival time
---------------------------------------------------------------------------------------------
                                             -0.318851   slack (VIOLATED)


Startpoint: x1[0] (input port clocked by clk)
Endpoint: _13681_ (rising edge-triggered flip-flop clocked by clk)
Path Group: clk
Path Type: max

Fanout         Cap        Slew       Delay        Time   Description
---------------------------------------------------------------------------------------------
                                  0.000000    0.000000   clock clk (rise edge)
                                  0.000000    0.000000   clock network delay (propagated)
                                  3.000000    3.000000 ^ input external delay
     1    0.003438    0.036502    0.019165    3.019165 ^ x1[0] (in)
                                                         x1[0] (net)
                      0.036502    0.000000    3.019165 ^ input138/A (sky130_fd_sc_hd__clkbuf_1)
     1    0.002401    0.065731    0.129865    3.149030 ^ input138/X (sky130_fd_sc_hd__clkbuf_1)
                                                         net138 (net)
                      0.065731    0.000068    3.149099 ^ fanout597/A (sky130_fd_sc_hd__buf_2)
     5    0.052200    0.405738    0.434613    3.583712 ^ fanout597/X (sky130_fd_sc_hd__buf_2)
                                                         net597 (net)
                      0.405838    0.005318    3.589030 ^ fanout592/A (sky130_fd_sc_hd__buf_2)
     7    0.054723    0.423764    0.590920    4.179950 ^ fanout592/X (sky130_fd_sc_hd__buf_2)
                                                         net592 (net)
                      0.424024    0.006055    4.186006 ^ fanout591/A (sky130_fd_sc_hd__clkbuf_2)
     5    0.039529    0.338314    0.529725    4.715730 ^ fanout591/X (sky130_fd_sc_hd__clkbuf_2)
                                                         net591 (net)
                      0.338320    0.002022    4.717752 ^ fanout588/A (sky130_fd_sc_hd__buf_2)
    10    0.043858    0.344208    0.510163    5.227916 ^ fanout588/X (sky130_fd_sc_hd__buf_2)
                                                         net588 (net)
                      0.344222    0.002594    5.230510 ^ _10922_/A (sky130_fd_sc_hd__and3_1)
     4    0.011020    0.198080    0.480025    5.710536 ^ _10922_/X (sky130_fd_sc_hd__and3_1)
                                                         _03570_ (net)
                      0.198080    0.000186    5.710721 ^ _10925_/A_N (sky130_fd_sc_hd__and4b_1)
     3    0.009105    0.126996    0.498027    6.208748 v _10925_/X (sky130_fd_sc_hd__and4b_1)
                                                         _03573_ (net)
                      0.126996    0.000150    6.208898 v _11082_/B1_N (sky130_fd_sc_hd__o21ba_2)
     5    0.028797    0.276070    0.662900    6.871798 ^ _11082_/X (sky130_fd_sc_hd__o21ba_2)
                                                         _03745_ (net)
                      0.276070    0.000831    6.872629 ^ fanout249/A (sky130_fd_sc_hd__clkbuf_4)
    10    0.048581    0.242633    0.467516    7.340145 ^ fanout249/X (sky130_fd_sc_hd__clkbuf_4)
                                                         net249 (net)
                      0.242633    0.000774    7.340919 ^ _11083_/B (sky130_fd_sc_hd__xor2_1)
     2    0.007950    0.329662    0.421614    7.762533 ^ _11083_/X (sky130_fd_sc_hd__xor2_1)
                                                         _03746_ (net)
                      0.329662    0.000218    7.762752 ^ _11085_/B (sky130_fd_sc_hd__xor2_1)
     2    0.010225    0.396309    0.494797    8.257548 ^ _11085_/X (sky130_fd_sc_hd__xor2_1)
                                                         _03748_ (net)
                      0.396309    0.000335    8.257883 ^ _11087_/B (sky130_fd_sc_hd__xor2_1)
     2    0.008251    0.338363    0.468448    8.726332 ^ _11087_/X (sky130_fd_sc_hd__xor2_1)
                                                         _03750_ (net)
                      0.338363    0.000231    8.726562 ^ _11088_/B (sky130_fd_sc_hd__xor2_1)
     3    0.012139    0.453225    0.539340    9.265903 ^ _11088_/X (sky130_fd_sc_hd__xor2_1)
                                                         _03752_ (net)
                      0.453225    0.000343    9.266246 ^ _11092_/A (sky130_fd_sc_hd__xor2_1)
     1    0.004832    0.240359    0.401408    9.667654 ^ _11092_/X (sky130_fd_sc_hd__xor2_1)
                                                         _03756_ (net)
                      0.240359    0.000099    9.667752 ^ _11093_/B (sky130_fd_sc_hd__xnor2_1)
     2    0.007851    0.348702    0.316377    9.984129 ^ _11093_/Y (sky130_fd_sc_hd__xnor2_1)
                                                         _03757_ (net)
                      0.348702    0.000203    9.984333 ^ _11095_/B (sky130_fd_sc_hd__xnor2_1)
     2    0.007735    0.162605    0.276692   10.261024 v _11095_/Y (sky130_fd_sc_hd__xnor2_1)
                                                         _03759_ (net)
                      0.162605    0.000195   10.261219 v _11096_/A_N (sky130_fd_sc_hd__nand2b_1)
     2    0.005597    0.128973    0.371499   10.632718 v _11096_/Y (sky130_fd_sc_hd__nand2b_1)
                                                         _03760_ (net)
                      0.128973    0.000151   10.632869 v _11201_/A2 (sky130_fd_sc_hd__a21oi_1)
     3    0.010411    0.397880    0.428543   11.061413 ^ _11201_/Y (sky130_fd_sc_hd__a21oi_1)
                                                         _03875_ (net)
                      0.397880    0.000133   11.061545 ^ _11203_/A (sky130_fd_sc_hd__nor2_1)
     2    0.007951    0.129020    0.246618   11.308164 v _11203_/Y (sky130_fd_sc_hd__nor2_1)
                                                         _03877_ (net)
                      0.129020    0.000204   11.308368 v _11324_/A (sky130_fd_sc_hd__xnor2_1)
     2    0.015009    0.584717    0.570332   11.878700 ^ _11324_/Y (sky130_fd_sc_hd__xnor2_1)
                                                         _04010_ (net)
                      0.584718    0.000705   11.879405 ^ _11327_/A (sky130_fd_sc_hd__xor2_1)
     2    0.007824    0.327608    0.505259   12.384665 ^ _11327_/X (sky130_fd_sc_hd__xor2_1)
                                                         _04013_ (net)
                      0.327608    0.000203   12.384867 ^ _11329_/B (sky130_fd_sc_hd__xnor2_1)
     2    0.011804    0.478352    0.386586   12.771453 ^ _11329_/Y (sky130_fd_sc_hd__xnor2_1)
                                                         _04016_ (net)
                      0.478352    0.000476   12.771929 ^ _11332_/A (sky130_fd_sc_hd__xnor2_1)
     3    0.012614    0.254047    0.404363   13.176291 v _11332_/Y (sky130_fd_sc_hd__xnor2_1)
                                                         _04019_ (net)
                      0.254047    0.000342   13.176634 v _11589_/B (sky130_fd_sc_hd__nor3b_1)
     2    0.009317    0.573328    0.611362   13.787995 ^ _11589_/Y (sky130_fd_sc_hd__nor3b_1)
                                                         _04299_ (net)
                      0.573328    0.000330   13.788324 ^ _11591_/D_N (sky130_fd_sc_hd__or4bb_4)
     2    0.011722    0.178576    1.117688   14.906013 v _11591_/X (sky130_fd_sc_hd__or4bb_4)
                                                         _04301_ (net)
                      0.178576    0.000297   14.906309 v _11593_/A1 (sky130_fd_sc_hd__a31oi_4)
     4    0.037344    0.501177    0.508338   15.414648 ^ _11593_/Y (sky130_fd_sc_hd__a31oi_4)
                                                         _04303_ (net)
                      0.501224    0.003853   15.418501 ^ _11708_/B (sky130_fd_sc_hd__nor2_1)
     1    0.005905    0.130265    0.239787   15.658288 v _11708_/Y (sky130_fd_sc_hd__nor2_1)
                                                         _04429_ (net)
                      0.130265    0.000192   15.658480 v _11709_/B (sky130_fd_sc_hd__xnor2_1)
     1    0.002055    0.080657    0.221048   15.879527 v _11709_/Y (sky130_fd_sc_hd__xnor2_1)
                                                         _00016_ (net)
                      0.080657    0.000057   15.879584 v _13681_/D (sky130_fd_sc_hd__dfrtp_1)
                                             15.879584   data arrival time

                                 15.000000   15.000000   clock clk (rise edge)
                                  0.000000   15.000000   clock source latency
     1    0.050594    0.363095    0.258083   15.258083 ^ clk (in)
                                                         clk (net)
                      0.363560    0.000000   15.258083 ^ clkbuf_0_clk/A (sky130_fd_sc_hd__clkbuf_16)
     8    0.161004    0.263137    0.506523   15.764606 ^ clkbuf_0_clk/X (sky130_fd_sc_hd__clkbuf_16)
                                                         clknet_0_clk (net)
                      0.263436    0.007926   15.772532 ^ clkbuf_3_0__f_clk/A (sky130_fd_sc_hd__clkbuf_16)
     9    0.060542    0.122080    0.357872   16.130404 ^ clkbuf_3_0__f_clk/X (sky130_fd_sc_hd__clkbuf_16)
                                                         clknet_3_0__leaf_clk (net)
                      0.122312    0.004590   16.134995 ^ _13681_/CLK (sky130_fd_sc_hd__dfrtp_1)
                                 -0.250000   15.884995   clock uncertainty
                                  0.000000   15.884995   clock reconvergence pessimism
                                 -0.267064   15.617932   library setup time
                                             15.617932   data required time
---------------------------------------------------------------------------------------------
                                             15.617932   data required time
                                            -15.879584   data arrival time
---------------------------------------------------------------------------------------------
                                             -0.261652   slack (VIOLATED)


Startpoint: x0[4] (input port clocked by clk)
Endpoint: _13662_ (rising edge-triggered flip-flop clocked by clk)
Path Group: clk
Path Type: max

Fanout         Cap        Slew       Delay        Time   Description
---------------------------------------------------------------------------------------------
                                  0.000000    0.000000   clock clk (rise edge)
                                  0.000000    0.000000   clock network delay (propagated)
                                  3.000000    3.000000 ^ input external delay
     1    0.002769    0.032050    0.015627    3.015627 ^ x0[4] (in)
                                                         x0[4] (net)
                      0.032050    0.000000    3.015627 ^ input134/A (sky130_fd_sc_hd__buf_1)
     1    0.013181    0.258685    0.268088    3.283715 ^ input134/X (sky130_fd_sc_hd__buf_1)
                                                         net134 (net)
                      0.258687    0.000679    3.284394 ^ fanout626/A (sky130_fd_sc_hd__buf_4)
     7    0.089709    0.395407    0.531063    3.815457 ^ fanout626/X (sky130_fd_sc_hd__buf_4)
                                                         net626 (net)
                      0.395476    0.005123    3.820580 ^ fanout625/A (sky130_fd_sc_hd__buf_2)
     7    0.037390    0.296372    0.498513    4.319093 ^ fanout625/X (sky130_fd_sc_hd__buf_2)
                                                         net625 (net)
                      0.296372    0.000916    4.320009 ^ fanout624/A (sky130_fd_sc_hd__clkbuf_4)
    10    0.054264    0.267645    0.494441    4.814450 ^ fanout624/X (sky130_fd_sc_hd__clkbuf_4)
                                                         net624 (net)
                      0.267645    0.000646    4.815096 ^ _08850_/B (sky130_fd_sc_hd__and4_1)
     2    0.004497    0.125147    0.459238    5.274333 ^ _08850_/X (sky130_fd_sc_hd__and4_1)
                                                         _01316_ (net)
                      0.125147    0.000104    5.274437 ^ _08852_/A_N (sky130_fd_sc_hd__and2b_1)
     1    0.005186    0.085497    0.401248    5.675685 v _08852_/X (sky130_fd_sc_hd__and2b_1)
                                                         _01318_ (net)
                      0.085497    0.000113    5.675798 v _08853_/B (sky130_fd_sc_hd__xnor2_1)
     3    0.012220    0.492308    0.453428    6.129226 ^ _08853_/Y (sky130_fd_sc_hd__xnor2_1)
                                                         _01319_ (net)
                      0.492308    0.000314    6.129539 ^ _08862_/A (sky130_fd_sc_hd__nand3_2)
     3    0.008105    0.195501    0.296906    6.426445 v _08862_/Y (sky130_fd_sc_hd__nand3_2)
                                                         _01328_ (net)
                      0.195501    0.000125    6.426570 v _08865_/B (sky130_fd_sc_hd__and3_1)
     2    0.007145    0.105930    0.432947    6.859517 v _08865_/X (sky130_fd_sc_hd__and3_1)
                                                         _01331_ (net)
                      0.105930    0.000180    6.859697 v _08868_/A (sky130_fd_sc_hd__or3_4)
     4    0.020999    0.166413    0.846165    7.705863 v _08868_/X (sky130_fd_sc_hd__or3_4)
                                                         _01334_ (net)
                      0.166413    0.000636    7.706499 v _09012_/A2 (sky130_fd_sc_hd__a211o_1)
     3    0.009532    0.144639    0.646389    8.352887 v _09012_/X (sky130_fd_sc_hd__a211o_1)
                                                         _01491_ (net)
                      0.144639    0.000273    8.353160 v _09171_/B1_N (sky130_fd_sc_hd__a21bo_1)
     2    0.007925    0.124853    0.419084    8.772244 ^ _09171_/X (sky130_fd_sc_hd__a21bo_1)
                                                         _01664_ (net)
                      0.124853    0.000210    8.772455 ^ _09173_/B (sky130_fd_sc_hd__xor2_1)
     2    0.008423    0.191686    0.202416    8.974871 v _09173_/X (sky130_fd_sc_hd__xor2_1)
                                                         _01666_ (net)
                      0.191686    0.000210    8.975080 v _09174_/B (sky130_fd_sc_hd__or2_1)
     2    0.006325    0.127910    0.547670    9.522751 v _09174_/X (sky130_fd_sc_hd__or2_1)
                                                         _01667_ (net)
                      0.127910    0.000152    9.522902 v _09335_/A2 (sky130_fd_sc_hd__a211oi_1)
     3    0.010837    0.673080    0.702396   10.225299 ^ _09335_/Y (sky130_fd_sc_hd__a211oi_1)
                                                         _01843_ (net)
                      0.673080    0.000419   10.225718 ^ _09338_/A1 (sky130_fd_sc_hd__o21ai_1)
     2    0.010145    0.239635    0.446921   10.672639 v _09338_/Y (sky130_fd_sc_hd__o21ai_1)
                                                         _01847_ (net)
                      0.239635    0.000318   10.672957 v _09340_/A2 (sky130_fd_sc_hd__a211o_1)
     3    0.009757    0.146902    0.676947   11.349903 v _09340_/X (sky130_fd_sc_hd__a211o_1)
                                                         _01849_ (net)
                      0.146902    0.000257   11.350161 v _09342_/A2 (sky130_fd_sc_hd__a21o_1)
     2    0.006455    0.088611    0.378724   11.728884 v _09342_/X (sky130_fd_sc_hd__a21o_1)
                                                         _01851_ (net)
                      0.088611    0.000162   11.729046 v _09343_/C1 (sky130_fd_sc_hd__o211a_1)
     3    0.012973    0.161475    0.291067   12.020112 v _09343_/X (sky130_fd_sc_hd__o211a_1)
                                                         _01852_ (net)
                      0.161475    0.000362   12.020474 v _09346_/B (sky130_fd_sc_hd__or3_1)
     4    0.010352    0.214400    0.934897   12.955371 v _09346_/X (sky130_fd_sc_hd__or3_1)
                                                         _01855_ (net)
                      0.214400    0.000242   12.955614 v _09348_/B (sky130_fd_sc_hd__and3_1)
     3    0.007136    0.105865    0.442238   13.397852 v _09348_/X (sky130_fd_sc_hd__and3_1)
                                                         _01858_ (net)
                      0.105865    0.000182   13.398034 v _09350_/A (sky130_fd_sc_hd__or2_1)
     4    0.014563    0.194884    0.629791   14.027825 v _09350_/X (sky130_fd_sc_hd__or2_1)
                                                         _01860_ (net)
                      0.194884    0.000334   14.028159 v _09640_/A (sky130_fd_sc_hd__or3_1)
     2    0.006054    0.169513    0.939965   14.968125 v _09640_/X (sky130_fd_sc_hd__or3_1)
                                                         _02176_ (net)
                      0.169513    0.000167   14.968292 v _09642_/A1 (sky130_fd_sc_hd__a21o_1)
     2    0.005521    0.081568    0.351591   15.319882 v _09642_/X (sky130_fd_sc_hd__a21o_1)
                                                         _02178_ (net)
                      0.081568    0.000169   15.320051 v _09771_/B1 (sky130_fd_sc_hd__o21a_1)
     1    0.004844    0.083683    0.213058   15.533110 v _09771_/X (sky130_fd_sc_hd__o21a_1)
                                                         _02319_ (net)
                      0.083683    0.000142   15.533252 v _09772_/B (sky130_fd_sc_hd__xnor2_1)
     1    0.003465    0.121129    0.216072   15.749324 v _09772_/Y (sky130_fd_sc_hd__xnor2_1)
                                                         _00056_ (net)
                      0.121129    0.000105   15.749429 v _13662_/D (sky130_fd_sc_hd__dfrtp_1)
                                             15.749429   data arrival time

                                 15.000000   15.000000   clock clk (rise edge)
                                  0.000000   15.000000   clock source latency
     1    0.050594    0.363095    0.258083   15.258083 ^ clk (in)
                                                         clk (net)
                      0.363560    0.000000   15.258083 ^ clkbuf_0_clk/A (sky130_fd_sc_hd__clkbuf_16)
     8    0.161004    0.263137    0.506523   15.764606 ^ clkbuf_0_clk/X (sky130_fd_sc_hd__clkbuf_16)
                                                         clknet_0_clk (net)
                      0.263237    0.004894   15.769500 ^ clkbuf_3_4__f_clk/A (sky130_fd_sc_hd__clkbuf_16)
     7    0.049260    0.106677    0.346830   16.116329 ^ clkbuf_3_4__f_clk/X (sky130_fd_sc_hd__clkbuf_16)
                                                         clknet_3_4__leaf_clk (net)
                      0.106714    0.001794   16.118124 ^ _13662_/CLK (sky130_fd_sc_hd__dfrtp_1)
                                 -0.250000   15.868125   clock uncertainty
                                  0.000000   15.868125   clock reconvergence pessimism
                                 -0.288089   15.580035   library setup time
                                             15.580035   data required time
---------------------------------------------------------------------------------------------
                                             15.580035   data required time
                                            -15.749429   data arrival time
---------------------------------------------------------------------------------------------
                                             -0.169393   slack (VIOLATED)


Startpoint: x0[4] (input port clocked by clk)
Endpoint: _13663_ (rising edge-triggered flip-flop clocked by clk)
Path Group: clk
Path Type: max

Fanout         Cap        Slew       Delay        Time   Description
---------------------------------------------------------------------------------------------
                                  0.000000    0.000000   clock clk (rise edge)
                                  0.000000    0.000000   clock network delay (propagated)
                                  3.000000    3.000000 ^ input external delay
     1    0.002769    0.032050    0.015627    3.015627 ^ x0[4] (in)
                                                         x0[4] (net)
                      0.032050    0.000000    3.015627 ^ input134/A (sky130_fd_sc_hd__buf_1)
     1    0.013181    0.258685    0.268088    3.283715 ^ input134/X (sky130_fd_sc_hd__buf_1)
                                                         net134 (net)
                      0.258687    0.000679    3.284394 ^ fanout626/A (sky130_fd_sc_hd__buf_4)
     7    0.089709    0.395407    0.531063    3.815457 ^ fanout626/X (sky130_fd_sc_hd__buf_4)
                                                         net626 (net)
                      0.395476    0.005123    3.820580 ^ fanout625/A (sky130_fd_sc_hd__buf_2)
     7    0.037390    0.296372    0.498513    4.319093 ^ fanout625/X (sky130_fd_sc_hd__buf_2)
                                                         net625 (net)
                      0.296372    0.000916    4.320009 ^ fanout624/A (sky130_fd_sc_hd__clkbuf_4)
    10    0.054264    0.267645    0.494441    4.814450 ^ fanout624/X (sky130_fd_sc_hd__clkbuf_4)
                                                         net624 (net)
                      0.267645    0.000646    4.815096 ^ _08850_/B (sky130_fd_sc_hd__and4_1)
     2    0.004497    0.125147    0.459238    5.274333 ^ _08850_/X (sky130_fd_sc_hd__and4_1)
                                                         _01316_ (net)
                      0.125147    0.000104    5.274437 ^ _08852_/A_N (sky130_fd_sc_hd__and2b_1)
     1    0.005186    0.085497    0.401248    5.675685 v _08852_/X (sky130_fd_sc_hd__and2b_1)
                                                         _01318_ (net)
                      0.085497    0.000113    5.675798 v _08853_/B (sky130_fd_sc_hd__xnor2_1)
     3    0.012220    0.492308    0.453428    6.129226 ^ _08853_/Y (sky130_fd_sc_hd__xnor2_1)
                                                         _01319_ (net)
                      0.492308    0.000314    6.129539 ^ _08862_/A (sky130_fd_sc_hd__nand3_2)
     3    0.008105    0.195501    0.296906    6.426445 v _08862_/Y (sky130_fd_sc_hd__nand3_2)
                                                         _01328_ (net)
                      0.195501    0.000125    6.426570 v _08865_/B (sky130_fd_sc_hd__and3_1)
     2    0.007145    0.105930    0.432947    6.859517 v _08865_/X (sky130_fd_sc_hd__and3_1)
                                                         _01331_ (net)
                      0.105930    0.000180    6.859697 v _08868_/A (sky130_fd_sc_hd__or3_4)
     4    0.020999    0.166413    0.846165    7.705863 v _08868_/X (sky130_fd_sc_hd__or3_4)
                                                         _01334_ (net)
                      0.166413    0.000636    7.706499 v _09012_/A2 (sky130_fd_sc_hd__a211o_1)
     3    0.009532    0.144639    0.646389    8.352887 v _09012_/X (sky130_fd_sc_hd__a211o_1)
                                                         _01491_ (net)
                      0.144639    0.000273    8.353160 v _09171_/B1_N (sky130_fd_sc_hd__a21bo_1)
     2    0.007925    0.124853    0.419084    8.772244 ^ _09171_/X (sky130_fd_sc_hd__a21bo_1)
                                                         _01664_ (net)
                      0.124853    0.000210    8.772455 ^ _09173_/B (sky130_fd_sc_hd__xor2_1)
     2    0.008423    0.191686    0.202416    8.974871 v _09173_/X (sky130_fd_sc_hd__xor2_1)
                                                         _01666_ (net)
                      0.191686    0.000210    8.975080 v _09174_/B (sky130_fd_sc_hd__or2_1)
     2    0.006325    0.127910    0.547670    9.522751 v _09174_/X (sky130_fd_sc_hd__or2_1)
                                                         _01667_ (net)
                      0.127910    0.000152    9.522902 v _09335_/A2 (sky130_fd_sc_hd__a211oi_1)
     3    0.010837    0.673080    0.702396   10.225299 ^ _09335_/Y (sky130_fd_sc_hd__a211oi_1)
                                                         _01843_ (net)
                      0.673080    0.000419   10.225718 ^ _09338_/A1 (sky130_fd_sc_hd__o21ai_1)
     2    0.010145    0.239635    0.446921   10.672639 v _09338_/Y (sky130_fd_sc_hd__o21ai_1)
                                                         _01847_ (net)
                      0.239635    0.000318   10.672957 v _09340_/A2 (sky130_fd_sc_hd__a211o_1)
     3    0.009757    0.146902    0.676947   11.349903 v _09340_/X (sky130_fd_sc_hd__a211o_1)
                                                         _01849_ (net)
                      0.146902    0.000257   11.350161 v _09342_/A2 (sky130_fd_sc_hd__a21o_1)
     2    0.006455    0.088611    0.378724   11.728884 v _09342_/X (sky130_fd_sc_hd__a21o_1)
                                                         _01851_ (net)
                      0.088611    0.000162   11.729046 v _09343_/C1 (sky130_fd_sc_hd__o211a_1)
     3    0.012973    0.161475    0.291067   12.020112 v _09343_/X (sky130_fd_sc_hd__o211a_1)
                                                         _01852_ (net)
                      0.161475    0.000362   12.020474 v _09346_/B (sky130_fd_sc_hd__or3_1)
     4    0.010352    0.214400    0.934897   12.955371 v _09346_/X (sky130_fd_sc_hd__or3_1)
                                                         _01855_ (net)
                      0.214400    0.000242   12.955614 v _09348_/B (sky130_fd_sc_hd__and3_1)
     3    0.007136    0.105865    0.442238   13.397852 v _09348_/X (sky130_fd_sc_hd__and3_1)
                                                         _01858_ (net)
                      0.105865    0.000182   13.398034 v _09350_/A (sky130_fd_sc_hd__or2_1)
     4    0.014563    0.194884    0.629791   14.027825 v _09350_/X (sky130_fd_sc_hd__or2_1)
                                                         _01860_ (net)
                      0.194884    0.000401   14.028227 v _09892_/A (sky130_fd_sc_hd__nor4_2)
     2    0.009945    0.536688    0.678287   14.706513 ^ _09892_/Y (sky130_fd_sc_hd__nor4_2)
                                                         _02450_ (net)
                      0.536688    0.000509   14.707023 ^ _09896_/A3 (sky130_fd_sc_hd__o31a_1)
     3    0.022804    0.388438    0.601360   15.308383 ^ _09896_/X (sky130_fd_sc_hd__o31a_1)
                                                         _02454_ (net)
                      0.388438    0.000481   15.308864 ^ _09898_/A_N (sky130_fd_sc_hd__and2b_1)
     1    0.002339    0.062245    0.463023   15.771888 v _09898_/X (sky130_fd_sc_hd__and2b_1)
                                                         _00057_ (net)
                      0.062245    0.000069   15.771956 v _13663_/D (sky130_fd_sc_hd__dfrtp_1)
                                             15.771956   data arrival time

                                 15.000000   15.000000   clock clk (rise edge)
                                  0.000000   15.000000   clock source latency
     1    0.050594    0.363095    0.258083   15.258083 ^ clk (in)
                                                         clk (net)
                      0.363560    0.000000   15.258083 ^ clkbuf_0_clk/A (sky130_fd_sc_hd__clkbuf_16)
     8    0.161004    0.263137    0.506523   15.764606 ^ clkbuf_0_clk/X (sky130_fd_sc_hd__clkbuf_16)
                                                         clknet_0_clk (net)
                      0.263237    0.004894   15.769500 ^ clkbuf_3_4__f_clk/A (sky130_fd_sc_hd__clkbuf_16)
     7    0.049260    0.106677    0.346830   16.116329 ^ clkbuf_3_4__f_clk/X (sky130_fd_sc_hd__clkbuf_16)
                                                         clknet_3_4__leaf_clk (net)
                      0.106716    0.001828   16.118158 ^ _13663_/CLK (sky130_fd_sc_hd__dfrtp_1)
                                 -0.250000   15.868158   clock uncertainty
                                  0.000000   15.868158   clock reconvergence pessimism
                                 -0.263547   15.604611   library setup time
                                             15.604611   data required time
---------------------------------------------------------------------------------------------
                                             15.604611   data required time
                                            -15.771956   data arrival time
---------------------------------------------------------------------------------------------
                                             -0.167345   slack (VIOLATED)


Startpoint: x3[1] (input port clocked by clk)
Endpoint: _13645_ (rising edge-triggered flip-flop clocked by clk)
Path Group: clk
Path Type: max

Fanout         Cap        Slew       Delay        Time   Description
---------------------------------------------------------------------------------------------
                                  0.000000    0.000000   clock clk (rise edge)
                                  0.000000    0.000000   clock network delay (propagated)
                                  3.000000    3.000000 ^ input external delay
     1    0.002706    0.031635    0.015296    3.015296 ^ x3[1] (in)
                                                         x3[1] (net)
                      0.031635    0.000000    3.015296 ^ input155/A (sky130_fd_sc_hd__buf_1)
     1    0.009197    0.186527    0.216427    3.231723 ^ input155/X (sky130_fd_sc_hd__buf_1)
                                                         net155 (net)
                      0.186587    0.000562    3.232285 ^ fanout465/A (sky130_fd_sc_hd__clkbuf_4)
     6    0.092047    0.430083    0.563696    3.795981 ^ fanout465/X (sky130_fd_sc_hd__clkbuf_4)
                                                         net465 (net)
                      0.430143    0.004269    3.800250 ^ fanout464/A (sky130_fd_sc_hd__buf_2)
     6    0.044980    0.352821    0.551366    4.351615 ^ fanout464/X (sky130_fd_sc_hd__buf_2)
                                                         net464 (net)
                      0.352821    0.000469    4.352085 ^ fanout462/A (sky130_fd_sc_hd__buf_2)
    10    0.049051    0.383151    0.541675    4.893760 ^ fanout462/X (sky130_fd_sc_hd__buf_2)
                                                         net462 (net)
                      0.383369    0.005034    4.898794 ^ _12079_/A (sky130_fd_sc_hd__and4_1)
     2    0.004996    0.131397    0.486616    5.385410 ^ _12079_/X (sky130_fd_sc_hd__and4_1)
                                                         _04829_ (net)
                      0.131397    0.000093    5.385503 ^ _12081_/A_N (sky130_fd_sc_hd__and2b_1)
     1    0.005179    0.085447    0.403840    5.789342 v _12081_/X (sky130_fd_sc_hd__and2b_1)
                                                         _04831_ (net)
                      0.085447    0.000159    5.789502 v _12082_/B (sky130_fd_sc_hd__xnor2_1)
     2    0.008613    0.373607    0.363875    6.153377 ^ _12082_/Y (sky130_fd_sc_hd__xnor2_1)
                                                         _04832_ (net)
                      0.373607    0.000268    6.153645 ^ _12089_/A (sky130_fd_sc_hd__xor2_1)
     2    0.008193    0.336937    0.453758    6.607403 ^ _12089_/X (sky130_fd_sc_hd__xor2_1)
                                                         _04840_ (net)
                      0.336937    0.000207    6.607611 ^ _12091_/B (sky130_fd_sc_hd__xnor2_1)
     2    0.005406    0.128287    0.242050    6.849660 v _12091_/Y (sky130_fd_sc_hd__xnor2_1)
                                                         _04842_ (net)
                      0.128287    0.000086    6.849746 v _12094_/A (sky130_fd_sc_hd__and2_1)
     3    0.011047    0.134380    0.370226    7.219972 v _12094_/X (sky130_fd_sc_hd__and2_1)
                                                         _04845_ (net)
                      0.134380    0.000189    7.220160 v _12096_/A (sky130_fd_sc_hd__or2_1)
     3    0.008435    0.145594    0.583583    7.803744 v _12096_/X (sky130_fd_sc_hd__or2_1)
                                                         _04847_ (net)
                      0.145594    0.000133    7.803877 v _12136_/A (sky130_fd_sc_hd__or3_4)
     2    0.012763    0.141457    0.821971    8.625848 v _12136_/X (sky130_fd_sc_hd__or3_4)
                                                         _04891_ (net)
                      0.141457    0.000355    8.626204 v _12279_/A2 (sky130_fd_sc_hd__a211oi_4)
     5    0.017311    0.440058    0.560325    9.186528 ^ _12279_/Y (sky130_fd_sc_hd__a211oi_4)
                                                         _05048_ (net)
                      0.440058    0.000337    9.186865 ^ _12283_/A1 (sky130_fd_sc_hd__o21ai_1)
     2    0.008749    0.199845    0.347836    9.534700 v _12283_/Y (sky130_fd_sc_hd__o21ai_1)
                                                         _05052_ (net)
                      0.199845    0.000205    9.534905 v _12286_/A2 (sky130_fd_sc_hd__a211oi_1)
     3    0.011553    0.707177    0.758065   10.292971 ^ _12286_/Y (sky130_fd_sc_hd__a211oi_1)
                                                         _05055_ (net)
                      0.707177    0.000385   10.293355 ^ _12287_/D (sky130_fd_sc_hd__nor4_1)
     2    0.008841    0.191743    0.345412   10.638766 v _12287_/Y (sky130_fd_sc_hd__nor4_1)
                                                         _05056_ (net)
                      0.191743    0.000271   10.639037 v max_cap232/A (sky130_fd_sc_hd__clkbuf_1)
     1    0.004449    0.067280    0.233270   10.872308 v max_cap232/X (sky130_fd_sc_hd__clkbuf_1)
                                                         net232 (net)
                      0.067280    0.000129   10.872437 v _12290_/B1 (sky130_fd_sc_hd__a211oi_2)
     4    0.017781    0.594793    0.600457   11.472894 ^ _12290_/Y (sky130_fd_sc_hd__a211oi_2)
                                                         _05060_ (net)
                      0.594793    0.000499   11.473393 ^ _12292_/B (sky130_fd_sc_hd__nor3_2)
     6    0.018547    0.175257    0.329234   11.802627 v _12292_/Y (sky130_fd_sc_hd__nor3_2)
                                                         _05062_ (net)
                      0.175257    0.000750   11.803376 v _12296_/A (sky130_fd_sc_hd__or3_1)
     3    0.008093    0.189467    0.959934   12.763310 v _12296_/X (sky130_fd_sc_hd__or3_1)
                                                         _05066_ (net)
                      0.189467    0.000129   12.763439 v _12436_/A3 (sky130_fd_sc_hd__a41o_1)
     2    0.010189    0.129731    0.521211   13.284650 v _12436_/X (sky130_fd_sc_hd__a41o_1)
                                                         _05219_ (net)
                      0.129731    0.000289   13.284939 v _12593_/A2 (sky130_fd_sc_hd__a21oi_2)
     3    0.011803    0.276112    0.348090   13.633028 ^ _12593_/Y (sky130_fd_sc_hd__a21oi_2)
                                                         _05391_ (net)
                      0.276196    0.000307   13.633336 ^ _12755_/A1 (sky130_fd_sc_hd__o21ba_4)
     3    0.008595    0.080795    0.359272   13.992607 ^ _12755_/X (sky130_fd_sc_hd__o21ba_4)
                                                         _05567_ (net)
                      0.080795    0.000237   13.992845 ^ _12756_/B (sky130_fd_sc_hd__nor2_1)
     3    0.007410    0.084083    0.103261   14.096106 v _12756_/Y (sky130_fd_sc_hd__nor2_1)
                                                         _05568_ (net)
                      0.084083    0.000123   14.096229 v _13044_/A1_N (sky130_fd_sc_hd__o2bb2a_1)
     2    0.004641    0.104253    0.487388   14.583616 ^ _13044_/X (sky130_fd_sc_hd__o2bb2a_1)
                                                         _05883_ (net)
                      0.104253    0.000118   14.583735 ^ _13045_/A_N (sky130_fd_sc_hd__and2b_1)
     2    0.004236    0.078050    0.383872   14.967607 v _13045_/X (sky130_fd_sc_hd__and2b_1)
                                                         _05884_ (net)
                      0.078050    0.000053   14.967660 v _13177_/B (sky130_fd_sc_hd__or2_1)
     1    0.005265    0.119624    0.490495   15.458155 v _13177_/X (sky130_fd_sc_hd__or2_1)
                                                         _06028_ (net)
                      0.119624    0.000167   15.458322 v _13178_/B (sky130_fd_sc_hd__xnor2_1)
     1    0.002937    0.113299    0.226789   15.685110 v _13178_/Y (sky130_fd_sc_hd__xnor2_1)
                                                         _00028_ (net)
                      0.113299    0.000085   15.685196 v _13645_/D (sky130_fd_sc_hd__dfrtp_1)
                                             15.685196   data arrival time

                                 15.000000   15.000000   clock clk (rise edge)
                                  0.000000   15.000000   clock source latency
     1    0.050594    0.363095    0.258083   15.258083 ^ clk (in)
                                                         clk (net)
                      0.363560    0.000000   15.258083 ^ clkbuf_0_clk/A (sky130_fd_sc_hd__clkbuf_16)
     8    0.161004    0.263137    0.506523   15.764606 ^ clkbuf_0_clk/X (sky130_fd_sc_hd__clkbuf_16)
                                                         clknet_0_clk (net)
                      0.263237    0.004894   15.769500 ^ clkbuf_3_4__f_clk/A (sky130_fd_sc_hd__clkbuf_16)
     7    0.049260    0.106677    0.346830   16.116329 ^ clkbuf_3_4__f_clk/X (sky130_fd_sc_hd__clkbuf_16)
                                                         clknet_3_4__leaf_clk (net)
                      0.106725    0.001988   16.118319 ^ _13645_/CLK (sky130_fd_sc_hd__dfrtp_1)
                                 -0.250000   15.868319   clock uncertainty
                                  0.000000   15.868319   clock reconvergence pessimism
                                 -0.284823   15.583496   library setup time
                                             15.583496   data required time
---------------------------------------------------------------------------------------------
                                             15.583496   data required time
                                            -15.685196   data arrival time
---------------------------------------------------------------------------------------------
                                             -0.101700   slack (VIOLATED)


Startpoint: x0[4] (input port clocked by clk)
Endpoint: _13664_ (rising edge-triggered flip-flop clocked by clk)
Path Group: clk
Path Type: max

Fanout         Cap        Slew       Delay        Time   Description
---------------------------------------------------------------------------------------------
                                  0.000000    0.000000   clock clk (rise edge)
                                  0.000000    0.000000   clock network delay (propagated)
                                  3.000000    3.000000 ^ input external delay
     1    0.002769    0.032050    0.015627    3.015627 ^ x0[4] (in)
                                                         x0[4] (net)
                      0.032050    0.000000    3.015627 ^ input134/A (sky130_fd_sc_hd__buf_1)
     1    0.013181    0.258685    0.268088    3.283715 ^ input134/X (sky130_fd_sc_hd__buf_1)
                                                         net134 (net)
                      0.258687    0.000679    3.284394 ^ fanout626/A (sky130_fd_sc_hd__buf_4)
     7    0.089709    0.395407    0.531063    3.815457 ^ fanout626/X (sky130_fd_sc_hd__buf_4)
                                                         net626 (net)
                      0.395476    0.005123    3.820580 ^ fanout625/A (sky130_fd_sc_hd__buf_2)
     7    0.037390    0.296372    0.498513    4.319093 ^ fanout625/X (sky130_fd_sc_hd__buf_2)
                                                         net625 (net)
                      0.296372    0.000916    4.320009 ^ fanout624/A (sky130_fd_sc_hd__clkbuf_4)
    10    0.054264    0.267645    0.494441    4.814450 ^ fanout624/X (sky130_fd_sc_hd__clkbuf_4)
                                                         net624 (net)
                      0.267645    0.000646    4.815096 ^ _08850_/B (sky130_fd_sc_hd__and4_1)
     2    0.004497    0.125147    0.459238    5.274333 ^ _08850_/X (sky130_fd_sc_hd__and4_1)
                                                         _01316_ (net)
                      0.125147    0.000104    5.274437 ^ _08852_/A_N (sky130_fd_sc_hd__and2b_1)
     1    0.005186    0.085497    0.401248    5.675685 v _08852_/X (sky130_fd_sc_hd__and2b_1)
                                                         _01318_ (net)
                      0.085497    0.000113    5.675798 v _08853_/B (sky130_fd_sc_hd__xnor2_1)
     3    0.012220    0.492308    0.453428    6.129226 ^ _08853_/Y (sky130_fd_sc_hd__xnor2_1)
                                                         _01319_ (net)
                      0.492308    0.000314    6.129539 ^ _08862_/A (sky130_fd_sc_hd__nand3_2)
     3    0.008105    0.195501    0.296906    6.426445 v _08862_/Y (sky130_fd_sc_hd__nand3_2)
                                                         _01328_ (net)
                      0.195501    0.000125    6.426570 v _08865_/B (sky130_fd_sc_hd__and3_1)
     2    0.007145    0.105930    0.432947    6.859517 v _08865_/X (sky130_fd_sc_hd__and3_1)
                                                         _01331_ (net)
                      0.105930    0.000180    6.859697 v _08868_/A (sky130_fd_sc_hd__or3_4)
     4    0.020999    0.166413    0.846165    7.705863 v _08868_/X (sky130_fd_sc_hd__or3_4)
                                                         _01334_ (net)
                      0.166413    0.000636    7.706499 v _09012_/A2 (sky130_fd_sc_hd__a211o_1)
     3    0.009532    0.144639    0.646389    8.352887 v _09012_/X (sky130_fd_sc_hd__a211o_1)
                                                         _01491_ (net)
                      0.144639    0.000273    8.353160 v _09171_/B1_N (sky130_fd_sc_hd__a21bo_1)
     2    0.007925    0.124853    0.419084    8.772244 ^ _09171_/X (sky130_fd_sc_hd__a21bo_1)
                                                         _01664_ (net)
                      0.124853    0.000210    8.772455 ^ _09173_/B (sky130_fd_sc_hd__xor2_1)
     2    0.008423    0.191686    0.202416    8.974871 v _09173_/X (sky130_fd_sc_hd__xor2_1)
                                                         _01666_ (net)
                      0.191686    0.000210    8.975080 v _09174_/B (sky130_fd_sc_hd__or2_1)
     2    0.006325    0.127910    0.547670    9.522751 v _09174_/X (sky130_fd_sc_hd__or2_1)
                                                         _01667_ (net)
                      0.127910    0.000152    9.522902 v _09335_/A2 (sky130_fd_sc_hd__a211oi_1)
     3    0.010837    0.673080    0.702396   10.225299 ^ _09335_/Y (sky130_fd_sc_hd__a211oi_1)
                                                         _01843_ (net)
                      0.673080    0.000419   10.225718 ^ _09338_/A1 (sky130_fd_sc_hd__o21ai_1)
     2    0.010145    0.239635    0.446921   10.672639 v _09338_/Y (sky130_fd_sc_hd__o21ai_1)
                                                         _01847_ (net)
                      0.239635    0.000318   10.672957 v _09340_/A2 (sky130_fd_sc_hd__a211o_1)
     3    0.009757    0.146902    0.676947   11.349903 v _09340_/X (sky130_fd_sc_hd__a211o_1)
                                                         _01849_ (net)
                      0.146902    0.000257   11.350161 v _09342_/A2 (sky130_fd_sc_hd__a21o_1)
     2    0.006455    0.088611    0.378724   11.728884 v _09342_/X (sky130_fd_sc_hd__a21o_1)
                                                         _01851_ (net)
                      0.088611    0.000162   11.729046 v _09343_/C1 (sky130_fd_sc_hd__o211a_1)
     3    0.012973    0.161475    0.291067   12.020112 v _09343_/X (sky130_fd_sc_hd__o211a_1)
                                                         _01852_ (net)
                      0.161475    0.000362   12.020474 v _09346_/B (sky130_fd_sc_hd__or3_1)
     4    0.010352    0.214400    0.934897   12.955371 v _09346_/X (sky130_fd_sc_hd__or3_1)
                                                         _01855_ (net)
                      0.214400    0.000242   12.955614 v _09348_/B (sky130_fd_sc_hd__and3_1)
     3    0.007136    0.105865    0.442238   13.397852 v _09348_/X (sky130_fd_sc_hd__and3_1)
                                                         _01858_ (net)
                      0.105865    0.000182   13.398034 v _09350_/A (sky130_fd_sc_hd__or2_1)
     4    0.014563    0.194884    0.629791   14.027825 v _09350_/X (sky130_fd_sc_hd__or2_1)
                                                         _01860_ (net)
                      0.194884    0.000401   14.028227 v _09892_/A (sky130_fd_sc_hd__nor4_2)
     2    0.009945    0.536688    0.678287   14.706513 ^ _09892_/Y (sky130_fd_sc_hd__nor4_2)
                                                         _02450_ (net)
                      0.536688    0.000509   14.707023 ^ _09896_/A3 (sky130_fd_sc_hd__o31a_1)
     3    0.022804    0.388438    0.601360   15.308383 ^ _09896_/X (sky130_fd_sc_hd__o31a_1)
                                                         _02454_ (net)
                      0.388438    0.000806   15.309189 ^ _10006_/B (sky130_fd_sc_hd__nor2_1)
     1    0.005780    0.109337    0.204405   15.513595 v _10006_/Y (sky130_fd_sc_hd__nor2_1)
                                                         _02574_ (net)
                      0.109337    0.000183   15.513778 v _10007_/B (sky130_fd_sc_hd__xnor2_1)
     1    0.002167    0.082161    0.212520   15.726297 v _10007_/Y (sky130_fd_sc_hd__xnor2_1)
                                                         _00058_ (net)
                      0.082161    0.000043   15.726339 v _13664_/D (sky130_fd_sc_hd__dfrtp_1)
                                             15.726339   data arrival time

                                 15.000000   15.000000   clock clk (rise edge)
                                  0.000000   15.000000   clock source latency
     1    0.050594    0.363095    0.258083   15.258083 ^ clk (in)
                                                         clk (net)
                      0.363560    0.000000   15.258083 ^ clkbuf_0_clk/A (sky130_fd_sc_hd__clkbuf_16)
     8    0.161004    0.263137    0.506523   15.764606 ^ clkbuf_0_clk/X (sky130_fd_sc_hd__clkbuf_16)
                                                         clknet_0_clk (net)
                      0.263217    0.004452   15.769057 ^ clkbuf_3_5__f_clk/A (sky130_fd_sc_hd__clkbuf_16)
     9    0.070993    0.136062    0.369479   16.138536 ^ clkbuf_3_5__f_clk/X (sky130_fd_sc_hd__clkbuf_16)
                                                         clknet_3_5__leaf_clk (net)
                      0.136231    0.004258   16.142794 ^ _13664_/CLK (sky130_fd_sc_hd__dfrtp_1)
                                 -0.250000   15.892795   clock uncertainty
                                  0.000000   15.892795   clock reconvergence pessimism
                                 -0.263980   15.628816   library setup time
                                             15.628816   data required time
---------------------------------------------------------------------------------------------
                                             15.628816   data required time
                                            -15.726339   data arrival time
---------------------------------------------------------------------------------------------
                                             -0.097524   slack (VIOLATED)


Startpoint: x1[0] (input port clocked by clk)
Endpoint: _13680_ (rising edge-triggered flip-flop clocked by clk)
Path Group: clk
Path Type: max

Fanout         Cap        Slew       Delay        Time   Description
---------------------------------------------------------------------------------------------
                                  0.000000    0.000000   clock clk (rise edge)
                                  0.000000    0.000000   clock network delay (propagated)
                                  3.000000    3.000000 ^ input external delay
     1    0.003438    0.036502    0.019165    3.019165 ^ x1[0] (in)
                                                         x1[0] (net)
                      0.036502    0.000000    3.019165 ^ input138/A (sky130_fd_sc_hd__clkbuf_1)
     1    0.002401    0.065731    0.129865    3.149030 ^ input138/X (sky130_fd_sc_hd__clkbuf_1)
                                                         net138 (net)
                      0.065731    0.000068    3.149099 ^ fanout597/A (sky130_fd_sc_hd__buf_2)
     5    0.052200    0.405738    0.434613    3.583712 ^ fanout597/X (sky130_fd_sc_hd__buf_2)
                                                         net597 (net)
                      0.405838    0.005318    3.589030 ^ fanout592/A (sky130_fd_sc_hd__buf_2)
     7    0.054723    0.423764    0.590920    4.179950 ^ fanout592/X (sky130_fd_sc_hd__buf_2)
                                                         net592 (net)
                      0.424024    0.006055    4.186006 ^ fanout591/A (sky130_fd_sc_hd__clkbuf_2)
     5    0.039529    0.338314    0.529725    4.715730 ^ fanout591/X (sky130_fd_sc_hd__clkbuf_2)
                                                         net591 (net)
                      0.338320    0.002022    4.717752 ^ fanout588/A (sky130_fd_sc_hd__buf_2)
    10    0.043858    0.344208    0.510163    5.227916 ^ fanout588/X (sky130_fd_sc_hd__buf_2)
                                                         net588 (net)
                      0.344222    0.002594    5.230510 ^ _10922_/A (sky130_fd_sc_hd__and3_1)
     4    0.011020    0.198080    0.480025    5.710536 ^ _10922_/X (sky130_fd_sc_hd__and3_1)
                                                         _03570_ (net)
                      0.198080    0.000186    5.710721 ^ _10925_/A_N (sky130_fd_sc_hd__and4b_1)
     3    0.009105    0.126996    0.498027    6.208748 v _10925_/X (sky130_fd_sc_hd__and4b_1)
                                                         _03573_ (net)
                      0.126996    0.000150    6.208898 v _11082_/B1_N (sky130_fd_sc_hd__o21ba_2)
     5    0.028797    0.276070    0.662900    6.871798 ^ _11082_/X (sky130_fd_sc_hd__o21ba_2)
                                                         _03745_ (net)
                      0.276070    0.000831    6.872629 ^ fanout249/A (sky130_fd_sc_hd__clkbuf_4)
    10    0.048581    0.242633    0.467516    7.340145 ^ fanout249/X (sky130_fd_sc_hd__clkbuf_4)
                                                         net249 (net)
                      0.242633    0.000774    7.340919 ^ _11083_/B (sky130_fd_sc_hd__xor2_1)
     2    0.007950    0.329662    0.421614    7.762533 ^ _11083_/X (sky130_fd_sc_hd__xor2_1)
                                                         _03746_ (net)
                      0.329662    0.000218    7.762752 ^ _11085_/B (sky130_fd_sc_hd__xor2_1)
     2    0.010225    0.396309    0.494797    8.257548 ^ _11085_/X (sky130_fd_sc_hd__xor2_1)
                                                         _03748_ (net)
                      0.396309    0.000335    8.257883 ^ _11087_/B (sky130_fd_sc_hd__xor2_1)
     2    0.008251    0.338363    0.468448    8.726332 ^ _11087_/X (sky130_fd_sc_hd__xor2_1)
                                                         _03750_ (net)
                      0.338363    0.000231    8.726562 ^ _11088_/B (sky130_fd_sc_hd__xor2_1)
     3    0.012139    0.453225    0.539340    9.265903 ^ _11088_/X (sky130_fd_sc_hd__xor2_1)
                                                         _03752_ (net)
                      0.453225    0.000343    9.266246 ^ _11092_/A (sky130_fd_sc_hd__xor2_1)
     1    0.004832    0.240359    0.401408    9.667654 ^ _11092_/X (sky130_fd_sc_hd__xor2_1)
                                                         _03756_ (net)
                      0.240359    0.000099    9.667752 ^ _11093_/B (sky130_fd_sc_hd__xnor2_1)
     2    0.007851    0.348702    0.316377    9.984129 ^ _11093_/Y (sky130_fd_sc_hd__xnor2_1)
                                                         _03757_ (net)
                      0.348702    0.000203    9.984333 ^ _11095_/B (sky130_fd_sc_hd__xnor2_1)
     2    0.007735    0.162605    0.276692   10.261024 v _11095_/Y (sky130_fd_sc_hd__xnor2_1)
                                                         _03759_ (net)
                      0.162605    0.000195   10.261219 v _11096_/A_N (sky130_fd_sc_hd__nand2b_1)
     2    0.005597    0.128973    0.371499   10.632718 v _11096_/Y (sky130_fd_sc_hd__nand2b_1)
                                                         _03760_ (net)
                      0.128973    0.000151   10.632869 v _11201_/A2 (sky130_fd_sc_hd__a21oi_1)
     3    0.010411    0.397880    0.428543   11.061413 ^ _11201_/Y (sky130_fd_sc_hd__a21oi_1)
                                                         _03875_ (net)
                      0.397880    0.000133   11.061545 ^ _11203_/A (sky130_fd_sc_hd__nor2_1)
     2    0.007951    0.129020    0.246618   11.308164 v _11203_/Y (sky130_fd_sc_hd__nor2_1)
                                                         _03877_ (net)
                      0.129020    0.000204   11.308368 v _11324_/A (sky130_fd_sc_hd__xnor2_1)
     2    0.015009    0.584717    0.570332   11.878700 ^ _11324_/Y (sky130_fd_sc_hd__xnor2_1)
                                                         _04010_ (net)
                      0.584718    0.000705   11.879405 ^ _11327_/A (sky130_fd_sc_hd__xor2_1)
     2    0.007824    0.327608    0.505259   12.384665 ^ _11327_/X (sky130_fd_sc_hd__xor2_1)
                                                         _04013_ (net)
                      0.327608    0.000203   12.384867 ^ _11329_/B (sky130_fd_sc_hd__xnor2_1)
     2    0.011804    0.478352    0.386586   12.771453 ^ _11329_/Y (sky130_fd_sc_hd__xnor2_1)
                                                         _04016_ (net)
                      0.478352    0.000476   12.771929 ^ _11332_/A (sky130_fd_sc_hd__xnor2_1)
     3    0.012614    0.254047    0.404363   13.176291 v _11332_/Y (sky130_fd_sc_hd__xnor2_1)
                                                         _04019_ (net)
                      0.254047    0.000342   13.176634 v _11589_/B (sky130_fd_sc_hd__nor3b_1)
     2    0.009317    0.573328    0.611362   13.787995 ^ _11589_/Y (sky130_fd_sc_hd__nor3b_1)
                                                         _04299_ (net)
                      0.573328    0.000330   13.788324 ^ _11591_/D_N (sky130_fd_sc_hd__or4bb_4)
     2    0.011722    0.178576    1.117688   14.906013 v _11591_/X (sky130_fd_sc_hd__or4bb_4)
                                                         _04301_ (net)
                      0.178576    0.000297   14.906309 v _11593_/A1 (sky130_fd_sc_hd__a31oi_4)
     4    0.037344    0.501177    0.508338   15.414648 ^ _11593_/Y (sky130_fd_sc_hd__a31oi_4)
                                                         _04303_ (net)
                      0.501177    0.000410   15.415058 ^ _11595_/A (sky130_fd_sc_hd__nor2_1)
     1    0.003753    0.119041    0.237899   15.652957 v _11595_/Y (sky130_fd_sc_hd__nor2_1)
                                                         _00015_ (net)
                      0.119041    0.000130   15.653087 v _13680_/D (sky130_fd_sc_hd__dfrtp_1)
                                             15.653087   data arrival time

                                 15.000000   15.000000   clock clk (rise edge)
                                  0.000000   15.000000   clock source latency
     1    0.050594    0.363095    0.258083   15.258083 ^ clk (in)
                                                         clk (net)
                      0.363560    0.000000   15.258083 ^ clkbuf_0_clk/A (sky130_fd_sc_hd__clkbuf_16)
     8    0.161004    0.263137    0.506523   15.764606 ^ clkbuf_0_clk/X (sky130_fd_sc_hd__clkbuf_16)
                                                         clknet_0_clk (net)
                      0.263474    0.008367   15.772973 ^ clkbuf_3_2__f_clk/A (sky130_fd_sc_hd__clkbuf_16)
    10    0.038118    0.092712    0.332619   16.105593 ^ clkbuf_3_2__f_clk/X (sky130_fd_sc_hd__clkbuf_16)
                                                         clknet_3_2__leaf_clk (net)
                      0.092950    0.004055   16.109648 ^ _13680_/CLK (sky130_fd_sc_hd__dfrtp_1)
                                 -0.250000   15.859649   clock uncertainty
                                  0.000000   15.859649   clock reconvergence pessimism
                                 -0.290893   15.568755   library setup time
                                             15.568755   data required time
---------------------------------------------------------------------------------------------
                                             15.568755   data required time
                                            -15.653087   data arrival time
---------------------------------------------------------------------------------------------
                                             -0.084331   slack (VIOLATED)


Startpoint: x0[4] (input port clocked by clk)
Endpoint: _13661_ (rising edge-triggered flip-flop clocked by clk)
Path Group: clk
Path Type: max

Fanout         Cap        Slew       Delay        Time   Description
---------------------------------------------------------------------------------------------
                                  0.000000    0.000000   clock clk (rise edge)
                                  0.000000    0.000000   clock network delay (propagated)
                                  3.000000    3.000000 ^ input external delay
     1    0.002769    0.032050    0.015627    3.015627 ^ x0[4] (in)
                                                         x0[4] (net)
                      0.032050    0.000000    3.015627 ^ input134/A (sky130_fd_sc_hd__buf_1)
     1    0.013181    0.258685    0.268088    3.283715 ^ input134/X (sky130_fd_sc_hd__buf_1)
                                                         net134 (net)
                      0.258687    0.000679    3.284394 ^ fanout626/A (sky130_fd_sc_hd__buf_4)
     7    0.089709    0.395407    0.531063    3.815457 ^ fanout626/X (sky130_fd_sc_hd__buf_4)
                                                         net626 (net)
                      0.395476    0.005123    3.820580 ^ fanout625/A (sky130_fd_sc_hd__buf_2)
     7    0.037390    0.296372    0.498513    4.319093 ^ fanout625/X (sky130_fd_sc_hd__buf_2)
                                                         net625 (net)
                      0.296372    0.000916    4.320009 ^ fanout624/A (sky130_fd_sc_hd__clkbuf_4)
    10    0.054264    0.267645    0.494441    4.814450 ^ fanout624/X (sky130_fd_sc_hd__clkbuf_4)
                                                         net624 (net)
                      0.267645    0.000646    4.815096 ^ _08850_/B (sky130_fd_sc_hd__and4_1)
     2    0.004497    0.125147    0.459238    5.274333 ^ _08850_/X (sky130_fd_sc_hd__and4_1)
                                                         _01316_ (net)
                      0.125147    0.000104    5.274437 ^ _08852_/A_N (sky130_fd_sc_hd__and2b_1)
     1    0.005186    0.085497    0.401248    5.675685 v _08852_/X (sky130_fd_sc_hd__and2b_1)
                                                         _01318_ (net)
                      0.085497    0.000113    5.675798 v _08853_/B (sky130_fd_sc_hd__xnor2_1)
     3    0.012220    0.492308    0.453428    6.129226 ^ _08853_/Y (sky130_fd_sc_hd__xnor2_1)
                                                         _01319_ (net)
                      0.492308    0.000314    6.129539 ^ _08862_/A (sky130_fd_sc_hd__nand3_2)
     3    0.008105    0.195501    0.296906    6.426445 v _08862_/Y (sky130_fd_sc_hd__nand3_2)
                                                         _01328_ (net)
                      0.195501    0.000125    6.426570 v _08865_/B (sky130_fd_sc_hd__and3_1)
     2    0.007145    0.105930    0.432947    6.859517 v _08865_/X (sky130_fd_sc_hd__and3_1)
                                                         _01331_ (net)
                      0.105930    0.000180    6.859697 v _08868_/A (sky130_fd_sc_hd__or3_4)
     4    0.020999    0.166413    0.846165    7.705863 v _08868_/X (sky130_fd_sc_hd__or3_4)
                                                         _01334_ (net)
                      0.166413    0.000636    7.706499 v _09012_/A2 (sky130_fd_sc_hd__a211o_1)
     3    0.009532    0.144639    0.646389    8.352887 v _09012_/X (sky130_fd_sc_hd__a211o_1)
                                                         _01491_ (net)
                      0.144639    0.000273    8.353160 v _09171_/B1_N (sky130_fd_sc_hd__a21bo_1)
     2    0.007925    0.124853    0.419084    8.772244 ^ _09171_/X (sky130_fd_sc_hd__a21bo_1)
                                                         _01664_ (net)
                      0.124853    0.000210    8.772455 ^ _09173_/B (sky130_fd_sc_hd__xor2_1)
     2    0.008423    0.191686    0.202416    8.974871 v _09173_/X (sky130_fd_sc_hd__xor2_1)
                                                         _01666_ (net)
                      0.191686    0.000210    8.975080 v _09174_/B (sky130_fd_sc_hd__or2_1)
     2    0.006325    0.127910    0.547670    9.522751 v _09174_/X (sky130_fd_sc_hd__or2_1)
                                                         _01667_ (net)
                      0.127910    0.000152    9.522902 v _09335_/A2 (sky130_fd_sc_hd__a211oi_1)
     3    0.010837    0.673080    0.702396   10.225299 ^ _09335_/Y (sky130_fd_sc_hd__a211oi_1)
                                                         _01843_ (net)
                      0.673080    0.000419   10.225718 ^ _09338_/A1 (sky130_fd_sc_hd__o21ai_1)
     2    0.010145    0.239635    0.446921   10.672639 v _09338_/Y (sky130_fd_sc_hd__o21ai_1)
                                                         _01847_ (net)
                      0.239635    0.000318   10.672957 v _09340_/A2 (sky130_fd_sc_hd__a211o_1)
     3    0.009757    0.146902    0.676947   11.349903 v _09340_/X (sky130_fd_sc_hd__a211o_1)
                                                         _01849_ (net)
                      0.146902    0.000257   11.350161 v _09342_/A2 (sky130_fd_sc_hd__a21o_1)
     2    0.006455    0.088611    0.378724   11.728884 v _09342_/X (sky130_fd_sc_hd__a21o_1)
                                                         _01851_ (net)
                      0.088611    0.000162   11.729046 v _09343_/C1 (sky130_fd_sc_hd__o211a_1)
     3    0.012973    0.161475    0.291067   12.020112 v _09343_/X (sky130_fd_sc_hd__o211a_1)
                                                         _01852_ (net)
                      0.161475    0.000362   12.020474 v _09346_/B (sky130_fd_sc_hd__or3_1)
     4    0.010352    0.214400    0.934897   12.955371 v _09346_/X (sky130_fd_sc_hd__or3_1)
                                                         _01855_ (net)
                      0.214400    0.000242   12.955614 v _09348_/B (sky130_fd_sc_hd__and3_1)
     3    0.007136    0.105865    0.442238   13.397852 v _09348_/X (sky130_fd_sc_hd__and3_1)
                                                         _01858_ (net)
                      0.105865    0.000182   13.398034 v _09350_/A (sky130_fd_sc_hd__or2_1)
     4    0.014563    0.194884    0.629791   14.027825 v _09350_/X (sky130_fd_sc_hd__or2_1)
                                                         _01860_ (net)
                      0.194884    0.000334   14.028159 v _09640_/A (sky130_fd_sc_hd__or3_1)
     2    0.006054    0.169513    0.939965   14.968125 v _09640_/X (sky130_fd_sc_hd__or3_1)
                                                         _02176_ (net)
                      0.169513    0.000167   14.968292 v _09642_/A1 (sky130_fd_sc_hd__a21o_1)
     2    0.005521    0.081568    0.351591   15.319882 v _09642_/X (sky130_fd_sc_hd__a21o_1)
                                                         _02178_ (net)
                      0.081568    0.000124   15.320007 v _09644_/A (sky130_fd_sc_hd__and2_1)
     1    0.002913    0.068999    0.280346   15.600353 v _09644_/X (sky130_fd_sc_hd__and2_1)
                                                         _00055_ (net)
                      0.068999    0.000089   15.600442 v _13661_/D (sky130_fd_sc_hd__dfrtp_1)
                                             15.600442   data arrival time

                                 15.000000   15.000000   clock clk (rise edge)
                                  0.000000   15.000000   clock source latency
     1    0.050594    0.363095    0.258083   15.258083 ^ clk (in)
                                                         clk (net)
                      0.363560    0.000000   15.258083 ^ clkbuf_0_clk/A (sky130_fd_sc_hd__clkbuf_16)
     8    0.161004    0.263137    0.506523   15.764606 ^ clkbuf_0_clk/X (sky130_fd_sc_hd__clkbuf_16)
                                                         clknet_0_clk (net)
                      0.263237    0.004894   15.769500 ^ clkbuf_3_4__f_clk/A (sky130_fd_sc_hd__clkbuf_16)
     7    0.049260    0.106677    0.346830   16.116329 ^ clkbuf_3_4__f_clk/X (sky130_fd_sc_hd__clkbuf_16)
                                                         clknet_3_4__leaf_clk (net)
                      0.106710    0.001714   16.118044 ^ _13661_/CLK (sky130_fd_sc_hd__dfrtp_1)
                                 -0.250000   15.868045   clock uncertainty
                                  0.000000   15.868045   clock reconvergence pessimism
                                 -0.266364   15.601681   library setup time
                                             15.601681   data required time
---------------------------------------------------------------------------------------------
                                             15.601681   data required time
                                            -15.600442   data arrival time
---------------------------------------------------------------------------------------------
                                              0.001238   slack (MET)


Startpoint: x0[0] (input port clocked by clk)
Endpoint: _13698_ (rising edge-triggered flip-flop clocked by clk)
Path Group: clk
Path Type: max

Fanout         Cap        Slew       Delay        Time   Description
---------------------------------------------------------------------------------------------
                                  0.000000    0.000000   clock clk (rise edge)
                                  0.000000    0.000000   clock network delay (propagated)
                                  3.000000    3.000000 v input external delay
     1    0.002738    0.018222    0.009037    3.009037 v x0[0] (in)
                                                         x0[0] (net)
                      0.018222    0.000000    3.009037 v input130/A (sky130_fd_sc_hd__clkbuf_2)
     2    0.034476    0.242941    0.312382    3.321419 v input130/X (sky130_fd_sc_hd__clkbuf_2)
                                                         net130 (net)
                      0.243087    0.003550    3.324969 v fanout653/A (sky130_fd_sc_hd__clkbuf_4)
     6    0.070394    0.254665    0.496324    3.821293 v fanout653/X (sky130_fd_sc_hd__clkbuf_4)
                                                         net653 (net)
                      0.254680    0.002154    3.823447 v fanout650/A (sky130_fd_sc_hd__buf_4)
    10    0.072533    0.180652    0.453638    4.277085 v fanout650/X (sky130_fd_sc_hd__buf_4)
                                                         net650 (net)
                      0.181114    0.008014    4.285100 v _07623_/A (sky130_fd_sc_hd__and3_1)
     3    0.007586    0.109483    0.386758    4.671858 v _07623_/X (sky130_fd_sc_hd__and3_1)
                                                         _00103_ (net)
                      0.109483    0.000144    4.672002 v _07627_/B (sky130_fd_sc_hd__or4_1)
     3    0.013145    0.294944    1.366956    6.038959 v _07627_/X (sky130_fd_sc_hd__or4_1)
                                                         _00107_ (net)
                      0.294944    0.000396    6.039354 v _07630_/A2 (sky130_fd_sc_hd__a21o_1)
     3    0.008840    0.107572    0.455808    6.495162 v _07630_/X (sky130_fd_sc_hd__a21o_1)
                                                         _00110_ (net)
                      0.107572    0.000237    6.495399 v _07632_/A2 (sky130_fd_sc_hd__a21o_1)
     2    0.011320    0.127390    0.399603    6.895002 v _07632_/X (sky130_fd_sc_hd__a21o_1)
                                                         _00112_ (net)
                      0.127390    0.000348    6.895350 v _07635_/A2 (sky130_fd_sc_hd__a21o_1)
     3    0.008052    0.100991    0.382830    7.278179 v _07635_/X (sky130_fd_sc_hd__a21o_1)
                                                         _00115_ (net)
                      0.100991    0.000188    7.278367 v _07637_/A2 (sky130_fd_sc_hd__a21o_1)
     3    0.012793    0.139620    0.408060    7.686427 v _07637_/X (sky130_fd_sc_hd__a21o_1)
                                                         _00117_ (net)
                      0.139621    0.000509    7.686936 v _07640_/A2 (sky130_fd_sc_hd__a211o_1)
     3    0.007088    0.123121    0.611709    8.298645 v _07640_/X (sky130_fd_sc_hd__a211o_1)
                                                         _00120_ (net)
                      0.123121    0.000155    8.298800 v _07641_/C (sky130_fd_sc_hd__and3_1)
     2    0.009165    0.122730    0.442784    8.741585 v _07641_/X (sky130_fd_sc_hd__and3_1)
                                                         _00121_ (net)
                      0.122730    0.000277    8.741861 v _07643_/B1 (sky130_fd_sc_hd__a211o_1)
     3    0.010634    0.154918    0.599708    9.341570 v _07643_/X (sky130_fd_sc_hd__a211o_1)
                                                         _00123_ (net)
                      0.154918    0.000341    9.341910 v _07646_/A1 (sky130_fd_sc_hd__a21o_1)
     2    0.013027    0.140429    0.402074    9.743984 v _07646_/X (sky130_fd_sc_hd__a21o_1)
                                                         _00126_ (net)
                      0.140429    0.000501    9.744486 v _07648_/A2 (sky130_fd_sc_hd__a211o_1)
     3    0.012103    0.169156    0.661239   10.405725 v _07648_/X (sky130_fd_sc_hd__a211o_1)
                                                         _00128_ (net)
                      0.169156    0.000476   10.406200 v _07650_/A2 (sky130_fd_sc_hd__a21o_1)
     2    0.011011    0.124843    0.423054   10.829254 v _07650_/X (sky130_fd_sc_hd__a21o_1)
                                                         _00130_ (net)
                      0.124843    0.000356   10.829611 v _07652_/A2 (sky130_fd_sc_hd__a211o_1)
     3    0.011119    0.159636    0.645486   11.475097 v _07652_/X (sky130_fd_sc_hd__a211o_1)
                                                         _00132_ (net)
                      0.159636    0.000306   11.475402 v _07654_/A2 (sky130_fd_sc_hd__a21o_1)
     2    0.007578    0.097230    0.392687   11.868089 v _07654_/X (sky130_fd_sc_hd__a21o_1)
                                                         _00134_ (net)
                      0.097230    0.000189   11.868279 v _07655_/C1 (sky130_fd_sc_hd__o211a_1)
     3    0.006882    0.106888    0.246745   12.115023 v _07655_/X (sky130_fd_sc_hd__o211a_1)
                                                         _00135_ (net)
                      0.106888    0.000183   12.115206 v _07657_/B (sky130_fd_sc_hd__or3_1)
     2    0.005321    0.163075    0.847213   12.962420 v _07657_/X (sky130_fd_sc_hd__or3_1)
                                                         _00137_ (net)
                      0.163075    0.000116   12.962536 v _07659_/B (sky130_fd_sc_hd__and3_1)
     4    0.009739    0.127549    0.438729   13.401264 v _07659_/X (sky130_fd_sc_hd__and3_1)
                                                         _00139_ (net)
                      0.127549    0.000147   13.401411 v _07661_/A (sky130_fd_sc_hd__nor2_1)
     2    0.007256    0.250403    0.282193   13.683604 ^ _07661_/Y (sky130_fd_sc_hd__nor2_1)
                                                         _00141_ (net)
                      0.250403    0.000106   13.683710 ^ _08204_/D_N (sky130_fd_sc_hd__nor4b_1)
     1    0.003671    0.481163    0.513709   14.197419 ^ _08204_/Y (sky130_fd_sc_hd__nor4b_1)
                                                         _00680_ (net)
                      0.481163    0.000119   14.197537 ^ _08209_/A3 (sky130_fd_sc_hd__o31a_2)
     3    0.042754    0.383073    0.625248   14.822786 ^ _08209_/X (sky130_fd_sc_hd__o31a_2)
                                                         _00685_ (net)
                      0.383302    0.005414   14.828200 ^ _08321_/B (sky130_fd_sc_hd__nor2_1)
     1    0.004866    0.141157    0.193197   15.021398 v _08321_/Y (sky130_fd_sc_hd__nor2_1)
                                                         _00796_ (net)
                      0.141157    0.000146   15.021544 v _08322_/B (sky130_fd_sc_hd__xnor2_1)
     1    0.016832    0.645541    0.591134   15.612678 ^ _08322_/Y (sky130_fd_sc_hd__xnor2_1)
                                                         _00044_ (net)
                      0.645545    0.001272   15.613950 ^ _13698_/D (sky130_fd_sc_hd__dfrtp_1)
                                             15.613950   data arrival time

                                 15.000000   15.000000   clock clk (rise edge)
                                  0.000000   15.000000   clock source latency
     1    0.050594    0.363095    0.258083   15.258083 ^ clk (in)
                                                         clk (net)
                      0.363560    0.000000   15.258083 ^ clkbuf_0_clk/A (sky130_fd_sc_hd__clkbuf_16)
     8    0.161004    0.263137    0.506523   15.764606 ^ clkbuf_0_clk/X (sky130_fd_sc_hd__clkbuf_16)
                                                         clknet_0_clk (net)
                      0.263436    0.007926   15.772532 ^ clkbuf_3_0__f_clk/A (sky130_fd_sc_hd__clkbuf_16)
     9    0.060542    0.122080    0.357872   16.130404 ^ clkbuf_3_0__f_clk/X (sky130_fd_sc_hd__clkbuf_16)
                                                         clknet_3_0__leaf_clk (net)
                      0.122314    0.004608   16.135012 ^ _13698_/CLK (sky130_fd_sc_hd__dfrtp_1)
                                 -0.250000   15.885013   clock uncertainty
                                  0.000000   15.885013   clock reconvergence pessimism
                                 -0.268672   15.616341   library setup time
                                             15.616341   data required time
---------------------------------------------------------------------------------------------
                                             15.616341   data required time
                                            -15.613950   data arrival time
---------------------------------------------------------------------------------------------
                                              0.002391   slack (MET)


Startpoint: x0[0] (input port clocked by clk)
Endpoint: _13697_ (rising edge-triggered flip-flop clocked by clk)
Path Group: clk
Path Type: max

Fanout         Cap        Slew       Delay        Time   Description
---------------------------------------------------------------------------------------------
                                  0.000000    0.000000   clock clk (rise edge)
                                  0.000000    0.000000   clock network delay (propagated)
                                  3.000000    3.000000 v input external delay
     1    0.002738    0.018222    0.009037    3.009037 v x0[0] (in)
                                                         x0[0] (net)
                      0.018222    0.000000    3.009037 v input130/A (sky130_fd_sc_hd__clkbuf_2)
     2    0.034476    0.242941    0.312382    3.321419 v input130/X (sky130_fd_sc_hd__clkbuf_2)
                                                         net130 (net)
                      0.243087    0.003550    3.324969 v fanout653/A (sky130_fd_sc_hd__clkbuf_4)
     6    0.070394    0.254665    0.496324    3.821293 v fanout653/X (sky130_fd_sc_hd__clkbuf_4)
                                                         net653 (net)
                      0.254680    0.002154    3.823447 v fanout650/A (sky130_fd_sc_hd__buf_4)
    10    0.072533    0.180652    0.453638    4.277085 v fanout650/X (sky130_fd_sc_hd__buf_4)
                                                         net650 (net)
                      0.181114    0.008014    4.285100 v _07623_/A (sky130_fd_sc_hd__and3_1)
     3    0.007586    0.109483    0.386758    4.671858 v _07623_/X (sky130_fd_sc_hd__and3_1)
                                                         _00103_ (net)
                      0.109483    0.000144    4.672002 v _07627_/B (sky130_fd_sc_hd__or4_1)
     3    0.013145    0.294944    1.366956    6.038959 v _07627_/X (sky130_fd_sc_hd__or4_1)
                                                         _00107_ (net)
                      0.294944    0.000396    6.039354 v _07630_/A2 (sky130_fd_sc_hd__a21o_1)
     3    0.008840    0.107572    0.455808    6.495162 v _07630_/X (sky130_fd_sc_hd__a21o_1)
                                                         _00110_ (net)
                      0.107572    0.000237    6.495399 v _07632_/A2 (sky130_fd_sc_hd__a21o_1)
     2    0.011320    0.127390    0.399603    6.895002 v _07632_/X (sky130_fd_sc_hd__a21o_1)
                                                         _00112_ (net)
                      0.127390    0.000348    6.895350 v _07635_/A2 (sky130_fd_sc_hd__a21o_1)
     3    0.008052    0.100991    0.382830    7.278179 v _07635_/X (sky130_fd_sc_hd__a21o_1)
                                                         _00115_ (net)
                      0.100991    0.000188    7.278367 v _07637_/A2 (sky130_fd_sc_hd__a21o_1)
     3    0.012793    0.139620    0.408060    7.686427 v _07637_/X (sky130_fd_sc_hd__a21o_1)
                                                         _00117_ (net)
                      0.139621    0.000509    7.686936 v _07640_/A2 (sky130_fd_sc_hd__a211o_1)
     3    0.007088    0.123121    0.611709    8.298645 v _07640_/X (sky130_fd_sc_hd__a211o_1)
                                                         _00120_ (net)
                      0.123121    0.000155    8.298800 v _07641_/C (sky130_fd_sc_hd__and3_1)
     2    0.009165    0.122730    0.442784    8.741585 v _07641_/X (sky130_fd_sc_hd__and3_1)
                                                         _00121_ (net)
                      0.122730    0.000277    8.741861 v _07643_/B1 (sky130_fd_sc_hd__a211o_1)
     3    0.010634    0.154918    0.599708    9.341570 v _07643_/X (sky130_fd_sc_hd__a211o_1)
                                                         _00123_ (net)
                      0.154918    0.000341    9.341910 v _07646_/A1 (sky130_fd_sc_hd__a21o_1)
     2    0.013027    0.140429    0.402074    9.743984 v _07646_/X (sky130_fd_sc_hd__a21o_1)
                                                         _00126_ (net)
                      0.140429    0.000501    9.744486 v _07648_/A2 (sky130_fd_sc_hd__a211o_1)
     3    0.012103    0.169156    0.661239   10.405725 v _07648_/X (sky130_fd_sc_hd__a211o_1)
                                                         _00128_ (net)
                      0.169156    0.000476   10.406200 v _07650_/A2 (sky130_fd_sc_hd__a21o_1)
     2    0.011011    0.124843    0.423054   10.829254 v _07650_/X (sky130_fd_sc_hd__a21o_1)
                                                         _00130_ (net)
                      0.124843    0.000356   10.829611 v _07652_/A2 (sky130_fd_sc_hd__a211o_1)
     3    0.011119    0.159636    0.645486   11.475097 v _07652_/X (sky130_fd_sc_hd__a211o_1)
                                                         _00132_ (net)
                      0.159636    0.000306   11.475402 v _07654_/A2 (sky130_fd_sc_hd__a21o_1)
     2    0.007578    0.097230    0.392687   11.868089 v _07654_/X (sky130_fd_sc_hd__a21o_1)
                                                         _00134_ (net)
                      0.097230    0.000189   11.868279 v _07655_/C1 (sky130_fd_sc_hd__o211a_1)
     3    0.006882    0.106888    0.246745   12.115023 v _07655_/X (sky130_fd_sc_hd__o211a_1)
                                                         _00135_ (net)
                      0.106888    0.000183   12.115206 v _07657_/B (sky130_fd_sc_hd__or3_1)
     2    0.005321    0.163075    0.847213   12.962420 v _07657_/X (sky130_fd_sc_hd__or3_1)
                                                         _00137_ (net)
                      0.163075    0.000116   12.962536 v _07659_/B (sky130_fd_sc_hd__and3_1)
     4    0.009739    0.127549    0.438729   13.401264 v _07659_/X (sky130_fd_sc_hd__and3_1)
                                                         _00139_ (net)
                      0.127549    0.000171   13.401436 v _07663_/A (sky130_fd_sc_hd__or3_1)
     2    0.004332    0.154288    0.889944   14.291380 v _07663_/X (sky130_fd_sc_hd__or3_1)
                                                         _00143_ (net)
                      0.154288    0.000114   14.291493 v _07950_/A1 (sky130_fd_sc_hd__o21a_1)
     3    0.011633    0.143417    0.447339   14.738832 v _07950_/X (sky130_fd_sc_hd__o21a_1)
                                                         _00428_ (net)
                      0.143417    0.000327   14.739160 v _08208_/A1 (sky130_fd_sc_hd__o21a_1)
     1    0.004889    0.083918    0.385612   15.124771 v _08208_/X (sky130_fd_sc_hd__o21a_1)
                                                         _00684_ (net)
                      0.083962    0.000144   15.124915 v _08210_/B (sky130_fd_sc_hd__xnor2_1)
     1    0.006105    0.138375    0.246937   15.371852 v _08210_/Y (sky130_fd_sc_hd__xnor2_1)
                                                         _00043_ (net)
                      0.138375    0.000188   15.372040 v _13697_/D (sky130_fd_sc_hd__dfrtp_1)
                                             15.372040   data arrival time

                                 15.000000   15.000000   clock clk (rise edge)
                                  0.000000   15.000000   clock source latency
     1    0.050594    0.363095    0.258083   15.258083 ^ clk (in)
                                                         clk (net)
                      0.363560    0.000000   15.258083 ^ clkbuf_0_clk/A (sky130_fd_sc_hd__clkbuf_16)
     8    0.161004    0.263137    0.506523   15.764606 ^ clkbuf_0_clk/X (sky130_fd_sc_hd__clkbuf_16)
                                                         clknet_0_clk (net)
                      0.263381    0.007240   15.771847 ^ clkbuf_3_3__f_clk/A (sky130_fd_sc_hd__clkbuf_16)
    10    0.032983    0.085233    0.326217   16.098064 ^ clkbuf_3_3__f_clk/X (sky130_fd_sc_hd__clkbuf_16)
                                                         clknet_3_3__leaf_clk (net)
                      0.085244    0.001034   16.099098 ^ _13697_/CLK (sky130_fd_sc_hd__dfrtp_1)
                                 -0.250000   15.849098   clock uncertainty
                                  0.000000   15.849098   clock reconvergence pessimism
                                 -0.301010   15.548088   library setup time
                                             15.548088   data required time
---------------------------------------------------------------------------------------------
                                             15.548088   data required time
                                            -15.372040   data arrival time
---------------------------------------------------------------------------------------------
                                              0.176048   slack (MET)


Startpoint: x3[1] (input port clocked by clk)
Endpoint: _13647_ (rising edge-triggered flip-flop clocked by clk)
Path Group: clk
Path Type: max

Fanout         Cap        Slew       Delay        Time   Description
---------------------------------------------------------------------------------------------
                                  0.000000    0.000000   clock clk (rise edge)
                                  0.000000    0.000000   clock network delay (propagated)
                                  3.000000    3.000000 ^ input external delay
     1    0.002706    0.031635    0.015296    3.015296 ^ x3[1] (in)
                                                         x3[1] (net)
                      0.031635    0.000000    3.015296 ^ input155/A (sky130_fd_sc_hd__buf_1)
     1    0.009197    0.186527    0.216427    3.231723 ^ input155/X (sky130_fd_sc_hd__buf_1)
                                                         net155 (net)
                      0.186587    0.000562    3.232285 ^ fanout465/A (sky130_fd_sc_hd__clkbuf_4)
     6    0.092047    0.430083    0.563696    3.795981 ^ fanout465/X (sky130_fd_sc_hd__clkbuf_4)
                                                         net465 (net)
                      0.430143    0.004269    3.800250 ^ fanout464/A (sky130_fd_sc_hd__buf_2)
     6    0.044980    0.352821    0.551366    4.351615 ^ fanout464/X (sky130_fd_sc_hd__buf_2)
                                                         net464 (net)
                      0.352821    0.000469    4.352085 ^ fanout462/A (sky130_fd_sc_hd__buf_2)
    10    0.049051    0.383151    0.541675    4.893760 ^ fanout462/X (sky130_fd_sc_hd__buf_2)
                                                         net462 (net)
                      0.383369    0.005034    4.898794 ^ _12079_/A (sky130_fd_sc_hd__and4_1)
     2    0.004996    0.131397    0.486616    5.385410 ^ _12079_/X (sky130_fd_sc_hd__and4_1)
                                                         _04829_ (net)
                      0.131397    0.000093    5.385503 ^ _12081_/A_N (sky130_fd_sc_hd__and2b_1)
     1    0.005179    0.085447    0.403840    5.789342 v _12081_/X (sky130_fd_sc_hd__and2b_1)
                                                         _04831_ (net)
                      0.085447    0.000159    5.789502 v _12082_/B (sky130_fd_sc_hd__xnor2_1)
     2    0.008613    0.373607    0.363875    6.153377 ^ _12082_/Y (sky130_fd_sc_hd__xnor2_1)
                                                         _04832_ (net)
                      0.373607    0.000268    6.153645 ^ _12089_/A (sky130_fd_sc_hd__xor2_1)
     2    0.008193    0.336937    0.453758    6.607403 ^ _12089_/X (sky130_fd_sc_hd__xor2_1)
                                                         _04840_ (net)
                      0.336937    0.000207    6.607611 ^ _12091_/B (sky130_fd_sc_hd__xnor2_1)
     2    0.005406    0.128287    0.242050    6.849660 v _12091_/Y (sky130_fd_sc_hd__xnor2_1)
                                                         _04842_ (net)
                      0.128287    0.000086    6.849746 v _12094_/A (sky130_fd_sc_hd__and2_1)
     3    0.011047    0.134380    0.370226    7.219972 v _12094_/X (sky130_fd_sc_hd__and2_1)
                                                         _04845_ (net)
                      0.134380    0.000189    7.220160 v _12096_/A (sky130_fd_sc_hd__or2_1)
     3    0.008435    0.145594    0.583583    7.803744 v _12096_/X (sky130_fd_sc_hd__or2_1)
                                                         _04847_ (net)
                      0.145594    0.000133    7.803877 v _12136_/A (sky130_fd_sc_hd__or3_4)
     2    0.012763    0.141457    0.821971    8.625848 v _12136_/X (sky130_fd_sc_hd__or3_4)
                                                         _04891_ (net)
                      0.141457    0.000355    8.626204 v _12279_/A2 (sky130_fd_sc_hd__a211oi_4)
     5    0.017311    0.440058    0.560325    9.186528 ^ _12279_/Y (sky130_fd_sc_hd__a211oi_4)
                                                         _05048_ (net)
                      0.440058    0.000337    9.186865 ^ _12283_/A1 (sky130_fd_sc_hd__o21ai_1)
     2    0.008749    0.199845    0.347836    9.534700 v _12283_/Y (sky130_fd_sc_hd__o21ai_1)
                                                         _05052_ (net)
                      0.199845    0.000205    9.534905 v _12286_/A2 (sky130_fd_sc_hd__a211oi_1)
     3    0.011553    0.707177    0.758065   10.292971 ^ _12286_/Y (sky130_fd_sc_hd__a211oi_1)
                                                         _05055_ (net)
                      0.707177    0.000385   10.293355 ^ _12287_/D (sky130_fd_sc_hd__nor4_1)
     2    0.008841    0.191743    0.345412   10.638766 v _12287_/Y (sky130_fd_sc_hd__nor4_1)
                                                         _05056_ (net)
                      0.191743    0.000271   10.639037 v max_cap232/A (sky130_fd_sc_hd__clkbuf_1)
     1    0.004449    0.067280    0.233270   10.872308 v max_cap232/X (sky130_fd_sc_hd__clkbuf_1)
                                                         net232 (net)
                      0.067280    0.000129   10.872437 v _12290_/B1 (sky130_fd_sc_hd__a211oi_2)
     4    0.017781    0.594793    0.600457   11.472894 ^ _12290_/Y (sky130_fd_sc_hd__a211oi_2)
                                                         _05060_ (net)
                      0.594793    0.000499   11.473393 ^ _12292_/B (sky130_fd_sc_hd__nor3_2)
     6    0.018547    0.175257    0.329234   11.802627 v _12292_/Y (sky130_fd_sc_hd__nor3_2)
                                                         _05062_ (net)
                      0.175257    0.000750   11.803376 v _12296_/A (sky130_fd_sc_hd__or3_1)
     3    0.008093    0.189467    0.959934   12.763310 v _12296_/X (sky130_fd_sc_hd__or3_1)
                                                         _05066_ (net)
                      0.189467    0.000129   12.763439 v _12436_/A3 (sky130_fd_sc_hd__a41o_1)
     2    0.010189    0.129731    0.521211   13.284650 v _12436_/X (sky130_fd_sc_hd__a41o_1)
                                                         _05219_ (net)
                      0.129731    0.000289   13.284939 v _12593_/A2 (sky130_fd_sc_hd__a21oi_2)
     3    0.011803    0.276112    0.348090   13.633028 ^ _12593_/Y (sky130_fd_sc_hd__a21oi_2)
                                                         _05391_ (net)
                      0.276196    0.000307   13.633336 ^ _12755_/A1 (sky130_fd_sc_hd__o21ba_4)
     3    0.008595    0.080795    0.359272   13.992607 ^ _12755_/X (sky130_fd_sc_hd__o21ba_4)
                                                         _05567_ (net)
                      0.080795    0.000237   13.992845 ^ _13305_/A_N (sky130_fd_sc_hd__and4bb_1)
     2    0.008955    0.126697    0.421865   14.414710 v _13305_/X (sky130_fd_sc_hd__and4bb_1)
                                                         _06168_ (net)
                      0.126697    0.000296   14.415006 v _13310_/A3 (sky130_fd_sc_hd__o31a_4)
     2    0.033817    0.155499    0.631460   15.046466 v _13310_/X (sky130_fd_sc_hd__o31a_4)
                                                         _06174_ (net)
                      0.155671    0.003253   15.049718 v _13424_/B (sky130_fd_sc_hd__nor2_1)
     1    0.004910    0.186810    0.219048   15.268766 ^ _13424_/Y (sky130_fd_sc_hd__nor2_1)
                                                         _06298_ (net)
                      0.186810    0.000101   15.268867 ^ _13425_/B (sky130_fd_sc_hd__xnor2_1)
     1    0.002087    0.081189    0.150953   15.419821 v _13425_/Y (sky130_fd_sc_hd__xnor2_1)
                                                         _00030_ (net)
                      0.081189    0.000057   15.419877 v _13647_/D (sky130_fd_sc_hd__dfrtp_1)
                                             15.419877   data arrival time

                                 15.000000   15.000000   clock clk (rise edge)
                                  0.000000   15.000000   clock source latency
     1    0.050594    0.363095    0.258083   15.258083 ^ clk (in)
                                                         clk (net)
                      0.363560    0.000000   15.258083 ^ clkbuf_0_clk/A (sky130_fd_sc_hd__clkbuf_16)
     8    0.161004    0.263137    0.506523   15.764606 ^ clkbuf_0_clk/X (sky130_fd_sc_hd__clkbuf_16)
                                                         clknet_0_clk (net)
                      0.263217    0.004452   15.769057 ^ clkbuf_3_5__f_clk/A (sky130_fd_sc_hd__clkbuf_16)
     9    0.070993    0.136062    0.369479   16.138536 ^ clkbuf_3_5__f_clk/X (sky130_fd_sc_hd__clkbuf_16)
                                                         clknet_3_5__leaf_clk (net)
                      0.136070    0.001432   16.139969 ^ _13647_/CLK (sky130_fd_sc_hd__dfrtp_1)
                                 -0.250000   15.889969   clock uncertainty
                                  0.000000   15.889969   clock reconvergence pessimism
                                 -0.263618   15.626352   library setup time
                                             15.626352   data required time
---------------------------------------------------------------------------------------------
                                             15.626352   data required time
                                            -15.419877   data arrival time
---------------------------------------------------------------------------------------------
                                              0.206475   slack (MET)


Startpoint: x0[0] (input port clocked by clk)
Endpoint: _13696_ (rising edge-triggered flip-flop clocked by clk)
Path Group: clk
Path Type: max

Fanout         Cap        Slew       Delay        Time   Description
---------------------------------------------------------------------------------------------
                                  0.000000    0.000000   clock clk (rise edge)
                                  0.000000    0.000000   clock network delay (propagated)
                                  3.000000    3.000000 v input external delay
     1    0.002738    0.018222    0.009037    3.009037 v x0[0] (in)
                                                         x0[0] (net)
                      0.018222    0.000000    3.009037 v input130/A (sky130_fd_sc_hd__clkbuf_2)
     2    0.034476    0.242941    0.312382    3.321419 v input130/X (sky130_fd_sc_hd__clkbuf_2)
                                                         net130 (net)
                      0.243087    0.003550    3.324969 v fanout653/A (sky130_fd_sc_hd__clkbuf_4)
     6    0.070394    0.254665    0.496324    3.821293 v fanout653/X (sky130_fd_sc_hd__clkbuf_4)
                                                         net653 (net)
                      0.254680    0.002154    3.823447 v fanout650/A (sky130_fd_sc_hd__buf_4)
    10    0.072533    0.180652    0.453638    4.277085 v fanout650/X (sky130_fd_sc_hd__buf_4)
                                                         net650 (net)
                      0.181114    0.008014    4.285100 v _07623_/A (sky130_fd_sc_hd__and3_1)
     3    0.007586    0.109483    0.386758    4.671858 v _07623_/X (sky130_fd_sc_hd__and3_1)
                                                         _00103_ (net)
                      0.109483    0.000144    4.672002 v _07627_/B (sky130_fd_sc_hd__or4_1)
     3    0.013145    0.294944    1.366956    6.038959 v _07627_/X (sky130_fd_sc_hd__or4_1)
                                                         _00107_ (net)
                      0.294944    0.000396    6.039354 v _07630_/A2 (sky130_fd_sc_hd__a21o_1)
     3    0.008840    0.107572    0.455808    6.495162 v _07630_/X (sky130_fd_sc_hd__a21o_1)
                                                         _00110_ (net)
                      0.107572    0.000237    6.495399 v _07632_/A2 (sky130_fd_sc_hd__a21o_1)
     2    0.011320    0.127390    0.399603    6.895002 v _07632_/X (sky130_fd_sc_hd__a21o_1)
                                                         _00112_ (net)
                      0.127390    0.000348    6.895350 v _07635_/A2 (sky130_fd_sc_hd__a21o_1)
     3    0.008052    0.100991    0.382830    7.278179 v _07635_/X (sky130_fd_sc_hd__a21o_1)
                                                         _00115_ (net)
                      0.100991    0.000188    7.278367 v _07637_/A2 (sky130_fd_sc_hd__a21o_1)
     3    0.012793    0.139620    0.408060    7.686427 v _07637_/X (sky130_fd_sc_hd__a21o_1)
                                                         _00117_ (net)
                      0.139621    0.000509    7.686936 v _07640_/A2 (sky130_fd_sc_hd__a211o_1)
     3    0.007088    0.123121    0.611709    8.298645 v _07640_/X (sky130_fd_sc_hd__a211o_1)
                                                         _00120_ (net)
                      0.123121    0.000155    8.298800 v _07641_/C (sky130_fd_sc_hd__and3_1)
     2    0.009165    0.122730    0.442784    8.741585 v _07641_/X (sky130_fd_sc_hd__and3_1)
                                                         _00121_ (net)
                      0.122730    0.000277    8.741861 v _07643_/B1 (sky130_fd_sc_hd__a211o_1)
     3    0.010634    0.154918    0.599708    9.341570 v _07643_/X (sky130_fd_sc_hd__a211o_1)
                                                         _00123_ (net)
                      0.154918    0.000341    9.341910 v _07646_/A1 (sky130_fd_sc_hd__a21o_1)
     2    0.013027    0.140429    0.402074    9.743984 v _07646_/X (sky130_fd_sc_hd__a21o_1)
                                                         _00126_ (net)
                      0.140429    0.000501    9.744486 v _07648_/A2 (sky130_fd_sc_hd__a211o_1)
     3    0.012103    0.169156    0.661239   10.405725 v _07648_/X (sky130_fd_sc_hd__a211o_1)
                                                         _00128_ (net)
                      0.169156    0.000476   10.406200 v _07650_/A2 (sky130_fd_sc_hd__a21o_1)
     2    0.011011    0.124843    0.423054   10.829254 v _07650_/X (sky130_fd_sc_hd__a21o_1)
                                                         _00130_ (net)
                      0.124843    0.000356   10.829611 v _07652_/A2 (sky130_fd_sc_hd__a211o_1)
     3    0.011119    0.159636    0.645486   11.475097 v _07652_/X (sky130_fd_sc_hd__a211o_1)
                                                         _00132_ (net)
                      0.159636    0.000306   11.475402 v _07654_/A2 (sky130_fd_sc_hd__a21o_1)
     2    0.007578    0.097230    0.392687   11.868089 v _07654_/X (sky130_fd_sc_hd__a21o_1)
                                                         _00134_ (net)
                      0.097230    0.000189   11.868279 v _07655_/C1 (sky130_fd_sc_hd__o211a_1)
     3    0.006882    0.106888    0.246745   12.115023 v _07655_/X (sky130_fd_sc_hd__o211a_1)
                                                         _00135_ (net)
                      0.106888    0.000183   12.115206 v _07657_/B (sky130_fd_sc_hd__or3_1)
     2    0.005321    0.163075    0.847213   12.962420 v _07657_/X (sky130_fd_sc_hd__or3_1)
                                                         _00137_ (net)
                      0.163075    0.000116   12.962536 v _07659_/B (sky130_fd_sc_hd__and3_1)
     4    0.009739    0.127549    0.438729   13.401264 v _07659_/X (sky130_fd_sc_hd__and3_1)
                                                         _00139_ (net)
                      0.127549    0.000171   13.401436 v _07663_/A (sky130_fd_sc_hd__or3_1)
     2    0.004332    0.154288    0.889944   14.291380 v _07663_/X (sky130_fd_sc_hd__or3_1)
                                                         _00143_ (net)
                      0.154288    0.000114   14.291493 v _07950_/A1 (sky130_fd_sc_hd__o21a_1)
     3    0.011633    0.143417    0.447339   14.738832 v _07950_/X (sky130_fd_sc_hd__o21a_1)
                                                         _00428_ (net)
                      0.143417    0.000330   14.739163 v _08078_/A2 (sky130_fd_sc_hd__o21a_1)
     1    0.005021    0.085000    0.359833   15.098996 v _08078_/X (sky130_fd_sc_hd__o21a_1)
                                                         _00555_ (net)
                      0.085000    0.000151   15.099147 v _08079_/B (sky130_fd_sc_hd__xnor2_1)
     1    0.006674    0.160145    0.254017   15.353165 v _08079_/Y (sky130_fd_sc_hd__xnor2_1)
                                                         _00042_ (net)
                      0.160145    0.000258   15.353422 v _13696_/D (sky130_fd_sc_hd__dfrtp_1)
                                             15.353422   data arrival time

                                 15.000000   15.000000   clock clk (rise edge)
                                  0.000000   15.000000   clock source latency
     1    0.050594    0.363095    0.258083   15.258083 ^ clk (in)
                                                         clk (net)
                      0.363560    0.000000   15.258083 ^ clkbuf_0_clk/A (sky130_fd_sc_hd__clkbuf_16)
     8    0.161004    0.263137    0.506523   15.764606 ^ clkbuf_0_clk/X (sky130_fd_sc_hd__clkbuf_16)
                                                         clknet_0_clk (net)
                      0.263483    0.008461   15.773067 ^ clkbuf_3_1__f_clk/A (sky130_fd_sc_hd__clkbuf_16)
     7    0.049509    0.106975    0.347008   16.120075 ^ clkbuf_3_1__f_clk/X (sky130_fd_sc_hd__clkbuf_16)
                                                         clknet_3_1__leaf_clk (net)
                      0.107059    0.002570   16.122644 ^ _13696_/CLK (sky130_fd_sc_hd__dfrtp_1)
                                 -0.250000   15.872646   clock uncertainty
                                  0.000000   15.872646   clock reconvergence pessimism
                                 -0.304259   15.568388   library setup time
                                             15.568388   data required time
---------------------------------------------------------------------------------------------
                                             15.568388   data required time
                                            -15.353422   data arrival time
---------------------------------------------------------------------------------------------
                                              0.214966   slack (MET)


Startpoint: x0[0] (input port clocked by clk)
Endpoint: _13644_ (rising edge-triggered flip-flop clocked by clk)
Path Group: clk
Path Type: max

Fanout         Cap        Slew       Delay        Time   Description
---------------------------------------------------------------------------------------------
                                  0.000000    0.000000   clock clk (rise edge)
                                  0.000000    0.000000   clock network delay (propagated)
                                  3.000000    3.000000 v input external delay
     1    0.002738    0.018222    0.009037    3.009037 v x0[0] (in)
                                                         x0[0] (net)
                      0.018222    0.000000    3.009037 v input130/A (sky130_fd_sc_hd__clkbuf_2)
     2    0.034476    0.242941    0.312382    3.321419 v input130/X (sky130_fd_sc_hd__clkbuf_2)
                                                         net130 (net)
                      0.243087    0.003550    3.324969 v fanout653/A (sky130_fd_sc_hd__clkbuf_4)
     6    0.070394    0.254665    0.496324    3.821293 v fanout653/X (sky130_fd_sc_hd__clkbuf_4)
                                                         net653 (net)
                      0.254712    0.003385    3.824678 v fanout652/A (sky130_fd_sc_hd__buf_4)
    10    0.073180    0.180518    0.456254    4.280932 v fanout652/X (sky130_fd_sc_hd__buf_4)
                                                         net652 (net)
                      0.180530    0.001685    4.282618 v _12718_/A (sky130_fd_sc_hd__and3_1)
     4    0.020117    0.208510    0.477532    4.760150 v _12718_/X (sky130_fd_sc_hd__and3_1)
                                                         _05528_ (net)
                      0.208510    0.000328    4.760478 v _12721_/C (sky130_fd_sc_hd__or4_1)
     3    0.014900    0.310428    1.349491    6.109969 v _12721_/X (sky130_fd_sc_hd__or4_1)
                                                         _05531_ (net)
                      0.310428    0.000665    6.110633 v _12723_/A2 (sky130_fd_sc_hd__a21o_1)
     3    0.008242    0.102861    0.457026    6.567659 v _12723_/X (sky130_fd_sc_hd__a21o_1)
                                                         _05533_ (net)
                      0.102861    0.000101    6.567760 v _12725_/A2 (sky130_fd_sc_hd__a21o_1)
     2    0.009682    0.114041    0.385059    6.952819 v _12725_/X (sky130_fd_sc_hd__a21o_1)
                                                         _05535_ (net)
                      0.114041    0.000288    6.953107 v _12728_/A2 (sky130_fd_sc_hd__a21o_1)
     3    0.008708    0.106206    0.382282    7.335389 v _12728_/X (sky130_fd_sc_hd__a21o_1)
                                                         _05539_ (net)
                      0.106206    0.000191    7.335580 v _12730_/A2 (sky130_fd_sc_hd__a21o_1)
     2    0.013356    0.141333    0.414500    7.750080 v _12730_/X (sky130_fd_sc_hd__a21o_1)
                                                         _05541_ (net)
                      0.141333    0.000614    7.750694 v _12732_/A2 (sky130_fd_sc_hd__a211o_1)
     3    0.009987    0.149056    0.640866    8.391560 v _12732_/X (sky130_fd_sc_hd__a211o_1)
                                                         _05543_ (net)
                      0.149056    0.000306    8.391865 v _12734_/A2 (sky130_fd_sc_hd__a21o_1)
     2    0.009884    0.115638    0.405977    8.797843 v _12734_/X (sky130_fd_sc_hd__a21o_1)
                                                         _05545_ (net)
                      0.115638    0.000273    8.798116 v _12735_/C1 (sky130_fd_sc_hd__o211a_1)
     3    0.009617    0.130722    0.277153    9.075269 v _12735_/X (sky130_fd_sc_hd__o211a_1)
                                                         _05546_ (net)
                      0.130722    0.000296    9.075564 v _12737_/B (sky130_fd_sc_hd__nor3_1)
     2    0.012464    0.677700    0.643195    9.718760 ^ _12737_/Y (sky130_fd_sc_hd__nor3_1)
                                                         _05548_ (net)
                      0.677700    0.000603    9.719362 ^ _12739_/B1 (sky130_fd_sc_hd__a211oi_1)
     3    0.010762    0.221032    0.364380   10.083742 v _12739_/Y (sky130_fd_sc_hd__a211oi_1)
                                                         _05550_ (net)
                      0.221032    0.000476   10.084218 v _12741_/B (sky130_fd_sc_hd__nor3_1)
     2    0.014936    0.788004    0.759814   10.844032 ^ _12741_/Y (sky130_fd_sc_hd__nor3_1)
                                                         _05552_ (net)
                      0.788004    0.000683   10.844716 ^ _12744_/A1 (sky130_fd_sc_hd__o211ai_2)
     3    0.008222    0.208684    0.435300   11.280015 v _12744_/Y (sky130_fd_sc_hd__o211ai_2)
                                                         _05555_ (net)
                      0.208684    0.000195   11.280210 v _12746_/A2 (sky130_fd_sc_hd__a21o_1)
     2    0.005972    0.084872    0.400898   11.681108 v _12746_/X (sky130_fd_sc_hd__a21o_1)
                                                         _05557_ (net)
                      0.084872    0.000102   11.681211 v _12747_/C1 (sky130_fd_sc_hd__o211a_1)
     3    0.011157    0.144640    0.274945   11.956157 v _12747_/X (sky130_fd_sc_hd__o211a_1)
                                                         _05558_ (net)
                      0.144640    0.000241   11.956397 v _12750_/B (sky130_fd_sc_hd__or3_1)
     4    0.009191    0.201247    0.913153   12.869551 v _12750_/X (sky130_fd_sc_hd__or3_1)
                                                         _05562_ (net)
                      0.201247    0.000131   12.869680 v _12752_/B (sky130_fd_sc_hd__and3_1)
     3    0.008588    0.117829    0.447936   13.317616 v _12752_/X (sky130_fd_sc_hd__and3_1)
                                                         _05564_ (net)
                      0.117829    0.000126   13.317743 v _12754_/A (sky130_fd_sc_hd__or2_1)
     3    0.006773    0.131106    0.559943   13.877687 v _12754_/X (sky130_fd_sc_hd__or2_1)
                                                         _05566_ (net)
                      0.131106    0.000128   13.877814 v _12756_/A (sky130_fd_sc_hd__nor2_1)
     3    0.007872    0.267635    0.296536   14.174350 ^ _12756_/Y (sky130_fd_sc_hd__nor2_1)
                                                         _05568_ (net)
                      0.267635    0.000131   14.174480 ^ _13044_/A1_N (sky130_fd_sc_hd__o2bb2a_1)
     2    0.004448    0.122459    0.533303   14.707784 v _13044_/X (sky130_fd_sc_hd__o2bb2a_1)
                                                         _05883_ (net)
                      0.122459    0.000113   14.707896 v _13045_/A_N (sky130_fd_sc_hd__and2b_1)
     2    0.004520    0.092888    0.410036   15.117932 ^ _13045_/X (sky130_fd_sc_hd__and2b_1)
                                                         _05884_ (net)
                      0.092888    0.000099   15.118032 ^ _13047_/A (sky130_fd_sc_hd__nor2_1)
     1    0.003769    0.053319    0.094575   15.212606 v _13047_/Y (sky130_fd_sc_hd__nor2_1)
                                                         _00027_ (net)
                      0.053319    0.000124   15.212731 v _13644_/D (sky130_fd_sc_hd__dfrtp_1)
                                             15.212731   data arrival time

                                 15.000000   15.000000   clock clk (rise edge)
                                  0.000000   15.000000   clock source latency
     1    0.050594    0.363095    0.258083   15.258083 ^ clk (in)
                                                         clk (net)
                      0.363560    0.000000   15.258083 ^ clkbuf_0_clk/A (sky130_fd_sc_hd__clkbuf_16)
     8    0.161004    0.263137    0.506523   15.764606 ^ clkbuf_0_clk/X (sky130_fd_sc_hd__clkbuf_16)
                                                         clknet_0_clk (net)
                      0.263237    0.004894   15.769500 ^ clkbuf_3_4__f_clk/A (sky130_fd_sc_hd__clkbuf_16)
     7    0.049260    0.106677    0.346830   16.116329 ^ clkbuf_3_4__f_clk/X (sky130_fd_sc_hd__clkbuf_16)
                                                         clknet_3_4__leaf_clk (net)
                      0.106725    0.001990   16.118320 ^ _13644_/CLK (sky130_fd_sc_hd__dfrtp_1)
                                 -0.250000   15.868320   clock uncertainty
                                  0.000000   15.868320   clock reconvergence pessimism
                                 -0.259825   15.608497   library setup time
                                             15.608497   data required time
---------------------------------------------------------------------------------------------
                                             15.608497   data required time
                                            -15.212731   data arrival time
---------------------------------------------------------------------------------------------
                                              0.395765   slack (MET)


Startpoint: x3[1] (input port clocked by clk)
Endpoint: _13646_ (rising edge-triggered flip-flop clocked by clk)
Path Group: clk
Path Type: max

Fanout         Cap        Slew       Delay        Time   Description
---------------------------------------------------------------------------------------------
                                  0.000000    0.000000   clock clk (rise edge)
                                  0.000000    0.000000   clock network delay (propagated)
                                  3.000000    3.000000 ^ input external delay
     1    0.002706    0.031635    0.015296    3.015296 ^ x3[1] (in)
                                                         x3[1] (net)
                      0.031635    0.000000    3.015296 ^ input155/A (sky130_fd_sc_hd__buf_1)
     1    0.009197    0.186527    0.216427    3.231723 ^ input155/X (sky130_fd_sc_hd__buf_1)
                                                         net155 (net)
                      0.186587    0.000562    3.232285 ^ fanout465/A (sky130_fd_sc_hd__clkbuf_4)
     6    0.092047    0.430083    0.563696    3.795981 ^ fanout465/X (sky130_fd_sc_hd__clkbuf_4)
                                                         net465 (net)
                      0.430143    0.004269    3.800250 ^ fanout464/A (sky130_fd_sc_hd__buf_2)
     6    0.044980    0.352821    0.551366    4.351615 ^ fanout464/X (sky130_fd_sc_hd__buf_2)
                                                         net464 (net)
                      0.352821    0.000469    4.352085 ^ fanout462/A (sky130_fd_sc_hd__buf_2)
    10    0.049051    0.383151    0.541675    4.893760 ^ fanout462/X (sky130_fd_sc_hd__buf_2)
                                                         net462 (net)
                      0.383369    0.005034    4.898794 ^ _12079_/A (sky130_fd_sc_hd__and4_1)
     2    0.004996    0.131397    0.486616    5.385410 ^ _12079_/X (sky130_fd_sc_hd__and4_1)
                                                         _04829_ (net)
                      0.131397    0.000093    5.385503 ^ _12081_/A_N (sky130_fd_sc_hd__and2b_1)
     1    0.005179    0.085447    0.403840    5.789342 v _12081_/X (sky130_fd_sc_hd__and2b_1)
                                                         _04831_ (net)
                      0.085447    0.000159    5.789502 v _12082_/B (sky130_fd_sc_hd__xnor2_1)
     2    0.008613    0.373607    0.363875    6.153377 ^ _12082_/Y (sky130_fd_sc_hd__xnor2_1)
                                                         _04832_ (net)
                      0.373607    0.000268    6.153645 ^ _12089_/A (sky130_fd_sc_hd__xor2_1)
     2    0.008193    0.336937    0.453758    6.607403 ^ _12089_/X (sky130_fd_sc_hd__xor2_1)
                                                         _04840_ (net)
                      0.336937    0.000207    6.607611 ^ _12091_/B (sky130_fd_sc_hd__xnor2_1)
     2    0.005406    0.128287    0.242050    6.849660 v _12091_/Y (sky130_fd_sc_hd__xnor2_1)
                                                         _04842_ (net)
                      0.128287    0.000086    6.849746 v _12094_/A (sky130_fd_sc_hd__and2_1)
     3    0.011047    0.134380    0.370226    7.219972 v _12094_/X (sky130_fd_sc_hd__and2_1)
                                                         _04845_ (net)
                      0.134380    0.000189    7.220160 v _12096_/A (sky130_fd_sc_hd__or2_1)
     3    0.008435    0.145594    0.583583    7.803744 v _12096_/X (sky130_fd_sc_hd__or2_1)
                                                         _04847_ (net)
                      0.145594    0.000133    7.803877 v _12136_/A (sky130_fd_sc_hd__or3_4)
     2    0.012763    0.141457    0.821971    8.625848 v _12136_/X (sky130_fd_sc_hd__or3_4)
                                                         _04891_ (net)
                      0.141457    0.000355    8.626204 v _12279_/A2 (sky130_fd_sc_hd__a211oi_4)
     5    0.017311    0.440058    0.560325    9.186528 ^ _12279_/Y (sky130_fd_sc_hd__a211oi_4)
                                                         _05048_ (net)
                      0.440058    0.000337    9.186865 ^ _12283_/A1 (sky130_fd_sc_hd__o21ai_1)
     2    0.008749    0.199845    0.347836    9.534700 v _12283_/Y (sky130_fd_sc_hd__o21ai_1)
                                                         _05052_ (net)
                      0.199845    0.000205    9.534905 v _12286_/A2 (sky130_fd_sc_hd__a211oi_1)
     3    0.011553    0.707177    0.758065   10.292971 ^ _12286_/Y (sky130_fd_sc_hd__a211oi_1)
                                                         _05055_ (net)
                      0.707177    0.000385   10.293355 ^ _12287_/D (sky130_fd_sc_hd__nor4_1)
     2    0.008841    0.191743    0.345412   10.638766 v _12287_/Y (sky130_fd_sc_hd__nor4_1)
                                                         _05056_ (net)
                      0.191743    0.000271   10.639037 v max_cap232/A (sky130_fd_sc_hd__clkbuf_1)
     1    0.004449    0.067280    0.233270   10.872308 v max_cap232/X (sky130_fd_sc_hd__clkbuf_1)
                                                         net232 (net)
                      0.067280    0.000129   10.872437 v _12290_/B1 (sky130_fd_sc_hd__a211oi_2)
     4    0.017781    0.594793    0.600457   11.472894 ^ _12290_/Y (sky130_fd_sc_hd__a211oi_2)
                                                         _05060_ (net)
                      0.594793    0.000499   11.473393 ^ _12292_/B (sky130_fd_sc_hd__nor3_2)
     6    0.018547    0.175257    0.329234   11.802627 v _12292_/Y (sky130_fd_sc_hd__nor3_2)
                                                         _05062_ (net)
                      0.175257    0.000750   11.803376 v _12296_/A (sky130_fd_sc_hd__or3_1)
     3    0.008093    0.189467    0.959934   12.763310 v _12296_/X (sky130_fd_sc_hd__or3_1)
                                                         _05066_ (net)
                      0.189467    0.000129   12.763439 v _12436_/A3 (sky130_fd_sc_hd__a41o_1)
     2    0.010189    0.129731    0.521211   13.284650 v _12436_/X (sky130_fd_sc_hd__a41o_1)
                                                         _05219_ (net)
                      0.129731    0.000289   13.284939 v _12593_/A2 (sky130_fd_sc_hd__a21oi_2)
     3    0.011803    0.276112    0.348090   13.633028 ^ _12593_/Y (sky130_fd_sc_hd__a21oi_2)
                                                         _05391_ (net)
                      0.276196    0.000307   13.633336 ^ _12755_/A1 (sky130_fd_sc_hd__o21ba_4)
     3    0.008595    0.080795    0.359272   13.992607 ^ _12755_/X (sky130_fd_sc_hd__o21ba_4)
                                                         _05567_ (net)
                      0.080795    0.000237   13.992845 ^ _13305_/A_N (sky130_fd_sc_hd__and4bb_1)
     2    0.008955    0.126697    0.421865   14.414710 v _13305_/X (sky130_fd_sc_hd__and4bb_1)
                                                         _06168_ (net)
                      0.126697    0.000238   14.414948 v _13309_/B (sky130_fd_sc_hd__nor3_1)
     1    0.005872    0.382950    0.415410   14.830358 ^ _13309_/Y (sky130_fd_sc_hd__nor3_1)
                                                         _06173_ (net)
                      0.382950    0.000185   14.830543 ^ _13311_/B (sky130_fd_sc_hd__xnor2_1)
     1    0.005729    0.134408    0.261030   15.091573 v _13311_/Y (sky130_fd_sc_hd__xnor2_1)
                                                         _00029_ (net)
                      0.134408    0.000201   15.091774 v _13646_/D (sky130_fd_sc_hd__dfrtp_1)
                                             15.091774   data arrival time

                                 15.000000   15.000000   clock clk (rise edge)
                                  0.000000   15.000000   clock source latency
     1    0.050594    0.363095    0.258083   15.258083 ^ clk (in)
                                                         clk (net)
                      0.363560    0.000000   15.258083 ^ clkbuf_0_clk/A (sky130_fd_sc_hd__clkbuf_16)
     8    0.161004    0.263137    0.506523   15.764606 ^ clkbuf_0_clk/X (sky130_fd_sc_hd__clkbuf_16)
                                                         clknet_0_clk (net)
                      0.263391    0.007367   15.771973 ^ clkbuf_3_6__f_clk/A (sky130_fd_sc_hd__clkbuf_16)
    10    0.030774    0.082164    0.323242   16.095215 ^ clkbuf_3_6__f_clk/X (sky130_fd_sc_hd__clkbuf_16)
                                                         clknet_3_6__leaf_clk (net)
                      0.082174    0.000899   16.096113 ^ _13646_/CLK (sky130_fd_sc_hd__dfrtp_1)
                                 -0.250000   15.846114   clock uncertainty
                                  0.000000   15.846114   clock reconvergence pessimism
                                 -0.300176   15.545938   library setup time
                                             15.545938   data required time
---------------------------------------------------------------------------------------------
                                             15.545938   data required time
                                            -15.091774   data arrival time
---------------------------------------------------------------------------------------------
                                              0.454165   slack (MET)


Startpoint: x0[0] (input port clocked by clk)
Endpoint: _13695_ (rising edge-triggered flip-flop clocked by clk)
Path Group: clk
Path Type: max

Fanout         Cap        Slew       Delay        Time   Description
---------------------------------------------------------------------------------------------
                                  0.000000    0.000000   clock clk (rise edge)
                                  0.000000    0.000000   clock network delay (propagated)
                                  3.000000    3.000000 v input external delay
     1    0.002738    0.018222    0.009037    3.009037 v x0[0] (in)
                                                         x0[0] (net)
                      0.018222    0.000000    3.009037 v input130/A (sky130_fd_sc_hd__clkbuf_2)
     2    0.034476    0.242941    0.312382    3.321419 v input130/X (sky130_fd_sc_hd__clkbuf_2)
                                                         net130 (net)
                      0.243087    0.003550    3.324969 v fanout653/A (sky130_fd_sc_hd__clkbuf_4)
     6    0.070394    0.254665    0.496324    3.821293 v fanout653/X (sky130_fd_sc_hd__clkbuf_4)
                                                         net653 (net)
                      0.254680    0.002154    3.823447 v fanout650/A (sky130_fd_sc_hd__buf_4)
    10    0.072533    0.180652    0.453638    4.277085 v fanout650/X (sky130_fd_sc_hd__buf_4)
                                                         net650 (net)
                      0.181114    0.008014    4.285100 v _07623_/A (sky130_fd_sc_hd__and3_1)
     3    0.007586    0.109483    0.386758    4.671858 v _07623_/X (sky130_fd_sc_hd__and3_1)
                                                         _00103_ (net)
                      0.109483    0.000144    4.672002 v _07627_/B (sky130_fd_sc_hd__or4_1)
     3    0.013145    0.294944    1.366956    6.038959 v _07627_/X (sky130_fd_sc_hd__or4_1)
                                                         _00107_ (net)
                      0.294944    0.000396    6.039354 v _07630_/A2 (sky130_fd_sc_hd__a21o_1)
     3    0.008840    0.107572    0.455808    6.495162 v _07630_/X (sky130_fd_sc_hd__a21o_1)
                                                         _00110_ (net)
                      0.107572    0.000237    6.495399 v _07632_/A2 (sky130_fd_sc_hd__a21o_1)
     2    0.011320    0.127390    0.399603    6.895002 v _07632_/X (sky130_fd_sc_hd__a21o_1)
                                                         _00112_ (net)
                      0.127390    0.000348    6.895350 v _07635_/A2 (sky130_fd_sc_hd__a21o_1)
     3    0.008052    0.100991    0.382830    7.278179 v _07635_/X (sky130_fd_sc_hd__a21o_1)
                                                         _00115_ (net)
                      0.100991    0.000188    7.278367 v _07637_/A2 (sky130_fd_sc_hd__a21o_1)
     3    0.012793    0.139620    0.408060    7.686427 v _07637_/X (sky130_fd_sc_hd__a21o_1)
                                                         _00117_ (net)
                      0.139621    0.000509    7.686936 v _07640_/A2 (sky130_fd_sc_hd__a211o_1)
     3    0.007088    0.123121    0.611709    8.298645 v _07640_/X (sky130_fd_sc_hd__a211o_1)
                                                         _00120_ (net)
                      0.123121    0.000155    8.298800 v _07641_/C (sky130_fd_sc_hd__and3_1)
     2    0.009165    0.122730    0.442784    8.741585 v _07641_/X (sky130_fd_sc_hd__and3_1)
                                                         _00121_ (net)
                      0.122730    0.000277    8.741861 v _07643_/B1 (sky130_fd_sc_hd__a211o_1)
     3    0.010634    0.154918    0.599708    9.341570 v _07643_/X (sky130_fd_sc_hd__a211o_1)
                                                         _00123_ (net)
                      0.154918    0.000341    9.341910 v _07646_/A1 (sky130_fd_sc_hd__a21o_1)
     2    0.013027    0.140429    0.402074    9.743984 v _07646_/X (sky130_fd_sc_hd__a21o_1)
                                                         _00126_ (net)
                      0.140429    0.000501    9.744486 v _07648_/A2 (sky130_fd_sc_hd__a211o_1)
     3    0.012103    0.169156    0.661239   10.405725 v _07648_/X (sky130_fd_sc_hd__a211o_1)
                                                         _00128_ (net)
                      0.169156    0.000476   10.406200 v _07650_/A2 (sky130_fd_sc_hd__a21o_1)
     2    0.011011    0.124843    0.423054   10.829254 v _07650_/X (sky130_fd_sc_hd__a21o_1)
                                                         _00130_ (net)
                      0.124843    0.000356   10.829611 v _07652_/A2 (sky130_fd_sc_hd__a211o_1)
     3    0.011119    0.159636    0.645486   11.475097 v _07652_/X (sky130_fd_sc_hd__a211o_1)
                                                         _00132_ (net)
                      0.159636    0.000306   11.475402 v _07654_/A2 (sky130_fd_sc_hd__a21o_1)
     2    0.007578    0.097230    0.392687   11.868089 v _07654_/X (sky130_fd_sc_hd__a21o_1)
                                                         _00134_ (net)
                      0.097230    0.000189   11.868279 v _07655_/C1 (sky130_fd_sc_hd__o211a_1)
     3    0.006882    0.106888    0.246745   12.115023 v _07655_/X (sky130_fd_sc_hd__o211a_1)
                                                         _00135_ (net)
                      0.106888    0.000183   12.115206 v _07657_/B (sky130_fd_sc_hd__or3_1)
     2    0.005321    0.163075    0.847213   12.962420 v _07657_/X (sky130_fd_sc_hd__or3_1)
                                                         _00137_ (net)
                      0.163075    0.000116   12.962536 v _07659_/B (sky130_fd_sc_hd__and3_1)
     4    0.009739    0.127549    0.438729   13.401264 v _07659_/X (sky130_fd_sc_hd__and3_1)
                                                         _00139_ (net)
                      0.127549    0.000171   13.401436 v _07663_/A (sky130_fd_sc_hd__or3_1)
     2    0.004332    0.154288    0.889944   14.291380 v _07663_/X (sky130_fd_sc_hd__or3_1)
                                                         _00143_ (net)
                      0.154288    0.000114   14.291493 v _07950_/A1 (sky130_fd_sc_hd__o21a_1)
     3    0.011633    0.143417    0.447339   14.738832 v _07950_/X (sky130_fd_sc_hd__o21a_1)
                                                         _00428_ (net)
                      0.143417    0.000374   14.739206 v _07951_/B (sky130_fd_sc_hd__xor2_1)
     1    0.002800    0.122321    0.290957   15.030164 v _07951_/X (sky130_fd_sc_hd__xor2_1)
                                                         _00041_ (net)
                      0.122321    0.000078   15.030242 v _13695_/D (sky130_fd_sc_hd__dfrtp_1)
                                             15.030242   data arrival time

                                 15.000000   15.000000   clock clk (rise edge)
                                  0.000000   15.000000   clock source latency
     1    0.050594    0.363095    0.258083   15.258083 ^ clk (in)
                                                         clk (net)
                      0.363560    0.000000   15.258083 ^ clkbuf_0_clk/A (sky130_fd_sc_hd__clkbuf_16)
     8    0.161004    0.263137    0.506523   15.764606 ^ clkbuf_0_clk/X (sky130_fd_sc_hd__clkbuf_16)
                                                         clknet_0_clk (net)
                      0.263483    0.008461   15.773067 ^ clkbuf_3_1__f_clk/A (sky130_fd_sc_hd__clkbuf_16)
     7    0.049509    0.106975    0.347008   16.120075 ^ clkbuf_3_1__f_clk/X (sky130_fd_sc_hd__clkbuf_16)
                                                         clknet_3_1__leaf_clk (net)
                      0.107047    0.002396   16.122471 ^ _13695_/CLK (sky130_fd_sc_hd__dfrtp_1)
                                 -0.250000   15.872472   clock uncertainty
                                  0.000000   15.872472   clock reconvergence pessimism
                                 -0.288497   15.583974   library setup time
                                             15.583974   data required time
---------------------------------------------------------------------------------------------
                                             15.583974   data required time
                                            -15.030242   data arrival time
---------------------------------------------------------------------------------------------
                                              0.553731   slack (MET)


Startpoint: x0[0] (input port clocked by clk)
Endpoint: _13694_ (rising edge-triggered flip-flop clocked by clk)
Path Group: clk
Path Type: max

Fanout         Cap        Slew       Delay        Time   Description
---------------------------------------------------------------------------------------------
                                  0.000000    0.000000   clock clk (rise edge)
                                  0.000000    0.000000   clock network delay (propagated)
                                  3.000000    3.000000 v input external delay
     1    0.002738    0.018222    0.009037    3.009037 v x0[0] (in)
                                                         x0[0] (net)
                      0.018222    0.000000    3.009037 v input130/A (sky130_fd_sc_hd__clkbuf_2)
     2    0.034476    0.242941    0.312382    3.321419 v input130/X (sky130_fd_sc_hd__clkbuf_2)
                                                         net130 (net)
                      0.243087    0.003550    3.324969 v fanout653/A (sky130_fd_sc_hd__clkbuf_4)
     6    0.070394    0.254665    0.496324    3.821293 v fanout653/X (sky130_fd_sc_hd__clkbuf_4)
                                                         net653 (net)
                      0.254680    0.002154    3.823447 v fanout650/A (sky130_fd_sc_hd__buf_4)
    10    0.072533    0.180652    0.453638    4.277085 v fanout650/X (sky130_fd_sc_hd__buf_4)
                                                         net650 (net)
                      0.181114    0.008014    4.285100 v _07623_/A (sky130_fd_sc_hd__and3_1)
     3    0.007586    0.109483    0.386758    4.671858 v _07623_/X (sky130_fd_sc_hd__and3_1)
                                                         _00103_ (net)
                      0.109483    0.000144    4.672002 v _07627_/B (sky130_fd_sc_hd__or4_1)
     3    0.013145    0.294944    1.366956    6.038959 v _07627_/X (sky130_fd_sc_hd__or4_1)
                                                         _00107_ (net)
                      0.294944    0.000396    6.039354 v _07630_/A2 (sky130_fd_sc_hd__a21o_1)
     3    0.008840    0.107572    0.455808    6.495162 v _07630_/X (sky130_fd_sc_hd__a21o_1)
                                                         _00110_ (net)
                      0.107572    0.000237    6.495399 v _07632_/A2 (sky130_fd_sc_hd__a21o_1)
     2    0.011320    0.127390    0.399603    6.895002 v _07632_/X (sky130_fd_sc_hd__a21o_1)
                                                         _00112_ (net)
                      0.127390    0.000348    6.895350 v _07635_/A2 (sky130_fd_sc_hd__a21o_1)
     3    0.008052    0.100991    0.382830    7.278179 v _07635_/X (sky130_fd_sc_hd__a21o_1)
                                                         _00115_ (net)
                      0.100991    0.000188    7.278367 v _07637_/A2 (sky130_fd_sc_hd__a21o_1)
     3    0.012793    0.139620    0.408060    7.686427 v _07637_/X (sky130_fd_sc_hd__a21o_1)
                                                         _00117_ (net)
                      0.139621    0.000509    7.686936 v _07640_/A2 (sky130_fd_sc_hd__a211o_1)
     3    0.007088    0.123121    0.611709    8.298645 v _07640_/X (sky130_fd_sc_hd__a211o_1)
                                                         _00120_ (net)
                      0.123121    0.000155    8.298800 v _07641_/C (sky130_fd_sc_hd__and3_1)
     2    0.009165    0.122730    0.442784    8.741585 v _07641_/X (sky130_fd_sc_hd__and3_1)
                                                         _00121_ (net)
                      0.122730    0.000277    8.741861 v _07643_/B1 (sky130_fd_sc_hd__a211o_1)
     3    0.010634    0.154918    0.599708    9.341570 v _07643_/X (sky130_fd_sc_hd__a211o_1)
                                                         _00123_ (net)
                      0.154918    0.000341    9.341910 v _07646_/A1 (sky130_fd_sc_hd__a21o_1)
     2    0.013027    0.140429    0.402074    9.743984 v _07646_/X (sky130_fd_sc_hd__a21o_1)
                                                         _00126_ (net)
                      0.140429    0.000501    9.744486 v _07648_/A2 (sky130_fd_sc_hd__a211o_1)
     3    0.012103    0.169156    0.661239   10.405725 v _07648_/X (sky130_fd_sc_hd__a211o_1)
                                                         _00128_ (net)
                      0.169156    0.000476   10.406200 v _07650_/A2 (sky130_fd_sc_hd__a21o_1)
     2    0.011011    0.124843    0.423054   10.829254 v _07650_/X (sky130_fd_sc_hd__a21o_1)
                                                         _00130_ (net)
                      0.124843    0.000356   10.829611 v _07652_/A2 (sky130_fd_sc_hd__a211o_1)
     3    0.011119    0.159636    0.645486   11.475097 v _07652_/X (sky130_fd_sc_hd__a211o_1)
                                                         _00132_ (net)
                      0.159636    0.000306   11.475402 v _07654_/A2 (sky130_fd_sc_hd__a21o_1)
     2    0.007578    0.097230    0.392687   11.868089 v _07654_/X (sky130_fd_sc_hd__a21o_1)
                                                         _00134_ (net)
                      0.097230    0.000189   11.868279 v _07655_/C1 (sky130_fd_sc_hd__o211a_1)
     3    0.006882    0.106888    0.246745   12.115023 v _07655_/X (sky130_fd_sc_hd__o211a_1)
                                                         _00135_ (net)
                      0.106888    0.000183   12.115206 v _07657_/B (sky130_fd_sc_hd__or3_1)
     2    0.005321    0.163075    0.847213   12.962420 v _07657_/X (sky130_fd_sc_hd__or3_1)
                                                         _00137_ (net)
                      0.163075    0.000116   12.962536 v _07659_/B (sky130_fd_sc_hd__and3_1)
     4    0.009739    0.127549    0.438729   13.401264 v _07659_/X (sky130_fd_sc_hd__and3_1)
                                                         _00139_ (net)
                      0.127549    0.000171   13.401436 v _07663_/A (sky130_fd_sc_hd__or3_1)
     2    0.004332    0.154288    0.889944   14.291380 v _07663_/X (sky130_fd_sc_hd__or3_1)
                                                         _00143_ (net)
                      0.154288    0.000099   14.291478 v _07812_/B (sky130_fd_sc_hd__and2b_1)
     1    0.004519    0.080681    0.375189   14.666667 v _07812_/X (sky130_fd_sc_hd__and2b_1)
                                                         _00291_ (net)
                      0.080681    0.000131   14.666798 v _07813_/B (sky130_fd_sc_hd__xor2_1)
     1    0.002437    0.091044    0.261851   14.928649 v _07813_/X (sky130_fd_sc_hd__xor2_1)
                                                         _00053_ (net)
                      0.091044    0.000050   14.928699 v _13694_/D (sky130_fd_sc_hd__dfrtp_1)
                                             14.928699   data arrival time

                                 15.000000   15.000000   clock clk (rise edge)
                                  0.000000   15.000000   clock source latency
     1    0.050594    0.363095    0.258083   15.258083 ^ clk (in)
                                                         clk (net)
                      0.363560    0.000000   15.258083 ^ clkbuf_0_clk/A (sky130_fd_sc_hd__clkbuf_16)
     8    0.161004    0.263137    0.506523   15.764606 ^ clkbuf_0_clk/X (sky130_fd_sc_hd__clkbuf_16)
                                                         clknet_0_clk (net)
                      0.263483    0.008461   15.773067 ^ clkbuf_3_1__f_clk/A (sky130_fd_sc_hd__clkbuf_16)
     7    0.049509    0.106975    0.347008   16.120075 ^ clkbuf_3_1__f_clk/X (sky130_fd_sc_hd__clkbuf_16)
                                                         clknet_3_1__leaf_clk (net)
                      0.107053    0.002492   16.122566 ^ _13694_/CLK (sky130_fd_sc_hd__dfrtp_1)
                                 -0.250000   15.872568   clock uncertainty
                                  0.000000   15.872568   clock reconvergence pessimism
                                 -0.275460   15.597108   library setup time
                                             15.597108   data required time
---------------------------------------------------------------------------------------------
                                             15.597108   data required time
                                            -14.928699   data arrival time
---------------------------------------------------------------------------------------------
                                              0.668409   slack (MET)


Startpoint: x0[0] (input port clocked by clk)
Endpoint: _13679_ (rising edge-triggered flip-flop clocked by clk)
Path Group: clk
Path Type: max

Fanout         Cap        Slew       Delay        Time   Description
---------------------------------------------------------------------------------------------
                                  0.000000    0.000000   clock clk (rise edge)
                                  0.000000    0.000000   clock network delay (propagated)
                                  3.000000    3.000000 ^ input external delay
     1    0.002923    0.033065    0.016438    3.016438 ^ x0[0] (in)
                                                         x0[0] (net)
                      0.033065    0.000000    3.016438 ^ input130/A (sky130_fd_sc_hd__clkbuf_2)
     2    0.034881    0.300022    0.338654    3.355092 ^ input130/X (sky130_fd_sc_hd__clkbuf_2)
                                                         net130 (net)
                      0.300045    0.002198    3.357290 ^ fanout658/A (sky130_fd_sc_hd__buf_4)
     6    0.046360    0.215434    0.417713    3.775003 ^ fanout658/X (sky130_fd_sc_hd__buf_4)
                                                         net658 (net)
                      0.215434    0.000751    3.775755 ^ fanout655/A (sky130_fd_sc_hd__buf_6)
    10    0.060556    0.200315    0.343227    4.118982 ^ fanout655/X (sky130_fd_sc_hd__buf_6)
                                                         net655 (net)
                      0.200424    0.000939    4.119921 ^ fanout654/A (sky130_fd_sc_hd__clkbuf_4)
    10    0.050315    0.249638    0.440326    4.560247 ^ fanout654/X (sky130_fd_sc_hd__clkbuf_4)
                                                         net654 (net)
                      0.249642    0.001423    4.561670 ^ _10393_/A (sky130_fd_sc_hd__nand4_1)
     3    0.009303    0.346110    0.373639    4.935309 v _10393_/Y (sky130_fd_sc_hd__nand4_1)
                                                         _02992_ (net)
                      0.346110    0.000220    4.935530 v _10403_/A1 (sky130_fd_sc_hd__a21o_1)
     2    0.005725    0.083224    0.424456    5.359985 v _10403_/X (sky130_fd_sc_hd__a21o_1)
                                                         _03003_ (net)
                      0.083224    0.000129    5.360114 v _10404_/C (sky130_fd_sc_hd__and3_1)
     3    0.006513    0.100869    0.400591    5.760705 v _10404_/X (sky130_fd_sc_hd__and3_1)
                                                         _03004_ (net)
                      0.100869    0.000103    5.760808 v _10407_/A (sky130_fd_sc_hd__or3_1)
     2    0.006340    0.172864    0.907761    6.668569 v _10407_/X (sky130_fd_sc_hd__or3_1)
                                                         _03007_ (net)
                      0.172864    0.000102    6.668670 v _10417_/A1 (sky130_fd_sc_hd__a21o_1)
     3    0.008250    0.102548    0.373747    7.042417 v _10417_/X (sky130_fd_sc_hd__a21o_1)
                                                         _03018_ (net)
                      0.102548    0.000196    7.042613 v _10419_/A2 (sky130_fd_sc_hd__a21bo_1)
     2    0.004829    0.079254    0.370090    7.412703 v _10419_/X (sky130_fd_sc_hd__a21bo_1)
                                                         _03021_ (net)
                      0.079254    0.000102    7.412805 v _10420_/C (sky130_fd_sc_hd__and3_1)
     4    0.013693    0.156655    0.458244    7.871049 v _10420_/X (sky130_fd_sc_hd__and3_1)
                                                         _03022_ (net)
                      0.156655    0.000457    7.871505 v _10424_/B (sky130_fd_sc_hd__or3_4)
     2    0.007071    0.127709    0.763240    8.634746 v _10424_/X (sky130_fd_sc_hd__or3_4)
                                                         _03026_ (net)
                      0.127709    0.000168    8.634913 v _10569_/C1 (sky130_fd_sc_hd__o211a_1)
     3    0.007898    0.115446    0.269220    8.904134 v _10569_/X (sky130_fd_sc_hd__o211a_1)
                                                         _03185_ (net)
                      0.115446    0.000154    8.904287 v _10571_/C (sky130_fd_sc_hd__or3_1)
     2    0.006340    0.172389    0.786853    9.691140 v _10571_/X (sky130_fd_sc_hd__or3_1)
                                                         _03187_ (net)
                      0.172389    0.000146    9.691286 v _10573_/B1 (sky130_fd_sc_hd__o211a_1)
     4    0.014857    0.171253    0.375209   10.066496 v _10573_/X (sky130_fd_sc_hd__o211a_1)
                                                         _03189_ (net)
                      0.171253    0.000494   10.066989 v _10577_/C (sky130_fd_sc_hd__or4_4)
     2    0.007386    0.166313    1.008962   11.075952 v _10577_/X (sky130_fd_sc_hd__or4_4)
                                                         _03193_ (net)
                      0.166313    0.000206   11.076158 v _10717_/A1 (sky130_fd_sc_hd__a211o_4)
     3    0.012760    0.097503    0.638972   11.715129 v _10717_/X (sky130_fd_sc_hd__a211o_4)
                                                         _03346_ (net)
                      0.097503    0.000343   11.715471 v _10720_/B1 (sky130_fd_sc_hd__o211a_1)
     3    0.010002    0.134097    0.300660   12.016131 v _10720_/X (sky130_fd_sc_hd__o211a_1)
                                                         _03350_ (net)
                      0.134097    0.000218   12.016350 v _10722_/C1 (sky130_fd_sc_hd__a211o_1)
     4    0.012374    0.171638    0.549694   12.566044 v _10722_/X (sky130_fd_sc_hd__a211o_1)
                                                         _03352_ (net)
                      0.171638    0.000251   12.566295 v _10724_/C (sky130_fd_sc_hd__and4_1)
     2    0.004144    0.084870    0.443197   13.009492 v _10724_/X (sky130_fd_sc_hd__and4_1)
                                                         _03354_ (net)
                      0.084870    0.000111   13.009603 v _10887_/B1 (sky130_fd_sc_hd__a21oi_1)
     3    0.008941    0.352439    0.333829   13.343431 ^ _10887_/Y (sky130_fd_sc_hd__a21oi_1)
                                                         _03532_ (net)
                      0.352439    0.000242   13.343673 ^ _11049_/A2 (sky130_fd_sc_hd__o21ba_1)
     3    0.010556    0.181151    0.398918   13.742592 ^ _11049_/X (sky130_fd_sc_hd__o21ba_1)
                                                         _03710_ (net)
                      0.181151    0.000361   13.742952 ^ _11050_/B (sky130_fd_sc_hd__nor2_1)
     3    0.008402    0.123316    0.155907   13.898859 v _11050_/Y (sky130_fd_sc_hd__nor2_1)
                                                         _03711_ (net)
                      0.123316    0.000263   13.899122 v _11334_/A1 (sky130_fd_sc_hd__a21oi_1)
     2    0.009581    0.371969    0.383612   14.282735 ^ _11334_/Y (sky130_fd_sc_hd__a21oi_1)
                                                         _04021_ (net)
                      0.371969    0.000197   14.282931 ^ _11466_/A2 (sky130_fd_sc_hd__o21ba_1)
     1    0.004764    0.102329    0.340969   14.623900 ^ _11466_/X (sky130_fd_sc_hd__o21ba_1)
                                                         _04165_ (net)
                      0.102329    0.000138   14.624039 ^ _11467_/B (sky130_fd_sc_hd__xnor2_1)
     1    0.002355    0.085098    0.123269   14.747308 v _11467_/Y (sky130_fd_sc_hd__xnor2_1)
                                                         _00014_ (net)
                      0.085098    0.000066   14.747374 v _13679_/D (sky130_fd_sc_hd__dfrtp_1)
                                             14.747374   data arrival time

                                 15.000000   15.000000   clock clk (rise edge)
                                  0.000000   15.000000   clock source latency
     1    0.050594    0.363095    0.258083   15.258083 ^ clk (in)
                                                         clk (net)
                      0.363560    0.000000   15.258083 ^ clkbuf_0_clk/A (sky130_fd_sc_hd__clkbuf_16)
     8    0.161004    0.263137    0.506523   15.764606 ^ clkbuf_0_clk/X (sky130_fd_sc_hd__clkbuf_16)
                                                         clknet_0_clk (net)
                      0.263483    0.008461   15.773067 ^ clkbuf_3_1__f_clk/A (sky130_fd_sc_hd__clkbuf_16)
     7    0.049509    0.106975    0.347008   16.120075 ^ clkbuf_3_1__f_clk/X (sky130_fd_sc_hd__clkbuf_16)
                                                         clknet_3_1__leaf_clk (net)
                      0.107022    0.001997   16.122070 ^ _13679_/CLK (sky130_fd_sc_hd__dfrtp_1)
                                 -0.250000   15.872072   clock uncertainty
                                  0.000000   15.872072   clock reconvergence pessimism
                                 -0.272991   15.599082   library setup time
                                             15.599082   data required time
---------------------------------------------------------------------------------------------
                                             15.599082   data required time
                                            -14.747374   data arrival time
---------------------------------------------------------------------------------------------
                                              0.851708   slack (MET)


Startpoint: x0[0] (input port clocked by clk)
Endpoint: _13678_ (rising edge-triggered flip-flop clocked by clk)
Path Group: clk
Path Type: max

Fanout         Cap        Slew       Delay        Time   Description
---------------------------------------------------------------------------------------------
                                  0.000000    0.000000   clock clk (rise edge)
                                  0.000000    0.000000   clock network delay (propagated)
                                  3.000000    3.000000 ^ input external delay
     1    0.002923    0.033065    0.016438    3.016438 ^ x0[0] (in)
                                                         x0[0] (net)
                      0.033065    0.000000    3.016438 ^ input130/A (sky130_fd_sc_hd__clkbuf_2)
     2    0.034881    0.300022    0.338654    3.355092 ^ input130/X (sky130_fd_sc_hd__clkbuf_2)
                                                         net130 (net)
                      0.300045    0.002198    3.357290 ^ fanout658/A (sky130_fd_sc_hd__buf_4)
     6    0.046360    0.215434    0.417713    3.775003 ^ fanout658/X (sky130_fd_sc_hd__buf_4)
                                                         net658 (net)
                      0.215434    0.000751    3.775755 ^ fanout655/A (sky130_fd_sc_hd__buf_6)
    10    0.060556    0.200315    0.343227    4.118982 ^ fanout655/X (sky130_fd_sc_hd__buf_6)
                                                         net655 (net)
                      0.200424    0.000939    4.119921 ^ fanout654/A (sky130_fd_sc_hd__clkbuf_4)
    10    0.050315    0.249638    0.440326    4.560247 ^ fanout654/X (sky130_fd_sc_hd__clkbuf_4)
                                                         net654 (net)
                      0.249642    0.001423    4.561670 ^ _10393_/A (sky130_fd_sc_hd__nand4_1)
     3    0.009303    0.346110    0.373639    4.935309 v _10393_/Y (sky130_fd_sc_hd__nand4_1)
                                                         _02992_ (net)
                      0.346110    0.000220    4.935530 v _10403_/A1 (sky130_fd_sc_hd__a21o_1)
     2    0.005725    0.083224    0.424456    5.359985 v _10403_/X (sky130_fd_sc_hd__a21o_1)
                                                         _03003_ (net)
                      0.083224    0.000129    5.360114 v _10404_/C (sky130_fd_sc_hd__and3_1)
     3    0.006513    0.100869    0.400591    5.760705 v _10404_/X (sky130_fd_sc_hd__and3_1)
                                                         _03004_ (net)
                      0.100869    0.000103    5.760808 v _10407_/A (sky130_fd_sc_hd__or3_1)
     2    0.006340    0.172864    0.907761    6.668569 v _10407_/X (sky130_fd_sc_hd__or3_1)
                                                         _03007_ (net)
                      0.172864    0.000102    6.668670 v _10417_/A1 (sky130_fd_sc_hd__a21o_1)
     3    0.008250    0.102548    0.373747    7.042417 v _10417_/X (sky130_fd_sc_hd__a21o_1)
                                                         _03018_ (net)
                      0.102548    0.000196    7.042613 v _10419_/A2 (sky130_fd_sc_hd__a21bo_1)
     2    0.004829    0.079254    0.370090    7.412703 v _10419_/X (sky130_fd_sc_hd__a21bo_1)
                                                         _03021_ (net)
                      0.079254    0.000102    7.412805 v _10420_/C (sky130_fd_sc_hd__and3_1)
     4    0.013693    0.156655    0.458244    7.871049 v _10420_/X (sky130_fd_sc_hd__and3_1)
                                                         _03022_ (net)
                      0.156655    0.000457    7.871505 v _10424_/B (sky130_fd_sc_hd__or3_4)
     2    0.007071    0.127709    0.763240    8.634746 v _10424_/X (sky130_fd_sc_hd__or3_4)
                                                         _03026_ (net)
                      0.127709    0.000168    8.634913 v _10569_/C1 (sky130_fd_sc_hd__o211a_1)
     3    0.007898    0.115446    0.269220    8.904134 v _10569_/X (sky130_fd_sc_hd__o211a_1)
                                                         _03185_ (net)
                      0.115446    0.000154    8.904287 v _10571_/C (sky130_fd_sc_hd__or3_1)
     2    0.006340    0.172389    0.786853    9.691140 v _10571_/X (sky130_fd_sc_hd__or3_1)
                                                         _03187_ (net)
                      0.172389    0.000146    9.691286 v _10573_/B1 (sky130_fd_sc_hd__o211a_1)
     4    0.014857    0.171253    0.375209   10.066496 v _10573_/X (sky130_fd_sc_hd__o211a_1)
                                                         _03189_ (net)
                      0.171253    0.000494   10.066989 v _10577_/C (sky130_fd_sc_hd__or4_4)
     2    0.007386    0.166313    1.008962   11.075952 v _10577_/X (sky130_fd_sc_hd__or4_4)
                                                         _03193_ (net)
                      0.166313    0.000206   11.076158 v _10717_/A1 (sky130_fd_sc_hd__a211o_4)
     3    0.012760    0.097503    0.638972   11.715129 v _10717_/X (sky130_fd_sc_hd__a211o_4)
                                                         _03346_ (net)
                      0.097503    0.000343   11.715471 v _10720_/B1 (sky130_fd_sc_hd__o211a_1)
     3    0.010002    0.134097    0.300660   12.016131 v _10720_/X (sky130_fd_sc_hd__o211a_1)
                                                         _03350_ (net)
                      0.134097    0.000218   12.016350 v _10722_/C1 (sky130_fd_sc_hd__a211o_1)
     4    0.012374    0.171638    0.549694   12.566044 v _10722_/X (sky130_fd_sc_hd__a211o_1)
                                                         _03352_ (net)
                      0.171638    0.000251   12.566295 v _10724_/C (sky130_fd_sc_hd__and4_1)
     2    0.004144    0.084870    0.443197   13.009492 v _10724_/X (sky130_fd_sc_hd__and4_1)
                                                         _03354_ (net)
                      0.084870    0.000111   13.009603 v _10887_/B1 (sky130_fd_sc_hd__a21oi_1)
     3    0.008941    0.352439    0.333829   13.343431 ^ _10887_/Y (sky130_fd_sc_hd__a21oi_1)
                                                         _03532_ (net)
                      0.352439    0.000242   13.343673 ^ _11049_/A2 (sky130_fd_sc_hd__o21ba_1)
     3    0.010556    0.181151    0.398918   13.742592 ^ _11049_/X (sky130_fd_sc_hd__o21ba_1)
                                                         _03710_ (net)
                      0.181151    0.000361   13.742952 ^ _11050_/B (sky130_fd_sc_hd__nor2_1)
     3    0.008402    0.123316    0.155907   13.898859 v _11050_/Y (sky130_fd_sc_hd__nor2_1)
                                                         _03711_ (net)
                      0.123316    0.000263   13.899122 v _11334_/A1 (sky130_fd_sc_hd__a21oi_1)
     2    0.009581    0.371969    0.383612   14.282735 ^ _11334_/Y (sky130_fd_sc_hd__a21oi_1)
                                                         _04021_ (net)
                      0.371969    0.000252   14.282987 ^ _11335_/B (sky130_fd_sc_hd__xor2_1)
     1    0.003135    0.135561    0.234159   14.517146 v _11335_/X (sky130_fd_sc_hd__xor2_1)
                                                         _00013_ (net)
                      0.135561    0.000100   14.517246 v _13678_/D (sky130_fd_sc_hd__dfrtp_1)
                                             14.517246   data arrival time

                                 15.000000   15.000000   clock clk (rise edge)
                                  0.000000   15.000000   clock source latency
     1    0.050594    0.363095    0.258083   15.258083 ^ clk (in)
                                                         clk (net)
                      0.363560    0.000000   15.258083 ^ clkbuf_0_clk/A (sky130_fd_sc_hd__clkbuf_16)
     8    0.161004    0.263137    0.506523   15.764606 ^ clkbuf_0_clk/X (sky130_fd_sc_hd__clkbuf_16)
                                                         clknet_0_clk (net)
                      0.263474    0.008367   15.772973 ^ clkbuf_3_2__f_clk/A (sky130_fd_sc_hd__clkbuf_16)
    10    0.038118    0.092712    0.332619   16.105593 ^ clkbuf_3_2__f_clk/X (sky130_fd_sc_hd__clkbuf_16)
                                                         clknet_3_2__leaf_clk (net)
                      0.092949    0.004043   16.109634 ^ _13678_/CLK (sky130_fd_sc_hd__dfrtp_1)
                                 -0.250000   15.859636   clock uncertainty
                                  0.000000   15.859636   clock reconvergence pessimism
                                 -0.297780   15.561856   library setup time
                                             15.561856   data required time
---------------------------------------------------------------------------------------------
                                             15.561856   data required time
                                            -14.517246   data arrival time
---------------------------------------------------------------------------------------------
                                              1.044610   slack (MET)


Startpoint: x0[0] (input port clocked by clk)
Endpoint: _13643_ (rising edge-triggered flip-flop clocked by clk)
Path Group: clk
Path Type: max

Fanout         Cap        Slew       Delay        Time   Description
---------------------------------------------------------------------------------------------
                                  0.000000    0.000000   clock clk (rise edge)
                                  0.000000    0.000000   clock network delay (propagated)
                                  3.000000    3.000000 v input external delay
     1    0.002738    0.018222    0.009037    3.009037 v x0[0] (in)
                                                         x0[0] (net)
                      0.018222    0.000000    3.009037 v input130/A (sky130_fd_sc_hd__clkbuf_2)
     2    0.034476    0.242941    0.312382    3.321419 v input130/X (sky130_fd_sc_hd__clkbuf_2)
                                                         net130 (net)
                      0.243087    0.003550    3.324969 v fanout653/A (sky130_fd_sc_hd__clkbuf_4)
     6    0.070394    0.254665    0.496324    3.821293 v fanout653/X (sky130_fd_sc_hd__clkbuf_4)
                                                         net653 (net)
                      0.254712    0.003385    3.824678 v fanout652/A (sky130_fd_sc_hd__buf_4)
    10    0.073180    0.180518    0.456254    4.280932 v fanout652/X (sky130_fd_sc_hd__buf_4)
                                                         net652 (net)
                      0.180530    0.001685    4.282618 v _12718_/A (sky130_fd_sc_hd__and3_1)
     4    0.020117    0.208510    0.477532    4.760150 v _12718_/X (sky130_fd_sc_hd__and3_1)
                                                         _05528_ (net)
                      0.208510    0.000328    4.760478 v _12721_/C (sky130_fd_sc_hd__or4_1)
     3    0.014900    0.310428    1.349491    6.109969 v _12721_/X (sky130_fd_sc_hd__or4_1)
                                                         _05531_ (net)
                      0.310428    0.000665    6.110633 v _12723_/A2 (sky130_fd_sc_hd__a21o_1)
     3    0.008242    0.102861    0.457026    6.567659 v _12723_/X (sky130_fd_sc_hd__a21o_1)
                                                         _05533_ (net)
                      0.102861    0.000101    6.567760 v _12725_/A2 (sky130_fd_sc_hd__a21o_1)
     2    0.009682    0.114041    0.385059    6.952819 v _12725_/X (sky130_fd_sc_hd__a21o_1)
                                                         _05535_ (net)
                      0.114041    0.000288    6.953107 v _12728_/A2 (sky130_fd_sc_hd__a21o_1)
     3    0.008708    0.106206    0.382282    7.335389 v _12728_/X (sky130_fd_sc_hd__a21o_1)
                                                         _05539_ (net)
                      0.106206    0.000191    7.335580 v _12730_/A2 (sky130_fd_sc_hd__a21o_1)
     2    0.013356    0.141333    0.414500    7.750080 v _12730_/X (sky130_fd_sc_hd__a21o_1)
                                                         _05541_ (net)
                      0.141333    0.000614    7.750694 v _12732_/A2 (sky130_fd_sc_hd__a211o_1)
     3    0.009987    0.149056    0.640866    8.391560 v _12732_/X (sky130_fd_sc_hd__a211o_1)
                                                         _05543_ (net)
                      0.149056    0.000306    8.391865 v _12734_/A2 (sky130_fd_sc_hd__a21o_1)
     2    0.009884    0.115638    0.405977    8.797843 v _12734_/X (sky130_fd_sc_hd__a21o_1)
                                                         _05545_ (net)
                      0.115638    0.000273    8.798116 v _12735_/C1 (sky130_fd_sc_hd__o211a_1)
     3    0.009617    0.130722    0.277153    9.075269 v _12735_/X (sky130_fd_sc_hd__o211a_1)
                                                         _05546_ (net)
                      0.130722    0.000296    9.075564 v _12737_/B (sky130_fd_sc_hd__nor3_1)
     2    0.012464    0.677700    0.643195    9.718760 ^ _12737_/Y (sky130_fd_sc_hd__nor3_1)
                                                         _05548_ (net)
                      0.677700    0.000603    9.719362 ^ _12739_/B1 (sky130_fd_sc_hd__a211oi_1)
     3    0.010762    0.221032    0.364380   10.083742 v _12739_/Y (sky130_fd_sc_hd__a211oi_1)
                                                         _05550_ (net)
                      0.221032    0.000476   10.084218 v _12741_/B (sky130_fd_sc_hd__nor3_1)
     2    0.014936    0.788004    0.759814   10.844032 ^ _12741_/Y (sky130_fd_sc_hd__nor3_1)
                                                         _05552_ (net)
                      0.788004    0.000683   10.844716 ^ _12744_/A1 (sky130_fd_sc_hd__o211ai_2)
     3    0.008222    0.208684    0.435300   11.280015 v _12744_/Y (sky130_fd_sc_hd__o211ai_2)
                                                         _05555_ (net)
                      0.208684    0.000195   11.280210 v _12746_/A2 (sky130_fd_sc_hd__a21o_1)
     2    0.005972    0.084872    0.400898   11.681108 v _12746_/X (sky130_fd_sc_hd__a21o_1)
                                                         _05557_ (net)
                      0.084872    0.000102   11.681211 v _12747_/C1 (sky130_fd_sc_hd__o211a_1)
     3    0.011157    0.144640    0.274945   11.956157 v _12747_/X (sky130_fd_sc_hd__o211a_1)
                                                         _05558_ (net)
                      0.144640    0.000241   11.956397 v _12750_/B (sky130_fd_sc_hd__or3_1)
     4    0.009191    0.201247    0.913153   12.869551 v _12750_/X (sky130_fd_sc_hd__or3_1)
                                                         _05562_ (net)
                      0.201247    0.000131   12.869680 v _12752_/B (sky130_fd_sc_hd__and3_1)
     3    0.008588    0.117829    0.447936   13.317616 v _12752_/X (sky130_fd_sc_hd__and3_1)
                                                         _05564_ (net)
                      0.117829    0.000126   13.317743 v _12754_/A (sky130_fd_sc_hd__or2_1)
     3    0.006773    0.131106    0.559943   13.877687 v _12754_/X (sky130_fd_sc_hd__or2_1)
                                                         _05566_ (net)
                      0.131106    0.000128   13.877814 v _12756_/A (sky130_fd_sc_hd__nor2_1)
     3    0.007872    0.267635    0.296536   14.174350 ^ _12756_/Y (sky130_fd_sc_hd__nor2_1)
                                                         _05568_ (net)
                      0.267635    0.000167   14.174517 ^ _12905_/B (sky130_fd_sc_hd__nor2_1)
     1    0.005554    0.086591    0.166253   14.340770 v _12905_/Y (sky130_fd_sc_hd__nor2_1)
                                                         _05731_ (net)
                      0.086591    0.000171   14.340941 v _12906_/B (sky130_fd_sc_hd__xnor2_1)
     1    0.002311    0.093622    0.203511   14.544453 v _12906_/Y (sky130_fd_sc_hd__xnor2_1)
                                                         _00039_ (net)
                      0.093622    0.000065   14.544518 v _13643_/D (sky130_fd_sc_hd__dfrtp_1)
                                             14.544518   data arrival time

                                 15.000000   15.000000   clock clk (rise edge)
                                  0.000000   15.000000   clock source latency
     1    0.050594    0.363095    0.258083   15.258083 ^ clk (in)
                                                         clk (net)
                      0.363560    0.000000   15.258083 ^ clkbuf_0_clk/A (sky130_fd_sc_hd__clkbuf_16)
     8    0.161004    0.263137    0.506523   15.764606 ^ clkbuf_0_clk/X (sky130_fd_sc_hd__clkbuf_16)
                                                         clknet_0_clk (net)
                      0.263237    0.004894   15.769500 ^ clkbuf_3_4__f_clk/A (sky130_fd_sc_hd__clkbuf_16)
     7    0.049260    0.106677    0.346830   16.116329 ^ clkbuf_3_4__f_clk/X (sky130_fd_sc_hd__clkbuf_16)
                                                         clknet_3_4__leaf_clk (net)
                      0.106726    0.002002   16.118332 ^ _13643_/CLK (sky130_fd_sc_hd__dfrtp_1)
                                 -0.250000   15.868333   clock uncertainty
                                  0.000000   15.868333   clock reconvergence pessimism
                                 -0.276622   15.591711   library setup time
                                             15.591711   data required time
---------------------------------------------------------------------------------------------
                                             15.591711   data required time
                                            -14.544518   data arrival time
---------------------------------------------------------------------------------------------
                                              1.047194   slack (MET)


Startpoint: x0[4] (input port clocked by clk)
Endpoint: _13660_ (rising edge-triggered flip-flop clocked by clk)
Path Group: clk
Path Type: max

Fanout         Cap        Slew       Delay        Time   Description
---------------------------------------------------------------------------------------------
                                  0.000000    0.000000   clock clk (rise edge)
                                  0.000000    0.000000   clock network delay (propagated)
                                  3.000000    3.000000 ^ input external delay
     1    0.002769    0.032050    0.015627    3.015627 ^ x0[4] (in)
                                                         x0[4] (net)
                      0.032050    0.000000    3.015627 ^ input134/A (sky130_fd_sc_hd__buf_1)
     1    0.013181    0.258685    0.268088    3.283715 ^ input134/X (sky130_fd_sc_hd__buf_1)
                                                         net134 (net)
                      0.258687    0.000679    3.284394 ^ fanout626/A (sky130_fd_sc_hd__buf_4)
     7    0.089709    0.395407    0.531063    3.815457 ^ fanout626/X (sky130_fd_sc_hd__buf_4)
                                                         net626 (net)
                      0.395476    0.005123    3.820580 ^ fanout625/A (sky130_fd_sc_hd__buf_2)
     7    0.037390    0.296372    0.498513    4.319093 ^ fanout625/X (sky130_fd_sc_hd__buf_2)
                                                         net625 (net)
                      0.296372    0.000916    4.320009 ^ fanout624/A (sky130_fd_sc_hd__clkbuf_4)
    10    0.054264    0.267645    0.494441    4.814450 ^ fanout624/X (sky130_fd_sc_hd__clkbuf_4)
                                                         net624 (net)
                      0.267645    0.000646    4.815096 ^ _08850_/B (sky130_fd_sc_hd__and4_1)
     2    0.004497    0.125147    0.459238    5.274333 ^ _08850_/X (sky130_fd_sc_hd__and4_1)
                                                         _01316_ (net)
                      0.125147    0.000104    5.274437 ^ _08852_/A_N (sky130_fd_sc_hd__and2b_1)
     1    0.005186    0.085497    0.401248    5.675685 v _08852_/X (sky130_fd_sc_hd__and2b_1)
                                                         _01318_ (net)
                      0.085497    0.000113    5.675798 v _08853_/B (sky130_fd_sc_hd__xnor2_1)
     3    0.012220    0.492308    0.453428    6.129226 ^ _08853_/Y (sky130_fd_sc_hd__xnor2_1)
                                                         _01319_ (net)
                      0.492308    0.000314    6.129539 ^ _08862_/A (sky130_fd_sc_hd__nand3_2)
     3    0.008105    0.195501    0.296906    6.426445 v _08862_/Y (sky130_fd_sc_hd__nand3_2)
                                                         _01328_ (net)
                      0.195501    0.000125    6.426570 v _08865_/B (sky130_fd_sc_hd__and3_1)
     2    0.007145    0.105930    0.432947    6.859517 v _08865_/X (sky130_fd_sc_hd__and3_1)
                                                         _01331_ (net)
                      0.105930    0.000180    6.859697 v _08868_/A (sky130_fd_sc_hd__or3_4)
     4    0.020999    0.166413    0.846165    7.705863 v _08868_/X (sky130_fd_sc_hd__or3_4)
                                                         _01334_ (net)
                      0.166414    0.000868    7.706730 v _08871_/A (sky130_fd_sc_hd__and3_4)
     4    0.022475    0.095907    0.360876    8.067606 v _08871_/X (sky130_fd_sc_hd__and3_4)
                                                         _01337_ (net)
                      0.095909    0.000562    8.068169 v _08874_/A1 (sky130_fd_sc_hd__o21a_4)
     2    0.013356    0.079216    0.428474    8.496643 v _08874_/X (sky130_fd_sc_hd__o21a_4)
                                                         _01340_ (net)
                      0.079216    0.000290    8.496933 v _08876_/A2 (sky130_fd_sc_hd__o211a_1)
     3    0.009468    0.129357    0.441096    8.938029 v _08876_/X (sky130_fd_sc_hd__o211a_1)
                                                         _01342_ (net)
                      0.129357    0.000277    8.938307 v _08878_/A (sky130_fd_sc_hd__or3_4)
     2    0.007274    0.128312    0.788478    9.726784 v _08878_/X (sky130_fd_sc_hd__or3_4)
                                                         _01345_ (net)
                      0.128312    0.000195    9.726979 v _08880_/B1 (sky130_fd_sc_hd__o211a_4)
     4    0.014948    0.089227    0.304414   10.031394 v _08880_/X (sky130_fd_sc_hd__o211a_4)
                                                         _01347_ (net)
                      0.089303    0.000478   10.031872 v _08884_/B (sky130_fd_sc_hd__or4_4)
     2    0.010221    0.174710    1.054015   11.085886 v _08884_/X (sky130_fd_sc_hd__or4_4)
                                                         _01351_ (net)
                      0.174710    0.000254   11.086141 v _09024_/A1 (sky130_fd_sc_hd__a211o_4)
     4    0.013584    0.099452    0.645596   11.731736 v _09024_/X (sky130_fd_sc_hd__a211o_4)
                                                         _01504_ (net)
                      0.099452    0.000266   11.732002 v _09027_/A2 (sky130_fd_sc_hd__a211o_1)
     2    0.007754    0.128765    0.602313   12.334315 v _09027_/X (sky130_fd_sc_hd__a211o_1)
                                                         _01507_ (net)
                      0.128765    0.000155   12.334470 v _09029_/A1 (sky130_fd_sc_hd__a211o_1)
     2    0.007841    0.129618    0.561507   12.895977 v _09029_/X (sky130_fd_sc_hd__a211o_1)
                                                         _01510_ (net)
                      0.129618    0.000212   12.896190 v _09030_/D (sky130_fd_sc_hd__and4bb_1)
     2    0.005868    0.101627    0.463284   13.359473 v _09030_/X (sky130_fd_sc_hd__and4bb_1)
                                                         _01511_ (net)
                      0.101627    0.000134   13.359607 v _09191_/B1 (sky130_fd_sc_hd__a21o_1)
     2    0.016287    0.161880    0.391760   13.751368 v _09191_/X (sky130_fd_sc_hd__a21o_1)
                                                         _01686_ (net)
                      0.161881    0.000717   13.752085 v _09351_/A1 (sky130_fd_sc_hd__a21oi_4)
     4    0.018825    0.276383    0.335600   14.087685 ^ _09351_/Y (sky130_fd_sc_hd__a21oi_4)
                                                         _01861_ (net)
                      0.276383    0.000603   14.088287 ^ _09502_/A2 (sky130_fd_sc_hd__o21bai_1)
     1    0.004762    0.131533    0.216294   14.304581 v _09502_/Y (sky130_fd_sc_hd__o21bai_1)
                                                         _02025_ (net)
                      0.131534    0.000139   14.304721 v _09503_/B (sky130_fd_sc_hd__xnor2_1)
     1    0.002705    0.089808    0.229592   14.534313 v _09503_/Y (sky130_fd_sc_hd__xnor2_1)
                                                         _00067_ (net)
                      0.089808    0.000080   14.534392 v _13660_/D (sky130_fd_sc_hd__dfrtp_1)
                                             14.534392   data arrival time

                                 15.000000   15.000000   clock clk (rise edge)
                                  0.000000   15.000000   clock source latency
     1    0.050594    0.363095    0.258083   15.258083 ^ clk (in)
                                                         clk (net)
                      0.363560    0.000000   15.258083 ^ clkbuf_0_clk/A (sky130_fd_sc_hd__clkbuf_16)
     8    0.161004    0.263137    0.506523   15.764606 ^ clkbuf_0_clk/X (sky130_fd_sc_hd__clkbuf_16)
                                                         clknet_0_clk (net)
                      0.263320    0.006368   15.770974 ^ clkbuf_3_7__f_clk/A (sky130_fd_sc_hd__clkbuf_16)
    10    0.045622    0.101783    0.342633   16.113607 ^ clkbuf_3_7__f_clk/X (sky130_fd_sc_hd__clkbuf_16)
                                                         clknet_3_7__leaf_clk (net)
                      0.101863    0.002427   16.116034 ^ _13660_/CLK (sky130_fd_sc_hd__dfrtp_1)
                                 -0.250000   15.866035   clock uncertainty
                                  0.000000   15.866035   clock reconvergence pessimism
                                 -0.276329   15.589705   library setup time
                                             15.589705   data required time
---------------------------------------------------------------------------------------------
                                             15.589705   data required time
                                            -14.534392   data arrival time
---------------------------------------------------------------------------------------------
                                              1.055311   slack (MET)


Startpoint: x0[0] (input port clocked by clk)
Endpoint: _13677_ (rising edge-triggered flip-flop clocked by clk)
Path Group: clk
Path Type: max

Fanout         Cap        Slew       Delay        Time   Description
---------------------------------------------------------------------------------------------
                                  0.000000    0.000000   clock clk (rise edge)
                                  0.000000    0.000000   clock network delay (propagated)
                                  3.000000    3.000000 ^ input external delay
     1    0.002923    0.033065    0.016438    3.016438 ^ x0[0] (in)
                                                         x0[0] (net)
                      0.033065    0.000000    3.016438 ^ input130/A (sky130_fd_sc_hd__clkbuf_2)
     2    0.034881    0.300022    0.338654    3.355092 ^ input130/X (sky130_fd_sc_hd__clkbuf_2)
                                                         net130 (net)
                      0.300045    0.002198    3.357290 ^ fanout658/A (sky130_fd_sc_hd__buf_4)
     6    0.046360    0.215434    0.417713    3.775003 ^ fanout658/X (sky130_fd_sc_hd__buf_4)
                                                         net658 (net)
                      0.215434    0.000751    3.775755 ^ fanout655/A (sky130_fd_sc_hd__buf_6)
    10    0.060556    0.200315    0.343227    4.118982 ^ fanout655/X (sky130_fd_sc_hd__buf_6)
                                                         net655 (net)
                      0.200424    0.000939    4.119921 ^ fanout654/A (sky130_fd_sc_hd__clkbuf_4)
    10    0.050315    0.249638    0.440326    4.560247 ^ fanout654/X (sky130_fd_sc_hd__clkbuf_4)
                                                         net654 (net)
                      0.249642    0.001423    4.561670 ^ _10393_/A (sky130_fd_sc_hd__nand4_1)
     3    0.009303    0.346110    0.373639    4.935309 v _10393_/Y (sky130_fd_sc_hd__nand4_1)
                                                         _02992_ (net)
                      0.346110    0.000220    4.935530 v _10403_/A1 (sky130_fd_sc_hd__a21o_1)
     2    0.005725    0.083224    0.424456    5.359985 v _10403_/X (sky130_fd_sc_hd__a21o_1)
                                                         _03003_ (net)
                      0.083224    0.000129    5.360114 v _10404_/C (sky130_fd_sc_hd__and3_1)
     3    0.006513    0.100869    0.400591    5.760705 v _10404_/X (sky130_fd_sc_hd__and3_1)
                                                         _03004_ (net)
                      0.100869    0.000103    5.760808 v _10407_/A (sky130_fd_sc_hd__or3_1)
     2    0.006340    0.172864    0.907761    6.668569 v _10407_/X (sky130_fd_sc_hd__or3_1)
                                                         _03007_ (net)
                      0.172864    0.000102    6.668670 v _10417_/A1 (sky130_fd_sc_hd__a21o_1)
     3    0.008250    0.102548    0.373747    7.042417 v _10417_/X (sky130_fd_sc_hd__a21o_1)
                                                         _03018_ (net)
                      0.102548    0.000196    7.042613 v _10419_/A2 (sky130_fd_sc_hd__a21bo_1)
     2    0.004829    0.079254    0.370090    7.412703 v _10419_/X (sky130_fd_sc_hd__a21bo_1)
                                                         _03021_ (net)
                      0.079254    0.000102    7.412805 v _10420_/C (sky130_fd_sc_hd__and3_1)
     4    0.013693    0.156655    0.458244    7.871049 v _10420_/X (sky130_fd_sc_hd__and3_1)
                                                         _03022_ (net)
                      0.156655    0.000457    7.871505 v _10424_/B (sky130_fd_sc_hd__or3_4)
     2    0.007071    0.127709    0.763240    8.634746 v _10424_/X (sky130_fd_sc_hd__or3_4)
                                                         _03026_ (net)
                      0.127709    0.000168    8.634913 v _10569_/C1 (sky130_fd_sc_hd__o211a_1)
     3    0.007898    0.115446    0.269220    8.904134 v _10569_/X (sky130_fd_sc_hd__o211a_1)
                                                         _03185_ (net)
                      0.115446    0.000154    8.904287 v _10571_/C (sky130_fd_sc_hd__or3_1)
     2    0.006340    0.172389    0.786853    9.691140 v _10571_/X (sky130_fd_sc_hd__or3_1)
                                                         _03187_ (net)
                      0.172389    0.000146    9.691286 v _10573_/B1 (sky130_fd_sc_hd__o211a_1)
     4    0.014857    0.171253    0.375209   10.066496 v _10573_/X (sky130_fd_sc_hd__o211a_1)
                                                         _03189_ (net)
                      0.171253    0.000494   10.066989 v _10577_/C (sky130_fd_sc_hd__or4_4)
     2    0.007386    0.166313    1.008962   11.075952 v _10577_/X (sky130_fd_sc_hd__or4_4)
                                                         _03193_ (net)
                      0.166313    0.000206   11.076158 v _10717_/A1 (sky130_fd_sc_hd__a211o_4)
     3    0.012760    0.097503    0.638972   11.715129 v _10717_/X (sky130_fd_sc_hd__a211o_4)
                                                         _03346_ (net)
                      0.097503    0.000343   11.715471 v _10720_/B1 (sky130_fd_sc_hd__o211a_1)
     3    0.010002    0.134097    0.300660   12.016131 v _10720_/X (sky130_fd_sc_hd__o211a_1)
                                                         _03350_ (net)
                      0.134097    0.000218   12.016350 v _10722_/C1 (sky130_fd_sc_hd__a211o_1)
     4    0.012374    0.171638    0.549694   12.566044 v _10722_/X (sky130_fd_sc_hd__a211o_1)
                                                         _03352_ (net)
                      0.171638    0.000251   12.566295 v _10724_/C (sky130_fd_sc_hd__and4_1)
     2    0.004144    0.084870    0.443197   13.009492 v _10724_/X (sky130_fd_sc_hd__and4_1)
                                                         _03354_ (net)
                      0.084870    0.000111   13.009603 v _10887_/B1 (sky130_fd_sc_hd__a21oi_1)
     3    0.008941    0.352439    0.333829   13.343431 ^ _10887_/Y (sky130_fd_sc_hd__a21oi_1)
                                                         _03532_ (net)
                      0.352439    0.000242   13.343673 ^ _11049_/A2 (sky130_fd_sc_hd__o21ba_1)
     3    0.010556    0.181151    0.398918   13.742592 ^ _11049_/X (sky130_fd_sc_hd__o21ba_1)
                                                         _03710_ (net)
                      0.181151    0.000361   13.742952 ^ _11050_/B (sky130_fd_sc_hd__nor2_1)
     3    0.008402    0.123316    0.155907   13.898859 v _11050_/Y (sky130_fd_sc_hd__nor2_1)
                                                         _03711_ (net)
                      0.123316    0.000220   13.899079 v _11197_/B1_N (sky130_fd_sc_hd__o21ba_1)
     1    0.004730    0.100661    0.465854   14.364934 ^ _11197_/X (sky130_fd_sc_hd__o21ba_1)
                                                         _03871_ (net)
                      0.100661    0.000092   14.365026 ^ _11198_/B (sky130_fd_sc_hd__xnor2_1)
     1    0.002639    0.088749    0.126195   14.491221 v _11198_/Y (sky130_fd_sc_hd__xnor2_1)
                                                         _00025_ (net)
                      0.088749    0.000076   14.491298 v _13677_/D (sky130_fd_sc_hd__dfrtp_1)
                                             14.491298   data arrival time

                                 15.000000   15.000000   clock clk (rise edge)
                                  0.000000   15.000000   clock source latency
     1    0.050594    0.363095    0.258083   15.258083 ^ clk (in)
                                                         clk (net)
                      0.363560    0.000000   15.258083 ^ clkbuf_0_clk/A (sky130_fd_sc_hd__clkbuf_16)
     8    0.161004    0.263137    0.506523   15.764606 ^ clkbuf_0_clk/X (sky130_fd_sc_hd__clkbuf_16)
                                                         clknet_0_clk (net)
                      0.263474    0.008367   15.772973 ^ clkbuf_3_2__f_clk/A (sky130_fd_sc_hd__clkbuf_16)
    10    0.038118    0.092712    0.332619   16.105593 ^ clkbuf_3_2__f_clk/X (sky130_fd_sc_hd__clkbuf_16)
                                                         clknet_3_2__leaf_clk (net)
                      0.092940    0.003979   16.109571 ^ _13677_/CLK (sky130_fd_sc_hd__dfrtp_1)
                                 -0.250000   15.859571   clock uncertainty
                                  0.000000   15.859571   clock reconvergence pessimism
                                 -0.278267   15.581306   library setup time
                                             15.581306   data required time
---------------------------------------------------------------------------------------------
                                             15.581306   data required time
                                            -14.491298   data arrival time
---------------------------------------------------------------------------------------------
                                              1.090008   slack (MET)


Startpoint: x0[4] (input port clocked by clk)
Endpoint: _13659_ (rising edge-triggered flip-flop clocked by clk)
Path Group: clk
Path Type: max

Fanout         Cap        Slew       Delay        Time   Description
---------------------------------------------------------------------------------------------
                                  0.000000    0.000000   clock clk (rise edge)
                                  0.000000    0.000000   clock network delay (propagated)
                                  3.000000    3.000000 ^ input external delay
     1    0.002769    0.032050    0.015627    3.015627 ^ x0[4] (in)
                                                         x0[4] (net)
                      0.032050    0.000000    3.015627 ^ input134/A (sky130_fd_sc_hd__buf_1)
     1    0.013181    0.258685    0.268088    3.283715 ^ input134/X (sky130_fd_sc_hd__buf_1)
                                                         net134 (net)
                      0.258687    0.000679    3.284394 ^ fanout626/A (sky130_fd_sc_hd__buf_4)
     7    0.089709    0.395407    0.531063    3.815457 ^ fanout626/X (sky130_fd_sc_hd__buf_4)
                                                         net626 (net)
                      0.395476    0.005123    3.820580 ^ fanout625/A (sky130_fd_sc_hd__buf_2)
     7    0.037390    0.296372    0.498513    4.319093 ^ fanout625/X (sky130_fd_sc_hd__buf_2)
                                                         net625 (net)
                      0.296372    0.000916    4.320009 ^ fanout624/A (sky130_fd_sc_hd__clkbuf_4)
    10    0.054264    0.267645    0.494441    4.814450 ^ fanout624/X (sky130_fd_sc_hd__clkbuf_4)
                                                         net624 (net)
                      0.267645    0.000646    4.815096 ^ _08850_/B (sky130_fd_sc_hd__and4_1)
     2    0.004497    0.125147    0.459238    5.274333 ^ _08850_/X (sky130_fd_sc_hd__and4_1)
                                                         _01316_ (net)
                      0.125147    0.000104    5.274437 ^ _08852_/A_N (sky130_fd_sc_hd__and2b_1)
     1    0.005186    0.085497    0.401248    5.675685 v _08852_/X (sky130_fd_sc_hd__and2b_1)
                                                         _01318_ (net)
                      0.085497    0.000113    5.675798 v _08853_/B (sky130_fd_sc_hd__xnor2_1)
     3    0.012220    0.492308    0.453428    6.129226 ^ _08853_/Y (sky130_fd_sc_hd__xnor2_1)
                                                         _01319_ (net)
                      0.492308    0.000314    6.129539 ^ _08862_/A (sky130_fd_sc_hd__nand3_2)
     3    0.008105    0.195501    0.296906    6.426445 v _08862_/Y (sky130_fd_sc_hd__nand3_2)
                                                         _01328_ (net)
                      0.195501    0.000125    6.426570 v _08865_/B (sky130_fd_sc_hd__and3_1)
     2    0.007145    0.105930    0.432947    6.859517 v _08865_/X (sky130_fd_sc_hd__and3_1)
                                                         _01331_ (net)
                      0.105930    0.000180    6.859697 v _08868_/A (sky130_fd_sc_hd__or3_4)
     4    0.020999    0.166413    0.846165    7.705863 v _08868_/X (sky130_fd_sc_hd__or3_4)
                                                         _01334_ (net)
                      0.166413    0.000636    7.706499 v _09012_/A2 (sky130_fd_sc_hd__a211o_1)
     3    0.009532    0.144639    0.646389    8.352887 v _09012_/X (sky130_fd_sc_hd__a211o_1)
                                                         _01491_ (net)
                      0.144639    0.000273    8.353160 v _09171_/B1_N (sky130_fd_sc_hd__a21bo_1)
     2    0.007925    0.124853    0.419084    8.772244 ^ _09171_/X (sky130_fd_sc_hd__a21bo_1)
                                                         _01664_ (net)
                      0.124853    0.000210    8.772455 ^ _09173_/B (sky130_fd_sc_hd__xor2_1)
     2    0.008423    0.191686    0.202416    8.974871 v _09173_/X (sky130_fd_sc_hd__xor2_1)
                                                         _01666_ (net)
                      0.191686    0.000210    8.975080 v _09174_/B (sky130_fd_sc_hd__or2_1)
     2    0.006325    0.127910    0.547670    9.522751 v _09174_/X (sky130_fd_sc_hd__or2_1)
                                                         _01667_ (net)
                      0.127910    0.000152    9.522902 v _09335_/A2 (sky130_fd_sc_hd__a211oi_1)
     3    0.010837    0.673080    0.702396   10.225299 ^ _09335_/Y (sky130_fd_sc_hd__a211oi_1)
                                                         _01843_ (net)
                      0.673080    0.000419   10.225718 ^ _09338_/A1 (sky130_fd_sc_hd__o21ai_1)
     2    0.010145    0.239635    0.446921   10.672639 v _09338_/Y (sky130_fd_sc_hd__o21ai_1)
                                                         _01847_ (net)
                      0.239635    0.000318   10.672957 v _09340_/A2 (sky130_fd_sc_hd__a211o_1)
     3    0.009757    0.146902    0.676947   11.349903 v _09340_/X (sky130_fd_sc_hd__a211o_1)
                                                         _01849_ (net)
                      0.146902    0.000257   11.350161 v _09342_/A2 (sky130_fd_sc_hd__a21o_1)
     2    0.006455    0.088611    0.378724   11.728884 v _09342_/X (sky130_fd_sc_hd__a21o_1)
                                                         _01851_ (net)
                      0.088611    0.000162   11.729046 v _09343_/C1 (sky130_fd_sc_hd__o211a_1)
     3    0.012973    0.161475    0.291067   12.020112 v _09343_/X (sky130_fd_sc_hd__o211a_1)
                                                         _01852_ (net)
                      0.161475    0.000362   12.020474 v _09346_/B (sky130_fd_sc_hd__or3_1)
     4    0.010352    0.214400    0.934897   12.955371 v _09346_/X (sky130_fd_sc_hd__or3_1)
                                                         _01855_ (net)
                      0.214400    0.000242   12.955614 v _09348_/B (sky130_fd_sc_hd__and3_1)
     3    0.007136    0.105865    0.442238   13.397852 v _09348_/X (sky130_fd_sc_hd__and3_1)
                                                         _01858_ (net)
                      0.105865    0.000182   13.398034 v _09350_/A (sky130_fd_sc_hd__or2_1)
     4    0.014563    0.194884    0.629791   14.027825 v _09350_/X (sky130_fd_sc_hd__or2_1)
                                                         _01860_ (net)
                      0.194884    0.000332   14.028157 v _09352_/A (sky130_fd_sc_hd__xor2_1)
     1    0.003283    0.116224    0.348859   14.377016 v _09352_/X (sky130_fd_sc_hd__xor2_1)
                                                         _00066_ (net)
                      0.116224    0.000104   14.377120 v _13659_/D (sky130_fd_sc_hd__dfrtp_1)
                                             14.377120   data arrival time

                                 15.000000   15.000000   clock clk (rise edge)
                                  0.000000   15.000000   clock source latency
     1    0.050594    0.363095    0.258083   15.258083 ^ clk (in)
                                                         clk (net)
                      0.363560    0.000000   15.258083 ^ clkbuf_0_clk/A (sky130_fd_sc_hd__clkbuf_16)
     8    0.161004    0.263137    0.506523   15.764606 ^ clkbuf_0_clk/X (sky130_fd_sc_hd__clkbuf_16)
                                                         clknet_0_clk (net)
                      0.263320    0.006368   15.770974 ^ clkbuf_3_7__f_clk/A (sky130_fd_sc_hd__clkbuf_16)
    10    0.045622    0.101783    0.342633   16.113607 ^ clkbuf_3_7__f_clk/X (sky130_fd_sc_hd__clkbuf_16)
                                                         clknet_3_7__leaf_clk (net)
                      0.101859    0.002379   16.115986 ^ _13659_/CLK (sky130_fd_sc_hd__dfrtp_1)
                                 -0.250000   15.865986   clock uncertainty
                                  0.000000   15.865986   clock reconvergence pessimism
                                 -0.287341   15.578647   library setup time
                                             15.578647   data required time
---------------------------------------------------------------------------------------------
                                             15.578647   data required time
                                            -14.377120   data arrival time
---------------------------------------------------------------------------------------------
                                              1.201526   slack (MET)


Startpoint: x0[0] (input port clocked by clk)
Endpoint: _13642_ (rising edge-triggered flip-flop clocked by clk)
Path Group: clk
Path Type: max

Fanout         Cap        Slew       Delay        Time   Description
---------------------------------------------------------------------------------------------
                                  0.000000    0.000000   clock clk (rise edge)
                                  0.000000    0.000000   clock network delay (propagated)
                                  3.000000    3.000000 v input external delay
     1    0.002738    0.018222    0.009037    3.009037 v x0[0] (in)
                                                         x0[0] (net)
                      0.018222    0.000000    3.009037 v input130/A (sky130_fd_sc_hd__clkbuf_2)
     2    0.034476    0.242941    0.312382    3.321419 v input130/X (sky130_fd_sc_hd__clkbuf_2)
                                                         net130 (net)
                      0.243087    0.003550    3.324969 v fanout653/A (sky130_fd_sc_hd__clkbuf_4)
     6    0.070394    0.254665    0.496324    3.821293 v fanout653/X (sky130_fd_sc_hd__clkbuf_4)
                                                         net653 (net)
                      0.254712    0.003385    3.824678 v fanout652/A (sky130_fd_sc_hd__buf_4)
    10    0.073180    0.180518    0.456254    4.280932 v fanout652/X (sky130_fd_sc_hd__buf_4)
                                                         net652 (net)
                      0.180530    0.001685    4.282618 v _12718_/A (sky130_fd_sc_hd__and3_1)
     4    0.020117    0.208510    0.477532    4.760150 v _12718_/X (sky130_fd_sc_hd__and3_1)
                                                         _05528_ (net)
                      0.208510    0.000328    4.760478 v _12721_/C (sky130_fd_sc_hd__or4_1)
     3    0.014900    0.310428    1.349491    6.109969 v _12721_/X (sky130_fd_sc_hd__or4_1)
                                                         _05531_ (net)
                      0.310428    0.000665    6.110633 v _12723_/A2 (sky130_fd_sc_hd__a21o_1)
     3    0.008242    0.102861    0.457026    6.567659 v _12723_/X (sky130_fd_sc_hd__a21o_1)
                                                         _05533_ (net)
                      0.102861    0.000101    6.567760 v _12725_/A2 (sky130_fd_sc_hd__a21o_1)
     2    0.009682    0.114041    0.385059    6.952819 v _12725_/X (sky130_fd_sc_hd__a21o_1)
                                                         _05535_ (net)
                      0.114041    0.000288    6.953107 v _12728_/A2 (sky130_fd_sc_hd__a21o_1)
     3    0.008708    0.106206    0.382282    7.335389 v _12728_/X (sky130_fd_sc_hd__a21o_1)
                                                         _05539_ (net)
                      0.106206    0.000191    7.335580 v _12730_/A2 (sky130_fd_sc_hd__a21o_1)
     2    0.013356    0.141333    0.414500    7.750080 v _12730_/X (sky130_fd_sc_hd__a21o_1)
                                                         _05541_ (net)
                      0.141333    0.000614    7.750694 v _12732_/A2 (sky130_fd_sc_hd__a211o_1)
     3    0.009987    0.149056    0.640866    8.391560 v _12732_/X (sky130_fd_sc_hd__a211o_1)
                                                         _05543_ (net)
                      0.149056    0.000306    8.391865 v _12734_/A2 (sky130_fd_sc_hd__a21o_1)
     2    0.009884    0.115638    0.405977    8.797843 v _12734_/X (sky130_fd_sc_hd__a21o_1)
                                                         _05545_ (net)
                      0.115638    0.000273    8.798116 v _12735_/C1 (sky130_fd_sc_hd__o211a_1)
     3    0.009617    0.130722    0.277153    9.075269 v _12735_/X (sky130_fd_sc_hd__o211a_1)
                                                         _05546_ (net)
                      0.130722    0.000296    9.075564 v _12737_/B (sky130_fd_sc_hd__nor3_1)
     2    0.012464    0.677700    0.643195    9.718760 ^ _12737_/Y (sky130_fd_sc_hd__nor3_1)
                                                         _05548_ (net)
                      0.677700    0.000603    9.719362 ^ _12739_/B1 (sky130_fd_sc_hd__a211oi_1)
     3    0.010762    0.221032    0.364380   10.083742 v _12739_/Y (sky130_fd_sc_hd__a211oi_1)
                                                         _05550_ (net)
                      0.221032    0.000476   10.084218 v _12741_/B (sky130_fd_sc_hd__nor3_1)
     2    0.014936    0.788004    0.759814   10.844032 ^ _12741_/Y (sky130_fd_sc_hd__nor3_1)
                                                         _05552_ (net)
                      0.788004    0.000683   10.844716 ^ _12744_/A1 (sky130_fd_sc_hd__o211ai_2)
     3    0.008222    0.208684    0.435300   11.280015 v _12744_/Y (sky130_fd_sc_hd__o211ai_2)
                                                         _05555_ (net)
                      0.208684    0.000195   11.280210 v _12746_/A2 (sky130_fd_sc_hd__a21o_1)
     2    0.005972    0.084872    0.400898   11.681108 v _12746_/X (sky130_fd_sc_hd__a21o_1)
                                                         _05557_ (net)
                      0.084872    0.000102   11.681211 v _12747_/C1 (sky130_fd_sc_hd__o211a_1)
     3    0.011157    0.144640    0.274945   11.956157 v _12747_/X (sky130_fd_sc_hd__o211a_1)
                                                         _05558_ (net)
                      0.144640    0.000241   11.956397 v _12750_/B (sky130_fd_sc_hd__or3_1)
     4    0.009191    0.201247    0.913153   12.869551 v _12750_/X (sky130_fd_sc_hd__or3_1)
                                                         _05562_ (net)
                      0.201247    0.000131   12.869680 v _12752_/B (sky130_fd_sc_hd__and3_1)
     3    0.008588    0.117829    0.447936   13.317616 v _12752_/X (sky130_fd_sc_hd__and3_1)
                                                         _05564_ (net)
                      0.117829    0.000126   13.317743 v _12754_/A (sky130_fd_sc_hd__or2_1)
     3    0.006773    0.131106    0.559943   13.877687 v _12754_/X (sky130_fd_sc_hd__or2_1)
                                                         _05566_ (net)
                      0.131106    0.000128   13.877814 v _12756_/A (sky130_fd_sc_hd__nor2_1)
     3    0.007872    0.267635    0.296536   14.174350 ^ _12756_/Y (sky130_fd_sc_hd__nor2_1)
                                                         _05568_ (net)
                      0.267635    0.000101   14.174451 ^ _12758_/A (sky130_fd_sc_hd__nor2_1)
     1    0.002156    0.069896    0.150083   14.324534 v _12758_/Y (sky130_fd_sc_hd__nor2_1)
                                                         _00038_ (net)
                      0.069896    0.000041   14.324574 v _13642_/D (sky130_fd_sc_hd__dfrtp_1)
                                             14.324574   data arrival time

                                 15.000000   15.000000   clock clk (rise edge)
                                  0.000000   15.000000   clock source latency
     1    0.050594    0.363095    0.258083   15.258083 ^ clk (in)
                                                         clk (net)
                      0.363560    0.000000   15.258083 ^ clkbuf_0_clk/A (sky130_fd_sc_hd__clkbuf_16)
     8    0.161004    0.263137    0.506523   15.764606 ^ clkbuf_0_clk/X (sky130_fd_sc_hd__clkbuf_16)
                                                         clknet_0_clk (net)
                      0.263391    0.007367   15.771973 ^ clkbuf_3_6__f_clk/A (sky130_fd_sc_hd__clkbuf_16)
    10    0.030774    0.082164    0.323242   16.095215 ^ clkbuf_3_6__f_clk/X (sky130_fd_sc_hd__clkbuf_16)
                                                         clknet_3_6__leaf_clk (net)
                      0.082174    0.000899   16.096113 ^ _13642_/CLK (sky130_fd_sc_hd__dfrtp_1)
                                 -0.250000   15.846114   clock uncertainty
                                  0.000000   15.846114   clock reconvergence pessimism
                                 -0.273277   15.572838   library setup time
                                             15.572838   data required time
---------------------------------------------------------------------------------------------
                                             15.572838   data required time
                                            -14.324574   data arrival time
---------------------------------------------------------------------------------------------
                                              1.248263   slack (MET)


Startpoint: x0[2] (input port clocked by clk)
Endpoint: _13693_ (rising edge-triggered flip-flop clocked by clk)
Path Group: clk
Path Type: max

Fanout         Cap        Slew       Delay        Time   Description
---------------------------------------------------------------------------------------------
                                  0.000000    0.000000   clock clk (rise edge)
                                  0.000000    0.000000   clock network delay (propagated)
                                  3.000000    3.000000 ^ input external delay
     1    0.003003    0.033593    0.016865    3.016865 ^ x0[2] (in)
                                                         x0[2] (net)
                      0.033593    0.000000    3.016865 ^ input132/A (sky130_fd_sc_hd__clkbuf_2)
     3    0.043466    0.369672    0.388443    3.405308 ^ input132/X (sky130_fd_sc_hd__clkbuf_2)
                                                         net132 (net)
                      0.369703    0.002804    3.408112 ^ fanout641/A (sky130_fd_sc_hd__clkbuf_4)
     7    0.071151    0.340630    0.578625    3.986737 ^ fanout641/X (sky130_fd_sc_hd__clkbuf_4)
                                                         net641 (net)
                      0.341000    0.007004    3.993741 ^ fanout638/A (sky130_fd_sc_hd__buf_4)
    10    0.066224    0.298346    0.494507    4.488248 ^ fanout638/X (sky130_fd_sc_hd__buf_4)
                                                         net638 (net)
                      0.298358    0.002215    4.490463 ^ _07160_/A (sky130_fd_sc_hd__nand2_1)
     3    0.007090    0.154005    0.237217    4.727680 v _07160_/Y (sky130_fd_sc_hd__nand2_1)
                                                         _05078_ (net)
                      0.154005    0.000144    4.727825 v _07163_/A (sky130_fd_sc_hd__or3_1)
     2    0.005773    0.167293    0.920518    5.648343 v _07163_/X (sky130_fd_sc_hd__or3_1)
                                                         _05111_ (net)
                      0.167293    0.000088    5.648431 v _07167_/A1 (sky130_fd_sc_hd__a21o_1)
     3    0.008728    0.106354    0.374941    6.023372 v _07167_/X (sky130_fd_sc_hd__a21o_1)
                                                         _05155_ (net)
                      0.106354    0.000205    6.023576 v _07169_/A2 (sky130_fd_sc_hd__a21o_1)
     2    0.006931    0.092333    0.365369    6.388945 v _07169_/X (sky130_fd_sc_hd__a21o_1)
                                                         _05177_ (net)
                      0.092333    0.000236    6.389181 v _07171_/B (sky130_fd_sc_hd__and3_1)
     4    0.013241    0.153050    0.432863    6.822043 v _07171_/X (sky130_fd_sc_hd__and3_1)
                                                         _05199_ (net)
                      0.153050    0.000348    6.822392 v _07174_/B (sky130_fd_sc_hd__nor3_1)
     2    0.010770    0.600883    0.593491    7.415882 ^ _07174_/Y (sky130_fd_sc_hd__nor3_1)
                                                         _05231_ (net)
                      0.600883    0.000388    7.416270 ^ _07177_/B1 (sky130_fd_sc_hd__a211oi_2)
     4    0.017095    0.199720    0.324032    7.740302 v _07177_/Y (sky130_fd_sc_hd__a211oi_2)
                                                         _05264_ (net)
                      0.199720    0.000462    7.740764 v _07179_/C (sky130_fd_sc_hd__nor4_2)
     3    0.011909    0.623860    0.634360    8.375124 ^ _07179_/Y (sky130_fd_sc_hd__nor4_2)
                                                         _05286_ (net)
                      0.623860    0.000167    8.375291 ^ max_cap240/A (sky130_fd_sc_hd__buf_1)
     2    0.010428    0.211480    0.425973    8.801264 ^ max_cap240/X (sky130_fd_sc_hd__buf_1)
                                                         net240 (net)
                      0.211480    0.000236    8.801500 ^ _07181_/B1 (sky130_fd_sc_hd__a211oi_2)
     5    0.015863    0.190342    0.178014    8.979514 v _07181_/Y (sky130_fd_sc_hd__a211oi_2)
                                                         _05308_ (net)
                      0.190342    0.000409    8.979923 v _07184_/B (sky130_fd_sc_hd__or3_1)
     2    0.007734    0.186082    0.910274    9.890197 v _07184_/X (sky130_fd_sc_hd__or3_1)
                                                         _05341_ (net)
                      0.186082    0.000128    9.890325 v _07186_/B1 (sky130_fd_sc_hd__o211a_1)
     4    0.016749    0.187084    0.394426   10.284750 v _07186_/X (sky130_fd_sc_hd__o211a_1)
                                                         _05363_ (net)
                      0.187084    0.000573   10.285323 v _07190_/B (sky130_fd_sc_hd__or3_4)
     2    0.009768    0.134273    0.788448   11.073771 v _07190_/X (sky130_fd_sc_hd__or3_4)
                                                         _05406_ (net)
                      0.134273    0.000260   11.074032 v _07331_/A1 (sky130_fd_sc_hd__a211o_4)
     4    0.013948    0.100391    0.629852   11.703883 v _07331_/X (sky130_fd_sc_hd__a211o_4)
                                                         _06562_ (net)
                      0.100391    0.000323   11.704206 v _07334_/A1 (sky130_fd_sc_hd__a211o_1)
     2    0.008494    0.135452    0.556131   12.260338 v _07334_/X (sky130_fd_sc_hd__a211o_1)
                                                         _06565_ (net)
                      0.135452    0.000261   12.260599 v _07336_/A2 (sky130_fd_sc_hd__a211o_1)
     2    0.005918    0.113418    0.598527   12.859127 v _07336_/X (sky130_fd_sc_hd__a211o_1)
                                                         _06567_ (net)
                      0.113418    0.000175   12.859302 v _07337_/D (sky130_fd_sc_hd__and4_1)
     2    0.004919    0.091162    0.442221   13.301523 v _07337_/X (sky130_fd_sc_hd__and4_1)
                                                         _06568_ (net)
                      0.091162    0.000106   13.301629 v _07499_/B1 (sky130_fd_sc_hd__a21o_1)
     2    0.009506    0.112594    0.339120   13.640748 v _07499_/X (sky130_fd_sc_hd__a21o_1)
                                                         _06729_ (net)
                      0.112594    0.000226   13.640974 v _07662_/A1 (sky130_fd_sc_hd__a21oi_2)
     3    0.010178    0.248998    0.299149   13.940124 ^ _07662_/Y (sky130_fd_sc_hd__a21oi_2)
                                                         _00142_ (net)
                      0.248998    0.000245   13.940369 ^ _07664_/B (sky130_fd_sc_hd__xnor2_1)
     1    0.002516    0.090435    0.177401   14.117769 v _07664_/Y (sky130_fd_sc_hd__xnor2_1)
                                                         _00052_ (net)
                      0.090435    0.000052   14.117822 v _13693_/D (sky130_fd_sc_hd__dfrtp_1)
                                             14.117822   data arrival time

                                 15.000000   15.000000   clock clk (rise edge)
                                  0.000000   15.000000   clock source latency
     1    0.050594    0.363095    0.258083   15.258083 ^ clk (in)
                                                         clk (net)
                      0.363560    0.000000   15.258083 ^ clkbuf_0_clk/A (sky130_fd_sc_hd__clkbuf_16)
     8    0.161004    0.263137    0.506523   15.764606 ^ clkbuf_0_clk/X (sky130_fd_sc_hd__clkbuf_16)
                                                         clknet_0_clk (net)
                      0.263381    0.007240   15.771847 ^ clkbuf_3_3__f_clk/A (sky130_fd_sc_hd__clkbuf_16)
    10    0.032983    0.085233    0.326217   16.098064 ^ clkbuf_3_3__f_clk/X (sky130_fd_sc_hd__clkbuf_16)
                                                         clknet_3_3__leaf_clk (net)
                      0.085241    0.000933   16.098997 ^ _13693_/CLK (sky130_fd_sc_hd__dfrtp_1)
                                 -0.250000   15.848997   clock uncertainty
                                  0.000000   15.848997   clock reconvergence pessimism
                                 -0.281023   15.567974   library setup time
                                             15.567974   data required time
---------------------------------------------------------------------------------------------
                                             15.567974   data required time
                                            -14.117822   data arrival time
---------------------------------------------------------------------------------------------
                                              1.450152   slack (MET)


Startpoint: x3[1] (input port clocked by clk)
Endpoint: _13641_ (rising edge-triggered flip-flop clocked by clk)
Path Group: clk
Path Type: max

Fanout         Cap        Slew       Delay        Time   Description
---------------------------------------------------------------------------------------------
                                  0.000000    0.000000   clock clk (rise edge)
                                  0.000000    0.000000   clock network delay (propagated)
                                  3.000000    3.000000 ^ input external delay
     1    0.002706    0.031635    0.015296    3.015296 ^ x3[1] (in)
                                                         x3[1] (net)
                      0.031635    0.000000    3.015296 ^ input155/A (sky130_fd_sc_hd__buf_1)
     1    0.009197    0.186527    0.216427    3.231723 ^ input155/X (sky130_fd_sc_hd__buf_1)
                                                         net155 (net)
                      0.186587    0.000562    3.232285 ^ fanout465/A (sky130_fd_sc_hd__clkbuf_4)
     6    0.092047    0.430083    0.563696    3.795981 ^ fanout465/X (sky130_fd_sc_hd__clkbuf_4)
                                                         net465 (net)
                      0.430143    0.004269    3.800250 ^ fanout464/A (sky130_fd_sc_hd__buf_2)
     6    0.044980    0.352821    0.551366    4.351615 ^ fanout464/X (sky130_fd_sc_hd__buf_2)
                                                         net464 (net)
                      0.352821    0.000469    4.352085 ^ fanout462/A (sky130_fd_sc_hd__buf_2)
    10    0.049051    0.383151    0.541675    4.893760 ^ fanout462/X (sky130_fd_sc_hd__buf_2)
                                                         net462 (net)
                      0.383369    0.005034    4.898794 ^ _12079_/A (sky130_fd_sc_hd__and4_1)
     2    0.004996    0.131397    0.486616    5.385410 ^ _12079_/X (sky130_fd_sc_hd__and4_1)
                                                         _04829_ (net)
                      0.131397    0.000093    5.385503 ^ _12081_/A_N (sky130_fd_sc_hd__and2b_1)
     1    0.005179    0.085447    0.403840    5.789342 v _12081_/X (sky130_fd_sc_hd__and2b_1)
                                                         _04831_ (net)
                      0.085447    0.000159    5.789502 v _12082_/B (sky130_fd_sc_hd__xnor2_1)
     2    0.008613    0.373607    0.363875    6.153377 ^ _12082_/Y (sky130_fd_sc_hd__xnor2_1)
                                                         _04832_ (net)
                      0.373607    0.000268    6.153645 ^ _12089_/A (sky130_fd_sc_hd__xor2_1)
     2    0.008193    0.336937    0.453758    6.607403 ^ _12089_/X (sky130_fd_sc_hd__xor2_1)
                                                         _04840_ (net)
                      0.336937    0.000207    6.607611 ^ _12091_/B (sky130_fd_sc_hd__xnor2_1)
     2    0.005406    0.128287    0.242050    6.849660 v _12091_/Y (sky130_fd_sc_hd__xnor2_1)
                                                         _04842_ (net)
                      0.128287    0.000086    6.849746 v _12094_/A (sky130_fd_sc_hd__and2_1)
     3    0.011047    0.134380    0.370226    7.219972 v _12094_/X (sky130_fd_sc_hd__and2_1)
                                                         _04845_ (net)
                      0.134380    0.000189    7.220160 v _12096_/A (sky130_fd_sc_hd__or2_1)
     3    0.008435    0.145594    0.583583    7.803744 v _12096_/X (sky130_fd_sc_hd__or2_1)
                                                         _04847_ (net)
                      0.145594    0.000133    7.803877 v _12136_/A (sky130_fd_sc_hd__or3_4)
     2    0.012763    0.141457    0.821971    8.625848 v _12136_/X (sky130_fd_sc_hd__or3_4)
                                                         _04891_ (net)
                      0.141457    0.000355    8.626204 v _12279_/A2 (sky130_fd_sc_hd__a211oi_4)
     5    0.017311    0.440058    0.560325    9.186528 ^ _12279_/Y (sky130_fd_sc_hd__a211oi_4)
                                                         _05048_ (net)
                      0.440058    0.000337    9.186865 ^ _12283_/A1 (sky130_fd_sc_hd__o21ai_1)
     2    0.008749    0.199845    0.347836    9.534700 v _12283_/Y (sky130_fd_sc_hd__o21ai_1)
                                                         _05052_ (net)
                      0.199845    0.000205    9.534905 v _12286_/A2 (sky130_fd_sc_hd__a211oi_1)
     3    0.011553    0.707177    0.758065   10.292971 ^ _12286_/Y (sky130_fd_sc_hd__a211oi_1)
                                                         _05055_ (net)
                      0.707177    0.000385   10.293355 ^ _12287_/D (sky130_fd_sc_hd__nor4_1)
     2    0.008841    0.191743    0.345412   10.638766 v _12287_/Y (sky130_fd_sc_hd__nor4_1)
                                                         _05056_ (net)
                      0.191743    0.000271   10.639037 v max_cap232/A (sky130_fd_sc_hd__clkbuf_1)
     1    0.004449    0.067280    0.233270   10.872308 v max_cap232/X (sky130_fd_sc_hd__clkbuf_1)
                                                         net232 (net)
                      0.067280    0.000129   10.872437 v _12290_/B1 (sky130_fd_sc_hd__a211oi_2)
     4    0.017781    0.594793    0.600457   11.472894 ^ _12290_/Y (sky130_fd_sc_hd__a211oi_2)
                                                         _05060_ (net)
                      0.594793    0.000499   11.473393 ^ _12292_/B (sky130_fd_sc_hd__nor3_2)
     6    0.018547    0.175257    0.329234   11.802627 v _12292_/Y (sky130_fd_sc_hd__nor3_2)
                                                         _05062_ (net)
                      0.175257    0.000750   11.803376 v _12296_/A (sky130_fd_sc_hd__or3_1)
     3    0.008093    0.189467    0.959934   12.763310 v _12296_/X (sky130_fd_sc_hd__or3_1)
                                                         _05066_ (net)
                      0.189467    0.000129   12.763439 v _12436_/A3 (sky130_fd_sc_hd__a41o_1)
     2    0.010189    0.129731    0.521211   13.284650 v _12436_/X (sky130_fd_sc_hd__a41o_1)
                                                         _05219_ (net)
                      0.129731    0.000289   13.284939 v _12593_/A2 (sky130_fd_sc_hd__a21oi_2)
     3    0.011803    0.276112    0.348090   13.633028 ^ _12593_/Y (sky130_fd_sc_hd__a21oi_2)
                                                         _05391_ (net)
                      0.276112    0.000268   13.633297 ^ _12594_/B1 (sky130_fd_sc_hd__o21ai_1)
     1    0.002935    0.108663    0.202198   13.835495 v _12594_/Y (sky130_fd_sc_hd__o21ai_1)
                                                         _05392_ (net)
                      0.108663    0.000064   13.835559 v _12595_/B1 (sky130_fd_sc_hd__o21a_1)
     1    0.005602    0.089757    0.232304   14.067863 v _12595_/X (sky130_fd_sc_hd__o21a_1)
                                                         _00037_ (net)
                      0.089757    0.000204   14.068068 v _13641_/D (sky130_fd_sc_hd__dfrtp_1)
                                             14.068068   data arrival time

                                 15.000000   15.000000   clock clk (rise edge)
                                  0.000000   15.000000   clock source latency
     1    0.050594    0.363095    0.258083   15.258083 ^ clk (in)
                                                         clk (net)
                      0.363560    0.000000   15.258083 ^ clkbuf_0_clk/A (sky130_fd_sc_hd__clkbuf_16)
     8    0.161004    0.263137    0.506523   15.764606 ^ clkbuf_0_clk/X (sky130_fd_sc_hd__clkbuf_16)
                                                         clknet_0_clk (net)
                      0.263391    0.007367   15.771973 ^ clkbuf_3_6__f_clk/A (sky130_fd_sc_hd__clkbuf_16)
    10    0.030774    0.082164    0.323242   16.095215 ^ clkbuf_3_6__f_clk/X (sky130_fd_sc_hd__clkbuf_16)
                                                         clknet_3_6__leaf_clk (net)
                      0.082176    0.000977   16.096191 ^ _13641_/CLK (sky130_fd_sc_hd__dfrtp_1)
                                 -0.250000   15.846192   clock uncertainty
                                  0.000000   15.846192   clock reconvergence pessimism
                                 -0.281558   15.564634   library setup time
                                             15.564634   data required time
---------------------------------------------------------------------------------------------
                                             15.564634   data required time
                                            -14.068068   data arrival time
---------------------------------------------------------------------------------------------
                                              1.496567   slack (MET)


Startpoint: x0[0] (input port clocked by clk)
Endpoint: _13676_ (rising edge-triggered flip-flop clocked by clk)
Path Group: clk
Path Type: max

Fanout         Cap        Slew       Delay        Time   Description
---------------------------------------------------------------------------------------------
                                  0.000000    0.000000   clock clk (rise edge)
                                  0.000000    0.000000   clock network delay (propagated)
                                  3.000000    3.000000 ^ input external delay
     1    0.002923    0.033065    0.016438    3.016438 ^ x0[0] (in)
                                                         x0[0] (net)
                      0.033065    0.000000    3.016438 ^ input130/A (sky130_fd_sc_hd__clkbuf_2)
     2    0.034881    0.300022    0.338654    3.355092 ^ input130/X (sky130_fd_sc_hd__clkbuf_2)
                                                         net130 (net)
                      0.300045    0.002198    3.357290 ^ fanout658/A (sky130_fd_sc_hd__buf_4)
     6    0.046360    0.215434    0.417713    3.775003 ^ fanout658/X (sky130_fd_sc_hd__buf_4)
                                                         net658 (net)
                      0.215434    0.000751    3.775755 ^ fanout655/A (sky130_fd_sc_hd__buf_6)
    10    0.060556    0.200315    0.343227    4.118982 ^ fanout655/X (sky130_fd_sc_hd__buf_6)
                                                         net655 (net)
                      0.200424    0.000939    4.119921 ^ fanout654/A (sky130_fd_sc_hd__clkbuf_4)
    10    0.050315    0.249638    0.440326    4.560247 ^ fanout654/X (sky130_fd_sc_hd__clkbuf_4)
                                                         net654 (net)
                      0.249642    0.001423    4.561670 ^ _10393_/A (sky130_fd_sc_hd__nand4_1)
     3    0.009303    0.346110    0.373639    4.935309 v _10393_/Y (sky130_fd_sc_hd__nand4_1)
                                                         _02992_ (net)
                      0.346110    0.000220    4.935530 v _10403_/A1 (sky130_fd_sc_hd__a21o_1)
     2    0.005725    0.083224    0.424456    5.359985 v _10403_/X (sky130_fd_sc_hd__a21o_1)
                                                         _03003_ (net)
                      0.083224    0.000129    5.360114 v _10404_/C (sky130_fd_sc_hd__and3_1)
     3    0.006513    0.100869    0.400591    5.760705 v _10404_/X (sky130_fd_sc_hd__and3_1)
                                                         _03004_ (net)
                      0.100869    0.000103    5.760808 v _10407_/A (sky130_fd_sc_hd__or3_1)
     2    0.006340    0.172864    0.907761    6.668569 v _10407_/X (sky130_fd_sc_hd__or3_1)
                                                         _03007_ (net)
                      0.172864    0.000102    6.668670 v _10417_/A1 (sky130_fd_sc_hd__a21o_1)
     3    0.008250    0.102548    0.373747    7.042417 v _10417_/X (sky130_fd_sc_hd__a21o_1)
                                                         _03018_ (net)
                      0.102548    0.000196    7.042613 v _10419_/A2 (sky130_fd_sc_hd__a21bo_1)
     2    0.004829    0.079254    0.370090    7.412703 v _10419_/X (sky130_fd_sc_hd__a21bo_1)
                                                         _03021_ (net)
                      0.079254    0.000102    7.412805 v _10420_/C (sky130_fd_sc_hd__and3_1)
     4    0.013693    0.156655    0.458244    7.871049 v _10420_/X (sky130_fd_sc_hd__and3_1)
                                                         _03022_ (net)
                      0.156655    0.000457    7.871505 v _10424_/B (sky130_fd_sc_hd__or3_4)
     2    0.007071    0.127709    0.763240    8.634746 v _10424_/X (sky130_fd_sc_hd__or3_4)
                                                         _03026_ (net)
                      0.127709    0.000168    8.634913 v _10569_/C1 (sky130_fd_sc_hd__o211a_1)
     3    0.007898    0.115446    0.269220    8.904134 v _10569_/X (sky130_fd_sc_hd__o211a_1)
                                                         _03185_ (net)
                      0.115446    0.000154    8.904287 v _10571_/C (sky130_fd_sc_hd__or3_1)
     2    0.006340    0.172389    0.786853    9.691140 v _10571_/X (sky130_fd_sc_hd__or3_1)
                                                         _03187_ (net)
                      0.172389    0.000146    9.691286 v _10573_/B1 (sky130_fd_sc_hd__o211a_1)
     4    0.014857    0.171253    0.375209   10.066496 v _10573_/X (sky130_fd_sc_hd__o211a_1)
                                                         _03189_ (net)
                      0.171253    0.000494   10.066989 v _10577_/C (sky130_fd_sc_hd__or4_4)
     2    0.007386    0.166313    1.008962   11.075952 v _10577_/X (sky130_fd_sc_hd__or4_4)
                                                         _03193_ (net)
                      0.166313    0.000206   11.076158 v _10717_/A1 (sky130_fd_sc_hd__a211o_4)
     3    0.012760    0.097503    0.638972   11.715129 v _10717_/X (sky130_fd_sc_hd__a211o_4)
                                                         _03346_ (net)
                      0.097503    0.000343   11.715471 v _10720_/B1 (sky130_fd_sc_hd__o211a_1)
     3    0.010002    0.134097    0.300660   12.016131 v _10720_/X (sky130_fd_sc_hd__o211a_1)
                                                         _03350_ (net)
                      0.134097    0.000218   12.016350 v _10722_/C1 (sky130_fd_sc_hd__a211o_1)
     4    0.012374    0.171638    0.549694   12.566044 v _10722_/X (sky130_fd_sc_hd__a211o_1)
                                                         _03352_ (net)
                      0.171638    0.000251   12.566295 v _10724_/C (sky130_fd_sc_hd__and4_1)
     2    0.004144    0.084870    0.443197   13.009492 v _10724_/X (sky130_fd_sc_hd__and4_1)
                                                         _03354_ (net)
                      0.084870    0.000111   13.009603 v _10887_/B1 (sky130_fd_sc_hd__a21oi_1)
     3    0.008941    0.352439    0.333829   13.343431 ^ _10887_/Y (sky130_fd_sc_hd__a21oi_1)
                                                         _03532_ (net)
                      0.352439    0.000242   13.343673 ^ _11049_/A2 (sky130_fd_sc_hd__o21ba_1)
     3    0.010556    0.181151    0.398918   13.742592 ^ _11049_/X (sky130_fd_sc_hd__o21ba_1)
                                                         _03710_ (net)
                      0.181151    0.000412   13.743004 ^ _11051_/B (sky130_fd_sc_hd__and2_1)
     1    0.002822    0.082240    0.268026   14.011029 ^ _11051_/X (sky130_fd_sc_hd__and2_1)
                                                         _03712_ (net)
                      0.082240    0.000081   14.011110 ^ _11052_/B (sky130_fd_sc_hd__nor2_1)
     1    0.002575    0.075900    0.073461   14.084571 v _11052_/Y (sky130_fd_sc_hd__nor2_1)
                                                         _00024_ (net)
                      0.075900    0.000073   14.084644 v _13676_/D (sky130_fd_sc_hd__dfrtp_1)
                                             14.084644   data arrival time

                                 15.000000   15.000000   clock clk (rise edge)
                                  0.000000   15.000000   clock source latency
     1    0.050594    0.363095    0.258083   15.258083 ^ clk (in)
                                                         clk (net)
                      0.363560    0.000000   15.258083 ^ clkbuf_0_clk/A (sky130_fd_sc_hd__clkbuf_16)
     8    0.161004    0.263137    0.506523   15.764606 ^ clkbuf_0_clk/X (sky130_fd_sc_hd__clkbuf_16)
                                                         clknet_0_clk (net)
                      0.263474    0.008367   15.772973 ^ clkbuf_3_2__f_clk/A (sky130_fd_sc_hd__clkbuf_16)
    10    0.038118    0.092712    0.332619   16.105593 ^ clkbuf_3_2__f_clk/X (sky130_fd_sc_hd__clkbuf_16)
                                                         clknet_3_2__leaf_clk (net)
                      0.092923    0.003840   16.109432 ^ _13676_/CLK (sky130_fd_sc_hd__dfrtp_1)
                                 -0.250000   15.859433   clock uncertainty
                                  0.000000   15.859433   clock reconvergence pessimism
                                 -0.272915   15.586517   library setup time
                                             15.586517   data required time
---------------------------------------------------------------------------------------------
                                             15.586517   data required time
                                            -14.084644   data arrival time
---------------------------------------------------------------------------------------------
                                              1.501873   slack (MET)


Startpoint: x0[4] (input port clocked by clk)
Endpoint: _13658_ (rising edge-triggered flip-flop clocked by clk)
Path Group: clk
Path Type: max

Fanout         Cap        Slew       Delay        Time   Description
---------------------------------------------------------------------------------------------
                                  0.000000    0.000000   clock clk (rise edge)
                                  0.000000    0.000000   clock network delay (propagated)
                                  3.000000    3.000000 ^ input external delay
     1    0.002769    0.032050    0.015627    3.015627 ^ x0[4] (in)
                                                         x0[4] (net)
                      0.032050    0.000000    3.015627 ^ input134/A (sky130_fd_sc_hd__buf_1)
     1    0.013181    0.258685    0.268088    3.283715 ^ input134/X (sky130_fd_sc_hd__buf_1)
                                                         net134 (net)
                      0.258687    0.000679    3.284394 ^ fanout626/A (sky130_fd_sc_hd__buf_4)
     7    0.089709    0.395407    0.531063    3.815457 ^ fanout626/X (sky130_fd_sc_hd__buf_4)
                                                         net626 (net)
                      0.395476    0.005123    3.820580 ^ fanout625/A (sky130_fd_sc_hd__buf_2)
     7    0.037390    0.296372    0.498513    4.319093 ^ fanout625/X (sky130_fd_sc_hd__buf_2)
                                                         net625 (net)
                      0.296372    0.000916    4.320009 ^ fanout624/A (sky130_fd_sc_hd__clkbuf_4)
    10    0.054264    0.267645    0.494441    4.814450 ^ fanout624/X (sky130_fd_sc_hd__clkbuf_4)
                                                         net624 (net)
                      0.267645    0.000646    4.815096 ^ _08850_/B (sky130_fd_sc_hd__and4_1)
     2    0.004497    0.125147    0.459238    5.274333 ^ _08850_/X (sky130_fd_sc_hd__and4_1)
                                                         _01316_ (net)
                      0.125147    0.000104    5.274437 ^ _08852_/A_N (sky130_fd_sc_hd__and2b_1)
     1    0.005186    0.085497    0.401248    5.675685 v _08852_/X (sky130_fd_sc_hd__and2b_1)
                                                         _01318_ (net)
                      0.085497    0.000113    5.675798 v _08853_/B (sky130_fd_sc_hd__xnor2_1)
     3    0.012220    0.492308    0.453428    6.129226 ^ _08853_/Y (sky130_fd_sc_hd__xnor2_1)
                                                         _01319_ (net)
                      0.492308    0.000314    6.129539 ^ _08862_/A (sky130_fd_sc_hd__nand3_2)
     3    0.008105    0.195501    0.296906    6.426445 v _08862_/Y (sky130_fd_sc_hd__nand3_2)
                                                         _01328_ (net)
                      0.195501    0.000125    6.426570 v _08865_/B (sky130_fd_sc_hd__and3_1)
     2    0.007145    0.105930    0.432947    6.859517 v _08865_/X (sky130_fd_sc_hd__and3_1)
                                                         _01331_ (net)
                      0.105930    0.000180    6.859697 v _08868_/A (sky130_fd_sc_hd__or3_4)
     4    0.020999    0.166413    0.846165    7.705863 v _08868_/X (sky130_fd_sc_hd__or3_4)
                                                         _01334_ (net)
                      0.166414    0.000868    7.706730 v _08871_/A (sky130_fd_sc_hd__and3_4)
     4    0.022475    0.095907    0.360876    8.067606 v _08871_/X (sky130_fd_sc_hd__and3_4)
                                                         _01337_ (net)
                      0.095909    0.000562    8.068169 v _08874_/A1 (sky130_fd_sc_hd__o21a_4)
     2    0.013356    0.079216    0.428474    8.496643 v _08874_/X (sky130_fd_sc_hd__o21a_4)
                                                         _01340_ (net)
                      0.079216    0.000290    8.496933 v _08876_/A2 (sky130_fd_sc_hd__o211a_1)
     3    0.009468    0.129357    0.441096    8.938029 v _08876_/X (sky130_fd_sc_hd__o211a_1)
                                                         _01342_ (net)
                      0.129357    0.000277    8.938307 v _08878_/A (sky130_fd_sc_hd__or3_4)
     2    0.007274    0.128312    0.788478    9.726784 v _08878_/X (sky130_fd_sc_hd__or3_4)
                                                         _01345_ (net)
                      0.128312    0.000195    9.726979 v _08880_/B1 (sky130_fd_sc_hd__o211a_4)
     4    0.014948    0.089227    0.304414   10.031394 v _08880_/X (sky130_fd_sc_hd__o211a_4)
                                                         _01347_ (net)
                      0.089303    0.000478   10.031872 v _08884_/B (sky130_fd_sc_hd__or4_4)
     2    0.010221    0.174710    1.054015   11.085886 v _08884_/X (sky130_fd_sc_hd__or4_4)
                                                         _01351_ (net)
                      0.174710    0.000254   11.086141 v _09024_/A1 (sky130_fd_sc_hd__a211o_4)
     4    0.013584    0.099452    0.645596   11.731736 v _09024_/X (sky130_fd_sc_hd__a211o_4)
                                                         _01504_ (net)
                      0.099452    0.000266   11.732002 v _09027_/A2 (sky130_fd_sc_hd__a211o_1)
     2    0.007754    0.128765    0.602313   12.334315 v _09027_/X (sky130_fd_sc_hd__a211o_1)
                                                         _01507_ (net)
                      0.128765    0.000155   12.334470 v _09029_/A1 (sky130_fd_sc_hd__a211o_1)
     2    0.007841    0.129618    0.561507   12.895977 v _09029_/X (sky130_fd_sc_hd__a211o_1)
                                                         _01510_ (net)
                      0.129618    0.000212   12.896190 v _09030_/D (sky130_fd_sc_hd__and4bb_1)
     2    0.005868    0.101627    0.463284   13.359473 v _09030_/X (sky130_fd_sc_hd__and4bb_1)
                                                         _01511_ (net)
                      0.101627    0.000134   13.359607 v _09191_/B1 (sky130_fd_sc_hd__a21o_1)
     2    0.016287    0.161880    0.391760   13.751368 v _09191_/X (sky130_fd_sc_hd__a21o_1)
                                                         _01686_ (net)
                      0.161880    0.000622   13.751989 v _09192_/B (sky130_fd_sc_hd__xor2_1)
     1    0.002911    0.134461    0.299543   14.051533 v _09192_/X (sky130_fd_sc_hd__xor2_1)
                                                         _00065_ (net)
                      0.134461    0.000091   14.051624 v _13658_/D (sky130_fd_sc_hd__dfrtp_1)
                                             14.051624   data arrival time

                                 15.000000   15.000000   clock clk (rise edge)
                                  0.000000   15.000000   clock source latency
     1    0.050594    0.363095    0.258083   15.258083 ^ clk (in)
                                                         clk (net)
                      0.363560    0.000000   15.258083 ^ clkbuf_0_clk/A (sky130_fd_sc_hd__clkbuf_16)
     8    0.161004    0.263137    0.506523   15.764606 ^ clkbuf_0_clk/X (sky130_fd_sc_hd__clkbuf_16)
                                                         clknet_0_clk (net)
                      0.263320    0.006368   15.770974 ^ clkbuf_3_7__f_clk/A (sky130_fd_sc_hd__clkbuf_16)
    10    0.045622    0.101783    0.342633   16.113607 ^ clkbuf_3_7__f_clk/X (sky130_fd_sc_hd__clkbuf_16)
                                                         clknet_3_7__leaf_clk (net)
                      0.101852    0.002276   16.115883 ^ _13658_/CLK (sky130_fd_sc_hd__dfrtp_1)
                                 -0.250000   15.865883   clock uncertainty
                                  0.000000   15.865883   clock reconvergence pessimism
                                 -0.294944   15.570939   library setup time
                                             15.570939   data required time
---------------------------------------------------------------------------------------------
                                             15.570939   data required time
                                            -14.051624   data arrival time
---------------------------------------------------------------------------------------------
                                              1.519315   slack (MET)


Startpoint: x0[2] (input port clocked by clk)
Endpoint: _13692_ (rising edge-triggered flip-flop clocked by clk)
Path Group: clk
Path Type: max

Fanout         Cap        Slew       Delay        Time   Description
---------------------------------------------------------------------------------------------
                                  0.000000    0.000000   clock clk (rise edge)
                                  0.000000    0.000000   clock network delay (propagated)
                                  3.000000    3.000000 ^ input external delay
     1    0.003003    0.033593    0.016865    3.016865 ^ x0[2] (in)
                                                         x0[2] (net)
                      0.033593    0.000000    3.016865 ^ input132/A (sky130_fd_sc_hd__clkbuf_2)
     3    0.043466    0.369672    0.388443    3.405308 ^ input132/X (sky130_fd_sc_hd__clkbuf_2)
                                                         net132 (net)
                      0.369703    0.002804    3.408112 ^ fanout641/A (sky130_fd_sc_hd__clkbuf_4)
     7    0.071151    0.340630    0.578625    3.986737 ^ fanout641/X (sky130_fd_sc_hd__clkbuf_4)
                                                         net641 (net)
                      0.341000    0.007004    3.993741 ^ fanout638/A (sky130_fd_sc_hd__buf_4)
    10    0.066224    0.298346    0.494507    4.488248 ^ fanout638/X (sky130_fd_sc_hd__buf_4)
                                                         net638 (net)
                      0.298358    0.002215    4.490463 ^ _07160_/A (sky130_fd_sc_hd__nand2_1)
     3    0.007090    0.154005    0.237217    4.727680 v _07160_/Y (sky130_fd_sc_hd__nand2_1)
                                                         _05078_ (net)
                      0.154005    0.000144    4.727825 v _07163_/A (sky130_fd_sc_hd__or3_1)
     2    0.005773    0.167293    0.920518    5.648343 v _07163_/X (sky130_fd_sc_hd__or3_1)
                                                         _05111_ (net)
                      0.167293    0.000088    5.648431 v _07167_/A1 (sky130_fd_sc_hd__a21o_1)
     3    0.008728    0.106354    0.374941    6.023372 v _07167_/X (sky130_fd_sc_hd__a21o_1)
                                                         _05155_ (net)
                      0.106354    0.000205    6.023576 v _07169_/A2 (sky130_fd_sc_hd__a21o_1)
     2    0.006931    0.092333    0.365369    6.388945 v _07169_/X (sky130_fd_sc_hd__a21o_1)
                                                         _05177_ (net)
                      0.092333    0.000236    6.389181 v _07171_/B (sky130_fd_sc_hd__and3_1)
     4    0.013241    0.153050    0.432863    6.822043 v _07171_/X (sky130_fd_sc_hd__and3_1)
                                                         _05199_ (net)
                      0.153050    0.000348    6.822392 v _07174_/B (sky130_fd_sc_hd__nor3_1)
     2    0.010770    0.600883    0.593491    7.415882 ^ _07174_/Y (sky130_fd_sc_hd__nor3_1)
                                                         _05231_ (net)
                      0.600883    0.000388    7.416270 ^ _07177_/B1 (sky130_fd_sc_hd__a211oi_2)
     4    0.017095    0.199720    0.324032    7.740302 v _07177_/Y (sky130_fd_sc_hd__a211oi_2)
                                                         _05264_ (net)
                      0.199720    0.000462    7.740764 v _07179_/C (sky130_fd_sc_hd__nor4_2)
     3    0.011909    0.623860    0.634360    8.375124 ^ _07179_/Y (sky130_fd_sc_hd__nor4_2)
                                                         _05286_ (net)
                      0.623860    0.000167    8.375291 ^ max_cap240/A (sky130_fd_sc_hd__buf_1)
     2    0.010428    0.211480    0.425973    8.801264 ^ max_cap240/X (sky130_fd_sc_hd__buf_1)
                                                         net240 (net)
                      0.211480    0.000236    8.801500 ^ _07181_/B1 (sky130_fd_sc_hd__a211oi_2)
     5    0.015863    0.190342    0.178014    8.979514 v _07181_/Y (sky130_fd_sc_hd__a211oi_2)
                                                         _05308_ (net)
                      0.190342    0.000409    8.979923 v _07184_/B (sky130_fd_sc_hd__or3_1)
     2    0.007734    0.186082    0.910274    9.890197 v _07184_/X (sky130_fd_sc_hd__or3_1)
                                                         _05341_ (net)
                      0.186082    0.000128    9.890325 v _07186_/B1 (sky130_fd_sc_hd__o211a_1)
     4    0.016749    0.187084    0.394426   10.284750 v _07186_/X (sky130_fd_sc_hd__o211a_1)
                                                         _05363_ (net)
                      0.187084    0.000573   10.285323 v _07190_/B (sky130_fd_sc_hd__or3_4)
     2    0.009768    0.134273    0.788448   11.073771 v _07190_/X (sky130_fd_sc_hd__or3_4)
                                                         _05406_ (net)
                      0.134273    0.000260   11.074032 v _07331_/A1 (sky130_fd_sc_hd__a211o_4)
     4    0.013948    0.100391    0.629852   11.703883 v _07331_/X (sky130_fd_sc_hd__a211o_4)
                                                         _06562_ (net)
                      0.100391    0.000323   11.704206 v _07334_/A1 (sky130_fd_sc_hd__a211o_1)
     2    0.008494    0.135452    0.556131   12.260338 v _07334_/X (sky130_fd_sc_hd__a211o_1)
                                                         _06565_ (net)
                      0.135452    0.000261   12.260599 v _07336_/A2 (sky130_fd_sc_hd__a211o_1)
     2    0.005918    0.113418    0.598527   12.859127 v _07336_/X (sky130_fd_sc_hd__a211o_1)
                                                         _06567_ (net)
                      0.113418    0.000175   12.859302 v _07337_/D (sky130_fd_sc_hd__and4_1)
     2    0.004919    0.091162    0.442221   13.301523 v _07337_/X (sky130_fd_sc_hd__and4_1)
                                                         _06568_ (net)
                      0.091162    0.000106   13.301629 v _07499_/B1 (sky130_fd_sc_hd__a21o_1)
     2    0.009506    0.112594    0.339120   13.640748 v _07499_/X (sky130_fd_sc_hd__a21o_1)
                                                         _06729_ (net)
                      0.112594    0.000210   13.640959 v _07500_/B (sky130_fd_sc_hd__xor2_1)
     1    0.002762    0.116781    0.278137   13.919096 v _07500_/X (sky130_fd_sc_hd__xor2_1)
                                                         _00051_ (net)
                      0.116781    0.000081   13.919176 v _13692_/D (sky130_fd_sc_hd__dfrtp_1)
                                             13.919176   data arrival time

                                 15.000000   15.000000   clock clk (rise edge)
                                  0.000000   15.000000   clock source latency
     1    0.050594    0.363095    0.258083   15.258083 ^ clk (in)
                                                         clk (net)
                      0.363560    0.000000   15.258083 ^ clkbuf_0_clk/A (sky130_fd_sc_hd__clkbuf_16)
     8    0.161004    0.263137    0.506523   15.764606 ^ clkbuf_0_clk/X (sky130_fd_sc_hd__clkbuf_16)
                                                         clknet_0_clk (net)
                      0.263381    0.007240   15.771847 ^ clkbuf_3_3__f_clk/A (sky130_fd_sc_hd__clkbuf_16)
    10    0.032983    0.085233    0.326217   16.098064 ^ clkbuf_3_3__f_clk/X (sky130_fd_sc_hd__clkbuf_16)
                                                         clknet_3_3__leaf_clk (net)
                      0.085240    0.000892   16.098955 ^ _13692_/CLK (sky130_fd_sc_hd__dfrtp_1)
                                 -0.250000   15.848956   clock uncertainty
                                  0.000000   15.848956   clock reconvergence pessimism
                                 -0.292008   15.556948   library setup time
                                             15.556948   data required time
---------------------------------------------------------------------------------------------
                                             15.556948   data required time
                                            -13.919176   data arrival time
---------------------------------------------------------------------------------------------
                                              1.637772   slack (MET)


Startpoint: x0[4] (input port clocked by clk)
Endpoint: _13657_ (rising edge-triggered flip-flop clocked by clk)
Path Group: clk
Path Type: max

Fanout         Cap        Slew       Delay        Time   Description
---------------------------------------------------------------------------------------------
                                  0.000000    0.000000   clock clk (rise edge)
                                  0.000000    0.000000   clock network delay (propagated)
                                  3.000000    3.000000 ^ input external delay
     1    0.002769    0.032050    0.015627    3.015627 ^ x0[4] (in)
                                                         x0[4] (net)
                      0.032050    0.000000    3.015627 ^ input134/A (sky130_fd_sc_hd__buf_1)
     1    0.013181    0.258685    0.268088    3.283715 ^ input134/X (sky130_fd_sc_hd__buf_1)
                                                         net134 (net)
                      0.258687    0.000679    3.284394 ^ fanout626/A (sky130_fd_sc_hd__buf_4)
     7    0.089709    0.395407    0.531063    3.815457 ^ fanout626/X (sky130_fd_sc_hd__buf_4)
                                                         net626 (net)
                      0.395476    0.005123    3.820580 ^ fanout625/A (sky130_fd_sc_hd__buf_2)
     7    0.037390    0.296372    0.498513    4.319093 ^ fanout625/X (sky130_fd_sc_hd__buf_2)
                                                         net625 (net)
                      0.296372    0.000916    4.320009 ^ fanout624/A (sky130_fd_sc_hd__clkbuf_4)
    10    0.054264    0.267645    0.494441    4.814450 ^ fanout624/X (sky130_fd_sc_hd__clkbuf_4)
                                                         net624 (net)
                      0.267645    0.000646    4.815096 ^ _08850_/B (sky130_fd_sc_hd__and4_1)
     2    0.004497    0.125147    0.459238    5.274333 ^ _08850_/X (sky130_fd_sc_hd__and4_1)
                                                         _01316_ (net)
                      0.125147    0.000104    5.274437 ^ _08852_/A_N (sky130_fd_sc_hd__and2b_1)
     1    0.005186    0.085497    0.401248    5.675685 v _08852_/X (sky130_fd_sc_hd__and2b_1)
                                                         _01318_ (net)
                      0.085497    0.000113    5.675798 v _08853_/B (sky130_fd_sc_hd__xnor2_1)
     3    0.012220    0.492308    0.453428    6.129226 ^ _08853_/Y (sky130_fd_sc_hd__xnor2_1)
                                                         _01319_ (net)
                      0.492308    0.000314    6.129539 ^ _08862_/A (sky130_fd_sc_hd__nand3_2)
     3    0.008105    0.195501    0.296906    6.426445 v _08862_/Y (sky130_fd_sc_hd__nand3_2)
                                                         _01328_ (net)
                      0.195501    0.000125    6.426570 v _08865_/B (sky130_fd_sc_hd__and3_1)
     2    0.007145    0.105930    0.432947    6.859517 v _08865_/X (sky130_fd_sc_hd__and3_1)
                                                         _01331_ (net)
                      0.105930    0.000180    6.859697 v _08868_/A (sky130_fd_sc_hd__or3_4)
     4    0.020999    0.166413    0.846165    7.705863 v _08868_/X (sky130_fd_sc_hd__or3_4)
                                                         _01334_ (net)
                      0.166414    0.000868    7.706730 v _08871_/A (sky130_fd_sc_hd__and3_4)
     4    0.022475    0.095907    0.360876    8.067606 v _08871_/X (sky130_fd_sc_hd__and3_4)
                                                         _01337_ (net)
                      0.095909    0.000562    8.068169 v _08874_/A1 (sky130_fd_sc_hd__o21a_4)
     2    0.013356    0.079216    0.428474    8.496643 v _08874_/X (sky130_fd_sc_hd__o21a_4)
                                                         _01340_ (net)
                      0.079216    0.000290    8.496933 v _08876_/A2 (sky130_fd_sc_hd__o211a_1)
     3    0.009468    0.129357    0.441096    8.938029 v _08876_/X (sky130_fd_sc_hd__o211a_1)
                                                         _01342_ (net)
                      0.129357    0.000277    8.938307 v _08878_/A (sky130_fd_sc_hd__or3_4)
     2    0.007274    0.128312    0.788478    9.726784 v _08878_/X (sky130_fd_sc_hd__or3_4)
                                                         _01345_ (net)
                      0.128312    0.000195    9.726979 v _08880_/B1 (sky130_fd_sc_hd__o211a_4)
     4    0.014948    0.089227    0.304414   10.031394 v _08880_/X (sky130_fd_sc_hd__o211a_4)
                                                         _01347_ (net)
                      0.089303    0.000478   10.031872 v _08884_/B (sky130_fd_sc_hd__or4_4)
     2    0.010221    0.174710    1.054015   11.085886 v _08884_/X (sky130_fd_sc_hd__or4_4)
                                                         _01351_ (net)
                      0.174710    0.000254   11.086141 v _09024_/A1 (sky130_fd_sc_hd__a211o_4)
     4    0.013584    0.099452    0.645596   11.731736 v _09024_/X (sky130_fd_sc_hd__a211o_4)
                                                         _01504_ (net)
                      0.099452    0.000266   11.732002 v _09027_/A2 (sky130_fd_sc_hd__a211o_1)
     2    0.007754    0.128765    0.602313   12.334315 v _09027_/X (sky130_fd_sc_hd__a211o_1)
                                                         _01507_ (net)
                      0.128765    0.000155   12.334470 v _09029_/A1 (sky130_fd_sc_hd__a211o_1)
     2    0.007841    0.129618    0.561507   12.895977 v _09029_/X (sky130_fd_sc_hd__a211o_1)
                                                         _01510_ (net)
                      0.129618    0.000298   12.896276 v _09031_/B2 (sky130_fd_sc_hd__a2bb2o_4)
     2    0.005328    0.059394    0.392273   13.288548 v _09031_/X (sky130_fd_sc_hd__a2bb2o_4)
                                                         _01512_ (net)
                      0.059394    0.000107   13.288655 v _09032_/B (sky130_fd_sc_hd__and2b_1)
     1    0.005021    0.084199    0.332303   13.620958 v _09032_/X (sky130_fd_sc_hd__and2b_1)
                                                         _01513_ (net)
                      0.084199    0.000157   13.621116 v _09035_/A (sky130_fd_sc_hd__xor2_1)
     1    0.004742    0.121518    0.314126   13.935241 v _09035_/X (sky130_fd_sc_hd__xor2_1)
                                                         _00064_ (net)
                      0.121518    0.000181   13.935422 v _13657_/D (sky130_fd_sc_hd__dfrtp_1)
                                             13.935422   data arrival time

                                 15.000000   15.000000   clock clk (rise edge)
                                  0.000000   15.000000   clock source latency
     1    0.050594    0.363095    0.258083   15.258083 ^ clk (in)
                                                         clk (net)
                      0.363560    0.000000   15.258083 ^ clkbuf_0_clk/A (sky130_fd_sc_hd__clkbuf_16)
     8    0.161004    0.263137    0.506523   15.764606 ^ clkbuf_0_clk/X (sky130_fd_sc_hd__clkbuf_16)
                                                         clknet_0_clk (net)
                      0.263320    0.006368   15.770974 ^ clkbuf_3_7__f_clk/A (sky130_fd_sc_hd__clkbuf_16)
    10    0.045622    0.101783    0.342633   16.113607 ^ clkbuf_3_7__f_clk/X (sky130_fd_sc_hd__clkbuf_16)
                                                         clknet_3_7__leaf_clk (net)
                      0.101849    0.002236   16.115843 ^ _13657_/CLK (sky130_fd_sc_hd__dfrtp_1)
                                 -0.250000   15.865844   clock uncertainty
                                  0.000000   15.865844   clock reconvergence pessimism
                                 -0.289550   15.576295   library setup time
                                             15.576295   data required time
---------------------------------------------------------------------------------------------
                                             15.576295   data required time
                                            -13.935422   data arrival time
---------------------------------------------------------------------------------------------
                                              1.640872   slack (MET)


Startpoint: x0[2] (input port clocked by clk)
Endpoint: _13691_ (rising edge-triggered flip-flop clocked by clk)
Path Group: clk
Path Type: max

Fanout         Cap        Slew       Delay        Time   Description
---------------------------------------------------------------------------------------------
                                  0.000000    0.000000   clock clk (rise edge)
                                  0.000000    0.000000   clock network delay (propagated)
                                  3.000000    3.000000 ^ input external delay
     1    0.003003    0.033593    0.016865    3.016865 ^ x0[2] (in)
                                                         x0[2] (net)
                      0.033593    0.000000    3.016865 ^ input132/A (sky130_fd_sc_hd__clkbuf_2)
     3    0.043466    0.369672    0.388443    3.405308 ^ input132/X (sky130_fd_sc_hd__clkbuf_2)
                                                         net132 (net)
                      0.369703    0.002804    3.408112 ^ fanout641/A (sky130_fd_sc_hd__clkbuf_4)
     7    0.071151    0.340630    0.578625    3.986737 ^ fanout641/X (sky130_fd_sc_hd__clkbuf_4)
                                                         net641 (net)
                      0.341000    0.007004    3.993741 ^ fanout638/A (sky130_fd_sc_hd__buf_4)
    10    0.066224    0.298346    0.494507    4.488248 ^ fanout638/X (sky130_fd_sc_hd__buf_4)
                                                         net638 (net)
                      0.298358    0.002215    4.490463 ^ _07160_/A (sky130_fd_sc_hd__nand2_1)
     3    0.007090    0.154005    0.237217    4.727680 v _07160_/Y (sky130_fd_sc_hd__nand2_1)
                                                         _05078_ (net)
                      0.154005    0.000144    4.727825 v _07163_/A (sky130_fd_sc_hd__or3_1)
     2    0.005773    0.167293    0.920518    5.648343 v _07163_/X (sky130_fd_sc_hd__or3_1)
                                                         _05111_ (net)
                      0.167293    0.000088    5.648431 v _07167_/A1 (sky130_fd_sc_hd__a21o_1)
     3    0.008728    0.106354    0.374941    6.023372 v _07167_/X (sky130_fd_sc_hd__a21o_1)
                                                         _05155_ (net)
                      0.106354    0.000205    6.023576 v _07169_/A2 (sky130_fd_sc_hd__a21o_1)
     2    0.006931    0.092333    0.365369    6.388945 v _07169_/X (sky130_fd_sc_hd__a21o_1)
                                                         _05177_ (net)
                      0.092333    0.000236    6.389181 v _07171_/B (sky130_fd_sc_hd__and3_1)
     4    0.013241    0.153050    0.432863    6.822043 v _07171_/X (sky130_fd_sc_hd__and3_1)
                                                         _05199_ (net)
                      0.153050    0.000348    6.822392 v _07174_/B (sky130_fd_sc_hd__nor3_1)
     2    0.010770    0.600883    0.593491    7.415882 ^ _07174_/Y (sky130_fd_sc_hd__nor3_1)
                                                         _05231_ (net)
                      0.600883    0.000388    7.416270 ^ _07177_/B1 (sky130_fd_sc_hd__a211oi_2)
     4    0.017095    0.199720    0.324032    7.740302 v _07177_/Y (sky130_fd_sc_hd__a211oi_2)
                                                         _05264_ (net)
                      0.199720    0.000462    7.740764 v _07179_/C (sky130_fd_sc_hd__nor4_2)
     3    0.011909    0.623860    0.634360    8.375124 ^ _07179_/Y (sky130_fd_sc_hd__nor4_2)
                                                         _05286_ (net)
                      0.623860    0.000167    8.375291 ^ max_cap240/A (sky130_fd_sc_hd__buf_1)
     2    0.010428    0.211480    0.425973    8.801264 ^ max_cap240/X (sky130_fd_sc_hd__buf_1)
                                                         net240 (net)
                      0.211480    0.000236    8.801500 ^ _07181_/B1 (sky130_fd_sc_hd__a211oi_2)
     5    0.015863    0.190342    0.178014    8.979514 v _07181_/Y (sky130_fd_sc_hd__a211oi_2)
                                                         _05308_ (net)
                      0.190342    0.000409    8.979923 v _07184_/B (sky130_fd_sc_hd__or3_1)
     2    0.007734    0.186082    0.910274    9.890197 v _07184_/X (sky130_fd_sc_hd__or3_1)
                                                         _05341_ (net)
                      0.186082    0.000128    9.890325 v _07186_/B1 (sky130_fd_sc_hd__o211a_1)
     4    0.016749    0.187084    0.394426   10.284750 v _07186_/X (sky130_fd_sc_hd__o211a_1)
                                                         _05363_ (net)
                      0.187084    0.000573   10.285323 v _07190_/B (sky130_fd_sc_hd__or3_4)
     2    0.009768    0.134273    0.788448   11.073771 v _07190_/X (sky130_fd_sc_hd__or3_4)
                                                         _05406_ (net)
                      0.134273    0.000260   11.074032 v _07331_/A1 (sky130_fd_sc_hd__a211o_4)
     4    0.013948    0.100391    0.629852   11.703883 v _07331_/X (sky130_fd_sc_hd__a211o_4)
                                                         _06562_ (net)
                      0.100391    0.000323   11.704206 v _07334_/A1 (sky130_fd_sc_hd__a211o_1)
     2    0.008494    0.135452    0.556131   12.260338 v _07334_/X (sky130_fd_sc_hd__a211o_1)
                                                         _06565_ (net)
                      0.135452    0.000261   12.260599 v _07336_/A2 (sky130_fd_sc_hd__a211o_1)
     2    0.005918    0.113418    0.598527   12.859127 v _07336_/X (sky130_fd_sc_hd__a211o_1)
                                                         _06567_ (net)
                      0.113418    0.000188   12.859315 v _07338_/B2 (sky130_fd_sc_hd__a22o_1)
     2    0.005075    0.091345    0.395461   13.254776 v _07338_/X (sky130_fd_sc_hd__a22o_1)
                                                         _06569_ (net)
                      0.091345    0.000067   13.254843 v _07339_/B (sky130_fd_sc_hd__and2b_1)
     1    0.004758    0.082378    0.345353   13.600196 v _07339_/X (sky130_fd_sc_hd__and2b_1)
                                                         _06570_ (net)
                      0.082378    0.000140   13.600336 v _07342_/A (sky130_fd_sc_hd__xor2_1)
     1    0.003966    0.111991    0.307144   13.907480 v _07342_/X (sky130_fd_sc_hd__xor2_1)
                                                         _00050_ (net)
                      0.111991    0.000138   13.907618 v _13691_/D (sky130_fd_sc_hd__dfrtp_1)
                                             13.907618   data arrival time

                                 15.000000   15.000000   clock clk (rise edge)
                                  0.000000   15.000000   clock source latency
     1    0.050594    0.363095    0.258083   15.258083 ^ clk (in)
                                                         clk (net)
                      0.363560    0.000000   15.258083 ^ clkbuf_0_clk/A (sky130_fd_sc_hd__clkbuf_16)
     8    0.161004    0.263137    0.506523   15.764606 ^ clkbuf_0_clk/X (sky130_fd_sc_hd__clkbuf_16)
                                                         clknet_0_clk (net)
                      0.263381    0.007240   15.771847 ^ clkbuf_3_3__f_clk/A (sky130_fd_sc_hd__clkbuf_16)
    10    0.032983    0.085233    0.326217   16.098064 ^ clkbuf_3_3__f_clk/X (sky130_fd_sc_hd__clkbuf_16)
                                                         clknet_3_3__leaf_clk (net)
                      0.085246    0.001107   16.099171 ^ _13691_/CLK (sky130_fd_sc_hd__dfrtp_1)
                                 -0.250000   15.849172   clock uncertainty
                                  0.000000   15.849172   clock reconvergence pessimism
                                 -0.290009   15.559161   library setup time
                                             15.559161   data required time
---------------------------------------------------------------------------------------------
                                             15.559161   data required time
                                            -13.907618   data arrival time
---------------------------------------------------------------------------------------------
                                              1.651544   slack (MET)


Startpoint: x3[1] (input port clocked by clk)
Endpoint: _13640_ (rising edge-triggered flip-flop clocked by clk)
Path Group: clk
Path Type: max

Fanout         Cap        Slew       Delay        Time   Description
---------------------------------------------------------------------------------------------
                                  0.000000    0.000000   clock clk (rise edge)
                                  0.000000    0.000000   clock network delay (propagated)
                                  3.000000    3.000000 ^ input external delay
     1    0.002706    0.031635    0.015296    3.015296 ^ x3[1] (in)
                                                         x3[1] (net)
                      0.031635    0.000000    3.015296 ^ input155/A (sky130_fd_sc_hd__buf_1)
     1    0.009197    0.186527    0.216427    3.231723 ^ input155/X (sky130_fd_sc_hd__buf_1)
                                                         net155 (net)
                      0.186587    0.000562    3.232285 ^ fanout465/A (sky130_fd_sc_hd__clkbuf_4)
     6    0.092047    0.430083    0.563696    3.795981 ^ fanout465/X (sky130_fd_sc_hd__clkbuf_4)
                                                         net465 (net)
                      0.430143    0.004269    3.800250 ^ fanout464/A (sky130_fd_sc_hd__buf_2)
     6    0.044980    0.352821    0.551366    4.351615 ^ fanout464/X (sky130_fd_sc_hd__buf_2)
                                                         net464 (net)
                      0.352821    0.000469    4.352085 ^ fanout462/A (sky130_fd_sc_hd__buf_2)
    10    0.049051    0.383151    0.541675    4.893760 ^ fanout462/X (sky130_fd_sc_hd__buf_2)
                                                         net462 (net)
                      0.383369    0.005034    4.898794 ^ _12079_/A (sky130_fd_sc_hd__and4_1)
     2    0.004996    0.131397    0.486616    5.385410 ^ _12079_/X (sky130_fd_sc_hd__and4_1)
                                                         _04829_ (net)
                      0.131397    0.000093    5.385503 ^ _12081_/A_N (sky130_fd_sc_hd__and2b_1)
     1    0.005179    0.085447    0.403840    5.789342 v _12081_/X (sky130_fd_sc_hd__and2b_1)
                                                         _04831_ (net)
                      0.085447    0.000159    5.789502 v _12082_/B (sky130_fd_sc_hd__xnor2_1)
     2    0.008613    0.373607    0.363875    6.153377 ^ _12082_/Y (sky130_fd_sc_hd__xnor2_1)
                                                         _04832_ (net)
                      0.373607    0.000268    6.153645 ^ _12089_/A (sky130_fd_sc_hd__xor2_1)
     2    0.008193    0.336937    0.453758    6.607403 ^ _12089_/X (sky130_fd_sc_hd__xor2_1)
                                                         _04840_ (net)
                      0.336937    0.000207    6.607611 ^ _12091_/B (sky130_fd_sc_hd__xnor2_1)
     2    0.005406    0.128287    0.242050    6.849660 v _12091_/Y (sky130_fd_sc_hd__xnor2_1)
                                                         _04842_ (net)
                      0.128287    0.000086    6.849746 v _12094_/A (sky130_fd_sc_hd__and2_1)
     3    0.011047    0.134380    0.370226    7.219972 v _12094_/X (sky130_fd_sc_hd__and2_1)
                                                         _04845_ (net)
                      0.134380    0.000189    7.220160 v _12096_/A (sky130_fd_sc_hd__or2_1)
     3    0.008435    0.145594    0.583583    7.803744 v _12096_/X (sky130_fd_sc_hd__or2_1)
                                                         _04847_ (net)
                      0.145594    0.000133    7.803877 v _12136_/A (sky130_fd_sc_hd__or3_4)
     2    0.012763    0.141457    0.821971    8.625848 v _12136_/X (sky130_fd_sc_hd__or3_4)
                                                         _04891_ (net)
                      0.141457    0.000282    8.626129 v _12280_/C1 (sky130_fd_sc_hd__o211a_1)
     3    0.007802    0.114686    0.274934    8.901063 v _12280_/X (sky130_fd_sc_hd__o211a_1)
                                                         _05049_ (net)
                      0.114686    0.000108    8.901172 v _12282_/C (sky130_fd_sc_hd__or3_4)
     2    0.008291    0.130901    0.684566    9.585738 v _12282_/X (sky130_fd_sc_hd__or3_4)
                                                         _05051_ (net)
                      0.130901    0.000211    9.585949 v _12284_/B1 (sky130_fd_sc_hd__o211a_4)
     4    0.015223    0.089887    0.306573    9.892523 v _12284_/X (sky130_fd_sc_hd__o211a_4)
                                                         _05053_ (net)
                      0.089967    0.000242    9.892764 v _12288_/B (sky130_fd_sc_hd__or4_4)
     2    0.011416    0.178123    1.061430   10.954194 v _12288_/X (sky130_fd_sc_hd__or4_4)
                                                         _05058_ (net)
                      0.178123    0.000279   10.954473 v _12426_/A1 (sky130_fd_sc_hd__a211o_4)
     4    0.012381    0.096619    0.642581   11.597054 v _12426_/X (sky130_fd_sc_hd__a211o_4)
                                                         _05208_ (net)
                      0.096619    0.000286   11.597341 v _12429_/A2 (sky130_fd_sc_hd__a211o_1)
     2    0.011217    0.160543    0.635132   12.232472 v _12429_/X (sky130_fd_sc_hd__a211o_1)
                                                         _05212_ (net)
                      0.160543    0.000403   12.232876 v _12431_/A1 (sky130_fd_sc_hd__a211o_1)
     2    0.005214    0.108201    0.549169   12.782044 v _12431_/X (sky130_fd_sc_hd__a211o_1)
                                                         _05214_ (net)
                      0.108201    0.000095   12.782139 v _12432_/D (sky130_fd_sc_hd__and4_1)
     2    0.006476    0.102457    0.453011   13.235150 v _12432_/X (sky130_fd_sc_hd__and4_1)
                                                         _05215_ (net)
                      0.102457    0.000091   13.235241 v _12434_/A_N (sky130_fd_sc_hd__nand2b_1)
     1    0.006098    0.136130    0.348106   13.583346 v _12434_/Y (sky130_fd_sc_hd__nand2b_1)
                                                         _05217_ (net)
                      0.136130    0.000203   13.583549 v _12437_/A (sky130_fd_sc_hd__xnor2_1)
     1    0.003026    0.094370    0.246846   13.830395 v _12437_/Y (sky130_fd_sc_hd__xnor2_1)
                                                         _00036_ (net)
                      0.094370    0.000094   13.830489 v _13640_/D (sky130_fd_sc_hd__dfrtp_1)
                                             13.830489   data arrival time

                                 15.000000   15.000000   clock clk (rise edge)
                                  0.000000   15.000000   clock source latency
     1    0.050594    0.363095    0.258083   15.258083 ^ clk (in)
                                                         clk (net)
                      0.363560    0.000000   15.258083 ^ clkbuf_0_clk/A (sky130_fd_sc_hd__clkbuf_16)
     8    0.161004    0.263137    0.506523   15.764606 ^ clkbuf_0_clk/X (sky130_fd_sc_hd__clkbuf_16)
                                                         clknet_0_clk (net)
                      0.263391    0.007367   15.771973 ^ clkbuf_3_6__f_clk/A (sky130_fd_sc_hd__clkbuf_16)
    10    0.030774    0.082164    0.323242   16.095215 ^ clkbuf_3_6__f_clk/X (sky130_fd_sc_hd__clkbuf_16)
                                                         clknet_3_6__leaf_clk (net)
                      0.082179    0.001060   16.096275 ^ _13640_/CLK (sky130_fd_sc_hd__dfrtp_1)
                                 -0.250000   15.846276   clock uncertainty
                                  0.000000   15.846276   clock reconvergence pessimism
                                 -0.283480   15.562796   library setup time
                                             15.562796   data required time
---------------------------------------------------------------------------------------------
                                             15.562796   data required time
                                            -13.830489   data arrival time
---------------------------------------------------------------------------------------------
                                              1.732307   slack (MET)


Startpoint: x0[0] (input port clocked by clk)
Endpoint: _13675_ (rising edge-triggered flip-flop clocked by clk)
Path Group: clk
Path Type: max

Fanout         Cap        Slew       Delay        Time   Description
---------------------------------------------------------------------------------------------
                                  0.000000    0.000000   clock clk (rise edge)
                                  0.000000    0.000000   clock network delay (propagated)
                                  3.000000    3.000000 ^ input external delay
     1    0.002923    0.033065    0.016438    3.016438 ^ x0[0] (in)
                                                         x0[0] (net)
                      0.033065    0.000000    3.016438 ^ input130/A (sky130_fd_sc_hd__clkbuf_2)
     2    0.034881    0.300022    0.338654    3.355092 ^ input130/X (sky130_fd_sc_hd__clkbuf_2)
                                                         net130 (net)
                      0.300045    0.002198    3.357290 ^ fanout658/A (sky130_fd_sc_hd__buf_4)
     6    0.046360    0.215434    0.417713    3.775003 ^ fanout658/X (sky130_fd_sc_hd__buf_4)
                                                         net658 (net)
                      0.215434    0.000751    3.775755 ^ fanout655/A (sky130_fd_sc_hd__buf_6)
    10    0.060556    0.200315    0.343227    4.118982 ^ fanout655/X (sky130_fd_sc_hd__buf_6)
                                                         net655 (net)
                      0.200424    0.000939    4.119921 ^ fanout654/A (sky130_fd_sc_hd__clkbuf_4)
    10    0.050315    0.249638    0.440326    4.560247 ^ fanout654/X (sky130_fd_sc_hd__clkbuf_4)
                                                         net654 (net)
                      0.249642    0.001423    4.561670 ^ _10393_/A (sky130_fd_sc_hd__nand4_1)
     3    0.009303    0.346110    0.373639    4.935309 v _10393_/Y (sky130_fd_sc_hd__nand4_1)
                                                         _02992_ (net)
                      0.346110    0.000220    4.935530 v _10403_/A1 (sky130_fd_sc_hd__a21o_1)
     2    0.005725    0.083224    0.424456    5.359985 v _10403_/X (sky130_fd_sc_hd__a21o_1)
                                                         _03003_ (net)
                      0.083224    0.000129    5.360114 v _10404_/C (sky130_fd_sc_hd__and3_1)
     3    0.006513    0.100869    0.400591    5.760705 v _10404_/X (sky130_fd_sc_hd__and3_1)
                                                         _03004_ (net)
                      0.100869    0.000103    5.760808 v _10407_/A (sky130_fd_sc_hd__or3_1)
     2    0.006340    0.172864    0.907761    6.668569 v _10407_/X (sky130_fd_sc_hd__or3_1)
                                                         _03007_ (net)
                      0.172864    0.000102    6.668670 v _10417_/A1 (sky130_fd_sc_hd__a21o_1)
     3    0.008250    0.102548    0.373747    7.042417 v _10417_/X (sky130_fd_sc_hd__a21o_1)
                                                         _03018_ (net)
                      0.102548    0.000196    7.042613 v _10419_/A2 (sky130_fd_sc_hd__a21bo_1)
     2    0.004829    0.079254    0.370090    7.412703 v _10419_/X (sky130_fd_sc_hd__a21bo_1)
                                                         _03021_ (net)
                      0.079254    0.000102    7.412805 v _10420_/C (sky130_fd_sc_hd__and3_1)
     4    0.013693    0.156655    0.458244    7.871049 v _10420_/X (sky130_fd_sc_hd__and3_1)
                                                         _03022_ (net)
                      0.156655    0.000457    7.871505 v _10424_/B (sky130_fd_sc_hd__or3_4)
     2    0.007071    0.127709    0.763240    8.634746 v _10424_/X (sky130_fd_sc_hd__or3_4)
                                                         _03026_ (net)
                      0.127709    0.000168    8.634913 v _10569_/C1 (sky130_fd_sc_hd__o211a_1)
     3    0.007898    0.115446    0.269220    8.904134 v _10569_/X (sky130_fd_sc_hd__o211a_1)
                                                         _03185_ (net)
                      0.115446    0.000154    8.904287 v _10571_/C (sky130_fd_sc_hd__or3_1)
     2    0.006340    0.172389    0.786853    9.691140 v _10571_/X (sky130_fd_sc_hd__or3_1)
                                                         _03187_ (net)
                      0.172389    0.000146    9.691286 v _10573_/B1 (sky130_fd_sc_hd__o211a_1)
     4    0.014857    0.171253    0.375209   10.066496 v _10573_/X (sky130_fd_sc_hd__o211a_1)
                                                         _03189_ (net)
                      0.171253    0.000494   10.066989 v _10577_/C (sky130_fd_sc_hd__or4_4)
     2    0.007386    0.166313    1.008962   11.075952 v _10577_/X (sky130_fd_sc_hd__or4_4)
                                                         _03193_ (net)
                      0.166313    0.000206   11.076158 v _10717_/A1 (sky130_fd_sc_hd__a211o_4)
     3    0.012760    0.097503    0.638972   11.715129 v _10717_/X (sky130_fd_sc_hd__a211o_4)
                                                         _03346_ (net)
                      0.097503    0.000343   11.715471 v _10720_/B1 (sky130_fd_sc_hd__o211a_1)
     3    0.010002    0.134097    0.300660   12.016131 v _10720_/X (sky130_fd_sc_hd__o211a_1)
                                                         _03350_ (net)
                      0.134097    0.000218   12.016350 v _10722_/C1 (sky130_fd_sc_hd__a211o_1)
     4    0.012374    0.171638    0.549694   12.566044 v _10722_/X (sky130_fd_sc_hd__a211o_1)
                                                         _03352_ (net)
                      0.171638    0.000251   12.566295 v _10724_/C (sky130_fd_sc_hd__and4_1)
     2    0.004144    0.084870    0.443197   13.009492 v _10724_/X (sky130_fd_sc_hd__and4_1)
                                                         _03354_ (net)
                      0.084870    0.000111   13.009603 v _10887_/B1 (sky130_fd_sc_hd__a21oi_1)
     3    0.008941    0.352439    0.333829   13.343431 ^ _10887_/Y (sky130_fd_sc_hd__a21oi_1)
                                                         _03532_ (net)
                      0.352439    0.000203   13.343635 ^ _10888_/B1 (sky130_fd_sc_hd__o21ai_1)
     1    0.002778    0.119302    0.224359   13.567993 v _10888_/Y (sky130_fd_sc_hd__o21ai_1)
                                                         _03534_ (net)
                      0.119302    0.000080   13.568073 v _10889_/B1 (sky130_fd_sc_hd__o21a_1)
     1    0.003033    0.067024    0.213065   13.781138 v _10889_/X (sky130_fd_sc_hd__o21a_1)
                                                         _00023_ (net)
                      0.067024    0.000094   13.781233 v _13675_/D (sky130_fd_sc_hd__dfrtp_1)
                                             13.781233   data arrival time

                                 15.000000   15.000000   clock clk (rise edge)
                                  0.000000   15.000000   clock source latency
     1    0.050594    0.363095    0.258083   15.258083 ^ clk (in)
                                                         clk (net)
                      0.363560    0.000000   15.258083 ^ clkbuf_0_clk/A (sky130_fd_sc_hd__clkbuf_16)
     8    0.161004    0.263137    0.506523   15.764606 ^ clkbuf_0_clk/X (sky130_fd_sc_hd__clkbuf_16)
                                                         clknet_0_clk (net)
                      0.263474    0.008367   15.772973 ^ clkbuf_3_2__f_clk/A (sky130_fd_sc_hd__clkbuf_16)
    10    0.038118    0.092712    0.332619   16.105593 ^ clkbuf_3_2__f_clk/X (sky130_fd_sc_hd__clkbuf_16)
                                                         clknet_3_2__leaf_clk (net)
                      0.092886    0.003533   16.109125 ^ _13675_/CLK (sky130_fd_sc_hd__dfrtp_1)
                                 -0.250000   15.859126   clock uncertainty
                                  0.000000   15.859126   clock reconvergence pessimism
                                 -0.269224   15.589901   library setup time
                                             15.589901   data required time
---------------------------------------------------------------------------------------------
                                             15.589901   data required time
                                            -13.781233   data arrival time
---------------------------------------------------------------------------------------------
                                              1.808669   slack (MET)


Startpoint: x0[0] (input port clocked by clk)
Endpoint: _13674_ (rising edge-triggered flip-flop clocked by clk)
Path Group: clk
Path Type: max

Fanout         Cap        Slew       Delay        Time   Description
---------------------------------------------------------------------------------------------
                                  0.000000    0.000000   clock clk (rise edge)
                                  0.000000    0.000000   clock network delay (propagated)
                                  3.000000    3.000000 ^ input external delay
     1    0.002923    0.033065    0.016438    3.016438 ^ x0[0] (in)
                                                         x0[0] (net)
                      0.033065    0.000000    3.016438 ^ input130/A (sky130_fd_sc_hd__clkbuf_2)
     2    0.034881    0.300022    0.338654    3.355092 ^ input130/X (sky130_fd_sc_hd__clkbuf_2)
                                                         net130 (net)
                      0.300045    0.002198    3.357290 ^ fanout658/A (sky130_fd_sc_hd__buf_4)
     6    0.046360    0.215434    0.417713    3.775003 ^ fanout658/X (sky130_fd_sc_hd__buf_4)
                                                         net658 (net)
                      0.215434    0.000751    3.775755 ^ fanout655/A (sky130_fd_sc_hd__buf_6)
    10    0.060556    0.200315    0.343227    4.118982 ^ fanout655/X (sky130_fd_sc_hd__buf_6)
                                                         net655 (net)
                      0.200424    0.000939    4.119921 ^ fanout654/A (sky130_fd_sc_hd__clkbuf_4)
    10    0.050315    0.249638    0.440326    4.560247 ^ fanout654/X (sky130_fd_sc_hd__clkbuf_4)
                                                         net654 (net)
                      0.249642    0.001423    4.561670 ^ _10393_/A (sky130_fd_sc_hd__nand4_1)
     3    0.009303    0.346110    0.373639    4.935309 v _10393_/Y (sky130_fd_sc_hd__nand4_1)
                                                         _02992_ (net)
                      0.346110    0.000220    4.935530 v _10403_/A1 (sky130_fd_sc_hd__a21o_1)
     2    0.005725    0.083224    0.424456    5.359985 v _10403_/X (sky130_fd_sc_hd__a21o_1)
                                                         _03003_ (net)
                      0.083224    0.000129    5.360114 v _10404_/C (sky130_fd_sc_hd__and3_1)
     3    0.006513    0.100869    0.400591    5.760705 v _10404_/X (sky130_fd_sc_hd__and3_1)
                                                         _03004_ (net)
                      0.100869    0.000103    5.760808 v _10407_/A (sky130_fd_sc_hd__or3_1)
     2    0.006340    0.172864    0.907761    6.668569 v _10407_/X (sky130_fd_sc_hd__or3_1)
                                                         _03007_ (net)
                      0.172864    0.000102    6.668670 v _10417_/A1 (sky130_fd_sc_hd__a21o_1)
     3    0.008250    0.102548    0.373747    7.042417 v _10417_/X (sky130_fd_sc_hd__a21o_1)
                                                         _03018_ (net)
                      0.102548    0.000196    7.042613 v _10419_/A2 (sky130_fd_sc_hd__a21bo_1)
     2    0.004829    0.079254    0.370090    7.412703 v _10419_/X (sky130_fd_sc_hd__a21bo_1)
                                                         _03021_ (net)
                      0.079254    0.000102    7.412805 v _10420_/C (sky130_fd_sc_hd__and3_1)
     4    0.013693    0.156655    0.458244    7.871049 v _10420_/X (sky130_fd_sc_hd__and3_1)
                                                         _03022_ (net)
                      0.156655    0.000457    7.871505 v _10424_/B (sky130_fd_sc_hd__or3_4)
     2    0.007071    0.127709    0.763240    8.634746 v _10424_/X (sky130_fd_sc_hd__or3_4)
                                                         _03026_ (net)
                      0.127709    0.000168    8.634913 v _10569_/C1 (sky130_fd_sc_hd__o211a_1)
     3    0.007898    0.115446    0.269220    8.904134 v _10569_/X (sky130_fd_sc_hd__o211a_1)
                                                         _03185_ (net)
                      0.115446    0.000154    8.904287 v _10571_/C (sky130_fd_sc_hd__or3_1)
     2    0.006340    0.172389    0.786853    9.691140 v _10571_/X (sky130_fd_sc_hd__or3_1)
                                                         _03187_ (net)
                      0.172389    0.000146    9.691286 v _10573_/B1 (sky130_fd_sc_hd__o211a_1)
     4    0.014857    0.171253    0.375209   10.066496 v _10573_/X (sky130_fd_sc_hd__o211a_1)
                                                         _03189_ (net)
                      0.171253    0.000494   10.066989 v _10577_/C (sky130_fd_sc_hd__or4_4)
     2    0.007386    0.166313    1.008962   11.075952 v _10577_/X (sky130_fd_sc_hd__or4_4)
                                                         _03193_ (net)
                      0.166313    0.000206   11.076158 v _10717_/A1 (sky130_fd_sc_hd__a211o_4)
     3    0.012760    0.097503    0.638972   11.715129 v _10717_/X (sky130_fd_sc_hd__a211o_4)
                                                         _03346_ (net)
                      0.097503    0.000343   11.715471 v _10720_/B1 (sky130_fd_sc_hd__o211a_1)
     3    0.010002    0.134097    0.300660   12.016131 v _10720_/X (sky130_fd_sc_hd__o211a_1)
                                                         _03350_ (net)
                      0.134097    0.000218   12.016350 v _10722_/C1 (sky130_fd_sc_hd__a211o_1)
     4    0.012374    0.171638    0.549694   12.566044 v _10722_/X (sky130_fd_sc_hd__a211o_1)
                                                         _03352_ (net)
                      0.171638    0.000251   12.566295 v _10724_/C (sky130_fd_sc_hd__and4_1)
     2    0.004144    0.084870    0.443197   13.009492 v _10724_/X (sky130_fd_sc_hd__and4_1)
                                                         _03354_ (net)
                      0.084870    0.000093   13.009584 v _10726_/A_N (sky130_fd_sc_hd__nand2b_1)
     1    0.004489    0.113434    0.319688   13.329273 v _10726_/Y (sky130_fd_sc_hd__nand2b_1)
                                                         _03356_ (net)
                      0.113434    0.000089   13.329362 v _10729_/A (sky130_fd_sc_hd__xnor2_1)
     1    0.002873    0.092181    0.233673   13.563035 v _10729_/Y (sky130_fd_sc_hd__xnor2_1)
                                                         _00022_ (net)
                      0.092181    0.000083   13.563117 v _13674_/D (sky130_fd_sc_hd__dfrtp_1)
                                             13.563117   data arrival time

                                 15.000000   15.000000   clock clk (rise edge)
                                  0.000000   15.000000   clock source latency
     1    0.050594    0.363095    0.258083   15.258083 ^ clk (in)
                                                         clk (net)
                      0.363560    0.000000   15.258083 ^ clkbuf_0_clk/A (sky130_fd_sc_hd__clkbuf_16)
     8    0.161004    0.263137    0.506523   15.764606 ^ clkbuf_0_clk/X (sky130_fd_sc_hd__clkbuf_16)
                                                         clknet_0_clk (net)
                      0.263474    0.008367   15.772973 ^ clkbuf_3_2__f_clk/A (sky130_fd_sc_hd__clkbuf_16)
    10    0.038118    0.092712    0.332619   16.105593 ^ clkbuf_3_2__f_clk/X (sky130_fd_sc_hd__clkbuf_16)
                                                         clknet_3_2__leaf_clk (net)
                      0.092830    0.002988   16.108580 ^ _13674_/CLK (sky130_fd_sc_hd__dfrtp_1)
                                 -0.250000   15.858581   clock uncertainty
                                  0.000000   15.858581   clock reconvergence pessimism
                                 -0.279727   15.578855   library setup time
                                             15.578855   data required time
---------------------------------------------------------------------------------------------
                                             15.578855   data required time
                                            -13.563117   data arrival time
---------------------------------------------------------------------------------------------
                                              2.015737   slack (MET)


Startpoint: x0[4] (input port clocked by clk)
Endpoint: _13656_ (rising edge-triggered flip-flop clocked by clk)
Path Group: clk
Path Type: max

Fanout         Cap        Slew       Delay        Time   Description
---------------------------------------------------------------------------------------------
                                  0.000000    0.000000   clock clk (rise edge)
                                  0.000000    0.000000   clock network delay (propagated)
                                  3.000000    3.000000 ^ input external delay
     1    0.002769    0.032050    0.015627    3.015627 ^ x0[4] (in)
                                                         x0[4] (net)
                      0.032050    0.000000    3.015627 ^ input134/A (sky130_fd_sc_hd__buf_1)
     1    0.013181    0.258685    0.268088    3.283715 ^ input134/X (sky130_fd_sc_hd__buf_1)
                                                         net134 (net)
                      0.258687    0.000679    3.284394 ^ fanout626/A (sky130_fd_sc_hd__buf_4)
     7    0.089709    0.395407    0.531063    3.815457 ^ fanout626/X (sky130_fd_sc_hd__buf_4)
                                                         net626 (net)
                      0.395476    0.005123    3.820580 ^ fanout625/A (sky130_fd_sc_hd__buf_2)
     7    0.037390    0.296372    0.498513    4.319093 ^ fanout625/X (sky130_fd_sc_hd__buf_2)
                                                         net625 (net)
                      0.296372    0.000916    4.320009 ^ fanout624/A (sky130_fd_sc_hd__clkbuf_4)
    10    0.054264    0.267645    0.494441    4.814450 ^ fanout624/X (sky130_fd_sc_hd__clkbuf_4)
                                                         net624 (net)
                      0.267645    0.000646    4.815096 ^ _08850_/B (sky130_fd_sc_hd__and4_1)
     2    0.004497    0.125147    0.459238    5.274333 ^ _08850_/X (sky130_fd_sc_hd__and4_1)
                                                         _01316_ (net)
                      0.125147    0.000104    5.274437 ^ _08852_/A_N (sky130_fd_sc_hd__and2b_1)
     1    0.005186    0.085497    0.401248    5.675685 v _08852_/X (sky130_fd_sc_hd__and2b_1)
                                                         _01318_ (net)
                      0.085497    0.000113    5.675798 v _08853_/B (sky130_fd_sc_hd__xnor2_1)
     3    0.012220    0.492308    0.453428    6.129226 ^ _08853_/Y (sky130_fd_sc_hd__xnor2_1)
                                                         _01319_ (net)
                      0.492308    0.000314    6.129539 ^ _08862_/A (sky130_fd_sc_hd__nand3_2)
     3    0.008105    0.195501    0.296906    6.426445 v _08862_/Y (sky130_fd_sc_hd__nand3_2)
                                                         _01328_ (net)
                      0.195501    0.000125    6.426570 v _08865_/B (sky130_fd_sc_hd__and3_1)
     2    0.007145    0.105930    0.432947    6.859517 v _08865_/X (sky130_fd_sc_hd__and3_1)
                                                         _01331_ (net)
                      0.105930    0.000180    6.859697 v _08868_/A (sky130_fd_sc_hd__or3_4)
     4    0.020999    0.166413    0.846165    7.705863 v _08868_/X (sky130_fd_sc_hd__or3_4)
                                                         _01334_ (net)
                      0.166414    0.000868    7.706730 v _08871_/A (sky130_fd_sc_hd__and3_4)
     4    0.022475    0.095907    0.360876    8.067606 v _08871_/X (sky130_fd_sc_hd__and3_4)
                                                         _01337_ (net)
                      0.095909    0.000562    8.068169 v _08874_/A1 (sky130_fd_sc_hd__o21a_4)
     2    0.013356    0.079216    0.428474    8.496643 v _08874_/X (sky130_fd_sc_hd__o21a_4)
                                                         _01340_ (net)
                      0.079216    0.000290    8.496933 v _08876_/A2 (sky130_fd_sc_hd__o211a_1)
     3    0.009468    0.129357    0.441096    8.938029 v _08876_/X (sky130_fd_sc_hd__o211a_1)
                                                         _01342_ (net)
                      0.129357    0.000277    8.938307 v _08878_/A (sky130_fd_sc_hd__or3_4)
     2    0.007274    0.128312    0.788478    9.726784 v _08878_/X (sky130_fd_sc_hd__or3_4)
                                                         _01345_ (net)
                      0.128312    0.000091    9.726875 v rebuffer3/A (sky130_fd_sc_hd__dlymetal6s2s_1)
     1    0.003122    0.076180    0.306731   10.033607 v rebuffer3/X (sky130_fd_sc_hd__dlymetal6s2s_1)
                                                         net722 (net)
                      0.076180    0.000091   10.033698 v _08882_/A1 (sky130_fd_sc_hd__a211oi_1)
     3    0.011926    0.724916    0.674659   10.708356 ^ _08882_/Y (sky130_fd_sc_hd__a211oi_1)
                                                         _01349_ (net)
                      0.724916    0.000533   10.708889 ^ _08883_/D (sky130_fd_sc_hd__nor4_1)
     2    0.006475    0.179410    0.320669   11.029558 v _08883_/Y (sky130_fd_sc_hd__nor4_1)
                                                         _01350_ (net)
                      0.179410    0.000176   11.029734 v _08887_/A1 (sky130_fd_sc_hd__o211a_1)
     3    0.009953    0.133625    0.514818   11.544552 v _08887_/X (sky130_fd_sc_hd__o211a_1)
                                                         _01354_ (net)
                      0.133625    0.000157   11.544709 v _08889_/C (sky130_fd_sc_hd__or3_1)
     4    0.012225    0.236453    0.872893   12.417603 v _08889_/X (sky130_fd_sc_hd__or3_1)
                                                         _01357_ (net)
                      0.236453    0.000238   12.417840 v _08894_/A1 (sky130_fd_sc_hd__a21o_1)
     3    0.007984    0.100392    0.398774   12.816615 v _08894_/X (sky130_fd_sc_hd__a21o_1)
                                                         _01362_ (net)
                      0.100392    0.000157   12.816772 v _08896_/B2 (sky130_fd_sc_hd__a22o_1)
     1    0.001922    0.063388    0.353801   13.170572 v _08896_/X (sky130_fd_sc_hd__a22o_1)
                                                         _01364_ (net)
                      0.063388    0.000053   13.170626 v _08897_/B (sky130_fd_sc_hd__and2b_1)
     1    0.005024    0.084239    0.334144   13.504770 v _08897_/X (sky130_fd_sc_hd__and2b_1)
                                                         _00063_ (net)
                      0.084239    0.000200   13.504970 v _13656_/D (sky130_fd_sc_hd__dfrtp_1)
                                             13.504970   data arrival time

                                 15.000000   15.000000   clock clk (rise edge)
                                  0.000000   15.000000   clock source latency
     1    0.050594    0.363095    0.258083   15.258083 ^ clk (in)
                                                         clk (net)
                      0.363560    0.000000   15.258083 ^ clkbuf_0_clk/A (sky130_fd_sc_hd__clkbuf_16)
     8    0.161004    0.263137    0.506523   15.764606 ^ clkbuf_0_clk/X (sky130_fd_sc_hd__clkbuf_16)
                                                         clknet_0_clk (net)
                      0.263320    0.006368   15.770974 ^ clkbuf_3_7__f_clk/A (sky130_fd_sc_hd__clkbuf_16)
    10    0.045622    0.101783    0.342633   16.113607 ^ clkbuf_3_7__f_clk/X (sky130_fd_sc_hd__clkbuf_16)
                                                         clknet_3_7__leaf_clk (net)
                      0.101857    0.002348   16.115955 ^ _13656_/CLK (sky130_fd_sc_hd__dfrtp_1)
                                 -0.250000   15.865956   clock uncertainty
                                  0.000000   15.865956   clock reconvergence pessimism
                                 -0.274010   15.591946   library setup time
                                             15.591946   data required time
---------------------------------------------------------------------------------------------
                                             15.591946   data required time
                                            -13.504970   data arrival time
---------------------------------------------------------------------------------------------
                                              2.086976   slack (MET)


Startpoint: x3[1] (input port clocked by clk)
Endpoint: _13639_ (rising edge-triggered flip-flop clocked by clk)
Path Group: clk
Path Type: max

Fanout         Cap        Slew       Delay        Time   Description
---------------------------------------------------------------------------------------------
                                  0.000000    0.000000   clock clk (rise edge)
                                  0.000000    0.000000   clock network delay (propagated)
                                  3.000000    3.000000 ^ input external delay
     1    0.002706    0.031635    0.015296    3.015296 ^ x3[1] (in)
                                                         x3[1] (net)
                      0.031635    0.000000    3.015296 ^ input155/A (sky130_fd_sc_hd__buf_1)
     1    0.009197    0.186527    0.216427    3.231723 ^ input155/X (sky130_fd_sc_hd__buf_1)
                                                         net155 (net)
                      0.186587    0.000562    3.232285 ^ fanout465/A (sky130_fd_sc_hd__clkbuf_4)
     6    0.092047    0.430083    0.563696    3.795981 ^ fanout465/X (sky130_fd_sc_hd__clkbuf_4)
                                                         net465 (net)
                      0.430143    0.004269    3.800250 ^ fanout464/A (sky130_fd_sc_hd__buf_2)
     6    0.044980    0.352821    0.551366    4.351615 ^ fanout464/X (sky130_fd_sc_hd__buf_2)
                                                         net464 (net)
                      0.352821    0.000469    4.352085 ^ fanout462/A (sky130_fd_sc_hd__buf_2)
    10    0.049051    0.383151    0.541675    4.893760 ^ fanout462/X (sky130_fd_sc_hd__buf_2)
                                                         net462 (net)
                      0.383369    0.005034    4.898794 ^ _12079_/A (sky130_fd_sc_hd__and4_1)
     2    0.004996    0.131397    0.486616    5.385410 ^ _12079_/X (sky130_fd_sc_hd__and4_1)
                                                         _04829_ (net)
                      0.131397    0.000093    5.385503 ^ _12081_/A_N (sky130_fd_sc_hd__and2b_1)
     1    0.005179    0.085447    0.403840    5.789342 v _12081_/X (sky130_fd_sc_hd__and2b_1)
                                                         _04831_ (net)
                      0.085447    0.000159    5.789502 v _12082_/B (sky130_fd_sc_hd__xnor2_1)
     2    0.008613    0.373607    0.363875    6.153377 ^ _12082_/Y (sky130_fd_sc_hd__xnor2_1)
                                                         _04832_ (net)
                      0.373607    0.000268    6.153645 ^ _12089_/A (sky130_fd_sc_hd__xor2_1)
     2    0.008193    0.336937    0.453758    6.607403 ^ _12089_/X (sky130_fd_sc_hd__xor2_1)
                                                         _04840_ (net)
                      0.336937    0.000207    6.607611 ^ _12091_/B (sky130_fd_sc_hd__xnor2_1)
     2    0.005406    0.128287    0.242050    6.849660 v _12091_/Y (sky130_fd_sc_hd__xnor2_1)
                                                         _04842_ (net)
                      0.128287    0.000086    6.849746 v _12094_/A (sky130_fd_sc_hd__and2_1)
     3    0.011047    0.134380    0.370226    7.219972 v _12094_/X (sky130_fd_sc_hd__and2_1)
                                                         _04845_ (net)
                      0.134380    0.000189    7.220160 v _12096_/A (sky130_fd_sc_hd__or2_1)
     3    0.008435    0.145594    0.583583    7.803744 v _12096_/X (sky130_fd_sc_hd__or2_1)
                                                         _04847_ (net)
                      0.145594    0.000133    7.803877 v _12136_/A (sky130_fd_sc_hd__or3_4)
     2    0.012763    0.141457    0.821971    8.625848 v _12136_/X (sky130_fd_sc_hd__or3_4)
                                                         _04891_ (net)
                      0.141457    0.000355    8.626204 v _12279_/A2 (sky130_fd_sc_hd__a211oi_4)
     5    0.017311    0.440058    0.560325    9.186528 ^ _12279_/Y (sky130_fd_sc_hd__a211oi_4)
                                                         _05048_ (net)
                      0.440058    0.000337    9.186865 ^ _12283_/A1 (sky130_fd_sc_hd__o21ai_1)
     2    0.008749    0.199845    0.347836    9.534700 v _12283_/Y (sky130_fd_sc_hd__o21ai_1)
                                                         _05052_ (net)
                      0.199845    0.000205    9.534905 v _12286_/A2 (sky130_fd_sc_hd__a211oi_1)
     3    0.011553    0.707177    0.758065   10.292971 ^ _12286_/Y (sky130_fd_sc_hd__a211oi_1)
                                                         _05055_ (net)
                      0.707177    0.000385   10.293355 ^ _12287_/D (sky130_fd_sc_hd__nor4_1)
     2    0.008841    0.191743    0.345412   10.638766 v _12287_/Y (sky130_fd_sc_hd__nor4_1)
                                                         _05056_ (net)
                      0.191743    0.000271   10.639037 v max_cap232/A (sky130_fd_sc_hd__clkbuf_1)
     1    0.004449    0.067280    0.233270   10.872308 v max_cap232/X (sky130_fd_sc_hd__clkbuf_1)
                                                         net232 (net)
                      0.067280    0.000129   10.872437 v _12290_/B1 (sky130_fd_sc_hd__a211oi_2)
     4    0.017781    0.594793    0.600457   11.472894 ^ _12290_/Y (sky130_fd_sc_hd__a211oi_2)
                                                         _05060_ (net)
                      0.594793    0.000499   11.473393 ^ _12292_/B (sky130_fd_sc_hd__nor3_2)
     6    0.018547    0.175257    0.329234   11.802627 v _12292_/Y (sky130_fd_sc_hd__nor3_2)
                                                         _05062_ (net)
                      0.175257    0.000750   11.803376 v _12296_/A (sky130_fd_sc_hd__or3_1)
     3    0.008093    0.189467    0.959934   12.763310 v _12296_/X (sky130_fd_sc_hd__or3_1)
                                                         _05066_ (net)
                      0.189467    0.000205   12.763515 v _12299_/B1 (sky130_fd_sc_hd__a22o_1)
     1    0.001793    0.062260    0.358442   13.121958 v _12299_/X (sky130_fd_sc_hd__a22o_1)
                                                         _05070_ (net)
                      0.062260    0.000035   13.121993 v _12300_/B (sky130_fd_sc_hd__and2b_1)
     1    0.002190    0.060791    0.303577   13.425570 v _12300_/X (sky130_fd_sc_hd__and2b_1)
                                                         _00035_ (net)
                      0.060791    0.000061   13.425631 v _13639_/D (sky130_fd_sc_hd__dfrtp_1)
                                             13.425631   data arrival time

                                 15.000000   15.000000   clock clk (rise edge)
                                  0.000000   15.000000   clock source latency
     1    0.050594    0.363095    0.258083   15.258083 ^ clk (in)
                                                         clk (net)
                      0.363560    0.000000   15.258083 ^ clkbuf_0_clk/A (sky130_fd_sc_hd__clkbuf_16)
     8    0.161004    0.263137    0.506523   15.764606 ^ clkbuf_0_clk/X (sky130_fd_sc_hd__clkbuf_16)
                                                         clknet_0_clk (net)
                      0.263391    0.007367   15.771973 ^ clkbuf_3_6__f_clk/A (sky130_fd_sc_hd__clkbuf_16)
    10    0.030774    0.082164    0.323242   16.095215 ^ clkbuf_3_6__f_clk/X (sky130_fd_sc_hd__clkbuf_16)
                                                         clknet_3_6__leaf_clk (net)
                      0.082181    0.001133   16.096348 ^ _13639_/CLK (sky130_fd_sc_hd__dfrtp_1)
                                 -0.250000   15.846349   clock uncertainty
                                  0.000000   15.846349   clock reconvergence pessimism
                                 -0.269478   15.576870   library setup time
                                             15.576870   data required time
---------------------------------------------------------------------------------------------
                                             15.576870   data required time
                                            -13.425631   data arrival time
---------------------------------------------------------------------------------------------
                                              2.151239   slack (MET)


Startpoint: x0[2] (input port clocked by clk)
Endpoint: _13690_ (rising edge-triggered flip-flop clocked by clk)
Path Group: clk
Path Type: max

Fanout         Cap        Slew       Delay        Time   Description
---------------------------------------------------------------------------------------------
                                  0.000000    0.000000   clock clk (rise edge)
                                  0.000000    0.000000   clock network delay (propagated)
                                  3.000000    3.000000 ^ input external delay
     1    0.003003    0.033593    0.016865    3.016865 ^ x0[2] (in)
                                                         x0[2] (net)
                      0.033593    0.000000    3.016865 ^ input132/A (sky130_fd_sc_hd__clkbuf_2)
     3    0.043466    0.369672    0.388443    3.405308 ^ input132/X (sky130_fd_sc_hd__clkbuf_2)
                                                         net132 (net)
                      0.369703    0.002804    3.408112 ^ fanout641/A (sky130_fd_sc_hd__clkbuf_4)
     7    0.071151    0.340630    0.578625    3.986737 ^ fanout641/X (sky130_fd_sc_hd__clkbuf_4)
                                                         net641 (net)
                      0.341000    0.007004    3.993741 ^ fanout638/A (sky130_fd_sc_hd__buf_4)
    10    0.066224    0.298346    0.494507    4.488248 ^ fanout638/X (sky130_fd_sc_hd__buf_4)
                                                         net638 (net)
                      0.298358    0.002215    4.490463 ^ _07160_/A (sky130_fd_sc_hd__nand2_1)
     3    0.007090    0.154005    0.237217    4.727680 v _07160_/Y (sky130_fd_sc_hd__nand2_1)
                                                         _05078_ (net)
                      0.154005    0.000144    4.727825 v _07163_/A (sky130_fd_sc_hd__or3_1)
     2    0.005773    0.167293    0.920518    5.648343 v _07163_/X (sky130_fd_sc_hd__or3_1)
                                                         _05111_ (net)
                      0.167293    0.000088    5.648431 v _07167_/A1 (sky130_fd_sc_hd__a21o_1)
     3    0.008728    0.106354    0.374941    6.023372 v _07167_/X (sky130_fd_sc_hd__a21o_1)
                                                         _05155_ (net)
                      0.106354    0.000205    6.023576 v _07169_/A2 (sky130_fd_sc_hd__a21o_1)
     2    0.006931    0.092333    0.365369    6.388945 v _07169_/X (sky130_fd_sc_hd__a21o_1)
                                                         _05177_ (net)
                      0.092333    0.000236    6.389181 v _07171_/B (sky130_fd_sc_hd__and3_1)
     4    0.013241    0.153050    0.432863    6.822043 v _07171_/X (sky130_fd_sc_hd__and3_1)
                                                         _05199_ (net)
                      0.153050    0.000348    6.822392 v _07174_/B (sky130_fd_sc_hd__nor3_1)
     2    0.010770    0.600883    0.593491    7.415882 ^ _07174_/Y (sky130_fd_sc_hd__nor3_1)
                                                         _05231_ (net)
                      0.600883    0.000388    7.416270 ^ _07177_/B1 (sky130_fd_sc_hd__a211oi_2)
     4    0.017095    0.199720    0.324032    7.740302 v _07177_/Y (sky130_fd_sc_hd__a211oi_2)
                                                         _05264_ (net)
                      0.199720    0.000462    7.740764 v _07179_/C (sky130_fd_sc_hd__nor4_2)
     3    0.011909    0.623860    0.634360    8.375124 ^ _07179_/Y (sky130_fd_sc_hd__nor4_2)
                                                         _05286_ (net)
                      0.623860    0.000167    8.375291 ^ max_cap240/A (sky130_fd_sc_hd__buf_1)
     2    0.010428    0.211480    0.425973    8.801264 ^ max_cap240/X (sky130_fd_sc_hd__buf_1)
                                                         net240 (net)
                      0.211480    0.000236    8.801500 ^ _07181_/B1 (sky130_fd_sc_hd__a211oi_2)
     5    0.015863    0.190342    0.178014    8.979514 v _07181_/Y (sky130_fd_sc_hd__a211oi_2)
                                                         _05308_ (net)
                      0.190342    0.000409    8.979923 v _07184_/B (sky130_fd_sc_hd__or3_1)
     2    0.007734    0.186082    0.910274    9.890197 v _07184_/X (sky130_fd_sc_hd__or3_1)
                                                         _05341_ (net)
                      0.186082    0.000128    9.890325 v _07186_/B1 (sky130_fd_sc_hd__o211a_1)
     4    0.016749    0.187084    0.394426   10.284750 v _07186_/X (sky130_fd_sc_hd__o211a_1)
                                                         _05363_ (net)
                      0.187084    0.000559   10.285309 v _07189_/B (sky130_fd_sc_hd__nor3_1)
     2    0.009950    0.563647    0.578132   10.863441 ^ _07189_/Y (sky130_fd_sc_hd__nor3_1)
                                                         _05395_ (net)
                      0.563647    0.000273   10.863714 ^ _07192_/B1 (sky130_fd_sc_hd__a211oi_2)
     5    0.015975    0.207156    0.304762   11.168475 v _07192_/Y (sky130_fd_sc_hd__a211oi_2)
                                                         _05428_ (net)
                      0.207156    0.000189   11.168665 v _07195_/B (sky130_fd_sc_hd__or3_1)
     4    0.009849    0.208749    0.944899   12.113564 v _07195_/X (sky130_fd_sc_hd__or3_1)
                                                         _05461_ (net)
                      0.208749    0.000208   12.113771 v _07200_/A1 (sky130_fd_sc_hd__a21o_1)
     3    0.008309    0.102991    0.389728   12.503500 v _07200_/X (sky130_fd_sc_hd__a21o_1)
                                                         _05516_ (net)
                      0.102991    0.000253   12.503753 v _07202_/B2 (sky130_fd_sc_hd__a22o_1)
     1    0.001795    0.062228    0.353274   12.857027 v _07202_/X (sky130_fd_sc_hd__a22o_1)
                                                         _05538_ (net)
                      0.062228    0.000035   12.857061 v _07203_/B (sky130_fd_sc_hd__and2b_1)
     1    0.003190    0.068843    0.314753   13.171814 v _07203_/X (sky130_fd_sc_hd__and2b_1)
                                                         _00049_ (net)
                      0.068843    0.000091   13.171905 v _13690_/D (sky130_fd_sc_hd__dfrtp_1)
                                             13.171905   data arrival time

                                 15.000000   15.000000   clock clk (rise edge)
                                  0.000000   15.000000   clock source latency
     1    0.050594    0.363095    0.258083   15.258083 ^ clk (in)
                                                         clk (net)
                      0.363560    0.000000   15.258083 ^ clkbuf_0_clk/A (sky130_fd_sc_hd__clkbuf_16)
     8    0.161004    0.263137    0.506523   15.764606 ^ clkbuf_0_clk/X (sky130_fd_sc_hd__clkbuf_16)
                                                         clknet_0_clk (net)
                      0.263381    0.007240   15.771847 ^ clkbuf_3_3__f_clk/A (sky130_fd_sc_hd__clkbuf_16)
    10    0.032983    0.085233    0.326217   16.098064 ^ clkbuf_3_3__f_clk/X (sky130_fd_sc_hd__clkbuf_16)
                                                         clknet_3_3__leaf_clk (net)
                      0.085259    0.001428   16.099491 ^ _13690_/CLK (sky130_fd_sc_hd__dfrtp_1)
                                 -0.250000   15.849493   clock uncertainty
                                  0.000000   15.849493   clock reconvergence pessimism
                                 -0.272015   15.577477   library setup time
                                             15.577477   data required time
---------------------------------------------------------------------------------------------
                                             15.577477   data required time
                                            -13.171905   data arrival time
---------------------------------------------------------------------------------------------
                                              2.405573   slack (MET)


Startpoint: x0[0] (input port clocked by clk)
Endpoint: _13673_ (rising edge-triggered flip-flop clocked by clk)
Path Group: clk
Path Type: max

Fanout         Cap        Slew       Delay        Time   Description
---------------------------------------------------------------------------------------------
                                  0.000000    0.000000   clock clk (rise edge)
                                  0.000000    0.000000   clock network delay (propagated)
                                  3.000000    3.000000 ^ input external delay
     1    0.002923    0.033065    0.016438    3.016438 ^ x0[0] (in)
                                                         x0[0] (net)
                      0.033065    0.000000    3.016438 ^ input130/A (sky130_fd_sc_hd__clkbuf_2)
     2    0.034881    0.300022    0.338654    3.355092 ^ input130/X (sky130_fd_sc_hd__clkbuf_2)
                                                         net130 (net)
                      0.300045    0.002198    3.357290 ^ fanout658/A (sky130_fd_sc_hd__buf_4)
     6    0.046360    0.215434    0.417713    3.775003 ^ fanout658/X (sky130_fd_sc_hd__buf_4)
                                                         net658 (net)
                      0.215434    0.000751    3.775755 ^ fanout655/A (sky130_fd_sc_hd__buf_6)
    10    0.060556    0.200315    0.343227    4.118982 ^ fanout655/X (sky130_fd_sc_hd__buf_6)
                                                         net655 (net)
                      0.200424    0.000939    4.119921 ^ fanout654/A (sky130_fd_sc_hd__clkbuf_4)
    10    0.050315    0.249638    0.440326    4.560247 ^ fanout654/X (sky130_fd_sc_hd__clkbuf_4)
                                                         net654 (net)
                      0.249642    0.001423    4.561670 ^ _10393_/A (sky130_fd_sc_hd__nand4_1)
     3    0.009303    0.346110    0.373639    4.935309 v _10393_/Y (sky130_fd_sc_hd__nand4_1)
                                                         _02992_ (net)
                      0.346110    0.000220    4.935530 v _10403_/A1 (sky130_fd_sc_hd__a21o_1)
     2    0.005725    0.083224    0.424456    5.359985 v _10403_/X (sky130_fd_sc_hd__a21o_1)
                                                         _03003_ (net)
                      0.083224    0.000129    5.360114 v _10404_/C (sky130_fd_sc_hd__and3_1)
     3    0.006513    0.100869    0.400591    5.760705 v _10404_/X (sky130_fd_sc_hd__and3_1)
                                                         _03004_ (net)
                      0.100869    0.000103    5.760808 v _10407_/A (sky130_fd_sc_hd__or3_1)
     2    0.006340    0.172864    0.907761    6.668569 v _10407_/X (sky130_fd_sc_hd__or3_1)
                                                         _03007_ (net)
                      0.172864    0.000102    6.668670 v _10417_/A1 (sky130_fd_sc_hd__a21o_1)
     3    0.008250    0.102548    0.373747    7.042417 v _10417_/X (sky130_fd_sc_hd__a21o_1)
                                                         _03018_ (net)
                      0.102548    0.000196    7.042613 v _10419_/A2 (sky130_fd_sc_hd__a21bo_1)
     2    0.004829    0.079254    0.370090    7.412703 v _10419_/X (sky130_fd_sc_hd__a21bo_1)
                                                         _03021_ (net)
                      0.079254    0.000102    7.412805 v _10420_/C (sky130_fd_sc_hd__and3_1)
     4    0.013693    0.156655    0.458244    7.871049 v _10420_/X (sky130_fd_sc_hd__and3_1)
                                                         _03022_ (net)
                      0.156655    0.000360    7.871408 v _10423_/B (sky130_fd_sc_hd__nor3_1)
     2    0.010487    0.588126    0.585202    8.456611 ^ _10423_/Y (sky130_fd_sc_hd__nor3_1)
                                                         _03025_ (net)
                      0.588126    0.000343    8.456954 ^ _10432_/B1 (sky130_fd_sc_hd__a211oi_2)
     5    0.016488    0.196578    0.316191    8.773144 v _10432_/Y (sky130_fd_sc_hd__a211oi_2)
                                                         _03035_ (net)
                      0.196578    0.000339    8.773483 v _10435_/B (sky130_fd_sc_hd__or3_2)
     2    0.013082    0.224423    1.203445    9.976929 v _10435_/X (sky130_fd_sc_hd__or3_2)
                                                         _03038_ (net)
                      0.224423    0.000310    9.977239 v _10445_/A1 (sky130_fd_sc_hd__a211o_1)
     3    0.011273    0.161229    0.634443   10.611682 v _10445_/X (sky130_fd_sc_hd__a211o_1)
                                                         _03049_ (net)
                      0.161229    0.000430   10.612111 v _10446_/C (sky130_fd_sc_hd__and3_1)
     2    0.006948    0.104355    0.443000   11.055112 v _10446_/X (sky130_fd_sc_hd__and3_1)
                                                         _03050_ (net)
                      0.104355    0.000176   11.055287 v _10455_/B1 (sky130_fd_sc_hd__a211oi_2)
     4    0.011984    0.450943    0.502631   11.557919 ^ _10455_/Y (sky130_fd_sc_hd__a211oi_2)
                                                         _03060_ (net)
                      0.450943    0.000288   11.558207 ^ _10457_/A_N (sky130_fd_sc_hd__nand2b_1)
     2    0.011679    0.211302    0.405628   11.963834 ^ _10457_/Y (sky130_fd_sc_hd__nand2b_1)
                                                         _03062_ (net)
                      0.211302    0.000318   11.964151 ^ _10464_/A (sky130_fd_sc_hd__xnor2_2)
     4    0.013171    0.330992    0.307183   12.271335 ^ _10464_/Y (sky130_fd_sc_hd__xnor2_2)
                                                         _03070_ (net)
                      0.330992    0.000210   12.271544 ^ _10587_/A (sky130_fd_sc_hd__and4_1)
     1    0.001713    0.086233    0.412968   12.684512 ^ _10587_/X (sky130_fd_sc_hd__and4_1)
                                                         _03204_ (net)
                      0.086233    0.000033   12.684546 ^ _10589_/A_N (sky130_fd_sc_hd__and2b_1)
     1    0.002540    0.063527    0.357130   13.041676 v _10589_/X (sky130_fd_sc_hd__and2b_1)
                                                         _00021_ (net)
                      0.063527    0.000071   13.041747 v _13673_/D (sky130_fd_sc_hd__dfrtp_1)
                                             13.041747   data arrival time

                                 15.000000   15.000000   clock clk (rise edge)
                                  0.000000   15.000000   clock source latency
     1    0.050594    0.363095    0.258083   15.258083 ^ clk (in)
                                                         clk (net)
                      0.363560    0.000000   15.258083 ^ clkbuf_0_clk/A (sky130_fd_sc_hd__clkbuf_16)
     8    0.161004    0.263137    0.506523   15.764606 ^ clkbuf_0_clk/X (sky130_fd_sc_hd__clkbuf_16)
                                                         clknet_0_clk (net)
                      0.263474    0.008367   15.772973 ^ clkbuf_3_2__f_clk/A (sky130_fd_sc_hd__clkbuf_16)
    10    0.038118    0.092712    0.332619   16.105593 ^ clkbuf_3_2__f_clk/X (sky130_fd_sc_hd__clkbuf_16)
                                                         clknet_3_2__leaf_clk (net)
                      0.092797    0.002597   16.108189 ^ _13673_/CLK (sky130_fd_sc_hd__dfrtp_1)
                                 -0.250000   15.858190   clock uncertainty
                                  0.000000   15.858190   clock reconvergence pessimism
                                 -0.267791   15.590399   library setup time
                                             15.590399   data required time
---------------------------------------------------------------------------------------------
                                             15.590399   data required time
                                            -13.041747   data arrival time
---------------------------------------------------------------------------------------------
                                              2.548652   slack (MET)


Startpoint: x0[0] (input port clocked by clk)
Endpoint: _13689_ (rising edge-triggered flip-flop clocked by clk)
Path Group: clk
Path Type: max

Fanout         Cap        Slew       Delay        Time   Description
---------------------------------------------------------------------------------------------
                                  0.000000    0.000000   clock clk (rise edge)
                                  0.000000    0.000000   clock network delay (propagated)
                                  3.000000    3.000000 v input external delay
     1    0.002738    0.018222    0.009037    3.009037 v x0[0] (in)
                                                         x0[0] (net)
                      0.018222    0.000000    3.009037 v input130/A (sky130_fd_sc_hd__clkbuf_2)
     2    0.034476    0.242941    0.312382    3.321419 v input130/X (sky130_fd_sc_hd__clkbuf_2)
                                                         net130 (net)
                      0.243040    0.002168    3.323587 v fanout658/A (sky130_fd_sc_hd__buf_4)
     6    0.045214    0.124410    0.403686    3.727273 v fanout658/X (sky130_fd_sc_hd__buf_4)
                                                         net658 (net)
                      0.124410    0.000729    3.728002 v fanout655/A (sky130_fd_sc_hd__buf_6)
    10    0.059262    0.109572    0.299771    4.027773 v fanout655/X (sky130_fd_sc_hd__buf_6)
                                                         net655 (net)
                      0.109572    0.000911    4.028684 v fanout654/A (sky130_fd_sc_hd__clkbuf_4)
    10    0.048860    0.185306    0.380259    4.408943 v fanout654/X (sky130_fd_sc_hd__clkbuf_4)
                                                         net654 (net)
                      0.185322    0.001799    4.410741 v _06873_/B2 (sky130_fd_sc_hd__a22o_1)
     2    0.005153    0.091833    0.424802    4.835543 v _06873_/X (sky130_fd_sc_hd__a22o_1)
                                                         _01954_ (net)
                      0.091833    0.000093    4.835637 v _07019_/A3 (sky130_fd_sc_hd__a31o_1)
     2    0.004837    0.083901    0.413835    5.249471 v _07019_/X (sky130_fd_sc_hd__a31o_1)
                                                         _03543_ (net)
                      0.083901    0.000075    5.249546 v _07021_/B (sky130_fd_sc_hd__and3_1)
     3    0.007731    0.110719    0.382572    5.632119 v _07021_/X (sky130_fd_sc_hd__and3_1)
                                                         _03565_ (net)
                      0.110719    0.000186    5.632305 v _07023_/B (sky130_fd_sc_hd__or3_1)
     2    0.007533    0.183832    0.878402    6.510707 v _07023_/X (sky130_fd_sc_hd__or3_1)
                                                         _03587_ (net)
                      0.183832    0.000161    6.510868 v _07032_/A1 (sky130_fd_sc_hd__a21o_1)
     3    0.009464    0.112240    0.387700    6.898568 v _07032_/X (sky130_fd_sc_hd__a21o_1)
                                                         _03686_ (net)
                      0.112240    0.000215    6.898783 v _07041_/A2 (sky130_fd_sc_hd__a21o_1)
     3    0.009476    0.112353    0.387436    7.286219 v _07041_/X (sky130_fd_sc_hd__a21o_1)
                                                         _03784_ (net)
                      0.112353    0.000187    7.286405 v _07042_/C (sky130_fd_sc_hd__and3_1)
     2    0.005808    0.095404    0.409071    7.695477 v _07042_/X (sky130_fd_sc_hd__and3_1)
                                                         _03795_ (net)
                      0.095404    0.000139    7.695616 v _07047_/A (sky130_fd_sc_hd__or3_4)
     4    0.016585    0.152027    0.820453    8.516069 v _07047_/X (sky130_fd_sc_hd__or3_4)
                                                         _03850_ (net)
                      0.152027    0.000190    8.516259 v _07055_/A (sky130_fd_sc_hd__and3_2)
     5    0.021337    0.149151    0.497621    9.013880 v _07055_/X (sky130_fd_sc_hd__and3_2)
                                                         _03937_ (net)
                      0.149151    0.000560    9.014440 v _07059_/A (sky130_fd_sc_hd__or3_1)
     2    0.004680    0.157921    0.903937    9.918377 v _07059_/X (sky130_fd_sc_hd__or3_1)
                                                         _03981_ (net)
                      0.157921    0.000067    9.918444 v _07066_/A (sky130_fd_sc_hd__and3_1)
     4    0.012455    0.149180    0.415419   10.333862 v _07066_/X (sky130_fd_sc_hd__and3_1)
                                                         _04057_ (net)
                      0.149180    0.000208   10.334070 v _07070_/A (sky130_fd_sc_hd__nor3b_1)
     2    0.005942    0.410937    0.473213   10.807283 ^ _07070_/Y (sky130_fd_sc_hd__nor3b_1)
                                                         _04101_ (net)
                      0.410937    0.000156   10.807440 ^ max_cap236/A (sky130_fd_sc_hd__buf_1)
     3    0.009914    0.200838    0.359757   11.167196 ^ max_cap236/X (sky130_fd_sc_hd__buf_1)
                                                         net236 (net)
                      0.200838    0.000191   11.167387 ^ _07078_/A1 (sky130_fd_sc_hd__o211ai_1)
     2    0.005699    0.213458    0.306374   11.473762 v _07078_/Y (sky130_fd_sc_hd__o211ai_1)
                                                         _04188_ (net)
                      0.213458    0.000159   11.473921 v _07079_/C (sky130_fd_sc_hd__and3_1)
     2    0.004774    0.087805    0.450552   11.924473 v _07079_/X (sky130_fd_sc_hd__and3_1)
                                                         _04199_ (net)
                      0.087805    0.000064   11.924537 v _07082_/B1_N (sky130_fd_sc_hd__o21bai_2)
     4    0.013458    0.171898    0.466843   12.391379 v _07082_/Y (sky130_fd_sc_hd__o21bai_2)
                                                         _04232_ (net)
                      0.171898    0.000334   12.391714 v _07083_/B (sky130_fd_sc_hd__xor2_1)
     1    0.002439    0.113488    0.298691   12.690405 v _07083_/X (sky130_fd_sc_hd__xor2_1)
                                                         _00048_ (net)
                      0.113488    0.000070   12.690475 v _13689_/D (sky130_fd_sc_hd__dfrtp_1)
                                             12.690475   data arrival time

                                 15.000000   15.000000   clock clk (rise edge)
                                  0.000000   15.000000   clock source latency
     1    0.050594    0.363095    0.258083   15.258083 ^ clk (in)
                                                         clk (net)
                      0.363560    0.000000   15.258083 ^ clkbuf_0_clk/A (sky130_fd_sc_hd__clkbuf_16)
     8    0.161004    0.263137    0.506523   15.764606 ^ clkbuf_0_clk/X (sky130_fd_sc_hd__clkbuf_16)
                                                         clknet_0_clk (net)
                      0.263381    0.007240   15.771847 ^ clkbuf_3_3__f_clk/A (sky130_fd_sc_hd__clkbuf_16)
    10    0.032983    0.085233    0.326217   16.098064 ^ clkbuf_3_3__f_clk/X (sky130_fd_sc_hd__clkbuf_16)
                                                         clknet_3_3__leaf_clk (net)
                      0.085269    0.001624   16.099688 ^ _13689_/CLK (sky130_fd_sc_hd__dfrtp_1)
                                 -0.250000   15.849689   clock uncertainty
                                  0.000000   15.849689   clock reconvergence pessimism
                                 -0.290627   15.559060   library setup time
                                             15.559060   data required time
---------------------------------------------------------------------------------------------
                                             15.559060   data required time
                                            -12.690475   data arrival time
---------------------------------------------------------------------------------------------
                                              2.868585   slack (MET)


Startpoint: x0[0] (input port clocked by clk)
Endpoint: _13672_ (rising edge-triggered flip-flop clocked by clk)
Path Group: clk
Path Type: max

Fanout         Cap        Slew       Delay        Time   Description
---------------------------------------------------------------------------------------------
                                  0.000000    0.000000   clock clk (rise edge)
                                  0.000000    0.000000   clock network delay (propagated)
                                  3.000000    3.000000 ^ input external delay
     1    0.002923    0.033065    0.016438    3.016438 ^ x0[0] (in)
                                                         x0[0] (net)
                      0.033065    0.000000    3.016438 ^ input130/A (sky130_fd_sc_hd__clkbuf_2)
     2    0.034881    0.300022    0.338654    3.355092 ^ input130/X (sky130_fd_sc_hd__clkbuf_2)
                                                         net130 (net)
                      0.300045    0.002198    3.357290 ^ fanout658/A (sky130_fd_sc_hd__buf_4)
     6    0.046360    0.215434    0.417713    3.775003 ^ fanout658/X (sky130_fd_sc_hd__buf_4)
                                                         net658 (net)
                      0.215434    0.000751    3.775755 ^ fanout655/A (sky130_fd_sc_hd__buf_6)
    10    0.060556    0.200315    0.343227    4.118982 ^ fanout655/X (sky130_fd_sc_hd__buf_6)
                                                         net655 (net)
                      0.200424    0.000939    4.119921 ^ fanout654/A (sky130_fd_sc_hd__clkbuf_4)
    10    0.050315    0.249638    0.440326    4.560247 ^ fanout654/X (sky130_fd_sc_hd__clkbuf_4)
                                                         net654 (net)
                      0.249642    0.001423    4.561670 ^ _10393_/A (sky130_fd_sc_hd__nand4_1)
     3    0.009303    0.346110    0.373639    4.935309 v _10393_/Y (sky130_fd_sc_hd__nand4_1)
                                                         _02992_ (net)
                      0.346110    0.000220    4.935530 v _10403_/A1 (sky130_fd_sc_hd__a21o_1)
     2    0.005725    0.083224    0.424456    5.359985 v _10403_/X (sky130_fd_sc_hd__a21o_1)
                                                         _03003_ (net)
                      0.083224    0.000129    5.360114 v _10404_/C (sky130_fd_sc_hd__and3_1)
     3    0.006513    0.100869    0.400591    5.760705 v _10404_/X (sky130_fd_sc_hd__and3_1)
                                                         _03004_ (net)
                      0.100869    0.000103    5.760808 v _10407_/A (sky130_fd_sc_hd__or3_1)
     2    0.006340    0.172864    0.907761    6.668569 v _10407_/X (sky130_fd_sc_hd__or3_1)
                                                         _03007_ (net)
                      0.172864    0.000102    6.668670 v _10417_/A1 (sky130_fd_sc_hd__a21o_1)
     3    0.008250    0.102548    0.373747    7.042417 v _10417_/X (sky130_fd_sc_hd__a21o_1)
                                                         _03018_ (net)
                      0.102548    0.000196    7.042613 v _10419_/A2 (sky130_fd_sc_hd__a21bo_1)
     2    0.004829    0.079254    0.370090    7.412703 v _10419_/X (sky130_fd_sc_hd__a21bo_1)
                                                         _03021_ (net)
                      0.079254    0.000102    7.412805 v _10420_/C (sky130_fd_sc_hd__and3_1)
     4    0.013693    0.156655    0.458244    7.871049 v _10420_/X (sky130_fd_sc_hd__and3_1)
                                                         _03022_ (net)
                      0.156655    0.000360    7.871408 v _10423_/B (sky130_fd_sc_hd__nor3_1)
     2    0.010487    0.588126    0.585202    8.456611 ^ _10423_/Y (sky130_fd_sc_hd__nor3_1)
                                                         _03025_ (net)
                      0.588126    0.000343    8.456954 ^ _10432_/B1 (sky130_fd_sc_hd__a211oi_2)
     5    0.016488    0.196578    0.316191    8.773144 v _10432_/Y (sky130_fd_sc_hd__a211oi_2)
                                                         _03035_ (net)
                      0.196578    0.000339    8.773483 v _10435_/B (sky130_fd_sc_hd__or3_2)
     2    0.013082    0.224423    1.203445    9.976929 v _10435_/X (sky130_fd_sc_hd__or3_2)
                                                         _03038_ (net)
                      0.224423    0.000310    9.977239 v _10445_/A1 (sky130_fd_sc_hd__a211o_1)
     3    0.011273    0.161229    0.634443   10.611682 v _10445_/X (sky130_fd_sc_hd__a211o_1)
                                                         _03049_ (net)
                      0.161229    0.000430   10.612111 v _10446_/C (sky130_fd_sc_hd__and3_1)
     2    0.006948    0.104355    0.443000   11.055112 v _10446_/X (sky130_fd_sc_hd__and3_1)
                                                         _03050_ (net)
                      0.104355    0.000176   11.055287 v _10455_/B1 (sky130_fd_sc_hd__a211oi_2)
     4    0.011984    0.450943    0.502631   11.557919 ^ _10455_/Y (sky130_fd_sc_hd__a211oi_2)
                                                         _03060_ (net)
                      0.450943    0.000288   11.558207 ^ _10457_/A_N (sky130_fd_sc_hd__nand2b_1)
     2    0.011679    0.211302    0.405628   11.963834 ^ _10457_/Y (sky130_fd_sc_hd__nand2b_1)
                                                         _03062_ (net)
                      0.211302    0.000318   11.964151 ^ _10464_/A (sky130_fd_sc_hd__xnor2_2)
     4    0.012610    0.159849    0.244169   12.208321 v _10464_/Y (sky130_fd_sc_hd__xnor2_2)
                                                         _03070_ (net)
                      0.159849    0.000173   12.208494 v _10470_/A (sky130_fd_sc_hd__xor2_1)
     1    0.002921    0.110581    0.330370   12.538864 v _10470_/X (sky130_fd_sc_hd__xor2_1)
                                                         _00020_ (net)
                      0.110581    0.000082   12.538946 v _13672_/D (sky130_fd_sc_hd__dfrtp_1)
                                             12.538946   data arrival time

                                 15.000000   15.000000   clock clk (rise edge)
                                  0.000000   15.000000   clock source latency
     1    0.050594    0.363095    0.258083   15.258083 ^ clk (in)
                                                         clk (net)
                      0.363560    0.000000   15.258083 ^ clkbuf_0_clk/A (sky130_fd_sc_hd__clkbuf_16)
     8    0.161004    0.263137    0.506523   15.764606 ^ clkbuf_0_clk/X (sky130_fd_sc_hd__clkbuf_16)
                                                         clknet_0_clk (net)
                      0.263474    0.008367   15.772973 ^ clkbuf_3_2__f_clk/A (sky130_fd_sc_hd__clkbuf_16)
    10    0.038118    0.092712    0.332619   16.105593 ^ clkbuf_3_2__f_clk/X (sky130_fd_sc_hd__clkbuf_16)
                                                         clknet_3_2__leaf_clk (net)
                      0.092782    0.002395   16.107986 ^ _13672_/CLK (sky130_fd_sc_hd__dfrtp_1)
                                 -0.250000   15.857987   clock uncertainty
                                  0.000000   15.857987   clock reconvergence pessimism
                                 -0.287411   15.570577   library setup time
                                             15.570577   data required time
---------------------------------------------------------------------------------------------
                                             15.570577   data required time
                                            -12.538946   data arrival time
---------------------------------------------------------------------------------------------
                                              3.031630   slack (MET)


Startpoint: x3[1] (input port clocked by clk)
Endpoint: _13638_ (rising edge-triggered flip-flop clocked by clk)
Path Group: clk
Path Type: max

Fanout         Cap        Slew       Delay        Time   Description
---------------------------------------------------------------------------------------------
                                  0.000000    0.000000   clock clk (rise edge)
                                  0.000000    0.000000   clock network delay (propagated)
                                  3.000000    3.000000 ^ input external delay
     1    0.002706    0.031635    0.015296    3.015296 ^ x3[1] (in)
                                                         x3[1] (net)
                      0.031635    0.000000    3.015296 ^ input155/A (sky130_fd_sc_hd__buf_1)
     1    0.009197    0.186527    0.216427    3.231723 ^ input155/X (sky130_fd_sc_hd__buf_1)
                                                         net155 (net)
                      0.186587    0.000562    3.232285 ^ fanout465/A (sky130_fd_sc_hd__clkbuf_4)
     6    0.092047    0.430083    0.563696    3.795981 ^ fanout465/X (sky130_fd_sc_hd__clkbuf_4)
                                                         net465 (net)
                      0.430143    0.004269    3.800250 ^ fanout464/A (sky130_fd_sc_hd__buf_2)
     6    0.044980    0.352821    0.551366    4.351615 ^ fanout464/X (sky130_fd_sc_hd__buf_2)
                                                         net464 (net)
                      0.352821    0.000469    4.352085 ^ fanout462/A (sky130_fd_sc_hd__buf_2)
    10    0.049051    0.383151    0.541675    4.893760 ^ fanout462/X (sky130_fd_sc_hd__buf_2)
                                                         net462 (net)
                      0.383369    0.005034    4.898794 ^ _12079_/A (sky130_fd_sc_hd__and4_1)
     2    0.004996    0.131397    0.486616    5.385410 ^ _12079_/X (sky130_fd_sc_hd__and4_1)
                                                         _04829_ (net)
                      0.131397    0.000093    5.385503 ^ _12081_/A_N (sky130_fd_sc_hd__and2b_1)
     1    0.005179    0.085447    0.403840    5.789342 v _12081_/X (sky130_fd_sc_hd__and2b_1)
                                                         _04831_ (net)
                      0.085447    0.000159    5.789502 v _12082_/B (sky130_fd_sc_hd__xnor2_1)
     2    0.008613    0.373607    0.363875    6.153377 ^ _12082_/Y (sky130_fd_sc_hd__xnor2_1)
                                                         _04832_ (net)
                      0.373607    0.000268    6.153645 ^ _12089_/A (sky130_fd_sc_hd__xor2_1)
     2    0.008193    0.336937    0.453758    6.607403 ^ _12089_/X (sky130_fd_sc_hd__xor2_1)
                                                         _04840_ (net)
                      0.336937    0.000207    6.607611 ^ _12091_/B (sky130_fd_sc_hd__xnor2_1)
     2    0.005406    0.128287    0.242050    6.849660 v _12091_/Y (sky130_fd_sc_hd__xnor2_1)
                                                         _04842_ (net)
                      0.128287    0.000086    6.849746 v _12094_/A (sky130_fd_sc_hd__and2_1)
     3    0.011047    0.134380    0.370226    7.219972 v _12094_/X (sky130_fd_sc_hd__and2_1)
                                                         _04845_ (net)
                      0.134380    0.000189    7.220160 v _12096_/A (sky130_fd_sc_hd__or2_1)
     3    0.008435    0.145594    0.583583    7.803744 v _12096_/X (sky130_fd_sc_hd__or2_1)
                                                         _04847_ (net)
                      0.145594    0.000148    7.803892 v _12135_/A (sky130_fd_sc_hd__nor3_1)
     2    0.009906    0.562054    0.583285    8.387177 ^ _12135_/Y (sky130_fd_sc_hd__nor3_1)
                                                         _04890_ (net)
                      0.562054    0.000289    8.387466 ^ _12144_/B1 (sky130_fd_sc_hd__a211oi_2)
     5    0.019235    0.217754    0.321145    8.708611 v _12144_/Y (sky130_fd_sc_hd__a211oi_2)
                                                         _04900_ (net)
                      0.217754    0.000476    8.709087 v _12147_/B (sky130_fd_sc_hd__or3_2)
     2    0.013496    0.227090    1.215336    9.924423 v _12147_/X (sky130_fd_sc_hd__or3_2)
                                                         _04903_ (net)
                      0.227090    0.000274    9.924697 v _12157_/A1 (sky130_fd_sc_hd__a211o_1)
     3    0.009357    0.143161    0.616894   10.541591 v _12157_/X (sky130_fd_sc_hd__a211o_1)
                                                         _04914_ (net)
                      0.143161    0.000242   10.541834 v _12158_/C (sky130_fd_sc_hd__and3_1)
     2    0.007299    0.107169    0.437021   10.978854 v _12158_/X (sky130_fd_sc_hd__and3_1)
                                                         _04916_ (net)
                      0.107169    0.000145   10.978999 v _12167_/B1 (sky130_fd_sc_hd__a211oi_2)
     4    0.011054    0.428882    0.485755   11.464754 ^ _12167_/Y (sky130_fd_sc_hd__a211oi_2)
                                                         _04925_ (net)
                      0.428882    0.000235   11.464990 ^ _12169_/A_N (sky130_fd_sc_hd__nand2b_1)
     2    0.012923    0.224648    0.412484   11.877474 ^ _12169_/Y (sky130_fd_sc_hd__nand2b_1)
                                                         _04928_ (net)
                      0.224648    0.000248   11.877722 ^ _12175_/A (sky130_fd_sc_hd__xor2_2)
     4    0.013071    0.307659    0.385623   12.263345 ^ _12175_/X (sky130_fd_sc_hd__xor2_2)
                                                         _04934_ (net)
                      0.307659    0.000293   12.263638 ^ _12181_/A (sky130_fd_sc_hd__xor2_1)
     1    0.003056    0.109604    0.213793   12.477430 v _12181_/X (sky130_fd_sc_hd__xor2_1)
                                                         _00034_ (net)
                      0.109604    0.000090   12.477520 v _13638_/D (sky130_fd_sc_hd__dfrtp_1)
                                             12.477520   data arrival time

                                 15.000000   15.000000   clock clk (rise edge)
                                  0.000000   15.000000   clock source latency
     1    0.050594    0.363095    0.258083   15.258083 ^ clk (in)
                                                         clk (net)
                      0.363560    0.000000   15.258083 ^ clkbuf_0_clk/A (sky130_fd_sc_hd__clkbuf_16)
     8    0.161004    0.263137    0.506523   15.764606 ^ clkbuf_0_clk/X (sky130_fd_sc_hd__clkbuf_16)
                                                         clknet_0_clk (net)
                      0.263391    0.007367   15.771973 ^ clkbuf_3_6__f_clk/A (sky130_fd_sc_hd__clkbuf_16)
    10    0.030774    0.082164    0.323242   16.095215 ^ clkbuf_3_6__f_clk/X (sky130_fd_sc_hd__clkbuf_16)
                                                         clknet_3_6__leaf_clk (net)
                      0.082184    0.001194   16.096409 ^ _13638_/CLK (sky130_fd_sc_hd__dfrtp_1)
                                 -0.250000   15.846409   clock uncertainty
                                  0.000000   15.846409   clock reconvergence pessimism
                                 -0.289831   15.556579   library setup time
                                             15.556579   data required time
---------------------------------------------------------------------------------------------
                                             15.556579   data required time
                                            -12.477520   data arrival time
---------------------------------------------------------------------------------------------
                                              3.079059   slack (MET)


Startpoint: x3[1] (input port clocked by clk)
Endpoint: _13655_ (rising edge-triggered flip-flop clocked by clk)
Path Group: clk
Path Type: max

Fanout         Cap        Slew       Delay        Time   Description
---------------------------------------------------------------------------------------------
                                  0.000000    0.000000   clock clk (rise edge)
                                  0.000000    0.000000   clock network delay (propagated)
                                  3.000000    3.000000 ^ input external delay
     1    0.002706    0.031635    0.015296    3.015296 ^ x3[1] (in)
                                                         x3[1] (net)
                      0.031635    0.000000    3.015296 ^ input155/A (sky130_fd_sc_hd__buf_1)
     1    0.009197    0.186527    0.216427    3.231723 ^ input155/X (sky130_fd_sc_hd__buf_1)
                                                         net155 (net)
                      0.186587    0.000562    3.232285 ^ fanout465/A (sky130_fd_sc_hd__clkbuf_4)
     6    0.092047    0.430083    0.563696    3.795981 ^ fanout465/X (sky130_fd_sc_hd__clkbuf_4)
                                                         net465 (net)
                      0.430143    0.004269    3.800250 ^ fanout464/A (sky130_fd_sc_hd__buf_2)
     6    0.044980    0.352821    0.551366    4.351615 ^ fanout464/X (sky130_fd_sc_hd__buf_2)
                                                         net464 (net)
                      0.352842    0.003011    4.354627 ^ fanout463/A (sky130_fd_sc_hd__buf_2)
    10    0.045704    0.358080    0.525008    4.879635 ^ fanout463/X (sky130_fd_sc_hd__buf_2)
                                                         net463 (net)
                      0.358097    0.002860    4.882495 ^ _08678_/A (sky130_fd_sc_hd__and4_1)
     2    0.005087    0.132423    0.478248    5.360743 ^ _08678_/X (sky130_fd_sc_hd__and4_1)
                                                         _01145_ (net)
                      0.132423    0.000104    5.360847 ^ _08680_/A_N (sky130_fd_sc_hd__and2b_1)
     1    0.004938    0.083694    0.402366    5.763212 v _08680_/X (sky130_fd_sc_hd__and2b_1)
                                                         _01147_ (net)
                      0.083694    0.000104    5.763316 v _08681_/B (sky130_fd_sc_hd__xnor2_1)
     2    0.009110    0.389866    0.375469    6.138785 ^ _08681_/Y (sky130_fd_sc_hd__xnor2_1)
                                                         _01148_ (net)
                      0.389866    0.000284    6.139069 ^ _08688_/A (sky130_fd_sc_hd__xor2_1)
     2    0.007850    0.326939    0.450719    6.589788 ^ _08688_/X (sky130_fd_sc_hd__xor2_1)
                                                         _01155_ (net)
                      0.326939    0.000198    6.589986 ^ _08690_/B (sky130_fd_sc_hd__xnor2_1)
     2    0.004923    0.121354    0.232586    6.822572 v _08690_/Y (sky130_fd_sc_hd__xnor2_1)
                                                         _01157_ (net)
                      0.121354    0.000074    6.822646 v _08693_/A (sky130_fd_sc_hd__and2_1)
     3    0.010586    0.130542    0.363264    7.185910 v _08693_/X (sky130_fd_sc_hd__and2_1)
                                                         _01160_ (net)
                      0.130542    0.000177    7.186088 v _08695_/A (sky130_fd_sc_hd__or2_1)
     3    0.008914    0.149872    0.586782    7.772870 v _08695_/X (sky130_fd_sc_hd__or2_1)
                                                         _01162_ (net)
                      0.149872    0.000180    7.773050 v _08734_/A (sky130_fd_sc_hd__nor3_1)
     2    0.008837    0.530738    0.548394    8.321445 ^ _08734_/Y (sky130_fd_sc_hd__nor3_1)
                                                         _01201_ (net)
                      0.530738    0.000182    8.321627 ^ _08743_/B1 (sky130_fd_sc_hd__a211oi_2)
     5    0.018530    0.213678    0.305903    8.627529 v _08743_/Y (sky130_fd_sc_hd__a211oi_2)
                                                         _01210_ (net)
                      0.213678    0.000375    8.627904 v _08746_/B (sky130_fd_sc_hd__or3_2)
     2    0.013594    0.227750    1.214779    9.842684 v _08746_/X (sky130_fd_sc_hd__or3_2)
                                                         _01213_ (net)
                      0.227750    0.000335    9.843019 v _08756_/A1 (sky130_fd_sc_hd__a211o_1)
     3    0.012037    0.168561    0.643086   10.486105 v _08756_/X (sky130_fd_sc_hd__a211o_1)
                                                         _01223_ (net)
                      0.168561    0.000473   10.486577 v _08757_/C (sky130_fd_sc_hd__and3_1)
     2    0.006304    0.099259    0.441215   10.927793 v _08757_/X (sky130_fd_sc_hd__and3_1)
                                                         _01224_ (net)
                      0.099259    0.000127   10.927919 v _08766_/B1 (sky130_fd_sc_hd__a211o_1)
     4    0.012755    0.175295    0.611582   11.539501 v _08766_/X (sky130_fd_sc_hd__a211o_1)
                                                         _01233_ (net)
                      0.175295    0.000270   11.539771 v _08768_/A (sky130_fd_sc_hd__nand2_1)
     2    0.011667    0.190344    0.227716   11.767487 ^ _08768_/Y (sky130_fd_sc_hd__nand2_1)
                                                         _01235_ (net)
                      0.190344    0.000340   11.767827 ^ _08772_/A (sky130_fd_sc_hd__xnor2_2)
     4    0.012560    0.159449    0.236239   12.004066 v _08772_/Y (sky130_fd_sc_hd__xnor2_2)
                                                         _01239_ (net)
                      0.159449    0.000249   12.004315 v _08778_/A (sky130_fd_sc_hd__xor2_1)
     1    0.002651    0.107209    0.327451   12.331766 v _08778_/X (sky130_fd_sc_hd__xor2_1)
                                                         _00062_ (net)
                      0.107209    0.000077   12.331843 v _13655_/D (sky130_fd_sc_hd__dfrtp_1)
                                             12.331843   data arrival time

                                 15.000000   15.000000   clock clk (rise edge)
                                  0.000000   15.000000   clock source latency
     1    0.050594    0.363095    0.258083   15.258083 ^ clk (in)
                                                         clk (net)
                      0.363560    0.000000   15.258083 ^ clkbuf_0_clk/A (sky130_fd_sc_hd__clkbuf_16)
     8    0.161004    0.263137    0.506523   15.764606 ^ clkbuf_0_clk/X (sky130_fd_sc_hd__clkbuf_16)
                                                         clknet_0_clk (net)
                      0.263320    0.006368   15.770974 ^ clkbuf_3_7__f_clk/A (sky130_fd_sc_hd__clkbuf_16)
    10    0.045622    0.101783    0.342633   16.113607 ^ clkbuf_3_7__f_clk/X (sky130_fd_sc_hd__clkbuf_16)
                                                         clknet_3_7__leaf_clk (net)
                      0.101860    0.002391   16.115997 ^ _13655_/CLK (sky130_fd_sc_hd__dfrtp_1)
                                 -0.250000   15.865998   clock uncertainty
                                  0.000000   15.865998   clock reconvergence pessimism
                                 -0.283583   15.582416   library setup time
                                             15.582416   data required time
---------------------------------------------------------------------------------------------
                                             15.582416   data required time
                                            -12.331843   data arrival time
---------------------------------------------------------------------------------------------
                                              3.250572   slack (MET)


Startpoint: x0[0] (input port clocked by clk)
Endpoint: _13688_ (rising edge-triggered flip-flop clocked by clk)
Path Group: clk
Path Type: max

Fanout         Cap        Slew       Delay        Time   Description
---------------------------------------------------------------------------------------------
                                  0.000000    0.000000   clock clk (rise edge)
                                  0.000000    0.000000   clock network delay (propagated)
                                  3.000000    3.000000 v input external delay
     1    0.002738    0.018222    0.009037    3.009037 v x0[0] (in)
                                                         x0[0] (net)
                      0.018222    0.000000    3.009037 v input130/A (sky130_fd_sc_hd__clkbuf_2)
     2    0.034476    0.242941    0.312382    3.321419 v input130/X (sky130_fd_sc_hd__clkbuf_2)
                                                         net130 (net)
                      0.243040    0.002168    3.323587 v fanout658/A (sky130_fd_sc_hd__buf_4)
     6    0.045214    0.124410    0.403686    3.727273 v fanout658/X (sky130_fd_sc_hd__buf_4)
                                                         net658 (net)
                      0.124410    0.000729    3.728002 v fanout655/A (sky130_fd_sc_hd__buf_6)
    10    0.059262    0.109572    0.299771    4.027773 v fanout655/X (sky130_fd_sc_hd__buf_6)
                                                         net655 (net)
                      0.109572    0.000911    4.028684 v fanout654/A (sky130_fd_sc_hd__clkbuf_4)
    10    0.048860    0.185306    0.380259    4.408943 v fanout654/X (sky130_fd_sc_hd__clkbuf_4)
                                                         net654 (net)
                      0.185322    0.001799    4.410741 v _06873_/B2 (sky130_fd_sc_hd__a22o_1)
     2    0.005153    0.091833    0.424802    4.835543 v _06873_/X (sky130_fd_sc_hd__a22o_1)
                                                         _01954_ (net)
                      0.091833    0.000093    4.835637 v _07019_/A3 (sky130_fd_sc_hd__a31o_1)
     2    0.004837    0.083901    0.413835    5.249471 v _07019_/X (sky130_fd_sc_hd__a31o_1)
                                                         _03543_ (net)
                      0.083901    0.000075    5.249546 v _07021_/B (sky130_fd_sc_hd__and3_1)
     3    0.007731    0.110719    0.382572    5.632119 v _07021_/X (sky130_fd_sc_hd__and3_1)
                                                         _03565_ (net)
                      0.110719    0.000186    5.632305 v _07023_/B (sky130_fd_sc_hd__or3_1)
     2    0.007533    0.183832    0.878402    6.510707 v _07023_/X (sky130_fd_sc_hd__or3_1)
                                                         _03587_ (net)
                      0.183832    0.000161    6.510868 v _07032_/A1 (sky130_fd_sc_hd__a21o_1)
     3    0.009464    0.112240    0.387700    6.898568 v _07032_/X (sky130_fd_sc_hd__a21o_1)
                                                         _03686_ (net)
                      0.112240    0.000215    6.898783 v _07041_/A2 (sky130_fd_sc_hd__a21o_1)
     3    0.009476    0.112353    0.387436    7.286219 v _07041_/X (sky130_fd_sc_hd__a21o_1)
                                                         _03784_ (net)
                      0.112353    0.000187    7.286405 v _07042_/C (sky130_fd_sc_hd__and3_1)
     2    0.005808    0.095404    0.409071    7.695477 v _07042_/X (sky130_fd_sc_hd__and3_1)
                                                         _03795_ (net)
                      0.095404    0.000139    7.695616 v _07047_/A (sky130_fd_sc_hd__or3_4)
     4    0.016585    0.152027    0.820453    8.516069 v _07047_/X (sky130_fd_sc_hd__or3_4)
                                                         _03850_ (net)
                      0.152027    0.000190    8.516259 v _07055_/A (sky130_fd_sc_hd__and3_2)
     5    0.021337    0.149151    0.497621    9.013880 v _07055_/X (sky130_fd_sc_hd__and3_2)
                                                         _03937_ (net)
                      0.149151    0.000560    9.014440 v _07059_/A (sky130_fd_sc_hd__or3_1)
     2    0.004680    0.157921    0.903937    9.918377 v _07059_/X (sky130_fd_sc_hd__or3_1)
                                                         _03981_ (net)
                      0.157921    0.000067    9.918444 v _07066_/A (sky130_fd_sc_hd__and3_1)
     4    0.012455    0.149180    0.415419   10.333862 v _07066_/X (sky130_fd_sc_hd__and3_1)
                                                         _04057_ (net)
                      0.149180    0.000208   10.334070 v _07070_/A (sky130_fd_sc_hd__nor3b_1)
     2    0.005942    0.410937    0.473213   10.807283 ^ _07070_/Y (sky130_fd_sc_hd__nor3b_1)
                                                         _04101_ (net)
                      0.410937    0.000156   10.807440 ^ max_cap236/A (sky130_fd_sc_hd__buf_1)
     3    0.009914    0.200838    0.359757   11.167196 ^ max_cap236/X (sky130_fd_sc_hd__buf_1)
                                                         net236 (net)
                      0.200838    0.000191   11.167387 ^ _07078_/A1 (sky130_fd_sc_hd__o211ai_1)
     2    0.005699    0.213458    0.306374   11.473762 v _07078_/Y (sky130_fd_sc_hd__o211ai_1)
                                                         _04188_ (net)
                      0.213458    0.000159   11.473921 v _07079_/C (sky130_fd_sc_hd__and3_1)
     2    0.004774    0.087805    0.450552   11.924473 v _07079_/X (sky130_fd_sc_hd__and3_1)
                                                         _04199_ (net)
                      0.087805    0.000097   11.924569 v _07081_/A (sky130_fd_sc_hd__nor2_1)
     1    0.005144    0.193490    0.222222   12.146791 ^ _07081_/Y (sky130_fd_sc_hd__nor2_1)
                                                         _04221_ (net)
                      0.193490    0.000154   12.146945 ^ _08526_/B (sky130_fd_sc_hd__xnor2_1)
     1    0.002577    0.087903    0.159962   12.306907 v _08526_/Y (sky130_fd_sc_hd__xnor2_1)
                                                         _00040_ (net)
                      0.087903    0.000052   12.306958 v _13688_/D (sky130_fd_sc_hd__dfrtp_1)
                                             12.306958   data arrival time

                                 15.000000   15.000000   clock clk (rise edge)
                                  0.000000   15.000000   clock source latency
     1    0.050594    0.363095    0.258083   15.258083 ^ clk (in)
                                                         clk (net)
                      0.363560    0.000000   15.258083 ^ clkbuf_0_clk/A (sky130_fd_sc_hd__clkbuf_16)
     8    0.161004    0.263137    0.506523   15.764606 ^ clkbuf_0_clk/X (sky130_fd_sc_hd__clkbuf_16)
                                                         clknet_0_clk (net)
                      0.263381    0.007240   15.771847 ^ clkbuf_3_3__f_clk/A (sky130_fd_sc_hd__clkbuf_16)
    10    0.032983    0.085233    0.326217   16.098064 ^ clkbuf_3_3__f_clk/X (sky130_fd_sc_hd__clkbuf_16)
                                                         clknet_3_3__leaf_clk (net)
                      0.085274    0.001716   16.099779 ^ _13688_/CLK (sky130_fd_sc_hd__dfrtp_1)
                                 -0.250000   15.849781   clock uncertainty
                                  0.000000   15.849781   clock reconvergence pessimism
                                 -0.279958   15.569821   library setup time
                                             15.569821   data required time
---------------------------------------------------------------------------------------------
                                             15.569821   data required time
                                            -12.306958   data arrival time
---------------------------------------------------------------------------------------------
                                              3.262863   slack (MET)


Startpoint: x0[0] (input port clocked by clk)
Endpoint: _13671_ (rising edge-triggered flip-flop clocked by clk)
Path Group: clk
Path Type: max

Fanout         Cap        Slew       Delay        Time   Description
---------------------------------------------------------------------------------------------
                                  0.000000    0.000000   clock clk (rise edge)
                                  0.000000    0.000000   clock network delay (propagated)
                                  3.000000    3.000000 ^ input external delay
     1    0.002923    0.033065    0.016438    3.016438 ^ x0[0] (in)
                                                         x0[0] (net)
                      0.033065    0.000000    3.016438 ^ input130/A (sky130_fd_sc_hd__clkbuf_2)
     2    0.034881    0.300022    0.338654    3.355092 ^ input130/X (sky130_fd_sc_hd__clkbuf_2)
                                                         net130 (net)
                      0.300045    0.002198    3.357290 ^ fanout658/A (sky130_fd_sc_hd__buf_4)
     6    0.046360    0.215434    0.417713    3.775003 ^ fanout658/X (sky130_fd_sc_hd__buf_4)
                                                         net658 (net)
                      0.215434    0.000751    3.775755 ^ fanout655/A (sky130_fd_sc_hd__buf_6)
    10    0.060556    0.200315    0.343227    4.118982 ^ fanout655/X (sky130_fd_sc_hd__buf_6)
                                                         net655 (net)
                      0.200424    0.000939    4.119921 ^ fanout654/A (sky130_fd_sc_hd__clkbuf_4)
    10    0.050315    0.249638    0.440326    4.560247 ^ fanout654/X (sky130_fd_sc_hd__clkbuf_4)
                                                         net654 (net)
                      0.249642    0.001423    4.561670 ^ _10393_/A (sky130_fd_sc_hd__nand4_1)
     3    0.009303    0.346110    0.373639    4.935309 v _10393_/Y (sky130_fd_sc_hd__nand4_1)
                                                         _02992_ (net)
                      0.346110    0.000220    4.935530 v _10403_/A1 (sky130_fd_sc_hd__a21o_1)
     2    0.005725    0.083224    0.424456    5.359985 v _10403_/X (sky130_fd_sc_hd__a21o_1)
                                                         _03003_ (net)
                      0.083224    0.000129    5.360114 v _10404_/C (sky130_fd_sc_hd__and3_1)
     3    0.006513    0.100869    0.400591    5.760705 v _10404_/X (sky130_fd_sc_hd__and3_1)
                                                         _03004_ (net)
                      0.100869    0.000103    5.760808 v _10407_/A (sky130_fd_sc_hd__or3_1)
     2    0.006340    0.172864    0.907761    6.668569 v _10407_/X (sky130_fd_sc_hd__or3_1)
                                                         _03007_ (net)
                      0.172864    0.000102    6.668670 v _10417_/A1 (sky130_fd_sc_hd__a21o_1)
     3    0.008250    0.102548    0.373747    7.042417 v _10417_/X (sky130_fd_sc_hd__a21o_1)
                                                         _03018_ (net)
                      0.102548    0.000199    7.042616 v _10426_/A2 (sky130_fd_sc_hd__a21o_1)
     2    0.008431    0.104013    0.375347    7.417963 v _10426_/X (sky130_fd_sc_hd__a21o_1)
                                                         _03028_ (net)
                      0.104013    0.000165    7.418128 v _10430_/A2 (sky130_fd_sc_hd__a21o_1)
     2    0.006512    0.089155    0.361176    7.779305 v _10430_/X (sky130_fd_sc_hd__a21o_1)
                                                         _03033_ (net)
                      0.089155    0.000195    7.779500 v _10438_/A2 (sky130_fd_sc_hd__a21o_1)
     2    0.005101    0.078816    0.344124    8.123624 v _10438_/X (sky130_fd_sc_hd__a21o_1)
                                                         _03042_ (net)
                      0.078816    0.000092    8.123716 v _10439_/C (sky130_fd_sc_hd__and3_2)
     4    0.017944    0.136965    0.525773    8.649489 v _10439_/X (sky130_fd_sc_hd__and3_2)
                                                         _03043_ (net)
                      0.136965    0.000447    8.649936 v _10443_/A (sky130_fd_sc_hd__nor3b_1)
     3    0.011668    0.683300    0.675327    9.325263 ^ _10443_/Y (sky130_fd_sc_hd__nor3b_1)
                                                         _03047_ (net)
                      0.683300    0.000349    9.325613 ^ _10450_/B1 (sky130_fd_sc_hd__a211o_1)
     4    0.017910    0.258083    0.523935    9.849547 ^ _10450_/X (sky130_fd_sc_hd__a211o_1)
                                                         _03055_ (net)
                      0.258083    0.000536    9.850083 ^ _10454_/A (sky130_fd_sc_hd__nand3_2)
     5    0.017689    0.265715    0.314201   10.164285 v _10454_/Y (sky130_fd_sc_hd__nand3_2)
                                                         _03059_ (net)
                      0.265715    0.000378   10.164663 v _10465_/A1 (sky130_fd_sc_hd__a21bo_1)
     2    0.004549    0.077156    0.402871   10.567533 v _10465_/X (sky130_fd_sc_hd__a21bo_1)
                                                         _03071_ (net)
                      0.077156    0.000063   10.567596 v _10466_/C (sky130_fd_sc_hd__and3_1)
     2    0.004448    0.085383    0.380184   10.947781 v _10466_/X (sky130_fd_sc_hd__and3_1)
                                                         _03072_ (net)
                      0.085383    0.000067   10.947847 v _10468_/A_N (sky130_fd_sc_hd__nand2b_1)
     1    0.004608    0.115070    0.321386   11.269233 v _10468_/Y (sky130_fd_sc_hd__nand2b_1)
                                                         _03075_ (net)
                      0.115070    0.000134   11.269367 v _11923_/B (sky130_fd_sc_hd__xor2_1)
     1    0.005170    0.123627    0.299951   11.569318 v _11923_/X (sky130_fd_sc_hd__xor2_1)
                                                         _00012_ (net)
                      0.123627    0.000188   11.569507 v _13671_/D (sky130_fd_sc_hd__dfrtp_1)
                                             11.569507   data arrival time

                                 15.000000   15.000000   clock clk (rise edge)
                                  0.000000   15.000000   clock source latency
     1    0.050594    0.363095    0.258083   15.258083 ^ clk (in)
                                                         clk (net)
                      0.363560    0.000000   15.258083 ^ clkbuf_0_clk/A (sky130_fd_sc_hd__clkbuf_16)
     8    0.161004    0.263137    0.506523   15.764606 ^ clkbuf_0_clk/X (sky130_fd_sc_hd__clkbuf_16)
                                                         clknet_0_clk (net)
                      0.263474    0.008367   15.772973 ^ clkbuf_3_2__f_clk/A (sky130_fd_sc_hd__clkbuf_16)
    10    0.038118    0.092712    0.332619   16.105593 ^ clkbuf_3_2__f_clk/X (sky130_fd_sc_hd__clkbuf_16)
                                                         clknet_3_2__leaf_clk (net)
                      0.092766    0.002153   16.107744 ^ _13671_/CLK (sky130_fd_sc_hd__dfrtp_1)
                                 -0.250000   15.857746   clock uncertainty
                                  0.000000   15.857746   clock reconvergence pessimism
                                 -0.292854   15.564892   library setup time
                                             15.564892   data required time
---------------------------------------------------------------------------------------------
                                             15.564892   data required time
                                            -11.569507   data arrival time
---------------------------------------------------------------------------------------------
                                              3.995385   slack (MET)


Startpoint: x0[0] (input port clocked by clk)
Endpoint: _13654_ (rising edge-triggered flip-flop clocked by clk)
Path Group: clk
Path Type: max

Fanout         Cap        Slew       Delay        Time   Description
---------------------------------------------------------------------------------------------
                                  0.000000    0.000000   clock clk (rise edge)
                                  0.000000    0.000000   clock network delay (propagated)
                                  3.000000    3.000000 v input external delay
     1    0.002738    0.018222    0.009037    3.009037 v x0[0] (in)
                                                         x0[0] (net)
                      0.018222    0.000000    3.009037 v input130/A (sky130_fd_sc_hd__clkbuf_2)
     2    0.034476    0.242941    0.312382    3.321419 v input130/X (sky130_fd_sc_hd__clkbuf_2)
                                                         net130 (net)
                      0.243040    0.002168    3.323587 v fanout658/A (sky130_fd_sc_hd__buf_4)
     6    0.045214    0.124410    0.403686    3.727273 v fanout658/X (sky130_fd_sc_hd__buf_4)
                                                         net658 (net)
                      0.124627    0.004622    3.731895 v fanout657/A (sky130_fd_sc_hd__buf_6)
    10    0.063315    0.115287    0.304088    4.035984 v fanout657/X (sky130_fd_sc_hd__buf_6)
                                                         net657 (net)
                      0.115330    0.001862    4.037846 v fanout656/A (sky130_fd_sc_hd__buf_4)
    10    0.048106    0.129924    0.348964    4.386810 v fanout656/X (sky130_fd_sc_hd__buf_4)
                                                         net656 (net)
                      0.130021    0.003245    4.390054 v _08565_/B2 (sky130_fd_sc_hd__a22o_1)
     2    0.005274    0.092742    0.403839    4.793893 v _08565_/X (sky130_fd_sc_hd__a22o_1)
                                                         _01033_ (net)
                      0.092742    0.000104    4.793997 v _08713_/A3 (sky130_fd_sc_hd__a31o_1)
     2    0.005595    0.089516    0.420537    5.214534 v _08713_/X (sky130_fd_sc_hd__a31o_1)
                                                         _01180_ (net)
                      0.089516    0.000124    5.214658 v _08715_/B (sky130_fd_sc_hd__and3_1)
     3    0.009147    0.122591    0.397209    5.611866 v _08715_/X (sky130_fd_sc_hd__and3_1)
                                                         _01182_ (net)
                      0.122591    0.000329    5.612195 v _08718_/A (sky130_fd_sc_hd__or3_4)
     2    0.007951    0.130031    0.789051    6.401247 v _08718_/X (sky130_fd_sc_hd__or3_4)
                                                         _01185_ (net)
                      0.130031    0.000285    6.401532 v _08728_/A1 (sky130_fd_sc_hd__a21o_1)
     3    0.009054    0.108935    0.361280    6.762811 v _08728_/X (sky130_fd_sc_hd__a21o_1)
                                                         _01195_ (net)
                      0.108935    0.000199    6.763011 v _08737_/A2 (sky130_fd_sc_hd__a21o_1)
     2    0.008326    0.103188    0.377183    7.140194 v _08737_/X (sky130_fd_sc_hd__a21o_1)
                                                         _01204_ (net)
                      0.103188    0.000229    7.140423 v _08741_/A2 (sky130_fd_sc_hd__a21o_1)
     2    0.006287    0.087459    0.359098    7.499520 v _08741_/X (sky130_fd_sc_hd__a21o_1)
                                                         _01208_ (net)
                      0.087459    0.000180    7.499701 v _08749_/A2 (sky130_fd_sc_hd__a21o_1)
     2    0.007001    0.092925    0.357949    7.857650 v _08749_/X (sky130_fd_sc_hd__a21o_1)
                                                         _01216_ (net)
                      0.092925    0.000287    7.857937 v _08750_/C (sky130_fd_sc_hd__and3_1)
     4    0.018448    0.195005    0.496779    8.354715 v _08750_/X (sky130_fd_sc_hd__and3_1)
                                                         _01217_ (net)
                      0.195005    0.000461    8.355176 v _08754_/A (sky130_fd_sc_hd__nor3b_1)
     3    0.014098    0.817439    0.785661    9.140838 ^ _08754_/Y (sky130_fd_sc_hd__nor3b_1)
                                                         _01221_ (net)
                      0.817439    0.000323    9.141161 ^ _08764_/A1 (sky130_fd_sc_hd__o211ai_2)
     2    0.009395    0.223321    0.454762    9.595923 v _08764_/Y (sky130_fd_sc_hd__o211ai_2)
                                                         _01231_ (net)
                      0.223321    0.000331    9.596254 v _08769_/A2 (sky130_fd_sc_hd__a21o_1)
     3    0.008686    0.105942    0.427955   10.024210 v _08769_/X (sky130_fd_sc_hd__a21o_1)
                                                         _01236_ (net)
                      0.105942    0.000122   10.024332 v _08773_/A2 (sky130_fd_sc_hd__a211o_1)
     2    0.005533    0.110452    0.583030   10.607362 v _08773_/X (sky130_fd_sc_hd__a211o_1)
                                                         _01240_ (net)
                      0.110452    0.000136   10.607497 v _08775_/A2 (sky130_fd_sc_hd__a21o_1)
     2    0.004485    0.074202    0.348030   10.955527 v _08775_/X (sky130_fd_sc_hd__a21o_1)
                                                         _01242_ (net)
                      0.074202    0.000090   10.955617 v _08776_/B (sky130_fd_sc_hd__and2b_1)
     1    0.004556    0.080927    0.335319   11.290936 v _08776_/X (sky130_fd_sc_hd__and2b_1)
                                                         _01243_ (net)
                      0.080927    0.000133   11.291070 v _10210_/B (sky130_fd_sc_hd__xor2_1)
     1    0.004050    0.110641    0.277343   11.568413 v _10210_/X (sky130_fd_sc_hd__xor2_1)
                                                         _00054_ (net)
                      0.110641    0.000127   11.568540 v _13654_/D (sky130_fd_sc_hd__dfrtp_1)
                                             11.568540   data arrival time

                                 15.000000   15.000000   clock clk (rise edge)
                                  0.000000   15.000000   clock source latency
     1    0.050594    0.363095    0.258083   15.258083 ^ clk (in)
                                                         clk (net)
                      0.363560    0.000000   15.258083 ^ clkbuf_0_clk/A (sky130_fd_sc_hd__clkbuf_16)
     8    0.161004    0.263137    0.506523   15.764606 ^ clkbuf_0_clk/X (sky130_fd_sc_hd__clkbuf_16)
                                                         clknet_0_clk (net)
                      0.263320    0.006368   15.770974 ^ clkbuf_3_7__f_clk/A (sky130_fd_sc_hd__clkbuf_16)
    10    0.045622    0.101783    0.342633   16.113607 ^ clkbuf_3_7__f_clk/X (sky130_fd_sc_hd__clkbuf_16)
                                                         clknet_3_7__leaf_clk (net)
                      0.101852    0.002272   16.115879 ^ _13654_/CLK (sky130_fd_sc_hd__dfrtp_1)
                                 -0.250000   15.865880   clock uncertainty
                                  0.000000   15.865880   clock reconvergence pessimism
                                 -0.285016   15.580863   library setup time
                                             15.580863   data required time
---------------------------------------------------------------------------------------------
                                             15.580863   data required time
                                            -11.568540   data arrival time
---------------------------------------------------------------------------------------------
                                              4.012324   slack (MET)


Startpoint: x0[0] (input port clocked by clk)
Endpoint: _13637_ (rising edge-triggered flip-flop clocked by clk)
Path Group: clk
Path Type: max

Fanout         Cap        Slew       Delay        Time   Description
---------------------------------------------------------------------------------------------
                                  0.000000    0.000000   clock clk (rise edge)
                                  0.000000    0.000000   clock network delay (propagated)
                                  3.000000    3.000000 ^ input external delay
     1    0.002923    0.033065    0.016438    3.016438 ^ x0[0] (in)
                                                         x0[0] (net)
                      0.033065    0.000000    3.016438 ^ input130/A (sky130_fd_sc_hd__clkbuf_2)
     2    0.034881    0.300022    0.338654    3.355092 ^ input130/X (sky130_fd_sc_hd__clkbuf_2)
                                                         net130 (net)
                      0.300045    0.002198    3.357290 ^ fanout658/A (sky130_fd_sc_hd__buf_4)
     6    0.046360    0.215434    0.417713    3.775003 ^ fanout658/X (sky130_fd_sc_hd__buf_4)
                                                         net658 (net)
                      0.215554    0.004754    3.779757 ^ fanout657/A (sky130_fd_sc_hd__buf_6)
    10    0.064683    0.212620    0.351677    4.131435 ^ fanout657/X (sky130_fd_sc_hd__buf_6)
                                                         net657 (net)
                      0.212644    0.001904    4.133338 ^ fanout656/A (sky130_fd_sc_hd__buf_4)
    10    0.049842    0.229845    0.392916    4.526255 ^ fanout656/X (sky130_fd_sc_hd__buf_4)
                                                         net656 (net)
                      0.229856    0.001855    4.528110 ^ _12105_/A (sky130_fd_sc_hd__nand4_1)
     3    0.008941    0.333393    0.357998    4.886107 v _12105_/Y (sky130_fd_sc_hd__nand4_1)
                                                         _04857_ (net)
                      0.333393    0.000156    4.886263 v _12115_/A1 (sky130_fd_sc_hd__a21o_1)
     2    0.006547    0.089362    0.425748    5.312011 v _12115_/X (sky130_fd_sc_hd__a21o_1)
                                                         _04868_ (net)
                      0.089362    0.000166    5.312177 v _12116_/C (sky130_fd_sc_hd__and3_1)
     3    0.008970    0.121081    0.424357    5.736534 v _12116_/X (sky130_fd_sc_hd__and3_1)
                                                         _04869_ (net)
                      0.121081    0.000319    5.736853 v _12119_/A (sky130_fd_sc_hd__or3_4)
     2    0.006700    0.126950    0.782308    6.519160 v _12119_/X (sky130_fd_sc_hd__or3_4)
                                                         _04873_ (net)
                      0.126950    0.000122    6.519283 v _12129_/A2 (sky130_fd_sc_hd__a21o_1)
     3    0.008684    0.105996    0.387502    6.906784 v _12129_/X (sky130_fd_sc_hd__a21o_1)
                                                         _04884_ (net)
                      0.105996    0.000192    6.906977 v _12138_/A2 (sky130_fd_sc_hd__a21o_1)
     2    0.008494    0.104540    0.377227    7.284204 v _12138_/X (sky130_fd_sc_hd__a21o_1)
                                                         _04894_ (net)
                      0.104540    0.000275    7.284479 v _12142_/A2 (sky130_fd_sc_hd__a21o_1)
     2    0.005912    0.084667    0.356788    7.641266 v _12142_/X (sky130_fd_sc_hd__a21o_1)
                                                         _04898_ (net)
                      0.084667    0.000163    7.641429 v _12150_/A2 (sky130_fd_sc_hd__a21o_1)
     2    0.005648    0.082774    0.346452    7.987881 v _12150_/X (sky130_fd_sc_hd__a21o_1)
                                                         _04907_ (net)
                      0.082774    0.000131    7.988012 v _12151_/C (sky130_fd_sc_hd__and3_2)
     4    0.022472    0.153289    0.544985    8.532997 v _12151_/X (sky130_fd_sc_hd__and3_2)
                                                         _04908_ (net)
                      0.153294    0.001062    8.534059 v _12155_/A (sky130_fd_sc_hd__nor3b_2)
     4    0.021476    0.635247    0.662983    9.197042 ^ _12155_/Y (sky130_fd_sc_hd__nor3b_2)
                                                         _04912_ (net)
                      0.635247    0.000240    9.197282 ^ _12162_/B1 (sky130_fd_sc_hd__a211o_1)
     4    0.016398    0.238402    0.500043    9.697325 ^ _12162_/X (sky130_fd_sc_hd__a211o_1)
                                                         _04920_ (net)
                      0.238402    0.000466    9.697791 ^ _12166_/A (sky130_fd_sc_hd__nand3_2)
     5    0.022256    0.319904    0.348954   10.046745 v _12166_/Y (sky130_fd_sc_hd__nand3_2)
                                                         _04924_ (net)
                      0.319904    0.000451   10.047196 v _12176_/A1 (sky130_fd_sc_hd__a21bo_1)
     2    0.005669    0.085265    0.432739   10.479936 v _12176_/X (sky130_fd_sc_hd__a21bo_1)
                                                         _04935_ (net)
                      0.085265    0.000110   10.480045 v _12177_/C (sky130_fd_sc_hd__and3_1)
     2    0.004072    0.081706    0.379835   10.859880 v _12177_/X (sky130_fd_sc_hd__and3_1)
                                                         _04936_ (net)
                      0.081706    0.000063   10.859943 v _12179_/A_N (sky130_fd_sc_hd__nand2b_1)
     1    0.004723    0.116655    0.320992   11.180936 v _12179_/Y (sky130_fd_sc_hd__nand2b_1)
                                                         _04939_ (net)
                      0.116655    0.000139   11.181075 v _13633_/B (sky130_fd_sc_hd__xor2_1)
     1    0.002163    0.085145    0.273504   11.454579 v _13633_/X (sky130_fd_sc_hd__xor2_1)
                                                         _00026_ (net)
                      0.085145    0.000043   11.454621 v _13637_/D (sky130_fd_sc_hd__dfrtp_1)
                                             11.454621   data arrival time

                                 15.000000   15.000000   clock clk (rise edge)
                                  0.000000   15.000000   clock source latency
     1    0.050594    0.363095    0.258083   15.258083 ^ clk (in)
                                                         clk (net)
                      0.363560    0.000000   15.258083 ^ clkbuf_0_clk/A (sky130_fd_sc_hd__clkbuf_16)
     8    0.161004    0.263137    0.506523   15.764606 ^ clkbuf_0_clk/X (sky130_fd_sc_hd__clkbuf_16)
                                                         clknet_0_clk (net)
                      0.263391    0.007367   15.771973 ^ clkbuf_3_6__f_clk/A (sky130_fd_sc_hd__clkbuf_16)
    10    0.030774    0.082164    0.323242   16.095215 ^ clkbuf_3_6__f_clk/X (sky130_fd_sc_hd__clkbuf_16)
                                                         clknet_3_6__leaf_clk (net)
                      0.082186    0.001243   16.096458 ^ _13637_/CLK (sky130_fd_sc_hd__dfrtp_1)
                                 -0.250000   15.846458   clock uncertainty
                                  0.000000   15.846458   clock reconvergence pessimism
                                 -0.279632   15.566827   library setup time
                                             15.566827   data required time
---------------------------------------------------------------------------------------------
                                             15.566827   data required time
                                            -11.454621   data arrival time
---------------------------------------------------------------------------------------------
                                              4.112205   slack (MET)


Startpoint: x0[0] (input port clocked by clk)
Endpoint: _13687_ (rising edge-triggered flip-flop clocked by clk)
Path Group: clk
Path Type: max

Fanout         Cap        Slew       Delay        Time   Description
---------------------------------------------------------------------------------------------
                                  0.000000    0.000000   clock clk (rise edge)
                                  0.000000    0.000000   clock network delay (propagated)
                                  3.000000    3.000000 ^ input external delay
     1    0.002923    0.033065    0.016438    3.016438 ^ x0[0] (in)
                                                         x0[0] (net)
                      0.033065    0.000000    3.016438 ^ input130/A (sky130_fd_sc_hd__clkbuf_2)
     2    0.034881    0.300022    0.338654    3.355092 ^ input130/X (sky130_fd_sc_hd__clkbuf_2)
                                                         net130 (net)
                      0.300045    0.002198    3.357290 ^ fanout658/A (sky130_fd_sc_hd__buf_4)
     6    0.046360    0.215434    0.417713    3.775003 ^ fanout658/X (sky130_fd_sc_hd__buf_4)
                                                         net658 (net)
                      0.215434    0.000751    3.775755 ^ fanout655/A (sky130_fd_sc_hd__buf_6)
    10    0.060556    0.200315    0.343227    4.118982 ^ fanout655/X (sky130_fd_sc_hd__buf_6)
                                                         net655 (net)
                      0.200424    0.000939    4.119921 ^ fanout654/A (sky130_fd_sc_hd__clkbuf_4)
    10    0.050315    0.249638    0.440326    4.560247 ^ fanout654/X (sky130_fd_sc_hd__clkbuf_4)
                                                         net654 (net)
                      0.249647    0.001834    4.562081 ^ _06872_/A (sky130_fd_sc_hd__and4_1)
     2    0.005311    0.135545    0.440258    5.002339 ^ _06872_/X (sky130_fd_sc_hd__and4_1)
                                                         _01943_ (net)
                      0.135545    0.000099    5.002438 ^ _06874_/A_N (sky130_fd_sc_hd__and2b_1)
     1    0.004801    0.082680    0.402579    5.405017 v _06874_/X (sky130_fd_sc_hd__and2b_1)
                                                         _01965_ (net)
                      0.082680    0.000140    5.405158 v _06875_/B (sky130_fd_sc_hd__xnor2_1)
     2    0.007649    0.342322    0.338463    5.743620 ^ _06875_/Y (sky130_fd_sc_hd__xnor2_1)
                                                         _01976_ (net)
                      0.342322    0.000220    5.743840 ^ _06877_/B (sky130_fd_sc_hd__xor2_1)
     2    0.008288    0.339503    0.455162    6.199002 ^ _06877_/X (sky130_fd_sc_hd__xor2_1)
                                                         _01998_ (net)
                      0.339503    0.000257    6.199259 ^ _06880_/A (sky130_fd_sc_hd__xnor2_1)
     2    0.008338    0.364535    0.352748    6.552007 ^ _06880_/Y (sky130_fd_sc_hd__xnor2_1)
                                                         _02030_ (net)
                      0.364535    0.000154    6.552160 ^ _06881_/B (sky130_fd_sc_hd__xnor2_1)
     2    0.007737    0.344866    0.355094    6.907254 ^ _06881_/Y (sky130_fd_sc_hd__xnor2_1)
                                                         _02041_ (net)
                      0.344866    0.000209    6.907463 ^ _06885_/A (sky130_fd_sc_hd__xnor2_1)
     2    0.009157    0.391295    0.363131    7.270594 ^ _06885_/Y (sky130_fd_sc_hd__xnor2_1)
                                                         _02085_ (net)
                      0.391295    0.000289    7.270883 ^ _06888_/A (sky130_fd_sc_hd__xor2_1)
     2    0.008185    0.336722    0.458565    7.729447 ^ _06888_/X (sky130_fd_sc_hd__xor2_1)
                                                         _02118_ (net)
                      0.336722    0.000236    7.729684 ^ _06898_/A (sky130_fd_sc_hd__xor2_1)
     2    0.008220    0.337721    0.443965    8.173649 ^ _06898_/X (sky130_fd_sc_hd__xor2_1)
                                                         _02227_ (net)
                      0.337721    0.000156    8.173805 ^ _06900_/B (sky130_fd_sc_hd__xor2_1)
     2    0.005211    0.250810    0.385156    8.558961 ^ _06900_/X (sky130_fd_sc_hd__xor2_1)
                                                         _02249_ (net)
                      0.250810    0.000133    8.559094 ^ _06909_/A (sky130_fd_sc_hd__or2_1)
     3    0.009521    0.157448    0.310741    8.869835 ^ _06909_/X (sky130_fd_sc_hd__or2_1)
                                                         _02347_ (net)
                      0.157448    0.000182    8.870017 ^ _06911_/A (sky130_fd_sc_hd__nand2_1)
     2    0.004830    0.104977    0.156337    9.026354 v _06911_/Y (sky130_fd_sc_hd__nand2_1)
                                                         _02369_ (net)
                      0.104977    0.000127    9.026481 v _06913_/C (sky130_fd_sc_hd__and3_1)
     2    0.004842    0.088200    0.397243    9.423724 v _06913_/X (sky130_fd_sc_hd__and3_1)
                                                         _02391_ (net)
                      0.088200    0.000075    9.423800 v _06914_/B (sky130_fd_sc_hd__or3b_2)
     3    0.011437    0.214930    1.124356   10.548156 v _06914_/X (sky130_fd_sc_hd__or3b_2)
                                                         _02402_ (net)
                      0.214930    0.000196   10.548352 v _06916_/A (sky130_fd_sc_hd__and2_1)
     1    0.002368    0.064676    0.339307   10.887659 v _06916_/X (sky130_fd_sc_hd__and2_1)
                                                         _00008_ (net)
                      0.064676    0.000068   10.887728 v _13687_/D (sky130_fd_sc_hd__dfrtp_1)
                                             10.887728   data arrival time

                                 15.000000   15.000000   clock clk (rise edge)
                                  0.000000   15.000000   clock source latency
     1    0.050594    0.363095    0.258083   15.258083 ^ clk (in)
                                                         clk (net)
                      0.363560    0.000000   15.258083 ^ clkbuf_0_clk/A (sky130_fd_sc_hd__clkbuf_16)
     8    0.161004    0.263137    0.506523   15.764606 ^ clkbuf_0_clk/X (sky130_fd_sc_hd__clkbuf_16)
                                                         clknet_0_clk (net)
                      0.263381    0.007240   15.771847 ^ clkbuf_3_3__f_clk/A (sky130_fd_sc_hd__clkbuf_16)
    10    0.032983    0.085233    0.326217   16.098064 ^ clkbuf_3_3__f_clk/X (sky130_fd_sc_hd__clkbuf_16)
                                                         clknet_3_3__leaf_clk (net)
                      0.085282    0.001855   16.099918 ^ _13687_/CLK (sky130_fd_sc_hd__dfrtp_1)
                                 -0.250000   15.849919   clock uncertainty
                                  0.000000   15.849919   clock reconvergence pessimism
                                 -0.270272   15.579648   library setup time
                                             15.579648   data required time
---------------------------------------------------------------------------------------------
                                             15.579648   data required time
                                            -10.887728   data arrival time
---------------------------------------------------------------------------------------------
                                              4.691921   slack (MET)


Startpoint: x0[0] (input port clocked by clk)
Endpoint: _13670_ (rising edge-triggered flip-flop clocked by clk)
Path Group: clk
Path Type: max

Fanout         Cap        Slew       Delay        Time   Description
---------------------------------------------------------------------------------------------
                                  0.000000    0.000000   clock clk (rise edge)
                                  0.000000    0.000000   clock network delay (propagated)
                                  3.000000    3.000000 ^ input external delay
     1    0.002923    0.033065    0.016438    3.016438 ^ x0[0] (in)
                                                         x0[0] (net)
                      0.033065    0.000000    3.016438 ^ input130/A (sky130_fd_sc_hd__clkbuf_2)
     2    0.034881    0.300022    0.338654    3.355092 ^ input130/X (sky130_fd_sc_hd__clkbuf_2)
                                                         net130 (net)
                      0.300045    0.002198    3.357290 ^ fanout658/A (sky130_fd_sc_hd__buf_4)
     6    0.046360    0.215434    0.417713    3.775003 ^ fanout658/X (sky130_fd_sc_hd__buf_4)
                                                         net658 (net)
                      0.215434    0.000751    3.775755 ^ fanout655/A (sky130_fd_sc_hd__buf_6)
    10    0.060556    0.200315    0.343227    4.118982 ^ fanout655/X (sky130_fd_sc_hd__buf_6)
                                                         net655 (net)
                      0.200424    0.000939    4.119921 ^ fanout654/A (sky130_fd_sc_hd__clkbuf_4)
    10    0.050315    0.249638    0.440326    4.560247 ^ fanout654/X (sky130_fd_sc_hd__clkbuf_4)
                                                         net654 (net)
                      0.249639    0.001130    4.561377 ^ _10252_/A (sky130_fd_sc_hd__and4_1)
     2    0.005203    0.133714    0.438896    5.000273 ^ _10252_/X (sky130_fd_sc_hd__and4_1)
                                                         _02838_ (net)
                      0.133714    0.000102    5.000375 ^ _10254_/A_N (sky130_fd_sc_hd__and2b_1)
     1    0.004714    0.082069    0.401103    5.401478 v _10254_/X (sky130_fd_sc_hd__and2b_1)
                                                         _02840_ (net)
                      0.082069    0.000136    5.401614 v _10255_/B (sky130_fd_sc_hd__xnor2_1)
     2    0.007404    0.334343    0.332036    5.733650 ^ _10255_/Y (sky130_fd_sc_hd__xnor2_1)
                                                         _02841_ (net)
                      0.334343    0.000216    5.733866 ^ _10257_/B (sky130_fd_sc_hd__xor2_1)
     2    0.008387    0.342418    0.455308    6.189174 ^ _10257_/X (sky130_fd_sc_hd__xor2_1)
                                                         _02843_ (net)
                      0.342418    0.000255    6.189429 ^ _10260_/A (sky130_fd_sc_hd__xnor2_1)
     2    0.007776    0.346317    0.347359    6.536788 ^ _10260_/Y (sky130_fd_sc_hd__xnor2_1)
                                                         _02847_ (net)
                      0.346317    0.000158    6.536946 ^ _10262_/B (sky130_fd_sc_hd__xor2_1)
     2    0.008641    0.349860    0.464109    7.001055 ^ _10262_/X (sky130_fd_sc_hd__xor2_1)
                                                         _02849_ (net)
                      0.349860    0.000245    7.001300 ^ _10266_/A (sky130_fd_sc_hd__xnor2_1)
     2    0.009273    0.395142    0.365877    7.367177 ^ _10266_/Y (sky130_fd_sc_hd__xnor2_1)
                                                         _02853_ (net)
                      0.395142    0.000272    7.367449 ^ _10269_/A (sky130_fd_sc_hd__xor2_1)
     2    0.009219    0.366684    0.482628    7.850077 ^ _10269_/X (sky130_fd_sc_hd__xor2_1)
                                                         _02857_ (net)
                      0.366684    0.000353    7.850431 ^ _10278_/A (sky130_fd_sc_hd__xor2_1)
     2    0.006793    0.295963    0.420591    8.271022 ^ _10278_/X (sky130_fd_sc_hd__xor2_1)
                                                         _02867_ (net)
                      0.295963    0.000116    8.271138 ^ _10280_/B (sky130_fd_sc_hd__xnor2_1)
     2    0.005759    0.280887    0.311073    8.582211 ^ _10280_/Y (sky130_fd_sc_hd__xnor2_1)
                                                         _02869_ (net)
                      0.280887    0.000158    8.582369 ^ _10290_/A (sky130_fd_sc_hd__nor2_1)
     3    0.007515    0.104607    0.200327    8.782696 v _10290_/Y (sky130_fd_sc_hd__nor2_1)
                                                         _02880_ (net)
                      0.104607    0.000140    8.782836 v _10292_/A (sky130_fd_sc_hd__or2_1)
     2    0.005659    0.122103    0.543190    9.326026 v _10292_/X (sky130_fd_sc_hd__or2_1)
                                                         _02882_ (net)
                      0.122103    0.000157    9.326182 v _10293_/B1 (sky130_fd_sc_hd__a21oi_1)
     3    0.006644    0.281716    0.294149    9.620332 ^ _10293_/Y (sky130_fd_sc_hd__a21oi_1)
                                                         _02883_ (net)
                      0.281716    0.000124    9.620456 ^ _10295_/A_N (sky130_fd_sc_hd__and2b_1)
     3    0.011038    0.132909    0.507866   10.128322 v _10295_/X (sky130_fd_sc_hd__and2b_1)
                                                         _02885_ (net)
                      0.132909    0.000183   10.128505 v _10297_/B (sky130_fd_sc_hd__xnor2_1)
     1    0.004999    0.122359    0.257331   10.385836 v _10297_/Y (sky130_fd_sc_hd__xnor2_1)
                                                         _00002_ (net)
                      0.122360    0.000192   10.386027 v _13670_/D (sky130_fd_sc_hd__dfrtp_1)
                                             10.386027   data arrival time

                                 15.000000   15.000000   clock clk (rise edge)
                                  0.000000   15.000000   clock source latency
     1    0.050594    0.363095    0.258083   15.258083 ^ clk (in)
                                                         clk (net)
                      0.363560    0.000000   15.258083 ^ clkbuf_0_clk/A (sky130_fd_sc_hd__clkbuf_16)
     8    0.161004    0.263137    0.506523   15.764606 ^ clkbuf_0_clk/X (sky130_fd_sc_hd__clkbuf_16)
                                                         clknet_0_clk (net)
                      0.263474    0.008367   15.772973 ^ clkbuf_3_2__f_clk/A (sky130_fd_sc_hd__clkbuf_16)
    10    0.038118    0.092712    0.332619   16.105593 ^ clkbuf_3_2__f_clk/X (sky130_fd_sc_hd__clkbuf_16)
                                                         clknet_3_2__leaf_clk (net)
                      0.092768    0.002187   16.107779 ^ _13670_/CLK (sky130_fd_sc_hd__dfrtp_1)
                                 -0.250000   15.857780   clock uncertainty
                                  0.000000   15.857780   clock reconvergence pessimism
                                 -0.292325   15.565455   library setup time
                                             15.565455   data required time
---------------------------------------------------------------------------------------------
                                             15.565455   data required time
                                            -10.386027   data arrival time
---------------------------------------------------------------------------------------------
                                              5.179428   slack (MET)


Startpoint: x0[0] (input port clocked by clk)
Endpoint: _13636_ (rising edge-triggered flip-flop clocked by clk)
Path Group: clk
Path Type: max

Fanout         Cap        Slew       Delay        Time   Description
---------------------------------------------------------------------------------------------
                                  0.000000    0.000000   clock clk (rise edge)
                                  0.000000    0.000000   clock network delay (propagated)
                                  3.000000    3.000000 ^ input external delay
     1    0.002923    0.033065    0.016438    3.016438 ^ x0[0] (in)
                                                         x0[0] (net)
                      0.033065    0.000000    3.016438 ^ input130/A (sky130_fd_sc_hd__clkbuf_2)
     2    0.034881    0.300022    0.338654    3.355092 ^ input130/X (sky130_fd_sc_hd__clkbuf_2)
                                                         net130 (net)
                      0.300045    0.002198    3.357290 ^ fanout658/A (sky130_fd_sc_hd__buf_4)
     6    0.046360    0.215434    0.417713    3.775003 ^ fanout658/X (sky130_fd_sc_hd__buf_4)
                                                         net658 (net)
                      0.215554    0.004754    3.779757 ^ fanout657/A (sky130_fd_sc_hd__buf_6)
    10    0.064683    0.212620    0.351677    4.131435 ^ fanout657/X (sky130_fd_sc_hd__buf_6)
                                                         net657 (net)
                      0.212644    0.001904    4.133338 ^ fanout656/A (sky130_fd_sc_hd__buf_4)
    10    0.049842    0.229845    0.392916    4.526255 ^ fanout656/X (sky130_fd_sc_hd__buf_4)
                                                         net656 (net)
                      0.229845    0.000506    4.526761 ^ _11965_/A (sky130_fd_sc_hd__and4_1)
     2    0.004855    0.129405    0.427001    4.953762 ^ _11965_/X (sky130_fd_sc_hd__and4_1)
                                                         _04704_ (net)
                      0.129405    0.000096    4.953858 ^ _11967_/A_N (sky130_fd_sc_hd__and2b_1)
     1    0.005832    0.090351    0.408215    5.362073 v _11967_/X (sky130_fd_sc_hd__and2b_1)
                                                         _04706_ (net)
                      0.090351    0.000202    5.362274 v _11968_/B (sky130_fd_sc_hd__xnor2_1)
     2    0.007501    0.337460    0.338001    5.700275 ^ _11968_/Y (sky130_fd_sc_hd__xnor2_1)
                                                         _04708_ (net)
                      0.337460    0.000141    5.700417 ^ _11970_/B (sky130_fd_sc_hd__xor2_1)
     2    0.008784    0.354014    0.464982    6.165399 ^ _11970_/X (sky130_fd_sc_hd__xor2_1)
                                                         _04710_ (net)
                      0.354014    0.000274    6.165673 ^ _11973_/A (sky130_fd_sc_hd__xnor2_1)
     2    0.007538    0.338457    0.348181    6.513854 ^ _11973_/Y (sky130_fd_sc_hd__xnor2_1)
                                                         _04713_ (net)
                      0.338457    0.000191    6.514046 ^ _11975_/B (sky130_fd_sc_hd__xor2_1)
     2    0.008451    0.344315    0.457808    6.971854 ^ _11975_/X (sky130_fd_sc_hd__xor2_1)
                                                         _04715_ (net)
                      0.344315    0.000253    6.972106 ^ _11979_/A (sky130_fd_sc_hd__xnor2_1)
     2    0.008262    0.362180    0.353318    7.325425 ^ _11979_/Y (sky130_fd_sc_hd__xnor2_1)
                                                         _04720_ (net)
                      0.362180    0.000238    7.325663 ^ _11982_/A (sky130_fd_sc_hd__xor2_1)
     2    0.008708    0.351748    0.462014    7.787677 ^ _11982_/X (sky130_fd_sc_hd__xor2_1)
                                                         _04723_ (net)
                      0.351748    0.000273    7.787950 ^ _11991_/A (sky130_fd_sc_hd__xor2_1)
     2    0.007037    0.303024    0.421801    8.209751 ^ _11991_/X (sky130_fd_sc_hd__xor2_1)
                                                         _04733_ (net)
                      0.303024    0.000130    8.209881 ^ _11993_/B (sky130_fd_sc_hd__xnor2_1)
     2    0.004849    0.252041    0.303236    8.513117 ^ _11993_/Y (sky130_fd_sc_hd__xnor2_1)
                                                         _04735_ (net)
                      0.252041    0.000086    8.513203 ^ _12003_/A (sky130_fd_sc_hd__nor2_1)
     3    0.014301    0.146469    0.234281    8.747484 v _12003_/Y (sky130_fd_sc_hd__nor2_1)
                                                         _04746_ (net)
                      0.146469    0.000255    8.747739 v _12005_/A (sky130_fd_sc_hd__or2_1)
     2    0.006530    0.129393    0.569452    9.317191 v _12005_/X (sky130_fd_sc_hd__or2_1)
                                                         _04748_ (net)
                      0.129393    0.000155    9.317347 v _12006_/B1 (sky130_fd_sc_hd__a21oi_1)
     3    0.006961    0.291492    0.304465    9.621811 ^ _12006_/Y (sky130_fd_sc_hd__a21oi_1)
                                                         _04749_ (net)
                      0.291492    0.000091    9.621902 ^ _12008_/A_N (sky130_fd_sc_hd__and2b_1)
     3    0.010318    0.126792    0.504998   10.126901 v _12008_/X (sky130_fd_sc_hd__and2b_1)
                                                         _04752_ (net)
                      0.126792    0.000246   10.127147 v _12010_/B (sky130_fd_sc_hd__xnor2_1)
     1    0.003387    0.099501    0.235644   10.362790 v _12010_/Y (sky130_fd_sc_hd__xnor2_1)
                                                         _00005_ (net)
                      0.099501    0.000108   10.362899 v _13636_/D (sky130_fd_sc_hd__dfrtp_1)
                                             10.362899   data arrival time

                                 15.000000   15.000000   clock clk (rise edge)
                                  0.000000   15.000000   clock source latency
     1    0.050594    0.363095    0.258083   15.258083 ^ clk (in)
                                                         clk (net)
                      0.363560    0.000000   15.258083 ^ clkbuf_0_clk/A (sky130_fd_sc_hd__clkbuf_16)
     8    0.161004    0.263137    0.506523   15.764606 ^ clkbuf_0_clk/X (sky130_fd_sc_hd__clkbuf_16)
                                                         clknet_0_clk (net)
                      0.263391    0.007367   15.771973 ^ clkbuf_3_6__f_clk/A (sky130_fd_sc_hd__clkbuf_16)
    10    0.030774    0.082164    0.323242   16.095215 ^ clkbuf_3_6__f_clk/X (sky130_fd_sc_hd__clkbuf_16)
                                                         clknet_3_6__leaf_clk (net)
                      0.082190    0.001336   16.096550 ^ _13636_/CLK (sky130_fd_sc_hd__dfrtp_1)
                                 -0.250000   15.846551   clock uncertainty
                                  0.000000   15.846551   clock reconvergence pessimism
                                 -0.285617   15.560934   library setup time
                                             15.560934   data required time
---------------------------------------------------------------------------------------------
                                             15.560934   data required time
                                            -10.362899   data arrival time
---------------------------------------------------------------------------------------------
                                              5.198036   slack (MET)


Startpoint: x0[0] (input port clocked by clk)
Endpoint: _13653_ (rising edge-triggered flip-flop clocked by clk)
Path Group: clk
Path Type: max

Fanout         Cap        Slew       Delay        Time   Description
---------------------------------------------------------------------------------------------
                                  0.000000    0.000000   clock clk (rise edge)
                                  0.000000    0.000000   clock network delay (propagated)
                                  3.000000    3.000000 ^ input external delay
     1    0.002923    0.033065    0.016438    3.016438 ^ x0[0] (in)
                                                         x0[0] (net)
                      0.033065    0.000000    3.016438 ^ input130/A (sky130_fd_sc_hd__clkbuf_2)
     2    0.034881    0.300022    0.338654    3.355092 ^ input130/X (sky130_fd_sc_hd__clkbuf_2)
                                                         net130 (net)
                      0.300045    0.002198    3.357290 ^ fanout658/A (sky130_fd_sc_hd__buf_4)
     6    0.046360    0.215434    0.417713    3.775003 ^ fanout658/X (sky130_fd_sc_hd__buf_4)
                                                         net658 (net)
                      0.215554    0.004754    3.779757 ^ fanout657/A (sky130_fd_sc_hd__buf_6)
    10    0.064683    0.212620    0.351677    4.131435 ^ fanout657/X (sky130_fd_sc_hd__buf_6)
                                                         net657 (net)
                      0.212644    0.001904    4.133338 ^ fanout656/A (sky130_fd_sc_hd__buf_4)
    10    0.049842    0.229845    0.392916    4.526255 ^ fanout656/X (sky130_fd_sc_hd__buf_4)
                                                         net656 (net)
                      0.229894    0.003292    4.529547 ^ _08564_/A (sky130_fd_sc_hd__and4_1)
     2    0.005275    0.134728    0.432383    4.961930 ^ _08564_/X (sky130_fd_sc_hd__and4_1)
                                                         _01032_ (net)
                      0.134728    0.000099    4.962029 ^ _08566_/A_N (sky130_fd_sc_hd__and2b_1)
     1    0.006133    0.092658    0.412906    5.374935 v _08566_/X (sky130_fd_sc_hd__and2b_1)
                                                         _01034_ (net)
                      0.092658    0.000215    5.375150 v _08567_/B (sky130_fd_sc_hd__xnor2_1)
     2    0.008513    0.370331    0.364428    5.739578 ^ _08567_/Y (sky130_fd_sc_hd__xnor2_1)
                                                         _01035_ (net)
                      0.370331    0.000273    5.739851 ^ _08569_/B (sky130_fd_sc_hd__xor2_1)
     2    0.008648    0.350047    0.470551    6.210402 ^ _08569_/X (sky130_fd_sc_hd__xor2_1)
                                                         _01037_ (net)
                      0.350047    0.000268    6.210670 ^ _08572_/A (sky130_fd_sc_hd__xnor2_1)
     2    0.007719    0.344482    0.348980    6.559649 ^ _08572_/Y (sky130_fd_sc_hd__xnor2_1)
                                                         _01040_ (net)
                      0.344482    0.000218    6.559867 ^ _08574_/B (sky130_fd_sc_hd__xor2_1)
     2    0.009107    0.363517    0.474008    7.033875 ^ _08574_/X (sky130_fd_sc_hd__xor2_1)
                                                         _01042_ (net)
                      0.363517    0.000298    7.034173 ^ _08578_/A (sky130_fd_sc_hd__xnor2_1)
     2    0.008107    0.357124    0.357381    7.391553 ^ _08578_/Y (sky130_fd_sc_hd__xnor2_1)
                                                         _01046_ (net)
                      0.357124    0.000231    7.391785 ^ _08581_/A (sky130_fd_sc_hd__xor2_1)
     2    0.008231    0.337810    0.449949    7.841734 ^ _08581_/X (sky130_fd_sc_hd__xor2_1)
                                                         _01049_ (net)
                      0.337810    0.000224    7.841958 ^ _08590_/A (sky130_fd_sc_hd__xor2_1)
     2    0.008233    0.337866    0.444519    8.286477 ^ _08590_/X (sky130_fd_sc_hd__xor2_1)
                                                         _01058_ (net)
                      0.337866    0.000255    8.286732 ^ _08592_/B (sky130_fd_sc_hd__xnor2_1)
     2    0.009971    0.417907    0.370553    8.657285 ^ _08592_/Y (sky130_fd_sc_hd__xnor2_1)
                                                         _01060_ (net)
                      0.417907    0.000319    8.657604 ^ _08603_/A (sky130_fd_sc_hd__xnor2_1)
     2    0.006112    0.292172    0.351465    9.009068 ^ _08603_/Y (sky130_fd_sc_hd__xnor2_1)
                                                         _01071_ (net)
                      0.292172    0.000137    9.009205 ^ _08604_/B1 (sky130_fd_sc_hd__a21oi_1)
     3    0.007333    0.154403    0.189968    9.199173 v _08604_/Y (sky130_fd_sc_hd__a21oi_1)
                                                         _01072_ (net)
                      0.154403    0.000156    9.199329 v _08606_/A_N (sky130_fd_sc_hd__and2b_1)
     2    0.004082    0.087531    0.420472    9.619802 ^ _08606_/X (sky130_fd_sc_hd__and2b_1)
                                                         _01074_ (net)
                      0.087531    0.000094    9.619895 ^ _08607_/C_N (sky130_fd_sc_hd__nor3b_1)
     2    0.005661    0.413219    0.422128   10.042024 ^ _08607_/Y (sky130_fd_sc_hd__nor3b_1)
                                                         _01075_ (net)
                      0.413219    0.000093   10.042117 ^ _08609_/A (sky130_fd_sc_hd__nor2_1)
     1    0.002257    0.091945    0.191418   10.233535 v _08609_/Y (sky130_fd_sc_hd__nor2_1)
                                                         _00011_ (net)
                      0.091945    0.000045   10.233581 v _13653_/D (sky130_fd_sc_hd__dfrtp_1)
                                             10.233581   data arrival time

                                 15.000000   15.000000   clock clk (rise edge)
                                  0.000000   15.000000   clock source latency
     1    0.050594    0.363095    0.258083   15.258083 ^ clk (in)
                                                         clk (net)
                      0.363560    0.000000   15.258083 ^ clkbuf_0_clk/A (sky130_fd_sc_hd__clkbuf_16)
     8    0.161004    0.263137    0.506523   15.764606 ^ clkbuf_0_clk/X (sky130_fd_sc_hd__clkbuf_16)
                                                         clknet_0_clk (net)
                      0.263320    0.006368   15.770974 ^ clkbuf_3_7__f_clk/A (sky130_fd_sc_hd__clkbuf_16)
    10    0.045622    0.101783    0.342633   16.113607 ^ clkbuf_3_7__f_clk/X (sky130_fd_sc_hd__clkbuf_16)
                                                         clknet_3_7__leaf_clk (net)
                      0.101834    0.002009   16.115616 ^ _13653_/CLK (sky130_fd_sc_hd__dfrtp_1)
                                 -0.250000   15.865617   clock uncertainty
                                  0.000000   15.865617   clock reconvergence pessimism
                                 -0.277228   15.588389   library setup time
                                             15.588389   data required time
---------------------------------------------------------------------------------------------
                                             15.588389   data required time
                                            -10.233581   data arrival time
---------------------------------------------------------------------------------------------
                                              5.354809   slack (MET)


Startpoint: x0[0] (input port clocked by clk)
Endpoint: _13669_ (rising edge-triggered flip-flop clocked by clk)
Path Group: clk
Path Type: max

Fanout         Cap        Slew       Delay        Time   Description
---------------------------------------------------------------------------------------------
                                  0.000000    0.000000   clock clk (rise edge)
                                  0.000000    0.000000   clock network delay (propagated)
                                  3.000000    3.000000 ^ input external delay
     1    0.002923    0.033065    0.016438    3.016438 ^ x0[0] (in)
                                                         x0[0] (net)
                      0.033065    0.000000    3.016438 ^ input130/A (sky130_fd_sc_hd__clkbuf_2)
     2    0.034881    0.300022    0.338654    3.355092 ^ input130/X (sky130_fd_sc_hd__clkbuf_2)
                                                         net130 (net)
                      0.300045    0.002198    3.357290 ^ fanout658/A (sky130_fd_sc_hd__buf_4)
     6    0.046360    0.215434    0.417713    3.775003 ^ fanout658/X (sky130_fd_sc_hd__buf_4)
                                                         net658 (net)
                      0.215434    0.000751    3.775755 ^ fanout655/A (sky130_fd_sc_hd__buf_6)
    10    0.060556    0.200315    0.343227    4.118982 ^ fanout655/X (sky130_fd_sc_hd__buf_6)
                                                         net655 (net)
                      0.200424    0.000939    4.119921 ^ fanout654/A (sky130_fd_sc_hd__clkbuf_4)
    10    0.050315    0.249638    0.440326    4.560247 ^ fanout654/X (sky130_fd_sc_hd__clkbuf_4)
                                                         net654 (net)
                      0.249638    0.000717    4.560964 ^ _10222_/A (sky130_fd_sc_hd__and4_1)
     3    0.010219    0.201096    0.502867    5.063831 ^ _10222_/X (sky130_fd_sc_hd__and4_1)
                                                         _02806_ (net)
                      0.201096    0.000159    5.063990 ^ _10223_/B (sky130_fd_sc_hd__nor2_1)
     2    0.008547    0.107688    0.166241    5.230231 v _10223_/Y (sky130_fd_sc_hd__nor2_1)
                                                         _02807_ (net)
                      0.107688    0.000302    5.230533 v _10226_/A (sky130_fd_sc_hd__xor2_1)
     2    0.010686    0.410229    0.431954    5.662488 ^ _10226_/X (sky130_fd_sc_hd__xor2_1)
                                                         _02810_ (net)
                      0.410229    0.000318    5.662806 ^ _10228_/B (sky130_fd_sc_hd__xnor2_1)
     2    0.005191    0.262720    0.341314    6.004119 ^ _10228_/Y (sky130_fd_sc_hd__xnor2_1)
                                                         _02813_ (net)
                      0.262720    0.000134    6.004253 ^ _10229_/C (sky130_fd_sc_hd__and3_1)
     2    0.007765    0.153747    0.427683    6.431936 ^ _10229_/X (sky130_fd_sc_hd__and3_1)
                                                         _02814_ (net)
                      0.153747    0.000215    6.432151 ^ _10231_/A (sky130_fd_sc_hd__nor2_1)
     2    0.008335    0.099387    0.152166    6.584317 v _10231_/Y (sky130_fd_sc_hd__nor2_1)
                                                         _02816_ (net)
                      0.099387    0.000361    6.584678 v _10235_/A (sky130_fd_sc_hd__and3_1)
     3    0.009692    0.127133    0.364973    6.949651 v _10235_/X (sky130_fd_sc_hd__and3_1)
                                                         _02820_ (net)
                      0.127133    0.000190    6.949841 v _10237_/A (sky130_fd_sc_hd__or2_1)
     2    0.004912    0.116588    0.545096    7.494937 v _10237_/X (sky130_fd_sc_hd__or2_1)
                                                         _02822_ (net)
                      0.116588    0.000115    7.495053 v _10238_/D (sky130_fd_sc_hd__or4_1)
     3    0.010490    0.271200    1.111152    8.606205 v _10238_/X (sky130_fd_sc_hd__or4_1)
                                                         _02824_ (net)
                      0.271200    0.000306    8.606510 v _10240_/A (sky130_fd_sc_hd__nand2_1)
     2    0.004469    0.110108    0.193174    8.799685 ^ _10240_/Y (sky130_fd_sc_hd__nand2_1)
                                                         _02826_ (net)
                      0.110108    0.000107    8.799791 ^ _10244_/A (sky130_fd_sc_hd__or3_1)
     3    0.008769    0.143290    0.250986    9.050777 ^ _10244_/X (sky130_fd_sc_hd__or3_1)
                                                         _02830_ (net)
                      0.143290    0.000161    9.050938 ^ _10246_/A (sky130_fd_sc_hd__nand2_1)
     2    0.005573    0.114751    0.159226    9.210163 v _10246_/Y (sky130_fd_sc_hd__nand2_1)
                                                         _02832_ (net)
                      0.114751    0.000144    9.210307 v _10247_/B (sky130_fd_sc_hd__or2_1)
     3    0.011850    0.177865    0.572372    9.782680 v _10247_/X (sky130_fd_sc_hd__or2_1)
                                                         _02833_ (net)
                      0.177865    0.000226    9.782906 v _10250_/A (sky130_fd_sc_hd__and2_1)
     1    0.002426    0.065108    0.321934   10.104839 v _10250_/X (sky130_fd_sc_hd__and2_1)
                                                         _00001_ (net)
                      0.065108    0.000049   10.104888 v _13669_/D (sky130_fd_sc_hd__dfrtp_1)
                                             10.104888   data arrival time

                                 15.000000   15.000000   clock clk (rise edge)
                                  0.000000   15.000000   clock source latency
     1    0.050594    0.363095    0.258083   15.258083 ^ clk (in)
                                                         clk (net)
                      0.363560    0.000000   15.258083 ^ clkbuf_0_clk/A (sky130_fd_sc_hd__clkbuf_16)
     8    0.161004    0.263137    0.506523   15.764606 ^ clkbuf_0_clk/X (sky130_fd_sc_hd__clkbuf_16)
                                                         clknet_0_clk (net)
                      0.263483    0.008461   15.773067 ^ clkbuf_3_1__f_clk/A (sky130_fd_sc_hd__clkbuf_16)
     7    0.049509    0.106975    0.347008   16.120075 ^ clkbuf_3_1__f_clk/X (sky130_fd_sc_hd__clkbuf_16)
                                                         clknet_3_1__leaf_clk (net)
                      0.107021    0.001991   16.122066 ^ _13669_/CLK (sky130_fd_sc_hd__dfrtp_1)
                                 -0.250000   15.872066   clock uncertainty
                                  0.000000   15.872066   clock reconvergence pessimism
                                 -0.264659   15.607408   library setup time
                                             15.607408   data required time
---------------------------------------------------------------------------------------------
                                             15.607408   data required time
                                            -10.104888   data arrival time
---------------------------------------------------------------------------------------------
                                              5.502520   slack (MET)


Startpoint: x0[1] (input port clocked by clk)
Endpoint: _13635_ (rising edge-triggered flip-flop clocked by clk)
Path Group: clk
Path Type: max

Fanout         Cap        Slew       Delay        Time   Description
---------------------------------------------------------------------------------------------
                                  0.000000    0.000000   clock clk (rise edge)
                                  0.000000    0.000000   clock network delay (propagated)
                                  3.000000    3.000000 v input external delay
     1    0.003347    0.020569    0.010959    3.010958 v x0[1] (in)
                                                         x0[1] (net)
                      0.020569    0.000000    3.010958 v input131/A (sky130_fd_sc_hd__buf_4)
     1    0.021991    0.082545    0.258309    3.269267 v input131/X (sky130_fd_sc_hd__buf_4)
                                                         net131 (net)
                      0.082596    0.001892    3.271159 v fanout649/A (sky130_fd_sc_hd__buf_8)
     6    0.053386    0.086680    0.265820    3.536979 v fanout649/X (sky130_fd_sc_hd__buf_8)
                                                         net649 (net)
                      0.086961    0.004200    3.541179 v fanout648/A (sky130_fd_sc_hd__buf_12)
     8    0.077438    0.089592    0.277308    3.818487 v fanout648/X (sky130_fd_sc_hd__buf_12)
                                                         net648 (net)
                      0.089756    0.001370    3.819857 v fanout647/A (sky130_fd_sc_hd__buf_8)
     6    0.035024    0.068436    0.248431    4.068288 v fanout647/X (sky130_fd_sc_hd__buf_8)
                                                         net647 (net)
                      0.068439    0.000624    4.068913 v fanout645/A (sky130_fd_sc_hd__buf_4)
    10    0.041852    0.117840    0.316781    4.385694 v fanout645/X (sky130_fd_sc_hd__buf_4)
                                                         net645 (net)
                      0.117849    0.001142    4.386836 v _11935_/B (sky130_fd_sc_hd__and4_1)
     3    0.009499    0.126817    0.433058    4.819893 v _11935_/X (sky130_fd_sc_hd__and4_1)
                                                         _04672_ (net)
                      0.126817    0.000168    4.820061 v _11936_/B (sky130_fd_sc_hd__nor2_1)
     2    0.012332    0.390316    0.361043    5.181104 ^ _11936_/Y (sky130_fd_sc_hd__nor2_1)
                                                         _04673_ (net)
                      0.390316    0.000478    5.181582 ^ _11939_/A (sky130_fd_sc_hd__xor2_1)
     2    0.010838    0.414697    0.516874    5.698456 ^ _11939_/X (sky130_fd_sc_hd__xor2_1)
                                                         _04677_ (net)
                      0.414697    0.000256    5.698712 ^ _11941_/B (sky130_fd_sc_hd__xnor2_1)
     2    0.004921    0.254164    0.339719    6.038431 ^ _11941_/Y (sky130_fd_sc_hd__xnor2_1)
                                                         _04679_ (net)
                      0.254164    0.000114    6.038545 ^ _11942_/C (sky130_fd_sc_hd__and3_1)
     2    0.005685    0.126406    0.400997    6.439541 ^ _11942_/X (sky130_fd_sc_hd__and3_1)
                                                         _04680_ (net)
                      0.126406    0.000114    6.439655 ^ _11944_/A (sky130_fd_sc_hd__nor2_1)
     2    0.005345    0.069857    0.119879    6.559534 v _11944_/Y (sky130_fd_sc_hd__nor2_1)
                                                         _04682_ (net)
                      0.069857    0.000138    6.559672 v _11948_/A (sky130_fd_sc_hd__and3_1)
     3    0.009415    0.124781    0.348669    6.908340 v _11948_/X (sky130_fd_sc_hd__and3_1)
                                                         _04687_ (net)
                      0.124781    0.000171    6.908511 v _11950_/A (sky130_fd_sc_hd__or2_1)
     2    0.005996    0.124812    0.555017    7.463528 v _11950_/X (sky130_fd_sc_hd__or2_1)
                                                         _04689_ (net)
                      0.124812    0.000095    7.463623 v _11951_/D (sky130_fd_sc_hd__or4_1)
     3    0.008996    0.251856    1.088649    8.552272 v _11951_/X (sky130_fd_sc_hd__or4_1)
                                                         _04690_ (net)
                      0.251856    0.000144    8.552416 v _11953_/A (sky130_fd_sc_hd__nand2_1)
     2    0.004256    0.103608    0.184349    8.736765 ^ _11953_/Y (sky130_fd_sc_hd__nand2_1)
                                                         _04692_ (net)
                      0.103608    0.000099    8.736863 ^ _11957_/A (sky130_fd_sc_hd__or3_1)
     3    0.008815    0.143935    0.248387    8.985250 ^ _11957_/X (sky130_fd_sc_hd__or3_1)
                                                         _04696_ (net)
                      0.143935    0.000197    8.985447 ^ _11959_/A (sky130_fd_sc_hd__nand2_1)
     2    0.004948    0.105631    0.152033    9.137481 v _11959_/Y (sky130_fd_sc_hd__nand2_1)
                                                         _04699_ (net)
                      0.105631    0.000117    9.137598 v _11960_/B (sky130_fd_sc_hd__or2_1)
     3    0.011056    0.170211    0.560627    9.698225 v _11960_/X (sky130_fd_sc_hd__or2_1)
                                                         _04700_ (net)
                      0.170211    0.000135    9.698359 v _11963_/A (sky130_fd_sc_hd__and2_1)
     1    0.004084    0.078824    0.335556   10.033916 v _11963_/X (sky130_fd_sc_hd__and2_1)
                                                         _00004_ (net)
                      0.078824    0.000143   10.034060 v _13635_/D (sky130_fd_sc_hd__dfrtp_1)
                                             10.034060   data arrival time

                                 15.000000   15.000000   clock clk (rise edge)
                                  0.000000   15.000000   clock source latency
     1    0.050594    0.363095    0.258083   15.258083 ^ clk (in)
                                                         clk (net)
                      0.363560    0.000000   15.258083 ^ clkbuf_0_clk/A (sky130_fd_sc_hd__clkbuf_16)
     8    0.161004    0.263137    0.506523   15.764606 ^ clkbuf_0_clk/X (sky130_fd_sc_hd__clkbuf_16)
                                                         clknet_0_clk (net)
                      0.263391    0.007367   15.771973 ^ clkbuf_3_6__f_clk/A (sky130_fd_sc_hd__clkbuf_16)
    10    0.030774    0.082164    0.323242   16.095215 ^ clkbuf_3_6__f_clk/X (sky130_fd_sc_hd__clkbuf_16)
                                                         clknet_3_6__leaf_clk (net)
                      0.082191    0.001348   16.096563 ^ _13635_/CLK (sky130_fd_sc_hd__dfrtp_1)
                                 -0.250000   15.846563   clock uncertainty
                                  0.000000   15.846563   clock reconvergence pessimism
                                 -0.276995   15.569570   library setup time
                                             15.569570   data required time
---------------------------------------------------------------------------------------------
                                             15.569570   data required time
                                            -10.034060   data arrival time
---------------------------------------------------------------------------------------------
                                              5.535510   slack (MET)


Startpoint: x0[1] (input port clocked by clk)
Endpoint: _13652_ (rising edge-triggered flip-flop clocked by clk)
Path Group: clk
Path Type: max

Fanout         Cap        Slew       Delay        Time   Description
---------------------------------------------------------------------------------------------
                                  0.000000    0.000000   clock clk (rise edge)
                                  0.000000    0.000000   clock network delay (propagated)
                                  3.000000    3.000000 v input external delay
     1    0.003347    0.020569    0.010959    3.010958 v x0[1] (in)
                                                         x0[1] (net)
                      0.020569    0.000000    3.010958 v input131/A (sky130_fd_sc_hd__buf_4)
     1    0.021991    0.082545    0.258309    3.269267 v input131/X (sky130_fd_sc_hd__buf_4)
                                                         net131 (net)
                      0.082596    0.001892    3.271159 v fanout649/A (sky130_fd_sc_hd__buf_8)
     6    0.053386    0.086680    0.265820    3.536979 v fanout649/X (sky130_fd_sc_hd__buf_8)
                                                         net649 (net)
                      0.086961    0.004200    3.541179 v fanout648/A (sky130_fd_sc_hd__buf_12)
     8    0.077438    0.089592    0.277308    3.818487 v fanout648/X (sky130_fd_sc_hd__buf_12)
                                                         net648 (net)
                      0.089756    0.001370    3.819857 v fanout647/A (sky130_fd_sc_hd__buf_8)
     6    0.035024    0.068436    0.248431    4.068288 v fanout647/X (sky130_fd_sc_hd__buf_8)
                                                         net647 (net)
                      0.068524    0.002206    4.070494 v fanout646/A (sky130_fd_sc_hd__buf_8)
    10    0.044106    0.079760    0.249574    4.320067 v fanout646/X (sky130_fd_sc_hd__buf_8)
                                                         net646 (net)
                      0.079767    0.000825    4.320893 v _08537_/B (sky130_fd_sc_hd__and4_1)
     3    0.010245    0.133109    0.420108    4.741001 v _08537_/X (sky130_fd_sc_hd__and4_1)
                                                         _01006_ (net)
                      0.133109    0.000302    4.741303 v _08538_/B (sky130_fd_sc_hd__nor2_1)
     2    0.011125    0.356914    0.338685    5.079988 ^ _08538_/Y (sky130_fd_sc_hd__nor2_1)
                                                         _01007_ (net)
                      0.356915    0.000487    5.080475 ^ _08541_/A (sky130_fd_sc_hd__xor2_1)
     2    0.011555    0.435883    0.523127    5.603602 ^ _08541_/X (sky130_fd_sc_hd__xor2_1)
                                                         _01010_ (net)
                      0.435883    0.000350    5.603952 ^ _08543_/B (sky130_fd_sc_hd__xnor2_1)
     2    0.005482    0.271985    0.352799    5.956752 ^ _08543_/Y (sky130_fd_sc_hd__xnor2_1)
                                                         _01012_ (net)
                      0.271985    0.000115    5.956866 ^ _08544_/C (sky130_fd_sc_hd__and3_1)
     2    0.005742    0.127164    0.406827    6.363694 ^ _08544_/X (sky130_fd_sc_hd__and3_1)
                                                         _01013_ (net)
                      0.127164    0.000137    6.363831 ^ _08546_/A (sky130_fd_sc_hd__nor2_1)
     2    0.006630    0.080777    0.128537    6.492368 v _08546_/Y (sky130_fd_sc_hd__nor2_1)
                                                         _01015_ (net)
                      0.080777    0.000223    6.492590 v _08550_/A (sky130_fd_sc_hd__and3_1)
     3    0.008455    0.116693    0.345951    6.838542 v _08550_/X (sky130_fd_sc_hd__and3_1)
                                                         _01019_ (net)
                      0.116693    0.000117    6.838658 v _08552_/A (sky130_fd_sc_hd__or2_1)
     2    0.004844    0.115961    0.540065    7.378724 v _08552_/X (sky130_fd_sc_hd__or2_1)
                                                         _01021_ (net)
                      0.115961    0.000072    7.378796 v _08553_/D (sky130_fd_sc_hd__or4_1)
     3    0.008947    0.251406    1.085070    8.463866 v _08553_/X (sky130_fd_sc_hd__or4_1)
                                                         _01022_ (net)
                      0.251406    0.000221    8.464087 v _08555_/A (sky130_fd_sc_hd__nand2_1)
     2    0.004358    0.104588    0.185515    8.649602 ^ _08555_/Y (sky130_fd_sc_hd__nand2_1)
                                                         _01024_ (net)
                      0.104588    0.000108    8.649711 ^ _08559_/A (sky130_fd_sc_hd__or3_1)
     3    0.009070    0.147417    0.251445    8.901155 ^ _08559_/X (sky130_fd_sc_hd__or3_1)
                                                         _01028_ (net)
                      0.147417    0.000128    8.901283 ^ _08561_/A (sky130_fd_sc_hd__nand2_1)
     3    0.010175    0.183823    0.215925    9.117208 v _08561_/Y (sky130_fd_sc_hd__nand2_1)
                                                         _01030_ (net)
                      0.183823    0.000324    9.117533 v _08562_/B (sky130_fd_sc_hd__xor2_1)
     1    0.003557    0.107443    0.314762    9.432295 v _08562_/X (sky130_fd_sc_hd__xor2_1)
                                                         _00010_ (net)
                      0.107443    0.000111    9.432406 v _13652_/D (sky130_fd_sc_hd__dfrtp_1)
                                              9.432406   data arrival time

                                 15.000000   15.000000   clock clk (rise edge)
                                  0.000000   15.000000   clock source latency
     1    0.050594    0.363095    0.258083   15.258083 ^ clk (in)
                                                         clk (net)
                      0.363560    0.000000   15.258083 ^ clkbuf_0_clk/A (sky130_fd_sc_hd__clkbuf_16)
     8    0.161004    0.263137    0.506523   15.764606 ^ clkbuf_0_clk/X (sky130_fd_sc_hd__clkbuf_16)
                                                         clknet_0_clk (net)
                      0.263320    0.006368   15.770974 ^ clkbuf_3_7__f_clk/A (sky130_fd_sc_hd__clkbuf_16)
    10    0.045622    0.101783    0.342633   16.113607 ^ clkbuf_3_7__f_clk/X (sky130_fd_sc_hd__clkbuf_16)
                                                         clknet_3_7__leaf_clk (net)
                      0.101842    0.002128   16.115734 ^ _13652_/CLK (sky130_fd_sc_hd__dfrtp_1)
                                 -0.250000   15.865736   clock uncertainty
                                  0.000000   15.865736   clock reconvergence pessimism
                                 -0.283685   15.582050   library setup time
                                             15.582050   data required time
---------------------------------------------------------------------------------------------
                                             15.582050   data required time
                                             -9.432406   data arrival time
---------------------------------------------------------------------------------------------
                                              6.149643   slack (MET)


Startpoint: x0[0] (input port clocked by clk)
Endpoint: _13686_ (rising edge-triggered flip-flop clocked by clk)
Path Group: clk
Path Type: max

Fanout         Cap        Slew       Delay        Time   Description
---------------------------------------------------------------------------------------------
                                  0.000000    0.000000   clock clk (rise edge)
                                  0.000000    0.000000   clock network delay (propagated)
                                  3.000000    3.000000 ^ input external delay
     1    0.002923    0.033065    0.016438    3.016438 ^ x0[0] (in)
                                                         x0[0] (net)
                      0.033065    0.000000    3.016438 ^ input130/A (sky130_fd_sc_hd__clkbuf_2)
     2    0.034881    0.300022    0.338654    3.355092 ^ input130/X (sky130_fd_sc_hd__clkbuf_2)
                                                         net130 (net)
                      0.300045    0.002198    3.357290 ^ fanout658/A (sky130_fd_sc_hd__buf_4)
     6    0.046360    0.215434    0.417713    3.775003 ^ fanout658/X (sky130_fd_sc_hd__buf_4)
                                                         net658 (net)
                      0.215434    0.000751    3.775755 ^ fanout655/A (sky130_fd_sc_hd__buf_6)
    10    0.060556    0.200315    0.343227    4.118982 ^ fanout655/X (sky130_fd_sc_hd__buf_6)
                                                         net655 (net)
                      0.200663    0.005730    4.124712 ^ _06841_/A (sky130_fd_sc_hd__and4_1)
     3    0.010260    0.202036    0.485021    4.609733 ^ _06841_/X (sky130_fd_sc_hd__and4_1)
                                                         _01605_ (net)
                      0.202036    0.000233    4.609966 ^ _06842_/B (sky130_fd_sc_hd__nor2_1)
     2    0.010523    0.117483    0.179927    4.789893 v _06842_/Y (sky130_fd_sc_hd__nor2_1)
                                                         _01616_ (net)
                      0.117483    0.000455    4.790348 v _06843_/C (sky130_fd_sc_hd__and3_1)
     4    0.013315    0.153527    0.474864    5.265212 v _06843_/X (sky130_fd_sc_hd__and3_1)
                                                         _01627_ (net)
                      0.153527    0.000181    5.265393 v _06845_/A (sky130_fd_sc_hd__or2_1)
     1    0.004894    0.116738    0.555940    5.821333 v _06845_/X (sky130_fd_sc_hd__or2_1)
                                                         _01649_ (net)
                      0.116738    0.000105    5.821439 v _06847_/B (sky130_fd_sc_hd__xor2_1)
     2    0.008169    0.170914    0.324428    6.145867 v _06847_/X (sky130_fd_sc_hd__xor2_1)
                                                         _01671_ (net)
                      0.170914    0.000202    6.146069 v _06849_/A (sky130_fd_sc_hd__xor2_1)
     2    0.005016    0.137928    0.352960    6.499029 v _06849_/X (sky130_fd_sc_hd__xor2_1)
                                                         _01692_ (net)
                      0.137928    0.000130    6.499158 v _06857_/A (sky130_fd_sc_hd__or2_1)
     1    0.002646    0.094858    0.518197    7.017356 v _06857_/X (sky130_fd_sc_hd__or2_1)
                                                         _01780_ (net)
                      0.094858    0.000054    7.017410 v _06858_/B (sky130_fd_sc_hd__nand2_1)
     2    0.005449    0.105208    0.138202    7.155612 ^ _06858_/Y (sky130_fd_sc_hd__nand2_1)
                                                         _01791_ (net)
                      0.105208    0.000134    7.155746 ^ _06859_/B (sky130_fd_sc_hd__or2_1)
     3    0.008626    0.144632    0.235242    7.390988 ^ _06859_/X (sky130_fd_sc_hd__or2_1)
                                                         _01802_ (net)
                      0.144632    0.000147    7.391135 ^ _06861_/A (sky130_fd_sc_hd__nand2_1)
     2    0.004316    0.096535    0.144788    7.535923 v _06861_/Y (sky130_fd_sc_hd__nand2_1)
                                                         _01824_ (net)
                      0.096535    0.000058    7.535981 v _06865_/A (sky130_fd_sc_hd__or2_1)
     3    0.007838    0.140532    0.561747    8.097728 v _06865_/X (sky130_fd_sc_hd__or2_1)
                                                         _01867_ (net)
                      0.140532    0.000118    8.097846 v _06867_/A (sky130_fd_sc_hd__nand2_1)
     2    0.004812    0.095014    0.142337    8.240183 ^ _06867_/Y (sky130_fd_sc_hd__nand2_1)
                                                         _01889_ (net)
                      0.095014    0.000094    8.240277 ^ _06869_/B (sky130_fd_sc_hd__and2_1)
     1    0.002778    0.079173    0.235333    8.475610 ^ _06869_/X (sky130_fd_sc_hd__and2_1)
                                                         _01911_ (net)
                      0.079173    0.000056    8.475666 ^ _06870_/B (sky130_fd_sc_hd__nor2_1)
     1    0.002664    0.068298    0.072883    8.548549 v _06870_/Y (sky130_fd_sc_hd__nor2_1)
                                                         _00007_ (net)
                      0.068298    0.000075    8.548624 v _13686_/D (sky130_fd_sc_hd__dfrtp_1)
                                              8.548624   data arrival time

                                 15.000000   15.000000   clock clk (rise edge)
                                  0.000000   15.000000   clock source latency
     1    0.050594    0.363095    0.258083   15.258083 ^ clk (in)
                                                         clk (net)
                      0.363560    0.000000   15.258083 ^ clkbuf_0_clk/A (sky130_fd_sc_hd__clkbuf_16)
     8    0.161004    0.263137    0.506523   15.764606 ^ clkbuf_0_clk/X (sky130_fd_sc_hd__clkbuf_16)
                                                         clknet_0_clk (net)
                      0.263381    0.007240   15.771847 ^ clkbuf_3_3__f_clk/A (sky130_fd_sc_hd__clkbuf_16)
    10    0.032983    0.085233    0.326217   16.098064 ^ clkbuf_3_3__f_clk/X (sky130_fd_sc_hd__clkbuf_16)
                                                         clknet_3_3__leaf_clk (net)
                      0.085283    0.001860   16.099924 ^ _13686_/CLK (sky130_fd_sc_hd__dfrtp_1)
                                 -0.250000   15.849924   clock uncertainty
                                  0.000000   15.849924   clock reconvergence pessimism
                                 -0.271782   15.578142   library setup time
                                             15.578142   data required time
---------------------------------------------------------------------------------------------
                                             15.578142   data required time
                                             -8.548624   data arrival time
---------------------------------------------------------------------------------------------
                                              7.029518   slack (MET)


Startpoint: x3[0] (input port clocked by clk)
Endpoint: _13651_ (rising edge-triggered flip-flop clocked by clk)
Path Group: clk
Path Type: max

Fanout         Cap        Slew       Delay        Time   Description
---------------------------------------------------------------------------------------------
                                  0.000000    0.000000   clock clk (rise edge)
                                  0.000000    0.000000   clock network delay (propagated)
                                  3.000000    3.000000 ^ input external delay
     1    0.002825    0.032421    0.015925    3.015925 ^ x3[0] (in)
                                                         x3[0] (net)
                      0.032421    0.000000    3.015925 ^ input154/A (sky130_fd_sc_hd__buf_1)
     1    0.011987    0.236960    0.252922    3.268848 ^ input154/X (sky130_fd_sc_hd__buf_1)
                                                         net154 (net)
                      0.236962    0.000564    3.269412 ^ fanout473/A (sky130_fd_sc_hd__clkbuf_4)
     6    0.079439    0.376621    0.546270    3.815683 ^ fanout473/X (sky130_fd_sc_hd__clkbuf_4)
                                                         net473 (net)
                      0.377057    0.008921    3.824603 ^ fanout471/A (sky130_fd_sc_hd__clkbuf_4)
    10    0.049603    0.247040    0.513668    4.338271 ^ fanout471/X (sky130_fd_sc_hd__clkbuf_4)
                                                         net471 (net)
                      0.247265    0.006745    4.345016 ^ _08529_/A (sky130_fd_sc_hd__and4_1)
     5    0.019378    0.323142    0.605554    4.950570 ^ _08529_/X (sky130_fd_sc_hd__and4_1)
                                                         _00999_ (net)
                      0.323142    0.000813    4.951383 ^ _08531_/B (sky130_fd_sc_hd__nor3_1)
     3    0.006435    0.108308    0.209293    5.160676 v _08531_/Y (sky130_fd_sc_hd__nor3_1)
                                                         _01001_ (net)
                      0.108308    0.000099    5.160775 v _08533_/A (sky130_fd_sc_hd__or4bb_2)
     4    0.012470    0.272604    1.606914    6.767689 v _08533_/X (sky130_fd_sc_hd__or4bb_2)
                                                         _01003_ (net)
                      0.272604    0.000183    6.767872 v _08535_/A (sky130_fd_sc_hd__and2_1)
     1    0.002701    0.067230    0.371122    7.138994 v _08535_/X (sky130_fd_sc_hd__and2_1)
                                                         _00009_ (net)
                      0.067230    0.000075    7.139070 v _13651_/D (sky130_fd_sc_hd__dfrtp_1)
                                              7.139070   data arrival time

                                 15.000000   15.000000   clock clk (rise edge)
                                  0.000000   15.000000   clock source latency
     1    0.050594    0.363095    0.258083   15.258083 ^ clk (in)
                                                         clk (net)
                      0.363560    0.000000   15.258083 ^ clkbuf_0_clk/A (sky130_fd_sc_hd__clkbuf_16)
     8    0.161004    0.263137    0.506523   15.764606 ^ clkbuf_0_clk/X (sky130_fd_sc_hd__clkbuf_16)
                                                         clknet_0_clk (net)
                      0.263320    0.006368   15.770974 ^ clkbuf_3_7__f_clk/A (sky130_fd_sc_hd__clkbuf_16)
    10    0.045622    0.101783    0.342633   16.113607 ^ clkbuf_3_7__f_clk/X (sky130_fd_sc_hd__clkbuf_16)
                                                         clknet_3_7__leaf_clk (net)
                      0.101821    0.001798   16.115404 ^ _13651_/CLK (sky130_fd_sc_hd__dfrtp_1)
                                 -0.250000   15.865405   clock uncertainty
                                  0.000000   15.865405   clock reconvergence pessimism
                                 -0.266930   15.598475   library setup time
                                             15.598475   data required time
---------------------------------------------------------------------------------------------
                                             15.598475   data required time
                                             -7.139070   data arrival time
---------------------------------------------------------------------------------------------
                                              8.459406   slack (MET)


Startpoint: x3[0] (input port clocked by clk)
Endpoint: _13634_ (rising edge-triggered flip-flop clocked by clk)
Path Group: clk
Path Type: max

Fanout         Cap        Slew       Delay        Time   Description
---------------------------------------------------------------------------------------------
                                  0.000000    0.000000   clock clk (rise edge)
                                  0.000000    0.000000   clock network delay (propagated)
                                  3.000000    3.000000 ^ input external delay
     1    0.002825    0.032421    0.015925    3.015925 ^ x3[0] (in)
                                                         x3[0] (net)
                      0.032421    0.000000    3.015925 ^ input154/A (sky130_fd_sc_hd__buf_1)
     1    0.011987    0.236960    0.252922    3.268848 ^ input154/X (sky130_fd_sc_hd__buf_1)
                                                         net154 (net)
                      0.236962    0.000564    3.269412 ^ fanout473/A (sky130_fd_sc_hd__clkbuf_4)
     6    0.079439    0.376621    0.546270    3.815683 ^ fanout473/X (sky130_fd_sc_hd__clkbuf_4)
                                                         net473 (net)
                      0.377057    0.008921    3.824603 ^ fanout471/A (sky130_fd_sc_hd__clkbuf_4)
    10    0.049603    0.247040    0.513668    4.338271 ^ fanout471/X (sky130_fd_sc_hd__clkbuf_4)
                                                         net471 (net)
                      0.247040    0.001047    4.339318 ^ fanout470/A (sky130_fd_sc_hd__buf_2)
    10    0.041891    0.329500    0.463851    4.803169 ^ fanout470/X (sky130_fd_sc_hd__buf_2)
                                                         net470 (net)
                      0.329500    0.000570    4.803739 ^ _11926_/A (sky130_fd_sc_hd__and4_1)
     5    0.020067    0.332569    0.643961    5.447700 ^ _11926_/X (sky130_fd_sc_hd__and4_1)
                                                         _04663_ (net)
                      0.332569    0.000316    5.448016 ^ _11928_/B (sky130_fd_sc_hd__nor3_1)
     3    0.008432    0.122854    0.227969    5.675984 v _11928_/Y (sky130_fd_sc_hd__nor3_1)
                                                         _04666_ (net)
                      0.122854    0.000232    5.676216 v _11931_/A (sky130_fd_sc_hd__or3_1)
     3    0.007127    0.180086    0.926756    6.602972 v _11931_/X (sky130_fd_sc_hd__or3_1)
                                                         _04669_ (net)
                      0.180086    0.000166    6.603138 v _11933_/A (sky130_fd_sc_hd__and2_1)
     1    0.002951    0.069237    0.328507    6.931644 v _11933_/X (sky130_fd_sc_hd__and2_1)
                                                         _00003_ (net)
                      0.069237    0.000064    6.931709 v _13634_/D (sky130_fd_sc_hd__dfrtp_1)
                                              6.931709   data arrival time

                                 15.000000   15.000000   clock clk (rise edge)
                                  0.000000   15.000000   clock source latency
     1    0.050594    0.363095    0.258083   15.258083 ^ clk (in)
                                                         clk (net)
                      0.363560    0.000000   15.258083 ^ clkbuf_0_clk/A (sky130_fd_sc_hd__clkbuf_16)
     8    0.161004    0.263137    0.506523   15.764606 ^ clkbuf_0_clk/X (sky130_fd_sc_hd__clkbuf_16)
                                                         clknet_0_clk (net)
                      0.263391    0.007367   15.771973 ^ clkbuf_3_6__f_clk/A (sky130_fd_sc_hd__clkbuf_16)
    10    0.030774    0.082164    0.323242   16.095215 ^ clkbuf_3_6__f_clk/X (sky130_fd_sc_hd__clkbuf_16)
                                                         clknet_3_6__leaf_clk (net)
                      0.082188    0.001281   16.096495 ^ _13634_/CLK (sky130_fd_sc_hd__dfrtp_1)
                                 -0.250000   15.846497   clock uncertainty
                                  0.000000   15.846497   clock reconvergence pessimism
                                 -0.272998   15.573499   library setup time
                                             15.573499   data required time
---------------------------------------------------------------------------------------------
                                             15.573499   data required time
                                             -6.931709   data arrival time
---------------------------------------------------------------------------------------------
                                              8.641789   slack (MET)


Startpoint: x3[0] (input port clocked by clk)
Endpoint: _13668_ (rising edge-triggered flip-flop clocked by clk)
Path Group: clk
Path Type: max

Fanout         Cap        Slew       Delay        Time   Description
---------------------------------------------------------------------------------------------
                                  0.000000    0.000000   clock clk (rise edge)
                                  0.000000    0.000000   clock network delay (propagated)
                                  3.000000    3.000000 ^ input external delay
     1    0.002825    0.032421    0.015925    3.015925 ^ x3[0] (in)
                                                         x3[0] (net)
                      0.032421    0.000000    3.015925 ^ input154/A (sky130_fd_sc_hd__buf_1)
     1    0.011987    0.236960    0.252922    3.268848 ^ input154/X (sky130_fd_sc_hd__buf_1)
                                                         net154 (net)
                      0.236962    0.000564    3.269412 ^ fanout473/A (sky130_fd_sc_hd__clkbuf_4)
     6    0.079439    0.376621    0.546270    3.815683 ^ fanout473/X (sky130_fd_sc_hd__clkbuf_4)
                                                         net473 (net)
                      0.376621    0.001156    3.816839 ^ fanout469/A (sky130_fd_sc_hd__clkbuf_4)
     5    0.071269    0.342439    0.583788    4.400627 ^ fanout469/X (sky130_fd_sc_hd__clkbuf_4)
                                                         net469 (net)
                      0.342439    0.001128    4.401755 ^ fanout468/A (sky130_fd_sc_hd__clkbuf_2)
    10    0.032740    0.283142    0.460314    4.862068 ^ fanout468/X (sky130_fd_sc_hd__clkbuf_2)
                                                         net468 (net)
                      0.283142    0.000321    4.862389 ^ _10213_/A (sky130_fd_sc_hd__and4_1)
     5    0.018195    0.306604    0.606492    5.468881 ^ _10213_/X (sky130_fd_sc_hd__and4_1)
                                                         _02797_ (net)
                      0.306604    0.000530    5.469411 ^ _10215_/B (sky130_fd_sc_hd__nor3_1)
     3    0.007600    0.112968    0.212968    5.682379 v _10215_/Y (sky130_fd_sc_hd__nor3_1)
                                                         _02799_ (net)
                      0.112968    0.000246    5.682624 v _10218_/A (sky130_fd_sc_hd__or3_1)
     3    0.007311    0.182136    0.925414    6.608038 v _10218_/X (sky130_fd_sc_hd__or3_1)
                                                         _02803_ (net)
                      0.182136    0.000100    6.608138 v _10220_/A (sky130_fd_sc_hd__and2_1)
     1    0.002193    0.063369    0.321571    6.929709 v _10220_/X (sky130_fd_sc_hd__and2_1)
                                                         _00000_ (net)
                      0.063369    0.000044    6.929752 v _13668_/D (sky130_fd_sc_hd__dfrtp_1)
                                              6.929752   data arrival time

                                 15.000000   15.000000   clock clk (rise edge)
                                  0.000000   15.000000   clock source latency
     1    0.050594    0.363095    0.258083   15.258083 ^ clk (in)
                                                         clk (net)
                      0.363560    0.000000   15.258083 ^ clkbuf_0_clk/A (sky130_fd_sc_hd__clkbuf_16)
     8    0.161004    0.263137    0.506523   15.764606 ^ clkbuf_0_clk/X (sky130_fd_sc_hd__clkbuf_16)
                                                         clknet_0_clk (net)
                      0.263483    0.008461   15.773067 ^ clkbuf_3_1__f_clk/A (sky130_fd_sc_hd__clkbuf_16)
     7    0.049509    0.106975    0.347008   16.120075 ^ clkbuf_3_1__f_clk/X (sky130_fd_sc_hd__clkbuf_16)
                                                         clknet_3_1__leaf_clk (net)
                      0.107017    0.001924   16.121998 ^ _13668_/CLK (sky130_fd_sc_hd__dfrtp_1)
                                 -0.250000   15.872000   clock uncertainty
                                  0.000000   15.872000   clock reconvergence pessimism
                                 -0.263936   15.608063   library setup time
                                             15.608063   data required time
---------------------------------------------------------------------------------------------
                                             15.608063   data required time
                                             -6.929752   data arrival time
---------------------------------------------------------------------------------------------
                                              8.678309   slack (MET)


Startpoint: _13700_ (rising edge-triggered flip-flop clocked by clk)
Endpoint: y3[15] (output port clocked by clk)
Path Group: clk
Path Type: max

Fanout         Cap        Slew       Delay        Time   Description
---------------------------------------------------------------------------------------------
                                  0.000000    0.000000   clock clk (rise edge)
                                  0.000000    0.000000   clock source latency
     1    0.050594    0.363095    0.258083    0.258083 ^ clk (in)
                                                         clk (net)
                      0.363560    0.000000    0.258083 ^ clkbuf_0_clk/A (sky130_fd_sc_hd__clkbuf_16)
     8    0.161004    0.263137    0.506523    0.764606 ^ clkbuf_0_clk/X (sky130_fd_sc_hd__clkbuf_16)
                                                         clknet_0_clk (net)
                      0.263436    0.007927    0.772533 ^ clkbuf_3_0__f_clk/A (sky130_fd_sc_hd__clkbuf_16)
     9    0.060542    0.122080    0.357871    1.130403 ^ clkbuf_3_0__f_clk/X (sky130_fd_sc_hd__clkbuf_16)
                                                         clknet_3_0__leaf_clk (net)
                      0.122217    0.003656    1.134059 ^ _13700_/CLK (sky130_fd_sc_hd__dfrtp_1)
     1    0.020062    0.219084    0.905561    2.039620 v _13700_/Q (sky130_fd_sc_hd__dfrtp_1)
                                                         net219 (net)
                      0.219089    0.001392    2.041012 v output219/A (sky130_fd_sc_hd__buf_2)
     1    0.034951    0.168803    0.418323    2.459334 v output219/X (sky130_fd_sc_hd__buf_2)
                                                         y3[15] (net)
                      0.168804    0.000814    2.460149 v y3[15] (out)
                                              2.460149   data arrival time

                                 15.000000   15.000000   clock clk (rise edge)
                                  0.000000   15.000000   clock network delay (propagated)
                                 -0.250000   14.750000   clock uncertainty
                                  0.000000   14.750000   clock reconvergence pessimism
                                 -3.000000   11.750000   output external delay
                                             11.750000   data required time
---------------------------------------------------------------------------------------------
                                             11.750000   data required time
                                             -2.460149   data arrival time
---------------------------------------------------------------------------------------------
                                              9.289852   slack (MET)


Startpoint: _13647_ (rising edge-triggered flip-flop clocked by clk)
Endpoint: y0[13] (output port clocked by clk)
Path Group: clk
Path Type: max

Fanout         Cap        Slew       Delay        Time   Description
---------------------------------------------------------------------------------------------
                                  0.000000    0.000000   clock clk (rise edge)
                                  0.000000    0.000000   clock source latency
     1    0.050594    0.363095    0.258083    0.258083 ^ clk (in)
                                                         clk (net)
                      0.363560    0.000000    0.258083 ^ clkbuf_0_clk/A (sky130_fd_sc_hd__clkbuf_16)
     8    0.161004    0.263137    0.506523    0.764606 ^ clkbuf_0_clk/X (sky130_fd_sc_hd__clkbuf_16)
                                                         clknet_0_clk (net)
                      0.263217    0.004452    0.769058 ^ clkbuf_3_5__f_clk/A (sky130_fd_sc_hd__clkbuf_16)
     9    0.070993    0.136062    0.369479    1.138537 ^ clkbuf_3_5__f_clk/X (sky130_fd_sc_hd__clkbuf_16)
                                                         clknet_3_5__leaf_clk (net)
                      0.136070    0.001432    1.139969 ^ _13647_/CLK (sky130_fd_sc_hd__dfrtp_1)
     1    0.018939    0.209401    0.904485    2.044454 v _13647_/Q (sky130_fd_sc_hd__dfrtp_1)
                                                         net166 (net)
                      0.209401    0.000591    2.045045 v output166/A (sky130_fd_sc_hd__buf_2)
     1    0.034832    0.168331    0.413236    2.458281 v output166/X (sky130_fd_sc_hd__buf_2)
                                                         y0[13] (net)
                      0.168333    0.000865    2.459146 v y0[13] (out)
                                              2.459146   data arrival time

                                 15.000000   15.000000   clock clk (rise edge)
                                  0.000000   15.000000   clock network delay (propagated)
                                 -0.250000   14.750000   clock uncertainty
                                  0.000000   14.750000   clock reconvergence pessimism
                                 -3.000000   11.750000   output external delay
                                             11.750000   data required time
---------------------------------------------------------------------------------------------
                                             11.750000   data required time
                                             -2.459146   data arrival time
---------------------------------------------------------------------------------------------
                                              9.290854   slack (MET)


Startpoint: _13648_ (rising edge-triggered flip-flop clocked by clk)
Endpoint: y0[14] (output port clocked by clk)
Path Group: clk
Path Type: max

Fanout         Cap        Slew       Delay        Time   Description
---------------------------------------------------------------------------------------------
                                  0.000000    0.000000   clock clk (rise edge)
                                  0.000000    0.000000   clock source latency
     1    0.050594    0.363095    0.258083    0.258083 ^ clk (in)
                                                         clk (net)
                      0.363560    0.000000    0.258083 ^ clkbuf_0_clk/A (sky130_fd_sc_hd__clkbuf_16)
     8    0.161004    0.263137    0.506523    0.764606 ^ clkbuf_0_clk/X (sky130_fd_sc_hd__clkbuf_16)
                                                         clknet_0_clk (net)
                      0.263217    0.004452    0.769058 ^ clkbuf_3_5__f_clk/A (sky130_fd_sc_hd__clkbuf_16)
     9    0.070993    0.136062    0.369479    1.138537 ^ clkbuf_3_5__f_clk/X (sky130_fd_sc_hd__clkbuf_16)
                                                         clknet_3_5__leaf_clk (net)
                      0.136112    0.002583    1.141120 ^ _13648_/CLK (sky130_fd_sc_hd__dfrtp_1)
     1    0.016818    0.191697    0.889201    2.030320 v _13648_/Q (sky130_fd_sc_hd__dfrtp_1)
                                                         net167 (net)
                      0.191701    0.001260    2.031580 v output167/A (sky130_fd_sc_hd__buf_2)
     1    0.034577    0.167284    0.403916    2.435496 v output167/X (sky130_fd_sc_hd__buf_2)
                                                         y0[14] (net)
                      0.167286    0.000819    2.436315 v y0[14] (out)
                                              2.436315   data arrival time

                                 15.000000   15.000000   clock clk (rise edge)
                                  0.000000   15.000000   clock network delay (propagated)
                                 -0.250000   14.750000   clock uncertainty
                                  0.000000   14.750000   clock reconvergence pessimism
                                 -3.000000   11.750000   output external delay
                                             11.750000   data required time
---------------------------------------------------------------------------------------------
                                             11.750000   data required time
                                             -2.436315   data arrival time
---------------------------------------------------------------------------------------------
                                              9.313685   slack (MET)


Startpoint: _13650_ (rising edge-triggered flip-flop clocked by clk)
Endpoint: y0[16] (output port clocked by clk)
Path Group: clk
Path Type: max

Fanout         Cap        Slew       Delay        Time   Description
---------------------------------------------------------------------------------------------
                                  0.000000    0.000000   clock clk (rise edge)
                                  0.000000    0.000000   clock source latency
     1    0.050594    0.363095    0.258083    0.258083 ^ clk (in)
                                                         clk (net)
                      0.363560    0.000000    0.258083 ^ clkbuf_0_clk/A (sky130_fd_sc_hd__clkbuf_16)
     8    0.161004    0.263137    0.506523    0.764606 ^ clkbuf_0_clk/X (sky130_fd_sc_hd__clkbuf_16)
                                                         clknet_0_clk (net)
                      0.263217    0.004452    0.769058 ^ clkbuf_3_5__f_clk/A (sky130_fd_sc_hd__clkbuf_16)
     9    0.070993    0.136062    0.369479    1.138537 ^ clkbuf_3_5__f_clk/X (sky130_fd_sc_hd__clkbuf_16)
                                                         clknet_3_5__leaf_clk (net)
                      0.136125    0.002823    1.141360 ^ _13650_/CLK (sky130_fd_sc_hd__dfrtp_1)
     1    0.016406    0.188292    0.886187    2.027548 v _13650_/Q (sky130_fd_sc_hd__dfrtp_1)
                                                         net169 (net)
                      0.188299    0.001417    2.028964 v output169/A (sky130_fd_sc_hd__buf_2)
     1    0.034577    0.167280    0.402275    2.431240 v output169/X (sky130_fd_sc_hd__buf_2)
                                                         y0[16] (net)
                      0.167281    0.000819    2.432059 v y0[16] (out)
                                              2.432059   data arrival time

                                 15.000000   15.000000   clock clk (rise edge)
                                  0.000000   15.000000   clock network delay (propagated)
                                 -0.250000   14.750000   clock uncertainty
                                  0.000000   14.750000   clock reconvergence pessimism
                                 -3.000000   11.750000   output external delay
                                             11.750000   data required time
---------------------------------------------------------------------------------------------
                                             11.750000   data required time
                                             -2.432059   data arrival time
---------------------------------------------------------------------------------------------
                                              9.317943   slack (MET)


Startpoint: _13649_ (rising edge-triggered flip-flop clocked by clk)
Endpoint: y0[15] (output port clocked by clk)
Path Group: clk
Path Type: max

Fanout         Cap        Slew       Delay        Time   Description
---------------------------------------------------------------------------------------------
                                  0.000000    0.000000   clock clk (rise edge)
                                  0.000000    0.000000   clock source latency
     1    0.050594    0.363095    0.258083    0.258083 ^ clk (in)
                                                         clk (net)
                      0.363560    0.000000    0.258083 ^ clkbuf_0_clk/A (sky130_fd_sc_hd__clkbuf_16)
     8    0.161004    0.263137    0.506523    0.764606 ^ clkbuf_0_clk/X (sky130_fd_sc_hd__clkbuf_16)
                                                         clknet_0_clk (net)
                      0.263217    0.004452    0.769058 ^ clkbuf_3_5__f_clk/A (sky130_fd_sc_hd__clkbuf_16)
     9    0.070993    0.136062    0.369479    1.138537 ^ clkbuf_3_5__f_clk/X (sky130_fd_sc_hd__clkbuf_16)
                                                         clknet_3_5__leaf_clk (net)
                      0.136117    0.002689    1.141227 ^ _13649_/CLK (sky130_fd_sc_hd__dfrtp_1)
     1    0.014799    0.174822    0.875011    2.016237 v _13649_/Q (sky130_fd_sc_hd__dfrtp_1)
                                                         net168 (net)
                      0.174826    0.001194    2.017431 v output168/A (sky130_fd_sc_hd__buf_2)
     1    0.034572    0.167244    0.395764    2.413195 v output168/X (sky130_fd_sc_hd__buf_2)
                                                         y0[15] (net)
                      0.167245    0.000819    2.414014 v y0[15] (out)
                                              2.414014   data arrival time

                                 15.000000   15.000000   clock clk (rise edge)
                                  0.000000   15.000000   clock network delay (propagated)
                                 -0.250000   14.750000   clock uncertainty
                                  0.000000   14.750000   clock reconvergence pessimism
                                 -3.000000   11.750000   output external delay
                                             11.750000   data required time
---------------------------------------------------------------------------------------------
                                             11.750000   data required time
                                             -2.414014   data arrival time
---------------------------------------------------------------------------------------------
                                              9.335986   slack (MET)


Startpoint: x2[0] (input port clocked by clk)
Endpoint: _13685_ (rising edge-triggered flip-flop clocked by clk)
Path Group: clk
Path Type: max

Fanout         Cap        Slew       Delay        Time   Description
---------------------------------------------------------------------------------------------
                                  0.000000    0.000000   clock clk (rise edge)
                                  0.000000    0.000000   clock network delay (propagated)
                                  3.000000    3.000000 ^ input external delay
     1    0.003476    0.036761    0.019364    3.019364 ^ x2[0] (in)
                                                         x2[0] (net)
                      0.036761    0.000000    3.019364 ^ input146/A (sky130_fd_sc_hd__clkbuf_4)
     4    0.077456    0.367859    0.448008    3.467372 ^ input146/X (sky130_fd_sc_hd__clkbuf_4)
                                                         net146 (net)
                      0.367958    0.005080    3.472452 ^ fanout528/A (sky130_fd_sc_hd__buf_4)
    10    0.093982    0.413287    0.587702    4.060154 ^ fanout528/X (sky130_fd_sc_hd__buf_4)
                                                         net528 (net)
                      0.413323    0.004110    4.064264 ^ fanout527/A (sky130_fd_sc_hd__clkbuf_4)
    10    0.055357    0.272985    0.549662    4.613926 ^ fanout527/X (sky130_fd_sc_hd__clkbuf_4)
                                                         net527 (net)
                      0.273050    0.004070    4.617995 ^ fanout526/A (sky130_fd_sc_hd__buf_2)
    10    0.044680    0.350296    0.488729    5.106724 ^ fanout526/X (sky130_fd_sc_hd__buf_2)
                                                         net526 (net)
                      0.350330    0.003636    5.110360 ^ _06832_/A (sky130_fd_sc_hd__nand2_2)
     6    0.023886    0.232340    0.316161    5.426521 v _06832_/Y (sky130_fd_sc_hd__nand2_2)
                                                         _01508_ (net)
                      0.232340    0.000937    5.427459 v _06833_/C (sky130_fd_sc_hd__nor3_1)
     2    0.005342    0.359841    0.370185    5.797643 ^ _06833_/Y (sky130_fd_sc_hd__nor3_1)
                                                         _01518_ (net)
                      0.359841    0.000139    5.797782 ^ _06836_/A (sky130_fd_sc_hd__nor2_1)
     1    0.004880    0.102177    0.204996    6.002779 v _06836_/Y (sky130_fd_sc_hd__nor2_1)
                                                         _01551_ (net)
                      0.102177    0.000148    6.002926 v _06839_/A (sky130_fd_sc_hd__xnor2_1)
     1    0.002664    0.089303    0.225412    6.228338 v _06839_/Y (sky130_fd_sc_hd__xnor2_1)
                                                         _00006_ (net)
                      0.089303    0.000078    6.228416 v _13685_/D (sky130_fd_sc_hd__dfrtp_1)
                                              6.228416   data arrival time

                                 15.000000   15.000000   clock clk (rise edge)
                                  0.000000   15.000000   clock source latency
     1    0.050594    0.363095    0.258083   15.258083 ^ clk (in)
                                                         clk (net)
                      0.363560    0.000000   15.258083 ^ clkbuf_0_clk/A (sky130_fd_sc_hd__clkbuf_16)
     8    0.161004    0.263137    0.506523   15.764606 ^ clkbuf_0_clk/X (sky130_fd_sc_hd__clkbuf_16)
                                                         clknet_0_clk (net)
                      0.263381    0.007240   15.771847 ^ clkbuf_3_3__f_clk/A (sky130_fd_sc_hd__clkbuf_16)
    10    0.032983    0.085233    0.326217   16.098064 ^ clkbuf_3_3__f_clk/X (sky130_fd_sc_hd__clkbuf_16)
                                                         clknet_3_3__leaf_clk (net)
                      0.085285    0.001897   16.099960 ^ _13685_/CLK (sky130_fd_sc_hd__dfrtp_1)
                                 -0.250000   15.849962   clock uncertainty
                                  0.000000   15.849962   clock reconvergence pessimism
                                 -0.280539   15.569424   library setup time
                                             15.569424   data required time
---------------------------------------------------------------------------------------------
                                             15.569424   data required time
                                             -6.228416   data arrival time
---------------------------------------------------------------------------------------------
                                              9.341008   slack (MET)


Startpoint: _13699_ (rising edge-triggered flip-flop clocked by clk)
Endpoint: y3[14] (output port clocked by clk)
Path Group: clk
Path Type: max

Fanout         Cap        Slew       Delay        Time   Description
---------------------------------------------------------------------------------------------
                                  0.000000    0.000000   clock clk (rise edge)
                                  0.000000    0.000000   clock source latency
     1    0.050594    0.363095    0.258083    0.258083 ^ clk (in)
                                                         clk (net)
                      0.363560    0.000000    0.258083 ^ clkbuf_0_clk/A (sky130_fd_sc_hd__clkbuf_16)
     8    0.161004    0.263137    0.506523    0.764606 ^ clkbuf_0_clk/X (sky130_fd_sc_hd__clkbuf_16)
                                                         clknet_0_clk (net)
                      0.263436    0.007927    0.772533 ^ clkbuf_3_0__f_clk/A (sky130_fd_sc_hd__clkbuf_16)
     9    0.060542    0.122080    0.357871    1.130403 ^ clkbuf_3_0__f_clk/X (sky130_fd_sc_hd__clkbuf_16)
                                                         clknet_3_0__leaf_clk (net)
                      0.122213    0.003614    1.134017 ^ _13699_/CLK (sky130_fd_sc_hd__dfrtp_1)
     1    0.015490    0.180495    0.873521    2.007538 v _13699_/Q (sky130_fd_sc_hd__dfrtp_1)
                                                         net218 (net)
                      0.180498    0.001115    2.008653 v output218/A (sky130_fd_sc_hd__buf_2)
     1    0.034798    0.168147    0.399218    2.407871 v output218/X (sky130_fd_sc_hd__buf_2)
                                                         y3[14] (net)
                      0.168148    0.000824    2.408694 v y3[14] (out)
                                              2.408694   data arrival time

                                 15.000000   15.000000   clock clk (rise edge)
                                  0.000000   15.000000   clock network delay (propagated)
                                 -0.250000   14.750000   clock uncertainty
                                  0.000000   14.750000   clock reconvergence pessimism
                                 -3.000000   11.750000   output external delay
                                             11.750000   data required time
---------------------------------------------------------------------------------------------
                                             11.750000   data required time
                                             -2.408694   data arrival time
---------------------------------------------------------------------------------------------
                                              9.341307   slack (MET)


Startpoint: _13701_ (rising edge-triggered flip-flop clocked by clk)
Endpoint: y3[16] (output port clocked by clk)
Path Group: clk
Path Type: max

Fanout         Cap        Slew       Delay        Time   Description
---------------------------------------------------------------------------------------------
                                  0.000000    0.000000   clock clk (rise edge)
                                  0.000000    0.000000   clock source latency
     1    0.050594    0.363095    0.258083    0.258083 ^ clk (in)
                                                         clk (net)
                      0.363560    0.000000    0.258083 ^ clkbuf_0_clk/A (sky130_fd_sc_hd__clkbuf_16)
     8    0.161004    0.263137    0.506523    0.764606 ^ clkbuf_0_clk/X (sky130_fd_sc_hd__clkbuf_16)
                                                         clknet_0_clk (net)
                      0.263436    0.007927    0.772533 ^ clkbuf_3_0__f_clk/A (sky130_fd_sc_hd__clkbuf_16)
     9    0.060542    0.122080    0.357871    1.130403 ^ clkbuf_3_0__f_clk/X (sky130_fd_sc_hd__clkbuf_16)
                                                         clknet_3_0__leaf_clk (net)
                      0.122229    0.003787    1.134190 ^ _13701_/CLK (sky130_fd_sc_hd__dfrtp_1)
     1    0.014968    0.176128    0.869896    2.004085 v _13701_/Q (sky130_fd_sc_hd__dfrtp_1)
                                                         net220 (net)
                      0.176131    0.001055    2.005140 v output220/A (sky130_fd_sc_hd__buf_2)
     1    0.034652    0.167553    0.396668    2.401808 v output220/X (sky130_fd_sc_hd__buf_2)
                                                         y3[16] (net)
                      0.167554    0.000789    2.402597 v y3[16] (out)
                                              2.402597   data arrival time

                                 15.000000   15.000000   clock clk (rise edge)
                                  0.000000   15.000000   clock network delay (propagated)
                                 -0.250000   14.750000   clock uncertainty
                                  0.000000   14.750000   clock reconvergence pessimism
                                 -3.000000   11.750000   output external delay
                                             11.750000   data required time
---------------------------------------------------------------------------------------------
                                             11.750000   data required time
                                             -2.402597   data arrival time
---------------------------------------------------------------------------------------------
                                              9.347404   slack (MET)


Startpoint: _13668_ (rising edge-triggered flip-flop clocked by clk)
Endpoint: y2[0] (output port clocked by clk)
Path Group: clk
Path Type: max

Fanout         Cap        Slew       Delay        Time   Description
---------------------------------------------------------------------------------------------
                                  0.000000    0.000000   clock clk (rise edge)
                                  0.000000    0.000000   clock source latency
     1    0.050594    0.363095    0.258083    0.258083 ^ clk (in)
                                                         clk (net)
                      0.363560    0.000000    0.258083 ^ clkbuf_0_clk/A (sky130_fd_sc_hd__clkbuf_16)
     8    0.161004    0.263137    0.506523    0.764606 ^ clkbuf_0_clk/X (sky130_fd_sc_hd__clkbuf_16)
                                                         clknet_0_clk (net)
                      0.263483    0.008461    0.773067 ^ clkbuf_3_1__f_clk/A (sky130_fd_sc_hd__clkbuf_16)
     7    0.049509    0.106975    0.347008    1.120075 ^ clkbuf_3_1__f_clk/X (sky130_fd_sc_hd__clkbuf_16)
                                                         clknet_3_1__leaf_clk (net)
                      0.107017    0.001924    1.121999 ^ _13668_/CLK (sky130_fd_sc_hd__dfrtp_1)
     1    0.005086    0.096096    0.775043    1.897042 v _13668_/Q (sky130_fd_sc_hd__dfrtp_1)
                                                         net196 (net)
                      0.096096    0.000164    1.897206 v output196/A (sky130_fd_sc_hd__buf_2)
     1    0.033983    0.164749    0.356051    2.253256 v output196/X (sky130_fd_sc_hd__buf_2)
                                                         y2[0] (net)
                      0.164749    0.000617    2.253874 v y2[0] (out)
                                              2.253874   data arrival time

                                 15.000000   15.000000   clock clk (rise edge)
                                  0.000000   15.000000   clock network delay (propagated)
                                 -0.250000   14.750000   clock uncertainty
                                  0.000000   14.750000   clock reconvergence pessimism
                                 -3.000000   11.750000   output external delay
                                             11.750000   data required time
---------------------------------------------------------------------------------------------
                                             11.750000   data required time
                                             -2.253874   data arrival time
---------------------------------------------------------------------------------------------
                                              9.496127   slack (MET)


Startpoint: _13666_ (rising edge-triggered flip-flop clocked by clk)
Endpoint: y1[15] (output port clocked by clk)
Path Group: clk
Path Type: max

Fanout         Cap        Slew       Delay        Time   Description
---------------------------------------------------------------------------------------------
                                  0.000000    0.000000   clock clk (rise edge)
                                  0.000000    0.000000   clock source latency
     1    0.050594    0.363095    0.258083    0.258083 ^ clk (in)
                                                         clk (net)
                      0.363560    0.000000    0.258083 ^ clkbuf_0_clk/A (sky130_fd_sc_hd__clkbuf_16)
     8    0.161004    0.263137    0.506523    0.764606 ^ clkbuf_0_clk/X (sky130_fd_sc_hd__clkbuf_16)
                                                         clknet_0_clk (net)
                      0.263217    0.004452    0.769058 ^ clkbuf_3_5__f_clk/A (sky130_fd_sc_hd__clkbuf_16)
     9    0.070993    0.136062    0.369479    1.138537 ^ clkbuf_3_5__f_clk/X (sky130_fd_sc_hd__clkbuf_16)
                                                         clknet_3_5__leaf_clk (net)
                      0.136272    0.004672    1.143210 ^ _13666_/CLK (sky130_fd_sc_hd__dfrtp_1)
     1    0.002558    0.072733    0.757114    1.900324 v _13666_/Q (sky130_fd_sc_hd__dfrtp_1)
                                                         net185 (net)
                      0.072733    0.000073    1.900396 v output185/A (sky130_fd_sc_hd__buf_2)
     1    0.034657    0.167486    0.346952    2.247348 v output185/X (sky130_fd_sc_hd__buf_2)
                                                         y1[15] (net)
                      0.167487    0.000834    2.248182 v y1[15] (out)
                                              2.248182   data arrival time

                                 15.000000   15.000000   clock clk (rise edge)
                                  0.000000   15.000000   clock network delay (propagated)
                                 -0.250000   14.750000   clock uncertainty
                                  0.000000   14.750000   clock reconvergence pessimism
                                 -3.000000   11.750000   output external delay
                                             11.750000   data required time
---------------------------------------------------------------------------------------------
                                             11.750000   data required time
                                             -2.248182   data arrival time
---------------------------------------------------------------------------------------------
                                              9.501819   slack (MET)


Startpoint: _13667_ (rising edge-triggered flip-flop clocked by clk)
Endpoint: y1[16] (output port clocked by clk)
Path Group: clk
Path Type: max

Fanout         Cap        Slew       Delay        Time   Description
---------------------------------------------------------------------------------------------
                                  0.000000    0.000000   clock clk (rise edge)
                                  0.000000    0.000000   clock source latency
     1    0.050594    0.363095    0.258083    0.258083 ^ clk (in)
                                                         clk (net)
                      0.363560    0.000000    0.258083 ^ clkbuf_0_clk/A (sky130_fd_sc_hd__clkbuf_16)
     8    0.161004    0.263137    0.506523    0.764606 ^ clkbuf_0_clk/X (sky130_fd_sc_hd__clkbuf_16)
                                                         clknet_0_clk (net)
                      0.263217    0.004452    0.769058 ^ clkbuf_3_5__f_clk/A (sky130_fd_sc_hd__clkbuf_16)
     9    0.070993    0.136062    0.369479    1.138537 ^ clkbuf_3_5__f_clk/X (sky130_fd_sc_hd__clkbuf_16)
                                                         clknet_3_5__leaf_clk (net)
                      0.136281    0.004760    1.143297 ^ _13667_/CLK (sky130_fd_sc_hd__dfrtp_1)
     1    0.002538    0.072583    0.756846    1.900143 v _13667_/Q (sky130_fd_sc_hd__dfrtp_1)
                                                         net186 (net)
                      0.072583    0.000074    1.900217 v output186/A (sky130_fd_sc_hd__buf_2)
     1    0.034657    0.167486    0.346883    2.247100 v output186/X (sky130_fd_sc_hd__buf_2)
                                                         y1[16] (net)
                      0.167488    0.000834    2.247934 v y1[16] (out)
                                              2.247934   data arrival time

                                 15.000000   15.000000   clock clk (rise edge)
                                  0.000000   15.000000   clock network delay (propagated)
                                 -0.250000   14.750000   clock uncertainty
                                  0.000000   14.750000   clock reconvergence pessimism
                                 -3.000000   11.750000   output external delay
                                             11.750000   data required time
---------------------------------------------------------------------------------------------
                                             11.750000   data required time
                                             -2.247934   data arrival time
---------------------------------------------------------------------------------------------
                                              9.502067   slack (MET)


Startpoint: _13645_ (rising edge-triggered flip-flop clocked by clk)
Endpoint: y0[11] (output port clocked by clk)
Path Group: clk
Path Type: max

Fanout         Cap        Slew       Delay        Time   Description
---------------------------------------------------------------------------------------------
                                  0.000000    0.000000   clock clk (rise edge)
                                  0.000000    0.000000   clock source latency
     1    0.050594    0.363095    0.258083    0.258083 ^ clk (in)
                                                         clk (net)
                      0.363560    0.000000    0.258083 ^ clkbuf_0_clk/A (sky130_fd_sc_hd__clkbuf_16)
     8    0.161004    0.263137    0.506523    0.764606 ^ clkbuf_0_clk/X (sky130_fd_sc_hd__clkbuf_16)
                                                         clknet_0_clk (net)
                      0.263237    0.004895    0.769501 ^ clkbuf_3_4__f_clk/A (sky130_fd_sc_hd__clkbuf_16)
     7    0.049260    0.106677    0.346829    1.116330 ^ clkbuf_3_4__f_clk/X (sky130_fd_sc_hd__clkbuf_16)
                                                         clknet_3_4__leaf_clk (net)
                      0.106725    0.001989    1.118318 ^ _13645_/CLK (sky130_fd_sc_hd__dfrtp_1)
     1    0.004780    0.093808    0.772088    1.890406 v _13645_/Q (sky130_fd_sc_hd__dfrtp_1)
                                                         net164 (net)
                      0.093808    0.000172    1.890579 v output164/A (sky130_fd_sc_hd__buf_2)
     1    0.034055    0.165038    0.355163    2.245742 v output164/X (sky130_fd_sc_hd__buf_2)
                                                         y0[11] (net)
                      0.165038    0.000639    2.246381 v y0[11] (out)
                                              2.246381   data arrival time

                                 15.000000   15.000000   clock clk (rise edge)
                                  0.000000   15.000000   clock network delay (propagated)
                                 -0.250000   14.750000   clock uncertainty
                                  0.000000   14.750000   clock reconvergence pessimism
                                 -3.000000   11.750000   output external delay
                                             11.750000   data required time
---------------------------------------------------------------------------------------------
                                             11.750000   data required time
                                             -2.246381   data arrival time
---------------------------------------------------------------------------------------------
                                              9.503619   slack (MET)


Startpoint: _13695_ (rising edge-triggered flip-flop clocked by clk)
Endpoint: y3[10] (output port clocked by clk)
Path Group: clk
Path Type: max

Fanout         Cap        Slew       Delay        Time   Description
---------------------------------------------------------------------------------------------
                                  0.000000    0.000000   clock clk (rise edge)
                                  0.000000    0.000000   clock source latency
     1    0.050594    0.363095    0.258083    0.258083 ^ clk (in)
                                                         clk (net)
                      0.363560    0.000000    0.258083 ^ clkbuf_0_clk/A (sky130_fd_sc_hd__clkbuf_16)
     8    0.161004    0.263137    0.506523    0.764606 ^ clkbuf_0_clk/X (sky130_fd_sc_hd__clkbuf_16)
                                                         clknet_0_clk (net)
                      0.263483    0.008461    0.773067 ^ clkbuf_3_1__f_clk/A (sky130_fd_sc_hd__clkbuf_16)
     7    0.049509    0.106975    0.347008    1.120075 ^ clkbuf_3_1__f_clk/X (sky130_fd_sc_hd__clkbuf_16)
                                                         clknet_3_1__leaf_clk (net)
                      0.107047    0.002397    1.122472 ^ _13695_/CLK (sky130_fd_sc_hd__dfrtp_1)
     1    0.004215    0.088635    0.765677    1.888148 v _13695_/Q (sky130_fd_sc_hd__dfrtp_1)
                                                         net214 (net)
                      0.088635    0.000125    1.888273 v output214/A (sky130_fd_sc_hd__buf_2)
     1    0.034418    0.166469    0.353816    2.242089 v output214/X (sky130_fd_sc_hd__buf_2)
                                                         y3[10] (net)
                      0.166469    0.000657    2.242747 v y3[10] (out)
                                              2.242747   data arrival time

                                 15.000000   15.000000   clock clk (rise edge)
                                  0.000000   15.000000   clock network delay (propagated)
                                 -0.250000   14.750000   clock uncertainty
                                  0.000000   14.750000   clock reconvergence pessimism
                                 -3.000000   11.750000   output external delay
                                             11.750000   data required time
---------------------------------------------------------------------------------------------
                                             11.750000   data required time
                                             -2.242747   data arrival time
---------------------------------------------------------------------------------------------
                                              9.507254   slack (MET)


Startpoint: _13664_ (rising edge-triggered flip-flop clocked by clk)
Endpoint: y1[13] (output port clocked by clk)
Path Group: clk
Path Type: max

Fanout         Cap        Slew       Delay        Time   Description
---------------------------------------------------------------------------------------------
                                  0.000000    0.000000   clock clk (rise edge)
                                  0.000000    0.000000   clock source latency
     1    0.050594    0.363095    0.258083    0.258083 ^ clk (in)
                                                         clk (net)
                      0.363560    0.000000    0.258083 ^ clkbuf_0_clk/A (sky130_fd_sc_hd__clkbuf_16)
     8    0.161004    0.263137    0.506523    0.764606 ^ clkbuf_0_clk/X (sky130_fd_sc_hd__clkbuf_16)
                                                         clknet_0_clk (net)
                      0.263217    0.004452    0.769058 ^ clkbuf_3_5__f_clk/A (sky130_fd_sc_hd__clkbuf_16)
     9    0.070993    0.136062    0.369479    1.138537 ^ clkbuf_3_5__f_clk/X (sky130_fd_sc_hd__clkbuf_16)
                                                         clknet_3_5__leaf_clk (net)
                      0.136231    0.004258    1.142795 ^ _13664_/CLK (sky130_fd_sc_hd__dfrtp_1)
     1    0.002246    0.070526    0.752948    1.895743 v _13664_/Q (sky130_fd_sc_hd__dfrtp_1)
                                                         net183 (net)
                      0.070526    0.000065    1.895808 v output183/A (sky130_fd_sc_hd__buf_2)
     1    0.034612    0.167315    0.345807    2.241615 v output183/X (sky130_fd_sc_hd__buf_2)
                                                         y1[13] (net)
                      0.167316    0.000820    2.242434 v y1[13] (out)
                                              2.242434   data arrival time

                                 15.000000   15.000000   clock clk (rise edge)
                                  0.000000   15.000000   clock network delay (propagated)
                                 -0.250000   14.750000   clock uncertainty
                                  0.000000   14.750000   clock reconvergence pessimism
                                 -3.000000   11.750000   output external delay
                                             11.750000   data required time
---------------------------------------------------------------------------------------------
                                             11.750000   data required time
                                             -2.242434   data arrival time
---------------------------------------------------------------------------------------------
                                              9.507566   slack (MET)


Startpoint: _13665_ (rising edge-triggered flip-flop clocked by clk)
Endpoint: y1[14] (output port clocked by clk)
Path Group: clk
Path Type: max

Fanout         Cap        Slew       Delay        Time   Description
---------------------------------------------------------------------------------------------
                                  0.000000    0.000000   clock clk (rise edge)
                                  0.000000    0.000000   clock source latency
     1    0.050594    0.363095    0.258083    0.258083 ^ clk (in)
                                                         clk (net)
                      0.363560    0.000000    0.258083 ^ clkbuf_0_clk/A (sky130_fd_sc_hd__clkbuf_16)
     8    0.161004    0.263137    0.506523    0.764606 ^ clkbuf_0_clk/X (sky130_fd_sc_hd__clkbuf_16)
                                                         clknet_0_clk (net)
                      0.263217    0.004452    0.769058 ^ clkbuf_3_5__f_clk/A (sky130_fd_sc_hd__clkbuf_16)
     9    0.070993    0.136062    0.369479    1.138537 ^ clkbuf_3_5__f_clk/X (sky130_fd_sc_hd__clkbuf_16)
                                                         clknet_3_5__leaf_clk (net)
                      0.136264    0.004592    1.143130 ^ _13665_/CLK (sky130_fd_sc_hd__dfrtp_1)
     1    0.001829    0.067534    0.747410    1.890540 v _13665_/Q (sky130_fd_sc_hd__dfrtp_1)
                                                         net184 (net)
                      0.067534    0.000050    1.890590 v output184/A (sky130_fd_sc_hd__buf_2)
     1    0.034657    0.167511    0.344569    2.235159 v output184/X (sky130_fd_sc_hd__buf_2)
                                                         y1[14] (net)
                      0.167512    0.000834    2.235993 v y1[14] (out)
                                              2.235993   data arrival time

                                 15.000000   15.000000   clock clk (rise edge)
                                  0.000000   15.000000   clock network delay (propagated)
                                 -0.250000   14.750000   clock uncertainty
                                  0.000000   14.750000   clock reconvergence pessimism
                                 -3.000000   11.750000   output external delay
                                             11.750000   data required time
---------------------------------------------------------------------------------------------
                                             11.750000   data required time
                                             -2.235993   data arrival time
---------------------------------------------------------------------------------------------
                                              9.514007   slack (MET)


Startpoint: _13669_ (rising edge-triggered flip-flop clocked by clk)
Endpoint: y2[1] (output port clocked by clk)
Path Group: clk
Path Type: max

Fanout         Cap        Slew       Delay        Time   Description
---------------------------------------------------------------------------------------------
                                  0.000000    0.000000   clock clk (rise edge)
                                  0.000000    0.000000   clock source latency
     1    0.050594    0.363095    0.258083    0.258083 ^ clk (in)
                                                         clk (net)
                      0.363560    0.000000    0.258083 ^ clkbuf_0_clk/A (sky130_fd_sc_hd__clkbuf_16)
     8    0.161004    0.263137    0.506523    0.764606 ^ clkbuf_0_clk/X (sky130_fd_sc_hd__clkbuf_16)
                                                         clknet_0_clk (net)
                      0.263483    0.008461    0.773067 ^ clkbuf_3_1__f_clk/A (sky130_fd_sc_hd__clkbuf_16)
     7    0.049509    0.106975    0.347008    1.120075 ^ clkbuf_3_1__f_clk/X (sky130_fd_sc_hd__clkbuf_16)
                                                         clknet_3_1__leaf_clk (net)
                      0.107021    0.001992    1.122067 ^ _13669_/CLK (sky130_fd_sc_hd__dfrtp_1)
     1    0.003923    0.085900    0.761782    1.883849 v _13669_/Q (sky130_fd_sc_hd__dfrtp_1)
                                                         net204 (net)
                      0.085900    0.000107    1.883956 v output204/A (sky130_fd_sc_hd__buf_2)
     1    0.033988    0.164753    0.351149    2.235105 v output204/X (sky130_fd_sc_hd__buf_2)
                                                         y2[1] (net)
                      0.164753    0.000618    2.235722 v y2[1] (out)
                                              2.235722   data arrival time

                                 15.000000   15.000000   clock clk (rise edge)
                                  0.000000   15.000000   clock network delay (propagated)
                                 -0.250000   14.750000   clock uncertainty
                                  0.000000   14.750000   clock reconvergence pessimism
                                 -3.000000   11.750000   output external delay
                                             11.750000   data required time
---------------------------------------------------------------------------------------------
                                             11.750000   data required time
                                             -2.235722   data arrival time
---------------------------------------------------------------------------------------------
                                              9.514278   slack (MET)


Startpoint: _13683_ (rising edge-triggered flip-flop clocked by clk)
Endpoint: y2[15] (output port clocked by clk)
Path Group: clk
Path Type: max

Fanout         Cap        Slew       Delay        Time   Description
---------------------------------------------------------------------------------------------
                                  0.000000    0.000000   clock clk (rise edge)
                                  0.000000    0.000000   clock source latency
     1    0.050594    0.363095    0.258083    0.258083 ^ clk (in)
                                                         clk (net)
                      0.363560    0.000000    0.258083 ^ clkbuf_0_clk/A (sky130_fd_sc_hd__clkbuf_16)
     8    0.161004    0.263137    0.506523    0.764606 ^ clkbuf_0_clk/X (sky130_fd_sc_hd__clkbuf_16)
                                                         clknet_0_clk (net)
                      0.263436    0.007927    0.772533 ^ clkbuf_3_0__f_clk/A (sky130_fd_sc_hd__clkbuf_16)
     9    0.060542    0.122080    0.357871    1.130403 ^ clkbuf_3_0__f_clk/X (sky130_fd_sc_hd__clkbuf_16)
                                                         clknet_3_0__leaf_clk (net)
                      0.122390    0.005227    1.135630 ^ _13683_/CLK (sky130_fd_sc_hd__dfrtp_1)
     1    0.002562    0.072734    0.750772    1.886403 v _13683_/Q (sky130_fd_sc_hd__dfrtp_1)
                                                         net202 (net)
                      0.072734    0.000076    1.886479 v output202/A (sky130_fd_sc_hd__buf_2)
     1    0.034429    0.166561    0.346284    2.232763 v output202/X (sky130_fd_sc_hd__buf_2)
                                                         y2[15] (net)
                      0.166562    0.000748    2.233511 v y2[15] (out)
                                              2.233511   data arrival time

                                 15.000000   15.000000   clock clk (rise edge)
                                  0.000000   15.000000   clock network delay (propagated)
                                 -0.250000   14.750000   clock uncertainty
                                  0.000000   14.750000   clock reconvergence pessimism
                                 -3.000000   11.750000   output external delay
                                             11.750000   data required time
---------------------------------------------------------------------------------------------
                                             11.750000   data required time
                                             -2.233511   data arrival time
---------------------------------------------------------------------------------------------
                                              9.516489   slack (MET)


Startpoint: _13694_ (rising edge-triggered flip-flop clocked by clk)
Endpoint: y3[9] (output port clocked by clk)
Path Group: clk
Path Type: max

Fanout         Cap        Slew       Delay        Time   Description
---------------------------------------------------------------------------------------------
                                  0.000000    0.000000   clock clk (rise edge)
                                  0.000000    0.000000   clock source latency
     1    0.050594    0.363095    0.258083    0.258083 ^ clk (in)
                                                         clk (net)
                      0.363560    0.000000    0.258083 ^ clkbuf_0_clk/A (sky130_fd_sc_hd__clkbuf_16)
     8    0.161004    0.263137    0.506523    0.764606 ^ clkbuf_0_clk/X (sky130_fd_sc_hd__clkbuf_16)
                                                         clknet_0_clk (net)
                      0.263483    0.008461    0.773067 ^ clkbuf_3_1__f_clk/A (sky130_fd_sc_hd__clkbuf_16)
     7    0.049509    0.106975    0.347008    1.120075 ^ clkbuf_3_1__f_clk/X (sky130_fd_sc_hd__clkbuf_16)
                                                         clknet_3_1__leaf_clk (net)
                      0.107053    0.002493    1.122567 ^ _13694_/CLK (sky130_fd_sc_hd__dfrtp_1)
     1    0.003707    0.083967    0.758928    1.881495 v _13694_/Q (sky130_fd_sc_hd__dfrtp_1)
                                                         net229 (net)
                      0.083967    0.000097    1.881592 v output229/A (sky130_fd_sc_hd__buf_2)
     1    0.034041    0.164969    0.350375    2.231967 v output229/X (sky130_fd_sc_hd__buf_2)
                                                         y3[9] (net)
                      0.164969    0.000638    2.232605 v y3[9] (out)
                                              2.232605   data arrival time

                                 15.000000   15.000000   clock clk (rise edge)
                                  0.000000   15.000000   clock network delay (propagated)
                                 -0.250000   14.750000   clock uncertainty
                                  0.000000   14.750000   clock reconvergence pessimism
                                 -3.000000   11.750000   output external delay
                                             11.750000   data required time
---------------------------------------------------------------------------------------------
                                             11.750000   data required time
                                             -2.232605   data arrival time
---------------------------------------------------------------------------------------------
                                              9.517396   slack (MET)


Startpoint: _13684_ (rising edge-triggered flip-flop clocked by clk)
Endpoint: y2[16] (output port clocked by clk)
Path Group: clk
Path Type: max

Fanout         Cap        Slew       Delay        Time   Description
---------------------------------------------------------------------------------------------
                                  0.000000    0.000000   clock clk (rise edge)
                                  0.000000    0.000000   clock source latency
     1    0.050594    0.363095    0.258083    0.258083 ^ clk (in)
                                                         clk (net)
                      0.363560    0.000000    0.258083 ^ clkbuf_0_clk/A (sky130_fd_sc_hd__clkbuf_16)
     8    0.161004    0.263137    0.506523    0.764606 ^ clkbuf_0_clk/X (sky130_fd_sc_hd__clkbuf_16)
                                                         clknet_0_clk (net)
                      0.263436    0.007927    0.772533 ^ clkbuf_3_0__f_clk/A (sky130_fd_sc_hd__clkbuf_16)
     9    0.060542    0.122080    0.357871    1.130403 ^ clkbuf_3_0__f_clk/X (sky130_fd_sc_hd__clkbuf_16)
                                                         clknet_3_0__leaf_clk (net)
                      0.122424    0.005487    1.135890 ^ _13684_/CLK (sky130_fd_sc_hd__dfrtp_1)
     1    0.002331    0.071064    0.747713    1.883603 v _13684_/Q (sky130_fd_sc_hd__dfrtp_1)
                                                         net203 (net)
                      0.071064    0.000066    1.883669 v output203/A (sky130_fd_sc_hd__buf_2)
     1    0.034427    0.166561    0.345511    2.229180 v output203/X (sky130_fd_sc_hd__buf_2)
                                                         y2[16] (net)
                      0.166562    0.000749    2.229928 v y2[16] (out)
                                              2.229928   data arrival time

                                 15.000000   15.000000   clock clk (rise edge)
                                  0.000000   15.000000   clock network delay (propagated)
                                 -0.250000   14.750000   clock uncertainty
                                  0.000000   14.750000   clock reconvergence pessimism
                                 -3.000000   11.750000   output external delay
                                             11.750000   data required time
---------------------------------------------------------------------------------------------
                                             11.750000   data required time
                                             -2.229928   data arrival time
---------------------------------------------------------------------------------------------
                                              9.520072   slack (MET)


Startpoint: _13643_ (rising edge-triggered flip-flop clocked by clk)
Endpoint: y0[9] (output port clocked by clk)
Path Group: clk
Path Type: max

Fanout         Cap        Slew       Delay        Time   Description
---------------------------------------------------------------------------------------------
                                  0.000000    0.000000   clock clk (rise edge)
                                  0.000000    0.000000   clock source latency
     1    0.050594    0.363095    0.258083    0.258083 ^ clk (in)
                                                         clk (net)
                      0.363560    0.000000    0.258083 ^ clkbuf_0_clk/A (sky130_fd_sc_hd__clkbuf_16)
     8    0.161004    0.263137    0.506523    0.764606 ^ clkbuf_0_clk/X (sky130_fd_sc_hd__clkbuf_16)
                                                         clknet_0_clk (net)
                      0.263237    0.004895    0.769501 ^ clkbuf_3_4__f_clk/A (sky130_fd_sc_hd__clkbuf_16)
     7    0.049260    0.106677    0.346829    1.116330 ^ clkbuf_3_4__f_clk/X (sky130_fd_sc_hd__clkbuf_16)
                                                         clknet_3_4__leaf_clk (net)
                      0.106726    0.002002    1.118332 ^ _13643_/CLK (sky130_fd_sc_hd__dfrtp_1)
     1    0.003699    0.083902    0.758664    1.876996 v _13643_/Q (sky130_fd_sc_hd__dfrtp_1)
                                                         net178 (net)
                      0.083902    0.000117    1.877113 v output178/A (sky130_fd_sc_hd__buf_2)
     1    0.034350    0.166215    0.351271    2.228383 v output178/X (sky130_fd_sc_hd__buf_2)
                                                         y0[9] (net)
                      0.166216    0.000725    2.229108 v y0[9] (out)
                                              2.229108   data arrival time

                                 15.000000   15.000000   clock clk (rise edge)
                                  0.000000   15.000000   clock network delay (propagated)
                                 -0.250000   14.750000   clock uncertainty
                                  0.000000   14.750000   clock reconvergence pessimism
                                 -3.000000   11.750000   output external delay
                                             11.750000   data required time
---------------------------------------------------------------------------------------------
                                             11.750000   data required time
                                             -2.229108   data arrival time
---------------------------------------------------------------------------------------------
                                              9.520892   slack (MET)


Startpoint: _13681_ (rising edge-triggered flip-flop clocked by clk)
Endpoint: y2[13] (output port clocked by clk)
Path Group: clk
Path Type: max

Fanout         Cap        Slew       Delay        Time   Description
---------------------------------------------------------------------------------------------
                                  0.000000    0.000000   clock clk (rise edge)
                                  0.000000    0.000000   clock source latency
     1    0.050594    0.363095    0.258083    0.258083 ^ clk (in)
                                                         clk (net)
                      0.363560    0.000000    0.258083 ^ clkbuf_0_clk/A (sky130_fd_sc_hd__clkbuf_16)
     8    0.161004    0.263137    0.506523    0.764606 ^ clkbuf_0_clk/X (sky130_fd_sc_hd__clkbuf_16)
                                                         clknet_0_clk (net)
                      0.263436    0.007927    0.772533 ^ clkbuf_3_0__f_clk/A (sky130_fd_sc_hd__clkbuf_16)
     9    0.060542    0.122080    0.357871    1.130403 ^ clkbuf_3_0__f_clk/X (sky130_fd_sc_hd__clkbuf_16)
                                                         clknet_3_0__leaf_clk (net)
                      0.122312    0.004591    1.134994 ^ _13681_/CLK (sky130_fd_sc_hd__dfrtp_1)
     1    0.002218    0.070301    0.746160    1.881154 v _13681_/Q (sky130_fd_sc_hd__dfrtp_1)
                                                         net200 (net)
                      0.070301    0.000062    1.881215 v output200/A (sky130_fd_sc_hd__buf_2)
     1    0.034451    0.166660    0.345235    2.226451 v output200/X (sky130_fd_sc_hd__buf_2)
                                                         y2[13] (net)
                      0.166661    0.000753    2.227203 v y2[13] (out)
                                              2.227203   data arrival time

                                 15.000000   15.000000   clock clk (rise edge)
                                  0.000000   15.000000   clock network delay (propagated)
                                 -0.250000   14.750000   clock uncertainty
                                  0.000000   14.750000   clock reconvergence pessimism
                                 -3.000000   11.750000   output external delay
                                             11.750000   data required time
---------------------------------------------------------------------------------------------
                                             11.750000   data required time
                                             -2.227203   data arrival time
---------------------------------------------------------------------------------------------
                                              9.522797   slack (MET)


Startpoint: _13682_ (rising edge-triggered flip-flop clocked by clk)
Endpoint: y2[14] (output port clocked by clk)
Path Group: clk
Path Type: max

Fanout         Cap        Slew       Delay        Time   Description
---------------------------------------------------------------------------------------------
                                  0.000000    0.000000   clock clk (rise edge)
                                  0.000000    0.000000   clock source latency
     1    0.050594    0.363095    0.258083    0.258083 ^ clk (in)
                                                         clk (net)
                      0.363560    0.000000    0.258083 ^ clkbuf_0_clk/A (sky130_fd_sc_hd__clkbuf_16)
     8    0.161004    0.263137    0.506523    0.764606 ^ clkbuf_0_clk/X (sky130_fd_sc_hd__clkbuf_16)
                                                         clknet_0_clk (net)
                      0.263436    0.007927    0.772533 ^ clkbuf_3_0__f_clk/A (sky130_fd_sc_hd__clkbuf_16)
     9    0.060542    0.122080    0.357871    1.130403 ^ clkbuf_3_0__f_clk/X (sky130_fd_sc_hd__clkbuf_16)
                                                         clknet_3_0__leaf_clk (net)
                      0.122340    0.004828    1.135231 ^ _13682_/CLK (sky130_fd_sc_hd__dfrtp_1)
     1    0.001901    0.068091    0.741960    1.877191 v _13682_/Q (sky130_fd_sc_hd__dfrtp_1)
                                                         net201 (net)
                      0.068091    0.000053    1.877244 v output201/A (sky130_fd_sc_hd__buf_2)
     1    0.034952    0.168691    0.345735    2.222980 v output201/X (sky130_fd_sc_hd__buf_2)
                                                         y2[14] (net)
                      0.168693    0.000884    2.223864 v y2[14] (out)
                                              2.223864   data arrival time

                                 15.000000   15.000000   clock clk (rise edge)
                                  0.000000   15.000000   clock network delay (propagated)
                                 -0.250000   14.750000   clock uncertainty
                                  0.000000   14.750000   clock reconvergence pessimism
                                 -3.000000   11.750000   output external delay
                                             11.750000   data required time
---------------------------------------------------------------------------------------------
                                             11.750000   data required time
                                             -2.223864   data arrival time
---------------------------------------------------------------------------------------------
                                              9.526136   slack (MET)


Startpoint: _13655_ (rising edge-triggered flip-flop clocked by clk)
Endpoint: y1[4] (output port clocked by clk)
Path Group: clk
Path Type: max

Fanout         Cap        Slew       Delay        Time   Description
---------------------------------------------------------------------------------------------
                                  0.000000    0.000000   clock clk (rise edge)
                                  0.000000    0.000000   clock source latency
     1    0.050594    0.363095    0.258083    0.258083 ^ clk (in)
                                                         clk (net)
                      0.363560    0.000000    0.258083 ^ clkbuf_0_clk/A (sky130_fd_sc_hd__clkbuf_16)
     8    0.161004    0.263137    0.506523    0.764606 ^ clkbuf_0_clk/X (sky130_fd_sc_hd__clkbuf_16)
                                                         clknet_0_clk (net)
                      0.263320    0.006370    0.770975 ^ clkbuf_3_7__f_clk/A (sky130_fd_sc_hd__clkbuf_16)
    10    0.045622    0.101783    0.342632    1.113608 ^ clkbuf_3_7__f_clk/X (sky130_fd_sc_hd__clkbuf_16)
                                                         clknet_3_7__leaf_clk (net)
                      0.101860    0.002390    1.115997 ^ _13655_/CLK (sky130_fd_sc_hd__dfrtp_1)
     1    0.003640    0.083375    0.755643    1.871641 v _13655_/Q (sky130_fd_sc_hd__dfrtp_1)
                                                         net190 (net)
                      0.083375    0.000110    1.871751 v output190/A (sky130_fd_sc_hd__buf_2)
     1    0.034218    0.165682    0.350618    2.222369 v output190/X (sky130_fd_sc_hd__buf_2)
                                                         y1[4] (net)
                      0.165683    0.000691    2.223060 v y1[4] (out)
                                              2.223060   data arrival time

                                 15.000000   15.000000   clock clk (rise edge)
                                  0.000000   15.000000   clock network delay (propagated)
                                 -0.250000   14.750000   clock uncertainty
                                  0.000000   14.750000   clock reconvergence pessimism
                                 -3.000000   11.750000   output external delay
                                             11.750000   data required time
---------------------------------------------------------------------------------------------
                                             11.750000   data required time
                                             -2.223060   data arrival time
---------------------------------------------------------------------------------------------
                                              9.526940   slack (MET)


Startpoint: _13674_ (rising edge-triggered flip-flop clocked by clk)
Endpoint: y2[6] (output port clocked by clk)
Path Group: clk
Path Type: max

Fanout         Cap        Slew       Delay        Time   Description
---------------------------------------------------------------------------------------------
                                  0.000000    0.000000   clock clk (rise edge)
                                  0.000000    0.000000   clock source latency
     1    0.050594    0.363095    0.258083    0.258083 ^ clk (in)
                                                         clk (net)
                      0.363560    0.000000    0.258083 ^ clkbuf_0_clk/A (sky130_fd_sc_hd__clkbuf_16)
     8    0.161004    0.263137    0.506523    0.764606 ^ clkbuf_0_clk/X (sky130_fd_sc_hd__clkbuf_16)
                                                         clknet_0_clk (net)
                      0.263474    0.008368    0.772973 ^ clkbuf_3_2__f_clk/A (sky130_fd_sc_hd__clkbuf_16)
    10    0.038118    0.092712    0.332619    1.105592 ^ clkbuf_3_2__f_clk/X (sky130_fd_sc_hd__clkbuf_16)
                                                         clknet_3_2__leaf_clk (net)
                      0.092830    0.002987    1.108580 ^ _13674_/CLK (sky130_fd_sc_hd__dfrtp_1)
     1    0.004307    0.089528    0.760349    1.868929 v _13674_/Q (sky130_fd_sc_hd__dfrtp_1)
                                                         net209 (net)
                      0.089528    0.000131    1.869060 v output209/A (sky130_fd_sc_hd__buf_2)
     1    0.033991    0.164774    0.352905    2.221965 v output209/X (sky130_fd_sc_hd__buf_2)
                                                         y2[6] (net)
                      0.164775    0.000626    2.222591 v y2[6] (out)
                                              2.222591   data arrival time

                                 15.000000   15.000000   clock clk (rise edge)
                                  0.000000   15.000000   clock network delay (propagated)
                                 -0.250000   14.750000   clock uncertainty
                                  0.000000   14.750000   clock reconvergence pessimism
                                 -3.000000   11.750000   output external delay
                                             11.750000   data required time
---------------------------------------------------------------------------------------------
                                             11.750000   data required time
                                             -2.222591   data arrival time
---------------------------------------------------------------------------------------------
                                              9.527410   slack (MET)


Startpoint: _13698_ (rising edge-triggered flip-flop clocked by clk)
Endpoint: y3[13] (output port clocked by clk)
Path Group: clk
Path Type: max

Fanout         Cap        Slew       Delay        Time   Description
---------------------------------------------------------------------------------------------
                                  0.000000    0.000000   clock clk (rise edge)
                                  0.000000    0.000000   clock source latency
     1    0.050594    0.363095    0.258083    0.258083 ^ clk (in)
                                                         clk (net)
                      0.363560    0.000000    0.258083 ^ clkbuf_0_clk/A (sky130_fd_sc_hd__clkbuf_16)
     8    0.161004    0.263137    0.506523    0.764606 ^ clkbuf_0_clk/X (sky130_fd_sc_hd__clkbuf_16)
                                                         clknet_0_clk (net)
                      0.263436    0.007927    0.772533 ^ clkbuf_3_0__f_clk/A (sky130_fd_sc_hd__clkbuf_16)
     9    0.060542    0.122080    0.357871    1.130403 ^ clkbuf_3_0__f_clk/X (sky130_fd_sc_hd__clkbuf_16)
                                                         clknet_3_0__leaf_clk (net)
                      0.122314    0.004609    1.135013 ^ _13698_/CLK (sky130_fd_sc_hd__dfrtp_1)
     1    0.001916    0.068214    0.742155    1.877167 v _13698_/Q (sky130_fd_sc_hd__dfrtp_1)
                                                         net217 (net)
                      0.068214    0.000038    1.877205 v output217/A (sky130_fd_sc_hd__buf_2)
     1    0.034538    0.167012    0.344556    2.221761 v output217/X (sky130_fd_sc_hd__buf_2)
                                                         y3[13] (net)
                      0.167013    0.000751    2.222512 v y3[13] (out)
                                              2.222512   data arrival time

                                 15.000000   15.000000   clock clk (rise edge)
                                  0.000000   15.000000   clock network delay (propagated)
                                 -0.250000   14.750000   clock uncertainty
                                  0.000000   14.750000   clock reconvergence pessimism
                                 -3.000000   11.750000   output external delay
                                             11.750000   data required time
---------------------------------------------------------------------------------------------
                                             11.750000   data required time
                                             -2.222512   data arrival time
---------------------------------------------------------------------------------------------
                                              9.527489   slack (MET)


Startpoint: _13663_ (rising edge-triggered flip-flop clocked by clk)
Endpoint: y1[12] (output port clocked by clk)
Path Group: clk
Path Type: max

Fanout         Cap        Slew       Delay        Time   Description
---------------------------------------------------------------------------------------------
                                  0.000000    0.000000   clock clk (rise edge)
                                  0.000000    0.000000   clock source latency
     1    0.050594    0.363095    0.258083    0.258083 ^ clk (in)
                                                         clk (net)
                      0.363560    0.000000    0.258083 ^ clkbuf_0_clk/A (sky130_fd_sc_hd__clkbuf_16)
     8    0.161004    0.263137    0.506523    0.764606 ^ clkbuf_0_clk/X (sky130_fd_sc_hd__clkbuf_16)
                                                         clknet_0_clk (net)
                      0.263237    0.004895    0.769501 ^ clkbuf_3_4__f_clk/A (sky130_fd_sc_hd__clkbuf_16)
     7    0.049260    0.106677    0.346829    1.116330 ^ clkbuf_3_4__f_clk/X (sky130_fd_sc_hd__clkbuf_16)
                                                         clknet_3_4__leaf_clk (net)
                      0.106716    0.001828    1.118158 ^ _13663_/CLK (sky130_fd_sc_hd__dfrtp_1)
     1    0.003170    0.078901    0.751636    1.869794 v _13663_/Q (sky130_fd_sc_hd__dfrtp_1)
                                                         net182 (net)
                      0.078901    0.000091    1.869885 v output182/A (sky130_fd_sc_hd__buf_2)
     1    0.034629    0.167346    0.349692    2.219578 v output182/X (sky130_fd_sc_hd__buf_2)
                                                         y1[12] (net)
                      0.167348    0.000833    2.220410 v y1[12] (out)
                                              2.220410   data arrival time

                                 15.000000   15.000000   clock clk (rise edge)
                                  0.000000   15.000000   clock network delay (propagated)
                                 -0.250000   14.750000   clock uncertainty
                                  0.000000   14.750000   clock reconvergence pessimism
                                 -3.000000   11.750000   output external delay
                                             11.750000   data required time
---------------------------------------------------------------------------------------------
                                             11.750000   data required time
                                             -2.220410   data arrival time
---------------------------------------------------------------------------------------------
                                              9.529590   slack (MET)


Startpoint: _13644_ (rising edge-triggered flip-flop clocked by clk)
Endpoint: y0[10] (output port clocked by clk)
Path Group: clk
Path Type: max

Fanout         Cap        Slew       Delay        Time   Description
---------------------------------------------------------------------------------------------
                                  0.000000    0.000000   clock clk (rise edge)
                                  0.000000    0.000000   clock source latency
     1    0.050594    0.363095    0.258083    0.258083 ^ clk (in)
                                                         clk (net)
                      0.363560    0.000000    0.258083 ^ clkbuf_0_clk/A (sky130_fd_sc_hd__clkbuf_16)
     8    0.161004    0.263137    0.506523    0.764606 ^ clkbuf_0_clk/X (sky130_fd_sc_hd__clkbuf_16)
                                                         clknet_0_clk (net)
                      0.263237    0.004895    0.769501 ^ clkbuf_3_4__f_clk/A (sky130_fd_sc_hd__clkbuf_16)
     7    0.049260    0.106677    0.346829    1.116330 ^ clkbuf_3_4__f_clk/X (sky130_fd_sc_hd__clkbuf_16)
                                                         clknet_3_4__leaf_clk (net)
                      0.106725    0.001990    1.118319 ^ _13644_/CLK (sky130_fd_sc_hd__dfrtp_1)
     1    0.002941    0.076775    0.748591    1.866910 v _13644_/Q (sky130_fd_sc_hd__dfrtp_1)
                                                         net163 (net)
                      0.076775    0.000088    1.866998 v output163/A (sky130_fd_sc_hd__buf_2)
     1    0.034126    0.165315    0.347222    2.214221 v output163/X (sky130_fd_sc_hd__buf_2)
                                                         y0[10] (net)
                      0.165316    0.000661    2.214881 v y0[10] (out)
                                              2.214881   data arrival time

                                 15.000000   15.000000   clock clk (rise edge)
                                  0.000000   15.000000   clock network delay (propagated)
                                 -0.250000   14.750000   clock uncertainty
                                  0.000000   14.750000   clock reconvergence pessimism
                                 -3.000000   11.750000   output external delay
                                             11.750000   data required time
---------------------------------------------------------------------------------------------
                                             11.750000   data required time
                                             -2.214881   data arrival time
---------------------------------------------------------------------------------------------
                                              9.535120   slack (MET)


Startpoint: _13651_ (rising edge-triggered flip-flop clocked by clk)
Endpoint: y1[0] (output port clocked by clk)
Path Group: clk
Path Type: max

Fanout         Cap        Slew       Delay        Time   Description
---------------------------------------------------------------------------------------------
                                  0.000000    0.000000   clock clk (rise edge)
                                  0.000000    0.000000   clock source latency
     1    0.050594    0.363095    0.258083    0.258083 ^ clk (in)
                                                         clk (net)
                      0.363560    0.000000    0.258083 ^ clkbuf_0_clk/A (sky130_fd_sc_hd__clkbuf_16)
     8    0.161004    0.263137    0.506523    0.764606 ^ clkbuf_0_clk/X (sky130_fd_sc_hd__clkbuf_16)
                                                         clknet_0_clk (net)
                      0.263320    0.006370    0.770975 ^ clkbuf_3_7__f_clk/A (sky130_fd_sc_hd__clkbuf_16)
    10    0.045622    0.101783    0.342632    1.113608 ^ clkbuf_3_7__f_clk/X (sky130_fd_sc_hd__clkbuf_16)
                                                         clknet_3_7__leaf_clk (net)
                      0.101821    0.001797    1.115404 ^ _13651_/CLK (sky130_fd_sc_hd__dfrtp_1)
     1    0.003150    0.078696    0.749117    1.864522 v _13651_/Q (sky130_fd_sc_hd__dfrtp_1)
                                                         net179 (net)
                      0.078696    0.000076    1.864598 v output179/A (sky130_fd_sc_hd__buf_2)
     1    0.034106    0.165228    0.348044    2.212642 v output179/X (sky130_fd_sc_hd__buf_2)
                                                         y1[0] (net)
                      0.165228    0.000658    2.213300 v y1[0] (out)
                                              2.213300   data arrival time

                                 15.000000   15.000000   clock clk (rise edge)
                                  0.000000   15.000000   clock network delay (propagated)
                                 -0.250000   14.750000   clock uncertainty
                                  0.000000   14.750000   clock reconvergence pessimism
                                 -3.000000   11.750000   output external delay
                                             11.750000   data required time
---------------------------------------------------------------------------------------------
                                             11.750000   data required time
                                             -2.213300   data arrival time
---------------------------------------------------------------------------------------------
                                              9.536700   slack (MET)


Startpoint: _13675_ (rising edge-triggered flip-flop clocked by clk)
Endpoint: y2[7] (output port clocked by clk)
Path Group: clk
Path Type: max

Fanout         Cap        Slew       Delay        Time   Description
---------------------------------------------------------------------------------------------
                                  0.000000    0.000000   clock clk (rise edge)
                                  0.000000    0.000000   clock source latency
     1    0.050594    0.363095    0.258083    0.258083 ^ clk (in)
                                                         clk (net)
                      0.363560    0.000000    0.258083 ^ clkbuf_0_clk/A (sky130_fd_sc_hd__clkbuf_16)
     8    0.161004    0.263137    0.506523    0.764606 ^ clkbuf_0_clk/X (sky130_fd_sc_hd__clkbuf_16)
                                                         clknet_0_clk (net)
                      0.263474    0.008368    0.772973 ^ clkbuf_3_2__f_clk/A (sky130_fd_sc_hd__clkbuf_16)
    10    0.038118    0.092712    0.332619    1.105592 ^ clkbuf_3_2__f_clk/X (sky130_fd_sc_hd__clkbuf_16)
                                                         clknet_3_2__leaf_clk (net)
                      0.092886    0.003532    1.109125 ^ _13675_/CLK (sky130_fd_sc_hd__dfrtp_1)
     1    0.003338    0.080486    0.747492    1.856617 v _13675_/Q (sky130_fd_sc_hd__dfrtp_1)
                                                         net210 (net)
                      0.080486    0.000107    1.856723 v output210/A (sky130_fd_sc_hd__buf_2)
     1    0.034393    0.166385    0.349746    2.206470 v output210/X (sky130_fd_sc_hd__buf_2)
                                                         y2[7] (net)
                      0.166386    0.000748    2.207217 v y2[7] (out)
                                              2.207217   data arrival time

                                 15.000000   15.000000   clock clk (rise edge)
                                  0.000000   15.000000   clock network delay (propagated)
                                 -0.250000   14.750000   clock uncertainty
                                  0.000000   14.750000   clock reconvergence pessimism
                                 -3.000000   11.750000   output external delay
                                             11.750000   data required time
---------------------------------------------------------------------------------------------
                                             11.750000   data required time
                                             -2.207217   data arrival time
---------------------------------------------------------------------------------------------
                                              9.542783   slack (MET)


Startpoint: _13679_ (rising edge-triggered flip-flop clocked by clk)
Endpoint: y2[11] (output port clocked by clk)
Path Group: clk
Path Type: max

Fanout         Cap        Slew       Delay        Time   Description
---------------------------------------------------------------------------------------------
                                  0.000000    0.000000   clock clk (rise edge)
                                  0.000000    0.000000   clock source latency
     1    0.050594    0.363095    0.258083    0.258083 ^ clk (in)
                                                         clk (net)
                      0.363560    0.000000    0.258083 ^ clkbuf_0_clk/A (sky130_fd_sc_hd__clkbuf_16)
     8    0.161004    0.263137    0.506523    0.764606 ^ clkbuf_0_clk/X (sky130_fd_sc_hd__clkbuf_16)
                                                         clknet_0_clk (net)
                      0.263483    0.008461    0.773067 ^ clkbuf_3_1__f_clk/A (sky130_fd_sc_hd__clkbuf_16)
     7    0.049509    0.106975    0.347008    1.120075 ^ clkbuf_3_1__f_clk/X (sky130_fd_sc_hd__clkbuf_16)
                                                         clknet_3_1__leaf_clk (net)
                      0.107022    0.001997    1.122072 ^ _13679_/CLK (sky130_fd_sc_hd__dfrtp_1)
     1    0.002104    0.069527    0.737601    1.859674 v _13679_/Q (sky130_fd_sc_hd__dfrtp_1)
                                                         net198 (net)
                      0.069527    0.000059    1.859732 v output198/A (sky130_fd_sc_hd__buf_2)
     1    0.034762    0.167913    0.345827    2.205559 v output198/X (sky130_fd_sc_hd__buf_2)
                                                         y2[11] (net)
                      0.167915    0.000822    2.206381 v y2[11] (out)
                                              2.206381   data arrival time

                                 15.000000   15.000000   clock clk (rise edge)
                                  0.000000   15.000000   clock network delay (propagated)
                                 -0.250000   14.750000   clock uncertainty
                                  0.000000   14.750000   clock reconvergence pessimism
                                 -3.000000   11.750000   output external delay
                                             11.750000   data required time
---------------------------------------------------------------------------------------------
                                             11.750000   data required time
                                             -2.206381   data arrival time
---------------------------------------------------------------------------------------------
                                              9.543619   slack (MET)


Startpoint: _13662_ (rising edge-triggered flip-flop clocked by clk)
Endpoint: y1[11] (output port clocked by clk)
Path Group: clk
Path Type: max

Fanout         Cap        Slew       Delay        Time   Description
---------------------------------------------------------------------------------------------
                                  0.000000    0.000000   clock clk (rise edge)
                                  0.000000    0.000000   clock source latency
     1    0.050594    0.363095    0.258083    0.258083 ^ clk (in)
                                                         clk (net)
                      0.363560    0.000000    0.258083 ^ clkbuf_0_clk/A (sky130_fd_sc_hd__clkbuf_16)
     8    0.161004    0.263137    0.506523    0.764606 ^ clkbuf_0_clk/X (sky130_fd_sc_hd__clkbuf_16)
                                                         clknet_0_clk (net)
                      0.263237    0.004895    0.769501 ^ clkbuf_3_4__f_clk/A (sky130_fd_sc_hd__clkbuf_16)
     7    0.049260    0.106677    0.346829    1.116330 ^ clkbuf_3_4__f_clk/X (sky130_fd_sc_hd__clkbuf_16)
                                                         clknet_3_4__leaf_clk (net)
                      0.106714    0.001795    1.118124 ^ _13662_/CLK (sky130_fd_sc_hd__dfrtp_1)
     1    0.002362    0.071245    0.740899    1.859023 v _13662_/Q (sky130_fd_sc_hd__dfrtp_1)
                                                         net181 (net)
                      0.071245    0.000068    1.859091 v output181/A (sky130_fd_sc_hd__buf_2)
     1    0.034549    0.167063    0.345938    2.205028 v output181/X (sky130_fd_sc_hd__buf_2)
                                                         y1[11] (net)
                      0.167064    0.000818    2.205846 v y1[11] (out)
                                              2.205846   data arrival time

                                 15.000000   15.000000   clock clk (rise edge)
                                  0.000000   15.000000   clock network delay (propagated)
                                 -0.250000   14.750000   clock uncertainty
                                  0.000000   14.750000   clock reconvergence pessimism
                                 -3.000000   11.750000   output external delay
                                             11.750000   data required time
---------------------------------------------------------------------------------------------
                                             11.750000   data required time
                                             -2.205846   data arrival time
---------------------------------------------------------------------------------------------
                                              9.544154   slack (MET)


Startpoint: _13673_ (rising edge-triggered flip-flop clocked by clk)
Endpoint: y2[5] (output port clocked by clk)
Path Group: clk
Path Type: max

Fanout         Cap        Slew       Delay        Time   Description
---------------------------------------------------------------------------------------------
                                  0.000000    0.000000   clock clk (rise edge)
                                  0.000000    0.000000   clock source latency
     1    0.050594    0.363095    0.258083    0.258083 ^ clk (in)
                                                         clk (net)
                      0.363560    0.000000    0.258083 ^ clkbuf_0_clk/A (sky130_fd_sc_hd__clkbuf_16)
     8    0.161004    0.263137    0.506523    0.764606 ^ clkbuf_0_clk/X (sky130_fd_sc_hd__clkbuf_16)
                                                         clknet_0_clk (net)
                      0.263474    0.008368    0.772973 ^ clkbuf_3_2__f_clk/A (sky130_fd_sc_hd__clkbuf_16)
    10    0.038118    0.092712    0.332619    1.105592 ^ clkbuf_3_2__f_clk/X (sky130_fd_sc_hd__clkbuf_16)
                                                         clknet_3_2__leaf_clk (net)
                      0.092797    0.002596    1.108188 ^ _13673_/CLK (sky130_fd_sc_hd__dfrtp_1)
     1    0.003354    0.080648    0.747675    1.855863 v _13673_/Q (sky130_fd_sc_hd__dfrtp_1)
                                                         net208 (net)
                      0.080648    0.000105    1.855967 v output208/A (sky130_fd_sc_hd__buf_2)
     1    0.034040    0.164957    0.348768    2.204736 v output208/X (sky130_fd_sc_hd__buf_2)
                                                         y2[5] (net)
                      0.164957    0.000638    2.205374 v y2[5] (out)
                                              2.205374   data arrival time

                                 15.000000   15.000000   clock clk (rise edge)
                                  0.000000   15.000000   clock network delay (propagated)
                                 -0.250000   14.750000   clock uncertainty
                                  0.000000   14.750000   clock reconvergence pessimism
                                 -3.000000   11.750000   output external delay
                                             11.750000   data required time
---------------------------------------------------------------------------------------------
                                             11.750000   data required time
                                             -2.205374   data arrival time
---------------------------------------------------------------------------------------------
                                              9.544626   slack (MET)


Startpoint: _13660_ (rising edge-triggered flip-flop clocked by clk)
Endpoint: y1[9] (output port clocked by clk)
Path Group: clk
Path Type: max

Fanout         Cap        Slew       Delay        Time   Description
---------------------------------------------------------------------------------------------
                                  0.000000    0.000000   clock clk (rise edge)
                                  0.000000    0.000000   clock source latency
     1    0.050594    0.363095    0.258083    0.258083 ^ clk (in)
                                                         clk (net)
                      0.363560    0.000000    0.258083 ^ clkbuf_0_clk/A (sky130_fd_sc_hd__clkbuf_16)
     8    0.161004    0.263137    0.506523    0.764606 ^ clkbuf_0_clk/X (sky130_fd_sc_hd__clkbuf_16)
                                                         clknet_0_clk (net)
                      0.263320    0.006370    0.770975 ^ clkbuf_3_7__f_clk/A (sky130_fd_sc_hd__clkbuf_16)
    10    0.045622    0.101783    0.342632    1.113608 ^ clkbuf_3_7__f_clk/X (sky130_fd_sc_hd__clkbuf_16)
                                                         clknet_3_7__leaf_clk (net)
                      0.101863    0.002425    1.116033 ^ _13660_/CLK (sky130_fd_sc_hd__dfrtp_1)
     1    0.002474    0.072032    0.740150    1.856182 v _13660_/Q (sky130_fd_sc_hd__dfrtp_1)
                                                         net195 (net)
                      0.072032    0.000071    1.856253 v output195/A (sky130_fd_sc_hd__buf_2)
     1    0.035126    0.169384    0.348042    2.204295 v output195/X (sky130_fd_sc_hd__buf_2)
                                                         y1[9] (net)
                      0.169387    0.000965    2.205260 v y1[9] (out)
                                              2.205260   data arrival time

                                 15.000000   15.000000   clock clk (rise edge)
                                  0.000000   15.000000   clock network delay (propagated)
                                 -0.250000   14.750000   clock uncertainty
                                  0.000000   14.750000   clock reconvergence pessimism
                                 -3.000000   11.750000   output external delay
                                             11.750000   data required time
---------------------------------------------------------------------------------------------
                                             11.750000   data required time
                                             -2.205260   data arrival time
---------------------------------------------------------------------------------------------
                                              9.544741   slack (MET)


Startpoint: _13661_ (rising edge-triggered flip-flop clocked by clk)
Endpoint: y1[10] (output port clocked by clk)
Path Group: clk
Path Type: max

Fanout         Cap        Slew       Delay        Time   Description
---------------------------------------------------------------------------------------------
                                  0.000000    0.000000   clock clk (rise edge)
                                  0.000000    0.000000   clock source latency
     1    0.050594    0.363095    0.258083    0.258083 ^ clk (in)
                                                         clk (net)
                      0.363560    0.000000    0.258083 ^ clkbuf_0_clk/A (sky130_fd_sc_hd__clkbuf_16)
     8    0.161004    0.263137    0.506523    0.764606 ^ clkbuf_0_clk/X (sky130_fd_sc_hd__clkbuf_16)
                                                         clknet_0_clk (net)
                      0.263237    0.004895    0.769501 ^ clkbuf_3_4__f_clk/A (sky130_fd_sc_hd__clkbuf_16)
     7    0.049260    0.106677    0.346829    1.116330 ^ clkbuf_3_4__f_clk/X (sky130_fd_sc_hd__clkbuf_16)
                                                         clknet_3_4__leaf_clk (net)
                      0.106710    0.001716    1.118045 ^ _13661_/CLK (sky130_fd_sc_hd__dfrtp_1)
     1    0.002305    0.070848    0.740134    1.858180 v _13661_/Q (sky130_fd_sc_hd__dfrtp_1)
                                                         net180 (net)
                      0.070848    0.000065    1.858245 v output180/A (sky130_fd_sc_hd__buf_2)
     1    0.034636    0.167410    0.346022    2.204266 v output180/X (sky130_fd_sc_hd__buf_2)
                                                         y1[10] (net)
                      0.167412    0.000833    2.205099 v y1[10] (out)
                                              2.205099   data arrival time

                                 15.000000   15.000000   clock clk (rise edge)
                                  0.000000   15.000000   clock network delay (propagated)
                                 -0.250000   14.750000   clock uncertainty
                                  0.000000   14.750000   clock reconvergence pessimism
                                 -3.000000   11.750000   output external delay
                                             11.750000   data required time
---------------------------------------------------------------------------------------------
                                             11.750000   data required time
                                             -2.205099   data arrival time
---------------------------------------------------------------------------------------------
                                              9.544901   slack (MET)


Startpoint: _13692_ (rising edge-triggered flip-flop clocked by clk)
Endpoint: y3[7] (output port clocked by clk)
Path Group: clk
Path Type: max

Fanout         Cap        Slew       Delay        Time   Description
---------------------------------------------------------------------------------------------
                                  0.000000    0.000000   clock clk (rise edge)
                                  0.000000    0.000000   clock source latency
     1    0.050594    0.363095    0.258083    0.258083 ^ clk (in)
                                                         clk (net)
                      0.363560    0.000000    0.258083 ^ clkbuf_0_clk/A (sky130_fd_sc_hd__clkbuf_16)
     8    0.161004    0.263137    0.506523    0.764606 ^ clkbuf_0_clk/X (sky130_fd_sc_hd__clkbuf_16)
                                                         clknet_0_clk (net)
                      0.263381    0.007241    0.771847 ^ clkbuf_3_3__f_clk/A (sky130_fd_sc_hd__clkbuf_16)
    10    0.032983    0.085233    0.326218    1.098065 ^ clkbuf_3_3__f_clk/X (sky130_fd_sc_hd__clkbuf_16)
                                                         clknet_3_3__leaf_clk (net)
                      0.085240    0.000890    1.098955 ^ _13692_/CLK (sky130_fd_sc_hd__dfrtp_1)
     1    0.003930    0.085940    0.751833    1.850788 v _13692_/Q (sky130_fd_sc_hd__dfrtp_1)
                                                         net227 (net)
                      0.085940    0.000130    1.850918 v output227/A (sky130_fd_sc_hd__buf_2)
     1    0.034080    0.165125    0.351448    2.202366 v output227/X (sky130_fd_sc_hd__buf_2)
                                                         y3[7] (net)
                      0.165125    0.000639    2.203006 v y3[7] (out)
                                              2.203006   data arrival time

                                 15.000000   15.000000   clock clk (rise edge)
                                  0.000000   15.000000   clock network delay (propagated)
                                 -0.250000   14.750000   clock uncertainty
                                  0.000000   14.750000   clock reconvergence pessimism
                                 -3.000000   11.750000   output external delay
                                             11.750000   data required time
---------------------------------------------------------------------------------------------
                                             11.750000   data required time
                                             -2.203006   data arrival time
---------------------------------------------------------------------------------------------
                                              9.546994   slack (MET)


Startpoint: _13678_ (rising edge-triggered flip-flop clocked by clk)
Endpoint: y2[10] (output port clocked by clk)
Path Group: clk
Path Type: max

Fanout         Cap        Slew       Delay        Time   Description
---------------------------------------------------------------------------------------------
                                  0.000000    0.000000   clock clk (rise edge)
                                  0.000000    0.000000   clock source latency
     1    0.050594    0.363095    0.258083    0.258083 ^ clk (in)
                                                         clk (net)
                      0.363560    0.000000    0.258083 ^ clkbuf_0_clk/A (sky130_fd_sc_hd__clkbuf_16)
     8    0.161004    0.263137    0.506523    0.764606 ^ clkbuf_0_clk/X (sky130_fd_sc_hd__clkbuf_16)
                                                         clknet_0_clk (net)
                      0.263474    0.008368    0.772973 ^ clkbuf_3_2__f_clk/A (sky130_fd_sc_hd__clkbuf_16)
    10    0.038118    0.092712    0.332619    1.105592 ^ clkbuf_3_2__f_clk/X (sky130_fd_sc_hd__clkbuf_16)
                                                         clknet_3_2__leaf_clk (net)
                      0.092949    0.004043    1.109635 ^ _13678_/CLK (sky130_fd_sc_hd__dfrtp_1)
     1    0.002880    0.076191    0.741431    1.851066 v _13678_/Q (sky130_fd_sc_hd__dfrtp_1)
                                                         net197 (net)
                      0.076191    0.000090    1.851156 v output197/A (sky130_fd_sc_hd__buf_2)
     1    0.035338    0.170205    0.350629    2.201785 v output197/X (sky130_fd_sc_hd__buf_2)
                                                         y2[10] (net)
                      0.170208    0.000965    2.202749 v y2[10] (out)
                                              2.202749   data arrival time

                                 15.000000   15.000000   clock clk (rise edge)
                                  0.000000   15.000000   clock network delay (propagated)
                                 -0.250000   14.750000   clock uncertainty
                                  0.000000   14.750000   clock reconvergence pessimism
                                 -3.000000   11.750000   output external delay
                                             11.750000   data required time
---------------------------------------------------------------------------------------------
                                             11.750000   data required time
                                             -2.202749   data arrival time
---------------------------------------------------------------------------------------------
                                              9.547252   slack (MET)


Startpoint: _13653_ (rising edge-triggered flip-flop clocked by clk)
Endpoint: y1[2] (output port clocked by clk)
Path Group: clk
Path Type: max

Fanout         Cap        Slew       Delay        Time   Description
---------------------------------------------------------------------------------------------
                                  0.000000    0.000000   clock clk (rise edge)
                                  0.000000    0.000000   clock source latency
     1    0.050594    0.363095    0.258083    0.258083 ^ clk (in)
                                                         clk (net)
                      0.363560    0.000000    0.258083 ^ clkbuf_0_clk/A (sky130_fd_sc_hd__clkbuf_16)
     8    0.161004    0.263137    0.506523    0.764606 ^ clkbuf_0_clk/X (sky130_fd_sc_hd__clkbuf_16)
                                                         clknet_0_clk (net)
                      0.263320    0.006370    0.770975 ^ clkbuf_3_7__f_clk/A (sky130_fd_sc_hd__clkbuf_16)
    10    0.045622    0.101783    0.342632    1.113608 ^ clkbuf_3_7__f_clk/X (sky130_fd_sc_hd__clkbuf_16)
                                                         clknet_3_7__leaf_clk (net)
                      0.101834    0.002009    1.115616 ^ _13653_/CLK (sky130_fd_sc_hd__dfrtp_1)
     1    0.002472    0.072020    0.740115    1.855731 v _13653_/Q (sky130_fd_sc_hd__dfrtp_1)
                                                         net188 (net)
                      0.072020    0.000053    1.855784 v output188/A (sky130_fd_sc_hd__buf_2)
     1    0.033987    0.164775    0.344629    2.200413 v output188/X (sky130_fd_sc_hd__buf_2)
                                                         y1[2] (net)
                      0.164775    0.000617    2.201030 v y1[2] (out)
                                              2.201030   data arrival time

                                 15.000000   15.000000   clock clk (rise edge)
                                  0.000000   15.000000   clock network delay (propagated)
                                 -0.250000   14.750000   clock uncertainty
                                  0.000000   14.750000   clock reconvergence pessimism
                                 -3.000000   11.750000   output external delay
                                             11.750000   data required time
---------------------------------------------------------------------------------------------
                                             11.750000   data required time
                                             -2.201030   data arrival time
---------------------------------------------------------------------------------------------
                                              9.548971   slack (MET)


Startpoint: _13696_ (rising edge-triggered flip-flop clocked by clk)
Endpoint: y3[11] (output port clocked by clk)
Path Group: clk
Path Type: max

Fanout         Cap        Slew       Delay        Time   Description
---------------------------------------------------------------------------------------------
                                  0.000000    0.000000   clock clk (rise edge)
                                  0.000000    0.000000   clock source latency
     1    0.050594    0.363095    0.258083    0.258083 ^ clk (in)
                                                         clk (net)
                      0.363560    0.000000    0.258083 ^ clkbuf_0_clk/A (sky130_fd_sc_hd__clkbuf_16)
     8    0.161004    0.263137    0.506523    0.764606 ^ clkbuf_0_clk/X (sky130_fd_sc_hd__clkbuf_16)
                                                         clknet_0_clk (net)
                      0.263483    0.008461    0.773067 ^ clkbuf_3_1__f_clk/A (sky130_fd_sc_hd__clkbuf_16)
     7    0.049509    0.106975    0.347008    1.120075 ^ clkbuf_3_1__f_clk/X (sky130_fd_sc_hd__clkbuf_16)
                                                         clknet_3_1__leaf_clk (net)
                      0.107059    0.002571    1.122646 ^ _13696_/CLK (sky130_fd_sc_hd__dfrtp_1)
     1    0.001859    0.067709    0.734371    1.857017 v _13696_/Q (sky130_fd_sc_hd__dfrtp_1)
                                                         net215 (net)
                      0.067709    0.000052    1.857069 v output215/A (sky130_fd_sc_hd__buf_2)
     1    0.034045    0.165029    0.342839    2.199908 v output215/X (sky130_fd_sc_hd__buf_2)
                                                         y3[11] (net)
                      0.165029    0.000620    2.200528 v y3[11] (out)
                                              2.200528   data arrival time

                                 15.000000   15.000000   clock clk (rise edge)
                                  0.000000   15.000000   clock network delay (propagated)
                                 -0.250000   14.750000   clock uncertainty
                                  0.000000   14.750000   clock reconvergence pessimism
                                 -3.000000   11.750000   output external delay
                                             11.750000   data required time
---------------------------------------------------------------------------------------------
                                             11.750000   data required time
                                             -2.200528   data arrival time
---------------------------------------------------------------------------------------------
                                              9.549473   slack (MET)


Startpoint: _13672_ (rising edge-triggered flip-flop clocked by clk)
Endpoint: y2[4] (output port clocked by clk)
Path Group: clk
Path Type: max

Fanout         Cap        Slew       Delay        Time   Description
---------------------------------------------------------------------------------------------
                                  0.000000    0.000000   clock clk (rise edge)
                                  0.000000    0.000000   clock source latency
     1    0.050594    0.363095    0.258083    0.258083 ^ clk (in)
                                                         clk (net)
                      0.363560    0.000000    0.258083 ^ clkbuf_0_clk/A (sky130_fd_sc_hd__clkbuf_16)
     8    0.161004    0.263137    0.506523    0.764606 ^ clkbuf_0_clk/X (sky130_fd_sc_hd__clkbuf_16)
                                                         clknet_0_clk (net)
                      0.263474    0.008368    0.772973 ^ clkbuf_3_2__f_clk/A (sky130_fd_sc_hd__clkbuf_16)
    10    0.038118    0.092712    0.332619    1.105592 ^ clkbuf_3_2__f_clk/X (sky130_fd_sc_hd__clkbuf_16)
                                                         clknet_3_2__leaf_clk (net)
                      0.092782    0.002394    1.107986 ^ _13672_/CLK (sky130_fd_sc_hd__dfrtp_1)
     1    0.003023    0.077501    0.743276    1.851263 v _13672_/Q (sky130_fd_sc_hd__dfrtp_1)
                                                         net207 (net)
                      0.077501    0.000071    1.851333 v output207/A (sky130_fd_sc_hd__buf_2)
     1    0.034092    0.165176    0.347448    2.198782 v output207/X (sky130_fd_sc_hd__buf_2)
                                                         y2[4] (net)
                      0.165177    0.000659    2.199440 v y2[4] (out)
                                              2.199440   data arrival time

                                 15.000000   15.000000   clock clk (rise edge)
                                  0.000000   15.000000   clock network delay (propagated)
                                 -0.250000   14.750000   clock uncertainty
                                  0.000000   14.750000   clock reconvergence pessimism
                                 -3.000000   11.750000   output external delay
                                             11.750000   data required time
---------------------------------------------------------------------------------------------
                                             11.750000   data required time
                                             -2.199440   data arrival time
---------------------------------------------------------------------------------------------
                                              9.550560   slack (MET)


Startpoint: _13654_ (rising edge-triggered flip-flop clocked by clk)
Endpoint: y1[3] (output port clocked by clk)
Path Group: clk
Path Type: max

Fanout         Cap        Slew       Delay        Time   Description
---------------------------------------------------------------------------------------------
                                  0.000000    0.000000   clock clk (rise edge)
                                  0.000000    0.000000   clock source latency
     1    0.050594    0.363095    0.258083    0.258083 ^ clk (in)
                                                         clk (net)
                      0.363560    0.000000    0.258083 ^ clkbuf_0_clk/A (sky130_fd_sc_hd__clkbuf_16)
     8    0.161004    0.263137    0.506523    0.764606 ^ clkbuf_0_clk/X (sky130_fd_sc_hd__clkbuf_16)
                                                         clknet_0_clk (net)
                      0.263320    0.006370    0.770975 ^ clkbuf_3_7__f_clk/A (sky130_fd_sc_hd__clkbuf_16)
    10    0.045622    0.101783    0.342632    1.113608 ^ clkbuf_3_7__f_clk/X (sky130_fd_sc_hd__clkbuf_16)
                                                         clknet_3_7__leaf_clk (net)
                      0.101852    0.002271    1.115878 ^ _13654_/CLK (sky130_fd_sc_hd__dfrtp_1)
     1    0.002337    0.071053    0.738320    1.854198 v _13654_/Q (sky130_fd_sc_hd__dfrtp_1)
                                                         net189 (net)
                      0.071053    0.000066    1.854264 v output189/A (sky130_fd_sc_hd__buf_2)
     1    0.033980    0.164753    0.344166    2.198430 v output189/X (sky130_fd_sc_hd__buf_2)
                                                         y1[3] (net)
                      0.164753    0.000616    2.199046 v y1[3] (out)
                                              2.199046   data arrival time

                                 15.000000   15.000000   clock clk (rise edge)
                                  0.000000   15.000000   clock network delay (propagated)
                                 -0.250000   14.750000   clock uncertainty
                                  0.000000   14.750000   clock reconvergence pessimism
                                 -3.000000   11.750000   output external delay
                                             11.750000   data required time
---------------------------------------------------------------------------------------------
                                             11.750000   data required time
                                             -2.199046   data arrival time
---------------------------------------------------------------------------------------------
                                              9.550954   slack (MET)


Startpoint: _13656_ (rising edge-triggered flip-flop clocked by clk)
Endpoint: y1[5] (output port clocked by clk)
Path Group: clk
Path Type: max

Fanout         Cap        Slew       Delay        Time   Description
---------------------------------------------------------------------------------------------
                                  0.000000    0.000000   clock clk (rise edge)
                                  0.000000    0.000000   clock source latency
     1    0.050594    0.363095    0.258083    0.258083 ^ clk (in)
                                                         clk (net)
                      0.363560    0.000000    0.258083 ^ clkbuf_0_clk/A (sky130_fd_sc_hd__clkbuf_16)
     8    0.161004    0.263137    0.506523    0.764606 ^ clkbuf_0_clk/X (sky130_fd_sc_hd__clkbuf_16)
                                                         clknet_0_clk (net)
                      0.263320    0.006370    0.770975 ^ clkbuf_3_7__f_clk/A (sky130_fd_sc_hd__clkbuf_16)
    10    0.045622    0.101783    0.342632    1.113608 ^ clkbuf_3_7__f_clk/X (sky130_fd_sc_hd__clkbuf_16)
                                                         clknet_3_7__leaf_clk (net)
                      0.101857    0.002348    1.115956 ^ _13656_/CLK (sky130_fd_sc_hd__dfrtp_1)
     1    0.002270    0.070601    0.737440    1.853396 v _13656_/Q (sky130_fd_sc_hd__dfrtp_1)
                                                         net191 (net)
                      0.070601    0.000046    1.853443 v output191/A (sky130_fd_sc_hd__buf_2)
     1    0.034264    0.165893    0.344836    2.198278 v output191/X (sky130_fd_sc_hd__buf_2)
                                                         y1[5] (net)
                      0.165893    0.000663    2.198941 v y1[5] (out)
                                              2.198941   data arrival time

                                 15.000000   15.000000   clock clk (rise edge)
                                  0.000000   15.000000   clock network delay (propagated)
                                 -0.250000   14.750000   clock uncertainty
                                  0.000000   14.750000   clock reconvergence pessimism
                                 -3.000000   11.750000   output external delay
                                             11.750000   data required time
---------------------------------------------------------------------------------------------
                                             11.750000   data required time
                                             -2.198941   data arrival time
---------------------------------------------------------------------------------------------
                                              9.551059   slack (MET)


Startpoint: _13685_ (rising edge-triggered flip-flop clocked by clk)
Endpoint: y3[0] (output port clocked by clk)
Path Group: clk
Path Type: max

Fanout         Cap        Slew       Delay        Time   Description
---------------------------------------------------------------------------------------------
                                  0.000000    0.000000   clock clk (rise edge)
                                  0.000000    0.000000   clock source latency
     1    0.050594    0.363095    0.258083    0.258083 ^ clk (in)
                                                         clk (net)
                      0.363560    0.000000    0.258083 ^ clkbuf_0_clk/A (sky130_fd_sc_hd__clkbuf_16)
     8    0.161004    0.263137    0.506523    0.764606 ^ clkbuf_0_clk/X (sky130_fd_sc_hd__clkbuf_16)
                                                         clknet_0_clk (net)
                      0.263381    0.007241    0.771847 ^ clkbuf_3_3__f_clk/A (sky130_fd_sc_hd__clkbuf_16)
    10    0.032983    0.085233    0.326218    1.098065 ^ clkbuf_3_3__f_clk/X (sky130_fd_sc_hd__clkbuf_16)
                                                         clknet_3_3__leaf_clk (net)
                      0.085285    0.001897    1.099962 ^ _13685_/CLK (sky130_fd_sc_hd__dfrtp_1)
     1    0.003653    0.083464    0.748177    1.848139 v _13685_/Q (sky130_fd_sc_hd__dfrtp_1)
                                                         net213 (net)
                      0.083464    0.000115    1.848254 v output213/A (sky130_fd_sc_hd__buf_2)
     1    0.033984    0.164733    0.349961    2.198215 v output213/X (sky130_fd_sc_hd__buf_2)
                                                         y3[0] (net)
                      0.164733    0.000618    2.198832 v y3[0] (out)
                                              2.198832   data arrival time

                                 15.000000   15.000000   clock clk (rise edge)
                                  0.000000   15.000000   clock network delay (propagated)
                                 -0.250000   14.750000   clock uncertainty
                                  0.000000   14.750000   clock reconvergence pessimism
                                 -3.000000   11.750000   output external delay
                                             11.750000   data required time
---------------------------------------------------------------------------------------------
                                             11.750000   data required time
                                             -2.198832   data arrival time
---------------------------------------------------------------------------------------------
                                              9.551168   slack (MET)


Startpoint: _13657_ (rising edge-triggered flip-flop clocked by clk)
Endpoint: y1[6] (output port clocked by clk)
Path Group: clk
Path Type: max

Fanout         Cap        Slew       Delay        Time   Description
---------------------------------------------------------------------------------------------
                                  0.000000    0.000000   clock clk (rise edge)
                                  0.000000    0.000000   clock source latency
     1    0.050594    0.363095    0.258083    0.258083 ^ clk (in)
                                                         clk (net)
                      0.363560    0.000000    0.258083 ^ clkbuf_0_clk/A (sky130_fd_sc_hd__clkbuf_16)
     8    0.161004    0.263137    0.506523    0.764606 ^ clkbuf_0_clk/X (sky130_fd_sc_hd__clkbuf_16)
                                                         clknet_0_clk (net)
                      0.263320    0.006370    0.770975 ^ clkbuf_3_7__f_clk/A (sky130_fd_sc_hd__clkbuf_16)
    10    0.045622    0.101783    0.342632    1.113608 ^ clkbuf_3_7__f_clk/X (sky130_fd_sc_hd__clkbuf_16)
                                                         clknet_3_7__leaf_clk (net)
                      0.101849    0.002236    1.115843 ^ _13657_/CLK (sky130_fd_sc_hd__dfrtp_1)
     1    0.002192    0.070077    0.736391    1.852234 v _13657_/Q (sky130_fd_sc_hd__dfrtp_1)
                                                         net192 (net)
                      0.070077    0.000062    1.852296 v output192/A (sky130_fd_sc_hd__buf_2)
     1    0.034634    0.167407    0.345662    2.197959 v output192/X (sky130_fd_sc_hd__buf_2)
                                                         y1[6] (net)
                      0.167408    0.000833    2.198792 v y1[6] (out)
                                              2.198792   data arrival time

                                 15.000000   15.000000   clock clk (rise edge)
                                  0.000000   15.000000   clock network delay (propagated)
                                 -0.250000   14.750000   clock uncertainty
                                  0.000000   14.750000   clock reconvergence pessimism
                                 -3.000000   11.750000   output external delay
                                             11.750000   data required time
---------------------------------------------------------------------------------------------
                                             11.750000   data required time
                                             -2.198792   data arrival time
---------------------------------------------------------------------------------------------
                                              9.551209   slack (MET)


Startpoint: _13676_ (rising edge-triggered flip-flop clocked by clk)
Endpoint: y2[8] (output port clocked by clk)
Path Group: clk
Path Type: max

Fanout         Cap        Slew       Delay        Time   Description
---------------------------------------------------------------------------------------------
                                  0.000000    0.000000   clock clk (rise edge)
                                  0.000000    0.000000   clock source latency
     1    0.050594    0.363095    0.258083    0.258083 ^ clk (in)
                                                         clk (net)
                      0.363560    0.000000    0.258083 ^ clkbuf_0_clk/A (sky130_fd_sc_hd__clkbuf_16)
     8    0.161004    0.263137    0.506523    0.764606 ^ clkbuf_0_clk/X (sky130_fd_sc_hd__clkbuf_16)
                                                         clknet_0_clk (net)
                      0.263474    0.008368    0.772973 ^ clkbuf_3_2__f_clk/A (sky130_fd_sc_hd__clkbuf_16)
    10    0.038118    0.092712    0.332619    1.105592 ^ clkbuf_3_2__f_clk/X (sky130_fd_sc_hd__clkbuf_16)
                                                         clknet_3_2__leaf_clk (net)
                      0.092923    0.003841    1.109433 ^ _13676_/CLK (sky130_fd_sc_hd__dfrtp_1)
     1    0.002831    0.075756    0.740778    1.850211 v _13676_/Q (sky130_fd_sc_hd__dfrtp_1)
                                                         net211 (net)
                      0.075756    0.000083    1.850294 v output211/A (sky130_fd_sc_hd__buf_2)
     1    0.034393    0.166401    0.347552    2.197846 v output211/X (sky130_fd_sc_hd__buf_2)
                                                         y2[8] (net)
                      0.166402    0.000748    2.198594 v y2[8] (out)
                                              2.198594   data arrival time

                                 15.000000   15.000000   clock clk (rise edge)
                                  0.000000   15.000000   clock network delay (propagated)
                                 -0.250000   14.750000   clock uncertainty
                                  0.000000   14.750000   clock reconvergence pessimism
                                 -3.000000   11.750000   output external delay
                                             11.750000   data required time
---------------------------------------------------------------------------------------------
                                             11.750000   data required time
                                             -2.198594   data arrival time
---------------------------------------------------------------------------------------------
                                              9.551407   slack (MET)


Startpoint: _13652_ (rising edge-triggered flip-flop clocked by clk)
Endpoint: y1[1] (output port clocked by clk)
Path Group: clk
Path Type: max

Fanout         Cap        Slew       Delay        Time   Description
---------------------------------------------------------------------------------------------
                                  0.000000    0.000000   clock clk (rise edge)
                                  0.000000    0.000000   clock source latency
     1    0.050594    0.363095    0.258083    0.258083 ^ clk (in)
                                                         clk (net)
                      0.363560    0.000000    0.258083 ^ clkbuf_0_clk/A (sky130_fd_sc_hd__clkbuf_16)
     8    0.161004    0.263137    0.506523    0.764606 ^ clkbuf_0_clk/X (sky130_fd_sc_hd__clkbuf_16)
                                                         clknet_0_clk (net)
                      0.263320    0.006370    0.770975 ^ clkbuf_3_7__f_clk/A (sky130_fd_sc_hd__clkbuf_16)
    10    0.045622    0.101783    0.342632    1.113608 ^ clkbuf_3_7__f_clk/X (sky130_fd_sc_hd__clkbuf_16)
                                                         clknet_3_7__leaf_clk (net)
                      0.101842    0.002128    1.115735 ^ _13652_/CLK (sky130_fd_sc_hd__dfrtp_1)
     1    0.002274    0.070628    0.737486    1.853221 v _13652_/Q (sky130_fd_sc_hd__dfrtp_1)
                                                         net187 (net)
                      0.070628    0.000046    1.853268 v output187/A (sky130_fd_sc_hd__buf_2)
     1    0.034140    0.165389    0.344479    2.197747 v output187/X (sky130_fd_sc_hd__buf_2)
                                                         y1[1] (net)
                      0.165389    0.000620    2.198368 v y1[1] (out)
                                              2.198368   data arrival time

                                 15.000000   15.000000   clock clk (rise edge)
                                  0.000000   15.000000   clock network delay (propagated)
                                 -0.250000   14.750000   clock uncertainty
                                  0.000000   14.750000   clock reconvergence pessimism
                                 -3.000000   11.750000   output external delay
                                             11.750000   data required time
---------------------------------------------------------------------------------------------
                                             11.750000   data required time
                                             -2.198368   data arrival time
---------------------------------------------------------------------------------------------
                                              9.551633   slack (MET)


Startpoint: _13658_ (rising edge-triggered flip-flop clocked by clk)
Endpoint: y1[7] (output port clocked by clk)
Path Group: clk
Path Type: max

Fanout         Cap        Slew       Delay        Time   Description
---------------------------------------------------------------------------------------------
                                  0.000000    0.000000   clock clk (rise edge)
                                  0.000000    0.000000   clock source latency
     1    0.050594    0.363095    0.258083    0.258083 ^ clk (in)
                                                         clk (net)
                      0.363560    0.000000    0.258083 ^ clkbuf_0_clk/A (sky130_fd_sc_hd__clkbuf_16)
     8    0.161004    0.263137    0.506523    0.764606 ^ clkbuf_0_clk/X (sky130_fd_sc_hd__clkbuf_16)
                                                         clknet_0_clk (net)
                      0.263320    0.006370    0.770975 ^ clkbuf_3_7__f_clk/A (sky130_fd_sc_hd__clkbuf_16)
    10    0.045622    0.101783    0.342632    1.113608 ^ clkbuf_3_7__f_clk/X (sky130_fd_sc_hd__clkbuf_16)
                                                         clknet_3_7__leaf_clk (net)
                      0.101852    0.002275    1.115882 ^ _13658_/CLK (sky130_fd_sc_hd__dfrtp_1)
     1    0.002126    0.069653    0.735515    1.851397 v _13658_/Q (sky130_fd_sc_hd__dfrtp_1)
                                                         net193 (net)
                      0.069653    0.000058    1.851455 v output193/A (sky130_fd_sc_hd__buf_2)
     1    0.034634    0.167409    0.345468    2.196923 v output193/X (sky130_fd_sc_hd__buf_2)
                                                         y1[7] (net)
                      0.167410    0.000833    2.197756 v y1[7] (out)
                                              2.197756   data arrival time

                                 15.000000   15.000000   clock clk (rise edge)
                                  0.000000   15.000000   clock network delay (propagated)
                                 -0.250000   14.750000   clock uncertainty
                                  0.000000   14.750000   clock reconvergence pessimism
                                 -3.000000   11.750000   output external delay
                                             11.750000   data required time
---------------------------------------------------------------------------------------------
                                             11.750000   data required time
                                             -2.197756   data arrival time
---------------------------------------------------------------------------------------------
                                              9.552244   slack (MET)


Startpoint: _13659_ (rising edge-triggered flip-flop clocked by clk)
Endpoint: y1[8] (output port clocked by clk)
Path Group: clk
Path Type: max

Fanout         Cap        Slew       Delay        Time   Description
---------------------------------------------------------------------------------------------
                                  0.000000    0.000000   clock clk (rise edge)
                                  0.000000    0.000000   clock source latency
     1    0.050594    0.363095    0.258083    0.258083 ^ clk (in)
                                                         clk (net)
                      0.363560    0.000000    0.258083 ^ clkbuf_0_clk/A (sky130_fd_sc_hd__clkbuf_16)
     8    0.161004    0.263137    0.506523    0.764606 ^ clkbuf_0_clk/X (sky130_fd_sc_hd__clkbuf_16)
                                                         clknet_0_clk (net)
                      0.263320    0.006370    0.770975 ^ clkbuf_3_7__f_clk/A (sky130_fd_sc_hd__clkbuf_16)
    10    0.045622    0.101783    0.342632    1.113608 ^ clkbuf_3_7__f_clk/X (sky130_fd_sc_hd__clkbuf_16)
                                                         clknet_3_7__leaf_clk (net)
                      0.101859    0.002378    1.115986 ^ _13659_/CLK (sky130_fd_sc_hd__dfrtp_1)
     1    0.002002    0.068871    0.733877    1.849863 v _13659_/Q (sky130_fd_sc_hd__dfrtp_1)
                                                         net194 (net)
                      0.068871    0.000056    1.849919 v output194/A (sky130_fd_sc_hd__buf_2)
     1    0.035025    0.168981    0.346318    2.196237 v output194/X (sky130_fd_sc_hd__buf_2)
                                                         y1[8] (net)
                      0.168983    0.000896    2.197134 v y1[8] (out)
                                              2.197134   data arrival time

                                 15.000000   15.000000   clock clk (rise edge)
                                  0.000000   15.000000   clock network delay (propagated)
                                 -0.250000   14.750000   clock uncertainty
                                  0.000000   14.750000   clock reconvergence pessimism
                                 -3.000000   11.750000   output external delay
                                             11.750000   data required time
---------------------------------------------------------------------------------------------
                                             11.750000   data required time
                                             -2.197134   data arrival time
---------------------------------------------------------------------------------------------
                                              9.552867   slack (MET)


Startpoint: _13680_ (rising edge-triggered flip-flop clocked by clk)
Endpoint: y2[12] (output port clocked by clk)
Path Group: clk
Path Type: max

Fanout         Cap        Slew       Delay        Time   Description
---------------------------------------------------------------------------------------------
                                  0.000000    0.000000   clock clk (rise edge)
                                  0.000000    0.000000   clock source latency
     1    0.050594    0.363095    0.258083    0.258083 ^ clk (in)
                                                         clk (net)
                      0.363560    0.000000    0.258083 ^ clkbuf_0_clk/A (sky130_fd_sc_hd__clkbuf_16)
     8    0.161004    0.263137    0.506523    0.764606 ^ clkbuf_0_clk/X (sky130_fd_sc_hd__clkbuf_16)
                                                         clknet_0_clk (net)
                      0.263474    0.008368    0.772973 ^ clkbuf_3_2__f_clk/A (sky130_fd_sc_hd__clkbuf_16)
    10    0.038118    0.092712    0.332619    1.105592 ^ clkbuf_3_2__f_clk/X (sky130_fd_sc_hd__clkbuf_16)
                                                         clknet_3_2__leaf_clk (net)
                      0.092950    0.004056    1.109648 ^ _13680_/CLK (sky130_fd_sc_hd__dfrtp_1)
     1    0.002305    0.070818    0.733802    1.843450 v _13680_/Q (sky130_fd_sc_hd__dfrtp_1)
                                                         net199 (net)
                      0.070818    0.000050    1.843500 v output199/A (sky130_fd_sc_hd__buf_2)
     1    0.035339    0.170228    0.348184    2.191685 v output199/X (sky130_fd_sc_hd__buf_2)
                                                         y2[12] (net)
                      0.170230    0.000941    2.192626 v y2[12] (out)
                                              2.192626   data arrival time

                                 15.000000   15.000000   clock clk (rise edge)
                                  0.000000   15.000000   clock network delay (propagated)
                                 -0.250000   14.750000   clock uncertainty
                                  0.000000   14.750000   clock reconvergence pessimism
                                 -3.000000   11.750000   output external delay
                                             11.750000   data required time
---------------------------------------------------------------------------------------------
                                             11.750000   data required time
                                             -2.192626   data arrival time
---------------------------------------------------------------------------------------------
                                              9.557375   slack (MET)


Startpoint: _13638_ (rising edge-triggered flip-flop clocked by clk)
Endpoint: y0[4] (output port clocked by clk)
Path Group: clk
Path Type: max

Fanout         Cap        Slew       Delay        Time   Description
---------------------------------------------------------------------------------------------
                                  0.000000    0.000000   clock clk (rise edge)
                                  0.000000    0.000000   clock source latency
     1    0.050594    0.363095    0.258083    0.258083 ^ clk (in)
                                                         clk (net)
                      0.363560    0.000000    0.258083 ^ clkbuf_0_clk/A (sky130_fd_sc_hd__clkbuf_16)
     8    0.161004    0.263137    0.506523    0.764606 ^ clkbuf_0_clk/X (sky130_fd_sc_hd__clkbuf_16)
                                                         clknet_0_clk (net)
                      0.263391    0.007367    0.771972 ^ clkbuf_3_6__f_clk/A (sky130_fd_sc_hd__clkbuf_16)
    10    0.030774    0.082164    0.323242    1.095214 ^ clkbuf_3_6__f_clk/X (sky130_fd_sc_hd__clkbuf_16)
                                                         clknet_3_6__leaf_clk (net)
                      0.082184    0.001194    1.096408 ^ _13638_/CLK (sky130_fd_sc_hd__dfrtp_1)
     1    0.003537    0.082443    0.745208    1.841616 v _13638_/Q (sky130_fd_sc_hd__dfrtp_1)
                                                         net173 (net)
                      0.082443    0.000117    1.841733 v output173/A (sky130_fd_sc_hd__buf_2)
     1    0.034207    0.165630    0.350151    2.191884 v output173/X (sky130_fd_sc_hd__buf_2)
                                                         y0[4] (net)
                      0.165631    0.000664    2.192548 v y0[4] (out)
                                              2.192548   data arrival time

                                 15.000000   15.000000   clock clk (rise edge)
                                  0.000000   15.000000   clock network delay (propagated)
                                 -0.250000   14.750000   clock uncertainty
                                  0.000000   14.750000   clock reconvergence pessimism
                                 -3.000000   11.750000   output external delay
                                             11.750000   data required time
---------------------------------------------------------------------------------------------
                                             11.750000   data required time
                                             -2.192548   data arrival time
---------------------------------------------------------------------------------------------
                                              9.557452   slack (MET)


Startpoint: _13642_ (rising edge-triggered flip-flop clocked by clk)
Endpoint: y0[8] (output port clocked by clk)
Path Group: clk
Path Type: max

Fanout         Cap        Slew       Delay        Time   Description
---------------------------------------------------------------------------------------------
                                  0.000000    0.000000   clock clk (rise edge)
                                  0.000000    0.000000   clock source latency
     1    0.050594    0.363095    0.258083    0.258083 ^ clk (in)
                                                         clk (net)
                      0.363560    0.000000    0.258083 ^ clkbuf_0_clk/A (sky130_fd_sc_hd__clkbuf_16)
     8    0.161004    0.263137    0.506523    0.764606 ^ clkbuf_0_clk/X (sky130_fd_sc_hd__clkbuf_16)
                                                         clknet_0_clk (net)
                      0.263391    0.007367    0.771972 ^ clkbuf_3_6__f_clk/A (sky130_fd_sc_hd__clkbuf_16)
    10    0.030774    0.082164    0.323242    1.095214 ^ clkbuf_3_6__f_clk/X (sky130_fd_sc_hd__clkbuf_16)
                                                         clknet_3_6__leaf_clk (net)
                      0.082174    0.000899    1.096113 ^ _13642_/CLK (sky130_fd_sc_hd__dfrtp_1)
     1    0.003518    0.082239    0.744957    1.841070 v _13642_/Q (sky130_fd_sc_hd__dfrtp_1)
                                                         net177 (net)
                      0.082239    0.000088    1.841158 v output177/A (sky130_fd_sc_hd__buf_2)
     1    0.034082    0.165126    0.349670    2.190828 v output177/X (sky130_fd_sc_hd__buf_2)
                                                         y0[8] (net)
                      0.165127    0.000639    2.191466 v y0[8] (out)
                                              2.191466   data arrival time

                                 15.000000   15.000000   clock clk (rise edge)
                                  0.000000   15.000000   clock network delay (propagated)
                                 -0.250000   14.750000   clock uncertainty
                                  0.000000   14.750000   clock reconvergence pessimism
                                 -3.000000   11.750000   output external delay
                                             11.750000   data required time
---------------------------------------------------------------------------------------------
                                             11.750000   data required time
                                             -2.191466   data arrival time
---------------------------------------------------------------------------------------------
                                              9.558534   slack (MET)


Startpoint: _13671_ (rising edge-triggered flip-flop clocked by clk)
Endpoint: y2[3] (output port clocked by clk)
Path Group: clk
Path Type: max

Fanout         Cap        Slew       Delay        Time   Description
---------------------------------------------------------------------------------------------
                                  0.000000    0.000000   clock clk (rise edge)
                                  0.000000    0.000000   clock source latency
     1    0.050594    0.363095    0.258083    0.258083 ^ clk (in)
                                                         clk (net)
                      0.363560    0.000000    0.258083 ^ clkbuf_0_clk/A (sky130_fd_sc_hd__clkbuf_16)
     8    0.161004    0.263137    0.506523    0.764606 ^ clkbuf_0_clk/X (sky130_fd_sc_hd__clkbuf_16)
                                                         clknet_0_clk (net)
                      0.263474    0.008368    0.772973 ^ clkbuf_3_2__f_clk/A (sky130_fd_sc_hd__clkbuf_16)
    10    0.038118    0.092712    0.332619    1.105592 ^ clkbuf_3_2__f_clk/X (sky130_fd_sc_hd__clkbuf_16)
                                                         clknet_3_2__leaf_clk (net)
                      0.092766    0.002153    1.107745 ^ _13671_/CLK (sky130_fd_sc_hd__dfrtp_1)
     1    0.002479    0.072051    0.736029    1.843774 v _13671_/Q (sky130_fd_sc_hd__dfrtp_1)
                                                         net206 (net)
                      0.072051    0.000076    1.843850 v output206/A (sky130_fd_sc_hd__buf_2)
     1    0.034149    0.165431    0.345132    2.188983 v output206/X (sky130_fd_sc_hd__buf_2)
                                                         y2[3] (net)
                      0.165432    0.000661    2.189643 v y2[3] (out)
                                              2.189643   data arrival time

                                 15.000000   15.000000   clock clk (rise edge)
                                  0.000000   15.000000   clock network delay (propagated)
                                 -0.250000   14.750000   clock uncertainty
                                  0.000000   14.750000   clock reconvergence pessimism
                                 -3.000000   11.750000   output external delay
                                             11.750000   data required time
---------------------------------------------------------------------------------------------
                                             11.750000   data required time
                                             -2.189643   data arrival time
---------------------------------------------------------------------------------------------
                                              9.560357   slack (MET)


Startpoint: _13693_ (rising edge-triggered flip-flop clocked by clk)
Endpoint: y3[8] (output port clocked by clk)
Path Group: clk
Path Type: max

Fanout         Cap        Slew       Delay        Time   Description
---------------------------------------------------------------------------------------------
                                  0.000000    0.000000   clock clk (rise edge)
                                  0.000000    0.000000   clock source latency
     1    0.050594    0.363095    0.258083    0.258083 ^ clk (in)
                                                         clk (net)
                      0.363560    0.000000    0.258083 ^ clkbuf_0_clk/A (sky130_fd_sc_hd__clkbuf_16)
     8    0.161004    0.263137    0.506523    0.764606 ^ clkbuf_0_clk/X (sky130_fd_sc_hd__clkbuf_16)
                                                         clknet_0_clk (net)
                      0.263381    0.007241    0.771847 ^ clkbuf_3_3__f_clk/A (sky130_fd_sc_hd__clkbuf_16)
    10    0.032983    0.085233    0.326218    1.098065 ^ clkbuf_3_3__f_clk/X (sky130_fd_sc_hd__clkbuf_16)
                                                         clknet_3_3__leaf_clk (net)
                      0.085241    0.000931    1.098996 ^ _13693_/CLK (sky130_fd_sc_hd__dfrtp_1)
     1    0.003197    0.079113    0.742110    1.841106 v _13693_/Q (sky130_fd_sc_hd__dfrtp_1)
                                                         net228 (net)
                      0.079113    0.000076    1.841182 v output228/A (sky130_fd_sc_hd__buf_2)
     1    0.033971    0.164679    0.347828    2.189011 v output228/X (sky130_fd_sc_hd__buf_2)
                                                         y3[8] (net)
                      0.164679    0.000617    2.189628 v y3[8] (out)
                                              2.189628   data arrival time

                                 15.000000   15.000000   clock clk (rise edge)
                                  0.000000   15.000000   clock network delay (propagated)
                                 -0.250000   14.750000   clock uncertainty
                                  0.000000   14.750000   clock reconvergence pessimism
                                 -3.000000   11.750000   output external delay
                                             11.750000   data required time
---------------------------------------------------------------------------------------------
                                             11.750000   data required time
                                             -2.189628   data arrival time
---------------------------------------------------------------------------------------------
                                              9.560372   slack (MET)


Startpoint: _13677_ (rising edge-triggered flip-flop clocked by clk)
Endpoint: y2[9] (output port clocked by clk)
Path Group: clk
Path Type: max

Fanout         Cap        Slew       Delay        Time   Description
---------------------------------------------------------------------------------------------
                                  0.000000    0.000000   clock clk (rise edge)
                                  0.000000    0.000000   clock source latency
     1    0.050594    0.363095    0.258083    0.258083 ^ clk (in)
                                                         clk (net)
                      0.363560    0.000000    0.258083 ^ clkbuf_0_clk/A (sky130_fd_sc_hd__clkbuf_16)
     8    0.161004    0.263137    0.506523    0.764606 ^ clkbuf_0_clk/X (sky130_fd_sc_hd__clkbuf_16)
                                                         clknet_0_clk (net)
                      0.263474    0.008368    0.772973 ^ clkbuf_3_2__f_clk/A (sky130_fd_sc_hd__clkbuf_16)
    10    0.038118    0.092712    0.332619    1.105592 ^ clkbuf_3_2__f_clk/X (sky130_fd_sc_hd__clkbuf_16)
                                                         clknet_3_2__leaf_clk (net)
                      0.092940    0.003978    1.109571 ^ _13677_/CLK (sky130_fd_sc_hd__dfrtp_1)
     1    0.002239    0.070370    0.732923    1.842494 v _13677_/Q (sky130_fd_sc_hd__dfrtp_1)
                                                         net212 (net)
                      0.070370    0.000062    1.842556 v output212/A (sky130_fd_sc_hd__buf_2)
     1    0.034393    0.166427    0.345084    2.187640 v output212/X (sky130_fd_sc_hd__buf_2)
                                                         y2[9] (net)
                      0.166428    0.000748    2.188387 v y2[9] (out)
                                              2.188387   data arrival time

                                 15.000000   15.000000   clock clk (rise edge)
                                  0.000000   15.000000   clock network delay (propagated)
                                 -0.250000   14.750000   clock uncertainty
                                  0.000000   14.750000   clock reconvergence pessimism
                                 -3.000000   11.750000   output external delay
                                             11.750000   data required time
---------------------------------------------------------------------------------------------
                                             11.750000   data required time
                                             -2.188387   data arrival time
---------------------------------------------------------------------------------------------
                                              9.561613   slack (MET)


Startpoint: _13637_ (rising edge-triggered flip-flop clocked by clk)
Endpoint: y0[3] (output port clocked by clk)
Path Group: clk
Path Type: max

Fanout         Cap        Slew       Delay        Time   Description
---------------------------------------------------------------------------------------------
                                  0.000000    0.000000   clock clk (rise edge)
                                  0.000000    0.000000   clock source latency
     1    0.050594    0.363095    0.258083    0.258083 ^ clk (in)
                                                         clk (net)
                      0.363560    0.000000    0.258083 ^ clkbuf_0_clk/A (sky130_fd_sc_hd__clkbuf_16)
     8    0.161004    0.263137    0.506523    0.764606 ^ clkbuf_0_clk/X (sky130_fd_sc_hd__clkbuf_16)
                                                         clknet_0_clk (net)
                      0.263391    0.007367    0.771972 ^ clkbuf_3_6__f_clk/A (sky130_fd_sc_hd__clkbuf_16)
    10    0.030774    0.082164    0.323242    1.095214 ^ clkbuf_3_6__f_clk/X (sky130_fd_sc_hd__clkbuf_16)
                                                         clknet_3_6__leaf_clk (net)
                      0.082186    0.001243    1.096457 ^ _13637_/CLK (sky130_fd_sc_hd__dfrtp_1)
     1    0.003259    0.079709    0.741507    1.837965 v _13637_/Q (sky130_fd_sc_hd__dfrtp_1)
                                                         net172 (net)
                      0.079709    0.000108    1.838072 v output172/A (sky130_fd_sc_hd__buf_2)
     1    0.034099    0.165190    0.348510    2.186583 v output172/X (sky130_fd_sc_hd__buf_2)
                                                         y0[3] (net)
                      0.165190    0.000632    2.187214 v y0[3] (out)
                                              2.187214   data arrival time

                                 15.000000   15.000000   clock clk (rise edge)
                                  0.000000   15.000000   clock network delay (propagated)
                                 -0.250000   14.750000   clock uncertainty
                                  0.000000   14.750000   clock reconvergence pessimism
                                 -3.000000   11.750000   output external delay
                                             11.750000   data required time
---------------------------------------------------------------------------------------------
                                             11.750000   data required time
                                             -2.187214   data arrival time
---------------------------------------------------------------------------------------------
                                              9.562786   slack (MET)


Startpoint: _13686_ (rising edge-triggered flip-flop clocked by clk)
Endpoint: y3[1] (output port clocked by clk)
Path Group: clk
Path Type: max

Fanout         Cap        Slew       Delay        Time   Description
---------------------------------------------------------------------------------------------
                                  0.000000    0.000000   clock clk (rise edge)
                                  0.000000    0.000000   clock source latency
     1    0.050594    0.363095    0.258083    0.258083 ^ clk (in)
                                                         clk (net)
                      0.363560    0.000000    0.258083 ^ clkbuf_0_clk/A (sky130_fd_sc_hd__clkbuf_16)
     8    0.161004    0.263137    0.506523    0.764606 ^ clkbuf_0_clk/X (sky130_fd_sc_hd__clkbuf_16)
                                                         clknet_0_clk (net)
                      0.263381    0.007241    0.771847 ^ clkbuf_3_3__f_clk/A (sky130_fd_sc_hd__clkbuf_16)
    10    0.032983    0.085233    0.326218    1.098065 ^ clkbuf_3_3__f_clk/X (sky130_fd_sc_hd__clkbuf_16)
                                                         clknet_3_3__leaf_clk (net)
                      0.085283    0.001859    1.099924 ^ _13686_/CLK (sky130_fd_sc_hd__dfrtp_1)
     1    0.002962    0.076927    0.738996    1.838920 v _13686_/Q (sky130_fd_sc_hd__dfrtp_1)
                                                         net221 (net)
                      0.076927    0.000089    1.839009 v output221/A (sky130_fd_sc_hd__buf_2)
     1    0.033986    0.164749    0.346875    2.185884 v output221/X (sky130_fd_sc_hd__buf_2)
                                                         y3[1] (net)
                      0.164749    0.000618    2.186501 v y3[1] (out)
                                              2.186501   data arrival time

                                 15.000000   15.000000   clock clk (rise edge)
                                  0.000000   15.000000   clock network delay (propagated)
                                 -0.250000   14.750000   clock uncertainty
                                  0.000000   14.750000   clock reconvergence pessimism
                                 -3.000000   11.750000   output external delay
                                             11.750000   data required time
---------------------------------------------------------------------------------------------
                                             11.750000   data required time
                                             -2.186501   data arrival time
---------------------------------------------------------------------------------------------
                                              9.563499   slack (MET)


Startpoint: _13670_ (rising edge-triggered flip-flop clocked by clk)
Endpoint: y2[2] (output port clocked by clk)
Path Group: clk
Path Type: max

Fanout         Cap        Slew       Delay        Time   Description
---------------------------------------------------------------------------------------------
                                  0.000000    0.000000   clock clk (rise edge)
                                  0.000000    0.000000   clock source latency
     1    0.050594    0.363095    0.258083    0.258083 ^ clk (in)
                                                         clk (net)
                      0.363560    0.000000    0.258083 ^ clkbuf_0_clk/A (sky130_fd_sc_hd__clkbuf_16)
     8    0.161004    0.263137    0.506523    0.764606 ^ clkbuf_0_clk/X (sky130_fd_sc_hd__clkbuf_16)
                                                         clknet_0_clk (net)
                      0.263474    0.008368    0.772973 ^ clkbuf_3_2__f_clk/A (sky130_fd_sc_hd__clkbuf_16)
    10    0.038118    0.092712    0.332619    1.105592 ^ clkbuf_3_2__f_clk/X (sky130_fd_sc_hd__clkbuf_16)
                                                         clknet_3_2__leaf_clk (net)
                      0.092768    0.002187    1.107779 ^ _13670_/CLK (sky130_fd_sc_hd__dfrtp_1)
     1    0.002168    0.069902    0.731897    1.839676 v _13670_/Q (sky130_fd_sc_hd__dfrtp_1)
                                                         net205 (net)
                      0.069902    0.000063    1.839739 v output205/A (sky130_fd_sc_hd__buf_2)
     1    0.034099    0.165238    0.344000    2.183739 v output205/X (sky130_fd_sc_hd__buf_2)
                                                         y2[2] (net)
                      0.165238    0.000642    2.184381 v y2[2] (out)
                                              2.184381   data arrival time

                                 15.000000   15.000000   clock clk (rise edge)
                                  0.000000   15.000000   clock network delay (propagated)
                                 -0.250000   14.750000   clock uncertainty
                                  0.000000   14.750000   clock reconvergence pessimism
                                 -3.000000   11.750000   output external delay
                                             11.750000   data required time
---------------------------------------------------------------------------------------------
                                             11.750000   data required time
                                             -2.184381   data arrival time
---------------------------------------------------------------------------------------------
                                              9.565619   slack (MET)


Startpoint: _13687_ (rising edge-triggered flip-flop clocked by clk)
Endpoint: y3[2] (output port clocked by clk)
Path Group: clk
Path Type: max

Fanout         Cap        Slew       Delay        Time   Description
---------------------------------------------------------------------------------------------
                                  0.000000    0.000000   clock clk (rise edge)
                                  0.000000    0.000000   clock source latency
     1    0.050594    0.363095    0.258083    0.258083 ^ clk (in)
                                                         clk (net)
                      0.363560    0.000000    0.258083 ^ clkbuf_0_clk/A (sky130_fd_sc_hd__clkbuf_16)
     8    0.161004    0.263137    0.506523    0.764606 ^ clkbuf_0_clk/X (sky130_fd_sc_hd__clkbuf_16)
                                                         clknet_0_clk (net)
                      0.263381    0.007241    0.771847 ^ clkbuf_3_3__f_clk/A (sky130_fd_sc_hd__clkbuf_16)
    10    0.032983    0.085233    0.326218    1.098065 ^ clkbuf_3_3__f_clk/X (sky130_fd_sc_hd__clkbuf_16)
                                                         clknet_3_3__leaf_clk (net)
                      0.085282    0.001855    1.099919 ^ _13687_/CLK (sky130_fd_sc_hd__dfrtp_1)
     1    0.002787    0.074411    0.736672    1.836591 v _13687_/Q (sky130_fd_sc_hd__dfrtp_1)
                                                         net222 (net)
                      0.075348    0.000083    1.836674 v output222/A (sky130_fd_sc_hd__buf_2)
     1    0.034059    0.165052    0.346371    2.183044 v output222/X (sky130_fd_sc_hd__buf_2)
                                                         y3[2] (net)
                      0.165053    0.000639    2.183683 v y3[2] (out)
                                              2.183683   data arrival time

                                 15.000000   15.000000   clock clk (rise edge)
                                  0.000000   15.000000   clock network delay (propagated)
                                 -0.250000   14.750000   clock uncertainty
                                  0.000000   14.750000   clock reconvergence pessimism
                                 -3.000000   11.750000   output external delay
                                             11.750000   data required time
---------------------------------------------------------------------------------------------
                                             11.750000   data required time
                                             -2.183683   data arrival time
---------------------------------------------------------------------------------------------
                                              9.566318   slack (MET)


Startpoint: _13689_ (rising edge-triggered flip-flop clocked by clk)
Endpoint: y3[4] (output port clocked by clk)
Path Group: clk
Path Type: max

Fanout         Cap        Slew       Delay        Time   Description
---------------------------------------------------------------------------------------------
                                  0.000000    0.000000   clock clk (rise edge)
                                  0.000000    0.000000   clock source latency
     1    0.050594    0.363095    0.258083    0.258083 ^ clk (in)
                                                         clk (net)
                      0.363560    0.000000    0.258083 ^ clkbuf_0_clk/A (sky130_fd_sc_hd__clkbuf_16)
     8    0.161004    0.263137    0.506523    0.764606 ^ clkbuf_0_clk/X (sky130_fd_sc_hd__clkbuf_16)
                                                         clknet_0_clk (net)
                      0.263381    0.007241    0.771847 ^ clkbuf_3_3__f_clk/A (sky130_fd_sc_hd__clkbuf_16)
    10    0.032983    0.085233    0.326218    1.098065 ^ clkbuf_3_3__f_clk/X (sky130_fd_sc_hd__clkbuf_16)
                                                         clknet_3_3__leaf_clk (net)
                      0.085269    0.001623    1.099688 ^ _13689_/CLK (sky130_fd_sc_hd__dfrtp_1)
     1    0.002566    0.072679    0.733733    1.833421 v _13689_/Q (sky130_fd_sc_hd__dfrtp_1)
                                                         net224 (net)
                      0.072679    0.000074    1.833495 v output224/A (sky130_fd_sc_hd__buf_2)
     1    0.034040    0.164989    0.345085    2.178581 v output224/X (sky130_fd_sc_hd__buf_2)
                                                         y3[4] (net)
                      0.164989    0.000639    2.179219 v y3[4] (out)
                                              2.179219   data arrival time

                                 15.000000   15.000000   clock clk (rise edge)
                                  0.000000   15.000000   clock network delay (propagated)
                                 -0.250000   14.750000   clock uncertainty
                                  0.000000   14.750000   clock reconvergence pessimism
                                 -3.000000   11.750000   output external delay
                                             11.750000   data required time
---------------------------------------------------------------------------------------------
                                             11.750000   data required time
                                             -2.179219   data arrival time
---------------------------------------------------------------------------------------------
                                              9.570781   slack (MET)


Startpoint: _13639_ (rising edge-triggered flip-flop clocked by clk)
Endpoint: y0[5] (output port clocked by clk)
Path Group: clk
Path Type: max

Fanout         Cap        Slew       Delay        Time   Description
---------------------------------------------------------------------------------------------
                                  0.000000    0.000000   clock clk (rise edge)
                                  0.000000    0.000000   clock source latency
     1    0.050594    0.363095    0.258083    0.258083 ^ clk (in)
                                                         clk (net)
                      0.363560    0.000000    0.258083 ^ clkbuf_0_clk/A (sky130_fd_sc_hd__clkbuf_16)
     8    0.161004    0.263137    0.506523    0.764606 ^ clkbuf_0_clk/X (sky130_fd_sc_hd__clkbuf_16)
                                                         clknet_0_clk (net)
                      0.263391    0.007367    0.771972 ^ clkbuf_3_6__f_clk/A (sky130_fd_sc_hd__clkbuf_16)
    10    0.030774    0.082164    0.323242    1.095214 ^ clkbuf_3_6__f_clk/X (sky130_fd_sc_hd__clkbuf_16)
                                                         clknet_3_6__leaf_clk (net)
                      0.082181    0.001134    1.096348 ^ _13639_/CLK (sky130_fd_sc_hd__dfrtp_1)
     1    0.002631    0.073168    0.733170    1.829518 v _13639_/Q (sky130_fd_sc_hd__dfrtp_1)
                                                         net174 (net)
                      0.073168    0.000077    1.829595 v output174/A (sky130_fd_sc_hd__buf_2)
     1    0.034226    0.165735    0.345874    2.175469 v output174/X (sky130_fd_sc_hd__buf_2)
                                                         y0[5] (net)
                      0.165735    0.000682    2.176152 v y0[5] (out)
                                              2.176152   data arrival time

                                 15.000000   15.000000   clock clk (rise edge)
                                  0.000000   15.000000   clock network delay (propagated)
                                 -0.250000   14.750000   clock uncertainty
                                  0.000000   14.750000   clock reconvergence pessimism
                                 -3.000000   11.750000   output external delay
                                             11.750000   data required time
---------------------------------------------------------------------------------------------
                                             11.750000   data required time
                                             -2.176152   data arrival time
---------------------------------------------------------------------------------------------
                                              9.573849   slack (MET)


Startpoint: _13690_ (rising edge-triggered flip-flop clocked by clk)
Endpoint: y3[5] (output port clocked by clk)
Path Group: clk
Path Type: max

Fanout         Cap        Slew       Delay        Time   Description
---------------------------------------------------------------------------------------------
                                  0.000000    0.000000   clock clk (rise edge)
                                  0.000000    0.000000   clock source latency
     1    0.050594    0.363095    0.258083    0.258083 ^ clk (in)
                                                         clk (net)
                      0.363560    0.000000    0.258083 ^ clkbuf_0_clk/A (sky130_fd_sc_hd__clkbuf_16)
     8    0.161004    0.263137    0.506523    0.764606 ^ clkbuf_0_clk/X (sky130_fd_sc_hd__clkbuf_16)
                                                         clknet_0_clk (net)
                      0.263381    0.007241    0.771847 ^ clkbuf_3_3__f_clk/A (sky130_fd_sc_hd__clkbuf_16)
    10    0.032983    0.085233    0.326218    1.098065 ^ clkbuf_3_3__f_clk/X (sky130_fd_sc_hd__clkbuf_16)
                                                         clknet_3_3__leaf_clk (net)
                      0.085259    0.001427    1.099492 ^ _13690_/CLK (sky130_fd_sc_hd__dfrtp_1)
     1    0.002364    0.071206    0.731045    1.830537 v _13690_/Q (sky130_fd_sc_hd__dfrtp_1)
                                                         net225 (net)
                      0.071206    0.000067    1.830604 v output225/A (sky130_fd_sc_hd__buf_2)
     1    0.033992    0.164802    0.344273    2.174877 v output225/X (sky130_fd_sc_hd__buf_2)
                                                         y3[5] (net)
                      0.164802    0.000618    2.175494 v y3[5] (out)
                                              2.175494   data arrival time

                                 15.000000   15.000000   clock clk (rise edge)
                                  0.000000   15.000000   clock network delay (propagated)
                                 -0.250000   14.750000   clock uncertainty
                                  0.000000   14.750000   clock reconvergence pessimism
                                 -3.000000   11.750000   output external delay
                                             11.750000   data required time
---------------------------------------------------------------------------------------------
                                             11.750000   data required time
                                             -2.175494   data arrival time
---------------------------------------------------------------------------------------------
                                              9.574506   slack (MET)


Startpoint: _13688_ (rising edge-triggered flip-flop clocked by clk)
Endpoint: y3[3] (output port clocked by clk)
Path Group: clk
Path Type: max

Fanout         Cap        Slew       Delay        Time   Description
---------------------------------------------------------------------------------------------
                                  0.000000    0.000000   clock clk (rise edge)
                                  0.000000    0.000000   clock source latency
     1    0.050594    0.363095    0.258083    0.258083 ^ clk (in)
                                                         clk (net)
                      0.363560    0.000000    0.258083 ^ clkbuf_0_clk/A (sky130_fd_sc_hd__clkbuf_16)
     8    0.161004    0.263137    0.506523    0.764606 ^ clkbuf_0_clk/X (sky130_fd_sc_hd__clkbuf_16)
                                                         clknet_0_clk (net)
                      0.263381    0.007241    0.771847 ^ clkbuf_3_3__f_clk/A (sky130_fd_sc_hd__clkbuf_16)
    10    0.032983    0.085233    0.326218    1.098065 ^ clkbuf_3_3__f_clk/X (sky130_fd_sc_hd__clkbuf_16)
                                                         clknet_3_3__leaf_clk (net)
                      0.085274    0.001716    1.099781 ^ _13688_/CLK (sky130_fd_sc_hd__dfrtp_1)
     1    0.002324    0.070926    0.730521    1.830301 v _13688_/Q (sky130_fd_sc_hd__dfrtp_1)
                                                         net223 (net)
                      0.070926    0.000066    1.830367 v output223/A (sky130_fd_sc_hd__buf_2)
     1    0.033991    0.164798    0.344140    2.174507 v output223/X (sky130_fd_sc_hd__buf_2)
                                                         y3[3] (net)
                      0.164798    0.000618    2.175125 v y3[3] (out)
                                              2.175125   data arrival time

                                 15.000000   15.000000   clock clk (rise edge)
                                  0.000000   15.000000   clock network delay (propagated)
                                 -0.250000   14.750000   clock uncertainty
                                  0.000000   14.750000   clock reconvergence pessimism
                                 -3.000000   11.750000   output external delay
                                             11.750000   data required time
---------------------------------------------------------------------------------------------
                                             11.750000   data required time
                                             -2.175125   data arrival time
---------------------------------------------------------------------------------------------
                                              9.574876   slack (MET)


Startpoint: _13691_ (rising edge-triggered flip-flop clocked by clk)
Endpoint: y3[6] (output port clocked by clk)
Path Group: clk
Path Type: max

Fanout         Cap        Slew       Delay        Time   Description
---------------------------------------------------------------------------------------------
                                  0.000000    0.000000   clock clk (rise edge)
                                  0.000000    0.000000   clock source latency
     1    0.050594    0.363095    0.258083    0.258083 ^ clk (in)
                                                         clk (net)
                      0.363560    0.000000    0.258083 ^ clkbuf_0_clk/A (sky130_fd_sc_hd__clkbuf_16)
     8    0.161004    0.263137    0.506523    0.764606 ^ clkbuf_0_clk/X (sky130_fd_sc_hd__clkbuf_16)
                                                         clknet_0_clk (net)
                      0.263381    0.007241    0.771847 ^ clkbuf_3_3__f_clk/A (sky130_fd_sc_hd__clkbuf_16)
    10    0.032983    0.085233    0.326218    1.098065 ^ clkbuf_3_3__f_clk/X (sky130_fd_sc_hd__clkbuf_16)
                                                         clknet_3_3__leaf_clk (net)
                      0.085246    0.001106    1.099171 ^ _13691_/CLK (sky130_fd_sc_hd__dfrtp_1)
     1    0.002203    0.070111    0.728898    1.828069 v _13691_/Q (sky130_fd_sc_hd__dfrtp_1)
                                                         net226 (net)
                      0.070111    0.000064    1.828133 v output226/A (sky130_fd_sc_hd__buf_2)
     1    0.034016    0.164905    0.343840    2.171973 v output226/X (sky130_fd_sc_hd__buf_2)
                                                         y3[6] (net)
                      0.164905    0.000628    2.172601 v y3[6] (out)
                                              2.172601   data arrival time

                                 15.000000   15.000000   clock clk (rise edge)
                                  0.000000   15.000000   clock network delay (propagated)
                                 -0.250000   14.750000   clock uncertainty
                                  0.000000   14.750000   clock reconvergence pessimism
                                 -3.000000   11.750000   output external delay
                                             11.750000   data required time
---------------------------------------------------------------------------------------------
                                             11.750000   data required time
                                             -2.172601   data arrival time
---------------------------------------------------------------------------------------------
                                              9.577399   slack (MET)


Startpoint: _13634_ (rising edge-triggered flip-flop clocked by clk)
Endpoint: y0[0] (output port clocked by clk)
Path Group: clk
Path Type: max

Fanout         Cap        Slew       Delay        Time   Description
---------------------------------------------------------------------------------------------
                                  0.000000    0.000000   clock clk (rise edge)
                                  0.000000    0.000000   clock source latency
     1    0.050594    0.363095    0.258083    0.258083 ^ clk (in)
                                                         clk (net)
                      0.363560    0.000000    0.258083 ^ clkbuf_0_clk/A (sky130_fd_sc_hd__clkbuf_16)
     8    0.161004    0.263137    0.506523    0.764606 ^ clkbuf_0_clk/X (sky130_fd_sc_hd__clkbuf_16)
                                                         clknet_0_clk (net)
                      0.263391    0.007367    0.771972 ^ clkbuf_3_6__f_clk/A (sky130_fd_sc_hd__clkbuf_16)
    10    0.030774    0.082164    0.323242    1.095214 ^ clkbuf_3_6__f_clk/X (sky130_fd_sc_hd__clkbuf_16)
                                                         clknet_3_6__leaf_clk (net)
                      0.082188    0.001280    1.096495 ^ _13634_/CLK (sky130_fd_sc_hd__dfrtp_1)
     1    0.002326    0.070936    0.729129    1.825623 v _13634_/Q (sky130_fd_sc_hd__dfrtp_1)
                                                         net162 (net)
                      0.070936    0.000047    1.825670 v output162/A (sky130_fd_sc_hd__buf_2)
     1    0.034127    0.165336    0.344577    2.170247 v output162/X (sky130_fd_sc_hd__buf_2)
                                                         y0[0] (net)
                      0.165336    0.000621    2.170868 v y0[0] (out)
                                              2.170868   data arrival time

                                 15.000000   15.000000   clock clk (rise edge)
                                  0.000000   15.000000   clock network delay (propagated)
                                 -0.250000   14.750000   clock uncertainty
                                  0.000000   14.750000   clock reconvergence pessimism
                                 -3.000000   11.750000   output external delay
                                             11.750000   data required time
---------------------------------------------------------------------------------------------
                                             11.750000   data required time
                                             -2.170868   data arrival time
---------------------------------------------------------------------------------------------
                                              9.579132   slack (MET)


Startpoint: _13641_ (rising edge-triggered flip-flop clocked by clk)
Endpoint: y0[7] (output port clocked by clk)
Path Group: clk
Path Type: max

Fanout         Cap        Slew       Delay        Time   Description
---------------------------------------------------------------------------------------------
                                  0.000000    0.000000   clock clk (rise edge)
                                  0.000000    0.000000   clock source latency
     1    0.050594    0.363095    0.258083    0.258083 ^ clk (in)
                                                         clk (net)
                      0.363560    0.000000    0.258083 ^ clkbuf_0_clk/A (sky130_fd_sc_hd__clkbuf_16)
     8    0.161004    0.263137    0.506523    0.764606 ^ clkbuf_0_clk/X (sky130_fd_sc_hd__clkbuf_16)
                                                         clknet_0_clk (net)
                      0.263391    0.007367    0.771972 ^ clkbuf_3_6__f_clk/A (sky130_fd_sc_hd__clkbuf_16)
    10    0.030774    0.082164    0.323242    1.095214 ^ clkbuf_3_6__f_clk/X (sky130_fd_sc_hd__clkbuf_16)
                                                         clknet_3_6__leaf_clk (net)
                      0.082176    0.000977    1.096191 ^ _13641_/CLK (sky130_fd_sc_hd__dfrtp_1)
     1    0.002274    0.070579    0.728431    1.824622 v _13641_/Q (sky130_fd_sc_hd__dfrtp_1)
                                                         net176 (net)
                      0.070579    0.000046    1.824668 v output176/A (sky130_fd_sc_hd__buf_2)
     1    0.034143    0.165401    0.344465    2.169133 v output176/X (sky130_fd_sc_hd__buf_2)
                                                         y0[7] (net)
                      0.165401    0.000621    2.169755 v y0[7] (out)
                                              2.169755   data arrival time

                                 15.000000   15.000000   clock clk (rise edge)
                                  0.000000   15.000000   clock network delay (propagated)
                                 -0.250000   14.750000   clock uncertainty
                                  0.000000   14.750000   clock reconvergence pessimism
                                 -3.000000   11.750000   output external delay
                                             11.750000   data required time
---------------------------------------------------------------------------------------------
                                             11.750000   data required time
                                             -2.169755   data arrival time
---------------------------------------------------------------------------------------------
                                              9.580246   slack (MET)


Startpoint: _13636_ (rising edge-triggered flip-flop clocked by clk)
Endpoint: y0[2] (output port clocked by clk)
Path Group: clk
Path Type: max

Fanout         Cap        Slew       Delay        Time   Description
---------------------------------------------------------------------------------------------
                                  0.000000    0.000000   clock clk (rise edge)
                                  0.000000    0.000000   clock source latency
     1    0.050594    0.363095    0.258083    0.258083 ^ clk (in)
                                                         clk (net)
                      0.363560    0.000000    0.258083 ^ clkbuf_0_clk/A (sky130_fd_sc_hd__clkbuf_16)
     8    0.161004    0.263137    0.506523    0.764606 ^ clkbuf_0_clk/X (sky130_fd_sc_hd__clkbuf_16)
                                                         clknet_0_clk (net)
                      0.263391    0.007367    0.771972 ^ clkbuf_3_6__f_clk/A (sky130_fd_sc_hd__clkbuf_16)
    10    0.030774    0.082164    0.323242    1.095214 ^ clkbuf_3_6__f_clk/X (sky130_fd_sc_hd__clkbuf_16)
                                                         clknet_3_6__leaf_clk (net)
                      0.082190    0.001335    1.096550 ^ _13636_/CLK (sky130_fd_sc_hd__dfrtp_1)
     1    0.002137    0.069671    0.726607    1.823157 v _13636_/Q (sky130_fd_sc_hd__dfrtp_1)
                                                         net171 (net)
                      0.069671    0.000059    1.823216 v output171/A (sky130_fd_sc_hd__buf_2)
     1    0.034618    0.167317    0.345501    2.168717 v output171/X (sky130_fd_sc_hd__buf_2)
                                                         y0[2] (net)
                      0.167317    0.000721    2.169438 v y0[2] (out)
                                              2.169438   data arrival time

                                 15.000000   15.000000   clock clk (rise edge)
                                  0.000000   15.000000   clock network delay (propagated)
                                 -0.250000   14.750000   clock uncertainty
                                  0.000000   14.750000   clock reconvergence pessimism
                                 -3.000000   11.750000   output external delay
                                             11.750000   data required time
---------------------------------------------------------------------------------------------
                                             11.750000   data required time
                                             -2.169438   data arrival time
---------------------------------------------------------------------------------------------
                                              9.580563   slack (MET)


Startpoint: _13646_ (rising edge-triggered flip-flop clocked by clk)
Endpoint: y0[12] (output port clocked by clk)
Path Group: clk
Path Type: max

Fanout         Cap        Slew       Delay        Time   Description
---------------------------------------------------------------------------------------------
                                  0.000000    0.000000   clock clk (rise edge)
                                  0.000000    0.000000   clock source latency
     1    0.050594    0.363095    0.258083    0.258083 ^ clk (in)
                                                         clk (net)
                      0.363560    0.000000    0.258083 ^ clkbuf_0_clk/A (sky130_fd_sc_hd__clkbuf_16)
     8    0.161004    0.263137    0.506523    0.764606 ^ clkbuf_0_clk/X (sky130_fd_sc_hd__clkbuf_16)
                                                         clknet_0_clk (net)
                      0.263391    0.007367    0.771972 ^ clkbuf_3_6__f_clk/A (sky130_fd_sc_hd__clkbuf_16)
    10    0.030774    0.082164    0.323242    1.095214 ^ clkbuf_3_6__f_clk/X (sky130_fd_sc_hd__clkbuf_16)
                                                         clknet_3_6__leaf_clk (net)
                      0.082174    0.000899    1.096113 ^ _13646_/CLK (sky130_fd_sc_hd__dfrtp_1)
     1    0.002195    0.070046    0.727368    1.823481 v _13646_/Q (sky130_fd_sc_hd__dfrtp_1)
                                                         net165 (net)
                      0.070046    0.000063    1.823545 v output165/A (sky130_fd_sc_hd__buf_2)
     1    0.034191    0.165605    0.344352    2.167897 v output165/X (sky130_fd_sc_hd__buf_2)
                                                         y0[12] (net)
                      0.165606    0.000654    2.168551 v y0[12] (out)
                                              2.168551   data arrival time

                                 15.000000   15.000000   clock clk (rise edge)
                                  0.000000   15.000000   clock network delay (propagated)
                                 -0.250000   14.750000   clock uncertainty
                                  0.000000   14.750000   clock reconvergence pessimism
                                 -3.000000   11.750000   output external delay
                                             11.750000   data required time
---------------------------------------------------------------------------------------------
                                             11.750000   data required time
                                             -2.168551   data arrival time
---------------------------------------------------------------------------------------------
                                              9.581450   slack (MET)


Startpoint: _13697_ (rising edge-triggered flip-flop clocked by clk)
Endpoint: y3[12] (output port clocked by clk)
Path Group: clk
Path Type: max

Fanout         Cap        Slew       Delay        Time   Description
---------------------------------------------------------------------------------------------
                                  0.000000    0.000000   clock clk (rise edge)
                                  0.000000    0.000000   clock source latency
     1    0.050594    0.363095    0.258083    0.258083 ^ clk (in)
                                                         clk (net)
                      0.363560    0.000000    0.258083 ^ clkbuf_0_clk/A (sky130_fd_sc_hd__clkbuf_16)
     8    0.161004    0.263137    0.506523    0.764606 ^ clkbuf_0_clk/X (sky130_fd_sc_hd__clkbuf_16)
                                                         clknet_0_clk (net)
                      0.263381    0.007241    0.771847 ^ clkbuf_3_3__f_clk/A (sky130_fd_sc_hd__clkbuf_16)
    10    0.032983    0.085233    0.326218    1.098065 ^ clkbuf_3_3__f_clk/X (sky130_fd_sc_hd__clkbuf_16)
                                                         clknet_3_3__leaf_clk (net)
                      0.085244    0.001033    1.099097 ^ _13697_/CLK (sky130_fd_sc_hd__dfrtp_1)
     1    0.001830    0.067408    0.723935    1.823032 v _13697_/Q (sky130_fd_sc_hd__dfrtp_1)
                                                         net216 (net)
                      0.067408    0.000051    1.823083 v output216/A (sky130_fd_sc_hd__buf_2)
     1    0.034068    0.165124    0.342767    2.165850 v output216/X (sky130_fd_sc_hd__buf_2)
                                                         y3[12] (net)
                      0.165124    0.000630    2.166481 v y3[12] (out)
                                              2.166481   data arrival time

                                 15.000000   15.000000   clock clk (rise edge)
                                  0.000000   15.000000   clock network delay (propagated)
                                 -0.250000   14.750000   clock uncertainty
                                  0.000000   14.750000   clock reconvergence pessimism
                                 -3.000000   11.750000   output external delay
                                             11.750000   data required time
---------------------------------------------------------------------------------------------
                                             11.750000   data required time
                                             -2.166481   data arrival time
---------------------------------------------------------------------------------------------
                                              9.583520   slack (MET)


Startpoint: _13635_ (rising edge-triggered flip-flop clocked by clk)
Endpoint: y0[1] (output port clocked by clk)
Path Group: clk
Path Type: max

Fanout         Cap        Slew       Delay        Time   Description
---------------------------------------------------------------------------------------------
                                  0.000000    0.000000   clock clk (rise edge)
                                  0.000000    0.000000   clock source latency
     1    0.050594    0.363095    0.258083    0.258083 ^ clk (in)
                                                         clk (net)
                      0.363560    0.000000    0.258083 ^ clkbuf_0_clk/A (sky130_fd_sc_hd__clkbuf_16)
     8    0.161004    0.263137    0.506523    0.764606 ^ clkbuf_0_clk/X (sky130_fd_sc_hd__clkbuf_16)
                                                         clknet_0_clk (net)
                      0.263391    0.007367    0.771972 ^ clkbuf_3_6__f_clk/A (sky130_fd_sc_hd__clkbuf_16)
    10    0.030774    0.082164    0.323242    1.095214 ^ clkbuf_3_6__f_clk/X (sky130_fd_sc_hd__clkbuf_16)
                                                         clknet_3_6__leaf_clk (net)
                      0.082191    0.001348    1.096562 ^ _13635_/CLK (sky130_fd_sc_hd__dfrtp_1)
     1    0.002021    0.068950    0.725068    1.821630 v _13635_/Q (sky130_fd_sc_hd__dfrtp_1)
                                                         net170 (net)
                      0.068950    0.000056    1.821686 v output170/A (sky130_fd_sc_hd__buf_2)
     1    0.033964    0.164703    0.343149    2.164835 v output170/X (sky130_fd_sc_hd__buf_2)
                                                         y0[1] (net)
                      0.164703    0.000618    2.165453 v y0[1] (out)
                                              2.165453   data arrival time

                                 15.000000   15.000000   clock clk (rise edge)
                                  0.000000   15.000000   clock network delay (propagated)
                                 -0.250000   14.750000   clock uncertainty
                                  0.000000   14.750000   clock reconvergence pessimism
                                 -3.000000   11.750000   output external delay
                                             11.750000   data required time
---------------------------------------------------------------------------------------------
                                             11.750000   data required time
                                             -2.165453   data arrival time
---------------------------------------------------------------------------------------------
                                              9.584548   slack (MET)


Startpoint: _13640_ (rising edge-triggered flip-flop clocked by clk)
Endpoint: y0[6] (output port clocked by clk)
Path Group: clk
Path Type: max

Fanout         Cap        Slew       Delay        Time   Description
---------------------------------------------------------------------------------------------
                                  0.000000    0.000000   clock clk (rise edge)
                                  0.000000    0.000000   clock source latency
     1    0.050594    0.363095    0.258083    0.258083 ^ clk (in)
                                                         clk (net)
                      0.363560    0.000000    0.258083 ^ clkbuf_0_clk/A (sky130_fd_sc_hd__clkbuf_16)
     8    0.161004    0.263137    0.506523    0.764606 ^ clkbuf_0_clk/X (sky130_fd_sc_hd__clkbuf_16)
                                                         clknet_0_clk (net)
                      0.263391    0.007367    0.771972 ^ clkbuf_3_6__f_clk/A (sky130_fd_sc_hd__clkbuf_16)
    10    0.030774    0.082164    0.323242    1.095214 ^ clkbuf_3_6__f_clk/X (sky130_fd_sc_hd__clkbuf_16)
                                                         clknet_3_6__leaf_clk (net)
                      0.082179    0.001061    1.096275 ^ _13640_/CLK (sky130_fd_sc_hd__dfrtp_1)
     1    0.001863    0.067670    0.722960    1.819235 v _13640_/Q (sky130_fd_sc_hd__dfrtp_1)
                                                         net175 (net)
                      0.067670    0.000052    1.819287 v output175/A (sky130_fd_sc_hd__buf_2)
     1    0.034467    0.166733    0.344079    2.163366 v output175/X (sky130_fd_sc_hd__buf_2)
                                                         y0[6] (net)
                      0.166734    0.000749    2.164115 v y0[6] (out)
                                              2.164115   data arrival time

                                 15.000000   15.000000   clock clk (rise edge)
                                  0.000000   15.000000   clock network delay (propagated)
                                 -0.250000   14.750000   clock uncertainty
                                  0.000000   14.750000   clock reconvergence pessimism
                                 -3.000000   11.750000   output external delay
                                             11.750000   data required time
---------------------------------------------------------------------------------------------
                                             11.750000   data required time
                                             -2.164115   data arrival time
---------------------------------------------------------------------------------------------
                                              9.585885   slack (MET)


Startpoint: rst_n (input port clocked by clk)
Endpoint: _13670_ (recovery check against rising-edge clock clk)
Path Group: asynchronous
Path Type: max

Fanout         Cap        Slew       Delay        Time   Description
---------------------------------------------------------------------------------------------
                                  0.000000    0.000000   clock clk (rise edge)
                                  0.000000    0.000000   clock network delay (propagated)
                                  3.000000    3.000000 ^ input external delay
     1    0.002658    0.031314    0.015042    3.015042 ^ rst_n (in)
                                                         rst_n (net)
                      0.031314    0.000000    3.015042 ^ input1/A (sky130_fd_sc_hd__buf_2)
     2    0.044903    0.351668    0.379227    3.394269 ^ input1/X (sky130_fd_sc_hd__buf_2)
                                                         net1 (net)
                      0.351671    0.000961    3.395229 ^ fanout715/A (sky130_fd_sc_hd__buf_4)
     9    0.079311    0.352772    0.536990    3.932219 ^ fanout715/X (sky130_fd_sc_hd__buf_4)
                                                         net715 (net)
                      0.352896    0.006196    3.938415 ^ fanout714/A (sky130_fd_sc_hd__clkbuf_4)
     8    0.056412    0.276437    0.524902    4.463317 ^ fanout714/X (sky130_fd_sc_hd__clkbuf_4)
                                                         net714 (net)
                      0.276441    0.001789    4.465106 ^ fanout712/A (sky130_fd_sc_hd__clkbuf_4)
    10    0.052919    0.261648    0.481369    4.946475 ^ fanout712/X (sky130_fd_sc_hd__clkbuf_4)
                                                         net712 (net)
                      0.261742    0.004724    4.951199 ^ _13670_/RESET_B (sky130_fd_sc_hd__dfrtp_1)
                                              4.951199   data arrival time

                                 15.000000   15.000000   clock clk (rise edge)
                                  0.000000   15.000000   clock source latency
     1    0.050594    0.363095    0.258083   15.258083 ^ clk (in)
                                                         clk (net)
                      0.363560    0.000000   15.258083 ^ clkbuf_0_clk/A (sky130_fd_sc_hd__clkbuf_16)
     8    0.161004    0.263137    0.506523   15.764606 ^ clkbuf_0_clk/X (sky130_fd_sc_hd__clkbuf_16)
                                                         clknet_0_clk (net)
                      0.263474    0.008367   15.772973 ^ clkbuf_3_2__f_clk/A (sky130_fd_sc_hd__clkbuf_16)
    10    0.038118    0.092712    0.332619   16.105593 ^ clkbuf_3_2__f_clk/X (sky130_fd_sc_hd__clkbuf_16)
                                                         clknet_3_2__leaf_clk (net)
                      0.092768    0.002187   16.107779 ^ _13670_/CLK (sky130_fd_sc_hd__dfrtp_1)
                                 -0.250000   15.857780   clock uncertainty
                                  0.000000   15.857780   clock reconvergence pessimism
                                  0.399242   16.257021   library recovery time
                                             16.257021   data required time
---------------------------------------------------------------------------------------------
                                             16.257021   data required time
                                             -4.951199   data arrival time
---------------------------------------------------------------------------------------------
                                             11.305822   slack (MET)


Startpoint: rst_n (input port clocked by clk)
Endpoint: _13672_ (recovery check against rising-edge clock clk)
Path Group: asynchronous
Path Type: max

Fanout         Cap        Slew       Delay        Time   Description
---------------------------------------------------------------------------------------------
                                  0.000000    0.000000   clock clk (rise edge)
                                  0.000000    0.000000   clock network delay (propagated)
                                  3.000000    3.000000 ^ input external delay
     1    0.002658    0.031314    0.015042    3.015042 ^ rst_n (in)
                                                         rst_n (net)
                      0.031314    0.000000    3.015042 ^ input1/A (sky130_fd_sc_hd__buf_2)
     2    0.044903    0.351668    0.379227    3.394269 ^ input1/X (sky130_fd_sc_hd__buf_2)
                                                         net1 (net)
                      0.351671    0.000961    3.395229 ^ fanout715/A (sky130_fd_sc_hd__buf_4)
     9    0.079311    0.352772    0.536990    3.932219 ^ fanout715/X (sky130_fd_sc_hd__buf_4)
                                                         net715 (net)
                      0.352896    0.006196    3.938415 ^ fanout714/A (sky130_fd_sc_hd__clkbuf_4)
     8    0.056412    0.276437    0.524902    4.463317 ^ fanout714/X (sky130_fd_sc_hd__clkbuf_4)
                                                         net714 (net)
                      0.276441    0.001789    4.465106 ^ fanout712/A (sky130_fd_sc_hd__clkbuf_4)
    10    0.052919    0.261648    0.481369    4.946475 ^ fanout712/X (sky130_fd_sc_hd__clkbuf_4)
                                                         net712 (net)
                      0.261720    0.004229    4.950704 ^ _13672_/RESET_B (sky130_fd_sc_hd__dfrtp_1)
                                              4.950704   data arrival time

                                 15.000000   15.000000   clock clk (rise edge)
                                  0.000000   15.000000   clock source latency
     1    0.050594    0.363095    0.258083   15.258083 ^ clk (in)
                                                         clk (net)
                      0.363560    0.000000   15.258083 ^ clkbuf_0_clk/A (sky130_fd_sc_hd__clkbuf_16)
     8    0.161004    0.263137    0.506523   15.764606 ^ clkbuf_0_clk/X (sky130_fd_sc_hd__clkbuf_16)
                                                         clknet_0_clk (net)
                      0.263474    0.008367   15.772973 ^ clkbuf_3_2__f_clk/A (sky130_fd_sc_hd__clkbuf_16)
    10    0.038118    0.092712    0.332619   16.105593 ^ clkbuf_3_2__f_clk/X (sky130_fd_sc_hd__clkbuf_16)
                                                         clknet_3_2__leaf_clk (net)
                      0.092782    0.002395   16.107986 ^ _13672_/CLK (sky130_fd_sc_hd__dfrtp_1)
                                 -0.250000   15.857987   clock uncertainty
                                  0.000000   15.857987   clock reconvergence pessimism
                                  0.399255   16.257242   library recovery time
                                             16.257242   data required time
---------------------------------------------------------------------------------------------
                                             16.257242   data required time
                                             -4.950704   data arrival time
---------------------------------------------------------------------------------------------
                                             11.306540   slack (MET)


Startpoint: rst_n (input port clocked by clk)
Endpoint: _13673_ (recovery check against rising-edge clock clk)
Path Group: asynchronous
Path Type: max

Fanout         Cap        Slew       Delay        Time   Description
---------------------------------------------------------------------------------------------
                                  0.000000    0.000000   clock clk (rise edge)
                                  0.000000    0.000000   clock network delay (propagated)
                                  3.000000    3.000000 ^ input external delay
     1    0.002658    0.031314    0.015042    3.015042 ^ rst_n (in)
                                                         rst_n (net)
                      0.031314    0.000000    3.015042 ^ input1/A (sky130_fd_sc_hd__buf_2)
     2    0.044903    0.351668    0.379227    3.394269 ^ input1/X (sky130_fd_sc_hd__buf_2)
                                                         net1 (net)
                      0.351671    0.000961    3.395229 ^ fanout715/A (sky130_fd_sc_hd__buf_4)
     9    0.079311    0.352772    0.536990    3.932219 ^ fanout715/X (sky130_fd_sc_hd__buf_4)
                                                         net715 (net)
                      0.352896    0.006196    3.938415 ^ fanout714/A (sky130_fd_sc_hd__clkbuf_4)
     8    0.056412    0.276437    0.524902    4.463317 ^ fanout714/X (sky130_fd_sc_hd__clkbuf_4)
                                                         net714 (net)
                      0.276441    0.001789    4.465106 ^ fanout712/A (sky130_fd_sc_hd__clkbuf_4)
    10    0.052919    0.261648    0.481369    4.946475 ^ fanout712/X (sky130_fd_sc_hd__clkbuf_4)
                                                         net712 (net)
                      0.261715    0.004118    4.950593 ^ _13673_/RESET_B (sky130_fd_sc_hd__dfrtp_1)
                                              4.950593   data arrival time

                                 15.000000   15.000000   clock clk (rise edge)
                                  0.000000   15.000000   clock source latency
     1    0.050594    0.363095    0.258083   15.258083 ^ clk (in)
                                                         clk (net)
                      0.363560    0.000000   15.258083 ^ clkbuf_0_clk/A (sky130_fd_sc_hd__clkbuf_16)
     8    0.161004    0.263137    0.506523   15.764606 ^ clkbuf_0_clk/X (sky130_fd_sc_hd__clkbuf_16)
                                                         clknet_0_clk (net)
                      0.263474    0.008367   15.772973 ^ clkbuf_3_2__f_clk/A (sky130_fd_sc_hd__clkbuf_16)
    10    0.038118    0.092712    0.332619   16.105593 ^ clkbuf_3_2__f_clk/X (sky130_fd_sc_hd__clkbuf_16)
                                                         clknet_3_2__leaf_clk (net)
                      0.092797    0.002597   16.108189 ^ _13673_/CLK (sky130_fd_sc_hd__dfrtp_1)
                                 -0.250000   15.858190   clock uncertainty
                                  0.000000   15.858190   clock reconvergence pessimism
                                  0.399262   16.257450   library recovery time
                                             16.257450   data required time
---------------------------------------------------------------------------------------------
                                             16.257450   data required time
                                             -4.950593   data arrival time
---------------------------------------------------------------------------------------------
                                             11.306858   slack (MET)


Startpoint: rst_n (input port clocked by clk)
Endpoint: _13674_ (recovery check against rising-edge clock clk)
Path Group: asynchronous
Path Type: max

Fanout         Cap        Slew       Delay        Time   Description
---------------------------------------------------------------------------------------------
                                  0.000000    0.000000   clock clk (rise edge)
                                  0.000000    0.000000   clock network delay (propagated)
                                  3.000000    3.000000 ^ input external delay
     1    0.002658    0.031314    0.015042    3.015042 ^ rst_n (in)
                                                         rst_n (net)
                      0.031314    0.000000    3.015042 ^ input1/A (sky130_fd_sc_hd__buf_2)
     2    0.044903    0.351668    0.379227    3.394269 ^ input1/X (sky130_fd_sc_hd__buf_2)
                                                         net1 (net)
                      0.351671    0.000961    3.395229 ^ fanout715/A (sky130_fd_sc_hd__buf_4)
     9    0.079311    0.352772    0.536990    3.932219 ^ fanout715/X (sky130_fd_sc_hd__buf_4)
                                                         net715 (net)
                      0.352896    0.006196    3.938415 ^ fanout714/A (sky130_fd_sc_hd__clkbuf_4)
     8    0.056412    0.276437    0.524902    4.463317 ^ fanout714/X (sky130_fd_sc_hd__clkbuf_4)
                                                         net714 (net)
                      0.276441    0.001789    4.465106 ^ fanout712/A (sky130_fd_sc_hd__clkbuf_4)
    10    0.052919    0.261648    0.481369    4.946475 ^ fanout712/X (sky130_fd_sc_hd__clkbuf_4)
                                                         net712 (net)
                      0.261689    0.003387    4.949862 ^ _13674_/RESET_B (sky130_fd_sc_hd__dfrtp_1)
                                              4.949862   data arrival time

                                 15.000000   15.000000   clock clk (rise edge)
                                  0.000000   15.000000   clock source latency
     1    0.050594    0.363095    0.258083   15.258083 ^ clk (in)
                                                         clk (net)
                      0.363560    0.000000   15.258083 ^ clkbuf_0_clk/A (sky130_fd_sc_hd__clkbuf_16)
     8    0.161004    0.263137    0.506523   15.764606 ^ clkbuf_0_clk/X (sky130_fd_sc_hd__clkbuf_16)
                                                         clknet_0_clk (net)
                      0.263474    0.008367   15.772973 ^ clkbuf_3_2__f_clk/A (sky130_fd_sc_hd__clkbuf_16)
    10    0.038118    0.092712    0.332619   16.105593 ^ clkbuf_3_2__f_clk/X (sky130_fd_sc_hd__clkbuf_16)
                                                         clknet_3_2__leaf_clk (net)
                      0.092830    0.002988   16.108580 ^ _13674_/CLK (sky130_fd_sc_hd__dfrtp_1)
                                 -0.250000   15.858581   clock uncertainty
                                  0.000000   15.858581   clock reconvergence pessimism
                                  0.399283   16.257864   library recovery time
                                             16.257864   data required time
---------------------------------------------------------------------------------------------
                                             16.257864   data required time
                                             -4.949862   data arrival time
---------------------------------------------------------------------------------------------
                                             11.308002   slack (MET)


Startpoint: rst_n (input port clocked by clk)
Endpoint: _13675_ (recovery check against rising-edge clock clk)
Path Group: asynchronous
Path Type: max

Fanout         Cap        Slew       Delay        Time   Description
---------------------------------------------------------------------------------------------
                                  0.000000    0.000000   clock clk (rise edge)
                                  0.000000    0.000000   clock network delay (propagated)
                                  3.000000    3.000000 ^ input external delay
     1    0.002658    0.031314    0.015042    3.015042 ^ rst_n (in)
                                                         rst_n (net)
                      0.031314    0.000000    3.015042 ^ input1/A (sky130_fd_sc_hd__buf_2)
     2    0.044903    0.351668    0.379227    3.394269 ^ input1/X (sky130_fd_sc_hd__buf_2)
                                                         net1 (net)
                      0.351671    0.000961    3.395229 ^ fanout715/A (sky130_fd_sc_hd__buf_4)
     9    0.079311    0.352772    0.536990    3.932219 ^ fanout715/X (sky130_fd_sc_hd__buf_4)
                                                         net715 (net)
                      0.352896    0.006196    3.938415 ^ fanout714/A (sky130_fd_sc_hd__clkbuf_4)
     8    0.056412    0.276437    0.524902    4.463317 ^ fanout714/X (sky130_fd_sc_hd__clkbuf_4)
                                                         net714 (net)
                      0.276441    0.001789    4.465106 ^ fanout712/A (sky130_fd_sc_hd__clkbuf_4)
    10    0.052919    0.261648    0.481369    4.946475 ^ fanout712/X (sky130_fd_sc_hd__clkbuf_4)
                                                         net712 (net)
                      0.261667    0.002518    4.948993 ^ _13675_/RESET_B (sky130_fd_sc_hd__dfrtp_1)
                                              4.948993   data arrival time

                                 15.000000   15.000000   clock clk (rise edge)
                                  0.000000   15.000000   clock source latency
     1    0.050594    0.363095    0.258083   15.258083 ^ clk (in)
                                                         clk (net)
                      0.363560    0.000000   15.258083 ^ clkbuf_0_clk/A (sky130_fd_sc_hd__clkbuf_16)
     8    0.161004    0.263137    0.506523   15.764606 ^ clkbuf_0_clk/X (sky130_fd_sc_hd__clkbuf_16)
                                                         clknet_0_clk (net)
                      0.263474    0.008367   15.772973 ^ clkbuf_3_2__f_clk/A (sky130_fd_sc_hd__clkbuf_16)
    10    0.038118    0.092712    0.332619   16.105593 ^ clkbuf_3_2__f_clk/X (sky130_fd_sc_hd__clkbuf_16)
                                                         clknet_3_2__leaf_clk (net)
                      0.092886    0.003533   16.109125 ^ _13675_/CLK (sky130_fd_sc_hd__dfrtp_1)
                                 -0.250000   15.859126   clock uncertainty
                                  0.000000   15.859126   clock reconvergence pessimism
                                  0.399310   16.258436   library recovery time
                                             16.258436   data required time
---------------------------------------------------------------------------------------------
                                             16.258436   data required time
                                             -4.948993   data arrival time
---------------------------------------------------------------------------------------------
                                             11.309444   slack (MET)


Startpoint: rst_n (input port clocked by clk)
Endpoint: _13676_ (recovery check against rising-edge clock clk)
Path Group: asynchronous
Path Type: max

Fanout         Cap        Slew       Delay        Time   Description
---------------------------------------------------------------------------------------------
                                  0.000000    0.000000   clock clk (rise edge)
                                  0.000000    0.000000   clock network delay (propagated)
                                  3.000000    3.000000 ^ input external delay
     1    0.002658    0.031314    0.015042    3.015042 ^ rst_n (in)
                                                         rst_n (net)
                      0.031314    0.000000    3.015042 ^ input1/A (sky130_fd_sc_hd__buf_2)
     2    0.044903    0.351668    0.379227    3.394269 ^ input1/X (sky130_fd_sc_hd__buf_2)
                                                         net1 (net)
                      0.351671    0.000961    3.395229 ^ fanout715/A (sky130_fd_sc_hd__buf_4)
     9    0.079311    0.352772    0.536990    3.932219 ^ fanout715/X (sky130_fd_sc_hd__buf_4)
                                                         net715 (net)
                      0.352896    0.006196    3.938415 ^ fanout714/A (sky130_fd_sc_hd__clkbuf_4)
     8    0.056412    0.276437    0.524902    4.463317 ^ fanout714/X (sky130_fd_sc_hd__clkbuf_4)
                                                         net714 (net)
                      0.276441    0.001789    4.465106 ^ fanout712/A (sky130_fd_sc_hd__clkbuf_4)
    10    0.052919    0.261648    0.481369    4.946475 ^ fanout712/X (sky130_fd_sc_hd__clkbuf_4)
                                                         net712 (net)
                      0.261652    0.001638    4.948113 ^ _13676_/RESET_B (sky130_fd_sc_hd__dfrtp_1)
                                              4.948113   data arrival time

                                 15.000000   15.000000   clock clk (rise edge)
                                  0.000000   15.000000   clock source latency
     1    0.050594    0.363095    0.258083   15.258083 ^ clk (in)
                                                         clk (net)
                      0.363560    0.000000   15.258083 ^ clkbuf_0_clk/A (sky130_fd_sc_hd__clkbuf_16)
     8    0.161004    0.263137    0.506523   15.764606 ^ clkbuf_0_clk/X (sky130_fd_sc_hd__clkbuf_16)
                                                         clknet_0_clk (net)
                      0.263474    0.008367   15.772973 ^ clkbuf_3_2__f_clk/A (sky130_fd_sc_hd__clkbuf_16)
    10    0.038118    0.092712    0.332619   16.105593 ^ clkbuf_3_2__f_clk/X (sky130_fd_sc_hd__clkbuf_16)
                                                         clknet_3_2__leaf_clk (net)
                      0.092923    0.003840   16.109432 ^ _13676_/CLK (sky130_fd_sc_hd__dfrtp_1)
                                 -0.250000   15.859433   clock uncertainty
                                  0.000000   15.859433   clock reconvergence pessimism
                                  0.399328   16.258762   library recovery time
                                             16.258762   data required time
---------------------------------------------------------------------------------------------
                                             16.258762   data required time
                                             -4.948113   data arrival time
---------------------------------------------------------------------------------------------
                                             11.310649   slack (MET)


Startpoint: rst_n (input port clocked by clk)
Endpoint: _13677_ (recovery check against rising-edge clock clk)
Path Group: asynchronous
Path Type: max

Fanout         Cap        Slew       Delay        Time   Description
---------------------------------------------------------------------------------------------
                                  0.000000    0.000000   clock clk (rise edge)
                                  0.000000    0.000000   clock network delay (propagated)
                                  3.000000    3.000000 ^ input external delay
     1    0.002658    0.031314    0.015042    3.015042 ^ rst_n (in)
                                                         rst_n (net)
                      0.031314    0.000000    3.015042 ^ input1/A (sky130_fd_sc_hd__buf_2)
     2    0.044903    0.351668    0.379227    3.394269 ^ input1/X (sky130_fd_sc_hd__buf_2)
                                                         net1 (net)
                      0.351671    0.000961    3.395229 ^ fanout715/A (sky130_fd_sc_hd__buf_4)
     9    0.079311    0.352772    0.536990    3.932219 ^ fanout715/X (sky130_fd_sc_hd__buf_4)
                                                         net715 (net)
                      0.352896    0.006196    3.938415 ^ fanout714/A (sky130_fd_sc_hd__clkbuf_4)
     8    0.056412    0.276437    0.524902    4.463317 ^ fanout714/X (sky130_fd_sc_hd__clkbuf_4)
                                                         net714 (net)
                      0.276441    0.001789    4.465106 ^ fanout712/A (sky130_fd_sc_hd__clkbuf_4)
    10    0.052919    0.261648    0.481369    4.946475 ^ fanout712/X (sky130_fd_sc_hd__clkbuf_4)
                                                         net712 (net)
                      0.261648    0.000936    4.947411 ^ _13677_/RESET_B (sky130_fd_sc_hd__dfrtp_1)
                                              4.947411   data arrival time

                                 15.000000   15.000000   clock clk (rise edge)
                                  0.000000   15.000000   clock source latency
     1    0.050594    0.363095    0.258083   15.258083 ^ clk (in)
                                                         clk (net)
                      0.363560    0.000000   15.258083 ^ clkbuf_0_clk/A (sky130_fd_sc_hd__clkbuf_16)
     8    0.161004    0.263137    0.506523   15.764606 ^ clkbuf_0_clk/X (sky130_fd_sc_hd__clkbuf_16)
                                                         clknet_0_clk (net)
                      0.263474    0.008367   15.772973 ^ clkbuf_3_2__f_clk/A (sky130_fd_sc_hd__clkbuf_16)
    10    0.038118    0.092712    0.332619   16.105593 ^ clkbuf_3_2__f_clk/X (sky130_fd_sc_hd__clkbuf_16)
                                                         clknet_3_2__leaf_clk (net)
                      0.092940    0.003979   16.109571 ^ _13677_/CLK (sky130_fd_sc_hd__dfrtp_1)
                                 -0.250000   15.859571   clock uncertainty
                                  0.000000   15.859571   clock reconvergence pessimism
                                  0.399335   16.258907   library recovery time
                                             16.258907   data required time
---------------------------------------------------------------------------------------------
                                             16.258907   data required time
                                             -4.947411   data arrival time
---------------------------------------------------------------------------------------------
                                             11.311496   slack (MET)


Startpoint: rst_n (input port clocked by clk)
Endpoint: _13680_ (recovery check against rising-edge clock clk)
Path Group: asynchronous
Path Type: max

Fanout         Cap        Slew       Delay        Time   Description
---------------------------------------------------------------------------------------------
                                  0.000000    0.000000   clock clk (rise edge)
                                  0.000000    0.000000   clock network delay (propagated)
                                  3.000000    3.000000 ^ input external delay
     1    0.002658    0.031314    0.015042    3.015042 ^ rst_n (in)
                                                         rst_n (net)
                      0.031314    0.000000    3.015042 ^ input1/A (sky130_fd_sc_hd__buf_2)
     2    0.044903    0.351668    0.379227    3.394269 ^ input1/X (sky130_fd_sc_hd__buf_2)
                                                         net1 (net)
                      0.351671    0.000961    3.395229 ^ fanout715/A (sky130_fd_sc_hd__buf_4)
     9    0.079311    0.352772    0.536990    3.932219 ^ fanout715/X (sky130_fd_sc_hd__buf_4)
                                                         net715 (net)
                      0.352896    0.006196    3.938415 ^ fanout714/A (sky130_fd_sc_hd__clkbuf_4)
     8    0.056412    0.276437    0.524902    4.463317 ^ fanout714/X (sky130_fd_sc_hd__clkbuf_4)
                                                         net714 (net)
                      0.276441    0.001789    4.465106 ^ fanout712/A (sky130_fd_sc_hd__clkbuf_4)
    10    0.052919    0.261648    0.481369    4.946475 ^ fanout712/X (sky130_fd_sc_hd__clkbuf_4)
                                                         net712 (net)
                      0.261648    0.000539    4.947014 ^ _13680_/RESET_B (sky130_fd_sc_hd__dfrtp_1)
                                              4.947014   data arrival time

                                 15.000000   15.000000   clock clk (rise edge)
                                  0.000000   15.000000   clock source latency
     1    0.050594    0.363095    0.258083   15.258083 ^ clk (in)
                                                         clk (net)
                      0.363560    0.000000   15.258083 ^ clkbuf_0_clk/A (sky130_fd_sc_hd__clkbuf_16)
     8    0.161004    0.263137    0.506523   15.764606 ^ clkbuf_0_clk/X (sky130_fd_sc_hd__clkbuf_16)
                                                         clknet_0_clk (net)
                      0.263474    0.008367   15.772973 ^ clkbuf_3_2__f_clk/A (sky130_fd_sc_hd__clkbuf_16)
    10    0.038118    0.092712    0.332619   16.105593 ^ clkbuf_3_2__f_clk/X (sky130_fd_sc_hd__clkbuf_16)
                                                         clknet_3_2__leaf_clk (net)
                      0.092950    0.004055   16.109648 ^ _13680_/CLK (sky130_fd_sc_hd__dfrtp_1)
                                 -0.250000   15.859649   clock uncertainty
                                  0.000000   15.859649   clock reconvergence pessimism
                                  0.399338   16.258987   library recovery time
                                             16.258987   data required time
---------------------------------------------------------------------------------------------
                                             16.258987   data required time
                                             -4.947014   data arrival time
---------------------------------------------------------------------------------------------
                                             11.311974   slack (MET)


Startpoint: rst_n (input port clocked by clk)
Endpoint: _13692_ (recovery check against rising-edge clock clk)
Path Group: asynchronous
Path Type: max

Fanout         Cap        Slew       Delay        Time   Description
---------------------------------------------------------------------------------------------
                                  0.000000    0.000000   clock clk (rise edge)
                                  0.000000    0.000000   clock network delay (propagated)
                                  3.000000    3.000000 ^ input external delay
     1    0.002658    0.031314    0.015042    3.015042 ^ rst_n (in)
                                                         rst_n (net)
                      0.031314    0.000000    3.015042 ^ input1/A (sky130_fd_sc_hd__buf_2)
     2    0.044903    0.351668    0.379227    3.394269 ^ input1/X (sky130_fd_sc_hd__buf_2)
                                                         net1 (net)
                      0.351671    0.000961    3.395229 ^ fanout715/A (sky130_fd_sc_hd__buf_4)
     9    0.079311    0.352772    0.536990    3.932219 ^ fanout715/X (sky130_fd_sc_hd__buf_4)
                                                         net715 (net)
                      0.352896    0.006196    3.938415 ^ fanout714/A (sky130_fd_sc_hd__clkbuf_4)
     8    0.056412    0.276437    0.524902    4.463317 ^ fanout714/X (sky130_fd_sc_hd__clkbuf_4)
                                                         net714 (net)
                      0.276865    0.007515    4.470832 ^ fanout713/A (sky130_fd_sc_hd__clkbuf_4)
    10    0.046274    0.232393    0.461192    4.932024 ^ fanout713/X (sky130_fd_sc_hd__clkbuf_4)
                                                         net713 (net)
                      0.232400    0.001635    4.933660 ^ _13692_/RESET_B (sky130_fd_sc_hd__dfrtp_1)
                                              4.933660   data arrival time

                                 15.000000   15.000000   clock clk (rise edge)
                                  0.000000   15.000000   clock source latency
     1    0.050594    0.363095    0.258083   15.258083 ^ clk (in)
                                                         clk (net)
                      0.363560    0.000000   15.258083 ^ clkbuf_0_clk/A (sky130_fd_sc_hd__clkbuf_16)
     8    0.161004    0.263137    0.506523   15.764606 ^ clkbuf_0_clk/X (sky130_fd_sc_hd__clkbuf_16)
                                                         clknet_0_clk (net)
                      0.263381    0.007240   15.771847 ^ clkbuf_3_3__f_clk/A (sky130_fd_sc_hd__clkbuf_16)
    10    0.032983    0.085233    0.326217   16.098064 ^ clkbuf_3_3__f_clk/X (sky130_fd_sc_hd__clkbuf_16)
                                                         clknet_3_3__leaf_clk (net)
                      0.085240    0.000892   16.098955 ^ _13692_/CLK (sky130_fd_sc_hd__dfrtp_1)
                                 -0.250000   15.848956   clock uncertainty
                                  0.000000   15.848956   clock reconvergence pessimism
                                  0.407558   16.256516   library recovery time
                                             16.256516   data required time
---------------------------------------------------------------------------------------------
                                             16.256516   data required time
                                             -4.933660   data arrival time
---------------------------------------------------------------------------------------------
                                             11.322856   slack (MET)


Startpoint: rst_n (input port clocked by clk)
Endpoint: _13685_ (recovery check against rising-edge clock clk)
Path Group: asynchronous
Path Type: max

Fanout         Cap        Slew       Delay        Time   Description
---------------------------------------------------------------------------------------------
                                  0.000000    0.000000   clock clk (rise edge)
                                  0.000000    0.000000   clock network delay (propagated)
                                  3.000000    3.000000 ^ input external delay
     1    0.002658    0.031314    0.015042    3.015042 ^ rst_n (in)
                                                         rst_n (net)
                      0.031314    0.000000    3.015042 ^ input1/A (sky130_fd_sc_hd__buf_2)
     2    0.044903    0.351668    0.379227    3.394269 ^ input1/X (sky130_fd_sc_hd__buf_2)
                                                         net1 (net)
                      0.351671    0.000961    3.395229 ^ fanout715/A (sky130_fd_sc_hd__buf_4)
     9    0.079311    0.352772    0.536990    3.932219 ^ fanout715/X (sky130_fd_sc_hd__buf_4)
                                                         net715 (net)
                      0.352896    0.006196    3.938415 ^ fanout714/A (sky130_fd_sc_hd__clkbuf_4)
     8    0.056412    0.276437    0.524902    4.463317 ^ fanout714/X (sky130_fd_sc_hd__clkbuf_4)
                                                         net714 (net)
                      0.276865    0.007515    4.470832 ^ fanout713/A (sky130_fd_sc_hd__clkbuf_4)
    10    0.046274    0.232393    0.461192    4.932024 ^ fanout713/X (sky130_fd_sc_hd__clkbuf_4)
                                                         net713 (net)
                      0.232420    0.002604    4.934629 ^ _13685_/RESET_B (sky130_fd_sc_hd__dfrtp_1)
                                              4.934629   data arrival time

                                 15.000000   15.000000   clock clk (rise edge)
                                  0.000000   15.000000   clock source latency
     1    0.050594    0.363095    0.258083   15.258083 ^ clk (in)
                                                         clk (net)
                      0.363560    0.000000   15.258083 ^ clkbuf_0_clk/A (sky130_fd_sc_hd__clkbuf_16)
     8    0.161004    0.263137    0.506523   15.764606 ^ clkbuf_0_clk/X (sky130_fd_sc_hd__clkbuf_16)
                                                         clknet_0_clk (net)
                      0.263381    0.007240   15.771847 ^ clkbuf_3_3__f_clk/A (sky130_fd_sc_hd__clkbuf_16)
    10    0.032983    0.085233    0.326217   16.098064 ^ clkbuf_3_3__f_clk/X (sky130_fd_sc_hd__clkbuf_16)
                                                         clknet_3_3__leaf_clk (net)
                      0.085285    0.001897   16.099960 ^ _13685_/CLK (sky130_fd_sc_hd__dfrtp_1)
                                 -0.250000   15.849962   clock uncertainty
                                  0.000000   15.849962   clock reconvergence pessimism
                                  0.407566   16.257526   library recovery time
                                             16.257526   data required time
---------------------------------------------------------------------------------------------
                                             16.257526   data required time
                                             -4.934629   data arrival time
---------------------------------------------------------------------------------------------
                                             11.322899   slack (MET)


Startpoint: rst_n (input port clocked by clk)
Endpoint: _13686_ (recovery check against rising-edge clock clk)
Path Group: asynchronous
Path Type: max

Fanout         Cap        Slew       Delay        Time   Description
---------------------------------------------------------------------------------------------
                                  0.000000    0.000000   clock clk (rise edge)
                                  0.000000    0.000000   clock network delay (propagated)
                                  3.000000    3.000000 ^ input external delay
     1    0.002658    0.031314    0.015042    3.015042 ^ rst_n (in)
                                                         rst_n (net)
                      0.031314    0.000000    3.015042 ^ input1/A (sky130_fd_sc_hd__buf_2)
     2    0.044903    0.351668    0.379227    3.394269 ^ input1/X (sky130_fd_sc_hd__buf_2)
                                                         net1 (net)
                      0.351671    0.000961    3.395229 ^ fanout715/A (sky130_fd_sc_hd__buf_4)
     9    0.079311    0.352772    0.536990    3.932219 ^ fanout715/X (sky130_fd_sc_hd__buf_4)
                                                         net715 (net)
                      0.352896    0.006196    3.938415 ^ fanout714/A (sky130_fd_sc_hd__clkbuf_4)
     8    0.056412    0.276437    0.524902    4.463317 ^ fanout714/X (sky130_fd_sc_hd__clkbuf_4)
                                                         net714 (net)
                      0.276865    0.007515    4.470832 ^ fanout713/A (sky130_fd_sc_hd__clkbuf_4)
    10    0.046274    0.232393    0.461192    4.932024 ^ fanout713/X (sky130_fd_sc_hd__clkbuf_4)
                                                         net713 (net)
                      0.232419    0.002562    4.934587 ^ _13686_/RESET_B (sky130_fd_sc_hd__dfrtp_1)
                                              4.934587   data arrival time

                                 15.000000   15.000000   clock clk (rise edge)
                                  0.000000   15.000000   clock source latency
     1    0.050594    0.363095    0.258083   15.258083 ^ clk (in)
                                                         clk (net)
                      0.363560    0.000000   15.258083 ^ clkbuf_0_clk/A (sky130_fd_sc_hd__clkbuf_16)
     8    0.161004    0.263137    0.506523   15.764606 ^ clkbuf_0_clk/X (sky130_fd_sc_hd__clkbuf_16)
                                                         clknet_0_clk (net)
                      0.263381    0.007240   15.771847 ^ clkbuf_3_3__f_clk/A (sky130_fd_sc_hd__clkbuf_16)
    10    0.032983    0.085233    0.326217   16.098064 ^ clkbuf_3_3__f_clk/X (sky130_fd_sc_hd__clkbuf_16)
                                                         clknet_3_3__leaf_clk (net)
                      0.085283    0.001860   16.099924 ^ _13686_/CLK (sky130_fd_sc_hd__dfrtp_1)
                                 -0.250000   15.849924   clock uncertainty
                                  0.000000   15.849924   clock reconvergence pessimism
                                  0.407566   16.257490   library recovery time
                                             16.257490   data required time
---------------------------------------------------------------------------------------------
                                             16.257490   data required time
                                             -4.934587   data arrival time
---------------------------------------------------------------------------------------------
                                             11.322903   slack (MET)


Startpoint: rst_n (input port clocked by clk)
Endpoint: _13687_ (recovery check against rising-edge clock clk)
Path Group: asynchronous
Path Type: max

Fanout         Cap        Slew       Delay        Time   Description
---------------------------------------------------------------------------------------------
                                  0.000000    0.000000   clock clk (rise edge)
                                  0.000000    0.000000   clock network delay (propagated)
                                  3.000000    3.000000 ^ input external delay
     1    0.002658    0.031314    0.015042    3.015042 ^ rst_n (in)
                                                         rst_n (net)
                      0.031314    0.000000    3.015042 ^ input1/A (sky130_fd_sc_hd__buf_2)
     2    0.044903    0.351668    0.379227    3.394269 ^ input1/X (sky130_fd_sc_hd__buf_2)
                                                         net1 (net)
                      0.351671    0.000961    3.395229 ^ fanout715/A (sky130_fd_sc_hd__buf_4)
     9    0.079311    0.352772    0.536990    3.932219 ^ fanout715/X (sky130_fd_sc_hd__buf_4)
                                                         net715 (net)
                      0.352896    0.006196    3.938415 ^ fanout714/A (sky130_fd_sc_hd__clkbuf_4)
     8    0.056412    0.276437    0.524902    4.463317 ^ fanout714/X (sky130_fd_sc_hd__clkbuf_4)
                                                         net714 (net)
                      0.276865    0.007515    4.470832 ^ fanout713/A (sky130_fd_sc_hd__clkbuf_4)
    10    0.046274    0.232393    0.461192    4.932024 ^ fanout713/X (sky130_fd_sc_hd__clkbuf_4)
                                                         net713 (net)
                      0.232418    0.002550    4.934574 ^ _13687_/RESET_B (sky130_fd_sc_hd__dfrtp_1)
                                              4.934574   data arrival time

                                 15.000000   15.000000   clock clk (rise edge)
                                  0.000000   15.000000   clock source latency
     1    0.050594    0.363095    0.258083   15.258083 ^ clk (in)
                                                         clk (net)
                      0.363560    0.000000   15.258083 ^ clkbuf_0_clk/A (sky130_fd_sc_hd__clkbuf_16)
     8    0.161004    0.263137    0.506523   15.764606 ^ clkbuf_0_clk/X (sky130_fd_sc_hd__clkbuf_16)
                                                         clknet_0_clk (net)
                      0.263381    0.007240   15.771847 ^ clkbuf_3_3__f_clk/A (sky130_fd_sc_hd__clkbuf_16)
    10    0.032983    0.085233    0.326217   16.098064 ^ clkbuf_3_3__f_clk/X (sky130_fd_sc_hd__clkbuf_16)
                                                         clknet_3_3__leaf_clk (net)
                      0.085282    0.001855   16.099918 ^ _13687_/CLK (sky130_fd_sc_hd__dfrtp_1)
                                 -0.250000   15.849919   clock uncertainty
                                  0.000000   15.849919   clock reconvergence pessimism
                                  0.407566   16.257484   library recovery time
                                             16.257484   data required time
---------------------------------------------------------------------------------------------
                                             16.257484   data required time
                                             -4.934574   data arrival time
---------------------------------------------------------------------------------------------
                                             11.322911   slack (MET)


Startpoint: rst_n (input port clocked by clk)
Endpoint: _13688_ (recovery check against rising-edge clock clk)
Path Group: asynchronous
Path Type: max

Fanout         Cap        Slew       Delay        Time   Description
---------------------------------------------------------------------------------------------
                                  0.000000    0.000000   clock clk (rise edge)
                                  0.000000    0.000000   clock network delay (propagated)
                                  3.000000    3.000000 ^ input external delay
     1    0.002658    0.031314    0.015042    3.015042 ^ rst_n (in)
                                                         rst_n (net)
                      0.031314    0.000000    3.015042 ^ input1/A (sky130_fd_sc_hd__buf_2)
     2    0.044903    0.351668    0.379227    3.394269 ^ input1/X (sky130_fd_sc_hd__buf_2)
                                                         net1 (net)
                      0.351671    0.000961    3.395229 ^ fanout715/A (sky130_fd_sc_hd__buf_4)
     9    0.079311    0.352772    0.536990    3.932219 ^ fanout715/X (sky130_fd_sc_hd__buf_4)
                                                         net715 (net)
                      0.352896    0.006196    3.938415 ^ fanout714/A (sky130_fd_sc_hd__clkbuf_4)
     8    0.056412    0.276437    0.524902    4.463317 ^ fanout714/X (sky130_fd_sc_hd__clkbuf_4)
                                                         net714 (net)
                      0.276865    0.007515    4.470832 ^ fanout713/A (sky130_fd_sc_hd__clkbuf_4)
    10    0.046274    0.232393    0.461192    4.932024 ^ fanout713/X (sky130_fd_sc_hd__clkbuf_4)
                                                         net713 (net)
                      0.232414    0.002389    4.934413 ^ _13688_/RESET_B (sky130_fd_sc_hd__dfrtp_1)
                                              4.934413   data arrival time

                                 15.000000   15.000000   clock clk (rise edge)
                                  0.000000   15.000000   clock source latency
     1    0.050594    0.363095    0.258083   15.258083 ^ clk (in)
                                                         clk (net)
                      0.363560    0.000000   15.258083 ^ clkbuf_0_clk/A (sky130_fd_sc_hd__clkbuf_16)
     8    0.161004    0.263137    0.506523   15.764606 ^ clkbuf_0_clk/X (sky130_fd_sc_hd__clkbuf_16)
                                                         clknet_0_clk (net)
                      0.263381    0.007240   15.771847 ^ clkbuf_3_3__f_clk/A (sky130_fd_sc_hd__clkbuf_16)
    10    0.032983    0.085233    0.326217   16.098064 ^ clkbuf_3_3__f_clk/X (sky130_fd_sc_hd__clkbuf_16)
                                                         clknet_3_3__leaf_clk (net)
                      0.085274    0.001716   16.099779 ^ _13688_/CLK (sky130_fd_sc_hd__dfrtp_1)
                                 -0.250000   15.849781   clock uncertainty
                                  0.000000   15.849781   clock reconvergence pessimism
                                  0.407564   16.257345   library recovery time
                                             16.257345   data required time
---------------------------------------------------------------------------------------------
                                             16.257345   data required time
                                             -4.934413   data arrival time
---------------------------------------------------------------------------------------------
                                             11.322930   slack (MET)


Startpoint: rst_n (input port clocked by clk)
Endpoint: _13693_ (recovery check against rising-edge clock clk)
Path Group: asynchronous
Path Type: max

Fanout         Cap        Slew       Delay        Time   Description
---------------------------------------------------------------------------------------------
                                  0.000000    0.000000   clock clk (rise edge)
                                  0.000000    0.000000   clock network delay (propagated)
                                  3.000000    3.000000 ^ input external delay
     1    0.002658    0.031314    0.015042    3.015042 ^ rst_n (in)
                                                         rst_n (net)
                      0.031314    0.000000    3.015042 ^ input1/A (sky130_fd_sc_hd__buf_2)
     2    0.044903    0.351668    0.379227    3.394269 ^ input1/X (sky130_fd_sc_hd__buf_2)
                                                         net1 (net)
                      0.351671    0.000961    3.395229 ^ fanout715/A (sky130_fd_sc_hd__buf_4)
     9    0.079311    0.352772    0.536990    3.932219 ^ fanout715/X (sky130_fd_sc_hd__buf_4)
                                                         net715 (net)
                      0.352896    0.006196    3.938415 ^ fanout714/A (sky130_fd_sc_hd__clkbuf_4)
     8    0.056412    0.276437    0.524902    4.463317 ^ fanout714/X (sky130_fd_sc_hd__clkbuf_4)
                                                         net714 (net)
                      0.276865    0.007515    4.470832 ^ fanout713/A (sky130_fd_sc_hd__clkbuf_4)
    10    0.046274    0.232393    0.461192    4.932024 ^ fanout713/X (sky130_fd_sc_hd__clkbuf_4)
                                                         net713 (net)
                      0.232397    0.001431    4.933456 ^ _13693_/RESET_B (sky130_fd_sc_hd__dfrtp_1)
                                              4.933456   data arrival time

                                 15.000000   15.000000   clock clk (rise edge)
                                  0.000000   15.000000   clock source latency
     1    0.050594    0.363095    0.258083   15.258083 ^ clk (in)
                                                         clk (net)
                      0.363560    0.000000   15.258083 ^ clkbuf_0_clk/A (sky130_fd_sc_hd__clkbuf_16)
     8    0.161004    0.263137    0.506523   15.764606 ^ clkbuf_0_clk/X (sky130_fd_sc_hd__clkbuf_16)
                                                         clknet_0_clk (net)
                      0.263381    0.007240   15.771847 ^ clkbuf_3_3__f_clk/A (sky130_fd_sc_hd__clkbuf_16)
    10    0.032983    0.085233    0.326217   16.098064 ^ clkbuf_3_3__f_clk/X (sky130_fd_sc_hd__clkbuf_16)
                                                         clknet_3_3__leaf_clk (net)
                      0.085241    0.000933   16.098997 ^ _13693_/CLK (sky130_fd_sc_hd__dfrtp_1)
                                 -0.250000   15.848997   clock uncertainty
                                  0.000000   15.848997   clock reconvergence pessimism
                                  0.407559   16.256557   library recovery time
                                             16.256557   data required time
---------------------------------------------------------------------------------------------
                                             16.256557   data required time
                                             -4.933456   data arrival time
---------------------------------------------------------------------------------------------
                                             11.323101   slack (MET)


Startpoint: rst_n (input port clocked by clk)
Endpoint: _13697_ (recovery check against rising-edge clock clk)
Path Group: asynchronous
Path Type: max

Fanout         Cap        Slew       Delay        Time   Description
---------------------------------------------------------------------------------------------
                                  0.000000    0.000000   clock clk (rise edge)
                                  0.000000    0.000000   clock network delay (propagated)
                                  3.000000    3.000000 ^ input external delay
     1    0.002658    0.031314    0.015042    3.015042 ^ rst_n (in)
                                                         rst_n (net)
                      0.031314    0.000000    3.015042 ^ input1/A (sky130_fd_sc_hd__buf_2)
     2    0.044903    0.351668    0.379227    3.394269 ^ input1/X (sky130_fd_sc_hd__buf_2)
                                                         net1 (net)
                      0.351671    0.000961    3.395229 ^ fanout715/A (sky130_fd_sc_hd__buf_4)
     9    0.079311    0.352772    0.536990    3.932219 ^ fanout715/X (sky130_fd_sc_hd__buf_4)
                                                         net715 (net)
                      0.352896    0.006196    3.938415 ^ fanout714/A (sky130_fd_sc_hd__clkbuf_4)
     8    0.056412    0.276437    0.524902    4.463317 ^ fanout714/X (sky130_fd_sc_hd__clkbuf_4)
                                                         net714 (net)
                      0.276865    0.007515    4.470832 ^ fanout713/A (sky130_fd_sc_hd__clkbuf_4)
    10    0.046274    0.232393    0.461192    4.932024 ^ fanout713/X (sky130_fd_sc_hd__clkbuf_4)
                                                         net713 (net)
                      0.232393    0.000846    4.932870 ^ _13697_/RESET_B (sky130_fd_sc_hd__dfrtp_1)
                                              4.932870   data arrival time

                                 15.000000   15.000000   clock clk (rise edge)
                                  0.000000   15.000000   clock source latency
     1    0.050594    0.363095    0.258083   15.258083 ^ clk (in)
                                                         clk (net)
                      0.363560    0.000000   15.258083 ^ clkbuf_0_clk/A (sky130_fd_sc_hd__clkbuf_16)
     8    0.161004    0.263137    0.506523   15.764606 ^ clkbuf_0_clk/X (sky130_fd_sc_hd__clkbuf_16)
                                                         clknet_0_clk (net)
                      0.263381    0.007240   15.771847 ^ clkbuf_3_3__f_clk/A (sky130_fd_sc_hd__clkbuf_16)
    10    0.032983    0.085233    0.326217   16.098064 ^ clkbuf_3_3__f_clk/X (sky130_fd_sc_hd__clkbuf_16)
                                                         clknet_3_3__leaf_clk (net)
                      0.085244    0.001034   16.099098 ^ _13697_/CLK (sky130_fd_sc_hd__dfrtp_1)
                                 -0.250000   15.849098   clock uncertainty
                                  0.000000   15.849098   clock reconvergence pessimism
                                  0.407562   16.256660   library recovery time
                                             16.256660   data required time
---------------------------------------------------------------------------------------------
                                             16.256660   data required time
                                             -4.932870   data arrival time
---------------------------------------------------------------------------------------------
                                             11.323791   slack (MET)


Startpoint: rst_n (input port clocked by clk)
Endpoint: _13668_ (recovery check against rising-edge clock clk)
Path Group: asynchronous
Path Type: max

Fanout         Cap        Slew       Delay        Time   Description
---------------------------------------------------------------------------------------------
                                  0.000000    0.000000   clock clk (rise edge)
                                  0.000000    0.000000   clock network delay (propagated)
                                  3.000000    3.000000 ^ input external delay
     1    0.002658    0.031314    0.015042    3.015042 ^ rst_n (in)
                                                         rst_n (net)
                      0.031314    0.000000    3.015042 ^ input1/A (sky130_fd_sc_hd__buf_2)
     2    0.044903    0.351668    0.379227    3.394269 ^ input1/X (sky130_fd_sc_hd__buf_2)
                                                         net1 (net)
                      0.351671    0.000961    3.395229 ^ fanout715/A (sky130_fd_sc_hd__buf_4)
     9    0.079311    0.352772    0.536990    3.932219 ^ fanout715/X (sky130_fd_sc_hd__buf_4)
                                                         net715 (net)
                      0.352896    0.006196    3.938415 ^ fanout714/A (sky130_fd_sc_hd__clkbuf_4)
     8    0.056412    0.276437    0.524902    4.463317 ^ fanout714/X (sky130_fd_sc_hd__clkbuf_4)
                                                         net714 (net)
                      0.276441    0.001789    4.465106 ^ fanout712/A (sky130_fd_sc_hd__clkbuf_4)
    10    0.052919    0.261648    0.481369    4.946475 ^ fanout712/X (sky130_fd_sc_hd__clkbuf_4)
                                                         net712 (net)
                      0.261758    0.005064    4.951539 ^ _13668_/RESET_B (sky130_fd_sc_hd__dfrtp_1)
                                              4.951539   data arrival time

                                 15.000000   15.000000   clock clk (rise edge)
                                  0.000000   15.000000   clock source latency
     1    0.050594    0.363095    0.258083   15.258083 ^ clk (in)
                                                         clk (net)
                      0.363560    0.000000   15.258083 ^ clkbuf_0_clk/A (sky130_fd_sc_hd__clkbuf_16)
     8    0.161004    0.263137    0.506523   15.764606 ^ clkbuf_0_clk/X (sky130_fd_sc_hd__clkbuf_16)
                                                         clknet_0_clk (net)
                      0.263483    0.008461   15.773067 ^ clkbuf_3_1__f_clk/A (sky130_fd_sc_hd__clkbuf_16)
     7    0.049509    0.106975    0.347008   16.120075 ^ clkbuf_3_1__f_clk/X (sky130_fd_sc_hd__clkbuf_16)
                                                         clknet_3_1__leaf_clk (net)
                      0.107017    0.001924   16.121998 ^ _13668_/CLK (sky130_fd_sc_hd__dfrtp_1)
                                 -0.250000   15.872000   clock uncertainty
                                  0.000000   15.872000   clock reconvergence pessimism
                                  0.404049   16.276047   library recovery time
                                             16.276047   data required time
---------------------------------------------------------------------------------------------
                                             16.276047   data required time
                                             -4.951539   data arrival time
---------------------------------------------------------------------------------------------
                                             11.324509   slack (MET)


Startpoint: rst_n (input port clocked by clk)
Endpoint: _13669_ (recovery check against rising-edge clock clk)
Path Group: asynchronous
Path Type: max

Fanout         Cap        Slew       Delay        Time   Description
---------------------------------------------------------------------------------------------
                                  0.000000    0.000000   clock clk (rise edge)
                                  0.000000    0.000000   clock network delay (propagated)
                                  3.000000    3.000000 ^ input external delay
     1    0.002658    0.031314    0.015042    3.015042 ^ rst_n (in)
                                                         rst_n (net)
                      0.031314    0.000000    3.015042 ^ input1/A (sky130_fd_sc_hd__buf_2)
     2    0.044903    0.351668    0.379227    3.394269 ^ input1/X (sky130_fd_sc_hd__buf_2)
                                                         net1 (net)
                      0.351671    0.000961    3.395229 ^ fanout715/A (sky130_fd_sc_hd__buf_4)
     9    0.079311    0.352772    0.536990    3.932219 ^ fanout715/X (sky130_fd_sc_hd__buf_4)
                                                         net715 (net)
                      0.352896    0.006196    3.938415 ^ fanout714/A (sky130_fd_sc_hd__clkbuf_4)
     8    0.056412    0.276437    0.524902    4.463317 ^ fanout714/X (sky130_fd_sc_hd__clkbuf_4)
                                                         net714 (net)
                      0.276441    0.001789    4.465106 ^ fanout712/A (sky130_fd_sc_hd__clkbuf_4)
    10    0.052919    0.261648    0.481369    4.946475 ^ fanout712/X (sky130_fd_sc_hd__clkbuf_4)
                                                         net712 (net)
                      0.261756    0.005016    4.951491 ^ _13669_/RESET_B (sky130_fd_sc_hd__dfrtp_1)
                                              4.951491   data arrival time

                                 15.000000   15.000000   clock clk (rise edge)
                                  0.000000   15.000000   clock source latency
     1    0.050594    0.363095    0.258083   15.258083 ^ clk (in)
                                                         clk (net)
                      0.363560    0.000000   15.258083 ^ clkbuf_0_clk/A (sky130_fd_sc_hd__clkbuf_16)
     8    0.161004    0.263137    0.506523   15.764606 ^ clkbuf_0_clk/X (sky130_fd_sc_hd__clkbuf_16)
                                                         clknet_0_clk (net)
                      0.263483    0.008461   15.773067 ^ clkbuf_3_1__f_clk/A (sky130_fd_sc_hd__clkbuf_16)
     7    0.049509    0.106975    0.347008   16.120075 ^ clkbuf_3_1__f_clk/X (sky130_fd_sc_hd__clkbuf_16)
                                                         clknet_3_1__leaf_clk (net)
                      0.107021    0.001991   16.122066 ^ _13669_/CLK (sky130_fd_sc_hd__dfrtp_1)
                                 -0.250000   15.872066   clock uncertainty
                                  0.000000   15.872066   clock reconvergence pessimism
                                  0.404051   16.276117   library recovery time
                                             16.276117   data required time
---------------------------------------------------------------------------------------------
                                             16.276117   data required time
                                             -4.951491   data arrival time
---------------------------------------------------------------------------------------------
                                             11.324626   slack (MET)


Startpoint: rst_n (input port clocked by clk)
Endpoint: _13642_ (recovery check against rising-edge clock clk)
Path Group: asynchronous
Path Type: max

Fanout         Cap        Slew       Delay        Time   Description
---------------------------------------------------------------------------------------------
                                  0.000000    0.000000   clock clk (rise edge)
                                  0.000000    0.000000   clock network delay (propagated)
                                  3.000000    3.000000 ^ input external delay
     1    0.002658    0.031314    0.015042    3.015042 ^ rst_n (in)
                                                         rst_n (net)
                      0.031314    0.000000    3.015042 ^ input1/A (sky130_fd_sc_hd__buf_2)
     2    0.044903    0.351668    0.379227    3.394269 ^ input1/X (sky130_fd_sc_hd__buf_2)
                                                         net1 (net)
                      0.351872    0.007029    3.401298 ^ fanout719/A (sky130_fd_sc_hd__clkbuf_8)
     9    0.109995    0.301870    0.529434    3.930732 ^ fanout719/X (sky130_fd_sc_hd__clkbuf_8)
                                                         net719 (net)
                      0.302185    0.008723    3.939455 ^ fanout718/A (sky130_fd_sc_hd__clkbuf_4)
     8    0.062423    0.302393    0.520561    4.460016 ^ fanout718/X (sky130_fd_sc_hd__clkbuf_4)
                                                         net718 (net)
                      0.302393    0.000747    4.460763 ^ fanout716/A (sky130_fd_sc_hd__clkbuf_4)
    10    0.042376    0.215604    0.459888    4.920650 ^ fanout716/X (sky130_fd_sc_hd__clkbuf_4)
                                                         net716 (net)
                      0.215620    0.002017    4.922668 ^ _13642_/RESET_B (sky130_fd_sc_hd__dfrtp_1)
                                              4.922668   data arrival time

                                 15.000000   15.000000   clock clk (rise edge)
                                  0.000000   15.000000   clock source latency
     1    0.050594    0.363095    0.258083   15.258083 ^ clk (in)
                                                         clk (net)
                      0.363560    0.000000   15.258083 ^ clkbuf_0_clk/A (sky130_fd_sc_hd__clkbuf_16)
     8    0.161004    0.263137    0.506523   15.764606 ^ clkbuf_0_clk/X (sky130_fd_sc_hd__clkbuf_16)
                                                         clknet_0_clk (net)
                      0.263391    0.007367   15.771973 ^ clkbuf_3_6__f_clk/A (sky130_fd_sc_hd__clkbuf_16)
    10    0.030774    0.082164    0.323242   16.095215 ^ clkbuf_3_6__f_clk/X (sky130_fd_sc_hd__clkbuf_16)
                                                         clknet_3_6__leaf_clk (net)
                      0.082174    0.000899   16.096113 ^ _13642_/CLK (sky130_fd_sc_hd__dfrtp_1)
                                 -0.250000   15.846114   clock uncertainty
                                  0.000000   15.846114   clock reconvergence pessimism
                                  0.412736   16.258850   library recovery time
                                             16.258850   data required time
---------------------------------------------------------------------------------------------
                                             16.258850   data required time
                                             -4.922668   data arrival time
---------------------------------------------------------------------------------------------
                                             11.336184   slack (MET)


Startpoint: rst_n (input port clocked by clk)
Endpoint: _13641_ (recovery check against rising-edge clock clk)
Path Group: asynchronous
Path Type: max

Fanout         Cap        Slew       Delay        Time   Description
---------------------------------------------------------------------------------------------
                                  0.000000    0.000000   clock clk (rise edge)
                                  0.000000    0.000000   clock network delay (propagated)
                                  3.000000    3.000000 ^ input external delay
     1    0.002658    0.031314    0.015042    3.015042 ^ rst_n (in)
                                                         rst_n (net)
                      0.031314    0.000000    3.015042 ^ input1/A (sky130_fd_sc_hd__buf_2)
     2    0.044903    0.351668    0.379227    3.394269 ^ input1/X (sky130_fd_sc_hd__buf_2)
                                                         net1 (net)
                      0.351872    0.007029    3.401298 ^ fanout719/A (sky130_fd_sc_hd__clkbuf_8)
     9    0.109995    0.301870    0.529434    3.930732 ^ fanout719/X (sky130_fd_sc_hd__clkbuf_8)
                                                         net719 (net)
                      0.302185    0.008723    3.939455 ^ fanout718/A (sky130_fd_sc_hd__clkbuf_4)
     8    0.062423    0.302393    0.520561    4.460016 ^ fanout718/X (sky130_fd_sc_hd__clkbuf_4)
                                                         net718 (net)
                      0.302393    0.000747    4.460763 ^ fanout716/A (sky130_fd_sc_hd__clkbuf_4)
    10    0.042376    0.215604    0.459888    4.920650 ^ fanout716/X (sky130_fd_sc_hd__clkbuf_4)
                                                         net716 (net)
                      0.215614    0.001732    4.922382 ^ _13641_/RESET_B (sky130_fd_sc_hd__dfrtp_1)
                                              4.922382   data arrival time

                                 15.000000   15.000000   clock clk (rise edge)
                                  0.000000   15.000000   clock source latency
     1    0.050594    0.363095    0.258083   15.258083 ^ clk (in)
                                                         clk (net)
                      0.363560    0.000000   15.258083 ^ clkbuf_0_clk/A (sky130_fd_sc_hd__clkbuf_16)
     8    0.161004    0.263137    0.506523   15.764606 ^ clkbuf_0_clk/X (sky130_fd_sc_hd__clkbuf_16)
                                                         clknet_0_clk (net)
                      0.263391    0.007367   15.771973 ^ clkbuf_3_6__f_clk/A (sky130_fd_sc_hd__clkbuf_16)
    10    0.030774    0.082164    0.323242   16.095215 ^ clkbuf_3_6__f_clk/X (sky130_fd_sc_hd__clkbuf_16)
                                                         clknet_3_6__leaf_clk (net)
                      0.082176    0.000977   16.096191 ^ _13641_/CLK (sky130_fd_sc_hd__dfrtp_1)
                                 -0.250000   15.846192   clock uncertainty
                                  0.000000   15.846192   clock reconvergence pessimism
                                  0.412739   16.258930   library recovery time
                                             16.258930   data required time
---------------------------------------------------------------------------------------------
                                             16.258930   data required time
                                             -4.922382   data arrival time
---------------------------------------------------------------------------------------------
                                             11.336548   slack (MET)


Startpoint: rst_n (input port clocked by clk)
Endpoint: _13640_ (recovery check against rising-edge clock clk)
Path Group: asynchronous
Path Type: max

Fanout         Cap        Slew       Delay        Time   Description
---------------------------------------------------------------------------------------------
                                  0.000000    0.000000   clock clk (rise edge)
                                  0.000000    0.000000   clock network delay (propagated)
                                  3.000000    3.000000 ^ input external delay
     1    0.002658    0.031314    0.015042    3.015042 ^ rst_n (in)
                                                         rst_n (net)
                      0.031314    0.000000    3.015042 ^ input1/A (sky130_fd_sc_hd__buf_2)
     2    0.044903    0.351668    0.379227    3.394269 ^ input1/X (sky130_fd_sc_hd__buf_2)
                                                         net1 (net)
                      0.351872    0.007029    3.401298 ^ fanout719/A (sky130_fd_sc_hd__clkbuf_8)
     9    0.109995    0.301870    0.529434    3.930732 ^ fanout719/X (sky130_fd_sc_hd__clkbuf_8)
                                                         net719 (net)
                      0.302185    0.008723    3.939455 ^ fanout718/A (sky130_fd_sc_hd__clkbuf_4)
     8    0.062423    0.302393    0.520561    4.460016 ^ fanout718/X (sky130_fd_sc_hd__clkbuf_4)
                                                         net718 (net)
                      0.302393    0.000747    4.460763 ^ fanout716/A (sky130_fd_sc_hd__clkbuf_4)
    10    0.042376    0.215604    0.459888    4.920650 ^ fanout716/X (sky130_fd_sc_hd__clkbuf_4)
                                                         net716 (net)
                      0.215613    0.001659    4.922309 ^ _13640_/RESET_B (sky130_fd_sc_hd__dfrtp_1)
                                              4.922309   data arrival time

                                 15.000000   15.000000   clock clk (rise edge)
                                  0.000000   15.000000   clock source latency
     1    0.050594    0.363095    0.258083   15.258083 ^ clk (in)
                                                         clk (net)
                      0.363560    0.000000   15.258083 ^ clkbuf_0_clk/A (sky130_fd_sc_hd__clkbuf_16)
     8    0.161004    0.263137    0.506523   15.764606 ^ clkbuf_0_clk/X (sky130_fd_sc_hd__clkbuf_16)
                                                         clknet_0_clk (net)
                      0.263391    0.007367   15.771973 ^ clkbuf_3_6__f_clk/A (sky130_fd_sc_hd__clkbuf_16)
    10    0.030774    0.082164    0.323242   16.095215 ^ clkbuf_3_6__f_clk/X (sky130_fd_sc_hd__clkbuf_16)
                                                         clknet_3_6__leaf_clk (net)
                      0.082179    0.001060   16.096275 ^ _13640_/CLK (sky130_fd_sc_hd__dfrtp_1)
                                 -0.250000   15.846276   clock uncertainty
                                  0.000000   15.846276   clock reconvergence pessimism
                                  0.412740   16.259016   library recovery time
                                             16.259016   data required time
---------------------------------------------------------------------------------------------
                                             16.259016   data required time
                                             -4.922309   data arrival time
---------------------------------------------------------------------------------------------
                                             11.336706   slack (MET)


Startpoint: rst_n (input port clocked by clk)
Endpoint: _13639_ (recovery check against rising-edge clock clk)
Path Group: asynchronous
Path Type: max

Fanout         Cap        Slew       Delay        Time   Description
---------------------------------------------------------------------------------------------
                                  0.000000    0.000000   clock clk (rise edge)
                                  0.000000    0.000000   clock network delay (propagated)
                                  3.000000    3.000000 ^ input external delay
     1    0.002658    0.031314    0.015042    3.015042 ^ rst_n (in)
                                                         rst_n (net)
                      0.031314    0.000000    3.015042 ^ input1/A (sky130_fd_sc_hd__buf_2)
     2    0.044903    0.351668    0.379227    3.394269 ^ input1/X (sky130_fd_sc_hd__buf_2)
                                                         net1 (net)
                      0.351872    0.007029    3.401298 ^ fanout719/A (sky130_fd_sc_hd__clkbuf_8)
     9    0.109995    0.301870    0.529434    3.930732 ^ fanout719/X (sky130_fd_sc_hd__clkbuf_8)
                                                         net719 (net)
                      0.302185    0.008723    3.939455 ^ fanout718/A (sky130_fd_sc_hd__clkbuf_4)
     8    0.062423    0.302393    0.520561    4.460016 ^ fanout718/X (sky130_fd_sc_hd__clkbuf_4)
                                                         net718 (net)
                      0.302393    0.000747    4.460763 ^ fanout716/A (sky130_fd_sc_hd__clkbuf_4)
    10    0.042376    0.215604    0.459888    4.920650 ^ fanout716/X (sky130_fd_sc_hd__clkbuf_4)
                                                         net716 (net)
                      0.215612    0.001566    4.922217 ^ _13639_/RESET_B (sky130_fd_sc_hd__dfrtp_1)
                                              4.922217   data arrival time

                                 15.000000   15.000000   clock clk (rise edge)
                                  0.000000   15.000000   clock source latency
     1    0.050594    0.363095    0.258083   15.258083 ^ clk (in)
                                                         clk (net)
                      0.363560    0.000000   15.258083 ^ clkbuf_0_clk/A (sky130_fd_sc_hd__clkbuf_16)
     8    0.161004    0.263137    0.506523   15.764606 ^ clkbuf_0_clk/X (sky130_fd_sc_hd__clkbuf_16)
                                                         clknet_0_clk (net)
                      0.263391    0.007367   15.771973 ^ clkbuf_3_6__f_clk/A (sky130_fd_sc_hd__clkbuf_16)
    10    0.030774    0.082164    0.323242   16.095215 ^ clkbuf_3_6__f_clk/X (sky130_fd_sc_hd__clkbuf_16)
                                                         clknet_3_6__leaf_clk (net)
                      0.082181    0.001133   16.096348 ^ _13639_/CLK (sky130_fd_sc_hd__dfrtp_1)
                                 -0.250000   15.846349   clock uncertainty
                                  0.000000   15.846349   clock reconvergence pessimism
                                  0.412741   16.259090   library recovery time
                                             16.259090   data required time
---------------------------------------------------------------------------------------------
                                             16.259090   data required time
                                             -4.922217   data arrival time
---------------------------------------------------------------------------------------------
                                             11.336873   slack (MET)


Startpoint: rst_n (input port clocked by clk)
Endpoint: _13638_ (recovery check against rising-edge clock clk)
Path Group: asynchronous
Path Type: max

Fanout         Cap        Slew       Delay        Time   Description
---------------------------------------------------------------------------------------------
                                  0.000000    0.000000   clock clk (rise edge)
                                  0.000000    0.000000   clock network delay (propagated)
                                  3.000000    3.000000 ^ input external delay
     1    0.002658    0.031314    0.015042    3.015042 ^ rst_n (in)
                                                         rst_n (net)
                      0.031314    0.000000    3.015042 ^ input1/A (sky130_fd_sc_hd__buf_2)
     2    0.044903    0.351668    0.379227    3.394269 ^ input1/X (sky130_fd_sc_hd__buf_2)
                                                         net1 (net)
                      0.351872    0.007029    3.401298 ^ fanout719/A (sky130_fd_sc_hd__clkbuf_8)
     9    0.109995    0.301870    0.529434    3.930732 ^ fanout719/X (sky130_fd_sc_hd__clkbuf_8)
                                                         net719 (net)
                      0.302185    0.008723    3.939455 ^ fanout718/A (sky130_fd_sc_hd__clkbuf_4)
     8    0.062423    0.302393    0.520561    4.460016 ^ fanout718/X (sky130_fd_sc_hd__clkbuf_4)
                                                         net718 (net)
                      0.302393    0.000747    4.460763 ^ fanout716/A (sky130_fd_sc_hd__clkbuf_4)
    10    0.042376    0.215604    0.459888    4.920650 ^ fanout716/X (sky130_fd_sc_hd__clkbuf_4)
                                                         net716 (net)
                      0.215610    0.001455    4.922105 ^ _13638_/RESET_B (sky130_fd_sc_hd__dfrtp_1)
                                              4.922105   data arrival time

                                 15.000000   15.000000   clock clk (rise edge)
                                  0.000000   15.000000   clock source latency
     1    0.050594    0.363095    0.258083   15.258083 ^ clk (in)
                                                         clk (net)
                      0.363560    0.000000   15.258083 ^ clkbuf_0_clk/A (sky130_fd_sc_hd__clkbuf_16)
     8    0.161004    0.263137    0.506523   15.764606 ^ clkbuf_0_clk/X (sky130_fd_sc_hd__clkbuf_16)
                                                         clknet_0_clk (net)
                      0.263391    0.007367   15.771973 ^ clkbuf_3_6__f_clk/A (sky130_fd_sc_hd__clkbuf_16)
    10    0.030774    0.082164    0.323242   16.095215 ^ clkbuf_3_6__f_clk/X (sky130_fd_sc_hd__clkbuf_16)
                                                         clknet_3_6__leaf_clk (net)
                      0.082184    0.001194   16.096409 ^ _13638_/CLK (sky130_fd_sc_hd__dfrtp_1)
                                 -0.250000   15.846409   clock uncertainty
                                  0.000000   15.846409   clock reconvergence pessimism
                                  0.412743   16.259153   library recovery time
                                             16.259153   data required time
---------------------------------------------------------------------------------------------
                                             16.259153   data required time
                                             -4.922105   data arrival time
---------------------------------------------------------------------------------------------
                                             11.337048   slack (MET)


Startpoint: rst_n (input port clocked by clk)
Endpoint: _13637_ (recovery check against rising-edge clock clk)
Path Group: asynchronous
Path Type: max

Fanout         Cap        Slew       Delay        Time   Description
---------------------------------------------------------------------------------------------
                                  0.000000    0.000000   clock clk (rise edge)
                                  0.000000    0.000000   clock network delay (propagated)
                                  3.000000    3.000000 ^ input external delay
     1    0.002658    0.031314    0.015042    3.015042 ^ rst_n (in)
                                                         rst_n (net)
                      0.031314    0.000000    3.015042 ^ input1/A (sky130_fd_sc_hd__buf_2)
     2    0.044903    0.351668    0.379227    3.394269 ^ input1/X (sky130_fd_sc_hd__buf_2)
                                                         net1 (net)
                      0.351872    0.007029    3.401298 ^ fanout719/A (sky130_fd_sc_hd__clkbuf_8)
     9    0.109995    0.301870    0.529434    3.930732 ^ fanout719/X (sky130_fd_sc_hd__clkbuf_8)
                                                         net719 (net)
                      0.302185    0.008723    3.939455 ^ fanout718/A (sky130_fd_sc_hd__clkbuf_4)
     8    0.062423    0.302393    0.520561    4.460016 ^ fanout718/X (sky130_fd_sc_hd__clkbuf_4)
                                                         net718 (net)
                      0.302393    0.000747    4.460763 ^ fanout716/A (sky130_fd_sc_hd__clkbuf_4)
    10    0.042376    0.215604    0.459888    4.920650 ^ fanout716/X (sky130_fd_sc_hd__clkbuf_4)
                                                         net716 (net)
                      0.215608    0.001324    4.921975 ^ _13637_/RESET_B (sky130_fd_sc_hd__dfrtp_1)
                                              4.921975   data arrival time

                                 15.000000   15.000000   clock clk (rise edge)
                                  0.000000   15.000000   clock source latency
     1    0.050594    0.363095    0.258083   15.258083 ^ clk (in)
                                                         clk (net)
                      0.363560    0.000000   15.258083 ^ clkbuf_0_clk/A (sky130_fd_sc_hd__clkbuf_16)
     8    0.161004    0.263137    0.506523   15.764606 ^ clkbuf_0_clk/X (sky130_fd_sc_hd__clkbuf_16)
                                                         clknet_0_clk (net)
                      0.263391    0.007367   15.771973 ^ clkbuf_3_6__f_clk/A (sky130_fd_sc_hd__clkbuf_16)
    10    0.030774    0.082164    0.323242   16.095215 ^ clkbuf_3_6__f_clk/X (sky130_fd_sc_hd__clkbuf_16)
                                                         clknet_3_6__leaf_clk (net)
                      0.082186    0.001243   16.096458 ^ _13637_/CLK (sky130_fd_sc_hd__dfrtp_1)
                                 -0.250000   15.846458   clock uncertainty
                                  0.000000   15.846458   clock reconvergence pessimism
                                  0.412744   16.259203   library recovery time
                                             16.259203   data required time
---------------------------------------------------------------------------------------------
                                             16.259203   data required time
                                             -4.921975   data arrival time
---------------------------------------------------------------------------------------------
                                             11.337229   slack (MET)


Startpoint: rst_n (input port clocked by clk)
Endpoint: _13634_ (recovery check against rising-edge clock clk)
Path Group: asynchronous
Path Type: max

Fanout         Cap        Slew       Delay        Time   Description
---------------------------------------------------------------------------------------------
                                  0.000000    0.000000   clock clk (rise edge)
                                  0.000000    0.000000   clock network delay (propagated)
                                  3.000000    3.000000 ^ input external delay
     1    0.002658    0.031314    0.015042    3.015042 ^ rst_n (in)
                                                         rst_n (net)
                      0.031314    0.000000    3.015042 ^ input1/A (sky130_fd_sc_hd__buf_2)
     2    0.044903    0.351668    0.379227    3.394269 ^ input1/X (sky130_fd_sc_hd__buf_2)
                                                         net1 (net)
                      0.351872    0.007029    3.401298 ^ fanout719/A (sky130_fd_sc_hd__clkbuf_8)
     9    0.109995    0.301870    0.529434    3.930732 ^ fanout719/X (sky130_fd_sc_hd__clkbuf_8)
                                                         net719 (net)
                      0.302185    0.008723    3.939455 ^ fanout718/A (sky130_fd_sc_hd__clkbuf_4)
     8    0.062423    0.302393    0.520561    4.460016 ^ fanout718/X (sky130_fd_sc_hd__clkbuf_4)
                                                         net718 (net)
                      0.302393    0.000747    4.460763 ^ fanout716/A (sky130_fd_sc_hd__clkbuf_4)
    10    0.042376    0.215604    0.459888    4.920650 ^ fanout716/X (sky130_fd_sc_hd__clkbuf_4)
                                                         net716 (net)
                      0.215607    0.001173    4.921824 ^ _13634_/RESET_B (sky130_fd_sc_hd__dfrtp_1)
                                              4.921824   data arrival time

                                 15.000000   15.000000   clock clk (rise edge)
                                  0.000000   15.000000   clock source latency
     1    0.050594    0.363095    0.258083   15.258083 ^ clk (in)
                                                         clk (net)
                      0.363560    0.000000   15.258083 ^ clkbuf_0_clk/A (sky130_fd_sc_hd__clkbuf_16)
     8    0.161004    0.263137    0.506523   15.764606 ^ clkbuf_0_clk/X (sky130_fd_sc_hd__clkbuf_16)
                                                         clknet_0_clk (net)
                      0.263391    0.007367   15.771973 ^ clkbuf_3_6__f_clk/A (sky130_fd_sc_hd__clkbuf_16)
    10    0.030774    0.082164    0.323242   16.095215 ^ clkbuf_3_6__f_clk/X (sky130_fd_sc_hd__clkbuf_16)
                                                         clknet_3_6__leaf_clk (net)
                      0.082188    0.001281   16.096495 ^ _13634_/CLK (sky130_fd_sc_hd__dfrtp_1)
                                 -0.250000   15.846497   clock uncertainty
                                  0.000000   15.846497   clock reconvergence pessimism
                                  0.412745   16.259241   library recovery time
                                             16.259241   data required time
---------------------------------------------------------------------------------------------
                                             16.259241   data required time
                                             -4.921824   data arrival time
---------------------------------------------------------------------------------------------
                                             11.337418   slack (MET)


Startpoint: rst_n (input port clocked by clk)
Endpoint: _13636_ (recovery check against rising-edge clock clk)
Path Group: asynchronous
Path Type: max

Fanout         Cap        Slew       Delay        Time   Description
---------------------------------------------------------------------------------------------
                                  0.000000    0.000000   clock clk (rise edge)
                                  0.000000    0.000000   clock network delay (propagated)
                                  3.000000    3.000000 ^ input external delay
     1    0.002658    0.031314    0.015042    3.015042 ^ rst_n (in)
                                                         rst_n (net)
                      0.031314    0.000000    3.015042 ^ input1/A (sky130_fd_sc_hd__buf_2)
     2    0.044903    0.351668    0.379227    3.394269 ^ input1/X (sky130_fd_sc_hd__buf_2)
                                                         net1 (net)
                      0.351872    0.007029    3.401298 ^ fanout719/A (sky130_fd_sc_hd__clkbuf_8)
     9    0.109995    0.301870    0.529434    3.930732 ^ fanout719/X (sky130_fd_sc_hd__clkbuf_8)
                                                         net719 (net)
                      0.302185    0.008723    3.939455 ^ fanout718/A (sky130_fd_sc_hd__clkbuf_4)
     8    0.062423    0.302393    0.520561    4.460016 ^ fanout718/X (sky130_fd_sc_hd__clkbuf_4)
                                                         net718 (net)
                      0.302393    0.000747    4.460763 ^ fanout716/A (sky130_fd_sc_hd__clkbuf_4)
    10    0.042376    0.215604    0.459888    4.920650 ^ fanout716/X (sky130_fd_sc_hd__clkbuf_4)
                                                         net716 (net)
                      0.215604    0.000817    4.921467 ^ _13636_/RESET_B (sky130_fd_sc_hd__dfrtp_1)
                                              4.921467   data arrival time

                                 15.000000   15.000000   clock clk (rise edge)
                                  0.000000   15.000000   clock source latency
     1    0.050594    0.363095    0.258083   15.258083 ^ clk (in)
                                                         clk (net)
                      0.363560    0.000000   15.258083 ^ clkbuf_0_clk/A (sky130_fd_sc_hd__clkbuf_16)
     8    0.161004    0.263137    0.506523   15.764606 ^ clkbuf_0_clk/X (sky130_fd_sc_hd__clkbuf_16)
                                                         clknet_0_clk (net)
                      0.263391    0.007367   15.771973 ^ clkbuf_3_6__f_clk/A (sky130_fd_sc_hd__clkbuf_16)
    10    0.030774    0.082164    0.323242   16.095215 ^ clkbuf_3_6__f_clk/X (sky130_fd_sc_hd__clkbuf_16)
                                                         clknet_3_6__leaf_clk (net)
                      0.082190    0.001336   16.096550 ^ _13636_/CLK (sky130_fd_sc_hd__dfrtp_1)
                                 -0.250000   15.846551   clock uncertainty
                                  0.000000   15.846551   clock reconvergence pessimism
                                  0.412747   16.259298   library recovery time
                                             16.259298   data required time
---------------------------------------------------------------------------------------------
                                             16.259298   data required time
                                             -4.921467   data arrival time
---------------------------------------------------------------------------------------------
                                             11.337831   slack (MET)


Startpoint: rst_n (input port clocked by clk)
Endpoint: _13635_ (recovery check against rising-edge clock clk)
Path Group: asynchronous
Path Type: max

Fanout         Cap        Slew       Delay        Time   Description
---------------------------------------------------------------------------------------------
                                  0.000000    0.000000   clock clk (rise edge)
                                  0.000000    0.000000   clock network delay (propagated)
                                  3.000000    3.000000 ^ input external delay
     1    0.002658    0.031314    0.015042    3.015042 ^ rst_n (in)
                                                         rst_n (net)
                      0.031314    0.000000    3.015042 ^ input1/A (sky130_fd_sc_hd__buf_2)
     2    0.044903    0.351668    0.379227    3.394269 ^ input1/X (sky130_fd_sc_hd__buf_2)
                                                         net1 (net)
                      0.351872    0.007029    3.401298 ^ fanout719/A (sky130_fd_sc_hd__clkbuf_8)
     9    0.109995    0.301870    0.529434    3.930732 ^ fanout719/X (sky130_fd_sc_hd__clkbuf_8)
                                                         net719 (net)
                      0.302185    0.008723    3.939455 ^ fanout718/A (sky130_fd_sc_hd__clkbuf_4)
     8    0.062423    0.302393    0.520561    4.460016 ^ fanout718/X (sky130_fd_sc_hd__clkbuf_4)
                                                         net718 (net)
                      0.302393    0.000747    4.460763 ^ fanout716/A (sky130_fd_sc_hd__clkbuf_4)
    10    0.042376    0.215604    0.459888    4.920650 ^ fanout716/X (sky130_fd_sc_hd__clkbuf_4)
                                                         net716 (net)
                      0.215604    0.000677    4.921328 ^ _13635_/RESET_B (sky130_fd_sc_hd__dfrtp_1)
                                              4.921328   data arrival time

                                 15.000000   15.000000   clock clk (rise edge)
                                  0.000000   15.000000   clock source latency
     1    0.050594    0.363095    0.258083   15.258083 ^ clk (in)
                                                         clk (net)
                      0.363560    0.000000   15.258083 ^ clkbuf_0_clk/A (sky130_fd_sc_hd__clkbuf_16)
     8    0.161004    0.263137    0.506523   15.764606 ^ clkbuf_0_clk/X (sky130_fd_sc_hd__clkbuf_16)
                                                         clknet_0_clk (net)
                      0.263391    0.007367   15.771973 ^ clkbuf_3_6__f_clk/A (sky130_fd_sc_hd__clkbuf_16)
    10    0.030774    0.082164    0.323242   16.095215 ^ clkbuf_3_6__f_clk/X (sky130_fd_sc_hd__clkbuf_16)
                                                         clknet_3_6__leaf_clk (net)
                      0.082191    0.001348   16.096563 ^ _13635_/CLK (sky130_fd_sc_hd__dfrtp_1)
                                 -0.250000   15.846563   clock uncertainty
                                  0.000000   15.846563   clock reconvergence pessimism
                                  0.412747   16.259312   library recovery time
                                             16.259312   data required time
---------------------------------------------------------------------------------------------
                                             16.259312   data required time
                                             -4.921328   data arrival time
---------------------------------------------------------------------------------------------
                                             11.337983   slack (MET)


Startpoint: rst_n (input port clocked by clk)
Endpoint: _13651_ (recovery check against rising-edge clock clk)
Path Group: asynchronous
Path Type: max

Fanout         Cap        Slew       Delay        Time   Description
---------------------------------------------------------------------------------------------
                                  0.000000    0.000000   clock clk (rise edge)
                                  0.000000    0.000000   clock network delay (propagated)
                                  3.000000    3.000000 ^ input external delay
     1    0.002658    0.031314    0.015042    3.015042 ^ rst_n (in)
                                                         rst_n (net)
                      0.031314    0.000000    3.015042 ^ input1/A (sky130_fd_sc_hd__buf_2)
     2    0.044903    0.351668    0.379227    3.394269 ^ input1/X (sky130_fd_sc_hd__buf_2)
                                                         net1 (net)
                      0.351872    0.007029    3.401298 ^ fanout719/A (sky130_fd_sc_hd__clkbuf_8)
     9    0.109995    0.301870    0.529434    3.930732 ^ fanout719/X (sky130_fd_sc_hd__clkbuf_8)
                                                         net719 (net)
                      0.302185    0.008723    3.939455 ^ fanout718/A (sky130_fd_sc_hd__clkbuf_4)
     8    0.062423    0.302393    0.520561    4.460016 ^ fanout718/X (sky130_fd_sc_hd__clkbuf_4)
                                                         net718 (net)
                      0.303073    0.010532    4.470548 ^ fanout717/A (sky130_fd_sc_hd__buf_4)
    10    0.056160    0.255794    0.447744    4.918292 ^ fanout717/X (sky130_fd_sc_hd__buf_4)
                                                         net717 (net)
                      0.256145    0.006446    4.924738 ^ _13651_/RESET_B (sky130_fd_sc_hd__dfrtp_1)
                                              4.924738   data arrival time

                                 15.000000   15.000000   clock clk (rise edge)
                                  0.000000   15.000000   clock source latency
     1    0.050594    0.363095    0.258083   15.258083 ^ clk (in)
                                                         clk (net)
                      0.363560    0.000000   15.258083 ^ clkbuf_0_clk/A (sky130_fd_sc_hd__clkbuf_16)
     8    0.161004    0.263137    0.506523   15.764606 ^ clkbuf_0_clk/X (sky130_fd_sc_hd__clkbuf_16)
                                                         clknet_0_clk (net)
                      0.263320    0.006368   15.770974 ^ clkbuf_3_7__f_clk/A (sky130_fd_sc_hd__clkbuf_16)
    10    0.045622    0.101783    0.342633   16.113607 ^ clkbuf_3_7__f_clk/X (sky130_fd_sc_hd__clkbuf_16)
                                                         clknet_3_7__leaf_clk (net)
                      0.101821    0.001798   16.115404 ^ _13651_/CLK (sky130_fd_sc_hd__dfrtp_1)
                                 -0.250000   15.865405   clock uncertainty
                                  0.000000   15.865405   clock reconvergence pessimism
                                  0.404369   16.269773   library recovery time
                                             16.269773   data required time
---------------------------------------------------------------------------------------------
                                             16.269773   data required time
                                             -4.924738   data arrival time
---------------------------------------------------------------------------------------------
                                             11.345036   slack (MET)


Startpoint: rst_n (input port clocked by clk)
Endpoint: _13653_ (recovery check against rising-edge clock clk)
Path Group: asynchronous
Path Type: max

Fanout         Cap        Slew       Delay        Time   Description
---------------------------------------------------------------------------------------------
                                  0.000000    0.000000   clock clk (rise edge)
                                  0.000000    0.000000   clock network delay (propagated)
                                  3.000000    3.000000 ^ input external delay
     1    0.002658    0.031314    0.015042    3.015042 ^ rst_n (in)
                                                         rst_n (net)
                      0.031314    0.000000    3.015042 ^ input1/A (sky130_fd_sc_hd__buf_2)
     2    0.044903    0.351668    0.379227    3.394269 ^ input1/X (sky130_fd_sc_hd__buf_2)
                                                         net1 (net)
                      0.351872    0.007029    3.401298 ^ fanout719/A (sky130_fd_sc_hd__clkbuf_8)
     9    0.109995    0.301870    0.529434    3.930732 ^ fanout719/X (sky130_fd_sc_hd__clkbuf_8)
                                                         net719 (net)
                      0.302185    0.008723    3.939455 ^ fanout718/A (sky130_fd_sc_hd__clkbuf_4)
     8    0.062423    0.302393    0.520561    4.460016 ^ fanout718/X (sky130_fd_sc_hd__clkbuf_4)
                                                         net718 (net)
                      0.303073    0.010532    4.470548 ^ fanout717/A (sky130_fd_sc_hd__buf_4)
    10    0.056160    0.255794    0.447744    4.918292 ^ fanout717/X (sky130_fd_sc_hd__buf_4)
                                                         net717 (net)
                      0.256143    0.006427    4.924718 ^ _13653_/RESET_B (sky130_fd_sc_hd__dfrtp_1)
                                              4.924718   data arrival time

                                 15.000000   15.000000   clock clk (rise edge)
                                  0.000000   15.000000   clock source latency
     1    0.050594    0.363095    0.258083   15.258083 ^ clk (in)
                                                         clk (net)
                      0.363560    0.000000   15.258083 ^ clkbuf_0_clk/A (sky130_fd_sc_hd__clkbuf_16)
     8    0.161004    0.263137    0.506523   15.764606 ^ clkbuf_0_clk/X (sky130_fd_sc_hd__clkbuf_16)
                                                         clknet_0_clk (net)
                      0.263320    0.006368   15.770974 ^ clkbuf_3_7__f_clk/A (sky130_fd_sc_hd__clkbuf_16)
    10    0.045622    0.101783    0.342633   16.113607 ^ clkbuf_3_7__f_clk/X (sky130_fd_sc_hd__clkbuf_16)
                                                         clknet_3_7__leaf_clk (net)
                      0.101834    0.002009   16.115616 ^ _13653_/CLK (sky130_fd_sc_hd__dfrtp_1)
                                 -0.250000   15.865617   clock uncertainty
                                  0.000000   15.865617   clock reconvergence pessimism
                                  0.404374   16.269991   library recovery time
                                             16.269991   data required time
---------------------------------------------------------------------------------------------
                                             16.269991   data required time
                                             -4.924718   data arrival time
---------------------------------------------------------------------------------------------
                                             11.345272   slack (MET)


Startpoint: rst_n (input port clocked by clk)
Endpoint: _13652_ (recovery check against rising-edge clock clk)
Path Group: asynchronous
Path Type: max

Fanout         Cap        Slew       Delay        Time   Description
---------------------------------------------------------------------------------------------
                                  0.000000    0.000000   clock clk (rise edge)
                                  0.000000    0.000000   clock network delay (propagated)
                                  3.000000    3.000000 ^ input external delay
     1    0.002658    0.031314    0.015042    3.015042 ^ rst_n (in)
                                                         rst_n (net)
                      0.031314    0.000000    3.015042 ^ input1/A (sky130_fd_sc_hd__buf_2)
     2    0.044903    0.351668    0.379227    3.394269 ^ input1/X (sky130_fd_sc_hd__buf_2)
                                                         net1 (net)
                      0.351872    0.007029    3.401298 ^ fanout719/A (sky130_fd_sc_hd__clkbuf_8)
     9    0.109995    0.301870    0.529434    3.930732 ^ fanout719/X (sky130_fd_sc_hd__clkbuf_8)
                                                         net719 (net)
                      0.302185    0.008723    3.939455 ^ fanout718/A (sky130_fd_sc_hd__clkbuf_4)
     8    0.062423    0.302393    0.520561    4.460016 ^ fanout718/X (sky130_fd_sc_hd__clkbuf_4)
                                                         net718 (net)
                      0.303073    0.010532    4.470548 ^ fanout717/A (sky130_fd_sc_hd__buf_4)
    10    0.056160    0.255794    0.447744    4.918292 ^ fanout717/X (sky130_fd_sc_hd__buf_4)
                                                         net717 (net)
                      0.256134    0.006304    4.924595 ^ _13652_/RESET_B (sky130_fd_sc_hd__dfrtp_1)
                                              4.924595   data arrival time

                                 15.000000   15.000000   clock clk (rise edge)
                                  0.000000   15.000000   clock source latency
     1    0.050594    0.363095    0.258083   15.258083 ^ clk (in)
                                                         clk (net)
                      0.363560    0.000000   15.258083 ^ clkbuf_0_clk/A (sky130_fd_sc_hd__clkbuf_16)
     8    0.161004    0.263137    0.506523   15.764606 ^ clkbuf_0_clk/X (sky130_fd_sc_hd__clkbuf_16)
                                                         clknet_0_clk (net)
                      0.263320    0.006368   15.770974 ^ clkbuf_3_7__f_clk/A (sky130_fd_sc_hd__clkbuf_16)
    10    0.045622    0.101783    0.342633   16.113607 ^ clkbuf_3_7__f_clk/X (sky130_fd_sc_hd__clkbuf_16)
                                                         clknet_3_7__leaf_clk (net)
                      0.101842    0.002128   16.115734 ^ _13652_/CLK (sky130_fd_sc_hd__dfrtp_1)
                                 -0.250000   15.865736   clock uncertainty
                                  0.000000   15.865736   clock reconvergence pessimism
                                  0.404380   16.270117   library recovery time
                                             16.270117   data required time
---------------------------------------------------------------------------------------------
                                             16.270117   data required time
                                             -4.924595   data arrival time
---------------------------------------------------------------------------------------------
                                             11.345520   slack (MET)


Startpoint: rst_n (input port clocked by clk)
Endpoint: _13654_ (recovery check against rising-edge clock clk)
Path Group: asynchronous
Path Type: max

Fanout         Cap        Slew       Delay        Time   Description
---------------------------------------------------------------------------------------------
                                  0.000000    0.000000   clock clk (rise edge)
                                  0.000000    0.000000   clock network delay (propagated)
                                  3.000000    3.000000 ^ input external delay
     1    0.002658    0.031314    0.015042    3.015042 ^ rst_n (in)
                                                         rst_n (net)
                      0.031314    0.000000    3.015042 ^ input1/A (sky130_fd_sc_hd__buf_2)
     2    0.044903    0.351668    0.379227    3.394269 ^ input1/X (sky130_fd_sc_hd__buf_2)
                                                         net1 (net)
                      0.351872    0.007029    3.401298 ^ fanout719/A (sky130_fd_sc_hd__clkbuf_8)
     9    0.109995    0.301870    0.529434    3.930732 ^ fanout719/X (sky130_fd_sc_hd__clkbuf_8)
                                                         net719 (net)
                      0.302185    0.008723    3.939455 ^ fanout718/A (sky130_fd_sc_hd__clkbuf_4)
     8    0.062423    0.302393    0.520561    4.460016 ^ fanout718/X (sky130_fd_sc_hd__clkbuf_4)
                                                         net718 (net)
                      0.303073    0.010532    4.470548 ^ fanout717/A (sky130_fd_sc_hd__buf_4)
    10    0.056160    0.255794    0.447744    4.918292 ^ fanout717/X (sky130_fd_sc_hd__buf_4)
                                                         net717 (net)
                      0.256121    0.006125    4.924417 ^ _13654_/RESET_B (sky130_fd_sc_hd__dfrtp_1)
                                              4.924417   data arrival time

                                 15.000000   15.000000   clock clk (rise edge)
                                  0.000000   15.000000   clock source latency
     1    0.050594    0.363095    0.258083   15.258083 ^ clk (in)
                                                         clk (net)
                      0.363560    0.000000   15.258083 ^ clkbuf_0_clk/A (sky130_fd_sc_hd__clkbuf_16)
     8    0.161004    0.263137    0.506523   15.764606 ^ clkbuf_0_clk/X (sky130_fd_sc_hd__clkbuf_16)
                                                         clknet_0_clk (net)
                      0.263320    0.006368   15.770974 ^ clkbuf_3_7__f_clk/A (sky130_fd_sc_hd__clkbuf_16)
    10    0.045622    0.101783    0.342633   16.113607 ^ clkbuf_3_7__f_clk/X (sky130_fd_sc_hd__clkbuf_16)
                                                         clknet_3_7__leaf_clk (net)
                      0.101852    0.002272   16.115879 ^ _13654_/CLK (sky130_fd_sc_hd__dfrtp_1)
                                 -0.250000   15.865880   clock uncertainty
                                  0.000000   15.865880   clock reconvergence pessimism
                                  0.404388   16.270267   library recovery time
                                             16.270267   data required time
---------------------------------------------------------------------------------------------
                                             16.270267   data required time
                                             -4.924417   data arrival time
---------------------------------------------------------------------------------------------
                                             11.345851   slack (MET)


Startpoint: rst_n (input port clocked by clk)
Endpoint: _13656_ (recovery check against rising-edge clock clk)
Path Group: asynchronous
Path Type: max

Fanout         Cap        Slew       Delay        Time   Description
---------------------------------------------------------------------------------------------
                                  0.000000    0.000000   clock clk (rise edge)
                                  0.000000    0.000000   clock network delay (propagated)
                                  3.000000    3.000000 ^ input external delay
     1    0.002658    0.031314    0.015042    3.015042 ^ rst_n (in)
                                                         rst_n (net)
                      0.031314    0.000000    3.015042 ^ input1/A (sky130_fd_sc_hd__buf_2)
     2    0.044903    0.351668    0.379227    3.394269 ^ input1/X (sky130_fd_sc_hd__buf_2)
                                                         net1 (net)
                      0.351872    0.007029    3.401298 ^ fanout719/A (sky130_fd_sc_hd__clkbuf_8)
     9    0.109995    0.301870    0.529434    3.930732 ^ fanout719/X (sky130_fd_sc_hd__clkbuf_8)
                                                         net719 (net)
                      0.302185    0.008723    3.939455 ^ fanout718/A (sky130_fd_sc_hd__clkbuf_4)
     8    0.062423    0.302393    0.520561    4.460016 ^ fanout718/X (sky130_fd_sc_hd__clkbuf_4)
                                                         net718 (net)
                      0.303073    0.010532    4.470548 ^ fanout717/A (sky130_fd_sc_hd__buf_4)
    10    0.056160    0.255794    0.447744    4.918292 ^ fanout717/X (sky130_fd_sc_hd__buf_4)
                                                         net717 (net)
                      0.256101    0.005843    4.924135 ^ _13656_/RESET_B (sky130_fd_sc_hd__dfrtp_1)
                                              4.924135   data arrival time

                                 15.000000   15.000000   clock clk (rise edge)
                                  0.000000   15.000000   clock source latency
     1    0.050594    0.363095    0.258083   15.258083 ^ clk (in)
                                                         clk (net)
                      0.363560    0.000000   15.258083 ^ clkbuf_0_clk/A (sky130_fd_sc_hd__clkbuf_16)
     8    0.161004    0.263137    0.506523   15.764606 ^ clkbuf_0_clk/X (sky130_fd_sc_hd__clkbuf_16)
                                                         clknet_0_clk (net)
                      0.263320    0.006368   15.770974 ^ clkbuf_3_7__f_clk/A (sky130_fd_sc_hd__clkbuf_16)
    10    0.045622    0.101783    0.342633   16.113607 ^ clkbuf_3_7__f_clk/X (sky130_fd_sc_hd__clkbuf_16)
                                                         clknet_3_7__leaf_clk (net)
                      0.101857    0.002348   16.115955 ^ _13656_/CLK (sky130_fd_sc_hd__dfrtp_1)
                                 -0.250000   15.865956   clock uncertainty
                                  0.000000   15.865956   clock reconvergence pessimism
                                  0.404397   16.270353   library recovery time
                                             16.270353   data required time
---------------------------------------------------------------------------------------------
                                             16.270353   data required time
                                             -4.924135   data arrival time
---------------------------------------------------------------------------------------------
                                             11.346218   slack (MET)


Startpoint: rst_n (input port clocked by clk)
Endpoint: _13655_ (recovery check against rising-edge clock clk)
Path Group: asynchronous
Path Type: max

Fanout         Cap        Slew       Delay        Time   Description
---------------------------------------------------------------------------------------------
                                  0.000000    0.000000   clock clk (rise edge)
                                  0.000000    0.000000   clock network delay (propagated)
                                  3.000000    3.000000 ^ input external delay
     1    0.002658    0.031314    0.015042    3.015042 ^ rst_n (in)
                                                         rst_n (net)
                      0.031314    0.000000    3.015042 ^ input1/A (sky130_fd_sc_hd__buf_2)
     2    0.044903    0.351668    0.379227    3.394269 ^ input1/X (sky130_fd_sc_hd__buf_2)
                                                         net1 (net)
                      0.351872    0.007029    3.401298 ^ fanout719/A (sky130_fd_sc_hd__clkbuf_8)
     9    0.109995    0.301870    0.529434    3.930732 ^ fanout719/X (sky130_fd_sc_hd__clkbuf_8)
                                                         net719 (net)
                      0.302185    0.008723    3.939455 ^ fanout718/A (sky130_fd_sc_hd__clkbuf_4)
     8    0.062423    0.302393    0.520561    4.460016 ^ fanout718/X (sky130_fd_sc_hd__clkbuf_4)
                                                         net718 (net)
                      0.303073    0.010532    4.470548 ^ fanout717/A (sky130_fd_sc_hd__buf_4)
    10    0.056160    0.255794    0.447744    4.918292 ^ fanout717/X (sky130_fd_sc_hd__buf_4)
                                                         net717 (net)
                      0.256073    0.005420    4.923711 ^ _13655_/RESET_B (sky130_fd_sc_hd__dfrtp_1)
                                              4.923711   data arrival time

                                 15.000000   15.000000   clock clk (rise edge)
                                  0.000000   15.000000   clock source latency
     1    0.050594    0.363095    0.258083   15.258083 ^ clk (in)
                                                         clk (net)
                      0.363560    0.000000   15.258083 ^ clkbuf_0_clk/A (sky130_fd_sc_hd__clkbuf_16)
     8    0.161004    0.263137    0.506523   15.764606 ^ clkbuf_0_clk/X (sky130_fd_sc_hd__clkbuf_16)
                                                         clknet_0_clk (net)
                      0.263320    0.006368   15.770974 ^ clkbuf_3_7__f_clk/A (sky130_fd_sc_hd__clkbuf_16)
    10    0.045622    0.101783    0.342633   16.113607 ^ clkbuf_3_7__f_clk/X (sky130_fd_sc_hd__clkbuf_16)
                                                         clknet_3_7__leaf_clk (net)
                      0.101860    0.002391   16.115997 ^ _13655_/CLK (sky130_fd_sc_hd__dfrtp_1)
                                 -0.250000   15.865998   clock uncertainty
                                  0.000000   15.865998   clock reconvergence pessimism
                                  0.404408   16.270409   library recovery time
                                             16.270409   data required time
---------------------------------------------------------------------------------------------
                                             16.270409   data required time
                                             -4.923711   data arrival time
---------------------------------------------------------------------------------------------
                                             11.346696   slack (MET)


Startpoint: rst_n (input port clocked by clk)
Endpoint: _13660_ (recovery check against rising-edge clock clk)
Path Group: asynchronous
Path Type: max

Fanout         Cap        Slew       Delay        Time   Description
---------------------------------------------------------------------------------------------
                                  0.000000    0.000000   clock clk (rise edge)
                                  0.000000    0.000000   clock network delay (propagated)
                                  3.000000    3.000000 ^ input external delay
     1    0.002658    0.031314    0.015042    3.015042 ^ rst_n (in)
                                                         rst_n (net)
                      0.031314    0.000000    3.015042 ^ input1/A (sky130_fd_sc_hd__buf_2)
     2    0.044903    0.351668    0.379227    3.394269 ^ input1/X (sky130_fd_sc_hd__buf_2)
                                                         net1 (net)
                      0.351872    0.007029    3.401298 ^ fanout719/A (sky130_fd_sc_hd__clkbuf_8)
     9    0.109995    0.301870    0.529434    3.930732 ^ fanout719/X (sky130_fd_sc_hd__clkbuf_8)
                                                         net719 (net)
                      0.302185    0.008723    3.939455 ^ fanout718/A (sky130_fd_sc_hd__clkbuf_4)
     8    0.062423    0.302393    0.520561    4.460016 ^ fanout718/X (sky130_fd_sc_hd__clkbuf_4)
                                                         net718 (net)
                      0.303073    0.010532    4.470548 ^ fanout717/A (sky130_fd_sc_hd__buf_4)
    10    0.056160    0.255794    0.447744    4.918292 ^ fanout717/X (sky130_fd_sc_hd__buf_4)
                                                         net717 (net)
                      0.255819    0.002837    4.921129 ^ _13660_/RESET_B (sky130_fd_sc_hd__dfrtp_1)
                                              4.921129   data arrival time

                                 15.000000   15.000000   clock clk (rise edge)
                                  0.000000   15.000000   clock source latency
     1    0.050594    0.363095    0.258083   15.258083 ^ clk (in)
                                                         clk (net)
                      0.363560    0.000000   15.258083 ^ clkbuf_0_clk/A (sky130_fd_sc_hd__clkbuf_16)
     8    0.161004    0.263137    0.506523   15.764606 ^ clkbuf_0_clk/X (sky130_fd_sc_hd__clkbuf_16)
                                                         clknet_0_clk (net)
                      0.263320    0.006368   15.770974 ^ clkbuf_3_7__f_clk/A (sky130_fd_sc_hd__clkbuf_16)
    10    0.045622    0.101783    0.342633   16.113607 ^ clkbuf_3_7__f_clk/X (sky130_fd_sc_hd__clkbuf_16)
                                                         clknet_3_7__leaf_clk (net)
                      0.101863    0.002427   16.116034 ^ _13660_/CLK (sky130_fd_sc_hd__dfrtp_1)
                                 -0.250000   15.866035   clock uncertainty
                                  0.000000   15.866035   clock reconvergence pessimism
                                  0.404503   16.270538   library recovery time
                                             16.270538   data required time
---------------------------------------------------------------------------------------------
                                             16.270538   data required time
                                             -4.921129   data arrival time
---------------------------------------------------------------------------------------------
                                             11.349409   slack (MET)


Startpoint: rst_n (input port clocked by clk)
Endpoint: _13661_ (recovery check against rising-edge clock clk)
Path Group: asynchronous
Path Type: max

Fanout         Cap        Slew       Delay        Time   Description
---------------------------------------------------------------------------------------------
                                  0.000000    0.000000   clock clk (rise edge)
                                  0.000000    0.000000   clock network delay (propagated)
                                  3.000000    3.000000 ^ input external delay
     1    0.002658    0.031314    0.015042    3.015042 ^ rst_n (in)
                                                         rst_n (net)
                      0.031314    0.000000    3.015042 ^ input1/A (sky130_fd_sc_hd__buf_2)
     2    0.044903    0.351668    0.379227    3.394269 ^ input1/X (sky130_fd_sc_hd__buf_2)
                                                         net1 (net)
                      0.351872    0.007029    3.401298 ^ fanout719/A (sky130_fd_sc_hd__clkbuf_8)
     9    0.109995    0.301870    0.529434    3.930732 ^ fanout719/X (sky130_fd_sc_hd__clkbuf_8)
                                                         net719 (net)
                      0.302185    0.008723    3.939455 ^ fanout718/A (sky130_fd_sc_hd__clkbuf_4)
     8    0.062423    0.302393    0.520561    4.460016 ^ fanout718/X (sky130_fd_sc_hd__clkbuf_4)
                                                         net718 (net)
                      0.303073    0.010532    4.470548 ^ fanout717/A (sky130_fd_sc_hd__buf_4)
    10    0.056160    0.255794    0.447744    4.918292 ^ fanout717/X (sky130_fd_sc_hd__buf_4)
                                                         net717 (net)
                      0.255802    0.001959    4.920250 ^ _13661_/RESET_B (sky130_fd_sc_hd__dfrtp_1)
                                              4.920250   data arrival time

                                 15.000000   15.000000   clock clk (rise edge)
                                  0.000000   15.000000   clock source latency
     1    0.050594    0.363095    0.258083   15.258083 ^ clk (in)
                                                         clk (net)
                      0.363560    0.000000   15.258083 ^ clkbuf_0_clk/A (sky130_fd_sc_hd__clkbuf_16)
     8    0.161004    0.263137    0.506523   15.764606 ^ clkbuf_0_clk/X (sky130_fd_sc_hd__clkbuf_16)
                                                         clknet_0_clk (net)
                      0.263237    0.004894   15.769500 ^ clkbuf_3_4__f_clk/A (sky130_fd_sc_hd__clkbuf_16)
     7    0.049260    0.106677    0.346830   16.116329 ^ clkbuf_3_4__f_clk/X (sky130_fd_sc_hd__clkbuf_16)
                                                         clknet_3_4__leaf_clk (net)
                      0.106710    0.001714   16.118044 ^ _13661_/CLK (sky130_fd_sc_hd__dfrtp_1)
                                 -0.250000   15.868045   clock uncertainty
                                  0.000000   15.868045   clock reconvergence pessimism
                                  0.406146   16.274191   library recovery time
                                             16.274191   data required time
---------------------------------------------------------------------------------------------
                                             16.274191   data required time
                                             -4.920250   data arrival time
---------------------------------------------------------------------------------------------
                                             11.353940   slack (MET)


Startpoint: rst_n (input port clocked by clk)
Endpoint: _13694_ (recovery check against rising-edge clock clk)
Path Group: asynchronous
Path Type: max

Fanout         Cap        Slew       Delay        Time   Description
---------------------------------------------------------------------------------------------
                                  0.000000    0.000000   clock clk (rise edge)
                                  0.000000    0.000000   clock network delay (propagated)
                                  3.000000    3.000000 ^ input external delay
     1    0.002658    0.031314    0.015042    3.015042 ^ rst_n (in)
                                                         rst_n (net)
                      0.031314    0.000000    3.015042 ^ input1/A (sky130_fd_sc_hd__buf_2)
     2    0.044903    0.351668    0.379227    3.394269 ^ input1/X (sky130_fd_sc_hd__buf_2)
                                                         net1 (net)
                      0.351671    0.000961    3.395229 ^ fanout715/A (sky130_fd_sc_hd__buf_4)
     9    0.079311    0.352772    0.536990    3.932219 ^ fanout715/X (sky130_fd_sc_hd__buf_4)
                                                         net715 (net)
                      0.352896    0.006196    3.938415 ^ fanout714/A (sky130_fd_sc_hd__clkbuf_4)
     8    0.056412    0.276437    0.524902    4.463317 ^ fanout714/X (sky130_fd_sc_hd__clkbuf_4)
                                                         net714 (net)
                      0.276865    0.007515    4.470832 ^ fanout713/A (sky130_fd_sc_hd__clkbuf_4)
    10    0.046274    0.232393    0.461192    4.932024 ^ fanout713/X (sky130_fd_sc_hd__clkbuf_4)
                                                         net713 (net)
                      0.232395    0.001177    4.933201 ^ _13694_/RESET_B (sky130_fd_sc_hd__dfrtp_1)
                                              4.933201   data arrival time

                                 15.000000   15.000000   clock clk (rise edge)
                                  0.000000   15.000000   clock source latency
     1    0.050594    0.363095    0.258083   15.258083 ^ clk (in)
                                                         clk (net)
                      0.363560    0.000000   15.258083 ^ clkbuf_0_clk/A (sky130_fd_sc_hd__clkbuf_16)
     8    0.161004    0.263137    0.506523   15.764606 ^ clkbuf_0_clk/X (sky130_fd_sc_hd__clkbuf_16)
                                                         clknet_0_clk (net)
                      0.263483    0.008461   15.773067 ^ clkbuf_3_1__f_clk/A (sky130_fd_sc_hd__clkbuf_16)
     7    0.049509    0.106975    0.347008   16.120075 ^ clkbuf_3_1__f_clk/X (sky130_fd_sc_hd__clkbuf_16)
                                                         clknet_3_1__leaf_clk (net)
                      0.107053    0.002492   16.122566 ^ _13694_/CLK (sky130_fd_sc_hd__dfrtp_1)
                                 -0.250000   15.872568   clock uncertainty
                                  0.000000   15.872568   clock reconvergence pessimism
                                  0.414911   16.287479   library recovery time
                                             16.287479   data required time
---------------------------------------------------------------------------------------------
                                             16.287479   data required time
                                             -4.933201   data arrival time
---------------------------------------------------------------------------------------------
                                             11.354277   slack (MET)


Startpoint: rst_n (input port clocked by clk)
Endpoint: _13662_ (recovery check against rising-edge clock clk)
Path Group: asynchronous
Path Type: max

Fanout         Cap        Slew       Delay        Time   Description
---------------------------------------------------------------------------------------------
                                  0.000000    0.000000   clock clk (rise edge)
                                  0.000000    0.000000   clock network delay (propagated)
                                  3.000000    3.000000 ^ input external delay
     1    0.002658    0.031314    0.015042    3.015042 ^ rst_n (in)
                                                         rst_n (net)
                      0.031314    0.000000    3.015042 ^ input1/A (sky130_fd_sc_hd__buf_2)
     2    0.044903    0.351668    0.379227    3.394269 ^ input1/X (sky130_fd_sc_hd__buf_2)
                                                         net1 (net)
                      0.351872    0.007029    3.401298 ^ fanout719/A (sky130_fd_sc_hd__clkbuf_8)
     9    0.109995    0.301870    0.529434    3.930732 ^ fanout719/X (sky130_fd_sc_hd__clkbuf_8)
                                                         net719 (net)
                      0.302185    0.008723    3.939455 ^ fanout718/A (sky130_fd_sc_hd__clkbuf_4)
     8    0.062423    0.302393    0.520561    4.460016 ^ fanout718/X (sky130_fd_sc_hd__clkbuf_4)
                                                         net718 (net)
                      0.303073    0.010532    4.470548 ^ fanout717/A (sky130_fd_sc_hd__buf_4)
    10    0.056160    0.255794    0.447744    4.918292 ^ fanout717/X (sky130_fd_sc_hd__buf_4)
                                                         net717 (net)
                      0.255796    0.001461    4.919753 ^ _13662_/RESET_B (sky130_fd_sc_hd__dfrtp_1)
                                              4.919753   data arrival time

                                 15.000000   15.000000   clock clk (rise edge)
                                  0.000000   15.000000   clock source latency
     1    0.050594    0.363095    0.258083   15.258083 ^ clk (in)
                                                         clk (net)
                      0.363560    0.000000   15.258083 ^ clkbuf_0_clk/A (sky130_fd_sc_hd__clkbuf_16)
     8    0.161004    0.263137    0.506523   15.764606 ^ clkbuf_0_clk/X (sky130_fd_sc_hd__clkbuf_16)
                                                         clknet_0_clk (net)
                      0.263237    0.004894   15.769500 ^ clkbuf_3_4__f_clk/A (sky130_fd_sc_hd__clkbuf_16)
     7    0.049260    0.106677    0.346830   16.116329 ^ clkbuf_3_4__f_clk/X (sky130_fd_sc_hd__clkbuf_16)
                                                         clknet_3_4__leaf_clk (net)
                      0.106714    0.001794   16.118124 ^ _13662_/CLK (sky130_fd_sc_hd__dfrtp_1)
                                 -0.250000   15.868125   clock uncertainty
                                  0.000000   15.868125   clock reconvergence pessimism
                                  0.406150   16.274275   library recovery time
                                             16.274275   data required time
---------------------------------------------------------------------------------------------
                                             16.274275   data required time
                                             -4.919753   data arrival time
---------------------------------------------------------------------------------------------
                                             11.354521   slack (MET)


Startpoint: rst_n (input port clocked by clk)
Endpoint: _13696_ (recovery check against rising-edge clock clk)
Path Group: asynchronous
Path Type: max

Fanout         Cap        Slew       Delay        Time   Description
---------------------------------------------------------------------------------------------
                                  0.000000    0.000000   clock clk (rise edge)
                                  0.000000    0.000000   clock network delay (propagated)
                                  3.000000    3.000000 ^ input external delay
     1    0.002658    0.031314    0.015042    3.015042 ^ rst_n (in)
                                                         rst_n (net)
                      0.031314    0.000000    3.015042 ^ input1/A (sky130_fd_sc_hd__buf_2)
     2    0.044903    0.351668    0.379227    3.394269 ^ input1/X (sky130_fd_sc_hd__buf_2)
                                                         net1 (net)
                      0.351671    0.000961    3.395229 ^ fanout715/A (sky130_fd_sc_hd__buf_4)
     9    0.079311    0.352772    0.536990    3.932219 ^ fanout715/X (sky130_fd_sc_hd__buf_4)
                                                         net715 (net)
                      0.352896    0.006196    3.938415 ^ fanout714/A (sky130_fd_sc_hd__clkbuf_4)
     8    0.056412    0.276437    0.524902    4.463317 ^ fanout714/X (sky130_fd_sc_hd__clkbuf_4)
                                                         net714 (net)
                      0.276865    0.007515    4.470832 ^ fanout713/A (sky130_fd_sc_hd__clkbuf_4)
    10    0.046274    0.232393    0.461192    4.932024 ^ fanout713/X (sky130_fd_sc_hd__clkbuf_4)
                                                         net713 (net)
                      0.232393    0.000882    4.932907 ^ _13696_/RESET_B (sky130_fd_sc_hd__dfrtp_1)
                                              4.932907   data arrival time

                                 15.000000   15.000000   clock clk (rise edge)
                                  0.000000   15.000000   clock source latency
     1    0.050594    0.363095    0.258083   15.258083 ^ clk (in)
                                                         clk (net)
                      0.363560    0.000000   15.258083 ^ clkbuf_0_clk/A (sky130_fd_sc_hd__clkbuf_16)
     8    0.161004    0.263137    0.506523   15.764606 ^ clkbuf_0_clk/X (sky130_fd_sc_hd__clkbuf_16)
                                                         clknet_0_clk (net)
                      0.263483    0.008461   15.773067 ^ clkbuf_3_1__f_clk/A (sky130_fd_sc_hd__clkbuf_16)
     7    0.049509    0.106975    0.347008   16.120075 ^ clkbuf_3_1__f_clk/X (sky130_fd_sc_hd__clkbuf_16)
                                                         clknet_3_1__leaf_clk (net)
                      0.107059    0.002570   16.122644 ^ _13696_/CLK (sky130_fd_sc_hd__dfrtp_1)
                                 -0.250000   15.872646   clock uncertainty
                                  0.000000   15.872646   clock reconvergence pessimism
                                  0.414914   16.287560   library recovery time
                                             16.287560   data required time
---------------------------------------------------------------------------------------------
                                             16.287560   data required time
                                             -4.932907   data arrival time
---------------------------------------------------------------------------------------------
                                             11.354652   slack (MET)


Startpoint: rst_n (input port clocked by clk)
Endpoint: _13695_ (recovery check against rising-edge clock clk)
Path Group: asynchronous
Path Type: max

Fanout         Cap        Slew       Delay        Time   Description
---------------------------------------------------------------------------------------------
                                  0.000000    0.000000   clock clk (rise edge)
                                  0.000000    0.000000   clock network delay (propagated)
                                  3.000000    3.000000 ^ input external delay
     1    0.002658    0.031314    0.015042    3.015042 ^ rst_n (in)
                                                         rst_n (net)
                      0.031314    0.000000    3.015042 ^ input1/A (sky130_fd_sc_hd__buf_2)
     2    0.044903    0.351668    0.379227    3.394269 ^ input1/X (sky130_fd_sc_hd__buf_2)
                                                         net1 (net)
                      0.351671    0.000961    3.395229 ^ fanout715/A (sky130_fd_sc_hd__buf_4)
     9    0.079311    0.352772    0.536990    3.932219 ^ fanout715/X (sky130_fd_sc_hd__buf_4)
                                                         net715 (net)
                      0.352896    0.006196    3.938415 ^ fanout714/A (sky130_fd_sc_hd__clkbuf_4)
     8    0.056412    0.276437    0.524902    4.463317 ^ fanout714/X (sky130_fd_sc_hd__clkbuf_4)
                                                         net714 (net)
                      0.276865    0.007515    4.470832 ^ fanout713/A (sky130_fd_sc_hd__clkbuf_4)
    10    0.046274    0.232393    0.461192    4.932024 ^ fanout713/X (sky130_fd_sc_hd__clkbuf_4)
                                                         net713 (net)
                      0.232393    0.000448    4.932473 ^ _13695_/RESET_B (sky130_fd_sc_hd__dfrtp_1)
                                              4.932473   data arrival time

                                 15.000000   15.000000   clock clk (rise edge)
                                  0.000000   15.000000   clock source latency
     1    0.050594    0.363095    0.258083   15.258083 ^ clk (in)
                                                         clk (net)
                      0.363560    0.000000   15.258083 ^ clkbuf_0_clk/A (sky130_fd_sc_hd__clkbuf_16)
     8    0.161004    0.263137    0.506523   15.764606 ^ clkbuf_0_clk/X (sky130_fd_sc_hd__clkbuf_16)
                                                         clknet_0_clk (net)
                      0.263483    0.008461   15.773067 ^ clkbuf_3_1__f_clk/A (sky130_fd_sc_hd__clkbuf_16)
     7    0.049509    0.106975    0.347008   16.120075 ^ clkbuf_3_1__f_clk/X (sky130_fd_sc_hd__clkbuf_16)
                                                         clknet_3_1__leaf_clk (net)
                      0.107047    0.002396   16.122471 ^ _13695_/CLK (sky130_fd_sc_hd__dfrtp_1)
                                 -0.250000   15.872472   clock uncertainty
                                  0.000000   15.872472   clock reconvergence pessimism
                                  0.414910   16.287380   library recovery time
                                             16.287380   data required time
---------------------------------------------------------------------------------------------
                                             16.287380   data required time
                                             -4.932473   data arrival time
---------------------------------------------------------------------------------------------
                                             11.354908   slack (MET)


Startpoint: rst_n (input port clocked by clk)
Endpoint: _13663_ (recovery check against rising-edge clock clk)
Path Group: asynchronous
Path Type: max

Fanout         Cap        Slew       Delay        Time   Description
---------------------------------------------------------------------------------------------
                                  0.000000    0.000000   clock clk (rise edge)
                                  0.000000    0.000000   clock network delay (propagated)
                                  3.000000    3.000000 ^ input external delay
     1    0.002658    0.031314    0.015042    3.015042 ^ rst_n (in)
                                                         rst_n (net)
                      0.031314    0.000000    3.015042 ^ input1/A (sky130_fd_sc_hd__buf_2)
     2    0.044903    0.351668    0.379227    3.394269 ^ input1/X (sky130_fd_sc_hd__buf_2)
                                                         net1 (net)
                      0.351872    0.007029    3.401298 ^ fanout719/A (sky130_fd_sc_hd__clkbuf_8)
     9    0.109995    0.301870    0.529434    3.930732 ^ fanout719/X (sky130_fd_sc_hd__clkbuf_8)
                                                         net719 (net)
                      0.302185    0.008723    3.939455 ^ fanout718/A (sky130_fd_sc_hd__clkbuf_4)
     8    0.062423    0.302393    0.520561    4.460016 ^ fanout718/X (sky130_fd_sc_hd__clkbuf_4)
                                                         net718 (net)
                      0.303073    0.010532    4.470548 ^ fanout717/A (sky130_fd_sc_hd__buf_4)
    10    0.056160    0.255794    0.447744    4.918292 ^ fanout717/X (sky130_fd_sc_hd__buf_4)
                                                         net717 (net)
                      0.255794    0.000540    4.918832 ^ _13663_/RESET_B (sky130_fd_sc_hd__dfrtp_1)
                                              4.918832   data arrival time

                                 15.000000   15.000000   clock clk (rise edge)
                                  0.000000   15.000000   clock source latency
     1    0.050594    0.363095    0.258083   15.258083 ^ clk (in)
                                                         clk (net)
                      0.363560    0.000000   15.258083 ^ clkbuf_0_clk/A (sky130_fd_sc_hd__clkbuf_16)
     8    0.161004    0.263137    0.506523   15.764606 ^ clkbuf_0_clk/X (sky130_fd_sc_hd__clkbuf_16)
                                                         clknet_0_clk (net)
                      0.263237    0.004894   15.769500 ^ clkbuf_3_4__f_clk/A (sky130_fd_sc_hd__clkbuf_16)
     7    0.049260    0.106677    0.346830   16.116329 ^ clkbuf_3_4__f_clk/X (sky130_fd_sc_hd__clkbuf_16)
                                                         clknet_3_4__leaf_clk (net)
                      0.106716    0.001828   16.118158 ^ _13663_/CLK (sky130_fd_sc_hd__dfrtp_1)
                                 -0.250000   15.868158   clock uncertainty
                                  0.000000   15.868158   clock reconvergence pessimism
                                  0.406151   16.274311   library recovery time
                                             16.274311   data required time
---------------------------------------------------------------------------------------------
                                             16.274311   data required time
                                             -4.918832   data arrival time
---------------------------------------------------------------------------------------------
                                             11.355478   slack (MET)


Startpoint: rst_n (input port clocked by clk)
Endpoint: _13643_ (recovery check against rising-edge clock clk)
Path Group: asynchronous
Path Type: max

Fanout         Cap        Slew       Delay        Time   Description
---------------------------------------------------------------------------------------------
                                  0.000000    0.000000   clock clk (rise edge)
                                  0.000000    0.000000   clock network delay (propagated)
                                  3.000000    3.000000 ^ input external delay
     1    0.002658    0.031314    0.015042    3.015042 ^ rst_n (in)
                                                         rst_n (net)
                      0.031314    0.000000    3.015042 ^ input1/A (sky130_fd_sc_hd__buf_2)
     2    0.044903    0.351668    0.379227    3.394269 ^ input1/X (sky130_fd_sc_hd__buf_2)
                                                         net1 (net)
                      0.351872    0.007029    3.401298 ^ fanout719/A (sky130_fd_sc_hd__clkbuf_8)
     9    0.109995    0.301870    0.529434    3.930732 ^ fanout719/X (sky130_fd_sc_hd__clkbuf_8)
                                                         net719 (net)
                      0.302185    0.008723    3.939455 ^ fanout718/A (sky130_fd_sc_hd__clkbuf_4)
     8    0.062423    0.302393    0.520561    4.460016 ^ fanout718/X (sky130_fd_sc_hd__clkbuf_4)
                                                         net718 (net)
                      0.302393    0.000747    4.460763 ^ fanout716/A (sky130_fd_sc_hd__clkbuf_4)
    10    0.042376    0.215604    0.459888    4.920650 ^ fanout716/X (sky130_fd_sc_hd__clkbuf_4)
                                                         net716 (net)
                      0.215621    0.002062    4.922713 ^ _13643_/RESET_B (sky130_fd_sc_hd__dfrtp_1)
                                              4.922713   data arrival time

                                 15.000000   15.000000   clock clk (rise edge)
                                  0.000000   15.000000   clock source latency
     1    0.050594    0.363095    0.258083   15.258083 ^ clk (in)
                                                         clk (net)
                      0.363560    0.000000   15.258083 ^ clkbuf_0_clk/A (sky130_fd_sc_hd__clkbuf_16)
     8    0.161004    0.263137    0.506523   15.764606 ^ clkbuf_0_clk/X (sky130_fd_sc_hd__clkbuf_16)
                                                         clknet_0_clk (net)
                      0.263237    0.004894   15.769500 ^ clkbuf_3_4__f_clk/A (sky130_fd_sc_hd__clkbuf_16)
     7    0.049260    0.106677    0.346830   16.116329 ^ clkbuf_3_4__f_clk/X (sky130_fd_sc_hd__clkbuf_16)
                                                         clknet_3_4__leaf_clk (net)
                      0.106726    0.002002   16.118332 ^ _13643_/CLK (sky130_fd_sc_hd__dfrtp_1)
                                 -0.250000   15.868333   clock uncertainty
                                  0.000000   15.868333   clock reconvergence pessimism
                                  0.420999   16.289331   library recovery time
                                             16.289331   data required time
---------------------------------------------------------------------------------------------
                                             16.289331   data required time
                                             -4.922713   data arrival time
---------------------------------------------------------------------------------------------
                                             11.366618   slack (MET)


Startpoint: rst_n (input port clocked by clk)
Endpoint: _13646_ (recovery check against rising-edge clock clk)
Path Group: asynchronous
Path Type: max

Fanout         Cap        Slew       Delay        Time   Description
---------------------------------------------------------------------------------------------
                                  0.000000    0.000000   clock clk (rise edge)
                                  0.000000    0.000000   clock network delay (propagated)
                                  3.000000    3.000000 ^ input external delay
     1    0.002658    0.031314    0.015042    3.015042 ^ rst_n (in)
                                                         rst_n (net)
                      0.031314    0.000000    3.015042 ^ input1/A (sky130_fd_sc_hd__buf_2)
     2    0.044903    0.351668    0.379227    3.394269 ^ input1/X (sky130_fd_sc_hd__buf_2)
                                                         net1 (net)
                      0.351872    0.007029    3.401298 ^ fanout719/A (sky130_fd_sc_hd__clkbuf_8)
     9    0.109995    0.301870    0.529434    3.930732 ^ fanout719/X (sky130_fd_sc_hd__clkbuf_8)
                                                         net719 (net)
                      0.302185    0.008723    3.939455 ^ fanout718/A (sky130_fd_sc_hd__clkbuf_4)
     8    0.062423    0.302393    0.520561    4.460016 ^ fanout718/X (sky130_fd_sc_hd__clkbuf_4)
                                                         net718 (net)
                      0.302641    0.004878    4.464893 ^ _13646_/RESET_B (sky130_fd_sc_hd__dfrtp_1)
                                              4.464893   data arrival time

                                 15.000000   15.000000   clock clk (rise edge)
                                  0.000000   15.000000   clock source latency
     1    0.050594    0.363095    0.258083   15.258083 ^ clk (in)
                                                         clk (net)
                      0.363560    0.000000   15.258083 ^ clkbuf_0_clk/A (sky130_fd_sc_hd__clkbuf_16)
     8    0.161004    0.263137    0.506523   15.764606 ^ clkbuf_0_clk/X (sky130_fd_sc_hd__clkbuf_16)
                                                         clknet_0_clk (net)
                      0.263391    0.007367   15.771973 ^ clkbuf_3_6__f_clk/A (sky130_fd_sc_hd__clkbuf_16)
    10    0.030774    0.082164    0.323242   16.095215 ^ clkbuf_3_6__f_clk/X (sky130_fd_sc_hd__clkbuf_16)
                                                         clknet_3_6__leaf_clk (net)
                      0.082174    0.000899   16.096113 ^ _13646_/CLK (sky130_fd_sc_hd__dfrtp_1)
                                 -0.250000   15.846114   clock uncertainty
                                  0.000000   15.846114   clock reconvergence pessimism
                                  0.380526   16.226641   library recovery time
                                             16.226641   data required time
---------------------------------------------------------------------------------------------
                                             16.226641   data required time
                                             -4.464893   data arrival time
---------------------------------------------------------------------------------------------
                                             11.761746   slack (MET)


Startpoint: rst_n (input port clocked by clk)
Endpoint: _13691_ (recovery check against rising-edge clock clk)
Path Group: asynchronous
Path Type: max

Fanout         Cap        Slew       Delay        Time   Description
---------------------------------------------------------------------------------------------
                                  0.000000    0.000000   clock clk (rise edge)
                                  0.000000    0.000000   clock network delay (propagated)
                                  3.000000    3.000000 ^ input external delay
     1    0.002658    0.031314    0.015042    3.015042 ^ rst_n (in)
                                                         rst_n (net)
                      0.031314    0.000000    3.015042 ^ input1/A (sky130_fd_sc_hd__buf_2)
     2    0.044903    0.351668    0.379227    3.394269 ^ input1/X (sky130_fd_sc_hd__buf_2)
                                                         net1 (net)
                      0.351671    0.000961    3.395229 ^ fanout715/A (sky130_fd_sc_hd__buf_4)
     9    0.079311    0.352772    0.536990    3.932219 ^ fanout715/X (sky130_fd_sc_hd__buf_4)
                                                         net715 (net)
                      0.352896    0.006196    3.938415 ^ fanout714/A (sky130_fd_sc_hd__clkbuf_4)
     8    0.056412    0.276437    0.524902    4.463317 ^ fanout714/X (sky130_fd_sc_hd__clkbuf_4)
                                                         net714 (net)
                      0.276892    0.007836    4.471153 ^ _13691_/RESET_B (sky130_fd_sc_hd__dfrtp_1)
                                              4.471153   data arrival time

                                 15.000000   15.000000   clock clk (rise edge)
                                  0.000000   15.000000   clock source latency
     1    0.050594    0.363095    0.258083   15.258083 ^ clk (in)
                                                         clk (net)
                      0.363560    0.000000   15.258083 ^ clkbuf_0_clk/A (sky130_fd_sc_hd__clkbuf_16)
     8    0.161004    0.263137    0.506523   15.764606 ^ clkbuf_0_clk/X (sky130_fd_sc_hd__clkbuf_16)
                                                         clknet_0_clk (net)
                      0.263381    0.007240   15.771847 ^ clkbuf_3_3__f_clk/A (sky130_fd_sc_hd__clkbuf_16)
    10    0.032983    0.085233    0.326217   16.098064 ^ clkbuf_3_3__f_clk/X (sky130_fd_sc_hd__clkbuf_16)
                                                         clknet_3_3__leaf_clk (net)
                      0.085246    0.001107   16.099171 ^ _13691_/CLK (sky130_fd_sc_hd__dfrtp_1)
                                 -0.250000   15.849172   clock uncertainty
                                  0.000000   15.849172   clock reconvergence pessimism
                                  0.391095   16.240267   library recovery time
                                             16.240267   data required time
---------------------------------------------------------------------------------------------
                                             16.240267   data required time
                                             -4.471153   data arrival time
---------------------------------------------------------------------------------------------
                                             11.769114   slack (MET)


Startpoint: rst_n (input port clocked by clk)
Endpoint: _13690_ (recovery check against rising-edge clock clk)
Path Group: asynchronous
Path Type: max

Fanout         Cap        Slew       Delay        Time   Description
---------------------------------------------------------------------------------------------
                                  0.000000    0.000000   clock clk (rise edge)
                                  0.000000    0.000000   clock network delay (propagated)
                                  3.000000    3.000000 ^ input external delay
     1    0.002658    0.031314    0.015042    3.015042 ^ rst_n (in)
                                                         rst_n (net)
                      0.031314    0.000000    3.015042 ^ input1/A (sky130_fd_sc_hd__buf_2)
     2    0.044903    0.351668    0.379227    3.394269 ^ input1/X (sky130_fd_sc_hd__buf_2)
                                                         net1 (net)
                      0.351671    0.000961    3.395229 ^ fanout715/A (sky130_fd_sc_hd__buf_4)
     9    0.079311    0.352772    0.536990    3.932219 ^ fanout715/X (sky130_fd_sc_hd__buf_4)
                                                         net715 (net)
                      0.352896    0.006196    3.938415 ^ fanout714/A (sky130_fd_sc_hd__clkbuf_4)
     8    0.056412    0.276437    0.524902    4.463317 ^ fanout714/X (sky130_fd_sc_hd__clkbuf_4)
                                                         net714 (net)
                      0.276905    0.007981    4.471298 ^ _13690_/RESET_B (sky130_fd_sc_hd__dfrtp_1)
                                              4.471298   data arrival time

                                 15.000000   15.000000   clock clk (rise edge)
                                  0.000000   15.000000   clock source latency
     1    0.050594    0.363095    0.258083   15.258083 ^ clk (in)
                                                         clk (net)
                      0.363560    0.000000   15.258083 ^ clkbuf_0_clk/A (sky130_fd_sc_hd__clkbuf_16)
     8    0.161004    0.263137    0.506523   15.764606 ^ clkbuf_0_clk/X (sky130_fd_sc_hd__clkbuf_16)
                                                         clknet_0_clk (net)
                      0.263381    0.007240   15.771847 ^ clkbuf_3_3__f_clk/A (sky130_fd_sc_hd__clkbuf_16)
    10    0.032983    0.085233    0.326217   16.098064 ^ clkbuf_3_3__f_clk/X (sky130_fd_sc_hd__clkbuf_16)
                                                         clknet_3_3__leaf_clk (net)
                      0.085259    0.001428   16.099491 ^ _13690_/CLK (sky130_fd_sc_hd__dfrtp_1)
                                 -0.250000   15.849493   clock uncertainty
                                  0.000000   15.849493   clock reconvergence pessimism
                                  0.391095   16.240587   library recovery time
                                             16.240587   data required time
---------------------------------------------------------------------------------------------
                                             16.240587   data required time
                                             -4.471298   data arrival time
---------------------------------------------------------------------------------------------
                                             11.769290   slack (MET)


Startpoint: rst_n (input port clocked by clk)
Endpoint: _13689_ (recovery check against rising-edge clock clk)
Path Group: asynchronous
Path Type: max

Fanout         Cap        Slew       Delay        Time   Description
---------------------------------------------------------------------------------------------
                                  0.000000    0.000000   clock clk (rise edge)
                                  0.000000    0.000000   clock network delay (propagated)
                                  3.000000    3.000000 ^ input external delay
     1    0.002658    0.031314    0.015042    3.015042 ^ rst_n (in)
                                                         rst_n (net)
                      0.031314    0.000000    3.015042 ^ input1/A (sky130_fd_sc_hd__buf_2)
     2    0.044903    0.351668    0.379227    3.394269 ^ input1/X (sky130_fd_sc_hd__buf_2)
                                                         net1 (net)
                      0.351671    0.000961    3.395229 ^ fanout715/A (sky130_fd_sc_hd__buf_4)
     9    0.079311    0.352772    0.536990    3.932219 ^ fanout715/X (sky130_fd_sc_hd__buf_4)
                                                         net715 (net)
                      0.352896    0.006196    3.938415 ^ fanout714/A (sky130_fd_sc_hd__clkbuf_4)
     8    0.056412    0.276437    0.524902    4.463317 ^ fanout714/X (sky130_fd_sc_hd__clkbuf_4)
                                                         net714 (net)
                      0.276908    0.008017    4.471334 ^ _13689_/RESET_B (sky130_fd_sc_hd__dfrtp_1)
                                              4.471334   data arrival time

                                 15.000000   15.000000   clock clk (rise edge)
                                  0.000000   15.000000   clock source latency
     1    0.050594    0.363095    0.258083   15.258083 ^ clk (in)
                                                         clk (net)
                      0.363560    0.000000   15.258083 ^ clkbuf_0_clk/A (sky130_fd_sc_hd__clkbuf_16)
     8    0.161004    0.263137    0.506523   15.764606 ^ clkbuf_0_clk/X (sky130_fd_sc_hd__clkbuf_16)
                                                         clknet_0_clk (net)
                      0.263381    0.007240   15.771847 ^ clkbuf_3_3__f_clk/A (sky130_fd_sc_hd__clkbuf_16)
    10    0.032983    0.085233    0.326217   16.098064 ^ clkbuf_3_3__f_clk/X (sky130_fd_sc_hd__clkbuf_16)
                                                         clknet_3_3__leaf_clk (net)
                      0.085269    0.001624   16.099688 ^ _13689_/CLK (sky130_fd_sc_hd__dfrtp_1)
                                 -0.250000   15.849689   clock uncertainty
                                  0.000000   15.849689   clock reconvergence pessimism
                                  0.391097   16.240786   library recovery time
                                             16.240786   data required time
---------------------------------------------------------------------------------------------
                                             16.240786   data required time
                                             -4.471334   data arrival time
---------------------------------------------------------------------------------------------
                                             11.769451   slack (MET)


Startpoint: rst_n (input port clocked by clk)
Endpoint: _13671_ (recovery check against rising-edge clock clk)
Path Group: asynchronous
Path Type: max

Fanout         Cap        Slew       Delay        Time   Description
---------------------------------------------------------------------------------------------
                                  0.000000    0.000000   clock clk (rise edge)
                                  0.000000    0.000000   clock network delay (propagated)
                                  3.000000    3.000000 ^ input external delay
     1    0.002658    0.031314    0.015042    3.015042 ^ rst_n (in)
                                                         rst_n (net)
                      0.031314    0.000000    3.015042 ^ input1/A (sky130_fd_sc_hd__buf_2)
     2    0.044903    0.351668    0.379227    3.394269 ^ input1/X (sky130_fd_sc_hd__buf_2)
                                                         net1 (net)
                      0.351671    0.000961    3.395229 ^ fanout715/A (sky130_fd_sc_hd__buf_4)
     9    0.079311    0.352772    0.536990    3.932219 ^ fanout715/X (sky130_fd_sc_hd__buf_4)
                                                         net715 (net)
                      0.352896    0.006196    3.938415 ^ fanout714/A (sky130_fd_sc_hd__clkbuf_4)
     8    0.056412    0.276437    0.524902    4.463317 ^ fanout714/X (sky130_fd_sc_hd__clkbuf_4)
                                                         net714 (net)
                      0.276595    0.006212    4.469529 ^ _13671_/RESET_B (sky130_fd_sc_hd__dfrtp_1)
                                              4.469529   data arrival time

                                 15.000000   15.000000   clock clk (rise edge)
                                  0.000000   15.000000   clock source latency
     1    0.050594    0.363095    0.258083   15.258083 ^ clk (in)
                                                         clk (net)
                      0.363560    0.000000   15.258083 ^ clkbuf_0_clk/A (sky130_fd_sc_hd__clkbuf_16)
     8    0.161004    0.263137    0.506523   15.764606 ^ clkbuf_0_clk/X (sky130_fd_sc_hd__clkbuf_16)
                                                         clknet_0_clk (net)
                      0.263474    0.008367   15.772973 ^ clkbuf_3_2__f_clk/A (sky130_fd_sc_hd__clkbuf_16)
    10    0.038118    0.092712    0.332619   16.105593 ^ clkbuf_3_2__f_clk/X (sky130_fd_sc_hd__clkbuf_16)
                                                         clknet_3_2__leaf_clk (net)
                      0.092766    0.002153   16.107744 ^ _13671_/CLK (sky130_fd_sc_hd__dfrtp_1)
                                 -0.250000   15.857746   clock uncertainty
                                  0.000000   15.857746   clock reconvergence pessimism
                                  0.393747   16.251493   library recovery time
                                             16.251493   data required time
---------------------------------------------------------------------------------------------
                                             16.251493   data required time
                                             -4.469529   data arrival time
---------------------------------------------------------------------------------------------
                                             11.781964   slack (MET)


Startpoint: rst_n (input port clocked by clk)
Endpoint: _13659_ (recovery check against rising-edge clock clk)
Path Group: asynchronous
Path Type: max

Fanout         Cap        Slew       Delay        Time   Description
---------------------------------------------------------------------------------------------
                                  0.000000    0.000000   clock clk (rise edge)
                                  0.000000    0.000000   clock network delay (propagated)
                                  3.000000    3.000000 ^ input external delay
     1    0.002658    0.031314    0.015042    3.015042 ^ rst_n (in)
                                                         rst_n (net)
                      0.031314    0.000000    3.015042 ^ input1/A (sky130_fd_sc_hd__buf_2)
     2    0.044903    0.351668    0.379227    3.394269 ^ input1/X (sky130_fd_sc_hd__buf_2)
                                                         net1 (net)
                      0.351872    0.007029    3.401298 ^ fanout719/A (sky130_fd_sc_hd__clkbuf_8)
     9    0.109995    0.301870    0.529434    3.930732 ^ fanout719/X (sky130_fd_sc_hd__clkbuf_8)
                                                         net719 (net)
                      0.302185    0.008723    3.939455 ^ fanout718/A (sky130_fd_sc_hd__clkbuf_4)
     8    0.062423    0.302393    0.520561    4.460016 ^ fanout718/X (sky130_fd_sc_hd__clkbuf_4)
                                                         net718 (net)
                      0.303055    0.010356    4.470372 ^ _13659_/RESET_B (sky130_fd_sc_hd__dfrtp_1)
                                              4.470372   data arrival time

                                 15.000000   15.000000   clock clk (rise edge)
                                  0.000000   15.000000   clock source latency
     1    0.050594    0.363095    0.258083   15.258083 ^ clk (in)
                                                         clk (net)
                      0.363560    0.000000   15.258083 ^ clkbuf_0_clk/A (sky130_fd_sc_hd__clkbuf_16)
     8    0.161004    0.263137    0.506523   15.764606 ^ clkbuf_0_clk/X (sky130_fd_sc_hd__clkbuf_16)
                                                         clknet_0_clk (net)
                      0.263320    0.006368   15.770974 ^ clkbuf_3_7__f_clk/A (sky130_fd_sc_hd__clkbuf_16)
    10    0.045622    0.101783    0.342633   16.113607 ^ clkbuf_3_7__f_clk/X (sky130_fd_sc_hd__clkbuf_16)
                                                         clknet_3_7__leaf_clk (net)
                      0.101859    0.002379   16.115986 ^ _13659_/CLK (sky130_fd_sc_hd__dfrtp_1)
                                 -0.250000   15.865986   clock uncertainty
                                  0.000000   15.865986   clock reconvergence pessimism
                                  0.387041   16.253027   library recovery time
                                             16.253027   data required time
---------------------------------------------------------------------------------------------
                                             16.253027   data required time
                                             -4.470372   data arrival time
---------------------------------------------------------------------------------------------
                                             11.782656   slack (MET)


Startpoint: rst_n (input port clocked by clk)
Endpoint: _13658_ (recovery check against rising-edge clock clk)
Path Group: asynchronous
Path Type: max

Fanout         Cap        Slew       Delay        Time   Description
---------------------------------------------------------------------------------------------
                                  0.000000    0.000000   clock clk (rise edge)
                                  0.000000    0.000000   clock network delay (propagated)
                                  3.000000    3.000000 ^ input external delay
     1    0.002658    0.031314    0.015042    3.015042 ^ rst_n (in)
                                                         rst_n (net)
                      0.031314    0.000000    3.015042 ^ input1/A (sky130_fd_sc_hd__buf_2)
     2    0.044903    0.351668    0.379227    3.394269 ^ input1/X (sky130_fd_sc_hd__buf_2)
                                                         net1 (net)
                      0.351872    0.007029    3.401298 ^ fanout719/A (sky130_fd_sc_hd__clkbuf_8)
     9    0.109995    0.301870    0.529434    3.930732 ^ fanout719/X (sky130_fd_sc_hd__clkbuf_8)
                                                         net719 (net)
                      0.302185    0.008723    3.939455 ^ fanout718/A (sky130_fd_sc_hd__clkbuf_4)
     8    0.062423    0.302393    0.520561    4.460016 ^ fanout718/X (sky130_fd_sc_hd__clkbuf_4)
                                                         net718 (net)
                      0.303024    0.010055    4.470070 ^ _13658_/RESET_B (sky130_fd_sc_hd__dfrtp_1)
                                              4.470070   data arrival time

                                 15.000000   15.000000   clock clk (rise edge)
                                  0.000000   15.000000   clock source latency
     1    0.050594    0.363095    0.258083   15.258083 ^ clk (in)
                                                         clk (net)
                      0.363560    0.000000   15.258083 ^ clkbuf_0_clk/A (sky130_fd_sc_hd__clkbuf_16)
     8    0.161004    0.263137    0.506523   15.764606 ^ clkbuf_0_clk/X (sky130_fd_sc_hd__clkbuf_16)
                                                         clknet_0_clk (net)
                      0.263320    0.006368   15.770974 ^ clkbuf_3_7__f_clk/A (sky130_fd_sc_hd__clkbuf_16)
    10    0.045622    0.101783    0.342633   16.113607 ^ clkbuf_3_7__f_clk/X (sky130_fd_sc_hd__clkbuf_16)
                                                         clknet_3_7__leaf_clk (net)
                      0.101852    0.002276   16.115883 ^ _13658_/CLK (sky130_fd_sc_hd__dfrtp_1)
                                 -0.250000   15.865883   clock uncertainty
                                  0.000000   15.865883   clock reconvergence pessimism
                                  0.387050   16.252934   library recovery time
                                             16.252934   data required time
---------------------------------------------------------------------------------------------
                                             16.252934   data required time
                                             -4.470070   data arrival time
---------------------------------------------------------------------------------------------
                                             11.782863   slack (MET)


Startpoint: rst_n (input port clocked by clk)
Endpoint: _13657_ (recovery check against rising-edge clock clk)
Path Group: asynchronous
Path Type: max

Fanout         Cap        Slew       Delay        Time   Description
---------------------------------------------------------------------------------------------
                                  0.000000    0.000000   clock clk (rise edge)
                                  0.000000    0.000000   clock network delay (propagated)
                                  3.000000    3.000000 ^ input external delay
     1    0.002658    0.031314    0.015042    3.015042 ^ rst_n (in)
                                                         rst_n (net)
                      0.031314    0.000000    3.015042 ^ input1/A (sky130_fd_sc_hd__buf_2)
     2    0.044903    0.351668    0.379227    3.394269 ^ input1/X (sky130_fd_sc_hd__buf_2)
                                                         net1 (net)
                      0.351872    0.007029    3.401298 ^ fanout719/A (sky130_fd_sc_hd__clkbuf_8)
     9    0.109995    0.301870    0.529434    3.930732 ^ fanout719/X (sky130_fd_sc_hd__clkbuf_8)
                                                         net719 (net)
                      0.302185    0.008723    3.939455 ^ fanout718/A (sky130_fd_sc_hd__clkbuf_4)
     8    0.062423    0.302393    0.520561    4.460016 ^ fanout718/X (sky130_fd_sc_hd__clkbuf_4)
                                                         net718 (net)
                      0.302971    0.009519    4.469535 ^ _13657_/RESET_B (sky130_fd_sc_hd__dfrtp_1)
                                              4.469535   data arrival time

                                 15.000000   15.000000   clock clk (rise edge)
                                  0.000000   15.000000   clock source latency
     1    0.050594    0.363095    0.258083   15.258083 ^ clk (in)
                                                         clk (net)
                      0.363560    0.000000   15.258083 ^ clkbuf_0_clk/A (sky130_fd_sc_hd__clkbuf_16)
     8    0.161004    0.263137    0.506523   15.764606 ^ clkbuf_0_clk/X (sky130_fd_sc_hd__clkbuf_16)
                                                         clknet_0_clk (net)
                      0.263320    0.006368   15.770974 ^ clkbuf_3_7__f_clk/A (sky130_fd_sc_hd__clkbuf_16)
    10    0.045622    0.101783    0.342633   16.113607 ^ clkbuf_3_7__f_clk/X (sky130_fd_sc_hd__clkbuf_16)
                                                         clknet_3_7__leaf_clk (net)
                      0.101849    0.002236   16.115843 ^ _13657_/CLK (sky130_fd_sc_hd__dfrtp_1)
                                 -0.250000   15.865844   clock uncertainty
                                  0.000000   15.865844   clock reconvergence pessimism
                                  0.387069   16.252913   library recovery time
                                             16.252913   data required time
---------------------------------------------------------------------------------------------
                                             16.252913   data required time
                                             -4.469535   data arrival time
---------------------------------------------------------------------------------------------
                                             11.783378   slack (MET)


Startpoint: rst_n (input port clocked by clk)
Endpoint: _13678_ (recovery check against rising-edge clock clk)
Path Group: asynchronous
Path Type: max

Fanout         Cap        Slew       Delay        Time   Description
---------------------------------------------------------------------------------------------
                                  0.000000    0.000000   clock clk (rise edge)
                                  0.000000    0.000000   clock network delay (propagated)
                                  3.000000    3.000000 ^ input external delay
     1    0.002658    0.031314    0.015042    3.015042 ^ rst_n (in)
                                                         rst_n (net)
                      0.031314    0.000000    3.015042 ^ input1/A (sky130_fd_sc_hd__buf_2)
     2    0.044903    0.351668    0.379227    3.394269 ^ input1/X (sky130_fd_sc_hd__buf_2)
                                                         net1 (net)
                      0.351671    0.000961    3.395229 ^ fanout715/A (sky130_fd_sc_hd__buf_4)
     9    0.079311    0.352772    0.536990    3.932219 ^ fanout715/X (sky130_fd_sc_hd__buf_4)
                                                         net715 (net)
                      0.352896    0.006196    3.938415 ^ fanout714/A (sky130_fd_sc_hd__clkbuf_4)
     8    0.056412    0.276437    0.524902    4.463317 ^ fanout714/X (sky130_fd_sc_hd__clkbuf_4)
                                                         net714 (net)
                      0.276440    0.001678    4.464995 ^ _13678_/RESET_B (sky130_fd_sc_hd__dfrtp_1)
                                              4.464995   data arrival time

                                 15.000000   15.000000   clock clk (rise edge)
                                  0.000000   15.000000   clock source latency
     1    0.050594    0.363095    0.258083   15.258083 ^ clk (in)
                                                         clk (net)
                      0.363560    0.000000   15.258083 ^ clkbuf_0_clk/A (sky130_fd_sc_hd__clkbuf_16)
     8    0.161004    0.263137    0.506523   15.764606 ^ clkbuf_0_clk/X (sky130_fd_sc_hd__clkbuf_16)
                                                         clknet_0_clk (net)
                      0.263474    0.008367   15.772973 ^ clkbuf_3_2__f_clk/A (sky130_fd_sc_hd__clkbuf_16)
    10    0.038118    0.092712    0.332619   16.105593 ^ clkbuf_3_2__f_clk/X (sky130_fd_sc_hd__clkbuf_16)
                                                         clknet_3_2__leaf_clk (net)
                      0.092949    0.004043   16.109634 ^ _13678_/CLK (sky130_fd_sc_hd__dfrtp_1)
                                 -0.250000   15.859636   clock uncertainty
                                  0.000000   15.859636   clock reconvergence pessimism
                                  0.393867   16.253502   library recovery time
                                             16.253502   data required time
---------------------------------------------------------------------------------------------
                                             16.253502   data required time
                                             -4.464995   data arrival time
---------------------------------------------------------------------------------------------
                                             11.788507   slack (MET)


Startpoint: rst_n (input port clocked by clk)
Endpoint: _13644_ (recovery check against rising-edge clock clk)
Path Group: asynchronous
Path Type: max

Fanout         Cap        Slew       Delay        Time   Description
---------------------------------------------------------------------------------------------
                                  0.000000    0.000000   clock clk (rise edge)
                                  0.000000    0.000000   clock network delay (propagated)
                                  3.000000    3.000000 ^ input external delay
     1    0.002658    0.031314    0.015042    3.015042 ^ rst_n (in)
                                                         rst_n (net)
                      0.031314    0.000000    3.015042 ^ input1/A (sky130_fd_sc_hd__buf_2)
     2    0.044903    0.351668    0.379227    3.394269 ^ input1/X (sky130_fd_sc_hd__buf_2)
                                                         net1 (net)
                      0.351872    0.007029    3.401298 ^ fanout719/A (sky130_fd_sc_hd__clkbuf_8)
     9    0.109995    0.301870    0.529434    3.930732 ^ fanout719/X (sky130_fd_sc_hd__clkbuf_8)
                                                         net719 (net)
                      0.302185    0.008723    3.939455 ^ fanout718/A (sky130_fd_sc_hd__clkbuf_4)
     8    0.062423    0.302393    0.520561    4.460016 ^ fanout718/X (sky130_fd_sc_hd__clkbuf_4)
                                                         net718 (net)
                      0.302676    0.005570    4.465586 ^ _13644_/RESET_B (sky130_fd_sc_hd__dfrtp_1)
                                              4.465586   data arrival time

                                 15.000000   15.000000   clock clk (rise edge)
                                  0.000000   15.000000   clock source latency
     1    0.050594    0.363095    0.258083   15.258083 ^ clk (in)
                                                         clk (net)
                      0.363560    0.000000   15.258083 ^ clkbuf_0_clk/A (sky130_fd_sc_hd__clkbuf_16)
     8    0.161004    0.263137    0.506523   15.764606 ^ clkbuf_0_clk/X (sky130_fd_sc_hd__clkbuf_16)
                                                         clknet_0_clk (net)
                      0.263237    0.004894   15.769500 ^ clkbuf_3_4__f_clk/A (sky130_fd_sc_hd__clkbuf_16)
     7    0.049260    0.106677    0.346830   16.116329 ^ clkbuf_3_4__f_clk/X (sky130_fd_sc_hd__clkbuf_16)
                                                         clknet_3_4__leaf_clk (net)
                      0.106725    0.001990   16.118320 ^ _13644_/CLK (sky130_fd_sc_hd__dfrtp_1)
                                 -0.250000   15.868320   clock uncertainty
                                  0.000000   15.868320   clock reconvergence pessimism
                                  0.388830   16.257151   library recovery time
                                             16.257151   data required time
---------------------------------------------------------------------------------------------
                                             16.257151   data required time
                                             -4.465586   data arrival time
---------------------------------------------------------------------------------------------
                                             11.791565   slack (MET)


Startpoint: rst_n (input port clocked by clk)
Endpoint: _13645_ (recovery check against rising-edge clock clk)
Path Group: asynchronous
Path Type: max

Fanout         Cap        Slew       Delay        Time   Description
---------------------------------------------------------------------------------------------
                                  0.000000    0.000000   clock clk (rise edge)
                                  0.000000    0.000000   clock network delay (propagated)
                                  3.000000    3.000000 ^ input external delay
     1    0.002658    0.031314    0.015042    3.015042 ^ rst_n (in)
                                                         rst_n (net)
                      0.031314    0.000000    3.015042 ^ input1/A (sky130_fd_sc_hd__buf_2)
     2    0.044903    0.351668    0.379227    3.394269 ^ input1/X (sky130_fd_sc_hd__buf_2)
                                                         net1 (net)
                      0.351872    0.007029    3.401298 ^ fanout719/A (sky130_fd_sc_hd__clkbuf_8)
     9    0.109995    0.301870    0.529434    3.930732 ^ fanout719/X (sky130_fd_sc_hd__clkbuf_8)
                                                         net719 (net)
                      0.302185    0.008723    3.939455 ^ fanout718/A (sky130_fd_sc_hd__clkbuf_4)
     8    0.062423    0.302393    0.520561    4.460016 ^ fanout718/X (sky130_fd_sc_hd__clkbuf_4)
                                                         net718 (net)
                      0.302668    0.005426    4.465442 ^ _13645_/RESET_B (sky130_fd_sc_hd__dfrtp_1)
                                              4.465442   data arrival time

                                 15.000000   15.000000   clock clk (rise edge)
                                  0.000000   15.000000   clock source latency
     1    0.050594    0.363095    0.258083   15.258083 ^ clk (in)
                                                         clk (net)
                      0.363560    0.000000   15.258083 ^ clkbuf_0_clk/A (sky130_fd_sc_hd__clkbuf_16)
     8    0.161004    0.263137    0.506523   15.764606 ^ clkbuf_0_clk/X (sky130_fd_sc_hd__clkbuf_16)
                                                         clknet_0_clk (net)
                      0.263237    0.004894   15.769500 ^ clkbuf_3_4__f_clk/A (sky130_fd_sc_hd__clkbuf_16)
     7    0.049260    0.106677    0.346830   16.116329 ^ clkbuf_3_4__f_clk/X (sky130_fd_sc_hd__clkbuf_16)
                                                         clknet_3_4__leaf_clk (net)
                      0.106725    0.001988   16.118319 ^ _13645_/CLK (sky130_fd_sc_hd__dfrtp_1)
                                 -0.250000   15.868319   clock uncertainty
                                  0.000000   15.868319   clock reconvergence pessimism
                                  0.388832   16.257151   library recovery time
                                             16.257151   data required time
---------------------------------------------------------------------------------------------
                                             16.257151   data required time
                                             -4.465442   data arrival time
---------------------------------------------------------------------------------------------
                                             11.791709   slack (MET)


Startpoint: rst_n (input port clocked by clk)
Endpoint: _13679_ (recovery check against rising-edge clock clk)
Path Group: asynchronous
Path Type: max

Fanout         Cap        Slew       Delay        Time   Description
---------------------------------------------------------------------------------------------
                                  0.000000    0.000000   clock clk (rise edge)
                                  0.000000    0.000000   clock network delay (propagated)
                                  3.000000    3.000000 ^ input external delay
     1    0.002658    0.031314    0.015042    3.015042 ^ rst_n (in)
                                                         rst_n (net)
                      0.031314    0.000000    3.015042 ^ input1/A (sky130_fd_sc_hd__buf_2)
     2    0.044903    0.351668    0.379227    3.394269 ^ input1/X (sky130_fd_sc_hd__buf_2)
                                                         net1 (net)
                      0.351671    0.000961    3.395229 ^ fanout715/A (sky130_fd_sc_hd__buf_4)
     9    0.079311    0.352772    0.536990    3.932219 ^ fanout715/X (sky130_fd_sc_hd__buf_4)
                                                         net715 (net)
                      0.352896    0.006196    3.938415 ^ fanout714/A (sky130_fd_sc_hd__clkbuf_4)
     8    0.056412    0.276437    0.524902    4.463317 ^ fanout714/X (sky130_fd_sc_hd__clkbuf_4)
                                                         net714 (net)
                      0.276437    0.001158    4.464475 ^ _13679_/RESET_B (sky130_fd_sc_hd__dfrtp_1)
                                              4.464475   data arrival time

                                 15.000000   15.000000   clock clk (rise edge)
                                  0.000000   15.000000   clock source latency
     1    0.050594    0.363095    0.258083   15.258083 ^ clk (in)
                                                         clk (net)
                      0.363560    0.000000   15.258083 ^ clkbuf_0_clk/A (sky130_fd_sc_hd__clkbuf_16)
     8    0.161004    0.263137    0.506523   15.764606 ^ clkbuf_0_clk/X (sky130_fd_sc_hd__clkbuf_16)
                                                         clknet_0_clk (net)
                      0.263483    0.008461   15.773067 ^ clkbuf_3_1__f_clk/A (sky130_fd_sc_hd__clkbuf_16)
     7    0.049509    0.106975    0.347008   16.120075 ^ clkbuf_3_1__f_clk/X (sky130_fd_sc_hd__clkbuf_16)
                                                         clknet_3_1__leaf_clk (net)
                      0.107022    0.001997   16.122070 ^ _13679_/CLK (sky130_fd_sc_hd__dfrtp_1)
                                 -0.250000   15.872072   clock uncertainty
                                  0.000000   15.872072   clock reconvergence pessimism
                                  0.398626   16.270697   library recovery time
                                             16.270697   data required time
---------------------------------------------------------------------------------------------
                                             16.270697   data required time
                                             -4.464475   data arrival time
---------------------------------------------------------------------------------------------
                                             11.806222   slack (MET)


Startpoint: rst_n (input port clocked by clk)
Endpoint: _13699_ (recovery check against rising-edge clock clk)
Path Group: asynchronous
Path Type: max

Fanout         Cap        Slew       Delay        Time   Description
---------------------------------------------------------------------------------------------
                                  0.000000    0.000000   clock clk (rise edge)
                                  0.000000    0.000000   clock network delay (propagated)
                                  3.000000    3.000000 ^ input external delay
     1    0.002658    0.031314    0.015042    3.015042 ^ rst_n (in)
                                                         rst_n (net)
                      0.031314    0.000000    3.015042 ^ input1/A (sky130_fd_sc_hd__buf_2)
     2    0.044903    0.351668    0.379227    3.394269 ^ input1/X (sky130_fd_sc_hd__buf_2)
                                                         net1 (net)
                      0.351671    0.000961    3.395229 ^ fanout715/A (sky130_fd_sc_hd__buf_4)
     9    0.079311    0.352772    0.536990    3.932219 ^ fanout715/X (sky130_fd_sc_hd__buf_4)
                                                         net715 (net)
                      0.352842    0.004852    3.937071 ^ _13699_/RESET_B (sky130_fd_sc_hd__dfrtp_1)
                                              3.937071   data arrival time

                                 15.000000   15.000000   clock clk (rise edge)
                                  0.000000   15.000000   clock source latency
     1    0.050594    0.363095    0.258083   15.258083 ^ clk (in)
                                                         clk (net)
                      0.363560    0.000000   15.258083 ^ clkbuf_0_clk/A (sky130_fd_sc_hd__clkbuf_16)
     8    0.161004    0.263137    0.506523   15.764606 ^ clkbuf_0_clk/X (sky130_fd_sc_hd__clkbuf_16)
                                                         clknet_0_clk (net)
                      0.263436    0.007926   15.772532 ^ clkbuf_3_0__f_clk/A (sky130_fd_sc_hd__clkbuf_16)
     9    0.060542    0.122080    0.357872   16.130404 ^ clkbuf_3_0__f_clk/X (sky130_fd_sc_hd__clkbuf_16)
                                                         clknet_3_0__leaf_clk (net)
                      0.122213    0.003613   16.134018 ^ _13699_/CLK (sky130_fd_sc_hd__dfrtp_1)
                                 -0.250000   15.884018   clock uncertainty
                                  0.000000   15.884018   clock reconvergence pessimism
                                  0.375558   16.259575   library recovery time
                                             16.259575   data required time
---------------------------------------------------------------------------------------------
                                             16.259575   data required time
                                             -3.937071   data arrival time
---------------------------------------------------------------------------------------------
                                             12.322504   slack (MET)


Startpoint: rst_n (input port clocked by clk)
Endpoint: _13700_ (recovery check against rising-edge clock clk)
Path Group: asynchronous
Path Type: max

Fanout         Cap        Slew       Delay        Time   Description
---------------------------------------------------------------------------------------------
                                  0.000000    0.000000   clock clk (rise edge)
                                  0.000000    0.000000   clock network delay (propagated)
                                  3.000000    3.000000 ^ input external delay
     1    0.002658    0.031314    0.015042    3.015042 ^ rst_n (in)
                                                         rst_n (net)
                      0.031314    0.000000    3.015042 ^ input1/A (sky130_fd_sc_hd__buf_2)
     2    0.044903    0.351668    0.379227    3.394269 ^ input1/X (sky130_fd_sc_hd__buf_2)
                                                         net1 (net)
                      0.351671    0.000961    3.395229 ^ fanout715/A (sky130_fd_sc_hd__buf_4)
     9    0.079311    0.352772    0.536990    3.932219 ^ fanout715/X (sky130_fd_sc_hd__buf_4)
                                                         net715 (net)
                      0.352838    0.004761    3.936980 ^ _13700_/RESET_B (sky130_fd_sc_hd__dfrtp_1)
                                              3.936980   data arrival time

                                 15.000000   15.000000   clock clk (rise edge)
                                  0.000000   15.000000   clock source latency
     1    0.050594    0.363095    0.258083   15.258083 ^ clk (in)
                                                         clk (net)
                      0.363560    0.000000   15.258083 ^ clkbuf_0_clk/A (sky130_fd_sc_hd__clkbuf_16)
     8    0.161004    0.263137    0.506523   15.764606 ^ clkbuf_0_clk/X (sky130_fd_sc_hd__clkbuf_16)
                                                         clknet_0_clk (net)
                      0.263436    0.007926   15.772532 ^ clkbuf_3_0__f_clk/A (sky130_fd_sc_hd__clkbuf_16)
     9    0.060542    0.122080    0.357872   16.130404 ^ clkbuf_3_0__f_clk/X (sky130_fd_sc_hd__clkbuf_16)
                                                         clknet_3_0__leaf_clk (net)
                      0.122217    0.003656   16.134060 ^ _13700_/CLK (sky130_fd_sc_hd__dfrtp_1)
                                 -0.250000   15.884061   clock uncertainty
                                  0.000000   15.884061   clock reconvergence pessimism
                                  0.375560   16.259623   library recovery time
                                             16.259623   data required time
---------------------------------------------------------------------------------------------
                                             16.259623   data required time
                                             -3.936980   data arrival time
---------------------------------------------------------------------------------------------
                                             12.322641   slack (MET)


Startpoint: rst_n (input port clocked by clk)
Endpoint: _13701_ (recovery check against rising-edge clock clk)
Path Group: asynchronous
Path Type: max

Fanout         Cap        Slew       Delay        Time   Description
---------------------------------------------------------------------------------------------
                                  0.000000    0.000000   clock clk (rise edge)
                                  0.000000    0.000000   clock network delay (propagated)
                                  3.000000    3.000000 ^ input external delay
     1    0.002658    0.031314    0.015042    3.015042 ^ rst_n (in)
                                                         rst_n (net)
                      0.031314    0.000000    3.015042 ^ input1/A (sky130_fd_sc_hd__buf_2)
     2    0.044903    0.351668    0.379227    3.394269 ^ input1/X (sky130_fd_sc_hd__buf_2)
                                                         net1 (net)
                      0.351671    0.000961    3.395229 ^ fanout715/A (sky130_fd_sc_hd__buf_4)
     9    0.079311    0.352772    0.536990    3.932219 ^ fanout715/X (sky130_fd_sc_hd__buf_4)
                                                         net715 (net)
                      0.352833    0.004600    3.936819 ^ _13701_/RESET_B (sky130_fd_sc_hd__dfrtp_1)
                                              3.936819   data arrival time

                                 15.000000   15.000000   clock clk (rise edge)
                                  0.000000   15.000000   clock source latency
     1    0.050594    0.363095    0.258083   15.258083 ^ clk (in)
                                                         clk (net)
                      0.363560    0.000000   15.258083 ^ clkbuf_0_clk/A (sky130_fd_sc_hd__clkbuf_16)
     8    0.161004    0.263137    0.506523   15.764606 ^ clkbuf_0_clk/X (sky130_fd_sc_hd__clkbuf_16)
                                                         clknet_0_clk (net)
                      0.263436    0.007926   15.772532 ^ clkbuf_3_0__f_clk/A (sky130_fd_sc_hd__clkbuf_16)
     9    0.060542    0.122080    0.357872   16.130404 ^ clkbuf_3_0__f_clk/X (sky130_fd_sc_hd__clkbuf_16)
                                                         clknet_3_0__leaf_clk (net)
                      0.122229    0.003785   16.134190 ^ _13701_/CLK (sky130_fd_sc_hd__dfrtp_1)
                                 -0.250000   15.884191   clock uncertainty
                                  0.000000   15.884191   clock reconvergence pessimism
                                  0.375566   16.259756   library recovery time
                                             16.259756   data required time
---------------------------------------------------------------------------------------------
                                             16.259756   data required time
                                             -3.936819   data arrival time
---------------------------------------------------------------------------------------------
                                             12.322938   slack (MET)


Startpoint: rst_n (input port clocked by clk)
Endpoint: _13698_ (recovery check against rising-edge clock clk)
Path Group: asynchronous
Path Type: max

Fanout         Cap        Slew       Delay        Time   Description
---------------------------------------------------------------------------------------------
                                  0.000000    0.000000   clock clk (rise edge)
                                  0.000000    0.000000   clock network delay (propagated)
                                  3.000000    3.000000 ^ input external delay
     1    0.002658    0.031314    0.015042    3.015042 ^ rst_n (in)
                                                         rst_n (net)
                      0.031314    0.000000    3.015042 ^ input1/A (sky130_fd_sc_hd__buf_2)
     2    0.044903    0.351668    0.379227    3.394269 ^ input1/X (sky130_fd_sc_hd__buf_2)
                                                         net1 (net)
                      0.351671    0.000961    3.395229 ^ fanout715/A (sky130_fd_sc_hd__buf_4)
     9    0.079311    0.352772    0.536990    3.932219 ^ fanout715/X (sky130_fd_sc_hd__buf_4)
                                                         net715 (net)
                      0.352829    0.004478    3.936697 ^ _13698_/RESET_B (sky130_fd_sc_hd__dfrtp_1)
                                              3.936697   data arrival time

                                 15.000000   15.000000   clock clk (rise edge)
                                  0.000000   15.000000   clock source latency
     1    0.050594    0.363095    0.258083   15.258083 ^ clk (in)
                                                         clk (net)
                      0.363560    0.000000   15.258083 ^ clkbuf_0_clk/A (sky130_fd_sc_hd__clkbuf_16)
     8    0.161004    0.263137    0.506523   15.764606 ^ clkbuf_0_clk/X (sky130_fd_sc_hd__clkbuf_16)
                                                         clknet_0_clk (net)
                      0.263436    0.007926   15.772532 ^ clkbuf_3_0__f_clk/A (sky130_fd_sc_hd__clkbuf_16)
     9    0.060542    0.122080    0.357872   16.130404 ^ clkbuf_3_0__f_clk/X (sky130_fd_sc_hd__clkbuf_16)
                                                         clknet_3_0__leaf_clk (net)
                      0.122314    0.004608   16.135012 ^ _13698_/CLK (sky130_fd_sc_hd__dfrtp_1)
                                 -0.250000   15.885013   clock uncertainty
                                  0.000000   15.885013   clock reconvergence pessimism
                                  0.375597   16.260609   library recovery time
                                             16.260609   data required time
---------------------------------------------------------------------------------------------
                                             16.260609   data required time
                                             -3.936697   data arrival time
---------------------------------------------------------------------------------------------
                                             12.323913   slack (MET)


Startpoint: rst_n (input port clocked by clk)
Endpoint: _13681_ (recovery check against rising-edge clock clk)
Path Group: asynchronous
Path Type: max

Fanout         Cap        Slew       Delay        Time   Description
---------------------------------------------------------------------------------------------
                                  0.000000    0.000000   clock clk (rise edge)
                                  0.000000    0.000000   clock network delay (propagated)
                                  3.000000    3.000000 ^ input external delay
     1    0.002658    0.031314    0.015042    3.015042 ^ rst_n (in)
                                                         rst_n (net)
                      0.031314    0.000000    3.015042 ^ input1/A (sky130_fd_sc_hd__buf_2)
     2    0.044903    0.351668    0.379227    3.394269 ^ input1/X (sky130_fd_sc_hd__buf_2)
                                                         net1 (net)
                      0.351671    0.000961    3.395229 ^ fanout715/A (sky130_fd_sc_hd__buf_4)
     9    0.079311    0.352772    0.536990    3.932219 ^ fanout715/X (sky130_fd_sc_hd__buf_4)
                                                         net715 (net)
                      0.352822    0.004221    3.936440 ^ _13681_/RESET_B (sky130_fd_sc_hd__dfrtp_1)
                                              3.936440   data arrival time

                                 15.000000   15.000000   clock clk (rise edge)
                                  0.000000   15.000000   clock source latency
     1    0.050594    0.363095    0.258083   15.258083 ^ clk (in)
                                                         clk (net)
                      0.363560    0.000000   15.258083 ^ clkbuf_0_clk/A (sky130_fd_sc_hd__clkbuf_16)
     8    0.161004    0.263137    0.506523   15.764606 ^ clkbuf_0_clk/X (sky130_fd_sc_hd__clkbuf_16)
                                                         clknet_0_clk (net)
                      0.263436    0.007926   15.772532 ^ clkbuf_3_0__f_clk/A (sky130_fd_sc_hd__clkbuf_16)
     9    0.060542    0.122080    0.357872   16.130404 ^ clkbuf_3_0__f_clk/X (sky130_fd_sc_hd__clkbuf_16)
                                                         clknet_3_0__leaf_clk (net)
                      0.122312    0.004590   16.134995 ^ _13681_/CLK (sky130_fd_sc_hd__dfrtp_1)
                                 -0.250000   15.884995   clock uncertainty
                                  0.000000   15.884995   clock reconvergence pessimism
                                  0.375599   16.260593   library recovery time
                                             16.260593   data required time
---------------------------------------------------------------------------------------------
                                             16.260593   data required time
                                             -3.936440   data arrival time
---------------------------------------------------------------------------------------------
                                             12.324153   slack (MET)


Startpoint: rst_n (input port clocked by clk)
Endpoint: _13682_ (recovery check against rising-edge clock clk)
Path Group: asynchronous
Path Type: max

Fanout         Cap        Slew       Delay        Time   Description
---------------------------------------------------------------------------------------------
                                  0.000000    0.000000   clock clk (rise edge)
                                  0.000000    0.000000   clock network delay (propagated)
                                  3.000000    3.000000 ^ input external delay
     1    0.002658    0.031314    0.015042    3.015042 ^ rst_n (in)
                                                         rst_n (net)
                      0.031314    0.000000    3.015042 ^ input1/A (sky130_fd_sc_hd__buf_2)
     2    0.044903    0.351668    0.379227    3.394269 ^ input1/X (sky130_fd_sc_hd__buf_2)
                                                         net1 (net)
                      0.351671    0.000961    3.395229 ^ fanout715/A (sky130_fd_sc_hd__buf_4)
     9    0.079311    0.352772    0.536990    3.932219 ^ fanout715/X (sky130_fd_sc_hd__buf_4)
                                                         net715 (net)
                      0.352810    0.003793    3.936012 ^ _13682_/RESET_B (sky130_fd_sc_hd__dfrtp_1)
                                              3.936012   data arrival time

                                 15.000000   15.000000   clock clk (rise edge)
                                  0.000000   15.000000   clock source latency
     1    0.050594    0.363095    0.258083   15.258083 ^ clk (in)
                                                         clk (net)
                      0.363560    0.000000   15.258083 ^ clkbuf_0_clk/A (sky130_fd_sc_hd__clkbuf_16)
     8    0.161004    0.263137    0.506523   15.764606 ^ clkbuf_0_clk/X (sky130_fd_sc_hd__clkbuf_16)
                                                         clknet_0_clk (net)
                      0.263436    0.007926   15.772532 ^ clkbuf_3_0__f_clk/A (sky130_fd_sc_hd__clkbuf_16)
     9    0.060542    0.122080    0.357872   16.130404 ^ clkbuf_3_0__f_clk/X (sky130_fd_sc_hd__clkbuf_16)
                                                         clknet_3_0__leaf_clk (net)
                      0.122340    0.004828   16.135233 ^ _13682_/CLK (sky130_fd_sc_hd__dfrtp_1)
                                 -0.250000   15.885233   clock uncertainty
                                  0.000000   15.885233   clock reconvergence pessimism
                                  0.375613   16.260845   library recovery time
                                             16.260845   data required time
---------------------------------------------------------------------------------------------
                                             16.260845   data required time
                                             -3.936012   data arrival time
---------------------------------------------------------------------------------------------
                                             12.324834   slack (MET)


Startpoint: rst_n (input port clocked by clk)
Endpoint: _13683_ (recovery check against rising-edge clock clk)
Path Group: asynchronous
Path Type: max

Fanout         Cap        Slew       Delay        Time   Description
---------------------------------------------------------------------------------------------
                                  0.000000    0.000000   clock clk (rise edge)
                                  0.000000    0.000000   clock network delay (propagated)
                                  3.000000    3.000000 ^ input external delay
     1    0.002658    0.031314    0.015042    3.015042 ^ rst_n (in)
                                                         rst_n (net)
                      0.031314    0.000000    3.015042 ^ input1/A (sky130_fd_sc_hd__buf_2)
     2    0.044903    0.351668    0.379227    3.394269 ^ input1/X (sky130_fd_sc_hd__buf_2)
                                                         net1 (net)
                      0.351671    0.000961    3.395229 ^ fanout715/A (sky130_fd_sc_hd__buf_4)
     9    0.079311    0.352772    0.536990    3.932219 ^ fanout715/X (sky130_fd_sc_hd__buf_4)
                                                         net715 (net)
                      0.352785    0.002604    3.934823 ^ _13683_/RESET_B (sky130_fd_sc_hd__dfrtp_1)
                                              3.934823   data arrival time

                                 15.000000   15.000000   clock clk (rise edge)
                                  0.000000   15.000000   clock source latency
     1    0.050594    0.363095    0.258083   15.258083 ^ clk (in)
                                                         clk (net)
                      0.363560    0.000000   15.258083 ^ clkbuf_0_clk/A (sky130_fd_sc_hd__clkbuf_16)
     8    0.161004    0.263137    0.506523   15.764606 ^ clkbuf_0_clk/X (sky130_fd_sc_hd__clkbuf_16)
                                                         clknet_0_clk (net)
                      0.263436    0.007926   15.772532 ^ clkbuf_3_0__f_clk/A (sky130_fd_sc_hd__clkbuf_16)
     9    0.060542    0.122080    0.357872   16.130404 ^ clkbuf_3_0__f_clk/X (sky130_fd_sc_hd__clkbuf_16)
                                                         clknet_3_0__leaf_clk (net)
                      0.122390    0.005226   16.135630 ^ _13683_/CLK (sky130_fd_sc_hd__dfrtp_1)
                                 -0.250000   15.885631   clock uncertainty
                                  0.000000   15.885631   clock reconvergence pessimism
                                  0.375639   16.261271   library recovery time
                                             16.261271   data required time
---------------------------------------------------------------------------------------------
                                             16.261271   data required time
                                             -3.934823   data arrival time
---------------------------------------------------------------------------------------------
                                             12.326447   slack (MET)


Startpoint: rst_n (input port clocked by clk)
Endpoint: _13684_ (recovery check against rising-edge clock clk)
Path Group: asynchronous
Path Type: max

Fanout         Cap        Slew       Delay        Time   Description
---------------------------------------------------------------------------------------------
                                  0.000000    0.000000   clock clk (rise edge)
                                  0.000000    0.000000   clock network delay (propagated)
                                  3.000000    3.000000 ^ input external delay
     1    0.002658    0.031314    0.015042    3.015042 ^ rst_n (in)
                                                         rst_n (net)
                      0.031314    0.000000    3.015042 ^ input1/A (sky130_fd_sc_hd__buf_2)
     2    0.044903    0.351668    0.379227    3.394269 ^ input1/X (sky130_fd_sc_hd__buf_2)
                                                         net1 (net)
                      0.351671    0.000961    3.395229 ^ fanout715/A (sky130_fd_sc_hd__buf_4)
     9    0.079311    0.352772    0.536990    3.932219 ^ fanout715/X (sky130_fd_sc_hd__buf_4)
                                                         net715 (net)
                      0.352774    0.001584    3.933803 ^ _13684_/RESET_B (sky130_fd_sc_hd__dfrtp_1)
                                              3.933803   data arrival time

                                 15.000000   15.000000   clock clk (rise edge)
                                  0.000000   15.000000   clock source latency
     1    0.050594    0.363095    0.258083   15.258083 ^ clk (in)
                                                         clk (net)
                      0.363560    0.000000   15.258083 ^ clkbuf_0_clk/A (sky130_fd_sc_hd__clkbuf_16)
     8    0.161004    0.263137    0.506523   15.764606 ^ clkbuf_0_clk/X (sky130_fd_sc_hd__clkbuf_16)
                                                         clknet_0_clk (net)
                      0.263436    0.007926   15.772532 ^ clkbuf_3_0__f_clk/A (sky130_fd_sc_hd__clkbuf_16)
     9    0.060542    0.122080    0.357872   16.130404 ^ clkbuf_3_0__f_clk/X (sky130_fd_sc_hd__clkbuf_16)
                                                         clknet_3_0__leaf_clk (net)
                      0.122424    0.005485   16.135889 ^ _13684_/CLK (sky130_fd_sc_hd__dfrtp_1)
                                 -0.250000   15.885890   clock uncertainty
                                  0.000000   15.885890   clock reconvergence pessimism
                                  0.375655   16.261545   library recovery time
                                             16.261545   data required time
---------------------------------------------------------------------------------------------
                                             16.261545   data required time
                                             -3.933803   data arrival time
---------------------------------------------------------------------------------------------
                                             12.327743   slack (MET)


Startpoint: rst_n (input port clocked by clk)
Endpoint: _13647_ (recovery check against rising-edge clock clk)
Path Group: asynchronous
Path Type: max

Fanout         Cap        Slew       Delay        Time   Description
---------------------------------------------------------------------------------------------
                                  0.000000    0.000000   clock clk (rise edge)
                                  0.000000    0.000000   clock network delay (propagated)
                                  3.000000    3.000000 ^ input external delay
     1    0.002658    0.031314    0.015042    3.015042 ^ rst_n (in)
                                                         rst_n (net)
                      0.031314    0.000000    3.015042 ^ input1/A (sky130_fd_sc_hd__buf_2)
     2    0.044903    0.351668    0.379227    3.394269 ^ input1/X (sky130_fd_sc_hd__buf_2)
                                                         net1 (net)
                      0.351872    0.007029    3.401298 ^ fanout719/A (sky130_fd_sc_hd__clkbuf_8)
     9    0.109995    0.301870    0.529434    3.930732 ^ fanout719/X (sky130_fd_sc_hd__clkbuf_8)
                                                         net719 (net)
                      0.301924    0.004101    3.934834 ^ _13647_/RESET_B (sky130_fd_sc_hd__dfrtp_1)
                                              3.934834   data arrival time

                                 15.000000   15.000000   clock clk (rise edge)
                                  0.000000   15.000000   clock source latency
     1    0.050594    0.363095    0.258083   15.258083 ^ clk (in)
                                                         clk (net)
                      0.363560    0.000000   15.258083 ^ clkbuf_0_clk/A (sky130_fd_sc_hd__clkbuf_16)
     8    0.161004    0.263137    0.506523   15.764606 ^ clkbuf_0_clk/X (sky130_fd_sc_hd__clkbuf_16)
                                                         clknet_0_clk (net)
                      0.263217    0.004452   15.769057 ^ clkbuf_3_5__f_clk/A (sky130_fd_sc_hd__clkbuf_16)
     9    0.070993    0.136062    0.369479   16.138536 ^ clkbuf_3_5__f_clk/X (sky130_fd_sc_hd__clkbuf_16)
                                                         clknet_3_5__leaf_clk (net)
                      0.136070    0.001432   16.139969 ^ _13647_/CLK (sky130_fd_sc_hd__dfrtp_1)
                                 -0.250000   15.889969   clock uncertainty
                                  0.000000   15.889969   clock reconvergence pessimism
                                  0.399047   16.289017   library recovery time
                                             16.289017   data required time
---------------------------------------------------------------------------------------------
                                             16.289017   data required time
                                             -3.934834   data arrival time
---------------------------------------------------------------------------------------------
                                             12.354184   slack (MET)


Startpoint: rst_n (input port clocked by clk)
Endpoint: _13664_ (recovery check against rising-edge clock clk)
Path Group: asynchronous
Path Type: max

Fanout         Cap        Slew       Delay        Time   Description
---------------------------------------------------------------------------------------------
                                  0.000000    0.000000   clock clk (rise edge)
                                  0.000000    0.000000   clock network delay (propagated)
                                  3.000000    3.000000 ^ input external delay
     1    0.002658    0.031314    0.015042    3.015042 ^ rst_n (in)
                                                         rst_n (net)
                      0.031314    0.000000    3.015042 ^ input1/A (sky130_fd_sc_hd__buf_2)
     2    0.044903    0.351668    0.379227    3.394269 ^ input1/X (sky130_fd_sc_hd__buf_2)
                                                         net1 (net)
                      0.351872    0.007029    3.401298 ^ fanout719/A (sky130_fd_sc_hd__clkbuf_8)
     9    0.109995    0.301870    0.529434    3.930732 ^ fanout719/X (sky130_fd_sc_hd__clkbuf_8)
                                                         net719 (net)
                      0.302030    0.006455    3.937188 ^ _13664_/RESET_B (sky130_fd_sc_hd__dfrtp_1)
                                              3.937188   data arrival time

                                 15.000000   15.000000   clock clk (rise edge)
                                  0.000000   15.000000   clock source latency
     1    0.050594    0.363095    0.258083   15.258083 ^ clk (in)
                                                         clk (net)
                      0.363560    0.000000   15.258083 ^ clkbuf_0_clk/A (sky130_fd_sc_hd__clkbuf_16)
     8    0.161004    0.263137    0.506523   15.764606 ^ clkbuf_0_clk/X (sky130_fd_sc_hd__clkbuf_16)
                                                         clknet_0_clk (net)
                      0.263217    0.004452   15.769057 ^ clkbuf_3_5__f_clk/A (sky130_fd_sc_hd__clkbuf_16)
     9    0.070993    0.136062    0.369479   16.138536 ^ clkbuf_3_5__f_clk/X (sky130_fd_sc_hd__clkbuf_16)
                                                         clknet_3_5__leaf_clk (net)
                      0.136231    0.004258   16.142794 ^ _13664_/CLK (sky130_fd_sc_hd__dfrtp_1)
                                 -0.250000   15.892795   clock uncertainty
                                  0.000000   15.892795   clock reconvergence pessimism
                                  0.399063   16.291859   library recovery time
                                             16.291859   data required time
---------------------------------------------------------------------------------------------
                                             16.291859   data required time
                                             -3.937188   data arrival time
---------------------------------------------------------------------------------------------
                                             12.354671   slack (MET)


Startpoint: rst_n (input port clocked by clk)
Endpoint: _13665_ (recovery check against rising-edge clock clk)
Path Group: asynchronous
Path Type: max

Fanout         Cap        Slew       Delay        Time   Description
---------------------------------------------------------------------------------------------
                                  0.000000    0.000000   clock clk (rise edge)
                                  0.000000    0.000000   clock network delay (propagated)
                                  3.000000    3.000000 ^ input external delay
     1    0.002658    0.031314    0.015042    3.015042 ^ rst_n (in)
                                                         rst_n (net)
                      0.031314    0.000000    3.015042 ^ input1/A (sky130_fd_sc_hd__buf_2)
     2    0.044903    0.351668    0.379227    3.394269 ^ input1/X (sky130_fd_sc_hd__buf_2)
                                                         net1 (net)
                      0.351872    0.007029    3.401298 ^ fanout719/A (sky130_fd_sc_hd__clkbuf_8)
     9    0.109995    0.301870    0.529434    3.930732 ^ fanout719/X (sky130_fd_sc_hd__clkbuf_8)
                                                         net719 (net)
                      0.302005    0.006007    3.936739 ^ _13665_/RESET_B (sky130_fd_sc_hd__dfrtp_1)
                                              3.936739   data arrival time

                                 15.000000   15.000000   clock clk (rise edge)
                                  0.000000   15.000000   clock source latency
     1    0.050594    0.363095    0.258083   15.258083 ^ clk (in)
                                                         clk (net)
                      0.363560    0.000000   15.258083 ^ clkbuf_0_clk/A (sky130_fd_sc_hd__clkbuf_16)
     8    0.161004    0.263137    0.506523   15.764606 ^ clkbuf_0_clk/X (sky130_fd_sc_hd__clkbuf_16)
                                                         clknet_0_clk (net)
                      0.263217    0.004452   15.769057 ^ clkbuf_3_5__f_clk/A (sky130_fd_sc_hd__clkbuf_16)
     9    0.070993    0.136062    0.369479   16.138536 ^ clkbuf_3_5__f_clk/X (sky130_fd_sc_hd__clkbuf_16)
                                                         clknet_3_5__leaf_clk (net)
                      0.136264    0.004594   16.143129 ^ _13665_/CLK (sky130_fd_sc_hd__dfrtp_1)
                                 -0.250000   15.893131   clock uncertainty
                                  0.000000   15.893131   clock reconvergence pessimism
                                  0.399083   16.292213   library recovery time
                                             16.292213   data required time
---------------------------------------------------------------------------------------------
                                             16.292213   data required time
                                             -3.936739   data arrival time
---------------------------------------------------------------------------------------------
                                             12.355475   slack (MET)


Startpoint: rst_n (input port clocked by clk)
Endpoint: _13667_ (recovery check against rising-edge clock clk)
Path Group: asynchronous
Path Type: max

Fanout         Cap        Slew       Delay        Time   Description
---------------------------------------------------------------------------------------------
                                  0.000000    0.000000   clock clk (rise edge)
                                  0.000000    0.000000   clock network delay (propagated)
                                  3.000000    3.000000 ^ input external delay
     1    0.002658    0.031314    0.015042    3.015042 ^ rst_n (in)
                                                         rst_n (net)
                      0.031314    0.000000    3.015042 ^ input1/A (sky130_fd_sc_hd__buf_2)
     2    0.044903    0.351668    0.379227    3.394269 ^ input1/X (sky130_fd_sc_hd__buf_2)
                                                         net1 (net)
                      0.351872    0.007029    3.401298 ^ fanout719/A (sky130_fd_sc_hd__clkbuf_8)
     9    0.109995    0.301870    0.529434    3.930732 ^ fanout719/X (sky130_fd_sc_hd__clkbuf_8)
                                                         net719 (net)
                      0.302013    0.006142    3.936874 ^ _13667_/RESET_B (sky130_fd_sc_hd__dfrtp_1)
                                              3.936874   data arrival time

                                 15.000000   15.000000   clock clk (rise edge)
                                  0.000000   15.000000   clock source latency
     1    0.050594    0.363095    0.258083   15.258083 ^ clk (in)
                                                         clk (net)
                      0.363560    0.000000   15.258083 ^ clkbuf_0_clk/A (sky130_fd_sc_hd__clkbuf_16)
     8    0.161004    0.263137    0.506523   15.764606 ^ clkbuf_0_clk/X (sky130_fd_sc_hd__clkbuf_16)
                                                         clknet_0_clk (net)
                      0.263217    0.004452   15.769057 ^ clkbuf_3_5__f_clk/A (sky130_fd_sc_hd__clkbuf_16)
     9    0.070993    0.136062    0.369479   16.138536 ^ clkbuf_3_5__f_clk/X (sky130_fd_sc_hd__clkbuf_16)
                                                         clknet_3_5__leaf_clk (net)
                      0.136281    0.004761   16.143297 ^ _13667_/CLK (sky130_fd_sc_hd__dfrtp_1)
                                 -0.250000   15.893298   clock uncertainty
                                  0.000000   15.893298   clock reconvergence pessimism
                                  0.399086   16.292385   library recovery time
                                             16.292385   data required time
---------------------------------------------------------------------------------------------
                                             16.292385   data required time
                                             -3.936874   data arrival time
---------------------------------------------------------------------------------------------
                                             12.355511   slack (MET)


Startpoint: rst_n (input port clocked by clk)
Endpoint: _13666_ (recovery check against rising-edge clock clk)
Path Group: asynchronous
Path Type: max

Fanout         Cap        Slew       Delay        Time   Description
---------------------------------------------------------------------------------------------
                                  0.000000    0.000000   clock clk (rise edge)
                                  0.000000    0.000000   clock network delay (propagated)
                                  3.000000    3.000000 ^ input external delay
     1    0.002658    0.031314    0.015042    3.015042 ^ rst_n (in)
                                                         rst_n (net)
                      0.031314    0.000000    3.015042 ^ input1/A (sky130_fd_sc_hd__buf_2)
     2    0.044903    0.351668    0.379227    3.394269 ^ input1/X (sky130_fd_sc_hd__buf_2)
                                                         net1 (net)
                      0.351872    0.007029    3.401298 ^ fanout719/A (sky130_fd_sc_hd__clkbuf_8)
     9    0.109995    0.301870    0.529434    3.930732 ^ fanout719/X (sky130_fd_sc_hd__clkbuf_8)
                                                         net719 (net)
                      0.302002    0.005936    3.936668 ^ _13666_/RESET_B (sky130_fd_sc_hd__dfrtp_1)
                                              3.936668   data arrival time

                                 15.000000   15.000000   clock clk (rise edge)
                                  0.000000   15.000000   clock source latency
     1    0.050594    0.363095    0.258083   15.258083 ^ clk (in)
                                                         clk (net)
                      0.363560    0.000000   15.258083 ^ clkbuf_0_clk/A (sky130_fd_sc_hd__clkbuf_16)
     8    0.161004    0.263137    0.506523   15.764606 ^ clkbuf_0_clk/X (sky130_fd_sc_hd__clkbuf_16)
                                                         clknet_0_clk (net)
                      0.263217    0.004452   15.769057 ^ clkbuf_3_5__f_clk/A (sky130_fd_sc_hd__clkbuf_16)
     9    0.070993    0.136062    0.369479   16.138536 ^ clkbuf_3_5__f_clk/X (sky130_fd_sc_hd__clkbuf_16)
                                                         clknet_3_5__leaf_clk (net)
                      0.136272    0.004674   16.143209 ^ _13666_/CLK (sky130_fd_sc_hd__dfrtp_1)
                                 -0.250000   15.893210   clock uncertainty
                                  0.000000   15.893210   clock reconvergence pessimism
                                  0.399087   16.292297   library recovery time
                                             16.292297   data required time
---------------------------------------------------------------------------------------------
                                             16.292297   data required time
                                             -3.936668   data arrival time
---------------------------------------------------------------------------------------------
                                             12.355630   slack (MET)


Startpoint: rst_n (input port clocked by clk)
Endpoint: _13648_ (recovery check against rising-edge clock clk)
Path Group: asynchronous
Path Type: max

Fanout         Cap        Slew       Delay        Time   Description
---------------------------------------------------------------------------------------------
                                  0.000000    0.000000   clock clk (rise edge)
                                  0.000000    0.000000   clock network delay (propagated)
                                  3.000000    3.000000 ^ input external delay
     1    0.002658    0.031314    0.015042    3.015042 ^ rst_n (in)
                                                         rst_n (net)
                      0.031314    0.000000    3.015042 ^ input1/A (sky130_fd_sc_hd__buf_2)
     2    0.044903    0.351668    0.379227    3.394269 ^ input1/X (sky130_fd_sc_hd__buf_2)
                                                         net1 (net)
                      0.351872    0.007029    3.401298 ^ fanout719/A (sky130_fd_sc_hd__clkbuf_8)
     9    0.109995    0.301870    0.529434    3.930732 ^ fanout719/X (sky130_fd_sc_hd__clkbuf_8)
                                                         net719 (net)
                      0.301889    0.002782    3.933514 ^ _13648_/RESET_B (sky130_fd_sc_hd__dfrtp_1)
                                              3.933514   data arrival time

                                 15.000000   15.000000   clock clk (rise edge)
                                  0.000000   15.000000   clock source latency
     1    0.050594    0.363095    0.258083   15.258083 ^ clk (in)
                                                         clk (net)
                      0.363560    0.000000   15.258083 ^ clkbuf_0_clk/A (sky130_fd_sc_hd__clkbuf_16)
     8    0.161004    0.263137    0.506523   15.764606 ^ clkbuf_0_clk/X (sky130_fd_sc_hd__clkbuf_16)
                                                         clknet_0_clk (net)
                      0.263217    0.004452   15.769057 ^ clkbuf_3_5__f_clk/A (sky130_fd_sc_hd__clkbuf_16)
     9    0.070993    0.136062    0.369479   16.138536 ^ clkbuf_3_5__f_clk/X (sky130_fd_sc_hd__clkbuf_16)
                                                         clknet_3_5__leaf_clk (net)
                      0.136112    0.002583   16.141119 ^ _13648_/CLK (sky130_fd_sc_hd__dfrtp_1)
                                 -0.250000   15.891120   clock uncertainty
                                  0.000000   15.891120   clock reconvergence pessimism
                                  0.399074   16.290195   library recovery time
                                             16.290195   data required time
---------------------------------------------------------------------------------------------
                                             16.290195   data required time
                                             -3.933514   data arrival time
---------------------------------------------------------------------------------------------
                                             12.356681   slack (MET)


Startpoint: rst_n (input port clocked by clk)
Endpoint: _13649_ (recovery check against rising-edge clock clk)
Path Group: asynchronous
Path Type: max

Fanout         Cap        Slew       Delay        Time   Description
---------------------------------------------------------------------------------------------
                                  0.000000    0.000000   clock clk (rise edge)
                                  0.000000    0.000000   clock network delay (propagated)
                                  3.000000    3.000000 ^ input external delay
     1    0.002658    0.031314    0.015042    3.015042 ^ rst_n (in)
                                                         rst_n (net)
                      0.031314    0.000000    3.015042 ^ input1/A (sky130_fd_sc_hd__buf_2)
     2    0.044903    0.351668    0.379227    3.394269 ^ input1/X (sky130_fd_sc_hd__buf_2)
                                                         net1 (net)
                      0.351872    0.007029    3.401298 ^ fanout719/A (sky130_fd_sc_hd__clkbuf_8)
     9    0.109995    0.301870    0.529434    3.930732 ^ fanout719/X (sky130_fd_sc_hd__clkbuf_8)
                                                         net719 (net)
                      0.301871    0.001462    3.932195 ^ _13649_/RESET_B (sky130_fd_sc_hd__dfrtp_1)
                                              3.932195   data arrival time

                                 15.000000   15.000000   clock clk (rise edge)
                                  0.000000   15.000000   clock source latency
     1    0.050594    0.363095    0.258083   15.258083 ^ clk (in)
                                                         clk (net)
                      0.363560    0.000000   15.258083 ^ clkbuf_0_clk/A (sky130_fd_sc_hd__clkbuf_16)
     8    0.161004    0.263137    0.506523   15.764606 ^ clkbuf_0_clk/X (sky130_fd_sc_hd__clkbuf_16)
                                                         clknet_0_clk (net)
                      0.263217    0.004452   15.769057 ^ clkbuf_3_5__f_clk/A (sky130_fd_sc_hd__clkbuf_16)
     9    0.070993    0.136062    0.369479   16.138536 ^ clkbuf_3_5__f_clk/X (sky130_fd_sc_hd__clkbuf_16)
                                                         clknet_3_5__leaf_clk (net)
                      0.136117    0.002689   16.141226 ^ _13649_/CLK (sky130_fd_sc_hd__dfrtp_1)
                                 -0.250000   15.891227   clock uncertainty
                                  0.000000   15.891227   clock reconvergence pessimism
                                  0.399083   16.290310   library recovery time
                                             16.290310   data required time
---------------------------------------------------------------------------------------------
                                             16.290310   data required time
                                             -3.932195   data arrival time
---------------------------------------------------------------------------------------------
                                             12.358115   slack (MET)


Startpoint: rst_n (input port clocked by clk)
Endpoint: _13650_ (recovery check against rising-edge clock clk)
Path Group: asynchronous
Path Type: max

Fanout         Cap        Slew       Delay        Time   Description
---------------------------------------------------------------------------------------------
                                  0.000000    0.000000   clock clk (rise edge)
                                  0.000000    0.000000   clock network delay (propagated)
                                  3.000000    3.000000 ^ input external delay
     1    0.002658    0.031314    0.015042    3.015042 ^ rst_n (in)
                                                         rst_n (net)
                      0.031314    0.000000    3.015042 ^ input1/A (sky130_fd_sc_hd__buf_2)
     2    0.044903    0.351668    0.379227    3.394269 ^ input1/X (sky130_fd_sc_hd__buf_2)
                                                         net1 (net)
                      0.351872    0.007029    3.401298 ^ fanout719/A (sky130_fd_sc_hd__clkbuf_8)
     9    0.109995    0.301870    0.529434    3.930732 ^ fanout719/X (sky130_fd_sc_hd__clkbuf_8)
                                                         net719 (net)
                      0.301870    0.001046    3.931778 ^ _13650_/RESET_B (sky130_fd_sc_hd__dfrtp_1)
                                              3.931778   data arrival time

                                 15.000000   15.000000   clock clk (rise edge)
                                  0.000000   15.000000   clock source latency
     1    0.050594    0.363095    0.258083   15.258083 ^ clk (in)
                                                         clk (net)
                      0.363560    0.000000   15.258083 ^ clkbuf_0_clk/A (sky130_fd_sc_hd__clkbuf_16)
     8    0.161004    0.263137    0.506523   15.764606 ^ clkbuf_0_clk/X (sky130_fd_sc_hd__clkbuf_16)
                                                         clknet_0_clk (net)
                      0.263217    0.004452   15.769057 ^ clkbuf_3_5__f_clk/A (sky130_fd_sc_hd__clkbuf_16)
     9    0.070993    0.136062    0.369479   16.138536 ^ clkbuf_3_5__f_clk/X (sky130_fd_sc_hd__clkbuf_16)
                                                         clknet_3_5__leaf_clk (net)
                      0.136125    0.002824   16.141361 ^ _13650_/CLK (sky130_fd_sc_hd__dfrtp_1)
                                 -0.250000   15.891361   clock uncertainty
                                  0.000000   15.891361   clock reconvergence pessimism
                                  0.399086   16.290447   library recovery time
                                             16.290447   data required time
---------------------------------------------------------------------------------------------
                                             16.290447   data required time
                                             -3.931778   data arrival time
---------------------------------------------------------------------------------------------
                                             12.358669   slack (MET)



