
===========================================================================
report_checks -unconstrained
===========================================================================
======================= nom_tt_025C_1v80 Corner ===================================

Startpoint: rst_n (input port clocked by clk)
Endpoint: _13655_ (recovery check against rising-edge clock clk)
Path Group: asynchronous
Path Type: max

Fanout         Cap        Slew       Delay        Time   Description
---------------------------------------------------------------------------------------------
                                  0.000000    0.000000   clock clk (rise edge)
                                  0.000000    0.000000   clock network delay (propagated)
                                  2.000000    2.000000 ^ input external delay
    68    0.365298    1.622679    1.141939    3.141939 ^ rst_n (in)
                                                         rst_n (net)
                      1.624104    0.000000    3.141939 ^ _13655_/RESET_B (sky130_fd_sc_hd__dfrtp_2)
                                              3.141939   data arrival time

                                 10.000000   10.000000   clock clk (rise edge)
                                  0.000000   10.000000   clock source latency
    68    0.246936    1.099836    0.773335   10.773335 ^ clk (in)
                                                         clk (net)
                      1.100684    0.000000   10.773335 ^ _13655_/CLK (sky130_fd_sc_hd__dfrtp_2)
                                 -0.250000   10.523335   clock uncertainty
                                  0.000000   10.523335   clock reconvergence pessimism
                                 -0.019841   10.503494   library recovery time
                                             10.503494   data required time
---------------------------------------------------------------------------------------------
                                             10.503494   data required time
                                             -3.141939   data arrival time
---------------------------------------------------------------------------------------------
                                              7.361556   slack (MET)


Startpoint: x0[0] (input port clocked by clk)
Endpoint: _13650_ (rising edge-triggered flip-flop clocked by clk)
Path Group: clk
Path Type: max

Fanout         Cap        Slew       Delay        Time   Description
---------------------------------------------------------------------------------------------
                                  0.000000    0.000000   clock clk (rise edge)
                                  0.000000    0.000000   clock network delay (propagated)
                                  2.000000    2.000000 ^ input external delay
    71    0.289190    1.286508    0.896874    2.896874 ^ x0[0] (in)
                                                         x0[0] (net)
                      1.287060    0.000000    2.896874 ^ _12260_/B2 (sky130_fd_sc_hd__a22oi_2)
     3    0.010300    0.221651    0.172133    3.069006 v _12260_/Y (sky130_fd_sc_hd__a22oi_2)
                                                         _05027_ (net)
                      0.221651    0.000004    3.069010 v _12261_/C (sky130_fd_sc_hd__or3_2)
     2    0.007283    0.094402    0.491512    3.560522 v _12261_/X (sky130_fd_sc_hd__or3_2)
                                                         _05028_ (net)
                      0.094402    0.000017    3.560540 v _12265_/A1 (sky130_fd_sc_hd__a21o_2)
     3    0.009598    0.050493    0.224121    3.784660 v _12265_/X (sky130_fd_sc_hd__a21o_2)
                                                         _05032_ (net)
                      0.050493    0.000040    3.784701 v _12267_/A2 (sky130_fd_sc_hd__a21o_2)
     3    0.011526    0.055729    0.235550    4.020250 v _12267_/X (sky130_fd_sc_hd__a21o_2)
                                                         _05034_ (net)
                      0.055729    0.000043    4.020294 v _12269_/B (sky130_fd_sc_hd__and3_2)
     2    0.006745    0.047142    0.207487    4.227781 v _12269_/X (sky130_fd_sc_hd__and3_2)
                                                         _05037_ (net)
                      0.047142    0.000012    4.227792 v _12272_/B (sky130_fd_sc_hd__or3_2)
     4    0.013682    0.111856    0.501883    4.729676 v _12272_/X (sky130_fd_sc_hd__or3_2)
                                                         _05040_ (net)
                      0.111856    0.000067    4.729743 v _12275_/A (sky130_fd_sc_hd__and3_2)
     4    0.013703    0.062565    0.232598    4.962341 v _12275_/X (sky130_fd_sc_hd__and3_2)
                                                         _05043_ (net)
                      0.062565    0.000050    4.962391 v _12277_/B (sky130_fd_sc_hd__nor3_2)
     4    0.016777    0.326402    0.301632    5.264023 ^ _12277_/Y (sky130_fd_sc_hd__nor3_2)
                                                         _05045_ (net)
                      0.326402    0.000077    5.264101 ^ _12279_/B1 (sky130_fd_sc_hd__a211oi_2)
     5    0.017694    0.108779    0.135677    5.399778 v _12279_/Y (sky130_fd_sc_hd__a211oi_2)
                                                         _05048_ (net)
                      0.108779    0.000079    5.399856 v _12282_/B (sky130_fd_sc_hd__or3_2)
     2    0.007199    0.093898    0.488378    5.888235 v _12282_/X (sky130_fd_sc_hd__or3_2)
                                                         _05051_ (net)
                      0.093898    0.000012    5.888246 v _12284_/B1 (sky130_fd_sc_hd__o211a_2)
     4    0.013383    0.065318    0.180592    6.068838 v _12284_/X (sky130_fd_sc_hd__o211a_2)
                                                         _05053_ (net)
                      0.065318    0.000077    6.068915 v _12288_/C (sky130_fd_sc_hd__or4_2)
     2    0.006913    0.118858    0.635868    6.704783 v _12288_/X (sky130_fd_sc_hd__or4_2)
                                                         _05058_ (net)
                      0.118858    0.000006    6.704789 v _12426_/A2 (sky130_fd_sc_hd__a211o_2)
     4    0.013042    0.074592    0.392668    7.097457 v _12426_/X (sky130_fd_sc_hd__a211o_2)
                                                         _05208_ (net)
                      0.074592    0.000037    7.097494 v _12429_/A1 (sky130_fd_sc_hd__a211o_2)
     2    0.008333    0.062042    0.320563    7.418057 v _12429_/X (sky130_fd_sc_hd__a211o_2)
                                                         _05212_ (net)
                      0.062042    0.000054    7.418111 v _12431_/A2 (sky130_fd_sc_hd__a211o_2)
     2    0.004455    0.053839    0.336367    7.754478 v _12431_/X (sky130_fd_sc_hd__a211o_2)
                                                         _05214_ (net)
                      0.053839    0.000010    7.754488 v _12433_/B2 (sky130_fd_sc_hd__a22o_2)
     2    0.009014    0.056628    0.245839    8.000327 v _12433_/X (sky130_fd_sc_hd__a22o_2)
                                                         _05216_ (net)
                      0.056628    0.000008    8.000335 v _12593_/A1 (sky130_fd_sc_hd__a21oi_2)
     3    0.010421    0.161435    0.174005    8.174339 ^ _12593_/Y (sky130_fd_sc_hd__a21oi_2)
                                                         _05391_ (net)
                      0.161435    0.000039    8.174378 ^ _12755_/A2 (sky130_fd_sc_hd__o21ba_2)
     3    0.009444    0.069136    0.172091    8.346470 ^ _12755_/X (sky130_fd_sc_hd__o21ba_2)
                                                         _05567_ (net)
                      0.069136    0.000078    8.346548 ^ _13305_/B_N (sky130_fd_sc_hd__and4bb_2)
     2    0.007262    0.051500    0.252411    8.598958 v _13305_/X (sky130_fd_sc_hd__and4bb_2)
                                                         _06168_ (net)
                      0.051500    0.000036    8.598994 v _13310_/A2 (sky130_fd_sc_hd__o31a_2)
     2    0.018939    0.088201    0.374613    8.973608 v _13310_/X (sky130_fd_sc_hd__o31a_2)
                                                         _06174_ (net)
                      0.088203    0.000608    8.974216 v _13525_/A2 (sky130_fd_sc_hd__o31ai_2)
     3    0.023207    0.492120    0.471508    9.445724 ^ _13525_/Y (sky130_fd_sc_hd__o31ai_2)
                                                         _06408_ (net)
                      0.492121    0.000584    9.446307 ^ _13597_/A2 (sky130_fd_sc_hd__o32a_2)
     1    0.009960    0.069225    0.260896    9.707203 ^ _13597_/X (sky130_fd_sc_hd__o32a_2)
                                                         _06485_ (net)
                      0.069225    0.000036    9.707240 ^ _13632_/A (sky130_fd_sc_hd__xnor2_2)
     1    0.002279    0.094476    0.102524    9.809764 ^ _13632_/Y (sky130_fd_sc_hd__xnor2_2)
                                                         _00033_ (net)
                      0.094476    0.000003    9.809767 ^ _13650_/D (sky130_fd_sc_hd__dfrtp_2)
                                              9.809767   data arrival time

                                 10.000000   10.000000   clock clk (rise edge)
                                  0.000000   10.000000   clock source latency
    68    0.246936    1.099836    0.763153   10.763153 ^ clk (in)
                                                         clk (net)
                      1.100132    0.000000   10.763153 ^ _13650_/CLK (sky130_fd_sc_hd__dfrtp_2)
                                 -0.250000   10.513153   clock uncertainty
                                  0.000000   10.513153   clock reconvergence pessimism
                                  0.016124   10.529278   library setup time
                                             10.529278   data required time
---------------------------------------------------------------------------------------------
                                             10.529278   data required time
                                             -9.809767   data arrival time
---------------------------------------------------------------------------------------------
                                              0.719512   slack (MET)




===========================================================================
report_checks --slack_max -0.01
============================================================================
======================= nom_tt_025C_1v80 Corner ===================================

No paths found.


===========================================================================
 report_check_types -max_slew -max_cap -max_fanout -violators
============================================================================
======================= nom_tt_025C_1v80 Corner ===================================

max slew

Pin                                        Limit        Slew       Slack
------------------------------------------------------------------------
_13655_/RESET_B                         0.750000    1.624104   -0.874104 (VIOLATED)
_13656_/RESET_B                         0.750000    1.624103   -0.874103 (VIOLATED)
_13654_/RESET_B                         0.750000    1.624099   -0.874099 (VIOLATED)
_13653_/RESET_B                         0.750000    1.624093   -0.874093 (VIOLATED)
_13652_/RESET_B                         0.750000    1.624092   -0.874092 (VIOLATED)
_13651_/RESET_B                         0.750000    1.624084   -0.874084 (VIOLATED)
_13645_/RESET_B                         0.750000    1.624038   -0.874038 (VIOLATED)
_13644_/RESET_B                         0.750000    1.624035   -0.874035 (VIOLATED)
_13646_/RESET_B                         0.750000    1.624035   -0.874035 (VIOLATED)
_13643_/RESET_B                         0.750000    1.624020   -0.874020 (VIOLATED)
_13642_/RESET_B                         0.750000    1.624012   -0.874013 (VIOLATED)
_13641_/RESET_B                         0.750000    1.623976   -0.873976 (VIOLATED)
_13640_/RESET_B                         0.750000    1.623953   -0.873953 (VIOLATED)
_13639_/RESET_B                         0.750000    1.623933   -0.873933 (VIOLATED)
_13638_/RESET_B                         0.750000    1.623928   -0.873928 (VIOLATED)
_13637_/RESET_B                         0.750000    1.623909   -0.873909 (VIOLATED)
_13634_/RESET_B                         0.750000    1.623896   -0.873896 (VIOLATED)
_13636_/RESET_B                         0.750000    1.623878   -0.873878 (VIOLATED)
_13635_/RESET_B                         0.750000    1.623850   -0.873850 (VIOLATED)
_13685_/RESET_B                         0.750000    1.623803   -0.873803 (VIOLATED)
_13686_/RESET_B                         0.750000    1.623802   -0.873802 (VIOLATED)
_13687_/RESET_B                         0.750000    1.623787   -0.873787 (VIOLATED)
_13688_/RESET_B                         0.750000    1.623762   -0.873762 (VIOLATED)
_13689_/RESET_B                         0.750000    1.623743   -0.873743 (VIOLATED)
_13690_/RESET_B                         0.750000    1.623719   -0.873719 (VIOLATED)
_13691_/RESET_B                         0.750000    1.623676   -0.873676 (VIOLATED)
_13697_/RESET_B                         0.750000    1.623570   -0.873570 (VIOLATED)
_13692_/RESET_B                         0.750000    1.623565   -0.873565 (VIOLATED)
_13693_/RESET_B                         0.750000    1.623564   -0.873564 (VIOLATED)
_13694_/RESET_B                         0.750000    1.623563   -0.873563 (VIOLATED)
_13695_/RESET_B                         0.750000    1.623558   -0.873558 (VIOLATED)
_13696_/RESET_B                         0.750000    1.623540   -0.873540 (VIOLATED)
_13669_/RESET_B                         0.750000    1.623392   -0.873392 (VIOLATED)
_13670_/RESET_B                         0.750000    1.623376   -0.873376 (VIOLATED)
_13668_/RESET_B                         0.750000    1.623336   -0.873336 (VIOLATED)
_13671_/RESET_B                         0.750000    1.623322   -0.873322 (VIOLATED)
_13657_/RESET_B                         0.750000    1.623287   -0.873287 (VIOLATED)
_13658_/RESET_B                         0.750000    1.623286   -0.873286 (VIOLATED)
_13659_/RESET_B                         0.750000    1.623283   -0.873283 (VIOLATED)
_13660_/RESET_B                         0.750000    1.623282   -0.873282 (VIOLATED)
_13661_/RESET_B                         0.750000    1.623278   -0.873278 (VIOLATED)
_13662_/RESET_B                         0.750000    1.623274   -0.873274 (VIOLATED)
_13663_/RESET_B                         0.750000    1.623268   -0.873268 (VIOLATED)
_13672_/RESET_B                         0.750000    1.623235   -0.873235 (VIOLATED)
_13664_/RESET_B                         0.750000    1.623228   -0.873228 (VIOLATED)
_13673_/RESET_B                         0.750000    1.623225   -0.873226 (VIOLATED)
_13667_/RESET_B                         0.750000    1.623191   -0.873191 (VIOLATED)
_13665_/RESET_B                         0.750000    1.623191   -0.873191 (VIOLATED)
_13666_/RESET_B                         0.750000    1.623191   -0.873191 (VIOLATED)
_13674_/RESET_B                         0.750000    1.623176   -0.873176 (VIOLATED)
_13675_/RESET_B                         0.750000    1.623080   -0.873080 (VIOLATED)
_13650_/RESET_B                         0.750000    1.623064   -0.873064 (VIOLATED)
_13649_/RESET_B                         0.750000    1.623063   -0.873063 (VIOLATED)
_13647_/RESET_B                         0.750000    1.623062   -0.873062 (VIOLATED)
_13648_/RESET_B                         0.750000    1.623060   -0.873060 (VIOLATED)
_13676_/RESET_B                         0.750000    1.623014   -0.873014 (VIOLATED)
_13677_/RESET_B                         0.750000    1.622999   -0.872999 (VIOLATED)
_13680_/RESET_B                         0.750000    1.622976   -0.872976 (VIOLATED)
_13678_/RESET_B                         0.750000    1.622965   -0.872965 (VIOLATED)
_13679_/RESET_B                         0.750000    1.622947   -0.872947 (VIOLATED)
_13699_/RESET_B                         0.750000    1.622800   -0.872800 (VIOLATED)
_13700_/RESET_B                         0.750000    1.622799   -0.872799 (VIOLATED)
_13701_/RESET_B                         0.750000    1.622798   -0.872798 (VIOLATED)
_13681_/RESET_B                         0.750000    1.622749   -0.872749 (VIOLATED)
_13698_/RESET_B                         0.750000    1.622747   -0.872747 (VIOLATED)
_13682_/RESET_B                         0.750000    1.622737   -0.872737 (VIOLATED)
_13683_/RESET_B                         0.750000    1.622708   -0.872708 (VIOLATED)
_13684_/RESET_B                         0.750000    1.622684   -0.872684 (VIOLATED)
rst_n                                   0.750000    1.622679   -0.872679 (VIOLATED)
_09783_/A                               0.750000    1.413359   -0.663359 (VIOLATED)
_09905_/A1                              0.750000    1.413359   -0.663359 (VIOLATED)
_09782_/A1                              0.750000    1.413357   -0.663357 (VIOLATED)
_09653_/A                               0.750000    1.413355   -0.663355 (VIOLATED)
_09655_/A1                              0.750000    1.413332   -0.663332 (VIOLATED)
_09515_/A                               0.750000    1.413329   -0.663329 (VIOLATED)
_09517_/A1                              0.750000    1.413317   -0.663317 (VIOLATED)
_09363_/A                               0.750000    1.413302   -0.663302 (VIOLATED)
_09365_/A1                              0.750000    1.413290   -0.663290 (VIOLATED)
_09210_/A                               0.750000    1.413286   -0.663286 (VIOLATED)
_08904_/A                               0.750000    1.413234   -0.663234 (VIOLATED)
_09043_/B2                              0.750000    1.413223   -0.663223 (VIOLATED)
_08783_/A                               0.750000    1.413151   -0.663151 (VIOLATED)
_13190_/A                               0.750000    1.413085   -0.663085 (VIOLATED)
_13317_/A1                              0.750000    1.413085   -0.663085 (VIOLATED)
_13191_/A                               0.750000    1.413084   -0.663084 (VIOLATED)
_13188_/A                               0.750000    1.413083   -0.663083 (VIOLATED)
_13192_/A1                              0.750000    1.413082   -0.663082 (VIOLATED)
_13056_/A                               0.750000    1.413076   -0.663076 (VIOLATED)
_12918_/A                               0.750000    1.413059   -0.663059 (VIOLATED)
_12919_/A1                              0.750000    1.413058   -0.663058 (VIOLATED)
_12769_/A                               0.750000    1.413026   -0.663026 (VIOLATED)
_12771_/A1                              0.750000    1.412992   -0.662992 (VIOLATED)
_12613_/A                               0.750000    1.412981   -0.662981 (VIOLATED)
_12186_/A                               0.750000    1.412955   -0.662955 (VIOLATED)
_12307_/A                               0.750000    1.412929   -0.662929 (VIOLATED)
_12445_/B2                              0.750000    1.412917   -0.662917 (VIOLATED)
_07348_/C                               0.750000    1.412329   -0.662329 (VIOLATED)
_07349_/A2                              0.750000    1.412329   -0.662329 (VIOLATED)
_07089_/B                               0.750000    1.412313   -0.662313 (VIOLATED)
_07210_/B                               0.750000    1.412313   -0.662313 (VIOLATED)
_08091_/A                               0.750000    1.412204   -0.662204 (VIOLATED)
_08217_/A1                              0.750000    1.412205   -0.662205 (VIOLATED)
_07961_/A                               0.750000    1.412203   -0.662203 (VIOLATED)
_08089_/A1                              0.750000    1.412203   -0.662203 (VIOLATED)
_08090_/A1                              0.750000    1.412204   -0.662204 (VIOLATED)
_08092_/A                               0.750000    1.412204   -0.662204 (VIOLATED)
_08093_/A1                              0.750000    1.412204   -0.662204 (VIOLATED)
_07963_/A2                              0.750000    1.412201   -0.662201 (VIOLATED)
_07825_/B                               0.750000    1.412200   -0.662200 (VIOLATED)
_07827_/A2                              0.750000    1.412188   -0.662188 (VIOLATED)
_07518_/B                               0.750000    1.412187   -0.662187 (VIOLATED)
_07678_/A2                              0.750000    1.412186   -0.662186 (VIOLATED)
_07676_/B                               0.750000    1.412185   -0.662185 (VIOLATED)
_11477_/A                               0.750000    1.412164   -0.662164 (VIOLATED)
_11479_/A1                              0.750000    1.412164   -0.662164 (VIOLATED)
_11480_/A                               0.750000    1.412164   -0.662164 (VIOLATED)
_11481_/A                               0.750000    1.412164   -0.662164 (VIOLATED)
_11602_/A1                              0.750000    1.412164   -0.662164 (VIOLATED)
_11343_/A                               0.750000    1.412163   -0.662163 (VIOLATED)
_11210_/A                               0.750000    1.412162   -0.662162 (VIOLATED)
_11211_/A1                              0.750000    1.412162   -0.662162 (VIOLATED)
_10475_/A                               0.750000    1.412161   -0.662161 (VIOLATED)
_11063_/A                               0.750000    1.412158   -0.662158 (VIOLATED)
_11065_/A1                              0.750000    1.412152   -0.662152 (VIOLATED)
_10907_/A                               0.750000    1.412150   -0.662150 (VIOLATED)
_10596_/A                               0.750000    1.412147   -0.662147 (VIOLATED)
_10737_/B2                              0.750000    1.412148   -0.662148 (VIOLATED)
x1[5]                                   0.750000    1.412139   -0.662139 (VIOLATED)
_09811_/A1                              0.750000    1.400379   -0.650379 (VIOLATED)
_09692_/A1                              0.750000    1.400377   -0.650377 (VIOLATED)
_09693_/A                               0.750000    1.400377   -0.650377 (VIOLATED)
_09557_/A                               0.750000    1.400370   -0.650370 (VIOLATED)
_09556_/A1                              0.750000    1.400368   -0.650368 (VIOLATED)
_09409_/A                               0.750000    1.400361   -0.650361 (VIOLATED)
_09413_/A1                              0.750000    1.400344   -0.650344 (VIOLATED)
_09256_/A                               0.750000    1.400339   -0.650339 (VIOLATED)
_09068_/A                               0.750000    1.400308   -0.650308 (VIOLATED)
_09069_/B2                              0.750000    1.400308   -0.650308 (VIOLATED)
_08659_/A                               0.750000    1.400292   -0.650292 (VIOLATED)
_08813_/A1                              0.750000    1.400292   -0.650292 (VIOLATED)
_08808_/A                               0.750000    1.400287   -0.650287 (VIOLATED)
_08940_/A                               0.750000    1.400285   -0.650285 (VIOLATED)
_13221_/A1                              0.750000    1.400165   -0.650165 (VIOLATED)
_13101_/A                               0.750000    1.400163   -0.650163 (VIOLATED)
_13102_/A                               0.750000    1.400163   -0.650163 (VIOLATED)
_13099_/A                               0.750000    1.400160   -0.650160 (VIOLATED)
_12957_/A                               0.750000    1.400159   -0.650159 (VIOLATED)
_13098_/A1                              0.750000    1.400159   -0.650159 (VIOLATED)
_12816_/A1                              0.750000    1.400139   -0.650139 (VIOLATED)
_12817_/C                               0.750000    1.400139   -0.650139 (VIOLATED)
_12818_/A1                              0.750000    1.400123   -0.650123 (VIOLATED)
_12660_/A                               0.750000    1.400120   -0.650120 (VIOLATED)
_12060_/A                               0.750000    1.400085   -0.650085 (VIOLATED)
_12216_/A1                              0.750000    1.400084   -0.650084 (VIOLATED)
_12211_/A                               0.750000    1.400081   -0.650081 (VIOLATED)
_12470_/A                               0.750000    1.400078   -0.650078 (VIOLATED)
_12471_/B2                              0.750000    1.400078   -0.650078 (VIOLATED)
_12343_/A                               0.750000    1.400067   -0.650067 (VIOLATED)
_08122_/A1                              0.750000    1.399739   -0.649739 (VIOLATED)
_08002_/A                               0.750000    1.399737   -0.649737 (VIOLATED)
_08001_/A1                              0.750000    1.399737   -0.649737 (VIOLATED)
_08005_/A                               0.750000    1.399736   -0.649736 (VIOLATED)
_07866_/A                               0.750000    1.399733   -0.649733 (VIOLATED)
_07722_/A1                              0.750000    1.399717   -0.649717 (VIOLATED)
_07723_/C                               0.750000    1.399717   -0.649717 (VIOLATED)
_07724_/A2                              0.750000    1.399704   -0.649704 (VIOLATED)
_07563_/B                               0.750000    1.399702   -0.649702 (VIOLATED)
_06962_/B                               0.750000    1.399685   -0.649685 (VIOLATED)
_07114_/B                               0.750000    1.399684   -0.649684 (VIOLATED)
_07247_/B                               0.750000    1.399680   -0.649680 (VIOLATED)
_07375_/C                               0.750000    1.399660   -0.649660 (VIOLATED)
_07374_/A2                              0.750000    1.399657   -0.649657 (VIOLATED)
_11387_/A                               0.750000    1.399351   -0.649351 (VIOLATED)
_11388_/A                               0.750000    1.399351   -0.649351 (VIOLATED)
_11509_/A1                              0.750000    1.399351   -0.649351 (VIOLATED)
_11385_/A                               0.750000    1.399350   -0.649350 (VIOLATED)
_11389_/A1                              0.750000    1.399350   -0.649350 (VIOLATED)
_11249_/A                               0.750000    1.399349   -0.649350 (VIOLATED)
_10348_/A                               0.750000    1.399345   -0.649345 (VIOLATED)
_10505_/A1                              0.750000    1.399345   -0.649345 (VIOLATED)
_10633_/A                               0.750000    1.399344   -0.649345 (VIOLATED)
_10500_/A                               0.750000    1.399344   -0.649344 (VIOLATED)
_11109_/A1                              0.750000    1.399342   -0.649342 (VIOLATED)
_11110_/C                               0.750000    1.399342   -0.649342 (VIOLATED)
_11111_/A1                              0.750000    1.399338   -0.649338 (VIOLATED)
_10954_/A                               0.750000    1.399337   -0.649337 (VIOLATED)
_10762_/A                               0.750000    1.399321   -0.649321 (VIOLATED)
_10761_/B2                              0.750000    1.399320   -0.649320 (VIOLATED)
x2[4]                                   0.750000    1.399256   -0.649256 (VIOLATED)
_08901_/A                               0.750000    1.377735   -0.627735 (VIOLATED)
_08902_/B2                              0.750000    1.377736   -0.627736 (VIOLATED)
_09048_/B                               0.750000    1.377733   -0.627733 (VIOLATED)
_09049_/A1                              0.750000    1.377733   -0.627733 (VIOLATED)
_09207_/A                               0.750000    1.377727   -0.627727 (VIOLATED)
_09208_/B2                              0.750000    1.377726   -0.627726 (VIOLATED)
_09361_/B2                              0.750000    1.377715   -0.627715 (VIOLATED)
_09360_/A                               0.750000    1.377714   -0.627714 (VIOLATED)
_09512_/A                               0.750000    1.377703   -0.627703 (VIOLATED)
_09513_/B2                              0.750000    1.377702   -0.627702 (VIOLATED)
_12026_/B2                              0.750000    1.377687   -0.627687 (VIOLATED)
_12028_/A                               0.750000    1.377685   -0.627685 (VIOLATED)
_12184_/B2                              0.750000    1.377682   -0.627682 (VIOLATED)
_12183_/A                               0.750000    1.377681   -0.627681 (VIOLATED)
_12305_/B2                              0.750000    1.377675   -0.627675 (VIOLATED)
_12304_/A                               0.750000    1.377673   -0.627673 (VIOLATED)
_09511_/A                               0.750000    1.377666   -0.627666 (VIOLATED)
_12450_/B                               0.750000    1.377663   -0.627663 (VIOLATED)
_12451_/A1                              0.750000    1.377664   -0.627664 (VIOLATED)
_12610_/A                               0.750000    1.377638   -0.627638 (VIOLATED)
_12611_/B2                              0.750000    1.377638   -0.627638 (VIOLATED)
_12767_/B2                              0.750000    1.377612   -0.627612 (VIOLATED)
_12766_/A                               0.750000    1.377610   -0.627610 (VIOLATED)
_12916_/B2                              0.750000    1.377579   -0.627579 (VIOLATED)
_12915_/A                               0.750000    1.377576   -0.627576 (VIOLATED)
_12914_/A                               0.750000    1.377555   -0.627555 (VIOLATED)
_08780_/A                               0.750000    1.377353   -0.627353 (VIOLATED)
_08781_/B2                              0.750000    1.377353   -0.627353 (VIOLATED)
_08625_/B2                              0.750000    1.377350   -0.627350 (VIOLATED)
_08627_/A                               0.750000    1.377350   -0.627350 (VIOLATED)
_08655_/A                               0.750000    1.377341   -0.627341 (VIOLATED)
_08762_/A1                              0.750000    1.377340   -0.627340 (VIOLATED)
_07959_/A                               0.750000    1.377333   -0.627333 (VIOLATED)
_12056_/A                               0.750000    1.377299   -0.627299 (VIOLATED)
_12163_/A1                              0.750000    1.377299   -0.627299 (VIOLATED)
_06960_/B                               0.750000    1.377237   -0.627237 (VIOLATED)
_07067_/A2                              0.750000    1.377237   -0.627237 (VIOLATED)
_06930_/A2                              0.750000    1.377194   -0.627194 (VIOLATED)
_06931_/C                               0.750000    1.377189   -0.627189 (VIOLATED)
_07087_/A2                              0.750000    1.377177   -0.627178 (VIOLATED)
_07207_/C                               0.750000    1.377176   -0.627176 (VIOLATED)
_07086_/C                               0.750000    1.377175   -0.627175 (VIOLATED)
_07208_/A2                              0.750000    1.377176   -0.627176 (VIOLATED)
_07821_/A                               0.750000    1.377169   -0.627169 (VIOLATED)
_07354_/C                               0.750000    1.377165   -0.627165 (VIOLATED)
_07355_/A2                              0.750000    1.377165   -0.627165 (VIOLATED)
_07515_/B                               0.750000    1.377163   -0.627163 (VIOLATED)
_07516_/B2                              0.750000    1.377163   -0.627163 (VIOLATED)
_07674_/B2                              0.750000    1.377161   -0.627161 (VIOLATED)
_07673_/A                               0.750000    1.377161   -0.627161 (VIOLATED)
_07823_/B2                              0.750000    1.377148   -0.627148 (VIOLATED)
_10344_/A                               0.750000    1.377122   -0.627122 (VIOLATED)
_10451_/A1                              0.750000    1.377122   -0.627122 (VIOLATED)
_10313_/B2                              0.750000    1.377121   -0.627121 (VIOLATED)
_10315_/A                               0.750000    1.377120   -0.627120 (VIOLATED)
_10473_/B2                              0.750000    1.377081   -0.627081 (VIOLATED)
_10472_/A                               0.750000    1.377079   -0.627079 (VIOLATED)
_10594_/B2                              0.750000    1.377065   -0.627065 (VIOLATED)
_10593_/A                               0.750000    1.377063   -0.627063 (VIOLATED)
_10742_/B                               0.750000    1.377055   -0.627055 (VIOLATED)
_10743_/A1                              0.750000    1.377055   -0.627055 (VIOLATED)
_10904_/A                               0.750000    1.377043   -0.627043 (VIOLATED)
_10905_/B2                              0.750000    1.377042   -0.627042 (VIOLATED)
_11206_/A                               0.750000    1.377034   -0.627034 (VIOLATED)
_11207_/A                               0.750000    1.377034   -0.627034 (VIOLATED)
_11208_/B2                              0.750000    1.377034   -0.627034 (VIOLATED)
_11061_/B2                              0.750000    1.377029   -0.627029 (VIOLATED)
_11060_/A                               0.750000    1.377028   -0.627028 (VIOLATED)
x1[3]                                   0.750000    1.377022   -0.627022 (VIOLATED)
_10365_/A                               0.750000    1.355748   -0.605748 (VIOLATED)
_10523_/B2                              0.750000    1.355741   -0.605741 (VIOLATED)
_10524_/A                               0.750000    1.355740   -0.605740 (VIOLATED)
_10660_/A                               0.750000    1.355736   -0.605736 (VIOLATED)
_10661_/B2                              0.750000    1.355736   -0.605736 (VIOLATED)
_10799_/B                               0.750000    1.355730   -0.605730 (VIOLATED)
_10800_/B2                              0.750000    1.355728   -0.605728 (VIOLATED)
_10980_/A1                              0.750000    1.355685   -0.605685 (VIOLATED)
_10979_/A                               0.750000    1.355684   -0.605684 (VIOLATED)
_11135_/A                               0.750000    1.355661   -0.605661 (VIOLATED)
_11136_/B2                              0.750000    1.355661   -0.605661 (VIOLATED)
_11274_/B2                              0.750000    1.355648   -0.605648 (VIOLATED)
_11273_/A                               0.750000    1.355642   -0.605642 (VIOLATED)
_11413_/B2                              0.750000    1.355617   -0.605617 (VIOLATED)
_11412_/A                               0.750000    1.355610   -0.605610 (VIOLATED)
_09286_/A                               0.750000    1.355593   -0.605593 (VIOLATED)
_09442_/A1                              0.750000    1.355593   -0.605593 (VIOLATED)
_09443_/A1                              0.750000    1.355593   -0.605593 (VIOLATED)
_11557_/A                               0.750000    1.355591   -0.605591 (VIOLATED)
_11558_/A1                              0.750000    1.355591   -0.605591 (VIOLATED)
_09288_/B2                              0.750000    1.355582   -0.605582 (VIOLATED)
_09287_/A                               0.750000    1.355580   -0.605580 (VIOLATED)
_09126_/A                               0.750000    1.355577   -0.605577 (VIOLATED)
_09124_/A                               0.750000    1.355575   -0.605575 (VIOLATED)
_08973_/A                               0.750000    1.355532   -0.605532 (VIOLATED)
_08974_/B2                              0.750000    1.355531   -0.605531 (VIOLATED)
_06981_/B                               0.750000    1.355527   -0.605527 (VIOLATED)
_06993_/B                               0.750000    1.355527   -0.605527 (VIOLATED)
_07137_/A2                              0.750000    1.355520   -0.605520 (VIOLATED)
_07138_/C                               0.750000    1.355519   -0.605519 (VIOLATED)
_07411_/D                               0.750000    1.355516   -0.605516 (VIOLATED)
_07412_/B1                              0.750000    1.355516   -0.605516 (VIOLATED)
_07274_/C                               0.750000    1.355513   -0.605513 (VIOLATED)
_07275_/A2                              0.750000    1.355513   -0.605513 (VIOLATED)
_08834_/A                               0.750000    1.355507   -0.605507 (VIOLATED)
_08835_/A1                              0.750000    1.355502   -0.605502 (VIOLATED)
_08678_/A                               0.750000    1.355497   -0.605497 (VIOLATED)
_08679_/B2                              0.750000    1.355497   -0.605497 (VIOLATED)
_08682_/A                               0.750000    1.355476   -0.605476 (VIOLATED)
_08684_/B2                              0.750000    1.355476   -0.605476 (VIOLATED)
_12077_/A                               0.750000    1.355468   -0.605468 (VIOLATED)
_12234_/B2                              0.750000    1.355462   -0.605462 (VIOLATED)
_12235_/A                               0.750000    1.355463   -0.605463 (VIOLATED)
_12369_/A                               0.750000    1.355451   -0.605451 (VIOLATED)
_12370_/B2                              0.750000    1.355451   -0.605451 (VIOLATED)
_08576_/A                               0.750000    1.355442   -0.605442 (VIOLATED)
_08575_/B2                              0.750000    1.355439   -0.605439 (VIOLATED)
_12506_/B                               0.750000    1.355439   -0.605439 (VIOLATED)
_12507_/B2                              0.750000    1.355435   -0.605435 (VIOLATED)
_08544_/A                               0.750000    1.355422   -0.605422 (VIOLATED)
_08545_/A1                              0.750000    1.355421   -0.605421 (VIOLATED)
_07590_/C                               0.750000    1.355417   -0.605417 (VIOLATED)
_07591_/A2                              0.750000    1.355417   -0.605417 (VIOLATED)
_07748_/A1                              0.750000    1.355415   -0.605415 (VIOLATED)
_07747_/B                               0.750000    1.355413   -0.605413 (VIOLATED)
_07890_/B2                              0.750000    1.355410   -0.605410 (VIOLATED)
_07889_/A                               0.750000    1.355408   -0.605408 (VIOLATED)
_08168_/A                               0.750000    1.355406   -0.605406 (VIOLATED)
_08029_/B2                              0.750000    1.355400   -0.605400 (VIOLATED)
_08028_/A                               0.750000    1.355397   -0.605397 (VIOLATED)
_08169_/A1                              0.750000    1.355394   -0.605394 (VIOLATED)
_12686_/A1                              0.750000    1.355364   -0.605364 (VIOLATED)
_12685_/A                               0.750000    1.355362   -0.605362 (VIOLATED)
_12842_/A                               0.750000    1.355336   -0.605336 (VIOLATED)
_12843_/B2                              0.750000    1.355336   -0.605336 (VIOLATED)
_12984_/B2                              0.750000    1.355310   -0.605310 (VIOLATED)
_12983_/A                               0.750000    1.355302   -0.605302 (VIOLATED)
_12526_/A                               0.750000    1.355286   -0.605286 (VIOLATED)
_12528_/A                               0.750000    1.355285   -0.605285 (VIOLATED)
_12690_/A                               0.750000    1.355285   -0.605285 (VIOLATED)
_12691_/A                               0.750000    1.355282   -0.605282 (VIOLATED)
_12692_/B2                              0.750000    1.355283   -0.605283 (VIOLATED)
_07595_/A                               0.750000    1.355269   -0.605269 (VIOLATED)
_07753_/A1                              0.750000    1.355269   -0.605269 (VIOLATED)
_12375_/A                               0.750000    1.355269   -0.605269 (VIOLATED)
_12376_/B2                              0.750000    1.355269   -0.605269 (VIOLATED)
_12238_/A                               0.750000    1.355268   -0.605268 (VIOLATED)
_12239_/A1                              0.750000    1.355267   -0.605267 (VIOLATED)
_12079_/A                               0.750000    1.355265   -0.605265 (VIOLATED)
_12080_/B2                              0.750000    1.355265   -0.605265 (VIOLATED)
_07431_/B                               0.750000    1.355264   -0.605264 (VIOLATED)
_07597_/B2                              0.750000    1.355264   -0.605264 (VIOLATED)
_07430_/A                               0.750000    1.355263   -0.605263 (VIOLATED)
_07596_/A                               0.750000    1.355260   -0.605261 (VIOLATED)
_12083_/A                               0.750000    1.355257   -0.605257 (VIOLATED)
_12085_/B2                              0.750000    1.355257   -0.605257 (VIOLATED)
_11977_/A                               0.750000    1.355245   -0.605245 (VIOLATED)
_11976_/B2                              0.750000    1.355243   -0.605243 (VIOLATED)
_13127_/B2                              0.750000    1.355237   -0.605237 (VIOLATED)
_11942_/A                               0.750000    1.355231   -0.605231 (VIOLATED)
_11943_/A1                              0.750000    1.355231   -0.605231 (VIOLATED)
_13126_/A                               0.750000    1.355232   -0.605232 (VIOLATED)
_13269_/A                               0.750000    1.355218   -0.605218 (VIOLATED)
_13270_/A1                              0.750000    1.355217   -0.605217 (VIOLATED)
_07280_/A                               0.750000    1.355206   -0.605206 (VIOLATED)
_07281_/B2                              0.750000    1.355203   -0.605203 (VIOLATED)
_07141_/A                               0.750000    1.355192   -0.605192 (VIOLATED)
_07142_/A1                              0.750000    1.355188   -0.605188 (VIOLATED)
_06983_/A                               0.750000    1.355178   -0.605178 (VIOLATED)
_06984_/B2                              0.750000    1.355178   -0.605178 (VIOLATED)
_06987_/B                               0.750000    1.355158   -0.605158 (VIOLATED)
_06988_/A1                              0.750000    1.355153   -0.605153 (VIOLATED)
_06848_/B                               0.750000    1.355149   -0.605149 (VIOLATED)
_06883_/C                               0.750000    1.355127   -0.605127 (VIOLATED)
_06882_/A2                              0.750000    1.355124   -0.605124 (VIOLATED)
_08676_/A                               0.750000    1.354928   -0.604928 (VIOLATED)
_08830_/B2                              0.750000    1.354925   -0.604925 (VIOLATED)
_08831_/A                               0.750000    1.354925   -0.604925 (VIOLATED)
_07752_/A                               0.750000    1.354923   -0.604923 (VIOLATED)
_08967_/A                               0.750000    1.354923   -0.604923 (VIOLATED)
_08968_/B2                              0.750000    1.354923   -0.604923 (VIOLATED)
_10984_/A                               0.750000    1.354923   -0.604923 (VIOLATED)
_09104_/B                               0.750000    1.354922   -0.604922 (VIOLATED)
_09105_/B2                              0.750000    1.354921   -0.604921 (VIOLATED)
_10985_/A                               0.750000    1.354922   -0.604922 (VIOLATED)
_10986_/B2                              0.750000    1.354922   -0.604922 (VIOLATED)
_10819_/A                               0.750000    1.354921   -0.604921 (VIOLATED)
_10821_/A                               0.750000    1.354921   -0.604921 (VIOLATED)
_10666_/A                               0.750000    1.354909   -0.604909 (VIOLATED)
_10667_/B2                              0.750000    1.354909   -0.604909 (VIOLATED)
_10527_/A                               0.750000    1.354906   -0.604906 (VIOLATED)
_10528_/A1                              0.750000    1.354904   -0.604904 (VIOLATED)
_09281_/A                               0.750000    1.354903   -0.604903 (VIOLATED)
_09282_/A1                              0.750000    1.354904   -0.604904 (VIOLATED)
_10367_/A                               0.750000    1.354901   -0.604901 (VIOLATED)
_10368_/B2                              0.750000    1.354901   -0.604901 (VIOLATED)
_09437_/A                               0.750000    1.354896   -0.604896 (VIOLATED)
_09438_/B2                              0.750000    1.354896   -0.604896 (VIOLATED)
_10371_/A                               0.750000    1.354895   -0.604895 (VIOLATED)
_10373_/B2                              0.750000    1.354895   -0.604895 (VIOLATED)
_09582_/B2                              0.750000    1.354892   -0.604892 (VIOLATED)
_09581_/A                               0.750000    1.354890   -0.604890 (VIOLATED)
_10264_/A                               0.750000    1.354886   -0.604886 (VIOLATED)
_10263_/B2                              0.750000    1.354885   -0.604885 (VIOLATED)
_09721_/B2                              0.750000    1.354882   -0.604882 (VIOLATED)
_09720_/A                               0.750000    1.354881   -0.604881 (VIOLATED)
_10229_/A                               0.750000    1.354880   -0.604880 (VIOLATED)
_10230_/A1                              0.750000    1.354880   -0.604880 (VIOLATED)
_09859_/A1                              0.750000    1.354874   -0.604874 (VIOLATED)
_09858_/A                               0.750000    1.354865   -0.604865 (VIOLATED)
x3[1]                                   0.750000    1.354830   -0.604830 (VIOLATED)
x3[4]                                   0.750000    1.354783   -0.604783 (VIOLATED)
_09104_/A                               0.750000    1.309122   -0.559122 (VIOLATED)
_09105_/A1                              0.750000    1.309122   -0.559122 (VIOLATED)
_08971_/A                               0.750000    1.309119   -0.559119 (VIOLATED)
_08683_/A                               0.750000    1.309112   -0.559112 (VIOLATED)
_08686_/A1                              0.750000    1.309112   -0.559112 (VIOLATED)
_08677_/A                               0.750000    1.309110   -0.559110 (VIOLATED)
_08833_/A                               0.750000    1.309109   -0.559109 (VIOLATED)
_08838_/A1                              0.750000    1.309108   -0.559108 (VIOLATED)
_09587_/A                               0.750000    1.309088   -0.559088 (VIOLATED)
_09445_/A                               0.750000    1.309087   -0.559087 (VIOLATED)
_09289_/A1                              0.750000    1.309078   -0.559078 (VIOLATED)
_09290_/A                               0.750000    1.309077   -0.559077 (VIOLATED)
_13125_/A1                              0.750000    1.309039   -0.559039 (VIOLATED)
_12992_/A                               0.750000    1.309036   -0.559036 (VIOLATED)
_12989_/A1                              0.750000    1.309035   -0.559035 (VIOLATED)
_12990_/A                               0.750000    1.309035   -0.559035 (VIOLATED)
_12848_/A                               0.750000    1.309031   -0.559031 (VIOLATED)
_12693_/A1                              0.750000    1.309013   -0.559013 (VIOLATED)
_12694_/A                               0.750000    1.309011   -0.559011 (VIOLATED)
_12084_/A                               0.750000    1.309010   -0.559010 (VIOLATED)
_12087_/A1                              0.750000    1.309010   -0.559010 (VIOLATED)
_12078_/A                               0.750000    1.309006   -0.559006 (VIOLATED)
_12242_/A1                              0.750000    1.309003   -0.559003 (VIOLATED)
_12237_/A                               0.750000    1.308976   -0.558976 (VIOLATED)
_12506_/A                               0.750000    1.308964   -0.558964 (VIOLATED)
_12507_/A1                              0.750000    1.308964   -0.558965 (VIOLATED)
_07895_/A                               0.750000    1.308957   -0.558957 (VIOLATED)
_07755_/A                               0.750000    1.308956   -0.558956 (VIOLATED)
_12373_/A                               0.750000    1.308952   -0.558952 (VIOLATED)
_07598_/A1                              0.750000    1.308943   -0.558943 (VIOLATED)
_07599_/A                               0.750000    1.308941   -0.558941 (VIOLATED)
_06989_/D                               0.750000    1.308872   -0.558872 (VIOLATED)
_06995_/A2_N                            0.750000    1.308872   -0.558872 (VIOLATED)
_06982_/B                               0.750000    1.308871   -0.558871 (VIOLATED)
_07145_/A2                              0.750000    1.308870   -0.558870 (VIOLATED)
_07140_/B                               0.750000    1.308865   -0.558865 (VIOLATED)
_07278_/B                               0.750000    1.308854   -0.558854 (VIOLATED)
_07412_/A2                              0.750000    1.308748   -0.558748 (VIOLATED)
_07411_/C                               0.750000    1.308744   -0.558744 (VIOLATED)
_11411_/A1                              0.750000    1.308486   -0.558486 (VIOLATED)
_11279_/A1                              0.750000    1.308484   -0.558484 (VIOLATED)
_11280_/A                               0.750000    1.308485   -0.558485 (VIOLATED)
_11282_/A                               0.750000    1.308484   -0.558484 (VIOLATED)
_11141_/A                               0.750000    1.308482   -0.558482 (VIOLATED)
_10987_/A1                              0.750000    1.308475   -0.558475 (VIOLATED)
_10988_/A                               0.750000    1.308475   -0.558475 (VIOLATED)
_10800_/A1                              0.750000    1.308445   -0.558446 (VIOLATED)
_10799_/A                               0.750000    1.308444   -0.558444 (VIOLATED)
_10664_/A                               0.750000    1.308426   -0.558426 (VIOLATED)
_10372_/A                               0.750000    1.308413   -0.558413 (VIOLATED)
_10375_/A1                              0.750000    1.308412   -0.558412 (VIOLATED)
_10366_/A                               0.750000    1.308411   -0.558411 (VIOLATED)
_10531_/A1                              0.750000    1.308410   -0.558410 (VIOLATED)
_10526_/A                               0.750000    1.308408   -0.558408 (VIOLATED)
x3[3]                                   0.750000    1.308230   -0.558230 (VIOLATED)
_08547_/A1                              0.750000    1.299440   -0.549440 (VIOLATED)
_08584_/A                               0.750000    1.299440   -0.549440 (VIOLATED)
_08548_/B                               0.750000    1.299438   -0.549438 (VIOLATED)
_08585_/A                               0.750000    1.299433   -0.549433 (VIOLATED)
_08615_/A                               0.750000    1.299431   -0.549431 (VIOLATED)
_08667_/A                               0.750000    1.299421   -0.549421 (VIOLATED)
_08950_/A1                              0.750000    1.299394   -0.549395 (VIOLATED)
_08951_/B                               0.750000    1.299394   -0.549394 (VIOLATED)
_08818_/A                               0.750000    1.299367   -0.549367 (VIOLATED)
_09088_/B2                              0.750000    1.299365   -0.549365 (VIOLATED)
_10123_/A1                              0.750000    1.299356   -0.549356 (VIOLATED)
_09267_/A                               0.750000    1.299354   -0.549354 (VIOLATED)
_09975_/A                               0.750000    1.299353   -0.549353 (VIOLATED)
_09971_/A1                              0.750000    1.299347   -0.549347 (VIOLATED)
_09819_/A1                              0.750000    1.299338   -0.549338 (VIOLATED)
_09699_/A1                              0.750000    1.299324   -0.549324 (VIOLATED)
_09562_/A1                              0.750000    1.299310   -0.549311 (VIOLATED)
_09418_/A1                              0.750000    1.299290   -0.549290 (VIOLATED)
_11945_/A1                              0.750000    1.299116   -0.549116 (VIOLATED)
_11985_/A                               0.750000    1.299116   -0.549116 (VIOLATED)
_11946_/B                               0.750000    1.299109   -0.549109 (VIOLATED)
_11986_/A                               0.750000    1.299107   -0.549107 (VIOLATED)
_12016_/A                               0.750000    1.299101   -0.549101 (VIOLATED)
_12068_/B                               0.750000    1.299093   -0.549093 (VIOLATED)
_12221_/A1                              0.750000    1.299080   -0.549080 (VIOLATED)
_12222_/A                               0.750000    1.299045   -0.549046 (VIOLATED)
_12490_/B2                              0.750000    1.299043   -0.549043 (VIOLATED)
_13389_/A1                              0.750000    1.298992   -0.548992 (VIOLATED)
_13229_/A1                              0.750000    1.298988   -0.548988 (VIOLATED)
_13107_/A1                              0.750000    1.298982   -0.548982 (VIOLATED)
_12823_/A1                              0.750000    1.298977   -0.548977 (VIOLATED)
_12965_/A1                              0.750000    1.298974   -0.548974 (VIOLATED)
_12671_/A                               0.750000    1.298973   -0.548973 (VIOLATED)
_06851_/B                               0.750000    1.298680   -0.548680 (VIOLATED)
_06852_/B                               0.750000    1.298679   -0.548679 (VIOLATED)
_06889_/A2                              0.750000    1.298679   -0.548679 (VIOLATED)
_06890_/A                               0.750000    1.298673   -0.548673 (VIOLATED)
_06922_/B                               0.750000    1.298669   -0.548669 (VIOLATED)
_06921_/A                               0.750000    1.298662   -0.548662 (VIOLATED)
_06972_/B                               0.750000    1.298660   -0.548660 (VIOLATED)
_06971_/A                               0.750000    1.298645   -0.548645 (VIOLATED)
_07124_/A                               0.750000    1.298635   -0.548635 (VIOLATED)
_07258_/A1                              0.750000    1.298633   -0.548633 (VIOLATED)
_07259_/B                               0.750000    1.298632   -0.548632 (VIOLATED)
_07396_/B2                              0.750000    1.298608   -0.548608 (VIOLATED)
_07575_/A                               0.750000    1.298544   -0.548544 (VIOLATED)
_07574_/A                               0.750000    1.298509   -0.548509 (VIOLATED)
_10232_/A1                              0.750000    1.298053   -0.548053 (VIOLATED)
_10272_/A                               0.750000    1.298052   -0.548052 (VIOLATED)
_10233_/B                               0.750000    1.298051   -0.548051 (VIOLATED)
_10273_/A                               0.750000    1.298049   -0.548049 (VIOLATED)
_10303_/A                               0.750000    1.298048   -0.548048 (VIOLATED)
_10356_/B                               0.750000    1.298042   -0.548042 (VIOLATED)
_10510_/A1                              0.750000    1.298033   -0.548033 (VIOLATED)
_10511_/A                               0.750000    1.298026   -0.548026 (VIOLATED)
_10783_/B2                              0.750000    1.298021   -0.548021 (VIOLATED)
_11116_/A1                              0.750000    1.297962   -0.547962 (VIOLATED)
_11255_/A1                              0.750000    1.297896   -0.547896 (VIOLATED)
_11392_/A1                              0.750000    1.297840   -0.547840 (VIOLATED)
_11517_/A1                              0.750000    1.297786   -0.547786 (VIOLATED)
_10965_/A                               0.750000    1.297772   -0.547772 (VIOLATED)
_11522_/A                               0.750000    1.297750   -0.547750 (VIOLATED)
_11749_/A                               0.750000    1.297750   -0.547750 (VIOLATED)
x2[1]                                   0.750000    1.297647   -0.547647 (VIOLATED)
_10542_/A                               0.750000    1.297007   -0.547007 (VIOLATED)
_10679_/A1                              0.750000    1.297006   -0.547006 (VIOLATED)
_10685_/A                               0.750000    1.297003   -0.547003 (VIOLATED)
_10838_/A1                              0.750000    1.297001   -0.547001 (VIOLATED)
_10826_/A                               0.750000    1.296995   -0.546995 (VIOLATED)
_10825_/A                               0.750000    1.296994   -0.546994 (VIOLATED)
_10827_/B2                              0.750000    1.296992   -0.546992 (VIOLATED)
_11010_/A                               0.750000    1.296958   -0.546958 (VIOLATED)
_11151_/A1                              0.750000    1.296953   -0.546953 (VIOLATED)
_11163_/C                               0.750000    1.296920   -0.546920 (VIOLATED)
_11162_/A1_N                            0.750000    1.296918   -0.546918 (VIOLATED)
_11432_/A1                              0.750000    1.296899   -0.546899 (VIOLATED)
_11302_/A                               0.750000    1.296898   -0.546898 (VIOLATED)
_11535_/A1                              0.750000    1.296884   -0.546884 (VIOLATED)
_11637_/A1                              0.750000    1.296884   -0.546884 (VIOLATED)
_11425_/A                               0.750000    1.296884   -0.546884 (VIOLATED)
_11536_/A1                              0.750000    1.296884   -0.546884 (VIOLATED)
_07155_/B                               0.750000    1.296875   -0.546875 (VIOLATED)
_12253_/A                               0.750000    1.296873   -0.546873 (VIOLATED)
_12388_/A1                              0.750000    1.296873   -0.546873 (VIOLATED)
_07299_/B                               0.750000    1.296866   -0.546866 (VIOLATED)
_07448_/A2                              0.750000    1.296866   -0.546866 (VIOLATED)
_12394_/A                               0.750000    1.296866   -0.546866 (VIOLATED)
_12545_/A1                              0.750000    1.296862   -0.546862 (VIOLATED)
_12533_/A                               0.750000    1.296848   -0.546848 (VIOLATED)
_12532_/A                               0.750000    1.296846   -0.546846 (VIOLATED)
_12534_/B2                              0.750000    1.296844   -0.546844 (VIOLATED)
_07435_/C                               0.750000    1.296837   -0.546838 (VIOLATED)
_07436_/C                               0.750000    1.296837   -0.546838 (VIOLATED)
_07437_/A2                              0.750000    1.296837   -0.546837 (VIOLATED)
_07621_/B                               0.750000    1.296790   -0.546790 (VIOLATED)
_07765_/A2                              0.750000    1.296791   -0.546791 (VIOLATED)
_12716_/A                               0.750000    1.296789   -0.546789 (VIOLATED)
_12858_/A1                              0.750000    1.296781   -0.546781 (VIOLATED)
_12870_/C                               0.750000    1.296751   -0.546751 (VIOLATED)
_12869_/A1_N                            0.750000    1.296748   -0.546748 (VIOLATED)
_07776_/A2_N                            0.750000    1.296741   -0.546741 (VIOLATED)
_07777_/D                               0.750000    1.296741   -0.546741 (VIOLATED)
_08251_/A1                              0.750000    1.296723   -0.546723 (VIOLATED)
_13012_/A                               0.750000    1.296716   -0.546716 (VIOLATED)
_08146_/A1                              0.750000    1.296715   -0.546715 (VIOLATED)
_08145_/B1                              0.750000    1.296711   -0.546711 (VIOLATED)
_08040_/A                               0.750000    1.296707   -0.546707 (VIOLATED)
_13146_/A1                              0.750000    1.296705   -0.546705 (VIOLATED)
_07918_/A2_N                            0.750000    1.296702   -0.546702 (VIOLATED)
_07919_/D                               0.750000    1.296702   -0.546702 (VIOLATED)
_13139_/A                               0.750000    1.296672   -0.546672 (VIOLATED)
_13353_/A1                              0.750000    1.296665   -0.546665 (VIOLATED)
_13246_/A                               0.750000    1.296656   -0.546656 (VIOLATED)
_08849_/A                               0.750000    1.296425   -0.546425 (VIOLATED)
_08986_/A1                              0.750000    1.296425   -0.546425 (VIOLATED)
_08992_/A                               0.750000    1.296423   -0.546423 (VIOLATED)
_09143_/A1                              0.750000    1.296422   -0.546422 (VIOLATED)
_09131_/A                               0.750000    1.296418   -0.546418 (VIOLATED)
_09130_/A                               0.750000    1.296418   -0.546418 (VIOLATED)
_09132_/B2                              0.750000    1.296417   -0.546417 (VIOLATED)
_09455_/A1                              0.750000    1.296402   -0.546402 (VIOLATED)
_09312_/A                               0.750000    1.296400   -0.546400 (VIOLATED)
_09467_/C                               0.750000    1.296389   -0.546389 (VIOLATED)
_09466_/A1_N                            0.750000    1.296388   -0.546388 (VIOLATED)
_09611_/C                               0.750000    1.296381   -0.546381 (VIOLATED)
_09610_/A1_N                            0.750000    1.296379   -0.546380 (VIOLATED)
_09732_/A                               0.750000    1.296372   -0.546372 (VIOLATED)
_09836_/A                               0.750000    1.296369   -0.546369 (VIOLATED)
_09843_/A1                              0.750000    1.296348   -0.546348 (VIOLATED)
_09935_/A1                              0.750000    1.296343   -0.546343 (VIOLATED)
x0[5]                                   0.750000    1.296268   -0.546268 (VIOLATED)
_07782_/A1                              0.750000    1.287327   -0.537327 (VIOLATED)
_09314_/A                               0.750000    1.287327   -0.537327 (VIOLATED)
_09152_/A1                              0.750000    1.287317   -0.537317 (VIOLATED)
_09153_/A                               0.750000    1.287317   -0.537317 (VIOLATED)
_08998_/A                               0.750000    1.287299   -0.537299 (VIOLATED)
_08999_/B2                              0.750000    1.287298   -0.537298 (VIOLATED)
_08855_/A                               0.750000    1.287286   -0.537286 (VIOLATED)
_08856_/B2                              0.750000    1.287285   -0.537285 (VIOLATED)
_08701_/A1                              0.750000    1.287269   -0.537269 (VIOLATED)
_08700_/A                               0.750000    1.287267   -0.537267 (VIOLATED)
_08706_/B2                              0.750000    1.287256   -0.537256 (VIOLATED)
_08704_/A                               0.750000    1.287253   -0.537253 (VIOLATED)
_08564_/A                               0.750000    1.287246   -0.537246 (VIOLATED)
_08565_/B2                              0.750000    1.287246   -0.537246 (VIOLATED)
_08527_/A1                              0.750000    1.287229   -0.537229 (VIOLATED)
_08529_/B                               0.750000    1.287229   -0.537229 (VIOLATED)
_08536_/B2                              0.750000    1.287223   -0.537223 (VIOLATED)
_08537_/A                               0.750000    1.287223   -0.537223 (VIOLATED)
_12718_/A                               0.750000    1.287129   -0.537129 (VIOLATED)
_07624_/A                               0.750000    1.287129   -0.537129 (VIOLATED)
_07623_/A                               0.750000    1.287127   -0.537127 (VIOLATED)
_07780_/A                               0.750000    1.287127   -0.537127 (VIOLATED)
_12554_/A1                              0.750000    1.287120   -0.537120 (VIOLATED)
_12555_/A                               0.750000    1.287120   -0.537120 (VIOLATED)
_07458_/A                               0.750000    1.287117   -0.537117 (VIOLATED)
_07457_/A1                              0.750000    1.287117   -0.537117 (VIOLATED)
_07305_/A                               0.750000    1.287089   -0.537089 (VIOLATED)
_07306_/B2                              0.750000    1.287088   -0.537088 (VIOLATED)
_12400_/A                               0.750000    1.287088   -0.537088 (VIOLATED)
_12401_/B2                              0.750000    1.287088   -0.537088 (VIOLATED)
_07161_/A                               0.750000    1.287073   -0.537073 (VIOLATED)
_07162_/B2                              0.750000    1.287071   -0.537071 (VIOLATED)
_12259_/A                               0.750000    1.287060   -0.537060 (VIOLATED)
_12260_/B2                              0.750000    1.287060   -0.537060 (VIOLATED)
_07007_/A1                              0.750000    1.287045   -0.537045 (VIOLATED)
_07006_/A                               0.750000    1.287042   -0.537042 (VIOLATED)
_12101_/A                               0.750000    1.287039   -0.537039 (VIOLATED)
_12102_/A1                              0.750000    1.287039   -0.537039 (VIOLATED)
_12107_/B2                              0.750000    1.287038   -0.537038 (VIOLATED)
_12105_/A                               0.750000    1.287037   -0.537037 (VIOLATED)
_11965_/A                               0.750000    1.287035   -0.537035 (VIOLATED)
_11966_/B2                              0.750000    1.287035   -0.537035 (VIOLATED)
_11935_/A                               0.750000    1.287029   -0.537029 (VIOLATED)
_11934_/B2                              0.750000    1.287028   -0.537028 (VIOLATED)
_07012_/B2                              0.750000    1.287022   -0.537022 (VIOLATED)
_07010_/A                               0.750000    1.287018   -0.537018 (VIOLATED)
_06872_/A                               0.750000    1.287004   -0.537004 (VIOLATED)
_06873_/B2                              0.750000    1.287004   -0.537004 (VIOLATED)
_11924_/A1                              0.750000    1.286981   -0.536981 (VIOLATED)
_11926_/B                               0.750000    1.286981   -0.536981 (VIOLATED)
_06829_/B1                              0.750000    1.286977   -0.536977 (VIOLATED)
_06831_/C                               0.750000    1.286977   -0.536977 (VIOLATED)
_06841_/A                               0.750000    1.286972   -0.536972 (VIOLATED)
_06840_/A1                              0.750000    1.286966   -0.536966 (VIOLATED)
_11012_/A                               0.750000    1.286660   -0.536660 (VIOLATED)
_10847_/A1                              0.750000    1.286659   -0.536659 (VIOLATED)
_10848_/A                               0.750000    1.286659   -0.536659 (VIOLATED)
_10691_/A                               0.750000    1.286655   -0.536655 (VIOLATED)
_10692_/B2                              0.750000    1.286655   -0.536655 (VIOLATED)
_10548_/A                               0.750000    1.286648   -0.536648 (VIOLATED)
_10549_/B2                              0.750000    1.286647   -0.536647 (VIOLATED)
_10390_/A1                              0.750000    1.286643   -0.536643 (VIOLATED)
_10389_/A                               0.750000    1.286642   -0.536642 (VIOLATED)
_10395_/B2                              0.750000    1.286636   -0.536636 (VIOLATED)
_10393_/A                               0.750000    1.286634   -0.536634 (VIOLATED)
_10252_/A                               0.750000    1.286631   -0.536631 (VIOLATED)
_10253_/B2                              0.750000    1.286630   -0.536630 (VIOLATED)
_10222_/A                               0.750000    1.286625   -0.536625 (VIOLATED)
_10221_/B2                              0.750000    1.286623   -0.536623 (VIOLATED)
_10213_/B                               0.750000    1.286555   -0.536555 (VIOLATED)
_10211_/A1                              0.750000    1.286552   -0.536552 (VIOLATED)
x0[0]                                   0.750000    1.286508   -0.536508 (VIOLATED)
_09964_/A                               0.750000    1.267443   -0.517443 (VIOLATED)
_09965_/A1                              0.750000    1.267443   -0.517443 (VIOLATED)
_09813_/A                               0.750000    1.267438   -0.517438 (VIOLATED)
_09814_/B2                              0.750000    1.267438   -0.517438 (VIOLATED)
_09687_/A                               0.750000    1.267431   -0.517431 (VIOLATED)
_09688_/B2                              0.750000    1.267430   -0.517430 (VIOLATED)
_09550_/A                               0.750000    1.267416   -0.517416 (VIOLATED)
_09551_/B2                              0.750000    1.267416   -0.517416 (VIOLATED)
_09400_/A                               0.750000    1.267395   -0.517395 (VIOLATED)
_09401_/A1                              0.750000    1.267393   -0.517393 (VIOLATED)
_09247_/A                               0.750000    1.267378   -0.517378 (VIOLATED)
_09248_/B2                              0.750000    1.267377   -0.517377 (VIOLATED)
_09068_/B                               0.750000    1.267342   -0.517342 (VIOLATED)
_09069_/A1                              0.750000    1.267341   -0.517341 (VIOLATED)
_08937_/A                               0.750000    1.267329   -0.517330 (VIOLATED)
_08807_/A                               0.750000    1.267327   -0.517327 (VIOLATED)
_08938_/B2                              0.750000    1.267312   -0.517312 (VIOLATED)
_08915_/A1                              0.750000    1.267309   -0.517309 (VIOLATED)
_13381_/A                               0.750000    1.267226   -0.517226 (VIOLATED)
_13382_/A1                              0.750000    1.267226   -0.517226 (VIOLATED)
_13222_/A                               0.750000    1.267223   -0.517223 (VIOLATED)
_13223_/B2                              0.750000    1.267223   -0.517223 (VIOLATED)
_13093_/A                               0.750000    1.267213   -0.517213 (VIOLATED)
_13094_/B2                              0.750000    1.267211   -0.517211 (VIOLATED)
_12951_/A                               0.750000    1.267188   -0.517188 (VIOLATED)
_12952_/B2                              0.750000    1.267188   -0.517188 (VIOLATED)
_12806_/A                               0.750000    1.267176   -0.517176 (VIOLATED)
_12807_/A1                              0.750000    1.267175   -0.517175 (VIOLATED)
_12651_/A                               0.750000    1.267153   -0.517153 (VIOLATED)
_12652_/B2                              0.750000    1.267152   -0.517152 (VIOLATED)
_12470_/B                               0.750000    1.267113   -0.517113 (VIOLATED)
_12471_/A1                              0.750000    1.267112   -0.517112 (VIOLATED)
_12340_/A                               0.750000    1.267104   -0.517104 (VIOLATED)
_12341_/B2                              0.750000    1.267091   -0.517091 (VIOLATED)
_12210_/A                               0.750000    1.267088   -0.517088 (VIOLATED)
_12318_/A1                              0.750000    1.267089   -0.517089 (VIOLATED)
_08280_/A                               0.750000    1.266776   -0.516776 (VIOLATED)
_08281_/A1                              0.750000    1.266776   -0.516776 (VIOLATED)
_08123_/A                               0.750000    1.266773   -0.516773 (VIOLATED)
_08124_/B2                              0.750000    1.266773   -0.516773 (VIOLATED)
_07995_/B                               0.750000    1.266768   -0.516768 (VIOLATED)
_07996_/A1                              0.750000    1.266767   -0.516767 (VIOLATED)
_07859_/C                               0.750000    1.266755   -0.516755 (VIOLATED)
_07860_/A2                              0.750000    1.266752   -0.516752 (VIOLATED)
_07713_/C                               0.750000    1.266735   -0.516735 (VIOLATED)
_07714_/A2                              0.750000    1.266735   -0.516735 (VIOLATED)
_07555_/C                               0.750000    1.266715   -0.516715 (VIOLATED)
_07556_/A2                              0.750000    1.266714   -0.516714 (VIOLATED)
_07375_/D                               0.750000    1.266681   -0.516681 (VIOLATED)
_07374_/B1                              0.750000    1.266679   -0.516679 (VIOLATED)
_07245_/A2                              0.750000    1.266673   -0.516673 (VIOLATED)
_07221_/A2                              0.750000    1.266635   -0.516635 (VIOLATED)
_07113_/B                               0.750000    1.266634   -0.516634 (VIOLATED)
_11666_/A                               0.750000    1.266365   -0.516365 (VIOLATED)
_11667_/A1                              0.750000    1.266365   -0.516365 (VIOLATED)
_11510_/A                               0.750000    1.266364   -0.516365 (VIOLATED)
_11511_/B2                              0.750000    1.266364   -0.516365 (VIOLATED)
_11379_/A                               0.750000    1.266363   -0.516363 (VIOLATED)
_11380_/B2                              0.750000    1.266363   -0.516363 (VIOLATED)
_11243_/A                               0.750000    1.266357   -0.516357 (VIOLATED)
_11244_/B2                              0.750000    1.266356   -0.516356 (VIOLATED)
_11100_/A                               0.750000    1.266352   -0.516352 (VIOLATED)
_11101_/A1                              0.750000    1.266351   -0.516351 (VIOLATED)
_10945_/A                               0.750000    1.266342   -0.516342 (VIOLATED)
_10946_/B2                              0.750000    1.266342   -0.516342 (VIOLATED)
_10499_/A                               0.750000    1.266333   -0.516333 (VIOLATED)
_10607_/A1                              0.750000    1.266329   -0.516329 (VIOLATED)
_10761_/A1                              0.750000    1.266329   -0.516329 (VIOLATED)
_10762_/B                               0.750000    1.266329   -0.516329 (VIOLATED)
_10631_/B2                              0.750000    1.266326   -0.516326 (VIOLATED)
x2[5]                                   0.750000    1.266255   -0.516255 (VIOLATED)
_09286_/B                               0.750000    1.259384   -0.509384 (VIOLATED)
_09442_/A2                              0.750000    1.259385   -0.509385 (VIOLATED)
_09443_/A2                              0.750000    1.259384   -0.509384 (VIOLATED)
_09288_/A1                              0.750000    1.259374   -0.509374 (VIOLATED)
_09287_/B                               0.750000    1.259373   -0.509373 (VIOLATED)
_09263_/A1                              0.750000    1.259368   -0.509368 (VIOLATED)
_08972_/A                               0.750000    1.259361   -0.509361 (VIOLATED)
_08973_/B                               0.750000    1.259330   -0.509330 (VIOLATED)
_08974_/A1                              0.750000    1.259327   -0.509327 (VIOLATED)
_08834_/B                               0.750000    1.259305   -0.509305 (VIOLATED)
_08835_/B2                              0.750000    1.259303   -0.509303 (VIOLATED)
_08678_/B                               0.750000    1.259295   -0.509295 (VIOLATED)
_08679_/A1                              0.750000    1.259294   -0.509294 (VIOLATED)
_08682_/B                               0.750000    1.259275   -0.509275 (VIOLATED)
_08684_/A1                              0.750000    1.259275   -0.509275 (VIOLATED)
_08576_/B                               0.750000    1.259243   -0.509243 (VIOLATED)
_08575_/A1                              0.750000    1.259239   -0.509239 (VIOLATED)
_12690_/B                               0.750000    1.259142   -0.509142 (VIOLATED)
_12691_/B                               0.750000    1.259139   -0.509139 (VIOLATED)
_12692_/A1                              0.750000    1.259139   -0.509139 (VIOLATED)
_07595_/B                               0.750000    1.259133   -0.509133 (VIOLATED)
_07753_/A2                              0.750000    1.259133   -0.509133 (VIOLATED)
_07597_/A1                              0.750000    1.259127   -0.509127 (VIOLATED)
_07596_/B                               0.750000    1.259127   -0.509127 (VIOLATED)
_07570_/A1                              0.750000    1.259123   -0.509123 (VIOLATED)
_12374_/A                               0.750000    1.259117   -0.509117 (VIOLATED)
_12667_/A1                              0.750000    1.259117   -0.509117 (VIOLATED)
_07279_/A                               0.750000    1.259111   -0.509111 (VIOLATED)
_12375_/B                               0.750000    1.259099   -0.509099 (VIOLATED)
_12376_/A1                              0.750000    1.259099   -0.509099 (VIOLATED)
_12238_/B                               0.750000    1.259097   -0.509097 (VIOLATED)
_12239_/B2                              0.750000    1.259097   -0.509097 (VIOLATED)
_12079_/B                               0.750000    1.259095   -0.509095 (VIOLATED)
_12080_/A1                              0.750000    1.259095   -0.509095 (VIOLATED)
_12083_/B                               0.750000    1.259087   -0.509087 (VIOLATED)
_12085_/A1                              0.750000    1.259087   -0.509087 (VIOLATED)
_11976_/A1                              0.750000    1.259075   -0.509075 (VIOLATED)
_11977_/B                               0.750000    1.259076   -0.509076 (VIOLATED)
_07280_/B                               0.750000    1.259070   -0.509070 (VIOLATED)
_07281_/A1                              0.750000    1.259066   -0.509066 (VIOLATED)
_07141_/B                               0.750000    1.259056   -0.509056 (VIOLATED)
_07142_/B2                              0.750000    1.259054   -0.509054 (VIOLATED)
_06983_/C                               0.750000    1.259040   -0.509040 (VIOLATED)
_06984_/A2                              0.750000    1.259040   -0.509040 (VIOLATED)
_06987_/D                               0.750000    1.259021   -0.509021 (VIOLATED)
_06988_/B1                              0.750000    1.259018   -0.509018 (VIOLATED)
_06882_/B1                              0.750000    1.258998   -0.508998 (VIOLATED)
_06883_/D                               0.750000    1.258986   -0.508986 (VIOLATED)
_07752_/B                               0.750000    1.258844   -0.508844 (VIOLATED)
_10984_/B                               0.750000    1.258844   -0.508844 (VIOLATED)
_10985_/B                               0.750000    1.258842   -0.508842 (VIOLATED)
_10986_/A1                              0.750000    1.258842   -0.508843 (VIOLATED)
_10665_/A                               0.750000    1.258841   -0.508841 (VIOLATED)
_10961_/A1                              0.750000    1.258841   -0.508841 (VIOLATED)
_10666_/B                               0.750000    1.258828   -0.508828 (VIOLATED)
_10667_/A1                              0.750000    1.258827   -0.508827 (VIOLATED)
_10527_/B                               0.750000    1.258823   -0.508823 (VIOLATED)
_10528_/B2                              0.750000    1.258823   -0.508823 (VIOLATED)
_10367_/B                               0.750000    1.258818   -0.508818 (VIOLATED)
_10368_/A1                              0.750000    1.258818   -0.508818 (VIOLATED)
_10371_/B                               0.750000    1.258812   -0.508812 (VIOLATED)
_10373_/A1                              0.750000    1.258812   -0.508812 (VIOLATED)
_10264_/B                               0.750000    1.258802   -0.508802 (VIOLATED)
_10263_/A1                              0.750000    1.258800   -0.508800 (VIOLATED)
x3[2]                                   0.750000    1.258736   -0.508736 (VIOLATED)
_08625_/A1                              0.750000    1.249393   -0.499393 (VIOLATED)
_08627_/B                               0.750000    1.249392   -0.499392 (VIOLATED)
_08781_/A1                              0.750000    1.249389   -0.499389 (VIOLATED)
_08780_/B                               0.750000    1.249387   -0.499387 (VIOLATED)
_08902_/A1                              0.750000    1.249359   -0.499360 (VIOLATED)
_08901_/B                               0.750000    1.249356   -0.499356 (VIOLATED)
_08900_/A                               0.750000    1.249347   -0.499347 (VIOLATED)
_09199_/A1                              0.750000    1.249346   -0.499346 (VIOLATED)
_12117_/A                               0.750000    1.249325   -0.499325 (VIOLATED)
_07001_/B                               0.750000    1.249323   -0.499323 (VIOLATED)
_10405_/A                               0.750000    1.249320   -0.499320 (VIOLATED)
_07003_/A2                              0.750000    1.249316   -0.499316 (VIOLATED)
_10386_/B2                              0.750000    1.249316   -0.499316 (VIOLATED)
_10385_/A                               0.750000    1.249315   -0.499315 (VIOLATED)
_07002_/C                               0.750000    1.249314   -0.499314 (VIOLATED)
_09208_/A1                              0.750000    1.249313   -0.499314 (VIOLATED)
_09207_/B                               0.750000    1.249313   -0.499313 (VIOLATED)
_07157_/A2                              0.750000    1.249309   -0.499309 (VIOLATED)
_10543_/A                               0.750000    1.249308   -0.499308 (VIOLATED)
_10544_/B2                              0.750000    1.249308   -0.499308 (VIOLATED)
_07156_/C                               0.750000    1.249308   -0.499308 (VIOLATED)
_10686_/A                               0.750000    1.249299   -0.499299 (VIOLATED)
_10687_/B2                              0.750000    1.249299   -0.499299 (VIOLATED)
_12097_/A                               0.750000    1.249296   -0.499296 (VIOLATED)
_12098_/B2                              0.750000    1.249297   -0.499297 (VIOLATED)
_12254_/A                               0.750000    1.249294   -0.499294 (VIOLATED)
_12255_/B2                              0.750000    1.249294   -0.499294 (VIOLATED)
_10839_/B                               0.750000    1.249289   -0.499289 (VIOLATED)
_10840_/A1                              0.750000    1.249287   -0.499287 (VIOLATED)
_09361_/A1                              0.750000    1.249278   -0.499278 (VIOLATED)
_09360_/B                               0.750000    1.249273   -0.499273 (VIOLATED)
_12395_/A                               0.750000    1.249270   -0.499270 (VIOLATED)
_12396_/B2                              0.750000    1.249269   -0.499269 (VIOLATED)
_07300_/C                               0.750000    1.249262   -0.499263 (VIOLATED)
_07301_/A2                              0.750000    1.249263   -0.499263 (VIOLATED)
_07449_/C                               0.750000    1.249262   -0.499262 (VIOLATED)
_07450_/A2                              0.750000    1.249262   -0.499262 (VIOLATED)
_12546_/B                               0.750000    1.249262   -0.499262 (VIOLATED)
_12547_/A1                              0.750000    1.249260   -0.499260 (VIOLATED)
_11007_/A                               0.750000    1.249253   -0.499253 (VIOLATED)
_11008_/B2                              0.750000    1.249253   -0.499253 (VIOLATED)
_09513_/A1                              0.750000    1.249241   -0.499241 (VIOLATED)
_09512_/B                               0.750000    1.249240   -0.499240 (VIOLATED)
_11161_/B2                              0.750000    1.249223   -0.499223 (VIOLATED)
_11160_/A                               0.750000    1.249220   -0.499220 (VIOLATED)
_11422_/A                               0.750000    1.249204   -0.499204 (VIOLATED)
_11423_/A1                              0.750000    1.249204   -0.499204 (VIOLATED)
_11299_/A                               0.750000    1.249200   -0.499200 (VIOLATED)
_11300_/B2                              0.750000    1.249201   -0.499201 (VIOLATED)
_12713_/A                               0.750000    1.249190   -0.499190 (VIOLATED)
_12714_/B2                              0.750000    1.249189   -0.499189 (VIOLATED)
_07618_/B                               0.750000    1.249187   -0.499187 (VIOLATED)
_07619_/B2                              0.750000    1.249187   -0.499187 (VIOLATED)
_12868_/B2                              0.750000    1.249161   -0.499161 (VIOLATED)
_12867_/A                               0.750000    1.249156   -0.499156 (VIOLATED)
_09511_/B                               0.750000    1.249150   -0.499150 (VIOLATED)
_07775_/B2                              0.750000    1.249134   -0.499134 (VIOLATED)
_07774_/A                               0.750000    1.249127   -0.499127 (VIOLATED)
_12026_/A1                              0.750000    1.249107   -0.499107 (VIOLATED)
_12028_/B                               0.750000    1.249104   -0.499104 (VIOLATED)
_13009_/A                               0.750000    1.249100   -0.499100 (VIOLATED)
_13010_/B2                              0.750000    1.249100   -0.499100 (VIOLATED)
_07917_/B2                              0.750000    1.249099   -0.499099 (VIOLATED)
_12184_/A1                              0.750000    1.249099   -0.499099 (VIOLATED)
_12183_/B                               0.750000    1.249097   -0.499097 (VIOLATED)
_07916_/A                               0.750000    1.249091   -0.499091 (VIOLATED)
_12305_/A1                              0.750000    1.249091   -0.499091 (VIOLATED)
_12304_/B                               0.750000    1.249087   -0.499087 (VIOLATED)
_12303_/A                               0.750000    1.249080   -0.499080 (VIOLATED)
_12602_/A1                              0.750000    1.249073   -0.499073 (VIOLATED)
_08038_/A1                              0.750000    1.249045   -0.499045 (VIOLATED)
_08037_/A                               0.750000    1.249042   -0.499042 (VIOLATED)
_12610_/B                               0.750000    1.249029   -0.499029 (VIOLATED)
_12611_/A1                              0.750000    1.249026   -0.499026 (VIOLATED)
_13137_/A1                              0.750000    1.248989   -0.498989 (VIOLATED)
_12767_/A1                              0.750000    1.248984   -0.498984 (VIOLATED)
_12766_/B                               0.750000    1.248978   -0.498978 (VIOLATED)
_13136_/A                               0.750000    1.248975   -0.498975 (VIOLATED)
_12916_/A1                              0.750000    1.248930   -0.498930 (VIOLATED)
_12915_/B                               0.750000    1.248922   -0.498922 (VIOLATED)
_12914_/B                               0.750000    1.248892   -0.498892 (VIOLATED)
_08716_/A                               0.750000    1.248835   -0.498835 (VIOLATED)
_08696_/A                               0.750000    1.248833   -0.498833 (VIOLATED)
_08697_/B2                              0.750000    1.248833   -0.498833 (VIOLATED)
_08850_/A                               0.750000    1.248831   -0.498831 (VIOLATED)
_08851_/B2                              0.750000    1.248831   -0.498831 (VIOLATED)
_08993_/A                               0.750000    1.248827   -0.498827 (VIOLATED)
_08994_/B2                              0.750000    1.248827   -0.498827 (VIOLATED)
_09144_/B                               0.750000    1.248826   -0.498826 (VIOLATED)
_09145_/A1                              0.750000    1.248825   -0.498825 (VIOLATED)
_09309_/A                               0.750000    1.248811   -0.498811 (VIOLATED)
_09310_/B2                              0.750000    1.248811   -0.498811 (VIOLATED)
_09465_/B2                              0.750000    1.248804   -0.498804 (VIOLATED)
_09464_/A                               0.750000    1.248803   -0.498803 (VIOLATED)
_09609_/B2                              0.750000    1.248798   -0.498798 (VIOLATED)
_09608_/A                               0.750000    1.248797   -0.498797 (VIOLATED)
_09730_/A1                              0.750000    1.248790   -0.498790 (VIOLATED)
_09729_/A                               0.750000    1.248789   -0.498789 (VIOLATED)
x0[3]                                   0.750000    1.248752   -0.498752 (VIOLATED)
_07959_/B                               0.750000    1.248462   -0.498462 (VIOLATED)
_07821_/B                               0.750000    1.248147   -0.498147 (VIOLATED)
_07823_/A1                              0.750000    1.248095   -0.498095 (VIOLATED)
_06930_/B1                              0.750000    1.247997   -0.497997 (VIOLATED)
_06931_/D                               0.750000    1.247996   -0.497996 (VIOLATED)
_07086_/D                               0.750000    1.247994   -0.497994 (VIOLATED)
_07087_/B1                              0.750000    1.247994   -0.497994 (VIOLATED)
_07208_/B1                              0.750000    1.247992   -0.497992 (VIOLATED)
_07207_/D                               0.750000    1.247991   -0.497991 (VIOLATED)
_07206_/B                               0.750000    1.247980   -0.497981 (VIOLATED)
_07507_/A2                              0.750000    1.247980   -0.497980 (VIOLATED)
_07673_/B                               0.750000    1.247976   -0.497976 (VIOLATED)
_07516_/A2                              0.750000    1.247967   -0.497967 (VIOLATED)
_07515_/C                               0.750000    1.247967   -0.497967 (VIOLATED)
_07674_/A1                              0.750000    1.247967   -0.497967 (VIOLATED)
_10313_/A1                              0.750000    1.247796   -0.497796 (VIOLATED)
_10315_/B                               0.750000    1.247796   -0.497796 (VIOLATED)
_10472_/B                               0.750000    1.247795   -0.497795 (VIOLATED)
_10473_/A1                              0.750000    1.247795   -0.497795 (VIOLATED)
_10593_/B                               0.750000    1.247794   -0.497794 (VIOLATED)
_10594_/A1                              0.750000    1.247794   -0.497794 (VIOLATED)
_10592_/A                               0.750000    1.247794   -0.497794 (VIOLATED)
_10896_/A1                              0.750000    1.247794   -0.497794 (VIOLATED)
_11206_/B                               0.750000    1.247794   -0.497794 (VIOLATED)
_11207_/B                               0.750000    1.247794   -0.497794 (VIOLATED)
_11208_/A1                              0.750000    1.247794   -0.497794 (VIOLATED)
_11060_/B                               0.750000    1.247793   -0.497793 (VIOLATED)
_10904_/B                               0.750000    1.247792   -0.497792 (VIOLATED)
_11061_/A1                              0.750000    1.247793   -0.497793 (VIOLATED)
_10905_/A1                              0.750000    1.247792   -0.497792 (VIOLATED)
x1[4]                                   0.750000    1.247788   -0.497788 (VIOLATED)
_10659_/A                               0.750000    1.227050   -0.477050 (VIOLATED)
_10798_/A1                              0.750000    1.227049   -0.477049 (VIOLATED)
_10786_/A                               0.750000    1.227042   -0.477042 (VIOLATED)
_10788_/A                               0.750000    1.227042   -0.477042 (VIOLATED)
_10982_/A                               0.750000    1.227029   -0.477029 (VIOLATED)
_11117_/A1                              0.750000    1.227024   -0.477024 (VIOLATED)
_11138_/A                               0.750000    1.227010   -0.477010 (VIOLATED)
_11256_/A1                              0.750000    1.227008   -0.477008 (VIOLATED)
_11276_/A                               0.750000    1.226994   -0.476994 (VIOLATED)
_11415_/A                               0.750000    1.226968   -0.476968 (VIOLATED)
_11651_/A1                              0.750000    1.226945   -0.476945 (VIOLATED)
_11652_/A                               0.750000    1.226946   -0.476945 (VIOLATED)
_11560_/A                               0.750000    1.226944   -0.476944 (VIOLATED)
_07273_/B                               0.750000    1.226835   -0.476835 (VIOLATED)
_07410_/A2                              0.750000    1.226834   -0.476834 (VIOLATED)
_07399_/B                               0.750000    1.226825   -0.476825 (VIOLATED)
_07401_/B                               0.750000    1.226826   -0.476826 (VIOLATED)
_07593_/B                               0.750000    1.226810   -0.476810 (VIOLATED)
_07730_/A2                              0.750000    1.226807   -0.476807 (VIOLATED)
_07750_/D                               0.750000    1.226793   -0.476793 (VIOLATED)
_07749_/A2_N                            0.750000    1.226792   -0.476792 (VIOLATED)
_07892_/B                               0.750000    1.226780   -0.476780 (VIOLATED)
_08266_/A1                              0.750000    1.226763   -0.476763 (VIOLATED)
_08172_/A                               0.750000    1.226761   -0.476761 (VIOLATED)
_08031_/B                               0.750000    1.226760   -0.476760 (VIOLATED)
_08171_/A2                              0.750000    1.226753   -0.476753 (VIOLATED)
_12368_/A                               0.750000    1.226625   -0.476625 (VIOLATED)
_12505_/A1                              0.750000    1.226624   -0.476624 (VIOLATED)
_12493_/A                               0.750000    1.226620   -0.476620 (VIOLATED)
_12495_/A                               0.750000    1.226620   -0.476620 (VIOLATED)
_12824_/A1                              0.750000    1.226608   -0.476608 (VIOLATED)
_12688_/A                               0.750000    1.226607   -0.476607 (VIOLATED)
_12845_/A                               0.750000    1.226600   -0.476600 (VIOLATED)
_12966_/A1                              0.750000    1.226596   -0.476596 (VIOLATED)
_12986_/C                               0.750000    1.226583   -0.476583 (VIOLATED)
_12985_/A1_N                            0.750000    1.226581   -0.476581 (VIOLATED)
_13129_/A                               0.750000    1.226574   -0.476574 (VIOLATED)
_13367_/A1                              0.750000    1.226571   -0.476571 (VIOLATED)
_13368_/A                               0.750000    1.226571   -0.476571 (VIOLATED)
_13272_/A                               0.750000    1.226570   -0.476570 (VIOLATED)
_08966_/A                               0.750000    1.226289   -0.476289 (VIOLATED)
_09103_/A1                              0.750000    1.226289   -0.476289 (VIOLATED)
_09091_/A                               0.750000    1.226286   -0.476286 (VIOLATED)
_09093_/A                               0.750000    1.226286   -0.476286 (VIOLATED)
_09284_/A                               0.750000    1.226281   -0.476281 (VIOLATED)
_09419_/A1                              0.750000    1.226280   -0.476280 (VIOLATED)
_09440_/A                               0.750000    1.226275   -0.476275 (VIOLATED)
_09563_/A1                              0.750000    1.226275   -0.476275 (VIOLATED)
_09584_/C                               0.750000    1.226271   -0.476271 (VIOLATED)
_09583_/A1_N                            0.750000    1.226270   -0.476270 (VIOLATED)
_09723_/C                               0.750000    1.226263   -0.476263 (VIOLATED)
_09722_/A1_N                            0.750000    1.226262   -0.476262 (VIOLATED)
_09861_/A                               0.750000    1.226262   -0.476262 (VIOLATED)
_09950_/A1                              0.750000    1.226244   -0.476244 (VIOLATED)
_09951_/A1                              0.750000    1.226242   -0.476242 (VIOLATED)
_10039_/A1                              0.750000    1.226241   -0.476241 (VIOLATED)
x3[6]                                   0.750000    1.226178   -0.476178 (VIOLATED)
_09405_/A                               0.750000    1.207832   -0.457832 (VIOLATED)
_09408_/B2                              0.750000    1.207831   -0.457831 (VIOLATED)
_09253_/A                               0.750000    1.207825   -0.457825 (VIOLATED)
_09254_/B2                              0.750000    1.207825   -0.457825 (VIOLATED)
_09087_/A                               0.750000    1.207813   -0.457813 (VIOLATED)
_09088_/A1                              0.750000    1.207814   -0.457814 (VIOLATED)
_08943_/A1                              0.750000    1.207792   -0.457792 (VIOLATED)
_08942_/A                               0.750000    1.207790   -0.457790 (VIOLATED)
_08810_/B2                              0.750000    1.207774   -0.457774 (VIOLATED)
_08809_/A                               0.750000    1.207769   -0.457769 (VIOLATED)
_08660_/B2                              0.750000    1.207746   -0.457746 (VIOLATED)
_08611_/A                               0.750000    1.207743   -0.457743 (VIOLATED)
_08610_/B2                              0.750000    1.207726   -0.457726 (VIOLATED)
_08582_/A                               0.750000    1.207708   -0.457708 (VIOLATED)
_12489_/A                               0.750000    1.207565   -0.457565 (VIOLATED)
_12490_/A1                              0.750000    1.207566   -0.457566 (VIOLATED)
_12346_/A1                              0.750000    1.207561   -0.457561 (VIOLATED)
_12345_/A                               0.750000    1.207560   -0.457560 (VIOLATED)
_12213_/B2                              0.750000    1.207551   -0.457551 (VIOLATED)
_12212_/A                               0.750000    1.207549   -0.457549 (VIOLATED)
_12061_/B2                              0.750000    1.207539   -0.457539 (VIOLATED)
_12012_/A                               0.750000    1.207538   -0.457538 (VIOLATED)
_12011_/B2                              0.750000    1.207525   -0.457525 (VIOLATED)
_11983_/A                               0.750000    1.207367   -0.457367 (VIOLATED)
_12657_/A                               0.750000    1.207143   -0.457143 (VIOLATED)
_12658_/B2                              0.750000    1.207143   -0.457143 (VIOLATED)
_12813_/A                               0.750000    1.207140   -0.457140 (VIOLATED)
_12815_/B2                              0.750000    1.207141   -0.457141 (VIOLATED)
_12956_/A1                              0.750000    1.207133   -0.457133 (VIOLATED)
_12811_/A                               0.750000    1.207132   -0.457132 (VIOLATED)
_12812_/A                               0.750000    1.207131   -0.457131 (VIOLATED)
_06894_/B                               0.750000    1.207127   -0.457127 (VIOLATED)
_07864_/A                               0.750000    1.207094   -0.457094 (VIOLATED)
_07718_/A                               0.750000    1.207051   -0.457051 (VIOLATED)
_06917_/A2                              0.750000    1.207050   -0.457050 (VIOLATED)
_06918_/C                               0.750000    1.207038   -0.457038 (VIOLATED)
_07719_/A                               0.750000    1.207031   -0.457031 (VIOLATED)
_07721_/B2                              0.750000    1.207029   -0.457029 (VIOLATED)
_06964_/A2                              0.750000    1.207016   -0.457016 (VIOLATED)
_07560_/A                               0.750000    1.207009   -0.457009 (VIOLATED)
_07561_/B2                              0.750000    1.207009   -0.457009 (VIOLATED)
_06963_/C                               0.750000    1.207005   -0.457005 (VIOLATED)
_07116_/A1                              0.750000    1.206988   -0.456988 (VIOLATED)
_07396_/A1                              0.750000    1.206981   -0.456981 (VIOLATED)
_07395_/A                               0.750000    1.206978   -0.456978 (VIOLATED)
_07115_/B                               0.750000    1.206973   -0.456973 (VIOLATED)
_07249_/A                               0.750000    1.206942   -0.456942 (VIOLATED)
_07250_/A1                              0.750000    1.206933   -0.456933 (VIOLATED)
_10270_/A                               0.750000    1.206576   -0.456576 (VIOLATED)
_10298_/B2                              0.750000    1.206574   -0.456574 (VIOLATED)
_10299_/A                               0.750000    1.206572   -0.456572 (VIOLATED)
_10349_/B2                              0.750000    1.206572   -0.456572 (VIOLATED)
_10502_/B2                              0.750000    1.206550   -0.456550 (VIOLATED)
_10501_/A                               0.750000    1.206544   -0.456544 (VIOLATED)
_10635_/A                               0.750000    1.206538   -0.456538 (VIOLATED)
_10636_/A1                              0.750000    1.206531   -0.456531 (VIOLATED)
_11105_/A                               0.750000    1.206514   -0.456514 (VIOLATED)
_11106_/A                               0.750000    1.206514   -0.456514 (VIOLATED)
_11108_/B2                              0.750000    1.206514   -0.456514 (VIOLATED)
_10951_/A                               0.750000    1.206513   -0.456513 (VIOLATED)
_10952_/B2                              0.750000    1.206513   -0.456513 (VIOLATED)
_10782_/A                               0.750000    1.206508   -0.456508 (VIOLATED)
_10783_/A1                              0.750000    1.206509   -0.456509 (VIOLATED)
x2[2]                                   0.750000    1.206437   -0.456437 (VIOLATED)
_10523_/A1                              0.750000    1.187792   -0.437792 (VIOLATED)
_10524_/B                               0.750000    1.187792   -0.437792 (VIOLATED)
_10660_/B                               0.750000    1.187791   -0.437790 (VIOLATED)
_10661_/A1                              0.750000    1.187791   -0.437790 (VIOLATED)
_10802_/A                               0.750000    1.187787   -0.437787 (VIOLATED)
_10801_/A1                              0.750000    1.187786   -0.437786 (VIOLATED)
_10979_/B                               0.750000    1.187752   -0.437752 (VIOLATED)
_10980_/B2                              0.750000    1.187751   -0.437751 (VIOLATED)
_11136_/A1                              0.750000    1.187734   -0.437734 (VIOLATED)
_11135_/B                               0.750000    1.187734   -0.437734 (VIOLATED)
_11274_/A1                              0.750000    1.187721   -0.437722 (VIOLATED)
_11273_/B                               0.750000    1.187716   -0.437716 (VIOLATED)
_11413_/A1                              0.750000    1.187697   -0.437697 (VIOLATED)
_11412_/B                               0.750000    1.187690   -0.437690 (VIOLATED)
_11557_/B                               0.750000    1.187673   -0.437673 (VIOLATED)
_11558_/A2                              0.750000    1.187673   -0.437673 (VIOLATED)
_07137_/B1                              0.750000    1.187544   -0.437544 (VIOLATED)
_07138_/D                               0.750000    1.187544   -0.437544 (VIOLATED)
_07413_/A2                              0.750000    1.187543   -0.437543 (VIOLATED)
_07414_/B                               0.750000    1.187543   -0.437543 (VIOLATED)
_07274_/D                               0.750000    1.187541   -0.437541 (VIOLATED)
_07275_/B1                              0.750000    1.187541   -0.437541 (VIOLATED)
_07590_/D                               0.750000    1.187519   -0.437519 (VIOLATED)
_07591_/B1                              0.750000    1.187519   -0.437519 (VIOLATED)
_07748_/B1                              0.750000    1.187516   -0.437516 (VIOLATED)
_07747_/D                               0.750000    1.187515   -0.437515 (VIOLATED)
_07890_/A2                              0.750000    1.187512   -0.437512 (VIOLATED)
_07889_/C                               0.750000    1.187510   -0.437510 (VIOLATED)
_12234_/A1                              0.750000    1.187506   -0.437506 (VIOLATED)
_12235_/B                               0.750000    1.187505   -0.437505 (VIOLATED)
_12369_/B                               0.750000    1.187502   -0.437502 (VIOLATED)
_12370_/A1                              0.750000    1.187502   -0.437502 (VIOLATED)
_08029_/A1                              0.750000    1.187501   -0.437501 (VIOLATED)
_08168_/B                               0.750000    1.187501   -0.437501 (VIOLATED)
_08028_/B                               0.750000    1.187497   -0.437497 (VIOLATED)
_12509_/A                               0.750000    1.187497   -0.437497 (VIOLATED)
_12508_/A1                              0.750000    1.187495   -0.437495 (VIOLATED)
_08169_/A2                              0.750000    1.187494   -0.437494 (VIOLATED)
_12685_/B                               0.750000    1.187440   -0.437440 (VIOLATED)
_12686_/B2                              0.750000    1.187440   -0.437440 (VIOLATED)
_12843_/A1                              0.750000    1.187425   -0.437425 (VIOLATED)
_12842_/B                               0.750000    1.187424   -0.437424 (VIOLATED)
_12984_/A1                              0.750000    1.187405   -0.437405 (VIOLATED)
_12983_/B                               0.750000    1.187397   -0.437397 (VIOLATED)
_13127_/A1                              0.750000    1.187344   -0.437344 (VIOLATED)
_13126_/B                               0.750000    1.187338   -0.437339 (VIOLATED)
_13269_/B                               0.750000    1.187322   -0.437322 (VIOLATED)
_13270_/A2                              0.750000    1.187322   -0.437322 (VIOLATED)
_08830_/A1                              0.750000    1.187040   -0.437040 (VIOLATED)
_08831_/B                               0.750000    1.187040   -0.437040 (VIOLATED)
_08967_/B                               0.750000    1.187040   -0.437040 (VIOLATED)
_08968_/A1                              0.750000    1.187040   -0.437040 (VIOLATED)
_09106_/A1                              0.750000    1.187039   -0.437039 (VIOLATED)
_09107_/A                               0.750000    1.187039   -0.437039 (VIOLATED)
_09281_/B                               0.750000    1.187025   -0.437025 (VIOLATED)
_09282_/B2                              0.750000    1.187025   -0.437025 (VIOLATED)
_09437_/B                               0.750000    1.187020   -0.437020 (VIOLATED)
_09438_/A1                              0.750000    1.187020   -0.437020 (VIOLATED)
_09582_/A1                              0.750000    1.187017   -0.437017 (VIOLATED)
_09581_/B                               0.750000    1.187015   -0.437015 (VIOLATED)
_09721_/A1                              0.750000    1.187008   -0.437008 (VIOLATED)
_09720_/B                               0.750000    1.187006   -0.437006 (VIOLATED)
_09859_/A2                              0.750000    1.187004   -0.437004 (VIOLATED)
_09858_/B                               0.750000    1.186994   -0.436994 (VIOLATED)
x3[5]                                   0.750000    1.186909   -0.436909 (VIOLATED)
_12223_/A                               0.750000    1.186489   -0.436489 (VIOLATED)
_12353_/A1                              0.750000    1.186490   -0.436490 (VIOLATED)
_12354_/A                               0.750000    1.186490   -0.436490 (VIOLATED)
_12221_/B2                              0.750000    1.186482   -0.436482 (VIOLATED)
_12068_/A                               0.750000    1.186475   -0.436475 (VIOLATED)
_12067_/A                               0.750000    1.186473   -0.436473 (VIOLATED)
_12019_/C_N                             0.750000    1.186462   -0.436462 (VIOLATED)
_12015_/A                               0.750000    1.186460   -0.436460 (VIOLATED)
_11946_/A                               0.750000    1.186453   -0.436453 (VIOLATED)
_11984_/A                               0.750000    1.186447   -0.436447 (VIOLATED)
_11945_/B2                              0.750000    1.186417   -0.436417 (VIOLATED)
_11927_/A                               0.750000    1.186416   -0.436416 (VIOLATED)
_06832_/A                               0.750000    1.186310   -0.436310 (VIOLATED)
_06850_/A                               0.750000    1.186301   -0.436301 (VIOLATED)
_06889_/B2                              0.750000    1.186292   -0.436292 (VIOLATED)
_06920_/A                               0.750000    1.186257   -0.436257 (VIOLATED)
_06922_/A                               0.750000    1.186257   -0.436257 (VIOLATED)
_06970_/A                               0.750000    1.186239   -0.436239 (VIOLATED)
_07128_/C                               0.750000    1.186239   -0.436239 (VIOLATED)
_08530_/A                               0.750000    1.186235   -0.436235 (VIOLATED)
_06972_/A                               0.750000    1.186234   -0.436234 (VIOLATED)
_08547_/B2                              0.750000    1.186234   -0.436234 (VIOLATED)
_08548_/A                               0.750000    1.186232   -0.436232 (VIOLATED)
_08583_/A                               0.750000    1.186231   -0.436231 (VIOLATED)
_08614_/A                               0.750000    1.186226   -0.436226 (VIOLATED)
_08618_/C_N                             0.750000    1.186226   -0.436226 (VIOLATED)
_08666_/A                               0.750000    1.186219   -0.436220 (VIOLATED)
_08820_/A                               0.750000    1.186203   -0.436204 (VIOLATED)
_08951_/A                               0.750000    1.186201   -0.436201 (VIOLATED)
_08950_/B2                              0.750000    1.186198   -0.436199 (VIOLATED)
_07126_/A                               0.750000    1.186197   -0.436197 (VIOLATED)
_07125_/A                               0.750000    1.186190   -0.436190 (VIOLATED)
_07403_/A                               0.750000    1.186187   -0.436187 (VIOLATED)
_07565_/A1                              0.750000    1.186187   -0.436187 (VIOLATED)
_08819_/A                               0.750000    1.186183   -0.436183 (VIOLATED)
_07259_/A                               0.750000    1.186182   -0.436182 (VIOLATED)
_07258_/B2                              0.750000    1.186179   -0.436179 (VIOLATED)
_09096_/A                               0.750000    1.186138   -0.436138 (VIOLATED)
_09095_/A                               0.750000    1.186130   -0.436130 (VIOLATED)
_12497_/A                               0.750000    1.185995   -0.435995 (VIOLATED)
_12498_/A                               0.750000    1.185993   -0.435993 (VIOLATED)
_10214_/A                               0.750000    1.185973   -0.435973 (VIOLATED)
_10232_/B2                              0.750000    1.185973   -0.435973 (VIOLATED)
_10233_/A                               0.750000    1.185971   -0.435971 (VIOLATED)
_10271_/A                               0.750000    1.185970   -0.435970 (VIOLATED)
_10302_/A                               0.750000    1.185967   -0.435968 (VIOLATED)
_10306_/C_N                             0.750000    1.185967   -0.435967 (VIOLATED)
_10355_/A                               0.750000    1.185962   -0.435962 (VIOLATED)
_10356_/A                               0.750000    1.185960   -0.435960 (VIOLATED)
_10510_/B2                              0.750000    1.185931   -0.435931 (VIOLATED)
_10512_/A                               0.750000    1.185917   -0.435917 (VIOLATED)
_10644_/A1                              0.750000    1.185902   -0.435902 (VIOLATED)
_10645_/A                               0.750000    1.185897   -0.435897 (VIOLATED)
_10791_/A                               0.750000    1.185789   -0.435789 (VIOLATED)
_10790_/A                               0.750000    1.185786   -0.435786 (VIOLATED)
x2[0]                                   0.750000    1.185689   -0.435690 (VIOLATED)
_09122_/A                               0.750000    1.175463   -0.425463 (VIOLATED)
_09123_/A                               0.750000    1.175463   -0.425463 (VIOLATED)
_08988_/A                               0.750000    1.175455   -0.425455 (VIOLATED)
_08987_/B2                              0.750000    1.175455   -0.425455 (VIOLATED)
_08846_/A                               0.750000    1.175438   -0.425438 (VIOLATED)
_08847_/A1                              0.750000    1.175438   -0.425438 (VIOLATED)
_08870_/A1                              0.750000    1.175416   -0.425416 (VIOLATED)
_08724_/A1                              0.750000    1.175414   -0.425414 (VIOLATED)
_08723_/A                               0.750000    1.175412   -0.425413 (VIOLATED)
_08727_/A                               0.750000    1.175403   -0.425403 (VIOLATED)
_08527_/B2                              0.750000    1.175394   -0.425394 (VIOLATED)
_08529_/A                               0.750000    1.175394   -0.425394 (VIOLATED)
_08539_/A                               0.750000    1.175393   -0.425393 (VIOLATED)
_08571_/A                               0.750000    1.175393   -0.425393 (VIOLATED)
_08540_/A                               0.750000    1.175392   -0.425392 (VIOLATED)
_08570_/A                               0.750000    1.175390   -0.425390 (VIOLATED)
_12524_/A                               0.750000    1.175241   -0.425241 (VIOLATED)
_12525_/A                               0.750000    1.175242   -0.425242 (VIOLATED)
_12124_/A                               0.750000    1.175237   -0.425237 (VIOLATED)
_12125_/A1                              0.750000    1.175238   -0.425238 (VIOLATED)
_12274_/A1                              0.750000    1.175238   -0.425238 (VIOLATED)
_07428_/A                               0.750000    1.175235   -0.425235 (VIOLATED)
_07429_/A                               0.750000    1.175234   -0.425234 (VIOLATED)
_12128_/A                               0.750000    1.175234   -0.425234 (VIOLATED)
_07431_/A                               0.750000    1.175233   -0.425233 (VIOLATED)
_11972_/A                               0.750000    1.175231   -0.425231 (VIOLATED)
_11971_/A                               0.750000    1.175229   -0.425229 (VIOLATED)
_11924_/B2                              0.750000    1.175227   -0.425227 (VIOLATED)
_11926_/A                               0.750000    1.175227   -0.425227 (VIOLATED)
_11937_/A                               0.750000    1.175225   -0.425225 (VIOLATED)
_12389_/B2                              0.750000    1.175225   -0.425226 (VIOLATED)
_12390_/A                               0.750000    1.175225   -0.425225 (VIOLATED)
_11938_/A                               0.750000    1.175222   -0.425222 (VIOLATED)
_07295_/A                               0.750000    1.175220   -0.425220 (VIOLATED)
_07294_/B2                              0.750000    1.175219   -0.425219 (VIOLATED)
_12250_/A                               0.750000    1.175197   -0.425197 (VIOLATED)
_12251_/A1                              0.750000    1.175197   -0.425197 (VIOLATED)
_07152_/A                               0.750000    1.175189   -0.425189 (VIOLATED)
_07153_/A1                              0.750000    1.175188   -0.425188 (VIOLATED)
_06829_/A1                              0.750000    1.175166   -0.425166 (VIOLATED)
_06831_/A                               0.750000    1.175166   -0.425166 (VIOLATED)
_06844_/A1                              0.750000    1.175165   -0.425165 (VIOLATED)
_06843_/A                               0.750000    1.175164   -0.425164 (VIOLATED)
_06878_/A                               0.750000    1.175160   -0.425160 (VIOLATED)
_07028_/A1                              0.750000    1.175160   -0.425160 (VIOLATED)
_07027_/A                               0.750000    1.175159   -0.425159 (VIOLATED)
_06879_/A                               0.750000    1.175146   -0.425146 (VIOLATED)
_07031_/A                               0.750000    1.175137   -0.425137 (VIOLATED)
_10817_/A                               0.750000    1.174891   -0.424891 (VIOLATED)
_10818_/A                               0.750000    1.174891   -0.424891 (VIOLATED)
_10680_/B2                              0.750000    1.174889   -0.424889 (VIOLATED)
_10681_/A                               0.750000    1.174889   -0.424889 (VIOLATED)
_10539_/A                               0.750000    1.174880   -0.424880 (VIOLATED)
_10540_/A1                              0.750000    1.174880   -0.424880 (VIOLATED)
_10563_/A1                              0.750000    1.174874   -0.424874 (VIOLATED)
_10413_/A1                              0.750000    1.174873   -0.424873 (VIOLATED)
_10412_/A                               0.750000    1.174873   -0.424873 (VIOLATED)
_10416_/A                               0.750000    1.174870   -0.424870 (VIOLATED)
_10259_/A                               0.750000    1.174865   -0.424865 (VIOLATED)
_10258_/A                               0.750000    1.174864   -0.424864 (VIOLATED)
_10225_/A                               0.750000    1.174861   -0.424861 (VIOLATED)
_10224_/A                               0.750000    1.174855   -0.424855 (VIOLATED)
_10213_/A                               0.750000    1.174837   -0.424837 (VIOLATED)
_10211_/B2                              0.750000    1.174833   -0.424833 (VIOLATED)
x3[0]                                   0.750000    1.174786   -0.424786 (VIOLATED)
_08610_/A1                              0.750000    1.149196   -0.399196 (VIOLATED)
_08611_/B                               0.750000    1.149194   -0.399194 (VIOLATED)
_08660_/A1                              0.750000    1.149194   -0.399194 (VIOLATED)
_08809_/B                               0.750000    1.149188   -0.399188 (VIOLATED)
_08810_/A1                              0.750000    1.149187   -0.399187 (VIOLATED)
_08942_/B                               0.750000    1.149177   -0.399177 (VIOLATED)
_08943_/B2                              0.750000    1.149175   -0.399175 (VIOLATED)
_09405_/B                               0.750000    1.149174   -0.399174 (VIOLATED)
_09408_/A1                              0.750000    1.149172   -0.399172 (VIOLATED)
_09253_/B                               0.750000    1.149168   -0.399168 (VIOLATED)
_09254_/A1                              0.750000    1.149167   -0.399167 (VIOLATED)
_09224_/A1                              0.750000    1.149158   -0.399159 (VIOLATED)
_08941_/A                               0.750000    1.149156   -0.399157 (VIOLATED)
_12011_/A1                              0.750000    1.149009   -0.399009 (VIOLATED)
_12012_/B                               0.750000    1.149007   -0.399007 (VIOLATED)
_12061_/A1                              0.750000    1.149007   -0.399007 (VIOLATED)
_12212_/B                               0.750000    1.149003   -0.399003 (VIOLATED)
_12213_/A1                              0.750000    1.149002   -0.399002 (VIOLATED)
_12627_/A1                              0.750000    1.148995   -0.398995 (VIOLATED)
_12345_/B                               0.750000    1.148992   -0.398992 (VIOLATED)
_12346_/B2                              0.750000    1.148990   -0.398990 (VIOLATED)
_12344_/A                               0.750000    1.148986   -0.398986 (VIOLATED)
_12657_/B                               0.750000    1.148846   -0.398846 (VIOLATED)
_12658_/A1                              0.750000    1.148846   -0.398846 (VIOLATED)
_12815_/A1                              0.750000    1.148844   -0.398844 (VIOLATED)
_12813_/B                               0.750000    1.148843   -0.398843 (VIOLATED)
_12956_/A2                              0.750000    1.148836   -0.398836 (VIOLATED)
_12812_/B                               0.750000    1.148835   -0.398835 (VIOLATED)
_12811_/B                               0.750000    1.148835   -0.398835 (VIOLATED)
_07864_/B                               0.750000    1.148800   -0.398800 (VIOLATED)
_07718_/B                               0.750000    1.148760   -0.398760 (VIOLATED)
_07719_/B                               0.750000    1.148742   -0.398742 (VIOLATED)
_07721_/A1                              0.750000    1.148740   -0.398740 (VIOLATED)
_06917_/B1                              0.750000    1.148736   -0.398736 (VIOLATED)
_06918_/D                               0.750000    1.148736   -0.398736 (VIOLATED)
_06963_/D                               0.750000    1.148734   -0.398734 (VIOLATED)
_06964_/B1                              0.750000    1.148734   -0.398735 (VIOLATED)
_07116_/B1                              0.750000    1.148732   -0.398732 (VIOLATED)
_07115_/D                               0.750000    1.148731   -0.398731 (VIOLATED)
_07249_/D                               0.750000    1.148725   -0.398725 (VIOLATED)
_07250_/B2                              0.750000    1.148724   -0.398724 (VIOLATED)
_07560_/B                               0.750000    1.148722   -0.398722 (VIOLATED)
_07561_/A1                              0.750000    1.148722   -0.398722 (VIOLATED)
_07248_/B                               0.750000    1.148707   -0.398707 (VIOLATED)
_07531_/A2                              0.750000    1.148695   -0.398695 (VIOLATED)
_10298_/A1                              0.750000    1.148395   -0.398395 (VIOLATED)
_10299_/B                               0.750000    1.148394   -0.398394 (VIOLATED)
_10349_/A1                              0.750000    1.148394   -0.398395 (VIOLATED)
_10502_/A1                              0.750000    1.148392   -0.398392 (VIOLATED)
_10501_/B                               0.750000    1.148392   -0.398392 (VIOLATED)
_10635_/B                               0.750000    1.148391   -0.398391 (VIOLATED)
_10636_/B2                              0.750000    1.148390   -0.398390 (VIOLATED)
_10634_/A                               0.750000    1.148375   -0.398375 (VIOLATED)
_11105_/B                               0.750000    1.148369   -0.398369 (VIOLATED)
_11106_/B                               0.750000    1.148369   -0.398369 (VIOLATED)
_11108_/A1                              0.750000    1.148369   -0.398369 (VIOLATED)
_10951_/B                               0.750000    1.148368   -0.398368 (VIOLATED)
_10952_/A1                              0.750000    1.148368   -0.398368 (VIOLATED)
_10921_/A1                              0.750000    1.148366   -0.398366 (VIOLATED)
x2[3]                                   0.750000    1.148300   -0.398300 (VIOLATED)
_10925_/C                               0.750000    1.142599   -0.392599 (VIOLATED)
_11081_/A                               0.750000    1.142599   -0.392599 (VIOLATED)
_10924_/A                               0.750000    1.142598   -0.392598 (VIOLATED)
_10760_/A1                              0.750000    1.142583   -0.392583 (VIOLATED)
_10612_/A                               0.750000    1.142579   -0.392579 (VIOLATED)
_10742_/A                               0.750000    1.142579   -0.392579 (VIOLATED)
_10743_/B2                              0.750000    1.142579   -0.392579 (VIOLATED)
_10614_/A1                              0.750000    1.142571   -0.392571 (VIOLATED)
_10483_/A                               0.750000    1.142565   -0.392565 (VIOLATED)
_10320_/A1_N                            0.750000    1.142545   -0.392545 (VIOLATED)
_10319_/C                               0.750000    1.142543   -0.392543 (VIOLATED)
_10326_/A1                              0.750000    1.142489   -0.392489 (VIOLATED)
_10323_/A                               0.750000    1.142480   -0.392480 (VIOLATED)
_10285_/A1                              0.750000    1.142469   -0.392469 (VIOLATED)
_10284_/A                               0.750000    1.142468   -0.392469 (VIOLATED)
_06903_/D                               0.750000    1.142291   -0.392291 (VIOLATED)
_06904_/A2_N                            0.750000    1.142291   -0.392291 (VIOLATED)
_06938_/A2                              0.750000    1.142289   -0.392289 (VIOLATED)
_06937_/D                               0.750000    1.142282   -0.392282 (VIOLATED)
_07536_/C                               0.750000    1.142205   -0.392205 (VIOLATED)
_07694_/A                               0.750000    1.142205   -0.392205 (VIOLATED)
_07535_/A                               0.750000    1.142204   -0.392204 (VIOLATED)
_06943_/D                               0.750000    1.142193   -0.392193 (VIOLATED)
_06944_/A2_N                            0.750000    1.142189   -0.392189 (VIOLATED)
_07373_/A1                              0.750000    1.142188   -0.392188 (VIOLATED)
_07226_/A                               0.750000    1.142186   -0.392186 (VIOLATED)
_07354_/A                               0.750000    1.142183   -0.392183 (VIOLATED)
_07355_/B2                              0.750000    1.142183   -0.392183 (VIOLATED)
_07228_/A1                              0.750000    1.142179   -0.392180 (VIOLATED)
_07097_/A                               0.750000    1.142162   -0.392162 (VIOLATED)
_12630_/A                               0.750000    1.141589   -0.391589 (VIOLATED)
_12631_/C                               0.750000    1.141590   -0.391590 (VIOLATED)
_12787_/A                               0.750000    1.141590   -0.391590 (VIOLATED)
_12468_/A1                              0.750000    1.141580   -0.391580 (VIOLATED)
_12323_/A                               0.750000    1.141579   -0.391579 (VIOLATED)
_12325_/A1                              0.750000    1.141575   -0.391575 (VIOLATED)
_12450_/A                               0.750000    1.141574   -0.391574 (VIOLATED)
_12451_/B2                              0.750000    1.141574   -0.391574 (VIOLATED)
_12194_/A                               0.750000    1.141567   -0.391567 (VIOLATED)
_12033_/A1_N                            0.750000    1.141543   -0.391543 (VIOLATED)
_12032_/C                               0.750000    1.141539   -0.391539 (VIOLATED)
_12039_/A1                              0.750000    1.141439   -0.391439 (VIOLATED)
_11997_/A                               0.750000    1.141429   -0.391429 (VIOLATED)
_11998_/A1                              0.750000    1.141429   -0.391429 (VIOLATED)
_12036_/A                               0.750000    1.141427   -0.391427 (VIOLATED)
_09227_/A1                              0.750000    1.141260   -0.391260 (VIOLATED)
_09228_/A                               0.750000    1.141261   -0.391260 (VIOLATED)
_09381_/A1                              0.750000    1.141261   -0.391260 (VIOLATED)
_09048_/A                               0.750000    1.141258   -0.391258 (VIOLATED)
_09049_/B2                              0.750000    1.141258   -0.391258 (VIOLATED)
_08920_/A                               0.750000    1.141258   -0.391258 (VIOLATED)
_09066_/A1                              0.750000    1.141258   -0.391258 (VIOLATED)
_08922_/A1                              0.750000    1.141257   -0.391257 (VIOLATED)
_08791_/A                               0.750000    1.141255   -0.391255 (VIOLATED)
_08631_/C                               0.750000    1.141253   -0.391253 (VIOLATED)
_08632_/A1_N                            0.750000    1.141253   -0.391253 (VIOLATED)
_08596_/A                               0.750000    1.141251   -0.391251 (VIOLATED)
_08597_/A1                              0.750000    1.141251   -0.391251 (VIOLATED)
_08635_/A                               0.750000    1.141247   -0.391247 (VIOLATED)
_08638_/A1                              0.750000    1.141244   -0.391244 (VIOLATED)
x1[2]                                   0.750000    1.141226   -0.391226 (VIOLATED)
_07533_/A                               0.750000    1.133566   -0.383566 (VIOLATED)
_10922_/A                               0.750000    1.133564   -0.383564 (VIOLATED)
_10747_/A                               0.750000    1.133557   -0.383557 (VIOLATED)
_10748_/A                               0.750000    1.133557   -0.383557 (VIOLATED)
_10609_/A                               0.750000    1.133555   -0.383555 (VIOLATED)
_10610_/B2                              0.750000    1.133555   -0.383555 (VIOLATED)
_10480_/A                               0.750000    1.133547   -0.383547 (VIOLATED)
_10481_/B2                              0.750000    1.133546   -0.383546 (VIOLATED)
_10317_/A                               0.750000    1.133528   -0.383528 (VIOLATED)
_10318_/A1                              0.750000    1.133526   -0.383526 (VIOLATED)
_10322_/A                               0.750000    1.133488   -0.383488 (VIOLATED)
_10324_/B2                              0.750000    1.133488   -0.383488 (VIOLATED)
_10281_/A                               0.750000    1.133472   -0.383472 (VIOLATED)
_10283_/B2                              0.750000    1.133471   -0.383471 (VIOLATED)
_10243_/A                               0.750000    1.133447   -0.383447 (VIOLATED)
_10241_/B2                              0.750000    1.133440   -0.383440 (VIOLATED)
_07532_/A                               0.750000    1.133408   -0.383408 (VIOLATED)
_07359_/A                               0.750000    1.133402   -0.383402 (VIOLATED)
_07360_/A                               0.750000    1.133402   -0.383402 (VIOLATED)
_07223_/A                               0.750000    1.133401   -0.383401 (VIOLATED)
_07224_/B2                              0.750000    1.133401   -0.383401 (VIOLATED)
_07094_/A                               0.750000    1.133395   -0.383395 (VIOLATED)
_07095_/B2                              0.750000    1.133395   -0.383395 (VIOLATED)
_06941_/A                               0.750000    1.133372   -0.383372 (VIOLATED)
_06942_/A1                              0.750000    1.133369   -0.383369 (VIOLATED)
_10217_/A                               0.750000    1.133363   -0.383363 (VIOLATED)
_06934_/A                               0.750000    1.133333   -0.383333 (VIOLATED)
_06936_/B2                              0.750000    1.133331   -0.383331 (VIOLATED)
_06901_/A                               0.750000    1.133309   -0.383309 (VIOLATED)
_06902_/B2                              0.750000    1.133303   -0.383303 (VIOLATED)
_06863_/A                               0.750000    1.133257   -0.383257 (VIOLATED)
_06862_/A1                              0.750000    1.133237   -0.383237 (VIOLATED)
_06837_/A                               0.750000    1.132976   -0.382976 (VIOLATED)
_11930_/A                               0.750000    1.132862   -0.382862 (VIOLATED)
_11954_/B2                              0.750000    1.132742   -0.382742 (VIOLATED)
_11956_/A                               0.750000    1.132736   -0.382736 (VIOLATED)
_12320_/A                               0.750000    1.132684   -0.382684 (VIOLATED)
_12321_/B2                              0.750000    1.132684   -0.382684 (VIOLATED)
_12455_/A                               0.750000    1.132684   -0.382684 (VIOLATED)
_12456_/A                               0.750000    1.132684   -0.382684 (VIOLATED)
_12191_/A                               0.750000    1.132681   -0.382681 (VIOLATED)
_12192_/B2                              0.750000    1.132681   -0.382681 (VIOLATED)
_12030_/A                               0.750000    1.132676   -0.382676 (VIOLATED)
_12031_/A1                              0.750000    1.132675   -0.382675 (VIOLATED)
_12035_/A                               0.750000    1.132659   -0.382659 (VIOLATED)
_12037_/B2                              0.750000    1.132659   -0.382659 (VIOLATED)
_11994_/A                               0.750000    1.132652   -0.382652 (VIOLATED)
_11996_/B2                              0.750000    1.132650   -0.382650 (VIOLATED)
_08534_/B1                              0.750000    1.132532   -0.382532 (VIOLATED)
_08533_/C_N                             0.750000    1.132532   -0.382532 (VIOLATED)
_08556_/B2                              0.750000    1.132462   -0.382462 (VIOLATED)
_08558_/A                               0.750000    1.132460   -0.382460 (VIOLATED)
_12628_/A                               0.750000    1.132452   -0.382452 (VIOLATED)
_09225_/A                               0.750000    1.132449   -0.382449 (VIOLATED)
_09226_/A1                              0.750000    1.132449   -0.382449 (VIOLATED)
_09053_/A                               0.750000    1.132446   -0.382446 (VIOLATED)
_09054_/A                               0.750000    1.132446   -0.382446 (VIOLATED)
_08917_/A                               0.750000    1.132445   -0.382445 (VIOLATED)
_08918_/B2                              0.750000    1.132445   -0.382445 (VIOLATED)
_08788_/A                               0.750000    1.132443   -0.382443 (VIOLATED)
_08789_/B2                              0.750000    1.132443   -0.382443 (VIOLATED)
_08595_/B2                              0.750000    1.132441   -0.382441 (VIOLATED)
_08593_/A                               0.750000    1.132439   -0.382439 (VIOLATED)
_08629_/A                               0.750000    1.132439   -0.382439 (VIOLATED)
_08630_/A1                              0.750000    1.132439   -0.382439 (VIOLATED)
_08634_/A                               0.750000    1.132429   -0.382429 (VIOLATED)
_08636_/B2                              0.750000    1.132429   -0.382429 (VIOLATED)
x1[0]                                   0.750000    1.132413   -0.382413 (VIOLATED)
_07782_/A2                              0.750000    1.116289   -0.366289 (VIOLATED)
_09314_/B                               0.750000    1.116288   -0.366288 (VIOLATED)
_09154_/A1_N                            0.750000    1.116280   -0.366280 (VIOLATED)
_09155_/C                               0.750000    1.116279   -0.366279 (VIOLATED)
_08998_/B                               0.750000    1.116260   -0.366260 (VIOLATED)
_08999_/A1                              0.750000    1.116258   -0.366258 (VIOLATED)
_08855_/B                               0.750000    1.116246   -0.366245 (VIOLATED)
_08856_/A1                              0.750000    1.116243   -0.366243 (VIOLATED)
_08701_/B2                              0.750000    1.116230   -0.366230 (VIOLATED)
_08700_/B                               0.750000    1.116228   -0.366228 (VIOLATED)
_08706_/A1                              0.750000    1.116214   -0.366214 (VIOLATED)
_08704_/B                               0.750000    1.116213   -0.366213 (VIOLATED)
_08536_/A1                              0.750000    1.116207   -0.366207 (VIOLATED)
_08537_/B                               0.750000    1.116207   -0.366207 (VIOLATED)
_08564_/B                               0.750000    1.116204   -0.366204 (VIOLATED)
_08565_/A1                              0.750000    1.116203   -0.366203 (VIOLATED)
_12718_/B                               0.750000    1.116078   -0.366078 (VIOLATED)
_07624_/B                               0.750000    1.116077   -0.366077 (VIOLATED)
_07623_/B                               0.750000    1.116076   -0.366076 (VIOLATED)
_07780_/B                               0.750000    1.116076   -0.366076 (VIOLATED)
_12556_/A1_N                            0.750000    1.116064   -0.366064 (VIOLATED)
_12557_/C                               0.750000    1.116064   -0.366064 (VIOLATED)
_07459_/A1_N                            0.750000    1.116063   -0.366063 (VIOLATED)
_07460_/C                               0.750000    1.116061   -0.366062 (VIOLATED)
_07305_/B                               0.750000    1.116036   -0.366036 (VIOLATED)
_07306_/A1                              0.750000    1.116034   -0.366034 (VIOLATED)
_12400_/B                               0.750000    1.116035   -0.366035 (VIOLATED)
_12401_/A1                              0.750000    1.116034   -0.366034 (VIOLATED)
_07161_/B                               0.750000    1.116019   -0.366019 (VIOLATED)
_07162_/A1                              0.750000    1.116016   -0.366016 (VIOLATED)
_12259_/B                               0.750000    1.116005   -0.366005 (VIOLATED)
_12260_/A1                              0.750000    1.116005   -0.366005 (VIOLATED)
_12101_/B                               0.750000    1.116000   -0.366000 (VIOLATED)
_12102_/B2                              0.750000    1.116001   -0.366001 (VIOLATED)
_12107_/A1                              0.750000    1.115999   -0.365999 (VIOLATED)
_11934_/A1                              0.750000    1.115998   -0.365998 (VIOLATED)
_11935_/B                               0.750000    1.115998   -0.365998 (VIOLATED)
_12105_/B                               0.750000    1.115997   -0.365997 (VIOLATED)
_11965_/B                               0.750000    1.115996   -0.365996 (VIOLATED)
_11966_/A1                              0.750000    1.115996   -0.365996 (VIOLATED)
_07007_/B2                              0.750000    1.115993   -0.365993 (VIOLATED)
_07006_/B                               0.750000    1.115990   -0.365990 (VIOLATED)
_07012_/A1                              0.750000    1.115964   -0.365965 (VIOLATED)
_06840_/B1                              0.750000    1.115964   -0.365964 (VIOLATED)
_06841_/C                               0.750000    1.115964   -0.365964 (VIOLATED)
_06872_/C                               0.750000    1.115962   -0.365962 (VIOLATED)
_06873_/A2                              0.750000    1.115962   -0.365962 (VIOLATED)
_07010_/B                               0.750000    1.115962   -0.365962 (VIOLATED)
_11012_/B                               0.750000    1.115550   -0.365550 (VIOLATED)
_10849_/A1_N                            0.750000    1.115548   -0.365548 (VIOLATED)
_10850_/C                               0.750000    1.115548   -0.365548 (VIOLATED)
_10221_/A1                              0.750000    1.115546   -0.365546 (VIOLATED)
_10222_/B                               0.750000    1.115546   -0.365546 (VIOLATED)
_10252_/B                               0.750000    1.115545   -0.365545 (VIOLATED)
_10253_/A1                              0.750000    1.115545   -0.365545 (VIOLATED)
_10691_/B                               0.750000    1.115544   -0.365544 (VIOLATED)
_10692_/A1                              0.750000    1.115543   -0.365543 (VIOLATED)
_10548_/B                               0.750000    1.115536   -0.365536 (VIOLATED)
_10549_/A1                              0.750000    1.115535   -0.365535 (VIOLATED)
_10390_/B2                              0.750000    1.115530   -0.365530 (VIOLATED)
_10389_/B                               0.750000    1.115529   -0.365529 (VIOLATED)
_10393_/B                               0.750000    1.115520   -0.365520 (VIOLATED)
_10395_/A1                              0.750000    1.115520   -0.365520 (VIOLATED)
x0[1]                                   0.750000    1.115316   -0.365316 (VIOLATED)
_07003_/B1                              0.750000    1.109915   -0.359915 (VIOLATED)
_07002_/D                               0.750000    1.109915   -0.359915 (VIOLATED)
_07156_/D                               0.750000    1.109913   -0.359913 (VIOLATED)
_07157_/B1                              0.750000    1.109913   -0.359913 (VIOLATED)
_12098_/A1                              0.750000    1.109910   -0.359910 (VIOLATED)
_12097_/B                               0.750000    1.109910   -0.359910 (VIOLATED)
_10386_/A1                              0.750000    1.109908   -0.359908 (VIOLATED)
_12254_/B                               0.750000    1.109908   -0.359908 (VIOLATED)
_12255_/A1                              0.750000    1.109908   -0.359908 (VIOLATED)
_10385_/B                               0.750000    1.109907   -0.359907 (VIOLATED)
_10543_/B                               0.750000    1.109904   -0.359904 (VIOLATED)
_10544_/A1                              0.750000    1.109904   -0.359904 (VIOLATED)
_10686_/B                               0.750000    1.109898   -0.359898 (VIOLATED)
_10687_/A1                              0.750000    1.109898   -0.359898 (VIOLATED)
_10842_/A                               0.750000    1.109892   -0.359892 (VIOLATED)
_10841_/A1                              0.750000    1.109891   -0.359891 (VIOLATED)
_12395_/B                               0.750000    1.109891   -0.359891 (VIOLATED)
_12396_/A1                              0.750000    1.109891   -0.359891 (VIOLATED)
_12549_/A                               0.750000    1.109888   -0.359888 (VIOLATED)
_12548_/A1                              0.750000    1.109886   -0.359886 (VIOLATED)
_07300_/D                               0.750000    1.109876   -0.359876 (VIOLATED)
_07301_/B1                              0.750000    1.109876   -0.359876 (VIOLATED)
_07451_/A2                              0.750000    1.109874   -0.359874 (VIOLATED)
_07452_/B                               0.750000    1.109874   -0.359874 (VIOLATED)
_11007_/B                               0.750000    1.109865   -0.359865 (VIOLATED)
_11008_/A1                              0.750000    1.109865   -0.359865 (VIOLATED)
_11161_/A1                              0.750000    1.109842   -0.359842 (VIOLATED)
_11160_/B                               0.750000    1.109838   -0.359838 (VIOLATED)
_11422_/B                               0.750000    1.109825   -0.359825 (VIOLATED)
_11423_/A2                              0.750000    1.109825   -0.359825 (VIOLATED)
_11299_/B                               0.750000    1.109822   -0.359822 (VIOLATED)
_11300_/A1                              0.750000    1.109822   -0.359822 (VIOLATED)
_07618_/C                               0.750000    1.109818   -0.359818 (VIOLATED)
_07619_/A2                              0.750000    1.109817   -0.359817 (VIOLATED)
_12713_/B                               0.750000    1.109806   -0.359806 (VIOLATED)
_12714_/A1                              0.750000    1.109806   -0.359806 (VIOLATED)
_12868_/A1                              0.750000    1.109787   -0.359787 (VIOLATED)
_12867_/B                               0.750000    1.109781   -0.359781 (VIOLATED)
_07775_/A1                              0.750000    1.109764   -0.359764 (VIOLATED)
_07774_/B                               0.750000    1.109756   -0.359756 (VIOLATED)
_07917_/A1                              0.750000    1.109734   -0.359734 (VIOLATED)
_13009_/B                               0.750000    1.109734   -0.359734 (VIOLATED)
_13010_/A1                              0.750000    1.109734   -0.359734 (VIOLATED)
_07916_/B                               0.750000    1.109725   -0.359725 (VIOLATED)
_08038_/A2                              0.750000    1.109684   -0.359685 (VIOLATED)
_08037_/B                               0.750000    1.109679   -0.359679 (VIOLATED)
_13137_/A2                              0.750000    1.109636   -0.359636 (VIOLATED)
_13136_/B                               0.750000    1.109621   -0.359621 (VIOLATED)
_08696_/B                               0.750000    1.109507   -0.359507 (VIOLATED)
_08697_/A1                              0.750000    1.109507   -0.359507 (VIOLATED)
_08850_/B                               0.750000    1.109506   -0.359506 (VIOLATED)
_08851_/A1                              0.750000    1.109506   -0.359506 (VIOLATED)
_08993_/B                               0.750000    1.109504   -0.359504 (VIOLATED)
_08994_/A1                              0.750000    1.109504   -0.359504 (VIOLATED)
_09146_/A1                              0.750000    1.109503   -0.359503 (VIOLATED)
_09147_/A                               0.750000    1.109503   -0.359503 (VIOLATED)
_09309_/B                               0.750000    1.109491   -0.359491 (VIOLATED)
_09310_/A1                              0.750000    1.109491   -0.359491 (VIOLATED)
_09465_/A1                              0.750000    1.109485   -0.359485 (VIOLATED)
_09464_/B                               0.750000    1.109484   -0.359484 (VIOLATED)
_09609_/A1                              0.750000    1.109481   -0.359481 (VIOLATED)
_09608_/B                               0.750000    1.109479   -0.359479 (VIOLATED)
_09730_/A2                              0.750000    1.109472   -0.359472 (VIOLATED)
_09729_/B                               0.750000    1.109472   -0.359472 (VIOLATED)
x0[4]                                   0.750000    1.109436   -0.359436 (VIOLATED)
_13655_/CLK                             0.750000    1.100684   -0.350684 (VIOLATED)
_13656_/CLK                             0.750000    1.100683   -0.350683 (VIOLATED)
_13654_/CLK                             0.750000    1.100681   -0.350681 (VIOLATED)
_13653_/CLK                             0.750000    1.100678   -0.350678 (VIOLATED)
_13652_/CLK                             0.750000    1.100677   -0.350677 (VIOLATED)
_13651_/CLK                             0.750000    1.100673   -0.350673 (VIOLATED)
_13645_/CLK                             0.750000    1.100646   -0.350646 (VIOLATED)
_13644_/CLK                             0.750000    1.100644   -0.350644 (VIOLATED)
_13646_/CLK                             0.750000    1.100644   -0.350644 (VIOLATED)
_13643_/CLK                             0.750000    1.100635   -0.350635 (VIOLATED)
_13642_/CLK                             0.750000    1.100631   -0.350631 (VIOLATED)
_13641_/CLK                             0.750000    1.100610   -0.350610 (VIOLATED)
_13640_/CLK                             0.750000    1.100596   -0.350596 (VIOLATED)
_13639_/CLK                             0.750000    1.100582   -0.350582 (VIOLATED)
_13638_/CLK                             0.750000    1.100579   -0.350579 (VIOLATED)
_13637_/CLK                             0.750000    1.100568   -0.350568 (VIOLATED)
_13634_/CLK                             0.750000    1.100560   -0.350560 (VIOLATED)
_13636_/CLK                             0.750000    1.100550   -0.350550 (VIOLATED)
_13635_/CLK                             0.750000    1.100534   -0.350534 (VIOLATED)
_13685_/CLK                             0.750000    1.100507   -0.350507 (VIOLATED)
_13686_/CLK                             0.750000    1.100507   -0.350507 (VIOLATED)
_13687_/CLK                             0.750000    1.100498   -0.350498 (VIOLATED)
_13688_/CLK                             0.750000    1.100484   -0.350484 (VIOLATED)
_13689_/CLK                             0.750000    1.100472   -0.350472 (VIOLATED)
_13690_/CLK                             0.750000    1.100458   -0.350458 (VIOLATED)
_13691_/CLK                             0.750000    1.100434   -0.350434 (VIOLATED)
_13697_/CLK                             0.750000    1.100374   -0.350375 (VIOLATED)
_13692_/CLK                             0.750000    1.100371   -0.350371 (VIOLATED)
_13693_/CLK                             0.750000    1.100370   -0.350370 (VIOLATED)
_13694_/CLK                             0.750000    1.100370   -0.350370 (VIOLATED)
_13695_/CLK                             0.750000    1.100367   -0.350367 (VIOLATED)
_13696_/CLK                             0.750000    1.100357   -0.350357 (VIOLATED)
_13657_/CLK                             0.750000    1.100292   -0.350292 (VIOLATED)
_13658_/CLK                             0.750000    1.100291   -0.350291 (VIOLATED)
_13659_/CLK                             0.750000    1.100289   -0.350289 (VIOLATED)
_13660_/CLK                             0.750000    1.100288   -0.350288 (VIOLATED)
_13661_/CLK                             0.750000    1.100286   -0.350286 (VIOLATED)
_13662_/CLK                             0.750000    1.100283   -0.350283 (VIOLATED)
_13663_/CLK                             0.750000    1.100280   -0.350280 (VIOLATED)
_13669_/CLK                             0.750000    1.100270   -0.350270 (VIOLATED)
_13670_/CLK                             0.750000    1.100261   -0.350261 (VIOLATED)
_13664_/CLK                             0.750000    1.100252   -0.350252 (VIOLATED)
_13668_/CLK                             0.750000    1.100237   -0.350237 (VIOLATED)
_13671_/CLK                             0.750000    1.100229   -0.350229 (VIOLATED)
_13667_/CLK                             0.750000    1.100226   -0.350226 (VIOLATED)
_13665_/CLK                             0.750000    1.100225   -0.350225 (VIOLATED)
_13666_/CLK                             0.750000    1.100225   -0.350225 (VIOLATED)
_13672_/CLK                             0.750000    1.100177   -0.350177 (VIOLATED)
_13673_/CLK                             0.750000    1.100172   -0.350172 (VIOLATED)
_13674_/CLK                             0.750000    1.100142   -0.350142 (VIOLATED)
_13650_/CLK                             0.750000    1.100132   -0.350132 (VIOLATED)
_13647_/CLK                             0.750000    1.100131   -0.350131 (VIOLATED)
_13649_/CLK                             0.750000    1.100131   -0.350131 (VIOLATED)
_13648_/CLK                             0.750000    1.100129   -0.350129 (VIOLATED)
_13675_/CLK                             0.750000    1.100085   -0.350085 (VIOLATED)
_13676_/CLK                             0.750000    1.100046   -0.350046 (VIOLATED)
_13677_/CLK                             0.750000    1.100036   -0.350036 (VIOLATED)
_13680_/CLK                             0.750000    1.100022   -0.350022 (VIOLATED)
_13678_/CLK                             0.750000    1.100016   -0.350016 (VIOLATED)
_13679_/CLK                             0.750000    1.100005   -0.350005 (VIOLATED)
_13699_/CLK                             0.750000    1.099927   -0.349927 (VIOLATED)
_13700_/CLK                             0.750000    1.099927   -0.349927 (VIOLATED)
_13701_/CLK                             0.750000    1.099926   -0.349926 (VIOLATED)
_13681_/CLK                             0.750000    1.099883   -0.349883 (VIOLATED)
_13698_/CLK                             0.750000    1.099882   -0.349882 (VIOLATED)
_13682_/CLK                             0.750000    1.099875   -0.349875 (VIOLATED)
_13683_/CLK                             0.750000    1.099856   -0.349856 (VIOLATED)
_13684_/CLK                             0.750000    1.099839   -0.349839 (VIOLATED)
clk                                     0.750000    1.099836   -0.349836 (VIOLATED)
_09964_/B                               0.750000    1.091242   -0.341242 (VIOLATED)
_09965_/A2                              0.750000    1.091242   -0.341242 (VIOLATED)
_09813_/B                               0.750000    1.091237   -0.341237 (VIOLATED)
_09814_/A1                              0.750000    1.091237   -0.341237 (VIOLATED)
_09687_/B                               0.750000    1.091230   -0.341230 (VIOLATED)
_09688_/A1                              0.750000    1.091229   -0.341229 (VIOLATED)
_09550_/B                               0.750000    1.091215   -0.341215 (VIOLATED)
_09551_/A1                              0.750000    1.091214   -0.341214 (VIOLATED)
_09400_/B                               0.750000    1.091194   -0.341194 (VIOLATED)
_09401_/B2                              0.750000    1.091193   -0.341193 (VIOLATED)
_09247_/B                               0.750000    1.091176   -0.341176 (VIOLATED)
_09248_/A1                              0.750000    1.091174   -0.341174 (VIOLATED)
_09233_/A1                              0.750000    1.091140   -0.341140 (VIOLATED)
_09067_/A                               0.750000    1.091128   -0.341128 (VIOLATED)
_08937_/B                               0.750000    1.091127   -0.341127 (VIOLATED)
_08938_/A1                              0.750000    1.091109   -0.341109 (VIOLATED)
_13381_/B                               0.750000    1.091061   -0.341061 (VIOLATED)
_13382_/A2                              0.750000    1.091061   -0.341061 (VIOLATED)
_13222_/B                               0.750000    1.091057   -0.341057 (VIOLATED)
_13223_/A1                              0.750000    1.091057   -0.341057 (VIOLATED)
_13093_/B                               0.750000    1.091047   -0.341047 (VIOLATED)
_13094_/A1                              0.750000    1.091044   -0.341044 (VIOLATED)
_12951_/B                               0.750000    1.091019   -0.341019 (VIOLATED)
_12952_/A1                              0.750000    1.091019   -0.341019 (VIOLATED)
_12807_/B2                              0.750000    1.091008   -0.341008 (VIOLATED)
_12806_/B                               0.750000    1.091007   -0.341007 (VIOLATED)
_12651_/B                               0.750000    1.090987   -0.340987 (VIOLATED)
_12652_/A1                              0.750000    1.090985   -0.340985 (VIOLATED)
_12636_/A1                              0.750000    1.090942   -0.340942 (VIOLATED)
_12340_/B                               0.750000    1.090927   -0.340927 (VIOLATED)
_12469_/A                               0.750000    1.090922   -0.340923 (VIOLATED)
_12341_/A1                              0.750000    1.090919   -0.340919 (VIOLATED)
_08280_/B                               0.750000    1.090593   -0.340593 (VIOLATED)
_08281_/A2                              0.750000    1.090593   -0.340593 (VIOLATED)
_08123_/C                               0.750000    1.090590   -0.340590 (VIOLATED)
_08124_/A2                              0.750000    1.090590   -0.340590 (VIOLATED)
_07996_/B1                              0.750000    1.090585   -0.340585 (VIOLATED)
_07995_/D                               0.750000    1.090585   -0.340585 (VIOLATED)
_07859_/D                               0.750000    1.090572   -0.340572 (VIOLATED)
_07860_/B1                              0.750000    1.090571   -0.340571 (VIOLATED)
_07714_/B1                              0.750000    1.090554   -0.340554 (VIOLATED)
_07713_/D                               0.750000    1.090554   -0.340554 (VIOLATED)
_07245_/B1                              0.750000    1.090550   -0.340550 (VIOLATED)
_07243_/B                               0.750000    1.090549   -0.340549 (VIOLATED)
_07377_/B                               0.750000    1.090541   -0.340541 (VIOLATED)
_07555_/D                               0.750000    1.090535   -0.340535 (VIOLATED)
_07556_/B1                              0.750000    1.090534   -0.340535 (VIOLATED)
_11666_/B                               0.750000    1.090255   -0.340255 (VIOLATED)
_11667_/A2                              0.750000    1.090255   -0.340255 (VIOLATED)
_11510_/B                               0.750000    1.090254   -0.340254 (VIOLATED)
_11511_/A1                              0.750000    1.090254   -0.340254 (VIOLATED)
_11379_/B                               0.750000    1.090253   -0.340253 (VIOLATED)
_11380_/A1                              0.750000    1.090252   -0.340252 (VIOLATED)
_10631_/A1                              0.750000    1.090248   -0.340248 (VIOLATED)
_11243_/B                               0.750000    1.090247   -0.340247 (VIOLATED)
_11244_/A1                              0.750000    1.090246   -0.340246 (VIOLATED)
_10629_/A                               0.750000    1.090243   -0.340243 (VIOLATED)
_11100_/B                               0.750000    1.090242   -0.340242 (VIOLATED)
_11101_/B2                              0.750000    1.090243   -0.340243 (VIOLATED)
_10764_/A                               0.750000    1.090235   -0.340235 (VIOLATED)
_10945_/B                               0.750000    1.090234   -0.340234 (VIOLATED)
_10946_/A1                              0.750000    1.090234   -0.340234 (VIOLATED)
x2[6]                                   0.750000    1.090173   -0.340173 (VIOLATED)
_10825_/B                               0.750000    1.090160   -0.340160 (VIOLATED)
_10826_/B                               0.750000    1.090160   -0.340160 (VIOLATED)
_10827_/A1                              0.750000    1.090160   -0.340160 (VIOLATED)
_10680_/A1                              0.750000    1.090158   -0.340158 (VIOLATED)
_10681_/B                               0.750000    1.090157   -0.340157 (VIOLATED)
_10824_/A                               0.750000    1.090146   -0.340146 (VIOLATED)
_11152_/A                               0.750000    1.090130   -0.340130 (VIOLATED)
_11290_/A                               0.750000    1.090113   -0.340113 (VIOLATED)
_11433_/A                               0.750000    1.090097   -0.340097 (VIOLATED)
_11545_/C                               0.750000    1.090081   -0.340081 (VIOLATED)
_11544_/A1_N                            0.750000    1.090080   -0.340080 (VIOLATED)
_11715_/A1                              0.750000    1.090074   -0.340074 (VIOLATED)
_07294_/A2                              0.750000    1.090069   -0.340069 (VIOLATED)
_07295_/C                               0.750000    1.090068   -0.340068 (VIOLATED)
_07435_/D                               0.750000    1.090067   -0.340067 (VIOLATED)
_07436_/D                               0.750000    1.090067   -0.340067 (VIOLATED)
_07437_/B1                              0.750000    1.090067   -0.340067 (VIOLATED)
_11639_/C                               0.750000    1.090067   -0.340067 (VIOLATED)
_11638_/A1_N                            0.750000    1.090066   -0.340066 (VIOLATED)
_12389_/A1                              0.750000    1.090056   -0.340056 (VIOLATED)
_12390_/B                               0.750000    1.090056   -0.340056 (VIOLATED)
_12532_/B                               0.750000    1.090055   -0.340055 (VIOLATED)
_12533_/B                               0.750000    1.090055   -0.340055 (VIOLATED)
_12534_/A1                              0.750000    1.090054   -0.340054 (VIOLATED)
_12531_/A                               0.750000    1.090033   -0.340033 (VIOLATED)
_07434_/B                               0.750000    1.090028   -0.340028 (VIOLATED)
_07766_/B                               0.750000    1.090005   -0.340005 (VIOLATED)
_12859_/A                               0.750000    1.090001   -0.340001 (VIOLATED)
_13000_/A                               0.750000    1.089976   -0.339976 (VIOLATED)
_07907_/B                               0.750000    1.089974   -0.339974 (VIOLATED)
_08048_/B                               0.750000    1.089948   -0.339948 (VIOLATED)
_08328_/A1                              0.750000    1.089949   -0.339949 (VIOLATED)
_13147_/A                               0.750000    1.089946   -0.339946 (VIOLATED)
_08253_/B                               0.750000    1.089942   -0.339943 (VIOLATED)
_08252_/A1_N                            0.750000    1.089940   -0.339940 (VIOLATED)
_08154_/A2_N                            0.750000    1.089933   -0.339933 (VIOLATED)
_08155_/C                               0.750000    1.089933   -0.339933 (VIOLATED)
_13255_/A                               0.750000    1.089918   -0.339918 (VIOLATED)
_13354_/A1_N                            0.750000    1.089911   -0.339911 (VIOLATED)
_13355_/C                               0.750000    1.089911   -0.339911 (VIOLATED)
_13431_/A1                              0.750000    1.089911   -0.339911 (VIOLATED)
_08987_/A1                              0.750000    1.089735   -0.339735 (VIOLATED)
_08988_/B                               0.750000    1.089735   -0.339735 (VIOLATED)
_09130_/B                               0.750000    1.089734   -0.339734 (VIOLATED)
_09131_/B                               0.750000    1.089734   -0.339734 (VIOLATED)
_09132_/A1                              0.750000    1.089734   -0.339734 (VIOLATED)
_09129_/A                               0.750000    1.089732   -0.339732 (VIOLATED)
_09456_/A                               0.750000    1.089728   -0.339728 (VIOLATED)
_09599_/A                               0.750000    1.089724   -0.339724 (VIOLATED)
_09740_/A                               0.750000    1.089719   -0.339719 (VIOLATED)
_09844_/A                               0.750000    1.089715   -0.339715 (VIOLATED)
_09936_/A                               0.750000    1.089714   -0.339714 (VIOLATED)
_10012_/A1                              0.750000    1.089712   -0.339712 (VIOLATED)
x0[6]                                   0.750000    1.089690   -0.339691 (VIOLATED)
_07533_/B                               0.750000    1.078246   -0.328246 (VIOLATED)
_10922_/B                               0.750000    1.078245   -0.328245 (VIOLATED)
_10608_/A                               0.750000    1.078237   -0.328237 (VIOLATED)
_10909_/A1                              0.750000    1.078237   -0.328237 (VIOLATED)
_10609_/B                               0.750000    1.078235   -0.328235 (VIOLATED)
_10610_/A1                              0.750000    1.078235   -0.328235 (VIOLATED)
_10480_/B                               0.750000    1.078227   -0.328227 (VIOLATED)
_10481_/A1                              0.750000    1.078226   -0.328226 (VIOLATED)
_10317_/B                               0.750000    1.078207   -0.328207 (VIOLATED)
_10318_/B2                              0.750000    1.078207   -0.328207 (VIOLATED)
_10322_/B                               0.750000    1.078165   -0.328165 (VIOLATED)
_10324_/A1                              0.750000    1.078164   -0.328164 (VIOLATED)
_10281_/B                               0.750000    1.078149   -0.328149 (VIOLATED)
_10283_/A1                              0.750000    1.078146   -0.328146 (VIOLATED)
_10243_/B                               0.750000    1.078122   -0.328122 (VIOLATED)
_10241_/A1                              0.750000    1.078115   -0.328115 (VIOLATED)
_07532_/B                               0.750000    1.078084   -0.328084 (VIOLATED)
_07223_/B                               0.750000    1.078076   -0.328076 (VIOLATED)
_07224_/A1                              0.750000    1.078076   -0.328076 (VIOLATED)
_07520_/A1                              0.750000    1.078071   -0.328071 (VIOLATED)
_07222_/A                               0.750000    1.078070   -0.328070 (VIOLATED)
_07094_/B                               0.750000    1.078068   -0.328068 (VIOLATED)
_07095_/A1                              0.750000    1.078068   -0.328068 (VIOLATED)
_06942_/B2                              0.750000    1.078050   -0.328050 (VIOLATED)
_06941_/B                               0.750000    1.078050   -0.328050 (VIOLATED)
_06934_/B                               0.750000    1.078010   -0.328010 (VIOLATED)
_06936_/A1                              0.750000    1.078008   -0.328008 (VIOLATED)
_06901_/C                               0.750000    1.077983   -0.327983 (VIOLATED)
_06902_/A2                              0.750000    1.077971   -0.327971 (VIOLATED)
_06863_/D                               0.750000    1.077930   -0.327930 (VIOLATED)
_06862_/B1                              0.750000    1.077916   -0.327916 (VIOLATED)
_11954_/A1                              0.750000    1.077449   -0.327449 (VIOLATED)
_11956_/B                               0.750000    1.077449   -0.327449 (VIOLATED)
_12628_/B                               0.750000    1.077361   -0.327361 (VIOLATED)
_11996_/A1                              0.750000    1.077360   -0.327360 (VIOLATED)
_12319_/A                               0.750000    1.077359   -0.327359 (VIOLATED)
_12320_/B                               0.750000    1.077358   -0.327358 (VIOLATED)
_12615_/A1                              0.750000    1.077358   -0.327358 (VIOLATED)
_12321_/A1                              0.750000    1.077358   -0.327358 (VIOLATED)
_11994_/B                               0.750000    1.077354   -0.327354 (VIOLATED)
_12191_/B                               0.750000    1.077354   -0.327354 (VIOLATED)
_12192_/A1                              0.750000    1.077354   -0.327354 (VIOLATED)
_12031_/B2                              0.750000    1.077347   -0.327347 (VIOLATED)
_12030_/B                               0.750000    1.077346   -0.327346 (VIOLATED)
_12037_/A1                              0.750000    1.077328   -0.327328 (VIOLATED)
_12035_/B                               0.750000    1.077327   -0.327327 (VIOLATED)
_09225_/B                               0.750000    1.077167   -0.327167 (VIOLATED)
_09226_/A2                              0.750000    1.077167   -0.327167 (VIOLATED)
_08916_/A                               0.750000    1.077167   -0.327167 (VIOLATED)
_09212_/A1                              0.750000    1.077166   -0.327167 (VIOLATED)
_08917_/B                               0.750000    1.077165   -0.327166 (VIOLATED)
_08918_/A1                              0.750000    1.077165   -0.327165 (VIOLATED)
_08788_/B                               0.750000    1.077164   -0.327164 (VIOLATED)
_08789_/A1                              0.750000    1.077164   -0.327164 (VIOLATED)
_08556_/A1                              0.750000    1.077164   -0.327164 (VIOLATED)
_08558_/B                               0.750000    1.077164   -0.327164 (VIOLATED)
_08593_/B                               0.750000    1.077163   -0.327163 (VIOLATED)
_08595_/A1                              0.750000    1.077163   -0.327163 (VIOLATED)
_08629_/B                               0.750000    1.077161   -0.327161 (VIOLATED)
_08630_/B2                              0.750000    1.077161   -0.327161 (VIOLATED)
_08636_/A1                              0.750000    1.077155   -0.327155 (VIOLATED)
_08634_/B                               0.750000    1.077155   -0.327155 (VIOLATED)
x1[1]                                   0.750000    1.077138   -0.327138 (VIOLATED)
_08909_/A1                              0.750000    1.056461   -0.306461 (VIOLATED)
_08910_/A                               0.750000    1.056461   -0.306461 (VIOLATED)
_09043_/A1                              0.750000    1.056454   -0.306454 (VIOLATED)
_09041_/A                               0.750000    1.056445   -0.306445 (VIOLATED)
_09369_/C                               0.750000    1.056431   -0.306431 (VIOLATED)
_09370_/A1_N                            0.750000    1.056430   -0.306430 (VIOLATED)
_09520_/D                               0.750000    1.056408   -0.306408 (VIOLATED)
_09521_/A1_N                            0.750000    1.056406   -0.306406 (VIOLATED)
_09658_/C                               0.750000    1.056384   -0.306384 (VIOLATED)
_09660_/A1_N                            0.750000    1.056383   -0.306383 (VIOLATED)
_10063_/A1                              0.750000    1.056333   -0.306333 (VIOLATED)
_09906_/C                               0.750000    1.056333   -0.306333 (VIOLATED)
_09907_/A1_N                            0.750000    1.056333   -0.306333 (VIOLATED)
_09780_/A1_N                            0.750000    1.056327   -0.306327 (VIOLATED)
_09779_/C                               0.750000    1.056322   -0.306323 (VIOLATED)
_12312_/A1                              0.750000    1.056263   -0.306263 (VIOLATED)
_12313_/A                               0.750000    1.056263   -0.306263 (VIOLATED)
_12445_/A1                              0.750000    1.056260   -0.306260 (VIOLATED)
_12443_/A                               0.750000    1.056250   -0.306250 (VIOLATED)
_12775_/C                               0.750000    1.056222   -0.306222 (VIOLATED)
_12776_/A1_N                            0.750000    1.056219   -0.306219 (VIOLATED)
_12923_/D                               0.750000    1.056202   -0.306202 (VIOLATED)
_12924_/A1_N                            0.750000    1.056201   -0.306201 (VIOLATED)
_13063_/A1_N                            0.750000    1.056181   -0.306181 (VIOLATED)
_13061_/C                               0.750000    1.056179   -0.306179 (VIOLATED)
_13318_/C                               0.750000    1.056138   -0.306138 (VIOLATED)
_13319_/A1_N                            0.750000    1.056130   -0.306130 (VIOLATED)
_13186_/A1_N                            0.750000    1.056127   -0.306127 (VIOLATED)
_13185_/C                               0.750000    1.056126   -0.306126 (VIOLATED)
_13482_/A1                              0.750000    1.056118   -0.306118 (VIOLATED)
_07215_/A2                              0.750000    1.055735   -0.305735 (VIOLATED)
_07216_/B                               0.750000    1.055735   -0.305735 (VIOLATED)
_07348_/D                               0.750000    1.055733   -0.305733 (VIOLATED)
_07349_/B1                              0.750000    1.055733   -0.305733 (VIOLATED)
_07513_/A2_N                            0.750000    1.055722   -0.305722 (VIOLATED)
_07512_/C                               0.750000    1.055719   -0.305719 (VIOLATED)
_07682_/A2_N                            0.750000    1.055716   -0.305716 (VIOLATED)
_07681_/C                               0.750000    1.055715   -0.305715 (VIOLATED)
_07831_/A2_N                            0.750000    1.055707   -0.305707 (VIOLATED)
_07830_/B                               0.750000    1.055705   -0.305705 (VIOLATED)
_07967_/A2_N                            0.750000    1.055679   -0.305680 (VIOLATED)
_07966_/C                               0.750000    1.055678   -0.305678 (VIOLATED)
_08086_/C                               0.750000    1.055669   -0.305669 (VIOLATED)
_08087_/A2_N                            0.750000    1.055668   -0.305668 (VIOLATED)
_08379_/A1                              0.750000    1.055653   -0.305653 (VIOLATED)
_08219_/A1_N                            0.750000    1.055619   -0.305619 (VIOLATED)
_08218_/B                               0.750000    1.055619   -0.305619 (VIOLATED)
_10601_/A1                              0.750000    1.055479   -0.305479 (VIOLATED)
_10602_/A                               0.750000    1.055479   -0.305479 (VIOLATED)
_10737_/A1                              0.750000    1.055478   -0.305478 (VIOLATED)
_10735_/A                               0.750000    1.055477   -0.305477 (VIOLATED)
_11069_/C                               0.750000    1.055473   -0.305473 (VIOLATED)
_11070_/A1_N                            0.750000    1.055473   -0.305473 (VIOLATED)
_11215_/D                               0.750000    1.055468   -0.305468 (VIOLATED)
_11216_/A1_N                            0.750000    1.055468   -0.305468 (VIOLATED)
_11350_/A1_N                            0.750000    1.055462   -0.305462 (VIOLATED)
_11348_/C                               0.750000    1.055462   -0.305462 (VIOLATED)
_11475_/A1_N                            0.750000    1.055454   -0.305455 (VIOLATED)
_11474_/C                               0.750000    1.055453   -0.305453 (VIOLATED)
_11772_/A1                              0.750000    1.055447   -0.305447 (VIOLATED)
_11604_/A1_N                            0.750000    1.055442   -0.305442 (VIOLATED)
_11603_/C                               0.750000    1.055441   -0.305441 (VIOLATED)
x1[6]                                   0.750000    1.055438   -0.305438 (VIOLATED)
_10251_/A                               0.750000    1.042372   -0.292372 (VIOLATED)
_10402_/A1                              0.750000    1.042372   -0.292372 (VIOLATED)
_10394_/A                               0.750000    1.042369   -0.292369 (VIOLATED)
_10388_/A                               0.750000    1.042364   -0.292364 (VIOLATED)
_10547_/A                               0.750000    1.042361   -0.292361 (VIOLATED)
_10690_/A                               0.750000    1.042346   -0.292346 (VIOLATED)
_10839_/A                               0.750000    1.042335   -0.292335 (VIOLATED)
_10840_/B2                              0.750000    1.042332   -0.292332 (VIOLATED)
_06871_/B                               0.750000    1.042315   -0.292315 (VIOLATED)
_07019_/A2                              0.750000    1.042314   -0.292314 (VIOLATED)
_07011_/B                               0.750000    1.042312   -0.292312 (VIOLATED)
_11964_/A                               0.750000    1.042311   -0.292311 (VIOLATED)
_12114_/A1                              0.750000    1.042310   -0.292310 (VIOLATED)
_12106_/A                               0.750000    1.042308   -0.292308 (VIOLATED)
_12100_/A                               0.750000    1.042302   -0.292302 (VIOLATED)
_12258_/A                               0.750000    1.042296   -0.292296 (VIOLATED)
_11013_/A                               0.750000    1.042292   -0.292292 (VIOLATED)
_07005_/B                               0.750000    1.042292   -0.292292 (VIOLATED)
_07160_/A                               0.750000    1.042284   -0.292284 (VIOLATED)
_12399_/A                               0.750000    1.042273   -0.292273 (VIOLATED)
_07304_/A                               0.750000    1.042269   -0.292269 (VIOLATED)
_11165_/A                               0.750000    1.042257   -0.292257 (VIOLATED)
_11428_/B2                              0.750000    1.042256   -0.292256 (VIOLATED)
_07449_/A                               0.750000    1.042246   -0.292246 (VIOLATED)
_12546_/A                               0.750000    1.042245   -0.292245 (VIOLATED)
_12547_/B2                              0.750000    1.042245   -0.292245 (VIOLATED)
_07450_/B2                              0.750000    1.042241   -0.292241 (VIOLATED)
_07779_/A                               0.750000    1.042164   -0.292165 (VIOLATED)
_07780_/C                               0.750000    1.042164   -0.292164 (VIOLATED)
_07625_/A                               0.750000    1.042164   -0.292164 (VIOLATED)
_12719_/A                               0.750000    1.042135   -0.292135 (VIOLATED)
_12873_/A                               0.750000    1.042099   -0.292099 (VIOLATED)
_12872_/A                               0.750000    1.042098   -0.292098 (VIOLATED)
_08563_/A                               0.750000    1.041916   -0.291916 (VIOLATED)
_08713_/A1                              0.750000    1.041915   -0.291915 (VIOLATED)
_08705_/A                               0.750000    1.041914   -0.291914 (VIOLATED)
_08699_/A                               0.750000    1.041912   -0.291912 (VIOLATED)
_08854_/A                               0.750000    1.041910   -0.291910 (VIOLATED)
_08997_/A                               0.750000    1.041906   -0.291907 (VIOLATED)
_09144_/A                               0.750000    1.041901   -0.291901 (VIOLATED)
_09145_/B2                              0.750000    1.041899   -0.291899 (VIOLATED)
_07782_/B1                              0.750000    1.041878   -0.291878 (VIOLATED)
_09315_/A                               0.750000    1.041878   -0.291878 (VIOLATED)
_09469_/A                               0.750000    1.041866   -0.291866 (VIOLATED)
_09470_/A                               0.750000    1.041865   -0.291865 (VIOLATED)
x0[2]                                   0.750000    1.041781   -0.291781 (VIOLATED)
_10074_/A                               0.750000    0.952944   -0.202944 (VIOLATED)
_10076_/A                               0.750000    0.952944   -0.202944 (VIOLATED)
_10077_/A                               0.750000    0.952944   -0.202944 (VIOLATED)
_10142_/A                               0.750000    0.952944   -0.202944 (VIOLATED)
_09918_/A                               0.750000    0.952943   -0.202943 (VIOLATED)
_09795_/A                               0.750000    0.952942   -0.202942 (VIOLATED)
_09796_/A                               0.750000    0.952942   -0.202942 (VIOLATED)
_09671_/A                               0.750000    0.952940   -0.202940 (VIOLATED)
_09672_/A                               0.750000    0.952940   -0.202940 (VIOLATED)
_09382_/Y                               0.750000    0.952938   -0.202938 (VIOLATED)
_09383_/B                               0.750000    0.952938   -0.202938 (VIOLATED)
_09529_/A2                              0.750000    0.952938   -0.202938 (VIOLATED)
_09534_/A                               0.750000    0.952938   -0.202938 (VIOLATED)
_09535_/A                               0.750000    0.952938   -0.202938 (VIOLATED)
_11743_/A1                              0.750000    0.923985   -0.173985 (VIOLATED)
_11669_/A                               0.750000    0.923985   -0.173985 (VIOLATED)
_11513_/A                               0.750000    0.923983   -0.173983 (VIOLATED)
_10948_/A                               0.750000    0.923979   -0.173979 (VIOLATED)
_11103_/A                               0.750000    0.923975   -0.173975 (VIOLATED)
_11382_/A                               0.750000    0.923971   -0.173971 (VIOLATED)
_11246_/A                               0.750000    0.923968   -0.173968 (VIOLATED)
_11245_/A1                              0.750000    0.923966   -0.173966 (VIOLATED)
_08282_/B                               0.750000    0.923863   -0.173863 (VIOLATED)
_08350_/A1                              0.750000    0.923863   -0.173863 (VIOLATED)
_08283_/A2                              0.750000    0.923863   -0.173863 (VIOLATED)
_08126_/B                               0.750000    0.923858   -0.173858 (VIOLATED)
_07998_/B                               0.750000    0.923842   -0.173842 (VIOLATED)
_07862_/B                               0.750000    0.923832   -0.173832 (VIOLATED)
_07861_/A2                              0.750000    0.923829   -0.173829 (VIOLATED)
_07558_/B                               0.750000    0.923819   -0.173819 (VIOLATED)
_07716_/B                               0.750000    0.923817   -0.173817 (VIOLATED)
_07628_/A1                              0.750000    0.923698   -0.173698 (VIOLATED)
_13384_/A                               0.750000    0.923625   -0.173625 (VIOLATED)
_13456_/A1                              0.750000    0.923625   -0.173625 (VIOLATED)
_13225_/A                               0.750000    0.923623   -0.173623 (VIOLATED)
_13096_/A                               0.750000    0.923619   -0.173619 (VIOLATED)
_13095_/A1                              0.750000    0.923618   -0.173618 (VIOLATED)
_12954_/A                               0.750000    0.923588   -0.173588 (VIOLATED)
_12654_/A                               0.750000    0.923567   -0.173567 (VIOLATED)
_12809_/A                               0.750000    0.923567   -0.173567 (VIOLATED)
_06820_/Y                               0.750000    0.923491   -0.173491 (VIOLATED)
_09250_/A                               0.750000    0.923491   -0.173491 (VIOLATED)
_09403_/A                               0.750000    0.923491   -0.173491 (VIOLATED)
_09553_/A                               0.750000    0.923491   -0.173491 (VIOLATED)
_09690_/A                               0.750000    0.923491   -0.173491 (VIOLATED)
_09816_/A                               0.750000    0.923491   -0.173491 (VIOLATED)
_09967_/A                               0.750000    0.923491   -0.173491 (VIOLATED)
_10037_/A1                              0.750000    0.923491   -0.173491 (VIOLATED)
_13564_/A                               0.750000    0.900686   -0.150686 (VIOLATED)
_13606_/A1                              0.750000    0.900686   -0.150686 (VIOLATED)
_13567_/A1                              0.750000    0.900685   -0.150685 (VIOLATED)
_13494_/A                               0.750000    0.900685   -0.150685 (VIOLATED)
_13333_/A_N                             0.750000    0.900684   -0.150684 (VIOLATED)
_13334_/A                               0.750000    0.900683   -0.150683 (VIOLATED)
_13204_/A_N                             0.750000    0.900681   -0.150681 (VIOLATED)
_13205_/A                               0.750000    0.900680   -0.150680 (VIOLATED)
_13076_/A_N                             0.750000    0.900676   -0.150676 (VIOLATED)
_13077_/A                               0.750000    0.900676   -0.150676 (VIOLATED)
_13071_/A1                              0.750000    0.900673   -0.150673 (VIOLATED)
_12933_/Y                               0.750000    0.900672   -0.150672 (VIOLATED)
_12937_/A                               0.750000    0.900672   -0.150672 (VIOLATED)
_08458_/A                               0.750000    0.895539   -0.145539 (VIOLATED)
_08506_/A1                              0.750000    0.895540   -0.145540 (VIOLATED)
_08391_/A                               0.750000    0.895539   -0.145539 (VIOLATED)
_08461_/A1                              0.750000    0.895539   -0.145539 (VIOLATED)
_08231_/A_N                             0.750000    0.895538   -0.145538 (VIOLATED)
_08232_/A                               0.750000    0.895537   -0.145537 (VIOLATED)
_08106_/A                               0.750000    0.895535   -0.145535 (VIOLATED)
_08107_/A                               0.750000    0.895535   -0.145535 (VIOLATED)
_07979_/A_N                             0.750000    0.895532   -0.145532 (VIOLATED)
_07980_/A                               0.750000    0.895532   -0.145532 (VIOLATED)
_07841_/Y                               0.750000    0.895529   -0.145529 (VIOLATED)
_07845_/A                               0.750000    0.895529   -0.145529 (VIOLATED)
_07974_/A1                              0.750000    0.895529   -0.145529 (VIOLATED)
_11851_/A                               0.750000    0.867561   -0.117561 (VIOLATED)
_11893_/A1                              0.750000    0.867561   -0.117561 (VIOLATED)
_11785_/A                               0.750000    0.867560   -0.117560 (VIOLATED)
_11854_/A1                              0.750000    0.867560   -0.117560 (VIOLATED)
_11616_/A_N                             0.750000    0.867559   -0.117559 (VIOLATED)
_11617_/A                               0.750000    0.867559   -0.117559 (VIOLATED)
_11493_/A                               0.750000    0.867558   -0.117558 (VIOLATED)
_11494_/A                               0.750000    0.867557   -0.117557 (VIOLATED)
_11363_/A_N                             0.750000    0.867554   -0.117554 (VIOLATED)
_11364_/A                               0.750000    0.867553   -0.117553 (VIOLATED)
_11358_/A1                              0.750000    0.867552   -0.117552 (VIOLATED)
_11225_/Y                               0.750000    0.867550   -0.117550 (VIOLATED)
_11229_/A                               0.750000    0.867550   -0.117550 (VIOLATED)
_10828_/A1                              0.750000    0.841207   -0.091207 (VIOLATED)
_10989_/A1                              0.750000    0.841207   -0.091207 (VIOLATED)
_07438_/A2                              0.750000    0.841206   -0.091206 (VIOLATED)
_07600_/A2                              0.750000    0.841206   -0.091206 (VIOLATED)
_12535_/A1                              0.750000    0.841206   -0.091206 (VIOLATED)
_12695_/A1                              0.750000    0.841206   -0.091206 (VIOLATED)
_12706_/B                               0.750000    0.841205   -0.091205 (VIOLATED)
_07611_/B                               0.750000    0.841205   -0.091205 (VIOLATED)
_11000_/B                               0.750000    0.841203   -0.091203 (VIOLATED)
_11153_/B                               0.750000    0.841197   -0.091197 (VIOLATED)
_07462_/B                               0.750000    0.841193   -0.091193 (VIOLATED)
_07463_/B                               0.750000    0.841192   -0.091192 (VIOLATED)
_11291_/B                               0.750000    0.841191   -0.091191 (VIOLATED)
_11434_/B                               0.750000    0.841184   -0.091185 (VIOLATED)
_07767_/B                               0.750000    0.841184   -0.091184 (VIOLATED)
_11545_/D                               0.750000    0.841178   -0.091178 (VIOLATED)
_12860_/B                               0.750000    0.841177   -0.091177 (VIOLATED)
_11715_/A0                              0.750000    0.841176   -0.091176 (VIOLATED)
_11639_/D                               0.750000    0.841173   -0.091173 (VIOLATED)
_13001_/B                               0.750000    0.841160   -0.091160 (VIOLATED)
_07908_/B                               0.750000    0.841160   -0.091160 (VIOLATED)
_08049_/B                               0.750000    0.841141   -0.091141 (VIOLATED)
_13148_/B                               0.750000    0.841139   -0.091139 (VIOLATED)
_08328_/A0                              0.750000    0.841122   -0.091122 (VIOLATED)
_08253_/C                               0.750000    0.841118   -0.091119 (VIOLATED)
_08155_/D                               0.750000    0.841118   -0.091118 (VIOLATED)
_13256_/B                               0.750000    0.841118   -0.091118 (VIOLATED)
_13355_/D                               0.750000    0.841107   -0.091107 (VIOLATED)
_13431_/A0                              0.750000    0.841101   -0.091101 (VIOLATED)
_09133_/A1                              0.750000    0.841046   -0.091046 (VIOLATED)
_09291_/A1                              0.750000    0.841046   -0.091046 (VIOLATED)
_09302_/B                               0.750000    0.841046   -0.091046 (VIOLATED)
_09457_/B                               0.750000    0.841044   -0.091044 (VIOLATED)
_09600_/B                               0.750000    0.841042   -0.091042 (VIOLATED)
_09741_/B                               0.750000    0.841038   -0.091038 (VIOLATED)
_09845_/B                               0.750000    0.841031   -0.091031 (VIOLATED)
_09937_/B                               0.750000    0.841029   -0.091029 (VIOLATED)
_06819_/A                               0.750000    0.841027   -0.091027 (VIOLATED)
x0[7]                                   0.750000    0.841011   -0.091011 (VIOLATED)
_09045_/A                               0.750000    0.813706   -0.063706 (VIOLATED)
_09206_/A1                              0.750000    0.813700   -0.063700 (VIOLATED)
_09205_/A                               0.750000    0.813700   -0.063700 (VIOLATED)
_09204_/A                               0.750000    0.813699   -0.063699 (VIOLATED)
_09370_/B2                              0.750000    0.813693   -0.063693 (VIOLATED)
_09521_/B2                              0.750000    0.813680   -0.063680 (VIOLATED)
_09660_/B2                              0.750000    0.813669   -0.063669 (VIOLATED)
_09907_/B2                              0.750000    0.813644   -0.063644 (VIOLATED)
_09780_/B2                              0.750000    0.813641   -0.063641 (VIOLATED)
_12447_/A                               0.750000    0.813611   -0.063611 (VIOLATED)
_12609_/A1                              0.750000    0.813608   -0.063609 (VIOLATED)
_12607_/A                               0.750000    0.813608   -0.063608 (VIOLATED)
_12608_/A                               0.750000    0.813607   -0.063607 (VIOLATED)
_12776_/B2                              0.750000    0.813595   -0.063595 (VIOLATED)
_12924_/B2                              0.750000    0.813587   -0.063587 (VIOLATED)
_13063_/B2                              0.750000    0.813577   -0.063577 (VIOLATED)
_13319_/B2                              0.750000    0.813560   -0.063560 (VIOLATED)
_13186_/B2                              0.750000    0.813550   -0.063550 (VIOLATED)
_10739_/A                               0.750000    0.813423   -0.063423 (VIOLATED)
_10902_/A                               0.750000    0.813423   -0.063423 (VIOLATED)
_10901_/A                               0.750000    0.813422   -0.063422 (VIOLATED)
_10903_/A1                              0.750000    0.813422   -0.063422 (VIOLATED)
_11070_/B2                              0.750000    0.813421   -0.063421 (VIOLATED)
_11216_/B2                              0.750000    0.813417   -0.063417 (VIOLATED)
_07351_/B                               0.750000    0.813417   -0.063417 (VIOLATED)
_07513_/B1                              0.750000    0.813416   -0.063416 (VIOLATED)
_07682_/B1                              0.750000    0.813415   -0.063415 (VIOLATED)
_07831_/B1                              0.750000    0.813414   -0.063414 (VIOLATED)
_11350_/B2                              0.750000    0.813414   -0.063414 (VIOLATED)
_11604_/B2                              0.750000    0.813412   -0.063412 (VIOLATED)
_11475_/B2                              0.750000    0.813412   -0.063412 (VIOLATED)
_07967_/B1                              0.750000    0.813411   -0.063411 (VIOLATED)
_08087_/B1                              0.750000    0.813410   -0.063410 (VIOLATED)
_06818_/Y                               0.750000    0.813407   -0.063407 (VIOLATED)
_08219_/B1                              0.750000    0.813407   -0.063407 (VIOLATED)

max fanout

Pin                                   Limit Fanout  Slack
---------------------------------------------------------
x0[0]                                    10     71    -61 (VIOLATED)
x3[1]                                    10     71    -61 (VIOLATED)
x2[5]                                    10     70    -60 (VIOLATED)
x3[4]                                    10     69    -59 (VIOLATED)
clk                                      10     68    -58 (VIOLATED)
rst_n                                    10     68    -58 (VIOLATED)
x0[3]                                    10     68    -58 (VIOLATED)
x1[3]                                    10     68    -58 (VIOLATED)
x1[0]                                    10     67    -57 (VIOLATED)
x0[5]                                    10     66    -56 (VIOLATED)
x0[4]                                    10     64    -54 (VIOLATED)
x3[0]                                    10     64    -54 (VIOLATED)
x3[2]                                    10     64    -54 (VIOLATED)
x3[5]                                    10     64    -54 (VIOLATED)
x0[1]                                    10     63    -53 (VIOLATED)
x2[1]                                    10     63    -53 (VIOLATED)
x2[2]                                    10     63    -53 (VIOLATED)
x1[1]                                    10     62    -52 (VIOLATED)
x1[6]                                    10     62    -52 (VIOLATED)
x2[6]                                    10     62    -52 (VIOLATED)
x1[2]                                    10     60    -50 (VIOLATED)
x1[4]                                    10     60    -50 (VIOLATED)
x2[4]                                    10     60    -50 (VIOLATED)
x2[3]                                    10     59    -49 (VIOLATED)
x1[5]                                    10     58    -48 (VIOLATED)
x3[6]                                    10     56    -46 (VIOLATED)
x2[0]                                    10     55    -45 (VIOLATED)
x3[3]                                    10     54    -44 (VIOLATED)
x0[6]                                    10     53    -43 (VIOLATED)
x0[2]                                    10     45    -35 (VIOLATED)
x3[7]                                    10     44    -34 (VIOLATED)
x0[7]                                    10     38    -28 (VIOLATED)
_06818_/Y                                10     34    -24 (VIOLATED)
_06820_/Y                                10     33    -23 (VIOLATED)
x1[7]                                    10     28    -18 (VIOLATED)
w02[7]                                   10     21    -11 (VIOLATED)
w12[7]                                   10     20    -10 (VIOLATED)
w22[7]                                   10     20    -10 (VIOLATED)
w11[4]                                   10     17     -7 (VIOLATED)
w11[6]                                   10     17     -7 (VIOLATED)
w12[6]                                   10     17     -7 (VIOLATED)
w13[4]                                   10     17     -7 (VIOLATED)
w31[6]                                   10     17     -7 (VIOLATED)
w32[4]                                   10     17     -7 (VIOLATED)
w33[6]                                   10     17     -7 (VIOLATED)
w01[3]                                   10     16     -6 (VIOLATED)
w01[4]                                   10     16     -6 (VIOLATED)
w01[5]                                   10     16     -6 (VIOLATED)
w01[6]                                   10     16     -6 (VIOLATED)
w02[4]                                   10     16     -6 (VIOLATED)
w03[4]                                   10     16     -6 (VIOLATED)
w11[3]                                   10     16     -6 (VIOLATED)
w11[5]                                   10     16     -6 (VIOLATED)
w13[5]                                   10     16     -6 (VIOLATED)
w20[1]                                   10     16     -6 (VIOLATED)
w21[3]                                   10     16     -6 (VIOLATED)
w21[4]                                   10     16     -6 (VIOLATED)
w21[5]                                   10     16     -6 (VIOLATED)
w21[6]                                   10     16     -6 (VIOLATED)
w22[3]                                   10     16     -6 (VIOLATED)
w31[2]                                   10     16     -6 (VIOLATED)
w31[3]                                   10     16     -6 (VIOLATED)
w31[4]                                   10     16     -6 (VIOLATED)
w31[5]                                   10     16     -6 (VIOLATED)
w32[3]                                   10     16     -6 (VIOLATED)
w32[6]                                   10     16     -6 (VIOLATED)
w33[1]                                   10     16     -6 (VIOLATED)
w33[5]                                   10     16     -6 (VIOLATED)
_06819_/Y                                10     16     -6 (VIOLATED)
w00[0]                                   10     15     -5 (VIOLATED)
w00[1]                                   10     15     -5 (VIOLATED)
w00[5]                                   10     15     -5 (VIOLATED)
w00[7]                                   10     15     -5 (VIOLATED)
w01[1]                                   10     15     -5 (VIOLATED)
w01[7]                                   10     15     -5 (VIOLATED)
w02[2]                                   10     15     -5 (VIOLATED)
w02[3]                                   10     15     -5 (VIOLATED)
w03[1]                                   10     15     -5 (VIOLATED)
w03[2]                                   10     15     -5 (VIOLATED)
w03[6]                                   10     15     -5 (VIOLATED)
w03[7]                                   10     15     -5 (VIOLATED)
w10[0]                                   10     15     -5 (VIOLATED)
w10[1]                                   10     15     -5 (VIOLATED)
w10[5]                                   10     15     -5 (VIOLATED)
w11[1]                                   10     15     -5 (VIOLATED)
w12[2]                                   10     15     -5 (VIOLATED)
w13[1]                                   10     15     -5 (VIOLATED)
w13[2]                                   10     15     -5 (VIOLATED)
w20[0]                                   10     15     -5 (VIOLATED)
w20[2]                                   10     15     -5 (VIOLATED)
w20[5]                                   10     15     -5 (VIOLATED)
w20[7]                                   10     15     -5 (VIOLATED)
w21[1]                                   10     15     -5 (VIOLATED)
w21[7]                                   10     15     -5 (VIOLATED)
w22[2]                                   10     15     -5 (VIOLATED)
w22[4]                                   10     15     -5 (VIOLATED)
w22[6]                                   10     15     -5 (VIOLATED)
w23[1]                                   10     15     -5 (VIOLATED)
w23[2]                                   10     15     -5 (VIOLATED)
w23[4]                                   10     15     -5 (VIOLATED)
w23[5]                                   10     15     -5 (VIOLATED)
w23[6]                                   10     15     -5 (VIOLATED)
w23[7]                                   10     15     -5 (VIOLATED)
w30[1]                                   10     15     -5 (VIOLATED)
w30[5]                                   10     15     -5 (VIOLATED)
w31[1]                                   10     15     -5 (VIOLATED)
w32[7]                                   10     15     -5 (VIOLATED)
w33[2]                                   10     15     -5 (VIOLATED)
w33[4]                                   10     15     -5 (VIOLATED)
w33[7]                                   10     15     -5 (VIOLATED)
w00[2]                                   10     14     -4 (VIOLATED)
w01[2]                                   10     14     -4 (VIOLATED)
w02[0]                                   10     14     -4 (VIOLATED)
w02[6]                                   10     14     -4 (VIOLATED)
w03[0]                                   10     14     -4 (VIOLATED)
w03[3]                                   10     14     -4 (VIOLATED)
w03[5]                                   10     14     -4 (VIOLATED)
w10[2]                                   10     14     -4 (VIOLATED)
w11[0]                                   10     14     -4 (VIOLATED)
w11[2]                                   10     14     -4 (VIOLATED)
w11[7]                                   10     14     -4 (VIOLATED)
w12[0]                                   10     14     -4 (VIOLATED)
w12[3]                                   10     14     -4 (VIOLATED)
w12[4]                                   10     14     -4 (VIOLATED)
w13[0]                                   10     14     -4 (VIOLATED)
w13[3]                                   10     14     -4 (VIOLATED)
w13[7]                                   10     14     -4 (VIOLATED)
w20[3]                                   10     14     -4 (VIOLATED)
w20[4]                                   10     14     -4 (VIOLATED)
w20[6]                                   10     14     -4 (VIOLATED)
w21[2]                                   10     14     -4 (VIOLATED)
w23[0]                                   10     14     -4 (VIOLATED)
w30[0]                                   10     14     -4 (VIOLATED)
w30[2]                                   10     14     -4 (VIOLATED)
w30[6]                                   10     14     -4 (VIOLATED)
w31[7]                                   10     14     -4 (VIOLATED)
w32[2]                                   10     14     -4 (VIOLATED)
w32[5]                                   10     14     -4 (VIOLATED)
w33[0]                                   10     14     -4 (VIOLATED)
w33[3]                                   10     14     -4 (VIOLATED)
_07695_/X                                10     14     -4 (VIOLATED)
_11082_/X                                10     14     -4 (VIOLATED)
_12788_/X                                10     14     -4 (VIOLATED)
w00[3]                                   10     13     -3 (VIOLATED)
w00[4]                                   10     13     -3 (VIOLATED)
w00[6]                                   10     13     -3 (VIOLATED)
w01[0]                                   10     13     -3 (VIOLATED)
w02[1]                                   10     13     -3 (VIOLATED)
w10[3]                                   10     13     -3 (VIOLATED)
w10[4]                                   10     13     -3 (VIOLATED)
w10[6]                                   10     13     -3 (VIOLATED)
w10[7]                                   10     13     -3 (VIOLATED)
w12[1]                                   10     13     -3 (VIOLATED)
w12[5]                                   10     13     -3 (VIOLATED)
w13[6]                                   10     13     -3 (VIOLATED)
w21[0]                                   10     13     -3 (VIOLATED)
w22[0]                                   10     13     -3 (VIOLATED)
w23[3]                                   10     13     -3 (VIOLATED)
w30[3]                                   10     13     -3 (VIOLATED)
w30[4]                                   10     13     -3 (VIOLATED)
w30[7]                                   10     13     -3 (VIOLATED)
w31[0]                                   10     13     -3 (VIOLATED)
_09382_/Y                                10     13     -3 (VIOLATED)
w02[5]                                   10     12     -2 (VIOLATED)
w22[1]                                   10     12     -2 (VIOLATED)
w22[5]                                   10     12     -2 (VIOLATED)
w32[1]                                   10     12     -2 (VIOLATED)
_07841_/Y                                10     12     -2 (VIOLATED)
_09096_/Y                                10     12     -2 (VIOLATED)
_11225_/Y                                10     12     -2 (VIOLATED)
_12933_/Y                                10     12     -2 (VIOLATED)
_06821_/Y                                10     11        (VIOLATED)
_12498_/Y                                10     11        (VIOLATED)

max capacitance

Pin                                        Limit         Cap       Slack
------------------------------------------------------------------------
rst_n                                   0.200000    0.365298   -0.165298 (VIOLATED)
x1[5]                                   0.200000    0.316312   -0.116312 (VIOLATED)
x2[4]                                   0.200000    0.314722   -0.114722 (VIOLATED)
x1[3]                                   0.200000    0.308434   -0.108434 (VIOLATED)
x3[4]                                   0.200000    0.304652   -0.104652 (VIOLATED)
x3[1]                                   0.200000    0.303365   -0.103365 (VIOLATED)
x3[3]                                   0.200000    0.294136   -0.094136 (VIOLATED)
x2[1]                                   0.200000    0.291846   -0.091846 (VIOLATED)
x0[5]                                   0.200000    0.291383   -0.091383 (VIOLATED)
x0[0]                                   0.200000    0.289190   -0.089190 (VIOLATED)
x2[5]                                   0.200000    0.284641   -0.084641 (VIOLATED)
x3[2]                                   0.200000    0.281714   -0.081714 (VIOLATED)
x1[4]                                   0.200000    0.280476   -0.080476 (VIOLATED)
x0[3]                                   0.200000    0.279460   -0.079460 (VIOLATED)
x3[6]                                   0.200000    0.275532   -0.075532 (VIOLATED)
x2[2]                                   0.200000    0.271131   -0.071131 (VIOLATED)
x3[5]                                   0.200000    0.266659   -0.066659 (VIOLATED)
x2[0]                                   0.200000    0.266377   -0.066377 (VIOLATED)
x3[0]                                   0.200000    0.263881   -0.063881 (VIOLATED)
x2[3]                                   0.200000    0.257923   -0.057923 (VIOLATED)
x1[2]                                   0.200000    0.256351   -0.056351 (VIOLATED)
x1[0]                                   0.200000    0.254336   -0.054336 (VIOLATED)
x0[1]                                   0.200000    0.250493   -0.050493 (VIOLATED)
x0[4]                                   0.200000    0.248072   -0.048072 (VIOLATED)
clk                                     0.200000    0.246936   -0.046936 (VIOLATED)
x2[6]                                   0.200000    0.244785   -0.044785 (VIOLATED)
x0[6]                                   0.200000    0.243648   -0.043648 (VIOLATED)
x1[1]                                   0.200000    0.241823   -0.041823 (VIOLATED)
x1[6]                                   0.200000    0.236906   -0.036906 (VIOLATED)
x0[2]                                   0.200000    0.233788   -0.033788 (VIOLATED)
_06820_/Y                               0.200000    0.206017   -0.006017 (VIOLATED)



===========================================================================
report_parasitic_annotation -report_unannotated
============================================================================
Found 0 unannotated drivers.
Found 0 partially unannotated drivers.

===========================================================================
max slew violation count 2068
Writing metric design__max_slew_violation__count__corner:nom_tt_025C_1v80: 2068
max fanout violation count 173
Writing metric design__max_fanout_violation__count__corner:nom_tt_025C_1v80: 173
max cap violation count 31
Writing metric design__max_cap_violation__count__corner:nom_tt_025C_1v80: 31
============================================================================

===========================================================================
check_setup -verbose -unconstrained_endpoints -multiple_clock -no_clock -no_input_delay -loops -generated_clocks
===========================================================================
